[0.124s] DEBUG:colcon:Command line arguments: ['/usr/bin/colcon', 'build']
[0.124s] DEBUG:colcon:Parsed command line arguments: Namespace(log_base=None, log_level=None, verb_name='build', build_base='build', install_base='install', merge_install=False, symlink_install=False, test_result_base=None, continue_on_error=False, executor='parallel', parallel_workers=20, event_handlers=None, ignore_user_meta=False, metas=['./colcon.meta'], base_paths=['.'], packages_ignore=None, packages_ignore_regex=None, paths=None, packages_up_to=None, packages_up_to_regex=None, packages_above=None, packages_above_and_dependencies=None, packages_above_depth=None, packages_select_by_dep=None, packages_skip_by_dep=None, packages_skip_up_to=None, packages_select_build_failed=False, packages_skip_build_finished=False, packages_select_test_failures=False, packages_skip_test_passed=False, packages_select=None, packages_skip=None, packages_select_regex=None, packages_skip_regex=None, packages_start=None, packages_end=None, allow_overriding=[], cmake_args=None, cmake_target=None, cmake_target_skip_unavailable=False, cmake_clean_cache=False, cmake_clean_first=False, cmake_force_configure=False, ament_cmake_args=None, catkin_cmake_args=None, catkin_skip_building_tests=False, mixin_files=None, mixin=None, verb_parser=<colcon_mixin.mixin.mixin_argument.MixinArgumentDecorator object at 0x73afa53b3a10>, verb_extension=<colcon_core.verb.build.BuildVerb object at 0x73afa62df9b0>, main=<bound method BuildVerb.main of <colcon_core.verb.build.BuildVerb object at 0x73afa62df9b0>>, mixin_verb=('build',))
[0.162s] Level 1:colcon.colcon_core.package_discovery:discover_packages(colcon_meta) check parameters
[0.162s] Level 1:colcon.colcon_core.package_discovery:discover_packages(recursive) check parameters
[0.162s] Level 1:colcon.colcon_core.package_discovery:discover_packages(ignore) check parameters
[0.162s] Level 1:colcon.colcon_core.package_discovery:discover_packages(path) check parameters
[0.162s] Level 1:colcon.colcon_core.package_discovery:discover_packages(colcon_meta) discover
[0.162s] Level 1:colcon.colcon_core.package_discovery:discover_packages(recursive) discover
[0.162s] INFO:colcon.colcon_core.package_discovery:Crawling recursively for packages in '/home/user/data/drones_ship_ws'
[0.162s] Level 1:colcon.colcon_core.package_identification:_identify(.) by extensions ['ignore', 'ignore_ament_install']
[0.162s] Level 1:colcon.colcon_core.package_identification:_identify(.) by extension 'ignore'
[0.162s] Level 1:colcon.colcon_core.package_identification:_identify(.) by extension 'ignore_ament_install'
[0.162s] Level 1:colcon.colcon_core.package_identification:_identify(.) by extensions ['colcon_pkg']
[0.162s] Level 1:colcon.colcon_core.package_identification:_identify(.) by extension 'colcon_pkg'
[0.162s] Level 1:colcon.colcon_core.package_identification:_identify(.) by extensions ['colcon_meta']
[0.162s] Level 1:colcon.colcon_core.package_identification:_identify(.) by extension 'colcon_meta'
[0.162s] Level 1:colcon.colcon_core.package_identification:_identify(.) by extensions ['ros']
[0.162s] Level 1:colcon.colcon_core.package_identification:_identify(.) by extension 'ros'
[0.187s] Level 1:colcon.colcon_core.package_identification:_identify(.) by extensions ['cmake', 'python']
[0.187s] Level 1:colcon.colcon_core.package_identification:_identify(.) by extension 'cmake'
[0.187s] Level 1:colcon.colcon_core.package_identification:_identify(.) by extension 'python'
[0.187s] Level 1:colcon.colcon_core.package_identification:_identify(.) by extensions ['python_setup_py']
[0.187s] Level 1:colcon.colcon_core.package_identification:_identify(.) by extension 'python_setup_py'
[0.187s] Level 1:colcon.colcon_core.package_identification:_identify(build) by extensions ['ignore', 'ignore_ament_install']
[0.187s] Level 1:colcon.colcon_core.package_identification:_identify(build) by extension 'ignore'
[0.187s] Level 1:colcon.colcon_core.package_identification:_identify(build) ignored
[0.188s] Level 1:colcon.colcon_core.package_identification:_identify(install) by extensions ['ignore', 'ignore_ament_install']
[0.188s] Level 1:colcon.colcon_core.package_identification:_identify(install) by extension 'ignore'
[0.188s] Level 1:colcon.colcon_core.package_identification:_identify(install) ignored
[0.188s] Level 1:colcon.colcon_core.package_identification:_identify(log) by extensions ['ignore', 'ignore_ament_install']
[0.188s] Level 1:colcon.colcon_core.package_identification:_identify(log) by extension 'ignore'
[0.188s] Level 1:colcon.colcon_core.package_identification:_identify(log) ignored
[0.188s] Level 1:colcon.colcon_core.package_identification:_identify(src) by extensions ['ignore', 'ignore_ament_install']
[0.188s] Level 1:colcon.colcon_core.package_identification:_identify(src) by extension 'ignore'
[0.188s] Level 1:colcon.colcon_core.package_identification:_identify(src) by extension 'ignore_ament_install'
[0.188s] Level 1:colcon.colcon_core.package_identification:_identify(src) by extensions ['colcon_pkg']
[0.188s] Level 1:colcon.colcon_core.package_identification:_identify(src) by extension 'colcon_pkg'
[0.188s] Level 1:colcon.colcon_core.package_identification:_identify(src) by extensions ['colcon_meta']
[0.188s] Level 1:colcon.colcon_core.package_identification:_identify(src) by extension 'colcon_meta'
[0.188s] Level 1:colcon.colcon_core.package_identification:_identify(src) by extensions ['ros']
[0.188s] Level 1:colcon.colcon_core.package_identification:_identify(src) by extension 'ros'
[0.189s] Level 1:colcon.colcon_core.package_identification:_identify(src) by extensions ['cmake', 'python']
[0.189s] Level 1:colcon.colcon_core.package_identification:_identify(src) by extension 'cmake'
[0.189s] Level 1:colcon.colcon_core.package_identification:_identify(src) by extension 'python'
[0.189s] Level 1:colcon.colcon_core.package_identification:_identify(src) by extensions ['python_setup_py']
[0.189s] Level 1:colcon.colcon_core.package_identification:_identify(src) by extension 'python_setup_py'
[0.189s] Level 1:colcon.colcon_core.package_identification:_identify(src/drone_ship) by extensions ['ignore', 'ignore_ament_install']
[0.189s] Level 1:colcon.colcon_core.package_identification:_identify(src/drone_ship) by extension 'ignore'
[0.189s] Level 1:colcon.colcon_core.package_identification:_identify(src/drone_ship) by extension 'ignore_ament_install'
[0.189s] Level 1:colcon.colcon_core.package_identification:_identify(src/drone_ship) by extensions ['colcon_pkg']
[0.189s] Level 1:colcon.colcon_core.package_identification:_identify(src/drone_ship) by extension 'colcon_pkg'
[0.189s] Level 1:colcon.colcon_core.package_identification:_identify(src/drone_ship) by extensions ['colcon_meta']
[0.189s] Level 1:colcon.colcon_core.package_identification:_identify(src/drone_ship) by extension 'colcon_meta'
[0.189s] Level 1:colcon.colcon_core.package_identification:_identify(src/drone_ship) by extensions ['ros']
[0.189s] Level 1:colcon.colcon_core.package_identification:_identify(src/drone_ship) by extension 'ros'
[0.189s] Level 1:colcon.colcon_core.package_identification:_identify(src/drone_ship) by extensions ['cmake', 'python']
[0.189s] Level 1:colcon.colcon_core.package_identification:_identify(src/drone_ship) by extension 'cmake'
[0.189s] Level 1:colcon.colcon_core.package_identification:_identify(src/drone_ship) by extension 'python'
[0.189s] Level 1:colcon.colcon_core.package_identification:_identify(src/drone_ship) by extensions ['python_setup_py']
[0.189s] Level 1:colcon.colcon_core.package_identification:_identify(src/drone_ship) by extension 'python_setup_py'
[0.189s] Level 1:colcon.colcon_core.package_identification:_identify(src/drone_ship/aquabot_description) by extensions ['ignore', 'ignore_ament_install']
[0.190s] Level 1:colcon.colcon_core.package_identification:_identify(src/drone_ship/aquabot_description) by extension 'ignore'
[0.190s] Level 1:colcon.colcon_core.package_identification:_identify(src/drone_ship/aquabot_description) by extension 'ignore_ament_install'
[0.190s] Level 1:colcon.colcon_core.package_identification:_identify(src/drone_ship/aquabot_description) by extensions ['colcon_pkg']
[0.190s] Level 1:colcon.colcon_core.package_identification:_identify(src/drone_ship/aquabot_description) by extension 'colcon_pkg'
[0.190s] Level 1:colcon.colcon_core.package_identification:_identify(src/drone_ship/aquabot_description) by extensions ['colcon_meta']
[0.190s] Level 1:colcon.colcon_core.package_identification:_identify(src/drone_ship/aquabot_description) by extension 'colcon_meta'
[0.190s] Level 1:colcon.colcon_core.package_identification:_identify(src/drone_ship/aquabot_description) by extensions ['ros']
[0.190s] Level 1:colcon.colcon_core.package_identification:_identify(src/drone_ship/aquabot_description) by extension 'ros'
[0.192s] DEBUG:colcon.colcon_core.package_identification:Package 'src/drone_ship/aquabot_description' with type 'ros.ament_cmake' and name 'aquabot_description'
[0.192s] Level 1:colcon.colcon_core.package_identification:_identify(src/drone_ship/aquabot_ekf) by extensions ['ignore', 'ignore_ament_install']
[0.192s] Level 1:colcon.colcon_core.package_identification:_identify(src/drone_ship/aquabot_ekf) by extension 'ignore'
[0.192s] Level 1:colcon.colcon_core.package_identification:_identify(src/drone_ship/aquabot_ekf) by extension 'ignore_ament_install'
[0.192s] Level 1:colcon.colcon_core.package_identification:_identify(src/drone_ship/aquabot_ekf) by extensions ['colcon_pkg']
[0.192s] Level 1:colcon.colcon_core.package_identification:_identify(src/drone_ship/aquabot_ekf) by extension 'colcon_pkg'
[0.192s] Level 1:colcon.colcon_core.package_identification:_identify(src/drone_ship/aquabot_ekf) by extensions ['colcon_meta']
[0.192s] Level 1:colcon.colcon_core.package_identification:_identify(src/drone_ship/aquabot_ekf) by extension 'colcon_meta'
[0.193s] Level 1:colcon.colcon_core.package_identification:_identify(src/drone_ship/aquabot_ekf) by extensions ['ros']
[0.193s] Level 1:colcon.colcon_core.package_identification:_identify(src/drone_ship/aquabot_ekf) by extension 'ros'
[0.193s] DEBUG:colcon.colcon_core.package_identification:Package 'src/drone_ship/aquabot_ekf' with type 'ros.ament_cmake' and name 'aquabot_ekf'
[0.194s] Level 1:colcon.colcon_core.package_identification:_identify(src/drone_ship/aquabot_gz) by extensions ['ignore', 'ignore_ament_install']
[0.194s] Level 1:colcon.colcon_core.package_identification:_identify(src/drone_ship/aquabot_gz) by extension 'ignore'
[0.194s] Level 1:colcon.colcon_core.package_identification:_identify(src/drone_ship/aquabot_gz) by extension 'ignore_ament_install'
[0.194s] Level 1:colcon.colcon_core.package_identification:_identify(src/drone_ship/aquabot_gz) by extensions ['colcon_pkg']
[0.194s] Level 1:colcon.colcon_core.package_identification:_identify(src/drone_ship/aquabot_gz) by extension 'colcon_pkg'
[0.194s] Level 1:colcon.colcon_core.package_identification:_identify(src/drone_ship/aquabot_gz) by extensions ['colcon_meta']
[0.194s] Level 1:colcon.colcon_core.package_identification:_identify(src/drone_ship/aquabot_gz) by extension 'colcon_meta'
[0.194s] Level 1:colcon.colcon_core.package_identification:_identify(src/drone_ship/aquabot_gz) by extensions ['ros']
[0.194s] Level 1:colcon.colcon_core.package_identification:_identify(src/drone_ship/aquabot_gz) by extension 'ros'
[0.197s] DEBUG:colcon.colcon_core.package_identification:Package 'src/drone_ship/aquabot_gz' with type 'ros.ament_cmake' and name 'aquabot_gz'
[0.197s] Level 1:colcon.colcon_core.package_identification:_identify(src/drone_ship/aquabot_motion) by extensions ['ignore', 'ignore_ament_install']
[0.197s] Level 1:colcon.colcon_core.package_identification:_identify(src/drone_ship/aquabot_motion) by extension 'ignore'
[0.197s] Level 1:colcon.colcon_core.package_identification:_identify(src/drone_ship/aquabot_motion) by extension 'ignore_ament_install'
[0.197s] Level 1:colcon.colcon_core.package_identification:_identify(src/drone_ship/aquabot_motion) by extensions ['colcon_pkg']
[0.197s] Level 1:colcon.colcon_core.package_identification:_identify(src/drone_ship/aquabot_motion) by extension 'colcon_pkg'
[0.197s] Level 1:colcon.colcon_core.package_identification:_identify(src/drone_ship/aquabot_motion) by extensions ['colcon_meta']
[0.197s] Level 1:colcon.colcon_core.package_identification:_identify(src/drone_ship/aquabot_motion) by extension 'colcon_meta'
[0.197s] Level 1:colcon.colcon_core.package_identification:_identify(src/drone_ship/aquabot_motion) by extensions ['ros']
[0.197s] Level 1:colcon.colcon_core.package_identification:_identify(src/drone_ship/aquabot_motion) by extension 'ros'
[0.198s] DEBUG:colcon.colcon_core.package_identification:Package 'src/drone_ship/aquabot_motion' with type 'ros.ament_cmake' and name 'aquabot_motion'
[0.198s] Level 1:colcon.colcon_core.package_identification:_identify(src/drone_ship/build) by extensions ['ignore', 'ignore_ament_install']
[0.198s] Level 1:colcon.colcon_core.package_identification:_identify(src/drone_ship/build) by extension 'ignore'
[0.198s] Level 1:colcon.colcon_core.package_identification:_identify(src/drone_ship/build) by extension 'ignore_ament_install'
[0.198s] Level 1:colcon.colcon_core.package_identification:_identify(src/drone_ship/build) by extensions ['colcon_pkg']
[0.198s] Level 1:colcon.colcon_core.package_identification:_identify(src/drone_ship/build) by extension 'colcon_pkg'
[0.198s] Level 1:colcon.colcon_core.package_identification:_identify(src/drone_ship/build) by extensions ['colcon_meta']
[0.198s] Level 1:colcon.colcon_core.package_identification:_identify(src/drone_ship/build) by extension 'colcon_meta'
[0.198s] Level 1:colcon.colcon_core.package_identification:_identify(src/drone_ship/build) by extensions ['ros']
[0.198s] Level 1:colcon.colcon_core.package_identification:_identify(src/drone_ship/build) by extension 'ros'
[0.198s] Level 1:colcon.colcon_core.package_identification:_identify(src/drone_ship/build) by extensions ['cmake', 'python']
[0.198s] Level 1:colcon.colcon_core.package_identification:_identify(src/drone_ship/build) by extension 'cmake'
[0.198s] Level 1:colcon.colcon_core.package_identification:_identify(src/drone_ship/build) by extension 'python'
[0.198s] Level 1:colcon.colcon_core.package_identification:_identify(src/drone_ship/build) by extensions ['python_setup_py']
[0.199s] Level 1:colcon.colcon_core.package_identification:_identify(src/drone_ship/build) by extension 'python_setup_py'
[0.199s] Level 1:colcon.colcon_core.package_identification:_identify(src/drone_ship/build/CMakeFiles) by extensions ['ignore', 'ignore_ament_install']
[0.199s] Level 1:colcon.colcon_core.package_identification:_identify(src/drone_ship/build/CMakeFiles) by extension 'ignore'
[0.199s] Level 1:colcon.colcon_core.package_identification:_identify(src/drone_ship/build/CMakeFiles) by extension 'ignore_ament_install'
[0.199s] Level 1:colcon.colcon_core.package_identification:_identify(src/drone_ship/build/CMakeFiles) by extensions ['colcon_pkg']
[0.199s] Level 1:colcon.colcon_core.package_identification:_identify(src/drone_ship/build/CMakeFiles) by extension 'colcon_pkg'
[0.199s] Level 1:colcon.colcon_core.package_identification:_identify(src/drone_ship/build/CMakeFiles) by extensions ['colcon_meta']
[0.199s] Level 1:colcon.colcon_core.package_identification:_identify(src/drone_ship/build/CMakeFiles) by extension 'colcon_meta'
[0.199s] Level 1:colcon.colcon_core.package_identification:_identify(src/drone_ship/build/CMakeFiles) by extensions ['ros']
[0.199s] Level 1:colcon.colcon_core.package_identification:_identify(src/drone_ship/build/CMakeFiles) by extension 'ros'
[0.199s] Level 1:colcon.colcon_core.package_identification:_identify(src/drone_ship/build/CMakeFiles) by extensions ['cmake', 'python']
[0.199s] Level 1:colcon.colcon_core.package_identification:_identify(src/drone_ship/build/CMakeFiles) by extension 'cmake'
[0.199s] Level 1:colcon.colcon_core.package_identification:_identify(src/drone_ship/build/CMakeFiles) by extension 'python'
[0.199s] Level 1:colcon.colcon_core.package_identification:_identify(src/drone_ship/build/CMakeFiles) by extensions ['python_setup_py']
[0.199s] Level 1:colcon.colcon_core.package_identification:_identify(src/drone_ship/build/CMakeFiles) by extension 'python_setup_py'
[0.199s] Level 1:colcon.colcon_core.package_identification:_identify(src/drone_ship/build/CMakeFiles/3.28.3) by extensions ['ignore', 'ignore_ament_install']
[0.199s] Level 1:colcon.colcon_core.package_identification:_identify(src/drone_ship/build/CMakeFiles/3.28.3) by extension 'ignore'
[0.199s] Level 1:colcon.colcon_core.package_identification:_identify(src/drone_ship/build/CMakeFiles/3.28.3) by extension 'ignore_ament_install'
[0.199s] Level 1:colcon.colcon_core.package_identification:_identify(src/drone_ship/build/CMakeFiles/3.28.3) by extensions ['colcon_pkg']
[0.200s] Level 1:colcon.colcon_core.package_identification:_identify(src/drone_ship/build/CMakeFiles/3.28.3) by extension 'colcon_pkg'
[0.200s] Level 1:colcon.colcon_core.package_identification:_identify(src/drone_ship/build/CMakeFiles/3.28.3) by extensions ['colcon_meta']
[0.200s] Level 1:colcon.colcon_core.package_identification:_identify(src/drone_ship/build/CMakeFiles/3.28.3) by extension 'colcon_meta'
[0.200s] Level 1:colcon.colcon_core.package_identification:_identify(src/drone_ship/build/CMakeFiles/3.28.3) by extensions ['ros']
[0.200s] Level 1:colcon.colcon_core.package_identification:_identify(src/drone_ship/build/CMakeFiles/3.28.3) by extension 'ros'
[0.200s] Level 1:colcon.colcon_core.package_identification:_identify(src/drone_ship/build/CMakeFiles/3.28.3) by extensions ['cmake', 'python']
[0.200s] Level 1:colcon.colcon_core.package_identification:_identify(src/drone_ship/build/CMakeFiles/3.28.3) by extension 'cmake'
[0.200s] Level 1:colcon.colcon_core.package_identification:_identify(src/drone_ship/build/CMakeFiles/3.28.3) by extension 'python'
[0.200s] Level 1:colcon.colcon_core.package_identification:_identify(src/drone_ship/build/CMakeFiles/3.28.3) by extensions ['python_setup_py']
[0.200s] Level 1:colcon.colcon_core.package_identification:_identify(src/drone_ship/build/CMakeFiles/3.28.3) by extension 'python_setup_py'
[0.200s] Level 1:colcon.colcon_core.package_identification:_identify(src/drone_ship/build/CMakeFiles/3.28.3/CompilerIdC) by extensions ['ignore', 'ignore_ament_install']
[0.200s] Level 1:colcon.colcon_core.package_identification:_identify(src/drone_ship/build/CMakeFiles/3.28.3/CompilerIdC) by extension 'ignore'
[0.200s] Level 1:colcon.colcon_core.package_identification:_identify(src/drone_ship/build/CMakeFiles/3.28.3/CompilerIdC) by extension 'ignore_ament_install'
[0.200s] Level 1:colcon.colcon_core.package_identification:_identify(src/drone_ship/build/CMakeFiles/3.28.3/CompilerIdC) by extensions ['colcon_pkg']
[0.200s] Level 1:colcon.colcon_core.package_identification:_identify(src/drone_ship/build/CMakeFiles/3.28.3/CompilerIdC) by extension 'colcon_pkg'
[0.200s] Level 1:colcon.colcon_core.package_identification:_identify(src/drone_ship/build/CMakeFiles/3.28.3/CompilerIdC) by extensions ['colcon_meta']
[0.200s] Level 1:colcon.colcon_core.package_identification:_identify(src/drone_ship/build/CMakeFiles/3.28.3/CompilerIdC) by extension 'colcon_meta'
[0.200s] Level 1:colcon.colcon_core.package_identification:_identify(src/drone_ship/build/CMakeFiles/3.28.3/CompilerIdC) by extensions ['ros']
[0.200s] Level 1:colcon.colcon_core.package_identification:_identify(src/drone_ship/build/CMakeFiles/3.28.3/CompilerIdC) by extension 'ros'
[0.200s] Level 1:colcon.colcon_core.package_identification:_identify(src/drone_ship/build/CMakeFiles/3.28.3/CompilerIdC) by extensions ['cmake', 'python']
[0.200s] Level 1:colcon.colcon_core.package_identification:_identify(src/drone_ship/build/CMakeFiles/3.28.3/CompilerIdC) by extension 'cmake'
[0.200s] Level 1:colcon.colcon_core.package_identification:_identify(src/drone_ship/build/CMakeFiles/3.28.3/CompilerIdC) by extension 'python'
[0.201s] Level 1:colcon.colcon_core.package_identification:_identify(src/drone_ship/build/CMakeFiles/3.28.3/CompilerIdC) by extensions ['python_setup_py']
[0.201s] Level 1:colcon.colcon_core.package_identification:_identify(src/drone_ship/build/CMakeFiles/3.28.3/CompilerIdC) by extension 'python_setup_py'
[0.201s] Level 1:colcon.colcon_core.package_identification:_identify(src/drone_ship/build/CMakeFiles/3.28.3/CompilerIdC/tmp) by extensions ['ignore', 'ignore_ament_install']
[0.201s] Level 1:colcon.colcon_core.package_identification:_identify(src/drone_ship/build/CMakeFiles/3.28.3/CompilerIdC/tmp) by extension 'ignore'
[0.201s] Level 1:colcon.colcon_core.package_identification:_identify(src/drone_ship/build/CMakeFiles/3.28.3/CompilerIdC/tmp) by extension 'ignore_ament_install'
[0.201s] Level 1:colcon.colcon_core.package_identification:_identify(src/drone_ship/build/CMakeFiles/3.28.3/CompilerIdC/tmp) by extensions ['colcon_pkg']
[0.201s] Level 1:colcon.colcon_core.package_identification:_identify(src/drone_ship/build/CMakeFiles/3.28.3/CompilerIdC/tmp) by extension 'colcon_pkg'
[0.201s] Level 1:colcon.colcon_core.package_identification:_identify(src/drone_ship/build/CMakeFiles/3.28.3/CompilerIdC/tmp) by extensions ['colcon_meta']
[0.201s] Level 1:colcon.colcon_core.package_identification:_identify(src/drone_ship/build/CMakeFiles/3.28.3/CompilerIdC/tmp) by extension 'colcon_meta'
[0.201s] Level 1:colcon.colcon_core.package_identification:_identify(src/drone_ship/build/CMakeFiles/3.28.3/CompilerIdC/tmp) by extensions ['ros']
[0.201s] Level 1:colcon.colcon_core.package_identification:_identify(src/drone_ship/build/CMakeFiles/3.28.3/CompilerIdC/tmp) by extension 'ros'
[0.201s] Level 1:colcon.colcon_core.package_identification:_identify(src/drone_ship/build/CMakeFiles/3.28.3/CompilerIdC/tmp) by extensions ['cmake', 'python']
[0.201s] Level 1:colcon.colcon_core.package_identification:_identify(src/drone_ship/build/CMakeFiles/3.28.3/CompilerIdC/tmp) by extension 'cmake'
[0.201s] Level 1:colcon.colcon_core.package_identification:_identify(src/drone_ship/build/CMakeFiles/3.28.3/CompilerIdC/tmp) by extension 'python'
[0.201s] Level 1:colcon.colcon_core.package_identification:_identify(src/drone_ship/build/CMakeFiles/3.28.3/CompilerIdC/tmp) by extensions ['python_setup_py']
[0.201s] Level 1:colcon.colcon_core.package_identification:_identify(src/drone_ship/build/CMakeFiles/3.28.3/CompilerIdC/tmp) by extension 'python_setup_py'
[0.201s] Level 1:colcon.colcon_core.package_identification:_identify(src/drone_ship/build/CMakeFiles/3.28.3/CompilerIdCXX) by extensions ['ignore', 'ignore_ament_install']
[0.201s] Level 1:colcon.colcon_core.package_identification:_identify(src/drone_ship/build/CMakeFiles/3.28.3/CompilerIdCXX) by extension 'ignore'
[0.201s] Level 1:colcon.colcon_core.package_identification:_identify(src/drone_ship/build/CMakeFiles/3.28.3/CompilerIdCXX) by extension 'ignore_ament_install'
[0.202s] Level 1:colcon.colcon_core.package_identification:_identify(src/drone_ship/build/CMakeFiles/3.28.3/CompilerIdCXX) by extensions ['colcon_pkg']
[0.202s] Level 1:colcon.colcon_core.package_identification:_identify(src/drone_ship/build/CMakeFiles/3.28.3/CompilerIdCXX) by extension 'colcon_pkg'
[0.202s] Level 1:colcon.colcon_core.package_identification:_identify(src/drone_ship/build/CMakeFiles/3.28.3/CompilerIdCXX) by extensions ['colcon_meta']
[0.202s] Level 1:colcon.colcon_core.package_identification:_identify(src/drone_ship/build/CMakeFiles/3.28.3/CompilerIdCXX) by extension 'colcon_meta'
[0.202s] Level 1:colcon.colcon_core.package_identification:_identify(src/drone_ship/build/CMakeFiles/3.28.3/CompilerIdCXX) by extensions ['ros']
[0.202s] Level 1:colcon.colcon_core.package_identification:_identify(src/drone_ship/build/CMakeFiles/3.28.3/CompilerIdCXX) by extension 'ros'
[0.202s] Level 1:colcon.colcon_core.package_identification:_identify(src/drone_ship/build/CMakeFiles/3.28.3/CompilerIdCXX) by extensions ['cmake', 'python']
[0.202s] Level 1:colcon.colcon_core.package_identification:_identify(src/drone_ship/build/CMakeFiles/3.28.3/CompilerIdCXX) by extension 'cmake'
[0.202s] Level 1:colcon.colcon_core.package_identification:_identify(src/drone_ship/build/CMakeFiles/3.28.3/CompilerIdCXX) by extension 'python'
[0.202s] Level 1:colcon.colcon_core.package_identification:_identify(src/drone_ship/build/CMakeFiles/3.28.3/CompilerIdCXX) by extensions ['python_setup_py']
[0.202s] Level 1:colcon.colcon_core.package_identification:_identify(src/drone_ship/build/CMakeFiles/3.28.3/CompilerIdCXX) by extension 'python_setup_py'
[0.202s] Level 1:colcon.colcon_core.package_identification:_identify(src/drone_ship/build/CMakeFiles/3.28.3/CompilerIdCXX/tmp) by extensions ['ignore', 'ignore_ament_install']
[0.202s] Level 1:colcon.colcon_core.package_identification:_identify(src/drone_ship/build/CMakeFiles/3.28.3/CompilerIdCXX/tmp) by extension 'ignore'
[0.202s] Level 1:colcon.colcon_core.package_identification:_identify(src/drone_ship/build/CMakeFiles/3.28.3/CompilerIdCXX/tmp) by extension 'ignore_ament_install'
[0.202s] Level 1:colcon.colcon_core.package_identification:_identify(src/drone_ship/build/CMakeFiles/3.28.3/CompilerIdCXX/tmp) by extensions ['colcon_pkg']
[0.202s] Level 1:colcon.colcon_core.package_identification:_identify(src/drone_ship/build/CMakeFiles/3.28.3/CompilerIdCXX/tmp) by extension 'colcon_pkg'
[0.202s] Level 1:colcon.colcon_core.package_identification:_identify(src/drone_ship/build/CMakeFiles/3.28.3/CompilerIdCXX/tmp) by extensions ['colcon_meta']
[0.202s] Level 1:colcon.colcon_core.package_identification:_identify(src/drone_ship/build/CMakeFiles/3.28.3/CompilerIdCXX/tmp) by extension 'colcon_meta'
[0.202s] Level 1:colcon.colcon_core.package_identification:_identify(src/drone_ship/build/CMakeFiles/3.28.3/CompilerIdCXX/tmp) by extensions ['ros']
[0.202s] Level 1:colcon.colcon_core.package_identification:_identify(src/drone_ship/build/CMakeFiles/3.28.3/CompilerIdCXX/tmp) by extension 'ros'
[0.202s] Level 1:colcon.colcon_core.package_identification:_identify(src/drone_ship/build/CMakeFiles/3.28.3/CompilerIdCXX/tmp) by extensions ['cmake', 'python']
[0.202s] Level 1:colcon.colcon_core.package_identification:_identify(src/drone_ship/build/CMakeFiles/3.28.3/CompilerIdCXX/tmp) by extension 'cmake'
[0.203s] Level 1:colcon.colcon_core.package_identification:_identify(src/drone_ship/build/CMakeFiles/3.28.3/CompilerIdCXX/tmp) by extension 'python'
[0.203s] Level 1:colcon.colcon_core.package_identification:_identify(src/drone_ship/build/CMakeFiles/3.28.3/CompilerIdCXX/tmp) by extensions ['python_setup_py']
[0.203s] Level 1:colcon.colcon_core.package_identification:_identify(src/drone_ship/build/CMakeFiles/3.28.3/CompilerIdCXX/tmp) by extension 'python_setup_py'
[0.203s] Level 1:colcon.colcon_core.package_identification:_identify(src/drone_ship/build/CMakeFiles/CMakeScratch) by extensions ['ignore', 'ignore_ament_install']
[0.203s] Level 1:colcon.colcon_core.package_identification:_identify(src/drone_ship/build/CMakeFiles/CMakeScratch) by extension 'ignore'
[0.203s] Level 1:colcon.colcon_core.package_identification:_identify(src/drone_ship/build/CMakeFiles/CMakeScratch) by extension 'ignore_ament_install'
[0.203s] Level 1:colcon.colcon_core.package_identification:_identify(src/drone_ship/build/CMakeFiles/CMakeScratch) by extensions ['colcon_pkg']
[0.203s] Level 1:colcon.colcon_core.package_identification:_identify(src/drone_ship/build/CMakeFiles/CMakeScratch) by extension 'colcon_pkg'
[0.203s] Level 1:colcon.colcon_core.package_identification:_identify(src/drone_ship/build/CMakeFiles/CMakeScratch) by extensions ['colcon_meta']
[0.203s] Level 1:colcon.colcon_core.package_identification:_identify(src/drone_ship/build/CMakeFiles/CMakeScratch) by extension 'colcon_meta'
[0.203s] Level 1:colcon.colcon_core.package_identification:_identify(src/drone_ship/build/CMakeFiles/CMakeScratch) by extensions ['ros']
[0.203s] Level 1:colcon.colcon_core.package_identification:_identify(src/drone_ship/build/CMakeFiles/CMakeScratch) by extension 'ros'
[0.203s] Level 1:colcon.colcon_core.package_identification:_identify(src/drone_ship/build/CMakeFiles/CMakeScratch) by extensions ['cmake', 'python']
[0.203s] Level 1:colcon.colcon_core.package_identification:_identify(src/drone_ship/build/CMakeFiles/CMakeScratch) by extension 'cmake'
[0.203s] Level 1:colcon.colcon_core.package_identification:_identify(src/drone_ship/build/CMakeFiles/CMakeScratch) by extension 'python'
[0.203s] Level 1:colcon.colcon_core.package_identification:_identify(src/drone_ship/build/CMakeFiles/CMakeScratch) by extensions ['python_setup_py']
[0.203s] Level 1:colcon.colcon_core.package_identification:_identify(src/drone_ship/build/CMakeFiles/CMakeScratch) by extension 'python_setup_py'
[0.203s] Level 1:colcon.colcon_core.package_identification:_identify(src/drone_ship/build/CMakeFiles/pkgRedirects) by extensions ['ignore', 'ignore_ament_install']
[0.203s] Level 1:colcon.colcon_core.package_identification:_identify(src/drone_ship/build/CMakeFiles/pkgRedirects) by extension 'ignore'
[0.203s] Level 1:colcon.colcon_core.package_identification:_identify(src/drone_ship/build/CMakeFiles/pkgRedirects) by extension 'ignore_ament_install'
[0.204s] Level 1:colcon.colcon_core.package_identification:_identify(src/drone_ship/build/CMakeFiles/pkgRedirects) by extensions ['colcon_pkg']
[0.204s] Level 1:colcon.colcon_core.package_identification:_identify(src/drone_ship/build/CMakeFiles/pkgRedirects) by extension 'colcon_pkg'
[0.204s] Level 1:colcon.colcon_core.package_identification:_identify(src/drone_ship/build/CMakeFiles/pkgRedirects) by extensions ['colcon_meta']
[0.204s] Level 1:colcon.colcon_core.package_identification:_identify(src/drone_ship/build/CMakeFiles/pkgRedirects) by extension 'colcon_meta'
[0.204s] Level 1:colcon.colcon_core.package_identification:_identify(src/drone_ship/build/CMakeFiles/pkgRedirects) by extensions ['ros']
[0.204s] Level 1:colcon.colcon_core.package_identification:_identify(src/drone_ship/build/CMakeFiles/pkgRedirects) by extension 'ros'
[0.204s] Level 1:colcon.colcon_core.package_identification:_identify(src/drone_ship/build/CMakeFiles/pkgRedirects) by extensions ['cmake', 'python']
[0.204s] Level 1:colcon.colcon_core.package_identification:_identify(src/drone_ship/build/CMakeFiles/pkgRedirects) by extension 'cmake'
[0.204s] Level 1:colcon.colcon_core.package_identification:_identify(src/drone_ship/build/CMakeFiles/pkgRedirects) by extension 'python'
[0.204s] Level 1:colcon.colcon_core.package_identification:_identify(src/drone_ship/build/CMakeFiles/pkgRedirects) by extensions ['python_setup_py']
[0.204s] Level 1:colcon.colcon_core.package_identification:_identify(src/drone_ship/build/CMakeFiles/pkgRedirects) by extension 'python_setup_py'
[0.204s] Level 1:colcon.colcon_core.package_identification:_identify(src/drone_ship/crazyflie_control) by extensions ['ignore', 'ignore_ament_install']
[0.204s] Level 1:colcon.colcon_core.package_identification:_identify(src/drone_ship/crazyflie_control) by extension 'ignore'
[0.204s] Level 1:colcon.colcon_core.package_identification:_identify(src/drone_ship/crazyflie_control) by extension 'ignore_ament_install'
[0.204s] Level 1:colcon.colcon_core.package_identification:_identify(src/drone_ship/crazyflie_control) by extensions ['colcon_pkg']
[0.204s] Level 1:colcon.colcon_core.package_identification:_identify(src/drone_ship/crazyflie_control) by extension 'colcon_pkg'
[0.204s] Level 1:colcon.colcon_core.package_identification:_identify(src/drone_ship/crazyflie_control) by extensions ['colcon_meta']
[0.204s] Level 1:colcon.colcon_core.package_identification:_identify(src/drone_ship/crazyflie_control) by extension 'colcon_meta'
[0.204s] Level 1:colcon.colcon_core.package_identification:_identify(src/drone_ship/crazyflie_control) by extensions ['ros']
[0.204s] Level 1:colcon.colcon_core.package_identification:_identify(src/drone_ship/crazyflie_control) by extension 'ros'
[0.205s] DEBUG:colcon.colcon_core.package_identification:Package 'src/drone_ship/crazyflie_control' with type 'ros.ament_cmake' and name 'crazyflie_control'
[0.205s] Level 1:colcon.colcon_core.package_identification:_identify(src/drone_ship/crazyflie_ekf) by extensions ['ignore', 'ignore_ament_install']
[0.205s] Level 1:colcon.colcon_core.package_identification:_identify(src/drone_ship/crazyflie_ekf) by extension 'ignore'
[0.205s] Level 1:colcon.colcon_core.package_identification:_identify(src/drone_ship/crazyflie_ekf) by extension 'ignore_ament_install'
[0.205s] Level 1:colcon.colcon_core.package_identification:_identify(src/drone_ship/crazyflie_ekf) by extensions ['colcon_pkg']
[0.205s] Level 1:colcon.colcon_core.package_identification:_identify(src/drone_ship/crazyflie_ekf) by extension 'colcon_pkg'
[0.205s] Level 1:colcon.colcon_core.package_identification:_identify(src/drone_ship/crazyflie_ekf) by extensions ['colcon_meta']
[0.205s] Level 1:colcon.colcon_core.package_identification:_identify(src/drone_ship/crazyflie_ekf) by extension 'colcon_meta'
[0.205s] Level 1:colcon.colcon_core.package_identification:_identify(src/drone_ship/crazyflie_ekf) by extensions ['ros']
[0.205s] Level 1:colcon.colcon_core.package_identification:_identify(src/drone_ship/crazyflie_ekf) by extension 'ros'
[0.206s] DEBUG:colcon.colcon_core.package_identification:Package 'src/drone_ship/crazyflie_ekf' with type 'ros.ament_cmake' and name 'crazyflie_ekf'
[0.206s] Level 1:colcon.colcon_core.package_identification:_identify(src/drone_ship/crazyflie_yolo) by extensions ['ignore', 'ignore_ament_install']
[0.206s] Level 1:colcon.colcon_core.package_identification:_identify(src/drone_ship/crazyflie_yolo) by extension 'ignore'
[0.206s] Level 1:colcon.colcon_core.package_identification:_identify(src/drone_ship/crazyflie_yolo) by extension 'ignore_ament_install'
[0.207s] Level 1:colcon.colcon_core.package_identification:_identify(src/drone_ship/crazyflie_yolo) by extensions ['colcon_pkg']
[0.207s] Level 1:colcon.colcon_core.package_identification:_identify(src/drone_ship/crazyflie_yolo) by extension 'colcon_pkg'
[0.207s] Level 1:colcon.colcon_core.package_identification:_identify(src/drone_ship/crazyflie_yolo) by extensions ['colcon_meta']
[0.207s] Level 1:colcon.colcon_core.package_identification:_identify(src/drone_ship/crazyflie_yolo) by extension 'colcon_meta'
[0.207s] Level 1:colcon.colcon_core.package_identification:_identify(src/drone_ship/crazyflie_yolo) by extensions ['ros']
[0.207s] Level 1:colcon.colcon_core.package_identification:_identify(src/drone_ship/crazyflie_yolo) by extension 'ros'
[0.208s] DEBUG:colcon.colcon_core.package_identification:Package 'src/drone_ship/crazyflie_yolo' with type 'ros.ament_cmake' and name 'crazyflie_yolo'
[0.208s] Level 1:colcon.colcon_core.package_identification:_identify(src/drone_ship/ros_gz_crazyflie) by extensions ['ignore', 'ignore_ament_install']
[0.208s] Level 1:colcon.colcon_core.package_identification:_identify(src/drone_ship/ros_gz_crazyflie) by extension 'ignore'
[0.208s] Level 1:colcon.colcon_core.package_identification:_identify(src/drone_ship/ros_gz_crazyflie) by extension 'ignore_ament_install'
[0.208s] Level 1:colcon.colcon_core.package_identification:_identify(src/drone_ship/ros_gz_crazyflie) by extensions ['colcon_pkg']
[0.208s] Level 1:colcon.colcon_core.package_identification:_identify(src/drone_ship/ros_gz_crazyflie) by extension 'colcon_pkg'
[0.208s] Level 1:colcon.colcon_core.package_identification:_identify(src/drone_ship/ros_gz_crazyflie) by extensions ['colcon_meta']
[0.208s] Level 1:colcon.colcon_core.package_identification:_identify(src/drone_ship/ros_gz_crazyflie) by extension 'colcon_meta'
[0.208s] Level 1:colcon.colcon_core.package_identification:_identify(src/drone_ship/ros_gz_crazyflie) by extensions ['ros']
[0.208s] Level 1:colcon.colcon_core.package_identification:_identify(src/drone_ship/ros_gz_crazyflie) by extension 'ros'
[0.209s] Level 1:colcon.colcon_core.package_identification:_identify(src/drone_ship/ros_gz_crazyflie) by extensions ['cmake', 'python']
[0.209s] Level 1:colcon.colcon_core.package_identification:_identify(src/drone_ship/ros_gz_crazyflie) by extension 'cmake'
[0.209s] Level 1:colcon.colcon_core.package_identification:_identify(src/drone_ship/ros_gz_crazyflie) by extension 'python'
[0.209s] Level 1:colcon.colcon_core.package_identification:_identify(src/drone_ship/ros_gz_crazyflie) by extensions ['python_setup_py']
[0.209s] Level 1:colcon.colcon_core.package_identification:_identify(src/drone_ship/ros_gz_crazyflie) by extension 'python_setup_py'
[0.209s] Level 1:colcon.colcon_core.package_identification:_identify(src/drone_ship/ros_gz_crazyflie/ros_gz_crazyflie_bringup) by extensions ['ignore', 'ignore_ament_install']
[0.209s] Level 1:colcon.colcon_core.package_identification:_identify(src/drone_ship/ros_gz_crazyflie/ros_gz_crazyflie_bringup) by extension 'ignore'
[0.209s] Level 1:colcon.colcon_core.package_identification:_identify(src/drone_ship/ros_gz_crazyflie/ros_gz_crazyflie_bringup) by extension 'ignore_ament_install'
[0.209s] Level 1:colcon.colcon_core.package_identification:_identify(src/drone_ship/ros_gz_crazyflie/ros_gz_crazyflie_bringup) by extensions ['colcon_pkg']
[0.209s] Level 1:colcon.colcon_core.package_identification:_identify(src/drone_ship/ros_gz_crazyflie/ros_gz_crazyflie_bringup) by extension 'colcon_pkg'
[0.209s] Level 1:colcon.colcon_core.package_identification:_identify(src/drone_ship/ros_gz_crazyflie/ros_gz_crazyflie_bringup) by extensions ['colcon_meta']
[0.209s] Level 1:colcon.colcon_core.package_identification:_identify(src/drone_ship/ros_gz_crazyflie/ros_gz_crazyflie_bringup) by extension 'colcon_meta'
[0.209s] Level 1:colcon.colcon_core.package_identification:_identify(src/drone_ship/ros_gz_crazyflie/ros_gz_crazyflie_bringup) by extensions ['ros']
[0.209s] Level 1:colcon.colcon_core.package_identification:_identify(src/drone_ship/ros_gz_crazyflie/ros_gz_crazyflie_bringup) by extension 'ros'
[0.210s] DEBUG:colcon.colcon_core.package_identification:Package 'src/drone_ship/ros_gz_crazyflie/ros_gz_crazyflie_bringup' with type 'ros.ament_cmake' and name 'ros_gz_crazyflie_bringup'
[0.210s] Level 1:colcon.colcon_core.package_identification:_identify(src/drone_ship/ros_gz_crazyflie/ros_gz_crazyflie_control) by extensions ['ignore', 'ignore_ament_install']
[0.210s] Level 1:colcon.colcon_core.package_identification:_identify(src/drone_ship/ros_gz_crazyflie/ros_gz_crazyflie_control) by extension 'ignore'
[0.210s] Level 1:colcon.colcon_core.package_identification:_identify(src/drone_ship/ros_gz_crazyflie/ros_gz_crazyflie_control) by extension 'ignore_ament_install'
[0.210s] Level 1:colcon.colcon_core.package_identification:_identify(src/drone_ship/ros_gz_crazyflie/ros_gz_crazyflie_control) by extensions ['colcon_pkg']
[0.210s] Level 1:colcon.colcon_core.package_identification:_identify(src/drone_ship/ros_gz_crazyflie/ros_gz_crazyflie_control) by extension 'colcon_pkg'
[0.210s] Level 1:colcon.colcon_core.package_identification:_identify(src/drone_ship/ros_gz_crazyflie/ros_gz_crazyflie_control) by extensions ['colcon_meta']
[0.210s] Level 1:colcon.colcon_core.package_identification:_identify(src/drone_ship/ros_gz_crazyflie/ros_gz_crazyflie_control) by extension 'colcon_meta'
[0.210s] Level 1:colcon.colcon_core.package_identification:_identify(src/drone_ship/ros_gz_crazyflie/ros_gz_crazyflie_control) by extensions ['ros']
[0.210s] Level 1:colcon.colcon_core.package_identification:_identify(src/drone_ship/ros_gz_crazyflie/ros_gz_crazyflie_control) by extension 'ros'
[0.211s] DEBUG:colcon.colcon_core.package_identification:Package 'src/drone_ship/ros_gz_crazyflie/ros_gz_crazyflie_control' with type 'ros.ament_python' and name 'ros_gz_crazyflie_control'
[0.211s] Level 1:colcon.colcon_core.package_identification:_identify(src/drone_ship/ros_gz_crazyflie/ros_gz_crazyflie_gazebo) by extensions ['ignore', 'ignore_ament_install']
[0.211s] Level 1:colcon.colcon_core.package_identification:_identify(src/drone_ship/ros_gz_crazyflie/ros_gz_crazyflie_gazebo) by extension 'ignore'
[0.211s] Level 1:colcon.colcon_core.package_identification:_identify(src/drone_ship/ros_gz_crazyflie/ros_gz_crazyflie_gazebo) by extension 'ignore_ament_install'
[0.211s] Level 1:colcon.colcon_core.package_identification:_identify(src/drone_ship/ros_gz_crazyflie/ros_gz_crazyflie_gazebo) by extensions ['colcon_pkg']
[0.211s] Level 1:colcon.colcon_core.package_identification:_identify(src/drone_ship/ros_gz_crazyflie/ros_gz_crazyflie_gazebo) by extension 'colcon_pkg'
[0.211s] Level 1:colcon.colcon_core.package_identification:_identify(src/drone_ship/ros_gz_crazyflie/ros_gz_crazyflie_gazebo) by extensions ['colcon_meta']
[0.211s] Level 1:colcon.colcon_core.package_identification:_identify(src/drone_ship/ros_gz_crazyflie/ros_gz_crazyflie_gazebo) by extension 'colcon_meta'
[0.211s] Level 1:colcon.colcon_core.package_identification:_identify(src/drone_ship/ros_gz_crazyflie/ros_gz_crazyflie_gazebo) by extensions ['ros']
[0.211s] Level 1:colcon.colcon_core.package_identification:_identify(src/drone_ship/ros_gz_crazyflie/ros_gz_crazyflie_gazebo) by extension 'ros'
[0.211s] DEBUG:colcon.colcon_core.package_identification:Package 'src/drone_ship/ros_gz_crazyflie/ros_gz_crazyflie_gazebo' with type 'ros.ament_cmake' and name 'ros_gz_crazyflie_gazebo'
[0.211s] Level 1:colcon.colcon_core.package_identification:_identify(src/drone_ship/vrx) by extensions ['ignore', 'ignore_ament_install']
[0.212s] Level 1:colcon.colcon_core.package_identification:_identify(src/drone_ship/vrx) by extension 'ignore'
[0.212s] Level 1:colcon.colcon_core.package_identification:_identify(src/drone_ship/vrx) by extension 'ignore_ament_install'
[0.212s] Level 1:colcon.colcon_core.package_identification:_identify(src/drone_ship/vrx) by extensions ['colcon_pkg']
[0.212s] Level 1:colcon.colcon_core.package_identification:_identify(src/drone_ship/vrx) by extension 'colcon_pkg'
[0.212s] Level 1:colcon.colcon_core.package_identification:_identify(src/drone_ship/vrx) by extensions ['colcon_meta']
[0.212s] Level 1:colcon.colcon_core.package_identification:_identify(src/drone_ship/vrx) by extension 'colcon_meta'
[0.212s] Level 1:colcon.colcon_core.package_identification:_identify(src/drone_ship/vrx) by extensions ['ros']
[0.212s] Level 1:colcon.colcon_core.package_identification:_identify(src/drone_ship/vrx) by extension 'ros'
[0.212s] Level 1:colcon.colcon_core.package_identification:_identify(src/drone_ship/vrx) by extensions ['cmake', 'python']
[0.212s] Level 1:colcon.colcon_core.package_identification:_identify(src/drone_ship/vrx) by extension 'cmake'
[0.212s] Level 1:colcon.colcon_core.package_identification:_identify(src/drone_ship/vrx) by extension 'python'
[0.212s] Level 1:colcon.colcon_core.package_identification:_identify(src/drone_ship/vrx) by extensions ['python_setup_py']
[0.212s] Level 1:colcon.colcon_core.package_identification:_identify(src/drone_ship/vrx) by extension 'python_setup_py'
[0.212s] Level 1:colcon.colcon_core.package_identification:_identify(src/drone_ship/vrx/images) by extensions ['ignore', 'ignore_ament_install']
[0.212s] Level 1:colcon.colcon_core.package_identification:_identify(src/drone_ship/vrx/images) by extension 'ignore'
[0.212s] Level 1:colcon.colcon_core.package_identification:_identify(src/drone_ship/vrx/images) by extension 'ignore_ament_install'
[0.212s] Level 1:colcon.colcon_core.package_identification:_identify(src/drone_ship/vrx/images) by extensions ['colcon_pkg']
[0.212s] Level 1:colcon.colcon_core.package_identification:_identify(src/drone_ship/vrx/images) by extension 'colcon_pkg'
[0.212s] Level 1:colcon.colcon_core.package_identification:_identify(src/drone_ship/vrx/images) by extensions ['colcon_meta']
[0.212s] Level 1:colcon.colcon_core.package_identification:_identify(src/drone_ship/vrx/images) by extension 'colcon_meta'
[0.212s] Level 1:colcon.colcon_core.package_identification:_identify(src/drone_ship/vrx/images) by extensions ['ros']
[0.212s] Level 1:colcon.colcon_core.package_identification:_identify(src/drone_ship/vrx/images) by extension 'ros'
[0.213s] Level 1:colcon.colcon_core.package_identification:_identify(src/drone_ship/vrx/images) by extensions ['cmake', 'python']
[0.213s] Level 1:colcon.colcon_core.package_identification:_identify(src/drone_ship/vrx/images) by extension 'cmake'
[0.213s] Level 1:colcon.colcon_core.package_identification:_identify(src/drone_ship/vrx/images) by extension 'python'
[0.213s] Level 1:colcon.colcon_core.package_identification:_identify(src/drone_ship/vrx/images) by extensions ['python_setup_py']
[0.213s] Level 1:colcon.colcon_core.package_identification:_identify(src/drone_ship/vrx/images) by extension 'python_setup_py'
[0.213s] Level 1:colcon.colcon_core.package_identification:_identify(src/drone_ship/vrx/vrx_gz) by extensions ['ignore', 'ignore_ament_install']
[0.213s] Level 1:colcon.colcon_core.package_identification:_identify(src/drone_ship/vrx/vrx_gz) by extension 'ignore'
[0.213s] Level 1:colcon.colcon_core.package_identification:_identify(src/drone_ship/vrx/vrx_gz) by extension 'ignore_ament_install'
[0.213s] Level 1:colcon.colcon_core.package_identification:_identify(src/drone_ship/vrx/vrx_gz) by extensions ['colcon_pkg']
[0.213s] Level 1:colcon.colcon_core.package_identification:_identify(src/drone_ship/vrx/vrx_gz) by extension 'colcon_pkg'
[0.213s] Level 1:colcon.colcon_core.package_identification:_identify(src/drone_ship/vrx/vrx_gz) by extensions ['colcon_meta']
[0.213s] Level 1:colcon.colcon_core.package_identification:_identify(src/drone_ship/vrx/vrx_gz) by extension 'colcon_meta'
[0.213s] Level 1:colcon.colcon_core.package_identification:_identify(src/drone_ship/vrx/vrx_gz) by extensions ['ros']
[0.213s] Level 1:colcon.colcon_core.package_identification:_identify(src/drone_ship/vrx/vrx_gz) by extension 'ros'
[0.214s] DEBUG:colcon.colcon_core.package_identification:Package 'src/drone_ship/vrx/vrx_gz' with type 'ros.ament_cmake' and name 'vrx_gz'
[0.214s] Level 1:colcon.colcon_core.package_identification:_identify(src/drone_ship/vrx/vrx_ros) by extensions ['ignore', 'ignore_ament_install']
[0.214s] Level 1:colcon.colcon_core.package_identification:_identify(src/drone_ship/vrx/vrx_ros) by extension 'ignore'
[0.214s] Level 1:colcon.colcon_core.package_identification:_identify(src/drone_ship/vrx/vrx_ros) by extension 'ignore_ament_install'
[0.214s] Level 1:colcon.colcon_core.package_identification:_identify(src/drone_ship/vrx/vrx_ros) by extensions ['colcon_pkg']
[0.214s] Level 1:colcon.colcon_core.package_identification:_identify(src/drone_ship/vrx/vrx_ros) by extension 'colcon_pkg'
[0.214s] Level 1:colcon.colcon_core.package_identification:_identify(src/drone_ship/vrx/vrx_ros) by extensions ['colcon_meta']
[0.214s] Level 1:colcon.colcon_core.package_identification:_identify(src/drone_ship/vrx/vrx_ros) by extension 'colcon_meta'
[0.214s] Level 1:colcon.colcon_core.package_identification:_identify(src/drone_ship/vrx/vrx_ros) by extensions ['ros']
[0.214s] Level 1:colcon.colcon_core.package_identification:_identify(src/drone_ship/vrx/vrx_ros) by extension 'ros'
[0.215s] DEBUG:colcon.colcon_core.package_identification:Package 'src/drone_ship/vrx/vrx_ros' with type 'ros.ament_cmake' and name 'vrx_ros'
[0.215s] Level 1:colcon.colcon_core.package_identification:_identify(src/drone_ship/vrx/vrx_urdf) by extensions ['ignore', 'ignore_ament_install']
[0.215s] Level 1:colcon.colcon_core.package_identification:_identify(src/drone_ship/vrx/vrx_urdf) by extension 'ignore'
[0.215s] Level 1:colcon.colcon_core.package_identification:_identify(src/drone_ship/vrx/vrx_urdf) by extension 'ignore_ament_install'
[0.215s] Level 1:colcon.colcon_core.package_identification:_identify(src/drone_ship/vrx/vrx_urdf) by extensions ['colcon_pkg']
[0.215s] Level 1:colcon.colcon_core.package_identification:_identify(src/drone_ship/vrx/vrx_urdf) by extension 'colcon_pkg'
[0.215s] Level 1:colcon.colcon_core.package_identification:_identify(src/drone_ship/vrx/vrx_urdf) by extensions ['colcon_meta']
[0.215s] Level 1:colcon.colcon_core.package_identification:_identify(src/drone_ship/vrx/vrx_urdf) by extension 'colcon_meta'
[0.215s] Level 1:colcon.colcon_core.package_identification:_identify(src/drone_ship/vrx/vrx_urdf) by extensions ['ros']
[0.215s] Level 1:colcon.colcon_core.package_identification:_identify(src/drone_ship/vrx/vrx_urdf) by extension 'ros'
[0.216s] Level 1:colcon.colcon_core.package_identification:_identify(src/drone_ship/vrx/vrx_urdf) by extensions ['cmake', 'python']
[0.216s] Level 1:colcon.colcon_core.package_identification:_identify(src/drone_ship/vrx/vrx_urdf) by extension 'cmake'
[0.216s] Level 1:colcon.colcon_core.package_identification:_identify(src/drone_ship/vrx/vrx_urdf) by extension 'python'
[0.216s] Level 1:colcon.colcon_core.package_identification:_identify(src/drone_ship/vrx/vrx_urdf) by extensions ['python_setup_py']
[0.216s] Level 1:colcon.colcon_core.package_identification:_identify(src/drone_ship/vrx/vrx_urdf) by extension 'python_setup_py'
[0.216s] Level 1:colcon.colcon_core.package_identification:_identify(src/drone_ship/vrx/vrx_urdf/vrx_gazebo) by extensions ['ignore', 'ignore_ament_install']
[0.216s] Level 1:colcon.colcon_core.package_identification:_identify(src/drone_ship/vrx/vrx_urdf/vrx_gazebo) by extension 'ignore'
[0.216s] Level 1:colcon.colcon_core.package_identification:_identify(src/drone_ship/vrx/vrx_urdf/vrx_gazebo) by extension 'ignore_ament_install'
[0.216s] Level 1:colcon.colcon_core.package_identification:_identify(src/drone_ship/vrx/vrx_urdf/vrx_gazebo) by extensions ['colcon_pkg']
[0.216s] Level 1:colcon.colcon_core.package_identification:_identify(src/drone_ship/vrx/vrx_urdf/vrx_gazebo) by extension 'colcon_pkg'
[0.216s] Level 1:colcon.colcon_core.package_identification:_identify(src/drone_ship/vrx/vrx_urdf/vrx_gazebo) by extensions ['colcon_meta']
[0.216s] Level 1:colcon.colcon_core.package_identification:_identify(src/drone_ship/vrx/vrx_urdf/vrx_gazebo) by extension 'colcon_meta'
[0.216s] Level 1:colcon.colcon_core.package_identification:_identify(src/drone_ship/vrx/vrx_urdf/vrx_gazebo) by extensions ['ros']
[0.216s] Level 1:colcon.colcon_core.package_identification:_identify(src/drone_ship/vrx/vrx_urdf/vrx_gazebo) by extension 'ros'
[0.217s] DEBUG:colcon.colcon_core.package_identification:Package 'src/drone_ship/vrx/vrx_urdf/vrx_gazebo' with type 'ros.ament_cmake' and name 'vrx_gazebo'
[0.217s] Level 1:colcon.colcon_core.package_identification:_identify(src/drone_ship/vrx/vrx_urdf/wamv_description) by extensions ['ignore', 'ignore_ament_install']
[0.217s] Level 1:colcon.colcon_core.package_identification:_identify(src/drone_ship/vrx/vrx_urdf/wamv_description) by extension 'ignore'
[0.217s] Level 1:colcon.colcon_core.package_identification:_identify(src/drone_ship/vrx/vrx_urdf/wamv_description) by extension 'ignore_ament_install'
[0.217s] Level 1:colcon.colcon_core.package_identification:_identify(src/drone_ship/vrx/vrx_urdf/wamv_description) by extensions ['colcon_pkg']
[0.217s] Level 1:colcon.colcon_core.package_identification:_identify(src/drone_ship/vrx/vrx_urdf/wamv_description) by extension 'colcon_pkg'
[0.217s] Level 1:colcon.colcon_core.package_identification:_identify(src/drone_ship/vrx/vrx_urdf/wamv_description) by extensions ['colcon_meta']
[0.217s] Level 1:colcon.colcon_core.package_identification:_identify(src/drone_ship/vrx/vrx_urdf/wamv_description) by extension 'colcon_meta'
[0.217s] Level 1:colcon.colcon_core.package_identification:_identify(src/drone_ship/vrx/vrx_urdf/wamv_description) by extensions ['ros']
[0.217s] Level 1:colcon.colcon_core.package_identification:_identify(src/drone_ship/vrx/vrx_urdf/wamv_description) by extension 'ros'
[0.218s] DEBUG:colcon.colcon_core.package_identification:Package 'src/drone_ship/vrx/vrx_urdf/wamv_description' with type 'ros.ament_cmake' and name 'wamv_description'
[0.218s] Level 1:colcon.colcon_core.package_identification:_identify(src/drone_ship/vrx/vrx_urdf/wamv_gazebo) by extensions ['ignore', 'ignore_ament_install']
[0.218s] Level 1:colcon.colcon_core.package_identification:_identify(src/drone_ship/vrx/vrx_urdf/wamv_gazebo) by extension 'ignore'
[0.218s] Level 1:colcon.colcon_core.package_identification:_identify(src/drone_ship/vrx/vrx_urdf/wamv_gazebo) by extension 'ignore_ament_install'
[0.218s] Level 1:colcon.colcon_core.package_identification:_identify(src/drone_ship/vrx/vrx_urdf/wamv_gazebo) by extensions ['colcon_pkg']
[0.218s] Level 1:colcon.colcon_core.package_identification:_identify(src/drone_ship/vrx/vrx_urdf/wamv_gazebo) by extension 'colcon_pkg'
[0.218s] Level 1:colcon.colcon_core.package_identification:_identify(src/drone_ship/vrx/vrx_urdf/wamv_gazebo) by extensions ['colcon_meta']
[0.218s] Level 1:colcon.colcon_core.package_identification:_identify(src/drone_ship/vrx/vrx_urdf/wamv_gazebo) by extension 'colcon_meta'
[0.218s] Level 1:colcon.colcon_core.package_identification:_identify(src/drone_ship/vrx/vrx_urdf/wamv_gazebo) by extensions ['ros']
[0.218s] Level 1:colcon.colcon_core.package_identification:_identify(src/drone_ship/vrx/vrx_urdf/wamv_gazebo) by extension 'ros'
[0.219s] DEBUG:colcon.colcon_core.package_identification:Package 'src/drone_ship/vrx/vrx_urdf/wamv_gazebo' with type 'ros.ament_cmake' and name 'wamv_gazebo'
[0.219s] Level 1:colcon.colcon_core.package_discovery:discover_packages(recursive) using defaults
[0.219s] Level 1:colcon.colcon_core.package_discovery:discover_packages(ignore) discover
[0.219s] Level 1:colcon.colcon_core.package_discovery:discover_packages(ignore) using defaults
[0.219s] Level 1:colcon.colcon_core.package_discovery:discover_packages(path) discover
[0.219s] Level 1:colcon.colcon_core.package_discovery:discover_packages(path) using defaults
[0.237s] Level 1:colcon.colcon_core.package_discovery:discover_packages(prefix_path) check parameters
[0.237s] Level 1:colcon.colcon_core.package_discovery:discover_packages(prefix_path) discover
[0.241s] DEBUG:colcon.colcon_installed_package_information.package_discovery:Found 15 installed packages in /home/user/data/drones_ship_ws/install
[0.243s] DEBUG:colcon.colcon_installed_package_information.package_discovery:Found 539 installed packages in /opt/ros/jazzy
[0.245s] Level 1:colcon.colcon_core.package_discovery:discover_packages(prefix_path) using defaults
[0.333s] Level 5:colcon.colcon_core.verb:set package 'aquabot_ekf' build argument 'cmake_args' from command line to 'None'
[0.333s] Level 5:colcon.colcon_core.verb:set package 'aquabot_ekf' build argument 'cmake_target' from command line to 'None'
[0.333s] Level 5:colcon.colcon_core.verb:set package 'aquabot_ekf' build argument 'cmake_target_skip_unavailable' from command line to 'False'
[0.333s] Level 5:colcon.colcon_core.verb:set package 'aquabot_ekf' build argument 'cmake_clean_cache' from command line to 'False'
[0.333s] Level 5:colcon.colcon_core.verb:set package 'aquabot_ekf' build argument 'cmake_clean_first' from command line to 'False'
[0.333s] Level 5:colcon.colcon_core.verb:set package 'aquabot_ekf' build argument 'cmake_force_configure' from command line to 'False'
[0.333s] Level 5:colcon.colcon_core.verb:set package 'aquabot_ekf' build argument 'ament_cmake_args' from command line to 'None'
[0.333s] Level 5:colcon.colcon_core.verb:set package 'aquabot_ekf' build argument 'catkin_cmake_args' from command line to 'None'
[0.333s] Level 5:colcon.colcon_core.verb:set package 'aquabot_ekf' build argument 'catkin_skip_building_tests' from command line to 'False'
[0.333s] DEBUG:colcon.colcon_core.verb:Building package 'aquabot_ekf' with the following arguments: {'ament_cmake_args': None, 'build_base': '/home/user/data/drones_ship_ws/build/aquabot_ekf', 'catkin_cmake_args': None, 'catkin_skip_building_tests': False, 'cmake_args': None, 'cmake_clean_cache': False, 'cmake_clean_first': False, 'cmake_force_configure': False, 'cmake_target': None, 'cmake_target_skip_unavailable': False, 'install_base': '/home/user/data/drones_ship_ws/install/aquabot_ekf', 'merge_install': False, 'path': '/home/user/data/drones_ship_ws/src/drone_ship/aquabot_ekf', 'symlink_install': False, 'test_result_base': None}
[0.333s] Level 5:colcon.colcon_core.verb:set package 'aquabot_gz' build argument 'cmake_args' from command line to 'None'
[0.333s] Level 5:colcon.colcon_core.verb:set package 'aquabot_gz' build argument 'cmake_target' from command line to 'None'
[0.334s] Level 5:colcon.colcon_core.verb:set package 'aquabot_gz' build argument 'cmake_target_skip_unavailable' from command line to 'False'
[0.334s] Level 5:colcon.colcon_core.verb:set package 'aquabot_gz' build argument 'cmake_clean_cache' from command line to 'False'
[0.334s] Level 5:colcon.colcon_core.verb:set package 'aquabot_gz' build argument 'cmake_clean_first' from command line to 'False'
[0.334s] Level 5:colcon.colcon_core.verb:set package 'aquabot_gz' build argument 'cmake_force_configure' from command line to 'False'
[0.334s] Level 5:colcon.colcon_core.verb:set package 'aquabot_gz' build argument 'ament_cmake_args' from command line to 'None'
[0.334s] Level 5:colcon.colcon_core.verb:set package 'aquabot_gz' build argument 'catkin_cmake_args' from command line to 'None'
[0.334s] Level 5:colcon.colcon_core.verb:set package 'aquabot_gz' build argument 'catkin_skip_building_tests' from command line to 'False'
[0.334s] DEBUG:colcon.colcon_core.verb:Building package 'aquabot_gz' with the following arguments: {'ament_cmake_args': None, 'build_base': '/home/user/data/drones_ship_ws/build/aquabot_gz', 'catkin_cmake_args': None, 'catkin_skip_building_tests': False, 'cmake_args': None, 'cmake_clean_cache': False, 'cmake_clean_first': False, 'cmake_force_configure': False, 'cmake_target': None, 'cmake_target_skip_unavailable': False, 'install_base': '/home/user/data/drones_ship_ws/install/aquabot_gz', 'merge_install': False, 'path': '/home/user/data/drones_ship_ws/src/drone_ship/aquabot_gz', 'symlink_install': False, 'test_result_base': None}
[0.334s] Level 5:colcon.colcon_core.verb:set package 'aquabot_motion' build argument 'cmake_args' from command line to 'None'
[0.334s] Level 5:colcon.colcon_core.verb:set package 'aquabot_motion' build argument 'cmake_target' from command line to 'None'
[0.334s] Level 5:colcon.colcon_core.verb:set package 'aquabot_motion' build argument 'cmake_target_skip_unavailable' from command line to 'False'
[0.334s] Level 5:colcon.colcon_core.verb:set package 'aquabot_motion' build argument 'cmake_clean_cache' from command line to 'False'
[0.334s] Level 5:colcon.colcon_core.verb:set package 'aquabot_motion' build argument 'cmake_clean_first' from command line to 'False'
[0.334s] Level 5:colcon.colcon_core.verb:set package 'aquabot_motion' build argument 'cmake_force_configure' from command line to 'False'
[0.334s] Level 5:colcon.colcon_core.verb:set package 'aquabot_motion' build argument 'ament_cmake_args' from command line to 'None'
[0.334s] Level 5:colcon.colcon_core.verb:set package 'aquabot_motion' build argument 'catkin_cmake_args' from command line to 'None'
[0.334s] Level 5:colcon.colcon_core.verb:set package 'aquabot_motion' build argument 'catkin_skip_building_tests' from command line to 'False'
[0.334s] DEBUG:colcon.colcon_core.verb:Building package 'aquabot_motion' with the following arguments: {'ament_cmake_args': None, 'build_base': '/home/user/data/drones_ship_ws/build/aquabot_motion', 'catkin_cmake_args': None, 'catkin_skip_building_tests': False, 'cmake_args': None, 'cmake_clean_cache': False, 'cmake_clean_first': False, 'cmake_force_configure': False, 'cmake_target': None, 'cmake_target_skip_unavailable': False, 'install_base': '/home/user/data/drones_ship_ws/install/aquabot_motion', 'merge_install': False, 'path': '/home/user/data/drones_ship_ws/src/drone_ship/aquabot_motion', 'symlink_install': False, 'test_result_base': None}
[0.334s] Level 5:colcon.colcon_core.verb:set package 'crazyflie_control' build argument 'cmake_args' from command line to 'None'
[0.334s] Level 5:colcon.colcon_core.verb:set package 'crazyflie_control' build argument 'cmake_target' from command line to 'None'
[0.334s] Level 5:colcon.colcon_core.verb:set package 'crazyflie_control' build argument 'cmake_target_skip_unavailable' from command line to 'False'
[0.334s] Level 5:colcon.colcon_core.verb:set package 'crazyflie_control' build argument 'cmake_clean_cache' from command line to 'False'
[0.334s] Level 5:colcon.colcon_core.verb:set package 'crazyflie_control' build argument 'cmake_clean_first' from command line to 'False'
[0.335s] Level 5:colcon.colcon_core.verb:set package 'crazyflie_control' build argument 'cmake_force_configure' from command line to 'False'
[0.335s] Level 5:colcon.colcon_core.verb:set package 'crazyflie_control' build argument 'ament_cmake_args' from command line to 'None'
[0.335s] Level 5:colcon.colcon_core.verb:set package 'crazyflie_control' build argument 'catkin_cmake_args' from command line to 'None'
[0.335s] Level 5:colcon.colcon_core.verb:set package 'crazyflie_control' build argument 'catkin_skip_building_tests' from command line to 'False'
[0.335s] DEBUG:colcon.colcon_core.verb:Building package 'crazyflie_control' with the following arguments: {'ament_cmake_args': None, 'build_base': '/home/user/data/drones_ship_ws/build/crazyflie_control', 'catkin_cmake_args': None, 'catkin_skip_building_tests': False, 'cmake_args': None, 'cmake_clean_cache': False, 'cmake_clean_first': False, 'cmake_force_configure': False, 'cmake_target': None, 'cmake_target_skip_unavailable': False, 'install_base': '/home/user/data/drones_ship_ws/install/crazyflie_control', 'merge_install': False, 'path': '/home/user/data/drones_ship_ws/src/drone_ship/crazyflie_control', 'symlink_install': False, 'test_result_base': None}
[0.335s] Level 5:colcon.colcon_core.verb:set package 'crazyflie_ekf' build argument 'cmake_args' from command line to 'None'
[0.335s] Level 5:colcon.colcon_core.verb:set package 'crazyflie_ekf' build argument 'cmake_target' from command line to 'None'
[0.335s] Level 5:colcon.colcon_core.verb:set package 'crazyflie_ekf' build argument 'cmake_target_skip_unavailable' from command line to 'False'
[0.335s] Level 5:colcon.colcon_core.verb:set package 'crazyflie_ekf' build argument 'cmake_clean_cache' from command line to 'False'
[0.335s] Level 5:colcon.colcon_core.verb:set package 'crazyflie_ekf' build argument 'cmake_clean_first' from command line to 'False'
[0.335s] Level 5:colcon.colcon_core.verb:set package 'crazyflie_ekf' build argument 'cmake_force_configure' from command line to 'False'
[0.335s] Level 5:colcon.colcon_core.verb:set package 'crazyflie_ekf' build argument 'ament_cmake_args' from command line to 'None'
[0.335s] Level 5:colcon.colcon_core.verb:set package 'crazyflie_ekf' build argument 'catkin_cmake_args' from command line to 'None'
[0.335s] Level 5:colcon.colcon_core.verb:set package 'crazyflie_ekf' build argument 'catkin_skip_building_tests' from command line to 'False'
[0.335s] DEBUG:colcon.colcon_core.verb:Building package 'crazyflie_ekf' with the following arguments: {'ament_cmake_args': None, 'build_base': '/home/user/data/drones_ship_ws/build/crazyflie_ekf', 'catkin_cmake_args': None, 'catkin_skip_building_tests': False, 'cmake_args': None, 'cmake_clean_cache': False, 'cmake_clean_first': False, 'cmake_force_configure': False, 'cmake_target': None, 'cmake_target_skip_unavailable': False, 'install_base': '/home/user/data/drones_ship_ws/install/crazyflie_ekf', 'merge_install': False, 'path': '/home/user/data/drones_ship_ws/src/drone_ship/crazyflie_ekf', 'symlink_install': False, 'test_result_base': None}
[0.335s] Level 5:colcon.colcon_core.verb:set package 'crazyflie_yolo' build argument 'cmake_args' from command line to 'None'
[0.335s] Level 5:colcon.colcon_core.verb:set package 'crazyflie_yolo' build argument 'cmake_target' from command line to 'None'
[0.335s] Level 5:colcon.colcon_core.verb:set package 'crazyflie_yolo' build argument 'cmake_target_skip_unavailable' from command line to 'False'
[0.335s] Level 5:colcon.colcon_core.verb:set package 'crazyflie_yolo' build argument 'cmake_clean_cache' from command line to 'False'
[0.335s] Level 5:colcon.colcon_core.verb:set package 'crazyflie_yolo' build argument 'cmake_clean_first' from command line to 'False'
[0.335s] Level 5:colcon.colcon_core.verb:set package 'crazyflie_yolo' build argument 'cmake_force_configure' from command line to 'False'
[0.335s] Level 5:colcon.colcon_core.verb:set package 'crazyflie_yolo' build argument 'ament_cmake_args' from command line to 'None'
[0.335s] Level 5:colcon.colcon_core.verb:set package 'crazyflie_yolo' build argument 'catkin_cmake_args' from command line to 'None'
[0.335s] Level 5:colcon.colcon_core.verb:set package 'crazyflie_yolo' build argument 'catkin_skip_building_tests' from command line to 'False'
[0.336s] DEBUG:colcon.colcon_core.verb:Building package 'crazyflie_yolo' with the following arguments: {'ament_cmake_args': None, 'build_base': '/home/user/data/drones_ship_ws/build/crazyflie_yolo', 'catkin_cmake_args': None, 'catkin_skip_building_tests': False, 'cmake_args': None, 'cmake_clean_cache': False, 'cmake_clean_first': False, 'cmake_force_configure': False, 'cmake_target': None, 'cmake_target_skip_unavailable': False, 'install_base': '/home/user/data/drones_ship_ws/install/crazyflie_yolo', 'merge_install': False, 'path': '/home/user/data/drones_ship_ws/src/drone_ship/crazyflie_yolo', 'symlink_install': False, 'test_result_base': None}
[0.336s] Level 5:colcon.colcon_core.verb:set package 'ros_gz_crazyflie_control' build argument 'cmake_args' from command line to 'None'
[0.336s] Level 5:colcon.colcon_core.verb:set package 'ros_gz_crazyflie_control' build argument 'cmake_target' from command line to 'None'
[0.336s] Level 5:colcon.colcon_core.verb:set package 'ros_gz_crazyflie_control' build argument 'cmake_target_skip_unavailable' from command line to 'False'
[0.336s] Level 5:colcon.colcon_core.verb:set package 'ros_gz_crazyflie_control' build argument 'cmake_clean_cache' from command line to 'False'
[0.336s] Level 5:colcon.colcon_core.verb:set package 'ros_gz_crazyflie_control' build argument 'cmake_clean_first' from command line to 'False'
[0.336s] Level 5:colcon.colcon_core.verb:set package 'ros_gz_crazyflie_control' build argument 'cmake_force_configure' from command line to 'False'
[0.336s] Level 5:colcon.colcon_core.verb:set package 'ros_gz_crazyflie_control' build argument 'ament_cmake_args' from command line to 'None'
[0.336s] Level 5:colcon.colcon_core.verb:set package 'ros_gz_crazyflie_control' build argument 'catkin_cmake_args' from command line to 'None'
[0.336s] Level 5:colcon.colcon_core.verb:set package 'ros_gz_crazyflie_control' build argument 'catkin_skip_building_tests' from command line to 'False'
[0.336s] DEBUG:colcon.colcon_core.verb:Building package 'ros_gz_crazyflie_control' with the following arguments: {'ament_cmake_args': None, 'build_base': '/home/user/data/drones_ship_ws/build/ros_gz_crazyflie_control', 'catkin_cmake_args': None, 'catkin_skip_building_tests': False, 'cmake_args': None, 'cmake_clean_cache': False, 'cmake_clean_first': False, 'cmake_force_configure': False, 'cmake_target': None, 'cmake_target_skip_unavailable': False, 'install_base': '/home/user/data/drones_ship_ws/install/ros_gz_crazyflie_control', 'merge_install': False, 'path': '/home/user/data/drones_ship_ws/src/drone_ship/ros_gz_crazyflie/ros_gz_crazyflie_control', 'symlink_install': False, 'test_result_base': None}
[0.336s] Level 5:colcon.colcon_core.verb:set package 'ros_gz_crazyflie_gazebo' build argument 'cmake_args' from command line to 'None'
[0.336s] Level 5:colcon.colcon_core.verb:set package 'ros_gz_crazyflie_gazebo' build argument 'cmake_target' from command line to 'None'
[0.336s] Level 5:colcon.colcon_core.verb:set package 'ros_gz_crazyflie_gazebo' build argument 'cmake_target_skip_unavailable' from command line to 'False'
[0.336s] Level 5:colcon.colcon_core.verb:set package 'ros_gz_crazyflie_gazebo' build argument 'cmake_clean_cache' from command line to 'False'
[0.336s] Level 5:colcon.colcon_core.verb:set package 'ros_gz_crazyflie_gazebo' build argument 'cmake_clean_first' from command line to 'False'
[0.336s] Level 5:colcon.colcon_core.verb:set package 'ros_gz_crazyflie_gazebo' build argument 'cmake_force_configure' from command line to 'False'
[0.336s] Level 5:colcon.colcon_core.verb:set package 'ros_gz_crazyflie_gazebo' build argument 'ament_cmake_args' from command line to 'None'
[0.336s] Level 5:colcon.colcon_core.verb:set package 'ros_gz_crazyflie_gazebo' build argument 'catkin_cmake_args' from command line to 'None'
[0.336s] Level 5:colcon.colcon_core.verb:set package 'ros_gz_crazyflie_gazebo' build argument 'catkin_skip_building_tests' from command line to 'False'
[0.336s] DEBUG:colcon.colcon_core.verb:Building package 'ros_gz_crazyflie_gazebo' with the following arguments: {'ament_cmake_args': None, 'build_base': '/home/user/data/drones_ship_ws/build/ros_gz_crazyflie_gazebo', 'catkin_cmake_args': None, 'catkin_skip_building_tests': False, 'cmake_args': None, 'cmake_clean_cache': False, 'cmake_clean_first': False, 'cmake_force_configure': False, 'cmake_target': None, 'cmake_target_skip_unavailable': False, 'install_base': '/home/user/data/drones_ship_ws/install/ros_gz_crazyflie_gazebo', 'merge_install': False, 'path': '/home/user/data/drones_ship_ws/src/drone_ship/ros_gz_crazyflie/ros_gz_crazyflie_gazebo', 'symlink_install': False, 'test_result_base': None}
[0.337s] Level 5:colcon.colcon_core.verb:set package 'vrx_gazebo' build argument 'cmake_args' from command line to 'None'
[0.337s] Level 5:colcon.colcon_core.verb:set package 'vrx_gazebo' build argument 'cmake_target' from command line to 'None'
[0.337s] Level 5:colcon.colcon_core.verb:set package 'vrx_gazebo' build argument 'cmake_target_skip_unavailable' from command line to 'False'
[0.337s] Level 5:colcon.colcon_core.verb:set package 'vrx_gazebo' build argument 'cmake_clean_cache' from command line to 'False'
[0.337s] Level 5:colcon.colcon_core.verb:set package 'vrx_gazebo' build argument 'cmake_clean_first' from command line to 'False'
[0.337s] Level 5:colcon.colcon_core.verb:set package 'vrx_gazebo' build argument 'cmake_force_configure' from command line to 'False'
[0.337s] Level 5:colcon.colcon_core.verb:set package 'vrx_gazebo' build argument 'ament_cmake_args' from command line to 'None'
[0.337s] Level 5:colcon.colcon_core.verb:set package 'vrx_gazebo' build argument 'catkin_cmake_args' from command line to 'None'
[0.337s] Level 5:colcon.colcon_core.verb:set package 'vrx_gazebo' build argument 'catkin_skip_building_tests' from command line to 'False'
[0.337s] DEBUG:colcon.colcon_core.verb:Building package 'vrx_gazebo' with the following arguments: {'ament_cmake_args': None, 'build_base': '/home/user/data/drones_ship_ws/build/vrx_gazebo', 'catkin_cmake_args': None, 'catkin_skip_building_tests': False, 'cmake_args': None, 'cmake_clean_cache': False, 'cmake_clean_first': False, 'cmake_force_configure': False, 'cmake_target': None, 'cmake_target_skip_unavailable': False, 'install_base': '/home/user/data/drones_ship_ws/install/vrx_gazebo', 'merge_install': False, 'path': '/home/user/data/drones_ship_ws/src/drone_ship/vrx/vrx_urdf/vrx_gazebo', 'symlink_install': False, 'test_result_base': None}
[0.337s] Level 5:colcon.colcon_core.verb:set package 'vrx_ros' build argument 'cmake_args' from command line to 'None'
[0.337s] Level 5:colcon.colcon_core.verb:set package 'vrx_ros' build argument 'cmake_target' from command line to 'None'
[0.337s] Level 5:colcon.colcon_core.verb:set package 'vrx_ros' build argument 'cmake_target_skip_unavailable' from command line to 'False'
[0.337s] Level 5:colcon.colcon_core.verb:set package 'vrx_ros' build argument 'cmake_clean_cache' from command line to 'False'
[0.337s] Level 5:colcon.colcon_core.verb:set package 'vrx_ros' build argument 'cmake_clean_first' from command line to 'False'
[0.337s] Level 5:colcon.colcon_core.verb:set package 'vrx_ros' build argument 'cmake_force_configure' from command line to 'False'
[0.337s] Level 5:colcon.colcon_core.verb:set package 'vrx_ros' build argument 'ament_cmake_args' from command line to 'None'
[0.337s] Level 5:colcon.colcon_core.verb:set package 'vrx_ros' build argument 'catkin_cmake_args' from command line to 'None'
[0.337s] Level 5:colcon.colcon_core.verb:set package 'vrx_ros' build argument 'catkin_skip_building_tests' from command line to 'False'
[0.337s] DEBUG:colcon.colcon_core.verb:Building package 'vrx_ros' with the following arguments: {'ament_cmake_args': None, 'build_base': '/home/user/data/drones_ship_ws/build/vrx_ros', 'catkin_cmake_args': None, 'catkin_skip_building_tests': False, 'cmake_args': None, 'cmake_clean_cache': False, 'cmake_clean_first': False, 'cmake_force_configure': False, 'cmake_target': None, 'cmake_target_skip_unavailable': False, 'install_base': '/home/user/data/drones_ship_ws/install/vrx_ros', 'merge_install': False, 'path': '/home/user/data/drones_ship_ws/src/drone_ship/vrx/vrx_ros', 'symlink_install': False, 'test_result_base': None}
[0.337s] Level 5:colcon.colcon_core.verb:set package 'aquabot_description' build argument 'cmake_args' from command line to 'None'
[0.338s] Level 5:colcon.colcon_core.verb:set package 'aquabot_description' build argument 'cmake_target' from command line to 'None'
[0.338s] Level 5:colcon.colcon_core.verb:set package 'aquabot_description' build argument 'cmake_target_skip_unavailable' from command line to 'False'
[0.338s] Level 5:colcon.colcon_core.verb:set package 'aquabot_description' build argument 'cmake_clean_cache' from command line to 'False'
[0.338s] Level 5:colcon.colcon_core.verb:set package 'aquabot_description' build argument 'cmake_clean_first' from command line to 'False'
[0.338s] Level 5:colcon.colcon_core.verb:set package 'aquabot_description' build argument 'cmake_force_configure' from command line to 'False'
[0.338s] Level 5:colcon.colcon_core.verb:set package 'aquabot_description' build argument 'ament_cmake_args' from command line to 'None'
[0.338s] Level 5:colcon.colcon_core.verb:set package 'aquabot_description' build argument 'catkin_cmake_args' from command line to 'None'
[0.338s] Level 5:colcon.colcon_core.verb:set package 'aquabot_description' build argument 'catkin_skip_building_tests' from command line to 'False'
[0.338s] DEBUG:colcon.colcon_core.verb:Building package 'aquabot_description' with the following arguments: {'ament_cmake_args': None, 'build_base': '/home/user/data/drones_ship_ws/build/aquabot_description', 'catkin_cmake_args': None, 'catkin_skip_building_tests': False, 'cmake_args': None, 'cmake_clean_cache': False, 'cmake_clean_first': False, 'cmake_force_configure': False, 'cmake_target': None, 'cmake_target_skip_unavailable': False, 'install_base': '/home/user/data/drones_ship_ws/install/aquabot_description', 'merge_install': False, 'path': '/home/user/data/drones_ship_ws/src/drone_ship/aquabot_description', 'symlink_install': False, 'test_result_base': None}
[0.338s] Level 5:colcon.colcon_core.verb:set package 'ros_gz_crazyflie_bringup' build argument 'cmake_args' from command line to 'None'
[0.338s] Level 5:colcon.colcon_core.verb:set package 'ros_gz_crazyflie_bringup' build argument 'cmake_target' from command line to 'None'
[0.338s] Level 5:colcon.colcon_core.verb:set package 'ros_gz_crazyflie_bringup' build argument 'cmake_target_skip_unavailable' from command line to 'False'
[0.338s] Level 5:colcon.colcon_core.verb:set package 'ros_gz_crazyflie_bringup' build argument 'cmake_clean_cache' from command line to 'False'
[0.338s] Level 5:colcon.colcon_core.verb:set package 'ros_gz_crazyflie_bringup' build argument 'cmake_clean_first' from command line to 'False'
[0.338s] Level 5:colcon.colcon_core.verb:set package 'ros_gz_crazyflie_bringup' build argument 'cmake_force_configure' from command line to 'False'
[0.338s] Level 5:colcon.colcon_core.verb:set package 'ros_gz_crazyflie_bringup' build argument 'ament_cmake_args' from command line to 'None'
[0.338s] Level 5:colcon.colcon_core.verb:set package 'ros_gz_crazyflie_bringup' build argument 'catkin_cmake_args' from command line to 'None'
[0.338s] Level 5:colcon.colcon_core.verb:set package 'ros_gz_crazyflie_bringup' build argument 'catkin_skip_building_tests' from command line to 'False'
[0.338s] DEBUG:colcon.colcon_core.verb:Building package 'ros_gz_crazyflie_bringup' with the following arguments: {'ament_cmake_args': None, 'build_base': '/home/user/data/drones_ship_ws/build/ros_gz_crazyflie_bringup', 'catkin_cmake_args': None, 'catkin_skip_building_tests': False, 'cmake_args': None, 'cmake_clean_cache': False, 'cmake_clean_first': False, 'cmake_force_configure': False, 'cmake_target': None, 'cmake_target_skip_unavailable': False, 'install_base': '/home/user/data/drones_ship_ws/install/ros_gz_crazyflie_bringup', 'merge_install': False, 'path': '/home/user/data/drones_ship_ws/src/drone_ship/ros_gz_crazyflie/ros_gz_crazyflie_bringup', 'symlink_install': False, 'test_result_base': None}
[0.338s] Level 5:colcon.colcon_core.verb:set package 'vrx_gz' build argument 'cmake_args' from command line to 'None'
[0.338s] Level 5:colcon.colcon_core.verb:set package 'vrx_gz' build argument 'cmake_target' from command line to 'None'
[0.338s] Level 5:colcon.colcon_core.verb:set package 'vrx_gz' build argument 'cmake_target_skip_unavailable' from command line to 'False'
[0.338s] Level 5:colcon.colcon_core.verb:set package 'vrx_gz' build argument 'cmake_clean_cache' from command line to 'False'
[0.338s] Level 5:colcon.colcon_core.verb:set package 'vrx_gz' build argument 'cmake_clean_first' from command line to 'False'
[0.338s] Level 5:colcon.colcon_core.verb:set package 'vrx_gz' build argument 'cmake_force_configure' from command line to 'False'
[0.338s] Level 5:colcon.colcon_core.verb:set package 'vrx_gz' build argument 'ament_cmake_args' from command line to 'None'
[0.338s] Level 5:colcon.colcon_core.verb:set package 'vrx_gz' build argument 'catkin_cmake_args' from command line to 'None'
[0.339s] Level 5:colcon.colcon_core.verb:set package 'vrx_gz' build argument 'catkin_skip_building_tests' from command line to 'False'
[0.339s] DEBUG:colcon.colcon_core.verb:Building package 'vrx_gz' with the following arguments: {'ament_cmake_args': None, 'build_base': '/home/user/data/drones_ship_ws/build/vrx_gz', 'catkin_cmake_args': None, 'catkin_skip_building_tests': False, 'cmake_args': None, 'cmake_clean_cache': False, 'cmake_clean_first': False, 'cmake_force_configure': False, 'cmake_target': None, 'cmake_target_skip_unavailable': False, 'install_base': '/home/user/data/drones_ship_ws/install/vrx_gz', 'merge_install': False, 'path': '/home/user/data/drones_ship_ws/src/drone_ship/vrx/vrx_gz', 'symlink_install': False, 'test_result_base': None}
[0.339s] Level 5:colcon.colcon_core.verb:set package 'wamv_description' build argument 'cmake_args' from command line to 'None'
[0.339s] Level 5:colcon.colcon_core.verb:set package 'wamv_description' build argument 'cmake_target' from command line to 'None'
[0.339s] Level 5:colcon.colcon_core.verb:set package 'wamv_description' build argument 'cmake_target_skip_unavailable' from command line to 'False'
[0.339s] Level 5:colcon.colcon_core.verb:set package 'wamv_description' build argument 'cmake_clean_cache' from command line to 'False'
[0.339s] Level 5:colcon.colcon_core.verb:set package 'wamv_description' build argument 'cmake_clean_first' from command line to 'False'
[0.339s] Level 5:colcon.colcon_core.verb:set package 'wamv_description' build argument 'cmake_force_configure' from command line to 'False'
[0.339s] Level 5:colcon.colcon_core.verb:set package 'wamv_description' build argument 'ament_cmake_args' from command line to 'None'
[0.339s] Level 5:colcon.colcon_core.verb:set package 'wamv_description' build argument 'catkin_cmake_args' from command line to 'None'
[0.339s] Level 5:colcon.colcon_core.verb:set package 'wamv_description' build argument 'catkin_skip_building_tests' from command line to 'False'
[0.339s] DEBUG:colcon.colcon_core.verb:Building package 'wamv_description' with the following arguments: {'ament_cmake_args': None, 'build_base': '/home/user/data/drones_ship_ws/build/wamv_description', 'catkin_cmake_args': None, 'catkin_skip_building_tests': False, 'cmake_args': None, 'cmake_clean_cache': False, 'cmake_clean_first': False, 'cmake_force_configure': False, 'cmake_target': None, 'cmake_target_skip_unavailable': False, 'install_base': '/home/user/data/drones_ship_ws/install/wamv_description', 'merge_install': False, 'path': '/home/user/data/drones_ship_ws/src/drone_ship/vrx/vrx_urdf/wamv_description', 'symlink_install': False, 'test_result_base': None}
[0.339s] Level 5:colcon.colcon_core.verb:set package 'wamv_gazebo' build argument 'cmake_args' from command line to 'None'
[0.339s] Level 5:colcon.colcon_core.verb:set package 'wamv_gazebo' build argument 'cmake_target' from command line to 'None'
[0.339s] Level 5:colcon.colcon_core.verb:set package 'wamv_gazebo' build argument 'cmake_target_skip_unavailable' from command line to 'False'
[0.339s] Level 5:colcon.colcon_core.verb:set package 'wamv_gazebo' build argument 'cmake_clean_cache' from command line to 'False'
[0.339s] Level 5:colcon.colcon_core.verb:set package 'wamv_gazebo' build argument 'cmake_clean_first' from command line to 'False'
[0.339s] Level 5:colcon.colcon_core.verb:set package 'wamv_gazebo' build argument 'cmake_force_configure' from command line to 'False'
[0.339s] Level 5:colcon.colcon_core.verb:set package 'wamv_gazebo' build argument 'ament_cmake_args' from command line to 'None'
[0.339s] Level 5:colcon.colcon_core.verb:set package 'wamv_gazebo' build argument 'catkin_cmake_args' from command line to 'None'
[0.339s] Level 5:colcon.colcon_core.verb:set package 'wamv_gazebo' build argument 'catkin_skip_building_tests' from command line to 'False'
[0.339s] DEBUG:colcon.colcon_core.verb:Building package 'wamv_gazebo' with the following arguments: {'ament_cmake_args': None, 'build_base': '/home/user/data/drones_ship_ws/build/wamv_gazebo', 'catkin_cmake_args': None, 'catkin_skip_building_tests': False, 'cmake_args': None, 'cmake_clean_cache': False, 'cmake_clean_first': False, 'cmake_force_configure': False, 'cmake_target': None, 'cmake_target_skip_unavailable': False, 'install_base': '/home/user/data/drones_ship_ws/install/wamv_gazebo', 'merge_install': False, 'path': '/home/user/data/drones_ship_ws/src/drone_ship/vrx/vrx_urdf/wamv_gazebo', 'symlink_install': False, 'test_result_base': None}
[0.339s] INFO:colcon.colcon_core.executor:Executing jobs using 'parallel' executor
[0.341s] DEBUG:colcon.colcon_parallel_executor.executor.parallel:run_until_complete
[0.341s] INFO:colcon.colcon_ros.task.ament_cmake.build:Building ROS package in '/home/user/data/drones_ship_ws/src/drone_ship/vrx/vrx_urdf/vrx_gazebo' with build type 'ament_cmake'
[0.341s] INFO:colcon.colcon_cmake.task.cmake.build:Building CMake package in '/home/user/data/drones_ship_ws/src/drone_ship/vrx/vrx_urdf/vrx_gazebo'
[0.343s] INFO:colcon.colcon_core.plugin_system:Skipping extension 'colcon_core.shell.bat': Not used on non-Windows systems
[0.343s] INFO:colcon.colcon_core.shell:Skip shell extension 'powershell' for command environment: Not usable outside of PowerShell
[0.343s] DEBUG:colcon.colcon_core.shell:Skip shell extension 'dsv' for command environment
[0.349s] INFO:colcon.colcon_ros.task.ament_cmake.build:Building ROS package in '/home/user/data/drones_ship_ws/src/drone_ship/ros_gz_crazyflie/ros_gz_crazyflie_gazebo' with build type 'ament_cmake'
[0.349s] INFO:colcon.colcon_cmake.task.cmake.build:Building CMake package in '/home/user/data/drones_ship_ws/src/drone_ship/ros_gz_crazyflie/ros_gz_crazyflie_gazebo'
[0.350s] INFO:colcon.colcon_core.shell:Skip shell extension 'powershell' for command environment: Not usable outside of PowerShell
[0.350s] DEBUG:colcon.colcon_core.shell:Skip shell extension 'dsv' for command environment
[0.355s] INFO:colcon.colcon_ros.task.ament_cmake.build:Building ROS package in '/home/user/data/drones_ship_ws/src/drone_ship/vrx/vrx_ros' with build type 'ament_cmake'
[0.355s] INFO:colcon.colcon_cmake.task.cmake.build:Building CMake package in '/home/user/data/drones_ship_ws/src/drone_ship/vrx/vrx_ros'
[0.355s] INFO:colcon.colcon_core.shell:Skip shell extension 'powershell' for command environment: Not usable outside of PowerShell
[0.355s] DEBUG:colcon.colcon_core.shell:Skip shell extension 'dsv' for command environment
[0.361s] INFO:colcon.colcon_ros.task.ament_cmake.build:Building ROS package in '/home/user/data/drones_ship_ws/src/drone_ship/aquabot_ekf' with build type 'ament_cmake'
[0.361s] INFO:colcon.colcon_cmake.task.cmake.build:Building CMake package in '/home/user/data/drones_ship_ws/src/drone_ship/aquabot_ekf'
[0.361s] INFO:colcon.colcon_core.shell:Skip shell extension 'powershell' for command environment: Not usable outside of PowerShell
[0.361s] DEBUG:colcon.colcon_core.shell:Skip shell extension 'dsv' for command environment
[0.367s] INFO:colcon.colcon_ros.task.ament_cmake.build:Building ROS package in '/home/user/data/drones_ship_ws/src/drone_ship/aquabot_gz' with build type 'ament_cmake'
[0.367s] INFO:colcon.colcon_cmake.task.cmake.build:Building CMake package in '/home/user/data/drones_ship_ws/src/drone_ship/aquabot_gz'
[0.367s] INFO:colcon.colcon_core.shell:Skip shell extension 'powershell' for command environment: Not usable outside of PowerShell
[0.367s] DEBUG:colcon.colcon_core.shell:Skip shell extension 'dsv' for command environment
[0.373s] INFO:colcon.colcon_ros.task.ament_cmake.build:Building ROS package in '/home/user/data/drones_ship_ws/src/drone_ship/aquabot_motion' with build type 'ament_cmake'
[0.373s] INFO:colcon.colcon_cmake.task.cmake.build:Building CMake package in '/home/user/data/drones_ship_ws/src/drone_ship/aquabot_motion'
[0.373s] INFO:colcon.colcon_core.shell:Skip shell extension 'powershell' for command environment: Not usable outside of PowerShell
[0.373s] DEBUG:colcon.colcon_core.shell:Skip shell extension 'dsv' for command environment
[0.378s] INFO:colcon.colcon_ros.task.ament_cmake.build:Building ROS package in '/home/user/data/drones_ship_ws/src/drone_ship/crazyflie_control' with build type 'ament_cmake'
[0.378s] INFO:colcon.colcon_cmake.task.cmake.build:Building CMake package in '/home/user/data/drones_ship_ws/src/drone_ship/crazyflie_control'
[0.378s] INFO:colcon.colcon_core.shell:Skip shell extension 'powershell' for command environment: Not usable outside of PowerShell
[0.378s] DEBUG:colcon.colcon_core.shell:Skip shell extension 'dsv' for command environment
[0.384s] INFO:colcon.colcon_ros.task.ament_cmake.build:Building ROS package in '/home/user/data/drones_ship_ws/src/drone_ship/crazyflie_ekf' with build type 'ament_cmake'
[0.384s] INFO:colcon.colcon_cmake.task.cmake.build:Building CMake package in '/home/user/data/drones_ship_ws/src/drone_ship/crazyflie_ekf'
[0.384s] INFO:colcon.colcon_core.shell:Skip shell extension 'powershell' for command environment: Not usable outside of PowerShell
[0.384s] DEBUG:colcon.colcon_core.shell:Skip shell extension 'dsv' for command environment
[0.390s] INFO:colcon.colcon_ros.task.ament_cmake.build:Building ROS package in '/home/user/data/drones_ship_ws/src/drone_ship/crazyflie_yolo' with build type 'ament_cmake'
[0.390s] INFO:colcon.colcon_cmake.task.cmake.build:Building CMake package in '/home/user/data/drones_ship_ws/src/drone_ship/crazyflie_yolo'
[0.390s] INFO:colcon.colcon_core.shell:Skip shell extension 'powershell' for command environment: Not usable outside of PowerShell
[0.390s] DEBUG:colcon.colcon_core.shell:Skip shell extension 'dsv' for command environment
[0.396s] INFO:colcon.colcon_ros.task.ament_python.build:Building ROS package in '/home/user/data/drones_ship_ws/src/drone_ship/ros_gz_crazyflie/ros_gz_crazyflie_control' with build type 'ament_python'
[0.396s] Level 1:colcon.colcon_core.shell:create_environment_hook('ros_gz_crazyflie_control', 'ament_prefix_path')
[0.396s] INFO:colcon.colcon_core.shell:Creating environment hook '/home/user/data/drones_ship_ws/install/ros_gz_crazyflie_control/share/ros_gz_crazyflie_control/hook/ament_prefix_path.ps1'
[0.396s] INFO:colcon.colcon_core.shell:Creating environment descriptor '/home/user/data/drones_ship_ws/install/ros_gz_crazyflie_control/share/ros_gz_crazyflie_control/hook/ament_prefix_path.dsv'
[0.397s] INFO:colcon.colcon_core.shell:Creating environment hook '/home/user/data/drones_ship_ws/install/ros_gz_crazyflie_control/share/ros_gz_crazyflie_control/hook/ament_prefix_path.sh'
[0.397s] INFO:colcon.colcon_core.shell:Skip shell extension 'powershell' for command environment: Not usable outside of PowerShell
[0.397s] DEBUG:colcon.colcon_core.shell:Skip shell extension 'dsv' for command environment
[0.408s] DEBUG:colcon.colcon_core.event_handler.log_command:Invoking command in '/home/user/data/drones_ship_ws/build/vrx_gazebo': CMAKE_PREFIX_PATH=${CMAKE_PREFIX_PATH}:/home/user/data/drones_ship_ws/install/ros_gz_crazyflie_control:/opt/ros/jazzy DEBUGINFOD_URLS=https://debuginfod.ubuntu.com /usr/bin/cmake --build /home/user/data/drones_ship_ws/build/vrx_gazebo -- -j20 -l20
[0.410s] DEBUG:colcon.colcon_core.event_handler.log_command:Invoking command in '/home/user/data/drones_ship_ws/build/ros_gz_crazyflie_gazebo': CMAKE_PREFIX_PATH=${CMAKE_PREFIX_PATH}:/home/user/data/drones_ship_ws/install/ros_gz_crazyflie_control:/opt/ros/jazzy DEBUGINFOD_URLS=https://debuginfod.ubuntu.com /usr/bin/cmake --build /home/user/data/drones_ship_ws/build/ros_gz_crazyflie_gazebo -- -j20 -l20
[0.412s] DEBUG:colcon.colcon_core.event_handler.log_command:Invoking command in '/home/user/data/drones_ship_ws/build/vrx_ros': CMAKE_PREFIX_PATH=${CMAKE_PREFIX_PATH}:/home/user/data/drones_ship_ws/install/ros_gz_crazyflie_control:/opt/ros/jazzy DEBUGINFOD_URLS=https://debuginfod.ubuntu.com /usr/bin/cmake --build /home/user/data/drones_ship_ws/build/vrx_ros -- -j20 -l20
[0.414s] DEBUG:colcon.colcon_core.event_handler.log_command:Invoking command in '/home/user/data/drones_ship_ws/build/aquabot_ekf': CMAKE_PREFIX_PATH=${CMAKE_PREFIX_PATH}:/home/user/data/drones_ship_ws/install/ros_gz_crazyflie_control:/opt/ros/jazzy DEBUGINFOD_URLS=https://debuginfod.ubuntu.com /usr/bin/cmake --build /home/user/data/drones_ship_ws/build/aquabot_ekf -- -j20 -l20
[0.416s] DEBUG:colcon.colcon_core.event_handler.log_command:Invoking command in '/home/user/data/drones_ship_ws/build/aquabot_gz': CMAKE_PREFIX_PATH=${CMAKE_PREFIX_PATH}:/home/user/data/drones_ship_ws/install/ros_gz_crazyflie_control:/opt/ros/jazzy DEBUGINFOD_URLS=https://debuginfod.ubuntu.com /usr/bin/cmake --build /home/user/data/drones_ship_ws/build/aquabot_gz -- -j20 -l20
[0.436s] DEBUG:colcon.colcon_core.event_handler.log_command:Invoking command in '/home/user/data/drones_ship_ws/build/aquabot_motion': CMAKE_PREFIX_PATH=${CMAKE_PREFIX_PATH}:/home/user/data/drones_ship_ws/install/ros_gz_crazyflie_control:/opt/ros/jazzy DEBUGINFOD_URLS=https://debuginfod.ubuntu.com /usr/bin/cmake --build /home/user/data/drones_ship_ws/build/aquabot_motion -- -j20 -l20
[0.439s] DEBUG:colcon.colcon_core.event_handler.log_command:Invoking command in '/home/user/data/drones_ship_ws/build/crazyflie_control': CMAKE_PREFIX_PATH=${CMAKE_PREFIX_PATH}:/home/user/data/drones_ship_ws/install/ros_gz_crazyflie_control:/opt/ros/jazzy DEBUGINFOD_URLS=https://debuginfod.ubuntu.com /usr/bin/cmake --build /home/user/data/drones_ship_ws/build/crazyflie_control -- -j20 -l20
[0.442s] DEBUG:colcon.colcon_core.event_handler.log_command:Invoking command in '/home/user/data/drones_ship_ws/build/crazyflie_ekf': CMAKE_PREFIX_PATH=${CMAKE_PREFIX_PATH}:/home/user/data/drones_ship_ws/install/ros_gz_crazyflie_control:/opt/ros/jazzy DEBUGINFOD_URLS=https://debuginfod.ubuntu.com /usr/bin/cmake --build /home/user/data/drones_ship_ws/build/crazyflie_ekf -- -j20 -l20
[0.445s] DEBUG:colcon.colcon_core.event_handler.log_command:Invoking command in '/home/user/data/drones_ship_ws/build/crazyflie_yolo': CMAKE_PREFIX_PATH=${CMAKE_PREFIX_PATH}:/home/user/data/drones_ship_ws/install/ros_gz_crazyflie_control:/opt/ros/jazzy DEBUGINFOD_URLS=https://debuginfod.ubuntu.com /usr/bin/cmake --build /home/user/data/drones_ship_ws/build/crazyflie_yolo -- -j20 -l20
[0.667s] INFO:colcon.colcon_core.task.python.build:Building Python package in '/home/user/data/drones_ship_ws/src/drone_ship/ros_gz_crazyflie/ros_gz_crazyflie_control'
[0.668s] INFO:colcon.colcon_core.shell:Skip shell extension 'powershell' for command environment: Not usable outside of PowerShell
[0.668s] DEBUG:colcon.colcon_core.shell:Skip shell extension 'dsv' for command environment
[0.673s] DEBUG:colcon.colcon_core.event_handler.log_command:Invoked command in '/home/user/data/drones_ship_ws/build/ros_gz_crazyflie_gazebo' returned '0': CMAKE_PREFIX_PATH=${CMAKE_PREFIX_PATH}:/home/user/data/drones_ship_ws/install/ros_gz_crazyflie_control:/opt/ros/jazzy DEBUGINFOD_URLS=https://debuginfod.ubuntu.com /usr/bin/cmake --build /home/user/data/drones_ship_ws/build/ros_gz_crazyflie_gazebo -- -j20 -l20
[0.692s] DEBUG:colcon.colcon_core.event_handler.log_command:Invoking command in '/home/user/data/drones_ship_ws/build/ros_gz_crazyflie_gazebo': CMAKE_PREFIX_PATH=${CMAKE_PREFIX_PATH}:/home/user/data/drones_ship_ws/install/ros_gz_crazyflie_control:/opt/ros/jazzy DEBUGINFOD_URLS=https://debuginfod.ubuntu.com /usr/bin/cmake --install /home/user/data/drones_ship_ws/build/ros_gz_crazyflie_gazebo
[0.692s] DEBUG:colcon.colcon_core.event_handler.log_command:Invoked command in '/home/user/data/drones_ship_ws/build/aquabot_ekf' returned '0': CMAKE_PREFIX_PATH=${CMAKE_PREFIX_PATH}:/home/user/data/drones_ship_ws/install/ros_gz_crazyflie_control:/opt/ros/jazzy DEBUGINFOD_URLS=https://debuginfod.ubuntu.com /usr/bin/cmake --build /home/user/data/drones_ship_ws/build/aquabot_ekf -- -j20 -l20
[0.693s] DEBUG:colcon.colcon_core.event_handler.log_command:Invoking command in '/home/user/data/drones_ship_ws/build/aquabot_ekf': CMAKE_PREFIX_PATH=${CMAKE_PREFIX_PATH}:/home/user/data/drones_ship_ws/install/ros_gz_crazyflie_control:/opt/ros/jazzy DEBUGINFOD_URLS=https://debuginfod.ubuntu.com /usr/bin/cmake --install /home/user/data/drones_ship_ws/build/aquabot_ekf
[0.694s] DEBUG:colcon.colcon_core.event_handler.log_command:Invoked command in '/home/user/data/drones_ship_ws/build/aquabot_motion' returned '0': CMAKE_PREFIX_PATH=${CMAKE_PREFIX_PATH}:/home/user/data/drones_ship_ws/install/ros_gz_crazyflie_control:/opt/ros/jazzy DEBUGINFOD_URLS=https://debuginfod.ubuntu.com /usr/bin/cmake --build /home/user/data/drones_ship_ws/build/aquabot_motion -- -j20 -l20
[0.694s] DEBUG:colcon.colcon_core.event_handler.log_command:Invoking command in '/home/user/data/drones_ship_ws/build/aquabot_motion': CMAKE_PREFIX_PATH=${CMAKE_PREFIX_PATH}:/home/user/data/drones_ship_ws/install/ros_gz_crazyflie_control:/opt/ros/jazzy DEBUGINFOD_URLS=https://debuginfod.ubuntu.com /usr/bin/cmake --install /home/user/data/drones_ship_ws/build/aquabot_motion
[0.695s] DEBUG:colcon.colcon_core.event_handler.log_command:Invoked command in '/home/user/data/drones_ship_ws/build/vrx_ros' returned '0': CMAKE_PREFIX_PATH=${CMAKE_PREFIX_PATH}:/home/user/data/drones_ship_ws/install/ros_gz_crazyflie_control:/opt/ros/jazzy DEBUGINFOD_URLS=https://debuginfod.ubuntu.com /usr/bin/cmake --build /home/user/data/drones_ship_ws/build/vrx_ros -- -j20 -l20
[0.696s] DEBUG:colcon.colcon_core.event_handler.log_command:Invoking command in '/home/user/data/drones_ship_ws/build/vrx_ros': CMAKE_PREFIX_PATH=${CMAKE_PREFIX_PATH}:/home/user/data/drones_ship_ws/install/ros_gz_crazyflie_control:/opt/ros/jazzy DEBUGINFOD_URLS=https://debuginfod.ubuntu.com /usr/bin/cmake --install /home/user/data/drones_ship_ws/build/vrx_ros
[0.696s] DEBUG:colcon.colcon_core.event_handler.log_command:Invoked command in '/home/user/data/drones_ship_ws/build/aquabot_gz' returned '0': CMAKE_PREFIX_PATH=${CMAKE_PREFIX_PATH}:/home/user/data/drones_ship_ws/install/ros_gz_crazyflie_control:/opt/ros/jazzy DEBUGINFOD_URLS=https://debuginfod.ubuntu.com /usr/bin/cmake --build /home/user/data/drones_ship_ws/build/aquabot_gz -- -j20 -l20
[0.697s] DEBUG:colcon.colcon_core.event_handler.log_command:Invoking command in '/home/user/data/drones_ship_ws/build/aquabot_gz': CMAKE_PREFIX_PATH=${CMAKE_PREFIX_PATH}:/home/user/data/drones_ship_ws/install/ros_gz_crazyflie_control:/opt/ros/jazzy DEBUGINFOD_URLS=https://debuginfod.ubuntu.com /usr/bin/cmake --install /home/user/data/drones_ship_ws/build/aquabot_gz
[0.698s] DEBUG:colcon.colcon_core.event_handler.log_command:Invoked command in '/home/user/data/drones_ship_ws/build/crazyflie_control' returned '0': CMAKE_PREFIX_PATH=${CMAKE_PREFIX_PATH}:/home/user/data/drones_ship_ws/install/ros_gz_crazyflie_control:/opt/ros/jazzy DEBUGINFOD_URLS=https://debuginfod.ubuntu.com /usr/bin/cmake --build /home/user/data/drones_ship_ws/build/crazyflie_control -- -j20 -l20
[0.699s] DEBUG:colcon.colcon_core.event_handler.log_command:Invoking command in '/home/user/data/drones_ship_ws/build/crazyflie_control': CMAKE_PREFIX_PATH=${CMAKE_PREFIX_PATH}:/home/user/data/drones_ship_ws/install/ros_gz_crazyflie_control:/opt/ros/jazzy DEBUGINFOD_URLS=https://debuginfod.ubuntu.com /usr/bin/cmake --install /home/user/data/drones_ship_ws/build/crazyflie_control
[0.700s] DEBUG:colcon.colcon_core.event_handler.log_command:Invoked command in '/home/user/data/drones_ship_ws/build/crazyflie_ekf' returned '0': CMAKE_PREFIX_PATH=${CMAKE_PREFIX_PATH}:/home/user/data/drones_ship_ws/install/ros_gz_crazyflie_control:/opt/ros/jazzy DEBUGINFOD_URLS=https://debuginfod.ubuntu.com /usr/bin/cmake --build /home/user/data/drones_ship_ws/build/crazyflie_ekf -- -j20 -l20
[0.702s] DEBUG:colcon.colcon_core.event_handler.log_command:Invoking command in '/home/user/data/drones_ship_ws/build/crazyflie_ekf': CMAKE_PREFIX_PATH=${CMAKE_PREFIX_PATH}:/home/user/data/drones_ship_ws/install/ros_gz_crazyflie_control:/opt/ros/jazzy DEBUGINFOD_URLS=https://debuginfod.ubuntu.com /usr/bin/cmake --install /home/user/data/drones_ship_ws/build/crazyflie_ekf
[0.710s] Level 1:colcon.colcon_core.environment:create_environment_scripts_only(aquabot_motion)
[0.718s] DEBUG:colcon.colcon_core.event_handler.log_command:Invoked command in '/home/user/data/drones_ship_ws/build/aquabot_motion' returned '0': CMAKE_PREFIX_PATH=${CMAKE_PREFIX_PATH}:/home/user/data/drones_ship_ws/install/ros_gz_crazyflie_control:/opt/ros/jazzy DEBUGINFOD_URLS=https://debuginfod.ubuntu.com /usr/bin/cmake --install /home/user/data/drones_ship_ws/build/aquabot_motion
[0.754s] Level 1:colcon.colcon_core.environment:checking '/home/user/data/drones_ship_ws/install/aquabot_motion' for CMake module files
[0.755s] Level 1:colcon.colcon_core.environment:checking '/home/user/data/drones_ship_ws/install/aquabot_motion' for CMake config files
[0.755s] Level 1:colcon.colcon_core.shell:create_environment_hook('aquabot_motion', 'cmake_prefix_path')
[0.755s] INFO:colcon.colcon_core.shell:Creating environment hook '/home/user/data/drones_ship_ws/install/aquabot_motion/share/aquabot_motion/hook/cmake_prefix_path.ps1'
[0.756s] INFO:colcon.colcon_core.shell:Creating environment descriptor '/home/user/data/drones_ship_ws/install/aquabot_motion/share/aquabot_motion/hook/cmake_prefix_path.dsv'
[0.756s] INFO:colcon.colcon_core.shell:Creating environment hook '/home/user/data/drones_ship_ws/install/aquabot_motion/share/aquabot_motion/hook/cmake_prefix_path.sh'
[0.757s] Level 1:colcon.colcon_core.environment:checking '/home/user/data/drones_ship_ws/install/aquabot_motion/lib'
[0.757s] Level 1:colcon.colcon_core.environment:checking '/home/user/data/drones_ship_ws/install/aquabot_motion/bin'
[0.757s] Level 1:colcon.colcon_core.environment:checking '/home/user/data/drones_ship_ws/install/aquabot_motion/lib/pkgconfig/aquabot_motion.pc'
[0.757s] Level 1:colcon.colcon_core.environment:checking '/home/user/data/drones_ship_ws/install/aquabot_motion/lib/python3.12/site-packages'
[0.758s] Level 1:colcon.colcon_core.environment:checking '/home/user/data/drones_ship_ws/install/aquabot_motion/bin'
[0.758s] INFO:colcon.colcon_core.shell:Creating package script '/home/user/data/drones_ship_ws/install/aquabot_motion/share/aquabot_motion/package.ps1'
[0.759s] INFO:colcon.colcon_core.shell:Creating package descriptor '/home/user/data/drones_ship_ws/install/aquabot_motion/share/aquabot_motion/package.dsv'
[0.759s] INFO:colcon.colcon_core.shell:Creating package script '/home/user/data/drones_ship_ws/install/aquabot_motion/share/aquabot_motion/package.sh'
[0.760s] INFO:colcon.colcon_core.shell:Creating package script '/home/user/data/drones_ship_ws/install/aquabot_motion/share/aquabot_motion/package.bash'
[0.760s] INFO:colcon.colcon_core.shell:Creating package script '/home/user/data/drones_ship_ws/install/aquabot_motion/share/aquabot_motion/package.zsh'
[0.761s] Level 1:colcon.colcon_core.environment:create_file_with_runtime_dependencies(/home/user/data/drones_ship_ws/install/aquabot_motion/share/colcon-core/packages/aquabot_motion)
[0.761s] Level 1:colcon.colcon_core.environment:create_environment_scripts_only(aquabot_motion)
[0.762s] Level 1:colcon.colcon_core.environment:checking '/home/user/data/drones_ship_ws/install/aquabot_motion' for CMake module files
[0.762s] Level 1:colcon.colcon_core.environment:checking '/home/user/data/drones_ship_ws/install/aquabot_motion' for CMake config files
[0.763s] Level 1:colcon.colcon_core.shell:create_environment_hook('aquabot_motion', 'cmake_prefix_path')
[0.763s] INFO:colcon.colcon_core.shell:Creating environment hook '/home/user/data/drones_ship_ws/install/aquabot_motion/share/aquabot_motion/hook/cmake_prefix_path.ps1'
[0.763s] INFO:colcon.colcon_core.shell:Creating environment descriptor '/home/user/data/drones_ship_ws/install/aquabot_motion/share/aquabot_motion/hook/cmake_prefix_path.dsv'
[0.764s] INFO:colcon.colcon_core.shell:Creating environment hook '/home/user/data/drones_ship_ws/install/aquabot_motion/share/aquabot_motion/hook/cmake_prefix_path.sh'
[0.764s] Level 1:colcon.colcon_core.environment:checking '/home/user/data/drones_ship_ws/install/aquabot_motion/lib'
[0.764s] Level 1:colcon.colcon_core.environment:checking '/home/user/data/drones_ship_ws/install/aquabot_motion/bin'
[0.765s] Level 1:colcon.colcon_core.environment:checking '/home/user/data/drones_ship_ws/install/aquabot_motion/lib/pkgconfig/aquabot_motion.pc'
[0.765s] Level 1:colcon.colcon_core.environment:checking '/home/user/data/drones_ship_ws/install/aquabot_motion/lib/python3.12/site-packages'
[0.765s] Level 1:colcon.colcon_core.environment:checking '/home/user/data/drones_ship_ws/install/aquabot_motion/bin'
[0.765s] INFO:colcon.colcon_core.shell:Creating package script '/home/user/data/drones_ship_ws/install/aquabot_motion/share/aquabot_motion/package.ps1'
[0.766s] INFO:colcon.colcon_core.shell:Creating package descriptor '/home/user/data/drones_ship_ws/install/aquabot_motion/share/aquabot_motion/package.dsv'
[0.766s] INFO:colcon.colcon_core.shell:Creating package script '/home/user/data/drones_ship_ws/install/aquabot_motion/share/aquabot_motion/package.sh'
[0.767s] INFO:colcon.colcon_core.shell:Creating package script '/home/user/data/drones_ship_ws/install/aquabot_motion/share/aquabot_motion/package.bash'
[0.767s] INFO:colcon.colcon_core.shell:Creating package script '/home/user/data/drones_ship_ws/install/aquabot_motion/share/aquabot_motion/package.zsh'
[0.767s] Level 1:colcon.colcon_core.environment:create_file_with_runtime_dependencies(/home/user/data/drones_ship_ws/install/aquabot_motion/share/colcon-core/packages/aquabot_motion)
[0.768s] Level 1:colcon.colcon_core.environment:create_environment_scripts_only(vrx_ros)
[0.769s] DEBUG:colcon.colcon_core.event_handler.log_command:Invoked command in '/home/user/data/drones_ship_ws/build/vrx_ros' returned '0': CMAKE_PREFIX_PATH=${CMAKE_PREFIX_PATH}:/home/user/data/drones_ship_ws/install/ros_gz_crazyflie_control:/opt/ros/jazzy DEBUGINFOD_URLS=https://debuginfod.ubuntu.com /usr/bin/cmake --install /home/user/data/drones_ship_ws/build/vrx_ros
[0.769s] Level 1:colcon.colcon_core.environment:checking '/home/user/data/drones_ship_ws/install/vrx_ros' for CMake module files
[0.770s] Level 1:colcon.colcon_core.environment:checking '/home/user/data/drones_ship_ws/install/vrx_ros' for CMake config files
[0.770s] Level 1:colcon.colcon_core.shell:create_environment_hook('vrx_ros', 'cmake_prefix_path')
[0.770s] INFO:colcon.colcon_core.shell:Creating environment hook '/home/user/data/drones_ship_ws/install/vrx_ros/share/vrx_ros/hook/cmake_prefix_path.ps1'
[0.771s] INFO:colcon.colcon_core.shell:Creating environment descriptor '/home/user/data/drones_ship_ws/install/vrx_ros/share/vrx_ros/hook/cmake_prefix_path.dsv'
[0.771s] INFO:colcon.colcon_core.shell:Creating environment hook '/home/user/data/drones_ship_ws/install/vrx_ros/share/vrx_ros/hook/cmake_prefix_path.sh'
[0.772s] Level 1:colcon.colcon_core.environment:checking '/home/user/data/drones_ship_ws/install/vrx_ros/lib'
[0.772s] Level 1:colcon.colcon_core.environment:checking '/home/user/data/drones_ship_ws/install/vrx_ros/bin'
[0.772s] Level 1:colcon.colcon_core.environment:checking '/home/user/data/drones_ship_ws/install/vrx_ros/lib/pkgconfig/vrx_ros.pc'
[0.772s] Level 1:colcon.colcon_core.environment:checking '/home/user/data/drones_ship_ws/install/vrx_ros/lib/python3.12/site-packages'
[0.772s] Level 1:colcon.colcon_core.environment:checking '/home/user/data/drones_ship_ws/install/vrx_ros/bin'
[0.772s] INFO:colcon.colcon_core.shell:Creating package script '/home/user/data/drones_ship_ws/install/vrx_ros/share/vrx_ros/package.ps1'
[0.773s] INFO:colcon.colcon_core.shell:Creating package descriptor '/home/user/data/drones_ship_ws/install/vrx_ros/share/vrx_ros/package.dsv'
[0.773s] INFO:colcon.colcon_core.shell:Creating package script '/home/user/data/drones_ship_ws/install/vrx_ros/share/vrx_ros/package.sh'
[0.774s] INFO:colcon.colcon_core.shell:Creating package script '/home/user/data/drones_ship_ws/install/vrx_ros/share/vrx_ros/package.bash'
[0.774s] INFO:colcon.colcon_core.shell:Creating package script '/home/user/data/drones_ship_ws/install/vrx_ros/share/vrx_ros/package.zsh'
[0.774s] Level 1:colcon.colcon_core.environment:create_file_with_runtime_dependencies(/home/user/data/drones_ship_ws/install/vrx_ros/share/colcon-core/packages/vrx_ros)
[0.775s] Level 1:colcon.colcon_core.environment:create_environment_scripts_only(vrx_ros)
[0.775s] Level 1:colcon.colcon_core.environment:checking '/home/user/data/drones_ship_ws/install/vrx_ros' for CMake module files
[0.776s] Level 1:colcon.colcon_core.environment:checking '/home/user/data/drones_ship_ws/install/vrx_ros' for CMake config files
[0.776s] Level 1:colcon.colcon_core.shell:create_environment_hook('vrx_ros', 'cmake_prefix_path')
[0.776s] INFO:colcon.colcon_core.shell:Creating environment hook '/home/user/data/drones_ship_ws/install/vrx_ros/share/vrx_ros/hook/cmake_prefix_path.ps1'
[0.777s] INFO:colcon.colcon_core.shell:Creating environment descriptor '/home/user/data/drones_ship_ws/install/vrx_ros/share/vrx_ros/hook/cmake_prefix_path.dsv'
[0.777s] INFO:colcon.colcon_core.shell:Creating environment hook '/home/user/data/drones_ship_ws/install/vrx_ros/share/vrx_ros/hook/cmake_prefix_path.sh'
[0.778s] Level 1:colcon.colcon_core.environment:checking '/home/user/data/drones_ship_ws/install/vrx_ros/lib'
[0.778s] Level 1:colcon.colcon_core.environment:checking '/home/user/data/drones_ship_ws/install/vrx_ros/bin'
[0.778s] Level 1:colcon.colcon_core.environment:checking '/home/user/data/drones_ship_ws/install/vrx_ros/lib/pkgconfig/vrx_ros.pc'
[0.778s] Level 1:colcon.colcon_core.environment:checking '/home/user/data/drones_ship_ws/install/vrx_ros/lib/python3.12/site-packages'
[0.778s] Level 1:colcon.colcon_core.environment:checking '/home/user/data/drones_ship_ws/install/vrx_ros/bin'
[0.778s] INFO:colcon.colcon_core.shell:Creating package script '/home/user/data/drones_ship_ws/install/vrx_ros/share/vrx_ros/package.ps1'
[0.779s] INFO:colcon.colcon_core.shell:Creating package descriptor '/home/user/data/drones_ship_ws/install/vrx_ros/share/vrx_ros/package.dsv'
[0.779s] INFO:colcon.colcon_core.shell:Creating package script '/home/user/data/drones_ship_ws/install/vrx_ros/share/vrx_ros/package.sh'
[0.780s] INFO:colcon.colcon_core.shell:Creating package script '/home/user/data/drones_ship_ws/install/vrx_ros/share/vrx_ros/package.bash'
[0.780s] INFO:colcon.colcon_core.shell:Creating package script '/home/user/data/drones_ship_ws/install/vrx_ros/share/vrx_ros/package.zsh'
[0.781s] Level 1:colcon.colcon_core.environment:create_file_with_runtime_dependencies(/home/user/data/drones_ship_ws/install/vrx_ros/share/colcon-core/packages/vrx_ros)
[0.782s] INFO:colcon.colcon_ros.task.ament_cmake.build:Building ROS package in '/home/user/data/drones_ship_ws/src/drone_ship/vrx/vrx_gz' with build type 'ament_cmake'
[0.782s] INFO:colcon.colcon_cmake.task.cmake.build:Building CMake package in '/home/user/data/drones_ship_ws/src/drone_ship/vrx/vrx_gz'
[0.782s] INFO:colcon.colcon_core.shell:Skip shell extension 'powershell' for command environment: Not usable outside of PowerShell
[0.782s] DEBUG:colcon.colcon_core.shell:Skip shell extension 'dsv' for command environment
[0.789s] Level 1:colcon.colcon_core.environment:create_environment_scripts_only(ros_gz_crazyflie_gazebo)
[0.789s] Level 1:colcon.colcon_core.environment:checking '/home/user/data/drones_ship_ws/install/ros_gz_crazyflie_gazebo' for CMake module files
[0.790s] DEBUG:colcon.colcon_core.event_handler.log_command:Invoked command in '/home/user/data/drones_ship_ws/build/ros_gz_crazyflie_gazebo' returned '0': CMAKE_PREFIX_PATH=${CMAKE_PREFIX_PATH}:/home/user/data/drones_ship_ws/install/ros_gz_crazyflie_control:/opt/ros/jazzy DEBUGINFOD_URLS=https://debuginfod.ubuntu.com /usr/bin/cmake --install /home/user/data/drones_ship_ws/build/ros_gz_crazyflie_gazebo
[0.790s] Level 1:colcon.colcon_core.environment:checking '/home/user/data/drones_ship_ws/install/ros_gz_crazyflie_gazebo' for CMake config files
[0.791s] Level 1:colcon.colcon_core.shell:create_environment_hook('ros_gz_crazyflie_gazebo', 'cmake_prefix_path')
[0.791s] INFO:colcon.colcon_core.shell:Creating environment hook '/home/user/data/drones_ship_ws/install/ros_gz_crazyflie_gazebo/share/ros_gz_crazyflie_gazebo/hook/cmake_prefix_path.ps1'
[0.791s] INFO:colcon.colcon_core.shell:Creating environment descriptor '/home/user/data/drones_ship_ws/install/ros_gz_crazyflie_gazebo/share/ros_gz_crazyflie_gazebo/hook/cmake_prefix_path.dsv'
[0.791s] INFO:colcon.colcon_core.shell:Creating environment hook '/home/user/data/drones_ship_ws/install/ros_gz_crazyflie_gazebo/share/ros_gz_crazyflie_gazebo/hook/cmake_prefix_path.sh'
[0.792s] Level 1:colcon.colcon_core.environment:checking '/home/user/data/drones_ship_ws/install/ros_gz_crazyflie_gazebo/bin'
[0.792s] Level 1:colcon.colcon_core.environment:checking '/home/user/data/drones_ship_ws/install/ros_gz_crazyflie_gazebo/lib/pkgconfig/ros_gz_crazyflie_gazebo.pc'
[0.792s] Level 1:colcon.colcon_core.environment:checking '/home/user/data/drones_ship_ws/install/ros_gz_crazyflie_gazebo/lib/python3.12/site-packages'
[0.793s] Level 1:colcon.colcon_core.environment:checking '/home/user/data/drones_ship_ws/install/ros_gz_crazyflie_gazebo/bin'
[0.793s] INFO:colcon.colcon_core.shell:Creating package script '/home/user/data/drones_ship_ws/install/ros_gz_crazyflie_gazebo/share/ros_gz_crazyflie_gazebo/package.ps1'
[0.793s] INFO:colcon.colcon_core.shell:Creating package descriptor '/home/user/data/drones_ship_ws/install/ros_gz_crazyflie_gazebo/share/ros_gz_crazyflie_gazebo/package.dsv'
[0.794s] INFO:colcon.colcon_core.shell:Creating package script '/home/user/data/drones_ship_ws/install/ros_gz_crazyflie_gazebo/share/ros_gz_crazyflie_gazebo/package.sh'
[0.794s] INFO:colcon.colcon_core.shell:Creating package script '/home/user/data/drones_ship_ws/install/ros_gz_crazyflie_gazebo/share/ros_gz_crazyflie_gazebo/package.bash'
[0.794s] INFO:colcon.colcon_core.shell:Creating package script '/home/user/data/drones_ship_ws/install/ros_gz_crazyflie_gazebo/share/ros_gz_crazyflie_gazebo/package.zsh'
[0.795s] Level 1:colcon.colcon_core.environment:create_file_with_runtime_dependencies(/home/user/data/drones_ship_ws/install/ros_gz_crazyflie_gazebo/share/colcon-core/packages/ros_gz_crazyflie_gazebo)
[0.795s] Level 1:colcon.colcon_core.environment:create_environment_scripts_only(ros_gz_crazyflie_gazebo)
[0.795s] Level 1:colcon.colcon_core.environment:checking '/home/user/data/drones_ship_ws/install/ros_gz_crazyflie_gazebo' for CMake module files
[0.796s] Level 1:colcon.colcon_core.environment:checking '/home/user/data/drones_ship_ws/install/ros_gz_crazyflie_gazebo' for CMake config files
[0.796s] Level 1:colcon.colcon_core.shell:create_environment_hook('ros_gz_crazyflie_gazebo', 'cmake_prefix_path')
[0.796s] INFO:colcon.colcon_core.shell:Creating environment hook '/home/user/data/drones_ship_ws/install/ros_gz_crazyflie_gazebo/share/ros_gz_crazyflie_gazebo/hook/cmake_prefix_path.ps1'
[0.796s] INFO:colcon.colcon_core.shell:Creating environment descriptor '/home/user/data/drones_ship_ws/install/ros_gz_crazyflie_gazebo/share/ros_gz_crazyflie_gazebo/hook/cmake_prefix_path.dsv'
[0.797s] INFO:colcon.colcon_core.shell:Creating environment hook '/home/user/data/drones_ship_ws/install/ros_gz_crazyflie_gazebo/share/ros_gz_crazyflie_gazebo/hook/cmake_prefix_path.sh'
[0.797s] Level 1:colcon.colcon_core.environment:checking '/home/user/data/drones_ship_ws/install/ros_gz_crazyflie_gazebo/bin'
[0.797s] Level 1:colcon.colcon_core.environment:checking '/home/user/data/drones_ship_ws/install/ros_gz_crazyflie_gazebo/lib/pkgconfig/ros_gz_crazyflie_gazebo.pc'
[0.798s] Level 1:colcon.colcon_core.environment:checking '/home/user/data/drones_ship_ws/install/ros_gz_crazyflie_gazebo/lib/python3.12/site-packages'
[0.798s] Level 1:colcon.colcon_core.environment:checking '/home/user/data/drones_ship_ws/install/ros_gz_crazyflie_gazebo/bin'
[0.798s] INFO:colcon.colcon_core.shell:Creating package script '/home/user/data/drones_ship_ws/install/ros_gz_crazyflie_gazebo/share/ros_gz_crazyflie_gazebo/package.ps1'
[0.798s] INFO:colcon.colcon_core.shell:Creating package descriptor '/home/user/data/drones_ship_ws/install/ros_gz_crazyflie_gazebo/share/ros_gz_crazyflie_gazebo/package.dsv'
[0.799s] INFO:colcon.colcon_core.shell:Creating package script '/home/user/data/drones_ship_ws/install/ros_gz_crazyflie_gazebo/share/ros_gz_crazyflie_gazebo/package.sh'
[0.799s] INFO:colcon.colcon_core.shell:Creating package script '/home/user/data/drones_ship_ws/install/ros_gz_crazyflie_gazebo/share/ros_gz_crazyflie_gazebo/package.bash'
[0.800s] INFO:colcon.colcon_core.shell:Creating package script '/home/user/data/drones_ship_ws/install/ros_gz_crazyflie_gazebo/share/ros_gz_crazyflie_gazebo/package.zsh'
[0.800s] Level 1:colcon.colcon_core.environment:create_file_with_runtime_dependencies(/home/user/data/drones_ship_ws/install/ros_gz_crazyflie_gazebo/share/colcon-core/packages/ros_gz_crazyflie_gazebo)
[0.800s] Level 1:colcon.colcon_core.environment:create_environment_scripts_only(crazyflie_control)
[0.800s] Level 1:colcon.colcon_core.environment:checking '/home/user/data/drones_ship_ws/install/crazyflie_control' for CMake module files
[0.801s] DEBUG:colcon.colcon_core.event_handler.log_command:Invoked command in '/home/user/data/drones_ship_ws/build/crazyflie_control' returned '0': CMAKE_PREFIX_PATH=${CMAKE_PREFIX_PATH}:/home/user/data/drones_ship_ws/install/ros_gz_crazyflie_control:/opt/ros/jazzy DEBUGINFOD_URLS=https://debuginfod.ubuntu.com /usr/bin/cmake --install /home/user/data/drones_ship_ws/build/crazyflie_control
[0.801s] Level 1:colcon.colcon_core.environment:checking '/home/user/data/drones_ship_ws/install/crazyflie_control' for CMake config files
[0.802s] Level 1:colcon.colcon_core.shell:create_environment_hook('crazyflie_control', 'cmake_prefix_path')
[0.802s] INFO:colcon.colcon_core.shell:Creating environment hook '/home/user/data/drones_ship_ws/install/crazyflie_control/share/crazyflie_control/hook/cmake_prefix_path.ps1'
[0.802s] INFO:colcon.colcon_core.shell:Creating environment descriptor '/home/user/data/drones_ship_ws/install/crazyflie_control/share/crazyflie_control/hook/cmake_prefix_path.dsv'
[0.803s] INFO:colcon.colcon_core.shell:Creating environment hook '/home/user/data/drones_ship_ws/install/crazyflie_control/share/crazyflie_control/hook/cmake_prefix_path.sh'
[0.803s] Level 1:colcon.colcon_core.environment:checking '/home/user/data/drones_ship_ws/install/crazyflie_control/lib'
[0.803s] Level 1:colcon.colcon_core.environment:checking '/home/user/data/drones_ship_ws/install/crazyflie_control/bin'
[0.803s] Level 1:colcon.colcon_core.environment:checking '/home/user/data/drones_ship_ws/install/crazyflie_control/lib/pkgconfig/crazyflie_control.pc'
[0.803s] Level 1:colcon.colcon_core.environment:checking '/home/user/data/drones_ship_ws/install/crazyflie_control/lib/python3.12/site-packages'
[0.804s] Level 1:colcon.colcon_core.environment:checking '/home/user/data/drones_ship_ws/install/crazyflie_control/bin'
[0.804s] INFO:colcon.colcon_core.shell:Creating package script '/home/user/data/drones_ship_ws/install/crazyflie_control/share/crazyflie_control/package.ps1'
[0.804s] INFO:colcon.colcon_core.shell:Creating package descriptor '/home/user/data/drones_ship_ws/install/crazyflie_control/share/crazyflie_control/package.dsv'
[0.805s] INFO:colcon.colcon_core.shell:Creating package script '/home/user/data/drones_ship_ws/install/crazyflie_control/share/crazyflie_control/package.sh'
[0.805s] INFO:colcon.colcon_core.shell:Creating package script '/home/user/data/drones_ship_ws/install/crazyflie_control/share/crazyflie_control/package.bash'
[0.805s] INFO:colcon.colcon_core.shell:Creating package script '/home/user/data/drones_ship_ws/install/crazyflie_control/share/crazyflie_control/package.zsh'
[0.806s] Level 1:colcon.colcon_core.environment:create_file_with_runtime_dependencies(/home/user/data/drones_ship_ws/install/crazyflie_control/share/colcon-core/packages/crazyflie_control)
[0.806s] Level 1:colcon.colcon_core.environment:create_environment_scripts_only(crazyflie_control)
[0.806s] Level 1:colcon.colcon_core.environment:checking '/home/user/data/drones_ship_ws/install/crazyflie_control' for CMake module files
[0.807s] Level 1:colcon.colcon_core.environment:checking '/home/user/data/drones_ship_ws/install/crazyflie_control' for CMake config files
[0.807s] Level 1:colcon.colcon_core.shell:create_environment_hook('crazyflie_control', 'cmake_prefix_path')
[0.807s] INFO:colcon.colcon_core.shell:Creating environment hook '/home/user/data/drones_ship_ws/install/crazyflie_control/share/crazyflie_control/hook/cmake_prefix_path.ps1'
[0.808s] INFO:colcon.colcon_core.shell:Creating environment descriptor '/home/user/data/drones_ship_ws/install/crazyflie_control/share/crazyflie_control/hook/cmake_prefix_path.dsv'
[0.808s] INFO:colcon.colcon_core.shell:Creating environment hook '/home/user/data/drones_ship_ws/install/crazyflie_control/share/crazyflie_control/hook/cmake_prefix_path.sh'
[0.808s] Level 1:colcon.colcon_core.environment:checking '/home/user/data/drones_ship_ws/install/crazyflie_control/lib'
[0.809s] Level 1:colcon.colcon_core.environment:checking '/home/user/data/drones_ship_ws/install/crazyflie_control/bin'
[0.809s] Level 1:colcon.colcon_core.environment:checking '/home/user/data/drones_ship_ws/install/crazyflie_control/lib/pkgconfig/crazyflie_control.pc'
[0.809s] Level 1:colcon.colcon_core.environment:checking '/home/user/data/drones_ship_ws/install/crazyflie_control/lib/python3.12/site-packages'
[0.809s] Level 1:colcon.colcon_core.environment:checking '/home/user/data/drones_ship_ws/install/crazyflie_control/bin'
[0.809s] INFO:colcon.colcon_core.shell:Creating package script '/home/user/data/drones_ship_ws/install/crazyflie_control/share/crazyflie_control/package.ps1'
[0.810s] INFO:colcon.colcon_core.shell:Creating package descriptor '/home/user/data/drones_ship_ws/install/crazyflie_control/share/crazyflie_control/package.dsv'
[0.810s] INFO:colcon.colcon_core.shell:Creating package script '/home/user/data/drones_ship_ws/install/crazyflie_control/share/crazyflie_control/package.sh'
[0.811s] INFO:colcon.colcon_core.shell:Creating package script '/home/user/data/drones_ship_ws/install/crazyflie_control/share/crazyflie_control/package.bash'
[0.811s] INFO:colcon.colcon_core.shell:Creating package script '/home/user/data/drones_ship_ws/install/crazyflie_control/share/crazyflie_control/package.zsh'
[0.811s] Level 1:colcon.colcon_core.environment:create_file_with_runtime_dependencies(/home/user/data/drones_ship_ws/install/crazyflie_control/share/colcon-core/packages/crazyflie_control)
[0.812s] Level 1:colcon.colcon_core.environment:create_environment_scripts_only(aquabot_ekf)
[0.812s] Level 1:colcon.colcon_core.environment:checking '/home/user/data/drones_ship_ws/install/aquabot_ekf' for CMake module files
[0.813s] DEBUG:colcon.colcon_core.event_handler.log_command:Invoked command in '/home/user/data/drones_ship_ws/build/aquabot_ekf' returned '0': CMAKE_PREFIX_PATH=${CMAKE_PREFIX_PATH}:/home/user/data/drones_ship_ws/install/ros_gz_crazyflie_control:/opt/ros/jazzy DEBUGINFOD_URLS=https://debuginfod.ubuntu.com /usr/bin/cmake --install /home/user/data/drones_ship_ws/build/aquabot_ekf
[0.813s] Level 1:colcon.colcon_core.environment:checking '/home/user/data/drones_ship_ws/install/aquabot_ekf' for CMake config files
[0.813s] Level 1:colcon.colcon_core.shell:create_environment_hook('aquabot_ekf', 'cmake_prefix_path')
[0.814s] INFO:colcon.colcon_core.shell:Creating environment hook '/home/user/data/drones_ship_ws/install/aquabot_ekf/share/aquabot_ekf/hook/cmake_prefix_path.ps1'
[0.814s] INFO:colcon.colcon_core.shell:Creating environment descriptor '/home/user/data/drones_ship_ws/install/aquabot_ekf/share/aquabot_ekf/hook/cmake_prefix_path.dsv'
[0.814s] INFO:colcon.colcon_core.shell:Creating environment hook '/home/user/data/drones_ship_ws/install/aquabot_ekf/share/aquabot_ekf/hook/cmake_prefix_path.sh'
[0.815s] Level 1:colcon.colcon_core.environment:checking '/home/user/data/drones_ship_ws/install/aquabot_ekf/lib'
[0.815s] Level 1:colcon.colcon_core.environment:checking '/home/user/data/drones_ship_ws/install/aquabot_ekf/bin'
[0.815s] Level 1:colcon.colcon_core.environment:checking '/home/user/data/drones_ship_ws/install/aquabot_ekf/lib/pkgconfig/aquabot_ekf.pc'
[0.815s] Level 1:colcon.colcon_core.environment:checking '/home/user/data/drones_ship_ws/install/aquabot_ekf/lib/python3.12/site-packages'
[0.815s] Level 1:colcon.colcon_core.environment:checking '/home/user/data/drones_ship_ws/install/aquabot_ekf/bin'
[0.816s] INFO:colcon.colcon_core.shell:Creating package script '/home/user/data/drones_ship_ws/install/aquabot_ekf/share/aquabot_ekf/package.ps1'
[0.816s] INFO:colcon.colcon_core.shell:Creating package descriptor '/home/user/data/drones_ship_ws/install/aquabot_ekf/share/aquabot_ekf/package.dsv'
[0.816s] INFO:colcon.colcon_core.shell:Creating package script '/home/user/data/drones_ship_ws/install/aquabot_ekf/share/aquabot_ekf/package.sh'
[0.817s] INFO:colcon.colcon_core.shell:Creating package script '/home/user/data/drones_ship_ws/install/aquabot_ekf/share/aquabot_ekf/package.bash'
[0.817s] INFO:colcon.colcon_core.shell:Creating package script '/home/user/data/drones_ship_ws/install/aquabot_ekf/share/aquabot_ekf/package.zsh'
[0.817s] Level 1:colcon.colcon_core.environment:create_file_with_runtime_dependencies(/home/user/data/drones_ship_ws/install/aquabot_ekf/share/colcon-core/packages/aquabot_ekf)
[0.818s] Level 1:colcon.colcon_core.environment:create_environment_scripts_only(aquabot_ekf)
[0.818s] Level 1:colcon.colcon_core.environment:checking '/home/user/data/drones_ship_ws/install/aquabot_ekf' for CMake module files
[0.819s] Level 1:colcon.colcon_core.environment:checking '/home/user/data/drones_ship_ws/install/aquabot_ekf' for CMake config files
[0.819s] Level 1:colcon.colcon_core.shell:create_environment_hook('aquabot_ekf', 'cmake_prefix_path')
[0.819s] INFO:colcon.colcon_core.shell:Creating environment hook '/home/user/data/drones_ship_ws/install/aquabot_ekf/share/aquabot_ekf/hook/cmake_prefix_path.ps1'
[0.819s] INFO:colcon.colcon_core.shell:Creating environment descriptor '/home/user/data/drones_ship_ws/install/aquabot_ekf/share/aquabot_ekf/hook/cmake_prefix_path.dsv'
[0.820s] INFO:colcon.colcon_core.shell:Creating environment hook '/home/user/data/drones_ship_ws/install/aquabot_ekf/share/aquabot_ekf/hook/cmake_prefix_path.sh'
[0.820s] Level 1:colcon.colcon_core.environment:checking '/home/user/data/drones_ship_ws/install/aquabot_ekf/lib'
[0.820s] Level 1:colcon.colcon_core.environment:checking '/home/user/data/drones_ship_ws/install/aquabot_ekf/bin'
[0.821s] Level 1:colcon.colcon_core.environment:checking '/home/user/data/drones_ship_ws/install/aquabot_ekf/lib/pkgconfig/aquabot_ekf.pc'
[0.821s] Level 1:colcon.colcon_core.environment:checking '/home/user/data/drones_ship_ws/install/aquabot_ekf/lib/python3.12/site-packages'
[0.821s] Level 1:colcon.colcon_core.environment:checking '/home/user/data/drones_ship_ws/install/aquabot_ekf/bin'
[0.821s] INFO:colcon.colcon_core.shell:Creating package script '/home/user/data/drones_ship_ws/install/aquabot_ekf/share/aquabot_ekf/package.ps1'
[0.822s] INFO:colcon.colcon_core.shell:Creating package descriptor '/home/user/data/drones_ship_ws/install/aquabot_ekf/share/aquabot_ekf/package.dsv'
[0.822s] INFO:colcon.colcon_core.shell:Creating package script '/home/user/data/drones_ship_ws/install/aquabot_ekf/share/aquabot_ekf/package.sh'
[0.823s] INFO:colcon.colcon_core.shell:Creating package script '/home/user/data/drones_ship_ws/install/aquabot_ekf/share/aquabot_ekf/package.bash'
[0.823s] INFO:colcon.colcon_core.shell:Creating package script '/home/user/data/drones_ship_ws/install/aquabot_ekf/share/aquabot_ekf/package.zsh'
[0.823s] Level 1:colcon.colcon_core.environment:create_file_with_runtime_dependencies(/home/user/data/drones_ship_ws/install/aquabot_ekf/share/colcon-core/packages/aquabot_ekf)
[0.824s] Level 1:colcon.colcon_core.environment:create_environment_scripts_only(crazyflie_ekf)
[0.824s] Level 1:colcon.colcon_core.environment:checking '/home/user/data/drones_ship_ws/install/crazyflie_ekf' for CMake module files
[0.825s] DEBUG:colcon.colcon_core.event_handler.log_command:Invoked command in '/home/user/data/drones_ship_ws/build/crazyflie_ekf' returned '0': CMAKE_PREFIX_PATH=${CMAKE_PREFIX_PATH}:/home/user/data/drones_ship_ws/install/ros_gz_crazyflie_control:/opt/ros/jazzy DEBUGINFOD_URLS=https://debuginfod.ubuntu.com /usr/bin/cmake --install /home/user/data/drones_ship_ws/build/crazyflie_ekf
[0.825s] Level 1:colcon.colcon_core.environment:checking '/home/user/data/drones_ship_ws/install/crazyflie_ekf' for CMake config files
[0.825s] Level 1:colcon.colcon_core.shell:create_environment_hook('crazyflie_ekf', 'cmake_prefix_path')
[0.826s] INFO:colcon.colcon_core.shell:Creating environment hook '/home/user/data/drones_ship_ws/install/crazyflie_ekf/share/crazyflie_ekf/hook/cmake_prefix_path.ps1'
[0.826s] INFO:colcon.colcon_core.shell:Creating environment descriptor '/home/user/data/drones_ship_ws/install/crazyflie_ekf/share/crazyflie_ekf/hook/cmake_prefix_path.dsv'
[0.826s] INFO:colcon.colcon_core.shell:Creating environment hook '/home/user/data/drones_ship_ws/install/crazyflie_ekf/share/crazyflie_ekf/hook/cmake_prefix_path.sh'
[0.827s] Level 1:colcon.colcon_core.environment:checking '/home/user/data/drones_ship_ws/install/crazyflie_ekf/lib'
[0.827s] Level 1:colcon.colcon_core.environment:checking '/home/user/data/drones_ship_ws/install/crazyflie_ekf/bin'
[0.827s] Level 1:colcon.colcon_core.environment:checking '/home/user/data/drones_ship_ws/install/crazyflie_ekf/lib/pkgconfig/crazyflie_ekf.pc'
[0.827s] Level 1:colcon.colcon_core.environment:checking '/home/user/data/drones_ship_ws/install/crazyflie_ekf/lib/python3.12/site-packages'
[0.827s] Level 1:colcon.colcon_core.environment:checking '/home/user/data/drones_ship_ws/install/crazyflie_ekf/bin'
[0.828s] INFO:colcon.colcon_core.shell:Creating package script '/home/user/data/drones_ship_ws/install/crazyflie_ekf/share/crazyflie_ekf/package.ps1'
[0.828s] INFO:colcon.colcon_core.shell:Creating package descriptor '/home/user/data/drones_ship_ws/install/crazyflie_ekf/share/crazyflie_ekf/package.dsv'
[0.828s] INFO:colcon.colcon_core.shell:Creating package script '/home/user/data/drones_ship_ws/install/crazyflie_ekf/share/crazyflie_ekf/package.sh'
[0.829s] INFO:colcon.colcon_core.shell:Creating package script '/home/user/data/drones_ship_ws/install/crazyflie_ekf/share/crazyflie_ekf/package.bash'
[0.829s] INFO:colcon.colcon_core.shell:Creating package script '/home/user/data/drones_ship_ws/install/crazyflie_ekf/share/crazyflie_ekf/package.zsh'
[0.829s] Level 1:colcon.colcon_core.environment:create_file_with_runtime_dependencies(/home/user/data/drones_ship_ws/install/crazyflie_ekf/share/colcon-core/packages/crazyflie_ekf)
[0.830s] Level 1:colcon.colcon_core.environment:create_environment_scripts_only(crazyflie_ekf)
[0.830s] Level 1:colcon.colcon_core.environment:checking '/home/user/data/drones_ship_ws/install/crazyflie_ekf' for CMake module files
[0.831s] Level 1:colcon.colcon_core.environment:checking '/home/user/data/drones_ship_ws/install/crazyflie_ekf' for CMake config files
[0.831s] Level 1:colcon.colcon_core.shell:create_environment_hook('crazyflie_ekf', 'cmake_prefix_path')
[0.831s] INFO:colcon.colcon_core.shell:Creating environment hook '/home/user/data/drones_ship_ws/install/crazyflie_ekf/share/crazyflie_ekf/hook/cmake_prefix_path.ps1'
[0.832s] INFO:colcon.colcon_core.shell:Creating environment descriptor '/home/user/data/drones_ship_ws/install/crazyflie_ekf/share/crazyflie_ekf/hook/cmake_prefix_path.dsv'
[0.832s] INFO:colcon.colcon_core.shell:Creating environment hook '/home/user/data/drones_ship_ws/install/crazyflie_ekf/share/crazyflie_ekf/hook/cmake_prefix_path.sh'
[0.832s] Level 1:colcon.colcon_core.environment:checking '/home/user/data/drones_ship_ws/install/crazyflie_ekf/lib'
[0.833s] Level 1:colcon.colcon_core.environment:checking '/home/user/data/drones_ship_ws/install/crazyflie_ekf/bin'
[0.833s] Level 1:colcon.colcon_core.environment:checking '/home/user/data/drones_ship_ws/install/crazyflie_ekf/lib/pkgconfig/crazyflie_ekf.pc'
[0.833s] Level 1:colcon.colcon_core.environment:checking '/home/user/data/drones_ship_ws/install/crazyflie_ekf/lib/python3.12/site-packages'
[0.833s] Level 1:colcon.colcon_core.environment:checking '/home/user/data/drones_ship_ws/install/crazyflie_ekf/bin'
[0.833s] INFO:colcon.colcon_core.shell:Creating package script '/home/user/data/drones_ship_ws/install/crazyflie_ekf/share/crazyflie_ekf/package.ps1'
[0.834s] INFO:colcon.colcon_core.shell:Creating package descriptor '/home/user/data/drones_ship_ws/install/crazyflie_ekf/share/crazyflie_ekf/package.dsv'
[0.834s] INFO:colcon.colcon_core.shell:Creating package script '/home/user/data/drones_ship_ws/install/crazyflie_ekf/share/crazyflie_ekf/package.sh'
[0.835s] INFO:colcon.colcon_core.shell:Creating package script '/home/user/data/drones_ship_ws/install/crazyflie_ekf/share/crazyflie_ekf/package.bash'
[0.835s] INFO:colcon.colcon_core.shell:Creating package script '/home/user/data/drones_ship_ws/install/crazyflie_ekf/share/crazyflie_ekf/package.zsh'
[0.835s] Level 1:colcon.colcon_core.environment:create_file_with_runtime_dependencies(/home/user/data/drones_ship_ws/install/crazyflie_ekf/share/colcon-core/packages/crazyflie_ekf)
[0.835s] Level 1:colcon.colcon_core.environment:create_environment_scripts_only(aquabot_gz)
[0.836s] Level 1:colcon.colcon_core.environment:checking '/home/user/data/drones_ship_ws/install/aquabot_gz' for CMake module files
[0.837s] DEBUG:colcon.colcon_core.event_handler.log_command:Invoked command in '/home/user/data/drones_ship_ws/build/aquabot_gz' returned '0': CMAKE_PREFIX_PATH=${CMAKE_PREFIX_PATH}:/home/user/data/drones_ship_ws/install/ros_gz_crazyflie_control:/opt/ros/jazzy DEBUGINFOD_URLS=https://debuginfod.ubuntu.com /usr/bin/cmake --install /home/user/data/drones_ship_ws/build/aquabot_gz
[0.837s] Level 1:colcon.colcon_core.environment:checking '/home/user/data/drones_ship_ws/install/aquabot_gz' for CMake config files
[0.841s] Level 1:colcon.colcon_core.shell:create_environment_hook('aquabot_gz', 'cmake_prefix_path')
[0.841s] INFO:colcon.colcon_core.shell:Creating environment hook '/home/user/data/drones_ship_ws/install/aquabot_gz/share/aquabot_gz/hook/cmake_prefix_path.ps1'
[0.842s] INFO:colcon.colcon_core.shell:Creating environment descriptor '/home/user/data/drones_ship_ws/install/aquabot_gz/share/aquabot_gz/hook/cmake_prefix_path.dsv'
[0.842s] INFO:colcon.colcon_core.shell:Creating environment hook '/home/user/data/drones_ship_ws/install/aquabot_gz/share/aquabot_gz/hook/cmake_prefix_path.sh'
[0.843s] Level 1:colcon.colcon_core.environment:checking '/home/user/data/drones_ship_ws/install/aquabot_gz/lib'
[0.843s] Level 1:colcon.colcon_core.shell:create_environment_hook('aquabot_gz', 'ld_library_path_lib')
[0.843s] INFO:colcon.colcon_core.shell:Creating environment hook '/home/user/data/drones_ship_ws/install/aquabot_gz/share/aquabot_gz/hook/ld_library_path_lib.ps1'
[0.844s] INFO:colcon.colcon_core.shell:Creating environment descriptor '/home/user/data/drones_ship_ws/install/aquabot_gz/share/aquabot_gz/hook/ld_library_path_lib.dsv'
[0.844s] INFO:colcon.colcon_core.shell:Creating environment hook '/home/user/data/drones_ship_ws/install/aquabot_gz/share/aquabot_gz/hook/ld_library_path_lib.sh'
[0.844s] Level 1:colcon.colcon_core.environment:checking '/home/user/data/drones_ship_ws/install/aquabot_gz/bin'
[0.844s] Level 1:colcon.colcon_core.environment:checking '/home/user/data/drones_ship_ws/install/aquabot_gz/lib/pkgconfig/aquabot_gz.pc'
[0.845s] Level 1:colcon.colcon_core.environment:checking '/home/user/data/drones_ship_ws/install/aquabot_gz/lib/python3.12/site-packages'
[0.845s] Level 1:colcon.colcon_core.environment:checking '/home/user/data/drones_ship_ws/install/aquabot_gz/bin'
[0.845s] INFO:colcon.colcon_core.shell:Creating package script '/home/user/data/drones_ship_ws/install/aquabot_gz/share/aquabot_gz/package.ps1'
[0.845s] INFO:colcon.colcon_core.shell:Creating package descriptor '/home/user/data/drones_ship_ws/install/aquabot_gz/share/aquabot_gz/package.dsv'
[0.846s] INFO:colcon.colcon_core.shell:Creating package script '/home/user/data/drones_ship_ws/install/aquabot_gz/share/aquabot_gz/package.sh'
[0.846s] INFO:colcon.colcon_core.shell:Creating package script '/home/user/data/drones_ship_ws/install/aquabot_gz/share/aquabot_gz/package.bash'
[0.847s] INFO:colcon.colcon_core.shell:Creating package script '/home/user/data/drones_ship_ws/install/aquabot_gz/share/aquabot_gz/package.zsh'
[0.847s] Level 1:colcon.colcon_core.environment:create_file_with_runtime_dependencies(/home/user/data/drones_ship_ws/install/aquabot_gz/share/colcon-core/packages/aquabot_gz)
[0.848s] Level 1:colcon.colcon_core.environment:create_environment_scripts_only(aquabot_gz)
[0.848s] Level 1:colcon.colcon_core.environment:checking '/home/user/data/drones_ship_ws/install/aquabot_gz' for CMake module files
[0.848s] Level 1:colcon.colcon_core.environment:checking '/home/user/data/drones_ship_ws/install/aquabot_gz' for CMake config files
[0.852s] Level 1:colcon.colcon_core.shell:create_environment_hook('aquabot_gz', 'cmake_prefix_path')
[0.853s] INFO:colcon.colcon_core.shell:Creating environment hook '/home/user/data/drones_ship_ws/install/aquabot_gz/share/aquabot_gz/hook/cmake_prefix_path.ps1'
[0.853s] INFO:colcon.colcon_core.shell:Creating environment descriptor '/home/user/data/drones_ship_ws/install/aquabot_gz/share/aquabot_gz/hook/cmake_prefix_path.dsv'
[0.853s] INFO:colcon.colcon_core.shell:Creating environment hook '/home/user/data/drones_ship_ws/install/aquabot_gz/share/aquabot_gz/hook/cmake_prefix_path.sh'
[0.854s] Level 1:colcon.colcon_core.environment:checking '/home/user/data/drones_ship_ws/install/aquabot_gz/lib'
[0.854s] Level 1:colcon.colcon_core.shell:create_environment_hook('aquabot_gz', 'ld_library_path_lib')
[0.854s] INFO:colcon.colcon_core.shell:Creating environment hook '/home/user/data/drones_ship_ws/install/aquabot_gz/share/aquabot_gz/hook/ld_library_path_lib.ps1'
[0.854s] INFO:colcon.colcon_core.shell:Creating environment descriptor '/home/user/data/drones_ship_ws/install/aquabot_gz/share/aquabot_gz/hook/ld_library_path_lib.dsv'
[0.855s] INFO:colcon.colcon_core.shell:Creating environment hook '/home/user/data/drones_ship_ws/install/aquabot_gz/share/aquabot_gz/hook/ld_library_path_lib.sh'
[0.855s] Level 1:colcon.colcon_core.environment:checking '/home/user/data/drones_ship_ws/install/aquabot_gz/bin'
[0.855s] Level 1:colcon.colcon_core.environment:checking '/home/user/data/drones_ship_ws/install/aquabot_gz/lib/pkgconfig/aquabot_gz.pc'
[0.856s] Level 1:colcon.colcon_core.environment:checking '/home/user/data/drones_ship_ws/install/aquabot_gz/lib/python3.12/site-packages'
[0.856s] Level 1:colcon.colcon_core.environment:checking '/home/user/data/drones_ship_ws/install/aquabot_gz/bin'
[0.856s] INFO:colcon.colcon_core.shell:Creating package script '/home/user/data/drones_ship_ws/install/aquabot_gz/share/aquabot_gz/package.ps1'
[0.857s] INFO:colcon.colcon_core.shell:Creating package descriptor '/home/user/data/drones_ship_ws/install/aquabot_gz/share/aquabot_gz/package.dsv'
[0.857s] INFO:colcon.colcon_core.shell:Creating package script '/home/user/data/drones_ship_ws/install/aquabot_gz/share/aquabot_gz/package.sh'
[0.858s] INFO:colcon.colcon_core.shell:Creating package script '/home/user/data/drones_ship_ws/install/aquabot_gz/share/aquabot_gz/package.bash'
[0.858s] INFO:colcon.colcon_core.shell:Creating package script '/home/user/data/drones_ship_ws/install/aquabot_gz/share/aquabot_gz/package.zsh'
[0.858s] Level 1:colcon.colcon_core.environment:create_file_with_runtime_dependencies(/home/user/data/drones_ship_ws/install/aquabot_gz/share/colcon-core/packages/aquabot_gz)
[0.859s] INFO:colcon.colcon_ros.task.ament_cmake.build:Building ROS package in '/home/user/data/drones_ship_ws/src/drone_ship/ros_gz_crazyflie/ros_gz_crazyflie_bringup' with build type 'ament_cmake'
[0.859s] INFO:colcon.colcon_cmake.task.cmake.build:Building CMake package in '/home/user/data/drones_ship_ws/src/drone_ship/ros_gz_crazyflie/ros_gz_crazyflie_bringup'
[0.860s] INFO:colcon.colcon_core.shell:Skip shell extension 'powershell' for command environment: Not usable outside of PowerShell
[0.860s] DEBUG:colcon.colcon_core.shell:Skip shell extension 'dsv' for command environment
[0.869s] DEBUG:colcon.colcon_core.event_handler.log_command:Invoking command in '/home/user/data/drones_ship_ws/build/vrx_gz': CMAKE_PREFIX_PATH=/home/user/data/drones_ship_ws/install/vrx_ros:/home/user/data/drones_ship_ws/install/wamv_gazebo:/home/user/data/drones_ship_ws/install/wamv_description:/home/user/data/drones_ship_ws/install/vrx_gz:/home/user/data/drones_ship_ws/install/aquabot_description:/home/user/data/drones_ship_ws/install/vrx_gazebo:/home/user/data/drones_ship_ws/install/ros_gz_crazyflie_bringup:/home/user/data/drones_ship_ws/install/ros_gz_crazyflie_gazebo:/home/user/data/drones_ship_ws/install/crazyflie_yolo:/home/user/data/drones_ship_ws/install/crazyflie_ekf:/home/user/data/drones_ship_ws/install/crazyflie_control:/home/user/data/drones_ship_ws/install/aquabot_motion:/home/user/data/drones_ship_ws/install/aquabot_gz:/home/user/data/drones_ship_ws/install/aquabot_ekf:/opt/ros/jazzy/opt/gz_sim_vendor:/opt/ros/jazzy/opt/gz_sensors_vendor:/opt/ros/jazzy/opt/gz_physics_vendor:/opt/ros/jazzy/opt/sdformat_vendor:/opt/ros/jazzy/opt/gz_gui_vendor:/opt/ros/jazzy/opt/gz_transport_vendor:/opt/ros/jazzy/opt/gz_rendering_vendor:/opt/ros/jazzy/opt/gz_plugin_vendor:/opt/ros/jazzy/opt/gz_fuel_tools_vendor:/opt/ros/jazzy/opt/gz_msgs_vendor:/opt/ros/jazzy/opt/gz_common_vendor:/opt/ros/jazzy/opt/gz_math_vendor:/opt/ros/jazzy/opt/gz_utils_vendor:/opt/ros/jazzy/opt/gz_tools_vendor:/opt/ros/jazzy/opt/gz_ogre_next_vendor:/opt/ros/jazzy/opt/gz_dartsim_vendor:/opt/ros/jazzy/opt/gz_cmake_vendor:/home/user/data/drones_ship_ws/install/ros_gz_crazyflie_control:/opt/ros/jazzy DEBUGINFOD_URLS=https://debuginfod.ubuntu.com /usr/bin/cmake --build /home/user/data/drones_ship_ws/build/vrx_gz -- -j20 -l20
[0.872s] DEBUG:colcon.colcon_core.event_handler.log_command:Invoking command in '/home/user/data/drones_ship_ws/build/ros_gz_crazyflie_bringup': CMAKE_PREFIX_PATH=/home/user/data/drones_ship_ws/install/ros_gz_crazyflie_gazebo:/home/user/data/drones_ship_ws/install/wamv_gazebo:/home/user/data/drones_ship_ws/install/wamv_description:/home/user/data/drones_ship_ws/install/vrx_gz:/home/user/data/drones_ship_ws/install/vrx_ros:/home/user/data/drones_ship_ws/install/aquabot_description:/home/user/data/drones_ship_ws/install/vrx_gazebo:/home/user/data/drones_ship_ws/install/ros_gz_crazyflie_bringup:/home/user/data/drones_ship_ws/install/crazyflie_yolo:/home/user/data/drones_ship_ws/install/crazyflie_ekf:/home/user/data/drones_ship_ws/install/crazyflie_control:/home/user/data/drones_ship_ws/install/aquabot_motion:/home/user/data/drones_ship_ws/install/aquabot_gz:/home/user/data/drones_ship_ws/install/aquabot_ekf:/opt/ros/jazzy/opt/gz_sim_vendor:/opt/ros/jazzy/opt/gz_sensors_vendor:/opt/ros/jazzy/opt/gz_physics_vendor:/opt/ros/jazzy/opt/sdformat_vendor:/opt/ros/jazzy/opt/gz_gui_vendor:/opt/ros/jazzy/opt/gz_transport_vendor:/opt/ros/jazzy/opt/gz_rendering_vendor:/opt/ros/jazzy/opt/gz_plugin_vendor:/opt/ros/jazzy/opt/gz_fuel_tools_vendor:/opt/ros/jazzy/opt/gz_msgs_vendor:/opt/ros/jazzy/opt/gz_common_vendor:/opt/ros/jazzy/opt/gz_math_vendor:/opt/ros/jazzy/opt/gz_utils_vendor:/opt/ros/jazzy/opt/gz_tools_vendor:/opt/ros/jazzy/opt/gz_ogre_next_vendor:/opt/ros/jazzy/opt/gz_dartsim_vendor:/opt/ros/jazzy/opt/gz_cmake_vendor:/home/user/data/drones_ship_ws/install/ros_gz_crazyflie_control:/opt/ros/jazzy DEBUGINFOD_URLS=https://debuginfod.ubuntu.com /usr/bin/cmake --build /home/user/data/drones_ship_ws/build/ros_gz_crazyflie_bringup -- -j20 -l20
[0.892s] DEBUG:colcon.colcon_core.event_handler.log_command:Invoked command in '/home/user/data/drones_ship_ws/build/crazyflie_yolo' returned '0': CMAKE_PREFIX_PATH=${CMAKE_PREFIX_PATH}:/home/user/data/drones_ship_ws/install/ros_gz_crazyflie_control:/opt/ros/jazzy DEBUGINFOD_URLS=https://debuginfod.ubuntu.com /usr/bin/cmake --build /home/user/data/drones_ship_ws/build/crazyflie_yolo -- -j20 -l20
[0.892s] DEBUG:colcon.colcon_core.event_handler.log_command:Invoking command in '/home/user/data/drones_ship_ws/build/crazyflie_yolo': CMAKE_PREFIX_PATH=${CMAKE_PREFIX_PATH}:/home/user/data/drones_ship_ws/install/ros_gz_crazyflie_control:/opt/ros/jazzy DEBUGINFOD_URLS=https://debuginfod.ubuntu.com /usr/bin/cmake --install /home/user/data/drones_ship_ws/build/crazyflie_yolo
[0.943s] Level 1:colcon.colcon_core.environment:create_environment_scripts_only(crazyflie_yolo)
[0.943s] Level 1:colcon.colcon_core.environment:checking '/home/user/data/drones_ship_ws/install/crazyflie_yolo' for CMake module files
[0.944s] DEBUG:colcon.colcon_core.event_handler.log_command:Invoked command in '/home/user/data/drones_ship_ws/build/crazyflie_yolo' returned '0': CMAKE_PREFIX_PATH=${CMAKE_PREFIX_PATH}:/home/user/data/drones_ship_ws/install/ros_gz_crazyflie_control:/opt/ros/jazzy DEBUGINFOD_URLS=https://debuginfod.ubuntu.com /usr/bin/cmake --install /home/user/data/drones_ship_ws/build/crazyflie_yolo
[0.944s] Level 1:colcon.colcon_core.environment:checking '/home/user/data/drones_ship_ws/install/crazyflie_yolo' for CMake config files
[0.944s] Level 1:colcon.colcon_core.shell:create_environment_hook('crazyflie_yolo', 'cmake_prefix_path')
[0.944s] INFO:colcon.colcon_core.shell:Creating environment hook '/home/user/data/drones_ship_ws/install/crazyflie_yolo/share/crazyflie_yolo/hook/cmake_prefix_path.ps1'
[0.945s] INFO:colcon.colcon_core.shell:Creating environment descriptor '/home/user/data/drones_ship_ws/install/crazyflie_yolo/share/crazyflie_yolo/hook/cmake_prefix_path.dsv'
[0.945s] INFO:colcon.colcon_core.shell:Creating environment hook '/home/user/data/drones_ship_ws/install/crazyflie_yolo/share/crazyflie_yolo/hook/cmake_prefix_path.sh'
[0.945s] Level 1:colcon.colcon_core.environment:checking '/home/user/data/drones_ship_ws/install/crazyflie_yolo/lib'
[0.945s] Level 1:colcon.colcon_core.shell:create_environment_hook('crazyflie_yolo', 'ld_library_path_lib')
[0.945s] INFO:colcon.colcon_core.shell:Creating environment hook '/home/user/data/drones_ship_ws/install/crazyflie_yolo/share/crazyflie_yolo/hook/ld_library_path_lib.ps1'
[0.946s] INFO:colcon.colcon_core.shell:Creating environment descriptor '/home/user/data/drones_ship_ws/install/crazyflie_yolo/share/crazyflie_yolo/hook/ld_library_path_lib.dsv'
[0.946s] INFO:colcon.colcon_core.shell:Creating environment hook '/home/user/data/drones_ship_ws/install/crazyflie_yolo/share/crazyflie_yolo/hook/ld_library_path_lib.sh'
[0.946s] Level 1:colcon.colcon_core.environment:checking '/home/user/data/drones_ship_ws/install/crazyflie_yolo/bin'
[0.946s] Level 1:colcon.colcon_core.environment:checking '/home/user/data/drones_ship_ws/install/crazyflie_yolo/lib/pkgconfig/crazyflie_yolo.pc'
[0.946s] Level 1:colcon.colcon_core.environment:checking '/home/user/data/drones_ship_ws/install/crazyflie_yolo/lib/python3.12/site-packages'
[0.946s] Level 1:colcon.colcon_core.shell:create_environment_hook('crazyflie_yolo', 'pythonpath')
[0.946s] INFO:colcon.colcon_core.shell:Creating environment hook '/home/user/data/drones_ship_ws/install/crazyflie_yolo/share/crazyflie_yolo/hook/pythonpath.ps1'
[0.947s] INFO:colcon.colcon_core.shell:Creating environment descriptor '/home/user/data/drones_ship_ws/install/crazyflie_yolo/share/crazyflie_yolo/hook/pythonpath.dsv'
[0.947s] INFO:colcon.colcon_core.shell:Creating environment hook '/home/user/data/drones_ship_ws/install/crazyflie_yolo/share/crazyflie_yolo/hook/pythonpath.sh'
[0.947s] Level 1:colcon.colcon_core.environment:checking '/home/user/data/drones_ship_ws/install/crazyflie_yolo/bin'
[0.947s] INFO:colcon.colcon_core.shell:Creating package script '/home/user/data/drones_ship_ws/install/crazyflie_yolo/share/crazyflie_yolo/package.ps1'
[0.948s] INFO:colcon.colcon_core.shell:Creating package descriptor '/home/user/data/drones_ship_ws/install/crazyflie_yolo/share/crazyflie_yolo/package.dsv'
[0.948s] INFO:colcon.colcon_core.shell:Creating package script '/home/user/data/drones_ship_ws/install/crazyflie_yolo/share/crazyflie_yolo/package.sh'
[0.948s] INFO:colcon.colcon_core.shell:Creating package script '/home/user/data/drones_ship_ws/install/crazyflie_yolo/share/crazyflie_yolo/package.bash'
[0.948s] INFO:colcon.colcon_core.shell:Creating package script '/home/user/data/drones_ship_ws/install/crazyflie_yolo/share/crazyflie_yolo/package.zsh'
[0.948s] Level 1:colcon.colcon_core.environment:create_file_with_runtime_dependencies(/home/user/data/drones_ship_ws/install/crazyflie_yolo/share/colcon-core/packages/crazyflie_yolo)
[0.949s] Level 1:colcon.colcon_core.environment:create_environment_scripts_only(crazyflie_yolo)
[0.949s] Level 1:colcon.colcon_core.environment:checking '/home/user/data/drones_ship_ws/install/crazyflie_yolo' for CMake module files
[0.949s] Level 1:colcon.colcon_core.environment:checking '/home/user/data/drones_ship_ws/install/crazyflie_yolo' for CMake config files
[0.950s] Level 1:colcon.colcon_core.shell:create_environment_hook('crazyflie_yolo', 'cmake_prefix_path')
[0.950s] INFO:colcon.colcon_core.shell:Creating environment hook '/home/user/data/drones_ship_ws/install/crazyflie_yolo/share/crazyflie_yolo/hook/cmake_prefix_path.ps1'
[0.950s] INFO:colcon.colcon_core.shell:Creating environment descriptor '/home/user/data/drones_ship_ws/install/crazyflie_yolo/share/crazyflie_yolo/hook/cmake_prefix_path.dsv'
[0.950s] INFO:colcon.colcon_core.shell:Creating environment hook '/home/user/data/drones_ship_ws/install/crazyflie_yolo/share/crazyflie_yolo/hook/cmake_prefix_path.sh'
[0.950s] Level 1:colcon.colcon_core.environment:checking '/home/user/data/drones_ship_ws/install/crazyflie_yolo/lib'
[0.951s] Level 1:colcon.colcon_core.shell:create_environment_hook('crazyflie_yolo', 'ld_library_path_lib')
[0.951s] INFO:colcon.colcon_core.shell:Creating environment hook '/home/user/data/drones_ship_ws/install/crazyflie_yolo/share/crazyflie_yolo/hook/ld_library_path_lib.ps1'
[0.951s] INFO:colcon.colcon_core.shell:Creating environment descriptor '/home/user/data/drones_ship_ws/install/crazyflie_yolo/share/crazyflie_yolo/hook/ld_library_path_lib.dsv'
[0.951s] INFO:colcon.colcon_core.shell:Creating environment hook '/home/user/data/drones_ship_ws/install/crazyflie_yolo/share/crazyflie_yolo/hook/ld_library_path_lib.sh'
[0.951s] Level 1:colcon.colcon_core.environment:checking '/home/user/data/drones_ship_ws/install/crazyflie_yolo/bin'
[0.951s] Level 1:colcon.colcon_core.environment:checking '/home/user/data/drones_ship_ws/install/crazyflie_yolo/lib/pkgconfig/crazyflie_yolo.pc'
[0.951s] Level 1:colcon.colcon_core.environment:checking '/home/user/data/drones_ship_ws/install/crazyflie_yolo/lib/python3.12/site-packages'
[0.951s] Level 1:colcon.colcon_core.shell:create_environment_hook('crazyflie_yolo', 'pythonpath')
[0.952s] INFO:colcon.colcon_core.shell:Creating environment hook '/home/user/data/drones_ship_ws/install/crazyflie_yolo/share/crazyflie_yolo/hook/pythonpath.ps1'
[0.952s] INFO:colcon.colcon_core.shell:Creating environment descriptor '/home/user/data/drones_ship_ws/install/crazyflie_yolo/share/crazyflie_yolo/hook/pythonpath.dsv'
[0.952s] INFO:colcon.colcon_core.shell:Creating environment hook '/home/user/data/drones_ship_ws/install/crazyflie_yolo/share/crazyflie_yolo/hook/pythonpath.sh'
[0.952s] Level 1:colcon.colcon_core.environment:checking '/home/user/data/drones_ship_ws/install/crazyflie_yolo/bin'
[0.952s] INFO:colcon.colcon_core.shell:Creating package script '/home/user/data/drones_ship_ws/install/crazyflie_yolo/share/crazyflie_yolo/package.ps1'
[0.953s] INFO:colcon.colcon_core.shell:Creating package descriptor '/home/user/data/drones_ship_ws/install/crazyflie_yolo/share/crazyflie_yolo/package.dsv'
[0.953s] INFO:colcon.colcon_core.shell:Creating package script '/home/user/data/drones_ship_ws/install/crazyflie_yolo/share/crazyflie_yolo/package.sh'
[0.953s] INFO:colcon.colcon_core.shell:Creating package script '/home/user/data/drones_ship_ws/install/crazyflie_yolo/share/crazyflie_yolo/package.bash'
[0.953s] INFO:colcon.colcon_core.shell:Creating package script '/home/user/data/drones_ship_ws/install/crazyflie_yolo/share/crazyflie_yolo/package.zsh'
[0.954s] Level 1:colcon.colcon_core.environment:create_file_with_runtime_dependencies(/home/user/data/drones_ship_ws/install/crazyflie_yolo/share/colcon-core/packages/crazyflie_yolo)
[0.955s] DEBUG:colcon.colcon_core.event_handler.log_command:Invoked command in '/home/user/data/drones_ship_ws/build/ros_gz_crazyflie_bringup' returned '0': CMAKE_PREFIX_PATH=/home/user/data/drones_ship_ws/install/ros_gz_crazyflie_gazebo:/home/user/data/drones_ship_ws/install/wamv_gazebo:/home/user/data/drones_ship_ws/install/wamv_description:/home/user/data/drones_ship_ws/install/vrx_gz:/home/user/data/drones_ship_ws/install/vrx_ros:/home/user/data/drones_ship_ws/install/aquabot_description:/home/user/data/drones_ship_ws/install/vrx_gazebo:/home/user/data/drones_ship_ws/install/ros_gz_crazyflie_bringup:/home/user/data/drones_ship_ws/install/crazyflie_yolo:/home/user/data/drones_ship_ws/install/crazyflie_ekf:/home/user/data/drones_ship_ws/install/crazyflie_control:/home/user/data/drones_ship_ws/install/aquabot_motion:/home/user/data/drones_ship_ws/install/aquabot_gz:/home/user/data/drones_ship_ws/install/aquabot_ekf:/opt/ros/jazzy/opt/gz_sim_vendor:/opt/ros/jazzy/opt/gz_sensors_vendor:/opt/ros/jazzy/opt/gz_physics_vendor:/opt/ros/jazzy/opt/sdformat_vendor:/opt/ros/jazzy/opt/gz_gui_vendor:/opt/ros/jazzy/opt/gz_transport_vendor:/opt/ros/jazzy/opt/gz_rendering_vendor:/opt/ros/jazzy/opt/gz_plugin_vendor:/opt/ros/jazzy/opt/gz_fuel_tools_vendor:/opt/ros/jazzy/opt/gz_msgs_vendor:/opt/ros/jazzy/opt/gz_common_vendor:/opt/ros/jazzy/opt/gz_math_vendor:/opt/ros/jazzy/opt/gz_utils_vendor:/opt/ros/jazzy/opt/gz_tools_vendor:/opt/ros/jazzy/opt/gz_ogre_next_vendor:/opt/ros/jazzy/opt/gz_dartsim_vendor:/opt/ros/jazzy/opt/gz_cmake_vendor:/home/user/data/drones_ship_ws/install/ros_gz_crazyflie_control:/opt/ros/jazzy DEBUGINFOD_URLS=https://debuginfod.ubuntu.com /usr/bin/cmake --build /home/user/data/drones_ship_ws/build/ros_gz_crazyflie_bringup -- -j20 -l20
[0.955s] DEBUG:colcon.colcon_core.event_handler.log_command:Invoking command in '/home/user/data/drones_ship_ws/build/ros_gz_crazyflie_bringup': CMAKE_PREFIX_PATH=/home/user/data/drones_ship_ws/install/ros_gz_crazyflie_gazebo:/home/user/data/drones_ship_ws/install/wamv_gazebo:/home/user/data/drones_ship_ws/install/wamv_description:/home/user/data/drones_ship_ws/install/vrx_gz:/home/user/data/drones_ship_ws/install/vrx_ros:/home/user/data/drones_ship_ws/install/aquabot_description:/home/user/data/drones_ship_ws/install/vrx_gazebo:/home/user/data/drones_ship_ws/install/ros_gz_crazyflie_bringup:/home/user/data/drones_ship_ws/install/crazyflie_yolo:/home/user/data/drones_ship_ws/install/crazyflie_ekf:/home/user/data/drones_ship_ws/install/crazyflie_control:/home/user/data/drones_ship_ws/install/aquabot_motion:/home/user/data/drones_ship_ws/install/aquabot_gz:/home/user/data/drones_ship_ws/install/aquabot_ekf:/opt/ros/jazzy/opt/gz_sim_vendor:/opt/ros/jazzy/opt/gz_sensors_vendor:/opt/ros/jazzy/opt/gz_physics_vendor:/opt/ros/jazzy/opt/sdformat_vendor:/opt/ros/jazzy/opt/gz_gui_vendor:/opt/ros/jazzy/opt/gz_transport_vendor:/opt/ros/jazzy/opt/gz_rendering_vendor:/opt/ros/jazzy/opt/gz_plugin_vendor:/opt/ros/jazzy/opt/gz_fuel_tools_vendor:/opt/ros/jazzy/opt/gz_msgs_vendor:/opt/ros/jazzy/opt/gz_common_vendor:/opt/ros/jazzy/opt/gz_math_vendor:/opt/ros/jazzy/opt/gz_utils_vendor:/opt/ros/jazzy/opt/gz_tools_vendor:/opt/ros/jazzy/opt/gz_ogre_next_vendor:/opt/ros/jazzy/opt/gz_dartsim_vendor:/opt/ros/jazzy/opt/gz_cmake_vendor:/home/user/data/drones_ship_ws/install/ros_gz_crazyflie_control:/opt/ros/jazzy DEBUGINFOD_URLS=https://debuginfod.ubuntu.com /usr/bin/cmake --install /home/user/data/drones_ship_ws/build/ros_gz_crazyflie_bringup
[0.967s] Level 1:colcon.colcon_core.environment:create_environment_scripts_only(ros_gz_crazyflie_bringup)
[0.967s] Level 1:colcon.colcon_core.environment:checking '/home/user/data/drones_ship_ws/install/ros_gz_crazyflie_bringup' for CMake module files
[0.968s] DEBUG:colcon.colcon_core.event_handler.log_command:Invoked command in '/home/user/data/drones_ship_ws/build/ros_gz_crazyflie_bringup' returned '0': CMAKE_PREFIX_PATH=/home/user/data/drones_ship_ws/install/ros_gz_crazyflie_gazebo:/home/user/data/drones_ship_ws/install/wamv_gazebo:/home/user/data/drones_ship_ws/install/wamv_description:/home/user/data/drones_ship_ws/install/vrx_gz:/home/user/data/drones_ship_ws/install/vrx_ros:/home/user/data/drones_ship_ws/install/aquabot_description:/home/user/data/drones_ship_ws/install/vrx_gazebo:/home/user/data/drones_ship_ws/install/ros_gz_crazyflie_bringup:/home/user/data/drones_ship_ws/install/crazyflie_yolo:/home/user/data/drones_ship_ws/install/crazyflie_ekf:/home/user/data/drones_ship_ws/install/crazyflie_control:/home/user/data/drones_ship_ws/install/aquabot_motion:/home/user/data/drones_ship_ws/install/aquabot_gz:/home/user/data/drones_ship_ws/install/aquabot_ekf:/opt/ros/jazzy/opt/gz_sim_vendor:/opt/ros/jazzy/opt/gz_sensors_vendor:/opt/ros/jazzy/opt/gz_physics_vendor:/opt/ros/jazzy/opt/sdformat_vendor:/opt/ros/jazzy/opt/gz_gui_vendor:/opt/ros/jazzy/opt/gz_transport_vendor:/opt/ros/jazzy/opt/gz_rendering_vendor:/opt/ros/jazzy/opt/gz_plugin_vendor:/opt/ros/jazzy/opt/gz_fuel_tools_vendor:/opt/ros/jazzy/opt/gz_msgs_vendor:/opt/ros/jazzy/opt/gz_common_vendor:/opt/ros/jazzy/opt/gz_math_vendor:/opt/ros/jazzy/opt/gz_utils_vendor:/opt/ros/jazzy/opt/gz_tools_vendor:/opt/ros/jazzy/opt/gz_ogre_next_vendor:/opt/ros/jazzy/opt/gz_dartsim_vendor:/opt/ros/jazzy/opt/gz_cmake_vendor:/home/user/data/drones_ship_ws/install/ros_gz_crazyflie_control:/opt/ros/jazzy DEBUGINFOD_URLS=https://debuginfod.ubuntu.com /usr/bin/cmake --install /home/user/data/drones_ship_ws/build/ros_gz_crazyflie_bringup
[0.968s] Level 1:colcon.colcon_core.environment:checking '/home/user/data/drones_ship_ws/install/ros_gz_crazyflie_bringup' for CMake config files
[0.968s] Level 1:colcon.colcon_core.shell:create_environment_hook('ros_gz_crazyflie_bringup', 'cmake_prefix_path')
[0.969s] INFO:colcon.colcon_core.shell:Creating environment hook '/home/user/data/drones_ship_ws/install/ros_gz_crazyflie_bringup/share/ros_gz_crazyflie_bringup/hook/cmake_prefix_path.ps1'
[0.969s] INFO:colcon.colcon_core.shell:Creating environment descriptor '/home/user/data/drones_ship_ws/install/ros_gz_crazyflie_bringup/share/ros_gz_crazyflie_bringup/hook/cmake_prefix_path.dsv'
[0.969s] INFO:colcon.colcon_core.shell:Creating environment hook '/home/user/data/drones_ship_ws/install/ros_gz_crazyflie_bringup/share/ros_gz_crazyflie_bringup/hook/cmake_prefix_path.sh'
[0.970s] Level 1:colcon.colcon_core.environment:checking '/home/user/data/drones_ship_ws/install/ros_gz_crazyflie_bringup/bin'
[0.970s] Level 1:colcon.colcon_core.environment:checking '/home/user/data/drones_ship_ws/install/ros_gz_crazyflie_bringup/lib/pkgconfig/ros_gz_crazyflie_bringup.pc'
[0.970s] Level 1:colcon.colcon_core.environment:checking '/home/user/data/drones_ship_ws/install/ros_gz_crazyflie_bringup/lib/python3.12/site-packages'
[0.970s] Level 1:colcon.colcon_core.environment:checking '/home/user/data/drones_ship_ws/install/ros_gz_crazyflie_bringup/bin'
[0.970s] INFO:colcon.colcon_core.shell:Creating package script '/home/user/data/drones_ship_ws/install/ros_gz_crazyflie_bringup/share/ros_gz_crazyflie_bringup/package.ps1'
[0.970s] INFO:colcon.colcon_core.shell:Creating package descriptor '/home/user/data/drones_ship_ws/install/ros_gz_crazyflie_bringup/share/ros_gz_crazyflie_bringup/package.dsv'
[0.971s] INFO:colcon.colcon_core.shell:Creating package script '/home/user/data/drones_ship_ws/install/ros_gz_crazyflie_bringup/share/ros_gz_crazyflie_bringup/package.sh'
[0.971s] INFO:colcon.colcon_core.shell:Creating package script '/home/user/data/drones_ship_ws/install/ros_gz_crazyflie_bringup/share/ros_gz_crazyflie_bringup/package.bash'
[0.971s] INFO:colcon.colcon_core.shell:Creating package script '/home/user/data/drones_ship_ws/install/ros_gz_crazyflie_bringup/share/ros_gz_crazyflie_bringup/package.zsh'
[0.971s] Level 1:colcon.colcon_core.environment:create_file_with_runtime_dependencies(/home/user/data/drones_ship_ws/install/ros_gz_crazyflie_bringup/share/colcon-core/packages/ros_gz_crazyflie_bringup)
[0.972s] Level 1:colcon.colcon_core.environment:create_environment_scripts_only(ros_gz_crazyflie_bringup)
[0.972s] Level 1:colcon.colcon_core.environment:checking '/home/user/data/drones_ship_ws/install/ros_gz_crazyflie_bringup' for CMake module files
[0.973s] Level 1:colcon.colcon_core.environment:checking '/home/user/data/drones_ship_ws/install/ros_gz_crazyflie_bringup' for CMake config files
[0.973s] Level 1:colcon.colcon_core.shell:create_environment_hook('ros_gz_crazyflie_bringup', 'cmake_prefix_path')
[0.973s] INFO:colcon.colcon_core.shell:Creating environment hook '/home/user/data/drones_ship_ws/install/ros_gz_crazyflie_bringup/share/ros_gz_crazyflie_bringup/hook/cmake_prefix_path.ps1'
[0.974s] INFO:colcon.colcon_core.shell:Creating environment descriptor '/home/user/data/drones_ship_ws/install/ros_gz_crazyflie_bringup/share/ros_gz_crazyflie_bringup/hook/cmake_prefix_path.dsv'
[0.974s] INFO:colcon.colcon_core.shell:Creating environment hook '/home/user/data/drones_ship_ws/install/ros_gz_crazyflie_bringup/share/ros_gz_crazyflie_bringup/hook/cmake_prefix_path.sh'
[0.974s] Level 1:colcon.colcon_core.environment:checking '/home/user/data/drones_ship_ws/install/ros_gz_crazyflie_bringup/bin'
[0.974s] Level 1:colcon.colcon_core.environment:checking '/home/user/data/drones_ship_ws/install/ros_gz_crazyflie_bringup/lib/pkgconfig/ros_gz_crazyflie_bringup.pc'
[0.975s] Level 1:colcon.colcon_core.environment:checking '/home/user/data/drones_ship_ws/install/ros_gz_crazyflie_bringup/lib/python3.12/site-packages'
[0.975s] Level 1:colcon.colcon_core.environment:checking '/home/user/data/drones_ship_ws/install/ros_gz_crazyflie_bringup/bin'
[0.975s] INFO:colcon.colcon_core.shell:Creating package script '/home/user/data/drones_ship_ws/install/ros_gz_crazyflie_bringup/share/ros_gz_crazyflie_bringup/package.ps1'
[0.976s] INFO:colcon.colcon_core.shell:Creating package descriptor '/home/user/data/drones_ship_ws/install/ros_gz_crazyflie_bringup/share/ros_gz_crazyflie_bringup/package.dsv'
[0.976s] INFO:colcon.colcon_core.shell:Creating package script '/home/user/data/drones_ship_ws/install/ros_gz_crazyflie_bringup/share/ros_gz_crazyflie_bringup/package.sh'
[0.977s] INFO:colcon.colcon_core.shell:Creating package script '/home/user/data/drones_ship_ws/install/ros_gz_crazyflie_bringup/share/ros_gz_crazyflie_bringup/package.bash'
[0.977s] INFO:colcon.colcon_core.shell:Creating package script '/home/user/data/drones_ship_ws/install/ros_gz_crazyflie_bringup/share/ros_gz_crazyflie_bringup/package.zsh'
[0.977s] Level 1:colcon.colcon_core.environment:create_file_with_runtime_dependencies(/home/user/data/drones_ship_ws/install/ros_gz_crazyflie_bringup/share/colcon-core/packages/ros_gz_crazyflie_bringup)
[1.090s] DEBUG:colcon.colcon_core.event_handler.log_command:Invoked command in '/home/user/data/drones_ship_ws/build/vrx_gazebo' returned '0': CMAKE_PREFIX_PATH=${CMAKE_PREFIX_PATH}:/home/user/data/drones_ship_ws/install/ros_gz_crazyflie_control:/opt/ros/jazzy DEBUGINFOD_URLS=https://debuginfod.ubuntu.com /usr/bin/cmake --build /home/user/data/drones_ship_ws/build/vrx_gazebo -- -j20 -l20
[1.091s] DEBUG:colcon.colcon_core.event_handler.log_command:Invoking command in '/home/user/data/drones_ship_ws/build/vrx_gazebo': CMAKE_PREFIX_PATH=${CMAKE_PREFIX_PATH}:/home/user/data/drones_ship_ws/install/ros_gz_crazyflie_control:/opt/ros/jazzy DEBUGINFOD_URLS=https://debuginfod.ubuntu.com /usr/bin/cmake --install /home/user/data/drones_ship_ws/build/vrx_gazebo
[1.158s] Level 1:colcon.colcon_core.environment:create_environment_scripts_only(vrx_gazebo)
[1.158s] Level 1:colcon.colcon_core.environment:checking '/home/user/data/drones_ship_ws/install/vrx_gazebo' for CMake module files
[1.158s] DEBUG:colcon.colcon_core.event_handler.log_command:Invoked command in '/home/user/data/drones_ship_ws/build/vrx_gazebo' returned '0': CMAKE_PREFIX_PATH=${CMAKE_PREFIX_PATH}:/home/user/data/drones_ship_ws/install/ros_gz_crazyflie_control:/opt/ros/jazzy DEBUGINFOD_URLS=https://debuginfod.ubuntu.com /usr/bin/cmake --install /home/user/data/drones_ship_ws/build/vrx_gazebo
[1.159s] Level 1:colcon.colcon_core.environment:checking '/home/user/data/drones_ship_ws/install/vrx_gazebo' for CMake config files
[1.160s] Level 1:colcon.colcon_core.shell:create_environment_hook('vrx_gazebo', 'cmake_prefix_path')
[1.160s] INFO:colcon.colcon_core.shell:Creating environment hook '/home/user/data/drones_ship_ws/install/vrx_gazebo/share/vrx_gazebo/hook/cmake_prefix_path.ps1'
[1.161s] INFO:colcon.colcon_core.shell:Creating environment descriptor '/home/user/data/drones_ship_ws/install/vrx_gazebo/share/vrx_gazebo/hook/cmake_prefix_path.dsv'
[1.161s] INFO:colcon.colcon_core.shell:Creating environment hook '/home/user/data/drones_ship_ws/install/vrx_gazebo/share/vrx_gazebo/hook/cmake_prefix_path.sh'
[1.162s] Level 1:colcon.colcon_core.environment:checking '/home/user/data/drones_ship_ws/install/vrx_gazebo/lib'
[1.162s] Level 1:colcon.colcon_core.environment:checking '/home/user/data/drones_ship_ws/install/vrx_gazebo/bin'
[1.162s] Level 1:colcon.colcon_core.environment:checking '/home/user/data/drones_ship_ws/install/vrx_gazebo/lib/pkgconfig/vrx_gazebo.pc'
[1.162s] Level 1:colcon.colcon_core.environment:checking '/home/user/data/drones_ship_ws/install/vrx_gazebo/lib/python3.12/site-packages'
[1.162s] Level 1:colcon.colcon_core.shell:create_environment_hook('vrx_gazebo', 'pythonpath')
[1.162s] INFO:colcon.colcon_core.shell:Creating environment hook '/home/user/data/drones_ship_ws/install/vrx_gazebo/share/vrx_gazebo/hook/pythonpath.ps1'
[1.163s] INFO:colcon.colcon_core.shell:Creating environment descriptor '/home/user/data/drones_ship_ws/install/vrx_gazebo/share/vrx_gazebo/hook/pythonpath.dsv'
[1.163s] INFO:colcon.colcon_core.shell:Creating environment hook '/home/user/data/drones_ship_ws/install/vrx_gazebo/share/vrx_gazebo/hook/pythonpath.sh'
[1.164s] Level 1:colcon.colcon_core.environment:checking '/home/user/data/drones_ship_ws/install/vrx_gazebo/bin'
[1.164s] INFO:colcon.colcon_core.shell:Creating package script '/home/user/data/drones_ship_ws/install/vrx_gazebo/share/vrx_gazebo/package.ps1'
[1.164s] INFO:colcon.colcon_core.shell:Creating package descriptor '/home/user/data/drones_ship_ws/install/vrx_gazebo/share/vrx_gazebo/package.dsv'
[1.165s] INFO:colcon.colcon_core.shell:Creating package script '/home/user/data/drones_ship_ws/install/vrx_gazebo/share/vrx_gazebo/package.sh'
[1.165s] INFO:colcon.colcon_core.shell:Creating package script '/home/user/data/drones_ship_ws/install/vrx_gazebo/share/vrx_gazebo/package.bash'
[1.166s] INFO:colcon.colcon_core.shell:Creating package script '/home/user/data/drones_ship_ws/install/vrx_gazebo/share/vrx_gazebo/package.zsh'
[1.166s] Level 1:colcon.colcon_core.environment:create_file_with_runtime_dependencies(/home/user/data/drones_ship_ws/install/vrx_gazebo/share/colcon-core/packages/vrx_gazebo)
[1.167s] Level 1:colcon.colcon_core.environment:create_environment_scripts_only(vrx_gazebo)
[1.167s] Level 1:colcon.colcon_core.environment:checking '/home/user/data/drones_ship_ws/install/vrx_gazebo' for CMake module files
[1.167s] Level 1:colcon.colcon_core.environment:checking '/home/user/data/drones_ship_ws/install/vrx_gazebo' for CMake config files
[1.169s] Level 1:colcon.colcon_core.shell:create_environment_hook('vrx_gazebo', 'cmake_prefix_path')
[1.169s] INFO:colcon.colcon_core.shell:Creating environment hook '/home/user/data/drones_ship_ws/install/vrx_gazebo/share/vrx_gazebo/hook/cmake_prefix_path.ps1'
[1.169s] INFO:colcon.colcon_core.shell:Creating environment descriptor '/home/user/data/drones_ship_ws/install/vrx_gazebo/share/vrx_gazebo/hook/cmake_prefix_path.dsv'
[1.170s] INFO:colcon.colcon_core.shell:Creating environment hook '/home/user/data/drones_ship_ws/install/vrx_gazebo/share/vrx_gazebo/hook/cmake_prefix_path.sh'
[1.170s] Level 1:colcon.colcon_core.environment:checking '/home/user/data/drones_ship_ws/install/vrx_gazebo/lib'
[1.170s] Level 1:colcon.colcon_core.environment:checking '/home/user/data/drones_ship_ws/install/vrx_gazebo/bin'
[1.170s] Level 1:colcon.colcon_core.environment:checking '/home/user/data/drones_ship_ws/install/vrx_gazebo/lib/pkgconfig/vrx_gazebo.pc'
[1.171s] Level 1:colcon.colcon_core.environment:checking '/home/user/data/drones_ship_ws/install/vrx_gazebo/lib/python3.12/site-packages'
[1.171s] Level 1:colcon.colcon_core.shell:create_environment_hook('vrx_gazebo', 'pythonpath')
[1.171s] INFO:colcon.colcon_core.shell:Creating environment hook '/home/user/data/drones_ship_ws/install/vrx_gazebo/share/vrx_gazebo/hook/pythonpath.ps1'
[1.171s] INFO:colcon.colcon_core.shell:Creating environment descriptor '/home/user/data/drones_ship_ws/install/vrx_gazebo/share/vrx_gazebo/hook/pythonpath.dsv'
[1.172s] INFO:colcon.colcon_core.shell:Creating environment hook '/home/user/data/drones_ship_ws/install/vrx_gazebo/share/vrx_gazebo/hook/pythonpath.sh'
[1.172s] Level 1:colcon.colcon_core.environment:checking '/home/user/data/drones_ship_ws/install/vrx_gazebo/bin'
[1.172s] INFO:colcon.colcon_core.shell:Creating package script '/home/user/data/drones_ship_ws/install/vrx_gazebo/share/vrx_gazebo/package.ps1'
[1.173s] INFO:colcon.colcon_core.shell:Creating package descriptor '/home/user/data/drones_ship_ws/install/vrx_gazebo/share/vrx_gazebo/package.dsv'
[1.173s] INFO:colcon.colcon_core.shell:Creating package script '/home/user/data/drones_ship_ws/install/vrx_gazebo/share/vrx_gazebo/package.sh'
[1.174s] INFO:colcon.colcon_core.shell:Creating package script '/home/user/data/drones_ship_ws/install/vrx_gazebo/share/vrx_gazebo/package.bash'
[1.175s] INFO:colcon.colcon_core.shell:Creating package script '/home/user/data/drones_ship_ws/install/vrx_gazebo/share/vrx_gazebo/package.zsh'
[1.175s] Level 1:colcon.colcon_core.environment:create_file_with_runtime_dependencies(/home/user/data/drones_ship_ws/install/vrx_gazebo/share/colcon-core/packages/vrx_gazebo)
[1.175s] INFO:colcon.colcon_ros.task.ament_cmake.build:Building ROS package in '/home/user/data/drones_ship_ws/src/drone_ship/vrx/vrx_urdf/wamv_description' with build type 'ament_cmake'
[1.175s] INFO:colcon.colcon_cmake.task.cmake.build:Building CMake package in '/home/user/data/drones_ship_ws/src/drone_ship/vrx/vrx_urdf/wamv_description'
[1.176s] INFO:colcon.colcon_core.shell:Skip shell extension 'powershell' for command environment: Not usable outside of PowerShell
[1.176s] DEBUG:colcon.colcon_core.shell:Skip shell extension 'dsv' for command environment
[1.182s] INFO:colcon.colcon_ros.task.ament_cmake.build:Building ROS package in '/home/user/data/drones_ship_ws/src/drone_ship/aquabot_description' with build type 'ament_cmake'
[1.182s] INFO:colcon.colcon_cmake.task.cmake.build:Building CMake package in '/home/user/data/drones_ship_ws/src/drone_ship/aquabot_description'
[1.182s] INFO:colcon.colcon_core.shell:Skip shell extension 'powershell' for command environment: Not usable outside of PowerShell
[1.183s] DEBUG:colcon.colcon_core.shell:Skip shell extension 'dsv' for command environment
[1.190s] DEBUG:colcon.colcon_core.event_handler.log_command:Invoking command in '/home/user/data/drones_ship_ws/src/drone_ship/ros_gz_crazyflie/ros_gz_crazyflie_control': DEBUGINFOD_URLS=https://debuginfod.ubuntu.com PYTHONPATH=/home/user/data/drones_ship_ws/build/ros_gz_crazyflie_control/prefix_override:/usr/lib/python3/dist-packages/colcon_core/task/python/colcon_distutils_commands:/home/user/data/drones_ship_ws/install/ros_gz_crazyflie_control/lib/python3.12/site-packages:${PYTHONPATH} /usr/bin/python3 -W ignore:setup.py install is deprecated -W ignore:easy_install command is deprecated setup.py egg_info --egg-base ../../../../build/ros_gz_crazyflie_control build --build-base /home/user/data/drones_ship_ws/build/ros_gz_crazyflie_control/build install --record /home/user/data/drones_ship_ws/build/ros_gz_crazyflie_control/install.log --single-version-externally-managed install_data
[1.192s] DEBUG:colcon.colcon_core.event_handler.log_command:Invoking command in '/home/user/data/drones_ship_ws/build/wamv_description': CMAKE_PREFIX_PATH=/home/user/data/drones_ship_ws/install/vrx_gazebo:/home/user/data/drones_ship_ws/install/wamv_gazebo:/home/user/data/drones_ship_ws/install/wamv_description:/home/user/data/drones_ship_ws/install/vrx_gz:/home/user/data/drones_ship_ws/install/vrx_ros:/home/user/data/drones_ship_ws/install/aquabot_description:/home/user/data/drones_ship_ws/install/ros_gz_crazyflie_bringup:/home/user/data/drones_ship_ws/install/ros_gz_crazyflie_gazebo:/home/user/data/drones_ship_ws/install/crazyflie_yolo:/home/user/data/drones_ship_ws/install/crazyflie_ekf:/home/user/data/drones_ship_ws/install/crazyflie_control:/home/user/data/drones_ship_ws/install/aquabot_motion:/home/user/data/drones_ship_ws/install/aquabot_gz:/home/user/data/drones_ship_ws/install/aquabot_ekf:/opt/ros/jazzy/opt/gz_sim_vendor:/opt/ros/jazzy/opt/gz_sensors_vendor:/opt/ros/jazzy/opt/gz_physics_vendor:/opt/ros/jazzy/opt/sdformat_vendor:/opt/ros/jazzy/opt/gz_gui_vendor:/opt/ros/jazzy/opt/gz_transport_vendor:/opt/ros/jazzy/opt/gz_rendering_vendor:/opt/ros/jazzy/opt/gz_plugin_vendor:/opt/ros/jazzy/opt/gz_fuel_tools_vendor:/opt/ros/jazzy/opt/gz_msgs_vendor:/opt/ros/jazzy/opt/gz_common_vendor:/opt/ros/jazzy/opt/gz_math_vendor:/opt/ros/jazzy/opt/gz_utils_vendor:/opt/ros/jazzy/opt/gz_tools_vendor:/opt/ros/jazzy/opt/gz_ogre_next_vendor:/opt/ros/jazzy/opt/gz_dartsim_vendor:/opt/ros/jazzy/opt/gz_cmake_vendor:/home/user/data/drones_ship_ws/install/ros_gz_crazyflie_control:/opt/ros/jazzy DEBUGINFOD_URLS=https://debuginfod.ubuntu.com GZ_SIM_RESOURCE_PATH=/home/user/data/drones_ship_ws/install/vrx_gazebo/share:${GZ_SIM_RESOURCE_PATH} PYTHONPATH=/home/user/data/drones_ship_ws/install/vrx_gazebo/lib/python3.12/site-packages:/home/user/data/drones_ship_ws/install/vrx_gz/lib/python3.12/site-packages:/home/user/data/drones_ship_ws/install/ros_gz_crazyflie_control/lib/python3.12/site-packages:/home/user/data/drones_ship_ws/install/crazyflie_yolo/lib/python3.12/site-packages:/opt/ros/jazzy/lib/python3.12/site-packages /usr/bin/cmake --build /home/user/data/drones_ship_ws/build/wamv_description -- -j20 -l20
[1.194s] DEBUG:colcon.colcon_core.event_handler.log_command:Invoking command in '/home/user/data/drones_ship_ws/build/aquabot_description': CMAKE_PREFIX_PATH=/home/user/data/drones_ship_ws/install/vrx_gazebo:/home/user/data/drones_ship_ws/install/wamv_gazebo:/home/user/data/drones_ship_ws/install/wamv_description:/home/user/data/drones_ship_ws/install/vrx_gz:/home/user/data/drones_ship_ws/install/vrx_ros:/home/user/data/drones_ship_ws/install/aquabot_description:/home/user/data/drones_ship_ws/install/ros_gz_crazyflie_bringup:/home/user/data/drones_ship_ws/install/ros_gz_crazyflie_gazebo:/home/user/data/drones_ship_ws/install/crazyflie_yolo:/home/user/data/drones_ship_ws/install/crazyflie_ekf:/home/user/data/drones_ship_ws/install/crazyflie_control:/home/user/data/drones_ship_ws/install/aquabot_motion:/home/user/data/drones_ship_ws/install/aquabot_gz:/home/user/data/drones_ship_ws/install/aquabot_ekf:/opt/ros/jazzy/opt/gz_sim_vendor:/opt/ros/jazzy/opt/gz_sensors_vendor:/opt/ros/jazzy/opt/gz_physics_vendor:/opt/ros/jazzy/opt/sdformat_vendor:/opt/ros/jazzy/opt/gz_gui_vendor:/opt/ros/jazzy/opt/gz_transport_vendor:/opt/ros/jazzy/opt/gz_rendering_vendor:/opt/ros/jazzy/opt/gz_plugin_vendor:/opt/ros/jazzy/opt/gz_fuel_tools_vendor:/opt/ros/jazzy/opt/gz_msgs_vendor:/opt/ros/jazzy/opt/gz_common_vendor:/opt/ros/jazzy/opt/gz_math_vendor:/opt/ros/jazzy/opt/gz_utils_vendor:/opt/ros/jazzy/opt/gz_tools_vendor:/opt/ros/jazzy/opt/gz_ogre_next_vendor:/opt/ros/jazzy/opt/gz_dartsim_vendor:/opt/ros/jazzy/opt/gz_cmake_vendor:/home/user/data/drones_ship_ws/install/ros_gz_crazyflie_control:/opt/ros/jazzy DEBUGINFOD_URLS=https://debuginfod.ubuntu.com GZ_SIM_RESOURCE_PATH=/home/user/data/drones_ship_ws/install/vrx_gazebo/share:${GZ_SIM_RESOURCE_PATH} PYTHONPATH=/home/user/data/drones_ship_ws/install/vrx_gazebo/lib/python3.12/site-packages:/home/user/data/drones_ship_ws/install/vrx_gz/lib/python3.12/site-packages:/home/user/data/drones_ship_ws/install/ros_gz_crazyflie_control/lib/python3.12/site-packages:/home/user/data/drones_ship_ws/install/crazyflie_yolo/lib/python3.12/site-packages:/opt/ros/jazzy/lib/python3.12/site-packages /usr/bin/cmake --build /home/user/data/drones_ship_ws/build/aquabot_description -- -j20 -l20
[1.262s] DEBUG:colcon.colcon_core.event_handler.log_command:Invoked command in '/home/user/data/drones_ship_ws/build/aquabot_description' returned '0': CMAKE_PREFIX_PATH=/home/user/data/drones_ship_ws/install/vrx_gazebo:/home/user/data/drones_ship_ws/install/wamv_gazebo:/home/user/data/drones_ship_ws/install/wamv_description:/home/user/data/drones_ship_ws/install/vrx_gz:/home/user/data/drones_ship_ws/install/vrx_ros:/home/user/data/drones_ship_ws/install/aquabot_description:/home/user/data/drones_ship_ws/install/ros_gz_crazyflie_bringup:/home/user/data/drones_ship_ws/install/ros_gz_crazyflie_gazebo:/home/user/data/drones_ship_ws/install/crazyflie_yolo:/home/user/data/drones_ship_ws/install/crazyflie_ekf:/home/user/data/drones_ship_ws/install/crazyflie_control:/home/user/data/drones_ship_ws/install/aquabot_motion:/home/user/data/drones_ship_ws/install/aquabot_gz:/home/user/data/drones_ship_ws/install/aquabot_ekf:/opt/ros/jazzy/opt/gz_sim_vendor:/opt/ros/jazzy/opt/gz_sensors_vendor:/opt/ros/jazzy/opt/gz_physics_vendor:/opt/ros/jazzy/opt/sdformat_vendor:/opt/ros/jazzy/opt/gz_gui_vendor:/opt/ros/jazzy/opt/gz_transport_vendor:/opt/ros/jazzy/opt/gz_rendering_vendor:/opt/ros/jazzy/opt/gz_plugin_vendor:/opt/ros/jazzy/opt/gz_fuel_tools_vendor:/opt/ros/jazzy/opt/gz_msgs_vendor:/opt/ros/jazzy/opt/gz_common_vendor:/opt/ros/jazzy/opt/gz_math_vendor:/opt/ros/jazzy/opt/gz_utils_vendor:/opt/ros/jazzy/opt/gz_tools_vendor:/opt/ros/jazzy/opt/gz_ogre_next_vendor:/opt/ros/jazzy/opt/gz_dartsim_vendor:/opt/ros/jazzy/opt/gz_cmake_vendor:/home/user/data/drones_ship_ws/install/ros_gz_crazyflie_control:/opt/ros/jazzy DEBUGINFOD_URLS=https://debuginfod.ubuntu.com GZ_SIM_RESOURCE_PATH=/home/user/data/drones_ship_ws/install/vrx_gazebo/share:${GZ_SIM_RESOURCE_PATH} PYTHONPATH=/home/user/data/drones_ship_ws/install/vrx_gazebo/lib/python3.12/site-packages:/home/user/data/drones_ship_ws/install/vrx_gz/lib/python3.12/site-packages:/home/user/data/drones_ship_ws/install/ros_gz_crazyflie_control/lib/python3.12/site-packages:/home/user/data/drones_ship_ws/install/crazyflie_yolo/lib/python3.12/site-packages:/opt/ros/jazzy/lib/python3.12/site-packages /usr/bin/cmake --build /home/user/data/drones_ship_ws/build/aquabot_description -- -j20 -l20
[1.262s] DEBUG:colcon.colcon_core.event_handler.log_command:Invoking command in '/home/user/data/drones_ship_ws/build/aquabot_description': CMAKE_PREFIX_PATH=/home/user/data/drones_ship_ws/install/vrx_gazebo:/home/user/data/drones_ship_ws/install/wamv_gazebo:/home/user/data/drones_ship_ws/install/wamv_description:/home/user/data/drones_ship_ws/install/vrx_gz:/home/user/data/drones_ship_ws/install/vrx_ros:/home/user/data/drones_ship_ws/install/aquabot_description:/home/user/data/drones_ship_ws/install/ros_gz_crazyflie_bringup:/home/user/data/drones_ship_ws/install/ros_gz_crazyflie_gazebo:/home/user/data/drones_ship_ws/install/crazyflie_yolo:/home/user/data/drones_ship_ws/install/crazyflie_ekf:/home/user/data/drones_ship_ws/install/crazyflie_control:/home/user/data/drones_ship_ws/install/aquabot_motion:/home/user/data/drones_ship_ws/install/aquabot_gz:/home/user/data/drones_ship_ws/install/aquabot_ekf:/opt/ros/jazzy/opt/gz_sim_vendor:/opt/ros/jazzy/opt/gz_sensors_vendor:/opt/ros/jazzy/opt/gz_physics_vendor:/opt/ros/jazzy/opt/sdformat_vendor:/opt/ros/jazzy/opt/gz_gui_vendor:/opt/ros/jazzy/opt/gz_transport_vendor:/opt/ros/jazzy/opt/gz_rendering_vendor:/opt/ros/jazzy/opt/gz_plugin_vendor:/opt/ros/jazzy/opt/gz_fuel_tools_vendor:/opt/ros/jazzy/opt/gz_msgs_vendor:/opt/ros/jazzy/opt/gz_common_vendor:/opt/ros/jazzy/opt/gz_math_vendor:/opt/ros/jazzy/opt/gz_utils_vendor:/opt/ros/jazzy/opt/gz_tools_vendor:/opt/ros/jazzy/opt/gz_ogre_next_vendor:/opt/ros/jazzy/opt/gz_dartsim_vendor:/opt/ros/jazzy/opt/gz_cmake_vendor:/home/user/data/drones_ship_ws/install/ros_gz_crazyflie_control:/opt/ros/jazzy DEBUGINFOD_URLS=https://debuginfod.ubuntu.com GZ_SIM_RESOURCE_PATH=/home/user/data/drones_ship_ws/install/vrx_gazebo/share:${GZ_SIM_RESOURCE_PATH} PYTHONPATH=/home/user/data/drones_ship_ws/install/vrx_gazebo/lib/python3.12/site-packages:/home/user/data/drones_ship_ws/install/vrx_gz/lib/python3.12/site-packages:/home/user/data/drones_ship_ws/install/ros_gz_crazyflie_control/lib/python3.12/site-packages:/home/user/data/drones_ship_ws/install/crazyflie_yolo/lib/python3.12/site-packages:/opt/ros/jazzy/lib/python3.12/site-packages /usr/bin/cmake --install /home/user/data/drones_ship_ws/build/aquabot_description
[1.277s] Level 1:colcon.colcon_core.environment:create_environment_scripts_only(aquabot_description)
[1.277s] Level 1:colcon.colcon_core.environment:checking '/home/user/data/drones_ship_ws/install/aquabot_description' for CMake module files
[1.277s] DEBUG:colcon.colcon_core.event_handler.log_command:Invoked command in '/home/user/data/drones_ship_ws/build/aquabot_description' returned '0': CMAKE_PREFIX_PATH=/home/user/data/drones_ship_ws/install/vrx_gazebo:/home/user/data/drones_ship_ws/install/wamv_gazebo:/home/user/data/drones_ship_ws/install/wamv_description:/home/user/data/drones_ship_ws/install/vrx_gz:/home/user/data/drones_ship_ws/install/vrx_ros:/home/user/data/drones_ship_ws/install/aquabot_description:/home/user/data/drones_ship_ws/install/ros_gz_crazyflie_bringup:/home/user/data/drones_ship_ws/install/ros_gz_crazyflie_gazebo:/home/user/data/drones_ship_ws/install/crazyflie_yolo:/home/user/data/drones_ship_ws/install/crazyflie_ekf:/home/user/data/drones_ship_ws/install/crazyflie_control:/home/user/data/drones_ship_ws/install/aquabot_motion:/home/user/data/drones_ship_ws/install/aquabot_gz:/home/user/data/drones_ship_ws/install/aquabot_ekf:/opt/ros/jazzy/opt/gz_sim_vendor:/opt/ros/jazzy/opt/gz_sensors_vendor:/opt/ros/jazzy/opt/gz_physics_vendor:/opt/ros/jazzy/opt/sdformat_vendor:/opt/ros/jazzy/opt/gz_gui_vendor:/opt/ros/jazzy/opt/gz_transport_vendor:/opt/ros/jazzy/opt/gz_rendering_vendor:/opt/ros/jazzy/opt/gz_plugin_vendor:/opt/ros/jazzy/opt/gz_fuel_tools_vendor:/opt/ros/jazzy/opt/gz_msgs_vendor:/opt/ros/jazzy/opt/gz_common_vendor:/opt/ros/jazzy/opt/gz_math_vendor:/opt/ros/jazzy/opt/gz_utils_vendor:/opt/ros/jazzy/opt/gz_tools_vendor:/opt/ros/jazzy/opt/gz_ogre_next_vendor:/opt/ros/jazzy/opt/gz_dartsim_vendor:/opt/ros/jazzy/opt/gz_cmake_vendor:/home/user/data/drones_ship_ws/install/ros_gz_crazyflie_control:/opt/ros/jazzy DEBUGINFOD_URLS=https://debuginfod.ubuntu.com GZ_SIM_RESOURCE_PATH=/home/user/data/drones_ship_ws/install/vrx_gazebo/share:${GZ_SIM_RESOURCE_PATH} PYTHONPATH=/home/user/data/drones_ship_ws/install/vrx_gazebo/lib/python3.12/site-packages:/home/user/data/drones_ship_ws/install/vrx_gz/lib/python3.12/site-packages:/home/user/data/drones_ship_ws/install/ros_gz_crazyflie_control/lib/python3.12/site-packages:/home/user/data/drones_ship_ws/install/crazyflie_yolo/lib/python3.12/site-packages:/opt/ros/jazzy/lib/python3.12/site-packages /usr/bin/cmake --install /home/user/data/drones_ship_ws/build/aquabot_description
[1.278s] Level 1:colcon.colcon_core.environment:checking '/home/user/data/drones_ship_ws/install/aquabot_description' for CMake config files
[1.278s] Level 1:colcon.colcon_core.shell:create_environment_hook('aquabot_description', 'cmake_prefix_path')
[1.278s] INFO:colcon.colcon_core.shell:Creating environment hook '/home/user/data/drones_ship_ws/install/aquabot_description/share/aquabot_description/hook/cmake_prefix_path.ps1'
[1.279s] INFO:colcon.colcon_core.shell:Creating environment descriptor '/home/user/data/drones_ship_ws/install/aquabot_description/share/aquabot_description/hook/cmake_prefix_path.dsv'
[1.279s] INFO:colcon.colcon_core.shell:Creating environment hook '/home/user/data/drones_ship_ws/install/aquabot_description/share/aquabot_description/hook/cmake_prefix_path.sh'
[1.280s] Level 1:colcon.colcon_core.environment:checking '/home/user/data/drones_ship_ws/install/aquabot_description/bin'
[1.280s] Level 1:colcon.colcon_core.environment:checking '/home/user/data/drones_ship_ws/install/aquabot_description/lib/pkgconfig/aquabot_description.pc'
[1.280s] Level 1:colcon.colcon_core.environment:checking '/home/user/data/drones_ship_ws/install/aquabot_description/lib/python3.12/site-packages'
[1.280s] Level 1:colcon.colcon_core.environment:checking '/home/user/data/drones_ship_ws/install/aquabot_description/bin'
[1.281s] INFO:colcon.colcon_core.shell:Creating package script '/home/user/data/drones_ship_ws/install/aquabot_description/share/aquabot_description/package.ps1'
[1.281s] INFO:colcon.colcon_core.shell:Creating package descriptor '/home/user/data/drones_ship_ws/install/aquabot_description/share/aquabot_description/package.dsv'
[1.281s] INFO:colcon.colcon_core.shell:Creating package script '/home/user/data/drones_ship_ws/install/aquabot_description/share/aquabot_description/package.sh'
[1.282s] INFO:colcon.colcon_core.shell:Creating package script '/home/user/data/drones_ship_ws/install/aquabot_description/share/aquabot_description/package.bash'
[1.282s] INFO:colcon.colcon_core.shell:Creating package script '/home/user/data/drones_ship_ws/install/aquabot_description/share/aquabot_description/package.zsh'
[1.283s] Level 1:colcon.colcon_core.environment:create_file_with_runtime_dependencies(/home/user/data/drones_ship_ws/install/aquabot_description/share/colcon-core/packages/aquabot_description)
[1.283s] Level 1:colcon.colcon_core.environment:create_environment_scripts_only(aquabot_description)
[1.283s] Level 1:colcon.colcon_core.environment:checking '/home/user/data/drones_ship_ws/install/aquabot_description' for CMake module files
[1.284s] Level 1:colcon.colcon_core.environment:checking '/home/user/data/drones_ship_ws/install/aquabot_description' for CMake config files
[1.284s] Level 1:colcon.colcon_core.shell:create_environment_hook('aquabot_description', 'cmake_prefix_path')
[1.284s] INFO:colcon.colcon_core.shell:Creating environment hook '/home/user/data/drones_ship_ws/install/aquabot_description/share/aquabot_description/hook/cmake_prefix_path.ps1'
[1.285s] INFO:colcon.colcon_core.shell:Creating environment descriptor '/home/user/data/drones_ship_ws/install/aquabot_description/share/aquabot_description/hook/cmake_prefix_path.dsv'
[1.285s] INFO:colcon.colcon_core.shell:Creating environment hook '/home/user/data/drones_ship_ws/install/aquabot_description/share/aquabot_description/hook/cmake_prefix_path.sh'
[1.286s] Level 1:colcon.colcon_core.environment:checking '/home/user/data/drones_ship_ws/install/aquabot_description/bin'
[1.286s] Level 1:colcon.colcon_core.environment:checking '/home/user/data/drones_ship_ws/install/aquabot_description/lib/pkgconfig/aquabot_description.pc'
[1.286s] Level 1:colcon.colcon_core.environment:checking '/home/user/data/drones_ship_ws/install/aquabot_description/lib/python3.12/site-packages'
[1.286s] Level 1:colcon.colcon_core.environment:checking '/home/user/data/drones_ship_ws/install/aquabot_description/bin'
[1.286s] INFO:colcon.colcon_core.shell:Creating package script '/home/user/data/drones_ship_ws/install/aquabot_description/share/aquabot_description/package.ps1'
[1.287s] INFO:colcon.colcon_core.shell:Creating package descriptor '/home/user/data/drones_ship_ws/install/aquabot_description/share/aquabot_description/package.dsv'
[1.288s] INFO:colcon.colcon_core.shell:Creating package script '/home/user/data/drones_ship_ws/install/aquabot_description/share/aquabot_description/package.sh'
[1.288s] INFO:colcon.colcon_core.shell:Creating package script '/home/user/data/drones_ship_ws/install/aquabot_description/share/aquabot_description/package.bash'
[1.288s] INFO:colcon.colcon_core.shell:Creating package script '/home/user/data/drones_ship_ws/install/aquabot_description/share/aquabot_description/package.zsh'
[1.289s] Level 1:colcon.colcon_core.environment:create_file_with_runtime_dependencies(/home/user/data/drones_ship_ws/install/aquabot_description/share/colcon-core/packages/aquabot_description)
[1.307s] DEBUG:colcon.colcon_core.event_handler.log_command:Invoked command in '/home/user/data/drones_ship_ws/build/wamv_description' returned '0': CMAKE_PREFIX_PATH=/home/user/data/drones_ship_ws/install/vrx_gazebo:/home/user/data/drones_ship_ws/install/wamv_gazebo:/home/user/data/drones_ship_ws/install/wamv_description:/home/user/data/drones_ship_ws/install/vrx_gz:/home/user/data/drones_ship_ws/install/vrx_ros:/home/user/data/drones_ship_ws/install/aquabot_description:/home/user/data/drones_ship_ws/install/ros_gz_crazyflie_bringup:/home/user/data/drones_ship_ws/install/ros_gz_crazyflie_gazebo:/home/user/data/drones_ship_ws/install/crazyflie_yolo:/home/user/data/drones_ship_ws/install/crazyflie_ekf:/home/user/data/drones_ship_ws/install/crazyflie_control:/home/user/data/drones_ship_ws/install/aquabot_motion:/home/user/data/drones_ship_ws/install/aquabot_gz:/home/user/data/drones_ship_ws/install/aquabot_ekf:/opt/ros/jazzy/opt/gz_sim_vendor:/opt/ros/jazzy/opt/gz_sensors_vendor:/opt/ros/jazzy/opt/gz_physics_vendor:/opt/ros/jazzy/opt/sdformat_vendor:/opt/ros/jazzy/opt/gz_gui_vendor:/opt/ros/jazzy/opt/gz_transport_vendor:/opt/ros/jazzy/opt/gz_rendering_vendor:/opt/ros/jazzy/opt/gz_plugin_vendor:/opt/ros/jazzy/opt/gz_fuel_tools_vendor:/opt/ros/jazzy/opt/gz_msgs_vendor:/opt/ros/jazzy/opt/gz_common_vendor:/opt/ros/jazzy/opt/gz_math_vendor:/opt/ros/jazzy/opt/gz_utils_vendor:/opt/ros/jazzy/opt/gz_tools_vendor:/opt/ros/jazzy/opt/gz_ogre_next_vendor:/opt/ros/jazzy/opt/gz_dartsim_vendor:/opt/ros/jazzy/opt/gz_cmake_vendor:/home/user/data/drones_ship_ws/install/ros_gz_crazyflie_control:/opt/ros/jazzy DEBUGINFOD_URLS=https://debuginfod.ubuntu.com GZ_SIM_RESOURCE_PATH=/home/user/data/drones_ship_ws/install/vrx_gazebo/share:${GZ_SIM_RESOURCE_PATH} PYTHONPATH=/home/user/data/drones_ship_ws/install/vrx_gazebo/lib/python3.12/site-packages:/home/user/data/drones_ship_ws/install/vrx_gz/lib/python3.12/site-packages:/home/user/data/drones_ship_ws/install/ros_gz_crazyflie_control/lib/python3.12/site-packages:/home/user/data/drones_ship_ws/install/crazyflie_yolo/lib/python3.12/site-packages:/opt/ros/jazzy/lib/python3.12/site-packages /usr/bin/cmake --build /home/user/data/drones_ship_ws/build/wamv_description -- -j20 -l20
[1.307s] DEBUG:colcon.colcon_core.event_handler.log_command:Invoking command in '/home/user/data/drones_ship_ws/build/wamv_description': CMAKE_PREFIX_PATH=/home/user/data/drones_ship_ws/install/vrx_gazebo:/home/user/data/drones_ship_ws/install/wamv_gazebo:/home/user/data/drones_ship_ws/install/wamv_description:/home/user/data/drones_ship_ws/install/vrx_gz:/home/user/data/drones_ship_ws/install/vrx_ros:/home/user/data/drones_ship_ws/install/aquabot_description:/home/user/data/drones_ship_ws/install/ros_gz_crazyflie_bringup:/home/user/data/drones_ship_ws/install/ros_gz_crazyflie_gazebo:/home/user/data/drones_ship_ws/install/crazyflie_yolo:/home/user/data/drones_ship_ws/install/crazyflie_ekf:/home/user/data/drones_ship_ws/install/crazyflie_control:/home/user/data/drones_ship_ws/install/aquabot_motion:/home/user/data/drones_ship_ws/install/aquabot_gz:/home/user/data/drones_ship_ws/install/aquabot_ekf:/opt/ros/jazzy/opt/gz_sim_vendor:/opt/ros/jazzy/opt/gz_sensors_vendor:/opt/ros/jazzy/opt/gz_physics_vendor:/opt/ros/jazzy/opt/sdformat_vendor:/opt/ros/jazzy/opt/gz_gui_vendor:/opt/ros/jazzy/opt/gz_transport_vendor:/opt/ros/jazzy/opt/gz_rendering_vendor:/opt/ros/jazzy/opt/gz_plugin_vendor:/opt/ros/jazzy/opt/gz_fuel_tools_vendor:/opt/ros/jazzy/opt/gz_msgs_vendor:/opt/ros/jazzy/opt/gz_common_vendor:/opt/ros/jazzy/opt/gz_math_vendor:/opt/ros/jazzy/opt/gz_utils_vendor:/opt/ros/jazzy/opt/gz_tools_vendor:/opt/ros/jazzy/opt/gz_ogre_next_vendor:/opt/ros/jazzy/opt/gz_dartsim_vendor:/opt/ros/jazzy/opt/gz_cmake_vendor:/home/user/data/drones_ship_ws/install/ros_gz_crazyflie_control:/opt/ros/jazzy DEBUGINFOD_URLS=https://debuginfod.ubuntu.com GZ_SIM_RESOURCE_PATH=/home/user/data/drones_ship_ws/install/vrx_gazebo/share:${GZ_SIM_RESOURCE_PATH} PYTHONPATH=/home/user/data/drones_ship_ws/install/vrx_gazebo/lib/python3.12/site-packages:/home/user/data/drones_ship_ws/install/vrx_gz/lib/python3.12/site-packages:/home/user/data/drones_ship_ws/install/ros_gz_crazyflie_control/lib/python3.12/site-packages:/home/user/data/drones_ship_ws/install/crazyflie_yolo/lib/python3.12/site-packages:/opt/ros/jazzy/lib/python3.12/site-packages /usr/bin/cmake --install /home/user/data/drones_ship_ws/build/wamv_description
[1.309s] DEBUG:colcon.colcon_core.event_handler.log_command:Invoked command in '/home/user/data/drones_ship_ws/build/vrx_gz' returned '0': CMAKE_PREFIX_PATH=/home/user/data/drones_ship_ws/install/vrx_ros:/home/user/data/drones_ship_ws/install/wamv_gazebo:/home/user/data/drones_ship_ws/install/wamv_description:/home/user/data/drones_ship_ws/install/vrx_gz:/home/user/data/drones_ship_ws/install/aquabot_description:/home/user/data/drones_ship_ws/install/vrx_gazebo:/home/user/data/drones_ship_ws/install/ros_gz_crazyflie_bringup:/home/user/data/drones_ship_ws/install/ros_gz_crazyflie_gazebo:/home/user/data/drones_ship_ws/install/crazyflie_yolo:/home/user/data/drones_ship_ws/install/crazyflie_ekf:/home/user/data/drones_ship_ws/install/crazyflie_control:/home/user/data/drones_ship_ws/install/aquabot_motion:/home/user/data/drones_ship_ws/install/aquabot_gz:/home/user/data/drones_ship_ws/install/aquabot_ekf:/opt/ros/jazzy/opt/gz_sim_vendor:/opt/ros/jazzy/opt/gz_sensors_vendor:/opt/ros/jazzy/opt/gz_physics_vendor:/opt/ros/jazzy/opt/sdformat_vendor:/opt/ros/jazzy/opt/gz_gui_vendor:/opt/ros/jazzy/opt/gz_transport_vendor:/opt/ros/jazzy/opt/gz_rendering_vendor:/opt/ros/jazzy/opt/gz_plugin_vendor:/opt/ros/jazzy/opt/gz_fuel_tools_vendor:/opt/ros/jazzy/opt/gz_msgs_vendor:/opt/ros/jazzy/opt/gz_common_vendor:/opt/ros/jazzy/opt/gz_math_vendor:/opt/ros/jazzy/opt/gz_utils_vendor:/opt/ros/jazzy/opt/gz_tools_vendor:/opt/ros/jazzy/opt/gz_ogre_next_vendor:/opt/ros/jazzy/opt/gz_dartsim_vendor:/opt/ros/jazzy/opt/gz_cmake_vendor:/home/user/data/drones_ship_ws/install/ros_gz_crazyflie_control:/opt/ros/jazzy DEBUGINFOD_URLS=https://debuginfod.ubuntu.com /usr/bin/cmake --build /home/user/data/drones_ship_ws/build/vrx_gz -- -j20 -l20
[1.310s] DEBUG:colcon.colcon_core.event_handler.log_command:Invoking command in '/home/user/data/drones_ship_ws/build/vrx_gz': CMAKE_PREFIX_PATH=/home/user/data/drones_ship_ws/install/vrx_ros:/home/user/data/drones_ship_ws/install/wamv_gazebo:/home/user/data/drones_ship_ws/install/wamv_description:/home/user/data/drones_ship_ws/install/vrx_gz:/home/user/data/drones_ship_ws/install/aquabot_description:/home/user/data/drones_ship_ws/install/vrx_gazebo:/home/user/data/drones_ship_ws/install/ros_gz_crazyflie_bringup:/home/user/data/drones_ship_ws/install/ros_gz_crazyflie_gazebo:/home/user/data/drones_ship_ws/install/crazyflie_yolo:/home/user/data/drones_ship_ws/install/crazyflie_ekf:/home/user/data/drones_ship_ws/install/crazyflie_control:/home/user/data/drones_ship_ws/install/aquabot_motion:/home/user/data/drones_ship_ws/install/aquabot_gz:/home/user/data/drones_ship_ws/install/aquabot_ekf:/opt/ros/jazzy/opt/gz_sim_vendor:/opt/ros/jazzy/opt/gz_sensors_vendor:/opt/ros/jazzy/opt/gz_physics_vendor:/opt/ros/jazzy/opt/sdformat_vendor:/opt/ros/jazzy/opt/gz_gui_vendor:/opt/ros/jazzy/opt/gz_transport_vendor:/opt/ros/jazzy/opt/gz_rendering_vendor:/opt/ros/jazzy/opt/gz_plugin_vendor:/opt/ros/jazzy/opt/gz_fuel_tools_vendor:/opt/ros/jazzy/opt/gz_msgs_vendor:/opt/ros/jazzy/opt/gz_common_vendor:/opt/ros/jazzy/opt/gz_math_vendor:/opt/ros/jazzy/opt/gz_utils_vendor:/opt/ros/jazzy/opt/gz_tools_vendor:/opt/ros/jazzy/opt/gz_ogre_next_vendor:/opt/ros/jazzy/opt/gz_dartsim_vendor:/opt/ros/jazzy/opt/gz_cmake_vendor:/home/user/data/drones_ship_ws/install/ros_gz_crazyflie_control:/opt/ros/jazzy DEBUGINFOD_URLS=https://debuginfod.ubuntu.com /usr/bin/cmake --install /home/user/data/drones_ship_ws/build/vrx_gz
[1.326s] Level 1:colcon.colcon_core.environment:create_environment_scripts_only(wamv_description)
[1.326s] Level 1:colcon.colcon_core.environment:checking '/home/user/data/drones_ship_ws/install/wamv_description' for CMake module files
[1.327s] DEBUG:colcon.colcon_core.event_handler.log_command:Invoked command in '/home/user/data/drones_ship_ws/build/wamv_description' returned '0': CMAKE_PREFIX_PATH=/home/user/data/drones_ship_ws/install/vrx_gazebo:/home/user/data/drones_ship_ws/install/wamv_gazebo:/home/user/data/drones_ship_ws/install/wamv_description:/home/user/data/drones_ship_ws/install/vrx_gz:/home/user/data/drones_ship_ws/install/vrx_ros:/home/user/data/drones_ship_ws/install/aquabot_description:/home/user/data/drones_ship_ws/install/ros_gz_crazyflie_bringup:/home/user/data/drones_ship_ws/install/ros_gz_crazyflie_gazebo:/home/user/data/drones_ship_ws/install/crazyflie_yolo:/home/user/data/drones_ship_ws/install/crazyflie_ekf:/home/user/data/drones_ship_ws/install/crazyflie_control:/home/user/data/drones_ship_ws/install/aquabot_motion:/home/user/data/drones_ship_ws/install/aquabot_gz:/home/user/data/drones_ship_ws/install/aquabot_ekf:/opt/ros/jazzy/opt/gz_sim_vendor:/opt/ros/jazzy/opt/gz_sensors_vendor:/opt/ros/jazzy/opt/gz_physics_vendor:/opt/ros/jazzy/opt/sdformat_vendor:/opt/ros/jazzy/opt/gz_gui_vendor:/opt/ros/jazzy/opt/gz_transport_vendor:/opt/ros/jazzy/opt/gz_rendering_vendor:/opt/ros/jazzy/opt/gz_plugin_vendor:/opt/ros/jazzy/opt/gz_fuel_tools_vendor:/opt/ros/jazzy/opt/gz_msgs_vendor:/opt/ros/jazzy/opt/gz_common_vendor:/opt/ros/jazzy/opt/gz_math_vendor:/opt/ros/jazzy/opt/gz_utils_vendor:/opt/ros/jazzy/opt/gz_tools_vendor:/opt/ros/jazzy/opt/gz_ogre_next_vendor:/opt/ros/jazzy/opt/gz_dartsim_vendor:/opt/ros/jazzy/opt/gz_cmake_vendor:/home/user/data/drones_ship_ws/install/ros_gz_crazyflie_control:/opt/ros/jazzy DEBUGINFOD_URLS=https://debuginfod.ubuntu.com GZ_SIM_RESOURCE_PATH=/home/user/data/drones_ship_ws/install/vrx_gazebo/share:${GZ_SIM_RESOURCE_PATH} PYTHONPATH=/home/user/data/drones_ship_ws/install/vrx_gazebo/lib/python3.12/site-packages:/home/user/data/drones_ship_ws/install/vrx_gz/lib/python3.12/site-packages:/home/user/data/drones_ship_ws/install/ros_gz_crazyflie_control/lib/python3.12/site-packages:/home/user/data/drones_ship_ws/install/crazyflie_yolo/lib/python3.12/site-packages:/opt/ros/jazzy/lib/python3.12/site-packages /usr/bin/cmake --install /home/user/data/drones_ship_ws/build/wamv_description
[1.327s] Level 1:colcon.colcon_core.environment:checking '/home/user/data/drones_ship_ws/install/wamv_description' for CMake config files
[1.327s] Level 1:colcon.colcon_core.shell:create_environment_hook('wamv_description', 'cmake_prefix_path')
[1.328s] INFO:colcon.colcon_core.shell:Creating environment hook '/home/user/data/drones_ship_ws/install/wamv_description/share/wamv_description/hook/cmake_prefix_path.ps1'
[1.328s] INFO:colcon.colcon_core.shell:Creating environment descriptor '/home/user/data/drones_ship_ws/install/wamv_description/share/wamv_description/hook/cmake_prefix_path.dsv'
[1.328s] INFO:colcon.colcon_core.shell:Creating environment hook '/home/user/data/drones_ship_ws/install/wamv_description/share/wamv_description/hook/cmake_prefix_path.sh'
[1.329s] Level 1:colcon.colcon_core.environment:checking '/home/user/data/drones_ship_ws/install/wamv_description/bin'
[1.329s] Level 1:colcon.colcon_core.environment:checking '/home/user/data/drones_ship_ws/install/wamv_description/lib/pkgconfig/wamv_description.pc'
[1.329s] Level 1:colcon.colcon_core.environment:checking '/home/user/data/drones_ship_ws/install/wamv_description/lib/python3.12/site-packages'
[1.329s] Level 1:colcon.colcon_core.environment:checking '/home/user/data/drones_ship_ws/install/wamv_description/bin'
[1.329s] INFO:colcon.colcon_core.shell:Creating package script '/home/user/data/drones_ship_ws/install/wamv_description/share/wamv_description/package.ps1'
[1.329s] INFO:colcon.colcon_core.shell:Creating package descriptor '/home/user/data/drones_ship_ws/install/wamv_description/share/wamv_description/package.dsv'
[1.330s] INFO:colcon.colcon_core.shell:Creating package script '/home/user/data/drones_ship_ws/install/wamv_description/share/wamv_description/package.sh'
[1.330s] INFO:colcon.colcon_core.shell:Creating package script '/home/user/data/drones_ship_ws/install/wamv_description/share/wamv_description/package.bash'
[1.330s] INFO:colcon.colcon_core.shell:Creating package script '/home/user/data/drones_ship_ws/install/wamv_description/share/wamv_description/package.zsh'
[1.330s] Level 1:colcon.colcon_core.environment:create_file_with_runtime_dependencies(/home/user/data/drones_ship_ws/install/wamv_description/share/colcon-core/packages/wamv_description)
[1.331s] Level 1:colcon.colcon_core.environment:create_environment_scripts_only(wamv_description)
[1.331s] Level 1:colcon.colcon_core.environment:checking '/home/user/data/drones_ship_ws/install/wamv_description' for CMake module files
[1.331s] Level 1:colcon.colcon_core.environment:checking '/home/user/data/drones_ship_ws/install/wamv_description' for CMake config files
[1.332s] Level 1:colcon.colcon_core.shell:create_environment_hook('wamv_description', 'cmake_prefix_path')
[1.332s] INFO:colcon.colcon_core.shell:Creating environment hook '/home/user/data/drones_ship_ws/install/wamv_description/share/wamv_description/hook/cmake_prefix_path.ps1'
[1.332s] INFO:colcon.colcon_core.shell:Creating environment descriptor '/home/user/data/drones_ship_ws/install/wamv_description/share/wamv_description/hook/cmake_prefix_path.dsv'
[1.333s] INFO:colcon.colcon_core.shell:Creating environment hook '/home/user/data/drones_ship_ws/install/wamv_description/share/wamv_description/hook/cmake_prefix_path.sh'
[1.333s] Level 1:colcon.colcon_core.environment:checking '/home/user/data/drones_ship_ws/install/wamv_description/bin'
[1.333s] Level 1:colcon.colcon_core.environment:checking '/home/user/data/drones_ship_ws/install/wamv_description/lib/pkgconfig/wamv_description.pc'
[1.333s] Level 1:colcon.colcon_core.environment:checking '/home/user/data/drones_ship_ws/install/wamv_description/lib/python3.12/site-packages'
[1.333s] Level 1:colcon.colcon_core.environment:checking '/home/user/data/drones_ship_ws/install/wamv_description/bin'
[1.333s] INFO:colcon.colcon_core.shell:Creating package script '/home/user/data/drones_ship_ws/install/wamv_description/share/wamv_description/package.ps1'
[1.334s] INFO:colcon.colcon_core.shell:Creating package descriptor '/home/user/data/drones_ship_ws/install/wamv_description/share/wamv_description/package.dsv'
[1.334s] INFO:colcon.colcon_core.shell:Creating package script '/home/user/data/drones_ship_ws/install/wamv_description/share/wamv_description/package.sh'
[1.334s] INFO:colcon.colcon_core.shell:Creating package script '/home/user/data/drones_ship_ws/install/wamv_description/share/wamv_description/package.bash'
[1.334s] INFO:colcon.colcon_core.shell:Creating package script '/home/user/data/drones_ship_ws/install/wamv_description/share/wamv_description/package.zsh'
[1.335s] Level 1:colcon.colcon_core.environment:create_file_with_runtime_dependencies(/home/user/data/drones_ship_ws/install/wamv_description/share/colcon-core/packages/wamv_description)
[1.335s] INFO:colcon.colcon_ros.task.ament_cmake.build:Building ROS package in '/home/user/data/drones_ship_ws/src/drone_ship/vrx/vrx_urdf/wamv_gazebo' with build type 'ament_cmake'
[1.335s] INFO:colcon.colcon_cmake.task.cmake.build:Building CMake package in '/home/user/data/drones_ship_ws/src/drone_ship/vrx/vrx_urdf/wamv_gazebo'
[1.335s] INFO:colcon.colcon_core.shell:Skip shell extension 'powershell' for command environment: Not usable outside of PowerShell
[1.335s] DEBUG:colcon.colcon_core.shell:Skip shell extension 'dsv' for command environment
[1.346s] DEBUG:colcon.colcon_core.event_handler.log_command:Invoking command in '/home/user/data/drones_ship_ws/build/wamv_gazebo': CMAKE_PREFIX_PATH=/home/user/data/drones_ship_ws/install/wamv_description:/home/user/data/drones_ship_ws/install/vrx_gazebo:/home/user/data/drones_ship_ws/install/wamv_gazebo:/home/user/data/drones_ship_ws/install/vrx_gz:/home/user/data/drones_ship_ws/install/vrx_ros:/home/user/data/drones_ship_ws/install/aquabot_description:/home/user/data/drones_ship_ws/install/ros_gz_crazyflie_bringup:/home/user/data/drones_ship_ws/install/ros_gz_crazyflie_gazebo:/home/user/data/drones_ship_ws/install/crazyflie_yolo:/home/user/data/drones_ship_ws/install/crazyflie_ekf:/home/user/data/drones_ship_ws/install/crazyflie_control:/home/user/data/drones_ship_ws/install/aquabot_motion:/home/user/data/drones_ship_ws/install/aquabot_gz:/home/user/data/drones_ship_ws/install/aquabot_ekf:/opt/ros/jazzy/opt/gz_sim_vendor:/opt/ros/jazzy/opt/gz_sensors_vendor:/opt/ros/jazzy/opt/gz_physics_vendor:/opt/ros/jazzy/opt/sdformat_vendor:/opt/ros/jazzy/opt/gz_gui_vendor:/opt/ros/jazzy/opt/gz_transport_vendor:/opt/ros/jazzy/opt/gz_rendering_vendor:/opt/ros/jazzy/opt/gz_plugin_vendor:/opt/ros/jazzy/opt/gz_fuel_tools_vendor:/opt/ros/jazzy/opt/gz_msgs_vendor:/opt/ros/jazzy/opt/gz_common_vendor:/opt/ros/jazzy/opt/gz_math_vendor:/opt/ros/jazzy/opt/gz_utils_vendor:/opt/ros/jazzy/opt/gz_tools_vendor:/opt/ros/jazzy/opt/gz_ogre_next_vendor:/opt/ros/jazzy/opt/gz_dartsim_vendor:/opt/ros/jazzy/opt/gz_cmake_vendor:/home/user/data/drones_ship_ws/install/ros_gz_crazyflie_control:/opt/ros/jazzy DEBUGINFOD_URLS=https://debuginfod.ubuntu.com GZ_SIM_RESOURCE_PATH=/home/user/data/drones_ship_ws/install/wamv_description/share:/home/user/data/drones_ship_ws/install/vrx_gazebo/share:${GZ_SIM_RESOURCE_PATH} PYTHONPATH=/home/user/data/drones_ship_ws/install/vrx_gazebo/lib/python3.12/site-packages:/home/user/data/drones_ship_ws/install/vrx_gz/lib/python3.12/site-packages:/home/user/data/drones_ship_ws/install/ros_gz_crazyflie_control/lib/python3.12/site-packages:/home/user/data/drones_ship_ws/install/crazyflie_yolo/lib/python3.12/site-packages:/opt/ros/jazzy/lib/python3.12/site-packages /usr/bin/cmake --build /home/user/data/drones_ship_ws/build/wamv_gazebo -- -j20 -l20
[1.374s] Level 1:colcon.colcon_core.environment:create_environment_scripts_only(vrx_gz)
[1.374s] DEBUG:colcon.colcon_core.event_handler.log_command:Invoked command in '/home/user/data/drones_ship_ws/build/vrx_gz' returned '0': CMAKE_PREFIX_PATH=/home/user/data/drones_ship_ws/install/vrx_ros:/home/user/data/drones_ship_ws/install/wamv_gazebo:/home/user/data/drones_ship_ws/install/wamv_description:/home/user/data/drones_ship_ws/install/vrx_gz:/home/user/data/drones_ship_ws/install/aquabot_description:/home/user/data/drones_ship_ws/install/vrx_gazebo:/home/user/data/drones_ship_ws/install/ros_gz_crazyflie_bringup:/home/user/data/drones_ship_ws/install/ros_gz_crazyflie_gazebo:/home/user/data/drones_ship_ws/install/crazyflie_yolo:/home/user/data/drones_ship_ws/install/crazyflie_ekf:/home/user/data/drones_ship_ws/install/crazyflie_control:/home/user/data/drones_ship_ws/install/aquabot_motion:/home/user/data/drones_ship_ws/install/aquabot_gz:/home/user/data/drones_ship_ws/install/aquabot_ekf:/opt/ros/jazzy/opt/gz_sim_vendor:/opt/ros/jazzy/opt/gz_sensors_vendor:/opt/ros/jazzy/opt/gz_physics_vendor:/opt/ros/jazzy/opt/sdformat_vendor:/opt/ros/jazzy/opt/gz_gui_vendor:/opt/ros/jazzy/opt/gz_transport_vendor:/opt/ros/jazzy/opt/gz_rendering_vendor:/opt/ros/jazzy/opt/gz_plugin_vendor:/opt/ros/jazzy/opt/gz_fuel_tools_vendor:/opt/ros/jazzy/opt/gz_msgs_vendor:/opt/ros/jazzy/opt/gz_common_vendor:/opt/ros/jazzy/opt/gz_math_vendor:/opt/ros/jazzy/opt/gz_utils_vendor:/opt/ros/jazzy/opt/gz_tools_vendor:/opt/ros/jazzy/opt/gz_ogre_next_vendor:/opt/ros/jazzy/opt/gz_dartsim_vendor:/opt/ros/jazzy/opt/gz_cmake_vendor:/home/user/data/drones_ship_ws/install/ros_gz_crazyflie_control:/opt/ros/jazzy DEBUGINFOD_URLS=https://debuginfod.ubuntu.com /usr/bin/cmake --install /home/user/data/drones_ship_ws/build/vrx_gz
[1.374s] Level 1:colcon.colcon_core.environment:checking '/home/user/data/drones_ship_ws/install/vrx_gz' for CMake module files
[1.375s] Level 1:colcon.colcon_core.environment:checking '/home/user/data/drones_ship_ws/install/vrx_gz' for CMake config files
[1.377s] Level 1:colcon.colcon_core.shell:create_environment_hook('vrx_gz', 'cmake_prefix_path')
[1.377s] INFO:colcon.colcon_core.shell:Creating environment hook '/home/user/data/drones_ship_ws/install/vrx_gz/share/vrx_gz/hook/cmake_prefix_path.ps1'
[1.378s] INFO:colcon.colcon_core.shell:Creating environment descriptor '/home/user/data/drones_ship_ws/install/vrx_gz/share/vrx_gz/hook/cmake_prefix_path.dsv'
[1.378s] INFO:colcon.colcon_core.shell:Creating environment hook '/home/user/data/drones_ship_ws/install/vrx_gz/share/vrx_gz/hook/cmake_prefix_path.sh'
[1.379s] Level 1:colcon.colcon_core.environment:checking '/home/user/data/drones_ship_ws/install/vrx_gz/lib'
[1.379s] Level 1:colcon.colcon_core.shell:create_environment_hook('vrx_gz', 'ld_library_path_lib')
[1.379s] INFO:colcon.colcon_core.shell:Creating environment hook '/home/user/data/drones_ship_ws/install/vrx_gz/share/vrx_gz/hook/ld_library_path_lib.ps1'
[1.379s] INFO:colcon.colcon_core.shell:Creating environment descriptor '/home/user/data/drones_ship_ws/install/vrx_gz/share/vrx_gz/hook/ld_library_path_lib.dsv'
[1.380s] INFO:colcon.colcon_core.shell:Creating environment hook '/home/user/data/drones_ship_ws/install/vrx_gz/share/vrx_gz/hook/ld_library_path_lib.sh'
[1.380s] Level 1:colcon.colcon_core.environment:checking '/home/user/data/drones_ship_ws/install/vrx_gz/bin'
[1.380s] Level 1:colcon.colcon_core.environment:checking '/home/user/data/drones_ship_ws/install/vrx_gz/lib/pkgconfig/vrx_gz.pc'
[1.380s] Level 1:colcon.colcon_core.environment:checking '/home/user/data/drones_ship_ws/install/vrx_gz/lib/python3.12/site-packages'
[1.380s] Level 1:colcon.colcon_core.shell:create_environment_hook('vrx_gz', 'pythonpath')
[1.381s] INFO:colcon.colcon_core.shell:Creating environment hook '/home/user/data/drones_ship_ws/install/vrx_gz/share/vrx_gz/hook/pythonpath.ps1'
[1.381s] INFO:colcon.colcon_core.shell:Creating environment descriptor '/home/user/data/drones_ship_ws/install/vrx_gz/share/vrx_gz/hook/pythonpath.dsv'
[1.381s] INFO:colcon.colcon_core.shell:Creating environment hook '/home/user/data/drones_ship_ws/install/vrx_gz/share/vrx_gz/hook/pythonpath.sh'
[1.382s] Level 1:colcon.colcon_core.environment:checking '/home/user/data/drones_ship_ws/install/vrx_gz/bin'
[1.382s] INFO:colcon.colcon_core.shell:Creating package script '/home/user/data/drones_ship_ws/install/vrx_gz/share/vrx_gz/package.ps1'
[1.383s] INFO:colcon.colcon_core.shell:Creating package descriptor '/home/user/data/drones_ship_ws/install/vrx_gz/share/vrx_gz/package.dsv'
[1.383s] INFO:colcon.colcon_core.shell:Creating package script '/home/user/data/drones_ship_ws/install/vrx_gz/share/vrx_gz/package.sh'
[1.384s] INFO:colcon.colcon_core.shell:Creating package script '/home/user/data/drones_ship_ws/install/vrx_gz/share/vrx_gz/package.bash'
[1.384s] INFO:colcon.colcon_core.shell:Creating package script '/home/user/data/drones_ship_ws/install/vrx_gz/share/vrx_gz/package.zsh'
[1.384s] Level 1:colcon.colcon_core.environment:create_file_with_runtime_dependencies(/home/user/data/drones_ship_ws/install/vrx_gz/share/colcon-core/packages/vrx_gz)
[1.385s] Level 1:colcon.colcon_core.environment:create_environment_scripts_only(vrx_gz)
[1.385s] Level 1:colcon.colcon_core.environment:checking '/home/user/data/drones_ship_ws/install/vrx_gz' for CMake module files
[1.386s] Level 1:colcon.colcon_core.environment:checking '/home/user/data/drones_ship_ws/install/vrx_gz' for CMake config files
[1.388s] Level 1:colcon.colcon_core.shell:create_environment_hook('vrx_gz', 'cmake_prefix_path')
[1.388s] INFO:colcon.colcon_core.shell:Creating environment hook '/home/user/data/drones_ship_ws/install/vrx_gz/share/vrx_gz/hook/cmake_prefix_path.ps1'
[1.388s] INFO:colcon.colcon_core.shell:Creating environment descriptor '/home/user/data/drones_ship_ws/install/vrx_gz/share/vrx_gz/hook/cmake_prefix_path.dsv'
[1.389s] INFO:colcon.colcon_core.shell:Creating environment hook '/home/user/data/drones_ship_ws/install/vrx_gz/share/vrx_gz/hook/cmake_prefix_path.sh'
[1.389s] Level 1:colcon.colcon_core.environment:checking '/home/user/data/drones_ship_ws/install/vrx_gz/lib'
[1.389s] Level 1:colcon.colcon_core.shell:create_environment_hook('vrx_gz', 'ld_library_path_lib')
[1.390s] INFO:colcon.colcon_core.shell:Creating environment hook '/home/user/data/drones_ship_ws/install/vrx_gz/share/vrx_gz/hook/ld_library_path_lib.ps1'
[1.390s] INFO:colcon.colcon_core.shell:Creating environment descriptor '/home/user/data/drones_ship_ws/install/vrx_gz/share/vrx_gz/hook/ld_library_path_lib.dsv'
[1.390s] INFO:colcon.colcon_core.shell:Creating environment hook '/home/user/data/drones_ship_ws/install/vrx_gz/share/vrx_gz/hook/ld_library_path_lib.sh'
[1.391s] Level 1:colcon.colcon_core.environment:checking '/home/user/data/drones_ship_ws/install/vrx_gz/bin'
[1.391s] Level 1:colcon.colcon_core.environment:checking '/home/user/data/drones_ship_ws/install/vrx_gz/lib/pkgconfig/vrx_gz.pc'
[1.391s] Level 1:colcon.colcon_core.environment:checking '/home/user/data/drones_ship_ws/install/vrx_gz/lib/python3.12/site-packages'
[1.391s] Level 1:colcon.colcon_core.shell:create_environment_hook('vrx_gz', 'pythonpath')
[1.391s] INFO:colcon.colcon_core.shell:Creating environment hook '/home/user/data/drones_ship_ws/install/vrx_gz/share/vrx_gz/hook/pythonpath.ps1'
[1.392s] INFO:colcon.colcon_core.shell:Creating environment descriptor '/home/user/data/drones_ship_ws/install/vrx_gz/share/vrx_gz/hook/pythonpath.dsv'
[1.392s] INFO:colcon.colcon_core.shell:Creating environment hook '/home/user/data/drones_ship_ws/install/vrx_gz/share/vrx_gz/hook/pythonpath.sh'
[1.393s] Level 1:colcon.colcon_core.environment:checking '/home/user/data/drones_ship_ws/install/vrx_gz/bin'
[1.393s] INFO:colcon.colcon_core.shell:Creating package script '/home/user/data/drones_ship_ws/install/vrx_gz/share/vrx_gz/package.ps1'
[1.393s] INFO:colcon.colcon_core.shell:Creating package descriptor '/home/user/data/drones_ship_ws/install/vrx_gz/share/vrx_gz/package.dsv'
[1.394s] INFO:colcon.colcon_core.shell:Creating package script '/home/user/data/drones_ship_ws/install/vrx_gz/share/vrx_gz/package.sh'
[1.394s] INFO:colcon.colcon_core.shell:Creating package script '/home/user/data/drones_ship_ws/install/vrx_gz/share/vrx_gz/package.bash'
[1.395s] INFO:colcon.colcon_core.shell:Creating package script '/home/user/data/drones_ship_ws/install/vrx_gz/share/vrx_gz/package.zsh'
[1.395s] Level 1:colcon.colcon_core.environment:create_file_with_runtime_dependencies(/home/user/data/drones_ship_ws/install/vrx_gz/share/colcon-core/packages/vrx_gz)
[1.418s] DEBUG:colcon.colcon_core.event_handler.log_command:Invoked command in '/home/user/data/drones_ship_ws/build/wamv_gazebo' returned '0': CMAKE_PREFIX_PATH=/home/user/data/drones_ship_ws/install/wamv_description:/home/user/data/drones_ship_ws/install/vrx_gazebo:/home/user/data/drones_ship_ws/install/wamv_gazebo:/home/user/data/drones_ship_ws/install/vrx_gz:/home/user/data/drones_ship_ws/install/vrx_ros:/home/user/data/drones_ship_ws/install/aquabot_description:/home/user/data/drones_ship_ws/install/ros_gz_crazyflie_bringup:/home/user/data/drones_ship_ws/install/ros_gz_crazyflie_gazebo:/home/user/data/drones_ship_ws/install/crazyflie_yolo:/home/user/data/drones_ship_ws/install/crazyflie_ekf:/home/user/data/drones_ship_ws/install/crazyflie_control:/home/user/data/drones_ship_ws/install/aquabot_motion:/home/user/data/drones_ship_ws/install/aquabot_gz:/home/user/data/drones_ship_ws/install/aquabot_ekf:/opt/ros/jazzy/opt/gz_sim_vendor:/opt/ros/jazzy/opt/gz_sensors_vendor:/opt/ros/jazzy/opt/gz_physics_vendor:/opt/ros/jazzy/opt/sdformat_vendor:/opt/ros/jazzy/opt/gz_gui_vendor:/opt/ros/jazzy/opt/gz_transport_vendor:/opt/ros/jazzy/opt/gz_rendering_vendor:/opt/ros/jazzy/opt/gz_plugin_vendor:/opt/ros/jazzy/opt/gz_fuel_tools_vendor:/opt/ros/jazzy/opt/gz_msgs_vendor:/opt/ros/jazzy/opt/gz_common_vendor:/opt/ros/jazzy/opt/gz_math_vendor:/opt/ros/jazzy/opt/gz_utils_vendor:/opt/ros/jazzy/opt/gz_tools_vendor:/opt/ros/jazzy/opt/gz_ogre_next_vendor:/opt/ros/jazzy/opt/gz_dartsim_vendor:/opt/ros/jazzy/opt/gz_cmake_vendor:/home/user/data/drones_ship_ws/install/ros_gz_crazyflie_control:/opt/ros/jazzy DEBUGINFOD_URLS=https://debuginfod.ubuntu.com GZ_SIM_RESOURCE_PATH=/home/user/data/drones_ship_ws/install/wamv_description/share:/home/user/data/drones_ship_ws/install/vrx_gazebo/share:${GZ_SIM_RESOURCE_PATH} PYTHONPATH=/home/user/data/drones_ship_ws/install/vrx_gazebo/lib/python3.12/site-packages:/home/user/data/drones_ship_ws/install/vrx_gz/lib/python3.12/site-packages:/home/user/data/drones_ship_ws/install/ros_gz_crazyflie_control/lib/python3.12/site-packages:/home/user/data/drones_ship_ws/install/crazyflie_yolo/lib/python3.12/site-packages:/opt/ros/jazzy/lib/python3.12/site-packages /usr/bin/cmake --build /home/user/data/drones_ship_ws/build/wamv_gazebo -- -j20 -l20
[1.419s] DEBUG:colcon.colcon_core.event_handler.log_command:Invoking command in '/home/user/data/drones_ship_ws/build/wamv_gazebo': CMAKE_PREFIX_PATH=/home/user/data/drones_ship_ws/install/wamv_description:/home/user/data/drones_ship_ws/install/vrx_gazebo:/home/user/data/drones_ship_ws/install/wamv_gazebo:/home/user/data/drones_ship_ws/install/vrx_gz:/home/user/data/drones_ship_ws/install/vrx_ros:/home/user/data/drones_ship_ws/install/aquabot_description:/home/user/data/drones_ship_ws/install/ros_gz_crazyflie_bringup:/home/user/data/drones_ship_ws/install/ros_gz_crazyflie_gazebo:/home/user/data/drones_ship_ws/install/crazyflie_yolo:/home/user/data/drones_ship_ws/install/crazyflie_ekf:/home/user/data/drones_ship_ws/install/crazyflie_control:/home/user/data/drones_ship_ws/install/aquabot_motion:/home/user/data/drones_ship_ws/install/aquabot_gz:/home/user/data/drones_ship_ws/install/aquabot_ekf:/opt/ros/jazzy/opt/gz_sim_vendor:/opt/ros/jazzy/opt/gz_sensors_vendor:/opt/ros/jazzy/opt/gz_physics_vendor:/opt/ros/jazzy/opt/sdformat_vendor:/opt/ros/jazzy/opt/gz_gui_vendor:/opt/ros/jazzy/opt/gz_transport_vendor:/opt/ros/jazzy/opt/gz_rendering_vendor:/opt/ros/jazzy/opt/gz_plugin_vendor:/opt/ros/jazzy/opt/gz_fuel_tools_vendor:/opt/ros/jazzy/opt/gz_msgs_vendor:/opt/ros/jazzy/opt/gz_common_vendor:/opt/ros/jazzy/opt/gz_math_vendor:/opt/ros/jazzy/opt/gz_utils_vendor:/opt/ros/jazzy/opt/gz_tools_vendor:/opt/ros/jazzy/opt/gz_ogre_next_vendor:/opt/ros/jazzy/opt/gz_dartsim_vendor:/opt/ros/jazzy/opt/gz_cmake_vendor:/home/user/data/drones_ship_ws/install/ros_gz_crazyflie_control:/opt/ros/jazzy DEBUGINFOD_URLS=https://debuginfod.ubuntu.com GZ_SIM_RESOURCE_PATH=/home/user/data/drones_ship_ws/install/wamv_description/share:/home/user/data/drones_ship_ws/install/vrx_gazebo/share:${GZ_SIM_RESOURCE_PATH} PYTHONPATH=/home/user/data/drones_ship_ws/install/vrx_gazebo/lib/python3.12/site-packages:/home/user/data/drones_ship_ws/install/vrx_gz/lib/python3.12/site-packages:/home/user/data/drones_ship_ws/install/ros_gz_crazyflie_control/lib/python3.12/site-packages:/home/user/data/drones_ship_ws/install/crazyflie_yolo/lib/python3.12/site-packages:/opt/ros/jazzy/lib/python3.12/site-packages /usr/bin/cmake --install /home/user/data/drones_ship_ws/build/wamv_gazebo
[1.439s] Level 1:colcon.colcon_core.environment:create_environment_scripts_only(wamv_gazebo)
[1.439s] Level 1:colcon.colcon_core.environment:checking '/home/user/data/drones_ship_ws/install/wamv_gazebo' for CMake module files
[1.439s] DEBUG:colcon.colcon_core.event_handler.log_command:Invoked command in '/home/user/data/drones_ship_ws/build/wamv_gazebo' returned '0': CMAKE_PREFIX_PATH=/home/user/data/drones_ship_ws/install/wamv_description:/home/user/data/drones_ship_ws/install/vrx_gazebo:/home/user/data/drones_ship_ws/install/wamv_gazebo:/home/user/data/drones_ship_ws/install/vrx_gz:/home/user/data/drones_ship_ws/install/vrx_ros:/home/user/data/drones_ship_ws/install/aquabot_description:/home/user/data/drones_ship_ws/install/ros_gz_crazyflie_bringup:/home/user/data/drones_ship_ws/install/ros_gz_crazyflie_gazebo:/home/user/data/drones_ship_ws/install/crazyflie_yolo:/home/user/data/drones_ship_ws/install/crazyflie_ekf:/home/user/data/drones_ship_ws/install/crazyflie_control:/home/user/data/drones_ship_ws/install/aquabot_motion:/home/user/data/drones_ship_ws/install/aquabot_gz:/home/user/data/drones_ship_ws/install/aquabot_ekf:/opt/ros/jazzy/opt/gz_sim_vendor:/opt/ros/jazzy/opt/gz_sensors_vendor:/opt/ros/jazzy/opt/gz_physics_vendor:/opt/ros/jazzy/opt/sdformat_vendor:/opt/ros/jazzy/opt/gz_gui_vendor:/opt/ros/jazzy/opt/gz_transport_vendor:/opt/ros/jazzy/opt/gz_rendering_vendor:/opt/ros/jazzy/opt/gz_plugin_vendor:/opt/ros/jazzy/opt/gz_fuel_tools_vendor:/opt/ros/jazzy/opt/gz_msgs_vendor:/opt/ros/jazzy/opt/gz_common_vendor:/opt/ros/jazzy/opt/gz_math_vendor:/opt/ros/jazzy/opt/gz_utils_vendor:/opt/ros/jazzy/opt/gz_tools_vendor:/opt/ros/jazzy/opt/gz_ogre_next_vendor:/opt/ros/jazzy/opt/gz_dartsim_vendor:/opt/ros/jazzy/opt/gz_cmake_vendor:/home/user/data/drones_ship_ws/install/ros_gz_crazyflie_control:/opt/ros/jazzy DEBUGINFOD_URLS=https://debuginfod.ubuntu.com GZ_SIM_RESOURCE_PATH=/home/user/data/drones_ship_ws/install/wamv_description/share:/home/user/data/drones_ship_ws/install/vrx_gazebo/share:${GZ_SIM_RESOURCE_PATH} PYTHONPATH=/home/user/data/drones_ship_ws/install/vrx_gazebo/lib/python3.12/site-packages:/home/user/data/drones_ship_ws/install/vrx_gz/lib/python3.12/site-packages:/home/user/data/drones_ship_ws/install/ros_gz_crazyflie_control/lib/python3.12/site-packages:/home/user/data/drones_ship_ws/install/crazyflie_yolo/lib/python3.12/site-packages:/opt/ros/jazzy/lib/python3.12/site-packages /usr/bin/cmake --install /home/user/data/drones_ship_ws/build/wamv_gazebo
[1.440s] Level 1:colcon.colcon_core.environment:checking '/home/user/data/drones_ship_ws/install/wamv_gazebo' for CMake config files
[1.441s] Level 1:colcon.colcon_core.shell:create_environment_hook('wamv_gazebo', 'cmake_prefix_path')
[1.441s] INFO:colcon.colcon_core.shell:Creating environment hook '/home/user/data/drones_ship_ws/install/wamv_gazebo/share/wamv_gazebo/hook/cmake_prefix_path.ps1'
[1.441s] INFO:colcon.colcon_core.shell:Creating environment descriptor '/home/user/data/drones_ship_ws/install/wamv_gazebo/share/wamv_gazebo/hook/cmake_prefix_path.dsv'
[1.442s] INFO:colcon.colcon_core.shell:Creating environment hook '/home/user/data/drones_ship_ws/install/wamv_gazebo/share/wamv_gazebo/hook/cmake_prefix_path.sh'
[1.443s] Level 1:colcon.colcon_core.environment:checking '/home/user/data/drones_ship_ws/install/wamv_gazebo/bin'
[1.443s] Level 1:colcon.colcon_core.environment:checking '/home/user/data/drones_ship_ws/install/wamv_gazebo/lib/pkgconfig/wamv_gazebo.pc'
[1.443s] Level 1:colcon.colcon_core.environment:checking '/home/user/data/drones_ship_ws/install/wamv_gazebo/lib/python3.12/site-packages'
[1.443s] Level 1:colcon.colcon_core.environment:checking '/home/user/data/drones_ship_ws/install/wamv_gazebo/bin'
[1.443s] INFO:colcon.colcon_core.shell:Creating package script '/home/user/data/drones_ship_ws/install/wamv_gazebo/share/wamv_gazebo/package.ps1'
[1.444s] INFO:colcon.colcon_core.shell:Creating package descriptor '/home/user/data/drones_ship_ws/install/wamv_gazebo/share/wamv_gazebo/package.dsv'
[1.444s] INFO:colcon.colcon_core.shell:Creating package script '/home/user/data/drones_ship_ws/install/wamv_gazebo/share/wamv_gazebo/package.sh'
[1.445s] INFO:colcon.colcon_core.shell:Creating package script '/home/user/data/drones_ship_ws/install/wamv_gazebo/share/wamv_gazebo/package.bash'
[1.445s] INFO:colcon.colcon_core.shell:Creating package script '/home/user/data/drones_ship_ws/install/wamv_gazebo/share/wamv_gazebo/package.zsh'
[1.446s] Level 1:colcon.colcon_core.environment:create_file_with_runtime_dependencies(/home/user/data/drones_ship_ws/install/wamv_gazebo/share/colcon-core/packages/wamv_gazebo)
[1.446s] Level 1:colcon.colcon_core.environment:create_environment_scripts_only(wamv_gazebo)
[1.446s] Level 1:colcon.colcon_core.environment:checking '/home/user/data/drones_ship_ws/install/wamv_gazebo' for CMake module files
[1.447s] Level 1:colcon.colcon_core.environment:checking '/home/user/data/drones_ship_ws/install/wamv_gazebo' for CMake config files
[1.448s] Level 1:colcon.colcon_core.shell:create_environment_hook('wamv_gazebo', 'cmake_prefix_path')
[1.448s] INFO:colcon.colcon_core.shell:Creating environment hook '/home/user/data/drones_ship_ws/install/wamv_gazebo/share/wamv_gazebo/hook/cmake_prefix_path.ps1'
[1.448s] INFO:colcon.colcon_core.shell:Creating environment descriptor '/home/user/data/drones_ship_ws/install/wamv_gazebo/share/wamv_gazebo/hook/cmake_prefix_path.dsv'
[1.449s] INFO:colcon.colcon_core.shell:Creating environment hook '/home/user/data/drones_ship_ws/install/wamv_gazebo/share/wamv_gazebo/hook/cmake_prefix_path.sh'
[1.449s] Level 1:colcon.colcon_core.environment:checking '/home/user/data/drones_ship_ws/install/wamv_gazebo/bin'
[1.449s] Level 1:colcon.colcon_core.environment:checking '/home/user/data/drones_ship_ws/install/wamv_gazebo/lib/pkgconfig/wamv_gazebo.pc'
[1.449s] Level 1:colcon.colcon_core.environment:checking '/home/user/data/drones_ship_ws/install/wamv_gazebo/lib/python3.12/site-packages'
[1.450s] Level 1:colcon.colcon_core.environment:checking '/home/user/data/drones_ship_ws/install/wamv_gazebo/bin'
[1.450s] INFO:colcon.colcon_core.shell:Creating package script '/home/user/data/drones_ship_ws/install/wamv_gazebo/share/wamv_gazebo/package.ps1'
[1.450s] INFO:colcon.colcon_core.shell:Creating package descriptor '/home/user/data/drones_ship_ws/install/wamv_gazebo/share/wamv_gazebo/package.dsv'
[1.451s] INFO:colcon.colcon_core.shell:Creating package script '/home/user/data/drones_ship_ws/install/wamv_gazebo/share/wamv_gazebo/package.sh'
[1.451s] INFO:colcon.colcon_core.shell:Creating package script '/home/user/data/drones_ship_ws/install/wamv_gazebo/share/wamv_gazebo/package.bash'
[1.452s] INFO:colcon.colcon_core.shell:Creating package script '/home/user/data/drones_ship_ws/install/wamv_gazebo/share/wamv_gazebo/package.zsh'
[1.452s] Level 1:colcon.colcon_core.environment:create_file_with_runtime_dependencies(/home/user/data/drones_ship_ws/install/wamv_gazebo/share/colcon-core/packages/wamv_gazebo)
[1.990s] Level 1:colcon.colcon_core.environment:checking '/home/user/data/drones_ship_ws/install/ros_gz_crazyflie_control' for CMake module files
[1.990s] DEBUG:colcon.colcon_core.event_handler.log_command:Invoked command in '/home/user/data/drones_ship_ws/src/drone_ship/ros_gz_crazyflie/ros_gz_crazyflie_control' returned '0': DEBUGINFOD_URLS=https://debuginfod.ubuntu.com PYTHONPATH=/home/user/data/drones_ship_ws/build/ros_gz_crazyflie_control/prefix_override:/usr/lib/python3/dist-packages/colcon_core/task/python/colcon_distutils_commands:/home/user/data/drones_ship_ws/install/ros_gz_crazyflie_control/lib/python3.12/site-packages:${PYTHONPATH} /usr/bin/python3 -W ignore:setup.py install is deprecated -W ignore:easy_install command is deprecated setup.py egg_info --egg-base ../../../../build/ros_gz_crazyflie_control build --build-base /home/user/data/drones_ship_ws/build/ros_gz_crazyflie_control/build install --record /home/user/data/drones_ship_ws/build/ros_gz_crazyflie_control/install.log --single-version-externally-managed install_data
[1.990s] Level 1:colcon.colcon_core.environment:checking '/home/user/data/drones_ship_ws/install/ros_gz_crazyflie_control' for CMake config files
[1.991s] Level 1:colcon.colcon_core.environment:checking '/home/user/data/drones_ship_ws/install/ros_gz_crazyflie_control/lib'
[1.991s] Level 1:colcon.colcon_core.environment:checking '/home/user/data/drones_ship_ws/install/ros_gz_crazyflie_control/bin'
[1.991s] Level 1:colcon.colcon_core.environment:checking '/home/user/data/drones_ship_ws/install/ros_gz_crazyflie_control/lib/pkgconfig/ros_gz_crazyflie_control.pc'
[1.991s] Level 1:colcon.colcon_core.environment:checking '/home/user/data/drones_ship_ws/install/ros_gz_crazyflie_control/lib/python3.12/site-packages'
[1.992s] Level 1:colcon.colcon_core.shell:create_environment_hook('ros_gz_crazyflie_control', 'pythonpath')
[1.992s] INFO:colcon.colcon_core.shell:Creating environment hook '/home/user/data/drones_ship_ws/install/ros_gz_crazyflie_control/share/ros_gz_crazyflie_control/hook/pythonpath.ps1'
[1.992s] INFO:colcon.colcon_core.shell:Creating environment descriptor '/home/user/data/drones_ship_ws/install/ros_gz_crazyflie_control/share/ros_gz_crazyflie_control/hook/pythonpath.dsv'
[1.993s] INFO:colcon.colcon_core.shell:Creating environment hook '/home/user/data/drones_ship_ws/install/ros_gz_crazyflie_control/share/ros_gz_crazyflie_control/hook/pythonpath.sh'
[1.993s] Level 1:colcon.colcon_core.environment:checking '/home/user/data/drones_ship_ws/install/ros_gz_crazyflie_control/bin'
[1.993s] Level 1:colcon.colcon_core.environment:create_environment_scripts_only(ros_gz_crazyflie_control)
[1.993s] INFO:colcon.colcon_core.shell:Creating package script '/home/user/data/drones_ship_ws/install/ros_gz_crazyflie_control/share/ros_gz_crazyflie_control/package.ps1'
[1.994s] INFO:colcon.colcon_core.shell:Creating package descriptor '/home/user/data/drones_ship_ws/install/ros_gz_crazyflie_control/share/ros_gz_crazyflie_control/package.dsv'
[1.994s] INFO:colcon.colcon_core.shell:Creating package script '/home/user/data/drones_ship_ws/install/ros_gz_crazyflie_control/share/ros_gz_crazyflie_control/package.sh'
[1.995s] INFO:colcon.colcon_core.shell:Creating package script '/home/user/data/drones_ship_ws/install/ros_gz_crazyflie_control/share/ros_gz_crazyflie_control/package.bash'
[1.995s] INFO:colcon.colcon_core.shell:Creating package script '/home/user/data/drones_ship_ws/install/ros_gz_crazyflie_control/share/ros_gz_crazyflie_control/package.zsh'
[1.995s] Level 1:colcon.colcon_core.environment:create_file_with_runtime_dependencies(/home/user/data/drones_ship_ws/install/ros_gz_crazyflie_control/share/colcon-core/packages/ros_gz_crazyflie_control)
[1.996s] DEBUG:colcon.colcon_parallel_executor.executor.parallel:closing loop
[1.996s] DEBUG:colcon.colcon_parallel_executor.executor.parallel:loop closed
[1.996s] DEBUG:colcon.colcon_parallel_executor.executor.parallel:run_until_complete finished with '0'
[1.996s] DEBUG:colcon.colcon_core.event_reactor:joining thread
[2.001s] INFO:colcon.colcon_core.plugin_system:Skipping extension 'colcon_notification.desktop_notification.terminal_notifier': Not used on non-Darwin systems
[2.001s] INFO:colcon.colcon_core.plugin_system:Skipping extension 'colcon_notification.desktop_notification.win32': Not used on non-Windows systems
[2.001s] INFO:colcon.colcon_notification.desktop_notification:Sending desktop notification using 'notify2'
[2.010s] DEBUG:colcon.colcon_core.event_reactor:joined thread
[2.010s] INFO:colcon.colcon_core.shell:Creating prefix script '/home/user/data/drones_ship_ws/install/local_setup.ps1'
[2.011s] INFO:colcon.colcon_core.shell:Creating prefix util module '/home/user/data/drones_ship_ws/install/_local_setup_util_ps1.py'
[2.012s] INFO:colcon.colcon_core.shell:Creating prefix chain script '/home/user/data/drones_ship_ws/install/setup.ps1'
[2.013s] INFO:colcon.colcon_core.shell:Creating prefix script '/home/user/data/drones_ship_ws/install/local_setup.sh'
[2.014s] INFO:colcon.colcon_core.shell:Creating prefix util module '/home/user/data/drones_ship_ws/install/_local_setup_util_sh.py'
[2.014s] INFO:colcon.colcon_core.shell:Creating prefix chain script '/home/user/data/drones_ship_ws/install/setup.sh'
[2.016s] INFO:colcon.colcon_core.shell:Creating prefix script '/home/user/data/drones_ship_ws/install/local_setup.bash'
[2.017s] INFO:colcon.colcon_core.shell:Creating prefix chain script '/home/user/data/drones_ship_ws/install/setup.bash'
[2.018s] INFO:colcon.colcon_core.shell:Creating prefix script '/home/user/data/drones_ship_ws/install/local_setup.zsh'
[2.019s] INFO:colcon.colcon_core.shell:Creating prefix chain script '/home/user/data/drones_ship_ws/install/setup.zsh'
