stamp_sec,method,IDF1,IDSW,Frag,MOTA,MedErr,RMSE,P95,FP,FN,GT,frame_GT,frame_pred,frame_matches,fresh,nonempty,pred_age_sec,pred_frame,min_gt_to_pred,mean_gt_to_pred,p95_gt_to_pred
528.796,ab3dmot,1,0,0,0.4,3.295646339,3.461166945,4.247432755,0,3,5,5,2,2,1,1,0.528,world,2.238105876,11.30373145,16.06559649
528.86,ours,1,0,0,0.4,3.30517953,3.483415992,4.295169404,0,3,5,5,2,2,1,1,0.032,world,2.205190781,11.2897192,16.00381076
528.86,ab3dmot,1,0,0,0.4,3.295646339,3.479755201,4.418549716,0,6,10,5,2,2,1,1,0.132,world,2.20222262,11.2852195,15.97626573
528.92,ours,1,0,0,0.4,3.30517953,3.486665643,4.416337808,0,6,10,5,2,2,1,1,0.02,world,2.199436686,11.28297185,15.98391236
528.92,ab3dmot,1,0,0,0.4,3.295646339,3.486592945,4.432941983,0,9,15,5,2,2,1,1,0.124,world,2.200858116,11.27954597,15.96666156
528.92,sort,1,0,0,0.2,11.88143503,11.88143503,11.88143503,0,4,5,5,1,1,1,1,0.124,world,11.88143503,18.2115247,22.4424475
528.992,ours,1,0,0,0.4,3.30517953,3.486030608,4.417263233,0,9,15,5,2,2,1,1,0,world,2.191482793,11.28029244,15.98351072
528.992,ab3dmot,1,0,0,0.4,3.295646339,3.488719482,4.432560965,0,12,20,5,2,2,1,1,0.196,world,2.192909324,11.27687039,15.9662597
528.992,sort,1,0,0,0.2,11.87393571,11.87393808,11.88068509,0,8,10,5,1,1,1,1,0.1,world,11.86643639,18.2100607,22.44912313
529.06,ours,1,0,0,0.4,3.30517953,3.484491127,4.416844965,0,12,20,5,2,2,1,1,0.04,world,2.183909962,11.27780576,15.983165
529.06,ab3dmot,1,0,0,0.4,3.295646339,3.489018462,4.432179947,0,15,25,5,2,2,1,1,0.264,world,2.185341426,11.27438742,15.96591383
529.06,sort,1,0,0,0.2,11.86643639,11.86733425,11.87993516,0,12,15,5,1,1,1,1,0.1,world,11.85411557,18.20738423,22.45176348
529.156,ours,1,0,0,0.4,3.30517953,3.487792491,4.430980028,0,15,25,5,2,2,1,1,0.052,world,2.18814334,11.26659229,15.94511463
529.156,ab3dmot,1,0,0,0.4,3.295646339,3.494385725,4.450044195,0,18,30,5,2,2,1,1,0.096,world,2.19484025,11.25996114,15.91434151
529.156,sort,1,0,0,0.2,11.86027598,11.86126157,11.87918523,0,16,20,5,1,1,1,1,0.132,world,11.84302484,18.20546578,22.45461457
529.212,ours,1,0,0,0.4,3.30517953,3.49126629,4.447287618,0,18,30,5,2,2,1,1,0.012,world,2.185708421,11.26046933,15.92676021
529.212,ab3dmot,1,0,0,0.4,3.295646339,3.4989526,4.472949713,0,21,35,5,2,2,1,1,0.056,world,2.192865864,11.25483815,15.90029444
529.212,sort,1,0,0,0.2,11.85411557,11.85543358,11.8784353,0,20,25,5,1,1,1,1,0.088,world,11.83209291,18.2034091,22.45583549
529.3,ours,1,0,0,0.4,3.30517953,3.494470986,4.458002166,0,21,35,5,2,2,1,1,0.012,world,2.181806861,11.25579109,15.91204139
529.3,ab3dmot,1,0,0,0.4,3.295646339,3.502394271,4.479613729,0,24,40,5,2,2,1,1,0.076,world,2.186985786,11.25175066,15.89293613
529.3,sort,1,0,0,0.2,11.84857021,11.8497292,11.87768537,0,24,30,5,1,1,1,1,0.108,world,11.82116598,18.20177786,22.45789075
529.392,ours,1,0,0,0.4,3.30517953,3.496475072,4.463751275,0,24,40,5,2,2,1,1,0.024,world,2.173413936,11.25247431,15.90792427
529.392,ab3dmot,1,0,0,0.4,3.295646339,3.504833053,4.482117268,0,27,45,5,2,2,1,1,0.104,world,2.178029797,11.24828742,15.8865966
529.392,sort,1,0,0,0.2,11.84302484,11.84347498,11.87693544,0,28,35,5,1,1,1,1,0.104,world,11.80588011,18.20032853,22.46238612
529.488,ours,1,0,0,0.4,3.30517953,3.498523316,4.465827247,0,27,45,5,2,2,1,1,0.032,world,2.166453372,11.247834,15.89358442
529.488,ab3dmot,1,0,0,0.4,3.295646339,3.506911088,4.483329159,0,30,50,5,2,2,1,1,0.1,world,2.168727148,11.24459362,15.8763152
529.488,sort,1,0,0,0.2,11.83755888,11.83752876,11.8761855,0,32,40,5,1,1,1,1,0.132,world,11.79582127,18.20071343,22.46870465
529.572,ours,1,0,0,0.4,3.30517953,3.500439338,4.474160634,0,30,50,5,2,2,1,1,0.02,world,2.161289355,11.24443342,15.88214845
529.572,ab3dmot,1,0,0,0.4,3.295646339,3.508560623,4.489189442,0,33,55,5,2,2,1,1,0.084,world,2.161908387,11.24209354,15.86967078
529.572,sort,1,0,0,0.2,11.83209291,11.83119688,11.87543557,0,36,45,5,1,1,1,1,0.116,world,11.78041931,18.20409152,22.48124622
529.652,ours,1,0,0,0.4,3.30517953,3.50227013,4.480323046,0,33,55,5,2,2,1,1,0.052,world,2.155465037,11.24177716,15.87190194
529.652,ab3dmot,1,0,0,0.4,3.295646339,3.510079585,4.491582668,0,36,60,5,2,2,1,1,0.064,world,2.154591409,11.24041594,15.86064157
529.652,sort,1,0,0,0.2,11.82662945,11.82514847,11.87468564,0,40,50,5,1,1,1,1,0.132,world,11.77057299,18.20457948,22.48642053
529.748,ours,1,0,0,0.4,3.30517953,3.503948346,4.486902527,0,36,60,5,2,2,1,1,0.048,world,2.147556246,11.23985827,15.86196348
529.748,ab3dmot,1,0,0,0.4,3.295646339,3.511229272,4.496619633,0,39,65,5,2,2,1,1,0.096,world,2.146576854,11.23945425,15.85681695
529.748,sort,1,0,0,0.2,11.82116598,11.81904399,11.87393571,0,44,55,5,1,1,1,1,0.128,world,11.75782488,18.20274458,22.48765446
529.852,ours,1,0,0,0.4,3.30517953,3.505471064,4.49299717,0,39,65,5,2,2,1,1,0.048,world,2.142203544,11.23878744,15.8548875
529.852,ab3dmot,1,0,0,0.4,3.295646339,3.512184704,4.498885619,0,42,70,5,2,2,1,1,0.1,world,2.140802263,11.23913971,15.85247641
529.852,sort,1,0,0,0.2,11.81352305,11.81214531,11.87318578,0,48,60,5,1,1,1,1,0.136,world,11.73599218,18.24716639,22.58968805
529.944,ours,1,0,0,0.4,3.30517953,3.506977146,4.497682351,0,42,70,5,2,2,1,1,0.044,world,2.140763881,11.23817948,15.84841897
529.944,ab3dmot,1,0,0,0.4,3.295646339,3.513115491,4.500422923,0,45,75,5,2,2,1,1,0.092,world,2.139677099,11.23906782,15.84831943
529.944,sort,1,0,0,0.2,11.80588011,11.80520913,11.87243585,0,52,65,5,1,1,1,1,0.128,world,11.72165481,18.2752135,22.65321469
530.04,ours,1,0,0,0.4,3.30517953,3.508570253,4.502101779,0,45,75,5,2,2,1,1,0.04,world,2.140638306,11.23696363,15.84049189
530.04,ab3dmot,1,0,0,0.4,3.295646339,3.514180909,4.502693583,0,48,80,5,2,2,1,1,0.092,world,2.140368424,11.23795916,15.84136853
530.04,sort,1,0,0,0.2,11.80085069,11.79833728,11.87168591,0,56,70,5,1,1,1,1,0.124,world,11.70863614,18.29640255,22.70120484
530.124,ours,1,0,0,0.4,3.30517953,3.510354092,4.507443611,0,48,80,5,2,2,1,1,0.024,world,2.140965059,11.23547496,15.83043131
530.124,ab3dmot,1,0,0,0.4,3.295646339,3.515492213,4.506391523,0,51,85,5,2,2,1,1,0.076,world,2.14101037,11.23633434,15.83146942
530.124,sort,1,0,0,0.2,11.79582127,11.79211758,11.87093598,0,60,75,5,1,1,1,1,0.108,world,11.70469483,18.28218146,22.67117331
530.22,ours,1,0,0,0.4,3.30517953,3.512094167,4.51452449,0,51,85,5,2,2,1,1,0.02,world,2.140993021,11.23515281,15.82649868
530.22,ab3dmot,1,0,0,0.4,3.295646339,3.516796575,4.512633913,0,54,90,5,2,2,1,1,0.108,world,2.141203748,11.23600193,15.82823121
530.22,sort,1,0,0,0.2,11.78812029,11.78643945,11.87018605,0,64,80,5,1,1,1,1,0.108,world,11.70093686,18.27125829,22.64741397
530.32,ours,1,0,0,0.4,3.30517953,3.513647159,4.521834511,0,54,90,5,2,2,1,1,0.02,world,2.141119996,11.23598388,15.82777861
530.32,ab3dmot,1,0,0,0.4,3.295646339,3.517969824,4.520352036,0,57,95,5,2,2,1,1,0.208,world,2.141330354,11.23683283,15.82951098
530.32,sort,1,0,0,0.2,11.78041931,11.78130002,11.86943612,0,68,85,5,1,1,1,1,0.108,world,11.6987621,18.26519745,22.63226947
530.428,ours,1,0,0,0.4,3.30517953,3.515247206,4.525148601,0,57,95,5,2,2,1,1,0.028,world,2.143594576,11.23640261,15.82481
530.428,ab3dmot,1,0,0,0.4,3.295646339,3.519060454,4.523593039,0,60,100,5,2,2,1,1,0.084,world,2.143124143,11.2375927,15.83191162
530.428,sort,1,0,0,0.2,11.77549615,11.77653725,11.86868619,0,72,90,5,1,1,1,1,0.116,world,11.69527345,18.27445723,22.64860957
530.512,ours,1,0,0,0.4,3.30517953,3.516890402,4.525516298,0,60,100,5,2,2,1,1,0.012,world,2.143903447,11.2358657,15.82062838
530.512,ab3dmot,1,0,0,0.4,3.295646339,3.52024308,4.523714586,0,63,105,5,2,2,1,1,0.068,world,2.142932864,11.23666033,15.82762218
530.512,sort,1,0,0,0.2,11.77057299,11.77212097,11.86793626,0,76,95,5,1,1,1,1,0.1,world,11.69234263,18.28243678,22.66254873
530.608,ours,1,0,0,0.4,3.30517953,3.518553878,4.530067695,0,63,105,5,2,2,1,1,0.024,world,2.145772506,11.23679945,15.81900607
530.608,ab3dmot,1,0,0,0.4,3.295646339,3.521502543,4.5239261,0,66,110,5,2,2,1,1,0.064,world,2.1439552,11.2370685,15.82519839
530.608,sort,1,0,0,0.2,11.76419894,11.76796859,11.86718632,0,80,100,5,1,1,1,1,0.1,world,11.68879313,18.33452095,22.76589976
530.7,ours,1,0,0,0.4,3.30517953,3.520258035,4.535571097,0,66,110,5,2,2,1,1,0.024,world,2.147250587,11.23676995,15.81581764
530.7,ab3dmot,1,0,0,0.4,3.295646339,3.52299187,4.528834564,0,69,115,5,2,2,1,1,0.056,world,2.146676506,11.23541945,15.81702063
530.7,sort,1,0,0,0.2,11.75782488,11.7645694,11.86643639,0,84,105,5,1,1,1,1,0.124,world,11.69637803,18.32254033,22.73282596
530.8,ours,1,0,0,0.4,3.30517953,3.522181641,4.540167891,0,69,115,5,2,2,1,1,0.044,world,2.153049619,11.23686177,15.80977287
530.8,ab3dmot,1,0,0,0.4,3.295646339,3.524771534,4.534247603,0,72,120,5,2,2,1,1,0.092,world,2.152513057,11.23488907,15.80864724
530.8,sort,1,0,0,0.2,11.74690853,11.76169903,11.86582035,0,88,110,5,1,1,1,1,0.124,world,11.70125863,18.34083702,22.76046511
530.872,ours,1,0,0,0.4,3.30517953,3.524251418,4.545204149,0,72,120,5,2,2,1,1,0.02,world,2.155478289,11.2361376,15.80292256
530.872,ab3dmot,1,0,0,0.4,3.295646339,3.526633492,4.542248629,0,75,125,5,2,2,1,1,0.064,world,2.153101785,11.23460203,15.80368595
530.872,sort,1,0,0,0.2,11.73599218,11.75917103,11.86520431,0,92,115,5,1,1,1,1,0.132,world,11.70341704,18.37012878,22.81395564
530.964,ours,1,0,0,0.4,3.30517953,3.526274826,4.5529608,0,75,125,5,2,2,1,1,0.044,world,2.158035833,11.2374937,15.80320866
530.964,ab3dmot,1,0,0,0.4,3.295646339,3.528334071,4.552824284,0,78,130,5,2,2,1,1,0.092,world,2.155713181,11.23695378,15.80949706
530.964,sort,1,0,0,0.2,11.72882349,11.75708823,11.86458827,0,96,120,5,1,1,1,1,0.124,world,11.70908156,18.38384061,22.83239243
531.032,ours,1,0,0,0.4,3.30517953,3.528143263,4.562239613,0,78,130,5,2,2,1,1,0.032,world,2.160209164,11.23939483,15.80848449
531.032,ab3dmot,1,0,0,0.4,3.295646339,3.529885762,4.561379899,0,81,135,5,2,2,1,1,0.092,world,2.157905358,11.23928014,15.8156387
531.032,sort,1,0,0,0.2,11.72165481,11.75546164,11.86397223,0,100,125,5,1,1,1,1,0.128,world,11.71635552,18.39483862,22.84515867
531.104,ours,1,0,0,0.4,3.30517953,3.530178471,4.568743334,0,81,135,5,2,2,1,1,0.004,world,2.163519413,11.23908878,15.80148303
531.104,ab3dmot,1,0,0,0.4,3.295646339,3.531772303,4.56482449,0,84,140,5,2,2,1,1,0.064,world,2.159691365,11.2368963,15.80129816
531.104,sort,1,0,0,0.2,11.7210832,11.75411932,11.86335619,0,104,130,5,1,1,1,1,0.1,world,11.7205116,18.41040054,22.86868954
531.22,ours,1,0,0,0.4,3.30517953,3.532372969,4.570592139,0,84,140,5,2,2,1,1,0.02,world,2.173168875,11.24329499,15.80180988
531.22,ab3dmot,1,0,0,0.4,3.295646339,3.5337596,4.566584975,0,87,145,5,2,2,1,1,0.18,world,2.170425598,11.24222451,15.80491145
531.22,sort,1,0,0,0.2,11.72165481,11.75337053,11.86274015,0,108,135,5,1,1,1,1,0.148,world,11.73388511,18.43113173,22.89500803
531.304,ours,1,0,0,0.4,3.30517953,3.534514404,4.572844867,0,87,145,5,2,2,1,1,0.024,world,2.176925156,11.24552302,15.8042681
531.304,ab3dmot,1,0,0,0.4,3.295646339,3.535589197,4.568950393,0,90,150,5,2,2,1,1,0.168,world,2.17209436,11.24517682,15.81216524
531.304,sort,1,0,0,0.2,11.72776996,11.75335204,11.8621241,0,112,140,5,1,1,1,1,0.1,world,11.75285276,18.40048688,22.81289635
531.368,ours,1,0,0,0.4,3.30517953,3.536474613,4.58195255,0,90,150,5,2,2,1,1,0.004,world,2.179613563,11.2481435,15.81337773
531.368,ab3dmot,1,0,0,0.4,3.295646339,3.537259122,4.581836339,0,93,155,5,2,2,1,1,0.1,world,2.175610418,11.2476942,15.82195873
531.368,sort,1,0,0,0.2,11.73388511,11.75362263,11.86150806,0,116,145,5,1,1,1,1,0.1,world,11.76119673,18.41030269,22.82273268
531.456,ours,1,0,0,0.4,3.30517953,3.538471326,4.589411933,0,93,155,5,2,2,1,1,0.02,world,2.182613141,11.24920493,15.81291032
531.456,ab3dmot,1,0,0,0.4,3.295646339,3.539003949,4.582753867,0,96,160,5,2,2,1,1,0.124,world,2.179055844,11.24906336,15.82041636
531.456,sort,1,0,0,0.2,11.73493864,11.75428156,11.86089202,0,120,150,5,1,1,1,1,0.124,world,11.77337433,18.44241341,22.87202295
531.532,ours,1,0,0,0.4,3.30517953,3.540479724,4.590111657,0,96,160,5,2,2,1,1,0.028,world,2.189632358,11.25252092,15.81500909
531.532,ab3dmot,1,0,0,0.4,3.295646339,3.540775561,4.58532552,0,99,165,5,2,2,1,1,0.196,world,2.186085992,11.25238219,15.8225142
531.532,sort,1,0,0,0.2,11.73599218,11.75542185,11.86027598,0,124,155,5,1,1,1,1,0.096,world,11.78957935,18.4466681,22.86174232
531.608,ours,1,0,0,0.4,3.30517953,3.542505154,4.592159523,0,99,165,5,2,2,1,1,0.016,world,2.196981078,11.25596631,15.81716463
531.608,ab3dmot,1,0,0,0.4,3.295646339,3.542577817,4.58741196,0,102,170,5,2,2,1,1,0.272,world,2.193446074,11.25583056,15.8246688
531.608,sort,1,0,0,0.2,11.74442247,11.75682382,11.85965994,0,128,160,5,1,1,1,1,0.108,world,11.80020222,18.45810638,22.87282912
531.688,ours,1,0,0,0.4,3.30517953,3.544944517,4.595040245,0,102,170,5,2,2,1,1,0.024,world,2.199964284,11.25346337,15.80025613
531.688,ab3dmot,1,0,0,0.4,3.295646339,3.544974122,4.589029351,0,105,175,5,2,2,1,1,0.056,world,2.191787735,11.25135073,15.79559511
531.688,sort,1,0,0,0.2,11.75285276,11.758652,11.8590439,0,132,165,5,1,1,1,1,0.088,world,11.81700463,18.47577706,22.88971108
531.772,ours,1,0,0,0.4,3.305425223,3.547416068,4.598124216,0,105,175,5,2,2,1,1,0.016,world,2.205682166,11.25648301,15.80004583
531.772,ab3dmot,1,0,0,0.4,3.295646339,3.547395411,4.591355433,0,108,180,5,2,2,1,1,0.108,world,2.198472596,11.2546328,15.79631437
531.772,sort,1,0,0,0.2,11.75533882,11.76071916,11.85842786,0,136,170,5,1,1,1,1,0.108,world,11.8287327,18.48765442,22.9008741
531.86,ours,1,0,0,0.4,3.30687863,3.549883876,4.601291632,0,108,180,5,2,2,1,1,0.052,world,2.20858898,11.25939307,15.80092722
531.86,ab3dmot,1,0,0,0.4,3.295646339,3.549685723,4.594510933,0,111,185,5,2,2,1,1,0.096,world,2.200812914,11.25952914,15.80432827
531.86,sort,1,0,0,0.2,11.75782488,11.76301687,11.85781182,0,140,175,5,1,1,1,1,0.128,world,11.8408738,18.49983785,22.91221498
531.912,ours,1,0,0,0.4,3.30720828,3.552192409,4.612535252,0,111,185,5,2,2,1,1,0.016,world,2.20924828,11.2642774,15.8101072
531.912,ab3dmot,1,0,0,0.4,3.295646339,3.55182893,4.606429118,0,114,190,5,2,2,1,1,0.084,world,2.202638458,11.26492932,15.81395828
531.912,sort,1,0,0,0.2,11.7595108,11.76553931,11.85719578,0,144,180,5,1,1,1,1,0.084,world,11.85348651,18.51329019,22.9247765
532,ours,1,0,0,0.4,3.308312096,3.554555307,4.631379168,0,114,190,5,2,2,1,1,0.004,world,2.211455913,11.26690976,15.80815391
532,ab3dmot,1,0,0,0.4,3.295646339,3.553993993,4.635493971,0,117,195,5,2,2,1,1,0.072,world,2.200072147,11.26763088,15.81251306
532,sort,1,0,0,0.2,11.76119673,11.7682753,11.86636787,0,148,185,5,1,1,1,1,0.104,world,11.86635074,18.52570064,22.93607028
532.096,ours,1,0,0,0.4,3.309785278,3.556804256,4.636954876,0,117,195,5,2,2,1,1,0.028,world,2.214402277,11.2743917,15.82095704
532.096,ab3dmot,1,0,0,0.4,3.295646339,3.555986118,4.63753428,0,120,200,5,2,2,1,1,0.068,world,2.201192341,11.2761726,15.82931645
532.096,sort,1,0,0,0.2,11.76588486,11.77139459,11.86868619,0,152,190,5,1,1,1,1,0.1,world,11.88623263,18.54438516,22.95282621
532.168,ours,1,0,0,0.4,3.312551286,3.55904796,4.640755916,0,120,200,5,2,2,1,1,0.012,world,2.219934292,11.27874352,15.82455104
532.168,ab3dmot,1,0,0,0.4,3.295646339,3.557895311,4.639634005,0,123,205,5,2,2,1,1,0.108,world,2.206269498,11.28176933,15.83872742
532.168,sort,1,0,0,0.2,11.77057299,11.77470535,11.88191479,0,156,195,5,1,1,1,1,0.108,world,11.899832,18.55680355,22.96379063
532.256,ours,1,0,0,0.4,3.312551286,3.561114458,4.642276973,0,123,205,5,2,2,1,1,0.056,world,2.21752147,11.28434103,15.83676114
532.256,ab3dmot,1,0,0,0.4,3.295646339,3.559727591,4.640562959,0,126,210,5,2,2,1,1,0.128,world,2.207578733,11.286725,15.84705186
532.256,sort,1,0,0,0.2,11.77197366,11.77974008,11.8869126,0,160,200,5,1,1,1,1,0.128,world,11.97444356,19.20517333,24.04502069
532.324,ours,1,0,0,0.4,3.312551286,3.563029595,4.646010978,0,126,210,5,2,2,1,1,0.024,world,2.217598125,11.28939463,15.84970987
532.324,ab3dmot,1,0,0,0.4,3.295646339,3.561394672,4.640467394,0,129,215,5,2,2,1,1,0.1,world,2.208125896,11.29197386,15.86246796
532.324,sort,1,0,0,0.2,11.77337433,11.7864139,11.899832,0,164,205,5,1,1,1,1,0.1,world,12.05033619,19.46203525,24.4053776
532.4,ours,1,0,0,0.4,3.313184883,3.564814029,4.645581625,0,129,215,5,2,2,1,1,0.008,world,2.221201487,11.2951036,15.86326693
532.4,ab3dmot,1,0,0,0.4,3.295646339,3.562787064,4.640371829,0,132,220,5,2,2,1,1,0.076,world,2.209714326,11.29915774,15.8870977
532.4,sort,1,0,0,0.2,11.77689682,11.79405379,11.97071298,0,168,210,5,1,1,1,1,0.108,world,12.10313762,19.5934759,24.58200561
532.5,ours,1,0,0,0.4,3.316528156,3.566448864,4.645152272,0,132,220,5,2,2,1,1,0.032,world,2.227888033,11.30377093,15.88514376
532.5,ab3dmot,1,0,0,0.4,3.295646339,3.564047348,4.640276264,0,135,225,5,2,2,1,1,0.076,world,2.216952544,11.30754241,15.90983172
532.5,sort,1,0,0,0.2,11.78041931,11.80068119,12.04274693,0,172,215,5,1,1,1,1,0.108,world,12.07574819,19.40415747,24.30039348
532.588,ours,1,0,0,0.4,3.321284321,3.568082682,4.644722919,0,135,225,5,2,2,1,1,0.032,world,2.237400362,11.31115511,15.89793361
532.588,ab3dmot,1,0,0,0.4,3.295646339,3.565349879,4.640180699,0,138,230,5,2,2,1,1,0.096,world,2.226756894,11.31437871,15.92088633
532.588,sort,1,0,0,0.2,11.78499933,11.80775573,12.07193639,0,176,220,5,1,1,1,1,0.132,world,12.10805093,19.45801962,24.36639161
532.656,ours,1,0,0,0.4,3.323100403,3.569653186,4.644293566,0,138,230,5,2,2,1,1,0.028,world,2.241032527,11.31626491,15.90839119
532.656,ab3dmot,1,0,0,0.4,3.295646339,3.566623166,4.640085134,0,141,235,5,2,2,1,1,0.1,world,2.230410535,11.31933468,15.92976676
532.656,sort,1,0,0,0.1955555556,11.78957935,11.81524349,12.09765974,1,180,225,5,2,1,1,1,0.1,world,12.14013398,19.52960036,24.46082809
532.736,ours,1,0,0,0.4,3.323327168,3.57113844,4.643864212,0,141,235,5,2,2,1,1,0.036,world,2.241486058,11.32108164,15.9199527
532.736,ab3dmot,1,0,0,0.4,3.295646339,3.567918184,4.639989569,0,144,240,5,2,2,1,1,0.116,world,2.235128411,11.3233541,15.93562399
532.736,sort,1,0,0,0.1913043478,11.79270031,11.82384603,12.10682261,2,184,230,5,2,1,1,1,0.116,world,12.20468598,19.67167472,24.64800132
532.8,ours,1,0,0,0.4,3.323474279,3.572604479,4.643434859,0,144,240,5,2,2,1,1,0.004,world,2.241780279,11.32473086,15.92678472
532.8,ab3dmot,1,0,0,0.4,3.295646339,3.569260338,4.639894004,0,147,245,5,2,2,1,1,0.08,world,2.235925987,11.32597462,15.9379744
532.8,sort,1,0,0,0.1872340426,11.79582127,11.83119799,12.13050907,3,188,235,5,2,1,1,1,0.112,world,12.16458591,19.45932272,24.33726157
532.9,ours,1,0,0,0.4,3.325030863,3.57402551,4.643005506,0,147,245,5,2,2,1,1,0.024,world,2.244893448,11.32972792,15.93637209
532.9,ab3dmot,1,0,0,0.4,3.295646339,3.570506655,4.639798438,0,150,250,5,2,2,1,1,0.08,world,2.235181892,11.33119592,15.95072606
532.9,sort,1,0,0,0.1833333333,11.79801175,11.83883242,12.15602774,4,192,240,5,2,1,1,1,0.112,world,12.19225933,19.50917656,24.4001122
532.952,ours,1,0,0,0.4,3.326653604,3.575385449,4.642576153,0,150,250,5,2,2,1,1,0.012,world,2.248138929,11.33507048,15.94767515
532.952,ab3dmot,1,0,0,0.4,3.29593461,3.571668992,4.639634005,0,153,255,5,2,2,1,1,0.064,world,2.238682419,11.33696752,15.96474454
532.952,sort,1,0,0,0.1795918367,11.80020222,11.84663628,12.18118996,5,196,245,5,2,1,1,1,0.1,world,12.21536032,19.54431383,24.44219169
533.032,ours,1,0,0,0.4,3.326653604,3.576535888,4.642355833,0,153,255,5,2,2,1,1,0.032,world,2.247719165,11.34221317,15.97046202
533.032,ab3dmot,1,0,0,0.4,3.297752129,3.572695434,4.639400702,0,156,260,5,2,2,1,1,0.08,world,2.242317456,11.34396166,15.9835362
533.032,sort,1,0,0,0.176,11.80304116,11.85424908,12.19909399,6,200,250,5,2,1,1,1,0.112,world,12.22146853,19.47012773,24.32232243
533.1,ours,1,0,0,0.4,3.331855003,3.577771053,4.642344545,0,156,260,5,2,2,1,1,0.012,world,2.258541727,11.34671203,15.97274313
533.1,ab3dmot,1,0,0,0.4,3.303176507,3.573809909,4.639167399,0,159,265,5,2,2,1,1,0.148,world,2.253166212,11.34846822,15.98581624
533.1,sort,1,0,0,0.1725490196,11.80588011,11.86184477,12.21002315,7,204,255,5,2,1,1,1,0.084,world,12.23561891,19.43350683,24.25707996
533.2,ours,1,0,0,0.4,3.339868618,3.579147762,4.642333258,0,159,265,5,2,2,1,1,0.032,world,2.274568956,11.35334588,15.97607173
533.2,ab3dmot,1,0,0,0.4,3.311209352,3.575068083,4.638934096,0,162,270,5,2,2,1,1,0.248,world,2.269231902,11.35511345,15.98914332
533.2,sort,1,0,0,0.1692307692,11.81144237,11.8696074,12.21810901,8,208,260,5,2,1,1,1,0.116,world,12.25898525,19.42389182,24.22864807
533.284,ours,1,0,0,0.4,3.339868618,3.579740448,4.64232197,0,162,270,5,2,2,1,1,0.024,world,2.262693564,11.36825944,16.04950727
533.284,ab3dmot,1,0,0,0.4,3.311209352,3.575275567,4.638700794,0,165,275,5,2,2,1,1,0.068,world,2.257282541,11.37493342,16.09090901
533.284,sort,1,0,0,0.1660377358,11.81700463,11.87737557,12.22712868,9,212,265,5,2,1,1,1,0.1,world,12.27454769,19.41511998,24.20645581
533.372,ours,1,0,0,0.4,3.339868618,3.580186252,4.642310683,0,165,275,5,2,2,1,1,0.044,world,2.268685823,11.37586265,16.07458964
533.372,ab3dmot,1,0,0,0.4,3.311209352,3.575347669,4.638467491,0,168,280,5,2,2,1,1,0.088,world,2.265107709,11.38289483,16.1183183
533.372,sort,1,0,0,0.162962963,11.81908531,11.88515455,12.24379713,10,216,270,5,2,1,1,1,0.124,world,12.29039696,19.41992106,24.20518748
533.448,ours,1,0,0,0.4,3.341836084,3.580402524,4.642299396,0,168,280,5,2,2,1,1,0.04,world,2.278503888,11.38790036,16.1163775
533.448,ab3dmot,1,0,0,0.4,3.315691579,3.575343339,4.638234188,0,171,285,5,2,2,1,1,0.1,world,2.278196357,11.39315794,16.14768021
533.448,sort,1,0,0,0.16,11.82116598,11.89306898,12.26365398,11,220,275,5,2,1,1,1,0.132,world,12.31289596,19.434494,24.21535114
533.512,ours,1,0,0,0.4,3.342594442,3.580460986,4.642288108,0,171,285,5,2,2,1,1,0.012,world,2.280020604,11.39298487,16.13886076
533.512,ab3dmot,1,0,0,0.4,3.316488623,3.575132092,4.638000885,0,174,290,5,2,2,1,1,0.064,world,2.279790444,11.39917332,16.17860711
533.512,sort,1,0,0,0.1571428571,11.82494934,11.90088854,12.27851,12,224,280,5,2,1,1,1,0.1,world,12.3233256,19.44425045,24.22548543
533.6,ours,1,0,0,0.4,3.347856457,3.580400743,4.642276821,0,174,290,5,2,2,1,1,0.02,world,2.290544634,11.40333789,16.17164076
533.6,ab3dmot,1,0,0,0.4,3.322205647,3.574870966,4.637767582,0,177,295,5,2,2,1,1,0.052,world,2.291224493,11.40880035,16.20646924
533.6,sort,1,0,0,0.1543859649,11.8287327,11.91089663,12.29489676,13,228,285,5,2,1,1,1,0.12,world,12.45852494,19.83227354,24.75901331
533.68,ours,1,0,0,0.4,3.350826675,3.580237382,4.642265533,0,177,295,5,2,2,1,1,0.008,world,2.296485072,11.41079345,16.19597935
533.68,ab3dmot,1,0,0,0.4,3.324686617,3.574472997,4.63753428,0,180,300,5,2,2,1,1,0.068,world,2.296186432,11.41764829,16.23456332
533.68,sort,1,0,0,0.1517241379,11.83041281,11.9203957,12.31446041,14,232,290,5,2,1,1,1,0.1,world,12.44986807,19.77066156,24.66750262
533.776,ours,1,0,0,0.4,3.355553872,3.580040986,4.642254246,0,180,300,5,2,2,1,1,0.032,world,2.305939464,11.4198312,16.21809047
533.776,ab3dmot,1,0,0,0.4,3.329708775,3.574177901,4.637324922,0,183,305,5,2,2,1,1,0.096,world,2.306230748,11.42412113,16.24344797
533.776,sort,1,0,0,0.1491525424,11.83209291,11.92951545,12.33569636,15,236,295,5,2,1,1,1,0.132,world,12.44703323,19.71309772,24.57883428
533.868,ours,1,0,0,0.4,3.356858907,3.57981619,4.642169743,0,183,305,5,2,2,1,1,0.048,world,2.308549536,11.42561101,16.23423608
533.868,ab3dmot,1,0,0,0.4,3.330388271,3.57394585,4.637139509,0,186,310,5,2,2,1,1,0.092,world,2.30758974,11.42847655,16.24880025
533.868,sort,1,0,0,0.1466666667,11.83648336,11.9410045,12.44717497,16,240,300,5,2,1,1,1,0.124,world,12.60032998,20.10760462,25.1141756
533.94,ours,1,0,0,0.4,3.356858907,3.579561231,4.642012024,0,186,310,5,2,2,1,1,0.036,world,2.307636286,11.43181909,16.24810539
533.94,ab3dmot,1,0,0,0.4,3.330607883,3.573762697,4.636954097,0,189,315,5,2,2,1,1,0.096,world,2.308028965,11.43319928,16.25301047
533.94,sort,1,0,0,0.1442622951,11.8408738,11.9550787,12.44986807,17,244,305,5,2,1,1,1,0.096,world,12.77117895,20.47679085,25.60039398
534.008,ours,1,0,0,0.4,3.356858907,3.579204992,4.641854305,0,189,315,5,2,2,1,1,0.016,world,2.306471591,11.43962328,16.26890134
534.008,ab3dmot,1,0,0,0.4,3.330607883,3.573493806,4.636768684,0,192,320,5,2,2,1,1,0.064,world,2.305702789,11.44091548,16.27048644
534.008,sort,1,0,0,0.1387096774,11.84194932,11.96743639,12.45809209,19,248,310,5,3,1,1,1,0.1,world,11.69409449,18.51491534,23.06343762
534.1,ours,1,0,0,0.4,3.359211291,3.578708612,4.641696586,0,192,320,5,2,2,1,1,0.024,world,2.313254302,11.45041132,16.2998148
534.1,ab3dmot,1,0,0,0.4,3.331749972,3.572854935,4.636583271,0,195,325,5,2,2,1,1,0.06,world,2.310313143,11.45730064,16.32635871
534.1,sort,1,0,0,0.1333333333,11.84302484,11.98008332,12.58614947,21,252,315,5,3,1,1,1,0.124,world,11.70903236,18.52164682,23.06549853
534.172,ours,1,0,0,0.4,3.360415782,3.578076109,4.641538867,0,195,325,5,2,2,1,1,0.008,world,2.315663285,11.45856036,16.32563934
534.172,ab3dmot,1,0,0,0.4,3.332730643,3.572174411,4.636397858,0,198,330,5,2,2,1,1,0.064,world,2.312274485,11.46342316,16.34145818
534.172,sort,1,0,0,0.128125,11.84825568,11.99118708,12.66050411,23,256,320,5,3,1,1,1,0.096,world,11.71838618,18.52566516,23.06645122
534.268,ours,1,0,0,0.4,3.36147496,3.577380616,4.641381148,0,198,330,5,2,2,1,1,0.044,world,2.317781642,11.46498965,16.34316145
534.268,ab3dmot,1,0,0,0.4,3.334049882,3.571375411,4.636212446,0,201,335,5,2,2,1,1,0.096,world,2.314912962,11.4714041,16.36565003
534.268,sort,1,0,0,0.1230769231,11.85348651,12.00230727,12.68922692,25,260,325,5,3,1,1,1,0.128,world,11.72723508,18.5293006,23.06706696
534.332,ours,1,0,0,0.4,3.361530229,3.57651886,4.641223429,0,201,335,5,2,2,1,1,0.032,world,2.32003272,11.473945,16.37275035
534.332,ab3dmot,1,0,0,0.4,3.336228866,3.570507164,4.636027033,0,204,340,5,2,2,1,1,0.128,world,2.31927093,11.47792569,16.38415894
534.332,sort,1,0,0,0.1181818182,11.85380104,12.01343753,12.69733899,27,264,330,5,3,1,1,1,0.128,world,11.73556224,18.53254773,23.06734664
534.404,ours,1,0,0,0.4,3.364524518,3.575735205,4.64106571,0,204,340,5,2,2,1,1,0.004,world,2.326021299,11.47619621,16.37363041
534.404,ab3dmot,1,0,0,0.4,3.339225847,3.569716204,4.63584162,0,207,345,5,2,2,1,1,0.2,world,2.325264892,11.48018018,16.38503936
534.404,sort,1,0,0,0.1134328358,11.85411557,12.02469685,12.71077752,29,268,335,5,3,1,1,1,0.1,world,11.74335199,18.535402,23.06729195
534.5,ours,1,0,0,0.4,3.336681464,3.574446284,4.640907991,0,207,345,5,2,2,1,1,0.024,world,2.323913703,11.4964601,16.44764491
534.5,ab3dmot,1,0,0,0.4,3.329029228,3.568407163,4.635656208,0,210,350,5,2,2,1,1,0.096,world,2.324752555,11.50133187,16.46115369
534.5,sort,1,0,0,0.1,11.85411557,12.02469685,12.71077752,33,273,340,5,4,0,1,1,0.128,world,11.7539976,18.52790381,23.0665884
534.572,ours,1,0,0,0.4,3.332778971,3.57313155,4.640750272,0,210,350,5,2,2,1,1,0.02,world,2.327070761,11.50128926,16.46104528
534.572,ab3dmot,1,0,0,0.4,3.318885074,3.566959581,4.635543051,0,213,355,5,2,2,1,1,0.1,world,2.326327492,11.50943279,16.48892424
534.572,sort,1,0,1,0.09565217391,11.85380104,12.01800356,12.70990301,35,277,345,5,3,1,1,1,0.136,world,11.5607291,18.41077215,23.06570993
534.648,ours,1,0,0,0.4,3.322103225,3.57166473,4.640452793,0,213,355,5,2,2,1,1,0.032,world,2.325660999,11.50973038,16.48972744
534.648,ab3dmot,1,0,0,0.4,3.316019493,3.565502676,4.635502151,0,216,360,5,2,2,1,1,0.112,world,2.326554849,11.51369861,16.49968648
534.648,sort,1,0,1,0.08285714286,11.85380104,12.01800356,12.70990301,39,282,350,5,4,0,1,1,0.112,world,11.25005738,18.28948616,23.06450877
534.728,ours,1,0,0,0.4,3.316991042,3.570149182,4.640015553,0,216,360,5,2,2,1,1,0.028,world,2.324966862,11.51495699,16.50589327
534.728,ab3dmot,1,0,0,0.4,3.314642064,3.564061055,4.635461252,0,219,365,5,2,2,1,1,0.092,world,2.326270151,11.51682637,16.50756207
534.728,sort,1,0,1,0.07042253521,11.85380104,12.01800356,12.70990301,43,287,355,5,4,0,1,1,0.128,world,11.16521565,18.25507993,23.06298987
534.8,ours,1,0,0,0.4,3.31374901,3.568623094,4.639578314,0,219,365,5,2,2,1,1,0.028,world,2.325440677,11.51875061,16.51649587
534.8,ab3dmot,1,0,0,0.4,3.31159345,3.56259946,4.635420352,0,222,370,5,2,2,1,1,0.064,world,2.32430727,11.52082802,16.51850524
534.8,sort,1,0,1,0.05833333333,11.85380104,12.01800356,12.70990301,47,292,360,5,4,0,1,1,0.1,world,11.02927041,18.20038995,23.0611589
534.9,ours,1,0,0,0.4,3.309821911,3.56707192,4.639141074,0,222,370,5,2,2,1,1,0.036,world,2.325035286,11.523304,16.52834721
534.9,ab3dmot,1,0,0,0.4,3.31159345,3.561188174,4.635379452,0,225,375,5,2,2,1,1,0.1,world,2.323629424,11.52308642,16.51899843
534.9,sort,1,0,1,0.04657534247,11.85380104,12.01800356,12.70990301,51,297,365,5,4,0,1,1,0.132,world,11.4933556,18.39283218,23.05784133
534.964,ours,1,0,0,0.4,3.309821911,3.565566071,4.638703834,0,225,375,5,2,2,1,1,0.028,world,2.322632535,11.52471057,16.52781396
534.964,ab3dmot,1,0,0,0.4,3.31159345,3.559881062,4.635338552,0,228,380,5,2,2,1,1,0.096,world,2.320337626,11.52259225,16.50920172
534.964,sort,1,0,1,0.03513513514,11.85380104,12.01800356,12.70990301,55,302,370,5,4,0,1,1,0.096,world,11.22710138,18.2875866,23.05525926
535.032,ours,1,0,0,0.4,3.307617827,3.564021964,4.638266595,0,228,380,5,2,2,1,1,0.02,world,2.316207946,11.52877851,16.53661387
535.032,ab3dmot,1,0,0,0.4,3.31159345,3.558524531,4.635297652,0,231,385,5,2,2,1,1,0.1,world,2.315598555,11.52657136,16.51925299
535.032,sort,1,0,1,0.024,11.85380104,12.01800356,12.70990301,59,307,375,5,4,0,1,1,0.1,world,11.07404631,18.87340127,24.06189995
535.1,ours,1,0,0,0.4,3.304212791,3.562440291,4.637829355,0,231,385,5,2,2,1,1,0.004,world,2.310553981,11.53217506,16.54520587
535.1,ab3dmot,1,0,0,0.4,3.309112619,3.557090629,4.635256752,0,234,390,5,2,2,1,1,0.068,world,2.305661802,11.53149916,16.53075795
535.1,sort,1,0,1,0.01315789474,11.85380104,12.01800356,12.70990301,63,312,380,5,4,0,1,1,0.1,world,10.95777862,18.80771263,24.02707269
535.2,ours,1,0,0,0.4,3.30004951,3.560804897,4.637392116,0,234,390,5,2,2,1,1,0.004,world,2.303453523,11.53626006,16.55521167
535.2,ab3dmot,1,0,0,0.4,3.306884688,3.555631433,4.635215852,0,237,395,5,2,2,1,1,0.072,world,2.299069319,11.534395,16.53673673
535.2,sort,1,0,1,0.002597402597,11.85380104,12.01800356,12.70990301,67,317,385,5,4,0,1,1,0.104,world,10.84650588,18.74387252,23.9927429
535.276,ours,1,0,0,0.4,3.29894079,3.559173941,4.636954876,0,237,395,5,2,2,1,1,0.012,world,2.298713319,11.53767157,16.55788552
535.276,ab3dmot,1,0,0,0.4,3.306256628,3.554179481,4.635174953,0,240,400,5,2,2,1,1,0.08,world,2.294317775,11.53548877,16.53848448
535.276,sort,1,0,1,-0.007692307692,11.85380104,12.01800356,12.70990301,71,322,390,5,4,0,1,1,0.112,world,10.78584612,18.71397236,23.98231839
535.36,ours,1,0,0,0.4,3.296679968,3.557528936,4.636517637,0,240,400,5,2,2,1,1,0.044,world,2.293707479,11.53880032,16.56174781
535.36,ab3dmot,1,0,0,0.4,3.305470728,3.552735954,4.634694614,0,243,405,5,2,2,1,1,0.096,world,2.29051355,11.53557552,16.53969255
535.36,sort,1,0,1,-0.01772151899,11.85380104,12.01800356,12.70990301,75,327,395,5,4,0,1,1,0.132,world,10.74189018,18.6930286,23.9762438
535.44,ours,1,0,0,0.4,3.296679968,3.555907145,4.636248435,0,243,405,5,2,2,1,1,0.04,world,2.288376168,11.53886035,16.56152707
535.44,ab3dmot,1,0,0,0.4,3.305470728,3.551333905,4.633774836,0,246,410,5,2,2,1,1,0.112,world,2.287745621,11.53447491,16.53706255
535.44,sort,1,0,1,-0.0275,11.85380104,12.01800356,12.70990301,79,332,400,5,4,0,1,1,0.112,world,10.68268371,18.66525688,23.96865291
535.5,ours,1,0,0,0.4,3.296679968,3.554313207,4.636147272,0,246,410,5,2,2,1,1,0.012,world,2.284655845,11.5380722,16.5600203
535.5,ab3dmot,1,0,0,0.4,3.305470728,3.549984416,4.632855058,0,249,415,5,2,2,1,1,0.072,world,2.285055188,11.53262525,16.53252423
535.5,sort,1,0,1,-0.03703703704,11.85380104,12.01800356,12.70990301,83,337,405,5,4,0,1,1,0.072,world,10.64737386,18.65421161,23.97364976
535.592,ours,1,0,0,0.4,3.296679968,3.552744746,4.636046108,0,249,415,5,2,2,1,1,0.016,world,2.280286816,11.53723111,16.5577472
535.592,ab3dmot,1,0,0,0.4,3.305470728,3.548650093,4.63193528,0,252,420,5,2,2,1,1,0.068,world,2.27766767,11.53079103,16.53017765
535.592,sort,1,0,1,-0.04634146341,11.85380104,12.01800356,12.70990301,87,342,410,5,4,0,1,1,0.1,world,10.6506745,18.66551014,23.99090216
535.676,ours,1,0,0,0.4,3.296679968,3.551187074,4.635944945,0,252,420,5,2,2,1,1,0.024,world,2.273858328,11.5369385,16.5561259
535.676,ab3dmot,1,0,0,0.4,3.305470728,3.547309263,4.631015502,0,255,425,5,2,2,1,1,0.116,world,2.273086523,11.52901098,16.53093448
535.676,sort,1,0,1,-0.05542168675,11.85380104,12.01800356,12.70990301,91,347,415,5,4,0,1,1,0.116,world,10.65418852,18.67554704,24.00607582
535.756,ours,1,0,0,0.4,3.295616566,3.549608752,4.635843781,0,255,425,5,2,2,1,1,0.04,world,2.265729429,11.53437758,16.55635534
535.756,ab3dmot,1,0,0,0.4,3.30504773,3.545934827,4.630095724,0,258,430,5,2,2,1,1,0.096,world,2.267426081,11.52692662,16.53370785
535.756,sort,1,0,1,-0.06428571429,11.85380104,12.01800356,12.70990301,95,352,420,5,4,0,1,1,0.132,world,10.65946649,18.68522926,24.01973476
535.828,ours,1,0,0,0.4,3.292685847,3.548004905,4.635742618,0,258,430,5,2,2,1,1,0.028,world,2.260167629,11.5329915,16.56010361
535.828,ab3dmot,1,0,0,0.4,3.301131273,3.544521892,4.629175946,0,261,435,5,2,2,1,1,0.104,world,2.263280469,11.52682408,16.5391718
535.828,sort,1,0,1,-0.07294117647,11.85380104,12.01800356,12.70990301,99,357,425,5,4,0,1,1,0.104,world,10.65521519,18.69213975,24.03496234
535.92,ours,1,0,0,0.4,3.291022717,3.546397593,4.635641454,0,261,435,5,2,2,1,1,0.024,world,2.255606592,11.5310008,16.55940487
535.92,ab3dmot,1,0,0,0.4,3.299472419,3.543101263,4.628256168,0,264,440,5,2,2,1,1,0.196,world,2.258723248,11.5248349,16.53847123
535.92,sort,1,0,1,-0.08139534884,11.85380104,12.01800356,12.70990301,103,362,430,5,4,0,1,1,0.196,world,10.65059856,18.68782543,24.03101763
535.992,ours,1,0,0,0.4,3.287538063,3.544758488,4.635540291,0,264,440,5,2,2,1,1,0.004,world,2.250032851,11.5298448,16.56331514
535.992,ab3dmot,1,0,0,0.4,3.29309797,3.541608802,4.62733639,0,267,445,5,2,2,1,1,0.168,world,2.253992151,11.52618056,16.54908712
535.992,sort,1,0,1,-0.08965517241,11.85380104,12.01800356,12.70990301,107,367,435,5,4,0,1,1,0.072,world,11.08141779,18.89782346,24.11324637
536.08,ours,1,0,0,0.4,3.279418509,3.543014693,4.635439127,0,267,445,5,2,2,1,1,0.028,world,2.241153045,11.53058736,16.57369575
536.08,ab3dmot,1,0,0,0.4,3.280987227,3.539959418,4.626416612,0,270,450,5,2,2,1,1,0.128,world,2.246055611,11.5302082,16.56709891
536.08,sort,1,0,1,-0.09772727273,11.85380104,12.01800356,12.70990301,111,372,440,5,4,0,1,1,0.128,world,11.03460743,18.88493807,24.12132147
536.152,ours,1,0,0,0.4,3.272021559,3.54118418,4.635337964,0,270,450,5,2,2,1,1,0.048,world,2.233575661,11.53254989,16.58370456
536.152,ab3dmot,1,0,0,0.4,3.271412764,3.53819135,4.625813824,0,273,455,5,2,2,1,1,0.096,world,2.23786077,11.53154524,16.5811947
536.152,sort,1,0,2,-0.09887640449,11.85348651,12.0038648,12.7090285,113,376,445,5,3,1,1,1,0.132,world,10.99987637,18.87702171,24.13017603
536.22,ours,1,0,0,0.4,3.267881299,3.539323155,4.635270216,0,273,455,5,2,2,1,1,0.024,world,2.229051366,11.53304232,16.58906405
536.22,ab3dmot,1,0,0,0.4,3.268412381,3.5364075,4.625528026,0,276,460,5,2,2,1,1,0.132,world,2.233638093,11.53127351,16.58415181
536.22,sort,1,0,2,-0.1,11.84825568,11.989749,12.70815399,115,380,450,5,3,1,1,1,0.1,world,10.97198912,18.87477776,24.14430686
536.3,ours,1,0,0,0.4,3.264428476,3.537421714,4.635235885,0,276,460,5,2,2,1,1,0.016,world,2.218716627,11.52885793,16.58773076
536.3,ab3dmot,1,0,0,0.4,3.264960528,3.534581985,4.625242228,0,279,465,5,2,2,1,1,0.212,world,2.223317977,11.52709207,16.58281792
536.3,sort,1,0,2,-0.1010989011,11.84302484,11.97561888,12.70727948,117,384,455,5,3,1,1,1,0.112,world,10.9412568,18.86676584,24.15051965
536.384,ours,1,0,0,0.4,3.261997411,3.535504258,4.635201554,0,279,465,5,2,2,1,1,0.032,world,2.211333564,11.52589873,16.58680957
536.384,ab3dmot,1,0,0,0.4,3.262530153,3.532739013,4.62495643,0,282,470,5,2,2,1,1,0.296,world,2.215945886,11.5241351,16.58189633
536.384,sort,1,0,2,-0.102173913,11.84194932,11.9615151,12.70640496,119,388,460,5,3,1,1,1,0.1,world,10.91365887,18.86153166,24.15950759
536.484,ours,1,0,0,0.4,3.258171857,3.533539218,4.635167223,0,282,470,5,2,2,1,1,0.04,world,2.199562228,11.52122472,16.58538756
536.484,ab3dmot,1,0,0,0.4,3.253345346,3.530752184,4.624670632,0,285,475,5,2,2,1,1,0.132,world,2.195564458,11.52304766,16.58935209
536.484,sort,1,0,2,-0.1032258065,11.8408738,11.94743488,12.70553045,121,392,465,5,3,1,1,1,0.132,world,10.88590321,18.85258409,24.16237866
536.548,ours,1,0,0,0.4,3.250446532,3.531461749,4.635132892,0,285,475,5,2,2,1,1,0.032,world,2.182272921,11.52146573,16.59154927
536.548,ab3dmot,1,0,0,0.4,3.252611331,3.528761729,4.624384834,0,288,480,5,2,2,1,1,0.064,world,2.184774974,11.51840939,16.58249814
536.548,sort,1,0,2,-0.1042553191,11.83648336,11.93343295,12.70465594,123,396,470,5,3,1,1,1,0.096,world,10.86265194,18.84750519,24.16875834
536.608,ours,1,0,0,0.4,3.249329946,3.529396671,4.63509856,0,288,480,5,2,2,1,1,0.008,world,2.177313522,11.51932942,16.58931624
536.608,ab3dmot,1,0,0,0.4,3.25189328,3.526784005,4.624099036,0,291,485,5,2,2,1,1,0.06,world,2.17898901,11.51647008,16.57894343
536.608,sort,1,0,3,-0.09894736842,11.83648336,11.94514355,12.72194268,123,399,475,5,2,2,1,1,0.092,world,10.85049464,18.84486271,24.17189416
536.7,ours,1,0,0,0.4,3.246020264,3.527286994,4.635064229,0,291,485,5,2,2,1,1,0.028,world,2.162907078,11.5136313,16.58434903
536.7,ab3dmot,1,0,0,0.4,3.249862277,3.524775098,4.623813237,0,294,490,5,2,2,1,1,0.084,world,2.16438052,11.51015566,16.57106857
536.7,sort,1,0,3,-0.09375,11.83648336,11.95598991,12.74061835,123,402,480,5,2,2,1,1,0.116,world,10.82936706,18.83689088,24.17213318
536.788,ours,1,0,0,0.4,3.244181582,3.525165877,4.635029898,0,294,490,5,2,2,1,1,0.024,world,2.152945461,11.50926516,16.57956368
536.788,ab3dmot,1,0,0,0.4,3.247741642,3.52274811,4.623527439,0,297,495,5,2,2,1,1,0.108,world,2.153981772,11.50613066,16.56721109
536.788,sort,1,0,3,-0.08865979381,11.83648336,11.96616018,12.74710639,123,405,485,5,2,2,1,1,0.14,world,10.81493751,18.83267723,24.17431421
536.868,ours,1,0,0,0.4,3.242303921,3.523024775,4.634995567,0,297,495,5,2,2,1,1,0.04,world,2.140204682,11.5055174,16.57420049
536.868,ab3dmot,1,0,0,0.4,3.246194425,3.520701247,4.623241641,0,300,500,5,2,2,1,1,0.088,world,2.140546722,11.50243353,16.56129301
536.868,sort,1,0,3,-0.08367346939,11.83648336,11.97580746,12.76991197,123,408,490,5,2,2,1,1,0.12,world,10.80181117,18.8300492,24.1783591
536.952,ours,1,0,0,0.4,3.238230475,3.520825149,4.634961236,0,300,500,5,2,2,1,1,0.048,world,2.123017015,11.49978451,16.56984173
536.952,ab3dmot,1,0,0,0.4,3.241708918,3.518591426,4.623061905,0,303,505,5,2,2,1,1,0.104,world,2.12394231,11.49700347,16.55865663
536.952,sort,1,0,3,-0.07878787879,11.83648336,11.98472502,13.58015695,123,411,495,5,2,2,1,1,0.14,world,10.78065792,18.82123471,24.17755822
537.012,ours,1,0,0,0.4,3.236899722,3.518635407,4.634941566,0,303,505,5,2,2,1,1,0.012,world,2.117383271,11.49782334,16.56756599
537.012,ab3dmot,1,0,0,0.4,3.240335368,3.516489947,4.622988232,0,306,510,5,2,2,1,1,0.068,world,2.118570758,11.49521579,16.55610608
537.012,sort,1,0,3,-0.074,11.83648336,11.99326438,13.72330031,123,414,500,5,2,2,1,1,0.1,world,10.76766287,18.82046808,24.18480922
537.092,ours,1,0,0,0.4,3.22951255,3.516351716,4.634936558,0,306,510,5,2,2,1,1,0.016,world,2.100269637,11.49416156,16.56986323
537.092,ab3dmot,1,0,0,0.4,3.231170624,3.514269061,4.622914558,0,309,515,5,2,2,1,1,0.08,world,2.100019975,11.49427735,16.56208688
537.092,sort,1,0,3,-0.06930693069,11.83648336,12.00115007,13.72483984,123,417,505,5,2,2,1,1,0.112,world,10.74543015,18.81158556,24.18454005
537.16,ours,1,0,0,0.4,3.22951255,3.514122824,4.63493155,0,309,515,5,2,2,1,1,0.028,world,2.091284012,11.48736576,16.55547858
537.16,ab3dmot,1,0,0,0.4,3.231170624,3.512270596,4.622840884,0,312,520,5,2,2,1,1,0.084,world,2.102938771,11.47777766,16.5264797
537.16,sort,1,0,3,-0.06470588235,11.83648336,12.0085357,13.72907497,123,420,510,5,2,2,1,1,0.116,world,10.72895547,18.80614422,24.1862209
537.22,ours,1,0,0,0.4,3.22951255,3.512085575,4.634926542,0,312,520,5,2,2,1,1,0.02,world,2.100131723,11.47610908,16.53161515
537.22,ab3dmot,1,0,0,0.4,3.231170624,3.510392857,4.622767211,0,315,525,5,2,2,1,1,0.076,world,2.108412258,11.47019319,16.51303169
537.22,sort,1,0,3,-0.06019417476,11.83648336,12.02231792,13.73311747,123,423,515,5,2,2,1,1,0.112,world,11.3927617,19.10267313,24.26710754
537.3,ours,1,0,0,0.4,3.22951255,3.510016567,4.634921534,0,315,525,5,2,2,1,1,0.012,world,2.086887808,11.4700057,16.52391222
537.3,ab3dmot,1,0,0,0.4,3.231170624,3.508478886,4.622693537,0,318,530,5,2,2,1,1,0.056,world,2.096518443,11.4655271,16.50464426
537.3,sort,1,0,3,-0.05576923077,11.83648336,12.03578873,13.73744207,123,426,520,5,2,2,1,1,0.124,world,11.4254761,19.11853656,24.2681712
537.38,ours,1,0,0,0.4,3.22951255,3.507939324,4.634916526,0,318,530,5,2,2,1,1,0.008,world,2.077899067,11.4659767,16.51860981
537.38,ab3dmot,1,0,0,0.4,3.231170624,3.50653446,4.622619863,0,321,535,5,2,2,1,1,0.072,world,2.087403765,11.46298434,16.50289439
537.38,sort,0.9791666667,2,3,-0.05523809524,11.84194932,12.04530698,13.73662533,123,429,525,5,2,2,1,1,0.104,world,11.51181393,18.86467902,23.70016369
537.46,ours,1,0,0,0.4,3.22951255,3.505846845,4.634911518,0,321,535,5,2,2,1,1,0.04,world,2.068847999,11.46246486,16.51478068
537.46,ab3dmot,1,0,0,0.4,3.231170624,3.504560347,4.62254619,0,324,540,5,2,2,1,1,0.12,world,2.077121257,11.45964161,16.50136776
537.46,sort,0.9591836735,2,3,-0.05094339623,11.84825568,12.0547586,13.73580859,123,432,530,5,2,2,1,1,0.12,world,11.55110255,18.86450996,23.66901114
537.532,ours,1,0,0,0.4,3.22951255,3.503727574,4.63490651,0,324,540,5,2,2,1,1,0.032,world,2.057916778,11.45847003,16.51384491
537.532,ab3dmot,1,0,0,0.4,3.231170624,3.502557597,4.622472516,0,327,545,5,2,2,1,1,0.192,world,2.066230187,11.45565753,16.50043105
537.532,sort,0.94,2,3,-0.04672897196,11.85380104,12.0641863,13.73499185,123,435,535,5,2,2,1,1,0.124,world,11.5938696,18.8649884,23.6364113
537.6,ours,1,0,0,0.4,3.22951255,3.50158239,4.634901502,0,327,545,5,2,2,1,1,0.024,world,2.046948693,11.45448356,16.51292851
537.6,ab3dmot,1,0,0,0.4,3.231170624,3.500527135,4.622398843,0,330,550,5,2,2,1,1,0.26,world,2.055302877,11.45168196,16.49951376
537.6,sort,0.9215686275,2,3,-0.04259259259,11.86023315,12.07355999,13.7344502,123,438,540,5,2,2,1,1,0.128,world,11.63360183,18.86514318,23.60554997
537.7,ours,1,0,0,0.4,3.22951255,3.499429621,4.634896494,0,330,550,5,2,2,1,1,0.036,world,2.031368295,11.44756046,16.49709023
537.7,ab3dmot,1,0,0,0.4,3.231170624,3.498436531,4.622312921,0,333,555,5,2,2,1,1,0.096,world,2.034409916,11.44716501,16.48976112
537.7,sort,0.9038461538,2,3,-0.03853211009,11.86639356,12.08308349,13.73418366,123,441,545,5,2,2,1,1,0.128,world,11.69699837,18.86623253,23.55797809
537.76,ours,1,0,0,0.4,3.228218761,3.497279669,4.634872485,0,333,555,5,2,2,1,1,0.028,world,2.025065706,11.4462847,16.49548665
537.76,ab3dmot,1,0,0,0.4,3.228996263,3.4963291,4.62221475,0,336,560,5,2,2,1,1,0.088,world,2.026661568,11.44683773,16.49102138
537.76,sort,0.8867924528,2,3,-0.03454545455,11.87393571,12.09271339,13.73391711,123,444,550,5,2,2,1,1,0.12,world,11.7472481,18.87120492,23.52845461
537.824,ours,1,0,0,0.4,3.223911379,3.495089308,4.634829474,0,336,560,5,2,2,1,1,0.024,world,2.012607872,11.44417995,16.49502213
537.824,ab3dmot,1,0,0,0.4,3.223589786,3.494167117,4.62211658,0,339,565,5,2,2,1,1,0.088,world,2.01332395,11.44512003,16.49365145
537.824,sort,0.8703703704,2,3,-0.03063063063,11.88383383,12.10257627,13.73365056,123,447,555,5,2,2,1,1,0.088,world,11.81494408,18.87625391,23.48541809
537.9,ours,1,0,0,0.4,3.220280853,3.492864889,4.634786463,0,339,565,5,2,2,1,1,0.024,world,1.99937913,11.44097217,16.49416566
537.9,ab3dmot,1,0,0,0.4,3.218416158,3.491947197,4.622018409,0,342,570,5,2,2,1,1,0.064,world,1.99701339,11.44275104,16.4957402
537.9,sort,0.8545454545,2,3,-0.02678571429,11.89303232,12.11242894,13.73338401,123,450,560,5,2,2,1,1,0.096,world,11.85953046,18.87787493,23.45368163
537.984,ours,1,0,0,0.4,3.215211043,3.490580414,4.634743452,0,342,570,5,2,2,1,1,0.02,world,1.981241753,11.4358784,16.49319377
537.984,ab3dmot,1,0,0,0.4,3.212820005,3.489659167,4.621920239,0,345,575,5,2,2,1,1,0.084,world,1.977584926,11.437739,16.49607667
537.984,sort,0.8571428571,4,3,-0.02654867257,11.89724221,12.12235587,13.73311747,123,453,565,5,2,2,1,1,0.116,world,11.89465243,18.875577,23.42152903
538.068,ours,1,0,0,0.4,3.212037625,3.488268234,4.634700441,0,345,575,5,2,2,1,1,0.032,world,1.967611694,11.4323576,16.49176809
538.068,ab3dmot,1,0,0,0.4,3.209784764,3.487346071,4.621822068,0,348,580,5,2,2,1,1,0.132,world,1.964318094,11.43388928,16.4949243
538.068,sort,0.8596491228,4,3,-0.02280701754,11.9199364,12.13222588,13.73285092,123,456,570,5,2,2,1,1,0.132,world,11.94004079,18.87778013,23.39031269
538.168,ours,1,0,0,0.4,3.20775004,3.485912647,4.63465743,0,348,580,5,2,2,1,1,0.036,world,1.951771651,11.42685411,16.4906999
538.168,ab3dmot,1,0,0,0.4,3.205147751,3.484980623,4.621723898,0,351,585,5,2,2,1,1,0.2,world,1.946006539,11.42847822,16.49400155
538.168,sort,0.8620689655,4,3,-0.01913043478,11.95724218,12.14218641,13.73258437,123,459,575,5,2,2,1,1,0.132,world,12.00721328,18.88133608,23.34470207
538.232,ours,1,0,0,0.4,3.206012255,3.483553194,4.634614419,0,351,585,5,2,2,1,1,0.016,world,1.941237132,11.42528527,16.4891102
538.232,ab3dmot,1,0,0,0.4,3.20357194,3.482609445,4.621625728,0,354,590,5,2,2,1,1,0.164,world,1.933888049,11.42646265,16.49210197
538.232,sort,0.8644067797,4,3,-0.01551724138,11.99082842,12.15241863,13.73231783,123,462,580,5,2,2,1,1,0.1,world,12.08428427,18.89157848,23.30476973
538.272,ours,1,0,0,0.4,3.204291195,3.481177866,4.634571408,0,354,590,5,2,2,1,1,0.008,world,1.925429122,11.42090043,16.48421476
538.272,ab3dmot,1,0,0,0.4,3.203305044,3.480236737,4.621527557,0,357,595,5,2,2,1,1,0.112,world,1.917898633,11.42092929,16.48402984
538.272,sort,0.8666666667,4,3,-0.01196581197,12.02877474,12.16261065,13.73205128,123,465,585,5,2,2,1,1,0.08,world,12.0744443,18.87184196,23.2742483
538.332,ours,1,0,0,0.4,3.204291195,3.478825204,4.634528398,0,357,595,5,2,2,1,1,0.012,world,1.917751061,11.41819078,16.47907333
538.332,ab3dmot,1,0,0,0.4,3.203305044,3.4778929,4.621429387,0,360,600,5,2,2,1,1,0.1,world,1.910256768,11.41767261,16.47761048
538.332,sort,0.868852459,4,3,-0.008474576271,12.06304219,12.17260034,13.73160211,123,468,590,5,2,2,1,1,0.1,world,12.06679107,18.86143085,23.25987176
538.364,ours,1,0,0,0.4,3.204291195,3.476492488,4.634485387,0,360,600,5,2,2,1,1,0.012,world,1.910395662,11.41576484,16.47475143
538.364,ab3dmot,1,0,0,0.4,3.203305044,3.475565719,4.621248406,0,363,605,5,2,2,1,1,0.1,world,1.904346346,11.41566922,16.47538384
538.364,sort,0.8709677419,4,3,-0.005042016807,12.08001623,12.18266278,13.73097033,123,471,595,5,2,2,1,1,0.064,world,12.05750336,18.84300681,23.23129033
538.4,ours,1,0,0,0.4,3.203736684,3.474176371,4.634428215,0,363,605,5,2,2,1,1,0.004,world,1.904327655,11.41379743,16.47232698
538.4,ab3dmot,1,0,0,0.4,3.203305044,3.473260051,4.620984616,0,366,610,5,2,2,1,1,0.068,world,1.897868035,11.41347216,16.47102011
538.4,sort,0.873015873,4,3,-0.001666666667,12.09371095,12.19231379,13.73033854,123,474,600,5,2,2,1,1,0.1,world,12.05145488,18.83967096,23.22932383
538.46,ours,1,0,0,0.4,3.201533314,3.471851388,4.634356884,0,366,610,5,2,2,1,1,0.032,world,1.893570054,11.41036363,16.47033265
538.46,ab3dmot,1,0,0,0.4,3.201280696,3.470947374,4.620720825,0,369,615,5,2,2,1,1,0.096,world,1.887472989,11.40993104,16.46894931
538.46,sort,0.875,4,3,0.001652892562,12.09371095,12.19569862,13.72970676,123,477,605,5,2,2,1,1,0.096,world,11.42386192,18.57650495,23.20101142
538.496,ours,1,0,0,0.4,3.20112028,3.469544536,4.634285552,0,369,615,5,2,2,1,1,0,world,1.887154583,11.40837996,16.46717217
538.496,ab3dmot,1,0,0,0.4,3.200563201,3.468652093,4.620457034,0,372,620,5,2,2,1,1,0.1,world,1.88217718,11.40805324,16.46707075
538.496,sort,0.8769230769,4,3,0.004918032787,12.09371095,12.19819732,13.72907497,123,480,610,5,2,2,1,1,0.068,world,11.31874469,18.52074626,23.1742738
538.528,ours,1,0,0,0.4,3.20043889,3.467255166,4.634214221,0,372,620,5,2,2,1,1,0.028,world,1.881784286,11.40651152,16.46522905
538.528,ab3dmot,1,0,0,0.4,3.200019058,3.466376154,4.620193243,0,375,625,5,2,2,1,1,0.1,world,1.877206348,11.40610536,16.46492462
538.528,sort,0.8787878788,4,3,0.008130081301,12.09371095,12.20053975,13.72844319,123,483,615,5,2,2,1,1,0.1,world,11.31300742,18.5178796,23.17295825
538.576,ours,1,0,0,0.4,3.199823266,3.464983619,4.634142889,0,375,625,5,2,2,1,1,0.012,world,1.876463932,11.40466617,16.46314381
538.576,ab3dmot,1,0,0,0.4,3.200019058,3.464126322,4.619929453,0,378,630,5,2,2,1,1,0.08,world,1.872137455,11.40378987,16.46072238
538.576,sort,0.8805970149,4,3,0.01129032258,12.09371095,12.20232409,13.7278114,123,486,620,5,2,2,1,1,0.08,world,11.24581136,18.47620737,23.14476945
538.6,ours,1,0,0,0.4,3.19971009,3.46273221,4.634071557,0,378,630,5,2,2,1,1,0,world,1.870218571,11.40245368,16.4597362
538.6,ab3dmot,1,0,0,0.4,3.199621538,3.461892722,4.619665662,0,381,635,5,2,2,1,1,0.072,world,1.866597058,11.40180825,16.45901827
538.6,sort,0.8676470588,6,3,0.0112,12.09371095,12.20229854,13.72717962,123,489,625,5,2,2,1,1,0.072,world,11.09518771,18.40679137,23.13090931
538.66,ours,1,0,0,0.4,3.198535635,3.46049412,4.634000226,0,381,635,5,2,2,1,1,0.008,world,1.865594887,11.40092808,16.45950648
538.66,ab3dmot,1,0,0,0.4,3.199005562,3.4596769,4.619401871,0,384,640,5,2,2,1,1,0.096,world,1.861822095,11.40005763,16.45718778
538.66,sort,0.8686131387,7,3,0.01111111111,12.08428427,12.19388832,13.72686373,123,493,630,5,1,1,1,1,0.096,world,10.99030384,18.65768078,23.66974332
538.696,ours,1,0,0,0.4,3.198139243,3.458274621,4.633928894,0,384,640,5,2,2,1,1,0.016,world,1.860215368,11.39915168,16.45686711
538.696,ab3dmot,1,0,0,0.4,3.19781819,3.457474122,4.619138081,0,387,645,5,2,2,1,1,0.068,world,1.857463972,11.39879438,16.45676401
538.696,sort,0.8695652174,7,3,0.0125984252,12.08001623,12.18508652,13.72654783,123,497,635,5,1,1,1,1,0.1,world,10.91233463,18.67398487,23.7547873
538.748,ours,1,0,0,0.4,3.195846653,3.456047862,4.633857563,0,387,645,5,2,2,1,1,0.044,world,1.850909209,11.39635303,16.45632115
538.748,ab3dmot,1,0,0,0.4,3.195577489,3.455265173,4.61887429,0,390,650,5,2,2,1,1,0.12,world,1.848542497,11.3958821,16.45635564
538.748,sort,0.8705035971,7,3,0.0140625,12.07574819,12.17633684,13.72623194,123,501,640,5,1,1,1,1,0.152,world,10.90173473,18.66910807,23.75310597
538.792,ours,1,0,0,0.4,3.194654286,3.453832078,4.633786231,0,390,650,5,2,2,1,1,0.008,world,1.8455214,11.3951937,16.45573522
538.792,ab3dmot,1,0,0,0.4,3.194041247,3.453065072,4.618738713,0,393,655,5,2,2,1,1,0.096,world,1.843790422,11.39498185,16.45672939
538.792,sort,0.8714285714,7,3,0.01550387597,12.06304219,12.16693904,13.72591605,123,505,645,5,1,1,1,1,0.096,world,10.78123107,18.69854621,23.89143133
538.828,ours,1,0,0,0.4,3.19368078,3.451630892,4.633749822,0,393,655,5,2,2,1,1,0.028,world,1.841058691,11.39389752,16.45504568
538.828,ab3dmot,1,0,0,0.4,3.192992638,3.450879401,4.618731351,0,396,660,5,2,2,1,1,0.1,world,1.839740939,11.39377957,16.45627624
538.828,sort,0.8723404255,7,3,0.01692307692,12.05033619,12.15763552,13.72560016,123,509,650,5,1,1,1,1,0.132,world,10.77615424,18.6962797,23.89075203
538.876,ours,1,0,0,0.4,3.192871916,3.449445912,4.633748337,0,396,660,5,2,2,1,1,0.004,world,1.836818685,11.39256303,16.45404615
538.876,ab3dmot,1,0,0,0.4,3.192753846,3.44871552,4.618723989,0,399,665,5,2,2,1,1,0.084,world,1.835942755,11.39218538,16.45389958
538.876,sort,0.8732394366,7,3,0.01832061069,12.02877474,12.1479109,13.72549154,123,513,655,5,1,1,1,1,0.084,world,10.68853046,18.72006194,23.99628729
538.924,ours,1,0,0,0.4,3.191690748,3.447264578,4.633746851,0,399,665,5,2,2,1,1,0.024,world,1.828109845,11.3895866,16.45134274
538.924,ab3dmot,1,0,0,0.4,3.191156301,3.44655245,4.618716627,0,402,670,5,2,2,1,1,0.1,world,1.82781299,11.38944714,16.45241047
538.924,sort,0.8741258741,7,3,0.0196969697,12.00721328,12.13808962,13.72538292,123,517,660,5,1,1,1,1,0.1,world,10.65192107,18.72586343,24.03310983
538.968,ours,1,0,0,0.4,3.19136518,3.44510326,4.633745366,0,402,670,5,2,2,1,1,0.008,world,1.823897855,11.38802301,16.44944127
538.968,ab3dmot,1,0,0,0.4,3.190986721,3.444410949,4.618709265,0,405,675,5,2,2,1,1,0.108,world,1.823906664,11.38779777,16.45021446
538.968,sort,0.875,7,3,0.02105263158,12.00682812,12.12814264,13.72527431,123,521,665,5,1,1,1,1,0.076,world,10.61014311,18.73548856,24.08014388
539,ours,1,0,0,0.4,3.19136518,3.442966573,4.63374388,0,405,675,5,2,2,1,1,0.008,world,1.819745817,11.3862703,16.44608501
539,ab3dmot,1,0,0,0.4,3.190986721,3.4422969,4.618701903,0,408,680,5,2,2,1,1,0.076,world,1.82030035,11.38593473,16.44633892
539,sort,0.875862069,7,3,0.0223880597,12.00644295,12.11818752,13.72516569,123,525,670,5,1,1,1,1,0.076,world,10.5873707,18.74108173,24.10723251
539.056,ours,1,0,0,0.4,3.19136518,3.440852047,4.633742394,0,408,680,5,2,2,1,1,0,world,1.815891595,11.3846044,16.44379832
539.056,ab3dmot,1,0,0,0.4,3.190986721,3.440207038,4.618694541,0,411,685,5,2,2,1,1,0.096,world,1.816760459,11.38412868,16.44363061
539.056,sort,0.8767123288,7,3,0.0237037037,11.99044326,12.1082324,13.72505707,123,529,675,5,1,1,1,1,0.096,world,10.56591897,18.7459423,24.13196677
539.1,ours,1,0,0,0.4,3.19136518,3.438764923,4.633740909,0,411,685,5,2,2,1,1,0.008,world,1.812285409,11.38260528,16.4402063
539.1,ab3dmot,1,0,0,0.4,3.190986721,3.438147411,4.618687179,0,414,690,5,2,2,1,1,0.076,world,1.81368363,11.38194156,16.43957529
539.1,sort,0.8775510204,7,3,0.025,11.97444356,12.09823484,13.72494846,123,533,680,5,1,1,1,1,0.076,world,10.53728923,18.75264035,24.16498847
539.156,ours,1,0,0,0.4,3.190379851,3.436678446,4.633739423,0,414,690,5,2,2,1,1,0.02,world,1.805122866,11.38039718,16.44004103
539.156,ab3dmot,1,0,0,0.4,3.190986721,3.436098141,4.618679817,0,417,695,5,2,2,1,1,0.1,world,1.806899835,11.37899964,16.43698634
539.156,sort,0.8783783784,7,3,0.02627737226,11.95724218,12.08826312,13.72483984,123,537,685,5,1,1,1,1,0.1,world,10.52010068,18.75344525,24.17952916
539.192,ours,1,0,0,0.4,3.190379851,3.434624096,4.633737938,0,417,695,5,2,2,1,1,0.004,world,1.802001219,11.378101,16.43564863
539.192,ab3dmot,1,0,0,0.4,3.190986721,3.434084644,4.618672455,0,420,700,5,2,2,1,1,0.068,world,1.804909804,11.3764995,16.43238556
539.192,sort,0.8791946309,7,3,0.02753623188,11.94004079,12.07834267,13.72473122,123,541,690,5,1,1,1,1,0.1,world,10.50734479,18.75564992,24.19344321
539.248,ours,1,0,0,0.4,3.190379851,3.432580395,4.633736452,0,420,700,5,2,2,1,1,0.036,world,1.795945313,11.3755741,16.43376657
539.248,ab3dmot,1,0,0,0.4,3.190986721,3.432073109,4.618507557,0,423,705,5,2,2,1,1,0.124,world,1.798299702,11.37450482,16.43229152
539.248,sort,0.88,7,3,0.02877697842,11.9199364,12.06850106,13.72462261,123,545,695,5,1,1,1,1,0.156,world,10.49951447,18.75272108,24.19344898
539.288,ours,1,0,0,0.4,3.190379851,3.430572754,4.633703108,0,423,705,5,2,2,1,1,0,world,1.793932457,11.37313984,16.42917965
539.288,ab3dmot,1,0,0,0.4,3.190986721,3.430101624,4.618185122,0,426,710,5,2,2,1,1,0.1,world,1.796940499,11.37174606,16.42704137
539.288,sort,0.880794702,7,3,0.03,11.899832,12.0586025,13.72451399,123,549,700,5,1,1,1,1,0.068,world,10.46835019,18.76072577,24.23169221
539.332,ours,1,0,0,0.4,3.190379851,3.42858848,4.633637905,0,426,710,5,2,2,1,1,0.032,world,1.791478134,11.3716623,16.4275491
539.332,ab3dmot,1,0,0,0.4,3.190986721,3.42815377,4.617862686,0,429,715,5,2,2,1,1,0.112,world,1.794768635,11.37021611,16.42543156
539.332,sort,0.8815789474,7,3,0.03120567376,11.89724221,12.04880544,13.72440537,123,553,705,5,1,1,1,1,0.112,world,10.46471453,18.75944143,24.23183677
539.388,ours,1,0,0,0.4,3.190379851,3.426619445,4.633572703,0,429,715,5,2,2,1,1,0.02,world,1.786222414,11.36916131,16.42517764
539.388,ab3dmot,1,0,0,0.4,3.190986721,3.426234119,4.617540251,0,432,720,5,2,2,1,1,0.1,world,1.790865819,11.3667199,16.42056831
539.388,sort,0.8823529412,7,3,0.0323943662,11.89465243,12.039024,13.72429676,123,557,710,5,1,1,1,1,0.1,world,10.44628443,18.76076975,24.24805179
539.412,ours,1,0,0,0.4,3.190379851,3.424699447,4.6335075,0,432,720,5,2,2,1,1,0.012,world,1.788152178,11.36755457,16.42049967
539.412,ab3dmot,1,0,0,0.4,3.190986721,3.424354804,4.617217816,0,435,725,5,2,2,1,1,0.092,world,1.792379625,11.36573447,16.41764304
539.412,sort,0.8831168831,7,3,0.03356643357,11.89044253,12.02930127,13.72418814,123,561,715,5,1,1,1,1,0.092,world,10.43554396,18.76414095,24.26165386
539.472,ours,1,0,0,0.4,3.190379851,3.422797978,4.633442297,0,435,725,5,2,2,1,1,0.02,world,1.78382319,11.3650652,16.41783462
539.472,ab3dmot,1,0,0,0.4,3.190986721,3.4225102,4.616895381,0,438,730,5,2,2,1,1,0.084,world,1.789661682,11.36202866,16.41171193
539.472,sort,0.8838709677,7,3,0.03472222222,11.88623263,12.01953356,13.72407952,123,565,720,5,1,1,1,1,0.084,world,10.40645305,18.76936314,24.2913072
539.5,ours,1,0,0,0.4,3.190379851,3.420939292,4.633377095,0,438,730,5,2,2,1,1,0.004,world,1.783361831,11.36227723,16.41224005
539.5,ab3dmot,1,0,0,0.4,3.190986721,3.420714556,4.616572945,0,441,735,5,2,2,1,1,0.048,world,1.789838261,11.35863723,16.4048288
539.5,sort,0.8846153846,7,3,0.03586206897,11.88383383,12.00974953,13.72397091,123,569,725,5,1,1,1,1,0.048,world,10.38234547,18.77544224,24.31908502
539.556,ours,1,0,0,0.4,3.190379851,3.419111177,4.633311892,0,441,735,5,2,2,1,1,0.016,world,1.782079009,11.36041743,16.40914869
539.556,ab3dmot,1,0,0,0.4,3.190986721,3.418955177,4.61625051,0,444,740,5,2,2,1,1,0.068,world,1.788636804,11.35608282,16.40018257
539.556,sort,0.8853503185,7,3,0.03698630137,11.88143503,12.00006436,13.72386229,123,573,730,5,1,1,1,1,0.104,world,10.37908673,18.77470682,24.3199874
539.604,ours,1,0,0,0.4,3.190379851,3.417336555,4.633246689,0,444,740,5,2,2,1,1,0.004,world,1.782133734,11.35662233,16.40093643
539.604,ab3dmot,1,0,0,0.4,3.190986721,3.417255426,4.615928075,0,447,745,5,2,2,1,1,0.052,world,1.789318784,11.35173479,16.39052817
539.604,sort,0.8860759494,7,3,0.0380952381,11.87393571,11.99035777,13.72375367,123,577,735,5,1,1,1,1,0.084,world,10.35416925,18.7815275,24.34967368
539.7,ours,1,0,0,0.4,3.190379851,3.415598401,4.633181487,0,447,745,5,2,2,1,1,0.036,world,1.777606943,11.35168062,16.39327426
539.7,ab3dmot,1,0,0,0.4,3.190986721,3.415593387,4.615605639,0,450,750,5,2,2,1,1,0.084,world,1.783519425,11.34601432,16.38184701
539.7,sort,0.8867924528,7,3,0.03918918919,11.86643639,11.98061218,13.72364506,123,581,740,5,1,1,1,1,0.116,world,10.32591421,18.78694351,24.3790978
539.78,ours,1,0,0,0.4,3.190379851,3.41392599,4.633116284,0,450,750,5,2,2,1,1,0.028,world,1.775386324,11.34519575,16.38040066
539.78,ab3dmot,1,0,0,0.4,3.190986721,3.414000687,4.615435916,0,453,755,5,2,2,1,1,0.064,world,1.781262005,11.33906061,16.36773344
539.78,sort,0.8875,7,3,0.04026845638,11.86639356,11.97078607,13.72353644,123,585,745,5,1,1,1,1,0.096,world,10.28976218,18.7977358,24.42378964
539.868,ours,1,0,0,0.4,3.190379851,3.412299176,4.633040926,0,453,755,5,2,2,1,1,0.04,world,1.772075854,11.34027241,16.37147187
539.868,ab3dmot,1,0,0,0.4,3.190986721,3.412458078,4.615418904,0,456,760,5,2,2,1,1,0.084,world,1.776886193,11.33326966,16.35675076
539.868,sort,0.8881987578,7,3,0.04133333333,11.86635074,11.96093002,13.72342782,123,589,750,5,1,1,1,1,0.116,world,10.26276302,18.80509439,24.45590869
539.948,ours,1,0,0,0.4,3.190379851,3.410738719,4.632955414,0,456,760,5,2,2,1,1,0.04,world,1.771947693,11.33488434,16.35928679
539.948,ab3dmot,1,0,0,0.4,3.190986721,3.410956587,4.615401891,0,459,765,5,2,2,1,1,0.1,world,1.776113988,11.33027184,16.35016378
539.948,sort,0.8888888889,7,3,0.04238410596,11.86023315,11.95106627,13.72340232,123,593,755,5,1,1,1,1,0.132,world,10.23983498,18.8127412,24.48573009
540,ours,1,0,0,0.4,3.190379851,3.409235839,4.632869901,0,459,765,5,2,2,1,1,0,world,1.772300675,11.33083277,16.34921025
540,ab3dmot,1,0,0,0.4,3.190986721,3.409533972,4.615384879,0,462,770,5,2,2,1,1,0.052,world,1.778316866,11.32487282,16.33475945
540,sort,0.8895705521,7,3,0.04342105263,11.85411557,11.94186652,13.72337682,123,597,760,5,1,1,1,1,0.084,world,10.34403774,18.75720423,24.31968602
540.08,ours,1,0,0,0.4,3.190379851,3.407766075,4.632784389,0,462,770,5,2,2,1,1,0.016,world,1.771928326,11.32910057,16.34509966
540.08,ab3dmot,1,0,0,0.4,3.190986721,3.408122948,4.615367867,0,465,775,5,2,2,1,1,0.132,world,1.776353214,11.32463064,16.33526696
540.08,sort,0.8902439024,7,3,0.04444444444,11.85380104,11.9327016,13.72335131,123,601,765,5,1,1,1,1,0.1,world,10.33071024,18.76031658,24.33516377
540.144,ours,1,0,0,0.4,3.190379851,3.406309943,4.632698876,0,465,775,5,2,2,1,1,0.032,world,1.770371964,11.32894974,16.34566189
540.144,ab3dmot,1,0,0,0.4,3.190986721,3.406724762,4.615350855,0,468,780,5,2,2,1,1,0.196,world,1.77480124,11.3244812,16.33582947
540.144,sort,0.8909090909,7,3,0.04545454545,11.85348651,11.92363181,13.72332581,123,605,770,5,1,1,1,1,0.164,world,10.32898882,18.76080542,24.33779781
540.188,ours,1,0,0,0.4,3.190379851,3.404911675,4.632613364,0,468,780,5,2,2,1,1,0.008,world,1.772894584,11.32596103,16.33635326
540.188,ab3dmot,1,0,0,0.4,3.190986721,3.405382923,4.615333842,0,471,785,5,2,2,1,1,0.176,world,1.777471763,11.32177374,16.32645309
540.188,sort,0.8915662651,7,3,0.0464516129,11.84825568,11.91488353,13.72330031,123,609,775,5,1,1,1,1,0.076,world,10.37084046,18.73788736,24.26998367
540.24,ours,1,0,0,0.4,3.190379851,3.403552208,4.632527851,0,471,785,5,2,2,1,1,0.028,world,1.774066779,11.3243582,16.33121087
540.24,ab3dmot,1,0,0,0.4,3.190986721,3.404099375,4.61531683,0,474,790,5,2,2,1,1,0.16,world,1.78031266,11.31902145,16.31610143
540.24,sort,0.8922155689,7,3,0.04743589744,11.84302484,11.90620983,13.72327481,123,613,780,5,1,1,1,1,0.092,world,10.36626292,18.73885937,24.27534792
540.3,ours,1,0,0,0.4,3.190379851,3.40224877,4.632442339,0,474,790,5,2,2,1,1,0.02,world,1.776281717,11.32167292,16.32186234
540.3,ab3dmot,1,0,0,0.4,3.190986721,3.402886969,4.615299818,0,477,795,5,2,2,1,1,0.12,world,1.783603951,11.31559122,16.30203296
540.3,sort,0.8928571429,7,3,0.04840764331,11.84194932,11.89761099,13.7232493,123,617,785,5,1,1,1,1,0.12,world,10.36198496,18.74055536,24.28185408
540.372,ours,1,0,0,0.4,3.190379851,3.401038186,4.632356826,0,477,795,5,2,2,1,1,0.036,world,1.781664337,11.31674594,16.30358875
540.372,ab3dmot,1,0,0,0.4,3.190986721,3.401737765,4.615282806,0,480,800,5,2,2,1,1,0.092,world,1.787082648,11.31298459,16.29030732
540.372,sort,0.8934911243,7,3,0.04936708861,11.8408738,11.88906999,13.7232238,123,621,790,5,1,1,1,1,0.132,world,10.35464909,18.74291079,24.29201839
540.444,ours,1,0,0,0.4,3.190379851,3.399899615,4.632271314,0,480,800,5,2,2,1,1,0.04,world,1.785852523,11.31344945,16.29039099
540.444,ab3dmot,1,0,0,0.4,3.190986721,3.400635913,4.615247418,0,483,805,5,2,2,1,1,0.1,world,1.789436277,11.31145875,16.28262844
540.444,sort,0.8941176471,7,3,0.05031446541,11.83648336,11.88084627,13.7231983,123,625,795,5,1,1,1,1,0.132,world,10.39802296,18.7254202,24.23085082
540.508,ours,1,0,0,0.4,3.190379851,3.398822429,4.63210409,0,483,805,5,2,2,1,1,0.016,world,1.790290159,11.31153051,16.27983607
540.508,ab3dmot,1,0,0,0.4,3.190986721,3.399584336,4.615193657,0,486,810,5,2,2,1,1,0.064,world,1.793318136,11.31063463,16.27425176
540.508,sort,0.8947368421,7,3,0.05125,11.83209291,11.87281672,13.7231728,123,629,800,5,1,1,1,1,0.1,world,10.41822737,18.71685361,24.20156803
540.6,ours,1,0,0,0.4,3.190379851,3.397776345,4.631855157,0,486,810,5,2,2,1,1,0.024,world,1.792724236,11.31163032,16.27720261
540.6,ab3dmot,1,0,0,0.4,3.190986721,3.398560428,4.615139895,0,489,815,5,2,2,1,1,0.124,world,1.795702595,11.31108151,16.27230499
540.6,sort,0.8953488372,7,3,0.05217391304,11.83041281,11.86486996,13.7231473,123,633,805,5,1,1,1,1,0.124,world,10.41720088,18.71791056,24.20502697
540.68,ours,1,0,0,0.4,3.190379851,3.396747805,4.631606223,0,489,815,5,2,2,1,1,0.016,world,1.793976349,11.31257653,16.27815032
540.68,ab3dmot,1,0,0,0.4,3.190986721,3.397553698,4.615086133,0,492,820,5,2,2,1,1,0.204,world,1.796953033,11.31202738,16.27325299
540.68,sort,0.8959537572,7,3,0.05308641975,11.8287327,11.85700148,13.72312179,123,637,810,5,1,1,1,1,0.104,world,10.41555723,18.71857611,24.20851014
540.764,ours,1,0,0,0.4,3.190379851,3.395741398,4.631357289,0,492,820,5,2,2,1,1,0.028,world,1.796565869,11.31425708,16.27967073
540.764,ab3dmot,1,0,0,0.4,3.190986721,3.396568712,4.615032371,0,495,825,5,2,2,1,1,0.288,world,1.799538895,11.31370715,16.27477387
540.764,sort,0.8965517241,7,3,0.05398773006,11.82494934,11.84932109,13.72309629,123,641,815,5,1,1,1,1,0.128,world,10.4358814,18.71449883,24.18455433
540.852,ours,1,0,0,0.4,3.190379851,3.394835954,4.631108355,0,495,825,5,2,2,1,1,0.048,world,1.809797294,11.31166813,16.26264283
540.852,ab3dmot,1,0,0,0.4,3.190986721,3.395665188,4.614978609,0,498,830,5,2,2,1,1,0.112,world,1.814835393,11.31428139,16.26310491
540.852,sort,0.8971428571,7,3,0.05487804878,11.82116598,11.8417821,13.72307079,123,645,820,5,1,1,1,1,0.144,world,10.44749762,18.71249726,24.17140028
540.916,ours,1,0,0,0.4,3.190379851,3.393996753,4.630859421,0,498,830,5,2,2,1,1,0.016,world,1.816624777,11.31031341,16.25219229
540.916,ab3dmot,1,0,0,0.4,3.190986721,3.394824311,4.614924847,0,501,835,5,2,2,1,1,0.076,world,1.820363202,11.31261828,16.25322345
540.916,sort,0.8977272727,7,3,0.05575757576,11.81908531,11.8343725,13.72304529,123,649,825,5,1,1,1,1,0.112,world,10.45714986,18.71054305,24.15971543
541.004,ours,1,0,0,0.4,3.190379851,3.393198085,4.630610487,0,501,835,5,2,2,1,1,0.004,world,1.81991938,11.31018841,16.24749157
541.004,ab3dmot,1,0,0,0.4,3.190986721,3.394025894,4.614871085,0,504,840,5,2,2,1,1,0.064,world,1.821949901,11.31168852,16.2470918
541.004,sort,0.8983050847,7,3,0.05662650602,11.81700463,11.82706379,13.72301978,123,653,830,5,1,1,1,1,0.1,world,10.46149742,18.71089277,24.15772107
541.1,ours,1,0,0,0.4,3.190379851,3.392441364,4.630361553,0,504,840,5,2,2,1,1,0.02,world,1.825061094,11.31155304,16.24479702
541.1,ab3dmot,1,0,0,0.4,3.190986721,3.393259558,4.614817323,0,507,845,5,2,2,1,1,0.128,world,1.826358863,11.31358955,16.24708881
541.1,sort,0.8988764045,7,3,0.05748502994,11.81144237,11.81987782,13.72299428,123,657,835,5,1,1,1,1,0.128,world,10.4705571,18.71342206,24.15479813
541.18,ours,1,0,0,0.4,3.190379851,3.391706565,4.630112619,0,507,845,5,2,2,1,1,0.02,world,1.828792139,11.31340888,16.24609555
541.18,ab3dmot,1,0,0,0.4,3.190986721,3.392515121,4.614763562,0,510,850,5,2,2,1,1,0.208,world,1.830087703,11.31544515,16.24838729
541.18,sort,0.8994413408,7,3,0.05833333333,11.80588011,11.81279626,13.72296878,123,661,840,5,1,1,1,1,0.108,world,10.47629481,18.71339796,24.14965612
541.268,ours,1,0,0,0.4,3.190379851,3.391047029,4.629863685,0,510,850,5,2,2,1,1,0.032,world,1.837208177,11.31289392,16.23576208
541.268,ab3dmot,1,0,0,0.4,3.190986721,3.391847625,4.614653211,0,513,855,5,2,2,1,1,0.1,world,1.836004972,11.31364961,16.23659091
541.268,sort,0.9,7,3,0.05917159763,11.80304116,11.80671117,13.72294328,123,665,845,5,1,1,1,1,0.132,world,10.66167584,18.63935568,23.88205433
541.344,ours,1,0,0,0.4,3.190379851,3.390433463,4.629559573,0,513,855,5,2,2,1,1,0.02,world,1.844522646,11.31364741,16.23202416
541.344,ab3dmot,1,0,0,0.4,3.190986721,3.391218043,4.614486271,0,516,860,5,2,2,1,1,0.108,world,1.842730251,11.31485083,16.23508176
541.344,sort,0.9005524862,7,3,0.06,11.80020222,11.8015369,13.72291777,123,669,850,5,1,1,1,1,0.108,world,10.82997185,18.58442306,23.66107079
541.432,ours,1,0,0,0.4,3.190379851,3.389873979,4.629200284,0,516,860,5,2,2,1,1,0.032,world,1.852525693,11.31343889,16.22689042
541.432,ab3dmot,1,0,0,0.4,3.190986721,3.39064242,4.614319331,0,519,865,5,2,2,1,1,0.096,world,1.850921664,11.31441209,16.23047813
541.432,sort,0.9010989011,7,3,0.06081871345,11.79801175,11.79612236,13.70550902,123,673,855,5,1,1,1,1,0.132,world,10.77135288,18.60989055,23.74908122
541.5,ours,1,0,0,0.4,3.190379851,3.389355487,4.628840994,0,519,865,5,2,2,1,1,0.012,world,1.85971768,11.31433459,16.22505645
541.5,ab3dmot,1,0,0,0.4,3.190986721,3.390108004,4.614152392,0,522,870,5,2,2,1,1,0.068,world,1.859743335,11.31541014,16.23004505
541.5,sort,0.9016393443,7,3,0.06162790698,11.79582127,11.79095406,13.68810027,123,677,860,5,1,1,1,1,0.1,world,10.80924991,18.60206591,23.70771601
541.588,ours,1,0,0,0.4,3.190379851,3.388874006,4.628481704,0,522,870,5,2,2,1,1,0.024,world,1.870456066,11.31829747,16.22805845
541.588,ab3dmot,1,0,0,0.4,3.190986721,3.389597827,4.613985452,0,525,875,5,2,2,1,1,0.088,world,1.870678055,11.32065546,16.23707098
541.588,sort,0.902173913,7,3,0.06242774566,11.79270031,11.78600147,13.67069152,123,681,865,5,1,1,1,1,0.12,world,10.84165515,18.60160547,23.68416695
541.668,ours,1,0,0,0.4,3.190379851,3.388413537,4.628122414,0,525,875,5,2,2,1,1,0.032,world,1.878587682,11.32180908,16.2324131
541.668,ab3dmot,1,0,0,0.4,3.190986721,3.389103649,4.613818512,0,528,880,5,2,2,1,1,0.104,world,1.879378235,11.3247835,16.24347391
541.668,sort,0.9027027027,7,3,0.0632183908,11.78957935,11.78129154,13.65328277,123,685,870,5,1,1,1,1,0.104,world,10.88001739,18.59523529,23.64516764
541.76,ours,1,0,0,0.4,3.190379851,3.387974714,4.627763125,0,528,880,5,2,2,1,1,0.052,world,1.88721077,11.32540185,16.23701217
541.76,ab3dmot,1,0,0,0.4,3.190986721,3.388629641,4.613651573,0,531,885,5,2,2,1,1,0.16,world,1.886810236,11.32826092,16.247822
541.76,sort,0.9032258065,7,3,0.064,11.78499933,11.77602131,13.63587401,123,689,875,5,1,1,1,1,0.128,world,10.75669264,18.647406,23.82745656
541.832,ours,1,0,0,0.4,3.190379851,3.387561548,4.627403835,0,531,885,5,2,2,1,1,0.032,world,1.893377052,11.32813582,16.23863805
541.832,ab3dmot,1,0,0,0.4,3.190986721,3.388181528,4.613484633,0,534,890,5,2,2,1,1,0.236,world,1.892978238,11.33099623,16.24944702
541.832,sort,0.9037433155,7,3,0.06477272727,11.78041931,11.77050446,13.61846526,123,693,880,5,1,1,1,1,0.108,world,10.69499438,18.68078708,23.93202333
541.908,ours,1,0,0,0.4,3.190379851,3.387161301,4.627044545,0,534,890,5,2,2,1,1,0.012,world,1.90214991,11.33268202,16.24617426
541.908,ab3dmot,1,0,0,0.4,3.190986721,3.387708272,4.613317693,0,537,895,5,2,2,1,1,0.08,world,1.904120014,11.33954098,16.27140436
541.908,sort,0.8994708995,7,4,0.06666666667,11.78041931,11.77306226,13.58364776,123,696,885,5,2,2,1,1,0.112,world,10.6598152,18.46502995,23.55479745
542,ours,1,0,0,0.4,3.190379851,3.386775436,4.626685255,0,537,895,5,2,2,1,1,0.004,world,1.916040228,11.33982366,16.25946033
542,ab3dmot,1,0,0,0.4,3.190986721,3.387262533,4.613150754,0,540,900,5,2,2,1,1,0.072,world,1.914141809,11.34454511,16.27811536
542,sort,0.8952879581,7,4,0.06853932584,11.78041931,11.77553693,13.54883025,123,699,890,5,2,2,1,1,0.104,world,10.64024627,18.45940989,23.56194322
542.092,ours,1,0,0,0.4,3.190379851,3.386419283,4.626325966,0,540,900,5,2,2,1,1,0.024,world,1.926019427,11.34472864,16.26524547
542.092,ab3dmot,1,0,0,0.4,3.190986721,3.38684652,4.612893379,0,543,905,5,2,2,1,1,0.096,world,1.923858034,11.34937,16.28400821
542.092,sort,0.8911917098,7,4,0.07039106145,11.78041931,11.77797141,13.51401275,123,702,895,5,2,2,1,1,0.096,world,10.62894479,18.45838932,23.57077218
542.16,ours,1,0,0,0.4,3.190379851,3.386080152,4.625889653,0,543,905,5,2,2,1,1,0.02,world,1.934003536,11.34884351,16.27124735
542.16,ab3dmot,1,0,0,0.4,3.190986721,3.386449347,4.612545568,0,546,910,5,2,2,1,1,0.1,world,1.932793774,11.35383008,16.28988927
542.16,sort,0.8871794872,7,4,0.07222222222,11.78041931,11.78036754,13.47919525,123,705,900,5,2,2,1,1,0.1,world,10.62209273,18.45795172,23.57659978
542.256,ours,1,0,0,0.4,3.190379851,3.38575235,4.625376317,0,546,910,5,2,2,1,1,0.056,world,1.943526312,11.35399176,16.28008835
542.256,ab3dmot,1,0,0,0.4,3.190986721,3.386072454,4.612197758,0,549,915,5,2,2,1,1,0.132,world,1.941908555,11.35812308,16.29559806
542.256,sort,0.883248731,7,4,0.07403314917,11.78041931,11.78274731,13.44437774,123,708,905,5,2,2,1,1,0.132,world,10.61959221,18.45928826,23.58236774
542.3,ours,1,0,0,0.4,3.190379851,3.385427354,4.624862981,0,549,915,5,2,2,1,1,0,world,1.948642111,11.35699655,16.2865247
542.3,ab3dmot,1,0,0,0.4,3.190986721,3.385700138,4.611849948,0,552,920,5,2,2,1,1,0.108,world,1.947222232,11.36106649,16.30177285
542.3,sort,0.8793969849,7,4,0.07582417582,11.78041931,11.78506787,13.40956024,123,711,910,5,2,2,1,1,0.076,world,10.61228355,18.45725108,23.58520235
542.384,ours,1,0,0,0.4,3.190379851,3.385142467,4.624349645,0,552,920,5,2,2,1,1,0.028,world,1.959757786,11.36172867,16.28912923
542.384,ab3dmot,1,0,0,0.4,3.190986721,3.385368215,4.611502138,0,555,925,5,2,2,1,1,0.192,world,1.95834508,11.36580296,16.30437568
542.384,sort,0.8756218905,7,4,0.07759562842,11.78041931,11.78744685,13.37474273,123,714,915,5,2,2,1,1,0.092,world,10.62079756,18.46424253,23.59366992
542.424,ours,1,0,0,0.4,3.190379851,3.384872964,4.623836309,0,555,925,5,2,2,1,1,0.024,world,1.963514913,11.3633209,16.28999834
542.424,ab3dmot,1,0,0,0.4,3.190986721,3.385013303,4.611154327,0,558,930,5,2,2,1,1,0.1,world,1.961867531,11.37072733,16.31912699
542.424,sort,0.8719211823,7,4,0.07934782609,11.78041931,11.78982315,13.37379101,123,717,920,5,2,2,1,1,0.132,world,10.62581884,18.46756846,23.59645711
542.488,ours,1,0,0,0.4,3.190379851,3.384570049,4.623322973,0,558,930,5,2,2,1,1,0.008,world,1.971852602,11.3722258,16.3139628
542.488,ab3dmot,1,0,0,0.4,3.190986721,3.384651602,4.610806517,0,561,935,5,2,2,1,1,0.064,world,1.969691158,11.37745713,16.33326309
542.488,sort,0.8682926829,7,4,0.08108108108,11.78041931,11.79264381,13.37283928,123,720,925,5,2,2,1,1,0.096,world,10.72691376,18.5121374,23.60192439
542.536,ours,1,0,0,0.4,3.190379851,3.384271565,4.622809637,0,561,935,5,2,2,1,1,0.036,world,1.975670884,11.3749194,16.31874262
542.536,ab3dmot,1,0,0,0.4,3.190986721,3.384306083,4.610458707,0,564,940,5,2,2,1,1,0.112,world,1.973513543,11.37906877,16.33412899
542.536,sort,0.8647342995,7,4,0.08279569892,11.78041931,11.79545404,13.37188755,123,723,930,5,2,2,1,1,0.144,world,10.7320201,18.51545803,23.60463707
542.6,ours,1,0,0,0.4,3.190379851,3.383987064,4.622296301,0,564,940,5,2,2,1,1,0.012,world,1.984580648,11.37986044,16.32626752
542.6,ab3dmot,1,0,0,0.4,3.190986721,3.383984268,4.610110896,0,567,945,5,2,2,1,1,0.08,world,1.983837231,11.38330299,16.33971843
542.6,sort,0.8612440191,7,4,0.08449197861,11.78041931,11.79897536,13.37093583,123,726,935,5,2,2,1,1,0.112,world,10.89643615,18.58637934,23.60994625
542.668,ours,1,0,0,0.4,3.190379851,3.383730851,4.621782965,0,567,945,5,2,2,1,1,0.016,world,1.993108331,11.38311661,16.32876748
542.668,ab3dmot,1,0,0,0.4,3.190986721,3.383696254,4.609763086,0,570,950,5,2,2,1,1,0.112,world,1.992603854,11.38602703,16.34065889
542.668,sort,0.8578199052,7,4,0.08617021277,11.78041931,11.80237881,13.3699841,123,729,940,5,2,2,1,1,0.112,world,10.87483002,18.57972495,23.61514756
542.74,ours,1,0,0,0.4,3.190379851,3.383502767,4.621269629,0,570,950,5,2,2,1,1,0.04,world,2.003940787,11.38678524,16.33320167
542.74,ab3dmot,1,0,0,0.4,3.190986721,3.383444316,4.608952421,0,573,955,5,2,2,1,1,0.12,world,2.00332195,11.38906257,16.34192384
542.74,sort,0.8544600939,7,4,0.08783068783,11.78041931,11.80588379,13.36903237,123,732,945,5,2,2,1,1,0.084,world,10.90306622,18.59366657,23.62021134
542.812,ours,1,0,0,0.4,3.190379851,3.383303463,4.620125892,0,573,955,5,2,2,1,1,0.012,world,2.015743962,11.39084829,16.33754636
542.812,ab3dmot,1,0,0,0.4,3.190986721,3.383238667,4.607678902,0,576,960,5,2,2,1,1,0.064,world,2.01802361,11.39239716,16.34165045
542.812,sort,0.8511627907,7,4,0.08947368421,11.78041931,11.80982399,13.36808065,123,735,950,5,2,2,1,1,0.096,world,11.00120641,18.63751893,23.62951821
542.9,ours,1,0,0,0.4,3.190379851,3.383139372,4.618351753,0,576,960,5,2,2,1,1,0.024,world,2.026256669,11.3940294,16.33820955
542.9,ab3dmot,1,0,0,0.4,3.190986721,3.383086671,4.606405383,0,579,965,5,2,2,1,1,0.08,world,2.028368787,11.3933017,16.3361875
542.9,sort,0.8479262673,7,4,0.09109947644,11.78041931,11.81494248,13.36712892,123,738,955,5,2,2,1,1,0.112,world,11.27878248,18.74897493,23.63464375
542.984,ours,1,0,0,0.4,3.190379851,3.383020545,4.616577615,0,579,965,5,2,2,1,1,0.028,world,2.036094442,11.39562963,16.33518058
542.984,ab3dmot,1,0,0,0.4,3.190986721,3.382976057,4.605131864,0,582,970,5,2,2,1,1,0.132,world,2.037341421,11.39516418,16.33354921
542.984,sort,0.8447488584,7,4,0.09270833333,11.78041931,11.8212789,13.36617719,123,741,960,5,2,2,1,1,0.1,world,11.56591777,18.8620726,23.6397434
543.044,ours,1,0,0,0.4,3.190379851,3.382927658,4.614803477,0,582,970,5,2,2,1,1,0.044,world,2.043825201,11.39881364,16.33681321
543.044,ab3dmot,1,0,0,0.4,3.190986721,3.382891164,4.603858345,0,585,975,5,2,2,1,1,0.192,world,2.045066838,11.39834682,16.33518191
543.044,sort,0.8416289593,7,4,0.09430051813,11.78041931,11.82839086,13.36522547,123,744,965,5,2,2,1,1,0.092,world,11.75611139,18.93931406,23.64456141
543.1,ours,1,0,0,0.4,3.190379851,3.382860235,4.613029338,0,585,975,5,2,2,1,1,0.016,world,2.051522129,11.40197089,16.33841988
543.1,ab3dmot,1,0,0,0.4,3.190986721,3.382831522,4.602584826,0,588,980,5,2,2,1,1,0.248,world,2.05275846,11.40150271,16.33678865
543.1,sort,0.8385650224,7,4,0.09587628866,11.78957935,11.83562197,13.36686685,123,747,970,5,2,2,1,1,0.116,world,11.80265967,18.95981649,23.6490549
543.152,ours,1,0,0,0.4,3.190379851,3.382846466,4.6112552,0,588,980,5,2,2,1,1,0.028,world,2.062632122,11.4011704,16.32995377
543.152,ab3dmot,1,0,0,0.4,3.190986721,3.382842285,4.601311307,0,591,985,5,2,2,1,1,0.1,world,2.064387104,11.39918109,16.322259
543.152,sort,0.8355555556,7,4,0.09743589744,11.79582127,11.84311011,13.37074144,123,750,975,5,2,2,1,1,0.1,world,11.88516593,18.99347315,23.65146905
543.2,ours,1,0,0,0.4,3.190379851,3.382845038,4.609481062,0,591,985,5,2,2,1,1,0.016,world,2.067761346,11.40321162,16.33138768
543.2,ab3dmot,1,0,0,0.4,3.190986721,3.382858314,4.600037788,0,594,990,5,2,2,1,1,0.052,world,2.069737557,11.40227816,16.32577685
543.2,sort,0.8325991189,7,4,0.09897959184,11.80020222,11.8506677,13.37381926,123,753,980,5,2,2,1,1,0.116,world,11.92683587,19.01095182,23.6536796
543.264,ours,1,0,0,0.4,3.190379851,3.382865852,4.607706923,0,594,990,5,2,2,1,1,0.028,world,2.076058726,11.40678602,16.33383478
543.264,ab3dmot,1,0,0,0.4,3.190986721,3.38289288,4.598764269,0,597,995,5,2,2,1,1,0.08,world,2.077992771,11.40630139,16.32926067
543.264,sort,0.8296943231,7,4,0.1005076142,11.80265967,11.8586845,13.37550007,123,756,985,5,2,2,1,1,0.08,world,12.05189129,19.06235021,23.65812729
543.3,ours,1,0,0,0.4,3.190379851,3.382895693,4.605932785,0,597,995,5,2,2,1,1,0.02,world,2.080649034,11.40895802,16.33586637
543.3,ab3dmot,1,0,0,0.4,3.190986721,3.382938813,4.59749075,0,600,1000,5,2,2,1,1,0.116,world,2.081734986,11.40782274,16.33002181
543.3,sort,0.8268398268,7,4,0.102020202,11.80588011,11.86676307,13.38044827,123,759,990,5,2,2,1,1,0.084,world,12.09388443,19.07989311,23.66020276
543.348,ours,1,0,0,0.4,3.190379851,3.382948476,4.604158647,0,600,1000,5,2,2,1,1,0.036,world,2.088075126,11.41196693,16.33736179
543.348,ab3dmot,1,0,0,0.4,3.190986721,3.383007411,4.596673755,0,603,1005,5,2,2,1,1,0.164,world,2.089156352,11.4108299,16.33151753
543.348,sort,0.8283261803,7,4,0.1035175879,11.81700463,11.87494341,13.38660478,123,762,995,5,2,2,1,1,0.1,world,12.14087625,19.09635023,23.65762191
543.396,ours,1,0,0,0.4,3.190379851,3.383012189,4.603091582,0,603,1005,5,2,2,1,1,0.016,world,2.091753303,11.41345226,16.33809564
543.396,ab3dmot,1,0,0,0.4,3.190986721,3.383086726,4.596313285,0,606,1010,5,2,2,1,1,0.212,world,2.092832189,11.41231436,16.33225152
543.396,sort,0.829787234,7,4,0.105,11.82116598,11.88334645,13.39165407,123,765,1000,5,2,2,1,1,0.084,world,12.1995805,19.11010876,23.64120879
543.448,ours,1,0,0,0.4,3.190379851,3.383086591,4.602731592,0,606,1010,5,2,2,1,1,0.036,world,2.095406053,11.41492395,16.33881986
543.448,ab3dmot,1,0,0,0.4,3.190986721,3.383164092,4.595952814,0,609,1015,5,2,2,1,1,0.1,world,2.096895634,11.41587276,16.3367387
543.448,sort,0.8312236287,7,4,0.1064676617,11.8287327,11.89182568,13.39832766,123,768,1005,5,2,2,1,1,0.1,world,12.20497687,19.10780242,23.6329065
543.496,ours,1,0,0,0.4,3.190379851,3.383175446,4.602371602,0,609,1015,5,2,2,1,1,0.028,world,2.104467445,11.41953159,16.34325698
543.496,ab3dmot,1,0,0,0.4,3.190986721,3.383254424,4.595592344,0,612,1020,5,2,2,1,1,0.084,world,2.103429386,11.41935857,16.34091781
543.496,sort,0.8326359833,7,4,0.1079207921,11.83209291,11.90056235,13.40230121,123,771,1010,5,2,2,1,1,0.084,world,12.21552201,19.10411547,23.61873914
543.524,ours,1,0,0,0.4,3.190379851,3.383261366,4.602011612,0,612,1020,5,2,2,1,1,0.016,world,2.104693261,11.41981079,16.34440619
543.524,ab3dmot,1,0,0,0.4,3.190986721,3.383343508,4.595231874,0,615,1025,5,2,2,1,1,0.076,world,2.103483193,11.41936751,16.34136611
543.524,sort,0.8340248963,7,4,0.1093596059,11.8408738,11.90933164,13.40609071,123,774,1015,5,2,2,1,1,0.076,world,12.21606049,19.09957179,23.60906669
543.58,ours,1,0,0,0.4,3.190379851,3.383368549,4.601651622,0,615,1025,5,2,2,1,1,0.016,world,2.112076396,11.42258036,16.34603466
543.58,ab3dmot,1,0,0,0.4,3.190986721,3.383454699,4.594871404,0,618,1030,5,2,2,1,1,0.068,world,2.110688345,11.42167971,16.34305914
543.58,sort,0.8271604938,9,4,0.1088235294,11.84302484,11.91827739,13.41353634,123,777,1020,5,2,2,1,1,0.1,world,12.22594246,19.10060487,23.6037646
543.612,ours,1,0,0,0.4,3.190379851,3.383486617,4.601291632,0,618,1030,5,2,2,1,1,0.012,world,2.115688343,11.42371892,16.34657804
543.612,ab3dmot,1,0,0,0.4,3.190986721,3.383575393,4.594510933,0,621,1035,5,2,2,1,1,0.1,world,2.114188158,11.42307341,16.34373129
543.612,sort,0.8204081633,9,4,0.1102439024,11.85348651,11.92728211,13.41457191,123,780,1025,5,2,2,1,1,0.1,world,12.23104847,19.09900945,23.59690827
543.688,ours,1,0,0,0.4,3.190379851,3.383624367,4.600931642,0,621,1035,5,2,2,1,1,0.012,world,2.122576656,11.42645279,16.34788851
543.688,ab3dmot,1,0,0,0.4,3.190986721,3.383715649,4.594150463,0,624,1040,5,2,2,1,1,0.176,world,2.121082087,11.42580808,16.34504189
543.688,sort,0.8137651822,9,4,0.1116504854,11.85411557,11.93573313,13.53217487,123,783,1030,5,2,2,1,1,0.112,world,12.2411618,19.1084089,23.61184023
543.736,ours,1,0,0,0.4,3.190379851,3.383770974,4.600571652,0,624,1040,5,2,2,1,1,0.028,world,2.125965084,11.42779221,16.34852647
543.736,ab3dmot,1,0,0,0.4,3.190986721,3.383864696,4.593789993,0,627,1045,5,2,2,1,1,0.224,world,2.124473278,11.4271479,16.34567991
543.736,sort,0.8072289157,9,4,0.1130434783,11.86635074,11.94436323,13.61565595,123,786,1035,5,2,2,1,1,0.092,world,12.24658399,19.103264,23.59823285
543.776,ours,1,0,0,0.4,3.190379851,3.383926184,4.600211662,0,627,1045,5,2,2,1,1,0,world,2.129314451,11.42911254,16.34915263
543.776,ab3dmot,1,0,0,0.4,3.190986721,3.384041616,4.593429522,0,630,1050,5,2,2,1,1,0.068,world,2.135904486,11.42829532,16.34540291
543.776,sort,0.804,9,4,0.1115384615,11.86639356,11.94560738,13.61289744,125,790,1040,5,3,1,1,1,0.1,world,12.25146969,19.10193072,23.59216986
543.812,ours,1,0,0,0.4,3.190379851,3.384109995,4.599851672,0,630,1050,5,2,2,1,1,0.008,world,2.139842657,11.42989261,16.34788698
543.812,ab3dmot,1,0,0,0.4,3.190986721,3.384234215,4.593077119,0,633,1055,5,2,2,1,1,0.068,world,2.14103528,11.42915142,16.34464594
543.812,sort,0.8007968127,9,4,0.1100478469,11.86643639,11.94686341,13.61013893,127,794,1045,5,3,1,1,1,0.068,world,12.25683398,19.09652397,23.57802111
543.876,ours,1,0,0,0.4,3.190379851,3.38431706,4.599499737,0,633,1055,5,2,2,1,1,0.004,world,2.147829184,11.43214339,16.348057
543.876,ab3dmot,1,0,0,0.4,3.190986721,3.384450225,4.592732782,0,636,1060,5,2,2,1,1,0.1,world,2.149109303,11.43136425,16.3447925
543.876,sort,0.7976190476,9,4,0.1085714286,11.87393571,11.94814594,13.60738042,129,798,1050,5,3,1,1,1,0.1,world,12.26582095,19.09748298,23.5732407
543.908,ours,1,0,0,0.4,3.190379851,3.384536994,4.599155857,0,636,1060,5,2,2,1,1,0.008,world,2.153680899,11.4334172,16.3487107
543.908,ab3dmot,1,0,0,0.4,3.190986721,3.384678196,4.592388445,0,639,1065,5,2,2,1,1,0.064,world,2.155052174,11.43271166,16.34589765
543.908,sort,0.7984189723,10,4,0.1071090047,11.88143503,11.95112276,13.60462191,130,802,1055,5,2,1,1,1,0.068,world,12.67901958,19.2541388,23.55944087
543.98,ours,1,0,0,0.4,3.190379851,3.3847724,4.598811976,0,639,1065,5,2,2,1,1,0.016,world,2.161022653,11.43618837,16.35099402
543.98,ab3dmot,1,0,0,0.4,3.190986721,3.384920137,4.592044108,0,642,1070,5,2,2,1,1,0.104,world,2.162399074,11.43562811,16.34874573
543.98,sort,0.7992125984,10,4,0.1066037736,11.88330048,11.95424361,13.6018634,131,806,1060,5,2,1,1,1,0.104,world,12.71923853,19.2674688,23.55457618
544.008,ours,1,0,0,0.4,3.190379851,3.385013556,4.598468096,0,642,1070,5,2,2,1,1,0.004,world,2.164717862,11.43755537,16.35255575
544.008,ab3dmot,1,0,0,0.4,3.190986721,3.38516339,4.59169977,0,645,1075,5,2,2,1,1,0.068,world,2.166306175,11.43739133,16.35254596
544.008,sort,0.8,10,4,0.1061032864,11.88516593,11.95762516,13.59910489,132,810,1065,5,2,1,1,1,0.068,world,12.7876136,19.28792584,23.54195576
544.076,ours,1,0,0,0.4,3.190379851,3.385266056,4.598124216,0,645,1075,5,2,2,1,1,0.012,world,2.170323155,11.43974505,16.35552926
544.076,ab3dmot,1,0,0,0.4,3.190986721,3.385417702,4.591355433,0,648,1080,5,2,2,1,1,0.1,world,2.170712324,11.43927543,16.35465951
544.076,sort,0.80078125,10,4,0.1056074766,11.88569928,11.96116347,13.59634638,133,814,1070,5,2,1,1,1,0.1,world,12.83162419,19.30231898,23.53616056
544.104,ours,1,0,0,0.4,3.190379851,3.385521224,4.597780335,0,648,1080,5,2,2,1,1,0.004,world,2.172858482,11.44073502,16.35784275
544.104,ab3dmot,1,0,0,0.4,3.190986721,3.38567189,4.591011096,0,651,1085,5,2,2,1,1,0.064,world,2.172492786,11.44026438,16.35772846
544.104,sort,0.8015564202,10,4,0.1051162791,11.88623263,11.96482402,13.59358787,134,818,1075,5,2,1,1,1,0.096,world,12.86771512,19.3135863,23.53034729
544.172,ours,1,0,0,0.4,3.190379851,3.385778322,4.597436455,0,651,1085,5,2,2,1,1,0.016,world,2.174912592,11.44177872,16.3597439
544.172,ab3dmot,1,0,0,0.4,3.190986721,3.385925989,4.590666759,0,654,1090,5,2,2,1,1,0.1,world,2.17400127,11.4413233,16.36016451
544.172,sort,0.8023255814,10,4,0.1046296296,11.89044253,11.96874155,13.59082936,135,822,1080,5,2,1,1,1,0.1,world,12.93627589,19.33440404,23.51812923
544.196,ours,1,0,0,0.4,3.190379851,3.386039076,4.597092575,0,654,1090,5,2,2,1,1,0.02,world,2.177071536,11.44259883,16.361012
544.196,ab3dmot,1,0,0,0.4,3.190986721,3.386179059,4.590322422,0,657,1095,5,2,2,1,1,0.056,world,2.174953234,11.44202649,16.36309545
544.196,sort,0.8030888031,10,4,0.1041474654,11.89465243,11.97277842,13.58807084,136,826,1085,5,2,1,1,1,0.096,world,12.97238486,19.34576848,23.51242981
544.248,ours,1,0,0,0.4,3.190379851,3.386302764,4.596748695,0,657,1095,5,2,2,1,1,0.024,world,2.179402696,11.44356661,16.36254427
544.248,ab3dmot,1,0,0,0.4,3.190986721,3.386437366,4.589978085,0,660,1100,5,2,2,1,1,0.108,world,2.177664057,11.44305084,16.3635534
544.248,sort,0.8038461538,10,4,0.1036697248,11.89724221,11.97708714,13.58531233,137,830,1090,5,2,1,1,1,0.076,world,13.04521744,19.36811192,23.49978203
544.3,ours,1,0,0,0.4,3.190379851,3.386579583,4.596404814,0,660,1100,5,2,2,1,1,0.028,world,2.184330066,11.44494333,16.36357559
544.3,ab3dmot,1,0,0,0.4,3.190986721,3.386708849,4.589719632,0,663,1105,5,2,2,1,1,0.096,world,2.182198548,11.44425274,16.36437093
544.3,sort,0.8045977011,10,4,0.103196347,11.899832,11.98152611,13.58255382,138,834,1095,5,2,1,1,1,0.096,world,13.08466132,19.3811635,23.49468088
544.336,ours,1,0,0,0.4,3.190379851,3.386863824,4.596062498,0,663,1105,5,2,2,1,1,0.032,world,2.187916402,11.44571675,16.36384109
544.336,ab3dmot,1,0,0,0.4,3.190986721,3.386988813,4.589547061,0,666,1110,5,2,2,1,1,0.096,world,2.186082876,11.44499547,16.36441873
544.336,sort,0.8053435115,10,4,0.1027272727,11.91333394,11.98382286,13.57415733,139,838,1100,5,2,1,1,1,0.096,world,12.56893298,19.22923106,23.6031417
544.38,ours,1,0,0,0.4,3.190379851,3.387154363,4.595721747,0,666,1110,5,2,2,1,1,0.008,world,2.191441264,11.44662195,16.36431604
544.38,ab3dmot,1,0,0,0.4,3.190986721,3.387277335,4.589374491,0,669,1115,5,2,2,1,1,0.076,world,2.191335789,11.44622087,16.36512054
544.38,sort,0.8060836502,10,4,0.1022624434,11.92683587,11.98625006,13.56576084,140,842,1105,5,2,1,1,1,0.076,world,12.60608549,19.23985805,23.5958069
544.424,ours,1,0,0,0.4,3.190379851,3.38745085,4.595380996,0,669,1115,5,2,2,1,1,0.02,world,2.196276581,11.44798574,16.36572354
544.424,ab3dmot,1,0,0,0.4,3.190986721,3.387570579,4.589201921,0,672,1120,5,2,2,1,1,0.088,world,2.19552321,11.44761527,16.36637739
544.424,sort,0.8068181818,10,4,0.1018018018,11.93343833,11.98817403,13.55736435,141,846,1110,5,2,1,1,1,0.088,world,12.48388859,19.20407428,23.6213898
544.476,ours,1,0,0,0.4,3.190379851,3.387758219,4.595040245,0,672,1120,5,2,2,1,1,0.008,world,2.202203337,11.44991044,16.3670314
544.476,ab3dmot,1,0,0,0.4,3.190986721,3.387873284,4.589029351,0,675,1125,5,2,2,1,1,0.072,world,2.203246183,11.45038873,16.36936724
544.476,sort,0.8075471698,10,4,0.1013452915,11.94004079,11.98991918,13.54896786,142,850,1115,5,2,1,1,1,0.112,world,12.44207963,19.19184883,23.63026809
544.536,ours,1,0,0,0.4,3.190379851,3.388067627,4.594699494,0,675,1125,5,2,2,1,1,0.036,world,2.206779644,11.4516035,16.36956014
544.536,ab3dmot,1,0,0,0.4,3.190986721,3.388178665,4.588856781,0,678,1130,5,2,2,1,1,0.1,world,2.206938715,11.45177602,16.37088821
544.536,sort,0.8082706767,10,4,0.1008928571,11.95724218,11.99156259,13.54057136,143,854,1120,5,2,1,1,1,0.132,world,12.41940539,19.18487379,23.63450201
544.58,ours,1,0,0,0.4,3.190379851,3.388384284,4.594358743,0,678,1130,5,2,2,1,1,0.016,world,2.212089563,11.45360461,16.37147068
544.58,ab3dmot,1,0,0,0.4,3.190986721,3.388486661,4.588684211,0,681,1135,5,2,2,1,1,0.08,world,2.213460465,11.45482691,16.37547862
544.58,sort,0.808988764,10,4,0.1004444444,11.97444356,11.99329185,13.53217487,144,858,1125,5,2,1,1,1,0.112,world,12.44474354,19.19194278,23.62934484
544.62,ours,1,0,0,0.4,3.190379851,3.388697648,4.594017991,0,681,1135,5,2,2,1,1,0.02,world,2.215859255,11.45559285,16.37548716
544.62,ab3dmot,1,0,0,0.4,3.190986721,3.38879276,4.588511641,0,684,1140,5,2,2,1,1,0.084,world,2.216359569,11.45642835,16.37818559
544.62,sort,0.8097014925,10,4,0.1,11.99044326,11.99510012,13.52377838,145,862,1130,5,2,1,1,1,0.088,world,12.46852954,19.19810689,23.62373643
544.668,ours,1,0,0,0.4,3.190379851,3.389010198,4.59367724,0,684,1140,5,2,2,1,1,0.004,world,2.21869342,11.45699592,16.37761724
544.668,ab3dmot,1,0,0,0.4,3.190986721,3.38909694,4.588339071,0,687,1145,5,2,2,1,1,0.1,world,2.21927177,11.45806406,16.38074945
544.668,sort,0.8104089219,10,4,0.09955947137,12.00644295,11.99676165,13.51538189,146,866,1135,5,2,1,1,1,0.1,world,12.43405185,19.18327718,23.6217237
544.72,ours,1,0,0,0.4,3.190379851,3.389326225,4.593336489,0,687,1145,5,2,2,1,1,0.02,world,2.223335491,11.45902215,16.3800913
544.72,ab3dmot,1,0,0,0.4,3.190986721,3.389399767,4.588166501,0,690,1150,5,2,2,1,1,0.084,world,2.225068396,11.46114015,16.38587408
544.72,sort,0.8111111111,10,4,0.09912280702,12.00682812,11.99834327,13.5069854,147,870,1140,5,2,1,1,1,0.12,world,12.41648486,19.17525099,23.61962206
544.768,ours,1,0,0,0.4,3.190379851,3.38963831,4.592995738,0,690,1150,5,2,2,1,1,0.012,world,2.226953263,11.46101,16.38380902
544.768,ab3dmot,1,0,0,0.4,3.190986721,3.389701099,4.587984751,0,693,1155,5,2,2,1,1,0.1,world,2.227738443,11.46207537,16.38785688
544.768,sort,0.8118081181,10,4,0.09956331878,12.00721328,11.99997917,13.4985889,147,874,1145,5,1,1,1,1,0.1,world,12.43379853,19.17879979,23.61387774
544.816,ours,1,0,0,0.4,3.190379851,3.389947779,4.592692194,0,693,1155,5,2,2,1,1,0.016,world,2.230592524,11.46198491,16.38665912
544.816,ab3dmot,1,0,0,0.4,3.190986721,3.389999582,4.587793821,0,696,1160,5,2,2,1,1,0.084,world,2.231538039,11.46307413,16.39067498
544.816,sort,0.8125,10,4,0.1,12.02877474,12.00163794,13.49019241,147,878,1150,5,1,1,1,1,0.12,world,12.44301895,19.18085055,23.611016
544.86,ours,1,0,0,0.4,3.190379851,3.390262136,4.592425859,0,696,1160,5,2,2,1,1,0.028,world,2.233796224,11.46309688,16.38709
544.86,ab3dmot,1,0,0,0.4,3.190986721,3.390303608,4.587602891,0,699,1165,5,2,2,1,1,0.092,world,2.23614278,11.46408481,16.3913484
544.86,sort,0.8131868132,10,4,0.1004329004,12.05033619,12.00335678,13.48179592,147,882,1155,5,1,1,1,1,0.092,world,12.46208127,19.1849478,23.60482839
544.9,ours,1,0,0,0.4,3.190379851,3.390576606,4.592159523,0,699,1165,5,2,2,1,1,0.012,world,2.237707704,11.46359171,16.38852568
544.9,ab3dmot,1,0,0,0.4,3.190986721,3.390611075,4.58741196,0,702,1170,5,2,2,1,1,0.068,world,2.240151104,11.46423154,16.39113119
544.9,sort,0.8138686131,10,4,0.100862069,12.05111374,12.00509674,13.47339943,147,886,1160,5,1,1,1,1,0.1,world,12.47103098,19.18683211,23.60182716
544.972,ours,1,0,0,0.4,3.190379851,3.390895824,4.591893187,0,702,1170,5,2,2,1,1,0.016,world,2.24161889,11.46438264,16.38880582
544.972,ab3dmot,1,0,0,0.4,3.190986721,3.390923315,4.58722103,0,705,1175,5,2,2,1,1,0.108,world,2.243991744,11.46496993,16.39130424
544.972,sort,0.8145454545,10,4,0.1012875536,12.05189129,12.00689042,13.46500294,147,890,1165,5,1,1,1,1,0.108,world,12.48865633,19.19043401,23.59568776
545.04,ours,1,0,0,0.4,3.190379851,3.391215698,4.591626852,0,705,1175,5,2,2,1,1,0.04,world,2.246246969,11.46457729,16.3902014
545.04,ab3dmot,1,0,0,0.4,3.190986721,3.391237231,4.5870301,0,708,1180,5,2,2,1,1,0.108,world,2.247726089,11.46507905,16.39182287
545.04,sort,0.8152173913,10,4,0.1017094017,12.06381974,12.00873389,13.45660644,147,894,1170,5,1,1,1,1,0.108,world,12.5053796,19.19363731,23.58965959
545.108,ours,1,0,0,0.4,3.190379851,3.391541304,4.591360516,0,708,1180,5,2,2,1,1,0.008,world,2.251061804,11.46488745,16.39037315
545.108,ab3dmot,1,0,0,0.4,3.190986721,3.391565309,4.58683917,0,711,1185,5,2,2,1,1,0.08,world,2.25413768,11.46447263,16.38960046
545.108,sort,0.8158844765,10,4,0.1021276596,12.07574819,12.01034012,13.44820995,147,898,1175,5,1,1,1,1,0.08,world,12.44573626,19.17963853,23.60411913
545.2,ours,1,0,0,0.4,3.190379851,3.391883423,4.591094181,0,711,1185,5,2,2,1,1,0.016,world,2.257903411,11.46442178,16.38767994
545.2,ab3dmot,1,0,0,0.4,3.190986721,3.391917785,4.58664824,0,714,1190,5,2,2,1,1,0.072,world,2.260820047,11.46328971,16.38367892
545.2,sort,0.8165467626,10,4,0.1025423729,12.08001623,12.01182728,13.43981346,147,902,1180,5,1,1,1,1,0.104,world,12.4169161,19.17245958,23.60969014
545.3,ours,1,0,0,0.4,3.190379851,3.392231633,4.590827845,0,714,1190,5,2,2,1,1,0.012,world,2.261451946,11.46456946,16.3864467
545.3,ab3dmot,1,0,0,0.4,3.190986721,3.392271054,4.58645731,0,717,1195,5,2,2,1,1,0.172,world,2.263226113,11.46394448,16.38387768
545.3,sort,0.8172043011,10,4,0.1029535865,12.08428427,12.01334152,13.43141697,147,906,1185,5,1,1,1,1,0.104,world,12.4271465,19.17325482,23.6030252
545.388,ours,1,0,0,0.4,3.190379851,3.392584015,4.590561509,0,717,1195,5,2,2,1,1,0.028,world,2.263750898,11.46434648,16.38478789
545.388,ab3dmot,1,0,0,0.4,3.190986721,3.392639331,4.58626638,0,720,1200,5,2,2,1,1,0.192,world,2.266401744,11.46273967,16.37823886
545.388,sort,0.8178571429,10,4,0.1033613445,12.08908435,12.01486743,13.42302048,147,910,1190,5,1,1,1,1,0.128,world,12.43328364,19.17348238,23.59848073
545.424,ours,1,0,0,0.4,3.190379851,3.39294683,4.590295174,0,720,1200,5,2,2,1,1,0.024,world,2.266521994,11.46324965,16.38071835
545.424,ab3dmot,1,0,0,0.4,3.190986721,3.393019478,4.586001836,0,723,1205,5,2,2,1,1,0.164,world,2.269396994,11.4614871,16.3735895
545.424,sort,0.8185053381,10,4,0.1037656904,12.09388443,12.01626774,13.41462398,147,914,1195,5,1,1,1,1,0.096,world,12.40213635,19.16628125,23.6055984
545.484,ours,1,0,0,0.4,3.190379851,3.393316303,4.590145223,0,723,1205,5,2,2,1,1,0.024,world,2.269898064,11.46244669,16.37809221
545.484,ab3dmot,1,0,0,0.4,3.190986721,3.39340507,4.585663678,0,726,1210,5,2,2,1,1,0.164,world,2.272511074,11.46077779,16.37121496
545.484,sort,0.8191489362,10,4,0.1041666667,12.09851103,12.01759988,13.41461097,147,918,1200,5,1,1,1,1,0.1,world,12.38625605,19.1624757,23.60832605
545.508,ours,1,0,0,0.4,3.190379851,3.393689749,4.590111657,0,726,1210,5,2,2,1,1,0.008,world,2.271677556,11.46178906,16.37600337
545.508,ab3dmot,1,0,0,0.4,3.190986721,3.393793843,4.58532552,0,729,1215,5,2,2,1,1,0.116,world,2.273273125,11.46026103,16.3688108
545.508,sort,0.8197879859,10,4,0.1045643154,12.10313762,12.01808505,13.41459795,147,922,1205,5,1,1,1,1,0.084,world,12.15413109,19.04817812,23.5692086
545.56,ours,1,0,0,0.4,3.190379851,3.394066085,4.59007809,0,729,1215,5,2,2,1,1,0.012,world,2.273464609,11.46123027,16.37380111
545.56,ab3dmot,1,0,0,0.4,3.190986721,3.394186297,4.584987362,0,732,1220,5,2,2,1,1,0.1,world,2.274327952,11.45965322,16.36603527
545.56,sort,0.8140350877,11,5,0.1049586777,12.10313762,12.02124292,13.41457191,147,925,1210,5,2,2,1,1,0.068,world,11.46659288,18.71934779,23.46807101
545.6,ours,1,0,0,0.4,3.190379851,3.394447968,4.590044524,0,732,1220,5,2,2,1,1,0.008,world,2.274369028,11.4604049,16.37048503
545.6,ab3dmot,1,0,0,0.4,3.190986721,3.394586161,4.584649204,0,735,1225,5,2,2,1,1,0.076,world,2.274378322,11.45867822,16.36162307
545.6,sort,0.8083623693,11,5,0.1061728395,12.10313762,12.02386947,13.41454588,147,928,1215,5,2,2,1,1,0.108,world,11.46660067,18.71890693,23.46696408
545.676,ours,1,0,0,0.4,3.190379851,3.394834604,4.590010958,0,735,1225,5,2,2,1,1,0.02,world,2.275058727,11.45944967,16.36680151
545.676,ab3dmot,1,0,0,0.4,3.190986721,3.39498985,4.584311046,0,738,1230,5,2,2,1,1,0.084,world,2.274217942,11.45787762,16.3578715
545.676,sort,0.8027681661,11,5,0.1073770492,12.10313762,12.02658403,13.41451984,147,931,1220,5,2,2,1,1,0.084,world,11.4683121,18.71856615,23.46414768
545.756,ours,1,0,0,0.4,3.190379851,3.395224588,4.589977392,0,738,1230,5,2,2,1,1,0.048,world,2.275086128,11.45845353,16.36303534
545.756,ab3dmot,1,0,0,0.4,3.190986721,3.395397813,4.583972888,0,741,1235,5,2,2,1,1,0.1,world,2.273604671,11.4568293,16.35343159
545.756,sort,0.7972508591,11,5,0.1085714286,12.10313762,12.02883877,13.41449381,147,934,1225,5,2,2,1,1,0.132,world,11.46769124,18.71733584,23.46170744
545.8,ours,1,0,0,0.4,3.190379851,3.395625821,4.589943825,0,741,1235,5,2,2,1,1,0.012,world,2.274991017,11.45666906,16.35570513
545.8,ab3dmot,1,0,0,0.4,3.190986721,3.395812099,4.58363473,0,744,1240,5,2,2,1,1,0.076,world,2.272974938,11.4554801,16.34778546
545.8,sort,0.7918088737,11,5,0.1097560976,12.10313762,12.03091464,13.41446777,147,937,1230,5,2,2,1,1,0.076,world,11.46673279,18.71591962,23.45914195
545.888,ours,1,0,0,0.4,3.190379851,3.396025284,4.589910259,0,744,1240,5,2,2,1,1,0.028,world,2.274451096,11.45574439,16.35320052
545.888,ab3dmot,1,0,0,0.4,3.190986721,3.396230587,4.583296572,0,747,1245,5,2,2,1,1,0.1,world,2.272055979,11.45411086,16.34252506
545.888,sort,0.786440678,11,5,0.1109311741,12.10313762,12.03295459,13.41444173,147,940,1235,5,2,2,1,1,0.164,world,11.46537725,18.71429962,23.45647451
545.956,ours,1,0,0,0.4,3.190379851,3.396422549,4.589876693,0,747,1245,5,2,2,1,1,0.036,world,2.273541344,11.45470431,16.35041228
545.956,ab3dmot,1,0,0,0.4,3.190986721,3.396640839,4.582958414,0,750,1250,5,2,2,1,1,0.168,world,2.271172738,11.45353662,16.34226695
545.956,sort,0.7811447811,11,5,0.1120967742,12.10313762,12.03446698,13.4144157,147,943,1240,5,2,2,1,1,0.136,world,11.46370658,18.71250764,23.45369244
546.02,ours,1,0,0,0.4,3.190379851,3.396811037,4.589843127,0,750,1250,5,2,2,1,1,0.02,world,2.27240589,11.45403149,16.35012107
546.02,ab3dmot,1,0,0,0.4,3.190986721,3.397042241,4.582777512,0,753,1255,5,2,2,1,1,0.232,world,2.270037362,11.45286392,16.34197533
546.02,sort,0.7759197324,11,5,0.113253012,12.10313762,12.03576395,13.41438966,147,946,1245,5,2,2,1,1,0.1,world,11.46169213,18.71053674,23.45081168
546.1,ours,1,0,0,0.4,3.190379851,3.397190159,4.589411933,0,753,1255,5,2,2,1,1,0.016,world,2.271023317,11.45326288,16.34979815
546.1,ab3dmot,1,0,0,0.4,3.190986721,3.397434206,4.582753867,0,756,1260,5,2,2,1,1,0.312,world,2.268654587,11.45209544,16.341652
546.1,sort,0.7707641196,11,5,0.1144,12.10313762,12.03690726,13.41436363,147,949,1250,5,2,2,1,1,0.112,world,11.45932726,18.70838775,23.44784275
546.172,ours,1,0,0,0.4,3.190379851,3.397602475,4.588583113,0,756,1260,5,2,2,1,1,0.02,world,2.267347457,11.44813613,16.32930506
546.172,ab3dmot,1,0,0,0.4,3.190986721,3.397854491,4.582730222,0,759,1265,5,2,2,1,1,0.052,world,2.262409924,11.44461404,16.32165119
546.172,sort,0.7656765677,11,5,0.1155378486,12.10313762,12.03784086,13.41353634,147,952,1255,5,2,2,1,1,0.084,world,11.45664489,18.70607536,23.44478616
546.256,ours,1,0,0,0.4,3.190379851,3.398009035,4.587754292,0,759,1265,5,2,2,1,1,0.04,world,2.264041811,11.44579167,16.32588064
546.256,ab3dmot,1,0,0,0.4,3.190986721,3.398265009,4.582706576,0,762,1270,5,2,2,1,1,0.104,world,2.259743564,11.44315471,16.32030711
546.256,sort,0.7606557377,11,5,0.1166666667,12.10313762,12.03848225,13.41270904,147,955,1260,5,2,2,1,1,0.104,world,11.45362698,18.70359647,23.44165578
546.34,ours,1,0,0,0.4,3.190379851,3.39839996,4.586925472,0,762,1270,5,2,2,1,1,0.04,world,2.260816889,11.44414936,16.32525888
546.34,ab3dmot,1,0,0,0.4,3.190986721,3.398659924,4.582682931,0,765,1275,5,2,2,1,1,0.188,world,2.256515735,11.44151204,16.3196849
546.34,sort,0.7557003257,11,5,0.1177865613,12.10313762,12.03896482,13.41188175,147,958,1265,5,2,2,1,1,0.124,world,11.44850455,18.69862465,23.43459286
546.4,ours,1,0,0,0.4,3.190379851,3.398783364,4.586096652,0,765,1275,5,2,2,1,1,0.016,world,2.259629939,11.44356063,16.32503957
546.4,ab3dmot,1,0,0,0.4,3.190986721,3.399047315,4.582659286,0,768,1280,5,2,2,1,1,0.248,world,2.255327582,11.44092314,16.31946544
546.4,sort,0.7540453074,13,5,0.1173228346,12.10313762,12.0417948,13.41451984,147,961,1270,5,2,2,1,1,0.084,world,11.43010443,18.68423123,23.42386031
546.496,ours,1,0,0,0.4,3.190379851,3.39916783,4.585267831,0,768,1280,5,2,2,1,1,0.04,world,2.252710738,11.43754293,16.31482443
546.496,ab3dmot,1,0,0,0.4,3.190986721,3.399427556,4.58263564,0,771,1285,5,2,2,1,1,0.08,world,2.247033461,11.43566495,16.31203744
546.496,sort,0.7524115756,13,5,0.1184313725,12.10313762,12.04470145,13.42080288,147,964,1275,5,2,2,1,1,0.112,world,11.40200899,18.66766166,23.41412657
546.58,ours,1,0,0,0.4,3.190379851,3.399541588,4.584439011,0,771,1285,5,2,2,1,1,0.032,world,2.248460301,11.4353931,16.3122516
546.58,ab3dmot,1,0,0,0.4,3.190986721,3.399795721,4.582611995,0,774,1290,5,2,2,1,1,0.096,world,2.243047187,11.43395106,16.31004495
546.58,sort,0.750798722,13,5,0.11953125,12.10313762,12.04769837,13.44918009,147,967,1280,5,2,2,1,1,0.132,world,11.38147326,18.65549475,23.4070127
546.648,ours,1,0,0,0.4,3.190379851,3.399908208,4.583610191,0,774,1290,5,2,2,1,1,0.036,world,2.244019708,11.43269896,16.30761929
546.648,ab3dmot,1,0,0,0.4,3.190986721,3.40015506,4.58258835,0,777,1295,5,2,2,1,1,0.1,world,2.239974808,11.43205865,16.30703097
546.648,sort,0.7492063492,13,5,0.1206225681,12.10313762,12.05080077,13.49840152,147,970,1285,5,2,2,1,1,0.132,world,11.36230125,18.64404727,23.4000596
546.712,ours,1,0,0,0.4,3.190379851,3.400266971,4.58278137,0,777,1295,5,2,2,1,1,0.012,world,2.240526954,11.43037247,16.30392344
546.712,ab3dmot,1,0,0,0.4,3.190986721,3.400509715,4.582564704,0,780,1300,5,2,2,1,1,0.064,world,2.237537457,11.42982574,16.30222865
546.712,sort,0.7476340694,13,5,0.1217054264,12.10313762,12.05407718,13.54495674,147,973,1290,5,2,2,1,1,0.1,world,11.33716886,18.62927416,23.39148228
546.796,ours,1,0,0,0.4,3.190379851,3.400616104,4.58195255,0,780,1300,5,2,2,1,1,0.024,world,2.236874551,11.42818443,16.30092981
546.796,ab3dmot,1,0,0,0.4,3.190986721,3.40085322,4.581836339,0,783,1305,5,2,2,1,1,0.084,world,2.234411233,11.42799391,16.30047279
546.796,sort,0.7460815047,13,5,0.1227799228,12.10313762,12.05739932,13.58349886,147,976,1295,5,2,2,1,1,0.116,world,11.29887326,18.60951127,23.38268396
546.88,ours,1,0,0,0.4,3.190379851,3.400948112,4.581366546,0,783,1305,5,2,2,1,1,0.028,world,2.231370178,11.42517317,16.29871331
546.88,ab3dmot,1,0,0,0.4,3.190986721,3.401180283,4.580403254,0,786,1310,5,2,2,1,1,0.1,world,2.231598745,11.42579608,16.29987551
546.88,sort,0.7445482866,13,5,0.1238461538,12.10313762,12.06075169,13.59200414,147,979,1300,5,2,2,1,1,0.132,world,11.25760078,18.58788341,23.37221567
546.948,ours,1,0,0,0.4,3.190379851,3.401271718,4.581023358,0,786,1310,5,2,2,1,1,0.036,world,2.230788322,11.42351967,16.29765162
546.948,ab3dmot,1,0,0,0.4,3.190986721,3.401496324,4.578970168,0,789,1315,5,2,2,1,1,0.104,world,2.230706092,11.42439355,16.29996745
546.948,sort,0.7430340557,13,5,0.1249042146,12.10313762,12.06419657,13.63315204,147,982,1305,5,2,2,1,1,0.104,world,11.20515795,18.56133617,23.36141466
547.016,ours,1,0,0,0.4,3.190379851,3.40159339,4.58068017,0,789,1315,5,2,2,1,1,0.016,world,2.231569737,11.4224291,16.29639276
547.016,ab3dmot,1,0,0,0.4,3.190986721,3.401810842,4.577537083,0,792,1320,5,2,2,1,1,0.072,world,2.232818861,11.42365248,16.29957227
547.016,sort,0.7415384615,13,5,0.1259541985,12.10313762,12.06887557,13.64572502,147,985,1310,5,2,2,1,1,0.104,world,11.57434801,18.73309714,23.40636125
547.108,ours,1,0,0,0.4,3.190379851,3.401895187,4.580336983,0,792,1320,5,2,2,1,1,0.008,world,2.225640301,11.41959608,16.29488433
547.108,ab3dmot,1,0,0,0.4,3.190986721,3.402110514,4.576103998,0,795,1325,5,2,2,1,1,0.064,world,2.225327275,11.41960881,16.29453093
547.108,sort,0.7400611621,13,5,0.1269961977,12.10313762,12.07215976,13.64472489,147,988,1315,5,2,2,1,1,0.132,world,11.51598936,18.70186433,23.39170825
547.188,ours,1,0,0,0.4,3.190379851,3.402189759,4.579993795,0,795,1325,5,2,2,1,1,0.02,world,2.220411354,11.41632756,16.28955957
547.188,ab3dmot,1,0,0,0.4,3.190986721,3.402400809,4.574670912,0,798,1330,5,2,2,1,1,0.08,world,2.219712074,11.41664802,16.28976264
547.188,sort,0.7386018237,13,5,0.128030303,12.10313762,12.07553543,13.64372477,147,991,1320,5,2,2,1,1,0.112,world,11.50392946,18.6937803,23.38546048
547.268,ours,1,0,0,0.4,3.190379851,3.402472562,4.579650607,0,798,1330,5,2,2,1,1,0.028,world,2.214421518,11.41353071,16.28575345
547.268,ab3dmot,1,0,0,0.4,3.190986721,3.402683401,4.573237827,0,801,1335,5,2,2,1,1,0.092,world,2.216510446,11.41448548,16.2853295
547.268,sort,0.7371601208,13,5,0.1290566038,12.10313762,12.07894768,13.6579069,147,994,1325,5,2,2,1,1,0.124,world,11.49356003,18.6869463,23.38010066
547.356,ours,1,0,0,0.4,3.190379851,3.402746929,4.57930742,0,801,1335,5,2,2,1,1,0.048,world,2.21220386,11.41076871,16.27995106
547.356,ab3dmot,1,0,0,0.4,3.190986721,3.402955925,4.571804741,0,804,1340,5,2,2,1,1,0.116,world,2.214272153,11.41190824,16.28044578
547.356,sort,0.7357357357,13,5,0.130075188,12.10313762,12.08242388,13.67001048,147,997,1330,5,2,2,1,1,0.116,world,11.47807639,18.67684271,23.37227529
547.432,ours,1,0,0,0.4,3.190379851,3.403023822,4.578964232,0,804,1340,5,2,2,1,1,0.032,world,2.212601138,11.4083262,16.27286447
547.432,ab3dmot,1,0,0,0.4,3.190986721,3.4032355,4.570371656,0,807,1345,5,2,2,1,1,0.092,world,2.216283301,11.40945484,16.27201529
547.432,sort,0.7343283582,13,5,0.1310861423,12.10313762,12.08593374,13.67455169,147,1000,1335,5,2,2,1,1,0.124,world,11.46735686,18.66988859,23.36699364
547.504,ours,1,0,0,0.4,3.190379851,3.403299814,4.578621044,0,807,1345,5,2,2,1,1,0.008,world,2.212609085,11.40614492,16.26736217
547.504,ab3dmot,1,0,0,0.4,3.190986721,3.403524122,4.568938571,0,810,1350,5,2,2,1,1,0.064,world,2.217235302,11.40533138,16.26198135
547.504,sort,0.7329376855,13,5,0.1320895522,12.10313762,12.09060996,13.68517555,147,1003,1340,5,2,2,1,1,0.1,world,11.83541195,18.84499578,23.4113243
547.596,ours,1,0,0,0.4,3.190379851,3.403575297,4.578277857,0,810,1350,5,2,2,1,1,0.024,world,2.21073788,11.40312956,16.26067608
547.596,ab3dmot,1,0,0,0.4,3.190986721,3.403828868,4.568125731,0,813,1355,5,2,2,1,1,0.056,world,2.21745023,11.40042785,16.24860289
547.596,sort,0.7315634218,13,5,0.1330855019,12.10313762,12.09538318,13.71326615,147,1006,1345,5,2,2,1,1,0.124,world,11.85225609,18.85142244,23.40989098
547.672,ours,1,0,0,0.4,3.190379851,3.403844636,4.577766488,0,813,1355,5,2,2,1,1,0.028,world,2.204854931,11.39823363,16.25231149
547.672,ab3dmot,1,0,0,0.4,3.190986721,3.404120456,4.567933136,0,816,1360,5,2,2,1,1,0.1,world,2.21161949,11.39643169,16.24377768
547.672,sort,0.7302052786,13,5,0.1340740741,12.10313762,12.10032217,13.72291777,147,1009,1350,5,2,2,1,1,0.1,world,11.87667365,18.86073542,23.40780772
547.768,ours,1,0,0,0.4,3.190379851,3.404115349,4.577086937,0,816,1360,5,2,2,1,1,0.052,world,2.202879322,11.39481877,16.24485946
547.768,ab3dmot,1,0,0,0.4,3.190986721,3.404405504,4.567740542,0,819,1365,5,2,2,1,1,0.164,world,2.2080896,11.39341789,16.23927965
547.768,sort,0.7288629738,13,5,0.1350553506,12.10313762,12.10534214,13.72337682,147,1012,1355,5,2,2,1,1,0.132,world,11.89193601,18.86652361,23.40642866
547.836,ours,1,0,0,0.4,3.190379851,3.404369898,4.576407387,0,819,1365,5,2,2,1,1,0.028,world,2.197721294,11.39277661,16.24428528
547.836,ab3dmot,1,0,0,0.4,3.190986721,3.404674339,4.567547947,0,822,1370,5,2,2,1,1,0.232,world,2.202942055,11.39139534,16.2387052
547.836,sort,0.7275362319,13,5,0.1360294118,12.10313762,12.11054213,13.72516569,147,1015,1360,5,2,2,1,1,0.1,world,11.91980871,18.87804969,23.40626436
547.916,ours,1,0,0,0.4,3.190379851,3.40460843,4.575727837,0,822,1370,5,2,2,1,1,0.016,world,2.192508799,11.39072829,16.24371884
547.916,ab3dmot,1,0,0,0.4,3.190986721,3.404927107,4.567355353,0,825,1375,5,2,2,1,1,0.312,world,2.197740273,11.38936551,16.2381385
547.916,sort,0.7262247839,13,5,0.136996337,12.10313762,12.11581903,13.72808322,147,1018,1365,5,2,2,1,1,0.116,world,11.93499232,18.88387313,23.4050601
547.996,ours,1,0,0,0.4,3.190379851,3.404887651,4.575048287,0,825,1375,5,2,2,1,1,0.028,world,2.191318306,11.38083843,16.21345358
547.996,ab3dmot,1,0,0,0.4,3.190986721,3.40522391,4.567162759,0,828,1380,5,2,2,1,1,0.06,world,2.193253371,11.37881017,16.20420435
547.996,sort,0.7249283668,13,5,0.1379562044,12.10313762,12.1215849,13.73080976,147,1021,1370,5,2,2,1,1,0.128,world,12.09637227,18.95013551,23.40338897
548.08,ours,1,0,0,0.4,3.190379851,3.405157117,4.574368736,0,828,1380,5,2,2,1,1,0.04,world,2.186278298,11.37811302,16.20985374
548.08,ab3dmot,1,0,0,0.4,3.190986721,3.405511843,4.566970164,0,831,1385,5,2,2,1,1,0.08,world,2.18628092,11.3759196,16.19903852
548.08,sort,0.7236467236,13,5,0.1389090909,12.10805093,12.12756098,13.73325074,147,1024,1375,5,2,2,1,1,0.112,world,12.13841585,18.96792906,23.40401089
548.164,ours,1,0,0,0.4,3.190379851,3.405424416,4.573689186,0,831,1385,5,2,2,1,1,0.032,world,2.180421272,11.37447608,16.20229466
548.164,ab3dmot,1,0,0,0.4,3.190986721,3.405790718,4.56677757,0,834,1390,5,2,2,1,1,0.096,world,2.179799819,11.37214771,16.1951405
548.164,sort,0.7223796034,13,5,0.1398550725,12.13130859,12.13366759,13.73785045,147,1027,1380,5,2,2,1,1,0.132,world,12.17591707,18.98261813,23.40249979
548.232,ours,1,0,0,0.4,3.190379851,3.405688759,4.573009636,0,834,1390,5,2,2,1,1,0.024,world,2.174807754,11.37023233,16.19565022
548.232,ab3dmot,1,0,0,0.4,3.190986721,3.406057834,4.566584975,0,837,1395,5,2,2,1,1,0.1,world,2.173456806,11.3689068,16.19249345
548.232,sort,0.7211267606,13,5,0.1407942238,12.13841585,12.13995173,13.74300944,147,1030,1385,5,2,2,1,1,0.1,world,12.20821022,18.99928223,23.40894614
548.3,ours,1,0,0,0.4,3.190379851,3.405942524,4.572330086,0,837,1395,5,2,2,1,1,0.004,world,2.16861242,11.36695465,16.1925367
548.3,ab3dmot,1,0,0,0.4,3.190986721,3.406310257,4.566392381,0,840,1400,5,2,2,1,1,0.068,world,2.164048451,11.36474435,16.19022887
548.3,sort,0.7198879552,13,5,0.1417266187,12.14013398,12.14629146,13.74373813,147,1033,1390,5,2,2,1,1,0.1,world,12.21815524,19.00377255,23.41007661
548.4,ours,1,0,0,0.4,3.190379851,3.406176609,4.571650535,0,840,1400,5,2,2,1,1,0.024,world,2.157605279,11.36226804,16.18934805
548.4,ab3dmot,1,0,0,0.4,3.190986721,3.406538244,4.566197977,0,843,1405,5,2,2,1,1,0.072,world,2.152326635,11.3603001,16.18951073
548.4,sort,0.7186629526,13,5,0.1426523297,12.14087625,12.15279663,13.74434778,147,1036,1395,5,2,2,1,1,0.104,world,12.25328554,19.01855887,23.41040488
548.492,ours,1,0,0,0.4,3.190379851,3.406398274,4.571262852,0,843,1405,5,2,2,1,1,0.028,world,2.149775146,11.35858411,16.18697844
548.492,ab3dmot,1,0,0,0.4,3.190986721,3.406749041,4.566001765,0,846,1410,5,2,2,1,1,0.096,world,2.143944172,11.35706546,16.18945607
548.492,sort,0.7174515235,13,5,0.1435714286,12.15324924,12.15939804,13.74531898,147,1039,1400,5,2,2,1,1,0.128,world,12.27871458,19.0294059,23.41098984
548.568,ours,1,0,0,0.4,3.190379851,3.406606724,4.571167036,0,846,1410,5,2,2,1,1,0.012,world,2.141944683,11.35493708,16.18544684
548.568,ab3dmot,1,0,0,0.4,3.190986721,3.406944538,4.565805552,0,849,1415,5,2,2,1,1,0.072,world,2.136326786,11.35375982,16.18933734
548.568,sort,0.7190082645,13,5,0.1444839858,12.15413109,12.16608223,13.74730605,147,1042,1405,5,2,2,1,1,0.14,world,12.30230324,19.03946049,23.4115337
548.652,ours,1,0,0,0.4,3.190379851,3.406796448,4.57107122,0,849,1415,5,2,2,1,1,0.052,world,2.132209146,11.35081091,16.18332694
548.652,ab3dmot,1,0,0,0.4,3.190986721,3.407119928,4.56560934,0,852,1420,5,2,2,1,1,0.124,world,2.126979952,11.35016711,16.1879313
548.652,sort,0.7205479452,13,5,0.1453900709,12.16458591,12.1727068,13.75016252,147,1045,1410,5,2,2,1,1,0.124,world,12.25539599,19.01498571,23.40571298
548.72,ours,1,0,0,0.4,3.190379851,3.406973508,4.570975403,0,852,1420,5,2,2,1,1,0.02,world,2.123407081,11.34719788,16.1807775
548.72,ab3dmot,1,0,0,0.4,3.190986721,3.407280936,4.565413127,0,855,1425,5,2,2,1,1,0.092,world,2.117797063,11.34677313,16.18599363
548.72,sort,0.7220708447,13,5,0.1462897527,12.16459011,12.17933789,13.7736236,147,1048,1415,5,2,2,1,1,0.092,world,12.228488,18.99718704,23.39628082
548.804,ours,1,0,0,0.4,3.190379851,3.407136985,4.570879587,0,855,1425,5,2,2,1,1,0.004,world,2.118162774,11.34533185,16.18038186
548.804,ab3dmot,1,0,0,0.4,3.190986721,3.407428525,4.565216915,0,858,1430,5,2,2,1,1,0.176,world,2.112539884,11.34490417,16.18559813
548.804,sort,0.722826087,13,5,0.1464788732,12.17025359,12.17950907,13.77199488,147,1052,1420,5,1,1,1,1,0.112,world,12.24217205,19.00232212,23.39587978
548.9,ours,1,0,0,0.4,3.190379851,3.407281278,4.570783771,0,858,1430,5,2,2,1,1,0.028,world,2.110386462,11.34259336,16.17982344
548.9,ab3dmot,1,0,0,0.4,3.190986721,3.407568785,4.565020703,0,861,1435,5,2,2,1,1,0.076,world,2.10707158,11.34061038,16.18156736
548.9,sort,0.7235772358,13,5,0.1466666667,12.17591707,12.17973941,13.77036615,147,1056,1425,5,1,1,1,1,0.108,world,12.26420957,19.01077068,23.39564131
548.988,ours,1,0,0,0.4,3.190379851,3.407425175,4.570687955,0,861,1435,5,2,2,1,1,0.032,world,2.105945783,11.33836359,16.175153
548.988,ab3dmot,1,0,0,0.4,3.190986721,3.407700649,4.56482449,0,864,1440,5,2,2,1,1,0.096,world,2.104601118,11.33878818,16.18121997
548.988,sort,0.7243243243,13,5,0.1468531469,12.17861973,12.18001012,13.76873743,147,1060,1430,5,1,1,1,1,0.128,world,12.27949473,19.01672105,23.39569397
549.076,ours,1,0,0,0.4,3.190379851,3.407552408,4.570592139,0,864,1440,5,2,2,1,1,0.028,world,2.100001256,11.33585361,16.1754127
549.076,ab3dmot,1,0,0,0.4,3.190986721,3.407816332,4.564628278,0,867,1445,5,2,2,1,1,0.12,world,2.099797718,11.33676338,16.1817012
549.076,sort,0.7250673854,13,5,0.1470383275,12.18132239,12.1803372,13.7671087,147,1064,1435,5,1,1,1,1,0.12,world,12.30076011,19.02500224,23.39587353
549.148,ours,1,0,0,0.4,3.190379851,3.407670348,4.570496322,0,867,1445,5,2,2,1,1,0.044,world,2.097602643,11.33435763,16.17586151
549.148,ab3dmot,1,0,0,0.4,3.190986721,3.407922404,4.564432065,0,870,1450,5,2,2,1,1,0.124,world,2.097367917,11.33547716,16.18205172
549.148,sort,0.7258064516,13,5,0.1472222222,12.18679086,12.18070504,13.76547997,147,1068,1440,5,1,1,1,1,0.124,world,12.31641596,19.03123278,23.39628572
549.2,ours,1,0,0,0.4,3.190379851,3.40778363,4.570400506,0,870,1450,5,2,2,1,1,0.012,world,2.096693658,11.33367913,16.1761125
549.2,ab3dmot,1,0,0,0.4,3.190986721,3.40802507,4.564106724,0,873,1455,5,2,2,1,1,0.08,world,2.098366607,11.33540212,16.18257766
549.2,sort,0.726541555,13,5,0.1474048443,12.19225933,12.18111852,13.76385125,147,1072,1445,5,1,1,1,1,0.112,world,12.33397086,19.03866135,23.39740703
549.256,ours,1,0,0,0.4,3.190379851,3.407885962,4.570228809,0,873,1455,5,2,2,1,1,0.008,world,2.092668354,11.33226016,16.17616812
549.256,ab3dmot,1,0,0,0.4,3.190986721,3.408118703,4.563652253,0,876,1460,5,2,2,1,1,0.1,world,2.094848225,11.33390325,16.18193334
549.256,sort,0.7272727273,13,5,0.1475862069,12.1869151,12.18111973,13.76222252,147,1076,1450,5,1,1,1,1,0.1,world,12.18157087,18.94898933,23.35101955
549.3,ours,1,0,0,0.4,3.190379851,3.407985477,4.569981229,0,876,1460,5,2,2,1,1,0.012,world,2.091994995,11.3315236,16.17558834
549.3,ab3dmot,1,0,0,0.4,3.190986721,3.408210752,4.563197782,0,879,1465,5,2,2,1,1,0.08,world,2.094788644,11.33336581,16.18075804
549.3,sort,0.728,13,5,0.147766323,12.18838533,12.18113911,13.7605938,147,1080,1455,5,1,1,1,1,0.08,world,12.18838533,18.95024615,23.34912097
549.36,ours,1,0,0,0.4,3.190379851,3.408080834,4.56973365,0,879,1465,5,2,2,1,1,0.016,world,2.090568993,11.33083125,16.17515885
549.36,ab3dmot,1,0,0,0.4,3.190986721,3.408300957,4.562743311,0,882,1470,5,2,2,1,1,0.104,world,2.093391834,11.33238799,16.17904544
549.36,sort,0.7287234043,13,5,0.1479452055,12.1849781,12.18101042,13.75896507,147,1084,1460,5,1,1,1,1,0.104,world,12.13265418,18.92851483,23.35140957
549.4,ours,1,0,0,0.4,3.190379851,3.408171581,4.569486071,0,882,1470,5,2,2,1,1,0.012,world,2.087371403,11.32890021,16.17264324
549.4,ab3dmot,1,0,0,0.4,3.190986721,3.408390855,4.56228884,0,885,1475,5,2,2,1,1,0.08,world,2.090397623,11.329942,16.17423387
549.4,sort,0.7294429708,13,5,0.1481228669,12.18157087,12.18088313,13.75733634,147,1088,1465,5,1,1,1,1,0.08,world,12.13292835,18.9268901,23.34927869
549.452,ours,1,0,0,0.4,3.190379851,3.408267661,4.569238492,0,885,1475,5,2,2,1,1,0.032,world,2.086339346,11.32683266,16.167753
549.452,ab3dmot,1,0,0,0.4,3.190986721,3.408494726,4.56183437,0,888,1480,5,2,2,1,1,0.064,world,2.08927582,11.32634712,16.1650025
549.452,sort,0.7301587302,13,5,0.1482993197,12.18144663,12.18075705,13.75570762,147,1092,1470,5,1,1,1,1,0.1,world,12.1331325,18.92612102,23.3482614
549.5,ours,1,0,0,0.4,3.190379851,3.408373681,4.568990913,0,888,1480,5,2,2,1,1,0.016,world,2.08504634,11.32378707,16.16064432
549.5,ab3dmot,1,0,0,0.4,3.190986721,3.408603251,4.561379899,0,891,1485,5,2,2,1,1,0.08,world,2.087440438,11.32404523,16.16010384
549.5,sort,0.7308707124,13,5,0.1484745763,12.18132239,12.18064109,13.75407889,147,1096,1475,5,1,1,1,1,0.08,world,12.13672873,18.92617408,23.34667038
549.552,ours,1,0,0,0.4,3.190379851,3.408476705,4.568743334,0,891,1485,5,2,2,1,1,0.036,world,2.080886091,11.32129017,16.15715362
549.552,ab3dmot,1,0,0,0.4,3.190986721,3.408710736,4.560925428,0,894,1490,5,2,2,1,1,0.1,world,2.08315865,11.32119871,16.15549712
549.552,sort,0.7315789474,13,5,0.1486486486,12.17861973,12.18051962,13.75245017,147,1100,1480,5,1,1,1,1,0.1,world,12.13439444,18.92407949,23.34533521
549.588,ours,1,0,0,0.4,3.190379851,3.408589519,4.568495754,0,894,1490,5,2,2,1,1,0.004,world,2.079415658,11.3183019,16.14995106
549.588,ab3dmot,1,0,0,0.4,3.190986721,3.408831804,4.560470957,0,897,1495,5,2,2,1,1,0.072,world,2.081494819,11.3175283,16.14616081
549.588,sort,0.7322834646,13,5,0.1488215488,12.17591707,12.18039981,13.75082144,147,1104,1485,5,1,1,1,1,0.104,world,12.13478613,18.92342996,23.34444662
549.624,ours,1,0,0,0.4,3.190379851,3.408705371,4.568248175,0,897,1495,5,2,2,1,1,0.012,world,2.077540957,11.31633493,16.1458988
549.624,ab3dmot,1,0,0,0.4,3.190986721,3.408957699,4.560016487,0,900,1500,5,2,2,1,1,0.076,world,2.079482236,11.31522252,16.1410463
549.624,sort,0.7329842932,13,5,0.1489932886,12.17025359,12.18029051,13.75065671,147,1108,1490,5,1,1,1,1,0.076,world,12.13857512,18.92360614,23.34298681
549.684,ours,1,0,0,0.4,3.190379851,3.408820708,4.568000596,0,900,1500,5,2,2,1,1,0.012,world,2.073501811,11.31360708,16.14140507
549.684,ab3dmot,1,0,0,0.4,3.190986721,3.40909169,4.559156072,0,903,1505,5,2,2,1,1,0.068,world,2.075172687,11.31103566,16.13178425
549.684,sort,0.7336814621,13,5,0.1491638796,12.16459011,12.18017671,13.75049198,147,1112,1495,5,1,1,1,1,0.1,world,12.13662773,18.92175518,23.34190676
549.716,ours,1,0,0,0.4,3.190379851,3.408948925,4.567700293,0,903,1505,5,2,2,1,1,0.016,world,2.073699306,11.31146843,16.13434879
549.716,ab3dmot,1,0,0,0.4,3.190986721,3.409233237,4.557889715,0,906,1510,5,2,2,1,1,0.064,world,2.075047312,11.30966036,16.12720274
549.716,sort,0.734375,13,5,0.1493333333,12.16458801,12.18007993,13.75032725,147,1116,1500,5,1,1,1,1,0.064,world,12.14295581,18.92325975,23.34077021
549.784,ours,1,0,0,0.4,3.190379851,3.409074692,4.567347267,0,906,1510,5,2,2,1,1,0.02,world,2.069780545,11.30921982,16.13089855
549.784,ab3dmot,1,0,0,0.4,3.190986721,3.409372689,4.556623357,0,909,1515,5,2,2,1,1,0.1,world,2.070986072,11.30732455,16.12338877
549.784,sort,0.7350649351,13,5,0.1495016611,12.16458591,12.17870221,13.75016252,147,1120,1505,5,1,1,1,1,0.1,world,11.63760723,18.67783545,23.26377521
549.816,ours,1,0,0,0.4,3.190379851,3.409207253,4.56699424,0,909,1515,5,2,2,1,1,0.016,world,2.068547317,11.30711087,16.12497771
549.816,ab3dmot,1,0,0,0.4,3.190986721,3.409518758,4.555356999,0,912,1520,5,2,2,1,1,0.068,world,2.069659342,11.30528543,16.11729166
549.816,sort,0.7357512953,13,5,0.1496688742,12.1593585,12.17689092,13.74999779,147,1124,1510,5,1,1,1,1,0.1,world,11.45829119,18.59250246,23.23912557
549.88,ours,1,0,0,0.4,3.190379851,3.409338567,4.566641213,0,912,1520,5,2,2,1,1,0.024,world,2.065278897,11.30503631,16.12134664
549.88,ab3dmot,1,0,0,0.4,3.190986721,3.40966387,4.554090642,0,915,1525,5,2,2,1,1,0.096,world,2.066457956,11.30321967,16.11342133
549.88,sort,0.7364341085,13,5,0.1498349835,12.15413109,12.17480047,13.74983306,147,1128,1515,5,1,1,1,1,0.096,world,11.33913497,18.53580665,23.22308502
549.9,ours,1,0,0,0.4,3.190379851,3.4094715,4.566288187,0,915,1525,5,2,2,1,1,0,world,2.063952174,11.30374636,16.1182367
549.9,ab3dmot,1,0,0,0.4,3.190986721,3.409815877,4.552824284,0,918,1530,5,2,2,1,1,0.052,world,2.065680124,11.30136798,16.10754525
549.9,sort,0.7371134021,13,5,0.15,12.15369016,12.17257362,13.74966833,147,1132,1520,5,1,1,1,1,0.084,world,11.27782029,18.50723258,23.21565364
549.968,ours,1,0,0,0.4,3.190379851,3.409605758,4.56593516,0,918,1530,5,2,2,1,1,0.02,world,2.062581652,11.3024751,16.11533836
549.968,ab3dmot,1,0,0,0.4,3.190986721,3.409969145,4.551557927,0,921,1535,5,2,2,1,1,0.088,world,2.06436642,11.30010433,16.10466128
549.968,sort,0.7377892031,13,5,0.1501639344,12.15324924,12.17020774,13.7495036,147,1136,1525,5,1,1,1,1,0.088,world,11.21464344,18.47747761,23.20750141
550,ours,1,0,0,0.4,3.190379851,3.409747385,4.565582134,0,921,1535,5,2,2,1,1,0,world,2.061834568,11.30047765,16.10953688
550,ab3dmot,1,0,0,0.4,3.190986721,3.410128788,4.550291569,0,924,1540,5,2,2,1,1,0.052,world,2.063546395,11.29828656,16.09917176
550,sort,0.7384615385,13,5,0.1503267974,12.14810252,12.16777924,13.74933887,147,1140,1530,5,1,1,1,1,0.088,world,11.18316125,18.46309205,23.20402222
550.06,ours,1,0,0,0.4,3.190379851,3.40988745,4.565229107,0,924,1540,5,2,2,1,1,0.024,world,2.058740429,11.29867142,16.10647263
550.06,ab3dmot,1,0,0,0.4,3.190986721,3.410287407,4.549025211,0,927,1545,5,2,2,1,1,0.08,world,2.060262621,11.29624659,16.09578751
550.06,sort,0.7391304348,13,5,0.1504885993,12.14295581,12.1652485,13.74917414,147,1144,1535,5,1,1,1,1,0.08,world,11.13448696,18.44047013,23.19837312
550.1,ours,1,0,0,0.4,3.190379851,3.410037166,4.564876081,0,927,1545,5,2,2,1,1,0.02,world,2.057742118,11.29619715,16.0994796
550.1,ab3dmot,1,0,0,0.4,3.190986721,3.410458152,4.547758854,0,930,1550,5,2,2,1,1,0.052,world,2.059013096,11.2932166,16.08736171
550.1,sort,0.7397959184,13,5,0.1506493506,12.14191603,12.16269035,13.74900941,147,1148,1540,5,1,1,1,1,0.088,world,11.11743517,18.43289851,23.19672896
550.152,ours,1,0,0,0.4,3.190379851,3.410188386,4.564523054,0,930,1550,5,2,2,1,1,0.032,world,2.054676982,11.29391424,16.09510553
550.152,ab3dmot,1,0,0,0.4,3.190986721,3.410621635,4.546871202,0,933,1555,5,2,2,1,1,0.104,world,2.055570362,11.29224048,16.08738042
550.152,sort,0.7385786802,13,6,0.1514563107,12.14050511,12.15966575,13.74867995,147,1151,1545,5,2,2,1,1,0.104,world,10.57047241,18.21744152,23.21379201
550.2,ours,1,0,0,0.4,3.190379851,3.410342063,4.564010582,0,933,1555,5,2,2,1,1,0.02,world,2.053301633,11.29253451,16.09178564
550.2,ab3dmot,1,0,0,0.4,3.190986721,3.410787109,4.546362258,0,936,1560,5,2,2,1,1,0.12,world,2.054078304,11.29088619,16.08420628
550.2,sort,0.7373737374,13,6,0.1522580645,12.13935455,12.15691044,13.74835049,147,1154,1550,5,2,2,1,1,0.12,world,10.56997617,18.22689736,23.22796329
550.244,ours,1,0,0,0.4,3.190379851,3.410491879,4.563338664,0,936,1560,5,2,2,1,1,0.032,world,2.051660944,11.29208117,16.09180985
550.244,ab3dmot,1,0,0,0.4,3.190986721,3.410948658,4.545853313,0,939,1565,5,2,2,1,1,0.164,world,2.052438296,11.29043318,16.08423054
550.244,sort,0.7361809045,13,6,0.1530546624,12.13849548,12.1543915,13.74802103,147,1157,1555,5,2,2,1,1,0.1,world,10.5696097,18.23505292,23.23991866
550.288,ours,1,0,0,0.4,3.190379851,3.41063795,4.562666746,0,939,1565,5,2,2,1,1,0.012,world,2.050053284,11.29164191,16.09184003
550.288,ab3dmot,1,0,0,0.4,3.190986721,3.411106399,4.545344369,0,942,1570,5,2,2,1,1,0.212,world,2.050831308,11.28999424,16.08426076
550.288,sort,0.735,13,6,0.1538461538,12.13757229,12.15154397,13.74769157,147,1160,1560,5,2,2,1,1,0.112,world,10.5680887,18.29247228,23.34388601
550.332,ours,1,0,0,0.4,3.190379851,3.410780393,4.561994829,0,942,1570,5,2,2,1,1,0.024,world,2.048478938,11.29121677,16.09187616
550.332,ab3dmot,1,0,0,0.4,3.190986721,3.411260448,4.544835424,0,945,1575,5,2,2,1,1,0.252,world,2.049257628,11.28956943,16.08429694
550.332,sort,0.7338308458,13,6,0.1546325879,12.13667823,12.1483875,13.74741644,147,1163,1565,5,2,2,1,1,0.088,world,10.56665661,18.34998803,23.44764255
550.396,ours,1,0,0,0.4,3.190379851,3.410924084,4.561322911,0,945,1575,5,2,2,1,1,0.02,world,2.045904127,11.28938939,16.0882104
550.396,ab3dmot,1,0,0,0.4,3.190986721,3.41141571,4.54432648,0,948,1580,5,2,2,1,1,0.284,world,2.046652876,11.2877236,16.08060713
550.396,sort,0.7326732673,13,6,0.1554140127,12.13570693,12.14500559,13.74719566,147,1166,1570,5,2,2,1,1,0.12,world,10.56384507,18.39618849,23.53235582
550.412,ours,1,0,0,0.4,3.190379851,3.411121746,4.560650993,0,948,1580,5,2,2,1,1,0.004,world,2.051729424,11.28243522,16.0603113
550.412,ab3dmot,1,0,0,0.4,3.190986721,3.411624676,4.543817535,0,951,1585,5,2,2,1,1,0.068,world,2.053715018,11.28126768,16.05335865
550.412,sort,0.7315270936,13,6,0.1561904762,12.13459029,12.141607,13.74697487,147,1169,1575,5,2,2,1,1,0.068,world,10.56258532,18.37740689,23.50104596
550.476,ours,1,0,0,0.4,3.190379851,3.41132052,4.559979075,0,951,1585,5,2,2,1,1,0.016,world,2.050078094,11.28104618,16.05713334
550.476,ab3dmot,1,0,0,0.4,3.190986721,3.411841518,4.54330859,0,954,1590,5,2,2,1,1,0.068,world,2.053485687,11.27926676,16.04718886
550.476,sort,0.7303921569,13,6,0.1569620253,12.13376347,12.13823804,13.74675408,147,1172,1580,5,2,2,1,1,0.1,world,10.56011027,18.35431174,23.4631851
550.5,ours,1,0,0,0.4,3.190379851,3.411533684,4.559307158,0,954,1590,5,2,2,1,1,0,world,2.052453896,11.27936764,16.04972796
550.5,ab3dmot,1,0,0,0.4,3.190986721,3.412064438,4.542799646,0,957,1595,5,2,2,1,1,0.056,world,2.05479575,11.27853174,16.04374791
550.5,sort,0.7292682927,13,6,0.1577287066,12.13303042,12.13487632,13.7465333,147,1175,1585,5,2,2,1,1,0.056,world,10.56019143,18.33657956,23.43217323
550.556,ours,1,0,0,0.4,3.190379851,3.411741223,4.55863524,0,957,1595,5,2,2,1,1,0.008,world,2.049765889,11.27870767,16.04987813
550.556,ab3dmot,1,0,0,0.4,3.190986721,3.412288328,4.542290701,0,960,1600,5,2,2,1,1,0.08,world,2.053014075,11.27711197,16.04070585
550.556,sort,0.7281553398,13,6,0.158490566,12.13303042,12.13389173,13.74631251,147,1178,1590,5,2,2,1,1,0.08,world,11.00199363,18.50152404,23.40033366
550.604,ours,1,0,0,0.4,3.190379851,3.411967013,4.557963322,0,960,1600,5,2,2,1,1,0.004,world,2.051074617,11.27578233,16.03944712
550.604,ab3dmot,1,0,0,0.4,3.190986721,3.412522171,4.541748807,0,963,1605,5,2,2,1,1,0.064,world,2.053213211,11.27506365,16.03433223
550.604,sort,0.7270531401,13,6,0.1592476489,12.13303042,12.13356558,13.74609173,147,1181,1595,5,2,2,1,1,0.096,world,11.00796852,18.48881004,23.37324617
550.66,ours,1,0,0,0.4,3.190379851,3.412187604,4.557108856,0,963,1605,5,2,2,1,1,0.008,world,2.048600661,11.27520934,16.03963299
550.66,ab3dmot,1,0,0,0.4,3.190986721,3.412758553,4.541173964,0,966,1610,5,2,2,1,1,0.084,world,2.051379584,11.27336271,16.03069756
550.66,sort,0.7259615385,13,6,0.16,12.13303042,12.13351383,13.74587094,147,1184,1600,5,2,2,1,1,0.084,world,10.89967216,18.44168968,23.34446964
550.7,ours,1,0,0,0.4,3.190379851,3.412419947,4.556071842,0,966,1610,5,2,2,1,1,0,world,2.048805915,11.27292181,16.03233626
550.7,ab3dmot,1,0,0,0.4,3.190986721,3.412996338,4.540599121,0,969,1615,5,2,2,1,1,0.06,world,2.050990984,11.27261038,16.02864728
550.7,sort,0.7248803828,13,6,0.1607476636,12.13303042,12.13352221,13.74565015,147,1187,1605,5,2,2,1,1,0.092,world,10.82631613,18.39617372,23.31576364
550.764,ours,1,0,0,0.4,3.190379851,3.412650734,4.555034828,0,969,1615,5,2,2,1,1,0.028,world,2.048234982,11.27267747,16.03178948
550.764,ab3dmot,1,0,0,0.4,3.190986721,3.413236136,4.540024277,0,972,1620,5,2,2,1,1,0.092,world,2.050256695,11.27165105,16.02613704
550.764,sort,0.7238095238,13,6,0.1614906832,12.13303042,12.13379848,13.74542937,147,1190,1610,5,2,2,1,1,0.092,world,10.74344177,18.33241894,23.25959016
550.8,ours,1,0,0,0.4,3.190379851,3.412887004,4.553997814,0,972,1620,5,2,2,1,1,0.008,world,2.04727715,11.27097367,16.02708544
550.8,ab3dmot,1,0,0,0.4,3.190986721,3.413475576,4.539449434,0,975,1625,5,2,2,1,1,0.06,world,2.048924486,11.27075989,16.02446821
550.8,sort,0.7227488152,13,6,0.1622291022,12.13303042,12.13418572,13.74526502,147,1193,1615,5,2,2,1,1,0.096,world,10.69253573,18.29701596,23.2333799
550.888,ours,1,0,0,0.4,3.190379851,3.413125311,4.5529608,0,975,1625,5,2,2,1,1,0.028,world,2.046401232,11.26998106,16.02435985
550.888,ab3dmot,1,0,0,0.4,3.190986721,3.413715155,4.538874591,0,978,1630,5,2,2,1,1,0.084,world,2.047664731,11.26984433,16.0227641
550.888,sort,0.7216981132,13,6,0.162962963,12.13303042,12.13491347,13.74719566,147,1196,1620,5,2,2,1,1,0.116,world,10.6258767,18.24025407,23.17834864
550.972,ours,1,0,0,0.4,3.190379851,3.413364945,4.551923785,0,978,1630,5,2,2,1,1,0.036,world,2.045479987,11.269017,16.02233913
550.972,ab3dmot,1,0,0,0.4,3.190986721,3.413945425,4.538299747,0,981,1635,5,2,2,1,1,0.1,world,2.046113309,11.27041378,16.02637628
550.972,sort,0.720657277,13,6,0.1636923077,12.13303042,12.13601328,13.74921128,147,1199,1625,5,2,2,1,1,0.132,world,10.57030122,18.18956085,23.12615867
551.052,ours,1,0,0,0.4,3.190379851,3.413601206,4.550886771,0,981,1635,5,2,2,1,1,0.048,world,2.044755719,11.26900639,16.02306841
551.052,ab3dmot,1,0,0,0.4,3.190986721,3.414169046,4.537724904,0,984,1640,5,2,2,1,1,0.116,world,2.044713215,11.27071664,16.02864876
551.052,sort,0.7196261682,13,6,0.1644171779,12.13303042,12.13748989,13.7504544,147,1202,1630,5,2,2,1,1,0.148,world,10.52798698,18.14739034,23.07975351
551.128,ours,1,0,0,0.4,3.190379851,3.413839559,4.549849757,0,984,1640,5,2,2,1,1,0.028,world,2.043459862,11.26780778,16.02096298
551.128,ab3dmot,1,0,0,0.4,3.190986721,3.414392435,4.53715006,0,987,1645,5,2,2,1,1,0.092,world,2.042953726,11.26965385,16.02782854
551.128,sort,0.7186046512,13,6,0.1651376147,12.13303042,12.13960681,13.76873743,147,1205,1635,5,2,2,1,1,0.124,world,10.47601182,18.09050687,23.01226834
551.2,ours,1,0,0,0.4,3.190379851,3.414075874,4.548812743,0,987,1645,5,2,2,1,1,0.024,world,2.042381484,11.26757716,16.02108607
551.2,ab3dmot,1,0,0,0.4,3.190986721,3.414612304,4.536575217,0,990,1650,5,2,2,1,1,0.1,world,2.041702077,11.26958992,16.02882257
551.2,sort,0.7175925926,13,6,0.1658536585,12.13303042,12.14216461,13.78633528,147,1208,1640,5,2,2,1,1,0.132,world,10.45757468,18.06191162,22.97246027
551.276,ours,1,0,0,0.4,3.190379851,3.414310383,4.547775729,0,990,1650,5,2,2,1,1,0.024,world,2.041562919,11.26748618,16.02127905
551.276,ab3dmot,1,0,0,0.4,3.190986721,3.41482781,4.535996339,0,993,1655,5,2,2,1,1,0.108,world,2.040897256,11.27003978,16.03037605
551.276,sort,0.7165898618,13,6,0.1665653495,12.13303042,12.14544228,13.80087392,147,1211,1645,5,2,2,1,1,0.108,world,10.43008602,18.02094439,22.91424044
551.312,ours,1,0,0,0.4,3.190379851,3.414542255,4.546963926,0,993,1655,5,2,2,1,1,0.012,world,2.041780064,11.26792873,16.02218308
551.312,ab3dmot,1,0,0,0.4,3.190986721,3.415039265,4.535413427,0,996,1660,5,2,2,1,1,0.076,world,2.040535506,11.27052489,16.03188401
551.312,sort,0.7172413793,13,6,0.1660606061,12.13292835,12.14176942,13.79931018,148,1215,1650,5,2,1,1,1,0.076,world,10.42632566,18.00112653,22.87779232
551.376,ours,1,0,0,0.4,3.190379851,3.41477053,4.546377333,0,996,1660,5,2,2,1,1,0.016,world,2.041300043,11.26830385,16.02331901
551.376,ab3dmot,1,0,0,0.4,3.190986721,3.415246144,4.534830515,0,999,1665,5,2,2,1,1,0.108,world,2.03991238,11.27107311,16.03352588
551.376,sort,0.7178899083,13,6,0.1655589124,12.13279126,12.13813431,13.79774645,149,1219,1655,5,2,1,1,1,0.112,world,10.43748746,17.99774681,22.86223649
551.432,ours,1,0,0,0.4,3.190379851,3.414995068,4.545790741,0,999,1665,5,2,2,1,1,0.028,world,2.040430655,11.26869805,16.02473127
551.432,ab3dmot,1,0,0,0.4,3.190986721,3.415448537,4.534247603,0,1002,1670,5,2,2,1,1,0.1,world,2.038806422,11.27155591,16.03529463
551.432,sort,0.7185354691,13,6,0.165060241,12.13265418,12.13453031,13.79618272,150,1223,1660,5,2,1,1,1,0.132,world,10.4453875,17.99386607,22.84853795
551.488,ours,1,0,0,0.4,3.190379851,3.415217593,4.545204149,0,1002,1670,5,2,2,1,1,0.024,world,2.039898497,11.26892939,16.02553982
551.488,ab3dmot,1,0,0,0.4,3.190986721,3.415647393,4.533664691,0,1005,1675,5,2,2,1,1,0.088,world,2.038340044,11.27209352,16.03709782
551.488,sort,0.7191780822,13,6,0.1645645646,12.13198138,12.13091308,13.79461898,151,1227,1665,5,2,1,1,1,0.088,world,10.43081601,17.96728759,22.80490022
551.556,ours,1,0,0,0.4,3.190379851,3.415436333,4.544617557,0,1005,1675,5,2,2,1,1,0.024,world,2.039694486,11.26945415,16.02721254
551.556,ab3dmot,1,0,0,0.4,3.190986721,3.415842078,4.533081778,0,1008,1680,5,2,2,1,1,0.092,world,2.037899054,11.27263024,16.03896207
551.556,sort,0.7198177677,13,6,0.1640718563,12.13130859,12.12733428,13.79305525,152,1231,1670,5,2,1,1,1,0.124,world,10.44256401,17.96642031,22.79273632
551.6,ours,1,0,0,0.4,3.190379851,3.415651309,4.544030965,0,1008,1680,5,2,2,1,1,0.004,world,2.040546409,11.27056113,16.02990591
551.6,ab3dmot,1,0,0,0.4,3.190986721,3.416035046,4.532498866,0,1011,1685,5,2,2,1,1,0.068,world,2.039204512,11.27357457,16.04080142
551.6,sort,0.7204545455,13,6,0.1635820896,12.11967976,12.12377127,13.79149151,153,1235,1675,5,2,1,1,1,0.1,world,10.4428549,17.9558918,22.76892866
551.696,ours,1,0,0,0.4,3.190379851,3.415864134,4.543444373,0,1011,1685,5,2,2,1,1,0.016,world,2.041543711,11.27152239,16.03182381
551.696,ab3dmot,1,0,0,0.4,3.190986721,3.416221797,4.531915954,0,1014,1690,5,2,2,1,1,0.068,world,2.04145221,11.27576193,16.04569989
551.696,sort,0.7210884354,13,6,0.1630952381,12.10805093,12.12021832,13.78992778,154,1239,1680,5,2,1,1,1,0.1,world,10.44026068,17.9425803,22.73923852
551.772,ours,1,0,0,0.4,3.190379851,3.41606952,4.542857781,0,1014,1690,5,2,2,1,1,0.008,world,2.042378043,11.27339538,16.03681674
551.772,ab3dmot,1,0,0,0.4,3.190986721,3.416403104,4.531333042,0,1017,1695,5,2,2,1,1,0.076,world,2.041966818,11.27721568,16.04948168
551.772,sort,0.7200902935,13,7,0.1637982196,12.10805093,12.12024986,13.7892746,154,1242,1685,5,2,2,1,1,0.108,world,10.44822455,18.18223897,23.23362067
551.86,ours,1,0,0,0.4,3.190379851,3.416271386,4.542271188,0,1017,1695,5,2,2,1,1,0.036,world,2.042755273,11.27480607,16.03999791
551.86,ab3dmot,1,0,0,0.4,3.190986721,3.416582606,4.53075013,0,1020,1700,5,2,2,1,1,0.096,world,2.04230624,11.27839395,16.05164724
551.86,sort,0.7191011236,13,7,0.1644970414,12.10805093,12.12041204,13.78862141,154,1245,1690,5,2,2,1,1,0.132,world,10.45818723,18.17996448,23.22336415
551.936,ours,1,0,0,0.4,3.190379851,3.416472667,4.541684596,0,1020,1700,5,2,2,1,1,0.036,world,2.043858619,11.27594673,16.04104827
551.936,ab3dmot,1,0,0,0.4,3.190986721,3.416765868,4.53027742,0,1023,1705,5,2,2,1,1,0.108,world,2.043219642,11.27875608,16.05009317
551.936,sort,0.7181208054,13,7,0.1651917404,12.10805093,12.12013029,13.78796823,154,1248,1695,5,2,2,1,1,0.108,world,10.46319336,18.2121374,23.28096083
552.008,ours,1,0,0,0.4,3.190379851,3.416680467,4.541353311,0,1023,1705,5,2,2,1,1,0.012,world,2.045524936,11.27598746,16.03852762
552.008,ab3dmot,1,0,0,0.4,3.190986721,3.416965021,4.529914914,0,1026,1710,5,2,2,1,1,0.08,world,2.045903161,11.27767272,16.04239134
552.008,sort,0.7171492205,13,7,0.1658823529,12.10805093,12.11973443,13.78731505,154,1251,1700,5,2,2,1,1,0.08,world,10.47201319,18.22612172,23.30091746
552.1,ours,1,0,0,0.4,3.190379851,3.416894527,4.541277331,0,1026,1710,5,2,2,1,1,0.008,world,2.047347845,11.27655066,16.03702814
552.1,ab3dmot,1,0,0,0.4,3.190986721,3.417170512,4.529552407,0,1029,1715,5,2,2,1,1,0.076,world,2.047282424,11.27797278,16.04080768
552.1,sort,0.7161862528,13,7,0.166568915,12.10805093,12.11943341,13.78666187,154,1254,1705,5,2,2,1,1,0.108,world,10.48634987,18.22874922,23.29618987
552.192,ours,1,0,0,0.4,3.190379851,3.417110674,4.541201352,0,1029,1715,5,2,2,1,1,0.032,world,2.048557393,11.27710075,16.03737385
552.192,ab3dmot,1,0,0,0.4,3.190986721,3.417381813,4.5291899,0,1032,1720,5,2,2,1,1,0.1,world,2.048419201,11.27763248,16.03933012
552.192,sort,0.7152317881,13,7,0.167251462,12.10805093,12.11922406,13.78600869,154,1257,1710,5,2,2,1,1,0.132,world,10.49758841,18.22946609,23.28973387
552.256,ours,1,0,0,0.4,3.190379851,3.417332622,4.541125372,0,1032,1720,5,2,2,1,1,0.02,world,2.049789455,11.27681154,16.03603008
552.256,ab3dmot,1,0,0,0.4,3.190986721,3.41760505,4.528827394,0,1035,1725,5,2,2,1,1,0.096,world,2.049661669,11.2758743,16.03507148
552.256,sort,0.7142857143,13,7,0.1679300292,12.10805093,12.11913211,13.78535551,154,1260,1715,5,2,2,1,1,0.096,world,10.50633703,18.22688545,23.27913935
552.324,ours,1,0,0,0.4,3.190379851,3.417565242,4.541049393,0,1035,1725,5,2,2,1,1,0.024,world,2.05119978,11.27526891,16.03282396
552.324,ab3dmot,1,0,0,0.4,3.190986721,3.417837269,4.528464887,0,1038,1730,5,2,2,1,1,0.1,world,2.050645652,11.27452969,16.03252989
552.324,sort,0.7133479212,13,7,0.1686046512,12.10805093,12.11882951,13.78470232,154,1263,1720,5,2,2,1,1,0.1,world,10.51730969,18.23834438,23.2946354
552.388,ours,1,0,0,0.4,3.190379851,3.417808892,4.540973413,0,1038,1730,5,2,2,1,1,0.02,world,2.05246403,11.27381552,16.02905482
552.388,ab3dmot,1,0,0,0.4,3.190986721,3.418090566,4.528102381,0,1041,1735,5,2,2,1,1,0.064,world,2.051722704,11.27065386,16.02373929
552.388,sort,0.7124183007,13,7,0.1692753623,12.10805093,12.11845277,13.78404914,154,1266,1725,5,2,2,1,1,0.096,world,10.52717686,18.25163897,23.31284557
552.456,ours,1,0,0,0.4,3.190379851,3.418057574,4.540897434,0,1041,1735,5,2,2,1,1,0.04,world,2.05308507,11.27304908,16.02703797
552.456,ab3dmot,1,0,0,0.4,3.190986721,3.418343928,4.527739874,0,1044,1740,5,2,2,1,1,0.132,world,2.052301496,11.27103526,16.02408196
552.456,sort,0.7136659436,13,7,0.1699421965,12.10805093,12.11803179,13.78339596,154,1269,1730,5,2,2,1,1,0.132,world,10.53553477,18.25630723,23.31638282
552.488,ours,1,0,0,0.4,3.190379851,3.41831049,4.540821454,0,1044,1740,5,2,2,1,1,0.028,world,2.053555549,11.27241848,16.02533295
552.488,ab3dmot,1,0,0,0.4,3.190986721,3.418602512,4.527377367,0,1047,1745,5,2,2,1,1,0.132,world,2.052621065,11.27011833,16.0217833
552.488,sort,0.7149028078,13,7,0.1706051873,12.10805093,12.11759459,13.78013851,154,1272,1735,5,2,2,1,1,0.1,world,10.54196102,18.25833321,23.31649871
552.552,ours,1,0,0,0.4,3.190379851,3.418565286,4.540745475,0,1047,1745,5,2,2,1,1,0.052,world,2.054888511,11.27323978,16.02603626
552.552,ab3dmot,1,0,0,0.4,3.190986721,3.41886294,4.527014861,0,1050,1750,5,2,2,1,1,0.196,world,2.05395515,11.27093966,16.02248668
552.552,sort,0.7161290323,13,7,0.1712643678,12.10805093,12.11717076,13.77688106,154,1275,1740,5,2,2,1,1,0.164,world,10.54514999,18.26073252,23.31935811
552.6,ours,1,0,0,0.4,3.190379851,3.418822169,4.540669495,0,1050,1750,5,2,2,1,1,0.012,world,2.056361202,11.27410712,16.0267533
552.6,ab3dmot,1,0,0,0.4,3.190986721,3.419125413,4.526690039,0,1053,1755,5,2,2,1,1,0.244,world,2.055429013,11.27180703,16.02320382
552.6,sort,0.7173447537,13,7,0.1719197708,12.10805093,12.11680987,13.7736236,154,1278,1745,5,2,2,1,1,0.112,world,10.55697875,18.26207128,23.31423131
552.696,ours,1,0,0,0.4,3.190379851,3.419081334,4.540424813,0,1053,1755,5,2,2,1,1,0.04,world,2.057972384,11.2750197,16.02748347
552.696,ab3dmot,1,0,0,0.4,3.190986721,3.41939013,4.526402901,0,1056,1760,5,2,2,1,1,0.34,world,2.057041415,11.27271965,16.02393408
552.696,sort,0.7185501066,13,7,0.1725714286,12.10805093,12.11650205,13.77036615,154,1281,1750,5,2,2,1,1,0.108,world,10.56366206,18.26137279,23.3091571
552.752,ours,1,0,0,0.4,3.190379851,3.419366562,4.540011429,0,1056,1760,5,2,2,1,1,0.028,world,2.059608408,11.27072319,16.0158108
552.752,ab3dmot,1,0,0,0.4,3.190986721,3.419687648,4.529552407,0,1059,1765,5,2,2,1,1,0.064,world,2.057309289,11.26669387,16.00752875
552.752,sort,0.7197452229,13,7,0.1732193732,12.10805093,12.11623461,13.7671087,154,1284,1755,5,2,2,1,1,0.1,world,10.57006463,18.26230283,23.30699787
552.824,ours,1,0,0,0.4,3.190379851,3.419657816,4.539598045,0,1059,1765,5,2,2,1,1,0.024,world,2.0610173,11.27091326,16.01424489
552.824,ab3dmot,1,0,0,0.4,3.190986721,3.419985603,4.534247603,0,1062,1770,5,2,2,1,1,0.072,world,2.059259147,11.26825288,16.00920071
552.824,sort,0.7209302326,13,7,0.1738636364,12.10805093,12.11591394,13.76385125,154,1287,1760,5,2,2,1,1,0.104,world,10.5761088,18.32399073,23.41084256
552.9,ours,1,0,0,0.4,3.190379851,3.419948888,4.539184661,0,1062,1770,5,2,2,1,1,0.016,world,2.063489518,11.27272467,16.01679787
552.9,ab3dmot,1,0,0,0.4,3.190986721,3.420276853,4.535095561,0,1065,1775,5,2,2,1,1,0.048,world,2.062329854,11.27173237,16.01544395
552.9,sort,0.7221052632,13,7,0.1745042493,12.10805093,12.11563243,13.7605938,154,1290,1765,5,2,2,1,1,0.084,world,10.58198259,18.33055435,23.41865653
553,ours,1,0,0,0.4,3.190379851,3.42024055,4.538771277,0,1065,1775,5,2,2,1,1,0.02,world,2.067631079,11.27564677,16.02095202
553,ab3dmot,1,0,0,0.4,3.190986721,3.420566657,4.534830621,0,1068,1780,5,2,2,1,1,0.084,world,2.066713333,11.27523892,16.02071263
553,sort,0.7232704403,13,7,0.1751412429,12.10805093,12.1153216,13.75733634,154,1293,1770,5,2,2,1,1,0.116,world,10.58973486,18.37318437,23.48829665
553.084,ours,1,0,0,0.4,3.190379851,3.42053348,4.538357893,0,1068,1780,5,2,2,1,1,0.024,world,2.07069866,11.27739064,16.0232471
553.084,ab3dmot,1,0,0,0.4,3.190986721,3.420852775,4.53456568,0,1071,1785,5,2,2,1,1,0.068,world,2.070552029,11.27831737,16.02613249
553.084,sort,0.7244258873,13,7,0.1757746479,12.10805093,12.11504365,13.75407889,154,1296,1775,5,2,2,1,1,0.1,world,10.59587111,18.38423819,23.50364268
553.172,ours,1,0,0,0.4,3.190379851,3.420826086,4.537944509,0,1071,1785,5,2,2,1,1,0.032,world,2.07377168,11.27950917,16.02646259
553.172,ab3dmot,1,0,0,0.4,3.190986721,3.421133113,4.534300739,0,1074,1790,5,2,2,1,1,0.088,world,2.073928806,11.28177047,16.0324603
553.172,sort,0.7255717256,13,7,0.1764044944,12.10805093,12.11472428,13.75082144,154,1299,1780,5,2,2,1,1,0.124,world,10.60157249,18.36575521,23.46882685
553.252,ours,1,0,0,0.4,3.190379851,3.42112126,4.537531125,0,1074,1790,5,2,2,1,1,0.04,world,2.078074088,11.28223754,16.02984904
553.252,ab3dmot,1,0,0,0.4,3.190986721,3.421419632,4.534035798,0,1077,1795,5,2,2,1,1,0.168,world,2.077874941,11.2836206,16.03367518
553.252,sort,0.7267080745,13,7,0.1770308123,12.10805093,12.1144348,13.75071657,154,1302,1785,5,2,2,1,1,0.136,world,10.60915745,18.3737766,23.4781016
553.316,ours,1,0,0,0.4,3.190379851,3.421417439,4.53711774,0,1077,1795,5,2,2,1,1,0.016,world,2.07945112,11.28287277,16.03025775
553.316,ab3dmot,1,0,0,0.4,3.190986721,3.421707205,4.533770857,0,1080,1800,5,2,2,1,1,0.232,world,2.079252159,11.28425597,16.03408383
553.316,sort,0.7278350515,13,7,0.1776536313,12.10805093,12.11413541,13.7506117,154,1305,1790,5,2,2,1,1,0.104,world,10.61241959,18.4023896,23.52554119
553.408,ours,1,0,0,0.4,3.190379851,3.42169963,4.536704356,0,1080,1800,5,2,2,1,1,0.008,world,2.080474814,11.28812774,16.04120447
553.408,ab3dmot,1,0,0,0.4,3.190986721,3.421975933,4.533544341,0,1083,1805,5,2,2,1,1,0.06,world,2.078939119,11.29025209,16.04686698
553.408,sort,0.7289527721,13,7,0.1782729805,12.10805093,12.11383296,13.75050684,154,1308,1795,5,2,2,1,1,0.128,world,10.62002332,18.38490334,23.49111283
553.5,ours,1,0,0,0.4,3.190379851,3.421985537,4.536292629,0,1083,1805,5,2,2,1,1,0.02,world,2.083341951,11.29030826,16.04333541
553.5,ab3dmot,1,0,0,0.4,3.190986721,3.42224955,4.53335625,0,1086,1810,5,2,2,1,1,0.088,world,2.081741082,11.29227604,16.04815437
553.5,sort,0.7300613497,13,7,0.1788888889,12.10805093,12.11355784,13.75040197,154,1311,1800,5,2,2,1,1,0.12,world,10.6284216,18.39396408,23.50166975
553.576,ours,1,0,0,0.4,3.190379851,3.422274014,4.535882557,0,1086,1810,5,2,2,1,1,0.016,world,2.085617437,11.29190137,16.0444085
553.576,ab3dmot,1,0,0,0.4,3.190986721,3.422528743,4.533168159,0,1089,1815,5,2,2,1,1,0.064,world,2.084746503,11.29351084,16.04790693
553.576,sort,0.7311608961,13,7,0.179501385,12.10805093,12.1133029,13.7502971,154,1314,1805,5,2,2,1,1,0.096,world,10.63495625,18.40152483,23.51073386
553.664,ours,1,0,0,0.4,3.190379851,3.422568948,4.535472485,0,1089,1815,5,2,2,1,1,0.024,world,2.089394165,11.29311733,16.0442403
553.664,ab3dmot,1,0,0,0.4,3.190986721,3.42282015,4.532980068,0,1092,1820,5,2,2,1,1,0.088,world,2.08952208,11.29379183,16.04509219
553.664,sort,0.7322515213,13,7,0.1801104972,12.10805093,12.11304719,13.75019223,154,1317,1810,5,2,2,1,1,0.12,world,10.64124245,18.37838004,23.46746907
553.756,ours,1,0,0,0.4,3.190379851,3.422880851,4.536904112,0,1092,1820,5,2,2,1,1,0.048,world,2.096863306,11.29412571,16.04141627
553.756,ab3dmot,1,0,0,0.4,3.190986721,3.423130387,4.535095561,0,1095,1825,5,2,2,1,1,0.112,world,2.097451745,11.29451356,16.04150471
553.756,sort,0.7333333333,13,7,0.1807162534,12.10805093,12.11303848,13.75008736,154,1320,1815,5,2,2,1,1,0.112,world,10.77851458,18.42119673,23.44375906
553.816,ours,1,0,0,0.4,3.190379851,3.423203248,4.539052664,0,1095,1825,5,2,2,1,1,0.016,world,2.102537304,11.2941983,16.03889667
553.816,ab3dmot,1,0,0,0.4,3.190986721,3.423455094,4.536516225,0,1098,1830,5,2,2,1,1,0.072,world,2.104720255,11.29420961,16.03767911
553.816,sort,0.7344064386,13,7,0.1813186813,12.10805093,12.11322827,13.74998249,154,1323,1820,5,2,2,1,1,0.108,world,10.8881965,18.46621559,23.44336978
553.9,ours,1,0,0,0.4,3.190379851,3.42353438,4.540901855,0,1098,1830,5,2,2,1,1,0.016,world,2.109545013,11.29678544,16.04057543
553.9,ab3dmot,1,0,0,0.4,3.190986721,3.423784829,4.537025057,0,1101,1835,5,2,2,1,1,0.06,world,2.115552589,11.2985897,16.04415255
553.9,sort,0.7354709419,13,7,0.1819178082,12.10805093,12.11337619,13.74987763,154,1326,1825,5,2,2,1,1,0.124,world,10.86022555,18.45571913,23.44570096
553.984,ours,1,0,0,0.4,3.190379851,3.423868144,4.541287938,0,1101,1835,5,2,2,1,1,0.012,world,2.115975013,11.29951972,16.04444419
553.984,ab3dmot,1,0,0,0.4,3.190986721,3.424119285,4.537516475,0,1104,1840,5,2,2,1,1,0.144,world,2.119314125,11.30014718,16.04500217
553.984,sort,0.7365269461,13,7,0.1825136612,12.10805093,12.11372631,13.74977276,154,1329,1830,5,2,2,1,1,0.108,world,10.97102985,18.50118455,23.44565883
554.072,ours,1,0,0,0.4,3.190379851,3.424206722,4.541861482,0,1104,1840,5,2,2,1,1,0.032,world,2.119837359,11.301103,16.04529338
554.072,ab3dmot,1,0,0,0.4,3.190986721,3.424458538,4.538221989,0,1107,1845,5,2,2,1,1,0.232,world,2.123170337,11.30172926,16.04585135
554.072,sort,0.7375745527,13,7,0.183106267,12.10805093,12.11423339,13.74954817,154,1332,1835,5,2,2,1,1,0.132,world,11.05601578,18.53655309,23.44661173
554.14,ours,1,0,0,0.4,3.190379851,3.424550182,4.543349803,0,1107,1845,5,2,2,1,1,0.036,world,2.123790956,11.30270942,16.04614133
554.14,ab3dmot,1,0,0,0.4,3.190986721,3.424784481,4.537881532,0,1110,1850,5,2,2,1,1,0.1,world,2.136675145,11.30935504,16.06492746
554.14,sort,0.7386138614,13,7,0.1836956522,12.10805093,12.11490333,13.74932357,154,1335,1840,5,2,2,1,1,0.1,world,11.14445649,18.53628406,23.40612702
554.2,ours,1,0,0,0.4,3.190379851,3.424882284,4.543297953,0,1110,1850,5,2,2,1,1,0.012,world,2.138971159,11.31043153,16.06512567
554.2,ab3dmot,1,0,0,0.4,3.190986721,3.425107108,4.537698316,0,1113,1855,5,2,2,1,1,0.06,world,2.145029449,11.31271863,16.07434432
554.2,sort,0.7396449704,13,7,0.1842818428,12.10805093,12.1156559,13.74909898,154,1338,1845,5,2,2,1,1,0.128,world,11.18831605,18.53012646,23.36386781
554.272,ours,1,0,0,0.4,3.190379851,3.425214623,4.543177992,0,1113,1855,5,2,2,1,1,0.016,world,2.145981628,11.31385205,16.07101155
554.272,ab3dmot,1,0,0,0.4,3.190986721,3.425431978,4.537672338,0,1116,1860,5,2,2,1,1,0.1,world,2.150596487,11.31457763,16.07800206
554.272,sort,0.7406679764,13,7,0.1848648649,12.10805093,12.1165339,13.74887439,154,1341,1850,5,2,2,1,1,0.1,world,11.25629482,18.51870382,23.29504599
554.304,ours,1,0,0,0.4,3.190379851,3.425543294,4.542989919,0,1116,1860,5,2,2,1,1,0.004,world,2.150200881,11.31560517,16.07633984
554.304,ab3dmot,1,0,0,0.4,3.190986721,3.42575212,4.537646361,0,1119,1865,5,2,2,1,1,0.068,world,2.154437816,11.31596092,16.08382346
554.304,sort,0.7416829746,13,7,0.1854447439,12.10805093,12.11747336,13.7486498,154,1344,1855,5,2,2,1,1,0.068,world,11.29271521,18.51228614,23.25776113
554.372,ours,1,0,0,0.4,3.190379851,3.425877171,4.542801846,0,1119,1865,5,2,2,1,1,0.004,world,2.154411633,11.31730187,16.0771764
554.372,ab3dmot,1,0,0,0.4,3.190986721,3.426077501,4.537620384,0,1122,1870,5,2,2,1,1,0.136,world,2.158640263,11.31765654,16.08465982
554.372,sort,0.7426900585,13,7,0.1860215054,12.10805093,12.11875339,13.74842521,154,1347,1860,5,2,2,1,1,0.1,world,11.47807736,18.59407613,23.27157449
554.436,ours,1,0,0,0.4,3.190379851,3.42621629,4.542613773,0,1122,1870,5,2,2,1,1,0.032,world,2.158695334,11.31901568,16.07800812
554.436,ab3dmot,1,0,0,0.4,3.190986721,3.426408157,4.537594406,0,1125,1875,5,2,2,1,1,0.2,world,2.162915556,11.31936925,16.08549135
554.436,sort,0.7436893204,13,7,0.1865951743,12.10805093,12.12013626,13.74820061,154,1350,1865,5,2,2,1,1,0.1,world,11.53535009,18.59800878,23.23742296
554.492,ours,1,0,0,0.4,3.190379851,3.426546725,4.542425701,0,1125,1875,5,2,2,1,1,0.028,world,2.165987323,11.32089268,16.08799095
554.492,ab3dmot,1,0,0,0.4,3.190986721,3.426727024,4.537568429,0,1128,1880,5,2,2,1,1,0.092,world,2.169965376,11.32176306,16.09701289
554.492,sort,0.7446808511,13,7,0.1871657754,12.10805093,12.12184834,13.74797602,154,1353,1870,5,2,2,1,1,0.092,world,11.71743509,18.67886646,23.25175259
554.536,ours,1,0,0,0.4,3.190379851,3.426877513,4.542237628,0,1128,1880,5,2,2,1,1,0.032,world,2.169335346,11.32188142,16.0899852
554.536,ab3dmot,1,0,0,0.4,3.190986721,3.427046975,4.537542452,0,1131,1885,5,2,2,1,1,0.1,world,2.173015252,11.3227103,16.09835815
554.536,sort,0.7456647399,13,7,0.1877333333,12.10805093,12.12377361,13.74775143,154,1356,1875,5,2,2,1,1,0.1,world,11.83661157,18.73856311,23.27301337
554.58,ours,1,0,0,0.4,3.190379851,3.427207693,4.542049555,0,1131,1885,5,2,2,1,1,0.012,world,2.171234572,11.32315676,16.09192603
554.58,ab3dmot,1,0,0,0.4,3.190986721,3.42736763,4.537516475,0,1134,1890,5,2,2,1,1,0.08,world,2.173362735,11.32398051,16.09857193
554.58,sort,0.7466410749,13,7,0.1882978723,12.10805093,12.12576006,13.74752684,154,1359,1880,5,2,2,1,1,0.112,world,11.87524713,18.74722714,23.26062537
554.632,ours,1,0,0,0.4,3.190379851,3.427541684,4.541861482,0,1134,1890,5,2,2,1,1,0.02,world,2.174692195,11.32521094,16.0933286
554.632,ab3dmot,1,0,0,0.4,3.190986721,3.427692562,4.537490497,0,1137,1895,5,2,2,1,1,0.096,world,2.175751874,11.32607278,16.09909574
554.632,sort,0.7476099426,13,7,0.1888594164,12.10805093,12.12789272,13.74730605,154,1362,1885,5,2,2,1,1,0.096,world,11.95738799,18.76578097,23.23448541
554.668,ours,1,0,0,0.4,3.190379851,3.427878573,4.541673409,0,1137,1895,5,2,2,1,1,0.008,world,2.17797847,11.32594985,16.09376564
554.668,ab3dmot,1,0,0,0.4,3.190986721,3.428021952,4.53746452,0,1140,1900,5,2,2,1,1,0.1,world,2.179006479,11.32665325,16.09853682
554.668,sort,0.7485714286,13,7,0.1894179894,12.10805093,12.13015962,13.74708526,154,1365,1890,5,2,2,1,1,0.1,world,12.03544155,18.8169993,23.26976687
554.7,ours,1,0,0,0.4,3.190379851,3.4282173,4.541485337,0,1140,1900,5,2,2,1,1,0,world,2.179742703,11.3269086,16.09407281
554.7,ab3dmot,1,0,0,0.4,3.190986721,3.42835821,4.537418726,0,1143,1905,5,2,2,1,1,0.068,world,2.181786631,11.32704632,16.09646095
554.7,sort,0.7495256167,13,7,0.1899736148,12.13130859,12.13259816,13.74686448,154,1368,1895,5,2,2,1,1,0.068,world,12.13429484,18.8912674,23.33121269
554.764,ours,1,0,0,0.4,3.190379851,3.428563641,4.541383349,0,1143,1905,5,2,2,1,1,0.032,world,2.185757876,11.32837582,16.09447351
554.764,ab3dmot,1,0,0,0.4,3.190986721,3.428703982,4.537353114,0,1146,1910,5,2,2,1,1,0.096,world,2.188122453,11.32831125,16.09585967
554.764,sort,0.7504725898,13,7,0.1905263158,12.13265418,12.13511986,13.74664369,154,1371,1900,5,2,2,1,1,0.096,world,12.17023232,18.90104795,23.32559111
554.8,ours,1,0,0,0.4,3.190379851,3.428916435,4.541367448,0,1146,1910,5,2,2,1,1,0,world,2.191062717,11.32867501,16.09395567
554.8,ab3dmot,1,0,0,0.4,3.190986721,3.42905964,4.537287503,0,1149,1915,5,2,2,1,1,0.068,world,2.193582566,11.32816204,16.09317467
554.8,sort,0.7514124294,13,7,0.1910761155,12.13292835,12.13777793,13.74642291,154,1374,1905,5,2,2,1,1,0.068,world,12.17163086,18.89542176,23.31296023
554.86,ours,1,0,0,0.4,3.190379851,3.429273621,4.541351546,0,1149,1915,5,2,2,1,1,0.028,world,2.194784523,11.32918837,16.0936255
554.86,ab3dmot,1,0,0,0.4,3.190986721,3.429420608,4.537486472,0,1152,1920,5,2,2,1,1,0.096,world,2.19756156,11.32857332,16.09245253
554.86,sort,0.7523452158,13,7,0.1916230366,12.1331325,12.14049886,13.74620212,154,1377,1910,5,2,2,1,1,0.096,world,12.17364678,18.8936591,23.30736499
554.896,ours,1,0,0,0.4,3.190379851,3.429634827,4.541335644,0,1152,1920,5,2,2,1,1,0.008,world,2.198599571,11.32975865,16.09360872
554.896,ab3dmot,1,0,0,0.4,3.190986721,3.429787986,4.537618596,0,1155,1925,5,2,2,1,1,0.096,world,2.201644496,11.32882631,16.09110148
554.896,sort,0.753271028,13,7,0.1921671018,12.13429484,12.14329151,13.74598133,154,1380,1915,5,2,2,1,1,0.096,world,12.17557842,18.89151551,23.30104613
554.94,ours,1,0,0,0.4,3.190379851,3.43000388,4.541319742,0,1155,1925,5,2,2,1,1,0.04,world,2.203725427,11.32980389,16.09217177
554.94,ab3dmot,1,0,0,0.4,3.190986721,3.430161324,4.538907367,0,1158,1930,5,2,2,1,1,0.108,world,2.205160665,11.32913916,16.08970058
554.94,sort,0.7541899441,13,7,0.1927083333,12.13439444,12.14622011,13.74576055,154,1383,1920,5,2,2,1,1,0.076,world,12.17695836,18.88643249,23.28927008
554.992,ours,1,0,0,0.4,3.190379851,3.430383494,4.542237628,0,1158,1930,5,2,2,1,1,0.02,world,2.211144971,11.33088752,16.09164908
554.992,ab3dmot,1,0,0,0.4,3.190986721,3.430547086,4.540630549,0,1161,1935,5,2,2,1,1,0.096,world,2.212749827,11.32999511,16.0881074
554.992,sort,0.7513914657,15,7,0.1922077922,12.13478613,12.14927338,13.74553976,154,1386,1925,5,2,2,1,1,0.096,world,12.18156115,18.88682341,23.28515734
555.024,ours,1,0,0,0.4,3.190379851,3.4307668,4.543453502,0,1161,1935,5,2,2,1,1,0.024,world,2.214992029,11.33151402,16.09182966
555.024,ab3dmot,1,0,0,0.4,3.190986721,3.430937046,4.541345959,0,1164,1940,5,2,2,1,1,0.096,world,2.216719264,11.33056431,16.08804022
555.024,sort,0.7486136784,15,7,0.192746114,12.13662773,12.15239186,13.74531898,154,1389,1930,5,2,2,1,1,0.096,world,12.18353783,18.88538329,23.28004939
555.076,ours,1,0,0,0.4,3.190379851,3.431150797,4.543932974,0,1164,1940,5,2,2,1,1,0.012,world,2.217804204,11.33259335,16.09328116
555.076,ab3dmot,1,0,0,0.4,3.190986721,3.431325569,4.542086373,0,1167,1945,5,2,2,1,1,0.08,world,2.219070561,11.33211778,16.09083122
555.076,sort,0.7458563536,15,7,0.1932816537,12.13672873,12.15566386,13.74730605,154,1392,1935,5,2,2,1,1,0.08,world,12.184805,18.88042373,23.26834943
555.116,ours,1,0,0,0.4,3.190379851,3.431535666,4.544481109,0,1167,1945,5,2,2,1,1,0.016,world,2.220999518,11.33378997,16.0950723
555.116,ab3dmot,1,0,0,0.4,3.190986721,3.431715036,4.542401689,0,1170,1950,5,2,2,1,1,0.088,world,2.221675572,11.3332382,16.09197651
555.116,sort,0.7431192661,15,7,0.193814433,12.13841585,12.15900009,13.74932357,154,1395,1940,5,2,2,1,1,0.088,world,12.18676124,18.87918055,23.26355052
555.164,ours,1,0,0,0.4,3.190379851,3.43192513,4.545198011,0,1170,1950,5,2,2,1,1,0.004,world,2.226184558,11.3357268,16.09667615
555.164,ab3dmot,1,0,0,0.4,3.190986721,3.432105578,4.542962708,0,1173,1955,5,2,2,1,1,0.068,world,2.225810907,11.33580539,16.09558022
555.164,sort,0.7404021938,15,7,0.194344473,12.13857512,12.1624997,13.75050684,154,1398,1945,5,2,2,1,1,0.068,world,12.19056129,18.87650459,23.25353624
555.2,ours,1,0,0,0.4,3.190379851,3.432312769,4.545782132,0,1173,1955,5,2,2,1,1,0.004,world,2.227937102,11.33726169,16.09947869
555.2,ab3dmot,1,0,0,0.4,3.190986721,3.43249493,4.543229259,0,1176,1960,5,2,2,1,1,0.072,world,2.227179467,11.33718547,16.09746127
555.2,sort,0.737704918,15,7,0.1948717949,12.14013398,12.16549181,13.75040197,154,1401,1950,5,2,2,1,1,0.072,world,12.19248139,18.91758614,23.32922984
555.26,ours,1,0,0,0.4,3.190379851,3.432701632,4.545997726,0,1176,1960,5,2,2,1,1,0,world,2.231129234,11.33820373,16.10075132
555.26,ab3dmot,1,0,0,0.4,3.190986721,3.432885122,4.544483341,0,1179,1965,5,2,2,1,1,0.1,world,2.230400976,11.33816357,16.09898562
555.26,sort,0.7381818182,16,7,0.1943734015,12.14050511,12.16617363,13.75034953,154,1405,1955,5,1,1,1,1,0.1,world,12.53489144,19.05250873,23.32701537
555.3,ours,1,0,0,0.4,3.190379851,3.43309117,4.54613283,0,1179,1965,5,2,2,1,1,0.008,world,2.234491135,11.33929882,16.10285474
555.3,ab3dmot,1,0,0,0.4,3.190986721,3.433273569,4.546342321,0,1182,1970,5,2,2,1,1,0.072,world,2.234586993,11.33959152,16.10334797
555.3,sort,0.7386569873,16,7,0.1943877551,12.14087625,12.1669747,13.7502971,154,1409,1960,5,1,1,1,1,0.072,world,12.59985244,19.07594391,23.3223267
555.36,ours,1,0,0,0.4,3.190379851,3.433484529,4.546571647,0,1182,1970,5,2,2,1,1,0.036,world,2.239975093,11.34116262,16.10460929
555.36,ab3dmot,1,0,0,0.4,3.190986721,3.433666303,4.547208828,0,1185,1975,5,2,2,1,1,0.1,world,2.239924908,11.34141445,16.10469727
555.36,sort,0.7391304348,16,7,0.1944020356,12.14191603,12.16783748,13.75024467,154,1413,1965,5,1,1,1,1,0.1,world,12.63426769,19.08951149,23.32023502
555.392,ours,1,0,0,0.4,3.190379851,3.433878958,4.546945241,0,1185,1975,5,2,2,1,1,0.012,world,2.242990411,11.34213742,16.10580363
555.392,ab3dmot,1,0,0,0.4,3.190986721,3.434059035,4.547598359,0,1188,1980,5,2,2,1,1,0.1,world,2.242405997,11.34256328,16.1062668
555.392,sort,0.73960217,16,7,0.1944162437,12.14295581,12.16875711,13.75019223,154,1417,1970,5,1,1,1,1,0.1,world,12.666207,19.10150237,23.31818099
555.436,ours,1,0,0,0.4,3.190379851,3.434273112,4.547083161,0,1188,1980,5,2,2,1,1,0.036,world,2.246107356,11.34338253,16.1080803
555.436,ab3dmot,1,0,0,0.4,3.190986721,3.434451987,4.54813294,0,1191,1985,5,2,2,1,1,0.112,world,2.245116514,11.34366891,16.10769125
555.436,sort,0.7400722022,16,7,0.1944303797,12.14810252,12.16979615,13.7501398,154,1421,1975,5,1,1,1,1,0.08,world,12.73140568,19.12514412,23.31301065
555.492,ours,1,0,0,0.4,3.190379851,3.43467128,4.547113259,0,1191,1985,5,2,2,1,1,0.024,world,2.251322908,11.34528241,16.10970702
555.492,ab3dmot,1,0,0,0.4,3.190986721,3.434846809,4.548166793,0,1194,1990,5,2,2,1,1,0.1,world,2.250480453,11.34588856,16.11096368
555.492,sort,0.7405405405,16,7,0.1944444444,12.15324924,12.17089632,13.75008736,154,1425,1980,5,1,1,1,1,0.1,world,12.76582219,19.13898882,23.31190076
555.508,ours,1,0,0,0.4,3.190379851,3.435064532,4.54710832,0,1194,1990,5,2,2,1,1,0.008,world,2.251805101,11.34575705,16.11241593
555.508,ab3dmot,1,0,0,0.4,3.190986721,3.435237263,4.548136234,0,1197,1995,5,2,2,1,1,0.084,world,2.250391729,11.34623304,16.11278561
555.508,sort,0.7410071942,16,7,0.1944584383,12.15369016,12.17204837,13.75003493,154,1429,1985,5,1,1,1,1,0.084,world,12.79544057,19.14941524,23.30921559
555.56,ours,1,0,0,0.4,3.190379851,3.435460267,4.547153053,0,1197,1995,5,2,2,1,1,0.004,world,2.256552537,11.34782191,16.11489859
555.56,ab3dmot,1,0,0,0.4,3.190986721,3.435629313,4.548105675,0,1200,2000,5,2,2,1,1,0.1,world,2.254880859,11.34840771,16.11572166
555.56,sort,0.7414721724,16,7,0.1944723618,12.15413109,12.17332446,13.74998249,154,1433,1990,5,1,1,1,1,0.068,world,12.86324321,19.17513973,23.30524642
555.596,ours,1,0,0,0.4,3.190379851,3.435851299,4.547147926,0,1200,2000,5,2,2,1,1,0.004,world,2.257999794,11.34961987,16.11930094
555.596,ab3dmot,1,0,0,0.4,3.190986721,3.436014512,4.548085441,0,1203,2005,5,2,2,1,1,0.072,world,2.255568166,11.35049471,16.12115897
555.596,sort,0.7419354839,16,7,0.1944862155,12.1593585,12.17460204,13.74993006,154,1437,1995,5,1,1,1,1,0.104,world,12.86651693,19.17714651,23.30590797
555.612,ours,1,0,0,0.4,3.190379851,3.436240336,4.547142893,0,1203,2005,5,2,2,1,1,0.012,world,2.257999794,11.34961987,16.11930094
555.612,ab3dmot,1,0,0,0.4,3.190986721,3.436397752,4.548075532,0,1206,2010,5,2,2,1,1,0.088,world,2.255568166,11.35049471,16.12115897
555.612,sort,0.7423971377,16,7,0.1945,12.16458591,12.17593117,13.74987763,154,1441,2000,5,1,1,1,1,0.088,world,12.89623966,19.18772834,23.3034029
555.672,ours,1,0,0,0.4,3.190379851,3.436629791,4.547137954,0,1206,2010,5,2,2,1,1,0.016,world,2.261740551,11.35197339,16.12252943
555.672,ab3dmot,1,0,0,0.4,3.190986721,3.436775331,4.548065622,0,1209,2015,5,2,2,1,1,0.08,world,2.257198318,11.35380572,16.12774465
555.672,sort,0.7428571429,16,7,0.1945137157,12.16458801,12.17738415,13.74982519,154,1445,2005,5,1,1,1,1,0.08,world,12.96413314,19.21367656,23.29968244
555.7,ours,1,0,0,0.4,3.190379851,3.437013811,4.547133015,0,1209,2015,5,2,2,1,1,0.012,world,2.262091646,11.35386246,16.1266865
555.7,ab3dmot,1,0,0,0.4,3.190986721,3.437150527,4.548055712,0,1212,2020,5,2,2,1,1,0.076,world,2.258182476,11.35519115,16.12988636
555.7,sort,0.743315508,16,7,0.1945273632,12.16459011,12.17889276,13.74977276,154,1449,2010,5,1,1,1,1,0.076,world,12.99623487,19.22589754,23.29735437
555.744,ours,1,0,0,0.4,3.190379851,3.437399114,4.547128076,0,1212,2020,5,2,2,1,1,0.032,world,2.264408097,11.35475463,16.12729302
555.744,ab3dmot,1,0,0,0.4,3.190986721,3.437527048,4.548045803,0,1215,2025,5,2,2,1,1,0.12,world,2.260503125,11.35608426,16.13049286
555.744,sort,0.743772242,16,7,0.1945409429,12.17025359,12.18045685,13.74966046,154,1453,2015,5,1,1,1,1,0.092,world,13.02834455,19.23841633,23.29640568
555.788,ours,1,0,0,0.4,3.190379851,3.437785668,4.547123137,0,1215,2025,5,2,2,1,1,0.012,world,2.266715317,11.35557963,16.12758889
555.788,ab3dmot,1,0,0,0.4,3.190986721,3.437904861,4.548035893,0,1218,2030,5,2,2,1,1,0.164,world,2.262814523,11.35691018,16.13078871
555.788,sort,0.7442273535,16,7,0.1945544554,12.17591707,12.18207627,13.74954817,154,1457,2020,5,1,1,1,1,0.104,world,13.06046126,19.25082824,23.29481665
555.856,ours,1,0,0,0.4,3.190379851,3.438165962,4.547118198,0,1218,2030,5,2,2,1,1,0.04,world,2.268471126,11.35899687,16.1344034
555.856,ab3dmot,1,0,0,0.4,3.190986721,3.438270485,4.548025984,0,1221,2035,5,2,2,1,1,0.1,world,2.262678637,11.36132094,16.14045436
555.856,sort,0.7446808511,16,7,0.1945679012,12.17861973,12.1838193,13.74943587,154,1461,2025,5,1,1,1,1,0.1,world,13.12845794,19.27710132,23.29147662
555.908,ours,1,0,0,0.4,3.190379851,3.438538759,4.547113259,0,1221,2035,5,2,2,1,1,0.008,world,2.268437314,11.36138181,16.13946016
555.908,ab3dmot,1,0,0,0.4,3.190986721,3.438632448,4.548016074,0,1224,2040,5,2,2,1,1,0.088,world,2.263379389,11.36307536,16.1430952
555.908,sort,0.7451327434,16,7,0.1945812808,12.18132239,12.18567471,13.74932357,154,1465,2030,5,1,1,1,1,0.092,world,13.19060948,19.30062701,23.28801046
555.996,ours,1,0,0,0.4,3.190379851,3.438911131,4.54710832,0,1224,2040,5,2,2,1,1,0.016,world,2.273308967,11.36510268,16.14441075
555.996,ab3dmot,1,0,0,0.4,3.190986721,3.438989773,4.548006164,0,1227,2045,5,2,2,1,1,0.076,world,2.267018397,11.36760175,16.15010972
555.996,sort,0.7455830389,16,7,0.1945945946,12.18144177,12.1863291,13.74921128,154,1469,2035,5,1,1,1,1,0.108,world,12.55060223,19.11215075,23.41008587
556.068,ours,1,0,0,0.4,3.190379851,3.439280838,4.547103381,0,1227,2045,5,2,2,1,1,0.024,world,2.275497638,11.36791008,16.14849915
556.068,ab3dmot,1,0,0,0.4,3.190986721,3.439343576,4.547996255,0,1230,2050,5,2,2,1,1,0.08,world,2.268832568,11.37057352,16.15468828
556.068,sort,0.746031746,16,7,0.1946078431,12.18156115,12.18702683,13.74909898,154,1473,2040,5,1,1,1,1,0.116,world,12.57573536,19.1240519,23.41208308
556.132,ours,1,0,0,0.4,3.190379851,3.439641855,4.547098442,0,1230,2050,5,2,2,1,1,0.032,world,2.276935352,11.37165347,16.15636742
556.132,ab3dmot,1,0,0,0.4,3.190986721,3.439692438,4.547955578,0,1233,2055,5,2,2,1,1,0.08,world,2.271641715,11.37363727,16.16059486
556.132,sort,0.7464788732,16,7,0.1946210269,12.18156601,12.18776997,13.74898669,154,1477,2045,5,1,1,1,1,0.112,world,12.60207428,19.13644106,23.41407574
556.2,ours,1,0,0,0.4,3.190379851,3.439998714,4.547094808,0,1233,2055,5,2,2,1,1,0.016,world,2.279953282,11.37448325,16.16172858
556.2,ab3dmot,1,0,0,0.4,3.190986721,3.440034231,4.547884134,0,1236,2060,5,2,2,1,1,0.048,world,2.274787563,11.37695154,16.1681409
556.2,sort,0.7469244288,16,7,0.1946341463,12.18157087,12.18857496,13.74887439,154,1481,2050,5,1,1,1,1,0.084,world,12.63752574,19.15276684,23.416527
556.284,ours,1,0,0,0.4,3.190379851,3.440355875,4.547092479,0,1236,2060,5,2,2,1,1,0.032,world,2.283583261,11.37650912,16.16429504
556.284,ab3dmot,1,0,0,0.4,3.190986721,3.440379773,4.54781269,0,1239,2065,5,2,2,1,1,0.132,world,2.279010596,11.37838507,16.16858231
556.284,sort,0.7473684211,16,7,0.1946472019,12.18251631,12.18902283,13.74876209,154,1485,2055,5,1,1,1,1,0.132,world,12.44124316,19.08530506,23.43583012
556.376,ours,1,0,0,0.4,3.190379851,3.440719113,4.547090149,0,1239,2065,5,2,2,1,1,0.032,world,2.289727896,11.37850723,16.16491099
556.376,ab3dmot,1,0,0,0.4,3.190986721,3.440729085,4.547741247,0,1242,2070,5,2,2,1,1,0.192,world,2.285090471,11.38078758,16.17079262
556.376,sort,0.7478108581,16,7,0.1946601942,12.18346174,12.18936536,13.7486498,154,1489,2060,5,1,1,1,1,0.124,world,12.38306613,19.0678002,23.44506121
556.448,ours,1,0,0,0.4,3.190379851,3.441077104,4.54708782,0,1242,2070,5,2,2,1,1,0.032,world,2.290912437,11.38033994,16.16901397
556.448,ab3dmot,1,0,0,0.4,3.190986721,3.441079562,4.547669803,0,1245,2075,5,2,2,1,1,0.164,world,2.287890551,11.38154073,16.17154242
556.448,sort,0.7482517483,16,7,0.1946731235,12.18349979,12.18972288,13.7485375,154,1493,2065,5,1,1,1,1,0.1,world,12.39218648,19.07401438,23.44870681
556.504,ours,1,0,0,0.4,3.190379851,3.441439451,4.54708549,0,1245,2075,5,2,2,1,1,0.008,world,2.295568752,11.3815939,16.16960032
556.504,ab3dmot,1,0,0,0.4,3.190986721,3.441442666,4.547598359,0,1248,2080,5,2,2,1,1,0.088,world,2.295253032,11.38137529,16.16802648
556.504,sort,0.7486910995,16,7,0.1946859903,12.18353783,12.19001114,13.74842521,154,1497,2070,5,1,1,1,1,0.088,world,12.35379384,19.06037699,23.45118024
556.58,ours,1,0,0,0.4,3.190379851,3.441808634,4.547083161,0,1248,2080,5,2,2,1,1,0.012,world,2.301601924,11.3822267,16.16874793
556.58,ab3dmot,1,0,0,0.4,3.190986721,3.441818034,4.547526915,0,1251,2085,5,2,2,1,1,0.068,world,2.30381163,11.38098919,16.16470353
556.58,sort,0.7491289199,16,7,0.1946987952,12.18417142,12.19030736,13.74831291,154,1501,2075,5,1,1,1,1,0.1,world,12.35887218,19.06437591,23.45358462
556.676,ours,1,0,0,0.4,3.190379851,3.442186602,4.547080831,0,1251,2085,5,2,2,1,1,0.04,world,2.309606609,11.38329077,16.16807262
556.676,ab3dmot,1,0,0,0.4,3.190986721,3.442206297,4.547455471,0,1254,2090,5,2,2,1,1,0.096,world,2.313254511,11.38134145,16.16201298
556.676,sort,0.7495652174,16,7,0.1947115385,12.184805,12.19056108,13.74820061,154,1505,2080,5,1,1,1,1,0.128,world,12.33533343,19.050376,23.44450791
556.744,ours,1,0,0,0.4,3.190379851,3.442569656,4.547078502,0,1254,2090,5,2,2,1,1,0.032,world,2.314399967,11.38392034,16.16724908
556.744,ab3dmot,1,0,0,0.4,3.190986721,3.442596786,4.547384027,0,1257,2095,5,2,2,1,1,0.164,world,2.316715831,11.38244133,16.16228601
556.744,sort,0.75,16,7,0.1947242206,12.18578312,12.19081364,13.74808832,154,1509,2085,5,1,1,1,1,0.132,world,12.33518138,19.08575045,23.50741962
556.816,ours,1,0,0,0.4,3.190379851,3.442971112,4.547076172,0,1257,2095,5,2,2,1,1,0.016,world,2.322102321,11.38224252,16.15953859
556.816,ab3dmot,1,0,0,0.4,3.190986721,3.443012332,4.547996255,0,1260,2100,5,2,2,1,1,0.076,world,2.326324577,11.37952523,16.15119231
556.816,sort,0.7504332756,16,7,0.1947368421,12.18676124,12.1910462,13.74797602,154,1513,2090,5,1,1,1,1,0.108,world,12.32426815,19.07671243,23.49877307
556.904,ours,1,0,0,0.4,3.190969398,3.443381406,4.547073842,0,1260,2100,5,2,2,1,1,0.024,world,2.328249854,11.38184325,16.15672864
556.904,ab3dmot,1,0,0,0.4,3.194833915,3.443442044,4.548085441,0,1263,2105,5,2,2,1,1,0.06,world,2.334249237,11.37799848,16.14580176
556.904,sort,0.7508650519,16,7,0.1947494033,12.18757328,12.1912786,13.74786372,154,1517,2095,5,1,1,1,1,0.092,world,12.32464602,19.08113742,23.50562265
556.976,ours,1,0,0,0.4,3.193571118,3.4437999,4.547094808,0,1263,2105,5,2,2,1,1,0.004,world,2.333453294,11.38135975,16.15371346
556.976,ab3dmot,1,0,0,0.4,3.197330447,3.443879845,4.548350146,0,1266,2110,5,2,2,1,1,0.068,world,2.339242301,11.37743446,16.14271959
556.976,sort,0.7512953368,16,7,0.1947619048,12.18838533,12.19152369,13.74775143,154,1521,2100,5,1,1,1,1,0.1,world,12.33236937,19.11350937,23.55769078
557.076,ours,1,0,0,0.4,3.196206999,3.444224167,4.547137954,0,1266,2110,5,2,2,1,1,0.036,world,2.338725056,11.381918,16.15245076
557.076,ab3dmot,1,0,0,0.4,3.199425295,3.444320101,4.548402227,0,1269,2115,5,2,2,1,1,0.168,world,2.343431997,11.37867378,16.14295034
557.076,sort,0.7517241379,16,7,0.1947743468,12.18947331,12.19176219,13.74763913,154,1525,2105,5,1,1,1,1,0.132,world,12.32907702,19.10301283,23.54042095
557.152,ours,1,0,0,0.4,3.197499552,3.444649098,4.547183819,0,1269,2115,5,2,2,1,1,0.048,world,2.341310162,11.38265947,16.15256888
557.152,ab3dmot,1,0,0,0.4,3.200714859,3.444760937,4.548405824,0,1272,2120,5,2,2,1,1,0.248,world,2.346011125,11.37941368,16.1430683
557.152,sort,0.752151463,16,7,0.1947867299,12.19056129,12.19199605,13.74752684,154,1529,2110,5,1,1,1,1,0.152,world,12.32689196,19.09512451,23.52752178
557.236,ours,1,0,0,0.4,3.198702414,3.445074411,4.547236017,0,1272,2120,5,2,2,1,1,0.036,world,2.343715887,11.38332945,16.15265816
557.236,ab3dmot,1,0,0,0.4,3.201914895,3.445202073,4.548687435,0,1275,2125,5,2,2,1,1,0.328,world,2.348411198,11.38008218,16.14315741
557.236,sort,0.7525773196,16,7,0.1947990544,12.19141031,12.19222801,13.74741644,154,1533,2115,5,1,1,1,1,0.128,world,12.32625939,19.09889277,23.53422804
557.304,ours,1,0,0,0.4,3.20233524,3.44552896,4.547403839,0,1275,2125,5,2,2,1,1,0.004,world,2.350981539,11.37766548,16.13603196
557.304,ab3dmot,1,0,0,0.4,3.204195017,3.445668843,4.548974313,0,1278,2130,5,2,2,1,1,0.064,world,2.35297144,11.37490052,16.12735139
557.304,sort,0.7530017153,16,7,0.1948113208,12.19056129,12.19198722,13.74730605,154,1537,2120,5,1,1,1,1,0.096,world,12.05103003,18.95017052,23.46588596
557.4,ours,1,0,0,0.4,3.203793677,3.445987155,4.547628122,0,1278,2130,5,2,2,1,1,0.028,world,2.353898412,11.37759997,16.1336876
557.4,ab3dmot,1,0,0,0.4,3.205054966,3.446137939,4.54907653,0,1281,2135,5,2,2,1,1,0.06,world,2.354691338,11.37494782,16.12498785
557.4,sort,0.7504273504,17,8,0.1948235294,12.19056129,12.19276734,13.74708526,154,1540,2125,5,2,2,1,1,0.128,world,11.44200523,18.61890945,23.30852325
557.476,ours,1,0,0,0.4,3.20470105,3.446447886,4.54779688,0,1281,2135,5,2,2,1,1,0.008,world,2.355713158,11.3772271,16.13127107
557.476,ab3dmot,1,0,0,0.4,3.205982446,3.446608209,4.549143802,0,1284,2140,5,2,2,1,1,0.072,world,2.3565463,11.37485571,16.12345326
557.476,sort,0.7478705281,17,8,0.1953051643,12.19056129,12.19361198,13.74686448,154,1543,2130,5,2,2,1,1,0.108,world,11.44233905,18.61955853,23.3077282
557.572,ours,1,0,0,0.4,3.206303521,3.44691223,4.547965137,0,1284,2140,5,2,2,1,1,0.036,world,2.3589181,11.37676432,16.12862827
557.572,ab3dmot,1,0,0,0.4,3.207774729,3.447079915,4.549172349,0,1287,2145,5,2,2,1,1,0.1,world,2.360130864,11.37478862,16.12242776
557.572,sort,0.7453310696,17,8,0.1957845433,12.19056129,12.19414319,13.74664369,154,1546,2135,5,2,2,1,1,0.132,world,11.44313786,18.61926405,23.30570547
557.644,ours,1,0,0,0.4,3.208130914,3.447378146,4.548324223,0,1287,2145,5,2,2,1,1,0.04,world,2.362572887,11.37621624,16.12751693
557.644,ab3dmot,1,0,0,0.4,3.209338462,3.447549473,4.549222237,0,1290,2150,5,2,2,1,1,0.112,world,2.36325833,11.37502062,16.12366088
557.644,sort,0.7428087986,17,8,0.1962616822,12.19056129,12.19440663,13.74642291,154,1549,2140,5,2,2,1,1,0.112,world,11.44339444,18.61886125,23.30423053
557.724,ours,1,0,0,0.4,3.208984066,3.447842665,4.548823035,0,1290,2150,5,2,2,1,1,0.024,world,2.36427919,11.37622698,16.12741274
557.724,ab3dmot,1,0,0,0.4,3.210103414,3.448013394,4.549389758,0,1293,2155,5,2,2,1,1,0.088,world,2.364788235,11.37592017,16.12656846
557.724,sort,0.7403035413,17,8,0.1967365967,12.19056129,12.19448295,13.74620212,154,1552,2145,5,2,2,1,1,0.12,world,11.44343313,18.61828313,23.30264998
557.8,ours,1,0,0,0.4,3.209955793,3.448302337,4.549218966,0,1293,2155,5,2,2,1,1,0.02,world,2.366222645,11.37677939,16.12997068
557.8,ab3dmot,1,0,0,0.4,3.211091835,3.448467392,4.549658377,0,1296,2160,5,2,2,1,1,0.064,world,2.366765078,11.37756574,16.1329547
557.8,sort,0.7394957983,19,8,0.1962790698,12.19056129,12.195396,13.74598133,154,1555,2150,5,2,2,1,1,0.1,world,11.57894362,18.68588562,23.32442071
557.884,ours,1,0,0,0.4,3.210664995,3.448756783,4.551180079,0,1296,2160,5,2,2,1,1,0.016,world,2.367641048,11.37729542,16.13233911
557.884,ab3dmot,1,0,0,0.4,3.211922919,3.448914241,4.553968998,0,1299,2165,5,2,2,1,1,0.084,world,2.368427244,11.37852574,16.13682797
557.884,sort,0.7386934673,19,8,0.1967517401,12.19056129,12.19632058,13.74576055,154,1558,2155,5,2,2,1,1,0.116,world,11.50846628,18.65067336,23.31012318
557.968,ours,1,0,0,0.4,3.211614793,3.449205683,4.551832327,0,1299,2165,5,2,2,1,1,0.032,world,2.369540644,11.37753967,16.13450211
557.968,ab3dmot,1,0,0,0.4,3.212826646,3.449353482,4.557946777,0,1302,2170,5,2,2,1,1,0.1,world,2.370234698,11.37921505,16.14039313
557.968,sort,0.7378964942,19,8,0.1972222222,12.19056129,12.19728709,13.74553976,154,1561,2160,5,2,2,1,1,0.132,world,11.45656985,18.62375194,23.29828435
558.06,ours,1,0,0,0.4,3.212232188,3.449646692,4.552148335,0,1302,2170,5,2,2,1,1,0.036,world,2.370775434,11.37823776,16.13825031
558.06,ab3dmot,1,0,0,0.4,3.213471196,3.449784796,4.558009319,0,1305,2175,5,2,2,1,1,0.092,world,2.371523798,11.38008847,16.14436414
558.06,sort,0.7371048253,19,8,0.1976905312,12.19056129,12.19831648,13.74531898,154,1564,2165,5,2,2,1,1,0.128,world,11.3838527,18.58700137,23.28383899
558.132,ours,1,0,0,0.4,3.212832677,3.450081035,4.555213329,0,1305,2175,5,2,2,1,1,0.028,world,2.371976412,11.37865755,16.14039419
558.132,ab3dmot,1,0,0,0.4,3.213720129,3.450209029,4.557717353,0,1308,2180,5,2,2,1,1,0.1,world,2.372021664,11.3805584,16.14618136
558.132,sort,0.736318408,19,8,0.198156682,12.19056129,12.19934722,13.74521106,154,1567,2170,5,2,2,1,1,0.1,world,11.34709605,18.5691427,23.27461433
558.2,ours,1,0,0,0.4,3.212832677,3.450509094,4.556764392,0,1308,2180,5,2,2,1,1,0.008,world,2.371542536,11.37881196,16.14109075
558.2,ab3dmot,1,0,0,0.4,3.213720129,3.450625264,4.557425386,0,1311,2185,5,2,2,1,1,0.068,world,2.370704801,11.38119848,16.14677512
558.2,sort,0.7355371901,19,8,0.1986206897,12.19056129,12.20046596,13.74510315,154,1570,2175,5,2,2,1,1,0.1,world,11.33355516,18.56211883,23.26945608
558.296,ours,1,0,0,0.4,3.212832677,3.450927154,4.556607488,0,1311,2185,5,2,2,1,1,0.024,world,2.36963422,11.37905678,16.14197389
558.296,ab3dmot,1,0,0,0.4,3.213720129,3.451031185,4.557133419,0,1314,2190,5,2,2,1,1,0.068,world,2.368421214,11.38150885,16.1472424
558.296,sort,0.7347611203,19,8,0.1990825688,12.19056129,12.20170263,13.74499524,154,1573,2180,5,2,2,1,1,0.1,world,11.30896765,18.54872386,23.26105908
558.376,ours,1,0,0,0.4,3.212832677,3.451339043,4.556450584,0,1314,2190,5,2,2,1,1,0.02,world,2.368457365,11.37871981,16.14212206
558.376,ab3dmot,1,0,0,0.4,3.213720129,3.451428607,4.556841452,0,1317,2195,5,2,2,1,1,0.084,world,2.366525601,11.38174184,16.14810327
558.376,sort,0.7339901478,19,8,0.1995423341,12.19056129,12.20276455,13.74488733,154,1576,2185,5,2,2,1,1,0.116,world,11.30265792,18.54442733,23.25669665
558.46,ours,1,0,0,0.4,3.212832677,3.451740743,4.55629368,0,1317,2195,5,2,2,1,1,0.04,world,2.366328452,11.37916729,16.14364785
558.46,ab3dmot,1,0,0,0.4,3.213720129,3.451818104,4.556549485,0,1320,2200,5,2,2,1,1,0.096,world,2.363957533,11.38170704,16.14844538
558.46,sort,0.7332242226,19,8,0.2,12.19056129,12.20389564,13.74477942,154,1579,2190,5,2,2,1,1,0.132,world,11.29818263,18.54071029,23.25246585
558.54,ours,1,0,0,0.4,3.212832677,3.452133635,4.556136776,0,1320,2200,5,2,2,1,1,0.04,world,2.363115501,11.37925053,16.14377566
558.54,ab3dmot,1,0,0,0.4,3.213720129,3.452201496,4.556352857,0,1323,2205,5,2,2,1,1,0.112,world,2.360698104,11.38123235,16.14701458
558.54,sort,0.7324632953,19,8,0.2004555809,12.19056129,12.20492923,13.74467151,154,1582,2195,5,2,2,1,1,0.112,world,11.28316891,18.53136918,23.24576747
558.6,ours,1,0,0,0.4,3.212832677,3.452522689,4.55586855,0,1323,2205,5,2,2,1,1,0.008,world,2.360204117,11.37843843,16.14059987
558.6,ab3dmot,1,0,0,0.4,3.213720129,3.452584325,4.556251569,0,1326,2210,5,2,2,1,1,0.072,world,2.357624396,11.37987454,16.14156848
558.6,sort,0.7317073171,19,8,0.2009090909,12.19056129,12.2059219,13.7445636,154,1585,2200,5,2,2,1,1,0.104,world,11.28411849,18.52934797,23.24132121
558.692,ours,1,0,0,0.4,3.212832677,3.452905628,4.555489002,0,1326,2210,5,2,2,1,1,0.012,world,2.356340399,11.37682299,16.1377455
558.692,ab3dmot,1,0,0,0.4,3.213720129,3.452964803,4.556150281,0,1329,2215,5,2,2,1,1,0.068,world,2.353538192,11.37772321,16.13594771
558.692,sort,0.7309562399,19,8,0.2013605442,12.19056129,12.20729439,13.74445569,154,1588,2205,5,2,2,1,1,0.1,world,11.48436951,18.6221754,23.26487617
558.792,ours,1,0,0,0.4,3.212832677,3.453281783,4.555109454,0,1329,2215,5,2,2,1,1,0.028,world,2.352033685,11.37504756,16.13497951
558.792,ab3dmot,1,0,0,0.4,3.213720129,3.453341287,4.556048992,0,1332,2220,5,2,2,1,1,0.1,world,2.349604317,11.37546753,16.13164297
558.792,sort,0.7302100162,19,8,0.2018099548,12.19056129,12.20869653,13.74434778,154,1591,2210,5,2,2,1,1,0.132,world,11.47270773,18.61385219,23.25812147
558.86,ours,1,0,0,0.4,3.212832677,3.453656997,4.554729906,0,1332,2220,5,2,2,1,1,0.024,world,2.350504807,11.37414281,16.1320452
558.86,ab3dmot,1,0,0,0.4,3.213720129,3.45371839,4.555947704,0,1335,2225,5,2,2,1,1,0.1,world,2.348410301,11.37430029,16.12807524
558.86,sort,0.729468599,19,8,0.2022573363,12.19056129,12.21016305,13.74531898,154,1594,2215,5,2,2,1,1,0.1,world,11.46119183,18.60683714,23.25309148
558.956,ours,1,0,0,0.4,3.212832677,3.454026278,4.554350358,0,1335,2225,5,2,2,1,1,0.056,world,2.345913279,11.37201656,16.1286445
558.956,ab3dmot,1,0,0,0.4,3.213720129,3.454090229,4.555846415,0,1338,2230,5,2,2,1,1,0.1,world,2.344589177,11.37204407,16.12492529
558.956,sort,0.7287319422,19,8,0.2027027027,12.19056129,12.21161869,13.74696264,154,1597,2220,5,2,2,1,1,0.132,world,11.42627371,18.58593676,23.24180394
559.024,ours,1,0,0,0.4,3.212832677,3.454392971,4.55397081,0,1338,2230,5,2,2,1,1,0.024,world,2.343381253,11.37032969,16.12570987
559.024,ab3dmot,1,0,0,0.4,3.213720129,3.454460314,4.555745127,0,1341,2235,5,2,2,1,1,0.1,world,2.34248802,11.37006709,16.1223523
559.024,sort,0.728,19,8,0.2031460674,12.19056129,12.21279657,13.74678001,154,1600,2225,5,2,2,1,1,0.1,world,11.39861157,18.56920476,23.23226345
559.1,ours,1,0,0,0.4,3.212832677,3.45475641,4.553591261,0,1341,2235,5,2,2,1,1,0.02,world,2.340947342,11.36839117,16.1232826
559.1,ab3dmot,1,0,0,0.4,3.213720129,3.454831485,4.555643839,0,1344,2240,5,2,2,1,1,0.08,world,2.34190268,11.36743119,16.118653
559.1,sort,0.7272727273,19,8,0.2035874439,12.19056129,12.21397071,13.74659738,154,1603,2230,5,2,2,1,1,0.112,world,11.38095239,18.55770612,23.22509078
559.188,ours,1,0,0,0.4,3.212832677,3.455115667,4.553211713,0,1344,2240,5,2,2,1,1,0.016,world,2.337359041,11.36506694,16.11947849
559.188,ab3dmot,1,0,0,0.4,3.213720129,3.455199116,4.55554255,0,1347,2245,5,2,2,1,1,0.068,world,2.339142741,11.36372304,16.11491861
559.188,sort,0.7265500795,19,8,0.2040268456,12.19056129,12.21515221,13.74641475,154,1606,2235,5,2,2,1,1,0.1,world,11.3595485,18.54383336,23.21582232
559.288,ours,1,0,0,0.4,3.212832677,3.455470867,4.552832165,0,1347,2245,5,2,2,1,1,0.036,world,2.334583598,11.36266164,16.11685687
559.288,ab3dmot,1,0,0,0.4,3.213720129,3.455562623,4.555441262,0,1350,2250,5,2,2,1,1,0.1,world,2.336536416,11.36106616,16.11246129
559.288,sort,0.7258320127,19,8,0.2044642857,12.19056129,12.21633567,13.74623212,154,1609,2240,5,2,2,1,1,0.132,world,11.34482489,18.53432333,23.20954549
559.36,ours,1,0,0,0.4,3.212832677,3.455823684,4.552452617,0,1350,2250,5,2,2,1,1,0.04,world,2.332165062,11.35979403,16.11334091
559.36,ab3dmot,1,0,0,0.4,3.213720129,3.455924071,4.555261511,0,1353,2255,5,2,2,1,1,0.072,world,2.334482569,11.3580144,16.10890522
559.36,sort,0.7251184834,19,8,0.2048997773,12.19056129,12.21753056,13.74604949,154,1612,2245,5,2,2,1,1,0.108,world,11.32583194,18.52245252,23.20198609
559.436,ours,1,0,0,0.4,3.212832677,3.456174204,4.552246485,0,1353,2255,5,2,2,1,1,0.036,world,2.328690263,11.3567834,16.10882863
559.436,ab3dmot,1,0,0,0.4,3.213720129,3.456281078,4.555003299,0,1356,2260,5,2,2,1,1,0.084,world,2.330282708,11.35528594,16.1052743
559.436,sort,0.7244094488,19,8,0.2053333333,12.19056129,12.21926821,13.74725974,154,1615,2250,5,2,2,1,1,0.116,world,11.67671609,18.68739424,23.24994429
559.5,ours,1,0,0,0.4,3.212832677,3.456520955,4.552213768,0,1356,2260,5,2,2,1,1,0.012,world,2.324729954,11.35390744,16.10488532
559.5,ab3dmot,1,0,0,0.4,3.213720129,3.456637615,4.554745087,0,1359,2265,5,2,2,1,1,0.048,world,2.32682186,11.35160376,16.09885632
559.5,sort,0.7237048666,19,8,0.2057649667,12.19056129,12.22134283,13.74797602,154,1618,2255,5,2,2,1,1,0.084,world,11.87649632,18.77917495,23.27399116
559.6,ours,1,0,0,0.4,3.212832677,3.456863163,4.552181052,0,1359,2265,5,2,2,1,1,0.016,world,2.317653487,11.3492671,16.09782173
559.6,ab3dmot,1,0,0,0.4,3.213720129,3.456987628,4.554553608,0,1362,2270,5,2,2,1,1,0.048,world,2.316057136,11.34718653,16.09094787
559.6,sort,0.7230046948,19,8,0.2061946903,12.19056129,12.2234658,13.74987763,154,1621,2260,5,2,2,1,1,0.116,world,11.90097822,18.78736666,23.2723681
559.684,ours,1,0,0,0.4,3.212832677,3.457198912,4.552148335,0,1362,2270,5,2,2,1,1,0.008,world,2.308729621,11.34651525,16.09295585
559.684,ab3dmot,1,0,0,0.4,3.213720129,3.457330454,4.554975328,0,1365,2275,5,2,2,1,1,0.068,world,2.305520249,11.34446709,16.08576134
559.684,sort,0.7223088924,19,8,0.2066225166,12.19056129,12.22582816,13.75082144,154,1624,2265,5,2,2,1,1,0.104,world,12.03582416,18.84676811,23.28536324
559.78,ours,1,0,0,0.4,3.212832677,3.457525282,4.552115619,0,1365,2275,5,2,2,1,1,0.028,world,2.298558739,11.34233694,16.08792461
559.78,ab3dmot,1,0,0,0.4,3.213720129,3.457666157,4.55521415,0,1368,2280,5,2,2,1,1,0.064,world,2.296673417,11.33963127,16.07979153
559.78,sort,0.7216174184,19,8,0.2070484581,12.19056129,12.22823998,13.75308429,154,1627,2270,5,2,2,1,1,0.132,world,12.06452922,18.85691752,23.28451408
559.848,ours,1,0,0,0.4,3.212832677,3.457847695,4.552082902,0,1368,2280,5,2,2,1,1,0.036,world,2.292354213,11.33871295,16.08283378
559.848,ab3dmot,1,0,0,0.4,3.213720129,3.457992677,4.555182065,0,1371,2285,5,2,2,1,1,0.1,world,2.290730598,11.3371499,16.07853688
559.848,sort,0.7209302326,19,8,0.2074725275,12.19056129,12.23080581,13.77104542,154,1630,2275,5,2,2,1,1,0.1,world,12.14497255,18.88876275,23.28702293
559.912,ours,1,0,0,0.4,3.212832677,3.458160146,4.552050186,0,1371,2285,5,2,2,1,1,0.012,world,2.286309722,11.33648638,16.08213633
559.912,ab3dmot,1,0,0,0.4,3.213720129,3.458309238,4.55514998,0,1374,2290,5,2,2,1,1,0.164,world,2.284681568,11.33492278,16.0778392
559.912,sort,0.7202472952,19,8,0.2078947368,12.19056129,12.2334318,13.77814672,154,1633,2280,5,2,2,1,1,0.1,world,12.17848201,18.90204478,23.28807843
560,ours,1,0,0,0.4,3.212832677,3.45846254,4.552017469,0,1374,2290,5,2,2,1,1,0.016,world,2.280105593,11.33421525,16.08143481
560,ab3dmot,1,0,0,0.4,3.213720129,3.458615746,4.555117895,0,1377,2295,5,2,2,1,1,0.252,world,2.278472726,11.33265108,16.07713745
560,sort,0.719568567,19,8,0.2083150985,12.19225933,12.23612316,13.78175464,154,1636,2285,5,2,2,1,1,0.12,world,12.21437779,18.91646638,23.28950613
560.1,ours,1,0,0,0.4,3.212832677,3.458751793,4.551984753,0,1377,2295,5,2,2,1,1,0.024,world,2.259757857,11.32860892,16.07325483
560.1,ab3dmot,1,0,0,0.4,3.213720129,3.458901203,4.55508581,0,1380,2300,5,2,2,1,1,0.088,world,2.253409903,11.32696986,16.07180653
560.1,sort,0.7188940092,19,8,0.2087336245,12.19248139,12.23886855,13.78516832,154,1639,2290,5,2,2,1,1,0.12,world,12.23553209,18.92603515,23.29529958
560.176,ours,1,0,0,0.4,3.212832677,3.459030183,4.551952036,0,1380,2300,5,2,2,1,1,0.032,world,2.25159912,11.32591217,16.07193141
560.176,ab3dmot,1,0,0,0.4,3.213720129,3.459174838,4.555039667,0,1383,2305,5,2,2,1,1,0.096,world,2.245201269,11.3246455,16.07096636
560.176,sort,0.7182235835,19,8,0.2091503268,12.19974445,12.24162682,13.78813552,154,1642,2295,5,2,2,1,1,0.132,world,12.23972955,18.92770471,23.29771386
560.212,ours,1,0,0,0.4,3.212832677,3.45930307,4.551927003,0,1383,2305,5,2,2,1,1,0.012,world,2.24485145,11.32354388,16.06911513
560.212,ab3dmot,1,0,0,0.4,3.213720129,3.459443064,4.554979465,0,1386,2310,5,2,2,1,1,0.068,world,2.240557881,11.32303833,16.06932688
560.212,sort,0.7175572519,19,8,0.2095652174,12.20189582,12.24445271,13.7908887,154,1645,2300,5,2,2,1,1,0.104,world,12.27431654,18.94303979,23.30143558
560.3,ours,1,0,0,0.4,3.212832677,3.459566536,4.551909653,0,1386,2310,5,2,2,1,1,0.024,world,2.236503793,11.32034273,16.06682927
560.3,ab3dmot,1,0,0,0.4,3.213720129,3.459705062,4.554919264,0,1389,2315,5,2,2,1,1,0.092,world,2.232624379,11.31918799,16.06479882
560.3,sort,0.7168949772,19,8,0.209978308,12.20468598,12.24732812,13.7984731,154,1648,2305,5,2,2,1,1,0.124,world,12.30309361,18.9546379,23.30316889
560.344,ours,1,0,0,0.4,3.212832677,3.459824685,4.551892302,0,1389,2315,5,2,2,1,1,0.036,world,2.229713199,11.31666994,16.06226568
560.344,ab3dmot,1,0,0,0.4,3.213720129,3.459960276,4.554859062,0,1392,2320,5,2,2,1,1,0.1,world,2.22643667,11.31613441,16.06172849
560.344,sort,0.7162367223,19,8,0.2103896104,12.20702201,12.25025803,13.81997812,154,1651,2310,5,2,2,1,1,0.1,world,12.33403867,18.96731758,23.30532664
560.4,ours,1,0,0,0.4,3.212832677,3.460083097,4.551874952,0,1392,2320,5,2,2,1,1,0.024,world,2.22658889,11.31409824,16.05728512
560.4,ab3dmot,1,0,0,0.4,3.213720129,3.460217648,4.554798861,0,1395,2325,5,2,2,1,1,0.092,world,2.224456961,11.31352631,16.05586012
560.4,sort,0.7155824508,19,8,0.2107991361,12.20821022,12.25324825,13.82120247,154,1654,2315,5,2,2,1,1,0.092,world,12.36632452,18.98168901,23.30894767
560.44,ours,1,0,0,0.4,3.212832677,3.460339112,4.551857602,0,1395,2325,5,2,2,1,1,0.028,world,2.22159913,11.31150888,16.05338679
560.44,ab3dmot,1,0,0,0.4,3.213720129,3.460473543,4.554738659,0,1398,2330,5,2,2,1,1,0.096,world,2.21924133,11.31063821,16.05108348
560.44,sort,0.7149321267,19,8,0.2112068966,12.21016755,12.25612682,13.82730752,154,1657,2320,5,2,2,1,1,0.096,world,12.29612566,18.9445726,23.29422308
560.5,ours,1,0,0,0.4,3.212832677,3.460593309,4.551840252,0,1398,2330,5,2,2,1,1,0.02,world,2.211121642,11.30571619,16.0438329
560.5,ab3dmot,1,0,0,0.4,3.213720129,3.460730141,4.554678457,0,1401,2335,5,2,2,1,1,0.092,world,2.208173476,11.30402209,16.03915201
560.5,sort,0.7142857143,19,8,0.2116129032,12.21437779,12.2589689,13.83085145,154,1660,2325,5,2,2,1,1,0.092,world,12.26883816,18.93002509,23.2895314
560.54,ours,1,0,0,0.4,3.212832677,3.460846207,4.551822901,0,1401,2335,5,2,2,1,1,0.032,world,2.20662817,11.30307755,16.03932832
560.54,ab3dmot,1,0,0,0.4,3.213720129,3.460986566,4.55514998,0,1404,2340,5,2,2,1,1,0.1,world,2.203785883,11.30115566,16.033772
560.54,sort,0.7147147147,19,8,0.2115879828,12.21486906,12.25901958,13.83067235,154,1664,2330,5,1,1,1,1,0.064,world,12.29267637,18.94018835,23.2917812
560.584,ours,1,0,0,0.4,3.212832677,3.461097887,4.552017469,0,1404,2340,5,2,2,1,1,0.012,world,2.203222347,11.30083161,16.03535943
560.584,ab3dmot,1,0,0,0.4,3.213720129,3.461242752,4.555495325,0,1407,2345,5,2,2,1,1,0.108,world,2.201014359,11.29891515,16.02932766
560.584,sort,0.7151424288,19,8,0.2115631692,12.21536032,12.25908402,13.83049325,154,1668,2335,5,1,1,1,1,0.08,world,12.30192571,18.94354021,23.2920025
560.64,ours,1,0,0,0.4,3.212832677,3.461339272,4.551984753,0,1407,2345,5,2,2,1,1,0.036,world,2.195988074,11.29833592,16.03467247
560.64,ab3dmot,1,0,0,0.4,3.213720129,3.461488645,4.55542552,0,1410,2350,5,2,2,1,1,0.164,world,2.193772686,11.29641854,16.0286405
560.64,sort,0.7155688623,19,8,0.2115384615,12.21675778,12.25915653,13.83031415,154,1672,2340,5,1,1,1,1,0.1,world,12.30742776,18.94418858,23.29066594
560.684,ours,1,0,0,0.4,3.212832677,3.461575018,4.551952036,0,1410,2350,5,2,2,1,1,0.012,world,2.192352135,11.29708616,16.03433182
560.684,ab3dmot,1,0,0,0.4,3.213720129,3.46172889,4.555374575,0,1413,2355,5,2,2,1,1,0.208,world,2.190132999,11.29516832,16.02829974
560.684,sort,0.7159940209,19,8,0.2115138593,12.21815524,12.25926216,13.83013505,154,1676,2345,5,1,1,1,1,0.08,world,12.32961881,18.95365183,23.29281273
560.716,ours,1,0,0,0.4,3.212832677,3.461805163,4.551927003,0,1413,2355,5,2,2,1,1,0.012,world,2.188705808,11.29583584,16.03399324
560.716,ab3dmot,1,0,0,0.4,3.213720129,3.461963527,4.55534249,0,1416,2360,5,2,2,1,1,0.24,world,2.186482894,11.29391753,16.02796106
560.716,sort,0.7164179104,19,8,0.2114893617,12.21919275,12.25938375,13.82995595,154,1680,2350,5,1,1,1,1,0.076,world,12.34045823,18.9578073,23.2933682
560.768,ours,1,0,0,0.4,3.212832677,3.462029747,4.551909653,0,1416,2360,5,2,2,1,1,0.02,world,2.185050717,11.29458552,16.03365689
560.768,ab3dmot,1,0,0,0.4,3.213720129,3.462192594,4.555310405,0,1419,2365,5,2,2,1,1,0.292,world,2.182823996,11.29266673,16.02762462
560.768,sort,0.7168405365,19,8,0.2114649682,12.22023027,12.2595188,13.82977685,154,1684,2355,5,1,1,1,1,0.096,world,12.34967203,18.96121499,23.29371806
560.8,ours,1,0,0,0.4,3.212832677,3.46224881,4.551892302,0,1419,2365,5,2,2,1,1,0.012,world,2.181388498,11.29333572,16.03332291
560.8,ab3dmot,1,0,0,0.4,3.213720129,3.462455744,4.555844351,0,1422,2370,5,2,2,1,1,0.06,world,2.186655022,11.28451849,15.99854378
560.8,sort,0.7172619048,19,8,0.211440678,12.2208494,12.25966726,13.82959776,154,1688,2360,5,1,1,1,1,0.096,world,12.35888319,18.96463756,23.29409604
560.864,ours,1,0,0,0.4,3.212832677,3.462487096,4.552148335,0,1422,2370,5,2,2,1,1,0.028,world,2.174164672,11.28369873,16.00855314
560.864,ab3dmot,1,0,0,0.4,3.213720129,3.462714065,4.556261827,0,1425,2375,5,2,2,1,1,0.092,world,2.180705631,11.28120608,15.99425428
560.864,sort,0.7176820208,19,8,0.2114164905,12.22146853,12.25984533,13.82941866,154,1692,2365,5,1,1,1,1,0.092,world,12.37892681,18.97229725,23.2951772
560.9,ours,1,0,0,0.4,3.212832677,3.462731979,4.552761313,0,1425,2375,5,2,2,1,1,0.012,world,2.174098342,11.2807987,16.00016636
560.9,ab3dmot,1,0,0,0.4,3.213720129,3.462976742,4.557144425,0,1428,2380,5,2,2,1,1,0.064,world,2.180958247,11.27895735,15.98782886
560.9,sort,0.7181008902,19,8,0.2113924051,12.22370549,12.25986182,13.82923956,154,1696,2370,5,1,1,1,1,0.096,world,12.27095266,18.92076414,23.28241892
560.956,ours,1,0,0,0.4,3.212832677,3.462972039,4.55446928,0,1428,2380,5,2,2,1,1,0.028,world,2.16873387,11.2778055,15.99622661
560.956,ab3dmot,1,0,0,0.4,3.213720129,3.463229354,4.558495609,0,1431,2385,5,2,2,1,1,0.12,world,2.173643282,11.27648699,15.98718465
560.956,sort,0.7185185185,19,8,0.2113684211,12.22594246,12.25988018,13.82906046,154,1700,2375,5,1,1,1,1,0.12,world,12.27224655,18.91967579,23.28102585
561,ours,1,0,0,0.4,3.212832677,3.463215299,4.556607488,0,1431,2385,5,2,2,1,1,0.012,world,2.169668777,11.2762348,15.99097199
561,ab3dmot,1,0,0,0.4,3.213720129,3.463483611,4.559439691,0,1434,2390,5,2,2,1,1,0.096,world,2.174976376,11.27542843,15.98340097
561,sort,0.7189349112,19,8,0.2113445378,12.22721523,12.25992072,13.82888136,154,1704,2380,5,1,1,1,1,0.096,world,12.28725645,18.92588224,23.28261466
561.036,ours,1,0,0,0.4,3.212832677,3.463456672,4.557878121,0,1434,2390,5,2,2,1,1,0.016,world,2.167784827,11.27486192,15.98847682
561.036,ab3dmot,1,0,0,0.4,3.213720129,3.463735116,4.559835605,0,1437,2395,5,2,2,1,1,0.1,world,2.173217249,11.27431053,15.98164087
561.036,sort,0.7193500739,19,8,0.2113207547,12.228488,12.25996866,13.82870226,154,1708,2385,5,1,1,1,1,0.1,world,12.29233501,18.92745638,23.28268158
561.072,ours,1,0,0,0.4,3.212832677,3.463698565,4.55913191,0,1437,2395,5,2,2,1,1,0.004,world,2.167074325,11.2734166,15.98447703
561.072,ab3dmot,1,0,0,0.4,3.213720129,3.463985267,4.560118868,0,1440,2400,5,2,2,1,1,0.072,world,2.172632733,11.2733774,15.97920306
561.072,sort,0.7197640118,19,8,0.2112970711,12.22976824,12.26003707,13.82852316,154,1712,2390,5,1,1,1,1,0.072,world,12.30626074,18.93319894,23.28417191
561.136,ours,1,0,0,0.4,3.212832677,3.463934963,4.561988705,0,1440,2400,5,2,2,1,1,0.016,world,2.16103521,11.27046712,15.98086554
561.136,ab3dmot,1,0,0,0.4,3.213720129,3.464229402,4.560489508,0,1443,2405,5,2,2,1,1,0.1,world,2.16663086,11.27056744,15.97601328
561.136,sort,0.7201767305,19,8,0.2112734864,12.23104847,12.26010893,13.82834406,154,1716,2395,5,1,1,1,1,0.1,world,12.30873454,18.93283653,23.28324514
561.192,ours,1,0,0,0.4,3.212832677,3.464170831,4.56225638,0,1443,2405,5,2,2,1,1,0.024,world,2.158441179,11.26849595,15.97707419
561.192,ab3dmot,1,0,0,0.4,3.213720129,3.464478536,4.56078698,0,1446,2410,5,2,2,1,1,0.092,world,2.165071044,11.26758155,15.96820311
561.192,sort,0.7205882353,19,8,0.21125,12.23329028,12.26020121,13.82816496,154,1720,2400,5,1,1,1,1,0.092,world,12.3226997,18.93866122,23.28484282
561.232,ours,1,0,0,0.4,3.212832677,3.464413533,4.564035247,0,1446,2410,5,2,2,1,1,0.016,world,2.157342022,11.2652459,15.96802443
561.232,ab3dmot,1,0,0,0.4,3.213720129,3.464729299,4.560903264,0,1449,2415,5,2,2,1,1,0.096,world,2.162861931,11.26517116,15.96289917
561.232,sort,0.7209985316,19,8,0.2112266112,12.23553209,12.26030244,13.82798586,154,1724,2405,5,1,1,1,1,0.096,world,12.32894492,18.94088208,23.28525127
561.284,ours,1,0,0,0.4,3.212832677,3.464652771,4.566106378,0,1449,2415,5,2,2,1,1,0.016,world,2.15154048,11.26191611,15.96314574
561.284,ab3dmot,1,0,0,0.4,3.213720129,3.464984298,4.563141081,0,1452,2420,5,2,2,1,1,0.084,world,2.158282263,11.26028834,15.9524352
561.284,sort,0.7214076246,19,8,0.2112033195,12.23554274,12.26041861,13.82764669,154,1728,2410,5,1,1,1,1,0.084,world,12.33927741,18.9443727,23.28582219
561.324,ours,1,0,0,0.4,3.212832677,3.464899181,4.567099701,0,1452,2420,5,2,2,1,1,0.024,world,2.15044115,11.25853426,15.95402384
561.324,ab3dmot,1,0,0,0.4,3.213720129,3.465239587,4.564957604,0,1455,2425,5,2,2,1,1,0.092,world,2.155859536,11.25812198,15.94825616
561.324,sort,0.7218155198,19,8,0.2111801242,12.23555339,12.2605421,13.82730752,154,1732,2415,5,1,1,1,1,0.092,world,12.34447335,18.94616439,23.28616174
561.364,ours,1,0,0,0.4,3.212832677,3.465146523,4.567415318,0,1455,2425,5,2,2,1,1,0.004,world,2.148147564,11.25630934,15.94936726
561.364,ab3dmot,1,0,0,0.4,3.213720129,3.465495852,4.56584056,0,1458,2430,5,2,2,1,1,0.096,world,2.153503012,11.255831,15.94354792
561.364,sort,0.7222222222,19,8,0.2111570248,12.23554274,12.25975317,13.82696835,154,1736,2420,5,1,1,1,1,0.096,world,11.70850465,18.62723124,23.17179059
561.404,ours,1,0,0,0.4,3.212832677,3.465394687,4.567666466,0,1458,2430,5,2,2,1,1,0.004,world,2.145748939,11.25405025,15.94483726
561.404,ab3dmot,1,0,0,0.4,3.213720129,3.465759485,4.566970164,0,1461,2435,5,2,2,1,1,0.072,world,2.152093277,11.25216323,15.93434435
561.404,sort,0.7226277372,19,8,0.2111340206,12.23553209,12.25867335,13.82662918,154,1740,2425,5,1,1,1,1,0.072,world,11.49634516,18.52260419,23.13684362
561.464,ours,1,0,0,0.4,3.212832677,3.465645504,4.568135875,0,1461,2435,5,2,2,1,1,0,world,2.14126713,11.24968293,15.93605459
561.464,ab3dmot,1,0,0,0.4,3.213720129,3.466019351,4.568565012,0,1464,2440,5,2,2,1,1,0.1,world,2.146285846,11.24892852,15.93008684
561.464,sort,0.7219796215,19,9,0.2115226337,12.23553209,12.25901079,13.82595084,154,1743,2430,5,2,2,1,1,0.1,world,11.39150032,18.47097162,23.12028436
561.5,ours,1,0,0,0.4,3.212832677,3.465896303,4.568936066,0,1464,2440,5,2,2,1,1,0.004,world,2.139036099,11.24781622,15.93221051
561.5,ab3dmot,1,0,0,0.4,3.213720129,3.466281596,4.570223449,0,1467,2445,5,2,2,1,1,0.068,world,2.144657515,11.2468277,15.92424908
561.5,sort,0.7213352685,19,9,0.2119096509,12.23553209,12.2592496,13.8252725,154,1746,2435,5,2,2,1,1,0.1,world,11.32442251,18.43817988,23.10995106
561.564,ours,1,0,0,0.4,3.212832677,3.466142237,4.569898646,0,1467,2445,5,2,2,1,1,0.016,world,2.133290407,11.24513009,15.92880277
561.564,ab3dmot,1,0,0,0.4,3.213720129,3.466537317,4.573799427,0,1470,2450,5,2,2,1,1,0.1,world,2.138361151,11.24438525,15.92182855
561.564,sort,0.7206946454,19,9,0.212295082,12.23553209,12.25854462,13.82459417,154,1749,2440,5,2,2,1,1,0.1,world,11.32063454,18.43732776,23.12125652
561.6,ours,1,0,0,0.4,3.212832677,3.466390992,4.569943001,0,1470,2450,5,2,2,1,1,0.004,world,2.131252244,11.24283629,15.92249303
561.6,ab3dmot,1,0,0,0.4,3.213720129,3.466797415,4.573959722,0,1473,2455,5,2,2,1,1,0.072,world,2.135252888,11.24127912,15.91371236
561.6,sort,0.7200577201,19,9,0.2126789366,12.23553209,12.25748577,13.82391583,154,1752,2445,5,2,2,1,1,0.072,world,11.22679917,18.4820163,23.25940169
561.664,ours,1,0,0,0.4,3.212832677,3.466646399,4.57019162,0,1473,2455,5,2,2,1,1,0.008,world,2.128935258,11.23939504,15.91309112
561.664,ab3dmot,1,0,0,0.4,3.213720129,3.467058651,4.574680326,0,1476,2460,5,2,2,1,1,0.1,world,2.131999523,11.23881577,15.90846403
561.664,sort,0.7194244604,19,9,0.2130612245,12.23553209,12.25619638,13.82323749,154,1755,2450,5,2,2,1,1,0.1,world,11.07542116,18.48109581,23.36638553
561.7,ours,1,0,0,0.4,3.212832677,3.466901725,4.570330523,0,1476,2460,5,2,2,1,1,0.008,world,2.126058611,11.2373928,15.909092
561.7,ab3dmot,1,0,0,0.4,3.213720129,3.467322728,4.575002252,0,1479,2465,5,2,2,1,1,0.072,world,2.128409857,11.2359104,15.90150087
561.7,sort,0.718794835,19,9,0.2134419552,12.23553209,12.25466714,13.82255915,154,1758,2455,5,2,2,1,1,0.072,world,10.93280698,18.4785149,23.46407521
561.76,ours,1,0,0,0.4,3.212832677,3.467157107,4.570738204,0,1479,2465,5,2,2,1,1,0.004,world,2.120096239,11.2336253,15.90168429
561.76,ab3dmot,1,0,0,0.4,3.213720129,3.467581995,4.575441453,0,1482,2470,5,2,2,1,1,0.096,world,2.121794518,11.23306674,15.89787461
561.76,sort,0.7181688126,19,9,0.2138211382,12.23553209,12.25363058,13.82188081,154,1761,2460,5,2,2,1,1,0.064,world,10.80626028,18.36590039,23.34125762
561.796,ours,1,0,0,0.4,3.212832677,3.46741413,4.571129214,0,1482,2470,5,2,2,1,1,0,world,2.116919129,11.23131816,15.89587084
561.796,ab3dmot,1,0,0,0.4,3.213720129,3.467840938,4.575709752,0,1485,2475,5,2,2,1,1,0.068,world,2.117651492,11.23095258,15.89310255
561.796,sort,0.7175463623,19,9,0.214198783,12.23553209,12.25254162,13.82120247,154,1764,2465,5,2,2,1,1,0.1,world,10.76354621,18.34779326,23.34049597
561.86,ours,1,0,0,0.4,3.212832677,3.467663326,4.571292664,0,1485,2475,5,2,2,1,1,0.004,world,2.11078785,11.22937383,15.89547438
561.86,ab3dmot,1,0,0,0.4,3.213720129,3.468092548,4.57579523,0,1488,2480,5,2,2,1,1,0.1,world,2.110752241,11.22885363,15.89147569
561.86,sort,0.7169274538,19,9,0.2145748988,12.23553209,12.25138209,13.82106643,154,1767,2470,5,2,2,1,1,0.1,world,10.66901351,18.30157327,23.32628477
561.9,ours,1,0,0,0.4,3.212832677,3.467909674,4.571469411,0,1488,2480,5,2,2,1,1,0.008,world,2.107426221,11.22834433,15.89313053
561.9,ab3dmot,1,0,0,0.4,3.213720129,3.468335284,4.575940537,0,1491,2485,5,2,2,1,1,0.072,world,2.106565749,11.22906479,15.8937013
561.9,sort,0.7163120567,19,9,0.2149494949,12.23553209,12.2501808,13.82093039,154,1770,2475,5,2,2,1,1,0.072,world,10.58941864,18.26148839,23.31191023
561.96,ours,1,0,0,0.4,3.212832677,3.468148846,4.571993704,0,1491,2485,5,2,2,1,1,0.024,world,2.101346459,11.22651311,15.89223271
561.96,ab3dmot,1,0,0,0.4,3.213720129,3.468568235,4.576187561,0,1494,2490,5,2,2,1,1,0.1,world,2.100272239,11.22788216,15.89479385
561.96,sort,0.7157001414,19,9,0.2153225806,12.23553209,12.24895561,13.82079435,154,1773,2480,5,2,2,1,1,0.1,world,10.55150934,18.24174553,23.30464163
562,ours,1,0,0,0.4,3.212832677,3.468382623,4.572664824,0,1494,2490,5,2,2,1,1,0.008,world,2.098112254,11.22618513,15.89232914
562,ab3dmot,1,0,0,0.4,3.213720129,3.468792114,4.576545934,0,1497,2495,5,2,2,1,1,0.076,world,2.095964851,11.2281215,15.89744412
562,sort,0.7150916784,19,9,0.215694165,12.23553209,12.24771657,13.82065831,154,1776,2485,5,2,2,1,1,0.076,world,10.49584259,18.21188616,23.291363
562.06,ours,1,0,0,0.4,3.212832677,3.468611675,4.572859748,0,1497,2495,5,2,2,1,1,0.036,world,2.094851951,11.22548981,15.89230607
562.06,ab3dmot,1,0,0,0.4,3.213720129,3.469009922,4.577813304,0,1500,2500,5,2,2,1,1,0.1,world,2.092080325,11.22753961,15.89831815
562.06,sort,0.7144866385,19,9,0.216064257,12.23553209,12.24648138,13.82052227,154,1779,2490,5,2,2,1,1,0.1,world,10.47317489,18.1983763,23.28384424
562.092,ours,1,0,0,0.4,3.212832677,3.468835545,4.573091367,0,1500,2500,5,2,2,1,1,0,world,2.090723437,11.22469934,15.89216517
562.092,ab3dmot,1,0,0,0.4,3.213720129,3.469220275,4.578354821,0,1503,2505,5,2,2,1,1,0.068,world,2.086844189,11.22679878,15.89985095
562.092,sort,0.713884993,19,9,0.2164328657,12.23553209,12.24525458,13.82038624,154,1782,2495,5,2,2,1,1,0.1,world,10.45687393,18.1879347,23.27720091
562.156,ours,1,0,0,0.4,3.212832677,3.469052183,4.574987014,0,1503,2505,5,2,2,1,1,0.044,world,2.084492188,11.22295571,15.89189699
562.156,ab3dmot,1,0,0,0.4,3.213720129,3.46942316,4.578599745,0,1506,2510,5,2,2,1,1,0.096,world,2.080518115,11.22501641,15.89995117
562.156,sort,0.7132867133,19,9,0.2168,12.23553209,12.24402989,13.8202502,154,1785,2500,5,2,2,1,1,0.096,world,10.41454323,18.16301172,23.26332746
562.2,ours,1,0,0,0.4,3.212832677,3.46926415,4.575286907,0,1506,2510,5,2,2,1,1,0.008,world,2.080764176,11.22208211,15.89200862
562.2,ab3dmot,1,0,0,0.4,3.213720129,3.469620676,4.579389608,0,1509,2515,5,2,2,1,1,0.108,world,2.077275417,11.22444153,15.90107565
562.2,sort,0.7126917713,19,9,0.2171656687,12.23553209,12.24282899,13.82011416,154,1788,2505,5,2,2,1,1,0.076,world,10.38885736,18.1456531,23.25058212
562.288,ours,1,0,0,0.4,3.212832677,3.469466156,4.575577582,0,1509,2515,5,2,2,1,1,0.032,world,2.072313972,11.22000196,15.89199437
562.288,ab3dmot,1,0,0,0.4,3.213720129,3.469806277,4.579990239,0,1512,2520,5,2,2,1,1,0.064,world,2.068359049,11.22269546,15.90259675
562.288,sort,0.7121001391,19,9,0.2175298805,12.23553209,12.24160276,13.81997812,154,1791,2510,5,2,2,1,1,0.096,world,10.32574839,18.11263203,23.23724713
562.364,ours,1,0,0,0.4,3.212832677,3.46966194,4.577251131,0,1512,2520,5,2,2,1,1,0.02,world,2.067285721,11.21871673,15.89202023
562.364,ab3dmot,1,0,0,0.4,3.213720129,3.469984692,4.580192823,0,1515,2525,5,2,2,1,1,0.108,world,2.063257038,11.22162588,15.90352374
562.364,sort,0.7115117892,19,9,0.2178926441,12.23553209,12.24036167,13.81984208,154,1794,2515,5,2,2,1,1,0.108,world,10.26950762,18.0831587,23.2250363
562.444,ours,1,0,0,0.4,3.212832677,3.469849469,4.578636137,0,1515,2525,5,2,2,1,1,0.044,world,2.061441695,11.21788651,15.89332818
562.444,ab3dmot,1,0,0,0.4,3.213720129,3.47015602,4.581261209,0,1518,2530,5,2,2,1,1,0.128,world,2.057806402,11.2205623,15.90428716
562.444,sort,0.7109266943,19,9,0.2182539683,12.23553209,12.239108,13.81717096,154,1797,2520,5,2,2,1,1,0.128,world,10.21426861,18.05426569,23.21311935
562.5,ours,1,0,0,0.4,3.212832677,3.470031132,4.579494839,0,1518,2530,5,2,2,1,1,0,world,2.056564267,11.21684279,15.89337376
562.5,ab3dmot,1,0,0,0.4,3.213720129,3.470322404,4.58263564,0,1521,2535,5,2,2,1,1,0.084,world,2.053333807,11.21938742,15.90391813
562.5,sort,0.7103448276,19,9,0.2186138614,12.23553209,12.23784192,13.81449984,154,1800,2525,5,2,2,1,1,0.084,world,10.13225225,18.01108314,23.19466509
562.596,ours,1,0,0,0.4,3.212832677,3.47021097,4.580547768,0,1521,2535,5,2,2,1,1,0.028,world,2.05199173,11.21481996,15.89060058
562.596,ab3dmot,1,0,0,0.4,3.213720129,3.470489726,4.582893142,0,1524,2540,5,2,2,1,1,0.08,world,2.049209255,11.21672415,15.89924286
562.596,sort,0.7097661623,19,9,0.218972332,12.23553209,12.23656853,13.81182871,154,1803,2530,5,2,2,1,1,0.112,world,10.07648334,17.98195704,23.18265586
562.672,ours,1,0,0,0.4,3.212832677,3.470385855,4.582782007,0,1524,2540,5,2,2,1,1,0.02,world,2.047898279,11.21390226,15.89083252
562.672,ab3dmot,1,0,0,0.4,3.213720129,3.470652991,4.583649517,0,1527,2545,5,2,2,1,1,0.052,world,2.044083927,11.21519098,15.89832581
562.672,sort,0.7091906722,19,9,0.2193293886,12.23553209,12.2352903,13.80915759,154,1806,2535,5,2,2,1,1,0.084,world,9.998196997,17.94073531,23.16502978
562.752,ours,1,0,0,0.4,3.212832677,3.470556353,4.58689082,0,1527,2545,5,2,2,1,1,0.036,world,2.041053207,11.21160798,15.88919491
562.752,ab3dmot,1,0,0,0.4,3.213720129,3.470822531,4.586202397,0,1530,2550,5,2,2,1,1,0.068,world,2.03697802,11.2089241,15.88954785
562.752,sort,0.7086183311,19,9,0.2196850394,12.23553209,12.23400579,13.80648647,154,1809,2540,5,2,2,1,1,0.1,world,9.946579557,17.91440333,23.15513278
562.836,ours,1,0,0,0.4,3.212832677,3.47073726,4.589068247,0,1530,2550,5,2,2,1,1,0.036,world,2.03496457,11.20474441,15.87859727
562.836,ab3dmot,1,0,0,0.4,3.213720129,3.470999707,4.586769072,0,1533,2555,5,2,2,1,1,0.084,world,2.03167156,11.20352027,15.88087285
562.836,sort,0.7080491132,19,9,0.2200392927,12.23553209,12.23323394,13.80381535,154,1812,2545,5,2,2,1,1,0.12,world,10.54748556,18.20460678,23.22797328
562.916,ours,1,0,0,0.4,3.212832677,3.470918423,4.589786444,0,1533,2555,5,2,2,1,1,0.016,world,2.03016473,11.20244369,15.87493454
562.916,ab3dmot,1,0,0,0.4,3.213720129,3.471182581,4.5878746,0,1536,2560,5,2,2,1,1,0.064,world,2.025357213,11.19936078,15.87172541
562.916,sort,0.7074829932,19,9,0.2203921569,12.23553209,12.23251263,13.80114422,154,1815,2550,5,2,2,1,1,0.1,world,10.5375744,18.19609959,23.2178078
563,ours,1,0,0,0.4,3.212832677,3.471104691,4.590111657,0,1536,2560,5,2,2,1,1,0.016,world,2.023912699,11.19853472,15.86655058
563,ab3dmot,1,0,0,0.4,3.213720129,3.471371696,4.588076196,0,1539,2565,5,2,2,1,1,0.052,world,2.018778401,11.19530336,15.86175574
563,sort,0.7069199457,19,9,0.2207436399,12.23553209,12.23182537,13.7984731,154,1818,2555,5,2,2,1,1,0.116,world,10.53039237,18.19060539,23.21172099
563.096,ours,1,0,0,0.4,3.212832677,3.471293061,4.591175664,0,1539,2565,5,2,2,1,1,0.028,world,2.01877463,11.19594861,15.86123902
563.096,ab3dmot,1,0,0,0.4,3.213720129,3.471563246,4.58882816,0,1542,2570,5,2,2,1,1,0.08,world,2.013576769,11.19278858,15.85581082
563.096,sort,0.7063599459,19,9,0.22109375,12.23553209,12.23118796,13.79580198,154,1821,2560,5,2,2,1,1,0.112,world,10.52045697,18.18314913,23.20332878
563.176,ours,1,0,0,0.4,3.212832677,3.471483254,4.592366228,0,1542,2570,5,2,2,1,1,0.04,world,2.01489472,11.19412651,15.85695782
563.176,ab3dmot,1,0,0,0.4,3.213720129,3.471756526,4.589405883,0,1545,2575,5,2,2,1,1,0.1,world,2.009712588,11.19116917,15.85130943
563.176,sort,0.705802969,19,9,0.2214424951,12.23553209,12.23058463,13.79313086,154,1824,2565,5,2,2,1,1,0.132,world,10.51449834,18.17881009,23.19837365
563.252,ours,1,0,0,0.4,3.212832677,3.471675915,4.594622536,0,1545,2575,5,2,2,1,1,0.04,world,2.011203761,11.19251576,15.85204314
563.252,ab3dmot,1,0,0,0.4,3.213720129,3.471950298,4.58966464,0,1548,2580,5,2,2,1,1,0.108,world,2.007921383,11.19079229,15.84886106
563.252,sort,0.7052489906,19,9,0.2217898833,12.23553209,12.23003605,13.79281055,154,1827,2570,5,2,2,1,1,0.108,world,10.50630974,18.17193894,23.18961478
563.324,ours,1,0,0,0.4,3.212832677,3.471867845,4.596155916,0,1548,2580,5,2,2,1,1,0.024,world,2.009774323,11.19264836,15.85106689
563.324,ab3dmot,1,0,0,0.4,3.213720129,3.472141719,4.58982992,0,1551,2585,5,2,2,1,1,0.076,world,2.007704809,11.1923039,15.84892041
563.324,sort,0.7046979866,19,9,0.2221359223,12.23553209,12.2295057,13.79249024,154,1830,2575,5,2,2,1,1,0.144,world,10.50344587,18.1708162,23.18880078
563.4,ours,1,0,0,0.4,3.212832677,3.472060332,4.596256377,0,1551,2585,5,2,2,1,1,0,world,2.009665343,11.19344963,15.8497994
563.4,ab3dmot,1,0,0,0.4,3.213720129,3.472332838,4.590029031,0,1554,2590,5,2,2,1,1,0.056,world,2.010237565,11.19436869,15.84944333
563.4,sort,0.7041499331,19,9,0.2224806202,12.23553209,12.23016958,13.79216993,154,1833,2580,5,2,2,1,1,0.088,world,11.42743182,18.52890673,23.17867485
563.5,ours,1,0,0,0.4,3.212832677,3.472261587,4.596303471,0,1554,2590,5,2,2,1,1,0.036,world,2.011068826,11.19192883,15.8432909
563.5,ab3dmot,1,0,0,0.4,3.213720129,3.472546894,4.590623514,0,1557,2595,5,2,2,1,1,0.088,world,2.012894032,11.18903408,15.83239418
563.5,sort,0.7036048064,19,9,0.2228239845,12.23553209,12.23093939,13.79184962,154,1836,2585,5,2,2,1,1,0.12,world,11.48055205,18.54833075,23.17449563
563.576,ours,1,0,0,0.4,3.212832677,3.472479679,4.596314167,0,1557,2595,5,2,2,1,1,0.02,world,2.013912458,11.18861047,15.83126199
563.576,ab3dmot,1,0,0,0.4,3.213720129,3.472780961,4.59145262,0,1560,2600,5,2,2,1,1,0.1,world,2.016101999,11.18483027,15.81810417
563.576,sort,0.7030625832,19,9,0.2231660232,12.23553209,12.23186157,13.79152932,154,1839,2590,5,2,2,1,1,0.1,world,11.55622629,18.57541837,23.16756453
563.64,ours,1,0,0,0.4,3.212832677,3.472719749,4.596376234,0,1560,2600,5,2,2,1,1,0.04,world,2.016532266,11.1837513,15.81529524
563.64,ab3dmot,1,0,0,0.4,3.213720129,3.473033022,4.593026357,0,1563,2605,5,2,2,1,1,0.096,world,2.01967297,11.18128813,15.80598087
563.64,sort,0.7025232404,19,9,0.2235067437,12.23553209,12.23289186,13.79120901,154,1842,2595,5,2,2,1,1,0.096,world,11.61078914,18.59578943,23.16394111
563.708,ours,1,0,0,0.4,3.212832677,3.47296476,4.597456412,0,1563,2605,5,2,2,1,1,0.008,world,2.020602877,11.18455625,15.81350616
563.708,ab3dmot,1,0,0,0.4,3.213720129,3.473286333,4.593228962,0,1566,2610,5,2,2,1,1,0.068,world,2.024805423,11.18346218,15.80769235
563.708,sort,0.701986755,19,9,0.2238461538,12.23553209,12.23402479,13.7908887,154,1845,2600,5,2,2,1,1,0.104,world,11.66285322,18.6142137,23.16099701
563.808,ours,1,0,0,0.4,3.212832677,3.473215092,4.597895657,0,1566,2610,5,2,2,1,1,0.016,world,2.025065619,11.18580478,15.8129751
563.808,ab3dmot,1,0,0,0.4,3.213720129,3.4735494,4.593790689,0,1569,2615,5,2,2,1,1,0.068,world,2.030414963,11.18355805,15.80454974
563.808,sort,0.7014531044,19,9,0.224184261,12.23553209,12.23527076,13.79056839,154,1848,2605,5,2,2,1,1,0.132,world,11.71987711,18.63494093,23.1599507
563.9,ours,1,0,0,0.4,3.212832677,3.473470303,4.59801792,0,1569,2615,5,2,2,1,1,0.032,world,2.028399855,11.18631809,15.81183855
563.9,ab3dmot,1,0,0,0.4,3.213720129,3.473803774,4.595844998,0,1572,2620,5,2,2,1,1,0.092,world,2.03401738,11.18816061,15.81427437
563.9,sort,0.7009222661,19,9,0.2245210728,12.23553209,12.23668158,13.79024809,154,1851,2610,5,2,2,1,1,0.124,world,11.80215652,18.65853341,23.15318731
563.972,ours,1,0,0,0.4,3.212832677,3.473723317,4.598084891,0,1572,2620,5,2,2,1,1,0.016,world,2.032660871,11.18941014,15.81682497
563.972,ab3dmot,1,0,0,0.4,3.213720129,3.474051495,4.597239973,0,1575,2625,5,2,2,1,1,0.1,world,2.039301893,11.19286547,15.82343275
563.972,sort,0.7003942181,19,9,0.2248565966,12.23553209,12.23819872,13.78992778,154,1854,2615,5,2,2,1,1,0.132,world,11.856439,18.67286923,23.13873354
564.064,ours,1,0,0,0.4,3.212832677,3.473973685,4.598969381,0,1575,2625,5,2,2,1,1,0.048,world,2.040863794,11.19486938,15.82537816
564.064,ab3dmot,1,0,0,0.4,3.213720129,3.47429105,4.597774066,0,1578,2630,5,2,2,1,1,0.092,world,2.047619313,11.19996229,15.83661573
564.064,sort,0.6998689384,19,9,0.2251908397,12.23553209,12.23989056,13.78962907,154,1857,2620,5,2,2,1,1,0.16,world,11.96215232,18.73063651,23.15227341
564.132,ours,1,0,0,0.4,3.212832677,3.474222704,4.600316386,0,1578,2630,5,2,2,1,1,0.032,world,2.048424088,11.19923108,15.8316263
564.132,ab3dmot,1,0,0,0.4,3.213720129,3.474530064,4.59856666,0,1581,2635,5,2,2,1,1,0.096,world,2.053988944,11.20363618,15.84178854
564.132,sort,0.6993464052,19,9,0.2255238095,12.23553209,12.24181895,13.78933036,154,1860,2625,5,2,2,1,1,0.096,world,12.08094083,18.77416342,23.14359648
564.204,ours,1,0,0,0.4,3.212832677,3.474474277,4.601328685,0,1581,2635,5,2,2,1,1,0.008,world,2.054856367,11.202057,15.83455714
564.204,ab3dmot,1,0,0,0.4,3.213720129,3.474770596,4.599864314,0,1584,2640,5,2,2,1,1,0.068,world,2.061414292,11.20709427,15.84614589
564.204,sort,0.6975228162,21,9,0.225095057,12.23553209,12.24140361,13.78903165,154,1863,2630,5,2,2,1,1,0.1,world,10.74853769,18.29099907,23.23749896
564.3,ours,1,0,0,0.4,3.212832677,3.474728886,4.6020472,0,1584,2640,5,2,2,1,1,0.02,world,2.060807049,11.20558157,15.83853929
564.3,ab3dmot,1,0,0,0.4,3.213720129,3.475018334,4.60094064,0,1587,2645,5,2,2,1,1,0.064,world,2.065452526,11.20852429,15.84618736
564.3,sort,0.6957087126,21,9,0.225426945,12.23553209,12.24242288,13.79184962,154,1866,2635,5,2,2,1,1,0.128,world,10.71532446,18.59046704,23.8077649
564.392,ours,1,0,0,0.4,3.212832677,3.474995661,4.603000753,0,1587,2645,5,2,2,1,1,0.032,world,2.06780805,11.20579481,15.83475587
564.392,ab3dmot,1,0,0,0.4,3.213720129,3.475277753,4.601585304,0,1590,2650,5,2,2,1,1,0.124,world,2.071160679,11.20846418,15.84211519
564.392,sort,0.6939040208,21,9,0.2257575758,12.23553209,12.2436824,13.80648647,154,1869,2640,5,2,2,1,1,0.124,world,10.66394138,18.58912821,23.8401528
564.468,ours,1,0,0,0.4,3.212832677,3.475271156,4.603410223,0,1590,2650,5,2,2,1,1,0.032,world,2.072548924,11.20639907,15.8326852
564.468,ab3dmot,1,0,0,0.4,3.213720129,3.475534643,4.601683408,0,1593,2655,5,2,2,1,1,0.068,world,2.074195202,11.21165592,15.84867893
564.468,sort,0.6921086675,21,9,0.2260869565,12.23553209,12.24511893,13.82038624,154,1872,2645,5,2,2,1,1,0.132,world,10.62971878,18.5896848,23.86458695
564.532,ours,1,0,0,0.4,3.212832677,3.475538907,4.605905851,0,1593,2655,5,2,2,1,1,0.032,world,2.078221562,11.21238037,15.8444869
564.532,ab3dmot,1,0,0,0.4,3.213720129,3.475791599,4.603488851,0,1596,2660,5,2,2,1,1,0.096,world,2.07928998,11.21525405,15.85371803
564.532,sort,0.6903225806,21,9,0.2264150943,12.23553209,12.24682297,13.82323749,154,1875,2650,5,2,2,1,1,0.096,world,10.57753527,18.58861266,23.89875763
564.6,ours,1,0,0,0.4,3.212832677,3.475805818,4.607050257,0,1596,2660,5,2,2,1,1,0,world,2.084453504,11.21677069,15.85089441
564.6,ab3dmot,1,0,0,0.4,3.213720129,3.47604085,4.604157441,0,1599,2665,5,2,2,1,1,0.068,world,2.085715912,11.2218352,15.8658326
564.6,sort,0.6885456885,21,9,0.2267419962,12.23553209,12.24648508,13.82255915,154,1878,2655,5,2,2,1,1,0.1,world,10.54690173,18.59019732,23.92243093
564.672,ours,1,0,0,0.4,3.212832677,3.476073985,4.607450736,0,1599,2665,5,2,2,1,1,0.012,world,2.090816451,11.22061593,15.85593932
564.672,ab3dmot,1,0,0,0.4,3.213720129,3.47629179,4.604672995,0,1602,2670,5,2,2,1,1,0.108,world,2.092087973,11.22555579,15.87063436
564.672,sort,0.6867779204,21,9,0.2270676692,12.23553209,12.24529713,13.82188081,154,1881,2660,5,2,2,1,1,0.108,world,10.51453075,18.59187845,23.94747557
564.732,ours,1,0,0,0.4,3.212832677,3.476340141,4.608156662,0,1602,2670,5,2,2,1,1,0.028,world,2.098491136,11.22591751,15.86462554
564.732,ab3dmot,1,0,0,0.4,3.213720129,3.476543995,4.605717619,0,1605,2675,5,2,2,1,1,0.1,world,2.098815715,11.22962476,15.87612455
564.732,sort,0.6850192061,21,9,0.2273921201,12.23553209,12.24362867,13.82120247,154,1884,2665,5,2,2,1,1,0.1,world,10.48500492,18.59410975,23.97147077
564.8,ours,1,0,0,0.4,3.212832677,3.476605627,4.608869751,0,1605,2675,5,2,2,1,1,0.004,world,2.103175389,11.22860286,15.86885203
564.8,ab3dmot,1,0,0,0.4,3.213720129,3.476795811,4.606573591,0,1608,2680,5,2,2,1,1,0.068,world,2.104666974,11.23262302,15.88081492
564.8,sort,0.6832694764,21,9,0.2277153558,12.23553209,12.24204602,13.82106643,154,1887,2670,5,2,2,1,1,0.1,world,10.45006836,18.59345808,23.99453185
564.892,ours,1,0,0,0.4,3.212832677,3.476879504,4.609721968,0,1608,2680,5,2,2,1,1,0.028,world,2.114843137,11.23366792,15.87327352
564.892,ab3dmot,1,0,0,0.4,3.213720129,3.477058528,4.607656755,0,1611,2685,5,2,2,1,1,0.096,world,2.116823417,11.23712206,15.88342302
564.892,sort,0.6815286624,21,9,0.2280373832,12.23553209,12.24142518,13.82093039,154,1890,2675,5,2,2,1,1,0.128,world,11.29739231,18.64077907,23.49717008
564.9,ours,1,0,0,0.4,3.212832677,3.477151225,4.610428647,0,1611,2685,5,2,2,1,1,0,world,2.116995432,11.23465423,15.8754668
564.9,ab3dmot,1,0,0,0.4,3.213720129,3.477320516,4.609347445,0,1614,2690,5,2,2,1,1,0.072,world,2.1178882,11.23734561,15.88385902
564.9,sort,0.6797966963,21,9,0.228358209,12.23553209,12.24085525,13.82079435,154,1893,2680,5,2,2,1,1,0.072,world,11.09151818,18.51642453,23.40909571
565,ours,1,0,0,0.4,3.212832677,3.477432537,4.610511186,0,1614,2690,5,2,2,1,1,0.024,world,2.130054723,11.23987244,15.88018791
565,ab3dmot,1,0,0,0.4,3.213720129,3.477593145,4.609731317,0,1617,2695,5,2,2,1,1,0.072,world,2.132850419,11.24267754,15.8891299
565,sort,0.6780735108,21,9,0.2286778399,12.23104847,12.24026691,13.82065831,154,1896,2685,5,2,2,1,1,0.104,world,10.9323935,18.4406018,23.37575055
565.096,ours,1,0,0,0.4,3.212832677,3.477723994,4.610741995,0,1617,2695,5,2,2,1,1,0.036,world,2.142316033,11.244932,15.88413547
565.096,ab3dmot,1,0,0,0.4,3.213720129,3.477876956,4.610630494,0,1620,2700,5,2,2,1,1,0.168,world,2.143814929,11.24712684,15.89129492
565.096,sort,0.6763590392,21,9,0.2289962825,12.228488,12.23960285,13.82052227,154,1899,2690,5,2,2,1,1,0.132,world,10.80447344,18.39245062,23.37171101
565.168,ours,1,0,0,0.4,3.212832677,3.478020609,4.611940868,0,1620,2700,5,2,2,1,1,0.032,world,2.152288487,11.24918814,15.88925032
565.168,ab3dmot,1,0,0,0.4,3.213720129,3.478167919,4.612317763,0,1623,2705,5,2,2,1,1,0.14,world,2.155256138,11.25105778,15.89595965
565.168,sort,0.6759142497,23,9,0.2285714286,12.228488,12.23901,13.82038624,154,1902,2695,5,2,2,1,1,0.108,world,10.6670019,18.33638447,23.36006693
565.232,ours,1,0,0,0.4,3.212832677,3.478321412,4.613593833,0,1623,2705,5,2,2,1,1,0.032,world,2.16168628,11.25183903,15.89302573
565.232,ab3dmot,1,0,0,0.4,3.213720129,3.478465547,4.612968916,0,1626,2710,5,2,2,1,1,0.104,world,2.163889609,11.25283544,15.89702409
565.232,sort,0.6754716981,23,9,0.2288888889,12.228488,12.2383815,13.8202502,154,1905,2700,5,2,2,1,1,0.108,world,10.58521956,18.30163235,23.35079513
565.3,ours,1,0,0,0.4,3.212832677,3.478629706,4.614049522,0,1626,2710,5,2,2,1,1,0.004,world,2.172510867,11.25585213,15.89669517
565.3,ab3dmot,1,0,0,0.4,3.213720129,3.478771714,4.613956567,0,1629,2715,5,2,2,1,1,0.108,world,2.174930368,11.25661013,15.89992517
565.3,sort,0.6750313676,23,9,0.2292051756,12.228488,12.23773948,13.82011416,154,1908,2705,5,2,2,1,1,0.076,world,10.49977355,18.26499005,23.33951767
565.4,ours,1,0,0,0.4,3.212832677,3.478950527,4.615036916,0,1629,2715,5,2,2,1,1,0.032,world,2.184807769,11.26077197,15.89899698
565.4,ab3dmot,1,0,0,0.4,3.213720129,3.479090394,4.614414413,0,1632,2720,5,2,2,1,1,0.208,world,2.187213592,11.26152778,15.9022267
565.4,sort,0.6745932416,23,9,0.2295202952,12.228488,12.23713353,13.81997812,154,1911,2710,5,2,2,1,1,0.108,world,10.4704693,18.25368894,23.33604438
565.464,ours,1,0,0,0.4,3.212832677,3.47927953,4.615459237,0,1632,2720,5,2,2,1,1,0.016,world,2.193251096,11.26413461,15.90055118
565.464,ab3dmot,1,0,0,0.4,3.213720129,3.479417249,4.614630773,0,1635,2725,5,2,2,1,1,0.272,world,2.195647566,11.26488892,15.90378071
565.464,sort,0.6741573034,23,9,0.2298342541,12.228488,12.23656521,13.81984208,154,1914,2715,5,2,2,1,1,0.104,world,10.44816392,18.24297038,23.3298762
565.556,ours,1,0,0,0.4,3.212832677,3.479616876,4.616648941,0,1635,2725,5,2,2,1,1,0.056,world,2.201874131,11.26755662,15.90211766
565.556,ab3dmot,1,0,0,0.4,3.213720129,3.479771105,4.614978609,0,1638,2730,5,2,2,1,1,0.132,world,2.210366263,11.26329689,15.8954322
565.556,sort,0.6737235367,23,9,0.2301470588,12.228488,12.23617157,13.81717096,154,1917,2720,5,2,2,1,1,0.132,world,10.55637951,18.28618133,23.32445808
565.6,ours,1,0,0,0.4,3.212832677,3.479974733,4.61759478,0,1638,2730,5,2,2,1,1,0.008,world,2.220076777,11.26866216,15.90224918
565.6,ab3dmot,1,0,0,0.4,3.213720129,3.480133186,4.615333842,0,1641,2735,5,2,2,1,1,0.076,world,2.220958829,11.26677436,15.89947619
565.6,sort,0.6732919255,23,9,0.2304587156,12.228488,12.23596206,13.81449984,154,1920,2725,5,2,2,1,1,0.076,world,10.65058752,18.32092559,23.31304664
565.676,ours,1,0,0,0.4,3.212832677,3.48034072,4.618809359,0,1641,2735,5,2,2,1,1,0.016,world,2.229745191,11.27236735,15.90503625
565.676,ab3dmot,1,0,0,0.4,3.213720129,3.480501693,4.615826467,0,1644,2740,5,2,2,1,1,0.088,world,2.23106317,11.27089823,15.90441258
565.676,sort,0.6728624535,23,9,0.2307692308,12.228488,12.23592887,13.81182871,154,1923,2730,5,2,2,1,1,0.088,world,10.75961539,18.34035196,23.30776521
565.756,ours,1,0,0,0.4,3.212832677,3.480713609,4.621274328,0,1644,2740,5,2,2,1,1,0.052,world,2.240033999,11.27645196,15.90971503
565.756,ab3dmot,1,0,0,0.4,3.213720129,3.48087689,4.617015193,0,1647,2745,5,2,2,1,1,0.136,world,2.240375412,11.27493422,15.90827397
565.756,sort,0.6724351051,23,9,0.2310786106,12.228488,12.23603737,13.80915759,154,1926,2735,5,2,2,1,1,0.136,world,10.85645149,18.35293029,23.26364097
565.812,ours,1,0,0,0.4,3.212832677,3.481086294,4.622609389,0,1647,2745,5,2,2,1,1,0.012,world,2.245032276,11.27905948,15.91510136
565.812,ab3dmot,1,0,0,0.4,3.213720129,3.481249768,4.617303623,0,1650,2750,5,2,2,1,1,0.124,world,2.244644566,11.27790756,15.9151257
565.812,sort,0.6720098644,23,9,0.2313868613,12.228488,12.23619829,13.80648647,154,1929,2740,5,2,2,1,1,0.092,world,10.83647843,18.27385262,23.13665484
565.9,ours,1,0,0,0.4,3.212832677,3.481460729,4.625752233,0,1650,2750,5,2,2,1,1,0.02,world,2.258800197,11.28710334,15.93019893
565.9,ab3dmot,1,0,0,0.4,3.213720129,3.481619424,4.618151048,0,1653,2755,5,2,2,1,1,0.08,world,2.257050943,11.28696921,15.93385176
565.9,sort,0.6715867159,23,9,0.2316939891,12.228488,12.23642602,13.80381535,154,1932,2745,5,2,2,1,1,0.112,world,10.83614501,18.22898041,23.05570984
565.952,ours,1,0,0,0.4,3.212832677,3.481836515,4.626125579,0,1653,2755,5,2,2,1,1,0.008,world,2.263146514,11.28931355,15.93340497
565.952,ab3dmot,1,0,0,0.4,3.213720129,3.481986821,4.618598177,0,1656,2760,5,2,2,1,1,0.064,world,2.260260307,11.28965085,15.94007789
565.952,sort,0.6711656442,23,9,0.232,12.228488,12.2366936,13.80114422,154,1935,2750,5,2,2,1,1,0.1,world,10.82699046,18.18040002,22.97532829
565.984,ours,1,0,0,0.4,3.212832677,3.482211654,4.629200284,0,1656,2760,5,2,2,1,1,0,world,2.267014882,11.29171879,15.93859876
565.984,ab3dmot,1,0,0,0.4,3.213720129,3.48235566,4.618723989,0,1659,2765,5,2,2,1,1,0.064,world,2.264181746,11.2917306,15.94292916
565.984,sort,0.670746634,23,9,0.2323049002,12.228488,12.23700364,13.7984731,154,1938,2755,5,2,2,1,1,0.064,world,10.81772709,18.12888938,22.88981619
566.016,ours,1,0,0,0.4,3.212832677,3.482588017,4.629801782,0,1659,2765,5,2,2,1,1,0.008,world,2.271059634,11.29392094,15.94165855
566.016,ab3dmot,1,0,0,0.4,3.213720129,3.482725228,4.619371586,0,1662,2770,5,2,2,1,1,0.068,world,2.267857673,11.29400198,15.94615464
566.016,sort,0.6703296703,23,9,0.2326086957,12.228488,12.23734008,13.79580198,154,1941,2760,5,2,2,1,1,0.068,world,10.81647746,18.10668094,22.8507589
566.08,ours,1,0,0,0.4,3.212832677,3.482971492,4.63023896,0,1662,2770,5,2,2,1,1,0.028,world,2.279465913,11.29758509,15.94478873
566.08,ab3dmot,1,0,0,0.4,3.213720129,3.483098534,4.620628837,0,1665,2775,5,2,2,1,1,0.064,world,2.27387532,11.29766968,15.95130282
566.08,sort,0.6699147381,23,9,0.2329113924,12.228488,12.23771619,13.79313086,154,1944,2765,5,2,2,1,1,0.096,world,10.82076974,18.08812436,22.81385059
566.1,ours,1,0,0,0.4,3.212832677,3.483356021,4.63104815,0,1665,2775,5,2,2,1,1,0,world,2.282855178,11.29955584,15.9476987
566.1,ab3dmot,1,0,0,0.4,3.213720129,3.483470911,4.621822068,0,1668,2780,5,2,2,1,1,0.052,world,2.276103517,11.2998657,15.9553136
566.1,sort,0.6695018226,23,9,0.2332129964,12.228488,12.23876578,13.81717096,154,1947,2770,5,2,2,1,1,0.052,world,11.3844088,18.42010525,23.00531549
566.168,ours,1,0,0,0.4,3.212832677,3.48373668,4.631842591,0,1668,2780,5,2,2,1,1,0.016,world,2.284077937,11.30207069,15.95414262
566.168,ab3dmot,1,0,0,0.4,3.213720129,3.483842569,4.622498099,0,1671,2785,5,2,2,1,1,0.084,world,2.27849702,11.30211324,15.95912096
566.168,sort,0.6690909091,23,9,0.2335135135,12.228488,12.23986392,13.82093039,154,1950,2775,5,2,2,1,1,0.084,world,11.40598357,18.41333334,22.97755288
566.2,ours,1,0,0,0.4,3.212832677,3.484116269,4.632527851,0,1671,2785,5,2,2,1,1,0,world,2.287295945,11.30471892,15.95869296
566.2,ab3dmot,1,0,0,0.4,3.213720129,3.484207062,4.622837819,0,1674,2790,5,2,2,1,1,0.048,world,2.279511245,11.3057966,15.96806001
566.2,sort,0.6686819831,23,9,0.2338129496,12.228488,12.24101055,13.82211455,154,1953,2780,5,2,2,1,1,0.084,world,11.4277223,18.40664141,22.94981892
566.216,ours,1,0,0,0.4,3.212832677,3.484495414,4.633246689,0,1674,2790,5,2,2,1,1,0,world,2.290608814,11.30717712,15.96280785
566.216,ab3dmot,1,0,0,0.4,3.213720129,3.484575435,4.623527439,0,1677,2795,5,2,2,1,1,0.064,world,2.284280141,11.30762732,15.96881656
566.216,sort,0.6682750302,23,9,0.2341113106,12.228488,12.2422516,13.82579369,154,1956,2785,5,2,2,1,1,0.04,world,11.46841878,18.38868196,22.88863307
566.26,ours,1,0,0,0.4,3.212832677,3.484878387,4.633737938,0,1677,2795,5,2,2,1,1,0.012,world,2.295363371,11.30900105,15.96355893
566.26,ab3dmot,1,0,0,0.4,3.213720129,3.484941301,4.626032566,0,1680,2800,5,2,2,1,1,0.076,world,2.287133743,11.31070182,15.97430322
566.26,sort,0.6686746988,23,9,0.2340501792,12.22721523,12.24135534,13.82551967,154,1960,2790,5,1,1,1,1,0.076,world,11.47430098,18.39192077,22.88978702
566.296,ours,1,0,0,0.4,3.212832677,3.48525409,4.633786231,0,1680,2800,5,2,2,1,1,0.012,world,2.296914507,11.31287331,15.97292765
566.296,ab3dmot,1,0,0,0.4,3.213720129,3.485304121,4.627397734,0,1683,2805,5,2,2,1,1,0.08,world,2.290043552,11.31393131,15.98039527
566.296,sort,0.6690734055,23,9,0.2339892665,12.22594246,12.24048629,13.82524565,154,1964,2795,5,1,1,1,1,0.08,world,11.49653521,18.38547046,22.86214061
566.316,ours,1,0,0,0.4,3.212832677,3.48562851,4.634428215,0,1683,2805,5,2,2,1,1,0.012,world,2.300077267,11.31554585,15.97770306
566.316,ab3dmot,1,0,0,0.4,3.213720129,3.485665028,4.630408655,0,1686,2810,5,2,2,1,1,0.068,world,2.293024812,11.31678246,15.98562698
566.316,sort,0.6694711538,23,9,0.2339285714,12.22370549,12.23997068,13.82497163,154,1968,2800,5,1,1,1,1,0.068,world,11.8037226,18.62662968,23.07283177
566.368,ours,1,0,0,0.4,3.212832677,3.48600675,4.634829474,0,1686,2810,5,2,2,1,1,0.02,world,2.304826083,11.31735613,15.97843432
566.368,ab3dmot,1,0,0,0.4,3.213720129,3.486021519,4.631035252,0,1689,2815,5,2,2,1,1,0.084,world,2.295435044,11.32018926,15.99286579
566.368,sort,0.6698679472,23,9,0.2338680927,12.22146853,12.23949803,13.82469761,154,1972,2805,5,1,1,1,1,0.084,world,11.83971663,18.62941823,23.05180167
566.392,ours,1,0,0,0.4,3.212832677,3.486374523,4.63493155,0,1689,2815,5,2,2,1,1,0.012,world,2.305736157,11.32189841,15.99063124
566.392,ab3dmot,1,0,0,0.4,3.213720129,3.486373171,4.631465367,0,1692,2820,5,2,2,1,1,0.076,world,2.298163485,11.32386625,16.00066258
566.392,sort,0.670263789,23,9,0.2338078292,12.2208494,12.23906449,13.82442359,154,1976,2810,5,1,1,1,1,0.08,world,11.87242222,18.63236131,23.03338113
566.428,ours,1,0,0,0.4,3.212832677,3.486738013,4.635167223,0,1692,2820,5,2,2,1,1,0.02,world,2.308838278,11.32553326,15.99804614
566.428,ab3dmot,1,0,0,0.4,3.213720129,3.486719088,4.632304004,0,1695,2825,5,2,2,1,1,0.08,world,2.30123601,11.32801756,16.00938156
566.428,sort,0.6706586826,23,9,0.2337477798,12.22023027,12.23867014,13.82414956,154,1980,2815,5,1,1,1,1,0.084,world,11.90523462,18.63537185,23.01500499
566.48,ours,1,0,0,0.4,3.212832677,3.487097966,4.635843781,0,1695,2825,5,2,2,1,1,0.008,world,2.312207104,11.32898841,16.00504905
566.48,ab3dmot,1,0,0,0.4,3.213720129,3.487053655,4.63386867,0,1698,2830,5,2,2,1,1,0.068,world,2.303331787,11.33337035,16.02325704
566.48,sort,0.6710526316,23,9,0.2336879433,12.21919275,12.23831507,13.82387554,154,1984,2820,5,1,1,1,1,0.1,world,11.93815008,18.63844743,22.99667188
566.512,ours,1,0,0,0.4,3.212832677,3.487448419,4.637203041,0,1698,2830,5,2,2,1,1,0.012,world,2.313928496,11.33353532,16.01703368
566.512,ab3dmot,1,0,0,0.4,3.213720129,3.487384882,4.635297652,0,1701,2835,5,2,2,1,1,0.064,world,2.306627946,11.33676516,16.03019581
566.512,sort,0.6714456392,23,9,0.2336283186,12.21815524,12.2380361,13.82360152,154,1988,2825,5,1,1,1,1,0.064,world,12.00254995,18.64146263,22.95584243
566.58,ours,1,0,0,0.4,3.212832677,3.487802018,4.639135167,0,1701,2835,5,2,2,1,1,0.02,world,2.322099585,11.338261,16.02340765
566.58,ab3dmot,1,0,0,0.4,3.213720129,3.487715306,4.636027033,0,1704,2840,5,2,2,1,1,0.068,world,2.313963595,11.34219418,16.04043445
566.58,sort,0.6718377088,23,9,0.2335689046,12.21675778,12.23780285,13.8233275,154,1992,2830,5,1,1,1,1,0.1,world,12.04098771,18.64804564,22.93942925
566.612,ours,1,0,0,0.4,3.212832677,3.488149562,4.64106571,0,1704,2840,5,2,2,1,1,0.012,world,2.324103341,11.34162332,16.03282012
566.612,ab3dmot,1,0,0,0.4,3.213720129,3.488045215,4.637767582,0,1707,2845,5,2,2,1,1,0.064,world,2.317529987,11.34460334,16.04525023
566.612,sort,0.6722288439,23,9,0.2335097002,12.21536032,12.2377339,13.82305348,154,1996,2835,5,1,1,1,1,0.064,world,12.17981196,18.82613658,23.15839959
566.668,ours,1,0,0,0.4,3.212832677,3.488496776,4.642265533,0,1707,2845,5,2,2,1,1,0.012,world,2.327759925,11.3440541,16.03725004
566.668,ab3dmot,1,0,0,0.4,3.213720129,3.488375863,4.639798438,0,1710,2850,5,2,2,1,1,0.088,world,2.321585288,11.34683608,16.04903583
566.668,sort,0.6726190476,23,9,0.2334507042,12.21525219,12.23770703,13.82277946,154,2000,2840,5,1,1,1,1,0.088,world,12.21514406,18.83528963,23.14917918
566.7,ours,1,0,0,0.4,3.212832677,3.488839698,4.642576153,0,1710,2850,5,2,2,1,1,0,world,2.330816856,11.3472975,16.04553781
566.7,ab3dmot,1,0,0,0.4,3.213720129,3.488704247,4.640658524,0,1713,2855,5,2,2,1,1,0.056,world,2.325552488,11.34975445,16.05611732
566.7,sort,0.6730083234,23,9,0.2333919156,12.21536032,12.23772226,13.82250544,154,2004,2845,5,1,1,1,1,0.088,world,12.25051096,18.8444706,23.13998471
566.776,ours,1,0,0,0.4,3.212832677,3.489191168,4.646440331,0,1713,2855,5,2,2,1,1,0.028,world,2.339912842,11.35068331,16.04680359
566.776,ab3dmot,1,0,0,0.4,3.213720129,3.489039596,4.640768496,0,1716,2860,5,2,2,1,1,0.096,world,2.334370719,11.35328156,16.0593796
566.776,sort,0.6733966746,23,9,0.2333333333,12.21675778,12.23781158,13.82244029,154,2008,2850,5,1,1,1,1,0.096,world,12.31269564,18.93037474,23.2488767
566.836,ours,1,0,0,0.4,3.212832677,3.489542777,4.648685639,0,1716,2860,5,2,2,1,1,0.028,world,2.347308707,11.35537026,16.05644633
566.836,ab3dmot,1,0,0,0.4,3.213720129,3.489381158,4.640980211,0,1719,2865,5,2,2,1,1,0.092,world,2.343630909,11.35696098,16.06389141
566.836,sort,0.6737841044,23,9,0.2332749562,12.21815524,12.2379311,13.82237514,154,2012,2855,5,1,1,1,1,0.128,world,12.33815891,18.97229092,23.30526766
566.9,ours,1,0,0,0.4,3.212832677,3.489898544,4.649707442,0,1719,2865,5,2,2,1,1,0.024,world,2.35603976,11.35941524,16.06245625
566.9,ab3dmot,1,0,0,0.4,3.213720129,3.489729166,4.641504384,0,1722,2870,5,2,2,1,1,0.056,world,2.354618996,11.36082172,16.06980899
566.9,sort,0.6741706161,23,9,0.2332167832,12.21919275,12.23816686,13.82230999,154,2016,2860,5,1,1,1,1,0.092,world,12.43532374,19.00590133,23.29536858
566.984,ours,1,0,0,0.4,3.212832677,3.490257557,4.649994224,0,1722,2870,5,2,2,1,1,0.024,world,2.365335782,11.36382381,16.06968141
566.984,ab3dmot,1,0,0,0.4,3.213720129,3.490082242,4.641973799,0,1725,2875,5,2,2,1,1,0.076,world,2.365256632,11.36513179,16.07619521
566.984,sort,0.6725768322,24,10,0.2331588133,12.21919275,12.23903103,13.82217969,154,2019,2865,5,2,2,1,1,0.108,world,11.44850108,18.62904337,23.32938364
567.064,ours,1,0,0,0.4,3.213949024,3.490619172,4.650427597,0,1725,2875,5,2,2,1,1,0.028,world,2.374209106,11.36823835,16.07703121
567.064,ab3dmot,1,0,0,0.4,3.215173086,3.49043924,4.643132448,0,1728,2880,5,2,2,1,1,0.088,world,2.37492758,11.36950443,16.0826091
567.064,sort,0.670990566,24,10,0.2334494774,12.21919275,12.23993394,13.8220494,154,2022,2870,5,2,2,1,1,0.12,world,11.45776335,18.63412704,23.33135649
567.14,ours,1,0,0,0.4,3.218376153,3.490980185,4.650355227,0,1728,2880,5,2,2,1,1,0.036,world,2.383063363,11.37363487,16.08721929
567.14,ab3dmot,1,0,0,0.4,3.219920974,3.49079937,4.644441704,0,1731,2885,5,2,2,1,1,0.1,world,2.384423355,11.37419097,16.08898712
567.14,sort,0.6702002356,24,10,0.2326956522,12.21815524,12.23905199,13.82198425,156,2026,2875,5,3,1,1,1,0.1,world,11.46676685,18.63895169,23.33309447
567.204,ours,1,0,0,0.4,3.222709114,3.491339332,4.650282857,0,1731,2885,5,2,2,1,1,0.024,world,2.391729286,11.37943717,16.09800508
567.204,ab3dmot,1,0,0,0.4,3.224675976,3.491158633,4.644408468,0,1734,2890,5,2,2,1,1,0.064,world,2.39393336,11.38013489,16.0989779
567.204,sort,0.6694117647,24,10,0.2319444444,12.21675778,12.23818167,13.8219191,158,2030,2880,5,3,1,1,1,0.096,world,11.47549186,18.64350611,23.33459266
567.3,ours,1,0,0,0.4,3.228388698,3.491706493,4.650210488,0,1734,2890,5,2,2,1,1,0.028,world,2.403088453,11.3843136,16.10216476
567.3,ab3dmot,1,0,0,0.4,3.230502154,3.491524088,4.644375232,0,1737,2895,5,2,2,1,1,0.096,world,2.405585715,11.3853008,16.1051411
567.3,sort,0.6686251469,24,10,0.2311958406,12.21536032,12.23732715,13.82185395,160,2034,2885,5,3,1,1,1,0.128,world,11.48801505,18.6498077,23.33638068
567.372,ours,1,0,0,0.4,3.231828131,3.492071721,4.650138118,0,1737,2895,5,2,2,1,1,0.012,world,2.409967321,11.38919678,16.11141233
567.372,ab3dmot,1,0,0,0.4,3.233709691,3.491888209,4.644341995,0,1740,2900,5,2,2,1,1,0.068,world,2.412000789,11.38946825,16.11322292
567.372,sort,0.6678403756,24,10,0.230449827,12.21525219,12.23648333,13.8217888,162,2038,2890,5,3,1,1,1,0.132,world,11.49596026,18.65364067,23.33726089
567.468,ours,1,0,0,0.4,3.235365102,3.492438379,4.650065748,0,1740,2900,5,2,2,1,1,0.048,world,2.417041262,11.39287153,16.11705472
567.468,ab3dmot,1,0,0,0.4,3.237658337,3.49225596,4.644216929,0,1743,2905,5,2,2,1,1,0.096,world,2.419898081,11.39239724,16.1169488
567.468,sort,0.6670574443,24,10,0.2297063903,12.21514406,12.23564981,13.82172366,164,2042,2895,5,3,1,1,1,0.128,world,11.50356137,18.65716816,23.33788786
567.54,ours,1,0,0,0.4,3.240680926,3.492809373,4.650024515,0,1743,2905,5,2,2,1,1,0.036,world,2.427672911,11.39716342,16.12313094
567.54,ab3dmot,1,0,0,0.4,3.242890742,3.492630529,4.644000033,0,1746,2910,5,2,2,1,1,0.104,world,2.430362891,11.39624881,16.12017998
567.54,sort,0.6662763466,24,10,0.2289655172,12.21476092,12.23482998,13.82165851,166,2046,2900,5,3,1,1,1,0.108,world,11.5142795,18.66186753,23.33834786
567.628,ours,1,0,0,0.4,3.243298292,3.493182608,4.650014418,0,1746,2910,5,2,2,1,1,0.028,world,2.432907642,11.39989329,16.12607082
567.628,ab3dmot,1,0,0,0.4,3.245059127,3.493007842,4.643783137,0,1749,2915,5,2,2,1,1,0.092,world,2.434699662,11.39909567,16.12220723
567.628,sort,0.665497076,24,10,0.2282271945,12.21437779,12.23401936,13.82159336,168,2050,2905,5,3,1,1,1,0.124,world,11.52094465,18.66459416,23.33833132
567.7,ours,1,0,0,0.4,3.246199362,3.493558506,4.650004321,0,1749,2915,5,2,2,1,1,0.024,world,2.438709783,11.40240207,16.12914519
567.7,ab3dmot,1,0,0,0.4,3.248603836,3.493390498,4.644047682,0,1752,2920,5,2,2,1,1,0.064,world,2.441789078,11.40117371,16.12354341
567.7,sort,0.6658878505,25,10,0.2271477663,12.21227267,12.23336599,13.82152821,170,2054,2910,5,3,1,1,1,0.1,world,11.52720675,18.66698724,23.33805461
567.788,ours,1,0,0,0.4,3.250007111,3.493938785,4.649994224,0,1752,2920,5,2,2,1,1,0.028,world,2.446325281,11.40435662,16.13140819
567.788,ab3dmot,1,0,0,0.4,3.252252246,3.493778931,4.644508177,0,1755,2925,5,2,2,1,1,0.088,world,2.449085898,11.40283686,16.12397531
567.788,sort,0.666277713,25,10,0.2264150943,12.21016755,12.23272966,13.82146306,172,2058,2915,5,3,1,1,1,0.12,world,11.67531741,18.83998599,23.53917912
567.884,ours,1,0,0,0.4,3.253885281,3.494324794,4.649984127,0,1755,2925,5,2,2,1,1,0.04,world,2.454081619,11.40680232,16.13263479
567.884,ab3dmot,1,0,0,0.4,3.256694568,3.494174224,4.644825999,0,1758,2930,5,2,2,1,1,0.12,world,2.457970542,11.40529875,16.12503934
567.884,sort,0.6666666667,25,10,0.2256849315,12.20918889,12.23210678,13.82139791,174,2062,2920,5,3,1,1,1,0.152,world,11.68609349,18.77060486,23.40649725
567.964,ours,1,0,0,0.4,3.257249787,3.494714496,4.64997403,0,1758,2930,5,2,2,1,1,0.032,world,2.460810633,11.40843463,16.13422719
567.964,ab3dmot,1,0,0,0.4,3.260036712,3.494573545,4.645252649,0,1761,2935,5,2,2,1,1,0.096,world,2.46465483,11.40704191,16.12618923
567.964,sort,0.6670547148,25,10,0.224957265,12.20821022,12.2314832,13.82133276,176,2066,2925,5,3,1,1,1,0.132,world,11.6842027,18.71764844,23.31243324
568.04,ours,1,0,0,0.4,3.259719875,3.49510732,4.649963933,0,1761,2935,5,2,2,1,1,0.032,world,2.465750807,11.41000871,16.13479789
568.04,ab3dmot,1,0,0,0.4,3.262082989,3.49497637,4.645737949,0,1764,2940,5,2,2,1,1,0.108,world,2.468747385,11.40842402,16.12568641
568.04,sort,0.6674418605,25,10,0.2242320819,12.20761612,12.23058195,13.82126762,178,2070,2930,5,3,1,1,1,0.108,world,11.43018675,18.72804748,23.51091483
568.1,ours,1,0,0,0.4,3.262072939,3.495503075,4.649953836,0,1764,2940,5,2,2,1,1,0.008,world,2.470456936,11.41134938,16.13499489
568.1,ab3dmot,1,0,0,0.4,3.264302452,3.49538234,4.645975223,0,1767,2945,5,2,2,1,1,0.068,world,2.473186312,11.409163,16.12567378
568.1,sort,0.6678281069,25,10,0.2235093697,12.20702201,12.22961732,13.82120247,180,2074,2935,5,3,1,1,1,0.068,world,11.36977647,18.70873322,23.51915407
568.2,ours,1,0,0,0.4,3.264483104,3.495902065,4.649943739,0,1767,2945,5,2,2,1,1,0.028,world,2.475277266,11.41244026,16.13484956
568.2,ab3dmot,1,0,0,0.4,3.26704072,3.495792111,4.646056182,0,1770,2950,5,2,2,1,1,0.104,world,2.478662847,11.41015343,16.12533571
568.2,sort,0.6682134571,25,10,0.2227891156,12.20585399,12.22847212,13.82113445,182,2078,2940,5,3,1,1,1,0.104,world,11.19908402,18.73774758,23.68282389
568.272,ours,1,0,0,0.4,3.266124105,3.496302435,4.649933642,0,1770,2950,5,2,2,1,1,0.008,world,2.478559269,11.41297336,16.1348694
568.272,ab3dmot,1,0,0,0.4,3.268028773,3.496202096,4.646222345,0,1773,2955,5,2,2,1,1,0.076,world,2.480638953,11.41052604,16.12556307
568.272,sort,0.6685979143,25,10,0.2220713073,12.20468598,12.22720669,13.82106643,184,2082,2945,5,3,1,1,1,0.108,world,11.08278492,18.69876032,23.67775798
568.364,ours,1,0,0,0.4,3.266939318,3.496703421,4.649884363,0,1773,2955,5,2,2,1,1,0.048,world,2.480189694,11.41294705,16.13406867
568.364,ab3dmot,1,0,0,0.4,3.268340866,3.496611476,4.646523156,0,1776,2960,5,2,2,1,1,0.1,world,2.481263139,11.41050306,16.1253299
568.364,sort,0.6689814815,25,10,0.2213559322,12.2032909,12.22585867,13.82099841,186,2086,2950,5,3,1,1,1,0.136,world,11.00111203,18.66285482,23.67262953
568.432,ours,1,0,0,0.4,3.267325913,3.497104279,4.649867774,0,1776,2960,5,2,2,1,1,0.032,world,2.480962883,11.41258829,16.13331551
568.432,ab3dmot,1,0,0,0.4,3.26855833,3.497020162,4.646674487,0,1779,2965,5,2,2,1,1,0.104,world,2.481698067,11.41023642,16.12478979
568.432,sort,0.6693641618,25,10,0.220642978,12.20189582,12.2244262,13.82093039,188,2090,2955,5,3,1,1,1,0.104,world,10.91675768,18.6261223,23.66609077
568.5,ours,1,0,0,0.4,3.267325913,3.497506459,4.650004321,0,1779,2965,5,2,2,1,1,0.008,world,2.480950806,11.41110882,16.13062242
568.5,ab3dmot,1,0,0,0.4,3.26855833,3.497429888,4.646965553,0,1782,2970,5,2,2,1,1,0.072,world,2.480840817,11.40844911,16.12198296
568.5,sort,0.6697459584,25,10,0.2199324324,12.20082013,12.22293868,13.82086237,190,2094,2960,5,3,1,1,1,0.104,world,10.86019236,18.60068454,23.66045906
568.596,ours,1,0,0,0.4,3.267325913,3.497906932,4.650499967,0,1782,2970,5,2,2,1,1,0.004,world,2.480754218,11.41024453,16.12956466
568.596,ab3dmot,1,0,0,0.4,3.26855833,3.49783599,4.647131927,0,1785,2975,5,2,2,1,1,0.072,world,2.480046707,11.40797156,16.1225301
568.596,sort,0.6701268743,25,10,0.2192242833,12.19974445,12.22137313,13.82079435,192,2098,2965,5,3,1,1,1,0.104,world,10.7805842,18.56440908,23.6518354
568.692,ours,1,0,0,0.4,3.267325913,3.498302597,4.650427597,0,1785,2975,5,2,2,1,1,0.024,world,2.479126984,11.40950482,16.12992935
568.692,ab3dmot,1,0,0,0.4,3.26855833,3.498234662,4.647613802,0,1788,2980,5,2,2,1,1,0.1,world,2.477942699,11.40799446,16.12509622
568.692,sort,0.6705069124,25,10,0.2185185185,12.19611292,12.21975362,13.82072633,194,2102,2970,5,3,1,1,1,0.132,world,10.7240085,18.53725206,23.64359767
568.756,ours,1,0,0,0.4,3.267325913,3.498693294,4.650355227,0,1788,2980,5,2,2,1,1,0.024,world,2.478105839,11.40987849,16.13194372
568.756,ab3dmot,1,0,0,0.4,3.26855833,3.498628535,4.648296881,0,1791,2985,5,2,2,1,1,0.132,world,2.477017972,11.40836358,16.12694583
568.756,sort,0.6708860759,25,10,0.2178151261,12.19248139,12.2180847,13.82065831,196,2106,2975,5,3,1,1,1,0.132,world,10.6714745,18.51433601,23.63955051
568.812,ours,1,0,0,0.4,3.267325913,3.499080169,4.650282857,0,1791,2985,5,2,2,1,1,0.012,world,2.476454675,11.40894902,16.1313682
568.812,ab3dmot,1,0,0,0.4,3.26855833,3.49901858,4.648763682,0,1794,2990,5,2,2,1,1,0.188,world,2.47536701,11.40743406,16.12636999
568.812,sort,0.6704936854,25,11,0.2181208054,12.19248139,12.21875361,13.82185395,196,2109,2980,5,2,2,1,1,0.092,world,10.590044,18.478112,23.63221536
568.896,ours,1,0,0,0.4,3.267325913,3.499462675,4.650210488,0,1794,2990,5,2,2,1,1,0.024,world,2.474296456,11.40783434,16.13073508
568.896,ab3dmot,1,0,0,0.4,3.26855833,3.499404252,4.648667363,0,1797,2995,5,2,2,1,1,0.276,world,2.473208773,11.40631932,16.12573653
568.896,sort,0.6701030928,25,11,0.2184254606,12.19248139,12.21940985,13.82469761,196,2112,2985,5,2,2,1,1,0.108,world,10.53461406,18.45240073,23.62561523
568.94,ours,1,0,0,0.4,3.267325913,3.49984045,4.650138118,0,1797,2995,5,2,2,1,1,0.032,world,2.472985134,11.40783744,16.13193569
568.94,ab3dmot,1,0,0,0.4,3.26855833,3.499784152,4.648571044,0,1800,3000,5,2,2,1,1,0.284,world,2.47184969,11.40670556,16.12785502
568.94,sort,0.6697142857,25,11,0.218729097,12.19248139,12.22005661,13.82906046,196,2115,2990,5,2,2,1,1,0.088,world,10.48372211,18.43004403,23.62150426
568.988,ours,1,0,0,0.4,3.267325913,3.500206394,4.650065748,0,1800,3000,5,2,2,1,1,0.008,world,2.472846843,11.41044449,16.1382745
568.988,ab3dmot,1,0,0,0.4,3.26855833,3.500148541,4.6485055,0,1803,3005,5,2,2,1,1,0.068,world,2.47334423,11.41153722,16.13824646
568.988,sort,0.669327252,25,11,0.2190317195,12.19248139,12.22093469,13.83404545,196,2118,2995,5,2,2,1,1,0.1,world,10.70163162,18.51171716,23.61556466
569.056,ours,1,0,0,0.4,3.267325913,3.500566193,4.650024515,0,1803,3005,5,2,2,1,1,0.036,world,2.469840953,11.40928518,16.13805987
569.056,ab3dmot,1,0,0,0.4,3.26855833,3.500506941,4.64847073,0,1806,3010,5,2,2,1,1,0.1,world,2.470443071,11.41008295,16.13787973
569.056,sort,0.6689419795,25,11,0.2193333333,12.19248139,12.22190044,13.84533818,196,2121,3000,5,2,2,1,1,0.1,world,10.74984361,18.52641236,23.60857514
569.1,ours,1,0,0,0.4,3.267325913,3.500921541,4.650014418,0,1806,3010,5,2,2,1,1,0.012,world,2.469475058,11.40952738,16.1386429
569.1,ab3dmot,1,0,0,0.4,3.26855833,3.500861362,4.64843596,0,1809,3015,5,2,2,1,1,0.08,world,2.469970052,11.40933793,16.1380734
569.1,sort,0.6685584563,25,11,0.2196339434,12.19248139,12.22292456,13.85777924,196,2124,3005,5,2,2,1,1,0.08,world,10.76994755,18.53194505,23.60434999
569.192,ours,1,0,0,0.4,3.267325913,3.50127051,4.650004321,0,1809,3015,5,2,2,1,1,0.004,world,2.465968498,11.40772024,16.13792971
569.192,ab3dmot,1,0,0,0.4,3.26855833,3.501209623,4.64840119,0,1812,3020,5,2,2,1,1,0.104,world,2.467231163,11.40745249,16.1373677
569.192,sort,0.6681766704,25,11,0.2199335548,12.19248139,12.22419508,13.86341434,196,2127,3010,5,2,2,1,1,0.104,world,10.97691235,18.61361725,23.59718666
569.264,ours,1,0,0,0.4,3.267325913,3.501612052,4.649994224,0,1812,3020,5,2,2,1,1,0.024,world,2.462767869,11.40586972,16.1375563
569.264,ab3dmot,1,0,0,0.4,3.26855833,3.50155032,4.648366421,0,1815,3025,5,2,2,1,1,0.08,world,2.46407446,11.40561776,16.13691921
569.264,sort,0.6677966102,25,11,0.2202321725,12.19248139,12.22545922,13.86514924,196,2130,3015,5,2,2,1,1,0.116,world,10.93776611,18.59314024,23.58998071
569.352,ours,1,0,0,0.4,3.267325913,3.501940999,4.649984127,0,1815,3025,5,2,2,1,1,0.04,world,2.456283245,11.40298001,16.13758877
569.352,ab3dmot,1,0,0,0.4,3.26855833,3.501878424,4.648331651,0,1818,3030,5,2,2,1,1,0.1,world,2.457225824,11.40270336,16.13698702
569.352,sort,0.6674182638,25,11,0.2205298013,12.19248139,12.22579043,13.86501064,196,2133,3020,5,2,2,1,1,0.132,world,10.90293242,18.69103046,23.80449662
569.42,ours,1,0,0,0.4,3.267325913,3.502258282,4.64997403,0,1818,3030,5,2,2,1,1,0.02,world,2.452690378,11.40122028,16.14025006
569.42,ab3dmot,1,0,0,0.4,3.26855833,3.502193968,4.648296881,0,1821,3035,5,2,2,1,1,0.068,world,2.454027155,11.40108044,16.14073215
569.42,sort,0.6670416198,25,11,0.2208264463,12.19248139,12.22608611,13.86487205,196,2136,3025,5,2,2,1,1,0.104,world,10.87161102,18.68078808,23.81011614
569.5,ours,1,0,0,0.4,3.267325913,3.502567065,4.649963933,0,1821,3035,5,2,2,1,1,0.016,world,2.449100705,11.39849017,16.14013058
569.5,ab3dmot,1,0,0,0.4,3.26855833,3.502504164,4.648262111,0,1824,3040,5,2,2,1,1,0.048,world,2.453322429,11.39751547,16.13903267
569.5,sort,0.6666666667,25,11,0.2211221122,12.19248139,12.22635469,13.86473345,196,2139,3030,5,2,2,1,1,0.116,world,10.85043413,18.67310423,23.81226671
569.584,ours,1,0,0,0.4,3.267325913,3.502870279,4.649953836,0,1824,3040,5,2,2,1,1,0.02,world,2.44588437,11.39485329,16.13730415
569.584,ab3dmot,1,0,0,0.4,3.26855833,3.502810855,4.648227342,0,1827,3045,5,2,2,1,1,0.068,world,2.450740318,11.39333286,16.13479993
569.584,sort,0.6662933931,25,11,0.221416804,12.19248139,12.22681123,13.86459485,196,2142,3035,5,2,2,1,1,0.104,world,11.04279069,18.65924646,23.67617573
569.68,ours,1,0,0,0.4,3.267325913,3.503163254,4.649943739,0,1827,3045,5,2,2,1,1,0.036,world,2.438291681,11.3895367,16.13383561
569.68,ab3dmot,1,0,0,0.4,3.26855833,3.503110284,4.648192572,0,1830,3050,5,2,2,1,1,0.096,world,2.444390635,11.38732717,16.12935067
569.68,sort,0.6659217877,25,11,0.2217105263,12.19248139,12.22740466,13.86445625,196,2145,3040,5,2,2,1,1,0.132,world,11.19025018,18.6040854,23.47488146
569.756,ours,1,0,0,0.4,3.267325913,3.503455797,4.649933642,0,1830,3050,5,2,2,1,1,0.044,world,2.43660419,11.38412497,16.12640284
569.756,ab3dmot,1,0,0,0.4,3.26855833,3.503408965,4.648161632,0,1833,3055,5,2,2,1,1,0.108,world,2.441216761,11.38211213,16.12171852
569.756,sort,0.6655518395,25,11,0.2220032841,12.19248139,12.22799991,13.86431765,196,2148,3045,5,2,2,1,1,0.14,world,11.20120344,18.58851338,23.44036743
569.816,ours,1,0,0,0.4,3.267325913,3.503751091,4.649911932,0,1833,3055,5,2,2,1,1,0.016,world,2.436181471,11.37783823,16.11586118
569.816,ab3dmot,1,0,0,0.4,3.26855833,3.503714382,4.648134521,0,1836,3060,5,2,2,1,1,0.072,world,2.442128484,11.37498663,16.10803636
569.816,sort,0.6651835373,25,11,0.222295082,12.19248139,12.22860566,13.86417906,196,2151,3050,5,2,2,1,1,0.108,world,11.2198593,18.56929131,23.39397767
569.9,ours,1,0,0,0.4,3.267325913,3.504043973,4.649878607,0,1836,3060,5,2,2,1,1,0.02,world,2.432082991,11.37251006,16.10837973
569.9,ab3dmot,1,0,0,0.4,3.26855833,3.504024319,4.648107411,0,1839,3065,5,2,2,1,1,0.052,world,2.440216814,11.36800518,16.09439701
569.9,sort,0.6648168701,25,11,0.2225859247,12.19248139,12.2295845,13.86404046,196,2154,3055,5,2,2,1,1,0.12,world,11.59041282,18.68460875,23.33896716
569.996,ours,1,0,0,0.4,3.267325913,3.504329529,4.649845283,0,1839,3065,5,2,2,1,1,0.02,world,2.422432619,11.36519317,16.09911929
569.996,ab3dmot,1,0,0,0.4,3.26855833,3.504327287,4.648080301,0,1842,3070,5,2,2,1,1,0.084,world,2.42989407,11.36059988,16.08428603
569.996,sort,0.6644518272,25,11,0.222875817,12.19248139,12.2306114,13.86341434,196,2157,3060,5,2,2,1,1,0.12,world,11.6522876,18.67905722,23.28682523
570.084,ours,1,0,0,0.4,3.267325913,3.504611518,4.649811959,0,1842,3070,5,2,2,1,1,0.032,world,2.416313492,11.35965115,16.09092863
570.084,ab3dmot,1,0,0,0.4,3.26855833,3.504630597,4.64805319,0,1845,3075,5,2,2,1,1,0.072,world,2.423159756,11.35399568,16.07076965
570.084,sort,0.6640883978,25,11,0.2231647635,12.19248139,12.2316658,13.86278821,196,2160,3065,5,2,2,1,1,0.14,world,11.69139958,18.67525234,23.25338107
570.172,ours,1,0,0,0.4,3.267325913,3.504893157,4.649778635,0,1845,3075,5,2,2,1,1,0.048,world,2.410257618,11.3530538,16.07853578
570.172,ab3dmot,1,0,0,0.4,3.26855833,3.504929414,4.64802608,0,1848,3080,5,2,2,1,1,0.096,world,2.415256927,11.3484909,16.06185766
570.172,sort,0.6637265711,25,11,0.2234527687,12.19248139,12.23251837,13.86216209,196,2163,3070,5,2,2,1,1,0.128,world,11.61880437,18.60654254,23.1820747
570.248,ours,1,0,0,0.4,3.267325913,3.505170261,4.64974531,0,1848,3080,5,2,2,1,1,0.04,world,2.399248925,11.3442375,16.06407372
570.248,ab3dmot,1,0,0,0.4,3.26855833,3.505219946,4.64799897,0,1851,3085,5,2,2,1,1,0.104,world,2.402343307,11.34067521,16.05055852
570.248,sort,0.6633663366,25,11,0.2237398374,12.19248139,12.23336986,13.86153597,196,2166,3075,5,2,2,1,1,0.144,world,11.64183446,18.59347814,23.14386043
570.312,ours,1,0,0,0.4,3.267325913,3.505448529,4.649711986,0,1851,3085,5,2,2,1,1,0.012,world,2.391825644,11.33697667,16.04934796
570.312,ab3dmot,1,0,0,0.4,3.26855833,3.505511307,4.647971859,0,1854,3090,5,2,2,1,1,0.072,world,2.393557984,11.33347879,16.03536536
570.312,sort,0.6630076839,25,11,0.224025974,12.19248139,12.23448727,13.86090985,196,2169,3080,5,2,2,1,1,0.108,world,11.91248046,18.70415796,23.14977036
570.4,ours,1,0,0,0.4,3.267325913,3.50572256,4.649678662,0,1854,3090,5,2,2,1,1,0.008,world,2.38170482,11.33099068,16.03901564
570.4,ab3dmot,1,0,0,0.4,3.26855833,3.505801875,4.647944749,0,1857,3095,5,2,2,1,1,0.06,world,2.381761544,11.32659622,16.02015063
570.4,sort,0.6626506024,25,11,0.2243111831,12.19248139,12.23566465,13.86028373,196,2172,3085,5,2,2,1,1,0.092,world,11.98866651,18.70970164,23.10646671
570.488,ours,1,0,0,0.4,3.267325913,3.505992872,4.649645338,0,1857,3095,5,2,2,1,1,0.016,world,2.371245459,11.32478526,16.02808343
570.488,ab3dmot,1,0,0,0.4,3.26855833,3.506085875,4.647917638,0,1860,3100,5,2,2,1,1,0.08,world,2.368522075,11.32107007,16.01067137
570.488,sort,0.662295082,25,11,0.2245954693,12.19248139,12.23687256,13.85965761,196,2175,3090,5,2,2,1,1,0.116,world,12.03686619,18.71093576,23.07531635
570.572,ours,1,0,0,0.4,3.267325913,3.506251197,4.649612013,0,1860,3100,5,2,2,1,1,0.024,world,2.352961114,11.31709863,16.01772772
570.572,ab3dmot,1,0,0,0.4,3.26855833,3.50635782,4.647866604,0,1863,3105,5,2,2,1,1,0.1,world,2.348729561,11.31348245,15.99971638
570.572,sort,0.6619411123,25,11,0.2248788368,12.19248139,12.23809311,13.85903148,196,2178,3095,5,2,2,1,1,0.132,world,12.07536831,18.70728033,23.04273885
570.652,ours,1,0,0,0.4,3.267325913,3.50650806,4.64959174,0,1863,3105,5,2,2,1,1,0.048,world,2.338798949,11.31024643,16.0021316
570.652,ab3dmot,1,0,0,0.4,3.26855833,3.506623057,4.647791644,0,1866,3110,5,2,2,1,1,0.116,world,2.333793858,11.30792224,15.98948504
570.652,sort,0.6615886834,25,11,0.2251612903,12.19248139,12.23937372,13.85840536,196,2181,3100,5,2,2,1,1,0.116,world,12.15228059,18.71397355,23.00085088
570.728,ours,1,0,0,0.4,3.267325913,3.506761055,4.649584518,0,1866,3110,5,2,2,1,1,0.028,world,2.324273032,11.30389756,15.98888702
570.728,ab3dmot,1,0,0,0.4,3.26855833,3.506881846,4.647716684,0,1869,3115,5,2,2,1,1,0.088,world,2.317715748,11.30221276,15.97818368
570.728,sort,0.661237785,25,11,0.2254428341,12.19713929,12.24068053,13.85777924,196,2184,3105,5,2,2,1,1,0.124,world,12.19713929,18.71476978,22.9721503
570.804,ours,1,0,0,0.4,3.267325913,3.507003178,4.649577296,0,1869,3115,5,2,2,1,1,0.004,world,2.31193857,11.2992697,15.98492397
570.804,ab3dmot,1,0,0,0.4,3.26855833,3.507128588,4.647641725,0,1872,3120,5,2,2,1,1,0.132,world,2.305100375,11.29785885,15.97535232
570.804,sort,0.6608884074,25,11,0.2257234727,12.19974445,12.24204802,13.8563969,196,2187,3110,5,2,2,1,1,0.1,world,12.20750584,18.69086044,22.93135339
570.892,ours,1,0,0,0.4,3.267325913,3.507226614,4.649570074,0,1872,3120,5,2,2,1,1,0.024,world,2.294652226,11.29319561,15.98313893
570.892,ab3dmot,1,0,0,0.4,3.26855833,3.507356661,4.647566765,0,1875,3125,5,2,2,1,1,0.22,world,2.287764935,11.29177747,15.97356626
570.892,sort,0.6605405405,25,11,0.2260032103,12.20189582,12.24334554,13.85501456,196,2190,3115,5,2,2,1,1,0.12,world,12.18517562,18.76139651,23.06801925
570.968,ours,1,0,0,0.4,3.267325913,3.507446713,4.649562851,0,1875,3125,5,2,2,1,1,0.028,world,2.279716795,11.28628081,15.9694792
570.968,ab3dmot,1,0,0,0.4,3.26855833,3.507578781,4.647491805,0,1878,3130,5,2,2,1,1,0.1,world,2.271296325,11.28532119,15.96220906
570.968,sort,0.6601941748,25,11,0.2262820513,12.20468598,12.24466309,13.85363222,196,2193,3120,5,2,2,1,1,0.132,world,12.16942587,18.74466728,23.05025238
571.044,ours,1,0,0,0.4,3.267325913,3.507661294,4.649555629,0,1878,3130,5,2,2,1,1,0.008,world,2.265467359,11.28023938,15.95890069
571.044,ab3dmot,1,0,0,0.4,3.26855833,3.50779169,4.647416846,0,1881,3135,5,2,2,1,1,0.112,world,2.258156525,11.2802457,15.9562752
571.044,sort,0.6598493003,25,11,0.22656,12.20702201,12.24594159,13.85224988,196,2196,3125,5,2,2,1,1,0.112,world,12.15221991,18.76909944,23.10410727
571.108,ours,1,0,0,0.4,3.267325913,3.507871664,4.649548407,0,1881,3135,5,2,2,1,1,0.02,world,2.251699389,11.27415424,15.94780973
571.108,ab3dmot,1,0,0,0.4,3.26855833,3.508004289,4.647341886,0,1884,3140,5,2,2,1,1,0.072,world,2.241771385,11.27335662,15.93958195
571.108,sort,0.6595059076,25,11,0.2268370607,12.20821022,12.24723435,13.85086754,196,2199,3130,5,2,2,1,1,0.108,world,12.13634096,18.75590656,23.09145925
571.18,ours,1,0,0,0.4,3.267325913,3.508076044,4.649541185,0,1884,3140,5,2,2,1,1,0.016,world,2.235006252,11.26862385,15.93685059
571.18,ab3dmot,1,0,0,0.4,3.26855833,3.508212668,4.647266927,0,1887,3145,5,2,2,1,1,0.08,world,2.225692247,11.26753682,15.92706343
571.18,sort,0.6580921758,27,11,0.2264752791,12.20821022,12.24856359,13.8494852,196,2202,3135,5,2,2,1,1,0.12,world,12.12028359,18.74262372,23.07866462
571.232,ours,1,0,0,0.4,3.267325913,3.508282709,4.649533963,0,1887,3145,5,2,2,1,1,0.016,world,2.2248143,11.26470027,15.92435725
571.232,ab3dmot,1,0,0,0.4,3.26855833,3.508419543,4.647191967,0,1890,3150,5,2,2,1,1,0.1,world,2.216301957,11.26324322,15.91925336
571.232,sort,0.656684492,27,11,0.2267515924,12.20821022,12.2499237,13.84810286,196,2205,3140,5,2,2,1,1,0.1,world,12.11112225,18.73410018,23.06917503
571.288,ours,1,0,0,0.4,3.267325913,3.508481939,4.649526741,0,1890,3150,5,2,2,1,1,0.024,world,2.210112154,11.25970913,15.91660005
571.288,ab3dmot,1,0,0,0.4,3.26855833,3.508624586,4.647805074,0,1893,3155,5,2,2,1,1,0.092,world,2.19803619,11.25346036,15.90365799
571.288,sort,0.6552828175,27,11,0.227027027,12.20821022,12.25130308,13.84672052,196,2208,3145,5,2,2,1,1,0.092,world,12.09508248,18.72117643,23.05693115
571.332,ours,1,0,0,0.4,3.267325913,3.50868156,4.649499172,0,1893,3155,5,2,2,1,1,0.012,world,2.199072975,11.25406043,15.90599247
571.332,ab3dmot,1,0,0,0.4,3.26855833,3.508824895,4.647894368,0,1896,3160,5,2,2,1,1,0.1,world,2.189644159,11.25005346,15.9000185
571.332,sort,0.653887114,27,11,0.2273015873,12.20821022,12.25268752,13.84533818,196,2211,3150,5,2,2,1,1,0.1,world,12.08715173,18.71492775,23.05114294
571.384,ours,1,0,0,0.4,3.267325913,3.508877316,4.649451258,0,1896,3160,5,2,2,1,1,0.02,world,2.192103825,11.25094806,15.90213092
571.384,ab3dmot,1,0,0,0.4,3.26855833,3.509022452,4.647911748,0,1899,3165,5,2,2,1,1,0.084,world,2.182800824,11.24684536,15.89463307
571.384,sort,0.6524973433,27,11,0.2275752773,12.20821022,12.25389411,13.84395584,196,2214,3155,5,2,2,1,1,0.088,world,12.07789171,18.74331062,23.11050527
571.408,ours,1,0,0,0.4,3.267325913,3.509072757,4.649403344,0,1899,3165,5,2,2,1,1,0.008,world,2.184616936,11.24673981,15.89380901
571.408,ab3dmot,1,0,0,0.4,3.26855833,3.509217806,4.648083878,0,1902,3170,5,2,2,1,1,0.076,world,2.17695681,11.24375651,15.88941905
571.408,sort,0.6511134677,27,11,0.2278481013,12.20821022,12.25509961,13.84271704,196,2217,3160,5,2,2,1,1,0.076,world,12.06999487,18.73655981,23.10684096
571.48,ours,1,0,0,0.4,3.267325913,3.509260319,4.649355429,0,1902,3170,5,2,2,1,1,0.016,world,2.172727283,11.24164298,15.88827586
571.48,ab3dmot,1,0,0,0.4,3.26855833,3.509405528,4.648366421,0,1905,3175,5,2,2,1,1,0.116,world,2.165808306,11.23891059,15.88394809
571.48,sort,0.6497354497,27,11,0.2281200632,12.20821022,12.25630835,13.84147824,196,2220,3165,5,2,2,1,1,0.084,world,12.0542667,18.72179661,23.09268604
571.5,ours,1,0,0,0.4,3.267325913,3.509447196,4.649307515,0,1905,3175,5,2,2,1,1,0,world,2.165918048,11.23796591,15.88074065
571.5,ab3dmot,1,0,0,0.4,3.26855833,3.509592105,4.648669037,0,1908,3180,5,2,2,1,1,0.072,world,2.160332665,11.23598008,15.87740922
571.5,sort,0.6483632524,27,11,0.2283911672,12.20821022,12.25751623,13.84023944,196,2223,3170,5,2,2,1,1,0.072,world,12.04644225,18.71440739,23.08529235
571.58,ours,1,0,0,0.4,3.267325913,3.509626249,4.6492596,0,1908,3180,5,2,2,1,1,0.024,world,2.154283742,11.23309868,15.87561906
571.58,ab3dmot,1,0,0,0.4,3.26855833,3.50977233,4.648942301,0,1911,3185,5,2,2,1,1,0.088,world,2.149831905,11.23134669,15.87076527
571.58,sort,0.6487341772,28,11,0.2280314961,12.20918889,12.25762195,13.83962004,196,2227,3175,5,1,1,1,1,0.088,world,12.35732899,18.84334125,23.08944437
571.6,ours,1,0,0,0.4,3.267325913,3.509809072,4.649548407,0,1911,3185,5,2,2,1,1,0.004,world,2.153567732,11.23182025,15.86983328
571.6,ab3dmot,1,0,0,0.4,3.26855833,3.509954023,4.649210056,0,1914,3190,5,2,2,1,1,0.072,world,2.149986827,11.23095407,15.86823739
571.6,sort,0.6491043203,28,11,0.2279874214,12.21016755,12.25772804,13.83900064,196,2231,3180,5,1,1,1,1,0.104,world,12.35789103,18.84354596,23.08940568
571.66,ours,1,0,0,0.4,3.267325913,3.509980995,4.649541185,0,1914,3190,5,2,2,1,1,0.012,world,2.142550087,11.22810961,15.86891744
571.66,ab3dmot,1,0,0,0.4,3.26855833,3.510128226,4.649494296,0,1917,3195,5,2,2,1,1,0.096,world,2.139161962,11.22635027,15.86351232
571.66,sort,0.6477392219,29,12,0.2279434851,12.21016755,12.25738112,13.83776184,196,2234,3185,5,2,2,1,1,0.096,world,10.57548857,18.15513273,23.11744024
571.7,ours,1,0,0,0.4,3.267325913,3.51015405,4.649645338,0,1917,3195,5,2,2,1,1,0.016,world,2.136571816,11.22414748,15.86045635
571.7,ab3dmot,1,0,0,0.4,3.26855833,3.510299175,4.649551074,0,1920,3200,5,2,2,1,1,0.072,world,2.13437444,11.22430824,15.86028416
571.7,sort,0.6463798531,29,12,0.2282131661,12.21016755,12.25639446,13.83652304,196,2237,3190,5,2,2,1,1,0.104,world,10.56908733,18.25670148,23.30941597
571.76,ours,1,0,0,0.4,3.267325913,3.510316713,4.649612013,0,1920,3200,5,2,2,1,1,0.032,world,2.125508362,11.22059917,15.85901886
571.76,ab3dmot,1,0,0,0.4,3.26855833,3.510460371,4.649538149,0,1923,3205,5,2,2,1,1,0.1,world,2.123714209,11.22064035,15.85851005
571.76,sort,0.645026178,29,12,0.2284820031,12.21016755,12.25504385,13.83528424,196,2240,3195,5,2,2,1,1,0.1,world,10.55642063,18.32079301,23.43528333
571.796,ours,1,0,0,0.4,3.267325913,3.510475217,4.64959174,0,1923,3205,5,2,2,1,1,0.012,world,2.119333921,11.21845334,15.85625673
571.796,ab3dmot,1,0,0,0.4,3.26855833,3.510613267,4.649532667,0,1926,3210,5,2,2,1,1,0.068,world,2.118434239,11.22034367,15.86038748
571.796,sort,0.6436781609,29,12,0.22875,12.21016755,12.25348279,13.83404545,196,2243,3200,5,2,2,1,1,0.104,world,10.55016182,18.36373017,23.51753069
571.86,ours,1,0,0,0.4,3.267325913,3.510628113,4.649584518,0,1926,3210,5,2,2,1,1,0.036,world,2.113841605,11.21696301,15.85565918
571.86,ab3dmot,1,0,0,0.4,3.26855833,3.510761362,4.649527185,0,1929,3215,5,2,2,1,1,0.1,world,2.113559632,11.21881957,15.8592556
571.86,sort,0.6423357664,29,12,0.2290171607,12.20821022,12.25175335,13.83280665,196,2246,3205,5,2,2,1,1,0.1,world,10.54395712,18.40203315,23.59087112
571.892,ours,1,0,0,0.4,3.267325913,3.510777355,4.649577296,0,1929,3215,5,2,2,1,1,0.012,world,2.108592842,11.21516994,15.85277177
571.892,ab3dmot,1,0,0,0.4,3.26855833,3.510904403,4.649521704,0,1932,3220,5,2,2,1,1,0.1,world,2.108869882,11.21751357,15.85851105
571.892,sort,0.6409989594,29,12,0.2292834891,12.20702201,12.24991935,13.83156785,196,2249,3210,5,2,2,1,1,0.1,world,10.5378098,18.42474286,23.63613387
571.96,ours,1,0,0,0.4,3.267325913,3.510918334,4.649570074,0,1932,3220,5,2,2,1,1,0.036,world,2.098479927,11.21157385,15.85022035
571.96,ab3dmot,1,0,0,0.4,3.26855833,3.511039756,4.649516222,0,1935,3225,5,2,2,1,1,0.1,world,2.099119743,11.21409034,15.85515253
571.96,sort,0.6396677051,29,12,0.2295489891,12.20468598,12.24796281,13.83120965,196,2252,3215,5,2,2,1,1,0.1,world,10.52570037,18.4494083,23.68896163
571.992,ours,1,0,0,0.4,3.267325913,3.511056508,4.649562851,0,1935,3225,5,2,2,1,1,0.008,world,2.093076519,11.20949314,15.8466746
571.992,ab3dmot,1,0,0,0.4,3.26855833,3.511171925,4.649510741,0,1938,3230,5,2,2,1,1,0.068,world,2.093806079,11.21211069,15.85219457
571.992,sort,0.6383419689,29,12,0.2298136646,12.20189582,12.24594492,13.83085145,196,2255,3220,5,2,2,1,1,0.1,world,10.5197447,18.46257717,23.71685685
572.032,ours,1,0,0,0.4,3.267325913,3.511190831,4.649555629,0,1938,3230,5,2,2,1,1,0.032,world,2.087670612,11.20756662,15.84473644
572.032,ab3dmot,1,0,0,0.4,3.26855833,3.511299325,4.649505259,0,1941,3235,5,2,2,1,1,0.108,world,2.088933833,11.21051445,15.85184151
572.032,sort,0.6370217166,29,12,0.2300775194,12.19974445,12.24392419,13.83049325,196,2258,3225,5,2,2,1,1,0.14,world,10.51385933,18.45962829,23.715805
572.092,ours,1,0,0,0.4,3.267325913,3.511319248,4.649548407,0,1941,3235,5,2,2,1,1,0.024,world,2.077328,11.20346256,15.83994889
572.092,ab3dmot,1,0,0,0.4,3.26855833,3.511420994,4.649499777,0,1944,3240,5,2,2,1,1,0.1,world,2.078801643,11.20637317,15.84709565
572.092,sort,0.6367389061,31,12,0.2297213622,12.19974445,12.24313424,13.83013505,196,2261,3230,5,2,2,1,1,0.1,world,10.52629416,18.16324724,23.17242155
572.124,ours,1,0,0,0.4,3.267325913,3.511443888,4.649541185,0,1944,3240,5,2,2,1,1,0.024,world,2.072384155,11.20176231,15.83842628
572.124,ab3dmot,1,0,0,0.4,3.26855833,3.511538768,4.649494296,0,1947,3245,5,2,2,1,1,0.1,world,2.073955015,11.20473626,15.84580675
572.124,sort,0.6364572606,31,12,0.229984544,12.19974445,12.24233812,13.82977685,196,2264,3235,5,2,2,1,1,0.1,world,10.48956725,18.14275825,23.16167599
572.164,ours,1,0,0,0.4,3.267325913,3.511565706,4.649533963,0,1947,3245,5,2,2,1,1,0.004,world,2.067041303,11.19965959,15.83573118
572.164,ab3dmot,1,0,0,0.4,3.26855833,3.511653464,4.649488814,0,1950,3250,5,2,2,1,1,0.076,world,2.068712529,11.20265972,15.84363571
572.164,sort,0.6361767729,31,12,0.2302469136,12.19974445,12.24153912,13.82941866,196,2267,3240,5,2,2,1,1,0.076,world,10.41858288,18.10279896,23.14018826
572.212,ours,1,0,0,0.4,3.267325913,3.511683996,4.649526741,0,1950,3250,5,2,2,1,1,0.012,world,2.062099472,11.19785398,15.83427635
572.212,ab3dmot,1,0,0,0.4,3.26855833,3.511764663,4.649467672,0,1953,3255,5,2,2,1,1,0.088,world,2.063742546,11.20078635,15.84225175
572.212,sort,0.6358974359,31,12,0.2305084746,12.19974445,12.24073552,13.82906046,196,2270,3245,5,2,2,1,1,0.092,world,10.38261365,18.08280702,23.12976731
572.26,ours,1,0,0,0.4,3.267325913,3.511795032,4.649499172,0,1953,3255,5,2,2,1,1,0.004,world,2.052932535,11.19476077,15.83260949
572.26,ab3dmot,1,0,0,0.4,3.26855833,3.511868685,4.64943087,0,1956,3260,5,2,2,1,1,0.076,world,2.054262062,11.19764613,15.84024276
572.26,sort,0.6356192426,31,12,0.2307692308,12.19974445,12.24028588,13.82870226,196,2273,3250,5,2,2,1,1,0.076,world,10.72615502,18.20829944,23.10932357
572.3,ours,1,0,0,0.4,3.267325913,3.511902494,4.649451258,0,1956,3260,5,2,2,1,1,0.008,world,2.048050442,11.19331716,15.83111351
572.3,ab3dmot,1,0,0,0.4,3.26855833,3.511968778,4.649394067,0,1959,3265,5,2,2,1,1,0.08,world,2.049684652,11.1962965,15.83954389
572.3,sort,0.6353421859,31,12,0.2310291859,12.19974445,12.24009171,13.82834406,196,2276,3255,5,2,2,1,1,0.08,world,10.97969402,18.30347527,23.09930336
572.356,ours,1,0,0,0.4,3.267325913,3.512005951,4.649403344,0,1959,3265,5,2,2,1,1,0,world,2.043649615,11.19195442,15.83086843
572.356,ab3dmot,1,0,0,0.4,3.26855833,3.512065857,4.649357265,0,1962,3270,5,2,2,1,1,0.1,world,2.045353983,11.19476432,15.83806131
572.356,sort,0.6350662589,31,12,0.2312883436,12.19974445,12.23977036,13.82798586,196,2279,3260,5,2,2,1,1,0.068,world,10.85772046,18.25775481,23.10525616
572.396,ours,1,0,0,0.4,3.267325913,3.512109243,4.649355429,0,1962,3270,5,2,2,1,1,0.008,world,2.03993676,11.18990283,15.82633329
572.396,ab3dmot,1,0,0,0.4,3.26855833,3.51216273,4.649320463,0,1965,3275,5,2,2,1,1,0.08,world,2.042027961,11.19266274,15.83411506
572.396,sort,0.6347914547,31,12,0.2315467075,12.19974445,12.23946111,13.82743782,196,2282,3265,5,2,2,1,1,0.08,world,10.84721733,18.24900102,23.09681623
572.452,ours,1,0,0,0.4,3.267325913,3.512205601,4.649307515,0,1965,3275,5,2,2,1,1,0.032,world,2.032168845,11.1874687,15.82590918
572.452,ab3dmot,1,0,0,0.4,3.26855833,3.512254236,4.64928366,0,1968,3280,5,2,2,1,1,0.096,world,2.035030541,11.19006301,15.83224015
572.452,sort,0.6345177665,31,12,0.2318042813,12.19974445,12.23915734,13.82688978,196,2285,3270,5,2,2,1,1,0.096,world,10.83131679,18.23752574,23.08723113
572.492,ours,1,0,0,0.4,3.267325913,3.512301524,4.6492596,0,1968,3280,5,2,2,1,1,0.02,world,2.029200398,11.18571449,15.82253648
572.492,ab3dmot,1,0,0,0.4,3.26855833,3.512347162,4.649246858,0,1971,3285,5,2,2,1,1,0.072,world,2.032459683,11.18768013,15.82729089
572.492,sort,0.6342451874,31,12,0.2320610687,12.19974445,12.23888722,13.82634173,196,2288,3275,5,2,2,1,1,0.076,world,10.81570312,18.22267444,23.07126109
572.536,ours,1,0,0,0.4,3.267325913,3.5123981,4.649211686,0,1971,3285,5,2,2,1,1,0.024,world,2.026724942,11.18371984,15.81842878
572.536,ab3dmot,1,0,0,0.4,3.26855833,3.512439588,4.649210056,0,1974,3290,5,2,2,1,1,0.084,world,2.029851331,11.1859469,15.82451585
572.536,sort,0.6339737108,31,12,0.2323170732,12.19974445,12.23854309,13.82579369,196,2291,3280,5,2,2,1,1,0.084,world,10.70772794,18.17526747,23.06332695
572.584,ours,1,0,0,0.4,3.267325913,3.512491461,4.649163771,0,1974,3290,5,2,2,1,1,0.024,world,2.020501942,11.1808968,15.81524863
572.584,ab3dmot,1,0,0,0.4,3.26855833,3.512533506,4.649173253,0,1977,3295,5,2,2,1,1,0.064,world,2.024843237,11.18188762,15.81692256
572.584,sort,0.63370333,31,12,0.2325722983,12.19974445,12.2381521,13.82524565,196,2294,3285,5,2,2,1,1,0.096,world,10.63047682,18.13978606,23.05460131
572.608,ours,1,0,0,0.4,3.267325913,3.512590243,4.649115857,0,1977,3295,5,2,2,1,1,0.008,world,2.022203316,11.17963379,15.80973834
572.608,ab3dmot,1,0,0,0.4,3.26855833,3.512630807,4.649136451,0,1980,3300,5,2,2,1,1,0.056,world,2.026158842,11.18115206,15.81347061
572.608,sort,0.6334340383,31,12,0.2328267477,12.19974445,12.23779325,13.82469761,196,2297,3290,5,2,2,1,1,0.06,world,10.60625814,18.12176451,23.0392021
572.68,ours,1,0,0,0.4,3.267325913,3.512686746,4.649067943,0,1980,3300,5,2,2,1,1,0.024,world,2.016757528,11.17689833,15.8062147
572.68,ab3dmot,1,0,0,0.4,3.26855833,3.512730541,4.649104531,0,1983,3305,5,2,2,1,1,0.064,world,2.022093893,11.17731528,15.80545211
572.68,sort,0.6331658291,31,12,0.2330804249,12.19974445,12.2374352,13.82414956,196,2300,3295,5,2,2,1,1,0.096,world,10.58582036,18.10983592,23.03192231
572.712,ours,1,0,0,0.4,3.267325913,3.512783367,4.64903188,0,1983,3305,5,2,2,1,1,0.012,world,2.014570317,11.17533596,15.80322799
572.712,ab3dmot,1,0,0,0.4,3.26855833,3.512841533,4.64943087,0,1986,3310,5,2,2,1,1,0.06,world,2.020496375,11.1718938,15.791123
572.712,sort,0.6328986961,31,12,0.2333333333,12.19974445,12.23708644,13.82360152,196,2303,3300,5,2,2,1,1,0.096,world,10.56977801,18.09958723,23.02463969
572.784,ours,1,0,0,0.4,3.267325913,3.512887623,4.64900767,0,1986,3310,5,2,2,1,1,0.032,world,2.011275108,11.17018786,15.79044857
572.784,ab3dmot,1,0,0,0.4,3.26855833,3.512952715,4.649527185,0,1989,3315,5,2,2,1,1,0.068,world,2.017717086,11.16978772,15.78602962
572.784,sort,0.6326326326,31,12,0.2335854766,12.19974445,12.23675786,13.82305348,196,2306,3305,5,2,2,1,1,0.1,world,10.53665768,18.07841776,23.0095366
572.852,ours,1,0,0,0.4,3.267325913,3.512989828,4.648983459,0,1989,3315,5,2,2,1,1,0.036,world,2.00710456,11.1682977,15.78780497
572.852,ab3dmot,1,0,0,0.4,3.26855833,3.513059174,4.64967329,0,1992,3320,5,2,2,1,1,0.14,world,2.012344433,11.16823971,15.78592735
572.852,sort,0.6323676324,31,12,0.233836858,12.19974445,12.23659357,13.82250544,196,2309,3310,5,2,2,1,1,0.104,world,10.66925363,18.12718778,22.99498914
572.9,ours,1,0,0,0.4,3.267325913,3.513089681,4.648959249,0,1992,3320,5,2,2,1,1,0.012,world,2.004582681,11.16758574,15.78777763
572.9,ab3dmot,1,0,0,0.4,3.26855833,3.513163273,4.649652921,0,1995,3325,5,2,2,1,1,0.184,world,2.009829664,11.1675293,15.78590004
572.9,sort,0.6321036889,31,12,0.2340874811,12.19974445,12.23646664,13.82237514,196,2312,3315,5,2,2,1,1,0.084,world,10.65499483,18.11444028,22.98109152
573,ours,1,0,0,0.4,3.267325913,3.513183733,4.648935038,0,1995,3325,5,2,2,1,1,0.024,world,1.997717527,11.16570925,15.78779332
573,ab3dmot,1,0,0,0.4,3.26855833,3.513261568,4.649632552,0,1998,3330,5,2,2,1,1,0.284,world,2.002984239,11.16565711,15.78591585
573,sort,0.631840796,31,12,0.2343373494,12.19974445,12.23647442,13.82224484,196,2315,3320,5,2,2,1,1,0.116,world,10.75572309,18.15053522,22.96847534
573.08,ours,1,0,0,0.4,3.267325913,3.51334022,4.6492596,0,1998,3330,5,2,2,1,1,0.032,world,1.998404596,11.1439016,15.71930472
573.08,ab3dmot,1,0,0,0.4,3.26855833,3.513450446,4.649752337,0,2001,3335,5,2,2,1,1,0.1,world,2.002795056,11.1338045,15.6874558
573.08,sort,0.6315789474,31,12,0.2345864662,12.19974445,12.23658796,13.82211455,196,2318,3325,5,2,2,1,1,0.132,world,10.82236209,18.17243485,22.9564917
573.148,ours,1,0,0,0.4,3.267325913,3.513520568,4.649548407,0,2001,3335,5,2,2,1,1,0.036,world,1.996024723,11.13375688,15.69213986
573.148,ab3dmot,1,0,0,0.4,3.26855833,3.513653465,4.649828368,0,2004,3340,5,2,2,1,1,0.1,world,1.99933296,11.1264129,15.67034711
573.148,sort,0.6313181368,31,12,0.2348348348,12.19974445,12.23678232,13.82198425,196,2321,3330,5,2,2,1,1,0.1,world,10.82562815,18.16459312,22.93724382
573.224,ours,1,0,0,0.4,3.267325913,3.513719076,4.649678662,0,2004,3340,5,2,2,1,1,0.024,world,1.993609183,11.12546213,15.67168431
573.224,ab3dmot,1,0,0,0.4,3.26855833,3.513872877,4.650041653,0,2007,3345,5,2,2,1,1,0.076,world,1.995892295,11.11813276,15.65166984
573.224,sort,0.6310583581,31,12,0.2350824588,12.19974445,12.2370262,13.82185395,196,2324,3335,5,2,2,1,1,0.116,world,10.82670891,18.16017876,22.92646481
573.3,ours,1,0,0,0.4,3.267325913,3.513927791,4.649943739,0,2007,3345,5,2,2,1,1,0.016,world,1.99030119,11.12040262,15.65810241
573.3,ab3dmot,1,0,0,0.4,3.26855833,3.514104119,4.650208377,0,2010,3350,5,2,2,1,1,0.056,world,1.992042116,11.11189275,15.63685025
573.3,sort,0.6307996051,31,12,0.2353293413,12.19974445,12.23735114,13.82172366,196,2327,3340,5,2,2,1,1,0.088,world,10.83002515,18.15445198,22.91049308
573.4,ours,1,0,0,0.4,3.267325913,3.514145205,4.650055518,0,2010,3350,5,2,2,1,1,0.024,world,1.98922498,11.11597554,15.64917273
573.4,ab3dmot,1,0,0,0.4,3.26855833,3.514342164,4.650313197,0,2013,3355,5,2,2,1,1,0.088,world,1.991240478,11.10781699,15.63061318
573.4,sort,0.6305418719,31,12,0.2355754858,12.19974445,12.23773269,13.82414956,196,2330,3345,5,2,2,1,1,0.12,world,10.83327845,18.15134755,22.90027992
573.484,ours,1,0,0,0.4,3.267325913,3.514377696,4.650522713,0,2013,3355,5,2,2,1,1,0.02,world,1.990052425,11.10984107,15.63572401
573.484,ab3dmot,1,0,0,0.4,3.26855833,3.514591102,4.650350492,0,2016,3360,5,2,2,1,1,0.076,world,1.992976602,11.10319463,15.62228819
573.484,sort,0.6302851524,31,12,0.2358208955,12.19974445,12.23819703,13.82870226,196,2333,3350,5,2,2,1,1,0.108,world,10.8390286,18.1482806,22.8872354
573.576,ours,1,0,0,0.4,3.267325913,3.51462034,4.650722572,0,2016,3360,5,2,2,1,1,0.036,world,1.991800524,11.10629526,15.62721356
573.576,ab3dmot,1,0,0,0.4,3.26855833,3.514848282,4.650406187,0,2019,3365,5,2,2,1,1,0.1,world,1.994842367,11.10022958,15.61598116
573.576,sort,0.6300294406,31,12,0.2360655738,12.19974445,12.2387215,13.8326952,196,2336,3355,5,2,2,1,1,0.132,world,10.84416877,18.14678707,22.87843354
573.652,ours,1,0,0,0.4,3.267325913,3.514878043,4.650790971,0,2019,3365,5,2,2,1,1,0.052,world,1.995327946,11.10153966,15.61519644
573.652,ab3dmot,1,0,0,0.4,3.26855833,3.51511251,4.650572545,0,2022,3370,5,2,2,1,1,0.108,world,1.997559431,11.09829976,15.61125294
573.652,sort,0.6297747307,31,12,0.2363095238,12.19974445,12.23930371,13.84284142,196,2339,3360,5,2,2,1,1,0.144,world,10.84970009,18.14616942,22.87097274
573.72,ours,1,0,0,0.4,3.267325913,3.515147009,4.650948142,0,2022,3370,5,2,2,1,1,0.02,world,1.998535399,11.0982021,15.60711066
573.72,ab3dmot,1,0,0,0.4,3.26855833,3.515383733,4.650748815,0,2025,3375,5,2,2,1,1,0.08,world,2.000664147,11.0964188,15.60747138
573.72,sort,0.6301369863,31,12,0.2362555721,12.19844187,12.23802961,13.84227774,196,2343,3365,5,1,1,1,1,0.116,world,10.85945902,18.17683174,22.96026806
573.804,ours,1,0,0,0.4,3.267325913,3.515423747,4.651151651,0,2025,3375,5,2,2,1,1,0.012,world,2.001246891,11.09681434,15.60306088
573.804,ab3dmot,1,0,0,0.4,3.26855833,3.515667786,4.650847347,0,2028,3380,5,2,2,1,1,0.064,world,2.003943482,11.09337338,15.59867739
573.804,sort,0.6304985337,31,12,0.2362017804,12.19713929,12.23676771,13.84171406,196,2347,3370,5,1,1,1,1,0.096,world,10.87080474,18.16300684,22.92665813
573.892,ours,1,0,0,0.4,3.267325913,3.515715467,4.651493569,0,2028,3380,5,2,2,1,1,0.02,world,2.00497209,11.0933254,15.59111839
573.892,ab3dmot,1,0,0,0.4,3.26855833,3.515966409,4.651243065,0,2031,3385,5,2,2,1,1,0.088,world,2.006669017,11.08984893,15.58640544
573.892,sort,0.630859375,31,12,0.2361481481,12.19481034,12.23551532,13.84115038,196,2351,3375,5,1,1,1,1,0.12,world,10.87906077,18.15511726,22.90569733
573.972,ours,1,0,0,0.4,3.267325913,3.516027631,4.651845202,0,2031,3385,5,2,2,1,1,0.008,world,2.008466219,11.08786071,15.57406292
573.972,ab3dmot,1,0,0,0.4,3.26855833,3.516284033,4.651932293,0,2034,3390,5,2,2,1,1,0.068,world,2.008776437,11.08473949,15.5696074
573.972,sort,0.6312195122,31,12,0.2360946746,12.19248139,12.23427628,13.84058671,196,2355,3380,5,1,1,1,1,0.1,world,10.89178687,18.14083576,22.87036969
574.064,ours,1,0,0,0.4,3.267325913,3.51635313,4.651959027,0,2034,3390,5,2,2,1,1,0.04,world,2.012283929,11.08621274,15.56540964
574.064,ab3dmot,1,0,0,0.4,3.26855833,3.516612734,4.651957773,0,2037,3395,5,2,2,1,1,0.092,world,2.011253602,11.08369229,15.56214029
574.064,sort,0.6315789474,31,12,0.2360413589,12.19237036,12.23305002,13.84002303,196,2359,3385,5,1,1,1,1,0.124,world,10.90385488,18.1355909,22.85124042
574.136,ours,1,0,0,0.4,3.267325913,3.516692608,4.652056096,0,2037,3395,5,2,2,1,1,0.036,world,2.0149108,11.08342976,15.55455845
574.136,ab3dmot,1,0,0,0.4,3.26855833,3.516949483,4.652112289,0,2040,3400,5,2,2,1,1,0.1,world,2.013734171,11.08316415,15.55676158
574.136,sort,0.6319376826,31,12,0.2359882006,12.19225933,12.2318355,13.83945935,196,2363,3390,5,1,1,1,1,0.132,world,10.9147632,18.12917232,22.83121705
574.232,ours,1,0,0,0.4,3.267325913,3.517030917,4.65255817,0,2040,3400,5,2,2,1,1,0.032,world,2.019323122,11.08708986,15.55928316
574.232,ab3dmot,1,0,0,0.4,3.26855833,3.517261915,4.652374751,0,2043,3405,5,2,2,1,1,0.096,world,2.018858393,11.09514061,15.58537143
574.232,sort,0.6322957198,31,12,0.2359351988,12.19141031,12.23063674,13.83889567,196,2367,3395,5,1,1,1,1,0.128,world,10.93033543,18.11659248,22.79686033
574.3,ours,1,0,0,0.4,3.267325913,3.517340821,4.652779781,0,2043,3405,5,2,2,1,1,0.024,world,2.026063261,11.10007856,15.59505699
574.3,ab3dmot,1,0,0,0.4,3.26855833,3.517532744,4.652895128,0,2046,3410,5,2,2,1,1,0.064,world,2.026911562,11.11329716,15.63580645
574.3,sort,0.6326530612,31,12,0.2358823529,12.19056129,12.22945102,13.83833199,196,2371,3400,5,1,1,1,1,0.132,world,10.94277724,18.11107602,22.77733909
574.384,ours,1,0,0,0.4,3.267325913,3.517646504,4.653011301,0,2046,3410,5,2,2,1,1,0.016,world,2.036035954,11.10732926,15.60956361
574.384,ab3dmot,1,0,0,0.4,3.26855833,3.517808052,4.653135411,0,2049,3415,5,2,2,1,1,0.084,world,2.037527193,11.11769774,15.64194627
574.384,sort,0.6330097087,31,12,0.2358296623,12.18947331,12.22828528,13.83776831,196,2375,3405,5,1,1,1,1,0.116,world,10.96324837,18.10286002,22.74686439
574.468,ours,1,0,0,0.4,3.267325913,3.517954706,4.654562607,0,2049,3415,5,2,2,1,1,0.036,world,2.044231888,11.11080754,15.61468364
574.468,ab3dmot,1,0,0,0.4,3.26855833,3.518076873,4.653326903,0,2052,3420,5,2,2,1,1,0.1,world,2.046227069,11.1248374,15.65634021
574.468,sort,0.6333656644,31,12,0.2357771261,12.18838533,12.22713448,13.83720463,196,2379,3410,5,1,1,1,1,0.132,world,10.97794696,18.09765332,22.72627879
574.544,ours,1,0,0,0.4,3.267325913,3.518259489,4.655272063,0,2052,3420,5,2,2,1,1,0.02,world,2.052510154,11.11678433,15.62583382
574.544,ab3dmot,1,0,0,0.4,3.26855833,3.518353209,4.65344415,0,2055,3425,5,2,2,1,1,0.112,world,2.054660828,11.12701434,15.65642498
574.544,sort,0.6337209302,31,12,0.2357247438,12.18757328,12.22602424,13.83664095,196,2383,3415,5,1,1,1,1,0.112,world,11.02203131,18.27167652,23.00628981
574.632,ours,1,0,0,0.4,3.267325913,3.518573185,4.655953029,0,2055,3425,5,2,2,1,1,0.024,world,2.064781237,11.1207745,15.62974164
574.632,ab3dmot,1,0,0,0.4,3.26855833,3.518642964,4.653537237,0,2058,3430,5,2,2,1,1,0.1,world,2.065497401,11.12910338,15.65474122
574.632,sort,0.6340755082,31,12,0.2356725146,12.18676124,12.22530571,13.83607728,196,2387,3420,5,1,1,1,1,0.1,world,11.45979806,18.49665431,23.09068726
574.7,ours,1,0,0,0.4,3.267325913,3.518888825,4.658323348,0,2058,3430,5,2,2,1,1,0.004,world,2.069295358,11.12236889,15.63194335
574.7,ab3dmot,1,0,0,0.4,3.26855833,3.518936559,4.653657863,0,2061,3435,5,2,2,1,1,0.068,world,2.070115588,11.12998935,15.65527202
574.7,sort,0.6344294004,31,12,0.235620438,12.18595245,12.22461823,13.8355136,196,2391,3425,5,1,1,1,1,0.1,world,11.49250505,18.50733806,23.08582826
574.796,ours,1,0,0,0.4,3.267325913,3.519210288,4.660779115,0,2061,3435,5,2,2,1,1,0.028,world,2.08128773,11.12828192,15.63871592
574.796,ab3dmot,1,0,0,0.4,3.26855833,3.519236354,4.653795441,0,2064,3440,5,2,2,1,1,0.1,world,2.081934895,11.13576769,15.66159543
574.796,sort,0.6347826087,31,12,0.2355685131,12.18514365,12.2239691,13.83494992,196,2395,3430,5,1,1,1,1,0.132,world,11.53323622,18.52633723,23.08924981
574.88,ours,1,0,0,0.4,3.267325913,3.51953553,4.661134,0,2064,3440,5,2,2,1,1,0.032,world,2.089710933,11.13250733,15.64340617
574.88,ab3dmot,1,0,0,0.4,3.26855833,3.519540888,4.653960502,0,2067,3445,5,2,2,1,1,0.152,world,2.089843153,11.13954044,15.66503841
574.88,sort,0.6351351351,31,12,0.2355167394,12.18497433,12.2233685,13.83438624,196,2399,3435,5,1,1,1,1,0.116,world,11.58506418,18.54508819,23.08462817
574.96,ours,1,0,0,0.4,3.267325913,3.519864203,4.661526438,0,2067,3445,5,2,2,1,1,0.036,world,2.102871428,11.13975687,15.65489507
574.96,ab3dmot,1,0,0,0.4,3.26855833,3.519853021,4.654138039,0,2070,3450,5,2,2,1,1,0.096,world,2.101616005,11.14471327,15.67185319
574.96,sort,0.633911368,32,13,0.2354651163,12.18497433,12.22258009,13.83325888,196,2402,3440,5,2,2,1,1,0.132,world,10.45570337,18.1451565,23.16823095
575.036,ours,1,0,0,0.4,3.267325913,3.520198971,4.661829463,0,2070,3450,5,2,2,1,1,0.036,world,2.111097441,11.14274207,15.65891292
575.036,ab3dmot,1,0,0,0.4,3.26855833,3.52017488,4.6552643,0,2073,3455,5,2,2,1,1,0.108,world,2.109689989,11.14651755,15.67171652
575.036,sort,0.6326923077,32,13,0.2357039187,12.18497433,12.22190316,13.83213153,196,2405,3445,5,2,2,1,1,0.112,world,10.46604315,18.17367935,23.20706484
575.1,ours,1,0,0,0.4,3.267325913,3.520541115,4.662451625,0,2073,3455,5,2,2,1,1,0.008,world,2.119807084,11.14553539,15.66205946
575.1,ab3dmot,1,0,0,0.4,3.26855833,3.520506646,4.655419469,0,2076,3460,5,2,2,1,1,0.104,world,2.11794589,11.14808087,15.67236045
575.1,sort,0.6314779271,32,13,0.235942029,12.18497433,12.22081757,13.83138875,196,2408,3450,5,2,2,1,1,0.072,world,10.47761275,18.2865811,23.40371639
575.232,ours,1,0,0,0.4,3.267325913,3.520894165,4.662827876,0,2076,3460,5,2,2,1,1,0.032,world,2.134671012,11.15166273,15.66696205
575.232,ab3dmot,1,0,0,0.4,3.26855833,3.520850121,4.655662147,0,2079,3465,5,2,2,1,1,0.204,world,2.132910133,11.15390054,15.67660307
575.232,sort,0.6302681992,32,13,0.2361794501,12.18497433,12.21976827,13.83103055,196,2411,3455,5,2,2,1,1,0.204,world,10.49579247,18.3010185,23.41545646
575.3,ours,1,0,0,0.4,3.267325913,3.521252803,4.66341854,0,2079,3465,5,2,2,1,1,0.008,world,2.144623694,11.15541228,15.6738262
575.3,ab3dmot,1,0,0,0.4,3.26855833,3.52120159,4.655917408,0,2082,3470,5,2,2,1,1,0.14,world,2.142638651,11.15609746,15.68214862
575.3,sort,0.6290630975,32,13,0.236416185,12.18497433,12.21899592,13.83067235,196,2414,3460,5,2,2,1,1,0.076,world,10.5098452,18.28953295,23.37927699
575.368,ours,1,0,0,0.4,3.267325913,3.521613373,4.66438954,0,2082,3470,5,2,2,1,1,0.012,world,2.152749227,11.15945758,15.68491598
575.368,ab3dmot,1,0,0,0.4,3.26855833,3.521551773,4.656084035,0,2085,3475,5,2,2,1,1,0.076,world,2.149565585,11.16090356,15.6961719
575.368,sort,0.6278625954,32,13,0.2366522367,12.18497433,12.21827058,13.83031415,196,2417,3465,5,2,2,1,1,0.08,world,10.52301212,18.30395648,23.39406417
575.456,ours,1,0,0,0.4,3.267325913,3.521975774,4.664854361,0,2085,3475,5,2,2,1,1,0.048,world,2.163237694,11.16548148,15.69533327
575.456,ab3dmot,1,0,0,0.4,3.26855833,3.521900748,4.656330969,0,2088,3480,5,2,2,1,1,0.1,world,2.161086506,11.16840634,15.71042486
575.456,sort,0.6266666667,32,13,0.2368876081,12.18497433,12.21763654,13.82995595,196,2420,3470,5,2,2,1,1,0.132,world,10.53685946,18.29724582,23.37135282
575.512,ours,1,0,0,0.4,3.267325913,3.522329784,4.665091097,0,2088,3480,5,2,2,1,1,0.024,world,2.174035471,11.17516545,15.71759362
575.512,ab3dmot,1,0,0,0.4,3.26855833,3.522242812,4.656952553,0,2091,3485,5,2,2,1,1,0.088,world,2.171647891,11.17793269,15.73017431
575.512,sort,0.6254752852,32,13,0.2371223022,12.18497433,12.21709735,13.82959776,196,2423,3475,5,2,2,1,1,0.092,world,10.55223478,18.29632247,23.35784001
575.6,ours,1,0,0,0.4,3.267325913,3.522678705,4.665823839,0,2091,3485,5,2,2,1,1,0.012,world,2.184092358,11.18398568,15.73517881
575.6,ab3dmot,1,0,0,0.4,3.26855833,3.522576828,4.657741572,0,2094,3490,5,2,2,1,1,0.112,world,2.181504359,11.18792386,15.75067619
575.6,sort,0.624288425,32,13,0.2373563218,12.18497433,12.21661228,13.82923956,196,2426,3480,5,2,2,1,1,0.112,world,10.56660878,18.3081954,23.36741953
575.66,ours,1,0,0,0.4,3.267325913,3.523029786,4.666784806,0,2094,3490,5,2,2,1,1,0.008,world,2.194688493,11.1906728,15.74490293
575.66,ab3dmot,1,0,0,0.4,3.26855833,3.522903101,4.658053554,0,2097,3495,5,2,2,1,1,0.104,world,2.190396615,11.1975723,15.77064041
575.66,sort,0.6231060606,32,13,0.23758967,12.18497433,12.21575708,13.82888136,196,2429,3485,5,2,2,1,1,0.104,world,10.58127399,18.39773102,23.52126677
575.7,ours,1,0,0,0.4,3.267325913,3.523371018,4.667039386,0,2097,3495,5,2,2,1,1,0.008,world,2.19792066,11.19677362,15.760902
575.7,ab3dmot,1,0,0,0.4,3.26855833,3.523219546,4.65873315,0,2100,3500,5,2,2,1,1,0.08,world,2.19274857,11.20352461,15.78611575
575.7,sort,0.6219281664,32,13,0.2378223496,12.18497433,12.21503491,13.82852316,196,2432,3490,5,2,2,1,1,0.08,world,10.59300664,18.41682561,23.54410447
575.76,ours,1,0,0,0.4,3.267325913,3.523708201,4.66732093,0,2100,3500,5,2,2,1,1,0.008,world,2.207128591,11.20521934,15.77732315
575.76,ab3dmot,1,0,0,0.4,3.26855833,3.523532562,4.659192003,0,2103,3505,5,2,2,1,1,0.072,world,2.202045372,11.21210239,15.80142382
575.76,sort,0.620754717,32,13,0.2380543634,12.18497433,12.21469209,13.82816496,196,2435,3495,5,2,2,1,1,0.072,world,11.15564797,18.60351882,23.48453585
575.8,ours,1,0,0,0.4,3.267325913,3.52403914,4.667377529,0,2103,3505,5,2,2,1,1,0.008,world,2.211004041,11.21058575,15.78933939
575.8,ab3dmot,1,0,0,0.4,3.26855833,3.523833068,4.660587351,0,2106,3510,5,2,2,1,1,0.048,world,2.206129106,11.22031917,15.81973612
575.8,sort,0.6195856874,32,13,0.2382857143,12.18497433,12.21432595,13.82771184,196,2438,3500,5,2,2,1,1,0.08,world,11.01564891,18.53459287,23.45948662
575.852,ours,1,0,0,0.4,3.267325913,3.524364063,4.66743296,0,2106,3510,5,2,2,1,1,0.008,world,2.216166474,11.21661361,15.80124982
575.852,ab3dmot,1,0,0,0.4,3.26855833,3.524125753,4.661827027,0,2109,3515,5,2,2,1,1,0.064,world,2.212025555,11.22751792,15.83383945
575.852,sort,0.6184210526,32,13,0.2385164051,12.18497433,12.21389954,13.8271638,196,2441,3505,5,2,2,1,1,0.132,world,11.02376357,18.515663,23.42321759
575.9,ours,1,0,0,0.4,3.267325913,3.524678008,4.667676059,0,2109,3515,5,2,2,1,1,0.008,world,2.227597021,11.22916641,15.82563598
575.9,ab3dmot,1,0,0,0.4,3.26855833,3.524412017,4.662181277,0,2112,3520,5,2,2,1,1,0.048,world,2.224319309,11.23869947,15.85401487
575.9,sort,0.6181988743,34,13,0.2381766382,12.18497433,12.21342991,13.82661576,196,2444,3510,5,2,2,1,1,0.08,world,11.10750871,18.53066475,23.39399127
575.952,ours,1,0,0,0.4,3.267325913,3.524985,4.668234917,0,2112,3520,5,2,2,1,1,0.016,world,2.233493838,11.23625406,15.83837938
575.952,ab3dmot,1,0,0,0.4,3.26855833,3.524681766,4.662402405,0,2115,3525,5,2,2,1,1,0.068,world,2.230243101,11.25050087,15.87538518
575.952,sort,0.6179775281,34,13,0.2384068279,12.18497433,12.21310328,13.82606771,196,2447,3515,5,2,2,1,1,0.068,world,11.15934209,18.55395739,23.3971454
576,ours,1,0,0,0.4,3.267325913,3.525280007,4.668950233,0,2115,3525,5,2,2,1,1,0.016,world,2.244901797,11.24991546,15.86294464
576,ab3dmot,1,0,0,0.4,3.26855833,3.524950127,4.662747725,0,2118,3530,5,2,2,1,1,0.084,world,2.242237049,11.26021478,15.88914526
576,sort,0.6168224299,36,13,0.2380681818,12.18497433,12.21294814,13.82551967,196,2450,3520,5,2,2,1,1,0.084,world,11.19674144,18.57385971,23.40431647
576.052,ours,1,0,0,0.4,3.267325913,3.52557324,4.669438561,0,2118,3530,5,2,2,1,1,0.036,world,2.250261623,11.25477884,15.87016242
576.052,ab3dmot,1,0,0,0.4,3.26855833,3.525218149,4.663182685,0,2121,3535,5,2,2,1,1,0.1,world,2.247637995,11.2647262,15.89458489
576.052,sort,0.6156716418,36,13,0.2382978723,12.18497433,12.21288951,13.82497163,196,2453,3525,5,2,2,1,1,0.1,world,11.22943141,18.58788288,23.40482296
576.092,ours,1,0,0,0.4,3.267325913,3.525859513,4.669766618,0,2121,3535,5,2,2,1,1,0.008,world,2.255225507,11.26173333,15.88251981
576.092,ab3dmot,1,0,0,0.4,3.26855833,3.525482182,4.663814679,0,2124,3540,5,2,2,1,1,0.076,world,2.252851871,11.27085781,15.90348589
576.092,sort,0.6145251397,36,13,0.2385269122,12.18497433,12.21291388,13.82442359,196,2456,3530,5,2,2,1,1,0.108,world,11.25941037,18.59997784,23.40408642
576.116,ours,1,0,0,0.4,3.267325913,3.526144496,4.670182357,0,2124,3540,5,2,2,1,1,0.016,world,2.26101943,11.26660279,15.88951258
576.116,ab3dmot,1,0,0,0.4,3.26855833,3.525746521,4.664724426,0,2127,3545,5,2,2,1,1,0.064,world,2.258876745,11.27532073,15.90870215
576.116,sort,0.6133828996,36,13,0.2387553041,12.18497433,12.2130461,13.82387554,196,2459,3535,5,2,2,1,1,0.064,world,11.31471022,18.62168817,23.40270324
576.184,ours,1,0,0,0.4,3.267325913,3.526432521,4.670716926,0,2127,3545,5,2,2,1,1,0.016,world,2.273467763,11.27299795,15.8962705
576.184,ab3dmot,1,0,0,0.4,3.26855833,3.526015934,4.666207308,0,2130,3550,5,2,2,1,1,0.1,world,2.271734138,11.28115629,15.91334562
576.184,sort,0.612244898,36,13,0.2389830508,12.18497433,12.21319971,13.8233275,196,2462,3540,5,2,2,1,1,0.132,world,11.32307562,18.63046237,23.40931751
576.2,ours,1,0,0,0.4,3.267325913,3.526715415,4.67262345,0,2130,3550,5,2,2,1,1,0,world,2.273365151,11.27654791,15.90319986
576.2,ab3dmot,1,0,0,0.4,3.26855833,3.526284649,4.667110781,0,2133,3555,5,2,2,1,1,0.052,world,2.272246474,11.28325448,15.91562611
576.2,sort,0.6111111111,36,13,0.2392101551,12.18497433,12.21341557,13.82277946,196,2465,3545,5,2,2,1,1,0.084,world,11.37580597,18.6482767,23.40649482
576.248,ours,1,0,0,0.4,3.267325913,3.527002897,4.673031583,0,2133,3555,5,2,2,1,1,0.028,world,2.279572876,11.27904625,15.90437202
576.248,ab3dmot,1,0,0,0.4,3.26855833,3.526557989,4.667221824,0,2136,3560,5,2,2,1,1,0.1,world,2.278457359,11.28575488,15.91679785
576.248,sort,0.6099815157,36,13,0.2394366197,12.18497433,12.21364443,13.82244029,196,2468,3550,5,2,2,1,1,0.132,world,11.38347635,18.65325591,23.40974806
576.28,ours,1,0,0,0.4,3.267325913,3.527291218,4.673103437,0,2136,3560,5,2,2,1,1,0,world,2.284144033,11.28249081,15.90870484
576.28,ab3dmot,1,0,0,0.4,3.26855833,3.526834279,4.667696183,0,2139,3565,5,2,2,1,1,0.096,world,2.282596926,11.28819998,15.9186158
576.28,sort,0.6088560886,36,13,0.2396624473,12.18497433,12.21398107,13.82230999,196,2471,3555,5,2,2,1,1,0.096,world,11.4399557,18.68029117,23.41677941
576.312,ours,1,0,0,0.4,3.267325913,3.527584112,4.673305681,0,2139,3565,5,2,2,1,1,0.012,world,2.290350951,11.28497928,15.90986093
576.312,ab3dmot,1,0,0,0.4,3.26855833,3.527115172,4.670659588,0,2142,3570,5,2,2,1,1,0.128,world,2.288808237,11.29069054,15.91977159
576.312,sort,0.6077348066,36,13,0.2398876404,12.18497433,12.21439046,13.82217969,196,2474,3560,5,2,2,1,1,0.064,world,11.49310053,18.70214212,23.41788039
576.384,ours,1,0,0,0.4,3.267325913,3.527886963,4.674208541,0,2142,3570,5,2,2,1,1,0.02,world,2.302737581,11.28993177,15.91214541
576.384,ab3dmot,1,0,0,0.4,3.26855833,3.527401423,4.672352456,0,2145,3575,5,2,2,1,1,0.136,world,2.303463752,11.29846094,15.9282683
576.384,sort,0.6066176471,36,13,0.240112202,12.18497433,12.21485612,13.8220494,196,2477,3565,5,2,2,1,1,0.108,world,11.53120484,18.72034427,23.42300129
576.468,ours,1,0,0,0.4,3.267325913,3.528192012,4.675484443,0,2145,3575,5,2,2,1,1,0.028,world,2.316188597,11.29852616,15.9233113
576.468,ab3dmot,1,0,0,0.4,3.26855833,3.52769201,4.673157567,0,2148,3580,5,2,2,1,1,0.156,world,2.316943061,11.30595214,15.93776897
576.468,sort,0.6055045872,36,13,0.2403361345,12.18497433,12.215412,13.8219191,196,2480,3570,5,2,2,1,1,0.12,world,11.59506545,18.74801591,23.42677384
576.5,ours,1,0,0,0.4,3.267325913,3.528489274,4.676589763,0,2148,3580,5,2,2,1,1,0.02,world,2.322974058,11.30616861,15.93868969
576.5,ab3dmot,1,0,0,0.4,3.26855833,3.527984245,4.674528923,0,2151,3585,5,2,2,1,1,0.152,world,2.323486143,11.30962573,15.94257053
576.5,sort,0.6043956044,36,13,0.2405594406,12.18497433,12.21604051,13.8217888,196,2483,3575,5,2,2,1,1,0.088,world,11.64861945,18.76989331,23.42767212
576.524,ours,1,0,0,0.4,3.267325913,3.528784186,4.677488964,0,2151,3585,5,2,2,1,1,0.012,world,2.330172827,11.3118274,15.94806941
576.524,ab3dmot,1,0,0,0.4,3.26855833,3.528276547,4.67567653,0,2154,3590,5,2,2,1,1,0.112,world,2.331423543,11.31447073,15.94989972
576.524,sort,0.6032906764,36,13,0.2407821229,12.18497433,12.21671477,13.82165851,196,2486,3580,5,2,2,1,1,0.076,world,11.68210798,18.78423347,23.42937384
576.576,ours,1,0,0,0.4,3.267325913,3.529083029,4.678213181,0,2154,3590,5,2,2,1,1,0.02,world,2.338240574,11.31525697,15.95076134
576.576,ab3dmot,1,0,0,0.4,3.26855833,3.5285736,4.675973364,0,2157,3595,5,2,2,1,1,0.096,world,2.340482,11.31778471,15.9525634
576.576,sort,0.603652968,37,13,0.240167364,12.18514365,12.21671403,13.82159336,197,2490,3585,5,2,1,1,1,0.128,world,12.21589913,18.99676481,23.43205687
576.6,ours,1,0,0,0.4,3.267325913,3.529381256,4.678866476,0,2157,3595,5,2,2,1,1,0.02,world,2.345576822,11.32012242,15.95852077
576.6,ab3dmot,1,0,0,0.4,3.26855833,3.528878162,4.676074335,0,2160,3600,5,2,2,1,1,0.056,world,2.350739406,11.32030612,15.95293098
576.6,sort,0.6040145985,37,13,0.2398328691,12.18595245,12.21674042,13.82152821,198,2494,3590,5,2,1,1,1,0.088,world,12.24560153,19.00897689,23.43281248
576.664,ours,1,0,0,0.4,3.267325913,3.529690498,4.6820822,0,2160,3600,5,2,2,1,1,0.02,world,2.359236431,11.3249194,15.96001563
576.664,ab3dmot,1,0,0,0.4,3.26855833,3.529193959,4.676147079,0,2163,3605,5,2,2,1,1,0.084,world,2.365116895,11.32519173,15.95474949
576.664,sort,0.6043755697,37,13,0.2394993046,12.18676124,12.21680193,13.82146306,199,2498,3595,5,2,1,1,1,0.084,world,12.28403282,19.02601864,23.43591947
576.708,ours,1,0,0,0.4,3.267325913,3.530002396,4.683115019,0,2163,3605,5,2,2,1,1,0.008,world,2.368386754,11.32913183,15.96482619
576.708,ab3dmot,1,0,0,0.4,3.26855833,3.529513813,4.677643262,0,2166,3610,5,2,2,1,1,0.064,world,2.374855017,11.32895873,15.95845537
576.708,sort,0.6047358834,37,13,0.2391666667,12.18757328,12.21688023,13.82139791,200,2502,3600,5,2,1,1,1,0.096,world,12.30248475,19.03420916,23.4374346
576.768,ours,1,0,0,0.4,3.267325913,3.530321132,4.684422235,0,2166,3610,5,2,2,1,1,0.008,world,2.38323395,11.33598636,15.97155222
576.768,ab3dmot,1,0,0,0.4,3.26855833,3.529841893,4.680041124,0,2169,3615,5,2,2,1,1,0.096,world,2.388406455,11.33470277,15.96290347
576.768,sort,0.6050955414,37,13,0.2388349515,12.18838533,12.21699212,13.82133276,201,2506,3605,5,2,1,1,1,0.096,world,12.33923293,19.0503998,23.44026345
576.8,ours,1,0,0,0.4,3.267325913,3.5306423,4.685046286,0,2169,3615,5,2,2,1,1,0,world,2.390442078,11.33951201,15.97536405
576.8,ab3dmot,1,0,0,0.4,3.26855833,3.530171874,4.680969322,0,2172,3620,5,2,2,1,1,0.056,world,2.397941918,11.33923478,15.96882818
576.8,sort,0.6054545455,37,13,0.2385041551,12.18947331,12.21712061,13.82126762,202,2510,3610,5,2,1,1,1,0.092,world,12.35752142,19.05839509,23.44157414
576.856,ours,1,0,0,0.4,3.267325913,3.53096603,4.687186646,0,2172,3620,5,2,2,1,1,0.016,world,2.397894036,11.34305144,15.97912797
576.856,ab3dmot,1,0,0,0.4,3.26855833,3.530505337,4.681311409,0,2175,3625,5,2,2,1,1,0.08,world,2.405628327,11.34249471,15.97157824
576.856,sort,0.6058128974,37,13,0.2381742739,12.19056129,12.21723704,13.82120247,203,2514,3615,5,2,1,1,1,0.08,world,12.34464064,19.05943324,23.45287581
576.9,ours,1,0,0,0.4,3.267325913,3.531296514,4.68871926,0,2175,3625,5,2,2,1,1,0.024,world,2.412616417,11.34976266,15.9854351
576.9,ab3dmot,1,0,0,0.4,3.26855833,3.530846724,4.682221108,0,2178,3630,5,2,2,1,1,0.056,world,2.421138987,11.34894882,15.97710545
576.9,sort,0.6061705989,37,13,0.2378453039,12.19141031,12.21736629,13.82113445,204,2518,3620,5,2,1,1,1,0.124,world,12.3588595,19.06731942,23.45682782
576.94,ours,1,0,0,0.4,3.267325913,3.531630089,4.689264177,0,2178,3630,5,2,2,1,1,0.032,world,2.420150853,11.35305917,15.98842229
576.94,ab3dmot,1,0,0,0.4,3.26855833,3.531191996,4.684136892,0,2181,3635,5,2,2,1,1,0.096,world,2.426598371,11.35107469,15.97800137
576.94,sort,0.6065276519,37,13,0.2375172414,12.19225933,12.21751043,13.82106643,205,2522,3625,5,2,1,1,1,0.132,world,12.37533174,19.07459003,23.45818486
576.976,ours,1,0,0,0.4,3.267325913,3.531967251,4.689546054,0,2181,3635,5,2,2,1,1,0,world,2.427681417,11.35606776,15.99088298
576.976,ab3dmot,1,0,0,0.4,3.26855833,3.53154142,4.686133893,0,2184,3640,5,2,2,1,1,0.072,world,2.436947297,11.35457449,15.98167105
576.976,sort,0.606884058,37,13,0.2371900826,12.19237036,12.21767932,13.82099841,206,2526,3630,5,2,1,1,1,0.104,world,12.40256432,19.08573874,23.45891509
577.044,ours,1,0,0,0.4,3.267325913,3.532312469,4.689825681,0,2184,3640,5,2,2,1,1,0.036,world,2.442353035,11.36178424,15.99563106
577.044,ab3dmot,1,0,0,0.4,3.26855833,3.531899529,4.686393876,0,2187,3645,5,2,2,1,1,0.108,world,2.449325898,11.35881763,15.98438321
577.044,sort,0.607239819,37,13,0.2368638239,12.19248139,12.21784374,13.82093039,207,2530,3635,5,2,1,1,1,0.108,world,12.3980311,19.09613434,23.47957623
577.104,ours,1,0,0,0.4,3.267325913,3.532659812,4.690297703,0,2187,3645,5,2,2,1,1,0.016,world,2.450743675,11.3644543,16.00042437
577.104,ab3dmot,1,0,0,0.4,3.26855833,3.532258546,4.686418309,0,2190,3650,5,2,2,1,1,0.064,world,2.458270978,11.36214028,15.99145156
577.104,sort,0.6066907776,38,13,0.235989011,12.19237036,12.21718792,13.82086237,209,2534,3640,5,3,1,1,1,0.096,world,11.46961741,18.65065957,23.34107177
577.2,ours,1,0,0,0.4,3.267325913,3.533016141,4.690388026,0,2190,3650,5,2,2,1,1,0.028,world,2.467728333,11.37142549,16.00820965
577.2,ab3dmot,1,0,0,0.4,3.26855833,3.532623253,4.686462761,0,2193,3655,5,2,2,1,1,0.096,world,2.474119075,11.36998537,16.00235735
577.2,sort,0.6061427281,38,13,0.2353909465,12.19225933,12.21654932,13.82079435,211,2538,3645,5,3,1,1,1,0.128,world,11.48854365,18.66018877,23.34491234
577.284,ours,1,0,0,0.4,3.267325913,3.533370188,4.690561941,0,2193,3655,5,2,2,1,1,0.024,world,2.479431484,11.37798475,16.02253397
577.284,ab3dmot,1,0,0,0.4,3.269401975,3.532979951,4.686926175,0,2196,3660,5,2,2,1,1,0.08,world,2.483385357,11.37803049,16.02202958
577.284,sort,0.6055956679,38,13,0.2347945205,12.19141031,12.21592211,13.82072633,213,2542,3650,5,3,1,1,1,0.112,world,11.50063934,18.66606918,23.34704716
577.364,ours,1,0,0,0.4,3.271499471,3.533724126,4.690703752,0,2196,3660,5,2,2,1,1,0.036,world,2.48931,11.38364712,16.03303244
577.364,ab3dmot,1,0,0,0.4,3.273729549,3.533336566,4.687537692,0,2199,3665,5,2,2,1,1,0.092,world,2.492040505,11.38381539,16.03209083
577.364,sort,0.6050495942,38,13,0.2341997264,12.19056129,12.21530589,13.82065831,215,2546,3655,5,3,1,1,1,0.124,world,11.51228682,18.67155685,23.34883603
577.412,ours,1,0,0,0.4,3.276166598,3.534082044,4.691005029,0,2199,3665,5,2,2,1,1,0.012,world,2.498644254,11.38832844,16.03911616
577.412,ab3dmot,1,0,0,0.4,3.277712209,3.533700482,4.688106415,0,2202,3670,5,2,2,1,1,0.076,world,2.500005824,11.3875176,16.03348258
577.412,sort,0.6045045045,38,13,0.2336065574,12.18947331,12.21470024,13.82059029,217,2550,3660,5,3,1,1,1,0.108,world,11.52346072,18.67664006,23.35027516
577.48,ours,1,0,0,0.4,3.280505087,3.534443917,4.692072624,0,2202,3670,5,2,2,1,1,0.012,world,2.507321232,11.39230019,16.04373065
577.48,ab3dmot,1,0,0,0.4,3.28194103,3.534068116,4.690414151,0,2205,3675,5,2,2,1,1,0.076,world,2.508463467,11.39182224,16.03878396
577.48,sort,0.604860486,39,13,0.2327421555,12.18838533,12.21431275,13.82052227,219,2554,3665,5,3,1,1,1,0.112,world,11.53413659,18.68130796,23.35136158
577.548,ours,1,0,0,0.4,3.283131692,3.534808633,4.692814279,0,2205,3675,5,2,2,1,1,0.032,world,2.512574441,11.39414932,16.04526001
577.548,ab3dmot,1,0,0,0.4,3.28425718,3.53443928,4.693366798,0,2208,3680,5,2,2,1,1,0.112,world,2.513095767,11.39327318,16.03876284
577.548,sort,0.6052158273,39,13,0.2321525886,12.18757328,12.21364432,13.82045426,221,2558,3670,5,3,1,1,1,0.116,world,11.4469347,18.63811143,23.35177182
577.584,ours,1,0,0,0.4,3.285060597,3.535175742,4.693535744,0,2208,3680,5,2,2,1,1,0.068,world,2.516432252,11.39558671,16.04576834
577.584,ab3dmot,1,0,0,0.4,3.286808378,3.53481414,4.695188939,0,2211,3685,5,2,2,1,1,0.084,world,2.518198162,11.39471765,16.03916971
577.584,sort,0.6055705301,39,13,0.2315646259,12.18676124,12.2130166,13.82038624,223,2562,3675,5,3,1,1,1,0.1,world,11.49378954,18.66027589,23.35209313
577.652,ours,1,0,0,0.4,3.289867227,3.535549663,4.694345134,0,2211,3685,5,2,2,1,1,0.016,world,2.526045512,11.3985283,16.04746162
577.652,ab3dmot,1,0,0,0.4,3.290797151,3.53519601,4.695926771,0,2214,3690,5,2,2,1,1,0.116,world,2.52617571,11.39721971,16.03901174
577.652,sort,0.6059245961,39,13,0.2309782609,12.18595245,12.21243262,13.82031822,225,2566,3680,5,3,1,1,1,0.12,world,11.54416844,18.68234603,23.35246849
577.7,ours,1,0,0,0.4,3.293777205,3.535930835,4.694966906,0,2214,3690,5,2,2,1,1,0.008,world,2.533865467,11.40075747,16.04682705
577.7,ab3dmot,1,0,0,0.4,3.294676257,3.535587567,4.69673335,0,2217,3695,5,2,2,1,1,0.064,world,2.533933921,11.39889477,16.03577127
577.7,sort,0.6062780269,39,13,0.2303934871,12.18514365,12.21182016,13.8202502,227,2570,3685,5,3,1,1,1,0.1,world,11.50931839,18.66879001,23.35248715
577.784,ours,1,0,0,0.4,3.297429838,3.536317339,4.69767514,0,2217,3695,5,2,2,1,1,0.016,world,2.541170735,11.40313063,16.04771583
577.784,ab3dmot,1,0,0,0.4,3.29814278,3.535984655,4.700249526,0,2220,3700,5,2,2,1,1,0.088,world,2.540866966,11.40106365,16.03615724
577.784,sort,0.6051924799,40,14,0.2303523035,12.18514365,12.21159003,13.82011416,227,2573,3690,5,2,2,1,1,0.12,world,11.3257133,18.59495141,23.35214947
577.864,ours,1,0,0,0.4,3.300609382,3.536709549,4.70826583,0,2220,3700,5,2,2,1,1,0.032,world,2.547529822,11.4049796,16.04725896
577.864,ab3dmot,1,0,0,0.4,3.301064524,3.536386442,4.730871733,0,2223,3705,5,2,2,1,1,0.096,world,2.546710456,11.40254213,16.03661595
577.864,sort,0.6041108132,40,14,0.2305818674,12.18514365,12.21124779,13.81997812,227,2576,3695,5,2,2,1,1,0.132,world,11.19651934,18.54247289,23.35145663
577.956,ours,1,0,0,0.4,3.305231059,3.537108918,4.730924762,0,2223,3705,5,2,2,1,1,0.036,world,2.556773177,11.40741299,16.04815372
577.956,ab3dmot,1,0,0,0.4,3.305510936,3.536795288,4.732690872,0,2226,3710,5,2,2,1,1,0.124,world,2.555603279,11.40465129,16.03698601
577.956,sort,0.6030330062,40,14,0.2308108108,12.18514365,12.21082632,13.81984208,227,2579,3700,5,2,2,1,1,0.156,world,11.09969439,18.5021747,23.34975606
578.008,ours,1,0,0,0.4,3.307388584,3.537504791,4.735826492,0,2226,3710,5,2,2,1,1,0.008,world,2.561088225,11.4093034,16.05551261
578.008,ab3dmot,1,0,0,0.4,3.307737563,3.537197595,4.732728035,0,2229,3715,5,2,2,1,1,0.076,world,2.560056532,11.40765498,16.04784212
578.008,sort,0.6019590383,40,14,0.2310391363,12.18514365,12.21029281,13.81719144,227,2582,3705,5,2,2,1,1,0.076,world,10.97049865,18.44987272,23.34901433
578.1,ours,1,0,0,0.4,3.310389069,3.53789881,4.736511021,0,2229,3715,5,2,2,1,1,0.012,world,2.567089196,11.41270013,16.06322195
578.1,ab3dmot,1,0,0,0.4,3.310371579,3.537590746,4.733850239,0,2232,3720,5,2,2,1,1,0.072,world,2.565324564,11.41268279,16.0637922
578.1,sort,0.6008888889,40,14,0.2312668464,12.184805,12.20972956,13.81454079,227,2585,3710,5,2,2,1,1,0.104,world,10.92978555,18.431135,23.34627125
578.196,ours,1,0,0,0.4,3.312415618,3.538289197,4.736871654,0,2232,3720,5,2,2,1,1,0.032,world,2.571142295,11.41567286,16.07098796
578.196,ab3dmot,1,0,0,0.4,3.3117775,3.537978067,4.734719336,0,2235,3725,5,2,2,1,1,0.1,world,2.568136407,11.4160287,16.07324308
578.196,sort,0.5998225377,40,14,0.2314939435,12.18353783,12.2091424,13.81189015,227,2588,3715,5,2,2,1,1,0.132,world,10.89648788,18.41495788,23.34276411
578.268,ours,1,0,0,0.4,3.312776439,3.538673689,4.737528559,0,2235,3725,5,2,2,1,1,0.032,world,2.571863935,11.41735629,16.07792885
578.268,ab3dmot,1,0,0,0.4,3.312740075,3.538359066,4.735108636,0,2238,3730,5,2,2,1,1,0.104,world,2.570061557,11.41774241,16.08140309
578.268,sort,0.5987599646,40,14,0.2317204301,12.18346174,12.20851636,13.8092395,227,2591,3720,5,2,2,1,1,0.104,world,10.84929585,18.3949437,23.34142856
578.36,ours,1,0,0,0.4,3.315514175,3.53905431,4.737443069,0,2238,3730,5,2,2,1,1,0.06,world,2.577339408,11.41909375,16.08588589
578.36,ab3dmot,1,0,0,0.4,3.316270875,3.538736363,4.73507081,0,2241,3735,5,2,2,1,1,0.1,world,2.577123156,11.41928528,16.09002693
578.36,sort,0.5977011494,40,14,0.2319463087,12.18157087,12.20788824,13.80658886,227,2594,3725,5,2,2,1,1,0.132,world,10.84135191,18.38850718,23.33693398
578.424,ours,1,0,0,0.4,3.317444307,3.539430211,4.737357579,0,2241,3735,5,2,2,1,1,0.024,world,2.581199672,11.42015409,16.09312285
578.424,ab3dmot,1,0,0,0.4,3.317959579,3.539110325,4.735032984,0,2244,3740,5,2,2,1,1,0.096,world,2.580500565,11.42004455,16.09499644
578.424,sort,0.5966460724,40,14,0.2321715818,12.18156115,12.20724285,13.80393821,227,2597,3730,5,2,2,1,1,0.1,world,10.81791628,18.3767066,23.33354029
578.5,ours,1,0,0,0.4,3.318303381,3.539802425,4.737272088,0,2244,3740,5,2,2,1,1,0.008,world,2.58291782,11.42065884,16.09713208
578.5,ab3dmot,1,0,0,0.4,3.319545678,3.539479688,4.734995159,0,2247,3745,5,2,2,1,1,0.076,world,2.583672763,11.42072155,16.10104254
578.5,sort,0.5955947137,40,14,0.2323962517,12.18132239,12.20659253,13.80128757,227,2600,3735,5,2,2,1,1,0.076,world,10.80895214,18.37055857,23.32983828
578.592,ours,1,0,0,0.4,3.319126138,3.540170288,4.737186598,0,2247,3745,5,2,2,1,1,0.028,world,2.584563334,11.4206136,16.10084477
578.592,ab3dmot,1,0,0,0.4,3.320687988,3.53984563,4.734957333,0,2250,3750,5,2,2,1,1,0.1,world,2.585957382,11.42049414,16.10389889
578.592,sort,0.5945470536,40,14,0.2326203209,12.17981196,12.20595252,13.79863693,227,2603,3740,5,2,2,1,1,0.1,world,10.81795779,18.37008028,23.32372695
578.676,ours,1,0,0,0.4,3.319651123,3.54053425,4.737101107,0,2250,3750,5,2,2,1,1,0.02,world,2.585613305,11.42024108,16.10364973
578.676,ab3dmot,1,0,0,0.4,3.32195683,3.540207659,4.734914078,0,2253,3755,5,2,2,1,1,0.084,world,2.588495068,11.42009006,16.10792961
578.676,sort,0.5949033392,41,14,0.2323097463,12.17914698,12.20480756,13.7973116,227,2607,3745,5,1,1,1,1,0.116,world,10.82491361,18.88282659,24.21150254
578.764,ours,1,0,0,0.4,3.320085949,3.540891466,4.73703169,0,2253,3755,5,2,2,1,1,0.028,world,2.586482955,11.42017108,16.10986289
578.764,ab3dmot,1,0,0,0.4,3.32195683,3.54056344,4.734865392,0,2256,3760,5,2,2,1,1,0.072,world,2.586704963,11.42013352,16.11170047
578.764,sort,0.5952589991,41,14,0.2322666667,12.17848201,12.20366403,13.79598628,227,2611,3750,5,1,1,1,1,0.108,world,10.82432332,18.8835366,24.21368741
578.856,ours,1,0,0,0.4,3.320085949,3.541241281,4.736978344,0,2256,3760,5,2,2,1,1,0.056,world,2.583098929,11.41899124,16.11218337
578.856,ab3dmot,1,0,0,0.4,3.32195683,3.540913163,4.734816707,0,2259,3765,5,2,2,1,1,0.132,world,2.583075234,11.41861304,16.11202183
578.856,sort,0.5956140351,41,14,0.2322237017,12.17719954,12.20252991,13.79466096,227,2615,3755,5,1,1,1,1,0.132,world,10.83395881,18.88053462,24.20251546
578.924,ours,1,0,0,0.4,3.320085949,3.541582621,4.736924999,0,2259,3765,5,2,2,1,1,0.024,world,2.578404839,11.41865565,16.11582739
578.924,ab3dmot,1,0,0,0.4,3.32195683,3.541254209,4.734768021,0,2262,3770,5,2,2,1,1,0.104,world,2.577070209,11.4184631,16.11507131
578.924,sort,0.5959684487,41,14,0.2321808511,12.17591707,12.20139992,13.79333564,227,2619,3760,5,1,1,1,1,0.108,world,10.83684455,18.87862338,24.19786956
579,ours,1,0,0,0.4,3.320085949,3.541916111,4.736871654,0,2262,3770,5,2,2,1,1,0.004,world,2.572662439,11.41777477,16.11747203
579,ab3dmot,1,0,0,0.4,3.32195683,3.541586669,4.734719336,0,2265,3775,5,2,2,1,1,0.08,world,2.568426905,11.41796099,16.11572242
579,sort,0.5963222417,41,14,0.2321381142,12.17293688,12.2002795,13.7933254,227,2623,3765,5,1,1,1,1,0.112,world,10.84674295,18.87491412,24.18517024
579.1,ours,1,0,0,0.4,3.320085949,3.542239695,4.736818309,0,2265,3775,5,2,2,1,1,0.012,world,2.56315223,11.41539588,16.11676753
579.1,ab3dmot,1,0,0,0.4,3.32195683,3.541909488,4.734670651,0,2268,3780,5,2,2,1,1,0.08,world,2.555558805,11.41569082,16.11243273
579.1,sort,0.5966754156,41,14,0.2320954907,12.16995669,12.19916166,13.79331516,227,2627,3770,5,1,1,1,1,0.112,world,10.8476625,18.86809708,24.17347916
579.172,ours,1,0,0,0.4,3.320085949,3.542555101,4.736764963,0,2268,3780,5,2,2,1,1,0.024,world,2.552963501,11.41378789,16.11491069
579.172,ab3dmot,1,0,0,0.4,3.32195683,3.542225908,4.734621965,0,2271,3785,5,2,2,1,1,0.084,world,2.545347197,11.41360057,16.10791146
579.172,sort,0.597027972,41,14,0.2320529801,12.1672734,12.19804903,13.79330492,227,2631,3775,5,1,1,1,1,0.084,world,10.85199302,18.86204975,24.16075921
579.252,ours,1,0,0,0.4,3.320085949,3.542863008,4.736711618,0,2271,3785,5,2,2,1,1,0.036,world,2.541545052,11.41165873,16.11039025
579.252,ab3dmot,1,0,0,0.4,3.32195683,3.542534942,4.73457328,0,2274,3790,5,2,2,1,1,0.068,world,2.532764107,11.41152362,16.10203524
579.252,sort,0.5973799127,41,14,0.232010582,12.16459011,12.19694418,13.79329468,227,2635,3780,5,1,1,1,1,0.1,world,10.85962174,18.85493031,24.14387307
579.316,ours,1,0,0,0.4,3.320085949,3.543162947,4.736658273,0,2274,3790,5,2,2,1,1,0.016,world,2.533181991,11.40933407,16.10913002
579.316,ab3dmot,1,0,0,0.4,3.32195683,3.54283671,4.734524595,0,2277,3795,5,2,2,1,1,0.132,world,2.526345512,11.40896447,16.10150767
579.316,sort,0.5977312391,41,14,0.2319682959,12.16458801,12.1958447,13.79328444,227,2639,3785,5,1,1,1,1,0.1,world,10.86418451,18.84809085,24.13158079
579.4,ours,1,0,0,0.4,3.320085949,3.543455153,4.736604928,0,2277,3795,5,2,2,1,1,0.016,world,2.526225093,11.40636679,16.10747698
579.4,ab3dmot,1,0,0,0.4,3.32195683,3.543130751,4.734475909,0,2280,3800,5,2,2,1,1,0.216,world,2.519375481,11.40599516,16.09985348
579.4,sort,0.5980819529,41,14,0.2319261214,12.16458591,12.19474874,13.7932742,227,2643,3790,5,1,1,1,1,0.116,world,10.86636173,18.83995497,24.11476463
579.492,ours,1,0,0,0.4,3.320085949,3.543737165,4.736551582,0,2280,3800,5,2,2,1,1,0.028,world,2.518733731,11.40276002,16.10632058
579.492,ab3dmot,1,0,0,0.4,3.32195683,3.543410007,4.734365663,0,2283,3805,5,2,2,1,1,0.076,world,2.506491668,11.40401752,16.09792771
579.492,sort,0.5984320557,41,14,0.231884058,12.1593585,12.19363778,13.79326396,227,2647,3795,5,1,1,1,1,0.108,world,10.84470285,18.83294171,24.11788914
579.58,ours,1,0,0,0.4,3.320085949,3.544003236,4.736522132,0,2283,3805,5,2,2,1,1,0.028,world,2.50010215,11.40012376,16.10433398
579.58,ab3dmot,1,0,0,0.4,3.32195683,3.543676439,4.734193855,0,2286,3810,5,2,2,1,1,0.096,world,2.493405073,11.40027069,16.09764062
579.58,sort,0.5987815492,41,14,0.2318421053,12.15413109,12.19251711,13.79325373,227,2651,3800,5,1,1,1,1,0.132,world,10.8297709,18.8245405,24.1145853
579.66,ours,1,0,0,0.4,3.320085949,3.544258179,4.736516577,0,2286,3810,5,2,2,1,1,0.048,world,2.488085194,11.39697831,16.10228991
579.66,ab3dmot,1,0,0,0.4,3.32195683,3.543933807,4.734022047,0,2289,3815,5,2,2,1,1,0.08,world,2.482972768,11.39633981,16.09371584
579.66,sort,0.5986099044,41,15,0.2320630749,12.15413109,12.19271322,13.79323325,227,2654,3805,5,2,2,1,1,0.112,world,10.83839365,18.40731872,23.36752016
579.748,ours,1,0,0,0.4,3.320085949,3.544500729,4.736511021,0,2289,3815,5,2,2,1,1,0.044,world,2.472645209,11.39069127,16.09541777
579.748,ab3dmot,1,0,0,0.4,3.32195683,3.544179523,4.733850239,0,2292,3820,5,2,2,1,1,0.1,world,2.469298936,11.38983894,16.08750831
579.748,sort,0.5984388552,41,15,0.2322834646,12.15413109,12.19287826,13.79321277,227,2657,3810,5,2,2,1,1,0.1,world,10.81708509,18.39181201,23.3559698
579.82,ours,1,0,0,0.4,3.320085949,3.544738177,4.736505466,0,2292,3820,5,2,2,1,1,0.02,world,2.464246841,11.38508825,16.08692875
579.82,ab3dmot,1,0,0,0.4,3.32195683,3.544422315,4.733678431,0,2295,3825,5,2,2,1,1,0.072,world,2.463159743,11.38348994,16.07759494
579.82,sort,0.5982683983,41,15,0.2325032765,12.15413109,12.19324543,13.79319229,227,2660,3815,5,2,2,1,1,0.108,world,11.09046581,18.49991018,23.34818464
579.9,ours,1,0,0,0.4,3.320085949,3.54497186,4.736499911,0,2295,3825,5,2,2,1,1,0.004,world,2.457288414,11.3790378,16.07845492
579.9,ab3dmot,1,0,0,0.4,3.32195683,3.544663688,4.733506623,0,2298,3830,5,2,2,1,1,0.088,world,2.458287383,11.37672355,16.06757298
579.9,sort,0.5980985307,41,15,0.2327225131,12.15413109,12.193616,13.79317181,227,2663,3820,5,2,2,1,1,0.088,world,11.1095629,18.50320529,23.34035169
580,ours,1,0,0,0.4,3.320085949,3.545189818,4.736494355,0,2298,3830,5,2,2,1,1,0.032,world,2.44106396,11.3728214,16.07643388
580,ab3dmot,1,0,0,0.4,3.32195683,3.544889332,4.733334815,0,2301,3835,5,2,2,1,1,0.188,world,2.442068084,11.37051026,16.06555023
580,sort,0.5979292494,41,15,0.2329411765,12.15413109,12.19397137,13.79315133,227,2666,3825,5,2,2,1,1,0.12,world,11.11263326,18.49766301,23.32855049
580.076,ours,1,0,0,0.4,3.320085949,3.545396799,4.7364888,0,2301,3835,5,2,2,1,1,0.02,world,2.429795862,11.36853793,16.07507415
580.076,ab3dmot,1,0,0,0.4,3.32195683,3.545124807,4.733163007,0,2304,3840,5,2,2,1,1,0.068,world,2.443473612,11.35923081,16.0424023
580.076,sort,0.5977605512,41,15,0.2331592689,12.15413109,12.19431989,13.79313086,227,2669,3830,5,2,2,1,1,0.132,world,11.11994968,18.49614692,23.32067376
580.164,ours,1,0,0,0.4,3.320085949,3.545613644,4.736483245,0,2304,3840,5,2,2,1,1,0.044,world,2.429066409,11.35704344,16.04949428
580.164,ab3dmot,1,0,0,0.4,3.32195683,3.545353473,4.732991199,0,2307,3845,5,2,2,1,1,0.088,world,2.434131148,11.35326471,16.03523131
580.164,sort,0.5975924334,41,15,0.2333767927,12.15413109,12.19510044,13.79281055,227,2672,3835,5,2,2,1,1,0.12,world,11.67366301,18.70795386,23.31280977
580.2,ours,1,0,0,0.4,3.320085949,3.545827502,4.73647769,0,2307,3845,5,2,2,1,1,0,world,2.423772672,11.35369596,16.04397142
580.2,ab3dmot,1,0,0,0.4,3.32195683,3.545578197,4.732819391,0,2310,3850,5,2,2,1,1,0.056,world,2.42858628,11.35013835,16.03062625
580.2,sort,0.5974248927,41,15,0.23359375,12.15413109,12.19609373,13.79249024,227,2675,3840,5,2,2,1,1,0.092,world,11.94015917,18.80982299,23.30888792
580.26,ours,1,0,0,0.4,3.320085949,3.546031478,4.736472134,0,2310,3850,5,2,2,1,1,0.008,world,2.412218247,11.34859861,16.04005031
580.26,ab3dmot,1,0,0,0.4,3.32195683,3.545792567,4.732732396,0,2313,3855,5,2,2,1,1,0.084,world,2.416223889,11.34516801,16.0268365
580.26,sort,0.5972579263,41,15,0.233810143,12.15413109,12.19712842,13.79216993,227,2678,3845,5,2,2,1,1,0.084,world,12.00799665,18.83197177,23.30107517
580.308,ours,1,0,0,0.4,3.320085949,3.546232358,4.736400461,0,2313,3855,5,2,2,1,1,0.02,world,2.405287585,11.34521279,16.03366542
580.308,ab3dmot,1,0,0,0.4,3.32195683,3.54600351,4.732730215,0,2316,3860,5,2,2,1,1,0.068,world,2.408328789,11.34193375,16.02039673
580.308,sort,0.5970915312,41,15,0.234025974,12.15413109,12.19817992,13.79184962,227,2681,3850,5,2,2,1,1,0.1,world,12.03959079,18.83594983,23.28888924
580.368,ours,1,0,0,0.4,3.320085949,3.546425566,4.736262671,0,2316,3860,5,2,2,1,1,0.008,world,2.392872535,11.33924659,16.02587719
580.368,ab3dmot,1,0,0,0.4,3.32195683,3.546204796,4.732728035,0,2319,3865,5,2,2,1,1,0.092,world,2.395646341,11.33662001,16.01564784
580.368,sort,0.5969257045,41,15,0.2342412451,12.15413109,12.1992728,13.79152932,227,2684,3855,5,2,2,1,1,0.092,world,12.10778305,18.83978513,23.24781574
580.404,ours,1,0,0,0.4,3.320085949,3.546617841,4.736124881,0,2319,3865,5,2,2,1,1,0.004,world,2.386913353,11.33524619,16.01772787
580.404,ab3dmot,1,0,0,0.4,3.32195683,3.546405278,4.732725854,0,2322,3870,5,2,2,1,1,0.064,world,2.389332906,11.33260628,16.00731278
580.404,sort,0.5967604433,41,15,0.2344559585,12.16458591,12.20041562,13.79120901,227,2687,3860,5,2,2,1,1,0.064,world,12.17867332,18.84830942,23.21297111
580.46,ours,1,0,0,0.4,3.320085949,3.546798321,4.73598709,0,2322,3870,5,2,2,1,1,0,world,2.374211076,11.33056407,16.0163726
580.46,ab3dmot,1,0,0,0.4,3.32195683,3.546597553,4.732723673,0,2325,3875,5,2,2,1,1,0.088,world,2.376816687,11.32683777,16.00119296
580.46,sort,0.5965957447,41,15,0.2346701164,12.16459011,12.20156238,13.7908887,227,2690,3865,5,2,2,1,1,0.088,world,12.20321255,18.84504337,23.19005522
580.5,ours,1,0,0,0.4,3.320085949,3.546979473,4.7358493,0,2325,3875,5,2,2,1,1,0,world,2.3680532,11.32612702,16.00641685
580.5,ab3dmot,1,0,0,0.4,3.32195683,3.546790906,4.732721492,0,2328,3880,5,2,2,1,1,0.06,world,2.369392429,11.3223234,15.99044629
580.5,sort,0.5964316058,41,15,0.2348837209,12.16995669,12.20272577,13.79056839,227,2693,3870,5,2,2,1,1,0.096,world,12.2351368,18.84699653,23.17104492
580.572,ours,1,0,0,0.4,3.320085949,3.547157681,4.735711509,0,2328,3880,5,2,2,1,1,0.032,world,2.36125141,11.32275394,16.00113617
580.572,ab3dmot,1,0,0,0.4,3.32195683,3.546981616,4.732719311,0,2331,3885,5,2,2,1,1,0.1,world,2.362107438,11.31887931,15.98483811
580.572,sort,0.5962680237,41,15,0.2350967742,12.17591707,12.20394388,13.79024809,227,2696,3875,5,2,2,1,1,0.1,world,12.26936111,18.83764694,23.13526975
580.6,ours,1,0,0,0.4,3.320085949,3.547333097,4.735573719,0,2331,3885,5,2,2,1,1,0.012,world,2.354327248,11.31933463,15.99575901
580.6,ab3dmot,1,0,0,0.4,3.32195683,3.54716614,4.73271713,0,2334,3890,5,2,2,1,1,0.128,world,2.355612101,11.31650906,15.98417025
580.6,sort,0.5961049958,41,15,0.2353092784,12.17848201,12.20517867,13.78992778,227,2699,3880,5,2,2,1,1,0.096,world,12.26174588,18.82423729,23.11664181
580.64,ours,1,0,0,0.4,3.320085949,3.547502357,4.735435928,0,2334,3890,5,2,2,1,1,0.004,world,2.347795703,11.31695649,15.99509571
580.64,ab3dmot,1,0,0,0.4,3.32195683,3.547344491,4.73271495,0,2337,3895,5,2,2,1,1,0.172,world,2.349083568,11.31413264,15.9835064
580.64,sort,0.595942519,41,15,0.2355212355,12.17867332,12.20639596,13.78962907,227,2702,3885,5,2,2,1,1,0.14,world,12.25406839,18.81903823,23.1129244
580.7,ours,1,0,0,0.4,3.320085949,3.547659777,4.735298138,0,2337,3895,5,2,2,1,1,0.028,world,2.334647602,11.31218688,15.9937824
580.7,ab3dmot,1,0,0,0.4,3.32195683,3.54752213,4.732712769,0,2340,3900,5,2,2,1,1,0.064,world,2.329064088,11.30618682,15.96354353
580.7,sort,0.5957805907,41,15,0.2357326478,12.17981196,12.20762016,13.78933036,227,2705,3890,5,2,2,1,1,0.096,world,12.23854274,18.83815122,23.15655267
580.752,ours,1,0,0,0.4,3.320085949,3.547823977,4.735160348,0,2340,3900,5,2,2,1,1,0.024,world,2.323687192,11.30595474,15.97313496
580.752,ab3dmot,1,0,0,0.4,3.32195683,3.547693615,4.732704743,0,2343,3905,5,2,2,1,1,0.116,world,2.322439942,11.30379814,15.96289281
580.752,sort,0.5956192081,41,15,0.2359435173,12.18132239,12.20889452,13.78903165,227,2708,3895,5,2,2,1,1,0.084,world,12.2307027,18.81947453,23.12829675
580.8,ours,1,0,0,0.4,3.320085949,3.547984901,4.734946059,0,2343,3905,5,2,2,1,1,0.032,world,2.313532645,11.30278849,15.966134
580.8,ab3dmot,1,0,0,0.4,3.32195683,3.547860137,4.732690872,0,2346,3910,5,2,2,1,1,0.096,world,2.310879178,11.30120286,15.95736883
580.8,sort,0.5954583684,41,15,0.2361538462,12.18156115,12.21018307,13.78873294,227,2711,3900,5,2,2,1,1,0.096,world,12.22281667,18.80802813,23.11325508
580.836,ours,1,0,0,0.4,3.320085949,3.548135417,4.734655273,0,2346,3910,5,2,2,1,1,0,world,2.299106179,11.29765031,15.96221108
580.836,ab3dmot,1,0,0,0.4,3.32195683,3.548015498,4.732677,0,2349,3915,5,2,2,1,1,0.1,world,2.296158266,11.29631998,15.95432019
580.836,sort,0.5944584383,43,15,0.2358514725,12.18157087,12.21149439,13.78843423,227,2714,3905,5,2,2,1,1,0.1,world,12.20692318,18.79146648,23.09480156
580.876,ours,1,0,0,0.4,3.320085949,3.548281591,4.734364487,0,2349,3915,5,2,2,1,1,0.008,world,2.291693525,11.29480243,15.95870564
580.876,ab3dmot,1,0,0,0.4,3.32195683,3.548168218,4.732663129,0,2352,3920,5,2,2,1,1,0.076,world,2.288309491,11.29311339,15.94819376
580.876,sort,0.5947986577,44,15,0.2355498721,12.18251631,12.21178667,13.78828488,227,2718,3910,5,1,1,1,1,0.076,world,12.55506118,18.91583964,23.06889108
580.936,ours,1,0,0,0.4,3.320085949,3.548420902,4.734073701,0,2352,3920,5,2,2,1,1,0.016,world,2.277708578,11.28880494,15.95032943
580.936,ab3dmot,1,0,0,0.4,3.32195683,3.54831143,4.732649258,0,2355,3925,5,2,2,1,1,0.1,world,2.274938933,11.28786995,15.94389298
580.936,sort,0.5951383068,44,15,0.23550447,12.18346174,12.21210131,13.78813552,227,2722,3915,5,1,1,1,1,0.1,world,12.58155476,18.915527,23.04956309
580.968,ours,1,0,0,0.4,3.320085949,3.548555809,4.733782915,0,2355,3925,5,2,2,1,1,0.004,world,2.270519232,11.28605754,15.94708663
580.968,ab3dmot,1,0,0,0.4,3.32195683,3.548451036,4.732635387,0,2358,3930,5,2,2,1,1,0.068,world,2.267272051,11.28500593,15.93899132
580.968,sort,0.5954773869,44,15,0.2354591837,12.18349979,12.21247416,13.78798617,227,2726,3920,5,1,1,1,1,0.068,world,12.6494683,18.92846146,23.02437214
581.032,ours,1,0,0,0.4,3.320085949,3.548690048,4.733492129,0,2358,3930,5,2,2,1,1,0.032,world,2.262694756,11.28234898,15.93842775
581.032,ab3dmot,1,0,0,0.4,3.32195683,3.548588566,4.732621516,0,2361,3935,5,2,2,1,1,0.096,world,2.260057853,11.2817012,15.93289563
581.032,sort,0.5958158996,44,15,0.2354140127,12.18353783,12.2128766,13.78783681,227,2730,3925,5,1,1,1,1,0.096,world,12.68428305,18.93368905,23.00893569
581.068,ours,1,0,0,0.4,3.320085949,3.548820012,4.733201343,0,2361,3935,5,2,2,1,1,0.008,world,2.25546367,11.27958462,15.93529237
581.068,ab3dmot,1,0,0,0.4,3.32195683,3.548721335,4.732607645,0,2364,3940,5,2,2,1,1,0.1,world,2.252887187,11.27908814,15.93049692
581.068,sort,0.5961538462,44,15,0.2353689567,12.18417142,12.21304695,13.78768746,227,2734,3930,5,1,1,1,1,0.1,world,12.41494394,18.87516785,23.09803786
581.12,ours,1,0,0,0.4,3.320085949,3.548941515,4.732910557,0,2364,3940,5,2,2,1,1,0.02,world,2.241429757,11.27411477,15.92964761
581.12,ab3dmot,1,0,0,0.4,3.32195683,3.548844643,4.732593774,0,2367,3945,5,2,2,1,1,0.088,world,2.239154147,11.27388798,15.92640467
581.12,sort,0.5964912281,44,15,0.2353240152,12.184805,12.21314082,13.7875381,227,2738,3935,5,1,1,1,1,0.12,world,12.32489596,18.85074201,23.11917334
581.164,ours,1,0,0,0.4,3.320085949,3.549059425,4.732619771,0,2367,3945,5,2,2,1,1,0.008,world,2.234668555,11.27120531,15.92600769
581.164,ab3dmot,1,0,0,0.4,3.32195683,3.548964134,4.732579903,0,2370,3950,5,2,2,1,1,0.096,world,2.232653329,11.27104154,15.92324812
581.164,sort,0.5968280467,44,15,0.2352791878,12.18497433,12.21321607,13.78738875,227,2742,3940,5,1,1,1,1,0.096,world,12.30295776,18.84981059,23.13365556
581.22,ours,1,0,0,0.4,3.320085949,3.549170287,4.732328985,0,2370,3950,5,2,2,1,1,0.02,world,2.220987062,11.26576575,15.91965454
581.22,ab3dmot,1,0,0,0.4,3.32195683,3.549076279,4.732522175,0,2373,3955,5,2,2,1,1,0.088,world,2.219335514,11.2656459,15.91755467
581.22,sort,0.5971643036,44,15,0.235234474,12.18514365,12.21327189,13.7872394,227,2746,3945,5,1,1,1,1,0.088,world,12.2799641,18.84492083,23.14129875
581.264,ours,1,0,0,0.4,3.320085949,3.549275587,4.732019251,0,2373,3955,5,2,2,1,1,0.008,world,2.214444016,11.26317907,15.9185582
581.264,ab3dmot,1,0,0,0.4,3.32195683,3.549185128,4.732420592,0,2376,3960,5,2,2,1,1,0.1,world,2.212569199,11.26236349,15.91336569
581.264,sort,0.5975,44,15,0.2351898734,12.18595245,12.2133069,13.78709004,227,2750,3950,5,1,1,1,1,0.1,world,12.25521108,18.83655172,23.14407109
581.3,ours,1,0,0,0.4,3.320085949,3.549380096,4.73169057,0,2376,3960,5,2,2,1,1,0.004,world,2.207433448,11.25953476,15.91132874
581.3,ab3dmot,1,0,0,0.4,3.32195683,3.549293364,4.732319008,0,2379,3965,5,2,2,1,1,0.068,world,2.206778053,11.25865457,15.90659341
581.3,sort,0.5978351374,44,15,0.2351453856,12.18676124,12.2133284,13.78694069,227,2754,3955,5,1,1,1,1,0.1,world,12.23910379,18.83213804,23.1474924
581.364,ours,1,0,0,0.4,3.320085949,3.549478822,4.731361889,0,2379,3965,5,2,2,1,1,0.004,world,2.195262275,11.253948,15.90471485
581.364,ab3dmot,1,0,0,0.4,3.32195683,3.54939344,4.732217425,0,2382,3970,5,2,2,1,1,0.1,world,2.194789705,11.25375397,15.90332892
581.364,sort,0.5981697171,44,15,0.2351010101,12.18757328,12.21336709,13.78676345,227,2758,3960,5,1,1,1,1,0.1,world,12.2597416,18.83338045,23.13584078
581.4,ours,1,0,0,0.4,3.320085949,3.54958003,4.731033208,0,2382,3970,5,2,2,1,1,0.004,world,2.195880524,11.25135116,15.89689426
581.4,ab3dmot,1,0,0,0.4,3.32195683,3.549496302,4.732115841,0,2385,3975,5,2,2,1,1,0.072,world,2.196036214,11.25106674,15.89550177
581.4,sort,0.5985037406,44,15,0.2350567465,12.18838533,12.21341439,13.78658621,227,2762,3965,5,1,1,1,1,0.104,world,12.27013439,18.83398422,23.12621719
581.464,ours,1,0,0,0.4,3.320085949,3.549673496,4.730704527,0,2385,3975,5,2,2,1,1,0.02,world,2.18317194,11.24790519,15.89639836
581.464,ab3dmot,1,0,0,0.4,3.32195683,3.549594098,4.732014258,0,2388,3980,5,2,2,1,1,0.1,world,2.183060031,11.24667371,15.89142446
581.464,sort,0.5988372093,44,15,0.2350125945,12.18947331,12.21348765,13.78640898,227,2766,3970,5,1,1,1,1,0.1,world,12.30131175,18.83820066,23.11433648
581.5,ours,1,0,0,0.4,3.320085949,3.549767612,4.730375846,0,2388,3980,5,2,2,1,1,0.004,world,2.176380968,11.24410684,15.88801628
581.5,ab3dmot,1,0,0,0.4,3.32195683,3.549694264,4.731912675,0,2391,3985,5,2,2,1,1,0.072,world,2.176574167,11.24105274,15.88098607
581.5,sort,0.5991701245,44,15,0.2349685535,12.19056129,12.2135696,13.78623174,227,2770,3975,5,1,1,1,1,0.104,world,12.31184101,18.83858685,23.10753267
581.56,ours,1,0,0,0.4,3.320085949,3.549855323,4.730047165,0,2391,3985,5,2,2,1,1,0.02,world,2.16388511,11.23829823,15.88233885
581.56,ab3dmot,1,0,0,0.4,3.32195683,3.549788444,4.731811091,0,2394,3990,5,2,2,1,1,0.096,world,2.163712428,11.23496076,15.87450156
581.56,sort,0.5995024876,44,15,0.2349246231,12.19141031,12.21367113,13.7860545,227,2774,3980,5,1,1,1,1,0.096,world,12.33540545,18.84021996,23.09366115
581.6,ours,1,0,0,0.4,3.320085949,3.549944801,4.729718484,0,2394,3990,5,2,2,1,1,0.008,world,2.157314148,11.23314568,15.87264564
581.6,ab3dmot,1,0,0,0.4,3.32195683,3.549884569,4.731709508,0,2397,3995,5,2,2,1,1,0.072,world,2.157613372,11.22984186,15.8649212
581.6,sort,0.5998342999,44,15,0.234880803,12.19225933,12.21370407,13.78587727,227,2778,3985,5,1,1,1,1,0.072,world,12.25336456,18.80944575,23.0956555
581.66,ours,1,0,0,0.4,3.320085949,3.550028069,4.729389803,0,2397,3995,5,2,2,1,1,0.028,world,2.145192672,11.22758785,15.86734757
581.66,ab3dmot,1,0,0,0.4,3.32195683,3.549974185,4.731607924,0,2400,4000,5,2,2,1,1,0.1,world,2.14595256,11.2245584,15.86028827
581.66,sort,0.5988420182,45,16,0.2348370927,12.19225933,12.21345493,13.7855228,227,2781,3990,5,2,2,1,1,0.1,world,10.55514912,18.13993087,23.09569609
581.692,ours,1,0,0,0.4,3.320085949,3.550113528,4.729061122,0,2400,4000,5,2,2,1,1,0.004,world,2.139633652,11.22224483,15.85877036
581.692,ab3dmot,1,0,0,0.4,3.32195683,3.55006342,4.731337105,0,2403,4005,5,2,2,1,1,0.096,world,2.140399155,11.2201605,15.85545373
581.692,sort,0.597853014,45,16,0.2350438048,12.19225933,12.2131738,13.78516832,227,2784,3995,5,2,2,1,1,0.068,world,10.54763997,18.13551811,23.09309797
581.744,ours,1,0,0,0.4,3.320085949,3.550197711,4.728701903,0,2403,4005,5,2,2,1,1,0.032,world,2.133817378,11.21840612,15.8546306
581.744,ab3dmot,1,0,0,0.4,3.32195683,3.550151573,4.730897049,0,2406,4010,5,2,2,1,1,0.116,world,2.134649802,11.2161044,15.85139759
581.744,sort,0.5968672712,45,16,0.23525,12.19225933,12.21288216,13.78481385,227,2787,4000,5,2,2,1,1,0.12,world,10.54019696,18.13165954,23.09124817
581.792,ours,1,0,0,0.4,3.320085949,3.550283079,4.728312145,0,2406,4010,5,2,2,1,1,0.016,world,2.127662416,11.21383211,15.84633392
581.792,ab3dmot,1,0,0,0.4,3.32195683,3.550240753,4.730456993,0,2409,4015,5,2,2,1,1,0.1,world,2.128404673,11.21165248,15.84307886
581.792,sort,0.5958847737,45,16,0.2354556804,12.19225933,12.21254307,13.78445938,227,2790,4005,5,2,2,1,1,0.1,world,10.52991408,18.12735913,23.09100575
581.816,ours,1,0,0,0.4,3.320085949,3.55036748,4.727922387,0,2409,4015,5,2,2,1,1,0.016,world,2.121981973,11.21000751,15.84196765
581.816,ab3dmot,1,0,0,0.4,3.32195683,3.550329173,4.730016937,0,2412,4020,5,2,2,1,1,0.092,world,2.122770329,11.20762482,15.83871203
581.816,sort,0.5949055053,45,16,0.2356608479,12.19225933,12.21218257,13.78410491,227,2793,4010,5,2,2,1,1,0.092,world,10.52185926,18.12662932,23.09485312
581.896,ours,1,0,0,0.4,3.320085949,3.550459594,4.727532629,0,2412,4020,5,2,2,1,1,0.004,world,2.111650462,11.19848927,15.82202625
581.896,ab3dmot,1,0,0,0.4,3.32195683,3.550438793,4.729576881,0,2415,4025,5,2,2,1,1,0.072,world,2.113813799,11.18984937,15.80352257
581.896,sort,0.5939294504,45,16,0.2358655044,12.19225933,12.21179518,13.78375043,227,2796,4015,5,2,2,1,1,0.108,world,10.50679819,18.11630073,23.08629335
581.964,ours,1,0,0,0.4,3.320085949,3.550551079,4.72714287,0,2415,4025,5,2,2,1,1,0.008,world,2.101561912,11.19138473,15.81246842
581.964,ab3dmot,1,0,0,0.4,3.32195683,3.550559011,4.729136825,0,2418,4030,5,2,2,1,1,0.072,world,2.104755222,11.17778544,15.78074139
581.964,sort,0.592956593,45,16,0.2360696517,12.19225933,12.2111358,13.78339596,227,2799,4020,5,2,2,1,1,0.104,world,10.49261485,18.16547958,23.18604624
582.056,ours,1,0,0,0.4,3.320085949,3.550653938,4.726753112,0,2418,4030,5,2,2,1,1,0.052,world,2.086853311,11.17540201,15.7839486
582.056,ab3dmot,1,0,0,0.4,3.32195683,3.550675307,4.72869677,0,2421,4035,5,2,2,1,1,0.132,world,2.088494789,11.16863893,15.77000135
582.056,sort,0.5919869174,45,16,0.2362732919,12.19225933,12.2102296,13.78336521,227,2802,4025,5,2,2,1,1,0.132,world,10.47213855,18.21061602,23.28212323
582.14,ours,1,0,0,0.4,3.320085949,3.550771722,4.726363354,0,2421,4035,5,2,2,1,1,0.04,world,2.078879923,11.16219904,15.75705642
582.14,ab3dmot,1,0,0,0.4,3.32195683,3.550808494,4.731811091,0,2424,4040,5,2,2,1,1,0.116,world,2.081032315,11.15478641,15.74087384
582.14,sort,0.5910204082,45,16,0.2364764268,12.19225933,12.20934691,13.78333446,227,2805,4030,5,2,2,1,1,0.116,world,10.45886099,18.19586585,23.26336748
582.22,ours,1,0,0,0.4,3.320085949,3.55089854,4.729445099,0,2424,4040,5,2,2,1,1,0.02,world,2.070782305,11.1529873,15.73551522
582.22,ab3dmot,1,0,0,0.4,3.32195683,3.550952006,4.732593774,0,2427,4045,5,2,2,1,1,0.132,world,2.073166479,11.14555506,15.71687848
582.22,sort,0.5900570497,45,16,0.2366790582,12.19225933,12.20841088,13.78330371,227,2808,4035,5,2,2,1,1,0.1,world,10.4460359,18.1992469,23.27798038
582.292,ours,1,0,0,0.4,3.320085949,3.551053543,4.731254081,0,2427,4045,5,2,2,1,1,0.02,world,2.063527256,11.1357123,15.69089977
582.292,ab3dmot,1,0,0,0.4,3.32195683,3.551125937,4.732712769,0,2430,4050,5,2,2,1,1,0.072,world,2.065827992,11.12781458,15.66854202
582.292,sort,0.5890968267,45,16,0.2368811881,12.19225933,12.20743375,13.78327296,227,2811,4040,5,2,2,1,1,0.108,world,10.43374848,18.20051744,23.28836447
582.376,ours,1,0,0,0.4,3.320085949,3.551209345,4.732328985,0,2430,4050,5,2,2,1,1,0.016,world,2.051201404,11.12762338,15.67702708
582.376,ab3dmot,1,0,0,0.4,3.32195683,3.551307648,4.732732396,0,2433,4055,5,2,2,1,1,0.088,world,2.052887454,11.1173997,15.64392875
582.376,sort,0.5881397238,45,16,0.2370828183,12.19225933,12.20640861,13.78324221,227,2814,4045,5,2,2,1,1,0.12,world,10.4163366,18.20008371,23.29894014
582.456,ours,1,0,0,0.4,3.320085949,3.551380617,4.734946059,0,2433,4055,5,2,2,1,1,0.036,world,2.043219575,11.11727573,15.64700296
582.456,ab3dmot,1,0,0,0.4,3.32195683,3.551502784,4.733953504,0,2436,4060,5,2,2,1,1,0.068,world,2.044805253,11.1086421,15.61524571
582.456,sort,0.5871857259,45,16,0.2372839506,12.19225933,12.20506528,13.78321146,227,2817,4050,5,2,2,1,1,0.104,world,10.40526533,18.28769433,23.46394584
582.528,ours,1,0,0,0.4,3.320085949,3.551566375,4.736262671,0,2436,4060,5,2,2,1,1,0.028,world,2.037461141,11.10833187,15.61971543
582.528,ab3dmot,1,0,0,0.4,3.32195683,3.551702956,4.734380875,0,2439,4065,5,2,2,1,1,0.08,world,2.039038698,11.1035803,15.60013682
582.528,sort,0.5862348178,45,16,0.2374845869,12.19056129,12.20366561,13.78318071,227,2820,4055,5,2,2,1,1,0.112,world,10.39481727,18.29848301,23.4899042
582.612,ours,1,0,0,0.4,3.320085949,3.551752655,4.736511021,0,2439,4065,5,2,2,1,1,0.012,world,2.032393247,11.10589765,15.6103736
582.612,ab3dmot,1,0,0,0.4,3.32195683,3.551900197,4.734768021,0,2442,4070,5,2,2,1,1,0.06,world,2.03535686,11.10455232,15.59325469
582.612,sort,0.5852869846,45,16,0.2376847291,12.19056129,12.20248802,13.78314996,227,2823,4060,5,2,2,1,1,0.128,world,10.38495587,18.22532165,23.36312756
582.7,ours,1,0,0,0.4,3.320085949,3.551941435,4.736871654,0,2442,4070,5,2,2,1,1,0.016,world,2.025547967,11.10205664,15.59584278
582.7,ab3dmot,1,0,0,0.4,3.32195683,3.552093685,4.735146462,0,2445,4075,5,2,2,1,1,0.048,world,2.028708349,11.10369219,15.5863375
582.7,sort,0.5843422115,45,16,0.2378843788,12.19056129,12.20125861,13.78311921,227,2826,4065,5,2,2,1,1,0.116,world,10.37128058,18.23166337,23.38285764
582.796,ours,1,0,0,0.4,3.320085949,3.552134377,4.737528559,0,2445,4075,5,2,2,1,1,0.024,world,2.021798884,11.09833274,15.58458616
582.796,ab3dmot,1,0,0,0.4,3.32195683,3.552291948,4.735830433,0,2448,4080,5,2,2,1,1,0.08,world,2.025026024,11.09897564,15.57561434
582.796,sort,0.5834004835,45,16,0.2380835381,12.19056129,12.19998536,13.78308846,227,2829,4070,5,2,2,1,1,0.112,world,10.36286136,18.23996923,23.40273912
582.88,ours,1,0,0,0.4,3.320085949,3.552330993,4.73826918,0,2448,4080,5,2,2,1,1,0.028,world,2.016258989,11.09335827,15.57342982
582.88,ab3dmot,1,0,0,0.4,3.32195683,3.552491235,4.736749863,0,2451,4085,5,2,2,1,1,0.096,world,2.018894428,11.09464565,15.56793804
582.88,sort,0.5832662912,47,16,0.237791411,12.18838533,12.19861681,13.78270888,227,2832,4075,5,2,2,1,1,0.132,world,10.35165356,18.13820231,23.23560235
582.956,ours,1,0,0,0.4,3.320085949,3.552528485,4.738936684,0,2451,4085,5,2,2,1,1,0.044,world,2.012368888,11.09077996,15.56808205
582.956,ab3dmot,1,0,0,0.4,3.32195683,3.552687046,4.73738016,0,2454,4090,5,2,2,1,1,0.172,world,2.014636388,11.0935903,15.5681561
582.956,sort,0.5831325301,47,16,0.2379901961,12.18676124,12.19721518,13.7823293,227,2835,4080,5,2,2,1,1,0.108,world,10.34487269,18.08292739,23.1453246
583.044,ours,1,0,0,0.4,3.320085949,3.552722885,4.73948597,0,2454,4090,5,2,2,1,1,0.036,world,2.008633217,11.08992186,15.56837706
583.044,ab3dmot,1,0,0,0.4,3.32195683,3.552879773,4.737680625,0,2457,4095,5,2,2,1,1,0.264,world,2.010905322,11.09273279,15.568451
583.044,sort,0.5829991981,47,16,0.2381884945,12.18514365,12.19578794,13.78194972,227,2838,4085,5,2,2,1,1,0.136,world,10.33886035,18.07776602,23.14029724
583.104,ours,1,0,0,0.4,3.320085949,3.552914582,4.739971904,0,2457,4095,5,2,2,1,1,0.004,world,2.005429105,11.0892634,15.56875035
583.104,ab3dmot,1,0,0,0.4,3.32195683,3.553069804,4.737873898,0,2460,4100,5,2,2,1,1,0.32,world,2.007705256,11.09207481,15.56882418
583.104,sort,0.582866293,47,16,0.2383863081,12.184805,12.19432394,13.78157014,227,2841,4090,5,2,2,1,1,0.092,world,10.33345366,18.07046028,23.13143672
583.2,ours,1,0,0,0.4,3.320085949,3.553134569,4.740745485,0,2460,4100,5,2,2,1,1,0.02,world,2.011770877,11.08040099,15.53236542
583.2,ab3dmot,1,0,0,0.4,3.32195683,3.553280013,4.7379173,0,2463,4105,5,2,2,1,1,0.056,world,2.016485652,11.08553232,15.54662883
583.2,sort,0.5827338129,47,16,0.2385836386,12.18353783,12.19283287,13.78119057,227,2844,4095,5,2,2,1,1,0.12,world,10.3268668,18.06636917,23.12834492
583.276,ours,1,0,0,0.4,3.320085949,3.553360826,4.741061195,0,2463,4105,5,2,2,1,1,0.016,world,2.011886576,11.07697594,15.52465494
583.276,ab3dmot,1,0,0,0.4,3.32195683,3.553498155,4.73828061,0,2466,4110,5,2,2,1,1,0.064,world,2.015268799,11.08077761,15.53654626
583.276,sort,0.5826017558,47,16,0.2387804878,12.18346174,12.19130819,13.78081099,227,2847,4100,5,2,2,1,1,0.1,world,10.32323798,18.0602837,23.12039663
583.376,ours,1,0,0,0.4,3.320085949,3.553592678,4.741169928,0,2466,4110,5,2,2,1,1,0.036,world,2.010979539,11.07384847,15.51734604
583.376,ab3dmot,1,0,0,0.4,3.32195683,3.553722759,4.738404343,0,2469,4115,5,2,2,1,1,0.1,world,2.013954492,11.07700854,15.52820766
583.376,sort,0.5824701195,47,16,0.2389768575,12.18157087,12.18976331,13.78043141,227,2850,4105,5,2,2,1,1,0.132,world,10.32042184,18.05727158,23.11693495
583.456,ours,1,0,0,0.4,3.320085949,3.553832938,4.741539888,0,2469,4115,5,2,2,1,1,0.048,world,2.012293794,11.07072626,15.5081143
583.456,ab3dmot,1,0,0,0.4,3.32195683,3.553956596,4.739121061,0,2472,4120,5,2,2,1,1,0.08,world,2.014994413,11.07340415,15.51788193
583.456,sort,0.5823389021,47,16,0.2391727494,12.18156115,12.18818663,13.78005183,227,2853,4110,5,2,2,1,1,0.112,world,10.31755908,18.05334245,23.11188552
583.532,ours,1,0,0,0.4,3.320085949,3.554074258,4.742152375,0,2472,4120,5,2,2,1,1,0.032,world,2.015260723,11.07185008,15.50786929
583.532,ab3dmot,1,0,0,0.4,3.32195683,3.554186143,4.739792304,0,2475,4125,5,2,2,1,1,0.088,world,2.016853631,11.0765269,15.52361561
583.532,sort,0.5822081017,47,16,0.2393681652,12.18132239,12.1865927,13.77967225,227,2856,4115,5,2,2,1,1,0.124,world,10.31657653,18.05148895,23.10920831
583.608,ours,1,0,0,0.4,3.320085949,3.55432072,4.742455652,0,2475,4125,5,2,2,1,1,0.008,world,2.018089599,11.07110958,15.50328011
583.608,ab3dmot,1,0,0,0.4,3.32195683,3.55442443,4.740159746,0,2478,4130,5,2,2,1,1,0.068,world,2.020444617,11.07439212,15.51513539
583.608,sort,0.5825396825,47,16,0.2393203883,12.18056718,12.1854162,13.77948246,227,2860,4120,5,1,1,1,1,0.1,world,10.60114352,18.17155939,23.1027804
583.696,ours,1,0,0,0.4,3.320085949,3.554566446,4.742491949,0,2478,4130,5,2,2,1,1,0.024,world,2.020918868,11.07318684,15.50596036
583.696,ab3dmot,1,0,0,0.4,3.32195683,3.554656819,4.740323974,0,2481,4135,5,2,2,1,1,0.088,world,2.021782134,11.07831605,15.52333781
583.696,sort,0.5828707375,47,16,0.2392727273,12.17981196,12.18421956,13.77929267,227,2864,4125,5,1,1,1,1,0.124,world,10.569368,18.15810279,23.10025353
583.772,ours,1,0,0,0.4,3.320085949,3.554807966,4.7425097,0,2481,4135,5,2,2,1,1,0.032,world,2.02240402,11.07658593,15.51244538
583.772,ab3dmot,1,0,0,0.4,3.32195683,3.554876467,4.740620942,0,2484,4140,5,2,2,1,1,0.1,world,2.022258094,11.08545698,15.53937406
583.772,sort,0.5832012678,47,16,0.2392251816,12.17924264,12.18301519,13.77916142,227,2868,4130,5,1,1,1,1,0.164,world,10.55552029,18.15408749,23.10201539
583.84,ours,1,0,0,0.4,3.320085949,3.555050193,4.742723984,0,2484,4140,5,2,2,1,1,0.036,world,2.023954278,11.07782466,15.51365371
583.84,ab3dmot,1,0,0,0.4,3.32195683,3.555102857,4.741593011,0,2487,4145,5,2,2,1,1,0.1,world,2.022964453,11.08350058,15.5333359
583.84,sort,0.5835312747,47,16,0.2391777509,12.17867332,12.18178273,13.77903017,227,2872,4135,5,1,1,1,1,0.14,world,10.51188565,18.13452213,23.09690728
583.908,ours,1,0,0,0.4,3.320085949,3.555298657,4.743386994,0,2487,4145,5,2,2,1,1,0.016,world,2.024903173,11.07608483,15.50901968
583.908,ab3dmot,1,0,0,0.4,3.32195683,3.555337735,4.742427954,0,2490,4150,5,2,2,1,1,0.068,world,2.022464395,11.08006698,15.52569228
583.908,sort,0.5838607595,47,16,0.2391304348,12.17857766,12.18052158,13.77889892,227,2876,4140,5,1,1,1,1,0.108,world,10.46709913,18.11442057,23.0916477
584,ours,1,0,0,0.4,3.320085949,3.555552387,4.743829096,0,2490,4150,5,2,2,1,1,0.016,world,2.028371229,11.07673448,15.50831121
584,ab3dmot,1,0,0,0.4,3.32195683,3.555580325,4.742798011,0,2493,4155,5,2,2,1,1,0.064,world,2.023647448,11.07839974,15.52182045
584,sort,0.5841897233,47,16,0.2390832328,12.17848201,12.17924418,13.77876767,227,2880,4145,5,1,1,1,1,0.128,world,10.44038895,18.10545044,23.09324307
584.088,ours,1,0,0,0.4,3.320085949,3.555803656,4.743833237,0,2493,4155,5,2,2,1,1,0.02,world,2.030448039,11.07975527,15.51521214
584.088,ab3dmot,1,0,0,0.4,3.32195683,3.555810059,4.743439846,0,2496,4160,5,2,2,1,1,0.084,world,2.025458771,11.08602142,15.541244
584.088,sort,0.5845181675,47,16,0.2390361446,12.17719954,12.17793963,13.77863643,227,2884,4150,5,1,1,1,1,0.116,world,10.39744213,18.08640468,23.08859851
584.164,ours,1,0,0,0.4,3.320085949,3.556047239,4.74447529,0,2496,4160,5,2,2,1,1,0.028,world,2.033131668,11.08548887,15.52901044
584.164,ab3dmot,1,0,0,0.4,3.32195683,3.556028677,4.744805331,0,2499,4165,5,2,2,1,1,0.096,world,2.027228774,11.0929932,15.55905364
584.164,sort,0.5848460931,47,16,0.2389891697,12.17591707,12.17662013,13.77850518,227,2888,4155,5,1,1,1,1,0.128,world,10.37236078,18.07668042,23.08810188
584.236,ours,1,0,0,0.4,3.320085949,3.556277815,4.744816093,0,2499,4165,5,2,2,1,1,0.028,world,2.034035854,11.09278164,15.54954626
584.236,ab3dmot,1,0,0,0.4,3.32195683,3.556237058,4.745797813,0,2502,4170,5,2,2,1,1,0.1,world,2.028432003,11.09935512,15.57631196
584.236,sort,0.5851735016,47,16,0.2389423077,12.17293688,12.17527472,13.77837393,227,2892,4160,5,1,1,1,1,0.1,world,10.33084703,18.05844082,23.08391185
584.332,ours,1,0,0,0.4,3.320085949,3.556503005,4.745728316,0,2502,4170,5,2,2,1,1,0.032,world,2.039235091,11.09983013,15.56473853
584.332,ab3dmot,1,0,0,0.4,3.32195683,3.556436305,4.746150297,0,2505,4175,5,2,2,1,1,0.096,world,2.031352329,11.10650961,15.59677195
584.332,sort,0.585500394,47,16,0.2388955582,12.16995669,12.17391789,13.77824268,227,2896,4165,5,1,1,1,1,0.132,world,10.31079011,18.052983,23.08723962
584.412,ours,1,0,0,0.4,3.320085949,3.556727066,4.746583904,0,2505,4175,5,2,2,1,1,0.028,world,2.042664417,11.10268424,15.57344108
584.412,ab3dmot,1,0,0,0.4,3.32195683,3.556636948,4.746394446,0,2508,4180,5,2,2,1,1,0.116,world,2.035797766,11.10845597,15.60325621
584.412,sort,0.5858267717,47,16,0.2388489209,12.1672734,12.17253654,13.77811143,227,2900,4170,5,1,1,1,1,0.116,world,10.27098066,18.03564428,23.08350639
584.492,ours,1,0,0,0.4,3.320085949,3.556949602,4.747012851,0,2508,4180,5,2,2,1,1,0.028,world,2.048923413,11.10633845,15.58511426
584.492,ab3dmot,1,0,0,0.4,3.32195683,3.556840521,4.747096006,0,2511,4185,5,2,2,1,1,0.092,world,2.045282656,11.11111473,15.61130619
584.492,sort,0.5861526357,47,16,0.2388023952,12.16459011,12.17210424,13.77798019,227,2904,4175,5,1,1,1,1,0.124,world,11.61009714,18.61045547,23.16161106
584.592,ours,1,0,0,0.4,3.320085949,3.557180101,4.747180337,0,2511,4185,5,2,2,1,1,0.036,world,2.060409945,11.11008824,15.58870997
584.592,ab3dmot,1,0,0,0.4,3.32195683,3.557061341,4.748095773,0,2514,4190,5,2,2,1,1,0.128,world,2.057619621,11.1114229,15.60300025
584.592,sort,0.5864779874,47,16,0.2387559809,12.16458801,12.17170173,13.77784894,227,2908,4180,5,1,1,1,1,0.16,world,11.64886744,18.63123288,23.17018125
584.656,ours,1,0,0,0.4,3.320085949,3.557419005,4.747506187,0,2514,4190,5,2,2,1,1,0.048,world,2.069323043,11.11141025,15.58848984
584.656,ab3dmot,1,0,0,0.4,3.32195683,3.557289979,4.748619394,0,2517,4195,5,2,2,1,1,0.092,world,2.068852342,11.11386757,15.60451697
584.656,sort,0.586802828,47,16,0.2387096774,12.16458591,12.17140571,13.77771769,227,2912,4185,5,1,1,1,1,0.124,world,11.7888558,18.71064756,23.21048348
584.72,ours,1,0,0,0.4,3.320085949,3.557659364,4.748414494,0,2517,4195,5,2,2,1,1,0.02,world,2.078801614,11.11626018,15.59725291
584.72,ab3dmot,1,0,0,0.4,3.32195683,3.557521028,4.748697195,0,2520,4200,5,2,2,1,1,0.092,world,2.079245729,11.11867825,15.61249117
584.72,sort,0.5871271586,47,16,0.2386634845,12.1593585,12.17115156,13.77758644,227,2916,4190,5,1,1,1,1,0.096,world,11.84320001,18.73611779,23.21649972
584.796,ours,1,0,0,0.4,3.320085949,3.55790201,4.749552863,0,2520,4200,5,2,2,1,1,0.024,world,2.08859916,11.12095029,15.60546447
584.796,ab3dmot,1,0,0,0.4,3.32195683,3.557755943,4.748801861,0,2523,4205,5,2,2,1,1,0.1,world,2.090485096,11.12333407,15.61916224
584.796,sort,0.5874509804,47,16,0.2386174017,12.15413109,12.17093004,13.77745519,227,2920,4195,5,1,1,1,1,0.1,world,11.88535217,18.75716949,23.22341645
584.844,ours,1,0,0,0.4,3.320085949,3.558144754,4.749573205,0,2523,4205,5,2,2,1,1,0.044,world,2.095038909,11.1238631,15.61199458
584.844,ab3dmot,1,0,0,0.4,3.32195683,3.557992574,4.749547469,0,2526,4210,5,2,2,1,1,0.116,world,2.096513701,11.12578522,15.62276434
584.844,sort,0.5877742947,47,16,0.2385714286,12.15369016,12.1707371,13.77732395,227,2924,4200,5,1,1,1,1,0.084,world,11.92220172,18.77364541,23.22616484
584.896,ours,1,0,0,0.4,3.320085949,3.558388041,4.749940362,0,2526,4210,5,2,2,1,1,0.008,world,2.106726239,11.13054697,15.62298811
584.896,ab3dmot,1,0,0,0.4,3.32195683,3.558229517,4.750297463,0,2529,4215,5,2,2,1,1,0.1,world,2.10931162,11.13320583,15.63416546
584.896,sort,0.5880971026,47,16,0.2385255648,12.15324924,12.17056481,13.7771927,227,2928,4205,5,1,1,1,1,0.1,world,11.94870155,18.788947,23.23412102
584.948,ours,1,0,0,0.4,3.320085949,3.558630652,4.751291247,0,2529,4215,5,2,2,1,1,0.036,world,2.112565003,11.13442856,15.62901206
584.948,ab3dmot,1,0,0,0.4,3.32195683,3.558465384,4.750518447,0,2532,4220,5,2,2,1,1,0.12,world,2.115537823,11.13759665,15.64054971
584.948,sort,0.5884194053,47,16,0.23847981,12.15285144,12.17042005,13.77706145,227,2932,4210,5,1,1,1,1,0.088,world,11.98414009,18.80498062,23.23711344
585,ours,1,0,0,0.4,3.320085949,3.558873718,4.75174089,0,2532,4220,5,2,2,1,1,0.008,world,2.124734536,11.14192692,15.63991863
585,ab3dmot,1,0,0,0.4,3.32195683,3.558699141,4.751333761,0,2535,4225,5,2,2,1,1,0.072,world,2.130345518,11.14770918,15.65499593
585,sort,0.5887412041,47,16,0.2384341637,12.15245364,12.17029793,13.7769302,227,2936,4215,5,1,1,1,1,0.104,world,12.01321435,18.82130932,23.24510766
585.084,ours,1,0,0,0.4,3.320085949,3.559118877,4.751840417,0,2535,4225,5,2,2,1,1,0.024,world,2.137661367,11.14913444,15.6492256
585.084,ab3dmot,1,0,0,0.4,3.32195683,3.558936674,4.752432626,0,2538,4230,5,2,2,1,1,0.092,world,2.144209353,11.15461551,15.66244357
585.084,sort,0.5890625,47,16,0.2383886256,12.15236712,12.17018659,13.77679895,227,2940,4220,5,1,1,1,1,0.096,world,12.02692963,18.9039283,23.38355008
585.16,ours,1,0,0,0.4,3.320085949,3.559367464,4.75209148,0,2538,4230,5,2,2,1,1,0.036,world,2.151043421,11.15579108,15.65769737
585.16,ab3dmot,1,0,0,0.4,3.32195683,3.559179752,4.753058782,0,2541,4235,5,2,2,1,1,0.136,world,2.15604088,11.15995085,15.66718851
585.16,sort,0.5893832943,47,16,0.2383431953,12.15228059,12.17007188,13.77666771,227,2944,4225,5,1,1,1,1,0.136,world,12.02234735,18.89133208,23.36505539
585.224,ours,1,0,0,0.4,3.320085949,3.559622738,4.752444508,0,2541,4235,5,2,2,1,1,0.024,world,2.161410061,11.16027083,15.66023989
585.224,ab3dmot,1,0,0,0.4,3.32195683,3.559424464,4.753227969,0,2544,4240,5,2,2,1,1,0.1,world,2.170757733,11.16782073,15.67924606
585.224,sort,0.5884645362,48,17,0.2382978723,12.15228059,12.16977926,13.77654822,227,2947,4230,5,2,2,1,1,0.1,world,10.51348767,18.29562758,23.36352534
585.3,ours,1,0,0,0.4,3.320085949,3.55987473,4.752925464,0,2544,4240,5,2,2,1,1,0.024,world,2.17930995,11.17111161,15.68120945
585.3,ab3dmot,1,0,0,0.4,3.32195683,3.559669408,4.753295696,0,2547,4245,5,2,2,1,1,0.076,world,2.18570749,11.1765045,15.69349471
585.3,sort,0.5875486381,48,17,0.2384887839,12.15228059,12.16952732,13.77642873,227,2950,4235,5,2,2,1,1,0.108,world,10.5275479,18.30848484,23.37576206
585.388,ours,1,0,0,0.4,3.320085949,3.560129207,4.753750839,0,2547,4245,5,2,2,1,1,0.032,world,2.192379795,11.17827834,15.69157263
585.388,ab3dmot,1,0,0,0.4,3.32195683,3.559916994,4.753674966,0,2550,4250,5,2,2,1,1,0.096,world,2.197448172,11.18315974,15.70303552
585.388,sort,0.5866355866,48,17,0.2386792453,12.15228059,12.16890315,13.77630925,227,2953,4240,5,2,2,1,1,0.132,world,10.54193697,18.39935269,23.53321468
585.444,ours,1,0,0,0.4,3.320085949,3.560388675,4.754570556,0,2550,4250,5,2,2,1,1,0.036,world,2.204204548,11.18347438,15.69921441
585.444,ab3dmot,1,0,0,0.4,3.32195683,3.56017331,4.75387646,0,2553,4255,5,2,2,1,1,0.12,world,2.208049942,11.18621653,15.70526378
585.444,sort,0.5857253685,48,17,0.238869258,12.15228059,12.16838013,13.77618976,227,2956,4245,5,2,2,1,1,0.12,world,10.56096451,18.38793567,23.50034734
585.488,ours,1,0,0,0.4,3.320085949,3.560651571,4.75589815,0,2553,4255,5,2,2,1,1,0.008,world,2.209324671,11.18445324,15.70276169
585.488,ab3dmot,1,0,0,0.4,3.32195683,3.560435001,4.754680194,0,2556,4260,5,2,2,1,1,0.1,world,2.211729305,11.18547053,15.70627187
585.488,sort,0.5848179706,48,17,0.2390588235,12.15228059,12.16792416,13.77607027,227,2959,4250,5,2,2,1,1,0.1,world,10.56957996,18.37092152,23.46490196
585.556,ours,1,0,0,0.4,3.320085949,3.56092191,4.756650346,0,2556,4260,5,2,2,1,1,0.04,world,2.219981467,11.18848537,15.70625525
585.556,ab3dmot,1,0,0,0.4,3.32195683,3.560704951,4.756715399,0,2559,4265,5,2,2,1,1,0.136,world,2.221552421,11.18871724,15.70854331
585.556,sort,0.5839133797,48,17,0.2392479436,12.15228059,12.16749113,13.77595079,227,2962,4255,5,2,2,1,1,0.168,world,10.58465303,18.38140834,23.47296457
585.588,ours,1,0,0,0.4,3.320085949,3.561195373,4.756831399,0,2559,4265,5,2,2,1,1,0.016,world,2.223501792,11.18919045,15.70924913
585.588,ab3dmot,1,0,0,0.4,3.32195683,3.560979396,4.759673443,0,2562,4270,5,2,2,1,1,0.1,world,2.223196932,11.18794642,15.70922691
585.588,sort,0.583011583,48,17,0.2394366197,12.15228059,12.16689638,13.7758313,227,2965,4260,5,2,2,1,1,0.1,world,10.59255234,18.42121747,23.54181118
585.648,ours,1,0,0,0.4,3.320085949,3.561476533,4.75744967,0,2562,4270,5,2,2,1,1,0.04,world,2.233867369,11.19311615,15.71228728
585.648,ab3dmot,1,0,0,0.4,3.32195683,3.561262164,4.762460107,0,2565,4275,5,2,2,1,1,0.132,world,2.232738433,11.19122646,15.71116566
585.648,sort,0.5821125675,48,17,0.2396248535,12.15228059,12.16632514,13.77571182,227,2968,4265,5,2,2,1,1,0.164,world,10.60793946,18.43159857,23.54953092
585.688,ours,1,0,0,0.4,3.320085949,3.561761214,4.759498482,0,2565,4275,5,2,2,1,1,0.016,world,2.237955044,11.1939589,15.7149161
585.688,ab3dmot,1,0,0,0.4,3.32195683,3.561549493,4.764077011,0,2568,4280,5,2,2,1,1,0.068,world,2.234438081,11.1902058,15.71247505
585.688,sort,0.5812163202,48,17,0.2398126464,12.15228059,12.16611311,13.77559233,227,2971,4270,5,2,2,1,1,0.1,world,11.13315729,18.59724601,23.48010063
585.72,ours,1,0,0,0.4,3.320085949,3.562044761,4.762206601,0,2568,4280,5,2,2,1,1,0.02,world,2.236384729,11.19273391,15.71670532
585.72,ab3dmot,1,0,0,0.4,3.32195683,3.561836255,4.765665824,0,2571,4285,5,2,2,1,1,0.068,world,2.233295691,11.18930434,15.7127555
585.72,sort,0.5810914681,50,17,0.2395321637,12.15228059,12.16605512,13.77547284,227,2974,4275,5,2,2,1,1,0.1,world,11.44456104,18.69653439,23.44150109
585.776,ours,1,0,0,0.4,3.320085949,3.562335307,4.76442149,0,2571,4285,5,2,2,1,1,0.024,world,2.24729347,11.19725732,15.72092209
585.776,ab3dmot,1,0,0,0.4,3.32195683,3.56212855,4.767806909,0,2574,4290,5,2,2,1,1,0.056,world,2.243022798,11.19370775,15.71914789
585.776,sort,0.5809669992,50,17,0.2397196262,12.15228059,12.16618676,13.77355632,227,2977,4280,5,2,2,1,1,0.088,world,11.60449207,18.75909631,23.44005397
585.8,ours,1,0,0,0.4,3.320085949,3.562628179,4.76637797,0,2574,4290,5,2,2,1,1,0.004,world,2.252590578,11.19968461,15.72442792
585.8,ab3dmot,1,0,0,0.4,3.32195683,3.562423051,4.768450367,0,2577,4295,5,2,2,1,1,0.048,world,2.2479997,11.19611734,15.72254262
585.8,sort,0.5808429119,50,17,0.2399066511,12.15228059,12.16644714,13.7716398,227,2980,4285,5,2,2,1,1,0.08,world,11.56466394,18.72907797,23.41196474
585.852,ours,1,0,0,0.4,3.320085949,3.562923504,4.76877924,0,2577,4295,5,2,2,1,1,0.02,world,2.257782616,11.20203578,15.72768527
585.852,ab3dmot,1,0,0,0.4,3.32195683,3.562719233,4.771907272,0,2580,4300,5,2,2,1,1,0.068,world,2.25333663,11.19893248,15.72674407
585.852,sort,0.5807192043,50,17,0.2400932401,12.15228059,12.16677644,13.76972329,227,2983,4290,5,2,2,1,1,0.1,world,11.56197651,18.72842772,23.41313148
585.9,ours,1,0,0,0.4,3.320085949,3.563223928,4.769294359,0,2580,4300,5,2,2,1,1,0.016,world,2.268826003,11.20727494,15.73511
585.9,ab3dmot,1,0,0,0.4,3.32195683,3.563021695,4.772041211,0,2583,4305,5,2,2,1,1,0.084,world,2.264979123,11.20422223,15.73196885
585.9,sort,0.5805958747,50,17,0.2402793946,12.15228059,12.16724684,13.76780677,227,2986,4295,5,2,2,1,1,0.084,world,11.5566597,18.72604552,23.41028746
585.952,ours,1,0,0,0.4,3.320085949,3.563526539,4.773236819,0,2583,4305,5,2,2,1,1,0.04,world,2.27461507,11.2099468,15.73908654
585.952,ab3dmot,1,0,0,0.4,3.32195683,3.563326081,4.778245187,0,2586,4310,5,2,2,1,1,0.1,world,2.270877532,11.20708337,15.73626271
585.952,sort,0.5804729214,50,17,0.2404651163,12.15228059,12.16788213,13.76589025,227,2989,4300,5,2,2,1,1,0.1,world,11.67128827,18.76089536,23.38419972
585.984,ours,1,0,0,0.4,3.320085949,3.563831317,4.775169513,0,2586,4310,5,2,2,1,1,0,world,2.280126837,11.21258497,15.74280256
585.984,ab3dmot,1,0,0,0.4,3.32195683,3.563630869,4.784201827,0,2589,4315,5,2,2,1,1,0.068,world,2.275585322,11.21004137,15.74240708
585.984,sort,0.5803503427,50,17,0.2406504065,12.15228059,12.16865982,13.76397373,227,2992,4305,5,2,2,1,1,0.068,world,11.67002665,18.73472825,23.33676944
586.016,ours,1,0,0,0.4,3.320085949,3.564136038,4.783336818,0,2589,4315,5,2,2,1,1,0.008,world,2.284201747,11.21537915,15.74961421
586.016,ab3dmot,1,0,0,0.4,3.32195683,3.563936115,4.78805031,0,2592,4320,5,2,2,1,1,0.064,world,2.280123993,11.21309361,15.74795534
586.016,sort,0.5802281369,50,17,0.2408352668,12.15228059,12.16960031,13.76205721,227,2995,4310,5,2,2,1,1,0.064,world,11.77837549,18.76386553,23.31264955
586.084,ours,1,0,0,0.4,3.320085949,3.564445809,4.78769933,0,2592,4320,5,2,2,1,1,0.02,world,2.295352908,11.22097621,15.75644045
586.084,ab3dmot,1,0,0,0.4,3.32195683,3.564241797,4.790116953,0,2595,4325,5,2,2,1,1,0.068,world,2.290465324,11.22025068,15.76126692
586.084,sort,0.5801063022,50,17,0.2410196987,12.15228059,12.17063401,13.77571182,227,2998,4315,5,2,2,1,1,0.1,world,11.79489632,18.76126782,23.29567282
586.116,ours,1,0,0,0.4,3.320085949,3.56475369,4.792111696,0,2595,4325,5,2,2,1,1,0.016,world,2.299403035,11.22459997,15.76573494
586.116,ab3dmot,1,0,0,0.4,3.32195683,3.56454788,4.792050856,0,2598,4330,5,2,2,1,1,0.068,world,2.295140061,11.22340359,15.76690344
586.116,sort,0.579984837,50,17,0.2412037037,12.15228059,12.17182324,13.7769302,227,3001,4320,5,2,2,1,1,0.068,world,11.80401318,18.74195646,23.25288589
586.18,ours,1,0,0,0.4,3.320085949,3.565062124,4.796313408,0,2598,4330,5,2,2,1,1,0.016,world,2.304288394,11.22772212,15.7713452
586.18,ab3dmot,1,0,0,0.4,3.32195683,3.564853822,4.796884894,0,2601,4335,5,2,2,1,1,0.096,world,2.299927499,11.22685757,15.77329579
586.18,sort,0.5798637396,50,17,0.2413872832,12.15228059,12.17317456,13.77929267,227,3004,4325,5,2,2,1,1,0.096,world,11.90729726,18.77047357,23.23130366
586.212,ours,1,0,0,0.4,3.320085949,3.565369121,4.798197558,0,2601,4335,5,2,2,1,1,0.012,world,2.308597877,11.23142876,15.77968446
586.212,ab3dmot,1,0,0,0.4,3.32195683,3.56515751,4.803378031,0,2604,4340,5,2,2,1,1,0.064,world,2.304369029,11.2311315,15.78247952
586.212,sort,0.5797430083,50,17,0.2415704388,12.15228059,12.17465528,13.78270888,227,3007,4330,5,2,2,1,1,0.096,world,11.97796278,18.78835264,23.21307025
586.272,ours,1,0,0,0.4,3.320085949,3.565681959,4.80160613,0,2604,4340,5,2,2,1,1,0.008,world,2.319872576,11.23674931,15.78513608
586.272,ab3dmot,1,0,0,0.4,3.32195683,3.565466932,4.804559354,0,2607,4345,5,2,2,1,1,0.092,world,2.315858176,11.23663458,15.78804299
586.272,sort,0.5796226415,50,17,0.2417531719,12.15228059,12.17631947,13.78333446,227,3010,4335,5,2,2,1,1,0.096,world,12.00924056,18.78225662,23.17820326
586.304,ours,1,0,0,0.4,3.320085949,3.565995341,4.810902802,0,2607,4345,5,2,2,1,1,0.004,world,2.325409947,11.24005443,15.79113272
586.304,ab3dmot,1,0,0,0.4,3.32195683,3.56577724,4.806426771,0,2610,4350,5,2,2,1,1,0.056,world,2.322118939,11.24021133,15.79353239
586.304,sort,0.5795026375,50,17,0.2419354839,12.15228059,12.17807366,13.78587727,227,3013,4340,5,2,2,1,1,0.092,world,12.02483966,18.7796739,23.16156548
586.38,ours,1,0,0,0.4,3.320085949,3.566315408,4.812972542,0,2610,4350,5,2,2,1,1,0.02,world,2.33709903,11.2452644,15.79495458
586.38,ab3dmot,1,0,0,0.4,3.32195683,3.566094579,4.809717155,0,2613,4355,5,2,2,1,1,0.1,world,2.334246258,11.2455493,15.79675782
586.38,sort,0.5793829947,50,17,0.2421173763,12.15228059,12.18005823,13.78873294,227,3016,4345,5,2,2,1,1,0.1,world,12.10040998,18.79169766,23.127583
586.4,ours,1,0,0,0.4,3.320085949,3.566631278,4.817869084,0,2613,4355,5,2,2,1,1,0,world,2.337007202,11.24684223,15.79961504
586.4,ab3dmot,1,0,0,0.4,3.32195683,3.566407843,4.811241861,0,2616,4360,5,2,2,1,1,0.056,world,2.334868931,11.24759859,15.80096233
586.4,sort,0.5792637115,50,17,0.2422988506,12.15228059,12.18224109,13.79088491,227,3019,4350,5,2,2,1,1,0.056,world,12.14559639,18.79009363,23.0900742
586.464,ours,1,0,0,0.4,3.320085949,3.566954765,4.818285051,0,2616,4360,5,2,2,1,1,0.008,world,2.348525225,11.25150018,15.80189837
586.464,ab3dmot,1,0,0,0.4,3.32195683,3.566725814,4.812127028,0,2619,4365,5,2,2,1,1,0.084,world,2.346778397,11.25391255,15.80708154
586.464,sort,0.5791447862,50,17,0.2424799082,12.15245364,12.18453068,13.79235756,227,3022,4355,5,2,2,1,1,0.084,world,12.17177012,18.7949626,23.07928323
586.508,ours,1,0,0,0.4,3.320085949,3.567276059,4.820803207,0,2619,4365,5,2,2,1,1,0.008,world,2.35442388,11.25654713,15.81066173
586.508,ab3dmot,1,0,0,0.4,3.32195683,3.567039826,4.81486188,0,2622,4370,5,2,2,1,1,0.068,world,2.352826151,11.26000582,15.81802353
586.508,sort,0.5794602699,50,17,0.2422018349,12.15285144,12.18453491,13.79229312,228,3026,4360,5,2,1,1,1,0.1,world,12.19017811,18.79551709,23.06600526
586.576,ours,1,0,0,0.4,3.320085949,3.567601512,4.822664084,0,2622,4370,5,2,2,1,1,0.024,world,2.365328001,11.26248949,15.81717715
586.576,ab3dmot,1,0,0,0.4,3.32195683,3.567361277,4.817704445,0,2625,4375,5,2,2,1,1,0.132,world,2.364076946,11.26452916,15.82020694
586.576,sort,0.5797752809,50,17,0.2419243986,12.15324924,12.18456767,13.79222868,229,3030,4365,5,2,1,1,1,0.096,world,12.22818534,18.79712801,23.03917347
586.624,ours,1,0,0,0.4,3.320085949,3.567934241,4.824361739,0,2625,4375,5,2,2,1,1,0.02,world,2.376353901,11.26690371,15.81928843
586.624,ab3dmot,1,0,0,0.4,3.32195683,3.567690007,4.819416633,0,2628,4380,5,2,2,1,1,0.18,world,2.375110096,11.26894584,15.8223183
586.624,sort,0.5800898204,50,17,0.2416475973,12.15369016,12.18461963,13.79216424,230,3034,4370,5,2,1,1,1,0.116,world,12.25378968,18.80275585,23.03003017
586.7,ours,1,0,0,0.4,3.320085949,3.568274064,4.826544743,0,2628,4380,5,2,2,1,1,0.024,world,2.387135766,11.27120082,15.82132318
586.7,ab3dmot,1,0,0,0.4,3.32195683,3.568021456,4.820033353,0,2631,4385,5,2,2,1,1,0.22,world,2.38620651,11.27545362,15.83060039
586.7,sort,0.5804038893,50,17,0.2413714286,12.15413109,12.18469873,13.7920998,231,3038,4375,5,2,1,1,1,0.124,world,12.28992541,18.80636917,23.00806079
586.76,ours,1,0,0,0.4,3.320085949,3.568609927,4.828934634,0,2631,4385,5,2,2,1,1,0.016,world,2.392576863,11.27659315,15.83247844
586.76,ab3dmot,1,0,0,0.4,3.32195683,3.568344271,4.8202453,0,2634,4390,5,2,2,1,1,0.216,world,2.392887016,11.28367137,15.84877118
586.76,sort,0.5807174888,50,17,0.2410958904,12.1593585,12.18480046,13.79203536,232,3042,4380,5,2,1,1,1,0.12,world,12.32006518,18.80714054,22.98451721
586.792,ours,1,0,0,0.4,3.320085949,3.568940217,4.831056393,0,2634,4390,5,2,2,1,1,0.016,world,2.399061977,11.283131,15.84649833
586.792,ab3dmot,1,0,0,0.4,3.32195683,3.568668061,4.82149612,0,2637,4395,5,2,2,1,1,0.216,world,2.399378942,11.28710641,15.85367675
586.792,sort,0.5810306199,50,17,0.2408209806,12.16458591,12.18492376,13.79197092,233,3046,4385,5,2,1,1,1,0.084,world,12.34878859,18.80950592,22.964851
586.82,ours,1,0,0,0.4,3.320085949,3.569261606,4.832992021,0,2637,4395,5,2,2,1,1,0.012,world,2.406776705,11.29182267,15.86568365
586.82,ab3dmot,1,0,0,0.4,3.32195683,3.568973637,4.825335509,0,2640,4400,5,2,2,1,1,0.144,world,2.411025913,11.30193553,15.88803055
586.82,sort,0.5813432836,50,17,0.240546697,12.16458801,12.18505213,13.79190648,234,3050,4390,5,2,1,1,1,0.112,world,12.35574645,18.81321723,22.96690462
586.864,ours,1,0,0,0.4,3.320085949,3.569574941,4.835559428,0,2640,4400,5,2,2,1,1,0.008,world,2.415466161,11.30054479,15.88416902
586.864,ab3dmot,1,0,0,0.4,3.32195683,3.56927644,4.82582492,0,2643,4405,5,2,2,1,1,0.16,world,2.418696528,11.30775693,15.89858972
586.864,sort,0.581655481,50,17,0.2405005688,12.16459011,12.18520296,13.79184203,234,3054,4395,5,1,1,1,1,0.092,world,12.3856663,19.06685673,23.44122078
586.9,ours,1,0,0,0.4,3.320085949,3.569891193,4.842122233,0,2643,4405,5,2,2,1,1,0.004,world,2.420438236,11.30250899,15.88506984
586.9,ab3dmot,1,0,0,0.4,3.32195683,3.569582183,4.826238187,0,2646,4410,5,2,2,1,1,0.192,world,2.423661255,11.30972141,15.89949047
586.9,sort,0.5819672131,50,17,0.2404545455,12.1672734,12.18537517,13.79174632,234,3058,4400,5,1,1,1,1,0.064,world,12.41415552,19.07716631,23.43995723
586.956,ours,1,0,0,0.4,3.320085949,3.570213827,4.84278737,0,2646,4410,5,2,2,1,1,0.02,world,2.430130813,11.30632276,15.88680388
586.956,ab3dmot,1,0,0,0.4,3.32195683,3.569894331,4.828019123,0,2649,4415,5,2,2,1,1,0.248,world,2.433339526,11.31353579,15.90122443
586.956,sort,0.582278481,50,17,0.2404086266,12.16995669,12.18555716,13.79165061,234,3062,4405,5,1,1,1,1,0.116,world,12.42739118,19.08373387,23.44300011
587,ours,1,0,0,0.4,3.320085949,3.570539169,4.842989928,0,2649,4415,5,2,2,1,1,0.016,world,2.434845376,11.30817006,15.88763631
587,ab3dmot,1,0,0,0.4,3.32195683,3.57020921,4.8299001,0,2652,4420,5,2,2,1,1,0.292,world,2.438047138,11.31538344,15.90205685
587,sort,0.5825892857,50,17,0.2403628118,12.1672734,12.1852497,13.7915549,234,3066,4410,5,1,1,1,1,0.092,world,11.76508678,18.79275475,23.38513414
587.06,ours,1,0,0,0.4,3.320085949,3.570870474,4.843778684,0,2652,4420,5,2,2,1,1,0.02,world,2.443996587,11.31174009,15.88923017
587.06,ab3dmot,1,0,0,0.4,3.32195683,3.570530074,4.830809378,0,2655,4425,5,2,2,1,1,0.356,world,2.447184861,11.31895419,15.90365076
587.06,sort,0.5828996283,50,17,0.2403171008,12.16459011,12.18488413,13.79145918,234,3070,4415,5,1,1,1,1,0.124,world,11.68322059,18.75810063,23.38048128
587.128,ours,1,0,0,0.4,3.320085949,3.571207439,4.844379302,0,2655,4425,5,2,2,1,1,0.024,world,2.45275858,11.31513707,15.89072723
587.128,ab3dmot,1,0,0,0.4,3.32195683,3.570802822,4.830772311,0,2658,4430,5,2,2,1,1,0.092,world,2.459906434,11.35259562,15.98000987
587.128,sort,0.5832095097,50,17,0.2402714932,12.16458801,12.18450592,13.79136347,234,3074,4420,5,1,1,1,1,0.128,world,11.66472128,18.74796378,23.37574743
587.204,ours,1,0,0,0.4,3.320085949,3.57148706,4.84434244,0,2658,4430,5,2,2,1,1,0.032,world,2.465931957,11.35351755,15.97954238
587.204,ab3dmot,1,0,0,0.4,3.32195683,3.571059282,4.830735243,0,2661,4435,5,2,2,1,1,0.064,world,2.469112145,11.36936589,16.00816719
587.204,sort,0.583518931,50,17,0.2402259887,12.16458591,12.18411343,13.79126776,234,3078,4425,5,1,1,1,1,0.132,world,11.64382756,18.73647493,23.37027381
587.292,ours,1,0,0,0.4,3.320085949,3.571757719,4.844305578,0,2661,4435,5,2,2,1,1,0.024,world,2.475467356,11.36558882,15.99914793
587.292,ab3dmot,1,0,0,0.4,3.32195683,3.57130782,4.830698176,0,2664,4440,5,2,2,1,1,0.088,world,2.479384222,11.38139311,16.02689622
587.292,sort,0.5838278932,50,17,0.2401805869,12.1593585,12.18369552,13.79117204,234,3082,4430,5,1,1,1,1,0.124,world,11.60712108,18.71681271,23.3611502
587.368,ours,1,0,0,0.4,3.320085949,3.572020891,4.844268716,0,2664,4440,5,2,2,1,1,0.024,world,2.485591756,11.37697383,16.01695474
587.368,ab3dmot,1,0,0,0.4,3.32195683,3.571552025,4.830661108,0,2667,4445,5,2,2,1,1,0.096,world,2.490683504,11.38774297,16.0414141
587.368,sort,0.5841363973,50,17,0.2401352875,12.15413109,12.1832641,13.79107633,234,3086,4435,5,1,1,1,1,0.132,world,11.58711677,18.70554911,23.35548904
587.46,ours,1,0,0,0.4,3.320085949,3.572277855,4.844231854,0,2667,4445,5,2,2,1,1,0.028,world,2.500776455,11.38968188,16.03756669
587.46,ab3dmot,1,0,0,0.4,3.32195683,3.571794445,4.830624041,0,2670,4450,5,2,2,1,1,0.092,world,2.506103997,11.39447331,16.05690225
587.46,sort,0.5844444444,50,17,0.2400900901,12.15369016,12.18287059,13.79098062,234,3090,4440,5,1,1,1,1,0.124,world,11.63991659,18.67368542,23.25985893
587.536,ours,1,0,0,0.4,3.320085949,3.57253193,4.844194992,0,2670,4450,5,2,2,1,1,0.032,world,2.511529692,11.39433837,16.0494798
587.536,ab3dmot,1,0,0,0.4,3.32195683,3.572043104,4.830504734,0,2673,4455,5,2,2,1,1,0.1,world,2.515454898,11.39618503,16.05602539
587.536,sort,0.5847520355,50,17,0.2400449944,12.15324924,12.18246662,13.79088491,234,3094,4445,5,1,1,1,1,0.136,world,11.62430901,18.66035652,23.24729788
587.604,ours,1,0,0,0.4,3.320085949,3.572784642,4.844119722,0,2673,4455,5,2,2,1,1,0.032,world,2.52015791,11.3980178,16.0581307
587.604,ab3dmot,1,0,0,0.4,3.32195683,3.572292029,4.83030319,0,2676,4460,5,2,2,1,1,0.068,world,2.52553525,11.39918894,16.06328006
587.604,sort,0.5850591716,50,17,0.24,12.15285144,12.18209076,13.79078919,234,3098,4450,5,1,1,1,1,0.104,world,11.66325112,18.64671232,23.19434475
587.7,ours,1,0,0,0.4,3.320085949,3.5730362,4.844006043,0,2676,4460,5,2,2,1,1,0.032,world,2.527948498,11.4012744,16.06562987
587.7,ab3dmot,1,0,0,0.4,3.32195683,3.572543062,4.830101645,0,2679,4465,5,2,2,1,1,0.068,world,2.533764796,11.40116392,16.06676841
587.7,sort,0.5853658537,50,17,0.2399551066,12.15245364,12.18173482,13.79069348,234,3102,4455,5,1,1,1,1,0.132,world,11.69059551,18.64202336,23.16639736
587.784,ours,1,0,0,0.4,3.320085949,3.573287796,4.843892363,0,2679,4465,5,2,2,1,1,0.02,world,2.538054164,11.40493552,16.07356195
587.784,ab3dmot,1,0,0,0.4,3.32195683,3.572799911,4.8299001,0,2682,4470,5,2,2,1,1,0.084,world,2.541702181,11.40298728,16.06618739
587.784,sort,0.5856720827,50,17,0.2399103139,12.15236712,12.18136792,13.79059777,234,3106,4460,5,1,1,1,1,0.116,world,11.67439528,18.62084384,23.14018039
587.86,ours,1,0,0,0.4,3.320085949,3.573541863,4.843778684,0,2682,4470,5,2,2,1,1,0.028,world,2.543163435,11.40616592,16.07397252
587.86,ab3dmot,1,0,0,0.4,3.32195683,3.573061591,4.829698555,0,2685,4475,5,2,2,1,1,0.096,world,2.545940692,11.4034297,16.06315443
587.86,sort,0.5859778598,50,17,0.2398656215,12.15228059,12.18099384,13.79050205,234,3110,4465,5,1,1,1,1,0.128,world,11.66348574,18.60679755,23.12293221
587.932,ours,1,0,0,0.4,3.320085949,3.573797785,4.843665005,0,2685,4475,5,2,2,1,1,0.032,world,2.547098359,11.40721835,16.07402874
587.932,ab3dmot,1,0,0,0.4,3.32195683,3.573327835,4.82949701,0,2688,4480,5,2,2,1,1,0.1,world,2.548273594,11.40360205,16.05896448
587.932,sort,0.5862831858,50,17,0.2398210291,12.14893849,12.18060532,13.79040634,234,3114,4470,5,1,1,1,1,0.1,world,11.64224967,18.5837655,23.09652226
588,ours,1,0,0,0.4,3.320085949,3.57405747,4.843551326,0,2688,4480,5,2,2,1,1,0.004,world,2.549486369,11.40729123,16.07033015
588,ab3dmot,1,0,0,0.4,3.32195683,3.57360319,4.829295465,0,2691,4485,5,2,2,1,1,0.072,world,2.549330419,11.40196958,16.04745675
588,sort,0.5865880619,50,17,0.2397765363,12.14559639,12.18020872,13.79031063,234,3118,4475,5,1,1,1,1,0.104,world,11.62998236,18.56882916,23.07862025
588.096,ours,1,0,0,0.4,3.320085949,3.574321858,4.843437647,0,2691,4485,5,2,2,1,1,0.016,world,2.552685371,11.40711966,16.0658125
588.096,ab3dmot,1,0,0,0.4,3.32195683,3.573885162,4.82909392,0,2694,4490,5,2,2,1,1,0.1,world,2.551714939,11.40123729,16.04044529
588.096,sort,0.586892489,50,17,0.2397321429,12.14528447,12.17956079,13.79021492,234,3122,4480,5,1,1,1,1,0.104,world,11.26605005,18.69645407,23.55855325
588.184,ours,1,0,0,0.4,3.320085949,3.574592277,4.843323967,0,2694,4490,5,2,2,1,1,0.024,world,2.55390711,11.40571603,16.05805841
588.184,ab3dmot,1,0,0,0.4,3.32195683,3.574175099,4.828892375,0,2697,4495,5,2,2,1,1,0.088,world,2.551312006,11.39943794,16.02980443
588.184,sort,0.587196468,50,17,0.2396878484,12.14497255,12.17888804,13.7901192,234,3126,4485,5,1,1,1,1,0.12,world,11.22815419,18.69175682,23.57648521
588.26,ours,1,0,0,0.4,3.320085949,3.574865172,4.843210288,0,2697,4495,5,2,2,1,1,0.04,world,2.55317752,11.40507474,16.05330108
588.26,ab3dmot,1,0,0,0.4,3.32195683,3.574468816,4.82869083,0,2700,4500,5,2,2,1,1,0.064,world,2.548639496,11.3985392,16.02226558
588.26,sort,0.5875,50,17,0.2396436526,12.14396418,12.17812553,13.79002349,234,3130,4490,5,1,1,1,1,0.132,world,11.09353938,18.76899428,23.80828137
588.348,ours,1,0,0,0.4,3.320085949,3.575141231,4.843096609,0,2700,4500,5,2,2,1,1,0.048,world,2.551649638,11.40383296,16.04690975
588.348,ab3dmot,1,0,0,0.4,3.32195683,3.57476262,4.828475871,0,2703,4505,5,2,2,1,1,0.12,world,2.548197451,11.39810853,16.02077624
588.348,sort,0.587803086,50,17,0.2395995551,12.14295581,12.17730421,13.78992778,234,3134,4495,5,1,1,1,1,0.12,world,11.00372536,18.81609071,23.95496748
588.408,ours,1,0,0,0.4,3.320085949,3.575419991,4.843029801,0,2703,4505,5,2,2,1,1,0.016,world,2.551090067,11.4022606,16.04142198
588.408,ab3dmot,1,0,0,0.4,3.32195683,3.575058094,4.828247497,0,2706,4510,5,2,2,1,1,0.084,world,2.547793548,11.39656781,16.0170702
588.408,sort,0.5881057269,50,17,0.2395555556,12.14191603,12.17644612,13.78977842,234,3138,4500,5,1,1,1,1,0.084,world,10.94641498,18.84870184,24.05330187
588.5,ours,1,0,0,0.4,3.320085949,3.575698545,4.843009865,0,2706,4510,5,2,2,1,1,0.016,world,2.54905956,11.40052724,16.0376683
588.5,ab3dmot,1,0,0,0.4,3.32195683,3.575352687,4.828019123,0,2709,4515,5,2,2,1,1,0.076,world,2.545988167,11.39425133,16.01466927
588.5,sort,0.5884079237,50,17,0.2395116537,12.14087625,12.17556979,13.78962907,234,3142,4505,5,1,1,1,1,0.108,world,10.91691484,18.86767131,24.10870504
588.592,ours,1,0,0,0.4,3.320085949,3.575976511,4.842989928,0,2709,4515,5,2,2,1,1,0.008,world,2.54726589,11.39892809,16.03459618
588.592,ab3dmot,1,0,0,0.4,3.32195683,3.575644774,4.827790749,0,2712,4520,5,2,2,1,1,0.1,world,2.544629303,11.39365937,16.01395939
588.592,sort,0.5887096774,50,17,0.2394678492,12.14050511,12.17467179,13.78947971,234,3146,4510,5,1,1,1,1,0.1,world,10.88202105,18.88591826,24.16616708
588.656,ours,1,0,0,0.4,3.320085949,3.576252151,4.842969992,0,2712,4520,5,2,2,1,1,0.04,world,2.545248292,11.39751573,16.03308672
588.656,ab3dmot,1,0,0,0.4,3.32195683,3.575932359,4.827562375,0,2715,4525,5,2,2,1,1,0.1,world,2.543485902,11.39354163,16.01572529
588.656,sort,0.589010989,50,17,0.2394241417,12.14013398,12.17375007,13.78933036,234,3150,4515,5,1,1,1,1,0.1,world,10.8438421,18.89463427,24.20824078
588.732,ours,1,0,0,0.4,3.320085949,3.576526181,4.842950056,0,2715,4525,5,2,2,1,1,0.032,world,2.544008914,11.39548342,16.03070095
588.732,ab3dmot,1,0,0,0.4,3.32195683,3.576216773,4.827334001,0,2718,4530,5,2,2,1,1,0.108,world,2.542580978,11.39199107,16.01574146
588.732,sort,0.5893118594,50,17,0.239380531,12.13935455,12.17280329,13.789181,234,3154,4520,5,1,1,1,1,0.108,world,10.80336038,18.90419152,24.2533335
588.8,ours,1,0,0,0.4,3.320085949,3.576798733,4.842930119,0,2718,4530,5,2,2,1,1,0.012,world,2.541999259,11.3931363,16.02748714
588.8,ab3dmot,1,0,0,0.4,3.32195683,3.57650034,4.827105627,0,2721,4535,5,2,2,1,1,0.08,world,2.542690728,11.38944272,16.01256607
588.8,sort,0.5896122897,50,17,0.2393370166,12.13857512,12.17183303,13.78903165,234,3158,4525,5,1,1,1,1,0.112,world,10.76511587,18.9130665,24.29564897
588.892,ours,1,0,0,0.4,3.320085949,3.577068569,4.842910183,0,2721,4535,5,2,2,1,1,0.004,world,2.537289907,11.38919882,16.02212173
588.892,ab3dmot,1,0,0,0.4,3.32195683,3.576781103,4.826877253,0,2724,4540,5,2,2,1,1,0.108,world,2.53811983,11.38552842,16.00727824
588.892,sort,0.5899122807,50,17,0.2392935982,12.13849548,12.17082571,13.7888823,234,3162,4530,5,1,1,1,1,0.108,world,10.70556461,18.92739874,24.36233272
588.964,ours,1,0,0,0.4,3.320085949,3.577337307,4.842890246,0,2724,4540,5,2,2,1,1,0.012,world,2.533450097,11.38586289,16.01646446
588.964,ab3dmot,1,0,0,0.4,3.32195683,3.577058738,4.826648879,0,2727,4545,5,2,2,1,1,0.148,world,2.533789198,11.3828476,16.00426449
588.964,sort,0.5902118335,50,17,0.2392502756,12.13841585,12.16979392,13.78873294,234,3166,4535,5,1,1,1,1,0.112,world,10.66523363,18.93742766,24.40799825
589.036,ours,1,0,0,0.4,3.320085949,3.577600732,4.84287031,0,2727,4545,5,2,2,1,1,0.036,world,2.527924364,11.38356811,16.01559039
589.036,ab3dmot,1,0,0,0.4,3.32195683,3.577331041,4.826420505,0,2730,4550,5,2,2,1,1,0.22,world,2.528263323,11.38055324,16.00338909
589.036,sort,0.5905109489,50,17,0.2392070485,12.13757229,12.16873916,13.78858359,234,3170,4540,5,1,1,1,1,0.12,world,10.62706059,18.94673464,24.450871
589.1,ours,1,0,0,0.4,3.320085949,3.577861063,4.842850374,0,2730,4550,5,2,2,1,1,0.004,world,2.524971598,11.38235156,16.01513441
589.1,ab3dmot,1,0,0,0.4,3.32195683,3.577600232,4.826283608,0,2733,4555,5,2,2,1,1,0.284,world,2.52531052,11.37933697,16.00293244
589.1,sort,0.590809628,50,17,0.2391639164,12.13672873,12.16765206,13.78843423,234,3174,4545,5,1,1,1,1,0.084,world,10.57387436,18.96726708,24.52355096
589.2,ours,1,0,0,0.4,3.320085949,3.578123495,4.842822727,0,2733,4555,5,2,2,1,1,0.024,world,2.511731428,11.37510775,15.99585592
589.2,ab3dmot,1,0,0,0.4,3.32195683,3.577868631,4.826238187,0,2736,4560,5,2,2,1,1,0.084,world,2.509257054,11.37039602,15.9867398
589.2,sort,0.5911078717,50,17,0.2391208791,12.13667823,12.16654079,13.78828488,234,3178,4550,5,1,1,1,1,0.116,world,10.53330276,18.97448709,24.56446034
589.284,ours,1,0,0,0.4,3.320085949,3.578376379,4.84278737,0,2736,4560,5,2,2,1,1,0.028,world,2.500062039,11.37053061,15.99371971
589.284,ab3dmot,1,0,0,0.4,3.32195683,3.578125261,4.826192766,0,2739,4565,5,2,2,1,1,0.068,world,2.497004817,11.36700164,15.98704472
589.284,sort,0.591405681,50,17,0.2390779363,12.13662773,12.16539446,13.78813552,234,3182,4555,5,1,1,1,1,0.1,world,10.47512318,18.99063249,24.63301063
589.36,ours,1,0,0,0.4,3.320085949,3.578621758,4.842752012,0,2739,4565,5,2,2,1,1,0.02,world,2.491531553,11.3675111,15.99296755
589.36,ab3dmot,1,0,0,0.4,3.32195683,3.578372991,4.826147345,0,2742,4570,5,2,2,1,1,0.108,world,2.48904116,11.36500459,15.98862329
589.36,sort,0.5917030568,50,17,0.2390350877,12.13570693,12.16422519,13.78798617,234,3186,4560,5,1,1,1,1,0.108,world,10.43597567,19.00204723,24.68004436
589.456,ours,1,0,0,0.4,3.320085949,3.578859985,4.842716655,0,2742,4570,5,2,2,1,1,0.04,world,2.483427706,11.36428429,15.9918687
589.456,ab3dmot,1,0,0,0.4,3.32195683,3.57861357,4.826101924,0,2745,4575,5,2,2,1,1,0.204,world,2.480930799,11.36177686,15.98752395
589.456,sort,0.592,50,17,0.238992333,12.13478613,12.1630344,13.78783681,234,3190,4565,5,1,1,1,1,0.14,world,10.39887096,19.01267438,24.72425148
589.532,ours,1,0,0,0.4,3.320085949,3.579093105,4.842681298,0,2745,4575,5,2,2,1,1,0.032,world,2.471991125,11.3581223,15.9864781
589.532,ab3dmot,1,0,0,0.4,3.32195683,3.578844184,4.826056504,0,2748,4580,5,2,2,1,1,0.084,world,2.469260824,11.35827907,15.98903243
589.532,sort,0.5922965116,50,17,0.2389496718,12.13459029,12.16181276,13.78768746,234,3194,4570,5,1,1,1,1,0.12,world,10.34647795,19.03349621,24.79677224
589.612,ours,1,0,0,0.4,3.320085949,3.579317252,4.842645941,0,2748,4580,5,2,2,1,1,0.02,world,2.457858247,11.35072558,15.98221267
589.612,ab3dmot,1,0,0,0.4,3.32195683,3.579068554,4.826011083,0,2751,4585,5,2,2,1,1,0.064,world,2.455508741,11.34898422,15.98236804
589.612,sort,0.5925925926,50,17,0.2389071038,12.13439444,12.16056743,13.7875381,234,3198,4575,5,1,1,1,1,0.132,world,10.30540442,19.04150205,24.83902387
589.7,ours,1,0,0,0.4,3.320085949,3.579536814,4.842610584,0,2751,4585,5,2,2,1,1,0.02,world,2.447673157,11.34427357,15.97701235
589.7,ab3dmot,1,0,0,0.4,3.32195683,3.579286441,4.825965662,0,2754,4590,5,2,2,1,1,0.052,world,2.445510957,11.34411728,15.97895648
589.7,sort,0.5928882438,50,17,0.2388646288,12.13434464,12.15929273,13.78738875,234,3202,4580,5,1,1,1,1,0.12,world,10.25478441,19.06369131,24.90949401
589.796,ours,1,0,0,0.4,3.320085949,3.579743896,4.842575227,0,2754,4590,5,2,2,1,1,0.024,world,2.432425121,11.33863305,15.97525654
589.796,ab3dmot,1,0,0,0.4,3.32195683,3.579491566,4.825920241,0,2757,4595,5,2,2,1,1,0.088,world,2.430798537,11.33898081,15.97764157
589.796,sort,0.5931834663,50,17,0.2388222465,12.13429484,12.15798645,13.7872394,234,3206,4585,5,1,1,1,1,0.12,world,10.20021692,19.08329166,24.97485685
589.888,ours,1,0,0,0.4,3.320085949,3.57994296,4.842539869,0,2757,4595,5,2,2,1,1,0.032,world,2.422114422,11.33462195,15.97284766
589.888,ab3dmot,1,0,0,0.4,3.32195683,3.579688865,4.82587482,0,2760,4600,5,2,2,1,1,0.076,world,2.42111548,11.33537311,15.9746874
589.888,sort,0.5934782609,50,17,0.2387799564,12.13406153,12.15728503,13.78709004,234,3210,4590,5,1,1,1,1,0.148,world,11.14811162,18.64520912,23.57419126
589.976,ours,1,0,0,0.4,3.320085949,3.580129733,4.842504512,0,2760,4600,5,2,2,1,1,0.056,world,2.405879908,11.32842438,15.96951665
589.976,ab3dmot,1,0,0,0.4,3.32195683,3.579873661,4.82582492,0,2763,4605,5,2,2,1,1,0.132,world,2.405004403,11.3293253,15.97184237
589.976,sort,0.5937726285,50,17,0.2387377584,12.13382822,12.15668901,13.78694069,234,3214,4595,5,1,1,1,1,0.132,world,11.30427654,18.59766326,23.38441909
590.068,ours,1,0,0,0.4,3.320085949,3.580307722,4.842122233,0,2763,4605,5,2,2,1,1,0.032,world,2.395030676,11.32432135,15.96830577
590.068,ab3dmot,1,0,0,0.4,3.32195683,3.580050584,4.825770541,0,2766,4610,5,2,2,1,1,0.192,world,2.394221117,11.32496197,15.96880944
590.068,sort,0.5940665702,50,17,0.2386956522,12.13348036,12.15611136,13.78676345,234,3218,4600,5,1,1,1,1,0.124,world,11.33030339,18.58080833,23.33741646
590.128,ours,1,0,0,0.4,3.320085949,3.580481724,4.841393033,0,2766,4610,5,2,2,1,1,0.028,world,2.383092868,11.3177679,15.95771865
590.128,ab3dmot,1,0,0,0.4,3.32195683,3.58022574,4.825716162,0,2769,4615,5,2,2,1,1,0.124,world,2.381883955,11.31729542,15.95406035
590.128,sort,0.5943600868,50,17,0.2386536374,12.1331325,12.15555213,13.78658621,234,3222,4605,5,1,1,1,1,0.088,world,11.35640974,18.56412614,23.29061099
590.2,ours,1,0,0,0.4,3.320085949,3.580653118,4.840663832,0,2769,4615,5,2,2,1,1,0.024,world,2.369447559,11.30942544,15.94501655
590.2,ab3dmot,1,0,0,0.4,3.32195683,3.580399593,4.825661783,0,2772,4620,5,2,2,1,1,0.06,world,2.367926895,11.30812342,15.93924666
590.2,sort,0.5946531792,50,17,0.2386117137,12.13303042,12.15499315,13.78640898,234,3226,4610,5,1,1,1,1,0.124,world,11.35562004,18.55289172,23.27136735
590.28,ours,1,0,0,0.4,3.320085949,3.580817558,4.839934631,0,2772,4620,5,2,2,1,1,0.02,world,2.356953612,11.30395234,15.93940233
590.28,ab3dmot,1,0,0,0.4,3.32195683,3.58056704,4.825607404,0,2775,4625,5,2,2,1,1,0.072,world,2.355595792,11.30259887,15.93250018
590.28,sort,0.5949458484,50,17,0.2385698808,12.13292835,12.15444284,13.78623174,234,3230,4615,5,1,1,1,1,0.14,world,11.3673107,18.53917107,23.23934293
590.356,ours,1,0,0,0.4,3.320085949,3.580975595,4.839205431,0,2775,4625,5,2,2,1,1,0.052,world,2.344532429,11.29833187,15.93279523
590.356,ab3dmot,1,0,0,0.4,3.32195683,3.580727028,4.825553025,0,2778,4630,5,2,2,1,1,0.12,world,2.34345642,11.29750784,15.92802882
590.356,sort,0.5952380952,50,17,0.2385281385,12.13279126,12.15391092,13.7860545,234,3234,4620,5,1,1,1,1,0.12,world,11.39338227,18.52284817,23.19304746
590.44,ours,1,0,0,0.4,3.320085949,3.581125557,4.83847623,0,2778,4630,5,2,2,1,1,0.036,world,2.325895563,11.2891296,15.92115404
590.44,ab3dmot,1,0,0,0.4,3.32195683,3.580879848,4.825498646,0,2781,4635,5,2,2,1,1,0.1,world,2.324973683,11.28795145,15.91498104
590.44,sort,0.5955299207,50,17,0.2384864865,12.13265418,12.15338276,13.78587727,234,3238,4625,5,1,1,1,1,0.136,world,11.39785801,18.50496325,23.15836435
590.504,ours,1,0,0,0.4,3.320085949,3.581275181,4.837747029,0,2781,4635,5,2,2,1,1,0.004,world,2.320956211,11.28538244,15.91364509
590.504,ab3dmot,1,0,0,0.4,3.32195683,3.581034935,4.825444267,0,2784,4640,5,2,2,1,1,0.064,world,2.322002023,11.28377365,15.9041104
590.504,sort,0.5958213256,50,17,0.2384449244,12.13198138,12.15287802,13.78570003,234,3242,4630,5,1,1,1,1,0.1,world,11.43137415,18.49347484,23.11555381
590.6,ours,1,0,0,0.4,3.320085949,3.581415558,4.837017829,0,2784,4640,5,2,2,1,1,0.028,world,2.305061715,11.27798708,15.90550798
590.6,ab3dmot,1,0,0,0.4,3.32195683,3.581178627,4.825389888,0,2787,4645,5,2,2,1,1,0.096,world,2.306062905,11.27733603,15.89963938
590.6,sort,0.596112311,50,17,0.238403452,12.13130859,12.15271684,13.7855228,234,3246,4635,5,1,1,1,1,0.128,world,11.92690005,18.73593801,23.19882256
590.684,ours,1,0,0,0.4,3.320085949,3.581547319,4.836288628,0,2787,4645,5,2,2,1,1,0.032,world,2.294109123,11.27389053,15.90441438
590.684,ab3dmot,1,0,0,0.4,3.32195683,3.581318278,4.825335509,0,2790,4650,5,2,2,1,1,0.08,world,2.297869499,11.27181921,15.89310942
590.684,sort,0.5964028777,50,17,0.238362069,12.13098287,12.1526056,13.78534556,234,3250,4640,5,1,1,1,1,0.116,world,11.99708971,18.74480456,23.1658601
590.768,ours,1,0,0,0.4,3.320085949,3.581673072,4.835559428,0,2790,4650,5,2,2,1,1,0.032,world,2.278821526,11.26467212,15.89333666
590.768,ab3dmot,1,0,0,0.4,3.32195683,3.581455536,4.825084073,0,2793,4655,5,2,2,1,1,0.1,world,2.281794024,11.25964829,15.87776578
590.768,sort,0.5966930266,50,17,0.238320775,12.13065715,12.15256945,13.78516832,234,3254,4645,5,1,1,1,1,0.132,world,12.10222446,18.8027316,23.19277581
590.852,ours,1,0,0,0.4,3.320085949,3.581808832,4.83506525,0,2793,4655,5,2,2,1,1,0.02,world,2.270541549,11.251183,15.86722128
590.852,ab3dmot,1,0,0,0.4,3.32195683,3.581600335,4.824635579,0,2796,4660,5,2,2,1,1,0.116,world,2.273856542,11.24758472,15.85565619
590.852,sort,0.5969827586,50,17,0.2382795699,12.13098287,12.15258559,13.78499109,234,3258,4650,5,1,1,1,1,0.116,world,12.17501243,18.83010967,23.1881631
590.932,ours,1,0,0,0.4,3.320085949,3.581954897,4.834806097,0,2796,4660,5,2,2,1,1,0.032,world,2.263104665,11.23811033,15.84102439
590.932,ab3dmot,1,0,0,0.4,3.32195683,3.58175927,4.824187084,0,2799,4665,5,2,2,1,1,0.096,world,2.267332395,11.23257108,15.82484181
590.932,sort,0.5972720747,50,17,0.2382384533,12.13130859,12.15265747,13.78481385,234,3262,4655,5,1,1,1,1,0.096,world,12.25231292,18.84730976,23.16428371
591,ours,1,0,0,0.4,3.320085949,3.582105056,4.834546943,0,2799,4665,5,2,2,1,1,0.024,world,2.254018209,11.2280734,15.82294289
591,ab3dmot,1,0,0,0.4,3.32195683,3.58193014,4.82373859,0,2802,4670,5,2,2,1,1,0.068,world,2.259497809,11.2188175,15.79589624
591,sort,0.5975609756,50,17,0.2381974249,12.13198138,12.15272274,13.78463661,234,3266,4660,5,1,1,1,1,0.1,world,12.24329522,18.85833798,23.18645981
591.096,ours,1,0,0,0.4,3.320085949,3.582254657,4.834287789,0,2802,4670,5,2,2,1,1,0.04,world,2.239425941,11.21686388,15.80508378
591.096,ab3dmot,1,0,0,0.4,3.32195683,3.582100712,4.823290096,0,2805,4675,5,2,2,1,1,0.096,world,2.244866704,11.20764698,15.77725149
591.096,sort,0.5978494624,50,17,0.2381564845,12.13265418,12.15278122,13.78445938,234,3270,4665,5,1,1,1,1,0.128,world,12.23403078,18.86056979,23.19345336
591.152,ours,1,0,0,0.4,3.320085949,3.582411054,4.834028636,0,2805,4675,5,2,2,1,1,0.02,world,2.235558723,11.20994505,15.78861256
591.152,ab3dmot,1,0,0,0.4,3.32195683,3.582272537,4.822841602,0,2808,4680,5,2,2,1,1,0.124,world,2.239711153,11.20312951,15.76841803
591.152,sort,0.5981375358,50,17,0.2381156317,12.13279126,12.15289087,13.78428214,234,3274,4670,5,1,1,1,1,0.092,world,12.30491226,18.88149484,23.18030222
591.2,ours,1,0,0,0.4,3.320085949,3.582571596,4.833769482,0,2808,4680,5,2,2,1,1,0.004,world,2.226144069,11.20052011,15.77002474
591.2,ab3dmot,1,0,0,0.4,3.32195683,3.582448725,4.822393108,0,2811,4685,5,2,2,1,1,0.1,world,2.229890769,11.1935488,15.74910515
591.2,sort,0.5984251969,50,17,0.2380748663,12.13292835,12.1529627,13.78410491,234,3278,4675,5,1,1,1,1,0.1,world,12.25281799,18.86239429,23.17974335
591.26,ours,1,0,0,0.4,3.320085949,3.582733575,4.833510329,0,2811,4685,5,2,2,1,1,0.032,world,2.221620216,11.19617604,15.76156903
591.26,ab3dmot,1,0,0,0.4,3.32195683,3.58262803,4.821944614,0,2814,4690,5,2,2,1,1,0.096,world,2.226104322,11.1893833,15.73676132
591.26,sort,0.5987124464,50,17,0.238034188,12.13303042,12.15304618,13.78392767,234,3282,4680,5,1,1,1,1,0.128,world,12.26911738,18.86612912,23.17436701
591.3,ours,1,0,0,0.4,3.320085949,3.582894169,4.833251175,0,2814,4690,5,2,2,1,1,0.012,world,2.213250685,11.19107662,15.75014263
591.3,ab3dmot,1,0,0,0.4,3.32195683,3.58280143,4.82149612,0,2817,4695,5,2,2,1,1,0.104,world,2.216757195,11.18598994,15.73215348
591.3,sort,0.5989992852,50,17,0.2379935966,12.1331325,12.15317033,13.78375043,234,3286,4685,5,1,1,1,1,0.072,world,12.32551294,18.8814683,23.16069787
591.36,ours,1,0,0,0.4,3.320085949,3.583050821,4.832992021,0,2817,4695,5,2,2,1,1,0.04,world,2.208096993,11.18929875,15.74976383
591.36,ab3dmot,1,0,0,0.4,3.32195683,3.582970862,4.821047626,0,2820,4700,5,2,2,1,1,0.164,world,2.21161133,11.18421517,15.7317743
591.36,sort,0.5992857143,50,17,0.2379530917,12.13348036,12.15330845,13.7835732,234,3290,4690,5,1,1,1,1,0.096,world,12.34501324,18.8864672,23.15526187
591.396,ours,1,0,0,0.4,3.320085949,3.583203596,4.832732868,0,2820,4700,5,2,2,1,1,0.016,world,2.20300669,11.18754762,15.74939622
591.396,ab3dmot,1,0,0,0.4,3.32195683,3.583136393,4.82078484,0,2823,4705,5,2,2,1,1,0.2,world,2.206528794,11.18246712,15.73140632
591.396,sort,0.5995717345,50,17,0.2379126731,12.13382822,12.15345843,13.78339596,234,3294,4695,5,1,1,1,1,0.1,world,12.36164638,18.89061154,23.15032937
591.452,ours,1,0,0,0.4,3.320085949,3.583349134,4.832500164,0,2823,4705,5,2,2,1,1,0.036,world,2.193026248,11.18412896,15.74869537
591.452,ab3dmot,1,0,0,0.4,3.32195683,3.583294665,4.820707763,0,2826,4710,5,2,2,1,1,0.26,world,2.196563684,11.17905455,15.73070477
591.452,sort,0.5998573466,50,17,0.2378723404,12.13406153,12.15359818,13.78338059,234,3298,4700,5,1,1,1,1,0.164,world,12.34783616,18.8837892,23.14697618
591.496,ours,1,0,0,0.4,3.320085949,3.583490991,4.832293911,0,2826,4710,5,2,2,1,1,0.008,world,2.188140972,11.18246308,15.74836251
591.496,ab3dmot,1,0,0,0.4,3.32195683,3.583449232,4.820630686,0,2829,4715,5,2,2,1,1,0.3,world,2.191685964,11.17739168,15.7303716
591.496,sort,0.6001425517,50,17,0.2378320935,12.13382822,12.15303964,13.78336521,234,3302,4705,5,1,1,1,1,0.1,world,11.34295605,18.6852091,23.4975605
591.548,ours,1,0,0,0.4,3.320085949,3.583629236,4.832087658,0,2829,4715,5,2,2,1,1,0.04,world,2.183328806,11.18082723,15.74804164
591.548,ab3dmot,1,0,0,0.4,3.32195683,3.583613355,4.820553609,0,2832,4720,5,2,2,1,1,0.124,world,2.194066102,11.17641197,15.70385388
591.548,sort,0.6004273504,50,17,0.2377919321,12.13348036,12.15247742,13.78334984,234,3306,4710,5,1,1,1,1,0.156,world,11.33624448,18.68206977,23.49621472
591.592,ours,1,0,0,0.4,3.320085949,3.583785923,4.831881405,0,2832,4720,5,2,2,1,1,0.012,world,2.182826096,11.17245754,15.70456075
591.592,ab3dmot,1,0,0,0.4,3.32195683,3.583772432,4.820476532,0,2835,4725,5,2,2,1,1,0.064,world,2.185333631,11.17379893,15.69860548
591.592,sort,0.6007117438,50,17,0.2377518558,12.1331325,12.15166825,13.78333446,234,3310,4715,5,1,1,1,1,0.1,world,10.9568199,18.62394303,23.65591506
591.64,ours,1,0,0,0.4,3.320085949,3.583940695,4.831675152,0,2835,4725,5,2,2,1,1,0.036,world,2.178862965,11.1706949,15.70156934
591.64,ab3dmot,1,0,0,0.4,3.32195683,3.583928047,4.820399455,0,2838,4730,5,2,2,1,1,0.116,world,2.180777296,11.17226514,15.69832074
591.64,sort,0.6009957326,50,17,0.2377118644,12.13303042,12.15079253,13.78331909,234,3314,4720,5,1,1,1,1,0.116,world,10.85082708,18.60853072,23.70161537
591.692,ours,1,0,0,0.4,3.320085949,3.584096828,4.831468899,0,2838,4730,5,2,2,1,1,0.004,world,2.174987586,11.16711902,15.69421463
591.692,ab3dmot,1,0,0,0.4,3.32195683,3.584083683,4.820322378,0,2841,4735,5,2,2,1,1,0.1,world,2.17614322,11.16878992,15.69319847
591.692,sort,0.6012793177,50,17,0.2376719577,12.13292835,12.1498474,13.78330371,234,3318,4725,5,1,1,1,1,0.1,world,10.73902034,18.59506544,23.75458789
591.732,ours,1,0,0,0.4,3.320085949,3.584247762,4.831262646,0,2841,4735,5,2,2,1,1,0.032,world,2.166442695,11.16407972,15.69187205
591.732,ab3dmot,1,0,0,0.4,3.32195683,3.584232954,4.8202453,0,2844,4740,5,2,2,1,1,0.112,world,2.167198623,11.16617366,15.69248956
591.732,sort,0.6015625,50,17,0.2376321353,12.13279126,12.14889573,13.78328834,234,3322,4730,5,1,1,1,1,0.144,world,10.72659459,18.58989068,23.75366329
591.768,ours,1,0,0,0.4,3.320085949,3.584404429,4.831056393,0,2844,4740,5,2,2,1,1,0.008,world,2.161565177,11.15873912,15.68109337
591.768,ab3dmot,1,0,0,0.4,3.32195683,3.584388002,4.820168223,0,2847,4745,5,2,2,1,1,0.076,world,2.161151734,11.15985148,15.68209282
591.768,sort,0.6014184397,50,18,0.2378035903,12.13279126,12.14866603,13.78325759,234,3325,4735,5,2,2,1,1,0.08,world,10.593118,18.21742992,23.18066905
591.816,ours,1,0,0,0.4,3.320085949,3.584559731,4.83085014,0,2847,4745,5,2,2,1,1,0.016,world,2.157039699,11.15481553,15.67593422
591.816,ab3dmot,1,0,0,0.4,3.32195683,3.58454167,4.820091146,0,2850,4750,5,2,2,1,1,0.092,world,2.156117681,11.15553714,15.67714357
591.816,sort,0.6012747875,50,18,0.2379746835,12.13279126,12.14840375,13.78322684,234,3328,4740,5,2,2,1,1,0.092,world,10.54570771,18.19144231,23.16482542
591.88,ours,1,0,0,0.4,3.320085949,3.584713033,4.830643887,0,2850,4750,5,2,2,1,1,0.02,world,2.148838315,11.15007531,15.67019786
591.88,ab3dmot,1,0,0,0.4,3.32195683,3.584696213,4.820051126,0,2853,4755,5,2,2,1,1,0.092,world,2.146308546,11.14826387,15.66732539
591.88,sort,0.6011315417,50,18,0.2381454162,12.13279126,12.14809248,13.78319609,234,3331,4745,5,2,2,1,1,0.092,world,10.47448466,18.16437994,23.16484712
591.904,ours,1,0,0,0.4,3.320085949,3.584869146,4.830417212,0,2853,4755,5,2,2,1,1,0.004,world,2.147428345,11.14819532,15.66439469
591.904,ab3dmot,1,0,0,0.4,3.32195683,3.584849178,4.820048164,0,2856,4760,5,2,2,1,1,0.08,world,2.145047264,11.14890188,15.66769828
591.904,sort,0.6009887006,50,18,0.2383157895,12.13279126,12.14777044,13.78316534,234,3334,4750,5,2,2,1,1,0.088,world,10.45529302,18.15692384,23.16486243
591.98,ours,1,0,0,0.4,3.320085949,3.585022081,4.830170116,0,2856,4760,5,2,2,1,1,0.024,world,2.139075073,11.1441539,15.66065501
591.98,ab3dmot,1,0,0,0.4,3.32195683,3.585000383,4.820045202,0,2859,4765,5,2,2,1,1,0.088,world,2.13521995,11.14316891,15.66204007
591.98,sort,0.6008462623,50,18,0.2384858044,12.13279126,12.14740927,13.78313459,234,3337,4755,5,2,2,1,1,0.092,world,10.4007532,18.13561705,23.16383804
592,ours,1,0,0,0.4,3.320085949,3.585175968,4.829923019,0,2859,4765,5,2,2,1,1,0,world,2.134116258,11.14033978,15.65488544
592,ab3dmot,1,0,0,0.4,3.32195683,3.585149889,4.820042239,0,2862,4770,5,2,2,1,1,0.076,world,2.130598279,11.14085529,15.66035157
592,sort,0.6007042254,50,18,0.2386554622,12.13279126,12.14702452,13.78310384,234,3340,4760,5,2,2,1,1,0.076,world,10.36549644,18.1218545,23.16344848
592.068,ours,1,0,0,0.4,3.320085949,3.585325995,4.829675923,0,2862,4770,5,2,2,1,1,0.012,world,2.126560689,11.13722734,15.65288349
592.068,ab3dmot,1,0,0,0.4,3.32195683,3.585294965,4.820039277,0,2865,4775,5,2,2,1,1,0.116,world,2.122844078,11.13788239,15.65931477
592.068,sort,0.6005625879,50,18,0.2388247639,12.13279126,12.14659272,13.78289867,234,3343,4765,5,2,2,1,1,0.088,world,10.29588725,18.09482369,23.16291748
592.1,ours,1,0,0,0.4,3.320085949,3.585474273,4.829428827,0,2865,4775,5,2,2,1,1,0.004,world,2.122398891,11.13539285,15.65137286
592.1,ab3dmot,1,0,0,0.4,3.32195683,3.585433985,4.820036315,0,2868,4780,5,2,2,1,1,0.08,world,2.117508261,11.13835503,15.66269755
592.1,sort,0.6004213483,50,18,0.2389937107,12.13279126,12.14634299,13.78251909,234,3346,4770,5,2,2,1,1,0.08,world,10.60045749,18.21433117,23.16277629
592.16,ours,1,0,0,0.4,3.320085949,3.585616382,4.82918173,0,2868,4780,5,2,2,1,1,0.004,world,2.117830474,11.13663795,15.65454569
592.16,ab3dmot,1,0,0,0.4,3.32195683,3.585566966,4.820033353,0,2871,4785,5,2,2,1,1,0.108,world,2.113498982,11.13947721,15.66652591
592.16,sort,0.6002805049,50,18,0.2391623037,12.13279126,12.1462357,13.78213951,234,3349,4775,5,2,2,1,1,0.076,world,10.83432788,18.30713381,23.16273529
592.2,ours,1,0,0,0.4,3.320085949,3.585752216,4.828934634,0,2871,4785,5,2,2,1,1,0.004,world,2.110965017,11.13584184,15.65614727
592.2,ab3dmot,1,0,0,0.4,3.32195683,3.585692326,4.82003039,0,2874,4790,5,2,2,1,1,0.112,world,2.106535929,11.1394871,15.66989883
592.2,sort,0.600140056,50,18,0.2393305439,12.13279126,12.14623265,13.78175993,234,3352,4780,5,2,2,1,1,0.112,world,11.00861935,18.37650676,23.16283761
592.252,ours,1,0,0,0.4,3.320085949,3.585883804,4.828687538,0,2874,4790,5,2,2,1,1,0,world,2.107110609,11.13646476,15.65715523
592.252,ab3dmot,1,0,0,0.4,3.32195683,3.585811765,4.820027428,0,2877,4795,5,2,2,1,1,0.096,world,2.102731952,11.14124192,15.67304715
592.252,sort,0.6,50,18,0.2394984326,12.13279126,12.14633574,13.78138036,234,3355,4785,5,2,2,1,1,0.096,world,11.17900459,18.44410666,23.16304541
592.3,ours,1,0,0,0.4,3.320085949,3.586012063,4.828440441,0,2877,4795,5,2,2,1,1,0,world,2.103455078,11.13632953,15.65776063
592.3,ab3dmot,1,0,0,0.4,3.32195683,3.585926387,4.820024466,0,2880,4800,5,2,2,1,1,0.08,world,2.09855579,11.14224852,15.67469016
592.3,sort,0.5998603352,50,18,0.2396659708,12.13279126,12.14653589,13.78100078,234,3358,4790,5,2,2,1,1,0.08,world,11.33341771,18.50548437,23.16333407
592.352,ours,1,0,0,0.4,3.320085949,3.586135183,4.828193345,0,2880,4800,5,2,2,1,1,0.024,world,2.097044301,11.13575581,15.65800841
592.352,ab3dmot,1,0,0,0.4,3.32195683,3.586036121,4.819967862,0,2883,4805,5,2,2,1,1,0.064,world,2.092566301,11.14170955,15.67483463
592.352,sort,0.59972106,50,18,0.2398331595,12.13279126,12.14682121,13.7806212,234,3361,4795,5,2,2,1,1,0.064,world,11.47195419,18.56110751,23.16413033
592.392,ours,1,0,0,0.4,3.320085949,3.586256062,4.827931156,0,2883,4805,5,2,2,1,1,0.008,world,2.09435132,11.13569764,15.65740067
592.392,ab3dmot,1,0,0,0.4,3.32195683,3.586144023,4.819857616,0,2886,4810,5,2,2,1,1,0.072,world,2.090598354,11.14144893,15.67449159
592.392,sort,0.5995821727,50,18,0.24,12.13279126,12.14717151,13.78024162,234,3364,4800,5,2,2,1,1,0.072,world,11.57504543,18.6015551,23.16465087
592.452,ours,1,0,0,0.4,3.320085949,3.586373928,4.827653873,0,2886,4810,5,2,2,1,1,0.036,world,2.089821276,11.13454536,15.65657889
592.452,ab3dmot,1,0,0,0.4,3.32195683,3.586249399,4.81974737,0,2889,4815,5,2,2,1,1,0.1,world,2.086455576,11.14021223,15.6731323
592.452,sort,0.5987482615,52,18,0.2397502601,12.13279126,12.14755112,13.77986204,234,3367,4805,5,2,2,1,1,0.1,world,11.65541679,18.63391345,23.16592195
592.5,ours,1,0,0,0.4,3.320085949,3.58649105,4.827376591,0,2889,4815,5,2,2,1,1,0.016,world,2.0880879,11.13424213,15.6543221
592.5,ab3dmot,1,0,0,0.4,3.32195683,3.586355132,4.819637125,0,2892,4820,5,2,2,1,1,0.084,world,2.08549725,11.13967461,15.66951796
592.5,sort,0.5979166667,52,18,0.2399168399,12.13279126,12.14799603,13.77948246,234,3370,4810,5,2,2,1,1,0.084,world,11.75013982,18.67202031,23.16670243
592.552,ours,1,0,0,0.4,3.320085949,3.586607241,4.827099308,0,2892,4820,5,2,2,1,1,0.028,world,2.086065899,11.13367786,15.65284323
592.552,ab3dmot,1,0,0,0.4,3.32195683,3.586461271,4.819526879,0,2895,4825,5,2,2,1,1,0.068,world,2.083157359,11.13860861,15.66538519
592.552,sort,0.5970873786,52,18,0.2400830737,12.13279126,12.14846424,13.77916142,234,3373,4815,5,2,2,1,1,0.1,world,11.78687548,18.68722782,23.16755028
592.6,ours,1,0,0,0.4,3.320085949,3.586720999,4.826822025,0,2895,4825,5,2,2,1,1,0.016,world,2.081259867,11.13272945,15.65118647
592.6,ab3dmot,1,0,0,0.4,3.32195683,3.586565016,4.819416633,0,2898,4830,5,2,2,1,1,0.084,world,2.07896014,11.13757678,15.6645085
592.6,sort,0.5962603878,52,18,0.2402489627,12.13279126,12.14897477,13.77889892,234,3376,4820,5,2,2,1,1,0.084,world,11.85216551,18.71455759,23.16948259
592.648,ours,1,0,0,0.4,3.320085949,3.586834003,4.826544743,0,2898,4830,5,2,2,1,1,0.032,world,2.079079445,11.13204192,15.64980542
592.648,ab3dmot,1,0,0,0.4,3.32195683,3.586668553,4.819306388,0,2901,4835,5,2,2,1,1,0.096,world,2.076820458,11.13658632,15.66242761
592.648,sort,0.5954356846,52,18,0.2404145078,12.13279126,12.1495094,13.77863643,234,3379,4825,5,2,2,1,1,0.096,world,11.88105292,18.72847816,23.17056985
592.692,ours,1,0,0,0.4,3.320085949,3.586945984,4.82626746,0,2901,4835,5,2,2,1,1,0.008,world,2.076631255,11.13142088,15.64882735
592.692,ab3dmot,1,0,0,0.4,3.32195683,3.58677224,4.819196142,0,2904,4840,5,2,2,1,1,0.076,world,2.072951295,11.13489296,15.65900613
592.692,sort,0.5946132597,52,18,0.2405797101,12.13279126,12.15009134,13.77837393,234,3382,4830,5,2,2,1,1,0.076,world,11.87828454,18.7286653,23.17174922
592.728,ours,1,0,0,0.4,3.320085949,3.58705765,4.825990178,0,2904,4840,5,2,2,1,1,0.024,world,2.073053848,11.13011647,15.64627741
592.728,ab3dmot,1,0,0,0.4,3.32195683,3.586876036,4.819085896,0,2907,4845,5,2,2,1,1,0.084,world,2.070311301,11.13349413,15.65664156
592.728,sort,0.5937931034,52,18,0.2407445708,12.13279126,12.15069469,13.77811143,234,3385,4835,5,2,2,1,1,0.084,world,11.87564121,18.72862433,23.17299133
592.78,ours,1,0,0,0.4,3.320085949,3.587168321,4.825712895,0,2907,4845,5,2,2,1,1,0,world,2.069447503,11.12876547,15.6446923
592.78,ab3dmot,1,0,0,0.4,3.32195683,3.586979525,4.818975651,0,2910,4850,5,2,2,1,1,0.096,world,2.06658801,11.13163651,15.65418733
592.78,sort,0.5929752066,52,18,0.2409090909,12.13279126,12.15132019,13.77784894,234,3388,4840,5,2,2,1,1,0.096,world,11.87080325,18.72882609,23.17569367
592.844,ours,1,0,0,0.4,3.320085949,3.587279795,4.825435612,0,2910,4850,5,2,2,1,1,0.032,world,2.067174526,11.12714543,15.64185617
592.844,ab3dmot,1,0,0,0.4,3.32195683,3.587085165,4.818860067,0,2913,4855,5,2,2,1,1,0.096,world,2.064514977,11.12914834,15.64984734
592.844,sort,0.5921595598,52,18,0.2410732714,12.13279126,12.15199445,13.77758644,234,3391,4845,5,2,2,1,1,0.096,world,11.8686715,18.72912867,23.17718122
592.912,ours,1,0,0,0.4,3.320085949,3.587390621,4.825193056,0,2913,4855,5,2,2,1,1,0.024,world,2.063917528,11.12583765,15.64062899
592.912,ab3dmot,1,0,0,0.4,3.32195683,3.587191436,4.818739144,0,2916,4860,5,2,2,1,1,0.064,world,2.059854305,11.12636679,15.64663807
592.912,sort,0.5924398625,53,18,0.2408247423,12.13292835,12.15200625,13.77745519,234,3395,4850,5,1,1,1,1,0.1,world,12.16915814,18.86901104,23.21112897
593,ours,1,0,0,0.4,3.320085949,3.587499741,4.824985227,0,2916,4860,5,2,2,1,1,0.02,world,2.058945954,11.12469059,15.6404313
593,ab3dmot,1,0,0,0.4,3.32195683,3.587295753,4.818618222,0,2919,4865,5,2,2,1,1,0.088,world,2.054108837,11.12490774,15.64680756
593,sort,0.5927197802,53,18,0.2407826982,12.13303042,12.1520689,13.77732395,234,3399,4855,5,1,1,1,1,0.12,world,12.24287546,18.89168616,23.19732431
593.088,ours,1,0,0,0.4,3.320085949,3.587607602,4.824777398,0,2919,4865,5,2,2,1,1,0.02,world,2.0538439,11.12340738,15.64016245
593.088,ab3dmot,1,0,0,0.4,3.32195683,3.587399913,4.818497299,0,2922,4870,5,2,2,1,1,0.076,world,2.04863453,11.12272258,15.64509475
593.088,sort,0.5929993137,53,18,0.2407407407,12.1331325,12.1522104,13.7771927,234,3403,4860,5,1,1,1,1,0.112,world,12.35651661,18.92472693,23.17394111
593.176,ours,1,0,0,0.4,3.320085949,3.587715692,4.824569568,0,2922,4870,5,2,2,1,1,0.032,world,2.050757909,11.12246426,15.63913893
593.176,ab3dmot,1,0,0,0.4,3.32195683,3.587505181,4.818376377,0,2925,4875,5,2,2,1,1,0.096,world,2.045579241,11.12126246,15.64290497
593.176,sort,0.5932784636,53,18,0.2406988695,12.13348036,12.15240238,13.77706145,234,3407,4865,5,1,1,1,1,0.132,world,12.42896385,18.94880216,23.16355131
593.256,ours,1,0,0,0.4,3.320085949,3.587825766,4.824361739,0,2925,4875,5,2,2,1,1,0.048,world,2.047593692,11.12048437,15.63575169
593.256,ab3dmot,1,0,0,0.4,3.32195683,3.587613772,4.818255454,0,2928,4880,5,2,2,1,1,0.08,world,2.042926587,11.11862126,15.63799908
593.256,sort,0.593557231,53,18,0.2406570842,12.13382822,12.1526762,13.7769302,234,3411,4870,5,1,1,1,1,0.112,world,12.54555546,18.98446012,23.142652
593.328,ours,1,0,0,0.4,3.320085949,3.587938863,4.824153909,0,2928,4880,5,2,2,1,1,0.028,world,2.045630029,11.11852068,15.63165742
593.328,ab3dmot,1,0,0,0.4,3.32195683,3.587725655,4.818134532,0,2931,4885,5,2,2,1,1,0.084,world,2.042517893,11.11717883,15.6339862
593.328,sort,0.5938356164,53,18,0.2406153846,12.13406153,12.15300316,13.77679895,234,3415,4875,5,1,1,1,1,0.124,world,12.62101924,19.00925414,23.13184592
593.404,ours,1,0,0,0.4,3.320085949,3.588054977,4.82394608,0,2931,4885,5,2,2,1,1,0.004,world,2.046655554,11.1179694,15.62880354
593.404,ab3dmot,1,0,0,0.4,3.32195683,3.587843313,4.818245975,0,2934,4890,5,2,2,1,1,0.06,world,2.044899428,11.11561373,15.62765671
593.404,sort,0.5941136208,53,18,0.2405737705,12.13429484,12.15341475,13.77666771,234,3419,4880,5,1,1,1,1,0.096,world,12.74016468,19.04727762,23.11325773
593.5,ours,1,0,0,0.4,3.320085949,3.588175696,4.82373825,0,2934,4890,5,2,2,1,1,0.024,world,2.050403029,11.11806636,15.62635952
593.5,ab3dmot,1,0,0,0.4,3.32195683,3.587965035,4.819085896,0,2937,4895,5,2,2,1,1,0.06,world,2.052076841,11.11726254,15.62742224
593.5,sort,0.5943912449,53,18,0.2405322416,12.13434464,12.15388565,13.77660796,234,3423,4885,5,1,1,1,1,0.124,world,12.82341583,19.07751263,23.10615853
593.588,ours,1,0,0,0.4,3.320085949,3.588298717,4.823530421,0,2937,4895,5,2,2,1,1,0.02,world,2.055086829,11.11947446,15.62700956
593.588,ab3dmot,1,0,0,0.4,3.32195683,3.588089503,4.820024466,0,2940,4900,5,2,2,1,1,0.08,world,2.058416272,11.1190206,15.62813672
593.588,sort,0.5946684894,53,18,0.2404907975,12.13439444,12.15444427,13.77654822,234,3427,4890,5,1,1,1,1,0.112,world,12.94538954,19.11809073,23.09004665
593.672,ours,1,0,0,0.4,3.320085949,3.588423998,4.823804286,0,2940,4900,5,2,2,1,1,0.044,world,2.060508736,11.12128185,15.6283688
593.672,ab3dmot,1,0,0,0.4,3.32195683,3.588215625,4.820051126,0,2943,4905,5,2,2,1,1,0.1,world,2.065209704,11.12168169,15.63092209
593.672,sort,0.5949453552,53,18,0.2404494382,12.13459029,12.15506041,13.77648848,234,3431,4895,5,1,1,1,1,0.132,world,13.02529719,19.14663598,23.08273623
593.744,ours,1,0,0,0.4,3.320085949,3.588550884,4.823835452,0,2943,4905,5,2,2,1,1,0.04,world,2.066599862,11.12372604,15.6314386
593.744,ab3dmot,1,0,0,0.4,3.32195683,3.588342202,4.820707763,0,2946,4910,5,2,2,1,1,0.104,world,2.070699194,11.12464318,15.63523545
593.744,sort,0.595221843,53,18,0.2404081633,12.13478613,12.15576707,13.77642873,234,3435,4900,5,1,1,1,1,0.108,world,13.14965286,19.18947125,23.06888069
593.804,ours,1,0,0,0.4,3.320085949,3.588677299,4.823823902,0,2946,4910,5,2,2,1,1,0.004,world,2.070159353,11.12649684,15.63680316
593.804,ab3dmot,1,0,0,0.4,3.32195683,3.588466725,4.820630686,0,2949,4915,5,2,2,1,1,0.064,world,2.073713886,11.12813058,15.6426376
593.804,sort,0.5954979536,53,18,0.2403669725,12.13570693,12.15577854,13.77636899,234,3439,4905,5,1,1,1,1,0.1,world,12.17257584,18.87384276,23.21809177
593.9,ours,1,0,0,0.4,3.320085949,3.58880522,4.823812351,0,2949,4915,5,2,2,1,1,0.012,world,2.076683407,11.13049258,15.64225967
593.9,ab3dmot,1,0,0,0.4,3.32195683,3.588591003,4.820553609,0,2952,4920,5,2,2,1,1,0.064,world,2.080518063,11.1331423,15.65091456
593.9,sort,0.5946866485,54,19,0.2403258656,12.13570693,12.15551886,13.7762495,234,3442,4910,5,2,2,1,1,0.128,world,10.4366484,18.19811352,23.23489833
593.98,ours,1,0,0,0.4,3.320085949,3.588934439,4.823800801,0,2952,4920,5,2,2,1,1,0.016,world,2.082872784,11.13375668,15.64649094
593.98,ab3dmot,1,0,0,0.4,3.32195683,3.588716718,4.820476532,0,2955,4925,5,2,2,1,1,0.076,world,2.0880037,11.13690448,15.6553465
593.98,sort,0.593877551,54,19,0.2404883011,12.13570693,12.15484203,13.77613002,234,3445,4915,5,2,2,1,1,0.108,world,10.44229276,18.31454559,23.44356995
594.068,ours,1,0,0,0.4,3.320085949,3.589066178,4.823789251,0,2955,4925,5,2,2,1,1,0.032,world,2.090520597,11.13700984,15.6497951
594.068,ab3dmot,1,0,0,0.4,3.32195683,3.588846382,4.820399455,0,2958,4930,5,2,2,1,1,0.1,world,2.096372723,11.1396453,15.65685833
594.068,sort,0.5930706522,54,19,0.2406504065,12.13570693,12.15395477,13.77601053,234,3448,4920,5,2,2,1,1,0.132,world,10.44850457,18.39112718,23.57682871
594.14,ours,1,0,0,0.4,3.320085949,3.589201184,4.8237777,0,2958,4930,5,2,2,1,1,0.04,world,2.099479695,11.1403253,15.65304815
594.14,ab3dmot,1,0,0,0.4,3.32195683,3.588978872,4.820322378,0,2961,4935,5,2,2,1,1,0.104,world,2.104230252,11.1429754,15.6599857
594.14,sort,0.5929443691,56,19,0.2404060914,12.13570693,12.15374261,13.77589105,234,3451,4925,5,2,2,1,1,0.104,world,10.91463612,18.45868236,23.36265783
594.232,ours,1,0,0,0.4,3.320085949,3.589340396,4.824350738,0,2961,4935,5,2,2,1,1,0.032,world,2.109657044,11.14495686,15.65786555
594.232,ab3dmot,1,0,0,0.4,3.32195683,3.589115612,4.820282469,0,2964,4940,5,2,2,1,1,0.096,world,2.113684645,11.14738609,15.66431676
594.232,sort,0.5928184282,56,19,0.2405679513,12.13570693,12.1534834,13.77577156,234,3454,4930,5,2,2,1,1,0.132,world,10.77605244,18.40262182,23.3586995
594.3,ours,1,0,0,0.4,3.320085949,3.589481543,4.825381878,0,2964,4940,5,2,2,1,1,0.012,world,2.116529377,11.14863523,15.66255521
594.3,ab3dmot,1,0,0,0.4,3.32195683,3.589252825,4.820210348,0,2967,4945,5,2,2,1,1,0.068,world,2.120108845,11.15160837,15.67120672
594.3,sort,0.5926928281,56,19,0.2407294833,12.13570693,12.15340353,13.77565207,234,3457,4935,5,2,2,1,1,0.1,world,10.9879602,18.47861453,23.34387039
594.392,ours,1,0,0,0.4,3.320085949,3.589624984,4.825675201,0,2967,4945,5,2,2,1,1,0.028,world,2.124057597,11.15235753,15.66741963
594.392,ab3dmot,1,0,0,0.4,3.32195683,3.589393141,4.820352254,0,2970,4950,5,2,2,1,1,0.092,world,2.127046821,11.15455288,15.67485853
594.392,sort,0.5925675676,56,19,0.2408906883,12.13570693,12.15329853,13.77553259,234,3460,4940,5,2,2,1,1,0.128,world,10.84864659,18.40383806,23.30591135
594.472,ours,1,0,0,0.4,3.320085949,3.589774236,4.825918699,0,2970,4950,5,2,2,1,1,0.032,world,2.13511176,11.15688255,15.67155589
594.472,ab3dmot,1,0,0,0.4,3.32195683,3.589540161,4.820798583,0,2973,4955,5,2,2,1,1,0.108,world,2.137066419,11.15814525,15.6773394
594.472,sort,0.5924426451,56,19,0.2410515672,12.13570693,12.1531782,13.77451458,234,3463,4945,5,2,2,1,1,0.112,world,10.72716032,18.34875203,23.29133059
594.56,ours,1,0,0,0.4,3.320085949,3.589926371,4.826364079,0,2973,4955,5,2,2,1,1,0.06,world,2.141932945,11.16004462,15.67613725
594.56,ab3dmot,1,0,0,0.4,3.32195683,3.589689868,4.82118526,0,2976,4960,5,2,2,1,1,0.128,world,2.143134118,11.16138756,15.68141651
594.56,sort,0.5923180593,56,19,0.2412121212,12.13570693,12.15307586,13.77259806,234,3466,4950,5,2,2,1,1,0.128,world,10.68832305,18.3280591,23.28088037
594.616,ours,1,0,0,0.4,3.320085949,3.590078411,4.827817651,0,2976,4960,5,2,2,1,1,0.016,world,2.148335369,11.16499118,15.68477677
594.616,ab3dmot,1,0,0,0.4,3.32195683,3.589838373,4.821438111,0,2979,4965,5,2,2,1,1,0.092,world,2.148284112,11.16658014,15.69100191
594.616,sort,0.5921938089,56,19,0.2413723512,12.13570693,12.15297437,13.77068154,234,3469,4955,5,2,2,1,1,0.092,world,10.59523415,18.28255588,23.26357224
594.7,ours,1,0,0,0.4,3.320085949,3.590230974,4.827950771,0,2979,4965,5,2,2,1,1,0.004,world,2.155743516,11.17020356,15.69283112
594.7,ab3dmot,1,0,0,0.4,3.32195683,3.589984387,4.821412913,0,2982,4970,5,2,2,1,1,0.072,world,2.155331948,11.17335867,15.70342917
594.7,sort,0.5920698925,56,19,0.2415322581,12.13570693,12.15279031,13.76876503,234,3472,4960,5,2,2,1,1,0.104,world,10.54501856,18.37842656,23.46383143
594.796,ours,1,0,0,0.4,3.320085949,3.590386987,4.82790316,0,2982,4970,5,2,2,1,1,0.028,world,2.168251006,11.17743465,15.70181089
594.796,ab3dmot,1,0,0,0.4,3.32195683,3.590132548,4.821387714,0,2985,4975,5,2,2,1,1,0.1,world,2.167375006,11.18113832,15.71423066
594.796,sort,0.5919463087,56,19,0.2416918429,12.13570693,12.15262448,13.76684851,234,3475,4965,5,2,2,1,1,0.1,world,10.49789703,18.37230456,23.48395291
594.868,ours,1,0,0,0.4,3.320085949,3.590542275,4.827855549,0,2985,4975,5,2,2,1,1,0.02,world,2.172138594,11.18155226,15.70957076
594.868,ab3dmot,1,0,0,0.4,3.32195683,3.590280528,4.821362515,0,2988,4980,5,2,2,1,1,0.108,world,2.170790409,11.18477958,15.72102494
594.868,sort,0.5918230563,56,19,0.2418511066,12.13570693,12.15241026,13.76493199,234,3478,4970,5,2,2,1,1,0.108,world,10.48113213,18.33055834,23.42723912
594.956,ours,1,0,0,0.4,3.320085949,3.590698669,4.827807939,0,2988,4980,5,2,2,1,1,0.052,world,2.185479624,11.1893347,15.72144967
594.956,ab3dmot,1,0,0,0.4,3.32195683,3.590431194,4.821337317,0,2991,4985,5,2,2,1,1,0.128,world,2.184693376,11.19210823,15.73038623
594.956,sort,0.5917001339,56,19,0.2420100503,12.13570693,12.15221746,13.76301547,234,3481,4975,5,2,2,1,1,0.132,world,10.46885342,18.33275738,23.43729684
595.02,ours,1,0,0,0.4,3.320085949,3.590855072,4.827760328,0,2991,4985,5,2,2,1,1,0.02,world,2.194709811,11.19548963,15.73250178
595.02,ab3dmot,1,0,0,0.4,3.32195683,3.590582078,4.821312118,0,2994,4990,5,2,2,1,1,0.1,world,2.194053971,11.1981631,15.74130781
595.02,sort,0.5915775401,56,19,0.2421686747,12.13570693,12.15199949,13.76109895,234,3484,4980,5,2,2,1,1,0.1,world,10.45030451,18.31862307,23.42708616
595.1,ours,1,0,0,0.4,3.320085949,3.591013712,4.827712718,0,2994,4990,5,2,2,1,1,0.008,world,2.204460246,11.20060852,15.74060849
595.1,ab3dmot,1,0,0,0.4,3.32195683,3.590734844,4.82128692,0,2997,4995,5,2,2,1,1,0.076,world,2.205045306,11.20340842,15.75170141
595.1,sort,0.5914552737,56,19,0.2423269809,12.13570693,12.15187279,13.75918243,234,3487,4985,5,2,2,1,1,0.108,world,10.57287156,18.37163756,23.43187532
595.188,ours,1,0,0,0.4,3.320085949,3.59117529,4.827665107,0,2997,4995,5,2,2,1,1,0.02,world,2.214656808,11.20545414,15.74815388
595.188,ab3dmot,1,0,0,0.4,3.32195683,3.590891915,4.821261721,0,3000,5000,5,2,2,1,1,0.064,world,2.215625003,11.20730329,15.75808711
595.188,sort,0.5913333333,56,19,0.2424849699,12.13570693,12.15179817,13.75726591,234,3490,4990,5,2,2,1,1,0.096,world,10.68312311,18.4073466,23.41744554
595.272,ours,1,0,0,0.4,3.320085949,3.591343698,4.827617496,0,3000,5000,5,2,2,1,1,0.016,world,2.229131128,11.21167991,15.75479668
595.272,ab3dmot,1,0,0,0.4,3.32195683,3.591059902,4.821227835,0,3003,5005,5,2,2,1,1,0.084,world,2.23070923,11.21146487,15.75876768
595.272,sort,0.5912117177,56,19,0.2426426426,12.13570693,12.15178981,13.75615905,234,3493,4995,5,2,2,1,1,0.12,world,10.79469649,18.45121021,23.4169871
595.356,ours,1,0,0,0.4,3.320085949,3.591519307,4.827591802,0,3003,5005,5,2,2,1,1,0.056,world,2.239873636,11.21425505,15.7565414
595.356,ab3dmot,1,0,0,0.4,3.32195683,3.591235107,4.82146331,0,3006,5010,5,2,2,1,1,0.132,world,2.240430092,11.21419293,15.75883487
595.356,sort,0.5910904255,56,19,0.2428,12.13570693,12.15185041,13.75586186,234,3496,5000,5,2,2,1,1,0.132,world,10.88584136,18.48892895,23.4190665
595.42,ours,1,0,0,0.4,3.320085949,3.59170025,4.827998381,0,3006,5010,5,2,2,1,1,0.02,world,2.249146745,11.21818155,15.75867009
595.42,ab3dmot,1,0,0,0.4,3.32195683,3.591415643,4.822480491,0,3009,5015,5,2,2,1,1,0.196,world,2.249700627,11.21811901,15.7609632
595.42,sort,0.5909694555,56,19,0.242957043,12.13570693,12.15193796,13.75556467,234,3499,5005,5,2,2,1,1,0.1,world,10.90163506,18.49567884,23.41926082
595.5,ours,1,0,0,0.4,3.320085949,3.591886548,4.829262973,0,3009,5015,5,2,2,1,1,0.012,world,2.258441157,11.22210314,15.76078139
595.5,ab3dmot,1,0,0,0.4,3.32195683,3.591601529,4.822879822,0,3012,5020,5,2,2,1,1,0.276,world,2.258992462,11.22204019,15.76307415
595.5,sort,0.5908488064,56,19,0.2431137725,12.13570693,12.15204924,13.75526747,234,3502,5010,5,2,2,1,1,0.112,world,10.91677354,18.50280777,23.42104574
595.6,ours,1,0,0,0.4,3.320085949,3.59208108,4.830208496,0,3012,5020,5,2,2,1,1,0.012,world,2.272373453,11.22795606,15.76390538
595.6,ab3dmot,1,0,0,0.4,3.32195683,3.591802694,4.823690849,0,3015,5025,5,2,2,1,1,0.048,world,2.277184902,11.22257538,15.76395764
595.6,sort,0.5907284768,56,19,0.2432701894,12.13570693,12.15219612,13.75497028,234,3505,5015,5,2,2,1,1,0.112,world,10.93967876,18.51043442,23.42352328
595.668,ours,1,0,0,0.4,3.320085949,3.59228194,4.830523977,0,3015,5025,5,2,2,1,1,0.016,world,2.285075703,11.22942735,15.77307473
595.668,ab3dmot,1,0,0,0.4,3.32195683,3.592007574,4.824766016,0,3018,5030,5,2,2,1,1,0.08,world,2.286365002,11.22710715,15.76897979
595.668,sort,0.5906084656,56,19,0.2434262948,12.13570693,12.15262696,13.75467309,234,3508,5020,5,2,2,1,1,0.116,world,11.38384569,18.67945095,23.42510423
595.716,ours,1,0,0,0.4,3.320085949,3.59248468,4.831003908,0,3018,5030,5,2,2,1,1,0.016,world,2.289928849,11.2312096,15.77637983
595.716,ab3dmot,1,0,0,0.4,3.32195683,3.592213802,4.825498646,0,3021,5035,5,2,2,1,1,0.064,world,2.290893591,11.22910994,15.77283789
595.716,sort,0.5904887715,56,19,0.2435820896,12.13570693,12.15309608,13.7543759,234,3511,5025,5,2,2,1,1,0.096,world,11.42997936,18.68555031,23.40880033
595.792,ours,1,0,0,0.4,3.320085949,3.592692893,4.83178458,0,3021,5035,5,2,2,1,1,0.008,world,2.29924493,11.23465887,15.7789246
595.792,ab3dmot,1,0,0,0.4,3.32195683,3.592425506,4.825942433,0,3024,5040,5,2,2,1,1,0.076,world,2.299179897,11.23190931,15.77544883
595.792,sort,0.5903693931,56,19,0.2437375746,12.13570693,12.15360979,13.7540787,234,3514,5030,5,2,2,1,1,0.112,world,11.48046493,18.69392882,23.38903123
595.844,ours,1,0,0,0.4,3.320085949,3.592906669,4.832288167,0,3024,5040,5,2,2,1,1,0.028,world,2.307483179,11.23739251,15.78120688
595.844,ab3dmot,1,0,0,0.4,3.32195683,3.592642739,4.826227342,0,3027,5045,5,2,2,1,1,0.096,world,2.307745566,11.23510207,15.77717676
595.844,sort,0.5902503294,56,19,0.2438927507,12.13570693,12.15416998,13.75378151,234,3517,5035,5,2,2,1,1,0.096,world,11.5334685,18.70240571,23.36769445
595.888,ours,1,0,0,0.4,3.320085949,3.59312305,4.832992021,0,3027,5045,5,2,2,1,1,0.004,world,2.311607046,11.23880948,15.78203299
595.888,ab3dmot,1,0,0,0.4,3.32195683,3.592861894,4.826308684,0,3030,5050,5,2,2,1,1,0.076,world,2.311359418,11.2366967,15.77882427
595.888,sort,0.5901315789,56,19,0.244047619,12.13570693,12.15475167,13.75348432,234,3520,5040,5,2,2,1,1,0.108,world,11.55883854,18.7066127,23.35777706
595.944,ours,1,0,0,0.4,3.320085949,3.59334091,4.835223538,0,3030,5050,5,2,2,1,1,0.028,world,2.316023072,11.24080398,15.78509666
595.944,ab3dmot,1,0,0,0.4,3.32195683,3.593082537,4.826351269,0,3033,5055,5,2,2,1,1,0.096,world,2.31582081,11.23891311,15.78137999
595.944,sort,0.5900131406,56,19,0.2442021804,12.13570693,12.15537188,13.75321001,234,3523,5045,5,2,2,1,1,0.096,world,11.60571844,18.71165486,23.33420369
596,ours,1,0,0,0.4,3.320085949,3.5935632,4.835740327,0,3033,5055,5,2,2,1,1,0.028,world,2.325114788,11.24474603,15.78852993
596,ab3dmot,1,0,0,0.4,3.32195683,3.593305423,4.827695988,0,3036,5060,5,2,2,1,1,0.084,world,2.32499628,11.24410096,15.78831143
596,sort,0.5898950131,56,19,0.2443564356,12.13570693,12.1560366,13.75295858,234,3526,5050,5,2,2,1,1,0.084,world,11.65669114,18.72015314,23.31438244
596.016,ours,1,0,0,0.4,3.320085949,3.59378546,4.841141202,0,3036,5060,5,2,2,1,1,0.016,world,2.329580849,11.24758872,15.79385066
596.016,ab3dmot,1,0,0,0.4,3.32195683,3.593528902,4.828425762,0,3039,5065,5,2,2,1,1,0.068,world,2.329284281,11.24669205,15.79215176
596.016,sort,0.5897771953,56,19,0.2445103858,12.13570693,12.15672262,13.75270715,234,3529,5055,5,2,2,1,1,0.068,world,11.68219839,18.72439008,23.30444433
596.08,ours,1,0,0,0.4,3.320085949,3.594009068,4.842387433,0,3039,5065,5,2,2,1,1,0,world,2.334058267,11.24971135,15.79680926
596.08,ab3dmot,1,0,0,0.4,3.32195683,3.593752766,4.829850958,0,3042,5070,5,2,2,1,1,0.064,world,2.333324593,11.2490338,15.79678971
596.08,sort,0.5896596859,56,19,0.2446640316,12.13570693,12.15759185,13.75245572,234,3532,5060,5,2,2,1,1,0.096,world,11.96134342,18.88352243,23.3910565
596.1,ours,1,0,0,0.4,3.320085949,3.594233924,4.842716655,0,3042,5070,5,2,2,1,1,0,world,2.338065714,11.25175573,15.79950429
596.1,ab3dmot,1,0,0,0.4,3.32195683,3.59397716,4.830571485,0,3045,5075,5,2,2,1,1,0.052,world,2.337552503,11.2517257,15.80034678
596.1,sort,0.5895424837,56,19,0.2448173741,12.13570693,12.15850889,13.7522043,234,3535,5065,5,2,2,1,1,0.052,world,12.02339322,18.89972733,23.3765512
596.172,ours,1,0,0,0.4,3.320085949,3.594462917,4.842950056,0,3045,5075,5,2,2,1,1,0.024,world,2.346449855,11.25545636,15.80259998
596.172,ab3dmot,1,0,0,0.4,3.32195683,3.594204784,4.830772311,0,3048,5080,5,2,2,1,1,0.096,world,2.34597443,11.25611557,15.80451291
596.172,sort,0.5894255875,56,19,0.2449704142,12.13570693,12.15946003,13.75195287,234,3538,5070,5,2,2,1,1,0.096,world,12.06356605,18.91261985,23.37215577
596.248,ours,1,0,0,0.4,3.320085949,3.59469538,4.843551326,0,3048,5080,5,2,2,1,1,0.036,world,2.354996734,11.25910617,15.80766818
596.248,ab3dmot,1,0,0,0.4,3.32195683,3.594437355,4.831631037,0,3051,5085,5,2,2,1,1,0.1,world,2.354496349,11.2589227,15.8071902
596.248,sort,0.5893089961,56,19,0.2451231527,12.1359274,12.1604691,13.75170144,234,3541,5075,5,2,2,1,1,0.104,world,12.13522707,18.93284375,23.35854721
596.312,ours,1,0,0,0.4,3.320085949,3.594933616,4.844305578,0,3051,5085,5,2,2,1,1,0.012,world,2.362895335,11.26118447,15.8083588
596.312,ab3dmot,1,0,0,0.4,3.32195683,3.594676366,4.832858108,0,3054,5090,5,2,2,1,1,0.132,world,2.362345393,11.26049812,15.80703461
596.312,sort,0.5891927083,56,19,0.2452755906,12.13667823,12.16153325,13.75145001,234,3544,5080,5,2,2,1,1,0.1,world,12.20333595,18.95221098,23.34593068
596.4,ours,1,0,0,0.4,3.320085949,3.595176243,4.84455566,0,3054,5090,5,2,2,1,1,0.016,world,2.370571814,11.26428439,15.80988332
596.4,ab3dmot,1,0,0,0.4,3.32195683,3.594919762,4.833056863,0,3057,5095,5,2,2,1,1,0.22,world,2.370023704,11.26359814,15.80855913
596.4,sort,0.589076723,56,19,0.2454277286,12.13757229,12.16265499,13.75119858,234,3547,5085,5,2,2,1,1,0.12,world,12.27492155,18.97240205,23.33231848
596.484,ours,1,0,0,0.4,3.320085949,3.595429766,4.84463188,0,3057,5095,5,2,2,1,1,0.016,world,2.379473165,11.26254693,15.80651586
596.484,ab3dmot,1,0,0,0.4,3.32195683,3.595177553,4.834034222,0,3060,5100,5,2,2,1,1,0.072,world,2.379987026,11.26007749,15.80064752
596.484,sort,0.588961039,56,19,0.2455795678,12.13849548,12.16385614,13.75094715,234,3550,5090,5,2,2,1,1,0.108,world,12.37497707,19.00003722,23.31235272
596.576,ours,1,0,0,0.4,3.320085949,3.59569081,4.844928569,0,3060,5100,5,2,2,1,1,0.036,world,2.390945915,11.26586394,15.80691732
596.576,ab3dmot,1,0,0,0.4,3.32195683,3.595442043,4.834693147,0,3063,5105,5,2,2,1,1,0.132,world,2.391176314,11.26392911,15.80170907
596.576,sort,0.588845655,56,19,0.2457311089,12.13935455,12.16511829,13.75076901,234,3553,5095,5,2,2,1,1,0.132,world,12.44811742,19.02134263,23.29962082
596.676,ours,1,0,0,0.4,3.320085949,3.595957608,4.845701097,0,3063,5105,5,2,2,1,1,0.032,world,2.400790239,11.26977337,15.80878702
596.676,ab3dmot,1,0,0,0.4,3.32195683,3.595712119,4.835257483,0,3066,5110,5,2,2,1,1,0.2,world,2.401144853,11.26791489,15.80404756
596.676,sort,0.5891121192,56,19,0.2456862745,12.14013398,12.1653737,13.75071657,234,3557,5100,5,1,1,1,1,0.132,world,12.55302247,19.05083772,23.27950805
596.7,ours,1,0,0,0.4,3.320085949,3.596225546,4.846078491,0,3066,5110,5,2,2,1,1,0,world,2.404212747,11.27112235,15.81048109
596.7,ab3dmot,1,0,0,0.4,3.32195683,3.595981257,4.836056369,0,3069,5115,5,2,2,1,1,0.156,world,2.404651711,11.2706486,15.8086629
596.7,sort,0.5893782383,56,19,0.2456415279,12.14050511,12.16567069,13.75066414,234,3561,5105,5,1,1,1,1,0.092,world,12.61560335,19.06785139,23.26596769
596.74,ours,1,0,0,0.4,3.320085949,3.596491826,4.846982569,0,3069,5115,5,2,2,1,1,0.02,world,2.407856236,11.27410404,15.81677109
596.74,ab3dmot,1,0,0,0.4,3.32195683,3.596248348,4.837000034,0,3072,5120,5,2,2,1,1,0.132,world,2.40804034,11.27393928,15.81495607
596.74,sort,0.5896440129,56,19,0.2455968689,12.14087625,12.16601191,13.7506117,234,3565,5110,5,1,1,1,1,0.064,world,12.68190738,19.08596755,23.25172424
596.788,ours,1,0,0,0.4,3.320085949,3.596758129,4.848683776,0,3072,5120,5,2,2,1,1,0.012,world,2.410750923,11.27590826,15.81963117
596.788,ab3dmot,1,0,0,0.4,3.32195683,3.596513444,4.839049606,0,3075,5125,5,2,2,1,1,0.116,world,2.410763486,11.27679404,15.82108647
596.788,sort,0.5899094437,56,19,0.2455522972,12.14050511,12.16579568,13.75055927,234,3569,5115,5,1,1,1,1,0.084,world,11.82700048,18.79234484,23.33306551
596.82,ours,1,0,0,0.4,3.320085949,3.597023653,4.849970765,0,3075,5125,5,2,2,1,1,0.012,world,2.413457603,11.27795629,15.82391407
596.82,ab3dmot,1,0,0,0.4,3.32195683,3.596776086,4.840559641,0,3078,5130,5,2,2,1,1,0.088,world,2.412705172,11.27956038,15.82754878
596.82,sort,0.5901745314,56,19,0.2455078125,12.14013398,12.16548199,13.75050684,234,3573,5120,5,1,1,1,1,0.092,world,11.67045299,18.74133173,23.35285854
596.872,ours,1,0,0,0.4,3.320085949,3.597287799,4.850604223,0,3078,5130,5,2,2,1,1,0.008,world,2.415569721,11.28005875,15.82885888
596.872,ab3dmot,1,0,0,0.4,3.32195683,3.597038477,4.840767752,0,3081,5135,5,2,2,1,1,0.096,world,2.41504654,11.28121021,15.83053359
596.872,sort,0.5904392765,56,19,0.2454634146,12.13935455,12.16517156,13.7504544,234,3577,5125,5,1,1,1,1,0.096,world,11.67505544,18.73992342,23.34763337
596.904,ours,1,0,0,0.4,3.320085949,3.597551052,4.850869381,0,3081,5135,5,2,2,1,1,0.004,world,2.418119468,11.28207258,15.83304854
596.904,ab3dmot,1,0,0,0.4,3.32195683,3.597299451,4.841056375,0,3084,5140,5,2,2,1,1,0.064,world,2.417508433,11.28352388,15.83546298
596.904,sort,0.5907036798,56,19,0.2454191033,12.13857512,12.1648644,13.75040197,234,3581,5130,5,1,1,1,1,0.064,world,11.67970132,18.7360435,23.33793183
596.972,ours,1,0,0,0.4,3.320085949,3.597816976,4.851080474,0,3084,5140,5,2,2,1,1,0.024,world,2.423158701,11.28402774,15.83395116
596.972,ab3dmot,1,0,0,0.4,3.32195683,3.597562288,4.841873438,0,3087,5145,5,2,2,1,1,0.1,world,2.422614657,11.28597372,15.83772425
596.972,sort,0.5909677419,56,19,0.2453748783,12.13849548,12.16451358,13.75034953,234,3585,5135,5,1,1,1,1,0.1,world,11.60836502,18.71579557,23.35309402
597,ours,1,0,0,0.4,3.320085949,3.598081672,4.851669396,0,3087,5145,5,2,2,1,1,0,world,2.425930558,11.28620776,15.83859476
597,ab3dmot,1,0,0,0.4,3.32195683,3.59782453,4.842590397,0,3090,5150,5,2,2,1,1,0.06,world,2.425465577,11.28788635,15.84122487
597,sort,0.5912314636,56,19,0.2453307393,12.13841585,12.16414019,13.7502971,234,3589,5140,5,1,1,1,1,0.096,world,11.57090345,18.70452728,23.35989948
597.064,ours,1,0,0,0.4,3.320085949,3.598348647,4.851854689,0,3090,5150,5,2,2,1,1,0.024,world,2.43037369,11.28791281,15.83937246
597.064,ab3dmot,1,0,0,0.4,3.32195683,3.59808805,4.843066185,0,3093,5155,5,2,2,1,1,0.096,world,2.430877784,11.29052879,15.84422945
597.064,sort,0.5914948454,56,19,0.2452866861,12.13757229,12.16375289,13.75024467,234,3593,5145,5,1,1,1,1,0.1,world,11.5474425,18.69485289,23.36020701
597.1,ours,1,0,0,0.4,3.320085949,3.598614623,4.852006882,0,3093,5155,5,2,2,1,1,0.016,world,2.434002185,11.29026607,15.84364576
597.1,ab3dmot,1,0,0,0.4,3.32195683,3.598350522,4.843286,0,3096,5160,5,2,2,1,1,0.06,world,2.435560891,11.29332527,15.84918302
597.1,sort,0.591757888,56,19,0.2452427184,12.13672873,12.16335689,13.75019223,234,3597,5150,5,1,1,1,1,0.1,world,11.5323842,18.69004948,23.36280121
597.164,ours,1,0,0,0.4,3.320085949,3.598880431,4.8529625,0,3096,5160,5,2,2,1,1,0.028,world,2.436959692,11.29183763,15.84612239
597.164,ab3dmot,1,0,0,0.4,3.32195683,3.598613174,4.843448719,0,3099,5165,5,2,2,1,1,0.092,world,2.439462459,11.29503001,15.85171892
597.164,sort,0.592020592,56,19,0.2451988361,12.13667823,12.1629572,13.7501398,234,3601,5155,5,1,1,1,1,0.092,world,11.52552221,18.68278795,23.35514368
597.2,ours,1,0,0,0.4,3.320085949,3.599145488,4.853178382,0,3099,5165,5,2,2,1,1,0.012,world,2.441325351,11.29413687,15.85057256
597.2,ab3dmot,1,0,0,0.4,3.32195683,3.598875215,4.844550048,0,3102,5170,5,2,2,1,1,0.064,world,2.4441079,11.29727433,15.85635024
597.2,sort,0.5922829582,56,19,0.2451550388,12.13662773,12.16255708,13.75008736,234,3605,5160,5,1,1,1,1,0.096,world,11.52399256,18.67979669,23.35139759
597.268,ours,1,0,0,0.4,3.320085949,3.599411516,4.854602679,0,3102,5170,5,2,2,1,1,0.032,world,2.445774289,11.2960599,15.85306543
597.268,ab3dmot,1,0,0,0.4,3.32195683,3.599138818,4.846327133,0,3105,5175,5,2,2,1,1,0.096,world,2.44863138,11.29879631,15.85816553
597.268,sort,0.5925449871,56,19,0.2451113262,12.1359274,12.16215498,13.75003493,234,3609,5165,5,1,1,1,1,0.096,world,11.51993336,18.67306497,23.34325582
597.312,ours,1,0,0,0.4,3.320085949,3.59967727,4.855763148,0,3105,5175,5,2,2,1,1,0.012,world,2.449002484,11.29737385,15.85626527
597.312,ab3dmot,1,0,0,0.4,3.32195683,3.59940244,4.847402501,0,3108,5180,5,2,2,1,1,0.076,world,2.451700901,11.29981044,15.86099545
597.312,sort,0.5928066795,56,19,0.2450676983,12.13522707,12.16175222,13.74998249,234,3613,5170,5,1,1,1,1,0.108,world,11.51800751,18.66980833,23.3393033
597.376,ours,1,0,0,0.4,3.320085949,3.599944224,4.856350472,0,3108,5180,5,2,2,1,1,0.008,world,2.454042291,11.29935334,15.85944745
597.376,ab3dmot,1,0,0,0.4,3.32195683,3.599667871,4.847941718,0,3111,5185,5,2,2,1,1,0.108,world,2.455971523,11.30125563,15.86243546
597.376,sort,0.5930680359,56,19,0.2450241546,12.1350066,12.16134891,13.74993006,234,3617,5175,5,1,1,1,1,0.108,world,11.51626865,18.66337618,23.33057468
597.464,ours,1,0,0,0.4,3.320085949,3.600210377,4.857242812,0,3111,5185,5,2,2,1,1,0.028,world,2.456713041,11.30087476,15.86352929
597.464,ab3dmot,1,0,0,0.4,3.32195683,3.599931568,4.848946761,0,3114,5190,5,2,2,1,1,0.096,world,2.458224703,11.30292978,15.86849489
597.464,sort,0.5933290571,56,19,0.244980695,12.13478613,12.16112315,13.74987763,234,3621,5180,5,1,1,1,1,0.128,world,11.80415795,18.78034662,23.33967388
597.532,ours,1,0,0,0.4,3.320085949,3.600474207,4.858323277,0,3114,5190,5,2,2,1,1,0.032,world,2.458770503,11.30283785,15.86959635
597.532,ab3dmot,1,0,0,0.4,3.32195683,3.600193775,4.849570004,0,3117,5195,5,2,2,1,1,0.096,world,2.459772399,11.30432499,15.87258964
597.532,sort,0.5935897436,56,19,0.2449373192,12.13459029,12.16091415,13.74982519,234,3625,5185,5,1,1,1,1,0.096,world,11.83058545,18.78432444,23.32932078
597.616,ours,1,0,0,0.4,3.320085949,3.600736451,4.858485123,0,3117,5195,5,2,2,1,1,0.024,world,2.460622923,11.30429881,15.87349115
597.616,ab3dmot,1,0,0,0.4,3.32195683,3.600453847,4.849673398,0,3120,5200,5,2,2,1,1,0.084,world,2.461770008,11.30609212,15.87771732
597.616,sort,0.5938500961,56,19,0.244894027,12.13439444,12.16071652,13.74977276,234,3629,5190,5,1,1,1,1,0.116,world,11.84840627,18.78653638,23.32180725
597.708,ours,1,0,0,0.4,3.320085949,3.600997388,4.859260759,0,3120,5200,5,2,2,1,1,0.024,world,2.462192028,11.30531512,15.87638499
597.708,ab3dmot,1,0,0,0.4,3.32195683,3.600713473,4.849994856,0,3123,5205,5,2,2,1,1,0.08,world,2.463470456,11.30669116,15.87915665
597.708,sort,0.5941101152,56,19,0.2448508181,12.13434464,12.16053125,13.74966046,234,3633,5195,5,1,1,1,1,0.148,world,11.86779655,18.78808616,23.31246306
597.796,ours,1,0,0,0.4,3.320085949,3.601256821,4.859556651,0,3123,5205,5,2,2,1,1,0.032,world,2.463341439,11.30610273,15.87867432
597.796,ab3dmot,1,0,0,0.4,3.32195683,3.600972142,4.850693032,0,3126,5210,5,2,2,1,1,0.096,world,2.46449933,11.30731756,15.87988633
597.796,sort,0.5943698017,56,19,0.2448076923,12.13429484,12.16036097,13.74954817,234,3637,5200,5,1,1,1,1,0.132,world,11.89140099,18.79073929,23.3016225
597.852,ours,1,0,0,0.4,3.320085949,3.601514782,4.859899242,0,3126,5210,5,2,2,1,1,0.032,world,2.464236817,11.30678908,15.87998362
597.852,ab3dmot,1,0,0,0.4,3.32195683,3.601229851,4.851088082,0,3129,5215,5,2,2,1,1,0.12,world,2.464775764,11.30748484,15.87992705
597.852,sort,0.594629156,56,19,0.2447646494,12.13406153,12.16020138,13.74943587,234,3641,5205,5,1,1,1,1,0.128,world,11.90814988,18.79221851,23.29442771
597.9,ours,1,0,0,0.4,3.320085949,3.601771291,4.859997405,0,3129,5215,5,2,2,1,1,0.004,world,2.464785204,11.30748964,15.88091509
597.9,ab3dmot,1,0,0,0.4,3.32195683,3.601486306,4.85131253,0,3132,5220,5,2,2,1,1,0.072,world,2.466009473,11.30857889,15.88024607
597.9,sort,0.5948881789,56,19,0.2447216891,12.13382822,12.16005134,13.74932357,234,3645,5210,5,1,1,1,1,0.104,world,11.92307692,18.79364076,23.2859815
597.964,ours,1,0,0,0.4,3.320085949,3.602026156,4.860789891,0,3132,5220,5,2,2,1,1,0.036,world,2.464269173,11.30743598,15.88124268
597.964,ab3dmot,1,0,0,0.4,3.32195683,3.601741084,4.851402922,0,3135,5225,5,2,2,1,1,0.1,world,2.465744378,11.30868491,15.88066913
597.964,sort,0.595146871,56,19,0.2446788111,12.13348036,12.15991145,13.74921128,234,3649,5215,5,1,1,1,1,0.1,world,11.93898545,18.79436042,23.27698342
598,ours,1,0,0,0.4,3.320085949,3.602279453,4.861342125,0,3135,5225,5,2,2,1,1,0.012,world,2.465031304,11.30819395,15.88226178
598,ab3dmot,1,0,0,0.4,3.32195683,3.60199488,4.851511031,0,3138,5230,5,2,2,1,1,0.104,world,2.46586681,11.30880815,15.88044596
598,sort,0.5954052329,56,19,0.2446360153,12.1331325,12.15977632,13.74909898,234,3653,5220,5,1,1,1,1,0.104,world,11.94627592,18.79451945,23.27257587
598.052,ours,1,0,0,0.4,3.320085949,3.60253139,4.861518047,0,3138,5230,5,2,2,1,1,0.024,world,2.464977453,11.30839888,15.88259785
598.052,ab3dmot,1,0,0,0.4,3.32195683,3.602247422,4.851697813,0,3141,5235,5,2,2,1,1,0.124,world,2.465904206,11.30903205,15.88053428
598.052,sort,0.5956632653,56,19,0.2445933014,12.13303042,12.15965094,13.74898669,234,3657,5225,5,1,1,1,1,0.092,world,11.96156784,18.79609635,23.26509123
598.096,ours,1,0,0,0.4,3.320085949,3.602782449,4.861740481,0,3141,5235,5,2,2,1,1,0.016,world,2.465708955,11.30869608,15.88217662
598.096,ab3dmot,1,0,0,0.4,3.32195683,3.602499631,4.851846318,0,3144,5240,5,2,2,1,1,0.1,world,2.466822177,11.30914702,15.87910797
598.096,sort,0.5959209688,56,19,0.2445506692,12.13292835,12.15953011,13.74887439,234,3661,5230,5,1,1,1,1,0.1,world,11.96858067,18.79610431,23.26058775
598.128,ours,1,0,0,0.4,3.320085949,3.60303303,4.862157506,0,3144,5240,5,2,2,1,1,0.028,world,2.465502149,11.30822557,15.88080185
598.128,ab3dmot,1,0,0,0.4,3.32195683,3.602751855,4.85208491,0,3147,5245,5,2,2,1,1,0.1,world,2.466699012,11.30843957,15.87688375
598.128,sort,0.5961783439,56,19,0.2445081184,12.13279126,12.15941831,13.74876209,234,3665,5235,5,1,1,1,1,0.068,world,11.9827043,18.79737724,23.25335586
598.192,ours,1,0,0,0.4,3.320085949,3.603282041,4.862645816,0,3147,5245,5,2,2,1,1,0.024,world,2.46381981,11.30720508,15.87933825
598.192,ab3dmot,1,0,0,0.4,3.32195683,3.603003814,4.853263214,0,3150,5250,5,2,2,1,1,0.096,world,2.465563628,11.30705109,15.87298129
598.192,sort,0.5964353915,56,19,0.2444656489,12.13265418,12.15931102,13.7486498,234,3669,5240,5,1,1,1,1,0.096,world,11.98968554,18.79584574,23.24646246
598.224,ours,1,0,0,0.4,3.320085949,3.603530542,4.862760547,0,3150,5250,5,2,2,1,1,0.024,world,2.463232833,11.30668107,15.87705281
598.224,ab3dmot,1,0,0,0.4,3.32195683,3.603254851,4.853784821,0,3153,5255,5,2,2,1,1,0.096,world,2.464146957,11.30632992,15.87124955
598.224,sort,0.596692112,56,19,0.2444232602,12.13198138,12.15921248,13.7485375,234,3673,5245,5,1,1,1,1,0.064,world,12.00340499,18.7969086,23.23910439
598.3,ours,1,0,0,0.4,3.320085949,3.603776589,4.862744142,0,3153,5255,5,2,2,1,1,0.008,world,2.460343777,11.30573207,15.87529032
598.3,ab3dmot,1,0,0,0.4,3.32195683,3.603503573,4.85531665,0,3156,5260,5,2,2,1,1,0.076,world,2.460956774,11.30545747,15.86836749
598.3,sort,0.596948506,56,19,0.2443809524,12.13130859,12.15911734,13.74842521,234,3677,5250,5,1,1,1,1,0.108,world,12.00863802,18.79476887,23.23228099
598.4,ours,1,0,0,0.4,3.320085949,3.604018575,4.862731851,0,3156,5260,5,2,2,1,1,0.008,world,2.456077666,11.30446961,15.87312343
598.4,ab3dmot,1,0,0,0.4,3.32195683,3.603748339,4.855667707,0,3159,5265,5,2,2,1,1,0.076,world,2.456648507,11.30420442,15.8658078
598.4,sort,0.5972045743,56,19,0.244338725,12.13098287,12.15903404,13.74831291,234,3681,5255,5,1,1,1,1,0.108,world,12.02727844,18.79324588,23.21741328
598.488,ours,1,0,0,0.4,3.320085949,3.604257797,4.862719561,0,3159,5265,5,2,2,1,1,0.028,world,2.452916766,11.30327792,15.87096296
598.488,ab3dmot,1,0,0,0.4,3.32195683,3.603990439,4.856388699,0,3162,5270,5,2,2,1,1,0.096,world,2.452919457,11.30268606,15.86330234
598.488,sort,0.5974603175,56,19,0.2442965779,12.13065715,12.15896301,13.74820061,234,3685,5260,5,1,1,1,1,0.096,world,12.04664167,18.79333938,23.20456095
598.556,ours,1,0,0,0.4,3.320085949,3.604494227,4.86270727,0,3162,5270,5,2,2,1,1,0.012,world,2.448856338,11.3014863,15.86843336
598.556,ab3dmot,1,0,0,0.4,3.32195683,3.604230154,4.85690748,0,3165,5275,5,2,2,1,1,0.104,world,2.448981677,11.30055659,15.8605187
598.556,sort,0.597715736,56,19,0.2440645774,12.12547037,12.15889876,13.74808832,235,3689,5265,5,2,1,1,1,0.104,world,12.05728892,18.79164878,23.1945735
598.644,ours,1,0,0,0.4,3.320085949,3.604728266,4.862694979,0,3165,5275,5,2,2,1,1,0.044,world,2.445541508,11.29970705,15.86516324
598.644,ab3dmot,1,0,0,0.4,3.32195683,3.604466948,4.857071179,0,3168,5280,5,2,2,1,1,0.12,world,2.4453573,11.29878055,15.85847933
598.644,sort,0.5979708307,56,19,0.2438330171,12.12028359,12.15855665,13.74797602,236,3693,5270,5,2,1,1,1,0.124,world,11.60686767,18.67007088,23.28358228
598.708,ours,1,0,0,0.4,3.320085949,3.604958882,4.862682688,0,3168,5280,5,2,2,1,1,0.008,world,2.441415283,11.29804507,15.86314459
598.708,ab3dmot,1,0,0,0.4,3.32195683,3.604700447,4.85706134,0,3171,5285,5,2,2,1,1,0.088,world,2.44121983,11.29713407,15.85600298
598.708,sort,0.598225602,56,19,0.2436018957,12.11570292,12.15817843,13.74786372,237,3697,5275,5,2,1,1,1,0.124,world,11.54632096,18.65069456,23.29021103
598.788,ours,1,0,0,0.4,3.320085949,3.605185456,4.862670397,0,3171,5285,5,2,2,1,1,0.016,world,2.432782048,11.29477251,15.85879081
598.788,ab3dmot,1,0,0,0.4,3.32195683,3.604929483,4.857051501,0,3174,5290,5,2,2,1,1,0.1,world,2.43194089,11.29363036,15.85261175
598.788,sort,0.5984800507,56,19,0.2433712121,12.11112225,12.15777946,13.74775143,238,3701,5280,5,2,1,1,1,0.1,world,11.51098289,18.63466433,23.28718327
598.808,ours,1,0,0,0.4,3.320085949,3.605411165,4.862658107,0,3174,5290,5,2,2,1,1,0.008,world,2.432358435,11.29399055,15.85727106
598.808,ab3dmot,1,0,0,0.4,3.32195683,3.605157706,4.857041662,0,3177,5295,5,2,2,1,1,0.088,world,2.43120398,11.29263167,15.85098052
598.808,sort,0.5987341772,56,19,0.243140965,12.10958659,12.15737243,13.74763913,239,3705,5285,5,2,1,1,1,0.092,world,11.49671674,18.63078417,23.28924227
598.856,ours,1,0,0,0.4,3.320085949,3.605634781,4.862645816,0,3177,5295,5,2,2,1,1,0.004,world,2.42924637,11.29262259,15.85599523
598.856,ab3dmot,1,0,0,0.4,3.32195683,3.605383867,4.857031823,0,3180,5300,5,2,2,1,1,0.068,world,2.427712855,11.29101698,15.84963264
598.856,sort,0.5989879823,56,19,0.2429111531,12.10805093,12.15695653,13.74752684,240,3709,5290,5,2,1,1,1,0.076,world,11.48103145,18.62399833,23.2880236
598.9,ours,1,0,0,0.4,3.320085949,3.605854299,4.862633525,0,3180,5300,5,2,2,1,1,0.012,world,2.4231343,11.29001814,15.85409246
598.9,ab3dmot,1,0,0,0.4,3.32195683,3.605605825,4.857013635,0,3183,5305,5,2,2,1,1,0.048,world,2.42130164,11.2882229,15.84808422
598.9,sort,0.5992414665,56,19,0.2426817753,12.10791699,12.1565342,13.74750776,241,3713,5295,5,2,1,1,1,0.08,world,11.46939142,18.61681156,23.28329812
598.976,ours,1,0,0,0.4,3.320085949,3.606069423,4.862627315,0,3183,5305,5,2,2,1,1,0.024,world,2.41656839,11.28728162,15.85239064
598.976,ab3dmot,1,0,0,0.4,3.32195683,3.605823032,4.856987096,0,3186,5310,5,2,2,1,1,0.124,world,2.414939631,11.28572677,15.84724342
598.976,sort,0.5994946304,56,19,0.2424528302,12.10778305,12.15610325,13.74748868,242,3717,5300,5,2,1,1,1,0.092,world,11.45406565,18.60807319,23.27868272
599.016,ours,1,0,0,0.4,3.320085949,3.606281906,4.862627186,0,3186,5310,5,2,2,1,1,0.016,world,2.413285846,11.28599764,15.85196206
599.016,ab3dmot,1,0,0,0.4,3.32195683,3.606039525,4.856960557,0,3189,5315,5,2,2,1,1,0.064,world,2.408505756,11.28199826,15.8419251
599.016,sort,0.5997474747,56,19,0.2422243167,12.10546034,12.15566935,13.7474696,243,3721,5305,5,2,1,1,1,0.096,world,11.44820072,18.60423408,23.2763314
599.1,ours,1,0,0,0.4,3.320085949,3.606491902,4.862627056,0,3189,5315,5,2,2,1,1,0.016,world,2.403593291,11.28082821,15.84493475
599.1,ab3dmot,1,0,0,0.4,3.32195683,3.606253274,4.856934018,0,3192,5320,5,2,2,1,1,0.048,world,2.398433057,11.27651369,15.83595238
599.1,sort,0.6,56,19,0.2419962335,12.10313762,12.15522806,13.74745052,244,3725,5310,5,2,1,1,1,0.116,world,11.43487123,18.59631353,23.27191677
599.2,ours,1,0,0,0.4,3.320085949,3.606696564,4.862626927,0,3192,5320,5,2,2,1,1,0.044,world,2.390065075,11.27427385,15.83821505
599.2,ab3dmot,1,0,0,0.4,3.32195683,3.606460968,4.85690748,0,3195,5325,5,2,2,1,1,0.084,world,2.385179009,11.27050726,15.83063882
599.2,sort,0.6002522068,56,19,0.2417685795,12.10268104,12.15477126,13.74743145,245,3729,5315,5,2,1,1,1,0.116,world,11.40776525,18.58209031,23.26496417
599.284,ours,1,0,0,0.4,3.320085949,3.606897744,4.862626798,0,3195,5325,5,2,2,1,1,0.028,world,2.379386414,11.26913187,15.83219614
599.284,ab3dmot,1,0,0,0.4,3.32195683,3.606664553,4.856880941,0,3198,5330,5,2,2,1,1,0.068,world,2.373839213,11.26537943,15.82563862
599.284,sort,0.6005040958,56,19,0.2415413534,12.10222446,12.15430108,13.74741237,246,3733,5320,5,2,1,1,1,0.1,world,11.38418716,18.57068693,23.26051469
599.364,ours,1,0,0,0.4,3.320085949,3.607094928,4.862626669,0,3198,5330,5,2,2,1,1,0.036,world,2.369855395,11.26462303,15.82778276
599.364,ab3dmot,1,0,0,0.4,3.32195683,3.606864898,4.856854402,0,3201,5335,5,2,2,1,1,0.08,world,2.364426895,11.26045142,15.8200422
599.364,sort,0.6007556675,56,19,0.241314554,12.10131722,12.15382059,13.74739329,247,3737,5325,5,2,1,1,1,0.116,world,11.36572521,18.56114773,23.25592771
599.4,ours,1,0,0,0.4,3.320085949,3.60728881,4.862626539,0,3201,5335,5,2,2,1,1,0.016,world,2.359090902,11.2593473,15.82106591
599.4,ab3dmot,1,0,0,0.4,3.32195683,3.607060867,4.856827864,0,3204,5340,5,2,2,1,1,0.052,world,2.354697805,11.25621095,15.81576781
599.4,sort,0.6010069226,56,19,0.2410881801,12.10040998,12.1533293,13.74737421,248,3741,5330,5,2,1,1,1,0.084,world,11.34634004,18.55132813,23.25140626
599.464,ours,1,0,0,0.4,3.320085949,3.607479728,4.86262641,0,3204,5340,5,2,2,1,1,0.024,world,2.355155438,11.25785017,15.82060134
599.464,ab3dmot,1,0,0,0.4,3.32195683,3.607253938,4.856801325,0,3207,5345,5,2,2,1,1,0.088,world,2.349946169,11.25448377,15.81446004
599.464,sort,0.6012578616,56,19,0.2408622306,12.09839113,12.15283018,13.74735513,249,3745,5335,5,2,1,1,1,0.088,world,11.33199581,18.54479215,23.24932654
599.504,ours,1,0,0,0.4,3.320085949,3.607668322,4.862626281,0,3207,5345,5,2,2,1,1,0.004,world,2.349330025,11.25543103,15.81756351
599.504,ab3dmot,1,0,0,0.4,3.32195683,3.607444214,4.856774786,0,3210,5350,5,2,2,1,1,0.092,world,2.34509156,11.25265029,15.81292825
599.504,sort,0.6015084852,56,19,0.2406367041,12.09637227,12.15232606,13.74733605,250,3749,5340,5,2,1,1,1,0.092,world,11.32242462,18.53996163,23.2470945
599.58,ours,1,0,0,0.4,3.320085949,3.607852139,4.862626151,0,3210,5350,5,2,2,1,1,0.032,world,2.34041252,11.25162833,15.81449268
599.58,ab3dmot,1,0,0,0.4,3.32195683,3.607630381,4.856737065,0,3213,5355,5,2,2,1,1,0.1,world,2.335884537,11.24843923,15.8083201
599.58,sort,0.601758794,56,19,0.2404115996,12.09572737,12.15190374,13.74731698,251,3753,5345,5,2,1,1,1,0.1,world,11.46029203,18.523388,23.12925394
599.644,ours,1,0,0,0.4,3.320085949,3.60803215,4.862594827,0,3213,5355,5,2,2,1,1,0.032,world,2.330178795,11.24685284,15.80873335
599.644,ab3dmot,1,0,0,0.4,3.32195683,3.607811895,4.856688163,0,3216,5360,5,2,2,1,1,0.096,world,2.326684784,11.24451972,15.80470315
599.644,sort,0.6020087884,56,19,0.2401869159,12.09508248,12.15147752,13.7472979,252,3757,5350,5,2,1,1,1,0.1,world,11.4528424,18.51287473,23.1156894
599.712,ours,1,0,0,0.4,3.320085949,3.608208078,4.862532306,0,3216,5360,5,2,2,1,1,0.012,world,2.32057302,11.24234543,15.80410536
599.712,ab3dmot,1,0,0,0.4,3.32195683,3.607989991,4.85663926,0,3219,5365,5,2,2,1,1,0.068,world,2.317636894,11.23989968,15.79905605
599.712,sort,0.6022584693,56,19,0.2399626517,12.09448345,12.1510472,13.74727882,253,3761,5355,5,2,1,1,1,0.1,world,11.44503265,18.50259696,23.10271749
599.8,ours,1,0,0,0.4,3.320085949,3.608378705,4.862469786,0,3219,5365,5,2,2,1,1,0.024,world,2.307176031,11.2355821,15.79657981
599.8,ab3dmot,1,0,0,0.4,3.32195683,3.608164073,4.856590357,0,3222,5370,5,2,2,1,1,0.056,world,2.305062639,11.23257541,15.78999462
599.8,sort,0.602507837,56,19,0.239738806,12.09388443,12.15060969,13.74725974,254,3765,5360,5,2,1,1,1,0.12,world,11.43193963,18.48890608,23.08704171
599.876,ours,1,0,0,0.4,3.320085949,3.608544982,4.862407265,0,3222,5370,5,2,2,1,1,0.028,world,2.298407744,11.2314815,15.79312793
599.876,ab3dmot,1,0,0,0.4,3.32195683,3.608334287,4.856541454,0,3225,5375,5,2,2,1,1,0.1,world,2.297072301,11.22848967,15.78608819
599.876,sort,0.6027568922,56,19,0.2395153774,12.09051808,12.15016784,13.74724066,255,3769,5365,5,2,1,1,1,0.132,world,11.4237014,18.47867421,23.07431228
599.932,ours,1,0,0,0.4,3.320085949,3.60871317,4.862344745,0,3225,5375,5,2,2,1,1,0.028,world,2.293946545,11.22692981,15.78387473
599.932,ab3dmot,1,0,0,0.4,3.32195683,3.608505353,4.856492552,0,3228,5380,5,2,2,1,1,0.088,world,2.293229174,11.22479224,15.77901488
599.932,sort,0.6030056356,56,19,0.239292365,12.08715173,12.15000034,13.74722159,256,3773,5370,5,2,1,1,1,0.088,world,11.87966024,18.79916514,23.32820611
600.008,ours,1,0,0,0.4,3.320085949,3.608878894,4.862282224,0,3228,5380,5,2,2,1,1,0.008,world,2.285178968,11.22177226,15.77714349
600.008,ab3dmot,1,0,0,0.4,3.32195683,3.608676117,4.856443649,0,3231,5385,5,2,2,1,1,0.064,world,2.28531821,11.21865534,15.76900457
600.008,sort,0.6032540676,56,19,0.239255814,12.08621586,12.14993494,13.74720251,256,3777,5375,5,1,1,1,1,0.1,world,12.04502956,18.91724886,23.42262376
600.08,ours,1,0,0,0.4,3.320085949,3.609042072,4.862219704,0,3231,5385,5,2,2,1,1,0.004,world,2.2768765,11.2168545,15.77089999
600.08,ab3dmot,1,0,0,0.4,3.32195683,3.608842711,4.856394746,0,3234,5390,5,2,2,1,1,0.104,world,2.277233656,11.21477946,15.76569936
600.08,sort,0.6035021889,56,19,0.2392193309,12.08715173,12.14991772,13.74718343,256,3781,5380,5,1,1,1,1,0.104,world,12.12236444,18.93715123,23.40428573
600.172,ours,1,0,0,0.4,3.320085949,3.609200625,4.862157183,0,3234,5390,5,2,2,1,1,0.032,world,2.264666499,11.21018579,15.76354697
600.172,ab3dmot,1,0,0,0.4,3.32195683,3.609006989,4.856345843,0,3237,5395,5,2,2,1,1,0.096,world,2.265982412,11.20705806,15.75491893
600.172,sort,0.60375,56,19,0.2391829155,12.09051808,12.14991826,13.74716435,256,3785,5385,5,1,1,1,1,0.132,world,12.15079179,18.95308596,23.41194151
600.248,ours,1,0,0,0.4,3.320085949,3.60935947,4.862094663,0,3237,5395,5,2,2,1,1,0.044,world,2.256899493,11.20382332,15.75303987
600.248,ab3dmot,1,0,0,0.4,3.32195683,3.609170003,4.856296941,0,3240,5400,5,2,2,1,1,0.108,world,2.258461909,11.20170592,15.74723826
600.248,sort,0.6039975016,56,19,0.2391465677,12.09388443,12.14995167,13.74714527,256,3789,5390,5,1,1,1,1,0.108,world,12.20327882,18.95999875,23.38768173
600.32,ours,1,0,0,0.4,3.320085949,3.609514243,4.862032142,0,3240,5400,5,2,2,1,1,0.02,world,2.250190744,11.20101636,15.74953962
600.32,ab3dmot,1,0,0,0.4,3.32195683,3.609327252,4.856243681,0,3243,5405,5,2,2,1,1,0.08,world,2.252567703,11.20040512,15.74661357
600.32,sort,0.6042446941,56,19,0.2391102873,12.09448345,12.15000604,13.74705396,256,3793,5395,5,1,1,1,1,0.12,world,12.23674826,18.97755791,23.39498193
600.404,ours,1,0,0,0.4,3.320085949,3.609663638,4.861980851,0,3243,5405,5,2,2,1,1,0.004,world,2.242079306,11.19808049,15.74878008
600.404,ab3dmot,1,0,0,0.4,3.32195683,3.60947912,4.856186064,0,3246,5410,5,2,2,1,1,0.164,world,2.244464391,11.19747129,15.7458539
600.404,sort,0.6044915783,56,19,0.2390740741,12.09508248,12.15006503,13.74696264,256,3797,5400,5,1,1,1,1,0.132,world,12.24420992,18.97457118,23.3841197
600.5,ours,1,0,0,0.4,3.320085949,3.609804105,4.861940789,0,3246,5410,5,2,2,1,1,0.028,world,2.232556013,11.19612657,15.74925218
600.5,ab3dmot,1,0,0,0.4,3.32195683,3.609617935,4.856128448,0,3249,5415,5,2,2,1,1,0.096,world,2.23706462,11.19938395,15.75315787
600.5,sort,0.6047381546,56,19,0.2390379278,12.09572737,12.15015533,13.74687133,256,3801,5405,5,1,1,1,1,0.128,world,12.29404773,19.00045218,23.39436965
600.56,ours,1,0,0,0.4,3.320085949,3.609938591,4.861900728,0,3249,5415,5,2,2,1,1,0.024,world,2.226716051,11.19511136,15.74984209
600.56,ab3dmot,1,0,0,0.4,3.32195683,3.609750277,4.856070831,0,3252,5420,5,2,2,1,1,0.088,world,2.231166392,11.19870966,15.7544507
600.56,sort,0.6049844237,56,19,0.2390018484,12.09637227,12.15026545,13.74678001,256,3805,5410,5,1,1,1,1,0.128,world,12.32563681,19.01707208,23.4011324
600.612,ours,1,0,0,0.4,3.320085949,3.610070377,4.861860666,0,3252,5420,5,2,2,1,1,0.012,world,2.224201954,11.19469638,15.7493263
600.612,ab3dmot,1,0,0,0.4,3.32195683,3.609879568,4.856013215,0,3255,5425,5,2,2,1,1,0.076,world,2.228856452,11.19858363,15.7546749
600.612,sort,0.6052303861,56,19,0.2389658356,12.09839113,12.15040056,13.7466887,256,3809,5415,5,1,1,1,1,0.108,world,12.36534255,19.0379197,23.41025933
600.668,ours,1,0,0,0.4,3.320085949,3.610197228,4.861820604,0,3255,5425,5,2,2,1,1,0.02,world,2.217551409,11.19253214,15.74877038
600.668,ab3dmot,1,0,0,0.4,3.32195683,3.61000364,4.855955598,0,3258,5430,5,2,2,1,1,0.1,world,2.22204979,11.19659389,15.75441977
600.668,sort,0.6054760423,56,19,0.2389298893,12.10040998,12.15055566,13.74659738,256,3813,5420,5,1,1,1,1,0.1,world,12.39715022,19.05493763,23.41748745
600.732,ours,1,0,0,0.4,3.320085949,3.610322375,4.861780542,0,3258,5430,5,2,2,1,1,0.032,world,2.215953888,11.19214203,15.74667246
600.732,ab3dmot,1,0,0,0.4,3.32195683,3.610126222,4.855897981,0,3261,5435,5,2,2,1,1,0.1,world,2.219706661,11.19562931,15.75198102
600.732,sort,0.605721393,56,19,0.2388940092,12.10131722,12.15072071,13.74650607,256,3817,5425,5,1,1,1,1,0.136,world,12.41311675,19.06354391,23.42121131
600.784,ours,1,0,0,0.4,3.320085949,3.610443278,4.861740481,0,3261,5435,5,2,2,1,1,0.02,world,2.209402557,11.18979867,15.74511498
600.784,ab3dmot,1,0,0,0.4,3.32195683,3.610245092,4.855840365,0,3264,5440,5,2,2,1,1,0.084,world,2.213589466,11.19337264,15.74919845
600.784,sort,0.6059664388,56,19,0.2388581952,12.10222446,12.15090763,13.74641475,256,3821,5430,5,1,1,1,1,0.116,world,12.44784485,19.08235237,23.42952353
600.888,ours,1,0,0,0.4,3.320085949,3.610558272,4.861700419,0,3264,5440,5,2,2,1,1,0.04,world,2.20045751,11.18670118,15.74274046
600.888,ab3dmot,1,0,0,0.4,3.32195683,3.610358334,4.855782748,0,3267,5445,5,2,2,1,1,0.088,world,2.204944831,11.19043362,15.74604194
600.888,sort,0.6062111801,56,19,0.2388224471,12.10268104,12.15112694,13.74632344,256,3825,5435,5,1,1,1,1,0.12,world,12.49901055,19.11041017,23.44226243
600.964,ours,1,0,0,0.4,3.320085949,3.610669699,4.861660357,0,3267,5445,5,2,2,1,1,0.028,world,2.195682672,11.18522407,15.74059288
600.964,ab3dmot,1,0,0,0.4,3.32195683,3.610468561,4.855725132,0,3270,5450,5,2,2,1,1,0.096,world,2.199598581,11.18813675,15.74326889
600.964,sort,0.6064556176,56,19,0.2387867647,12.10313762,12.15136684,13.74623212,256,3829,5440,5,1,1,1,1,0.136,world,12.53165116,19.12855796,23.45072293
601.036,ours,1,0,0,0.4,3.320085949,3.610778644,4.861620296,0,3270,5450,5,2,2,1,1,0.004,world,2.191533901,11.18342846,15.73709559
601.036,ab3dmot,1,0,0,0.4,3.32195683,3.610575743,4.8556906,0,3273,5455,5,2,2,1,1,0.108,world,2.194436833,11.18610588,15.74070136
601.036,sort,0.6066997519,56,19,0.2387511478,12.10268104,12.15089927,13.74614081,256,3833,5445,5,1,1,1,1,0.108,world,11.37271115,18.81459296,23.69866132
601.096,ours,1,0,0,0.4,3.320085949,3.61088402,4.86159279,0,3273,5455,5,2,2,1,1,0.016,world,2.186135541,11.18186898,15.73525555
601.096,ab3dmot,1,0,0,0.4,3.32195683,3.610679359,4.855679154,0,3276,5460,5,2,2,1,1,0.064,world,2.188214095,11.18452683,15.73789135
601.096,sort,0.6069435834,56,19,0.2387155963,12.10222446,12.15023687,13.74604949,256,3837,5450,5,1,1,1,1,0.096,world,11.03085577,18.73676804,23.79521135
601.156,ours,1,0,0,0.4,3.320085949,3.610987422,4.861577842,0,3276,5460,5,2,2,1,1,0.028,world,2.183276214,11.18112957,15.73451129
601.156,ab3dmot,1,0,0,0.4,3.32195683,3.610781008,4.855667707,0,3279,5465,5,2,2,1,1,0.092,world,2.184918054,11.18368822,15.73680831
601.156,sort,0.6071871128,56,19,0.23868011,12.10131722,12.14947857,13.74595818,256,3841,5455,5,1,1,1,1,0.092,world,10.85762488,18.70153968,23.85117482
601.2,ours,1,0,0,0.4,3.320085949,3.611087627,4.861562893,0,3279,5465,5,2,2,1,1,0.004,world,2.177432165,11.1794619,15.73195944
601.2,ab3dmot,1,0,0,0.4,3.32195683,3.610880027,4.855656261,0,3282,5470,5,2,2,1,1,0.072,world,2.177962621,11.18135068,15.73260523
601.2,sort,0.6074303406,56,19,0.2386446886,12.10040998,12.14870143,13.74586686,256,3845,5460,5,1,1,1,1,0.104,world,10.82189797,18.69713922,23.86690431
601.268,ours,1,0,0,0.4,3.320085949,3.611186312,4.861547945,0,3282,5470,5,2,2,1,1,0.02,world,2.17444879,11.1785632,15.73042104
601.268,ab3dmot,1,0,0,0.4,3.32195683,3.610978538,4.855644814,0,3285,5475,5,2,2,1,1,0.108,world,2.174229222,11.17960638,15.72887961
601.268,sort,0.6076732673,56,19,0.2386093321,12.09839113,12.14789164,13.74577555,256,3849,5465,5,1,1,1,1,0.108,world,10.7608496,18.69353056,23.90214879
601.3,ours,1,0,0,0.4,3.320085949,3.611285908,4.861532996,0,3285,5475,5,2,2,1,1,0,world,2.170596326,11.17651757,15.72307583
601.3,ab3dmot,1,0,0,0.4,3.32195683,3.611077588,4.855633368,0,3288,5480,5,2,2,1,1,0.076,world,2.170159809,11.17736181,15.72278931
601.3,sort,0.6079158936,56,19,0.2385740402,12.09637227,12.14705161,13.74568423,256,3853,5470,5,1,1,1,1,0.076,world,10.70378384,18.69052201,23.93567859
601.368,ours,1,0,0,0.4,3.320085949,3.611382968,4.861518047,0,3288,5480,5,2,2,1,1,0.008,world,2.16540665,11.17462765,15.72081181
601.368,ab3dmot,1,0,0,0.4,3.32195683,3.611175216,4.855621922,0,3291,5485,5,2,2,1,1,0.076,world,2.163994758,11.17463462,15.71776144
601.368,sort,0.6077825818,56,20,0.2387214612,12.09637227,12.1468886,13.7455016,256,3856,5475,5,2,2,1,1,0.076,world,10.61474059,18.30768032,23.31153569
601.4,ours,1,0,0,0.4,3.320085949,3.611479374,4.861503099,0,3291,5485,5,2,2,1,1,0,world,2.162209879,11.17339965,15.71764135
601.4,ab3dmot,1,0,0,0.4,3.32195683,3.611271446,4.855610475,0,3294,5490,5,2,2,1,1,0.072,world,2.160978142,11.17365731,15.71650255
601.4,sort,0.607649599,56,20,0.2388686131,12.09637227,12.14670457,13.74531898,256,3859,5480,5,2,2,1,1,0.072,world,10.57860115,18.29429959,23.31138046
601.46,ours,1,0,0,0.4,3.320085949,3.61157291,4.86148815,0,3294,5490,5,2,2,1,1,0.004,world,2.157054528,11.17183664,15.71650308
601.46,ab3dmot,1,0,0,0.4,3.32195683,3.611364719,4.855599029,0,3297,5495,5,2,2,1,1,0.1,world,2.155509416,11.1719991,15.71544606
601.46,sort,0.6075169439,56,20,0.2390154968,12.09637227,12.14651213,13.74521106,256,3862,5485,5,2,2,1,1,0.1,world,10.54672149,18.37349362,23.46660971
601.5,ours,1,0,0,0.4,3.320085949,3.611665317,4.861473202,0,3297,5495,5,2,2,1,1,0.008,world,2.154507958,11.171009,15.71510063
601.5,ab3dmot,1,0,0,0.4,3.32195683,3.611456551,4.855587582,0,3300,5500,5,2,2,1,1,0.072,world,2.15198669,11.17116688,15.71383085
601.5,sort,0.6073846154,56,20,0.2391621129,12.09637227,12.14629399,13.74510315,256,3865,5490,5,2,2,1,1,0.072,world,10.50027894,18.36351728,23.47983943
601.56,ours,1,0,0,0.4,3.320085949,3.611754892,4.861458253,0,3300,5500,5,2,2,1,1,0.036,world,2.149878253,11.16981388,15.71451605
601.56,ab3dmot,1,0,0,0.4,3.32195683,3.61154531,4.855534409,0,3303,5505,5,2,2,1,1,0.1,world,2.146888114,11.16992603,15.71350276
601.56,sort,0.6072526122,56,20,0.2393084622,12.09637227,12.14607376,13.74499524,256,3868,5495,5,2,2,1,1,0.132,world,10.50166212,18.36511716,23.48013415
601.6,ours,1,0,0,0.4,3.320085949,3.611842786,4.861438706,0,3303,5505,5,2,2,1,1,0.008,world,2.146362508,11.16929364,15.71338749
601.6,ab3dmot,1,0,0,0.4,3.32195683,3.611631602,4.85543951,0,3306,5510,5,2,2,1,1,0.076,world,2.14269157,11.16958443,15.7135497
601.6,sort,0.6071209331,56,20,0.2394545455,12.09637227,12.14583205,13.74488733,256,3871,5500,5,2,2,1,1,0.108,world,10.4628692,18.35169913,23.48237654
601.66,ours,1,0,0,0.4,3.320085949,3.611928906,4.861414561,0,3306,5510,5,2,2,1,1,0.008,world,2.143692032,11.16894388,15.71333752
601.66,ab3dmot,1,0,0,0.4,3.32195683,3.611716095,4.855344611,0,3309,5515,5,2,2,1,1,0.1,world,2.140084631,11.16921137,15.71371008
601.66,sort,0.6069895769,56,20,0.2396003633,12.09637227,12.14557188,13.74477942,256,3874,5505,5,2,2,1,1,0.1,world,10.42937754,18.34043241,23.48480812
601.7,ours,1,0,0,0.4,3.320085949,3.612013025,4.861390416,0,3309,5515,5,2,2,1,1,0,world,2.140724936,11.16877963,15.71338692
601.7,ab3dmot,1,0,0,0.4,3.32195683,3.611797149,4.855249712,0,3312,5520,5,2,2,1,1,0.076,world,2.136863949,11.16955486,15.71670464
601.7,sort,0.6068585426,56,20,0.2397459165,12.09637227,12.14530779,13.74467151,256,3877,5510,5,2,2,1,1,0.108,world,10.42334292,18.33927447,23.48616893
601.756,ours,1,0,0,0.4,3.320085949,3.612093936,4.86136627,0,3312,5520,5,2,2,1,1,0.012,world,2.136791559,11.16826968,15.71469494
601.756,ab3dmot,1,0,0,0.4,3.32195683,3.611875014,4.855154813,0,3315,5525,5,2,2,1,1,0.096,world,2.132879529,11.16893598,15.71813344
601.756,sort,0.6067278287,56,20,0.2398912058,12.09637227,12.1450271,13.7445636,256,3880,5515,5,2,2,1,1,0.096,world,10.39533054,18.33084174,23.48920442
601.792,ours,1,0,0,0.4,3.320085949,3.612172842,4.861342125,0,3315,5525,5,2,2,1,1,0.012,world,2.134027377,11.1680642,15.71548037
601.792,ab3dmot,1,0,0,0.4,3.32195683,3.6119519,4.855059913,0,3318,5530,5,2,2,1,1,0.068,world,2.130668892,11.16801665,15.71795275
601.792,sort,0.6065974343,56,20,0.2400362319,12.09637227,12.1447376,13.74445569,256,3883,5520,5,2,2,1,1,0.068,world,10.37929736,18.32642787,23.49176026
601.852,ours,1,0,0,0.4,3.320085949,3.612250032,4.86131798,0,3318,5530,5,2,2,1,1,0.036,world,2.131061477,11.16711067,15.71518902
601.852,ab3dmot,1,0,0,0.4,3.32195683,3.612026902,4.854965014,0,3321,5535,5,2,2,1,1,0.128,world,2.12795519,11.16726059,15.7180835
601.852,sort,0.6064673581,56,20,0.2401809955,12.09637227,12.14445437,13.74434778,256,3886,5525,5,2,2,1,1,0.132,world,10.39433813,18.33379784,23.49305715
601.888,ours,1,0,0,0.4,3.320085949,3.61232666,4.861293834,0,3321,5535,5,2,2,1,1,0.012,world,2.129524447,11.16647309,15.71441118
601.888,ab3dmot,1,0,0,0.4,3.32195683,3.612101674,4.854870115,0,3324,5540,5,2,2,1,1,0.096,world,2.126825263,11.16639732,15.71724951
601.888,sort,0.606337599,56,20,0.2403254973,12.09637227,12.14416202,13.74423987,256,3889,5530,5,2,2,1,1,0.096,world,10.37723586,18.32914884,23.49592285
601.92,ours,1,0,0,0.4,3.320085949,3.612403213,4.861269689,0,3324,5540,5,2,2,1,1,0.02,world,2.128407676,11.16570016,15.71308645
601.92,ab3dmot,1,0,0,0.4,3.32195683,3.612176822,4.854775216,0,3327,5545,5,2,2,1,1,0.096,world,2.12598765,11.16538201,15.71539882
601.92,sort,0.6062081558,56,20,0.240469738,12.09637227,12.14385901,13.74417715,256,3892,5535,5,2,2,1,1,0.096,world,10.35706831,18.32265898,23.49771522
601.988,ours,1,0,0,0.4,3.320085949,3.612479468,4.861245544,0,3327,5545,5,2,2,1,1,0.032,world,2.127368532,11.1651215,15.7122548
601.988,ab3dmot,1,0,0,0.4,3.32195683,3.612252751,4.854680317,0,3330,5550,5,2,2,1,1,0.1,world,2.125924914,11.16439075,15.71333734
601.988,sort,0.6060790274,56,20,0.2406137184,12.09637227,12.14353644,13.74411443,256,3895,5540,5,2,2,1,1,0.1,world,10.31936415,18.30992609,23.50057518
602.056,ours,1,0,0,0.4,3.320085949,3.612555857,4.861221399,0,3330,5550,5,2,2,1,1,0.04,world,2.126220483,11.16407855,15.71010403
602.056,ab3dmot,1,0,0,0.4,3.32195683,3.612328739,4.854622593,0,3333,5555,5,2,2,1,1,0.136,world,2.124813831,11.16336905,15.71140727
602.056,sort,0.6059502125,56,20,0.2407574391,12.09637227,12.14321097,13.74405172,256,3898,5545,5,2,2,1,1,0.168,world,10.31524502,18.31009651,23.50244172
602.088,ours,1,0,0,0.4,3.320085949,3.612633137,4.861149407,0,3333,5555,5,2,2,1,1,0,world,2.126047367,11.16327456,15.70760711
602.088,ab3dmot,1,0,0,0.4,3.32195683,3.612407681,4.854602045,0,3336,5560,5,2,2,1,1,0.068,world,2.125211722,11.16145996,15.70564195
602.088,sort,0.6058217101,56,20,0.2409009009,12.09637227,12.14302906,13.743989,256,3901,5550,5,2,2,1,1,0.068,world,10.62876711,18.32750527,23.32301338
602.12,ours,1,0,0,0.4,3.320085949,3.612711021,4.861029568,0,3336,5560,5,2,2,1,1,0.02,world,2.125839509,11.16260105,15.7057767
602.12,ab3dmot,1,0,0,0.4,3.32195683,3.612486238,4.854581498,0,3339,5565,5,2,2,1,1,0.1,world,2.125420467,11.16152012,15.70578364
602.12,sort,0.6056935191,56,20,0.2410441044,12.09637227,12.14284606,13.74392628,256,3904,5555,5,2,2,1,1,0.1,world,10.62699731,18.32778219,23.32409583
602.176,ours,1,0,0,0.4,3.320085949,3.61278934,4.86090973,0,3339,5565,5,2,2,1,1,0.024,world,2.125187417,11.16178887,15.70387274
602.176,ab3dmot,1,0,0,0.4,3.32195683,3.612567471,4.85456095,0,3342,5570,5,2,2,1,1,0.092,world,2.125681952,11.15956133,15.70055362
602.176,sort,0.6055656382,56,20,0.2411870504,12.09637227,12.14263666,13.74386356,256,3907,5560,5,2,2,1,1,0.124,world,10.57987706,18.30619251,23.31789079
602.2,ours,1,0,0,0.4,3.320085949,3.612869943,4.860789891,0,3342,5570,5,2,2,1,1,0,world,2.125842334,11.1604725,15.70003601
602.2,ab3dmot,1,0,0,0.4,3.32195683,3.612649922,4.854540402,0,3345,5575,5,2,2,1,1,0.08,world,2.126169719,11.15884003,15.69849571
602.2,sort,0.6054380665,56,20,0.2413297394,12.09637227,12.142417,13.74380084,256,3910,5565,5,2,2,1,1,0.08,world,10.56146728,18.28976657,23.30193983
602.268,ours,1,0,0,0.4,3.320085949,3.612950753,4.860670053,0,3345,5575,5,2,2,1,1,0.016,world,2.125232912,11.15992395,15.6988285
602.268,ab3dmot,1,0,0,0.4,3.32195683,3.612734157,4.854519855,0,3348,5580,5,2,2,1,1,0.08,world,2.126106976,11.15752347,15.69476059
602.268,sort,0.6053108027,56,20,0.2414721724,12.09637227,12.14218789,13.74373813,256,3913,5570,5,2,2,1,1,0.12,world,10.54530492,18.28116835,23.29706065
602.308,ours,1,0,0,0.4,3.320085949,3.613032348,4.860550214,0,3348,5580,5,2,2,1,1,0.008,world,2.125315596,11.1594036,15.69711207
602.308,ab3dmot,1,0,0,0.4,3.32195683,3.612818002,4.854499307,0,3351,5585,5,2,2,1,1,0.12,world,2.125892438,11.15759262,15.69500235
602.308,sort,0.6051838457,56,20,0.2416143498,12.09637227,12.14194887,13.74367541,256,3916,5575,5,2,2,1,1,0.088,world,10.52900471,18.26657418,23.28261756
602.368,ours,1,0,0,0.4,3.320085949,3.613113472,4.860430375,0,3351,5585,5,2,2,1,1,0.016,world,2.12515958,11.15964828,15.69763816
602.368,ab3dmot,1,0,0,0.4,3.32195683,3.612901372,4.854478759,0,3354,5590,5,2,2,1,1,0.184,world,2.125736653,11.1578376,15.69552856
602.368,sort,0.6050571945,56,20,0.2417562724,12.09637227,12.14170073,13.74361269,256,3919,5580,5,2,2,1,1,0.092,world,10.51395616,18.25417601,23.27062665
602.404,ours,1,0,0,0.4,3.320085949,3.613194361,4.860310537,0,3354,5590,5,2,2,1,1,0.004,world,2.125217781,11.15982377,15.69792252
602.404,ab3dmot,1,0,0,0.4,3.32195683,3.612984503,4.854458211,0,3357,5595,5,2,2,1,1,0.216,world,2.125794932,11.15801322,15.69581296
602.404,sort,0.6049308479,56,20,0.2418979409,12.09637227,12.14144791,13.74352651,256,3922,5585,5,2,2,1,1,0.088,world,10.50537324,18.24758458,23.26470983
602.456,ours,1,0,0,0.4,3.320085949,3.613284209,4.860190698,0,3357,5595,5,2,2,1,1,0.004,world,2.127618462,11.15490708,15.68380098
602.456,ab3dmot,1,0,0,0.4,3.32195683,3.613077956,4.854437664,0,3360,5600,5,2,2,1,1,0.072,world,2.128981723,11.15242963,15.67987594
602.456,sort,0.6048048048,56,20,0.242039356,12.09637227,12.14119163,13.74344033,256,3925,5590,5,2,2,1,1,0.072,world,10.49431001,18.24178893,23.26158322
602.5,ours,1,0,0,0.4,3.320085949,3.613373964,4.86007086,0,3360,5600,5,2,2,1,1,0.008,world,2.128185122,11.15543427,15.68444097
602.5,ab3dmot,1,0,0,0.4,3.32195683,3.613171311,4.85439671,0,3363,5605,5,2,2,1,1,0.116,world,2.129548302,11.1529571,15.68051612
602.5,sort,0.6046790642,56,20,0.2421805183,12.09637227,12.14093374,13.74335415,256,3928,5595,5,2,2,1,1,0.084,world,10.48842918,18.24027492,23.26196019
602.54,ours,1,0,0,0.4,3.320085949,3.613463665,4.860008233,0,3363,5605,5,2,2,1,1,0.024,world,2.128602311,11.15575001,15.68478203
602.54,ab3dmot,1,0,0,0.4,3.32195683,3.613264605,4.854335351,0,3366,5610,5,2,2,1,1,0.16,world,2.129965362,11.15327295,15.68085727
602.54,sort,0.6045536249,56,20,0.2423214286,12.09637227,12.14067659,13.74326797,256,3931,5600,5,2,2,1,1,0.128,world,10.4881478,18.24144071,23.26367541
602.6,ours,1,0,0,0.4,3.320085949,3.613553361,4.860002819,0,3366,5610,5,2,2,1,1,0.016,world,2.129108085,11.15610025,15.68513704
602.6,ab3dmot,1,0,0,0.4,3.32195683,3.613357887,4.854273992,0,3369,5615,5,2,2,1,1,0.216,world,2.130470949,11.15362328,15.68121237
602.6,sort,0.6044284859,56,20,0.2424620874,12.09637227,12.14041642,13.74318179,256,3934,5605,5,2,2,1,1,0.116,world,10.48030312,18.23644333,23.26008029
602.648,ours,1,0,0,0.4,3.320085949,3.613643349,4.859997405,0,3369,5615,5,2,2,1,1,0.032,world,2.130383153,11.15690328,15.6858886
602.648,ab3dmot,1,0,0,0.4,3.32195683,3.613451456,4.854212633,0,3372,5620,5,2,2,1,1,0.264,world,2.131745472,11.15442643,15.68196413
602.648,sort,0.6043036461,56,20,0.2426024955,12.09637227,12.14026292,13.74309561,256,3937,5610,5,2,2,1,1,0.1,world,10.68424117,18.31164048,23.25084195
602.7,ours,1,0,0,0.4,3.320085949,3.613733474,4.859991991,0,3372,5620,5,2,2,1,1,0.032,world,2.131151216,11.15735555,15.68628498
602.7,ab3dmot,1,0,0,0.4,3.32195683,3.613545154,4.854151274,0,3375,5625,5,2,2,1,1,0.316,world,2.132513175,11.15487873,15.6823606
602.7,sort,0.6041791045,56,20,0.2427426536,12.09637227,12.14020689,13.74300944,256,3940,5615,5,2,2,1,1,0.116,world,10.86759745,18.38074304,23.24548314
602.748,ours,1,0,0,0.4,3.320085949,3.613823781,4.859986577,0,3375,5625,5,2,2,1,1,0.036,world,2.132005397,11.15784128,15.68669495
602.748,ab3dmot,1,0,0,0.4,3.32195683,3.613639028,4.854089915,0,3378,5630,5,2,2,1,1,0.364,world,2.13336694,11.15536447,15.68277067
602.748,sort,0.6040548599,56,20,0.2428825623,12.09637227,12.14025295,13.74292326,256,3943,5620,5,2,2,1,1,0.1,world,11.05782135,18.44918191,23.23452625
602.788,ours,1,0,0,0.4,3.320085949,3.613928289,4.859981162,0,3378,5630,5,2,2,1,1,0.008,world,2.137184807,11.15099044,15.66664692
602.788,ab3dmot,1,0,0,0.4,3.32195683,3.613747715,4.854028556,0,3381,5635,5,2,2,1,1,0.076,world,2.138459668,11.14780952,15.66220439
602.788,sort,0.6039309113,56,20,0.2430222222,12.09637227,12.14040098,13.74283708,256,3946,5625,5,2,2,1,1,0.08,world,11.24374034,18.51723586,23.22563034
602.832,ours,1,0,0,0.4,3.320085949,3.614034902,4.859975748,0,3381,5635,5,2,2,1,1,0.028,world,2.138291635,11.15013688,15.66454112
602.832,ab3dmot,1,0,0,0.4,3.32195683,3.613858321,4.853967197,0,3384,5640,5,2,2,1,1,0.088,world,2.139392204,11.14702418,15.66030697
602.832,sort,0.6038072576,56,20,0.2431616341,12.09637227,12.14062656,13.7427509,256,3949,5630,5,2,2,1,1,0.092,world,11.38389492,18.56928202,23.22043595
602.9,ours,1,0,0,0.4,3.320085949,3.61414395,4.859970334,0,3384,5640,5,2,2,1,1,0.02,world,2.140883249,11.15024243,15.66337609
602.9,ab3dmot,1,0,0,0.4,3.32195683,3.613972176,4.853905838,0,3387,5645,5,2,2,1,1,0.088,world,2.1417002,11.14629957,15.65802277
602.9,sort,0.6030897207,58,20,0.242945874,12.09637227,12.14058509,13.74209945,256,3952,5635,5,2,2,1,1,0.12,world,11.3785626,18.69684941,23.45095343
602.964,ours,1,0,0,0.4,3.320085949,3.614256165,4.85996492,0,3387,5645,5,2,2,1,1,0.024,world,2.143716733,11.14924379,15.66074233
602.964,ab3dmot,1,0,0,0.4,3.32195683,3.614088094,4.853844479,0,3390,5650,5,2,2,1,1,0.084,world,2.144820296,11.14625409,15.65712015
602.964,sort,0.6023738872,58,20,0.2430851064,12.09637227,12.14046068,13.741448,256,3955,5640,5,2,2,1,1,0.116,world,11.06233137,18.55378336,23.41300136
603,ours,1,0,0,0.4,3.320085949,3.614370759,4.859959506,0,3390,5650,5,2,2,1,1,0,world,2.146138276,11.14938071,15.66011144
603,ab3dmot,1,0,0,0.4,3.32195683,3.614205812,4.853804526,0,3393,5655,5,2,2,1,1,0.056,world,2.147719813,11.14696999,15.65762351
603,sort,0.601659751,58,20,0.2432240921,12.09637227,12.14030512,13.74079655,256,3958,5645,5,2,2,1,1,0.088,world,10.85762001,18.45293891,23.37555517
603.06,ours,1,0,0,0.4,3.320085949,3.614486829,4.859937613,0,3393,5655,5,2,2,1,1,0.016,world,2.148433174,11.14962656,15.65971679
603.06,ab3dmot,1,0,0,0.4,3.32195683,3.614324062,4.853785979,0,3396,5660,5,2,2,1,1,0.12,world,2.149306741,11.14774017,15.65815027
603.06,sort,0.6009473061,58,20,0.2433628319,12.09637227,12.14000915,13.7401451,256,3961,5650,5,2,2,1,1,0.088,world,10.77622836,18.45517525,23.43658914
603.092,ours,1,0,0,0.4,3.320085949,3.614604519,4.859899242,0,3396,5660,5,2,2,1,1,0.016,world,2.150844207,11.14981625,15.65923883
603.092,ab3dmot,1,0,0,0.4,3.32195683,3.614444218,4.853767431,0,3399,5665,5,2,2,1,1,0.084,world,2.152689819,11.14794916,15.65793151
603.092,sort,0.6002365464,58,20,0.2435013263,12.09637227,12.13959457,13.73949365,256,3964,5655,5,2,2,1,1,0.088,world,10.73905601,18.4779535,23.503227
603.128,ours,1,0,0,0.4,3.320085949,3.614724178,4.859860871,0,3399,5665,5,2,2,1,1,0.02,world,2.154124555,11.15000327,15.65884821
603.128,ab3dmot,1,0,0,0.4,3.32195683,3.614565182,4.853748884,0,3402,5670,5,2,2,1,1,0.084,world,2.155370516,11.14886647,15.65883256
603.128,sort,0.599527466,58,20,0.243639576,12.09637227,12.13908243,13.7388422,256,3967,5660,5,2,2,1,1,0.088,world,10.70216412,18.49554269,23.56013065
603.176,ours,1,0,0,0.4,3.320085949,3.614845016,4.8598225,0,3402,5670,5,2,2,1,1,0,world,2.156854664,11.15070722,15.65922894
603.176,ab3dmot,1,0,0,0.4,3.32195683,3.6146871,4.853730337,0,3405,5675,5,2,2,1,1,0.068,world,2.159067413,11.1499342,15.66031009
603.176,sort,0.598820059,58,20,0.2437775816,12.09637227,12.13859177,13.73819075,256,3970,5665,5,2,2,1,1,0.1,world,10.61698861,18.44134854,23.52273791
603.208,ours,1,0,0,0.4,3.320085949,3.614967548,4.859784129,0,3405,5675,5,2,2,1,1,0.008,world,2.160150864,11.15110747,15.65944839
603.208,ab3dmot,1,0,0,0.4,3.32195683,3.614809936,4.85371179,0,3408,5680,5,2,2,1,1,0.064,world,2.16168502,11.15077607,15.66115731
603.208,sort,0.5981143194,58,20,0.2439153439,12.09637227,12.13813025,13.7375393,256,3973,5670,5,2,2,1,1,0.064,world,10.52802705,18.38368039,23.48164466
603.264,ours,1,0,0,0.4,3.320085949,3.615091788,4.859745758,0,3408,5680,5,2,2,1,1,0.02,world,2.164129656,11.15295805,15.66062816
603.264,ab3dmot,1,0,0,0.4,3.32195683,3.614934327,4.853693242,0,3411,5685,5,2,2,1,1,0.088,world,2.166444062,11.15286879,15.66325269
603.264,sort,0.5974102413,58,20,0.2440528634,12.09637227,12.13756804,13.73688785,256,3976,5675,5,2,2,1,1,0.088,world,10.49256861,18.40448161,23.54322165
603.3,ours,1,0,0,0.4,3.320085949,3.615217297,4.859707388,0,3411,5685,5,2,2,1,1,0.02,world,2.167415557,11.15374655,15.66160651
603.3,ab3dmot,1,0,0,0.4,3.32195683,3.615059878,4.853674695,0,3414,5690,5,2,2,1,1,0.056,world,2.169389137,11.15362901,15.66421429
603.3,sort,0.5967078189,58,20,0.2441901408,12.09637227,12.1369178,13.7362364,256,3979,5680,5,2,2,1,1,0.092,world,10.45545494,18.41934862,23.59556617
603.34,ours,1,0,0,0.4,3.320085949,3.615344296,4.859669017,0,3414,5690,5,2,2,1,1,0.032,world,2.170073541,11.1543171,15.66169201
603.34,ab3dmot,1,0,0,0.4,3.32195683,3.615186261,4.853656148,0,3417,5695,5,2,2,1,1,0.096,world,2.171546704,11.15461909,15.66483023
603.34,sort,0.5960070464,58,20,0.2443271768,12.09637227,12.13627176,13.73610955,256,3982,5685,5,2,2,1,1,0.132,world,10.4577568,18.42169128,23.59785325
603.388,ours,1,0,0,0.4,3.320085949,3.615472389,4.859630646,0,3417,5695,5,2,2,1,1,0.02,world,2.172732258,11.15519341,15.66243901
603.388,ab3dmot,1,0,0,0.4,3.32195683,3.615313242,4.853637601,0,3420,5700,5,2,2,1,1,0.08,world,2.174554965,11.15589266,15.66670447
603.388,sort,0.5953079179,58,20,0.2444639719,12.09637227,12.13544621,13.7359827,256,3985,5690,5,2,2,1,1,0.08,world,10.33878677,18.42816552,23.69224417
603.44,ours,1,0,0,0.4,3.320085949,3.615602645,4.859592275,0,3420,5700,5,2,2,1,1,0.032,world,2.17839329,11.15739122,15.66446896
603.44,ab3dmot,1,0,0,0.4,3.32195683,3.615441929,4.853608622,0,3423,5705,5,2,2,1,1,0.1,world,2.179706523,11.15836117,15.6689561
603.44,sort,0.5946104277,58,20,0.2446005268,12.09637227,12.13458479,13.73585585,256,3988,5695,5,2,2,1,1,0.132,world,10.34268485,18.45150385,23.73054104
603.5,ours,1,0,0,0.4,3.320085949,3.615733217,4.859556651,0,3423,5705,5,2,2,1,1,0.028,world,2.181238139,11.15898572,15.66658644
603.5,ab3dmot,1,0,0,0.4,3.32195683,3.615567713,4.853569213,0,3426,5710,5,2,2,1,1,0.092,world,2.182094145,11.16192718,15.67630181
603.5,sort,0.5939145699,58,20,0.2447368421,12.09637227,12.13361303,13.735729,256,3991,5700,5,2,2,1,1,0.092,world,10.22632363,18.43364665,23.77955308
603.536,ours,1,0,0,0.4,3.320085949,3.615863009,4.859523774,0,3426,5710,5,2,2,1,1,0.024,world,2.18607741,11.16300712,15.67334813
603.536,ab3dmot,1,0,0,0.4,3.32195683,3.615693579,4.853529804,0,3429,5715,5,2,2,1,1,0.096,world,2.18670966,11.16543004,15.68127009
603.536,sort,0.593220339,58,20,0.2448729185,12.09637227,12.13259241,13.73560216,256,3994,5705,5,2,2,1,1,0.096,world,10.1943865,18.44251091,23.81704518
603.572,ours,1,0,0,0.4,3.320085949,3.615992569,4.859490897,0,3429,5715,5,2,2,1,1,0.02,world,2.18607741,11.16300712,15.67334813
603.572,ab3dmot,1,0,0,0.4,3.32195683,3.615817432,4.853490395,0,3432,5720,5,2,2,1,1,0.1,world,2.186489983,11.16650214,15.68427994
603.572,sort,0.5925277291,58,20,0.2450087566,12.09637227,12.13152347,13.73547531,256,3997,5710,5,2,2,1,1,0.1,world,10.15703196,18.44387578,23.84532782
603.604,ours,1,0,0,0.4,3.320085949,3.616121988,4.85945802,0,3432,5720,5,2,2,1,1,0.004,world,2.188663794,11.16488181,15.67622997
603.604,ab3dmot,1,0,0,0.4,3.32195683,3.615942358,4.853450986,0,3435,5725,5,2,2,1,1,0.132,world,2.189074916,11.16765418,15.68495872
603.604,sort,0.5918367347,58,20,0.245144357,12.09508248,12.13038395,13.73534846,256,4000,5715,5,2,2,1,1,0.064,world,10.08144789,18.43514368,23.88208201
603.64,ours,1,0,0,0.4,3.320085949,3.616252502,4.859425143,0,3435,5725,5,2,2,1,1,0,world,2.19130381,11.16605413,15.67691676
603.64,ab3dmot,1,0,0,0.4,3.32195683,3.616068386,4.853411577,0,3438,5730,5,2,2,1,1,0.172,world,2.191714439,11.16882661,15.68564522
603.64,sort,0.59114735,58,20,0.2452797203,12.09388443,12.12925023,13.73522161,256,4003,5720,5,2,2,1,1,0.104,world,10.08449621,18.43767828,23.88431559
603.672,ours,1,0,0,0.4,3.320085949,3.616384138,4.859392266,0,3438,5730,5,2,2,1,1,0.012,world,2.193996685,11.1672461,15.67761092
603.672,ab3dmot,1,0,0,0.4,3.32195683,3.616195543,4.853372168,0,3441,5735,5,2,2,1,1,0.2,world,2.194406808,11.17001871,15.68633908
603.672,sort,0.5904595695,58,20,0.2454148472,12.08715173,12.12804397,13.73509477,256,4006,5725,5,2,2,1,1,0.068,world,10.01474646,18.43466175,23.9270727
603.704,ours,1,0,0,0.4,3.320085949,3.616516923,4.859359389,0,3441,5735,5,2,2,1,1,0.008,world,2.196740645,11.16845699,15.67831207
603.704,ab3dmot,1,0,0,0.4,3.32195683,3.616323857,4.853332759,0,3444,5740,5,2,2,1,1,0.232,world,2.197150248,11.17122972,15.68703994
603.704,sort,0.5897733876,58,20,0.2455497382,12.08528,12.12680609,13.73496792,256,4009,5730,5,2,2,1,1,0.064,world,9.977416832,18.43130112,23.94684212
603.74,ours,1,0,0,0.4,3.320085949,3.616650884,4.859326513,0,3444,5740,5,2,2,1,1,0.004,world,2.199533881,11.16968604,15.67901986
603.74,ab3dmot,1,0,0,0.4,3.32195683,3.616453352,4.85329335,0,3447,5745,5,2,2,1,1,0.272,world,2.199942954,11.1724589,15.68774742
603.74,sort,0.5890887986,58,20,0.2456843941,12.08428427,12.12557438,13.73492947,256,4012,5735,5,2,2,1,1,0.108,world,9.980709014,18.43389546,23.94905795
603.784,ours,1,0,0,0.4,3.320085949,3.616786043,4.859293636,0,3447,5745,5,2,2,1,1,0.012,world,2.202374554,11.17093248,15.67973389
603.784,ab3dmot,1,0,0,0.4,3.32195683,3.616584055,4.853253941,0,3450,5750,5,2,2,1,1,0.316,world,2.202783085,11.17370549,15.68846116
603.784,sort,0.5884057971,58,20,0.2458188153,12.08229806,12.1243489,13.73489103,256,4015,5740,5,2,2,1,1,0.148,world,9.984081479,18.43651359,23.95127487
603.832,ours,1,0,0,0.4,3.320085949,3.616923916,4.859260759,0,3450,5750,5,2,2,1,1,0.028,world,2.208190689,11.17347442,15.68117914
603.832,ab3dmot,1,0,0,0.4,3.32195683,3.616717476,4.853166629,0,3453,5755,5,2,2,1,1,0.36,world,2.208598103,11.17624773,15.68990582
603.832,sort,0.5877243775,58,20,0.2459530026,12.08094083,12.12313334,13.73485259,256,4018,5745,5,2,2,1,1,0.192,world,9.991057964,18.44181438,23.95570655
603.868,ours,1,0,0,0.4,3.320085949,3.617063059,4.859242274,0,3453,5755,5,2,2,1,1,0.016,world,2.211162317,11.17476832,15.68190957
603.868,ab3dmot,1,0,0,0.4,3.32195683,3.616850011,4.853031414,0,3456,5760,5,2,2,1,1,0.064,world,2.213178169,11.17801031,15.69843185
603.868,sort,0.5870445344,58,20,0.2460869565,12.07789171,12.12188872,13.73481414,256,4021,5750,5,2,2,1,1,0.196,world,9.957766988,18.43980585,23.97506507
603.932,ours,1,0,0,0.4,3.320085949,3.617201167,4.859238181,0,3456,5760,5,2,2,1,1,0.032,world,2.216084366,11.17663848,15.69109141
603.932,ab3dmot,1,0,0,0.4,3.32195683,3.616984525,4.852896199,0,3459,5765,5,2,2,1,1,0.096,world,2.216326795,11.17863939,15.69866037
603.932,sort,0.5863662623,58,20,0.2462206777,12.07574819,12.12057952,13.7347757,256,4024,5755,5,2,2,1,1,0.096,world,9.782354442,18.31274659,23.87503757
603.984,ours,1,0,0,0.4,3.320085949,3.61734184,4.859234088,0,3459,5765,5,2,2,1,1,0.024,world,2.22215996,11.17927344,15.69358497
603.984,ab3dmot,1,0,0,0.4,3.32195683,3.617121841,4.852760984,0,3462,5770,5,2,2,1,1,0.084,world,2.22215363,11.18089626,15.70092974
603.984,sort,0.5856895557,58,20,0.2463541667,12.07552638,12.11931051,13.73473725,256,4027,5760,5,2,2,1,1,0.12,world,9.755741524,18.24132435,23.76940619
604.068,ours,1,0,0,0.4,3.320085949,3.617485741,4.859229995,0,3462,5770,5,2,2,1,1,0.032,world,2.228741953,11.18155192,15.69559393
604.068,ab3dmot,1,0,0,0.4,3.32195683,3.617263834,4.853450986,0,3465,5775,5,2,2,1,1,0.1,world,2.229055645,11.18244715,15.70034279
604.068,sort,0.5850144092,58,20,0.2464874241,12.07552638,12.11805565,13.73469881,256,4030,5765,5,2,2,1,1,0.132,world,9.69193361,18.16274995,23.67668352
604.132,ours,1,0,0,0.4,3.320085949,3.617634248,4.859425143,0,3465,5775,5,2,2,1,1,0.012,world,2.236796578,11.18358761,15.69581842
604.132,ab3dmot,1,0,0,0.4,3.32195683,3.617410685,4.85371179,0,3468,5780,5,2,2,1,1,0.096,world,2.237054207,11.18456202,15.69952385
604.132,sort,0.5843408175,58,20,0.2466204506,12.07552638,12.11680177,13.73466037,256,4033,5770,5,2,2,1,1,0.096,world,9.597026406,18.07027965,23.58097494
604.2,ours,1,0,0,0.4,3.320085949,3.617786218,4.859745758,0,3468,5780,5,2,2,1,1,0.032,world,2.24388253,11.1863363,15.69700884
604.2,ab3dmot,1,0,0,0.4,3.32195683,3.617561129,4.854028556,0,3471,5785,5,2,2,1,1,0.1,world,2.244596715,11.18753298,15.70040187
604.2,sort,0.5836687752,58,20,0.2467532468,12.07552638,12.11552675,13.73462192,256,4036,5775,5,2,2,1,1,0.104,world,9.540821979,18.03952617,23.56657506
604.3,ours,1,0,0,0.4,3.320085949,3.617940791,4.859975748,0,3471,5785,5,2,2,1,1,0.036,world,2.254841991,11.19233535,15.70402556
604.3,ab3dmot,1,0,0,0.4,3.32195683,3.617712072,4.854478759,0,3474,5790,5,2,2,1,1,0.1,world,2.255444974,11.19495275,15.71091093
604.3,sort,0.5829982769,58,20,0.2468858131,12.07552638,12.11423371,13.73458348,256,4039,5780,5,2,2,1,1,0.136,world,9.486256517,18.00975121,23.55307162
604.38,ours,1,0,0,0.4,3.320085949,3.618095389,4.860310537,0,3474,5790,5,2,2,1,1,0.02,world,2.262247101,11.19732592,15.71198146
604.38,ab3dmot,1,0,0,0.4,3.32195683,3.617862194,4.854693253,0,3477,5795,5,2,2,1,1,0.08,world,2.262618816,11.20042737,15.72026006
604.38,sort,0.5832376579,59,20,0.2466724287,12.07544734,12.11354733,13.7344502,256,4043,5785,5,1,1,1,1,0.116,world,10.8529239,18.53957813,23.52908417
604.46,ours,1,0,0,0.4,3.320085949,3.618250568,4.861244688,0,3477,5795,5,2,2,1,1,0.032,world,2.269478983,11.20190001,15.71893162
604.46,ab3dmot,1,0,0,0.4,3.32195683,3.618011803,4.854652996,0,3480,5800,5,2,2,1,1,0.096,world,2.270021236,11.20573693,15.72939075
604.46,sort,0.5834767642,59,20,0.2466321244,12.07536831,12.11286236,13.73431693,256,4047,5790,5,1,1,1,1,0.128,world,10.85422478,18.53104425,23.5132288
604.512,ours,1,0,0,0.4,3.320085949,3.618404074,4.861221113,0,3480,5800,5,2,2,1,1,0.012,world,2.276908703,11.20753213,15.73008064
604.512,ab3dmot,1,0,0,0.4,3.32195683,3.618160691,4.854622593,0,3483,5805,5,2,2,1,1,0.088,world,2.276941951,11.21062529,15.73850783
604.512,sort,0.5837155963,59,20,0.2465918896,12.07268159,12.11217911,13.73418366,256,4051,5795,5,1,1,1,1,0.12,world,10.85611265,18.5229065,23.4964522
604.596,ours,1,0,0,0.4,3.320085949,3.618556868,4.861149407,0,3483,5805,5,2,2,1,1,0.016,world,2.282822603,11.21251956,15.73977754
604.596,ab3dmot,1,0,0,0.4,3.32195683,3.618305986,4.854602045,0,3486,5810,5,2,2,1,1,0.068,world,2.281983446,11.21703069,15.75334718
604.596,sort,0.5839541547,59,20,0.2465517241,12.06999487,12.11149558,13.73405038,256,4055,5800,5,1,1,1,1,0.1,world,10.85411911,18.50804613,23.47297565
604.696,ours,1,0,0,0.4,3.320085949,3.618711125,4.861029568,0,3486,5810,5,2,2,1,1,0.036,world,2.292604441,11.21875321,15.7489211
604.696,ab3dmot,1,0,0,0.4,3.32195683,3.61845235,4.854581498,0,3489,5815,5,2,2,1,1,0.1,world,2.291536029,11.22346693,15.7631094
604.696,sort,0.5841924399,59,20,0.2465116279,12.06726205,12.11081602,13.73391711,256,4059,5805,5,1,1,1,1,0.132,world,10.86039154,18.50204066,23.4586186
604.76,ours,1,0,0,0.4,3.320085949,3.618863172,4.86090973,0,3489,5815,5,2,2,1,1,0.032,world,2.295679201,11.22226093,15.75674387
604.76,ab3dmot,1,0,0,0.4,3.32195683,3.618596798,4.85456095,0,3492,5820,5,2,2,1,1,0.1,world,2.294750945,11.22683574,15.7705614
604.76,sort,0.5844304522,59,20,0.2464716007,12.06452922,12.11013414,13.73378384,256,4063,5810,5,1,1,1,1,0.1,world,10.85444567,18.4848155,23.43223414
604.844,ours,1,0,0,0.4,3.320085949,3.6190164,4.860789891,0,3492,5820,5,2,2,1,1,0.044,world,2.305854732,11.22862803,15.76694773
604.844,ab3dmot,1,0,0,0.4,3.32195683,3.618744477,4.854540402,0,3495,5825,5,2,2,1,1,0.116,world,2.30480513,11.23193146,15.77677263
604.844,sort,0.5846681922,59,20,0.2464316423,12.06404764,12.10945629,13.73365056,256,4067,5815,5,1,1,1,1,0.12,world,10.8608501,18.47853514,23.41746
604.92,ours,1,0,0,0.4,3.320085949,3.619172084,4.860670053,0,3495,5825,5,2,2,1,1,0.02,world,2.311570249,11.23098867,15.77064794
604.92,ab3dmot,1,0,0,0.4,3.32195683,3.618896505,4.854519855,0,3498,5830,5,2,2,1,1,0.096,world,2.310170516,11.23282533,15.7770748
604.92,sort,0.5849056604,59,20,0.2463917526,12.06356605,12.10877854,13.73351729,256,4071,5820,5,1,1,1,1,0.1,world,10.85960771,18.46374084,23.39254559
604.992,ours,1,0,0,0.4,3.320085949,3.619329069,4.860550214,0,3498,5830,5,2,2,1,1,0.012,world,2.316426894,11.23381297,15.77581243
604.992,ab3dmot,1,0,0,0.4,3.32195683,3.619049908,4.854499307,0,3501,5835,5,2,2,1,1,0.068,world,2.313462413,11.2345986,15.7823068
604.992,sort,0.5851428571,59,20,0.2463519313,12.06042748,12.10810245,13.73338401,256,4075,5825,5,1,1,1,1,0.1,world,10.86140302,18.45460692,23.37568973
605.092,ours,1,0,0,0.4,3.320085949,3.61948904,4.860430375,0,3501,5835,5,2,2,1,1,0.036,world,2.323877143,11.23764991,15.78138715
605.092,ab3dmot,1,0,0,0.4,3.32195683,3.619206086,4.854478759,0,3504,5840,5,2,2,1,1,0.1,world,2.319300955,11.23796374,15.78747507
605.092,sort,0.585379783,59,20,0.2463121784,12.05728892,12.10743031,13.73325074,256,4079,5830,5,1,1,1,1,0.132,world,10.86766479,18.44764534,23.36006595
605.188,ours,1,0,0,0.4,3.320085949,3.619648326,4.860310537,0,3504,5840,5,2,2,1,1,0.028,world,2.326054937,11.2405602,15.78885123
605.188,ab3dmot,1,0,0,0.4,3.32195683,3.619361043,4.854458211,0,3507,5845,5,2,2,1,1,0.096,world,2.321085646,11.2411234,15.79567104
605.188,sort,0.5856164384,59,20,0.2462724936,12.0571556,12.10675819,13.73311747,256,4083,5835,5,1,1,1,1,0.132,world,10.86630826,18.43237848,23.33455625
605.288,ours,1,0,0,0.4,3.320085949,3.619806622,4.860190698,0,3507,5845,5,2,2,1,1,0.032,world,2.331261394,11.24590757,15.80038859
605.288,ab3dmot,1,0,0,0.4,3.32195683,3.61951364,4.854437664,0,3510,5850,5,2,2,1,1,0.1,world,2.325592126,11.24712454,15.80942175
605.288,sort,0.5858528237,59,20,0.2462328767,12.05702229,12.10608809,13.73298419,256,4087,5840,5,1,1,1,1,0.132,world,10.86880533,18.41822168,23.30885602
605.356,ours,1,0,0,0.4,3.320085949,3.619962781,4.86007086,0,3510,5850,5,2,2,1,1,0.048,world,2.33465978,11.25029558,15.81045575
605.356,ab3dmot,1,0,0,0.4,3.32195683,3.619666015,4.85439671,0,3513,5855,5,2,2,1,1,0.136,world,2.330325854,11.25095333,15.8161935
605.356,sort,0.5860889396,59,20,0.2461933276,12.0562467,12.10541768,13.73285092,256,4091,5845,5,1,1,1,1,0.1,world,10.86679346,18.40172006,23.28169989
605.404,ours,1,0,0,0.4,3.320085949,3.620113171,4.860008233,0,3513,5855,5,2,2,1,1,0.012,world,2.334398322,11.25432766,15.82397749
605.404,ab3dmot,1,0,0,0.4,3.32195683,3.619812029,4.854335351,0,3516,5860,5,2,2,1,1,0.088,world,2.330233452,11.25545845,15.8309514
605.404,sort,0.5863247863,59,20,0.2461538462,12.05547112,12.10474671,13.73271765,256,4095,5850,5,1,1,1,1,0.088,world,10.86427693,18.39053539,23.26394014
605.5,ours,1,0,0,0.4,3.320085949,3.620265772,4.860002819,0,3516,5860,5,2,2,1,1,0.02,world,2.341544342,11.25831665,15.82931066
605.5,ab3dmot,1,0,0,0.4,3.32195683,3.619959486,4.854273992,0,3519,5865,5,2,2,1,1,0.112,world,2.336795983,11.25954289,15.8379403
605.5,sort,0.5865603645,59,20,0.2461144321,12.05486891,12.10407914,13.73258437,256,4099,5855,5,1,1,1,1,0.112,world,10.86948682,18.38208859,23.24674077
605.584,ours,1,0,0,0.4,3.320085949,3.620417327,4.859997405,0,3519,5865,5,2,2,1,1,0.04,world,2.344837324,11.26155159,15.83740066
605.584,ab3dmot,1,0,0,0.4,3.32195683,3.620107508,4.854212633,0,3522,5870,5,2,2,1,1,0.096,world,2.341666561,11.26240706,15.84363574
605.584,sort,0.5867956744,59,20,0.2460750853,12.0542667,12.10341293,13.7324511,256,4103,5860,5,1,1,1,1,0.132,world,10.8707558,18.37236893,23.22953896
605.652,ours,1,0,0,0.4,3.320085949,3.620568236,4.859991991,0,3522,5870,5,2,2,1,1,0.052,world,2.349294271,11.26502183,15.84485851
605.652,ab3dmot,1,0,0,0.4,3.32195683,3.620256388,4.854151274,0,3525,5875,5,2,2,1,1,0.1,world,2.347400795,11.2656034,15.84834854
605.652,sort,0.5870307167,59,20,0.2460358056,12.05411154,12.10274608,13.73231783,256,4107,5865,5,1,1,1,1,0.1,world,10.86808484,18.35507678,23.20156534
605.716,ours,1,0,0,0.4,3.320085949,3.620717519,4.859986577,0,3525,5875,5,2,2,1,1,0.016,world,2.354425496,11.2695904,15.8536588
605.716,ab3dmot,1,0,0,0.4,3.32195683,3.620404259,4.854089915,0,3528,5880,5,2,2,1,1,0.064,world,2.353943341,11.27049681,15.85624318
605.716,sort,0.5872654918,59,20,0.2459965928,12.05395639,12.10208038,13.73218455,256,4111,5870,5,1,1,1,1,0.1,world,10.86891225,18.34491561,23.18394008
605.8,ours,1,0,0,0.4,3.320085949,3.620866738,4.859981162,0,3528,5880,5,2,2,1,1,0.016,world,2.359207196,11.27298301,15.85890398
605.8,ab3dmot,1,0,0,0.4,3.32195683,3.620551877,4.854028556,0,3531,5885,5,2,2,1,1,0.048,world,2.360456184,11.27482525,15.86241954
605.892,ours,1,0,0,0.4,3.320085949,3.621017197,4.859975748,0,3531,5885,5,2,2,1,1,0.024,world,2.365867677,11.2768241,15.86398285
605.892,ab3dmot,1,0,0,0.4,3.32195683,3.620701456,4.853967197,0,3534,5890,5,2,2,1,1,0.08,world,2.367151693,11.27830812,15.86586868
605.98,ours,1,0,0,0.4,3.320085949,3.621167962,4.859970334,0,3534,5890,5,2,2,1,1,0.036,world,2.36981852,11.2793768,15.86759488
605.98,ab3dmot,1,0,0,0.4,3.32195683,3.620852557,4.853905838,0,3537,5895,5,2,2,1,1,0.096,world,2.371877958,11.28039419,15.86745865
605.98,sort,0.5869318182,60,20,0.245787234,12.05411154,12.1021452,13.73205128,256,4115,5875,5,1,1,1,1,0.132,world,12.21563893,18.96473638,23.35840849
606.056,ours,1,0,0,0.4,3.320085949,3.621320397,4.85996492,0,3537,5895,5,2,2,1,1,0.044,world,2.374768467,11.28117656,15.86919034
606.056,ab3dmot,1,0,0,0.4,3.32195683,3.621006977,4.853844479,0,3540,5900,5,2,2,1,1,0.108,world,2.377144634,11.2812309,15.86601173
606.056,sort,0.5865985236,60,20,0.2457482993,12.0542667,12.10221338,13.731918,256,4119,5880,5,1,1,1,1,0.112,world,12.22162102,18.96639225,23.35849977
606.148,ours,1,0,0,0.4,3.320085949,3.621476729,4.859959506,0,3540,5900,5,2,2,1,1,0.044,world,2.381445755,11.28250898,15.86834509
606.148,ab3dmot,1,0,0,0.4,3.32195683,3.621167116,4.853804526,0,3543,5905,5,2,2,1,1,0.1,world,2.384696244,11.28166843,15.86214728
606.148,sort,0.5862656073,60,20,0.2457094308,12.05486891,12.10228624,13.73177947,256,4123,5885,5,1,1,1,1,0.136,world,12.22991477,18.96834273,23.358184
606.204,ours,1,0,0,0.4,3.320085949,3.621635008,4.859937613,0,3543,5905,5,2,2,1,1,0.02,world,2.385272723,11.28333959,15.86788271
606.204,ab3dmot,1,0,0,0.4,3.32195683,3.621330354,4.853785979,0,3546,5910,5,2,2,1,1,0.056,world,2.388606011,11.28172662,15.85957732
606.204,sort,0.5859330686,60,20,0.2456706282,12.05547112,12.10236191,13.73164094,256,4127,5890,5,1,1,1,1,0.092,world,12.23497134,18.96947083,23.35795886
606.292,ours,1,0,0,0.4,3.320085949,3.621794686,4.859899242,0,3546,5910,5,2,2,1,1,0.028,world,2.387661246,11.28402026,15.86785176
606.292,ab3dmot,1,0,0,0.4,3.32195683,3.62149513,4.853767431,0,3549,5915,5,2,2,1,1,0.08,world,2.391515231,11.28254476,15.85945124
606.292,sort,0.585600907,60,20,0.2456318914,12.0562467,12.10244018,13.73150241,256,4131,5895,5,1,1,1,1,0.112,world,12.23963542,18.96993583,23.35692807
606.4,ours,1,0,0,0.4,3.320085949,3.621955573,4.859860871,0,3549,5915,5,2,2,1,1,0.04,world,2.391905204,11.28569885,15.86914175
606.4,ab3dmot,1,0,0,0.4,3.32195683,3.621660392,4.853748884,0,3552,5920,5,2,2,1,1,0.088,world,2.395821712,11.28480747,15.86193943
606.4,sort,0.5852691218,60,20,0.2455932203,12.05702229,12.10252192,13.73136388,256,4135,5900,5,1,1,1,1,0.12,world,12.24587143,18.97037002,23.35537259
606.484,ours,1,0,0,0.4,3.320085949,3.622116663,4.8598225,0,3552,5920,5,2,2,1,1,0.02,world,2.393778755,11.28663488,15.87012435
606.484,ab3dmot,1,0,0,0.4,3.32195683,3.621825907,4.853730337,0,3555,5925,5,2,2,1,1,0.144,world,2.397589496,11.28567494,15.86272153
606.484,sort,0.5849377123,60,20,0.2455546147,12.0571556,12.10260566,13.73122535,256,4139,5905,5,1,1,1,1,0.148,world,12.24950767,18.97029733,23.35405063
606.576,ours,1,0,0,0.4,3.320085949,3.622277838,4.859784129,0,3555,5925,5,2,2,1,1,0.04,world,2.396686587,11.28815224,15.87163914
606.576,ab3dmot,1,0,0,0.4,3.32195683,3.621990627,4.85371179,0,3558,5930,5,2,2,1,1,0.1,world,2.399121209,11.28728163,15.86509141
606.576,sort,0.584606678,60,20,0.2455160745,12.05728892,12.10269196,13.73108682,256,4143,5910,5,1,1,1,1,0.132,world,12.2541592,18.96964796,23.35165206
606.66,ours,1,0,0,0.4,3.320085949,3.622438203,4.859745758,0,3558,5930,5,2,2,1,1,0.052,world,2.396678848,11.28882285,15.87261833
606.66,ab3dmot,1,0,0,0.4,3.32195683,3.622154205,4.853693242,0,3561,5935,5,2,2,1,1,0.084,world,2.397789369,11.2877217,15.86582961
606.66,sort,0.5842760181,60,20,0.2454775993,12.06042748,12.10277963,13.73094829,256,4147,5915,5,1,1,1,1,0.116,world,12.25671469,18.96885792,23.34978388
606.752,ours,1,0,0,0.4,3.320085949,3.622597937,4.859707388,0,3561,5935,5,2,2,1,1,0.044,world,2.39616093,11.28913431,15.87233694
606.752,ab3dmot,1,0,0,0.4,3.32195683,3.622316938,4.853674695,0,3564,5940,5,2,2,1,1,0.116,world,2.397093428,11.28806805,15.86595137
606.752,sort,0.5839457321,60,20,0.2454391892,12.06356605,12.10286892,13.73080976,256,4151,5920,5,1,1,1,1,0.148,world,12.25971553,18.9671448,23.34659336
606.804,ours,1,0,0,0.4,3.320085949,3.622757417,4.859669017,0,3564,5940,5,2,2,1,1,0.004,world,2.395857158,11.28926496,15.87116923
606.804,ab3dmot,1,0,0,0.4,3.32195683,3.622479205,4.853656148,0,3567,5945,5,2,2,1,1,0.068,world,2.396250983,11.28817463,15.86479969
606.804,sort,0.5836158192,60,20,0.2454008439,12.06404764,12.10295855,13.73067123,256,4155,5925,5,1,1,1,1,0.1,world,12.26049167,18.96643487,23.34542971
606.9,ours,1,0,0,0.4,3.320085949,3.622916103,4.859630646,0,3567,5945,5,2,2,1,1,0.02,world,2.394747656,11.2889211,15.87044398
606.9,ab3dmot,1,0,0,0.4,3.32195683,3.6226422,4.853637601,0,3570,5950,5,2,2,1,1,0.06,world,2.394800937,11.28638845,15.86161564
606.9,sort,0.5832862789,60,20,0.2453625632,12.06452922,12.10304903,13.7305327,256,4159,5930,5,1,1,1,1,0.096,world,12.2621424,18.96389668,23.34165116
606.972,ours,1,0,0,0.4,3.320085949,3.623075071,4.859592275,0,3570,5950,5,2,2,1,1,0.032,world,2.393434418,11.28742694,15.86823948
606.972,ab3dmot,1,0,0,0.4,3.32195683,3.622805597,4.853608622,0,3573,5955,5,2,2,1,1,0.1,world,2.393695063,11.28480824,15.85946882
606.972,sort,0.5829571106,60,20,0.2453243471,12.06726205,12.10313971,13.73039417,256,4163,5935,5,1,1,1,1,0.1,world,12.262676,18.96187105,23.33890239
607.064,ours,1,0,0,0.4,3.320085949,3.62323394,4.859556651,0,3573,5955,5,2,2,1,1,0.048,world,2.39198509,11.28602224,15.86639884
607.064,ab3dmot,1,0,0,0.4,3.32195683,3.622967844,4.853569213,0,3576,5960,5,2,2,1,1,0.192,world,2.392046195,11.28416222,15.85923472
607.064,sort,0.5826283136,60,20,0.2452861953,12.06999487,12.10323032,13.73025564,256,4167,5940,5,1,1,1,1,0.128,world,12.26275551,18.95958581,23.33597958
607.136,ours,1,0,0,0.4,3.320085949,3.623392145,4.859523774,0,3576,5960,5,2,2,1,1,0.032,world,2.390987093,11.28542086,15.8647252
607.136,ab3dmot,1,0,0,0.4,3.32195683,3.623128645,4.853529804,0,3579,5965,5,2,2,1,1,0.1,world,2.39102502,11.28404146,15.8591549
607.136,sort,0.5822998873,60,20,0.2452481077,12.07268159,12.10332063,13.73011711,256,4171,5945,5,1,1,1,1,0.1,world,12.26238171,18.9570479,23.3328916
607.192,ours,1,0,0,0.4,3.320085949,3.623548687,4.859490897,0,3579,5965,5,2,2,1,1,0.012,world,2.388726167,11.28477676,15.8643437
607.192,ab3dmot,1,0,0,0.4,3.32195683,3.623287347,4.853490395,0,3582,5970,5,2,2,1,1,0.088,world,2.388620269,11.28363194,15.85954949
607.192,sort,0.581971831,60,20,0.245210084,12.07536831,12.10341036,13.72997858,256,4175,5950,5,1,1,1,1,0.088,world,12.26155659,18.95426486,23.32964774
607.26,ours,1,0,0,0.4,3.320085949,3.623703108,4.85945802,0,3582,5970,5,2,2,1,1,0.024,world,2.385832884,11.28399079,15.86448892
607.26,ab3dmot,1,0,0,0.4,3.32195683,3.623443572,4.853450986,0,3585,5975,5,2,2,1,1,0.124,world,2.385558564,11.28301278,15.86031518
607.26,sort,0.5816441441,60,20,0.2451721243,12.07544734,12.10349926,13.72984005,256,4179,5955,5,1,1,1,1,0.096,world,12.26028329,18.95124491,23.32625767
607.308,ours,1,0,0,0.4,3.320085949,3.623855577,4.859425143,0,3585,5975,5,2,2,1,1,0.016,world,2.383687253,11.28387996,15.86539616
607.308,ab3dmot,1,0,0,0.4,3.32195683,3.623596333,4.853411577,0,3588,5980,5,2,2,1,1,0.076,world,2.382224769,11.28349321,15.86347803
607.308,sort,0.5813168261,60,20,0.2451342282,12.07552638,12.1035876,13.72970152,256,4183,5960,5,1,1,1,1,0.112,world,12.25947988,18.94964882,23.32451092
607.356,ours,1,0,0,0.4,3.320085949,3.624005545,4.859392266,0,3588,5980,5,2,2,1,1,0.02,world,2.37998342,11.2829127,15.86554559
607.356,ab3dmot,1,0,0,0.4,3.32195683,3.623746428,4.853372168,0,3591,5985,5,2,2,1,1,0.088,world,2.378300954,11.28256219,15.86382336
607.356,sort,0.5809898763,60,20,0.2450963956,12.07563729,12.10367474,13.72956299,256,4187,5965,5,1,1,1,1,0.088,world,12.25754274,18.94670259,23.3209204
607.4,ours,1,0,0,0.4,3.320085949,3.624153242,4.859359389,0,3591,5985,5,2,2,1,1,0.028,world,2.377012278,11.28259847,15.86641425
607.4,ab3dmot,1,0,0,0.4,3.32195683,3.623893202,4.853332759,0,3594,5990,5,2,2,1,1,0.064,world,2.374418485,11.28262658,15.86623518
607.4,sort,0.580663294,60,20,0.2450586265,12.07574819,12.10376114,13.72942445,256,4191,5970,5,1,1,1,1,0.1,world,12.25641053,18.94453001,23.31907927
607.432,ours,1,0,0,0.4,3.320085949,3.624298935,4.859326513,0,3594,5990,5,2,2,1,1,0,world,2.37439386,11.28220851,15.86705333
607.432,ab3dmot,1,0,0,0.4,3.32195683,3.624038756,4.85329335,0,3597,5995,5,2,2,1,1,0.096,world,2.37262814,11.28193922,15.86598757
607.432,sort,0.5803370787,60,20,0.2450209205,12.07681995,12.10384673,13.72928592,256,4195,5975,5,1,1,1,1,0.096,world,12.25517033,18.94271765,23.31720933
607.48,ours,1,0,0,0.4,3.320085949,3.624442876,4.859293636,0,3597,5995,5,2,2,1,1,0.012,world,2.37174402,11.28160491,15.86714366
607.48,ab3dmot,1,0,0,0.4,3.32195683,3.62418194,4.853253941,0,3600,6000,5,2,2,1,1,0.08,world,2.368867758,11.28138737,15.86657043
607.532,ours,1,0,0,0.4,3.320085949,3.62458428,4.859260759,0,3600,6000,5,2,2,1,1,0.016,world,2.368592381,11.28139416,15.86829601
607.532,ab3dmot,1,0,0,0.4,3.32195683,3.624322581,4.853166629,0,3603,6005,5,2,2,1,1,0.1,world,2.36635515,11.28136626,15.86824396
607.616,ours,1,0,0,0.4,3.320085949,3.624722038,4.859242274,0,3603,6005,5,2,2,1,1,0.024,world,2.362318,11.27899789,15.86744419
607.616,ab3dmot,1,0,0,0.4,3.32195683,3.624459581,4.853031414,0,3606,6010,5,2,2,1,1,0.188,world,2.360074879,11.27896889,15.8673922
607.696,ours,1,0,0,0.4,3.320085949,3.62485594,4.859238181,0,3606,6010,5,2,2,1,1,0.032,world,2.357250558,11.27791591,15.86870894
607.696,ab3dmot,1,0,0,0.4,3.32195683,3.624591407,4.852896199,0,3609,6015,5,2,2,1,1,0.196,world,2.353847422,11.27832619,15.87070293
607.74,ours,1,0,0,0.4,3.320085949,3.624985958,4.859234088,0,3609,6015,5,2,2,1,1,0.028,world,2.352833778,11.27799234,15.87165398
607.74,ab3dmot,1,0,0,0.4,3.32195683,3.624717735,4.852760984,0,3612,6020,5,2,2,1,1,0.14,world,2.349448455,11.27954309,15.87684128
607.8,ours,1,0,0,0.4,3.320085949,3.625109574,4.859229995,0,3612,6020,5,2,2,1,1,0.004,world,2.347749797,11.27865196,15.87744566
607.8,ab3dmot,1,0,0,0.4,3.32195683,3.624838871,4.852625769,0,3615,6025,5,2,2,1,1,0.136,world,2.345933271,11.27989576,15.88131244
607.896,ours,1,0,0,0.4,3.320085949,3.625228713,4.859225902,0,3615,6025,5,2,2,1,1,0.032,world,2.339873743,11.27567443,15.87642164
607.896,ab3dmot,1,0,0,0.4,3.32195683,3.62495554,4.852490554,0,3618,6030,5,2,2,1,1,0.236,world,2.338051826,11.27691694,15.88028882
608,ours,1,0,0,0.4,3.320085949,3.625344651,4.859221809,0,3618,6030,5,2,2,1,1,0.028,world,2.334335167,11.27358671,15.87571123
608,ab3dmot,1,0,0,0.4,3.32195683,3.625070344,4.85235534,0,3621,6035,5,2,2,1,1,0.172,world,2.333134463,11.27378854,15.87812567
608.076,ours,1,0,0,0.4,3.320085949,3.625458323,4.859217716,0,3621,6035,5,2,2,1,1,0.016,world,2.324789858,11.2678678,15.86964664
608.076,ab3dmot,1,0,0,0.4,3.32195683,3.625187314,4.852220125,0,3624,6040,5,2,2,1,1,0.152,world,2.324578042,11.26527489,15.86406175
608.1,ours,1,0,0,0.4,3.320085949,3.625576521,4.859213623,0,3624,6040,5,2,2,1,1,0,world,2.324918846,11.26443269,15.86088745
608.1,ab3dmot,1,0,0,0.4,3.32195683,3.62530799,4.85208491,0,3627,6045,5,2,2,1,1,0.104,world,2.324907867,11.2625546,15.85685509
608.16,ours,1,0,0,0.4,3.320085949,3.6256924,4.85920953,0,3627,6045,5,2,2,1,1,0.028,world,2.319019874,11.26141019,15.85800086
608.16,ab3dmot,1,0,0,0.4,3.32195683,3.625428287,4.851949695,0,3630,6050,5,2,2,1,1,0.1,world,2.319342789,11.2583088,15.85032187
608.2,ours,1,0,0,0.4,3.320085949,3.62580954,4.859205436,0,3630,6050,5,2,2,1,1,0.008,world,2.316441464,11.25829466,15.85168981
608.2,ab3dmot,1,0,0,0.4,3.32195683,3.625549035,4.851879703,0,3633,6055,5,2,2,1,1,0.076,world,2.316970038,11.2558715,15.84561662
608.26,ours,1,0,0,0.4,3.320085949,3.625923091,4.859172689,0,3633,6055,5,2,2,1,1,0.036,world,2.310149155,11.25594594,15.85091707
608.26,ab3dmot,1,0,0,0.4,3.32195683,3.625666794,4.851874934,0,3636,6060,5,2,2,1,1,0.1,world,2.311307409,11.25346861,15.84367606
608.272,ours,1,0,0,0.4,3.320085949,3.62603747,4.859111287,0,3636,6060,5,2,2,1,1,0.008,world,2.311046894,11.25576945,15.84892088
608.272,ab3dmot,1,0,0,0.4,3.32195683,3.625784965,4.851870164,0,3639,6065,5,2,2,1,1,0.052,world,2.312859296,11.25395949,15.8425122
608.324,ours,1,0,0,0.4,3.320085949,3.626150319,4.859049884,0,3639,6065,5,2,2,1,1,0.024,world,2.308452598,11.25465181,15.84782246
608.324,ab3dmot,1,0,0,0.4,3.32195683,3.625901216,4.851865395,0,3642,6070,5,2,2,1,1,0.104,world,2.309660706,11.25276727,15.84212213
608.368,ours,1,0,0,0.4,3.320085949,3.626259818,4.858988482,0,3642,6070,5,2,2,1,1,0.012,world,2.302319052,11.25226608,15.84626392
608.368,ab3dmot,1,0,0,0.4,3.32195683,3.626014239,4.851860626,0,3645,6075,5,2,2,1,1,0.076,world,2.304143998,11.25074728,15.84012378
608.4,ours,1,0,0,0.4,3.320085949,3.626368485,4.85892708,0,3645,6075,5,2,2,1,1,0,world,2.299655355,11.25073477,15.84342714
608.4,ab3dmot,1,0,0,0.4,3.32195683,3.626126062,4.851855856,0,3648,6080,5,2,2,1,1,0.076,world,2.301141485,11.24926402,15.83800761
608.488,ours,1,0,0,0.4,3.320085949,3.62647439,4.858865677,0,3648,6080,5,2,2,1,1,0.032,world,2.293187064,11.24776133,15.84048461
608.488,ab3dmot,1,0,0,0.4,3.32195683,3.626236206,4.851851087,0,3651,6085,5,2,2,1,1,0.096,world,2.29533641,11.24603798,15.83267297
608.532,ours,1,0,0,0.4,3.320085949,3.626579797,4.858804275,0,3651,6085,5,2,2,1,1,0.032,world,2.290891101,11.24619889,15.83697076
608.532,ab3dmot,1,0,0,0.4,3.32195683,3.626344848,4.851846318,0,3654,6090,5,2,2,1,1,0.112,world,2.292664579,11.24491454,15.83121153
608.588,ours,1,0,0,0.4,3.320085949,3.626681738,4.858742873,0,3654,6090,5,2,2,1,1,0,world,2.284552397,11.24380271,15.8352928
608.588,ab3dmot,1,0,0,0.4,3.32195683,3.626449956,4.851841548,0,3657,6095,5,2,2,1,1,0.104,world,2.286808405,11.24302224,15.8292771
608.656,ours,1,0,0,0.4,3.320085949,3.626780348,4.858681471,0,3657,6095,5,2,2,1,1,0.04,world,2.278270513,11.24148422,15.83299397
608.656,ab3dmot,1,0,0,0.4,3.32195683,3.626551105,4.851836779,0,3660,6100,5,2,2,1,1,0.136,world,2.280072927,11.24082768,15.82830941
608.688,ours,1,0,0,0.4,3.320085949,3.626876889,4.858620068,0,3660,6100,5,2,2,1,1,0.012,world,2.274884112,11.24065141,15.83191237
608.688,ab3dmot,1,0,0,0.4,3.32195683,3.626649484,4.851823888,0,3663,6105,5,2,2,1,1,0.1,world,2.276398177,11.24044358,15.82831099
608.72,ours,1,0,0,0.4,3.320085949,3.626973172,4.858577456,0,3663,6105,5,2,2,1,1,0.016,world,2.274684258,11.24078955,15.83167373
608.72,ab3dmot,1,0,0,0.4,3.32195683,3.626747264,4.851802875,0,3666,6110,5,2,2,1,1,0.1,world,2.275953334,11.24073527,15.82859852
608.764,ours,1,0,0,0.4,3.320085949,3.627065465,4.858553634,0,3666,6110,5,2,2,1,1,0.008,world,2.267509122,11.23849354,15.83067212
608.764,ab3dmot,1,0,0,0.4,3.32195683,3.626840705,4.851781863,0,3669,6115,5,2,2,1,1,0.108,world,2.268529451,11.23860435,15.82813449
608.8,ours,1,0,0,0.4,3.320085949,3.627155543,4.858529812,0,3669,6115,5,2,2,1,1,0,world,2.263735798,11.23731352,15.83025025
608.8,ab3dmot,1,0,0,0.4,3.32195683,3.626931543,4.85176085,0,3672,6120,5,2,2,1,1,0.08,world,2.264069782,11.23752853,15.82792838
608.852,ours,1,0,0,0.4,3.320085949,3.627244147,4.85850599,0,3672,6120,5,2,2,1,1,0.032,world,2.259775374,11.23573776,15.82803298
608.852,ab3dmot,1,0,0,0.4,3.32195683,3.62702154,4.851739838,0,3675,6125,5,2,2,1,1,0.064,world,2.259752546,11.23535915,15.82431229
608.9,ours,1,0,0,0.4,3.320085949,3.627332284,4.858482168,0,3675,6125,5,2,2,1,1,0.008,world,2.256041156,11.23351365,15.82401272
608.9,ab3dmot,1,0,0,0.4,3.32195683,3.627111317,4.851718825,0,3678,6130,5,2,2,1,1,0.048,world,2.256139634,11.23291536,15.82007192
608.952,ours,1,0,0,0.4,3.320085949,3.62741728,4.858458346,0,3678,6130,5,2,2,1,1,0.024,world,2.249169545,11.23060972,15.8217584
608.952,ab3dmot,1,0,0,0.4,3.32195683,3.627198556,4.851697813,0,3681,6135,5,2,2,1,1,0.068,world,2.249406614,11.22960217,15.81677123
609,ours,1,0,0,0.4,3.320085949,3.627502673,4.858434524,0,3681,6135,5,2,2,1,1,0.012,world,2.246000667,11.22793353,15.81651444
609,ab3dmot,1,0,0,0.4,3.32195683,3.627287352,4.8516768,0,3684,6140,5,2,2,1,1,0.048,world,2.246221703,11.22606675,15.80930691
609.052,ours,1,0,0,0.4,3.320085949,3.627585755,4.858410702,0,3684,6140,5,2,2,1,1,0.028,world,2.239194099,11.22452157,15.81269213
609.052,ab3dmot,1,0,0,0.4,3.32195683,3.627373844,4.851655788,0,3687,6145,5,2,2,1,1,0.068,world,2.23947453,11.22261145,15.80562555
609.1,ours,1,0,0,0.4,3.320085949,3.627669118,4.85838688,0,3687,6145,5,2,2,1,1,0.016,world,2.235844939,11.2218767,15.80765042
609.1,ab3dmot,1,0,0,0.4,3.32195683,3.627459454,4.851634775,0,3690,6150,5,2,2,1,1,0.084,world,2.235918375,11.22060419,15.80300361
609.14,ours,1,0,0,0.4,3.320085949,3.627751142,4.858363058,0,3690,6150,5,2,2,1,1,0.036,world,2.232446673,11.22031221,15.80593166
609.14,ab3dmot,1,0,0,0.4,3.32195683,3.627543598,4.851614591,0,3693,6155,5,2,2,1,1,0.092,world,2.232482917,11.21908844,15.80157026
609.188,ours,1,0,0,0.4,3.320085949,3.627831244,4.858349289,0,3693,6155,5,2,2,1,1,0.004,world,2.229050586,11.21908228,15.80557787
609.188,ab3dmot,1,0,0,0.4,3.32195683,3.627627294,4.851595234,0,3696,6160,5,2,2,1,1,0.072,world,2.229361257,11.21699626,15.79826301
609.248,ours,1,0,0,0.4,3.320085949,3.62791013,4.858345573,0,3696,6160,5,2,2,1,1,0.04,world,2.222621194,11.21523949,15.79973189
609.248,ab3dmot,1,0,0,0.4,3.32195683,3.627708264,4.851575877,0,3699,6165,5,2,2,1,1,0.1,world,2.222685044,11.21397322,15.79561593
609.3,ours,1,0,0,0.4,3.320085949,3.627986818,4.858341857,0,3699,6165,5,2,2,1,1,0.008,world,2.216483582,11.21226148,15.79602432
609.3,ab3dmot,1,0,0,0.4,3.32195683,3.627788205,4.85155652,0,3702,6170,5,2,2,1,1,0.052,world,2.217053246,11.21047481,15.78959316
609.384,ours,1,0,0,0.4,3.320085949,3.628062491,4.858338141,0,3702,6170,5,2,2,1,1,0.02,world,2.21045036,11.2085594,15.79009542
609.384,ab3dmot,1,0,0,0.4,3.32195683,3.62786783,4.851537163,0,3705,6175,5,2,2,1,1,0.076,world,2.210710588,11.20617262,15.78211135
609.384,sort,0.5800112296,61,20,0.2448160535,12.07789171,12.10385509,13.72914739,256,4199,5980,5,1,1,1,1,0.108,world,12.11872201,18.90707955,23.34847519
609.46,ours,1,0,0,0.4,3.320085949,3.628135872,4.858334425,0,3705,6175,5,2,2,1,1,0.016,world,2.20095022,11.20344613,15.78302537
609.46,ab3dmot,1,0,0,0.4,3.32195683,3.62794545,4.851517807,0,3708,6180,5,2,2,1,1,0.08,world,2.20170683,11.20106266,15.77467868
609.46,sort,0.5796857464,61,20,0.2447786132,12.07941627,12.10385633,13.72897003,256,4203,5985,5,1,1,1,1,0.116,world,12.10606232,18.90066322,23.34480623
609.56,ours,1,0,0,0.4,3.320085949,3.628211022,4.858330709,0,3708,6180,5,2,2,1,1,0.04,world,2.195670312,11.19838612,15.77190114
609.56,ab3dmot,1,0,0,0.4,3.32195683,3.628025666,4.85149845,0,3711,6185,5,2,2,1,1,0.08,world,2.196640585,11.19556331,15.76190892
609.56,sort,0.5793606282,61,20,0.2447412354,12.07789171,12.10344968,13.72879267,256,4207,5990,5,1,1,1,1,0.112,world,11.35570546,18.54088668,23.22788803
609.632,ours,1,0,0,0.4,3.320085949,3.628287957,4.858326993,0,3711,6185,5,2,2,1,1,0.032,world,2.190644577,11.19363945,15.76069169
609.632,ab3dmot,1,0,0,0.4,3.32195683,3.62810632,4.851479093,0,3714,6190,5,2,2,1,1,0.092,world,2.191212632,11.19150206,15.75339747
609.632,sort,0.5790358744,61,20,0.2447039199,12.07681995,12.10303128,13.72861531,256,4211,5995,5,1,1,1,1,0.124,world,11.33247221,18.53004496,23.22392942
609.7,ours,1,0,0,0.4,3.320085949,3.628365948,4.858323277,0,3714,6190,5,2,2,1,1,0.024,world,2.185570938,11.18935834,15.75126622
609.7,ab3dmot,1,0,0,0.4,3.32195683,3.628188519,4.851459736,0,3717,6195,5,2,2,1,1,0.088,world,2.186258321,11.18698985,15.74293624
609.7,sort,0.5787114846,61,20,0.2446666667,12.07574819,12.10283287,13.72843795,256,4215,6000,5,1,1,1,1,0.088,world,11.74354258,18.72646016,23.28458408
609.744,ours,1,0,0,0.4,3.320085949,3.628444436,4.858319561,0,3717,6195,5,2,2,1,1,0.036,world,2.182972074,11.18719216,15.74653643
609.744,ab3dmot,1,0,0,0.4,3.32195683,3.628271407,4.85144038,0,3720,6200,5,2,2,1,1,0.1,world,2.183646325,11.18470775,15.7377669
609.744,sort,0.578387458,61,20,0.2446294754,12.07563729,12.10239593,13.72826058,256,4219,6005,5,1,1,1,1,0.1,world,11.29554228,18.68891901,23.52834633
609.8,ours,1,0,0,0.4,3.320085949,3.628524601,4.858315845,0,3720,6200,5,2,2,1,1,0.024,world,2.180443503,11.18449602,15.73905352
609.8,ab3dmot,1,0,0,0.4,3.32195683,3.628355839,4.851430085,0,3723,6205,5,2,2,1,1,0.092,world,2.180998695,11.18211363,15.73038216
609.8,sort,0.5780637941,61,20,0.2445923461,12.07552638,12.1018264,13.72808322,256,4223,6010,5,1,1,1,1,0.092,world,11.03784745,18.68107122,23.69201348
609.844,ours,1,0,0,0.4,3.320085949,3.628603381,4.85825953,0,3723,6205,5,2,2,1,1,0.032,world,2.17518749,11.18185758,15.73501008
609.844,ab3dmot,1,0,0,0.4,3.32195683,3.628438725,4.851428853,0,3726,6210,5,2,2,1,1,0.1,world,2.175679053,11.17960208,15.7265396
609.844,sort,0.5777404922,61,20,0.2445552785,12.07544734,12.10117896,13.72790586,256,4227,6015,5,1,1,1,1,0.1,world,10.88283928,18.67537385,23.78782028
609.9,ours,1,0,0,0.4,3.320085949,3.628681847,4.858150617,0,3726,6210,5,2,2,1,1,0.02,world,2.172440139,11.1803788,15.73179528
609.9,ab3dmot,1,0,0,0.4,3.32195683,3.628521119,4.851427621,0,3729,6215,5,2,2,1,1,0.092,world,2.172636836,11.17854844,15.72271913
609.9,sort,0.5770949721,61,21,0.2446843854,12.07544734,12.10117978,13.72755114,256,4230,6020,5,2,2,1,1,0.124,world,10.78107467,18.37368856,23.32331448
609.916,ours,1,0,0,0.4,3.320085949,3.628760304,4.858041703,0,3729,6215,5,2,2,1,1,0.008,world,2.1699501,11.17912574,15.72751625
609.916,ab3dmot,1,0,0,0.4,3.32195683,3.628602392,4.851426389,0,3732,6220,5,2,2,1,1,0.072,world,2.170108936,11.17777288,15.7211772
609.916,sort,0.5764508929,61,21,0.244813278,12.07544734,12.101122,13.72719641,256,4233,6025,5,2,2,1,1,0.076,world,10.6663437,18.32751588,23.32215973
609.976,ours,1,0,0,0.4,3.320085949,3.628838028,4.85793279,0,3732,6220,5,2,2,1,1,0,world,2.167517277,11.17803862,15.72549833
609.976,ab3dmot,1,0,0,0.4,3.32195683,3.628682853,4.851425157,0,3735,6225,5,2,2,1,1,0.068,world,2.167488444,11.17683207,15.71891264
609.976,sort,0.5758082497,61,21,0.2449419569,12.07544734,12.10103941,13.72684169,256,4236,6030,5,2,2,1,1,0.1,world,10.61913853,18.30875142,23.3216527
610.012,ours,1,0,0,0.4,3.320085949,3.628915991,4.857823877,0,3735,6225,5,2,2,1,1,0.008,world,2.165126962,11.17643625,15.72139703
610.012,ab3dmot,1,0,0,0.4,3.32195683,3.628762519,4.851423925,0,3738,6230,5,2,2,1,1,0.076,world,2.165101337,11.17573326,15.71727436
610.012,sort,0.5751670379,61,21,0.2450704225,12.07544734,12.10091195,13.72648697,256,4239,6035,5,2,2,1,1,0.076,world,10.53015792,18.27333757,23.32119883
610.084,ours,1,0,0,0.4,3.320085949,3.628992224,4.857714964,0,3738,6230,5,2,2,1,1,0.012,world,2.160506742,11.17446731,15.7190315
610.084,ab3dmot,1,0,0,0.4,3.32195683,3.628840373,4.851422693,0,3741,6235,5,2,2,1,1,0.084,world,2.160309141,11.17388497,15.71475239
610.084,sort,0.5745272525,61,21,0.2451986755,12.07544734,12.10077765,13.72613224,256,4242,6040,5,2,2,1,1,0.116,world,10.52238684,18.27065851,23.32046716
610.152,ours,1,0,0,0.4,3.320085949,3.629066934,4.857606051,0,3741,6235,5,2,2,1,1,0.04,world,2.156208825,11.17275279,15.7162522
610.152,ab3dmot,1,0,0,0.4,3.32195683,3.628915586,4.851421461,0,3744,6240,5,2,2,1,1,0.116,world,2.156054598,11.17276452,15.71458765
610.152,sort,0.5738888889,61,21,0.2453267163,12.07544734,12.10062554,13.72577752,256,4245,6045,5,2,2,1,1,0.12,world,10.49148936,18.25886515,23.31996041
610.232,ours,1,0,0,0.4,3.320085949,3.629144641,4.857497137,0,3744,6240,5,2,2,1,1,0.032,world,2.152398038,11.16815374,15.70499119
610.232,ab3dmot,1,0,0,0.4,3.32195683,3.628994535,4.851420229,0,3747,6245,5,2,2,1,1,0.096,world,2.15222143,11.16747117,15.70219477
610.232,sort,0.5732519423,61,21,0.2454545455,12.07544734,12.10046034,13.72549154,256,4248,6050,5,2,2,1,1,0.132,world,10.46980394,18.25088166,23.31968303
610.3,ours,1,0,0,0.4,3.320085949,3.629227338,4.857388224,0,3747,6245,5,2,2,1,1,0.024,world,2.148090071,11.1616077,15.69072722
610.3,ab3dmot,1,0,0,0.4,3.32195683,3.62908492,4.851418997,0,3750,6250,5,2,2,1,1,0.06,world,2.147290697,11.1558151,15.67576065
610.3,sort,0.572616408,61,21,0.2455821635,12.07544734,12.10027722,13.72527431,256,4251,6055,5,2,2,1,1,0.096,world,10.43748558,18.23876521,23.31963375
610.372,ours,1,0,0,0.4,3.320085949,3.629311735,4.857279311,0,3750,6250,5,2,2,1,1,0.028,world,2.144359347,11.15774048,15.68325999
610.372,ab3dmot,1,0,0,0.4,3.32195683,3.629177176,4.851416663,0,3753,6255,5,2,2,1,1,0.1,world,2.143589471,11.15171171,15.66822966
610.372,sort,0.5719822813,61,21,0.245709571,12.07544734,12.10009058,13.72505707,256,4254,6060,5,2,2,1,1,0.1,world,10.43472831,18.23860834,23.3198191
610.448,ours,1,0,0,0.4,3.320085949,3.629403495,4.857222227,0,3753,6255,5,2,2,1,1,0.044,world,2.14057333,11.1497547,15.66543518
610.448,ab3dmot,1,0,0,0.4,3.32195683,3.629274178,4.851413228,0,3756,6260,5,2,2,1,1,0.116,world,2.139758825,11.14539407,15.65578716
610.448,sort,0.5713495575,61,21,0.2458367683,12.07544734,12.09990146,13.72483984,256,4257,6065,5,2,2,1,1,0.116,world,10.43371103,18.23928755,23.32023733
610.536,ours,1,0,0,0.4,3.320085949,3.629490636,4.857216973,0,3756,6260,5,2,2,1,1,0.028,world,2.1363429,11.15022387,15.66899252
610.536,ab3dmot,1,0,0,0.4,3.32195683,3.629362552,4.851409793,0,3759,6265,5,2,2,1,1,0.1,world,2.135625432,11.14870416,15.66714693
610.536,sort,0.570718232,61,21,0.2459637562,12.07544734,12.09970727,13.72462261,256,4260,6070,5,2,2,1,1,0.132,world,10.42886689,18.23920343,23.32130264
610.624,ours,1,0,0,0.4,3.320085949,3.629572509,4.857211719,0,3759,6265,5,2,2,1,1,0.024,world,2.13353807,11.15202614,15.67613546
610.624,ab3dmot,1,0,0,0.4,3.32195683,3.629441919,4.851406358,0,3762,6270,5,2,2,1,1,0.092,world,2.132760559,11.15302815,15.68172035
610.624,sort,0.5700883002,61,21,0.246090535,12.07544734,12.09950722,13.72440537,256,4263,6075,5,2,2,1,1,0.132,world,10.41956961,18.2369176,23.32229813
610.672,ours,1,0,0,0.4,3.320085949,3.629651321,4.857206465,0,3762,6270,5,2,2,1,1,0.004,world,2.131392069,11.15262852,15.67954346
610.672,ab3dmot,1,0,0,0.4,3.32195683,3.629514803,4.851402922,0,3765,6275,5,2,2,1,1,0.072,world,2.130755425,11.1560552,15.69199747
610.672,sort,0.5694597574,61,21,0.2462171053,12.07544734,12.09930478,13.72418814,256,4266,6080,5,2,2,1,1,0.076,world,10.41700455,18.23745843,23.32352313
610.764,ours,1,0,0,0.4,3.320085949,3.629726391,4.857201211,0,3765,6275,5,2,2,1,1,0.032,world,2.129709652,11.15397887,15.68476642
610.764,ab3dmot,1,0,0,0.4,3.32195683,3.629582757,4.851399487,0,3768,6280,5,2,2,1,1,0.1,world,2.128703008,11.15809643,15.69947804
610.764,sort,0.5688325991,61,21,0.2463434675,12.07544734,12.0991087,13.72397091,256,4269,6085,5,2,2,1,1,0.132,world,10.43242165,18.24529997,23.32498099
610.848,ours,1,0,0,0.4,3.320085949,3.629797491,4.857195957,0,3768,6280,5,2,2,1,1,0.016,world,2.126807918,11.15493254,15.68986771
610.848,ab3dmot,1,0,0,0.4,3.32195683,3.629647365,4.851396052,0,3771,6285,5,2,2,1,1,0.116,world,2.125960292,11.1586626,15.70350731
610.848,sort,0.5685195377,61,21,0.2459770115,12.07536831,12.09824106,13.72386229,258,4273,6090,5,3,1,1,1,0.152,world,10.40390358,18.23666996,23.32758808
610.916,ours,1,0,0,0.4,3.320085949,3.629867582,4.857190704,0,3771,6285,5,2,2,1,1,0.028,world,2.126078427,11.15514969,15.6909734
610.916,ab3dmot,1,0,0,0.4,3.32195683,3.629711307,4.851392617,0,3774,6290,5,2,2,1,1,0.084,world,2.125225616,11.15870216,15.70384443
610.916,sort,0.5682068207,61,21,0.2456111567,12.07268159,12.0973565,13.72375367,260,4277,6095,5,3,1,1,1,0.116,world,10.36617877,18.22263292,23.32856149
610.996,ours,1,0,0,0.4,3.320085949,3.629936834,4.85718545,0,3774,6290,5,2,2,1,1,0.02,world,2.124794587,11.15501239,15.69103996
610.996,ab3dmot,1,0,0,0.4,3.32195683,3.629774069,4.851389181,0,3777,6295,5,2,2,1,1,0.096,world,2.123454121,11.15873715,15.7041736
610.996,sort,0.5678944475,61,21,0.2452459016,12.06999487,12.09646019,13.72364506,262,4281,6100,5,3,1,1,1,0.132,world,10.33927142,18.21500924,23.33182579
611.1,ours,1,0,0,0.4,3.320085949,3.63000419,4.857180196,0,3777,6295,5,2,2,1,1,0.036,world,2.123561354,11.1558955,15.69373553
611.1,ab3dmot,1,0,0,0.4,3.32195683,3.629834698,4.851385746,0,3780,6300,5,2,2,1,1,0.104,world,2.122234702,11.15976321,15.70745614
611.1,sort,0.5675824176,61,21,0.2448812449,12.06726205,12.0955467,13.72353644,264,4285,6105,5,3,1,1,1,0.136,world,10.30068758,18.20299697,23.33556298
611.2,ours,1,0,0,0.4,3.320085949,3.630068699,4.857174942,0,3780,6300,5,2,2,1,1,0.036,world,2.123118821,11.15782862,15.69912098
611.2,ab3dmot,1,0,0,0.4,3.32195683,3.629892061,4.85137995,0,3783,6305,5,2,2,1,1,0.104,world,2.122325291,11.16221696,15.71392305
611.2,sort,0.5672707304,61,21,0.2445171849,12.06452922,12.09467212,13.72342782,266,4289,6110,5,3,1,1,1,0.172,world,10.38155602,18.2378232,23.33831034
611.26,ours,1,0,0,0.4,3.320085949,3.630131136,4.857147,0,3783,6305,5,2,2,1,1,0.012,world,2.123799043,11.15968533,15.70384616
611.26,ab3dmot,1,0,0,0.4,3.32195683,3.629947564,4.851371792,0,3786,6310,5,2,2,1,1,0.096,world,2.123463755,11.16400627,15.7186738
611.26,sort,0.5669593853,61,21,0.2441537204,12.06404764,12.09381435,13.72340232,268,4293,6115,5,3,1,1,1,0.096,world,10.41525918,18.25386305,23.34124971
611.328,ours,1,0,0,0.4,3.320085949,3.630191469,4.857096371,0,3786,6310,5,2,2,1,1,0.028,world,2.12540517,11.16179307,15.70975717
611.328,ab3dmot,1,0,0,0.4,3.32195683,3.630002133,4.851363635,0,3789,6315,5,2,2,1,1,0.104,world,2.125276558,11.16540874,15.7223219
611.328,sort,0.5666483818,61,21,0.2437908497,12.06356605,12.09296947,13.72337682,270,4297,6120,5,3,1,1,1,0.104,world,10.44067423,18.2666154,23.34438613
611.4,ours,1,0,0,0.4,3.320085949,3.630250478,4.857045742,0,3789,6315,5,2,2,1,1,0.008,world,2.12716441,11.16371888,15.71404947
611.4,ab3dmot,1,0,0,0.4,3.32195683,3.630056181,4.851355477,0,3792,6320,5,2,2,1,1,0.072,world,2.12738647,11.16694271,15.72513264
611.4,sort,0.5663377193,61,21,0.2434285714,12.06042748,12.09213291,13.72335131,272,4301,6125,5,3,1,1,1,0.104,world,10.45639167,18.27552031,23.34770663
611.492,ours,1,0,0,0.4,3.320085949,3.630310246,4.856995113,0,3792,6320,5,2,2,1,1,0.032,world,2.129301018,11.16448969,15.71448837
611.492,ab3dmot,1,0,0,0.4,3.32195683,3.630113214,4.85134732,0,3795,6325,5,2,2,1,1,0.1,world,2.130557096,11.1664189,15.72180788
611.492,sort,0.5660273973,61,21,0.2432300163,12.05728892,12.09130229,13.72332581,273,4305,6130,5,2,1,1,1,0.1,world,10.46711744,18.6469456,23.99816549
611.592,ours,1,0,0,0.4,3.320085949,3.630373724,4.856944484,0,3795,6325,5,2,2,1,1,0.032,world,2.134297621,11.16454839,15.71170949
611.592,ab3dmot,1,0,0,0.4,3.32195683,3.63017697,4.851339162,0,3798,6330,5,2,2,1,1,0.1,world,2.136393199,11.16460336,15.71350895
611.592,sort,0.5657174151,61,21,0.2430317848,12.0571556,12.09047792,13.72330031,274,4309,6135,5,2,1,1,1,0.132,world,10.47848831,18.64931541,23.99333344
611.68,ours,1,0,0,0.4,3.320085949,3.630441308,4.856893855,0,3798,6330,5,2,2,1,1,0.036,world,2.139607188,11.16472208,15.70871865
611.68,ab3dmot,1,0,0,0.4,3.32195683,3.630245931,4.851331005,0,3801,6335,5,2,2,1,1,0.12,world,2.142553216,11.16419715,15.70894926
611.68,sort,0.5654077723,61,21,0.2428338762,12.05702229,12.08965936,13.72327481,275,4313,6140,5,2,1,1,1,0.12,world,10.48895713,18.65226624,23.99055391
611.756,ours,1,0,0,0.4,3.320085949,3.630512772,4.856843226,0,3801,6335,5,2,2,1,1,0.032,world,2.145745782,11.16471093,15.7066073
611.756,ab3dmot,1,0,0,0.4,3.32195683,3.630320558,4.851322847,0,3804,6340,5,2,2,1,1,0.1,world,2.149787817,11.16318113,15.70408651
611.756,sort,0.5650984683,61,21,0.2424735557,12.0562467,12.08884639,13.7232493,277,4317,6145,5,3,1,1,1,0.1,world,10.49894385,18.28316996,23.33020897
611.82,ours,1,0,0,0.4,3.320085949,3.630589652,4.856792597,0,3804,6340,5,2,2,1,1,0.028,world,2.152586374,11.1638529,15.70223086
611.82,ab3dmot,1,0,0,0.4,3.32195683,3.630400335,4.85131469,0,3807,6345,5,2,2,1,1,0.096,world,2.15586305,11.1623767,15.69960026
611.82,sort,0.5647895025,61,21,0.2421138211,12.05547112,12.08803875,13.7232238,279,4321,6150,5,3,1,1,1,0.096,world,10.50842355,18.29413216,23.34244536
611.92,ours,1,0,0,0.4,3.320085949,3.630671344,4.856741968,0,3807,6345,5,2,2,1,1,0.02,world,2.158491935,11.16339337,15.69840994
611.92,ab3dmot,1,0,0,0.4,3.32195683,3.630488969,4.851306532,0,3810,6350,5,2,2,1,1,0.1,world,2.163117427,11.15920101,15.68912929
611.92,sort,0.5644808743,61,21,0.241754671,12.05486891,12.08723591,13.7231983,281,4325,6155,5,3,1,1,1,0.132,world,10.51676355,18.29974426,23.34601864
612,ours,1,0,0,0.4,3.320085949,3.630762837,4.856691339,0,3810,6350,5,2,2,1,1,0.004,world,2.167509163,11.1610116,15.68850084
612,ab3dmot,1,0,0,0.4,3.32195683,3.630588668,4.851296318,0,3813,6355,5,2,2,1,1,0.08,world,2.172022783,11.15577428,15.67697077
612,sort,0.5641725833,61,21,0.2413961039,12.0542667,12.08643878,13.7231728,283,4329,6160,5,3,1,1,1,0.08,world,10.52703503,18.30841888,23.3535017
612.088,ours,1,0,0,0.4,3.320085949,3.63085987,4.856637338,0,3813,6355,5,2,2,1,1,0.016,world,2.173826842,11.16032951,15.68416228
612.088,ab3dmot,1,0,0,0.4,3.32195683,3.630693339,4.851371792,0,3816,6360,5,2,2,1,1,0.1,world,2.178148212,11.15540536,15.67371335
612.088,sort,0.5638646288,61,21,0.2410381184,12.05411154,12.08564635,13.7231473,285,4333,6165,5,3,1,1,1,0.1,world,10.53520659,18.31469062,23.35827539
612.152,ours,1,0,0,0.4,3.320085949,3.630962602,4.856579965,0,3816,6360,5,2,2,1,1,0.04,world,2.181208016,11.15967098,15.68065755
612.152,ab3dmot,1,0,0,0.4,3.32195683,3.630801932,4.851409793,0,3819,6365,5,2,2,1,1,0.1,world,2.184423164,11.15588834,15.67257365
612.152,sort,0.5635570104,61,21,0.2406807131,12.05395639,12.0848585,13.72312179,287,4337,6170,5,3,1,1,1,0.1,world,10.5431329,18.32036876,23.36312731
612.2,ours,1,0,0,0.4,3.320085949,3.631067751,4.856522592,0,3819,6365,5,2,2,1,1,0.012,world,2.185545345,11.15988168,15.68034798
612.2,ab3dmot,1,0,0,0.4,3.32195683,3.630912614,4.851426389,0,3822,6370,5,2,2,1,1,0.048,world,2.189185768,11.15620477,15.67373111
612.2,sort,0.5632497274,61,21,0.2403238866,12.05292384,12.08407355,13.72309629,289,4341,6175,5,3,1,1,1,0.112,world,10.54753071,18.32417619,23.36558908
612.252,ours,1,0,0,0.4,3.320085949,3.631175818,4.856465219,0,3822,6370,5,2,2,1,1,0.032,world,2.191354481,11.1613985,15.68074391
612.252,ab3dmot,1,0,0,0.4,3.32195683,3.631025921,4.851537163,0,3825,6375,5,2,2,1,1,0.068,world,2.194621295,11.15778486,15.67453848
612.252,sort,0.5629427793,61,21,0.2399676375,12.05189129,12.08329313,13.72307079,291,4345,6180,5,3,1,1,1,0.068,world,10.55533872,18.33037951,23.37060622
612.308,ours,1,0,0,0.4,3.320085949,3.631286649,4.856944484,0,3825,6375,5,2,2,1,1,0.012,world,2.195129219,11.161111,15.67957707
612.308,ab3dmot,1,0,0,0.4,3.32195683,3.631141179,4.851718825,0,3828,6380,5,2,2,1,1,0.056,world,2.197637115,11.15787226,15.67444089
612.308,sort,0.5626361656,61,21,0.2396119644,12.05146066,12.08251541,13.72304529,293,4349,6185,5,3,1,1,1,0.092,world,10.55934581,18.33354565,23.3731075
612.384,ours,1,0,0,0.4,3.320085949,3.631401179,4.857195957,0,3828,6380,5,2,2,1,1,0.02,world,2.20140488,11.16214952,15.67938955
612.384,ab3dmot,1,0,0,0.4,3.32195683,3.631258879,4.851851087,0,3831,6385,5,2,2,1,1,0.1,world,2.203123825,11.15980328,15.67569729
612.384,sort,0.5623298857,61,21,0.2392568659,12.05103003,12.08174195,13.72301978,295,4353,6190,5,3,1,1,1,0.1,world,10.56662311,18.33963088,23.37815376
612.448,ours,1,0,0,0.4,3.320085949,3.631519229,4.857606051,0,3831,6385,5,2,2,1,1,0.032,world,2.208619115,11.16377621,15.6800682
612.448,ab3dmot,1,0,0,0.4,3.32195683,3.631379263,4.852160663,0,3834,6390,5,2,2,1,1,0.096,world,2.210113947,11.16201348,15.67775545
612.448,sort,0.5617183252,61,22,0.2393866021,12.05103003,12.08166229,13.72296878,295,4356,6195,5,2,2,1,1,0.1,world,10.57391383,18.35131818,23.39417774
612.516,ours,1,0,0,0.4,3.320085949,3.631640779,4.858323277,0,3834,6390,5,2,2,1,1,0.016,world,2.216092606,11.16556892,15.68111039
612.516,ab3dmot,1,0,0,0.4,3.32195683,3.631502723,4.853032065,0,3837,6395,5,2,2,1,1,0.068,world,2.218327174,11.1642038,15.68038315
612.516,sort,0.5611080934,61,22,0.239516129,12.05103003,12.08159021,13.72291777,295,4359,6200,5,2,2,1,1,0.1,world,10.58160254,18.3582316,23.40043018
612.58,ours,1,0,0,0.4,3.320085949,3.63176569,4.858369801,0,3837,6395,5,2,2,1,1,0,world,2.223934337,11.16768254,15.68270684
612.58,ab3dmot,1,0,0,0.4,3.32195683,3.631627713,4.853253941,0,3840,6400,5,2,2,1,1,0.064,world,2.225539643,11.16752516,15.68498065
612.58,sort,0.5604991861,61,22,0.2396454472,12.05103003,12.08157669,13.72289805,295,4362,6205,5,2,2,1,1,0.096,world,10.69528687,18.40842105,23.40655755
612.664,ours,1,0,0,0.4,3.320085949,3.631892463,4.858481204,0,3840,6400,5,2,2,1,1,0.052,world,2.231372915,11.17087111,15.68699496
612.664,ab3dmot,1,0,0,0.4,3.32195683,3.63175401,4.853608622,0,3843,6405,5,2,2,1,1,0.116,world,2.232299035,11.17110574,15.68947358
612.664,sort,0.5598915989,61,22,0.2397745572,12.05103003,12.081618,13.72287833,295,4365,6210,5,2,2,1,1,0.116,world,10.80056041,18.45491852,23.41280354
612.764,ours,1,0,0,0.4,3.320085949,3.632023397,4.858583674,0,3843,6405,5,2,2,1,1,0.02,world,2.241035717,11.17491167,15.68905961
612.764,ab3dmot,1,0,0,0.4,3.32195683,3.631882995,4.853785979,0,3846,6410,5,2,2,1,1,0.184,world,2.242241716,11.17616437,15.69489739
612.764,sort,0.5592853276,61,22,0.2399034594,12.05103003,12.08171428,13.72285861,295,4368,6215,5,2,2,1,1,0.152,world,10.90054962,18.50070597,23.42152325
612.836,ours,1,0,0,0.4,3.320085949,3.632154061,4.859111287,0,3846,6410,5,2,2,1,1,0.036,world,2.248790724,11.17980027,15.69820869
612.836,ab3dmot,1,0,0,0.4,3.32195683,3.632008558,4.854273992,0,3849,6415,5,2,2,1,1,0.156,world,2.248860726,11.1831739,15.70913043
612.836,sort,0.5586803678,61,22,0.2400321543,12.05103003,12.0818753,13.72283888,295,4371,6220,5,2,2,1,1,0.092,world,11.02472094,18.55527224,23.42911901
612.912,ours,1,0,0,0.4,3.320085949,3.632280989,4.859234088,0,3849,6415,5,2,2,1,1,0.02,world,2.256248296,11.18722314,15.71399051
612.912,ab3dmot,1,0,0,0.4,3.32195683,3.632128286,4.854212633,0,3852,6420,5,2,2,1,1,0.1,world,2.255161582,11.19190445,15.72810956
612.912,sort,0.5580767153,61,22,0.2401606426,12.05103003,12.08206099,13.72281916,295,4374,6225,5,2,2,1,1,0.1,world,11.0663908,18.57550726,23.43526904
612.98,ours,1,0,0,0.4,3.320085949,3.632407872,4.85945802,0,3852,6420,5,2,2,1,1,0.016,world,2.263195059,11.19182323,15.7224415
612.98,ab3dmot,1,0,0,0.4,3.32195683,3.632247815,4.854151274,0,3855,6425,5,2,2,1,1,0.072,world,2.261895391,11.19657586,15.73675215
612.98,sort,0.5574743659,61,22,0.2402889246,12.05103003,12.08227279,13.72279944,295,4377,6230,5,2,2,1,1,0.108,world,11.11082116,18.58271255,23.43072941
613.076,ours,1,0,0,0.4,3.320085949,3.632535716,4.859784129,0,3855,6425,5,2,2,1,1,0.048,world,2.270580762,11.19601372,15.72894333
613.076,ab3dmot,1,0,0,0.4,3.32195683,3.632368517,4.854089915,0,3858,6430,5,2,2,1,1,0.1,world,2.26892792,11.20052973,15.74260519
613.076,sort,0.5568733154,61,22,0.2404170008,12.05103003,12.08251003,13.72277971,295,4380,6235,5,2,2,1,1,0.132,world,11.15369689,18.5811974,23.39806999
613.144,ours,1,0,0,0.4,3.320085949,3.632663672,4.859745758,0,3858,6430,5,2,2,1,1,0.036,world,2.277829344,11.20071848,15.7373542
613.144,ab3dmot,1,0,0,0.4,3.32195683,3.632490159,4.854028556,0,3861,6435,5,2,2,1,1,0.1,world,2.276007123,11.20476725,15.7488716
613.144,sort,0.5562735595,61,22,0.2405448718,12.05103003,12.08278281,13.72275999,295,4383,6240,5,2,2,1,1,0.1,world,11.21702257,18.57600338,23.34486523
613.208,ours,1,0,0,0.4,3.320085949,3.632792045,4.859707388,0,3861,6435,5,2,2,1,1,0.008,world,2.284582008,11.20508461,15.74490075
613.208,ab3dmot,1,0,0,0.4,3.32195683,3.632612699,4.853967197,0,3864,6440,5,2,2,1,1,0.064,world,2.28239084,11.2087001,15.75519438
613.208,sort,0.5556750941,61,22,0.240672538,12.05103003,12.08308181,13.72274027,295,4386,6245,5,2,2,1,1,0.1,world,11.26118437,18.57515075,23.31257586
613.3,ours,1,0,0,0.4,3.320085949,3.632923728,4.859669017,0,3864,6440,5,2,2,1,1,0.016,world,2.294606389,11.21016621,15.75008436
613.3,ab3dmot,1,0,0,0.4,3.32195683,3.632738478,4.853905838,0,3867,6445,5,2,2,1,1,0.06,world,2.291251215,11.21337933,15.76001175
613.3,sort,0.5550779151,61,22,0.2408,12.05103003,12.08341317,13.72272055,295,4389,6250,5,2,2,1,1,0.124,world,11.31247039,18.57708355,23.28022401
613.404,ours,1,0,0,0.4,3.320085949,3.633058146,4.859630646,0,3867,6445,5,2,2,1,1,0.028,world,2.303735143,11.21526681,15.75622848
613.404,ab3dmot,1,0,0,0.4,3.32195683,3.632867579,4.853844479,0,3870,6450,5,2,2,1,1,0.064,world,2.30009052,11.21805982,15.76457151
613.404,sort,0.5544820183,61,22,0.2409272582,12.05103003,12.0837864,13.72265286,295,4392,6255,5,2,2,1,1,0.128,world,11.38273405,18.5761522,23.22983639
613.5,ours,1,0,0,0.4,3.320085949,3.633193936,4.859592275,0,3870,6450,5,2,2,1,1,0.028,world,2.310310726,11.21903783,15.76157688
613.5,ab3dmot,1,0,0,0.4,3.32195683,3.632999773,4.853804526,0,3873,6455,5,2,2,1,1,0.06,world,2.307606964,11.22079554,15.76728134
613.5,sort,0.5538873995,61,22,0.2410543131,12.05103003,12.08419611,13.72258517,295,4395,6260,5,2,2,1,1,0.128,world,11.44720362,18.57317204,23.1799635
613.56,ours,1,0,0,0.4,3.320085949,3.633332557,4.859937613,0,3873,6455,5,2,2,1,1,0.02,world,2.317615578,11.22210704,15.76410444
613.56,ab3dmot,1,0,0,0.4,3.32195683,3.633135165,4.854335351,0,3876,6460,5,2,2,1,1,0.12,world,2.314870087,11.22373637,15.76866487
613.56,sort,0.5532940546,61,22,0.2411811652,12.05103003,12.08464398,13.72251748,295,4398,6265,5,2,2,1,1,0.088,world,11.51485922,18.57033371,23.12817593
613.656,ours,1,0,0,0.4,3.320085949,3.633476056,4.860002819,0,3876,6460,5,2,2,1,1,0.048,world,2.328415574,11.2264662,15.76613915
613.656,ab3dmot,1,0,0,0.4,3.32195683,3.633275438,4.854581498,0,3879,6465,5,2,2,1,1,0.22,world,2.325684184,11.22809925,15.77069941
613.656,sort,0.5527019797,61,22,0.241307815,12.05103003,12.08512564,13.7224498,295,4401,6270,5,2,2,1,1,0.12,world,11.56870426,18.57320699,23.09610857
613.704,ours,1,0,0,0.4,3.320085949,3.633617501,4.860048382,0,3879,6465,5,2,2,1,1,0.004,world,2.329334208,11.22907583,15.77357305
613.704,ab3dmot,1,0,0,0.4,3.32195683,3.633411536,4.85456095,0,3882,6470,5,2,2,1,1,0.132,world,2.325646442,11.2317603,15.78234794
613.704,sort,0.5521111705,61,22,0.2414342629,12.05103003,12.08563042,13.72238211,295,4404,6275,5,2,2,1,1,0.1,world,11.61154921,18.57104425,23.06271389
613.752,ours,1,0,0,0.4,3.320085949,3.633754089,4.860043389,0,3882,6470,5,2,2,1,1,0.016,world,2.331652303,11.23445357,15.78697498
613.752,ab3dmot,1,0,0,0.4,3.32195683,3.633543834,4.854540402,0,3885,6475,5,2,2,1,1,0.116,world,2.328546475,11.23671387,15.79364591
613.752,sort,0.5515216231,61,22,0.2415605096,12.05103003,12.08633327,13.72231442,295,4407,6280,5,2,2,1,1,0.08,world,11.98944818,18.836902,23.26152194
613.8,ours,1,0,0,0.4,3.320085949,3.633888312,4.860038397,0,3885,6475,5,2,2,1,1,0.008,world,2.337209148,11.24061143,15.79905996
613.8,ab3dmot,1,0,0,0.4,3.32195683,3.63366974,4.854519855,0,3888,6480,5,2,2,1,1,0.064,world,2.333368737,11.24555743,15.8137032
613.8,sort,0.5509333333,61,22,0.2416865553,12.05189129,12.08708581,13.72224673,295,4410,6285,5,2,2,1,1,0.096,world,12.07694201,18.89733912,23.30571765
613.844,ours,1,0,0,0.4,3.320085949,3.63402133,4.860033405,0,3888,6480,5,2,2,1,1,0.008,world,2.340022353,11.24365708,15.80489019
613.844,ab3dmot,1,0,0,0.4,3.32195683,3.633797103,4.854499307,0,3891,6485,5,2,2,1,1,0.112,world,2.336861801,11.24695395,15.81433712
613.844,sort,0.5503462973,61,22,0.2418124006,12.05395639,12.0878731,13.72217904,295,4413,6290,5,2,2,1,1,0.084,world,12.14113237,18.91363131,23.28942217
613.9,ours,1,0,0,0.4,3.320085949,3.634150264,4.860028413,0,3891,6485,5,2,2,1,1,0.028,world,2.342650221,11.24874571,15.81656216
613.9,ab3dmot,1,0,0,0.4,3.32195683,3.633916576,4.854478759,0,3894,6490,5,2,2,1,1,0.064,world,2.33950883,11.25491653,15.83388348
613.9,sort,0.5497605109,61,22,0.2419380461,12.0542667,12.08867935,13.72211136,295,4416,6295,5,2,2,1,1,0.1,world,12.17552521,18.91944424,23.28214392
613.964,ours,1,0,0,0.4,3.320085949,3.634279375,4.860023421,0,3894,6490,5,2,2,1,1,0.028,world,2.349060831,11.25340575,15.82355506
613.964,ab3dmot,1,0,0,0.4,3.32195683,3.634036699,4.854458211,0,3897,6495,5,2,2,1,1,0.1,world,2.346032401,11.25927402,15.84004212
613.964,sort,0.5491759702,61,22,0.2420634921,12.05547112,12.08952731,13.72204367,295,4419,6300,5,2,2,1,1,0.1,world,12.20013697,18.9174021,23.26657589
614.004,ours,1,0,0,0.4,3.320085949,3.634405521,4.860018429,0,3897,6495,5,2,2,1,1,0.02,world,2.351500786,11.25757149,15.83285108
614.004,ab3dmot,1,0,0,0.4,3.32195683,3.634154052,4.854437664,0,3900,6500,5,2,2,1,1,0.068,world,2.348642388,11.26348293,15.8488457
614.004,sort,0.5485926713,61,22,0.2421887391,12.05702229,12.09036972,13.7214353,295,4422,6305,5,2,2,1,1,0.104,world,12.20447694,18.94456953,23.31016476
614.068,ours,1,0,0,0.4,3.320085949,3.634532211,4.860013437,0,3900,6500,5,2,2,1,1,0.028,world,2.357616022,11.26181704,15.83871771
614.068,ab3dmot,1,0,0,0.4,3.32195683,3.634272119,4.85439671,0,3903,6505,5,2,2,1,1,0.1,world,2.355155052,11.26781254,15.85450684
614.068,sort,0.5483014862,61,22,0.242155309,12.0571556,12.09048559,13.72113112,295,4426,6310,5,1,1,1,1,0.1,world,12.3067282,18.98452572,23.29781938
614.1,ours,1,0,0,0.4,3.320085949,3.634655874,4.860008233,0,3903,6505,5,2,2,1,1,0.012,world,2.360169771,11.26617463,15.84784499
614.1,ab3dmot,1,0,0,0.4,3.32195683,3.63438838,4.854335351,0,3906,6510,5,2,2,1,1,0.068,world,2.358055416,11.2714703,15.86118673
614.1,sort,0.5480106101,61,22,0.2421219319,12.05728892,12.09061916,13.72082694,295,4430,6315,5,1,1,1,1,0.1,world,12.33970539,18.99433297,23.292106
614.164,ours,1,0,0,0.4,3.320085949,3.634780701,4.860002819,0,3906,6510,5,2,2,1,1,0.028,world,2.366249091,11.26988061,15.85219662
614.164,ab3dmot,1,0,0,0.4,3.32195683,3.63450636,4.854273992,0,3909,6515,5,2,2,1,1,0.096,world,2.364065042,11.2747499,15.86435923
614.164,sort,0.5477200424,61,22,0.2420886076,12.06042748,12.09079036,13.72052275,295,4434,6320,5,1,1,1,1,0.096,world,12.40929815,19.01491819,23.27984808
614.232,ours,1,0,0,0.4,3.320085949,3.634905546,4.859997405,0,3909,6515,5,2,2,1,1,0.032,world,2.371691501,11.27418461,15.85833192
614.232,ab3dmot,1,0,0,0.4,3.32195683,3.634625931,4.854212633,0,3912,6520,5,2,2,1,1,0.1,world,2.369728177,11.27804887,15.86715191
614.232,sort,0.5474297827,61,22,0.242055336,12.06356605,12.09098157,13.72021857,295,4438,6325,5,1,1,1,1,0.132,world,12.44638398,19.02675598,23.27519156
614.264,ours,1,0,0,0.4,3.320085949,3.635028276,4.859991991,0,3912,6520,5,2,2,1,1,0,world,2.370955871,11.27545074,15.86167796
614.264,ab3dmot,1,0,0,0.4,3.32195683,3.634745033,4.854151274,0,3915,6525,5,2,2,1,1,0.064,world,2.369275762,11.27820035,15.8672152
614.264,sort,0.5471398305,61,22,0.2420221169,12.06404764,12.09120423,13.71991439,295,4442,6330,5,1,1,1,1,0.104,world,12.5042991,19.04240476,23.26182191
614.3,ours,1,0,0,0.4,3.320085949,3.635150801,4.859986577,0,3915,6525,5,2,2,1,1,0,world,2.373205475,11.27754179,15.86455291
614.3,ab3dmot,1,0,0,0.4,3.32195683,3.63486548,4.854089915,0,3918,6530,5,2,2,1,1,0.068,world,2.372038504,11.27928456,15.86722575
614.3,sort,0.5468501853,61,22,0.2419889503,12.06452922,12.09146275,13.7196102,295,4446,6335,5,1,1,1,1,0.068,world,12.57007465,19.06123954,23.24885851
614.364,ours,1,0,0,0.4,3.320085949,3.635275938,4.859981162,0,3918,6530,5,2,2,1,1,0.032,world,2.379032566,11.27981962,15.86552077
614.364,ab3dmot,1,0,0,0.4,3.32195683,3.634988814,4.854028556,0,3921,6535,5,2,2,1,1,0.1,world,2.377657746,11.28130144,15.86744577
614.364,sort,0.5465608466,61,22,0.241955836,12.06726205,12.09175751,13.71930602,295,4450,6340,5,1,1,1,1,0.068,world,12.63627972,19.08108278,23.23776104
614.396,ours,1,0,0,0.4,3.320085949,3.635401446,4.859975748,0,3921,6535,5,2,2,1,1,0.004,world,2.381061242,11.28126458,15.86709838
614.396,ab3dmot,1,0,0,0.4,3.32195683,3.635113571,4.853967197,0,3924,6540,5,2,2,1,1,0.1,world,2.38002252,11.28203461,15.86711954
614.396,sort,0.5462718139,61,22,0.2419227738,12.06999487,12.09205458,13.71900184,295,4454,6345,5,1,1,1,1,0.1,world,12.64105202,19.08310049,23.23835034
614.416,ours,1,0,0,0.4,3.320085949,3.635527812,4.859970334,0,3924,6540,5,2,2,1,1,0.016,world,2.383370731,11.28235112,15.86794897
614.416,ab3dmot,1,0,0,0.4,3.32195683,3.63523981,4.853905838,0,3927,6545,5,2,2,1,1,0.088,world,2.382366049,11.28262721,15.86676362
614.416,sort,0.5459830867,61,22,0.2418897638,12.07268159,12.0923696,13.71869765,295,4458,6350,5,1,1,1,1,0.092,world,12.67408015,19.09294187,23.23273843
614.48,ours,1,0,0,0.4,3.320085949,3.635654963,4.85996492,0,3927,6545,5,2,2,1,1,0.016,world,2.385653877,11.28341832,15.86899124
614.48,ab3dmot,1,0,0,0.4,3.32195683,3.635367669,4.853844479,0,3930,6550,5,2,2,1,1,0.088,world,2.383142398,11.28227905,15.86575261
614.48,sort,0.5456946646,61,22,0.2418568057,12.07536831,12.09272092,13.71839347,295,4462,6355,5,1,1,1,1,0.088,world,12.74008224,19.11206327,23.22013804
614.5,ours,1,0,0,0.4,3.320085949,3.635782891,4.859959506,0,3930,6550,5,2,2,1,1,0,world,2.387046016,11.28409182,15.86960416
614.5,ab3dmot,1,0,0,0.4,3.32195683,3.635496599,4.853804526,0,3933,6555,5,2,2,1,1,0.104,world,2.385778523,11.28329835,15.86617376
614.5,sort,0.545406547,61,22,0.2418238994,12.07544734,12.09309027,13.71808929,295,4466,6360,5,1,1,1,1,0.072,world,12.77312579,19.1219395,23.21458819
614.56,ours,1,0,0,0.4,3.320085949,3.635913065,4.859937613,0,3933,6555,5,2,2,1,1,0.02,world,2.392107681,11.28604265,15.8704021
614.56,ab3dmot,1,0,0,0.4,3.32195683,3.635627773,4.853785979,0,3936,6560,5,2,2,1,1,0.164,world,2.390843317,11.28524958,15.86697183
614.56,sort,0.5451187335,61,22,0.2417910448,12.07552638,12.09329805,13.7177851,295,4470,6365,5,1,1,1,1,0.096,world,12.48062902,19.06403221,23.32080623
614.596,ours,1,0,0,0.4,3.320085949,3.636044209,4.859899242,0,3936,6560,5,2,2,1,1,0.008,world,2.394531064,11.28697302,15.87077852
614.596,ab3dmot,1,0,0,0.4,3.32195683,3.635759914,4.853767431,0,3939,6565,5,2,2,1,1,0.2,world,2.393268207,11.28618014,15.86734831
614.596,sort,0.5448312236,61,22,0.2417582418,12.07563729,12.09346311,13.71748092,295,4474,6370,5,1,1,1,1,0.1,world,12.40231103,19.04997534,23.35201014
614.628,ours,1,0,0,0.4,3.320085949,3.636176285,4.859860871,0,3939,6565,5,2,2,1,1,0.024,world,2.396880367,11.28787246,15.87113962
614.628,ab3dmot,1,0,0,0.4,3.32195683,3.635892986,4.853748884,0,3942,6570,5,2,2,1,1,0.232,world,2.395618979,11.28707977,15.86770947
614.628,sort,0.5445440169,61,22,0.2417254902,12.07574819,12.09362983,13.71717674,295,4478,6375,5,1,1,1,1,0.136,world,12.40570812,19.05125262,23.3523392
614.7,ours,1,0,0,0.4,3.320085949,3.636310323,4.8598225,0,3942,6570,5,2,2,1,1,0.012,world,2.401349658,11.28957608,15.87181518
614.7,ab3dmot,1,0,0,0.4,3.32195683,3.636028016,4.853730337,0,3945,6575,5,2,2,1,1,0.304,world,2.400091086,11.28878374,15.86838513
614.7,sort,0.5442571128,61,22,0.24169279,12.0763451,12.09377118,13.71687255,295,4482,6380,5,1,1,1,1,0.104,world,12.35899477,19.0362946,23.36041551
614.752,ours,1,0,0,0.4,3.320085949,3.636445358,4.859784129,0,3945,6575,5,2,2,1,1,0.04,world,2.403158669,11.29003343,15.87181824
614.752,ab3dmot,1,0,0,0.4,3.32195683,3.636171477,4.85371179,0,3948,6580,5,2,2,1,1,0.128,world,2.40357613,11.28328469,15.85602862
614.752,sort,0.5439705108,61,22,0.241660141,12.07694201,12.09392713,13.71656837,295,4486,6385,5,1,1,1,1,0.096,world,12.38638291,19.04496452,23.35692457
614.8,ours,1,0,0,0.4,3.320085949,3.63658692,4.859745758,0,3948,6580,5,2,2,1,1,0.008,world,2.408225782,11.2866587,15.86404381
614.8,ab3dmot,1,0,0,0.4,3.32195683,3.636319183,4.853693242,0,3951,6585,5,2,2,1,1,0.076,world,2.409971289,11.28265603,15.85249157
614.8,sort,0.5436842105,61,22,0.241627543,12.07741686,12.09396129,13.71626419,295,4490,6390,5,1,1,1,1,0.108,world,12.15865116,18.95886441,23.36349184
614.86,ours,1,0,0,0.4,3.320085949,3.636730118,4.859707388,0,3951,6585,5,2,2,1,1,0.016,world,2.412039556,11.28809266,15.86459106
614.86,ab3dmot,1,0,0,0.4,3.32195683,3.636468513,4.853674695,0,3954,6590,5,2,2,1,1,0.136,world,2.413779927,11.28408765,15.85303858
614.86,sort,0.5433982115,61,22,0.2415949961,12.07694201,12.09391068,13.71596,295,4494,6395,5,1,1,1,1,0.1,world,11.99737313,18.89791135,23.36839469
614.9,ours,1,0,0,0.4,3.320085949,3.63687547,4.859669017,0,3954,6590,5,2,2,1,1,0.004,world,2.416031345,11.28816453,15.86364265
614.9,ab3dmot,1,0,0,0.4,3.32195683,3.636620457,4.853656148,0,3957,6595,5,2,2,1,1,0.108,world,2.418828584,11.28412831,15.85189327
614.9,sort,0.5431125131,61,22,0.2415625,12.0763451,12.0937992,13.71582252,295,4498,6400,5,1,1,1,1,0.108,world,11.87997966,18.85474576,23.37384628
614.956,ours,1,0,0,0.4,3.320085949,3.637023056,4.859630646,0,3957,6595,5,2,2,1,1,0.016,world,2.420478641,11.28902681,15.86332537
614.956,ab3dmot,1,0,0,0.4,3.32195683,3.63677569,4.853637601,0,3960,6600,5,2,2,1,1,0.096,world,2.42536401,11.28475888,15.85108405
614.956,sort,0.5428271151,61,22,0.2415300546,12.07574819,12.09372156,13.71568503,295,4502,6405,5,1,1,1,1,0.096,world,11.94514162,18.8819042,23.37796761
615,ours,1,0,0,0.4,3.320085949,3.637172856,4.859592275,0,3960,6600,5,2,2,1,1,0.016,world,2.424455006,11.28892518,15.86209892
615,ab3dmot,1,0,0,0.4,3.32195683,3.636933052,4.853804526,0,3963,6605,5,2,2,1,1,0.076,world,2.429841693,11.28488984,15.85034965
615,sort,0.5425420168,61,22,0.2414976599,12.07563729,12.09367327,13.71554755,295,4506,6410,5,1,1,1,1,0.076,world,12.00142627,18.9057762,23.38202796
615.056,ours,1,0,0,0.4,3.320085949,3.637323783,4.859556651,0,3963,6605,5,2,2,1,1,0.024,world,2.427041747,11.28925479,15.86187109
615.056,ab3dmot,1,0,0,0.4,3.32195683,3.637091278,4.854335351,0,3966,6610,5,2,2,1,1,0.1,world,2.432348569,11.28535757,15.8506727
615.056,sort,0.5422572178,61,22,0.2414653157,12.07552638,12.09362499,13.71541006,295,4510,6415,5,1,1,1,1,0.1,world,12.00135576,18.90503303,23.38122061
615.096,ours,1,0,0,0.4,3.320085949,3.637476866,4.859523774,0,3966,6610,5,2,2,1,1,0.008,world,2.430778582,11.28942955,15.86105314
615.096,ab3dmot,1,0,0,0.4,3.32195683,3.637251101,4.854581498,0,3969,6615,5,2,2,1,1,0.076,world,2.434631258,11.28536923,15.8502669
615.096,sort,0.5419727177,61,22,0.2414330218,12.07544734,12.09357768,13.71527258,295,4514,6420,5,1,1,1,1,0.108,world,12.00311459,18.90467193,23.38029574
615.156,ours,1,0,0,0.4,3.320085949,3.63763066,4.859490897,0,3969,6615,5,2,2,1,1,0.016,world,2.432054469,11.28950545,15.86094901
615.156,ab3dmot,1,0,0,0.4,3.32195683,3.637410817,4.854894539,0,3972,6620,5,2,2,1,1,0.1,world,2.435636667,11.28602346,15.85155697
615.156,sort,0.541688516,61,22,0.2414007782,12.07536831,12.09352892,13.7151351,295,4518,6425,5,1,1,1,1,0.1,world,12.00023029,18.90218151,23.37836659
615.196,ours,1,0,0,0.4,3.320085949,3.637784982,4.85945802,0,3972,6620,5,2,2,1,1,0.008,world,2.433101312,11.28952033,15.86096327
615.196,ab3dmot,1,0,0,0.4,3.32195683,3.637570756,4.855081584,0,3975,6625,5,2,2,1,1,0.08,world,2.437037995,11.2864905,15.85214721
615.196,sort,0.5414046122,61,22,0.2413685848,12.07268159,12.09347866,13.71499761,295,4522,6430,5,1,1,1,1,0.08,world,11.99724255,18.89992769,23.37687507
615.256,ours,1,0,0,0.4,3.320085949,3.637940271,4.859425143,0,3975,6625,5,2,2,1,1,0.024,world,2.43577258,11.29018059,15.861083
615.256,ab3dmot,1,0,0,0.4,3.32195683,3.637731336,4.855207206,0,3978,6630,5,2,2,1,1,0.1,world,2.439567254,11.2873506,15.85282362
615.256,sort,0.5411210058,61,22,0.2413364413,12.06999487,12.09342893,13.71486013,295,4526,6435,5,1,1,1,1,0.1,world,11.99817162,18.89861639,23.37495319
615.3,ours,1,0,0,0.4,3.320085949,3.638095899,4.859392266,0,3978,6630,5,2,2,1,1,0.012,world,2.437688309,11.29061591,15.86163729
615.3,ab3dmot,1,0,0,0.4,3.32195683,3.637891517,4.85540814,0,3981,6635,5,2,2,1,1,0.112,world,2.440564584,11.28809139,15.85414849
615.3,sort,0.5408376963,61,22,0.2413043478,12.06726205,12.09337754,13.71472264,295,4530,6440,5,1,1,1,1,0.08,world,11.99486429,18.89612504,23.37327917
615.352,ours,1,0,0,0.4,3.320085949,3.638251802,4.859359389,0,3981,6635,5,2,2,1,1,0.032,world,2.439415384,11.29120222,15.86235446
615.352,ab3dmot,1,0,0,0.4,3.32195683,3.638051532,4.855610475,0,3984,6640,5,2,2,1,1,0.132,world,2.442166547,11.28898078,15.85565886
615.352,sort,0.5405546834,61,22,0.2412723041,12.06452922,12.09332634,13.71458516,295,4534,6445,5,1,1,1,1,0.096,world,11.99514113,18.89433457,23.37099196
615.388,ours,1,0,0,0.4,3.320085949,3.638407926,4.859326513,0,3984,6640,5,2,2,1,1,0.008,world,2.440308829,11.29121653,15.86240316
615.388,ab3dmot,1,0,0,0.4,3.32195683,3.638211988,4.855743413,0,3987,6645,5,2,2,1,1,0.104,world,2.443146533,11.28875386,15.85555046
615.388,sort,0.5402719665,61,22,0.2412403101,12.06404764,12.09327461,13.71444767,295,4538,6450,5,1,1,1,1,0.104,world,11.99401373,18.89279776,23.36957019
615.42,ours,1,0,0,0.4,3.320085949,3.638564687,4.859293636,0,3987,6645,5,2,2,1,1,0.008,world,2.44137828,11.29086693,15.86179846
615.42,ab3dmot,1,0,0,0.4,3.32195683,3.638371436,4.856012832,0,3990,6650,5,2,2,1,1,0.068,world,2.443678027,11.28955115,15.85788092
615.42,sort,0.5399895452,61,22,0.2412083656,12.06356605,12.09322099,13.71431019,295,4542,6455,5,1,1,1,1,0.068,world,11.9902624,18.88998981,23.3676602
615.484,ours,1,0,0,0.4,3.320085949,3.638720595,4.859260759,0,3990,6650,5,2,2,1,1,0.016,world,2.442346725,11.29165771,15.86405688
615.484,ab3dmot,1,0,0,0.4,3.32195683,3.638528779,4.855994557,0,3993,6655,5,2,2,1,1,0.064,world,2.444179808,11.2911986,15.86233439
615.484,sort,0.539707419,61,22,0.2411764706,12.06042748,12.09305184,13.7141727,295,4546,6460,5,1,1,1,1,0.132,world,11.76501791,18.80627554,23.3770823
615.516,ours,1,0,0,0.4,3.320085949,3.638875612,4.859242274,0,3993,6655,5,2,2,1,1,0.016,world,2.442914109,11.29232717,15.86599888
615.516,ab3dmot,1,0,0,0.4,3.32195683,3.63868537,4.855963164,0,3996,6660,5,2,2,1,1,0.064,world,2.444322612,11.29165308,15.86358151
615.516,sort,0.5394255875,61,22,0.2411446249,12.05728892,12.09282154,13.71403522,295,4550,6465,5,1,1,1,1,0.096,world,11.64367094,18.7614879,23.38244228
615.576,ours,1,0,0,0.4,3.320085949,3.639030184,4.859238181,0,3996,6660,5,2,2,1,1,0.024,world,2.443190076,11.29247821,15.86657831
615.576,ab3dmot,1,0,0,0.4,3.32195683,3.638841212,4.855931771,0,3999,6665,5,2,2,1,1,0.096,world,2.444434599,11.29199843,15.8646482
615.576,sort,0.5391440501,61,22,0.2411128284,12.0571556,12.09255346,13.71389773,295,4554,6470,5,1,1,1,1,0.096,world,11.56779211,18.73252974,23.38465107
615.62,ours,1,0,0,0.4,3.320085949,3.639184442,4.859234088,0,3999,6665,5,2,2,1,1,0.02,world,2.443033865,11.29237783,15.86649875
615.62,ab3dmot,1,0,0,0.4,3.32195683,3.638996737,4.855900378,0,4002,6670,5,2,2,1,1,0.14,world,2.444278038,11.29189792,15.86456858
615.62,sort,0.5388628065,61,22,0.2410810811,12.05702229,12.0922574,13.71376025,295,4558,6475,5,1,1,1,1,0.072,world,11.51102681,18.71147287,23.3869466
615.7,ours,1,0,0,0.4,3.320085949,3.63933816,4.859229995,0,4002,6670,5,2,2,1,1,0.008,world,2.44241408,11.29205902,15.8662934
615.7,ab3dmot,1,0,0,0.4,3.32195683,3.63915172,4.855868985,0,4005,6675,5,2,2,1,1,0.216,world,2.44365771,11.29157889,15.86436311
615.7,sort,0.5385818561,61,22,0.2410493827,12.0562467,12.09195329,13.71362276,295,4562,6480,5,1,1,1,1,0.116,world,11.49419405,18.70322138,23.38507529
615.784,ours,1,0,0,0.4,3.320085949,3.639487019,4.859225902,0,4005,6675,5,2,2,1,1,0.032,world,2.442095702,11.29500142,15.87416144
615.784,ab3dmot,1,0,0,0.4,3.32195683,3.639297818,4.855837592,0,4008,6680,5,2,2,1,1,0.068,world,2.442418701,11.29781128,15.87899705
615.784,sort,0.5383011985,61,22,0.2410177332,12.05547112,12.09173738,13.71348528,295,4566,6485,5,1,1,1,1,0.1,world,11.67026697,18.76755578,23.37944652
615.88,ours,1,0,0,0.4,3.320085949,3.639632654,4.859221809,0,4008,6680,5,2,2,1,1,0.044,world,2.44063452,11.29634669,15.87788372
615.88,ab3dmot,1,0,0,0.4,3.32195683,3.639440133,4.855806199,0,4011,6685,5,2,2,1,1,0.096,world,2.440830223,11.29960981,15.88373521
615.88,sort,0.5380208333,61,22,0.2409861325,12.05486891,12.09159213,13.7133478,295,4570,6490,5,1,1,1,1,0.132,world,11.8095672,18.8192569,23.3759919
615.952,ours,1,0,0,0.4,3.320085949,3.639774089,4.859217716,0,4011,6685,5,2,2,1,1,0.04,world,2.439360632,11.29843233,15.88346642
615.952,ab3dmot,1,0,0,0.4,3.32195683,3.639579002,4.855774806,0,4014,6690,5,2,2,1,1,0.112,world,2.439303661,11.30094647,15.8877754
615.952,sort,0.53774076,61,22,0.2409545804,12.0542667,12.09144394,13.71321031,295,4574,6495,5,1,1,1,1,0.144,world,11.80349229,18.81480717,23.37349192
616.012,ours,1,0,0,0.4,3.320085949,3.63991224,4.859213623,0,4014,6690,5,2,2,1,1,0.012,world,2.437548543,11.2993332,15.88686948
616.012,ab3dmot,1,0,0,0.4,3.32195683,3.639714607,4.855743413,0,4017,6695,5,2,2,1,1,0.064,world,2.437327978,11.30178922,15.89103219
616.012,sort,0.5374609781,61,22,0.2409230769,12.05411154,12.09129144,13.71315948,295,4578,6500,5,1,1,1,1,0.1,world,11.79470097,18.80943223,23.37122287
616.092,ours,1,0,0,0.4,3.320085949,3.640049302,4.85920953,0,4017,6695,5,2,2,1,1,0.028,world,2.435004739,11.29774817,15.88577768
616.092,ab3dmot,1,0,0,0.4,3.32195683,3.639850682,4.85571202,0,4020,6700,5,2,2,1,1,0.08,world,2.434956715,11.29874888,15.88746709
616.092,sort,0.5371814873,61,22,0.2408916218,12.05395639,12.09107936,13.71310865,295,4582,6505,5,1,1,1,1,0.116,world,11.67634629,18.76184686,23.36898118
616.148,ours,1,0,0,0.4,3.320085949,3.640185453,4.859205436,0,4020,6700,5,2,2,1,1,0.036,world,2.431927329,11.29557853,15.88402094
616.148,ab3dmot,1,0,0,0.4,3.32195683,3.639985703,4.8556906,0,4023,6705,5,2,2,1,1,0.1,world,2.431525105,11.29661982,15.88564685
616.148,sort,0.5369022869,61,22,0.2408602151,12.05292384,12.09082863,13.71305783,295,4586,6510,5,1,1,1,1,0.1,world,11.59865117,18.72988659,23.36648602
616.212,ours,1,0,0,0.4,3.320085949,3.640319622,4.859178176,0,4023,6705,5,2,2,1,1,0.012,world,2.428294424,11.29413092,15.88341049
616.212,ab3dmot,1,0,0,0.4,3.32195683,3.640118745,4.855679154,0,4026,6710,5,2,2,1,1,0.164,world,2.427891626,11.29517218,15.8850366
616.212,sort,0.5366233766,61,22,0.2408288565,12.05189129,12.09057688,13.713007,295,4590,6515,5,1,1,1,1,0.164,world,11.59609412,18.7259559,23.36241642
616.276,ours,1,0,0,0.4,3.320085949,3.640452629,4.859127748,0,4026,6710,5,2,2,1,1,0.02,world,2.426335218,11.29335498,15.88308829
616.276,ab3dmot,1,0,0,0.4,3.32195683,3.640251602,4.855667707,0,4029,6715,5,2,2,1,1,0.196,world,2.425890459,11.29345205,15.88300593
616.276,sort,0.536344756,61,22,0.240797546,12.05146066,12.09028798,13.71295617,295,4594,6520,5,1,1,1,1,0.164,world,11.52074127,18.69636764,23.36149146
616.32,ours,1,0,0,0.4,3.320085949,3.64058616,4.85907732,0,4029,6715,5,2,2,1,1,0.02,world,2.424673629,11.290947,15.87953902
616.32,ab3dmot,1,0,0,0.4,3.32195683,3.640386579,4.855656261,0,4032,6720,5,2,2,1,1,0.14,world,2.424978701,11.29005094,15.87648089
616.32,sort,0.5360664245,61,22,0.2407662835,12.05103003,12.08997591,13.71290534,295,4598,6525,5,1,1,1,1,0.112,world,11.47318306,18.6766543,23.35848676
616.376,ours,1,0,0,0.4,3.320085949,3.64071982,4.859026892,0,4032,6720,5,2,2,1,1,0,world,2.422268047,11.2882103,15.87487596
616.376,ab3dmot,1,0,0,0.4,3.32195683,3.640522876,4.855644814,0,4035,6725,5,2,2,1,1,0.1,world,2.422925944,11.28661834,15.86913303
616.376,sort,0.5357883817,61,22,0.2407350689,12.05092944,12.08964944,13.71285451,295,4602,6530,5,1,1,1,1,0.1,world,11.44325543,18.6635882,23.35676704
616.46,ours,1,0,0,0.4,3.320085949,3.640851353,4.858976464,0,4035,6725,5,2,2,1,1,0.052,world,2.418822255,11.28711814,15.87251951
616.46,ab3dmot,1,0,0,0.4,3.32195683,3.640655395,4.855633368,0,4038,6730,5,2,2,1,1,0.084,world,2.419207027,11.28722697,15.86887408
616.46,sort,0.5355106273,61,22,0.2407039021,12.05082884,12.08939536,13.71280369,295,4606,6535,5,1,1,1,1,0.116,world,11.58917224,18.71549303,23.34878995
616.528,ours,1,0,0,0.4,3.320085949,3.640979176,4.858926036,0,4038,6730,5,2,2,1,1,0.028,world,2.414146944,11.28687592,15.87223045
616.528,ab3dmot,1,0,0,0.4,3.32195683,3.640784073,4.855621922,0,4041,6735,5,2,2,1,1,0.088,world,2.414048409,11.28679941,15.86890042
616.528,sort,0.5352331606,61,22,0.2406727829,12.05058252,12.08913497,13.71275286,295,4610,6540,5,1,1,1,1,0.124,world,11.57594999,18.7077319,23.34490519
616.612,ours,1,0,0,0.4,3.320085949,3.641102973,4.858875609,0,4041,6735,5,2,2,1,1,0.012,world,2.405813397,11.28392261,15.86954273
616.612,ab3dmot,1,0,0,0.4,3.32195683,3.640908721,4.855610475,0,4044,6740,5,2,2,1,1,0.072,world,2.405236992,11.28398126,15.86518253
616.612,sort,0.5349559814,61,22,0.2406417112,12.05033619,12.08886434,13.71270203,295,4614,6545,5,1,1,1,1,0.104,world,11.55474623,18.69553694,23.33896802
616.704,ours,1,0,0,0.4,3.320085949,3.64122347,4.858825181,0,4044,6740,5,2,2,1,1,0.004,world,2.399061327,11.28220296,15.86705468
616.704,ab3dmot,1,0,0,0.4,3.32195683,3.641029298,4.855599029,0,4047,6745,5,2,2,1,1,0.064,world,2.396958258,11.2823623,15.86337501
616.704,sort,0.534679089,61,22,0.240610687,12.0496039,12.08869863,13.7126512,295,4618,6550,5,1,1,1,1,0.128,world,11.76435803,18.79910322,23.37802609
616.788,ours,1,0,0,0.4,3.320085949,3.641338311,4.858774753,0,4047,6745,5,2,2,1,1,0.016,world,2.38808857,11.27915963,15.86583203
616.788,ab3dmot,1,0,0,0.4,3.32195683,3.641143859,4.855587582,0,4050,6750,5,2,2,1,1,0.084,world,2.384983158,11.27917116,15.86256173
616.788,sort,0.5344024832,61,22,0.2405797101,12.0488716,12.08848409,13.71260037,295,4622,6555,5,1,1,1,1,0.116,world,11.66662937,18.75208259,23.36286735
616.872,ours,1,0,0,0.4,3.320085949,3.641448532,4.858724325,0,4050,6750,5,2,2,1,1,0.028,world,2.378536004,11.2770433,15.86473163
616.872,ab3dmot,1,0,0,0.4,3.32195683,3.6412535,4.855568496,0,4053,6755,5,2,2,1,1,0.068,world,2.374602623,11.27693865,15.8618114
616.872,sort,0.5341261634,61,22,0.2405487805,12.04775663,12.08826775,13.71254955,295,4626,6560,5,1,1,1,1,0.1,world,11.66257078,18.75027129,23.36279899
616.96,ours,1,0,0,0.4,3.320085949,3.641554711,4.858695878,0,4053,6755,5,2,2,1,1,0.052,world,2.369764419,11.27458171,15.86297553
616.96,ab3dmot,1,0,0,0.4,3.32195683,3.641358925,4.85554177,0,4056,6760,5,2,2,1,1,0.088,world,2.36545971,11.27450918,15.86020393
616.96,sort,0.5338501292,61,22,0.2405178979,12.04664167,12.08804902,13.71249872,295,4630,6565,5,1,1,1,1,0.124,world,11.65734704,18.7470178,23.36112132
617.056,ours,1,0,0,0.4,3.320085949,3.641654297,4.858689412,0,4056,6760,5,2,2,1,1,0.048,world,2.356443515,11.27128191,15.86117271
617.056,ab3dmot,1,0,0,0.4,3.32195683,3.641457635,4.855515044,0,4059,6765,5,2,2,1,1,0.084,world,2.352341227,11.27149354,15.85860686
617.056,sort,0.5335743802,61,22,0.2404870624,12.04654196,12.08782619,13.71244789,295,4634,6570,5,1,1,1,1,0.132,world,11.64868515,18.74164857,23.35826711
617.12,ours,1,0,0,0.4,3.320085949,3.64174977,4.858682946,0,4059,6765,5,2,2,1,1,0.02,world,2.347103057,11.26889825,15.85811913
617.12,ab3dmot,1,0,0,0.4,3.32195683,3.641552658,4.855488318,0,4062,6770,5,2,2,1,1,0.088,world,2.343778818,11.26878276,15.85578006
617.12,sort,0.5332989158,61,22,0.2404562738,12.04644225,12.08760095,13.71239706,295,4638,6575,5,1,1,1,1,0.088,world,11.64336777,18.73938317,23.35812231
617.176,ours,1,0,0,0.4,3.320085949,3.641843728,4.858676481,0,4062,6770,5,2,2,1,1,0.008,world,2.342733569,11.26711272,15.85587815
617.176,ab3dmot,1,0,0,0.4,3.32195683,3.641647145,4.855461592,0,4065,6775,5,2,2,1,1,0.08,world,2.339390154,11.26629484,15.85121034
617.176,sort,0.5330237358,61,22,0.2404255319,12.0457359,12.08737434,13.71234623,295,4642,6580,5,1,1,1,1,0.116,world,11.64014453,18.73748476,23.35716732
617.236,ours,1,0,0,0.4,3.320085949,3.641934186,4.858670015,0,4065,6775,5,2,2,1,1,0.016,world,2.334141739,11.26398679,15.85290825
617.236,ab3dmot,1,0,0,0.4,3.32195683,3.641737766,4.855434866,0,4068,6780,5,2,2,1,1,0.1,world,2.331313833,11.26344995,15.849827
617.236,sort,0.5327488396,61,22,0.2403948368,12.04502956,12.08714469,13.71229541,295,4646,6585,5,1,1,1,1,0.1,world,11.63356409,18.73378472,23.35546488
617.276,ours,1,0,0,0.4,3.320085949,3.64202235,4.858663549,0,4068,6780,5,2,2,1,1,0.008,world,2.329836772,11.26273932,15.85255265
617.276,ab3dmot,1,0,0,0.4,3.32195683,3.64182622,4.85540814,0,4071,6785,5,2,2,1,1,0.076,world,2.327022765,11.26204209,15.84936491
617.276,sort,0.5324742268,61,22,0.2403641882,12.04300863,12.08691395,13.71224458,295,4650,6590,5,1,1,1,1,0.08,world,11.63090147,18.7331205,23.35609597
617.332,ours,1,0,0,0.4,3.320085949,3.642106619,4.858657083,0,4071,6785,5,2,2,1,1,0.024,world,2.320885979,11.25958938,15.85052646
617.332,ab3dmot,1,0,0,0.4,3.32195683,3.641910721,4.855381415,0,4074,6790,5,2,2,1,1,0.096,world,2.31858377,11.25898936,15.84809122
617.332,sort,0.532199897,61,22,0.2403335861,12.04098771,12.08667957,13.71219375,295,4654,6595,5,1,1,1,1,0.096,world,11.62309915,18.72801976,23.35286405
617.396,ours,1,0,0,0.4,3.320085949,3.642188936,4.858650617,0,4074,6790,5,2,2,1,1,0.028,world,2.316281888,11.2579117,15.84930161
617.396,ab3dmot,1,0,0,0.4,3.32195683,3.641993842,4.855354689,0,4077,6795,5,2,2,1,1,0.096,world,2.313467495,11.25664538,15.84538648
617.396,sort,0.5319258496,61,22,0.2403030303,12.04092448,12.08644402,13.71207523,295,4658,6600,5,1,1,1,1,0.096,world,11.6202315,18.72731188,23.35352335
617.432,ours,1,0,0,0.4,3.320085949,3.64226967,4.858644152,0,4077,6795,5,2,2,1,1,0.02,world,2.310892334,11.25577434,15.84653239
617.432,ab3dmot,1,0,0,0.4,3.32195683,3.64207517,4.855327963,0,4080,6800,5,2,2,1,1,0.1,world,2.308826447,11.25481985,15.84379998
617.432,sort,0.5316520844,61,22,0.2402725208,12.04086125,12.08620686,13.71195671,295,4662,6605,5,1,1,1,1,0.1,world,11.61651163,18.72529764,23.35262325
617.488,ours,1,0,0,0.4,3.320085949,3.64234664,4.858637686,0,4080,6800,5,2,2,1,1,0.024,world,2.301838734,11.2524175,15.84416338
617.488,ab3dmot,1,0,0,0.4,3.32195683,3.642152876,4.855304837,0,4083,6805,5,2,2,1,1,0.124,world,2.29982844,11.25134998,15.84121257
617.488,sort,0.5313786008,61,22,0.2402420575,12.04022602,12.08596583,13.71183819,295,4666,6610,5,1,1,1,1,0.124,world,11.6082012,18.72011102,23.34949127
617.532,ours,1,0,0,0.4,3.320085949,3.642422048,4.858632199,0,4083,6805,5,2,2,1,1,0.024,world,2.297182228,11.25043272,15.84196356
617.532,ab3dmot,1,0,0,0.4,3.32195683,3.642230019,4.855285311,0,4086,6810,5,2,2,1,1,0.1,world,2.294982538,11.24858427,15.83653188
617.532,sort,0.5311053985,61,22,0.2402116402,12.03959079,12.08572351,13.71171967,295,4670,6615,5,1,1,1,1,0.1,world,11.6050965,18.71937245,23.35020976
617.564,ours,1,0,0,0.4,3.320085949,3.642495915,4.85862769,0,4086,6810,5,2,2,1,1,0.008,world,2.29243743,11.24840243,15.8396688
617.564,ab3dmot,1,0,0,0.4,3.32195683,3.642305881,4.855265784,0,4089,6815,5,2,2,1,1,0.1,world,2.290326885,11.24636604,15.83374532
617.564,sort,0.5308324769,61,22,0.2401812689,12.03822849,12.08547949,13.71160115,295,4674,6620,5,1,1,1,1,0.1,world,11.6011495,18.71733518,23.34937493
617.6,ours,1,0,0,0.4,3.320085949,3.642569149,4.858623182,0,4089,6815,5,2,2,1,1,0.004,world,2.287087516,11.24560702,15.83464249
617.6,ab3dmot,1,0,0,0.4,3.32195683,3.642380821,4.855246258,0,4092,6820,5,2,2,1,1,0.1,world,2.285553567,11.24384886,15.83003592
617.6,sort,0.5305598356,61,22,0.2401509434,12.03686619,12.08523379,13.71148263,295,4678,6625,5,1,1,1,1,0.1,world,11.59725136,18.71545916,23.34875669
617.652,ours,1,0,0,0.4,3.320085949,3.642639922,4.858618673,0,4092,6820,5,2,2,1,1,0.028,world,2.278019513,11.24266798,15.83217421
617.652,ab3dmot,1,0,0,0.4,3.32195683,3.642453466,4.855226732,0,4095,6825,5,2,2,1,1,0.128,world,2.276619067,11.24081345,15.82731365
617.652,sort,0.5302874743,61,22,0.2401206637,12.03634517,12.08498674,13.71136411,295,4682,6630,5,1,1,1,1,0.096,world,11.59399795,18.71377591,23.34953545
617.696,ours,1,0,0,0.4,3.320085949,3.642708612,4.858614164,0,4095,6825,5,2,2,1,1,0.008,world,2.273199838,11.23952573,15.82838463
617.696,ab3dmot,1,0,0,0.4,3.32195683,3.642525877,4.855207206,0,4098,6830,5,2,2,1,1,0.1,world,2.271748192,11.23621724,15.81934383
617.696,sort,0.5300153925,61,22,0.2400904295,12.03582416,12.08473551,13.71124559,295,4686,6635,5,1,1,1,1,0.1,world,11.58498944,18.70936037,23.34644785
617.728,ours,1,0,0,0.4,3.320085949,3.642777493,4.858609656,0,4098,6830,5,2,2,1,1,0.028,world,2.268337135,11.23612174,15.8221539
617.728,ab3dmot,1,0,0,0.4,3.32195683,3.64259757,4.85518768,0,4101,6835,5,2,2,1,1,0.104,world,2.267422659,11.23359605,15.81570964
617.728,sort,0.5297435897,61,22,0.240060241,12.03563286,12.08448247,13.71112707,295,4690,6640,5,1,1,1,1,0.104,world,11.58082133,18.70733921,23.34572823
617.796,ours,1,0,0,0.4,3.320085949,3.642845465,4.858605147,0,4101,6835,5,2,2,1,1,0.032,world,2.263613606,11.23353633,15.81868372
617.796,ab3dmot,1,0,0,0.4,3.32195683,3.642669797,4.855168154,0,4104,6840,5,2,2,1,1,0.1,world,2.263044655,11.22996147,15.80930204
617.796,sort,0.5294720656,61,22,0.2400300978,12.03544155,12.08422807,13.71100855,295,4694,6645,5,1,1,1,1,0.1,world,11.57750803,18.70678587,23.34680441
617.824,ours,1,0,0,0.4,3.320085949,3.642913642,4.858600639,0,4104,6840,5,2,2,1,1,0.024,world,2.259342261,11.23029386,15.81288027
617.824,ab3dmot,1,0,0,0.4,3.32195683,3.642741468,4.855148628,0,4107,6845,5,2,2,1,1,0.1,world,2.259144986,11.22736103,15.80558199
617.824,sort,0.5292008197,61,22,0.24,12.03136,12.08397184,13.71089003,295,4698,6650,5,1,1,1,1,0.1,world,11.57327207,18.70478521,23.34614099
617.896,ours,1,0,0,0.4,3.320085949,3.642980641,4.85859613,0,4107,6845,5,2,2,1,1,0.016,world,2.250826098,11.22510099,15.80521309
617.896,ab3dmot,1,0,0,0.4,3.32195683,3.642812497,4.855129102,0,4110,6850,5,2,2,1,1,0.1,world,2.251192157,11.22190653,15.79712981
617.896,sort,0.5289298515,61,22,0.2399699474,12.02727844,12.08371172,13.71077151,295,4702,6655,5,1,1,1,1,0.1,world,11.56481348,18.7009876,23.34510268
617.928,ours,1,0,0,0.4,3.320085949,3.643046872,4.858591622,0,4110,6850,5,2,2,1,1,0.024,world,2.246703443,11.22264195,15.80181395
617.928,ab3dmot,1,0,0,0.4,3.32195683,3.642882893,4.855115144,0,4113,6855,5,2,2,1,1,0.104,world,2.247354377,11.21941768,15.79362519
617.98,ours,1,0,0,0.4,3.320085949,3.643110088,4.858583674,0,4113,6855,5,2,2,1,1,0.02,world,2.238171896,11.21885632,15.79846347
617.98,ab3dmot,1,0,0,0.4,3.32195683,3.642951295,4.855106754,0,4116,6860,5,2,2,1,1,0.088,world,2.239476993,11.21520442,15.78805308
618,ours,1,0,0,0.4,3.320085949,3.643175297,4.858572289,0,4116,6860,5,2,2,1,1,0,world,2.238781462,11.21771927,15.79354283
618,ab3dmot,1,0,0,0.4,3.32195683,3.643020553,4.855098364,0,4119,6865,5,2,2,1,1,0.072,world,2.240164752,11.21487104,15.78592817
618.064,ours,1,0,0,0.4,3.320085949,3.643237682,4.858560903,0,4119,6865,5,2,2,1,1,0.004,world,2.230487081,11.21398035,15.78981414
618.064,ab3dmot,1,0,0,0.4,3.32195683,3.643086993,4.855089974,0,4122,6870,5,2,2,1,1,0.108,world,2.232116732,11.21124209,15.78224697
618.1,ours,1,0,0,0.4,3.320085949,3.643300389,4.858549518,0,4122,6870,5,2,2,1,1,0.008,world,2.226834698,11.21116005,15.78374842
618.1,ab3dmot,1,0,0,0.4,3.32195683,3.643153698,4.855081584,0,4125,6875,5,2,2,1,1,0.076,world,2.228789886,11.20863943,15.77634609
618.164,ours,1,0,0,0.4,3.320085949,3.643360404,4.858538132,0,4125,6875,5,2,2,1,1,0.004,world,2.219013731,11.20762564,15.77996093
618.164,ab3dmot,1,0,0,0.4,3.32195683,3.643217688,4.855073194,0,4128,6880,5,2,2,1,1,0.108,world,2.221338873,11.20530049,15.77269634
618.224,ours,1,0,0,0.4,3.320085949,3.643421457,4.858526747,0,4128,6880,5,2,2,1,1,0.024,world,2.216020351,11.2045,15.77278027
618.224,ab3dmot,1,0,0,0.4,3.32195683,3.643282868,4.855064804,0,4131,6885,5,2,2,1,1,0.1,world,2.218742468,11.20223067,15.7653038
618.264,ours,1,0,0,0.4,3.320085949,3.643480331,4.858515361,0,4131,6885,5,2,2,1,1,0.008,world,2.20783358,11.20043275,15.76798482
618.264,ab3dmot,1,0,0,0.4,3.32195683,3.643347848,4.855056414,0,4134,6890,5,2,2,1,1,0.076,world,2.211249504,11.19694939,15.75629701
618.3,ours,1,0,0,0.4,3.320085949,3.643540731,4.858503975,0,4134,6890,5,2,2,1,1,0,world,2.20504614,11.19691457,15.76019212
618.3,ab3dmot,1,0,0,0.4,3.32195683,3.643412663,4.855048024,0,4137,6895,5,2,2,1,1,0.076,world,2.208098559,11.19451013,15.75228356
618.356,ours,1,0,0,0.4,3.320085949,3.643599189,4.85849259,0,4137,6895,5,2,2,1,1,0.028,world,2.200882988,11.19545572,15.75977742
618.356,ab3dmot,1,0,0,0.4,3.32195683,3.64347553,4.855039634,0,4140,6900,5,2,2,1,1,0.132,world,2.20394101,11.19305292,15.75186869
618.356,sort,0.5286591607,62,22,0.2397897898,12.02710403,12.08328979,13.71065299,295,4706,6660,5,1,1,1,1,0.064,world,11.22905099,18.48357367,23.2020908
618.4,ours,1,0,0,0.4,3.320085949,3.643655728,4.858481204,0,4140,6900,5,2,2,1,1,0.012,world,2.19675393,11.19401139,15.75936979
618.4,ab3dmot,1,0,0,0.4,3.32195683,3.643536473,4.85501531,0,4143,6905,5,2,2,1,1,0.176,world,2.199817543,11.19161023,15.75146091
618.4,sort,0.5283887468,62,22,0.23975994,12.02692963,12.08286554,13.71053447,295,4710,6665,5,1,1,1,1,0.076,world,11.22329742,18.48026536,23.20012353
618.42,ours,1,0,0,0.4,3.320085949,3.643710369,4.858469293,0,4143,6905,5,2,2,1,1,0,world,2.19266137,11.19258241,15.75896947
618.42,ab3dmot,1,0,0,0.4,3.32195683,3.643600203,4.854975053,0,4146,6910,5,2,2,1,1,0.104,world,2.197145516,11.18723764,15.74094327
618.42,sort,0.5281186094,62,22,0.2397301349,12.02588465,12.08243929,13.71041595,295,4714,6670,5,1,1,1,1,0.08,world,11.21818717,18.47747497,23.19860417
618.488,ours,1,0,0,0.4,3.320085949,3.643769003,4.858456857,0,4146,6910,5,2,2,1,1,0.016,world,2.186492174,11.18486272,15.7414031
618.488,ab3dmot,1,0,0,0.4,3.32195683,3.643663689,4.854934796,0,4149,6915,5,2,2,1,1,0.072,world,2.188934417,11.18180868,15.73233305
618.488,sort,0.5278487481,62,22,0.2397003745,12.02483966,12.08200864,13.71029743,295,4718,6675,5,1,1,1,1,0.104,world,11.20804035,18.47203065,23.19571673
618.556,ours,1,0,0,0.4,3.320085949,3.643825182,4.85844442,0,4149,6915,5,2,2,1,1,0.036,world,2.17858909,11.18128508,15.73813184
618.556,ab3dmot,1,0,0,0.4,3.32195683,3.643724816,4.854894539,0,4152,6920,5,2,2,1,1,0.1,world,2.180502327,11.17791492,15.72867537
618.556,sort,0.5275791624,62,22,0.2396706587,12.02411644,12.08157367,13.71017891,295,4722,6680,5,1,1,1,1,0.1,world,11.19800935,18.46677725,23.19303535
618.6,ours,1,0,0,0.4,3.320085949,3.643882104,4.858431984,0,4152,6920,5,2,2,1,1,0.008,world,2.174233095,11.17780695,15.73191376
618.6,ab3dmot,1,0,0,0.4,3.32195683,3.643785991,4.854854281,0,4155,6925,5,2,2,1,1,0.08,world,2.174436325,11.17428104,15.72331165
618.6,sort,0.527309852,62,22,0.2396409873,12.02339322,12.08097021,13.71006039,295,4726,6685,5,1,1,1,1,0.08,world,10.83513221,18.56263001,23.61233438
618.652,ours,1,0,0,0.4,3.320085949,3.643938453,4.858419547,0,4155,6925,5,2,2,1,1,0.024,world,2.169465112,11.17522588,15.72846037
618.652,ab3dmot,1,0,0,0.4,3.32195683,3.643845732,4.854814024,0,4158,6930,5,2,2,1,1,0.096,world,2.169205374,11.17229737,15.72133472
618.652,sort,0.5270408163,62,22,0.2396113602,12.02305916,12.08030745,13.70994187,295,4730,6690,5,1,1,1,1,0.064,world,10.70346501,18.60601421,23.77937586
618.696,ours,1,0,0,0.4,3.320085949,3.643993137,4.858407111,0,4158,6930,5,2,2,1,1,0.008,world,2.160127739,11.17086014,15.72287104
618.696,ab3dmot,1,0,0,0.4,3.32195683,3.643902715,4.854773767,0,4161,6935,5,2,2,1,1,0.112,world,2.160171587,11.16879313,15.7185063
618.696,sort,0.5267720551,62,22,0.2395817774,12.0227251,12.07962579,13.70982334,295,4734,6695,5,1,1,1,1,0.112,world,10.66011869,18.61487322,23.82411663
618.716,ours,1,0,0,0.4,3.320085949,3.644048489,4.858394674,0,4161,6935,5,2,2,1,1,0.016,world,2.159241052,11.16997273,15.72061539
618.716,ab3dmot,1,0,0,0.4,3.32195683,3.643960725,4.85473351,0,4164,6940,5,2,2,1,1,0.064,world,2.157411456,11.16700894,15.71442345
618.716,sort,0.5265035678,62,22,0.2395522388,12.02253622,12.0789186,13.70947898,295,4738,6700,5,1,1,1,1,0.064,world,10.60175326,18.63888031,23.90704096
618.772,ours,1,0,0,0.4,3.320085949,3.644102403,4.858382238,0,4164,6940,5,2,2,1,1,0.02,world,2.150189308,11.16556992,15.71484846
618.772,ab3dmot,1,0,0,0.4,3.32195683,3.644016008,4.854693253,0,4167,6945,5,2,2,1,1,0.088,world,2.148990168,11.16380386,15.71188666
618.772,sort,0.526235354,62,22,0.2395227442,12.02234735,12.0781965,13.70913462,295,4742,6705,5,1,1,1,1,0.092,world,10.56684927,18.64530216,23.94207966
618.8,ours,1,0,0,0.4,3.320085949,3.644156962,4.858369801,0,4167,6945,5,2,2,1,1,0,world,2.149230214,11.16470788,15.71269074
618.8,ab3dmot,1,0,0,0.4,3.32195683,3.644071958,4.854652996,0,4170,6950,5,2,2,1,1,0.048,world,2.146211116,11.16227617,15.70878452
618.8,sort,0.5259674134,62,22,0.2394932936,12.01778085,12.07746401,13.70879026,295,4746,6710,5,1,1,1,1,0.08,world,10.54192727,18.65682262,23.97955344
618.852,ours,1,0,0,0.4,3.320085949,3.644209029,4.858357365,0,4170,6950,5,2,2,1,1,0.008,world,2.141100076,11.16144703,15.71011926
618.852,ab3dmot,1,0,0,0.4,3.32195683,3.644125424,4.854622593,0,4173,6955,5,2,2,1,1,0.068,world,2.137769026,11.15892599,15.70600494
618.852,sort,0.5256997455,62,22,0.2394638868,12.01321435,12.07671798,13.7084459,295,4750,6715,5,1,1,1,1,0.068,world,10.50981419,18.6621602,24.01088725
618.9,ours,1,0,0,0.4,3.320085949,3.644261303,4.858349289,0,4173,6955,5,2,2,1,1,0.004,world,2.135841117,11.15835191,15.70487322
618.9,ab3dmot,1,0,0,0.4,3.32195683,3.644179897,4.854602045,0,4176,6960,5,2,2,1,1,0.048,world,2.132567672,11.15527555,15.6989232
618.9,sort,0.5254323499,62,22,0.2394345238,12.01122746,12.0759704,13.70810154,295,4754,6720,5,1,1,1,1,0.084,world,10.5047114,18.6596241,24.00976331
618.964,ours,1,0,0,0.4,3.320085949,3.644313575,4.858345573,0,4176,6960,5,2,2,1,1,0.012,world,2.127673725,11.15341412,15.69684964
618.964,ab3dmot,1,0,0,0.4,3.32195683,3.644232769,4.854581498,0,4179,6965,5,2,2,1,1,0.08,world,2.125068641,11.15176495,15.69487715
618.964,sort,0.5251652262,62,22,0.2394052045,12.00924056,12.07521837,13.70775717,295,4758,6725,5,1,1,1,1,0.112,world,10.49301477,18.65645744,24.01173528
619,ours,1,0,0,0.4,3.320085949,3.644365756,4.858341857,0,4179,6965,5,2,2,1,1,0.016,world,2.123769798,11.15106322,15.69318068
619,ab3dmot,1,0,0,0.4,3.32195683,3.644285615,4.85456095,0,4182,6970,5,2,2,1,1,0.084,world,2.121132862,11.14935312,15.69104967
619,sort,0.524898374,62,22,0.2393759287,12.00893929,12.0744602,13.70741281,295,4762,6730,5,1,1,1,1,0.084,world,10.47748745,18.6599015,24.02828527
619.016,ours,1,0,0,0.4,3.320085949,3.644419293,4.858338141,0,4182,6970,5,2,2,1,1,0.008,world,2.123181643,11.14980421,15.6896059
619.016,ab3dmot,1,0,0,0.4,3.32195683,3.644339844,4.854540402,0,4185,6975,5,2,2,1,1,0.064,world,2.120574991,11.1480938,15.68741227
619.016,sort,0.5246317928,62,22,0.2393466964,12.00863802,12.07385685,13.70706845,295,4766,6735,5,1,1,1,1,0.064,world,10.82149119,18.72397209,23.90515984
619.04,ours,1,0,0,0.4,3.320085949,3.644471402,4.858334425,0,4185,6975,5,2,2,1,1,0.012,world,2.12002914,11.14875439,15.68936377
619.04,ab3dmot,1,0,0,0.4,3.32195683,3.644392644,4.854519855,0,4188,6980,5,2,2,1,1,0.088,world,2.117418524,11.14704334,15.68717013
619.04,sort,0.5243654822,62,22,0.2393175074,12.00831733,12.07325214,13.70672409,295,4770,6740,5,1,1,1,1,0.088,world,10.81721131,18.72217179,23.90462577
619.072,ours,1,0,0,0.4,3.320085949,3.64452331,4.858330709,0,4188,6980,5,2,2,1,1,0.012,world,2.116715879,11.14681767,15.68619877
619.072,ab3dmot,1,0,0,0.4,3.32195683,3.64444522,4.854499307,0,4191,6985,5,2,2,1,1,0.088,world,2.114305877,11.14522585,15.68409305
619.072,sort,0.5240994419,62,22,0.2392883617,12.00799665,12.0726047,13.70637973,295,4774,6745,5,1,1,1,1,0.092,world,10.72150096,18.69292789,23.91830266
619.1,ours,1,0,0,0.4,3.320085949,3.644574649,4.858326993,0,4191,6985,5,2,2,1,1,0.004,world,2.113725222,11.14534302,15.68398884
619.1,ab3dmot,1,0,0,0.4,3.32195683,3.644497022,4.854478759,0,4194,6990,5,2,2,1,1,0.084,world,2.111620238,11.14406076,15.68239571
619.1,sort,0.5238336714,62,22,0.2392592593,12.00760496,12.07194236,13.70603536,295,4778,6750,5,1,1,1,1,0.052,world,10.68699909,18.69163585,23.93932424
619.156,ours,1,0,0,0.4,3.320085949,3.64462542,4.858323277,0,4194,6990,5,2,2,1,1,0.024,world,2.11089054,11.14392883,15.68195357
619.156,ab3dmot,1,0,0,0.4,3.32195683,3.644548055,4.854458211,0,4197,6995,5,2,2,1,1,0.108,world,2.109108505,11.14294574,15.68090296
619.156,sort,0.5235681703,62,22,0.2392301999,12.00721328,12.07127884,13.705691,295,4782,6755,5,1,1,1,1,0.112,world,10.6829501,18.69004324,23.93896879
619.2,ours,1,0,0,0.4,3.320085949,3.644674232,4.858319561,0,4197,6995,5,2,2,1,1,0.02,world,2.108239301,11.14304764,15.68152363
619.2,ab3dmot,1,0,0,0.4,3.32195683,3.644596032,4.854437664,0,4200,7000,5,2,2,1,1,0.084,world,2.107067941,11.14319714,15.68307349
619.2,sort,0.5233029382,62,22,0.2392011834,12.00682812,12.07059149,13.70534664,295,4786,6760,5,1,1,1,1,0.116,world,10.62823222,18.67214842,23.94303412
619.204,ours,1,0,0,0.4,3.320085949,3.644722127,4.858315845,0,4200,7000,5,2,2,1,1,0.004,world,2.105361017,11.14274265,15.68167737
619.204,ab3dmot,1,0,0,0.4,3.32195683,3.644642554,4.85439671,0,4203,7005,5,2,2,1,1,0.056,world,2.104362865,11.14340007,15.68445834
619.204,sort,0.5230379747,62,22,0.2391722099,12.00644295,12.06989498,13.70500228,295,4790,6765,5,1,1,1,1,0.056,world,10.60618773,18.67204572,23.95881891
619.28,ours,1,0,0,0.4,3.320085949,3.644767606,4.858265383,0,4203,7005,5,2,2,1,1,0.02,world,2.099863167,11.14117196,15.68121384
619.28,ab3dmot,1,0,0,0.4,3.32195683,3.644686258,4.854335351,0,4206,7010,5,2,2,1,1,0.1,world,2.098979547,11.14221852,15.68488417
619.28,sort,0.5227732794,62,22,0.2391432792,12.00492397,12.06919419,13.70465792,295,4794,6770,5,1,1,1,1,0.1,world,10.59506845,18.6744763,23.9700313
619.292,ours,1,0,0,0.4,3.320085949,3.64481302,4.858168175,0,4206,7010,5,2,2,1,1,0.032,world,2.099863167,11.14117196,15.68121384
619.292,ab3dmot,1,0,0,0.4,3.32195683,3.644729324,4.854273992,0,4209,7015,5,2,2,1,1,0.084,world,2.098986716,11.14280625,15.68589887
619.292,sort,0.5225088518,62,22,0.2391143911,12.00340499,12.06849248,13.70431356,295,4798,6775,5,1,1,1,1,0.084,world,10.59148367,18.67960657,23.98154831
619.3,ours,1,0,0,0.4,3.320085949,3.644858178,4.858070967,0,4209,7015,5,2,2,1,1,0,world,2.099419951,11.14141947,15.68092623
619.3,ab3dmot,1,0,0,0.4,3.32195683,3.64477198,4.854212633,0,4212,7020,5,2,2,1,1,0.052,world,2.098754297,11.14316453,15.68623331
619.3,sort,0.5222446916,62,22,0.2390855457,12.00325979,12.06778966,13.70396919,295,4802,6780,5,1,1,1,1,0.052,world,10.58748123,18.68539429,23.9945124
619.376,ours,1,0,0,0.4,3.320085949,3.644901177,4.857973759,0,4212,7020,5,2,2,1,1,0.036,world,2.094476053,11.13984144,15.68064666
619.376,ab3dmot,1,0,0,0.4,3.32195683,3.644812213,4.854151274,0,4215,7025,5,2,2,1,1,0.1,world,2.09351703,11.14180843,15.68619234
619.376,sort,0.5219807984,62,22,0.2390567428,12.00311459,12.06708277,13.70362483,295,4806,6785,5,1,1,1,1,0.1,world,10.57680553,18.68816075,24.00598004
619.404,ours,1,0,0,0.4,3.320085949,3.644942955,4.857876552,0,4215,7025,5,2,2,1,1,0.004,world,2.091748065,11.13930794,15.68030937
619.404,ab3dmot,1,0,0,0.4,3.32195683,3.644851021,4.854089915,0,4218,7030,5,2,2,1,1,0.092,world,2.091289465,11.14152378,15.68673365
619.404,sort,0.5217171717,62,22,0.2390279823,12.00283227,12.06637177,13.70328047,295,4810,6790,5,1,1,1,1,0.056,world,10.56595955,18.69808429,24.03055901
619.48,ours,1,0,0,0.4,3.320085949,3.644983345,4.857779344,0,4218,7030,5,2,2,1,1,0.036,world,2.087134762,11.13754971,15.67860449
619.48,ab3dmot,1,0,0,0.4,3.32195683,3.644888854,4.854028556,0,4221,7035,5,2,2,1,1,0.1,world,2.08651283,11.13954792,15.68373297
619.48,sort,0.5214538112,62,22,0.2389992642,12.00254995,12.06565701,13.70293611,295,4814,6795,5,1,1,1,1,0.1,world,10.55594113,18.70134468,24.0424003
619.544,ours,1,0,0,0.4,3.320085949,3.645022941,4.857682136,0,4221,7035,5,2,2,1,1,0.032,world,2.082723985,11.13583749,15.67531665
619.544,ab3dmot,1,0,0,0.4,3.32195683,3.644925612,4.853967197,0,4224,7040,5,2,2,1,1,0.1,world,2.082693403,11.13817342,15.6815275
619.544,sort,0.5211907164,62,22,0.2389705882,12.00198811,12.0649387,13.70284225,295,4818,6800,5,1,1,1,1,0.132,world,10.54635311,18.70492687,24.05448458
619.6,ours,1,0,0,0.4,3.320085949,3.645060925,4.857584929,0,4224,7040,5,2,2,1,1,0.012,world,2.07904878,11.13474274,15.67522624
619.6,ab3dmot,1,0,0,0.4,3.32195683,3.644960763,4.853905838,0,4227,7045,5,2,2,1,1,0.156,world,2.079018183,11.13707808,15.68143696
619.6,sort,0.520927887,62,22,0.2389419544,12.00142627,12.0642139,13.70274839,295,4822,6805,5,1,1,1,1,0.092,world,10.53008442,18.71998827,24.09139407
619.676,ours,1,0,0,0.4,3.320085949,3.645097903,4.857487721,0,4227,7045,5,2,2,1,1,0.004,world,2.075815359,11.13356352,15.67404869
619.676,ab3dmot,1,0,0,0.4,3.32195683,3.644995603,4.853844479,0,4230,7050,5,2,2,1,1,0.164,world,2.076261165,11.13562482,15.67874643
619.676,sort,0.5206653226,62,22,0.2389133627,12.00139102,12.06348456,13.70265453,295,4826,6810,5,1,1,1,1,0.1,world,10.51817393,18.72953752,24.11555536
619.732,ours,1,0,0,0.4,3.320085949,3.645135608,4.857390513,0,4230,7050,5,2,2,1,1,0.032,world,2.07501316,11.13265611,15.67049976
619.732,ab3dmot,1,0,0,0.4,3.32195683,3.645031485,4.853804526,0,4233,7055,5,2,2,1,1,0.088,world,2.077014829,11.13495429,15.67534094
619.732,sort,0.5204030227,62,22,0.2388848129,12.00135576,12.06275178,13.70256067,295,4830,6815,5,1,1,1,1,0.092,world,10.50878845,18.74042537,24.14077557
619.808,ours,1,0,0,0.4,3.320085949,3.64517274,4.857338592,0,4233,7055,5,2,2,1,1,0.02,world,2.074839394,11.1324918,15.66998927
619.808,ab3dmot,1,0,0,0.4,3.32195683,3.645066521,4.853785979,0,4236,7060,5,2,2,1,1,0.064,world,2.078399363,11.13543926,15.67638822
619.808,sort,0.5201409869,62,22,0.238856305,12.00079303,12.06201626,13.70246681,295,4834,6820,5,1,1,1,1,0.132,world,10.50095256,18.74522763,24.15372464
619.912,ours,1,0,0,0.4,3.320085949,3.645208997,4.857331958,0,4236,7060,5,2,2,1,1,0.02,world,2.074484476,11.13238363,15.66996621
619.912,ab3dmot,1,0,0,0.4,3.32195683,3.645100648,4.853767431,0,4239,7065,5,2,2,1,1,0.072,world,2.078502102,11.13549223,15.67671548
619.912,sort,0.5198792149,62,22,0.2388278388,12.00023029,12.06164401,13.70237294,295,4838,6825,5,1,1,1,1,0.136,world,11.2981802,18.77525114,23.65587057
620,ours,1,0,0,0.4,3.320085949,3.645244162,4.857325324,0,4239,7065,5,2,2,1,1,0.02,world,2.074638251,11.13307594,15.67095582
620,ab3dmot,1,0,0,0.4,3.32195683,3.645133537,4.853748884,0,4242,7070,5,2,2,1,1,0.06,world,2.078866123,11.13640755,15.67807405
620,sort,0.5196177062,62,22,0.2387994143,11.99920096,12.06130935,13.70227908,295,4842,6830,5,1,1,1,1,0.124,world,11.37690798,18.796603,23.63746015
620.084,ours,1,0,0,0.4,3.320085949,3.645278797,4.85731869,0,4242,7070,5,2,2,1,1,0.032,world,2.074332683,11.13330988,15.67144212
620.084,ab3dmot,1,0,0,0.4,3.32195683,3.645165888,4.853730337,0,4245,7075,5,2,2,1,1,0.144,world,2.077795138,11.1363018,15.67837639
620.084,sort,0.5193564605,62,22,0.2387710315,11.99817162,12.06097374,13.70218522,295,4846,6835,5,1,1,1,1,0.212,world,11.37420852,18.79762322,23.64005052
620.192,ours,1,0,0,0.4,3.320085949,3.64531296,4.857312056,0,4245,7075,5,2,2,1,1,0.04,world,2.073497441,11.13344769,15.67201679
620.192,ab3dmot,1,0,0,0.4,3.32195683,3.645198289,4.85371179,0,4248,7080,5,2,2,1,1,0.188,world,2.079619496,11.13716553,15.67864768
620.192,sort,0.5190954774,62,22,0.2387426901,11.99777238,12.06087757,13.70209136,295,4850,6840,5,1,1,1,1,0.22,world,11.8680607,19.13142956,23.88316349
620.272,ours,1,0,0,0.4,3.320085949,3.645348456,4.857305422,0,4248,7080,5,2,2,1,1,0.02,world,2.078607056,11.13479974,15.67086642
620.272,ab3dmot,1,0,0,0.4,3.32195683,3.64523322,4.853693242,0,4251,7085,5,2,2,1,1,0.168,world,2.083997238,11.13725208,15.67462104
620.272,sort,0.5188347564,62,22,0.2387143901,11.99817162,12.06090792,13.7019975,295,4854,6845,5,1,1,1,1,0.1,world,12.12115488,19.24363306,23.90322445
620.336,ours,1,0,0,0.4,3.320085949,3.645387191,4.857298787,0,4251,7085,5,2,2,1,1,0.032,world,2.083023554,11.1345133,15.66547901
620.336,ab3dmot,1,0,0,0.4,3.32195683,3.645272946,4.853674695,0,4254,7090,5,2,2,1,1,0.1,world,2.088041939,11.13559544,15.66561802
620.336,sort,0.5185742972,62,22,0.2386861314,11.99920096,12.06092045,13.70190364,295,4858,6850,5,1,1,1,1,0.1,world,12.08583347,19.10686412,23.6843513
620.408,ours,1,0,0,0.4,3.320085949,3.645428979,4.857292153,0,4254,7090,5,2,2,1,1,0.024,world,2.086222396,11.13402222,15.66031914
620.408,ab3dmot,1,0,0,0.4,3.32195683,3.645316352,4.853656148,0,4257,7095,5,2,2,1,1,0.08,world,2.089889811,11.13419236,15.6583226
620.408,sort,0.5183140993,62,22,0.2386579139,12.00023029,12.06097327,13.70180978,295,4862,6855,5,1,1,1,1,0.112,world,12.16573663,19.13671018,23.6798845
620.484,ours,1,0,0,0.4,3.320085949,3.645472968,4.857285519,0,4257,7095,5,2,2,1,1,0.024,world,2.08818633,11.13382515,15.65688255
620.484,ab3dmot,1,0,0,0.4,3.32195683,3.645361903,4.853637601,0,4260,7100,5,2,2,1,1,0.1,world,2.091058384,11.13371836,15.65471223
620.484,sort,0.5180541625,62,22,0.2386297376,12.00079303,12.06109081,13.70171592,295,4866,6860,5,1,1,1,1,0.132,world,12.29312099,19.48666685,24.20477709
620.568,ours,1,0,0,0.4,3.320085949,3.645519337,4.857278885,0,4260,7100,5,2,2,1,1,0.032,world,2.091422201,11.13437718,15.65476444
620.568,ab3dmot,1,0,0,0.4,3.32195683,3.645410388,4.853608622,0,4263,7105,5,2,2,1,1,0.1,world,2.093250565,11.13334813,15.65109702
620.568,sort,0.5177944862,62,22,0.2386016023,12.00135576,12.06125116,13.70162206,295,4870,6865,5,1,1,1,1,0.132,world,12.37685839,19.54079901,24.24052046
620.632,ours,1,0,0,0.4,3.320085949,3.645567908,4.857273032,0,4263,7105,5,2,2,1,1,0.004,world,2.092372808,11.13355483,15.65092089
620.632,ab3dmot,1,0,0,0.4,3.32195683,3.645459985,4.853569213,0,4266,7110,5,2,2,1,1,0.096,world,2.093183023,11.13294702,15.64933364
620.632,sort,0.5175350701,62,22,0.238573508,12.00139102,12.06147438,13.7015282,295,4874,6870,5,1,1,1,1,0.1,world,12.49886225,19.6162575,24.28618218
620.748,ours,1,0,0,0.4,3.320085949,3.645618254,4.857267961,0,4266,7110,5,2,2,1,1,0.024,world,2.095165665,11.1349961,15.65056474
620.748,ab3dmot,1,0,0,0.4,3.32195683,3.645510703,4.853529804,0,4269,7115,5,2,2,1,1,0.116,world,2.094620916,11.13442631,15.64979904
620.748,sort,0.5172759139,62,22,0.2385454545,12.00142627,12.06173933,13.70143434,295,4878,6875,5,1,1,1,1,0.148,world,12.57947046,19.66955924,24.32161727
620.832,ours,1,0,0,0.4,3.320085949,3.645669469,4.85726289,0,4269,7115,5,2,2,1,1,0.012,world,2.098727685,11.13767064,15.65323396
620.832,ab3dmot,1,0,0,0.4,3.32195683,3.64556025,4.853490395,0,4272,7120,5,2,2,1,1,0.1,world,2.095757461,11.13782734,15.65592687
620.832,sort,0.517017017,62,22,0.2385174419,12.00198811,12.06189368,13.70134048,295,4882,6880,5,1,1,1,1,0.1,world,12.3662778,19.35568901,23.91621784
620.896,ours,1,0,0,0.4,3.320085949,3.645719861,4.857257818,0,4272,7120,5,2,2,1,1,0.032,world,2.098877927,11.13983804,15.65750814
620.896,ab3dmot,1,0,0,0.4,3.32195683,3.645607752,4.853450986,0,4275,7125,5,2,2,1,1,0.064,world,2.093694697,11.14004029,15.66217294
620.896,sort,0.5167583792,62,22,0.2384894699,12.00254995,12.06202227,13.70124662,295,4886,6885,5,1,1,1,1,0.096,world,12.31626152,19.37252153,23.97934063
620.996,ours,1,0,0,0.4,3.320085949,3.645770302,4.857252747,0,4275,7125,5,2,2,1,1,0.036,world,2.099886248,11.14166108,15.66065698
620.996,ab3dmot,1,0,0,0.4,3.32195683,3.645654563,4.853411577,0,4278,7130,5,2,2,1,1,0.1,world,2.093477126,11.14190549,15.66662575
620.996,sort,0.5165,62,22,0.2384615385,12.00283227,12.06213934,13.70115276,295,4890,6890,5,1,1,1,1,0.132,world,12.29393772,19.387478,24.01979191
621.096,ours,1,0,0,0.4,3.320085949,3.645821187,4.857247676,0,4278,7130,5,2,2,1,1,0.036,world,2.103428169,11.14499097,15.66620217
621.096,ab3dmot,1,0,0,0.4,3.32195683,3.645700782,4.853372168,0,4281,7135,5,2,2,1,1,0.1,world,2.094445875,11.14495792,15.67367144
621.096,sort,0.5162418791,62,22,0.2384336476,12.00311459,12.06229198,13.7010589,295,4894,6895,5,1,1,1,1,0.132,world,12.36379803,19.42401391,24.03330588
621.16,ours,1,0,0,0.4,3.320085949,3.645872026,4.857242604,0,4281,7135,5,2,2,1,1,0.032,world,2.103982024,11.14691628,15.67018491
621.16,ab3dmot,1,0,0,0.4,3.32195683,3.645747026,4.853332759,0,4284,7140,5,2,2,1,1,0.096,world,2.096758912,11.14734968,15.67853024
621.16,sort,0.515984016,62,22,0.2384057971,12.00325979,12.06229231,13.70084953,295,4898,6900,5,1,1,1,1,0.096,world,12.0629657,19.12069184,23.70778784
621.224,ours,1,0,0,0.4,3.320085949,3.645922659,4.857237533,0,4284,7140,5,2,2,1,1,0.024,world,2.106333886,11.14950184,15.67601036
621.224,ab3dmot,1,0,0,0.4,3.32195683,3.645793806,4.85329335,0,4287,7145,5,2,2,1,1,0.096,world,2.100730436,11.14999862,15.68332705
621.224,sort,0.5157264104,62,22,0.238377987,12.00340499,12.06230229,13.70064017,295,4902,6905,5,1,1,1,1,0.1,world,12.08226227,19.12008187,23.69199184
621.3,ours,1,0,0,0.4,3.320085949,3.645974366,4.857232461,0,4287,7145,5,2,2,1,1,0.02,world,2.11152501,11.15225627,15.68041897
621.3,ab3dmot,1,0,0,0.4,3.32195683,3.645841552,4.853253941,0,4290,7150,5,2,2,1,1,0.072,world,2.10764166,11.15312647,15.68942461
621.3,sort,0.5154690619,62,22,0.2383502171,12.00492397,12.06232263,13.7004308,295,4906,6910,5,1,1,1,1,0.104,world,12.1029973,19.11936648,23.67501379
621.392,ours,1,0,0,0.4,3.320085949,3.646027589,4.85722739,0,4290,7150,5,2,2,1,1,0.032,world,2.11809268,11.15532625,15.68458089
621.392,ab3dmot,1,0,0,0.4,3.32195683,3.645891619,4.853225711,0,4293,7155,5,2,2,1,1,0.068,world,2.117750241,11.15643902,15.69419332
621.392,sort,0.5152119701,62,22,0.2383224873,12.00644295,12.06235319,13.70022143,295,4910,6915,5,1,1,1,1,0.132,world,12.12344684,19.11938478,23.65956494
621.492,ours,1,0,0,0.4,3.320085949,3.646084248,4.857222227,0,4293,7155,5,2,2,1,1,0.032,world,2.129291558,11.15980817,15.68919762
621.492,ab3dmot,1,0,0,0.4,3.32195683,3.645945905,4.853208661,0,4296,7160,5,2,2,1,1,0.132,world,2.130051269,11.16083195,15.69732443
621.492,sort,0.5149551346,62,22,0.2382947977,12.00682812,12.06240007,13.70001207,295,4914,6920,5,1,1,1,1,0.132,world,12.15602589,19.11953987,23.6353216
621.556,ours,1,0,0,0.4,3.320085949,3.646144387,4.857216973,0,4296,7160,5,2,2,1,1,0.048,world,2.141506926,11.16304583,15.69324122
621.556,ab3dmot,1,0,0,0.4,3.32195683,3.646005921,4.853191611,0,4299,7165,5,2,2,1,1,0.096,world,2.14622021,11.16348748,15.6986354
621.556,sort,0.5146985551,62,22,0.238267148,12.00721328,12.06246186,13.6998027,295,4918,6925,5,1,1,1,1,0.096,world,12.18577184,19.11659318,23.60809831
621.628,ours,1,0,0,0.4,3.320085949,3.646209487,4.857211719,0,4299,7165,5,2,2,1,1,0.028,world,2.154991969,11.16573414,15.69466006
621.628,ab3dmot,1,0,0,0.4,3.32195683,3.646071028,4.853174562,0,4302,7170,5,2,2,1,1,0.108,world,2.159065048,11.16620945,15.69877213
621.628,sort,0.5144422311,62,22,0.2382395382,12.00682812,12.06210543,13.69959334,295,4922,6930,5,1,1,1,1,0.108,world,11.32416839,18.8821324,23.79247923
621.7,ours,1,0,0,0.4,3.320085949,3.646279077,4.857206465,0,4302,7170,5,2,2,1,1,0.012,world,2.167404608,11.16847853,15.69692932
621.7,ab3dmot,1,0,0,0.4,3.32195683,3.646141544,4.853157512,0,4305,7175,5,2,2,1,1,0.076,world,2.172781713,11.16867733,15.69967464
621.7,sort,0.5141861623,62,22,0.2382119683,12.00644295,12.06159966,13.69938397,295,4926,6935,5,1,1,1,1,0.108,world,10.99920051,18.80396238,23.87872133
621.8,ours,1,0,0,0.4,3.320085949,3.646353559,4.857201211,0,4305,7175,5,2,2,1,1,0.036,world,2.180318898,11.17327757,15.70009064
621.8,ab3dmot,1,0,0,0.4,3.32195683,3.646217322,4.853140462,0,4308,7180,5,2,2,1,1,0.112,world,2.187162742,11.17342724,15.70332548
621.8,sort,0.5139303483,62,22,0.238184438,12.00492397,12.06100322,13.6991746,295,4930,6940,5,1,1,1,1,0.112,world,10.79644306,18.75831499,23.93738757
621.888,ours,1,0,0,0.4,3.320085949,3.646431611,4.857195957,0,4308,7180,5,2,2,1,1,0.032,world,2.192222201,11.17688051,15.70449822
621.888,ab3dmot,1,0,0,0.4,3.32195683,3.646296247,4.853123412,0,4311,7185,5,2,2,1,1,0.1,world,2.19712203,11.17680069,15.70751931
621.888,sort,0.5136747887,62,22,0.2381569474,12.00340499,12.06034443,13.69896524,295,4934,6945,5,1,1,1,1,0.1,world,10.65415544,18.72707303,23.98044817
621.964,ours,1,0,0,0.4,3.320085949,3.646512955,4.857190704,0,4311,7185,5,2,2,1,1,0.024,world,2.201650118,11.18022842,15.70781686
621.964,ab3dmot,1,0,0,0.4,3.32195683,3.646378798,4.853106362,0,4314,7190,5,2,2,1,1,0.108,world,2.20764824,11.18033131,15.71053983
621.964,sort,0.5134194831,62,22,0.2381294964,12.00325979,12.05965376,13.69875587,295,4938,6950,5,1,1,1,1,0.112,world,10.57988659,18.71531683,24.01020743
622.016,ours,1,0,0,0.4,3.320085949,3.646596795,4.85718545,0,4314,7190,5,2,2,1,1,0.016,world,2.213449718,11.18461227,15.71538066
622.016,ab3dmot,1,0,0,0.4,3.32195683,3.646463063,4.853089312,0,4317,7195,5,2,2,1,1,0.064,world,2.217477901,11.1850125,15.71812447
622.016,sort,0.5131644312,62,22,0.2381020848,12.00311459,12.05894192,13.69854651,295,4942,6955,5,1,1,1,1,0.096,world,10.52971514,18.70946005,24.03365968
622.1,ours,1,0,0,0.4,3.320085949,3.646683524,4.857180196,0,4317,7195,5,2,2,1,1,0.02,world,2.222367994,11.18810639,15.71996532
622.1,ab3dmot,1,0,0,0.4,3.32195683,3.64654992,4.853072262,0,4320,7200,5,2,2,1,1,0.08,world,2.225329031,11.18837653,15.72283559
622.1,sort,0.5129096326,62,22,0.2380747126,12.00283227,12.05826508,13.69833714,295,4946,6960,5,1,1,1,1,0.112,world,10.60861306,18.655994,23.88520683
622.16,ours,1,0,0,0.4,3.320085949,3.646773257,4.857174942,0,4320,7200,5,2,2,1,1,0.024,world,2.23112707,11.19181184,15.72366905
622.16,ab3dmot,1,0,0,0.4,3.32195683,3.646638864,4.85306037,0,4323,7205,5,2,2,1,1,0.076,world,2.234254404,11.1925657,15.72942463
622.16,sort,0.5126550868,62,22,0.2380473798,12.00254995,12.05762156,13.69812777,295,4950,6965,5,1,1,1,1,0.108,world,10.68321201,18.61845361,23.76755622
622.276,ours,1,0,0,0.4,3.320085949,3.64686687,4.857147,0,4323,7205,5,2,2,1,1,0.048,world,2.246270766,11.19844896,15.73268409
622.276,ab3dmot,1,0,0,0.4,3.32195683,3.64673095,4.853053635,0,4326,7210,5,2,2,1,1,0.092,world,2.247341393,11.19928375,15.73860777
622.276,sort,0.5124007937,62,22,0.2380200861,12.00198811,12.05700674,13.69791841,295,4954,6970,5,1,1,1,1,0.128,world,10.74693879,18.58217728,23.65896662
622.348,ours,1,0,0,0.4,3.320085949,3.646962669,4.857096371,0,4326,7210,5,2,2,1,1,0.032,world,2.254980583,11.20255298,15.73931514
622.348,ab3dmot,1,0,0,0.4,3.32195683,3.646825628,4.8530469,0,4329,7215,5,2,2,1,1,0.096,world,2.255186398,11.20306642,15.74317254
622.348,sort,0.5121467526,62,22,0.2379928315,12.00142627,12.0563796,13.69770904,295,4958,6975,5,1,1,1,1,0.132,world,10.71771411,18.56101757,23.64132036
622.428,ours,1,0,0,0.4,3.320085949,3.64706138,4.857045742,0,4329,7215,5,2,2,1,1,0.028,world,2.263277513,11.20607194,15.74392615
622.428,ab3dmot,1,0,0,0.4,3.32195683,3.646923224,4.853040165,0,4332,7220,5,2,2,1,1,0.084,world,2.262256177,11.20628333,15.74680786
622.428,sort,0.5118929633,62,22,0.237965616,12.00139102,12.05573031,13.69749968,295,4962,6980,5,1,1,1,1,0.116,world,10.66596618,18.52362233,23.61057443
622.5,ours,1,0,0,0.4,3.320085949,3.647163227,4.856995113,0,4332,7220,5,2,2,1,1,0.008,world,2.272599853,11.21025637,15.74758288
622.5,ab3dmot,1,0,0,0.4,3.32195683,3.647023295,4.85303343,0,4335,7225,5,2,2,1,1,0.084,world,2.273267315,11.2116517,15.75275781
622.5,sort,0.5116394255,62,22,0.2379384395,12.00135576,12.05505907,13.69729031,295,4966,6985,5,1,1,1,1,0.084,world,10.61437667,18.48626521,23.57980301
622.56,ours,1,0,0,0.4,3.320085949,3.647267757,4.856945519,0,4335,7225,5,2,2,1,1,0.028,world,2.284723447,11.21577784,15.75393201
622.56,ab3dmot,1,0,0,0.4,3.32195683,3.647125582,4.853026695,0,4338,7230,5,2,2,1,1,0.08,world,2.285744493,11.21779728,15.76010867
622.56,sort,0.5113861386,62,22,0.2379113019,12.00079303,12.05439351,13.69708095,295,4970,6990,5,1,1,1,1,0.144,world,10.62596133,18.49393319,23.58503378
622.6,ours,1,0,0,0.4,3.320085949,3.647372641,4.85689512,0,4338,7230,5,2,2,1,1,0.012,world,2.291547765,11.21945155,15.75987979
622.6,ab3dmot,1,0,0,0.4,3.32195683,3.647227592,4.85301996,0,4341,7235,5,2,2,1,1,0.052,world,2.292853165,11.22217878,15.76746107
622.6,sort,0.5111331024,62,22,0.237884203,12.00023029,12.05396811,13.69687158,295,4974,6995,5,1,1,1,1,0.088,world,11.16161863,18.66803655,23.52295112
622.648,ours,1,0,0,0.4,3.320085949,3.647478417,4.856844721,0,4341,7235,5,2,2,1,1,0.032,world,2.297305857,11.22239032,15.76385274
622.648,ab3dmot,1,0,0,0.4,3.32195683,3.647331445,4.853013225,0,4344,7240,5,2,2,1,1,0.1,world,2.297593788,11.22412124,15.76840039
622.648,sort,0.5108803165,62,22,0.2378571429,11.99920096,12.05354831,13.69681575,295,4978,7000,5,1,1,1,1,0.068,world,11.17294054,18.65867516,23.49852872
622.696,ours,1,0,0,0.4,3.320085949,3.647586327,4.856794322,0,4344,7240,5,2,2,1,1,0.016,world,2.306342636,11.22738304,15.76964098
622.696,ab3dmot,1,0,0,0.4,3.32195683,3.647434853,4.85300649,0,4347,7245,5,2,2,1,1,0.084,world,2.308132897,11.231719,15.78103616
622.696,sort,0.5106277805,62,22,0.2378301213,11.99817162,12.05313435,13.69675992,295,4982,7005,5,1,1,1,1,0.116,world,11.18480479,18.66618484,23.50333585
622.764,ours,1,0,0,0.4,3.320085949,3.647694213,4.856743923,0,4347,7245,5,2,2,1,1,0.028,world,2.318783162,11.23529545,15.78240991
622.764,ab3dmot,1,0,0,0.4,3.32195683,3.647539214,4.852999756,0,4350,7250,5,2,2,1,1,0.116,world,2.319412058,11.23862163,15.79051231
622.764,sort,0.5103754941,62,22,0.2378031384,11.99777238,12.05288556,13.69670409,295,4986,7010,5,1,1,1,1,0.124,world,11.53861279,18.77201169,23.44579856
622.828,ours,1,0,0,0.4,3.320085949,3.647803949,4.856693524,0,4350,7250,5,2,2,1,1,0.024,world,2.323524562,11.23722451,15.78332563
622.828,ab3dmot,1,0,0,0.4,3.32195683,3.647645429,4.852990462,0,4353,7255,5,2,2,1,1,0.18,world,2.324152126,11.24055103,15.79142778
622.828,sort,0.5101234568,62,22,0.2377761939,11.99737313,12.05265494,13.69664826,295,4990,7015,5,1,1,1,1,0.116,world,11.57647488,18.77277379,23.42092173
622.9,ours,1,0,0,0.4,3.320085949,3.647917532,4.85666821,0,4353,7255,5,2,2,1,1,0.02,world,2.332983138,11.24106328,15.7851374
622.9,ab3dmot,1,0,0,0.4,3.32195683,3.647755493,4.852978611,0,4356,7260,5,2,2,1,1,0.252,world,2.333608055,11.24439049,15.79323908
622.9,sort,0.5098716683,62,22,0.2377492877,11.99730784,12.05244641,13.69659243,295,4994,7020,5,1,1,1,1,0.124,world,11.62250327,18.77725078,23.39688935
622.988,ours,1,0,0,0.4,3.320085949,3.648036933,4.857096716,0,4356,7260,5,2,2,1,1,0.032,world,2.347068707,11.24675582,15.78779742
622.988,ab3dmot,1,0,0,0.4,3.32195683,3.647871377,4.8530469,0,4359,7265,5,2,2,1,1,0.34,world,2.347689704,11.25008413,15.79589845
622.988,sort,0.5096201283,62,22,0.2377224199,11.99724255,12.05226976,13.6965366,295,4998,7025,5,1,1,1,1,0.112,world,11.6889018,18.7842986,23.36332027
623.072,ours,1,0,0,0.4,3.320085949,3.648146249,4.857046317,0,4359,7265,5,2,2,1,1,0.04,world,2.356915705,11.26076941,15.8253015
623.072,ab3dmot,1,0,0,0.4,3.32195683,3.647972816,4.853040165,0,4362,7270,5,2,2,1,1,0.096,world,2.353503425,11.26596037,15.84218497
623.072,sort,0.5093688363,62,22,0.2376955903,11.99716613,12.05211558,13.69648077,295,5002,7030,5,1,1,1,1,0.132,world,11.73541789,18.78885892,23.33918793
623.128,ours,1,0,0,0.4,3.320085949,3.64825524,4.856995918,0,4362,7270,5,2,2,1,1,0.02,world,2.363540257,11.26612891,15.83704684
623.128,ab3dmot,1,0,0,0.4,3.32195683,3.64807671,4.85303343,0,4365,7275,5,2,2,1,1,0.084,world,2.360982284,11.26951478,15.84752735
623.128,sort,0.509117792,62,22,0.2376687989,11.99708971,12.05198299,13.69642494,295,5006,7035,5,1,1,1,1,0.12,world,11.78001672,18.79356051,23.31666596
623.208,ours,1,0,0,0.4,3.320085949,3.648366832,4.856945519,0,4365,7275,5,2,2,1,1,0.012,world,2.371538017,11.26961581,15.84243924
623.208,ab3dmot,1,0,0,0.4,3.32195683,3.648184578,4.853026695,0,4368,7280,5,2,2,1,1,0.068,world,2.369015172,11.27132353,15.8511698
623.208,sort,0.5088669951,62,22,0.2376420455,11.99611542,12.05188116,13.69636911,295,5010,7040,5,1,1,1,1,0.1,world,11.84347002,18.79712688,23.27913681
623.304,ours,1,0,0,0.4,3.320085949,3.648484077,4.85689512,0,4368,7280,5,2,2,1,1,0.024,world,2.385052516,11.27363597,15.84679698
623.304,ab3dmot,1,0,0,0.4,3.32195683,3.64829976,4.85301996,0,4371,7285,5,2,2,1,1,0.096,world,2.382870015,11.27437058,15.85109413
623.304,sort,0.5086164451,62,22,0.23761533,11.99514113,12.05180493,13.69631328,295,5014,7045,5,1,1,1,1,0.128,world,11.89605733,18.80454519,23.25485653
623.404,ours,1,0,0,0.4,3.320085949,3.648605608,4.856844721,0,4371,7285,5,2,2,1,1,0.024,world,2.394575944,11.27612594,15.85000565
623.404,ab3dmot,1,0,0,0.4,3.32195683,3.648421542,4.853013225,0,4374,7290,5,2,2,1,1,0.064,world,2.393042861,11.2749349,15.84988869
623.404,sort,0.5083661417,62,22,0.2375886525,11.99611542,12.05183967,13.69625744,295,5018,7050,5,1,1,1,1,0.132,world,12.12217684,18.94681731,23.35588108
623.492,ours,1,0,0,0.4,3.320085949,3.648732979,4.856794322,0,4374,7290,5,2,2,1,1,0.02,world,2.408282046,11.28068098,15.85230006
623.492,ab3dmot,1,0,0,0.4,3.32195683,3.648549805,4.85300649,0,4377,7295,5,2,2,1,1,0.088,world,2.408726412,11.27989233,15.85123816
623.492,sort,0.5081160846,62,22,0.2375620128,11.99708971,12.05191628,13.69620161,295,5022,7055,5,1,1,1,1,0.124,world,12.20659806,18.96651852,23.33291768
623.568,ours,1,0,0,0.4,3.320085949,3.648863597,4.856743923,0,4377,7295,5,2,2,1,1,0.032,world,2.418369741,11.28441122,15.85561665
623.568,ab3dmot,1,0,0,0.4,3.32195683,3.648681243,4.853072262,0,4380,7300,5,2,2,1,1,0.096,world,2.419483606,11.28401217,15.85488795
623.568,sort,0.5078662734,62,22,0.2375354108,11.99611542,12.05182294,13.69614578,295,5026,7060,5,1,1,1,1,0.128,world,11.86055106,18.8546706,23.37579193
623.604,ours,1,0,0,0.4,3.320085949,3.648994773,4.856693524,0,4380,7300,5,2,2,1,1,0.004,world,2.423858285,11.28710977,15.8600633
623.604,ab3dmot,1,0,0,0.4,3.32195683,3.648813854,4.853225711,0,4383,7305,5,2,2,1,1,0.068,world,2.425574416,11.28646776,15.85810098
623.604,sort,0.5076167076,62,22,0.2375088464,11.99514113,12.05166056,13.69608995,295,5030,7065,5,1,1,1,1,0.068,world,11.71672362,18.80661457,23.39092409
623.668,ours,1,0,0,0.4,3.320085949,3.649128922,4.85666821,0,4383,7305,5,2,2,1,1,0.004,world,2.432484973,11.29046996,15.86261111
623.668,ab3dmot,1,0,0,0.4,3.32195683,3.648949257,4.853547586,0,4386,7310,5,2,2,1,1,0.096,world,2.434797673,11.29023187,15.86132992
623.668,sort,0.507367387,62,22,0.2374823197,11.99500271,12.05146334,13.69603412,295,5034,7070,5,1,1,1,1,0.096,world,11.64320314,18.78651686,23.40664967
623.736,ours,1,0,0,0.4,3.320085949,3.649263845,4.85666798,0,4386,7310,5,2,2,1,1,0.036,world,2.438074604,11.29289901,15.86658205
623.736,ab3dmot,1,0,0,0.4,3.32195683,3.649085345,4.853621966,0,4389,7315,5,2,2,1,1,0.1,world,2.439522166,11.29242123,15.86497434
623.736,sort,0.5071183112,62,22,0.2374558304,11.99486429,12.05126961,13.69597829,295,5038,7075,5,1,1,1,1,0.1,world,11.65015723,18.78301427,23.39614933
623.772,ours,1,0,0,0.4,3.320085949,3.649399039,4.85666775,0,4389,7315,5,2,2,1,1,0.004,world,2.441997647,11.2952891,15.87140178
623.772,ab3dmot,1,0,0,0.4,3.32195683,3.649221732,4.853748884,0,4392,7320,5,2,2,1,1,0.076,world,2.443068285,11.29462895,15.86953836
623.772,sort,0.5068694799,62,22,0.2374293785,11.99443901,12.05107934,13.69592246,295,5042,7080,5,1,1,1,1,0.076,world,11.65704822,18.77976562,23.38643298
623.836,ours,1,0,0,0.4,3.320085949,3.649535906,4.85666752,0,4392,7320,5,2,2,1,1,0.028,world,2.447179858,11.29767749,15.87483891
623.836,ab3dmot,1,0,0,0.4,3.32195683,3.64935997,4.854151274,0,4395,7325,5,2,2,1,1,0.1,world,2.446920808,11.29650303,15.87137599
623.836,sort,0.5066208926,62,22,0.237402964,11.99401373,12.05089428,13.69586663,295,5046,7085,5,1,1,1,1,0.1,world,11.66764378,18.78052287,23.38074678
623.9,ours,1,0,0,0.4,3.320085949,3.649675003,4.856827477,0,4395,7325,5,2,2,1,1,0.024,world,2.454183318,11.30042676,15.87823923
623.9,ab3dmot,1,0,0,0.4,3.32195683,3.64949971,4.854519855,0,4398,7330,5,2,2,1,1,0.064,world,2.450802929,11.29841381,15.87543182
623.9,sort,0.506372549,62,22,0.2373765867,11.99213807,12.05081724,13.6958108,295,5050,7090,5,1,1,1,1,0.104,world,11.89270003,18.90722049,23.45127391
623.984,ours,1,0,0,0.4,3.320085949,3.649816058,4.857054273,0,4398,7330,5,2,2,1,1,0.024,world,2.458889085,11.30235512,15.88079803
623.984,ab3dmot,1,0,0,0.4,3.32195683,3.64964181,4.854725725,0,4401,7335,5,2,2,1,1,0.084,world,2.454856685,11.29982531,15.87643052
623.984,sort,0.5061244488,62,22,0.2373502467,11.9902624,12.05075373,13.69575497,295,5054,7095,5,1,1,1,1,0.116,world,11.92049208,18.91493927,23.44660683
624.064,ours,1,0,0,0.4,3.320085949,3.649960473,4.857190704,0,4401,7335,5,2,2,1,1,0.032,world,2.466208987,11.30507257,15.88271161
624.064,ab3dmot,1,0,0,0.4,3.32195683,3.649788364,4.854912922,0,4404,7340,5,2,2,1,1,0.096,world,2.464696485,11.30266811,15.87691313
624.064,sort,0.5058765916,62,22,0.2373239437,11.98997397,12.05070497,13.69566192,295,5058,7100,5,1,1,1,1,0.132,world,11.9507756,18.92364225,23.44222888
624.132,ours,1,0,0,0.4,3.320085949,3.650109711,4.857237533,0,4404,7340,5,2,2,1,1,0.024,world,2.472306646,11.30459272,15.87896599
624.132,ab3dmot,1,0,0,0.4,3.32195683,3.649940564,4.854968906,0,4407,7345,5,2,2,1,1,0.1,world,2.471000057,11.30165035,15.87107252
624.132,sort,0.505628977,62,22,0.2372976777,11.98968554,12.05067368,13.69556886,295,5062,7105,5,1,1,1,1,0.1,world,11.98659494,18.93243288,23.43418558
624.196,ours,1,0,0,0.4,3.320085949,3.650262382,4.857285519,0,4407,7345,5,2,2,1,1,0.032,world,2.473808095,11.3024722,15.87419985
624.196,ab3dmot,1,0,0,0.4,3.32195683,3.650099393,4.855039634,0,4410,7350,5,2,2,1,1,0.064,world,2.471807785,11.29622447,15.85933602
624.196,sort,0.5053816047,62,22,0.2372714487,11.98997397,12.05065354,13.69547581,295,5066,7110,5,1,1,1,1,0.096,world,12.00943867,18.93779719,23.42858665
624.228,ours,1,0,0,0.4,3.320085949,3.650417556,4.857390513,0,4410,7350,5,2,2,1,1,0.028,world,2.476009494,11.30164451,15.87114368
624.228,ab3dmot,1,0,0,0.4,3.32195683,3.65025907,4.855115144,0,4413,7355,5,2,2,1,1,0.104,world,2.474306144,11.29713426,15.85965968
624.228,sort,0.5051344743,62,22,0.2372452565,11.9902624,12.05063955,13.69538276,295,5070,7115,5,1,1,1,1,0.104,world,12.02202088,18.94090864,23.42588258
624.296,ours,1,0,0,0.4,3.320085949,3.650576339,4.858265383,0,4413,7355,5,2,2,1,1,0.032,world,2.480495422,11.30148745,15.86796848
624.296,ab3dmot,1,0,0,0.4,3.32195683,3.650424367,4.855285311,0,4416,7360,5,2,2,1,1,0.1,world,2.479285979,11.29531152,15.85245304
624.296,sort,0.5048875855,62,22,0.2372191011,11.99213807,12.0506377,13.6952897,295,5074,7120,5,1,1,1,1,0.1,world,12.04684922,18.94686314,23.42025244
624.352,ours,1,0,0,0.4,3.320085949,3.65073861,4.858345573,0,4416,7360,5,2,2,1,1,0.036,world,2.485251082,11.30133142,15.8650141
624.352,ab3dmot,1,0,0,0.4,3.32195683,3.650592294,4.855515044,0,4419,7365,5,2,2,1,1,0.096,world,2.484656577,11.29625942,15.85141353
624.352,sort,0.504640938,62,22,0.2371929825,11.99401373,12.05064832,13.69519665,295,5078,7125,5,1,1,1,1,0.096,world,12.07234836,18.9527002,23.41400072
624.396,ours,1,0,0,0.4,3.320085949,3.650902514,4.85844442,0,4419,7365,5,2,2,1,1,0.004,world,2.487985355,11.30130835,15.86364285
624.396,ab3dmot,1,0,0,0.4,3.32195683,3.650760995,4.855643399,0,4422,7370,5,2,2,1,1,0.072,world,2.487902423,11.29731278,15.85187451
624.396,sort,0.5043945312,62,22,0.2371669004,11.99443901,12.0506648,13.69510359,295,5082,7130,5,1,1,1,1,0.104,world,12.08435401,18.9553591,23.41092692
624.456,ours,1,0,0,0.4,3.320085949,3.651067933,4.858549518,0,4422,7370,5,2,2,1,1,0.04,world,2.491937037,11.30246037,15.86375457
624.456,ab3dmot,1,0,0,0.4,3.32195683,3.650930737,4.855687419,0,4425,7375,5,2,2,1,1,0.096,world,2.492299344,11.29911074,15.85310241
624.456,sort,0.5041483651,62,22,0.2371408549,11.99486429,12.0506934,13.69501054,295,5086,7135,5,1,1,1,1,0.096,world,12.10913458,18.96064628,23.40423439
624.5,ours,1,0,0,0.4,3.320085949,3.651234085,4.858614164,0,4425,7375,5,2,2,1,1,0.004,world,2.494782963,11.30324974,15.86390344
624.5,ab3dmot,1,0,0,0.4,3.32195683,3.651100765,4.855837592,0,4428,7380,5,2,2,1,1,0.104,world,2.494955369,11.30028145,15.85393824
624.5,sort,0.503902439,62,22,0.2371148459,11.99500271,12.05072769,13.69491749,295,5090,7140,5,1,1,1,1,0.104,world,12.12077166,18.9630268,23.40093963
624.56,ours,1,0,0,0.4,3.320085949,3.651400971,4.858663549,0,4428,7380,5,2,2,1,1,0.032,world,2.496978212,11.30374287,15.86357411
624.56,ab3dmot,1,0,0,0.4,3.32195683,3.651270262,4.8560283,0,4431,7385,5,2,2,1,1,0.064,world,2.498403226,11.30258513,15.85656343
624.56,sort,0.5036567528,62,22,0.2370888733,11.99514113,12.05076758,13.69482443,295,5094,7145,5,1,1,1,1,0.132,world,12.13228226,18.96531345,23.3975714
624.6,ours,1,0,0,0.4,3.320085949,3.651568216,4.858875609,0,4431,7385,5,2,2,1,1,0.008,world,2.500425772,11.30548746,15.86495353
624.6,ab3dmot,1,0,0,0.4,3.32195683,3.651439842,4.856114484,0,4434,7390,5,2,2,1,1,0.072,world,2.501060754,11.30424022,15.85817635
624.6,sort,0.503411306,62,22,0.2370629371,11.99611542,12.05081912,13.69473138,295,5098,7150,5,1,1,1,1,0.104,world,12.15605573,18.96985429,23.39029541
624.66,ours,1,0,0,0.4,3.320085949,3.651735692,4.859213623,0,4434,7390,5,2,2,1,1,0.028,world,2.501584467,11.3058472,15.86502458
624.66,ab3dmot,1,0,0,0.4,3.32195683,3.651608804,4.856288308,0,4437,7395,5,2,2,1,1,0.1,world,2.501922599,11.30532658,15.85973351
624.66,sort,0.5031660984,62,22,0.237037037,11.99514113,12.05045746,13.69463833,295,5102,7155,5,1,1,1,1,0.1,world,11.28393776,18.94956752,23.93710289
624.7,ours,1,0,0,0.4,3.320085949,3.651901809,4.85925588,0,4437,7395,5,2,2,1,1,0.008,world,2.501590658,11.30731851,15.86739905
624.7,ab3dmot,1,0,0,0.4,3.32195683,3.651775783,4.856395592,0,4440,7400,5,2,2,1,1,0.076,world,2.501570429,11.30721707,15.86331107
624.7,sort,0.5029211295,62,22,0.2370111732,11.99500271,12.05008256,13.69454527,295,5106,7160,5,1,1,1,1,0.076,world,11.25412678,18.95364634,23.96436381
624.74,ours,1,0,0,0.4,3.320085949,3.65206805,4.85933397,0,4440,7400,5,2,2,1,1,0.024,world,2.502511989,11.3075828,15.86742895
624.74,ab3dmot,1,0,0,0.4,3.32195683,3.651942885,4.856713174,0,4443,7405,5,2,2,1,1,0.12,world,2.502492553,11.30748149,15.86334097
624.74,sort,0.502676399,62,22,0.2369853454,11.99486429,12.04970078,13.69445222,295,5110,7165,5,1,1,1,1,0.088,world,11.23817984,18.95594366,23.97928539
624.784,ours,1,0,0,0.4,3.320085949,3.652232837,4.859560504,0,4443,7405,5,2,2,1,1,0.024,world,2.503626018,11.309505,15.87095861
624.784,ab3dmot,1,0,0,0.4,3.32195683,3.652107421,4.856756912,0,4446,7410,5,2,2,1,1,0.092,world,2.503400729,11.31034928,15.86920466
624.784,sort,0.5024319066,62,22,0.2369595537,11.99443901,12.04931367,13.69435916,295,5114,7170,5,1,1,1,1,0.092,world,11.22564061,18.95768438,23.99127837
624.816,ours,1,0,0,0.4,3.320085949,3.652396454,4.859899242,0,4446,7410,5,2,2,1,1,0.016,world,2.504063914,11.31062431,15.87336427
624.816,ab3dmot,1,0,0,0.4,3.32195683,3.652270208,4.856810726,0,4449,7415,5,2,2,1,1,0.092,world,2.503779651,11.31195885,15.87292456
624.816,sort,0.5021876519,62,22,0.2369337979,11.99401373,12.04892048,13.69426611,295,5118,7175,5,1,1,1,1,0.092,world,11.21138673,18.95983626,24.0043186
624.88,ours,1,0,0,0.4,3.320085949,3.652558939,4.859997405,0,4449,7415,5,2,2,1,1,0.024,world,2.504859207,11.31180948,15.87575853
624.88,ab3dmot,1,0,0,0.4,3.32195683,3.652431368,4.856956983,0,4452,7420,5,2,2,1,1,0.124,world,2.504731842,11.31366253,15.87653047
624.88,sort,0.5019436346,62,22,0.236908078,11.99213807,12.04851332,13.69417306,295,5122,7180,5,1,1,1,1,0.092,world,11.17965233,18.96396722,24.03343784
624.924,ours,1,0,0,0.4,3.320085949,3.652719092,4.860043389,0,4452,7420,5,2,2,1,1,0.024,world,2.504594498,11.31364944,15.88012764
624.924,ab3dmot,1,0,0,0.4,3.32195683,3.65258935,4.857081018,0,4455,7425,5,2,2,1,1,0.1,world,2.504183552,11.31614073,15.88275108
624.924,sort,0.5016998543,62,22,0.2368823939,11.9902624,12.0481001,13.69408,295,5126,7185,5,1,1,1,1,0.1,world,11.16533204,18.96580472,24.04647432
624.984,ours,1,0,0,0.4,3.320085949,3.65287901,4.860598143,0,4455,7425,5,2,2,1,1,0.028,world,2.504852037,11.31355116,15.87992964
624.984,ab3dmot,1,0,0,0.4,3.32195683,3.652747102,4.857354332,0,4458,7430,5,2,2,1,1,0.164,world,2.504442733,11.31604331,15.88255352
624.984,sort,0.5014563107,62,22,0.2368567455,11.98997397,12.04767344,13.69398695,295,5130,7190,5,1,1,1,1,0.096,world,11.13457041,18.96967331,24.07429084
625.048,ours,1,0,0,0.4,3.320085949,3.653038469,4.861114952,0,4458,7430,5,2,2,1,1,0.028,world,2.504614006,11.31325961,15.87965576
625.048,ab3dmot,1,0,0,0.4,3.32195683,3.652904398,4.857706582,0,4461,7435,5,2,2,1,1,0.228,world,2.504206265,11.31575256,15.88228009
625.048,sort,0.5012130034,62,22,0.2368311327,11.98968554,12.04723414,13.6938939,295,5134,7195,5,1,1,1,1,0.1,world,11.10543607,18.97309136,24.10023583
625.088,ours,1,0,0,0.4,3.320085949,3.65319532,4.861231667,0,4461,7435,5,2,2,1,1,0,world,2.503360655,11.31470016,15.88379718
625.088,ab3dmot,1,0,0,0.4,3.32195683,3.653058426,4.857871603,0,4464,7440,5,2,2,1,1,0.196,world,2.502561495,11.31761556,15.88782661
625.088,sort,0.5009699321,62,22,0.2368055556,11.98956686,12.04678868,13.69381159,295,5138,7200,5,1,1,1,1,0.1,world,11.0907588,18.97474544,24.11318325
625.1,ours,1,0,0,0.4,3.320085949,3.653351158,4.861316135,0,4464,7440,5,2,2,1,1,0,world,2.502993492,11.3153016,15.88533838
625.1,ab3dmot,1,0,0,0.4,3.32195683,3.653210916,4.85800395,0,4467,7445,5,2,2,1,1,0.144,world,2.502903362,11.31897733,15.89101429
625.1,sort,0.5007270965,62,22,0.2367800139,11.98944818,12.04632951,13.69372928,295,5142,7205,5,1,1,1,1,0.044,world,11.05903939,18.98047195,24.14420103
625.184,ours,1,0,0,0.4,3.320085949,3.653503779,4.861445926,0,4467,7445,5,2,2,1,1,0.028,world,2.50106238,11.31620101,15.88907288
625.184,ab3dmot,1,0,0,0.4,3.32195683,3.653359561,4.858233728,0,4470,7450,5,2,2,1,1,0.128,world,2.499828456,11.31989419,15.89590698
625.184,sort,0.5004844961,62,22,0.2367545076,11.98905735,12.04586428,13.69364698,295,5146,7210,5,1,1,1,1,0.1,world,11.04443967,18.97984883,24.15377513
625.2,ours,1,0,0,0.4,3.320085949,3.653654613,4.861458253,0,4470,7450,5,2,2,1,1,0,world,2.501269558,11.31772449,15.8928079
625.2,ab3dmot,1,0,0,0.4,3.32195683,3.653506415,4.858272326,0,4473,7455,5,2,2,1,1,0.08,world,2.500230877,11.32141828,15.9000533
625.2,sort,0.5002421308,62,22,0.2367290367,11.98866651,12.04538562,13.69356467,295,5150,7215,5,1,1,1,1,0.044,world,11.01320196,18.98591395,24.1850421
625.3,ours,1,0,0,0.4,3.320085949,3.65380208,4.86159279,0,4473,7455,5,2,2,1,1,0.04,world,2.497863559,11.31761451,15.89579752
625.3,ab3dmot,1,0,0,0.4,3.32195683,3.653650585,4.858268037,0,4476,7460,5,2,2,1,1,0.08,world,2.497669025,11.32087886,15.90240535
625.3,sort,0.5,62,22,0.2367036011,11.98763072,12.04490048,13.69348237,295,5154,7220,5,1,1,1,1,0.112,world,10.99752256,18.98469924,24.19429643
625.384,ours,1,0,0,0.4,3.320085949,3.653947353,4.861645949,0,4476,7460,5,2,2,1,1,0.028,world,2.496146636,11.31737308,15.89758883
625.384,ab3dmot,1,0,0,0.4,3.32195683,3.653794291,4.858266911,0,4479,7465,5,2,2,1,1,0.064,world,2.496286058,11.31911287,15.90062554
625.384,sort,0.4997581035,62,22,0.2366782007,11.98659494,12.04440238,13.69340006,295,5158,7225,5,1,1,1,1,0.132,world,10.96711865,18.98755144,24.2200503
625.484,ours,1,0,0,0.4,3.320085949,3.654089607,4.861640574,0,4479,7465,5,2,2,1,1,0.032,world,2.492491725,11.3164688,15.89758578
625.484,ab3dmot,1,0,0,0.4,3.32195683,3.653935535,4.858263887,0,4482,7470,5,2,2,1,1,0.068,world,2.493142328,11.3179599,15.89947639
625.484,sort,0.499516441,62,22,0.2366528354,11.98585992,12.04388369,13.69331776,295,5162,7230,5,1,1,1,1,0.132,world,10.91922049,18.99203629,24.26052786
625.552,ours,1,0,0,0.4,3.320085949,3.654229835,4.8616352,0,4482,7470,5,2,2,1,1,0.032,world,2.489481251,11.31514648,15.89743013
625.552,ab3dmot,1,0,0,0.4,3.32195683,3.654075908,4.858260863,0,4485,7475,5,2,2,1,1,0.068,world,2.490462406,11.31569954,15.89685977
625.552,sort,0.4992750121,62,22,0.2366275052,11.98512491,12.04334502,13.69323545,295,5166,7235,5,1,1,1,1,0.1,world,10.87243516,18.99843818,24.30324361
625.6,ours,1,0,0,0.4,3.320085949,3.654370021,4.861629825,0,4485,7475,5,2,2,1,1,0.008,world,2.48816357,11.31356701,15.8947252
625.6,ab3dmot,1,0,0,0.4,3.32195683,3.654217488,4.858305838,0,4488,7480,5,2,2,1,1,0.048,world,2.488716514,11.31275511,15.89115099
625.6,sort,0.4990338164,62,22,0.2366022099,11.98585992,12.04332503,13.69315314,295,5170,7240,5,1,1,1,1,0.084,world,12.00190387,19.02769862,23.59201408
625.668,ours,1,0,0,0.4,3.320085949,3.65450854,4.86162445,0,4488,7480,5,2,2,1,1,0.024,world,2.483701986,11.31111577,15.89239783
625.668,ab3dmot,1,0,0,0.4,3.32195683,3.654357905,4.858402862,0,4491,7485,5,2,2,1,1,0.088,world,2.483892002,11.3096717,15.88751862
625.668,sort,0.4987928537,62,22,0.2365769496,11.98659494,12.04331494,13.69307084,295,5174,7245,5,1,1,1,1,0.088,world,12.02240775,19.02957844,23.58175198
625.7,ours,1,0,0,0.4,3.320085949,3.654647122,4.861619076,0,4491,7485,5,2,2,1,1,0,world,2.481651434,11.3089891,15.88894165
625.7,ab3dmot,1,0,0,0.4,3.32195683,3.654498825,4.858512887,0,4494,7490,5,2,2,1,1,0.052,world,2.482775844,11.30748408,15.88363683
625.7,sort,0.4985521236,62,22,0.2365517241,11.98763072,12.04330936,13.69298853,295,5178,7250,5,1,1,1,1,0.084,world,12.03173971,19.03020745,23.57670719
625.768,ours,1,0,0,0.4,3.320085949,3.65478364,4.861613701,0,4494,7490,5,2,2,1,1,0.02,world,2.47695964,11.3065694,15.88700808
625.768,ab3dmot,1,0,0,0.4,3.32195683,3.654637156,4.858512472,0,4497,7495,5,2,2,1,1,0.124,world,2.477729001,11.30539365,15.88274866
625.768,sort,0.4983116257,62,22,0.2365265334,11.98866651,12.04331328,13.69290623,295,5182,7255,5,1,1,1,1,0.092,world,12.05144435,19.03166004,23.56622081
625.812,ours,1,0,0,0.4,3.320085949,3.654919809,4.861608327,0,4497,7495,5,2,2,1,1,0.012,world,2.473699057,11.30425129,15.88356776
625.812,ab3dmot,1,0,0,0.4,3.32195683,3.654775969,4.858518704,0,4500,7500,5,2,2,1,1,0.064,world,2.472105165,11.30136649,15.87608125
625.812,sort,0.4980713597,62,22,0.2365013774,11.98905735,12.04332152,13.69282392,295,5186,7260,5,1,1,1,1,0.096,world,12.06038005,19.03208044,23.56106946
625.876,ours,1,0,0,0.4,3.320085949,3.655054789,4.861602952,0,4500,7500,5,2,2,1,1,0.028,world,2.469606475,11.30232781,15.88158254
625.876,ab3dmot,1,0,0,0.4,3.32195683,3.654913323,4.858567418,0,4503,7505,5,2,2,1,1,0.096,world,2.466963214,11.29927005,15.87415141
625.876,sort,0.4978313253,62,22,0.236476256,11.98944818,12.04333957,13.69274162,295,5190,7265,5,1,1,1,1,0.1,world,12.08072711,19.03570761,23.55361159
625.9,ours,1,0,0,0.4,3.320085949,3.655186799,4.86159279,0,4503,7505,5,2,2,1,1,0,world,2.460402336,11.29870038,15.87866073
625.9,ab3dmot,1,0,0,0.4,3.32195683,3.655047451,4.858576476,0,4506,7510,5,2,2,1,1,0.088,world,2.458700153,11.2962278,15.87242156
625.9,sort,0.4975915222,62,22,0.2364511692,11.98956686,12.04336036,13.69265931,295,5194,7270,5,1,1,1,1,0.088,world,12.08641278,19.03294685,23.54542595
625.968,ours,1,0,0,0.4,3.320085949,3.655317196,4.861577842,0,4506,7510,5,2,2,1,1,0.02,world,2.456544232,11.29718276,15.87757572
625.968,ab3dmot,1,0,0,0.4,3.32195683,3.655179773,4.858575729,0,4509,7515,5,2,2,1,1,0.088,world,2.453967549,11.29460805,15.87110368
625.968,sort,0.4973519499,62,22,0.2364261168,11.98968554,12.04339149,13.692577,295,5198,7275,5,1,1,1,1,0.092,world,12.10784692,19.03681506,23.53761634
626.012,ours,1,0,0,0.4,3.320085949,3.655444276,4.861562893,0,4509,7515,5,2,2,1,1,0.012,world,2.448877358,11.29434995,15.87582147
626.012,ab3dmot,1,0,0,0.4,3.32195683,3.655307585,4.858574982,0,4512,7520,5,2,2,1,1,0.064,world,2.445910441,11.29298543,15.87116451
626.012,sort,0.4971126083,62,22,0.2364010989,11.98997397,12.04342497,13.6924947,295,5202,7280,5,1,1,1,1,0.1,world,12.11276168,19.033668,23.52925158
626.08,ours,1,0,0,0.4,3.320085949,3.655566443,4.861547945,0,4512,7520,5,2,2,1,1,0.024,world,2.440559329,11.29292329,15.87634921
626.08,ab3dmot,1,0,0,0.4,3.32195683,3.655430658,4.858574235,0,4515,7525,5,2,2,1,1,0.1,world,2.438334363,11.29154186,15.87214151
626.08,sort,0.4968734969,62,22,0.2363761153,11.9902624,12.04346686,13.69241239,295,5206,7285,5,1,1,1,1,0.1,world,12.13020743,19.0340026,23.51826182
626.1,ours,1,0,0,0.4,3.320085949,3.655686849,4.861532996,0,4515,7525,5,2,2,1,1,0.004,world,2.439137492,11.29423879,15.87815422
626.1,ab3dmot,1,0,0,0.4,3.32195683,3.655551208,4.858573487,0,4518,7530,5,2,2,1,1,0.056,world,2.436794016,11.29362177,15.87537653
626.1,sort,0.4966346154,62,22,0.236351166,11.99213807,12.04351433,13.69233009,295,5210,7290,5,1,1,1,1,0.088,world,12.1418031,19.03732426,23.51603166
626.144,ours,1,0,0,0.4,3.320085949,3.655805437,4.861518047,0,4518,7530,5,2,2,1,1,0.032,world,2.43552096,11.2928139,15.87761255
626.144,ab3dmot,1,0,0,0.4,3.32195683,3.655669941,4.85857274,0,4521,7535,5,2,2,1,1,0.1,world,2.433173784,11.29219624,15.87483476
626.144,sort,0.4963959635,62,22,0.2363262509,11.99401373,12.04356555,13.69224778,295,5214,7295,5,1,1,1,1,0.1,world,12.14963339,19.03721081,23.5106534
626.176,ours,1,0,0,0.4,3.320085949,3.655921449,4.861503099,0,4521,7535,5,2,2,1,1,0.008,world,2.431333854,11.29201434,15.87800872
626.176,ab3dmot,1,0,0,0.4,3.32195683,3.655784804,4.858571993,0,4524,7540,5,2,2,1,1,0.072,world,2.428656326,11.29267518,15.87752659
626.176,sort,0.4961575408,62,22,0.2363013699,11.99443901,12.04362116,13.69194089,295,5218,7300,5,1,1,1,1,0.104,world,12.15880044,19.03746348,23.50498107
626.2,ours,1,0,0,0.4,3.320085949,3.656034312,4.86148815,0,4524,7540,5,2,2,1,1,0,world,2.426802114,11.29171781,15.87916588
626.2,ab3dmot,1,0,0,0.4,3.32195683,3.655897092,4.858571245,0,4527,7545,5,2,2,1,1,0.056,world,2.424771625,11.2919602,15.87811104
626.2,sort,0.4959193471,62,22,0.2362765229,11.99486429,12.04373535,13.691634,295,5222,7305,5,1,1,1,1,0.064,world,12.27916515,19.02745482,23.41173537
626.26,ours,1,0,0,0.4,3.320085949,3.656143462,4.861473202,0,4527,7545,5,2,2,1,1,0.016,world,2.418936554,11.28865693,15.87803882
626.26,ab3dmot,1,0,0,0.4,3.32195683,3.656005401,4.858570498,0,4530,7550,5,2,2,1,1,0.084,world,2.416657006,11.28919734,15.87709313
626.26,sort,0.495681382,62,22,0.23625171,11.99500271,12.04385231,13.69132712,295,5226,7310,5,1,1,1,1,0.084,world,12.28507184,19.0232924,23.40099397
626.308,ours,1,0,0,0.4,3.320085949,3.656250513,4.861458253,0,4530,7550,5,2,2,1,1,0.008,world,2.414364364,11.28729267,15.87665262
626.308,ab3dmot,1,0,0,0.4,3.32195683,3.656112655,4.858567418,0,4533,7555,5,2,2,1,1,0.064,world,2.412674244,11.28714816,15.87345538
626.308,sort,0.4954436451,62,22,0.236226931,11.99514113,12.04397403,13.69102023,295,5230,7315,5,1,1,1,1,0.1,world,12.29501787,19.02273217,23.39351021
626.372,ours,1,0,0,0.4,3.320085949,3.656354021,4.861450493,0,4533,7555,5,2,2,1,1,0.028,world,2.405817798,11.28383709,15.87409068
626.372,ab3dmot,1,0,0,0.4,3.32195683,3.656216637,4.858562005,0,4536,7560,5,2,2,1,1,0.096,world,2.404408129,11.28355981,15.87040219
626.372,sort,0.4952061361,62,22,0.2362021858,11.99611542,12.04410611,13.69071334,295,5234,7320,5,1,1,1,1,0.1,world,12.3164149,19.02190716,23.37801221
626.436,ours,1,0,0,0.4,3.320085949,3.656454767,4.861449922,0,4536,7560,5,2,2,1,1,0.028,world,2.396932819,11.2797284,15.86893564
626.436,ab3dmot,1,0,0,0.4,3.32195683,3.656318441,4.858556593,0,4539,7565,5,2,2,1,1,0.096,world,2.395328598,11.27885934,15.86372768
626.436,sort,0.4949688548,62,22,0.2361774744,11.99708971,12.04424838,13.69040645,295,5238,7325,5,1,1,1,1,0.096,world,12.33745006,19.02166894,23.36251829
626.476,ours,1,0,0,0.4,3.320085949,3.656554325,4.861449351,0,4539,7565,5,2,2,1,1,0,world,2.391589746,11.27703907,15.86477313
626.476,ab3dmot,1,0,0,0.4,3.32195683,3.656420368,4.85855118,0,4542,7570,5,2,2,1,1,0.068,world,2.389933344,11.27485732,15.8566669
626.476,sort,0.4947318008,62,22,0.2361527967,11.99611542,12.04416998,13.69009956,295,5242,7330,5,1,1,1,1,0.1,world,11.87943186,18.83228784,23.34570349
626.508,ours,1,0,0,0.4,3.320085949,3.656654062,4.86144878,0,4542,7570,5,2,2,1,1,0.008,world,2.385967918,11.27297741,15.85749526
626.508,ab3dmot,1,0,0,0.4,3.32195683,3.65652201,4.858545767,0,4545,7575,5,2,2,1,1,0.068,world,2.38488778,11.27128682,15.85123919
626.508,sort,0.4944949737,62,22,0.2361281527,11.99514113,12.0440128,13.68979267,295,5246,7335,5,1,1,1,1,0.068,world,11.71120202,18.76104487,23.3360982
626.572,ours,1,0,0,0.4,3.320085949,3.656751639,4.86144821,0,4545,7575,5,2,2,1,1,0.02,world,2.381384454,11.27124036,15.8568984
626.572,ab3dmot,1,0,0,0.4,3.32195683,3.656623179,4.858540354,0,4548,7580,5,2,2,1,1,0.096,world,2.37953115,11.26778668,15.84598128
626.572,sort,0.4942583732,62,22,0.2361035422,11.99500271,12.04385149,13.68948578,295,5250,7340,5,1,1,1,1,0.096,world,11.70203383,18.75257311,23.3277772
626.6,ours,1,0,0,0.4,3.320085949,3.656849366,4.861447639,0,4548,7580,5,2,2,1,1,0.02,world,2.375407351,11.26705796,15.84942101
626.6,ab3dmot,1,0,0,0.4,3.32195683,3.656724501,4.858534942,0,4551,7585,5,2,2,1,1,0.06,world,2.373627654,11.26358858,15.8386638
626.6,sort,0.494021999,62,22,0.2360789653,11.99486429,12.04368625,13.68917889,295,5254,7345,5,1,1,1,1,0.092,world,11.69322706,18.74457921,23.32003156
626.648,ours,1,0,0,0.4,3.320085949,3.656945694,4.861447068,0,4551,7585,5,2,2,1,1,0.036,world,2.370105007,11.26443761,15.8462814
626.648,ab3dmot,1,0,0,0.4,3.32195683,3.656823619,4.858529529,0,4554,7590,5,2,2,1,1,0.112,world,2.368913538,11.26181356,15.83806263
626.648,sort,0.4937858509,62,22,0.2360544218,11.99443901,12.04351535,13.68887201,295,5258,7350,5,1,1,1,1,0.08,world,11.68070292,18.73250376,23.30771799
626.7,ours,1,0,0,0.4,3.320085949,3.657038397,4.861446497,0,4554,7590,5,2,2,1,1,0.016,world,2.359873806,11.26009523,15.84267045
626.7,ab3dmot,1,0,0,0.4,3.32195683,3.656919385,4.858524116,0,4557,7595,5,2,2,1,1,0.096,world,2.357902594,11.25705827,15.83304014
626.7,sort,0.4935499283,62,22,0.2360299116,11.99401373,12.04333956,13.68856512,295,5262,7355,5,1,1,1,1,0.128,world,11.66979357,18.72437009,23.30126269
626.768,ours,1,0,0,0.4,3.320085949,3.657127561,4.861445926,0,4557,7595,5,2,2,1,1,0.028,world,2.348439896,11.25529209,15.83787016
626.768,ab3dmot,1,0,0,0.4,3.32195683,3.657011144,4.858518704,0,4560,7600,5,2,2,1,1,0.096,world,2.346225069,11.25252548,15.82941773
626.768,sort,0.4933142311,62,22,0.2360054348,11.99213807,12.04315356,13.68825823,295,5266,7360,5,1,1,1,1,0.096,world,11.64733939,18.70361374,23.28070385
626.8,ours,1,0,0,0.4,3.320085949,3.657214611,4.861445355,0,4560,7600,5,2,2,1,1,0.024,world,2.342180089,11.25308221,15.83546916
626.8,ab3dmot,1,0,0,0.4,3.32195683,3.657100532,4.85851579,0,4563,7605,5,2,2,1,1,0.06,world,2.340987347,11.25095599,15.82813469
626.8,sort,0.4930787589,62,22,0.2359809912,11.9902624,12.04296344,13.68795134,295,5270,7365,5,1,1,1,1,0.096,world,11.63803834,18.69549027,23.27301659
626.836,ours,1,0,0,0.4,3.320085949,3.657299634,4.861436474,0,4563,7605,5,2,2,1,1,0.032,world,2.337037738,11.25109639,15.83377268
626.836,ab3dmot,1,0,0,0.4,3.32195683,3.657187633,4.858515375,0,4566,7610,5,2,2,1,1,0.096,world,2.335956718,11.24909209,15.8275317
626.836,sort,0.4928435115,62,22,0.2359565807,11.98997397,12.04276897,13.68764445,295,5274,7370,5,1,1,1,1,0.096,world,11.62821262,18.68684678,23.264774
626.872,ours,1,0,0,0.4,3.320085949,3.657382586,4.861419283,0,4566,7610,5,2,2,1,1,0.012,world,2.33202325,11.24920855,15.83222371
626.872,ab3dmot,1,0,0,0.4,3.32195683,3.657272782,4.858514961,0,4569,7615,5,2,2,1,1,0.068,world,2.331948373,11.24769409,15.82567546
626.872,sort,0.4926084883,62,22,0.2359322034,11.98968554,12.04257033,13.68733756,295,5278,7375,5,1,1,1,1,0.1,world,11.61877103,18.67869798,23.25712031
626.9,ours,1,0,0,0.4,3.320085949,3.65746585,4.861402091,0,4569,7615,5,2,2,1,1,0,world,2.33258941,11.24945599,15.83043206
626.9,ab3dmot,1,0,0,0.4,3.32195683,3.65735765,4.858514546,0,4572,7620,5,2,2,1,1,0.064,world,2.332571538,11.24832484,15.82579636
626.9,sort,0.4923736892,62,22,0.2359078591,11.98956686,12.04250545,13.68703067,295,5282,7380,5,1,1,1,1,0.064,world,11.90567362,18.81736174,23.30647143
626.968,ours,1,0,0,0.4,3.320085949,3.657544598,4.8613849,0,4572,7620,5,2,2,1,1,0.012,world,2.322400432,11.24593785,15.8287399
626.968,ab3dmot,1,0,0,0.4,3.32195683,3.657437749,4.858514131,0,4575,7625,5,2,2,1,1,0.096,world,2.322637124,11.24514888,15.82481699
626.968,sort,0.4921391139,62,22,0.2358835477,11.98968554,12.04249009,13.68672378,295,5286,7385,5,1,1,1,1,0.096,world,12.01022418,18.86606676,23.3214899
627.032,ours,1,0,0,0.4,3.320085949,3.657619132,4.861367709,0,4575,7625,5,2,2,1,1,0.028,world,2.312323702,11.24236359,15.82593103
627.032,ab3dmot,1,0,0,0.4,3.32195683,3.657513351,4.858513716,0,4578,7630,5,2,2,1,1,0.1,world,2.313027088,11.24202395,15.82290873
627.032,sort,0.4919047619,62,22,0.2358592693,11.98997397,12.04250476,13.6864169,295,5290,7390,5,1,1,1,1,0.1,world,12.07326021,18.89302405,23.32646256
627.092,ours,1,0,0,0.4,3.320085949,3.657689567,4.861350517,0,4578,7630,5,2,2,1,1,0.024,world,2.30205699,11.23840323,15.8233082
627.092,ab3dmot,1,0,0,0.4,3.32195683,3.657584594,4.858513302,0,4581,7635,5,2,2,1,1,0.096,world,2.303316103,11.23869814,15.82075449
627.092,sort,0.491670633,62,22,0.2358350237,11.9902624,12.04252517,13.68611001,295,5294,7395,5,1,1,1,1,0.096,world,12.08530353,18.89268113,23.31812156
627.136,ours,1,0,0,0.4,3.320085949,3.657757786,4.861333326,0,4581,7635,5,2,2,1,1,0.024,world,2.297237344,11.23693299,15.82177954
627.136,ab3dmot,1,0,0,0.4,3.32195683,3.657653528,4.858512887,0,4584,7640,5,2,2,1,1,0.1,world,2.298582338,11.23714302,15.82000368
627.136,sort,0.4914367269,62,22,0.2358108108,11.99213807,12.04254913,13.68597024,295,5298,7400,5,1,1,1,1,0.1,world,12.09278502,18.89302698,23.31386462
627.168,ours,1,0,0,0.4,3.320085949,3.657823778,4.861316135,0,4584,7640,5,2,2,1,1,0,world,2.292391041,11.23510071,15.82119718
627.168,ab3dmot,1,0,0,0.4,3.32195683,3.657719928,4.858512472,0,4587,7645,5,2,2,1,1,0.1,world,2.29399071,11.23585981,15.81986664
627.168,sort,0.4912030433,62,22,0.2357866307,11.99401373,12.04258173,13.68583047,295,5302,7405,5,1,1,1,1,0.068,world,12.11090187,18.8969431,23.30871433
627.224,ours,1,0,0,0.4,3.320085949,3.657887316,4.861298943,0,4587,7645,5,2,2,1,1,0.024,world,2.287839881,11.23415009,15.81997272
627.224,ab3dmot,1,0,0,0.4,3.32195683,3.657783655,4.858512058,0,4590,7650,5,2,2,1,1,0.092,world,2.28981801,11.2350537,15.81986857
627.224,sort,0.4909695817,62,22,0.2357624831,11.99443901,12.04261784,13.6856907,295,5306,7410,5,1,1,1,1,0.092,world,12.11831988,18.89732115,23.30453759
627.272,ours,1,0,0,0.4,3.320085949,3.657946417,4.861281752,0,4590,7650,5,2,2,1,1,0.012,world,2.277684247,11.23040398,15.81882832
627.272,ab3dmot,1,0,0,0.4,3.32195683,3.65784343,4.858508618,0,4593,7655,5,2,2,1,1,0.072,world,2.280539435,11.23154576,15.81716533
627.272,sort,0.490736342,62,22,0.2357383682,11.99486429,12.04265366,13.68555093,295,5310,7415,5,1,1,1,1,0.104,world,12.11780295,18.8930206,23.297607
627.348,ours,1,0,0,0.4,3.320085949,3.658001837,4.861269965,0,4593,7655,5,2,2,1,1,0.02,world,2.267880201,11.22669605,15.8147535
627.348,ab3dmot,1,0,0,0.4,3.32195683,3.65789908,4.858502154,0,4596,7660,5,2,2,1,1,0.116,world,2.27028968,11.22770571,15.81483227
627.348,sort,0.4905033238,62,22,0.2357142857,11.99500271,12.042695,13.68541116,295,5314,7420,5,1,1,1,1,0.12,world,12.12939233,18.89287207,23.28978681
627.432,ours,1,0,0,0.4,3.320085949,3.658053956,4.861263582,0,4596,7660,5,2,2,1,1,0.024,world,2.256877992,11.22216313,15.80941529
627.432,ab3dmot,1,0,0,0.4,3.32195683,3.657951524,4.85849569,0,4599,7665,5,2,2,1,1,0.1,world,2.258788266,11.22283002,15.80916584
627.432,sort,0.4902705268,62,22,0.2356902357,11.99514113,12.0427484,13.6852714,295,5318,7425,5,1,1,1,1,0.1,world,12.15468052,18.89744645,23.28100242
627.504,ours,1,0,0,0.4,3.320085949,3.658101358,4.861257199,0,4599,7665,5,2,2,1,1,0.004,world,2.245754842,11.21904144,15.80730441
627.504,ab3dmot,1,0,0,0.4,3.32195683,3.657998724,4.858489227,0,4602,7670,5,2,2,1,1,0.072,world,2.247133322,11.21998421,15.80809986
627.504,sort,0.4900379507,62,22,0.235666218,11.99611542,12.04280798,13.68513163,295,5322,7430,5,1,1,1,1,0.108,world,12.1677069,18.89804214,23.27344519
627.596,ours,1,0,0,0.4,3.320085949,3.658141793,4.861250816,0,4602,7670,5,2,2,1,1,0.032,world,2.229716646,11.21410614,15.80578768
627.596,ab3dmot,1,0,0,0.4,3.32195683,3.658038241,4.858482763,0,4605,7675,5,2,2,1,1,0.068,world,2.230466191,11.21559279,15.8077417
627.596,sort,0.4898055951,62,22,0.2356422327,11.99708971,12.04287577,13.68499186,295,5326,7435,5,1,1,1,1,0.104,world,12.18493966,18.89842296,23.26269094
627.692,ours,1,0,0,0.4,3.320085949,3.658177457,4.861244433,0,4605,7675,5,2,2,1,1,0.028,world,2.218704249,11.21096734,15.80485406
627.692,ab3dmot,1,0,0,0.4,3.32195683,3.658072957,4.858476299,0,4608,7680,5,2,2,1,1,0.1,world,2.219235434,11.21243165,15.80672055
627.692,sort,0.4895734597,62,22,0.2356182796,11.99716613,12.04294976,13.68485209,295,5330,7440,5,1,1,1,1,0.132,world,12.19799729,18.89939695,23.25568134
627.728,ours,1,0,0,0.4,3.320085949,3.658211083,4.86123805,0,4608,7680,5,2,2,1,1,0.028,world,2.213450922,11.20944677,15.80307552
627.728,ab3dmot,1,0,0,0.4,3.32195683,3.658105763,4.858469835,0,4611,7685,5,2,2,1,1,0.1,world,2.214162584,11.21066651,15.80517745
627.728,sort,0.4893415443,62,22,0.2355943586,11.99724255,12.04303236,13.68471232,295,5334,7445,5,1,1,1,1,0.1,world,12.21607012,18.90386565,23.25137591
627.772,ours,1,0,0,0.4,3.320085949,3.658240838,4.861231667,0,4611,7685,5,2,2,1,1,0.008,world,2.203412449,11.20589573,15.80084701
627.772,ab3dmot,1,0,0,0.4,3.32195683,3.658135819,4.858463371,0,4614,7690,5,2,2,1,1,0.084,world,2.20473336,11.20658195,15.79993163
627.772,sort,0.4891098485,62,22,0.2355704698,11.99730784,12.04312121,13.68457255,295,5338,7450,5,1,1,1,1,0.084,world,12.22924497,18.90513654,23.24474898
627.828,ours,1,0,0,0.4,3.320085949,3.658269479,4.861225284,0,4614,7690,5,2,2,1,1,0.028,world,2.19821158,11.20366472,15.79687787
627.828,ab3dmot,1,0,0,0.4,3.32195683,3.658164165,4.858456907,0,4617,7695,5,2,2,1,1,0.1,world,2.198873444,11.20442896,15.79759501
627.828,sort,0.488878372,62,22,0.235546613,11.99737313,12.04321279,13.68443279,295,5342,7455,5,1,1,1,1,0.104,world,12.23510109,18.90558767,23.24159031
627.872,ours,1,0,0,0.4,3.320085949,3.658298463,4.861218901,0,4617,7695,5,2,2,1,1,0.012,world,2.193365782,11.20018734,15.78974046
627.872,ab3dmot,1,0,0,0.4,3.32195683,3.6581938,4.858450443,0,4620,7700,5,2,2,1,1,0.076,world,2.193953837,11.20003379,15.78816928
627.872,sort,0.4886471145,62,22,0.2355227882,11.99777238,12.04331378,13.68429302,295,5346,7460,5,1,1,1,1,0.08,world,12.2548456,18.91083036,23.23747286
627.94,ours,1,0,0,0.4,3.320085949,3.658325054,4.861212518,0,4620,7700,5,2,2,1,1,0.04,world,2.183385998,11.19539908,15.78449613
627.94,ab3dmot,1,0,0,0.4,3.32195683,3.658221675,4.85844206,0,4623,7705,5,2,2,1,1,0.112,world,2.184047358,11.19467393,15.7814695
627.94,sort,0.4884160757,62,22,0.2354989953,11.99817162,12.04341446,13.68415325,295,5350,7465,5,1,1,1,1,0.116,world,12.25440102,18.90780224,23.23240192
628,ours,1,0,0,0.4,3.320085949,3.658351755,4.861200747,0,4623,7705,5,2,2,1,1,0.008,world,2.173449334,11.1886251,15.77296682
628,ab3dmot,1,0,0,0.4,3.32195683,3.658253634,4.858431756,0,4626,7710,5,2,2,1,1,0.076,world,2.174257617,11.18447256,15.7600695
628,sort,0.4881852552,62,22,0.2354752343,11.99920096,12.04352083,13.68401348,295,5354,7470,5,1,1,1,1,0.108,world,12.26643588,18.90922796,23.22670067
628.092,ours,1,0,0,0.4,3.320085949,3.658376917,4.861183588,0,4626,7710,5,2,2,1,1,0.028,world,2.159571029,11.18052523,15.76091685
628.092,ab3dmot,1,0,0,0.4,3.32195683,3.658285277,4.858421453,0,4629,7715,5,2,2,1,1,0.1,world,2.161288847,11.17565427,15.74540915
628.092,sort,0.4879546528,62,22,0.235451505,12.00023029,12.04363671,13.68387371,295,5358,7475,5,1,1,1,1,0.1,world,12.28639351,18.91238912,23.21858878
628.18,ours,1,0,0,0.4,3.320085949,3.658402872,4.861166429,0,4629,7715,5,2,2,1,1,0.028,world,2.152142468,11.17437126,15.74937155
628.18,ab3dmot,1,0,0,0.4,3.32195683,3.658322126,4.858411149,0,4632,7720,5,2,2,1,1,0.088,world,2.157833436,11.16685209,15.72536962
628.18,sort,0.4877242682,62,22,0.2354278075,11.99920096,12.04315301,13.68373394,295,5362,7480,5,1,1,1,1,0.156,world,10.97145085,18.70206424,23.74863033
628.256,ours,1,0,0,0.4,3.320085949,3.658432587,4.86114927,0,4632,7720,5,2,2,1,1,0.032,world,2.148140161,11.16683481,15.73263325
628.256,ab3dmot,1,0,0,0.4,3.32195683,3.658360445,4.858400846,0,4635,7725,5,2,2,1,1,0.1,world,2.153744676,11.16117979,15.71454271
628.256,sort,0.487494101,62,22,0.2354041416,11.99817162,12.04257396,13.68359417,295,5366,7485,5,1,1,1,1,0.132,world,10.74634468,18.67967545,23.86237657
628.32,ours,1,0,0,0.4,3.320085949,3.658465776,4.861132111,0,4635,7725,5,2,2,1,1,0.02,world,2.145061414,11.16003162,15.71723956
628.32,ab3dmot,1,0,0,0.4,3.32195683,3.658400295,4.858390542,0,4638,7730,5,2,2,1,1,0.1,world,2.14968771,11.15559953,15.70376411
628.32,sort,0.4872641509,62,22,0.2353805073,11.99777238,12.04196072,13.68345441,295,5370,7490,5,1,1,1,1,0.1,world,10.66358987,18.67467693,23.90986254
628.4,ours,1,0,0,0.4,3.320085949,3.658500185,4.861114952,0,4638,7730,5,2,2,1,1,0.032,world,2.140331324,11.15461772,15.70707609
628.4,ab3dmot,1,0,0,0.4,3.32195683,3.658443405,4.858380238,0,4641,7735,5,2,2,1,1,0.08,world,2.146798062,11.14898332,15.6896735
628.4,sort,0.4870344177,62,22,0.2353569046,11.99737313,12.04131157,13.68331464,295,5374,7495,5,1,1,1,1,0.08,world,10.57592044,18.66294281,23.94995975
628.5,ours,1,0,0,0.4,3.320085949,3.658535845,4.861097793,0,4641,7735,5,2,2,1,1,0.024,world,2.131099595,11.1464803,15.6927657
628.5,ab3dmot,1,0,0,0.4,3.32195683,3.658486468,4.858369935,0,4644,7740,5,2,2,1,1,0.08,world,2.135982206,11.14141178,15.6778029
628.5,sort,0.486804901,62,22,0.2353333333,11.99730784,12.04064119,13.68320916,295,5378,7500,5,1,1,1,1,0.112,world,10.52308108,18.65226463,23.96765769
628.6,ours,1,0,0,0.4,3.320085949,3.65856857,4.861080634,0,4644,7740,5,2,2,1,1,0.036,world,2.120274057,11.14171607,15.68849209
628.6,ab3dmot,1,0,0,0.4,3.32195683,3.658525105,4.858359631,0,4647,7745,5,2,2,1,1,0.18,world,2.124610688,11.13768389,15.67703533
628.6,sort,0.4865756006,62,22,0.2353097935,11.99724255,12.03993704,13.68310368,295,5382,7505,5,1,1,1,1,0.112,world,10.43930095,18.64695879,24.01507746
628.684,ours,1,0,0,0.4,3.320085949,3.658599943,4.861063476,0,4647,7745,5,2,2,1,1,0.032,world,2.113733795,11.13848355,15.68461046
628.684,ab3dmot,1,0,0,0.4,3.32195683,3.658562855,4.858349328,0,4650,7750,5,2,2,1,1,0.196,world,2.11804287,11.1341732,15.67168966
628.684,sort,0.486346516,62,22,0.235286285,11.99716613,12.03921195,13.6829982,295,5386,7510,5,1,1,1,1,0.132,world,10.38632882,18.64417984,24.04600686
628.716,ours,1,0,0,0.4,3.320085949,3.658635084,4.861046317,0,4650,7750,5,2,2,1,1,0.016,world,2.112586449,11.13421876,15.67193166
628.716,ab3dmot,1,0,0,0.4,3.32195683,3.658602235,4.858340691,0,4653,7755,5,2,2,1,1,0.096,world,2.115198693,11.13133217,15.66307902
628.716,sort,0.4861176471,62,22,0.2352628077,11.99708971,12.03870193,13.68289272,295,5390,7515,5,1,1,1,1,0.064,world,10.90170867,18.68561283,23.76837938
628.792,ours,1,0,0,0.4,3.320085949,3.658670808,4.860988893,0,4653,7755,5,2,2,1,1,0.028,world,2.106196911,11.12992317,15.66302143
628.792,ab3dmot,1,0,0,0.4,3.32195683,3.658640396,4.85833372,0,4656,7760,5,2,2,1,1,0.08,world,2.106111284,11.1277595,15.65706716
628.792,sort,0.4858889934,62,22,0.2352393617,11.99611542,12.03818752,13.68278724,295,5394,7520,5,1,1,1,1,0.116,world,10.89032188,18.68327643,23.77169349
628.884,ours,1,0,0,0.4,3.320085949,3.658705743,4.860891206,0,4656,7760,5,2,2,1,1,0.032,world,2.099819669,11.12681994,15.6580475
628.884,ab3dmot,1,0,0,0.4,3.32195683,3.658676524,4.85832675,0,4659,7765,5,2,2,1,1,0.1,world,2.099350752,11.12564242,15.6548547
628.884,sort,0.4856605548,62,22,0.2352159468,11.99514113,12.03782671,13.68268176,295,5398,7525,5,1,1,1,1,0.132,world,11.24458598,18.79589747,23.72698836
628.92,ours,1,0,0,0.4,3.320085949,3.658740656,4.860793518,0,4659,7765,5,2,2,1,1,0.02,world,2.096298448,11.12498245,15.65429257
628.92,ab3dmot,1,0,0,0.4,3.32195683,3.658712156,4.858319779,0,4662,7770,5,2,2,1,1,0.068,world,2.095108627,11.1240398,15.65176805
628.92,sort,0.4854323308,62,22,0.2351925631,11.99500271,12.03737797,13.68257628,295,5402,7530,5,1,1,1,1,0.108,world,11.0417078,18.74671201,23.77979177
629,ours,1,0,0,0.4,3.320085949,3.658775061,4.860695831,0,4662,7770,5,2,2,1,1,0.008,world,2.08818405,11.12076247,15.64640705
629,ab3dmot,1,0,0,0.4,3.32195683,3.658746771,4.858312808,0,4665,7775,5,2,2,1,1,0.052,world,2.087272207,11.12051317,15.64494566
629,sort,0.4852043213,62,22,0.2351692104,11.99486429,12.03692842,13.6824708,295,5406,7535,5,1,1,1,1,0.084,world,11.0388941,18.75277097,23.79203665
629.048,ours,1,0,0,0.4,3.320085949,3.658809399,4.860598143,0,4665,7775,5,2,2,1,1,0.012,world,2.086017217,11.11952029,15.64380995
629.048,ab3dmot,1,0,0,0.4,3.32195683,3.658780376,4.858305838,0,4668,7780,5,2,2,1,1,0.1,world,2.08468007,11.11973524,15.64486853
629.048,sort,0.4849765258,62,22,0.2351458886,11.99443901,12.03648037,13.68236532,295,5410,7540,5,1,1,1,1,0.064,world,11.0414467,18.75848859,23.80040295
629.1,ours,1,0,0,0.4,3.320085949,3.658842966,4.860500456,0,4668,7780,5,2,2,1,1,0.02,world,2.081213518,11.11738401,15.640641
629.1,ab3dmot,1,0,0,0.4,3.32195683,3.658814056,4.858298867,0,4671,7785,5,2,2,1,1,0.084,world,2.079644827,11.11706258,15.63897967
629.1,sort,0.4847489442,62,22,0.2351225977,11.99401373,12.0360309,13.68225984,295,5414,7545,5,1,1,1,1,0.084,world,11.0371859,18.75964895,23.80493477
629.188,ours,1,0,0,0.4,3.320085949,3.658877642,4.860402768,0,4671,7785,5,2,2,1,1,0.024,world,2.077328324,11.1145349,15.63271518
629.188,ab3dmot,1,0,0,0.4,3.32195683,3.658848508,4.858291896,0,4674,7790,5,2,2,1,1,0.076,world,2.07603458,11.1146403,15.63193867
629.188,sort,0.484521576,62,22,0.2350993377,11.99213807,12.03558151,13.68215436,295,5418,7550,5,1,1,1,1,0.112,world,11.03643883,18.76442798,23.8135778
629.256,ours,1,0,0,0.4,3.320085949,3.658912709,4.860305081,0,4674,7790,5,2,2,1,1,0.044,world,2.073934588,11.11233346,15.62763383
629.256,ab3dmot,1,0,0,0.4,3.32195683,3.658882204,4.858284926,0,4677,7795,5,2,2,1,1,0.112,world,2.072346139,11.113147,15.62987143
629.256,sort,0.484294421,62,22,0.2350761085,11.9902624,12.03513259,13.68204888,295,5422,7555,5,1,1,1,1,0.116,world,11.03659784,18.76998985,23.8229878
629.312,ours,1,0,0,0.4,3.320085949,3.658949405,4.860207393,0,4677,7795,5,2,2,1,1,0.012,world,2.071710875,11.11017565,15.62077569
629.312,ab3dmot,1,0,0,0.4,3.32195683,3.658917218,4.858277955,0,4680,7800,5,2,2,1,1,0.064,world,2.069712842,11.11109878,15.62361421
629.312,sort,0.4840674789,62,22,0.2350529101,11.98997397,12.03468541,13.6819434,295,5426,7560,5,1,1,1,1,0.1,world,11.03969593,18.77595948,23.83138401
629.38,ours,1,0,0,0.4,3.320085949,3.65898534,4.860109706,0,4680,7800,5,2,2,1,1,0.016,world,2.068004377,11.10887615,15.61917797
629.38,ab3dmot,1,0,0,0.4,3.32195683,3.658952102,4.858274387,0,4683,7805,5,2,2,1,1,0.072,world,2.06528295,11.10910011,15.61997887
629.38,sort,0.4838407494,62,22,0.2350297422,11.98968554,12.03423905,13.68183792,295,5430,7565,5,1,1,1,1,0.104,world,11.0406787,18.78209444,23.84122536
629.472,ours,1,0,0,0.4,3.320085949,3.659020461,4.860058366,0,4683,7805,5,2,2,1,1,0.04,world,2.06332406,11.10718646,15.61710746
629.472,ab3dmot,1,0,0,0.4,3.32195683,3.65898538,4.858274222,0,4686,7810,5,2,2,1,1,0.16,world,2.060991283,11.10810086,15.62027282
629.472,sort,0.4836142322,62,22,0.235006605,11.98956686,12.03379265,13.68173244,295,5434,7570,5,1,1,1,1,0.132,world,11.03964346,18.78815827,23.85198048
629.544,ours,1,0,0,0.4,3.320085949,3.659058573,4.860053374,0,4686,7810,5,2,2,1,1,0.04,world,2.059907981,11.10347186,15.60658052
629.544,ab3dmot,1,0,0,0.4,3.32195683,3.659021864,4.858274057,0,4689,7815,5,2,2,1,1,0.1,world,2.056581206,11.10373023,15.60900834
629.544,sort,0.483387927,62,22,0.2349834983,11.98944818,12.03334897,13.68162696,295,5438,7575,5,1,1,1,1,0.1,world,11.045061,18.79850976,23.8663506
629.6,ours,1,0,0,0.4,3.320085949,3.65909783,4.860048382,0,4689,7815,5,2,2,1,1,0.024,world,2.058793621,11.1020173,15.60276213
629.6,ab3dmot,1,0,0,0.4,3.32195683,3.659060892,4.858273892,0,4692,7820,5,2,2,1,1,0.092,world,2.055664918,11.10123304,15.60169974
629.6,sort,0.4831618335,62,22,0.2349604222,11.98905735,12.03290752,13.68152148,295,5442,7580,5,1,1,1,1,0.092,world,11.0493075,18.805255,23.87531268
629.676,ours,1,0,0,0.4,3.320085949,3.659137776,4.860043389,0,4692,7820,5,2,2,1,1,0.032,world,2.055935616,11.10054233,15.59875876
629.676,ab3dmot,1,0,0,0.4,3.32195683,3.659099288,4.858273727,0,4695,7825,5,2,2,1,1,0.1,world,2.052237465,11.10077931,15.60050331
629.676,sort,0.4829359514,62,22,0.2349373764,11.98866651,12.03246602,13.681416,295,5446,7585,5,1,1,1,1,0.132,world,11.04827088,18.81021262,23.88396764
629.74,ours,1,0,0,0.4,3.320085949,3.659176881,4.860038397,0,4695,7825,5,2,2,1,1,0.036,world,2.053316674,11.10096994,15.59833791
629.74,ab3dmot,1,0,0,0.4,3.32195683,3.659135947,4.858273562,0,4698,7830,5,2,2,1,1,0.096,world,2.05001936,11.10197383,15.60272486
629.74,sort,0.4827102804,62,22,0.234914361,11.98763072,12.03202845,13.68131052,295,5450,7590,5,1,1,1,1,0.096,world,11.05650375,18.82100775,23.89750348
629.8,ours,1,0,0,0.4,3.320085949,3.659215169,4.860033405,0,4698,7830,5,2,2,1,1,0.016,world,2.051005877,11.1014007,15.59865893
629.8,ab3dmot,1,0,0,0.4,3.32195683,3.659171134,4.858273397,0,4701,7835,5,2,2,1,1,0.06,world,2.046902444,11.10291864,15.60387741
629.8,sort,0.4824848202,62,22,0.2348913759,11.98659494,12.03159305,13.68120504,295,5454,7595,5,1,1,1,1,0.092,world,11.06063019,18.82905638,23.90852013
629.828,ours,1,0,0,0.4,3.320085949,3.659253349,4.860028413,0,4701,7835,5,2,2,1,1,0.02,world,2.050122527,11.10148278,15.59827727
629.828,ab3dmot,1,0,0,0.4,3.32195683,3.659206207,4.858273232,0,4704,7840,5,2,2,1,1,0.092,world,2.04669256,11.10305304,15.60416792
629.828,sort,0.4822595705,62,22,0.2348684211,11.98585992,12.03115902,13.68117514,295,5458,7600,5,1,1,1,1,0.096,world,11.06292167,18.83322455,23.91412585
629.88,ours,1,0,0,0.4,3.320085949,3.659291564,4.860023421,0,4704,7840,5,2,2,1,1,0.008,world,2.049467979,11.10158987,15.59765723
629.88,ab3dmot,1,0,0,0.4,3.32195683,3.659241117,4.858273067,0,4707,7845,5,2,2,1,1,0.072,world,2.045329418,11.1032727,15.60338845
629.88,sort,0.482034531,62,22,0.2348454964,11.98512491,12.03072659,13.68114525,295,5462,7605,5,1,1,1,1,0.104,world,11.06574267,18.83789527,23.92027366
629.9,ours,1,0,0,0.4,3.320085949,3.659329585,4.860018429,0,4707,7845,5,2,2,1,1,0,world,2.047819202,11.1017117,15.59699628
629.9,ab3dmot,1,0,0,0.4,3.32195683,3.659275712,4.858272902,0,4710,7850,5,2,2,1,1,0.06,world,2.044356656,11.10356071,15.60365737
629.9,sort,0.4818097015,62,22,0.2348226018,11.9846325,12.03029695,13.68111536,295,5466,7610,5,1,1,1,1,0.06,world,11.07135511,18.8455116,23.92983212
629.92,ours,1,0,0,0.4,3.320085949,3.659367557,4.860013437,0,4710,7850,5,2,2,1,1,0.016,world,2.047819202,11.1017117,15.59699628
629.92,ab3dmot,1,0,0,0.4,3.32195683,3.659310264,4.85827139,0,4713,7855,5,2,2,1,1,0.08,world,2.044356656,11.10356071,15.60365737
629.92,sort,0.4815850816,62,22,0.2347997374,11.98414009,12.02986774,13.68108547,295,5470,7615,5,1,1,1,1,0.08,world,11.07144933,18.84561341,23.92995168
630,ours,1,0,0,0.4,3.320085949,3.65940577,4.860008233,0,4713,7855,5,2,2,1,1,0.028,world,2.047133847,11.10191321,15.59667199
630,ab3dmot,1,0,0,0.4,3.32195683,3.659344712,4.858268532,0,4716,7860,5,2,2,1,1,0.096,world,2.043332964,11.10401483,15.60390631
630,sort,0.481360671,62,22,0.2347769029,11.9834222,12.02944005,13.68105558,295,5474,7620,5,1,1,1,1,0.128,world,11.07408959,18.85135624,23.93777755
630.064,ours,1,0,0,0.4,3.320085949,3.659443924,4.860002819,0,4716,7860,5,2,2,1,1,0.024,world,2.048129423,11.10362567,15.59861337
630.064,ab3dmot,1,0,0,0.4,3.32195683,3.659378658,4.858265673,0,4719,7865,5,2,2,1,1,0.092,world,2.046270919,11.10659522,15.60816009
630.064,sort,0.4811364695,62,22,0.2347540984,11.9827043,12.02901704,13.68102569,295,5478,7625,5,1,1,1,1,0.1,world,11.08410195,18.86596376,23.9561847
630.14,ours,1,0,0,0.4,3.320085949,3.659481912,4.859997405,0,4719,7865,5,2,2,1,1,0.012,world,2.04937397,11.10464541,15.60016166
630.14,ab3dmot,1,0,0,0.4,3.32195683,3.659412815,4.858262815,0,4722,7870,5,2,2,1,1,0.172,world,2.046955385,11.10707222,15.60859672
630.14,sort,0.4809124767,62,22,0.2347313237,11.98033354,12.02859737,13.6809958,295,5482,7630,5,1,1,1,1,0.108,world,11.09101679,18.87454929,23.96658327
630.2,ours,1,0,0,0.4,3.320085949,3.659520479,4.859991991,0,4722,7870,5,2,2,1,1,0,world,2.051072794,11.10572648,15.60109066
630.2,ab3dmot,1,0,0,0.4,3.32195683,3.659447556,4.858259956,0,4725,7875,5,2,2,1,1,0.228,world,2.048655593,11.10815341,15.60952514
630.272,ours,1,0,0,0.4,3.320085949,3.659556843,4.859986577,0,4725,7875,5,2,2,1,1,0.02,world,2.056992484,11.1107307,15.61116089
630.272,ab3dmot,1,0,0,0.4,3.32195683,3.65948204,4.858257097,0,4728,7880,5,2,2,1,1,0.104,world,2.0583315,11.11202763,15.61794005
630.352,ours,1,0,0,0.4,3.320085949,3.659596546,4.859981162,0,4728,7880,5,2,2,1,1,0.016,world,2.061474623,11.10998348,15.60842727
630.352,ab3dmot,1,0,0,0.4,3.32195683,3.659518738,4.858254239,0,4731,7885,5,2,2,1,1,0.116,world,2.062770042,11.11231282,15.61781906
630.436,ours,1,0,0,0.4,3.320085949,3.659634725,4.859975748,0,4731,7885,5,2,2,1,1,0.036,world,2.06801462,11.115463,15.61947996
630.436,ab3dmot,1,0,0,0.4,3.32195683,3.659552962,4.85825138,0,4734,7890,5,2,2,1,1,0.1,world,2.069969293,11.1187482,15.6317633
630.5,ours,1,0,0,0.4,3.320085949,3.659672268,4.859970334,0,4734,7890,5,2,2,1,1,0.032,world,2.070227189,11.11747161,15.62352877
630.5,ab3dmot,1,0,0,0.4,3.32195683,3.659584264,4.858248521,0,4737,7895,5,2,2,1,1,0.1,world,2.071711691,11.12248115,15.64147107
630.56,ours,1,0,0,0.4,3.320085949,3.659710515,4.85996492,0,4737,7895,5,2,2,1,1,0.028,world,2.073620154,11.11936789,15.62699492
630.56,ab3dmot,1,0,0,0.4,3.32195683,3.659620234,4.858245663,0,4740,7900,5,2,2,1,1,0.092,world,2.074113212,11.12015508,15.63556962
630.6,ours,1,0,0,0.4,3.320085949,3.659751355,4.859959506,0,4740,7900,5,2,2,1,1,0.032,world,2.074497659,11.11764697,15.62376736
630.6,ab3dmot,1,0,0,0.4,3.32195683,3.659660133,4.858243601,0,4743,7905,5,2,2,1,1,0.068,world,2.074454202,11.11691218,15.62917736
630.64,ours,1,0,0,0.4,3.320085949,3.65979387,4.859937613,0,4743,7905,5,2,2,1,1,0.008,world,2.076169546,11.11735921,15.62259868
630.64,ab3dmot,1,0,0,0.4,3.32195683,3.659700771,4.858242336,0,4746,7910,5,2,2,1,1,0.112,world,2.076622974,11.11796141,15.62986593
630.708,ours,1,0,0,0.4,3.320085949,3.659836668,4.859899242,0,4746,7910,5,2,2,1,1,0.008,world,2.080481249,11.12051453,15.62744602
630.708,ab3dmot,1,0,0,0.4,3.32195683,3.659739901,4.858241071,0,4749,7915,5,2,2,1,1,0.108,world,2.080670321,11.12252808,15.63914789
630.764,ours,1,0,0,0.4,3.320085949,3.659879258,4.859860871,0,4749,7915,5,2,2,1,1,0.032,world,2.085634265,11.12435484,15.63446664
630.764,ab3dmot,1,0,0,0.4,3.32195683,3.659778692,4.858239806,0,4752,7920,5,2,2,1,1,0.1,world,2.086094113,11.12660256,15.6466222
630.8,ours,1,0,0,0.4,3.320085949,3.659921053,4.8598225,0,4752,7920,5,2,2,1,1,0.004,world,2.089236008,11.12707204,15.64055484
630.8,ab3dmot,1,0,0,0.4,3.32195683,3.659816666,4.858238541,0,4755,7925,5,2,2,1,1,0.068,world,2.091366406,11.12998189,15.6534817
630.868,ours,1,0,0,0.4,3.320085949,3.659964083,4.859784129,0,4755,7925,5,2,2,1,1,0.012,world,2.095938127,11.13051832,15.64487551
630.868,ab3dmot,1,0,0,0.4,3.32195683,3.659856632,4.858237276,0,4758,7930,5,2,2,1,1,0.136,world,2.096958563,11.13256471,15.655073
630.92,ours,1,0,0,0.4,3.320085949,3.66000813,4.859745758,0,4758,7930,5,2,2,1,1,0.02,world,2.09887373,11.13186283,15.6456952
630.92,ab3dmot,1,0,0,0.4,3.32195683,3.659897618,4.858236011,0,4761,7935,5,2,2,1,1,0.192,world,2.099892825,11.13390916,15.65589219
631,ours,1,0,0,0.4,3.320085949,3.660054363,4.859707388,0,4761,7935,5,2,2,1,1,0.02,world,2.105014633,11.13465512,15.64738025
631,ab3dmot,1,0,0,0.4,3.32195683,3.659940792,4.858234746,0,4764,7940,5,2,2,1,1,0.268,world,2.106030912,11.13670136,15.65757621
631,sort,0.4806886924,63,22,0.2345776031,11.97796278,12.02791147,13.6809659,295,5486,7635,5,1,1,1,1,0.104,world,10.45120354,18.67000878,24.02082481
631.084,ours,1,0,0,0.4,3.320085949,3.660104144,4.859669017,0,4764,7940,5,2,2,1,1,0.024,world,2.114878461,11.13909271,15.65001736
631.084,ab3dmot,1,0,0,0.4,3.32195683,3.659987516,4.858233481,0,4767,7945,5,2,2,1,1,0.356,world,2.1158902,11.14113884,15.66021173
631.084,sort,0.4804651163,63,22,0.2345549738,11.97620317,12.02723117,13.68093601,295,5490,7640,5,1,1,1,1,0.128,world,10.46359396,18.68039962,24.03010501
631.16,ours,1,0,0,0.4,3.320085949,3.660158488,4.859630646,0,4767,7945,5,2,2,1,1,0.032,world,2.131449289,11.14145349,15.6558734
631.16,ab3dmot,1,0,0,0.4,3.32195683,3.660044791,4.858232216,0,4770,7950,5,2,2,1,1,0.1,world,2.136628779,11.13944986,15.6538539
631.16,sort,0.480241748,63,22,0.2345323741,11.97444356,12.02655505,13.68090612,295,5494,7645,5,1,1,1,1,0.104,world,10.47243839,18.68758868,24.03638223
631.26,ours,1,0,0,0.4,3.320085949,3.660220247,4.859959506,0,4770,7950,5,2,2,1,1,0.052,world,2.144172609,11.14320479,15.65257646
631.26,ab3dmot,1,0,0,0.4,3.32195683,3.660107984,4.858243601,0,4773,7955,5,2,2,1,1,0.132,world,2.14791441,11.14250931,15.65254343
631.26,sort,0.4800185874,63,22,0.2345098039,11.97212017,12.02588523,13.68087623,295,5498,7650,5,1,1,1,1,0.132,world,10.4865342,18.69872799,24.04590205
631.3,ours,1,0,0,0.4,3.320085949,3.660282929,4.860008233,0,4773,7955,5,2,2,1,1,0.004,world,2.149712663,11.14577631,15.65554677
631.3,ab3dmot,1,0,0,0.4,3.32195683,3.660171851,4.858268532,0,4776,7960,5,2,2,1,1,0.076,world,2.153767205,11.14565352,15.65576806
631.3,sort,0.479795634,63,22,0.2344872632,11.96979677,12.02521798,13.68084634,295,5502,7655,5,1,1,1,1,0.076,world,10.49144395,18.7025283,24.04909662
631.384,ours,1,0,0,0.4,3.320085949,3.660348639,4.860053374,0,4776,7960,5,2,2,1,1,0.024,world,2.159255113,11.14948497,15.65817526
631.384,ab3dmot,1,0,0,0.4,3.32195683,3.660238091,4.858274057,0,4779,7965,5,2,2,1,1,0.092,world,2.162694495,11.14982403,15.65950546
631.384,sort,0.4795728877,63,22,0.234464752,11.96918908,12.02455657,13.68081645,295,5506,7660,5,1,1,1,1,0.092,world,10.50442462,18.71488504,24.06072262
631.436,ours,1,0,0,0.4,3.320085949,3.660415495,4.860793518,0,4779,7965,5,2,2,1,1,0.036,world,2.164642522,11.15173996,15.66094562
631.436,ab3dmot,1,0,0,0.4,3.32195683,3.660305666,4.858319779,0,4782,7970,5,2,2,1,1,0.112,world,2.167275957,11.15177559,15.66111247
631.436,sort,0.479350348,63,22,0.2344422701,11.96858139,12.02389818,13.68078656,295,5510,7665,5,1,1,1,1,0.116,world,10.51043853,18.71966234,24.06455431
631.5,ours,1,0,0,0.4,3.320085949,3.660485677,4.86114927,0,4782,7970,5,2,2,1,1,0.02,world,2.174752855,11.15535273,15.66374141
631.5,ab3dmot,1,0,0,0.4,3.32195683,3.660376576,4.858400846,0,4785,7975,5,2,2,1,1,0.108,world,2.177183641,11.15535272,15.66369134
631.5,sort,0.4791280148,63,22,0.2344198175,11.96858103,12.02324532,13.68075666,295,5514,7670,5,1,1,1,1,0.108,world,10.52263679,18.72884988,24.07164928
631.548,ours,1,0,0,0.4,3.320085949,3.660557681,4.861244433,0,4785,7975,5,2,2,1,1,0.048,world,2.179965942,11.15702871,15.66485064
631.548,ab3dmot,1,0,0,0.4,3.32195683,3.660449383,4.858476299,0,4788,7980,5,2,2,1,1,0.124,world,2.182339992,11.15694211,15.66459424
631.548,sort,0.4789058878,63,22,0.2343973941,11.96858067,12.02259524,13.68072677,295,5518,7675,5,1,1,1,1,0.156,world,10.52811305,18.73286224,24.07486749
631.6,ours,1,0,0,0.4,3.320085949,3.660632558,4.861332919,0,4788,7980,5,2,2,1,1,0.012,world,2.190942581,11.16148663,15.66940977
631.6,ab3dmot,1,0,0,0.4,3.32195683,3.660523534,4.858513302,0,4791,7985,5,2,2,1,1,0.076,world,2.194384341,11.16312109,15.6734945
631.6,sort,0.4786839666,63,22,0.234375,11.96703907,12.02195141,13.68069688,295,5522,7680,5,1,1,1,1,0.108,world,10.54207873,18.74290935,24.08178508
631.688,ours,1,0,0,0.4,3.320085949,3.660708909,4.861419649,0,4791,7985,5,2,2,1,1,0.032,world,2.201800145,11.16734917,15.67726726
631.688,ab3dmot,1,0,0,0.4,3.32195683,3.660597808,4.858529529,0,4794,7990,5,2,2,1,1,0.1,world,2.204988432,11.17017185,15.68444164
631.688,sort,0.478462251,63,22,0.234352635,11.96549748,12.02131348,13.68066699,295,5526,7685,5,1,1,1,1,0.132,world,10.55522992,18.75202489,24.08820645
631.748,ours,1,0,0,0.4,3.320085949,3.660785967,4.861446497,0,4794,7990,5,2,2,1,1,0.044,world,2.212472422,11.17389765,15.68711295
631.748,ab3dmot,1,0,0,0.4,3.32195683,3.660673397,4.858571245,0,4797,7995,5,2,2,1,1,0.132,world,2.214461418,11.17588156,15.69193873
631.748,sort,0.4782407407,63,22,0.2343302991,11.96426427,12.02068185,13.6806371,295,5530,7690,5,1,1,1,1,0.136,world,10.56932848,18.76141993,24.09465087
631.824,ours,1,0,0,0.4,3.320085949,3.660861092,4.861445926,0,4797,7995,5,2,2,1,1,0.024,world,2.222890325,11.18242148,15.70436996
631.824,ab3dmot,1,0,0,0.4,3.32195683,3.660745218,4.858570498,0,4800,8000,5,2,2,1,1,0.104,world,2.223968551,11.18570113,15.71343406
631.824,sort,0.4780194354,63,22,0.2343079922,11.96303106,12.02005678,13.68060721,295,5534,7695,5,1,1,1,1,0.14,world,10.5841,18.77091926,24.10097367
631.92,ours,1,0,0,0.4,3.320085949,3.660938445,4.861445355,0,4800,8000,5,2,2,1,1,0.02,world,2.238189807,11.19105659,15.71689127
631.92,ab3dmot,1,0,0,0.4,3.32195683,3.660817199,4.858567418,0,4803,8005,5,2,2,1,1,0.1,world,2.239542999,11.19600143,15.73201513
631.92,sort,0.4777983349,63,22,0.2342857143,11.96259169,12.0194412,13.68059964,295,5538,7700,5,1,1,1,1,0.132,world,10.60603346,18.78480393,24.10972479
631.992,ours,1,0,0,0.4,3.320085949,3.661016299,4.861443114,0,4803,8005,5,2,2,1,1,0.008,world,2.251621403,11.19822579,15.73094963
631.992,ab3dmot,1,0,0,0.4,3.32195683,3.66089154,4.858562005,0,4806,8010,5,2,2,1,1,0.072,world,2.252482282,11.20146761,15.74090649
631.992,sort,0.4775774387,63,22,0.2342634653,11.96215232,12.01883264,13.68059207,295,5542,7705,5,1,1,1,1,0.104,world,10.62192205,18.79432656,24.1147178
632.036,ours,1,0,0,0.4,3.320085949,3.661095607,4.861439203,0,4806,8010,5,2,2,1,1,0.024,world,2.257595723,11.20075056,15.73379596
632.036,ab3dmot,1,0,0,0.4,3.32195683,3.660967666,4.858556593,0,4809,8015,5,2,2,1,1,0.096,world,2.258564583,11.20374157,15.74297581
632.036,sort,0.4773567468,63,22,0.2342412451,11.96186008,12.01829921,13.6805845,295,5546,7710,5,1,1,1,1,0.1,world,10.80302526,18.73012345,23.87904564
632.084,ours,1,0,0,0.4,3.320085949,3.661176942,4.861435292,0,4809,8015,5,2,2,1,1,0,world,2.266913815,11.20388954,15.73713223
632.084,ab3dmot,1,0,0,0.4,3.32195683,3.661046796,4.85855118,0,4812,8020,5,2,2,1,1,0.072,world,2.268999876,11.20646702,15.7443102
632.084,sort,0.4771362587,63,22,0.2342190538,11.96156784,12.0177739,13.68057693,295,5550,7715,5,1,1,1,1,0.108,world,10.82142808,18.73086992,23.86767691
632.116,ours,1,0,0,0.4,3.320085949,3.66125995,4.861431382,0,4812,8020,5,2,2,1,1,0.004,world,2.274335872,11.20684341,15.74001498
632.116,ab3dmot,1,0,0,0.4,3.32195683,3.661127957,4.858545767,0,4815,8025,5,2,2,1,1,0.064,world,2.277012112,11.20936303,15.74649248
632.116,sort,0.4769159741,63,22,0.2341968912,11.96145563,12.01726242,13.68056936,295,5554,7720,5,1,1,1,1,0.068,world,10.853524,18.72778421,23.84009939
632.176,ours,1,0,0,0.4,3.320085949,3.661346007,4.861427471,0,4815,8025,5,2,2,1,1,0.016,world,2.283306691,11.21111737,15.74353605
632.176,ab3dmot,1,0,0,0.4,3.32195683,3.661212381,4.858540354,0,4818,8030,5,2,2,1,1,0.06,world,2.283813397,11.21260809,15.74847021
632.176,sort,0.4766958929,63,22,0.2341747573,11.96134342,12.0167619,13.6805618,295,5558,7725,5,1,1,1,1,0.092,world,10.8787276,18.73291032,23.83180614
632.216,ours,1,0,0,0.4,3.320085949,3.661433811,4.861447639,0,4818,8030,5,2,2,1,1,0.016,world,2.287084601,11.21254572,15.74472493
632.216,ab3dmot,1,0,0,0.4,3.32195683,3.661299113,4.85857274,0,4821,8035,5,2,2,1,1,0.064,world,2.287247179,11.21354231,15.74773956
632.216,sort,0.4764760148,63,22,0.234152652,11.96053698,12.01626967,13.68055423,295,5562,7730,5,1,1,1,1,0.1,world,10.89750448,18.73380244,23.82045597
632.276,ours,1,0,0,0.4,3.320085949,3.661525391,4.861451257,0,4821,8035,5,2,2,1,1,0.012,world,2.296476896,11.21635523,15.74662023
632.276,ab3dmot,1,0,0,0.4,3.32195683,3.661389964,4.85859148,0,4824,8040,5,2,2,1,1,0.096,world,2.296037008,11.21686069,15.74836757
632.276,sort,0.4762563393,63,22,0.2341305753,11.95973055,12.01579435,13.68054666,295,5566,7735,5,1,1,1,1,0.1,world,10.93684522,18.73526438,23.79596705
632.316,ours,1,0,0,0.4,3.320085949,3.661618257,4.861489175,0,4824,8040,5,2,2,1,1,0.016,world,2.299543259,11.21806894,15.74831461
632.316,ab3dmot,1,0,0,0.4,3.32195683,3.661482389,4.858638566,0,4827,8045,5,2,2,1,1,0.068,world,2.297685814,11.21787599,15.74839631
632.316,sort,0.4760368664,63,22,0.2341085271,11.95855927,12.01532744,13.68053909,295,5570,7740,5,1,1,1,1,0.1,world,10.9558637,18.73624089,23.78461304
632.38,ours,1,0,0,0.4,3.320085949,3.661714189,4.861608327,0,4827,8045,5,2,2,1,1,0,world,2.308802021,11.22245223,15.75199368
632.38,ab3dmot,1,0,0,0.4,3.32195683,3.661577856,4.858683905,0,4830,8050,5,2,2,1,1,0.096,world,2.3064191,11.2221136,15.75179654
632.38,sort,0.4758175956,63,22,0.2340865074,11.95738799,12.01511355,13.68053152,295,5574,7745,5,1,1,1,1,0.096,world,11.54164549,18.84783839,23.58186937
632.424,ours,1,0,0,0.4,3.320085949,3.661810413,4.861658921,0,4830,8050,5,2,2,1,1,0.016,world,2.312222414,11.22508571,15.75662409
632.424,ab3dmot,1,0,0,0.4,3.32195683,3.661673432,4.858945328,0,4833,8055,5,2,2,1,1,0.084,world,2.308982146,11.22461331,15.75640571
632.424,sort,0.4755985267,63,22,0.2340645161,11.95693794,12.01501916,13.68052395,295,5578,7750,5,1,1,1,1,0.088,world,11.80831871,18.90527216,23.49986722
632.5,ours,1,0,0,0.4,3.320085949,3.661908096,4.861747312,0,4833,8055,5,2,2,1,1,0.02,world,2.320301846,11.23039424,15.76395494
632.5,ab3dmot,1,0,0,0.4,3.32195683,3.661770001,4.859058046,0,4836,8060,5,2,2,1,1,0.088,world,2.316302749,11.23009257,15.76445447
632.5,sort,0.4753796595,63,22,0.2340425532,11.95648788,12.01495247,13.68051638,295,5582,7755,5,1,1,1,1,0.12,world,11.86922803,18.92011927,23.48415604
632.588,ours,1,0,0,0.4,3.320085949,3.662007348,4.861841979,0,4836,8060,5,2,2,1,1,0.024,world,2.32841216,11.23551012,15.77121733
632.588,ab3dmot,1,0,0,0.4,3.32195683,3.661866669,4.859382584,0,4839,8065,5,2,2,1,1,0.076,world,2.323258003,11.2359658,15.77522052
632.588,sort,0.4751609936,63,22,0.2340206186,11.95693794,12.01496069,13.68050882,295,5586,7760,5,1,1,1,1,0.116,world,12.03281018,18.94988069,23.42382658
632.672,ours,1,0,0,0.4,3.320085949,3.662109854,4.861965116,0,4839,8065,5,2,2,1,1,0.056,world,2.341671658,11.24286268,15.78025096
632.672,ab3dmot,1,0,0,0.4,3.32195683,3.661966291,4.859566015,0,4842,8070,5,2,2,1,1,0.092,world,2.338263622,11.2442063,15.78602738
632.672,sort,0.4749425287,63,22,0.2339987122,11.95738799,12.01502599,13.68050125,295,5590,7765,5,1,1,1,1,0.128,world,12.15614239,18.97796038,23.38833292
632.744,ours,1,0,0,0.4,3.320085949,3.662212667,4.862407265,0,4842,8070,5,2,2,1,1,0.032,world,2.353080283,11.25023866,15.79247864
632.744,ab3dmot,1,0,0,0.4,3.32195683,3.662067028,4.859671497,0,4845,8075,5,2,2,1,1,0.1,world,2.349762296,11.25104256,15.79584508
632.744,sort,0.4747242647,63,22,0.233976834,11.95855927,12.01513715,13.68049368,295,5594,7770,5,1,1,1,1,0.1,world,12.2545227,19.03575626,23.42047075
632.808,ours,1,0,0,0.4,3.320085949,3.662316686,4.862626798,0,4845,8075,5,2,2,1,1,0.02,world,2.363519445,11.25652215,15.80151824
632.808,ab3dmot,1,0,0,0.4,3.32195683,3.662167283,4.859780204,0,4848,8080,5,2,2,1,1,0.064,world,2.361472617,11.25922994,15.81022926
632.808,sort,0.4745062012,63,22,0.2339549839,11.95973055,12.01527324,13.68048611,295,5598,7775,5,1,1,1,1,0.096,world,12.30784639,19.07338055,23.44888931
632.88,ours,1,0,0,0.4,3.320085949,3.662419395,4.862637357,0,4848,8080,5,2,2,1,1,0.004,world,2.368548059,11.26112719,15.81102633
632.88,ab3dmot,1,0,0,0.4,3.32195683,3.662265089,4.859767293,0,4851,8085,5,2,2,1,1,0.072,world,2.366737351,11.2650638,15.82266055
632.88,sort,0.4742883379,63,22,0.233933162,11.96053698,12.01545455,13.68047854,295,5602,7780,5,1,1,1,1,0.104,world,12.40389224,19.09610584,23.42230166
632.944,ours,1,0,0,0.4,3.320085949,3.662522043,4.86263514,0,4851,8085,5,2,2,1,1,0.036,world,2.378455718,11.26832482,15.82290554
632.944,ab3dmot,1,0,0,0.4,3.32195683,3.662364592,4.859754382,0,4854,8090,5,2,2,1,1,0.1,world,2.376764671,11.27077836,15.82987118
632.944,sort,0.4740706746,63,22,0.233911368,11.96134342,12.01564158,13.68047097,295,5606,7785,5,1,1,1,1,0.1,world,12.41630055,19.12214362,23.45899
632.976,ours,1,0,0,0.4,3.320085949,3.662624731,4.862632923,0,4854,8090,5,2,2,1,1,0.008,world,2.380759835,11.27076078,15.82706838
632.976,ab3dmot,1,0,0,0.4,3.32195683,3.662462057,4.859741471,0,4857,8095,5,2,2,1,1,0.068,world,2.374912688,11.2734818,15.83744947
632.976,sort,0.473853211,63,22,0.2338896021,11.96145563,12.01585108,13.68046341,295,5610,7790,5,1,1,1,1,0.1,world,12.46399169,19.13532707,23.44917069
633,ours,1,0,0,0.4,3.320085949,3.66272733,4.862630706,0,4857,8095,5,2,2,1,1,0,world,2.383027576,11.27328568,15.83151471
633,ab3dmot,1,0,0,0.4,3.32195683,3.662559062,4.85972856,0,4860,8100,5,2,2,1,1,0.056,world,2.37660052,11.27615032,15.84254272
633,sort,0.4736359468,63,22,0.233867864,11.96156784,12.01605659,13.68045584,295,5614,7795,5,1,1,1,1,0.056,world,12.45601873,19.1295609,23.44393428
633.04,ours,1,0,0,0.4,3.320085949,3.66282964,4.862628488,0,4860,8100,5,2,2,1,1,0.012,world,2.385391897,11.27601639,15.83649466
633.04,ab3dmot,1,0,0,0.4,3.32195683,3.662657738,4.859716481,0,4863,8105,5,2,2,1,1,0.1,world,2.38120227,11.27800605,15.84342546
633.04,sort,0.4734188818,63,22,0.2338461538,11.96186008,12.01626485,13.6803541,295,5618,7800,5,1,1,1,1,0.104,world,12.46218996,19.13306203,23.44598289
633.084,ours,1,0,0,0.4,3.320085949,3.662931493,4.862627315,0,4863,8105,5,2,2,1,1,0.008,world,2.387811895,11.27889211,15.84193729
633.084,ab3dmot,1,0,0,0.4,3.32195683,3.662753182,4.859705235,0,4866,8110,5,2,2,1,1,0.08,world,2.380933175,11.28237214,15.85489642
633.084,sort,0.4732020156,63,22,0.2338244715,11.96215232,12.01647799,13.68025235,295,5622,7805,5,1,1,1,1,0.084,world,12.47288941,19.133571,23.43912981
633.108,ours,1,0,0,0.4,3.320085949,3.663030662,4.862627186,0,4866,8110,5,2,2,1,1,0.004,world,2.389074926,11.28331381,15.85272538
633.108,ab3dmot,1,0,0,0.4,3.32195683,3.662848041,4.859693989,0,4869,8115,5,2,2,1,1,0.068,world,2.383832212,11.28554863,15.86093351
633.108,sort,0.472985348,63,22,0.2338028169,11.96259169,12.01671054,13.68015061,295,5626,7810,5,1,1,1,1,0.068,world,12.51406787,19.14477803,23.43032685
633.152,ours,1,0,0,0.4,3.320085949,3.663131442,4.862627056,0,4869,8115,5,2,2,1,1,0.012,world,2.393527128,11.28509672,15.85356022
633.152,ab3dmot,1,0,0,0.4,3.32195683,3.662944515,4.859682743,0,4872,8120,5,2,2,1,1,0.112,world,2.388295815,11.28733457,15.86176822
633.152,sort,0.4727688787,63,22,0.23378119,11.96303106,12.01696465,13.68004887,295,5630,7815,5,1,1,1,1,0.08,world,12.55967738,19.15701203,23.42023325
633.172,ours,1,0,0,0.4,3.320085949,3.66323165,4.862626927,0,4872,8120,5,2,2,1,1,0,world,2.396774848,11.28833916,15.85964985
633.172,ab3dmot,1,0,0,0.4,3.32195683,3.66303841,4.859671497,0,4875,8125,5,2,2,1,1,0.064,world,2.390185137,11.29183625,15.87271398
633.172,sort,0.4725526075,63,22,0.2337595908,11.96426427,12.01723827,13.67994713,295,5634,7820,5,1,1,1,1,0.064,world,12.60090749,19.16828435,23.41149712
633.204,ours,1,0,0,0.4,3.320085949,3.663329603,4.862626798,0,4875,8125,5,2,2,1,1,0.004,world,2.398691902,11.2925581,15.86958469
633.204,ab3dmot,1,0,0,0.4,3.32195683,3.663131921,4.859660251,0,4878,8130,5,2,2,1,1,0.064,world,2.393545123,11.29497937,15.87826728
633.204,sort,0.4723365341,63,22,0.2337380192,11.96549748,12.01753143,13.67984539,295,5638,7825,5,1,1,1,1,0.064,world,12.64215176,19.17957967,23.40278586
633.248,ours,1,0,0,0.4,3.320085949,3.663429102,4.862626669,0,4878,8130,5,2,2,1,1,0.008,world,2.402976706,11.29426068,15.87036773
633.248,ab3dmot,1,0,0,0.4,3.32195683,3.663226983,4.859649006,0,4881,8135,5,2,2,1,1,0.108,world,2.397840817,11.29668491,15.87905022
633.248,sort,0.4721206581,63,22,0.2337164751,11.96703907,12.01784419,13.67974365,295,5642,7830,5,1,1,1,1,0.08,world,12.68340622,19.1908957,23.39409801
633.272,ours,1,0,0,0.4,3.320085949,3.663526305,4.862626539,0,4881,8135,5,2,2,1,1,0.008,world,2.401970764,11.29584898,15.87571923
633.272,ab3dmot,1,0,0,0.4,3.32195683,3.663319653,4.85963776,0,4884,8140,5,2,2,1,1,0.1,world,2.396976189,11.29843062,15.8847523
633.272,sort,0.4719049794,63,22,0.2336949585,11.96858067,12.01817383,13.6796419,295,5646,7835,5,1,1,1,1,0.068,world,12.71898665,19.19923048,23.38390436
633.3,ours,1,0,0,0.4,3.320085949,3.663623182,4.86262641,0,4884,8140,5,2,2,1,1,0.012,world,2.405981519,11.29914102,15.88134822
633.3,ab3dmot,1,0,0,0.4,3.32195683,3.663412075,4.859626514,0,4887,8145,5,2,2,1,1,0.096,world,2.401495659,11.30186988,15.89044407
633.3,sort,0.4716894977,63,22,0.2336734694,11.96858103,12.01850645,13.67954016,295,5650,7840,5,1,1,1,1,0.096,world,12.7257802,19.20249218,23.38511526
633.304,ours,1,0,0,0.4,3.320085949,3.663718143,4.862626281,0,4887,8145,5,2,2,1,1,0.004,world,2.405255037,11.30048944,15.88587371
633.304,ab3dmot,1,0,0,0.4,3.32195683,3.663502744,4.859615268,0,4890,8150,5,2,2,1,1,0.064,world,2.401024765,11.30317872,15.89468566
633.304,sort,0.4714742127,63,22,0.2336520076,11.96858139,12.01885817,13.67943842,295,5654,7845,5,1,1,1,1,0.064,world,12.76591313,19.21198586,23.37377001
633.324,ours,1,0,0,0.4,3.320085949,3.663814601,4.862626151,0,4890,8150,5,2,2,1,1,0.016,world,2.409414875,11.3021338,15.88662026
633.324,ab3dmot,1,0,0,0.4,3.32195683,3.663594916,4.859603412,0,4893,8155,5,2,2,1,1,0.084,world,2.405193401,11.30482565,15.89543213
633.324,sort,0.4712591241,63,22,0.2336305732,11.96918908,12.01922964,13.67933668,295,5658,7850,5,1,1,1,1,0.056,world,12.80727383,19.22344621,23.36524012
633.348,ours,1,0,0,0.4,3.320085949,3.663910939,4.862594827,0,4893,8155,5,2,2,1,1,0.012,world,2.409414875,11.3021338,15.88662026
633.348,ab3dmot,1,0,0,0.4,3.32195683,3.663686972,4.859590946,0,4896,8160,5,2,2,1,1,0.112,world,2.405193401,11.30482565,15.89543213
633.348,sort,0.4710442316,63,22,0.2336091661,11.96979677,12.01960131,13.67923494,295,5662,7855,5,1,1,1,1,0.084,world,12.80839282,19.22371458,23.36492985
633.372,ours,1,0,0,0.4,3.320085949,3.664006831,4.862532306,0,4896,8160,5,2,2,1,1,0,world,2.413153834,11.30539623,15.89230624
633.372,ab3dmot,1,0,0,0.4,3.32195683,3.66377693,4.85957848,0,4899,8165,5,2,2,1,1,0.068,world,2.40954703,11.3099744,15.90572278
633.372,sort,0.4708295351,63,22,0.2335877863,11.97212017,12.01999274,13.6791332,295,5666,7860,5,1,1,1,1,0.068,world,12.84975386,19.2351915,23.3564222
633.392,ours,1,0,0,0.4,3.320085949,3.664100778,4.862469786,0,4899,8165,5,2,2,1,1,0.012,world,2.412914209,11.30705254,15.8969902
633.392,ab3dmot,1,0,0,0.4,3.32195683,3.663866775,4.859566015,0,4902,8170,5,2,2,1,1,0.088,world,2.40954703,11.3099744,15.90572278
633.392,sort,0.4706150342,63,22,0.2335664336,11.97444356,12.02038435,13.67903145,295,5670,7865,5,1,1,1,1,0.092,world,12.85087553,19.2354629,23.35611514
633.404,ours,1,0,0,0.4,3.320085949,3.664196168,4.862407265,0,4902,8170,5,2,2,1,1,0.004,world,2.416936459,11.30863394,15.89769898
633.404,ab3dmot,1,0,0,0.4,3.32195683,3.663956044,4.859553549,0,4905,8175,5,2,2,1,1,0.064,world,2.413235147,11.31348773,15.91132847
633.404,sort,0.4704007286,63,22,0.233545108,11.97620317,12.02079796,13.67892971,295,5674,7870,5,1,1,1,1,0.064,world,12.89673091,19.24805253,23.34641359
633.436,ours,1,0,0,0.4,3.320085949,3.664290888,4.862344745,0,4905,8175,5,2,2,1,1,0.016,world,2.420282789,11.31199948,15.90343334
633.436,ab3dmot,1,0,0,0.4,3.32195683,3.664046731,4.859541083,0,4908,8180,5,2,2,1,1,0.096,world,2.417191866,11.31503848,15.91201788
633.436,sort,0.4701866181,63,22,0.2335238095,11.97796278,12.02121377,13.67882797,295,5678,7875,5,1,1,1,1,0.096,world,12.90206181,19.25072588,23.34761801
633.5,ours,1,0,0,0.4,3.320085949,3.664386734,4.862282224,0,4908,8180,5,2,2,1,1,0.016,world,2.427685256,11.31661236,15.90903934
633.5,ab3dmot,1,0,0,0.4,3.32195683,3.664137778,4.859528617,0,4911,8185,5,2,2,1,1,0.096,world,2.425435463,11.32064138,15.92036714
633.5,sort,0.4699727025,63,22,0.2335025381,11.98033354,12.02135723,13.67872623,295,5682,7880,5,1,1,1,1,0.096,world,12.3325098,19.0508682,23.38830642
633.564,ours,1,0,0,0.4,3.320085949,3.664482822,4.862219704,0,4911,8185,5,2,2,1,1,0.028,world,2.435234329,11.32159929,15.91759499
633.564,ab3dmot,1,0,0,0.4,3.32195683,3.664230594,4.859516151,0,4914,8190,5,2,2,1,1,0.096,world,2.434546461,11.3246115,15.92616742
633.564,sort,0.4697589814,63,22,0.2334812936,11.9827043,12.0215164,13.67862449,295,5686,7885,5,1,1,1,1,0.096,world,12.36640237,19.05490134,23.37205072
633.636,ours,1,0,0,0.4,3.320085949,3.664579155,4.862157183,0,4914,8190,5,2,2,1,1,0.036,world,2.440723055,11.32463007,15.92239799
633.636,ab3dmot,1,0,0,0.4,3.32195683,3.664326012,4.859503685,0,4917,8195,5,2,2,1,1,0.1,world,2.440975119,11.32594668,15.92465514
633.636,sort,0.4695454545,63,22,0.233460076,11.9834222,12.02168295,13.67852275,295,5690,7890,5,1,1,1,1,0.132,world,12.38252545,19.05703165,23.36435167
633.708,ours,1,0,0,0.4,3.320085949,3.664681965,4.862094663,0,4917,8195,5,2,2,1,1,0.04,world,2.452197293,11.32592492,15.91892841
633.708,ab3dmot,1,0,0,0.4,3.32195683,3.664432183,4.85949122,0,4920,8200,5,2,2,1,1,0.076,world,2.454192097,11.32320688,15.91224442
633.708,sort,0.4693321218,63,22,0.2334388854,11.98414009,12.02185086,13.678421,295,5694,7895,5,1,1,1,1,0.116,world,12.38574035,19.08892999,23.42043688
633.784,ours,1,0,0,0.4,3.320085949,3.66478788,4.862032142,0,4920,8200,5,2,2,1,1,0.016,world,2.458903476,11.32738748,15.91875246
633.784,ab3dmot,1,0,0,0.4,3.32195683,3.664540639,4.859464506,0,4923,8205,5,2,2,1,1,0.152,world,2.460473985,11.32558562,15.91323038
633.784,sort,0.4691189827,63,22,0.2334177215,11.9846325,12.02201721,13.67841693,295,5698,7900,5,1,1,1,1,0.156,world,12.38274445,19.10457896,23.45150802
633.836,ours,1,0,0,0.4,3.320085949,3.664894815,4.861993729,0,4923,8205,5,2,2,1,1,0.004,world,2.46190486,11.32851559,15.91921296
633.836,ab3dmot,1,0,0,0.4,3.32195683,3.664650112,4.859423545,0,4926,8210,5,2,2,1,1,0.208,world,2.463472785,11.32671279,15.91369084
633.836,sort,0.4689060372,63,22,0.2333965844,11.98512491,12.02218763,13.67841285,295,5702,7905,5,1,1,1,1,0.112,world,12.3917493,19.11555425,23.46539433
633.9,ours,1,0,0,0.4,3.320085949,3.665003799,4.861979422,0,4926,8210,5,2,2,1,1,0.004,world,2.467614455,11.33064434,15.92006839
633.9,ab3dmot,1,0,0,0.4,3.32195683,3.664773855,4.85957848,0,4929,8215,5,2,2,1,1,0.076,world,2.47340767,11.31626063,15.89092014
633.9,sort,0.4686932849,63,22,0.2333754741,11.98585992,12.02236341,13.67840877,295,5706,7910,5,1,1,1,1,0.108,world,12.40357321,19.14481397,23.50968743
633.948,ours,1,0,0,0.4,3.320085949,3.665121449,4.861965116,0,4929,8215,5,2,2,1,1,0.016,world,2.473243964,11.32331009,15.90659361
633.948,ab3dmot,1,0,0,0.4,3.32195683,3.664898471,4.859682743,0,4932,8220,5,2,2,1,1,0.12,world,2.476104264,11.31725578,15.89131426
633.948,sort,0.4684807256,63,22,0.2333543904,11.98659494,12.02254083,13.6784047,295,5710,7915,5,1,1,1,1,0.156,world,12.40739991,19.14620941,23.50970201
633.992,ours,1,0,0,0.4,3.320085949,3.66524243,4.862407265,0,4932,8220,5,2,2,1,1,0.024,world,2.476543182,11.32149206,15.90247933
633.992,ab3dmot,1,0,0,0.4,3.32195683,3.665028314,4.859793116,0,4935,8225,5,2,2,1,1,0.064,world,2.479521873,11.31325053,15.88340761
633.992,sort,0.468268359,63,22,0.2333333333,11.98763072,12.02272056,13.67840062,295,5714,7920,5,1,1,1,1,0.1,world,12.41270122,19.17899553,23.56493872
634.04,ours,1,0,0,0.4,3.320085949,3.665366115,4.862626798,0,4935,8225,5,2,2,1,1,0.008,world,2.481586975,11.32204654,15.90138729
634.04,ab3dmot,1,0,0,0.4,3.32195683,3.665159833,4.859874659,0,4938,8230,5,2,2,1,1,0.108,world,2.484398122,11.31501762,15.88408476
634.04,sort,0.4680561849,63,22,0.2333123028,11.98866651,12.02290274,13.67839654,295,5718,7925,5,1,1,1,1,0.112,world,12.41829474,19.18979157,23.58089787
634.1,ours,1,0,0,0.4,3.320085949,3.665492322,4.862637357,0,4938,8230,5,2,2,1,1,0.004,world,2.483674182,11.32043314,15.89840682
634.1,ab3dmot,1,0,0,0.4,3.32195683,3.665294486,4.859940109,0,4941,8235,5,2,2,1,1,0.068,world,2.485380026,11.31209649,15.8796783
634.1,sort,0.4678442029,63,22,0.2332912989,11.98905735,12.02309256,13.67839247,295,5722,7930,5,1,1,1,1,0.1,world,12.43495658,19.19774707,23.58356616
634.168,ours,1,0,0,0.4,3.320085949,3.665620645,4.86268481,0,4941,8235,5,2,2,1,1,0.02,world,2.487572835,11.32085859,15.89762807
634.168,ab3dmot,1,0,0,0.4,3.32195683,3.665425545,4.860038553,0,4944,8240,5,2,2,1,1,0.104,world,2.4818009,11.31463969,15.89114941
634.168,sort,0.4676324129,63,22,0.2332703214,11.98944818,12.023291,13.67838839,295,5726,7935,5,1,1,1,1,0.108,world,12.45374922,19.2060118,23.58550244
634.236,ours,1,0,0,0.4,3.320085949,3.665729843,4.862674736,0,4944,8240,5,2,2,1,1,0.036,world,2.464708467,11.329058,15.94478147
634.236,ab3dmot,1,0,0,0.4,3.32195683,3.665532637,4.860026511,0,4947,8245,5,2,2,1,1,0.108,world,2.455373552,11.32622519,15.94934938
634.236,sort,0.4674208145,63,22,0.2332493703,11.98956686,12.02349193,13.67838432,295,5730,7940,5,1,1,1,1,0.176,world,12.45943388,19.20733791,23.58429865
634.3,ours,1,0,0,0.4,3.320085949,3.665848586,4.862754169,0,4947,8245,5,2,2,1,1,0.004,world,2.455886355,11.3131364,15.92834318
634.3,ab3dmot,1,0,0,0.4,3.32195683,3.665654446,4.860130061,0,4950,8250,5,2,2,1,1,0.072,world,2.446675441,11.30436232,15.92302894
634.3,sort,0.4672094075,63,22,0.2332284456,11.98968554,12.02376068,13.67838024,295,5734,7945,5,1,1,1,1,0.136,world,12.6037184,19.51275845,23.98124269
634.4,ours,1,0,0,0.4,3.320085949,3.665981827,4.862785129,0,4950,8250,5,2,2,1,1,0.004,world,2.461682933,11.2987267,15.90705982
634.4,ab3dmot,1,0,0,0.4,3.32195683,3.665790086,4.860151517,0,4953,8255,5,2,2,1,1,0.072,world,2.467119493,11.29323183,15.92659374
634.4,sort,0.4669981917,63,22,0.2332075472,11.98997397,12.0240976,13.67837616,295,5738,7950,5,1,1,1,1,0.104,world,12.74725277,19.68461093,24.11767721
634.5,ours,1,0,0,0.4,3.320085949,3.666097115,4.862774869,0,4953,8255,5,2,2,1,1,0.016,world,2.460283479,11.31208452,15.97244331
634.5,ab3dmot,1,0,0,0.4,3.32195683,3.665875573,4.860149133,0,4956,8260,5,2,2,1,1,0.072,world,2.46452831,11.33626181,16.10010633
634.5,sort,0.4665763324,64,23,0.233186675,11.98997397,12.02497594,13.6791332,295,5741,7955,5,2,2,1,1,0.104,world,11.73177997,19.30941891,24.03322653
634.596,ours,1,0,0,0.4,3.320085949,3.666188789,4.862772282,0,4956,8260,5,2,2,1,1,0.032,world,2.453446642,11.3289741,16.05346986
634.596,ab3dmot,1,0,0,0.4,3.32195683,3.665961373,4.860146749,0,4959,8265,5,2,2,1,1,0.168,world,2.466012906,11.3366265,16.10014015
634.596,sort,0.4661552347,64,23,0.2332914573,11.98997397,12.02585517,13.68049368,295,5744,7960,5,2,2,1,1,0.204,world,11.73479829,19.30881547,24.03045112
634.656,ours,1,0,0,0.4,3.320085949,3.666255089,4.862769694,0,4959,8265,5,2,2,1,1,0.028,world,2.440451101,11.3448802,16.14904909
634.656,ab3dmot,1,0,0,0.4,3.32195683,3.666010591,4.860144365,0,4962,8270,5,2,2,1,1,0.1,world,2.457913044,11.36663728,16.24999144
634.656,sort,0.4657348963,64,23,0.233396108,11.98997397,12.02659921,13.68069688,295,5747,7965,5,2,2,1,1,0.1,world,11.69391134,19.4057625,24.20940505
634.744,ours,1,0,0,0.4,3.320085949,3.666310348,4.862767106,0,4962,8270,5,2,2,1,1,0.044,world,2.43557396,11.35219544,16.19619982
634.744,ab3dmot,1,0,0,0.4,3.32195683,3.666055454,4.860141981,0,4965,8275,5,2,2,1,1,0.152,world,2.458609994,11.37086451,16.27172491
634.744,sort,0.4653153153,64,23,0.2335006274,11.98997397,12.0273433,13.68131052,295,5750,7970,5,2,2,1,1,0.188,world,11.69574387,19.40447428,24.20619008
634.832,ours,1,0,0,0.4,3.320085949,3.666356108,4.862764519,0,4965,8275,5,2,2,1,1,0.032,world,2.433720389,11.35944751,16.23809356
634.832,ab3dmot,1,0,0,0.4,3.32195683,3.66608091,4.860139597,0,4968,8280,5,2,2,1,1,0.112,world,2.45518116,11.38900927,16.35558482
634.832,sort,0.4651058082,64,23,0.2332288401,11.98968554,12.0271962,13.68120504,297,5754,7975,5,3,1,1,1,0.116,world,11.69606826,19.61943043,24.53867289
634.9,ours,1,0,0,0.4,3.320085949,3.666380777,4.862761931,0,4968,8280,5,2,2,1,1,0.008,world,2.430882489,11.3789378,16.32741798
634.9,ab3dmot,1,0,0,0.4,3.32195683,3.666087333,4.860137213,0,4971,8285,5,2,2,1,1,0.076,world,2.445081457,11.40519674,16.42242765
634.9,sort,0.4648964896,64,23,0.2329573935,11.98956686,12.02704914,13.68117514,299,5758,7980,5,3,1,1,1,0.108,world,11.69586572,19.73697906,24.72962498
634.988,ours,1,0,0,0.4,3.320085949,3.666393181,4.862759344,0,4971,8285,5,2,2,1,1,0.032,world,2.427973809,11.39007185,16.37305089
634.988,ab3dmot,1,0,0,0.4,3.32195683,3.666079433,4.860134829,0,4974,8290,5,2,2,1,1,0.1,world,2.436010553,11.41680478,16.46876215
634.988,sort,0.4646873594,64,23,0.2326862868,11.98944818,12.02690176,13.68114525,301,5762,7985,5,3,1,1,1,0.1,world,11.69484267,19.85816546,24.92891982
635.06,ours,1,0,0,0.4,3.320085949,3.666392095,4.862756756,0,4974,8290,5,2,2,1,1,0.028,world,2.424049573,11.40236556,16.42342135
635.06,ab3dmot,1,0,0,0.4,3.32195683,3.666055196,4.860132445,0,4977,8295,5,2,2,1,1,0.104,world,2.425487968,11.43032195,16.52159427
635.06,sort,0.4644784173,64,23,0.2324155194,11.98905735,12.02675391,13.68111536,303,5766,7990,5,3,1,1,1,0.108,world,11.69344607,19.94103372,25.0669685
635.14,ours,1,0,0,0.4,3.320085949,3.666369221,4.862754169,0,4977,8295,5,2,2,1,1,0.04,world,2.418476764,11.4239266,16.50353663
635.14,ab3dmot,1,0,0,0.4,3.32195683,3.66601427,4.860130061,0,4980,8300,5,2,2,1,1,0.124,world,2.413347242,11.44365023,16.57165337
635.14,sort,0.4642696629,64,23,0.2321450907,11.98866651,12.02660532,13.68108547,305,5770,7995,5,3,1,1,1,0.124,world,11.69148804,19.95806471,25.06325223
635.208,ours,1,0,0,0.4,3.320085949,3.666324573,4.862751581,0,4980,8300,5,2,2,1,1,0.008,world,2.410803256,11.44530392,16.58099749
635.208,ab3dmot,1,0,0,0.4,3.32195683,3.665942442,4.860122848,0,4983,8305,5,2,2,1,1,0.056,world,2.389748885,11.46969327,16.66560146
635.208,sort,0.4640610961,65,23,0.23175,11.98763072,12.02649981,13.68105558,307,5774,8000,5,3,1,1,1,0.088,world,11.68865523,19.95428355,25.0594915
635.3,ours,1,0,0,0.4,3.320085949,3.666258159,4.862745251,0,4983,8305,5,2,2,1,1,0.016,world,2.400468162,11.46507277,16.65269575
635.3,ab3dmot,1,0,0,0.4,3.32195683,3.665849869,4.860110806,0,4986,8310,5,2,2,1,1,0.048,world,2.371923385,11.48499698,16.72070581
635.3,sort,0.4638527167,65,23,0.2314803248,11.98659494,12.0263734,13.68102569,309,5778,8005,5,3,1,1,1,0.112,world,11.68396519,19.93884985,25.05318671
635.384,ours,1,0,0,0.4,3.320085949,3.666178565,4.862735177,0,4986,8310,5,2,2,1,1,0.024,world,2.393494776,11.47653751,16.69282127
635.384,ab3dmot,1,0,0,0.4,3.32195683,3.665744575,4.860098764,0,4989,8315,5,2,2,1,1,0.072,world,2.361207836,11.49419665,16.75227044
635.384,sort,0.4636445242,65,23,0.2312109863,11.98585992,12.02622693,13.6809958,311,5782,8010,5,3,1,1,1,0.108,world,11.67971894,19.92397699,25.04898266
635.48,ours,1,0,0,0.4,3.320085949,3.666085201,4.862725104,0,4989,8315,5,2,2,1,1,0.036,world,2.384587569,11.48651652,16.72894179
635.48,ab3dmot,1,0,0,0.4,3.32195683,3.665626611,4.860086722,0,4992,8320,5,2,2,1,1,0.1,world,2.348503086,11.50093725,16.77692007
635.48,sort,0.4634365186,65,23,0.2309419838,11.98512491,12.02606857,13.6809659,313,5786,8015,5,3,1,1,1,0.132,world,11.66790815,19.90905309,25.04208786
635.548,ours,1,0,0,0.4,3.320085949,3.665974489,4.86271503,0,4992,8320,5,2,2,1,1,0.028,world,2.374516855,11.50152918,16.7766559
635.548,ab3dmot,1,0,0,0.4,3.32195683,3.66549772,4.860074679,0,4995,8325,5,2,2,1,1,0.1,world,2.337141722,11.5070709,16.79785821
635.548,sort,0.4632286996,65,23,0.2306733167,11.9846325,12.02590225,13.68093601,315,5790,8020,5,3,1,1,1,0.14,world,11.64928389,19.89580779,25.03739677
635.636,ours,1,0,0,0.4,3.320085949,3.665848646,4.862704957,0,4995,8325,5,2,2,1,1,0.036,world,2.363316237,11.51309206,16.81372575
635.636,ab3dmot,1,0,0,0.4,3.32195683,3.665356285,4.860062637,0,4998,8330,5,2,2,1,1,0.088,world,2.323507719,11.51397526,16.81975464
635.636,sort,0.4630210668,65,23,0.2304049844,11.98414009,12.02572632,13.68090612,317,5794,8025,5,3,1,1,1,0.124,world,11.62676895,19.88049355,25.03273022
635.72,ours,1,0,0,0.4,3.320085949,3.665710947,4.862694883,0,4998,8330,5,2,2,1,1,0.02,world,2.354389223,11.52143103,16.84084607
635.72,ab3dmot,1,0,0,0.4,3.32195683,3.665199999,4.860050595,0,5001,8335,5,2,2,1,1,0.072,world,2.311626938,11.52453939,16.84924194
635.72,sort,0.4628136201,65,24,0.2301369863,11.9846325,12.02620037,13.68087623,319,5798,8030,5,3,1,1,1,0.108,world,11.61247834,19.86791444,25.02795398
635.836,ours,1,0,0,0.4,3.320085949,3.665554075,4.86268481,0,5001,8335,5,2,2,1,1,0.036,world,2.335991752,11.5315759,16.87871967
635.836,ab3dmot,1,0,0,0.4,3.32195683,3.665026143,4.860038553,0,5004,8340,5,2,2,1,1,0.088,world,2.292941016,11.53262049,16.8810961
635.836,sort,0.4626063592,65,24,0.2298693217,11.98512491,12.02665882,13.68084634,321,5802,8035,5,3,1,1,1,0.128,world,11.59921427,19.13044391,23.97173217
635.9,ours,1,0,0,0.4,3.320085949,3.665382853,4.862674736,0,5004,8340,5,2,2,1,1,0.004,world,2.331354843,11.54666168,16.91859939
635.9,ab3dmot,1,0,0,0.4,3.32195683,3.664840258,4.860026511,0,5007,8345,5,2,2,1,1,0.052,world,2.293047721,11.54670014,16.91385165
635.9,sort,0.4623992838,65,24,0.22960199,11.98585992,12.02711005,13.68081645,323,5806,8040,5,3,1,1,1,0.12,world,11.59925218,19.101242,23.93584687
635.98,ours,1,0,0,0.4,3.320085949,3.66519887,4.862664663,0,5007,8345,5,2,2,1,1,0.012,world,2.318780951,11.55247127,16.94091853
635.98,ab3dmot,1,0,0,0.4,3.32195683,3.664644173,4.860014468,0,5010,8350,5,2,2,1,1,0.068,world,2.280804551,11.54936195,16.92753089
635.98,sort,0.4621923937,65,24,0.2293349907,11.98659494,12.02754838,13.68078656,325,5810,8045,5,3,1,1,1,0.104,world,11.58895095,19.03679752,23.8536819
636.064,ours,1,0,0,0.4,3.320085949,3.665005533,4.862654589,0,5010,8350,5,2,2,1,1,0.024,world,2.310332774,11.55731976,16.95729525
636.064,ab3dmot,1,0,0,0.4,3.32195683,3.664440739,4.860003191,0,5013,8355,5,2,2,1,1,0.084,world,2.274237408,11.55250166,16.93864392
636.064,sort,0.4619856887,65,24,0.229068323,11.98763072,12.02798079,13.68075666,327,5814,8050,5,3,1,1,1,0.12,world,11.58642198,18.99745784,23.80125357
636.144,ours,1,0,0,0.4,3.320085949,3.664799511,4.862648444,0,5013,8355,5,2,2,1,1,0.036,world,2.29680077,11.56454516,16.98392433
636.144,ab3dmot,1,0,0,0.4,3.32195683,3.664229949,4.859992677,0,5016,8360,5,2,2,1,1,0.1,world,2.264390403,11.55457209,16.95386174
636.144,sort,0.4617791685,65,24,0.2288019863,11.98866651,12.0284061,13.68072677,329,5818,8055,5,3,1,1,1,0.1,world,11.58374465,18.99645456,23.80206777
636.208,ours,1,0,0,0.4,3.317713498,3.664585397,4.862646227,0,5016,8360,5,2,2,1,1,0.008,world,2.284676445,11.56630632,16.99735184
636.208,ab3dmot,1,0,0,0.4,3.320383211,3.664011585,4.859982164,0,5019,8365,5,2,2,1,1,0.068,world,2.253422623,11.55639789,16.96925104
636.208,sort,0.4615728329,65,24,0.2285359801,11.98905735,12.0288287,13.68069688,331,5822,8060,5,3,1,1,1,0.104,world,11.58482693,18.9628759,23.75478249
636.3,ours,1,0,0,0.4,3.307407531,3.66436125,4.862644009,0,5019,8365,5,2,2,1,1,0.012,world,2.265883836,11.56520866,17.00609447
636.3,ab3dmot,1,0,0,0.4,3.316375338,3.663787962,4.85997165,0,5022,8370,5,2,2,1,1,0.06,world,2.237792374,11.55022185,16.96243353
636.3,sort,0.4613666816,65,24,0.2282703038,11.98944818,12.02924425,13.68066699,333,5826,8065,5,3,1,1,1,0.096,world,11.57694472,18.9077701,23.68187381
636.4,ours,1,0,0,0.4,3.302953367,3.664132439,4.862641792,0,5022,8370,5,2,2,1,1,0.016,world,2.25505229,11.56249737,17.00607624
636.4,ab3dmot,1,0,0,0.4,3.312706136,3.663560614,4.859961136,0,5025,8375,5,2,2,1,1,0.124,world,2.229201572,11.54763087,16.96489148
636.4,sort,0.4611607143,65,24,0.2280049566,11.98956686,12.0296564,13.6806371,335,5830,8070,5,3,1,1,1,0.124,world,11.57347249,18.8716194,23.63284751
636.472,ours,1,0,0,0.4,3.294730157,3.663895962,4.862639575,0,5025,8375,5,2,2,1,1,0.028,world,2.241127308,11.56266467,17.01644445
636.472,ab3dmot,1,0,0,0.4,3.311587564,3.663331382,4.859950623,0,5028,8380,5,2,2,1,1,0.064,world,2.221452829,11.5426419,16.95877301
636.472,sort,0.460749331,66,25,0.2279876161,11.98956686,12.0303906,13.68117514,335,5833,8075,5,2,2,1,1,0.096,world,11.56781071,18.82097134,23.56457486
636.54,ours,1,0,0,0.4,3.293303311,3.663656865,4.862637357,0,5028,8380,5,2,2,1,1,0.036,world,2.230378373,11.55668264,17.0049112
636.54,ab3dmot,1,0,0,0.4,3.310688848,3.663100308,4.859940109,0,5031,8385,5,2,2,1,1,0.104,world,2.213071744,11.53709537,16.9497391
636.54,sort,0.4603386809,66,25,0.2280940594,11.98956686,12.03112554,13.6829982,335,5836,8080,5,2,2,1,1,0.14,world,11.56322949,18.80201705,23.53832451
636.604,ours,1,0,0,0.4,3.292099017,3.663415395,4.86263514,0,5031,8385,5,2,2,1,1,0.02,world,2.220117988,11.55070209,16.99419232
636.604,ab3dmot,1,0,0,0.4,3.310688848,3.662870146,4.859929596,0,5034,8390,5,2,2,1,1,0.064,world,2.206465909,11.52831188,16.92834178
636.604,sort,0.4599287622,66,25,0.2282003711,11.98956686,12.0318785,13.68541116,335,5839,8085,5,2,2,1,1,0.1,world,11.55554836,18.75336782,23.47354623
636.692,ours,1,0,0,0.4,3.291110167,3.663171431,4.862632923,0,5034,8390,5,2,2,1,1,0.024,world,2.208327961,11.54419757,16.98281344
636.692,ab3dmot,1,0,0,0.4,3.310688848,3.662639327,4.859919082,0,5037,8395,5,2,2,1,1,0.096,world,2.19694107,11.52050226,16.91233157
636.692,sort,0.459519573,66,25,0.2283065513,11.98956686,12.03264254,13.69009956,335,5842,8090,5,2,2,1,1,0.128,world,11.54987511,18.71825894,23.42619583
636.772,ours,1,0,0,0.4,3.289486714,3.662923789,4.862630706,0,5037,8395,5,2,2,1,1,0.036,world,2.192129291,11.53503209,16.96827189
636.772,ab3dmot,1,0,0,0.4,3.310688848,3.662406417,4.859908569,0,5040,8400,5,2,2,1,1,0.1,world,2.18358133,11.51089019,16.8983136
636.772,sort,0.4591111111,66,25,0.2284126004,11.98956686,12.0334119,13.69315314,335,5845,8095,5,2,2,1,1,0.132,world,11.536591,18.67909362,23.37598606
636.86,ours,1,0,0,0.4,3.289486714,3.662676567,4.862628488,0,5040,8400,5,2,2,1,1,0.044,world,2.181515604,11.52505929,16.94650036
636.86,ab3dmot,1,0,0,0.4,3.310688848,3.662176026,4.859900707,0,5043,8405,5,2,2,1,1,0.088,world,2.177637956,11.50030678,16.87073879
636.86,sort,0.4587033748,66,25,0.2285185185,11.98956686,12.03419975,13.69473138,335,5848,8100,5,2,2,1,1,0.124,world,11.526643,18.6312898,23.31323075
636.956,ours,1,0,0,0.4,3.289486714,3.662428723,4.862627315,0,5043,8405,5,2,2,1,1,0.028,world,2.167509057,11.51295577,16.92469984
636.956,ab3dmot,1,0,0,0.4,3.310688848,3.661946199,4.859895498,0,5046,8410,5,2,2,1,1,0.092,world,2.167952978,11.48904142,16.85403984
636.956,sort,0.458296362,66,25,0.228624306,11.98956686,12.03499261,13.69614578,335,5851,8105,5,2,2,1,1,0.156,world,11.51124424,18.59212835,23.26424921
637.044,ours,1,0,0,0.4,3.289486714,3.662182902,4.862627186,0,5046,8410,5,2,2,1,1,0.012,world,2.159957485,11.5025643,16.90311452
637.044,ab3dmot,1,0,0,0.4,3.310688848,3.66171685,4.859890288,0,5049,8415,5,2,2,1,1,0.108,world,2.161494405,11.48145166,16.84106914
637.044,sort,0.4578900709,66,25,0.228729963,11.98956686,12.0358168,13.69791841,335,5854,8110,5,2,2,1,1,0.112,world,11.50107517,18.53038011,23.15890212
637.132,ours,1,0,0,0.4,3.289486714,3.66193554,4.862627056,0,5049,8415,5,2,2,1,1,0.032,world,2.145630978,11.4918479,16.88623811
637.132,ab3dmot,1,0,0,0.4,3.310688848,3.661488092,4.859885078,0,5052,8420,5,2,2,1,1,0.096,world,2.150201614,11.46938503,16.81931101
637.132,sort,0.4574844996,66,25,0.2288354898,11.98956686,12.03664533,13.70134048,335,5857,8115,5,2,2,1,1,0.132,world,11.48523789,18.49375902,23.10008083
637.196,ours,1,0,0,0.4,3.289486714,3.661691051,4.862626927,0,5052,8420,5,2,2,1,1,0.028,world,2.143656214,11.48512832,16.86909563
637.196,ab3dmot,1,0,0,0.4,3.310688848,3.661264289,4.859879869,0,5055,8425,5,2,2,1,1,0.068,world,2.150426279,11.46088244,16.79299311
637.196,sort,0.457079646,66,25,0.2289408867,11.98956686,12.03750183,13.70328047,335,5860,8120,5,2,2,1,1,0.1,world,11.48156455,18.45071406,23.01889274
637.272,ours,1,0,0,0.4,3.289486714,3.661447586,4.862626798,0,5055,8425,5,2,2,1,1,0.032,world,2.13477861,11.47544046,16.84755943
637.272,ab3dmot,1,0,0,0.4,3.310688848,3.661039319,4.859874659,0,5058,8430,5,2,2,1,1,0.108,world,2.142541579,11.45467871,16.78076426
637.272,sort,0.4566755084,66,25,0.2290461538,11.98956686,12.03837012,13.70947898,335,5863,8125,5,2,2,1,1,0.112,world,11.47132273,18.41585782,22.95813833
637.356,ours,1,0,0,0.4,3.289486714,3.661205759,4.862626669,0,5058,8430,5,2,2,1,1,0.024,world,2.124933419,11.46280157,16.8195124
637.356,ab3dmot,1,0,0,0.4,3.310688848,3.66081484,4.85986945,0,5061,8435,5,2,2,1,1,0.096,world,2.133933655,11.44438414,16.76137172
637.356,sort,0.4562720848,66,25,0.2291512915,11.98956686,12.03924355,13.71183819,335,5866,8130,5,2,2,1,1,0.128,world,11.45484606,18.38115832,22.90360732
637.396,ours,1,0,0,0.4,3.289486714,3.660967586,4.862626539,0,5061,8435,5,2,2,1,1,0.012,world,2.123393048,11.45547865,16.80028242
637.396,ab3dmot,1,0,0,0.4,3.310688848,3.660593709,4.85986424,0,5064,8440,5,2,2,1,1,0.064,world,2.131756821,11.43733714,16.74401787
637.396,sort,0.4558693733,66,25,0.2292562999,11.98956686,12.04013429,13.71295617,335,5869,8135,5,2,2,1,1,0.096,world,11.44905879,18.35111805,22.84888443
637.464,ours,1,0,0,0.4,3.289486714,3.660728474,4.86262641,0,5064,8440,5,2,2,1,1,0.036,world,2.113988698,11.44880968,16.79011852
637.464,ab3dmot,1,0,0,0.4,3.310688848,3.660370768,4.85985903,0,5067,8445,5,2,2,1,1,0.1,world,2.122633368,11.43198373,16.73857865
637.464,sort,0.4554673721,66,25,0.2293611794,11.98956686,12.04103453,13.71499761,335,5872,8140,5,2,2,1,1,0.1,world,11.43431406,18.3172452,22.79525452
637.5,ours,1,0,0,0.4,3.289486714,3.660492124,4.862626281,0,5067,8445,5,2,2,1,1,0,world,2.111453218,11.44239947,16.77536128
637.5,ab3dmot,1,0,0,0.4,3.310688848,3.660149928,4.859853821,0,5070,8450,5,2,2,1,1,0.072,world,2.119688173,11.42633423,16.72670573
637.5,sort,0.4550660793,66,25,0.22946593,11.98956686,12.0419503,13.71930602,335,5875,8145,5,2,2,1,1,0.072,world,11.42609563,18.28785265,22.74438944
637.564,ours,1,0,0,0.4,3.289486714,3.660257826,4.862626151,0,5070,8450,5,2,2,1,1,0,world,2.104396428,11.43300385,16.75628059
637.564,ab3dmot,1,0,0,0.4,3.310688848,3.65992835,4.85984476,0,5073,8455,5,2,2,1,1,0.1,world,2.111345438,11.42005864,16.71759227
637.564,sort,0.454665493,66,25,0.2295705521,11.98956686,12.04287899,13.72234826,335,5878,8150,5,2,2,1,1,0.068,world,11.41434122,18.25453329,22.68867552
637.6,ours,1,0,0,0.4,3.289486714,3.660024445,4.862594827,0,5073,8455,5,2,2,1,1,0,world,2.100604929,11.42853939,16.74700468
637.6,ab3dmot,1,0,0,0.4,3.310688848,3.659709015,4.859831849,0,5076,8460,5,2,2,1,1,0.072,world,2.108408128,11.41427495,16.70348024
637.6,sort,0.4542656113,66,25,0.229675046,11.98956686,12.0438129,13.72278958,335,5881,8155,5,2,2,1,1,0.072,world,11.40899657,18.23908058,22.6625266
637.66,ours,1,0,0,0.4,3.289486714,3.659794153,4.862532306,0,5076,8460,5,2,2,1,1,0.004,world,2.098376168,11.42194926,16.72992405
637.66,ab3dmot,1,0,0,0.4,3.310688848,3.659489819,4.859818938,0,5079,8465,5,2,2,1,1,0.096,world,2.104548866,11.4108219,16.69676086
637.66,sort,0.4540659341,66,25,0.2296568627,11.98944818,12.0435393,13.72277971,335,5885,8160,5,1,1,1,1,0.064,world,11.40441151,19.70497536,25.00626709
637.7,ours,1,0,0,0.4,3.289486714,3.659564351,4.862469786,0,5079,8465,5,2,2,1,1,0.004,world,2.094865734,11.418211,16.72218185
637.7,ab3dmot,1,0,0,0.4,3.310688848,3.659271578,4.859806027,0,5082,8470,5,2,2,1,1,0.072,world,2.101770332,11.40679201,16.68655204
637.7,sort,0.4538664323,66,25,0.2296387018,11.98905735,12.0432639,13.72276985,335,5889,8165,5,1,1,1,1,0.072,world,11.39950374,19.69257119,24.98750192
637.736,ours,1,0,0,0.4,3.289486714,3.659334945,4.862407265,0,5082,8470,5,2,2,1,1,0.032,world,2.091294716,11.41459842,16.71485025
637.736,ab3dmot,1,0,0,0.4,3.310688848,3.659051852,4.859793116,0,5085,8475,5,2,2,1,1,0.108,world,2.096911352,11.40505184,16.68616983
637.736,sort,0.4536671058,66,25,0.229620563,11.98866651,12.0429862,13.72275999,335,5893,8170,5,1,1,1,1,0.108,world,11.39342684,19.68935193,24.98577909
637.792,ours,1,0,0,0.4,3.289486714,3.659106142,4.862344745,0,5085,8475,5,2,2,1,1,0.032,world,2.084295748,11.4074494,16.70028316
637.792,ab3dmot,1,0,0,0.4,3.310688848,3.658831331,4.859780204,0,5088,8480,5,2,2,1,1,0.096,world,2.089243129,11.39941395,16.67607801
637.792,sort,0.4534679543,66,25,0.2296024465,11.98763072,12.04270419,13.72275013,335,5897,8175,5,1,1,1,1,0.096,world,11.38245266,19.67934237,24.97266052
637.82,ours,1,0,0,0.4,3.289486714,3.65887754,4.862282224,0,5088,8480,5,2,2,1,1,0.02,world,2.080687703,11.40416684,16.69388043
637.82,ab3dmot,1,0,0,0.4,3.310688848,3.658610269,4.859767293,0,5091,8485,5,2,2,1,1,0.092,world,2.085234596,11.39690617,16.67199156
637.82,sort,0.4532689776,66,25,0.2295843521,11.98659494,12.04242021,13.72274027,335,5901,8180,5,1,1,1,1,0.096,world,11.3771232,19.67479437,24.96685365
637.892,ours,1,0,0,0.4,3.289486714,3.658645911,4.862219704,0,5091,8485,5,2,2,1,1,0.024,world,2.071336031,11.40085681,16.69319052
637.892,ab3dmot,1,0,0,0.4,3.310688848,3.658386173,4.859754382,0,5094,8490,5,2,2,1,1,0.164,world,2.075902231,11.39360434,16.67130088
637.892,sort,0.4530701754,66,25,0.2295662798,11.98585992,12.04213158,13.72273041,335,5905,8185,5,1,1,1,1,0.164,world,11.36531597,19.66875395,24.96386603
637.932,ours,1,0,0,0.4,3.289486714,3.658412932,4.862157183,0,5094,8490,5,2,2,1,1,0.024,world,2.066732268,11.39923422,16.69285864
637.932,ab3dmot,1,0,0,0.4,3.310688848,3.658160718,4.859741471,0,5097,8495,5,2,2,1,1,0.208,world,2.071308078,11.39198582,16.67096863
637.932,sort,0.4528715476,66,25,0.2295482295,11.98512491,12.04184078,13.72272055,335,5909,8190,5,1,1,1,1,0.212,world,11.35948416,19.66580714,24.96245238
638,ours,1,0,0,0.4,3.289486714,3.658179803,4.862094663,0,5097,8495,5,2,2,1,1,0.008,world,2.059498935,11.39332277,16.68194473
638,ab3dmot,1,0,0,0.4,3.310688848,3.657933554,4.85972856,0,5100,8500,5,2,2,1,1,0.208,world,2.063089861,11.38764295,16.66498859
638,sort,0.4526730938,66,25,0.2295302013,11.9846325,12.04154641,13.7226867,335,5913,8195,5,1,1,1,1,0.108,world,11.3502271,19.64879921,24.93465997
638.056,ours,1,0,0,0.4,3.289486714,3.657948324,4.862032142,0,5100,8500,5,2,2,1,1,0.032,world,2.057097258,11.38891002,16.67171865
638.056,ab3dmot,1,0,0,0.4,3.310688848,3.657707421,4.859716481,0,5103,8505,5,2,2,1,1,0.164,world,2.060569348,11.38397357,16.65756535
638.056,sort,0.4524748138,66,25,0.2295121951,11.98414009,12.04124994,13.72265286,335,5917,8200,5,1,1,1,1,0.164,world,11.34455542,19.64600688,24.93340894
638.092,ours,1,0,0,0.4,3.289486714,3.657717833,4.861993729,0,5103,8505,5,2,2,1,1,0.032,world,2.054463771,11.38527671,16.6641862
638.092,ab3dmot,1,0,0,0.4,3.310688848,3.657480593,4.859705235,0,5106,8510,5,2,2,1,1,0.132,world,2.056462398,11.38184872,16.65507085
638.092,sort,0.4522767075,66,25,0.2294942108,11.9834222,12.0409525,13.72261901,335,5921,8205,5,1,1,1,1,0.1,world,11.34156017,19.6216746,24.89281431
638.148,ours,1,0,0,0.4,3.289486714,3.657487504,4.861979422,0,5106,8510,5,2,2,1,1,0.044,world,2.047381137,11.3793251,16.65307784
638.148,ab3dmot,1,0,0,0.4,3.310688848,3.657251544,4.859693989,0,5109,8515,5,2,2,1,1,0.124,world,2.047652916,11.37817474,16.65166224
638.148,sort,0.4520787746,66,25,0.2294762485,11.9827043,12.04065075,13.72258517,335,5925,8210,5,1,1,1,1,0.16,world,11.33052023,19.61636373,24.89059013
638.2,ours,1,0,0,0.4,3.289486714,3.657257915,4.861965116,0,5109,8515,5,2,2,1,1,0.012,world,2.043189953,11.37547992,16.64507002
638.2,ab3dmot,1,0,0,0.4,3.310688848,3.657022352,4.859682743,0,5112,8520,5,2,2,1,1,0.076,world,2.040667666,11.37429504,16.64459006
638.2,sort,0.4518810149,66,25,0.229458308,11.98033354,12.040348,13.72255133,335,5929,8215,5,1,1,1,1,0.108,world,11.3274469,19.59549232,24.85494322
638.3,ours,1,0,0,0.4,3.289486714,3.657025872,4.86195081,0,5112,8520,5,2,2,1,1,0.012,world,2.030126272,11.36915494,16.63782928
638.3,ab3dmot,1,0,0,0.4,3.310688848,3.656789996,4.859671497,0,5115,8525,5,2,2,1,1,0.112,world,2.026975818,11.36860564,16.6396002
638.3,sort,0.4516834281,66,25,0.2294403893,11.97796278,12.04004586,13.72251748,335,5933,8220,5,1,1,1,1,0.144,world,11.32829891,19.46962498,24.65091849
638.4,ours,1,0,0,0.4,3.289486714,3.65679223,4.861936503,0,5115,8525,5,2,2,1,1,0.012,world,2.018162681,11.36254165,16.62832822
638.4,ab3dmot,1,0,0,0.4,3.310688848,3.656555153,4.859660251,0,5118,8530,5,2,2,1,1,0.08,world,2.011658003,11.36174854,16.63018473
638.4,sort,0.451486014,66,25,0.2294224924,11.97620317,12.03975016,13.72248364,335,5937,8225,5,1,1,1,1,0.112,world,11.34334232,19.31622949,24.39230212
638.472,ours,1,0,0,0.4,3.289486714,3.656558183,4.861922197,0,5118,8530,5,2,2,1,1,0.02,world,2.008108239,11.35678403,16.61811237
638.472,ab3dmot,1,0,0,0.4,3.310688848,3.656318915,4.859649006,0,5121,8535,5,2,2,1,1,0.084,world,2.000810813,11.35690515,16.62314065
638.472,sort,0.4512887724,66,25,0.2294046173,11.97444356,12.03946443,13.7224498,335,5941,8230,5,1,1,1,1,0.084,world,11.36691979,19.19079526,24.17402512
638.508,ours,1,0,0,0.4,3.289486714,3.656323848,4.861907891,0,5121,8535,5,2,2,1,1,0.008,world,2.003284013,11.35431427,16.6143117
638.508,ab3dmot,1,0,0,0.4,3.310688848,3.656081751,4.85963776,0,5124,8540,5,2,2,1,1,0.124,world,1.99723865,11.35572315,16.62296879
638.508,sort,0.4510917031,66,25,0.2293867638,11.97212017,12.03916851,13.72241595,335,5945,8235,5,1,1,1,1,0.124,world,11.34158502,19.25291922,24.28778682
638.572,ours,1,0,0,0.4,3.289486714,3.656090642,4.861893584,0,5124,8540,5,2,2,1,1,0.016,world,1.993826363,11.3482299,16.60221888
638.572,ab3dmot,1,0,0,0.4,3.310688848,3.655845672,4.859626514,0,5127,8545,5,2,2,1,1,0.096,world,1.986965249,11.34936421,16.61049393
638.572,sort,0.4508948058,66,25,0.229368932,11.96979677,12.03888332,13.72238211,335,5949,8240,5,1,1,1,1,0.096,world,11.36704619,19.14731511,24.10101158
638.616,ours,1,0,0,0.4,3.289486714,3.655856908,4.861879278,0,5127,8545,5,2,2,1,1,0.016,world,1.989115914,11.34514972,16.59768988
638.616,ab3dmot,1,0,0,0.4,3.310688848,3.655610524,4.859615268,0,5130,8550,5,2,2,1,1,0.064,world,1.982157309,11.34445957,16.59992582
638.616,sort,0.4506980803,66,25,0.2293511219,11.96918908,12.03860195,13.72234826,335,5953,8245,5,1,1,1,1,0.096,world,11.37572694,19.090811,24.00252636
638.66,ours,1,0,0,0.4,3.289486714,3.655624375,4.861864972,0,5130,8550,5,2,2,1,1,0.008,world,1.984871927,11.34125986,16.58857461
638.66,ab3dmot,1,0,0,0.4,3.310688848,3.655376591,4.859603412,0,5133,8555,5,2,2,1,1,0.048,world,1.976797897,11.34012033,16.58958075
638.66,sort,0.4505015264,66,25,0.2293333333,11.96858139,12.0383218,13.72231442,335,5957,8250,5,1,1,1,1,0.116,world,11.37811861,19.07127453,23.96875525
638.716,ours,1,0,0,0.4,3.289486714,3.655392396,4.861852539,0,5133,8555,5,2,2,1,1,0.016,world,1.977378259,11.33593368,16.57800994
638.716,ab3dmot,1,0,0,0.4,3.310688848,3.655142394,4.859590946,0,5136,8560,5,2,2,1,1,0.064,world,1.970400407,11.33621754,16.58330117
638.716,sort,0.4503051439,66,25,0.2293155663,11.96858103,12.03804761,13.72228058,335,5961,8255,5,1,1,1,1,0.064,world,11.39198317,19.01300802,23.86397386
638.784,ours,1,0,0,0.4,3.289486714,3.655159815,4.861841979,0,5136,8560,5,2,2,1,1,0.024,world,1.971103263,11.33264621,16.5732226
638.784,ab3dmot,1,0,0,0.4,3.310688848,3.654908878,4.85957848,0,5139,8565,5,2,2,1,1,0.068,world,1.964018751,11.33134233,16.57319906
638.784,sort,0.4501089325,66,25,0.2292978208,11.96858067,12.03777541,13.72224673,335,5965,8260,5,1,1,1,1,0.1,world,11.39624021,18.97429523,23.79756351
638.816,ours,1,0,0,0.4,3.289486714,3.654929434,4.86183142,0,5139,8565,5,2,2,1,1,0.016,world,1.969854327,11.3298213,16.56435345
638.816,ab3dmot,1,0,0,0.4,3.310688848,3.65467659,4.859566015,0,5142,8570,5,2,2,1,1,0.064,world,1.963381351,11.32992731,16.56853467
638.816,sort,0.449912892,66,25,0.2292800968,11.96703907,12.03748662,13.72221289,335,5969,8265,5,1,1,1,1,0.064,world,11.35539206,19.05876503,23.95446896
638.884,ours,1,0,0,0.4,3.289486714,3.654698103,4.86182086,0,5142,8570,5,2,2,1,1,0.02,world,1.963031393,11.3269063,16.56083109
638.884,ab3dmot,1,0,0,0.4,3.310688848,3.654443306,4.859553549,0,5145,8575,5,2,2,1,1,0.1,world,1.956442335,11.32703021,16.56505461
638.884,sort,0.4497170222,66,25,0.2292623942,11.96549748,12.03718236,13.72217904,335,5973,8270,5,1,1,1,1,0.1,world,11.31705213,19.13189279,24.09313256
638.916,ours,1,0,0,0.4,3.289486714,3.654466689,4.8618103,0,5145,8575,5,2,2,1,1,0.016,world,1.957892381,11.32454028,16.55623373
638.916,ab3dmot,1,0,0,0.4,3.310688848,3.654209591,4.859541083,0,5148,8580,5,2,2,1,1,0.068,world,1.951221633,11.32505904,16.56146268
638.916,sort,0.4495213229,66,25,0.229244713,11.96426427,12.03686838,13.7221452,335,5977,8275,5,1,1,1,1,0.1,world,11.2926156,19.18794958,24.19626163
638.964,ours,1,0,0,0.4,3.289486714,3.65423393,4.861799741,0,5148,8580,5,2,2,1,1,0.016,world,1.952886388,11.32303737,16.55619043
638.964,ab3dmot,1,0,0,0.4,3.310688848,3.653974156,4.859528617,0,5151,8585,5,2,2,1,1,0.08,world,1.944639134,11.32339777,16.56233767
638.964,sort,0.4493257938,66,25,0.2292270531,11.96303106,12.03654561,13.72211136,335,5981,8280,5,1,1,1,1,0.08,world,11.27044345,19.22955905,24.27381425
639,ours,1,0,0,0.4,3.289486714,3.654000754,4.861789181,0,5151,8585,5,2,2,1,1,0.012,world,1.947729914,11.32117097,16.55397865
639,ab3dmot,1,0,0,0.4,3.310688848,3.653738195,4.859516151,0,5154,8590,5,2,2,1,1,0.084,world,1.940936449,11.32223635,16.56118537
639,sort,0.4491304348,66,25,0.2292094146,11.96259169,12.03621689,13.72207751,335,5985,8285,5,1,1,1,1,0.084,world,11.25513963,19.26868613,24.34430882
639.048,ours,1,0,0,0.4,3.289486714,3.653767291,4.861778621,0,5154,8590,5,2,2,1,1,0.028,world,1.944077946,11.31975788,16.55301324
639.048,ab3dmot,1,0,0,0.4,3.310688848,3.65350185,4.859503685,0,5157,8595,5,2,2,1,1,0.1,world,1.937295456,11.3209402,16.56096368
639.048,sort,0.4489352455,66,25,0.2291917973,11.96215232,12.03588719,13.72204367,335,5989,8290,5,1,1,1,1,0.132,world,11.25204428,19.26782183,24.34476702
639.1,ours,1,0,0,0.4,3.289486714,3.653533367,4.861768062,0,5157,8595,5,2,2,1,1,0.008,world,1.940045883,11.31844992,16.55232672
639.1,ab3dmot,1,0,0,0.4,3.310688848,3.653265052,4.85949122,0,5160,8600,5,2,2,1,1,0.088,world,1.931247417,11.31886987,16.55821437
639.1,sort,0.4487402259,66,25,0.2291742013,11.96186008,12.03557503,13.72173949,335,5993,8295,5,1,1,1,1,0.088,world,11.2944544,19.1085745,24.05997532
639.168,ours,1,0,0,0.4,3.289486714,3.653299115,4.861757502,0,5160,8600,5,2,2,1,1,0.02,world,1.932580141,11.31521687,16.54610186
639.168,ab3dmot,1,0,0,0.4,3.310688848,3.653028061,4.859464506,0,5163,8605,5,2,2,1,1,0.088,world,1.923063528,11.31521871,16.55050876
639.168,sort,0.4485453756,66,25,0.2291566265,11.96156784,12.03526191,13.7214353,335,5997,8300,5,1,1,1,1,0.12,world,11.2914784,19.09749005,24.04275556
639.2,ours,1,0,0,0.4,3.289486714,3.653065167,4.861747312,0,5163,8605,5,2,2,1,1,0,world,1.926580549,11.31241321,16.53966744
639.2,ab3dmot,1,0,0,0.4,3.310688848,3.65279119,4.859423545,0,5166,8610,5,2,2,1,1,0.088,world,1.919208887,11.31344585,16.54665229
639.2,sort,0.4483506944,66,25,0.2291390728,11.96145563,12.03493948,13.72113112,335,6001,8305,5,1,1,1,1,0.088,world,11.267915,19.14995234,24.13821848
639.252,ours,1,0,0,0.4,3.289486714,3.652831453,4.86173749,0,5166,8610,5,2,2,1,1,0.024,world,1.92315698,11.31070407,16.53592077
639.252,ab3dmot,1,0,0,0.4,3.310688848,3.652554654,4.859382584,0,5169,8615,5,2,2,1,1,0.104,world,1.915886658,11.31166241,16.54239535
639.252,sort,0.4481561822,66,25,0.2291215403,11.96134342,12.0346171,13.72082694,335,6005,8310,5,1,1,1,1,0.072,world,11.26740744,19.13811348,24.11714581
639.3,ours,1,0,0,0.4,3.289486714,3.652597399,4.861727669,0,5169,8615,5,2,2,1,1,0.016,world,1.916517048,11.30814217,16.53113116
639.3,ab3dmot,1,0,0,0.4,3.310688848,3.65231802,4.859341623,0,5172,8620,5,2,2,1,1,0.056,world,1.908438943,11.30853703,16.53528368
639.3,sort,0.4479618387,66,25,0.2291040289,11.96053698,12.03429353,13.72052275,335,6009,8315,5,1,1,1,1,0.088,world,11.26378899,19.13210603,24.108619
639.344,ours,1,0,0,0.4,3.289486714,3.652363314,4.861717848,0,5172,8620,5,2,2,1,1,0.028,world,1.913659267,11.30708368,16.5291618
639.344,ab3dmot,1,0,0,0.4,3.310688848,3.652081187,4.859300661,0,5175,8625,5,2,2,1,1,0.104,world,1.906921961,11.30817443,16.53540236
639.344,sort,0.4477676636,66,25,0.2290865385,11.95973055,12.03395976,13.72021857,335,6013,8320,5,1,1,1,1,0.108,world,11.23794288,19.19929316,24.22989054
639.4,ours,1,0,0,0.4,3.289486714,3.652128882,4.861708027,0,5175,8625,5,2,2,1,1,0.02,world,1.908656119,11.3053721,16.5266892
639.4,ab3dmot,1,0,0,0.4,3.310688848,3.651843933,4.8592597,0,5178,8630,5,2,2,1,1,0.088,world,1.899381787,11.30562201,16.53088938
639.4,sort,0.4475736568,66,25,0.2290690691,11.95855927,12.0336179,13.71991439,335,6017,8325,5,1,1,1,1,0.088,world,11.21724566,19.25100294,24.32355239
639.412,ours,1,0,0,0.4,3.289486714,3.651894673,4.861698206,0,5178,8630,5,2,2,1,1,0.004,world,1.904175965,11.30376653,16.52266801
639.412,ab3dmot,1,0,0,0.4,3.310688848,3.651606919,4.859218739,0,5181,8635,5,2,2,1,1,0.068,world,1.89723922,11.30486473,16.52884196
639.412,sort,0.4473798181,66,25,0.2290516206,11.95738799,12.03327589,13.7196102,335,6021,8330,5,1,1,1,1,0.072,world,11.21614642,19.25164337,24.32409421
639.476,ours,1,0,0,0.4,3.289486714,3.65166003,4.861688385,0,5181,8635,5,2,2,1,1,0.02,world,1.901844416,11.30331215,16.52300355
639.476,ab3dmot,1,0,0,0.4,3.310688848,3.651369853,4.859177778,0,5184,8640,5,2,2,1,1,0.1,world,1.89328306,11.30336657,16.52623488
639.476,sort,0.4471861472,66,25,0.2290341932,11.95693794,12.03292783,13.71930602,335,6025,8335,5,1,1,1,1,0.1,world,11.20045162,19.29358385,24.40031046
639.5,ours,1,0,0,0.4,3.289486714,3.651426441,4.861678564,0,5184,8640,5,2,2,1,1,0.008,world,1.898953093,11.30130604,16.51736892
639.5,ab3dmot,1,0,0,0.4,3.310688848,3.651134314,4.859136817,0,5187,8645,5,2,2,1,1,0.056,world,1.891490213,11.30119738,16.51999012
639.5,sort,0.4469926439,66,25,0.2290167866,11.95648788,12.03257636,13.71900184,335,6029,8340,5,1,1,1,1,0.092,world,11.19126767,19.32482147,24.45401191
639.572,ours,1,0,0,0.4,3.289486714,3.651192932,4.861668743,0,5187,8645,5,2,2,1,1,0.028,world,1.895471213,11.29997681,16.51508783
639.572,ab3dmot,1,0,0,0.4,3.310688848,3.650899151,4.859095855,0,5190,8650,5,2,2,1,1,0.096,world,1.888560945,11.29972584,16.51701662
639.572,sort,0.446799308,66,25,0.2289994008,11.95363174,12.0322225,13.71869765,335,6033,8345,5,1,1,1,1,0.1,world,11.18457189,19.33365719,24.46992649
639.608,ours,1,0,0,0.4,3.289486714,3.65096033,4.861658921,0,5190,8650,5,2,2,1,1,0.008,world,1.892004229,11.29787295,16.5095776
639.608,ab3dmot,1,0,0,0.4,3.310688848,3.650665799,4.859069599,0,5193,8655,5,2,2,1,1,0.068,world,1.887146705,11.29735041,16.50881941
639.608,sort,0.4466061392,66,25,0.2289820359,11.9507756,12.03186772,13.71839347,335,6037,8350,5,1,1,1,1,0.108,world,11.18155653,19.33795552,24.47757665
639.668,ours,1,0,0,0.4,3.289486714,3.650729247,4.861651324,0,5193,8655,5,2,2,1,1,0.008,world,1.890115492,11.29573055,16.5021268
639.668,ab3dmot,1,0,0,0.4,3.310688848,3.650433377,4.859058046,0,5196,8660,5,2,2,1,1,0.092,world,1.886687469,11.29640823,16.50515416
639.668,sort,0.4464131374,66,25,0.2289646918,11.94973857,12.03150679,13.71808929,335,6041,8355,5,1,1,1,1,0.092,world,11.16551184,19.36703752,24.53332806
639.7,ours,1,0,0,0.4,3.289486714,3.650498954,4.861645949,0,5196,8660,5,2,2,1,1,0,world,1.889502702,11.2949496,16.49921066
639.7,ab3dmot,1,0,0,0.4,3.310688848,3.650202481,4.859046494,0,5199,8665,5,2,2,1,1,0.064,world,1.887047368,11.29515623,16.4994089
639.7,sort,0.4462203024,66,25,0.2289473684,11.94870155,12.03114274,13.7177851,335,6045,8360,5,1,1,1,1,0.096,world,11.15694003,19.38446623,24.56630694
639.74,ours,1,0,0,0.4,3.289486714,3.650269217,4.861640574,0,5199,8665,5,2,2,1,1,0.02,world,1.888681922,11.29440826,16.49707833
639.74,ab3dmot,1,0,0,0.4,3.310688848,3.649971732,4.859034942,0,5202,8670,5,2,2,1,1,0.1,world,1.886634515,11.29521862,16.49968433
639.74,sort,0.4460276339,66,25,0.2289300658,11.94748873,12.03077668,13.71748092,335,6049,8365,5,1,1,1,1,0.1,world,11.15119381,19.3982121,24.59108039
639.772,ours,1,0,0,0.4,3.289486714,3.650040216,4.8616352,0,5202,8670,5,2,2,1,1,0,world,1.887973118,11.29373457,16.49438865
639.772,ab3dmot,1,0,0,0.4,3.310688848,3.649742384,4.859023389,0,5205,8675,5,2,2,1,1,0.064,world,1.887186385,11.29425371,16.49488092
639.772,sort,0.4458351316,66,25,0.2289127838,11.94627592,12.03040792,13.71717674,335,6053,8370,5,1,1,1,1,0.068,world,11.14366381,19.41434845,24.61951173
639.832,ours,1,0,0,0.4,3.289486714,3.649812324,4.861629825,0,5205,8675,5,2,2,1,1,0.028,world,1.887465741,11.29295861,16.49058339
639.832,ab3dmot,1,0,0,0.4,3.310688848,3.649513798,4.859011837,0,5208,8680,5,2,2,1,1,0.096,world,1.887201396,11.29405391,16.49320208
639.832,sort,0.4456427955,66,25,0.2288955224,11.94570877,12.03005007,13.71687255,335,6057,8375,5,1,1,1,1,0.1,world,11.17017485,19.27578274,24.37859794
639.9,ours,1,0,0,0.4,3.289486714,3.649585033,4.86162445,0,5208,8680,5,2,2,1,1,0.016,world,1.886914655,11.29289466,16.48929174
639.9,ab3dmot,1,0,0,0.4,3.310688848,3.649285712,4.859000285,0,5211,8685,5,2,2,1,1,0.096,world,1.885893538,11.29387937,16.49085784
639.9,sort,0.4454506253,66,25,0.2288782816,11.94514162,12.02968886,13.71656837,335,6061,8380,5,1,1,1,1,0.096,world,11.16102751,19.30277331,24.42566383
639.952,ours,1,0,0,0.4,3.289486714,3.649358091,4.861619076,0,5211,8685,5,2,2,1,1,0.024,world,1.885274056,11.29259454,16.48642684
639.952,ab3dmot,1,0,0,0.4,3.310688848,3.649057836,4.858988732,0,5214,8690,5,2,2,1,1,0.116,world,1.88553224,11.29418491,16.48992355
639.952,sort,0.4452586207,66,25,0.2288610614,11.94353655,12.02932541,13.71626419,335,6065,8385,5,1,1,1,1,0.116,world,11.15468015,19.32443673,24.46316631
639.988,ours,1,0,0,0.4,3.289486714,3.649131393,4.861613701,0,5214,8690,5,2,2,1,1,0.016,world,1.883928104,11.29253998,16.48472113
639.988,ab3dmot,1,0,0,0.4,3.310688848,3.648829983,4.85897718,0,5217,8695,5,2,2,1,1,0.096,world,1.884387783,11.29447131,16.48909783
639.988,sort,0.4450667816,66,25,0.2288438617,11.94193147,12.02895958,13.71596,335,6069,8390,5,1,1,1,1,0.096,world,11.14794566,19.34476479,24.49754844
640.032,ours,1,0,0,0.4,3.289486714,3.648905158,4.861608327,0,5217,8695,5,2,2,1,1,0.028,world,1.883863443,11.29271563,16.48356307
640.032,ab3dmot,1,0,0,0.4,3.310688848,3.648602527,4.858965628,0,5220,8700,5,2,2,1,1,0.096,world,1.884620901,11.29484037,16.48825003
640.032,sort,0.4448751077,66,25,0.2288266825,11.94104532,12.02859247,13.71582252,335,6073,8395,5,1,1,1,1,0.096,world,11.14398864,19.36068075,24.5240152
640.072,ours,1,0,0,0.4,3.289486714,3.648679248,4.861602952,0,5220,8700,5,2,2,1,1,0.016,world,1.883708645,11.29299228,16.48396894
640.072,ab3dmot,1,0,0,0.4,3.310688848,3.648375598,4.858945328,0,5223,8705,5,2,2,1,1,0.104,world,1.884570045,11.29497071,16.48713822
640.072,sort,0.4446835988,66,25,0.2288095238,11.94015917,12.02822464,13.71568503,335,6077,8400,5,1,1,1,1,0.104,world,11.14141172,19.37394622,24.54554875
640.104,ours,1,0,0,0.4,3.289486714,3.648453904,4.861592859,0,5223,8705,5,2,2,1,1,0.004,world,1.882940795,11.29292017,16.48111975
640.104,ab3dmot,1,0,0,0.4,3.310688848,3.648149044,4.858916281,0,5226,8710,5,2,2,1,1,0.068,world,1.882929775,11.29483138,16.48402088
640.104,sort,0.4444922547,66,25,0.2287923855,11.94009998,12.02785558,13.71554755,335,6081,8405,5,1,1,1,1,0.068,world,11.13757094,19.38850374,24.56861109
640.168,ours,1,0,0,0.4,3.289486714,3.6482294,4.861578047,0,5226,8710,5,2,2,1,1,0.032,world,1.883698922,11.29360528,16.48022544
640.168,ab3dmot,1,0,0,0.4,3.310688848,3.647923236,4.858887234,0,5229,8715,5,2,2,1,1,0.132,world,1.884392359,11.29582669,16.48490411
640.168,sort,0.4443010753,66,25,0.2287752675,11.94004079,12.02748755,13.71541006,335,6085,8410,5,1,1,1,1,0.132,world,11.13939801,19.39153376,24.57280482
640.216,ours,1,0,0,0.4,3.289486714,3.648005435,4.861563235,0,5229,8715,5,2,2,1,1,0.016,world,1.884575147,11.29415781,16.48068841
640.216,ab3dmot,1,0,0,0.4,3.310688848,3.647697966,4.858858187,0,5232,8720,5,2,2,1,1,0.184,world,1.885268129,11.29637915,16.48536696
640.216,sort,0.4441100602,66,25,0.2287581699,11.93951312,12.02712027,13.71527258,335,6089,8415,5,1,1,1,1,0.188,world,11.14050677,19.3931539,24.57496379
640.268,ours,1,0,0,0.4,3.289486714,3.647782389,4.861548423,0,5232,8720,5,2,2,1,1,0.012,world,1.886613157,11.29537109,16.48165643
640.268,ab3dmot,1,0,0,0.4,3.310688848,3.647473617,4.85882914,0,5235,8725,5,2,2,1,1,0.232,world,1.887305119,11.2975923,16.48633474
640.268,sort,0.4439192093,66,25,0.2287410926,11.93898545,12.0267534,13.7151351,335,6093,8420,5,1,1,1,1,0.204,world,11.14074621,19.4005743,24.58587304
640.336,ours,1,0,0,0.4,3.289486714,3.647560542,4.861533611,0,5235,8725,5,2,2,1,1,0.024,world,1.888114228,11.29624771,16.480699
640.336,ab3dmot,1,0,0,0.4,3.310688848,3.647250767,4.858800093,0,5238,8730,5,2,2,1,1,0.232,world,1.887823348,11.29779003,16.48313563
640.336,sort,0.4437285223,66,25,0.2287240356,11.93856777,12.02638747,13.71499761,335,6097,8425,5,1,1,1,1,0.232,world,11.14237135,19.41562158,24.60751443
640.392,ours,1,0,0,0.4,3.289486714,3.647340075,4.861518799,0,5238,8730,5,2,2,1,1,0.024,world,1.887221929,11.29545104,16.47548911
640.392,ab3dmot,1,0,0,0.4,3.310688848,3.647029314,4.858771046,0,5241,8735,5,2,2,1,1,0.196,world,1.887370489,11.29713112,16.47825845
640.392,sort,0.4435379991,66,25,0.2287069988,11.93815008,12.02601898,13.71486013,335,6101,8430,5,1,1,1,1,0.096,world,11.13516959,19.43704788,24.63859241
640.42,ours,1,0,0,0.4,3.289486714,3.647120487,4.861503987,0,5241,8735,5,2,2,1,1,0.012,world,1.886923854,11.29549293,16.47266064
640.42,ab3dmot,1,0,0,0.4,3.310688848,3.646808669,4.858741999,0,5244,8740,5,2,2,1,1,0.184,world,1.887701316,11.29743224,16.47686205
640.42,sort,0.4433476395,66,25,0.2286899822,11.9365712,12.02565181,13.71472264,335,6105,8435,5,1,1,1,1,0.092,world,11.13772168,19.43930359,24.6396751
640.456,ours,1,0,0,0.4,3.289486714,3.646901679,4.861489175,0,5244,8740,5,2,2,1,1,0.024,world,1.885772498,11.29536747,16.4697934
640.456,ab3dmot,1,0,0,0.4,3.310688848,3.646589041,4.858712952,0,5247,8745,5,2,2,1,1,0.12,world,1.884208519,11.29619144,16.47142319
640.456,sort,0.4431574432,66,25,0.2286729858,11.93499232,12.02528574,13.71458516,335,6109,8440,5,1,1,1,1,0.12,world,11.13971088,19.44137831,24.64208227
640.5,ours,1,0,0,0.4,3.289486714,3.646683826,4.861474363,0,5247,8745,5,2,2,1,1,0.016,world,1.885838244,11.29543783,16.46820405
640.5,ab3dmot,1,0,0,0.4,3.310688848,3.646370173,4.858683905,0,5250,8750,5,2,2,1,1,0.164,world,1.885834797,11.29702617,16.47199617
640.5,sort,0.4429674099,66,25,0.2286560095,11.93094618,12.02492126,13.71444767,335,6113,8445,5,1,1,1,1,0.1,world,11.14297181,19.44384559,24.64163099
640.532,ours,1,0,0,0.4,3.289486714,3.646467003,4.861459551,0,5250,8750,5,2,2,1,1,0,world,1.886701423,11.29575326,16.46678461
640.532,ab3dmot,1,0,0,0.4,3.310688848,3.646153229,4.858667569,0,5253,8755,5,2,2,1,1,0.132,world,1.88624264,11.29612653,16.46708741
640.532,sort,0.4427775396,66,25,0.2286390533,11.92690005,12.02455797,13.71431019,335,6117,8450,5,1,1,1,1,0.132,world,11.14520274,19.44604254,24.64410194
640.592,ours,1,0,0,0.4,3.289486714,3.646252334,4.861452077,0,5253,8755,5,2,2,1,1,0.028,world,1.889974538,11.29661536,16.46445995
640.592,ab3dmot,1,0,0,0.4,3.310688848,3.64593821,4.858663944,0,5256,8760,5,2,2,1,1,0.06,world,1.892388605,11.2981187,16.46984642
640.592,sort,0.442587832,66,25,0.2286221171,11.92686796,12.02422076,13.7141727,335,6121,8455,5,1,1,1,1,0.128,world,11.20990651,19.1992205,24.20337289
640.632,ours,1,0,0,0.4,3.289486714,3.646038805,4.86145194,0,5256,8760,5,2,2,1,1,0.012,world,1.892522753,11.29741038,16.4651582
640.632,ab3dmot,1,0,0,0.4,3.310688848,3.645724053,4.858660318,0,5259,8765,5,2,2,1,1,0.1,world,1.894363539,11.29908455,16.47047091
640.632,sort,0.4423982869,66,25,0.2286052009,11.92683587,12.02388138,13.71403522,335,6125,8460,5,1,1,1,1,0.1,world,11.20380306,19.22221511,24.24262727
640.668,ours,1,0,0,0.4,3.289486714,3.645826738,4.861451804,0,5259,8765,5,2,2,1,1,0.004,world,1.895385304,11.2979667,16.46503356
640.668,ab3dmot,1,0,0,0.4,3.310688848,3.645512381,4.858656693,0,5262,8770,5,2,2,1,1,0.068,world,1.898757186,11.29896183,16.46819748
640.668,sort,0.4422089041,66,25,0.2285883048,11.92671646,12.02353982,13.71389773,335,6129,8465,5,1,1,1,1,0.072,world,11.19762484,19.24548276,24.28234197
640.7,ours,1,0,0,0.4,3.289486714,3.645616681,4.861451667,0,5262,8770,5,2,2,1,1,0,world,1.898565738,11.29810298,16.4622028
640.7,ab3dmot,1,0,0,0.4,3.310688848,3.645302293,4.858653067,0,5265,8775,5,2,2,1,1,0.068,world,1.901717186,11.29949663,16.46698258
640.7,sort,0.4420196834,66,25,0.2285714286,11.92659706,12.02319653,13.71376025,335,6133,8470,5,1,1,1,1,0.068,world,11.19255409,19.27075867,24.32603579
640.764,ours,1,0,0,0.4,3.289486714,3.645408289,4.86145153,0,5265,8775,5,2,2,1,1,0.016,world,1.903095526,11.30025169,16.46353742
640.764,ab3dmot,1,0,0,0.4,3.310688848,3.64509387,4.858649442,0,5268,8780,5,2,2,1,1,0.132,world,1.90623998,11.30164403,16.46831678
640.764,sort,0.4418306245,66,25,0.2285545723,11.92483699,12.02285315,13.71362276,335,6137,8475,5,1,1,1,1,0.068,world,11.19164352,19.29428681,24.36352322
640.8,ours,1,0,0,0.4,3.289486714,3.645200122,4.861451394,0,5268,8780,5,2,2,1,1,0.004,world,1.903095526,11.30064902,16.46422215
640.8,ab3dmot,1,0,0,0.4,3.310688848,3.644885672,4.858645817,0,5271,8785,5,2,2,1,1,0.168,world,1.90623998,11.3020413,16.4690013
640.8,sort,0.4416417272,66,25,0.2285377358,11.92307692,12.0225079,13.71348528,335,6141,8480,5,1,1,1,1,0.072,world,11.18619439,19.3136548,24.39784972
640.876,ours,1,0,0,0.4,3.289486714,3.644995068,4.861451257,0,5271,8785,5,2,2,1,1,0.036,world,1.91174406,11.30332937,16.46696765
640.876,ab3dmot,1,0,0,0.4,3.310688848,3.644680934,4.858642191,0,5274,8790,5,2,2,1,1,0.084,world,1.917707169,11.30514851,16.47537771
640.876,sort,0.4414529915,66,25,0.2285209193,11.92263932,12.02217467,13.7133478,335,6145,8485,5,1,1,1,1,0.124,world,11.21570565,19.24607812,24.27013476
640.96,ours,1,0,0,0.4,3.289486714,3.644792608,4.86145112,0,5274,8790,5,2,2,1,1,0.044,world,1.919710061,11.30578551,16.46965844
640.96,ab3dmot,1,0,0,0.4,3.310688848,3.644478481,4.858638566,0,5277,8795,5,2,2,1,1,0.096,world,1.925596283,11.307962,16.47913635
640.96,sort,0.4412644169,66,25,0.2285041225,11.92220172,12.02185339,13.71321031,335,6149,8490,5,1,1,1,1,0.132,world,11.24494643,19.17834153,24.14131217
641.056,ours,1,0,0,0.4,3.289486714,3.644593182,4.861450984,0,5277,8795,5,2,2,1,1,0.056,world,1.930851684,11.31033959,16.47513542
641.056,ab3dmot,1,0,0,0.4,3.310688848,3.644278905,4.858634941,0,5280,8800,5,2,2,1,1,0.132,world,1.935900274,11.31245429,16.48396943
641.056,sort,0.4410760034,66,25,0.2284873455,11.9213469,12.02154838,13.71315948,335,6153,8495,5,1,1,1,1,0.132,world,11.28492994,19.10364844,23.99374338
641.124,ours,1,0,0,0.4,3.289486714,3.644395986,4.861450847,0,5280,8800,5,2,2,1,1,0.024,world,1.93801005,11.31329842,16.4776071
641.124,ab3dmot,1,0,0,0.4,3.310688848,3.644081469,4.858630351,0,5283,8805,5,2,2,1,1,0.096,world,1.943412312,11.31568224,16.48659273
641.124,sort,0.4408877507,66,25,0.2284705882,11.92049208,12.02125116,13.71310865,335,6157,8500,5,1,1,1,1,0.096,world,11.30374123,19.07668565,23.93591358
641.208,ours,1,0,0,0.4,3.289486714,3.644201034,4.861450493,0,5283,8805,5,2,2,1,1,0.016,world,1.94484562,11.3162493,16.47947132
641.208,ab3dmot,1,0,0,0.4,3.310688848,3.643886233,4.858624798,0,5286,8810,5,2,2,1,1,0.18,world,1.949634961,11.31846562,16.48817066
641.208,sort,0.4406996587,66,25,0.2284538507,11.92015039,12.02096937,13.71305783,335,6161,8505,5,1,1,1,1,0.12,world,11.34154096,19.01136617,23.80587269
641.296,ours,1,0,0,0.4,3.289486714,3.644008359,4.861449922,0,5286,8810,5,2,2,1,1,0.004,world,1.951328338,11.3191248,16.48108252
641.296,ab3dmot,1,0,0,0.4,3.310688848,3.643693272,4.858619245,0,5289,8815,5,2,2,1,1,0.272,world,1.956101461,11.32133817,16.489781
641.296,sort,0.4405117271,66,25,0.2284371328,11.91980871,12.02069787,13.713007,335,6165,8510,5,1,1,1,1,0.108,world,11.36647767,18.97878027,23.73527955
641.376,ours,1,0,0,0.4,3.289486714,3.643822301,4.861449351,0,5289,8815,5,2,2,1,1,0.02,world,1.968405491,11.32232826,16.47827795
641.376,ab3dmot,1,0,0,0.4,3.310688848,3.643508208,4.858613692,0,5292,8820,5,2,2,1,1,0.084,world,1.974314749,11.32351868,16.48211188
641.376,sort,0.4403239557,66,25,0.2284204345,11.91614458,12.02044151,13.71295617,335,6169,8515,5,1,1,1,1,0.116,world,11.40343752,18.93427386,23.64034901
641.456,ours,1,0,0,0.4,3.289486714,3.643639123,4.86144878,0,5292,8820,5,2,2,1,1,0.032,world,1.977311658,11.3255719,16.48006748
641.456,ab3dmot,1,0,0,0.4,3.310688848,3.643324677,4.858608139,0,5295,8825,5,2,2,1,1,0.1,world,1.98293848,11.32829759,16.4879624
641.456,sort,0.4401363443,66,25,0.2284037559,11.91248046,12.02019796,13.71290534,335,6173,8520,5,1,1,1,1,0.1,world,11.43457036,18.89162804,23.55152338
641.536,ours,1,0,0,0.4,3.289486714,3.643456557,4.86144821,0,5295,8825,5,2,2,1,1,0.036,world,1.988659185,11.33256435,16.49074413
641.536,ab3dmot,1,0,0,0.4,3.310688848,3.643141425,4.858602586,0,5298,8830,5,2,2,1,1,0.112,world,1.993356521,11.33539592,16.49852813
641.536,sort,0.4399488927,66,25,0.2283870968,11.91031517,12.01996157,13.71285451,335,6177,8525,5,1,1,1,1,0.148,world,11.45171227,18.88046778,23.52374979
641.652,ours,1,0,0,0.4,3.289486714,3.643277774,4.861447639,0,5298,8830,5,2,2,1,1,0.052,world,1.99976241,11.33738,16.49333207
641.652,ab3dmot,1,0,0,0.4,3.310688848,3.642961954,4.858597033,0,5301,8835,5,2,2,1,1,0.232,world,2.004432629,11.34020714,16.50111505
641.652,sort,0.4397616007,66,25,0.2283704572,11.90814988,12.01973147,13.71280369,335,6181,8530,5,1,1,1,1,0.264,world,11.46671805,18.89092371,23.53273817
641.704,ours,1,0,0,0.4,3.289486714,3.643098038,4.861447068,0,5301,8835,5,2,2,1,1,0.004,world,2.009944575,11.34603827,16.50831148
641.704,ab3dmot,1,0,0,0.4,3.310688848,3.642778721,4.85859148,0,5304,8840,5,2,2,1,1,0.148,world,2.014659276,11.35239087,16.52447141
641.704,sort,0.4395744681,66,25,0.2283538371,11.90772357,12.01951873,13.71275286,335,6185,8535,5,1,1,1,1,0.084,world,11.50894677,18.8258963,23.3993885
641.788,ours,1,0,0,0.4,3.289486714,3.642916958,4.861446497,0,5304,8840,5,2,2,1,1,0.016,world,2.021587589,11.35581826,16.52575628
641.788,ab3dmot,1,0,0,0.4,3.310688848,3.642593253,4.858585927,0,5307,8845,5,2,2,1,1,0.1,world,2.025284071,11.36293189,16.54403033
641.788,sort,0.4393874947,66,25,0.2283372365,11.90729726,12.01931636,13.71270203,335,6189,8540,5,1,1,1,1,0.1,world,11.53394843,18.80680172,23.35233396
641.856,ours,1,0,0,0.4,3.289486714,3.642735519,4.861445926,0,5307,8845,5,2,2,1,1,0.028,world,2.031464565,11.36379176,16.53903868
641.856,ab3dmot,1,0,0,0.4,3.310688848,3.642407209,4.858580374,0,5310,8850,5,2,2,1,1,0.068,world,2.034126397,11.37081206,16.55737132
641.856,sort,0.4392006803,66,25,0.2283206554,11.90648544,12.01907705,13.7126512,335,6193,8545,5,1,1,1,1,0.108,world,11.442617,18.97114639,23.67652432
641.916,ours,1,0,0,0.4,3.289486714,3.642554321,4.861445355,0,5310,8850,5,2,2,1,1,0.016,world,2.041446672,11.3710872,16.5512259
641.916,ab3dmot,1,0,0,0.4,3.310688848,3.642222439,4.858577224,0,5313,8855,5,2,2,1,1,0.064,world,2.042981823,11.37642441,16.56539297
641.916,sort,0.4390140246,66,25,0.2283040936,11.90567362,12.01881679,13.71260037,335,6197,8550,5,1,1,1,1,0.096,world,11.3902576,19.0956966,23.91147562
641.984,ours,1,0,0,0.4,3.289486714,3.642373125,4.861443114,0,5313,8855,5,2,2,1,1,0.02,world,2.046892515,11.37520021,16.55840859
641.984,ab3dmot,1,0,0,0.4,3.310688848,3.642037876,4.858576476,0,5316,8860,5,2,2,1,1,0.072,world,2.048073716,11.38015906,16.5717113
641.984,sort,0.4388275276,66,25,0.2282875511,11.90545412,12.01854228,13.71254955,335,6201,8555,5,1,1,1,1,0.104,world,11.35425348,19.18987375,24.08616253
642.052,ours,1,0,0,0.4,3.289486714,3.642194771,4.861439203,0,5316,8860,5,2,2,1,1,0.036,world,2.054951354,11.37863483,16.56017247
642.052,ab3dmot,1,0,0,0.4,3.310688848,3.641856157,4.858575729,0,5319,8865,5,2,2,1,1,0.136,world,2.056127544,11.38359473,16.57347429
642.052,sort,0.438641189,66,25,0.228271028,11.90523462,12.01826024,13.71249872,335,6205,8560,5,1,1,1,1,0.1,world,11.3349053,19.26966076,24.22722487
642.116,ours,1,0,0,0.4,3.289486714,3.642019282,4.861435292,0,5319,8865,5,2,2,1,1,0.016,world,2.063078235,11.38208599,16.56193231
642.116,ab3dmot,1,0,0,0.4,3.310688848,3.641677306,4.858574982,0,5322,8870,5,2,2,1,1,0.2,world,2.064249417,11.38704699,16.57523326
642.116,sort,0.4384550085,66,25,0.2282545242,11.90375149,12.01797402,13.71244789,335,6209,8565,5,1,1,1,1,0.1,world,11.32386248,19.33519634,24.33993766
642.196,ours,1,0,0,0.4,3.289486714,3.641844808,4.861431382,0,5322,8870,5,2,2,1,1,0.012,world,2.07383899,11.38892218,16.57101567
642.196,ab3dmot,1,0,0,0.4,3.310688848,3.6415003,4.858574235,0,5325,8875,5,2,2,1,1,0.084,world,2.074060191,11.39252738,16.58024019
642.196,sort,0.438268986,66,25,0.2282380397,11.90226837,12.01770809,13.71239706,335,6213,8570,5,1,1,1,1,0.116,world,11.37393985,19.21420171,24.11057576
642.216,ours,1,0,0,0.4,3.289486714,3.641670732,4.861427471,0,5325,8875,5,2,2,1,1,0.004,world,2.078739837,11.39239739,16.57619596
642.216,ab3dmot,1,0,0,0.4,3.310688848,3.641324416,4.858573487,0,5328,8880,5,2,2,1,1,0.076,world,2.078328736,11.39485594,16.5826526
642.216,sort,0.4380831213,66,25,0.2282215743,11.90162329,12.01743418,13.71234623,335,6217,8575,5,1,1,1,1,0.076,world,11.35346386,19.28075024,24.23002398
642.28,ours,1,0,0,0.4,3.289486714,3.641498993,4.86142356,0,5328,8880,5,2,2,1,1,0.012,world,2.08741547,11.39675718,16.58010058
642.28,ab3dmot,1,0,0,0.4,3.310688848,3.64115095,4.85857274,0,5331,8885,5,2,2,1,1,0.064,world,2.087193469,11.39920182,16.58618166
642.28,sort,0.4378974142,66,25,0.2282051282,11.90097822,12.01717455,13.71229541,335,6221,8580,5,1,1,1,1,0.096,world,11.38852306,19.21471748,24.09994974
642.312,ours,1,0,0,0.4,3.289486714,3.641328502,4.861419649,0,5331,8885,5,2,2,1,1,0.012,world,2.091986604,11.39904914,16.58213797
642.312,ab3dmot,1,0,0,0.4,3.310688848,3.640979033,4.858571993,0,5334,8890,5,2,2,1,1,0.096,world,2.091303236,11.40093083,16.58704276
642.312,sort,0.4377118644,66,25,0.2281887012,11.90040511,12.01691575,13.71224458,335,6225,8585,5,1,1,1,1,0.064,world,11.39005083,19.22010572,24.10668699
642.38,ours,1,0,0,0.4,3.289486714,3.641159558,4.861415738,0,5334,8890,5,2,2,1,1,0.02,world,2.096095464,11.40077462,16.5829948
642.38,ab3dmot,1,0,0,0.4,3.310688848,3.640808664,4.858571245,0,5337,8895,5,2,2,1,1,0.164,world,2.095413569,11.40265709,16.58789946
642.38,sort,0.4375264718,66,25,0.2281722934,11.899832,12.01665859,13.71219375,335,6229,8590,5,1,1,1,1,0.1,world,11.39360066,19.22446677,24.11123717
642.424,ours,1,0,0,0.4,3.289486714,3.640993524,4.861411828,0,5337,8895,5,2,2,1,1,0.024,world,2.104306683,11.40421387,16.58469361
642.424,ab3dmot,1,0,0,0.4,3.310688848,3.640639394,4.858570498,0,5340,8900,5,2,2,1,1,0.08,world,2.099751804,11.40687533,16.59238759
642.424,sort,0.4373412362,66,25,0.2281559046,11.89858061,12.01648325,13.71207523,335,6233,8595,5,1,1,1,1,0.116,world,11.59510472,19.1804916,23.90497385
642.496,ours,1,0,0,0.4,3.289486714,3.640827531,4.861407917,0,5340,8900,5,2,2,1,1,0.016,world,2.109115837,11.40992129,16.59305259
642.496,ab3dmot,1,0,0,0.4,3.310688848,3.640471862,4.858567418,0,5343,8905,5,2,2,1,1,0.084,world,2.104827128,11.41056814,16.59515349
642.496,sort,0.4371561574,66,25,0.2281395349,11.89732922,12.01631874,13.71195671,335,6237,8600,5,1,1,1,1,0.116,world,11.62125833,19.18440633,23.89335072
642.552,ours,1,0,0,0.4,3.289486714,3.640661405,4.861399321,0,5343,8905,5,2,2,1,1,0.024,world,2.111637767,11.41315034,16.59768117
642.552,ab3dmot,1,0,0,0.4,3.310688848,3.640304684,4.858562005,0,5346,8910,5,2,2,1,1,0.108,world,2.107615099,11.41327166,16.59865274
642.552,sort,0.4369712352,66,25,0.2281231842,11.89700067,12.01616283,13.71183819,335,6241,8605,5,1,1,1,1,0.116,world,11.64191812,19.18503082,23.87939206
642.592,ours,1,0,0,0.4,3.289486714,3.640494466,4.861386041,0,5346,8910,5,2,2,1,1,0.012,world,2.113759007,11.41704149,16.60487801
642.592,ab3dmot,1,0,0,0.4,3.310688848,3.640136347,4.858556593,0,5349,8915,5,2,2,1,1,0.084,world,2.109118899,11.41735682,16.60665304
642.592,sort,0.4366018597,66,26,0.2282229965,11.89700067,12.0168796,13.71295617,335,6244,8610,5,2,2,1,1,0.084,world,11.67018194,18.79091563,23.18988884
642.612,ours,1,0,0,0.4,3.289486714,3.64032906,4.86137276,0,5349,8915,5,2,2,1,1,0.004,world,2.117828885,11.41872834,16.60569236
642.612,ab3dmot,1,0,0,0.4,3.310688848,3.639969543,4.85855118,0,5352,8920,5,2,2,1,1,0.1,world,2.11319865,11.41904595,16.60746739
642.612,sort,0.4362331081,66,26,0.228322693,11.89700067,12.01756111,13.71499761,335,6247,8615,5,2,2,1,1,0.072,world,11.58160771,18.75964874,23.19222439
642.676,ours,1,0,0,0.4,3.289486714,3.640166522,4.86135948,0,5352,8920,5,2,2,1,1,0.004,world,2.125919285,11.42207248,16.60729792
642.676,ab3dmot,1,0,0,0.4,3.310688848,3.639805608,4.858545767,0,5355,8925,5,2,2,1,1,0.164,world,2.121308616,11.4223946,16.60907294
642.676,sort,0.4358649789,66,26,0.2284222738,11.89700067,12.0182516,13.71930602,335,6250,8620,5,2,2,1,1,0.096,world,11.5959696,18.7677208,23.19674553
642.704,ours,1,0,0,0.4,3.289486714,3.640004159,4.861346199,0,5355,8925,5,2,2,1,1,0.004,world,2.125919285,11.42207248,16.60729792
642.704,ab3dmot,1,0,0,0.4,3.310688848,3.63964185,4.858540354,0,5358,8930,5,2,2,1,1,0.192,world,2.121308616,11.4223946,16.60907294
642.704,sort,0.4354974705,66,26,0.2285217391,11.89700067,12.01891465,13.72234826,335,6253,8625,5,2,2,1,1,0.096,world,11.53131881,18.74425872,23.19674553
642.756,ours,1,0,0,0.4,3.289486714,3.639844637,4.861332919,0,5358,8930,5,2,2,1,1,0.012,world,2.13393066,11.4253717,16.60887017
642.756,ab3dmot,1,0,0,0.4,3.310688848,3.639480933,4.858534942,0,5361,8935,5,2,2,1,1,0.244,world,2.129339287,11.42569828,16.61064519
642.756,sort,0.4351305813,66,26,0.2286210892,11.89700067,12.01958519,13.72278958,335,6256,8630,5,2,2,1,1,0.152,world,11.54211127,18.75058503,23.20106052
642.8,ours,1,0,0,0.4,3.289486714,3.63968352,4.861319638,0,5361,8935,5,2,2,1,1,0.008,world,2.132961603,11.42902347,16.61544506
642.8,ab3dmot,1,0,0,0.4,3.310688848,3.639318154,4.858529529,0,5364,8940,5,2,2,1,1,0.056,world,2.123819572,11.42788948,16.61482158
642.8,sort,0.4347643098,66,26,0.2287203243,11.89700067,12.02023943,13.72304529,335,6259,8635,5,2,2,1,1,0.092,world,11.49938445,18.73698446,23.20313849
642.848,ours,1,0,0,0.4,3.289486714,3.639523313,4.861306358,0,5364,8940,5,2,2,1,1,0.024,world,2.134893213,11.43057831,16.61657824
642.848,ab3dmot,1,0,0,0.4,3.310688848,3.639156864,4.858524116,0,5367,8945,5,2,2,1,1,0.108,world,2.127793771,11.42951319,16.61558493
642.848,sort,0.4343986543,66,26,0.2288194444,11.89700067,12.02089516,13.72375367,335,6262,8640,5,2,2,1,1,0.08,world,11.5006553,18.73917814,23.20516231
642.9,ours,1,0,0,0.4,3.289486714,3.639364987,4.861293077,0,5367,8945,5,2,2,1,1,0.02,world,2.138960334,11.43342289,16.6181651
642.9,ab3dmot,1,0,0,0.4,3.310688848,3.638997908,4.858518704,0,5370,8950,5,2,2,1,1,0.092,world,2.131815588,11.43176292,16.61557306
642.9,sort,0.4340336134,66,26,0.22891845,11.89700067,12.02154415,13.72577752,335,6265,8645,5,2,2,1,1,0.124,world,11.4763996,18.73255182,23.20904431
642.956,ours,1,0,0,0.4,3.289486714,3.639207817,4.861279797,0,5370,8950,5,2,2,1,1,0.024,world,2.141038609,11.43467393,16.61844131
642.956,ab3dmot,1,0,0,0.4,3.310688848,3.638840399,4.85851579,0,5373,8955,5,2,2,1,1,0.116,world,2.133889232,11.43264189,16.61483234
642.956,sort,0.4336691856,66,26,0.229017341,11.89700067,12.02218435,13.72897003,335,6268,8650,5,2,2,1,1,0.116,world,11.45211706,18.72545548,23.21090097
643,ours,1,0,0,0.4,3.289486714,3.639053564,4.861269965,0,5373,8955,5,2,2,1,1,0,world,2.146000703,11.43643007,16.61721562
643,ab3dmot,1,0,0,0.4,3.310688848,3.638686582,4.858515375,0,5376,8960,5,2,2,1,1,0.096,world,2.139260411,11.43355947,16.61141572
643,sort,0.4333053691,66,26,0.2291161179,11.89700067,12.02282234,13.73150241,335,6271,8655,5,2,2,1,1,0.096,world,11.439268,18.72337443,23.21444209
643.04,ours,1,0,0,0.4,3.289486714,3.63890072,4.861263582,0,5376,8960,5,2,2,1,1,0.008,world,2.148477457,11.43745298,16.61688032
643.04,ab3dmot,1,0,0,0.4,3.310688848,3.638534434,4.858514961,0,5379,8965,5,2,2,1,1,0.104,world,2.141945054,11.43432752,16.61034614
643.04,sort,0.4329421626,66,26,0.2292147806,11.89700067,12.02346323,13.73391711,335,6274,8660,5,2,2,1,1,0.144,world,11.44430657,18.72614949,23.21612524
643.072,ours,1,0,0,0.4,3.289486714,3.638748993,4.861257199,0,5379,8965,5,2,2,1,1,0,world,2.151241896,11.43894366,16.61763448
643.072,ab3dmot,1,0,0,0.4,3.310688848,3.638383536,4.858514546,0,5382,8970,5,2,2,1,1,0.096,world,2.145030355,11.43577609,16.6108713
643.072,sort,0.4325795645,66,26,0.2293133295,11.89700067,12.02409512,13.73483336,335,6277,8665,5,2,2,1,1,0.068,world,11.41953453,18.71887389,23.2177493
643.104,ours,1,0,0,0.4,3.289486714,3.638598654,4.861250816,0,5382,8970,5,2,2,1,1,0,world,2.154947669,11.44043102,16.61831111
643.104,ab3dmot,1,0,0,0.4,3.310688848,3.638234024,4.858514131,0,5385,8975,5,2,2,1,1,0.128,world,2.148748338,11.43726542,16.61154806
643.104,sort,0.4322175732,66,26,0.2294117647,11.89700067,12.02472674,13.73566558,335,6280,8670,5,2,2,1,1,0.064,world,11.41669312,18.71897114,23.2193137
643.18,ours,1,0,0,0.4,3.289486714,3.638450882,4.861244433,0,5385,8975,5,2,2,1,1,0.032,world,2.162229762,11.44334354,16.61962757
643.18,ab3dmot,1,0,0,0.4,3.310688848,3.638086638,4.858513716,0,5388,8980,5,2,2,1,1,0.144,world,2.153978512,11.43992617,16.61268318
643.18,sort,0.4318561873,66,26,0.2295100865,11.89700067,12.02536492,13.73916792,335,6283,8675,5,2,2,1,1,0.152,world,11.4263745,18.72415195,23.22226134
643.256,ours,1,0,0,0.4,3.289486714,3.638305033,4.86123805,0,5388,8980,5,2,2,1,1,0.024,world,2.166855306,11.44593389,16.62083831
643.256,ab3dmot,1,0,0,0.4,3.310688848,3.637941445,4.858513302,0,5391,8985,5,2,2,1,1,0.192,world,2.160608308,11.44295441,16.61458191
643.256,sort,0.4314954052,66,26,0.2296082949,11.89700067,12.02600947,13.74305253,335,6286,8680,5,2,2,1,1,0.224,world,11.43580924,18.72911284,23.22496425
643.304,ours,1,0,0,0.4,3.289486714,3.638159119,4.861231667,0,5391,8985,5,2,2,1,1,0.016,world,2.166040769,11.44735598,16.62275899
643.304,ab3dmot,1,0,0,0.4,3.310688848,3.637796452,4.858512887,0,5394,8990,5,2,2,1,1,0.1,world,2.160875808,11.44447228,16.61638186
643.304,sort,0.4311352254,66,26,0.2297063903,11.89700067,12.0266454,13.74376949,335,6289,8685,5,2,2,1,1,0.1,world,11.4122688,18.72250142,23.22622288
643.372,ours,1,0,0,0.4,3.289486714,3.638015169,4.861225284,0,5394,8990,5,2,2,1,1,0.012,world,2.171268399,11.44999142,16.6238181
643.372,ab3dmot,1,0,0,0.4,3.310688848,3.637653449,4.858512472,0,5397,8995,5,2,2,1,1,0.104,world,2.166809639,11.44735577,16.61779071
643.372,sort,0.4307756464,66,26,0.2298043728,11.89700067,12.02729543,13.74440173,335,6292,8690,5,2,2,1,1,0.108,world,11.44163936,18.73467797,23.22855265
643.436,ours,1,0,0,0.4,3.289486714,3.637873074,4.861218901,0,5397,8995,5,2,2,1,1,0.032,world,2.176018919,11.45247092,16.6245808
643.436,ab3dmot,1,0,0,0.4,3.310688848,3.637512652,4.858512058,0,5400,9000,5,2,2,1,1,0.1,world,2.173043042,11.44995919,16.61866957
643.436,sort,0.4304166667,66,26,0.2299022427,11.89700067,12.02794746,13.74541029,335,6295,8695,5,2,2,1,1,0.1,world,11.44080974,18.73608446,23.23063038
643.5,ours,1,0,0,0.4,3.289486714,3.63773265,4.861212518,0,5400,9000,5,2,2,1,1,0.008,world,2.181119332,11.45518752,16.62642308
643.5,ab3dmot,1,0,0,0.4,3.310688848,3.637373042,4.858508618,0,5403,9005,5,2,2,1,1,0.064,world,2.178577413,11.45349014,16.62217391
643.5,sort,0.4300582848,66,26,0.23,11.89700067,12.02861506,13.74705396,335,6298,8700,5,2,2,1,1,0.096,world,11.47451695,18.74969334,23.2324541
643.6,ours,1,0,0,0.4,3.289486714,3.637593726,4.861200747,0,5403,9005,5,2,2,1,1,0.036,world,2.186478443,11.45813875,16.62837793
643.6,ab3dmot,1,0,0,0.4,3.310688848,3.637234928,4.858502154,0,5406,9010,5,2,2,1,1,0.1,world,2.184826007,11.45681519,16.62456069
643.6,sort,0.4297004992,66,26,0.230097645,11.89700067,12.02929903,13.7474696,335,6301,8705,5,2,2,1,1,0.132,world,11.51054508,18.76413131,23.23402245
643.7,ours,1,0,0,0.4,3.289486714,3.637456988,4.861183588,0,5406,9010,5,2,2,1,1,0.032,world,2.194627791,11.46236102,16.63099189
643.7,ab3dmot,1,0,0,0.4,3.310688848,3.637098811,4.85849569,0,5409,9015,5,2,2,1,1,0.1,world,2.194143976,11.46176666,16.62845852
643.7,sort,0.4293433084,66,26,0.230195178,11.89700067,12.02998283,13.74921128,335,6304,8710,5,2,2,1,1,0.132,world,11.50160164,18.76302043,23.23589448
643.768,ours,1,0,0,0.4,3.289486714,3.637321141,4.861166429,0,5409,9015,5,2,2,1,1,0.02,world,2.199361218,11.46553073,16.63396382
643.768,ab3dmot,1,0,0,0.4,3.310688848,3.636963196,4.858489227,0,5412,9020,5,2,2,1,1,0.1,world,2.199187139,11.46558249,16.63275916
643.768,sort,0.4291649356,66,26,0.2301778543,11.89667212,12.02976347,13.74909898,335,6308,8715,5,1,1,1,1,0.1,world,11.4898699,19.3771252,24.24799045
643.82,ours,1,0,0,0.4,3.289486714,3.637185118,4.86114927,0,5412,9020,5,2,2,1,1,0.02,world,2.200612258,11.46756616,16.63620158
643.82,ab3dmot,1,0,0,0.4,3.310688848,3.636827724,4.858482763,0,5415,9025,5,2,2,1,1,0.088,world,2.200820693,11.46732806,16.63461953
643.82,sort,0.428986711,66,26,0.2301605505,11.89636472,12.02954041,13.74898669,335,6312,8720,5,1,1,1,1,0.088,world,11.48008064,19.41219903,24.30802774
643.864,ours,1,0,0,0.4,3.289486714,3.637050865,4.861132111,0,5415,9025,5,2,2,1,1,0.02,world,2.205699299,11.46946986,16.63697735
643.864,ab3dmot,1,0,0,0.4,3.310688848,3.63669373,4.858476299,0,5418,9030,5,2,2,1,1,0.096,world,2.205320257,11.46938734,16.63571492
643.864,sort,0.4288086343,66,26,0.2301432665,11.89605733,12.02931687,13.74887439,335,6316,8725,5,1,1,1,1,0.096,world,11.47841826,19.44028314,24.35303662
643.9,ours,1,0,0,0.4,3.289486714,3.636917031,4.861114952,0,5418,9030,5,2,2,1,1,0.008,world,2.207109166,11.47064888,16.63766983
643.9,ab3dmot,1,0,0,0.4,3.310688848,3.636560356,4.858469835,0,5421,9035,5,2,2,1,1,0.068,world,2.206960392,11.47040769,16.63581318
643.9,sort,0.4286307054,66,26,0.2301260023,11.89535488,12.02909223,13.74876209,335,6320,8730,5,1,1,1,1,0.1,world,11.47516695,19.46044469,24.38630072
643.96,ours,1,0,0,0.4,3.289486714,3.636783933,4.861097793,0,5421,9035,5,2,2,1,1,0.028,world,2.208962135,11.47154229,16.63781993
643.96,ab3dmot,1,0,0,0.4,3.310688848,3.636427869,4.858463371,0,5424,9040,5,2,2,1,1,0.128,world,2.209322346,11.47127979,16.63616254
643.96,sort,0.4284529241,66,26,0.2301087579,11.89465243,12.02886588,13.7486498,335,6324,8735,5,1,1,1,1,0.1,world,11.47039982,19.47900445,24.41661624
644.02,ours,1,0,0,0.4,3.289486714,3.636652781,4.861080634,0,5424,9040,5,2,2,1,1,0.02,world,2.212650992,11.47228649,16.6373051
644.02,ab3dmot,1,0,0,0.4,3.310688848,3.636298514,4.858456907,0,5427,9045,5,2,2,1,1,0.092,world,2.21262877,11.47014267,16.63376035
644.02,sort,0.4282752902,66,26,0.2300915332,11.89422369,12.02864019,13.7485375,335,6328,8740,5,1,1,1,1,0.124,world,11.47159766,19.49334437,24.43747108
644.1,ours,1,0,0,0.4,3.289486714,3.636520167,4.861063476,0,5427,9045,5,2,2,1,1,0,world,2.213610453,11.47619323,16.64659581
644.1,ab3dmot,1,0,0,0.4,3.310688848,3.636164671,4.858450443,0,5430,9050,5,2,2,1,1,0.072,world,2.212364421,11.47772481,16.64949975
644.1,sort,0.4280978036,66,26,0.2300743282,11.89379495,12.02841266,13.74842521,335,6332,8745,5,1,1,1,1,0.104,world,11.46647419,19.50820104,24.46246892
644.196,ours,1,0,0,0.4,3.289486714,3.63638805,4.861046317,0,5430,9050,5,2,2,1,1,0.02,world,2.218403528,11.47986562,16.64858997
644.196,ab3dmot,1,0,0,0.4,3.310688848,3.636032181,4.85844206,0,5433,9055,5,2,2,1,1,0.132,world,2.218311832,11.48069421,16.65015779
644.196,sort,0.427920464,66,26,0.2300571429,11.89324749,12.02818286,13.74831291,335,6336,8750,5,1,1,1,1,0.1,world,11.46027433,19.51668057,24.47852786
644.256,ours,1,0,0,0.4,3.289486714,3.636256878,4.86099047,0,5433,9055,5,2,2,1,1,0.024,world,2.221818126,11.48091228,16.64902666
644.256,ab3dmot,1,0,0,0.4,3.310688848,3.635900636,4.858431756,0,5436,9060,5,2,2,1,1,0.196,world,2.221724881,11.48174068,16.65059453
644.256,sort,0.4277432712,66,26,0.2300399772,11.89270003,12.02794935,13.74820061,335,6340,8755,5,1,1,1,1,0.096,world,11.45036672,19.5160353,24.48215427
644.34,ours,1,0,0,0.4,3.289486714,3.636126954,4.860895935,0,5436,9060,5,2,2,1,1,0.04,world,2.224908545,11.48208381,16.64940263
644.34,ab3dmot,1,0,0,0.4,3.310688848,3.63577034,4.858421453,0,5439,9065,5,2,2,1,1,0.28,world,2.224813655,11.48291219,16.65097055
644.34,sort,0.4275662252,66,26,0.2300228311,11.89231802,12.02771427,13.74808832,335,6344,8760,5,1,1,1,1,0.12,world,11.44593597,19.51353083,24.48127953
644.424,ours,1,0,0,0.4,3.289486714,3.635997947,4.8608014,0,5439,9065,5,2,2,1,1,0.024,world,2.227671051,11.48298512,16.64971856
644.424,ab3dmot,1,0,0,0.4,3.310688848,3.635638332,4.858411149,0,5442,9070,5,2,2,1,1,0.296,world,2.230038287,11.48817029,16.66386504
644.424,sort,0.4273893256,66,26,0.2300057045,11.89193601,12.02747637,13.74797602,335,6348,8765,5,1,1,1,1,0.128,world,11.43826181,19.50783246,24.47683439
644.5,ours,1,0,0,0.4,3.289486714,3.635862353,4.860706865,0,5442,9070,5,2,2,1,1,0.008,world,2.236038481,11.49527504,16.67632846
644.5,ab3dmot,1,0,0,0.4,3.310688848,3.6355021,4.858400846,0,5445,9075,5,2,2,1,1,0.076,world,2.238478329,11.49520486,16.68042877
644.5,sort,0.4272125724,66,26,0.2299885975,11.8916685,12.0272337,13.74786372,335,6352,8770,5,1,1,1,1,0.108,world,11.42564277,19.49803998,24.46876301
644.576,ours,1,0,0,0.4,3.289486714,3.63572634,4.86061233,0,5445,9075,5,2,2,1,1,0.016,world,2.237443616,11.49638327,16.67882244
644.576,ab3dmot,1,0,0,0.4,3.310688848,3.635365027,4.858390542,0,5448,9080,5,2,2,1,1,0.084,world,2.238214758,11.49642027,16.68171899
644.576,sort,0.4270359653,66,26,0.22997151,11.89140099,12.02698506,13.74775143,335,6356,8775,5,1,1,1,1,0.088,world,11.40995596,19.48210181,24.45351058
644.656,ours,1,0,0,0.4,3.289486714,3.635590349,4.860517796,0,5448,9080,5,2,2,1,1,0.04,world,2.239133697,11.49697984,16.6788059
644.656,ab3dmot,1,0,0,0.4,3.310688848,3.63522813,4.858380238,0,5451,9085,5,2,2,1,1,0.096,world,2.241172526,11.4967576,16.68107261
644.656,sort,0.4268595041,66,26,0.2299544419,11.89089168,12.02673445,13.74763913,335,6360,8780,5,1,1,1,1,0.132,world,11.40438774,19.46604469,24.43231155
644.756,ours,1,0,0,0.4,3.289486714,3.635454393,4.860423261,0,5451,9085,5,2,2,1,1,0.056,world,2.24348481,11.49623154,16.67828201
644.756,ab3dmot,1,0,0,0.4,3.310688848,3.635091792,4.858369935,0,5454,9090,5,2,2,1,1,0.1,world,2.246367071,11.49563614,16.67867594
644.756,sort,0.4266831888,66,26,0.2299373933,11.89038237,12.02647921,13.74752684,335,6364,8785,5,1,1,1,1,0.132,world,11.3920695,19.46429378,24.43521193
644.86,ours,1,0,0,0.4,3.289486714,3.63531841,4.860328726,0,5454,9090,5,2,2,1,1,0.052,world,2.247460805,11.49555883,16.67791577
644.86,ab3dmot,1,0,0,0.4,3.310688848,3.634957129,4.858359631,0,5457,9095,5,2,2,1,1,0.104,world,2.25022771,11.49391222,16.67311392
644.86,sort,0.426507019,66,26,0.2299203641,11.8883075,12.026217,13.74750776,335,6368,8790,5,1,1,1,1,0.14,world,11.3736889,19.43306777,24.39773807
644.916,ours,1,0,0,0.4,3.289486714,3.635183475,4.860234191,0,5457,9095,5,2,2,1,1,0.016,world,2.24887406,11.49398381,16.67233015
644.916,ab3dmot,1,0,0,0.4,3.310688848,3.634823485,4.858349328,0,5460,9100,5,2,2,1,1,0.096,world,2.249895077,11.49270923,16.66705991
644.916,sort,0.4261551155,66,27,0.2300170551,11.8883075,12.02688707,13.74943587,335,6371,8795,5,2,2,1,1,0.1,world,11.35445766,18.5655409,22.94687916
644.988,ours,1,0,0,0.4,3.289486714,3.635048015,4.860139656,0,5460,9100,5,2,2,1,1,0.024,world,2.249172729,11.49383532,16.67260566
644.988,ab3dmot,1,0,0,0.4,3.310688848,3.634687597,4.858340691,0,5463,9105,5,2,2,1,1,0.1,world,2.249552225,11.49354691,16.6709912
644.988,sort,0.4258037923,66,27,0.2301136364,11.8883075,12.02755078,13.75055927,335,6374,8800,5,2,2,1,1,0.1,world,11.34070985,18.55792678,22.94391312
645.06,ours,1,0,0,0.4,3.289486714,3.634910839,4.860090812,0,5463,9105,5,2,2,1,1,0.036,world,2.249179243,11.49401286,16.67471141
645.06,ab3dmot,1,0,0,0.4,3.310688848,3.634550419,4.85833372,0,5466,9110,5,2,2,1,1,0.104,world,2.249198235,11.49328397,16.67035967
645.06,sort,0.4254530478,66,27,0.2302101079,11.8883075,12.02820901,13.75245572,335,6377,8805,5,2,2,1,1,0.104,world,11.3295619,18.55214317,22.94077266
645.144,ours,1,0,0,0.4,3.289486714,3.634772154,4.86008766,0,5466,9110,5,2,2,1,1,0.04,world,2.252602917,11.49284851,16.67371673
645.144,ab3dmot,1,0,0,0.4,3.310688848,3.634412259,4.85832675,0,5469,9115,5,2,2,1,1,0.096,world,2.253103172,11.49197418,16.66916743
645.144,sort,0.4251028807,66,27,0.2303064699,11.8883075,12.02886169,13.75497028,335,6380,8810,5,2,2,1,1,0.128,world,11.31862449,18.54636135,22.93746609
645.24,ours,1,0,0,0.4,3.289486714,3.634634267,4.860084507,0,5469,9115,5,2,2,1,1,0.04,world,2.256318358,11.48966317,16.66634095
645.24,ab3dmot,1,0,0,0.4,3.310688848,3.634275839,4.858319779,0,5472,9120,5,2,2,1,1,0.092,world,2.257754447,11.48801726,16.65908696
645.24,sort,0.4247532895,66,27,0.2304027226,11.8883075,12.02950776,13.76493199,335,6383,8815,5,2,2,1,1,0.156,world,11.30589946,18.53895433,22.93221354
645.3,ours,1,0,0,0.4,3.289486714,3.634497046,4.860081354,0,5472,9120,5,2,2,1,1,0,world,2.25690095,11.48773656,16.66211543
645.3,ab3dmot,1,0,0,0.4,3.310688848,3.634140639,4.858312808,0,5475,9125,5,2,2,1,1,0.124,world,2.258682838,11.48570928,16.6535199
645.3,sort,0.4244042728,66,27,0.2304988662,11.8883075,12.03014359,13.77589105,335,6386,8820,5,2,2,1,1,0.092,world,11.28368709,18.52869691,22.92852961
645.388,ours,1,0,0,0.4,3.289486714,3.634359132,4.860078202,0,5475,9125,5,2,2,1,1,0.028,world,2.255198676,11.486865,16.66175323
645.388,ab3dmot,1,0,0,0.4,3.310688848,3.634004745,4.858305838,0,5478,9130,5,2,2,1,1,0.204,world,2.256980729,11.48483767,16.65315722
645.388,sort,0.4242299795,66,27,0.2302549575,11.88623263,12.02989524,13.7758313,337,6390,8825,5,3,1,1,1,0.104,world,11.40941001,18.57687585,22.92471047
645.468,ours,1,0,0,0.4,3.289486714,3.63422042,4.860075049,0,5478,9130,5,2,2,1,1,0.044,world,2.253195021,11.4858762,16.66135393
645.468,ab3dmot,1,0,0,0.4,3.310688848,3.633868049,4.858298867,0,5481,9135,5,2,2,1,1,0.284,world,2.254977488,11.48384892,16.65275741
645.468,sort,0.4240558292,66,27,0.230011325,11.8857924,12.02969716,13.77577156,339,6394,8830,5,3,1,1,1,0.116,world,11.53729964,18.62527429,22.92076538
645.568,ours,1,0,0,0.4,3.289486714,3.634096265,4.860071896,0,5481,9135,5,2,2,1,1,0.052,world,2.271573695,11.47058646,16.61224969
645.568,ab3dmot,1,0,0,0.4,3.310688848,3.633751789,4.858291896,0,5484,9140,5,2,2,1,1,0.092,world,2.28002388,11.46433914,16.58866289
645.568,sort,0.4240558292,66,27,0.2294284097,11.8857924,12.02969716,13.77577156,343,6399,8835,5,4,0,1,1,0.132,world,11.84447628,18.74087106,22.91463216
645.612,ours,1,0,0,0.4,3.289486714,3.63397739,4.860068744,0,5484,9140,5,2,2,1,1,0.012,world,2.277367751,11.46526889,16.59367588
645.612,ab3dmot,1,0,0,0.4,3.310688848,3.633640614,4.858284926,0,5487,9145,5,2,2,1,1,0.096,world,2.283032942,11.45929614,16.57005093
645.612,sort,0.4240558292,66,27,0.2288461538,11.8857924,12.02969716,13.77577156,347,6404,8840,5,4,0,1,1,0.096,world,12.05590777,18.8216122,22.91253504
645.68,ours,1,0,0,0.4,3.289486714,3.633857387,4.860065591,0,5487,9145,5,2,2,1,1,0.028,world,2.274514881,11.4639542,16.5931741
645.68,ab3dmot,1,0,0,0.4,3.310688848,3.6335283,4.858277955,0,5490,9150,5,2,2,1,1,0.164,world,2.28018382,11.45798305,16.56954775
645.68,sort,0.4240558292,66,27,0.2282645562,11.8857924,12.02969716,13.77577156,351,6409,8845,5,4,0,1,1,0.1,world,12.10795018,18.79632023,22.83779589
645.7,ours,1,0,0,0.4,3.289486714,3.633736847,4.860062438,0,5490,9150,5,2,2,1,1,0,world,2.272987239,11.46325866,16.59291237
645.7,ab3dmot,1,0,0,0.4,3.310688848,3.63341544,4.858274387,0,5493,9155,5,2,2,1,1,0.192,world,2.278658321,11.45728842,16.56928531
645.7,sort,0.4240558292,66,27,0.2276836158,11.8857924,12.02969716,13.77577156,355,6414,8850,5,4,0,1,1,0.1,world,12.13432144,18.78159154,22.79504736
645.76,ours,1,0,0,0.4,3.289486714,3.633615748,4.860058366,0,5493,9155,5,2,2,1,1,0.012,world,2.271393511,11.46253833,16.59264378
645.76,ab3dmot,1,0,0,0.4,3.310688848,3.633302014,4.858274222,0,5496,9160,5,2,2,1,1,0.244,world,2.277066914,11.45656908,16.56901601
645.76,sort,0.4240558292,66,27,0.2271033315,11.8857924,12.02969716,13.77577156,359,6419,8855,5,4,0,1,1,0.084,world,12.19367273,18.75294038,22.70695886
645.8,ours,1,0,0,0.4,3.289486714,3.63349407,4.860053374,0,5496,9160,5,2,2,1,1,0,world,2.269734771,11.46179374,16.5923686
645.8,ab3dmot,1,0,0,0.4,3.310688848,3.633187999,4.858274057,0,5499,9165,5,2,2,1,1,0.284,world,2.27541067,11.45582555,16.56874011
645.8,sort,0.4240558292,66,27,0.226523702,11.8857924,12.02969716,13.77577156,363,6424,8860,5,4,0,1,1,0.088,world,12.22086687,18.73874527,22.66455229
645.86,ours,1,0,0,0.4,3.289486714,3.633393979,4.860048382,0,5499,9165,5,2,2,1,1,0.02,world,2.295977923,11.44384356,16.52506155
645.86,ab3dmot,1,0,0,0.4,3.310688848,3.633098693,4.858273892,0,5502,9170,5,2,2,1,1,0.116,world,2.306147081,11.43653887,16.49533446
645.86,sort,0.4240558292,66,27,0.2259447265,11.8857924,12.02969716,13.77577156,367,6429,8865,5,4,0,1,1,0.088,world,12.27972389,18.70934627,22.57505766
645.9,ours,1,0,0,0.4,3.289486714,3.633299584,4.860043389,0,5502,9170,5,2,2,1,1,0.004,world,2.303875891,11.43864374,16.50420838
645.9,ab3dmot,1,0,0,0.4,3.310688848,3.633015013,4.858273727,0,5505,9175,5,2,2,1,1,0.088,world,2.314193889,11.43148088,16.47372484
645.9,sort,0.4240558292,66,27,0.2253664036,11.8857924,12.02969716,13.77577156,371,6434,8870,5,4,0,1,1,0.088,world,12.30764307,18.69564161,22.53297883
645.964,ours,1,0,0,0.4,3.289486714,3.633207216,4.860038397,0,5505,9175,5,2,2,1,1,0.02,world,2.305288805,11.43454844,16.49260278
645.964,ab3dmot,1,0,0,0.4,3.310688848,3.632936491,4.858273562,0,5508,9180,5,2,2,1,1,0.088,world,2.321559093,11.42547264,16.45241329
645.964,sort,0.4240558292,66,27,0.2247887324,11.8857924,12.02969716,13.77577156,375,6439,8875,5,4,0,1,1,0.088,world,12.3680663,18.66730861,22.4442074
646,ours,1,0,0,0.4,3.289486714,3.633121108,4.860033405,0,5508,9180,5,2,2,1,1,0.012,world,2.31494939,11.42904598,16.47123629
646,ab3dmot,1,0,0,0.4,3.310688848,3.632864207,4.858273397,0,5511,9185,5,2,2,1,1,0.056,world,2.330133295,11.42007321,16.42897808
646,sort,0.4240558292,66,27,0.2240990991,11.8857924,12.02969716,13.77577156,380,6444,8880,5,5,0,1,1,0.088,world,12.39670554,18.65410151,22.4024729
646.048,ours,1,0,0,0.4,3.289486714,3.633037591,4.860028413,0,5511,9185,5,2,2,1,1,0.016,world,2.317587257,11.42600593,16.45963853
646.048,ab3dmot,1,0,0,0.4,3.310688848,3.632791142,4.858273232,0,5514,9190,5,2,2,1,1,0.108,world,2.328093765,11.41918677,16.42865924
646.048,sort,0.4240558292,66,27,0.223410242,11.8857924,12.02969716,13.77577156,385,6449,8885,5,5,0,1,1,0.14,world,12.39387974,18.65190295,22.40015025
646.096,ours,1,0,0,0.4,3.289486714,3.632957595,4.860023421,0,5514,9190,5,2,2,1,1,0.02,world,2.322718756,11.42108422,16.44293084
646.096,ab3dmot,1,0,0,0.4,3.310688848,3.632720489,4.858273067,0,5517,9195,5,2,2,1,1,0.088,world,2.332433575,11.41511189,16.4148653
646.096,sort,0.4240558292,66,27,0.2227221597,11.8857924,12.02969716,13.77577156,390,6454,8890,5,5,0,1,1,0.092,world,11.53478954,18.60537311,22.88117345
646.132,ours,1,0,0,0.4,3.289486714,3.632878996,4.860018429,0,5517,9195,5,2,2,1,1,0.024,world,2.326313569,11.41924178,16.4388389
646.132,ab3dmot,1,0,0,0.4,3.310688848,3.632650405,4.858272902,0,5520,9200,5,2,2,1,1,0.092,world,2.335837795,11.41399021,16.4143477
646.132,sort,0.4240558292,66,27,0.222034851,11.8857924,12.02969716,13.77577156,395,6459,8895,5,5,0,1,1,0.1,world,11.40633625,18.43959794,22.67279411
646.184,ours,1,0,0,0.4,3.289486714,3.632800552,4.860013437,0,5520,9200,5,2,2,1,1,0.008,world,2.326224635,11.41840583,16.43698282
646.184,ab3dmot,1,0,0,0.4,3.310688848,3.632580443,4.85827139,0,5523,9205,5,2,2,1,1,0.08,world,2.333117707,11.41436287,16.41307271
646.184,sort,0.4240558292,66,27,0.2213483146,11.8857924,12.02969716,13.77577156,400,6464,8900,5,5,0,1,1,0.112,world,11.3243151,18.40394863,22.66628182
646.236,ours,1,0,0,0.4,3.289486714,3.632726628,4.860008233,0,5523,9205,5,2,2,1,1,0.028,world,2.331872275,11.41511587,16.42349368
646.236,ab3dmot,1,0,0,0.4,3.310688848,3.632512894,4.858268532,0,5526,9210,5,2,2,1,1,0.096,world,2.338119416,11.41174791,16.40647098
646.236,sort,0.4240558292,66,27,0.2206625491,11.8857924,12.02969716,13.77577156,405,6469,8905,5,5,0,1,1,0.096,world,11.24678112,18.36794863,22.6550824
646.296,ours,1,0,0,0.4,3.289486714,3.632653362,4.860002819,0,5526,9210,5,2,2,1,1,0.012,world,2.333182759,11.41180012,16.41749125
646.296,ab3dmot,1,0,0,0.4,3.310688848,3.632447116,4.858265673,0,5529,9215,5,2,2,1,1,0.088,world,2.345084401,11.40787864,16.39978861
646.296,sort,0.4240558292,66,27,0.2199775533,11.8857924,12.02969716,13.77577156,410,6474,8910,5,5,0,1,1,0.12,world,11.19287857,18.34256421,22.64619836
646.352,ours,1,0,0,0.4,3.289486714,3.632582165,4.859997405,0,5529,9215,5,2,2,1,1,0.012,world,2.33902455,11.40775619,16.40829905
646.352,ab3dmot,1,0,0,0.4,3.310688848,3.632380446,4.858262815,0,5532,9220,5,2,2,1,1,0.116,world,2.344903154,11.40541852,16.39773324
646.352,sort,0.4240558292,66,27,0.2192933259,11.8857924,12.02969716,13.77577156,415,6479,8915,5,5,0,1,1,0.18,world,11.18611551,18.33772181,22.64147098
646.396,ours,1,0,0,0.4,3.289486714,3.632511739,4.859991991,0,5532,9220,5,2,2,1,1,0.012,world,2.341950885,11.40596311,16.40448425
646.396,ab3dmot,1,0,0,0.4,3.310688848,3.632314319,4.858259956,0,5535,9225,5,2,2,1,1,0.092,world,2.350977379,11.40401185,16.39528968
646.396,sort,0.4240558292,66,27,0.2186098655,11.8857924,12.02969716,13.77577156,420,6484,8920,5,5,0,1,1,0.092,world,11.08263923,18.28698605,22.62193803
646.436,ours,1,0,0,0.4,3.289486714,3.632443257,4.859986577,0,5535,9225,5,2,2,1,1,0.032,world,2.348181403,11.40373094,16.39709216
646.436,ab3dmot,1,0,0,0.4,3.310688848,3.632247936,4.858257097,0,5538,9230,5,2,2,1,1,0.1,world,2.352096655,11.40274714,16.39321754
646.436,sort,0.4240558292,66,27,0.2179271709,11.8857924,12.02969716,13.77577156,425,6489,8925,5,5,0,1,1,0.1,world,11.05386217,18.27241549,22.61541432
646.472,ours,1,0,0,0.4,3.289486714,3.63237381,4.859981162,0,5538,9230,5,2,2,1,1,0.008,world,2.345624293,11.40266179,16.39673629
646.472,ab3dmot,1,0,0,0.4,3.310688848,3.632180584,4.858254239,0,5541,9235,5,2,2,1,1,0.136,world,2.349543019,11.40167888,16.39286156
646.472,sort,0.4240558292,66,27,0.2172452408,11.8857924,12.02969716,13.77577156,430,6494,8930,5,5,0,1,1,0.104,world,11.03347412,18.26111074,22.60889371
646.504,ours,1,0,0,0.4,3.289486714,3.632309119,4.859975748,0,5541,9235,5,2,2,1,1,0.004,world,2.358109968,11.39851034,16.37989695
646.504,ab3dmot,1,0,0,0.4,3.310688848,3.632116572,4.85825138,0,5544,9240,5,2,2,1,1,0.064,world,2.360651479,11.39800283,16.37856371
646.504,sort,0.4240558292,66,27,0.2165640739,11.8857924,12.02969716,13.77577156,435,6499,8935,5,5,0,1,1,0.1,world,11.0130638,18.24980028,22.60237735
646.564,ours,1,0,0,0.4,3.289486714,3.632244994,4.859970334,0,5544,9240,5,2,2,1,1,0.004,world,2.358850467,11.39504664,16.37227481
646.564,ab3dmot,1,0,0,0.4,3.310688848,3.632053102,4.858248521,0,5547,9245,5,2,2,1,1,0.092,world,2.361464321,11.39451585,16.37085111
646.564,sort,0.4240558292,66,27,0.2159955257,11.8857924,12.02969716,13.77577156,439,6504,8940,5,4,0,1,1,0.096,world,10.97009745,18.22607147,22.58884156
646.604,ours,1,0,0,0.4,3.289486714,3.632186246,4.85996492,0,5547,9245,5,2,2,1,1,0.004,world,2.369648614,11.39071686,16.35433644
646.604,ab3dmot,1,0,0,0.4,3.310688848,3.63199532,4.858245663,0,5550,9250,5,2,2,1,1,0.064,world,2.37263558,11.38987927,16.35140617
646.604,sort,0.4240558292,66,27,0.2154276132,11.8857924,12.02969716,13.77577156,443,6509,8945,5,4,0,1,1,0.1,world,10.94963721,18.2147535,22.58234476
646.672,ours,1,0,0,0.4,3.289486714,3.632127965,4.859959506,0,5550,9250,5,2,2,1,1,0.016,world,2.369833636,11.38714569,16.34583051
646.672,ab3dmot,1,0,0,0.4,3.310688848,3.631937935,4.858243601,0,5553,9255,5,2,2,1,1,0.1,world,2.372565746,11.38626038,16.34251077
646.672,sort,0.4240558292,66,27,0.2148603352,11.8857924,12.02969716,13.77577156,447,6514,8950,5,4,0,1,1,0.104,world,10.90660308,18.19102658,22.5688581
646.712,ours,1,0,0,0.4,3.289486714,3.632075139,4.859955745,0,5553,9255,5,2,2,1,1,0.008,world,2.375918688,11.38264922,16.32397456
646.712,ab3dmot,1,0,0,0.4,3.310688848,3.63188643,4.858242336,0,5556,9260,5,2,2,1,1,0.076,world,2.377068127,11.38137218,16.31746732
646.712,sort,0.4240558292,66,27,0.2142936907,11.8857924,12.02969716,13.77577156,451,6519,8955,5,4,0,1,1,0.116,world,10.88611284,18.17971317,22.56239084
646.768,ours,1,0,0,0.4,3.289486714,3.632024347,4.859953638,0,5556,9260,5,2,2,1,1,0.008,world,2.37737668,11.38014811,16.31331744
646.768,ab3dmot,1,0,0,0.4,3.310688848,3.631836916,4.858241071,0,5559,9265,5,2,2,1,1,0.096,world,2.377386005,11.37889054,16.30598811
646.768,sort,0.4240558292,66,27,0.2137276786,11.8857924,12.02969716,13.77577156,455,6524,8960,5,4,0,1,1,0.096,world,10.84703217,18.15861889,22.55125152
646.828,ours,1,0,0,0.4,3.289486714,3.631977539,4.859951532,0,5559,9265,5,2,2,1,1,0.028,world,2.378919942,11.37521239,16.29160546
646.828,ab3dmot,1,0,0,0.4,3.310688848,3.631791587,4.858239806,0,5562,9270,5,2,2,1,1,0.096,world,2.376984944,11.37390708,16.28205551
646.828,sort,0.4240558292,66,27,0.2131622978,11.8857924,12.02969716,13.77577156,459,6529,8965,5,4,0,1,1,0.132,world,10.82255127,18.14471547,22.54254492
646.88,ours,1,0,0,0.4,3.289486714,3.631932833,4.859949425,0,5562,9270,5,2,2,1,1,0.012,world,2.380135234,11.37286515,16.28063653
646.88,ab3dmot,1,0,0,0.4,3.310688848,3.631757998,4.858238541,0,5565,9275,5,2,2,1,1,0.044,world,2.387939405,11.36773783,16.24113446
646.88,sort,0.4240558292,66,27,0.2125975474,11.8857924,12.02969716,13.77577156,463,6534,8970,5,4,0,1,1,0.112,world,10.78563168,18.12476809,22.53196802
646.964,ours,1,0,0,0.4,3.289486714,3.631893289,4.859947318,0,5565,9275,5,2,2,1,1,0.032,world,2.382323925,11.36592791,16.25379027
646.964,ab3dmot,1,0,0,0.4,3.310688848,3.631721026,4.858237276,0,5568,9280,5,2,2,1,1,0.128,world,2.37939897,11.36427541,16.2400515
646.964,sort,0.4240558292,66,27,0.2119220056,11.8857924,12.02969716,13.77577156,468,6539,8975,5,5,0,1,1,0.132,world,10.73853125,18.09853946,22.51647392
647.032,ours,1,0,0,0.4,3.289486714,3.631862219,4.859945212,0,5568,9280,5,2,2,1,1,0.032,world,2.391304954,11.35999328,16.2221798
647.032,ab3dmot,1,0,0,0.4,3.310688848,3.631692714,4.858236011,0,5571,9285,5,2,2,1,1,0.096,world,2.38755679,11.35854627,16.20827097
647.032,sort,0.4240558292,66,27,0.211247216,11.8857924,12.02969716,13.77577156,473,6544,8980,5,5,0,1,1,0.132,world,10.6975954,18.07606563,22.50380963
647.132,ours,1,0,0,0.4,3.289486714,3.631832317,4.859943105,0,5571,9285,5,2,2,1,1,0.02,world,2.391846022,11.35764348,16.20967684
647.132,ab3dmot,1,0,0,0.4,3.310688848,3.631664792,4.858234746,0,5574,9290,5,2,2,1,1,0.1,world,2.39031569,11.35807853,16.19742342
647.132,sort,0.4240558292,66,27,0.2106844741,11.8857924,12.02969716,13.77577156,477,6549,8985,5,4,0,1,1,0.136,world,10.63851112,18.04401908,22.48654412
647.232,ours,1,0,0,0.4,3.289486714,3.63180404,4.859940998,0,5574,9290,5,2,2,1,1,0.02,world,2.397678131,11.35475492,16.19498277
647.232,ab3dmot,1,0,0,0.4,3.310688848,3.631637771,4.858233481,0,5577,9295,5,2,2,1,1,0.1,world,2.398710631,11.3561699,16.18773107
647.232,sort,0.4240558292,66,27,0.2101223582,11.8857924,12.02969716,13.77577156,481,6554,8990,5,4,0,1,1,0.132,world,10.57543877,18.00951927,22.46732685
647.296,ours,1,0,0,0.4,3.289486714,3.631780503,4.859938891,0,5577,9295,5,2,2,1,1,0.012,world,2.409875803,11.35211937,16.17691945
647.296,ab3dmot,1,0,0,0.4,3.310688848,3.631614997,4.858232216,0,5580,9300,5,2,2,1,1,0.064,world,2.411702397,11.35364667,16.17191384
647.296,sort,0.4240558292,66,27,0.2094496943,11.8857924,12.02969716,13.77577156,486,6559,8995,5,5,0,1,1,0.1,world,10.51689738,17.97779921,22.45030264
647.38,ours,1,0,0,0.4,3.289486714,3.631759076,4.859936785,0,5580,9300,5,2,2,1,1,0.02,world,2.414709738,11.3493568,16.16507225
647.38,ab3dmot,1,0,0,0.4,3.310688848,3.631593559,4.858226528,0,5583,9305,5,2,2,1,1,0.092,world,2.414427578,11.3510467,16.16187922
647.38,sort,0.4240558292,66,27,0.2088888889,11.8857924,12.02969716,13.77577156,490,6564,9000,5,4,0,1,1,0.124,world,10.47651555,18.68804611,23.73208856
647.46,ours,1,0,0,0.4,3.289486714,3.631738202,4.859925694,0,5583,9305,5,2,2,1,1,0.052,world,2.414823347,11.34561175,16.15344635
647.46,ab3dmot,1,0,0,0.4,3.310688848,3.631572344,4.858216418,0,5586,9310,5,2,2,1,1,0.1,world,2.414111626,11.34743064,16.15146759
647.46,sort,0.4240558292,66,27,0.2083287063,11.8857924,12.02969716,13.77577156,494,6569,9005,5,4,0,1,1,0.136,world,10.43199168,18.67695486,23.74215797
647.56,ours,1,0,0,0.4,3.289486714,3.631721662,4.859905618,0,5586,9310,5,2,2,1,1,0.052,world,2.421515128,11.34257376,16.13366159
647.56,ab3dmot,1,0,0,0.4,3.310688848,3.631556551,4.858206307,0,5589,9315,5,2,2,1,1,0.1,world,2.421047545,11.34345701,16.12960207
647.56,sort,0.4240558292,66,27,0.2077691454,11.8857924,12.02969716,13.77577156,498,6574,9010,5,4,0,1,1,0.136,world,10.37423809,18.66618247,23.76224859
647.648,ours,1,0,0,0.4,3.289486714,3.631710937,4.859885542,0,5589,9315,5,2,2,1,1,0.048,world,2.431242338,11.33746326,16.11114809
647.648,ab3dmot,1,0,0,0.4,3.310688848,3.631543894,4.858196197,0,5592,9320,5,2,2,1,1,0.124,world,2.42618987,11.33862314,16.11437906
647.648,sort,0.4240558292,66,27,0.2072102052,11.8857924,12.02969716,13.77577156,502,6579,9015,5,4,0,1,1,0.124,world,10.31264053,18.65354067,23.78138653
647.708,ours,1,0,0,0.4,3.289486714,3.631710377,4.859865467,0,5592,9320,5,2,2,1,1,0.008,world,2.447145391,11.332909,16.08216034
647.708,ab3dmot,1,0,0,0.4,3.310688848,3.631542875,4.858186086,0,5595,9325,5,2,2,1,1,0.084,world,2.443252247,11.33279695,16.08182164
647.708,sort,0.4240558292,66,27,0.2066518847,11.8857924,12.02969716,13.77577156,506,6584,9020,5,4,0,1,1,0.084,world,10.25992173,18.64571806,23.80353243
647.792,ours,1,0,0,0.4,3.289486714,3.631713469,4.859845391,0,5595,9325,5,2,2,1,1,0.016,world,2.448701366,11.3278878,16.06250795
647.792,ab3dmot,1,0,0,0.4,3.310688848,3.631549973,4.858175976,0,5598,9330,5,2,2,1,1,0.068,world,2.448338511,11.32628291,16.04919202
647.792,sort,0.4240558292,66,27,0.2060941828,11.8857924,12.02969716,13.77577156,510,6589,9025,5,4,0,1,1,0.1,world,10.21652609,18.63578222,23.81497828
647.86,ours,1,0,0,0.4,3.289486714,3.631717951,4.859825316,0,5598,9330,5,2,2,1,1,0.036,world,2.44748692,11.3249904,16.05210135
647.86,ab3dmot,1,0,0,0.4,3.310688848,3.631558765,4.858165866,0,5601,9335,5,2,2,1,1,0.108,world,2.446546105,11.32331932,16.03736743
647.86,sort,0.4240558292,66,27,0.2056478405,11.8857924,12.02969716,13.77577156,513,6594,9030,5,3,0,1,1,0.108,world,29.52084526,39.66368582,46.11136069
647.924,ours,1,0,0,0.4,3.289486714,3.631732293,4.85980524,0,5601,9335,5,2,2,1,1,0.024,world,2.45886608,11.32184916,16.0219773
647.924,ab3dmot,1,0,0,0.4,3.310688848,3.631574256,4.858155755,0,5604,9340,5,2,2,1,1,0.104,world,2.453357648,11.32073291,16.01609052
647.924,sort,0.4240558292,66,27,0.2052019923,11.8857924,12.02969716,13.77577156,516,6599,9035,5,3,0,1,1,0.104,world,29.51858123,39.66209339,46.11036126
648,ours,1,0,0,0.4,3.289486714,3.631751316,4.859785164,0,5604,9340,5,2,2,1,1,0.008,world,2.461484198,11.31729232,16.00048735
648,ab3dmot,1,0,0,0.4,3.310688848,3.631599893,4.858145645,0,5607,9345,5,2,2,1,1,0.076,world,2.462895489,11.31402607,15.98051828
648,sort,0.4240558292,66,27,0.2047566372,11.8857924,12.02969716,13.77577156,519,6604,9040,5,3,0,1,1,0.076,world,29.51184784,39.65742764,46.10746041
648.088,ours,1,0,0,0.4,3.289486714,3.631776729,4.859765089,0,5607,9345,5,2,2,1,1,0.028,world,2.468781503,11.31262246,15.97845357
648.088,ab3dmot,1,0,0,0.4,3.310688848,3.631631875,4.858135534,0,5610,9350,5,2,2,1,1,0.096,world,2.468072162,11.30905052,15.95710834
648.088,sort,0.4240558292,66,27,0.2043117745,11.8857924,12.02969716,13.77577156,522,6609,9045,5,3,0,1,1,0.096,world,29.50741716,39.65441611,46.10561049
648.132,ours,1,0,0,0.4,3.289486714,3.63180932,4.859745013,0,5610,9350,5,2,2,1,1,0.032,world,2.475599857,11.30895909,15.95546153
648.132,ab3dmot,1,0,0,0.4,3.310688848,3.631667127,4.858122144,0,5613,9355,5,2,2,1,1,0.112,world,2.47028177,11.30635533,15.94502352
648.132,sort,0.4240558292,66,27,0.2038674033,11.8857924,12.02969716,13.77577156,525,6614,9050,5,3,0,1,1,0.08,world,29.50522204,39.65294177,46.1047115
648.188,ours,1,0,0,0.4,3.289486714,3.631843737,4.859726881,0,5613,9355,5,2,2,1,1,0.016,world,2.475524412,11.3058035,15.94469998
648.188,ab3dmot,1,0,0,0.4,3.310688848,3.63170615,4.858105474,0,5616,9360,5,2,2,1,1,0.1,world,2.475089774,11.30261955,15.9295153
648.188,sort,0.4240558292,66,27,0.2034235229,11.8857924,12.02969716,13.77577156,528,6619,9055,5,3,0,1,1,0.1,world,29.50087665,39.65005869,46.10296664
648.22,ours,1,0,0,0.4,3.289486714,3.631882316,4.859710692,0,5616,9360,5,2,2,1,1,0.02,world,2.483336855,11.30367445,15.93189148
648.22,ab3dmot,1,0,0,0.4,3.310688848,3.631746427,4.858088804,0,5619,9365,5,2,2,1,1,0.1,world,2.478125647,11.30112131,15.92428879
648.22,sort,0.4240558292,66,27,0.2029801325,11.8857924,12.02969716,13.77577156,531,6624,9060,5,3,0,1,1,0.068,world,29.49872813,39.648651,46.10212124
648.288,ours,1,0,0,0.4,3.289486714,3.631923515,4.859694504,0,5619,9365,5,2,2,1,1,0.016,world,2.491207592,11.30137966,15.92240303
648.288,ab3dmot,1,0,0,0.4,3.310688848,3.631789546,4.858072134,0,5622,9370,5,2,2,1,1,0.068,world,2.497561256,11.29958763,15.91968076
648.288,sort,0.4240558292,66,27,0.2025372311,11.8857924,12.02969716,13.77577156,534,6629,9065,5,3,0,1,1,0.1,world,29.49448361,39.64590587,46.10048553
648.352,ours,1,0,0,0.4,3.289486714,3.6319659,4.859678315,0,5622,9370,5,2,2,1,1,0.036,world,2.497830347,11.30039062,15.91964348
648.352,ab3dmot,1,0,0,0.4,3.310688848,3.631840679,4.858055464,0,5625,9375,5,2,2,1,1,0.064,world,2.520217451,11.29589103,15.90434648
648.352,sort,0.4240558292,66,27,0.2020948181,11.8857924,12.02969716,13.77577156,537,6634,9070,5,3,0,1,1,0.1,world,29.49238926,39.6445694,46.09969564
648.4,ours,1,0,0,0.4,3.289486714,3.632019259,4.859662127,0,5625,9375,5,2,2,1,1,0,world,2.525603492,11.29478772,15.89586204
648.4,ab3dmot,1,0,0,0.4,3.310688848,3.631896804,4.858038794,0,5628,9380,5,2,2,1,1,0.056,world,2.533439954,11.29289994,15.89190968
648.4,sort,0.4240558292,66,27,0.2017630854,11.8857924,12.02969716,13.77577156,539,6639,9075,5,2,0,1,1,0.092,world,29.48826038,39.64197098,46.09817269
648.492,ours,1,0,0,0.4,3.289486714,3.632073705,4.859645938,0,5628,9380,5,2,2,1,1,0.024,world,2.527562684,11.29450335,15.88802515
648.492,ab3dmot,1,0,0,0.4,3.310688848,3.631949816,4.858022124,0,5631,9385,5,2,2,1,1,0.08,world,2.527793046,11.29487114,15.89162393
648.492,sort,0.4240558292,66,27,0.2014317181,11.8857924,12.02969716,13.77577156,541,6644,9080,5,2,0,1,1,0.112,world,29.48421639,39.63947484,46.09672665
648.564,ours,1,0,0,0.4,3.289486714,3.63213145,4.859629749,0,5631,9385,5,2,2,1,1,0.024,world,2.530927097,11.29203166,15.87393372
648.564,ab3dmot,1,0,0,0.4,3.310688848,3.632010789,4.858005454,0,5634,9390,5,2,2,1,1,0.08,world,2.535717384,11.28899741,15.86585452
648.564,sort,0.4240558292,66,27,0.201210787,11.8857924,12.02969716,13.77577156,542,6649,9085,5,1,0,1,1,0.112,world,29.48026323,39.6370843,46.09535876
648.632,ours,1,0,0,0.4,3.289486714,3.632196816,4.859613561,0,5634,9390,5,2,2,1,1,0.032,world,2.543579393,11.28711591,15.85236727
648.632,ab3dmot,1,0,0,0.4,3.310688848,3.632078506,4.857988784,0,5637,9395,5,2,2,1,1,0.084,world,2.540969213,11.2831731,15.84303072
648.632,sort,0.4240558292,66,27,0.200990099,11.8857924,12.02969716,13.77577156,543,6654,9090,5,1,0,1,1,0.124,world,29.47640657,39.63480242,46.09407013
648.7,ours,1,0,0,0.4,3.289486714,3.632269985,4.859597372,0,5637,9395,5,2,2,1,1,0.008,world,2.546636571,11.28067678,15.8249069
648.7,ab3dmot,1,0,0,0.4,3.310688848,3.632155183,4.857972114,0,5640,9400,5,2,2,1,1,0.048,world,2.546112673,11.2756567,15.81382198
648.7,sort,0.4240558292,66,27,0.2007696537,11.8857924,12.02969716,13.77577156,544,6659,9095,5,1,0,1,1,0.116,world,29.47265182,39.63263204,46.09286172
648.756,ours,1,0,0,0.4,3.289486714,3.63234624,4.859581184,0,5640,9400,5,2,2,1,1,0.016,world,2.549286529,11.27806515,15.81470632
648.756,ab3dmot,1,0,0,0.4,3.310688848,3.63223102,4.857957634,0,5643,9405,5,2,2,1,1,0.104,world,2.544147964,11.27496411,15.81370393
648.8,ours,1,0,0,0.4,3.289486714,3.632420944,4.859560504,0,5643,9405,5,2,2,1,1,0.004,world,2.545464838,11.2767287,15.81449276
648.8,ab3dmot,1,0,0,0.4,3.310688848,3.632308521,4.857945344,0,5646,9410,5,2,2,1,1,0.116,world,2.542518602,11.27160539,15.80458112
648.848,ours,1,0,0,0.4,3.289486714,3.632501438,4.859535334,0,5646,9410,5,2,2,1,1,0.004,world,2.549779402,11.27244009,15.79691164
648.848,ab3dmot,1,0,0,0.4,3.310688848,3.632392441,4.857933054,0,5649,9415,5,2,2,1,1,0.1,world,2.545823914,11.26634761,15.78504689
648.912,ours,1,0,0,0.4,3.289486714,3.632591664,4.859510163,0,5649,9415,5,2,2,1,1,0.012,world,2.556260661,11.26473037,15.76750153
648.912,ab3dmot,1,0,0,0.4,3.310688848,3.63248585,4.857920764,0,5652,9420,5,2,2,1,1,0.068,world,2.54795087,11.25799553,15.75473572
649,ours,1,0,0,0.4,3.289486714,3.632690092,4.859484993,0,5652,9420,5,2,2,1,1,0.02,world,2.557004191,11.25735137,15.74040688
649,ab3dmot,1,0,0,0.4,3.310688848,3.632587611,4.857908474,0,5655,9425,5,2,2,1,1,0.052,world,2.545469798,11.24989272,15.72625404
649.088,ours,1,0,0,0.4,3.289486714,3.632793421,4.859459822,0,5655,9425,5,2,2,1,1,0.024,world,2.554668218,11.25120622,15.72125294
649.088,ab3dmot,1,0,0,0.4,3.310688848,3.632693985,4.857896184,0,5658,9430,5,2,2,1,1,0.076,world,2.541498511,11.24354598,15.70777936
649.168,ours,1,0,0,0.4,3.289486714,3.632902361,4.859434652,0,5658,9430,5,2,2,1,1,0.024,world,2.554926527,11.24564657,15.70293245
649.168,ab3dmot,1,0,0,0.4,3.310688848,3.632805994,4.857883893,0,5661,9435,5,2,2,1,1,0.088,world,2.543781471,11.23803265,15.69120053
649.26,ours,1,0,0,0.4,3.289486714,3.633020222,4.859409481,0,5661,9435,5,2,2,1,1,0.044,world,2.561450384,11.23798824,15.67913923
649.26,ab3dmot,1,0,0,0.4,3.310688848,3.632927306,4.857871603,0,5664,9440,5,2,2,1,1,0.08,world,2.552825532,11.23014054,15.66829794
649.308,ours,1,0,0,0.4,3.289486714,3.633146914,4.859384311,0,5664,9440,5,2,2,1,1,0.008,world,2.569972368,11.23041301,15.65714011
649.308,ab3dmot,1,0,0,0.4,3.310688848,3.633053652,4.857859313,0,5667,9445,5,2,2,1,1,0.064,world,2.559356209,11.22522254,15.65639461
649.376,ours,1,0,0,0.4,3.289486714,3.633272527,4.859359141,0,5667,9445,5,2,2,1,1,0.032,world,2.567379807,11.22964071,15.65717794
649.376,ab3dmot,1,0,0,0.4,3.310688848,3.63318182,4.857847023,0,5670,9450,5,2,2,1,1,0.1,world,2.562406551,11.22251756,15.65150246
649.4,ours,1,0,0,0.4,3.289486714,3.633403997,4.85933397,0,5670,9450,5,2,2,1,1,0.004,world,2.5763055,11.22549485,15.64523298
649.4,ab3dmot,1,0,0,0.4,3.310688848,3.633316156,4.857830547,0,5673,9455,5,2,2,1,1,0.056,world,2.57403885,11.2184934,15.6401041
649.472,ours,1,0,0,0.4,3.289486714,3.633537967,4.859317532,0,5673,9455,5,2,2,1,1,0.028,world,2.578994522,11.22248736,15.63810891
649.472,ab3dmot,1,0,0,0.4,3.310688848,3.633452319,4.857809887,0,5676,9460,5,2,2,1,1,0.096,world,2.577423324,11.21605625,15.63525173
649.5,ours,1,0,0,0.4,3.289486714,3.633676897,4.859309825,0,5676,9460,5,2,2,1,1,0,world,2.585902361,11.21837185,15.62693469
649.5,ab3dmot,1,0,0,0.4,3.310688848,3.633592512,4.857789226,0,5679,9465,5,2,2,1,1,0.056,world,2.582927918,11.21259713,15.62565821
649.576,ours,1,0,0,0.4,3.290944811,3.633819772,4.859510163,0,5679,9465,5,2,2,1,1,0.024,world,2.58939915,11.21427448,15.61622815
649.576,ab3dmot,1,0,0,0.4,3.310688848,3.633733541,4.857920764,0,5682,9470,5,2,2,1,1,0.104,world,2.583392612,11.21078971,15.6221273
649.66,ours,1,0,0,0.4,3.291998298,3.633964909,4.859678315,0,5682,9470,5,2,2,1,1,0.036,world,2.591506124,11.21091759,15.60944079
649.66,ab3dmot,1,0,0,0.4,3.310871539,3.633877134,4.858055464,0,5685,9475,5,2,2,1,1,0.092,world,2.588860449,11.20746366,15.6161049
649.744,ours,1,0,0,0.4,3.293907566,3.634112339,4.859845391,0,5685,9475,5,2,2,1,1,0.04,world,2.595324659,11.20816645,15.60434389
649.744,ab3dmot,1,0,0,0.4,3.311119035,3.634020471,4.858175976,0,5688,9480,5,2,2,1,1,0.136,world,2.589355441,11.20661346,15.6163184
649.804,ours,1,0,0,0.4,3.293907566,3.63425907,4.859945212,0,5688,9480,5,2,2,1,1,0.004,world,2.593695218,11.20780895,15.6045763
649.804,ab3dmot,1,0,0,0.4,3.311119035,3.634163114,4.858236011,0,5691,9485,5,2,2,1,1,0.196,world,2.587721683,11.20625463,15.61655041
649.804,sort,0.4238818219,66,28,0.2007692308,11.88535217,12.02904784,13.77571182,544,6663,9100,5,1,1,1,1,0.104,world,10.32680858,17.87351881,22.50515809
649.9,ours,1,0,0,0.4,3.293907566,3.634405171,4.859975748,0,5691,9485,5,2,2,1,1,0.028,world,2.592220847,11.20751925,15.60484074
649.9,ab3dmot,1,0,0,0.4,3.311119035,3.634305132,4.85825138,0,5694,9490,5,2,2,1,1,0.292,world,2.586243241,11.20596368,15.61681443
649.9,sort,0.4237079573,66,28,0.2007688083,11.88525905,12.02839837,13.77565207,544,6667,9105,5,1,1,1,1,0.196,world,10.32499383,17.87324656,22.50651813
649.972,ours,1,0,0,0.4,3.295871019,3.634553682,4.860023421,0,5694,9490,5,2,2,1,1,0.024,world,2.599251566,11.20462849,15.60221522
649.972,ab3dmot,1,0,0,0.4,3.314799882,3.634447277,4.858248521,0,5697,9495,5,2,2,1,1,0.168,world,2.596717135,11.20542698,15.6226086
649.972,sort,0.4235342353,66,28,0.2007683864,11.88516593,12.02774925,13.77559233,544,6671,9110,5,1,1,1,1,0.2,world,10.32455287,17.87304679,22.50708329
650.004,ours,1,0,0,0.4,3.30113955,3.634704029,4.860065591,0,5697,9495,5,2,2,1,1,0.004,world,2.609788628,11.2032136,15.60282996
650.004,ab3dmot,1,0,0,0.4,3.317682668,3.634588386,4.858245663,0,5700,9500,5,2,2,1,1,0.068,world,2.602482708,11.20671455,15.62768526
650.004,sort,0.4233606557,66,28,0.2007679649,11.88458586,12.02710041,13.77553259,544,6675,9115,5,1,1,1,1,0.072,world,10.32393237,17.87305184,22.50784553
650.092,ours,1,0,0,0.4,3.30113955,3.634852927,4.860139656,0,5700,9500,5,2,2,1,1,0.024,world,2.608923015,11.20353358,15.60587681
650.092,ab3dmot,1,0,0,0.4,3.317682668,3.634726867,4.858243601,0,5703,9505,5,2,2,1,1,0.092,world,2.599351018,11.20792107,15.63276073
650.092,sort,0.4231872184,66,28,0.2007675439,11.88400578,12.02645154,13.77547284,544,6679,9120,5,1,1,1,1,0.128,world,10.32245251,17.87331417,22.51035655
650.136,ours,1,0,0,0.4,3.30113955,3.635000337,4.86099047,0,5703,9505,5,2,2,1,1,0,world,2.606831389,11.20403337,15.608592
650.136,ab3dmot,1,0,0,0.4,3.317682668,3.634863434,4.858242336,0,5706,9510,5,2,2,1,1,0.1,world,2.596842916,11.208914,15.63603466
650.136,sort,0.423013923,66,28,0.2007671233,11.88272041,12.02580305,13.77451458,544,6683,9125,5,1,1,1,1,0.1,world,10.32211529,17.8734806,22.51124153
650.2,ours,1,0,0,0.4,3.30113955,3.63514499,4.861183588,0,5706,9510,5,2,2,1,1,0.032,world,2.602700035,11.20520201,15.61368359
650.2,ab3dmot,1,0,0,0.4,3.317682668,3.634996111,4.858241071,0,5709,9515,5,2,2,1,1,0.064,world,2.587366526,11.21077382,15.64122498
650.2,sort,0.4228407695,66,28,0.2007667032,11.88143503,12.02515489,13.77355632,544,6687,9130,5,1,1,1,1,0.1,world,10.32165253,17.87393202,22.51309818
650.268,ours,1,0,0,0.4,3.30113955,3.635289203,4.861257199,0,5709,9515,5,2,2,1,1,0.032,world,2.600174709,11.20514501,15.61371316
650.268,ab3dmot,1,0,0,0.4,3.317682668,3.635127904,4.858239806,0,5712,9520,5,2,2,1,1,0.1,world,2.582515863,11.21101,15.64135555
650.268,sort,0.4226677578,66,28,0.2007662835,11.88125942,12.02450717,13.77259806,544,6691,9135,5,1,1,1,1,0.132,world,10.32147791,17.87453873,22.51506005
650.308,ours,1,0,0,0.4,3.30113955,3.635432057,4.86135948,0,5712,9520,5,2,2,1,1,0.012,world,2.594630585,11.20548331,15.61478279
650.308,ab3dmot,1,0,0,0.4,3.317682668,3.635258713,4.858238541,0,5715,9525,5,2,2,1,1,0.072,world,2.577096252,11.21146577,15.64131016
650.308,sort,0.4224948875,66,28,0.2007658643,11.88108382,12.02385995,13.7716398,544,6695,9140,5,1,1,1,1,0.108,world,10.32150587,17.8748988,22.51607221
650.4,ours,1,0,0,0.4,3.30113955,3.635573856,4.861413582,0,5715,9525,5,2,2,1,1,0.036,world,2.592043996,11.20601169,15.61693504
650.4,ab3dmot,1,0,0,0.4,3.317682668,3.635388633,4.858237276,0,5718,9530,5,2,2,1,1,0.1,world,2.575408214,11.21212642,15.64346018
650.4,sort,0.4223221586,66,28,0.2007654456,11.88106837,12.02321332,13.77068154,544,6699,9145,5,1,1,1,1,0.132,world,10.32176792,17.87573247,22.51817519
650.464,ours,1,0,0,0.4,3.30113955,3.63571435,4.861412197,0,5718,9530,5,2,2,1,1,0.032,world,2.58966744,11.20676516,15.61995616
650.464,ab3dmot,1,0,0,0.4,3.317682668,3.635518069,4.858236011,0,5721,9535,5,2,2,1,1,0.132,world,2.573943205,11.21254853,15.64447295
650.464,sort,0.4221495709,66,28,0.2007650273,11.88105292,12.02256737,13.76972329,544,6703,9150,5,1,1,1,1,0.132,world,10.32231251,17.87671411,22.5203702
650.548,ours,1,0,0,0.4,3.30113955,3.635854782,4.861410811,0,5721,9535,5,2,2,1,1,0.016,world,2.589547983,11.20705642,15.62049313
650.548,ab3dmot,1,0,0,0.4,3.317682668,3.635647457,4.858234746,0,5724,9540,5,2,2,1,1,0.22,world,2.573822684,11.21283946,15.64500914
650.548,sort,0.4219771242,66,28,0.2007646095,11.88051629,12.02192221,13.76876503,544,6707,9155,5,1,1,1,1,0.12,world,10.32314103,17.87784009,22.52264803
650.628,ours,1,0,0,0.4,3.30113955,3.635988984,4.861409425,0,5724,9540,5,2,2,1,1,0.028,world,2.575163254,11.20970574,15.63258785
650.628,ab3dmot,1,0,0,0.4,3.317682668,3.635771249,4.858233481,0,5727,9545,5,2,2,1,1,0.096,world,2.557995875,11.2152116,15.65459364
650.628,sort,0.4218048183,66,28,0.2006550218,11.87997966,12.02127792,13.76780677,545,6711,9160,5,2,1,1,1,0.1,world,10.32424339,17.87910751,22.52500877
650.696,ours,1,0,0,0.4,3.30113955,3.636120894,4.86140804,0,5727,9545,5,2,2,1,1,0.008,world,2.570550546,11.21124506,15.63790726
650.696,ab3dmot,1,0,0,0.4,3.317682668,3.635893164,4.858232216,0,5730,9550,5,2,2,1,1,0.1,world,2.55375632,11.21663412,15.65897646
650.696,sort,0.4216326531,66,28,0.2005455537,11.87981995,12.02063461,13.76684851,546,6715,9165,5,2,1,1,1,0.1,world,10.3256091,17.88051334,22.52745244
650.736,ours,1,0,0,0.4,3.30113955,3.636251498,4.861406654,0,5730,9550,5,2,2,1,1,0.032,world,2.568006655,11.21214466,15.64074206
650.736,ab3dmot,1,0,0,0.4,3.317682668,3.636013966,4.858226528,0,5733,9555,5,2,2,1,1,0.112,world,2.551341211,11.21750133,15.66136734
650.736,sort,0.4214606283,66,28,0.200436205,11.87966024,12.01999206,13.76589025,547,6719,9170,5,2,1,1,1,0.116,world,10.32639092,17.88126687,22.5287023
650.796,ours,1,0,0,0.4,3.30113955,3.636380155,4.861399321,0,5733,9555,5,2,2,1,1,0.012,world,2.565616545,11.21373709,15.64653741
650.796,ab3dmot,1,0,0,0.4,3.317682668,3.636132686,4.858216418,0,5736,9560,5,2,2,1,1,0.1,world,2.546455743,11.21905299,15.66630516
650.796,sort,0.4212887439,66,28,0.2003269755,11.87954605,12.01935062,13.76493199,548,6723,9175,5,2,1,1,1,0.1,world,10.3281494,17.88287274,22.53125478
650.84,ours,1,0,0,0.4,3.30113955,3.63650714,4.861386041,0,5736,9560,5,2,2,1,1,0.028,world,2.560224698,11.21456672,15.64909214
650.84,ab3dmot,1,0,0,0.4,3.317682668,3.636250547,4.858206307,0,5739,9565,5,2,2,1,1,0.116,world,2.544054227,11.21958869,15.66816609
650.84,sort,0.4211169996,66,28,0.2002178649,11.87943186,12.01871,13.76397373,549,6727,9180,5,2,1,1,1,0.116,world,10.32912393,17.88372416,22.53255674
650.896,ours,1,0,0,0.4,3.30113955,3.636631871,4.86137276,0,5739,9565,5,2,2,1,1,0.02,world,2.555848985,11.21621708,15.65499991
650.896,ab3dmot,1,0,0,0.4,3.317682668,3.636366121,4.858196197,0,5742,9570,5,2,2,1,1,0.072,world,2.539248953,11.22108113,15.67442885
650.896,sort,0.4209453953,66,28,0.2001088732,11.8788582,12.01807224,13.76301547,550,6731,9185,5,2,1,1,1,0.104,world,10.33586742,17.89481721,22.56503791
650.968,ours,1,0,0,0.4,3.30113955,3.636754853,4.86135948,0,5742,9570,5,2,2,1,1,0.008,world,2.552815799,11.21754539,15.66032142
650.968,ab3dmot,1,0,0,0.4,3.317682668,3.636480315,4.858186086,0,5745,9575,5,2,2,1,1,0.076,world,2.537111492,11.22194428,15.67927236
650.968,sort,0.4207739308,66,28,0.2,11.87828454,12.01743603,13.76205721,551,6735,9190,5,2,1,1,1,0.112,world,10.33892236,17.89846894,22.57168216
651.052,ours,1,0,0,0.4,3.30113955,3.636875773,4.861346199,0,5745,9575,5,2,2,1,1,0.028,world,2.549401846,11.21892917,15.66655548
651.052,ab3dmot,1,0,0,0.4,3.317682668,3.636594032,4.858175976,0,5748,9580,5,2,2,1,1,0.128,world,2.536780359,11.22271189,15.6822151
651.052,sort,0.4206026059,66,28,0.1998912452,11.87747909,12.01680123,13.76109895,552,6739,9195,5,2,1,1,1,0.2,world,10.34152829,17.90050644,22.5744538
651.108,ours,1,0,0,0.4,3.30113955,3.636993699,4.861332919,0,5748,9580,5,2,2,1,1,0.008,world,2.544092674,11.22051958,15.67507332
651.108,ab3dmot,1,0,0,0.4,3.317682668,3.636705722,4.858165866,0,5751,9585,5,2,2,1,1,0.088,world,2.533225001,11.22357068,15.68895355
651.108,sort,0.4206026059,66,28,0.1994565217,11.87747909,12.01680123,13.76109895,555,6744,9200,5,3,0,1,1,0.088,world,10.34624591,17.90590288,22.58538541
651.2,ours,1,0,0,0.4,3.30113955,3.637110055,4.861319638,0,5751,9585,5,2,2,1,1,0.02,world,2.539944029,11.22159099,15.67983713
651.2,ab3dmot,1,0,0,0.4,3.317682668,3.636816205,4.858155755,0,5754,9590,5,2,2,1,1,0.076,world,2.529102866,11.2239358,15.69321754
651.2,sort,0.4206026059,66,28,0.1990222705,11.87747909,12.01680123,13.76109895,558,6749,9205,5,3,0,1,1,0.108,world,10.35018239,17.90942719,22.59163286
651.292,ours,1,0,0,0.4,3.30113955,3.637225946,4.861306358,0,5754,9590,5,2,2,1,1,0.036,world,2.539360144,11.2229036,15.68432129
651.292,ab3dmot,1,0,0,0.4,3.317682668,3.63692784,4.858145645,0,5757,9595,5,2,2,1,1,0.1,world,2.531880787,11.22429996,15.69476936
651.292,sort,0.4206026059,66,28,0.1985884908,11.87747909,12.01680123,13.76109895,561,6754,9210,5,3,0,1,1,0.132,world,10.35561627,17.91383967,22.59836637
651.356,ours,1,0,0,0.4,3.30113955,3.637341704,4.861293077,0,5757,9595,5,2,2,1,1,0.024,world,2.539755025,11.22353512,15.68746131
651.356,ab3dmot,1,0,0,0.4,3.317682668,3.637040136,4.858135534,0,5760,9600,5,2,2,1,1,0.1,world,2.534565043,11.2244939,15.69671353
651.356,sort,0.4206026059,66,28,0.1981551818,11.87747909,12.01680123,13.76109895,564,6759,9215,5,3,0,1,1,0.1,world,10.85543986,18.134212,22.61354534
651.4,ours,1,0,0,0.4,3.30113955,3.637455941,4.861279797,0,5760,9600,5,2,2,1,1,0.012,world,2.540091415,11.22411367,15.69394268
651.4,ab3dmot,1,0,0,0.4,3.317682668,3.637152069,4.858122144,0,5763,9605,5,2,2,1,1,0.076,world,2.537463217,11.22478619,15.70066602
651.4,sort,0.4206026059,66,28,0.1977223427,11.87747909,12.01680123,13.76109895,567,6764,9220,5,3,0,1,1,0.076,world,11.20075012,18.2917939,22.63297341
651.456,ours,1,0,0,0.4,3.30113955,3.637570792,4.861269965,0,5763,9605,5,2,2,1,1,0.02,world,2.541656559,11.22508521,15.69477437
651.456,ab3dmot,1,0,0,0.4,3.317682668,3.637264204,4.858105474,0,5766,9610,5,2,2,1,1,0.1,world,2.540592989,11.22586436,15.70399668
651.456,sort,0.4206026059,66,28,0.1972899729,11.87747909,12.01680123,13.76109895,570,6769,9225,5,3,0,1,1,0.068,world,11.45603235,18.41144575,22.65379043
651.48,ours,1,0,0,0.4,3.30113955,3.637684078,4.861263582,0,5766,9610,5,2,2,1,1,0.016,world,2.542455137,11.22554894,15.70044813
651.48,ab3dmot,1,0,0,0.4,3.317682668,3.637375239,4.858088804,0,5769,9615,5,2,2,1,1,0.06,world,2.54286727,11.2261855,15.70921713
651.48,sort,0.4206026059,66,28,0.1968580715,11.87747909,12.01680123,13.76109895,573,6774,9230,5,3,0,1,1,0.06,world,11.60999324,18.48398322,22.66601619
651.54,ours,1,0,0,0.4,3.30113955,3.637797379,4.861257199,0,5769,9615,5,2,2,1,1,0.032,world,2.544229619,11.22672862,15.70374961
651.54,ab3dmot,1,0,0,0.4,3.317682668,3.637486929,4.858072134,0,5772,9620,5,2,2,1,1,0.124,world,2.544539467,11.22719858,15.71006419
651.54,sort,0.4206026059,66,28,0.1964266378,11.87747909,12.01680123,13.76109895,576,6779,9235,5,3,0,1,1,0.092,world,11.66603036,18.51174625,22.67455963
651.6,ours,1,0,0,0.4,3.30113955,3.637909945,4.861250816,0,5772,9620,5,2,2,1,1,0.012,world,2.546045762,11.22825147,15.70962497
651.6,ab3dmot,1,0,0,0.4,3.317682668,3.637597914,4.858055464,0,5775,9625,5,2,2,1,1,0.08,world,2.548080985,11.22867769,15.71682122
651.6,sort,0.4206026059,66,28,0.195995671,11.87747909,12.01680123,13.76109895,579,6784,9240,5,3,0,1,1,0.08,world,11.82604888,18.59080345,22.6957022
651.676,ours,1,0,0,0.4,3.30113955,3.638022671,4.861244433,0,5775,9625,5,2,2,1,1,0.032,world,2.547848579,11.2294681,15.7123933
651.676,ab3dmot,1,0,0,0.4,3.317682668,3.637709629,4.858038794,0,5778,9630,5,2,2,1,1,0.164,world,2.549958484,11.22976854,15.71769692
651.676,sort,0.4206026059,66,28,0.1955651704,11.87747909,12.01680123,13.76109895,582,6789,9245,5,3,0,1,1,0.168,world,11.83044271,18.59390664,22.69915327
651.744,ours,1,0,0,0.4,3.30113955,3.638135715,4.86123805,0,5778,9630,5,2,2,1,1,0.036,world,2.548825341,11.23002735,15.71283614
651.744,ab3dmot,1,0,0,0.4,3.317682668,3.637821661,4.858022124,0,5781,9635,5,2,2,1,1,0.228,world,2.550934259,11.23032769,15.71813962
651.744,sort,0.4206026059,66,28,0.1951351351,11.87747909,12.01680123,13.76109895,585,6794,9250,5,3,0,1,1,0.232,world,11.83269798,18.59548647,22.70088227
651.784,ours,1,0,0,0.4,3.30113955,3.638248359,4.861231667,0,5781,9635,5,2,2,1,1,0,world,2.550461934,11.23140932,15.71765625
651.784,ab3dmot,1,0,0,0.4,3.317682668,3.637933674,4.858005454,0,5784,9640,5,2,2,1,1,0.196,world,2.553276313,11.23155796,15.72206247
651.784,sort,0.4206026059,66,28,0.1945975149,11.87747909,12.01680123,13.76109895,589,6799,9255,5,4,0,1,1,0.096,world,10.38684191,17.94448843,22.64402296
651.8,ours,1,0,0,0.4,3.30113955,3.638360423,4.861225284,0,5784,9640,5,2,2,1,1,0,world,2.550469721,11.23145858,15.71933614
651.8,ab3dmot,1,0,0,0.4,3.317682668,3.638043784,4.857988784,0,5787,9645,5,2,2,1,1,0.148,world,2.553577128,11.2322395,15.72752015
651.8,sort,0.4206026059,66,28,0.1940604752,11.87747909,12.01680123,13.76109895,593,6804,9260,5,4,0,1,1,0.052,world,10.38581519,17.94409799,22.6446551
651.852,ours,1,0,0,0.4,3.30113955,3.638470554,4.861218901,0,5787,9645,5,2,2,1,1,0.012,world,2.551723482,11.23376396,15.72791683
651.852,ab3dmot,1,0,0,0.4,3.317682668,3.638153078,4.857972114,0,5790,9650,5,2,2,1,1,0.164,world,2.555041316,11.23410489,15.73273847
651.852,sort,0.4204314204,66,29,0.1938478144,11.87667365,12.01618408,13.76014069,595,6808,9265,5,3,1,1,1,0.068,world,10.39046265,17.94730006,22.6479424
651.888,ours,1,0,0,0.4,3.30113955,3.638579556,4.861212518,0,5790,9650,5,2,2,1,1,0.024,world,2.549062817,11.233657,15.73037005
651.888,ab3dmot,1,0,0,0.4,3.317682668,3.63826113,4.857957634,0,5793,9655,5,2,2,1,1,0.104,world,2.549435511,11.23365134,15.73444763
651.888,sort,0.4202603743,66,29,0.193635383,11.87658498,12.01556801,13.75918243,597,6812,9270,5,3,1,1,1,0.104,world,10.39219128,17.94708204,22.64609751
651.916,ours,1,0,0,0.4,3.30113955,3.638687915,4.861200747,0,5793,9655,5,2,2,1,1,0.012,world,2.547164818,11.23423959,15.73310429
651.916,ab3dmot,1,0,0,0.4,3.317682668,3.638369189,4.857945344,0,5796,9660,5,2,2,1,1,0.064,world,2.547574907,11.23391965,15.73543217
651.916,sort,0.4200894673,66,29,0.1934231806,11.87649632,12.01495361,13.75822417,599,6816,9275,5,3,1,1,1,0.064,world,10.3955743,17.94869981,22.64652018
651.984,ours,1,0,0,0.4,3.30113955,3.638796773,4.861183588,0,5796,9660,5,2,2,1,1,0.016,world,2.548338047,11.23540458,15.73503546
651.984,ab3dmot,1,0,0,0.4,3.317682668,3.638478109,4.857933054,0,5799,9665,5,2,2,1,1,0.136,world,2.549829299,11.2351465,15.73635101
651.984,sort,0.4199186992,66,29,0.1932112069,11.87606877,12.01434144,13.75726591,601,6820,9280,5,3,1,1,1,0.108,world,10.40061378,17.95186334,22.64947738
652.048,ours,1,0,0,0.4,3.30113955,3.638906521,4.861166429,0,5799,9665,5,2,2,1,1,0.032,world,2.550678069,11.23666083,15.73596239
652.048,ab3dmot,1,0,0,0.4,3.317682668,3.638587916,4.857920764,0,5802,9670,5,2,2,1,1,0.196,world,2.552167664,11.23640247,15.73727787
652.048,sort,0.4197480699,66,29,0.1929994615,11.87564121,12.0137316,13.75630765,603,6824,9285,5,3,1,1,1,0.096,world,10.40588033,17.95508232,22.65230209
652.1,ours,1,0,0,0.4,3.30113955,3.639016663,4.86114927,0,5802,9670,5,2,2,1,1,0.004,world,2.551878434,11.2372993,15.73642849
652.1,ab3dmot,1,0,0,0.4,3.317682668,3.638698119,4.857908474,0,5805,9675,5,2,2,1,1,0.248,world,2.553367184,11.2370408,15.73774393
652.1,sort,0.4195775792,66,29,0.192787944,11.87544417,12.01312319,13.75615905,605,6828,9290,5,3,1,1,1,0.084,world,10.40864606,17.95671211,22.65360649
652.148,ours,1,0,0,0.4,3.30113955,3.639127732,4.861132111,0,5805,9675,5,2,2,1,1,0.016,world,2.554337559,11.23859578,15.7373652
652.148,ab3dmot,1,0,0,0.4,3.317682668,3.638809247,4.857896184,0,5808,9680,5,2,2,1,1,0.3,world,2.555824583,11.23833699,15.73868057
652.148,sort,0.419407227,66,29,0.1925766541,11.87524713,12.01251715,13.75601046,607,6832,9295,5,3,1,1,1,0.072,world,10.41407177,17.9600022,22.65641153
652.2,ours,1,0,0,0.4,3.30113955,3.639239213,4.861114952,0,5808,9680,5,2,2,1,1,0.012,world,2.55559539,11.23925333,15.73783552
652.2,ab3dmot,1,0,0,0.4,3.317682668,3.638920787,4.857883893,0,5811,9685,5,2,2,1,1,0.348,world,2.557081535,11.2389944,15.73915085
652.2,sort,0.419407227,66,29,0.1920430108,11.87524713,12.01251715,13.75601046,611,6837,9300,5,4,0,1,1,0.084,world,10.41681457,17.96166296,22.65781438
652.248,ours,1,0,0,0.4,3.30113955,3.639349553,4.861097793,0,5811,9685,5,2,2,1,1,0.028,world,2.551694889,11.24115421,15.744379
652.248,ab3dmot,1,0,0,0.4,3.317682668,3.639031966,4.857871603,0,5814,9690,5,2,2,1,1,0.1,world,2.552516655,11.24082391,15.74252058
652.248,sort,0.419237013,66,30,0.1918323482,11.87383467,12.01191447,13.75586186,613,6841,9305,5,3,1,1,1,0.1,world,10.42226913,17.9650112,22.66071491
652.3,ours,1,0,0,0.4,3.30113955,3.639460108,4.861080634,0,5814,9690,5,2,2,1,1,0.02,world,2.552406512,11.24200171,15.74527925
652.3,ab3dmot,1,0,0,0.4,3.317682668,3.63914321,4.857859313,0,5817,9695,5,2,2,1,1,0.088,world,2.552797952,11.24220038,15.74345886
652.3,sort,0.4190669371,66,30,0.1916219119,11.87242222,12.01131326,13.75571326,615,6845,9310,5,3,1,1,1,0.088,world,10.42517325,17.96670145,22.66199072
652.348,ours,1,0,0,0.4,3.30113955,3.639570187,4.861063476,0,5817,9695,5,2,2,1,1,0.036,world,2.55227185,11.24339679,15.74795728
652.348,ab3dmot,1,0,0,0.4,3.317682668,3.639254204,4.857847023,0,5820,9700,5,2,2,1,1,0.1,world,2.552978054,11.24352336,15.74549162
652.348,sort,0.4188969992,66,30,0.1914117016,11.87161274,12.01071351,13.75556467,617,6849,9315,5,3,1,1,1,0.104,world,10.42801125,17.96839798,22.66335669
652.4,ours,1,0,0,0.4,3.30113955,3.639679958,4.861046317,0,5820,9700,5,2,2,1,1,0.008,world,2.55359277,11.24584612,15.75205564
652.4,ab3dmot,1,0,0,0.4,3.317682668,3.639363609,4.857835509,0,5823,9705,5,2,2,1,1,0.052,world,2.552410557,11.24717503,15.75210649
652.4,sort,0.418727199,66,30,0.1912017167,11.87080325,12.01011622,13.75541607,619,6853,9320,5,3,1,1,1,0.088,world,10.43371544,17.97181222,22.66609491
652.468,ours,1,0,0,0.4,3.30113955,3.639789675,4.861017724,0,5823,9705,5,2,2,1,1,0.024,world,2.553580522,11.24755493,15.75475232
652.468,ab3dmot,1,0,0,0.4,3.317682668,3.639471041,4.857824772,0,5826,9710,5,2,2,1,1,0.088,world,2.553048963,11.25015442,15.76009498
652.468,sort,0.4185575365,66,30,0.1909919571,11.87001564,12.00952142,13.75526747,621,6857,9325,5,3,1,1,1,0.096,world,10.43949429,17.97488154,22.66878785
652.5,ours,1,0,0,0.4,3.30113955,3.639896434,4.860977696,0,5826,9710,5,2,2,1,1,0.012,world,2.555457782,11.25102428,15.76486258
652.5,ab3dmot,1,0,0,0.4,3.317682668,3.639576852,4.857814035,0,5829,9715,5,2,2,1,1,0.056,world,2.555590124,11.25281425,15.76695327
652.5,sort,0.4183880113,66,30,0.1907824223,11.86922803,12.0089281,13.75511888,623,6861,9330,5,3,1,1,1,0.088,world,10.44239825,17.97697938,22.67012829
652.552,ours,1,0,0,0.4,3.30113955,3.640003337,4.860937669,0,5829,9715,5,2,2,1,1,0.024,world,2.556463845,11.25200515,15.76617197
652.552,ab3dmot,1,0,0,0.4,3.317682668,3.639683129,4.857803298,0,5832,9720,5,2,2,1,1,0.108,world,2.557016655,11.25352261,15.76742734
652.552,sort,0.4182186235,66,30,0.1905731119,11.86894977,12.00833622,13.75497028,625,6865,9335,5,3,1,1,1,0.14,world,10.44521706,17.97870947,22.67156981
652.6,ours,1,0,0,0.4,3.30113955,3.640108415,4.860897641,0,5832,9720,5,2,2,1,1,0.024,world,2.556798032,11.2542013,15.77269568
652.6,ab3dmot,1,0,0,0.4,3.317682668,3.639787232,4.857792561,0,5835,9725,5,2,2,1,1,0.088,world,2.557435872,11.25591125,15.77493936
652.6,sort,0.4180493727,66,30,0.1903640257,11.8686715,12.0077459,13.75482169,627,6869,9340,5,3,1,1,1,0.088,world,10.44835138,17.98045004,22.67265711
652.644,ours,1,0,0,0.4,3.30113955,3.64021424,4.860857614,0,5835,9725,5,2,2,1,1,0.036,world,2.559539473,11.25591877,15.77454127
652.644,ab3dmot,1,0,0,0.4,3.317682668,3.639892296,4.857781824,0,5838,9730,5,2,2,1,1,0.1,world,2.560363675,11.2574982,15.77628763
652.644,sort,0.4178802589,66,30,0.1901551632,11.8683661,12.00715806,13.75467309,629,6873,9345,5,3,1,1,1,0.1,world,10.45413768,17.98393001,22.67538003
652.7,ours,1,0,0,0.4,3.30113955,3.640320368,4.860817586,0,5838,9730,5,2,2,1,1,0.02,world,2.561054544,11.25697292,15.77540783
652.7,ab3dmot,1,0,0,0.4,3.317682668,3.639998236,4.857771087,0,5841,9735,5,2,2,1,1,0.092,world,2.562359429,11.2582053,15.77566555
652.7,sort,0.4177112818,66,30,0.1899465241,11.8680607,12.00657174,13.75452449,631,6877,9350,5,3,1,1,1,0.092,world,10.45718927,17.98567692,22.67656007
652.776,ours,1,0,0,0.4,3.30113955,3.640427553,4.860777559,0,5841,9735,5,2,2,1,1,0.028,world,2.564570246,11.25861623,15.77661731
652.776,ab3dmot,1,0,0,0.4,3.317682668,3.640105987,4.85776035,0,5844,9740,5,2,2,1,1,0.1,world,2.567890342,11.25972556,15.77562583
652.776,sort,0.4175424414,66,30,0.189738108,11.86792862,12.00598796,13.7543759,633,6881,9355,5,3,1,1,1,0.1,world,10.46312901,17.98917159,22.67909264
652.808,ours,1,0,0,0.4,3.30113955,3.640535598,4.860737531,0,5844,9740,5,2,2,1,1,0,world,2.56829571,11.25993933,15.7768528
652.808,ab3dmot,1,0,0,0.4,3.317682668,3.640215065,4.857749613,0,5847,9745,5,2,2,1,1,0.064,world,2.571378428,11.26062184,15.77438116
652.808,sort,0.4173737374,66,30,0.1895299145,11.86779655,12.00540571,13.7542273,635,6885,9360,5,3,1,1,1,0.064,world,10.46620989,17.99092253,22.68022404
652.876,ours,1,0,0,0.4,3.30113955,3.640644734,4.860697503,0,5847,9745,5,2,2,1,1,0.024,world,2.571349428,11.26140324,15.77778506
652.876,ab3dmot,1,0,0,0.4,3.317682668,3.640325234,4.857738876,0,5850,9750,5,2,2,1,1,0.132,world,2.574429014,11.26208508,15.77531354
652.876,sort,0.4172051696,66,30,0.1893219434,11.86711647,12.00482596,13.7540787,637,6889,9365,5,3,1,1,1,0.1,world,10.4720646,17.99441736,22.68280715
652.904,ours,1,0,0,0.4,3.30113955,3.640754361,4.860657476,0,5850,9750,5,2,2,1,1,0,world,2.572890668,11.2621377,15.77824878
652.904,ab3dmot,1,0,0,0.4,3.317682668,3.640435891,4.857728546,0,5853,9755,5,2,2,1,1,0.16,world,2.575968662,11.26281921,15.77577733
652.904,sort,0.417036738,66,30,0.1891141942,11.86643639,12.00424774,13.75393011,639,6893,9370,5,3,1,1,1,0.068,world,10.47514088,17.99616698,22.68391403
652.984,ours,1,0,0,0.4,3.30113955,3.640865089,4.860621253,0,5853,9755,5,2,2,1,1,0.02,world,2.575999615,11.26361055,15.77917077
652.984,ab3dmot,1,0,0,0.4,3.317682668,3.640547583,4.857718622,0,5856,9760,5,2,2,1,1,0.084,world,2.574997398,11.26529215,15.77387505
652.984,sort,0.4168684423,66,30,0.1889066667,11.86639356,12.00367202,13.75378151,641,6897,9375,5,3,1,1,1,0.116,world,10.48101356,17.99965517,22.68640341
653.004,ours,1,0,0,0.4,3.30113955,3.640975538,4.860588836,0,5856,9760,5,2,2,1,1,0.004,world,2.574578369,11.26607901,15.77937831
653.004,ab3dmot,1,0,0,0.4,3.317682668,3.64065948,4.857708698,0,5859,9765,5,2,2,1,1,0.064,world,2.576363599,11.266443,15.77499116
653.004,sort,0.4167002824,67,30,0.1886993603,11.86643639,12.00377362,13.75363292,642,6901,9380,5,2,1,1,1,0.064,world,12.25295177,18.854979,22.86474141
653.072,ours,1,0,0,0.4,3.30113955,3.641086031,4.860556418,0,5859,9765,5,2,2,1,1,0.016,world,2.575622056,11.26732594,15.78068637
653.072,ab3dmot,1,0,0,0.4,3.317682668,3.640771303,4.857698774,0,5862,9770,5,2,2,1,1,0.1,world,2.577199446,11.26774621,15.77653285
653.072,sort,0.4165322581,67,30,0.1885988279,11.86711647,12.00387002,13.75348432,643,6905,9385,5,2,1,1,1,0.1,world,12.24051076,18.85058248,22.86620675
653.104,ours,1,0,0,0.4,3.30113955,3.641196011,4.860524001,0,5862,9770,5,2,2,1,1,0.004,world,2.575953421,11.26901991,15.78291305
653.104,ab3dmot,1,0,0,0.4,3.317682668,3.64088237,4.85768885,0,5865,9775,5,2,2,1,1,0.064,world,2.577091189,11.26949536,15.77918718
653.104,sort,0.4163643692,67,30,0.1884984026,11.86779655,12.0039634,13.75333572,644,6909,9390,5,2,1,1,1,0.1,world,12.23334629,18.84867465,22.8681184
653.164,ours,1,0,0,0.4,3.30113955,3.6413071,4.860491583,0,5865,9775,5,2,2,1,1,0.024,world,2.579143307,11.27050064,15.78381265
653.164,ab3dmot,1,0,0,0.4,3.317682668,3.640994545,4.857678926,0,5868,9780,5,2,2,1,1,0.124,world,2.580280119,11.27097573,15.78008693
653.164,sort,0.4161966156,67,30,0.1883980841,11.86792862,12.00405906,13.75321001,645,6913,9395,5,2,1,1,1,0.164,world,12.23908424,18.85235183,22.87091009
653.204,ours,1,0,0,0.4,3.30113955,3.641418137,4.860459165,0,5868,9780,5,2,2,1,1,0.004,world,2.580584451,11.27180831,15.78552399
653.204,ab3dmot,1,0,0,0.4,3.317682668,3.641105929,4.857669003,0,5871,9785,5,2,2,1,1,0.1,world,2.581317318,11.27291242,15.7835633
653.204,sort,0.4160289972,67,30,0.1882978723,11.8680607,12.00415038,13.75308429,646,6917,9400,5,2,1,1,1,0.132,world,12.22871671,18.84992493,22.8739609
653.256,ours,1,0,0,0.4,3.30113955,3.64152916,4.860426748,0,5871,9785,5,2,2,1,1,0.016,world,2.582903489,11.27445308,15.78890883
653.256,ab3dmot,1,0,0,0.4,3.317682668,3.641217102,4.857659079,0,5874,9790,5,2,2,1,1,0.088,world,2.583413265,11.27558367,15.78753708
653.256,sort,0.4158615137,67,30,0.1881977671,11.8683661,12.00425139,13.75295858,647,6921,9405,5,2,1,1,1,0.088,world,12.25248918,18.86537626,22.8838488
653.3,ours,1,0,0,0.4,3.30113955,3.641639701,4.86039433,0,5874,9790,5,2,2,1,1,0.012,world,2.584290666,11.27631401,15.79182423
653.3,ab3dmot,1,0,0,0.4,3.317682668,3.641327596,4.857649155,0,5877,9795,5,2,2,1,1,0.064,world,2.584662114,11.27760797,15.79093753
653.3,sort,0.415694165,67,30,0.1880977683,11.8686715,12.00434901,13.75283287,648,6925,9410,5,2,1,1,1,0.096,world,12.24444302,18.86379698,22.88698501
653.316,ours,1,0,0,0.4,3.30113955,3.641749658,4.860361912,0,5877,9795,5,2,2,1,1,0.012,world,2.583847056,11.27684337,15.7926903
653.316,ab3dmot,1,0,0,0.4,3.317682668,3.641437974,4.857639231,0,5880,9800,5,2,2,1,1,0.08,world,2.584662114,11.27760797,15.79093753
653.316,sort,0.4155269509,67,30,0.1879978757,11.86894977,12.00444334,13.75270715,649,6929,9415,5,2,1,1,1,0.084,world,12.23659844,18.85947531,22.8846898
653.396,ours,1,0,0,0.4,3.30113955,3.641860721,4.860329495,0,5880,9800,5,2,2,1,1,0.028,world,2.587098729,11.27831885,15.79355485
653.396,ab3dmot,1,0,0,0.4,3.317682668,3.641549458,4.85760882,0,5883,9805,5,2,2,1,1,0.16,world,2.587913088,11.27908326,15.79180215
653.396,sort,0.4153598713,67,30,0.1878980892,11.86922803,12.0045399,13.75258144,650,6933,9420,5,2,1,1,1,0.164,world,12.24223495,18.86306908,22.88724795
653.412,ours,1,0,0,0.4,3.30113955,3.641972277,4.860302241,0,5883,9805,5,2,2,1,1,0,world,2.588729475,11.27905466,15.79398215
653.412,ab3dmot,1,0,0,0.4,3.317682668,3.641661435,4.857557923,0,5886,9810,5,2,2,1,1,0.176,world,2.589543474,11.27981897,15.79222946
653.412,sort,0.415192926,67,30,0.1877984085,11.87001564,12.00463753,13.75245572,651,6937,9425,5,2,1,1,1,0.176,world,12.24503542,18.8648531,22.88849659
653.468,ours,1,0,0,0.4,3.30113955,3.642083815,4.860280151,0,5886,9810,5,2,2,1,1,0.008,world,2.589712911,11.28033951,15.79532333
653.468,ab3dmot,1,0,0,0.4,3.317682668,3.641773331,4.857507025,0,5889,9815,5,2,2,1,1,0.196,world,2.590334619,11.28110765,15.7936618
653.468,sort,0.4150261149,67,30,0.1876988335,11.87080325,12.00473089,13.75233001,652,6941,9430,5,2,1,1,1,0.196,world,12.23481913,18.86040699,22.88785114
653.524,ours,1,0,0,0.4,3.30113955,3.642195676,4.860258062,0,5889,9815,5,2,2,1,1,0.024,world,2.593395215,11.2828123,15.79818575
653.524,ab3dmot,1,0,0,0.4,3.317682668,3.641886003,4.857456127,0,5892,9820,5,2,2,1,1,0.16,world,2.599547221,11.28360515,15.79806997
653.524,sort,0.4148594378,67,30,0.1875993641,11.87161274,12.00482828,13.7522043,653,6945,9435,5,2,1,1,1,0.096,world,12.2448128,18.87139528,22.89949586
653.572,ours,1,0,0,0.4,3.30113955,3.642308073,4.860235972,0,5892,9820,5,2,2,1,1,0.004,world,2.598872369,11.28412687,15.8002123
653.572,ab3dmot,1,0,0,0.4,3.319819673,3.641999683,4.85740523,0,5895,9825,5,2,2,1,1,0.144,world,2.606756717,11.28458638,15.79992194
653.572,sort,0.4146928944,67,30,0.1875,11.87242222,12.00492362,13.75207858,654,6949,9440,5,2,1,1,1,0.116,world,12.24002331,18.86989219,22.90033055
653.632,ours,1,0,0,0.4,3.302173836,3.642422453,4.860213882,0,5895,9825,5,2,2,1,1,0.02,world,2.611857199,11.28576335,15.80377934
653.632,ab3dmot,1,0,0,0.4,3.325548878,3.642115401,4.857354332,0,5898,9830,5,2,2,1,1,0.132,world,2.618215127,11.28576349,15.80293756
653.632,sort,0.4145264848,67,30,0.1874007411,11.87383467,12.0050194,13.75195287,655,6953,9445,5,2,1,1,1,0.096,world,12.2412797,18.87170089,22.9025077
653.668,ours,1,0,0,0.4,3.304427393,3.642537519,4.860191792,0,5898,9830,5,2,2,1,1,0.02,world,2.616364314,11.28650747,15.80535884
653.668,ab3dmot,1,0,0,0.4,3.330144216,3.642232423,4.857303435,0,5901,9835,5,2,2,1,1,0.1,world,2.627405803,11.2861072,15.80591729
653.668,sort,0.4143602086,67,30,0.1873015873,11.87524713,12.00511409,13.75182715,656,6957,9450,5,2,1,1,1,0.1,world,12.23881204,18.87053382,22.90229431
653.704,ours,1,0,0,0.4,3.309472424,3.642653875,4.860169703,0,5901,9835,5,2,2,1,1,0.008,world,2.626454375,11.2869938,15.8086772
653.704,ab3dmot,1,0,0,0.4,3.334108672,3.642350673,4.857252537,0,5904,9840,5,2,2,1,1,0.072,world,2.635334714,11.28629012,15.80830146
653.704,sort,0.4141940658,67,30,0.1872025383,11.87544417,12.00520825,13.75170144,657,6961,9455,5,2,1,1,1,0.108,world,12.23768774,18.87089522,22.90390637
653.752,ours,1,0,0,0.4,3.310284036,3.642770701,4.860147613,0,5904,9840,5,2,2,1,1,0.02,world,2.628077599,11.28770592,15.80906955
653.752,ab3dmot,1,0,0,0.4,3.334917376,3.642469392,4.857201639,0,5907,9845,5,2,2,1,1,0.12,world,2.636952124,11.28700109,15.80869381
653.752,sort,0.4140280561,67,30,0.1871035941,11.87564121,12.00530341,13.75157572,658,6965,9460,5,2,1,1,1,0.16,world,12.24034203,18.87257851,22.90495856
653.832,ours,1,0,0,0.4,3.314410666,3.642889308,4.860125523,0,5907,9845,5,2,2,1,1,0.028,world,2.636330859,11.28962358,15.81216098
653.832,ab3dmot,1,0,0,0.4,3.339392888,3.642589938,4.857150742,0,5910,9850,5,2,2,1,1,0.1,world,2.645903146,11.28843426,15.81276167
653.832,sort,0.4138621795,67,30,0.1870047544,11.87606877,12.00540017,13.75145001,659,6969,9465,5,2,1,1,1,0.1,world,12.24442163,18.87791935,22.9120007
653.9,ours,1,0,0,0.4,3.317227392,3.643008565,4.860103434,0,5910,9850,5,2,2,1,1,0.02,world,2.641964311,11.29004691,15.81512897
653.9,ab3dmot,1,0,0,0.4,3.341682815,3.642711546,4.857120374,0,5913,9855,5,2,2,1,1,0.068,world,2.650483001,11.28826433,15.81398326
653.9,sort,0.4136964357,67,30,0.186906019,11.87649632,12.00549711,13.7513243,660,6973,9470,5,2,1,1,1,0.1,world,12.24508602,18.87966134,22.91509175
653.972,ours,1,0,0,0.4,3.320135775,3.643129656,4.860090812,0,5913,9855,5,2,2,1,1,0.008,world,2.647781078,11.29077241,15.8150391
653.972,ab3dmot,1,0,0,0.4,3.343635218,3.642834935,4.857110535,0,5916,9860,5,2,2,1,1,0.076,world,2.654387807,11.28883045,15.81298289
653.972,sort,0.4135308247,67,30,0.1868073879,11.87658498,12.00559716,13.75119858,661,6977,9475,5,2,1,1,1,0.076,world,12.252863,18.88628161,22.9208521
654.036,ours,1,0,0,0.4,3.32223895,3.643252192,4.86008766,0,5916,9860,5,2,2,1,1,0.036,world,2.651987428,11.291636,15.81531547
654.036,ab3dmot,1,0,0,0.4,3.345129689,3.642959498,4.857100696,0,5919,9865,5,2,2,1,1,0.112,world,2.657376748,11.28987755,15.81330352
654.036,sort,0.4133653461,67,30,0.1867088608,11.87667365,12.00569952,13.75107287,662,6981,9480,5,2,1,1,1,0.116,world,12.25873752,18.89056724,22.92391187
654.1,ours,1,0,0,0.4,3.324144335,3.643376154,4.860084507,0,5919,9865,5,2,2,1,1,0.008,world,2.655798198,11.29223727,15.81597004
654.1,ab3dmot,1,0,0,0.4,3.34593224,3.643085326,4.857090857,0,5922,9870,5,2,2,1,1,0.072,world,2.658981851,11.29033572,15.81340208
654.1,sort,0.4132,67,30,0.1866104375,11.87747909,12.00580458,13.75094715,663,6985,9485,5,2,1,1,1,0.104,world,12.26552583,18.89606665,22.92834283
654.196,ours,1,0,0,0.4,3.326813401,3.64350188,4.860081354,0,5922,9870,5,2,2,1,1,0.036,world,2.661136329,11.29388357,15.81687463
654.196,ab3dmot,1,0,0,0.4,3.348025831,3.643212985,4.857081018,0,5925,9875,5,2,2,1,1,0.1,world,2.663169033,11.29161078,15.81390024
654.196,sort,0.4130347861,67,30,0.186512118,11.87828454,12.0059136,13.75082144,664,6989,9490,5,2,1,1,1,0.1,world,12.27545017,18.904117,22.9347277
654.284,ours,1,0,0,0.4,3.328353441,3.643628785,4.860078202,0,5925,9875,5,2,2,1,1,0.028,world,2.664216411,11.29465706,15.81754229
654.284,ab3dmot,1,0,0,0.4,3.348412717,3.643341302,4.857071179,0,5928,9880,5,2,2,1,1,0.088,world,2.663942806,11.29249611,15.81561529
654.284,sort,0.4128697042,67,30,0.1864139021,11.8788582,12.00602516,13.75076901,665,6993,9495,5,2,1,1,1,0.124,world,12.2818499,18.90929987,22.93875447
654.36,ours,1,0,0,0.4,3.329411549,3.643756408,4.860075049,0,5928,9880,5,2,2,1,1,0.036,world,2.666332626,11.29556113,15.81944275
654.36,ab3dmot,1,0,0,0.4,3.349007021,3.643469955,4.85706134,0,5931,9885,5,2,2,1,1,0.1,world,2.665131414,11.29379258,15.81737074
654.36,sort,0.4127047543,67,30,0.1863157895,11.87943186,12.00613923,13.75071657,666,6997,9500,5,2,1,1,1,0.132,world,12.2882446,18.9145503,22.9428465
654.424,ours,1,0,0,0.4,3.329411549,3.643882787,4.860071896,0,5931,9885,5,2,2,1,1,0.024,world,2.659406817,11.29766459,15.82143404
654.424,ab3dmot,1,0,0,0.4,3.349007021,3.643596279,4.857051501,0,5934,9890,5,2,2,1,1,0.064,world,2.653417117,11.29680319,15.81943136
654.424,sort,0.4125399361,67,30,0.1862177801,11.87954605,12.00625082,13.75066414,667,7001,9505,5,2,1,1,1,0.1,world,12.28236978,18.91329305,22.9460602
654.516,ours,1,0,0,0.4,3.329411549,3.644008381,4.860068744,0,5934,9890,5,2,2,1,1,0.024,world,2.658347606,11.30080499,15.82595575
654.516,ab3dmot,1,0,0,0.4,3.349007021,3.643720894,4.857041662,0,5937,9895,5,2,2,1,1,0.096,world,2.650378857,11.3006723,15.82546903
654.516,sort,0.4123752495,67,30,0.1861198738,11.87966024,12.00636299,13.7506117,668,7005,9510,5,2,1,1,1,0.128,world,12.28402999,18.91608249,22.94963218
654.628,ours,1,0,0,0.4,3.329411549,3.644131208,4.860065591,0,5937,9895,5,2,2,1,1,0.028,world,2.653615602,11.30529454,15.83426592
654.628,ab3dmot,1,0,0,0.4,3.349007021,3.643841355,4.857031823,0,5940,9900,5,2,2,1,1,0.108,world,2.643288578,11.30633836,15.83641125
654.628,sort,0.4122106943,67,30,0.1860220704,11.87981995,12.00647647,13.75055927,669,7009,9515,5,2,1,1,1,0.144,world,12.28745007,18.92192085,22.95710073
654.7,ours,1,0,0,0.4,3.329411549,3.64425024,4.860062438,0,5940,9900,5,2,2,1,1,0.012,world,2.648467572,11.3096092,15.84521307
654.7,ab3dmot,1,0,0,0.4,3.349007021,3.64395689,4.857021117,0,5943,9905,5,2,2,1,1,0.08,world,2.637295563,11.31166759,15.85043644
654.7,sort,0.4120462704,67,30,0.1859243697,11.87997966,12.00659004,13.75050684,670,7013,9520,5,2,1,1,1,0.08,world,12.28791357,18.92674353,22.96518241
654.756,ours,1,0,0,0.4,3.329411549,3.644368205,4.860058366,0,5943,9905,5,2,2,1,1,0,world,2.647800405,11.31116118,15.84902605
654.756,ab3dmot,1,0,0,0.4,3.349007021,3.644069689,4.857009544,0,5946,9910,5,2,2,1,1,0.068,world,2.634971083,11.31454175,15.85907512
654.756,sort,0.4118819777,67,30,0.1858267717,11.88051629,12.00670336,13.7504544,671,7017,9525,5,2,1,1,1,0.1,world,12.28750723,18.92864141,22.96884107
