stamp_sec,method,IDF1,IDSW,Frag,MOTA,MedErr,RMSE,P95,FP,FN,GT,frame_GT,frame_pred,frame_matches,fresh,nonempty,pred_age_sec,pred_frame,min_gt_to_pred,mean_gt_to_pred,p95_gt_to_pred
529.4,ab3dmot,1,0,0,0.2,1.931116961,1.931116961,1.931116961,0,4,5,5,1,1,1,1,0.112,world,1.931116961,13.87929297,19.22267032
529.5,ours,1,0,0,0.2,1.908565122,1.908565122,1.908565122,0,4,5,5,1,1,1,1,0.036,world,1.908565122,13.89029318,19.25259373
529.5,ab3dmot,1,0,0,0.2,1.922798339,1.922816333,1.930285099,0,8,10,5,1,1,1,1,0.08,world,1.914479717,13.88491854,19.24103498
529.588,ours,1,0,0,0.2,1.904768872,1.904772655,1.908185497,0,8,10,5,1,1,1,1,0.024,world,1.900972623,13.8911125,19.25713678
529.588,ab3dmot,1,0,0,0.2,1.914479717,1.912441181,1.929453237,0,12,15,5,1,1,1,1,0.036,world,1.891520158,13.89857049,19.27105672
529.68,ours,1,0,0,0.2,1.900972623,1.899344808,1.907805872,0,12,15,5,1,1,1,1,0.052,world,1.888442312,13.89405382,19.26629366
529.68,ab3dmot,1,0,0,0.2,1.902999937,1.903988836,1.928621374,0,16,20,5,1,1,1,1,0.06,world,1.878403614,13.90275206,19.28394742
529.78,ours,1,0,0,0.2,1.894707467,1.893666866,1.907426247,0,16,20,5,1,1,1,1,0.06,world,1.876529959,13.89844381,19.27887119
529.78,ab3dmot,1,0,0,0.2,1.891520158,1.896598366,1.927789512,0,20,25,5,1,1,1,1,0.096,world,1.866743918,13.90699048,19.29620261
529.872,ours,1,0,0,0.2,1.888442312,1.888353619,1.907046622,0,20,25,5,1,1,1,1,0.048,world,1.866949426,13.90373185,19.29192034
529.872,ab3dmot,1,0,0,0.2,1.884961886,1.888893665,1.92695765,0,24,30,5,1,1,1,1,0.056,world,1.849888877,13.91874715,19.32209323
529.98,ours,1,0,0,0.2,1.882486136,1.881809942,1.906666997,0,24,30,5,1,1,1,1,0.06,world,1.84874417,13.9154792,19.3172849
529.98,ab3dmot,1,0,0,0.2,1.878403614,1.880812624,1.926125788,0,28,35,5,1,1,1,1,0.096,world,1.831577798,13.93040752,19.34647716
530.072,ours,1,0,0,0.2,1.876529959,1.874958467,1.906287372,0,28,35,5,1,1,1,1,0.056,world,1.833311978,13.92695322,19.34219776
530.072,ab3dmot,1,0,0,0.2,1.872573766,1.87352587,1.925293926,0,32,40,5,1,1,1,1,0.088,world,1.821702663,13.93829465,19.36581376
530.164,ours,1,0,0,0.2,1.871739692,1.869119702,1.905907747,0,32,40,5,1,1,1,1,0.052,world,1.827726164,13.93291272,19.3572328
530.164,ab3dmot,1,0,0,0.2,1.866743918,1.867581637,1.924462063,0,36,45,5,1,1,1,1,0.084,world,1.819328738,13.94211672,19.37731015
530.268,ours,1,0,0,0.2,1.866949426,1.864188814,1.905528122,0,36,45,5,1,1,1,1,0.064,world,1.824261964,13.93770037,19.36946535
530.268,ab3dmot,1,0,0,0.2,1.858316398,1.862777558,1.923630201,0,40,50,5,1,1,1,1,0.088,world,1.818969971,13.94378455,19.38287536
530.376,ours,1,0,0,0.2,1.857846798,1.860015633,1.905148497,0,40,50,5,1,1,1,1,0.064,world,1.822026935,13.94173621,19.37808991
530.376,ab3dmot,1,0,0,0.2,1.849888877,1.858740154,1.922798339,0,44,55,5,1,1,1,1,0.096,world,1.817873003,13.94651535,19.38855655
530.476,ours,1,0,0,0.2,1.84874417,1.856431634,1.904768872,0,44,55,5,1,1,1,1,0.064,world,1.82020355,13.94666563,19.38753619
530.476,ab3dmot,1,0,0,0.2,1.840733337,1.855275318,1.921966477,0,48,60,5,1,1,1,1,0.096,world,1.816726042,13.95060668,19.39605072
530.56,ours,1,0,0,0.2,1.841028074,1.853230071,1.904389247,0,48,60,5,1,1,1,1,0.06,world,1.817640727,13.95223291,19.39813614
530.56,ab3dmot,1,0,0,0.2,1.831577798,1.852194756,1.921134614,0,52,65,5,1,1,1,1,0.084,world,1.814820185,13.95553079,19.40529112
530.652,ours,1,0,0,0.2,1.833311978,1.85045653,1.904009622,0,52,65,5,1,1,1,1,0.052,world,1.816843825,13.95933113,19.41133404
530.652,ab3dmot,1,0,0,0.2,1.826640231,1.849623944,1.920302752,0,56,70,5,1,1,1,1,0.108,world,1.815872215,13.9606177,19.41422381
530.724,ours,1,0,0,0.2,1.830519071,1.847981078,1.903629997,0,56,70,5,1,1,1,1,0.032,world,1.815493074,13.96623133,19.42449004
530.724,ab3dmot,1,0,0,0.2,1.821702663,1.84733125,1.91947089,0,60,75,5,1,1,1,1,0.08,world,1.814929461,13.96717341,19.42671986
530.808,ours,1,0,0,0.2,1.827726164,1.845960548,1.903250373,0,60,75,5,1,1,1,1,0.028,world,1.817437281,13.96957084,19.42931524
530.808,ab3dmot,1,0,0,0.2,1.820515701,1.84541259,1.918639028,0,64,80,5,1,1,1,1,0.068,world,1.816389496,13.97037033,19.43065473
530.9,ours,1,0,0,0.2,1.825994064,1.844403708,1.902870748,0,64,80,5,1,1,1,1,0.04,world,1.820891377,13.97467027,19.43560805
530.9,ab3dmot,1,0,0,0.2,1.819328738,1.843821307,1.917807165,0,68,85,5,1,1,1,1,0.06,world,1.818171379,13.97611601,19.43720185
530.972,ours,1,0,0,0.2,1.824261964,1.84314575,1.902491123,0,68,85,5,1,1,1,1,0.032,world,1.822900371,13.97883847,19.44063021
530.972,ab3dmot,1,0,0,0.2,1.820515701,1.842625123,1.916975303,0,72,90,5,1,1,1,1,0.068,world,1.822169864,13.97854045,19.43903033
531.06,ours,1,0,0,0.2,1.825243371,1.842209773,1.902111498,0,72,90,5,1,1,1,1,0.056,world,1.826224778,13.98253544,19.44465079
531.06,ab3dmot,1,0,0,0.2,1.821702663,1.841819974,1.916143441,0,76,95,5,1,1,1,1,0.088,world,1.827266628,13.98005508,19.43835931
531.148,ours,1,0,0,0.2,1.826224778,1.841738535,1.901731873,0,76,95,5,1,1,1,1,0.048,world,1.83323553,13.9868002,19.44726693
531.148,ab3dmot,1,0,0,0.2,1.821936264,1.841474577,1.915311579,0,80,100,5,1,1,1,1,0.108,world,1.834899684,13.9837537,19.43990407
531.264,ours,1,0,0,0.2,1.826975471,1.841810717,1.901352248,0,80,100,5,1,1,1,1,0.06,world,1.843181645,13.99060934,19.4495828
531.264,ab3dmot,1,0,0,0.2,1.822169864,1.841630061,1.914479717,0,84,105,5,1,1,1,1,0.192,world,1.844736982,13.98736369,19.4415189
531.336,ours,1,0,0,0.2,1.827726164,1.842163005,1.900972623,0,84,105,5,1,1,1,1,0.036,world,1.849194671,13.99352801,19.45057568
531.336,ab3dmot,1,0,0,0.2,1.824718246,1.842123812,1.913331739,0,88,110,5,1,1,1,1,0.132,world,1.852462186,13.98744452,19.4356948
531.4,ours,1,0,0,0.2,1.830480847,1.842907378,1.900346107,0,88,110,5,1,1,1,1,0.032,world,1.858470331,13.99243846,19.44213919
531.4,ab3dmot,1,0,0,0.2,1.827266628,1.843097834,1.912183761,0,92,115,5,1,1,1,1,0.1,world,1.864397573,13.98383891,19.42218628
531.48,ours,1,0,0,0.2,1.83323553,1.84402414,1.899719592,0,92,115,5,1,1,1,1,0.044,world,1.868424034,13.99204014,19.43562056
531.48,ab3dmot,1,0,0,0.2,1.829422213,1.844442537,1.911035783,0,96,120,5,1,1,1,1,0.112,world,1.875104586,13.98252015,19.41338877
531.568,ours,1,0,0,0.2,1.833273754,1.845578243,1.899093076,0,96,120,5,1,1,1,1,0.044,world,1.880968261,13.98879596,19.42225494
531.568,ab3dmot,1,0,0,0.2,1.831577798,1.846319066,1.909887805,0,100,125,5,1,1,1,1,0.1,world,1.890797122,13.97625333,19.39356758
531.632,ours,1,0,0,0.2,1.833311978,1.847599437,1.899870423,0,100,125,5,1,1,1,1,0.032,world,1.895461621,13.98420489,19.40582203
531.632,ab3dmot,1,0,0,0.2,1.833238741,1.848574486,1.91188277,0,104,130,5,1,1,1,1,0.1,world,1.904091929,13.97365678,19.38169756
531.732,ours,1,0,0,0.2,1.838246812,1.850171178,1.906666997,0,104,130,5,1,1,1,1,0.06,world,1.913341593,13.98383017,19.39588946
531.732,ab3dmot,1,0,0,0.2,1.834899684,1.851452769,1.921688495,0,108,135,5,1,1,1,1,0.1,world,1.924777972,13.97013281,19.36425416
531.796,ours,1,0,0,0.2,1.843181645,1.852984887,1.911908652,0,108,135,5,1,1,1,1,0.032,world,1.924698089,13.9849088,19.39197572
531.796,ab3dmot,1,0,0,0.2,1.839818333,1.854474605,1.928898315,0,112,140,5,1,1,1,1,0.164,world,1.934280495,13.97363223,19.3661864
531.88,ours,1,0,0,0.2,1.845962907,1.855959969,1.920723315,0,112,140,5,1,1,1,1,0.036,world,1.934558488,13.98851907,19.39394297
531.88,ab3dmot,1,0,0,0.2,1.844736982,1.857636775,1.933015082,0,116,145,5,1,1,1,1,0.248,world,1.944090426,13.97723253,19.36815518
531.96,ours,1,0,0,0.2,1.84874417,1.859411817,1.930614328,0,116,145,5,1,1,1,1,0.06,world,1.953588884,13.97991356,19.36509117
531.96,ab3dmot,1,0,0,0.2,1.84731293,1.861269213,1.939675957,0,120,150,5,1,1,1,1,0.096,world,1.96368919,13.96846456,19.33813671
532.028,ours,1,0,0,0.2,1.848969421,1.863137291,1.945025206,0,120,150,5,1,1,1,1,0.028,world,1.968110791,13.97857713,19.35457773
532.028,ab3dmot,1,0,0,0.2,1.849888877,1.865075563,1.953889808,0,124,155,5,1,1,1,1,0.1,world,1.975859303,13.97004997,19.33471852
532.1,ours,1,0,0,0.2,1.849194671,1.867065084,1.960849837,0,124,155,5,1,1,1,1,0.004,world,1.98128137,13.97940387,19.34934095
532.1,ab3dmot,1,0,0,0.2,1.851175531,1.869037889,1.969165741,0,128,160,5,1,1,1,1,0.072,world,1.987956673,13.97182761,19.33104929
532.192,ours,1,0,0,0.2,1.853832501,1.871300091,1.974037551,0,128,160,5,1,1,1,1,0.032,world,1.998138172,13.98389336,19.34756305
532.192,ab3dmot,1,0,0,0.2,1.852462186,1.873242525,1.980698251,0,132,165,5,1,1,1,1,0.064,world,2.003136328,13.97745495,19.33008767
532.28,ours,1,0,0,0.2,1.858470331,1.875657728,1.988024091,0,132,165,5,1,1,1,1,0.052,world,2.010120428,13.9861308,19.34374124
532.28,ab3dmot,1,0,0,0.2,1.858429879,1.877484299,1.993269552,0,136,170,5,1,1,1,1,0.056,world,2.012453367,13.98189661,19.32915893
532.36,ours,1,0,0,0.2,1.862709878,1.880112121,2.002331962,0,136,170,5,1,1,1,1,0.06,world,2.021608486,13.98864223,19.33892702
532.36,ab3dmot,1,0,0,0.2,1.864397573,1.881819069,2.00593144,0,140,175,5,1,1,1,1,0.136,world,2.023684122,13.98595921,19.33127562
532.448,ours,1,0,0,0.2,1.866949426,1.884829555,2.013566845,0,140,175,5,1,1,1,1,0.048,world,2.038737791,13.99482113,19.34211372
532.448,ab3dmot,1,0,0,0.2,1.865570746,1.886415913,2.015261056,0,144,180,5,1,1,1,1,0.224,world,2.040792632,13.99213315,19.33446278
532.512,ours,1,0,0,0.2,1.86768673,1.889621559,2.025890813,0,144,180,5,1,1,1,1,0.02,world,2.050297822,13.99876922,19.34424001
532.512,ab3dmot,1,0,0,0.2,1.866743918,1.891091732,2.027105824,0,148,185,5,1,1,1,1,0.288,world,2.052338624,13.99607779,19.33658935
532.6,ours,1,0,0,0.2,1.868424034,1.89439874,2.041049797,0,148,185,5,1,1,1,1,0.024,world,2.059008692,14.00285132,19.33353409
532.6,ab3dmot,1,0,0,0.2,1.870924252,1.895627586,2.042524531,0,152,190,5,1,1,1,1,0.076,world,2.056432871,14.00496483,19.33575415
532.6,sort,1,0,0,0.2,13.04968726,13.04968726,13.04968726,0,4,5,5,1,1,1,1,0.108,world,13.04968726,21.6319609,25.51576725
532.676,ours,1,0,0,0.2,1.872476996,1.899247301,2.051604453,0,152,190,5,1,1,1,1,0.02,world,2.070678169,14.00692781,19.33458592
532.676,ab3dmot,1,0,0,0.2,1.875104586,1.900252401,2.052748049,0,156,195,5,1,1,1,1,0.088,world,2.068346776,14.00880191,19.33614637
532.676,sort,1,0,0,0.2,13.05650053,13.05650231,13.06263247,0,8,10,5,1,1,1,1,0.088,world,13.0633138,21.64072588,25.52234785
532.764,ours,1,0,0,0.2,1.876529959,1.904170114,2.06017564,0,156,195,5,1,1,1,1,0.048,world,2.082632289,14.01066002,19.3343087
532.764,ab3dmot,1,0,0,0.2,1.8767541,1.904933464,2.057028567,0,160,200,5,1,1,1,1,0.108,world,2.079291167,14.01368763,19.33894466
532.764,sort,1,0,0,0.2,13.0633138,13.06332642,13.07559895,0,12,15,5,1,1,1,1,0.108,world,13.07696397,21.64939351,25.52874222
532.848,ours,1,0,0,0.2,1.87874911,1.9092816,2.071275875,0,160,200,5,1,1,1,1,0.048,world,2.098942609,14.0180119,19.33817072
532.848,ab3dmot,1,0,0,0.2,1.878403614,1.9098069,2.068346776,0,164,205,5,1,1,1,1,0.128,world,2.095470864,14.02142881,19.34485198
532.848,sort,1,0,0,0.2,13.07013888,13.07185867,13.09435334,0,16,20,5,1,1,1,1,0.128,world,13.09742205,21.66217456,25.53795782
532.9,ours,1,0,0,0.2,1.880968261,1.914243614,2.082632289,0,164,205,5,1,1,1,1,0.012,world,2.103146224,14.02166537,19.34177857
532.9,ab3dmot,1,0,0,0.2,1.884600368,1.91447244,2.078743947,0,168,210,5,1,1,1,1,0.048,world,2.096840517,14.02815452,19.35574291
532.9,sort,1,0,0,0.2,13.07696397,13.07833791,13.10286268,0,20,25,5,1,1,1,1,0.08,world,13.10422283,21.66636761,25.54092355
532.984,ours,1,0,0,0.2,1.884705286,1.919338523,2.098127093,0,168,210,5,1,1,1,1,0.032,world,2.117702117,14.03083044,19.35014557
532.984,ab3dmot,1,0,0,0.2,1.890797122,1.919293553,2.093852895,0,172,215,5,1,1,1,1,0.064,world,2.111865213,14.03702126,19.36389317
532.984,sort,1,0,0,0.2,13.08719301,13.08604638,13.11944632,0,24,30,5,1,1,1,1,0.096,world,13.12452082,21.67871576,25.54948271
533.068,ours,1,0,0,0.2,1.888442312,1.924432333,2.102725862,0,172,215,5,1,1,1,1,0.052,world,2.127387185,14.03685005,19.35546523
533.068,ab3dmot,1,0,0,0.2,1.89115864,1.924123504,2.096635069,0,176,220,5,1,1,1,1,0.084,world,2.121434049,14.04324683,19.36972184
533.068,sort,1,0,0,0.2,13.09742205,13.09347112,13.13390825,0,28,35,5,1,1,1,1,0.116,world,13.13793143,21.68673506,25.55489386
533.144,ours,1,0,0,0.2,1.891951967,1.929500731,2.115518733,0,176,220,5,1,1,1,1,0.044,world,2.136095376,14.04364185,19.36163944
533.144,ab3dmot,1,0,0,0.2,1.891520158,1.928963839,2.108860273,0,180,225,5,1,1,1,1,0.092,world,2.131082304,14.04920672,19.37470698
533.144,sort,1,0,0,0.2,13.10082244,13.10070279,13.14656458,0,32,40,5,1,1,1,1,0.092,world,13.15121319,21.69456568,25.56005728
533.208,ours,1,0,0,0.2,1.895461621,1.934546783,2.125450171,0,180,225,5,1,1,1,1,0.02,world,2.144852305,14.0501433,19.36656938
533.208,ab3dmot,1,0,0,0.2,1.897806044,1.933796739,2.11904184,0,184,230,5,1,1,1,1,0.056,world,2.140010494,14.055511,19.37901324
533.208,sort,1,0,0,0.2,13.10422283,13.10778877,13.15908886,0,36,45,5,1,1,1,1,0.092,world,13.1643393,21.70219232,25.56496357
533.3,ours,1,0,0,0.2,1.898217122,1.93961929,2.133918328,0,184,230,5,1,1,1,1,0.028,world,2.155562819,14.05458829,19.36852809
533.3,ab3dmot,1,0,0,0.2,1.904091929,1.938646065,2.128187828,0,188,235,5,1,1,1,1,0.052,world,2.149923358,14.06046014,19.37970429
533.3,sort,1,0,0,0.2,13.11437183,13.1147548,13.17145854,0,40,50,5,1,1,1,1,0.116,world,13.17728337,21.70960018,25.56960391
533.38,ours,1,0,0,0.2,1.900972623,1.944824007,2.142225226,0,188,235,5,1,1,1,1,0.028,world,2.170792946,14.06161239,19.37189779
533.38,ab3dmot,1,0,0,0.2,1.909285823,1.943664612,2.136885628,0,192,240,5,1,1,1,1,0.064,world,2.166462409,14.06604185,19.37937142
533.38,sort,1,0,0,0.2,13.12452082,13.12218909,13.1867925,0,44,55,5,1,1,1,1,0.096,world,13.19630163,21.72027065,25.576048
533.48,ours,1,0,0,0.2,1.904768872,1.950023602,2.151814139,0,192,240,5,1,1,1,1,0.056,world,2.180462955,14.06623783,19.37227246
533.48,ab3dmot,1,0,0,0.2,1.914479717,1.94868943,2.145958212,0,196,245,5,1,1,1,1,0.1,world,2.176279446,14.07063733,19.38039066
533.48,sort,1,0,0,0.2,13.13122613,13.1294183,13.20187121,0,48,60,5,1,1,1,1,0.132,world,13.20867847,21.72707027,25.57998899
533.556,ours,1,0,0,0.2,1.908565122,1.955301506,2.164700895,0,196,245,5,1,1,1,1,0.056,world,2.193758596,14.07406709,19.37596869
533.556,ab3dmot,1,0,0,0.2,1.919628844,1.953821796,2.159019836,0,200,250,5,1,1,1,1,0.112,world,2.190626922,14.0774423,19.38268242
533.556,sort,1,0,0,0.2,13.13793143,13.13692937,13.2158989,0,52,65,5,1,1,1,1,0.112,world,13.22672955,21.73676657,25.58535151
533.616,ours,1,0,0,0.2,1.910953357,1.960422218,2.176111451,0,200,250,5,1,1,1,1,0.016,world,2.196763214,14.07791054,19.3775653
533.616,ab3dmot,1,0,0,0.2,1.924777972,1.958814892,2.171370928,0,204,255,5,1,1,1,1,0.068,world,2.194029238,14.08083817,19.38298382
533.616,sort,1,0,0,0.2,13.14457231,13.14378591,13.22878337,0,56,70,5,1,1,1,1,0.104,world,13.23259761,21.73985843,25.58698972
533.7,ours,1,0,0,0.2,1.913341593,1.965617909,2.187110776,0,204,255,5,1,1,1,1,0.02,world,2.209881973,14.08501346,19.38153838
533.7,ab3dmot,1,0,0,0.2,1.927947467,1.963864804,2.18273581,0,208,260,5,1,1,1,1,0.056,world,2.20613544,14.08904136,19.38811182
533.7,sort,1,0,0,0.2,13.15121319,13.15087438,13.23773276,0,60,75,5,1,1,1,1,0.12,world,13.24971477,21.74869334,25.59144768
533.784,ours,1,0,0,0.2,1.919019841,1.970765226,2.195110674,0,208,260,5,1,1,1,1,0.024,world,2.217491382,14.09045791,19.38565729
533.784,ab3dmot,1,0,0,0.2,1.931116961,1.968887098,2.191987848,0,212,265,5,1,1,1,1,0.072,world,2.214405352,14.09382472,19.391601
533.784,sort,1,0,0,0.2,13.15777625,13.15776489,13.25245928,0,64,80,5,1,1,1,1,0.14,world,13.2606928,21.75420276,25.59403383
533.896,ours,1,0,0,0.2,1.924698089,1.975971876,2.202010718,0,212,265,5,1,1,1,1,0.044,world,2.230028511,14.09656792,19.38954044
533.896,ab3dmot,1,0,0,0.2,1.932698728,1.973979158,2.198266409,0,216,270,5,1,1,1,1,0.088,world,2.227260912,14.09962288,19.39502392
533.896,sort,1,0,0,0.2,13.1643393,13.16477639,13.26384564,0,68,85,5,1,1,1,1,0.152,world,13.27645697,21.76187152,25.59732575
533.964,ours,1,0,0,0.2,1.929628289,1.981125397,2.212545266,0,216,270,5,1,1,1,1,0.048,world,2.237339061,14.10114048,19.39261903
533.964,ab3dmot,1,0,0,0.2,1.934280495,1.979044152,2.208616414,0,220,275,5,1,1,1,1,0.088,world,2.235577313,14.10310819,19.39648508
533.964,sort,1,0,0,0.2,13.17081133,13.17156657,13.27795871,0,72,90,5,1,1,1,1,0.12,world,13.2864686,21.76657408,25.59912515
534.048,ours,1,0,0,0.2,1.934558488,1.986237051,2.221252521,0,220,275,5,1,1,1,1,0.044,world,2.245049196,14.10472016,19.39338571
534.048,ab3dmot,1,0,0,0.2,1.939185461,1.984091289,2.217619242,0,224,280,5,1,1,1,1,0.104,world,2.244271599,14.10559901,19.39561567
534.048,sort,1,0,0,0.2,13.17728337,13.17814817,13.28742772,0,76,95,5,1,1,1,1,0.104,world,13.29605981,21.77093926,25.60060638
534.12,ours,1,0,0,0.2,1.944073686,1.991331635,2.231856149,0,224,280,5,1,1,1,1,0.02,world,2.253868895,14.10649211,19.39129685
534.12,ab3dmot,1,0,0,0.2,1.944090426,1.989147288,2.228924192,0,228,285,5,1,1,1,1,0.08,world,2.254256804,14.10605923,19.39118556
534.12,sort,1,0,0,0.2,13.1867925,13.18453047,13.29651746,0,80,100,5,1,1,1,1,0.112,world,13.30521268,21.77495982,25.60176855
534.2,ours,1,0,0,0.2,1.953588884,1.996388558,2.238881088,0,228,285,5,1,1,1,1,0.028,world,2.261601322,14.10887303,19.39149836
534.2,ab3dmot,1,0,0,0.2,1.953889808,1.994198075,2.236881456,0,232,290,5,1,1,1,1,0.06,world,2.263539362,14.10669379,19.38767419
534.2,sort,1,0,0,0.2,13.19630163,13.19072019,13.30521268,0,84,105,5,1,1,1,1,0.092,world,13.31391028,21.77862933,25.60261148
534.28,ours,1,0,0,0.2,1.960849837,2.001477519,2.246372151,0,232,290,5,1,1,1,1,0.028,world,2.272790437,14.1116987,19.39092747
534.28,ab3dmot,1,0,0,0.2,1.96368919,1.999277307,2.24527012,0,236,295,5,1,1,1,1,0.076,world,2.274548212,14.10970885,19.3879581
534.364,ours,1,0,0,0.2,1.968110791,2.006515898,2.254642138,0,236,295,5,1,1,1,1,0.06,world,2.279768804,14.11328938,19.39018021
534.364,ab3dmot,1,0,0,0.2,1.969774246,2.004318912,2.254720932,0,240,300,5,1,1,1,1,0.092,world,2.282144337,14.11059094,19.38632465
534.444,ours,1,0,0,0.2,1.97469608,2.011520396,2.262160778,0,240,300,5,1,1,1,1,0.044,world,2.28748799,14.11334157,19.38689633
534.444,ab3dmot,1,0,0,0.2,1.975859303,2.009328532,2.263539362,0,244,305,5,1,1,1,1,0.104,world,2.28993712,14.11055411,19.38324715
534.504,ours,1,0,0,0.2,1.98128137,2.016482971,2.272790437,0,244,305,5,1,1,1,1,0.004,world,2.29468073,14.1132763,19.38369458
534.504,ab3dmot,1,0,0,0.2,1.981907988,2.014323651,2.27399777,0,248,310,5,1,1,1,1,0.068,world,2.298589965,14.10883363,19.37686263
534.6,ours,1,0,0,0.2,1.989709771,2.021396163,2.279419886,0,248,310,5,1,1,1,1,0.032,world,2.301350442,14.1130809,19.38025868
534.6,ab3dmot,1,0,0,0.2,1.987956673,2.019297898,2.281384724,0,252,315,5,1,1,1,1,0.064,world,2.306847644,14.10686264,19.36876776
534.6,sort,0.9545454545,1,0,0.1909090909,13.1867925,13.17084632,13.30475504,0,88,110,5,1,1,1,1,0.128,world,12.74633905,20.54741227,23.91249935
534.668,ours,1,0,0,0.2,1.998138172,2.026256614,2.286716071,0,252,315,5,1,1,1,1,0.032,world,2.30769752,14.1125265,19.37587893
534.668,ab3dmot,1,0,0,0.2,1.995546501,2.024198733,2.288768202,0,256,320,5,1,1,1,1,0.1,world,2.312103098,14.10753444,19.36687169
534.668,sort,0.9130434783,1,0,0.1913043478,13.17728337,13.15289663,13.3042974,0,92,115,5,1,1,1,1,0.1,world,12.75161246,20.5486092,23.91124749
534.76,ours,1,0,0,0.2,2.0041293,2.031097175,2.293601819,0,256,320,5,1,1,1,1,0.052,world,2.315743384,14.11199807,19.36982174
534.76,ab3dmot,1,0,0,0.2,2.003136328,2.029066007,2.296859396,0,260,325,5,1,1,1,1,0.124,world,2.319423037,14.10780659,19.36267115
534.76,sort,0.875,1,0,0.1916666667,13.17081133,13.13669942,13.30383975,0,96,120,5,1,1,1,1,0.124,world,12.75848953,20.54969677,23.90879949
534.832,ours,1,0,0,0.2,2.010120428,2.035866315,2.3000165,0,260,325,5,1,1,1,1,0.032,world,2.320795237,14.111135,19.36404372
534.832,ab3dmot,1,0,0,0.2,2.007794847,2.033857457,2.304783224,0,264,330,5,1,1,1,1,0.096,world,2.324209596,14.10727438,19.35691284
534.832,sort,0.84,1,0,0.192,13.1643393,13.12176408,13.30338211,0,100,125,5,1,1,1,1,0.096,world,12.75807169,20.5407924,23.89414546
534.912,ours,1,0,0,0.2,2.015864457,2.040542746,2.30611075,0,264,330,5,1,1,1,1,0.036,world,2.32441662,14.11104174,19.36166009
534.912,ab3dmot,1,0,0,0.2,2.012453367,2.038595087,2.310526461,0,268,335,5,1,1,1,1,0.08,world,2.330077025,14.10484228,19.34787895
534.912,sort,0.8076923077,1,0,0.1923076923,13.15777625,13.10808196,13.30292447,0,104,130,5,1,1,1,1,0.112,world,12.76126239,20.54039827,23.89147504
534.992,ours,1,0,0,0.2,2.021608486,2.04516114,2.313329625,0,268,335,5,1,1,1,1,0.032,world,2.329820534,14.10832488,19.35278161
534.992,ab3dmot,1,0,0,0.2,2.018068744,2.043256533,2.316861058,0,272,340,5,1,1,1,1,0.092,world,2.334465393,14.10326318,19.34178903
534.992,sort,0.7777777778,1,0,0.1925925926,13.15121319,13.09549489,13.30246682,0,108,135,5,1,1,1,1,0.124,world,12.76387509,20.5396149,23.88849887
535.064,ours,1,0,0,0.2,2.030173139,2.049696503,2.319027089,0,272,340,5,1,1,1,1,0.032,world,2.333571807,14.10664534,19.34717915
535.064,ab3dmot,1,0,0,0.2,2.023684122,2.047834143,2.322294972,0,276,345,5,1,1,1,1,0.1,world,2.338180672,14.10165461,19.33632158
535.064,sort,0.75,1,0,0.1928571429,13.14457231,13.08386741,13.30200918,0,112,140,5,1,1,1,1,0.132,world,12.76592273,20.53847971,23.88527196
535.144,ours,1,0,0,0.2,2.038737791,2.054143397,2.322968067,0,276,345,5,1,1,1,1,0.044,world,2.33676279,14.10539207,19.34219014
535.144,ab3dmot,1,0,0,0.2,2.032238377,2.052294588,2.327436682,0,280,350,5,1,1,1,1,0.112,world,2.339618086,14.10227365,19.33569878
535.144,sort,0.724137931,1,0,0.1931034483,13.13793143,13.07309938,13.30155153,0,116,145,5,1,1,1,1,0.112,world,12.76790795,20.53607738,23.87991228
535.204,ours,1,0,0,0.2,2.044517807,2.058465724,2.327388773,0,280,350,5,1,1,1,1,0.008,world,2.337483269,14.10502707,19.3403852
535.204,ab3dmot,1,0,0,0.2,2.040792632,2.056620501,2.332271209,0,284,355,5,1,1,1,1,0.076,world,2.339641914,14.10272924,19.33515532
535.204,sort,0.7,1,0,0.1933333333,13.13122613,13.0630493,13.30109389,0,120,150,5,1,1,1,1,0.076,world,12.76815638,20.53482979,23.87762879
535.3,ours,1,0,0,0.2,2.050297822,2.062675363,2.33169617,0,284,355,5,1,1,1,1,0.036,world,2.338594816,14.10378091,19.33667432
535.3,ab3dmot,1,0,0,0.2,2.046565628,2.060834651,2.336137269,0,288,360,5,1,1,1,1,0.072,world,2.340726658,14.1014455,19.33193592
535.3,sort,0.6774193548,1,0,0.1935483871,13.12452082,13.05365084,13.30063625,0,124,155,5,1,1,1,1,0.104,world,12.76848046,20.53149678,23.87170815
535.388,ours,1,0,0,0.2,2.054653257,2.066759504,2.335007749,0,288,360,5,1,1,1,1,0.036,world,2.338573018,14.10276507,19.33489182
535.388,ab3dmot,1,0,0,0.2,2.052338624,2.064933738,2.338755638,0,292,365,5,1,1,1,1,0.092,world,2.341283177,14.09970162,19.32940947
535.388,sort,0.65625,1,0,0.19375,13.11437183,13.04481696,13.3001786,0,128,160,5,1,1,1,1,0.124,world,12.76793561,20.52874583,23.86733477
535.46,ours,1,0,0,0.2,2.059008692,2.07073778,2.337050982,0,292,365,5,1,1,1,1,0.048,world,2.339462023,14.09998326,19.33004704
535.46,ab3dmot,1,0,0,0.2,2.054385748,2.068909874,2.339626426,0,296,370,5,1,1,1,1,0.1,world,2.340997474,14.09818088,19.32733929
535.46,sort,0.6363636364,1,0,0.1939393939,13.10422283,13.03648021,13.29972096,0,132,165,5,1,1,1,1,0.132,world,12.76683029,20.52567456,23.86276301
535.532,ours,1,0,0,0.2,2.064843431,2.074599262,2.337864681,0,296,370,5,1,1,1,1,0.036,world,2.339334021,14.09759791,19.32623152
535.532,ab3dmot,1,0,0,0.2,2.056432871,2.07275971,2.339790621,0,300,375,5,1,1,1,1,0.104,world,2.340137604,14.0965681,19.32530649
535.532,sort,0.6176470588,1,0,0.1941176471,13.10082244,13.02857881,13.29926332,0,136,170,5,1,1,1,1,0.104,world,12.76508899,20.5221203,23.85776811
535.6,ours,1,0,0,0.2,2.070678169,2.078337877,2.338499032,0,300,375,5,1,1,1,1,0.008,world,2.338467324,14.09526933,19.32306818
535.6,ab3dmot,1,0,0,0.2,2.062389824,2.076488045,2.339765836,0,304,380,5,1,1,1,1,0.076,world,2.339238453,14.09425542,19.32235139
535.6,sort,0.6,1,0,0.1942857143,13.09742205,13.02106035,13.29880567,0,140,175,5,1,1,1,1,0.076,world,12.76279769,20.5182623,23.85259706
535.692,ours,1,0,0,0.2,2.076655229,2.081917866,2.338493747,0,304,380,5,1,1,1,1,0.032,world,2.334824923,14.09312094,19.32073435
535.692,ab3dmot,1,0,0,0.2,2.068346776,2.080068243,2.339741052,0,308,385,5,1,1,1,1,0.068,world,2.336163992,14.09161005,19.31810582
535.692,sort,0.5833333333,1,0,0.1944444444,13.08719301,13.01383805,13.29834803,0,144,180,5,1,1,1,1,0.1,world,12.75848232,20.51221845,23.84493948
535.792,ours,1,0,0,0.2,2.082632289,2.085335682,2.338488463,0,308,385,5,1,1,1,1,0.052,world,2.330469015,14.0902569,19.31721814
535.792,ab3dmot,1,0,0,0.2,2.073818971,2.083470742,2.339716267,0,312,390,5,1,1,1,1,0.1,world,2.330593509,14.09010823,19.31701601
535.792,sort,0.5675675676,1,0,0.1945945946,13.07696397,13.00685597,13.29789039,0,148,185,5,1,1,1,1,0.132,world,12.75295539,20.50550739,23.83689942
535.86,ours,1,0,0,0.2,2.090787449,2.088603556,2.338483178,0,312,390,5,1,1,1,1,0.06,world,2.326486065,14.08890839,19.31549829
535.86,ab3dmot,1,0,0,0.2,2.079291167,2.08671549,2.339691483,0,316,395,5,1,1,1,1,0.104,world,2.325901023,14.08956568,19.31665486
535.86,sort,0.5526315789,1,0,0.1947368421,13.07013888,13.00012323,13.29743274,0,152,190,5,1,1,1,1,0.104,world,12.74851238,20.5015216,23.8337093
535.956,ours,1,0,0,0.2,2.098942609,2.091714165,2.338477893,0,316,395,5,1,1,1,1,0.056,world,2.321535754,14.08790394,19.31394604
535.956,ab3dmot,1,0,0,0.2,2.087381016,2.089789236,2.339666698,0,320,400,5,1,1,1,1,0.1,world,2.319780734,14.0898613,19.31749057
535.956,sort,0.5384615385,1,0,0.1948717949,13.0633138,12.99360769,13.2969751,0,156,195,5,1,1,1,1,0.1,world,12.74354883,20.49513514,23.82503576
536,ours,1,0,0,0.2,2.101044416,2.094697765,2.338472609,0,320,400,5,1,1,1,1,0.012,world,2.318299903,14.0879906,19.31475023
536,ab3dmot,1,0,0,0.2,2.095470864,2.092738173,2.339641914,0,324,405,5,1,1,1,1,0.112,world,2.316521933,14.08987785,19.3187311
536,sort,0.525,1,0,0.195,13.05650053,12.98734871,13.29651746,0,160,200,5,1,1,1,1,0.08,world,12.74085056,20.49231363,23.82189865
536.096,ours,1,0,0,0.2,2.103146224,2.097491646,2.338467324,0,324,405,5,1,1,1,1,0.036,world,2.310080004,14.08536003,19.31395319
536.096,ab3dmot,1,0,0,0.2,2.096155691,2.095500519,2.339640722,0,328,410,5,1,1,1,1,0.208,world,2.308298287,14.08724689,19.31793443
536.096,sort,0.512195122,1,0,0.1951219512,13.04968726,12.98170561,13.29605981,0,164,205,5,1,1,1,1,0.108,world,12.75393448,20.48757821,23.80193972
536.184,ours,1,0,0,0.2,2.11042417,2.100125408,2.338418121,0,328,410,5,1,1,1,1,0.052,world,2.30348089,14.08403691,19.31479183
536.184,ab3dmot,1,0,0,0.2,2.096840517,2.098110217,2.339639531,0,332,415,5,1,1,1,1,0.064,world,2.302059748,14.08528708,19.31908046
536.184,sort,0.5,1,0,0.1952380952,12.90908386,12.9762257,13.29558025,0,168,210,5,1,1,1,1,0.128,world,12.74952162,20.48270775,23.7959891
536.252,ours,1,0,0,0.2,2.117702117,2.102618929,2.338368919,0,332,415,5,1,1,1,1,0.052,world,2.297898155,14.08094318,19.31302341
536.252,ab3dmot,1,0,0,0.2,2.104352865,2.10057724,2.339638339,0,336,420,5,1,1,1,1,0.1,world,2.296118472,14.08264162,19.3178309
536.252,sort,0.511627907,1,0,0.1953488372,12.76848046,12.97087554,13.29510069,0,172,215,5,1,1,1,1,0.132,world,12.74414062,20.47762049,23.79031814
536.308,ours,1,0,0,0.2,2.122544651,2.104980098,2.338319716,0,336,420,5,1,1,1,1,0.024,world,2.29249519,14.07717843,19.3098012
536.308,ab3dmot,1,0,0,0.2,2.111865213,2.102921784,2.339637148,0,340,425,5,1,1,1,1,0.056,world,2.291314988,14.07819476,19.31348915
536.308,sort,0.5227272727,1,0,0.1954545455,12.76831842,12.96564203,13.29462113,0,176,220,5,1,1,1,1,0.088,world,12.73856738,20.47154754,23.78311532
536.4,ours,1,0,0,0.2,2.127387185,2.10715061,2.338270513,0,340,425,5,1,1,1,1,0.036,world,2.282115676,14.07310873,19.30789793
536.4,ab3dmot,1,0,0,0.2,2.116649631,2.105109585,2.339635957,0,344,430,5,1,1,1,1,0.048,world,2.283423958,14.07133636,19.30698317
536.4,sort,0.5333333333,1,0,0.1955555556,12.76815638,12.96041036,13.29414157,0,180,225,5,1,1,1,1,0.116,world,12.72808787,20.46209071,23.77329367
536.5,ours,1,0,0,0.2,2.13174128,2.109192564,2.33822131,0,344,430,5,1,1,1,1,0.036,world,2.27607279,14.0688024,19.30413751
536.5,ab3dmot,1,0,0,0.2,2.121434049,2.107163437,2.339634765,0,348,435,5,1,1,1,1,0.116,world,2.276874364,14.0675921,19.30427511
536.5,sort,0.5434782609,1,0,0.1956521739,12.768046,12.95526326,13.29366201,0,184,230,5,1,1,1,1,0.116,world,12.72148868,20.45556621,23.76596346
536.58,ours,1,0,0,0.2,2.136095376,2.111123343,2.338172108,0,348,435,5,1,1,1,1,0.052,world,2.271037801,14.06296884,19.29776216
536.58,ab3dmot,1,0,0,0.2,2.126258177,2.109141247,2.339633574,0,352,440,5,1,1,1,1,0.064,world,2.274637091,14.05884837,19.2920239
536.58,sort,0.5531914894,1,0,0.1957446809,12.76793561,12.95018749,13.29318245,0,188,235,5,1,1,1,1,0.096,world,12.71451162,20.44888648,23.75860545
536.648,ours,1,0,0,0.2,2.14047384,2.112947127,2.338122905,0,352,440,5,1,1,1,1,0.048,world,2.266004316,14.05681582,19.29048947
536.648,ab3dmot,1,0,0,0.2,2.131082304,2.110984934,2.339632383,0,356,445,5,1,1,1,1,0.1,world,2.267366252,14.05513865,19.28899488
536.648,sort,0.5625,1,0,0.1958333333,12.76792178,12.94515984,13.29270289,0,192,240,5,1,1,1,1,0.1,world,12.70661691,20.44206855,23.7516903
536.712,ours,1,0,0,0.2,2.144852305,2.114653421,2.338073702,0,356,445,5,1,1,1,1,0.032,world,2.259767561,14.05160208,19.28496193
536.712,ab3dmot,1,0,0,0.2,2.135546399,2.112736634,2.339631191,0,360,450,5,1,1,1,1,0.064,world,2.263214492,14.04777526,19.27924479
536.712,sort,0.5714285714,1,0,0.1959183673,12.76790795,12.94017186,13.29222333,0,196,245,5,1,1,1,1,0.096,world,12.6984446,20.43512449,23.74472277
536.8,ours,1,0,0,0.2,2.150207562,2.116194314,2.338024499,0,360,450,5,1,1,1,1,0.02,world,2.24910976,14.04449301,19.27843622
536.8,ab3dmot,1,0,0,0.2,2.140010494,2.114344116,2.33963,0,364,455,5,1,1,1,1,0.052,world,2.254328499,14.03890514,19.26916112
536.8,sort,0.58,1,0,0.196,12.76736912,12.93511781,13.29174377,0,200,250,5,1,1,1,1,0.12,world,12.68500291,20.42450754,23.73477999
536.88,ours,1,0,0,0.2,2.155562819,2.117622605,2.337975297,0,364,455,5,1,1,1,1,0.024,world,2.242446569,14.038923,19.27264912
536.88,ab3dmot,1,0,0,0.2,2.144966926,2.115834954,2.339628809,0,368,460,5,1,1,1,1,0.068,world,2.247365171,14.03381489,19.26336778
536.88,sort,0.5882352941,1,0,0.1960784314,12.76683029,12.93009793,13.29126421,0,204,255,5,1,1,1,1,0.1,world,12.6765699,20.41731295,23.72745775
536.98,ours,1,0,0,0.2,2.163177882,2.118896155,2.337926094,0,368,460,5,1,1,1,1,0.048,world,2.23174904,14.03142682,19.26455236
536.98,ab3dmot,1,0,0,0.2,2.149923358,2.117158197,2.339627617,0,372,465,5,1,1,1,1,0.1,world,2.235548305,14.02740311,19.25805377
536.98,sort,0.5961538462,1,0,0.1961538462,12.76637651,12.9249975,13.29078464,0,208,260,5,1,1,1,1,0.132,world,12.66215173,20.40900314,23.72058537
537.02,ours,1,0,0,0.2,2.170792946,2.120121909,2.337876891,0,372,465,5,1,1,1,1,0.012,world,2.230010843,14.02613712,19.25837718
537.02,ab3dmot,1,0,0,0.2,2.158192884,2.118419202,2.339626426,0,376,470,5,1,1,1,1,0.076,world,2.232581656,14.02341341,19.25411403
537.02,sort,0.6037735849,1,0,0.1962264151,12.76592273,12.92001772,13.29030508,0,212,265,5,1,1,1,1,0.076,world,12.6583696,20.40272312,23.71341198
537.1,ours,1,0,0,0.2,2.17562795,2.121233565,2.337827688,0,376,470,5,1,1,1,1,0.012,world,2.2221882,14.02102427,19.25413118
537.1,ab3dmot,1,0,0,0.2,2.166462409,2.119571215,2.339625235,0,380,475,5,1,1,1,1,0.056,world,2.225199059,14.01780044,19.24953091
537.1,sort,0.6111111111,1,0,0.1962962963,12.76550586,12.91504526,13.28982552,0,216,270,5,1,1,1,1,0.088,world,12.64870819,20.39535792,23.7066619
537.176,ours,1,0,0,0.2,2.180462955,2.122220432,2.337778486,0,380,475,5,1,1,1,1,0.032,world,2.213021849,14.01708961,19.25213897
537.176,ab3dmot,1,0,0,0.2,2.171370928,2.120613631,2.339624043,0,384,480,5,1,1,1,1,0.068,world,2.217409644,14.01230778,19.24630954
537.176,sort,0.6181818182,1,0,0.1963636364,12.76508899,12.91007513,13.28934596,0,220,275,5,1,1,1,1,0.1,world,12.63878567,20.38796585,23.7000417
537.252,ours,1,0,0,0.2,2.187110776,2.12310116,2.337729283,0,384,480,5,1,1,1,1,0.044,world,2.205166846,14.01153529,19.24837851
537.252,ab3dmot,1,0,0,0.2,2.176279446,2.121525376,2.339622852,0,388,485,5,1,1,1,1,0.144,world,2.207300121,14.0092377,19.24555343
537.252,sort,0.625,1,0,0.1964285714,12.76448204,12.90510525,13.2888664,0,224,280,5,1,1,1,1,0.108,world,12.6287501,20.38056179,23.69346109
537.328,ours,1,0,0,0.2,2.193758596,2.123854093,2.33768008,0,388,485,5,1,1,1,1,0.028,world,2.194933425,14.00844059,19.24762807
537.328,ab3dmot,1,0,0,0.2,2.183453184,2.122350442,2.33962166,0,392,490,5,1,1,1,1,0.084,world,2.200912257,14.00182031,19.24239082
537.328,sort,0.6315789474,1,0,0.1964912281,12.76387509,12.90013195,13.28838684,0,228,285,5,1,1,1,1,0.12,world,12.61849954,20.37316109,23.68703306
537.4,ours,1,0,0,0.2,2.192067524,2.124543411,2.337630877,0,392,490,5,1,1,1,1,0.024,world,2.190376453,13.99899299,19.24153279
537.4,ab3dmot,1,0,0,0.2,2.190626922,2.123074218,2.339620469,0,396,495,5,1,1,1,1,0.06,world,2.19284569,13.99631604,19.24057188
537.4,sort,0.6379310345,1,0,0.1965517241,12.76333639,12.8951628,13.28790728,0,232,290,5,1,1,1,1,0.092,world,12.60868462,20.36577782,23.68025943
537.48,ours,1,0,0,0.2,2.190376453,2.125122515,2.337581675,0,396,495,5,1,1,1,1,0.04,world,2.181129003,13.99425303,19.2396689
537.48,ab3dmot,1,0,0,0.2,2.18716873,2.123689151,2.339619278,0,400,500,5,1,1,1,1,0.104,world,2.183710538,13.99151,19.23867867
537.48,sort,0.6440677966,1,0,0.1966101695,12.76279769,12.89018757,13.28742772,0,236,295,5,1,1,1,1,0.104,world,12.59826277,20.35645441,23.67401613
537.572,ours,1,0,0,0.2,2.185752728,2.125578562,2.337532472,0,400,500,5,1,1,1,1,0.068,world,2.170252878,13.98528346,19.23234225
537.572,ab3dmot,1,0,0,0.2,2.183710538,2.124197817,2.339618086,0,404,505,5,1,1,1,1,0.1,world,2.174463619,13.9811156,19.22825817
537.572,sort,0.65,1,0,0.1966666667,12.76203004,12.88510966,13.28694816,0,240,300,5,1,1,1,1,0.132,world,12.58188611,20.34749834,23.66538797
537.628,ours,1,0,0,0.2,2.181129003,2.125985108,2.337483269,0,404,505,5,1,1,1,1,0.028,world,2.16625441,13.97596862,19.22250163
537.628,ab3dmot,1,0,0,0.2,2.179994992,2.124640811,2.339599105,0,408,510,5,1,1,1,1,0.088,world,2.168917206,13.97338814,19.22049466
537.628,sort,0.6557377049,1,0,0.1967213115,12.76126239,12.88003499,13.2864686,0,244,305,5,1,1,1,1,0.088,world,12.5718067,20.34029465,23.65908899
537.7,ours,1,0,0,0.2,2.180795979,2.126323098,2.337447245,0,408,510,5,1,1,1,1,0.028,world,2.160187715,13.96879838,19.21499896
537.7,ab3dmot,1,0,0,0.2,2.176279446,2.125051085,2.339580123,0,412,515,5,1,1,1,1,0.06,world,2.16649096,13.96289081,19.20653299
537.7,sort,0.6612903226,1,0,0.1967741935,12.75987596,12.87495416,13.28596802,0,248,310,5,1,1,1,1,0.096,world,12.56113782,20.3331744,23.65340548
537.772,ours,1,0,0,0.2,2.180462955,2.126602018,2.337411221,0,412,515,5,1,1,1,1,0.012,world,2.154862199,13.9610622,19.20624642
537.772,ab3dmot,1,0,0,0.2,2.175371532,2.125392462,2.339561141,0,416,520,5,1,1,1,1,0.068,world,2.160265332,13.95607251,19.19833265
537.772,sort,0.6666666667,1,0,0.1968253968,12.75848953,12.86986848,13.28546743,0,252,315,5,1,1,1,1,0.1,world,12.55053205,20.32615113,23.64783714
537.852,ours,1,0,0,0.2,2.17562795,2.126807084,2.337375197,0,416,520,5,1,1,1,1,0.048,world,2.147824066,13.95505902,19.19979554
537.852,ab3dmot,1,0,0,0.2,2.174463619,2.125654835,2.33954216,0,420,525,5,1,1,1,1,0.08,world,2.152767053,13.95054641,19.1919865
537.936,ours,1,0,0,0.2,2.170792946,2.12695736,2.337339173,0,420,525,5,1,1,1,1,0.036,world,2.142528479,13.94761978,19.19052596
537.936,ab3dmot,1,0,0,0.2,2.171690413,2.125841209,2.339523178,0,424,530,5,1,1,1,1,0.1,world,2.145320413,13.94510195,19.18593736
538,ours,1,0,0,0.2,2.170522912,2.127024294,2.337303149,0,424,530,5,1,1,1,1,0.032,world,2.134040707,13.94320936,19.18729494
538,ab3dmot,1,0,0,0.2,2.168917206,2.12595438,2.339504196,0,428,535,5,1,1,1,1,0.1,world,2.137916449,13.93975132,19.18066653
538.1,ours,1,0,0,0.2,2.170252878,2.12698195,2.337267126,0,428,535,5,1,1,1,1,0.056,world,2.122488622,13.93584554,19.180912
538.1,ab3dmot,1,0,0,0.2,2.167704083,2.12594382,2.339485215,0,432,540,5,1,1,1,1,0.164,world,2.124813577,13.93380196,19.17671835
538.2,ours,1,0,0,0.2,2.168253644,2.126850267,2.337231102,0,432,540,5,1,1,1,1,0.04,world,2.112712794,13.93294588,19.18007318
538.2,ab3dmot,1,0,0,0.2,2.16649096,2.125874806,2.339466233,0,436,545,5,1,1,1,1,0.2,world,2.118408073,13.92795474,19.17055947
538.252,ours,1,0,0,0.2,2.16625441,2.126676031,2.337195078,0,436,545,5,1,1,1,1,0.02,world,2.107773784,13.92609207,19.17328084
538.252,ab3dmot,1,0,0,0.2,2.166476684,2.125708109,2.339447251,0,440,550,5,1,1,1,1,0.152,world,2.107459155,13.92635891,19.17417761
538.296,ours,1,0,0,0.2,2.163221063,2.126459629,2.337159054,0,440,550,5,1,1,1,1,0.028,world,2.102738294,13.92496735,19.17412405
538.296,ab3dmot,1,0,0,0.2,2.166462409,2.125502103,2.33942827,0,444,555,5,1,1,1,1,0.196,world,2.102718256,13.92498866,19.17391641
538.332,ours,1,0,0,0.2,2.160187715,2.126205307,2.33712303,0,444,555,5,1,1,1,1,0,world,2.098041653,13.92361298,19.17386932
538.332,ab3dmot,1,0,0,0.2,2.163363871,2.125258314,2.339409288,0,448,560,5,1,1,1,1,0.232,world,2.098021574,13.9236343,19.17366169
538.364,ours,1,0,0,0.2,2.157875267,2.125914565,2.337087006,0,448,560,5,1,1,1,1,0,world,2.093391308,13.92227509,19.17362119
538.364,ab3dmot,1,0,0,0.2,2.160265332,2.124978225,2.339390306,0,452,565,5,1,1,1,1,0.264,world,2.093371189,13.92229644,19.17341355
538.364,sort,0.65625,2,0,0.19375,12.75848593,12.8632084,13.28496685,0,256,320,5,1,1,1,1,0.064,world,12.43643544,20.22500358,23.5539286
538.4,ours,1,0,0,0.2,2.155562819,2.125588867,2.337050982,0,452,565,5,1,1,1,1,0.004,world,2.0887893,13.92095428,19.17337978
538.4,ab3dmot,1,0,0,0.2,2.156516192,2.124663285,2.339371325,0,456,570,5,1,1,1,1,0.3,world,2.088769142,13.92097565,19.17317214
538.4,sort,0.6461538462,2,0,0.1938461538,12.75848232,12.85667759,13.28446627,0,260,325,5,1,1,1,1,0.068,world,12.43157162,20.22220651,23.55227563
538.464,ours,1,0,0,0.2,2.155212509,2.125178256,2.337014958,0,456,570,5,1,1,1,1,0.012,world,2.078256778,13.9196219,19.17800873
538.464,ab3dmot,1,0,0,0.2,2.152767053,2.1242411,2.339352343,0,460,575,5,1,1,1,1,0.068,world,2.075549173,13.92195092,19.18227361
538.464,sort,0.6363636364,2,0,0.1939393939,12.75827701,12.85403034,13.28396569,0,264,330,5,1,1,1,1,0.068,world,12.6807736,20.79895259,24.35460583
538.5,ours,1,0,0,0.2,2.154862199,2.124752704,2.336978934,0,460,575,5,1,1,1,1,0.004,world,2.075667964,13.91676446,19.17500065
538.5,ab3dmot,1,0,0,0.2,2.151345205,2.123794261,2.339333362,0,464,580,5,1,1,1,1,0.072,world,2.071765079,13.92010711,19.18085282
538.5,sort,0.6268656716,2,0,0.1940298507,12.75807169,12.85150542,13.28346511,0,268,335,5,1,1,1,1,0.072,world,12.68374952,20.8132756,24.3764468
538.56,ours,1,0,0,0.2,2.151343133,2.124297481,2.33694291,0,464,580,5,1,1,1,1,0.048,world,2.0712796,13.91551731,19.17478741
538.56,ab3dmot,1,0,0,0.2,2.149923358,2.12332488,2.33931438,0,468,585,5,1,1,1,1,0.096,world,2.068153946,13.91818649,19.17950557
538.56,sort,0.6176470588,2,0,0.1941176471,12.75600308,12.84911391,13.28296453,0,272,340,5,1,1,1,1,0.096,world,12.68785586,20.82979606,24.4012391
538.596,ours,1,0,0,0.2,2.147824066,2.12378672,2.336906886,0,468,585,5,1,1,1,1,0.032,world,2.06368079,13.91223601,19.17326179
538.596,ab3dmot,1,0,0,0.2,2.147621885,2.122798949,2.339295398,0,472,590,5,1,1,1,1,0.068,world,2.06033846,13.91507584,19.17875193
538.596,sort,0.6086956522,2,0,0.1942028986,12.75393448,12.84688387,13.28246395,0,276,345,5,1,1,1,1,0.068,world,12.69432204,20.85880698,24.44522559
538.616,ours,1,0,0,0.2,2.146338186,2.123288531,2.336870862,0,472,590,5,1,1,1,1,0.016,world,2.064170528,13.91182606,19.17297017
538.616,ab3dmot,1,0,0,0.2,2.145320413,2.12228173,2.339276417,0,476,595,5,1,1,1,1,0.088,world,2.06033846,13.91507584,19.17875193
538.616,sort,0.6,2,0,0.1942857143,12.75600308,12.84662392,13.28196336,0,280,350,5,1,1,1,1,0.088,world,12.82867476,21.12043148,24.79642034
538.66,ours,1,0,0,0.2,2.144852305,2.122773771,2.336834838,0,476,595,5,1,1,1,1,0.004,world,2.061129741,13.90965901,19.17116859
538.66,ab3dmot,1,0,0,0.2,2.142665453,2.121750795,2.339257435,0,480,600,5,1,1,1,1,0.096,world,2.05759165,13.91264654,19.17644212
538.66,sort,0.5915492958,2,0,0.1943661972,12.75807169,12.84763239,13.28146278,0,284,355,5,1,1,1,1,0.064,world,12.91802944,21.29273817,25.02716729
538.7,ours,1,0,0,0.2,2.143690392,2.122238099,2.336798814,0,480,600,5,1,1,1,1,0.004,world,2.057497514,13.90807436,19.17068906
538.7,ab3dmot,1,0,0,0.2,2.140010494,2.121202743,2.339238453,0,484,605,5,1,1,1,1,0.072,world,2.05437532,13.91071083,19.17592456
538.7,sort,0.5833333333,2,0,0.1944444444,12.75827701,12.84915043,13.2809622,0,288,360,5,1,1,1,1,0.072,world,12.9564764,21.36849817,25.12909289
538.76,ours,1,0,0,0.2,2.142528479,2.12164907,2.33676279,0,484,605,5,1,1,1,1,0.032,world,2.049737124,13.90554881,19.17028105
538.76,ab3dmot,1,0,0,0.2,2.138963471,2.120605051,2.339185564,0,488,610,5,1,1,1,1,0.1,world,2.046996532,13.90785601,19.17506434
538.76,sort,0.5753424658,2,0,0.1945205479,12.75848232,12.85092512,13.28046162,0,292,365,5,1,1,1,1,0.1,world,12.9780652,21.41874732,25.19905449
538.8,ours,1,0,0,0.2,2.139311928,2.121051138,2.336665897,0,488,610,5,1,1,1,1,0.008,world,2.047412948,13.90313476,19.16891912
538.8,ab3dmot,1,0,0,0.2,2.137916449,2.120004833,2.339132675,0,492,615,5,1,1,1,1,0.072,world,2.045457195,13.90480029,19.17306727
538.8,sort,0.5675675676,2,0,0.1945945946,12.75848593,12.85322507,13.27996104,0,296,370,5,1,1,1,1,0.072,world,13.02002451,21.4965299,25.30224381
538.86,ours,1,0,0,0.2,2.136095376,2.120409438,2.336569004,0,492,615,5,1,1,1,1,0.04,world,2.040608513,13.90031894,19.16802677
538.86,ab3dmot,1,0,0,0.2,2.134499376,2.119359304,2.339079786,0,496,620,5,1,1,1,1,0.1,world,2.038400905,13.90218512,19.17244265
538.86,sort,0.56,2,0,0.1946666667,12.75848953,12.85570961,13.27946046,0,300,375,5,1,1,1,1,0.1,world,13.03825178,21.54026068,25.36349776
538.888,ours,1,0,0,0.2,2.135068041,2.119756105,2.33647211,0,496,620,5,1,1,1,1,0.016,world,2.03779938,13.89858471,19.16778349
538.888,ab3dmot,1,0,0,0.2,2.131082304,2.118705488,2.339026897,0,500,625,5,1,1,1,1,0.064,world,2.036005808,13.90012692,19.17191577
538.888,sort,0.5526315789,2,0,0.1947368421,12.75987596,12.85881017,13.27895987,0,304,380,5,1,1,1,1,0.064,world,13.08925896,21.63438161,25.48825143
538.944,ours,1,0,0,0.2,2.134040707,2.11909051,2.336375217,0,500,625,5,1,1,1,1,0.04,world,2.034870128,13.89701894,19.16721794
538.944,ab3dmot,1,0,0,0.2,2.127947941,2.118034023,2.338974008,0,504,630,5,1,1,1,1,0.12,world,2.032354607,13.89912408,19.17178975
538.944,sort,0.5454545455,2,0,0.1948051948,12.76126239,12.86219063,13.27845929,0,308,385,5,1,1,1,1,0.084,world,13.11655664,21.68669791,25.55823358
538.988,ours,1,0,0,0.2,2.130713946,2.118415468,2.336278323,0,504,630,5,1,1,1,1,0.028,world,2.032270242,13.89527777,19.16634103
538.988,ab3dmot,1,0,0,0.2,2.124813577,2.117363738,2.338921119,0,508,635,5,1,1,1,1,0.096,world,2.031138818,13.89628902,19.16964785
538.988,sort,0.5384615385,2,0,0.1948717949,12.76203004,12.86579941,13.27795871,0,312,390,5,1,1,1,1,0.096,world,13.14069925,21.73316066,25.62044934
539.012,ours,1,0,0,0.2,2.127387185,2.11773788,2.33618143,0,508,635,5,1,1,1,1,0.012,world,2.030553541,13.89294937,19.16497759
539.012,ab3dmot,1,0,0,0.2,2.123123813,2.116685635,2.33886823,0,512,640,5,1,1,1,1,0.088,world,2.028725103,13.89450268,19.16876597
539.012,sort,0.5316455696,2,0,0.1949367089,12.76279769,12.86963263,13.27745813,0,316,395,5,1,1,1,1,0.088,world,13.16518622,21.77979014,25.68273555
539.072,ours,1,0,0,0.2,2.124937903,2.117024757,2.336084537,0,512,640,5,1,1,1,1,0.016,world,2.024417289,13.89068557,19.16489064
539.072,ab3dmot,1,0,0,0.2,2.121434049,2.115976791,2.338815341,0,516,645,5,1,1,1,1,0.08,world,2.023195356,13.89185304,19.16929331
539.072,sort,0.525,2,0,0.195,12.76333639,12.87405641,13.27695755,0,320,400,5,1,1,1,1,0.08,world,13.21885739,21.8796331,25.81536179
539.1,ours,1,0,0,0.2,2.122488622,2.116304471,2.335987643,0,516,645,5,1,1,1,1,0.008,world,2.02199065,13.88927349,19.16554564
539.1,ab3dmot,1,0,0,0.2,2.119921061,2.115256802,2.338762452,0,520,650,5,1,1,1,1,0.076,world,2.020227869,13.89081612,19.16971937
539.1,sort,0.5185185185,2,0,0.1950617284,12.76387509,12.8786936,13.27645697,0,324,405,5,1,1,1,1,0.076,world,13.24440937,21.92677502,25.87785952
539.172,ours,1,0,0,0.2,2.12009537,2.11557544,2.33589075,0,520,650,5,1,1,1,1,0.016,world,2.019324701,13.8880553,19.16524435
539.172,ab3dmot,1,0,0,0.2,2.118408073,2.114528517,2.338709563,0,524,655,5,1,1,1,1,0.116,world,2.017614198,13.88954961,19.16925718
539.172,sort,0.512195122,2,0,0.1951219512,12.76448204,12.88396506,13.28596802,0,328,410,5,1,1,1,1,0.08,world,13.30401818,22.0291223,26.01104154
539.2,ours,1,0,0,0.2,2.117702117,2.114838254,2.335793856,0,524,655,5,1,1,1,1,0.012,world,2.016710857,13.88690663,19.16520405
539.2,ab3dmot,1,0,0,0.2,2.115136643,2.113792068,2.338656674,0,528,660,5,1,1,1,1,0.076,world,2.014991499,13.88844663,19.16965629
539.2,sort,0.5060240964,2,0,0.1951807229,12.76508899,12.88943753,13.29510069,0,332,415,5,1,1,1,1,0.076,world,13.33053726,22.07670505,26.07368849
539.256,ours,1,0,0,0.2,2.115207455,2.114069972,2.335696963,0,528,660,5,1,1,1,1,0.032,world,2.010888717,13.88530061,19.16547335
539.256,ab3dmot,1,0,0,0.2,2.111865213,2.113022017,2.338603785,0,532,665,5,1,1,1,1,0.1,world,2.00878577,13.88714447,19.17045392
539.256,sort,0.5,2,0,0.1952380952,12.76550586,12.895065,13.30282443,0,336,420,5,1,1,1,1,0.1,world,13.35388094,22.12315253,26.13639366
539.3,ours,1,0,0,0.2,2.112712794,2.113289876,2.33560007,0,532,665,5,1,1,1,1,0.012,world,2.007658246,13.88496086,19.16706132
539.3,ab3dmot,1,0,0,0.2,2.109662184,2.112232607,2.338550896,0,536,670,5,1,1,1,1,0.08,world,2.004472674,13.88769008,19.17376516
539.3,sort,0.4941176471,2,0,0.1952941176,12.76592273,12.90126878,13.30497378,0,340,425,5,1,1,1,1,0.08,world,13.41214563,22.22044647,26.26204248
539.356,ours,1,0,0,0.2,2.110243289,2.112478541,2.335503176,0,536,670,5,1,1,1,1,0.036,world,2.001642708,13.88410583,19.16867248
539.356,ab3dmot,1,0,0,0.2,2.107459155,2.111409978,2.338498007,0,540,675,5,1,1,1,1,0.1,world,1.998116587,13.88706254,19.17540942
539.356,sort,0.488372093,2,0,0.1953488372,12.76637651,12.90767115,13.31173588,0,344,430,5,1,1,1,1,0.1,world,13.4407305,22.27378628,26.33298374
539.392,ours,1,0,0,0.2,2.107773784,2.111656726,2.335406283,0,540,675,5,1,1,1,1,0.008,world,1.998479159,13.88395457,19.16998487
539.392,ab3dmot,1,0,0,0.2,2.105088706,2.11057641,2.338445117,0,544,680,5,1,1,1,1,0.104,world,1.994849804,13.88695795,19.17649675
539.392,sort,0.4827586207,2,0,0.1954022989,12.76683029,12.91426287,13.32554916,0,348,435,5,1,1,1,1,0.104,world,13.46908829,22.32227881,26.39603277
539.448,ours,1,0,0,0.2,2.105460004,2.110824068,2.335309389,0,544,680,5,1,1,1,1,0.048,world,1.995227736,13.88397332,19.17158785
539.448,ab3dmot,1,0,0,0.2,2.102718256,2.109734826,2.338392228,0,548,685,5,1,1,1,1,0.128,world,1.991969793,13.88663282,19.17705609
539.448,sort,0.4772727273,2,0,0.1954545455,12.76736912,12.92146926,13.34571065,0,352,440,5,1,1,1,1,0.092,world,13.53374382,22.42684356,26.52984306
539.488,ours,1,0,0,0.2,2.103146224,2.109984779,2.335212496,0,548,685,5,1,1,1,1,0.016,world,1.992550876,13.88361791,19.1723153
539.488,ab3dmot,1,0,0,0.2,2.100369915,2.108886414,2.338339339,0,552,690,5,1,1,1,1,0.068,world,1.989236262,13.88625191,19.17713847
539.488,sort,0.4719101124,2,0,0.195505618,12.76790795,12.92923768,13.38883975,0,356,445,5,1,1,1,1,0.068,world,13.59548716,22.52564919,26.6558911
539.512,ours,1,0,0,0.2,2.102942259,2.109142316,2.335115603,0,552,690,5,1,1,1,1,0.012,world,1.99035678,13.88295519,19.17222492
539.512,ab3dmot,1,0,0,0.2,2.098021574,2.108036423,2.33828645,0,556,695,5,1,1,1,1,0.06,world,1.98725382,13.88540172,19.17657127
539.512,sort,0.4666666667,2,0,0.1955555556,12.76792178,12.93717813,13.42786731,0,360,450,5,1,1,1,1,0.06,world,13.62535792,22.57482521,26.71915672
539.584,ours,1,0,0,0.2,2.102738294,2.108284076,2.335018709,0,556,695,5,1,1,1,1,0.032,world,1.986293561,13.8816789,19.17204729
539.584,ab3dmot,1,0,0,0.2,2.097431045,2.107176196,2.338233561,0,560,700,5,1,1,1,1,0.064,world,1.983978916,13.8834683,19.17496719
539.584,sort,0.4615384615,2,0,0.1956043956,12.76793561,12.94530697,13.4549094,0,364,455,5,1,1,1,1,0.096,world,13.65710381,22.62977669,26.79086316
539.64,ours,1,0,0,0.2,2.100840451,2.107432091,2.334921816,0,560,700,5,1,1,1,1,0.04,world,1.985452105,13.88024849,19.17038756
539.64,ab3dmot,1,0,0,0.2,2.096840517,2.106322456,2.338180672,0,564,705,5,1,1,1,1,0.088,world,1.983174599,13.8819821,19.17301188
539.64,sort,0.4565217391,2,0,0.1956521739,12.768046,12.95398998,13.49818328,0,368,460,5,1,1,1,1,0.088,world,13.72116215,22.72960831,26.91720528
539.708,ours,1,0,0,0.2,2.098942609,2.106578698,2.334824923,0,564,705,5,1,1,1,1,0.024,world,1.983482905,13.87791179,19.16777407
539.708,ab3dmot,1,0,0,0.2,2.096155691,2.105485853,2.338079838,0,568,710,5,1,1,1,1,0.056,world,1.983996386,13.87737977,19.16562104
539.708,sort,0.4516129032,2,0,0.1956989247,12.76815638,12.96319702,13.55844116,0,372,465,5,1,1,1,1,0.092,world,13.78396016,22.82943018,27.04431826
539.8,ours,1,0,0,0.2,2.098492131,2.105720816,2.334762267,0,568,710,5,1,1,1,1,0.044,world,1.981043915,13.87475859,19.16395016
539.8,ab3dmot,1,0,0,0.2,2.095470864,2.104661709,2.337979004,0,572,715,5,1,1,1,1,0.048,world,1.984160705,13.87218321,19.15782908
539.8,sort,0.4468085106,2,0,0.1957446809,12.76831842,12.97295512,13.60594193,0,376,470,5,1,1,1,1,0.116,world,13.85044075,22.93600396,27.18039494
539.888,ours,1,0,0,0.2,2.098041653,2.10488412,2.334699611,0,572,715,5,1,1,1,1,0.032,world,1.982491268,13.87081371,19.15798659
539.888,ab3dmot,1,0,0,0.2,2.094421027,2.10385707,2.33787817,0,576,720,5,1,1,1,1,0.072,world,1.985439108,13.86842811,19.15263758
539.98,ours,1,0,0,0.2,2.095716481,2.104058627,2.334636955,0,576,720,5,1,1,1,1,0.056,world,1.982477174,13.86746636,19.15412264
539.98,ab3dmot,1,0,0,0.2,2.093371189,2.103072411,2.337777336,0,580,725,5,1,1,1,1,0.096,world,1.986848897,13.86406033,19.1474243
540.012,ours,1,0,0,0.2,2.093391308,2.103265025,2.334574299,0,580,725,5,1,1,1,1,0.012,world,1.985677786,13.86418207,19.14938431
540.012,ab3dmot,1,0,0,0.2,2.091070165,2.102326468,2.337676502,0,584,730,5,1,1,1,1,0.064,world,1.99120903,13.85993504,19.14133796
540.1,ours,1,0,0,0.2,2.091090304,2.102499806,2.334511644,0,584,730,5,1,1,1,1,0.02,world,1.988428486,13.86065767,19.14463395
540.1,ab3dmot,1,0,0,0.2,2.088769142,2.10161456,2.337575668,0,588,735,5,1,1,1,1,0.088,world,1.994951652,13.85572802,19.13562374
540.164,ours,1,0,0,0.2,2.0887893,2.101766925,2.334448988,0,588,735,5,1,1,1,1,0.044,world,1.991874706,13.85702127,19.13936687
540.164,ab3dmot,1,0,0,0.2,2.084030154,2.10093871,2.337474834,0,592,740,5,1,1,1,1,0.084,world,1.999104799,13.85158516,19.12935833
540.2,ours,1,0,0,0.2,2.085710795,2.101069034,2.334386332,0,592,740,5,1,1,1,1,0.02,world,1.995826201,13.85369011,19.13388749
540.2,ab3dmot,1,0,0,0.2,2.079291167,2.100296586,2.337374,0,596,745,5,1,1,1,1,0.052,world,2.002993853,13.84829938,19.12376195
540.26,ours,1,0,0,0.2,2.082632289,2.10038827,2.334323676,0,596,745,5,1,1,1,1,0.04,world,1.99707817,13.85223257,19.13166372
540.26,ab3dmot,1,0,0,0.2,2.07742017,2.099669447,2.337273166,0,600,750,5,1,1,1,1,0.08,world,2.004033727,13.84697466,19.12151884
540.3,ours,1,0,0,0.2,2.080444533,2.099734638,2.33426102,0,600,750,5,1,1,1,1,0.016,world,1.999957743,13.84989882,19.12706521
540.3,ab3dmot,1,0,0,0.2,2.075549173,2.099058238,2.337172332,0,604,755,5,1,1,1,1,0.056,world,2.005268202,13.84575206,19.11809053
540.384,ours,1,0,0,0.2,2.078256778,2.099094008,2.334198365,0,604,755,5,1,1,1,1,0.028,world,2.000677602,13.84934325,19.12565783
540.384,ab3dmot,1,0,0,0.2,2.073657126,2.098452758,2.337071498,0,608,760,5,1,1,1,1,0.072,world,2.004927978,13.8457718,19.1160698
540.476,ours,1,0,0,0.2,2.076962371,2.098474076,2.334135709,0,608,760,5,1,1,1,1,0.052,world,2.002663275,13.84835898,19.12148693
540.476,ab3dmot,1,0,0,0.2,2.071765079,2.097858693,2.336970664,0,612,765,5,1,1,1,1,0.1,world,2.00551557,13.84594198,19.11462314
540.544,ours,1,0,0,0.2,2.075667964,2.097883315,2.334073053,0,612,765,5,1,1,1,1,0.044,world,2.006065753,13.84667792,19.11685593
540.544,ab3dmot,1,0,0,0.2,2.070055927,2.09728592,2.33686983,0,616,770,5,1,1,1,1,0.1,world,2.007727516,13.84521265,19.11216599
540.612,ours,1,0,0,0.2,2.073473782,2.097324371,2.334010397,0,616,770,5,1,1,1,1,0.024,world,2.009975557,13.84415401,19.10971258
540.612,ab3dmot,1,0,0,0.2,2.068346776,2.09674145,2.336768996,0,620,775,5,1,1,1,1,0.068,world,2.011134572,13.84304527,19.10515073
540.7,ours,1,0,0,0.2,2.0712796,2.096791285,2.333947741,0,620,775,5,1,1,1,1,0.024,world,2.013011997,13.84429011,19.1082735
540.7,ab3dmot,1,0,0,0.2,2.068250361,2.096232756,2.336668162,0,624,780,5,1,1,1,1,0.06,world,2.015833885,13.84180478,19.09921358
540.78,ours,1,0,0,0.2,2.070978885,2.096287859,2.333885086,0,624,780,5,1,1,1,1,0.028,world,2.016737981,13.84346305,19.10429689
540.78,ab3dmot,1,0,0,0.2,2.068153946,2.095752494,2.336567328,0,628,785,5,1,1,1,1,0.072,world,2.019433421,13.84108836,19.09493814
540.872,ours,1,0,0,0.2,2.070678169,2.095830733,2.33382243,0,628,785,5,1,1,1,1,0.04,world,2.023254746,13.84221123,19.09784566
540.872,ab3dmot,1,0,0,0.2,2.064246203,2.09530838,2.336466494,0,632,790,5,1,1,1,1,0.1,world,2.024374373,13.84114934,19.09222907
540.96,ours,1,0,0,0.2,2.067424349,2.095407186,2.333759774,0,632,790,5,1,1,1,1,0.056,world,2.027813346,13.84164807,19.09352562
540.96,ab3dmot,1,0,0,0.2,2.06033846,2.094890114,2.33636566,0,636,795,5,1,1,1,1,0.088,world,2.027720583,13.84154749,19.09001163
541.036,ours,1,0,0,0.2,2.064170528,2.095017569,2.333697118,0,636,795,5,1,1,1,1,0.036,world,2.032520166,13.84134225,19.0897062
541.036,ab3dmot,1,0,0,0.2,2.06033846,2.094500352,2.336264826,0,640,800,5,1,1,1,1,0.096,world,2.03157732,13.84193395,19.08814256
541.108,ours,1,0,0,0.2,2.063925659,2.09465681,2.333634463,0,640,800,5,1,1,1,1,0.008,world,2.036483365,13.84199587,19.08891429
541.108,ab3dmot,1,0,0,0.2,2.06033846,2.09414901,2.336163992,0,644,805,5,1,1,1,1,0.072,world,2.037153957,13.84139258,19.08513433
541.2,ours,1,0,0,0.2,2.06368079,2.094346703,2.333571807,0,644,805,5,1,1,1,1,0.032,world,2.044123736,13.84231281,19.08636208
541.2,ab3dmot,1,0,0,0.2,2.058965055,2.093841375,2.336079062,0,648,810,5,1,1,1,1,0.064,world,2.043708333,13.84263861,19.08731788
541.288,ours,1,0,0,0.2,2.062405266,2.094073462,2.333416667,0,648,810,5,1,1,1,1,0.028,world,2.049606627,13.84270578,19.0866564
541.288,ab3dmot,1,0,0,0.2,2.05759165,2.093570115,2.335994133,0,652,815,5,1,1,1,1,0.088,world,2.049151913,13.84307765,19.08791833
541.368,ours,1,0,0,0.2,2.061129741,2.09385428,2.333261528,0,652,815,5,1,1,1,1,0.032,world,2.058038625,13.84362409,19.08609792
541.368,ab3dmot,1,0,0,0.2,2.05762358,2.09335299,2.335909203,0,656,820,5,1,1,1,1,0.1,world,2.05765551,13.84397096,19.0876663
541.452,ours,1,0,0,0.2,2.062405266,2.093679832,2.333106388,0,656,820,5,1,1,1,1,0.04,world,2.065047908,13.84355038,19.08426167
541.452,ab3dmot,1,0,0,0.2,2.05765551,2.093175299,2.335824273,0,660,825,5,1,1,1,1,0.116,world,2.06382704,13.84453084,19.08706832
541.532,ours,1,0,0,0.2,2.06368079,2.093539375,2.332951248,0,660,825,5,1,1,1,1,0.032,world,2.070375436,13.84491852,19.08381512
541.532,ab3dmot,1,0,0,0.2,2.058996985,2.093024189,2.335739343,0,664,830,5,1,1,1,1,0.1,world,2.067939796,13.84672993,19.08700993
541.6,ours,1,0,0,0.2,2.063925659,2.093424326,2.332796109,0,664,830,5,1,1,1,1,0.028,world,2.074353848,13.84749963,19.0844929
541.6,ab3dmot,1,0,0,0.2,2.06033846,2.092892949,2.335654413,0,668,835,5,1,1,1,1,0.068,world,2.070991709,13.85001317,19.08886927
541.696,ours,1,0,0,0.2,2.064170528,2.093354025,2.332640969,0,668,835,5,1,1,1,1,0.032,world,2.081651155,13.85094663,19.08625207
541.696,ab3dmot,1,0,0,0.2,2.06033846,2.092808101,2.335569483,0,672,840,5,1,1,1,1,0.096,world,2.078589966,13.85324075,19.09006426
541.776,ours,1,0,0,0.2,2.064609218,2.093316027,2.33248583,0,672,840,5,1,1,1,1,0.04,world,2.086960702,13.85317043,19.08640027
541.776,ab3dmot,1,0,0,0.2,2.06033846,2.09274763,2.335484553,0,676,845,5,1,1,1,1,0.08,world,2.082563607,13.8564344,19.0898876
541.864,ours,1,0,0,0.2,2.065047908,2.093303462,2.33233069,0,676,845,5,1,1,1,1,0.06,world,2.09119152,13.85640048,19.08658369
541.864,ab3dmot,1,0,0,0.2,2.06208275,2.092710918,2.335399623,0,680,850,5,1,1,1,1,0.1,world,2.086497305,13.85996577,19.09083431
541.96,ours,1,0,0,0.2,2.067711672,2.093338843,2.33217555,0,680,850,5,1,1,1,1,0.06,world,2.099309637,13.86038908,19.08637395
541.96,ab3dmot,1,0,0,0.2,2.06382704,2.092723981,2.335314693,0,684,855,5,1,1,1,1,0.096,world,2.094943571,13.86379192,19.08958351
542.04,ours,1,0,0,0.2,2.070375436,2.093399554,2.332020411,0,684,855,5,1,1,1,1,0.04,world,2.103694977,13.8641292,19.08750599
542.04,ab3dmot,1,0,0,0.2,2.065883418,2.092763707,2.335229763,0,688,860,5,1,1,1,1,0.112,world,2.099545761,13.8673995,19.09164448
542.1,ours,1,0,0,0.2,2.070526803,2.093491839,2.331865271,0,688,860,5,1,1,1,1,0.02,world,2.109213115,13.86717094,19.08898992
542.1,ab3dmot,1,0,0,0.2,2.067939796,2.09283118,2.335144833,0,692,865,5,1,1,1,1,0.072,world,2.104404228,13.87099089,19.09402813
542.192,ours,1,0,0,0.2,2.070678169,2.093613079,2.331710132,0,692,865,5,1,1,1,1,0.032,world,2.114362915,13.87067087,19.09131223
542.192,ab3dmot,1,0,0,0.2,2.068046871,2.092929695,2.335059903,0,696,870,5,1,1,1,1,0.1,world,2.109903659,13.87426113,19.09567637
542.192,sort,0.4421052632,3,0,0.1936842105,12.76848046,12.9729074,13.60444839,0,380,475,5,1,1,1,1,0.1,world,12.96842142,21.45966735,25.27307899
542.276,ours,1,0,0,0.2,2.070978885,2.093787253,2.331554992,0,696,870,5,1,1,1,1,0.048,world,2.123704464,13.87494502,19.09284806
542.276,ab3dmot,1,0,0,0.2,2.068153946,2.09308686,2.334974973,0,700,875,5,1,1,1,1,0.116,world,2.120256269,13.87778362,19.09574199
542.276,sort,0.4375,3,0,0.19375,12.79857761,12.97298903,13.60295485,0,384,480,5,1,1,1,1,0.116,world,12.98074168,21.46873339,25.28068138
542.324,ours,1,0,0,0.2,2.0712796,2.093979971,2.331399852,0,700,875,5,1,1,1,1,0.024,world,2.127247123,13.87618778,19.09117218
542.324,ab3dmot,1,0,0,0.2,2.068250361,2.093265752,2.334890043,0,704,880,5,1,1,1,1,0.1,world,2.12433976,13.87857216,19.09421398
542.324,sort,0.4329896907,3,0,0.193814433,12.82867476,12.97311208,13.60146131,0,388,485,5,1,1,1,1,0.064,world,12.98491886,21.47176556,25.28318786
542.392,ours,1,0,0,0.2,2.072816724,2.0942102,2.331244713,0,704,880,5,1,1,1,1,0.016,world,2.134117757,13.87878134,19.09135323
542.392,ab3dmot,1,0,0,0.2,2.068346776,2.093483441,2.334805113,0,708,885,5,1,1,1,1,0.068,world,2.131450534,13.8810433,19.09350347
542.392,sort,0.4285714286,3,0,0.193877551,12.8733521,12.97331891,13.59996777,0,392,490,5,1,1,1,1,0.1,world,12.99336623,21.47783673,25.28815305
542.456,ours,1,0,0,0.2,2.074353848,2.094475845,2.331089573,0,708,885,5,1,1,1,1,0.048,world,2.140715985,13.88167201,19.09248602
542.456,ab3dmot,1,0,0,0.2,2.069669243,2.093735951,2.334720183,0,712,890,5,1,1,1,1,0.1,world,2.137960375,13.88402246,19.09482046
542.456,sort,0.4242424242,3,0,0.1939393939,12.91802944,12.97360816,13.59847423,0,396,495,5,1,1,1,1,0.1,world,13.00192358,21.48390772,25.29304771
542.496,ours,1,0,0,0.2,2.075010906,2.094752585,2.330934434,0,712,890,5,1,1,1,1,0.008,world,2.143172685,13.883928,19.09315034
542.496,ab3dmot,1,0,0,0.2,2.070991709,2.093998322,2.334635253,0,716,895,5,1,1,1,1,0.072,world,2.140187948,13.88649577,19.09587261
542.496,sort,0.42,3,0,0.194,12.93725292,12.97393487,13.5969807,0,400,500,5,1,1,1,1,0.072,world,13.00623821,21.48693969,25.29546607
542.556,ours,1,0,0,0.2,2.075667964,2.095062994,2.330779294,0,716,895,5,1,1,1,1,0.036,world,2.149601904,13.88709492,19.09475988
542.556,ab3dmot,1,0,0,0.2,2.071378394,2.094294936,2.334550323,0,720,900,5,1,1,1,1,0.1,world,2.146728766,13.88958048,19.09746847
542.556,sort,0.4158415842,3,0,0.1940594059,12.9564764,12.97434138,13.59548716,0,404,505,5,1,1,1,1,0.1,world,13.01492882,21.49298973,25.30023994
542.6,ours,1,0,0,0.2,2.076962371,2.095382557,2.330624154,0,720,900,5,1,1,1,1,0.012,world,2.151819904,13.88961957,19.09606233
542.6,ab3dmot,1,0,0,0.2,2.071765079,2.094596491,2.334465393,0,724,905,5,1,1,1,1,0.08,world,2.148186975,13.89280298,19.0995833
542.6,sort,0.4117647059,3,0,0.1941176471,12.96244891,12.97478292,13.59239999,0,408,510,5,1,1,1,1,0.08,world,13.01930059,21.49600509,25.30259353
542.688,ours,1,0,0,0.2,2.078256778,2.095727047,2.330469015,0,724,905,5,1,1,1,1,0.032,world,2.156839164,13.89417722,19.09888346
542.688,ab3dmot,1,0,0,0.2,2.073657126,2.094913658,2.334271799,0,728,910,5,1,1,1,1,0.068,world,2.15155095,13.89879332,19.10487452
542.688,sort,0.4077669903,3,0,0.1941747573,12.96842142,12.97530148,13.58931282,0,412,515,5,1,1,1,1,0.1,world,13.02808652,21.50200979,25.30722935
542.76,ours,1,0,0,0.2,2.079953966,2.09609586,2.330436591,0,728,910,5,1,1,1,1,0.044,world,2.161814803,13.89877599,19.10245491
542.76,ab3dmot,1,0,0,0.2,2.075549173,2.095261781,2.334078205,0,732,915,5,1,1,1,1,0.104,world,2.157685034,13.90236887,19.10748591
542.76,sort,0.4038461538,3,0,0.1942307692,12.97324331,12.97589531,13.58622566,0,416,520,5,1,1,1,1,0.104,world,13.03691501,21.50797097,25.31176395
542.836,ours,1,0,0,0.2,2.081651155,2.096486898,2.330404167,0,732,915,5,1,1,1,1,0.036,world,2.166480821,13.9037061,19.10646628
542.836,ab3dmot,1,0,0,0.2,2.077069569,2.095635774,2.333884611,0,736,920,5,1,1,1,1,0.084,world,2.162987995,13.90667505,19.1113773
542.836,sort,0.4,3,0,0.1942857143,12.9780652,12.97656255,13.58313849,0,420,525,5,1,1,1,1,0.084,world,13.0457694,21.51387822,25.31619031
542.916,ours,1,0,0,0.2,2.082141722,2.09692652,2.330371743,0,736,920,5,1,1,1,1,0.016,world,2.175882417,13.90900335,19.10988407
542.916,ab3dmot,1,0,0,0.2,2.078589966,2.096063618,2.333691016,0,740,925,5,1,1,1,1,0.064,world,2.173353862,13.91111352,19.11380138
542.916,sort,0.3962264151,3,0,0.1943396226,12.97940344,12.97734331,13.58005132,0,424,530,5,1,1,1,1,0.096,world,13.05906344,21.52261571,25.32261221
543,ours,1,0,0,0.2,2.082632289,2.097399985,2.330339319,0,740,925,5,1,1,1,1,0.04,world,2.182770289,13.9119464,19.11155809
543,ab3dmot,1,0,0,0.2,2.078940566,2.096537489,2.333497422,0,744,930,5,1,1,1,1,0.048,world,2.182434168,13.91203233,19.11327229
543,sort,0.3925233645,3,0,0.1943925234,12.98074168,12.97819266,13.57696416,0,428,535,5,1,1,1,1,0.116,world,13.06791066,21.52834399,25.32673906
543.064,ours,1,0,0,0.2,2.084796496,2.097892306,2.330306895,0,744,930,5,1,1,1,1,0.048,world,2.18706586,13.91262223,19.11147413
543.064,ab3dmot,1,0,0,0.2,2.079291167,2.097031843,2.333303828,0,748,935,5,1,1,1,1,0.08,world,2.187039249,13.91246202,19.11266675
543.064,sort,0.3888888889,3,0,0.1944444444,12.98283027,12.97906738,13.57387699,0,432,540,5,1,1,1,1,0.08,world,13.0723236,21.53117548,25.32875388
543.1,ours,1,0,0,0.2,2.086960702,2.098425396,2.33027447,0,748,935,5,1,1,1,1,0.012,world,2.195329888,13.91428759,19.11131082
543.1,ab3dmot,1,0,0,0.2,2.080927387,2.097568775,2.333110234,0,752,940,5,1,1,1,1,0.048,world,2.195668147,13.91374643,19.11249843
543.1,sort,0.3853211009,3,0,0.1944954128,12.98491886,12.98000727,13.57078982,0,436,545,5,1,1,1,1,0.084,world,13.0811182,21.53676732,25.33268272
543.176,ours,1,0,0,0.2,2.087875001,2.098993367,2.330242046,0,752,940,5,1,1,1,1,0.028,world,2.202631054,13.91669858,19.11258692
543.176,ab3dmot,1,0,0,0.2,2.082563607,2.098140528,2.33291664,0,756,945,5,1,1,1,1,0.092,world,2.202995423,13.91613432,19.11378951
543.176,sort,0.3818181818,3,0,0.1945454545,12.98914254,12.9810101,13.56770266,0,440,550,5,1,1,1,1,0.092,world,13.0898581,21.54225665,25.3364726
543.216,ours,1,0,0,0.2,2.0887893,2.099575035,2.330209622,0,756,945,5,1,1,1,1,0.02,world,2.206205747,13.91792514,19.11341493
543.216,ab3dmot,1,0,0,0.2,2.084530456,2.098725869,2.332723045,0,760,950,5,1,1,1,1,0.068,world,2.206569026,13.91736681,19.11462345
543.216,sort,0.3783783784,3,0,0.1945945946,12.99336623,12.98203426,13.56461549,0,444,555,5,1,1,1,1,0.1,world,13.09420272,21.54496008,25.33831379
543.272,ours,1,0,0,0.2,2.08999041,2.100169234,2.330177198,0,760,950,5,1,1,1,1,0.02,world,2.209605672,13.91931119,19.1142831
543.272,ab3dmot,1,0,0,0.2,2.086497305,2.099324932,2.332529451,0,764,955,5,1,1,1,1,0.088,world,2.210202602,13.91853775,19.11526824
543.272,sort,0.375,3,0,0.1946428571,12.9976449,12.98307901,13.56152832,0,448,560,5,1,1,1,1,0.088,world,13.09852792,21.54763457,25.34011832
543.3,ours,1,0,0,0.2,2.09119152,2.100775602,2.330144774,0,764,955,5,1,1,1,1,0.004,world,2.212972931,13.92067387,19.11536835
543.3,ab3dmot,1,0,0,0.2,2.087633224,2.099935488,2.332335857,0,768,960,5,1,1,1,1,0.052,world,2.213465784,13.91998953,19.11654985
543.3,sort,0.3716814159,3,0,0.1946902655,13.00192358,12.98414361,13.55844116,0,452,565,5,1,1,1,1,0.052,world,13.10283184,21.55027907,25.34188559
543.368,ours,1,0,0,0.2,2.092291414,2.10141293,2.33011235,0,768,960,5,1,1,1,1,0.032,world,2.219789806,13.92331895,19.11688815
543.368,ab3dmot,1,0,0,0.2,2.088769142,2.100577771,2.332142263,0,772,965,5,1,1,1,1,0.088,world,2.220456581,13.92248403,19.11782684
543.368,sort,0.3684210526,3,0,0.1947368421,13.00408089,12.98526504,13.55535399,0,456,570,5,1,1,1,1,0.088,world,13.11136842,21.5554739,25.34530608
543.4,ours,1,0,0,0.2,2.093391308,2.102061554,2.330079926,0,772,965,5,1,1,1,1,0.016,world,2.223093726,13.92467561,19.11785531
543.4,ab3dmot,1,0,0,0.2,2.091070165,2.101231402,2.331948669,0,776,970,5,1,1,1,1,0.052,world,2.223788535,13.92382358,19.11871457
543.4,sort,0.3652173913,3,0,0.1947826087,13.00623821,12.986404,13.55226682,0,460,575,5,1,1,1,1,0.088,world,13.11559746,21.55802221,25.34695822
543.464,ours,1,0,0,0.2,2.095716481,2.102740277,2.330047502,0,776,970,5,1,1,1,1,0.036,world,2.229869661,13.92718587,19.11918116
543.464,ab3dmot,1,0,0,0.2,2.093371189,2.10191801,2.331755075,0,780,975,5,1,1,1,1,0.084,world,2.231126819,13.92581487,19.11947745
543.5,ours,1,0,0,0.2,2.098041653,2.103434093,2.330015078,0,780,975,5,1,1,1,1,0.02,world,2.233962332,13.92771368,19.11918108
543.5,ab3dmot,1,0,0,0.2,2.09415738,2.102621169,2.33156148,0,784,980,5,1,1,1,1,0.052,world,2.235514588,13.92611971,19.11888435
543.544,ours,1,0,0,0.2,2.098492131,2.104140318,2.329982654,0,784,980,5,1,1,1,1,0.032,world,2.237598678,13.92865814,19.11941303
543.544,ab3dmot,1,0,0,0.2,2.094943571,2.103335003,2.331367886,0,788,985,5,1,1,1,1,0.096,world,2.23885669,13.92732991,19.11947475
543.6,ours,1,0,0,0.2,2.098942609,2.104879554,2.32995023,0,788,985,5,1,1,1,1,0.02,world,2.245075365,13.93025177,19.11941767
543.6,ab3dmot,1,0,0,0.2,2.095207218,2.104083306,2.331174292,0,792,990,5,1,1,1,1,0.088,world,2.246643332,13.92867049,19.11891717
543.644,ours,1,0,0,0.2,2.099126123,2.105633578,2.329917806,0,792,990,5,1,1,1,1,0.04,world,2.249251947,13.9306213,19.11853467
543.644,ab3dmot,1,0,0,0.2,2.095470864,2.104848003,2.330980698,0,796,995,5,1,1,1,1,0.1,world,2.251146152,13.92877019,19.11742962
543.7,ours,1,0,0,0.2,2.099309637,2.106397014,2.329885382,0,796,995,5,1,1,1,1,0.024,world,2.252465379,13.93178168,19.11909502
543.7,ab3dmot,1,0,0,0.2,2.096155691,2.105630628,2.330787104,0,800,1000,5,1,1,1,1,0.12,world,2.255976722,13.92853646,19.11542149
543.744,ours,1,0,0,0.2,2.101023965,2.107199446,2.329852958,0,800,1000,5,1,1,1,1,0.028,world,2.261223729,13.93195379,19.11625498
543.744,ab3dmot,1,0,0,0.2,2.096840517,2.106453884,2.330593509,0,804,1005,5,1,1,1,1,0.1,world,2.265098686,13.9284519,19.11147069
543.8,ours,1,0,0,0.2,2.102738294,2.108019683,2.329820534,0,804,1005,5,1,1,1,1,0.024,world,2.266107491,13.93156618,19.11362532
543.8,ab3dmot,1,0,0,0.2,2.097431045,2.107294295,2.330567685,0,808,1010,5,1,1,1,1,0.092,world,2.269908989,13.92817257,19.10852708
543.844,ours,1,0,0,0.2,2.102942259,2.108853094,2.32965381,0,808,1010,5,1,1,1,1,0.036,world,2.270165915,13.93185077,19.11216626
543.844,ab3dmot,1,0,0,0.2,2.098021574,2.108142853,2.330541861,0,812,1015,5,1,1,1,1,0.1,world,2.273065942,13.9292153,19.10861027
543.892,ours,1,0,0,0.2,2.103146224,2.109713536,2.329487087,0,812,1015,5,1,1,1,1,0.016,world,2.276865745,13.93343328,19.11173135
543.892,ab3dmot,1,0,0,0.2,2.098783667,2.109016805,2.330516037,0,816,1020,5,1,1,1,1,0.084,world,2.279501623,13.93104687,19.10833047
543.94,ours,1,0,0,0.2,2.1034206,2.110583496,2.329320364,0,816,1020,5,1,1,1,1,0.032,world,2.280323468,13.93406742,19.11109058
543.94,ab3dmot,1,0,0,0.2,2.099545761,2.109899808,2.330490213,0,820,1025,5,1,1,1,1,0.096,world,2.282902092,13.93174619,19.10760911
543.996,ours,1,0,0,0.2,2.103694977,2.11147996,2.32915364,0,820,1025,5,1,1,1,1,0.032,world,2.287022624,13.93532046,19.11016222
543.996,ab3dmot,1,0,0,0.2,2.101132009,2.110813589,2.330464388,0,824,1030,5,1,1,1,1,0.088,world,2.290453946,13.93236974,19.10440392
544.04,ours,1,0,0,0.2,2.10573438,2.112389424,2.328986917,0,824,1030,5,1,1,1,1,0.04,world,2.291219811,13.93523916,19.10735913
544.04,ab3dmot,1,0,0,0.2,2.102718256,2.111736115,2.330438564,0,828,1035,5,1,1,1,1,0.1,world,2.293879776,13.93291918,19.10311171
544.096,ours,1,0,0,0.2,2.107773784,2.1133061,2.328820193,0,828,1035,5,1,1,1,1,0.028,world,2.294345842,13.93597446,19.10662354
544.096,ab3dmot,1,0,0,0.2,2.103561242,2.112663446,2.33041274,0,832,1040,5,1,1,1,1,0.092,world,2.296574084,13.93421856,19.10184863
544.128,ours,1,0,0,0.2,2.108493449,2.114227217,2.32865347,0,832,1040,5,1,1,1,1,0.024,world,2.296960109,13.93722414,19.10586313
544.128,ab3dmot,1,0,0,0.2,2.104404228,2.113592979,2.330386916,0,836,1045,5,1,1,1,1,0.088,world,2.298780431,13.93574022,19.10229409
544.172,ours,1,0,0,0.2,2.109213115,2.115152977,2.328486746,0,836,1045,5,1,1,1,1,0.004,world,2.299624492,13.93825247,19.1056929
544.172,ab3dmot,1,0,0,0.2,2.105931691,2.114523453,2.330361092,0,840,1050,5,1,1,1,1,0.068,world,2.3007493,13.93755305,19.10233386
544.204,ours,1,0,0,0.2,2.110962954,2.116082603,2.328320023,0,840,1050,5,1,1,1,1,0.016,world,2.302151253,13.93946086,19.10502488
544.204,ab3dmot,1,0,0,0.2,2.107459155,2.115457168,2.330335267,0,844,1055,5,1,1,1,1,0.064,world,2.303166103,13.93877374,19.10235315
544.26,ours,1,0,0,0.2,2.112712794,2.117028947,2.3281533,0,844,1055,5,1,1,1,1,0.02,world,2.307177376,13.9412604,19.10586705
544.26,ab3dmot,1,0,0,0.2,2.108681407,2.116407142,2.330309443,0,848,1060,5,1,1,1,1,0.088,world,2.308123379,13.94076807,19.10265001
544.3,ours,1,0,0,0.2,2.113537855,2.117979467,2.327986576,0,848,1060,5,1,1,1,1,0.024,world,2.309807201,13.94215966,19.10493267
544.3,ab3dmot,1,0,0,0.2,2.109903659,2.117360396,2.330283619,0,852,1065,5,1,1,1,1,0.06,world,2.31058783,13.94188067,19.10179775
544.356,ours,1,0,0,0.2,2.114362915,2.11894585,2.327819853,0,852,1065,5,1,1,1,1,0.032,world,2.314727523,13.94377908,19.10471775
544.356,ab3dmot,1,0,0,0.2,2.110884436,2.118327048,2.330257795,0,856,1070,5,1,1,1,1,0.084,world,2.315043015,13.94393012,19.10233008
544.4,ours,1,0,0,0.2,2.116032516,2.119913712,2.327653129,0,856,1070,5,1,1,1,1,0.028,world,2.316871699,13.94497997,19.10403188
544.4,ab3dmot,1,0,0,0.2,2.111865213,2.119290582,2.33023197,0,860,1075,5,1,1,1,1,0.064,world,2.316284404,13.94601188,19.10298681
544.452,ours,1,0,0,0.2,2.117702117,2.120881175,2.327486406,0,860,1075,5,1,1,1,1,0.048,world,2.318650325,13.94629884,19.10448933
544.452,ab3dmot,1,0,0,0.2,2.115136643,2.120255938,2.330206146,0,864,1080,5,1,1,1,1,0.116,world,2.318493146,13.94679981,19.1033528
544.5,ours,1,0,0,0.2,2.12009537,2.121859571,2.327319682,0,864,1080,5,1,1,1,1,0.028,world,2.322664425,13.94815865,19.10500349
544.5,ab3dmot,1,0,0,0.2,2.118408073,2.121228881,2.330180322,0,868,1085,5,1,1,1,1,0.096,world,2.321849197,13.94936432,19.10459972
544.536,ours,1,0,0,0.2,2.122488622,2.122835695,2.327152959,0,868,1085,5,1,1,1,1,0.016,world,2.324090079,13.94968101,19.10538162
544.536,ab3dmot,1,0,0,0.2,2.119332171,2.122199687,2.330154498,0,872,1090,5,1,1,1,1,0.1,world,2.32328937,13.95078464,19.10536556
544.58,ours,1,0,0,0.2,2.123096543,2.123809968,2.326986235,0,872,1090,5,1,1,1,1,0.012,world,2.325593094,13.95092978,19.10604181
544.58,ab3dmot,1,0,0,0.2,2.120256269,2.123162042,2.330128674,0,876,1095,5,1,1,1,1,0.08,world,2.32345971,13.95328232,19.10813172
544.636,ours,1,0,0,0.2,2.123704464,2.124777658,2.326819512,0,876,1095,5,1,1,1,1,0.016,world,2.326144222,13.95298273,19.10811176
544.636,ab3dmot,1,0,0,0.2,2.120845159,2.124120407,2.330102849,0,880,1100,5,1,1,1,1,0.1,world,2.324503391,13.95478181,19.10979972
544.684,ours,1,0,0,0.2,2.125475793,2.125741791,2.327411521,0,880,1100,5,1,1,1,1,0.016,world,2.32728473,13.95446884,19.10984234
544.684,ab3dmot,1,0,0,0.2,2.121434049,2.125068283,2.330077025,0,884,1105,5,1,1,1,1,0.084,world,2.324222315,13.95747553,19.11417796
544.732,ours,1,0,0,0.2,2.127247123,2.126705163,2.328979609,0,884,1105,5,1,1,1,1,0.02,world,2.328979609,13.95731671,19.11281996
544.732,ab3dmot,1,0,0,0.2,2.122886904,2.126018387,2.329897809,0,888,1110,5,1,1,1,1,0.096,world,2.326492705,13.95976489,19.11638168
544.776,ours,1,0,0,0.2,2.127317154,2.127662804,2.329630563,0,888,1110,5,1,1,1,1,0.012,world,2.329664824,13.95888993,19.1144585
544.776,ab3dmot,1,0,0,0.2,2.12433976,2.126955758,2.329718593,0,892,1115,5,1,1,1,1,0.076,world,2.32571895,13.96271241,19.12038955
544.832,ours,1,0,0,0.2,2.127387185,2.128616342,2.329804963,0,892,1115,5,1,1,1,1,0.032,world,2.330665133,13.96210737,19.11814699
544.832,ab3dmot,1,0,0,0.2,2.124576668,2.127892782,2.329682397,0,896,1120,5,1,1,1,1,0.1,world,2.32744617,13.96518001,19.12320062
544.864,ours,1,0,0,0.2,2.130713946,2.129563175,2.330371743,0,896,1120,5,1,1,1,1,0.008,world,2.331121356,13.96356189,19.12013942
544.864,ab3dmot,1,0,0,0.2,2.124813577,2.128822405,2.329605789,0,900,1125,5,1,1,1,1,0.096,world,2.327720846,13.96674589,19.12569863
544.932,ours,1,0,0,0.2,2.134040707,2.130506392,2.33062591,0,900,1125,5,1,1,1,1,0.032,world,2.332193812,13.96611903,19.12340297
544.932,ab3dmot,1,0,0,0.2,2.127947941,2.129748165,2.329734216,0,904,1130,5,1,1,1,1,0.1,world,2.328705788,13.96931319,19.12938567
544.988,ours,1,0,0,0.2,2.134079232,2.131443948,2.331007301,0,904,1130,5,1,1,1,1,0.024,world,2.33283354,13.96717004,19.12471676
544.988,ab3dmot,1,0,0,0.2,2.131082304,2.130666406,2.329730072,0,908,1135,5,1,1,1,1,0.056,world,2.328920514,13.97062631,19.13185486
545.068,ours,1,0,0,0.2,2.134117757,2.132380264,2.331872076,0,908,1135,5,1,1,1,1,0.056,world,2.33437411,13.96876809,19.12658951
545.068,ab3dmot,1,0,0,0.2,2.131266419,2.13158848,2.33041274,0,912,1140,5,1,1,1,1,0.104,world,2.331481417,13.97127633,19.13204205
545.156,ours,1,0,0,0.2,2.135106567,2.133321067,2.332609635,0,912,1140,5,1,1,1,1,0.056,world,2.337103198,13.97018237,19.12767218
545.156,ab3dmot,1,0,0,0.2,2.131450534,2.132518403,2.331126254,0,916,1145,5,1,1,1,1,0.128,world,2.334892122,13.97202807,19.13209124
545.232,ours,1,0,0,0.2,2.136095376,2.134264433,2.3332765,0,916,1145,5,1,1,1,1,0.036,world,2.339441923,13.97024465,19.12681485
545.232,ab3dmot,1,0,0,0.2,2.134683492,2.133456291,2.333122604,0,920,1150,5,1,1,1,1,0.104,world,2.338346768,13.97101829,19.12944982
545.324,ours,1,0,0,0.2,2.13840568,2.135206758,2.334013074,0,920,1150,5,1,1,1,1,0.028,world,2.341031302,13.97063493,19.12682152
545.324,ab3dmot,1,0,0,0.2,2.137916449,2.1343989,2.334678757,0,924,1155,5,1,1,1,1,0.096,world,2.341138648,13.97031549,19.12733506
545.392,ours,1,0,0,0.2,2.140715985,2.136150226,2.334599516,0,924,1155,5,1,1,1,1,0.024,world,2.343077512,13.97041464,19.12508417
545.392,ab3dmot,1,0,0,0.2,2.137938412,2.135344824,2.335464464,0,928,1160,5,1,1,1,1,0.064,world,2.343645135,13.9697822,19.12443537
545.452,ours,1,0,0,0.2,2.141622232,2.137090215,2.335696963,0,928,1160,5,1,1,1,1,0.052,world,2.344149097,13.97068988,19.12473861
545.452,ab3dmot,1,0,0,0.2,2.137960375,2.136286519,2.336970664,0,932,1165,5,1,1,1,1,0.124,world,2.344559072,13.97011536,19.12462145
545.496,ours,1,0,0,0.2,2.142528479,2.138029504,2.336898954,0,932,1165,5,1,1,1,1,0.016,world,2.345801312,13.96990681,19.12177615
545.496,ab3dmot,1,0,0,0.2,2.138985434,2.13723378,2.338238806,0,936,1170,5,1,1,1,1,0.072,world,2.347548766,13.96840089,19.11846733
545.524,ours,1,0,0,0.2,2.142850582,2.13896391,2.337236223,0,936,1170,5,1,1,1,1,0.024,world,2.34655889,13.96974764,19.12059482
545.524,ab3dmot,1,0,0,0.2,2.140010494,2.138173922,2.338614274,0,940,1175,5,1,1,1,1,0.1,world,2.347839109,13.96851038,19.11853805
545.572,ours,1,0,0,0.2,2.143172685,2.13989101,2.337778486,0,940,1175,5,1,1,1,1,0.012,world,2.346783898,13.96983478,19.12065686
545.572,ab3dmot,1,0,0,0.2,2.140099221,2.13910961,2.339333362,0,944,1180,5,1,1,1,1,0.112,world,2.348682042,13.96823187,19.11698101
545.636,ours,1,0,0,0.2,2.144012495,2.140817832,2.338493747,0,944,1180,5,1,1,1,1,0.036,world,2.348500106,13.96904474,19.1170451
545.636,ab3dmot,1,0,0,0.2,2.140187948,2.140044432,2.339622852,0,948,1185,5,1,1,1,1,0.112,world,2.350286833,13.96745244,19.1138208
545.692,ours,1,0,0,0.2,2.144852305,2.141739452,2.338577377,0,948,1185,5,1,1,1,1,0.02,world,2.349151738,13.96880524,19.11512192
545.692,ab3dmot,1,0,0,0.2,2.14275418,2.140974269,2.339716267,0,952,1190,5,1,1,1,1,0.036,world,2.350996512,13.96746551,19.11110448
545.756,ours,1,0,0,0.2,2.146338186,2.14265317,2.338705697,0,952,1190,5,1,1,1,1,0.016,world,2.349202575,13.96886283,19.1143718
545.756,ab3dmot,1,0,0,0.2,2.145320413,2.141894453,2.340196509,0,956,1195,5,1,1,1,1,0.064,world,2.350675696,13.96778312,19.11120217
545.816,ours,1,0,0,0.2,2.147824066,2.143556326,2.339344811,0,956,1195,5,1,1,1,1,0.02,world,2.348650613,13.96912057,19.11417588
545.816,ab3dmot,1,0,0,0.2,2.14602459,2.142803652,2.340740199,0,960,1200,5,1,1,1,1,0.092,world,2.350035485,13.96798169,19.11147403
545.9,ours,1,0,0,0.2,2.148712985,2.144450492,2.339442928,0,960,1200,5,1,1,1,1,0.012,world,2.348412114,13.96866032,19.11322319
545.9,ab3dmot,1,0,0,0.2,2.146728766,2.143705555,2.340997474,0,964,1205,5,1,1,1,1,0.08,world,2.35017375,13.96712238,19.1099833
545.988,ours,1,0,0,0.2,2.149601904,2.145332159,2.339462023,0,964,1205,5,1,1,1,1,0.036,world,2.347374633,13.96788005,19.11240681
545.988,ab3dmot,1,0,0,0.2,2.14745787,2.144600395,2.341131589,0,968,1210,5,1,1,1,1,0.1,world,2.350342884,13.9651312,19.10729564
546.052,ours,1,0,0,0.2,2.150710904,2.146209172,2.340952838,0,968,1210,5,1,1,1,1,0.052,world,2.348036328,13.9656895,19.10905199
546.052,ab3dmot,1,0,0,0.2,2.148186975,2.145489733,2.341268724,0,972,1215,5,1,1,1,1,0.096,world,2.350837945,13.9630326,19.10438743
546.108,ours,1,0,0,0.2,2.151819904,2.147085648,2.342872891,0,972,1215,5,1,1,1,1,0.016,world,2.349599054,13.96332455,19.10514634
546.108,ab3dmot,1,0,0,0.2,2.149055166,2.146377525,2.343290841,0,976,1220,5,1,1,1,1,0.056,world,2.352198156,13.9606708,19.1012752
546.2,ours,1,0,0,0.2,2.153341052,2.147948761,2.343988359,0,976,1220,5,1,1,1,1,0.044,world,2.348299277,13.96134459,19.10306415
546.2,ab3dmot,1,0,0,0.2,2.149923358,2.147252527,2.344376284,0,980,1225,5,1,1,1,1,0.048,world,2.351039133,13.95845788,19.09922744
546.284,ours,1,0,0,0.2,2.154862199,2.148799465,2.345470869,0,980,1225,5,1,1,1,1,0.032,world,2.347173412,13.95988048,19.10168103
546.284,ab3dmot,1,0,0,0.2,2.150737154,2.148111929,2.346801343,0,984,1230,5,1,1,1,1,0.068,world,2.349210322,13.95766454,19.09900903
546.364,ours,1,0,0,0.2,2.155212509,2.149635201,2.345709335,0,984,1230,5,1,1,1,1,0.048,world,2.345433406,13.95869988,19.10097671
546.364,ab3dmot,1,0,0,0.2,2.15155095,2.148952649,2.347275134,0,988,1235,5,1,1,1,1,0.08,world,2.346636657,13.95723736,19.09977495
546.42,ours,1,0,0,0.2,2.155562819,2.150454697,2.34569094,0,988,1235,5,1,1,1,1,0.02,world,2.343360105,13.95768857,19.10016607
546.42,ab3dmot,1,0,0,0.2,2.152159001,2.149775306,2.347229528,0,992,1240,5,1,1,1,1,0.068,world,2.344145741,13.95666723,19.099533
546.5,ours,1,0,0,0.2,2.156200992,2.151257277,2.345672545,0,992,1240,5,1,1,1,1,0.016,world,2.341082726,13.95670916,19.09910561
546.5,ab3dmot,1,0,0,0.2,2.152767053,2.150579406,2.347183923,0,996,1245,5,1,1,1,1,0.052,world,2.341485605,13.95616906,19.0988063
546.584,ours,1,0,0,0.2,2.156839164,2.152042691,2.345654149,0,996,1245,5,1,1,1,1,0.02,world,2.33869519,13.9555221,19.09801705
546.584,ab3dmot,1,0,0,0.2,2.155226043,2.151367636,2.347138317,0,1000,1250,5,1,1,1,1,0.068,world,2.33938521,13.95478627,19.0970737
546.668,ours,1,0,0,0.2,2.15851344,2.152804595,2.345635754,0,1000,1250,5,1,1,1,1,0.036,world,2.334792956,13.9536209,19.09623244
546.668,ab3dmot,1,0,0,0.2,2.157685034,2.152131766,2.347092712,0,1004,1255,5,1,1,1,1,0.088,world,2.335332735,13.95299698,19.09560021
546.74,ours,1,0,0,0.2,2.160187715,2.153548854,2.345617359,0,1004,1255,5,1,1,1,1,0.04,world,2.332173596,13.95193539,19.09500281
546.74,ab3dmot,1,0,0,0.2,2.158975183,2.152876485,2.347047106,0,1008,1260,5,1,1,1,1,0.092,world,2.332292712,13.95164405,19.09520672
546.8,ours,1,0,0,0.2,2.161001259,2.154284141,2.345598963,0,1008,1260,5,1,1,1,1,0.02,world,2.331518922,13.95031212,19.09339184
546.8,ab3dmot,1,0,0,0.2,2.160265332,2.153617829,2.347001501,0,1012,1265,5,1,1,1,1,0.052,world,2.332938731,13.94867365,19.09179231
546.9,ours,1,0,0,0.2,2.161814803,2.15499734,2.345580568,0,1012,1265,5,1,1,1,1,0.028,world,2.327768009,13.94699421,19.09066878
546.9,ab3dmot,1,0,0,0.2,2.161626664,2.154336861,2.346955895,0,1016,1270,5,1,1,1,1,0.088,world,2.329130585,13.94532469,19.08942458
546.976,ours,1,0,0,0.2,2.164034606,2.155694488,2.345562173,0,1016,1270,5,1,1,1,1,0.04,world,2.325367019,13.9443492,19.08860228
546.976,ab3dmot,1,0,0,0.2,2.162987995,2.155040862,2.34691029,0,1020,1275,5,1,1,1,1,0.096,world,2.326969743,13.94247084,19.08700084
547.06,ours,1,0,0,0.2,2.16625441,2.156370607,2.345543778,0,1020,1275,5,1,1,1,1,0.052,world,2.321737233,13.94030817,19.08454616
547.06,ab3dmot,1,0,0,0.2,2.164725202,2.15572641,2.346864684,0,1024,1280,5,1,1,1,1,0.084,world,2.323949602,13.93809547,19.08142095
547.124,ours,1,0,0,0.2,2.166367616,2.157040218,2.345525382,0,1024,1280,5,1,1,1,1,0.024,world,2.321495446,13.93816224,19.08108302
547.124,ab3dmot,1,0,0,0.2,2.166462409,2.156404913,2.346819079,0,1028,1285,5,1,1,1,1,0.08,world,2.323593129,13.93637371,19.07735602
547.2,ours,1,0,0,0.2,2.166480821,2.157685863,2.345506987,0,1028,1285,5,1,1,1,1,0.024,world,2.317060329,13.93520192,19.0757681
547.2,ab3dmot,1,0,0,0.2,2.166476684,2.157059575,2.346773473,0,1032,1290,5,1,1,1,1,0.056,world,2.319189198,13.93383379,19.0710951
547.288,ours,1,0,0,0.2,2.16836685,2.158314333,2.345488592,0,1032,1290,5,1,1,1,1,0.02,world,2.314179543,13.93311343,19.0716794
547.288,ab3dmot,1,0,0,0.2,2.16649096,2.157697058,2.346727868,0,1036,1295,5,1,1,1,1,0.08,world,2.316313266,13.9319063,19.06680363
547.372,ours,1,0,0,0.2,2.170252878,2.15892483,2.345470196,0,1036,1295,5,1,1,1,1,0.036,world,2.311050917,13.93096417,19.06820763
547.372,ab3dmot,1,0,0,0.2,2.167704083,2.158313082,2.346682262,0,1040,1300,5,1,1,1,1,0.132,world,2.312344122,13.93029396,19.06518711
547.468,ours,1,0,0,0.2,2.170522912,2.159502138,2.345451801,0,1040,1300,5,1,1,1,1,0.06,world,2.30415988,13.92880435,19.06762079
547.468,ab3dmot,1,0,0,0.2,2.168917206,2.158895989,2.346636657,0,1044,1305,5,1,1,1,1,0.228,world,2.305456757,13.92813505,19.06460018
547.54,ours,1,0,0,0.2,2.170792946,2.160055634,2.345433406,0,1044,1305,5,1,1,1,1,0.04,world,2.299448502,13.92733267,19.06722414
547.54,ab3dmot,1,0,0,0.2,2.171135534,2.159455124,2.346532778,0,1048,1310,5,1,1,1,1,0.3,world,2.300747927,13.92666402,19.06420346
547.604,ours,1,0,0,0.2,2.173337682,2.160613859,2.34536919,0,1048,1310,5,1,1,1,1,0.032,world,2.301686273,13.91950463,19.05551753
547.604,ab3dmot,1,0,0,0.2,2.173353862,2.160018287,2.346428898,0,1052,1315,5,1,1,1,1,0.064,world,2.302827015,13.91847861,19.05369928
547.7,ours,1,0,0,0.2,2.175882417,2.161150779,2.345304975,0,1052,1315,5,1,1,1,1,0.032,world,2.297504847,13.91724513,19.05431399
547.7,ab3dmot,1,0,0,0.2,2.17390874,2.160561673,2.346325019,0,1056,1320,5,1,1,1,1,0.096,world,2.299017724,13.91555902,19.05259421
547.78,ours,1,0,0,0.2,2.178172686,2.161658391,2.34524076,0,1056,1320,5,1,1,1,1,0.028,world,2.291259629,13.91358878,19.05251887
547.78,ab3dmot,1,0,0,0.2,2.174463619,2.16107555,2.34622114,0,1060,1325,5,1,1,1,1,0.076,world,2.292713648,13.91172592,19.051486
547.864,ours,1,0,0,0.2,2.180462955,2.162146746,2.345176544,0,1060,1325,5,1,1,1,1,0.028,world,2.287428249,13.91069191,19.05091768
547.864,ab3dmot,1,0,0,0.2,2.175371532,2.16156649,2.346117261,0,1064,1330,5,1,1,1,1,0.096,world,2.287955785,13.90972893,19.0512397
547.936,ours,1,0,0,0.2,2.180795979,2.162612414,2.345112329,0,1064,1330,5,1,1,1,1,0.036,world,2.282668722,13.90859868,19.05068397
547.936,ab3dmot,1,0,0,0.2,2.176279446,2.16203126,2.346013381,0,1068,1335,5,1,1,1,1,0.1,world,2.282301603,13.90851454,19.05224353
548.012,ours,1,0,0,0.2,2.181129003,2.163055785,2.345048113,0,1068,1335,5,1,1,1,1,0.032,world,2.27793015,13.90667986,19.04983341
548.012,ab3dmot,1,0,0,0.2,2.179356807,2.162472342,2.345909502,0,1072,1340,5,1,1,1,1,0.076,world,2.277186548,13.90701171,19.05177529
548.1,ours,1,0,0,0.2,2.181949646,2.163466386,2.344983898,0,1072,1340,5,1,1,1,1,0.032,world,2.27044155,13.90413336,19.04895638
548.1,ab3dmot,1,0,0,0.2,2.182434168,2.162877778,2.345805623,0,1076,1345,5,1,1,1,1,0.1,world,2.268924826,13.90509226,19.0522228
548.192,ours,1,0,0,0.2,2.182770289,2.163852664,2.344919682,0,1076,1345,5,1,1,1,1,0.044,world,2.265001868,13.90273947,19.04918722
548.192,ab3dmot,1,0,0,0.2,2.183072353,2.163260601,2.345701744,0,1080,1350,5,1,1,1,1,0.092,world,2.263890235,13.90324758,19.05206168
548.264,ours,1,0,0,0.2,2.184918074,2.164217862,2.344855467,0,1080,1350,5,1,1,1,1,0.032,world,2.260314467,13.90052587,19.04860877
548.264,ab3dmot,1,0,0,0.2,2.183710538,2.163620851,2.345597864,0,1084,1355,5,1,1,1,1,0.1,world,2.258787277,13.90137811,19.05220855
548.336,ours,1,0,0,0.2,2.18706586,2.164562022,2.344791251,0,1084,1355,5,1,1,1,1,0.036,world,2.255564767,13.89820486,19.04858255
548.336,ab3dmot,1,0,0,0.2,2.185374894,2.163960135,2.345493985,0,1088,1360,5,1,1,1,1,0.108,world,2.254024647,13.8991778,19.05195757
548.408,ours,1,0,0,0.2,2.188721156,2.164890464,2.344727036,0,1088,1360,5,1,1,1,1,0.012,world,2.252133761,13.8948613,19.0463214
548.408,ab3dmot,1,0,0,0.2,2.187039249,2.164286029,2.345390106,0,1092,1365,5,1,1,1,1,0.08,world,2.251178228,13.89533841,19.04880502
548.5,ours,1,0,0,0.2,2.190376453,2.165190798,2.344662821,0,1092,1365,5,1,1,1,1,0.012,world,2.245390523,13.89160553,19.04454823
548.5,ab3dmot,1,0,0,0.2,2.188833086,2.164589627,2.345286227,0,1096,1370,5,1,1,1,1,0.072,world,2.245937534,13.89069524,19.04505441
548.596,ours,1,0,0,0.2,2.192067524,2.165475015,2.344598605,0,1096,1370,5,1,1,1,1,0.036,world,2.24171901,13.88862494,19.04260197
548.596,ab3dmot,1,0,0,0.2,2.190626922,2.164872194,2.345182347,0,1100,1375,5,1,1,1,1,0.068,world,2.240953744,13.88889107,19.04499527
548.672,ours,1,0,0,0.2,2.193758596,2.165737672,2.34453439,0,1100,1375,5,1,1,1,1,0.048,world,2.236543782,13.88705097,19.04277816
548.672,ab3dmot,1,0,0,0.2,2.191736306,2.16512907,2.345078468,0,1104,1380,5,1,1,1,1,0.076,world,2.234649655,13.88844276,19.04636328
548.76,ours,1,0,0,0.2,2.19434601,2.16596663,2.344470174,0,1104,1380,5,1,1,1,1,0.06,world,2.228037325,13.88557302,19.04377107
548.76,ab3dmot,1,0,0,0.2,2.19284569,2.16535453,2.344974589,0,1108,1385,5,1,1,1,1,0.132,world,2.226709022,13.88654645,19.04627409
548.848,ours,1,0,0,0.2,2.194933425,2.166171912,2.344405959,0,1108,1385,5,1,1,1,1,0.048,world,2.222104981,13.88486274,19.04495279
548.848,ab3dmot,1,0,0,0.2,2.193437464,2.165551871,2.34487071,0,1112,1390,5,1,1,1,1,0.124,world,2.219539694,13.88694858,19.04912669
548.904,ours,1,0,0,0.2,2.195131656,2.166350664,2.344341743,0,1112,1390,5,1,1,1,1,0.012,world,2.215309825,13.88490914,19.04762343
548.904,ab3dmot,1,0,0,0.2,2.194029238,2.16571874,2.34476683,0,1116,1395,5,1,1,1,1,0.044,world,2.211620145,13.8881028,19.05303377
549,ours,1,0,0,0.2,2.195329888,2.166492732,2.344277528,0,1116,1395,5,1,1,1,1,0.024,world,2.205632537,13.88477519,19.05067686
549,ab3dmot,1,0,0,0.2,2.194848692,2.165852227,2.344662951,0,1120,1400,5,1,1,1,1,0.076,world,2.202779099,13.88724198,19.0548579
549.096,ours,1,0,0,0.2,2.196046551,2.166613161,2.344213312,0,1120,1400,5,1,1,1,1,0.036,world,2.199955462,13.88407075,19.05182708
549.096,ab3dmot,1,0,0,0.2,2.195668147,2.165959649,2.344559072,0,1124,1405,5,1,1,1,1,0.104,world,2.195831297,13.88754298,19.05813323
549.16,ours,1,0,0,0.2,2.195329888,2.166710085,2.344149097,0,1124,1405,5,1,1,1,1,0.04,world,2.193680248,13.88390111,19.05415025
549.16,ab3dmot,1,0,0,0.2,2.194848692,2.166045929,2.344538405,0,1128,1410,5,1,1,1,1,0.104,world,2.19015578,13.88682386,19.05965529
549.204,ours,1,0,0,0.2,2.195131656,2.166794083,2.344109647,0,1128,1410,5,1,1,1,1,0.004,world,2.190269907,13.88389756,19.05633661
549.204,ab3dmot,1,0,0,0.2,2.194029238,2.166121864,2.344517739,0,1132,1415,5,1,1,1,1,0.084,world,2.187430326,13.8862836,19.06066156
549.284,ours,1,0,0,0.2,2.194933425,2.166860198,2.344070198,0,1132,1415,5,1,1,1,1,0.028,world,2.185424918,13.88263842,19.05674827
549.284,ab3dmot,1,0,0,0.2,2.193437464,2.166182492,2.344497072,0,1136,1420,5,1,1,1,1,0.096,world,2.183272508,13.88431945,19.06041934
549.304,ours,1,0,0,0.2,2.19434601,2.166919287,2.344030748,0,1136,1420,5,1,1,1,1,0.004,world,2.183577265,13.88145204,19.05651665
549.304,ab3dmot,1,0,0,0.2,2.19284569,2.166236852,2.344476406,0,1140,1425,5,1,1,1,1,0.084,world,2.181620297,13.88302943,19.05967963
549.384,ours,1,0,0,0.2,2.193758596,2.166961891,2.343991299,0,1140,1425,5,1,1,1,1,0.032,world,2.179027741,13.88013997,19.05655537
549.384,ab3dmot,1,0,0,0.2,2.191736306,2.16627555,2.344455739,0,1144,1430,5,1,1,1,1,0.128,world,2.177276479,13.88153865,19.05941338
549.4,ours,1,0,0,0.2,2.193719422,2.166996239,2.343951849,0,1144,1430,5,1,1,1,1,0.004,world,2.176763292,13.87939132,19.05705207
549.4,ab3dmot,1,0,0,0.2,2.190626922,2.166309018,2.344435073,0,1148,1435,5,1,1,1,1,0.048,world,2.175859948,13.88001091,19.05889393
549.456,ours,1,0,0,0.2,2.193680248,2.167023306,2.343912399,0,1148,1435,5,1,1,1,1,0.012,world,2.174750708,13.87856217,19.0568524
549.456,ab3dmot,1,0,0,0.2,2.190391351,2.166336158,2.344414406,0,1152,1440,5,1,1,1,1,0.068,world,2.174111268,13.87895271,19.05833513
549.5,ours,1,0,0,0.2,2.19202835,2.167044031,2.34387295,0,1152,1440,5,1,1,1,1,0.012,world,2.17298374,13.87749907,19.05654383
549.5,ab3dmot,1,0,0,0.2,2.19015578,2.16635826,2.34439374,0,1156,1445,5,1,1,1,1,0.048,world,2.172714319,13.87761269,19.05736682
549.5,sort,0.3620689655,4,0,0.1931034483,13.00408089,12.98184744,13.54917965,0,464,580,5,1,1,1,1,0.08,world,12.44672239,20.17766079,23.4752656
549.552,ours,1,0,0,0.2,2.190376453,2.167050285,2.3438335,0,1156,1445,5,1,1,1,1,0.024,world,2.168850647,13.87613655,19.05627835
549.552,ab3dmot,1,0,0,0.2,2.188793053,2.166365733,2.344373073,0,1160,1450,5,1,1,1,1,0.068,world,2.16852426,13.8763744,19.05688911
549.552,sort,0.358974359,4,0,0.1931623932,13.00192358,12.97732521,13.54609249,0,468,585,5,1,1,1,1,0.068,world,12.44159686,20.17504778,23.47397362
549.6,ours,1,0,0,0.2,2.19032318,2.16704984,2.343794051,0,1160,1450,5,1,1,1,1,0.016,world,2.16692146,13.87546706,19.05569255
549.6,ab3dmot,1,0,0,0.2,2.187430326,2.166369317,2.344352406,0,1164,1455,5,1,1,1,1,0.048,world,2.167408377,13.87518461,19.05452137
549.6,sort,0.3559322034,4,0,0.193220339,12.9976449,12.97285758,13.54300532,0,472,590,5,1,1,1,1,0.084,world,12.4390736,20.17377993,23.47336372
549.652,ours,1,0,0,0.2,2.190269907,2.167036514,2.343754601,0,1164,1455,5,1,1,1,1,0.036,world,2.163168383,13.87407877,19.05469416
549.652,ab3dmot,1,0,0,0.2,2.187234788,2.166359691,2.34433174,0,1168,1460,5,1,1,1,1,0.068,world,2.163556683,13.87393413,19.05347978
549.652,sort,0.3529411765,4,0,0.1932773109,12.99336623,12.96842354,13.53991815,0,476,595,5,1,1,1,1,0.1,world,12.43410929,20.17132297,23.47221651
549.7,ours,1,0,0,0.2,2.188667883,2.167017027,2.343715152,0,1168,1460,5,1,1,1,1,0.016,world,2.161338753,13.87350545,19.05378168
549.7,ab3dmot,1,0,0,0.2,2.187039249,2.166343049,2.344311073,0,1172,1465,5,1,1,1,1,0.048,world,2.161478203,13.87364529,19.05269256
549.7,sort,0.35,4,0,0.1933333333,12.98914254,12.96404241,13.53683099,0,480,600,5,1,1,1,1,0.084,world,12.43166948,20.17013441,23.47167936
549.744,ours,1,0,0,0.2,2.18706586,2.166990366,2.343675702,0,1172,1465,5,1,1,1,1,0.032,world,2.159191519,13.87315066,19.05366302
549.744,ab3dmot,1,0,0,0.2,2.185374894,2.166319768,2.344290407,0,1176,1470,5,1,1,1,1,0.092,world,2.159487583,13.87308853,19.05259916
549.744,sort,0.347107438,4,0,0.1933884298,12.98491886,12.95965991,13.53374382,0,484,605,5,1,1,1,1,0.092,world,12.42254055,20.16218551,23.46410249
549.788,ours,1,0,0,0.2,2.186245389,2.166956908,2.343636252,0,1176,1470,5,1,1,1,1,0.02,world,2.157131257,13.87273057,19.05355001
549.788,ab3dmot,1,0,0,0.2,2.183710538,2.166289231,2.34426974,0,1180,1475,5,1,1,1,1,0.072,world,2.157292525,13.8728684,19.05240322
549.788,sort,0.3442622951,4,0,0.193442623,12.98283027,12.955323,13.53051104,0,488,610,5,1,1,1,1,0.072,world,12.41938317,20.15948795,23.46156488
549.836,ours,1,0,0,0.2,2.185424918,2.166911129,2.343596803,0,1180,1475,5,1,1,1,1,0.036,world,2.153409833,13.87163991,19.05293387
549.836,ab3dmot,1,0,0,0.2,2.183491523,2.166247222,2.344249074,0,1184,1480,5,1,1,1,1,0.088,world,2.153819005,13.87153671,19.05155405
549.836,sort,0.3414634146,4,0,0.193495935,12.98074168,12.9510179,13.52727827,0,492,615,5,1,1,1,1,0.088,world,12.4145998,20.15716051,23.46049957
549.88,ours,1,0,0,0.2,2.184501091,2.166861301,2.343557353,0,1184,1480,5,1,1,1,1,0.012,world,2.152111784,13.87064727,19.05197924
549.88,ab3dmot,1,0,0,0.2,2.183272508,2.166205207,2.344228407,0,1188,1485,5,1,1,1,1,0.064,world,2.153732525,13.86953587,19.04884881
549.88,sort,0.3387096774,4,0,0.1935483871,12.97940344,12.9467613,13.52404549,0,496,620,5,1,1,1,1,0.064,world,12.41207252,20.1558087,23.45973984
549.912,ours,1,0,0,0.2,2.183577265,2.166810401,2.343517904,0,1188,1485,5,1,1,1,1,0.012,world,2.151690923,13.86893944,19.04988304
549.912,ab3dmot,1,0,0,0.2,2.182853338,2.166160771,2.344207741,0,1192,1490,5,1,1,1,1,0.064,world,2.152922852,13.8681292,19.04738989
549.912,sort,0.336,4,0,0.1936,12.9780652,12.94255327,13.52081272,0,500,625,5,1,1,1,1,0.064,world,12.40970328,20.15464409,23.45918744
549.98,ours,1,0,0,0.2,2.183173777,2.16675107,2.343478454,0,1192,1490,5,1,1,1,1,0.012,world,2.149057393,13.86710931,19.04845567
549.98,ab3dmot,1,0,0,0.2,2.182434168,2.16610901,2.344187074,0,1196,1495,5,1,1,1,1,0.1,world,2.150628744,13.86599684,19.04555392
549.98,sort,0.3333333333,4,0,0.1936507937,12.97324331,12.93837623,13.51757994,0,504,630,5,1,1,1,1,0.1,world,12.40517459,20.15254136,23.45831899
550.012,ours,1,0,0,0.2,2.182770289,2.166690204,2.343439004,0,1196,1495,5,1,1,1,1,0.012,world,2.148475391,13.86561165,19.04686875
550.012,ab3dmot,1,0,0,0.2,2.182027232,2.16606438,2.344166408,0,1200,1500,5,1,1,1,1,0.064,world,2.152678409,13.86219206,19.0407257
550.012,sort,0.3307086614,4,0,0.1937007874,12.96842142,12.93424555,13.51434716,0,508,635,5,1,1,1,1,0.064,world,12.40277777,20.15130311,23.45765785
550.072,ours,1,0,0,0.2,2.181949646,2.166629573,2.343399555,0,1200,1500,5,1,1,1,1,0.02,world,2.148424193,13.86368434,19.04469849
550.072,ab3dmot,1,0,0,0.2,2.181620297,2.166022119,2.344145741,0,1204,1505,5,1,1,1,1,0.092,world,2.153306298,13.85967413,19.03779171
550.072,sort,0.328125,4,0,0.19375,12.96244891,12.93016136,13.51111439,0,512,640,5,1,1,1,1,0.092,world,12.40054101,20.15025278,23.45720411
550.1,ours,1,0,0,0.2,2.181129003,2.166574714,2.343360105,0,1204,1505,5,1,1,1,1,0,world,2.150053759,13.86031233,19.04065198
550.1,ab3dmot,1,0,0,0.2,2.179448388,2.165986936,2.344120711,0,1208,1510,5,1,1,1,1,0.052,world,2.155370858,13.85589546,19.03352024
550.1,sort,0.3255813953,4,0,0.1937984496,12.9564764,12.92612285,13.50788161,0,516,645,5,1,1,1,1,0.088,world,12.39833858,20.14923145,23.45677506
550.168,ours,1,0,0,0.2,2.180795979,2.166514437,2.343345976,0,1208,1510,5,1,1,1,1,0.024,world,2.148293985,13.8580893,19.03874158
550.168,ab3dmot,1,0,0,0.2,2.177276479,2.165944717,2.34409568,0,1212,1515,5,1,1,1,1,0.088,world,2.153156698,13.85409912,19.0321094
550.168,sort,0.3230769231,4,0,0.1938461538,12.93725292,12.92211341,13.50464883,0,520,650,5,1,1,1,1,0.088,world,12.39402451,20.14725873,23.4559707
550.2,ours,1,0,0,0.2,2.180462955,2.166455894,2.343331846,0,1212,1515,5,1,1,1,1,0.008,world,2.148703113,13.85595788,19.0361919
550.2,ab3dmot,1,0,0,0.2,2.176777962,2.165904379,2.34407065,0,1216,1520,5,1,1,1,1,0.056,world,2.153647281,13.85191322,19.02950067
550.2,sort,0.320610687,4,0,0.1938931298,12.91802944,12.91814861,13.50141606,0,524,655,5,1,1,1,1,0.088,world,12.39192778,20.14632528,23.45561567
550.264,ours,1,0,0,0.2,2.179745348,2.166391088,2.343317716,0,1216,1520,5,1,1,1,1,0.032,world,2.146664806,13.85424809,19.03475411
550.264,ab3dmot,1,0,0,0.2,2.176279446,2.165859289,2.34404562,0,1220,1525,5,1,1,1,1,0.084,world,2.152108032,13.84981373,19.02740541
550.264,sort,0.3181818182,4,0,0.1939393939,12.8733521,12.91421291,13.49818328,0,528,660,5,1,1,1,1,0.084,world,12.38782899,20.14452952,23.45495922
550.3,ours,1,0,0,0.2,2.179027741,2.166332113,2.343303587,0,1220,1525,5,1,1,1,1,0.02,world,2.148328614,13.851279,19.03041469
550.3,ab3dmot,1,0,0,0.2,2.176069697,2.165823692,2.344020589,0,1224,1530,5,1,1,1,1,0.056,world,2.154939156,13.8459899,19.02121434
550.3,sort,0.3157894737,4,0,0.1939849624,12.82867476,12.91032087,13.49495051,0,532,665,5,1,1,1,1,0.088,world,12.38584176,20.1436851,23.45467805
550.356,ours,1,0,0,0.2,2.177895517,2.166275183,2.343289457,0,1224,1530,5,1,1,1,1,0.048,world,2.148841083,13.84931361,19.02760176
550.356,ab3dmot,1,0,0,0.2,2.175859948,2.165783592,2.343995559,0,1228,1535,5,1,1,1,1,0.112,world,2.153477809,13.8456064,19.02118296
550.356,sort,0.3134328358,4,0,0.1940298507,12.79857761,12.90647262,13.49171773,0,536,670,5,1,1,1,1,0.144,world,12.38400399,20.14301197,23.45458384
550.4,ours,1,0,0,0.2,2.176763292,2.166220696,2.343275327,0,1228,1535,5,1,1,1,1,0.02,world,2.149482893,13.8473062,19.02457937
550.4,ab3dmot,1,0,0,0.2,2.175161783,2.165754862,2.343970529,0,1232,1540,5,1,1,1,1,0.092,world,2.156916831,13.84147867,19.01387658
550.4,sort,0.3111111111,4,0,0.1940740741,12.82867476,12.90636218,13.48848495,0,540,675,5,1,1,1,1,0.124,world,12.89155437,21.22779774,24.94155252
550.448,ours,1,0,0,0.2,2.176322855,2.166172265,2.343261198,0,1232,1540,5,1,1,1,1,0.04,world,2.151252455,13.84308398,19.01779641
550.448,ab3dmot,1,0,0,0.2,2.174463619,2.165726051,2.343945499,0,1236,1545,5,1,1,1,1,0.104,world,2.15683372,13.83873109,19.00979085
550.448,sort,0.3088235294,4,0,0.1941176471,12.86011457,12.90688002,13.48525218,0,544,680,5,1,1,1,1,0.072,world,12.97659897,21.39144475,25.16067172
550.484,ours,1,0,0,0.2,2.175882417,2.166133267,2.343247068,0,1236,1545,5,1,1,1,1,0.008,world,2.154088217,13.83952522,19.01166368
550.484,ab3dmot,1,0,0,0.2,2.174287444,2.165707423,2.343920468,0,1240,1550,5,1,1,1,1,0.076,world,2.159943746,13.83500953,19.00315014
550.484,sort,0.3065693431,4,0,0.1941605839,12.89155437,12.90759125,13.4820194,0,548,685,5,1,1,1,1,0.076,world,13.00395647,21.44391829,25.23084411
550.512,ours,1,0,0,0.2,2.175316563,2.166101825,2.343232938,0,1240,1550,5,1,1,1,1,0.012,world,2.156364393,13.83773958,19.008488
550.512,ab3dmot,1,0,0,0.2,2.174111268,2.165696702,2.343895438,0,1244,1555,5,1,1,1,1,0.068,world,2.162370648,13.83311856,18.9997709
550.512,sort,0.3043478261,4,0,0.1942028986,12.90479191,12.90853392,13.47878662,0,552,690,5,1,1,1,1,0.068,world,13.03703514,21.50373007,25.30980057
550.576,ours,1,0,0,0.2,2.174750708,2.166070489,2.343218808,0,1244,1555,5,1,1,1,1,0.02,world,2.156334198,13.83514202,19.00488482
550.576,ab3dmot,1,0,0,0.2,2.173732565,2.165693801,2.343870408,0,1248,1560,5,1,1,1,1,0.068,world,2.164791345,13.82861146,18.99296786
550.576,sort,0.3021582734,4,0,0.1942446043,12.91802944,12.9096558,13.47555385,0,556,695,5,1,1,1,1,0.1,world,13.06355121,21.55602323,25.38007828
550.612,ours,1,0,0,0.2,2.173867224,2.166047632,2.343204679,0,1248,1560,5,1,1,1,1,0.012,world,2.158927434,13.83176856,19.00012965
550.612,ab3dmot,1,0,0,0.2,2.173353862,2.165691477,2.343845377,0,1252,1565,5,1,1,1,1,0.072,world,2.164966314,13.82712879,18.99162516
550.612,sort,0.3,4,0,0.1942857143,12.93725292,12.91118872,13.47232107,0,560,700,5,1,1,1,1,0.072,world,13.12252185,21.66256556,25.52059205
550.672,ours,1,0,0,0.2,2.17298374,2.166023101,2.343190549,0,1252,1565,5,1,1,1,1,0.012,world,2.158355861,13.82975121,18.99810778
550.672,ab3dmot,1,0,0,0.2,2.173034091,2.165686695,2.343820347,0,1256,1570,5,1,1,1,1,0.096,world,2.164189451,13.82526001,18.9900707
550.672,sort,0.2978723404,4,0,0.1943262411,12.9564764,12.91292796,13.46908829,0,564,705,5,1,1,1,1,0.096,world,13.15415194,21.72215126,25.59983316
550.704,ours,1,0,0,0.2,2.171888343,2.166001996,2.343176419,0,1256,1570,5,1,1,1,1,0.004,world,2.159386059,13.8277501,18.99560062
550.704,ab3dmot,1,0,0,0.2,2.172714319,2.165691574,2.343795317,0,1260,1575,5,1,1,1,1,0.064,world,2.167222998,13.82165015,18.98548231
550.704,sort,0.2957746479,4,0,0.1943661972,12.96244891,12.91508218,13.46767041,0,568,710,5,1,1,1,1,0.064,world,13.21531209,21.82958857,25.74050207
550.772,ours,1,0,0,0.2,2.170792946,2.165980943,2.34316229,0,1260,1575,5,1,1,1,1,0.028,world,2.159360123,13.82556866,18.99310153
550.772,ab3dmot,1,0,0,0.2,2.170815763,2.165697011,2.343770286,0,1264,1580,5,1,1,1,1,0.1,world,2.167409092,13.8193275,18.98279543
550.772,sort,0.2937062937,4,0,0.1944055944,12.96842142,12.91741384,13.46625252,0,572,715,5,1,1,1,1,0.1,world,13.24434309,21.88303323,25.81114305
550.812,ours,1,0,0,0.2,2.170522912,2.165971567,2.34314816,0,1264,1580,5,1,1,1,1,0.012,world,2.163015874,13.8216667,18.98741011
550.812,ab3dmot,1,0,0,0.2,2.171019545,2.165713822,2.343745256,0,1268,1585,5,1,1,1,1,0.072,world,2.171019545,13.81548408,18.97742179
550.812,sort,0.2916666667,4,0,0.1944444444,12.97251019,12.92019305,13.46483463,0,576,720,5,1,1,1,1,0.072,world,13.3116468,21.99811985,25.96074967
550.904,ours,1,0,0,0.2,2.170252878,2.165969347,2.34313403,0,1268,1585,5,1,1,1,1,0.036,world,2.165267784,13.81797696,18.98244829
550.904,ab3dmot,1,0,0,0.2,2.171866932,2.165740188,2.343720226,0,1272,1590,5,1,1,1,1,0.064,world,2.174081941,13.81121716,18.97160309
550.904,sort,0.2896551724,4,0,0.1944827586,12.97659897,12.92314871,13.46341674,0,580,725,5,1,1,1,1,0.132,world,13.34192951,22.05213608,26.03156796
550.984,ours,1,0,0,0.2,2.169551763,2.165971259,2.343119901,0,1272,1590,5,1,1,1,1,0.024,world,2.166577165,13.8143902,18.97775706
550.984,ab3dmot,1,0,0,0.2,2.172714319,2.165767898,2.343695195,0,1276,1595,5,1,1,1,1,0.08,world,2.174561983,13.80830788,18.9680031
550.984,sort,0.2876712329,4,0,0.1945205479,12.97733209,12.92678028,13.46256052,0,584,730,5,1,1,1,1,0.112,world,13.44297718,22.22271239,26.25231956
551.068,ours,1,0,0,0.2,2.170252878,2.165984753,2.343105771,0,1276,1595,5,1,1,1,1,0.036,world,2.170271879,13.81006291,18.9713819
551.068,ab3dmot,1,0,0,0.2,2.173034091,2.165798912,2.343670165,0,1280,1600,5,1,1,1,1,0.096,world,2.175669842,13.80597125,18.96490967
551.068,sort,0.2857142857,4,0,0.1945578231,12.9780652,12.93083203,13.49727402,0,588,735,5,1,1,1,1,0.132,world,13.50935362,22.33263769,26.39379896
551.148,ours,1,0,0,0.2,2.170262379,2.166007673,2.343091641,0,1280,1600,5,1,1,1,1,0.048,world,2.173306731,13.80642359,18.96602748
551.148,ab3dmot,1,0,0,0.2,2.173353862,2.165831078,2.343645135,0,1284,1605,5,1,1,1,1,0.112,world,2.176099623,13.80431614,18.96271783
551.148,sort,0.2837837838,4,0,0.1945945946,12.97940344,12.93558925,13.52520725,0,592,740,5,1,1,1,1,0.112,world,13.61683352,22.50555823,26.61464085
551.22,ours,1,0,0,0.2,2.170271879,2.16603455,2.343077512,0,1284,1605,5,1,1,1,1,0.02,world,2.174618149,13.80426563,18.96284227
551.22,ab3dmot,1,0,0,0.2,2.173717901,2.165867204,2.343537158,0,1288,1610,5,1,1,1,1,0.084,world,2.177432731,13.80215383,18.95948488
551.22,sort,0.2818791946,4,0,0.1946308725,12.98074168,12.94106475,13.57078982,0,596,745,5,1,1,1,1,0.084,world,13.72737952,22.67973251,26.83568422
551.296,ours,1,0,0,0.2,2.170532412,2.166064052,2.342977772,0,1288,1610,5,1,1,1,1,0.028,world,2.175513436,13.80255581,18.9606195
551.296,ab3dmot,1,0,0,0.2,2.174081941,2.165899164,2.343429182,0,1292,1615,5,1,1,1,1,0.096,world,2.17616574,13.80204256,18.96014677
551.296,sort,0.28,4,0,0.1946666667,12.98283027,12.94211191,13.56770266,0,600,750,5,1,1,1,1,0.128,world,13.09720303,21.61967833,25.46362917
551.332,ours,1,0,0,0.2,2.170792946,2.166094292,2.342878033,0,1292,1615,5,1,1,1,1,0.028,world,2.175809857,13.80186086,18.95991219
551.332,ab3dmot,1,0,0,0.2,2.174096604,2.165928843,2.343321205,0,1296,1620,5,1,1,1,1,0.096,world,2.175494107,13.80208066,18.9604868
551.332,sort,0.2781456954,4,0,0.1947019868,12.98491886,12.94314026,13.56461549,0,604,755,5,1,1,1,1,0.164,world,13.09647845,21.61981874,25.46415703
551.38,ours,1,0,0,0.2,2.171888343,2.1661226,2.342778294,0,1296,1620,5,1,1,1,1,0.02,world,2.175246583,13.80147977,18.95965221
551.38,ab3dmot,1,0,0,0.2,2.174111268,2.165954634,2.343213229,0,1300,1625,5,1,1,1,1,0.08,world,2.174294742,13.80215907,18.96117426
551.38,sort,0.2763157895,4,0,0.1947368421,12.98914254,12.94363333,13.56152832,0,608,760,5,1,1,1,1,0.112,world,13.01787259,21.4722388,25.26738131
551.44,ours,1,0,0,0.2,2.17298374,2.166151493,2.342678555,0,1300,1625,5,1,1,1,1,0.02,world,2.175492826,13.80093789,18.95914935
551.44,ab3dmot,1,0,0,0.2,2.174096604,2.165978409,2.343105252,0,1304,1630,5,1,1,1,1,0.108,world,2.173691652,13.80225839,18.96157772
551.44,sort,0.2745098039,4,0,0.1947712418,12.99336623,12.94425081,13.55844116,0,612,765,5,1,1,1,1,0.108,world,13.03776781,21.50725712,25.31320218
551.5,ours,1,0,0,0.2,2.173145235,2.166179911,2.342578815,0,1304,1630,5,1,1,1,1,0.02,world,2.175395996,13.80041671,18.95888139
551.5,ab3dmot,1,0,0,0.2,2.174081941,2.165997626,2.342997276,0,1308,1635,5,1,1,1,1,0.068,world,2.172253094,13.80270968,18.96323734
551.5,sort,0.2727272727,4,0,0.1948051948,12.9976449,12.94499679,13.55535399,0,616,770,5,1,1,1,1,0.1,world,13.05862882,21.54482309,25.36250994
551.568,ours,1,0,0,0.2,2.173306731,2.166206262,2.342479076,0,1308,1635,5,1,1,1,1,0.032,world,2.174779783,13.80043892,18.95933444
551.568,ab3dmot,1,0,0,0.2,2.173886796,2.166012932,2.342889299,0,1312,1640,5,1,1,1,1,0.068,world,2.171012421,13.80319937,18.96438456
551.568,sort,0.2709677419,4,0,0.1948387097,13.00192358,12.94586261,13.55226682,0,620,775,5,1,1,1,1,0.104,world,13.07851476,21.58038027,25.40907704
551.652,ours,1,0,0,0.2,2.173673318,2.166230188,2.342379337,0,1312,1640,5,1,1,1,1,0.052,world,2.174039905,13.80070331,18.96011427
551.652,ab3dmot,1,0,0,0.2,2.173691652,2.166024414,2.342781323,0,1316,1645,5,1,1,1,1,0.12,world,2.169787012,13.80383492,18.96560837
551.652,sort,0.2692307692,4,0,0.1948717949,13.00294002,12.94685665,13.54917965,0,624,780,5,1,1,1,1,0.12,world,13.10002072,21.6182892,25.45855663
551.7,ours,1,0,0,0.2,2.173306731,2.166249003,2.342279597,0,1316,1645,5,1,1,1,1,0.004,world,2.172411474,13.80181218,18.96165351
551.7,ab3dmot,1,0,0,0.2,2.173522757,2.166026265,2.342673346,0,1320,1650,5,1,1,1,1,0.072,world,2.166635214,13.8061595,18.96817673
551.7,sort,0.2675159236,4,0,0.1949044586,13.00395647,12.94803847,13.54609249,0,628,785,5,1,1,1,1,0.072,world,13.13110101,21.67169898,25.52791613
551.8,ours,1,0,0,0.2,2.173145235,2.166265622,2.342179858,0,1320,1650,5,1,1,1,1,0.036,world,2.171726361,13.80241978,18.96166198
551.8,ab3dmot,1,0,0,0.2,2.173353862,2.16602475,2.34256537,0,1324,1655,5,1,1,1,1,0.072,world,2.165524745,13.80729687,18.96694288
551.8,sort,0.2721518987,4,0,0.1949367089,13.00509734,12.94934795,13.54300532,0,632,790,5,1,1,1,1,0.104,world,13.1533192,21.70997195,25.57756374
551.88,ours,1,0,0,0.2,2.17298374,2.16628043,2.342080119,0,1324,1655,5,1,1,1,1,0.032,world,2.171161513,13.8031497,18.96114258
551.88,ab3dmot,1,0,0,0.2,2.173034091,2.166019806,2.342457393,0,1328,1660,5,1,1,1,1,0.084,world,2.164382946,13.8085674,18.96680155
551.88,sort,0.2767295597,4,0,0.1949685535,13.00623821,12.95078495,13.53991815,0,636,795,5,1,1,1,1,0.116,world,13.17586167,21.74841276,25.62729206
551.972,ours,1,0,0,0.2,2.172697607,2.166290954,2.34198038,0,1328,1660,5,1,1,1,1,0.064,world,2.169771391,13.80496789,18.96145226
551.972,ab3dmot,1,0,0,0.2,2.172714319,2.16601032,2.342349417,0,1332,1665,5,1,1,1,1,0.112,world,2.162858684,13.8105031,18.96789454
551.972,sort,0.28125,4,0,0.195,13.01058351,12.95241001,13.53683099,0,640,800,5,1,1,1,1,0.112,world,13.20825228,21.80308181,25.69778889
552.052,ours,1,0,0,0.2,2.172411474,2.166297151,2.34188064,0,1332,1665,5,1,1,1,1,0.052,world,2.168353623,13.8068561,18.96191992
552.052,ab3dmot,1,0,0,0.2,2.172483707,2.165999529,2.34224144,0,1336,1670,5,1,1,1,1,0.124,world,2.162403002,13.81168144,18.96758055
552.052,sort,0.2857142857,4,0,0.1950310559,13.01492882,12.95416261,13.53374382,0,644,805,5,1,1,1,1,0.124,world,13.23158829,21.8419298,25.74771143
552.112,ours,1,0,0,0.2,2.172068918,2.166302227,2.341780901,0,1336,1670,5,1,1,1,1,0.012,world,2.167991871,13.80797782,18.96232609
552.112,ab3dmot,1,0,0,0.2,2.172253094,2.16598893,2.342133464,0,1340,1675,5,1,1,1,1,0.088,world,2.162445782,13.81256816,18.96732181
552.112,sort,0.2901234568,4,0,0.1950617284,13.01640071,12.95603396,13.53252431,0,648,810,5,1,1,1,1,0.12,world,13.25387578,21.87873102,25.79487937
552.196,ours,1,0,0,0.2,2.171726361,2.166307651,2.341681162,0,1340,1675,5,1,1,1,1,0.02,world,2.1681187,13.80874063,18.96322393
552.196,ab3dmot,1,0,0,0.2,2.17163632,2.165978982,2.342025487,0,1344,1680,5,1,1,1,1,0.072,world,2.162643869,13.81298649,18.96970812
552.196,sort,0.2944785276,4,0,0.1950920245,13.01787259,12.95810199,13.5313048,0,652,815,5,1,1,1,1,0.104,world,13.28887583,21.93559582,25.86758752
552.284,ours,1,0,0,0.2,2.171443937,2.166312721,2.341581422,0,1344,1680,5,1,1,1,1,0.028,world,2.168010521,13.81025622,18.96615404
552.284,ab3dmot,1,0,0,0.2,2.171019545,2.165968847,2.341917511,0,1348,1685,5,1,1,1,1,0.092,world,2.162560929,13.81443708,18.97286116
552.284,sort,0.2987804878,4,0,0.1951219512,13.01858659,12.9602998,13.53008529,0,656,820,5,1,1,1,1,0.124,world,13.31369398,21.9758331,25.91877273
552.356,ours,1,0,0,0.2,2.171161513,2.166317946,2.341481683,0,1348,1685,5,1,1,1,1,0.052,world,2.168072772,13.81135433,18.96815738
552.356,ab3dmot,1,0,0,0.2,2.171015983,2.165961871,2.341809534,0,1352,1690,5,1,1,1,1,0.1,world,2.163609669,13.81471346,18.97404187
552.356,sort,0.303030303,4,0,0.1951515152,13.01930059,12.96268595,13.52886578,0,660,825,5,1,1,1,1,0.1,world,13.34824361,22.0309291,25.98882956
552.4,ours,1,0,0,0.2,2.170977229,2.166323865,2.341381944,0,1352,1690,5,1,1,1,1,0.016,world,2.168317586,13.81179182,18.96899506
552.4,ab3dmot,1,0,0,0.2,2.171012421,2.165957961,2.341701558,0,1356,1695,5,1,1,1,1,0.076,world,2.164635897,13.8145721,18.97378011
552.4,sort,0.3072289157,4,0,0.1951807229,13.01966255,12.96519491,13.52764627,0,664,830,5,1,1,1,1,0.076,world,13.37272866,22.06967235,26.03803757
552.456,ours,1,0,0,0.2,2.170792946,2.166333137,2.341282204,0,1356,1695,5,1,1,1,1,0.028,world,2.169464744,13.81236903,18.96935787
552.456,ab3dmot,1,0,0,0.2,2.170399717,2.165959411,2.341593581,0,1360,1700,5,1,1,1,1,0.1,world,2.16645095,13.81464226,18.97329637
552.456,sort,0.3113772455,4,0,0.1952095808,13.02002451,12.96775127,13.52642676,0,668,835,5,1,1,1,1,0.1,world,13.38534101,22.08946669,26.0629073
552.5,ours,1,0,0,0.2,2.170710382,2.166345781,2.341182465,0,1360,1700,5,1,1,1,1,0.036,world,2.170627817,13.81227336,18.96880257
552.5,ab3dmot,1,0,0,0.2,2.169787012,2.165967788,2.341485605,0,1364,1705,5,1,1,1,1,0.08,world,2.168814179,13.8136106,18.9713696
552.5,sort,0.3154761905,4,0,0.1952380952,13.02405552,12.97042055,13.52520725,0,672,840,5,1,1,1,1,0.08,world,13.40873826,22.1261325,26.10933544
552.556,ours,1,0,0,0.2,2.170792946,2.166361831,2.341082726,0,1364,1705,5,1,1,1,1,0.032,world,2.171812093,13.81218841,18.96832861
552.556,ab3dmot,1,0,0,0.2,2.170388212,2.165982488,2.341475483,0,1368,1710,5,1,1,1,1,0.1,world,2.170989411,13.81280764,18.96940379
552.556,sort,0.3195266272,4,0,0.1952662722,13.02808652,12.97314076,13.52398774,0,676,845,5,1,1,1,1,0.1,world,13.42231308,22.14725365,26.13596374
552.628,ours,1,0,0,0.2,2.170977229,2.166389091,2.341080155,0,1368,1710,5,1,1,1,1,0.028,world,2.175664805,13.81112783,18.96477416
552.628,ab3dmot,1,0,0,0.2,2.170989411,2.16600856,2.341465362,0,1372,1715,5,1,1,1,1,0.108,world,2.174906797,13.81169406,18.96579098
552.628,sort,0.3235294118,4,0,0.1952941176,13.03250076,12.97597778,13.52276823,0,680,850,5,1,1,1,1,0.108,world,13.44683923,22.18514357,26.18360371
552.7,ours,1,0,0,0.2,2.171161513,2.166425237,2.341077584,0,1372,1715,5,1,1,1,1,0.02,world,2.178752154,13.8106737,18.96314828
552.7,ab3dmot,1,0,0,0.2,2.171000916,2.166049845,2.341455241,0,1376,1720,5,1,1,1,1,0.08,world,2.180164295,13.8095785,18.96154956
552.7,sort,0.3274853801,4,0,0.1953216374,13.03691501,12.97894025,13.52154872,0,684,855,5,1,1,1,1,0.112,world,13.47309556,22.22540729,26.23413383
552.784,ours,1,0,0,0.2,2.171443937,2.166474204,2.341075012,0,1376,1720,5,1,1,1,1,0.032,world,2.183204906,13.81032101,18.96174538
552.784,ab3dmot,1,0,0,0.2,2.171012421,2.166102142,2.341445119,0,1380,1725,5,1,1,1,1,0.064,world,2.184018238,13.80959663,18.96153665
552.784,sort,0.3313953488,4,0,0.1953488372,13.03697508,12.98210464,13.52196126,0,688,860,5,1,1,1,1,0.096,world,13.51232098,22.2849464,26.30861902
552.852,ours,1,0,0,0.2,2.171726361,2.166528649,2.341072441,0,1380,1725,5,1,1,1,1,0.036,world,2.185177308,13.81097531,18.96255917
552.852,ab3dmot,1,0,0,0.2,2.171015983,2.166158666,2.341434998,0,1384,1730,5,1,1,1,1,0.068,world,2.185572065,13.81057124,18.96287468
552.936,ours,1,0,0,0.2,2.171769227,2.166584101,2.34106987,0,1384,1730,5,1,1,1,1,0.036,world,2.185631119,13.81294965,18.96521858
552.936,ab3dmot,1,0,0,0.2,2.171019545,2.166214624,2.341424876,0,1388,1735,5,1,1,1,1,0.084,world,2.185490246,13.81296817,18.96606097
553.016,ours,1,0,0,0.2,2.171812093,2.166641539,2.341067299,0,1388,1735,5,1,1,1,1,0.02,world,2.18642438,13.81479911,18.96766778
553.016,ab3dmot,1,0,0,0.2,2.17163632,2.166268203,2.341414755,0,1392,1740,5,1,1,1,1,0.064,world,2.184780648,13.81589694,18.97088662
553.1,ours,1,0,0,0.2,2.172111784,2.166701194,2.341064728,0,1392,1740,5,1,1,1,1,0.016,world,2.187303442,13.81663775,18.97080038
553.1,ab3dmot,1,0,0,0.2,2.172253094,2.166321614,2.341404634,0,1396,1745,5,1,1,1,1,0.052,world,2.184829387,13.81819658,18.97662003
553.184,ours,1,0,0,0.2,2.172411474,2.166767134,2.341062156,0,1396,1745,5,1,1,1,1,0.032,world,2.18959347,13.81885065,18.97515772
553.184,ab3dmot,1,0,0,0.2,2.172483707,2.166383693,2.341394512,0,1400,1750,5,1,1,1,1,0.068,world,2.187941814,13.81987973,18.97938664
553.28,ours,1,0,0,0.2,2.172697607,2.166838754,2.341059585,0,1400,1750,5,1,1,1,1,0.048,world,2.191691357,13.82010747,18.97718741
553.28,ab3dmot,1,0,0,0.2,2.172714319,2.166451498,2.341384391,0,1404,1755,5,1,1,1,1,0.1,world,2.190053991,13.82115145,18.98129061
553.364,ours,1,0,0,0.2,2.17298374,2.166919363,2.341057014,0,1404,1755,5,1,1,1,1,0.064,world,2.194950649,13.82219265,18.98001052
553.364,ab3dmot,1,0,0,0.2,2.173034091,2.166529168,2.34137427,0,1408,1760,5,1,1,1,1,0.084,world,2.193621722,13.82304077,18.98346453
553.444,ours,1,0,0,0.2,2.173145235,2.167007703,2.341054443,0,1408,1760,5,1,1,1,1,0.044,world,2.197795731,13.82322167,18.98133178
553.444,ab3dmot,1,0,0,0.2,2.173353862,2.166615974,2.341364148,0,1412,1765,5,1,1,1,1,0.096,world,2.196958559,13.82373737,18.98379661
553.532,ours,1,0,0,0.2,2.173306731,2.167104121,2.341051872,0,1412,1765,5,1,1,1,1,0.032,world,2.200780659,13.82430977,18.98215637
553.532,ab3dmot,1,0,0,0.2,2.173522757,2.166712499,2.341354027,0,1416,1770,5,1,1,1,1,0.088,world,2.20052123,13.82441677,18.98356107
553.6,ours,1,0,0,0.2,2.173673318,2.167209853,2.341049301,0,1416,1770,5,1,1,1,1,0.024,world,2.204216517,13.82515664,18.98274459
553.6,ab3dmot,1,0,0,0.2,2.173691652,2.166818242,2.341343905,0,1420,1775,5,1,1,1,1,0.056,world,2.203932373,13.82528609,18.98419812
553.688,ours,1,0,0,0.2,2.174039905,2.167327424,2.341046729,0,1420,1775,5,1,1,1,1,0.024,world,2.208554107,13.82728544,18.98467632
553.688,ab3dmot,1,0,0,0.2,2.173886796,2.166935087,2.341333784,0,1424,1780,5,1,1,1,1,0.08,world,2.208024437,13.82763234,18.98607629
553.776,ours,1,0,0,0.2,2.174329027,2.167451844,2.341044158,0,1424,1780,5,1,1,1,1,0.044,world,2.211178782,13.82906433,18.98628543
553.776,ab3dmot,1,0,0,0.2,2.174081941,2.167057075,2.341323663,0,1428,1785,5,1,1,1,1,0.1,world,2.210057045,13.82990838,18.98788431
553.856,ours,1,0,0,0.2,2.174618149,2.167581241,2.341041587,0,1428,1785,5,1,1,1,1,0.052,world,2.213165835,13.83147184,18.9884925
553.856,ab3dmot,1,0,0,0.2,2.174096604,2.167184855,2.341313541,0,1432,1790,5,1,1,1,1,0.148,world,2.212330896,13.83210301,18.98967619
553.928,ours,1,0,0,0.2,2.174684428,2.167719898,2.341039016,0,1432,1790,5,1,1,1,1,0.028,world,2.216666108,13.83280008,18.98920305
553.928,ab3dmot,1,0,0,0.2,2.174111268,2.167321881,2.34130342,0,1436,1795,5,1,1,1,1,0.22,world,2.215832479,13.83343148,18.99038671
554.004,ours,1,0,0,0.2,2.174750708,2.167873237,2.341036445,0,1436,1795,5,1,1,1,1,0.032,world,2.222088828,13.83484788,18.99028754
554.004,ab3dmot,1,0,0,0.2,2.174203005,2.167431008,2.341293298,0,1440,1800,5,1,1,1,1,0.064,world,2.206258861,13.84741605,19.00898323
554.1,ours,1,0,0,0.2,2.174765246,2.167997648,2.341033873,0,1440,1800,5,1,1,1,1,0.036,world,2.212209147,13.84701104,19.00737678
554.1,ab3dmot,1,0,0,0.2,2.174294742,2.167539736,2.341283177,0,1444,1805,5,1,1,1,1,0.096,world,2.20633359,13.85177617,19.01433478
554.16,ours,1,0,0,0.2,2.174779783,2.168123689,2.341031302,0,1444,1805,5,1,1,1,1,0.044,world,2.213032008,13.8508371,19.01200739
554.16,ab3dmot,1,0,0,0.2,2.174379181,2.167651504,2.341275951,0,1448,1810,5,1,1,1,1,0.088,world,2.207630315,13.85526706,19.01832033
554.204,ours,1,0,0,0.2,2.175013183,2.168246189,2.340952838,0,1448,1810,5,1,1,1,1,0.004,world,2.21202549,13.85392709,19.01622391
554.204,ab3dmot,1,0,0,0.2,2.174463619,2.167764321,2.341268724,0,1452,1815,5,1,1,1,1,0.064,world,2.208225164,13.85706979,19.02060758
554.3,ours,1,0,0,0.2,2.175246583,2.168383806,2.340874374,0,1452,1815,5,1,1,1,1,0.028,world,2.217640005,13.85643885,19.0177815
554.3,ab3dmot,1,0,0,0.2,2.174512801,2.16789349,2.341261498,0,1456,1820,5,1,1,1,1,0.128,world,2.214284143,13.85923464,19.0215971
554.336,ours,1,0,0,0.2,2.17532129,2.168525888,2.34079591,0,1456,1820,5,1,1,1,1,0.032,world,2.219500955,13.85733125,19.01833777
554.336,ab3dmot,1,0,0,0.2,2.174561983,2.168029994,2.341254271,0,1460,1825,5,1,1,1,1,0.1,world,2.21715918,13.85930546,19.0208532
554.392,ours,1,0,0,0.2,2.175395996,2.168673091,2.340717446,0,1460,1825,5,1,1,1,1,0.024,world,2.221607072,13.85803424,19.01868278
554.392,ab3dmot,1,0,0,0.2,2.17473439,2.168174649,2.341247045,0,1464,1830,5,1,1,1,1,0.088,world,2.220344292,13.85909592,19.02005009
554.44,ours,1,0,0,0.2,2.175444411,2.168831839,2.340638982,0,1464,1830,5,1,1,1,1,0.024,world,2.226018999,13.85931445,19.01933946
554.44,ab3dmot,1,0,0,0.2,2.174906797,2.168332043,2.341239818,0,1468,1835,5,1,1,1,1,0.104,world,2.225190939,13.86003779,19.02004607
554.5,ours,1,0,0,0.2,2.175492826,2.168996368,2.340560519,0,1468,1835,5,1,1,1,1,0.024,world,2.228398322,13.85985085,19.01941012
554.5,ab3dmot,1,0,0,0.2,2.175200452,2.168498843,2.341232592,0,1472,1840,5,1,1,1,1,0.1,world,2.228871731,13.85951302,19.01846514
554.536,ours,1,0,0,0.2,2.175503131,2.16916759,2.340482055,0,1472,1840,5,1,1,1,1,0.004,world,2.231118639,13.8601194,19.01912425
554.536,ab3dmot,1,0,0,0.2,2.175494107,2.168672513,2.341225365,0,1476,1845,5,1,1,1,1,0.1,world,2.23166547,13.85971376,19.01813854
554.6,ours,1,0,0,0.2,2.175513436,2.169351233,2.340403591,0,1476,1845,5,1,1,1,1,0.032,world,2.235908016,13.86128059,19.01910319
554.6,ab3dmot,1,0,0,0.2,2.175581974,2.16886365,2.341218139,0,1480,1850,5,1,1,1,1,0.1,world,2.238279271,13.85943161,19.01547682
554.632,ours,1,0,0,0.2,2.17558912,2.169544383,2.340325127,0,1480,1850,5,1,1,1,1,0,world,2.239680191,13.86081705,19.01694925
554.632,ab3dmot,1,0,0,0.2,2.175669842,2.169063329,2.341210912,0,1484,1855,5,1,1,1,1,0.096,world,2.241724278,13.8592255,19.01380755
554.68,ours,1,0,0,0.2,2.175664805,2.169745279,2.340246663,0,1484,1855,5,1,1,1,1,0.016,world,2.242841769,13.86086082,19.01562123
554.68,ab3dmot,1,0,0,0.2,2.175764895,2.1692769,2.341203686,0,1488,1860,5,1,1,1,1,0.08,world,2.247111168,13.85758701,19.00871733
554.728,ours,1,0,0,0.2,2.175737331,2.169964254,2.340168199,0,1488,1860,5,1,1,1,1,0.028,world,2.24973396,13.86057977,19.01188665
554.728,ab3dmot,1,0,0,0.2,2.175859948,2.169506517,2.341196459,0,1492,1865,5,1,1,1,1,0.096,world,2.25330142,13.85783248,19.00619946
554.78,ours,1,0,0,0.2,2.175809857,2.170190904,2.340089735,0,1492,1865,5,1,1,1,1,0.016,world,2.252923289,13.86066302,19.01040768
554.78,ab3dmot,1,0,0,0.2,2.175979786,2.169744707,2.341189233,0,1496,1870,5,1,1,1,1,0.112,world,2.256836711,13.85765906,19.00410569
554.808,ours,1,0,0,0.2,2.175846137,2.170425124,2.340011271,0,1496,1870,5,1,1,1,1,0.008,world,2.25609358,13.86074889,19.00913283
554.808,ab3dmot,1,0,0,0.2,2.176099623,2.169994141,2.341182006,0,1500,1875,5,1,1,1,1,0.076,world,2.261354017,13.85673726,19.00050732
554.864,ours,1,0,0,0.2,2.175882417,2.170666794,2.339932807,0,1500,1875,5,1,1,1,1,0.024,world,2.259239275,13.86086863,19.0078811
554.864,ab3dmot,1,0,0,0.2,2.176132682,2.170250825,2.34117478,0,1504,1880,5,1,1,1,1,0.1,world,2.264456944,13.85689537,18.99928416
554.9,ours,1,0,0,0.2,2.176322855,2.170917624,2.339854343,0,1504,1880,5,1,1,1,1,0.004,world,2.26301983,13.86054805,19.0053749
554.9,ab3dmot,1,0,0,0.2,2.17616574,2.170516052,2.341167554,0,1508,1885,5,1,1,1,1,0.068,world,2.268044342,13.8567651,18.99685875
554.964,ours,1,0,0,0.2,2.176763292,2.171181134,2.339775879,0,1508,1885,5,1,1,1,1,0.036,world,2.268092176,13.86177133,19.0049067
554.964,ab3dmot,1,0,0,0.2,2.176222593,2.170793423,2.341160327,0,1512,1890,5,1,1,1,1,0.1,world,2.272951775,13.85812862,18.99653741
554.996,ours,1,0,0,0.2,2.177757723,2.171451818,2.339697415,0,1512,1890,5,1,1,1,1,0.012,world,2.271201984,13.86205707,19.00315228
554.996,ab3dmot,1,0,0,0.2,2.176279446,2.171075875,2.341153101,0,1516,1895,5,1,1,1,1,0.1,world,2.275332481,13.85893716,18.99618811
555.056,ours,1,0,0,0.2,2.178752154,2.17173398,2.339618951,0,1516,1895,5,1,1,1,1,0.056,world,2.275886976,13.86365959,19.00318722
555.056,ab3dmot,1,0,0,0.2,2.176777962,2.171368536,2.341145874,0,1520,1900,5,1,1,1,1,0.092,world,2.279583098,13.86104434,18.99600988
555.096,ours,1,0,0,0.2,2.178889947,2.172021751,2.339540487,0,1520,1900,5,1,1,1,1,0.032,world,2.278471044,13.86447399,19.00183412
555.096,ab3dmot,1,0,0,0.2,2.177276479,2.171664156,2.341138648,0,1524,1905,5,1,1,1,1,0.068,world,2.281228004,13.86270966,18.9956832
555.156,ours,1,0,0,0.2,2.179027741,2.172313704,2.339462023,0,1524,1905,5,1,1,1,1,0.056,world,2.280551936,13.86560501,19.00176491
555.156,ab3dmot,1,0,0,0.2,2.177354605,2.171964446,2.341131589,0,1528,1910,5,1,1,1,1,0.128,world,2.283503055,13.86352959,18.99607448
555.188,ours,1,0,0,0.2,2.179745348,2.172610544,2.339461018,0,1528,1910,5,1,1,1,1,0.028,world,2.28289935,13.86673855,19.00041051
555.188,ab3dmot,1,0,0,0.2,2.177432731,2.172268103,2.34112453,0,1532,1915,5,1,1,1,1,0.092,world,2.285315557,13.86518454,18.99524453
555.216,ours,1,0,0,0.2,2.180462955,2.172912817,2.339460013,0,1532,1915,5,1,1,1,1,0.016,world,2.285458787,13.8675685,18.99944718
555.216,ab3dmot,1,0,0,0.2,2.178798513,2.172576763,2.341117472,0,1536,1920,5,1,1,1,1,0.088,world,2.287733142,13.86618969,18.99433838
555.272,ours,1,0,0,0.2,2.180795979,2.173226752,2.339459008,0,1536,1920,5,1,1,1,1,0.012,world,2.290301406,13.86921893,18.99897463
555.272,ab3dmot,1,0,0,0.2,2.180164295,2.172896638,2.341110413,0,1540,1925,5,1,1,1,1,0.112,world,2.292431818,13.86800273,18.99398126
555.3,ours,1,0,0,0.2,2.181129003,2.173548788,2.339458003,0,1540,1925,5,1,1,1,1,0.008,world,2.293871016,13.86958903,18.99538037
555.3,ab3dmot,1,0,0,0.2,2.180892296,2.173224712,2.341103354,0,1544,1930,5,1,1,1,1,0.072,world,2.296052472,13.86848337,18.99004687
555.36,ours,1,0,0,0.2,2.181949646,2.173875377,2.339456998,0,1544,1930,5,1,1,1,1,0.008,world,2.296163344,13.87040875,18.99576448
555.36,ab3dmot,1,0,0,0.2,2.181620297,2.173557042,2.341096296,0,1548,1935,5,1,1,1,1,0.1,world,2.298250174,13.8697614,18.98948132
555.4,ours,1,0,0,0.2,2.182770289,2.174208948,2.339455993,0,1548,1935,5,1,1,1,1,0.008,world,2.299355792,13.87110703,18.992883
555.4,ab3dmot,1,0,0,0.2,2.182027232,2.17389896,2.341089237,0,1552,1940,5,1,1,1,1,0.076,world,2.302412115,13.86979142,18.98515609
555.46,ours,1,0,0,0.2,2.182987597,2.17455567,2.339454988,0,1552,1940,5,1,1,1,1,0.036,world,2.304824489,13.87233875,18.99137899
555.46,ab3dmot,1,0,0,0.2,2.182434168,2.174254745,2.341082178,0,1556,1945,5,1,1,1,1,0.1,world,2.308164357,13.87090916,18.98308803
555.492,ours,1,0,0,0.2,2.183204906,2.174909577,2.339453983,0,1556,1945,5,1,1,1,1,0.012,world,2.308133735,13.87269244,18.98920006
555.492,ab3dmot,1,0,0,0.2,2.182853338,2.17461769,2.34107512,0,1560,1950,5,1,1,1,1,0.1,world,2.311484249,13.87129075,18.98097868
555.532,ours,1,0,0,0.2,2.183391086,2.17527297,2.339452978,0,1560,1950,5,1,1,1,1,0.032,world,2.312305113,13.87268289,18.98492917
555.532,ab3dmot,1,0,0,0.2,2.183272508,2.17498772,2.341068061,0,1564,1955,5,1,1,1,1,0.108,world,2.314793873,13.87166059,18.97895186
555.58,ours,1,0,0,0.2,2.183577265,2.175640635,2.339451973,0,1564,1955,5,1,1,1,1,0.024,world,2.314581406,13.8734913,18.98530155
555.58,ab3dmot,1,0,0,0.2,2.183491523,2.175361976,2.341061002,0,1568,1960,5,1,1,1,1,0.156,world,2.317068025,13.87246846,18.97932438
555.6,ours,1,0,0,0.2,2.184377287,2.17601253,2.339450968,0,1568,1960,5,1,1,1,1,0.008,world,2.316852871,13.87429698,18.98567146
555.6,ab3dmot,1,0,0,0.2,2.183710538,2.175740416,2.341053944,0,1572,1965,5,1,1,1,1,0.176,world,2.319337361,13.87327362,18.97969442
555.64,ours,1,0,0,0.2,2.185177308,2.176388609,2.339449963,0,1572,1965,5,1,1,1,1,0.04,world,2.319118681,13.87509965,18.98603876
555.64,ab3dmot,1,0,0,0.2,2.183864388,2.176122996,2.341046885,0,1576,1970,5,1,1,1,1,0.216,world,2.321601054,13.87407577,18.98006186
555.688,ours,1,0,0,0.2,2.185301113,2.176768827,2.339448958,0,1576,1970,5,1,1,1,1,0.032,world,2.321378005,13.87589902,18.98640331
555.688,ab3dmot,1,0,0,0.2,2.184018238,2.176509671,2.341039826,0,1580,1975,5,1,1,1,1,0.264,world,2.323858274,13.87487462,18.98042655
555.7,ours,1,0,0,0.2,2.185424918,2.177153135,2.339447953,0,1580,1975,5,1,1,1,1,0.012,world,2.323630002,13.87669478,18.98676499
555.7,ab3dmot,1,0,0,0.2,2.184399443,2.176900392,2.341032768,0,1584,1980,5,1,1,1,1,0.276,world,2.32610818,13.87566986,18.98078835
555.756,ours,1,0,0,0.2,2.185528019,2.177541485,2.339446948,0,1584,1980,5,1,1,1,1,0.036,world,2.325873825,13.87748663,18.98712365
555.756,ab3dmot,1,0,0,0.2,2.184780648,2.177295112,2.341025709,0,1588,1985,5,1,1,1,1,0.332,world,2.328349925,13.8764612,18.98114715
555.8,ours,1,0,0,0.2,2.185631119,2.177933824,2.339445943,0,1588,1985,5,1,1,1,1,0.012,world,2.328108621,13.87827428,18.98747918
555.8,ab3dmot,1,0,0,0.2,2.184805018,2.177697585,2.34101865,0,1592,1990,5,1,1,1,1,0.08,world,2.331998188,13.87970506,18.97345174
555.88,ours,1,0,0,0.2,2.18602775,2.178350079,2.339444938,0,1592,1990,5,1,1,1,1,0.04,world,2.337755201,13.88175948,18.97724155
555.88,ab3dmot,1,0,0,0.2,2.184829387,2.178119846,2.341011592,0,1596,1995,5,1,1,1,1,0.092,world,2.340137521,13.88125595,18.97157858
555.952,ours,1,0,0,0.2,2.18642438,2.178779158,2.339618951,0,1596,1995,5,1,1,1,1,0.052,world,2.343322489,13.88318098,18.97482497
555.952,ab3dmot,1,0,0,0.2,2.185159816,2.178547363,2.341145874,0,1600,2000,5,1,1,1,1,0.096,world,2.342909955,13.88426237,18.97454084
556,ours,1,0,0,0.2,2.18674512,2.179207112,2.341033873,0,1600,2000,5,1,1,1,1,0.012,world,2.343733128,13.88569339,18.97750329
556,ab3dmot,1,0,0,0.2,2.185490246,2.178968599,2.341283177,0,1604,2005,5,1,1,1,1,0.048,world,2.341392813,13.88764545,18.98116174
556.084,ours,1,0,0,0.2,2.18706586,2.179639779,2.341082726,0,1604,2005,5,1,1,1,1,0.032,world,2.34631663,13.88854169,18.98088918
556.084,ab3dmot,1,0,0,0.2,2.185531156,2.179390749,2.341387331,0,1608,2010,5,1,1,1,1,0.064,world,2.342549136,13.89127178,18.98734073
556.084,sort,0.3294797688,5,0,0.1942196532,13.03691501,12.9801318,13.52089012,0,692,865,5,1,1,1,1,0.096,world,12.63622211,20.33438828,23.61101472
556.16,ours,1,0,0,0.2,2.187184651,2.180075327,2.342977772,0,1608,2010,5,1,1,1,1,0.044,world,2.348227754,13.89183069,18.98528343
556.16,ab3dmot,1,0,0,0.2,2.185572065,2.179815217,2.341476326,0,1612,2015,5,1,1,1,1,0.076,world,2.34423381,13.89460368,18.99232584
556.16,sort,0.3275862069,5,0,0.1942528736,13.03250076,12.97821164,13.51981898,0,696,870,5,1,1,1,1,0.108,world,12.64163537,20.33705014,23.61255059
556.216,ours,1,0,0,0.2,2.187303442,2.180514447,2.343297991,0,1612,2015,5,1,1,1,1,0.02,world,2.350404356,13.89488579,18.98905481
556.216,ab3dmot,1,0,0,0.2,2.186305657,2.18024495,2.342389606,0,1616,2020,5,1,1,1,1,0.064,world,2.34703091,13.8969793,18.99535728
556.216,sort,0.3257142857,5,0,0.1942857143,13.02808652,12.97634279,13.51874784,0,700,875,5,1,1,1,1,0.1,world,12.64695869,20.33960838,23.61397406
556.3,ours,1,0,0,0.2,2.188448456,2.180962158,2.343354463,0,1616,2020,5,1,1,1,1,0.032,world,2.354469411,13.89628884,18.98965566
556.3,ab3dmot,1,0,0,0.2,2.187039249,2.180683305,2.342837791,0,1620,2025,5,1,1,1,1,0.148,world,2.351101977,13.89838365,18.99595801
556.3,sort,0.3238636364,5,0,0.1943181818,13.02405552,12.97452385,13.51767669,0,704,880,5,1,1,1,1,0.116,world,12.65218319,20.34205822,23.61528175
556.4,ours,1,0,0,0.2,2.18959347,2.181421341,2.343658523,0,1620,2025,5,1,1,1,1,0.032,world,2.359632314,13.8988292,18.99191192
556.4,ab3dmot,1,0,0,0.2,2.187234788,2.181131069,2.34346134,0,1624,2030,5,1,1,1,1,0.184,world,2.355488,13.90127913,18.99991069
556.4,sort,0.3220338983,5,0,0.1943502825,13.02002451,12.97276728,13.51660555,0,708,885,5,1,1,1,1,0.116,world,12.65981523,20.34551951,23.61701911
556.468,ours,1,0,0,0.2,2.189931688,2.181883208,2.344045105,0,1624,2030,5,1,1,1,1,0.04,world,2.361524436,13.90134025,18.99611115
556.468,ab3dmot,1,0,0,0.2,2.187430326,2.181581214,2.343995559,0,1628,2035,5,1,1,1,1,0.152,world,2.357248546,13.90372938,19.00466845
556.468,sort,0.3202247191,5,0,0.1943820225,13.01966255,12.97106948,13.51553441,0,712,890,5,1,1,1,1,0.12,world,12.66697323,20.34831218,23.61822928
556.524,ours,1,0,0,0.2,2.190269907,2.182341895,2.345048113,0,1628,2035,5,1,1,1,1,0.024,world,2.361218536,13.90365414,19.00010176
556.524,ab3dmot,1,0,0,0.2,2.18768607,2.182029646,2.344202986,0,1632,2040,5,1,1,1,1,0.108,world,2.357469718,13.90563296,19.00780976
556.524,sort,0.3184357542,5,0,0.1944134078,13.01930059,12.96940433,13.51446327,0,716,895,5,1,1,1,1,0.076,world,12.66952276,20.34938183,23.61869608
556.6,ours,1,0,0,0.2,2.19032318,2.182811321,2.345672545,0,1632,2040,5,1,1,1,1,0.024,world,2.366147595,13.90591176,19.00178372
556.6,ab3dmot,1,0,0,0.2,2.187941814,2.18249502,2.344428967,0,1636,2045,5,1,1,1,1,0.052,world,2.364738705,13.90631882,19.00514232
556.6,sort,0.3166666667,5,0,0.1944444444,13.01858659,12.96779625,13.51339213,0,720,900,5,1,1,1,1,0.088,world,12.67666273,20.35231213,23.61987492
556.684,ours,1,0,0,0.2,2.190376453,2.183289068,2.346110502,0,1636,2045,5,1,1,1,1,0.028,world,2.370188808,13.90682823,19.00109907
556.684,ab3dmot,1,0,0,0.2,2.188997902,2.182967657,2.345701744,0,1640,2050,5,1,1,1,1,0.072,world,2.368380921,13.90774228,19.0048504
556.684,sort,0.3149171271,5,0,0.1944751381,13.01787259,12.96623064,13.51232098,0,724,905,5,1,1,1,1,0.104,world,12.68127259,20.35410955,23.62049936
556.78,ours,1,0,0,0.2,2.191033905,2.183776339,2.346449873,0,1640,2050,5,1,1,1,1,0.048,world,2.374701807,13.90923433,19.00212095
556.78,ab3dmot,1,0,0,0.2,2.190053991,2.183449681,2.346833783,0,1644,2055,5,1,1,1,1,0.1,world,2.372843545,13.91003411,19.00614745
556.78,sort,0.3131868132,5,0,0.1945054945,13.01640071,12.96471739,13.51217262,0,728,910,5,1,1,1,1,0.132,world,12.687848,20.35653482,23.62117916
556.86,ours,1,0,0,0.2,2.191691357,2.184266594,2.346671394,0,1644,2055,5,1,1,1,1,0.048,world,2.376766046,13.91115881,19.00436678
556.86,ab3dmot,1,0,0,0.2,2.190104886,2.183937975,2.347263945,0,1648,2060,5,1,1,1,1,0.08,world,2.376146446,13.91080734,19.00651795
556.86,sort,0.3114754098,5,0,0.1945355191,13.01492882,12.96324319,13.51202425,0,732,915,5,1,1,1,1,0.116,world,12.69208687,20.35799229,23.62146665
556.936,ours,1,0,0,0.2,2.192685803,2.184766663,2.346959179,0,1648,2060,5,1,1,1,1,0.036,world,2.381420983,13.91042967,19.00245606
556.936,ab3dmot,1,0,0,0.2,2.19015578,2.184437844,2.347664904,0,1652,2065,5,1,1,1,1,0.092,world,2.38147394,13.90959778,19.00342789
556.936,sort,0.3097826087,5,0,0.1945652174,13.01058351,12.96180649,13.51187588,0,736,920,5,1,1,1,1,0.096,world,12.69615318,20.35930448,23.62161488
557,ours,1,0,0,0.2,2.193680248,2.185277577,2.347253901,0,1652,2065,5,1,1,1,1,0.024,world,2.386486396,13.90935244,18.99935219
557,ab3dmot,1,0,0,0.2,2.190391351,2.184955412,2.348134136,0,1656,2070,5,1,1,1,1,0.056,world,2.38914463,13.90617564,18.99630184
557,sort,0.3081081081,5,0,0.1945945946,13.00623821,12.96040546,13.51172751,0,740,925,5,1,1,1,1,0.092,world,12.69998719,20.36045312,23.62161728
557.1,ours,1,0,0,0.2,2.193719422,2.185795717,2.347606226,0,1656,2070,5,1,1,1,1,0.04,world,2.390204356,13.90936428,18.99833384
557.1,ab3dmot,1,0,0,0.2,2.190626922,2.185477411,2.348840526,0,1660,2075,5,1,1,1,1,0.156,world,2.391818274,13.90722112,18.99678358
557.1,sort,0.3064516129,5,0,0.1946236559,13.00509734,12.95958655,13.51157914,0,744,930,5,1,1,1,1,0.156,world,12.80718669,20.61864237,23.98544089
557.176,ours,1,0,0,0.2,2.193758596,2.186320983,2.348093756,0,1660,2075,5,1,1,1,1,0.036,world,2.393900717,13.91040983,18.99861842
557.176,ab3dmot,1,0,0,0.2,2.191736306,2.186006495,2.349416612,0,1664,2080,5,1,1,1,1,0.232,world,2.395510449,13.90826587,18.99706812
557.176,sort,0.3048128342,5,0,0.1946524064,13.00395647,12.95890302,13.51143077,0,748,935,5,1,1,1,1,0.1,world,12.83113365,20.66418983,24.04744948
557.272,ours,1,0,0,0.2,2.19434601,2.186849502,2.348245635,0,1664,2080,5,1,1,1,1,0.064,world,2.396143059,13.91113645,18.9988731
557.272,ab3dmot,1,0,0,0.2,2.19284569,2.186538801,2.350063138,0,1668,2085,5,1,1,1,1,0.328,world,2.397750181,13.908992,18.99732274
557.272,sort,0.3031914894,5,0,0.1946808511,13.00294002,12.95829189,13.51128241,0,752,940,5,1,1,1,1,0.132,world,12.84349869,20.68637509,24.07719097
557.344,ours,1,0,0,0.2,2.194933425,2.187380766,2.348321844,0,1668,2085,5,1,1,1,1,0.044,world,2.398200484,13.91179738,18.99909743
557.344,ab3dmot,1,0,0,0.2,2.193233706,2.187095892,2.350190712,0,1672,2090,5,1,1,1,1,0.108,world,2.408197379,13.90113418,18.98613321
557.344,sort,0.3015873016,5,0,0.1947089947,13.00192358,12.95777918,13.51113404,0,756,945,5,1,1,1,1,0.108,world,12.86102604,20.7206073,24.12381015
557.408,ours,1,0,0,0.2,2.194942037,2.187933704,2.348425313,0,1672,2090,5,1,1,1,1,0.016,world,2.407465872,13.90477308,18.98909194
557.408,ab3dmot,1,0,0,0.2,2.193621722,2.187653725,2.350292438,0,1676,2095,5,1,1,1,1,0.068,world,2.409545077,13.90268078,18.98624445
557.408,sort,0.3,5,0,0.1947368421,12.9976449,12.95733511,13.51098567,0,760,950,5,1,1,1,1,0.104,world,12.87313073,20.74253946,24.15327265
557.5,ours,1,0,0,0.2,2.194950649,2.188490367,2.348515157,0,1676,2095,5,1,1,1,1,0.028,world,2.409941685,13.90565763,18.988949
557.5,ab3dmot,1,0,0,0.2,2.19382548,2.188215907,2.350359525,0,1680,2100,5,1,1,1,1,0.06,world,2.412269318,13.90368545,18.98514926
557.5,sort,0.2984293194,5,0,0.1947643979,12.99336623,12.95696666,13.5108373,0,764,955,5,1,1,1,1,0.128,world,12.88677018,20.7656712,24.18395989
557.596,ours,1,0,0,0.2,2.195140269,2.189049458,2.348675669,0,1680,2100,5,1,1,1,1,0.036,world,2.411932031,13.90571815,18.98774814
557.596,ab3dmot,1,0,0,0.2,2.194029238,2.188779729,2.350675696,0,1684,2105,5,1,1,1,1,0.092,world,2.413970243,13.90422192,18.98407114
557.596,sort,0.296875,5,0,0.1947916667,12.98914254,12.95669074,13.51068893,0,768,960,5,1,1,1,1,0.124,world,12.90388296,20.79948132,24.23009589
557.668,ours,1,0,0,0.2,2.195329888,2.189611508,2.349151738,0,1684,2105,5,1,1,1,1,0.036,world,2.414131536,13.9055523,18.98553829
557.668,ab3dmot,1,0,0,0.2,2.194848692,2.189346213,2.350829832,0,1688,2110,5,1,1,1,1,0.096,world,2.416065999,13.90401576,18.98222566
557.668,sort,0.2953367876,5,0,0.1948186528,12.98491886,12.95650566,13.51054057,0,772,965,5,1,1,1,1,0.096,world,12.92092093,20.83319042,24.27609838
557.756,ours,1,0,0,0.2,2.196046551,2.190179981,2.349200033,0,1688,2110,5,1,1,1,1,0.052,world,2.417662119,13.90405442,18.98196229
557.756,ab3dmot,1,0,0,0.2,2.195668147,2.189918169,2.350980655,0,1692,2115,5,1,1,1,1,0.12,world,2.419244579,13.90280059,18.97925049
557.756,sort,0.293814433,5,0,0.1948453608,12.98283027,12.95638431,13.5103922,0,776,970,5,1,1,1,1,0.12,world,12.93294303,20.85418467,24.30415279
557.836,ours,1,0,0,0.2,2.196763214,2.19075032,2.349559406,0,1692,2115,5,1,1,1,1,0.036,world,2.419463262,13.903344,18.9797771
557.836,ab3dmot,1,0,0,0.2,2.195749722,2.190493108,2.35103274,0,1696,2120,5,1,1,1,1,0.1,world,2.421481599,13.9019748,18.97600302
557.836,sort,0.2923076923,5,0,0.1948717949,12.98074168,12.95634961,13.51024383,0,780,975,5,1,1,1,1,0.1,world,12.94961462,20.887575,24.34981572
557.904,ours,1,0,0,0.2,2.197279472,2.191322951,2.35028356,0,1696,2120,5,1,1,1,1,0.02,world,2.42143242,13.90253571,18.97648947
557.904,ab3dmot,1,0,0,0.2,2.195831297,2.191071216,2.351089409,0,1700,2125,5,1,1,1,1,0.068,world,2.423797036,13.90123427,18.9717131
557.904,sort,0.2908163265,5,0,0.1948979592,12.97940344,12.95637079,13.51009546,0,784,980,5,1,1,1,1,0.104,world,12.96050107,20.90852783,24.37830547
557.996,ours,1,0,0,0.2,2.197795731,2.191897399,2.3536564,0,1700,2125,5,1,1,1,1,0.032,world,2.423224869,13.90162397,18.9730921
557.996,ab3dmot,1,0,0,0.2,2.196394928,2.191653371,2.351924111,0,1704,2130,5,1,1,1,1,0.064,world,2.426458238,13.90001971,18.96644206
557.996,sort,0.2893401015,5,0,0.1949238579,12.9780652,12.95647514,13.50994709,0,788,985,5,1,1,1,1,0.096,world,12.97691137,20.94168264,24.42370682
558.08,ours,1,0,0,0.2,2.198875596,2.192472718,2.358341589,0,1704,2130,5,1,1,1,1,0.048,world,2.424656723,13.90057714,18.96960864
558.08,ab3dmot,1,0,0,0.2,2.196958559,2.192240881,2.354501046,0,1708,2135,5,1,1,1,1,0.08,world,2.429633389,13.89783468,18.95983155
558.08,sort,0.2878787879,5,0,0.1949494949,12.97940344,12.95663503,13.50979872,0,792,990,5,1,1,1,1,0.112,world,12.98809491,20.96301614,24.45273305
558.16,ours,1,0,0,0.2,2.199955462,2.193055463,2.360742669,0,1708,2135,5,1,1,1,1,0.036,world,2.428620524,13.89763176,18.96113921
558.16,ab3dmot,1,0,0,0.2,2.198739895,2.192833924,2.356632355,0,1712,2140,5,1,1,1,1,0.096,world,2.432889401,13.89512367,18.95304474
558.16,sort,0.2864321608,5,0,0.1949748744,12.98074168,12.9568445,13.50965036,0,796,995,5,1,1,1,1,0.128,world,12.9982534,20.9834588,24.4807605
558.236,ours,1,0,0,0.2,2.20036806,2.193644531,2.361417371,0,1712,2140,5,1,1,1,1,0.036,world,2.432174253,13.89418447,18.95363445
558.236,ab3dmot,1,0,0,0.2,2.20052123,2.193429515,2.35738125,0,1716,2145,5,1,1,1,1,0.104,world,2.435004884,13.8925503,18.9482675
558.236,sort,0.285,5,0,0.195,12.98283027,12.95713124,13.50950199,0,800,1000,5,1,1,1,1,0.104,world,13.01406636,21.01616299,24.52571801
558.3,ours,1,0,0,0.2,2.200780659,2.194232966,2.364298332,0,1716,2145,5,1,1,1,1,0.004,world,2.433052641,13.89219021,18.95063555
558.3,ab3dmot,1,0,0,0.2,2.200716744,2.194025326,2.361467661,0,1720,2150,5,1,1,1,1,0.072,world,2.436225237,13.88988934,18.94510774
558.3,sort,0.2835820896,5,0,0.1950248756,12.98491886,12.95746389,13.50935362,0,804,1005,5,1,1,1,1,0.104,world,13.02382268,21.03633086,24.55349754
558.396,ours,1,0,0,0.2,2.201705856,2.194817604,2.368370262,0,1720,2150,5,1,1,1,1,0.032,world,2.43270251,13.89023075,18.94788196
558.396,ab3dmot,1,0,0,0.2,2.200912257,2.194617244,2.366559813,0,1724,2155,5,1,1,1,1,0.068,world,2.435849256,13.88810343,18.94224506
558.396,sort,0.2821782178,5,0,0.195049505,12.98650688,12.9578673,13.50754072,0,808,1010,5,1,1,1,1,0.1,world,13.03869907,21.06769721,24.59683747
558.496,ours,1,0,0,0.2,2.202631054,2.195398908,2.372445308,0,1724,2155,5,1,1,1,1,0.044,world,2.432520995,13.88876251,18.94517946
558.496,ab3dmot,1,0,0,0.2,2.201845678,2.195195004,2.370389102,0,1728,2160,5,1,1,1,1,0.1,world,2.431462453,13.88976262,18.94677185
558.496,sort,0.2807881773,5,0,0.1950738916,12.98809491,12.95831563,13.50572781,0,812,1015,5,1,1,1,1,0.132,world,13.04856233,21.08889601,24.62621824
558.572,ours,1,0,0,0.2,2.203423785,2.195966146,2.375630715,0,1728,2160,5,1,1,1,1,0.06,world,2.428140626,13.89034569,18.94905009
558.572,ab3dmot,1,0,0,0.2,2.202779099,2.195754032,2.374164706,0,1732,2165,5,1,1,1,1,0.116,world,2.425231716,13.89301252,18.95353788
558.572,sort,0.2794117647,5,0,0.1950980392,12.99073057,12.95883052,13.50391491,0,816,1020,5,1,1,1,1,0.116,world,13.06293298,21.1196741,24.66876599
558.644,ours,1,0,0,0.2,2.204216517,2.196514534,2.378628021,0,1732,2165,5,1,1,1,1,0.044,world,2.421832109,13.89368711,18.95520555
558.644,ab3dmot,1,0,0,0.2,2.202887261,2.196294247,2.378011069,0,1736,2170,5,1,1,1,1,0.12,world,2.418897838,13.89630465,18.95984389
558.644,sort,0.2780487805,5,0,0.1951219512,12.99336623,12.95938686,13.50210201,0,820,1025,5,1,1,1,1,0.12,world,13.07238629,21.14061727,24.69793107
558.7,ours,1,0,0,0.2,2.204691681,2.197050512,2.383193877,0,1736,2170,5,1,1,1,1,0.016,world,2.417991447,13.89480642,18.95683122
558.7,ab3dmot,1,0,0,0.2,2.202995423,2.196818077,2.383775147,0,1740,2175,5,1,1,1,1,0.076,world,2.413451698,13.8990565,18.96386746
558.7,sort,0.2766990291,5,0,0.1951456311,12.99580982,12.96000655,13.5002891,0,824,1030,5,1,1,1,1,0.076,world,13.08642361,21.17117633,24.74027716
558.8,ours,1,0,0,0.2,2.205166846,2.197571586,2.387601784,0,1740,2175,5,1,1,1,1,0.02,world,2.413119629,13.89468074,18.9575521
558.8,ab3dmot,1,0,0,0.2,2.203463898,2.19732829,2.389813041,0,1744,2180,5,1,1,1,1,0.076,world,2.409045444,13.89886176,18.96357111
558.884,ours,1,0,0,0.2,2.205399692,2.198081622,2.391128446,0,1744,2180,5,1,1,1,1,0.028,world,2.409732034,13.89471798,18.95743526
558.884,ab3dmot,1,0,0,0.2,2.203932373,2.197829665,2.392556709,0,1748,2185,5,1,1,1,1,0.06,world,2.406498642,13.89793744,18.96231509
558.972,ours,1,0,0,0.2,2.205632537,2.198577162,2.394349186,0,1748,2185,5,1,1,1,1,0.04,world,2.404924643,13.89336271,18.95661752
558.972,ab3dmot,1,0,0,0.2,2.205033907,2.198315888,2.395846408,0,1752,2190,5,1,1,1,1,0.116,world,2.401392006,13.89664148,18.96213744
559.056,ours,1,0,0,0.2,2.205919142,2.199058165,2.396451673,0,1752,2190,5,1,1,1,1,0.056,world,2.40004857,13.89347717,18.9583221
559.056,ab3dmot,1,0,0,0.2,2.20613544,2.198786052,2.396052298,0,1756,2195,5,1,1,1,1,0.1,world,2.395863645,13.8970648,18.96510331
559.148,ours,1,0,0,0.2,2.206205747,2.199522376,2.396348801,0,1756,2195,5,1,1,1,1,0.048,world,2.394209019,13.8941812,18.96115494
559.148,ab3dmot,1,0,0,0.2,2.20619715,2.199241534,2.395957972,0,1760,2200,5,1,1,1,1,0.128,world,2.390832279,13.8969822,18.96670365
559.204,ours,1,0,0,0.2,2.207379927,2.199974173,2.39624593,0,1760,2200,5,1,1,1,1,0.016,world,2.390078891,13.89300392,18.96094693
559.204,ab3dmot,1,0,0,0.2,2.206258861,2.199686079,2.395863645,0,1764,2205,5,1,1,1,1,0.084,world,2.387267643,13.89502243,18.96580869
559.3,ours,1,0,0,0.2,2.208554107,2.200408418,2.396143059,0,1764,2205,5,1,1,1,1,0.024,world,2.383813926,13.89054265,18.96024644
559.3,ab3dmot,1,0,0,0.2,2.206296225,2.200116461,2.395845985,0,1768,2210,5,1,1,1,1,0.08,world,2.3823493,13.89121852,18.96309201
559.384,ours,1,0,0,0.2,2.20907989,2.20083123,2.396046357,0,1768,2210,5,1,1,1,1,0.032,world,2.379981821,13.88824833,18.95880637
559.384,ab3dmot,1,0,0,0.2,2.20633359,2.200539616,2.395828325,0,1772,2215,5,1,1,1,1,0.064,world,2.380220657,13.88708541,18.95927962
559.464,ours,1,0,0,0.2,2.209605672,2.201243882,2.395949655,0,1772,2215,5,1,1,1,1,0.048,world,2.376631775,13.88494892,18.95656558
559.464,ab3dmot,1,0,0,0.2,2.206451308,2.20095176,2.395810665,0,1776,2220,5,1,1,1,1,0.08,world,2.376512308,13.88386543,18.95790485
559.552,ours,1,0,0,0.2,2.209743822,2.201637438,2.395852953,0,1776,2220,5,1,1,1,1,0.052,world,2.369563342,13.88131339,18.95589915
559.552,ab3dmot,1,0,0,0.2,2.206569026,2.201345312,2.395793005,0,1780,2225,5,1,1,1,1,0.1,world,2.369634256,13.880315,18.95677729
559.628,ours,1,0,0,0.2,2.209881973,2.202017654,2.395756251,0,1780,2225,5,1,1,1,1,0.028,world,2.364802001,13.87878258,18.9550375
559.628,ab3dmot,1,0,0,0.2,2.206934573,2.201726512,2.395775346,0,1784,2230,5,1,1,1,1,0.076,world,2.36527178,13.87704726,18.95582128
559.7,ours,1,0,0,0.2,2.210530378,2.202384086,2.395659549,0,1784,2230,5,1,1,1,1,0.016,world,2.359806644,13.87566648,18.954922
559.7,ab3dmot,1,0,0,0.2,2.207300121,2.202095095,2.395757686,0,1788,2235,5,1,1,1,1,0.052,world,2.360753784,13.87342302,18.95530389
559.8,ours,1,0,0,0.2,2.211178782,2.202729264,2.395562847,0,1788,2235,5,1,1,1,1,0.02,world,2.35163346,13.87238979,18.95395886
559.8,ab3dmot,1,0,0,0.2,2.207465218,2.20244206,2.395740026,0,1792,2240,5,1,1,1,1,0.116,world,2.352416653,13.87031679,18.95464109
559.88,ours,1,0,0,0.2,2.211602136,2.203058108,2.395466145,0,1792,2240,5,1,1,1,1,0.032,world,2.345439709,13.86985388,18.95512607
559.88,ab3dmot,1,0,0,0.2,2.207630315,2.202768365,2.395722366,0,1796,2245,5,1,1,1,1,0.068,world,2.344389945,13.86897609,18.95944726
559.952,ours,1,0,0,0.2,2.21202549,2.203367141,2.395369443,0,1796,2245,5,1,1,1,1,0.052,world,2.337708546,13.86832737,18.95871371
559.952,ab3dmot,1,0,0,0.2,2.207827376,2.203076877,2.395704706,0,1800,2250,5,1,1,1,1,0.104,world,2.337488361,13.86741526,18.96088117
560.028,ours,1,0,0,0.2,2.212117318,2.203658131,2.395272741,0,1800,2250,5,1,1,1,1,0.028,world,2.330645316,13.8663785,18.9606843
560.028,ab3dmot,1,0,0,0.2,2.208024437,2.203365204,2.395687047,0,1804,2255,5,1,1,1,1,0.08,world,2.32949393,13.86588533,18.96517845
560.1,ours,1,0,0,0.2,2.212209147,2.203931246,2.395176039,0,1804,2255,5,1,1,1,1,0.02,world,2.323577621,13.86432367,18.96245936
560.1,ab3dmot,1,0,0,0.2,2.2081248,2.203636173,2.395669387,0,1808,2260,5,1,1,1,1,0.088,world,2.322623542,13.86392487,18.96633315
560.176,ours,1,0,0,0.2,2.212591039,2.204187568,2.395079337,0,1808,2260,5,1,1,1,1,0.016,world,2.316900228,13.86228007,18.9625919
560.176,ab3dmot,1,0,0,0.2,2.208225164,2.20389102,2.395651727,0,1812,2265,5,1,1,1,1,0.164,world,2.316212586,13.86188296,18.96563213
560.244,ours,1,0,0,0.2,2.212972931,2.2044276,2.394982635,0,1812,2265,5,1,1,1,1,0.036,world,2.310370249,13.86020659,18.96188634
560.244,ab3dmot,1,0,0,0.2,2.209141105,2.204129619,2.395634067,0,1816,2270,5,1,1,1,1,0.232,world,2.309681976,13.85980905,18.96492681
560.3,ours,1,0,0,0.2,2.21299739,2.204655547,2.394885933,0,1816,2270,5,1,1,1,1,0.016,world,2.305599175,13.85925057,18.96608387
560.3,ab3dmot,1,0,0,0.2,2.210057045,2.204355154,2.395616407,0,1820,2275,5,1,1,1,1,0.056,world,2.304469513,13.85940553,18.96964832
560.36,ours,1,0,0,0.2,2.213021849,2.204866336,2.394789231,0,1820,2275,5,1,1,1,1,0.028,world,2.298568899,13.85718155,18.96641777
560.36,ab3dmot,1,0,0,0.2,2.210129824,2.204563759,2.395598748,0,1824,2280,5,1,1,1,1,0.084,world,2.297515023,13.85737185,18.96966973
560.4,ours,1,0,0,0.2,2.213026929,2.205068129,2.394692529,0,1824,2280,5,1,1,1,1,0.016,world,2.2950443,13.85588683,18.96710872
560.4,ab3dmot,1,0,0,0.2,2.210202602,2.204765088,2.395581088,0,1828,2285,5,1,1,1,1,0.056,world,2.294731024,13.85559651,18.96899479
560.476,ours,1,0,0,0.2,2.213032008,2.205253846,2.394595827,0,1828,2285,5,1,1,1,1,0.036,world,2.288370887,13.85345654,18.96656237
560.476,ab3dmot,1,0,0,0.2,2.210911373,2.20494982,2.395563428,0,1832,2290,5,1,1,1,1,0.1,world,2.287812073,13.85341001,18.96873291
560.5,ours,1,0,0,0.2,2.213098922,2.205430663,2.394499125,0,1832,2290,5,1,1,1,1,0.02,world,2.284804475,13.85232118,18.96679663
560.5,ab3dmot,1,0,0,0.2,2.211620145,2.205125164,2.395545768,0,1836,2295,5,1,1,1,1,0.092,world,2.284017973,13.85249153,18.96925077
560.564,ours,1,0,0,0.2,2.213165835,2.205590148,2.394402423,0,1836,2295,5,1,1,1,1,0.04,world,2.277460376,13.8501114,18.96769941
560.564,ab3dmot,1,0,0,0.2,2.21197552,2.20528392,2.395528108,0,1840,2300,5,1,1,1,1,0.088,world,2.276984944,13.8501361,18.96944731
560.6,ours,1,0,0,0.2,2.21423783,2.205749447,2.394305721,0,1840,2300,5,1,1,1,1,0.016,world,2.277691918,13.84938283,18.96741603
560.6,ab3dmot,1,0,0,0.2,2.212330896,2.205445503,2.395510449,0,1844,2305,5,1,1,1,1,0.06,world,2.278558786,13.84855754,18.96648583
560.652,ours,1,0,0,0.2,2.215309825,2.205893967,2.394209019,0,1844,2305,5,1,1,1,1,0.036,world,2.271398499,13.8470003,18.96611691
560.652,ab3dmot,1,0,0,0.2,2.21289834,2.205590776,2.39532584,0,1848,2310,5,1,1,1,1,0.112,world,2.271572906,13.84676597,18.96613304
560.7,ours,1,0,0,0.2,2.215987967,2.206032186,2.394193604,0,1848,2310,5,1,1,1,1,0.028,world,2.26885468,13.84510227,18.96440391
560.7,ab3dmot,1,0,0,0.2,2.213465784,2.205732887,2.395141231,0,1852,2315,5,1,1,1,1,0.096,world,2.270436873,13.84382183,18.9620915
560.74,ours,1,0,0,0.2,2.216666108,2.20615723,2.394178189,0,1852,2315,5,1,1,1,1,0.036,world,2.263188545,13.84173049,18.96188522
560.74,ab3dmot,1,0,0,0.2,2.213874963,2.205860847,2.394956622,0,1856,2320,5,1,1,1,1,0.1,world,2.264329732,13.84089898,18.95996306
560.772,ours,1,0,0,0.2,2.217078745,2.20627614,2.394162774,0,1856,2320,5,1,1,1,1,0.012,world,2.260660087,13.83984157,18.96003575
560.772,ab3dmot,1,0,0,0.2,2.214284143,2.205983451,2.394772014,0,1860,2325,5,1,1,1,1,0.1,world,2.262154669,13.83879221,18.95741555
560.804,ours,1,0,0,0.2,2.217491382,2.206396433,2.394147359,0,1860,2325,5,1,1,1,1,0.004,world,2.261522109,13.83914687,18.95879213
560.804,ab3dmot,1,0,0,0.2,2.214344747,2.206109762,2.394587405,0,1864,2330,5,1,1,1,1,0.064,world,2.264081129,13.83734527,18.95433185
560.868,ours,1,0,0,0.2,2.217565694,2.206502145,2.394131943,0,1864,2330,5,1,1,1,1,0.02,world,2.255121313,13.83641657,18.95714005
560.868,ab3dmot,1,0,0,0.2,2.214405352,2.206220815,2.394402796,0,1868,2335,5,1,1,1,1,0.096,world,2.257377413,13.83487196,18.95310818
560.904,ours,1,0,0,0.2,2.217640005,2.206601077,2.394116528,0,1868,2335,5,1,1,1,1,0.004,world,2.252230468,13.83473887,18.95607315
560.904,ab3dmot,1,0,0,0.2,2.215118915,2.206323127,2.394218187,0,1872,2340,5,1,1,1,1,0.068,world,2.253595195,13.83389282,18.95336923
560.968,ours,1,0,0,0.2,2.21857048,2.206683767,2.394101113,0,1872,2340,5,1,1,1,1,0.032,world,2.244967109,13.83265203,18.9558453
560.968,ab3dmot,1,0,0,0.2,2.215832479,2.206408078,2.394033579,0,1876,2345,5,1,1,1,1,0.096,world,2.245812215,13.83223711,18.9538426
561,ours,1,0,0,0.2,2.219500955,2.206756538,2.394085698,0,1876,2345,5,1,1,1,1,0.004,world,2.240554056,13.83217653,18.95704546
561,ab3dmot,1,0,0,0.2,2.216495829,2.206481366,2.39384897,0,1880,2350,5,1,1,1,1,0.064,world,2.24058933,13.83241599,18.95616444
561.06,ours,1,0,0,0.2,2.21964538,2.206812711,2.394070283,0,1880,2350,5,1,1,1,1,0.024,world,2.233002134,13.83035612,18.95725899
561.06,ab3dmot,1,0,0,0.2,2.21715918,2.206538218,2.393664361,0,1884,2355,5,1,1,1,1,0.092,world,2.233098686,13.83055343,18.95626431
561.1,ours,1,0,0,0.2,2.219789806,2.20686049,2.394054868,0,1884,2355,5,1,1,1,1,0.028,world,2.229203374,13.82941246,18.95762983
561.1,ab3dmot,1,0,0,0.2,2.217284412,2.206587141,2.393479753,0,1888,2360,5,1,1,1,1,0.064,world,2.229510526,13.82941038,18.95642313
561.156,ours,1,0,0,0.2,2.220698439,2.206900772,2.394039453,0,1888,2360,5,1,1,1,1,0.02,world,2.225792521,13.82820113,18.95738224
561.156,ab3dmot,1,0,0,0.2,2.217409644,2.206628877,2.393295144,0,1892,2365,5,1,1,1,1,0.092,world,2.226240805,13.82819248,18.95563773
561.2,ours,1,0,0,0.2,2.221607072,2.206934643,2.394024038,0,1892,2365,5,1,1,1,1,0.016,world,2.222864038,13.82672338,18.95614514
561.2,ab3dmot,1,0,0,0.2,2.218474669,2.206666154,2.393110535,0,1896,2370,5,1,1,1,1,0.064,world,2.224228089,13.82611071,18.95274929
561.252,ours,1,0,0,0.2,2.220698439,2.206955309,2.394008623,0,1896,2370,5,1,1,1,1,0.02,world,2.216709064,13.82405119,18.95418408
561.252,ab3dmot,1,0,0,0.2,2.217409644,2.206688583,2.392925926,0,1900,2375,5,1,1,1,1,0.116,world,2.217294285,13.82398532,18.95211352
561.3,ours,1,0,0,0.2,2.219789806,2.206970452,2.393993208,0,1900,2375,5,1,1,1,1,0.032,world,2.214136209,13.82241692,18.95231886
561.3,ab3dmot,1,0,0,0.2,2.217351965,2.206708729,2.392741318,0,1904,2380,5,1,1,1,1,0.1,world,2.216257509,13.82144614,18.94722842
561.3,sort,0.2753623188,6,0,0.1942028986,12.99336623,12.9575821,13.4984762,0,828,1035,5,1,1,1,1,0.1,world,12.44808211,20.12748966,23.38470758
561.332,ours,1,0,0,0.2,2.21964538,2.206982161,2.393977793,0,1904,2380,5,1,1,1,1,0.02,world,2.212536907,13.82024145,18.9485119
561.332,ab3dmot,1,0,0,0.2,2.217294285,2.206723855,2.392556709,0,1908,2385,5,1,1,1,1,0.1,world,2.213912184,13.81974271,18.94488486
561.332,sort,0.2740384615,6,0,0.1942307692,12.99073057,12.95516042,13.4966633,0,832,1040,5,1,1,1,1,0.064,world,12.44372932,20.12523176,23.38332208
561.392,ours,1,0,0,0.2,2.219500955,2.206980928,2.393962378,0,1908,2385,5,1,1,1,1,0.028,world,2.206394358,13.81779825,18.94663241
561.392,ab3dmot,1,0,0,0.2,2.217226732,2.206727078,2.3923721,0,1912,2390,5,1,1,1,1,0.092,world,2.208263717,13.8171146,18.94181567
561.392,sort,0.2727272727,6,0,0.1942583732,12.98809491,12.95272173,13.49485039,0,836,1045,5,1,1,1,1,0.092,world,12.43508368,20.12081086,23.3806718
561.432,ours,1,0,0,0.2,2.21857048,2.206973964,2.393946962,0,1912,2390,5,1,1,1,1,0.028,world,2.203649312,13.81650176,18.94488219
561.432,ab3dmot,1,0,0,0.2,2.21715918,2.206723482,2.392187491,0,1916,2395,5,1,1,1,1,0.1,world,2.205003944,13.81611869,18.94112403
561.432,sort,0.2714285714,6,0,0.1942857143,12.98650688,12.95028618,13.49303749,0,840,1050,5,1,1,1,1,0.068,world,12.4307897,20.11864487,23.37940289
561.468,ours,1,0,0,0.2,2.217640005,2.206960102,2.393931547,0,1916,2395,5,1,1,1,1,0.004,world,2.200323993,13.81552002,18.94447671
561.468,ab3dmot,1,0,0,0.2,2.216708344,2.206713271,2.392002883,0,1920,2400,5,1,1,1,1,0.068,world,2.201816932,13.81494068,18.94077733
561.468,sort,0.2701421801,6,0,0.1943127962,12.98491886,12.94785385,13.49122459,0,844,1055,5,1,1,1,1,0.068,world,12.42652093,20.11651324,23.37817597
561.5,ours,1,0,0,0.2,2.217565694,2.206941839,2.393916132,0,1920,2400,5,1,1,1,1,0.004,world,2.198176553,13.81360464,18.94262553
561.5,ab3dmot,1,0,0,0.2,2.216257509,2.206698183,2.391818274,0,1924,2405,5,1,1,1,1,0.068,world,2.199443963,13.81319265,18.93925706
561.5,sort,0.2688679245,6,0,0.1943396226,12.98283027,12.94542481,13.48941168,0,848,1060,5,1,1,1,1,0.068,world,12.42227819,20.11441585,23.37699045
561.58,ours,1,0,0,0.2,2.217491382,2.206912991,2.393900717,0,1924,2405,5,1,1,1,1,0.016,world,2.193022382,13.81057974,18.94015621
561.58,ab3dmot,1,0,0,0.2,2.216044994,2.206677304,2.391768974,0,1928,2410,5,1,1,1,1,0.084,world,2.196611515,13.80830835,18.93377552
561.58,sort,0.2676056338,6,0,0.1943661972,12.98074168,12.94298029,13.48759878,0,852,1065,5,1,1,1,1,0.084,world,12.4138786,20.11032765,23.37474594
561.6,ours,1,0,0,0.2,2.217100223,2.206884243,2.393715899,0,1928,2410,5,1,1,1,1,0,world,2.193012578,13.80711687,18.93556676
561.6,ab3dmot,1,0,0,0.2,2.215832479,2.206654145,2.391719674,0,1932,2415,5,1,1,1,1,0.072,world,2.195463081,13.80567741,18.93089085
561.6,sort,0.2663551402,6,0,0.1943925234,12.97940344,12.94221857,13.48578588,0,856,1070,5,1,1,1,1,0.072,world,12.77893671,20.93908526,24.52316755
561.668,ours,1,0,0,0.2,2.216709064,2.206851943,2.393531081,0,1932,2415,5,1,1,1,1,0.008,world,2.191228036,13.80506635,18.93347336
561.668,ab3dmot,1,0,0,0.2,2.215118915,2.206630898,2.391670375,0,1936,2420,5,1,1,1,1,0.072,world,2.195374035,13.80215333,18.92702171
561.668,sort,0.2651162791,6,0,0.1944186047,12.9780652,12.94168831,13.48397298,0,860,1075,5,1,1,1,1,0.072,world,12.82770823,21.04305789,24.66526887
561.716,ours,1,0,0,0.2,2.216687586,2.206811961,2.393346263,0,1936,2420,5,1,1,1,1,0.016,world,2.187415012,13.8011537,18.93022069
561.716,ab3dmot,1,0,0,0.2,2.214405352,2.206597494,2.391621075,0,1940,2425,5,1,1,1,1,0.088,world,2.190370017,13.79916262,18.92538693
561.716,sort,0.2638888889,6,0,0.1944444444,12.97748829,12.94124224,13.48216007,0,864,1080,5,1,1,1,1,0.088,world,12.84497763,21.08933147,24.73077301
561.784,ours,1,0,0,0.2,2.216666108,2.206761486,2.393161445,0,1940,2425,5,1,1,1,1,0.024,world,2.182194782,13.79853666,18.92898022
561.784,ab3dmot,1,0,0,0.2,2.214344747,2.206554254,2.391571775,0,1944,2430,5,1,1,1,1,0.088,world,2.185481858,13.79600924,18.92470714
561.784,sort,0.2626728111,6,0,0.1944700461,12.97691137,12.94089641,13.48034717,0,868,1085,5,1,1,1,1,0.12,world,12.86598005,21.14217917,24.80489806
561.804,ours,1,0,0,0.2,2.215987967,2.2067137,2.392976627,0,1944,2430,5,1,1,1,1,0.004,world,2.183413996,13.797313,18.92841357
561.804,ab3dmot,1,0,0,0.2,2.214284143,2.206512168,2.391522475,0,1948,2435,5,1,1,1,1,0.076,world,2.185962567,13.79541626,18.92490252
561.804,sort,0.2614678899,6,0,0.1944954128,12.97675517,12.94091657,13.47853427,0,872,1090,5,1,1,1,1,0.044,world,12.94528957,21.29350412,25.00712357
561.884,ours,1,0,0,0.2,2.215309825,2.206655992,2.392791809,0,1948,2435,5,1,1,1,1,0.024,world,2.178429196,13.7946593,18.92734234
561.884,ab3dmot,1,0,0,0.2,2.214098163,2.20646145,2.391473176,0,1952,2440,5,1,1,1,1,0.088,world,2.181621858,13.79198116,18.92426473
561.884,sort,0.2602739726,6,0,0.1945205479,12.97659897,12.94104028,13.47672136,0,876,1095,5,1,1,1,1,0.088,world,12.9679815,21.34711111,25.08150325
561.9,ours,1,0,0,0.2,2.214723017,2.206595446,2.392606991,0,1952,2440,5,1,1,1,1,0.008,world,2.176909194,13.79244299,18.92658983
561.9,ab3dmot,1,0,0,0.2,2.213912184,2.206405943,2.391423876,0,1956,2445,5,1,1,1,1,0.072,world,2.179149893,13.79062162,18.92428415
561.9,sort,0.2590909091,6,0,0.1945454545,12.97675517,12.94127053,13.47490846,0,880,1100,5,1,1,1,1,0.072,world,12.99159777,21.3962953,25.14828305
561.98,ours,1,0,0,0.2,2.214136209,2.206524804,2.392422173,0,1956,2445,5,1,1,1,1,0.02,world,2.171777367,13.79026572,18.92590798
561.98,ab3dmot,1,0,0,0.2,2.213688984,2.20634075,2.391374576,0,1960,2450,5,1,1,1,1,0.092,world,2.174226829,13.78817389,18.92395962
561.98,sort,0.257918552,6,0,0.1945701357,12.97691137,12.94171869,13.47309556,0,884,1105,5,1,1,1,1,0.092,world,13.03993884,21.4951732,25.28202911
562,ours,1,0,0,0.2,2.213651022,2.206450076,2.392237355,0,1960,2450,5,1,1,1,1,0,world,2.169600145,13.78892501,18.92534767
562,ab3dmot,1,0,0,0.2,2.213465784,2.206271582,2.391325276,0,1964,2455,5,1,1,1,1,0.076,world,2.172114421,13.78673131,18.92367401
562,sort,0.2567567568,6,0,0.1945945946,12.97748829,12.94227512,13.47289519,0,888,1110,5,1,1,1,1,0.076,world,13.06466389,21.54486732,25.34899596
562.06,ours,1,0,0,0.2,2.213165835,2.206371703,2.392052537,0,1964,2455,5,1,1,1,1,0.008,world,2.16762808,13.78744947,18.92478249
562.06,ab3dmot,1,0,0,0.2,2.21289834,2.206199219,2.391275977,0,1968,2460,5,1,1,1,1,0.1,world,2.170377495,13.78504488,18.92314324
562.06,sort,0.2556053812,6,0,0.1946188341,12.9780652,12.94308855,13.47269483,0,892,1115,5,1,1,1,1,0.068,world,13.12242211,21.65261124,25.49198474
562.092,ours,1,0,0,0.2,2.213098922,2.206294516,2.391867719,0,1968,2460,5,1,1,1,1,0,world,2.168063775,13.7839407,18.92290694
562.092,ab3dmot,1,0,0,0.2,2.212330896,2.206126224,2.391226677,0,1972,2465,5,1,1,1,1,0.072,world,2.169914839,13.78232465,18.92212554
562.092,sort,0.2544642857,6,0,0.1946428571,12.97940344,12.9440116,13.47249447,0,896,1120,5,1,1,1,1,0.072,world,13.14823392,21.70278081,25.55909217
562.164,ours,1,0,0,0.2,2.213032008,2.206207387,2.3916829,0,1972,2465,5,1,1,1,1,0.024,world,2.162914029,13.78242214,18.92253496
562.164,ab3dmot,1,0,0,0.2,2.21197552,2.206045532,2.391177377,0,1976,2470,5,1,1,1,1,0.104,world,2.165898562,13.77984385,18.92128726
562.164,sort,0.2533333333,6,0,0.1946666667,12.98074168,12.94504606,13.4722941,0,900,1125,5,1,1,1,1,0.104,world,13.17471777,21.75828703,25.63438285
562.228,ours,1,0,0,0.2,2.213026929,2.206117703,2.391498082,0,1976,2470,5,1,1,1,1,0.028,world,2.161450468,13.77811581,18.91987203
562.228,ab3dmot,1,0,0,0.2,2.211620145,2.205960295,2.391128077,0,1980,2475,5,1,1,1,1,0.104,world,2.163442794,13.77642664,18.91923161
562.228,sort,0.2522123894,6,0,0.1946902655,12.98283027,12.94631344,13.47209374,0,904,1130,5,1,1,1,1,0.104,world,13.22838702,21.8596108,25.76902044
562.3,ours,1,0,0,0.2,2.213021849,2.206025558,2.391313264,0,1980,2475,5,1,1,1,1,0.024,world,2.160025561,13.77416162,18.91709832
562.3,ab3dmot,1,0,0,0.2,2.210911373,2.205877797,2.391078778,0,1984,2480,5,1,1,1,1,0.076,world,2.164655298,13.77055094,18.91417433
562.3,sort,0.2511013216,6,0,0.1947136564,12.98491886,12.9478358,13.47189338,0,908,1135,5,1,1,1,1,0.108,world,13.28741724,21.96814767,25.91236475
562.384,ours,1,0,0,0.2,2.21299739,2.205932154,2.391128446,0,1984,2480,5,1,1,1,1,0.028,world,2.159201017,13.77010217,18.91380471
562.384,ab3dmot,1,0,0,0.2,2.210202602,2.205798338,2.391029478,0,1988,2485,5,1,1,1,1,0.064,world,2.16602755,13.76499449,18.90868937
562.384,sort,0.25,6,0,0.1947368421,12.98650688,12.94974436,13.47169302,0,912,1140,5,1,1,1,1,0.096,world,13.37594142,22.12339988,26.11515261
562.476,ours,1,0,0,0.2,2.212972931,2.20583401,2.390943628,0,1988,2485,5,1,1,1,1,0.056,world,2.156604022,13.7656401,18.91020707
562.476,ab3dmot,1,0,0,0.2,2.210129824,2.205710842,2.390980178,0,1992,2490,5,1,1,1,1,0.12,world,2.161786972,13.7618367,18.90606544
562.476,sort,0.2489082969,6,0,0.1947598253,12.98809491,12.95190734,13.47149265,0,916,1145,5,1,1,1,1,0.12,world,13.4359797,22.23282436,26.25919159
562.552,ours,1,0,0,0.2,2.212754919,2.205739217,2.39075881,0,1992,2490,5,1,1,1,1,0.052,world,2.158111818,13.76078002,18.90395011
562.552,ab3dmot,1,0,0,0.2,2.210057045,2.205623147,2.390930878,0,1996,2495,5,1,1,1,1,0.132,world,2.161508976,13.75832252,18.90110234
562.552,sort,0.247826087,6,0,0.1947826087,12.98984634,12.95432431,13.48592206,0,920,1150,5,1,1,1,1,0.132,world,13.49641648,22.33727383,26.39499367
562.6,ours,1,0,0,0.2,2.212536907,2.205650268,2.390573992,0,1996,2495,5,1,1,1,1,0.024,world,2.160899253,13.75705084,18.89852462
562.6,ab3dmot,1,0,0,0.2,2.209160381,2.205550298,2.390881579,0,2000,2500,5,1,1,1,1,0.048,world,2.168893309,13.75148828,18.88926241
562.6,sort,0.2467532468,6,0,0.1948051948,12.99159777,12.95718361,13.50288505,0,924,1155,5,1,1,1,1,0.08,world,13.59886118,22.50296065,26.60687326
562.696,ours,1,0,0,0.2,2.212373027,2.205563967,2.390389174,0,2000,2500,5,1,1,1,1,0.04,world,2.162069791,13.75139463,18.89093305
562.696,ab3dmot,1,0,0,0.2,2.208263717,2.205478892,2.390832279,0,2004,2505,5,1,1,1,1,0.044,world,2.169481516,13.74632507,18.88162306
562.696,sort,0.2456896552,6,0,0.1948275862,12.992482,12.9603162,13.51068893,0,928,1160,5,1,1,1,1,0.112,world,13.66471528,22.61514427,26.75204133
562.78,ours,1,0,0,0.2,2.212209147,2.205479381,2.390204356,0,2004,2505,5,1,1,1,1,0.032,world,2.162772174,13.74806604,18.88633833
562.78,ab3dmot,1,0,0,0.2,2.20824444,2.205410191,2.390747896,0,2008,2510,5,1,1,1,1,0.064,world,2.170717591,13.74270948,18.87542957
562.78,sort,0.2446351931,6,0,0.1948497854,12.99336623,12.96387866,13.52089012,0,932,1165,5,1,1,1,1,0.1,world,13.76547312,22.7757664,26.95641026
562.876,ours,1,0,0,0.2,2.212117318,2.205402558,2.390198083,0,2008,2510,5,1,1,1,1,0.06,world,2.166571651,13.74290519,18.87765313
562.876,ab3dmot,1,0,0,0.2,2.208225164,2.205344541,2.390663514,0,2012,2515,5,1,1,1,1,0.092,world,2.172137924,13.73920003,18.86954353
562.876,sort,0.2435897436,6,0,0.1948717949,12.992482,12.96141537,13.51981898,0,936,1170,5,1,1,1,1,0.124,world,12.37410902,20.21234929,23.55951965
562.948,ours,1,0,0,0.2,2.21202549,2.205330508,2.390191809,0,2012,2515,5,1,1,1,1,0.048,world,2.168859418,13.73822179,18.87019025
562.948,ab3dmot,1,0,0,0.2,2.2081248,2.205279219,2.390579131,0,2016,2520,5,1,1,1,1,0.096,world,2.172173424,13.73606355,18.86471086
562.948,sort,0.2425531915,6,0,0.194893617,12.99159777,12.95892254,13.51874784,0,940,1175,5,1,1,1,1,0.132,world,12.36178506,20.19254336,23.53347361
563.016,ours,1,0,0,0.2,2.211602136,2.2052689,2.390185536,0,2016,2520,5,1,1,1,1,0.02,world,2.174058727,13.73300382,18.86080829
563.016,ab3dmot,1,0,0,0.2,2.208024437,2.205224646,2.390494749,0,2020,2525,5,1,1,1,1,0.068,world,2.177545819,13.73076312,18.85476123
563.016,sort,0.2415254237,6,0,0.1949152542,12.98984634,12.95639364,13.51767669,0,944,1180,5,1,1,1,1,0.1,world,12.34774825,20.16247886,23.49204114
563.1,ours,1,0,0,0.2,2.211178782,2.205213985,2.390179263,0,2020,2525,5,1,1,1,1,0.02,world,2.1773606,13.72939151,18.85414897
563.1,ab3dmot,1,0,0,0.2,2.207827376,2.20518098,2.390410367,0,2024,2530,5,1,1,1,1,0.052,world,2.183017681,13.72576589,18.84465607
563.1,sort,0.2405063291,6,0,0.1949367089,12.98809491,12.95383146,13.51660555,0,948,1185,5,1,1,1,1,0.084,world,12.33428085,20.13274887,23.45084481
563.188,ours,1,0,0,0.2,2.210530378,2.205164298,2.39017299,0,2024,2530,5,1,1,1,1,0.024,world,2.179927295,13.72615303,18.84816816
563.188,ab3dmot,1,0,0,0.2,2.207630315,2.205141532,2.390325984,0,2028,2535,5,1,1,1,1,0.076,world,2.185089759,13.72287885,18.83925405
563.188,sort,0.2394957983,6,0,0.1949579832,12.98650688,12.95125067,13.51553441,0,952,1190,5,1,1,1,1,0.108,world,12.32437248,20.1147347,23.4267774
563.28,ours,1,0,0,0.2,2.209881973,2.205120286,2.390166716,0,2028,2535,5,1,1,1,1,0.044,world,2.182736421,13.72366706,18.84338438
563.28,ab3dmot,1,0,0,0.2,2.207465218,2.205104073,2.390241602,0,2032,2540,5,1,1,1,1,0.1,world,2.18602955,13.7216202,18.837095
563.28,sort,0.2384937238,6,0,0.1949790795,12.98491886,12.94865618,13.51446327,0,956,1195,5,1,1,1,1,0.132,world,12.31563098,20.09544098,23.40002875
563.368,ours,1,0,0,0.2,2.209743822,2.2050808,2.390160443,0,2032,2540,5,1,1,1,1,0.06,world,2.184969787,13.72183477,18.83981124
563.368,ab3dmot,1,0,0,0.2,2.207300121,2.205065591,2.390157219,0,2036,2545,5,1,1,1,1,0.088,world,2.185429126,13.7216686,18.83697975
563.368,sort,0.2375,6,0,0.195,12.98283027,12.94603547,13.51339213,0,960,1200,5,1,1,1,1,0.12,world,12.3036863,20.06767402,23.36119183
563.428,ours,1,0,0,0.2,2.209605672,2.205042971,2.39015417,0,2036,2545,5,1,1,1,1,0.028,world,2.185741142,13.72138563,18.83847049
563.428,ab3dmot,1,0,0,0.2,2.206934573,2.20502745,2.390072837,0,2040,2550,5,1,1,1,1,0.084,world,2.185527181,13.72167008,18.83647869
563.428,sort,0.2365145228,6,0,0.1950207469,12.98074168,12.94339561,13.51232098,0,964,1205,5,1,1,1,1,0.084,world,12.29344611,20.0397394,23.32120096
563.504,ours,1,0,0,0.2,2.20907989,2.205009344,2.390147897,0,2040,2550,5,1,1,1,1,0.028,world,2.187826072,13.72035135,18.8358733
563.504,ab3dmot,1,0,0,0.2,2.206569026,2.204990682,2.389988454,0,2044,2555,5,1,1,1,1,0.06,world,2.186158673,13.72157265,18.83605761
563.504,sort,0.2355371901,6,0,0.1950413223,12.97940344,12.94074905,13.51217262,0,968,1210,5,1,1,1,1,0.092,world,12.28631656,20.02138711,23.29512072
563.588,ours,1,0,0,0.2,2.208554107,2.204977808,2.390141624,0,2044,2555,5,1,1,1,1,0.024,world,2.18883513,13.72076976,18.83601788
563.588,ab3dmot,1,0,0,0.2,2.206451308,2.204950001,2.389904072,0,2048,2560,5,1,1,1,1,0.044,world,2.184062727,13.72401726,18.84043723
563.588,sort,0.2345679012,6,0,0.1950617284,12.9780652,12.93810081,13.51202425,0,972,1215,5,1,1,1,1,0.112,world,12.28044527,20.00580127,23.27285878
563.66,ours,1,0,0,0.2,2.207474233,2.204946696,2.39013535,0,2048,2560,5,1,1,1,1,0.048,world,2.188990615,13.72179421,18.8373625
563.66,ab3dmot,1,0,0,0.2,2.20633359,2.204908572,2.389819689,0,2052,2565,5,1,1,1,1,0.084,world,2.183593753,13.72544616,18.8427481
563.66,sort,0.2336065574,6,0,0.1950819672,12.97748829,12.93545096,13.51187588,0,976,1220,5,1,1,1,1,0.116,world,12.27459094,19.98818847,23.24730281
563.756,ours,1,0,0,0.2,2.206394358,2.204915271,2.390129077,0,2052,2565,5,1,1,1,1,0.048,world,2.188766722,13.72340119,18.83957602
563.756,ab3dmot,1,0,0,0.2,2.206296225,2.204866401,2.389735307,0,2056,2570,5,1,1,1,1,0.08,world,2.183125131,13.72723464,18.84514361
563.756,sort,0.2326530612,6,0,0.1951020408,12.97691137,12.93278935,13.51172751,0,980,1225,5,1,1,1,1,0.112,world,12.26610443,19.96132515,23.20809617
563.836,ours,1,0,0,0.2,2.206300053,2.20488811,2.390122804,0,2056,2570,5,1,1,1,1,0.036,world,2.19090983,13.72481595,18.84037247
563.836,ab3dmot,1,0,0,0.2,2.206258861,2.204826614,2.389650924,0,2060,2575,5,1,1,1,1,0.096,world,2.184280533,13.72927605,18.84771671
563.836,sort,0.2317073171,6,0,0.1951219512,12.97675517,12.93013633,13.51157914,0,984,1230,5,1,1,1,1,0.128,world,12.26286458,19.94724495,23.18688532
563.904,ours,1,0,0,0.2,2.206205747,2.204857077,2.390116531,0,2060,2575,5,1,1,1,1,0.024,world,2.18884792,13.72727453,18.84455946
563.904,ab3dmot,1,0,0,0.2,2.20619715,2.204778445,2.389566542,0,2064,2580,5,1,1,1,1,0.064,world,2.179830057,13.73332484,18.85511137
563.904,sort,0.2307692308,6,0,0.1951417004,12.97659897,12.92747189,13.51143077,0,988,1235,5,1,1,1,1,0.096,world,12.25443166,19.91928566,23.14586689
564,ours,1,0,0,0.2,2.205919142,2.204826855,2.390110257,0,2064,2580,5,1,1,1,1,0.028,world,2.189207025,13.73084824,18.84933553
564,ab3dmot,1,0,0,0.2,2.20613544,2.204729408,2.38948216,0,2068,2585,5,1,1,1,1,0.096,world,2.179279096,13.73752517,18.86119649
564,sort,0.2298387097,6,0,0.1951612903,12.97251019,12.92482189,13.51128241,0,992,1240,5,1,1,1,1,0.128,world,12.25273011,19.90605172,23.12521292
564.076,ours,1,0,0,0.2,2.205632537,2.204795216,2.390103984,0,2068,2585,5,1,1,1,1,0.036,world,2.188408684,13.73433457,18.85453816
564.076,ab3dmot,1,0,0,0.2,2.205569692,2.204673388,2.389397777,0,2072,2590,5,1,1,1,1,0.072,world,2.175517895,13.74298956,18.87071266
564.076,sort,0.2289156627,6,0,0.1951807229,12.96842142,12.92217016,13.51113404,0,996,1245,5,1,1,1,1,0.104,world,12.24682555,19.88056879,23.08686315
564.164,ours,1,0,0,0.2,2.205399692,2.204762482,2.390097711,0,2072,2590,5,1,1,1,1,0.06,world,2.187773358,13.73982004,18.86267061
564.164,ab3dmot,1,0,0,0.2,2.205003944,2.20462028,2.389313395,0,2076,2595,5,1,1,1,1,0.092,world,2.176935905,13.74711578,18.87656571
564.164,sort,0.228,6,0,0.1952,12.96820146,12.91953831,13.51098567,0,1000,1250,5,1,1,1,1,0.124,world,12.24661618,19.86715071,23.06511318
564.236,ours,1,0,0,0.2,2.205166846,2.204726919,2.390091438,0,2076,2595,5,1,1,1,1,0.036,world,2.186227518,13.74459123,18.87105317
564.236,ab3dmot,1,0,0,0.2,2.204468158,2.204567319,2.389229012,0,2080,2600,5,1,1,1,1,0.1,world,2.176906591,13.75087728,18.88323535
564.236,sort,0.2270916335,6,0,0.1952191235,12.9679815,12.91691121,13.5108373,0,1004,1255,5,1,1,1,1,0.1,world,12.24246153,19.84356101,23.0289053
564.328,ours,1,0,0,0.2,2.204691681,2.204690383,2.390085164,0,2080,2600,5,1,1,1,1,0.044,world,2.185645901,13.74907205,18.87857784
564.328,ab3dmot,1,0,0,0.2,2.203932373,2.204508817,2.38914463,0,2084,2605,5,1,1,1,1,0.092,world,2.173874838,13.7570049,18.89471846
564.328,sort,0.2261904762,6,0,0.1952380952,12.96424128,12.91430041,13.51068893,0,1008,1260,5,1,1,1,1,0.124,world,12.24139268,19.82850749,23.00495022
564.4,ours,1,0,0,0.2,2.204216517,2.204653646,2.390078891,0,2084,2605,5,1,1,1,1,0.032,world,2.185466492,13.75365048,18.88574288
564.4,ab3dmot,1,0,0,0.2,2.203463898,2.204444615,2.38905078,0,2088,2610,5,1,1,1,1,0.064,world,2.17073686,13.76361373,18.90642063
564.4,sort,0.2252964427,6,0,0.195256917,12.96050107,12.91169837,13.51054057,0,1012,1265,5,1,1,1,1,0.1,world,12.23836045,19.80547297,22.96903862
564.472,ours,1,0,0,0.2,2.203932914,2.204616066,2.389899266,0,2088,2610,5,1,1,1,1,0.024,world,2.184948953,13.75879801,18.89394526
564.472,ab3dmot,1,0,0,0.2,2.202995423,2.20437987,2.388956931,0,2092,2615,5,1,1,1,1,0.072,world,2.170319768,13.76873555,18.91484604
564.472,sort,0.2244094488,6,0,0.1952755906,12.95848873,12.90911617,13.5103922,0,1016,1270,5,1,1,1,1,0.108,world,12.23832522,19.79092869,22.94535541
564.56,ours,1,0,0,0.2,2.203649312,2.20457837,2.389719642,0,2092,2615,5,1,1,1,1,0.052,world,2.184812481,13.76672669,18.90642213
564.56,ab3dmot,1,0,0,0.2,2.202887261,2.20432139,2.388863082,0,2096,2620,5,1,1,1,1,0.092,world,2.173520679,13.77448058,18.92234378
564.632,ours,1,0,0,0.2,2.203140183,2.204543303,2.389540017,0,2096,2620,5,1,1,1,1,0.032,world,2.186126263,13.77150001,18.91302938
564.632,ab3dmot,1,0,0,0.2,2.202779099,2.204267318,2.388769232,0,2100,2625,5,1,1,1,1,0.1,world,2.175748365,13.77866175,18.92777704
564.7,ours,1,0,0,0.2,2.202631054,2.204510893,2.389360392,0,2100,2625,5,1,1,1,1,0.036,world,2.187461975,13.77647832,18.92022028
564.7,ab3dmot,1,0,0,0.2,2.202298016,2.204217852,2.388675383,0,2104,2630,5,1,1,1,1,0.1,world,2.178093108,13.78297064,18.93377026
564.764,ours,1,0,0,0.2,2.201705856,2.204477797,2.389180767,0,2104,2630,5,1,1,1,1,0.032,world,2.187033004,13.77999932,18.92568527
564.764,ab3dmot,1,0,0,0.2,2.201816932,2.204168491,2.388581534,0,2108,2635,5,1,1,1,1,0.1,world,2.178049693,13.7862811,18.93821458
564.8,ours,1,0,0,0.2,2.200780659,2.2044377,2.389001143,0,2108,2635,5,1,1,1,1,0.004,world,2.183244906,13.78598193,18.93421707
564.8,ab3dmot,1,0,0,0.2,2.201364595,2.204116744,2.388487684,0,2112,2640,5,1,1,1,1,0.068,world,2.176675083,13.79063515,18.94302814
564.896,ours,1,0,0,0.2,2.200552326,2.204411477,2.388821518,0,2112,2640,5,1,1,1,1,0.016,world,2.190548433,13.7910883,18.93815555
564.896,ab3dmot,1,0,0,0.2,2.200912257,2.204076199,2.388393835,0,2116,2645,5,1,1,1,1,0.1,world,2.182563163,13.79694286,18.94736626
564.944,ours,1,0,0,0.2,2.200323993,2.204383573,2.388641893,0,2116,2645,5,1,1,1,1,0.044,world,2.189600492,13.79549181,18.94285685
564.944,ab3dmot,1,0,0,0.2,2.200716744,2.204038299,2.388299986,0,2120,2650,5,1,1,1,1,0.116,world,2.183896795,13.79970355,18.94955359
565,ours,1,0,0,0.2,2.200139728,2.204361839,2.388462268,0,2120,2650,5,1,1,1,1,0.012,world,2.192834363,13.80067279,18.94797081
565,ab3dmot,1,0,0,0.2,2.20052123,2.204006164,2.388206136,0,2124,2655,5,1,1,1,1,0.072,world,2.186908287,13.80519373,18.95424653
565.1,ours,1,0,0,0.2,2.200323993,2.204357237,2.388282643,0,2124,2655,5,1,1,1,1,0.02,world,2.2019166,13.80581132,18.95172932
565.1,ab3dmot,1,0,0,0.2,2.199982597,2.203991407,2.388112287,0,2128,2660,5,1,1,1,1,0.136,world,2.196141805,13.81029731,18.95763064
565.192,ours,1,0,0,0.2,2.200552326,2.204357176,2.388103019,0,2128,2660,5,1,1,1,1,0.032,world,2.204324769,13.81251462,18.95776293
565.192,ab3dmot,1,0,0,0.2,2.200442586,2.203984755,2.388018438,0,2132,2665,5,1,1,1,1,0.132,world,2.200442586,13.81584686,18.96032099
565.264,ours,1,0,0,0.2,2.200780659,2.204366329,2.387923394,0,2132,2665,5,1,1,1,1,0.044,world,2.209230615,13.81777312,18.96053071
565.264,ab3dmot,1,0,0,0.2,2.200481908,2.203993803,2.387924588,0,2136,2670,5,1,1,1,1,0.072,world,2.208811352,13.81855407,18.95872532
565.328,ours,1,0,0,0.2,2.201348629,2.204389225,2.387743769,0,2136,2670,5,1,1,1,1,0.028,world,2.216558905,13.82125432,18.96181675
565.328,ab3dmot,1,0,0,0.2,2.20052123,2.20401857,2.387830739,0,2140,2675,5,1,1,1,1,0.104,world,2.217204666,13.82117046,18.95898538
565.4,ours,1,0,0,0.2,2.2019166,2.20442636,2.387564144,0,2140,2675,5,1,1,1,1,0.012,world,2.224168117,13.82488953,18.96243259
565.4,ab3dmot,1,0,0,0.2,2.200716744,2.204059725,2.38773689,0,2144,2680,5,1,1,1,1,0.076,world,2.225968315,13.82424536,18.95691106
565.488,ours,1,0,0,0.2,2.202273827,2.204484821,2.38738452,0,2144,2680,5,1,1,1,1,0.032,world,2.235541946,13.83067274,18.96461956
565.488,ab3dmot,1,0,0,0.2,2.200912257,2.204122172,2.38764304,0,2148,2685,5,1,1,1,1,0.064,world,2.237343188,13.83009678,18.95908945
565.56,ours,1,0,0,0.2,2.202631054,2.204557454,2.387204895,0,2148,2685,5,1,1,1,1,0.032,world,2.243150683,13.83476045,18.96644623
565.56,ab3dmot,1,0,0,0.2,2.201364595,2.20419995,2.387549191,0,2152,2690,5,1,1,1,1,0.112,world,2.245577369,13.83354246,18.96071079
565.64,ours,1,0,0,0.2,2.203140183,2.204643842,2.38702527,0,2152,2690,5,1,1,1,1,0.04,world,2.25055517,13.83926693,18.96859024
565.64,ab3dmot,1,0,0,0.2,2.201816932,2.204292839,2.387455342,0,2156,2695,5,1,1,1,1,0.116,world,2.253712355,13.8373031,18.96250449
565.688,ours,1,0,0,0.2,2.203649312,2.20473774,2.386845645,0,2156,2695,5,1,1,1,1,0.016,world,2.254687931,13.84117593,18.96942549
565.688,ab3dmot,1,0,0,0.2,2.202298016,2.20439337,2.387361492,0,2160,2700,5,1,1,1,1,0.1,world,2.25792824,13.83915967,18.96318294
565.772,ours,1,0,0,0.2,2.203932914,2.204847298,2.386666021,0,2160,2700,5,1,1,1,1,0.04,world,2.263127386,13.84496037,18.97104552
565.772,ab3dmot,1,0,0,0.2,2.202779099,2.204509179,2.387267643,0,2164,2705,5,1,1,1,1,0.116,world,2.266181632,13.84305789,18.96515856
565.852,ours,1,0,0,0.2,2.204216517,2.204981368,2.386486396,0,2164,2705,5,1,1,1,1,0.052,world,2.276225897,13.85070296,18.97269413
565.852,ab3dmot,1,0,0,0.2,2.202887261,2.204650666,2.387021726,0,2168,2710,5,1,1,1,1,0.132,world,2.279908293,13.8481516,18.96636117
565.908,ours,1,0,0,0.2,2.204270643,2.205125154,2.386352772,0,2168,2710,5,1,1,1,1,0.02,world,2.281585188,13.85321402,18.96845505
565.908,ab3dmot,1,0,0,0.2,2.202995423,2.204809475,2.386775809,0,2172,2715,5,1,1,1,1,0.056,world,2.289263238,13.84766465,18.95608171
565.964,ours,1,0,0,0.2,2.204324769,2.205299508,2.386219149,0,2172,2715,5,1,1,1,1,0.012,world,2.297853496,13.85139551,18.95862261
565.964,ab3dmot,1,0,0,0.2,2.203463898,2.205002546,2.386529892,0,2176,2720,5,1,1,1,1,0.044,world,2.307455158,13.84651265,18.93935946
566,ours,1,0,0,0.2,2.204745807,2.205485782,2.386085525,0,2176,2720,5,1,1,1,1,0.016,world,2.304409653,13.85292655,18.95367727
566,ab3dmot,1,0,0,0.2,2.203932373,2.205183482,2.386283974,0,2180,2725,5,1,1,1,1,0.048,world,2.301505018,13.86027843,18.95098508
566.052,ours,1,0,0,0.2,2.205166846,2.20566628,2.385951902,0,2180,2725,5,1,1,1,1,0.036,world,2.301759795,13.86293469,18.96132668
566.052,ab3dmot,1,0,0,0.2,2.204468158,2.205351712,2.386038057,0,2184,2730,5,1,1,1,1,0.068,world,2.295203529,13.87898175,18.96295594
566.084,ours,1,0,0,0.2,2.205399692,2.205839291,2.385818278,0,2184,2730,5,1,1,1,1,0.016,world,2.298193246,13.87652293,18.96938377
566.084,ab3dmot,1,0,0,0.2,2.205003944,2.205496733,2.38579214,0,2188,2735,5,1,1,1,1,0.068,world,2.283302827,13.90886878,18.98827331
566.12,ours,1,0,0,0.2,2.205632537,2.205963778,2.385684655,0,2188,2735,5,1,1,1,1,0.02,world,2.272916007,13.92536062,19.0138509
566.12,ab3dmot,1,0,0,0.2,2.205569692,2.205613544,2.385546223,0,2192,2740,5,1,1,1,1,0.068,world,2.268607886,13.94915814,19.02764578
566.184,ours,1,0,0,0.2,2.205919142,2.206073634,2.385551031,0,2192,2740,5,1,1,1,1,0.032,world,2.265366745,13.96101627,19.0495645
566.184,ab3dmot,1,0,0,0.2,2.20613544,2.205694068,2.385300306,0,2196,2745,5,1,1,1,1,0.068,world,2.249387781,14.04902716,19.12993542
566.216,ours,1,0,0,0.2,2.206205747,2.206163106,2.385417408,0,2196,2745,5,1,1,1,1,0.016,world,2.254659298,14.04174485,19.1224608
566.216,ab3dmot,1,0,0,0.2,2.20619715,2.205804792,2.385054388,0,2200,2750,5,1,1,1,1,0.064,world,2.265775623,14.10855485,19.17625686
566.244,ours,1,0,0,0.2,2.206300053,2.206252248,2.385283784,0,2200,2750,5,1,1,1,1,0.028,world,2.254659298,14.04174485,19.1224608
566.244,ab3dmot,1,0,0,0.2,2.206258861,2.205915109,2.384808471,0,2204,2755,5,1,1,1,1,0.092,world,2.265775623,14.10855485,19.17625686
566.268,ours,1,0,0,0.2,2.206394358,2.206350077,2.385150161,0,2204,2755,5,1,1,1,1,0.012,world,2.259514207,14.04343114,19.12322617
566.268,ab3dmot,1,0,0,0.2,2.206296225,2.206073391,2.384562554,0,2208,2760,5,1,1,1,1,0.084,world,2.291625044,14.1645508,19.21882034
566.268,sort,0.2235294118,7,0,0.1945098039,12.9564764,12.9085015,13.51024383,0,1020,1275,5,1,1,1,1,0.084,world,12.75141754,20.4882686,23.79617644
566.3,ours,1,0,0,0.2,2.207474233,2.206497347,2.385016537,0,2208,2760,5,1,1,1,1,0.016,world,2.286200982,14.12209726,19.17917994
566.3,ab3dmot,1,0,0,0.2,2.20633359,2.206381029,2.384316637,0,2212,2765,5,1,1,1,1,0.052,world,2.370110103,14.25930318,19.27512267
566.3,sort,0.22265625,7,0,0.19453125,12.95304551,12.90791443,13.51009546,0,1024,1280,5,1,1,1,1,0.084,world,12.75732829,20.49170024,23.79857672
566.316,ours,1,0,0,0.2,2.208554107,2.206692156,2.384882914,0,2212,2765,5,1,1,1,1,0,world,2.311722751,14.16072211,19.20356628
566.316,ab3dmot,1,0,0,0.2,2.206451308,2.206696561,2.38407072,0,2216,2770,5,1,1,1,1,0.068,world,2.374772613,14.26092876,19.27587458
566.316,sort,0.2217898833,7,0,0.1945525292,12.94961462,12.90735459,13.50994709,0,1028,1285,5,1,1,1,1,0.032,world,12.76322942,20.49510013,23.80092946
566.38,ours,1,0,0,0.2,2.208892361,2.20694405,2.38474929,0,2216,2770,5,1,1,1,1,0.012,world,2.342094868,14.19838936,19.2260075
566.38,ab3dmot,1,0,0,0.2,2.206569026,2.207104344,2.387830739,0,2220,2775,5,1,1,1,1,0.096,world,2.422485969,14.30595279,19.30095791
566.38,sort,0.2209302326,7,0,0.1945736434,12.94745209,12.90682165,13.50979872,0,1032,1290,5,1,1,1,1,0.096,world,12.76911796,20.49846648,23.80323331
566.4,ours,1,0,0,0.2,2.209230615,2.20724857,2.384615667,0,2220,2775,5,1,1,1,1,0.02,world,2.369945162,14.23273565,19.24870934
566.4,ab3dmot,1,0,0,0.2,2.206934573,2.207649147,2.389566542,0,2224,2780,5,1,1,1,1,0.052,world,2.49170337,14.37222981,19.34194347
566.4,sort,0.2200772201,7,0,0.1945945946,12.94528957,12.90631524,13.50965036,0,1036,1295,5,1,1,1,1,0.052,world,12.77499093,20.5017975,23.80548696
566.452,ours,1,0,0,0.2,2.209418143,2.207605654,2.38738452,0,2224,2780,5,1,1,1,1,0.04,world,2.397595782,14.26219248,19.26699175
566.452,ab3dmot,1,0,0,0.2,2.207300121,2.208200875,2.391029478,0,2228,2785,5,1,1,1,1,0.104,world,2.496149278,14.37379368,19.34267557
566.452,sort,0.2192307692,7,0,0.1946153846,12.9391163,12.905835,13.50950199,0,1040,1300,5,1,1,1,1,0.072,world,12.78084535,20.50509141,23.80768911
566.5,ours,1,0,0,0.2,2.209605672,2.208019439,2.390103984,0,2228,2785,5,1,1,1,1,0.02,world,2.427185003,14.29004404,19.28326612
566.5,ab3dmot,1,0,0,0.2,2.207465218,2.208881076,2.3923721,0,2232,2790,5,1,1,1,1,0.088,world,2.559817221,14.42222464,19.36705408
566.5,sort,0.2183908046,7,0,0.1946360153,12.93294303,12.90538056,13.50935362,0,1044,1305,5,1,1,1,1,0.088,world,12.78667825,20.50909281,23.8119338
566.532,ours,1,0,0,0.2,2.209743822,2.208551813,2.39075881,0,2232,2790,5,1,1,1,1,0.024,world,2.487439859,14.34320749,19.31310665
566.532,ab3dmot,1,0,0,0.2,2.207630315,2.20963412,2.395545768,0,2236,2795,5,1,1,1,1,0.088,world,2.595984521,14.4474355,19.3801311
566.532,sort,0.2175572519,7,0,0.1946564885,12.92693198,12.90497342,13.50870676,0,1048,1310,5,1,1,1,1,0.088,world,12.79826753,20.51473291,23.81397386
566.592,ours,1,0,0,0.2,2.209881973,2.209142048,2.393931547,0,2236,2795,5,1,1,1,1,0.032,world,2.516998397,14.36617789,19.32479805
566.592,ab3dmot,1,0,0,0.2,2.207827376,2.210493059,2.395957972,0,2240,2800,5,1,1,1,1,0.084,world,2.647374262,14.47948838,19.3919617
566.592,sort,0.216730038,7,0,0.1946768061,12.92092093,12.90459106,13.5080599,0,1052,1315,5,1,1,1,1,0.084,world,12.80401795,20.51786089,23.81595745
566.62,ours,1,0,0,0.2,2.210530378,2.209847674,2.394305721,0,2240,2800,5,1,1,1,1,0.016,world,2.57419411,14.40967589,19.34597414
566.62,ab3dmot,1,0,0,0.2,2.208024437,2.211412352,2.397750181,0,2244,2805,5,1,1,1,1,0.072,world,2.677080154,14.49648838,19.3975668
566.62,sort,0.2159090909,7,0,0.1946969697,12.91947519,12.90423307,13.50741305,0,1056,1320,5,1,1,1,1,0.072,world,12.80973494,20.52094309,23.81788341
566.68,ours,1,0,0,0.2,2.211178782,2.210622093,2.396143059,0,2244,2805,5,1,1,1,1,0.02,world,2.608427729,14.43108299,19.35513184
566.68,ab3dmot,1,0,0,0.2,2.2081248,2.212438342,2.401209915,0,2248,2810,5,1,1,1,1,0.068,world,2.72785022,14.52093114,19.40139396
566.68,sort,0.2150943396,7,0,0.1947169811,12.91802944,12.90392021,13.50676619,0,1060,1325,5,1,1,1,1,0.1,world,12.82105673,20.52696344,23.82155784
566.712,ours,1,0,0,0.2,2.211602136,2.211508985,2.397523146,0,2248,2810,5,1,1,1,1,0.012,world,2.662890857,14.46619765,19.3686714
566.712,ab3dmot,1,0,0,0.2,2.208225164,2.213510587,2.405987978,0,2252,2815,5,1,1,1,1,0.068,world,2.750765697,14.53104902,19.40205468
566.712,sort,0.2142857143,7,0,0.1947368421,12.9109562,12.9036306,13.50611933,0,1064,1330,5,1,1,1,1,0.068,world,12.82665563,20.52989827,23.8233041
566.776,ours,1,0,0,0.2,2.21202549,2.212458461,2.398140014,0,2252,2815,5,1,1,1,1,0.012,world,2.693626775,14.48525258,19.37624044
566.776,ab3dmot,1,0,0,0.2,2.20824444,2.214667015,2.407942568,0,2256,2820,5,1,1,1,1,0.064,world,2.790663145,14.54904682,19.40300027
566.776,sort,0.2134831461,7,0,0.1947565543,12.90388296,12.90336385,13.50547248,0,1068,1335,5,1,1,1,1,0.096,world,12.83220927,20.5327807,23.82498829
566.868,ours,1,0,0,0.2,2.212117318,2.213528429,2.399771357,0,2256,2820,5,1,1,1,1,0.06,world,2.750616091,14.51794032,19.38850268
566.868,ab3dmot,1,0,0,0.2,2.208263717,2.215910191,2.408875831,0,2260,2825,5,1,1,1,1,0.092,world,2.831388817,14.56531289,19.40338923
566.868,sort,0.2126865672,7,0,0.1947761194,12.89771866,12.90315982,13.50482562,0,1072,1340,5,1,1,1,1,0.124,world,12.84856946,20.54109768,23.82965825
566.908,ours,1,0,0,0.2,2.212209147,2.214751605,2.403949428,0,2260,2825,5,1,1,1,1,0.012,world,2.821359055,14.55816519,19.40076478
566.908,ab3dmot,1,0,0,0.2,2.208537534,2.217224811,2.409420169,0,2264,2830,5,1,1,1,1,0.064,world,2.865107698,14.57769505,19.40056416
566.908,sort,0.2118959108,7,0,0.194795539,12.89155437,12.9029771,13.50417876,0,1076,1345,5,1,1,1,1,0.064,world,12.85391296,20.54375471,23.83108414
567,ours,1,0,0,0.2,2.212373027,2.216039148,2.406830565,0,2264,2830,5,1,1,1,1,0.024,world,2.852027512,14.5721519,19.4042065
567,ab3dmot,1,0,0,0.2,2.208811352,2.218642428,2.411452046,0,2268,2835,5,1,1,1,1,0.056,world,2.912316346,14.5904627,19.39183459
567,sort,0.2111111111,7,0,0.1948148148,12.88916227,12.90285354,13.50353191,0,1080,1350,5,1,1,1,1,0.124,world,12.86957373,20.55135886,23.83495687
567.076,ours,1,0,0,0.2,2.212536907,2.217468396,2.409052185,0,2268,2835,5,1,1,1,1,0.016,world,2.916105329,14.60240874,19.40852152
567.076,ab3dmot,1,0,0,0.2,2.209434198,2.220113154,2.413037865,0,2272,2840,5,1,1,1,1,0.068,world,2.93775209,14.59512017,19.38429059
567.076,sort,0.2103321033,7,0,0.1948339483,12.88677018,12.9027681,13.50288505,0,1084,1355,5,1,1,1,1,0.1,world,12.87967802,20.55610805,23.83719293
567.172,ours,1,0,0,0.2,2.212754919,2.218980241,2.409868307,0,2272,2840,5,1,1,1,1,0.052,world,2.954127355,14.61776043,19.40829149
567.172,ab3dmot,1,0,0,0.2,2.210057045,2.221634951,2.413762825,0,2276,2845,5,1,1,1,1,0.096,world,2.962266645,14.59926729,19.37654366
567.172,sort,0.2095588235,7,0,0.1948529412,12.88812886,12.9027193,13.50223819,0,1088,1360,5,1,1,1,1,0.132,world,12.88948754,20.56058811,23.83914532
567.24,ours,1,0,0,0.2,2.212972931,2.220601518,2.411135893,0,2276,2845,5,1,1,1,1,0.04,world,3.003234463,14.63610242,19.40541262
567.24,ab3dmot,1,0,0,0.2,2.210129824,2.2231957,2.415122909,0,2280,2850,5,1,1,1,1,0.1,world,2.981593938,14.60058941,19.36796787
567.24,sort,0.2087912088,7,0,0.1948717949,12.88948754,12.9027056,13.50159133,0,1092,1365,5,1,1,1,1,0.1,world,12.8989807,20.56478852,23.84080864
567.304,ours,1,0,0,0.2,2.21299739,2.222285324,2.41258521,0,2280,2850,5,1,1,1,1,0.016,world,3.032362036,14.64493348,19.40145433
567.304,ab3dmot,1,0,0,0.2,2.210202602,2.224809956,2.417481918,0,2284,2855,5,1,1,1,1,0.064,world,3.007075595,14.60190784,19.35541442
567.304,sort,0.2080291971,7,0,0.1948905109,12.89052096,12.90272543,13.50094448,0,1096,1370,5,1,1,1,1,0.1,world,12.90813641,20.56869928,23.84217811
567.4,ours,1,0,0,0.2,2.213021849,2.224036651,2.413625583,0,2284,2855,5,1,1,1,1,0.028,world,3.063479645,14.6546786,19.39827269
567.4,ab3dmot,1,0,0,0.2,2.210911373,2.226474056,2.419053871,0,2288,2860,5,1,1,1,1,0.06,world,3.030973792,14.60256726,19.34362097
567.4,sort,0.2072727273,7,0,0.1949090909,12.89155437,12.90279263,13.50029762,0,1100,1375,5,1,1,1,1,0.128,world,12.92119245,20.5740018,23.84367236
567.48,ours,1,0,0,0.2,2.213026929,2.225839472,2.415720298,0,2288,2860,5,1,1,1,1,0.028,world,3.087897587,14.66067942,19.39304029
567.48,ab3dmot,1,0,0,0.2,2.211620145,2.228159225,2.420139387,0,2292,2865,5,1,1,1,1,0.076,world,3.042792874,14.60064804,19.33487195
567.568,ours,1,0,0,0.2,2.213032008,2.227691998,2.41779385,0,2292,2865,5,1,1,1,1,0.048,world,3.111554972,14.66208403,19.38155212
567.568,ab3dmot,1,0,0,0.2,2.21197552,2.229862293,2.421833128,0,2296,2870,5,1,1,1,1,0.096,world,3.053306744,14.59851765,19.32656096
567.656,ours,1,0,0,0.2,2.213098922,2.229582936,2.418506582,0,2296,2870,5,1,1,1,1,0.04,world,3.130579835,14.66097339,19.36982935
567.656,ab3dmot,1,0,0,0.2,2.212330896,2.231576197,2.422879289,0,2300,2875,5,1,1,1,1,0.124,world,3.060884099,14.59540008,19.31923397
567.736,ours,1,0,0,0.2,2.213165835,2.231486853,2.420054009,0,2300,2875,5,1,1,1,1,0.036,world,3.139236653,14.65513904,19.35704821
567.736,ab3dmot,1,0,0,0.2,2.21289834,2.233288923,2.424155706,0,2304,2880,5,1,1,1,1,0.1,world,3.063438722,14.58792545,19.30809418
567.812,ours,1,0,0,0.2,2.213651022,2.233388037,2.421532342,0,2304,2880,5,1,1,1,1,0.04,world,3.141486575,14.64890758,19.34763371
567.812,ab3dmot,1,0,0,0.2,2.213465784,2.234993487,2.425477021,0,2308,2885,5,1,1,1,1,0.076,world,3.063051198,14.57778424,19.29493907
567.9,ours,1,0,0,0.2,2.214136209,2.235295047,2.422110661,0,2308,2885,5,1,1,1,1,0.032,world,3.147239211,14.64678898,19.34231433
567.9,ab3dmot,1,0,0,0.2,2.213688984,2.236703456,2.426934511,0,2312,2890,5,1,1,1,1,0.164,world,3.068363222,14.57953701,19.2955353
567.992,ours,1,0,0,0.2,2.214723017,2.237187895,2.423439647,0,2312,2890,5,1,1,1,1,0.04,world,3.144794962,14.63329419,19.32514798
567.992,ab3dmot,1,0,0,0.2,2.213912184,2.238392802,2.429816295,0,2316,2895,5,1,1,1,1,0.124,world,3.062690473,14.5643037,19.27827767
568.064,ours,1,0,0,0.2,2.215309825,2.239048902,2.424909551,0,2316,2895,5,1,1,1,1,0.032,world,3.135005136,14.61701572,19.30856478
568.064,ab3dmot,1,0,0,0.2,2.214098163,2.240051773,2.4315338,0,2320,2900,5,1,1,1,1,0.1,world,3.05279808,14.54778597,19.26187579
568.136,ours,1,0,0,0.2,2.215934365,2.240875152,2.427232784,0,2320,2900,5,1,1,1,1,0.036,world,3.123874061,14.59783067,19.28864924
568.136,ab3dmot,1,0,0,0.2,2.214284143,2.241692327,2.432889401,0,2324,2905,5,1,1,1,1,0.104,world,3.047894502,14.5380556,19.25187917
568.2,ours,1,0,0,0.2,2.216558905,2.242670602,2.428140626,0,2324,2905,5,1,1,1,1,0.008,world,3.114251295,14.58705409,19.27982035
568.2,ab3dmot,1,0,0,0.2,2.214344747,2.243298383,2.43489911,0,2328,2910,5,1,1,1,1,0.072,world,3.036019529,14.52769743,19.24541148
568.296,ours,1,0,0,0.2,2.216612506,2.24442134,2.428596529,0,2328,2910,5,1,1,1,1,0.028,world,3.098645138,14.5717698,19.26846992
568.296,ab3dmot,1,0,0,0.2,2.214405352,2.244870351,2.435764819,0,2332,2915,5,1,1,1,1,0.072,world,3.02416982,14.51906128,19.24148145
568.384,ours,1,0,0,0.2,2.216666108,2.246151827,2.431818881,0,2332,2915,5,1,1,1,1,0.032,world,3.093193889,14.56690621,19.26524757
568.384,ab3dmot,1,0,0,0.2,2.215118915,2.246416967,2.43616884,0,2336,2920,5,1,1,1,1,0.088,world,3.015970702,14.51355248,19.23928456
568.46,ours,1,0,0,0.2,2.216687586,2.247831997,2.432468983,0,2336,2920,5,1,1,1,1,0.056,world,3.074862729,14.55199917,19.25587345
568.46,ab3dmot,1,0,0,0.2,2.215832479,2.247948501,2.480607743,0,2340,2925,5,1,1,1,1,0.132,world,3.012159379,14.51094746,19.23822336
568.552,ours,1,0,0,0.2,2.216709064,2.249460395,2.432666207,0,2340,2925,5,1,1,1,1,0.052,world,3.055638588,14.53693938,19.24680458
568.552,ab3dmot,1,0,0,0.2,2.216044994,2.249443243,2.495037801,0,2344,2930,5,1,1,1,1,0.124,world,2.998770429,14.50207965,19.23441716
568.552,sort,0.2072727273,7,0,0.1934782609,12.89155437,12.90279263,13.50029762,1,1105,1380,5,1,0,1,1,0.124,world,71.08465643,82.27390614,88.83850758
568.616,ours,1,0,0,0.2,2.217100223,2.251052447,2.432965109,0,2344,2930,5,1,1,1,1,0.024,world,3.042826326,14.52704797,19.24098254
568.616,ab3dmot,1,0,0,0.2,2.216257509,2.250901695,2.540716838,0,2348,2935,5,1,1,1,1,0.092,world,2.985429557,14.49339164,19.2308447
568.616,sort,0.2072727273,7,0,0.1920577617,12.89155437,12.90279263,13.50029762,2,1110,1385,5,1,0,1,1,0.092,world,71.08385524,82.27363883,88.8393765
568.7,ours,1,0,0,0.2,2.217491382,2.252590012,2.471123694,0,2348,2935,5,1,1,1,1,0.008,world,3.02192031,14.51246512,19.2334913
568.7,ab3dmot,1,0,0,0.2,2.216708344,2.252321205,2.583325966,0,2352,2940,5,1,1,1,1,0.076,world,2.970736082,14.48463018,19.22774763
568.7,sort,0.2072727273,7,0,0.190647482,12.89155437,12.90279263,13.50029762,3,1115,1390,5,1,0,1,1,0.108,world,71.0846585,82.27087838,88.83434486
568.792,ours,1,0,0,0.2,2.217565694,2.254089104,2.506652908,0,2352,2940,5,1,1,1,1,0.036,world,3.00776455,14.50340848,19.22947727
568.792,ab3dmot,1,0,0,0.2,2.21715918,2.253712761,2.626818365,0,2356,2945,5,1,1,1,1,0.1,world,2.960779728,14.47926692,19.22631397
568.792,sort,0.2072727273,7,0,0.1892473118,12.89155437,12.90279263,13.50029762,4,1120,1395,5,1,0,1,1,0.1,world,71.08476886,82.26873228,88.83075421
568.856,ours,1,0,0,0.2,2.217640005,2.25555057,2.551315825,0,2356,2945,5,1,1,1,1,0.056,world,2.993798759,14.49482653,19.22592066
568.856,ab3dmot,1,0,0,0.2,2.217181923,2.255086196,2.663712503,0,2360,2950,5,1,1,1,1,0.132,world,2.955134679,14.47644516,19.22547553
568.856,sort,0.2072727273,7,0,0.1878571429,12.89155437,12.90279263,13.50029762,5,1125,1400,5,1,0,1,1,0.1,world,71.0845556,82.26633762,88.82694585
568.9,ours,1,0,0,0.2,2.21857048,2.256977022,2.593022601,0,2360,2950,5,1,1,1,1,0.016,world,2.980819083,14.48536712,19.22077795
568.9,ab3dmot,1,0,0,0.2,2.217204666,2.25641848,2.702465187,0,2364,2955,5,1,1,1,1,0.076,world,2.93899314,14.4659815,19.22115271
568.9,sort,0.2072727273,7,0,0.1864768683,12.89155437,12.90279263,13.50029762,6,1130,1405,5,1,0,1,1,0.076,world,71.08431596,82.2650535,88.8249854
568.956,ours,1,0,0,0.2,2.219500955,2.258374373,2.635659293,0,2364,2955,5,1,1,1,1,0.036,world,2.970332959,14.47978363,19.2190227
568.956,ab3dmot,1,0,0,0.2,2.217249475,2.257732507,2.738162185,0,2368,2960,5,1,1,1,1,0.1,world,2.933087172,14.45917763,19.21475742
568.956,sort,0.2072727273,7,0,0.185106383,12.89155437,12.90279263,13.50029762,7,1135,1410,5,1,0,1,1,0.1,world,71.08361092,82.26229634,88.82087499
569,ours,1,0,0,0.2,2.21964538,2.259741033,2.67672202,0,2368,2960,5,1,1,1,1,0.012,world,2.959002039,14.46697167,19.20809766
569,ab3dmot,1,0,0,0.2,2.217294285,2.259029467,2.766724676,0,2372,2965,5,1,1,1,1,0.08,world,2.927658948,14.44797955,19.20232606
569,sort,0.2072727273,7,0,0.183745583,12.89155437,12.90279263,13.50029762,8,1140,1415,5,1,0,1,1,0.08,world,71.08312264,82.26083494,88.81877367
569.072,ours,1,0,0,0.2,2.219789806,2.26107636,2.716422502,0,2372,2965,5,1,1,1,1,0.032,world,2.947241577,14.45482532,19.19788939
569.072,ab3dmot,1,0,0,0.2,2.217351965,2.260307425,2.80491713,0,2376,2970,5,1,1,1,1,0.084,world,2.921279373,14.43805138,19.19174698
569.072,sort,0.2072727273,7,0,0.1823943662,12.89155437,12.90279263,13.50029762,9,1145,1420,5,1,0,1,1,0.116,world,71.08191817,82.25773028,88.81439649
569.14,ours,1,0,0,0.2,2.220698439,2.262383548,2.775376129,0,2376,2970,5,1,1,1,1,0.04,world,2.936800112,14.44405861,19.18864469
569.14,ab3dmot,1,0,0,0.2,2.217409644,2.261570396,2.841504481,0,2380,2975,5,1,1,1,1,0.12,world,2.916682394,14.43307064,19.18671268
569.14,sort,0.2072727273,7,0,0.1810526316,12.89155437,12.90279263,13.50029762,10,1150,1425,5,1,0,1,1,0.12,world,71.08037651,82.25440376,88.80986424
569.2,ours,1,0,0,0.2,2.221607072,2.26366227,2.830559592,0,2380,2975,5,1,1,1,1,0.012,world,2.926085132,14.43412317,19.18063567
569.2,ab3dmot,1,0,0,0.2,2.218474669,2.26280924,2.87577984,0,2384,2980,5,1,1,1,1,0.048,world,2.907796268,14.42020403,19.17350656
569.2,sort,0.2072727273,7,0,0.1797202797,12.89155437,12.90279263,13.50029762,11,1155,1430,5,1,0,1,1,0.08,world,71.07849794,82.25086257,88.80518998
569.288,ours,1,0,0,0.2,2.22184795,2.264907524,2.867252359,0,2384,2980,5,1,1,1,1,0.032,world,2.912926902,14.42181596,19.1708663
569.288,ab3dmot,1,0,0,0.2,2.219539694,2.264030207,2.902937988,0,2388,2985,5,1,1,1,1,0.068,world,2.901723419,14.41348971,19.1668107
569.288,sort,0.2072727273,7,0,0.1783972125,12.89155437,12.90279263,13.50029762,12,1160,1435,5,1,0,1,1,0.1,world,71.07630079,82.24710629,88.80035148
569.384,ours,1,0,0,0.2,2.222088828,2.266121832,2.903211338,0,2388,2985,5,1,1,1,1,0.052,world,2.900782447,14.41270415,19.16389927
569.384,ab3dmot,1,0,0,0.2,2.219941993,2.265222276,2.902634346,0,2392,2990,5,1,1,1,1,0.068,world,2.890422456,14.40520441,19.16044558
569.384,sort,0.2072727273,7,0,0.1770833333,12.89155437,12.90279263,13.50029762,13,1165,1440,5,1,0,1,1,0.132,world,71.07241056,82.24108681,88.79281777
569.46,ours,1,0,0,0.2,2.222096904,2.267302809,2.902604115,0,2392,2990,5,1,1,1,1,0.052,world,2.887372866,14.40266196,19.15716689
569.46,ab3dmot,1,0,0,0.2,2.220344292,2.266390558,2.902330704,0,2396,2995,5,1,1,1,1,0.076,world,2.881398643,14.40067931,19.15840741
569.46,sort,0.2072727273,7,0,0.1757785467,12.89155437,12.90279263,13.50029762,14,1170,1445,5,1,0,1,1,0.108,world,71.06940841,82.23683743,88.78766528
569.516,ours,1,0,0,0.2,2.222104981,2.268460909,2.901996892,0,2396,2995,5,1,1,1,1,0.016,world,2.878737474,14.39791908,19.1554296
569.516,ab3dmot,1,0,0,0.2,2.220400436,2.267538887,2.902027061,0,2400,3000,5,1,1,1,1,0.064,world,2.874089928,14.39795693,19.15856882
569.516,sort,0.2072727273,7,0,0.1744827586,12.89155437,12.90279263,13.50029762,15,1175,1450,5,1,0,1,1,0.1,world,71.06778741,82.23464461,88.78505255
569.6,ours,1,0,0,0.2,2.22214659,2.269583697,2.90138967,0,2400,3000,5,1,1,1,1,0.016,world,2.864100751,14.39119907,19.15287606
569.6,ab3dmot,1,0,0,0.2,2.220456581,2.268648526,2.901723419,0,2404,3005,5,1,1,1,1,0.052,world,2.857776202,14.39335821,19.16003903
569.6,sort,0.2072727273,7,0,0.1731958763,12.89155437,12.90279263,13.50029762,16,1180,1455,5,1,0,1,1,0.084,world,71.06248692,82.22779054,88.77701496
569.688,ours,1,0,0,0.2,2.2221882,2.270675839,2.900782447,0,2404,3005,5,1,1,1,1,0.032,world,2.851514356,14.38663846,19.15279498
569.688,ab3dmot,1,0,0,0.2,2.222122558,2.269725801,2.90115837,0,2408,3010,5,1,1,1,1,0.076,world,2.844290935,14.39095885,19.16351685
569.688,sort,0.2072727273,7,0,0.1719178082,12.89155437,12.90279263,13.50029762,17,1185,1460,5,1,0,1,1,0.108,world,71.05857928,82.22301138,88.77154112
569.78,ours,1,0,0,0.2,2.222526119,2.271720152,2.900111968,0,2408,3010,5,1,1,1,1,0.048,world,2.830488694,14.38071305,19.15514183
569.78,ab3dmot,1,0,0,0.2,2.223788535,2.270765101,2.900593322,0,2412,3015,5,1,1,1,1,0.1,world,2.827926695,14.3876985,19.16640958
569.78,sort,0.2072727273,7,0,0.1706484642,12.89155437,12.90279263,13.50029762,18,1190,1465,5,1,0,1,1,0.132,world,71.05218406,82.2155474,88.76316672
569.864,ours,1,0,0,0.2,2.222864038,2.272728529,2.899441489,0,2412,3015,5,1,1,1,1,0.056,world,2.814954848,14.37591622,19.15642196
569.864,ab3dmot,1,0,0,0.2,2.224008312,2.271771325,2.900028274,0,2416,3020,5,1,1,1,1,0.084,world,2.813742111,14.38420542,19.16856776
569.864,sort,0.2072727273,7,0,0.1693877551,12.89155437,12.90279263,13.50029762,19,1195,1470,5,1,0,1,1,0.116,world,71.04755815,82.21039843,88.757531
569.928,ours,1,0,0,0.2,2.222978882,2.273702459,2.89877101,0,2416,3020,5,1,1,1,1,0.028,world,2.79995507,14.37174549,19.15809922
569.928,ab3dmot,1,0,0,0.2,2.224228089,2.272749819,2.899463226,0,2420,3025,5,1,1,1,1,0.08,world,2.802008511,14.38123795,19.16970989
569.928,sort,0.2072727273,7,0,0.1681355932,12.89155437,12.90279263,13.50029762,20,1200,1475,5,1,0,1,1,0.116,world,71.04267088,82.205114,88.75182795
570.008,ours,1,0,0,0.2,2.223093726,2.27464733,2.898100531,0,2420,3025,5,1,1,1,1,0.028,world,2.787431575,14.36842838,19.15919202
570.008,ab3dmot,1,0,0,0.2,2.224709514,2.273695117,2.898898178,0,2424,3030,5,1,1,1,1,0.064,world,2.787440655,14.37799893,19.17226241
570.008,sort,0.2072727273,7,0,0.1668918919,12.89155437,12.90279263,13.50029762,21,1205,1480,5,1,0,1,1,0.096,world,71.03751578,82.19971301,88.74610385
570.1,ours,1,0,0,0.2,2.223630922,2.275552729,2.897430052,0,2424,3030,5,1,1,1,1,0.024,world,2.769582125,14.36338022,19.15992975
570.1,ab3dmot,1,0,0,0.2,2.225190939,2.27459723,2.89833313,0,2428,3035,5,1,1,1,1,0.056,world,2.76771644,14.3722433,19.17327036
570.1,sort,0.2072727273,7,0,0.1656565657,12.89155437,12.90279263,13.50029762,22,1210,1485,5,1,0,1,1,0.12,world,71.02933625,82.19139999,88.73743329
570.192,ours,1,0,0,0.2,2.224168117,2.276428322,2.896759573,0,2428,3035,5,1,1,1,1,0.04,world,2.756347445,14.35966891,19.16072615
570.192,ab3dmot,1,0,0,0.2,2.225194999,2.275476154,2.897768082,0,2432,3040,5,1,1,1,1,0.116,world,2.757768584,14.36878821,19.17222748
570.276,ours,1,0,0,0.2,2.224980319,2.277265059,2.896089094,0,2432,3040,5,1,1,1,1,0.048,world,2.738385148,14.35414556,19.16057213
570.276,ab3dmot,1,0,0,0.2,2.225199059,2.27631829,2.897203033,0,2436,3045,5,1,1,1,1,0.1,world,2.74084443,14.36314851,19.17121995
570.36,ours,1,0,0,0.2,2.225792521,2.278069035,2.895418614,0,2436,3045,5,1,1,1,1,0.052,world,2.723292959,14.35045785,19.16243838
570.36,ab3dmot,1,0,0,0.2,2.225583687,2.277130782,2.896637985,0,2440,3050,5,1,1,1,1,0.116,world,2.727344201,14.35940753,19.17195233
570.416,ours,1,0,0,0.2,2.22590576,2.278851078,2.894748135,0,2440,3050,5,1,1,1,1,0.016,world,2.713569853,14.34859095,19.16475861
570.416,ab3dmot,1,0,0,0.2,2.225968315,2.277915411,2.896072937,0,2444,3055,5,1,1,1,1,0.076,world,2.714599447,14.35593566,19.1740795
570.504,ours,1,0,0,0.2,2.226018999,2.279592614,2.894077656,0,2444,3055,5,1,1,1,1,0.032,world,2.694159429,14.34264288,19.16467695
570.504,ab3dmot,1,0,0,0.2,2.22610456,2.278658281,2.895507889,0,2448,3060,5,1,1,1,1,0.096,world,2.694528356,14.34917587,19.17332288
570.6,ours,1,0,0,0.2,2.227028162,2.280288542,2.893407177,0,2448,3060,5,1,1,1,1,0.04,world,2.671821548,14.33645062,19.16610393
570.6,ab3dmot,1,0,0,0.2,2.226240805,2.279354912,2.894942841,0,2452,3065,5,1,1,1,1,0.096,world,2.6718373,14.34196323,19.17358598
570.672,ours,1,0,0,0.2,2.228037325,2.28095581,2.892736698,0,2452,3065,5,1,1,1,1,0.032,world,2.658086993,14.33120422,19.16467748
570.672,ab3dmot,1,0,0,0.2,2.226474913,2.280025822,2.894377793,0,2456,3070,5,1,1,1,1,0.1,world,2.659632406,14.33513554,19.16899365
570.764,ours,1,0,0,0.2,2.228217823,2.281591626,2.892066219,0,2456,3070,5,1,1,1,1,0.06,world,2.64271384,14.32638767,19.16490492
570.764,ab3dmot,1,0,0,0.2,2.226709022,2.280661467,2.893812745,0,2460,3075,5,1,1,1,1,0.096,world,2.642232008,14.33073966,19.17112745
570.836,ours,1,0,0,0.2,2.228398322,2.282187846,2.89139574,0,2460,3075,5,1,1,1,1,0.036,world,2.62280107,14.32316971,19.17026854
570.836,ab3dmot,1,0,0,0.2,2.226984967,2.28126007,2.893247696,0,2464,3080,5,1,1,1,1,0.1,world,2.623656925,14.32760505,19.17571584
570.9,ours,1,0,0,0.2,2.228800848,2.28275285,2.890725261,0,2464,3080,5,1,1,1,1,0.028,world,2.607139247,14.3208415,19.17399901
570.9,ab3dmot,1,0,0,0.2,2.227260912,2.281823431,2.892682648,0,2468,3085,5,1,1,1,1,0.064,world,2.605810124,14.32582523,19.18163193
570.992,ours,1,0,0,0.2,2.229203374,2.283290899,2.890054782,0,2468,3085,5,1,1,1,1,0.028,world,2.59360337,14.31798927,19.1755974
570.992,ab3dmot,1,0,0,0.2,2.228066322,2.282362862,2.8921176,0,2472,3090,5,1,1,1,1,0.092,world,2.59389182,14.32260832,19.18166709
571.068,ours,1,0,0,0.2,2.229536518,2.283795399,2.889384303,0,2472,3090,5,1,1,1,1,0.032,world,2.576305293,14.31346278,19.17566704
571.068,ab3dmot,1,0,0,0.2,2.228871731,2.282871976,2.891552552,0,2476,3095,5,1,1,1,1,0.1,world,2.578347455,14.31835672,19.18095703
571.132,ours,1,0,0,0.2,2.229869661,2.284285548,2.888713824,0,2476,3095,5,1,1,1,1,0.032,world,2.569375109,14.31367911,19.17879371
571.132,ab3dmot,1,0,0,0.2,2.229191129,2.283369607,2.890987504,0,2480,3100,5,1,1,1,1,0.096,world,2.573000458,14.31829804,19.18267545
571.2,ours,1,0,0,0.2,2.229940252,2.284755817,2.888043345,0,2480,3100,5,1,1,1,1,0.032,world,2.559324055,14.31057151,19.17775786
571.2,ab3dmot,1,0,0,0.2,2.229510526,2.283850696,2.890422456,0,2484,3105,5,1,1,1,1,0.1,world,2.564812604,14.31491901,19.18005683
571.252,ours,1,0,0,0.2,2.230010843,2.285206849,2.887372866,0,2484,3105,5,1,1,1,1,0.028,world,2.549531953,14.30755042,19.17669066
571.252,ab3dmot,1,0,0,0.2,2.230318673,2.284311753,2.889971265,0,2488,3110,5,1,1,1,1,0.152,world,2.554607566,14.31177994,19.17910734
571.3,ours,1,0,0,0.2,2.230019677,2.285647233,2.886941096,0,2488,3110,5,1,1,1,1,0.024,world,2.544447689,14.30599097,19.17622401
571.3,ab3dmot,1,0,0,0.2,2.231126819,2.284762139,2.889520074,0,2492,3115,5,1,1,1,1,0.2,world,2.549533116,14.31022275,19.17864074
571.356,ours,1,0,0,0.2,2.230028511,2.286077084,2.886509327,0,2492,3115,5,1,1,1,1,0.024,world,2.539385654,14.30444079,19.17576304
571.356,ab3dmot,1,0,0,0.2,2.231396144,2.285201969,2.889068884,0,2496,3120,5,1,1,1,1,0.256,world,2.544480895,14.30867484,19.17817983
571.396,ours,1,0,0,0.2,2.230573575,2.286487631,2.886077557,0,2496,3120,5,1,1,1,1,0.016,world,2.529338709,14.30137133,19.17485897
571.396,ab3dmot,1,0,0,0.2,2.23166547,2.285622482,2.888617693,0,2500,3125,5,1,1,1,1,0.296,world,2.534453558,14.3056099,19.17727586
571.44,ours,1,0,0,0.2,2.231118639,2.286887988,2.885645788,0,2500,3125,5,1,1,1,1,0.04,world,2.524358952,14.29985358,19.17441625
571.44,ab3dmot,1,0,0,0.2,2.232123563,2.286061717,2.888166503,0,2504,3130,5,1,1,1,1,0.108,world,2.545801589,14.29909264,19.15946037
571.492,ours,1,0,0,0.2,2.231433839,2.287305945,2.885214018,0,2504,3130,5,1,1,1,1,0.028,world,2.535084486,14.29314913,19.15676364
571.492,ab3dmot,1,0,0,0.2,2.232581656,2.286507831,2.887715312,0,2508,3135,5,1,1,1,1,0.064,world,2.550506955,14.29153901,19.14459396
571.536,ours,1,0,0,0.2,2.23174904,2.287718568,2.884782248,0,2508,3135,5,1,1,1,1,0.036,world,2.532863343,14.29008189,19.15246971
571.536,ab3dmot,1,0,0,0.2,2.232840171,2.286943825,2.887264121,0,2512,3140,5,1,1,1,1,0.108,world,2.545652805,14.29005849,19.14416392
571.596,ours,1,0,0,0.2,2.232375587,2.288116895,2.884350479,0,2512,3140,5,1,1,1,1,0.028,world,2.525528937,14.28557395,19.14800319
571.596,ab3dmot,1,0,0,0.2,2.233098686,2.287370615,2.886812931,0,2516,3145,5,1,1,1,1,0.1,world,2.541277891,14.28295313,19.13429119
571.6,ours,1,0,0,0.2,2.233002134,2.288521503,2.883918709,0,2516,3145,5,1,1,1,1,0,world,2.529866765,14.28239287,19.14089753
571.6,ab3dmot,1,0,0,0.2,2.233874171,2.287799686,2.88636174,0,2520,3150,5,1,1,1,1,0.072,world,2.543383452,14.28080191,19.13002291
571.676,ours,1,0,0,0.2,2.233482233,2.288911666,2.88348694,0,2520,3150,5,1,1,1,1,0.016,world,2.522395297,14.27778363,19.13645304
571.676,ab3dmot,1,0,0,0.2,2.234649655,2.288217744,2.885910549,0,2524,3155,5,1,1,1,1,0.08,world,2.537943044,14.27350089,19.12065212
571.7,ours,1,0,0,0.2,2.233962332,2.289296008,2.88305517,0,2524,3155,5,1,1,1,1,0.004,world,2.519805926,14.27459776,19.13232692
571.7,ab3dmot,1,0,0,0.2,2.235082122,2.288629481,2.885459359,0,2528,3160,5,1,1,1,1,0.072,world,2.535136636,14.26954876,19.1156437
571.768,ours,1,0,0,0.2,2.234752139,2.289669292,2.8826234,0,2528,3160,5,1,1,1,1,0.012,world,2.514184701,14.26776369,19.12379533
571.768,ab3dmot,1,0,0,0.2,2.235514588,2.289025897,2.885008168,0,2532,3165,5,1,1,1,1,0.112,world,2.527153075,14.26434678,19.110856
571.8,ours,1,0,0,0.2,2.235541946,2.290038622,2.882191631,0,2532,3165,5,1,1,1,1,0.008,world,2.512619698,14.26207737,19.11570071
571.8,ab3dmot,1,0,0,0.2,2.235531447,2.289416736,2.884556977,0,2536,3170,5,1,1,1,1,0.072,world,2.524706223,14.25786753,19.10226982
571.86,ours,1,0,0,0.2,2.235724981,2.290391537,2.881759861,0,2536,3170,5,1,1,1,1,0.02,world,2.503824851,14.25943588,19.1149861
571.86,ab3dmot,1,0,0,0.2,2.235548305,2.289791279,2.884105787,0,2540,3175,5,1,1,1,1,0.1,world,2.516053258,14.25310654,19.09862392
571.9,ours,1,0,0,0.2,2.235908016,2.290738064,2.881328092,0,2540,3175,5,1,1,1,1,0.008,world,2.500788903,14.25258064,19.10633037
571.9,ab3dmot,1,0,0,0.2,2.235562809,2.290154502,2.883654596,0,2544,3180,5,1,1,1,1,0.076,world,2.510210373,14.2479452,19.09405897
571.96,ours,1,0,0,0.2,2.236225899,2.29107617,2.880896322,0,2544,3180,5,1,1,1,1,0.02,world,2.49654423,14.25131169,19.10599503
571.96,ab3dmot,1,0,0,0.2,2.235577313,2.290508793,2.883203405,0,2548,3185,5,1,1,1,1,0.1,world,2.505710735,14.24438068,19.090806
572,ours,1,0,0,0.2,2.236543782,2.291407031,2.880464552,0,2548,3185,5,1,1,1,1,0.008,world,2.492955516,14.24591591,19.09970978
572,ab3dmot,1,0,0,0.2,2.236460251,2.290850505,2.882752215,0,2552,3190,5,1,1,1,1,0.076,world,2.499044575,14.23850426,19.08585838
572.056,ours,1,0,0,0.2,2.236941422,2.291722026,2.880032783,0,2552,3190,5,1,1,1,1,0.036,world,2.484271549,14.24118247,19.09632059
572.056,ab3dmot,1,0,0,0.2,2.237343188,2.291174357,2.882301024,0,2556,3195,5,1,1,1,1,0.096,world,2.489218027,14.23336771,19.0826723
572.092,ours,1,0,0,0.2,2.237339061,2.292027017,2.879601013,0,2556,3195,5,1,1,1,1,0.012,world,2.478973704,14.2355377,19.09087192
572.092,ab3dmot,1,0,0,0.2,2.23781123,2.291483777,2.881849834,0,2560,3200,5,1,1,1,1,0.068,world,2.481325657,14.22860023,19.08007258
572.156,ours,1,0,0,0.2,2.23746887,2.292316242,2.879169244,0,2560,3200,5,1,1,1,1,0.052,world,2.470216228,14.23145529,19.08854502
572.156,ab3dmot,1,0,0,0.2,2.238279271,2.291773874,2.881398643,0,2564,3205,5,1,1,1,1,0.1,world,2.470458544,14.22509757,19.07987723
572.188,ours,1,0,0,0.2,2.237598678,2.292592544,2.878737474,0,2564,3205,5,1,1,1,1,0.028,world,2.463076664,14.22729892,19.08634694
572.188,ab3dmot,1,0,0,0.2,2.238567981,2.292047632,2.881033207,0,2568,3210,5,1,1,1,1,0.064,world,2.461269135,14.22154951,19.07981251
572.248,ours,1,0,0,0.2,2.238639434,2.292859076,2.878005638,0,2568,3210,5,1,1,1,1,0.048,world,2.457765878,14.2247699,19.08518676
572.248,ab3dmot,1,0,0,0.2,2.23885669,2.292314343,2.880667771,0,2572,3215,5,1,1,1,1,0.124,world,2.457575784,14.22046727,19.07955574
572.276,ours,1,0,0,0.2,2.239680191,2.293115912,2.877273802,0,2572,3215,5,1,1,1,1,0.02,world,2.452459325,14.22239704,19.0842583
572.276,ab3dmot,1,0,0,0.2,2.23972301,2.292566056,2.880302336,0,2576,3220,5,1,1,1,1,0.088,world,2.449066983,14.21736357,19.07970016
572.316,ours,1,0,0,0.2,2.240117123,2.293360001,2.876541966,0,2576,3220,5,1,1,1,1,0.024,world,2.445269388,14.21890977,19.08306856
572.316,ab3dmot,1,0,0,0.2,2.24058933,2.292805841,2.8799369,0,2580,3225,5,1,1,1,1,0.096,world,2.442342745,14.21563576,19.08056703
572.364,ours,1,0,0,0.2,2.240554056,2.293589165,2.875810129,0,2580,3225,5,1,1,1,1,0.008,world,2.436698838,14.21573346,19.08179285
572.364,ab3dmot,1,0,0,0.2,2.240771537,2.29302707,2.879571464,0,2584,3230,5,1,1,1,1,0.076,world,2.431530378,14.21137811,19.07928183
572.4,ours,1,0,0,0.2,2.241136533,2.293807598,2.875078293,0,2584,3230,5,1,1,1,1,0.012,world,2.430610592,14.21165243,19.07953592
572.4,ab3dmot,1,0,0,0.2,2.240953744,2.293235419,2.879206028,0,2588,3235,5,1,1,1,1,0.044,world,2.424089041,14.20760703,19.07830929
572.452,ours,1,0,0,0.2,2.24171901,2.294017515,2.874346457,0,2588,3235,5,1,1,1,1,0.008,world,2.425830755,14.20907103,19.07813064
572.452,ab3dmot,1,0,0,0.2,2.241339011,2.293434188,2.878840593,0,2592,3240,5,1,1,1,1,0.064,world,2.418615941,14.20519215,19.07757108
572.5,ours,1,0,0,0.2,2.242082789,2.294214229,2.873614621,0,2592,3240,5,1,1,1,1,0.024,world,2.418136305,14.20531838,19.07705419
572.5,ab3dmot,1,0,0,0.2,2.241724278,2.293617475,2.878475157,0,2596,3245,5,1,1,1,1,0.048,world,2.409457187,14.20188896,19.07803662
572.552,ours,1,0,0,0.2,2.242446569,2.294397127,2.872882785,0,2596,3245,5,1,1,1,1,0.032,world,2.409998069,14.20206231,19.07602278
572.552,ab3dmot,1,0,0,0.2,2.242997939,2.293785238,2.878109721,0,2600,3250,5,1,1,1,1,0.064,world,2.40019185,14.19859512,19.07767396
572.6,ours,1,0,0,0.2,2.242644169,2.294567605,2.872150949,0,2600,3250,5,1,1,1,1,0.024,world,2.402657381,14.1979527,19.07434068
572.6,ab3dmot,1,0,0,0.2,2.244271599,2.293944798,2.877744285,0,2604,3255,5,1,1,1,1,0.08,world,2.395410795,14.19629239,19.07676243
572.636,ours,1,0,0,0.2,2.242841769,2.2947291,2.871419112,0,2604,3255,5,1,1,1,1,0.032,world,2.397400285,14.19606398,19.07431207
572.636,ab3dmot,1,0,0,0.2,2.244924484,2.294094902,2.87737885,0,2608,3260,5,1,1,1,1,0.084,world,2.389812844,14.19469649,19.07734066
572.688,ours,1,0,0,0.2,2.242996226,2.294880907,2.870687276,0,2608,3260,5,1,1,1,1,0.02,world,2.391663711,14.194696,19.0753107
572.688,ab3dmot,1,0,0,0.2,2.245577369,2.29422888,2.877013414,0,2612,3265,5,1,1,1,1,0.072,world,2.379977317,14.19383716,19.08163217
572.736,ours,1,0,0,0.2,2.243150683,2.295012564,2.86995544,0,2612,3265,5,1,1,1,1,0.036,world,2.379302466,14.19285048,19.07914674
572.736,ab3dmot,1,0,0,0.2,2.245694792,2.294346505,2.876647978,0,2616,3270,5,1,1,1,1,0.084,world,2.369909254,14.19320544,19.08561125
572.8,ours,1,0,0,0.2,2.244058896,2.295126398,2.869223604,0,2616,3270,5,1,1,1,1,0.016,world,2.368291584,14.19125913,19.08258336
572.8,ab3dmot,1,0,0,0.2,2.245812215,2.294442486,2.876282542,0,2620,3275,5,1,1,1,1,0.048,world,2.356377054,14.19242509,19.09173074
572.872,ours,1,0,0,0.2,2.244967109,2.295229432,2.868491768,0,2620,3275,5,1,1,1,1,0.032,world,2.361651277,14.18960087,19.08327393
572.872,ab3dmot,1,0,0,0.2,2.245874874,2.29452842,2.875917107,0,2624,3280,5,1,1,1,1,0.088,world,2.350140185,14.19124971,19.09279719
572.92,ours,1,0,0,0.2,2.245008152,2.2953205,2.867759932,0,2624,3280,5,1,1,1,1,0.02,world,2.354213588,14.18732377,19.08437861
572.92,ab3dmot,1,0,0,0.2,2.245937534,2.294607616,2.875551671,0,2628,3285,5,1,1,1,1,0.076,world,2.345984348,14.18947156,19.09246856
573,ours,1,0,0,0.2,2.245049196,2.295403508,2.867028095,0,2628,3285,5,1,1,1,1,0.016,world,2.349224787,14.18534319,19.08379145
573,ab3dmot,1,0,0,0.2,2.246290433,2.294667613,2.875186235,0,2632,3290,5,1,1,1,1,0.052,world,2.333751859,14.18922277,19.09878882
573.1,ours,1,0,0,0.2,2.24506228,2.295465847,2.866296259,0,2632,3290,5,1,1,1,1,0.032,world,2.336062539,14.18367373,19.08850864
573.1,ab3dmot,1,0,0,0.2,2.246643332,2.294708384,2.874820799,0,2636,3295,5,1,1,1,1,0.088,world,2.321380686,14.18866612,19.10446717
573.18,ours,1,0,0,0.2,2.245075365,2.295514362,2.865564423,0,2636,3295,5,1,1,1,1,0.048,world,2.327218222,14.18446699,19.0943886
573.18,ab3dmot,1,0,0,0.2,2.24687725,2.294744822,2.874455364,0,2640,3300,5,1,1,1,1,0.168,world,2.318633125,14.18807345,19.10462522
573.264,ours,1,0,0,0.2,2.245232944,2.295529952,2.864832587,0,2640,3300,5,1,1,1,1,0.052,world,2.305780531,14.18640929,19.10996538
573.264,ab3dmot,1,0,0,0.2,2.247111168,2.294746413,2.874089928,0,2644,3305,5,1,1,1,1,0.084,world,2.295795692,14.18834325,19.11889989
573.34,ours,1,0,0,0.2,2.245390523,2.295537109,2.864100751,0,2644,3305,5,1,1,1,1,0.04,world,2.300255931,14.17922686,19.10330445
573.34,ab3dmot,1,0,0,0.2,2.24723817,2.294744359,2.873640816,0,2648,3310,5,1,1,1,1,0.096,world,2.2933864,14.18150993,19.11070248
573.408,ours,1,0,0,0.2,2.247250141,2.295526864,2.863497089,0,2648,3310,5,1,1,1,1,0.012,world,2.288745294,14.17987509,19.11121825
573.408,ab3dmot,1,0,0,0.2,2.247365171,2.294724933,2.873191705,0,2652,3315,5,1,1,1,1,0.064,world,2.281828586,14.17867601,19.11407742
573.5,ours,1,0,0,0.2,2.24910976,2.295514567,2.862893427,0,2652,3315,5,1,1,1,1,0.028,world,2.287359435,14.17434923,19.10469912
573.5,ab3dmot,1,0,0,0.2,2.248376476,2.294707401,2.872742593,0,2656,3320,5,1,1,1,1,0.056,world,2.28305395,14.16908664,19.10057163
573.576,ours,1,0,0,0.2,2.249180853,2.295498629,2.862289765,0,2656,3320,5,1,1,1,1,0.012,world,2.284906809,14.16783063,19.09773841
573.576,ab3dmot,1,0,0,0.2,2.249387781,2.294689587,2.872293482,0,2660,3325,5,1,1,1,1,0.032,world,2.282830842,14.16221621,19.09174196
573.676,ours,1,0,0,0.2,2.249251947,2.295480318,2.861686103,0,2660,3325,5,1,1,1,1,0.044,world,2.283289423,14.16468645,19.0949625
573.676,ab3dmot,1,0,0,0.2,2.250266966,2.294672919,2.87184437,0,2664,3330,5,1,1,1,1,0.068,world,2.283561827,14.15840086,19.08659451
573.76,ours,1,0,0,0.2,2.249492954,2.295459912,2.861082441,0,2664,3330,5,1,1,1,1,0.052,world,2.281849414,14.15992298,19.09007224
573.76,ab3dmot,1,0,0,0.2,2.251146152,2.29465628,2.871395259,0,2668,3335,5,1,1,1,1,0.12,world,2.283547727,14.15742116,19.08572272
573.832,ours,1,0,0,0.2,2.24973396,2.295436102,2.860478779,0,2668,3335,5,1,1,1,1,0.032,world,2.2795238,14.15391368,19.0843143
573.832,ab3dmot,1,0,0,0.2,2.25116219,2.294637589,2.870946147,0,2672,3340,5,1,1,1,1,0.092,world,2.282136258,14.15050781,19.07820996
573.904,ours,1,0,0,0.2,2.250144565,2.29541209,2.859875117,0,2672,3340,5,1,1,1,1,0.032,world,2.279339568,14.14993318,19.07999134
573.904,ab3dmot,1,0,0,0.2,2.251178228,2.294618549,2.870497036,0,2676,3345,5,1,1,1,1,0.064,world,2.281864631,14.14247612,19.06871447
574,ours,1,0,0,0.2,2.25055517,2.295391058,2.859271455,0,2676,3345,5,1,1,1,1,0.028,world,2.281298113,14.14554218,19.07443051
574,ab3dmot,1,0,0,0.2,2.252239824,2.294606421,2.870047924,0,2680,3350,5,1,1,1,1,0.06,world,2.286478535,14.133853,19.05600611
574.076,ours,1,0,0,0.2,2.251344465,2.295374548,2.858667793,0,2680,3350,5,1,1,1,1,0.024,world,2.284303199,14.14062351,19.06726768
574.076,ab3dmot,1,0,0,0.2,2.25330142,2.294605771,2.869598813,0,2684,3355,5,1,1,1,1,0.072,world,2.294169719,14.13093532,19.04839734
574.168,ours,1,0,0,0.2,2.252133761,2.295374747,2.858064131,0,2684,3355,5,1,1,1,1,0.056,world,2.29550769,14.13623973,19.05651494
574.168,ab3dmot,1,0,0,0.2,2.253448308,2.294618975,2.869149701,0,2688,3360,5,1,1,1,1,0.096,world,2.303462198,14.12892856,19.04195265
574.244,ours,1,0,0,0.2,2.252182114,2.295381283,2.857460469,0,2688,3360,5,1,1,1,1,0.036,world,2.299762673,14.13054555,19.04781018
574.244,ab3dmot,1,0,0,0.2,2.253595195,2.294638578,2.86870059,0,2692,3365,5,1,1,1,1,0.112,world,2.307774148,14.12563871,19.03630288
574.336,ours,1,0,0,0.2,2.252230468,2.295380941,2.856856807,0,2692,3365,5,1,1,1,1,0.044,world,2.295151111,14.13380945,19.05671351
574.336,ab3dmot,1,0,0,0.2,2.253653775,2.294635904,2.868251478,0,2696,3370,5,1,1,1,1,0.1,world,2.292835125,14.1331923,19.05743782
574.4,ours,1,0,0,0.2,2.252347924,2.295381088,2.856253145,0,2696,3370,5,1,1,1,1,0.028,world,2.295480213,14.13393711,19.05854258
574.4,ab3dmot,1,0,0,0.2,2.253712355,2.294637483,2.867802367,0,2700,3375,5,1,1,1,1,0.064,world,2.295701539,14.1289251,19.05199447
574.5,ours,1,0,0,0.2,2.252465379,2.295392162,2.855649484,0,2700,3375,5,1,1,1,1,0.04,world,2.302843695,14.13134781,19.0535375
574.5,ab3dmot,1,0,0,0.2,2.253868501,2.294656497,2.867353255,0,2704,3380,5,1,1,1,1,0.1,world,2.307455344,14.12929079,19.04788198
574.568,ours,1,0,0,0.2,2.252694334,2.295411746,2.855045822,0,2704,3380,5,1,1,1,1,0.036,world,2.308593333,14.13087083,19.05144113
574.568,ab3dmot,1,0,0,0.2,2.254024647,2.294680004,2.866904144,0,2708,3385,5,1,1,1,1,0.1,world,2.310516102,14.12861657,19.04730317
574.664,ours,1,0,0,0.2,2.252923289,2.295432788,2.85444216,0,2708,3385,5,1,1,1,1,0.032,world,2.309613244,14.13064283,19.05294208
574.664,ab3dmot,1,0,0,0.2,2.254140726,2.294696905,2.866455032,0,2712,3390,5,1,1,1,1,0.1,world,2.306110346,14.13357743,19.05899123
574.732,ours,1,0,0,0.2,2.253396092,2.295447993,2.853838498,0,2712,3390,5,1,1,1,1,0.032,world,2.305718566,14.13552927,19.06437119
574.732,ab3dmot,1,0,0,0.2,2.254256804,2.294710111,2.866005921,0,2716,3395,5,1,1,1,1,0.1,world,2.303646808,14.13880986,19.06991736
574.8,ours,1,0,0,0.2,2.253868895,2.295470426,2.853234836,0,2716,3395,5,1,1,1,1,0.008,world,2.310630047,14.13660534,19.06528014
574.8,ab3dmot,1,0,0,0.2,2.254292652,2.294732381,2.865556809,0,2720,3400,5,1,1,1,1,0.072,world,2.30980382,14.13642017,19.06559489
574.9,ours,1,0,0,0.2,2.254264097,2.295510437,2.852631174,0,2720,3400,5,1,1,1,1,0.036,world,2.322518631,14.13535844,19.06028032
574.9,ab3dmot,1,0,0,0.2,2.254328499,2.294777602,2.865107698,0,2724,3405,5,1,1,1,1,0.072,world,2.325323991,14.13115184,19.0530828
574.996,ours,1,0,0,0.2,2.254659298,2.295570599,2.852027512,0,2724,3405,5,1,1,1,1,0.044,world,2.336122047,14.1351585,19.055775
574.996,ab3dmot,1,0,0,0.2,2.25515261,2.294846033,2.864741123,0,2728,3410,5,1,1,1,1,0.1,world,2.340983554,14.13017117,19.04621605
575.06,ours,1,0,0,0.2,2.254659298,2.295641655,2.852001854,0,2728,3410,5,1,1,1,1,0.052,world,2.343530894,14.12956624,19.04543767
575.06,ab3dmot,1,0,0,0.2,2.255976722,2.294924228,2.864374548,0,2732,3415,5,1,1,1,1,0.1,world,2.347646556,14.12644957,19.0387454
575.144,ours,1,0,0,0.2,2.254659298,2.295734267,2.851976196,0,2732,3415,5,1,1,1,1,0.044,world,2.358048422,14.12806251,19.03907662
575.144,ab3dmot,1,0,0,0.2,2.256406716,2.295023636,2.864007973,0,2736,3420,5,1,1,1,1,0.116,world,2.36194241,14.12674917,19.03479695
575.26,ours,1,0,0,0.2,2.254673615,2.295846883,2.851950539,0,2736,3420,5,1,1,1,1,0.056,world,2.371515025,14.1332823,19.04214789
575.26,ab3dmot,1,0,0,0.2,2.256836711,2.295143601,2.863641399,0,2740,3425,5,1,1,1,1,0.2,world,2.375780422,14.12968485,19.03473896
575.316,ours,1,0,0,0.2,2.254687931,2.295967903,2.851924881,0,2740,3425,5,1,1,1,1,0.016,world,2.37730246,14.12888615,19.03464656
575.316,ab3dmot,1,0,0,0.2,2.257107062,2.295285131,2.863274824,0,2744,3430,5,1,1,1,1,0.124,world,2.390265289,14.12889923,19.02586876
575.392,ours,1,0,0,0.2,2.254904622,2.296129769,2.851899223,0,2744,3430,5,1,1,1,1,0.028,world,2.404449317,14.13516464,19.03005674
575.392,ab3dmot,1,0,0,0.2,2.257377413,2.295464913,2.862908249,0,2748,3435,5,1,1,1,1,0.1,world,2.415644668,14.13824966,19.02634961
575.468,ours,1,0,0,0.2,2.255121313,2.296312964,2.851873565,0,2748,3435,5,1,1,1,1,0.036,world,2.418717062,14.14017354,19.0307422
575.468,ab3dmot,1,0,0,0.2,2.257652826,2.295669335,2.862541674,0,2752,3440,5,1,1,1,1,0.076,world,2.432049765,14.14457381,19.02725034
575.556,ours,1,0,0,0.2,2.25534304,2.296520109,2.851847907,0,2752,3440,5,1,1,1,1,0.056,world,2.434667614,14.1450177,19.03015516
575.556,ab3dmot,1,0,0,0.2,2.25792824,2.29589102,2.8621751,0,2756,3445,5,1,1,1,1,0.132,world,2.4436483,14.14933748,19.02951309
575.6,ours,1,0,0,0.2,2.255564767,2.296738106,2.85182225,0,2756,3445,5,1,1,1,1,0.012,world,2.4421116,14.14746912,19.03028662
575.6,ab3dmot,1,0,0,0.2,2.258357759,2.296123321,2.861808525,0,2760,3450,5,1,1,1,1,0.08,world,2.450950592,14.15274288,19.03094967
575.688,ours,1,0,0,0.2,2.255829174,2.296981302,2.851796592,0,2760,3450,5,1,1,1,1,0.032,world,2.458832675,14.15365745,19.03313009
575.688,ab3dmot,1,0,0,0.2,2.258787277,2.296377808,2.86144195,0,2764,3455,5,1,1,1,1,0.132,world,2.465720309,14.15876917,19.03489827
575.72,ours,1,0,0,0.2,2.25609358,2.297232415,2.851770934,0,2764,3455,5,1,1,1,1,0.02,world,2.464408173,14.15615662,19.03465887
575.72,ab3dmot,1,0,0,0.2,2.260070647,2.296637829,2.861075375,0,2768,3460,5,1,1,1,1,0.1,world,2.469776212,14.16143513,19.0376708
575.784,ours,1,0,0,0.2,2.257666428,2.29749065,2.851745276,0,2768,3460,5,1,1,1,1,0.032,world,2.469483094,14.15875446,19.03666898
575.784,ab3dmot,1,0,0,0.2,2.261354017,2.296901535,2.860708801,0,2772,3465,5,1,1,1,1,0.096,world,2.472651144,14.16492292,19.04230704
575.808,ours,1,0,0,0.2,2.259239275,2.297749831,2.851719619,0,2772,3465,5,1,1,1,1,0.016,world,2.470591916,14.16069287,19.04057957
575.808,ab3dmot,1,0,0,0.2,2.261754343,2.297160897,2.860342226,0,2776,3470,5,1,1,1,1,0.056,world,2.470359724,14.16600479,19.04744993
575.88,ours,1,0,0,0.2,2.259376741,2.298022937,2.851693961,0,2776,3470,5,1,1,1,1,0.028,world,2.480063933,14.16511902,19.04416713
575.88,ab3dmot,1,0,0,0.2,2.262154669,2.297431621,2.859975651,0,2780,3475,5,1,1,1,1,0.06,world,2.478191554,14.17047952,19.05222677
575.912,ours,1,0,0,0.2,2.259514207,2.298299903,2.851668303,0,2780,3475,5,1,1,1,1,0.012,world,2.483075332,14.1674638,19.04733344
575.912,ab3dmot,1,0,0,0.2,2.26268458,2.297706662,2.859609076,0,2784,3480,5,1,1,1,1,0.06,world,2.481498395,14.17235018,19.05459125
575.968,ours,1,0,0,0.2,2.259640884,2.298591067,2.851642645,0,2784,3480,5,1,1,1,1,0.016,world,2.49273779,14.17155155,19.05043133
575.968,ab3dmot,1,0,0,0.2,2.263214492,2.297994837,2.859242501,0,2788,3485,5,1,1,1,1,0.084,world,2.490489524,14.17623019,19.05789303
576,ours,1,0,0,0.2,2.259767561,2.2988837,2.851616987,0,2788,3485,5,1,1,1,1,0.016,world,2.494242352,14.17223392,19.05258249
576,ab3dmot,1,0,0,0.2,2.263376927,2.29827331,2.858875927,0,2792,3490,5,1,1,1,1,0.048,world,2.484789223,14.17358383,19.06084871
576.056,ours,1,0,0,0.2,2.260041014,2.299178054,2.85159133,0,2792,3490,5,1,1,1,1,0.024,world,2.495912919,14.1725949,19.05423403
576.056,ab3dmot,1,0,0,0.2,2.263539362,2.298551556,2.858509352,0,2796,3495,5,1,1,1,1,0.072,world,2.48517905,14.17325199,19.06254286
576.1,ours,1,0,0,0.2,2.260314467,2.299468583,2.851565672,0,2796,3495,5,1,1,1,1,0.016,world,2.494015331,14.17134743,19.05638045
576.1,ab3dmot,1,0,0,0.2,2.263714799,2.298829891,2.858142777,0,2800,3500,5,1,1,1,1,0.048,world,2.485772888,14.1726383,19.06377094
576.148,ours,1,0,0,0.2,2.260487277,2.299774707,2.851540014,0,2800,3500,5,1,1,1,1,0.036,world,2.50461803,14.17527548,19.05871175
576.148,ab3dmot,1,0,0,0.2,2.263890235,2.299124759,2.857776202,0,2804,3505,5,1,1,1,1,0.096,world,2.497003797,14.17681221,19.06598642
576.184,ours,1,0,0,0.2,2.260660087,2.300088702,2.851514356,0,2804,3505,5,1,1,1,1,0,world,2.510267252,14.17672026,19.05898391
576.184,ab3dmot,1,0,0,0.2,2.263985682,2.299430456,2.857101939,0,2808,3510,5,1,1,1,1,0.068,world,2.504560005,14.17675607,19.06304392
576.204,ours,1,0,0,0.2,2.260941908,2.3004029,2.850463073,0,2808,3510,5,1,1,1,1,0.004,world,2.51100067,14.17477835,19.05603498
576.204,ab3dmot,1,0,0,0.2,2.264081129,2.299736653,2.856427676,0,2812,3515,5,1,1,1,1,0.056,world,2.505470121,14.17540589,19.06071267
576.26,ours,1,0,0,0.2,2.261223729,2.300733616,2.84941179,0,2812,3515,5,1,1,1,1,0.016,world,2.522218778,14.17893527,19.05821817
576.26,ab3dmot,1,0,0,0.2,2.26420543,2.300061541,2.855753412,0,2816,3520,5,1,1,1,1,0.076,world,2.518106553,14.17778166,19.05967637
576.288,ours,1,0,0,0.2,2.261372919,2.301073199,2.848360507,0,2816,3520,5,1,1,1,1,0.008,world,2.528539609,14.17847162,19.05561909
576.288,ab3dmot,1,0,0,0.2,2.264329732,2.300395147,2.855079149,0,2820,3525,5,1,1,1,1,0.072,world,2.524336569,14.17832718,19.05841052
576.332,ours,1,0,0,0.2,2.261522109,2.3014201,2.847309224,0,2820,3525,5,1,1,1,1,0.032,world,2.533879945,14.1796248,19.05573207
576.332,ab3dmot,1,0,0,0.2,2.264393338,2.300736613,2.854404886,0,2824,3530,5,1,1,1,1,0.084,world,2.530026469,14.17928897,19.0580421
576.4,ours,1,0,0,0.2,2.261561716,2.301783413,2.846257941,0,2824,3530,5,1,1,1,1,0.02,world,2.545044739,14.18373717,19.05785417
576.4,ab3dmot,1,0,0,0.2,2.264456944,2.301094491,2.853730622,0,2828,3535,5,1,1,1,1,0.152,world,2.54120906,14.18340528,19.06016418
576.48,ours,1,0,0,0.2,2.261601322,2.302163039,2.845206658,0,2828,3535,5,1,1,1,1,0.024,world,2.556146503,14.18781332,19.05993818
576.48,ab3dmot,1,0,0,0.2,2.264777815,2.301471194,2.853056359,0,2832,3540,5,1,1,1,1,0.2,world,2.553931518,14.18547056,19.05858774
576.5,ours,1,0,0,0.2,2.262310576,2.302546608,2.844155375,0,2832,3540,5,1,1,1,1,0,world,2.559382898,14.18204033,19.05041898
576.5,ab3dmot,1,0,0,0.2,2.265098686,2.30185505,2.852382095,0,2836,3545,5,1,1,1,1,0.12,world,2.559215685,14.17794622,19.04543373
576.544,ours,1,0,0,0.2,2.26301983,2.302948737,2.843104091,0,2836,3545,5,1,1,1,1,0.032,world,2.571924008,14.18226416,19.04661227
576.544,ab3dmot,1,0,0,0.2,2.265437155,2.302257478,2.851707832,0,2840,3550,5,1,1,1,1,0.096,world,2.571777888,14.17691949,19.0400658
576.58,ours,1,0,0,0.2,2.263073608,2.30335636,2.842052808,0,2840,3550,5,1,1,1,1,0.016,world,2.576177926,14.18054634,19.0438555
576.58,ab3dmot,1,0,0,0.2,2.265775623,2.30266359,2.851033569,0,2844,3555,5,1,1,1,1,0.068,world,2.574886582,14.17587116,19.03897761
576.612,ours,1,0,0,0.2,2.263127386,2.30377019,2.841001525,0,2844,3555,5,1,1,1,1,0.012,world,2.580895516,14.18113632,19.04362766
576.612,ab3dmot,1,0,0,0.2,2.265775623,2.303076408,2.850359305,0,2848,3560,5,1,1,1,1,0.068,world,2.579923797,14.17617518,19.0381721
576.676,ours,1,0,0,0.2,2.263157966,2.30419156,2.839950242,0,2848,3560,5,1,1,1,1,0.016,world,2.586467699,14.17925785,19.03970603
576.676,ab3dmot,1,0,0,0.2,2.265775623,2.303499031,2.849685042,0,2852,3565,5,1,1,1,1,0.064,world,2.586940485,14.17302082,19.03164375
576.736,ours,1,0,0,0.2,2.263188545,2.304628596,2.838898959,0,2852,3565,5,1,1,1,1,0.036,world,2.597198335,14.17855127,19.03589782
576.736,ab3dmot,1,0,0,0.2,2.265978628,2.303936751,2.849010778,0,2856,3570,5,1,1,1,1,0.092,world,2.597321453,14.17430034,19.03055613
576.776,ours,1,0,0,0.2,2.264095207,2.305070974,2.837847676,0,2856,3570,5,1,1,1,1,0.016,world,2.601407843,14.17857288,19.03526727
576.776,ab3dmot,1,0,0,0.2,2.266181632,2.304376841,2.848336515,0,2860,3575,5,1,1,1,1,0.068,world,2.59965323,14.17217724,19.02865771
576.808,ours,1,0,0,0.2,2.265001868,2.305516478,2.836796393,0,2860,3575,5,1,1,1,1,0.008,world,2.604224511,14.17630382,19.03280855
576.808,ab3dmot,1,0,0,0.2,2.266773942,2.304821354,2.847662252,0,2864,3580,5,1,1,1,1,0.064,world,2.603291728,14.17186328,19.02802654
576.872,ours,1,0,0,0.2,2.265184306,2.305976919,2.83574511,0,2864,3580,5,1,1,1,1,0.028,world,2.614518134,14.18001794,19.03460427
576.872,ab3dmot,1,0,0,0.2,2.267366252,2.305277696,2.846987988,0,2868,3585,5,1,1,1,1,0.096,world,2.611630562,14.17391299,19.02921335
576.9,ours,1,0,0,0.2,2.265366745,2.30643858,2.834693827,0,2868,3585,5,1,1,1,1,0.008,world,2.616159212,14.17795737,19.03320997
576.9,ab3dmot,1,0,0,0.2,2.267705297,2.305733385,2.846313725,0,2872,3590,5,1,1,1,1,0.056,world,2.612079168,14.17199655,19.02890769
576.956,ours,1,0,0,0.2,2.26568553,2.306904084,2.833642544,0,2872,3590,5,1,1,1,1,0.028,world,2.619462499,14.17801866,19.03318929
576.956,ab3dmot,1,0,0,0.2,2.268044342,2.306194065,2.845639462,0,2876,3595,5,1,1,1,1,0.08,world,2.616105999,14.17227212,19.02863247
577,ours,1,0,0,0.2,2.266004316,2.3073742,2.83259126,0,2876,3595,5,1,1,1,1,0.024,world,2.623260286,14.17586253,19.03006419
577,ab3dmot,1,0,0,0.2,2.268326114,2.306660749,2.844965198,0,2880,3600,5,1,1,1,1,0.06,world,2.620783804,14.16825097,19.02261074
577.064,ours,1,0,0,0.2,2.266055904,2.307857517,2.831539977,0,2880,3600,5,1,1,1,1,0.032,world,2.632493638,14.17624911,19.0282703
577.064,ab3dmot,1,0,0,0.2,2.268607886,2.307140662,2.844290935,0,2884,3605,5,1,1,1,1,0.088,world,2.6300454,14.16880149,19.02102018
577.14,ours,1,0,0,0.2,2.266107491,2.308351675,2.830488694,0,2884,3605,5,1,1,1,1,0.04,world,2.640247615,14.17254364,19.0224588
577.14,ab3dmot,1,0,0,0.2,2.268766356,2.30763258,2.843645829,0,2888,3610,5,1,1,1,1,0.1,world,2.638541988,14.16802485,19.01825158
577.204,ours,1,0,0,0.2,2.267099834,2.308857798,2.830032212,0,2888,3610,5,1,1,1,1,0.024,world,2.648718812,14.1728199,19.02082071
577.204,ab3dmot,1,0,0,0.2,2.268924826,2.308135839,2.843000723,0,2892,3615,5,1,1,1,1,0.064,world,2.646628523,14.16829697,19.01691397
577.3,ours,1,0,0,0.2,2.268092176,2.309381127,2.82957573,0,2892,3615,5,1,1,1,1,0.028,world,2.660490966,14.17560871,19.02163084
577.3,ab3dmot,1,0,0,0.2,2.269416907,2.308657566,2.842355617,0,2896,3620,5,1,1,1,1,0.06,world,2.659209067,14.17229966,19.01859428
577.376,ours,1,0,0,0.2,2.268473428,2.309915338,2.829119248,0,2896,3620,5,1,1,1,1,0.024,world,2.668303122,14.17668335,19.02101773
577.376,ab3dmot,1,0,0,0.2,2.269908989,2.309191607,2.841710511,0,2900,3625,5,1,1,1,1,0.072,world,2.667927531,14.17385476,19.01788207
577.444,ours,1,0,0,0.2,2.26885468,2.310460006,2.828662766,0,2900,3625,5,1,1,1,1,0.04,world,2.675859159,14.17666672,19.01908199
577.444,ab3dmot,1,0,0,0.2,2.270172931,2.309736202,2.841065405,0,2904,3630,5,1,1,1,1,0.108,world,2.675552351,14.17632331,19.01890023
577.5,ours,1,0,0,0.2,2.269510297,2.311008282,2.828206284,0,2904,3630,5,1,1,1,1,0.024,world,2.679140375,14.17676073,19.01853904
577.5,ab3dmot,1,0,0,0.2,2.270436873,2.310282159,2.840420299,0,2908,3635,5,1,1,1,1,0.096,world,2.677427264,14.17553296,19.01836267
577.568,ours,1,0,0,0.2,2.270165915,2.311563729,2.827749803,0,2908,3635,5,1,1,1,1,0.032,world,2.68466018,14.17614252,19.01712025
577.568,ab3dmot,1,0,0,0.2,2.27100489,2.310833456,2.839775193,0,2912,3640,5,1,1,1,1,0.1,world,2.681801792,14.1744968,19.01732853
577.612,ours,1,0,0,0.2,2.270303733,2.312118145,2.827293321,0,2912,3640,5,1,1,1,1,0.028,world,2.685053536,14.17401487,19.01596215
577.612,ab3dmot,1,0,0,0.2,2.271572906,2.311383051,2.839130087,0,2916,3645,5,1,1,1,1,0.076,world,2.681765041,14.17196877,19.01603828
577.668,ours,1,0,0,0.2,2.27044155,2.312678883,2.826836839,0,2916,3645,5,1,1,1,1,0.032,world,2.69005679,14.17440397,19.01583606
577.668,ab3dmot,1,0,0,0.2,2.272262341,2.311938505,2.838484982,0,2920,3650,5,1,1,1,1,0.1,world,2.686477852,14.17255136,19.01638188
577.732,ours,1,0,0,0.2,2.270739676,2.313242638,2.826380357,0,2920,3650,5,1,1,1,1,0.032,world,2.692998591,14.17324034,19.01521352
577.732,ab3dmot,1,0,0,0.2,2.272951775,2.312496215,2.837839876,0,2924,3655,5,1,1,1,1,0.096,world,2.68893623,14.17096978,19.0156599
577.804,ours,1,0,0,0.2,2.271037801,2.313809139,2.825923875,0,2924,3655,5,1,1,1,1,0.024,world,2.695776508,14.17152084,19.01382863
577.804,ab3dmot,1,0,0,0.2,2.273008859,2.31305572,2.83719477,0,2928,3660,5,1,1,1,1,0.072,world,2.691108817,14.1672269,19.01237721
577.9,ours,1,0,0,0.2,2.271119893,2.314378884,2.825467393,0,2928,3660,5,1,1,1,1,0.048,world,2.698872302,14.16951309,19.01161488
577.9,ab3dmot,1,0,0,0.2,2.273065942,2.313619415,2.836549664,0,2932,3665,5,1,1,1,1,0.1,world,2.694794486,14.1640314,19.00833347
577.964,ours,1,0,0,0.2,2.271201984,2.314950928,2.825010911,0,2932,3665,5,1,1,1,1,0.032,world,2.701382357,14.16411946,19.00561108
577.964,ab3dmot,1,0,0,0.2,2.273807077,2.314192511,2.835904558,0,2936,3670,5,1,1,1,1,0.064,world,2.701765467,14.15598877,18.99575015
578.06,ours,1,0,0,0.2,2.271300241,2.315533807,2.824554429,0,2936,3670,5,1,1,1,1,0.06,world,2.709257066,14.15731003,18.99440752
578.06,ab3dmot,1,0,0,0.2,2.274548212,2.314777812,2.835259452,0,2940,3675,5,1,1,1,1,0.096,world,2.710507276,14.15196961,18.98716574
578.116,ours,1,0,0,0.2,2.271398499,2.3161207,2.824097947,0,2940,3675,5,1,1,1,1,0.02,world,2.712865221,14.15029312,18.98420746
578.116,ab3dmot,1,0,0,0.2,2.274592652,2.31536725,2.834614346,0,2944,3680,5,1,1,1,1,0.088,world,2.71419876,14.14736343,18.97973146
578.2,ours,1,0,0,0.2,2.272094468,2.316713156,2.823641465,0,2944,3680,5,1,1,1,1,0.016,world,2.717452697,14.14705256,18.97895618
578.2,ab3dmot,1,0,0,0.2,2.274637091,2.315963685,2.83396924,0,2948,3685,5,1,1,1,1,0.072,world,2.719693423,14.14215782,18.97148301
578.296,ours,1,0,0,0.2,2.272790437,2.317308134,2.823184983,0,2948,3685,5,1,1,1,1,0.036,world,2.720141991,14.14318088,18.97338796
578.296,ab3dmot,1,0,0,0.2,2.274984786,2.316563655,2.833324134,0,2952,3690,5,1,1,1,1,0.1,world,2.723025819,14.13827388,18.96539705
578.384,ours,1,0,0,0.2,2.272853222,2.317906161,2.822728501,0,2952,3690,5,1,1,1,1,0.048,world,2.723167797,14.1392316,18.9674227
578.384,ab3dmot,1,0,0,0.2,2.275332481,2.317166228,2.832679028,0,2956,3695,5,1,1,1,1,0.124,world,2.725779642,14.13433762,18.95967724
578.46,ours,1,0,0,0.2,2.272916007,2.318503289,2.822272019,0,2956,3695,5,1,1,1,1,0.06,world,2.723716369,14.13261255,18.95965634
578.46,ab3dmot,1,0,0,0.2,2.276103423,2.317766722,2.832033922,0,2960,3700,5,1,1,1,1,0.1,world,2.725593974,14.12836402,18.95326773
578.524,ours,1,0,0,0.2,2.274401492,2.319098174,2.821815537,0,2960,3700,5,1,1,1,1,0.028,world,2.723417081,14.12648403,18.95285781
578.524,ab3dmot,1,0,0,0.2,2.276874364,2.318364599,2.831388817,0,2964,3705,5,1,1,1,1,0.104,world,2.725063874,14.124564,18.94932789
578.6,ours,1,0,0,0.2,2.275886976,2.319690827,2.821359055,0,2964,3705,5,1,1,1,1,0.036,world,2.723117114,14.12229897,18.94797456
578.6,ab3dmot,1,0,0,0.2,2.276929654,2.318960084,2.83121571,0,2968,3710,5,1,1,1,1,0.076,world,2.724667997,14.11901804,18.94298289
578.7,ours,1,0,0,0.2,2.275979883,2.320278914,2.821038845,0,2968,3710,5,1,1,1,1,0.044,world,2.721335361,14.11738322,18.94268427
578.7,ab3dmot,1,0,0,0.2,2.276984944,2.319551162,2.831042604,0,2972,3715,5,1,1,1,1,0.076,world,2.722990218,14.11161379,18.93481117
578.788,ours,1,0,0,0.2,2.27607279,2.320862762,2.820718635,0,2972,3715,5,1,1,1,1,0.032,world,2.719745632,14.10988702,18.93432615
578.788,ab3dmot,1,0,0,0.2,2.277085746,2.320136865,2.830869498,0,2976,3720,5,1,1,1,1,0.096,world,2.720684254,14.10621737,18.92943234
578.888,ours,1,0,0,0.2,2.276149343,2.321437618,2.820398424,0,2976,3720,5,1,1,1,1,0.056,world,2.715121117,14.10390053,18.92897302
578.888,ab3dmot,1,0,0,0.2,2.277186548,2.320707861,2.830696392,0,2980,3725,5,1,1,1,1,0.1,world,2.712418061,14.09835697,18.92503519
578.968,ours,1,0,0,0.2,2.276225897,2.321999757,2.820078214,0,2980,3725,5,1,1,1,1,0.06,world,2.708082837,14.09591803,18.92384978
578.968,ab3dmot,1,0,0,0.2,2.277872667,2.321264324,2.830523286,0,2984,3730,5,1,1,1,1,0.112,world,2.704194374,14.09246297,18.92328314
579.044,ours,1,0,0,0.2,2.276545821,2.322541781,2.819758004,0,2984,3730,5,1,1,1,1,0.044,world,2.696238948,14.08722512,18.92175333
579.044,ab3dmot,1,0,0,0.2,2.278558786,2.321800908,2.83035018,0,2988,3735,5,1,1,1,1,0.124,world,2.692459862,14.08601659,18.92363132
579.108,ours,1,0,0,0.2,2.276865745,2.32306688,2.819437793,0,2988,3735,5,1,1,1,1,0.02,world,2.686342065,14.07955662,18.91895162
579.108,ab3dmot,1,0,0,0.2,2.279030205,2.322313408,2.830177074,0,2992,3740,5,1,1,1,1,0.088,world,2.67788716,14.07536944,18.92170336
579.2,ours,1,0,0,0.2,2.27716306,2.323572871,2.819117583,0,2992,3740,5,1,1,1,1,0.032,world,2.674940349,14.07170964,18.91703178
579.2,ab3dmot,1,0,0,0.2,2.279501623,2.322802635,2.830003968,0,2996,3745,5,1,1,1,1,0.048,world,2.663692003,14.06874199,18.92365381
579.26,ours,1,0,0,0.2,2.277460376,2.324061633,2.818797372,0,2996,3745,5,1,1,1,1,0.02,world,2.664659354,14.06707335,18.91732709
579.26,ab3dmot,1,0,0,0.2,2.279542361,2.323273407,2.829830862,0,3000,3750,5,1,1,1,1,0.044,world,2.652516497,14.06379702,18.9245065
579.352,ours,1,0,0,0.2,2.277576147,2.324522644,2.818477162,0,3000,3750,5,1,1,1,1,0.052,world,2.647366582,14.05819182,18.91684487
579.352,ab3dmot,1,0,0,0.2,2.279583098,2.323720806,2.829657756,0,3004,3755,5,1,1,1,1,0.068,world,2.63798668,14.05679215,18.92368471
579.428,ours,1,0,0,0.2,2.277691918,2.32496429,2.818156952,0,3004,3755,5,1,1,1,1,0.028,world,2.635437484,14.05200308,18.91627656
579.428,ab3dmot,1,0,0,0.2,2.279745696,2.3241491,2.82948465,0,3008,3760,5,1,1,1,1,0.076,world,2.626147517,14.0505651,18.92308655
579.508,ours,1,0,0,0.2,2.277811034,2.325384027,2.817836741,0,3008,3760,5,1,1,1,1,0.024,world,2.621698823,14.04462221,18.91586158
579.508,ab3dmot,1,0,0,0.2,2.279908293,2.324556131,2.829311544,0,3012,3765,5,1,1,1,1,0.06,world,2.612751713,14.04377024,18.92307132
579.6,ours,1,0,0,0.2,2.27793015,2.32577852,2.817516531,0,3012,3765,5,1,1,1,1,0.02,world,2.605581501,14.03667134,18.91391663
579.6,ab3dmot,1,0,0,0.2,2.280568149,2.324937166,2.829138438,0,3016,3770,5,1,1,1,1,0.052,world,2.596028045,14.03320663,18.91917212
579.688,ours,1,0,0,0.2,2.278200597,2.326153908,2.817196321,0,3016,3770,5,1,1,1,1,0.04,world,2.593441411,14.02975735,18.91193058
579.688,ab3dmot,1,0,0,0.2,2.281228004,2.32530266,2.828965331,0,3020,3775,5,1,1,1,1,0.108,world,2.586224925,14.02797715,18.91678481
579.78,ours,1,0,0,0.2,2.278471044,2.326507527,2.81687611,0,3020,3775,5,1,1,1,1,0.06,world,2.57937396,14.01952668,18.90825386
579.78,ab3dmot,1,0,0,0.2,2.281528295,2.325647166,2.828792225,0,3024,3780,5,1,1,1,1,0.1,world,2.572616232,14.01704144,18.91214708
579.864,ours,1,0,0,0.2,2.278905306,2.326830978,2.8165559,0,3024,3780,5,1,1,1,1,0.052,world,2.559397094,14.00662325,18.90383357
579.864,ab3dmot,1,0,0,0.2,2.281828586,2.325964806,2.828619119,0,3028,3785,5,1,1,1,1,0.116,world,2.55482546,14.00572071,18.90730099
579.936,ours,1,0,0,0.2,2.279339568,2.327138681,2.816235689,0,3028,3785,5,1,1,1,1,0.036,world,2.549156052,14.00333963,18.90275972
579.936,ab3dmot,1,0,0,0.2,2.281846609,2.326266735,2.828446013,0,3032,3790,5,1,1,1,1,0.188,world,2.544569175,14.00243367,18.90622754
580.008,ours,1,0,0,0.2,2.279431684,2.327419601,2.815915479,0,3032,3790,5,1,1,1,1,0.02,world,2.531147057,13.98351001,18.89368255
580.008,ab3dmot,1,0,0,0.2,2.281864631,2.326543208,2.828272907,0,3036,3795,5,1,1,1,1,0.064,world,2.527424684,13.97724772,18.89187591
580.1,ours,1,0,0,0.2,2.2795238,2.327681143,2.815595269,0,3036,3795,5,1,1,1,1,0.036,world,2.518127873,13.97346747,18.88886321
580.1,ab3dmot,1,0,0,0.2,2.282000445,2.326799163,2.828099801,0,3040,3800,5,1,1,1,1,0.056,world,2.513562715,13.96207023,18.88389924
580.176,ours,1,0,0,0.2,2.279646302,2.32791416,2.815275058,0,3040,3800,5,1,1,1,1,0.032,world,2.498513675,13.96069334,18.883507
580.176,ab3dmot,1,0,0,0.2,2.282136258,2.327028128,2.827926695,0,3044,3805,5,1,1,1,1,0.1,world,2.494972597,13.95310209,18.8809343
580.212,ours,1,0,0,0.2,2.279768804,2.328131833,2.814954848,0,3044,3805,5,1,1,1,1,0.012,world,2.488062798,13.95354743,18.88846647
580.212,ab3dmot,1,0,0,0.2,2.282140297,2.327240901,2.827217466,0,3048,3810,5,1,1,1,1,0.068,world,2.483882285,13.95045219,18.89051643
580.276,ours,1,0,0,0.2,2.280046136,2.32832618,2.814204859,0,3048,3810,5,1,1,1,1,0.016,world,2.471797271,13.94879381,18.89128012
580.276,ab3dmot,1,0,0,0.2,2.282144337,2.327421767,2.826508237,0,3052,3815,5,1,1,1,1,0.068,world,2.461381127,13.94595538,18.90040913
580.32,ours,1,0,0,0.2,2.280323468,2.328491286,2.81345487,0,3052,3815,5,1,1,1,1,0.02,world,2.451071361,13.94305194,18.89800718
580.32,ab3dmot,1,0,0,0.2,2.28222297,2.327578444,2.825799007,0,3056,3820,5,1,1,1,1,0.084,world,2.444197706,13.94216766,18.90492335
580.372,ours,1,0,0,0.2,2.280437702,2.328641545,2.812704881,0,3056,3820,5,1,1,1,1,0.012,world,2.440594331,13.94034002,18.90163695
580.372,ab3dmot,1,0,0,0.2,2.282301603,2.327713739,2.825089778,0,3060,3825,5,1,1,1,1,0.064,world,2.428877725,13.94025431,18.91469182
580.42,ours,1,0,0,0.2,2.280551936,2.328773,2.811954892,0,3060,3825,5,1,1,1,1,0.02,world,2.427124746,13.93693687,18.90817754
580.42,ab3dmot,1,0,0,0.2,2.282566222,2.327835076,2.824380549,0,3064,3830,5,1,1,1,1,0.08,world,2.418875115,13.93806872,18.91832379
580.48,ours,1,0,0,0.2,2.280925024,2.328882844,2.811204903,0,3064,3830,5,1,1,1,1,0.008,world,2.411448188,13.93200576,18.90994289
580.48,ab3dmot,1,0,0,0.2,2.282830842,2.327934804,2.82367132,0,3068,3835,5,1,1,1,1,0.108,world,2.403110789,13.93350457,18.92049546
580.504,ours,1,0,0,0.2,2.281298113,2.32898024,2.810454915,0,3068,3835,5,1,1,1,1,0.004,world,2.402426085,13.92877667,18.91165734
580.504,ab3dmot,1,0,0,0.2,2.282866467,2.328022345,2.822962091,0,3072,3840,5,1,1,1,1,0.1,world,2.394223706,13.9305016,18.92227544
580.572,ours,1,0,0,0.2,2.28144165,2.329060219,2.809704926,0,3072,3840,5,1,1,1,1,0.016,world,2.389615673,13.9248332,18.91057404
580.572,ab3dmot,1,0,0,0.2,2.282902092,2.328092517,2.822252861,0,3076,3845,5,1,1,1,1,0.168,world,2.381374253,13.92654963,18.9211929
580.604,ours,1,0,0,0.2,2.281585188,2.329139987,2.808954937,0,3076,3845,5,1,1,1,1,0.004,world,2.389615673,13.9248332,18.91057404
580.604,ab3dmot,1,0,0,0.2,2.282978021,2.328162505,2.821543632,0,3080,3850,5,1,1,1,1,0.2,world,2.381374253,13.92654963,18.9211929
580.672,ours,1,0,0,0.2,2.281717301,2.329202354,2.808204948,0,3080,3850,5,1,1,1,1,0.036,world,2.376677808,13.92086616,18.90950216
580.672,ab3dmot,1,0,0,0.2,2.28305395,2.328215139,2.820834403,0,3084,3855,5,1,1,1,1,0.268,world,2.368396253,13.92257383,18.92012176
580.704,ours,1,0,0,0.2,2.281849414,2.329255956,2.807454959,0,3084,3855,5,1,1,1,1,0.004,world,2.370170183,13.9188766,18.90897119
580.704,ab3dmot,1,0,0,0.2,2.283178389,2.328259046,2.820125174,0,3088,3860,5,1,1,1,1,0.3,world,2.361868175,13.92057979,18.91959115
580.76,ours,1,0,0,0.2,2.281982545,2.329278516,2.80670497,0,3088,3860,5,1,1,1,1,0.024,world,2.346607418,13.9011902,18.91299574
580.76,ab3dmot,1,0,0,0.2,2.283302827,2.328283283,2.819415944,0,3092,3865,5,1,1,1,1,0.088,world,2.346919945,13.89735219,18.9109293
580.8,ours,1,0,0,0.2,2.282115676,2.329298863,2.805954981,0,3092,3865,5,1,1,1,1,0.02,world,2.344954315,13.89171036,18.90295129
580.8,ab3dmot,1,0,0,0.2,2.283363393,2.328308604,2.818706715,0,3096,3870,5,1,1,1,1,0.064,world,2.347800028,13.88728573,18.89749663
580.864,ours,1,0,0,0.2,2.282392199,2.329313067,2.805204992,0,3096,3870,5,1,1,1,1,0.028,world,2.340266929,13.88661148,18.89874492
580.864,ab3dmot,1,0,0,0.2,2.283423958,2.328327832,2.817997486,0,3100,3875,5,1,1,1,1,0.096,world,2.343162565,13.8829738,18.89357621
580.9,ours,1,0,0,0.2,2.282668722,2.329312364,2.804455003,0,3100,3875,5,1,1,1,1,0.028,world,2.328767943,13.87900281,18.89419407
580.9,ab3dmot,1,0,0,0.2,2.283463506,2.328331527,2.817288257,0,3104,3880,5,1,1,1,1,0.064,world,2.331193816,13.87725167,18.89037789
580.956,ours,1,0,0,0.2,2.282784036,2.329303032,2.803705014,0,3104,3880,5,1,1,1,1,0.02,world,2.322059405,13.87590174,18.89347021
580.956,ab3dmot,1,0,0,0.2,2.283503055,2.328326755,2.816579028,0,3108,3885,5,1,1,1,1,0.12,world,2.3246209,13.87526271,18.88987747
580.976,ours,1,0,0,0.2,2.28289935,2.329285052,2.802955026,0,3108,3885,5,1,1,1,1,0.008,world,2.315290902,13.87253152,18.89276554
580.976,ab3dmot,1,0,0,0.2,2.283525391,2.328313409,2.815869798,0,3112,3890,5,1,1,1,1,0.04,world,2.317919959,13.87206132,18.88912612
581.036,ours,1,0,0,0.2,2.283094386,2.329258508,2.802205037,0,3112,3890,5,1,1,1,1,0.016,world,2.308540923,13.8693952,18.89215275
581.036,ab3dmot,1,0,0,0.2,2.283547727,2.328291724,2.815160569,0,3116,3895,5,1,1,1,1,0.1,world,2.311359361,13.87008324,18.88863669
581.072,ours,1,0,0,0.2,2.283289423,2.329218062,2.801455048,0,3116,3895,5,1,1,1,1,0.012,world,2.297535784,13.87007062,18.89844955
581.072,ab3dmot,1,0,0,0.2,2.283554777,2.328254521,2.81445134,0,3120,3900,5,1,1,1,1,0.072,world,2.299090566,13.87236737,18.8971268
581.132,ours,1,0,0,0.2,2.283796311,2.329161175,2.800705059,0,3120,3900,5,1,1,1,1,0.028,world,2.284415979,13.86521648,18.89727204
581.132,ab3dmot,1,0,0,0.2,2.283561827,2.328200608,2.813742111,0,3124,3905,5,1,1,1,1,0.1,world,2.285760658,13.8683286,18.89646531
581.18,ours,1,0,0,0.2,2.283289423,2.329095162,2.79995507,0,3124,3905,5,1,1,1,1,0.016,world,2.277021902,13.86274837,18.89785625
581.18,ab3dmot,1,0,0,0.2,2.283554777,2.328136721,2.813155431,0,3128,3910,5,1,1,1,1,0.08,world,2.277693957,13.86521958,18.89767239
581.232,ours,1,0,0,0.2,2.283094386,2.329012548,2.799328895,0,3128,3910,5,1,1,1,1,0.024,world,2.263570179,13.85763555,18.89731136
581.232,ab3dmot,1,0,0,0.2,2.283547727,2.328056833,2.812568751,0,3132,3915,5,1,1,1,1,0.1,world,2.264722168,13.86126432,18.89676828
581.28,ours,1,0,0,0.2,2.28289935,2.328921364,2.79870272,0,3132,3915,5,1,1,1,1,0.02,world,2.256488201,13.85589594,18.89780411
581.28,ab3dmot,1,0,0,0.2,2.283525391,2.327966615,2.811982071,0,3136,3920,5,1,1,1,1,0.08,world,2.256218683,13.86040685,18.89939687
581.312,ours,1,0,0,0.2,2.282784036,2.328819572,2.798076546,0,3136,3920,5,1,1,1,1,0.012,world,2.247701954,13.85451922,18.90077804
581.312,ab3dmot,1,0,0,0.2,2.283503055,2.327866448,2.811395391,0,3140,3925,5,1,1,1,1,0.08,world,2.247962408,13.85935483,18.90168133
581.364,ours,1,0,0,0.2,2.282668722,2.328700746,2.797450371,0,3140,3925,5,1,1,1,1,0.004,world,2.233596508,13.85144839,18.90204024
581.364,ab3dmot,1,0,0,0.2,2.283463506,2.327748909,2.810808711,0,3144,3930,5,1,1,1,1,0.068,world,2.233573252,13.85666443,18.90340637
581.4,ours,1,0,0,0.2,2.282392199,2.328574185,2.796824196,0,3144,3930,5,1,1,1,1,0.004,world,2.227005658,13.84936977,18.9020121
581.4,ab3dmot,1,0,0,0.2,2.283423958,2.327623815,2.810222031,0,3148,3935,5,1,1,1,1,0.072,world,2.227127827,13.85471947,18.90318693
581.464,ours,1,0,0,0.2,2.282115676,2.328439719,2.796198021,0,3148,3935,5,1,1,1,1,0.008,world,2.220232603,13.84757132,18.90236596
581.464,ab3dmot,1,0,0,0.2,2.283363393,2.327489182,2.809635351,0,3152,3940,5,1,1,1,1,0.068,world,2.219002133,13.85346831,18.90546097
581.5,ours,1,0,0,0.2,2.281982545,2.328296227,2.795571847,0,3152,3940,5,1,1,1,1,0.004,world,2.212484223,13.84600261,18.90419448
581.5,ab3dmot,1,0,0,0.2,2.283302827,2.327346771,2.809048671,0,3156,3945,5,1,1,1,1,0.072,world,2.212278263,13.85154937,18.90575491
581.572,ours,1,0,0,0.2,2.281849414,2.328137976,2.794945672,0,3156,3945,5,1,1,1,1,0.012,world,2.199900415,13.84234842,18.90394906
581.572,ab3dmot,1,0,0,0.2,2.283178389,2.327189684,2.808461991,0,3160,3950,5,1,1,1,1,0.108,world,2.199755182,13.84787874,18.90539022
581.6,ours,1,0,0,0.2,2.281717301,2.327973173,2.794319497,0,3160,3950,5,1,1,1,1,0.004,world,2.194088564,13.84075434,18.90333422
581.6,ab3dmot,1,0,0,0.2,2.28305395,2.327027485,2.807875311,0,3164,3955,5,1,1,1,1,0.072,world,2.195148871,13.84550343,18.90299418
581.664,ours,1,0,0,0.2,2.281585188,2.327790814,2.793693322,0,3164,3955,5,1,1,1,1,0.008,world,2.178964118,13.83896383,18.90747922
581.664,ab3dmot,1,0,0,0.2,2.282978021,2.326838784,2.807288631,0,3168,3960,5,1,1,1,1,0.068,world,2.172448237,13.84860964,18.91842594
581.7,ours,1,0,0,0.2,2.28144165,2.327591094,2.793067148,0,3168,3960,5,1,1,1,1,0.012,world,2.163846369,13.84402832,18.92120609
581.7,ab3dmot,1,0,0,0.2,2.282902092,2.326635641,2.806701951,0,3172,3965,5,1,1,1,1,0.072,world,2.159753862,13.8524981,18.92867088
581.76,ours,1,0,0,0.2,2.281298113,2.327378465,2.792440973,0,3172,3965,5,1,1,1,1,0.036,world,2.152390091,13.84072154,18.92054895
581.76,ab3dmot,1,0,0,0.2,2.282866467,2.326413087,2.806115271,0,3176,3970,5,1,1,1,1,0.1,world,2.142662627,13.85350415,18.93660327
581.792,ours,1,0,0,0.2,2.280925024,2.327155665,2.791814798,0,3176,3970,5,1,1,1,1,0.008,world,2.143196073,13.84701089,18.93439139
581.792,ab3dmot,1,0,0,0.2,2.282830842,2.326184005,2.805528591,0,3180,3975,5,1,1,1,1,0.1,world,2.13655509,13.85707468,18.94566658
581.86,ours,1,0,0,0.2,2.280551936,2.326914684,2.791188623,0,3180,3975,5,1,1,1,1,0.06,world,2.126975435,13.84716439,18.94133104
581.86,ab3dmot,1,0,0,0.2,2.282566222,2.325935384,2.804941911,0,3184,3980,5,1,1,1,1,0.136,world,2.11907208,13.85795054,18.9544482
581.9,ours,1,0,0,0.2,2.280437702,2.32665731,2.790562449,0,3184,3980,5,1,1,1,1,0.008,world,2.112145007,13.85160916,18.95506003
581.9,ab3dmot,1,0,0,0.2,2.282301603,2.325662,2.804355231,0,3188,3985,5,1,1,1,1,0.076,world,2.096772411,13.86702886,18.97939266
581.992,ours,1,0,0,0.2,2.280323468,2.326370753,2.789936274,0,3188,3985,5,1,1,1,1,0.036,world,2.085820679,13.85426458,18.96982418
581.992,ab3dmot,1,0,0,0.2,2.28222297,2.32535041,2.803768551,0,3192,3990,5,1,1,1,1,0.068,world,2.062094025,13.87610033,19.0070483
582.076,ours,1,0,0,0.2,2.280046136,2.326061052,2.789310099,0,3192,3990,5,1,1,1,1,0.04,world,2.064507707,13.85953894,18.98612475
582.076,ab3dmot,1,0,0,0.2,2.282144337,2.325022977,2.803181871,0,3196,3995,5,1,1,1,1,0.084,world,2.047103069,13.87470211,19.01321593
582.156,ours,1,0,0,0.2,2.279768804,2.325726097,2.788683924,0,3196,3995,5,1,1,1,1,0.036,world,2.040982073,13.86014899,18.99857541
582.156,ab3dmot,1,0,0,0.2,2.282140297,2.32467473,2.802595191,0,3200,4000,5,1,1,1,1,0.1,world,2.027396508,13.87199554,19.01959694
582.256,ours,1,0,0,0.2,2.279646302,2.325371663,2.788057749,0,3200,4000,5,1,1,1,1,0.056,world,2.02242336,13.86227924,19.01195372
582.256,ab3dmot,1,0,0,0.2,2.282136258,2.324307254,2.802008511,0,3204,4005,5,1,1,1,1,0.1,world,2.008903008,13.87333553,19.03270822
582.312,ours,1,0,0,0.2,2.2795238,2.32499667,2.787431575,0,3204,4005,5,1,1,1,1,0.024,world,2.002629013,13.86552498,19.02794586
582.312,ab3dmot,1,0,0,0.2,2.282000445,2.323924244,2.801441242,0,3208,4010,5,1,1,1,1,0.092,world,1.993636929,13.87338116,19.04175925
582.4,ours,1,0,0,0.2,2.279431684,2.324606976,2.786539102,0,3208,4010,5,1,1,1,1,0.024,world,1.988077038,13.86562218,19.03678707
582.4,ab3dmot,1,0,0,0.2,2.281864631,2.323525847,2.800873974,0,3212,4015,5,1,1,1,1,0.08,world,1.978344335,13.87167412,19.05161782
582.484,ours,1,0,0,0.2,2.279339568,2.324207691,2.78564663,0,3212,4015,5,1,1,1,1,0.032,world,1.978198199,13.85862908,19.03350238
582.484,ab3dmot,1,0,0,0.2,2.281846609,2.323138838,2.800306706,0,3216,4020,5,1,1,1,1,0.064,world,1.988199661,13.84816743,19.01886343
582.564,ours,1,0,0,0.2,2.278905306,2.32381353,2.784754157,0,3216,4020,5,1,1,1,1,0.056,world,1.982159381,13.84507853,19.0169515
582.564,ab3dmot,1,0,0,0.2,2.281828586,2.322756463,2.799739438,0,3220,4025,5,1,1,1,1,0.08,world,1.991711447,13.83661212,19.00314989
582.652,ours,1,0,0,0.2,2.278471044,2.323420193,2.783861685,0,3220,4025,5,1,1,1,1,0.052,world,1.982076813,13.83662079,19.00742986
582.652,ab3dmot,1,0,0,0.2,2.281528295,2.322374725,2.799172169,0,3224,4030,5,1,1,1,1,0.1,world,1.991476496,13.82909727,18.99385912
582.724,ours,1,0,0,0.2,2.278200597,2.323015576,2.782969212,0,3224,4030,5,1,1,1,1,0.028,world,1.970527798,13.83626382,19.01605008
582.724,ab3dmot,1,0,0,0.2,2.281228004,2.321979526,2.798604901,0,3228,4035,5,1,1,1,1,0.072,world,1.977933682,13.82999228,19.00558389
582.8,ours,1,0,0,0.2,2.27793015,2.322603068,2.78207674,0,3228,4035,5,1,1,1,1,0.016,world,1.962116793,13.83554929,19.02051709
582.8,ab3dmot,1,0,0,0.2,2.280568149,2.321576507,2.798037633,0,3232,4040,5,1,1,1,1,0.052,world,1.969635526,13.82887276,19.01014198
582.896,ours,1,0,0,0.2,2.277811034,2.322184302,2.781184267,0,3232,4040,5,1,1,1,1,0.032,world,1.955213562,13.83227411,19.02009294
582.896,ab3dmot,1,0,0,0.2,2.279908293,2.321165638,2.797470364,0,3236,4045,5,1,1,1,1,0.048,world,1.961249999,13.82710117,19.01176133
582.98,ours,1,0,0,0.2,2.277691918,2.321761164,2.780291795,0,3236,4045,5,1,1,1,1,0.036,world,1.950084478,13.83122692,19.02163164
582.98,ab3dmot,1,0,0,0.2,2.279745696,2.320751129,2.796903096,0,3240,4050,5,1,1,1,1,0.132,world,1.956853634,13.82611387,19.01196361
583.076,ours,1,0,0,0.2,2.277576147,2.32133194,2.779399322,0,3240,4050,5,1,1,1,1,0.06,world,1.943272388,13.83019534,19.02422234
583.076,ab3dmot,1,0,0,0.2,2.279583098,2.320327801,2.796335828,0,3244,4055,5,1,1,1,1,0.096,world,1.947437968,13.82583184,19.01906355
583.152,ours,1,0,0,0.2,2.277460376,2.320903548,2.77850685,0,3244,4055,5,1,1,1,1,0.052,world,1.943128053,13.82534397,19.02184989
583.152,ab3dmot,1,0,0,0.2,2.279542361,2.319908351,2.79576856,0,3248,4060,5,1,1,1,1,0.104,world,1.950253034,13.82023091,19.01165265
583.212,ours,1,0,0,0.2,2.277241139,2.320478622,2.777614377,0,3248,4060,5,1,1,1,1,0.024,world,1.945541366,13.82096467,19.01564649
583.212,ab3dmot,1,0,0,0.2,2.279501623,2.319493365,2.795201291,0,3252,4065,5,1,1,1,1,0.068,world,1.953641595,13.81559199,19.00379863
583.212,sort,0.2065217391,7,1,0.1657718121,12.89052096,12.89976883,13.49965076,22,1214,1490,5,1,1,1,1,0.1,world,12.03943877,20.65908998,24.75264514
583.3,ours,1,0,0,0.2,2.277021902,2.320054751,2.776721905,0,3252,4065,5,1,1,1,1,0.024,world,1.945625678,13.81863837,19.01385192
583.3,ab3dmot,1,0,0,0.2,2.279030205,2.319079954,2.794634023,0,3256,4070,5,1,1,1,1,0.056,world,1.95425012,13.81266543,19.00148605
583.3,sort,0.2057761733,7,1,0.1658862876,12.88948754,12.89566027,13.49900391,22,1218,1495,5,1,1,1,1,0.088,world,11.70670621,19.77814543,23.49042978
583.396,ours,1,0,0,0.2,2.276943824,2.319630844,2.775829433,0,3256,4070,5,1,1,1,1,0.036,world,1.944654911,13.81750653,19.01397198
583.396,ab3dmot,1,0,0,0.2,2.278558786,2.318664923,2.794066755,0,3260,4075,5,1,1,1,1,0.088,world,1.951771985,13.81289554,19.00350594
583.396,sort,0.2050359712,7,1,0.166,12.88812886,12.89156029,13.49835705,22,1222,1500,5,1,1,1,1,0.12,world,11.70067996,19.77034698,23.48144167
583.476,ours,1,0,0,0.2,2.276865745,2.319207287,2.77493696,0,3260,4075,5,1,1,1,1,0.036,world,1.944059,13.81743282,19.01507106
583.476,ab3dmot,1,0,0,0.2,2.278126371,2.318249263,2.793499486,0,3264,4080,5,1,1,1,1,0.132,world,1.950247616,13.81370255,19.00571178
583.476,sort,0.2043010753,7,1,0.1661129568,12.88677018,12.88747436,13.49771019,22,1226,1505,5,1,1,1,1,0.132,world,11.69636333,19.76150246,23.46959548
583.572,ours,1,0,0,0.2,2.276545821,2.318784907,2.774044488,0,3264,4080,5,1,1,1,1,0.064,world,1.944269511,13.81816951,19.0162474
583.572,ab3dmot,1,0,0,0.2,2.277693957,2.317834765,2.792932218,0,3268,4085,5,1,1,1,1,0.228,world,1.950459668,13.81444004,19.00688875
583.572,sort,0.2035714286,7,1,0.1662251656,12.8832241,12.88340042,13.49706333,22,1230,1510,5,1,1,1,1,0.128,world,11.69145109,19.74942623,23.4528923
583.656,ours,1,0,0,0.2,2.276225897,2.318364335,2.773152015,0,3268,4085,5,1,1,1,1,0.052,world,1.945097749,13.8188877,19.01712527
583.656,ab3dmot,1,0,0,0.2,2.277440253,2.317422057,2.79236495,0,3272,4090,5,1,1,1,1,0.312,world,1.951286761,13.81515832,19.00776709
583.656,sort,0.2028469751,7,1,0.1663366337,12.87967802,12.87924936,13.49641648,22,1234,1515,5,1,1,1,1,0.116,world,11.65895645,19.67401223,23.35353742
583.7,ours,1,0,0,0.2,2.276149343,2.317931363,2.772259543,0,3272,4090,5,1,1,1,1,0.02,world,1.932038009,13.8253132,19.04133247
583.7,ab3dmot,1,0,0,0.2,2.277186548,2.316988556,2.791797682,0,3276,4095,5,1,1,1,1,0.06,world,1.930039714,13.82684509,19.04403815
583.7,sort,0.2021276596,7,1,0.1664473684,12.87640437,12.87510759,13.49525043,22,1238,1520,5,1,1,1,1,0.092,world,11.65309058,19.65705438,23.32979189
583.784,ours,1,0,0,0.2,2.27607279,2.317499884,2.77136707,0,3276,4095,5,1,1,1,1,0.02,world,1.932545033,13.82740888,19.04746397
583.784,ab3dmot,1,0,0,0.2,2.277085746,2.316546881,2.791230413,0,3280,4100,5,1,1,1,1,0.08,world,1.921013472,13.83396585,19.06701806
583.784,sort,0.2014134276,7,1,0.166557377,12.87313073,12.87098484,13.49408438,22,1242,1525,5,1,1,1,1,0.112,world,11.65029713,19.64578171,23.31391183
583.864,ours,1,0,0,0.2,2.275979883,2.31706149,2.770474598,0,3280,4100,5,1,1,1,1,0.04,world,1.924775527,13.83481693,19.06530738
583.864,ab3dmot,1,0,0,0.2,2.276984944,2.316092765,2.790663145,0,3284,4105,5,1,1,1,1,0.096,world,1.907670577,13.84813889,19.08853144
583.864,sort,0.2007042254,7,1,0.1666666667,12.87135223,12.86686956,13.49291834,22,1246,1530,5,1,1,1,1,0.096,world,11.64394373,19.62290852,23.28116222
583.952,ours,1,0,0,0.2,2.275886976,2.316604773,2.769582125,0,3284,4105,5,1,1,1,1,0.048,world,1.905599932,13.85427327,19.09582642
583.952,ab3dmot,1,0,0,0.2,2.276929654,2.315624756,2.790502021,0,3288,4110,5,1,1,1,1,0.112,world,1.892735522,13.86470098,19.11362329
583.952,sort,0.2,7,1,0.1667752443,12.86957373,12.8627147,13.49175229,22,1250,1535,5,1,1,1,1,0.112,world,11.62277902,19.63885315,23.3262434
584.024,ours,1,0,0,0.2,2.274401492,2.316145175,2.768920391,0,3288,4110,5,1,1,1,1,0.024,world,1.901698148,13.86068974,19.10921382
584.024,ab3dmot,1,0,0,0.2,2.276874364,2.315151214,2.790340896,0,3292,4115,5,1,1,1,1,0.088,world,1.886104521,13.87281621,19.13168788
584.024,sort,0.1993006993,7,1,0.1668831169,12.86777689,12.85856404,13.49058625,22,1254,1540,5,1,1,1,1,0.088,world,11.61533449,19.62245572,23.30563841
584.1,ours,1,0,0,0.2,2.272916007,2.315687724,2.768258657,0,3292,4115,5,1,1,1,1,0.032,world,1.902820417,13.86691185,19.1198705
584.1,ab3dmot,1,0,0,0.2,2.276103423,2.314680207,2.790179772,0,3296,4120,5,1,1,1,1,0.064,world,1.88760216,13.87819367,19.14290308
584.1,sort,0.1986062718,7,1,0.1669902913,12.86598005,12.85444023,13.4894202,22,1258,1545,5,1,1,1,1,0.096,world,11.61509796,19.61603197,23.29692759
584.184,ours,1,0,0,0.2,2.272853222,2.315231941,2.767596923,0,3296,4120,5,1,1,1,1,0.036,world,1.903469135,13.87160378,19.12873283
584.184,ab3dmot,1,0,0,0.2,2.275332481,2.31421254,2.790018647,0,3300,4125,5,1,1,1,1,0.084,world,1.889920551,13.88172619,19.14932184
584.184,sort,0.1979166667,7,1,0.1670967742,12.86350305,12.85033874,13.48825415,22,1262,1550,5,1,1,1,1,0.116,world,11.61349907,19.60793461,23.28601454
584.264,ours,1,0,0,0.2,2.272790437,2.31477676,2.766935189,0,3300,4125,5,1,1,1,1,0.028,world,1.903055505,13.87753546,19.14048742
584.264,ab3dmot,1,0,0,0.2,2.274984786,2.313749828,2.789857523,0,3304,4130,5,1,1,1,1,0.096,world,1.893877097,13.88451182,19.15438123
584.264,sort,0.1972318339,7,1,0.1672025723,12.86102604,12.84625998,13.48708811,22,1266,1555,5,1,1,1,1,0.128,world,11.61210907,19.59928085,23.2741356
584.352,ours,1,0,0,0.2,2.272094468,2.314327904,2.766273455,0,3304,4130,5,1,1,1,1,0.036,world,1.908383222,13.88336958,19.15036509
584.352,ab3dmot,1,0,0,0.2,2.274637091,2.313296629,2.789696398,0,3308,4135,5,1,1,1,1,0.116,world,1.902430374,13.8881095,19.15904329
584.352,sort,0.1965517241,7,1,0.1673076923,12.8574695,12.84220638,13.48592206,22,1270,1560,5,1,1,1,1,0.12,world,11.61156497,19.58740227,23.25719624
584.432,ours,1,0,0,0.2,2.271398499,2.313880319,2.765611721,0,3308,4135,5,1,1,1,1,0.032,world,1.908656044,13.89045851,19.16323986
584.432,ab3dmot,1,0,0,0.2,2.274592652,2.312845742,2.789535274,0,3312,4140,5,1,1,1,1,0.1,world,1.903744678,13.89440606,19.17042903
584.432,sort,0.1958762887,7,1,0.1674121406,12.85391296,12.83816963,13.48475602,22,1274,1565,5,1,1,1,1,0.1,world,11.60843043,19.57318901,23.23767989
584.52,ours,1,0,0,0.2,2.271300241,2.313432814,2.764949987,0,3312,4140,5,1,1,1,1,0.04,world,1.907738174,13.89948259,19.17801366
584.52,ab3dmot,1,0,0,0.2,2.274548212,2.312390761,2.789374149,0,3316,4145,5,1,1,1,1,0.088,world,1.898608181,13.90673506,19.19200345
584.52,sort,0.1952054795,7,1,0.1675159236,12.85124121,12.83435817,13.48358997,22,1278,1570,5,1,1,1,1,0.12,world,11.67246783,19.68956963,23.39900765
584.596,ours,1,0,0,0.2,2.271201984,2.312987611,2.764288253,0,3316,4145,5,1,1,1,1,0.028,world,1.909053398,13.90725732,19.19061134
584.596,ab3dmot,1,0,0,0.2,2.273807077,2.311937649,2.789213025,0,3320,4150,5,1,1,1,1,0.064,world,1.899479071,13.91445134,19.20677555
584.596,sort,0.1945392491,7,1,0.1676190476,12.84856946,12.83062838,13.48242392,22,1282,1575,5,1,1,1,1,0.132,world,11.69073561,19.71390289,23.43107984
584.68,ours,1,0,0,0.2,2.271119893,2.312551185,2.763626519,0,3320,4150,5,1,1,1,1,0.04,world,1.916868525,13.91528758,19.20227144
584.68,ab3dmot,1,0,0,0.2,2.273065942,2.311501893,2.7890519,0,3324,4155,5,1,1,1,1,0.084,world,1.915945404,13.91551974,19.20530566
584.68,sort,0.193877551,7,1,0.167721519,12.84677355,12.82698599,13.48125788,22,1286,1580,5,1,1,1,1,0.12,world,11.71107332,19.73244777,23.45320785
584.76,ours,1,0,0,0.2,2.271037801,2.312123788,2.762964785,0,3324,4155,5,1,1,1,1,0.064,world,1.924931917,13.91861014,19.20792223
584.76,ab3dmot,1,0,0,0.2,2.273008859,2.311073017,2.788890776,0,3328,4160,5,1,1,1,1,0.1,world,1.921871419,13.92076647,19.21394965
584.76,sort,0.193220339,7,1,0.1678233438,12.84497763,12.82340731,13.48009183,22,1290,1585,5,1,1,1,1,0.1,world,11.72399857,19.74489318,23.46866932
584.8,ours,1,0,0,0.2,2.270739676,2.311703304,2.762303051,0,3328,4160,5,1,1,1,1,0.004,world,1.930881551,13.91882234,19.20847428
584.8,ab3dmot,1,0,0,0.2,2.272951775,2.310660181,2.788729651,0,3332,4165,5,1,1,1,1,0.072,world,1.936925368,13.91366044,19.20013048
584.8,sort,0.1925675676,7,1,0.1679245283,12.84423816,12.81987675,13.47892579,22,1294,1590,5,1,1,1,1,0.072,world,11.7320683,19.75288513,23.47864627
584.86,ours,1,0,0,0.2,2.27044155,2.311296267,2.761641317,0,3332,4165,5,1,1,1,1,0.04,world,1.943319673,13.91984436,19.20666236
584.86,ab3dmot,1,0,0,0.2,2.272262341,2.310255722,2.788568527,0,3336,4170,5,1,1,1,1,0.096,world,1.944332427,13.91877707,19.20614739
584.86,sort,0.1919191919,7,1,0.1680250784,12.84349869,12.81640894,13.47775974,22,1298,1595,5,1,1,1,1,0.096,world,11.74501523,19.76487002,23.49154501
584.9,ours,1,0,0,0.2,2.270303733,2.310891332,2.760979583,0,3336,4170,5,1,1,1,1,0.004,world,1.944505448,13.92446144,19.21474331
584.9,ab3dmot,1,0,0,0.2,2.271572906,2.309853378,2.788407402,0,3340,4175,5,1,1,1,1,0.072,world,1.945539823,13.92349855,19.21365348
584.9,sort,0.1912751678,7,1,0.168125,12.83785398,12.8131257,13.47659369,22,1302,1600,5,1,1,1,1,0.072,world,11.79763972,19.98384745,23.82599502
584.968,ours,1,0,0,0.2,2.270165915,2.310495885,2.760317849,0,3340,4175,5,1,1,1,1,0.04,world,1.953009748,13.92947228,19.21979151
584.968,ab3dmot,1,0,0,0.2,2.27100489,2.309460868,2.788246278,0,3344,4180,5,1,1,1,1,0.108,world,1.9543915,13.92821976,19.21813436
584.968,sort,0.1906354515,7,1,0.1682242991,12.83220927,12.81002994,13.47542765,22,1306,1605,5,1,1,1,1,0.112,world,11.85151925,20.1520116,24.0743513
585.024,ours,1,0,0,0.2,2.269510297,2.310101266,2.759656115,0,3344,4180,5,1,1,1,1,0.024,world,1.952959105,13.93568271,19.22967764
585.024,ab3dmot,1,0,0,0.2,2.270436873,2.309069906,2.788085153,0,3348,4185,5,1,1,1,1,0.096,world,1.955061598,13.93402838,19.22582238
585.024,sort,0.19,7,1,0.1683229814,12.83167146,12.80710089,13.4742616,22,1310,1610,5,1,1,1,1,0.096,world,11.8990221,20.30475537,24.30129192
585.096,ours,1,0,0,0.2,2.26885468,2.309714588,2.758994381,0,3348,4185,5,1,1,1,1,0.032,world,1.959940052,13.94278718,19.23761716
585.096,ab3dmot,1,0,0,0.2,2.270172931,2.30868434,2.787924029,0,3352,4190,5,1,1,1,1,0.072,world,1.959536984,13.9434134,19.23695551
585.096,sort,0.1893687708,7,1,0.1684210526,12.83113365,12.80435202,13.47309556,22,1314,1615,5,1,1,1,1,0.108,world,11.95118026,20.44206221,24.49959231
585.192,ours,1,0,0,0.2,2.268473428,2.309343896,2.758332647,0,3352,4190,5,1,1,1,1,0.04,world,1.974821148,13.95045347,19.24372137
585.192,ab3dmot,1,0,0,0.2,2.269908989,2.308320334,2.787762904,0,3356,4195,5,1,1,1,1,0.1,world,1.979895042,13.94632438,19.23451657
585.192,sort,0.1887417219,7,1,0.1685185185,12.82990421,12.80179968,13.47289519,22,1318,1620,5,1,1,1,1,0.132,world,12.00891325,20.56970534,24.67846799
585.256,ours,1,0,0,0.2,2.268092176,2.308990848,2.757670913,0,3356,4195,5,1,1,1,1,0.056,world,1.991251798,13.95027285,19.23855902
585.256,ab3dmot,1,0,0,0.2,2.269416907,2.307978955,2.78760178,0,3360,4200,5,1,1,1,1,0.096,world,2.001145248,13.94207521,19.22132591
585.256,sort,0.1881188119,7,1,0.1686153846,12.82867476,12.79944743,13.47269483,22,1322,1625,5,1,1,1,1,0.096,world,12.06810798,20.70387591,24.86800058
585.324,ours,1,0,0,0.2,2.267099834,2.308660575,2.757009179,0,3360,4200,5,1,1,1,1,0.024,world,2.01255252,13.94622695,19.22581076
585.324,ab3dmot,1,0,0,0.2,2.268924826,2.307659831,2.787440655,0,3364,4205,5,1,1,1,1,0.1,world,2.021881442,13.93858966,19.20923468
585.324,sort,0.1875,7,1,0.1687116564,12.8281915,12.79705211,13.47249447,22,1326,1630,5,1,1,1,1,0.1,world,12.04936048,20.62324538,24.74551396
585.4,ours,1,0,0,0.2,2.266107491,2.308349957,2.756347445,0,3364,4205,5,1,1,1,1,0.028,world,2.030718034,13.94514724,19.21838237
585.4,ab3dmot,1,0,0,0.2,2.268766356,2.307366458,2.786454444,0,3368,4210,5,1,1,1,1,0.076,world,2.045798293,13.93268242,19.19244014
585.4,sort,0.1868852459,7,1,0.1688073394,12.82770823,12.79483698,13.4722941,22,1330,1635,5,1,1,1,1,0.076,world,12.10265564,20.73900777,24.9073205
585.456,ours,1,0,0,0.2,2.266055904,2.308049499,2.756060877,0,3368,4210,5,1,1,1,1,0.036,world,2.039753277,13.94477352,19.21462754
585.456,ab3dmot,1,0,0,0.2,2.268607886,2.307083777,2.785468234,0,3372,4215,5,1,1,1,1,0.1,world,2.055314786,13.93192772,19.18777553
585.456,sort,0.1862745098,7,1,0.168902439,12.82718193,12.79247155,13.47209374,22,1334,1640,5,1,1,1,1,0.1,world,12.04936776,20.57699685,24.66905012
585.496,ours,1,0,0,0.2,2.266004316,2.307765073,2.755774309,0,3372,4215,5,1,1,1,1,0.008,world,2.054349988,13.93981819,19.20134897
585.496,ab3dmot,1,0,0,0.2,2.268326114,2.306814784,2.784482023,0,3376,4220,5,1,1,1,1,0.08,world,2.067640925,13.92900015,19.17803525
585.496,sort,0.1856677524,7,1,0.1689969605,12.82665563,12.79001391,13.47189338,22,1338,1645,5,1,1,1,1,0.08,world,12.01438429,20.45783889,24.49150939
585.556,ours,1,0,0,0.2,2.26568553,2.307494232,2.755487742,0,3376,4220,5,1,1,1,1,0.02,world,2.066586314,13.94426432,19.2036678
585.556,ab3dmot,1,0,0,0.2,2.268044342,2.306562925,2.783495812,0,3380,4225,5,1,1,1,1,0.1,world,2.083164167,13.93069753,19.17446881
585.556,sort,0.1850649351,7,1,0.1690909091,12.82385618,12.78751154,13.47169302,22,1342,1650,5,1,1,1,1,0.068,world,11.99462645,20.35891798,24.33855224
585.588,ours,1,0,0,0.2,2.265366745,2.307236705,2.755201174,0,3380,4225,5,1,1,1,1,0,world,2.078537629,13.94168398,19.19483166
585.588,ab3dmot,1,0,0,0.2,2.267705297,2.306324813,2.782509601,0,3384,4230,5,1,1,1,1,0.068,world,2.095471425,13.92791431,19.16494794
585.588,sort,0.1844660194,7,1,0.16918429,12.82105673,12.784968,13.47149265,22,1346,1655,5,1,1,1,1,0.068,world,11.97587938,20.27570884,24.21075575
585.652,ours,1,0,0,0.2,2.265184306,2.306996303,2.754914606,0,3384,4230,5,1,1,1,1,0.028,world,2.094014031,13.94365238,19.19188217
585.652,ab3dmot,1,0,0,0.2,2.267366252,2.306104035,2.781523391,0,3388,4235,5,1,1,1,1,0.096,world,2.111069117,13.92978653,19.16146241
585.652,sort,0.1838709677,7,1,0.1692771084,12.81539583,12.78242649,13.47129229,22,1350,1660,5,1,1,1,1,0.096,world,11.97128484,20.21537738,24.11278306
585.692,ours,1,0,0,0.2,2.265001868,2.306773511,2.754628039,0,3388,4235,5,1,1,1,1,0.004,world,2.109880216,13.93799289,19.17599235
585.692,ab3dmot,1,0,0,0.2,2.266773942,2.305897743,2.78053718,0,3392,4240,5,1,1,1,1,0.072,world,2.12398563,13.92668253,19.15069008
585.692,sort,0.1832797428,7,1,0.1693693694,12.80973494,12.77991325,13.47109193,22,1354,1665,5,1,1,1,1,0.072,world,11.97541212,20.20960618,24.10132774
585.736,ours,1,0,0,0.2,2.264286023,2.306560945,2.754341471,0,3392,4240,5,1,1,1,1,0.032,world,2.118872691,13.9380748,19.17203902
585.736,ab3dmot,1,0,0,0.2,2.266181632,2.3057014,2.779550969,0,3396,4245,5,1,1,1,1,0.084,world,2.132704635,13.92704096,19.14703254
585.736,sort,0.1826923077,7,1,0.1694610778,12.80846081,12.77743376,13.47089156,22,1358,1670,5,1,1,1,1,0.084,world,11.98144186,20.20921928,24.09742472
585.784,ours,1,0,0,0.2,2.263570179,2.306361018,2.754054903,0,3396,4245,5,1,1,1,1,0.024,world,2.130078328,13.93645539,19.16383499
585.784,ab3dmot,1,0,0,0.2,2.265978628,2.305516823,2.778564758,0,3400,4250,5,1,1,1,1,0.064,world,2.143083144,13.92624414,19.13998082
585.784,sort,0.1821086262,7,1,0.1695522388,12.80718669,12.77498155,13.4706912,22,1362,1675,5,1,1,1,1,0.064,world,11.98542101,20.20275858,24.08493612
585.804,ours,1,0,0,0.2,2.263379362,2.306170525,2.753768336,0,3400,4250,5,1,1,1,1,0.004,world,2.138327672,13.93727378,19.16088381
585.804,ab3dmot,1,0,0,0.2,2.265775623,2.305340957,2.777578547,0,3404,4255,5,1,1,1,1,0.052,world,2.150659574,13.92769222,19.13794875
585.804,sort,0.1815286624,7,1,0.1696428571,12.80560232,12.7725627,13.47049084,22,1366,1680,5,1,1,1,1,0.052,world,11.99150971,20.20234326,24.08094285
585.864,ours,1,0,0,0.2,2.263188545,2.305995819,2.753481768,0,3404,4255,5,1,1,1,1,0.012,world,2.152373144,13.94059417,19.16003423
585.864,ab3dmot,1,0,0,0.2,2.265775623,2.305180293,2.776592337,0,3408,4260,5,1,1,1,1,0.048,world,2.164135579,13.93168118,19.13727533
585.864,sort,0.180952381,7,1,0.1697329377,12.80401795,12.77020071,13.47029047,22,1370,1685,5,1,1,1,1,0.084,world,12.00557525,20.20618283,24.08039806
585.9,ours,1,0,0,0.2,2.263157966,2.305829809,2.7531952,0,3408,4260,5,1,1,1,1,0.008,world,2.159935145,13.94215983,19.1585304
585.9,ab3dmot,1,0,0,0.2,2.265775623,2.305026877,2.775606126,0,3412,4265,5,1,1,1,1,0.048,world,2.170379138,13.93432023,19.13804497
585.9,sort,0.1803797468,7,1,0.1698224852,12.80114274,12.76787148,13.47009011,22,1374,1690,5,1,1,1,1,0.084,world,12.0117058,20.20634533,24.07625261
585.956,ours,1,0,0,0.2,2.263127386,2.305672207,2.752908632,0,3412,4265,5,1,1,1,1,0.024,world,2.167234093,13.94372654,19.15757056
585.956,ab3dmot,1,0,0,0.2,2.265437155,2.304879531,2.774619915,0,3416,4270,5,1,1,1,1,0.072,world,2.175561799,13.93766865,19.14057021
585.956,sort,0.1798107256,7,1,0.1699115044,12.79826753,12.76556866,13.46988975,22,1378,1695,5,1,1,1,1,0.072,world,12.01579383,20.19978741,24.06351695
585.992,ours,1,0,0,0.2,2.263073608,2.305522319,2.752622065,0,3416,4270,5,1,1,1,1,0.008,world,2.173906886,13.9459275,19.15731083
585.992,ab3dmot,1,0,0,0.2,2.265098686,2.304737517,2.773633704,0,3420,4275,5,1,1,1,1,0.04,world,2.180083319,13.94162621,19.14411419
585.992,sort,0.179245283,7,1,0.17,12.79247289,12.76329812,13.46968938,22,1382,1700,5,1,1,1,1,0.08,world,12.02193974,20.19924764,24.05926229
586.048,ours,1,0,0,0.2,2.26301983,2.305387132,2.752335497,0,3420,4275,5,1,1,1,1,0.032,world,2.186889042,13.95028321,19.15855896
586.048,ab3dmot,1,0,0,0.2,2.264910427,2.304609771,2.772647493,0,3424,4280,5,1,1,1,1,0.096,world,2.192664856,13.94616075,19.14637152
586.048,sort,0.1786833856,7,1,0.1700879765,12.78667825,12.76108237,13.46948902,22,1386,1705,5,1,1,1,1,0.096,world,12.03580191,20.20276267,24.05721486
586.084,ours,1,0,0,0.2,2.262310576,2.305259391,2.752048929,0,3424,4280,5,1,1,1,1,0,world,2.193319426,13.95252156,19.15918031
586.084,ab3dmot,1,0,0,0.2,2.264722168,2.304486958,2.771661283,0,3428,4285,5,1,1,1,1,0.068,world,2.196842257,13.95042619,19.15049412
586.084,sort,0.178125,7,1,0.1701754386,12.7837618,12.75889283,13.46928866,22,1390,1710,5,1,1,1,1,0.068,world,12.04012471,20.19675045,24.04519668
586.148,ours,1,0,0,0.2,2.261601322,2.305138374,2.751762362,0,3428,4285,5,1,1,1,1,0.04,world,2.19910647,13.95553527,19.1601413
586.148,ab3dmot,1,0,0,0.2,2.264589556,2.304369762,2.770675072,0,3432,4290,5,1,1,1,1,0.1,world,2.201639873,13.95415446,19.15359623
586.148,sort,0.1775700935,7,1,0.1702623907,12.78084535,12.75673454,13.46908829,22,1394,1715,5,1,1,1,1,0.1,world,12.04623813,20.1960641,24.04070066
586.192,ours,1,0,0,0.2,2.261561716,2.305031673,2.751475794,0,3432,4290,5,1,1,1,1,0.012,world,2.211697511,13.96036995,19.16109904
586.192,ab3dmot,1,0,0,0.2,2.264456944,2.304265276,2.769688861,0,3436,4295,5,1,1,1,1,0.08,world,2.212799538,13.96087546,19.15563793
586.192,sort,0.1770186335,7,1,0.1703488372,12.77989103,12.75455474,13.46797584,22,1398,1720,5,1,1,1,1,0.08,world,12.03444996,20.08988299,23.86679431
586.24,ours,1,0,0,0.2,2.261522109,2.304931498,2.751189226,0,3436,4295,5,1,1,1,1,0.036,world,2.217313893,13.96373819,19.16167
586.24,ab3dmot,1,0,0,0.2,2.264393338,2.304166099,2.76870265,0,3440,4300,5,1,1,1,1,0.092,world,2.217334435,13.96478145,19.15921796
586.24,sort,0.1764705882,7,1,0.1704347826,12.77893671,12.75238536,13.46686339,22,1402,1725,5,1,1,1,1,0.092,world,12.03352541,20.05070666,23.80022604
586.284,ours,1,0,0,0.2,2.261372919,2.304837602,2.750902659,0,3440,4300,5,1,1,1,1,0.02,world,2.222716599,13.96684736,19.16369609
586.284,ab3dmot,1,0,0,0.2,2.264329732,2.304070118,2.76771644,0,3444,4305,5,1,1,1,1,0.072,world,2.219990991,13.97044679,19.16577205
586.284,sort,0.1759259259,7,1,0.1705202312,12.77696382,12.75023249,13.46575094,22,1406,1730,5,1,1,1,1,0.072,world,12.03471913,20.02147663,23.74974352
586.324,ours,1,0,0,0.2,2.261223729,2.304750027,2.750616091,0,3444,4305,5,1,1,1,1,0.024,world,2.228161951,13.97024044,19.16479905
586.324,ab3dmot,1,0,0,0.2,2.26420543,2.303981114,2.767219047,0,3448,4310,5,1,1,1,1,0.076,world,2.22602815,13.97320013,19.16631386
586.324,sort,0.1753846154,7,1,0.1706051873,12.77499093,12.74810612,13.46463848,22,1410,1735,5,1,1,1,1,0.076,world,12.03940589,20.00870298,23.72507204
586.388,ours,1,0,0,0.2,2.260941908,2.304676459,2.750004544,0,3448,4310,5,1,1,1,1,0.016,world,2.240437992,13.97494604,19.1661471
586.388,ab3dmot,1,0,0,0.2,2.264081129,2.303905303,2.766721654,0,3452,4315,5,1,1,1,1,0.076,world,2.237601724,13.97898567,19.16825194
586.388,sort,0.1748466258,7,1,0.1706896552,12.77205444,12.74603081,13.46352603,22,1414,1740,5,1,1,1,1,0.108,world,12.05264063,20.00535071,23.71116148
586.424,ours,1,0,0,0.2,2.260660087,2.304609705,2.749392997,0,3452,4315,5,1,1,1,1,0.024,world,2.246329769,13.97796397,19.16611361
586.424,ab3dmot,1,0,0,0.2,2.263985682,2.30383603,2.766224261,0,3456,4320,5,1,1,1,1,0.076,world,2.243255357,13.98189365,19.16944146
586.424,sort,0.1743119266,7,1,0.170773639,12.76911796,12.7439789,13.46241358,22,1418,1745,5,1,1,1,1,0.08,world,12.05645482,19.99011974,23.6830861
586.48,ours,1,0,0,0.2,2.260487277,2.30455649,2.74878145,0,3456,4320,5,1,1,1,1,0.016,world,2.258164627,13.98272165,19.16785166
586.48,ab3dmot,1,0,0,0.2,2.263890235,2.303779337,2.765726869,0,3460,4325,5,1,1,1,1,0.068,world,2.254264182,13.98793364,19.17198745
586.48,sort,0.1737804878,7,1,0.1708571429,12.76879921,12.74197554,13.46130112,22,1422,1750,5,1,1,1,1,0.1,world,12.06905679,19.98756374,23.6712086
586.524,ours,1,0,0,0.2,2.260660087,2.304509755,2.748169902,0,3460,4325,5,1,1,1,1,0.024,world,2.263769782,13.98557146,19.16863347
586.524,ab3dmot,1,0,0,0.2,2.263714799,2.303729504,2.765229476,0,3464,4330,5,1,1,1,1,0.112,world,2.260212022,13.99003656,19.17296945
586.524,sort,0.1732522796,7,1,0.1709401709,12.76848046,12.73999189,13.46018867,22,1426,1755,5,1,1,1,1,0.08,world,12.07178134,19.96995068,23.64008064
586.6,ours,1,0,0,0.2,2.260941908,2.304476448,2.747558355,0,3464,4330,5,1,1,1,1,0.032,world,2.275483455,13.98970995,19.17055339
586.6,ab3dmot,1,0,0,0.2,2.263890235,2.303693093,2.764732083,0,3468,4335,5,1,1,1,1,0.188,world,2.27194277,13.9941768,19.17488875
586.6,sort,0.1727272727,7,1,0.1710227273,12.76831842,12.7380544,13.45907622,22,1430,1760,5,1,1,1,1,0.12,world,12.08376635,19.96565738,23.6256432
586.644,ours,1,0,0,0.2,2.261223729,2.304449795,2.746946808,0,3468,4335,5,1,1,1,1,0.036,world,2.281251122,13.99174406,19.17149004
586.644,ab3dmot,1,0,0,0.2,2.263985682,2.303663337,2.76423469,0,3472,4340,5,1,1,1,1,0.232,world,2.277718756,13.99621175,19.1758251
586.644,sort,0.1722054381,7,1,0.1711048159,12.76815638,12.73613597,13.45796376,22,1434,1765,5,1,1,1,1,0.1,world,12.08643623,19.94789867,23.59429073
586.708,ours,1,0,0,0.2,2.261372919,2.304436168,2.746335261,0,3472,4340,5,1,1,1,1,0.012,world,2.292591045,13.99573615,19.17331444
586.708,ab3dmot,1,0,0,0.2,2.264081129,2.303645872,2.763737297,0,3476,4345,5,1,1,1,1,0.264,world,2.288435713,14.00130586,19.17807558
586.708,sort,0.171686747,7,1,0.1711864407,12.768046,12.73425653,13.45685131,22,1438,1770,5,1,1,1,1,0.1,world,12.09612637,19.93377267,23.56475425
586.772,ours,1,0,0,0.2,2.261522109,2.3044348,2.745723714,0,3476,4345,5,1,1,1,1,0.02,world,2.303247626,14.00043918,19.17502551
586.772,ab3dmot,1,0,0,0.2,2.26420543,2.303639792,2.763239905,0,3480,4350,5,1,1,1,1,0.26,world,2.298350101,14.00744491,19.18042996
586.772,sort,0.1741741742,7,1,0.1712676056,12.76793561,12.73241428,13.45573886,22,1442,1775,5,1,1,1,1,0.096,world,12.10529975,19.91802617,23.53280019
586.8,ours,1,0,0,0.2,2.261561716,2.304438244,2.745112167,0,3480,4350,5,1,1,1,1,0.008,world,2.307428962,14.00517902,19.17560404
586.8,ab3dmot,1,0,0,0.2,2.264329732,2.303638547,2.762742512,0,3484,4355,5,1,1,1,1,0.224,world,2.302554886,14.01201372,19.18184553
586.8,sort,0.1766467066,7,1,0.1713483146,12.76792178,12.73059595,13.4546264,22,1446,1780,5,1,1,1,1,0.092,world,12.1099174,19.91071541,23.51773987
586.84,ours,1,0,0,0.2,2.261601322,2.30444585,2.74450062,0,3484,4355,5,1,1,1,1,0.032,world,2.311053685,14.01240299,19.1756004
586.84,ab3dmot,1,0,0,0.2,2.264393338,2.303642331,2.762245119,0,3488,4360,5,1,1,1,1,0.096,world,2.306936032,14.01802769,19.18180715
586.84,sort,0.1791044776,7,1,0.1714285714,12.76790795,12.72879461,13.45351395,22,1450,1785,5,1,1,1,1,0.064,world,12.11216886,19.89129494,23.48382994
586.876,ours,1,0,0,0.2,2.262310576,2.304459346,2.743889072,0,3488,4360,5,1,1,1,1,0.016,world,2.316184308,14.01488837,19.17619972
586.876,ab3dmot,1,0,0,0.2,2.264456944,2.303652167,2.761747726,0,3492,4365,5,1,1,1,1,0.1,world,2.312213224,14.02032638,19.18227731
586.876,sort,0.181547619,7,1,0.1715083799,12.76736912,12.72701647,13.4524015,22,1454,1790,5,1,1,1,1,0.068,world,12.11666466,19.88384483,23.46860127
586.908,ours,1,0,0,0.2,2.26301983,2.304478668,2.743277525,0,3492,4365,5,1,1,1,1,0.012,world,2.321266331,14.01725387,19.17677244
586.908,ab3dmot,1,0,0,0.2,2.264589556,2.303668128,2.761250334,0,3496,4370,5,1,1,1,1,0.068,world,2.317560518,14.02281673,19.18223834
586.908,sort,0.1839762611,7,1,0.1715877437,12.76683029,12.72526112,13.45128904,22,1458,1795,5,1,1,1,1,0.068,world,12.12107903,19.87631573,23.45328545
586.972,ours,1,0,0,0.2,2.263073608,2.304503733,2.742665978,0,3496,4370,5,1,1,1,1,0.032,world,2.326282874,14.01960179,19.17727251
586.972,ab3dmot,1,0,0,0.2,2.264722168,2.303690352,2.760752941,0,3500,4375,5,1,1,1,1,0.096,world,2.323032222,14.02466491,19.18204047
586.972,sort,0.1863905325,7,1,0.1716666667,12.76637651,12.72358186,13.45017659,22,1462,1800,5,1,1,1,1,0.096,world,12.14445413,19.95878504,23.57593031
587.004,ours,1,0,0,0.2,2.263127386,2.304534865,2.742054431,0,3500,4375,5,1,1,1,1,0.008,world,2.331584857,14.02197149,19.17681395
587.004,ab3dmot,1,0,0,0.2,2.264910427,2.303719174,2.760255548,0,3504,4380,5,1,1,1,1,0.064,world,2.328802317,14.02608376,19.1811171
587.004,sort,0.1887905605,7,1,0.1717451524,12.76592273,12.72194831,13.44906414,22,1466,1805,5,1,1,1,1,0.064,world,12.15724143,19.99015994,23.62002477
587.076,ours,1,0,0,0.2,2.263157966,2.304577301,2.741442884,0,3504,4380,5,1,1,1,1,0.024,world,2.341414358,14.02550875,19.177745
587.076,ab3dmot,1,0,0,0.2,2.265098686,2.30376092,2.759758155,0,3508,4385,5,1,1,1,1,0.072,world,2.340043604,14.02802094,19.1796158
587.076,sort,0.1911764706,7,1,0.1718232044,12.76550586,12.72037,13.44795169,22,1470,1810,5,1,1,1,1,0.104,world,12.17353389,20.01367164,23.64907121
587.16,ours,1,0,0,0.2,2.263188545,2.304637189,2.740831337,0,3508,4385,5,1,1,1,1,0.056,world,2.356514286,14.02959296,19.17680833
587.16,ab3dmot,1,0,0,0.2,2.265437155,2.303819816,2.759260763,0,3512,4390,5,1,1,1,1,0.088,world,2.354904657,14.03175567,19.17947479
587.16,sort,0.1935483871,7,1,0.1719008264,12.76508899,12.71885412,13.44683923,22,1474,1815,5,1,1,1,1,0.12,world,12.19253368,20.02873565,23.66223336
587.232,ours,1,0,0,0.2,2.263379362,2.304708011,2.74021979,0,3512,4390,5,1,1,1,1,0.032,world,2.366003201,14.03235673,19.17533823
587.232,ab3dmot,1,0,0,0.2,2.265775623,2.303889853,2.75876337,0,3516,4395,5,1,1,1,1,0.092,world,2.364582524,14.03376721,19.17797326
587.232,sort,0.1959064327,7,1,0.171978022,12.76448204,12.7173773,13.44664613,22,1478,1820,5,1,1,1,1,0.096,world,12.20336752,20.035681,23.66639204
587.304,ours,1,0,0,0.2,2.263570179,2.304784451,2.739608242,0,3516,4395,5,1,1,1,1,0.032,world,2.370947962,14.03352578,19.17478576
587.304,ab3dmot,1,0,0,0.2,2.265775623,2.303967034,2.758265977,0,3520,4400,5,1,1,1,1,0.068,world,2.370837077,14.03349258,19.17506216
587.304,sort,0.1982507289,7,1,0.1720547945,12.76387509,12.7159239,13.44645303,22,1482,1825,5,1,1,1,1,0.1,world,12.20871545,20.04260346,23.67474512
587.4,ours,1,0,0,0.2,2.26366998,2.304876135,2.738996695,0,3520,4400,5,1,1,1,1,0.04,world,2.384102532,14.03647074,19.17337277
587.4,ab3dmot,1,0,0,0.2,2.265775623,2.304061117,2.757768584,0,3524,4405,5,1,1,1,1,0.096,world,2.385416294,14.03488273,19.17105688
587.4,sort,0.2005813953,7,1,0.1721311475,12.76355225,12.71451573,13.44625992,22,1486,1830,5,1,1,1,1,0.128,world,12.22194407,20.04154356,23.66453221
587.484,ours,1,0,0,0.2,2.263769782,2.304983166,2.738385148,0,3524,4405,5,1,1,1,1,0.048,world,2.397318808,14.03777396,19.1695352
587.484,ab3dmot,1,0,0,0.2,2.265978628,2.304172912,2.75741844,0,3528,4410,5,1,1,1,1,0.116,world,2.400642762,14.033949,19.16356857
587.484,sort,0.2028985507,7,1,0.1722070845,12.76322942,12.71332858,13.44606682,22,1490,1835,5,1,1,1,1,0.116,world,12.29815123,20.33237529,24.10433497
587.568,ours,1,0,0,0.2,2.264385825,2.305103198,2.737651709,0,3528,4410,5,1,1,1,1,0.036,world,2.408529028,14.03547383,19.16107332
587.568,ab3dmot,1,0,0,0.2,2.266181632,2.304297478,2.757068296,0,3532,4415,5,1,1,1,1,0.1,world,2.411660392,14.03128221,19.15576098
587.568,sort,0.2052023121,7,1,0.1722826087,12.76301356,12.71233158,13.44587372,22,1494,1840,5,1,1,1,1,0.132,world,12.36356916,20.54652318,24.42229001
587.632,ours,1,0,0,0.2,2.265001868,2.30523239,2.73691827,0,3532,4415,5,1,1,1,1,0.032,world,2.416491399,14.03512376,19.15782724
587.632,ab3dmot,1,0,0,0.2,2.266773942,2.304429927,2.756718151,0,3536,4420,5,1,1,1,1,0.096,world,2.418553234,14.03182506,19.15461958
587.632,sort,0.2074927954,7,1,0.1723577236,12.76279769,12.71152523,13.44568062,22,1498,1845,5,1,1,1,1,0.096,world,12.42938764,20.73845542,24.70260517
587.728,ours,1,0,0,0.2,2.265184306,2.305367975,2.736184831,0,3536,4420,5,1,1,1,1,0.052,world,2.422128892,14.03647421,19.15774243
587.728,ab3dmot,1,0,0,0.2,2.267366252,2.304567743,2.756368007,0,3540,4425,5,1,1,1,1,0.096,world,2.4233333,14.03380732,19.15626262
587.728,sort,0.2097701149,7,1,0.1724324324,12.76203004,12.71086865,13.44548752,22,1502,1850,5,1,1,1,1,0.128,world,12.48095074,20.87282564,24.89543533
587.8,ours,1,0,0,0.2,2.265366745,2.305508708,2.735451392,0,3540,4425,5,1,1,1,1,0.036,world,2.426726153,14.03813305,19.15844866
587.8,ab3dmot,1,0,0,0.2,2.267705297,2.304709034,2.756017863,0,3544,4430,5,1,1,1,1,0.068,world,2.426527782,14.0372711,19.1593726
587.8,sort,0.212034384,7,1,0.1725067385,12.76126239,12.71036418,13.44529441,22,1506,1855,5,1,1,1,1,0.1,world,12.53357585,21.00517691,25.08417011
587.876,ours,1,0,0,0.2,2.26568553,2.305653474,2.734717953,0,3544,4430,5,1,1,1,1,0.024,world,2.430393518,14.04021216,19.15961369
587.876,ab3dmot,1,0,0,0.2,2.268044342,2.304853754,2.755667718,0,3548,4435,5,1,1,1,1,0.076,world,2.429691114,14.03957067,19.16163348
587.876,sort,0.2142857143,7,1,0.1725806452,12.75987596,12.70996142,13.44510131,22,1510,1860,5,1,1,1,1,0.112,world,12.5686118,21.08507133,25.19601496
587.96,ours,1,0,0,0.2,2.266004316,2.305803804,2.733984515,0,3548,4435,5,1,1,1,1,0.056,world,2.435352056,14.04206513,19.16031108
587.96,ab3dmot,1,0,0,0.2,2.268326114,2.305004392,2.755317574,0,3552,4440,5,1,1,1,1,0.096,world,2.434953213,14.04126468,19.1616834
587.96,sort,0.2165242165,7,1,0.1726541555,12.75848953,12.70967556,13.44490821,22,1514,1865,5,1,1,1,1,0.096,world,12.60922522,21.17268203,25.31724537
588.032,ours,1,0,0,0.2,2.266055904,2.305956466,2.733251076,0,3552,4440,5,1,1,1,1,0.032,world,2.437605643,14.04325438,19.16130619
588.032,ab3dmot,1,0,0,0.2,2.268607886,2.305156755,2.754967429,0,3556,4445,5,1,1,1,1,0.104,world,2.436697602,14.04287069,19.16371337
588.032,sort,0.21875,7,1,0.1727272727,12.75848593,12.70945122,13.44471511,22,1518,1870,5,1,1,1,1,0.104,world,12.63046027,21.21586238,25.37616449
588.1,ours,1,0,0,0.2,2.266107491,2.306111119,2.732517637,0,3556,4445,5,1,1,1,1,0.004,world,2.439576497,14.04363564,19.16175283
588.1,ab3dmot,1,0,0,0.2,2.268766356,2.305310321,2.754617285,0,3560,4450,5,1,1,1,1,0.072,world,2.438006814,14.04359073,19.16566243
588.1,sort,0.2209631728,7,1,0.1728,12.75848232,12.70930165,13.444522,22,1522,1875,5,1,1,1,1,0.072,world,12.65654498,21.27047622,25.45113904
588.2,ours,1,0,0,0.2,2.267099834,2.306266431,2.731784198,0,3560,4450,5,1,1,1,1,0.036,world,2.440430927,14.04423223,19.16315316
588.2,ab3dmot,1,0,0,0.2,2.268924826,2.305463731,2.754267141,0,3564,4455,5,1,1,1,1,0.072,world,2.438174122,14.04499878,19.16836683
588.2,sort,0.2231638418,7,1,0.1728723404,12.75827701,12.709182,13.4443289,22,1526,1880,5,1,1,1,1,0.104,world,12.66687318,21.28846161,25.47454313
588.276,ours,1,0,0,0.2,2.268092176,2.30642184,2.731050759,0,3564,4455,5,1,1,1,1,0.024,world,2.440815893,14.04496506,19.16439885
588.276,ab3dmot,1,0,0,0.2,2.269416907,2.305615868,2.753916996,0,3568,4460,5,1,1,1,1,0.08,world,2.437399017,14.04687685,19.17190684
588.276,sort,0.2253521127,7,1,0.1729442971,12.75807169,12.70908283,13.4441358,22,1530,1885,5,1,1,1,1,0.116,world,12.67392831,21.2975702,25.48491817
588.36,ours,1,0,0,0.2,2.268473428,2.306574273,2.73031732,0,3568,4460,5,1,1,1,1,0.04,world,2.43860871,14.04666153,19.16855356
588.36,ab3dmot,1,0,0,0.2,2.269908989,2.305764806,2.753566852,0,3572,4465,5,1,1,1,1,0.104,world,2.434991796,14.04882972,19.17648848
588.36,sort,0.2275280899,7,1,0.173015873,12.75769999,12.7090169,13.4439427,22,1534,1890,5,1,1,1,1,0.104,world,12.68558987,21.32038345,25.51531798
588.456,ours,1,0,0,0.2,2.26885468,2.306722218,2.729583881,0,3572,4465,5,1,1,1,1,0.056,world,2.435111647,14.0489143,19.17383312
588.456,ab3dmot,1,0,0,0.2,2.270172931,2.305909908,2.753216708,0,3576,4470,5,1,1,1,1,0.132,world,2.432032758,14.050909,19.18053396
588.456,sort,0.2296918768,7,1,0.1730870712,12.75732829,12.70894875,13.44374959,22,1538,1895,5,1,1,1,1,0.132,world,12.68466346,21.31434078,25.50379054
588.52,ours,1,0,0,0.2,2.269510297,2.306865675,2.728850442,0,3576,4470,5,1,1,1,1,0.028,world,2.431596947,14.051157,19.17765847
588.52,ab3dmot,1,0,0,0.2,2.270436873,2.306050283,2.752866563,0,3580,4475,5,1,1,1,1,0.096,world,2.428301917,14.053779,19.18450642
588.52,sort,0.2318435754,7,1,0.1731578947,12.75563139,12.70888675,13.44355649,22,1542,1900,5,1,1,1,1,0.096,world,12.68673598,21.31944423,25.51176229
588.592,ours,1,0,0,0.2,2.270165915,2.307005089,2.728117003,0,3580,4475,5,1,1,1,1,0,world,2.428441494,14.05235204,19.17939464
588.592,ab3dmot,1,0,0,0.2,2.27100489,2.306186501,2.752516419,0,3584,4480,5,1,1,1,1,0.068,world,2.425035529,14.05592244,19.18598361
588.592,sort,0.2339832869,7,1,0.1732283465,12.75393448,12.70880727,13.44336339,22,1546,1905,5,1,1,1,1,0.1,world,12.68032112,21.30476905,25.49047788
588.688,ours,1,0,0,0.2,2.270303733,2.307139033,2.727383564,0,3584,4480,5,1,1,1,1,0.044,world,2.424053056,14.05167244,19.17936535
588.688,ab3dmot,1,0,0,0.2,2.271572906,2.306317928,2.752166275,0,3588,4485,5,1,1,1,1,0.096,world,2.421211417,14.05532061,19.1845377
588.688,sort,0.2361111111,7,1,0.1732984293,12.75344494,12.70869417,13.44317029,22,1550,1910,5,1,1,1,1,0.164,world,12.66802388,21.27824008,25.45295604
588.756,ours,1,0,0,0.2,2.27044155,2.307268247,2.726650125,0,3588,4485,5,1,1,1,1,0.048,world,2.420273173,14.05187933,19.17911389
588.756,ab3dmot,1,0,0,0.2,2.271757838,2.306445711,2.75181613,0,3592,4490,5,1,1,1,1,0.1,world,2.418349197,14.05445165,19.18259868
588.756,sort,0.2382271468,7,1,0.1733681462,12.75295539,12.70858154,13.44297718,22,1554,1915,5,1,1,1,1,0.1,world,12.66797237,21.28201454,25.45824458
588.828,ours,1,0,0,0.2,2.270739676,2.307392711,2.725916686,0,3592,4490,5,1,1,1,1,0.032,world,2.416456788,14.05131353,19.17780959
588.828,ab3dmot,1,0,0,0.2,2.27194277,2.306569304,2.751465986,0,3596,4495,5,1,1,1,1,0.108,world,2.415003834,14.05327436,19.18045422
588.828,sort,0.2403314917,7,1,0.1734375,12.75228393,12.70843859,13.44286485,22,1558,1920,5,1,1,1,1,0.108,world,12.65672634,21.26014793,25.42771827
588.9,ours,1,0,0,0.2,2.271037801,2.307512011,2.725183247,0,3596,4495,5,1,1,1,1,0.012,world,2.412262954,14.050233,19.17616928
588.9,ab3dmot,1,0,0,0.2,2.272447273,2.306689166,2.751115842,0,3600,4500,5,1,1,1,1,0.08,world,2.412036796,14.05162426,19.17622699
588.9,sort,0.2424242424,7,1,0.1735064935,12.75161246,12.70827381,13.44275252,22,1562,1925,5,1,1,1,1,0.08,world,12.6484825,21.24688583,25.40954278
588.988,ours,1,0,0,0.2,2.271119893,2.307625813,2.724449808,0,3600,4500,5,1,1,1,1,0.036,world,2.407758319,14.04869918,19.17403589
588.988,ab3dmot,1,0,0,0.2,2.272951775,2.306805419,2.750765697,0,3604,4505,5,1,1,1,1,0.068,world,2.409159224,14.04898695,19.17083786
588.988,sort,0.2445054945,7,1,0.1735751295,12.751515,12.70811593,13.44264018,22,1566,1930,5,1,1,1,1,0.1,world,12.65067392,21.2596006,25.42885581
589.06,ours,1,0,0,0.2,2.271201984,2.307734552,2.723716369,0,3604,4505,5,1,1,1,1,0.04,world,2.403606447,14.04640038,19.17005692
589.06,ab3dmot,1,0,0,0.2,2.273008859,2.306916802,2.750269634,0,3608,4510,5,1,1,1,1,0.072,world,2.405178008,14.04621839,19.16667788
589.06,sort,0.2465753425,7,1,0.1736434109,12.75141754,12.70796211,13.44252785,22,1570,1935,5,1,1,1,1,0.108,world,12.65184996,21.27097253,25.44656357
589.14,ours,1,0,0,0.2,2.271300241,2.307833759,2.723701405,0,3608,4510,5,1,1,1,1,0.04,world,2.395550227,14.04292615,19.16586352
589.14,ab3dmot,1,0,0,0.2,2.273065942,2.307018372,2.749773571,0,3612,4515,5,1,1,1,1,0.092,world,2.396882077,14.04260217,19.1630865
589.14,sort,0.2486338798,7,1,0.1737113402,12.75046958,12.70781223,13.44241551,22,1574,1940,5,1,1,1,1,0.092,world,12.65298688,21.28856004,25.47437779
589.216,ours,1,0,0,0.2,2.271398499,2.307926692,2.723686441,0,3612,4515,5,1,1,1,1,0.028,world,2.390281132,14.03997527,19.1615749
589.216,ab3dmot,1,0,0,0.2,2.273807077,2.307116751,2.749277507,0,3616,4520,5,1,1,1,1,0.064,world,2.394304132,14.03793923,19.15355471
589.216,sort,0.2506811989,7,1,0.1737789203,12.74952162,12.70757158,13.44230318,22,1578,1945,5,1,1,1,1,0.1,world,12.61918378,21.22182526,25.38243798
589.3,ours,1,0,0,0.2,2.272094468,2.308015875,2.723671476,0,3616,4520,5,1,1,1,1,0.02,world,2.387188303,14.0351147,19.15208773
589.3,ab3dmot,1,0,0,0.2,2.274548212,2.307212372,2.748781444,0,3620,4525,5,1,1,1,1,0.048,world,2.392090941,14.0323193,19.14256033
589.3,sort,0.2527173913,7,1,0.1738461538,12.749017,12.70727247,13.44219084,22,1582,1950,5,1,1,1,1,0.116,world,12.59702129,21.18191913,25.32839007
589.38,ours,1,0,0,0.2,2.272790437,2.308098433,2.723656512,0,3620,4525,5,1,1,1,1,0.024,world,2.381560858,14.03141255,19.14674016
589.38,ab3dmot,1,0,0,0.2,2.274592652,2.307300771,2.748285381,0,3624,4530,5,1,1,1,1,0.064,world,2.385959296,14.02900742,19.13828127
589.38,sort,0.2547425474,7,1,0.1739130435,12.74851238,12.70692777,13.44207851,22,1586,1955,5,1,1,1,1,0.096,world,12.57943782,21.15362523,25.29070692
589.48,ours,1,0,0,0.2,2.272853222,2.308168154,2.723641547,0,3624,4530,5,1,1,1,1,0.036,world,2.370425123,14.02678031,19.1423405
589.48,ab3dmot,1,0,0,0.2,2.274637091,2.307377031,2.747789317,0,3628,4535,5,1,1,1,1,0.064,world,2.375463026,14.02400458,19.13277393
589.48,sort,0.2567567568,7,1,0.1739795918,12.74742571,12.70652886,13.44196618,22,1590,1960,5,1,1,1,1,0.132,world,12.55846435,21.12580918,25.25598639
589.568,ours,1,0,0,0.2,2.272916007,2.308230548,2.723626583,0,3628,4535,5,1,1,1,1,0.056,world,2.36408331,14.02268259,19.13636018
589.568,ab3dmot,1,0,0,0.2,2.274984786,2.307445177,2.747293254,0,3632,4540,5,1,1,1,1,0.088,world,2.368446295,14.01975211,19.12816161
589.568,sort,0.2587601078,7,1,0.1740458015,12.74633905,12.70609224,13.44185384,22,1594,1965,5,1,1,1,1,0.12,world,12.54350006,21.10582234,25.23066237
589.66,ours,1,0,0,0.2,2.274199731,2.308279281,2.723611619,0,3632,4540,5,1,1,1,1,0.06,world,2.352063762,14.0164979,19.13081573
589.66,ab3dmot,1,0,0,0.2,2.275332481,2.307498231,2.74679719,0,3636,4545,5,1,1,1,1,0.112,world,2.35517831,14.0140732,19.12500052
589.66,sort,0.2607526882,7,1,0.1741116751,12.74523983,12.70560672,13.44174151,22,1598,1970,5,1,1,1,1,0.112,world,12.52418055,21.08155669,25.2007891
589.724,ours,1,0,0,0.2,2.275483455,2.308317391,2.723596654,0,3636,4545,5,1,1,1,1,0.024,world,2.342665573,14.0127748,19.12886651
589.724,ab3dmot,1,0,0,0.2,2.276103423,2.307539402,2.746301127,0,3640,4550,5,1,1,1,1,0.076,world,2.344664745,14.01077779,19.12514892
589.724,sort,0.2627345845,7,1,0.1741772152,12.74414062,12.70482977,13.44162917,22,1602,1975,5,1,1,1,1,0.112,world,12.41242996,20.80631473,24.80800238
589.808,ours,1,0,0,0.2,2.275685216,2.308344069,2.72358169,0,3640,4550,5,1,1,1,1,0.024,world,2.332467952,14.00956168,19.12777427
589.808,ab3dmot,1,0,0,0.2,2.276874364,2.307568327,2.745805064,0,3644,4555,5,1,1,1,1,0.096,world,2.333741252,14.00799509,19.12541961
589.808,sort,0.2647058824,7,1,0.1742424242,12.74384472,12.70382629,13.44151684,22,1606,1980,5,1,1,1,1,0.096,world,12.32383123,20.56703025,24.46101294
589.9,ours,1,0,0,0.2,2.275886976,2.308352976,2.723566725,0,3644,4555,5,1,1,1,1,0.024,world,2.316444663,14.00460189,19.12640941
589.9,ab3dmot,1,0,0,0.2,2.276929654,2.307579489,2.745309,0,3648,4560,5,1,1,1,1,0.188,world,2.317725964,14.00303642,19.12405451
589.9,sort,0.2666666667,7,1,0.1743073048,12.74354883,12.70265292,13.44140451,22,1610,1985,5,1,1,1,1,0.12,world,12.25593555,20.38596967,24.19886587
590,ours,1,0,0,0.2,2.275979883,2.308349661,2.723551761,0,3648,4560,5,1,1,1,1,0.052,world,2.305327376,14.00163505,19.12565801
590,ab3dmot,1,0,0,0.2,2.276984944,2.307575946,2.744812937,0,3652,4565,5,1,1,1,1,0.092,world,2.304341878,14.00184555,19.12747943
590,sort,0.2686170213,7,1,0.1743718593,12.74219969,12.70134995,13.44129217,22,1614,1990,5,1,1,1,1,0.124,world,12.202934,20.22237117,23.95681298
590.076,ours,1,0,0,0.2,2.27607279,2.308327081,2.723536797,0,3652,4565,5,1,1,1,1,0.008,world,2.287641316,13.9968869,19.12555554
590.076,ab3dmot,1,0,0,0.2,2.277085746,2.307552479,2.744316874,0,3656,4570,5,1,1,1,1,0.068,world,2.286027015,13.99712706,19.12854347
590.076,sort,0.2705570292,7,1,0.1744360902,12.74085056,12.69995381,13.44117984,22,1618,1995,5,1,1,1,1,0.1,world,12.16365005,20.12639961,23.81924608
590.14,ours,1,0,0,0.2,2.276149343,2.308297645,2.723521832,0,3656,4570,5,1,1,1,1,0.032,world,2.281263879,13.99537053,19.12620838
590.14,ab3dmot,1,0,0,0.2,2.277186548,2.307522223,2.74382081,0,3660,4575,5,1,1,1,1,0.096,world,2.279699901,13.99557381,19.12911137
590.14,sort,0.2724867725,7,1,0.1745,12.73970897,12.69851629,13.4410675,22,1622,2000,5,1,1,1,1,0.096,world,12.14445304,20.06591843,23.72922503
590.208,ours,1,0,0,0.2,2.27607279,2.308255192,2.723506868,0,3660,4575,5,1,1,1,1,0.032,world,2.269121177,13.99185015,19.12614
590.208,ab3dmot,1,0,0,0.2,2.277085746,2.307478329,2.743324747,0,3664,4580,5,1,1,1,1,0.068,world,2.266959484,13.99226502,19.13016062
590.208,sort,0.2744063325,7,1,0.174563591,12.73856738,12.69702422,13.44095517,22,1626,2005,5,1,1,1,1,0.1,world,12.11987465,20.00470975,23.64118892
590.3,ours,1,0,0,0.2,2.275979883,2.308193553,2.723491903,0,3664,4580,5,1,1,1,1,0.028,world,2.251087095,13.98598807,19.12519201
590.3,ab3dmot,1,0,0,0.2,2.276984944,2.307415386,2.742828684,0,3668,4585,5,1,1,1,1,0.092,world,2.249019468,13.98592924,19.12909495
590.3,sort,0.2763157895,7,1,0.1746268657,12.73332762,12.69546034,13.44084284,22,1630,2010,5,1,1,1,1,0.124,world,12.08818647,19.93616316,23.54509519
590.38,ours,1,0,0,0.2,2.275886976,2.308119217,2.723476939,0,3668,4585,5,1,1,1,1,0.044,world,2.238991362,13.98178559,19.12444171
590.38,ab3dmot,1,0,0,0.2,2.276929654,2.307341315,2.74233262,0,3672,4590,5,1,1,1,1,0.076,world,2.23838747,13.98007034,19.12579148
590.38,sort,0.2782152231,7,1,0.1746898263,12.72808787,12.69384526,13.4407305,22,1634,2015,5,1,1,1,1,0.14,world,12.06447562,19.87549951,23.45745609
590.464,ours,1,0,0,0.2,2.275685216,2.308033567,2.723461975,0,3672,4590,5,1,1,1,1,0.052,world,2.228106561,13.97636632,19.12139427
590.464,ab3dmot,1,0,0,0.2,2.276874364,2.307255847,2.741836557,0,3676,4595,5,1,1,1,1,0.092,world,2.227413407,13.97561882,19.12280409
590.464,sort,0.280104712,7,1,0.1747524752,12.72478827,12.69216893,13.44049296,22,1638,2020,5,1,1,1,1,0.124,world,12.0365084,19.78618101,23.3242345
590.54,ours,1,0,0,0.2,2.275483455,2.307937093,2.72344701,0,3676,4595,5,1,1,1,1,0.036,world,2.217604326,13.97152614,19.11750543
590.54,ab3dmot,1,0,0,0.2,2.276103423,2.307159649,2.741340494,0,3680,4600,5,1,1,1,1,0.1,world,2.216988941,13.97082119,19.11873984
590.54,sort,0.2819843342,7,1,0.1748148148,12.72148868,12.69043582,13.44025542,22,1642,2025,5,1,1,1,1,0.1,world,12.01010724,19.69761576,23.19131845
590.604,ours,1,0,0,0.2,2.274199731,2.307830016,2.723432046,0,3680,4600,5,1,1,1,1,0.012,world,2.207231655,13.96607062,19.11342432
590.604,ab3dmot,1,0,0,0.2,2.275332481,2.307055829,2.74084443,0,3684,4605,5,1,1,1,1,0.068,world,2.209476335,13.96221503,19.10973581
590.604,sort,0.2838541667,7,1,0.1748768473,12.71800015,12.68865923,13.44001788,22,1646,2030,5,1,1,1,1,0.1,world,11.98887942,19.63826976,23.10438433
590.7,ours,1,0,0,0.2,2.272916007,2.307706973,2.723417081,0,3684,4605,5,1,1,1,1,0.032,world,2.191582359,13.9568564,19.10771817
590.7,ab3dmot,1,0,0,0.2,2.274984786,2.306937307,2.74019472,0,3688,4610,5,1,1,1,1,0.064,world,2.195063118,13.95016447,19.10253346
590.7,sort,0.2857142857,7,1,0.1749385749,12.71451162,12.6868896,13.43978034,22,1650,2035,5,1,1,1,1,0.128,world,11.98805899,19.74109373,23.2785281
590.8,ours,1,0,0,0.2,2.272853222,2.307568423,2.723410875,0,3688,4610,5,1,1,1,1,0.036,world,2.17622206,13.94674148,19.10214863
590.8,ab3dmot,1,0,0,0.2,2.274637091,2.306802456,2.739545009,0,3692,4615,5,1,1,1,1,0.1,world,2.178921342,13.94152087,19.09850466
590.8,sort,0.2875647668,7,1,0.175,12.71056426,12.68508647,13.4395428,22,1654,2040,5,1,1,1,1,0.132,world,11.97071588,19.74497042,23.29389468
590.868,ours,1,0,0,0.2,2.272790437,2.30741995,2.723404669,0,3692,4615,5,1,1,1,1,0.032,world,2.166201915,13.93950674,19.09842023
590.868,ab3dmot,1,0,0,0.2,2.274592652,2.306658045,2.738895299,0,3696,4620,5,1,1,1,1,0.068,world,2.169270734,13.93363446,19.09463341
590.868,sort,0.2894056848,7,1,0.1750611247,12.70661691,12.68326424,13.43930526,22,1658,2045,5,1,1,1,1,0.132,world,11.95916255,19.74469022,23.30253414
590.964,ours,1,0,0,0.2,2.272094468,2.307261384,2.723398463,0,3696,4620,5,1,1,1,1,0.048,world,2.155937431,13.93298994,19.09548256
590.964,ab3dmot,1,0,0,0.2,2.274548212,2.30650264,2.738245588,0,3700,4625,5,1,1,1,1,0.096,world,2.158131889,13.92878868,19.0929745
590.964,sort,0.2912371134,7,1,0.1751219512,12.70330205,12.68141455,13.43906772,22,1662,2050,5,1,1,1,1,0.128,world,11.9440996,19.72879838,23.28500392
591.032,ours,1,0,0,0.2,2.271398499,2.307092077,2.723392257,0,3700,4625,5,1,1,1,1,0.032,world,2.144949806,13.92814195,19.0937409
591.032,ab3dmot,1,0,0,0.2,2.273807077,2.30633629,2.737595878,0,3704,4630,5,1,1,1,1,0.1,world,2.146949406,13.9243931,19.09152255
591.032,sort,0.293059126,7,1,0.1751824818,12.69998719,12.67953936,13.43883018,22,1666,2055,5,1,1,1,1,0.1,world,11.92974044,19.71744139,23.27465904
591.1,ours,1,0,0,0.2,2.271300241,2.306913357,2.723386051,0,3704,4630,5,1,1,1,1,0.016,world,2.135199949,13.92203623,19.09048935
591.1,ab3dmot,1,0,0,0.2,2.273065942,2.306160073,2.736946167,0,3708,4635,5,1,1,1,1,0.068,world,2.136755004,13.91889647,19.08905131
591.1,sort,0.2948717949,7,1,0.1752427184,12.69921589,12.67762981,13.43859264,22,1670,2060,5,1,1,1,1,0.1,world,11.91161803,19.6812753,23.22496807
591.164,ours,1,0,0,0.2,2.271201984,2.30672399,2.723379845,0,3708,4635,5,1,1,1,1,0.032,world,2.124136912,13.917977,19.08942998
591.164,ab3dmot,1,0,0,0.2,2.273008859,2.305972563,2.736296456,0,3712,4640,5,1,1,1,1,0.1,world,2.125045479,13.91540967,19.08911906
591.164,sort,0.2966751918,7,1,0.1753026634,12.6984446,12.67568768,13.4383551,22,1674,2065,5,1,1,1,1,0.1,world,11.89410168,19.64708234,23.17823323
591.2,ours,1,0,0,0.2,2.271119893,2.306529302,2.723373639,0,3712,4640,5,1,1,1,1,0.004,world,2.118370872,13.91517241,19.09011629
591.2,ab3dmot,1,0,0,0.2,2.272951775,2.305779053,2.735646746,0,3716,4645,5,1,1,1,1,0.068,world,2.118597021,13.91376271,19.09064809
591.2,sort,0.2984693878,7,1,0.1753623188,12.69729889,12.67373005,13.43811756,22,1678,2070,5,1,1,1,1,0.068,world,11.88360781,19.61506696,23.13086794
591.264,ours,1,0,0,0.2,2.271037801,2.306324039,2.723367432,0,3716,4645,5,1,1,1,1,0.008,world,2.107239101,13.91195518,19.08950208
591.264,ab3dmot,1,0,0,0.2,2.272447273,2.305574523,2.734997035,0,3720,4650,5,1,1,1,1,0.1,world,2.107006935,13.91056147,19.09108624
591.264,sort,0.3002544529,7,1,0.1754216867,12.69615318,12.67174575,13.43788002,22,1682,2075,5,1,1,1,1,0.1,world,11.86837621,19.59470412,23.10598913
591.3,ours,1,0,0,0.2,2.270739676,2.306113745,2.723361226,0,3720,4650,5,1,1,1,1,0.004,world,2.101679754,13.90937385,19.09012606
591.3,ab3dmot,1,0,0,0.2,2.27194277,2.30536473,2.734347325,0,3724,4655,5,1,1,1,1,0.072,world,2.101208221,13.90877441,19.09172028
591.3,sort,0.3020304569,7,1,0.1754807692,12.69523761,12.66974792,13.43764248,22,1686,2080,5,1,1,1,1,0.072,world,11.85856844,19.56466687,23.06153586
591.364,ours,1,0,0,0.2,2.27044155,2.305898587,2.72335502,0,3724,4655,5,1,1,1,1,0.028,world,2.096262994,13.90781717,19.08984019
591.364,ab3dmot,1,0,0,0.2,2.271757838,2.305149693,2.733697614,0,3728,4660,5,1,1,1,1,0.1,world,2.09539791,13.90739342,19.0922072
591.364,sort,0.3037974684,7,1,0.1755395683,12.69432204,12.66774021,13.43740494,22,1690,2085,5,1,1,1,1,0.1,world,11.85026463,19.54637503,23.03589895
591.4,ours,1,0,0,0.2,2.270303733,2.305678451,2.723348814,0,3728,4660,5,1,1,1,1,0.004,world,2.090699955,13.90595043,19.0903149
591.4,ab3dmot,1,0,0,0.2,2.271572906,2.304929463,2.733047904,0,3732,4665,5,1,1,1,1,0.072,world,2.089607699,13.90625274,19.09261039
591.4,sort,0.3055555556,7,1,0.1755980861,12.69320446,12.66572021,13.4371674,22,1694,2090,5,1,1,1,1,0.072,world,11.84089971,19.51659843,22.99161779
591.46,ours,1,0,0,0.2,2.270165915,2.305448585,2.723342608,0,3732,4665,5,1,1,1,1,0.028,world,2.080199575,13.9029515,19.08978811
591.46,ab3dmot,1,0,0,0.2,2.27100489,2.304699877,2.732398193,0,3736,4670,5,1,1,1,1,0.096,world,2.07948184,13.90286876,19.09153141
591.46,sort,0.3073047859,7,1,0.1756563246,12.69208687,12.66370547,13.43692986,22,1698,2095,5,1,1,1,1,0.096,world,11.83894647,19.61979622,23.16662505
591.5,ours,1,0,0,0.2,2.269643546,2.305214948,2.723336402,0,3736,4670,5,1,1,1,1,0.004,world,2.075805118,13.90046241,19.08868107
591.5,ab3dmot,1,0,0,0.2,2.270436873,2.304466158,2.731748483,0,3740,4675,5,1,1,1,1,0.072,world,2.07470809,13.90077226,19.0909841
591.5,sort,0.3090452261,7,1,0.1757142857,12.68997136,12.66169625,13.43669232,22,1702,2100,5,1,1,1,1,0.072,world,11.83712553,19.65753223,23.23125098
591.56,ours,1,0,0,0.2,2.269121177,2.304972177,2.723330196,0,3740,4675,5,1,1,1,1,0.032,world,2.065804345,13.89733825,19.08833096
591.56,ab3dmot,1,0,0,0.2,2.270172931,2.304223132,2.731098772,0,3744,4680,5,1,1,1,1,0.1,world,2.064513003,13.89800707,19.0907573
591.56,sort,0.3107769424,7,1,0.1757719715,12.68785586,12.65967403,13.43645478,22,1706,2105,5,1,1,1,1,0.1,world,11.82740604,19.67662283,23.26935441
591.6,ours,1,0,0,0.2,2.268987929,2.304725173,2.72332399,0,3744,4680,5,1,1,1,1,0.02,world,2.060861702,13.89565652,19.08846276
591.6,ab3dmot,1,0,0,0.2,2.269908989,2.303975305,2.730449062,0,3748,4685,5,1,1,1,1,0.072,world,2.05897,13.89690939,19.09176538
591.6,sort,0.3125,7,1,0.1758293839,12.68785193,12.65764938,13.43621724,22,1710,2110,5,1,1,1,1,0.072,world,11.82217763,19.68564017,23.28770286
591.66,ours,1,0,0,0.2,2.26885468,2.304469275,2.723317783,0,3748,4685,5,1,1,1,1,0.036,world,2.050995903,13.89304696,19.08868368
591.66,ab3dmot,1,0,0,0.2,2.269416907,2.303718157,2.729799351,0,3752,4690,5,1,1,1,1,0.1,world,2.048633929,13.89479977,19.09260608
591.66,sort,0.3142144638,7,1,0.1758865248,12.687848,12.6556092,13.4359797,22,1714,2115,5,1,1,1,1,0.1,world,11.81130969,19.69178537,23.30470453
591.7,ours,1,0,0,0.2,2.268473428,2.304208388,2.723311577,0,3752,4690,5,1,1,1,1,0.008,world,2.045184318,13.89253621,19.09047198
591.7,ab3dmot,1,0,0,0.2,2.268924826,2.303455314,2.729149641,0,3756,4695,5,1,1,1,1,0.076,world,2.042063975,13.89515166,19.09536071
591.7,sort,0.315920398,7,1,0.1759433962,12.68729199,12.65356545,13.43529637,22,1718,2120,5,1,1,1,1,0.076,world,11.80553526,19.69495313,23.31352339
591.76,ours,1,0,0,0.2,2.268092176,2.303943055,2.723305371,0,3756,4695,5,1,1,1,1,0.036,world,2.039918564,13.89176965,19.09145554
591.76,ab3dmot,1,0,0,0.2,2.268766356,2.303187896,2.72849993,0,3760,4700,5,1,1,1,1,0.1,world,2.036643762,13.89443879,19.09664489
591.76,sort,0.317617866,7,1,0.176,12.68673598,12.65151824,13.43461304,22,1722,2125,5,1,1,1,1,0.136,world,11.79980722,19.69240944,23.31280878
591.792,ours,1,0,0,0.2,2.267099834,2.303672753,2.723299165,0,3760,4700,5,1,1,1,1,0.028,world,2.034068214,13.89140113,19.09368799
591.792,ab3dmot,1,0,0,0.2,2.268607886,2.302915003,2.72785022,0,3764,4705,5,1,1,1,1,0.072,world,2.030237104,13.89480914,19.0994749
591.792,sort,0.3193069307,7,1,0.176056338,12.68616293,12.64946928,13.43392971,22,1726,2130,5,1,1,1,1,0.072,world,11.79479716,19.70091027,23.3299755
591.848,ours,1,0,0,0.2,2.266107491,2.303394165,2.723292959,0,3764,4705,5,1,1,1,1,0.048,world,2.024637917,13.8895905,19.09458458
591.848,ab3dmot,1,0,0,0.2,2.268326114,2.302634532,2.727824919,0,3768,4710,5,1,1,1,1,0.128,world,2.021538096,13.892414,19.09917288
591.848,sort,0.3209876543,7,1,0.1761124122,12.68558987,12.64740496,13.43324638,22,1730,2135,5,1,1,1,1,0.128,world,11.78387164,19.69623911,23.32893781
591.892,ours,1,0,0,0.2,2.266055904,2.303111512,2.723286701,0,3768,4710,5,1,1,1,1,0.016,world,2.01967769,13.88905241,19.09565197
591.892,ab3dmot,1,0,0,0.2,2.268044342,2.302349083,2.727799618,0,3772,4715,5,1,1,1,1,0.1,world,2.015579858,13.89290466,19.10160176
591.892,sort,0.3226600985,7,1,0.1761682243,12.68529639,12.64533979,13.43256305,22,1734,2140,5,1,1,1,1,0.068,world,11.77921448,19.70273002,23.34244613
591.936,ours,1,0,0,0.2,2.266004316,2.302824496,2.723280443,0,3772,4715,5,1,1,1,1,0.036,world,2.014373576,13.88902703,19.09729984
591.936,ab3dmot,1,0,0,0.2,2.267705297,2.302059941,2.727774317,0,3776,4720,5,1,1,1,1,0.112,world,2.010980147,13.89235539,19.10209744
591.936,sort,0.3243243243,7,1,0.1762237762,12.68500291,12.64327257,13.43187972,22,1738,2145,5,1,1,1,1,0.112,world,11.77403427,19.70060958,23.34212417
591.988,ours,1,0,0,0.2,2.26568553,2.30253056,2.723274185,0,3776,4720,5,1,1,1,1,0.028,world,2.006271056,13.88719792,19.09726262
591.988,ab3dmot,1,0,0,0.2,2.267366252,2.301764295,2.727749016,0,3780,4725,5,1,1,1,1,0.096,world,2.003306359,13.89043434,19.10114953
591.988,sort,0.3259803922,7,1,0.1762790698,12.68483319,12.64126889,13.43119639,22,1742,2150,5,1,1,1,1,0.096,world,11.7975493,19.85264081,23.58193299
592.02,ours,1,0,0,0.2,2.265366745,2.302233807,2.723267926,0,3780,4725,5,1,1,1,1,0.02,world,2.002580732,13.88623143,19.0968823
592.02,ab3dmot,1,0,0,0.2,2.267162868,2.301466036,2.727723715,0,3784,4730,5,1,1,1,1,0.096,world,1.999826267,13.88927673,19.10045786
592.02,sort,0.3276283619,7,1,0.1763341067,12.68466346,12.63933745,13.43051306,22,1746,2155,5,1,1,1,1,0.096,world,11.82501739,19.98091002,23.77963449
592.088,ours,1,0,0,0.2,2.265184306,2.301934283,2.723261668,0,3784,4730,5,1,1,1,1,0.032,world,1.998921453,13.88530951,19.09667925
592.088,ab3dmot,1,0,0,0.2,2.266959484,2.30116581,2.727698414,0,3788,4735,5,1,1,1,1,0.1,world,1.997035435,13.88790335,19.09869262
592.088,sort,0.3292682927,7,1,0.1763888889,12.68420649,12.63748958,13.42982972,22,1750,2160,5,1,1,1,1,0.1,world,11.85759235,20.11484192,23.98364188
592.12,ours,1,0,0,0.2,2.265001868,2.301632297,2.72325541,0,3788,4735,5,1,1,1,1,0.02,world,1.995588149,13.88431581,19.09608751
592.12,ab3dmot,1,0,0,0.2,2.266570558,2.300863008,2.727673113,0,3792,4740,5,1,1,1,1,0.1,world,1.993570287,13.88688642,19.09841837
592.12,sort,0.3309002433,7,1,0.176443418,12.68374952,12.63564002,13.42914639,22,1754,2165,5,1,1,1,1,0.132,world,11.85302831,20.1131688,23.98371148
592.184,ours,1,0,0,0.2,2.264385825,2.301324638,2.723249152,0,3792,4740,5,1,1,1,1,0.028,world,1.988720663,13.88253368,19.09605992
592.184,ab3dmot,1,0,0,0.2,2.266181632,2.300554496,2.727647812,0,3796,4745,5,1,1,1,1,0.096,world,1.986650365,13.88509729,19.09849585
592.184,sort,0.3325242718,7,1,0.1764976959,12.68251106,12.63392505,13.42846306,22,1758,2170,5,1,1,1,1,0.128,world,11.90817845,20.31497642,24.28739773
592.22,ours,1,0,0,0.2,2.263769782,2.301014091,2.723242894,0,3796,4745,5,1,1,1,1,0.02,world,1.984879027,13.88211853,19.09698512
592.22,ab3dmot,1,0,0,0.2,2.265978628,2.300243382,2.727622511,0,3800,4750,5,1,1,1,1,0.1,world,1.983115583,13.88441709,19.0989537
592.22,sort,0.3341404358,7,1,0.1765517241,12.68127259,12.63220865,13.42777973,22,1762,2175,5,1,1,1,1,0.164,world,11.90401598,20.31357986,24.28769596
592.264,ours,1,0,0,0.2,2.26366998,2.300700825,2.723236636,0,3800,4750,5,1,1,1,1,0.012,world,1.981207331,13.88177867,19.09775461
592.264,ab3dmot,1,0,0,0.2,2.265775623,2.29992951,2.72759721,0,3804,4755,5,1,1,1,1,0.112,world,1.979394123,13.88412748,19.09979343
592.264,sort,0.3357487923,7,1,0.1766055046,12.6810231,12.63063578,13.4270964,22,1766,2180,5,1,1,1,1,0.112,world,11.96337212,20.49642596,24.55686008
592.304,ours,1,0,0,0.2,2.263570179,2.300384959,2.723230378,0,3804,4755,5,1,1,1,1,0.004,world,1.977652109,13.88147516,19.09852865
592.304,ab3dmot,1,0,0,0.2,2.265775623,2.299612717,2.727571909,0,3808,4760,5,1,1,1,1,0.084,world,1.975478372,13.88407911,19.10115318
592.304,sort,0.3373493976,7,1,0.1766590389,12.6807736,12.62916449,13.42641307,22,1770,2185,5,1,1,1,1,0.052,world,12.00457067,20.6164347,24.73209877
592.364,ours,1,0,0,0.2,2.263379362,2.300064027,2.72322412,0,3808,4760,5,1,1,1,1,0.012,world,1.971347743,13.88048937,19.09951083
592.364,ab3dmot,1,0,0,0.2,2.265775623,2.299291861,2.727546608,0,3812,4765,5,1,1,1,1,0.048,world,1.970275749,13.88241064,19.10027122
592.364,sort,0.3389423077,7,1,0.1767123288,12.68054736,12.62772783,13.42572974,22,1774,2190,5,1,1,1,1,0.08,world,12.01669835,20.66444953,24.80497698
592.4,ours,1,0,0,0.2,2.263188545,2.299741462,2.723217861,0,3812,4765,5,1,1,1,1,0.008,world,1.96882971,13.87990727,19.09912259
592.4,ab3dmot,1,0,0,0.2,2.265437155,2.298970298,2.727521308,0,3816,4770,5,1,1,1,1,0.048,world,1.968788408,13.88112598,19.09822747
592.4,sort,0.3405275779,7,1,0.1767653759,12.68032112,12.62632432,13.42504641,22,1778,2195,5,1,1,1,1,0.08,world,12.02826899,20.70192727,24.86049784
592.46,ours,1,0,0,0.2,2.263157966,2.29941568,2.723211603,0,3816,4770,5,1,1,1,1,0.024,world,1.964538519,13.87838804,19.09794069
592.46,ab3dmot,1,0,0,0.2,2.265098686,2.298645514,2.727496007,0,3820,4775,5,1,1,1,1,0.076,world,1.964492214,13.87967848,19.09703135
592.46,sort,0.3421052632,7,1,0.1768181818,12.67849193,12.6249677,13.42436308,22,1782,2200,5,1,1,1,1,0.076,world,12.04594676,20.7608339,24.94813492
592.5,ours,1,0,0,0.2,2.263127386,2.2990893,2.723205345,0,3820,4775,5,1,1,1,1,0.012,world,1.9631593,13.87758641,19.09618249
592.5,ab3dmot,1,0,0,0.2,2.264910427,2.298314659,2.727470706,0,3824,4780,5,1,1,1,1,0.048,world,1.956977786,13.88382616,19.10469292
592.5,sort,0.3436754177,7,1,0.1768707483,12.67666273,12.62363146,13.42367974,22,1786,2205,5,1,1,1,1,0.084,world,12.05211514,20.78223583,24.98007114
592.564,ours,1,0,0,0.2,2.263073608,2.298755877,2.723199087,0,3824,4780,5,1,1,1,1,0.012,world,1.954541837,13.88026919,19.10284
592.564,ab3dmot,1,0,0,0.2,2.264722168,2.297976129,2.727445405,0,3828,4785,5,1,1,1,1,0.084,world,1.9476081,13.88725525,19.11248571
592.564,sort,0.3452380952,7,1,0.1769230769,12.67661632,12.62233278,13.42299641,22,1790,2210,5,1,1,1,1,0.084,world,12.06589342,20.83087562,25.05242305
592.6,ours,1,0,0,0.2,2.26301983,2.298414989,2.723192829,0,3828,4785,5,1,1,1,1,0.012,world,1.945390725,13.8862099,19.11352137
592.6,ab3dmot,1,0,0,0.2,2.264589556,2.297627996,2.727420104,0,3832,4790,5,1,1,1,1,0.048,world,1.935976436,13.89550744,19.12704521
592.6,sort,0.3467933492,7,1,0.1769751693,12.6765699,12.62104087,13.42231308,22,1794,2215,5,1,1,1,1,0.084,world,12.06621714,20.83959486,25.06632611
592.66,ours,1,0,0,0.2,2.262310576,2.298069616,2.723186571,0,3832,4790,5,1,1,1,1,0.032,world,1.939557665,13.88937905,19.11955619
592.66,ab3dmot,1,0,0,0.2,2.264456944,2.297275554,2.727394803,0,3836,4795,5,1,1,1,1,0.076,world,1.93029968,13.89852454,19.13297203
592.66,sort,0.3483412322,7,1,0.177027027,12.67524911,12.61978103,13.42180471,22,1798,2220,5,1,1,1,1,0.076,world,12.07771917,20.87410491,25.11635392
592.7,ours,1,0,0,0.2,2.261601322,2.297717982,2.723180313,0,3836,4795,5,1,1,1,1,0.016,world,1.931669843,13.89451936,19.12890896
592.7,ab3dmot,1,0,0,0.2,2.264393338,2.296916022,2.727369502,0,3840,4800,5,1,1,1,1,0.052,world,1.921402098,13.90448895,19.14409536
592.7,sort,0.3498817967,7,1,0.1770786517,12.67392831,12.61852098,13.42129634,22,1802,2225,5,1,1,1,1,0.084,world,12.07505038,20.87381008,25.11710261
592.756,ours,1,0,0,0.2,2.261561716,2.297361614,2.723174055,0,3840,4800,5,1,1,1,1,0.04,world,1.925478614,13.89668196,19.13392827
592.756,ab3dmot,1,0,0,0.2,2.264329732,2.296551384,2.727344201,0,3844,4805,5,1,1,1,1,0.072,world,1.914730737,13.90716418,19.14988954
592.756,sort,0.3514150943,7,1,0.1771300448,12.67172554,12.61725765,13.42078796,22,1806,2230,5,1,1,1,1,0.144,world,12.07101863,20.87377258,25.11977311
592.8,ours,1,0,0,0.2,2.261522109,2.297002019,2.723167797,0,3844,4805,5,1,1,1,1,0.02,world,1.920988245,13.89930201,19.1388195
592.8,ab3dmot,1,0,0,0.2,2.26420543,2.296181488,2.727265973,0,3848,4810,5,1,1,1,1,0.052,world,1.90784436,13.9122623,19.1584781
592.8,sort,0.3529411765,7,1,0.1771812081,12.66952276,12.61572639,13.42027959,22,1810,2235,5,1,1,1,1,0.084,world,11.94880317,20.56764924,24.68212389
592.872,ours,1,0,0,0.2,2.261372919,2.296636485,2.723165262,0,3848,4810,5,1,1,1,1,0.06,world,1.913346154,13.9039921,19.14715604
592.872,ab3dmot,1,0,0,0.2,2.264081129,2.295814863,2.727187745,0,3852,4815,5,1,1,1,1,0.092,world,1.910810758,13.90781758,19.15043003
592.872,sort,0.3544600939,7,1,0.1772321429,12.66877332,12.61409606,13.41977122,22,1814,2240,5,1,1,1,1,0.124,world,11.90100419,20.44277173,24.50257938
592.948,ours,1,0,0,0.2,2.261223729,2.296277599,2.723162728,0,3852,4815,5,1,1,1,1,0.048,world,1.920206667,13.89782381,19.1336323
592.948,ab3dmot,1,0,0,0.2,2.263985682,2.295455651,2.727109517,0,3856,4820,5,1,1,1,1,0.1,world,1.918567756,13.90061502,19.13564049
592.948,sort,0.355971897,7,1,0.1772828508,12.66802388,12.61237249,13.41926284,22,1818,2245,5,1,1,1,1,0.1,world,11.8553647,20.31244401,24.31239327
593.012,ours,1,0,0,0.2,2.260941908,2.295923485,2.723160194,0,3856,4820,5,1,1,1,1,0.02,world,1.924908005,13.8936875,19.12455575
593.012,ab3dmot,1,0,0,0.2,2.263890235,2.295108084,2.727031289,0,3860,4825,5,1,1,1,1,0.064,world,1.931172783,13.8904457,19.11427874
593.012,sort,0.3574766355,7,1,0.1773333333,12.66799813,12.61057167,13.41875447,22,1822,2250,5,1,1,1,1,0.1,world,11.81656844,20.19295577,24.13639046
593.1,ours,1,0,0,0.2,2.260660087,2.29557402,2.72315766,0,3860,4825,5,1,1,1,1,0.02,world,1.929471129,13.89016773,19.11659711
593.1,ab3dmot,1,0,0,0.2,2.263714799,2.294769297,2.726953061,0,3864,4830,5,1,1,1,1,0.056,world,1.940464336,13.883313,19.09913355
593.1,sort,0.358974359,7,1,0.177383592,12.66797237,12.60869752,13.4182461,22,1826,2255,5,1,1,1,1,0.088,world,11.77921913,20.06929475,23.95257636
593.192,ours,1,0,0,0.2,2.260487277,2.295226128,2.723155126,0,3864,4830,5,1,1,1,1,0.028,world,1.930506639,13.89084203,19.11521073
593.192,ab3dmot,1,0,0,0.2,2.263539362,2.294421857,2.726874833,0,3868,4835,5,1,1,1,1,0.08,world,1.929796551,13.89336577,19.11580514
593.192,sort,0.3604651163,7,1,0.1774336283,12.6674728,12.6067731,13.41773773,22,1830,2260,5,1,1,1,1,0.112,world,11.75216696,19.97323197,23.80848011
593.276,ours,1,0,0,0.2,2.260314467,2.294873598,2.723152592,0,3868,4835,5,1,1,1,1,0.036,world,1.924400255,13.89771521,19.12576697
593.276,ab3dmot,1,0,0,0.2,2.263376927,2.294065359,2.726796605,0,3872,4840,5,1,1,1,1,0.068,world,1.918575282,13.90484753,19.13440195
593.276,sort,0.3619489559,7,1,0.1774834437,12.66697323,12.60480452,13.41722935,22,1834,2265,5,1,1,1,1,0.1,world,11.72773568,19.87802962,23.66419213
593.368,ours,1,0,0,0.2,2.260041014,2.294516294,2.723150058,0,3872,4840,5,1,1,1,1,0.06,world,1.918100539,13.90675576,19.13897086
593.368,ab3dmot,1,0,0,0.2,2.263214492,2.293705364,2.726718378,0,3876,4845,5,1,1,1,1,0.092,world,1.913729424,13.91232785,19.14561569
593.368,sort,0.3634259259,7,1,0.1775330396,12.66692321,12.60281378,13.41672098,22,1838,2270,5,1,1,1,1,0.124,world,11.7133483,19.8156946,23.56909313
593.444,ours,1,0,0,0.2,2.259767561,2.294155407,2.723147524,0,3876,4845,5,1,1,1,1,0.044,world,1.913151701,13.91477915,19.15008074
593.444,ab3dmot,1,0,0,0.2,2.26268458,2.293342976,2.72664015,0,3880,4850,5,1,1,1,1,0.1,world,1.910147421,13.91866627,19.15476789
593.444,sort,0.3648960739,7,1,0.1775824176,12.66687318,12.60080111,13.41621261,22,1842,2275,5,1,1,1,1,0.1,world,11.69898823,19.74845461,23.46553029
593.52,ours,1,0,0,0.2,2.259640884,2.293793757,2.72314499,0,3880,4850,5,1,1,1,1,0.024,world,1.911464153,13.9198999,19.15707534
593.52,ab3dmot,1,0,0,0.2,2.262154669,2.29297804,2.726561922,0,3884,4855,5,1,1,1,1,0.08,world,1.906369554,13.92563174,19.16517798
593.52,sort,0.366359447,7,1,0.1776315789,12.66451246,12.59877745,13.41570424,22,1846,2280,5,1,1,1,1,0.08,world,11.68966213,19.69930203,23.3892284
593.6,ours,1,0,0,0.2,2.259514207,2.293432195,2.723142455,0,3884,4855,5,1,1,1,1,0.028,world,1.910764021,13.92459633,19.16338892
593.6,ab3dmot,1,0,0,0.2,2.261754343,2.292621304,2.726483694,0,3888,4860,5,1,1,1,1,0.06,world,1.915124737,13.9214672,19.15644296
593.6,sort,0.367816092,7,1,0.1776805252,12.66215173,12.59676255,13.41519586,22,1850,2285,5,1,1,1,1,0.124,world,11.68955775,19.69078281,23.37547123
593.696,ours,1,0,0,0.2,2.259376741,2.293083977,2.723139921,0,3888,4860,5,1,1,1,1,0.04,world,1.925472427,13.91849579,19.14931396
593.696,ab3dmot,1,0,0,0.2,2.261354017,2.292281732,2.726405466,0,3892,4865,5,1,1,1,1,0.092,world,1.934229506,13.91117071,19.13549756
593.696,sort,0.369266055,7,1,0.1777292576,12.66098348,12.59475431,13.41468749,22,1854,2290,5,1,1,1,1,0.128,world,11.68849432,19.66072552,23.32654245
593.772,ours,1,0,0,0.2,2.259239275,2.292748038,2.723137387,0,3892,4865,5,1,1,1,1,0.068,world,1.938883263,13.91193511,19.13526413
593.772,ab3dmot,1,0,0,0.2,2.260783019,2.29195775,2.726327238,0,3896,4870,5,1,1,1,1,0.1,world,1.951399163,13.90131144,19.11571553
593.772,sort,0.3707093822,7,1,0.1777777778,12.65981523,12.59275877,13.41417912,22,1858,2295,5,1,1,1,1,0.132,world,11.69029812,19.6503899,23.30873228
593.844,ours,1,0,0,0.2,2.258701951,2.292428909,2.723134853,0,3896,4870,5,1,1,1,1,0.044,world,1.957415457,13.9018866,19.1140407
593.844,ab3dmot,1,0,0,0.2,2.260212022,2.29164925,2.72624901,0,3900,4875,5,1,1,1,1,0.104,world,1.968344331,13.89247422,19.09717696
593.844,sort,0.3721461187,7,1,0.177826087,12.65909241,12.59077443,13.41367074,22,1862,2300,5,1,1,1,1,0.104,world,11.69142836,19.63335248,23.28002755
593.908,ours,1,0,0,0.2,2.258164627,2.292123367,2.723132319,0,3900,4875,5,1,1,1,1,0.008,world,1.972175334,13.89583675,19.09950131
593.908,ab3dmot,1,0,0,0.2,2.259499649,2.291363244,2.726170782,0,3904,4880,5,1,1,1,1,0.072,world,1.993074342,13.8788931,19.06747016
593.908,sort,0.3735763098,7,1,0.1778741866,12.6583696,12.58881044,13.41316237,22,1866,2305,5,1,1,1,1,0.108,world,11.69692248,19.63682885,23.28299596
594,ours,1,0,0,0.2,2.257326414,2.291835649,2.723129785,0,3904,4880,5,1,1,1,1,0.032,world,1.991631994,13.8899627,19.08318181
594,ab3dmot,1,0,0,0.2,2.258787277,2.291102753,2.726092554,0,3908,4885,5,1,1,1,1,0.064,world,2.020918189,13.86708136,19.03856469
594,sort,0.375,7,1,0.1779220779,12.65754797,12.58687268,13.412654,22,1870,2310,5,1,1,1,1,0.096,world,11.70525754,19.63522238,23.27581859
594.084,ours,1,0,0,0.2,2.256488201,2.291563724,2.723127251,0,3908,4885,5,1,1,1,1,0.024,world,2.008690177,13.88363917,19.06683655
594.084,ab3dmot,1,0,0,0.2,2.258357759,2.290859614,2.726014326,0,3912,4890,5,1,1,1,1,0.084,world,2.039512163,13.8600271,19.020106
594.084,sort,0.3764172336,7,1,0.1779697624,12.65672634,12.58496197,13.41214563,22,1874,2315,5,1,1,1,1,0.116,world,11.71405141,19.64662554,23.28992587
594.168,ours,1,0,0,0.2,2.256290891,2.291313696,2.723124717,0,3912,4890,5,1,1,1,1,0.032,world,2.032393352,13.87321429,19.04098218
594.168,ab3dmot,1,0,0,0.2,2.25792824,2.290631478,2.725936098,0,3916,4895,5,1,1,1,1,0.1,world,2.055427236,13.8556544,19.00627942
594.168,sort,0.3778280543,7,1,0.1780172414,12.65663566,12.58306672,13.41197526,22,1878,2320,5,1,1,1,1,0.132,world,11.7174225,19.62814843,23.25724622
594.26,ours,1,0,0,0.2,2.25609358,2.291084911,2.723122183,0,3916,4895,5,1,1,1,1,0.032,world,2.055176332,13.8679056,19.022879
594.26,ab3dmot,1,0,0,0.2,2.257652826,2.290420052,2.72585787,0,3920,4900,5,1,1,1,1,0.124,world,2.073116275,13.85414104,18.99591398
594.26,sort,0.3792325056,7,1,0.1780645161,12.65654498,12.5811931,13.41180489,22,1882,2325,5,1,1,1,1,0.124,world,11.72377425,19.6016974,23.20954405
594.332,ours,1,0,0,0.2,2.255829174,2.2908701,2.723119649,0,3920,4900,5,1,1,1,1,0.04,world,2.069903708,13.86539423,19.01218569
594.332,ab3dmot,1,0,0,0.2,2.257377413,2.290223463,2.725779642,0,3924,4905,5,1,1,1,1,0.1,world,2.08869096,13.85183299,18.98391171
594.332,sort,0.3806306306,7,1,0.178111588,12.65476593,12.57933469,13.41163452,22,1886,2330,5,1,1,1,1,0.1,world,11.7271311,19.57371845,23.16093738
594.4,ours,1,0,0,0.2,2.255564767,2.290669572,2.723117114,0,3924,4905,5,1,1,1,1,0.024,world,2.084901804,13.86318176,19.001594
594.4,ab3dmot,1,0,0,0.2,2.257107062,2.290035817,2.725770359,0,3928,4910,5,1,1,1,1,0.068,world,2.097886537,13.85382711,18.98204442
594.4,sort,0.3820224719,7,1,0.1781584582,12.65298688,12.57749599,13.41146415,22,1890,2335,5,1,1,1,1,0.1,world,11.73267948,19.55620448,23.12851832
594.496,ours,1,0,0,0.2,2.25534304,2.290479788,2.723028027,0,3928,4910,5,1,1,1,1,0.032,world,2.096040954,13.8636017,18.99734207
594.496,ab3dmot,1,0,0,0.2,2.256836711,2.289856532,2.725761075,0,3932,4915,5,1,1,1,1,0.096,world,2.106445888,13.85608398,18.98164656
594.496,sort,0.3834080717,7,1,0.1782051282,12.65258504,12.5759063,13.41129378,22,1894,2340,5,1,1,1,1,0.096,world,11.84734582,20.06088897,23.90291503
594.592,ours,1,0,0,0.2,2.255121313,2.290304181,2.722938939,0,3932,4915,5,1,1,1,1,0.06,world,2.110818684,13.86570189,18.99473058
594.592,ab3dmot,1,0,0,0.2,2.256527697,2.289688218,2.725751792,0,3936,4920,5,1,1,1,1,0.096,world,2.117775792,13.86051373,18.98419512
594.592,sort,0.384787472,7,1,0.1782515991,12.65218319,12.57436467,13.41112341,22,1898,2345,5,1,1,1,1,0.128,world,11.86685138,20.0878964,23.93657115
594.664,ours,1,0,0,0.2,2.254904622,2.290139692,2.722849851,0,3936,4920,5,1,1,1,1,0.064,world,2.122290188,13.86624126,18.99103591
594.664,ab3dmot,1,0,0,0.2,2.256218683,2.289526702,2.725742509,0,3940,4925,5,1,1,1,1,0.1,world,2.124653012,13.86426225,18.98745483
594.664,sort,0.3861607143,7,1,0.1782978723,12.65201658,12.57304087,13.41095305,22,1902,2350,5,1,1,1,1,0.1,world,11.96664773,20.39211617,24.38449268
594.732,ours,1,0,0,0.2,2.254687931,2.289984797,2.722760764,0,3940,4925,5,1,1,1,1,0.036,world,2.132122249,13.86812106,18.99020603
594.732,ab3dmot,1,0,0,0.2,2.256097702,2.289371747,2.725733225,0,3944,4930,5,1,1,1,1,0.104,world,2.13127708,13.8683751,18.9915089
594.732,sort,0.3875278396,7,1,0.178343949,12.65184996,12.57186222,13.41078268,22,1906,2355,5,1,1,1,1,0.104,world,12.03221932,20.55858529,24.62291425
594.8,ours,1,0,0,0.2,2.254673615,2.289838603,2.722671676,0,3944,4930,5,1,1,1,1,0.016,world,2.140994403,13.87139474,18.99117611
594.8,ab3dmot,1,0,0,0.2,2.255976722,2.289221931,2.725723942,0,3948,4935,5,1,1,1,1,0.072,world,2.136397237,13.87505461,18.99822049
594.8,sort,0.3888888889,7,1,0.1783898305,12.65126194,12.5707948,13.41061231,22,1910,2360,5,1,1,1,1,0.104,world,12.08200071,20.67407777,24.78566892
594.884,ours,1,0,0,0.2,2.254659298,2.289699778,2.722582588,0,3948,4935,5,1,1,1,1,0.024,world,2.148458797,13.87621487,18.99463903
594.884,ab3dmot,1,0,0,0.2,2.25515261,2.289077311,2.725714658,0,3952,4940,5,1,1,1,1,0.088,world,2.141581375,13.88211993,19.00525724
594.884,sort,0.3902439024,7,1,0.178435518,12.65067392,12.56983491,13.41044194,22,1914,2365,5,1,1,1,1,0.088,world,12.13017889,20.7814858,24.93573858
594.98,ours,1,0,0,0.2,2.254659298,2.289572387,2.722493501,0,3952,4940,5,1,1,1,1,0.044,world,2.160177396,13.88352349,18.9996325
594.98,ab3dmot,1,0,0,0.2,2.254328499,2.28893987,2.725705375,0,3956,4945,5,1,1,1,1,0.088,world,2.148857552,13.89445213,19.01742023
594.98,sort,0.3915929204,7,1,0.1784810127,12.64969105,12.5687686,13.41027157,22,1918,2370,5,1,1,1,1,0.124,world,12.07827188,20.60236672,24.66769211
595.06,ours,1,0,0,0.2,2.254659298,2.289450768,2.722404413,0,3956,4945,5,1,1,1,1,0.06,world,2.165957557,13.89173662,19.00660478
595.06,ab3dmot,1,0,0,0.2,2.254296341,2.288808804,2.725696091,0,3960,4950,5,1,1,1,1,0.1,world,2.155285565,13.90211294,19.02361971
595.06,sort,0.3929359823,7,1,0.1785263158,12.64870819,12.56762993,13.4101012,22,1922,2375,5,1,1,1,1,0.1,world,12.04193176,20.46400391,24.45807787
595.124,ours,1,0,0,0.2,2.254264097,2.28933742,2.722315325,0,3960,4950,5,1,1,1,1,0.032,world,2.174345156,13.89805636,19.00986978
595.124,ab3dmot,1,0,0,0.2,2.254264182,2.288686939,2.725686808,0,3964,4955,5,1,1,1,1,0.1,world,2.164678547,13.90699843,19.02536644
595.124,sort,0.3942731278,7,1,0.1785714286,12.64859534,12.56644369,13.40993083,22,1926,2380,5,1,1,1,1,0.1,world,12.01704315,20.34934891,24.28128501
595.2,ours,1,0,0,0.2,2.253868895,2.289235161,2.722226238,0,3964,4955,5,1,1,1,1,0.024,world,2.1856531,13.90104478,19.00860548
595.2,ab3dmot,1,0,0,0.2,2.254260493,2.288578305,2.725677525,0,3968,4960,5,1,1,1,1,0.076,world,2.178260296,13.90865323,19.02065621
595.2,sort,0.3956043956,7,1,0.1786163522,12.6484825,12.56523264,13.40976047,22,1930,2385,5,1,1,1,1,0.108,world,12.00280305,20.26045875,24.14114737
595.288,ours,1,0,0,0.2,2.253396092,2.289143309,2.72213715,0,3968,4960,5,1,1,1,1,0.032,world,2.196230864,13.90426073,19.00855386
595.288,ab3dmot,1,0,0,0.2,2.254256804,2.288479535,2.725668241,0,3972,4965,5,1,1,1,1,0.096,world,2.188304675,13.91185839,19.02142792
595.288,sort,0.3969298246,7,1,0.1786610879,12.64772059,12.56400779,13.4095901,22,1934,2390,5,1,1,1,1,0.096,world,11.99372934,20.18090006,24.01343239
595.376,ours,1,0,0,0.2,2.252923289,2.289064238,2.722048062,0,3972,4965,5,1,1,1,1,0.048,world,2.209232012,13.91086328,19.01309205
595.376,ab3dmot,1,0,0,0.2,2.254140726,2.288391031,2.725658958,0,3976,4970,5,1,1,1,1,0.088,world,2.198749916,13.92031198,19.0301419
595.376,sort,0.398249453,7,1,0.1787056367,12.64695869,12.56282275,13.40941973,22,1938,2395,5,1,1,1,1,0.12,world,12.0102679,20.18196655,24.005127
595.456,ours,1,0,0,0.2,2.252694334,2.288991512,2.721958975,0,3976,4970,5,1,1,1,1,0.056,world,2.215596558,13.91730255,19.01992168
595.456,ab3dmot,1,0,0,0.2,2.254024647,2.288310802,2.725649674,0,3980,4975,5,1,1,1,1,0.136,world,2.207121284,13.9245856,19.03371214
595.456,sort,0.3995633188,7,1,0.17875,12.64429703,12.56166232,13.40924936,22,1942,2400,5,1,1,1,1,0.1,world,12.01962984,20.17317123,23.98449337
595.54,ours,1,0,0,0.2,2.252465379,2.288924486,2.721869887,0,3980,4975,5,1,1,1,1,0.044,world,2.221301302,13.92471284,19.02796752
595.54,ab3dmot,1,0,0,0.2,2.253868501,2.288235925,2.725640391,0,3984,4980,5,1,1,1,1,0.124,world,2.212477858,13.93211209,19.04239214
595.54,sort,0.4008714597,7,1,0.1787941788,12.64163537,12.56052872,13.40907899,22,1946,2405,5,1,1,1,1,0.124,world,12.0301128,20.17020503,23.97302736
595.612,ours,1,0,0,0.2,2.252347924,2.288865886,2.721780799,0,3984,4980,5,1,1,1,1,0.012,world,2.229795286,13.93181098,19.03199044
595.612,ab3dmot,1,0,0,0.2,2.253712355,2.288169845,2.725631107,0,3988,4985,5,1,1,1,1,0.092,world,2.221377974,13.94166545,19.04668188
595.612,sort,0.402173913,7,1,0.1788381743,12.64021052,12.55941961,13.40890862,22,1950,2410,5,1,1,1,1,0.092,world,12.03955961,20.16124551,23.95203226
595.688,ours,1,0,0,0.2,2.252230468,2.288814821,2.721691712,0,3988,4985,5,1,1,1,1,0.036,world,2.237375305,13.94106594,19.03804659
595.688,ab3dmot,1,0,0,0.2,2.253653775,2.288111532,2.725621824,0,3992,4990,5,1,1,1,1,0.068,world,2.229214787,13.95154145,19.0529144
595.688,sort,0.4034707158,7,1,0.1788819876,12.63878567,12.55833676,13.40873826,22,1954,2415,5,1,1,1,1,0.1,world,12.04991348,20.15740739,23.93913749
595.752,ours,1,0,0,0.2,2.252182114,2.288770919,2.721602624,0,3992,4990,5,1,1,1,1,0.044,world,2.244573884,13.94877042,19.04422228
595.752,ab3dmot,1,0,0,0.2,2.253595195,2.288061476,2.725612541,0,3996,4995,5,1,1,1,1,0.1,world,2.237547745,13.95695323,19.05684185
595.752,sort,0.4047619048,7,1,0.1789256198,12.63750389,12.55728014,13.40756839,22,1958,2420,5,1,1,1,1,0.1,world,12.06032166,20.15408492,23.92706682
595.8,ours,1,0,0,0.2,2.252230468,2.288734858,2.721513536,0,3996,4995,5,1,1,1,1,0.016,world,2.252458601,13.95502768,19.04889038
595.8,ab3dmot,1,0,0,0.2,2.253448308,2.28801982,2.725603257,0,4000,5000,5,1,1,1,1,0.084,world,2.246019269,13.962634,19.06059727
595.8,sort,0.4060475162,7,1,0.1789690722,12.63622211,12.55624941,13.40639853,22,1962,2425,5,1,1,1,1,0.084,world,12.0706414,20.15060801,23.91477322
595.852,ours,1,0,0,0.2,2.252344535,2.288702967,2.721424449,0,4000,5000,5,1,1,1,1,0.032,world,2.256618776,13.95785841,19.05077522
595.852,ab3dmot,1,0,0,0.2,2.25330142,2.28798246,2.725593974,0,4004,5005,5,1,1,1,1,0.068,world,2.250312063,13.96591946,19.06255067
595.852,sort,0.4073275862,7,1,0.1790123457,12.63334119,12.55518936,13.40522867,22,1966,2430,5,1,1,1,1,0.068,world,12.05438019,20.06300331,23.7789335
595.9,ours,1,0,0,0.2,2.252458601,2.288674484,2.721335361,0,4004,5005,5,1,1,1,1,0.016,world,2.260011588,13.96205391,19.05421702
595.9,ab3dmot,1,0,0,0.2,2.253314137,2.287948135,2.725567469,0,4008,5010,5,1,1,1,1,0.048,world,2.253326854,13.97002045,19.06652944
595.9,sort,0.4086021505,7,1,0.1790554415,12.63046027,12.55413119,13.40405881,22,1970,2435,5,1,1,1,1,0.084,world,12.05312117,20.03612497,23.73504458
595.96,ours,1,0,0,0.2,2.25246199,2.288653813,2.721275692,0,4008,5010,5,1,1,1,1,0.04,world,2.267867018,13.96699036,19.05812891
595.96,ab3dmot,1,0,0,0.2,2.253326854,2.287921863,2.725540964,0,4012,5015,5,1,1,1,1,0.076,world,2.261444331,13.97449346,19.06995083
595.96,sort,0.4098712446,7,1,0.1790983607,12.62960519,12.55309071,13.40288894,22,1974,2440,5,1,1,1,1,0.076,world,12.05954599,20.01815033,23.70119618
596,ours,1,0,0,0.2,2.252465379,2.288635576,2.721216024,0,4012,5015,5,1,1,1,1,0.012,world,2.270288977,13.97133413,19.06283224
596,ab3dmot,1,0,0,0.2,2.253461025,2.287898539,2.725514459,0,4016,5020,5,1,1,1,1,0.052,world,2.264383664,13.97770761,19.07351143
596,sort,0.4111349036,7,1,0.1791411043,12.6287501,12.55206211,13.40171908,22,1978,2445,5,1,1,1,1,0.084,world,12.06319532,20.01118757,23.68744575
596.048,ours,1,0,0,0.2,2.252694334,2.288620897,2.721156355,0,4016,5020,5,1,1,1,1,0.032,world,2.273850459,13.9740767,19.06527849
596.048,ab3dmot,1,0,0,0.2,2.253595195,2.287879656,2.725487954,0,4020,5025,5,1,1,1,1,0.1,world,2.26884159,13.97928358,19.07426573
596.048,sort,0.4123931624,7,1,0.1791836735,12.62396694,12.55104631,13.40054922,22,1982,2450,5,1,1,1,1,0.1,world,12.0673274,20.0063988,23.67699696
596.088,ours,1,0,0,0.2,2.252923289,2.288614071,2.721096687,0,4020,5025,5,1,1,1,1,0.008,world,2.281750331,13.97828659,19.06839669
596.088,ab3dmot,1,0,0,0.2,2.253653775,2.28786789,2.725461449,0,4024,5030,5,1,1,1,1,0.072,world,2.276012601,13.98352028,19.07840035
596.088,sort,0.4136460554,7,1,0.1792260692,12.61918378,12.55005265,13.39937936,22,1986,2455,5,1,1,1,1,0.076,world,12.0760463,19.9981693,23.6579254
596.112,ours,1,0,0,0.2,2.253396092,2.288605356,2.721037019,0,4024,5030,5,1,1,1,1,0.012,world,2.279829307,13.97989035,19.07167479
596.112,ab3dmot,1,0,0,0.2,2.253712355,2.287855457,2.725434944,0,4028,5035,5,1,1,1,1,0.064,world,2.275312903,13.98364846,19.0793911
596.112,sort,0.414893617,7,1,0.1792682927,12.61884166,12.54906007,13.39820949,22,1990,2460,5,1,1,1,1,0.064,world,12.07455274,19.9895704,23.6444205
596.2,ours,1,0,0,0.2,2.253868895,2.288608962,2.72097735,0,4028,5035,5,1,1,1,1,0.032,world,2.292234362,13.98483197,19.07449821
596.2,ab3dmot,1,0,0,0.2,2.253868501,2.287854072,2.725408439,0,4032,5040,5,1,1,1,1,0.088,world,2.286459126,13.98761681,19.08352792
596.2,sort,0.4161358811,7,1,0.1793103448,12.61849954,12.54810231,13.39703963,22,1994,2465,5,1,1,1,1,0.12,world,12.08956213,19.98971612,23.63536806
596.28,ours,1,0,0,0.2,2.254264097,2.288618435,2.720917682,0,4032,5040,5,1,1,1,1,0.052,world,2.298137216,13.98823651,19.07929074
596.28,ab3dmot,1,0,0,0.2,2.254024647,2.287859852,2.725381934,0,4036,5045,5,1,1,1,1,0.1,world,2.29367814,13.98965481,19.08601067
596.28,sort,0.4173728814,7,1,0.1793522267,12.61386238,12.54716728,13.39586977,22,1998,2470,5,1,1,1,1,0.168,world,12.0987369,19.9863538,23.62448976
596.348,ours,1,0,0,0.2,2.254659298,2.288633524,2.720858013,0,4036,5045,5,1,1,1,1,0.048,world,2.303793151,13.9913961,19.08391419
596.348,ab3dmot,1,0,0,0.2,2.254140726,2.287872417,2.725355429,0,4040,5050,5,1,1,1,1,0.1,world,2.300516338,13.99162033,19.08858725
596.348,sort,0.4186046512,7,1,0.1793939394,12.60922522,12.54624495,13.39469991,22,2002,2475,5,1,1,1,1,0.1,world,12.10306254,19.95547882,23.5694836
596.416,ours,1,0,0,0.2,2.254659298,2.288654591,2.720798345,0,4040,5050,5,1,1,1,1,0.016,world,2.309814022,13.99422439,19.08761288
596.416,ab3dmot,1,0,0,0.2,2.254256804,2.287890547,2.725328924,0,4044,5055,5,1,1,1,1,0.072,world,2.306128335,13.99355646,19.09262635
596.416,sort,0.4198312236,7,1,0.1794354839,12.60895492,12.54534126,13.39353004,22,2006,2480,5,1,1,1,1,0.104,world,12.11033596,19.94335284,23.54456635
596.5,ours,1,0,0,0.2,2.254659298,2.288681043,2.720738676,0,4044,5055,5,1,1,1,1,0.024,world,2.31524262,13.99764736,19.09199907
596.5,ab3dmot,1,0,0,0.2,2.254260493,2.287913018,2.725302419,0,4048,5060,5,1,1,1,1,0.056,world,2.310519917,13.9975018,19.09879044
596.5,sort,0.4210526316,7,1,0.1794768612,12.60868462,12.54445518,13.39236018,22,2010,2485,5,1,1,1,1,0.124,world,12.11715998,19.92990163,23.51768452
596.6,ours,1,0,0,0.2,2.254673615,2.288715939,2.720679008,0,4048,5060,5,1,1,1,1,0.044,world,2.323727944,14.00243059,19.0971475
596.6,ab3dmot,1,0,0,0.2,2.254264182,2.287946111,2.725275914,0,4052,5065,5,1,1,1,1,0.156,world,2.32119402,14.00120067,19.10042763
596.6,sort,0.4222689076,7,1,0.1795180723,12.60347369,12.54359285,13.39119032,22,2014,2490,5,1,1,1,1,0.124,world,12.12706055,19.91081272,23.47935962
596.676,ours,1,0,0,0.2,2.254687931,2.288756565,2.720619339,0,4052,5065,5,1,1,1,1,0.012,world,2.329507012,14.00530192,19.09968731
596.676,ab3dmot,1,0,0,0.2,2.254296341,2.287984376,2.725249409,0,4056,5070,5,1,1,1,1,0.168,world,2.326423398,14.00456926,19.10398076
596.676,sort,0.4234800839,7,1,0.1795591182,12.59826277,12.5427439,13.39002046,22,2018,2495,5,1,1,1,1,0.1,world,12.13190008,19.88820948,23.43830321
596.7,ours,1,0,0,0.2,2.254904622,2.288798617,2.720559671,0,4056,5070,5,1,1,1,1,0,world,2.331007386,14.00773337,19.10315516
596.7,ab3dmot,1,0,0,0.2,2.254328499,2.288024543,2.725222904,0,4060,5075,5,1,1,1,1,0.124,world,2.328398106,14.00683885,19.10670763
596.7,sort,0.4246861925,7,1,0.1796,12.59764203,12.54190185,13.38885059,22,2022,2500,5,1,1,1,1,0.056,world,12.13358132,19.87206535,23.41010012
596.74,ours,1,0,0,0.2,2.255121313,2.288841975,2.720500002,0,4060,5075,5,1,1,1,1,0.008,world,2.332392509,14.01052057,19.10679866
596.74,ab3dmot,1,0,0,0.2,2.25515261,2.288067246,2.725196399,0,4064,5080,5,1,1,1,1,0.112,world,2.331007408,14.00914489,19.10836328
596.74,sort,0.4258872651,7,1,0.1796407186,12.59702129,12.54106912,13.38768073,22,2026,2505,5,1,1,1,1,0.08,world,12.13648836,19.86536088,23.39697284
596.8,ours,1,0,0,0.2,2.25534304,2.288888092,2.720440334,0,4064,5080,5,1,1,1,1,0.024,world,2.33522697,14.0121435,19.10776372
596.8,ab3dmot,1,0,0,0.2,2.255976722,2.288113993,2.725169894,0,4068,5085,5,1,1,1,1,0.06,world,2.335125104,14.00985774,19.10709859
596.8,sort,0.4270833333,7,1,0.1796812749,12.5894537,12.54024549,13.38651087,22,2030,2510,5,1,1,1,1,0.092,world,12.13930168,19.85858176,23.38377392
596.84,ours,1,0,0,0.2,2.255564767,2.288937198,2.720380665,0,4068,5085,5,1,1,1,1,0.032,world,2.338296607,14.01277938,19.10787829
596.84,ab3dmot,1,0,0,0.2,2.256097702,2.288163606,2.725143389,0,4072,5090,5,1,1,1,1,0.1,world,2.338075244,14.01087066,19.10753009
596.84,sort,0.4282744283,7,1,0.17972167,12.58188611,12.53943069,13.38534101,22,2034,2515,5,1,1,1,1,0.1,world,12.14201918,19.85172722,23.37050342
596.892,ours,1,0,0,0.2,2.255829174,2.288990774,2.720320997,0,4072,5090,5,1,1,1,1,0.02,world,2.34284323,14.0146825,19.11025623
596.892,ab3dmot,1,0,0,0.2,2.256218683,2.288218435,2.725116884,0,4076,5095,5,1,1,1,1,0.088,world,2.343369555,14.01167901,19.10845886
596.892,sort,0.4294605809,7,1,0.1797619048,12.58066197,12.53862929,13.38487103,22,2038,2520,5,1,1,1,1,0.088,world,12.1470276,19.83673859,23.34206675
596.908,ours,1,0,0,0.2,2.25609358,2.289044982,2.720261328,0,4076,5095,5,1,1,1,1,0.008,world,2.343579003,14.013519,19.10875426
596.908,ab3dmot,1,0,0,0.2,2.256527697,2.288274027,2.725090379,0,4080,5100,5,1,1,1,1,0.072,world,2.344236772,14.01072995,19.10684459
596.908,sort,0.4306418219,7,1,0.1798019802,12.57943782,12.53782907,13.38440105,22,2042,2525,5,1,1,1,1,0.072,world,12.14598842,19.8283395,23.3286172
596.972,ours,1,0,0,0.2,2.256290891,2.289104845,2.72020166,0,4080,5100,5,1,1,1,1,0.016,world,2.34931206,14.0149241,19.10860026
596.972,ab3dmot,1,0,0,0.2,2.256836711,2.288336799,2.725063874,0,4084,5105,5,1,1,1,1,0.068,world,2.35149146,14.01115804,19.10407142
596.972,sort,0.4318181818,7,1,0.1798418972,12.57562226,12.53706563,13.38393107,22,2046,2530,5,1,1,1,1,0.1,world,12.16272039,19.97073114,23.55678184
597.004,ours,1,0,0,0.2,2.256488201,2.289168539,2.720141991,0,4084,5105,5,1,1,1,1,0.004,world,2.35323888,14.01458781,19.10634349
597.004,ab3dmot,1,0,0,0.2,2.257107062,2.288403316,2.72504408,0,4088,5110,5,1,1,1,1,0.064,world,2.355337549,14.01109974,19.10202487
597.004,sort,0.4329896907,7,1,0.1798816568,12.5718067,12.53631518,13.38346109,22,2050,2535,5,1,1,1,1,0.064,world,12.1676673,20.00185734,23.60579352
597.072,ours,1,0,0,0.2,2.256553488,2.289237649,2.720122174,0,4088,5110,5,1,1,1,1,0.012,world,2.358743037,14.01562935,19.10545084
597.072,ab3dmot,1,0,0,0.2,2.257377413,2.288475703,2.725024287,0,4092,5115,5,1,1,1,1,0.1,world,2.361295897,14.01199629,19.10038946
597.072,sort,0.4341563786,7,1,0.1799212598,12.57020925,12.53558125,13.38299111,22,2054,2540,5,1,1,1,1,0.1,world,12.17441366,20.0178917,23.62827815
597.104,ours,1,0,0,0.2,2.256618776,2.289307925,2.720102356,0,4092,5115,5,1,1,1,1,0.004,world,2.360036314,14.01598376,19.10689644
597.104,ab3dmot,1,0,0,0.2,2.257652826,2.288548986,2.725004493,0,4096,5120,5,1,1,1,1,0.064,world,2.362326633,14.01238712,19.10226514
597.104,sort,0.4353182752,7,1,0.1799607073,12.5686118,12.53485605,13.38252113,22,2058,2545,5,1,1,1,1,0.064,world,12.17729784,20.02532924,23.6387419
597.172,ours,1,0,0,0.2,2.257391702,2.289381811,2.720082538,0,4096,5120,5,1,1,1,1,0.012,world,2.363757613,14.01694993,19.10768358
597.172,ab3dmot,1,0,0,0.2,2.25792824,2.288625792,2.724984699,0,4100,5125,5,1,1,1,1,0.1,world,2.365966716,14.01333745,19.10318179
597.172,sort,0.4364754098,7,1,0.18,12.56487481,12.53414507,13.38205115,22,2062,2550,5,1,1,1,1,0.1,world,12.18296979,20.03223255,23.64650367
597.204,ours,1,0,0,0.2,2.258164627,2.289457071,2.72006272,0,4100,5125,5,1,1,1,1,0.004,world,2.365267024,14.01681595,19.10817122
597.204,ab3dmot,1,0,0,0.2,2.258357759,2.288703866,2.724964905,0,4104,5130,5,1,1,1,1,0.068,world,2.367376521,14.01322475,19.10385556
597.204,sort,0.4376278119,7,1,0.1800391389,12.56113782,12.53344037,13.38158117,22,2066,2555,5,1,1,1,1,0.068,world,12.18468335,20.03499583,23.6499025
597.272,ours,1,0,0,0.2,2.258701951,2.289533892,2.720042902,0,4104,5130,5,1,1,1,1,0.016,world,2.366964426,14.01700555,19.10830295
597.272,ab3dmot,1,0,0,0.2,2.258787277,2.288783523,2.724945111,0,4108,5135,5,1,1,1,1,0.1,world,2.369101514,14.01341077,19.10395262
597.272,sort,0.4387755102,7,1,0.180078125,12.55980108,12.5327424,13.38111119,22,2070,2560,5,1,1,1,1,0.1,world,12.18664599,20.03786041,23.65334827
597.336,ours,1,0,0,0.2,2.259239275,2.289614388,2.720023084,0,4108,5135,5,1,1,1,1,0.036,world,2.370764337,14.01675323,19.10722284
597.336,ab3dmot,1,0,0,0.2,2.259499649,2.288867111,2.724925317,0,4112,5140,5,1,1,1,1,0.1,world,2.373157807,14.01304806,19.1024563
597.336,sort,0.4399185336,7,1,0.1801169591,12.55846435,12.53205357,13.38064121,22,2074,2565,5,1,1,1,1,0.1,world,12.18984829,20.03929562,23.65352309
597.4,ours,1,0,0,0.2,2.259376741,2.289699773,2.720003266,0,4112,5140,5,1,1,1,1,0.032,world,2.375770749,14.01495655,19.10309442
597.4,ab3dmot,1,0,0,0.2,2.260212022,2.288959382,2.724905524,0,4116,5145,5,1,1,1,1,0.064,world,2.381924234,14.00807731,19.09159123
597.4,sort,0.4410569106,7,1,0.180155642,12.5544982,12.53137313,13.38017123,22,2078,2570,5,1,1,1,1,0.1,world,12.19269075,20.04026057,23.65315735
597.468,ours,1,0,0,0.2,2.259514207,2.28978933,2.719983448,0,4116,5145,5,1,1,1,1,0.012,world,2.380071684,14.01365608,19.0994691
597.468,ab3dmot,1,0,0,0.2,2.260783019,2.289060116,2.72488573,0,4120,5150,5,1,1,1,1,0.068,world,2.390467092,14.00333754,19.08041266
597.468,sort,0.4421906694,7,1,0.1801941748,12.55053205,12.53070002,13.37970125,22,2082,2575,5,1,1,1,1,0.1,world,12.19502113,20.0406106,23.65210534
597.56,ours,1,0,0,0.2,2.259640884,2.289887944,2.71996363,0,4120,5150,5,1,1,1,1,0.052,world,2.389205965,14.00731292,19.08614957
597.56,ab3dmot,1,0,0,0.2,2.261354017,2.289169495,2.724865936,0,4124,5155,5,1,1,1,1,0.092,world,2.399183275,13.99773379,19.06802932
597.56,sort,0.4433198381,7,1,0.1802325581,12.54701605,12.53003377,13.37923128,22,2086,2580,5,1,1,1,1,0.124,world,12.19714215,20.04063616,23.65065711
597.636,ours,1,0,0,0.2,2.259767561,2.289997436,2.719943812,0,4124,5155,5,1,1,1,1,0.036,world,2.400123415,14.00005185,19.06910322
597.636,ab3dmot,1,0,0,0.2,2.261399174,2.289288255,2.724846142,0,4128,5160,5,1,1,1,1,0.104,world,2.408616785,13.99252583,19.05391803
597.636,sort,0.4444444444,7,1,0.180270793,12.54350006,12.52937245,13.3787613,22,2090,2585,5,1,1,1,1,0.104,world,12.19830141,20.03944073,23.64779571
597.732,ours,1,0,0,0.2,2.259889575,2.290107691,2.719923994,0,4128,5160,5,1,1,1,1,0.032,world,2.401088729,14.00037553,19.06921425
597.732,ab3dmot,1,0,0,0.2,2.261444331,2.289407749,2.724826348,0,4132,5165,5,1,1,1,1,0.2,world,2.409569545,13.99284596,19.05402826
597.732,sort,0.4455645161,7,1,0.1803088803,12.53853796,12.52871893,13.37829132,22,2094,2590,5,1,1,1,1,0.2,world,12.20092587,20.0392899,23.64553187
597.8,ours,1,0,0,0.2,2.260011588,2.290217793,2.719904176,0,4132,5165,5,1,1,1,1,0.024,world,2.401153431,14.0003977,19.06921475
597.8,ab3dmot,1,0,0,0.2,2.2617995,2.289527066,2.724806554,0,4136,5170,5,1,1,1,1,0.268,world,2.409627956,13.99286616,19.05402819
597.8,sort,0.4466800805,7,1,0.1803468208,12.53357585,12.52807009,13.37782134,22,2098,2595,5,1,1,1,1,0.268,world,12.20199614,20.03881998,23.64381808
597.872,ours,1,0,0,0.2,2.260163028,2.290327274,2.719884358,0,4136,5170,5,1,1,1,1,0.024,world,2.400756231,14.00026638,19.06915856
597.872,ab3dmot,1,0,0,0.2,2.262154669,2.289645738,2.724786761,0,4140,5175,5,1,1,1,1,0.34,world,2.409226128,13.99273317,19.05397139
597.872,sort,0.4477911647,7,1,0.1803846154,12.5288782,12.52742464,13.37735136,22,2102,2600,5,1,1,1,1,0.34,world,12.20241023,20.03779028,23.64154496
597.9,ours,1,0,0,0.2,2.260314467,2.290441173,2.71986454,0,4140,5175,5,1,1,1,1,0,world,2.405328895,13.99624214,19.06035979
597.9,ab3dmot,1,0,0,0.2,2.26268458,2.289769247,2.724766967,0,4144,5180,5,1,1,1,1,0.3,world,2.414215987,13.98874028,19.04458734
597.9,sort,0.4488977956,7,1,0.1804222649,12.52418055,12.52678123,13.37688138,22,2106,2605,5,1,1,1,1,0.332,world,12.20214866,20.03681049,23.63994195
597.972,ours,1,0,0,0.2,2.260487277,2.290556736,2.719844722,0,4144,5180,5,1,1,1,1,0.016,world,2.40719205,13.99378616,19.05507706
597.972,ab3dmot,1,0,0,0.2,2.263214492,2.289893735,2.724747173,0,4148,5185,5,1,1,1,1,0.308,world,2.415419819,13.9871663,19.04058813
597.972,sort,0.45,7,1,0.1804597701,12.50256564,12.52613726,13.3764114,22,2110,2610,5,1,1,1,1,0.272,world,12.20055966,20.03352664,23.63509335
598,ours,1,0,0,0.2,2.260660087,2.290672754,2.719824904,0,4148,5185,5,1,1,1,1,0,world,2.407866669,13.99270097,19.05260893
598,ab3dmot,1,0,0,0.2,2.263376927,2.290018887,2.724727379,0,4152,5190,5,1,1,1,1,0.268,world,2.41631507,13.9865452,19.03793062
598,sort,0.4510978044,7,1,0.1804971319,12.48095074,12.52549636,13.37594142,22,2114,2615,5,1,1,1,1,0.172,world,12.20082739,20.03296975,23.63360304
598.06,ours,1,0,0,0.2,2.260941908,2.290789892,2.719805086,0,4152,5190,5,1,1,1,1,0.032,world,2.409198523,13.99110329,19.04881568
598.06,ab3dmot,1,0,0,0.2,2.263539362,2.290140433,2.724707585,0,4156,5195,5,1,1,1,1,0.232,world,2.413006415,13.98830825,19.04219427
598.06,sort,0.4521912351,7,1,0.1805343511,12.46451643,12.52485942,13.37578078,22,2118,2620,5,1,1,1,1,0.132,world,12.20157071,20.03309028,23.63298203
598.1,ours,1,0,0,0.2,2.261223729,2.29090396,2.719785268,0,4156,5195,5,1,1,1,1,0.004,world,2.406392587,13.99197611,19.05190558
598.1,ab3dmot,1,0,0,0.2,2.263714799,2.290257719,2.724687791,0,4160,5200,5,1,1,1,1,0.204,world,2.40903473,13.9902836,19.0473694
598.1,sort,0.4532803181,7,1,0.1805714286,12.44808211,12.52422699,13.37562014,22,2122,2625,5,1,1,1,1,0.072,world,12.20261012,20.03371307,23.63286472
598.16,ours,1,0,0,0.2,2.261372919,2.291015427,2.71976545,0,4160,5200,5,1,1,1,1,0.04,world,2.40403903,13.99133574,19.05189031
598.16,ab3dmot,1,0,0,0.2,2.263890235,2.290370176,2.724667997,0,4164,5205,5,1,1,1,1,0.196,world,2.404479747,13.99114838,19.05115841
598.16,sort,0.4543650794,7,1,0.180608365,12.44740225,12.52359306,13.37545951,22,2126,2630,5,1,1,1,1,0.132,world,12.20055485,20.03078787,23.62886628
598.2,ours,1,0,0,0.2,2.261522109,2.291124324,2.719745632,0,4164,5205,5,1,1,1,1,0.02,world,2.401705623,13.99150641,19.05354936
598.2,ab3dmot,1,0,0,0.2,2.263985682,2.290478087,2.724585889,0,4168,5210,5,1,1,1,1,0.172,world,2.400183394,13.99289321,19.05628192
598.2,sort,0.4554455446,7,1,0.1806451613,12.44672239,12.5229634,13.37529887,22,2130,2635,5,1,1,1,1,0.104,world,12.20148094,20.03207102,23.62983343
598.26,ours,1,0,0,0.2,2.261561716,2.291228242,2.719630985,0,4168,5210,5,1,1,1,1,0.048,world,2.396964869,13.99183059,19.05647614
598.26,ab3dmot,1,0,0,0.2,2.264081129,2.290580677,2.72450378,0,4172,5215,5,1,1,1,1,0.164,world,2.395092421,13.99463278,19.06013465
598.26,sort,0.4565217391,7,1,0.1806818182,12.44522585,12.52233145,13.37513823,22,2134,2640,5,1,1,1,1,0.164,world,12.1990104,20.02944188,23.62650195
598.336,ours,1,0,0,0.2,2.261601322,2.291328443,2.719516339,0,4172,5215,5,1,1,1,1,0.036,world,2.393459045,13.99162465,19.056675
598.336,ab3dmot,1,0,0,0.2,2.26420543,2.290679776,2.724421671,0,4176,5220,5,1,1,1,1,0.24,world,2.391806079,13.99356096,19.05976185
598.336,sort,0.4575936884,7,1,0.1807183365,12.44372932,12.52169601,13.37497759,22,2138,2645,5,1,1,1,1,0.24,world,12.19591785,20.02634301,23.62279058
598.436,ours,1,0,0,0.2,2.262310576,2.291422751,2.719401692,0,4176,5220,5,1,1,1,1,0.036,world,2.387759356,13.98977162,19.05604197
598.436,ab3dmot,1,0,0,0.2,2.264329732,2.290773147,2.724339562,0,4180,5225,5,1,1,1,1,0.308,world,2.386260358,13.99244749,19.05909469
598.436,sort,0.4586614173,7,1,0.180754717,12.44266309,12.52105194,13.37481695,22,2142,2650,5,1,1,1,1,0.34,world,12.19012947,20.02082456,23.61652268
598.5,ours,1,0,0,0.2,2.26301983,2.291513695,2.719287045,0,4180,5225,5,1,1,1,1,0.028,world,2.384567833,13.98879416,19.05398203
598.5,ab3dmot,1,0,0,0.2,2.264356698,2.290862402,2.724257453,0,4184,5230,5,1,1,1,1,0.308,world,2.382306491,13.99132061,19.05817276
598.5,sort,0.4597249509,7,1,0.1807909605,12.44159686,12.52040349,13.37465632,22,2146,2655,5,1,1,1,1,0.308,world,12.18652826,20.01792061,23.61330866
598.588,ours,1,0,0,0.2,2.263073608,2.291598015,2.719172398,0,4184,5230,5,1,1,1,1,0.032,world,2.378078358,13.98782933,19.05641265
598.588,ab3dmot,1,0,0,0.2,2.264383664,2.29094247,2.724175344,0,4188,5235,5,1,1,1,1,0.228,world,2.373215235,13.99186746,19.06503334
598.588,sort,0.4607843137,7,1,0.1808270677,12.44033523,12.51975171,13.37449568,22,2150,2660,5,1,1,1,1,0.228,world,12.18347213,20.01657122,23.6121428
598.68,ours,1,0,0,0.2,2.263127386,2.291674935,2.719057751,0,4188,5235,5,1,1,1,1,0.06,world,2.370767941,13.9876444,19.05975759
598.68,ab3dmot,1,0,0,0.2,2.264420304,2.291016144,2.724093235,0,4192,5240,5,1,1,1,1,0.288,world,2.366894636,13.99105338,19.06667522
598.68,sort,0.4618395303,7,1,0.1808630394,12.4390736,12.51909618,13.37433504,22,2154,2665,5,1,1,1,1,0.228,world,12.18018079,20.01549565,23.6116803
598.752,ours,1,0,0,0.2,2.263157966,2.291746368,2.718943105,0,4192,5240,5,1,1,1,1,0.052,world,2.365352813,13.9859058,19.05919829
598.752,ab3dmot,1,0,0,0.2,2.264456944,2.291084341,2.724011126,0,4196,5245,5,1,1,1,1,0.36,world,2.361472978,13.98931387,19.06611628
598.752,sort,0.462890625,7,1,0.1808988764,12.43775452,12.51843393,13.3741744,22,2158,2670,5,1,1,1,1,0.296,world,12.17531229,20.01246463,23.60914653
598.792,ours,1,0,0,0.2,2.263188545,2.29181074,2.718828458,0,4196,5245,5,1,1,1,1,0.008,world,2.358307631,13.98500219,19.0608559
598.792,ab3dmot,1,0,0,0.2,2.264589556,2.291145089,2.723929017,0,4200,5250,5,1,1,1,1,0.368,world,2.354006473,13.98869336,19.06849984
598.792,sort,0.4639376218,7,1,0.1809345794,12.43643544,12.51776351,13.37401376,22,2162,2675,5,1,1,1,1,0.336,world,12.16965935,20.00864589,23.60581894
598.836,ours,1,0,0,0.2,2.263379362,2.29186932,2.718713811,0,4200,5250,5,1,1,1,1,0.036,world,2.352515712,13.98606864,19.06541286
598.836,ab3dmot,1,0,0,0.2,2.264722168,2.291197035,2.723846908,0,4204,5255,5,1,1,1,1,0.312,world,2.345105392,13.99210549,19.07853758
598.836,sort,0.4649805447,7,1,0.1809701493,12.43575956,12.5170957,13.37385313,22,2166,2680,5,1,1,1,1,0.216,world,12.16968036,20.01066332,23.60861179
598.872,ours,1,0,0,0.2,2.263570179,2.291921318,2.718599164,0,4204,5255,5,1,1,1,1,0.02,world,2.345883178,13.98780783,19.07133439
598.872,ab3dmot,1,0,0,0.2,2.264910427,2.291241735,2.7237648,0,4208,5260,5,1,1,1,1,0.284,world,2.337749486,13.99444543,19.08577815
598.872,sort,0.4660194175,7,1,0.1810055866,12.43508368,12.51642392,13.37369249,22,2170,2685,5,1,1,1,1,0.252,world,12.1662186,20.00800921,23.6061349
598.916,ours,1,0,0,0.2,2.26366998,2.291966647,2.718484518,0,4208,5260,5,1,1,1,1,0.02,world,2.339122585,13.9896804,19.07737654
598.916,ab3dmot,1,0,0,0.2,2.265098686,2.291278104,2.723682691,0,4212,5265,5,1,1,1,1,0.232,world,2.329223795,13.99785278,19.09502725
598.916,sort,0.4670542636,7,1,0.1810408922,12.43459648,12.515748,13.37353185,22,2174,2690,5,1,1,1,1,0.3,world,12.16265922,20.00531452,23.60365228
598.988,ours,1,0,0,0.2,2.263769782,2.291999685,2.718369871,0,4212,5265,5,1,1,1,1,0.036,world,2.326495875,13.99307421,19.08762603
598.988,ab3dmot,1,0,0,0.2,2.265437155,2.291304347,2.723600582,0,4216,5270,5,1,1,1,1,0.2,world,2.318773406,14.00046755,19.10167305
598.988,sort,0.4680851064,7,1,0.1810760668,12.43410929,12.51506075,13.37337121,22,2178,2695,5,1,1,1,1,0.368,world,12.15525739,19.99981064,23.59867649
599.052,ours,1,0,0,0.2,2.264385825,2.292021458,2.718255224,0,4216,5270,5,1,1,1,1,0.052,world,2.314834071,13.99493494,19.09553983
599.052,ab3dmot,1,0,0,0.2,2.265775623,2.291318208,2.723518473,0,4220,5275,5,1,1,1,1,0.132,world,2.30588076,14.00380273,19.11193858
599.052,sort,0.4691119691,7,1,0.1811111111,12.43288938,12.514375,13.37321057,22,2182,2700,5,1,1,1,1,0.1,world,12.15466271,20.00222169,23.60237996
599.116,ours,1,0,0,0.2,2.265001868,2.292032276,2.718140577,0,4220,5275,5,1,1,1,1,0.024,world,2.303407065,13.99741544,19.10281372
599.116,ab3dmot,1,0,0,0.2,2.265775623,2.291323993,2.723436364,0,4224,5280,5,1,1,1,1,0.164,world,2.297418929,14.00302217,19.11370796
599.116,sort,0.4701348748,7,1,0.1811460259,12.43166948,12.51367672,13.37304994,22,2186,2705,5,1,1,1,1,0.164,world,12.14657587,19.99647109,23.59743153
599.216,ours,1,0,0,0.2,2.265184306,2.292036046,2.718025931,0,4224,5280,5,1,1,1,1,0.036,world,2.296009185,13.99509499,19.10213653
599.216,ab3dmot,1,0,0,0.2,2.265775623,2.291322745,2.723354255,0,4228,5285,5,1,1,1,1,0.264,world,2.290004695,14.00069909,19.1130313
599.216,sort,0.4711538462,7,1,0.1811808118,12.43162055,12.51296541,13.3728893,22,2190,2710,5,1,1,1,1,0.264,world,12.13817085,19.99061041,23.59250607
599.3,ours,1,0,0,0.2,2.265366745,2.292026814,2.717911284,0,4228,5285,5,1,1,1,1,0.016,world,2.282257599,13.99385552,19.1052079
599.3,ab3dmot,1,0,0,0.2,2.265978628,2.291309434,2.723272146,0,4232,5290,5,1,1,1,1,0.248,world,2.277195929,13.99846357,19.11434401
599.3,sort,0.472168906,7,1,0.1812154696,12.43157162,12.5122323,13.37272866,22,2194,2715,5,1,1,1,1,0.348,world,12.12500821,19.98163699,23.58517816
599.38,ours,1,0,0,0.2,2.26568553,2.292009817,2.717796637,0,4232,5290,5,1,1,1,1,0.032,world,2.273973092,13.99151164,19.1050903
599.38,ab3dmot,1,0,0,0.2,2.266181632,2.291288699,2.723190037,0,4236,5295,5,1,1,1,1,0.328,world,2.269245209,13.99599115,19.1136489
599.38,sort,0.4731800766,7,1,0.18125,12.43118066,12.51149744,13.37178627,22,2198,2720,5,1,1,1,1,0.264,world,12.12258278,19.98110988,23.58557212
599.412,ours,1,0,0,0.2,2.266004316,2.291988992,2.71768199,0,4236,5295,5,1,1,1,1,0.012,world,2.26984891,13.99014659,19.10485144
599.412,ab3dmot,1,0,0,0.2,2.265978628,2.291264725,2.723107928,0,4240,5300,5,1,1,1,1,0.26,world,2.265734116,13.99140936,19.11167101
599.412,sort,0.4741873805,7,1,0.1812844037,12.4307897,12.51075674,13.37084389,22,2202,2725,5,1,1,1,1,0.296,world,12.11793398,19.97804363,23.5831787
599.48,ours,1,0,0,0.2,2.26568553,2.291959128,2.717567343,0,4240,5300,5,1,1,1,1,0.032,world,2.260111453,13.98619796,19.10628133
599.48,ab3dmot,1,0,0,0.2,2.265775623,2.291232752,2.723025819,0,4244,5305,5,1,1,1,1,0.264,world,2.257086923,13.98676756,19.11130866
599.48,sort,0.4751908397,7,1,0.1813186813,12.43008867,12.51000134,13.3699015,22,2206,2730,5,1,1,1,1,0.364,world,12.10847032,19.97187732,23.57844825
599.512,ours,1,0,0,0.2,2.265366745,2.291924216,2.717452697,0,4244,5305,5,1,1,1,1,0.012,world,2.254614021,13.98427388,19.10799755
599.512,ab3dmot,1,0,0,0.2,2.265775623,2.291196582,2.723024039,0,4248,5310,5,1,1,1,1,0.228,world,2.252492865,13.98359582,19.11144272
599.512,sort,0.4761904762,7,1,0.1813528336,12.42938764,12.50925167,13.36895912,22,2210,2735,5,1,1,1,1,0.064,world,12.11004131,19.97605239,23.58385007
599.592,ours,1,0,0,0.2,2.265184306,2.291880846,2.717336118,0,4248,5310,5,1,1,1,1,0.032,world,2.245393011,13.98061412,19.10849401
599.592,ab3dmot,1,0,0,0.2,2.265775623,2.291153395,2.723022259,0,4252,5315,5,1,1,1,1,0.244,world,2.244820157,13.97869577,19.10929276
599.592,sort,0.4771863118,7,1,0.1813868613,12.42795428,12.50848798,13.36801673,22,2214,2740,5,1,1,1,1,0.112,world,12.100901,19.97054461,23.57999644
599.676,ours,1,0,0,0.2,2.265001868,2.29182975,2.717219539,0,4252,5315,5,1,1,1,1,0.048,world,2.236906697,13.97736065,19.10766917
599.676,ab3dmot,1,0,0,0.2,2.26575487,2.291102456,2.723020479,0,4256,5320,5,1,1,1,1,0.328,world,2.236298084,13.97607355,19.10859734
599.676,sort,0.4781783681,7,1,0.181420765,12.42652093,12.50771008,13.36707434,22,2218,2745,5,1,1,1,1,0.164,world,12.09159722,19.96502853,23.57624523
599.744,ours,1,0,0,0.2,2.264385825,2.29177107,2.71710296,0,4256,5320,5,1,1,1,1,0.044,world,2.228520528,13.97414545,19.10654518
599.744,ab3dmot,1,0,0,0.2,2.265734116,2.291044945,2.723018699,0,4260,5325,5,1,1,1,1,0.332,world,2.229012128,13.97173522,19.10554083
599.744,sort,0.4791666667,7,1,0.1814545455,12.42453074,12.5069167,13.36613196,22,2222,2750,5,1,1,1,1,0.232,world,12.08155928,19.95884093,23.57188549
599.808,ours,1,0,0,0.2,2.263769782,2.291704602,2.716986381,0,4260,5325,5,1,1,1,1,0.008,world,2.219856048,13.97089968,19.10578905
599.808,ab3dmot,1,0,0,0.2,2.265416401,2.290980265,2.723016919,0,4264,5330,5,1,1,1,1,0.328,world,2.221027753,13.97011447,19.10374946
599.808,sort,0.4801512287,7,1,0.1814882033,12.42254055,12.50614531,13.36518957,22,2226,2755,5,1,1,1,1,0.296,world,12.09198141,20.06988083,23.75157797
599.884,ours,1,0,0,0.2,2.26366998,2.291630614,2.716869802,0,4264,5330,5,1,1,1,1,0.02,world,2.211428339,13.97237902,19.10517483
599.884,ab3dmot,1,0,0,0.2,2.265098686,2.290908897,2.723015139,0,4268,5335,5,1,1,1,1,0.272,world,2.213521604,13.97283586,19.10196655
599.884,sort,0.4811320755,7,1,0.1815217391,12.42240937,12.50535809,13.36424718,22,2230,2760,5,1,1,1,1,0.372,world,12.08173082,20.06374873,23.747479
599.964,ours,1,0,0,0.2,2.263570179,2.29154929,2.716753223,0,4268,5335,5,1,1,1,1,0.056,world,2.203150768,13.97294789,19.10447633
599.964,ab3dmot,1,0,0,0.2,2.264910427,2.290830605,2.723013359,0,4272,5340,5,1,1,1,1,0.188,world,2.205710302,13.97231281,19.10041928
599.964,sort,0.4821092279,7,1,0.1815551537,12.42227819,12.50455503,13.3633048,22,2234,2765,5,1,1,1,1,0.452,world,12.07141864,20.05766967,23.74352425
600.028,ours,1,0,0,0.2,2.263379362,2.291460492,2.716636644,0,4272,5340,5,1,1,1,1,0.028,world,2.194667853,13.97043805,19.1034593
600.028,ab3dmot,1,0,0,0.2,2.264722168,2.290744522,2.723011579,0,4276,5345,5,1,1,1,1,0.12,world,2.196883909,13.96810644,19.09949506
600.028,sort,0.4830827068,7,1,0.1815884477,12.42083068,12.50376509,13.36236241,22,2238,2770,5,1,1,1,1,0.12,world,12.07700834,20.10252986,23.81460533
600.1,ours,1,0,0,0.2,2.263188545,2.291363732,2.716520065,0,4276,5345,5,1,1,1,1,0.024,world,2.185579635,13.96551727,19.10285104
600.1,ab3dmot,1,0,0,0.2,2.264589556,2.290650897,2.723009799,0,4280,5350,5,1,1,1,1,0.06,world,2.188275742,13.96261324,19.09805975
600.1,sort,0.4840525328,7,1,0.1816216216,12.41938317,12.50291004,13.36142003,22,2242,2775,5,1,1,1,1,0.092,world,12.03941639,19.98186164,23.63539478
600.188,ours,1,0,0,0.2,2.263157966,2.291259714,2.716403486,0,4280,5350,5,1,1,1,1,0.024,world,2.177223647,13.96184312,19.10150961
600.188,ab3dmot,1,0,0,0.2,2.264456944,2.290550094,2.723008019,0,4284,5355,5,1,1,1,1,0.08,world,2.180021178,13.95904642,19.09660569
600.188,sort,0.4850187266,7,1,0.1816546763,12.41699149,12.5020268,13.36047764,22,2246,2780,5,1,1,1,1,0.112,world,12.02203113,19.94452341,23.58349786
600.272,ours,1,0,0,0.2,2.263127386,2.291144825,2.716286907,0,4284,5355,5,1,1,1,1,0.044,world,2.164723208,13.9572624,19.0998606
600.272,ab3dmot,1,0,0,0.2,2.264420304,2.290438307,2.723006239,0,4288,5360,5,1,1,1,1,0.1,world,2.167407322,13.95459759,19.09518656
600.272,sort,0.4859813084,7,1,0.1816876122,12.4145998,12.50111317,13.35953525,22,2250,2785,5,1,1,1,1,0.132,world,12.00330638,19.92029862,23.55442943
600.364,ours,1,0,0,0.2,2.263073608,2.291023043,2.716170328,0,4288,5360,5,1,1,1,1,0.06,world,2.15665041,13.95397963,19.09851431
600.364,ab3dmot,1,0,0,0.2,2.264383664,2.290319476,2.723004459,0,4292,5365,5,1,1,1,1,0.092,world,2.159174705,13.95114888,19.0940854
600.364,sort,0.4869402985,7,1,0.1817204301,12.4142392,12.50018111,13.35859287,22,2254,2790,5,1,1,1,1,0.16,world,11.99114384,19.90507659,23.53645729
600.432,ours,1,0,0,0.2,2.26301983,2.290894316,2.716053749,0,4292,5365,5,1,1,1,1,0.032,world,2.148467471,13.95107695,19.09760636
600.432,ab3dmot,1,0,0,0.2,2.264356698,2.290193534,2.723002678,0,4296,5370,5,1,1,1,1,0.16,world,2.150813333,13.94866508,19.09354174
600.432,sort,0.4878957169,7,1,0.1817531306,12.4138786,12.49923469,13.35765048,22,2258,2795,5,1,1,1,1,0.128,world,11.98119709,19.89702007,23.52898727
600.504,ours,1,0,0,0.2,2.262310576,2.290758643,2.71593717,0,4296,5370,5,1,1,1,1,0.024,world,2.140231395,13.94864149,19.09708736
600.504,ab3dmot,1,0,0,0.2,2.264329732,2.290060646,2.723000898,0,4300,5375,5,1,1,1,1,0.232,world,2.142585835,13.94623106,19.09302261
600.504,sort,0.4888475836,7,1,0.1817857143,12.41315428,12.49827415,13.35670809,22,2262,2800,5,1,1,1,1,0.132,world,11.9713368,19.88997744,23.52321235
600.576,ours,1,0,0,0.2,2.261601322,2.290616202,2.715820591,0,4300,5375,5,1,1,1,1,0.032,world,2.13214846,13.94626163,19.09659446
600.576,ab3dmot,1,0,0,0.2,2.26420543,2.289920989,2.722999118,0,4304,5380,5,1,1,1,1,0.304,world,2.134511399,13.94385263,19.0925296
600.576,sort,0.4897959184,7,1,0.1818181818,12.41242996,12.49729968,13.35576571,22,2266,2805,5,1,1,1,1,0.204,world,11.96153467,19.88489405,23.52076735
600.636,ours,1,0,0,0.2,2.261561716,2.290467185,2.715704012,0,4304,5380,5,1,1,1,1,0.024,world,2.124237302,13.94394303,19.09612919
600.636,ab3dmot,1,0,0,0.2,2.264081129,2.289774958,2.722997338,0,4308,5385,5,1,1,1,1,0.332,world,2.126843522,13.94088277,19.09159915
600.636,sort,0.4907407407,7,1,0.1818505338,12.41225124,12.4963117,13.35482332,22,2270,2810,5,1,1,1,1,0.264,world,11.9519104,19.87999499,23.51854086
600.7,ours,1,0,0,0.2,2.261522109,2.290312282,2.715587433,0,4308,5385,5,1,1,1,1,0.032,world,2.117078783,13.94074279,19.0948349
600.7,ab3dmot,1,0,0,0.2,2.263985682,2.289623568,2.722995558,0,4312,5390,5,1,1,1,1,0.328,world,2.120311644,13.93685393,19.08924981
600.7,sort,0.4916820702,7,1,0.1818827709,12.41207252,12.49531072,13.35388094,22,2274,2815,5,1,1,1,1,0.296,world,11.94253216,19.87561356,23.51604532
600.736,ours,1,0,0,0.2,2.261372919,2.290156634,2.715470854,0,4312,5390,5,1,1,1,1,0.036,world,2.115887539,13.93591901,19.08990168
600.736,ab3dmot,1,0,0,0.2,2.263890235,2.289471891,2.722993778,0,4316,5395,5,1,1,1,1,0.264,world,2.119661615,13.93151013,19.08346879
600.736,sort,0.4926199262,7,1,0.1819148936,12.4108879,12.49430553,13.35359907,22,2278,2820,5,1,1,1,1,0.2,world,11.93809678,19.86868423,23.50805991
600.812,ours,1,0,0,0.2,2.261223729,2.289997358,2.715354275,0,4316,5395,5,1,1,1,1,0.036,world,2.111321322,13.93007043,19.08466321
600.812,ab3dmot,1,0,0,0.2,2.263714799,2.289316932,2.722991998,0,4320,5400,5,1,1,1,1,0.212,world,2.115513058,13.92538812,19.07762758
600.812,sort,0.4935543278,7,1,0.1819469027,12.40970328,12.49328843,13.3533172,22,2282,2825,5,1,1,1,1,0.112,world,11.92926468,19.85995235,23.49881595
600.908,ours,1,0,0,0.2,2.260941908,2.289833101,2.715237696,0,4320,5400,5,1,1,1,1,0.04,world,2.105145513,13.92694269,19.08266582
600.908,ab3dmot,1,0,0,0.2,2.263539362,2.289156156,2.722990218,0,4324,5405,5,1,1,1,1,0.308,world,2.108373366,13.92333009,19.07726997
600.908,sort,0.4944852941,7,1,0.1819787986,12.40743893,12.4922596,13.35303534,22,2286,2830,5,1,1,1,1,0.172,world,11.92049625,19.85485359,23.49576106
601,ours,1,0,0,0.2,2.260660087,2.289660433,2.715121117,0,4324,5405,5,1,1,1,1,0.036,world,2.094887926,13.92401221,19.08219382
601,ab3dmot,1,0,0,0.2,2.263376927,2.288987745,2.72287492,0,4328,5410,5,1,1,1,1,0.364,world,2.099047168,13.91941851,19.07528247
601,sort,0.495412844,7,1,0.182010582,12.40517459,12.49121222,13.35275347,22,2290,2835,5,1,1,1,1,0.264,world,11.90778814,19.84905489,23.49408939
601.064,ours,1,0,0,0.2,2.260487277,2.289485991,2.715043553,0,4328,5410,5,1,1,1,1,0.032,world,2.09242651,13.9178498,19.07522916
601.064,ab3dmot,1,0,0,0.2,2.263214492,2.288818275,2.722759622,0,4332,5415,5,1,1,1,1,0.296,world,2.097445346,13.91303495,19.06701045
601.064,sort,0.4963369963,7,1,0.1820422535,12.40397618,12.49015446,13.3524716,22,2294,2840,5,1,1,1,1,0.328,world,11.89969654,19.84548516,23.49325948
601.1,ours,1,0,0,0.2,2.260314467,2.289311905,2.71496599,0,4332,5415,5,1,1,1,1,0.008,world,2.092482306,13.91401419,19.06987718
601.1,ab3dmot,1,0,0,0.2,2.26268458,2.288648584,2.722644323,0,4336,5420,5,1,1,1,1,0.232,world,2.096827094,13.90987844,19.06279739
601.1,sort,0.4972577697,7,1,0.1820738137,12.40277777,12.48909438,13.35218974,22,2298,2845,5,1,1,1,1,0.1,world,11.8961912,19.83678291,23.48067692
601.172,ours,1,0,0,0.2,2.26021296,2.28913498,2.714888427,0,4336,5420,5,1,1,1,1,0.016,world,2.088746204,13.91013923,19.06588814
601.172,ab3dmot,1,0,0,0.2,2.262154669,2.288475527,2.722529025,0,4340,5425,5,1,1,1,1,0.208,world,2.092482585,13.9065839,19.05983207
601.172,sort,0.4981751825,7,1,0.1821052632,12.40165939,12.48802515,13.35190787,22,2302,2850,5,1,1,1,1,0.076,world,11.88875216,19.83107066,23.47579174
601.2,ours,1,0,0,0.2,2.260111453,2.28895687,2.714810864,0,4340,5425,5,1,1,1,1,0,world,2.086965924,13.90796141,19.0639526
601.2,ab3dmot,1,0,0,0.2,2.2617995,2.288300475,2.722413727,0,4344,5430,5,1,1,1,1,0.168,world,2.089746854,13.90530192,19.05945915
601.2,sort,0.4990892532,7,1,0.1821366025,12.40054101,12.48695337,13.35162601,22,2306,2855,5,1,1,1,1,0.104,world,11.88508672,19.82956289,23.4756265
601.296,ours,1,0,0,0.2,2.260061521,2.288774978,2.714733301,0,4344,5430,5,1,1,1,1,0.032,world,2.082081674,13.90558761,19.06265202
601.296,ab3dmot,1,0,0,0.2,2.261444331,2.28812107,2.722298429,0,4348,5435,5,1,1,1,1,0.232,world,2.084192,13.90368362,19.05925441
601.296,sort,0.5,7,1,0.1821678322,12.39943979,12.48586425,13.35134414,22,2310,2860,5,1,1,1,1,0.2,world,11.87286421,19.82546383,23.47686539
601.344,ours,1,0,0,0.2,2.260011588,2.288591167,2.714655737,0,4348,5435,5,1,1,1,1,0.044,world,2.079404156,13.90485659,19.06258973
601.344,ab3dmot,1,0,0,0.2,2.261399174,2.287939742,2.722183131,0,4352,5440,5,1,1,1,1,0.28,world,2.081517144,13.90295308,19.05919211
601.344,sort,0.500907441,7,1,0.1821989529,12.39833858,12.48477164,13.35106227,22,2314,2865,5,1,1,1,1,0.248,world,11.86860575,19.8239495,23.47712807
601.396,ours,1,0,0,0.2,2.259889575,2.288403628,2.714578174,0,4352,5440,5,1,1,1,1,0.036,world,2.074547455,13.90315152,19.06208485
601.396,ab3dmot,1,0,0,0.2,2.261354017,2.287754739,2.722067832,0,4356,5445,5,1,1,1,1,0.268,world,2.076730737,13.9012437,19.05858452
601.396,sort,0.5018115942,7,1,0.1822299652,12.39618154,12.4836711,13.35078041,22,2318,2870,5,1,1,1,1,0.3,world,11.86175647,19.82149559,23.47750692
601.428,ours,1,0,0,0.2,2.259767561,2.288214846,2.714500611,0,4356,5445,5,1,1,1,1,0.028,world,2.072658653,13.90200432,19.06118288
601.428,ab3dmot,1,0,0,0.2,2.260783019,2.287568829,2.721952534,0,4360,5450,5,1,1,1,1,0.264,world,2.075251187,13.89984407,19.05703429
601.428,sort,0.5027124774,7,1,0.1822608696,12.39402451,12.48256854,13.35049854,22,2322,2875,5,1,1,1,1,0.232,world,11.85831701,19.81882635,23.47508275
601.468,ours,1,0,0,0.2,2.259640884,2.288026594,2.714423048,0,4360,5450,5,1,1,1,1,0.008,world,2.072897791,13.8993758,19.05702833
601.468,ab3dmot,1,0,0,0.2,2.260212022,2.287382615,2.721837236,0,4364,5455,5,1,1,1,1,0.204,world,2.07449451,13.89844959,19.05448288
601.468,sort,0.5036101083,7,1,0.1822916667,12.39297615,12.481463,13.35021667,22,2326,2880,5,1,1,1,1,0.14,world,11.85431819,19.81632506,23.47314328
601.5,ours,1,0,0,0.2,2.259514207,2.287837406,2.714345485,0,4364,5455,5,1,1,1,1,0.004,world,2.071374247,13.89846287,19.05584718
601.5,ab3dmot,1,0,0,0.2,2.259499649,2.287195067,2.721721938,0,4368,5460,5,1,1,1,1,0.172,world,2.072494865,13.89829393,19.05407579
601.5,sort,0.5045045045,7,1,0.182322357,12.39192778,12.48035557,13.34993481,22,2330,2885,5,1,1,1,1,0.14,world,11.85093831,19.81603779,23.47468617
601.56,ours,1,0,0,0.2,2.259376741,2.287645646,2.714267922,0,4368,5460,5,1,1,1,1,0.016,world,2.067868927,13.897134,19.05466912
601.56,ab3dmot,1,0,0,0.2,2.258787277,2.287004589,2.72160664,0,4372,5465,5,1,1,1,1,0.2,world,2.068561498,13.89720938,19.05358619
601.56,sort,0.5053956835,7,1,0.1823529412,12.38987838,12.47924227,13.34965294,22,2334,2890,5,1,1,1,1,0.204,world,11.84522632,19.81515156,23.47690392
601.6,ours,1,0,0,0.2,2.259239275,2.287452569,2.714190358,0,4372,5465,5,1,1,1,1,0,world,2.065871899,13.89662753,19.05469262
601.6,ab3dmot,1,0,0,0.2,2.258357759,2.286812794,2.721491342,0,4376,5470,5,1,1,1,1,0.24,world,2.066565331,13.89670316,19.05360971
601.6,sort,0.5062836625,7,1,0.1823834197,12.38782899,12.47812819,13.34937108,22,2338,2895,5,1,1,1,1,0.244,world,11.84248555,19.8149515,23.47833572
601.688,ours,1,0,0,0.2,2.258701951,2.287256755,2.714112795,0,4376,5470,5,1,1,1,1,0.028,world,2.062144749,13.89570259,19.05477333
601.688,ab3dmot,1,0,0,0.2,2.25792824,2.28661826,2.721376043,0,4380,5475,5,1,1,1,1,0.328,world,2.062839834,13.89577869,19.05369047
601.688,sort,0.5071684588,7,1,0.1824137931,12.38683538,12.47700962,13.34908921,22,2342,2900,5,1,1,1,1,0.328,world,11.83754739,19.81411984,23.48024198
601.708,ours,1,0,0,0.2,2.258164627,2.287059858,2.714035232,0,4380,5475,5,1,1,1,1,0.012,world,2.060416176,13.8952846,19.05483071
601.708,ab3dmot,1,0,0,0.2,2.257652826,2.286422612,2.721260745,0,4384,5480,5,1,1,1,1,0.316,world,2.061073595,13.8958311,19.05382874
601.708,sort,0.5080500894,7,1,0.182444062,12.38584176,12.47589098,13.34880734,22,2346,2905,5,1,1,1,1,0.352,world,11.83521264,19.81390731,23.48144484
601.756,ours,1,0,0,0.2,2.257391702,2.286862429,2.713957669,0,4384,5480,5,1,1,1,1,0,world,2.05935099,13.8950953,19.05401436
601.756,ab3dmot,1,0,0,0.2,2.257377413,2.286226437,2.721145447,0,4388,5485,5,1,1,1,1,0.296,world,2.060017719,13.89628369,19.05306514
601.756,sort,0.5089285714,7,1,0.1824742268,12.38492288,12.47477049,13.34852548,22,2350,2910,5,1,1,1,1,0.264,world,11.83182275,19.81134867,23.47914149
601.8,ours,1,0,0,0.2,2.256618776,2.286665124,2.713880106,0,4388,5485,5,1,1,1,1,0.008,world,2.059084285,13.89489732,19.05213686
601.8,ab3dmot,1,0,0,0.2,2.257232168,2.286031792,2.721030149,0,4392,5490,5,1,1,1,1,0.276,world,2.061467667,13.8954057,19.04859815
601.8,sort,0.5098039216,7,1,0.1825042882,12.38400399,12.4736505,13.34824361,22,2354,2915,5,1,1,1,1,0.308,world,11.82980939,19.81100732,23.4799766
601.856,ours,1,0,0,0.2,2.256553488,2.286468299,2.713802542,0,4392,5490,5,1,1,1,1,0.028,world,2.059252267,13.89343398,19.04776054
601.856,ab3dmot,1,0,0,0.2,2.257086923,2.285837806,2.720914851,0,4396,5495,5,1,1,1,1,0.264,world,2.061859453,13.8940661,19.04400055
601.856,sort,0.5106761566,7,1,0.1825342466,12.37905651,12.47252818,13.34792791,22,2358,2920,5,1,1,1,1,0.364,world,11.82612866,19.81054682,23.48181595
601.892,ours,1,0,0,0.2,2.256488201,2.28627323,2.713724979,0,4396,5495,5,1,1,1,1,0.008,world,2.060978293,13.89219575,19.04332671
601.892,ab3dmot,1,0,0,0.2,2.256961817,2.285645422,2.720799552,0,4400,5500,5,1,1,1,1,0.232,world,2.063401576,13.89334892,19.04000509
601.892,sort,0.5115452931,7,1,0.1825641026,12.37410902,12.47140264,13.3476122,22,2362,2925,5,1,1,1,1,0.136,world,11.82190835,19.80843907,23.48025186
601.948,ours,1,0,0,0.2,2.256290891,2.286079411,2.713647416,0,4400,5500,5,1,1,1,1,0.044,world,2.062089469,13.89145429,19.04005276
601.948,ab3dmot,1,0,0,0.2,2.256836711,2.285454209,2.720684254,0,4404,5505,5,1,1,1,1,0.192,world,2.06442268,13.89238412,19.03688744
601.948,sort,0.5124113475,7,1,0.1825938567,12.36883909,12.47027761,13.3472965,22,2366,2930,5,1,1,1,1,0.192,world,11.81989522,19.80999193,23.48407742
602,ours,1,0,0,0.2,2.25609358,2.28588509,2.713569853,0,4404,5505,5,1,1,1,1,0.016,world,2.061067917,13.89082138,19.03881394
602,ab3dmot,1,0,0,0.2,2.256527697,2.285261649,2.720634713,0,4408,5510,5,1,1,1,1,0.244,world,2.062374737,13.89201023,19.03717821
602,sort,0.5132743363,7,1,0.1826235094,12.36356916,12.46915139,13.34698079,22,2370,2935,5,1,1,1,1,0.244,world,11.81687316,19.81108606,23.48802119
602.06,ours,1,0,0,0.2,2.255829174,2.285690382,2.713534621,0,4408,5510,5,1,1,1,1,0.028,world,2.06018357,13.89068029,19.03897714
602.06,ab3dmot,1,0,0,0.2,2.256218683,2.2850687,2.720585171,0,4412,5515,5,1,1,1,1,0.304,world,2.061491634,13.89186955,19.03734146
602.06,sort,0.5141342756,7,1,0.1826530612,12.36267711,12.46802673,13.34666509,22,2374,2940,5,1,1,1,1,0.304,world,11.81549215,19.81190491,23.49035203
602.1,ours,1,0,0,0.2,2.255564767,2.285494797,2.71349939,0,4412,5515,5,1,1,1,1,0.012,world,2.058697789,13.89044056,19.03933941
602.1,ab3dmot,1,0,0,0.2,2.256097702,2.284874397,2.72053563,0,4416,5520,5,1,1,1,1,0.308,world,2.059426612,13.89206321,19.03861218
602.1,sort,0.5149911817,7,1,0.1826825127,12.36178506,12.46690233,13.34634938,22,2378,2945,5,1,1,1,1,0.344,world,11.81333331,19.81260363,23.49373706
602.148,ours,1,0,0,0.2,2.25534304,2.285298704,2.713464158,0,4416,5520,5,1,1,1,1,0.04,world,2.057661571,13.89113823,19.04028235
602.148,ab3dmot,1,0,0,0.2,2.255976722,2.284678392,2.720486088,0,4420,5525,5,1,1,1,1,0.292,world,2.056928046,13.89369154,19.04182314
602.148,sort,0.5158450704,7,1,0.1827118644,12.35476666,12.46577921,13.34603368,22,2382,2950,5,1,1,1,1,0.324,world,11.81178312,19.81310443,23.49490831
602.188,ours,1,0,0,0.2,2.255121313,2.285101449,2.713428926,0,4420,5525,5,1,1,1,1,0.016,world,2.055819543,13.89241889,19.04263485
602.188,ab3dmot,1,0,0,0.2,2.25515261,2.284481131,2.720436546,0,4424,5530,5,1,1,1,1,0.3,world,2.054969254,13.89466975,19.04428728
602.188,sort,0.5166959578,7,1,0.1827411168,12.34774825,12.46465736,13.34571797,22,2386,2955,5,1,1,1,1,0.272,world,11.81023815,19.81254355,23.49485925
602.22,ours,1,0,0,0.2,2.254904622,2.284902372,2.713393695,0,4424,5530,5,1,1,1,1,0.02,world,2.053160439,13.89412006,19.04637451
602.22,ab3dmot,1,0,0,0.2,2.254328499,2.284280947,2.720387005,0,4428,5535,5,1,1,1,1,0.264,world,2.050951486,13.89699599,19.05007753
602.22,sort,0.5175438596,7,1,0.1827702703,12.34101455,12.46353692,13.34540227,22,2390,2960,5,1,1,1,1,0.2,world,11.80878012,19.81201224,23.49479759
602.284,ours,1,0,0,0.2,2.254687931,2.284703197,2.713358463,0,4428,5535,5,1,1,1,1,0.032,world,2.052618377,13.8942403,19.04685653
602.284,ab3dmot,1,0,0,0.2,2.254296341,2.284080668,2.720337463,0,4432,5540,5,1,1,1,1,0.328,world,2.050409273,13.89711624,19.05055947
602.284,sort,0.5183887916,7,1,0.1827993255,12.33428085,12.46241798,13.34508656,22,2394,2965,5,1,1,1,1,0.196,world,11.80737738,19.81257926,23.49683549
602.32,ours,1,0,0,0.2,2.254673615,2.284504259,2.713323232,0,4432,5540,5,1,1,1,1,0.024,world,2.052488988,13.89434678,19.04711548
602.32,ab3dmot,1,0,0,0.2,2.254264182,2.28387923,2.720287922,0,4436,5545,5,1,1,1,1,0.336,world,2.048551594,13.89829673,19.05348347
602.32,sort,0.5192307692,7,1,0.1828282828,12.32932667,12.46130246,13.34477086,22,2398,2970,5,1,1,1,1,0.236,world,11.80714502,19.81332265,23.49842822
602.384,ours,1,0,0,0.2,2.254659298,2.284302975,2.713288,0,4436,5545,5,1,1,1,1,0.032,world,2.049168183,13.89681421,19.05250937
602.384,ab3dmot,1,0,0,0.2,2.254260493,2.283675666,2.72023838,0,4440,5550,5,1,1,1,1,0.328,world,2.045492886,13.90023616,19.05840911
602.384,sort,0.520069808,7,1,0.1828571429,12.32437248,12.46019056,13.34445515,22,2402,2975,5,1,1,1,1,0.296,world,11.8070338,19.8141361,23.50006558
602.42,ours,1,0,0,0.2,2.254659298,2.284102083,2.713252768,0,4440,5550,5,1,1,1,1,0.02,world,2.049226713,13.89698211,19.05279204
602.42,ab3dmot,1,0,0,0.2,2.254256804,2.283471577,2.720188839,0,4444,5555,5,1,1,1,1,0.332,world,2.044408074,13.90096326,19.06043119
602.42,sort,0.5209059233,7,1,0.182885906,12.32410186,12.45908244,13.34413945,22,2406,2980,5,1,1,1,1,0.332,world,11.8070435,19.81501898,23.50174656
602.476,ours,1,0,0,0.2,2.254659298,2.283900514,2.713217537,0,4444,5555,5,1,1,1,1,0.024,world,2.047962308,13.89847489,19.05596776
602.476,ab3dmot,1,0,0,0.2,2.254140726,2.283266622,2.720139297,0,4448,5560,5,1,1,1,1,0.324,world,2.042899068,13.9024944,19.06397167
602.476,sort,0.5217391304,7,1,0.1829145729,12.32383123,12.45797731,13.34382374,22,2410,2985,5,1,1,1,1,0.288,world,11.80657252,19.81594042,23.50373581
602.5,ours,1,0,0,0.2,2.25463666,2.283698229,2.713182305,0,4448,5560,5,1,1,1,1,0,world,2.046647043,13.89997071,19.05888331
602.5,ab3dmot,1,0,0,0.2,2.254024647,2.283061391,2.720089755,0,4452,5565,5,1,1,1,1,0.248,world,2.042121121,13.9037095,19.06607266
602.5,sort,0.5225694444,7,1,0.1829431438,12.31973111,12.45704888,13.34350804,22,2414,2990,5,1,1,1,1,0.216,world,11.91122496,20.22086515,24.11736411
602.552,ours,1,0,0,0.2,2.254614021,2.283496044,2.713147074,0,4452,5565,5,1,1,1,1,0.028,world,2.046341148,13.90144787,19.06049362
602.552,ab3dmot,1,0,0,0.2,2.253868501,2.282856751,2.720040214,0,4456,5570,5,1,1,1,1,0.24,world,2.042420612,13.90505594,19.06680492
602.552,sort,0.5233968804,7,1,0.1829716194,12.31563098,12.45625586,13.34319233,22,2418,2995,5,1,1,1,1,0.172,world,11.99076344,20.46458938,24.47663326
602.6,ours,1,0,0,0.2,2.254241458,2.283294622,2.713111842,0,4456,5570,5,1,1,1,1,0.008,world,2.046860449,13.90260931,19.0610144
602.6,ab3dmot,1,0,0,0.2,2.253712355,2.282653273,2.719990672,0,4460,5575,5,1,1,1,1,0.248,world,2.043433624,13.90550426,19.06648293
602.6,sort,0.5242214533,7,1,0.183,12.30965864,12.4555837,13.34287663,22,2422,3000,5,1,1,1,1,0.084,world,12.0615044,20.65407218,24.75041716
602.656,ours,1,0,0,0.2,2.253868895,2.283094754,2.71307661,0,4460,5575,5,1,1,1,1,0.028,world,2.048365338,13.90351614,19.06151194
602.656,ab3dmot,1,0,0,0.2,2.253653775,2.282452076,2.719941131,0,4464,5580,5,1,1,1,1,0.24,world,2.045843192,13.90599956,19.06561901
602.656,sort,0.5250431779,7,1,0.1830282862,12.3036863,12.45491644,13.34256092,22,2426,3005,5,1,1,1,1,0.14,world,12.06306459,20.65664304,24.75419298
602.7,ours,1,0,0,0.2,2.253396092,2.282896439,2.713041379,0,4464,5580,5,1,1,1,1,0.02,world,2.049872588,13.90367888,19.06083293
602.7,ab3dmot,1,0,0,0.2,2.253595195,2.282253358,2.719891589,0,4468,5585,5,1,1,1,1,0.216,world,2.048503848,13.90477612,19.0630041
602.7,sort,0.525862069,7,1,0.1830564784,12.30091876,12.4543282,13.34224522,22,2430,3010,5,1,1,1,1,0.084,world,12.10894014,20.77080381,24.91721861
602.756,ours,1,0,0,0.2,2.252923289,2.28270038,2.713006147,0,4468,5585,5,1,1,1,1,0.028,world,2.052257448,13.90413059,19.06077885
602.756,ab3dmot,1,0,0,0.2,2.253461025,2.282057214,2.719842048,0,4472,5590,5,1,1,1,1,0.244,world,2.051287547,13.90500179,19.06233886
602.756,sort,0.5266781411,7,1,0.1830845771,12.29815123,12.45374573,13.34192951,22,2434,3015,5,1,1,1,1,0.144,world,12.11118954,20.77373529,24.92117597
602.8,ours,1,0,0,0.2,2.252694334,2.282506365,2.712970915,0,4472,5590,5,1,1,1,1,0.02,world,2.054382492,13.90400395,19.05955421
602.8,ab3dmot,1,0,0,0.2,2.253326854,2.281863854,2.719792506,0,4476,5595,5,1,1,1,1,0.216,world,2.054334208,13.90428981,19.05968767
602.8,sort,0.5274914089,7,1,0.1831125828,12.29579867,12.45316739,13.3413599,22,2438,3020,5,1,1,1,1,0.184,world,12.11248479,20.77529051,24.92319993
602.86,ours,1,0,0,0.2,2.252465379,2.28231577,2.712935684,0,4476,5595,5,1,1,1,1,0.048,world,2.058220723,13.90435598,19.05819923
602.86,ab3dmot,1,0,0,0.2,2.253314137,2.281674525,2.719742964,0,4480,5600,5,1,1,1,1,0.212,world,2.058934794,13.90400675,19.05711943
602.86,sort,0.5283018868,7,1,0.1831404959,12.29344611,12.45259589,13.34079029,22,2442,3025,5,1,1,1,1,0.248,world,12.11541109,20.77857458,24.92733212
602.912,ours,1,0,0,0.2,2.25246199,2.282127133,2.712900452,0,4480,5600,5,1,1,1,1,0.012,world,2.060246801,13.90457196,19.05756678
602.912,ab3dmot,1,0,0,0.2,2.25330142,2.281486581,2.719693423,0,4484,5605,5,1,1,1,1,0.264,world,2.060254111,13.90458506,19.05755969
602.912,sort,0.529109589,7,1,0.1831683168,12.28988134,12.45208266,13.34022068,22,2446,3030,5,1,1,1,1,0.2,world,12.14917859,20.85848907,25.04041742
602.98,ours,1,0,0,0.2,2.252458601,2.281941145,2.712865221,0,4484,5605,5,1,1,1,1,0.028,world,2.06313656,13.90580986,19.05847796
602.98,ab3dmot,1,0,0,0.2,2.252897142,2.281301284,2.719438724,0,4488,5610,5,1,1,1,1,0.332,world,2.063143867,13.90582296,19.05847087
602.98,sort,0.5299145299,7,1,0.1831960461,12.28631656,12.45157468,13.33965106,22,2450,3035,5,1,1,1,1,0.268,world,12.15128743,20.85738374,25.03772019
603.012,ours,1,0,0,0.2,2.252344535,2.281756738,2.712684813,0,4488,5610,5,1,1,1,1,0.012,world,2.064704865,13.90646871,19.05894852
603.012,ab3dmot,1,0,0,0.2,2.252492865,2.281118513,2.719184025,0,4492,5615,5,1,1,1,1,0.332,world,2.065886699,13.90572311,19.05711924
603.012,sort,0.5307167235,7,1,0.1832236842,12.28338091,12.45107021,13.33908145,22,2454,3040,5,1,1,1,1,0.3,world,12.15237061,20.85643288,25.03568878
603.076,ours,1,0,0,0.2,2.252230468,2.281576547,2.712504405,0,4492,5615,5,1,1,1,1,0.028,world,2.069540995,13.90708387,19.05769255
603.076,ab3dmot,1,0,0,0.2,2.251835546,2.280941019,2.718929326,0,4496,5620,5,1,1,1,1,0.328,world,2.072041931,13.90511651,19.05372787
603.076,sort,0.531516184,7,1,0.1832512315,12.28044527,12.45060707,13.33851184,22,2458,3045,5,1,1,1,1,0.296,world,12.17617295,20.90710686,25.10619657
603.1,ours,1,0,0,0.2,2.252182114,2.281398653,2.712323997,0,4496,5620,5,1,1,1,1,0.016,world,2.072006361,13.90538232,19.05384212
603.1,ab3dmot,1,0,0,0.2,2.251178228,2.28076673,2.718674628,0,4500,5625,5,1,1,1,1,0.288,world,2.07563298,13.90253924,19.0481055
603.1,sort,0.5323129252,7,1,0.1832786885,12.2775181,12.4501985,13.33794222,22,2462,3050,5,1,1,1,1,0.188,world,12.20801025,20.98250483,25.21260687
603.148,ours,1,0,0,0.2,2.252133761,2.28122677,2.71214359,0,4500,5625,5,1,1,1,1,0.04,world,2.079066264,13.90439899,19.04954363
603.148,ab3dmot,1,0,0,0.2,2.25116219,2.280598846,2.718419929,0,4504,5630,5,1,1,1,1,0.268,world,2.08317787,13.90156009,19.04313902
603.148,sort,0.533106961,7,1,0.1833060556,12.27459094,12.44979897,13.33737261,22,2466,3055,5,1,1,1,1,0.236,world,12.21261358,20.98660452,25.21706056
603.188,ours,1,0,0,0.2,2.251610428,2.281059259,2.711963182,0,4504,5630,5,1,1,1,1,0.012,world,2.084098215,13.90357151,19.04539014
603.188,ab3dmot,1,0,0,0.2,2.251146152,2.280436244,2.71816523,0,4508,5635,5,1,1,1,1,0.244,world,2.089333024,13.90027331,19.03733255
603.188,sort,0.5338983051,7,1,0.1833333333,12.27034768,12.44942295,13.336803,22,2470,3060,5,1,1,1,1,0.176,world,12.22593588,21.01686484,25.25959408
603.208,ours,1,0,0,0.2,2.251087095,2.280894953,2.711782774,0,4508,5635,5,1,1,1,1,0,world,2.087697816,13.90200699,19.040035
603.208,ab3dmot,1,0,0,0.2,2.250729107,2.280278139,2.717910531,0,4512,5640,5,1,1,1,1,0.196,world,2.0945216,13.898333,19.02975066
603.208,sort,0.5346869712,7,1,0.183360522,12.26610443,12.4490232,13.33623339,22,2474,3065,5,1,1,1,1,0.196,world,12.21089062,20.98343244,25.21290657
603.276,ours,1,0,0,0.2,2.250821132,2.280738215,2.711602367,0,4512,5640,5,1,1,1,1,0.024,world,2.096659644,13.90179246,19.03399666
603.276,ab3dmot,1,0,0,0.2,2.250312063,2.280128471,2.717655832,0,4516,5645,5,1,1,1,1,0.2,world,2.10453639,13.89835795,19.02244492
603.276,sort,0.535472973,7,1,0.1833876221,12.2644845,12.44863599,13.33566377,22,2478,3070,5,1,1,1,1,0.2,world,12.21764654,20.99515706,25.22870746
603.3,ours,1,0,0,0.2,2.25055517,2.280587352,2.711421959,0,4516,5645,5,1,1,1,1,0,world,2.103536496,13.90144955,19.02788303
603.3,ab3dmot,1,0,0,0.2,2.249849922,2.279985792,2.717401134,0,4520,5650,5,1,1,1,1,0.156,world,2.112763836,13.89764982,19.01454838
603.3,sort,0.5362563238,7,1,0.1834146341,12.26286458,12.44825459,13.33509416,22,2482,3075,5,1,1,1,1,0.224,world,12.22037815,20.99740351,25.2309929
603.364,ours,1,0,0,0.2,2.250144565,2.280445166,2.711241551,0,4520,5650,5,1,1,1,1,0.04,world,2.113824917,13.90126262,19.02077041
603.364,ab3dmot,1,0,0,0.2,2.249387781,2.279849789,2.717146435,0,4524,5655,5,1,1,1,1,0.188,world,2.120599625,13.89832428,19.0109784
603.364,sort,0.537037037,7,1,0.1834415584,12.2644845,12.44796303,13.33452455,22,2486,3080,5,1,1,1,1,0.12,world,12.27384614,21.11346247,25.39250721
603.4,ours,1,0,0,0.2,2.24973396,2.280305152,2.711061143,0,4524,5655,5,1,1,1,1,0.016,world,2.116177852,13.90217659,19.021336
603.4,ab3dmot,1,0,0,0.2,2.249203625,2.279715947,2.716891736,0,4528,5660,5,1,1,1,1,0.224,world,2.122945304,13.8992368,19.01154413
603.4,sort,0.5378151261,7,1,0.1834683955,12.26610443,12.44767788,13.33395493,22,2490,3085,5,1,1,1,1,0.156,world,12.27712769,21.1164832,25.39574204
603.468,ours,1,0,0,0.2,2.249492954,2.28016736,2.710880736,0,4528,5660,5,1,1,1,1,0.036,world,2.118595201,13.90311101,19.0219086
603.468,ab3dmot,1,0,0,0.2,2.249019468,2.279584315,2.716637037,0,4532,5665,5,1,1,1,1,0.292,world,2.125355169,13.90016972,19.01211688
603.468,sort,0.538590604,7,1,0.1834951456,12.26997528,12.44739925,13.33338532,22,2494,3090,5,1,1,1,1,0.228,world,12.2804934,21.11953902,25.39898175
603.5,ours,1,0,0,0.2,2.249251947,2.280031838,2.710700328,0,4532,5665,5,1,1,1,1,0.008,world,2.121075347,13.90406531,19.02248793
603.5,ab3dmot,1,0,0,0.2,2.248490938,2.279454941,2.716382338,0,4536,5670,5,1,1,1,1,0.324,world,2.127827609,13.90112248,19.01269635
603.5,sort,0.5393634841,7,1,0.1835218094,12.27384614,12.44712724,13.33281571,22,2498,3095,5,1,1,1,1,0.256,world,12.28394114,21.12262836,25.4022249
603.544,ours,1,0,0,0.2,2.249180853,2.27990077,2.71051992,0,4536,5670,5,1,1,1,1,0.016,world,2.126217365,13.90603122,19.02366553
603.544,ab3dmot,1,0,0,0.2,2.247962408,2.27933001,2.71612764,0,4540,5675,5,1,1,1,1,0.368,world,2.132953574,13.90308514,19.01387423
603.544,sort,0.5401337793,7,1,0.1835483871,12.27421854,12.44686744,13.33224609,22,2502,3100,5,1,1,1,1,0.3,world,12.29078298,21.12823508,25.40778134
603.576,ours,1,0,0,0.2,2.24910976,2.279772216,2.710339513,0,4540,5675,5,1,1,1,1,0.004,world,2.129001663,13.90501588,19.01968424
603.576,ab3dmot,1,0,0,0.2,2.24766379,2.279209762,2.715872941,0,4544,5680,5,1,1,1,1,0.332,world,2.138373489,13.90136668,19.00631831
603.576,sort,0.5409015025,7,1,0.1835748792,12.27459094,12.4466239,13.33167648,22,2506,3105,5,1,1,1,1,0.3,world,12.3001289,21.14956552,25.43768386
603.604,ours,1,0,0,0.2,2.248405857,2.279650045,2.710159105,0,4544,5680,5,1,1,1,1,0.004,world,2.136487067,13.90432035,19.01343313
603.604,ab3dmot,1,0,0,0.2,2.247365171,2.279094119,2.715618242,0,4548,5685,5,1,1,1,1,0.328,world,2.143699443,13.9013909,19.00314425
603.604,sort,0.5416666667,7,1,0.1836012862,12.27585931,12.44643577,13.33110687,22,2510,3110,5,1,1,1,1,0.228,world,12.33322953,21.21894567,25.53347584
603.656,ours,1,0,0,0.2,2.247701954,2.279532592,2.709978697,0,4548,5685,5,1,1,1,1,0.016,world,2.1419505,13.90638878,19.01464478
603.656,ab3dmot,1,0,0,0.2,2.24723817,2.278984537,2.715363543,0,4552,5690,5,1,1,1,1,0.348,world,2.150780687,13.90308072,19.00215433
603.656,sort,0.5424292845,7,1,0.1836276083,12.27712769,12.44625979,13.33053726,22,2514,3115,5,1,1,1,1,0.28,world,12.34021432,21.22404293,25.53807527
603.68,ours,1,0,0,0.2,2.247015862,2.279418058,2.709798289,0,4552,5690,5,1,1,1,1,0.008,world,2.145240541,13.90552633,19.01012451
603.68,ab3dmot,1,0,0,0.2,2.247111168,2.278876745,2.715108844,0,4556,5695,5,1,1,1,1,0.304,world,2.152714053,13.90296578,18.99970861
603.68,sort,0.5431893688,7,1,0.1836538462,12.27878648,12.44608438,13.32970591,22,2518,3120,5,1,1,1,1,0.304,world,12.34021432,21.22404293,25.53807527
603.704,ours,1,0,0,0.2,2.246329769,2.27930807,2.709617882,0,4556,5695,5,1,1,1,1,0,world,2.150499082,13.90610147,19.00745509
603.704,ab3dmot,1,0,0,0.2,2.24687725,2.278771869,2.714854146,0,4560,5700,5,1,1,1,1,0.296,world,2.1560089,13.90419732,18.99978613
603.704,sort,0.543946932,7,1,0.18368,12.28044527,12.44591547,13.32887456,22,2522,3125,5,1,1,1,1,0.328,world,12.34381008,21.22662794,25.54036801
603.76,ours,1,0,0,0.2,2.24586139,2.279203744,2.709437474,0,4560,5700,5,1,1,1,1,0.024,world,2.157103101,13.90818851,19.00760114
603.76,ab3dmot,1,0,0,0.2,2.246643332,2.278672583,2.714599447,0,4564,5705,5,1,1,1,1,0.288,world,2.162523918,13.90647609,19.00012676
603.76,sort,0.5447019868,7,1,0.1837060703,12.28046933,12.44575924,13.32804321,22,2526,3130,5,1,1,1,1,0.384,world,12.35119607,21.23186222,25.54493228
603.8,ours,1,0,0,0.2,2.245393011,2.279103942,2.709257066,0,4564,5705,5,1,1,1,1,0.024,world,2.162335651,13.90835255,19.00496764
603.8,ab3dmot,1,0,0,0.2,2.2463313,2.278577503,2.714579412,0,4568,5710,5,1,1,1,1,0.26,world,2.16737548,13.90655729,18.99793745
603.8,sort,0.5454545455,7,1,0.1837320574,12.2804934,12.44560974,13.32721186,22,2530,3135,5,1,1,1,1,0.424,world,12.35498126,21.23450806,25.54720094
603.836,ours,1,0,0,0.2,2.245391767,2.279009084,2.709198355,0,4568,5710,5,1,1,1,1,0.024,world,2.168073742,13.90833277,19.00167999
603.836,ab3dmot,1,0,0,0.2,2.246019269,2.278485877,2.714559378,0,4572,5715,5,1,1,1,1,0.264,world,2.171326173,13.90717209,18.99714728
603.836,sort,0.5462046205,7,1,0.1837579618,12.28221727,12.44546703,13.32638051,22,2534,3140,5,1,1,1,1,0.46,world,12.35882451,21.23717073,25.54945871
603.888,ours,1,0,0,0.2,2.245390523,2.278918145,2.709139643,0,4572,5715,5,1,1,1,1,0.024,world,2.172583601,13.90896174,19.00025403
603.888,ab3dmot,1,0,0,0.2,2.245978401,2.278397047,2.714539344,0,4576,5720,5,1,1,1,1,0.216,world,2.174493749,13.90833071,18.99761562
603.888,sort,0.5469522241,7,1,0.1837837838,12.2804934,12.44485827,13.32554916,22,2538,3145,5,1,1,1,1,0.084,world,12.07030275,20.4907228,24.47515558
603.936,ours,1,0,0,0.2,2.245232944,2.278833764,2.709080932,0,4576,5720,5,1,1,1,1,0.02,world,2.180252376,13.91077432,18.99945566
603.936,ab3dmot,1,0,0,0.2,2.245937534,2.278314544,2.714519309,0,4580,5725,5,1,1,1,1,0.132,world,2.181889108,13.91038594,18.9972658
603.936,sort,0.5476973684,7,1,0.1838095238,12.28046933,12.44414589,13.32471781,22,2542,3150,5,1,1,1,1,0.1,world,12.00393519,20.25390717,24.11940569
604,ours,1,0,0,0.2,2.245075365,2.278754997,2.70902222,0,4580,5725,5,1,1,1,1,0.032,world,2.186788136,13.91165625,18.99580337
604,ab3dmot,1,0,0,0.2,2.245874874,2.278235828,2.714499275,0,4584,5730,5,1,1,1,1,0.132,world,2.186246588,13.91219864,18.99672326
604,sort,0.5484400657,7,1,0.1838351823,12.28044527,12.44339286,13.32388647,22,2546,3155,5,1,1,1,1,0.136,world,11.97678877,20.14319183,23.95068606
604.096,ours,1,0,0,0.2,2.24506228,2.278684411,2.708963509,0,4584,5730,5,1,1,1,1,0.036,world,2.19637512,13.91518316,18.99772911
604.096,ab3dmot,1,0,0,0.2,2.245812215,2.278165286,2.714479241,0,4588,5735,5,1,1,1,1,0.228,world,2.195835973,13.91572595,18.99864892
604.096,sort,0.5491803279,7,1,0.1838607595,12.27878648,12.44263941,13.32305512,22,2550,3160,5,1,1,1,1,0.228,world,11.97498412,20.09624259,23.87359728
604.148,ours,1,0,0,0.2,2.245049196,2.278616682,2.708904797,0,4588,5735,5,1,1,1,1,0.016,world,2.199628717,13.91637481,18.99837246
604.148,ab3dmot,1,0,0,0.2,2.245694792,2.27809858,2.714459206,0,4592,5740,5,1,1,1,1,0.248,world,2.200255103,13.91675857,18.99779507
604.148,sort,0.5499181669,7,1,0.1838862559,12.27712769,12.44188141,13.32222377,22,2554,3165,5,1,1,1,1,0.28,world,11.97055915,20.06430077,23.82295068
604.232,ours,1,0,0,0.2,2.245008152,2.278558967,2.708846086,0,4592,5740,5,1,1,1,1,0.032,world,2.211368892,13.92066015,18.99839092
604.232,ab3dmot,1,0,0,0.2,2.245577369,2.278040188,2.714439172,0,4596,5745,5,1,1,1,1,0.264,world,2.209989325,13.92192024,19.00069574
604.232,sort,0.5506535948,7,1,0.1839116719,12.27585931,12.4411144,13.32139242,22,2558,3170,5,1,1,1,1,0.232,world,11.9632817,19.98628189,23.69686082
604.332,ours,1,0,0,0.2,2.244967109,2.278509871,2.708787375,0,4596,5745,5,1,1,1,1,0.036,world,2.221432314,13.92430973,19.00031006
604.332,ab3dmot,1,0,0,0.2,2.245198763,2.277990411,2.714419138,0,4600,5750,5,1,1,1,1,0.364,world,2.220059214,13.92557096,19.00261472
604.332,sort,0.5513866232,7,1,0.1839370079,12.27459094,12.44034634,13.32056107,22,2562,3175,5,1,1,1,1,0.2,world,11.96104328,19.92289536,23.59205921
604.4,ours,1,0,0,0.2,2.244770496,2.278464499,2.708728663,0,4600,5750,5,1,1,1,1,0.032,world,2.225721194,13.92534055,18.99974404
604.4,ab3dmot,1,0,0,0.2,2.244820157,2.277947635,2.714399103,0,4604,5755,5,1,1,1,1,0.3,world,2.228212026,13.92504433,18.99657548
604.4,sort,0.5521172638,7,1,0.1839622642,12.27421854,12.43958746,13.31972972,22,2566,3180,5,1,1,1,1,0.268,world,11.96534143,19.92510669,23.59323203
604.476,ours,1,0,0,0.2,2.244573884,2.278428907,2.708669952,0,4604,5755,5,1,1,1,1,0.028,world,2.23712286,13.9263279,18.99466213
604.476,ab3dmot,1,0,0,0.2,2.244545878,2.277911587,2.714379069,0,4608,5760,5,1,1,1,1,0.344,world,2.236034425,13.92721011,18.99643345
604.476,sort,0.5528455285,7,1,0.1839874411,12.27384614,12.43884468,13.31889837,22,2570,3185,5,1,1,1,1,0.344,world,11.97408343,19.93002937,23.59631398
604.552,ours,1,0,0,0.2,2.244770496,2.278401691,2.70861124,0,4608,5760,5,1,1,1,1,0.052,world,2.246857422,13.93064681,18.99742505
604.552,ab3dmot,1,0,0,0.2,2.244820157,2.27788321,2.714359035,0,4612,5765,5,1,1,1,1,0.288,world,2.244955314,13.9340714,19.0015333
604.552,sort,0.5535714286,7,1,0.1840125392,12.26997528,12.4381135,13.31806703,22,2574,3190,5,1,1,1,1,0.352,world,11.97998374,19.90138163,23.54479412
604.612,ours,1,0,0,0.2,2.244967109,2.278378247,2.708552529,0,4612,5765,5,1,1,1,1,0.016,world,2.251209403,13.93361591,18.99782268
604.612,ab3dmot,1,0,0,0.2,2.244887735,2.277858033,2.714339,0,4616,5770,5,1,1,1,1,0.312,world,2.248641224,13.93563345,19.00199167
604.612,sort,0.5542949757,7,1,0.1840375587,12.26610443,12.43736113,13.31723568,22,2578,3195,5,1,1,1,1,0.216,world,11.96491952,19.7990224,23.38213981
604.7,ours,1,0,0,0.2,2.245008152,2.278363926,2.708493817,0,4616,5770,5,1,1,1,1,0.028,world,2.261790596,13.93736463,18.99918734
604.7,ab3dmot,1,0,0,0.2,2.244955314,2.277841837,2.714318966,0,4620,5775,5,1,1,1,1,0.336,world,2.259074749,13.93944179,19.0035794
604.7,sort,0.5550161812,7,1,0.1840625,12.2644845,12.4366318,13.31640433,22,2582,3200,5,1,1,1,1,0.304,world,11.97817196,19.80681978,23.38727713
604.792,ours,1,0,0,0.2,2.245049196,2.278355496,2.708435106,0,4620,5775,5,1,1,1,1,0.032,world,2.268606704,13.9410136,19.00093964
604.792,ab3dmot,1,0,0,0.2,2.245266342,2.277831721,2.714298932,0,4624,5780,5,1,1,1,1,0.296,world,2.266117192,13.94402529,19.00559668
604.792,sort,0.5557350565,7,1,0.1840873635,12.26286458,12.43591844,13.31557298,22,2586,3205,5,1,1,1,1,0.396,world,11.98694077,19.81187661,23.39047905
604.872,ours,1,0,0,0.2,2.24506228,2.278356585,2.708376394,0,4624,5780,5,1,1,1,1,0.048,world,2.279613679,13.94562554,19.00150426
604.872,ab3dmot,1,0,0,0.2,2.245577369,2.277831432,2.714278897,0,4628,5785,5,1,1,1,1,0.312,world,2.277497304,13.94857619,19.00571322
604.872,sort,0.5564516129,7,1,0.1841121495,12.25940006,12.43522755,13.31474163,22,2590,3210,5,1,1,1,1,0.48,world,11.99993704,19.81893034,23.39349332
604.96,ours,1,0,0,0.2,2.245075365,2.278364186,2.708317683,0,4628,5785,5,1,1,1,1,0.06,world,2.287134765,13.94844037,19.00221727
604.96,ab3dmot,1,0,0,0.2,2.245694792,2.277836953,2.714258863,0,4632,5790,5,1,1,1,1,0.264,world,2.284216065,13.9517722,19.0076143
604.96,sort,0.5571658615,7,1,0.1841368585,12.25593555,12.4345521,13.31391028,22,2594,3215,5,1,1,1,1,0.564,world,12.00846336,19.8239296,23.39764682
605.004,ours,1,0,0,0.2,2.245232944,2.278374228,2.708258971,0,4632,5790,5,1,1,1,1,0.012,world,2.289962734,13.95236572,19.00486154
605.004,ab3dmot,1,0,0,0.2,2.245812215,2.277843141,2.714238829,0,4636,5795,5,1,1,1,1,0.18,world,2.284997196,13.95673225,19.01331018
605.004,sort,0.5578778135,7,1,0.1841614907,12.2551836,12.43387851,13.31389947,22,2598,3220,5,1,1,1,1,0.08,world,12.00827988,19.85834427,23.45744749
605.1,ours,1,0,0,0.2,2.245390523,2.278390246,2.70820026,0,4636,5795,5,1,1,1,1,0.012,world,2.296864341,13.95888928,19.0113821
605.1,ab3dmot,1,0,0,0.2,2.245874874,2.277855817,2.714218794,0,4640,5800,5,1,1,1,1,0.176,world,2.292500569,13.96208454,19.01845056
605.1,sort,0.5585874799,7,1,0.1841860465,12.25443166,12.43323703,13.31388865,22,2602,3225,5,1,1,1,1,0.14,world,12.02761499,19.90999266,23.53268533
605.2,ours,1,0,0,0.2,2.245391767,2.278413882,2.708141549,0,4640,5800,5,1,1,1,1,0.012,world,2.305644806,13.96263703,19.01365046
605.2,ab3dmot,1,0,0,0.2,2.245937534,2.277876443,2.71419876,0,4644,5805,5,1,1,1,1,0.276,world,2.301677727,13.96527965,19.01993713
605.2,sort,0.5592948718,7,1,0.1842105263,12.25358088,12.43262216,13.31387784,22,2606,3230,5,1,1,1,1,0.24,world,12.04345638,19.93822891,23.57046051
605.3,ours,1,0,0,0.2,2.245393011,2.278442561,2.708082837,0,4644,5805,5,1,1,1,1,0.032,world,2.311470685,13.96498138,19.01485691
605.3,ab3dmot,1,0,0,0.2,2.245978401,2.277902155,2.714109725,0,4648,5810,5,1,1,1,1,0.308,world,2.307560496,13.96744692,19.02098129
605.3,sort,0.56,7,1,0.1842349304,12.25273011,12.43202449,13.31386702,22,2610,3235,5,1,1,1,1,0.34,world,12.05330013,19.95388779,23.59072439
605.376,ours,1,0,0,0.2,2.24586139,2.278474515,2.707747813,0,4648,5810,5,1,1,1,1,0.044,world,2.315276402,13.96549669,19.01710787
605.376,ab3dmot,1,0,0,0.2,2.246019269,2.277931179,2.71402069,0,4652,5815,5,1,1,1,1,0.252,world,2.311411016,13.96479506,19.0214003
605.376,sort,0.5607028754,7,1,0.1842592593,12.24977783,12.43143686,13.31385621,22,2614,3240,5,1,1,1,1,0.284,world,12.05856381,19.94475024,23.57202711
605.452,ours,1,0,0,0.2,2.246329769,2.278511168,2.707412789,0,4652,5815,5,1,1,1,1,0.052,world,2.320710834,13.96646639,19.02073536
605.452,ab3dmot,1,0,0,0.2,2.2463313,2.277964907,2.713931655,0,4656,5820,5,1,1,1,1,0.232,world,2.316858303,13.96595545,19.02525727
605.452,sort,0.5614035088,7,1,0.1842835131,12.24682555,12.43086739,13.31384539,22,2618,3245,5,1,1,1,1,0.232,world,12.06911044,19.94462621,23.56505822
605.508,ours,1,0,0,0.2,2.246593595,2.278550058,2.707077765,0,4656,5820,5,1,1,1,1,0.02,world,2.323338551,13.96736827,19.02113349
605.508,ab3dmot,1,0,0,0.2,2.246643332,2.278000878,2.71384262,0,4660,5825,5,1,1,1,1,0.288,world,2.31949263,13.96685915,19.02565564
605.508,sort,0.5621019108,7,1,0.1843076923,12.24672086,12.43030501,13.31383458,22,2622,3250,5,1,1,1,1,0.288,world,12.07253655,19.9460425,23.56527015
605.6,ours,1,0,0,0.2,2.246857422,2.278595479,2.706742741,0,4660,5825,5,1,1,1,1,0.032,world,2.330865551,13.9699429,19.02225585
605.6,ab3dmot,1,0,0,0.2,2.24687725,2.27804225,2.713753585,0,4664,5830,5,1,1,1,1,0.344,world,2.325741509,13.96942168,19.0284173
605.6,sort,0.5627980922,7,1,0.1843317972,12.24661618,12.42975979,13.31382376,22,2626,3255,5,1,1,1,1,0.38,world,12.08250188,19.95050347,23.56642073
605.684,ours,1,0,0,0.2,2.247279688,2.278639843,2.706407717,0,4664,5830,5,1,1,1,1,0.06,world,2.329749527,13.97268784,19.03087122
605.684,ab3dmot,1,0,0,0.2,2.247111168,2.278080668,2.71366455,0,4668,5835,5,1,1,1,1,0.196,world,2.322443334,13.97448458,19.04118666
605.684,sort,0.5634920635,7,1,0.1843558282,12.24453885,12.42922593,13.31381295,22,2630,3260,5,1,1,1,1,0.464,world,12.08875718,19.95317479,23.56689256
605.752,ours,1,0,0,0.2,2.247701954,2.278685076,2.706072693,0,4668,5835,5,1,1,1,1,0.052,world,2.330829371,13.97617765,19.03684595
605.752,ab3dmot,1,0,0,0.2,2.24723817,2.2781216,2.713575515,0,4672,5840,5,1,1,1,1,0.068,world,2.325398622,13.97922185,19.0453975
605.752,sort,0.5641838352,7,1,0.1843797856,12.24246153,12.4287336,13.31380213,22,2634,3265,5,1,1,1,1,0.232,world,12.11459145,20.05432328,23.71963433
605.816,ours,1,0,0,0.2,2.248405857,2.278731047,2.705737669,0,4672,5840,5,1,1,1,1,0.016,world,2.331761493,13.98071894,19.04322493
605.816,ab3dmot,1,0,0,0.2,2.247365171,2.278165734,2.71348648,0,4676,5845,5,1,1,1,1,0.1,world,2.329142703,13.98165678,19.04708435
605.816,sort,0.5648734177,7,1,0.1844036697,12.2419271,12.42827878,13.31379132,22,2638,3270,5,1,1,1,1,0.1,world,12.1378913,20.14113832,23.85003962
605.9,ours,1,0,0,0.2,2.24910976,2.278780349,2.705402645,0,4676,5845,5,1,1,1,1,0.016,world,2.335655121,13.98202667,19.04375848
605.9,ab3dmot,1,0,0,0.2,2.24766379,2.278213202,2.713397446,0,4680,5850,5,1,1,1,1,0.184,world,2.333043099,13.98296624,19.04761811
605.9,sort,0.5655608215,7,1,0.1844274809,12.24139268,12.4278335,13.3137805,22,2642,3275,5,1,1,1,1,0.184,world,12.14314803,20.14313493,23.84993178
605.996,ours,1,0,0,0.2,2.249180853,2.278834184,2.705067621,0,4680,5850,5,1,1,1,1,0.032,world,2.340920557,13.98378543,19.04446034
605.996,ab3dmot,1,0,0,0.2,2.247962408,2.278265206,2.713308411,0,4684,5855,5,1,1,1,1,0.28,world,2.338318074,13.98472746,19.04832028
605.996,sort,0.5662460568,7,1,0.1844512195,12.23987656,12.42740067,13.31376969,22,2646,3280,5,1,1,1,1,0.28,world,12.15032481,20.14559609,23.84927541
606.08,ours,1,0,0,0.2,2.249251947,2.278889938,2.704732597,0,4684,5855,5,1,1,1,1,0.044,world,2.343213863,13.98639602,19.04674222
606.08,ab3dmot,1,0,0,0.2,2.248301816,2.278321446,2.713219376,0,4688,5860,5,1,1,1,1,0.164,world,2.343251546,13.98760623,19.04733612
606.08,sort,0.5669291339,7,1,0.1844748858,12.23836045,12.42697579,13.31375887,22,2650,3285,5,1,1,1,1,0.364,world,12.15461504,20.14685043,23.84847166
606.18,ours,1,0,0,0.2,2.249492954,2.278951755,2.704397573,0,4688,5860,5,1,1,1,1,0.06,world,2.350224053,13.9881491,19.04367115
606.18,ab3dmot,1,0,0,0.2,2.248641224,2.278384627,2.713130341,0,4692,5865,5,1,1,1,1,0.2,world,2.351266433,13.98846773,19.0425257
606.18,sort,0.5676100629,7,1,0.1844984802,12.23834283,12.42656572,13.31374806,22,2654,3290,5,1,1,1,1,0.232,world,12.16337733,20.1659913,23.87446994
606.224,ours,1,0,0,0.2,2.24973396,2.279016117,2.704062549,0,4692,5865,5,1,1,1,1,0.024,world,2.353238137,13.98714939,19.0407163
606.224,ab3dmot,1,0,0,0.2,2.248830346,2.278452006,2.713041306,0,4696,5870,5,1,1,1,1,0.076,world,2.356161648,13.98595642,19.03635536
606.224,sort,0.568288854,7,1,0.184522003,12.23832522,12.42616226,13.31373724,22,2658,3295,5,1,1,1,1,0.144,world,12.16685482,20.1764384,23.88954027
606.312,ours,1,0,0,0.2,2.250144565,2.279083696,2.703727525,0,4696,5870,5,1,1,1,1,0.032,world,2.35702029,13.98754103,19.03975222
606.312,ab3dmot,1,0,0,0.2,2.249019468,2.278522689,2.712952271,0,4700,5875,5,1,1,1,1,0.068,world,2.360045102,13.985816,19.03496187
606.312,sort,0.5689655172,7,1,0.1845454545,12.23213055,12.42579093,13.31372643,22,2662,3300,5,1,1,1,1,0.1,world,12.1869553,20.2391413,23.98174075
606.408,ours,1,0,0,0.2,2.25055517,2.279153081,2.703392501,0,4700,5875,5,1,1,1,1,0.032,world,2.359203937,13.98753972,19.03885091
606.408,ab3dmot,1,0,0,0.2,2.249203625,2.278594623,2.712863236,0,4704,5880,5,1,1,1,1,0.164,world,2.361603222,13.98631479,19.03512638
606.408,sort,0.5696400626,7,1,0.1845688351,12.22593588,12.42543119,13.31371561,22,2666,3305,5,1,1,1,1,0.164,world,12.19375321,20.25567177,24.00495689
606.5,ours,1,0,0,0.2,2.250821132,2.279223816,2.703057477,0,4704,5880,5,1,1,1,1,0.024,world,2.360874319,13.98806142,19.03900214
606.5,ab3dmot,1,0,0,0.2,2.249387781,2.27866868,2.712774201,0,4708,5885,5,1,1,1,1,0.188,world,2.364154677,13.985882,19.03362756
606.5,sort,0.5703125,7,1,0.184592145,12.22393998,12.4250793,13.3137048,22,2670,3310,5,1,1,1,1,0.256,world,12.19814573,20.26083455,24.01039759
606.584,ours,1,0,0,0.2,2.251087095,2.279296866,2.702722453,0,4708,5885,5,1,1,1,1,0.02,world,2.363640895,13.98656087,19.03542469
606.584,ab3dmot,1,0,0,0.2,2.249849922,2.278744371,2.712685166,0,4712,5890,5,1,1,1,1,0.176,world,2.366154949,13.98495691,19.03134274
606.584,sort,0.5709828393,7,1,0.1846153846,12.22194407,12.42469301,13.31369398,22,2674,3315,5,1,1,1,1,0.144,world,12.17495468,20.16219198,23.85871556
606.676,ours,1,0,0,0.2,2.251148249,2.279369312,2.702387429,0,4712,5890,5,1,1,1,1,0.04,world,2.363099022,13.98720342,19.03678684
606.676,ab3dmot,1,0,0,0.2,2.250312063,2.278818836,2.712596131,0,4716,5895,5,1,1,1,1,0.2,world,2.36491044,13.98600372,19.0338169
606.676,sort,0.5716510903,7,1,0.1846385542,12.22116111,12.42430962,13.31359162,22,2678,3320,5,1,1,1,1,0.204,world,12.17606929,20.16101221,23.85543519
606.78,ours,1,0,0,0.2,2.251209403,2.279441408,2.702052405,0,4716,5895,5,1,1,1,1,0.048,world,2.362843357,13.98709293,19.03670478
606.78,ab3dmot,1,0,0,0.2,2.250729107,2.278892946,2.712507096,0,4720,5900,5,1,1,1,1,0.304,world,2.364653719,13.98589288,19.03373471
606.78,sort,0.5723172628,7,1,0.1846616541,12.22037815,12.4239277,13.31348926,22,2682,3325,5,1,1,1,1,0.304,world,12.17626506,20.15969777,23.85270659
606.848,ours,1,0,0,0.2,2.251671582,2.279512135,2.701717381,0,4720,5900,5,1,1,1,1,0.044,world,2.361426281,13.98747263,19.03792803
606.848,ab3dmot,1,0,0,0.2,2.251146152,2.278962923,2.712418061,0,4724,5905,5,1,1,1,1,0.272,world,2.360090959,13.98859411,19.04024965
606.848,sort,0.5729813665,7,1,0.1846846847,12.21901234,12.42354657,13.31338691,22,2686,3330,5,1,1,1,1,0.372,world,12.17601193,20.15812347,23.84980897
606.904,ours,1,0,0,0.2,2.252133761,2.279579358,2.701382357,0,4724,5905,5,1,1,1,1,0.008,world,2.357567771,13.98948263,19.04272409
606.904,ab3dmot,1,0,0,0.2,2.25116219,2.279029599,2.712322522,0,4728,5910,5,1,1,1,1,0.196,world,2.356456697,13.99045933,19.04468241
606.904,sort,0.5736434109,7,1,0.1847076462,12.21764654,12.42316535,13.31328455,22,2690,3335,5,1,1,1,1,0.228,world,12.1751806,20.15822494,23.84987131
606.984,ours,1,0,0,0.2,2.252182114,2.279644146,2.701256854,0,4728,5910,5,1,1,1,1,0.02,world,2.354915038,13.99038461,19.04492767
606.984,ab3dmot,1,0,0,0.2,2.251178228,2.279095588,2.712226983,0,4732,5915,5,1,1,1,1,0.112,world,2.355803233,13.9916397,19.04447517
606.984,sort,0.5743034056,7,1,0.1847305389,12.21513006,12.42278337,13.31318219,22,2694,3340,5,1,1,1,1,0.112,world,12.17390782,20.15803951,23.84972075
607.08,ours,1,0,0,0.2,2.252230468,2.27970725,2.701131351,0,4732,5915,5,1,1,1,1,0.04,world,2.353113646,13.99011837,19.04373221
607.08,ab3dmot,1,0,0,0.2,2.251835546,2.279159108,2.712131444,0,4736,5920,5,1,1,1,1,0.212,world,2.353102371,13.99071547,19.04407592
607.08,sort,0.5749613601,7,1,0.1847533632,12.21261358,12.4223987,13.31307983,22,2698,3345,5,1,1,1,1,0.212,world,12.17136099,20.15446402,23.84463688
607.16,ours,1,0,0,0.2,2.252344535,2.279768293,2.701005849,0,4736,5920,5,1,1,1,1,0.044,world,2.35087157,13.98935974,19.0434175
607.16,ab3dmot,1,0,0,0.2,2.252492865,2.279221157,2.712035904,0,4740,5925,5,1,1,1,1,0.256,world,2.35153917,13.99018666,19.04302347
607.16,sort,0.575617284,7,1,0.1847761194,12.2117521,12.42201181,13.31297747,22,2702,3350,5,1,1,1,1,0.288,world,12.16911805,20.15179122,23.84109159
607.204,ours,1,0,0,0.2,2.252458601,2.279828555,2.700880346,0,4740,5925,5,1,1,1,1,0.016,world,2.350095613,13.98958536,19.04299567
607.204,ab3dmot,1,0,0,0.2,2.252897142,2.279280387,2.711940365,0,4744,5930,5,1,1,1,1,0.232,world,2.348418947,13.99084166,19.04583127
607.204,sort,0.5762711864,7,1,0.1847988077,12.21089062,12.42162411,13.31287511,22,2706,3355,5,1,1,1,1,0.264,world,12.16779209,20.15102571,23.84033371
607.268,ours,1,0,0,0.2,2.25246199,2.279885159,2.700754843,0,4744,5930,5,1,1,1,1,0.032,world,2.34600154,13.98914995,19.0445991
607.268,ab3dmot,1,0,0,0.2,2.25330142,2.279337121,2.711844826,0,4748,5935,5,1,1,1,1,0.296,world,2.345657617,13.9899171,19.04546219
607.268,sort,0.5769230769,7,1,0.1848214286,12.20980303,12.42123311,13.31277275,22,2710,3360,5,1,1,1,1,0.196,world,12.16482534,20.14929183,23.8386732
607.332,ours,1,0,0,0.2,2.252465379,2.279938984,2.70062934,0,4748,5935,5,1,1,1,1,0.032,world,2.342904648,13.98811867,19.04419617
607.332,ab3dmot,1,0,0,0.2,2.253314137,2.279389994,2.711749287,0,4752,5940,5,1,1,1,1,0.328,world,2.34130873,13.98902814,19.0467384
607.332,sort,0.5775729647,7,1,0.1848439822,12.20871545,12.42083824,13.31267039,22,2714,3365,5,1,1,1,1,0.168,world,12.16146477,20.14699645,23.83634703
607.36,ours,1,0,0,0.2,2.252694334,2.279991014,2.700503838,0,4752,5940,5,1,1,1,1,0.008,world,2.340935971,13.98690652,19.0440048
607.36,ab3dmot,1,0,0,0.2,2.253326854,2.279442893,2.711653747,0,4756,5945,5,1,1,1,1,0.288,world,2.34144211,13.98597095,19.0428496
607.36,sort,0.5782208589,7,1,0.1848664688,12.20836285,12.42044187,13.31256803,22,2718,3370,5,1,1,1,1,0.196,world,12.15966117,20.14530541,23.83439581
607.404,ours,1,0,0,0.2,2.252923289,2.28004022,2.700378335,0,4756,5945,5,1,1,1,1,0.004,world,2.337764769,13.98693305,19.04593658
607.404,ab3dmot,1,0,0,0.2,2.253461025,2.279491244,2.711558208,0,4760,5950,5,1,1,1,1,0.236,world,2.336273289,13.988354,19.04862343
607.404,sort,0.5788667688,7,1,0.1848888889,12.20801025,12.42004384,13.31246567,22,2722,3375,5,1,1,1,1,0.236,world,12.15775669,20.14356476,23.83242335
607.456,ours,1,0,0,0.2,2.253396092,2.280086999,2.700252832,0,4760,5950,5,1,1,1,1,0.024,world,2.335045007,13.98789776,19.04769616
607.456,ab3dmot,1,0,0,0.2,2.253595195,2.279536954,2.711462669,0,4764,5955,5,1,1,1,1,0.22,world,2.333297631,13.98994655,19.05105682
607.456,sort,0.5795107034,7,1,0.1849112426,12.20568889,12.41964387,13.31236331,22,2726,3380,5,1,1,1,1,0.12,world,12.15564732,20.14341,23.83306986
607.496,ours,1,0,0,0.2,2.253868895,2.280130941,2.70012733,0,4764,5955,5,1,1,1,1,0.016,world,2.331835156,13.98911983,19.0501356
607.496,ab3dmot,1,0,0,0.2,2.253653775,2.279579706,2.71136713,0,4768,5960,5,1,1,1,1,0.196,world,2.329940585,13.99130606,19.05376605
607.496,sort,0.5801526718,7,1,0.1849335303,12.20336752,12.41924195,13.31226095,22,2730,3385,5,1,1,1,1,0.164,world,12.1535445,20.14158374,23.83107509
607.556,ours,1,0,0,0.2,2.254241458,2.280170172,2.700001827,0,4768,5960,5,1,1,1,1,0.024,world,2.326424532,13.98942332,19.052275
607.556,ab3dmot,1,0,0,0.2,2.253712355,2.279618176,2.71127159,0,4772,5965,5,1,1,1,1,0.22,world,2.325021438,13.99095858,19.05491803
607.556,sort,0.5807926829,7,1,0.1849557522,12.20315076,12.41883455,13.31215859,22,2734,3390,5,1,1,1,1,0.228,world,12.14905052,20.13778524,23.82702014
607.632,ours,1,0,0,0.2,2.254614021,2.280205614,2.699876324,0,4772,5965,5,1,1,1,1,0.032,world,2.32206748,13.98799887,19.05175726
607.632,ab3dmot,1,0,0,0.2,2.253868501,2.27965286,2.711176051,0,4776,5970,5,1,1,1,1,0.296,world,2.320662131,13.98953381,19.05440038
607.632,sort,0.5814307458,7,1,0.1849779087,12.202934,12.41842112,13.31205623,22,2738,3395,5,1,1,1,1,0.296,world,12.14418146,20.13381392,23.82290847
607.7,ours,1,0,0,0.2,2.25463666,2.280235078,2.699750821,0,4776,5970,5,1,1,1,1,0.012,world,2.315118913,13.98916316,19.05563748
607.7,ab3dmot,1,0,0,0.2,2.254024647,2.279681298,2.711080512,0,4780,5975,5,1,1,1,1,0.268,world,2.313386902,13.99109946,19.05892474
607.7,sort,0.5820668693,7,1,0.185,12.20277206,12.41800117,13.31195387,22,2742,3400,5,1,1,1,1,0.364,world,12.13895036,20.12968081,23.81875158
607.768,ours,1,0,0,0.2,2.254659298,2.280260132,2.699625319,0,4780,5975,5,1,1,1,1,0.04,world,2.309981054,13.98835009,19.05578876
607.768,ab3dmot,1,0,0,0.2,2.254140726,2.279705918,2.710984973,0,4784,5980,5,1,1,1,1,0.236,world,2.308938597,13.99109557,19.05867097
607.768,sort,0.5827010622,7,1,0.1850220264,12.20261012,12.41757396,13.31185152,22,2746,3405,5,1,1,1,1,0.168,world,12.13320944,20.12795952,23.81869645
607.824,ours,1,0,0,0.2,2.254659298,2.280280883,2.699499816,0,4784,5980,5,1,1,1,1,0.024,world,2.304944712,13.98825696,19.05583594
607.824,ab3dmot,1,0,0,0.2,2.254256804,2.279727558,2.710889433,0,4788,5985,5,1,1,1,1,0.192,world,2.305463465,13.99008241,19.05625486
607.824,sort,0.5833333333,7,1,0.1850439883,12.20251017,12.41713919,13.31174916,22,2750,3410,5,1,1,1,1,0.128,world,12.12723969,20.12485521,23.81597913
607.904,ours,1,0,0,0.2,2.254659298,2.280298169,2.699374313,0,4788,5985,5,1,1,1,1,0.02,world,2.300879045,13.98734655,19.05411419
607.904,ab3dmot,1,0,0,0.2,2.254260493,2.27974562,2.710793894,0,4792,5990,5,1,1,1,1,0.212,world,2.301265078,13.98828696,19.05419727
607.904,sort,0.5839636914,7,1,0.1850658858,12.20241023,12.41669653,13.3116468,22,2754,3415,5,1,1,1,1,0.212,world,12.12101054,20.11991661,23.81175778
608.028,ours,1,0,0,0.2,2.254673615,2.28030822,2.69924881,0,4792,5990,5,1,1,1,1,0.028,world,2.292307149,13.98459491,19.05318789
608.028,ab3dmot,1,0,0,0.2,2.254264182,2.279757012,2.710698355,0,4796,5995,5,1,1,1,1,0.3,world,2.293363102,13.98527714,19.05229327
608.028,sort,0.584592145,7,1,0.1850877193,12.20227944,12.41624059,13.31132509,22,2758,3420,5,1,1,1,1,0.332,world,12.11110864,20.11288072,23.80542435
608.092,ours,1,0,0,0.2,2.254687931,2.280313962,2.699123308,0,4796,5995,5,1,1,1,1,0.024,world,2.287183642,13.9823534,19.05130663
608.092,ab3dmot,1,0,0,0.2,2.254296341,2.279763966,2.710602816,0,4800,6000,5,1,1,1,1,0.328,world,2.288086697,13.98264302,19.0503693
608.092,sort,0.5852187029,7,1,0.1851094891,12.20214866,12.4157757,13.31100339,22,2762,3425,5,1,1,1,1,0.296,world,12.1041009,20.10903827,23.80278695
608.104,ours,1,0,0,0.2,2.254904622,2.280319733,2.698997805,0,4800,6000,5,1,1,1,1,0.004,world,2.287228271,13.9822586,19.0511956
608.104,ab3dmot,1,0,0,0.2,2.254328499,2.279769237,2.710507276,0,4804,6005,5,1,1,1,1,0.276,world,2.286085722,13.98168447,19.05227357
608.164,ours,1,0,0,0.2,2.255121313,2.280316651,2.698872302,0,4804,6005,5,1,1,1,1,0.02,world,2.276614929,13.9794681,19.0556203
608.164,ab3dmot,1,0,0,0.2,2.25515261,2.279764642,2.710191631,0,4808,6010,5,1,1,1,1,0.236,world,2.274239388,13.9781958,19.05795763
608.2,ours,1,0,0,0.2,2.25534304,2.280308863,2.698740634,0,4808,6010,5,1,1,1,1,0.008,world,2.270936081,13.97787381,19.05818315
608.2,ab3dmot,1,0,0,0.2,2.255976722,2.279755174,2.709875986,0,4812,6015,5,1,1,1,1,0.204,world,2.268346803,13.97598036,19.06056924
608.26,ours,1,0,0,0.2,2.255564767,2.280293715,2.698608967,0,4812,6015,5,1,1,1,1,0.012,world,2.262012434,13.97507482,19.0603465
608.26,ab3dmot,1,0,0,0.2,2.256097702,2.279737836,2.709560341,0,4816,6020,5,1,1,1,1,0.2,world,2.258782875,13.97298291,19.0636074
608.3,ours,1,0,0,0.2,2.255829174,2.280273827,2.698477299,0,4816,6020,5,1,1,1,1,0.036,world,2.256222166,13.97347475,19.06303672
608.3,ab3dmot,1,0,0,0.2,2.255976722,2.279716611,2.709244696,0,4820,6025,5,1,1,1,1,0.208,world,2.254016652,13.97173255,19.06518835
608.356,ours,1,0,0,0.2,2.255564767,2.280251252,2.698345631,0,4820,6025,5,1,1,1,1,0.036,world,2.252906453,13.97242649,19.0627078
608.356,ab3dmot,1,0,0,0.2,2.25515261,2.279692703,2.708929051,0,4824,6030,5,1,1,1,1,0.264,world,2.250699159,13.97068372,19.0648595
608.388,ours,1,0,0,0.2,2.25534304,2.280225972,2.698213964,0,4824,6030,5,1,1,1,1,0.032,world,2.249557627,13.97136923,19.06237824
608.388,ab3dmot,1,0,0,0.2,2.254328499,2.279666095,2.708613406,0,4828,6035,5,1,1,1,1,0.3,world,2.247348479,13.96962588,19.06453001
608.436,ours,1,0,0,0.2,2.255121313,2.280197974,2.698082296,0,4828,6035,5,1,1,1,1,0.036,world,2.246177951,13.97030372,19.06204831
608.436,ab3dmot,1,0,0,0.2,2.254296341,2.279636774,2.708297761,0,4832,6040,5,1,1,1,1,0.344,world,2.243966876,13.96855976,19.06420013
608.492,ours,1,0,0,0.2,2.254904622,2.28016445,2.697950628,0,4832,6040,5,1,1,1,1,0.016,world,2.239335191,13.96815087,19.06138829
608.492,ab3dmot,1,0,0,0.2,2.254264182,2.279601935,2.707982115,0,4836,6045,5,1,1,1,1,0.404,world,2.237120051,13.96640563,19.06354022
608.556,ours,1,0,0,0.2,2.254687931,2.280125353,2.697818961,0,4836,6045,5,1,1,1,1,0.036,world,2.232396622,13.96597389,19.06072973
608.556,ab3dmot,1,0,0,0.2,2.254260493,2.279561531,2.70766647,0,4840,6050,5,1,1,1,1,0.464,world,2.230177146,13.96422729,19.06288175
608.6,ours,1,0,0,0.2,2.254673615,2.280083491,2.697687293,0,4840,6050,5,1,1,1,1,0.012,world,2.228897237,13.96487821,19.06040161
608.6,ab3dmot,1,0,0,0.2,2.254256804,2.279514784,2.707350825,0,4844,6055,5,1,1,1,1,0.308,world,2.222231037,13.96172655,19.06807429
608.66,ours,1,0,0,0.2,2.254659298,2.280032085,2.697555625,0,4844,6055,5,1,1,1,1,0.024,world,2.216957891,13.96139342,19.06570114
608.66,ab3dmot,1,0,0,0.2,2.254140726,2.279462442,2.70703518,0,4848,6060,5,1,1,1,1,0.368,world,2.215168756,13.95952033,19.0674218
608.7,ours,1,0,0,0.2,2.254659298,2.279977918,2.697423958,0,4848,6060,5,1,1,1,1,0.016,world,2.2134088,13.96028706,19.06537711
608.7,ab3dmot,1,0,0,0.2,2.254024647,2.27940735,2.706719535,0,4852,6065,5,1,1,1,1,0.376,world,2.211626936,13.95805224,19.06695048
608.752,ours,1,0,0,0.2,2.254659298,2.279920618,2.69729229,0,4852,6065,5,1,1,1,1,0.032,world,2.20938098,13.95859056,19.06545122
608.752,ab3dmot,1,0,0,0.2,2.25402065,2.279351205,2.70640389,0,4856,6070,5,1,1,1,1,0.328,world,2.210197447,13.95485757,19.0628848
608.776,ours,1,0,0,0.2,2.25463666,2.279861666,2.697160622,0,4856,6070,5,1,1,1,1,0.02,world,2.207194159,13.95537128,19.0624002
608.776,ab3dmot,1,0,0,0.2,2.254016652,2.279294411,2.706088245,0,4860,6075,5,1,1,1,1,0.288,world,2.209270919,13.95317609,19.05869138
608.812,ours,1,0,0,0.2,2.254614021,2.279800925,2.697028955,0,4860,6075,5,1,1,1,1,0.012,world,2.204827409,13.95407557,19.06036244
608.812,ab3dmot,1,0,0,0.2,2.253864503,2.279235766,2.7057726,0,4864,6080,5,1,1,1,1,0.256,world,2.206830139,13.95152298,19.05661643
608.872,ours,1,0,0,0.2,2.254241458,2.279735503,2.696897287,0,4864,6080,5,1,1,1,1,0.024,world,2.198810654,13.95068556,19.05773287
608.872,ab3dmot,1,0,0,0.2,2.253712355,2.279172273,2.705456954,0,4868,6085,5,1,1,1,1,0.288,world,2.200610666,13.94852005,19.05442798
608.904,ours,1,0,0,0.2,2.253868895,2.279670187,2.696765619,0,4868,6085,5,1,1,1,1,0.004,world,2.198810654,13.95068556,19.05773287
608.904,ab3dmot,1,0,0,0.2,2.253653775,2.279109863,2.705141309,0,4872,6090,5,1,1,1,1,0.284,world,2.201846369,13.94727755,19.0522587
608.904,sort,0.5843373494,8,1,0.1848396501,12.2020724,12.41515655,13.31068168,22,2766,3430,5,1,1,1,1,0.12,world,11.99763008,19.90921445,23.5321051
608.956,ours,1,0,0,0.2,2.253396092,2.279600636,2.696633951,0,4872,6090,5,1,1,1,1,0.004,world,2.193322979,13.94661838,19.05414904
608.956,ab3dmot,1,0,0,0.2,2.253595195,2.279042843,2.704825664,0,4876,6095,5,1,1,1,1,0.3,world,2.195893292,13.94412294,19.04968231
608.956,sort,0.5834586466,8,1,0.1848617176,12.20199614,12.41452666,13.31035997,22,2770,3435,5,1,1,1,1,0.18,world,11.98897939,19.90429776,23.52895403
609,ours,1,0,0,0.2,2.252923289,2.279529067,2.696502284,0,4876,6095,5,1,1,1,1,0.008,world,2.19062213,13.94477551,19.05239495
609,ab3dmot,1,0,0,0.2,2.253461025,2.278974043,2.704510019,0,4880,6100,5,1,1,1,1,0.312,world,2.193503214,13.94223306,19.04749499
609,sort,0.5825825826,8,1,0.1848837209,12.20178342,12.41389237,13.31003827,22,2774,3440,5,1,1,1,1,0.216,world,11.98465388,19.90186957,23.52743645
609.064,ours,1,0,0,0.2,2.252914871,2.27945267,2.696370616,0,4880,6100,5,1,1,1,1,0.016,world,2.184339723,13.94198328,19.05048439
609.064,ab3dmot,1,0,0,0.2,2.253326854,2.278901843,2.704194374,0,4884,6105,5,1,1,1,1,0.312,world,2.189044987,13.94002755,19.04337509
609.064,sort,0.5817091454,8,1,0.1849056604,12.20157071,12.41324744,13.30971656,22,2778,3445,5,1,1,1,1,0.276,world,11.97601687,19.89708172,23.5245225
609.1,ours,1,0,0,0.2,2.252906453,2.279375169,2.696238948,0,4884,6105,5,1,1,1,1,0.004,world,2.182774939,13.94020741,19.04728458
609.1,ab3dmot,1,0,0,0.2,2.253314137,2.278828652,2.704072929,0,4888,6110,5,1,1,1,1,0.28,world,2.187636691,13.9369839,19.03948111
609.1,sort,0.5808383234,8,1,0.1849275362,12.20152583,12.4125982,13.30939486,22,2782,3450,5,1,1,1,1,0.312,world,11.97171112,19.89472531,23.52312817
609.152,ours,1,0,0,0.2,2.252685916,2.279296722,2.696215826,0,4888,6110,5,1,1,1,1,0.032,world,2.181408958,13.93733676,19.0434221
609.152,ab3dmot,1,0,0,0.2,2.25330142,2.278755214,2.703951483,0,4892,6115,5,1,1,1,1,0.268,world,2.187171855,13.93390441,19.03435372
609.152,sort,0.5799701046,8,1,0.1849493488,12.20148094,12.41194218,13.30907315,22,2786,3455,5,1,1,1,1,0.136,world,11.96568962,19.89130783,23.52046206
609.2,ours,1,0,0,0.2,2.252465379,2.279215457,2.696192704,0,4892,6115,5,1,1,1,1,0.016,world,2.177644942,13.9332141,19.03783371
609.2,ab3dmot,1,0,0,0.2,2.252897142,2.278677955,2.703830038,0,4896,6120,5,1,1,1,1,0.248,world,2.182143334,13.93095689,19.03095881
609.2,sort,0.5791044776,8,1,0.1849710983,12.20120341,12.41127564,13.30875145,22,2790,3460,5,1,1,1,1,0.184,world,11.95703104,19.88666191,23.51780147
609.276,ours,1,0,0,0.2,2.25246199,2.279130788,2.696169582,0,4896,6120,5,1,1,1,1,0.056,world,2.173113109,13.93116577,19.03427132
609.276,ab3dmot,1,0,0,0.2,2.252492865,2.278597452,2.703708592,0,4900,6125,5,1,1,1,1,0.26,world,2.177832155,13.92960835,19.02746772
609.276,sort,0.5782414307,8,1,0.184992785,12.20092587,12.41059884,13.30842974,22,2794,3465,5,1,1,1,1,0.26,world,11.94853207,19.8821914,23.51538241
609.312,ours,1,0,0,0.2,2.252458601,2.279045018,2.69614646,0,4900,6125,5,1,1,1,1,0.012,world,2.17152427,13.93018517,19.03170565
609.312,ab3dmot,1,0,0,0.2,2.251835546,2.278519361,2.703587147,0,4904,6130,5,1,1,1,1,0.196,world,2.180759508,13.92984265,19.01986632
609.312,sort,0.5773809524,8,1,0.1850144092,12.20087663,12.40991842,13.30810803,22,2798,3470,5,1,1,1,1,0.26,world,11.94462369,19.88008752,23.51416945
609.4,ours,1,0,0,0.2,2.252344535,2.278958138,2.696123338,0,4904,6130,5,1,1,1,1,0.02,world,2.169919374,13.92864702,19.02499951
609.4,ab3dmot,1,0,0,0.2,2.251178228,2.278438652,2.703465702,0,4908,6135,5,1,1,1,1,0.216,world,2.177240831,13.92686506,19.01505162
609.4,sort,0.5765230312,8,1,0.1850359712,12.20082739,12.40922805,13.30778633,22,2802,3475,5,1,1,1,1,0.12,world,11.9362714,19.87577777,23.51191239
609.5,ours,1,0,0,0.2,2.252230468,2.278866734,2.696100216,0,4908,6135,5,1,1,1,1,0.04,world,2.163903606,13.92257388,19.01817789
609.5,ab3dmot,1,0,0,0.2,2.25116219,2.2783522,2.703344256,0,4912,6140,5,1,1,1,1,0.22,world,2.169681961,13.9207949,19.01015752
609.5,sort,0.5756676558,8,1,0.1850574713,12.20069352,12.40852234,13.30746462,22,2806,3480,5,1,1,1,1,0.22,world,11.92410788,19.86973239,23.50914239
609.588,ours,1,0,0,0.2,2.252182114,2.278768895,2.696077094,0,4912,6140,5,1,1,1,1,0.044,world,2.155376744,13.9190091,19.01616393
609.588,ab3dmot,1,0,0,0.2,2.251146152,2.278258695,2.703222811,0,4916,6145,5,1,1,1,1,0.312,world,2.160381685,13.91799517,19.00949754
609.588,sort,0.5748148148,8,1,0.1850789096,12.20055966,12.40780192,13.30714292,22,2810,3485,5,1,1,1,1,0.312,world,11.91233076,19.86407822,23.50684111
609.656,ours,1,0,0,0.2,2.252133761,2.278668889,2.696053972,0,4916,6145,5,1,1,1,1,0.044,world,2.152358636,13.91810519,19.0159579
609.656,ab3dmot,1,0,0,0.2,2.250922655,2.278163017,2.703101366,0,4920,6150,5,1,1,1,1,0.38,world,2.157370459,13.91709287,19.00929155
609.656,sort,0.573964497,8,1,0.1851002865,12.20055726,12.40707815,13.30682121,22,2814,3490,5,1,1,1,1,0.38,world,11.90850307,19.86228639,23.50618063
609.7,ours,1,0,0,0.2,2.251671582,2.278565427,2.69603085,0,4920,6150,5,1,1,1,1,0.016,world,2.147646378,13.91466443,19.01331113
609.7,ab3dmot,1,0,0,0.2,2.250699159,2.278063632,2.70297992,0,4924,6155,5,1,1,1,1,0.32,world,2.152348826,13.91219074,19.00631551
609.7,sort,0.5731166913,8,1,0.1851216023,12.20055485,12.40634583,13.30649951,22,2818,3495,5,1,1,1,1,0.352,world,11.90099177,19.85882666,23.50497735
609.76,ours,1,0,0,0.2,2.251209403,2.278461115,2.696007728,0,4924,6155,5,1,1,1,1,0.024,world,2.146323105,13.91188506,19.01031274
609.76,ab3dmot,1,0,0,0.2,2.250505611,2.277962343,2.702858475,0,4928,6160,5,1,1,1,1,0.312,world,2.149659177,13.91006188,19.00531911
609.76,sort,0.5722713864,8,1,0.1851428571,12.19978262,12.4056104,13.3061778,22,2822,3500,5,1,1,1,1,0.28,world,11.89729478,19.8571382,23.50439003
609.8,ours,1,0,0,0.2,2.251148249,2.278355326,2.695984606,0,4928,6160,5,1,1,1,1,0.012,world,2.144174078,13.91007148,19.00886263
609.8,ab3dmot,1,0,0,0.2,2.250312063,2.277859166,2.70273703,0,4932,6165,5,1,1,1,1,0.292,world,2.146982037,13.90807019,19.00444951
609.8,sort,0.5714285714,8,1,0.1851640514,12.1990104,12.40487196,13.30585609,22,2826,3505,5,1,1,1,1,0.192,world,11.89365873,19.85550204,23.50385862
609.868,ours,1,0,0,0.2,2.251087095,2.278246033,2.695961484,0,4932,6165,5,1,1,1,1,0.032,world,2.13936097,13.90714288,19.00714014
609.868,ab3dmot,1,0,0,0.2,2.249849922,2.27775103,2.702615584,0,4936,6170,5,1,1,1,1,0.288,world,2.140267257,13.90600211,19.00550038
609.868,sort,0.5705882353,8,1,0.1851851852,12.1986559,12.40412577,13.30553439,22,2830,3510,5,1,1,1,1,0.26,world,11.88665361,19.85248408,23.50314926
609.9,ours,1,0,0,0.2,2.250821132,2.278133967,2.695938362,0,4936,6170,5,1,1,1,1,0,world,2.135487287,13.90600945,19.00838311
609.9,ab3dmot,1,0,0,0.2,2.249387781,2.277639414,2.702494139,0,4940,6175,5,1,1,1,1,0.256,world,2.135464775,13.90556668,19.0082228
609.9,sort,0.5697503671,8,1,0.1852062589,12.19830141,12.40337688,13.30521268,22,2834,3515,5,1,1,1,1,0.156,world,11.88321478,19.85101147,23.50278789
609.94,ours,1,0,0,0.2,2.25055517,2.278018864,2.69591524,0,4940,6175,5,1,1,1,1,0.032,world,2.131249556,13.90526009,19.01034039
609.94,ab3dmot,1,0,0,0.2,2.249203625,2.277522884,2.702372693,0,4944,6180,5,1,1,1,1,0.196,world,2.12874482,13.90570896,19.01372855
609.94,sort,0.568914956,8,1,0.1852272727,12.19822357,12.40262542,13.30515296,22,2838,3520,5,1,1,1,1,0.064,world,11.87984635,19.84959548,23.50248387
609.996,ours,1,0,0,0.2,2.250144565,2.277899053,2.695892118,0,4944,6180,5,1,1,1,1,0.02,world,2.12478296,13.90413201,19.01209275
609.996,ab3dmot,1,0,0,0.2,2.249019468,2.277401186,2.702251248,0,4948,6185,5,1,1,1,1,0.188,world,2.12165273,13.90502341,19.01646987
609.996,sort,0.5680819912,8,1,0.185248227,12.19814573,12.40186707,13.30509323,22,2842,3525,5,1,1,1,1,0.088,world,11.87339533,19.84709392,23.50221133
610.04,ours,1,0,0,0.2,2.24973396,2.277777118,2.695868996,0,4948,6185,5,1,1,1,1,0.032,world,2.121714413,13.90334849,19.01280839
610.04,ab3dmot,1,0,0,0.2,2.248830346,2.277277701,2.702129803,0,4952,6190,5,1,1,1,1,0.164,world,2.119024057,13.90429475,19.01664369
610.04,sort,0.567251462,8,1,0.1852691218,12.19764394,12.40110654,13.30503351,22,2846,3530,5,1,1,1,1,0.132,world,11.87028852,19.84582526,23.50217255
610.1,ours,1,0,0,0.2,2.249645793,2.277651918,2.695845874,0,4952,6190,5,1,1,1,1,0.024,world,2.117117844,13.90202953,19.01260435
610.1,ab3dmot,1,0,0,0.2,2.248641224,2.277150955,2.702008357,0,4956,6195,5,1,1,1,1,0.224,world,2.114421297,13.90297436,19.01643959
610.1,sort,0.5664233577,8,1,0.1852899576,12.19714215,12.40033984,13.30497378,22,2850,3535,5,1,1,1,1,0.192,world,11.86431469,19.84361959,23.50227051
610.172,ours,1,0,0,0.2,2.249557627,2.277523675,2.695822752,0,4956,6195,5,1,1,1,1,0.032,world,2.112797204,13.90080338,19.01243851
610.172,ab3dmot,1,0,0,0.2,2.248301816,2.277021171,2.701886912,0,4960,6200,5,1,1,1,1,0.296,world,2.110094725,13.90174682,19.01627366
610.172,sort,0.5655976676,8,1,0.1853107345,12.19653,12.39956746,13.30491406,22,2854,3540,5,1,1,1,1,0.264,world,11.85867374,19.84166209,23.5026023
610.268,ours,1,0,0,0.2,2.249404787,2.277392616,2.69579963,0,4960,6200,5,1,1,1,1,0.064,world,2.108763092,13.89967341,19.01231208
610.268,ab3dmot,1,0,0,0.2,2.247962408,2.27688895,2.701765467,0,4964,6205,5,1,1,1,1,0.36,world,2.106559435,13.90032657,19.01538715
610.268,sort,0.5647743814,8,1,0.1853314528,12.19591785,12.39878991,13.30485433,22,2858,3545,5,1,1,1,1,0.36,world,11.85338117,19.83995882,23.50316831
610.308,ours,1,0,0,0.2,2.249251947,2.277260375,2.695776508,0,4964,6205,5,1,1,1,1,0.008,world,2.106905636,13.89874626,19.01204254
610.308,ab3dmot,1,0,0,0.2,2.24766379,2.276754426,2.701416918,0,4968,6210,5,1,1,1,1,0.268,world,2.103188862,13.90119699,19.01775936
610.308,sort,0.5639534884,8,1,0.1853521127,12.19546949,12.39801106,13.30479461,22,2862,3550,5,1,1,1,1,0.332,world,11.85085109,19.83918045,23.50349186
610.4,ours,1,0,0,0.2,2.249180853,2.277123472,2.695695654,0,4968,6210,5,1,1,1,1,0.028,world,2.100360595,13.89887765,19.0142134
610.4,ab3dmot,1,0,0,0.2,2.247365171,2.276615445,2.701068369,0,4972,6215,5,1,1,1,1,0.26,world,2.096903425,13.90169314,19.01973869
610.4,sort,0.5631349782,8,1,0.1853727145,12.19502113,12.39723355,13.30473488,22,2866,3555,5,1,1,1,1,0.228,world,11.85021971,19.8411386,23.504461
610.476,ours,1,0,0,0.2,2.24910976,2.276982539,2.6956148,0,4972,6215,5,1,1,1,1,0.044,world,2.094637481,13.90103763,19.01872294
610.476,ab3dmot,1,0,0,0.2,2.247356825,2.276472006,2.700719819,0,4976,6220,5,1,1,1,1,0.204,world,2.090581258,13.90463737,19.02533901
610.476,sort,0.5623188406,8,1,0.1853932584,12.19438717,12.39645348,13.30467516,22,2870,3560,5,1,1,1,1,0.172,world,11.84678031,19.83990128,23.50448028
610.568,ours,1,0,0,0.2,2.248405857,2.276838318,2.695533946,0,4976,6220,5,1,1,1,1,0.048,world,2.089890396,13.90067407,19.01992113
610.568,ab3dmot,1,0,0,0.2,2.247348479,2.276325774,2.70037127,0,4980,6225,5,1,1,1,1,0.296,world,2.086492756,13.90360157,19.02541896
610.568,sort,0.5615050651,8,1,0.1854137447,12.19375321,12.39566805,13.30461543,22,2874,3565,5,1,1,1,1,0.264,world,11.84130744,19.83883944,23.50648344
610.636,ours,1,0,0,0.2,2.247701954,2.276692619,2.695453092,0,4980,6225,5,1,1,1,1,0.032,world,2.087583349,13.90012257,19.0200306
610.636,ab3dmot,1,0,0,0.2,2.247229824,2.276177885,2.700022721,0,4984,6230,5,1,1,1,1,0.3,world,2.083931035,13.90378087,19.02615617
610.636,sort,0.5606936416,8,1,0.1854341737,12.19322198,12.39488052,13.30455571,22,2878,3570,5,1,1,1,1,0.332,world,11.83817667,19.83851618,23.5081637
610.7,ours,1,0,0,0.2,2.247279688,2.276546586,2.695372238,0,4984,6230,5,1,1,1,1,0.032,world,2.086824104,13.90047078,19.02001619
610.7,ab3dmot,1,0,0,0.2,2.247111168,2.276031751,2.699674172,0,4988,6235,5,1,1,1,1,0.232,world,2.08601106,13.90189269,19.02164458
610.7,sort,0.5598845599,8,1,0.1854545455,12.19269075,12.39409577,13.30449598,22,2882,3575,5,1,1,1,1,0.2,world,11.83858673,19.83848688,23.50767815
610.78,ours,1,0,0,0.2,2.246857422,2.276400268,2.695291385,0,4988,6235,5,1,1,1,1,0.04,world,2.086130392,13.89888719,19.01752081
610.78,ab3dmot,1,0,0,0.2,2.24687725,2.275885798,2.699325623,0,4992,6240,5,1,1,1,1,0.18,world,2.085951091,13.89949716,19.01800911
610.78,sort,0.5590778098,8,1,0.1854748603,12.19261222,12.39330972,13.30443626,22,2886,3580,5,1,1,1,1,0.18,world,11.83602499,19.83843452,23.50957762
610.864,ours,1,0,0,0.2,2.246593595,2.276253468,2.695210531,0,4992,6240,5,1,1,1,1,0.032,world,2.085167795,13.89839921,19.01725868
610.864,ab3dmot,1,0,0,0.2,2.246643332,2.275739493,2.698977074,0,4996,6245,5,1,1,1,1,0.228,world,2.085165517,13.89872128,19.01740187
610.864,sort,0.5582733813,8,1,0.1854951185,12.19253368,12.39252367,13.30437653,22,2890,3585,5,1,1,1,1,0.264,world,11.83442071,19.8387086,23.51146274
610.932,ours,1,0,0,0.2,2.246329769,2.276106542,2.695129677,0,4996,6245,5,1,1,1,1,0.032,world,2.084687311,13.8973053,19.01656988
610.932,ab3dmot,1,0,0,0.2,2.2463313,2.275592272,2.698628525,0,5000,6250,5,1,1,1,1,0.132,world,2.083607996,13.89770514,19.01808184
610.932,sort,0.5574712644,8,1,0.1855153203,12.19133157,12.39175932,13.30431681,22,2894,3590,5,1,1,1,1,0.132,world,11.84861634,19.91010531,23.62239066
611.004,ours,1,0,0,0.2,2.24625386,2.275958822,2.695048823,0,5000,6250,5,1,1,1,1,0.008,world,2.083295808,13.8979806,19.0182051
611.004,ab3dmot,1,0,0,0.2,2.246019269,2.275444835,2.698279976,0,5004,6255,5,1,1,1,1,0.14,world,2.083004969,13.89830058,19.01870305
611.004,sort,0.5566714491,8,1,0.1855354659,12.19012947,12.3910758,13.30425708,22,2898,3595,5,1,1,1,1,0.14,world,11.90583555,20.15015715,23.98981622
611.112,ours,1,0,0,0.2,2.246177951,2.275811182,2.694967969,0,5004,6255,5,1,1,1,1,0.016,world,2.083096412,13.89824089,19.01881309
611.112,ab3dmot,1,0,0,0.2,2.245978401,2.275297478,2.697931427,0,5008,6260,5,1,1,1,1,0.248,world,2.082805536,13.89856086,19.01931102
611.112,sort,0.5558739255,8,1,0.1855555556,12.18998888,12.390447,13.30419736,22,2902,3600,5,1,1,1,1,0.248,world,11.94412608,20.29068321,24.20241509
611.2,ours,1,0,0,0.2,2.245785481,2.275663996,2.694887115,0,5008,6260,5,1,1,1,1,0.004,world,2.083407283,13.89856248,19.01927915
611.2,ab3dmot,1,0,0,0.2,2.245937534,2.275150574,2.697582878,0,5012,6265,5,1,1,1,1,0.336,world,2.083116446,13.89888245,19.01977707
611.2,sort,0.5550786838,8,1,0.1855755895,12.18984829,12.38985859,13.30413763,22,2906,3605,5,1,1,1,1,0.336,world,11.97208954,20.38400156,24.34205723
611.28,ours,1,0,0,0.2,2.245393011,2.275518948,2.694806261,0,5012,6265,5,1,1,1,1,0.02,world,2.086022341,13.8989516,19.01809936
611.28,ab3dmot,1,0,0,0.2,2.245874874,2.2750083,2.697234329,0,5016,6270,5,1,1,1,1,0.256,world,2.089140618,13.89834119,19.01400664
611.28,sort,0.5542857143,8,1,0.1855955679,12.18840179,12.38933659,13.30407791,22,2910,3610,5,1,1,1,1,0.32,world,12.01891966,20.52677899,24.55310821
611.36,ours,1,0,0,0.2,2.245391767,2.275378411,2.694725407,0,5016,6270,5,1,1,1,1,0.056,world,2.091880815,13.89840503,19.01246248
611.36,ab3dmot,1,0,0,0.2,2.245812215,2.274872701,2.69688578,0,5020,6275,5,1,1,1,1,0.196,world,2.097946525,13.89704372,19.0045301
611.36,sort,0.5534950071,8,1,0.185615491,12.1869553,12.3888179,13.30401818,22,2914,3615,5,1,1,1,1,0.396,world,12.02024013,20.52921705,24.55682412
611.424,ours,1,0,0,0.2,2.245390523,2.275243998,2.694644553,0,5020,6275,5,1,1,1,1,0.028,world,2.099930477,13.89702519,19.00427347
611.424,ab3dmot,1,0,0,0.2,2.245694792,2.274744874,2.696537231,0,5024,6280,5,1,1,1,1,0.128,world,2.108222184,13.89355117,18.99274755
611.424,sort,0.5527065527,8,1,0.1856353591,12.18680064,12.38844787,13.30362026,22,2918,3620,5,1,1,1,1,0.096,world,12.12627832,20.81870259,24.97732681
611.5,ours,1,0,0,0.2,2.245232944,2.275117269,2.694563699,0,5024,6280,5,1,1,1,1,0.024,world,2.110082386,13.89372017,18.99311596
611.5,ab3dmot,1,0,0,0.2,2.245577369,2.274624914,2.696188682,0,5028,6285,5,1,1,1,1,0.108,world,2.118600171,13.88975679,18.98114414
611.5,sort,0.5519203414,8,1,0.1856551724,12.18664599,12.38792873,13.30322235,22,2922,3625,5,1,1,1,1,0.108,world,12.01796535,20.51908252,24.54230543
611.6,ours,1,0,0,0.2,2.245075365,2.274994355,2.694482845,0,5028,6285,5,1,1,1,1,0.028,world,2.114982861,13.89328922,18.98999904
611.6,ab3dmot,1,0,0,0.2,2.245266342,2.27450678,2.695840133,0,5032,6290,5,1,1,1,1,0.208,world,2.120816642,13.89071802,18.98187589
611.6,sort,0.5511363636,8,1,0.1856749311,12.18658712,12.38744907,13.30282443,22,2926,3630,5,1,1,1,1,0.208,world,12.04552234,20.5954158,24.65402643
611.7,ours,1,0,0,0.2,2.24506228,2.274876381,2.694401991,0,5032,6290,5,1,1,1,1,0.044,world,2.121403308,13.89369548,18.98766387
611.7,ab3dmot,1,0,0,0.2,2.244955314,2.274393838,2.695491584,0,5036,6295,5,1,1,1,1,0.276,world,2.12756963,13.89088766,18.97903814
611.7,sort,0.5503546099,8,1,0.1856946355,12.18652826,12.38700623,13.30242651,22,2930,3635,5,1,1,1,1,0.276,world,12.07121533,20.65973121,24.74688804
611.776,ours,1,0,0,0.2,2.245049196,2.274762992,2.694321137,0,5036,6295,5,1,1,1,1,0.024,world,2.127338408,13.89352467,18.98441152
611.776,ab3dmot,1,0,0,0.2,2.244887735,2.274290171,2.695143035,0,5040,6300,5,1,1,1,1,0.252,world,2.139793775,13.88764872,18.96694038
611.776,sort,0.5495750708,8,1,0.1857142857,12.1856058,12.38656982,13.30202859,22,2934,3640,5,1,1,1,1,0.352,world,12.07497128,20.6634693,24.75133396
611.856,ours,1,0,0,0.2,2.245008152,2.274660608,2.694240283,0,5040,6300,5,1,1,1,1,0.056,world,2.141880592,13.89143544,18.97272021
611.856,ab3dmot,1,0,0,0.2,2.244820157,2.274193398,2.694794486,0,5044,6305,5,1,1,1,1,0.268,world,2.148799639,13.88822996,18.96308005
611.856,sort,0.5487977369,8,1,0.185733882,12.18468335,12.386098,13.30163067,22,2938,3645,5,1,1,1,1,0.268,world,12.04838148,20.57753969,24.62438364
611.964,ours,1,0,0,0.2,2.244967109,2.274561233,2.694159429,0,5044,6305,5,1,1,1,1,0.064,world,2.145695483,13.89302385,18.97367284
611.964,ab3dmot,1,0,0,0.2,2.244545878,2.274099625,2.694781179,0,5048,6310,5,1,1,1,1,0.372,world,2.152603937,13.88981647,18.96403312
611.964,sort,0.5480225989,8,1,0.1857534247,12.18407774,12.38558512,13.30123275,22,2942,3650,5,1,1,1,1,0.372,world,12.01750396,20.47681649,24.47461569
612.02,ours,1,0,0,0.2,2.244770496,2.274466021,2.694132796,0,5048,6310,5,1,1,1,1,0.02,world,2.151053632,13.89405519,18.97297992
612.02,ab3dmot,1,0,0,0.2,2.244271599,2.274008068,2.694767873,0,5052,6315,5,1,1,1,1,0.3,world,2.155366184,13.89185232,18.96684625
612.02,sort,0.5472496474,8,1,0.1857729138,12.18347213,12.38511392,13.30083483,22,2946,3655,5,1,1,1,1,0.4,world,12.04687793,20.55478509,24.58828991
612.1,ours,1,0,0,0.2,2.244573884,2.274374742,2.694106163,0,5052,6315,5,1,1,1,1,0.012,world,2.156102077,13.89500692,18.97286867
612.1,ab3dmot,1,0,0,0.2,2.244119238,2.273918015,2.694754566,0,5056,6320,5,1,1,1,1,0.244,world,2.157182159,13.89308186,18.9705979
612.1,sort,0.5464788732,8,1,0.1857923497,12.18322096,12.38458007,13.30043692,22,2950,3660,5,1,1,1,1,0.28,world,12.00010762,20.39946136,24.35717096
612.16,ours,1,0,0,0.2,2.243862283,2.274287337,2.694079531,0,5056,6320,5,1,1,1,1,0.024,world,2.161075367,13.89520848,18.97275735
612.16,ab3dmot,1,0,0,0.2,2.243966876,2.27383062,2.69474126,0,5060,6325,5,1,1,1,1,0.204,world,2.160539445,13.89466288,18.97309695
612.16,sort,0.5457102672,8,1,0.1858117326,12.18296979,12.38398091,13.300039,22,2954,3665,5,1,1,1,1,0.14,world,11.95099965,20.21713078,24.0825977
612.2,ours,1,0,0,0.2,2.243150683,2.274201763,2.694052898,0,5060,6325,5,1,1,1,1,0,world,2.163331786,13.89637944,18.97364885
612.2,ab3dmot,1,0,0,0.2,2.243611116,2.273743975,2.694727954,0,5064,6330,5,1,1,1,1,0.18,world,2.161357521,13.89696701,18.97625574
612.2,sort,0.5449438202,8,1,0.1858310627,12.18157529,12.38334517,13.29964108,22,2958,3670,5,1,1,1,1,0.084,world,11.92275346,20.09767992,23.90040323
612.268,ours,1,0,0,0.2,2.242996226,2.274120174,2.694026265,0,5064,6330,5,1,1,1,1,0.02,world,2.168453836,13.89839684,18.97477353
612.268,ab3dmot,1,0,0,0.2,2.243255357,2.273661098,2.694714647,0,5068,6335,5,1,1,1,1,0.148,world,2.166197609,13.89910815,18.97777801
612.268,sort,0.5441795231,8,1,0.1858503401,12.18018079,12.38270346,13.29924316,22,2962,3675,5,1,1,1,1,0.152,world,11.91703782,20.0510692,23.82650693
612.324,ours,1,0,0,0.2,2.242841769,2.27404077,2.693999633,0,5068,6335,5,1,1,1,1,0.024,world,2.171186818,13.89937645,18.97522705
612.324,ab3dmot,1,0,0,0.2,2.242489817,2.273580333,2.694701341,0,5072,6340,5,1,1,1,1,0.204,world,2.16883666,13.90009877,18.97834927
612.324,sort,0.5434173669,8,1,0.1858695652,12.17873932,12.38205837,13.29884524,22,2966,3680,5,1,1,1,1,0.204,world,11.91322429,20.0220459,23.78058514
612.4,ours,1,0,0,0.2,2.242644169,2.27396773,2.693973,0,5072,6340,5,1,1,1,1,0.016,world,2.179461026,13.90246584,18.97698513
612.4,ab3dmot,1,0,0,0.2,2.241724278,2.273505931,2.694688034,0,5076,6345,5,1,1,1,1,0.28,world,2.177119092,13.90318981,18.98010717
612.4,sort,0.5426573427,8,1,0.1858887381,12.17729784,12.38142299,13.29844732,22,2970,3685,5,1,1,1,1,0.28,world,11.91911708,20.00868119,23.75541417
612.484,ours,1,0,0,0.2,2.242446569,2.273899193,2.693946367,0,5076,6345,5,1,1,1,1,0.052,world,2.185265426,13.90461893,18.97819083
612.484,ab3dmot,1,0,0,0.2,2.241339011,2.27343603,2.694674728,0,5080,6350,5,1,1,1,1,0.364,world,2.182929312,13.90534408,18.98131275
612.484,sort,0.5418994413,8,1,0.1859078591,12.17678145,12.38079487,13.2980494,22,2974,3690,5,1,1,1,1,0.364,world,11.92322007,19.99871571,23.73675698
612.54,ours,1,0,0,0.2,2.242082789,2.273835396,2.693919735,0,5080,6350,5,1,1,1,1,0.036,world,2.191381039,13.90686364,18.97931969
612.54,ab3dmot,1,0,0,0.2,2.240953744,2.273370661,2.694661421,0,5084,6355,5,1,1,1,1,0.324,world,2.188776626,13.9078835,18.98291753
612.54,sort,0.5411436541,8,1,0.1859269283,12.17626506,12.3801755,13.29765149,22,2978,3695,5,1,1,1,1,0.42,world,11.92845398,19.99258879,23.72381868
612.6,ours,1,0,0,0.2,2.24171901,2.273773905,2.693893102,0,5084,6355,5,1,1,1,1,0.02,world,2.194290235,13.90815345,18.98023192
612.6,ab3dmot,1,0,0,0.2,2.240771537,2.273306013,2.694648115,0,5088,6360,5,1,1,1,1,0.248,world,2.189595644,13.90984943,18.9866575
612.6,sort,0.5403899721,8,1,0.1859459459,12.17621901,12.37953934,13.29725357,22,2982,3700,5,1,1,1,1,0.284,world,11.91467786,19.90479474,23.58568047
612.692,ours,1,0,0,0.2,2.241136533,2.273717928,2.693866469,0,5088,6360,5,1,1,1,1,0.048,world,2.201420496,13.91238196,18.98536394
612.692,ab3dmot,1,0,0,0.2,2.24058933,2.273246402,2.694634808,0,5092,6365,5,1,1,1,1,0.244,world,2.196112327,13.91476273,18.99291529
612.692,sort,0.5396383866,8,1,0.1859649123,12.17617295,12.37890931,13.29685565,22,2986,3705,5,1,1,1,1,0.176,world,11.91794982,19.85399749,23.49945071
612.78,ours,1,0,0,0.2,2.240554056,2.273666375,2.693839837,0,5092,6365,5,1,1,1,1,0.02,world,2.207116157,13.9152158,18.98793358
612.78,ab3dmot,1,0,0,0.2,2.23972301,2.273189384,2.694621502,0,5096,6370,5,1,1,1,1,0.264,world,2.199407303,13.91978371,18.99950951
612.78,sort,0.5388888889,8,1,0.1859838275,12.17612112,12.37829233,13.29645773,22,2990,3710,5,1,1,1,1,0.264,world,11.92642943,19.85982543,23.50448715
612.852,ours,1,0,0,0.2,2.240496024,2.27361587,2.693813204,0,5096,6370,5,1,1,1,1,0.04,world,2.208386526,13.92179861,18.9979274
612.852,ab3dmot,1,0,0,0.2,2.23885669,2.273134901,2.694608195,0,5100,6375,5,1,1,1,1,0.276,world,2.20262869,13.92509375,19.00654853
612.852,sort,0.5381414702,8,1,0.1860026918,12.17606929,12.37767287,13.29605981,22,2994,3715,5,1,1,1,1,0.176,world,11.92330541,19.79522698,23.39881156
612.94,ours,1,0,0,0.2,2.240437992,2.273573385,2.693786571,0,5100,6375,5,1,1,1,1,0.04,world,2.218787212,13.92555286,18.9998888
612.94,ab3dmot,1,0,0,0.2,2.23862208,2.273088439,2.694594889,0,5104,6380,5,1,1,1,1,0.36,world,2.213056527,13.92885333,19.00850944
612.94,sort,0.5373961219,8,1,0.1860215054,12.17604061,12.37707281,13.29570061,22,2998,3720,5,1,1,1,1,0.264,world,11.9365843,19.80365946,23.40546998
613.008,ours,1,0,0,0.2,2.240059091,2.273531418,2.693759939,0,5104,6380,5,1,1,1,1,0.032,world,2.219378073,13.92919978,19.00532374
613.008,ab3dmot,1,0,0,0.2,2.23838747,2.273039954,2.694581582,0,5108,6385,5,1,1,1,1,0.296,world,2.210306179,13.93594385,19.01981012
613.008,sort,0.5366528354,8,1,0.1860402685,12.17601193,12.37647755,13.29534141,22,3002,3725,5,1,1,1,1,0.296,world,11.93895597,19.7929351,23.38630008
613.092,ours,1,0,0,0.2,2.239680191,2.273495665,2.693733306,0,5108,6385,5,1,1,1,1,0.032,world,2.227406919,13.93553198,19.0118889
613.092,ab3dmot,1,0,0,0.2,2.23833337,2.272999775,2.694568276,0,5112,6390,5,1,1,1,1,0.384,world,2.221098182,13.93980324,19.02178174
613.092,sort,0.5359116022,8,1,0.1860589812,12.17566211,12.37590226,13.29498221,22,3006,3730,5,1,1,1,1,0.384,world,11.95272415,19.80179848,23.39334062
613.164,ours,1,0,0,0.2,2.239507691,2.273463437,2.693706673,0,5112,6390,5,1,1,1,1,0.048,world,2.231928378,13.94068194,19.01789735
613.164,ab3dmot,1,0,0,0.2,2.238279271,2.272962749,2.694554969,0,5116,6395,5,1,1,1,1,0.284,world,2.225140531,13.94537985,19.02863509
613.164,sort,0.5351724138,8,1,0.1860776439,12.17531229,12.37534094,13.29462302,22,3010,3735,5,1,1,1,1,0.452,world,11.96203381,19.80767807,23.39788681
613.244,ours,1,0,0,0.2,2.239335191,2.273436455,2.693680041,0,5116,6395,5,1,1,1,1,0.036,world,2.238687909,13.94585441,19.02131193
613.244,ab3dmot,1,0,0,0.2,2.237940498,2.272932966,2.694541663,0,5120,6400,5,1,1,1,1,0.236,world,2.234516116,13.94939283,19.02828347
613.244,sort,0.5344352617,8,1,0.1860962567,12.17524645,12.37476553,13.29426382,22,3014,3740,5,1,1,1,1,0.168,world,11.9503015,19.65940205,23.15743155
613.332,ours,1,0,0,0.2,2.239507691,2.273414662,2.693653408,0,5120,6400,5,1,1,1,1,0.032,world,2.24536896,13.95002282,19.02433243
613.332,ab3dmot,1,0,0,0.2,2.238279271,2.272909898,2.694528356,0,5124,6405,5,1,1,1,1,0.256,world,2.243187293,13.95252766,19.02835881
613.332,sort,0.5337001376,8,1,0.1861148198,12.1751806,12.37420413,13.29390462,22,3018,3745,5,1,1,1,1,0.256,world,11.95967706,19.66477457,23.1610572
613.452,ours,1,0,0,0.2,2.239680191,2.27340439,2.693626775,0,5124,6405,5,1,1,1,1,0.052,world,2.260217989,13.95525569,19.02689175
613.452,ab3dmot,1,0,0,0.2,2.23833337,2.272898345,2.694424932,0,5128,6410,5,1,1,1,1,0.376,world,2.258051122,13.95776297,19.0309177
613.452,sort,0.532967033,8,1,0.1861333333,12.17506764,12.37366932,13.29354542,22,3022,3750,5,1,1,1,1,0.376,world,11.97854186,19.67570887,23.16850219
613.504,ours,1,0,0,0.2,2.240059091,2.273398054,2.693595366,0,5128,6410,5,1,1,1,1,0.02,world,2.265266217,13.95783096,19.026642
613.504,ab3dmot,1,0,0,0.2,2.23838747,2.272892148,2.694321507,0,5132,6415,5,1,1,1,1,0.296,world,2.264933488,13.96161572,19.02928069
613.504,sort,0.5322359396,8,1,0.1861517976,12.17495468,12.37313597,13.29318622,22,3026,3755,5,1,1,1,1,0.328,world,11.97856027,19.63663899,23.10329752
613.588,ours,1,0,0,0.2,2.240437992,2.273399233,2.693563957,0,5132,6415,5,1,1,1,1,0.044,world,2.274911061,13.96550749,19.03253033
613.588,ab3dmot,1,0,0,0.2,2.23862208,2.272892304,2.694218082,0,5136,6420,5,1,1,1,1,0.248,world,2.2730922,13.96939784,19.03704727
613.588,sort,0.5315068493,8,1,0.1861702128,12.17468417,12.37260796,13.29282702,22,3030,3760,5,1,1,1,1,0.116,world,11.98150163,19.52180652,22.91043695
613.672,ours,1,0,0,0.2,2.240496024,2.273404765,2.693532548,0,5136,6420,5,1,1,1,1,0.036,world,2.280491453,13.97158569,19.03786637
613.672,ab3dmot,1,0,0,0.2,2.23885669,2.272897945,2.694114657,0,5140,6425,5,1,1,1,1,0.268,world,2.280130152,13.97364323,19.03957072
613.672,sort,0.5307797538,8,1,0.186188579,12.17441366,12.37208995,13.29246782,22,3034,3765,5,1,1,1,1,0.1,world,11.98797212,19.48641838,22.84697142
613.704,ours,1,0,0,0.2,2.240554056,2.273413475,2.693501138,0,5140,6425,5,1,1,1,1,0.004,world,2.284568763,13.97474405,19.03912855
613.704,ab3dmot,1,0,0,0.2,2.23972301,2.27290766,2.694011233,0,5144,6430,5,1,1,1,1,0.2,world,2.285356624,13.97742378,19.03993518
613.704,sort,0.5300546448,8,1,0.1862068966,12.17416074,12.37157945,13.29210862,22,3038,3770,5,1,1,1,1,0.132,world,11.9925886,19.48900978,22.84861344
613.768,ours,1,0,0,0.2,2.241136533,2.273428194,2.693469729,0,5144,6430,5,1,1,1,1,0.024,world,2.292264003,13.97875302,19.04069548
613.768,ab3dmot,1,0,0,0.2,2.24058933,2.272923893,2.693907808,0,5148,6435,5,1,1,1,1,0.196,world,2.293704498,13.9806446,19.04026696
613.768,sort,0.5293315143,8,1,0.1862251656,12.17390782,12.37112968,13.29174942,22,3042,3775,5,1,1,1,1,0.096,world,12.03738966,19.90063895,23.50881539
613.812,ours,1,0,0,0.2,2.24171901,2.273445993,2.69343832,0,5148,6435,5,1,1,1,1,0.012,world,2.296221305,13.98227014,19.04230547
613.812,ab3dmot,1,0,0,0.2,2.240771537,2.272942924,2.693804383,0,5152,6440,5,1,1,1,1,0.176,world,2.297304683,13.98371022,19.04202364
613.812,sort,0.5286103542,8,1,0.1862433862,12.17372086,12.3706966,13.29139022,22,3046,3780,5,1,1,1,1,0.076,world,12.04906229,19.95330564,23.58976654
613.86,ours,1,0,0,0.2,2.242082789,2.273465997,2.693406911,0,5152,6440,5,1,1,1,1,0.024,world,2.299067872,13.98557504,19.04505108
613.86,ab3dmot,1,0,0,0.2,2.240953744,2.272963593,2.693700958,0,5156,6445,5,1,1,1,1,0.124,world,2.299431531,13.9876392,19.04603198
613.86,sort,0.5278911565,8,1,0.1862615588,12.17353389,12.37027436,13.29103102,22,3050,3785,5,1,1,1,1,0.092,world,12.05636541,19.9755568,23.62261094
613.904,ours,1,0,0,0.2,2.242446569,2.273488311,2.693375502,0,5156,6445,5,1,1,1,1,0.012,world,2.30204902,13.98815758,19.04713651
613.904,ab3dmot,1,0,0,0.2,2.241339011,2.27298684,2.693597534,0,5160,6450,5,1,1,1,1,0.14,world,2.302757494,13.98934392,19.04713532
613.904,sort,0.527173913,8,1,0.1862796834,12.17244744,12.36986157,13.29067182,22,3054,3790,5,1,1,1,1,0.14,world,12.0626356,19.98899864,23.64136859
613.976,ours,1,0,0,0.2,2.242644169,2.273516037,2.693344092,0,5160,6450,5,1,1,1,1,0.028,world,2.308977558,13.99053719,19.04821393
613.976,ab3dmot,1,0,0,0.2,2.241724278,2.273015494,2.693494109,0,5164,6455,5,1,1,1,1,0.208,world,2.309683198,13.99172259,19.04821256
613.976,sort,0.526458616,8,1,0.1862977602,12.17136099,12.36946305,13.29031263,22,3058,3795,5,1,1,1,1,0.208,world,12.07258426,20.0002918,23.65436812
614.032,ours,1,0,0,0.2,2.242841769,2.273549061,2.693312683,0,5164,6455,5,1,1,1,1,0.032,world,2.315757416,13.99285754,19.04925229
614.032,ab3dmot,1,0,0,0.2,2.242455785,2.273049441,2.693390684,0,5168,6460,5,1,1,1,1,0.264,world,2.316460227,13.99404198,19.04925075
614.032,sort,0.5257452575,8,1,0.1863157895,12.17052068,12.36907805,13.28995343,22,3062,3800,5,1,1,1,1,0.264,world,12.08199604,20.00918164,23.66365221
614.068,ours,1,0,0,0.2,2.242996226,2.273584658,2.693281274,0,5168,6460,5,1,1,1,1,0.004,world,2.319085731,13.99399352,19.04975603
614.068,ab3dmot,1,0,0,0.2,2.243187293,2.273085959,2.69328726,0,5172,6465,5,1,1,1,1,0.3,world,2.319787132,13.99517749,19.04975439
614.068,sort,0.5250338295,8,1,0.1863337714,12.16968036,12.36869971,13.28959423,22,3066,3805,5,1,1,1,1,0.3,world,12.08626229,20.01132437,23.66470295
614.128,ours,1,0,0,0.2,2.243150683,2.273625353,2.693249865,0,5172,6465,5,1,1,1,1,0.028,world,2.32560757,13.99621324,19.05073112
614.128,ab3dmot,1,0,0,0.2,2.243221325,2.273127569,2.693183835,0,5176,6470,5,1,1,1,1,0.364,world,2.326306161,13.99739626,19.05072931
614.128,sort,0.5243243243,8,1,0.186351706,12.16966985,12.36833345,13.28923503,22,3070,3810,5,1,1,1,1,0.364,world,12.0946297,20.01545055,23.66662142
614.188,ours,1,0,0,0.2,2.243862283,2.273668346,2.693218456,0,5176,6470,5,1,1,1,1,0.032,world,2.328594933,13.99785583,19.05181364
614.188,ab3dmot,1,0,0,0.2,2.243255357,2.273171376,2.69308041,0,5180,6475,5,1,1,1,1,0.352,world,2.329168016,13.9990954,19.05199751
614.188,sort,0.5236167341,8,1,0.1863695937,12.16965935,12.36797356,13.28887583,22,3074,3815,5,1,1,1,1,0.42,world,12.09872538,20.01743122,23.66748777
614.232,ours,1,0,0,0.2,2.244573884,2.27371597,2.693187046,0,5180,6475,5,1,1,1,1,0.008,world,2.334527081,14.00057506,19.05347335
614.232,ab3dmot,1,0,0,0.2,2.243611116,2.273219776,2.692976985,0,5184,6480,5,1,1,1,1,0.296,world,2.335056213,14.00035341,19.05271005
614.232,sort,0.5229110512,8,1,0.1863874346,12.1693887,12.36762519,13.2888029,22,3078,3820,5,1,1,1,1,0.464,world,12.10672727,20.02122101,23.66903158
614.292,ours,1,0,0,0.2,2.244770496,2.273765659,2.693155637,0,5184,6480,5,1,1,1,1,0.028,world,2.337227266,14.00150018,19.0542261
614.292,ab3dmot,1,0,0,0.2,2.243966876,2.27327008,2.692873561,0,5188,6485,5,1,1,1,1,0.292,world,2.337553504,14.00031476,19.05304811
614.292,sort,0.5222072678,8,1,0.1864052288,12.16911805,12.36727508,13.28872997,22,3082,3825,5,1,1,1,1,0.164,world,12.10470238,20.01111493,23.65309804
614.316,ours,1,0,0,0.2,2.244967109,2.273817495,2.693124228,0,5188,6485,5,1,1,1,1,0.016,world,2.340031558,14.00164978,19.05427315
614.316,ab3dmot,1,0,0,0.2,2.244119238,2.273322951,2.692770136,0,5192,6490,5,1,1,1,1,0.248,world,2.340892627,13.99929878,19.05170095
614.316,sort,0.5215053763,8,1,0.1864229765,12.16845507,12.36693092,13.28865704,22,3086,3830,5,1,1,1,1,0.184,world,12.10851634,20.01282784,23.6536643
614.368,ours,1,0,0,0.2,2.245008152,2.273871984,2.693092819,0,5192,6490,5,1,1,1,1,0.02,world,2.343478261,14.00121628,19.05311743
614.368,ab3dmot,1,0,0,0.2,2.244271599,2.273378973,2.692666711,0,5196,6495,5,1,1,1,1,0.236,world,2.344967359,13.99759529,19.04898615
614.368,sort,0.5208053691,8,1,0.186440678,12.16779209,12.36659259,13.28858411,22,3090,3835,5,1,1,1,1,0.236,world,12.11225764,20.01447898,23.65416569
614.4,ours,1,0,0,0.2,2.245049196,2.273929036,2.69306141,0,5196,6495,5,1,1,1,1,0.004,world,2.346813562,14.0013023,19.05237009
614.4,ab3dmot,1,0,0,0.2,2.244545878,2.27343717,2.692563286,0,5200,6500,5,1,1,1,1,0.268,world,2.347817123,13.99855068,19.04938405
614.4,sort,0.5201072386,8,1,0.1864583333,12.1677297,12.36629116,13.28851118,22,3094,3840,5,1,1,1,1,0.268,world,12.13964337,20.1246054,23.82230611
614.456,ours,1,0,0,0.2,2.24506228,2.273990376,2.693030001,0,5200,6500,5,1,1,1,1,0.056,world,2.352321475,14.00314167,19.0531265
614.456,ab3dmot,1,0,0,0.2,2.244820157,2.273499652,2.692459862,0,5204,6505,5,1,1,1,1,0.324,world,2.353323167,14.00039006,19.05014067
614.456,sort,0.5194109772,8,1,0.1864759428,12.1676673,12.36601486,13.28843825,22,3098,3845,5,1,1,1,1,0.324,world,12.15814209,20.17587436,23.89706348
614.492,ours,1,0,0,0.2,2.245075365,2.274054264,2.692998591,0,5204,6505,5,1,1,1,1,0.016,world,2.355643061,14.00275842,19.05186098
614.492,ab3dmot,1,0,0,0.2,2.244887735,2.27356489,2.692392309,0,5208,6510,5,1,1,1,1,0.328,world,2.356911496,13.99947132,19.04822232
614.492,sort,0.5187165775,8,1,0.1864935065,12.1677297,12.36575256,13.28836532,22,3102,3850,5,1,1,1,1,0.36,world,12.16823764,20.20458603,23.93908004
614.516,ours,1,0,0,0.2,2.245222162,2.274119317,2.692851501,0,5208,6510,5,1,1,1,1,0.016,world,2.35723347,14.00019353,19.04830213
614.516,ab3dmot,1,0,0,0.2,2.244955314,2.273632697,2.692324757,0,5212,6515,5,1,1,1,1,0.256,world,2.360265648,13.99441781,19.04100173
614.516,sort,0.518024032,8,1,0.1865110246,12.16779209,12.36550148,13.28829239,22,3106,3855,5,1,1,1,1,0.288,world,12.17624307,20.23727764,23.98908254
614.564,ours,1,0,0,0.2,2.24536896,2.274189763,2.692704411,0,5212,6515,5,1,1,1,1,0.004,world,2.364130135,13.99942736,19.0452406
614.564,ab3dmot,1,0,0,0.2,2.245266342,2.273706208,2.692257205,0,5216,6520,5,1,1,1,1,0.236,world,2.367552827,13.99314385,19.03717699
614.564,sort,0.5173333333,8,1,0.1865284974,12.16801487,12.36526579,13.28821947,22,3110,3860,5,1,1,1,1,0.2,world,12.1874539,20.262017,24.02365575
614.6,ours,1,0,0,0.2,2.245379741,2.274263516,2.692557321,0,5216,6520,5,1,1,1,1,0.004,world,2.368413389,13.99779575,19.04178854
614.6,ab3dmot,1,0,0,0.2,2.245577369,2.273783629,2.692189653,0,5220,6525,5,1,1,1,1,0.204,world,2.372591423,13.9911023,19.03258238
614.6,sort,0.516644474,8,1,0.186545925,12.16823764,12.36503956,13.28814654,22,3114,3865,5,1,1,1,1,0.136,world,12.19418392,20.28000711,24.04966174
614.66,ours,1,0,0,0.2,2.245390523,2.274340932,2.692410231,0,5220,6525,5,1,1,1,1,0.04,world,2.373144227,13.99599975,19.03761043
614.66,ab3dmot,1,0,0,0.2,2.245694792,2.27386526,2.692122101,0,5224,6530,5,1,1,1,1,0.196,world,2.378006858,13.98933111,19.02760554
614.66,sort,0.5159574468,8,1,0.1865633075,12.16867784,12.36481799,13.28807361,22,3118,3870,5,1,1,1,1,0.196,world,12.1972873,20.28116718,24.04968411
614.7,ours,1,0,0,0.2,2.245391767,2.274422873,2.692263141,0,5224,6530,5,1,1,1,1,0.008,world,2.378951025,13.99639635,19.03589229
614.7,ab3dmot,1,0,0,0.2,2.245812215,2.273950338,2.692054548,0,5228,6535,5,1,1,1,1,0.236,world,2.382471244,13.99079752,19.02816969
614.7,sort,0.5152722444,8,1,0.1865806452,12.16911805,12.36461104,13.28800068,22,3122,3875,5,1,1,1,1,0.104,world,12.20798919,20.30544882,24.08375485
614.76,ours,1,0,0,0.2,2.245393011,2.274507426,2.692116051,0,5228,6535,5,1,1,1,1,0.036,world,2.382375009,13.99601827,19.03390167
614.76,ab3dmot,1,0,0,0.2,2.245874874,2.274038185,2.691986996,0,5232,6540,5,1,1,1,1,0.264,world,2.386090315,13.99045395,19.02596317
614.76,sort,0.5145888594,8,1,0.1865979381,12.1693887,12.36440837,13.28792775,22,3126,3880,5,1,1,1,1,0.164,world,12.21084416,20.30656475,24.08383807
614.808,ours,1,0,0,0.2,2.245785481,2.274593476,2.691968961,0,5232,6540,5,1,1,1,1,0.016,world,2.384407368,13.99667952,19.03414763
614.808,ab3dmot,1,0,0,0.2,2.245937534,2.27412752,2.691919444,0,5236,6545,5,1,1,1,1,0.312,world,2.388119384,13.99111472,19.02620922
614.808,sort,0.5139072848,8,1,0.1866151866,12.16965935,12.36420984,13.28785482,22,3130,3885,5,1,1,1,1,0.216,world,12.21359984,20.30760823,24.083855
614.88,ours,1,0,0,0.2,2.246177951,2.274684771,2.691821871,0,5236,6545,5,1,1,1,1,0.02,world,2.391115842,13.99763683,19.03291072
614.88,ab3dmot,1,0,0,0.2,2.245978401,2.27422216,2.691851892,0,5240,6550,5,1,1,1,1,0.352,world,2.394901026,13.99222043,19.02496557
614.88,sort,0.5132275132,8,1,0.1866323907,12.16966985,12.36402174,13.28778189,22,3134,3890,5,1,1,1,1,0.284,world,12.22117907,20.30996115,24.08299041
614.9,ours,1,0,0,0.2,2.24625386,2.274779373,2.691674781,0,5240,6550,5,1,1,1,1,0,world,2.395412556,13.99470161,19.02587117
614.9,ab3dmot,1,0,0,0.2,2.246019269,2.274321491,2.691784339,0,5244,6555,5,1,1,1,1,0.272,world,2.400918981,13.98827835,19.01522379
614.9,sort,0.5125495376,8,1,0.1866495507,12.16968036,12.36380401,13.28770896,22,3138,3895,5,1,1,1,1,0.176,world,12.19808758,20.19715289,23.90832917
614.96,ours,1,0,0,0.2,2.246329769,2.274878151,2.691527691,0,5244,6555,5,1,1,1,1,0.004,world,2.400789671,13.99367654,19.0223958
614.96,ab3dmot,1,0,0,0.2,2.2463313,2.274424999,2.691716787,0,5248,6560,5,1,1,1,1,0.268,world,2.406297688,13.98755917,19.01193919
614.96,sort,0.5118733509,8,1,0.1866666667,12.17052068,12.3635795,13.28763603,22,3142,3900,5,1,1,1,1,0.136,world,12.19243987,20.14608766,23.82616259
615,ours,1,0,0,0.2,2.246593595,2.274978875,2.6913806,0,5248,6560,5,1,1,1,1,0.004,world,2.40340057,13.99313672,19.0205777
615,ab3dmot,1,0,0,0.2,2.246643332,2.274529552,2.691649235,0,5252,6565,5,1,1,1,1,0.308,world,2.40779552,13.98803356,19.01209687
615,sort,0.511198946,8,1,0.1866837388,12.17136099,12.36335827,13.2875631,22,3146,3905,5,1,1,1,1,0.176,world,12.19450739,20.14645808,23.82543996
615.064,ours,1,0,0,0.2,2.246857422,2.275081635,2.69123351,0,5252,6565,5,1,1,1,1,0.008,world,2.406126563,13.99399043,19.0208487
615.064,ab3dmot,1,0,0,0.2,2.24687725,2.274636133,2.691581683,0,5256,6570,5,1,1,1,1,0.372,world,2.410515331,13.98888607,19.01236785
615.064,sort,0.5105263158,8,1,0.1867007673,12.17244744,12.36314255,13.28749017,22,3150,3910,5,1,1,1,1,0.244,world,12.1983162,20.14701855,23.82387575
615.1,ours,1,0,0,0.2,2.247279688,2.275185219,2.69108642,0,5256,6570,5,1,1,1,1,0.012,world,2.407349019,13.99436849,19.02096205
615.1,ab3dmot,1,0,0,0.2,2.247111168,2.27474353,2.69151413,0,5260,6575,5,1,1,1,1,0.408,world,2.411734953,13.98926357,19.01248118
615.1,sort,0.5098554534,8,1,0.1867177522,12.17353389,12.36292965,13.28741724,22,3154,3915,5,1,1,1,1,0.276,world,12.20004541,20.14715873,23.82295845
615.168,ours,1,0,0,0.2,2.247701954,2.275289548,2.69093933,0,5260,6575,5,1,1,1,1,0.012,world,2.408476305,13.99473043,19.02114456
615.168,ab3dmot,1,0,0,0.2,2.247229824,2.274851665,2.691446578,0,5264,6580,5,1,1,1,1,0.476,world,2.412859579,13.98962496,19.01266363
615.168,sort,0.5091863517,8,1,0.1867346939,12.17372086,12.36271938,13.28736981,22,3158,3920,5,1,1,1,1,0.348,world,12.20165913,20.14702799,23.82100891
615.2,ours,1,0,0,0.2,2.248405857,2.275401274,2.69079224,0,5264,6580,5,1,1,1,1,0.012,world,2.417857286,13.98982175,19.00778137
615.2,ab3dmot,1,0,0,0.2,2.247348479,2.27496635,2.691379026,0,5268,6585,5,1,1,1,1,0.244,world,2.421189477,13.98709791,19.00206083
615.2,sort,0.5085190039,8,1,0.1867515924,12.17390782,12.36251004,13.28732238,22,3162,3925,5,1,1,1,1,0.244,world,12.20194636,20.14075702,23.81090509
615.268,ours,1,0,0,0.2,2.24910976,2.275514243,2.69064515,0,5268,6585,5,1,1,1,1,0.012,world,2.41961556,13.99034233,19.00790471
615.268,ab3dmot,1,0,0,0.2,2.247356825,2.275082273,2.691311474,0,5272,6590,5,1,1,1,1,0.312,world,2.422943641,13.98761748,19.00218401
615.268,sort,0.5078534031,8,1,0.1867684478,12.17416074,12.36230467,13.28727495,22,3166,3930,5,1,1,1,1,0.316,world,12.20460336,20.14059269,23.80877946
615.304,ours,1,0,0,0.2,2.249180853,2.275627626,2.69049806,0,5272,6590,5,1,1,1,1,0.008,world,2.420347233,13.99055213,19.00794458
615.304,ab3dmot,1,0,0,0.2,2.247365171,2.275199429,2.691243921,0,5276,6595,5,1,1,1,1,0.316,world,2.424695928,13.98741976,19.00073675
615.304,sort,0.5071895425,8,1,0.1867852605,12.17441366,12.36210132,13.28722751,22,3170,3935,5,1,1,1,1,0.356,world,12.20575234,20.14039393,23.80762375
615.352,ours,1,0,0,0.2,2.249251947,2.275743818,2.69035097,0,5276,6595,5,1,1,1,1,0.012,world,2.42404927,13.98945157,19.00402734
615.352,ab3dmot,1,0,0,0.2,2.24766379,2.275320158,2.691176369,0,5280,6600,5,1,1,1,1,0.264,world,2.429344464,13.9860299,18.99550647
615.352,sort,0.5065274151,8,1,0.1868020305,12.17468417,12.361901,13.28718008,22,3174,3940,5,1,1,1,1,0.396,world,12.20768645,20.13976329,23.80512996
615.4,ours,1,0,0,0.2,2.249404787,2.275862066,2.69020388,0,5280,6600,5,1,1,1,1,0.012,world,2.426820795,13.98808311,19.00027547
615.4,ab3dmot,1,0,0,0.2,2.247962408,2.275441664,2.691108817,0,5284,6605,5,1,1,1,1,0.28,world,2.430538354,13.98605558,18.9945345
615.4,sort,0.5058670143,8,1,0.1868187579,12.17495468,12.36168957,13.28713265,22,3178,3945,5,1,1,1,1,0.18,world,12.19866098,20.09142438,23.72940197
615.448,ours,1,0,0,0.2,2.249557627,2.275981732,2.69005679,0,5284,6605,5,1,1,1,1,0.028,world,2.428805518,13.98729904,18.99772618
615.448,ab3dmot,1,0,0,0.2,2.248301816,2.275563443,2.691000188,0,5288,6610,5,1,1,1,1,0.26,world,2.431112886,13.98600311,18.99414047
615.448,sort,0.5052083333,8,1,0.186835443,12.17506764,12.36147666,13.28708522,22,3182,3950,5,1,1,1,1,0.232,world,12.19708236,20.08009374,23.7111816
615.5,ours,1,0,0,0.2,2.249645793,2.276101868,2.689871053,0,5288,6610,5,1,1,1,1,0.016,world,2.429619561,13.98690666,18.99681598
615.5,ab3dmot,1,0,0,0.2,2.248641224,2.275685006,2.690891558,0,5292,6615,5,1,1,1,1,0.28,world,2.4310818,13.98617323,18.99459771
615.5,sort,0.5045513654,8,1,0.186852086,12.1751806,12.36126412,13.28703779,22,3186,3955,5,1,1,1,1,0.28,world,12.19693941,20.07354811,23.69998048
615.54,ours,1,0,0,0.2,2.24973396,2.276222245,2.689685317,0,5292,6615,5,1,1,1,1,0.028,world,2.430152215,13.98648497,18.99589506
615.54,ab3dmot,1,0,0,0.2,2.248830346,2.275806535,2.690782929,0,5296,6620,5,1,1,1,1,0.284,world,2.431275175,13.98598961,18.99423426
615.54,sort,0.5038961039,8,1,0.1868686869,12.17524645,12.36105167,13.28699035,22,3190,3960,5,1,1,1,1,0.32,world,12.19657992,20.06965502,23.6935075
615.592,ours,1,0,0,0.2,2.250144565,2.276342678,2.689499581,0,5296,6620,5,1,1,1,1,0.028,world,2.430455041,13.98660554,18.99547791
615.592,ab3dmot,1,0,0,0.2,2.249019468,2.275926543,2.6906743,0,5300,6625,5,1,1,1,1,0.24,world,2.42962229,13.98781895,18.99724744
615.592,sort,0.5032425422,8,1,0.1868852459,12.17531229,12.36083588,13.28694292,22,3194,3965,5,1,1,1,1,0.176,world,12.19354545,20.05221226,23.66586002
615.652,ours,1,0,0,0.2,2.25055517,2.276460715,2.689313845,0,5300,6625,5,1,1,1,1,0.036,world,2.427712634,13.98830223,18.9992404
615.652,ab3dmot,1,0,0,0.2,2.249203625,2.276041358,2.69056567,0,5304,6630,5,1,1,1,1,0.2,world,2.423398478,13.99192323,19.00672789
615.652,sort,0.5025906736,8,1,0.1869017632,12.17566211,12.36061853,13.28689549,22,3198,3970,5,1,1,1,1,0.1,world,12.19188324,20.04422216,23.65294703
615.716,ours,1,0,0,0.2,2.250821132,2.276573761,2.689128109,0,5304,6630,5,1,1,1,1,0.016,world,2.42172853,13.99160988,19.00747263
615.716,ab3dmot,1,0,0,0.2,2.249387781,2.276147549,2.690457041,0,5308,6635,5,1,1,1,1,0.132,world,2.412847563,13.99786547,19.02218443
615.716,sort,0.5019404916,8,1,0.186918239,12.17601193,12.36040026,13.28684806,22,3202,3975,5,1,1,1,1,0.1,world,12.19073072,20.04208405,23.64951523
615.8,ours,1,0,0,0.2,2.251087095,2.276679609,2.688942372,0,5308,6635,5,1,1,1,1,0.02,world,2.412951908,13.99578534,19.01920226
615.8,ab3dmot,1,0,0,0.2,2.249849922,2.276248374,2.690348411,0,5312,6640,5,1,1,1,1,0.148,world,2.406323618,14.00065868,19.03035013
615.8,sort,0.5012919897,8,1,0.1869346734,12.17604061,12.36018153,13.28680062,22,3206,3980,5,1,1,1,1,0.184,world,12.18993318,20.04290964,23.65091864
615.884,ours,1,0,0,0.2,2.251148249,2.27678219,2.688756636,0,5312,6640,5,1,1,1,1,0.032,world,2.409061214,13.99668664,19.02248923
615.884,ab3dmot,1,0,0,0.2,2.250312063,2.276343374,2.690239782,0,5316,6645,5,1,1,1,1,0.168,world,2.399186614,14.00388686,19.03909327
615.884,sort,0.5006451613,8,1,0.1869510665,12.17606929,12.35996159,13.28675319,22,3210,3985,5,1,1,1,1,0.268,world,12.18853354,20.04231687,23.65033813
615.98,ours,1,0,0,0.2,2.251209403,2.276880136,2.6885709,0,5316,6645,5,1,1,1,1,0.048,world,2.403433131,13.99711711,19.02571988
615.98,ab3dmot,1,0,0,0.2,2.250505611,2.276433446,2.690131153,0,5320,6650,5,1,1,1,1,0.232,world,2.393144749,14.0049181,19.04322301
615.98,sort,0.5,8,1,0.1869674185,12.17612112,12.35973302,13.28670576,22,3214,3990,5,1,1,1,1,0.164,world,12.18130518,20.02905144,23.63157236
616.044,ours,1,0,0,0.2,2.251671582,2.276970364,2.688385164,0,5320,6650,5,1,1,1,1,0.044,world,2.393879204,14.00193342,19.03723601
616.044,ab3dmot,1,0,0,0.2,2.250699159,2.276515877,2.690022523,0,5324,6655,5,1,1,1,1,0.2,world,2.383627499,14.01038111,19.05515285
616.044,sort,0.4993564994,8,1,0.1869837297,12.17617295,12.35949881,13.28665833,22,3218,3995,5,1,1,1,1,0.136,world,12.17639307,20.0251552,23.62737507
616.1,ours,1,0,0,0.2,2.252133761,2.277056691,2.688199427,0,5324,6655,5,1,1,1,1,0.02,world,2.389112556,14.00452568,19.04293633
616.1,ab3dmot,1,0,0,0.2,2.250922655,2.276595971,2.689913894,0,5328,6660,5,1,1,1,1,0.22,world,2.380814172,14.01122149,19.05736526
616.1,sort,0.498714653,8,1,0.187,12.17612112,12.35926279,13.2866109,22,3222,4000,5,1,1,1,1,0.188,world,12.17449389,20.02675457,23.63091374
616.18,ours,1,0,0,0.2,2.252182114,2.277138819,2.688013691,0,5328,6660,5,1,1,1,1,0.036,world,2.383944519,14.0027381,19.04215545
616.18,ab3dmot,1,0,0,0.2,2.251146152,2.276671884,2.689805265,0,5332,6665,5,1,1,1,1,0.3,world,2.375634986,14.00943275,19.05658555
616.18,sort,0.4980744544,8,1,0.1870162297,12.17606929,12.35902011,13.28656346,22,3226,4005,5,1,1,1,1,0.268,world,12.1687494,20.02312154,23.62764863
616.24,ours,1,0,0,0.2,2.252230468,2.277218171,2.687827955,0,5332,6665,5,1,1,1,1,0.032,world,2.380567915,14.00351719,19.04456522
616.24,ab3dmot,1,0,0,0.2,2.25116219,2.276744252,2.689696635,0,5336,6670,5,1,1,1,1,0.292,world,2.371247616,14.01140535,19.06100049
616.24,sort,0.4974358974,8,1,0.187032419,12.17604061,12.35877452,13.28651603,22,3230,4010,5,1,1,1,1,0.292,world,12.16595271,20.02122529,23.6258669
616.3,ours,1,0,0,0.2,2.252344535,2.277291594,2.687642219,0,5336,6670,5,1,1,1,1,0.024,world,2.373145612,14.00540886,19.0500921
616.3,ab3dmot,1,0,0,0.2,2.251178228,2.276812604,2.689588006,0,5340,6675,5,1,1,1,1,0.288,world,2.36623653,14.01132198,19.06232279
616.3,sort,0.4967989757,8,1,0.1870485679,12.17601193,12.35852383,13.2864686,22,3234,4015,5,1,1,1,1,0.352,world,12.16141179,20.01687201,23.62091763
616.344,ours,1,0,0,0.2,2.252458601,2.277362475,2.687456482,0,5340,6675,5,1,1,1,1,0.036,world,2.370030467,14.0056846,19.05154215
616.344,ab3dmot,1,0,0,0.2,2.251835546,2.276879253,2.689479377,0,5344,6680,5,1,1,1,1,0.232,world,2.364181208,14.01070183,19.0619022
616.344,sort,0.4961636829,8,1,0.1870646766,12.17566211,12.35826586,13.28596802,22,3238,4020,5,1,1,1,1,0.1,world,12.15511782,20.00846002,23.60992972
616.4,ours,1,0,0,0.2,2.25246199,2.27742736,2.687270746,0,5344,6680,5,1,1,1,1,0.024,world,2.36245999,14.00615965,19.05572444
616.4,ab3dmot,1,0,0,0.2,2.252492865,2.27694033,2.689370747,0,5348,6685,5,1,1,1,1,0.156,world,2.357126018,14.00983258,19.06460878
616.4,sort,0.4955300128,8,1,0.1870807453,12.17531229,12.35800242,13.28546743,22,3242,4025,5,1,1,1,1,0.124,world,12.15024105,20.00705293,23.61004108
616.488,ours,1,0,0,0.2,2.252465379,2.277486604,2.68708501,0,5348,6685,5,1,1,1,1,0.044,world,2.355306141,14.0052599,19.05812186
616.488,ab3dmot,1,0,0,0.2,2.252897142,2.276997391,2.689262118,0,5352,6690,5,1,1,1,1,0.212,world,2.352049968,14.00760963,19.06361172
616.488,sort,0.4948979592,8,1,0.1870967742,12.17524645,12.35773313,13.28496685,22,3246,4030,5,1,1,1,1,0.216,world,12.14504815,20.00472581,23.60885772
616.568,ours,1,0,0,0.2,2.252685916,2.277541212,2.686899274,0,5352,6690,5,1,1,1,1,0.06,world,2.349417834,14.00334109,19.05792527
616.568,ab3dmot,1,0,0,0.2,2.25330142,2.277050182,2.689153489,0,5356,6695,5,1,1,1,1,0.26,world,2.346621567,14.00512132,19.06248953
616.568,sort,0.4942675159,8,1,0.1871127633,12.1751806,12.35745725,13.28446627,22,3250,4035,5,1,1,1,1,0.292,world,12.13923894,20.00127808,23.60617267
616.66,ours,1,0,0,0.2,2.252906453,2.27758899,2.686713537,0,5356,6695,5,1,1,1,1,0.056,world,2.34064236,14.00044537,19.05683214
616.66,ab3dmot,1,0,0,0.2,2.253314137,2.277096152,2.689044859,0,5360,6700,5,1,1,1,1,0.352,world,2.337838207,14.00222433,19.06139684
616.66,sort,0.4936386768,8,1,0.1871287129,12.17506764,12.35716958,13.28396569,22,3254,4040,5,1,1,1,1,0.384,world,12.12924523,19.99322488,23.59810455
616.728,ours,1,0,0,0.2,2.252914871,2.277631364,2.686527801,0,5360,6700,5,1,1,1,1,0.028,world,2.333679951,13.99827941,19.05687812
616.728,ab3dmot,1,0,0,0.2,2.253326854,2.277136189,2.68893623,0,5364,6705,5,1,1,1,1,0.32,world,2.330167772,13.99891849,19.06163958
616.728,sort,0.4930114358,8,1,0.187144623,12.17495468,12.35687369,13.28346511,22,3258,4045,5,1,1,1,1,0.456,world,12.12207246,19.98763202,23.59265964
616.804,ours,1,0,0,0.2,2.252923289,2.277666593,2.686342065,0,5364,6705,5,1,1,1,1,0.032,world,2.324393477,13.99700278,19.06000368
616.804,ab3dmot,1,0,0,0.2,2.253461025,2.277171168,2.688813311,0,5368,6710,5,1,1,1,1,0.296,world,2.323605126,13.99760952,19.0613507
616.804,sort,0.4923857868,8,1,0.1871604938,12.17472428,12.35656914,13.28296453,22,3262,4050,5,1,1,1,1,0.528,world,12.11450952,19.981875,23.58717721
616.9,ours,1,0,0,0.2,2.253396092,2.277691388,2.686277639,0,5368,6710,5,1,1,1,1,0.036,world,2.310702329,13.99549786,19.06402611
616.9,ab3dmot,1,0,0,0.2,2.253595195,2.277194552,2.688690392,0,5372,6715,5,1,1,1,1,0.228,world,2.3083627,13.99623484,19.06739728
616.9,sort,0.4917617237,8,1,0.1871763255,12.17449389,12.35625039,13.28246395,22,3266,4055,5,1,1,1,1,0.624,world,12.10247016,19.97296106,23.57891239
616.98,ours,1,0,0,0.2,2.253868895,2.277708065,2.686213212,0,5372,6715,5,1,1,1,1,0.044,world,2.299979131,13.99571455,19.06903456
616.98,ab3dmot,1,0,0,0.2,2.253653775,2.277211358,2.688567473,0,5376,6720,5,1,1,1,1,0.24,world,2.299669899,13.99541218,19.06924447
616.98,sort,0.4911392405,8,1,0.1871921182,12.17445377,12.35595159,13.28196336,22,3270,4060,5,1,1,1,1,0.24,world,12.11789944,20.08188906,23.75096328
617.08,ours,1,0,0,0.2,2.254241458,2.277716176,2.686148786,0,5376,6720,5,1,1,1,1,0.044,world,2.288583218,13.99205733,19.06778419
617.08,ab3dmot,1,0,0,0.2,2.253712355,2.277219602,2.688444554,0,5380,6725,5,1,1,1,1,0.344,world,2.288273185,13.99175473,19.06799415
617.08,sort,0.4905183312,8,1,0.1872078721,12.17441366,12.35563708,13.28146278,22,3274,4065,5,1,1,1,1,0.348,world,12.10461883,20.07262,23.74287072
617.136,ours,1,0,0,0.2,2.254614021,2.2777201,2.686084359,0,5380,6725,5,1,1,1,1,0.02,world,2.28298852,13.9922134,19.07029039
617.136,ab3dmot,1,0,0,0.2,2.253864503,2.27722302,2.688321635,0,5384,6730,5,1,1,1,1,0.296,world,2.281815289,13.99319309,19.07233417
617.136,sort,0.4898989899,8,1,0.1872235872,12.17416074,12.35531769,13.2809622,22,3278,4070,5,1,1,1,1,0.396,world,12.10004672,20.06953042,23.74026306
617.2,ours,1,0,0,0.2,2.25463666,2.277715821,2.686019933,0,5384,6730,5,1,1,1,1,0.032,world,2.271953395,13.99210285,19.07467314
617.2,ab3dmot,1,0,0,0.2,2.254016652,2.277218461,2.688198716,0,5388,6735,5,1,1,1,1,0.264,world,2.271074121,13.99255223,19.07603653
617.2,sort,0.4892812106,8,1,0.1872392638,12.17390782,12.35499163,13.28046162,22,3282,4075,5,1,1,1,1,0.164,world,12.09399121,20.08518177,23.76929189
617.26,ours,1,0,0,0.2,2.254659298,2.277704276,2.685955506,0,5388,6735,5,1,1,1,1,0.024,world,2.262111704,13.99051299,19.07646372
617.26,ab3dmot,1,0,0,0.2,2.25402065,2.27720669,2.688075797,0,5392,6740,5,1,1,1,1,0.256,world,2.261295495,13.99103685,19.07779076
617.26,sort,0.4886649874,8,1,0.187254902,12.17372086,12.3546545,13.27996104,22,3286,4080,5,1,1,1,1,0.224,world,12.08434679,20.07872382,23.76392764
617.3,ours,1,0,0,0.2,2.254659298,2.277688726,2.68589108,0,5392,6740,5,1,1,1,1,0.024,world,2.256644874,13.9902577,19.07827835
617.3,ab3dmot,1,0,0,0.2,2.254024647,2.27719156,2.687952879,0,5396,6745,5,1,1,1,1,0.232,world,2.256703859,13.990082,19.07810174
617.3,sort,0.4880503145,8,1,0.1872705018,12.17353389,12.35431357,13.27946046,22,3290,4085,5,1,1,1,1,0.164,world,12.08058328,20.08293382,23.77291217
617.34,ours,1,0,0,0.2,2.254659298,2.277669769,2.685826653,0,5396,6745,5,1,1,1,1,0.02,world,2.251970959,13.98893746,19.07843042
617.34,ab3dmot,1,0,0,0.2,2.25402065,2.277173584,2.68782996,0,5400,6750,5,1,1,1,1,0.208,world,2.252793071,13.98758028,19.07661404
617.34,sort,0.4874371859,8,1,0.1872860636,12.17244744,12.3539674,13.27895987,22,3294,4090,5,1,1,1,1,0.208,world,12.07562143,20.07974595,23.77038697
617.4,ours,1,0,0,0.2,2.25463666,2.277644509,2.685762227,0,5400,6750,5,1,1,1,1,0.016,world,2.243309821,13.98586395,19.07749681
617.4,ab3dmot,1,0,0,0.2,2.254016652,2.277149392,2.687707041,0,5404,6755,5,1,1,1,1,0.264,world,2.244252814,13.98488847,19.07575488
617.4,sort,0.486825596,8,1,0.1873015873,12.17136099,12.35360971,13.27845929,22,3298,4095,5,1,1,1,1,0.264,world,12.06552247,20.07326674,23.76527766
617.432,ours,1,0,0,0.2,2.254614021,2.277619286,2.685697801,0,5404,6755,5,1,1,1,1,0,world,2.243309821,13.98586395,19.07749681
617.432,ab3dmot,1,0,0,0.2,2.253864503,2.277125236,2.687584122,0,5408,6760,5,1,1,1,1,0.296,world,2.244252814,13.98488847,19.07575488
617.432,sort,0.4862155388,8,1,0.1873170732,12.17052068,12.35325292,13.27795871,22,3302,4100,5,1,1,1,1,0.296,world,12.06553407,20.07334141,23.76539414
617.5,ours,1,0,0,0.2,2.254241458,2.277587789,2.685633374,0,5408,6760,5,1,1,1,1,0.024,world,2.234629398,13.9831374,19.07663836
617.5,ab3dmot,1,0,0,0.2,2.253712355,2.277094807,2.687461203,0,5412,6765,5,1,1,1,1,0.364,world,2.235575862,13.98216252,19.07489635
617.5,sort,0.4856070088,8,1,0.1873325213,12.16968036,12.35288442,13.27745813,22,3306,4105,5,1,1,1,1,0.364,world,12.05523632,20.06683669,23.76037215
617.532,ours,1,0,0,0.2,2.253868895,2.277554088,2.685568948,0,5412,6765,5,1,1,1,1,0.012,world,2.231524768,13.98126425,19.07433036
617.532,ab3dmot,1,0,0,0.2,2.253653775,2.277062773,2.687338284,0,5416,6770,5,1,1,1,1,0.364,world,2.233299806,13.97992188,19.07135024
617.532,sort,0.485,8,1,0.1873479319,12.16966985,12.35251093,13.27695755,22,3310,4110,5,1,1,1,1,0.364,world,12.05038686,20.06593263,23.76156811
617.568,ours,1,0,0,0.2,2.253396092,2.277516777,2.685504521,0,5416,6770,5,1,1,1,1,0.004,world,2.226462709,13.97880741,19.07409583
617.568,ab3dmot,1,0,0,0.2,2.253595195,2.277027203,2.687215365,0,5420,6775,5,1,1,1,1,0.3,world,2.228344888,13.97554468,19.069907
617.568,sort,0.4843945069,8,1,0.187363305,12.16965935,12.35213194,13.27645697,22,3314,4115,5,1,1,1,1,0.4,world,12.04512442,20.06263793,23.75906232
617.6,ours,1,0,0,0.2,2.252923289,2.277477547,2.685440095,0,5420,6775,5,1,1,1,1,0.004,world,2.223725603,13.97458994,19.06995686
617.6,ab3dmot,1,0,0,0.2,2.253461025,2.276990517,2.687092446,0,5424,6780,5,1,1,1,1,0.268,world,2.226725499,13.96990679,19.06362067
617.6,sort,0.4837905237,8,1,0.1873786408,12.1693887,12.35174745,13.27566876,22,3318,4120,5,1,1,1,1,0.432,world,12.0398243,20.05934465,23.75658453
617.664,ours,1,0,0,0.2,2.252914871,2.277431862,2.685375668,0,5424,6780,5,1,1,1,1,0.036,world,2.214662665,13.96978691,19.06818741
617.664,ab3dmot,1,0,0,0.2,2.253326854,2.276947828,2.686969527,0,5428,6785,5,1,1,1,1,0.264,world,2.218306899,13.9646443,19.0608504
617.664,sort,0.4831880448,8,1,0.1873939394,12.16911805,12.35135091,13.27488055,22,3322,4125,5,1,1,1,1,0.496,world,12.02912336,20.05277023,23.75171904
617.7,ours,1,0,0,0.2,2.252906453,2.277383682,2.685311242,0,5428,6785,5,1,1,1,1,0.012,world,2.211085644,13.96611654,19.06541344
617.7,ab3dmot,1,0,0,0.2,2.253314137,2.276902975,2.686846608,0,5432,6790,5,1,1,1,1,0.236,world,2.215200288,13.96037783,19.05722051
617.7,sort,0.4825870647,8,1,0.187409201,12.16893372,12.35095455,13.27409234,22,3326,4130,5,1,1,1,1,0.136,world,12.02846189,20.0791386,23.79550764
617.76,ours,1,0,0,0.2,2.252685916,2.277333152,2.685246815,0,5432,6790,5,1,1,1,1,0.044,world,2.207699375,13.96254658,19.06246127
617.76,ab3dmot,1,0,0,0.2,2.25330142,2.276856539,2.686723689,0,5436,6795,5,1,1,1,1,0.228,world,2.212896829,13.95654671,19.05278686
617.76,sort,0.4819875776,8,1,0.1874244256,12.1687494,12.35053843,13.27330413,22,3330,4135,5,1,1,1,1,0.2,world,12.01131441,19.95396744,23.59892014
617.796,ours,1,0,0,0.2,2.252465379,2.277277885,2.685182389,0,5436,6795,5,1,1,1,1,0.012,world,2.200944059,13.95734268,19.05752781
617.796,ab3dmot,1,0,0,0.2,2.253047246,2.276804877,2.68660077,0,5440,6800,5,1,1,1,1,0.232,world,2.205478262,13.95231801,19.04922875
617.796,sort,0.4813895782,8,1,0.1874396135,12.16849352,12.35010846,13.27251593,22,3334,4140,5,1,1,1,1,0.232,world,11.99898087,19.92905569,23.56478516
617.86,ours,1,0,0,0.2,2.25246199,2.277219494,2.685117962,0,5440,6800,5,1,1,1,1,0.06,world,2.196432876,13.95594572,19.0571162
617.86,ab3dmot,1,0,0,0.2,2.252793071,2.276750088,2.686477852,0,5444,6805,5,1,1,1,1,0.296,world,2.200976228,13.95092258,19.04881697
617.86,sort,0.4807930607,8,1,0.1874547648,12.16823764,12.34967228,13.27172772,22,3338,4145,5,1,1,1,1,0.296,world,11.99295183,19.91837418,23.55057058
617.9,ours,1,0,0,0.2,2.252458601,2.277157993,2.685053536,0,5444,6805,5,1,1,1,1,0.008,world,2.191919583,13.95455015,19.05670765
617.9,ab3dmot,1,0,0,0.2,2.252642968,2.276692186,2.686244049,0,5448,6810,5,1,1,1,1,0.336,world,2.196472136,13.94952856,19.04840827
617.9,sort,0.4801980198,8,1,0.1874698795,12.16801487,12.34923021,13.27093951,22,3342,4150,5,1,1,1,1,0.336,world,11.9871691,19.91111629,23.54186522
617.96,ours,1,0,0,0.2,2.252344535,2.277091204,2.685033868,0,5448,6810,5,1,1,1,1,0.032,world,2.184300006,13.95051073,19.05349005
617.96,ab3dmot,1,0,0,0.2,2.252492865,2.276630893,2.686010246,0,5452,6815,5,1,1,1,1,0.332,world,2.191560619,13.94391145,19.04099777
617.96,sort,0.4796044499,8,1,0.1874849579,12.16779209,12.34877597,13.2701513,22,3346,4155,5,1,1,1,1,0.364,world,11.97611938,19.90114034,23.53165797
617.992,ours,1,0,0,0.2,2.252230468,2.277024079,2.6850142,0,5452,6815,5,1,1,1,1,0.02,world,2.183685539,13.94636547,19.04678904
617.992,ab3dmot,1,0,0,0.2,2.251835546,2.276570524,2.685776443,0,5456,6820,5,1,1,1,1,0.296,world,2.192742839,13.93922373,19.03179864
617.992,sort,0.4790123457,8,1,0.1875,12.1677297,12.34831652,13.26936309,22,3350,4160,5,1,1,1,1,0.164,world,11.97084405,19.88752754,23.51221906
618.024,ours,1,0,0,0.2,2.252182114,2.27695739,2.684994533,0,5456,6820,5,1,1,1,1,0.024,world,2.184168411,13.94154045,19.03841073
618.024,ab3dmot,1,0,0,0.2,2.251178228,2.276511867,2.68554264,0,5460,6825,5,1,1,1,1,0.26,world,2.195044257,13.93460783,19.0213177
618.024,sort,0.4784217016,8,1,0.187515006,12.1676673,12.3478516,13.26857489,22,3354,4165,5,1,1,1,1,0.196,world,11.96533503,19.884392,23.51017335
618.084,ours,1,0,0,0.2,2.252133761,2.276891948,2.684974865,0,5460,6825,5,1,1,1,1,0.024,world,2.185805189,13.93739323,19.02900262
618.084,ab3dmot,1,0,0,0.2,2.25116219,2.276452831,2.685308837,0,5464,6830,5,1,1,1,1,0.288,world,2.194388979,13.93175478,19.0154922
618.084,sort,0.4778325123,8,1,0.187529976,12.16726106,12.3473833,13.26778668,22,3358,4170,5,1,1,1,1,0.124,world,11.96155596,19.87808456,23.5015753
618.12,ours,1,0,0,0.2,2.25205236,2.276829432,2.684955197,0,5464,6830,5,1,1,1,1,0.02,world,2.189832117,13.93131882,19.01575904
618.12,ab3dmot,1,0,0,0.2,2.251146152,2.276396756,2.685075034,0,5468,6835,5,1,1,1,1,0.192,world,2.198463537,13.92639791,19.0026634
618.12,sort,0.4772447724,8,1,0.1875449102,12.16685482,12.34690971,13.26699847,22,3362,4175,5,1,1,1,1,0.128,world,11.95616439,19.87379391,23.49755441
618.192,ours,1,0,0,0.2,2.251970959,2.276757779,2.684935529,0,5468,6835,5,1,1,1,1,0.032,world,2.176678298,13.92728331,19.01462951
618.192,ab3dmot,1,0,0,0.2,2.250922655,2.276331538,2.684841231,0,5472,6840,5,1,1,1,1,0.264,world,2.185358921,13.9223722,19.00153328
618.192,sort,0.4766584767,8,1,0.1875598086,12.16653671,12.34641775,13.26621026,22,3366,4180,5,1,1,1,1,0.2,world,11.93974981,19.8647065,23.4919328
618.256,ours,1,0,0,0.2,2.251590181,2.276683199,2.684915861,0,5472,6840,5,1,1,1,1,0.044,world,2.172339368,13.92595609,19.01426328
618.256,ab3dmot,1,0,0,0.2,2.250699159,2.276263385,2.684607428,0,5476,6845,5,1,1,1,1,0.328,world,2.181036439,13.92104828,19.00116686
618.256,sort,0.4760736196,8,1,0.1875746714,12.1662186,12.34592053,13.26542205,22,3370,4185,5,1,1,1,1,0.264,world,11.93431661,19.86172212,23.49011955
618.288,ours,1,0,0,0.2,2.251209403,2.276605859,2.684896193,0,5476,6845,5,1,1,1,1,0.02,world,2.168222715,13.9239614,19.01330902
618.288,ab3dmot,1,0,0,0.2,2.250505611,2.276190816,2.684373625,0,5480,6850,5,1,1,1,1,0.296,world,2.174573856,13.91974759,19.00341294
618.288,sort,0.4754901961,8,1,0.1875894988,12.16608565,12.34541811,13.26463384,22,3374,4190,5,1,1,1,1,0.296,world,11.92890688,19.85877574,23.48836005
618.312,ours,1,0,0,0.2,2.251148249,2.276526163,2.684876526,0,5480,6850,5,1,1,1,1,0.012,world,2.164672967,13.92281006,19.01215109
618.312,ab3dmot,1,0,0,0.2,2.250312063,2.276116238,2.684139822,0,5484,6855,5,1,1,1,1,0.252,world,2.17154118,13.9211434,19.00304981
618.312,sort,0.4749082007,8,1,0.1876042908,12.16595271,12.34491105,13.26384564,22,3378,4195,5,1,1,1,1,0.192,world,11.9239646,19.85091416,23.47818278
618.376,ours,1,0,0,0.2,2.251087095,2.276441826,2.684856858,0,5484,6855,5,1,1,1,1,0.02,world,2.157807694,13.92164544,19.01031693
618.376,ab3dmot,1,0,0,0.2,2.249849922,2.276036377,2.683906019,0,5488,6860,5,1,1,1,1,0.252,world,2.163776247,13.92144224,19.00321249
618.376,sort,0.4743276284,8,1,0.1876190476,12.16538903,12.34439301,13.26305743,22,3382,4200,5,1,1,1,1,0.152,world,11.91362718,19.84152207,23.46860287
618.4,ours,1,0,0,0.2,2.250821132,2.276359068,2.68483719,0,5488,6860,5,1,1,1,1,0.004,world,2.159916213,13.92270764,19.00843401
618.4,ab3dmot,1,0,0,0.2,2.249387781,2.275957565,2.683672216,0,5492,6865,5,1,1,1,1,0.208,world,2.165126904,13.9234747,19.00287166
618.4,sort,0.4737484737,8,1,0.1876337693,12.16482534,12.34387634,13.26226922,22,3386,4205,5,1,1,1,1,0.144,world,11.91373779,19.84031286,23.46653341
618.456,ours,1,0,0,0.2,2.25055517,2.27627245,2.684817522,0,5492,6865,5,1,1,1,1,0.036,world,2.154155705,13.92114346,19.00538628
618.456,ab3dmot,1,0,0,0.2,2.249203625,2.275873739,2.683438413,0,5496,6870,5,1,1,1,1,0.2,world,2.15771073,13.92219758,19.00198173
618.456,sort,0.4731707317,8,1,0.1876484561,12.16423769,12.34334852,13.26148101,22,3390,4210,5,1,1,1,1,0.2,world,11.90320691,19.8348428,23.46358715
618.5,ours,1,0,0,0.2,2.250144565,2.276183145,2.684797854,0,5496,6870,5,1,1,1,1,0.012,world,2.150071217,13.91990719,19.0050628
618.5,ab3dmot,1,0,0,0.2,2.249019468,2.275787222,2.68320461,0,5500,6875,5,1,1,1,1,0.244,world,2.153632416,13.92096287,19.00165824
618.5,sort,0.4725943971,8,1,0.1876631079,12.16365005,12.34281585,13.2606928,22,3394,4215,5,1,1,1,1,0.244,world,11.89800565,19.8321607,23.46217103
618.58,ours,1,0,0,0.2,2.24973396,2.276088457,2.684778187,0,5500,6875,5,1,1,1,1,0.036,world,2.142037373,13.91748172,19.00443684
618.58,ab3dmot,1,0,0,0.2,2.248830346,2.275695321,2.682970807,0,5504,6880,5,1,1,1,1,0.324,world,2.145610876,13.91854053,19.00103229
618.58,sort,0.4720194647,8,1,0.1876777251,12.16351369,12.34227242,13.26035195,22,3398,4220,5,1,1,1,1,0.328,world,11.88774027,19.82698617,23.4595867
618.6,ours,1,0,0,0.2,2.249645793,2.275991208,2.684758519,0,5504,6880,5,1,1,1,1,0,world,2.138092645,13.91629393,19.00413476
618.6,ab3dmot,1,0,0,0.2,2.248641224,2.275600855,2.682737004,0,5508,6885,5,1,1,1,1,0.348,world,2.14167227,13.91735429,19.00073022
618.6,sort,0.4714459295,8,1,0.1876923077,12.16337733,12.34172438,13.2600111,22,3402,4225,5,1,1,1,1,0.348,world,11.88268583,19.82445917,23.45835552
618.656,ours,1,0,0,0.2,2.249557627,2.275892242,2.684738851,0,5508,6885,5,1,1,1,1,0.004,world,2.135374135,13.91504384,19.0024567
618.656,ab3dmot,1,0,0,0.2,2.248301816,2.27550349,2.682503201,0,5512,6890,5,1,1,1,1,0.332,world,2.137227255,13.91601521,19.00095534
618.656,sort,0.4708737864,8,1,0.1877068558,12.16304886,12.34117208,13.25967025,22,3406,4230,5,1,1,1,1,0.332,world,11.87792002,19.81945509,23.45285344
618.7,ours,1,0,0,0.2,2.249404787,2.27578743,2.684719183,0,5512,6890,5,1,1,1,1,0.012,world,2.126565458,13.91219055,19.00290193
618.7,ab3dmot,1,0,0,0.2,2.247962408,2.27539998,2.682269398,0,5516,6895,5,1,1,1,1,0.344,world,2.127985914,13.91346459,19.00205261
618.7,sort,0.4703030303,8,1,0.1877213695,12.16272039,12.34060989,13.2593294,22,3410,4235,5,1,1,1,1,0.312,world,11.86831715,19.81233919,23.4466996
618.72,ours,1,0,0,0.2,2.249251947,2.275682765,2.684699515,0,5516,6895,5,1,1,1,1,0.02,world,2.126565458,13.91219055,19.00290193
618.72,ab3dmot,1,0,0,0.2,2.24766379,2.275296617,2.682035595,0,5520,6900,5,1,1,1,1,0.364,world,2.127985914,13.91346459,19.00205261
618.72,sort,0.4697336562,8,1,0.1877358491,12.1626898,12.34004945,13.25898855,22,3414,4240,5,1,1,1,1,0.232,world,11.86867329,19.80856325,23.44023133
618.784,ours,1,0,0,0.2,2.249180853,2.275573248,2.684679847,0,5520,6900,5,1,1,1,1,0.028,world,2.119171598,13.90998342,19.00236871
618.784,ab3dmot,1,0,0,0.2,2.247365171,2.27518634,2.681801792,0,5524,6905,5,1,1,1,1,0.264,world,2.117538605,13.90558455,19.00176025
618.784,sort,0.469165659,8,1,0.1877502945,12.16265922,12.33948091,13.2586477,22,3418,4245,5,1,1,1,1,0.196,world,11.86056802,19.81311366,23.45246066
618.816,ours,1,0,0,0.2,2.24910976,2.275461111,2.68466018,0,5524,6905,5,1,1,1,1,0.016,world,2.115053671,13.90439326,19.00013564
618.816,ab3dmot,1,0,0,0.2,2.247356825,2.275074123,2.681799955,0,5528,6910,5,1,1,1,1,0.26,world,2.114428175,13.90281333,19.0000131
618.816,sort,0.4685990338,8,1,0.1877647059,12.16206199,12.33890926,13.25830685,22,3422,4250,5,1,1,1,1,0.128,world,11.85672246,19.8139526,23.45603178
618.86,ours,1,0,0,0.2,2.248405857,2.275345269,2.684384189,0,5528,6910,5,1,1,1,1,0.008,world,2.109305449,13.89944014,18.9966273
618.86,ab3dmot,1,0,0,0.2,2.247348479,2.27495826,2.681798117,0,5532,6915,5,1,1,1,1,0.24,world,2.108760449,13.89684839,18.99592803
618.86,sort,0.4680337756,8,1,0.1877790834,12.16146477,12.33832855,13.257966,22,3426,4255,5,1,1,1,1,0.172,world,11.84773292,19.81203345,23.45814414
618.916,ours,1,0,0,0.2,2.247701954,2.275227731,2.684108199,0,5532,6915,5,1,1,1,1,0.016,world,2.106531776,13.89688065,18.99484344
618.916,ab3dmot,1,0,0,0.2,2.247229824,2.274840279,2.681796279,0,5536,6920,5,1,1,1,1,0.296,world,2.105354028,13.89584112,18.99570067
618.916,sort,0.4674698795,8,1,0.1877934272,12.16143828,12.33774415,13.25762515,22,3430,4260,5,1,1,1,1,0.228,world,11.84336247,19.81125835,23.45943855
618.984,ours,1,0,0,0.2,2.247279688,2.275108127,2.683832209,0,5536,6920,5,1,1,1,1,0.032,world,2.103196871,13.8956706,18.9946254
618.984,ab3dmot,1,0,0,0.2,2.247111168,2.274720924,2.681794442,0,5540,6925,5,1,1,1,1,0.332,world,2.103051539,13.8927503,18.99331701
618.984,sort,0.4669073406,8,1,0.1878077374,12.16141179,12.33715614,13.25728429,22,3434,4265,5,1,1,1,1,0.296,world,11.83904274,19.80929497,23.46010088
619,ours,1,0,0,0.2,2.246857422,2.274987738,2.683556219,0,5540,6925,5,1,1,1,1,0.008,world,2.101770776,13.89176277,18.99063067
619,ab3dmot,1,0,0,0.2,2.24687725,2.274600259,2.681792604,0,5544,6930,5,1,1,1,1,0.312,world,2.100837248,13.89004968,18.99089866
619,sort,0.4663461538,8,1,0.1878220141,12.16053648,12.33656516,13.25694344,22,3438,4270,5,1,1,1,1,0.216,world,11.83525741,19.80806851,23.45887833
619.016,ours,1,0,0,0.2,2.246593595,2.274867646,2.683280228,0,5544,6930,5,1,1,1,1,0,world,2.101965608,13.89076964,18.98990431
619.016,ab3dmot,1,0,0,0.2,2.246643332,2.274479784,2.681790767,0,5548,6935,5,1,1,1,1,0.296,world,2.100871542,13.88901835,18.99036731
619.016,sort,0.4657863145,8,1,0.1878362573,12.15966117,12.33597584,13.25660259,22,3442,4275,5,1,1,1,1,0.132,world,11.83549864,19.80795009,23.45835659
619.048,ours,1,0,0,0.2,2.246329769,2.27474572,2.683004238,0,5548,6935,5,1,1,1,1,0.012,world,2.098959258,13.88895793,18.98906045
619.048,ab3dmot,1,0,0,0.2,2.2463313,2.274357775,2.681788929,0,5552,6940,5,1,1,1,1,0.264,world,2.098314379,13.88569884,18.98830814
619.048,sort,0.4652278177,8,1,0.1878504673,12.15890163,12.33538307,13.25626174,22,3446,4280,5,1,1,1,1,0.164,world,11.83129508,19.80621438,23.45799331
619.084,ours,1,0,0,0.2,2.24625386,2.274622421,2.682728248,0,5552,6940,5,1,1,1,1,0.012,world,2.096637771,13.88557124,18.98674391
619.084,ab3dmot,1,0,0,0.2,2.246019269,2.274233964,2.681787092,0,5556,6945,5,1,1,1,1,0.268,world,2.095343944,13.88361712,18.98742641
619.084,sort,0.4646706587,8,1,0.1878646441,12.15814209,12.33478697,13.25592089,22,3450,4285,5,1,1,1,1,0.2,world,11.82718071,19.80454992,23.45770032
619.116,ours,1,0,0,0.2,2.246177951,2.27449728,2.682452258,0,5556,6945,5,1,1,1,1,0.016,world,2.093604208,13.88368881,18.98610318
619.116,ab3dmot,1,0,0,0.2,2.245978401,2.274107795,2.681785254,0,5560,6950,5,1,1,1,1,0.232,world,2.09152419,13.88135738,18.98762443
619.116,sort,0.4641148325,8,1,0.1878787879,12.15794939,12.33418765,13.25558004,22,3454,4290,5,1,1,1,1,0.232,world,11.82315808,19.80295783,23.45747797
619.164,ours,1,0,0,0.2,2.245785481,2.274368202,2.682176267,0,5560,6950,5,1,1,1,1,0.016,world,2.087387501,13.88074309,18.98567981
619.164,ab3dmot,1,0,0,0.2,2.245937534,2.273977262,2.681783416,0,5564,6955,5,1,1,1,1,0.212,world,2.084649683,13.87900898,18.9883173
619.164,sort,0.4635603345,8,1,0.1878928987,12.15775669,12.33358111,13.25523919,22,3458,4295,5,1,1,1,1,0.148,world,11.81563029,19.79973769,23.45641355
619.2,ours,1,0,0,0.2,2.245393011,2.274237159,2.681900277,0,5564,6955,5,1,1,1,1,0.016,world,2.08413699,13.87950166,18.98589704
619.2,ab3dmot,1,0,0,0.2,2.245874874,2.273845068,2.681781579,0,5568,6960,5,1,1,1,1,0.248,world,2.081852129,13.8782025,18.9881695
619.2,sort,0.4630071599,8,1,0.1879069767,12.15749906,12.33297145,13.25489834,22,3462,4300,5,1,1,1,1,0.184,world,11.81164789,19.79910807,23.45765585
619.244,ours,1,0,0,0.2,2.245391767,2.274106297,2.681624287,0,5568,6960,5,1,1,1,1,0.044,world,2.08413699,13.87950166,18.98589704
619.244,ab3dmot,1,0,0,0.2,2.245812215,2.273713056,2.681779741,0,5572,6965,5,1,1,1,1,0.292,world,2.081852129,13.8782025,18.9881695
619.244,sort,0.4624553039,8,1,0.1879210221,12.15724143,12.33236301,13.25455749,22,3466,4305,5,1,1,1,1,0.232,world,11.81148167,19.79960037,23.45848884
619.28,ours,1,0,0,0.2,2.245390523,2.273972107,2.681348297,0,5572,6965,5,1,1,1,1,0,world,2.07879914,13.87797348,18.98563421
619.28,ab3dmot,1,0,0,0.2,2.245694792,2.27357772,2.681777904,0,5576,6970,5,1,1,1,1,0.328,world,2.076508123,13.87667254,18.98790654
619.28,sort,0.4619047619,8,1,0.1879350348,12.15644438,12.3317477,13.25421664,22,3470,4310,5,1,1,1,1,0.264,world,11.80420526,19.79744523,23.45928025
619.296,ours,1,0,0,0.2,2.245379741,2.273837741,2.681072306,0,5576,6970,5,1,1,1,1,0.004,world,2.07824849,13.87769358,18.98618536
619.296,ab3dmot,1,0,0,0.2,2.245577369,2.27344202,2.681776066,0,5580,6975,5,1,1,1,1,0.312,world,2.075668942,13.87668296,18.98895421
619.296,sort,0.4613555291,8,1,0.1879490151,12.15564732,12.3311337,13.25387578,22,3474,4315,5,1,1,1,1,0.248,world,11.80409432,19.79743725,23.45924596
619.312,ours,1,0,0,0.2,2.24536896,2.273701857,2.680796316,0,5580,6975,5,1,1,1,1,0.012,world,2.075648297,13.8765859,18.9859793
619.312,ab3dmot,1,0,0,0.2,2.245266342,2.273304773,2.681774229,0,5584,6980,5,1,1,1,1,0.296,world,2.073014858,13.87579352,18.9889105
619.312,sort,0.460807601,8,1,0.187962963,12.15545236,12.33051715,13.25366773,22,3478,4320,5,1,1,1,1,0.196,world,11.80060319,19.79608452,23.45900654
619.384,ours,1,0,0,0.2,2.245222162,2.273563012,2.680520326,0,5584,6980,5,1,1,1,1,0.02,world,2.070829316,13.87522908,18.98578411
619.384,ab3dmot,1,0,0,0.2,2.244955314,2.273164566,2.681772391,0,5588,6985,5,1,1,1,1,0.368,world,2.068189255,13.87443489,18.98871516
619.384,sort,0.4602609727,8,1,0.1879768786,12.15525739,12.32989447,13.25345968,22,3482,4325,5,1,1,1,1,0.204,world,11.7939314,19.79393575,23.45940571
619.412,ours,1,0,0,0.2,2.245075365,2.273424267,2.680244336,0,5588,6985,5,1,1,1,1,0.012,world,2.070690583,13.8751707,18.98592906
619.412,ab3dmot,1,0,0,0.2,2.244887735,2.273024395,2.681770553,0,5592,6990,5,1,1,1,1,0.296,world,2.067947231,13.87548777,18.98943184
619.412,sort,0.4597156398,8,1,0.1879907621,12.15518761,12.32927322,13.25325163,22,3486,4330,5,1,1,1,1,0.232,world,11.7939314,19.79393575,23.45940571
619.5,ours,1,0,0,0.2,2.24506228,2.273281263,2.679968345,0,5592,6990,5,1,1,1,1,0.04,world,2.063850825,13.87366663,18.98620615
619.5,ab3dmot,1,0,0,0.2,2.244820157,2.272880024,2.681768716,0,5596,6995,5,1,1,1,1,0.288,world,2.06118478,13.87565727,18.99029238
619.5,sort,0.4591715976,8,1,0.1880046136,12.15511782,12.32864332,13.25304358,22,3490,4335,5,1,1,1,1,0.32,world,11.78500585,19.7914923,23.46088986
619.556,ours,1,0,0,0.2,2.245049196,2.273137148,2.679692355,0,5596,6995,5,1,1,1,1,0.024,world,2.061838022,13.87424352,18.98665808
619.556,ab3dmot,1,0,0,0.2,2.244545878,2.272734522,2.681766878,0,5600,7000,5,1,1,1,1,0.312,world,2.059133262,13.87595015,18.99066717
619.556,sort,0.4586288416,8,1,0.1880184332,12.15489026,12.32805332,13.25283553,22,3494,4340,5,1,1,1,1,0.28,world,11.81897786,19.96929287,23.73733533
619.632,ours,1,0,0,0.2,2.245008152,2.272989722,2.679416365,0,5600,7000,5,1,1,1,1,0.032,world,2.056416556,13.8728052,18.98660173
619.632,ab3dmot,1,0,0,0.2,2.244271599,2.272585712,2.681765041,0,5604,7005,5,1,1,1,1,0.384,world,2.053703912,13.87451015,18.99061071
619.632,sort,0.4580873672,8,1,0.1880322209,12.15466271,12.32748965,13.25262748,22,3498,4345,5,1,1,1,1,0.352,world,11.84101206,20.09233017,23.92976657
619.692,ours,1,0,0,0.2,2.244967109,2.272841456,2.679140375,0,5604,7005,5,1,1,1,1,0.016,world,2.054803505,13.87238989,18.98660856
619.692,ab3dmot,1,0,0,0.2,2.244262207,2.27242524,2.681571147,0,5608,7010,5,1,1,1,1,0.38,world,2.035216158,13.88994764,19.01802136
619.692,sort,0.4575471698,8,1,0.188045977,12.15463887,12.32700998,13.25241943,22,3502,4350,5,1,1,1,1,0.216,world,11.91379708,20.34182211,24.30296023
619.772,ours,1,0,0,0.2,2.244770496,2.272682351,2.678976314,0,5608,7010,5,1,1,1,1,0.064,world,2.037610583,13.88695148,19.01067065
619.772,ab3dmot,1,0,0,0.2,2.244252814,2.272265097,2.681377253,0,5612,7015,5,1,1,1,1,0.164,world,2.03538893,13.89024727,19.01491355
619.772,sort,0.457008245,8,1,0.1880597015,12.15461504,12.32660259,13.25221138,22,3506,4355,5,1,1,1,1,0.168,world,11.97615138,20.53283288,24.58471118
619.848,ours,1,0,0,0.2,2.244573884,2.272521118,2.678812253,0,5612,7015,5,1,1,1,1,0.048,world,2.033940723,13.88609648,19.01085023
619.848,ab3dmot,1,0,0,0.2,2.244252814,2.272102828,2.681183358,0,5616,7020,5,1,1,1,1,0.24,world,2.031714806,13.88939161,19.01509309
619.848,sort,0.4564705882,8,1,0.1880733945,12.15407977,12.32621475,13.25200333,22,3510,4360,5,1,1,1,1,0.24,world,11.99241421,20.58909706,24.66931892
619.94,ours,1,0,0,0.2,2.243941853,2.272358871,2.678648192,0,5616,7020,5,1,1,1,1,0.036,world,2.032007564,13.8856961,19.01103857
619.94,ab3dmot,1,0,0,0.2,2.244252814,2.271939547,2.680989464,0,5620,7025,5,1,1,1,1,0.332,world,2.029779374,13.88899088,19.0152814
619.94,sort,0.4559341951,8,1,0.1880870561,12.1535445,12.32584071,13.25179528,22,3514,4365,5,1,1,1,1,0.336,world,12.00368917,20.62573215,24.72401707
620.004,ours,1,0,0,0.2,2.243309821,2.272196416,2.678484131,0,5620,7025,5,1,1,1,1,0.004,world,2.031336042,13.88485369,19.01001124
620.004,ab3dmot,1,0,0,0.2,2.244109845,2.271779396,2.68079557,0,5624,7030,5,1,1,1,1,0.296,world,2.034352708,13.8847307,19.00645424
620.004,sort,0.455399061,8,1,0.1881006865,12.15295756,12.32549018,13.25158722,22,3518,4370,5,1,1,1,1,0.36,world,12.02349119,20.68371181,24.80918835
620.1,ours,1,0,0,0.2,2.243309821,2.272036935,2.678320071,0,5624,7030,5,1,1,1,1,0.028,world,2.035661962,13.88126908,19.00202591
620.1,ab3dmot,1,0,0,0.2,2.243966876,2.271624381,2.680601676,0,5628,7035,5,1,1,1,1,0.192,world,2.042067515,13.87864536,18.99332905
620.1,sort,0.4548651817,8,1,0.1881142857,12.15237061,12.32522703,13.25137917,22,3522,4375,5,1,1,1,1,0.224,world,12.09893739,20.87810365,25.08852556
620.204,ours,1,0,0,0.2,2.243309821,2.27187953,2.67815601,0,5628,7035,5,1,1,1,1,0.032,world,2.03858106,13.87959605,18.99763341
620.204,ab3dmot,1,0,0,0.2,2.243611116,2.271469285,2.680407782,0,5632,7040,5,1,1,1,1,0.296,world,2.041611579,13.87873452,18.99371832
620.204,sort,0.4543325527,8,1,0.1881278539,12.15182902,12.32496491,13.25117112,22,3526,4380,5,1,1,1,1,0.296,world,12.09931228,20.88119039,25.0936646
620.296,ours,1,0,0,0.2,2.243230252,2.271722405,2.677991949,0,5632,7040,5,1,1,1,1,0.024,world,2.038688637,13.8799938,18.99832778
620.296,ab3dmot,1,0,0,0.2,2.243255357,2.271315237,2.680213888,0,5636,7045,5,1,1,1,1,0.356,world,2.042925731,13.8785617,18.99274354
620.296,sort,0.4538011696,8,1,0.1881413911,12.15128743,12.3246954,13.25096307,22,3530,4385,5,1,1,1,1,0.388,world,12.09233928,20.86715549,25.07485714
620.368,ours,1,0,0,0.2,2.243150683,2.271567045,2.677827888,0,5636,7045,5,1,1,1,1,0.04,world,2.041123791,13.87964337,18.99635804
620.368,ab3dmot,1,0,0,0.2,2.243221325,2.271163559,2.680019994,0,5640,7050,5,1,1,1,1,0.364,world,2.046310371,13.87782176,18.9895029
620.368,sort,0.453271028,8,1,0.1881548975,12.15080612,12.32447864,13.25075502,22,3534,4390,5,1,1,1,1,0.264,world,12.13773617,20.97473303,25.2272889
620.436,ours,1,0,0,0.2,2.242996226,2.271415602,2.677663827,0,5640,7050,5,1,1,1,1,0.036,world,2.046931803,13.8781594,18.99043111
620.436,ab3dmot,1,0,0,0.2,2.243187293,2.271019077,2.6798261,0,5644,7055,5,1,1,1,1,0.296,world,2.057230423,13.8735692,18.97638757
620.436,sort,0.4527421237,8,1,0.1881683732,12.15032481,12.32426355,13.25054697,22,3538,4395,5,1,1,1,1,0.332,world,12.13874212,20.97746607,25.23157822
620.524,ours,1,0,0,0.2,2.242841769,2.271267901,2.677499767,0,5644,7055,5,1,1,1,1,0.044,world,2.052463374,13.87885209,18.98645754
620.524,ab3dmot,1,0,0,0.2,2.242455785,2.270876158,2.679632206,0,5648,7060,5,1,1,1,1,0.288,world,2.059360695,13.87619983,18.97732048
620.524,sort,0.4522144522,8,1,0.1881818182,12.15028293,12.32405074,13.25033892,22,3542,4400,5,1,1,1,1,0.42,world,12.14030528,20.9805212,25.23608063
620.6,ours,1,0,0,0.2,2.242644169,2.271126662,2.677335706,0,5648,7060,5,1,1,1,1,0.036,world,2.062224353,13.87488594,18.9757259
620.6,ab3dmot,1,0,0,0.2,2.241724278,2.270739298,2.679438312,0,5652,7065,5,1,1,1,1,0.232,world,2.068479364,13.87129273,18.96680974
620.6,sort,0.4516880093,8,1,0.1881952327,12.15032481,12.32387887,13.25013087,22,3546,4405,5,1,1,1,1,0.164,world,12.17551877,21.05519092,25.33979273
620.668,ours,1,0,0,0.2,2.242446569,2.270989443,2.677171645,0,5652,7065,5,1,1,1,1,0.036,world,2.068173809,13.87255729,18.97059838
620.668,ab3dmot,1,0,0,0.2,2.241339011,2.270605655,2.679244418,0,5656,7070,5,1,1,1,1,0.2,world,2.073179989,13.86881454,18.96299999
620.668,sort,0.4511627907,8,1,0.1882086168,12.15080612,12.32368007,13.24992282,22,3550,4410,5,1,1,1,1,0.2,world,12.15170983,20.9962171,25.25613011
620.784,ours,1,0,0,0.2,2.242082789,2.270856604,2.677007584,0,5656,7070,5,1,1,1,1,0.052,world,2.074675756,13.87411004,18.97104584
620.784,ab3dmot,1,0,0,0.2,2.240953744,2.270475911,2.679050524,0,5660,7075,5,1,1,1,1,0.32,world,2.078933553,13.87123832,18.96474111
620.784,sort,0.4506387921,8,1,0.1882219706,12.15128743,12.32354569,13.24971477,22,3554,4415,5,1,1,1,1,0.12,world,12.20743263,21.1144968,25.42063845
620.856,ours,1,0,0,0.2,2.24171901,2.270725362,2.676843523,0,5660,7075,5,1,1,1,1,0.024,world,2.076869563,13.87405082,18.97055601
620.856,ab3dmot,1,0,0,0.2,2.240771537,2.270347521,2.67885663,0,5664,7080,5,1,1,1,1,0.288,world,2.080752993,13.86975,18.96392734
620.856,sort,0.4501160093,8,1,0.1882352941,12.15149863,12.32341401,13.2494495,22,3558,4420,5,1,1,1,1,0.188,world,12.20950861,21.11673902,25.42332244
620.9,ours,1,0,0,0.2,2.241136533,2.270598082,2.676679463,0,5664,7080,5,1,1,1,1,0.012,world,2.082718033,13.87250345,18.96751126
620.9,ab3dmot,1,0,0,0.2,2.24058933,2.270223241,2.678662736,0,5668,7085,5,1,1,1,1,0.2,world,2.086830709,13.86832143,18.96070414
620.9,sort,0.449594438,8,1,0.1882485876,12.15170983,12.32328785,13.24918423,22,3562,4425,5,1,1,1,1,0.232,world,12.21405792,21.12143493,25.4288087
621,ours,1,0,0,0.2,2.240554056,2.270477829,2.676515402,0,5668,7085,5,1,1,1,1,0.024,world,2.093280251,13.87149144,18.96240782
621,ab3dmot,1,0,0,0.2,2.23972301,2.270104494,2.678468842,0,5672,7090,5,1,1,1,1,0.236,world,2.095090116,13.8691601,18.95916535
621,sort,0.4490740741,8,1,0.188261851,12.15204022,12.32323778,13.24891896,22,3566,4430,5,1,1,1,1,0.104,world,12.27994329,21.25541417,25.6131857
621.1,ours,1,0,0,0.2,2.240496024,2.270360755,2.676351341,0,5672,7090,5,1,1,1,1,0.012,world,2.097914559,13.8733011,18.96353964
621.1,ab3dmot,1,0,0,0.2,2.23885669,2.269988924,2.678274948,0,5676,7095,5,1,1,1,1,0.336,world,2.099720498,13.87096919,18.96029735
621.1,sort,0.4485549133,8,1,0.1882750846,12.15237061,12.32319482,13.24865369,22,3570,4435,5,1,1,1,1,0.204,world,12.28602207,21.26131339,25.61976711
621.184,ours,1,0,0,0.2,2.240437992,2.270249913,2.67618728,0,5676,7095,5,1,1,1,1,0.036,world,2.107218298,13.87501713,18.96281422
621.184,ab3dmot,1,0,0,0.2,2.23862208,2.269879776,2.678081054,0,5680,7100,5,1,1,1,1,0.288,world,2.109315791,13.87302075,18.95940242
621.184,sort,0.4480369515,8,1,0.1882882883,12.15295756,12.32317271,13.24838842,22,3574,4440,5,1,1,1,1,0.256,world,12.30403628,21.28761547,25.65339289
621.26,ours,1,0,0,0.2,2.240059091,2.270144994,2.676023219,0,5680,7100,5,1,1,1,1,0.06,world,2.116030424,13.87592776,18.95972623
621.26,ab3dmot,1,0,0,0.2,2.23838747,2.269777133,2.67788716,0,5684,7105,5,1,1,1,1,0.232,world,2.119013077,13.87538946,18.95606439
621.26,sort,0.4475201845,8,1,0.1883014623,12.1535445,12.32315875,13.24812315,22,3578,4445,5,1,1,1,1,0.332,world,12.31106371,21.2935526,25.65947231
621.316,ours,1,0,0,0.2,2.239680191,2.27004448,2.675859159,0,5684,7105,5,1,1,1,1,0.024,world,2.12251752,13.87722671,18.95642301
621.316,ab3dmot,1,0,0,0.2,2.23833337,2.269677492,2.677864165,0,5688,7110,5,1,1,1,1,0.192,world,2.123368978,13.87802651,18.95590637
621.316,sort,0.4470046083,8,1,0.1883146067,12.15407977,12.32314907,13.24785788,22,3582,4450,5,1,1,1,1,0.392,world,12.31475107,21.29660373,25.66254558
621.4,ours,1,0,0,0.2,2.239507691,2.269947948,2.675813218,0,5688,7110,5,1,1,1,1,0.02,world,2.128357262,13.88613105,18.96520275
621.4,ab3dmot,1,0,0,0.2,2.238279271,2.269581291,2.67784117,0,5692,7115,5,1,1,1,1,0.172,world,2.128388776,13.88870543,18.9666509
621.4,sort,0.4464902186,8,1,0.1883277217,12.15461504,12.3229865,13.24759261,22,3586,4455,5,1,1,1,1,0.172,world,12.18106174,20.97592836,25.21036954
621.5,ours,1,0,0,0.2,2.239335191,2.269857016,2.675767278,0,5692,7115,5,1,1,1,1,0.016,world,2.136639143,13.88811937,18.9644126
621.5,ab3dmot,1,0,0,0.2,2.237940498,2.269485276,2.677818175,0,5696,7120,5,1,1,1,1,0.24,world,2.128472958,13.8983391,18.97942539
621.5,sort,0.4459770115,8,1,0.1883408072,12.15463887,12.32281822,13.24732734,22,3590,4460,5,1,1,1,1,0.272,world,12.17570528,20.94950424,25.17005101
621.592,ours,1,0,0,0.2,2.239163276,2.26976919,2.675721337,0,5696,7120,5,1,1,1,1,0.06,world,2.141145866,13.90084607,18.97832472
621.592,ab3dmot,1,0,0,0.2,2.237601724,2.26939501,2.677795181,0,5700,7125,5,1,1,1,1,0.268,world,2.136990241,13.90688452,18.98658484
621.592,sort,0.4454649828,8,1,0.1883538634,12.15466271,12.32265945,13.24706207,22,3594,4465,5,1,1,1,1,0.268,world,12.18374506,20.94587877,25.15991905
621.656,ours,1,0,0,0.2,2.238991362,2.269688625,2.675675397,0,5700,7125,5,1,1,1,1,0.052,world,2.151905691,13.90264413,18.97551179
621.656,ab3dmot,1,0,0,0.2,2.237574735,2.269314682,2.677772186,0,5704,7130,5,1,1,1,1,0.232,world,2.151803578,13.90639583,18.9779853
621.656,sort,0.4449541284,8,1,0.1883668904,12.15489026,12.32250769,13.2467968,22,3598,4470,5,1,1,1,1,0.196,world,12.18960225,20.94244732,25.15119639
621.716,ours,1,0,0,0.2,2.238839636,2.269613207,2.675629456,0,5704,7130,5,1,1,1,1,0.016,world,2.159468344,13.90280903,18.97138516
621.716,ab3dmot,1,0,0,0.2,2.237547745,2.269238817,2.677749191,0,5708,7135,5,1,1,1,1,0.256,world,2.158344101,13.90646347,18.97491902
621.716,sort,0.4444444444,8,1,0.1883798883,12.15511782,12.32235622,13.24653153,22,3602,4475,5,1,1,1,1,0.26,world,12.18956266,20.9335266,25.13650684
621.812,ours,1,0,0,0.2,2.238687909,2.269545678,2.675583516,0,5708,7135,5,1,1,1,1,0.024,world,2.171113645,13.90711143,18.97375487
621.812,ab3dmot,1,0,0,0.2,2.237445467,2.269172557,2.677726196,0,5712,7140,5,1,1,1,1,0.324,world,2.17256072,13.90937584,18.9736341
621.812,sort,0.4439359268,8,1,0.1883928571,12.15489026,12.32215924,13.24626626,22,3606,4480,5,1,1,1,1,0.356,world,12.14897491,20.79904821,24.93655292
621.9,ours,1,0,0,0.2,2.238143294,2.269491319,2.675537575,0,5712,7140,5,1,1,1,1,0.028,world,2.19054666,13.90813479,18.96614249
621.9,ab3dmot,1,0,0,0.2,2.237343188,2.269119187,2.677703202,0,5716,7145,5,1,1,1,1,0.308,world,2.191581196,13.90937305,18.96582097
621.9,sort,0.4434285714,8,1,0.1884057971,12.15466271,12.32193077,13.24600099,22,3610,4485,5,1,1,1,1,0.376,world,12.12060051,20.68663701,24.76617892
621.988,ours,1,0,0,0.2,2.237598678,2.269444077,2.675491635,0,5716,7145,5,1,1,1,1,0.036,world,2.200948001,13.91014954,18.9649405
621.988,ab3dmot,1,0,0,0.2,2.23723162,2.269073338,2.677680207,0,5720,7150,5,1,1,1,1,0.3,world,2.20258039,13.91020673,18.96321216
621.988,sort,0.4429223744,8,1,0.1884187082,12.15463887,12.32163845,13.24573572,22,3614,4490,5,1,1,1,1,0.232,world,12.06313989,20.48882944,24.47045275
622.052,ours,1,0,0,0.2,2.237486992,2.26940451,2.675445694,0,5720,7150,5,1,1,1,1,0.052,world,2.212140898,13.91150518,18.96264821
622.052,ab3dmot,1,0,0,0.2,2.237120051,2.269035874,2.677657212,0,5724,7155,5,1,1,1,1,0.196,world,2.214814573,13.90928384,18.95833119
622.052,sort,0.4424173318,8,1,0.1884315907,12.15461504,12.32135931,13.24547045,22,3618,4495,5,1,1,1,1,0.296,world,12.07435487,20.49653178,24.47694165
622.1,ours,1,0,0,0.2,2.237375305,2.269370336,2.675399754,0,5724,7155,5,1,1,1,1,0.016,world,2.219962549,13.91034036,18.95797426
622.1,ab3dmot,1,0,0,0.2,2.236709067,2.269003011,2.677634217,0,5728,7160,5,1,1,1,1,0.148,world,2.221477396,13.90833576,18.95505847
622.1,sort,0.4419134396,8,1,0.1884444444,12.15407977,12.32099049,13.24520518,22,3622,4500,5,1,1,1,1,0.08,world,11.99317218,20.19986508,24.02963429
622.196,ours,1,0,0,0.2,2.237357183,2.269347082,2.675353813,0,5728,7160,5,1,1,1,1,0.036,world,2.235823941,13.91325205,18.95651913
622.196,ab3dmot,1,0,0,0.2,2.236519154,2.268980505,2.677611223,0,5732,7165,5,1,1,1,1,0.176,world,2.236519154,13.91160563,18.95472192
622.196,sort,0.441410694,8,1,0.1884572697,12.1535445,12.32061031,13.24493991,22,3626,4505,5,1,1,1,1,0.112,world,11.98215592,20.101362,23.87181275
622.3,ours,1,0,0,0.2,2.237375305,2.269333257,2.675307873,0,5732,7165,5,1,1,1,1,0.048,world,2.249448717,13.91820705,18.95911347
622.3,ab3dmot,1,0,0,0.2,2.236819603,2.26896742,2.677588228,0,5736,7170,5,1,1,1,1,0.28,world,2.250139655,13.91656025,18.95731653
622.3,sort,0.4409090909,8,1,0.1884700665,12.15295756,12.32022518,13.24467464,22,3630,4510,5,1,1,1,1,0.116,world,11.97691197,20.02009308,23.73939788
622.384,ours,1,0,0,0.2,2.237486992,2.269326525,2.675261932,0,5736,7170,5,1,1,1,1,0.056,world,2.259657887,13.92071505,18.95924448
622.384,ab3dmot,1,0,0,0.2,2.237120051,2.268962095,2.677565233,0,5740,7175,5,1,1,1,1,0.3,world,2.261312136,13.91892577,18.95629109
622.384,sort,0.4404086266,8,1,0.188482835,12.15237061,12.31984678,13.24440937,22,3634,4515,5,1,1,1,1,0.168,world,11.9822248,19.99812113,23.69962742
622.464,ours,1,0,0,0.2,2.237598678,2.269326924,2.675215992,0,5740,7175,5,1,1,1,1,0.052,world,2.269899179,13.92395415,18.95988769
622.464,ab3dmot,1,0,0,0.2,2.23723162,2.26896326,2.677542238,0,5744,7180,5,1,1,1,1,0.384,world,2.270634778,13.92229944,18.95802901
622.464,sort,0.4399092971,8,1,0.1884955752,12.15204022,12.3194827,13.24440606,22,3638,4520,5,1,1,1,1,0.252,world,11.99442876,20.00594626,23.70567795
622.512,ours,1,0,0,0.2,2.238143294,2.269331578,2.675170051,0,5744,7180,5,1,1,1,1,0.012,world,2.276000797,13.92585383,18.95933145
622.512,ab3dmot,1,0,0,0.2,2.237343188,2.268969338,2.677519243,0,5748,7185,5,1,1,1,1,0.328,world,2.277680017,13.92651598,18.95791824
622.512,sort,0.4394110985,8,1,0.1885082873,12.15170983,12.31912619,13.24440274,22,3642,4525,5,1,1,1,1,0.296,world,12.00056623,20.00984132,23.70864764
622.564,ours,1,0,0,0.2,2.238687909,2.269343516,2.675124111,0,5748,7185,5,1,1,1,1,0.016,world,2.286421953,13.93119462,18.96123324
622.564,ab3dmot,1,0,0,0.2,2.237445467,2.268982556,2.677496249,0,5752,7190,5,1,1,1,1,0.28,world,2.287898676,13.93155016,18.95985793
622.564,sort,0.4389140271,8,1,0.1885209713,12.15149863,12.31878408,13.24439943,22,3646,4530,5,1,1,1,1,0.348,world,12.01289496,20.01758535,23.71446728
622.6,ours,1,0,0,0.2,2.238839636,2.269359319,2.67507817,0,5752,7190,5,1,1,1,1,0,world,2.291955221,13.93340564,18.96155385
622.6,ab3dmot,1,0,0,0.2,2.237547745,2.268997569,2.677473254,0,5756,7195,5,1,1,1,1,0.252,world,2.290483973,13.93434468,18.96378371
622.6,sort,0.4384180791,8,1,0.1885336273,12.15128743,12.31844954,13.24439611,22,3650,4535,5,1,1,1,1,0.384,world,12.01907931,20.02142991,23.71731386
622.668,ours,1,0,0,0.2,2.238991362,2.269381805,2.67503223,0,5756,7195,5,1,1,1,1,0.028,world,2.301489464,13.93831123,18.96421383
622.668,ab3dmot,1,0,0,0.2,2.237574735,2.269019586,2.677450259,0,5760,7200,5,1,1,1,1,0.252,world,2.300483793,13.94117227,18.96724891
622.668,sort,0.4379232506,8,1,0.1885462555,12.15080612,12.31808133,13.2443928,22,3654,4540,5,1,1,1,1,0.12,world,11.98777589,19.79090826,23.35049962
622.7,ours,1,0,0,0.2,2.239163276,2.269407288,2.674986289,0,5760,7200,5,1,1,1,1,0.012,world,2.305786385,13.9420555,18.9669401
622.7,ab3dmot,1,0,0,0.2,2.237601724,2.269044163,2.677427264,0,5764,7205,5,1,1,1,1,0.252,world,2.304163843,13.94396779,18.97000885
622.7,sort,0.4374295378,8,1,0.1885588559,12.15032481,12.3177206,13.24438949,22,3658,4545,5,1,1,1,1,0.156,world,11.99385321,19.79398381,23.35211333
622.78,ours,1,0,0,0.2,2.239335191,2.269439444,2.674940349,0,5764,7205,5,1,1,1,1,0.032,world,2.315279939,13.94545192,18.96863048
622.78,ab3dmot,1,0,0,0.2,2.237940498,2.269075411,2.677409909,0,5768,7210,5,1,1,1,1,0.332,world,2.313664294,13.94736533,18.97169902
622.78,sort,0.4369369369,8,1,0.1885714286,12.15028293,12.31737424,13.24438617,22,3662,4550,5,1,1,1,1,0.232,world,12.00621784,19.80146394,23.35742833
622.868,ours,1,0,0,0.2,2.239507691,2.269477386,2.674784409,0,5768,7210,5,1,1,1,1,0.056,world,2.323508473,13.95001613,18.97246919
622.868,ab3dmot,1,0,0,0.2,2.238279271,2.269110333,2.677392553,0,5772,7215,5,1,1,1,1,0.288,world,2.318921318,13.95359251,18.97993596
622.868,sort,0.4364454443,8,1,0.1885839737,12.15024105,12.31702749,13.24438286,22,3666,4555,5,1,1,1,1,0.188,world,12.00516434,19.71588012,23.21496006
622.912,ours,1,0,0,0.2,2.239680191,2.26951982,2.674628469,0,5772,7215,5,1,1,1,1,0.012,world,2.329905931,13.95581833,18.97912193
622.912,ab3dmot,1,0,0,0.2,2.23833337,2.269149298,2.677375198,0,5776,7220,5,1,1,1,1,0.236,world,2.324695532,13.95932069,18.98725111
622.912,sort,0.4359550562,8,1,0.1885964912,12.14970982,12.31669483,13.24437954,22,3670,4560,5,1,1,1,1,0.236,world,12.01732041,19.72238702,23.21873971
623,ours,1,0,0,0.2,2.240059091,2.269568077,2.674472529,0,5776,7220,5,1,1,1,1,0.024,world,2.33816583,13.96003503,18.98258501
623,ab3dmot,1,0,0,0.2,2.23838747,2.269194892,2.677357842,0,5780,7225,5,1,1,1,1,0.32,world,2.33410385,13.96265361,18.98886377
623,sort,0.4354657688,8,1,0.1886089814,12.14917859,12.31640084,13.24437623,22,3674,4565,5,1,1,1,1,0.32,world,12.05190689,19.8884194,23.47601925
623.092,ours,1,0,0,0.2,2.240437992,2.269624329,2.674316589,0,5780,7225,5,1,1,1,1,0.044,world,2.349446855,13.96666555,18.98903886
623.092,ab3dmot,1,0,0,0.2,2.23862208,2.26924771,2.677340487,0,5784,7230,5,1,1,1,1,0.28,world,2.34432697,13.96838236,18.99591887
623.092,sort,0.4349775785,8,1,0.1886214442,12.14911456,12.31613517,13.24437292,22,3678,4570,5,1,1,1,1,0.38,world,12.07710009,19.9427576,23.55206167
623.164,ours,1,0,0,0.2,2.240496024,2.269685045,2.674160648,0,5784,7230,5,1,1,1,1,0.056,world,2.355784938,13.96975618,18.99361463
623.164,ab3dmot,1,0,0,0.2,2.23885669,2.269302824,2.677323131,0,5788,7235,5,1,1,1,1,0.088,world,2.347643539,13.97109979,19.00376005
623.164,sort,0.4344904815,8,1,0.1886338798,12.14905052,12.31587819,13.2443696,22,3682,4575,5,1,1,1,1,0.256,world,12.08447168,19.93094412,23.52817847
623.244,ours,1,0,0,0.2,2.240554056,2.269748442,2.674004708,0,5788,7235,5,1,1,1,1,0.044,world,2.359639185,13.97388457,19.00160065
623.244,ab3dmot,1,0,0,0.2,2.23972301,2.269363522,2.677305776,0,5792,7240,5,1,1,1,1,0.14,world,2.355555355,13.97454573,19.00673112
623.244,sort,0.4340044743,8,1,0.1886462882,12.14901272,12.31561858,13.24436629,22,3686,4580,5,1,1,1,1,0.14,world,12.08155701,19.8547427,23.40250211
623.34,ours,1,0,0,0.2,2.241136533,2.269818129,2.673848768,0,5792,7240,5,1,1,1,1,0.044,world,2.368508519,13.97698307,19.00303396
623.34,ab3dmot,1,0,0,0.2,2.24058933,2.269430512,2.67728842,0,5796,7245,5,1,1,1,1,0.232,world,2.364442221,13.97764839,19.00816453
623.34,sort,0.4335195531,8,1,0.1886586696,12.14897491,12.31536255,13.24436297,22,3690,4585,5,1,1,1,1,0.1,world,12.08430456,19.80678128,23.32066127
623.436,ours,1,0,0,0.2,2.24171901,2.269897066,2.673692828,0,5796,7245,5,1,1,1,1,0.036,world,2.38145456,13.98148784,19.00509028
623.436,ab3dmot,1,0,0,0.2,2.240771537,2.269506754,2.677271065,0,5800,7250,5,1,1,1,1,0.328,world,2.377413955,13.9821593,19.01022103
623.436,sort,0.4330357143,8,1,0.188671024,12.14800125,12.31512535,13.24435966,22,3694,4590,5,1,1,1,1,0.2,world,12.10096506,19.81547244,23.32531573
623.504,ours,1,0,0,0.2,2.242082789,2.269980388,2.673536888,0,5800,7250,5,1,1,1,1,0.032,world,2.387662013,13.98479799,19.00916759
623.504,ab3dmot,1,0,0,0.2,2.240953744,2.269586618,2.677253709,0,5804,7255,5,1,1,1,1,0.264,world,2.382575289,13.98484204,19.01518408
623.504,sort,0.4325529543,8,1,0.1886833515,12.1470276,12.31490046,13.24435634,22,3698,4595,5,1,1,1,1,0.264,world,12.11172882,19.82093383,23.32804629
623.584,ours,1,0,0,0.2,2.242446569,2.270067209,2.673380948,0,5804,7255,5,1,1,1,1,0.028,world,2.392645166,13.98811372,19.01444202
623.584,ab3dmot,1,0,0,0.2,2.241339011,2.269670679,2.677236354,0,5808,7260,5,1,1,1,1,0.244,world,2.388528522,13.98873493,19.01972953
623.584,sort,0.4320712695,8,1,0.1886956522,12.14680173,12.31468754,13.24435303,22,3702,4600,5,1,1,1,1,0.344,world,12.12218896,19.82611405,23.33047133
623.636,ours,1,0,0,0.2,2.242644169,2.270158694,2.673225008,0,5808,7260,5,1,1,1,1,0.032,world,2.399231375,13.99150561,19.01759958
623.636,ab3dmot,1,0,0,0.2,2.241724278,2.269759941,2.677218998,0,5812,7265,5,1,1,1,1,0.232,world,2.395862464,13.99202488,19.02195112
623.636,sort,0.4315906563,8,1,0.1887079262,12.14657587,12.31447328,13.24434972,22,3706,4605,5,1,1,1,1,0.196,world,12.12054229,19.74968842,23.20352316
623.684,ours,1,0,0,0.2,2.242841769,2.270252176,2.673069068,0,5812,7265,5,1,1,1,1,0.016,world,2.402153603,13.99350489,19.01969465
623.684,ab3dmot,1,0,0,0.2,2.242455785,2.269851832,2.677201643,0,5816,7270,5,1,1,1,1,0.248,world,2.399656482,13.99374514,19.0228335
623.684,sort,0.4311111111,8,1,0.1887201735,12.14628214,12.31426483,13.2443464,22,3710,4610,5,1,1,1,1,0.248,world,12.12541542,19.75161132,23.20381806
623.736,ours,1,0,0,0.2,2.242996226,2.27035096,2.672913128,0,5816,7270,5,1,1,1,1,0.016,world,2.409610773,13.99605215,19.02078876
623.736,ab3dmot,1,0,0,0.2,2.243187293,2.269949028,2.677184287,0,5820,7275,5,1,1,1,1,0.296,world,2.407123321,13.99629483,19.02392778
623.736,sort,0.4306326304,8,1,0.1887323944,12.14598842,12.31406725,13.24434309,22,3714,4615,5,1,1,1,1,0.296,world,12.13494123,19.75562719,23.20481243
623.78,ours,1,0,0,0.2,2.243150683,2.270452242,2.672757188,0,5820,7275,5,1,1,1,1,0.012,world,2.413223732,13.99728239,19.02131151
623.78,ab3dmot,1,0,0,0.2,2.243221325,2.270048722,2.677166932,0,5824,7280,5,1,1,1,1,0.34,world,2.410741001,13.99752626,19.02445061
623.78,sort,0.4301552106,8,1,0.1887445887,12.14551828,12.31387512,13.24375581,22,3718,4620,5,1,1,1,1,0.34,world,12.13953375,19.75731287,23.20486612
623.852,ours,1,0,0,0.2,2.243230252,2.270558455,2.672601248,0,5824,7280,5,1,1,1,1,0.02,world,2.420165174,14.00047231,19.02287839
623.852,ab3dmot,1,0,0,0.2,2.243255357,2.270153793,2.677149576,0,5828,7285,5,1,1,1,1,0.316,world,2.418299917,14.00155461,19.0258048
623.852,sort,0.4296788483,8,1,0.1887567568,12.14598842,12.31369136,13.24316854,22,3722,4625,5,1,1,1,1,0.38,world,12.14680002,19.74830627,23.1853875
623.932,ours,1,0,0,0.2,2.243309821,2.270669621,2.672445308,0,5828,7285,5,1,1,1,1,0.032,world,2.427133213,14.00370468,19.02405195
623.932,ab3dmot,1,0,0,0.2,2.243611116,2.270264823,2.677132221,0,5832,7290,5,1,1,1,1,0.328,world,2.426645326,14.00400068,19.02482627
623.932,sort,0.4292035398,8,1,0.1887688985,12.14586242,12.31350683,13.24258127,22,3726,4630,5,1,1,1,1,0.264,world,12.14573641,19.67305103,23.05995087
624,ours,1,0,0,0.2,2.243309821,2.270785243,2.672289368,0,5832,7290,5,1,1,1,1,0.032,world,2.433418332,14.00581678,19.02491013
624,ab3dmot,1,0,0,0.2,2.243966876,2.270380307,2.677114865,0,5836,7295,5,1,1,1,1,0.396,world,2.432932017,14.00611314,19.02568446
624,sort,0.4287292818,8,1,0.188781014,12.14598842,12.31336792,13.24199399,22,3730,4635,5,1,1,1,1,0.164,world,12.1871462,19.98828166,23.56350564
624.1,ours,1,0,0,0.2,2.243309821,2.270907118,2.672133428,0,5836,7295,5,1,1,1,1,0.048,world,2.442140622,14.00872757,19.02606454
624.1,ab3dmot,1,0,0,0.2,2.244109845,2.270502041,2.67709751,0,5840,7300,5,1,1,1,1,0.496,world,2.441656525,14.00902443,19.02683891
624.1,sort,0.4282560706,8,1,0.1887931034,12.14628214,12.313252,13.24140672,22,3734,4640,5,1,1,1,1,0.264,world,12.2078878,20.05009794,23.65448257
624.152,ours,1,0,0,0.2,2.243941853,2.271030876,2.671977488,0,5840,7300,5,1,1,1,1,0.02,world,2.444930759,14.01008104,19.02661229
624.152,ab3dmot,1,0,0,0.2,2.244252814,2.270626115,2.677080154,0,5844,7305,5,1,1,1,1,0.452,world,2.445068925,14.01178374,19.02756008
624.152,sort,0.427783903,8,1,0.1888051668,12.14657587,12.31314459,13.24081944,22,3738,4645,5,1,1,1,1,0.316,world,12.21545043,20.07459898,23.69093439
624.196,ours,1,0,0,0.2,2.244573884,2.271157741,2.671821548,0,5844,7305,5,1,1,1,1,0.004,world,2.449382824,14.01175051,19.02526426
624.196,ab3dmot,1,0,0,0.2,2.244252814,2.270754127,2.677003764,0,5848,7310,5,1,1,1,1,0.36,world,2.45064767,14.01179598,19.02379042
624.196,sort,0.4273127753,8,1,0.1888172043,12.14668795,12.31304149,13.24023217,22,3742,4650,5,1,1,1,1,0.168,world,12.21916585,20.08743415,23.71024527
624.264,ours,1,0,0,0.2,2.244770496,2.271287166,2.671645626,0,5848,7310,5,1,1,1,1,0.044,world,2.45309522,14.0139879,19.02770906
624.264,ab3dmot,1,0,0,0.2,2.244252814,2.270884013,2.676927374,0,5852,7315,5,1,1,1,1,0.332,world,2.453434656,14.01411775,19.02738872
624.264,sort,0.4268426843,8,1,0.1888292159,12.14680002,12.3129469,13.2396449,22,3746,4655,5,1,1,1,1,0.1,world,12.22675884,20.10072042,23.72773087
624.3,ours,1,0,0,0.2,2.244967109,2.271416725,2.671469705,0,5852,7315,5,1,1,1,1,0.008,world,2.453526404,14.01585518,19.03095841
624.3,ab3dmot,1,0,0,0.2,2.244262207,2.27101187,2.676850984,0,5856,7320,5,1,1,1,1,0.072,world,2.450934661,14.01571836,19.03400241
624.3,sort,0.4263736264,8,1,0.1888412017,12.14691381,12.3128572,13.23905762,22,3750,4660,5,1,1,1,1,0.072,world,12.23105147,20.10990502,23.74037048
624.364,ours,1,0,0,0.2,2.245008152,2.271547233,2.671293784,0,5856,7320,5,1,1,1,1,0.032,world,2.455061092,14.01757893,19.03498674
624.364,ab3dmot,1,0,0,0.2,2.244271599,2.271143068,2.676774594,0,5860,7325,5,1,1,1,1,0.1,world,2.455711609,14.0164349,19.0334585
624.364,sort,0.4259055982,8,1,0.1888531618,12.1470276,12.31277508,13.23847035,22,3754,4665,5,1,1,1,1,0.1,world,12.23781163,20.11701423,23.74800672
624.4,ours,1,0,0,0.2,2.245049196,2.271679204,2.671117862,0,5860,7325,5,1,1,1,1,0.004,world,2.457295685,14.01779066,19.03461533
624.4,ab3dmot,1,0,0,0.2,2.244545878,2.271275534,2.676698203,0,5864,7330,5,1,1,1,1,0.136,world,2.457683154,14.01706956,19.03367951
624.4,sort,0.4254385965,8,1,0.1888650964,12.14800125,12.31269603,13.23788307,22,3758,4670,5,1,1,1,1,0.136,world,12.24047493,20.1176188,23.74734636
624.468,ours,1,0,0,0.2,2.24506228,2.271813648,2.670941941,0,5864,7330,5,1,1,1,1,0.032,world,2.460900364,14.01894076,19.03500239
624.468,ab3dmot,1,0,0,0.2,2.244820157,2.271410472,2.676621813,0,5868,7335,5,1,1,1,1,0.204,world,2.461287222,14.01821959,19.03406658
624.468,sort,0.4249726177,8,1,0.1888770053,12.14897491,12.3126709,13.2372958,22,3762,4675,5,1,1,1,1,0.204,world,12.28973206,20.31606064,24.0501478
624.5,ours,1,0,0,0.2,2.245075365,2.271949106,2.67076602,0,5868,7335,5,1,1,1,1,0,world,2.462530532,14.01945549,19.0351685
624.5,ab3dmot,1,0,0,0.2,2.244887735,2.271546421,2.676545423,0,5872,7340,5,1,1,1,1,0.236,world,2.462917112,14.01873428,19.0342327
624.5,sort,0.4245076586,8,1,0.1888888889,12.14901272,12.31268657,13.23670853,22,3766,4680,5,1,1,1,1,0.236,world,12.32698496,20.45116171,24.25400542
624.564,ours,1,0,0,0.2,2.245222162,2.272085489,2.670590099,0,5872,7340,5,1,1,1,1,0.012,world,2.464044277,14.02008355,19.03544621
624.564,ab3dmot,1,0,0,0.2,2.244955314,2.271684935,2.676469033,0,5876,7345,5,1,1,1,1,0.2,world,2.466650429,14.01752834,19.03061736
624.564,sort,0.4240437158,8,1,0.1889007471,12.14905052,12.31273538,13.23612125,22,3770,4685,5,1,1,1,1,0.3,world,12.35726725,20.55057614,24.4016039
624.6,ours,1,0,0,0.2,2.24536896,2.272225102,2.670414177,0,5876,7345,5,1,1,1,1,0.008,world,2.468678823,14.01902045,19.03204095
624.6,ab3dmot,1,0,0,0.2,2.245266342,2.271825786,2.676392643,0,5880,7350,5,1,1,1,1,0.204,world,2.470079292,14.01757927,19.02940183
624.6,sort,0.423580786,8,1,0.18891258,12.14911456,12.31284681,13.23553398,22,3774,4690,5,1,1,1,1,0.204,world,12.41438466,20.72788616,24.66465856
624.668,ours,1,0,0,0.2,2.245379741,2.272365372,2.670238256,0,5880,7350,5,1,1,1,1,0.012,world,2.469835196,14.01937079,19.03213471
624.668,ab3dmot,1,0,0,0.2,2.245577369,2.271967291,2.676316253,0,5884,7355,5,1,1,1,1,0.272,world,2.471234627,14.01792937,19.02949556
624.668,sort,0.4231188659,8,1,0.1889243876,12.14917859,12.31304485,13.2349467,22,3778,4695,5,1,1,1,1,0.076,world,12.49312904,20.95840691,25.00318656
624.7,ours,1,0,0,0.2,2.245390523,2.272506208,2.670062335,0,5884,7355,5,1,1,1,1,0.008,world,2.470871095,14.01967961,19.03221065
624.7,ab3dmot,1,0,0,0.2,2.245694792,2.272109879,2.676239862,0,5888,7360,5,1,1,1,1,0.272,world,2.472971057,14.01770016,19.0283667
624.7,sort,0.4226579521,8,1,0.1889361702,12.14970982,12.31324422,13.23435943,22,3782,4700,5,1,1,1,1,0.108,world,12.49472524,20.9583043,25.0019606
624.76,ours,1,0,0,0.2,2.245391767,2.27264881,2.669886413,0,5888,7360,5,1,1,1,1,0.036,world,2.473531755,14.01936977,19.03062377
624.76,ab3dmot,1,0,0,0.2,2.245812215,2.2722542,2.676163472,0,5892,7365,5,1,1,1,1,0.264,world,2.475590977,14.01758728,19.02695439
624.76,sort,0.4221980413,8,1,0.1889479277,12.15024105,12.31344619,13.23377216,22,3786,4705,5,1,1,1,1,0.168,world,12.49748079,20.95781862,24.99929443
624.792,ours,1,0,0,0.2,2.245393011,2.272791799,2.669710492,0,5892,7365,5,1,1,1,1,0.016,world,2.474329918,14.01979863,19.03064559
624.792,ab3dmot,1,0,0,0.2,2.245874874,2.272398282,2.676087082,0,5896,7370,5,1,1,1,1,0.232,world,2.475544278,14.01913101,19.02872663
624.792,sort,0.4217391304,8,1,0.1889596603,12.15028293,12.31368896,13.23318488,22,3790,4710,5,1,1,1,1,0.132,world,12.53480728,21.05759709,25.14376236
624.848,ours,1,0,0,0.2,2.245785481,2.272934592,2.669534571,0,5896,7370,5,1,1,1,1,0.044,world,2.474338085,14.02088845,19.03192133
624.848,ab3dmot,1,0,0,0.2,2.245937534,2.272541764,2.676010692,0,5900,7375,5,1,1,1,1,0.224,world,2.475007847,14.02112023,19.03125101
624.848,sort,0.4212812161,8,1,0.188971368,12.15032481,12.31394298,13.23259761,22,3794,4715,5,1,1,1,1,0.188,world,12.5454624,21.08313509,25.17999723
624.892,ours,1,0,0,0.2,2.246177951,2.273076761,2.669358649,0,5900,7375,5,1,1,1,1,0.024,world,2.473767775,14.02325726,19.0348964
624.892,ab3dmot,1,0,0,0.2,2.245978401,2.272684053,2.675934302,0,5904,7380,5,1,1,1,1,0.168,world,2.473666792,14.02439048,19.03576194
624.892,sort,0.420824295,8,1,0.1889830508,12.15080612,12.31420539,13.23254714,22,3798,4720,5,1,1,1,1,0.232,world,12.55355433,21.0993012,25.20197548
624.956,ours,1,0,0,0.2,2.24625386,2.273217773,2.669182728,0,5904,7380,5,1,1,1,1,0.052,world,2.472471364,14.02519551,19.03790581
624.956,ab3dmot,1,0,0,0.2,2.246019269,2.272826102,2.675857912,0,5908,7385,5,1,1,1,1,0.164,world,2.473615155,14.02574037,19.03687309
624.956,sort,0.420368364,8,1,0.188994709,12.15128743,12.31446785,13.23249668,22,3802,4725,5,1,1,1,1,0.296,world,12.5541246,21.09855837,25.20027938
625,ours,1,0,0,0.2,2.246329769,2.273359547,2.669006807,0,5908,7385,5,1,1,1,1,0.032,world,2.473777744,14.02475414,19.03590891
625,ab3dmot,1,0,0,0.2,2.2463313,2.272968545,2.675781522,0,5912,7390,5,1,1,1,1,0.176,world,2.474421896,14.02522564,19.03543866
625,sort,0.4199134199,8,1,0.1890063425,12.15149863,12.3147305,13.23244621,22,3806,4730,5,1,1,1,1,0.34,world,12.55481531,21.09679881,25.19669362
625.056,ours,1,0,0,0.2,2.246593595,2.273500971,2.668830886,0,5912,7390,5,1,1,1,1,0.024,world,2.473573658,14.0246432,19.03581564
625.056,ab3dmot,1,0,0,0.2,2.246643332,2.273109377,2.675705131,0,5916,7395,5,1,1,1,1,0.2,world,2.472508023,14.02676394,19.03851923
625.056,sort,0.4194594595,8,1,0.1890179514,12.15170983,12.31506237,13.23239574,22,3810,4735,5,1,1,1,1,0.2,world,12.61798006,21.25709697,25.42686088
625.088,ours,1,0,0,0.2,2.246857422,2.273640206,2.668654964,0,5916,7395,5,1,1,1,1,0,world,2.470869681,14.02701454,19.04026968
625.088,ab3dmot,1,0,0,0.2,2.24687725,2.273248556,2.675628741,0,5920,7400,5,1,1,1,1,0.196,world,2.470526917,14.02833852,19.04156914
625.088,sort,0.4190064795,8,1,0.1890295359,12.15204022,12.31539647,13.23234528,22,3814,4740,5,1,1,1,1,0.196,world,12.62064958,21.26285884,25.43478632
625.12,ours,1,0,0,0.2,2.247279688,2.273778911,2.668479043,0,5920,7400,5,1,1,1,1,0.02,world,2.470414311,14.02682032,19.04014527
625.12,ab3dmot,1,0,0,0.2,2.247111168,2.273387203,2.675552351,0,5924,7405,5,1,1,1,1,0.228,world,2.470071334,14.02814426,19.04144472
625.12,sort,0.4185544768,8,1,0.1890410959,12.15237061,12.31572234,13.23229481,22,3818,4745,5,1,1,1,1,0.228,world,12.61386336,21.24539231,25.40953091
625.188,ours,1,0,0,0.2,2.247701954,2.273916475,2.668303122,0,5924,7405,5,1,1,1,1,0.02,world,2.469126287,14.02630757,19.03985101
625.188,ab3dmot,1,0,0,0.2,2.247229824,2.273525578,2.675366599,0,5928,7410,5,1,1,1,1,0.264,world,2.469965998,14.02705898,19.03933161
625.188,sort,0.4181034483,8,1,0.1890526316,12.15295756,12.31604168,13.23224435,22,3822,4750,5,1,1,1,1,0.296,world,12.60859579,21.23169788,25.38954818
625.228,ours,1,0,0,0.2,2.248405857,2.274053545,2.668120933,0,5928,7410,5,1,1,1,1,0.028,world,2.468716273,14.02610402,19.03924332
625.228,ab3dmot,1,0,0,0.2,2.247348479,2.27366343,2.675180846,0,5932,7415,5,1,1,1,1,0.208,world,2.469517551,14.02630531,19.03840457
625.228,sort,0.4176533907,8,1,0.189064143,12.1535445,12.31639438,13.23219388,22,3826,4755,5,1,1,1,1,0.212,world,12.63945451,21.30601805,25.49540824
625.308,ours,1,0,0,0.2,2.24910976,2.274191077,2.667938745,0,5932,7415,5,1,1,1,1,0.024,world,2.469611074,14.02349111,19.03406186
625.308,ab3dmot,1,0,0,0.2,2.247356825,2.273802098,2.674995093,0,5936,7420,5,1,1,1,1,0.152,world,2.470898942,14.0230023,19.03217593
625.308,sort,0.4172043011,8,1,0.1890756303,12.15407977,12.31678191,13.23214342,22,3830,4760,5,1,1,1,1,0.088,world,12.67168218,21.37965985,25.59910701
625.4,ours,1,0,0,0.2,2.249180853,2.274325499,2.667756556,0,5936,7420,5,1,1,1,1,0.032,world,2.465622233,14.02205184,19.03338631
625.4,ab3dmot,1,0,0,0.2,2.247365171,2.273937655,2.674809341,0,5940,7425,5,1,1,1,1,0.244,world,2.466910469,14.02156291,19.03150015
625.4,sort,0.4167561762,8,1,0.1890870934,12.15461504,12.31715033,13.23209295,22,3834,4765,5,1,1,1,1,0.148,world,12.65513176,21.34074404,25.54363811
625.5,ours,1,0,0,0.2,2.249251947,2.274456021,2.667574368,0,5940,7425,5,1,1,1,1,0.016,world,2.460533301,14.02025977,19.03259503
625.5,ab3dmot,1,0,0,0.2,2.24766379,2.274069312,2.674623588,0,5944,7430,5,1,1,1,1,0.344,world,2.461822502,14.01977086,19.03070862
625.5,sort,0.4163090129,8,1,0.1890985325,12.15463887,12.31749777,13.23204248,22,3838,4770,5,1,1,1,1,0.248,world,12.63682575,21.3009346,25.48768935
625.58,ours,1,0,0,0.2,2.249350332,2.274583975,2.66739218,0,5944,7430,5,1,1,1,1,0.028,world,2.457254944,14.01832911,19.03077949
625.58,ab3dmot,1,0,0,0.2,2.247962408,2.274199317,2.674437836,0,5948,7435,5,1,1,1,1,0.292,world,2.459807609,14.01646022,19.02644841
625.58,sort,0.4158628081,8,1,0.1891099476,12.15466271,12.3178374,13.23199202,22,3842,4775,5,1,1,1,1,0.292,world,12.63039848,21.28898563,25.47136354
625.616,ours,1,0,0,0.2,2.249448717,2.274711422,2.667209991,0,5948,7435,5,1,1,1,1,0.016,world,2.456804011,14.01627122,19.02751474
625.616,ab3dmot,1,0,0,0.2,2.248301816,2.274328828,2.674252083,0,5952,7440,5,1,1,1,1,0.264,world,2.459377522,14.01418605,19.02301988
625.616,sort,0.4154175589,8,1,0.1891213389,12.15489026,12.31819147,13.23194155,22,3846,4780,5,1,1,1,1,0.164,world,12.64422232,21.32093185,25.51652702
625.684,ours,1,0,0,0.2,2.249503172,2.274836648,2.667027803,0,5952,7440,5,1,1,1,1,0.028,world,2.453988606,14.01298569,19.02347886
625.684,ab3dmot,1,0,0,0.2,2.248641224,2.274456216,2.674066331,0,5956,7445,5,1,1,1,1,0.232,world,2.456702691,14.01050896,19.01856284
625.684,sort,0.414973262,8,1,0.1891327064,12.15511782,12.31853791,13.23189109,22,3850,4785,5,1,1,1,1,0.132,world,12.63796718,21.30845059,25.49918778
625.716,ours,1,0,0,0.2,2.249557627,2.274960597,2.666845614,0,5956,7445,5,1,1,1,1,0.016,world,2.45246687,14.01116575,19.02129758
625.716,ab3dmot,1,0,0,0.2,2.248830346,2.274582161,2.673880578,0,5960,7450,5,1,1,1,1,0.2,world,2.454958081,14.00880169,19.01672955
625.716,sort,0.4145299145,8,1,0.1891440501,12.15518761,12.31886645,13.23184062,22,3854,4790,5,1,1,1,1,0.164,world,12.6223121,21.27284861,25.44889652
625.78,ours,1,0,0,0.2,2.249645793,2.27508331,2.666663426,0,5960,7450,5,1,1,1,1,0.024,world,2.450996838,14.0092105,19.01884487
625.78,ab3dmot,1,0,0,0.2,2.249019468,2.274706576,2.673694825,0,5964,7455,5,1,1,1,1,0.228,world,2.453084931,14.00717298,19.01498288
625.78,sort,0.4140875133,8,1,0.1891553702,12.15525739,12.31918618,13.23179015,22,3858,4795,5,1,1,1,1,0.196,world,12.6148943,21.25622529,25.42540564
625.812,ours,1,0,0,0.2,2.24973396,2.275203875,2.666481238,0,5964,7455,5,1,1,1,1,0.012,world,2.448258845,14.00828571,19.01848311
625.812,ab3dmot,1,0,0,0.2,2.249203625,2.274829369,2.673509073,0,5968,7460,5,1,1,1,1,0.228,world,2.451081412,14.00532091,19.01312808
625.812,sort,0.4136460554,8,1,0.1891666667,12.15545236,12.31951209,13.23173969,22,3862,4800,5,1,1,1,1,0.064,world,12.6211902,21.26707798,25.43927987
625.88,ours,1,0,0,0.2,2.250144565,2.275319816,2.666299049,0,5968,7460,5,1,1,1,1,0.024,world,2.442073155,14.00590388,19.01791038
625.88,ab3dmot,1,0,0,0.2,2.249387781,2.274946835,2.67332332,0,5972,7465,5,1,1,1,1,0.232,world,2.443925119,14.00363824,19.01419239
625.88,sort,0.4132055378,8,1,0.1891779396,12.15564732,12.31982104,13.23168922,22,3866,4805,5,1,1,1,1,0.132,world,12.60628686,21.237437,25.39811431
625.912,ours,1,0,0,0.2,2.25055517,2.275434151,2.666116861,0,5972,7465,5,1,1,1,1,0.012,world,2.440062297,14.00385134,19.01558077
625.912,ab3dmot,1,0,0,0.2,2.249763718,2.275061016,2.673137568,0,5976,7470,5,1,1,1,1,0.196,world,2.439580647,14.00291687,19.015557
625.912,sort,0.4127659574,8,1,0.1891891892,12.15644438,12.32011953,13.23163876,22,3870,4810,5,1,1,1,1,0.164,world,12.59727675,21.218564,25.37164141
625.984,ours,1,0,0,0.2,2.250821132,2.275542059,2.665934672,0,5976,7470,5,1,1,1,1,0.024,world,2.431313711,14.002674,19.01820702
625.984,ab3dmot,1,0,0,0.2,2.250139655,2.275169181,2.672951815,0,5980,7475,5,1,1,1,1,0.24,world,2.431400466,14.00159382,19.0174057
625.984,sort,0.4123273114,8,1,0.1892004154,12.15724143,12.32040949,13.23158829,22,3874,4815,5,1,1,1,1,0.24,world,12.59002484,21.21046068,25.36204693
626.02,ours,1,0,0,0.2,2.251087095,2.27564741,2.665752484,0,5980,7475,5,1,1,1,1,0.016,world,2.427942576,14.00155698,19.01779625
626.02,ab3dmot,1,0,0,0.2,2.250225859,2.275274791,2.672766062,0,5984,7480,5,1,1,1,1,0.276,world,2.428029668,14.00047679,19.01699492
626.02,sort,0.4118895966,8,1,0.1892116183,12.15749906,12.32069466,13.23142823,22,3878,4820,5,1,1,1,1,0.276,world,12.58617503,21.20581177,25.35635109
626.08,ours,1,0,0,0.2,2.251148249,2.275747604,2.665570296,0,5984,7480,5,1,1,1,1,0,world,2.420904891,13.99923484,19.01695423
626.08,ab3dmot,1,0,0,0.2,2.250312063,2.275374169,2.67258031,0,5988,7485,5,1,1,1,1,0.3,world,2.419477026,13.99898341,19.01852489
626.08,sort,0.4114528102,8,1,0.1892227979,12.15775669,12.32097066,13.23126816,22,3882,4825,5,1,1,1,1,0.332,world,12.57827139,21.19828936,25.34818095
626.1,ours,1,0,0,0.2,2.251209403,2.275846565,2.665388107,0,5988,7485,5,1,1,1,1,0,world,2.419362984,13.99995015,19.01928273
626.1,ab3dmot,1,0,0,0.2,2.250505611,2.275472168,2.672394557,0,5992,7490,5,1,1,1,1,0.252,world,2.417726724,13.99981447,19.02118775
626.1,sort,0.4110169492,8,1,0.1892339545,12.15794939,12.32125333,13.2311081,22,3886,4830,5,1,1,1,1,0.288,world,12.58498306,21.21209458,25.36717723
626.148,ours,1,0,0,0.2,2.251590181,2.275942055,2.665205919,0,5992,7490,5,1,1,1,1,0.036,world,2.414659934,13.99896546,19.02025359
626.148,ab3dmot,1,0,0,0.2,2.250699159,2.275566401,2.672208805,0,5996,7495,5,1,1,1,1,0.236,world,2.412598664,13.99929212,19.02297584
626.148,sort,0.4105820106,8,1,0.1892450879,12.15814209,12.32154237,13.23094803,22,3890,4835,5,1,1,1,1,0.236,world,12.59144311,21.23045099,25.393775
626.192,ours,1,0,0,0.2,2.251970959,2.276033799,2.66502373,0,5996,7495,5,1,1,1,1,0.016,world,2.409548113,13.99814662,19.0214484
626.192,ab3dmot,1,0,0,0.2,2.250922655,2.275656242,2.672023052,0,6000,7500,5,1,1,1,1,0.212,world,2.406561134,13.99912678,19.02572022
626.192,sort,0.4101479915,8,1,0.1892561983,12.15890163,12.32183774,13.23078797,22,3894,4840,5,1,1,1,1,0.18,world,12.59786157,21.24695942,25.41725291
626.208,ours,1,0,0,0.2,2.25205236,2.276121519,2.664841542,0,6000,7500,5,1,1,1,1,0.008,world,2.404018374,13.99799126,19.0240305
626.208,ab3dmot,1,0,0,0.2,2.251146152,2.275742143,2.6718373,0,6004,7505,5,1,1,1,1,0.164,world,2.401136541,13.99904133,19.02822154
626.208,sort,0.4097148891,8,1,0.1892672859,12.15966117,12.32198277,13.23062791,22,3898,4845,5,1,1,1,1,0.096,world,12.45843199,20.89680459,24.91512849
626.28,ours,1,0,0,0.2,2.252133761,2.276202679,2.664659354,0,6004,7505,5,1,1,1,1,0.024,world,2.394848016,13.99604207,19.02500096
626.28,ab3dmot,1,0,0,0.2,2.25116219,2.275821888,2.671641811,0,6008,7510,5,1,1,1,1,0.2,world,2.392525117,13.99690178,19.02838419
626.28,sort,0.4092827004,8,1,0.1892783505,12.16053648,12.32203017,13.23046784,22,3902,4850,5,1,1,1,1,0.108,world,12.36683148,20.64816921,24.55380969
626.32,ours,1,0,0,0.2,2.252182114,2.276280848,2.664570929,0,6008,7510,5,1,1,1,1,0.012,world,2.39073247,13.99470765,19.02454496
626.32,ab3dmot,1,0,0,0.2,2.251178228,2.275898646,2.671446323,0,6012,7515,5,1,1,1,1,0.244,world,2.388406429,13.99556675,19.02792832
626.32,sort,0.4088514226,8,1,0.1892893924,12.16141179,12.3220147,13.23030778,22,3906,4855,5,1,1,1,1,0.08,world,12.30733705,20.4647258,24.28225092
626.392,ours,1,0,0,0.2,2.252230468,2.276352998,2.664482504,0,6012,7515,5,1,1,1,1,0.036,world,2.382257186,13.99196927,19.02362084
626.392,ab3dmot,1,0,0,0.2,2.251835546,2.275969392,2.671250834,0,6016,7520,5,1,1,1,1,0.312,world,2.379924554,13.9928271,19.02700448
626.392,sort,0.4084210526,8,1,0.1893004115,12.16143828,12.32196362,13.23014772,22,3910,4860,5,1,1,1,1,0.148,world,12.27339967,20.37338388,24.14943055
626.452,ours,1,0,0,0.2,2.252344535,2.276418948,2.664394079,0,6016,7520,5,1,1,1,1,0.036,world,2.373472499,13.98914379,19.02268282
626.452,ab3dmot,1,0,0,0.2,2.252492865,2.276033945,2.671055346,0,6020,7525,5,1,1,1,1,0.372,world,2.371132876,13.99000025,19.02606672
626.452,sort,0.4079915878,8,1,0.189311408,12.16146477,12.3218859,13.22998765,22,3914,4865,5,1,1,1,1,0.208,world,12.24782625,20.30973775,24.0579543
626.496,ours,1,0,0,0.2,2.252458601,2.276481264,2.664305654,0,6020,7525,5,1,1,1,1,0.02,world,2.368348659,13.98794386,19.02311638
626.496,ab3dmot,1,0,0,0.2,2.252642968,2.276095697,2.670859857,0,6024,7530,5,1,1,1,1,0.352,world,2.367207453,13.98874656,19.0250056
626.496,sort,0.4075630252,8,1,0.1893223819,12.16206199,12.32180287,13.22982759,22,3918,4870,5,1,1,1,1,0.256,world,12.24258211,20.30596467,24.05466723
626.516,ours,1,0,0,0.2,2.25246199,2.276541182,2.664217229,0,6024,7530,5,1,1,1,1,0.016,world,2.364998886,13.9863768,19.02109516
626.516,ab3dmot,1,0,0,0.2,2.252793071,2.276155079,2.670664369,0,6028,7535,5,1,1,1,1,0.312,world,2.363892392,13.98763844,19.02322945
626.516,sort,0.407135362,8,1,0.1893333333,12.16265922,12.32171444,13.22966753,22,3922,4875,5,1,1,1,1,0.276,world,12.23724509,20.30215924,24.05138332
626.572,ours,1,0,0,0.2,2.252465379,2.276597689,2.664128805,0,6028,7535,5,1,1,1,1,0.004,world,2.360162018,13.98607705,19.02160645
626.572,ab3dmot,1,0,0,0.2,2.253047246,2.27621058,2.67046888,0,6032,7540,5,1,1,1,1,0.296,world,2.358366632,13.98825351,19.02515532
626.572,sort,0.4067085954,8,1,0.1893442623,12.1626898,12.32162055,13.22950746,22,3926,4880,5,1,1,1,1,0.328,world,12.23181807,20.29832355,24.04810442
626.604,ours,1,0,0,0.2,2.252685916,2.276650195,2.66404038,0,6032,7540,5,1,1,1,1,0.008,world,2.354446483,13.98648604,19.02356245
626.604,ab3dmot,1,0,0,0.2,2.25330142,2.276261859,2.670273392,0,6036,7545,5,1,1,1,1,0.26,world,2.35231924,13.99013395,19.02847382
626.604,sort,0.4062827225,8,1,0.1893551689,12.16272039,12.3214712,13.2293474,22,3930,4885,5,1,1,1,1,0.164,world,12.17815335,20.08561296,23.72355215
626.672,ours,1,0,0,0.2,2.252906453,2.276695265,2.663951955,0,6036,7545,5,1,1,1,1,0.032,world,2.343674407,13.98612598,19.02574617
626.672,ab3dmot,1,0,0,0.2,2.253314137,2.276305815,2.670077904,0,6040,7550,5,1,1,1,1,0.264,world,2.341695782,13.98992775,19.03060235
626.672,sort,0.4058577406,8,1,0.1893660532,12.16287673,12.32130653,13.22918733,22,3934,4890,5,1,1,1,1,0.232,world,12.16303307,20.06333468,23.69500726
626.704,ours,1,0,0,0.2,2.252914871,2.276736445,2.66386353,0,6040,7550,5,1,1,1,1,0.004,world,2.338050749,13.98632601,19.0272861
626.704,ab3dmot,1,0,0,0.2,2.253326854,2.276346261,2.669882415,0,6044,7555,5,1,1,1,1,0.264,world,2.336621596,13.98906711,19.03079673
626.704,sort,0.4054336468,8,1,0.1893769152,12.16272039,12.32113371,13.22902727,22,3938,4895,5,1,1,1,1,0.264,world,12.1547867,20.04993773,23.67735332
626.772,ours,1,0,0,0.2,2.252923289,2.276770834,2.663775105,0,6044,7555,5,1,1,1,1,0.02,world,2.328119814,13.98319445,19.02631744
626.772,ab3dmot,1,0,0,0.2,2.253461025,2.276379922,2.669686927,0,6048,7560,5,1,1,1,1,0.332,world,2.32668463,13.98593483,19.02982824
626.772,sort,0.4050104384,8,1,0.1893877551,12.1626898,12.32094893,13.22886721,22,3942,4900,5,1,1,1,1,0.332,world,12.14283144,20.04097321,23.66930323
626.8,ours,1,0,0,0.2,2.253396092,2.276801712,2.66368668,0,6048,7560,5,1,1,1,1,0.012,world,2.322988951,13.98204548,19.02622992
626.8,ab3dmot,1,0,0,0.2,2.253595195,2.276410279,2.669491438,0,6052,7565,5,1,1,1,1,0.292,world,2.321856742,13.98465641,19.02930179
626.8,sort,0.4045881126,8,1,0.1893985729,12.16265922,12.3207513,13.22870714,22,3946,4905,5,1,1,1,1,0.324,world,12.1299412,20.00141556,23.61060523
626.84,ours,1,0,0,0.2,2.253868895,2.276829091,2.663598255,0,6052,7565,5,1,1,1,1,0.024,world,2.317856285,13.98074705,19.02600011
626.84,ab3dmot,1,0,0,0.2,2.253653775,2.276436137,2.66929595,0,6056,7570,5,1,1,1,1,0.268,world,2.31522832,13.98339522,19.03083452
626.84,sort,0.4041666667,8,1,0.1894093686,12.16206199,12.32053002,13.22854708,22,3950,4910,5,1,1,1,1,0.24,world,12.10645747,19.9007802,23.45551494
626.88,ours,1,0,0,0.2,2.254241458,2.276851209,2.663509831,0,6056,7570,5,1,1,1,1,0.008,world,2.310072814,13.98034984,19.02941916
626.88,ab3dmot,1,0,0,0.2,2.253712355,2.276458291,2.669100461,0,6060,7575,5,1,1,1,1,0.24,world,2.309756641,13.98172804,19.03070558
626.88,sort,0.4037460978,8,1,0.1894201424,12.16146477,12.32028807,13.22838702,22,3954,4915,5,1,1,1,1,0.176,world,12.08578501,19.80348899,23.30456641
626.928,ours,1,0,0,0.2,2.254614021,2.276872124,2.663421406,0,6060,7575,5,1,1,1,1,0.028,world,2.30832085,13.977294,19.02399949
626.928,ab3dmot,1,0,0,0.2,2.253864503,2.276479715,2.668904973,0,6064,7580,5,1,1,1,1,0.224,world,2.308708298,13.97798234,19.02401362
626.928,sort,0.4033264033,8,1,0.1894308943,12.16143828,12.32004019,13.22830414,22,3958,4920,5,1,1,1,1,0.228,world,12.07947777,19.79849676,23.29989016
627,ours,1,0,0,0.2,2.25463666,2.276885725,2.663332981,0,6064,7580,5,1,1,1,1,0.032,world,2.297397917,13.97424909,19.02374075
627,ab3dmot,1,0,0,0.2,2.254016652,2.276493742,2.668709484,0,6068,7585,5,1,1,1,1,0.26,world,2.29766064,13.97482534,19.0238233
627,sort,0.4029075805,8,1,0.1894416244,12.16141179,12.31977996,13.22822127,22,3962,4925,5,1,1,1,1,0.296,world,12.06683578,19.78942398,23.29209112
627.048,ours,1,0,0,0.2,2.254659298,2.276892301,2.663244556,0,6068,7585,5,1,1,1,1,0.044,world,2.28684033,13.97105506,19.02278428
627.048,ab3dmot,1,0,0,0.2,2.25402065,2.276500748,2.668513996,0,6072,7590,5,1,1,1,1,0.308,world,2.287103929,13.97163166,19.02286682
627.048,sort,0.4024896266,8,1,0.1894523327,12.16053648,12.31952314,13.2281384,22,3966,4930,5,1,1,1,1,0.348,world,12.06967451,19.8825831,23.44536835
627.1,ours,1,0,0,0.2,2.254659298,2.276895355,2.663156131,0,6072,7590,5,1,1,1,1,0.02,world,2.281523443,13.9693234,19.02230904
627.1,ab3dmot,1,0,0,0.2,2.254024647,2.276504233,2.668318508,0,6076,7595,5,1,1,1,1,0.36,world,2.281787495,13.96990018,19.02239158
627.1,sort,0.4020725389,8,1,0.1894630193,12.15966117,12.31927132,13.22805552,22,3970,4935,5,1,1,1,1,0.396,world,12.07407007,19.94014099,23.53998755
627.136,ours,1,0,0,0.2,2.254659298,2.276895869,2.663067706,0,6076,7595,5,1,1,1,1,0.008,world,2.27767567,13.96703869,19.01970223
627.136,ab3dmot,1,0,0,0.2,2.254140726,2.27650484,2.668123019,0,6080,7600,5,1,1,1,1,0.332,world,2.277427253,13.96772475,19.02044696
627.136,sort,0.4016563147,8,1,0.1894736842,12.15890163,12.31901348,13.22797265,22,3974,4940,5,1,1,1,1,0.332,world,12.06763299,19.93597465,23.53638803
627.188,ours,1,0,0,0.2,2.254673615,2.276891537,2.662979281,0,6080,7600,5,1,1,1,1,0.02,world,2.270302177,13.96655842,19.02232861
627.188,ab3dmot,1,0,0,0.2,2.254256804,2.276499831,2.667927531,0,6084,7605,5,1,1,1,1,0.316,world,2.26887264,13.96759434,19.0246599
627.188,sort,0.4012409514,8,1,0.1894843276,12.15814209,12.31874983,13.22788978,22,3978,4945,5,1,1,1,1,0.192,world,12.06136539,19.92780576,23.52572443
627.232,ours,1,0,0,0.2,2.254687931,2.276878548,2.662890857,0,6084,7605,5,1,1,1,1,0.032,world,2.257048701,13.96453461,19.02510887
627.232,ab3dmot,1,0,0,0.2,2.254140726,2.276484898,2.667715754,0,6088,7610,5,1,1,1,1,0.264,world,2.253658214,13.96549305,19.02964531
627.232,sort,0.4008264463,8,1,0.1894949495,12.15794939,12.3184735,13.2278069,22,3982,4950,5,1,1,1,1,0.232,world,12.04830399,19.91974391,23.51990932
627.292,ours,1,0,0,0.2,2.254673615,2.27686011,2.662770862,0,6088,7610,5,1,1,1,1,0.028,world,2.248641581,13.96238418,19.02778953
627.292,ab3dmot,1,0,0,0.2,2.254024647,2.276465172,2.667503978,0,6092,7615,5,1,1,1,1,0.228,world,2.246241409,13.96106636,19.02975711
627.292,sort,0.4004127967,8,1,0.1895055499,12.15775669,12.31819112,13.22772403,22,3986,4955,5,1,1,1,1,0.296,world,12.04173546,19.91573246,23.51706096
627.364,ours,1,0,0,0.2,2.254659298,2.276832197,2.662650867,0,6092,7615,5,1,1,1,1,0.032,world,2.233944143,13.95817417,19.03082263
627.364,ab3dmot,1,0,0,0.2,2.25402065,2.276434758,2.667292202,0,6096,7620,5,1,1,1,1,0.164,world,2.229631742,13.95749005,19.03554016
627.364,sort,0.4,8,1,0.189516129,12.15749906,12.31788574,13.22764116,22,3990,4960,5,1,1,1,1,0.164,world,12.01832874,19.85794613,23.43332604
627.464,ours,1,0,0,0.2,2.254659298,2.27679256,2.662530873,0,6096,7620,5,1,1,1,1,0.032,world,2.215602193,13.95338731,19.03202897
627.464,ab3dmot,1,0,0,0.2,2.254016652,2.276393955,2.667080425,0,6100,7625,5,1,1,1,1,0.264,world,2.213337224,13.95252854,19.03420413
627.464,sort,0.3995880536,8,1,0.1895266868,12.15724143,12.31756394,13.22755828,22,3994,4965,5,1,1,1,1,0.264,world,12.00135931,19.86752336,23.45924605
627.552,ours,1,0,0,0.2,2.254659298,2.276742671,2.662410878,0,6100,7625,5,1,1,1,1,0.052,world,2.199397908,13.94847763,19.03073402
627.552,ab3dmot,1,0,0,0.2,2.253864503,2.276339801,2.666868649,0,6104,7630,5,1,1,1,1,0.284,world,2.192199143,13.95012305,19.0402498
627.552,sort,0.3991769547,8,1,0.1895372233,12.15644438,12.31722461,13.22747541,22,3998,4970,5,1,1,1,1,0.352,world,11.98319725,19.86839469,23.47137407
627.604,ours,1,0,0,0.2,2.25463666,2.276685707,2.662290884,0,6104,7630,5,1,1,1,1,0.008,world,2.188090073,13.94976606,19.03905471
627.604,ab3dmot,1,0,0,0.2,2.253712355,2.27628119,2.666656872,0,6108,7635,5,1,1,1,1,0.272,world,2.18500852,13.94991722,19.04281225
627.604,sort,0.3987667009,8,1,0.1895477387,12.15564732,12.31687332,13.22739254,22,4002,4975,5,1,1,1,1,0.276,world,11.97054687,19.83687332,23.42557608
627.696,ours,1,0,0,0.2,2.254614021,2.276618769,2.662170889,0,6108,7635,5,1,1,1,1,0.02,world,2.172069144,13.94494865,19.03782381
627.696,ab3dmot,1,0,0,0.2,2.253685284,2.276211771,2.666445096,0,6112,7640,5,1,1,1,1,0.332,world,2.16761818,13.94651719,19.04401422
627.696,sort,0.3983572895,8,1,0.1895582329,12.15545236,12.31649683,13.22730966,22,4006,4980,5,1,1,1,1,0.2,world,11.94455333,19.80464533,23.38650341
627.76,ours,1,0,0,0.2,2.254241458,2.276547129,2.662050895,0,6112,7640,5,1,1,1,1,0.048,world,2.164388726,13.94623303,19.04195459
627.76,ab3dmot,1,0,0,0.2,2.253658214,2.276139028,2.66623332,0,6116,7645,5,1,1,1,1,0.296,world,2.162130783,13.94800547,19.04567038
627.76,sort,0.3979487179,8,1,0.1895687061,12.15525739,12.31611694,13.22722679,22,4010,4985,5,1,1,1,1,0.264,world,11.94036576,19.8218712,23.41784993
627.796,ours,1,0,0,0.2,2.253868895,2.276472565,2.6619309,0,6116,7645,5,1,1,1,1,0.028,world,2.159533627,13.94579333,19.04178241
627.796,ab3dmot,1,0,0,0.2,2.253626705,2.276063822,2.666021543,0,6120,7650,5,1,1,1,1,0.3,world,2.158009321,13.94683412,19.04419128
627.796,sort,0.3975409836,8,1,0.1895791583,12.15518761,12.31573128,13.22714392,22,4014,4990,5,1,1,1,1,0.3,world,11.93378091,19.81798377,23.41525331
627.86,ours,1,0,0,0.2,2.253396092,2.276391655,2.661810906,0,6120,7650,5,1,1,1,1,0.048,world,2.149119891,13.94268774,19.04101698
627.86,ab3dmot,1,0,0,0.2,2.253595195,2.275982273,2.665809767,0,6124,7655,5,1,1,1,1,0.364,world,2.147588479,13.94372715,19.04342592
627.86,sort,0.3971340839,8,1,0.1895895896,12.15511782,12.31533512,13.22706105,22,4018,4995,5,1,1,1,1,0.364,world,11.92240625,19.8243333,23.43266713
627.892,ours,1,0,0,0.2,2.252923289,2.276307957,2.661690911,0,6124,7655,5,1,1,1,1,0.024,world,2.14442667,13.94155722,19.04036833
627.892,ab3dmot,1,0,0,0.2,2.253461025,2.275898792,2.66559799,0,6128,7660,5,1,1,1,1,0.328,world,2.144282061,13.94310168,19.04150019
627.892,sort,0.3967280164,8,1,0.1896,12.15495226,12.31493306,13.22697817,22,4022,5000,5,1,1,1,1,0.364,world,11.9156406,19.82369907,23.43553984
627.96,ours,1,0,0,0.2,2.252914871,2.276218521,2.661570917,0,6128,7660,5,1,1,1,1,0.04,world,2.134903299,13.94072553,19.0402898
627.96,ab3dmot,1,0,0,0.2,2.253326854,2.275809746,2.665386214,0,6132,7665,5,1,1,1,1,0.296,world,2.13503495,13.94150697,19.04064271
627.96,sort,0.3963227783,8,1,0.1896103896,12.1547867,12.31450542,13.2268953,22,4026,5005,5,1,1,1,1,0.164,world,11.88891917,19.74756246,23.3230469
628.032,ours,1,0,0,0.2,2.252906453,2.276122366,2.661450922,0,6132,7665,5,1,1,1,1,0.032,world,2.123706306,13.93704916,19.04051923
628.032,ab3dmot,1,0,0,0.2,2.253314137,2.275714234,2.665174438,0,6136,7670,5,1,1,1,1,0.272,world,2.124249995,13.93652606,19.03957432
628.032,sort,0.3959183673,8,1,0.1896207585,12.1547247,12.31406016,13.22681243,22,4030,5010,5,1,1,1,1,0.108,world,11.87014045,19.70807176,23.26767569
628.1,ours,1,0,0,0.2,2.252685916,2.27602048,2.661330928,0,6136,7670,5,1,1,1,1,0.008,world,2.114063246,13.93215647,19.03846609
628.1,ab3dmot,1,0,0,0.2,2.25330142,2.275615459,2.664962661,0,6140,7675,5,1,1,1,1,0.176,world,2.118679506,13.9277544,19.03051615
628.1,sort,0.3955147808,8,1,0.1896311067,12.15466271,12.31360364,13.22672955,22,4034,5015,5,1,1,1,1,0.176,world,11.85777019,19.70150328,23.26407564
628.2,ours,1,0,0,0.2,2.252465379,2.275914299,2.661210933,0,6140,7675,5,1,1,1,1,0.044,world,2.106741903,13.92653748,19.03355838
628.2,ab3dmot,1,0,0,0.2,2.253047246,2.275511056,2.664750885,0,6144,7680,5,1,1,1,1,0.276,world,2.109169738,13.92453094,19.02957899
628.2,sort,0.3951120163,8,1,0.1896414343,12.15463887,12.31313615,13.22633594,22,4038,5020,5,1,1,1,1,0.276,world,11.84564277,19.69343304,23.2594033
628.284,ours,1,0,0,0.2,2.25246199,2.275802468,2.661090939,0,6144,7680,5,1,1,1,1,0.032,world,2.097123982,13.91985415,19.02637117
628.284,ab3dmot,1,0,0,0.2,2.252793071,2.275403733,2.664539109,0,6148,7685,5,1,1,1,1,0.26,world,2.104103797,13.91429372,19.01513494
628.284,sort,0.3947100712,8,1,0.1896517413,12.15461504,12.31265237,13.22594234,22,4042,5025,5,1,1,1,1,0.36,world,11.82803541,19.68657366,23.25691801
628.356,ours,1,0,0,0.2,2.252458601,2.275690077,2.660970944,0,6148,7685,5,1,1,1,1,0.052,world,2.095954528,13.91166422,19.01380321
628.356,ab3dmot,1,0,0,0.2,2.252642968,2.275298831,2.664327332,0,6152,7690,5,1,1,1,1,0.2,world,2.107902653,13.90389398,18.99575011
628.356,sort,0.3943089431,8,1,0.1896620278,12.15407977,12.3121633,13.22554873,22,4046,5030,5,1,1,1,1,0.1,world,11.82162295,19.73720754,23.34553449
628.436,ours,1,0,0,0.2,2.252344535,2.275577655,2.66085095,0,6152,7690,5,1,1,1,1,0.044,world,2.095669262,13.90416056,19.00107184
628.436,ab3dmot,1,0,0,0.2,2.252492865,2.275191407,2.664115556,0,6156,7695,5,1,1,1,1,0.212,world,2.103491363,13.8991467,18.98935867
628.436,sort,0.3939086294,8,1,0.1896722939,12.1535445,12.31167009,13.22515512,22,4050,5035,5,1,1,1,1,0.184,world,11.81637976,19.76770365,23.40007822
628.52,ours,1,0,0,0.2,2.252230468,2.275460494,2.660730955,0,6156,7695,5,1,1,1,1,0.032,world,2.08749905,13.90180582,19.00060007
628.52,ab3dmot,1,0,0,0.2,2.251835546,2.275079241,2.663903779,0,6160,7700,5,1,1,1,1,0.296,world,2.095351579,13.89679802,18.98888677
628.52,sort,0.3935091278,8,1,0.1896825397,12.15295756,12.31117014,13.22476151,22,4054,5040,5,1,1,1,1,0.264,world,11.80844269,19.7791302,23.42415539
628.616,ours,1,0,0,0.2,2.252182114,2.275339879,2.66061096,0,6160,7700,5,1,1,1,1,0.028,world,2.081446866,13.89394385,18.99107525
628.616,ab3dmot,1,0,0,0.2,2.251178228,2.274963797,2.663692003,0,6164,7705,5,1,1,1,1,0.232,world,2.089625442,13.88785152,18.97842197
628.616,sort,0.3931104357,8,1,0.1896927651,12.15237061,12.31065618,13.2243679,22,4058,5045,5,1,1,1,1,0.264,world,11.7929945,19.77690358,23.4297519
628.7,ours,1,0,0,0.2,2.252133761,2.275216116,2.660490966,0,6164,7705,5,1,1,1,1,0.028,world,2.075884872,13.89001006,18.98767367
628.7,ab3dmot,1,0,0,0.2,2.25116219,2.274842347,2.663489023,0,6168,7710,5,1,1,1,1,0.18,world,2.079277403,13.88787598,18.98267005
628.7,sort,0.3927125506,8,1,0.1897029703,12.15204022,12.31014822,13.22397429,22,4062,5050,5,1,1,1,1,0.112,world,11.79814013,19.85589854,23.55911725
628.736,ours,1,0,0,0.2,2.25205236,2.275089812,2.660370767,0,6168,7710,5,1,1,1,1,0.02,world,2.07132495,13.88940923,18.98888654
628.736,ab3dmot,1,0,0,0.2,2.251146152,2.274716896,2.663286043,0,6172,7715,5,1,1,1,1,0.116,world,2.072256296,13.88840389,18.98726527
628.736,sort,0.3923154702,8,1,0.1897131553,12.15170983,12.30969589,13.22358069,22,4066,5055,5,1,1,1,1,0.116,world,11.85436286,20.10337203,23.94002578
628.8,ours,1,0,0,0.2,2.251970959,2.274952085,2.660250569,0,6172,7715,5,1,1,1,1,0.016,world,2.051607246,13.89884639,19.00961259
628.8,ab3dmot,1,0,0,0.2,2.250922655,2.274576874,2.663083064,0,6176,7720,5,1,1,1,1,0.12,world,2.047146428,13.90307311,19.01708971
628.8,sort,0.3919191919,8,1,0.1897233202,12.15149863,12.30928611,13.22318708,22,4070,5060,5,1,1,1,1,0.088,world,11.89710496,20.29632597,24.23696194
628.884,ours,1,0,0,0.2,2.251590181,2.274808998,2.66013037,0,6176,7720,5,1,1,1,1,0.024,world,2.042117266,13.89622063,19.00924247
628.884,ab3dmot,1,0,0,0.2,2.250699159,2.274431497,2.662880084,0,6180,7725,5,1,1,1,1,0.2,world,2.0376352,13.90044336,19.01671959
628.884,sort,0.3915237134,8,1,0.189733465,12.15128743,12.3089061,13.22279347,22,4074,5065,5,1,1,1,1,0.1,world,11.92676247,20.4339781,24.44942841
628.964,ours,1,0,0,0.2,2.251209403,2.274662702,2.660010171,0,6180,7725,5,1,1,1,1,0.052,world,2.036284312,13.89463005,19.00905487
628.964,ab3dmot,1,0,0,0.2,2.250505611,2.274282916,2.662677104,0,6184,7730,5,1,1,1,1,0.28,world,2.031788997,13.89885027,19.01653197
628.964,sort,0.3911290323,8,1,0.1897435897,12.15080612,12.30855902,13.22239986,22,4078,5070,5,1,1,1,1,0.112,world,11.95965042,20.54521657,24.61637814
629.016,ours,1,0,0,0.2,2.251148249,2.274511638,2.659889973,0,6184,7730,5,1,1,1,1,0.016,world,2.027721313,13.89887566,19.01833898
629.016,ab3dmot,1,0,0,0.2,2.250312063,2.274125184,2.662474124,0,6188,7735,5,1,1,1,1,0.232,world,2.015564895,13.90909502,19.03789918
629.016,sort,0.390735146,8,1,0.1897536946,12.15032481,12.3082256,13.22200625,22,4082,5075,5,1,1,1,1,0.164,world,11.97290158,20.58710173,24.67891874
629.052,ours,1,0,0,0.2,2.251087095,2.274354927,2.659769774,0,6188,7735,5,1,1,1,1,0.004,world,2.017575111,13.90360186,19.02975176
629.052,ab3dmot,1,0,0,0.2,2.250225859,2.273965746,2.662271144,0,6192,7740,5,1,1,1,1,0.172,world,2.012244704,13.907018,19.037665
629.052,sort,0.3903420523,8,1,0.1897637795,12.15028293,12.30788932,13.22161265,22,4086,5080,5,1,1,1,1,0.208,world,11.9693027,20.58600772,24.67931599
629.128,ours,1,0,0,0.2,2.250821132,2.274197269,2.659649575,0,6192,7740,5,1,1,1,1,0.032,world,2.015589378,13.89836193,19.0239323
629.128,ab3dmot,1,0,0,0.2,2.250139655,2.273807077,2.662068164,0,6196,7745,5,1,1,1,1,0.18,world,2.013251025,13.89904248,19.02689479
629.128,sort,0.3899497487,8,1,0.1897738446,12.15024105,12.30759826,13.22121904,22,4090,5085,5,1,1,1,1,0.144,world,12.01479784,20.72168227,24.87973855
629.2,ours,1,0,0,0.2,2.25055517,2.274038295,2.659529377,0,6196,7745,5,1,1,1,1,0.02,world,2.01294885,13.89504333,19.02046105
629.2,ab3dmot,1,0,0,0.2,2.249763718,2.273645967,2.661865185,0,6200,7750,5,1,1,1,1,0.252,world,2.008633617,13.89784875,19.02685772
629.2,sort,0.3895582329,8,1,0.18978389,12.14970982,12.30730455,13.22082543,22,4094,5090,5,1,1,1,1,0.216,world,12.01149698,20.72645156,24.89003559
629.28,ours,1,0,0,0.2,2.250144565,2.27387732,2.659409178,0,6200,7750,5,1,1,1,1,0.044,world,2.009103376,13.89109144,19.01659895
629.28,ab3dmot,1,0,0,0.2,2.249387781,2.273485739,2.661662205,0,6204,7755,5,1,1,1,1,0.264,world,2.009835898,13.888946,19.01452967
629.28,sort,0.3891675025,8,1,0.1897939156,12.14917859,12.30700538,13.22043182,22,4098,5095,5,1,1,1,1,0.296,world,12.00533049,20.72953196,24.89927117
629.344,ours,1,0,0,0.2,2.24973396,2.273719171,2.659288979,0,6204,7755,5,1,1,1,1,0.036,world,2.013713932,13.88408128,19.00576412
629.344,ab3dmot,1,0,0,0.2,2.249203625,2.273329879,2.661459225,0,6208,7760,5,1,1,1,1,0.232,world,2.017148055,13.87952413,18.99938578
629.344,sort,0.3887775551,8,1,0.1898039216,12.14911456,12.30670434,13.22003821,22,4102,5100,5,1,1,1,1,0.36,world,12.00281863,20.72917095,24.90026172
629.4,ours,1,0,0,0.2,2.249645793,2.273563515,2.659168781,0,6208,7760,5,1,1,1,1,0.02,world,2.017739458,13.87502579,18.99316457
629.4,ab3dmot,1,0,0,0.2,2.249019468,2.273177458,2.661256245,0,6212,7765,5,1,1,1,1,0.152,world,2.02282647,13.86872773,18.98410333
629.4,sort,0.3883883884,8,1,0.1898139079,12.14905052,12.30633699,13.2196446,22,4106,5105,5,1,1,1,1,0.088,world,11.93408081,20.561759,24.66232239
629.496,ours,1,0,0,0.2,2.249557627,2.273408143,2.659048582,0,6212,7765,5,1,1,1,1,0.052,world,2.017903917,13.87102781,18.98819637
629.496,ab3dmot,1,0,0,0.2,2.248830346,2.273024572,2.661053265,0,6216,7770,5,1,1,1,1,0.216,world,2.021688944,13.86641791,18.98152552
629.496,sort,0.388,8,1,0.1898238748,12.14901272,12.30589312,13.219251,22,4110,5110,5,1,1,1,1,0.116,world,11.85417027,20.33852702,24.33721547
629.564,ours,1,0,0,0.2,2.249503172,2.273251611,2.658928384,0,6216,7770,5,1,1,1,1,0.048,world,2.015541889,13.87056091,18.98843665
629.564,ab3dmot,1,0,0,0.2,2.248641224,2.272871614,2.660850285,0,6220,7775,5,1,1,1,1,0.252,world,2.021236143,13.86423095,18.97873794
629.564,sort,0.3876123876,8,1,0.1898338221,12.14897491,12.30540728,13.21885739,22,4114,5115,5,1,1,1,1,0.184,world,11.80956647,20.20394508,24.1390337
629.608,ours,1,0,0,0.2,2.249448717,2.273095823,2.658808185,0,6220,7775,5,1,1,1,1,0.028,world,2.016512307,13.86738002,18.98400326
629.608,ab3dmot,1,0,0,0.2,2.248301816,2.272719453,2.660647306,0,6224,7780,5,1,1,1,1,0.228,world,2.022307075,13.86128301,18.97434924
629.608,sort,0.3872255489,8,1,0.18984375,12.14800125,12.30489517,13.21868012,22,4118,5120,5,1,1,1,1,0.196,world,11.78111477,20.11451628,24.00672794
629.696,ours,1,0,0,0.2,2.249350332,2.272939739,2.658687986,0,6224,7780,5,1,1,1,1,0.024,world,2.015659005,13.86742672,18.98381201
629.696,ab3dmot,1,0,0,0.2,2.247962408,2.272566076,2.660444326,0,6228,7785,5,1,1,1,1,0.188,world,2.019852138,13.86413327,18.97740331
629.696,sort,0.3868394816,8,1,0.1898536585,12.1470276,12.30435494,13.21850286,22,4122,5125,5,1,1,1,1,0.12,world,11.75056696,20.00778828,23.84679902
629.764,ours,1,0,0,0.2,2.249251947,2.272786107,2.658567788,0,6228,7785,5,1,1,1,1,0.044,world,2.019626543,13.86414583,18.97698944
629.764,ab3dmot,1,0,0,0.2,2.24766379,2.272414619,2.660241346,0,6232,7790,5,1,1,1,1,0.188,world,2.022887163,13.86180953,18.97213579
629.764,sort,0.3864541833,8,1,0.1898635478,12.14691381,12.30379619,13.21832559,22,4126,5130,5,1,1,1,1,0.088,world,11.72998683,19.92770189,23.72528929
629.804,ours,1,0,0,0.2,2.249180853,2.272632475,2.658447589,0,6232,7790,5,1,1,1,1,0.016,world,2.019301038,13.86419287,18.97722225
629.804,ab3dmot,1,0,0,0.2,2.247365171,2.27226316,2.660038366,0,6236,7795,5,1,1,1,1,0.228,world,2.022562505,13.8618568,18.97236868
629.804,sort,0.3860696517,8,1,0.1898734177,12.14680002,12.30322723,13.21814833,22,4130,5135,5,1,1,1,1,0.068,world,11.71806094,19.87469106,23.64369504
629.856,ours,1,0,0,0.2,2.24910976,2.27247891,2.65832739,0,6236,7795,5,1,1,1,1,0.044,world,2.019089369,13.86427749,18.97747049
629.856,ab3dmot,1,0,0,0.2,2.247356825,2.272111765,2.659835386,0,6240,7800,5,1,1,1,1,0.28,world,2.022351502,13.86194162,18.97261701
629.856,sort,0.3856858847,8,1,0.1898832685,12.14668795,12.30265521,13.21797106,22,4134,5140,5,1,1,1,1,0.116,world,11.71365433,19.85442281,23.61240003
629.896,ours,1,0,0,0.2,2.24887567,2.272325485,2.658207192,0,6240,7800,5,1,1,1,1,0.016,world,2.019007385,13.86456741,18.97801354
629.896,ab3dmot,1,0,0,0.2,2.247348479,2.271960507,2.659632406,0,6244,7805,5,1,1,1,1,0.32,world,2.02227031,13.86223181,18.97316025
629.896,sort,0.3853028798,8,1,0.1898931001,12.14657587,12.30208143,13.2177938,22,4138,5145,5,1,1,1,1,0.16,world,11.71063135,19.84233921,23.59402811
629.9,ours,1,0,0,0.2,2.248641581,2.272172246,2.658086993,0,6244,7805,5,1,1,1,1,0,world,2.019007385,13.86455955,18.97801354
629.9,ab3dmot,1,0,0,0.2,2.247229824,2.27181061,2.659611239,0,6248,7810,5,1,1,1,1,0.292,world,2.024334374,13.86112593,18.97029565
629.9,sort,0.3849206349,8,1,0.1899029126,12.14628214,12.30150698,13.21761653,22,4142,5150,5,1,1,1,1,0.16,world,11.70874618,19.83181524,23.57758721
629.948,ours,1,0,0,0.2,2.248171767,2.272020291,2.657618584,0,6248,7810,5,1,1,1,1,0.044,world,2.020936523,13.8636597,18.9757331
629.948,ab3dmot,1,0,0,0.2,2.247111168,2.271663292,2.659590072,0,6252,7815,5,1,1,1,1,0.272,world,2.028534564,13.85908201,18.96490849
629.948,sort,0.3845391477,8,1,0.1899127061,12.14598842,12.3009299,13.21743927,22,4146,5155,5,1,1,1,1,0.172,world,11.70477316,19.81212708,23.54708064
630.004,ours,1,0,0,0.2,2.247701954,2.27187236,2.657150175,0,6252,7815,5,1,1,1,1,0.012,world,2.0276738,13.86040563,18.96758846
630.004,ab3dmot,1,0,0,0.2,2.24687725,2.271518498,2.659568905,0,6256,7820,5,1,1,1,1,0.228,world,2.032636601,13.85801099,18.96085228
630.004,sort,0.3841584158,8,1,0.1899224806,12.14586242,12.3003497,13.217262,22,4150,5160,5,1,1,1,1,0.164,world,11.7002718,19.78684342,23.50761979
630.1,ours,1,0,0,0.2,2.247279688,2.271726669,2.656681766,0,6256,7820,5,1,1,1,1,0.04,world,2.031279306,13.85975911,18.96477766
630.1,ab3dmot,1,0,0,0.2,2.246643332,2.271375143,2.659547738,0,6260,7825,5,1,1,1,1,0.292,world,2.034846409,13.85820122,18.96002828
630.1,sort,0.3837784372,8,1,0.1899322362,12.14573641,12.29976448,13.21708474,22,4154,5165,5,1,1,1,1,0.128,world,11.69374877,19.74539114,23.44221388
630.172,ours,1,0,0,0.2,2.246857422,2.271582009,2.656213357,0,6260,7825,5,1,1,1,1,0.036,world,2.032774008,13.86056595,18.96554182
630.172,ab3dmot,1,0,0,0.2,2.246442371,2.271232817,2.659526571,0,6264,7830,5,1,1,1,1,0.364,world,2.036339352,13.85900786,18.96079265
630.172,sort,0.3833992095,8,1,0.1899419729,12.14539228,12.29918205,13.21690747,22,4158,5170,5,1,1,1,1,0.2,world,11.69552053,19.74896341,23.44738139
630.212,ours,1,0,0,0.2,2.246593595,2.271438665,2.655744948,0,6264,7830,5,1,1,1,1,0.012,world,2.034767399,13.86035542,18.96440135
630.212,ab3dmot,1,0,0,0.2,2.246241409,2.271091955,2.659505405,0,6268,7835,5,1,1,1,1,0.308,world,2.038594354,13.85853891,18.95922654
630.212,sort,0.3830207305,8,1,0.1899516908,12.14504815,12.29860179,13.21673021,22,4162,5175,5,1,1,1,1,0.24,world,11.69663424,19.75088122,23.45005013
630.3,ours,1,0,0,0.2,2.246329769,2.271298609,2.655276539,0,6268,7835,5,1,1,1,1,0.032,world,2.040208457,13.86058528,18.96273474
630.3,ab3dmot,1,0,0,0.2,2.246130339,2.27094555,2.659484238,0,6272,7840,5,1,1,1,1,0.26,world,2.028588871,13.87271411,18.98216044
630.3,sort,0.382642998,8,1,0.18996139,12.14475114,12.29802663,13.21655294,22,4166,5180,5,1,1,1,1,0.328,world,11.70087889,19.75714989,23.45838081
630.372,ours,1,0,0,0.2,2.24625386,2.271155556,2.654808129,0,6272,7840,5,1,1,1,1,0.036,world,2.034672314,13.86990402,18.97726285
630.372,ab3dmot,1,0,0,0.2,2.246019269,2.270801121,2.659463071,0,6276,7845,5,1,1,1,1,0.2,world,2.031746403,13.87345293,18.98245712
630.372,sort,0.3822660099,8,1,0.1899710704,12.14445413,12.29744692,13.21637568,22,4170,5185,5,1,1,1,1,0.108,world,11.694836,19.7064673,23.37706772
630.436,ours,1,0,0,0.2,2.246177951,2.271014545,2.65433972,0,6276,7845,5,1,1,1,1,0.024,world,2.037942966,13.87146627,18.9783502
630.436,ab3dmot,1,0,0,0.2,2.245978401,2.270658689,2.659441904,0,6280,7850,5,1,1,1,1,0.232,world,2.034940662,13.8749295,18.98358413
630.436,sort,0.3818897638,8,1,0.1899807322,12.14445359,12.29687662,13.21619841,22,4174,5190,5,1,1,1,1,0.168,world,11.70370831,19.73916238,23.42659914
630.516,ours,1,0,0,0.2,2.245785481,2.270875807,2.653871311,0,6280,7850,5,1,1,1,1,0.036,world,2.041616027,13.87300253,18.97942811
630.516,ab3dmot,1,0,0,0.2,2.245937534,2.270518529,2.659420737,0,6284,7855,5,1,1,1,1,0.312,world,2.038618659,13.87646645,18.98466173
630.516,sort,0.3815142576,8,1,0.1899903754,12.14445304,12.29631443,13.21602115,22,4178,5195,5,1,1,1,1,0.248,world,11.71118912,19.76008287,23.45731333
630.568,ours,1,0,0,0.2,2.245393011,2.270737961,2.653402902,0,6284,7855,5,1,1,1,1,0.024,world,2.042881363,13.87481896,18.98134716
630.568,ab3dmot,1,0,0,0.2,2.245874874,2.270379156,2.65939957,0,6288,7860,5,1,1,1,1,0.232,world,2.039697518,13.87860826,18.9869817
630.568,sort,0.3811394892,8,1,0.19,12.14431725,12.2957574,13.21584389,22,4182,5200,5,1,1,1,1,0.3,world,11.7155606,19.77287015,23.47617522
630.6,ours,1,0,0,0.2,2.245391767,2.270601777,2.652934493,0,6288,7860,5,1,1,1,1,0.008,world,2.045490669,13.87640948,18.98178797
630.6,ab3dmot,1,0,0,0.2,2.245812215,2.270242145,2.659378403,0,6292,7865,5,1,1,1,1,0.168,world,2.043535313,13.87925084,18.98555644
630.6,sort,0.3807654563,8,1,0.1900096061,12.14418146,12.29519892,13.21566662,22,4186,5205,5,1,1,1,1,0.136,world,11.71286371,19.74831708,23.43678858
630.664,ours,1,0,0,0.2,2.245390523,2.270469339,2.652466084,0,6292,7865,5,1,1,1,1,0.032,world,2.051735707,13.87698519,18.98037814
630.664,ab3dmot,1,0,0,0.2,2.245694792,2.270109725,2.659357236,0,6296,7870,5,1,1,1,1,0.132,world,2.051256729,13.87815335,18.98157328
630.664,sort,0.3803921569,8,1,0.1900191939,12.14366474,12.29464617,13.21548936,22,4190,5210,5,1,1,1,1,0.096,world,11.71785144,19.75530492,23.44584891
630.732,ours,1,0,0,0.2,2.245379741,2.270340429,2.651997675,0,6296,7870,5,1,1,1,1,0.032,world,2.057590256,13.878288,18.98022276
630.732,ab3dmot,1,0,0,0.2,2.245577369,2.269980278,2.659336069,0,6300,7875,5,1,1,1,1,0.2,world,2.056154906,13.88010285,18.98283146
630.732,sort,0.3800195886,8,1,0.1900287632,12.14314803,12.2941023,13.21531209,22,4194,5215,5,1,1,1,1,0.164,world,11.72622638,19.77598277,23.47578819
630.772,ours,1,0,0,0.2,2.24536896,2.270213169,2.651529266,0,6300,7875,5,1,1,1,1,0.024,world,2.060185074,13.87931232,18.98087364
630.772,ab3dmot,1,0,0,0.2,2.245266342,2.269852482,2.659314902,0,6304,7880,5,1,1,1,1,0.24,world,2.058751429,13.88112741,18.98348225
630.772,sort,0.3796477495,8,1,0.1900383142,12.14298973,12.29356388,13.21498041,22,4198,5220,5,1,1,1,1,0.208,world,11.73094719,19.78867775,23.4943947
630.812,ours,1,0,0,0.2,2.245222162,2.270087614,2.651060857,0,6304,7880,5,1,1,1,1,0.012,world,2.062876516,13.88036931,18.98153874
630.812,ab3dmot,1,0,0,0.2,2.244955314,2.269726391,2.659293735,0,6308,7885,5,1,1,1,1,0.284,world,2.061444641,13.88218464,18.98414726
630.812,sort,0.3792766373,8,1,0.1900478469,12.14283144,12.29303066,13.21464873,22,4202,5225,5,1,1,1,1,0.252,world,11.7354217,19.79862323,23.50852816
630.896,ours,1,0,0,0.2,2.245075365,2.269965482,2.650592448,0,6308,7885,5,1,1,1,1,0.032,world,2.068544206,13.8825796,18.98291078
630.896,ab3dmot,1,0,0,0.2,2.244887735,2.269604891,2.659272568,0,6312,7890,5,1,1,1,1,0.296,world,2.069141083,13.88264405,18.98229662
630.896,sort,0.37890625,8,1,0.1900573614,12.14242531,12.29250606,13.21431705,22,4206,5230,5,1,1,1,1,0.328,world,11.74357309,19.81024587,23.52337813
630.964,ours,1,0,0,0.2,2.24506228,2.269848805,2.650124039,0,6312,7890,5,1,1,1,1,0.06,world,2.077712428,13.88233146,18.97942728
630.964,ab3dmot,1,0,0,0.2,2.244820157,2.269488841,2.659251401,0,6316,7895,5,1,1,1,1,0.264,world,2.078304278,13.88189952,18.97853199
630.964,sort,0.3785365854,8,1,0.1900668577,12.14201918,12.29198706,13.21398537,22,4210,5235,5,1,1,1,1,0.264,world,11.74850376,19.8052034,23.51225619
631.004,ours,1,0,0,0.2,2.245049196,2.269735269,2.64965563,0,6316,7895,5,1,1,1,1,0.004,world,2.082878465,13.88136771,18.97670927
631.004,ab3dmot,1,0,0,0.2,2.244545878,2.26937736,2.659230234,0,6320,7900,5,1,1,1,1,0.176,world,2.085930005,13.8786216,18.97180562
631.004,sort,0.3781676413,8,1,0.1900763359,12.14116223,12.29147017,13.21365369,22,4214,5240,5,1,1,1,1,0.14,world,11.74970749,19.80082295,23.50438493
631.1,ours,1,0,0,0.2,2.245008152,2.269629864,2.649187221,0,6320,7900,5,1,1,1,1,0.028,world,2.096595909,13.88225459,18.97319056
631.1,ab3dmot,1,0,0,0.2,2.244271599,2.269273461,2.659209067,0,6324,7905,5,1,1,1,1,0.136,world,2.098699322,13.88075804,18.97002741
631.1,sort,0.3777994158,8,1,0.190085796,12.14030528,12.29102134,13.213322,22,4218,5245,5,1,1,1,1,0.104,world,11.82154338,20.08087957,23.93109099
631.192,ours,1,0,0,0.2,2.244967109,2.269532508,2.648718812,0,6324,7905,5,1,1,1,1,0.032,world,2.110107213,13.88556064,18.972031
631.192,ab3dmot,1,0,0,0.2,2.244262207,2.269177106,2.658874438,0,6328,7910,5,1,1,1,1,0.164,world,2.111347881,13.88480125,18.97023033
631.192,sort,0.3774319066,8,1,0.1900952381,12.13997432,12.29063774,13.21299032,22,4222,5250,5,1,1,1,1,0.132,world,11.89015262,20.29438582,24.24804189
631.28,ours,1,0,0,0.2,2.244770496,2.269439696,2.6486512,0,6328,7910,5,1,1,1,1,0.044,world,2.117623549,13.88840165,18.97367586
631.28,ab3dmot,1,0,0,0.2,2.244252814,2.269085292,2.65853981,0,6332,7915,5,1,1,1,1,0.256,world,2.118859913,13.88764147,18.9718753
631.28,sort,0.3770651118,8,1,0.1901046622,12.13964337,12.2903167,13.21265864,22,4226,5255,5,1,1,1,1,0.124,world,11.9557309,20.48402668,24.52666739
631.32,ours,1,0,0,0.2,2.244573884,2.269349626,2.648583589,0,6332,7915,5,1,1,1,1,0.02,world,2.122077479,13.88986144,18.97386881
631.32,ab3dmot,1,0,0,0.2,2.244252814,2.268996371,2.658205181,0,6336,7920,5,1,1,1,1,0.224,world,2.123570975,13.88939276,18.97194977
631.32,sort,0.3766990291,8,1,0.1901140684,12.13958856,12.29004104,13.21232696,22,4230,5260,5,1,1,1,1,0.096,world,12.00303189,20.6126258,24.71386265
631.396,ours,1,0,0,0.2,2.243941853,2.269264618,2.648515977,0,6336,7920,5,1,1,1,1,0.02,world,2.130447898,13.89282231,18.97509821
631.396,ab3dmot,1,0,0,0.2,2.244252814,2.268912262,2.657870553,0,6340,7925,5,1,1,1,1,0.3,world,2.131521277,13.89238071,18.97365543
631.396,sort,0.3763336566,8,1,0.1901234568,12.13953375,12.2898102,13.21199528,22,4234,5265,5,1,1,1,1,0.104,world,12.04970009,20.72169256,24.86879345
631.456,ours,1,0,0,0.2,2.243309821,2.269184598,2.648448366,0,6340,7925,5,1,1,1,1,0.032,world,2.138677314,13.89590323,18.97684045
631.456,ab3dmot,1,0,0,0.2,2.244109845,2.268833138,2.657535924,0,6344,7930,5,1,1,1,1,0.36,world,2.13974658,13.8954608,18.97539776
631.456,sort,0.3759689922,8,1,0.1901328273,12.13941771,12.28959011,13.2116636,22,4238,5270,5,1,1,1,1,0.164,world,12.0605331,20.72968457,24.87585694
631.5,ours,1,0,0,0.2,2.243309821,2.269107184,2.648380754,0,6344,7930,5,1,1,1,1,0.008,world,2.142894251,13.89783654,18.97792667
631.5,ab3dmot,1,0,0,0.2,2.243966876,2.268756342,2.657201296,0,6348,7935,5,1,1,1,1,0.34,world,2.143499323,13.89850575,18.97764312
631.5,sort,0.3756050339,8,1,0.1901421801,12.13930168,12.2893757,13.21133192,22,4242,5275,5,1,1,1,1,0.208,world,12.06607661,20.73372572,24.87938496
631.556,ours,1,0,0,0.2,2.243309821,2.26903515,2.648313143,0,6348,7935,5,1,1,1,1,0.032,world,2.151756583,13.90236711,18.98020761
631.556,ab3dmot,1,0,0,0.2,2.243611116,2.268684466,2.656866667,0,6352,7940,5,1,1,1,1,0.264,world,2.151593549,13.90462639,18.98173116
631.556,sort,0.3752417795,8,1,0.1901515152,12.13927031,12.28919361,13.21100024,22,4246,5280,5,1,1,1,1,0.196,world,12.09963647,20.80216509,24.97403116
631.62,ours,1,0,0,0.2,2.243230252,2.26896832,2.648245531,0,6352,7940,5,1,1,1,1,0.02,world,2.160305994,13.90737305,18.98337351
631.62,ab3dmot,1,0,0,0.2,2.243255357,2.268617315,2.656532039,0,6356,7945,5,1,1,1,1,0.26,world,2.159348498,13.90988568,18.98594756
631.62,sort,0.3748792271,8,1,0.1901608325,12.13923894,12.28902325,13.21066855,22,4250,5285,5,1,1,1,1,0.26,world,12.1115849,20.8112968,24.98230987
631.7,ours,1,0,0,0.2,2.243150683,2.268906831,2.64817792,0,6356,7945,5,1,1,1,1,0.024,world,2.169063561,13.91222643,18.98645582
631.7,ab3dmot,1,0,0,0.2,2.243221325,2.268555146,2.65619741,0,6360,7950,5,1,1,1,1,0.244,world,2.167516588,13.91613459,18.99056535
631.7,sort,0.3745173745,8,1,0.1901701323,12.13909465,12.28887212,13.21033687,22,4254,5290,5,1,1,1,1,0.34,world,12.13143956,20.84080932,25.02005751
631.768,ours,1,0,0,0.2,2.242996226,2.268851076,2.648110308,0,6360,7950,5,1,1,1,1,0.048,world,2.178454833,13.91792583,18.9895777
631.768,ab3dmot,1,0,0,0.2,2.243187293,2.268499918,2.655862782,0,6364,7955,5,1,1,1,1,0.148,world,2.17891817,13.92037691,18.99062119
631.768,sort,0.3741562199,8,1,0.1901794145,12.13895036,12.28867486,13.21000519,22,4258,5295,5,1,1,1,1,0.212,world,12.08258889,20.68344415,24.78665151
631.86,ours,1,0,0,0.2,2.242841769,2.268801845,2.648042697,0,6364,7955,5,1,1,1,1,0.052,world,2.189124026,13.92185675,18.99039159
631.86,ab3dmot,1,0,0,0.2,2.242455785,2.268450464,2.655528153,0,6368,7960,5,1,1,1,1,0.24,world,2.18835317,13.92385145,18.99250284
631.86,sort,0.3737957611,8,1,0.1901886792,12.13884624,12.28842705,13.20967351,22,4262,5300,5,1,1,1,1,0.14,world,12.02869847,20.48970513,24.49532064
631.952,ours,1,0,0,0.2,2.242644169,2.268761455,2.647975085,0,6368,7960,5,1,1,1,1,0.052,world,2.203564342,13.92716016,18.99323829
631.952,ab3dmot,1,0,0,0.2,2.241724278,2.268409847,2.655193525,0,6372,7965,5,1,1,1,1,0.332,world,2.202798231,13.92915513,18.99534918
631.952,sort,0.3734359962,8,1,0.1901979265,12.13874212,12.28815912,13.20934183,22,4266,5305,5,1,1,1,1,0.232,world,12.00682696,20.36431209,24.29880276
632,ours,1,0,0,0.2,2.242446569,2.268724095,2.647907474,0,6372,7965,5,1,1,1,1,0.016,world,2.208445835,13.92894883,18.99419156
632,ab3dmot,1,0,0,0.2,2.241339011,2.268373242,2.654858896,0,6376,7970,5,1,1,1,1,0.312,world,2.209291437,13.92981846,18.99381336
632,sort,0.3730769231,8,1,0.1902071563,12.13845649,12.28787668,13.20901015,22,4270,5310,5,1,1,1,1,0.28,world,11.99082146,20.28664406,24.17846977
632.052,ours,1,0,0,0.2,2.242082789,2.268693857,2.647839862,0,6376,7970,5,1,1,1,1,0.032,world,2.220001026,13.93188664,18.99379217
632.052,ab3dmot,1,0,0,0.2,2.240953744,2.268343899,2.654524268,0,6380,7975,5,1,1,1,1,0.296,world,2.221079164,13.93205877,18.99271208
632.052,sort,0.3727185399,8,1,0.1902163688,12.13817085,12.28758871,13.20867847,22,4274,5315,5,1,1,1,1,0.232,world,11.98435676,20.2185109,24.06859747
632.1,ours,1,0,0,0.2,2.24171901,2.268668266,2.647772251,0,6380,7975,5,1,1,1,1,0.016,world,2.227502554,13.93225713,18.99101908
632.1,ab3dmot,1,0,0,0.2,2.240771537,2.268319229,2.654189639,0,6384,7980,5,1,1,1,1,0.248,world,2.228623268,13.93183809,18.98951459
632.1,sort,0.3723608445,8,1,0.1902255639,12.13803108,12.28729066,13.20865716,22,4278,5320,5,1,1,1,1,0.148,world,11.9729982,20.14484432,23.95240982
632.148,ours,1,0,0,0.2,2.241136533,2.268646587,2.647704639,0,6384,7980,5,1,1,1,1,0.036,world,2.233800649,13.93298874,18.98982028
632.148,ab3dmot,1,0,0,0.2,2.24058933,2.268298337,2.653855011,0,6388,7985,5,1,1,1,1,0.228,world,2.234705644,13.93206755,18.98823376
632.148,sort,0.3720038351,8,1,0.1902347418,12.1378913,12.28699418,13.20863585,22,4282,5325,5,1,1,1,1,0.1,world,11.97407156,20.12470233,23.9182904
632.184,ours,1,0,0,0.2,2.240554056,2.268628594,2.647637028,0,6388,7985,5,1,1,1,1,0.008,world,2.239728843,13.93356387,18.98894645
632.184,ab3dmot,1,0,0,0.2,2.240349466,2.268280807,2.653520382,0,6392,7990,5,1,1,1,1,0.2,world,2.240109603,13.93281027,18.98804859
632.184,sort,0.3716475096,8,1,0.1902439024,12.13781374,12.28670118,13.20861454,22,4286,5330,5,1,1,1,1,0.068,world,11.97720348,20.11336162,23.89759734
632.232,ours,1,0,0,0.2,2.241136533,2.268613746,2.647569417,0,6392,7990,5,1,1,1,1,0.024,world,2.244775975,13.93531255,18.98980655
632.232,ab3dmot,1,0,0,0.2,2.24058933,2.268266059,2.653185754,0,6396,7995,5,1,1,1,1,0.18,world,2.244575128,13.93428745,18.9893888
632.232,sort,0.371291866,8,1,0.1902530459,12.13773617,12.28641481,13.20859323,22,4290,5335,5,1,1,1,1,0.116,world,11.98371465,20.11733872,23.90039735
632.288,ours,1,0,0,0.2,2.24171901,2.268605013,2.647501805,0,6396,7995,5,1,1,1,1,0.02,world,2.254606585,13.93973177,18.99243632
632.288,ab3dmot,1,0,0,0.2,2.240771537,2.268257412,2.652851125,0,6400,8000,5,1,1,1,1,0.208,world,2.254388738,13.93943767,18.99249377
632.288,sort,0.3709369025,8,1,0.1902621723,12.13711227,12.28614122,13.20857192,22,4294,5340,5,1,1,1,1,0.18,world,11.99682873,20.12548095,23.90624631
632.348,ours,1,0,0,0.2,2.242082789,2.268602571,2.647434194,0,6400,8000,5,1,1,1,1,0.036,world,2.264693034,13.94339471,18.99432727
632.348,ab3dmot,1,0,0,0.2,2.240953744,2.268255052,2.652516497,0,6404,8005,5,1,1,1,1,0.264,world,2.264476333,13.94310097,18.99438476
632.348,sort,0.370582617,8,1,0.1902712816,12.13648836,12.28588041,13.20855061,22,4298,5345,5,1,1,1,1,0.232,world,12.00997134,20.13353503,23.91191861
632.4,ours,1,0,0,0.2,2.242446569,2.268603283,2.647366582,0,6404,8005,5,1,1,1,1,0.02,world,2.269742332,13.94522547,18.99526729
632.4,ab3dmot,1,0,0,0.2,2.241339011,2.26825536,2.652259385,0,6408,8010,5,1,1,1,1,0.284,world,2.268747494,13.94522552,18.99638722
632.4,sort,0.3702290076,8,1,0.1902803738,12.1357148,12.2856262,13.2085293,22,4302,5350,5,1,1,1,1,0.284,world,12.01651816,20.13740204,23.91449798
632.448,ours,1,0,0,0.2,2.242644169,2.268609736,2.647133945,0,6408,8010,5,1,1,1,1,0.036,world,2.27891823,13.94924612,18.99840555
632.448,ab3dmot,1,0,0,0.2,2.241724278,2.268260776,2.652002273,0,6412,8015,5,1,1,1,1,0.268,world,2.276921663,13.95044688,19.00142259
632.448,sort,0.3698760724,8,1,0.1902894491,12.13494123,12.28537837,13.20850799,22,4306,5355,5,1,1,1,1,0.204,world,12.02284749,20.11350698,23.87100309
632.512,ours,1,0,0,0.2,2.242841769,2.268618062,2.646901308,0,6412,8015,5,1,1,1,1,0.024,world,2.281916537,13.95384565,19.00341002
632.512,ab3dmot,1,0,0,0.2,2.242455785,2.268267831,2.651745162,0,6416,8020,5,1,1,1,1,0.228,world,2.279547871,13.95572026,19.00728444
632.512,sort,0.3695238095,8,1,0.1902985075,12.13426127,12.28513246,13.20848669,22,4310,5360,5,1,1,1,1,0.164,world,12.02439619,20.09333538,23.8365155
632.6,ours,1,0,0,0.2,2.242996226,2.268635614,2.646668671,0,6416,8020,5,1,1,1,1,0.02,world,2.296599953,13.9599519,19.00703726
632.6,ab3dmot,1,0,0,0.2,2.243187293,2.268284146,2.65148805,0,6420,8025,5,1,1,1,1,0.284,world,2.294304924,13.96152528,19.01065211
632.6,sort,0.3691722169,8,1,0.1903075489,12.13358132,12.28490526,13.20846538,22,4314,5365,5,1,1,1,1,0.252,world,12.04398205,20.1049377,23.84424023
632.7,ours,1,0,0,0.2,2.243150683,2.26866228,2.646436034,0,6420,8025,5,1,1,1,1,0.052,world,2.311038958,13.96596832,19.01070434
632.7,ab3dmot,1,0,0,0.2,2.243221325,2.268309747,2.651230938,0,6424,8030,5,1,1,1,1,0.352,world,2.309033128,13.96721198,19.01379363
632.7,sort,0.3697718631,8,1,0.1903165736,12.13339538,12.28469655,13.20844407,22,4318,5370,5,1,1,1,1,0.352,world,12.06335042,20.11616972,23.85144835
632.776,ours,1,0,0,0.2,2.243230252,2.268695105,2.646203397,0,6424,8030,5,1,1,1,1,0.044,world,2.32078041,13.96995669,19.01286211
632.776,ab3dmot,1,0,0,0.2,2.243255357,2.26834214,2.650973826,0,6428,8035,5,1,1,1,1,0.296,world,2.319782136,13.97053938,19.01438033
632.776,sort,0.3703703704,8,1,0.1903255814,12.13320944,12.28449869,13.20842276,22,4322,5375,5,1,1,1,1,0.396,world,12.07454862,20.11586095,23.84427344
632.84,ours,1,0,0,0.2,2.243309821,2.26873198,2.645970759,0,6428,8035,5,1,1,1,1,0.04,world,2.327198695,13.97004592,19.01088742
632.84,ab3dmot,1,0,0,0.2,2.243611116,2.26837867,2.650716715,0,6432,8040,5,1,1,1,1,0.26,world,2.326341079,13.9699671,19.01182247
632.84,sort,0.3709677419,8,1,0.1903345725,12.13255476,12.28430076,13.20840145,22,4326,5380,5,1,1,1,1,0.128,world,12.07408076,20.06248224,23.75447241
632.892,ours,1,0,0,0.2,2.243309821,2.268774978,2.645738122,0,6432,8040,5,1,1,1,1,0.016,world,2.336850821,13.97349208,19.01256717
632.892,ab3dmot,1,0,0,0.2,2.243966876,2.268421321,2.650459603,0,6436,8045,5,1,1,1,1,0.312,world,2.335997356,13.97341431,19.01350225
632.892,sort,0.371563981,8,1,0.1903435469,12.13190008,12.28411658,13.20838014,22,4330,5385,5,1,1,1,1,0.188,world,12.0884382,20.07428943,23.76532743
632.948,ours,1,0,0,0.2,2.243309821,2.268821187,2.645505485,0,6436,8045,5,1,1,1,1,0.016,world,2.341947321,13.97485976,19.01280058
632.948,ab3dmot,1,0,0,0.2,2.244109845,2.268467879,2.650202491,0,6440,8050,5,1,1,1,1,0.272,world,2.342180921,13.97387672,19.01190255
632.948,sort,0.3721590909,8,1,0.1903525046,12.13166982,12.28393926,13.20835883,22,4334,5390,5,1,1,1,1,0.244,world,12.09541343,20.07974352,23.77013859
632.988,ours,1,0,0,0.2,2.243941853,2.268870951,2.645272848,0,6440,8050,5,1,1,1,1,0.016,world,2.347575029,13.97586184,19.01213573
632.988,ab3dmot,1,0,0,0.2,2.244252814,2.268517999,2.649945379,0,6444,8055,5,1,1,1,1,0.244,world,2.347824511,13.97503797,19.01132044
632.988,sort,0.3727530747,8,1,0.1903614458,12.13143956,12.28376838,13.20833752,22,4338,5395,5,1,1,1,1,0.276,world,12.10197799,20.0842189,23.77360871
633.008,ours,1,0,0,0.2,2.244573884,2.268923904,2.645040211,0,6444,8055,5,1,1,1,1,0.008,world,2.352632979,13.97733385,19.01237748
633.008,ab3dmot,1,0,0,0.2,2.244252814,2.268571288,2.649688268,0,6448,8060,5,1,1,1,1,0.232,world,2.352852265,13.97668368,19.01170729
633.008,sort,0.3733459357,8,1,0.1903703704,12.13080923,12.28360284,13.20831621,22,4342,5400,5,1,1,1,1,0.264,world,12.10735694,20.08287301,23.76806862
633.064,ours,1,0,0,0.2,2.244674929,2.268983163,2.644807574,0,6448,8060,5,1,1,1,1,0.024,world,2.362520167,13.98049348,19.01309543
633.064,ab3dmot,1,0,0,0.2,2.244252814,2.268631312,2.649431156,0,6452,8065,5,1,1,1,1,0.22,world,2.363410225,13.97946669,19.0114024
633.064,sort,0.3739376771,8,1,0.1903792784,12.13017889,12.28344453,13.2082949,22,4346,5405,5,1,1,1,1,0.192,world,12.11479393,20.06157632,23.72794082
633.1,ours,1,0,0,0.2,2.244775975,2.269045999,2.644574937,0,6452,8065,5,1,1,1,1,0.024,world,2.368169941,13.98153942,19.01220003
633.1,ab3dmot,1,0,0,0.2,2.244262207,2.268694626,2.649174044,0,6456,8070,5,1,1,1,1,0.224,world,2.368617292,13.98075344,19.01117448
633.1,sort,0.3745283019,8,1,0.1903881701,12.13006004,12.28328892,13.20827359,22,4350,5410,5,1,1,1,1,0.124,world,12.11738157,20.04372654,23.69650173
633.14,ours,1,0,0,0.2,2.244871542,2.26911191,2.6443423,0,6456,8070,5,1,1,1,1,0.032,world,2.373045612,13.98314789,19.01250133
633.14,ab3dmot,1,0,0,0.2,2.244271599,2.268761083,2.648916932,0,6460,8075,5,1,1,1,1,0.164,world,2.373599415,13.98359083,19.01214701
633.14,sort,0.3751178134,8,1,0.1903970452,12.1299412,12.28313898,13.20825228,22,4354,5415,5,1,1,1,1,0.164,world,12.12315597,20.04661114,23.69783778
633.164,ours,1,0,0,0.2,2.244967109,2.269177838,2.644109663,0,6460,8075,5,1,1,1,1,0.02,world,2.373199643,13.98389962,19.01281104
633.164,ab3dmot,1,0,0,0.2,2.244423364,2.268827456,2.648659821,0,6464,8080,5,1,1,1,1,0.188,world,2.373599415,13.98359083,19.01214701
633.164,sort,0.3757062147,8,1,0.1904059041,12.12959322,12.28298929,13.20765475,22,4358,5420,5,1,1,1,1,0.188,world,12.12312365,20.0464013,23.69750608
633.188,ours,1,0,0,0.2,2.245008152,2.269246545,2.643877026,0,6464,8080,5,1,1,1,1,0.016,world,2.377619032,13.98546222,19.01354644
633.188,ab3dmot,1,0,0,0.2,2.244575128,2.268896607,2.648402709,0,6468,8085,5,1,1,1,1,0.212,world,2.378017963,13.98515326,19.01288241
633.188,sort,0.3762935089,8,1,0.1904147465,12.12924523,12.28284517,13.20705722,22,4362,5425,5,1,1,1,1,0.212,world,12.12882523,20.04921747,23.69876863
633.22,ours,1,0,0,0.2,2.245049196,2.269317993,2.643644388,0,6468,8085,5,1,1,1,1,0.016,world,2.38197932,13.9870019,19.01426777
633.22,ab3dmot,1,0,0,0.2,2.244697642,2.268968496,2.648145597,0,6472,8090,5,1,1,1,1,0.244,world,2.382377422,13.98669277,19.01360375
633.22,sort,0.3768796992,8,1,0.1904235727,12.12959322,12.28270654,13.20645969,22,4366,5430,5,1,1,1,1,0.248,world,12.13445104,20.0519637,23.69995696
633.26,ours,1,0,0,0.2,2.24506228,2.269392141,2.643411751,0,6472,8090,5,1,1,1,1,0.02,world,2.386278007,13.9885178,19.01497469
633.26,ab3dmot,1,0,0,0.2,2.244820157,2.269043084,2.647888485,0,6476,8095,5,1,1,1,1,0.284,world,2.386675291,13.98820851,19.01431067
633.26,sort,0.3774647887,8,1,0.1904323827,12.1299412,12.28257332,13.20586215,22,4370,5435,5,1,1,1,1,0.284,world,12.13999816,20.0546385,23.70107039
633.272,ours,1,0,0,0.2,2.245075365,2.269466196,2.643179114,0,6476,8095,5,1,1,1,1,0,world,2.386278007,13.9885178,19.01497469
633.272,ab3dmot,1,0,0,0.2,2.244887735,2.269117578,2.647631374,0,6480,8100,5,1,1,1,1,0.296,world,2.386675291,13.98820851,19.01431067
633.272,sort,0.3780487805,8,1,0.1904411765,12.13006004,12.28244032,13.20526462,22,4374,5440,5,1,1,1,1,0.296,world,12.13996584,20.05442867,23.70073871
633.3,ours,1,0,0,0.2,2.245222162,2.269542907,2.642946477,0,6480,8100,5,1,1,1,1,0,world,2.390512625,13.99000907,19.01566688
633.3,ab3dmot,1,0,0,0.2,2.244955314,2.269194726,2.647374262,0,6484,8105,5,1,1,1,1,0.324,world,2.390909104,13.98969962,19.01500287
633.3,sort,0.3786316776,8,1,0.1904499541,12.13017889,12.28231263,13.20466709,22,4378,5445,5,1,1,1,1,0.324,world,12.14543139,20.05703061,23.7017766
633.304,ours,1,0,0,0.2,2.24536896,2.269619521,2.64271384,0,6484,8105,5,1,1,1,1,0,world,2.390512625,13.99000907,19.01566688
633.304,ab3dmot,1,0,0,0.2,2.245266342,2.269271777,2.647336975,0,6488,8110,5,1,1,1,1,0.328,world,2.390909104,13.98969962,19.01500287
633.304,sort,0.3792134831,8,1,0.1904587156,12.13080923,12.28218515,13.20406956,22,4382,5450,5,1,1,1,1,0.328,world,12.14539908,20.05682079,23.70144494
633.328,ours,1,0,0,0.2,2.245379741,2.269698747,2.642590529,0,6488,8110,5,1,1,1,1,0.008,world,2.394680742,13.99147489,19.01634404
633.328,ab3dmot,1,0,0,0.2,2.245577369,2.269351438,2.647299688,0,6492,8115,5,1,1,1,1,0.352,world,2.395076427,13.99116528,19.01568004
633.328,sort,0.3797942002,8,1,0.190467461,12.13143956,12.28206288,13.20347202,22,4386,5455,5,1,1,1,1,0.352,world,12.15078026,20.05934846,23.7024067
633.356,ours,1,0,0,0.2,2.245390523,2.26978054,2.642467218,0,6492,8115,5,1,1,1,1,0.016,world,2.398779962,13.99291445,19.01700587
633.356,ab3dmot,1,0,0,0.2,2.245694792,2.269433716,2.647262401,0,6496,8120,5,1,1,1,1,0.356,world,2.399255989,13.99326596,19.01667919
633.356,sort,0.3803738318,8,1,0.1904761905,12.13166982,12.28194574,13.20287449,22,4390,5460,5,1,1,1,1,0.392,world,12.15607427,20.06180052,23.70329176
633.372,ours,1,0,0,0.2,2.245391767,2.269862307,2.642343906,0,6496,8120,5,1,1,1,1,0,world,2.398899832,13.99336222,19.01715808
633.372,ab3dmot,1,0,0,0.2,2.245812215,2.269515948,2.647225114,0,6500,8125,5,1,1,1,1,0.332,world,2.399344642,13.9938927,19.01698818
633.372,sort,0.380952381,8,1,0.1904849039,12.13190008,12.28182588,13.20227696,22,4394,5465,5,1,1,1,1,0.296,world,12.15290085,20.04084483,23.6701342
633.396,ours,1,0,0,0.2,2.245393011,2.269946746,2.642220595,0,6500,8125,5,1,1,1,1,0.012,world,2.403165035,13.9956144,19.01807915
633.396,ab3dmot,1,0,0,0.2,2.245874874,2.269600741,2.647187827,0,6504,8130,5,1,1,1,1,0.32,world,2.4034399,13.99586881,19.01792762
633.396,sort,0.3815298507,8,1,0.1904936015,12.13255476,12.28170926,13.20167943,22,4398,5470,5,1,1,1,1,0.256,world,12.15616464,20.03004434,23.65006092
633.412,ours,1,0,0,0.2,2.245785481,2.270031093,2.642097284,0,6504,8130,5,1,1,1,1,0.008,world,2.403186666,13.99620096,19.01844263
633.412,ab3dmot,1,0,0,0.2,2.245937534,2.269685398,2.64715054,0,6508,8135,5,1,1,1,1,0.272,world,2.403396213,13.99768471,19.01919299
633.412,sort,0.3821062442,8,1,0.1905022831,12.13320944,12.28159285,13.20108189,22,4402,5475,5,1,1,1,1,0.272,world,12.15616464,20.03004434,23.65006092
633.468,ours,1,0,0,0.2,2.246177951,2.270120476,2.641973973,0,6508,8135,5,1,1,1,1,0.032,world,2.411077992,13.99968179,19.02011021
633.468,ab3dmot,1,0,0,0.2,2.245978401,2.269775408,2.647113253,0,6512,8140,5,1,1,1,1,0.264,world,2.411777226,14.00097623,19.02017271
633.468,sort,0.3826815642,8,1,0.1905109489,12.13339538,12.28148605,13.20048436,22,4406,5480,5,1,1,1,1,0.328,world,12.16635176,20.03497711,23.65210777
633.504,ours,1,0,0,0.2,2.24625386,2.270212828,2.641850661,0,6512,8140,5,1,1,1,1,0.016,world,2.415798518,14.00138699,19.01989149
633.504,ab3dmot,1,0,0,0.2,2.246019269,2.269868883,2.647075966,0,6516,8145,5,1,1,1,1,0.2,world,2.417257279,14.0011341,19.01803194
633.504,sort,0.383255814,8,1,0.1905195989,12.13358132,12.28137697,13.19988683,22,4410,5485,5,1,1,1,1,0.1,world,12.16365971,19.98232691,23.56557132
633.58,ours,1,0,0,0.2,2.246329769,2.270310446,2.64172735,0,6516,8145,5,1,1,1,1,0.028,world,2.424024769,14.00403903,19.02008257
633.58,ab3dmot,1,0,0,0.2,2.246130339,2.269966608,2.647038679,0,6520,8150,5,1,1,1,1,0.176,world,2.423935585,14.00475425,19.02067296
633.58,sort,0.3838289963,8,1,0.1905282332,12.13401618,12.28127689,13.19928929,22,4414,5490,5,1,1,1,1,0.176,world,12.17321592,19.98656166,23.56681548
633.652,ours,1,0,0,0.2,2.246593595,2.270412437,2.641604039,0,6520,8150,5,1,1,1,1,0.04,world,2.430881728,14.00671919,19.02150525
633.652,ab3dmot,1,0,0,0.2,2.246241409,2.270068805,2.647001392,0,6524,8155,5,1,1,1,1,0.248,world,2.430945671,14.00718779,19.02175012
633.652,sort,0.3844011142,8,1,0.1905368517,12.13445104,12.28119004,13.19869176,22,4418,5495,5,1,1,1,1,0.252,world,12.18737576,20.07320883,23.70266992
633.736,ours,1,0,0,0.2,2.246857422,2.270518674,2.641480728,0,6524,8155,5,1,1,1,1,0.036,world,2.437538158,14.00902206,19.02251302
633.736,ab3dmot,1,0,0,0.2,2.246442371,2.270175245,2.646964105,0,6528,8160,5,1,1,1,1,0.332,world,2.43760169,14.00949046,19.02275785
633.736,sort,0.3849721707,8,1,0.1905454545,12.13469613,12.28111304,13.19809423,22,4422,5500,5,1,1,1,1,0.332,world,12.19790081,20.10062553,23.74195469
633.8,ours,1,0,0,0.2,2.247279688,2.270628796,2.641357417,0,6528,8160,5,1,1,1,1,0.032,world,2.443641447,14.01149379,19.02387199
633.8,ab3dmot,1,0,0,0.2,2.246643332,2.270284671,2.646926819,0,6532,8165,5,1,1,1,1,0.296,world,2.442343686,14.01405098,19.02713631
633.8,sort,0.3855421687,8,1,0.1905540418,12.13494123,12.28104464,13.1974967,22,4426,5505,5,1,1,1,1,0.396,world,12.20708525,20.11524527,23.76070378
633.868,ours,1,0,0,0.2,2.247701954,2.270742174,2.641234105,0,6532,8165,5,1,1,1,1,0.036,world,2.448789659,14.01507761,19.02668448
633.868,ab3dmot,1,0,0,0.2,2.24687725,2.27039701,2.646889532,0,6536,8170,5,1,1,1,1,0.3,world,2.446974571,14.01821111,19.03096407
633.868,sort,0.3861111111,8,1,0.1905626134,12.1357148,12.28098019,13.19689916,22,4430,5510,5,1,1,1,1,0.232,world,12.21124291,20.11476542,23.75689887
633.928,ours,1,0,0,0.2,2.248171767,2.270858175,2.641110794,0,6536,8170,5,1,1,1,1,0.028,world,2.452981139,14.01945625,19.03073734
633.928,ab3dmot,1,0,0,0.2,2.247111168,2.270511953,2.646852245,0,6540,8175,5,1,1,1,1,0.292,world,2.451139801,14.02231632,19.03487671
633.928,sort,0.3866790009,8,1,0.1905711695,12.13648836,12.28092213,13.19630163,22,4434,5515,5,1,1,1,1,0.192,world,12.21805593,20.12291596,23.76607297
633.964,ours,1,0,0,0.2,2.248641581,2.270974539,2.640987483,0,6540,8175,5,1,1,1,1,0.032,world,2.453752005,14.02335216,19.03534167
633.964,ab3dmot,1,0,0,0.2,2.247229824,2.270626661,2.646814958,0,6544,8180,5,1,1,1,1,0.228,world,2.45100479,14.02682044,19.04098068
633.964,sort,0.387245841,8,1,0.1905797101,12.13711227,12.28086822,13.19535072,22,4438,5520,5,1,1,1,1,0.228,world,12.22245085,20.130918,23.77667608
634,ours,1,0,0,0.2,2.24887567,2.271091869,2.640864172,0,6544,8180,5,1,1,1,1,0.024,world,2.455440502,14.02530445,19.03741338
634,ab3dmot,1,0,0,0.2,2.247348479,2.270742874,2.646777671,0,6548,8185,5,1,1,1,1,0.264,world,2.453508272,14.02767017,19.04133184
634,sort,0.3878116343,8,1,0.1905882353,12.13773617,12.28081801,13.1943998,22,4442,5525,5,1,1,1,1,0.264,world,12.22637179,20.13623617,23.78310044
634.064,ours,1,0,0,0.2,2.24910976,2.271210633,2.64074086,0,6548,8185,5,1,1,1,1,0.032,world,2.457835723,14.02611578,19.03774631
634.064,ab3dmot,1,0,0,0.2,2.247356825,2.270860522,2.646740384,0,6552,8190,5,1,1,1,1,0.328,world,2.455905883,14.02848197,19.04166478
634.064,sort,0.3883763838,8,1,0.190596745,12.13781374,12.28077121,13.19344889,22,4446,5530,5,1,1,1,1,0.328,world,12.22998134,20.14011507,23.78731722
634.1,ours,1,0,0,0.2,2.249180853,2.271330758,2.640617549,0,6552,8190,5,1,1,1,1,0.004,world,2.460123775,14.02688879,19.03806101
634.1,ab3dmot,1,0,0,0.2,2.247365171,2.270978851,2.646703097,0,6556,8195,5,1,1,1,1,0.332,world,2.457163347,14.03039605,19.04399145
634.1,sort,0.3889400922,8,1,0.1906052394,12.1378913,12.28072759,13.19249798,22,4450,5535,5,1,1,1,1,0.364,world,12.2333526,20.14311206,23.79020902
634.184,ours,1,0,0,0.2,2.249251947,2.271452127,2.640494238,0,6556,8195,5,1,1,1,1,0.02,world,2.462236918,14.03420074,19.04738505
634.184,ab3dmot,1,0,0,0.2,2.24766379,2.271098769,2.64666581,0,6560,8200,5,1,1,1,1,0.252,world,2.459800859,14.03662308,19.05195805
634.184,sort,0.3895027624,8,1,0.1906137184,12.13803108,12.2806902,13.19154706,22,4454,5540,5,1,1,1,1,0.316,world,12.24005251,20.14316004,23.78584617
634.268,ours,1,0,0,0.2,2.249350332,2.271575377,2.640370927,0,6560,8200,5,1,1,1,1,0.048,world,2.465314176,14.03627278,19.04907587
634.268,ab3dmot,1,0,0,0.2,2.247962408,2.271220463,2.646628523,0,6564,8205,5,1,1,1,1,0.204,world,2.462719332,14.03909812,19.05413195
634.268,sort,0.3900643974,8,1,0.1906221821,12.13817085,12.28065521,13.19059615,22,4458,5545,5,1,1,1,1,0.204,world,12.24259615,20.1424196,23.78272232
634.344,ours,1,0,0,0.2,2.249448717,2.27169992,2.640247615,0,6564,8205,5,1,1,1,1,0.044,world,2.467507076,14.03920687,19.05193351
634.344,ab3dmot,1,0,0,0.2,2.248301816,2.271344036,2.646408697,0,6568,8210,5,1,1,1,1,0.184,world,2.46579889,14.04091043,19.05515534
634.344,sort,0.390625,8,1,0.1906306306,12.13845649,12.2806886,13.18964524,22,4462,5550,5,1,1,1,1,0.152,world,12.31693455,20.44601616,24.24686722
634.424,ours,1,0,0,0.2,2.249503172,2.271825898,2.640007109,0,6568,8210,5,1,1,1,1,0.028,world,2.469914043,14.0405601,19.05291035
634.424,ab3dmot,1,0,0,0.2,2.248641224,2.27146922,2.646188871,0,6572,8215,5,1,1,1,1,0.26,world,2.468471362,14.04178363,19.05547838
634.424,sort,0.391184573,8,1,0.1906390639,12.13874212,12.28077021,13.18869432,22,4466,5555,5,1,1,1,1,0.232,world,12.36923652,20.61669548,24.50135588
634.524,ours,1,0,0,0.2,2.249557627,2.271953782,2.639766602,0,6572,8215,5,1,1,1,1,0.024,world,2.473035157,14.04156275,19.05326356
634.524,ab3dmot,1,0,0,0.2,2.248830346,2.27159631,2.645969046,0,6576,8220,5,1,1,1,1,0.36,world,2.471595814,14.04278712,19.05583173
634.524,sort,0.3917431193,8,1,0.190647482,12.13884624,12.28088733,13.18774341,22,4470,5560,5,1,1,1,1,0.328,world,12.4077795,20.72494913,24.65934692
634.6,ours,1,0,0,0.2,2.249645793,2.272082487,2.639526096,0,6576,8220,5,1,1,1,1,0.028,world,2.474520031,14.04202614,19.0534133
634.6,ab3dmot,1,0,0,0.2,2.249019468,2.271724223,2.64574922,0,6580,8225,5,1,1,1,1,0.436,world,2.473082565,14.043251,19.05598157
634.6,sort,0.3923006416,8,1,0.190655885,12.13895036,12.28102942,13.1867925,22,4474,5565,5,1,1,1,1,0.404,world,12.43493951,20.79954326,24.76783516
634.68,ours,1,0,0,0.2,2.24973396,2.272211275,2.639285589,0,6580,8225,5,1,1,1,1,0.036,world,2.474892281,14.04298303,19.05471214
634.68,ab3dmot,1,0,0,0.2,2.249203625,2.271852232,2.645529394,0,6584,8230,5,1,1,1,1,0.416,world,2.473475007,14.04392033,19.05705107
634.68,sort,0.3928571429,8,1,0.1906642729,12.13909465,12.28124813,13.18584158,22,4478,5570,5,1,1,1,1,0.284,world,12.5175862,21.02797793,25.10051126
634.784,ours,1,0,0,0.2,2.250144565,2.272339927,2.639045083,0,6584,8230,5,1,1,1,1,0.068,world,2.474936296,14.04151024,19.05421139
634.784,ab3dmot,1,0,0,0.2,2.249387781,2.271981183,2.645309569,0,6588,8235,5,1,1,1,1,0.224,world,2.475145561,14.039829,19.05277213
634.784,sort,0.3934126258,8,1,0.1906726457,12.13923894,12.2815406,13.18489067,22,4482,5575,5,1,1,1,1,0.16,world,12.59687215,21.22580517,25.38380598
634.86,ours,1,0,0,0.2,2.25055517,2.272468283,2.638804576,0,6588,8235,5,1,1,1,1,0.036,world,2.474734097,14.04137477,19.05407282
634.86,ab3dmot,1,0,0,0.2,2.249763718,2.272109838,2.645089743,0,6592,8240,5,1,1,1,1,0.3,world,2.474943662,14.03969361,19.05263356
634.86,sort,0.3939670932,8,1,0.1906810036,12.13927031,12.28184689,13.18393976,22,4486,5580,5,1,1,1,1,0.172,world,12.61217079,21.25952117,25.4304231
634.932,ours,1,0,0,0.2,2.250821132,2.272595677,2.63856407,0,6592,8240,5,1,1,1,1,0.032,world,2.473525904,14.0409364,19.05390543
634.932,ab3dmot,1,0,0,0.2,2.250139655,2.272238259,2.644869917,0,6596,8245,5,1,1,1,1,0.312,world,2.474838375,14.03882937,19.05085569
634.932,sort,0.3945205479,8,1,0.1906893465,12.13930168,12.2821471,13.18298885,22,4490,5585,5,1,1,1,1,0.244,world,12.60629406,21.24286558,25.40652745
635,ours,1,0,0,0.2,2.251087095,2.272723049,2.638323563,0,6596,8245,5,1,1,1,1,0.02,world,2.473736272,14.04047985,19.05263286
635,ab3dmot,1,0,0,0.2,2.250225859,2.272367178,2.644650091,0,6600,8250,5,1,1,1,1,0.276,world,2.47583851,14.03891862,19.0490367
635,sort,0.3950729927,8,1,0.1906976744,12.13941771,12.2824745,13.18203793,22,4494,5590,5,1,1,1,1,0.176,world,12.63588788,21.31495325,25.50933177
635.088,ours,1,0,0,0.2,2.251148249,2.272849655,2.638083056,0,6600,8250,5,1,1,1,1,0.032,world,2.472820201,14.0403561,19.05078843
635.088,ab3dmot,1,0,0,0.2,2.250312063,2.272494795,2.644430266,0,6604,8255,5,1,1,1,1,0.232,world,2.474113674,14.0408443,19.04963506
635.088,sort,0.3956244303,8,1,0.1907059875,12.13953375,12.28279943,13.18108702,22,4498,5595,5,1,1,1,1,0.264,world,12.63390563,21.3107048,25.50320203
635.152,ours,1,0,0,0.2,2.251209403,2.272974185,2.63784255,0,6604,8255,5,1,1,1,1,0.032,world,2.469911796,14.04245358,19.05323782
635.152,ab3dmot,1,0,0,0.2,2.250505611,2.272619587,2.64421044,0,6608,8260,5,1,1,1,1,0.168,world,2.47006782,14.04399002,19.0541977
635.152,sort,0.3961748634,8,1,0.1907142857,12.13958856,12.28315033,13.18013611,22,4502,5600,5,1,1,1,1,0.136,world,12.66222357,21.37670321,25.59620519
635.252,ours,1,0,0,0.2,2.251590181,2.27309617,2.637602043,0,6608,8260,5,1,1,1,1,0.052,world,2.466278466,14.04336355,19.05519216
635.252,ab3dmot,1,0,0,0.2,2.250699159,2.272742089,2.643990614,0,6612,8265,5,1,1,1,1,0.232,world,2.466824089,14.0435976,19.05473646
635.252,sort,0.3967242948,8,1,0.1907225691,12.13964337,12.28348001,13.17918519,22,4506,5605,5,1,1,1,1,0.236,world,12.64029122,21.32579163,25.52394567
635.316,ours,1,0,0,0.2,2.251970959,2.273215748,2.637361537,0,6612,8265,5,1,1,1,1,0.016,world,2.462844922,14.04255392,19.05517139
635.316,ab3dmot,1,0,0,0.2,2.250922655,2.272862038,2.643770788,0,6616,8270,5,1,1,1,1,0.228,world,2.46316551,14.04281053,19.05499273
635.316,sort,0.3972727273,8,1,0.1907308378,12.1398046,12.28379547,13.17823428,22,4510,5610,5,1,1,1,1,0.296,world,12.62572007,21.29354834,25.47854866
635.4,ours,1,0,0,0.2,2.25205236,2.273331814,2.63712103,0,6616,8270,5,1,1,1,1,0.016,world,2.457707114,14.04036837,19.05354746
635.4,ab3dmot,1,0,0,0.2,2.251146152,2.272979772,2.643550963,0,6620,8275,5,1,1,1,1,0.148,world,2.460011857,14.03888572,19.04978677
635.4,sort,0.3978201635,8,1,0.1907390917,12.13996584,12.28413359,13.17728337,22,4514,5615,5,1,1,1,1,0.148,world,12.6505881,21.353252,25.56297918
635.5,ours,1,0,0,0.2,2.252133761,2.273445674,2.636880524,0,6620,8275,5,1,1,1,1,0.044,world,2.454551371,14.0381933,19.05106761
635.5,ab3dmot,1,0,0,0.2,2.25116219,2.273094736,2.643331137,0,6624,8280,5,1,1,1,1,0.216,world,2.455995794,14.03674725,19.04832762
635.5,sort,0.3983666062,8,1,0.190747331,12.139982,12.28445206,13.17721228,22,4518,5620,5,1,1,1,1,0.248,world,12.63021952,21.30795907,25.49921849
635.584,ours,1,0,0,0.2,2.252182114,2.273555027,2.636640017,0,6624,8280,5,1,1,1,1,0.036,world,2.447849366,14.03414819,19.04823663
635.584,ab3dmot,1,0,0,0.2,2.251178228,2.273205059,2.643111311,0,6628,8285,5,1,1,1,1,0.2,world,2.449091201,14.03144178,19.04480881
635.584,sort,0.398912058,8,1,0.1907555556,12.13999816,12.28476255,13.1771412,22,4522,5625,5,1,1,1,1,0.268,world,12.62228641,21.29524694,25.48240567
635.672,ours,1,0,0,0.2,2.252230468,2.273661578,2.636399511,0,6628,8285,5,1,1,1,1,0.056,world,2.443743492,14.02851078,19.04326423
635.672,ab3dmot,1,0,0,0.2,2.251835546,2.273312583,2.642891486,0,6632,8290,5,1,1,1,1,0.188,world,2.444993632,14.02577946,19.03983802
635.672,sort,0.3994565217,8,1,0.1907637655,12.14015172,12.28507817,13.17707011,22,4526,5630,5,1,1,1,1,0.188,world,12.62839832,21.30866655,25.50098966
635.768,ours,1,0,0,0.2,2.252344535,2.27376226,2.636159004,0,6632,8290,5,1,1,1,1,0.06,world,2.434881129,14.02559791,19.04225771
635.768,ab3dmot,1,0,0,0.2,2.252492865,2.273414241,2.64267166,0,6636,8295,5,1,1,1,1,0.284,world,2.436135052,14.02286679,19.03883122
635.768,sort,0.4,8,1,0.190771961,12.14030528,12.28537341,13.17699903,22,4530,5635,5,1,1,1,1,0.284,world,12.60710696,21.26858139,25.44662919
635.868,ours,1,0,0,0.2,2.252458601,2.273856568,2.635918497,0,6636,8295,5,1,1,1,1,0.064,world,2.425179639,14.02257092,19.04118865
635.868,ab3dmot,1,0,0,0.2,2.252642968,2.273509524,2.642451834,0,6640,8300,5,1,1,1,1,0.384,world,2.4264378,14.01984007,19.03776188
635.868,sort,0.4005424955,8,1,0.1907801418,12.14116223,12.28565141,13.17692794,22,4534,5640,5,1,1,1,1,0.384,world,12.58909337,21.24057211,25.40868587
635.916,ours,1,0,0,0.2,2.25246199,2.273948655,2.635677991,0,6640,8300,5,1,1,1,1,0.016,world,2.421905423,14.0184882,19.03862472
635.916,ab3dmot,1,0,0,0.2,2.252793071,2.273601787,2.642232008,0,6644,8305,5,1,1,1,1,0.268,world,2.421917248,14.01377075,19.03532001
635.916,sort,0.4010840108,8,1,0.1907883082,12.14201918,12.28592419,13.17685686,22,4538,5645,5,1,1,1,1,0.4,world,12.58400064,21.2296936,25.39533051
636,ours,1,0,0,0.2,2.252465379,2.274035165,2.635437484,0,6644,8305,5,1,1,1,1,0.02,world,2.413369348,14.01332097,19.037572
636,ab3dmot,1,0,0,0.2,2.253047246,2.273688004,2.642047507,0,6648,8310,5,1,1,1,1,0.252,world,2.412645837,14.00962705,19.03594154
636,sort,0.4016245487,8,1,0.1907964602,12.14242531,12.28620597,13.17678577,22,4542,5650,5,1,1,1,1,0.22,world,12.59426759,21.25234335,25.42700429
636.088,ours,1,0,0,0.2,2.252685916,2.27411288,2.635290292,0,6648,8310,5,1,1,1,1,0.032,world,2.399726878,14.00767194,19.03790603
636.088,ab3dmot,1,0,0,0.2,2.25330142,2.273764563,2.641863006,0,6652,8315,5,1,1,1,1,0.212,world,2.397629781,14.005463,19.03900557
636.088,sort,0.4021641118,8,1,0.1908045977,12.14283144,12.28647159,13.17671469,22,4546,5655,5,1,1,1,1,0.212,world,12.57733289,21.22691353,25.39464791
636.16,ours,1,0,0,0.2,2.252906453,2.274184977,2.6351431,0,6652,8315,5,1,1,1,1,0.04,world,2.391007534,14.0052074,19.03816583
636.16,ab3dmot,1,0,0,0.2,2.253314137,2.273836046,2.641678505,0,6656,8320,5,1,1,1,1,0.28,world,2.389755982,14.00293887,19.03820717
636.16,sort,0.4027027027,8,1,0.1908127208,12.14298973,12.28662939,13.1766436,22,4550,5660,5,1,1,1,1,0.28,world,12.46040112,20.94763762,24.99756451
636.26,ours,1,0,0,0.2,2.252914871,2.274250697,2.634995907,0,6656,8320,5,1,1,1,1,0.056,world,2.381034776,14.00365279,19.04022677
636.26,ab3dmot,1,0,0,0.2,2.253326854,2.273899606,2.641494004,0,6660,8325,5,1,1,1,1,0.248,world,2.377310634,14.00468322,19.04539532
636.26,sort,0.403240324,8,1,0.1908208297,12.14314803,12.28672312,13.17657252,22,4554,5665,5,1,1,1,1,0.38,world,12.39032094,20.77220762,24.74597249
636.34,ours,1,0,0,0.2,2.252923289,2.274307363,2.634848715,0,6660,8325,5,1,1,1,1,0.04,world,2.366720734,14.00087103,19.04171788
636.34,ab3dmot,1,0,0,0.2,2.253461025,2.273955113,2.641309503,0,6664,8330,5,1,1,1,1,0.328,world,2.364567588,14.00063826,19.04415835
636.34,sort,0.4037769784,8,1,0.1908289242,12.14366474,12.2867206,13.17650143,22,4558,5670,5,1,1,1,1,0.196,world,12.2839213,20.46613212,24.29719117
636.408,ours,1,0,0,0.2,2.253396092,2.274358026,2.634701523,0,6664,8330,5,1,1,1,1,0.008,world,2.35720247,13.99869865,19.04215379
636.408,ab3dmot,1,0,0,0.2,2.253595195,2.274003866,2.641125002,0,6668,8335,5,1,1,1,1,0.3,world,2.353824246,14.00054316,19.04741
636.408,sort,0.4043126685,8,1,0.1908370044,12.14418146,12.28670894,13.17643035,22,4562,5675,5,1,1,1,1,0.264,world,12.27373726,20.45890706,24.29119881
636.48,ours,1,0,0,0.2,2.253868895,2.274401854,2.63455433,0,6668,8335,5,1,1,1,1,0.008,world,2.346283158,13.99730427,19.04454295
636.48,ab3dmot,1,0,0,0.2,2.253626705,2.274046491,2.640940501,0,6672,8340,5,1,1,1,1,0.236,world,2.344025268,13.99835999,19.04793493
636.48,sort,0.4048473968,8,1,0.1908450704,12.14431725,12.28664218,13.17635926,22,4566,5680,5,1,1,1,1,0.204,world,12.2121169,20.26888729,24.00979115
636.572,ours,1,0,0,0.2,2.25423774,2.274439483,2.634407138,0,6672,8340,5,1,1,1,1,0.052,world,2.336323971,13.99438729,19.04457736
636.572,ab3dmot,1,0,0,0.2,2.253658214,2.274083311,2.640756,0,6676,8345,5,1,1,1,1,0.296,world,2.334690532,13.99543249,19.04721058
636.572,sort,0.4053811659,8,1,0.1908531223,12.14445304,12.28655181,13.17628818,22,4570,5685,5,1,1,1,1,0.296,world,12.18545898,20.20488907,23.9185577
636.64,ours,1,0,0,0.2,2.254606585,2.274471302,2.634259946,0,6676,8345,5,1,1,1,1,0.04,world,2.326940547,13.99145805,19.04373429
636.64,ab3dmot,1,0,0,0.2,2.253685284,2.274114325,2.640571499,0,6680,8350,5,1,1,1,1,0.364,world,2.325301257,13.99250215,19.04636766
636.64,sort,0.4059139785,8,1,0.1908611599,12.14445359,12.28645166,13.1762171,22,4574,5690,5,1,1,1,1,0.364,world,12.17427048,20.19667111,23.91152411
636.7,ours,1,0,0,0.2,2.254610303,2.274496854,2.634112754,0,6680,8350,5,1,1,1,1,0.024,world,2.316749196,13.98830603,19.04354919
636.7,ab3dmot,1,0,0,0.2,2.253712355,2.274138883,2.640386998,0,6684,8355,5,1,1,1,1,0.292,world,2.31478625,13.98884903,19.04624254
636.7,sort,0.4064458371,8,1,0.1908691835,12.14445413,12.28633253,13.17614601,22,4578,5695,5,1,1,1,1,0.36,world,12.15265726,20.14263139,23.83393393
636.8,ours,1,0,0,0.2,2.254614021,2.274514529,2.633965561,0,6684,8355,5,1,1,1,1,0.048,world,2.303842639,13.98436547,19.04598215
636.8,ab3dmot,1,0,0,0.2,2.253864503,2.274156293,2.640202497,0,6688,8360,5,1,1,1,1,0.128,world,2.303064174,13.98457213,19.04705188
636.8,sort,0.4069767442,8,1,0.190877193,12.14445359,12.28617067,13.17607493,22,4582,5700,5,1,1,1,1,0.196,world,12.10402367,19.9456027,23.53275409
636.884,ours,1,0,0,0.2,2.25463666,2.274523191,2.633818369,0,6688,8360,5,1,1,1,1,0.036,world,2.288952302,13.97964674,19.04481756
636.884,ab3dmot,1,0,0,0.2,2.254016652,2.27416479,2.640017996,0,6692,8365,5,1,1,1,1,0.212,world,2.288329127,13.98002916,19.04580522
636.884,sort,0.4075067024,8,1,0.1908851884,12.14445304,12.28598035,13.17600384,22,4586,5705,5,1,1,1,1,0.148,world,12.07131775,19.84090989,23.37684243
636.972,ours,1,0,0,0.2,2.254659298,2.274525886,2.633671177,0,6692,8365,5,1,1,1,1,0.036,world,2.27902677,13.9766003,19.04399612
636.972,ab3dmot,1,0,0,0.2,2.25402065,2.274167323,2.639833495,0,6696,8370,5,1,1,1,1,0.3,world,2.278401114,13.97698224,19.04498383
636.972,sort,0.4080357143,8,1,0.1908931699,12.14431725,12.28577987,13.17593276,22,4590,5710,5,1,1,1,1,0.24,world,12.05936155,19.83260084,23.37014729
637.068,ours,1,0,0,0.2,2.254659298,2.274519633,2.633523984,0,6696,8370,5,1,1,1,1,0.032,world,2.26403494,13.97201978,19.04278299
637.068,ab3dmot,1,0,0,0.2,2.254024647,2.274160857,2.639648994,0,6700,8375,5,1,1,1,1,0.364,world,2.263310445,13.97231117,19.04382859
637.068,sort,0.4085637823,8,1,0.1909011374,12.14418146,12.28556393,13.17586167,22,4594,5715,5,1,1,1,1,0.332,world,12.04127932,19.82055235,23.3609046
637.14,ours,1,0,0,0.2,2.254659298,2.274507004,2.633376792,0,6700,8375,5,1,1,1,1,0.016,world,2.253266147,13.96914997,19.04297787
637.14,ab3dmot,1,0,0,0.2,2.25402065,2.274148294,2.639464493,0,6704,8380,5,1,1,1,1,0.304,world,2.253005781,13.96872684,19.0430278
637.14,sort,0.4090909091,8,1,0.1909090909,12.14366474,12.28532417,13.17580448,22,4598,5720,5,1,1,1,1,0.24,world,12.01354159,19.6984958,23.17282475
637.224,ours,1,0,0,0.2,2.25463666,2.274488495,2.6332296,0,6704,8380,5,1,1,1,1,0.04,world,2.243271975,13.96475221,19.04131088
637.224,ab3dmot,1,0,0,0.2,2.254016652,2.274130437,2.639279992,0,6708,8385,5,1,1,1,1,0.288,world,2.244002817,13.9639552,19.03995367
637.224,sort,0.4096170971,8,1,0.1909170306,12.14314803,12.28507427,13.17574728,22,4602,5725,5,1,1,1,1,0.328,world,12.00141366,19.69105143,23.16770858
637.3,ours,1,0,0,0.2,2.254614021,2.274464952,2.633082408,0,6708,8385,5,1,1,1,1,0.036,world,2.234658424,13.95916215,19.0373163
637.3,ab3dmot,1,0,0,0.2,2.253864503,2.27410785,2.639095491,0,6712,8390,5,1,1,1,1,0.264,world,2.235908678,13.95823525,19.03526697
637.3,sort,0.4101423488,8,1,0.1909249564,12.14298973,12.28480032,13.17569009,22,4606,5730,5,1,1,1,1,0.168,world,11.97319473,19.52423413,22.9047214
637.364,ours,1,0,0,0.2,2.254610303,2.274435604,2.632935215,0,6712,8390,5,1,1,1,1,0.016,world,2.224673919,13.95615722,19.03656917
637.364,ab3dmot,1,0,0,0.2,2.253712355,2.274079698,2.63891099,0,6716,8395,5,1,1,1,1,0.296,world,2.226339751,13.95466351,19.03369214
637.364,sort,0.4106666667,8,1,0.1909328684,12.14283144,12.28453603,13.17563289,22,4610,5735,5,1,1,1,1,0.232,world,11.98378669,19.80467626,23.37057228
637.4,ours,1,0,0,0.2,2.254606585,2.274403749,2.632788023,0,6716,8395,5,1,1,1,1,0.004,world,2.220307088,13.95358712,19.03483975
637.4,ab3dmot,1,0,0,0.2,2.253685284,2.274049114,2.638726489,0,6720,8400,5,1,1,1,1,0.268,world,2.222104629,13.95207702,19.03180169
637.4,sort,0.4111900533,8,1,0.1909407666,12.14242531,12.28427094,13.1755757,22,4614,5740,5,1,1,1,1,0.2,world,11.98233399,19.84345854,23.43695498
637.48,ours,1,0,0,0.2,2.25423774,2.274366522,2.632640831,0,6720,8400,5,1,1,1,1,0.024,world,2.210978988,13.94960963,19.03285185
637.48,ab3dmot,1,0,0,0.2,2.253658214,2.274013103,2.638541988,0,6724,8405,5,1,1,1,1,0.312,world,2.212686887,13.9483581,19.03008205
637.48,sort,0.4117125111,8,1,0.190948651,12.14201918,12.28399525,13.1755185,22,4618,5745,5,1,1,1,1,0.156,world,11.96953908,19.83948222,23.43840201
637.512,ours,1,0,0,0.2,2.253868895,2.274326501,2.632493638,0,6724,8405,5,1,1,1,1,0.012,world,2.206066154,13.94814292,19.03250001
637.512,ab3dmot,1,0,0,0.2,2.253626705,2.273974297,2.638514222,0,6728,8410,5,1,1,1,1,0.344,world,2.207777652,13.94689207,19.02973016
637.512,sort,0.4122340426,8,1,0.1909565217,12.14116223,12.28371717,13.17546131,22,4622,5750,5,1,1,1,1,0.148,world,11.96622032,19.85470401,23.46609839
637.592,ours,1,0,0,0.2,2.253567521,2.274281043,2.632031971,0,6728,8410,5,1,1,1,1,0.028,world,2.196536628,13.94418995,19.03093576
637.592,ab3dmot,1,0,0,0.2,2.253595195,2.273929946,2.638486457,0,6732,8415,5,1,1,1,1,0.332,world,2.198065859,13.94257066,19.02817758
637.592,sort,0.4127546501,8,1,0.1909643788,12.14030528,12.28343163,13.17540411,22,4626,5755,5,1,1,1,1,0.232,world,11.95699566,19.86423867,23.48779107
637.608,ours,1,0,0,0.2,2.253266147,2.274232753,2.631570303,0,6732,8415,5,1,1,1,1,0.008,world,2.1915037,13.94210254,19.03046125
637.608,ab3dmot,1,0,0,0.2,2.253461025,2.273882629,2.638458692,0,6736,8420,5,1,1,1,1,0.276,world,2.192800673,13.94037744,19.02792687
637.608,sort,0.4132743363,8,1,0.1909722222,12.14015172,12.283143,13.17534692,22,4630,5760,5,1,1,1,1,0.248,world,11.95283157,19.87130818,23.50223703
637.676,ours,1,0,0,0.2,2.253094718,2.274178902,2.631108635,0,6736,8420,5,1,1,1,1,0.016,world,2.181664338,13.93882843,19.02987472
637.676,ab3dmot,1,0,0,0.2,2.253326854,2.27382969,2.638430926,0,6740,8425,5,1,1,1,1,0.312,world,2.182860971,13.93781658,19.02787297
637.676,sort,0.4137931034,8,1,0.190980052,12.13999816,12.28284576,13.17528972,22,4634,5765,5,1,1,1,1,0.312,world,11.94224439,19.87191343,23.50975822
637.7,ours,1,0,0,0.2,2.252923289,2.274125113,2.630646968,0,6740,8425,5,1,1,1,1,0.004,world,2.181664338,13.93882843,19.02987472
637.7,ab3dmot,1,0,0,0.2,2.253314137,2.273776617,2.638403161,0,6744,8430,5,1,1,1,1,0.304,world,2.182514553,13.9379042,19.02833583
637.7,sort,0.4143109541,8,1,0.1909878683,12.139982,12.28254855,13.17523253,22,4638,5770,5,1,1,1,1,0.304,world,11.9416661,19.87023095,23.50734377
637.76,ours,1,0,0,0.2,2.252914871,2.274065804,2.6301853,0,6744,8430,5,1,1,1,1,0.032,world,2.17183075,13.93591063,19.02964819
637.76,ab3dmot,1,0,0,0.2,2.25330142,2.273717772,2.638375395,0,6748,8435,5,1,1,1,1,0.296,world,2.172240182,13.93550895,19.02893367
637.76,sort,0.4148278906,8,1,0.190995671,12.13996584,12.28223188,13.17517533,22,4642,5775,5,1,1,1,1,0.164,world,11.91837394,19.80975432,23.4203485
637.796,ours,1,0,0,0.2,2.252906453,2.274003541,2.629723633,0,6748,8435,5,1,1,1,1,0.02,world,2.166484663,13.93504962,19.03045024
637.796,ab3dmot,1,0,0,0.2,2.2531536,2.273655651,2.63834763,0,6752,8440,5,1,1,1,1,0.268,world,2.166322106,13.93592191,19.03113923
637.796,sort,0.4153439153,8,1,0.1910034602,12.1398046,12.28190461,13.17511814,22,4646,5780,5,1,1,1,1,0.068,world,11.90531903,19.77109814,23.36362412
637.836,ours,1,0,0,0.2,2.252685916,2.273938182,2.629261965,0,6752,8440,5,1,1,1,1,0.028,world,2.160864468,13.93530738,19.03225943
637.836,ab3dmot,1,0,0,0.2,2.253005781,2.273590287,2.638319865,0,6756,8445,5,1,1,1,1,0.24,world,2.160439512,13.93752335,19.03404578
637.836,sort,0.4158590308,8,1,0.191011236,12.13964337,12.28157152,13.17506094,22,4650,5785,5,1,1,1,1,0.076,world,11.89785105,19.7594073,23.34861925
637.9,ours,1,0,0,0.2,2.252465379,2.27386737,2.628800297,0,6756,8445,5,1,1,1,1,0.02,world,2.151016456,13.9344587,19.03360986
637.9,ab3dmot,1,0,0,0.2,2.252899426,2.27351943,2.638292099,0,6760,8450,5,1,1,1,1,0.24,world,2.150512402,13.93719711,19.03581853
637.9,sort,0.4163732394,8,1,0.1910189983,12.13958856,12.28122927,13.17500375,22,4654,5790,5,1,1,1,1,0.14,world,11.88642671,19.75308449,23.34502075
637.96,ours,1,0,0,0.2,2.25246199,2.273791234,2.62833863,0,6760,8450,5,1,1,1,1,0.036,world,2.141337038,13.93392984,19.03517545
637.96,ab3dmot,1,0,0,0.2,2.252793071,2.273443408,2.638264334,0,6764,8455,5,1,1,1,1,0.2,world,2.141111913,13.93600312,19.03668309
637.96,sort,0.4168865435,8,1,0.1910267472,12.13953375,12.28087807,13.17494655,22,4658,5795,5,1,1,1,1,0.2,world,11.87520619,19.74697259,23.34165771
638,ours,1,0,0,0.2,2.252458601,2.27371275,2.627876962,0,6764,8455,5,1,1,1,1,0.004,world,2.136960839,13.93266118,19.03491223
638,ab3dmot,1,0,0,0.2,2.252642968,2.273365039,2.638236568,0,6768,8460,5,1,1,1,1,0.24,world,2.136735385,13.93473462,19.0364199
638,sort,0.4173989455,8,1,0.1910344828,12.13941771,12.28052276,13.17488936,22,4662,5800,5,1,1,1,1,0.24,world,11.86965264,19.74386509,23.33985785
638.056,ours,1,0,0,0.2,2.252344535,2.273631959,2.627415294,0,6768,8460,5,1,1,1,1,0.016,world,2.132639531,13.93141137,19.03465642
638.056,ab3dmot,1,0,0,0.2,2.252492865,2.273284363,2.638208803,0,6772,8465,5,1,1,1,1,0.296,world,2.132413754,13.93348497,19.03616413
638.056,sort,0.4179104478,8,1,0.191042205,12.13930168,12.28016339,13.17483216,22,4666,5805,5,1,1,1,1,0.296,world,11.86415823,19.74081444,23.33811873
638.1,ours,1,0,0,0.2,2.252230468,2.273546386,2.626953627,0,6772,8465,5,1,1,1,1,0.012,world,2.12382524,13.92950743,19.03488329
638.1,ab3dmot,1,0,0,0.2,2.251835546,2.273199875,2.638181038,0,6776,8470,5,1,1,1,1,0.276,world,2.125350564,13.93113101,19.03412655
638.1,sort,0.4184210526,8,1,0.1910499139,12.13927031,12.27979117,13.17477496,22,4670,5810,5,1,1,1,1,0.24,world,11.84823773,19.70863315,23.29400726
638.156,ours,1,0,0,0.2,2.252182114,2.273459152,2.626491959,0,6776,8470,5,1,1,1,1,0.032,world,2.120632014,13.92833074,19.03356718
638.156,ab3dmot,1,0,0,0.2,2.251178228,2.27311273,2.638153272,0,6780,8475,5,1,1,1,1,0.232,world,2.120353463,13.9309785,19.03550195
638.156,sort,0.4189307625,8,1,0.1910576096,12.13923894,12.27941515,13.17471777,22,4674,5815,5,1,1,1,1,0.296,world,11.84298998,19.70602855,23.29286898
638.224,ours,1,0,0,0.2,2.252133761,2.273367346,2.626030291,0,6780,8475,5,1,1,1,1,0.024,world,2.112125716,13.92685003,19.03409356
638.224,ab3dmot,1,0,0,0.2,2.25116219,2.273021883,2.638125507,0,6784,8480,5,1,1,1,1,0.132,world,2.113430897,13.92764178,19.03310051
638.224,sort,0.4194395797,8,1,0.1910652921,12.13909465,12.27902145,13.17424119,22,4678,5820,5,1,1,1,1,0.132,world,11.8212699,19.63913505,23.19420898
638.324,ours,1,0,0,0.2,2.25205236,2.273269684,2.625568624,0,6784,8480,5,1,1,1,1,0.036,world,2.101219719,13.92330825,19.03250606
638.324,ab3dmot,1,0,0,0.2,2.251146152,2.272924776,2.638097741,0,6788,8485,5,1,1,1,1,0.232,world,2.101784682,13.9243357,19.03250031
638.324,sort,0.4199475066,8,1,0.1910729614,12.13895036,12.27862912,13.17376462,22,4682,5825,5,1,1,1,1,0.232,world,11.82209508,19.75280256,23.38351385
638.42,ours,1,0,0,0.2,2.251970959,2.273168102,2.625106956,0,6788,8485,5,1,1,1,1,0.032,world,2.09380376,13.92121947,19.03214872
638.42,ab3dmot,1,0,0,0.2,2.250922655,2.272823749,2.638069976,0,6792,8490,5,1,1,1,1,0.328,world,2.094370901,13.92224763,19.03214298
638.42,sort,0.4204545455,8,1,0.1910806175,12.13884624,12.2782338,13.17328804,22,4686,5830,5,1,1,1,1,0.328,world,11.81774565,19.78300473,23.43662674
638.488,ours,1,0,0,0.2,2.251590181,2.27306299,2.624645289,0,6792,8490,5,1,1,1,1,0.02,world,2.087075358,13.91897255,19.03123034
638.488,ab3dmot,1,0,0,0.2,2.250699159,2.272719714,2.63804221,0,6796,8495,5,1,1,1,1,0.332,world,2.088607522,13.91908259,19.02958333
638.488,sort,0.4209606987,8,1,0.1910882605,12.13874212,12.2778336,13.17281146,22,4690,5835,5,1,1,1,1,0.396,world,11.81112196,19.79529468,23.46123072
638.532,ours,1,0,0,0.2,2.251209403,2.272956919,2.624183621,0,6796,8495,5,1,1,1,1,0.032,world,2.085079311,13.91695565,19.02881441
638.532,ab3dmot,1,0,0,0.2,2.250505611,2.272615371,2.638014445,0,6800,8500,5,1,1,1,1,0.312,world,2.087819293,13.91578435,19.02503736
638.532,sort,0.4214659686,8,1,0.1910958904,12.13845649,12.27742841,13.17233488,22,4694,5840,5,1,1,1,1,0.276,world,11.80436696,19.79482711,23.46447724
638.584,ours,1,0,0,0.2,2.251148249,2.272849635,2.623721953,0,6800,8500,5,1,1,1,1,0.02,world,2.082608149,13.91189752,19.02192534
638.584,ab3dmot,1,0,0,0.2,2.250312063,2.272510787,2.63798668,0,6804,8505,5,1,1,1,1,0.264,world,2.087153476,13.90916512,19.01520514
638.584,sort,0.4219703575,8,1,0.1911035073,12.13817085,12.27701641,13.17185831,22,4698,5845,5,1,1,1,1,0.196,world,11.79540418,19.79571589,23.47138912
638.632,ours,1,0,0,0.2,2.251087095,2.27274155,2.623260286,0,6804,8505,5,1,1,1,1,0.028,world,2.080896098,13.90991418,19.01947954
638.632,ab3dmot,1,0,0,0.2,2.250225859,2.272405522,2.637589616,0,6808,8510,5,1,1,1,1,0.28,world,2.085674823,13.90697216,19.01238397
638.632,sort,0.4224738676,8,1,0.1911111111,12.13803108,12.27660162,13.17138173,22,4702,5850,5,1,1,1,1,0.248,world,11.79123775,19.79399882,23.471095
638.684,ours,1,0,0,0.2,2.250821132,2.272632353,2.623237325,0,6808,8510,5,1,1,1,1,0.024,world,2.078599947,13.90530226,19.01321693
638.684,ab3dmot,1,0,0,0.2,2.250139655,2.272298581,2.637192552,0,6812,8515,5,1,1,1,1,0.264,world,2.082340698,13.90291854,19.00763184
638.684,sort,0.4229765013,8,1,0.191118702,12.1378913,12.27618082,13.17090515,22,4706,5855,5,1,1,1,1,0.3,world,11.78320053,19.79078783,23.4707038
638.74,ours,1,0,0,0.2,2.25055517,2.272521697,2.623214364,0,6812,8515,5,1,1,1,1,0.028,world,2.075654348,13.90450459,19.01312666
638.74,ab3dmot,1,0,0,0.2,2.249763718,2.272190181,2.636795488,0,6816,8520,5,1,1,1,1,0.324,world,2.079400444,13.90212195,19.00754157
638.74,sort,0.4234782609,8,1,0.1911262799,12.13781374,12.27575846,13.17042857,22,4710,5860,5,1,1,1,1,0.132,world,11.78046634,19.79393147,23.4774791
638.8,ours,1,0,0,0.2,2.250144565,2.272408149,2.623191403,0,6816,8520,5,1,1,1,1,0.016,world,2.070017237,13.90299166,19.01297604
638.8,ab3dmot,1,0,0,0.2,2.249387781,2.272078886,2.636398424,0,6820,8525,5,1,1,1,1,0.38,world,2.07377364,13.90061111,19.00739096
638.8,sort,0.4239791486,8,1,0.1911338448,12.13773617,12.27533315,13.169952,22,4714,5865,5,1,1,1,1,0.184,world,11.77605824,19.79932552,23.48927141
638.848,ours,1,0,0,0.2,2.24973396,2.272293292,2.623168443,0,6820,8525,5,1,1,1,1,0.032,world,2.067327657,13.90227697,19.0129159
638.848,ab3dmot,1,0,0,0.2,2.249203625,2.27196628,2.63600136,0,6824,8530,5,1,1,1,1,0.428,world,2.071089017,13.89989743,19.00733083
638.848,sort,0.4244791667,8,1,0.1911413969,12.13711227,12.27490703,13.16947542,22,4718,5870,5,1,1,1,1,0.232,world,11.77422675,19.80270448,23.4960824
638.9,ours,1,0,0,0.2,2.249645793,2.272175838,2.623145482,0,6824,8530,5,1,1,1,1,0.02,world,2.062210932,13.90093246,19.01282652
638.9,ab3dmot,1,0,0,0.2,2.249019468,2.271853956,2.635604296,0,6828,8535,5,1,1,1,1,0.348,world,2.071379465,13.89271866,18.99781242
638.9,sort,0.4249783174,8,1,0.1911489362,12.13648836,12.274476,13.16899884,22,4722,5875,5,1,1,1,1,0.284,world,11.76744706,19.80041297,23.49647712
638.916,ours,1,0,0,0.2,2.249557627,2.272061188,2.623122521,0,6828,8535,5,1,1,1,1,0,world,2.067229476,13.89604762,19.00436759
638.916,ab3dmot,1,0,0,0.2,2.248830346,2.271742504,2.635207232,0,6832,8540,5,1,1,1,1,0.332,world,2.072774897,13.89123478,18.99539831
638.916,sort,0.4254766031,8,1,0.1911564626,12.1357148,12.2740457,13.16852226,22,4726,5880,5,1,1,1,1,0.3,world,11.76744706,19.80041297,23.49647712
638.964,ours,1,0,0,0.2,2.249503172,2.271946363,2.62309956,0,6832,8540,5,1,1,1,1,0.012,world,2.066661829,13.89102561,18.99746682
638.964,ab3dmot,1,0,0,0.2,2.248641224,2.271630968,2.634810168,0,6836,8545,5,1,1,1,1,0.28,world,2.072385636,13.88599765,18.9882115
638.964,sort,0.425974026,8,1,0.1911639762,12.13494123,12.27366719,13.16804569,22,4730,5885,5,1,1,1,1,0.148,world,11.82879393,20.08075883,23.92958677
639.012,ours,1,0,0,0.2,2.249448717,2.27183194,2.623076599,0,6836,8545,5,1,1,1,1,0.02,world,2.067173428,13.88797177,18.99297498
639.012,ab3dmot,1,0,0,0.2,2.248301816,2.271519683,2.634413104,0,6840,8550,5,1,1,1,1,0.26,world,2.072620699,13.88312025,18.98414924
639.012,sort,0.4264705882,8,1,0.1911714771,12.13469613,12.27328688,13.16756911,22,4734,5890,5,1,1,1,1,0.196,world,11.82587186,20.08019114,23.93047061
639.072,ours,1,0,0,0.2,2.249350332,2.271716669,2.623053639,0,6840,8550,5,1,1,1,1,0.032,world,2.065339249,13.88491952,18.98922804
639.072,ab3dmot,1,0,0,0.2,2.247962408,2.271406815,2.63401604,0,6844,8555,5,1,1,1,1,0.292,world,2.069415845,13.8812898,18.98263826
639.072,sort,0.4269662921,8,1,0.1911789652,12.13445104,12.27294115,13.16709253,22,4738,5895,5,1,1,1,1,0.26,world,11.86653875,20.23819056,24.17094164
639.112,ours,1,0,0,0.2,2.249251947,2.271601029,2.623030678,0,6844,8555,5,1,1,1,1,0.012,world,2.064402413,13.88366846,18.98768213
639.112,ab3dmot,1,0,0,0.2,2.24766379,2.271293468,2.633618976,0,6848,8560,5,1,1,1,1,0.296,world,2.068279651,13.88023692,18.98143271
639.112,sort,0.4274611399,8,1,0.1911864407,12.13401618,12.27262066,13.16661595,22,4742,5900,5,1,1,1,1,0.296,world,11.89603904,20.33935666,24.32277461
639.18,ours,1,0,0,0.2,2.249180853,2.27148359,2.623007717,0,6848,8560,5,1,1,1,1,0.02,world,2.060767275,13.88279844,18.98776532
639.18,ab3dmot,1,0,0,0.2,2.247365171,2.271178321,2.633221912,0,6852,8565,5,1,1,1,1,0.364,world,2.064651547,13.87936828,18.98151599
639.18,sort,0.4279551337,8,1,0.1911939035,12.13358132,12.27231623,13.16613938,22,4746,5905,5,1,1,1,1,0.364,world,11.91455781,20.40899926,24.42845638
639.204,ours,1,0,0,0.2,2.24910976,2.271366642,2.622984756,0,6852,8565,5,1,1,1,1,0.004,world,2.061444456,13.88190895,18.98650817
639.204,ab3dmot,1,0,0,0.2,2.247356825,2.271063479,2.632824848,0,6856,8570,5,1,1,1,1,0.356,world,2.06498491,13.87862264,18.98072562
639.204,sort,0.4284482759,8,1,0.1912013536,12.13339538,12.2720342,13.1656628,22,4750,5910,5,1,1,1,1,0.356,world,11.94068448,20.48400865,24.53835337
639.264,ours,1,0,0,0.2,2.24887567,2.271248684,2.622961796,0,6856,8570,5,1,1,1,1,0.02,world,2.059292724,13.87947483,18.98445313
639.264,ab3dmot,1,0,0,0.2,2.247348479,2.270947218,2.632427784,0,6860,8575,5,1,1,1,1,0.352,world,2.062064375,13.87654204,18.97973728
639.264,sort,0.4289405685,8,1,0.1912087912,12.13320944,12.27178486,13.16518622,22,4754,5915,5,1,1,1,1,0.32,world,11.97906036,20.60137628,24.71189236
639.304,ours,1,0,0,0.2,2.248641581,2.271130326,2.622938835,0,6860,8575,5,1,1,1,1,0.004,world,2.058286144,13.87840119,18.98358056
639.304,ab3dmot,1,0,0,0.2,2.247229824,2.270830361,2.63203072,0,6864,8580,5,1,1,1,1,0.356,world,2.060691417,13.87567102,18.97939124
639.304,sort,0.4294320138,8,1,0.1912162162,12.13255476,12.2715766,13.16514388,22,4758,5920,5,1,1,1,1,0.224,world,12.02735191,20.73156438,24.90080025
639.368,ours,1,0,0,0.2,2.248171767,2.271011021,2.622915874,0,6864,8580,5,1,1,1,1,0.024,world,2.056241058,13.8766226,18.98237918
639.368,ab3dmot,1,0,0,0.2,2.247111168,2.270712136,2.631633656,0,6868,8585,5,1,1,1,1,0.356,world,2.057857294,13.87438781,18.97935235
639.368,sort,0.4299226139,8,1,0.1912236287,12.13190008,12.27136555,13.16510153,22,4762,5925,5,1,1,1,1,0.288,world,12.02362257,20.73130287,24.90275159
639.4,ours,1,0,0,0.2,2.247701954,2.270891431,2.622892913,0,6868,8585,5,1,1,1,1,0.004,world,2.055450439,13.87573718,18.98167464
639.4,ab3dmot,1,0,0,0.2,2.24687725,2.270593224,2.631236592,0,6872,8590,5,1,1,1,1,0.32,world,2.056303002,13.87360795,18.97956501
639.4,sort,0.4304123711,8,1,0.1912310287,12.13166982,12.27115344,13.16505918,22,4766,5930,5,1,1,1,1,0.32,world,12.02194152,20.73129053,24.90381385
639.436,ours,1,0,0,0.2,2.247279688,2.270771419,2.622869953,0,6872,8590,5,1,1,1,1,0.028,world,2.054396132,13.87452447,18.98118838
639.436,ab3dmot,1,0,0,0.2,2.246643332,2.270473227,2.630839528,0,6876,8595,5,1,1,1,1,0.26,world,2.053992814,13.87352574,18.98110462
639.436,sort,0.4309012876,8,1,0.1912384162,12.13143956,12.27100069,13.16501684,22,4770,5935,5,1,1,1,1,0.164,world,12.09188606,20.90802513,25.15754045
639.484,ours,1,0,0,0.2,2.246857422,2.270651014,2.622846992,0,6876,8595,5,1,1,1,1,0.016,world,2.053396788,13.87376364,18.98099173
639.484,ab3dmot,1,0,0,0.2,2.246442371,2.270352654,2.630442464,0,6880,8600,5,1,1,1,1,0.24,world,2.052643436,13.87307507,18.98147189
639.484,sort,0.4313893654,8,1,0.1912457912,12.13080923,12.2708473,13.16497449,22,4774,5940,5,1,1,1,1,0.204,world,12.09082644,20.9090556,25.15997186
639.508,ours,1,0,0,0.2,2.246593595,2.270530552,2.622824031,0,6880,8600,5,1,1,1,1,0.008,world,2.053034041,13.87275027,18.98005048
639.508,ab3dmot,1,0,0,0.2,2.246241409,2.270231882,2.6300454,0,6884,8605,5,1,1,1,1,0.228,world,2.052011377,13.8725893,18.98111556
639.508,sort,0.4318766067,8,1,0.1912531539,12.13017889,12.27069338,13.16493214,22,4778,5945,5,1,1,1,1,0.228,world,12.08989063,20.91016421,25.1624586
639.58,ours,1,0,0,0.2,2.246329769,2.270409404,2.62280107,0,6884,8605,5,1,1,1,1,0.024,world,2.051472607,13.87255095,18.98038804
639.58,ab3dmot,1,0,0,0.2,2.246130339,2.270110425,2.629850506,0,6888,8610,5,1,1,1,1,0.3,world,2.050448989,13.87238974,18.98145311
639.58,sort,0.4323630137,8,1,0.1912605042,12.13006004,12.27053814,13.1648898,22,4782,5950,5,1,1,1,1,0.304,world,12.08801875,20.91172511,25.1663312
639.64,ours,1,0,0,0.2,2.24625386,2.270288055,2.622745958,0,6888,8610,5,1,1,1,1,0.032,world,2.050833906,13.87249741,18.98057467
639.64,ab3dmot,1,0,0,0.2,2.246019269,2.269988767,2.629655612,0,6892,8615,5,1,1,1,1,0.36,world,2.049809884,13.87233609,18.98163974
639.64,sort,0.4328485885,8,1,0.1912678421,12.1299412,12.2703827,13.16484745,22,4786,5955,5,1,1,1,1,0.36,world,12.08745596,20.91306649,25.16897995
639.684,ours,1,0,0,0.2,2.246177951,2.270166579,2.622690845,0,6892,8615,5,1,1,1,1,0.016,world,2.050336029,13.87194973,18.9801874
639.684,ab3dmot,1,0,0,0.2,2.245978401,2.269867184,2.629460718,0,6896,8620,5,1,1,1,1,0.34,world,2.049696884,13.87170193,18.9807739
639.684,sort,0.4333333333,8,1,0.1912751678,12.12959322,12.27022657,13.16480511,22,4790,5960,5,1,1,1,1,0.408,world,12.08633146,20.91452516,25.17317033
639.708,ours,1,0,0,0.2,2.245785481,2.270045723,2.622635733,0,6896,8620,5,1,1,1,1,0.008,world,2.051262361,13.87140985,18.97881962
639.708,ab3dmot,1,0,0,0.2,2.245937534,2.269746319,2.629265824,0,6900,8625,5,1,1,1,1,0.3,world,2.050810386,13.8715805,18.9794168
639.708,sort,0.4338172502,8,1,0.1912824811,12.12924523,12.27010145,13.16476276,22,4794,5965,5,1,1,1,1,0.332,world,12.12283739,21.00079082,25.29458339
639.764,ours,1,0,0,0.2,2.245393011,2.269925342,2.622580621,0,6900,8625,5,1,1,1,1,0.024,world,2.051914651,13.87098641,18.977575
639.764,ab3dmot,1,0,0,0.2,2.245874874,2.269625854,2.629070929,0,6904,8630,5,1,1,1,1,0.288,world,2.051319755,13.87172125,18.97863292
639.764,sort,0.4343003413,8,1,0.1912897822,12.12959322,12.27000903,13.16472041,22,4798,5970,5,1,1,1,1,0.288,world,12.16130208,21.09209298,25.42429148
639.8,ours,1,0,0,0.2,2.245391767,2.269805433,2.622525508,0,6904,8630,5,1,1,1,1,0.028,world,2.05256048,13.87109217,18.97691809
639.8,ab3dmot,1,0,0,0.2,2.245812215,2.269505937,2.628876035,0,6908,8635,5,1,1,1,1,0.256,world,2.05211185,13.87221329,18.97802466
639.8,sort,0.4347826087,8,1,0.1912970711,12.12924523,12.26971273,13.16467807,22,4802,5975,5,1,1,1,1,0.224,world,11.91738383,20.47221126,24.53323583
639.86,ours,1,0,0,0.2,2.245390523,2.269686459,2.622470396,0,6908,8635,5,1,1,1,1,0.048,world,2.054091962,13.8709819,18.97526295
639.86,ab3dmot,1,0,0,0.2,2.245694792,2.2693867,2.628681141,0,6912,8640,5,1,1,1,1,0.252,world,2.053157229,13.87244407,18.97709983
639.86,sort,0.4352640545,8,1,0.1913043478,12.12903523,12.26946206,13.16463572,22,4806,5980,5,1,1,1,1,0.256,world,11.97180857,20.62165654,24.75097505
639.904,ours,1,0,0,0.2,2.245379741,2.269567686,2.622415284,0,6912,8640,5,1,1,1,1,0.004,world,2.054224632,13.87133394,18.97581668
639.904,ab3dmot,1,0,0,0.2,2.245577369,2.269267664,2.628486247,0,6916,8645,5,1,1,1,1,0.296,world,2.053289848,13.87279605,18.97765348
639.904,sort,0.4357446809,8,1,0.1913116124,12.12882523,12.26923445,13.16459338,22,4810,5985,5,1,1,1,1,0.296,world,11.99904221,20.69430226,24.85642366
639.964,ours,1,0,0,0.2,2.24536896,2.269449151,2.622360171,0,6916,8645,5,1,1,1,1,0.024,world,2.054429708,13.87155528,18.9761116
639.964,ab3dmot,1,0,0,0.2,2.245266342,2.269148866,2.628291353,0,6920,8650,5,1,1,1,1,0.356,world,2.053494956,13.87301737,18.97794836
639.964,sort,0.4362244898,8,1,0.1913188648,12.12803246,12.2690211,13.16455103,22,4814,5990,5,1,1,1,1,0.356,world,12.0157209,20.73718597,24.91828963
640,ours,1,0,0,0.2,2.245222162,2.269331201,2.622305059,0,6920,8650,5,1,1,1,1,0.016,world,2.055297505,13.87160613,18.97567653
640,ab3dmot,1,0,0,0.2,2.244955314,2.269031024,2.628096459,0,6924,8655,5,1,1,1,1,0.324,world,2.055070052,13.87287978,18.97662973
640,sort,0.4367034834,8,1,0.1913261051,12.12723969,12.26875781,13.16450868,22,4818,5995,5,1,1,1,1,0.36,world,11.95512025,20.57482675,24.6829003
640.036,ours,1,0,0,0.2,2.245075365,2.269214207,2.622249946,0,6924,8655,5,1,1,1,1,0.032,world,2.056873152,13.87122824,18.97432053
640.036,ab3dmot,1,0,0,0.2,2.244887735,2.268914076,2.627901564,0,6928,8660,5,1,1,1,1,0.296,world,2.056531629,13.87230182,18.97528907
640.036,sort,0.4371816638,8,1,0.1913333333,12.12715012,12.26845589,13.16446634,22,4822,6000,5,1,1,1,1,0.296,world,11.90779188,20.43494688,24.47715022
640.088,ours,1,0,0,0.2,2.24506228,2.269098253,2.622194834,0,6928,8660,5,1,1,1,1,0.016,world,2.058615747,13.87124125,18.97387716
640.088,ab3dmot,1,0,0,0.2,2.244820157,2.268798255,2.62770667,0,6932,8665,5,1,1,1,1,0.284,world,2.058440078,13.8720318,18.97450501
640.088,sort,0.4376590331,8,1,0.1913405495,12.12706055,12.26815528,13.16442399,22,4826,6005,5,1,1,1,1,0.216,world,11.90876119,20.43394965,24.47495212
640.108,ours,1,0,0,0.2,2.245049196,2.268983148,2.622139722,0,6932,8665,5,1,1,1,1,0.004,world,2.05999046,13.86994311,18.97164734
640.108,ab3dmot,1,0,0,0.2,2.244697642,2.268683147,2.627511776,0,6936,8670,5,1,1,1,1,0.204,world,2.059557471,13.87046399,18.97241031
640.108,sort,0.4381355932,8,1,0.1913477537,12.12666943,12.267855,13.16438165,22,4830,6010,5,1,1,1,1,0.14,world,11.90855809,20.43107222,24.47022062
640.18,ours,1,0,0,0.2,2.245008152,2.268869223,2.622084609,0,6936,8670,5,1,1,1,1,0.024,world,2.062001646,13.86978097,18.9711948
640.18,ab3dmot,1,0,0,0.2,2.244575128,2.268569003,2.627316882,0,6940,8675,5,1,1,1,1,0.244,world,2.061155642,13.87071013,18.97263613
640.18,sort,0.4386113463,8,1,0.191354946,12.12627832,12.26750529,13.1643393,22,4834,6015,5,1,1,1,1,0.156,world,11.847659,20.22841422,24.16757795
640.236,ours,1,0,0,0.2,2.244967109,2.268756346,2.622029497,0,6940,8675,5,1,1,1,1,0.024,world,2.063762442,13.87066682,18.97196363
640.236,ab3dmot,1,0,0,0.2,2.244423364,2.268455906,2.627121988,0,6944,8680,5,1,1,1,1,0.296,world,2.062917034,13.87159604,18.97340489
640.236,sort,0.4390862944,8,1,0.1913621262,12.12584687,12.26713541,13.16382993,22,4838,6020,5,1,1,1,1,0.2,world,11.82223257,20.13173291,24.02103754
640.3,ours,1,0,0,0.2,2.244871542,2.2686447,2.621974385,0,6944,8680,5,1,1,1,1,0.032,world,2.065871813,13.87166731,18.97277908
640.3,ab3dmot,1,0,0,0.2,2.244271599,2.26834404,2.626927094,0,6948,8685,5,1,1,1,1,0.36,world,2.065027137,13.87259661,18.97422027
640.3,sort,0.4395604396,8,1,0.1913692946,12.12541542,12.26680427,13.16332056,22,4842,6025,5,1,1,1,1,0.264,world,11.86893932,20.28408993,24.24846472
640.344,ours,1,0,0,0.2,2.244775975,2.268533798,2.621919272,0,6948,8685,5,1,1,1,1,0.012,world,2.067055368,13.87220998,18.9732041
640.344,ab3dmot,1,0,0,0.2,2.244262207,2.268232917,2.6267322,0,6952,8690,5,1,1,1,1,0.404,world,2.06621111,13.87313933,18.97464525
640.344,sort,0.4400337838,8,1,0.1913764511,12.12521181,12.26650173,13.16281119,22,4846,6030,5,1,1,1,1,0.312,world,11.90321801,20.38830185,24.40256701
640.4,ours,1,0,0,0.2,2.244674929,2.268423683,2.62186416,0,6952,8690,5,1,1,1,1,0.024,world,2.068323783,13.8727806,18.97364052
640.4,ab3dmot,1,0,0,0.2,2.244252814,2.268122581,2.626537305,0,6956,8695,5,1,1,1,1,0.46,world,2.067479975,13.87371,18.97508163
640.4,sort,0.4405063291,8,1,0.1913835957,12.12500821,12.26622136,13.16230183,22,4850,6035,5,1,1,1,1,0.364,world,11.92963908,20.46390665,24.5134224
640.432,ours,1,0,0,0.2,2.244573884,2.268314398,2.621809047,0,6956,8695,5,1,1,1,1,0.024,world,2.069676221,13.87337892,18.97408824
640.432,ab3dmot,1,0,0,0.2,2.244252814,2.268013076,2.626342411,0,6960,8700,5,1,1,1,1,0.492,world,2.068832897,13.87430838,18.97552931
640.432,sort,0.4409780776,8,1,0.1913907285,12.12408209,12.26596272,13.16179246,22,4854,6040,5,1,1,1,1,0.328,world,11.95554345,20.53306215,24.61382555
640.468,ours,1,0,0,0.2,2.243941853,2.268207396,2.621753935,0,6960,8700,5,1,1,1,1,0.028,world,2.073794587,13.87092661,18.96990837
640.468,ab3dmot,1,0,0,0.2,2.244252814,2.267905803,2.626147517,0,6964,8705,5,1,1,1,1,0.2,world,2.072858449,13.87153183,18.9712774
640.468,sort,0.4414490312,8,1,0.1913978495,12.12315597,12.26571224,13.16128309,22,4858,6045,5,1,1,1,1,0.2,world,11.96495569,20.55047417,24.63744092
640.516,ours,1,0,0,0.2,2.243309821,2.268102148,2.621698823,0,6964,8705,5,1,1,1,1,0.016,world,2.076908057,13.87225874,18.97085959
640.516,ab3dmot,1,0,0,0.2,2.244127816,2.267800283,2.626022987,0,6968,8710,5,1,1,1,1,0.248,world,2.075973228,13.87286418,18.97222856
640.516,sort,0.4419191919,8,1,0.1914049587,12.12313981,12.26547174,13.16077372,22,4862,6050,5,1,1,1,1,0.088,world,11.97659059,20.57016363,24.66355739
640.556,ours,1,0,0,0.2,2.243309821,2.267997899,2.621587006,0,6968,8710,5,1,1,1,1,0.024,world,2.078585678,13.87296472,18.97135151
640.556,ab3dmot,1,0,0,0.2,2.244002817,2.267695912,2.625898458,0,6972,8715,5,1,1,1,1,0.256,world,2.077937837,13.87289428,18.97204417
640.556,sort,0.4423885618,8,1,0.1914120562,12.12312365,12.26523481,13.16026435,22,4866,6055,5,1,1,1,1,0.092,world,11.98044572,20.57579344,24.67071021
640.6,ours,1,0,0,0.2,2.243309821,2.267895034,2.62147519,0,6972,8715,5,1,1,1,1,0.02,world,2.081000128,13.87252976,18.97050336
640.6,ab3dmot,1,0,0,0.2,2.243984847,2.267593077,2.625773928,0,6976,8720,5,1,1,1,1,0.232,world,2.0806404,13.87213225,18.97070504
640.6,sort,0.4428571429,8,1,0.1914191419,12.12298052,12.26500014,13.15975499,22,4870,6060,5,1,1,1,1,0.132,world,11.98273565,20.57810979,24.67323499
640.636,ours,1,0,0,0.2,2.243290898,2.267793659,2.621363374,0,6976,8720,5,1,1,1,1,0.008,world,2.083613065,13.87220744,18.96957809
640.636,ab3dmot,1,0,0,0.2,2.243966876,2.267491796,2.625649399,0,6980,8725,5,1,1,1,1,0.208,world,2.083378815,13.87159287,18.96953032
640.636,sort,0.443324937,8,1,0.191426216,12.12283739,12.26476784,13.15924562,22,4874,6065,5,1,1,1,1,0.172,world,11.98513133,20.58048079,24.67578563
640.692,ours,1,0,0,0.2,2.243271975,2.267694965,2.621251558,0,6980,8725,5,1,1,1,1,0.028,world,2.088487702,13.8725652,18.96889572
640.692,ab3dmot,1,0,0,0.2,2.243611116,2.267393407,2.625524869,0,6984,8730,5,1,1,1,1,0.196,world,2.088656658,13.8717187,18.96827566
640.692,sort,0.4437919463,8,1,0.1914332784,12.12271008,12.26454376,13.15873625,22,4878,6070,5,1,1,1,1,0.132,world,11.99470123,20.59436862,24.69337114
640.72,ours,1,0,0,0.2,2.243211329,2.267596949,2.621139742,0,6984,8730,5,1,1,1,1,0.02,world,2.089567798,13.87142397,18.96708791
640.72,ab3dmot,1,0,0,0.2,2.243255357,2.267295709,2.625400339,0,6988,8735,5,1,1,1,1,0.156,world,2.089760361,13.87090001,18.96660491
640.72,sort,0.4442581727,8,1,0.1914403292,12.12258278,12.2643201,13.15822688,22,4882,6075,5,1,1,1,1,0.156,world,11.99474784,20.59446226,24.69350044
640.764,ours,1,0,0,0.2,2.243150683,2.267501857,2.621027926,0,6988,8735,5,1,1,1,1,0,world,2.094898685,13.8724697,18.96656358
640.764,ab3dmot,1,0,0,0.2,2.243221325,2.267200824,2.62527581,0,6992,8740,5,1,1,1,1,0.1,world,2.094886087,13.87264295,18.96666557
640.764,sort,0.4447236181,8,1,0.1914473684,12.12238587,12.26410269,13.15771751,22,4886,6080,5,1,1,1,1,0.164,world,12.00193248,20.60293673,24.70341577
640.8,ours,1,0,0,0.2,2.242996226,2.267408331,2.620916109,0,6992,8740,5,1,1,1,1,0.004,world,2.097660518,13.87332705,18.96648056
640.8,ab3dmot,1,0,0,0.2,2.243187293,2.267107585,2.62515128,0,6996,8745,5,1,1,1,1,0.072,world,2.097799282,13.87365217,18.96648836
640.8,sort,0.4451882845,8,1,0.1914543961,12.12218896,12.26389292,13.15720815,22,4890,6085,5,1,1,1,1,0.072,world,12.01081505,20.61755327,24.7226246
640.9,ours,1,0,0,0.2,2.242841769,2.267317755,2.620804293,0,6996,8745,5,1,1,1,1,0.036,world,2.103034894,13.87492601,18.96665947
640.9,ab3dmot,1,0,0,0.2,2.242455785,2.267017197,2.625026751,0,7000,8750,5,1,1,1,1,0.104,world,2.102991398,13.87557888,18.96704373
640.9,sort,0.4456521739,8,1,0.1914614122,12.12213071,12.2636911,13.15669878,22,4894,6090,5,1,1,1,1,0.104,world,12.02008817,20.62931374,24.73678849
640.992,ours,1,0,0,0.2,2.242644169,2.267231416,2.620692477,0,7000,8750,5,1,1,1,1,0.04,world,2.110827385,13.87830275,18.96829759
640.992,ab3dmot,1,0,0,0.2,2.241724278,2.266930878,2.624902221,0,7004,8755,5,1,1,1,1,0.168,world,2.110470825,13.87916579,18.96915069
640.992,sort,0.4461152882,8,1,0.1914684167,12.12207246,12.26349888,13.15618941,22,4898,6095,5,1,1,1,1,0.168,world,12.03140636,20.6407177,24.74909698
641.092,ours,1,0,0,0.2,2.242446569,2.267149447,2.620580661,0,7004,8755,5,1,1,1,1,0.064,world,2.118851963,13.88141302,18.97017526
641.092,ab3dmot,1,0,0,0.2,2.241339011,2.266848927,2.624777692,0,7008,8760,5,1,1,1,1,0.264,world,2.11849647,13.88227607,18.97102823
641.092,sort,0.4465776294,8,1,0.1914754098,12.12157574,12.26335108,13.15568004,22,4902,6100,5,1,1,1,1,0.264,world,12.08513792,20.77921876,24.94916748
641.16,ours,1,0,0,0.2,2.242082789,2.267070626,2.620468845,0,7008,8760,5,1,1,1,1,0.036,world,2.124574343,13.8841103,18.97165949
641.16,ab3dmot,1,0,0,0.2,2.240953744,2.266770065,2.624653162,0,7012,8765,5,1,1,1,1,0.296,world,2.124111136,13.88529206,18.97280679
641.16,sort,0.4470391993,8,1,0.1914823915,12.12107903,12.2632213,13.15517067,22,4906,6105,5,1,1,1,1,0.296,world,12.10675054,20.82604045,25.01465943
641.248,ours,1,0,0,0.2,2.24171901,2.266995043,2.620357029,0,7012,8765,5,1,1,1,1,0.048,world,2.130459182,13.88636009,18.97297927
641.248,ab3dmot,1,0,0,0.2,2.240771537,2.266694381,2.624528632,0,7016,8770,5,1,1,1,1,0.352,world,2.129890352,13.88849095,18.97475177
641.248,sort,0.4475,8,1,0.1914893617,12.12104478,12.26309812,13.15466131,22,4910,6110,5,1,1,1,1,0.384,world,12.11450909,20.83215758,25.02019983
641.308,ours,1,0,0,0.2,2.241136533,2.266922947,2.620245212,0,7016,8770,5,1,1,1,1,0.016,world,2.136802342,13.88995201,18.97471845
641.308,ab3dmot,1,0,0,0.2,2.24058933,2.266622409,2.624404103,0,7020,8775,5,1,1,1,1,0.28,world,2.136655383,13.8924941,18.97626228
641.308,sort,0.4479600333,8,1,0.1914963205,12.12107903,12.26298177,13.15415194,22,4914,6115,5,1,1,1,1,0.448,world,12.12255556,20.83838954,25.02575014
641.4,ours,1,0,0,0.2,2.240554056,2.266855001,2.620133396,0,7020,8775,5,1,1,1,1,0.024,world,2.144366479,13.89379145,18.97544473
641.4,ab3dmot,1,0,0,0.2,2.240349466,2.266554392,2.624279573,0,7024,8780,5,1,1,1,1,0.276,world,2.143862405,13.89583769,18.97715227
641.4,sort,0.4484193012,8,1,0.191503268,12.12157574,12.26289462,13.1541103,22,4918,6120,5,1,1,1,1,0.24,world,12.15777735,20.91157648,25.12664251
641.484,ours,1,0,0,0.2,2.240496024,2.266790895,2.62002158,0,7024,8780,5,1,1,1,1,0.032,world,2.151343991,13.89688014,18.97717244
641.484,ab3dmot,1,0,0,0.2,2.240109603,2.26649042,2.624155044,0,7028,8785,5,1,1,1,1,0.26,world,2.151222485,13.89879873,18.97838782
641.484,sort,0.4488778055,8,1,0.1915102041,12.12207246,12.26281304,13.15406866,22,4922,6125,5,1,1,1,1,0.324,world,12.16435007,20.91547545,25.12945779
641.572,ours,1,0,0,0.2,2.240437992,2.266732764,2.619909764,0,7028,8785,5,1,1,1,1,0.056,world,2.162244233,13.90095305,18.97799882
641.572,ab3dmot,1,0,0,0.2,2.239483146,2.266432881,2.624030514,0,7032,8790,5,1,1,1,1,0.216,world,2.162975018,13.90241023,18.97800976
641.572,sort,0.4493355482,8,1,0.1915171289,12.12213071,12.26275306,13.15402703,22,4926,6130,5,1,1,1,1,0.184,world,12.19038629,20.95628051,25.18094964
641.688,ours,1,0,0,0.2,2.240083418,2.266681176,2.619797948,0,7032,8790,5,1,1,1,1,0.064,world,2.174151999,13.90452382,18.97829871
641.688,ab3dmot,1,0,0,0.2,2.23885669,2.266381465,2.623905984,0,7036,8795,5,1,1,1,1,0.296,world,2.174112485,13.90588567,18.97912408
641.688,sort,0.4497925311,8,1,0.1915240424,12.12207246,12.26261153,13.15398539,22,4930,6135,5,1,1,1,1,0.264,world,12.09101057,20.67262016,24.76515777
641.74,ours,1,0,0,0.2,2.239728843,2.266633534,2.619686132,0,7036,8795,5,1,1,1,1,0.04,world,2.181270691,13.90717374,18.97975617
641.74,ab3dmot,1,0,0,0.2,2.23862208,2.266333992,2.623781455,0,7040,8800,5,1,1,1,1,0.348,world,2.181230779,13.90853518,18.98058141
641.74,sort,0.4502487562,8,1,0.1915309446,12.12157574,12.26243144,13.15394375,22,4934,6140,5,1,1,1,1,0.316,world,12.04345885,20.51472233,24.52892995
641.8,ours,1,0,0,0.2,2.239704517,2.266588207,2.619574316,0,7040,8800,5,1,1,1,1,0.02,world,2.185402962,13.90834648,18.979797
641.8,ab3dmot,1,0,0,0.2,2.23838747,2.266289533,2.623656925,0,7044,8805,5,1,1,1,1,0.312,world,2.186641233,13.90912321,18.97884518
641.8,sort,0.4507042254,8,1,0.1915378356,12.12107903,12.26222519,13.15390212,22,4938,6145,5,1,1,1,1,0.344,world,12.01091599,20.40182081,24.3590732
641.884,ours,1,0,0,0.2,2.239680191,2.266550045,2.619462499,0,7044,8805,5,1,1,1,1,0.032,world,2.198359048,13.91209306,18.9795775
641.884,ab3dmot,1,0,0,0.2,2.23833337,2.266251252,2.623513269,0,7048,8810,5,1,1,1,1,0.264,world,2.197803555,13.9154142,18.98215333
641.884,sort,0.4511589404,8,1,0.1915447154,12.12104478,12.26203107,13.15386048,22,4942,6150,5,1,1,1,1,0.428,world,12.02543704,20.4119291,24.36711997
641.944,ours,1,0,0,0.2,2.239507691,2.266514717,2.619297335,0,7048,8810,5,1,1,1,1,0.032,world,2.203423582,13.91686164,18.98080122
641.944,ab3dmot,1,0,0,0.2,2.238279271,2.266217309,2.623369613,0,7052,8815,5,1,1,1,1,0.196,world,2.205599053,13.91774806,18.97893826
641.944,sort,0.4516129032,8,1,0.1915515841,12.12101054,12.26178009,13.15381884,22,4946,6155,5,1,1,1,1,0.128,world,11.95475687,20.15488282,23.97752276
642,ours,1,0,0,0.2,2.239335191,2.266487066,2.619132171,0,7052,8815,5,1,1,1,1,0.016,world,2.217229945,13.9177713,18.97411212
642,ab3dmot,1,0,0,0.2,2.237940498,2.266191597,2.623225957,0,7056,8820,5,1,1,1,1,0.116,world,2.220398111,13.91850095,18.97110478
642,sort,0.4520661157,8,1,0.1915584416,12.12080552,12.2615178,13.15377721,22,4950,6160,5,1,1,1,1,0.084,world,11.94019115,20.06986822,23.84298803
642.084,ours,1,0,0,0.2,2.239163276,2.266465492,2.618967006,0,7056,8820,5,1,1,1,1,0.036,world,2.228104935,13.92191341,18.97277661
642.084,ab3dmot,1,0,0,0.2,2.237601724,2.266171591,2.623082301,0,7060,8825,5,1,1,1,1,0.132,world,2.23060081,13.92248318,18.97044601
642.084,sort,0.4525185797,8,1,0.1915652879,12.12060051,12.26126038,13.15373557,22,4954,6165,5,1,1,1,1,0.132,world,11.94572229,20.05806594,23.81966354
642.148,ours,1,0,0,0.2,2.238991362,2.266448157,2.618801842,0,7060,8825,5,1,1,1,1,0.032,world,2.235661024,13.92469488,18.9742537
642.148,ab3dmot,1,0,0,0.2,2.237874436,2.26615582,2.622938645,0,7064,8830,5,1,1,1,1,0.196,world,2.238147147,13.9252622,18.97192305
642.148,sort,0.452970297,8,1,0.1915721232,12.1205714,12.26101135,13.15369393,22,4958,6170,5,1,1,1,1,0.196,world,11.9556247,20.06425357,23.82395118
642.2,ours,1,0,0,0.2,2.239163276,2.266432963,2.618636677,0,7064,8830,5,1,1,1,1,0.016,world,2.239454907,13.92608924,18.97499046
642.2,ab3dmot,1,0,0,0.2,2.238147147,2.26614341,2.622794989,0,7068,8835,5,1,1,1,1,0.216,world,2.244120116,13.92671579,18.97034255
642.2,sort,0.4534212696,8,1,0.1915789474,12.12054229,12.26076666,13.1536523,22,4962,6175,5,1,1,1,1,0.248,world,11.96053273,20.06707223,23.82565586
642.248,ours,1,0,0,0.2,2.239335191,2.266424036,2.618471513,0,7068,8835,5,1,1,1,1,0.032,world,2.250602603,13.92927409,18.97285752
642.248,ab3dmot,1,0,0,0.2,2.238213209,2.266137033,2.622651333,0,7072,8840,5,1,1,1,1,0.196,world,2.254841523,13.93088696,18.96939423
642.248,sort,0.4538714992,8,1,0.1915857605,12.12020847,12.26051513,13.15361066,22,4966,6180,5,1,1,1,1,0.132,world,11.95150991,19.989716,23.70083865
642.3,ours,1,0,0,0.2,2.239395049,2.266418453,2.618306349,0,7072,8840,5,1,1,1,1,0.02,world,2.256531587,13.93204484,18.97221819
642.3,ab3dmot,1,0,0,0.2,2.238279271,2.266133682,2.622507677,0,7076,8845,5,1,1,1,1,0.184,world,2.260201783,13.93369718,18.96944989
642.3,sort,0.4543209877,8,1,0.1915925627,12.11987465,12.2602594,13.15356902,22,4970,6185,5,1,1,1,1,0.084,world,11.94576306,19.9421698,23.624249
642.324,ours,1,0,0,0.2,2.239454907,2.266415836,2.618141184,0,7076,8845,5,1,1,1,1,0.012,world,2.261784455,13.93436399,18.97202624
642.324,ab3dmot,1,0,0,0.2,2.23833337,2.266132754,2.622364021,0,7080,8850,5,1,1,1,1,0.14,world,2.264490167,13.93615046,18.97040608
642.324,sort,0.4547697368,8,1,0.1915993538,12.11890432,12.26000547,13.15352739,22,4974,6190,5,1,1,1,1,0.076,world,11.94749043,19.9292338,23.60136572
642.392,ours,1,0,0,0.2,2.239567549,2.266417752,2.61797602,0,7080,8850,5,1,1,1,1,0.016,world,2.269806118,13.93777513,18.97345747
642.392,ab3dmot,1,0,0,0.2,2.23838747,2.266136116,2.622220365,0,7084,8855,5,1,1,1,1,0.208,world,2.272078595,13.9389282,18.97185273
642.392,sort,0.4552177486,8,1,0.191606134,12.11793398,12.25975994,13.15348575,22,4978,6195,5,1,1,1,1,0.144,world,11.95746596,19.9352085,23.60523381
642.46,ours,1,0,0,0.2,2.239680191,2.266423963,2.617810856,0,7084,8855,5,1,1,1,1,0.048,world,2.27738982,13.94054498,18.97488968
642.46,ab3dmot,1,0,0,0.2,2.23862208,2.266143767,2.622076708,0,7088,8860,5,1,1,1,1,0.276,world,2.279653171,13.94169561,18.97328483
642.46,sort,0.4556650246,8,1,0.1916129032,12.11791671,12.25952278,13.15344411,22,4982,6200,5,1,1,1,1,0.212,world,11.9674152,19.94108943,23.60895504
642.512,ours,1,0,0,0.2,2.239704517,2.266432313,2.617645691,0,7088,8860,5,1,1,1,1,0.016,world,2.281171703,13.94192434,18.97559952
642.512,ab3dmot,1,0,0,0.2,2.23885669,2.266153554,2.621933052,0,7092,8865,5,1,1,1,1,0.328,world,2.28343051,13.94307375,18.97399462
642.512,sort,0.4561115669,8,1,0.1916196616,12.11789944,12.25928993,13.15340247,22,4986,6205,5,1,1,1,1,0.264,world,11.9723226,19.94373811,23.61036365
642.572,ours,1,0,0,0.2,2.239728843,2.266444937,2.617480527,0,7092,8865,5,1,1,1,1,0.028,world,2.288706061,13.94466856,18.97700508
642.572,ab3dmot,1,0,0,0.2,2.239483146,2.266167053,2.621789396,0,7096,8870,5,1,1,1,1,0.36,world,2.289976397,13.94721912,18.97743772
642.572,sort,0.456557377,8,1,0.191626409,12.1176405,12.25906537,13.15336084,22,4990,6210,5,1,1,1,1,0.328,world,11.98219593,19.94945651,23.61385066
642.6,ours,1,0,0,0.2,2.240083418,2.266459213,2.617315362,0,7096,8870,5,1,1,1,1,0.016,world,2.291629909,13.94831738,18.98018098
642.6,ab3dmot,1,0,0,0.2,2.240109603,2.26618134,2.62164574,0,7100,8875,5,1,1,1,1,0.32,world,2.291385455,13.95183038,18.98293938
642.6,sort,0.457002457,8,1,0.1916331456,12.11738157,12.2588372,13.1533192,22,4994,6215,5,1,1,1,1,0.252,world,11.9772302,19.90208127,23.53706162
642.644,ours,1,0,0,0.2,2.240437992,2.266474697,2.617150198,0,7100,8875,5,1,1,1,1,0.032,world,2.293779928,13.95226345,18.98439668
642.644,ab3dmot,1,0,0,0.2,2.240349466,2.266195942,2.621502084,0,7104,8880,5,1,1,1,1,0.296,world,2.291967239,13.95585712,18.98890166
642.644,sort,0.4574468085,8,1,0.1916398714,12.11727077,12.25861334,13.1532139,22,4998,6220,5,1,1,1,1,0.296,world,11.98216748,19.90511686,23.53909966
642.68,ours,1,0,0,0.2,2.240496024,2.266491336,2.616985034,0,7104,8880,5,1,1,1,1,0.004,world,2.295835424,13.95561135,18.98828458
642.68,ab3dmot,1,0,0,0.2,2.24058933,2.266210961,2.621358428,0,7108,8885,5,1,1,1,1,0.268,world,2.292730494,13.95917743,18.99415853
642.68,sort,0.4578904334,8,1,0.1916465863,12.11715998,12.25837974,13.1531086,22,5002,6225,5,1,1,1,1,0.14,world,11.96950807,19.81007425,23.3867423
642.708,ours,1,0,0,0.2,2.240554056,2.266508473,2.616819869,0,7108,8885,5,1,1,1,1,0.008,world,2.296741622,13.95967197,18.9939032
642.708,ab3dmot,1,0,0,0.2,2.240771537,2.266225752,2.621214772,0,7112,8890,5,1,1,1,1,0.196,world,2.292358083,13.96270816,19.00077673
642.708,sort,0.4583333333,8,1,0.1916532905,12.11691232,12.25815034,13.1530033,22,5006,6230,5,1,1,1,1,0.164,world,11.97430653,19.81254517,23.38791339
642.776,ours,1,0,0,0.2,2.241136533,2.266526564,2.616654705,0,7112,8890,5,1,1,1,1,0.032,world,2.298449963,13.96231912,18.99763931
642.776,ab3dmot,1,0,0,0.2,2.240953744,2.266241023,2.621071116,0,7116,8895,5,1,1,1,1,0.196,world,2.293231709,13.96536763,19.005432
642.776,sort,0.4587755102,8,1,0.191659984,12.11666466,12.2579188,13.152898,22,5010,6235,5,1,1,1,1,0.132,world,11.97116279,19.76587775,23.31119156
642.808,ours,1,0,0,0.2,2.24171901,2.266545612,2.616489541,0,7116,8895,5,1,1,1,1,0.008,world,2.300163411,13.96499379,19.0013744
642.808,ab3dmot,1,0,0,0.2,2.241339011,2.266257743,2.62092746,0,7120,8900,5,1,1,1,1,0.196,world,2.295809696,13.96715088,19.00761098
642.808,sort,0.4592169657,8,1,0.1916666667,12.11603788,12.25771511,13.1527927,22,5014,6240,5,1,1,1,1,0.164,world,12.00560137,19.95865421,23.6147645
642.86,ours,1,0,0,0.2,2.242082789,2.266568346,2.616324376,0,7120,8900,5,1,1,1,1,0.016,world,2.306657235,13.96808163,19.003856
642.86,ab3dmot,1,0,0,0.2,2.241724278,2.266278095,2.620783804,0,7124,8905,5,1,1,1,1,0.216,world,2.302219351,13.97005095,19.01006696
642.86,sort,0.4596577017,8,1,0.1916733387,12.11541109,12.25752513,13.1526874,22,5018,6245,5,1,1,1,1,0.216,world,12.02234571,20.00326177,23.67952963
642.908,ours,1,0,0,0.2,2.242446569,2.266593112,2.616159212,0,7124,8905,5,1,1,1,1,0.012,world,2.310254927,13.96937741,19.00449831
642.908,ab3dmot,1,0,0,0.2,2.242455785,2.26630048,2.620549914,0,7128,8910,5,1,1,1,1,0.264,world,2.305824927,13.97134844,19.01070922
642.908,sort,0.4600977199,8,1,0.19168,12.11510251,12.25734178,13.1525821,22,5022,6250,5,1,1,1,1,0.264,world,12.03027017,20.02276357,23.70746509
642.976,ours,1,0,0,0.2,2.242644169,2.266621919,2.616077158,0,7128,8910,5,1,1,1,1,0.036,world,2.317360049,13.97193314,19.00575935
642.976,ab3dmot,1,0,0,0.2,2.243187293,2.266326911,2.620316023,0,7132,8915,5,1,1,1,1,0.332,world,2.31294561,13.97390756,19.01197017
642.976,sort,0.460537022,8,1,0.1916866507,12.11479393,12.25716763,13.1524768,22,5026,6255,5,1,1,1,1,0.332,world,12.04141135,20.03745058,23.72526185
643.008,ours,1,0,0,0.2,2.242841769,2.266652705,2.615995104,0,7132,8915,5,1,1,1,1,0.008,world,2.320863995,13.97319187,19.00637757
643.008,ab3dmot,1,0,0,0.2,2.243221325,2.266354934,2.620082133,0,7136,8920,5,1,1,1,1,0.332,world,2.315781329,13.97529093,19.01341479
643.008,sort,0.4609756098,8,1,0.1916932907,12.11469269,12.25699836,13.1523715,22,5030,6260,5,1,1,1,1,0.364,world,12.04716596,20.04595844,23.73600766
643.056,ours,1,0,0,0.2,2.242996226,2.266684794,2.61591305,0,7136,8920,5,1,1,1,1,0.016,world,2.323194811,13.97504311,19.00866014
643.056,ab3dmot,1,0,0,0.2,2.243255357,2.266385121,2.619848243,0,7140,8925,5,1,1,1,1,0.312,world,2.319614039,13.97530708,19.01276556
643.056,sort,0.461413485,8,1,0.1916999202,12.11459145,12.25683099,13.1522662,22,5034,6265,5,1,1,1,1,0.348,world,12.04919947,20.03917115,23.72331088
643.096,ours,1,0,0,0.2,2.243150683,2.266718186,2.615830996,0,7140,8925,5,1,1,1,1,0.024,world,2.325526873,13.97676166,19.01081277
643.096,ab3dmot,1,0,0,0.2,2.243611116,2.266415411,2.619614353,0,7144,8930,5,1,1,1,1,0.288,world,2.319852298,13.97831348,19.01814552
643.096,sort,0.4618506494,8,1,0.1917065391,12.11455048,12.25666462,13.1521609,22,5038,6270,5,1,1,1,1,0.288,world,12.05013251,20.02801411,23.70388533
643.14,ours,1,0,0,0.2,2.243211329,2.266751962,2.615748942,0,7144,8930,5,1,1,1,1,0.036,world,2.326259429,13.9797905,19.01547618
643.14,ab3dmot,1,0,0,0.2,2.243966876,2.26644471,2.619380462,0,7148,8935,5,1,1,1,1,0.2,world,2.31818232,13.98264641,19.02641231
643.14,sort,0.4622871046,8,1,0.1917131474,12.11450952,12.25650029,13.1520556,22,5042,6275,5,1,1,1,1,0.232,world,12.05233597,20.02285106,23.69251205
643.2,ours,1,0,0,0.2,2.243271975,2.266787644,2.615666888,0,7148,8935,5,1,1,1,1,0.028,world,2.329643455,13.98391197,19.02164095
643.2,ab3dmot,1,0,0,0.2,2.243984847,2.266477822,2.619146572,0,7152,8940,5,1,1,1,1,0.26,world,2.324894771,13.98484472,19.0275682
643.2,sort,0.4627228525,8,1,0.1917197452,12.11450931,12.25634183,13.1519503,22,5046,6280,5,1,1,1,1,0.16,world,12.05938404,20.02001274,23.68460904
643.272,ours,1,0,0,0.2,2.243290898,2.26682704,2.615584835,0,7152,8940,5,1,1,1,1,0.032,world,2.336167219,13.98623845,19.02275834
643.272,ab3dmot,1,0,0,0.2,2.244002817,2.266514651,2.618912682,0,7156,8945,5,1,1,1,1,0.332,world,2.331434545,13.987175,19.02868561
643.272,sort,0.4631578947,8,1,0.1917263325,12.11450909,12.25619287,13.151845,22,5050,6285,5,1,1,1,1,0.232,world,12.07097477,20.03774721,23.7072549
643.324,ours,1,0,0,0.2,2.243309821,2.266870048,2.615502781,0,7156,8945,5,1,1,1,1,0.028,world,2.342506262,13.98849509,19.0238357
643.324,ab3dmot,1,0,0,0.2,2.244061467,2.266555135,2.618678792,0,7160,8950,5,1,1,1,1,0.32,world,2.337858452,13.98925889,19.02956241
643.324,sort,0.463592233,8,1,0.1917329094,12.11349694,12.25605241,13.1517397,22,5054,6290,5,1,1,1,1,0.288,world,12.08132922,20.05086468,23.72288274
643.392,ours,1,0,0,0.2,2.243309821,2.26691635,2.615420727,0,7160,8950,5,1,1,1,1,0.024,world,2.34828923,13.9900356,19.0246392
643.392,ab3dmot,1,0,0,0.2,2.244120116,2.266599589,2.618444901,0,7164,8955,5,1,1,1,1,0.352,world,2.344822713,13.98998173,19.02848861
643.392,sort,0.464025869,8,1,0.1917394758,12.11248479,12.25591857,13.1516344,22,5058,6295,5,1,1,1,1,0.352,world,12.08936125,20.05364781,23.72369431
643.464,ours,1,0,0,0.2,2.243309821,2.266965934,2.615338673,0,7164,8955,5,1,1,1,1,0.044,world,2.354047711,13.99287856,19.02652997
643.464,ab3dmot,1,0,0,0.2,2.244186465,2.266647203,2.618211011,0,7168,8960,5,1,1,1,1,0.292,world,2.350376522,13.99406474,19.03148287
643.464,sort,0.4644588045,8,1,0.1917460317,12.11237122,12.2557892,13.1515291,22,5062,6300,5,1,1,1,1,0.36,world,12.09469862,20.04867543,23.71078102
643.536,ours,1,0,0,0.2,2.243941853,2.267017505,2.615256619,0,7168,8960,5,1,1,1,1,0.036,world,2.357571583,13.9981157,19.0322177
643.536,ab3dmot,1,0,0,0.2,2.244252814,2.266697328,2.617977121,0,7172,8965,5,1,1,1,1,0.232,world,2.354807141,14.00050447,19.03701557
643.536,sort,0.4648910412,8,1,0.1917525773,12.11248479,12.25567547,13.1514238,22,5066,6305,5,1,1,1,1,0.232,world,12.11406477,20.12007383,23.81911391
643.636,ours,1,0,0,0.2,2.244573884,2.267070724,2.615174565,0,7172,8965,5,1,1,1,1,0.048,world,2.360512463,14.00386837,19.0387173
643.636,ab3dmot,1,0,0,0.2,2.244252814,2.266749794,2.617743231,0,7176,8970,5,1,1,1,1,0.232,world,2.358946071,14.00431341,19.04078579
643.636,sort,0.4653225806,8,1,0.1917591125,12.11327478,12.25556574,13.15131849,22,5070,6310,5,1,1,1,1,0.168,world,12.11884134,20.11783898,23.81234643
643.724,ours,1,0,0,0.2,2.244674929,2.267128414,2.615092511,0,7176,8970,5,1,1,1,1,0.036,world,2.368307632,14.00661364,19.03998704
643.724,ab3dmot,1,0,0,0.2,2.244252814,2.266806732,2.61750934,0,7180,8975,5,1,1,1,1,0.32,world,2.366747748,14.00706022,19.04205556
643.724,sort,0.4657534247,8,1,0.1917656374,12.11406477,12.25546438,13.15121319,22,5074,6315,5,1,1,1,1,0.26,world,12.1291338,20.1226754,23.81402009
643.776,ours,1,0,0,0.2,2.244775975,2.267187478,2.615010457,0,7180,8975,5,1,1,1,1,0.012,world,2.370780505,14.0074829,19.04038692
643.776,ab3dmot,1,0,0,0.2,2.244262207,2.26686475,2.61727545,0,7184,8980,5,1,1,1,1,0.34,world,2.368718103,14.00870404,19.04358104
643.776,sort,0.4661835749,8,1,0.1917721519,12.11428693,12.25536579,13.15106423,22,5078,6320,5,1,1,1,1,0.312,world,12.13239826,20.12414231,23.81443703
643.832,ours,1,0,0,0.2,2.244871542,2.267248249,2.614928403,0,7184,8980,5,1,1,1,1,0.024,world,2.373824733,14.01091361,19.04434475
643.832,ab3dmot,1,0,0,0.2,2.244271599,2.266924518,2.61704156,0,7188,8985,5,1,1,1,1,0.296,world,2.371838488,14.01189096,19.0472831
643.832,sort,0.466613033,8,1,0.1917786561,12.11450909,12.25527119,13.15091527,22,5082,6325,5,1,1,1,1,0.264,world,12.13720933,20.12343644,23.81021846
643.868,ours,1,0,0,0.2,2.244967109,2.267309468,2.61484635,0,7188,8985,5,1,1,1,1,0.008,world,2.374714207,14.01300656,19.04720944
643.868,ab3dmot,1,0,0,0.2,2.244423364,2.266984708,2.61680767,0,7192,8990,5,1,1,1,1,0.276,world,2.372681052,14.01419846,19.05036027
643.868,sort,0.4670418006,8,1,0.1917851501,12.11450931,12.25517796,13.1507663,22,5086,6330,5,1,1,1,1,0.208,world,12.1387403,20.1212283,23.80553336
643.908,ours,1,0,0,0.2,2.245008152,2.267371063,2.614764296,0,7192,8990,5,1,1,1,1,0.008,world,2.375478141,14.01476346,19.04990464
643.908,ab3dmot,1,0,0,0.2,2.244575128,2.26704532,2.616573779,0,7196,8995,5,1,1,1,1,0.244,world,2.373523271,14.01513829,19.05237929
643.908,sort,0.4674698795,8,1,0.1917916338,12.11450952,12.25508604,13.15061734,22,5090,6335,5,1,1,1,1,0.144,world,12.14018935,20.11895807,23.80079497
643.984,ours,1,0,0,0.2,2.245049196,2.267433764,2.614682242,0,7196,8995,5,1,1,1,1,0.044,world,2.377496356,14.01707453,19.05366643
643.984,ab3dmot,1,0,0,0.2,2.244697642,2.267107477,2.616339889,0,7200,9000,5,1,1,1,1,0.252,world,2.37629736,14.01692577,19.05491808
643.984,sort,0.4678972713,8,1,0.1917981073,12.11455048,12.25499874,13.15046838,22,5094,6340,5,1,1,1,1,0.216,world,12.14582098,20.12123931,23.80109069
644.064,ours,1,0,0,0.2,2.24506228,2.267498212,2.614600188,0,7200,9000,5,1,1,1,1,0.064,world,2.38061769,14.01890087,19.05554635
644.064,ab3dmot,1,0,0,0.2,2.244820157,2.267171381,2.616105999,0,7204,9005,5,1,1,1,1,0.3,world,2.379418609,14.01869324,19.05676019
644.064,sort,0.4683239775,8,1,0.1918045705,12.11459145,12.25491577,13.15031941,22,5098,6345,5,1,1,1,1,0.3,world,12.15110565,20.12326609,23.8011754
644.144,ours,1,0,0,0.2,2.245075365,2.267564721,2.614518134,0,7204,9005,5,1,1,1,1,0.044,world,2.384275537,14.02017328,19.05611815
644.144,ab3dmot,1,0,0,0.2,2.244887735,2.267236904,2.615938285,0,7208,9010,5,1,1,1,1,0.348,world,2.382321701,14.02000543,19.05822592
644.144,sort,0.46875,8,1,0.1918110236,12.11469269,12.25483686,13.15017045,22,5102,6350,5,1,1,1,1,0.38,world,12.15603625,20.12503686,23.80105125
644.2,ours,1,0,0,0.2,2.245222162,2.267632246,2.614213614,0,7208,9010,5,1,1,1,1,0.008,world,2.386145999,14.02188874,19.05873991
644.2,ab3dmot,1,0,0,0.2,2.244955314,2.267302968,2.61577057,0,7212,9015,5,1,1,1,1,0.3,world,2.383376336,14.02222355,19.06215537
644.2,sort,0.4691753403,8,1,0.1918174666,12.11479393,12.25476057,13.15002149,22,5106,6355,5,1,1,1,1,0.336,world,12.15918025,20.12320354,23.79597933
644.296,ours,1,0,0,0.2,2.24536896,2.267700485,2.613909094,0,7212,9015,5,1,1,1,1,0.04,world,2.387501317,14.02525115,19.06432888
644.296,ab3dmot,1,0,0,0.2,2.245266342,2.267370333,2.615602856,0,7216,9020,5,1,1,1,1,0.268,world,2.385739082,14.02626984,19.06708664
644.296,sort,0.4696,8,1,0.1918238994,12.11510251,12.25468656,13.14987252,22,5110,6360,5,1,1,1,1,0.2,world,12.16189382,20.11687247,23.7835991
644.364,ours,1,0,0,0.2,2.245379741,2.26776842,2.613604573,0,7216,9020,5,1,1,1,1,0.048,world,2.387113493,14.02798223,19.06816067
644.364,ab3dmot,1,0,0,0.2,2.245577369,2.267439478,2.615435142,0,7220,9025,5,1,1,1,1,0.2,world,2.3889202,14.02566269,19.06441558
644.364,sort,0.4700239808,8,1,0.1918303221,12.11541109,12.25461335,13.14972356,22,5114,6365,5,1,1,1,1,0.2,world,12.16275411,20.11496267,23.77983847
644.46,ours,1,0,0,0.2,2.245390523,2.267839092,2.613300053,0,7220,9025,5,1,1,1,1,0.056,world,2.391932929,14.02801107,19.06642121
644.46,ab3dmot,1,0,0,0.2,2.245694792,2.267510634,2.615267428,0,7224,9030,5,1,1,1,1,0.296,world,2.39249977,14.02689719,19.0649679
644.46,sort,0.4704472843,8,1,0.1918367347,12.11603788,12.25454426,13.14957459,22,5118,6370,5,1,1,1,1,0.296,world,12.16780619,20.11599552,23.77839577
644.524,ours,1,0,0,0.2,2.245391767,2.267911255,2.612995533,0,7224,9030,5,1,1,1,1,0.028,world,2.394623543,14.02803793,19.06545828
644.524,ab3dmot,1,0,0,0.2,2.245812215,2.267583609,2.615099713,0,7228,9035,5,1,1,1,1,0.264,world,2.395753247,14.02768058,19.0639012
644.524,sort,0.4708699122,8,1,0.1918431373,12.11666466,12.25449158,13.14942563,22,5122,6375,5,1,1,1,1,0.36,world,12.18835282,20.14101367,23.80973969
644.6,ours,1,0,0,0.2,2.245393011,2.267984166,2.612691012,0,7228,9035,5,1,1,1,1,0.04,world,2.396045254,14.03001618,19.06703671
644.6,ab3dmot,1,0,0,0.2,2.245874874,2.26765751,2.614931999,0,7232,9040,5,1,1,1,1,0.208,world,2.397477903,14.02946662,19.0649942
644.6,sort,0.471291866,8,1,0.1918495298,12.11691232,12.2544425,13.14927667,22,5126,6380,5,1,1,1,1,0.208,world,12.19279469,20.14372428,23.81229367
644.684,ours,1,0,0,0.2,2.245785481,2.268057619,2.612386492,0,7232,9040,5,1,1,1,1,0.036,world,2.397112567,14.03128338,19.06818402
644.684,ab3dmot,1,0,0,0.2,2.245937534,2.267732051,2.614764285,0,7236,9045,5,1,1,1,1,0.16,world,2.398717524,14.03003238,19.06543155
644.684,sort,0.4717131474,8,1,0.1918559123,12.11715998,12.2543947,13.1491277,22,5130,6385,5,1,1,1,1,0.128,world,12.19429905,20.14369404,23.81182272
644.788,ours,1,0,0,0.2,2.246177951,2.268131846,2.612081972,0,7236,9045,5,1,1,1,1,0.056,world,2.398580921,14.03178757,19.06842905
644.788,ab3dmot,1,0,0,0.2,2.245978401,2.267807365,2.61459657,0,7240,9050,5,1,1,1,1,0.268,world,2.400183665,14.03053598,19.06567647
644.788,sort,0.472133758,8,1,0.1918622848,12.11727077,12.25434849,13.14897874,22,5134,6390,5,1,1,1,1,0.2,world,12.19622543,20.1433996,23.81024973
644.88,ours,1,0,0,0.2,2.24625386,2.268206434,2.611777452,0,7240,9050,5,1,1,1,1,0.036,world,2.399343343,14.03205103,19.06857766
644.88,ab3dmot,1,0,0,0.2,2.246019269,2.267882875,2.614428856,0,7244,9055,5,1,1,1,1,0.32,world,2.400667045,14.03062886,19.06601989
644.88,sort,0.4725536993,8,1,0.1918686474,12.11738157,12.25430342,13.14882978,22,5138,6395,5,1,1,1,1,0.288,world,12.19755473,20.14253125,23.8079954
644.952,ours,1,0,0,0.2,2.246329769,2.26828044,2.611472931,0,7244,9055,5,1,1,1,1,0.052,world,2.398490807,14.0315468,19.06934721
644.952,ab3dmot,1,0,0,0.2,2.246130339,2.267958215,2.614261142,0,7248,9060,5,1,1,1,1,0.228,world,2.400522828,14.02933625,19.06540345
644.952,sort,0.472972973,8,1,0.191875,12.1176405,12.25425869,13.14868081,22,5142,6400,5,1,1,1,1,0.328,world,12.19790479,20.14138308,23.80594111
645,ours,1,0,0,0.2,2.246593595,2.268355454,2.611168411,0,7248,9060,5,1,1,1,1,0.012,world,2.400362693,14.03040001,19.06631099
645,ab3dmot,1,0,0,0.2,2.246241409,2.268034572,2.614093428,0,7252,9065,5,1,1,1,1,0.212,world,2.402409729,14.0285194,19.06258954
645,sort,0.4733915806,8,1,0.1918813427,12.11789944,12.25421138,13.14853185,22,5146,6405,5,1,1,1,1,0.08,world,12.19454947,20.13599427,23.79947008
645.088,ours,1,0,0,0.2,2.246857422,2.268430355,2.610863891,0,7252,9065,5,1,1,1,1,0.036,world,2.400314996,14.03007218,19.06551623
645.088,ab3dmot,1,0,0,0.2,2.246442371,2.268110909,2.613925713,0,7256,9070,5,1,1,1,1,0.268,world,2.402525429,14.02821979,19.06162653
645.088,sort,0.4738095238,8,1,0.1918876755,12.11791671,12.25416284,13.14838289,22,5150,6410,5,1,1,1,1,0.168,world,12.19290774,20.13254383,23.79462678
645.184,ours,1,0,0,0.2,2.247279688,2.268504704,2.610559371,0,7256,9070,5,1,1,1,1,0.068,world,2.399513524,14.02980737,19.06544736
645.184,ab3dmot,1,0,0,0.2,2.246643332,2.268186692,2.613757999,0,7260,9075,5,1,1,1,1,0.364,world,2.401723603,14.02795476,19.06155753
645.184,sort,0.4742268041,8,1,0.1918939984,12.11793398,12.25411326,13.14823392,22,5154,6415,5,1,1,1,1,0.264,world,12.19148297,20.13006699,23.79132104
645.264,ours,1,0,0,0.2,2.247701954,2.268577942,2.61025485,0,7260,9075,5,1,1,1,1,0.048,world,2.397752169,14.02923605,19.06527696
645.264,ab3dmot,1,0,0,0.2,2.24687725,2.268261362,2.613590285,0,7264,9080,5,1,1,1,1,0.444,world,2.399962252,14.02738323,19.06138694
645.264,sort,0.4746434231,8,1,0.1919003115,12.11838766,12.25406215,13.14785719,22,5158,6420,5,1,1,1,1,0.344,world,12.18943436,20.1268431,23.78668724
645.34,ours,1,0,0,0.2,2.248171767,2.268650201,2.60995033,0,7264,9080,5,1,1,1,1,0.04,world,2.396212163,14.02871615,19.06512073
645.34,ab3dmot,1,0,0,0.2,2.247111168,2.268335901,2.61342257,0,7268,9085,5,1,1,1,1,0.452,world,2.399881299,14.02693131,19.05960595
645.34,sort,0.4750593824,8,1,0.1919066148,12.11884134,12.25400937,13.14748046,22,5162,6425,5,1,1,1,1,0.384,world,12.18722576,20.12332417,23.7827185
645.4,ours,1,0,0,0.2,2.248641581,2.268723263,2.60964581,0,7268,9085,5,1,1,1,1,0.016,world,2.397733743,14.02837697,19.06224169
645.4,ab3dmot,1,0,0,0.2,2.247229824,2.268411954,2.613254856,0,7272,9090,5,1,1,1,1,0.38,world,2.402628132,14.02544508,19.05450331
645.4,sort,0.4754746835,8,1,0.1919129082,12.119358,12.25395374,13.14710372,22,5166,6430,5,1,1,1,1,0.216,world,12.18348034,20.1182088,23.77672929
645.5,ours,1,0,0,0.2,2.24887567,2.26879836,2.60934129,0,7272,9090,5,1,1,1,1,0.048,world,2.401374492,14.02041047,19.04918353
645.5,ab3dmot,1,0,0,0.2,2.247348479,2.268488944,2.613087142,0,7276,9095,5,1,1,1,1,0.248,world,2.404383304,14.01765417,19.04374361
645.5,sort,0.4758893281,8,1,0.1919191919,12.11987465,12.25389439,13.14672699,22,5170,6435,5,1,1,1,1,0.248,world,12.17865415,20.11249656,23.77016331
645.58,ours,1,0,0,0.2,2.24910976,2.268871991,2.609036769,0,7276,9095,5,1,1,1,1,0.032,world,2.398999278,14.01962908,19.04893422
645.58,ab3dmot,1,0,0,0.2,2.247356825,2.268564465,2.612919428,0,7280,9100,5,1,1,1,1,0.328,world,2.402009651,14.01687286,19.04349408
645.58,sort,0.4763033175,8,1,0.1919254658,12.12020847,12.25383267,13.14635026,22,5174,6440,5,1,1,1,1,0.328,world,12.1755032,20.10913834,23.76644339
645.628,ours,1,0,0,0.2,2.249180853,2.268944263,2.608732249,0,7280,9100,5,1,1,1,1,0.028,world,2.396802685,14.01878572,19.04816715
645.628,ab3dmot,1,0,0,0.2,2.247365171,2.268638373,2.612751713,0,7284,9105,5,1,1,1,1,0.28,world,2.399381345,14.01650523,19.0435669
645.628,sort,0.4767166535,8,1,0.19193173,12.12054229,12.2537677,13.14597352,22,5178,6445,5,1,1,1,1,0.316,world,12.17123902,20.10468316,23.76163577
645.688,ours,1,0,0,0.2,2.249251947,2.269016009,2.608427729,0,7284,9105,5,1,1,1,1,0.012,world,2.396036308,14.01769627,19.04682112
645.688,ab3dmot,1,0,0,0.2,2.24766379,2.268711467,2.612718086,0,7288,9110,5,1,1,1,1,0.272,world,2.398122753,14.01569258,19.04298539
645.688,sort,0.4771293375,8,1,0.1919379845,12.1205714,12.25370055,13.14559679,22,5182,6450,5,1,1,1,1,0.276,world,12.1683246,20.10172268,23.75842951
645.712,ours,1,0,0,0.2,2.249350332,2.2690869,2.608363305,0,7288,9110,5,1,1,1,1,0.012,world,2.3946997,14.01724508,19.04652652
645.712,ab3dmot,1,0,0,0.2,2.247962408,2.268783252,2.612684459,0,7292,9115,5,1,1,1,1,0.228,world,2.396006208,14.01606504,19.04417889
645.712,sort,0.4775413712,8,1,0.1919442293,12.12060051,12.25363144,13.14522006,22,5186,6455,5,1,1,1,1,0.168,world,12.16568385,20.09923169,23.75571007
645.78,ours,1,0,0,0.2,2.249448717,2.269155546,2.608298881,0,7292,9115,5,1,1,1,1,0.02,world,2.390957919,14.01717392,19.04757355
645.78,ab3dmot,1,0,0,0.2,2.248301816,2.268852084,2.612650832,0,7296,9120,5,1,1,1,1,0.2,world,2.39104094,14.0174193,19.04765892
645.78,sort,0.4779527559,8,1,0.1919504644,12.12080552,12.25356001,13.14484332,22,5190,6460,5,1,1,1,1,0.132,world,12.16257619,20.09629401,23.75256102
645.808,ours,1,0,0,0.2,2.249503172,2.269222986,2.608234457,0,7296,9120,5,1,1,1,1,0.008,world,2.389003388,14.01719188,19.04814043
645.808,ab3dmot,1,0,0,0.2,2.248641224,2.268919555,2.612617204,0,7300,9125,5,1,1,1,1,0.16,world,2.388817245,14.0176773,19.04870802
645.808,sort,0.4783634933,8,1,0.1919566899,12.12101054,12.25348816,13.14446659,22,5194,6465,5,1,1,1,1,0.06,world,12.16188892,20.0959472,23.75223055
645.872,ours,1,0,0,0.2,2.249557627,2.26928925,2.608170033,0,7300,9125,5,1,1,1,1,0.028,world,2.387095557,14.01700859,19.04844781
645.872,ab3dmot,1,0,0,0.2,2.248830346,2.268985638,2.612583577,0,7304,9130,5,1,1,1,1,0.16,world,2.386540784,14.0178024,19.04966043
645.872,sort,0.4787735849,8,1,0.1919629057,12.12104478,12.25341588,13.14408986,22,5198,6470,5,1,1,1,1,0.124,world,12.16120873,20.09562649,23.75202421
645.912,ours,1,0,0,0.2,2.249645793,2.269353266,2.608105608,0,7304,9130,5,1,1,1,1,0.012,world,2.383317713,14.01610643,19.04845362
645.912,ab3dmot,1,0,0,0.2,2.249019468,2.269049485,2.61254995,0,7308,9135,5,1,1,1,1,0.164,world,2.382781519,14.01672211,19.04951375
645.912,sort,0.4791830322,8,1,0.191969112,12.12107903,12.25334121,13.14371312,22,5202,6475,5,1,1,1,1,0.164,world,12.15798889,20.09288964,23.74942249
645.976,ours,1,0,0,0.2,2.24973396,2.26941612,2.608041184,0,7308,9135,5,1,1,1,1,0.024,world,2.38142198,14.01549189,19.04826014
645.976,ab3dmot,1,0,0,0.2,2.249203625,2.269112171,2.612516322,0,7312,9140,5,1,1,1,1,0.228,world,2.380885488,14.01610754,19.04932029
645.976,sort,0.4795918367,8,1,0.1919753086,12.12157574,12.25326545,13.14333639,22,5206,6480,5,1,1,1,1,0.228,world,12.15643252,20.09166263,23.74831099
646.008,ours,1,0,0,0.2,2.250144565,2.269477784,2.60797676,0,7312,9140,5,1,1,1,1,0.008,world,2.37947153,14.01486048,19.04806192
646.008,ab3dmot,1,0,0,0.2,2.249387781,2.269173669,2.612482695,0,7316,9145,5,1,1,1,1,0.26,world,2.378934727,14.01547609,19.04912209
646.008,sort,0.48,8,1,0.1919814958,12.12207246,12.25318842,13.14295965,22,5210,6485,5,1,1,1,1,0.26,world,12.15466299,20.09022803,23.74699954
646.072,ours,1,0,0,0.2,2.25055517,2.26953674,2.607912336,0,7316,9145,5,1,1,1,1,0.028,world,2.374862516,14.01411682,19.04869004
646.072,ab3dmot,1,0,0,0.2,2.249763718,2.269232255,2.612449068,0,7320,9150,5,1,1,1,1,0.26,world,2.373968928,14.01500132,19.05035112
646.072,sort,0.4804075235,8,1,0.1919876733,12.12213071,12.25310824,13.14258292,22,5214,6490,5,1,1,1,1,0.264,world,12.15044061,20.08683422,23.74388816
646.1,ours,1,0,0,0.2,2.250578886,2.26959417,2.607847912,0,7320,9150,5,1,1,1,1,0.02,world,2.372308598,14.01356078,19.04907346
646.1,ab3dmot,1,0,0,0.2,2.250139655,2.26928874,2.612415441,0,7324,9155,5,1,1,1,1,0.22,world,2.370401499,14.01444359,19.05187946
646.1,sort,0.4808144088,8,1,0.1919938414,12.12218896,12.25302704,13.14220619,22,5218,6495,5,1,1,1,1,0.188,world,12.14898539,20.08621802,23.74358575
646.144,ours,1,0,0,0.2,2.250602603,2.269649752,2.607783488,0,7324,9155,5,1,1,1,1,0.032,world,2.369181659,14.01293941,19.05000758
646.144,ab3dmot,1,0,0,0.2,2.250225859,2.269343264,2.612381813,0,7328,9160,5,1,1,1,1,0.204,world,2.367070847,14.01402951,19.05319818
646.144,sort,0.4812206573,8,1,0.192,12.12237226,12.25294513,13.14182945,22,5222,6500,5,1,1,1,1,0.172,world,12.14789016,20.08601524,23.74376818
646.2,ours,1,0,0,0.2,2.250844849,2.269702193,2.607719064,0,7328,9160,5,1,1,1,1,0.024,world,2.363770668,14.01164544,19.05074244
646.2,ab3dmot,1,0,0,0.2,2.250312063,2.269394831,2.612348186,0,7332,9165,5,1,1,1,1,0.224,world,2.361976996,14.01254644,19.05343484
646.2,sort,0.4816262705,8,1,0.1920061491,12.12255556,12.25286016,13.14145272,22,5226,6505,5,1,1,1,1,0.224,world,12.14377731,20.08309871,23.74142149
646.256,ours,1,0,0,0.2,2.251087095,2.269753268,2.60765464,0,7332,9165,5,1,1,1,1,0.044,world,2.361469373,14.01090804,19.05051664
646.256,ab3dmot,1,0,0,0.2,2.250505611,2.269445035,2.612314559,0,7336,9170,5,1,1,1,1,0.284,world,2.359674221,14.01180876,19.05320909
646.256,sort,0.48203125,8,1,0.1920122888,12.12256917,12.25277383,13.14107599,22,5230,6510,5,1,1,1,1,0.284,world,12.1418621,20.08190815,23.74058748
646.308,ours,1,0,0,0.2,2.251148249,2.269801604,2.607590216,0,7336,9170,5,1,1,1,1,0.012,world,2.356734087,14.00939401,19.05005571
646.308,ab3dmot,1,0,0,0.2,2.250699159,2.269492501,2.612280931,0,7340,9175,5,1,1,1,1,0.332,world,2.35493585,14.01029415,19.05274826
646.308,sort,0.4824355972,8,1,0.192018419,12.12258278,12.25268387,13.14069925,22,5234,6515,5,1,1,1,1,0.332,world,12.13698489,20.0782918,23.73759007
646.36,ours,1,0,0,0.2,2.251209403,2.26984851,2.607525792,0,7340,9175,5,1,1,1,1,0.02,world,2.354302779,14.00861833,19.04982096
646.36,ab3dmot,1,0,0,0.2,2.250922655,2.26953799,2.612247304,0,7344,9180,5,1,1,1,1,0.352,world,2.351527855,14.0095913,19.05367331
646.36,sort,0.4828393136,8,1,0.1920245399,12.12271008,12.25259222,13.14056086,22,5238,6520,5,1,1,1,1,0.384,world,12.13462523,20.07666467,23.73633089
646.4,ours,1,0,0,0.2,2.251590181,2.269893078,2.607461368,0,7344,9180,5,1,1,1,1,0.004,world,2.350252369,14.00785509,19.05138812
646.4,ab3dmot,1,0,0,0.2,2.251146152,2.269580922,2.612213677,0,7348,9185,5,1,1,1,1,0.324,world,2.347079884,14.00865906,19.05558158
646.4,sort,0.4832424006,8,1,0.1920306513,12.12283739,12.25249945,13.14042247,22,5242,6525,5,1,1,1,1,0.356,world,12.13298155,20.07597511,23.73609196
646.44,ours,1,0,0,0.2,2.251970959,2.269935303,2.607396944,0,7348,9185,5,1,1,1,1,0.024,world,2.346178548,14.00703235,19.05290634
646.44,ab3dmot,1,0,0,0.2,2.25116219,2.269621854,2.61218005,0,7352,9190,5,1,1,1,1,0.332,world,2.343608338,14.00776203,19.05636691
646.44,sort,0.4836448598,8,1,0.1920367534,12.12298052,12.25240514,13.14028408,22,5246,6530,5,1,1,1,1,0.296,world,12.13080123,20.07475673,23.73528702
646.492,ours,1,0,0,0.2,2.25205236,2.269974593,2.60733252,0,7352,9190,5,1,1,1,1,0.02,world,2.341037407,14.00540109,19.05242028
646.492,ab3dmot,1,0,0,0.2,2.251178228,2.269659267,2.612146422,0,7356,9195,5,1,1,1,1,0.348,world,2.337412306,14.0060289,19.05701413
646.492,sort,0.4840466926,8,1,0.1920428462,12.12312365,12.25230693,13.14014569,22,5250,6535,5,1,1,1,1,0.252,world,12.12554385,20.07119453,23.7325222
646.528,ours,1,0,0,0.2,2.252133761,2.270011354,2.607268096,0,7356,9195,5,1,1,1,1,0.024,world,2.33660137,14.00449141,19.05418509
646.528,ab3dmot,1,0,0,0.2,2.251835546,2.269693973,2.612112795,0,7360,9200,5,1,1,1,1,0.324,world,2.332643592,14.00506429,19.05914438
646.528,sort,0.4844479005,8,1,0.1920489297,12.12313981,12.25220725,13.1400073,22,5254,6540,5,1,1,1,1,0.16,world,12.1234496,20.07025297,23.7320774
646.58,ours,1,0,0,0.2,2.252182114,2.27004561,2.607203671,0,7360,9200,5,1,1,1,1,0.02,world,2.332192168,14.0036549,19.0559469
646.58,ab3dmot,1,0,0,0.2,2.252492865,2.269726209,2.612079168,0,7364,9205,5,1,1,1,1,0.304,world,2.328285856,14.00437961,19.06097084
646.58,sort,0.4848484848,8,1,0.1920550038,12.12312365,12.25210553,13.13986891,22,5258,6545,5,1,1,1,1,0.18,world,12.1205899,20.0682667,23.730523
646.62,ours,1,0,0,0.2,2.252230468,2.270076495,2.607139247,0,7364,9205,5,1,1,1,1,0.02,world,2.32620956,14.00315064,19.05973821
646.62,ab3dmot,1,0,0,0.2,2.252642968,2.269755718,2.612056738,0,7368,9210,5,1,1,1,1,0.22,world,2.323445771,14.00362183,19.0632848
646.62,sort,0.4852484472,8,1,0.1920610687,12.12298052,12.25200157,13.13973052,22,5262,6550,5,1,1,1,1,0.224,world,12.11746334,20.06594712,23.72862765
646.696,ours,1,0,0,0.2,2.252344535,2.270104297,2.60706136,0,7368,9210,5,1,1,1,1,0.024,world,2.320722634,14.0014239,19.05923608
646.696,ab3dmot,1,0,0,0.2,2.252793071,2.269782147,2.612034307,0,7372,9215,5,1,1,1,1,0.292,world,2.317952687,14.00189371,19.06278276
646.696,sort,0.485647789,8,1,0.1920671243,12.12283739,12.25189287,13.13959213,22,5266,6555,5,1,1,1,1,0.296,world,12.11107925,20.06125982,23.72484133
646.736,ours,1,0,0,0.2,2.252458601,2.270130523,2.606983473,0,7372,9215,5,1,1,1,1,0.032,world,2.317936188,14.000549,19.05898339
646.736,ab3dmot,1,0,0,0.2,2.252899426,2.269807003,2.612011877,0,7376,9220,5,1,1,1,1,0.332,world,2.315163085,14.00101809,19.06253012
646.736,sort,0.4860465116,8,1,0.1920731707,12.12271008,12.25178185,13.13945373,22,5270,6560,5,1,1,1,1,0.332,world,12.10783225,20.0589047,23.7229632
646.792,ours,1,0,0,0.2,2.25246199,2.270153082,2.606905585,0,7376,9220,5,1,1,1,1,0.028,world,2.311354707,13.99875496,19.05953589
646.792,ab3dmot,1,0,0,0.2,2.253005781,2.269828372,2.611989447,0,7380,9225,5,1,1,1,1,0.328,world,2.308897824,13.99912792,19.06265067
646.792,sort,0.4864446166,8,1,0.1920792079,12.12258278,12.25166632,13.13931534,22,5274,6565,5,1,1,1,1,0.328,world,12.10170543,20.0548466,23.71996452
646.836,ours,1,0,0,0.2,2.252465379,2.270173717,2.606827698,0,7380,9225,5,1,1,1,1,0.024,world,2.307910944,13.99787492,19.05996432
646.836,ab3dmot,1,0,0,0.2,2.2531536,2.269848202,2.611967016,0,7384,9230,5,1,1,1,1,0.264,world,2.306143841,13.99806999,19.06215467
646.836,sort,0.4868421053,8,1,0.1920852359,12.12256917,12.25154839,13.13917695,22,5278,6570,5,1,1,1,1,0.364,world,12.0983459,20.05245599,23.71810007
646.9,ours,1,0,0,0.2,2.252685916,2.270190926,2.606749811,0,7384,9230,5,1,1,1,1,0.032,world,2.301722781,13.99648791,19.06019742
646.9,ab3dmot,1,0,0,0.2,2.25330142,2.269865051,2.611944586,0,7388,9235,5,1,1,1,1,0.196,world,2.300758156,13.99759924,19.06207705
646.9,sort,0.4872389791,8,1,0.1920912548,12.12255556,12.25142672,13.13903856,22,5282,6575,5,1,1,1,1,0.196,world,12.09320707,20.05004705,23.71698346
646.972,ours,1,0,0,0.2,2.252906453,2.2702048,2.606671924,0,7388,9235,5,1,1,1,1,0.032,world,2.295672052,13.99596816,19.06079064
646.972,ab3dmot,1,0,0,0.2,2.253314137,2.269879534,2.611922156,0,7392,9240,5,1,1,1,1,0.14,world,2.296473576,13.99702243,19.06060641
646.972,sort,0.4876352396,8,1,0.1920972644,12.12237226,12.25130086,13.13890017,22,5286,6580,5,1,1,1,1,0.108,world,12.08746516,20.04692273,23.71515625
647.072,ours,1,0,0,0.2,2.252914871,2.270214339,2.606594036,0,7392,9240,5,1,1,1,1,0.04,world,2.287765209,13.99341357,19.05899988
647.072,ab3dmot,1,0,0,0.2,2.253326854,2.269889652,2.611899725,0,7396,9245,5,1,1,1,1,0.172,world,2.288510187,13.99386184,19.05846534
647.072,sort,0.488030888,8,1,0.192103265,12.12218896,12.25116751,13.13876178,22,5290,6585,5,1,1,1,1,0.136,world,12.07738491,20.04039329,23.71053413
647.168,ours,1,0,0,0.2,2.252923289,2.270220593,2.606516149,0,7396,9245,5,1,1,1,1,0.036,world,2.281749033,13.99155858,19.05849369
647.168,ab3dmot,1,0,0,0.2,2.253461025,2.269896485,2.611877295,0,7400,9250,5,1,1,1,1,0.272,world,2.28249611,13.99200743,19.05795915
647.168,sort,0.4884259259,8,1,0.1921092564,12.12213071,12.25102894,13.13862339,22,5294,6590,5,1,1,1,1,0.236,world,12.07024245,20.03559005,23.70703438
647.26,ours,1,0,0,0.2,2.253094718,2.27022191,2.606438262,0,7400,9250,5,1,1,1,1,0.028,world,2.272656492,13.98876628,19.0577418
647.26,ab3dmot,1,0,0,0.2,2.253595195,2.269898583,2.611854865,0,7404,9255,5,1,1,1,1,0.292,world,2.273777233,13.98879606,19.05649259
647.26,sort,0.4888203547,8,1,0.1921152388,12.12207246,12.25088235,13.138485,22,5298,6595,5,1,1,1,1,0.324,world,12.05940571,20.02841124,23.70190597
647.3,ours,1,0,0,0.2,2.253266147,2.270221833,2.606360374,0,7404,9255,5,1,1,1,1,0.004,world,2.27007954,13.98722821,19.05654088
647.3,ab3dmot,1,0,0,0.2,2.253626705,2.269899589,2.611832434,0,7408,9260,5,1,1,1,1,0.2,world,2.27175951,13.98577138,19.05361914
647.3,sort,0.4892141757,8,1,0.1921212121,12.12157574,12.2507343,13.13834661,22,5302,6600,5,1,1,1,1,0.168,world,12.05718255,20.02804746,23.70241081
647.396,ours,1,0,0,0.2,2.253567521,2.270217028,2.606282487,0,7408,9260,5,1,1,1,1,0.032,world,2.261303925,13.98200088,19.05369867
647.396,ab3dmot,1,0,0,0.2,2.253658214,2.269895575,2.611810004,0,7412,9265,5,1,1,1,1,0.164,world,2.262449718,13.98004816,19.05105836
647.396,sort,0.4896073903,8,1,0.1921271764,12.12107903,12.25057907,13.13820821,22,5306,6605,5,1,1,1,1,0.1,world,12.04739752,20.02263887,23.69932488
647.496,ours,1,0,0,0.2,2.253266147,2.270207061,2.6062046,0,7412,9265,5,1,1,1,1,0.056,world,2.25167384,13.97832031,19.05291497
647.496,ab3dmot,1,0,0,0.2,2.253626705,2.269886165,2.611787574,0,7416,9270,5,1,1,1,1,0.168,world,2.252383298,13.9771724,19.05132778
647.496,sort,0.49,8,1,0.1921331316,12.12104478,12.25042114,13.13806982,22,5310,6610,5,1,1,1,1,0.132,world,12.04352375,20.01382294,23.68881508
647.596,ours,1,0,0,0.2,2.253094718,2.270193725,2.606126712,0,7416,9270,5,1,1,1,1,0.056,world,2.245345257,13.97635488,19.05264261
647.596,ab3dmot,1,0,0,0.2,2.253595195,2.269873518,2.611765143,0,7420,9275,5,1,1,1,1,0.268,world,2.246303526,13.97533363,19.05085914
647.596,sort,0.4903920061,8,1,0.1921390779,12.12101054,12.25025845,13.13793143,22,5314,6615,5,1,1,1,1,0.232,world,12.03691,20.00865059,23.68457741
647.688,ours,1,0,0,0.2,2.252923289,2.270175576,2.606048825,0,7420,9275,5,1,1,1,1,0.06,world,2.236274681,13.97362394,19.05195794
647.688,ab3dmot,1,0,0,0.2,2.253461025,2.26985606,2.611742713,0,7424,9280,5,1,1,1,1,0.364,world,2.237236447,13.97260326,19.0501744
647.688,sort,0.4907834101,8,1,0.1921450151,12.12080552,12.25008794,13.13758991,22,5318,6620,5,1,1,1,1,0.328,world,12.0262064,20.0016497,23.67973871
647.756,ours,1,0,0,0.2,2.252914871,2.27015414,2.605970938,0,7424,9280,5,1,1,1,1,0.056,world,2.230035699,13.97194127,19.0518667
647.756,ab3dmot,1,0,0,0.2,2.253326854,2.269835153,2.611720283,0,7428,9285,5,1,1,1,1,0.328,world,2.230693648,13.97188151,19.05108035
647.756,sort,0.4911742134,8,1,0.1921509434,12.12060051,12.24991232,13.13724839,22,5322,6625,5,1,1,1,1,0.392,world,12.01907156,19.99710495,23.67670338
647.8,ours,1,0,0,0.2,2.252906453,2.270130967,2.605893051,0,7428,9285,5,1,1,1,1,0.008,world,2.226705724,13.97197383,19.0526718
647.8,ab3dmot,1,0,0,0.2,2.253314137,2.269812282,2.611697852,0,7432,9290,5,1,1,1,1,0.24,world,2.226935064,13.97228332,19.05262383
647.8,sort,0.4915644172,8,1,0.1921568627,12.1205952,12.24973615,13.13690687,22,5326,6630,5,1,1,1,1,0.272,world,12.01800018,19.99657307,23.67657591
647.892,ours,1,0,0,0.2,2.252685916,2.270103367,2.605815163,0,7432,9290,5,1,1,1,1,0.044,world,2.218258936,13.96835153,19.05090945
647.892,ab3dmot,1,0,0,0.2,2.25330142,2.269785607,2.611675422,0,7436,9295,5,1,1,1,1,0.2,world,2.219671087,13.96698981,19.04839382
647.892,sort,0.491954023,8,1,0.1921627732,12.1205899,12.24955504,13.13656535,22,5330,6635,5,1,1,1,1,0.1,world,12.01105985,19.99284186,23.67463915
647.956,ours,1,0,0,0.2,2.252465379,2.270074992,2.605737276,0,7436,9295,5,1,1,1,1,0.048,world,2.216725546,13.96552708,19.04782034
647.956,ab3dmot,1,0,0,0.2,2.2531536,2.269758071,2.611652992,0,7440,9300,5,1,1,1,1,0.196,world,2.217976553,13.96452063,19.04573007
647.956,sort,0.4923430322,8,1,0.1921686747,12.12056609,12.24937243,13.13622383,22,5334,6640,5,1,1,1,1,0.096,world,12.00869297,19.99182989,23.6743302
648.024,ours,1,0,0,0.2,2.25246199,2.270043618,2.605659389,0,7440,9300,5,1,1,1,1,0.024,world,2.210949613,13.96381791,19.0474209
648.024,ab3dmot,1,0,0,0.2,2.253005781,2.269727536,2.611630562,0,7444,9305,5,1,1,1,1,0.268,world,2.212203702,13.96281202,19.04533058
648.024,sort,0.4927314461,8,1,0.1921745673,12.12054229,12.24918528,13.13588231,22,5338,6645,5,1,1,1,1,0.136,world,12.00227834,19.98813765,23.67216736
648.1,ours,1,0,0,0.2,2.252458601,2.270009301,2.605581501,0,7444,9305,5,1,1,1,1,0.016,world,2.205256171,13.96213984,19.04703552
648.1,ab3dmot,1,0,0,0.2,2.252899426,2.269694059,2.61133954,0,7448,9310,5,1,1,1,1,0.34,world,2.206513323,13.96113453,19.04494516
648.1,sort,0.4931192661,8,1,0.1921804511,12.12020847,12.24899328,13.13554079,22,5342,6650,5,1,1,1,1,0.208,world,11.99542247,19.98420908,23.66990471
648.156,ours,1,0,0,0.2,2.252344535,2.269972433,2.605513652,0,7448,9310,5,1,1,1,1,0.036,world,2.200290387,13.95973259,19.04543728
648.156,ab3dmot,1,0,0,0.2,2.252793071,2.269658562,2.611048518,0,7452,9315,5,1,1,1,1,0.332,world,2.202571876,13.95737093,19.04129311
648.156,sort,0.4935064935,8,1,0.1921863261,12.11987465,12.24879647,13.13519927,22,5346,6655,5,1,1,1,1,0.264,world,11.98861546,19.98036284,23.66775366
648.196,ours,1,0,0,0.2,2.252230468,2.269934859,2.605445802,0,7452,9315,5,1,1,1,1,0.012,world,2.198858741,13.95691924,19.04242215
648.196,ab3dmot,1,0,0,0.2,2.252642968,2.269623248,2.610757496,0,7456,9320,5,1,1,1,1,0.304,world,2.202851064,13.95265599,19.0351062
648.196,sort,0.4938931298,8,1,0.1921921922,12.119358,12.24859885,13.13485774,22,5350,6660,5,1,1,1,1,0.172,world,11.98711527,19.97971059,23.66758051
648.256,ours,1,0,0,0.2,2.252182114,2.269896089,2.605377953,0,7456,9320,5,1,1,1,1,0.048,world,2.196481187,13.95180436,19.03619457
648.256,ab3dmot,1,0,0,0.2,2.252492865,2.269586088,2.610466474,0,7460,9325,5,1,1,1,1,0.3,world,2.199227423,13.94847207,19.03092254
648.256,sort,0.4942791762,8,1,0.1921980495,12.11884134,12.24839649,13.13451622,22,5354,6665,5,1,1,1,1,0.232,world,11.98036963,19.97657729,23.66559361
648.3,ours,1,0,0,0.2,2.252133761,2.269856158,2.605310103,0,7460,9325,5,1,1,1,1,0.028,world,2.194162231,13.94923363,19.03455201
648.3,ab3dmot,1,0,0,0.2,2.252438081,2.269547245,2.610175452,0,7464,9330,5,1,1,1,1,0.244,world,2.195910173,13.94696267,19.03110898
648.3,sort,0.4946646341,8,1,0.1922038981,12.11838766,12.24819195,13.1341747,22,5358,6670,5,1,1,1,1,0.276,world,11.97704136,19.97415874,23.6646468
648.388,ours,1,0,0,0.2,2.25205236,2.269813494,2.605242254,0,7464,9330,5,1,1,1,1,0.052,world,2.188797854,13.9476215,19.03427928
648.388,ab3dmot,1,0,0,0.2,2.252383298,2.269505716,2.60988443,0,7468,9335,5,1,1,1,1,0.332,world,2.190641791,13.94543441,19.03078552
648.388,sort,0.495049505,8,1,0.1922097378,12.11793398,12.24798535,13.13383318,22,5362,6675,5,1,1,1,1,0.132,world,11.97384548,19.97282265,23.66436952
648.424,ours,1,0,0,0.2,2.251970959,2.269769461,2.605174404,0,7468,9335,5,1,1,1,1,0.024,world,2.18605915,13.94693289,19.03432925
648.424,ab3dmot,1,0,0,0.2,2.251780763,2.269462307,2.609593408,0,7472,9340,5,1,1,1,1,0.268,world,2.186916376,13.94568004,19.03255387
648.424,sort,0.49543379,8,1,0.1922155689,12.11791671,12.24777665,13.13349166,22,5366,6680,5,1,1,1,1,0.172,world,11.97061475,19.97109765,23.66351731
648.5,ours,1,0,0,0.2,2.2518224,2.269722561,2.605106555,0,7472,9340,5,1,1,1,1,0.016,world,2.180402503,13.94597014,19.03499551
648.5,ab3dmot,1,0,0,0.2,2.251178228,2.269415458,2.609302386,0,7476,9345,5,1,1,1,1,0.216,world,2.180143951,13.94695351,19.0359237
648.5,sort,0.4958174905,8,1,0.1922213912,12.11789944,12.24756354,13.13315014,22,5370,6685,5,1,1,1,1,0.248,world,11.9642588,19.96774688,23.66190894
648.6,ours,1,0,0,0.2,2.25167384,2.269671572,2.605038705,0,7476,9345,5,1,1,1,1,0.048,world,2.172336162,13.94535314,19.03631169
648.6,ab3dmot,1,0,0,0.2,2.25116219,2.269364518,2.609011365,0,7480,9350,5,1,1,1,1,0.212,world,2.172070702,13.94630128,19.03722918
648.6,sort,0.4962006079,8,1,0.1922272048,12.11768139,12.24734388,13.13280862,22,5374,6690,5,1,1,1,1,0.344,world,11.955005,19.96297655,23.65973873
648.656,ours,1,0,0,0.2,2.251441622,2.269618102,2.604970856,0,7480,9350,5,1,1,1,1,0.04,world,2.167378208,13.94432297,19.03649399
648.656,ab3dmot,1,0,0,0.2,2.251146152,2.269311058,2.608720343,0,7484,9355,5,1,1,1,1,0.24,world,2.167034494,13.94532516,19.03753475
648.656,sort,0.4965831435,8,1,0.1922330097,12.11746334,12.24712331,13.1324671,22,5378,6695,5,1,1,1,1,0.108,world,11.95332897,19.96279147,23.66039571
648.716,ours,1,0,0,0.2,2.251209403,2.269563502,2.604903006,0,7484,9355,5,1,1,1,1,0.016,world,2.165054151,13.94366612,19.03637446
648.716,ab3dmot,1,0,0,0.2,2.250922655,2.269256468,2.608429321,0,7488,9360,5,1,1,1,1,0.296,world,2.164710141,13.9446683,19.03741522
648.716,sort,0.4969650986,8,1,0.192238806,12.11742245,12.2469016,13.13212558,22,5382,6700,5,1,1,1,1,0.1,world,11.95133495,19.96195297,23.66022244
648.772,ours,1,0,0,0.2,2.251148249,2.269506617,2.604835157,0,7488,9360,5,1,1,1,1,0.024,world,2.160452943,13.94209137,19.03602662
648.772,ab3dmot,1,0,0,0.2,2.250699159,2.269199551,2.608138299,0,7492,9365,5,1,1,1,1,0.256,world,2.160022378,13.94270285,19.03690601
648.772,sort,0.4973464746,8,1,0.1922445936,12.11738157,12.24667599,13.13178406,22,5386,6705,5,1,1,1,1,0.16,world,11.9456197,19.95916705,23.65913503
648.816,ours,1,0,0,0.2,2.251087095,2.269448661,2.604767307,0,7492,9365,5,1,1,1,1,0.016,world,2.158229366,13.94111493,19.03570232
648.816,ab3dmot,1,0,0,0.2,2.250505611,2.269141437,2.607847277,0,7496,9370,5,1,1,1,1,0.232,world,2.157548513,13.94207661,19.03708801
648.816,sort,0.4977272727,8,1,0.1922503726,12.11727077,12.24644973,13.13144254,22,5390,6710,5,1,1,1,1,0.1,world,11.94427967,19.95878234,23.65929642
648.872,ours,1,0,0,0.2,2.250844849,2.269388537,2.604699458,0,7496,9370,5,1,1,1,1,0.024,world,2.153832415,13.93984164,19.03555849
648.872,ab3dmot,1,0,0,0.2,2.250312063,2.269081238,2.607556255,0,7500,9375,5,1,1,1,1,0.192,world,2.153314537,13.94068847,19.03668606
648.872,sort,0.4981074943,8,1,0.192256143,12.11715998,12.2462198,13.13110101,22,5394,6715,5,1,1,1,1,0.16,world,11.93885003,19.95623109,23.65841306
648.952,ours,1,0,0,0.2,2.250602603,2.269326395,2.604631608,0,7500,9375,5,1,1,1,1,0.044,world,2.149718563,13.93864401,19.03531034
648.952,ab3dmot,1,0,0,0.2,2.250225859,2.269019005,2.607265233,0,7504,9380,5,1,1,1,1,0.268,world,2.149164871,13.93954163,19.03650979
648.952,sort,0.4984871407,8,1,0.1922619048,12.11691232,12.24598634,13.130772,22,5398,6720,5,1,1,1,1,0.236,world,11.93360929,19.95383321,23.65766143
649.012,ours,1,0,0,0.2,2.250578886,2.269262307,2.604563759,0,7504,9380,5,1,1,1,1,0.024,world,2.145732773,13.93755124,19.03515405
649.012,ab3dmot,1,0,0,0.2,2.250139655,2.268954827,2.606974211,0,7508,9385,5,1,1,1,1,0.328,world,2.145178118,13.93844871,19.03635349
649.012,sort,0.4988662132,8,1,0.192267658,12.11666466,12.24574986,13.130443,22,5402,6725,5,1,1,1,1,0.264,world,11.92901331,19.95188609,23.65724453
649.1,ours,1,0,0,0.2,2.25055517,2.269196445,2.604495909,0,7508,9385,5,1,1,1,1,0.02,world,2.142077411,13.93634179,19.03472479
649.1,ab3dmot,1,0,0,0.2,2.249763718,2.26888932,2.606683189,0,7512,9390,5,1,1,1,1,0.316,world,2.142406548,13.93601771,19.0341493
649.1,sort,0.499244713,8,1,0.1922734027,12.11603788,12.24551015,13.13011399,22,5406,6730,5,1,1,1,1,0.352,world,11.92415358,19.94979173,23.65674888
649.184,ours,1,0,0,0.2,2.250144565,2.269129183,2.60442806,0,7512,9390,5,1,1,1,1,0.028,world,2.139153288,13.9342548,19.03309093
649.184,ab3dmot,1,0,0,0.2,2.249387781,2.268822248,2.606392167,0,7516,9395,5,1,1,1,1,0.304,world,2.139153824,13.93437064,19.03316489
649.184,sort,0.4996226415,8,1,0.1922791388,12.11541109,12.24526912,13.12978498,22,5410,6735,5,1,1,1,1,0.272,world,11.92187923,19.9494181,23.65745881
649.276,ours,1,0,0,0.2,2.24973396,2.269059576,2.60436021,0,7516,9395,5,1,1,1,1,0.032,world,2.134336442,13.93256971,19.0323852
649.276,ab3dmot,1,0,0,0.2,2.249203625,2.268752776,2.606101146,0,7520,9400,5,1,1,1,1,0.364,world,2.134223313,13.93294841,19.03275441
649.276,sort,0.5,8,1,0.1922848665,12.11510251,12.24501039,13.12945597,22,5414,6740,5,1,1,1,1,0.364,world,11.89724551,19.92825971,23.63681269
649.308,ours,1,0,0,0.2,2.249645793,2.268989687,2.604292361,0,7520,9400,5,1,1,1,1,0.008,world,2.133629369,13.93168973,19.03103903
649.308,ab3dmot,1,0,0,0.2,2.249019468,2.268683558,2.605810124,0,7524,9405,5,1,1,1,1,0.3,world,2.134589678,13.93163732,19.02994296
649.308,sort,0.5003767898,8,1,0.1922905856,12.11479393,12.24474755,13.12912696,22,5418,6745,5,1,1,1,1,0.332,world,11.89111877,19.92260691,23.63110075
649.376,ours,1,0,0,0.2,2.249557627,2.268919017,2.604224511,0,7524,9405,5,1,1,1,1,0.012,world,2.131920742,13.93025086,19.0290205
649.376,ab3dmot,1,0,0,0.2,2.248830346,2.268613648,2.605684204,0,7528,9410,5,1,1,1,1,0.264,world,2.133060693,13.93025786,19.02776897
649.376,sort,0.500753012,8,1,0.1922962963,12.11469269,12.24448218,13.12879795,22,5422,6750,5,1,1,1,1,0.396,world,11.88710867,19.92115618,23.63112081
649.408,ours,1,0,0,0.2,2.249503172,2.268848185,2.604083678,0,7528,9410,5,1,1,1,1,0.008,world,2.131450928,13.92934452,19.02753667
649.408,ab3dmot,1,0,0,0.2,2.248641224,2.268544665,2.605558284,0,7532,9415,5,1,1,1,1,0.228,world,2.134772665,13.92634869,19.0219432
649.408,sort,0.5011286682,8,1,0.1923019985,12.11459145,12.24421579,13.12846894,22,5426,6755,5,1,1,1,1,0.428,world,11.88518667,19.92049179,23.63117812
649.476,ours,1,0,0,0.2,2.249448717,2.268778627,2.603942845,0,7532,9415,5,1,1,1,1,0.016,world,2.133857531,13.92216646,19.0175919
649.476,ab3dmot,1,0,0,0.2,2.248301816,2.268476558,2.605432364,0,7536,9420,5,1,1,1,1,0.232,world,2.136382814,13.91985744,19.01334118
649.476,sort,0.5015037594,8,1,0.1923076923,12.11455048,12.24394176,13.12813993,22,5430,6760,5,1,1,1,1,0.1,world,11.87416399,19.90966607,23.62006282
649.508,ours,1,0,0,0.2,2.249350332,2.268709978,2.603802011,0,7536,9420,5,1,1,1,1,0.008,world,2.13553256,13.92023708,19.01452348
649.508,ab3dmot,1,0,0,0.2,2.247962408,2.268409735,2.605306445,0,7540,9425,5,1,1,1,1,0.2,world,2.138812484,13.91723944,19.00901215
649.508,sort,0.501878287,8,1,0.1923133777,12.11450952,12.24366624,13.12781092,22,5434,6765,5,1,1,1,1,0.064,world,11.87156581,19.90722726,23.61768667
649.6,ours,1,0,0,0.2,2.249251947,2.268640246,2.603661178,0,7540,9425,5,1,1,1,1,0.032,world,2.133221281,13.91776036,19.01181193
649.6,ab3dmot,1,0,0,0.2,2.24766379,2.26834255,2.605180525,0,7544,9430,5,1,1,1,1,0.192,world,2.137947552,13.91288505,19.00355145
649.6,sort,0.5022522523,8,1,0.1923190547,12.11450931,12.24338643,13.12748191,22,5438,6770,5,1,1,1,1,0.124,world,11.86511918,19.90482844,23.61758853
649.688,ours,1,0,0,0.2,2.249180853,2.268570754,2.603520344,0,7544,9430,5,1,1,1,1,0.044,world,2.133558426,13.91440825,19.00710798
649.688,ab3dmot,1,0,0,0.2,2.247365171,2.268274509,2.605054605,0,7548,9435,5,1,1,1,1,0.216,world,2.136097321,13.91198892,19.00280075
649.688,sort,0.5026256564,8,1,0.1923247232,12.11450909,12.24310382,13.1271529,22,5442,6775,5,1,1,1,1,0.184,world,11.86069313,19.903196,23.61743419
649.772,ours,1,0,0,0.2,2.24910976,2.268499728,2.603379511,0,7548,9435,5,1,1,1,1,0.04,world,2.130335469,13.91366182,19.00719767
649.772,ab3dmot,1,0,0,0.2,2.247356825,2.2682043,2.604928685,0,7552,9440,5,1,1,1,1,0.264,world,2.131604677,13.91247865,19.00506157
649.772,sort,0.5029985007,8,1,0.1923303835,12.11428693,12.24281812,13.12682389,22,5446,6780,5,1,1,1,1,0.264,world,11.85585926,19.90208235,23.61838737
649.84,ours,1,0,0,0.2,2.24887567,2.268427215,2.603238677,0,7552,9440,5,1,1,1,1,0.036,world,2.12719608,13.91451329,19.00942321
649.84,ab3dmot,1,0,0,0.2,2.247348479,2.268132054,2.604802765,0,7556,9445,5,1,1,1,1,0.264,world,2.127359995,13.91444582,19.00919969
649.84,sort,0.5033707865,8,1,0.1923360354,12.11406477,12.24253071,13.12649488,22,5450,6785,5,1,1,1,1,0.332,world,11.8529174,19.90153508,23.61916361
649.904,ours,1,0,0,0.2,2.248641581,2.268356322,2.603097844,0,7556,9445,5,1,1,1,1,0.016,world,2.130308141,13.91021663,19.00251468
649.904,ab3dmot,1,0,0,0.2,2.247229824,2.268063124,2.604676846,0,7560,9450,5,1,1,1,1,0.2,world,2.133883492,13.90655776,18.99632427
649.904,sort,0.503742515,8,1,0.1923416789,12.11327478,12.24224287,13.12616587,22,5454,6790,5,1,1,1,1,0.396,world,11.85174262,19.90139634,23.61960873
649.972,ours,1,0,0,0.2,2.248171767,2.268286612,2.602957011,0,7560,9450,5,1,1,1,1,0.008,world,2.132541077,13.90592541,18.99593473
649.972,ab3dmot,1,0,0,0.2,2.247111168,2.267994546,2.604550926,0,7564,9455,5,1,1,1,1,0.168,world,2.134448773,13.90415662,18.99275053
649.972,sort,0.5041136874,8,1,0.1923473142,12.11248479,12.24195021,13.12583686,22,5458,6795,5,1,1,1,1,0.2,world,11.84450186,19.89793184,23.61794152
650.036,ours,1,0,0,0.2,2.247701954,2.268217172,2.602816177,0,7564,9455,5,1,1,1,1,0.032,world,2.132938328,13.90390655,18.99296884
650.036,ab3dmot,1,0,0,0.2,2.24687725,2.267926173,2.604425006,0,7568,9460,5,1,1,1,1,0.164,world,2.134719576,13.9022055,18.98997147
650.036,sort,0.5044843049,8,1,0.1923529412,12.11237122,12.24165468,13.12550785,22,5462,6800,5,1,1,1,1,0.132,world,11.83994086,19.89634896,23.617809
650.1,ours,1,0,0,0.2,2.247279688,2.26814717,2.602675344,0,7568,9460,5,1,1,1,1,0.02,world,2.131665734,13.90369029,18.99313114
650.1,ab3dmot,1,0,0,0.2,2.246643332,2.267857239,2.604299086,0,7572,9465,5,1,1,1,1,0.232,world,2.133448182,13.9019895,18.99013383
650.1,sort,0.5048543689,8,1,0.1923585599,12.11225764,12.24135808,13.12517884,22,5466,6805,5,1,1,1,1,0.2,world,11.83784117,19.89673741,23.61956623
650.164,ours,1,0,0,0.2,2.246857422,2.268076698,2.60253451,0,7572,9465,5,1,1,1,1,0.028,world,2.130573917,13.90351199,18.99331477
650.164,ab3dmot,1,0,0,0.2,2.246473429,2.267788041,2.604173167,0,7576,9470,5,1,1,1,1,0.26,world,2.132775795,13.90150175,18.98966736
650.164,sort,0.5052238806,8,1,0.1923641703,12.11221325,12.24106065,13.12484983,22,5470,6810,5,1,1,1,1,0.264,world,11.83610821,19.89702271,23.62122825
650.22,ours,1,0,0,0.2,2.246593595,2.268006351,2.602393677,0,7576,9470,5,1,1,1,1,0.04,world,2.130679727,13.90297237,18.99246466
650.22,ab3dmot,1,0,0,0.2,2.246303526,2.267718677,2.604047247,0,7580,9475,5,1,1,1,1,0.316,world,2.132297903,13.90146469,18.98976717
650.22,sort,0.5055928412,8,1,0.1923697726,12.11216886,12.24076306,13.12452082,22,5474,6815,5,1,1,1,1,0.316,world,11.83527278,19.89751072,23.6221714
650.268,ours,1,0,0,0.2,2.246329769,2.267935921,2.602252843,0,7580,9475,5,1,1,1,1,0.02,world,2.130365513,13.90244327,18.99184202
650.268,ab3dmot,1,0,0,0.2,2.246272468,2.267649267,2.603921327,0,7584,9480,5,1,1,1,1,0.296,world,2.132061161,13.90092898,18.98905564
650.268,sort,0.5059612519,8,1,0.1923753666,12.11194884,12.240465,13.12442087,22,5478,6820,5,1,1,1,1,0.364,world,11.83400821,19.89811946,23.62380424
650.332,ours,1,0,0,0.2,2.24625386,2.267866223,2.60211201,0,7584,9480,5,1,1,1,1,0.032,world,2.131699556,13.90090561,18.98918534
650.332,ab3dmot,1,0,0,0.2,2.246241409,2.267580122,2.603795407,0,7588,9485,5,1,1,1,1,0.232,world,2.132453938,13.90029159,18.9879817
650.332,sort,0.5063291139,8,1,0.1923809524,12.11172882,12.24017406,13.12432092,22,5482,6825,5,1,1,1,1,0.196,world,11.8432883,19.95709688,23.71684351
650.408,ours,1,0,0,0.2,2.246177951,2.267795869,2.601971176,0,7588,9485,5,1,1,1,1,0.028,world,2.130229732,13.90212771,18.9911652
650.408,ab3dmot,1,0,0,0.2,2.246130339,2.267508686,2.603669487,0,7592,9490,5,1,1,1,1,0.172,world,2.127681399,13.90511475,18.99578095
650.408,sort,0.5066964286,8,1,0.19238653,12.11165686,12.23989281,13.12422097,22,5486,6830,5,1,1,1,1,0.116,world,11.85616641,20.02058429,23.81526153
650.492,ours,1,0,0,0.2,2.245785481,2.267724357,2.601830343,0,7592,9490,5,1,1,1,1,0.056,world,2.127744407,13.90422589,18.99494512
650.492,ab3dmot,1,0,0,0.2,2.246019269,2.267435836,2.603543568,0,7596,9495,5,1,1,1,1,0.16,world,2.124668267,13.90711443,19.00009541
650.492,sort,0.507063197,8,1,0.1923920995,12.1115849,12.23961841,13.12412103,22,5490,6835,5,1,1,1,1,0.124,world,11.86509083,20.05989261,23.87559382
650.572,ours,1,0,0,0.2,2.245393011,2.267652552,2.60168951,0,7596,9495,5,1,1,1,1,0.04,world,2.127001569,13.90480016,18.99618281
650.572,ab3dmot,1,0,0,0.2,2.245978401,2.267362998,2.603417648,0,7600,9500,5,1,1,1,1,0.24,world,2.124543285,13.90726683,19.00039323
650.572,sort,0.5074294205,8,1,0.1923976608,12.11138722,12.23935083,13.12402108,22,5494,6840,5,1,1,1,1,0.112,world,11.87399235,20.09414344,23.92749452
650.664,ours,1,0,0,0.2,2.245391767,2.267580884,2.601548676,0,7600,9500,5,1,1,1,1,0.064,world,2.127131713,13.90513071,18.99666719
650.664,ab3dmot,1,0,0,0.2,2.245937534,2.267290298,2.603291728,0,7604,9505,5,1,1,1,1,0.332,world,2.124673088,13.90759718,19.00087745
650.664,sort,0.5077951002,8,1,0.192403214,12.11118954,12.23908622,13.12392113,22,5498,6845,5,1,1,1,1,0.2,world,11.87757696,20.10576375,23.94457203
650.7,ours,1,0,0,0.2,2.245390523,2.267509076,2.601407843,0,7604,9505,5,1,1,1,1,0.004,world,2.126700717,13.90552207,18.99746053
650.7,ab3dmot,1,0,0,0.2,2.245874874,2.267217004,2.603109803,0,7608,9510,5,1,1,1,1,0.3,world,2.123316821,13.90838616,19.00293982
650.7,sort,0.5081602374,8,1,0.1924087591,12.11114909,12.2388261,13.12382118,22,5502,6850,5,1,1,1,1,0.168,world,11.88328208,20.1250088,23.97268305
650.764,ours,1,0,0,0.2,2.245379741,2.267436744,2.601197367,0,7608,9510,5,1,1,1,1,0.036,world,2.125487808,13.90631654,18.99971153
650.764,ab3dmot,1,0,0,0.2,2.245812215,2.267143102,2.602927878,0,7612,9515,5,1,1,1,1,0.264,world,2.121928507,13.90919345,19.00539599
650.764,sort,0.5085248332,8,1,0.1924142961,12.11110864,12.23856651,13.12372123,22,5506,6855,5,1,1,1,1,0.232,world,11.88347625,20.12593666,23.97467306
650.8,ours,1,0,0,0.2,2.24536896,2.267364258,2.600986892,0,7612,9515,5,1,1,1,1,0.004,world,2.125026371,13.90670272,19.0007741
650.8,ab3dmot,1,0,0,0.2,2.245694792,2.26706924,2.602745953,0,7616,9520,5,1,1,1,1,0.268,world,2.121856866,13.90935659,19.0058908
650.8,sort,0.5088888889,8,1,0.1924198251,12.11109394,12.23830747,13.12362128,22,5510,6860,5,1,1,1,1,0.268,world,11.88372389,20.12669919,23.97569609
650.86,ours,1,0,0,0.2,2.245357108,2.267291885,2.600776417,0,7616,9520,5,1,1,1,1,0.032,world,2.125104981,13.90722561,19.00175866
650.86,ab3dmot,1,0,0,0.2,2.245577369,2.266995491,2.602564028,0,7620,9525,5,1,1,1,1,0.232,world,2.121933515,13.9097418,19.00679704
650.86,sort,0.5092524056,8,1,0.192425346,12.11107925,12.23804375,13.12352133,22,5514,6865,5,1,1,1,1,0.164,world,11.87668059,20.09428294,23.92534829
650.908,ours,1,0,0,0.2,2.245345257,2.267219589,2.600565941,0,7620,9525,5,1,1,1,1,0.012,world,2.125111309,13.90733939,19.00226469
650.908,ab3dmot,1,0,0,0.2,2.245266342,2.266921978,2.602382104,0,7624,9530,5,1,1,1,1,0.244,world,2.122262713,13.90958665,19.0067824
650.908,sort,0.5096153846,8,1,0.1924308588,12.11070761,12.23777444,13.12342139,22,5518,6870,5,1,1,1,1,0.212,world,11.86836739,20.05587596,23.86586921
651,ours,1,0,0,0.2,2.245210311,2.267147967,2.600355466,0,7624,9530,5,1,1,1,1,0.032,world,2.126333373,13.9080201,19.00287794
651,ab3dmot,1,0,0,0.2,2.244955314,2.266849163,2.602200179,0,7628,9535,5,1,1,1,1,0.304,world,2.123530999,13.9099778,19.00717535
651,sort,0.5099778271,8,1,0.1924363636,12.11033596,12.23750274,13.12332144,22,5522,6875,5,1,1,1,1,0.304,world,11.86446131,20.03333606,23.83009012
651.092,ours,1,0,0,0.2,2.245075365,2.267076678,2.60014499,0,7628,9535,5,1,1,1,1,0.064,world,2.126862311,13.90856642,19.00386481
651.092,ab3dmot,1,0,0,0.2,2.244887735,2.266777418,2.602018254,0,7632,9540,5,1,1,1,1,0.296,world,2.125556965,13.90931861,19.005774
651.092,sort,0.5103397341,8,1,0.1924418605,12.11018864,12.23722942,13.12322149,22,5526,6880,5,1,1,1,1,0.264,world,11.86166008,20.01352379,23.79838052
651.156,ours,1,0,0,0.2,2.24506228,2.267007158,2.599934515,0,7632,9540,5,1,1,1,1,0.056,world,2.130308806,13.90726747,19.00065003
651.156,ab3dmot,1,0,0,0.2,2.244820157,2.266709002,2.601836329,0,7636,9545,5,1,1,1,1,0.232,world,2.132177931,13.90662018,18.99816949
651.156,sort,0.510701107,8,1,0.1924473493,12.11004131,12.2369534,13.12312154,22,5530,6885,5,1,1,1,1,0.136,world,11.85733573,19.98667888,23.75586737
651.22,ours,1,0,0,0.2,2.245049196,2.266940219,2.59972404,0,7636,9545,5,1,1,1,1,0.028,world,2.135403245,13.90592775,18.99571141
651.22,ab3dmot,1,0,0,0.2,2.244697642,2.266642851,2.601654404,0,7640,9550,5,1,1,1,1,0.196,world,2.136630714,13.90599673,18.99437606
651.22,sort,0.5110619469,8,1,0.1924528302,12.10997936,12.23667671,13.12302159,22,5534,6890,5,1,1,1,1,0.196,world,11.85583194,19.97339782,23.73433523
651.3,ours,1,0,0,0.2,2.245008152,2.266874304,2.599513564,0,7640,9550,5,1,1,1,1,0.012,world,2.137338269,13.90656337,18.99562654
651.3,ab3dmot,1,0,0,0.2,2.244575128,2.266577478,2.601472479,0,7644,9555,5,1,1,1,1,0.276,world,2.138069071,13.90665116,18.99485898
651.3,sort,0.511422255,8,1,0.1924583031,12.1099174,12.23640036,13.12292164,22,5538,6895,5,1,1,1,1,0.276,world,11.85574322,19.96610126,23.7219437
651.356,ours,1,0,0,0.2,2.244967109,2.266809233,2.599303089,0,7644,9555,5,1,1,1,1,0,world,2.138915475,13.90726233,18.99612568
651.356,ab3dmot,1,0,0,0.2,2.244423364,2.266513269,2.601290554,0,7648,9560,5,1,1,1,1,0.296,world,2.140294677,13.90742393,18.99467561
651.356,sort,0.5117820324,8,1,0.1924637681,12.10942877,12.23612492,13.1228217,22,5542,6900,5,1,1,1,1,0.332,world,11.85646379,19.96195905,23.71432958
651.4,ours,1,0,0,0.2,2.244871542,2.266745147,2.599092613,0,7648,9560,5,1,1,1,1,0.012,world,2.140774014,13.9075218,18.99517497
651.4,ab3dmot,1,0,0,0.2,2.244271599,2.266450099,2.601108629,0,7652,9565,5,1,1,1,1,0.276,world,2.142265585,13.90749636,18.99349292
651.4,sort,0.5121412804,8,1,0.1924692252,12.10894014,12.23584948,13.12272175,22,5546,6905,5,1,1,1,1,0.308,world,11.85589978,19.95368753,23.70069645
651.456,ours,1,0,0,0.2,2.244775975,2.266682457,2.598882138,0,7652,9565,5,1,1,1,1,0,world,2.14346927,13.90800654,18.99450388
651.456,ab3dmot,1,0,0,0.2,2.244262207,2.266388485,2.600926704,0,7656,9570,5,1,1,1,1,0.264,world,2.145282365,13.90765953,18.99227328
651.456,sort,0.5125,8,1,0.1924746744,12.10872824,12.235575,13.1226218,22,5550,6910,5,1,1,1,1,0.232,world,11.85667623,19.94390339,23.68361412
651.5,ours,1,0,0,0.2,2.244674929,2.26662088,2.598671663,0,7656,9570,5,1,1,1,1,0.02,world,2.145590756,13.90757458,18.99295437
651.5,ab3dmot,1,0,0,0.2,2.244252814,2.266327975,2.600744779,0,7660,9575,5,1,1,1,1,0.244,world,2.147389461,13.90701523,18.99061345
651.5,sort,0.5128581925,8,1,0.1924801157,12.10851634,12.23530131,13.12252185,22,5554,6915,5,1,1,1,1,0.176,world,11.85724582,19.9373794,23.67230569
651.556,ours,1,0,0,0.2,2.244573884,2.266560597,2.598461187,0,7660,9575,5,1,1,1,1,0.036,world,2.148080089,13.90734807,18.99114789
651.556,ab3dmot,1,0,0,0.2,2.244252814,2.266268522,2.600562854,0,7664,9580,5,1,1,1,1,0.232,world,2.149401764,13.90714586,18.98955386
651.556,sort,0.513215859,8,1,0.1924855491,12.10849333,12.2350292,13.12251686,22,5558,6920,5,1,1,1,1,0.232,world,11.85890409,19.93880799,23.67360936
651.6,ours,1,0,0,0.2,2.243941853,2.266501377,2.598250712,0,7664,9580,5,1,1,1,1,0.008,world,2.150105865,13.90819142,18.99169981
651.6,ab3dmot,1,0,0,0.2,2.244252814,2.266210132,2.600380929,0,7668,9585,5,1,1,1,1,0.28,world,2.151426005,13.90798885,18.99010579
651.6,sort,0.5135730007,8,1,0.1924909747,12.10847032,12.23475955,13.12251188,22,5562,6925,5,1,1,1,1,0.284,world,11.86180447,19.94157725,23.67625058
651.696,ours,1,0,0,0.2,2.243309821,2.266443281,2.598040237,0,7668,9585,5,1,1,1,1,0.044,world,2.152252082,13.90907339,18.99226559
651.696,ab3dmot,1,0,0,0.2,2.244186465,2.266152863,2.600199005,0,7672,9590,5,1,1,1,1,0.372,world,2.15357061,13.90887044,18.99067158
651.696,sort,0.5139296188,8,1,0.1924963925,12.10815129,12.23449241,13.12250689,22,5566,6930,5,1,1,1,1,0.376,world,11.86478678,19.94439827,23.67891644
651.752,ours,1,0,0,0.2,2.243309821,2.266387618,2.597829761,0,7672,9590,5,1,1,1,1,0.032,world,2.157042424,13.90877674,18.98929504
651.752,ab3dmot,1,0,0,0.2,2.244120116,2.26609834,2.60001708,0,7676,9595,5,1,1,1,1,0.364,world,2.158990952,13.90822481,18.98679344
651.752,sort,0.5142857143,8,1,0.1925018025,12.10783225,12.23422768,13.1225019,22,5570,6935,5,1,1,1,1,0.396,world,11.86764124,19.94514383,23.6782041
651.8,ours,1,0,0,0.2,2.243309821,2.26633325,2.597619286,0,7676,9595,5,1,1,1,1,0.016,world,2.1595381,13.90946663,18.98824436
651.8,ab3dmot,1,0,0,0.2,2.244061467,2.266044771,2.599835155,0,7680,9600,5,1,1,1,1,0.312,world,2.160799771,13.91067943,18.98758859
651.8,sort,0.5146412884,8,1,0.1925072046,12.1075946,12.23396386,13.12249691,22,5574,6940,5,1,1,1,1,0.312,world,11.86838128,19.93860277,23.66679121
651.816,ours,1,0,0,0.2,2.243290898,2.266279523,2.59740881,0,7680,9600,5,1,1,1,1,0.016,world,2.16071807,13.91156649,18.98954717
651.816,ab3dmot,1,0,0,0.2,2.244002817,2.265992342,2.59965323,0,7684,9605,5,1,1,1,1,0.26,world,2.162987382,13.91279543,18.98782216
651.816,sort,0.5149963424,8,1,0.192512599,12.10735694,12.23370155,13.12249193,22,5578,6945,5,1,1,1,1,0.196,world,11.86998335,19.93509497,23.65999798
651.852,ours,1,0,0,0.2,2.243271975,2.266227323,2.597198335,0,7684,9605,5,1,1,1,1,0,world,2.163682286,13.91256753,18.98824999
651.852,ab3dmot,1,0,0,0.2,2.243984847,2.265941352,2.599536641,0,7688,9610,5,1,1,1,1,0.232,world,2.165774605,13.91381428,18.98675918
651.852,sort,0.5153508772,8,1,0.1925179856,12.10705374,12.23344076,13.12248694,22,5582,6950,5,1,1,1,1,0.232,world,11.87157827,19.93658648,23.66138856
651.9,ours,1,0,0,0.2,2.243211329,2.266176288,2.597018587,0,7688,9610,5,1,1,1,1,0.016,world,2.16591948,13.91350609,18.98775035
651.9,ab3dmot,1,0,0,0.2,2.243966876,2.265891653,2.599420052,0,7692,9615,5,1,1,1,1,0.212,world,2.168264407,13.91429955,18.9857112
651.9,sort,0.5157048941,8,1,0.1925233645,12.10675054,12.23318284,13.12248195,22,5586,6955,5,1,1,1,1,0.116,world,11.87510651,19.93570617,23.65794725
651.944,ours,1,0,0,0.2,2.243150683,2.266126826,2.596838838,0,7692,9615,5,1,1,1,1,0.028,world,2.168978149,13.9135658,18.98582919
651.944,ab3dmot,1,0,0,0.2,2.243611116,2.265843553,2.599303463,0,7696,9620,5,1,1,1,1,0.196,world,2.171377392,13.91283571,18.98275714
651.944,sort,0.5160583942,8,1,0.1925287356,12.10673891,12.23292768,13.12247697,22,5590,6960,5,1,1,1,1,0.168,world,11.87847063,19.94202415,23.66645349
652,ours,1,0,0,0.2,2.242996226,2.266079579,2.59665909,0,7696,9620,5,1,1,1,1,0.016,world,2.173323572,13.91259826,18.98330296
652,ab3dmot,1,0,0,0.2,2.243255357,2.265797262,2.599186874,0,7700,9625,5,1,1,1,1,0.216,world,2.174910416,13.91250792,18.98151619
652,sort,0.5164113786,8,1,0.1925340991,12.10672727,12.23267607,13.12247198,22,5594,6965,5,1,1,1,1,0.216,world,11.8829749,19.94813376,23.67374047
652.072,ours,1,0,0,0.2,2.242841769,2.266033736,2.596479342,0,7700,9625,5,1,1,1,1,0.032,world,2.176043552,13.91366471,18.98393464
652.072,ab3dmot,1,0,0,0.2,2.243221325,2.265752374,2.599070286,0,7704,9630,5,1,1,1,1,0.288,world,2.177627991,13.91357379,18.98214787
652.072,sort,0.5167638484,8,1,0.1925394548,12.10659237,12.23242787,13.12246699,22,5598,6970,5,1,1,1,1,0.292,world,11.88727426,19.95335185,23.67963888
652.116,ours,1,0,0,0.2,2.242644169,2.265988635,2.596299594,0,7704,9630,5,1,1,1,1,0.016,world,2.177438697,13.91420911,18.98425426
652.116,ab3dmot,1,0,0,0.2,2.243187293,2.265708532,2.598953697,0,7708,9635,5,1,1,1,1,0.3,world,2.179632819,13.9130218,18.98110569
652.116,sort,0.5171158048,8,1,0.1925448029,12.10645747,12.23218171,13.122462,22,5602,6975,5,1,1,1,1,0.332,world,11.88964292,19.95645428,23.68329294
652.172,ours,1,0,0,0.2,2.242446569,2.265944923,2.596119845,0,7708,9635,5,1,1,1,1,0.024,world,2.180129228,13.91377453,18.9825613
652.172,ab3dmot,1,0,0,0.2,2.242455785,2.265666122,2.598837108,0,7712,9640,5,1,1,1,1,0.292,world,2.182411156,13.91210955,18.97901581
652.172,sort,0.5174672489,8,1,0.1925501433,12.10587861,12.23193749,13.12245702,22,5606,6980,5,1,1,1,1,0.328,world,11.8919008,19.95686201,23.68258032
652.2,ours,1,0,0,0.2,2.242082789,2.265902657,2.595940097,0,7712,9640,5,1,1,1,1,0,world,2.182936904,13.91346188,18.9808384
652.2,ab3dmot,1,0,0,0.2,2.241724278,2.26562482,2.598720519,0,7716,9645,5,1,1,1,1,0.248,world,2.184542971,13.91307094,18.97883592
652.2,sort,0.5178181818,8,1,0.192555476,12.10529975,12.23169526,13.12245203,22,5610,6985,5,1,1,1,1,0.22,world,11.89420427,19.95573641,23.67936567
652.276,ours,1,0,0,0.2,2.24171901,2.265862475,2.595760349,0,7716,9645,5,1,1,1,1,0.028,world,2.187019241,13.91463494,18.98026766
652.276,ab3dmot,1,0,0,0.2,2.241339011,2.265585101,2.59860393,0,7720,9650,5,1,1,1,1,0.228,world,2.187626322,13.91454362,18.97954699
652.276,sort,0.5181686047,8,1,0.1925608011,12.10500107,12.23145639,13.12244704,22,5614,6990,5,1,1,1,1,0.128,world,11.89847073,19.95651646,23.6780246
652.3,ours,1,0,0,0.2,2.241136533,2.265823429,2.595580601,0,7720,9650,5,1,1,1,1,0.02,world,2.18920706,13.91401,18.97908659
652.3,ab3dmot,1,0,0,0.2,2.240953744,2.265546736,2.598487342,0,7724,9655,5,1,1,1,1,0.184,world,2.190249824,13.91168597,18.97649035
652.3,sort,0.5185185185,8,1,0.1925661187,12.10470238,12.23121926,13.12244205,22,5618,6995,5,1,1,1,1,0.152,world,11.90045528,19.96015628,23.68277528
652.38,ours,1,0,0,0.2,2.240554056,2.265786154,2.595400852,0,7724,9655,5,1,1,1,1,0.04,world,2.192664831,13.91421046,18.97870723
652.38,ab3dmot,1,0,0,0.2,2.240771537,2.265509664,2.598370753,0,7728,9660,5,1,1,1,1,0.232,world,2.192754861,13.91348439,18.9781564
652.38,sort,0.5188679245,8,1,0.1925714286,12.1046606,12.23098531,13.12243707,22,5622,7000,5,1,1,1,1,0.232,world,11.90448011,19.96477331,23.68779421
652.412,ours,1,0,0,0.2,2.240496024,2.265749698,2.595221104,0,7728,9660,5,1,1,1,1,0.012,world,2.194223568,13.91480692,18.97904409
652.412,ab3dmot,1,0,0,0.2,2.24058933,2.26547341,2.598254164,0,7732,9665,5,1,1,1,1,0.264,world,2.194313659,13.91408091,18.97849327
652.412,sort,0.5192168238,8,1,0.1925767309,12.10461883,12.23075315,13.12243208,22,5626,7005,5,1,1,1,1,0.264,world,11.90653352,19.96735836,23.69074297
652.48,ours,1,0,0,0.2,2.240437992,2.265714869,2.595041356,0,7732,9665,5,1,1,1,1,0.016,world,2.19739582,13.91601696,18.97972306
652.48,ab3dmot,1,0,0,0.2,2.240349466,2.265439038,2.598137575,0,7736,9670,5,1,1,1,1,0.3,world,2.197991632,13.9142347,18.97796074
652.48,sort,0.5195652174,8,1,0.1925820257,12.10435986,12.23052426,13.12242709,22,5630,7010,5,1,1,1,1,0.332,world,11.91070052,19.97139711,23.69471587
652.508,ours,1,0,0,0.2,2.240083418,2.265682221,2.594861608,0,7736,9670,5,1,1,1,1,0.008,world,2.201668343,13.91286002,18.97479309
652.508,ab3dmot,1,0,0,0.2,2.240109603,2.265406785,2.598020986,0,7740,9675,5,1,1,1,1,0.264,world,2.202147305,13.91104618,18.97316196
652.508,sort,0.5199131064,8,1,0.1925873129,12.1041009,12.23029653,13.12242211,22,5634,7015,5,1,1,1,1,0.164,world,11.91187753,19.96906741,23.69019943
652.564,ours,1,0,0,0.2,2.239728843,2.265650675,2.594681859,0,7740,9675,5,1,1,1,1,0.02,world,2.203796458,13.91229979,18.97386374
652.564,ab3dmot,1,0,0,0.2,2.239483146,2.265376678,2.597904398,0,7744,9680,5,1,1,1,1,0.216,world,2.206350074,13.90936449,18.9692483
652.564,sort,0.520260492,8,1,0.1925925926,12.10406228,12.23007062,13.12212883,22,5638,7020,5,1,1,1,1,0.216,world,11.91401368,19.97076374,23.69161704
652.6,ours,1,0,0,0.2,2.239704517,2.265622018,2.594502111,0,7744,9680,5,1,1,1,1,0.016,world,2.209474345,13.91068957,18.96836065
652.6,ab3dmot,1,0,0,0.2,2.23885669,2.265350335,2.597787809,0,7748,9685,5,1,1,1,1,0.188,world,2.213762261,13.90705092,18.96138992
652.6,sort,0.5206073753,8,1,0.1925978648,12.10402367,12.22984666,13.12183556,22,5642,7025,5,1,1,1,1,0.056,world,11.91630282,19.96778265,23.68536206
652.664,ours,1,0,0,0.2,2.239680191,2.26559756,2.594322363,0,7748,9685,5,1,1,1,1,0.044,world,2.21774156,13.90846769,18.96144746
652.664,ab3dmot,1,0,0,0.2,2.23862208,2.265327102,2.59767122,0,7752,9690,5,1,1,1,1,0.184,world,2.219867639,13.90590388,18.95753649
652.664,sort,0.5209537572,8,1,0.1926031294,12.10354311,12.22962609,13.12154229,22,5646,7030,5,1,1,1,1,0.12,world,11.92067946,19.97117647,23.68814498
652.708,ours,1,0,0,0.2,2.239567549,2.265573978,2.594142614,0,7752,9690,5,1,1,1,1,0.016,world,2.219423821,13.90910355,18.96179651
652.708,ab3dmot,1,0,0,0.2,2.23838747,2.265304742,2.597554631,0,7756,9695,5,1,1,1,1,0.228,world,2.221548431,13.90653953,18.95788559
652.708,sort,0.521299639,8,1,0.1926083866,12.10306254,12.2294074,13.12124901,22,5650,7035,5,1,1,1,1,0.164,world,11.92289723,19.97286733,23.68951164
652.8,ours,1,0,0,0.2,2.239454907,2.265553013,2.593962866,0,7756,9695,5,1,1,1,1,0.032,world,2.224553186,13.91103609,18.96285001
652.8,ab3dmot,1,0,0,0.2,2.23833337,2.265284998,2.597438042,0,7760,9700,5,1,1,1,1,0.32,world,2.226673289,13.90847142,18.95893926
652.8,sort,0.5216450216,8,1,0.1926136364,12.10285909,12.22919378,13.12095574,22,5654,7040,5,1,1,1,1,0.256,world,11.92965708,19.97800502,23.69366467
652.824,ours,1,0,0,0.2,2.239395049,2.265532369,2.593783118,0,7760,9700,5,1,1,1,1,0.016,world,2.225142686,13.91077873,18.96203707
652.824,ab3dmot,1,0,0,0.2,2.238279271,2.265265593,2.597321453,0,7764,9705,5,1,1,1,1,0.284,world,2.227300175,13.90869196,18.95837099
652.824,sort,0.5219899063,8,1,0.1926188786,12.10265564,12.22898046,13.12066247,22,5658,7045,5,1,1,1,1,0.284,world,11.92965777,19.97798114,23.69362555
652.88,ours,1,0,0,0.2,2.239335191,2.265513793,2.59360337,0,7764,9705,5,1,1,1,1,0.012,world,2.229185093,13.91204313,18.96209337
652.88,ab3dmot,1,0,0,0.2,2.238213209,2.265247803,2.597256783,0,7768,9710,5,1,1,1,1,0.308,world,2.230450772,13.91048431,18.95973732
652.88,sort,0.5223342939,8,1,0.1926241135,12.1025629,12.22877076,13.12036919,22,5662,7050,5,1,1,1,1,0.18,world,11.93436235,19.97751762,23.68998166
652.936,ours,1,0,0,0.2,2.239163276,2.265496872,2.593595272,0,7768,9710,5,1,1,1,1,0.028,world,2.232412186,13.9139964,18.9635234
652.936,ab3dmot,1,0,0,0.2,2.238147147,2.265230961,2.597192113,0,7772,9715,5,1,1,1,1,0.264,world,2.23228354,13.91520517,18.96440971
652.936,sort,0.5226781857,8,1,0.1926293409,12.10247016,12.22856465,13.12007592,22,5666,7055,5,1,1,1,1,0.164,world,11.9390605,19.97934924,23.69007077
653,ours,1,0,0,0.2,2.238991362,2.265480703,2.593587174,0,7772,9715,5,1,1,1,1,0.028,world,2.233858931,13.91646849,18.96536311
653,ab3dmot,1,0,0,0.2,2.237874436,2.265213999,2.597127442,0,7776,9720,5,1,1,1,1,0.256,world,2.232013116,13.91793713,18.96832193
653,sort,0.5230215827,8,1,0.1926345609,12.10222408,12.22836049,13.11978265,22,5670,7060,5,1,1,1,1,0.224,world,11.94140563,19.98107597,23.69143559
653.036,ours,1,0,0,0.2,2.238839636,2.265464589,2.593579076,0,7776,9720,5,1,1,1,1,0.032,world,2.233934878,13.91818914,18.96827458
653.036,ab3dmot,1,0,0,0.2,2.237601724,2.265196527,2.597062772,0,7780,9725,5,1,1,1,1,0.232,world,2.23097208,13.92008709,18.97274448
653.036,sort,0.523364486,8,1,0.1926397735,12.10197799,12.22815827,13.11948937,22,5674,7065,5,1,1,1,1,0.264,world,11.94376365,19.98280191,23.69279371
653.088,ours,1,0,0,0.2,2.238687909,2.265448969,2.593570978,0,7780,9725,5,1,1,1,1,0.016,world,2.234878999,13.92085737,18.97281399
653.088,ab3dmot,1,0,0,0.2,2.237574735,2.26517933,2.596998101,0,7784,9730,5,1,1,1,1,0.18,world,2.231482066,13.9229402,18.9778932
653.088,sort,0.5237068966,8,1,0.1926449788,12.10184171,12.22795977,13.1191961,22,5678,7070,5,1,1,1,1,0.116,world,11.94866226,19.98129641,23.68782653
653.104,ours,1,0,0,0.2,2.238143294,2.265432991,2.59356288,0,7784,9730,5,1,1,1,1,0.004,world,2.234138132,13.92107431,18.97373804
653.104,ab3dmot,1,0,0,0.2,2.237547745,2.26516191,2.596933431,0,7788,9735,5,1,1,1,1,0.132,world,2.231004612,13.92280248,18.97830656
653.104,sort,0.5240488155,8,1,0.1926501767,12.10170543,12.22776156,13.11890283,22,5682,7075,5,1,1,1,1,0.132,world,11.94866303,19.98155358,23.68778745
653.176,ours,1,0,0,0.2,2.237801932,2.265418886,2.593554782,0,7788,9735,5,1,1,1,1,0.028,world,2.237801932,13.92227168,18.97434018
653.176,ab3dmot,1,0,0,0.2,2.237445467,2.265146358,2.596868761,0,7792,9740,5,1,1,1,1,0.208,world,2.234659998,13.92415741,18.97902029
653.176,sort,0.5243902439,8,1,0.1926553672,12.10133525,12.22756699,13.11860955,22,5686,7080,5,1,1,1,1,0.208,world,11.95345912,19.98496899,23.69041326
653.216,ours,1,0,0,0.2,2.23824492,2.265405727,2.593546684,0,7792,9740,5,1,1,1,1,0.016,world,2.239638299,13.92295159,18.97469721
653.216,ab3dmot,1,0,0,0.2,2.237343188,2.265131752,2.59680409,0,7796,9745,5,1,1,1,1,0.244,world,2.236499089,13.92483787,18.97937726
653.216,sort,0.5247311828,8,1,0.1926605505,12.10096506,12.22737439,13.11831628,22,5690,7085,5,1,1,1,1,0.248,world,11.95587214,19.98666027,23.69169432
653.272,ours,1,0,0,0.2,2.238687909,2.265394456,2.593538586,0,7796,9745,5,1,1,1,1,0.02,world,2.243331266,13.9243165,18.97541108
653.272,ab3dmot,1,0,0,0.2,2.237445467,2.265119036,2.59673942,0,7800,9750,5,1,1,1,1,0.3,world,2.240197523,13.92620387,18.98009102
653.272,sort,0.5250716332,8,1,0.1926657264,12.10093303,12.22718546,13.11802301,22,5694,7090,5,1,1,1,1,0.3,world,11.96072324,19.99005531,23.69426937
653.3,ours,1,0,0,0.2,2.238839636,2.265384139,2.593530488,0,7800,9750,5,1,1,1,1,0,world,2.245186853,13.92500114,18.97576774
653.3,ab3dmot,1,0,0,0.2,2.237547745,2.26510796,2.596674749,0,7804,9755,5,1,1,1,1,0.296,world,2.243405725,13.92585993,18.97829742
653.3,sort,0.5254115963,8,1,0.192670895,12.100901,12.22699851,13.11772973,22,5698,7095,5,1,1,1,1,0.332,world,11.96316078,19.99173432,23.69552368
653.348,ours,1,0,0,0.2,2.238991362,2.265375783,2.59352239,0,7804,9755,5,1,1,1,1,0.04,world,2.249021685,13.92442396,18.97313068
653.348,ab3dmot,1,0,0,0.2,2.237574735,2.265099041,2.596610079,0,7808,9760,5,1,1,1,1,0.244,world,2.247631801,13.92535419,18.97526337
653.348,sort,0.525751073,8,1,0.1926760563,12.10047386,12.22681357,13.11743646,22,5702,7100,5,1,1,1,1,0.308,world,11.96565687,19.99181258,23.69415049
653.4,ours,1,0,0,0.2,2.239163276,2.265369957,2.593514292,0,7808,9760,5,1,1,1,1,0.028,world,2.253975109,13.92523978,18.97212747
653.4,ab3dmot,1,0,0,0.2,2.237601724,2.265093045,2.596545409,0,7812,9765,5,1,1,1,1,0.228,world,2.253359176,13.92603962,18.97331243
653.4,sort,0.5260900643,8,1,0.1926812104,12.10004672,12.22663237,13.11714319,22,5706,7105,5,1,1,1,1,0.26,world,11.97064065,19.99281082,23.69278188
653.436,ours,1,0,0,0.2,2.239335191,2.265365673,2.593506194,0,7812,9765,5,1,1,1,1,0.024,world,2.256988876,13.92580994,18.97112872
653.436,ab3dmot,1,0,0,0.2,2.237874436,2.265086901,2.596480738,0,7816,9770,5,1,1,1,1,0.132,world,2.253054564,13.93180303,18.97929465
653.436,sort,0.5264285714,8,1,0.1926863572,12.0998416,12.22645323,13.11684991,22,5710,7110,5,1,1,1,1,0.164,world,11.97320737,19.9913499,23.68887934
653.496,ours,1,0,0,0.2,2.239395049,2.265361327,2.593498097,0,7816,9770,5,1,1,1,1,0.028,world,2.256856905,13.93011682,18.97599497
653.496,ab3dmot,1,0,0,0.2,2.238147147,2.265081718,2.596416068,0,7820,9775,5,1,1,1,1,0.196,world,2.25493154,13.93249163,18.97964909
653.496,sort,0.5267665953,8,1,0.1926914968,12.09963647,12.22627612,13.11655664,22,5714,7115,5,1,1,1,1,0.132,world,11.97575121,19.99074007,23.6863731
653.536,ours,1,0,0,0.2,2.239454907,2.265357943,2.593489999,0,7820,9775,5,1,1,1,1,0.024,world,2.258735192,13.9308055,18.97634877
653.536,ab3dmot,1,0,0,0.2,2.238213209,2.265077498,2.596351397,0,7824,9780,5,1,1,1,1,0.232,world,2.256811454,13.93318058,18.98000286
653.536,sort,0.5271041369,8,1,0.1926966292,12.09947437,12.226101,13.11650868,22,5718,7120,5,1,1,1,1,0.136,world,11.9782461,19.99164574,23.68635592
653.6,ours,1,0,0,0.2,2.239546603,2.265356482,2.593481901,0,7824,9780,5,1,1,1,1,0.032,world,2.262498595,13.9321832,18.97705401
653.6,ab3dmot,1,0,0,0.2,2.238279271,2.265075201,2.596286727,0,7828,9785,5,1,1,1,1,0.296,world,2.260578129,13.93455881,18.98070804
653.6,sort,0.5274411974,8,1,0.1927017544,12.09931228,12.22592958,13.11646072,22,5722,7125,5,1,1,1,1,0.2,world,11.98319138,19.99493205,23.6887481
653.632,ours,1,0,0,0.2,2.239638299,2.265355407,2.593473803,0,7828,9785,5,1,1,1,1,0.008,world,2.26325285,13.93443411,18.97966027
653.632,ab3dmot,1,0,0,0.2,2.23833337,2.265072233,2.596222057,0,7832,9790,5,1,1,1,1,0.264,world,2.259257564,13.93953253,18.98739177
653.632,sort,0.5277777778,8,1,0.1927068724,12.09912483,12.22576013,13.11641276,22,5726,7130,5,1,1,1,1,0.232,world,11.98566734,19.99655081,23.68990708
653.668,ours,1,0,0,0.2,2.239659245,2.265354651,2.593465705,0,7832,9790,5,1,1,1,1,0.004,world,2.263874678,13.93682786,18.98251271
653.668,ab3dmot,1,0,0,0.2,2.23838747,2.265069277,2.596157386,0,7836,9795,5,1,1,1,1,0.268,world,2.259274169,13.94219209,18.99110587
653.712,ours,1,0,0,0.2,2.239680191,2.265353591,2.593457607,0,7836,9795,5,1,1,1,1,0.012,world,2.263277535,13.94057734,18.98760725
653.712,ab3dmot,1,0,0,0.2,2.23862208,2.265066043,2.596092716,0,7840,9800,5,1,1,1,1,0.244,world,2.258721082,13.94650662,18.99655914
653.78,ours,1,0,0,0.2,2.239704517,2.265353447,2.593449509,0,7840,9800,5,1,1,1,1,0.04,world,2.265071495,13.94483594,18.99239757
653.78,ab3dmot,1,0,0,0.2,2.23885669,2.26506239,2.596028045,0,7844,9805,5,1,1,1,1,0.212,world,2.257890207,13.95339671,19.00605439
653.852,ours,1,0,0,0.2,2.239728843,2.265353743,2.593441411,0,7844,9805,5,1,1,1,1,0.02,world,2.26593341,13.94968521,18.99862702
653.852,ab3dmot,1,0,0,0.2,2.239483146,2.265060668,2.596025869,0,7848,9810,5,1,1,1,1,0.284,world,2.261681895,13.95477002,19.00674366
653.924,ours,1,0,0,0.2,2.240083418,2.265355966,2.593092725,0,7848,9810,5,1,1,1,1,0.028,world,2.269710037,13.95105175,18.99931058
653.924,ab3dmot,1,0,0,0.2,2.240109603,2.265060874,2.596023693,0,7852,9815,5,1,1,1,1,0.356,world,2.265466078,13.95613786,19.00742711
653.996,ours,1,0,0,0.2,2.240437992,2.265358839,2.59274404,0,7852,9815,5,1,1,1,1,0.032,world,2.270989408,13.95536289,19.00472287
653.996,ab3dmot,1,0,0,0.2,2.240153563,2.26506044,2.596021517,0,7856,9820,5,1,1,1,1,0.296,world,2.264208237,13.96283123,19.01729657
654.064,ours,1,0,0,0.2,2.240496024,2.265361345,2.592395354,0,7856,9820,5,1,1,1,1,0.056,world,2.270274446,13.96093771,19.01319861
654.064,ab3dmot,1,0,0,0.2,2.240197523,2.265059912,2.59601934,0,7860,9825,5,1,1,1,1,0.232,world,2.264021596,13.96647343,19.02389369
654.124,ours,1,0,0,0.2,2.240554056,2.265364232,2.592046669,0,7860,9825,5,1,1,1,1,0.028,world,2.271028031,13.96424999,19.01850967
654.124,ab3dmot,1,0,0,0.2,2.240393426,2.265061755,2.596017164,0,7864,9830,5,1,1,1,1,0.164,world,2.268681009,13.96536425,19.0218685
654.124,sort,0.5274021352,9,1,0.192571829,12.09893739,12.22560542,13.1163648,22,5730,7135,5,1,1,1,1,0.1,world,12.00641437,20.05058491,23.76567747
654.2,ours,1,0,0,0.2,2.241136533,2.265370284,2.591697983,0,7864,9830,5,1,1,1,1,0.012,world,2.277230566,13.96349816,19.01499685
654.2,ab3dmot,1,0,0,0.2,2.24058933,2.265067626,2.596014988,0,7868,9835,5,1,1,1,1,0.172,world,2.276580195,13.96357216,19.01576729
654.2,sort,0.527027027,9,1,0.1925770308,12.09883714,12.2254543,13.11631685,22,5734,7140,5,1,1,1,1,0.172,world,12.01126273,20.05350266,23.76763601
654.3,ours,1,0,0,0.2,2.24171901,2.26537916,2.591349297,0,7868,9835,5,1,1,1,1,0.028,world,2.282763044,13.96547576,19.01596153
654.3,ab3dmot,1,0,0,0.2,2.240771537,2.26507632,2.596012812,0,7872,9840,5,1,1,1,1,0.272,world,2.282114312,13.96555012,19.01673193
654.3,sort,0.526652452,9,1,0.1925822253,12.0987369,12.22530844,13.11626889,22,5738,7145,5,1,1,1,1,0.272,world,12.01847027,20.05776663,23.77045371
654.392,ours,1,0,0,0.2,2.242082789,2.265390926,2.591000612,0,7872,9840,5,1,1,1,1,0.036,world,2.288418351,13.96569881,19.01363074
654.392,ab3dmot,1,0,0,0.2,2.240953744,2.265089432,2.596010636,0,7876,9845,5,1,1,1,1,0.232,world,2.290746955,13.96289329,19.00913406
654.392,sort,0.5262784091,9,1,0.1925874126,12.09873114,12.2251661,13.11622093,22,5742,7150,5,1,1,1,1,0.364,world,12.0232253,20.06053021,23.77224958
654.46,ours,1,0,0,0.2,2.242446569,2.265406008,2.590651926,0,7876,9845,5,1,1,1,1,0.048,world,2.294894905,13.96438082,19.00929203
654.46,ab3dmot,1,0,0,0.2,2.241339011,2.265108556,2.596008459,0,7880,9850,5,1,1,1,1,0.168,world,2.302456343,13.95807039,18.9966183
654.46,sort,0.5259048971,9,1,0.1925925926,12.09872538,12.22502725,13.11617297,22,5746,7155,5,1,1,1,1,0.436,world,12.02793505,20.06322744,23.7739774
654.56,ours,1,0,0,0.2,2.242644169,2.265425761,2.59030324,0,7880,9850,5,1,1,1,1,0.06,world,2.303990434,13.96363975,19.00422712
654.56,ab3dmot,1,0,0,0.2,2.241724278,2.265130405,2.596006283,0,7884,9855,5,1,1,1,1,0.268,world,2.307770526,13.95996131,18.99753019
654.56,sort,0.5255319149,9,1,0.1925977654,12.09853564,12.22489536,13.11612501,22,5750,7160,5,1,1,1,1,0.168,world,12.0376284,20.06555993,23.7733421
654.656,ours,1,0,0,0.2,2.242841769,2.265447298,2.589954555,0,7884,9855,5,1,1,1,1,0.048,world,2.307484944,13.96487882,19.00482074
654.656,ab3dmot,1,0,0,0.2,2.242455785,2.265154034,2.596004107,0,7888,9860,5,1,1,1,1,0.364,world,2.311258573,13.96119913,18.99812386
654.656,sort,0.5251594614,9,1,0.1926029309,12.0983459,12.22476709,13.11607705,22,5754,7165,5,1,1,1,1,0.268,world,12.04254767,20.06807197,23.77475409
654.74,ours,1,0,0,0.2,2.242996226,2.265475347,2.589605869,0,7888,9860,5,1,1,1,1,0.04,world,2.320100794,13.9627294,18.99469311
654.74,ab3dmot,1,0,0,0.2,2.243187293,2.265187767,2.596001931,0,7892,9865,5,1,1,1,1,0.284,world,2.330759227,13.95555982,18.97802528
654.74,sort,0.5247875354,9,1,0.1926080893,12.09723613,12.2246445,13.11602909,22,5758,7170,5,1,1,1,1,0.252,world,12.05043543,20.07165573,23.77639345
654.756,ours,1,0,0,0.2,2.243150683,2.265506145,2.589257184,0,7892,9865,5,1,1,1,1,0,world,2.325447357,13.95997729,18.98690969
654.756,ab3dmot,1,0,0,0.2,2.243221325,2.265222282,2.595999754,0,7896,9870,5,1,1,1,1,0.232,world,2.332326471,13.95499178,18.97591804
654.756,sort,0.5244161359,9,1,0.1926132404,12.09612637,12.22452209,13.11598113,22,5762,7175,5,1,1,1,1,0.264,world,12.05043543,20.07165573,23.77639345
