stamp_ns,node_ns,src_drone_ns,fused_id,class_id,class_name,frame,x,y,z,cov00,cov01,cov02,cov10,cov11,cov12,cov20,cov21,cov22
119476000000,/,drone2,0,0,"container1",world,11.4988,-5.61628,0,0.666781,0,0,0,0.666781,0,0,0,1.20037
119580000000,/,drone2,0,0,"container1",world,11.5026,-5.61763,0,0.607491,0,0,0,0.607491,0,0,0,1.13359
119700000000,/,drone2,0,0,"container1",world,11.5047,-5.61887,0,0.578555,0,0,0,0.578555,0,0,0,1.09697
119800000000,/,drone2,0,0,"container1",world,11.5069,-5.62013,0,0.549225,0,0,0,0.549225,0,0,0,1.05863
119912000000,/,drone2,0,0,"container1",world,11.5091,-5.6214,0,0.519498,0,0,0,0.519498,0,0,0,1.01845
120040000000,/,drone2,0,0,"container1",world,11.5127,-5.62538,0,0.499843,0,0,0,0.499843,0,0,0,0.983539
120144000000,/,drone2,0,0,"container1",world,11.5181,-5.63082,0,0.479526,0,0,0,0.479526,0,0,0,0.946866
120268000000,/,drone2,0,0,"container1",world,11.5248,-5.63786,0,0.458566,0,0,0,0.458566,0,0,0,0.909966
120372000000,/,drone2,0,0,"container1",world,11.5324,-5.64523,0,0.437137,0,0,0,0.437137,0,0,0,0.873258
120472000000,/,drone2,0,0,"container1",world,11.5415,-5.65336,0,0.415419,0,0,0,0.415419,0,0,0,0.83695
120584000000,/,drone2,0,0,"container1",world,11.5524,-5.66281,0,0.393912,0,0,0,0.393912,0,0,0,0.801962
120684000000,/,drone2,0,0,"container1",world,11.5643,-5.67364,0,0.372814,0,0,0,0.372814,0,0,0,0.767968
120800000000,/,drone2,0,0,"container1",world,11.577,-5.68495,0,0.35219,0,0,0,0.35219,0,0,0,0.734438
120904000000,/,drone2,0,0,"container1",world,11.5907,-5.69748,0,0.331748,0,0,0,0.331748,0,0,0,0.700581
121036000000,/,drone2,0,0,"container1",world,11.6052,-5.71108,0,0.31172,0,0,0,0.31172,0,0,0,0.66656
121148000000,/,drone2,0,0,"container1",world,11.6208,-5.72589,0,0.291816,0,0,0,0.291816,0,0,0,0.631688
121244000000,/,drone2,0,0,"container1",world,11.6375,-5.74222,0,0.272159,0,0,0,0.272159,0,0,0,0.595954
121348000000,/,drone2,0,0,"container1",world,11.6546,-5.75966,0,0.252538,0,0,0,0.252538,0,0,0,0.559019
121456000000,/,drone2,0,0,"container1",world,11.6717,-5.7778,0,0.233024,0,0,0,0.233024,0,0,0,0.52122
121564000000,/,drone2,0,0,"container1",world,11.6861,-5.79774,0,0.213725,0,0,0,0.213725,0,0,0,0.482414
121672000000,/,drone2,0,0,"container1",world,11.7011,-5.81599,0,0.194689,0,0,0,0.194689,0,0,0,0.442791
121788000000,/,drone2,0,0,"container1",world,11.7171,-5.83379,0,0.175876,0,0,0,0.175876,0,0,0,0.402773
121900000000,/,drone2,0,0,"container1",world,11.7325,-5.85094,0,0.157741,0,0,0,0.157741,0,0,0,0.363669
122000000000,/,drone2,0,0,"container1",world,11.7567,-5.85797,0,0.141041,0,0,0,0.141041,0,0,0,0.326002
122112000000,/,drone2,0,0,"container1",world,11.7811,-5.86123,0,0.126095,0,0,0,0.126095,0,0,0,0.292026
122204000000,/,drone2,0,0,"container1",world,11.8016,-5.86396,0,0.113542,0,0,0,0.113542,0,0,0,0.263389
122308000000,/,drone2,0,0,"container1",world,11.831,-5.84985,0,0.103953,0,0,0,0.103953,0,0,0,0.240907
122416000000,/,drone2,0,0,"container1",world,11.8577,-5.83277,0,0.0973809,0,0,0,0.0973809,0,0,0,0.2253
122532000000,/,drone2,0,0,"container1",world,11.8814,-5.81435,0,0.0933525,0,0,0,0.0933525,0,0,0,0.215601
122624000000,/,drone2,0,0,"container1",world,11.901,-5.79491,0,0.0907137,0,0,0,0.0907137,0,0,0,0.209431
122736000000,/,drone2,0,0,"container1",world,11.9143,-5.77514,0,0.0893586,0,0,0,0.0893586,0,0,0,0.206182
122848000000,/,drone2,0,0,"container1",world,11.9219,-5.75568,0,0.0887529,0,0,0,0.0887529,0,0,0,0.204647
122984000000,/,drone2,0,0,"container1",world,11.9232,-5.73496,0,0.0884743,0,0,0,0.0884743,0,0,0,0.203893
122984000000,/,drone2,14,1,"container2",world,13.3998,3.48732,0,0.455154,0,0,0,0.455154,0,0,0,1.12985
123060000000,/,drone2,0,0,"container1",world,11.9209,-5.72035,0,0.0881044,0,0,0,0.0881044,0,0,0,0.203106
123060000000,/,drone2,14,1,"container2",world,13.4016,3.491,0,0.404599,0,0,0,0.404599,0,0,0,1.02424
123168000000,/,drone2,0,0,"container1",world,11.9152,-5.70868,0,0.0881315,0,0,0,0.0881315,0,0,0,0.203096
123168000000,/,drone2,14,1,"container2",world,13.4036,3.49344,0,0.365267,0,0,0,0.365267,0,0,0,0.937288
123284000000,/,drone2,0,0,"container1",world,11.9028,-5.69416,0,0.0880112,0,0,0,0.0880112,0,0,0,0.202866
123284000000,/,drone2,14,1,"container2",world,13.4056,3.4943,0,0.340574,0,0,0,0.340574,0,0,0,0.874917
123388000000,/,drone2,0,0,"container1",world,11.8934,-5.68041,0,0.0879793,0,0,0,0.0879793,0,0,0,0.202793
123388000000,/,drone2,14,1,"container2",world,13.4077,3.49453,0,0.318025,0,0,0,0.318025,0,0,0,0.814709
123488000000,/,drone2,0,0,"container1",world,11.8864,-5.66854,0,0.0880678,0,0,0,0.0880678,0,0,0,0.202951
123488000000,/,drone2,14,1,"container2",world,13.4098,3.49475,0,0.295031,0,0,0,0.295031,0,0,0,0.753659
123596000000,/,drone2,0,0,"container1",world,11.8821,-5.65829,0,0.0882297,0,0,0,0.0882297,0,0,0,0.203239
123596000000,/,drone2,14,1,"container2",world,13.412,3.49499,0,0.271711,0,0,0,0.271711,0,0,0,0.692094
123700000000,/,drone2,0,0,"container1",world,11.8746,-5.64799,0,0.0879511,0,0,0,0.0879511,0,0,0,0.20275
123700000000,/,drone2,14,1,"container2",world,13.4103,3.48759,0,0.247261,0,0,0,0.247261,0,0,0,0.59779
123800000000,/,drone2,0,0,"container1",world,11.8618,-5.63629,0,0.0878377,0,0,0,0.0878377,0,0,0,0.202538
123800000000,/,drone2,14,1,"container2",world,13.4034,3.47623,0,0.222519,0,0,0,0.222519,0,0,0,0.527719
123900000000,/,drone2,0,0,"container1",world,11.8474,-5.62448,0,0.0878749,0,0,0,0.0878749,0,0,0,0.202607
123900000000,/,drone2,14,1,"container2",world,13.3974,3.46645,0,0.201201,0,0,0,0.201201,0,0,0,0.46945
124012000000,/,drone2,0,0,"container1",world,11.8174,-5.60599,0,0.0878802,0,0,0,0.0878802,0,0,0,0.20262
124012000000,/,drone2,14,1,"container2",world,13.3927,3.45872,0,0.18435,0,0,0,0.18435,0,0,0,0.424709
124136000000,/,drone2,0,0,"container1",world,11.7825,-5.58803,0,0.0880338,0,0,0,0.0880338,0,0,0,0.202876
124136000000,/,drone2,14,1,"container2",world,13.3704,3.43555,0,0.237826,0,0,0,0.237826,0,0,0,0.515438
124260000000,/,drone2,0,0,"container1",world,11.7438,-5.57051,0,0.0882265,0,0,0,0.0882265,0,0,0,0.203209
124260000000,/,drone2,14,1,"container2",world,13.3549,3.42578,0,0.214021,0,0,0,0.214021,0,0,0,0.480029
124384000000,/,drone2,0,0,"container1",world,11.7007,-5.55063,0,0.0883074,0,0,0,0.0883074,0,0,0,0.203351
124384000000,/,drone2,14,1,"container2",world,13.3406,3.41705,0,0.189314,0,0,0,0.189314,0,0,0,0.43861
124496000000,/,drone2,0,0,"container1",world,11.6741,-5.53787,0,0.0882163,0,0,0,0.0882163,0,0,0,0.203194
124496000000,/,drone2,14,1,"container2",world,13.3277,3.40921,0,0.16814,0,0,0,0.16814,0,0,0,0.400472
124580000000,/,drone2,0,0,"container1",world,11.6556,-5.52865,0,0.0880513,0,0,0,0.0880513,0,0,0,0.202904
124580000000,/,drone2,14,1,"container2",world,13.3163,3.40228,0,0.150384,0,0,0,0.150384,0,0,0,0.366371
124664000000,/,drone2,0,0,"container1",world,11.6102,-5.50132,0,0.0878722,0,0,0,0.0878722,0,0,0,0.202574
124664000000,/,drone2,14,1,"container2",world,13.2993,3.39101,0,0.134169,0,0,0,0.134169,0,0,0,0.329518
124700000000,/,drone2,0,0,"container1",world,11.585,-5.48277,0,0.0878787,0,0,0,0.0878787,0,0,0,0.202586
124700000000,/,drone2,14,1,"container2",world,13.279,3.38174,0,0.120495,0,0,0,0.120495,0,0,0,0.296434
124776000000,/,drone2,0,0,"container1",world,11.5727,-5.4729,0,0.0877733,0,0,0,0.0877733,0,0,0,0.202395
124776000000,/,drone2,14,1,"container2",world,13.2608,3.37436,0,0.109601,0,0,0,0.109601,0,0,0,0.269549
124800000000,/,drone2,0,0,"container1",world,11.566,-5.46624,0,0.0879805,0,0,0,0.0879805,0,0,0,0.202749
124800000000,/,drone2,14,1,"container2",world,13.2424,3.36831,0,0.101744,0,0,0,0.101744,0,0,0,0.249021
124856000000,/,drone2,0,0,"container1",world,11.5608,-5.46177,0,0.087962,0,0,0,0.087962,0,0,0,0.202711
124856000000,/,drone2,14,1,"container2",world,13.2281,3.36395,0,0.09642,0,0,0,0.09642,0,0,0,0.234839
124900000000,/,drone2,0,0,"container1",world,11.5581,-5.45908,0,0.0881908,0,0,0,0.0881908,0,0,0,0.203113
124900000000,/,drone2,14,1,"container2",world,13.214,3.3614,0,0.0932977,0,0,0,0.0932977,0,0,0,0.22551
124940000000,/,drone2,0,0,"container1",world,11.5575,-5.45827,0,0.0881718,0,0,0,0.0881718,0,0,0,0.203084
124940000000,/,drone2,14,1,"container2",world,13.2034,3.36062,0,0.0913799,0,0,0,0.0913799,0,0,0,0.219606
124972000000,/,drone2,0,0,"container1",world,11.5585,-5.45832,0,0.0880419,0,0,0,0.0880419,0,0,0,0.202857
124972000000,/,drone2,14,1,"container2",world,13.1949,3.36076,0,0.0902019,0,0,0,0.0902019,0,0,0,0.215792
125004000000,/,drone2,0,0,"container1",world,11.5608,-5.4591,0,0.0878675,0,0,0,0.0878675,0,0,0,0.202547
125004000000,/,drone2,14,1,"container2",world,13.1878,3.36135,0,0.0894564,0,0,0,0.0894564,0,0,0,0.213205
125064000000,/,drone2,0,0,"container1",world,11.5649,-5.46076,0,0.0879965,0,0,0,0.0879965,0,0,0,0.202782
125064000000,/,drone2,14,1,"container2",world,13.1793,3.36314,0,0.0892685,0,0,0,0.0892685,0,0,0,0.211591
125100000000,/,drone2,0,0,"container1",world,11.5682,-5.46241,0,0.0879409,0,0,0,0.0879409,0,0,0,0.202687
125100000000,/,drone2,14,1,"container2",world,13.1727,3.36435,0,0.0890489,0,0,0,0.0890489,0,0,0,0.210289
125140000000,/,drone2,0,0,"container1",world,11.5704,-5.46395,0,0.0878045,0,0,0,0.0878045,0,0,0,0.202444
125140000000,/,drone2,14,1,"container2",world,13.1672,3.36512,0,0.088827,0,0,0,0.088827,0,0,0,0.209193
125196000000,/,drone2,0,0,"container1",world,11.5718,-5.46564,0,0.0876381,0,0,0,0.0876381,0,0,0,0.20214
125196000000,/,drone2,14,1,"container2",world,13.1625,3.36538,0,0.0886159,0,0,0,0.0886159,0,0,0,0.208246
125204000000,/,drone2,0,0,"container1",world,11.5718,-5.46708,0,0.0879136,0,0,0,0.0879136,0,0,0,0.20262
125204000000,/,drone2,14,1,"container2",world,13.1577,3.36451,0,0.0888763,0,0,0,0.0888763,0,0,0,0.208232
125260000000,/,drone2,0,0,"container1",world,11.5715,-5.46849,0,0.0879285,0,0,0,0.0879285,0,0,0,0.202645
125260000000,/,drone2,14,1,"container2",world,13.1531,3.36299,0,0.0888822,0,0,0,0.0888822,0,0,0,0.207845
125284000000,/,drone2,0,0,"container1",world,11.5679,-5.46937,0,0.0881742,0,0,0,0.0881742,0,0,0,0.203078
125284000000,/,drone2,14,1,"container2",world,13.1454,3.36014,0,0.0891257,0,0,0,0.0891257,0,0,0,0.207818
125336000000,/,drone2,0,0,"container1",world,11.5651,-5.47004,0,0.0881635,0,0,0,0.0881635,0,0,0,0.203065
125336000000,/,drone2,14,1,"container2",world,13.1386,3.35768,0,0.089108,0,0,0,0.089108,0,0,0,0.207462
125392000000,/,drone2,0,0,"container1",world,11.5622,-5.47065,0,0.0879288,0,0,0,0.0879288,0,0,0,0.202651
125392000000,/,drone2,14,1,"container2",world,13.1295,3.35458,0,0.0888537,0,0,0,0.0888537,0,0,0,0.206688
125436000000,/,drone2,0,0,"container1",world,11.5607,-5.47096,0,0.0878106,0,0,0,0.0878106,0,0,0,0.202442
125436000000,/,drone2,14,1,"container2",world,13.1249,3.35302,0,0.0887253,0,0,0,0.0887253,0,0,0,0.206297
125464000000,/,drone2,0,0,"container1",world,11.5605,-5.47345,0,0.0879683,0,0,0,0.0879683,0,0,0,0.202729
125464000000,/,drone2,14,1,"container2",world,13.1165,3.34991,0,0.0888618,0,0,0,0.0888618,0,0,0,0.206357
125504000000,/,drone2,0,0,"container1",world,11.5617,-5.47586,0,0.0879267,0,0,0,0.0879267,0,0,0,0.20266
125504000000,/,drone2,14,1,"container2",world,13.1099,3.34729,0,0.0887959,0,0,0,0.0887959,0,0,0,0.206108
125560000000,/,drone2,0,0,"container1",world,11.5638,-5.47801,0,0.0877974,0,0,0,0.0877974,0,0,0,0.202429
125560000000,/,drone2,14,1,"container2",world,13.1043,3.34499,0,0.0886394,0,0,0,0.0886394,0,0,0,0.205726
125600000000,/,drone2,0,0,"container1",world,11.5661,-5.47814,0,0.0876345,0,0,0,0.0876345,0,0,0,0.202132
125600000000,/,drone2,14,1,"container2",world,13.0992,3.34285,0,0.0884471,0,0,0,0.0884471,0,0,0,0.205297
125632000000,/,drone2,0,0,"container1",world,11.5697,-5.4754,0,0.0877894,0,0,0,0.0877894,0,0,0,0.202401
125632000000,/,drone2,14,1,"container2",world,13.0937,3.3402,0,0.0885575,0,0,0,0.0885575,0,0,0,0.205411
125688000000,/,drone2,0,0,"container1",world,11.5731,-5.47529,0,0.087756,0,0,0,0.087756,0,0,0,0.202337
125688000000,/,drone2,14,1,"container2",world,13.0896,3.33785,0,0.0884836,0,0,0,0.0884836,0,0,0,0.205221
125716000000,/,drone2,0,0,"container1",world,11.5757,-5.47554,0,0.088089,0,0,0,0.088089,0,0,0,0.202926
125716000000,/,drone2,14,1,"container2",world,13.0866,3.33569,0,0.0887815,0,0,0,0.0887815,0,0,0,0.205715
125764000000,/,drone2,0,0,"container1",world,11.5789,-5.4775,0,0.0880003,0,0,0,0.0880003,0,0,0,0.202776
125764000000,/,drone2,14,1,"container2",world,13.0837,3.3331,0,0.0886371,0,0,0,0.0886371,0,0,0,0.205427
125808000000,/,drone2,0,0,"container1",world,11.5818,-5.47997,0,0.0878465,0,0,0,0.0878465,0,0,0,0.202505
125808000000,/,drone2,14,1,"container2",world,13.0817,3.33091,0,0.0884365,0,0,0,0.0884365,0,0,0,0.205042
125864000000,/,drone2,0,0,"container1",world,11.5837,-5.48187,0,0.0881188,0,0,0,0.0881188,0,0,0,0.202989
125864000000,/,drone2,14,1,"container2",world,13.0799,3.32886,0,0.0886691,0,0,0,0.0886691,0,0,0,0.205438
125896000000,/,drone2,0,0,"container1",world,11.5857,-5.48425,0,0.0880022,0,0,0,0.0880022,0,0,0,0.20279
125896000000,/,drone2,14,1,"container2",world,13.0787,3.32634,0,0.0884968,0,0,0,0.0884968,0,0,0,0.20511
125904000000,/,drone2,0,0,"container1",world,11.5875,-5.48678,0,0.0878354,0,0,0,0.0878354,0,0,0,0.202495
125904000000,/,drone2,14,1,"container2",world,13.0781,3.32439,0,0.088285,0,0,0,0.088285,0,0,0,0.204708
125972000000,/,drone2,0,0,"container1",world,11.5885,-5.48974,0,0.0879699,0,0,0,0.0879699,0,0,0,0.202739
125972000000,/,drone2,14,1,"container2",world,13.0788,3.32246,0,0.0883659,0,0,0,0.0883659,0,0,0,0.204826
126000000000,/,drone2,0,0,"container1",world,11.589,-5.49122,0,0.0880369,0,0,0,0.0880369,0,0,0,0.202861
126000000000,/,drone2,14,1,"container2",world,13.0791,3.3215,0,0.0884062,0,0,0,0.0884062,0,0,0,0.204884
126064000000,/,drone2,0,0,"container1",world,11.5877,-5.49363,0,0.087844,0,0,0,0.087844,0,0,0,0.202517
126064000000,/,drone2,14,1,"container2",world,13.0799,3.32008,0,0.0881711,0,0,0,0.0881711,0,0,0,0.204428
126096000000,/,drone2,0,0,"container1",world,11.5853,-5.49515,0,0.0876499,0,0,0,0.0876499,0,0,0,0.202163
126096000000,/,drone2,14,1,"container2",world,13.0803,3.31876,0,0.0879426,0,0,0,0.0879426,0,0,0,0.203978
126156000000,/,drone2,0,0,"container1",world,11.5831,-5.4964,0,0.087912,0,0,0,0.087912,0,0,0,0.202619
126156000000,/,drone2,14,1,"container2",world,13.0802,3.31744,0,0.0881753,0,0,0,0.0881753,0,0,0,0.204355
126188000000,/,drone2,0,0,"container1",world,11.5799,-5.49788,0,0.0878114,0,0,0,0.0878114,0,0,0,0.202435
126188000000,/,drone2,14,1,"container2",world,13.0803,3.31619,0,0.0880379,0,0,0,0.0880379,0,0,0,0.204055
126228000000,/,drone2,0,0,"container1",world,11.5774,-5.4988,0,0.0881109,0,0,0,0.0881109,0,0,0,0.202964
126228000000,/,drone2,14,1,"container2",world,13.0807,3.31557,0,0.0883089,0,0,0,0.0883089,0,0,0,0.204494
126292000000,/,drone2,0,0,"container1",world,11.5739,-5.50002,0,0.0880071,0,0,0,0.0880071,0,0,0,0.202787
126292000000,/,drone2,14,1,"container2",world,13.0819,3.31534,0,0.0881735,0,0,0,0.0881735,0,0,0,0.2042
126300000000,/,drone2,0,0,"container1",world,11.5722,-5.50062,0,0.087955,0,0,0,0.087955,0,0,0,0.202698
126300000000,/,drone2,14,1,"container2",world,13.0826,3.31522,0,0.0881054,0,0,0,0.0881054,0,0,0,0.204052
126360000000,/,drone2,0,0,"container1",world,11.5677,-5.50114,0,0.0881692,0,0,0,0.0881692,0,0,0,0.203077
126360000000,/,drone2,14,1,"container2",world,13.0839,3.31543,0,0.0882967,0,0,0,0.0882967,0,0,0,0.204338
126400000000,/,drone2,0,0,"container1",world,11.5629,-5.50155,0,0.0881443,0,0,0,0.0881443,0,0,0,0.203039
126400000000,/,drone2,14,1,"container2",world,13.0846,3.3154,0,0.0882542,0,0,0,0.0882542,0,0,0,0.204219
126456000000,/,drone2,0,0,"container1",world,11.5565,-5.50173,0,0.0879049,0,0,0,0.0879049,0,0,0,0.202615
126456000000,/,drone2,14,1,"container2",world,13.0849,3.31572,0,0.0879952,0,0,0,0.0879952,0,0,0,0.203693
126500000000,/,drone2,0,0,"container1",world,11.5515,-5.50212,0,0.0876869,0,0,0,0.0876869,0,0,0,0.202221
126500000000,/,drone2,14,1,"container2",world,13.0848,3.31636,0,0.0877627,0,0,0,0.0877627,0,0,0,0.203217
126544000000,/,drone2,0,0,"container1",world,11.5476,-5.50323,0,0.0879363,0,0,0,0.0879363,0,0,0,0.202655
126544000000,/,drone2,14,1,"container2",world,13.0846,3.31736,0,0.0880004,0,0,0,0.0880004,0,0,0,0.203586
126588000000,/,drone2,0,0,"container1",world,11.5467,-5.50705,0,0.0878286,0,0,0,0.0878286,0,0,0,0.20246
126588000000,/,drone2,14,1,"container2",world,13.0843,3.31883,0,0.0879933,0,0,0,0.0879933,0,0,0,0.203528
126628000000,/,drone2,0,0,"container1",world,11.5457,-5.51081,0,0.088124,0,0,0,0.088124,0,0,0,0.202984
126628000000,/,drone2,14,1,"container2",world,13.084,3.32053,0,0.0878766,0,0,0,0.0878766,0,0,0,0.203275
126668000000,/,drone2,0,0,"container1",world,11.5439,-5.51435,0,0.0881377,0,0,0,0.0881377,0,0,0,0.203014
126668000000,/,drone2,14,1,"container2",world,13.0841,3.32389,0,0.0880285,0,0,0,0.0880285,0,0,0,0.203492
126700000000,/,drone2,0,0,"container1",world,11.5419,-5.5178,0,0.0880243,0,0,0,0.0880243,0,0,0,0.202818
126700000000,/,drone2,14,1,"container2",world,13.0843,3.32668,0,0.0879814,0,0,0,0.0879814,0,0,0,0.203365
126764000000,/,drone2,0,0,"container1",world,11.5402,-5.52345,0,0.0882065,0,0,0,0.0882065,0,0,0,0.203142
126764000000,/,drone2,14,1,"container2",world,13.0856,3.33116,0,0.0881937,0,0,0,0.0881937,0,0,0,0.203682
126800000000,/,drone2,0,0,"container1",world,11.5394,-5.52809,0,0.0881655,0,0,0,0.0881655,0,0,0,0.203076
126800000000,/,drone2,14,1,"container2",world,13.087,3.33501,0,0.0881661,0,0,0,0.0881661,0,0,0,0.203593
126856000000,/,drone2,0,0,"container1",world,11.5401,-5.53425,0,0.0879177,0,0,0,0.0879177,0,0,0,0.202638
126856000000,/,drone2,14,1,"container2",world,13.0893,3.34029,0,0.0879229,0,0,0,0.0879229,0,0,0,0.203107
126900000000,/,drone2,0,0,"container1",world,11.5415,-5.53977,0,0.087695,0,0,0,0.087695,0,0,0,0.202236
126900000000,/,drone2,14,1,"container2",world,13.0915,3.34497,0,0.0877017,0,0,0,0.0877017,0,0,0,0.202665
126952000000,/,drone2,0,0,"container1",world,11.543,-5.5451,0,0.0879418,0,0,0,0.0879418,0,0,0,0.202667
126952000000,/,drone2,14,1,"container2",world,13.0938,3.3494,0,0.0879485,0,0,0,0.0879485,0,0,0,0.203061
126988000000,/,drone2,0,0,"container1",world,11.544,-5.55156,0,0.0878324,0,0,0,0.0878324,0,0,0,0.202469
126988000000,/,drone2,14,1,"container2",world,13.0971,3.35555,0,0.0878381,0,0,0,0.0878381,0,0,0,0.202818
127004000000,/,drone2,0,0,"container1",world,11.5443,-5.55674,0,0.0881268,0,0,0,0.0881268,0,0,0,0.202991
127004000000,/,drone2,14,1,"container2",world,13.1001,3.36069,0,0.0881316,0,0,0,0.0881316,0,0,0,0.203305
127060000000,/,drone2,0,0,"container1",world,11.5438,-5.56234,0,0.0880194,0,0,0,0.0880194,0,0,0,0.202809
127060000000,/,drone2,14,1,"container2",world,13.1043,3.36709,0,0.0880232,0,0,0,0.0880232,0,0,0,0.203083
127100000000,/,drone2,0,0,"container1",world,11.5421,-5.56619,0,0.0878562,0,0,0,0.0878562,0,0,0,0.202521
127100000000,/,drone2,14,1,"container2",world,13.1077,3.37213,0,0.0878594,0,0,0,0.0878594,0,0,0,0.202764
127152000000,/,drone2,0,0,"container1",world,11.5394,-5.569,0,0.0881236,0,0,0,0.0881236,0,0,0,0.202997
127152000000,/,drone2,14,1,"container2",world,13.1105,3.37646,0,0.0881263,0,0,0,0.0881263,0,0,0,0.203216
127200000000,/,drone2,0,0,"container1",world,11.5341,-5.57154,0,0.0880047,0,0,0,0.0880047,0,0,0,0.202794
127200000000,/,drone2,14,1,"container2",world,13.114,3.38142,0,0.0880071,0,0,0,0.0880071,0,0,0,0.202984
127252000000,/,drone2,0,0,"container1",world,11.5307,-5.57339,0,0.0878367,0,0,0,0.0878367,0,0,0,0.202497
127252000000,/,drone2,14,1,"container2",world,13.1168,3.38555,0,0.0878388,0,0,0,0.0878388,0,0,0,0.202665
127300000000,/,drone2,0,0,"container1",world,11.5278,-5.57538,0,0.0880121,0,0,0,0.0880121,0,0,0,0.202797
127300000000,/,drone2,14,1,"container2",world,13.1203,3.39103,0,0.088014,0,0,0,0.088014,0,0,0,0.20294
127340000000,/,drone2,0,0,"container1",world,11.5269,-5.57706,0,0.0879778,0,0,0,0.0879778,0,0,0,0.202732
127340000000,/,drone2,14,1,"container2",world,13.1228,3.39545,0,0.0879796,0,0,0,0.0879796,0,0,0,0.202859
127384000000,/,drone2,0,0,"container1",world,11.527,-5.57846,0,0.0878505,0,0,0,0.0878505,0,0,0,0.202503
127384000000,/,drone2,14,1,"container2",world,13.1246,3.39952,0,0.0878523,0,0,0,0.0878523,0,0,0,0.202615
127400000000,/,drone2,0,0,"container1",world,11.5265,-5.58,0,0.0881357,0,0,0,0.0881357,0,0,0,0.203008
127400000000,/,drone2,14,1,"container2",world,13.1261,3.40358,0,0.0881374,0,0,0,0.0881374,0,0,0,0.203108
127460000000,/,drone2,0,0,"container1",world,11.5253,-5.58224,0,0.0880237,0,0,0,0.0880237,0,0,0,0.202818
127460000000,/,drone2,14,1,"container2",world,13.1278,3.40912,0,0.0880255,0,0,0,0.0880255,0,0,0,0.202903
127500000000,/,drone2,0,0,"container1",world,11.5237,-5.58391,0,0.0878583,0,0,0,0.0878583,0,0,0,0.202526
127500000000,/,drone2,14,1,"container2",world,13.1288,3.41342,0,0.0878601,0,0,0,0.0878601,0,0,0,0.202601
127556000000,/,drone2,0,0,"container1",world,11.5223,-5.5853,0,0.0881246,0,0,0,0.0881246,0,0,0,0.202999
127556000000,/,drone2,14,1,"container2",world,13.1297,3.41714,0,0.0881263,0,0,0,0.0881263,0,0,0,0.203066
127592000000,/,drone2,0,0,"container1",world,11.5201,-5.58695,0,0.0880051,0,0,0,0.0880051,0,0,0,0.202795
127592000000,/,drone2,14,1,"container2",world,13.1293,3.42092,0,0.0880068,0,0,0,0.0880068,0,0,0,0.202852
127648000000,/,drone2,0,0,"container1",world,11.5185,-5.58817,0,0.0878368,0,0,0,0.0878368,0,0,0,0.202497
127648000000,/,drone2,14,1,"container2",world,13.1289,3.42356,0,0.0878385,0,0,0,0.0878385,0,0,0,0.202546
127680000000,/,drone2,0,0,"container1",world,11.5182,-5.58994,0,0.0880121,0,0,0,0.0880121,0,0,0,0.202797
127680000000,/,drone2,14,1,"container2",world,13.1285,3.42658,0,0.0880137,0,0,0,0.0880137,0,0,0,0.202838
127720000000,/,drone2,0,0,"container1",world,11.518,-5.59083,0,0.0880992,0,0,0,0.0880992,0,0,0,0.202946
127720000000,/,drone2,14,1,"container2",world,13.1284,3.42808,0,0.0881008,0,0,0,0.0881008,0,0,0,0.202983
127780000000,/,drone2,0,0,"container1",world,11.517,-5.59279,0,0.0879115,0,0,0,0.0879115,0,0,0,0.20261
127780000000,/,drone2,14,1,"container2",world,13.1282,3.42946,0,0.088023,0,0,0,0.088023,0,0,0,0.202841
127808000000,/,drone2,0,0,"container1",world,11.5154,-5.59466,0,0.0881658,0,0,0,0.0881658,0,0,0,0.203061
127808000000,/,drone2,14,1,"container2",world,13.1281,3.43015,0,0.087984,0,0,0,0.087984,0,0,0,0.20277
127876000000,/,drone2,0,0,"container1",world,11.5122,-5.59637,0,0.0880388,0,0,0,0.0880388,0,0,0,0.202844
127876000000,/,drone2,14,1,"container2",world,13.1281,3.4305,0,0.0879644,0,0,0,0.0879644,0,0,0,0.202734
127908000000,/,drone2,0,0,"container1",world,11.5086,-5.59745,0,0.0878659,0,0,0,0.0878659,0,0,0,0.202539
127908000000,/,drone2,14,1,"container2",world,13.1281,3.43067,0,0.0879547,0,0,0,0.0879547,0,0,0,0.202716
127972000000,/,drone2,0,0,"container1",world,11.5042,-5.59822,0,0.0881283,0,0,0,0.0881283,0,0,0,0.203006
127972000000,/,drone2,14,1,"container2",world,13.128,3.43076,0,0.0879498,0,0,0,0.0879498,0,0,0,0.202707
128000000000,/,drone2,0,0,"container1",world,11.4978,-5.59947,0,0.088007,0,0,0,0.088007,0,0,0,0.202799
128000000000,/,drone2,14,1,"container2",world,13.128,3.4308,0,0.0879473,0,0,0,0.0879473,0,0,0,0.202703
128060000000,/,drone2,0,0,"container1",world,11.4923,-5.60099,0,0.0878378,0,0,0,0.0878378,0,0,0,0.202499
128060000000,/,drone2,14,1,"container2",world,13.128,3.43082,0,0.0879461,0,0,0,0.0879461,0,0,0,0.202701
128100000000,/,drone2,0,0,"container1",world,11.4872,-5.60435,0,0.0880125,0,0,0,0.0880125,0,0,0,0.202798
128100000000,/,drone2,14,1,"container2",world,13.1303,3.44891,0,0.167903,0,0,0,0.167903,0,0,0,0.344079
128156000000,/,drone2,0,0,"container1",world,11.4839,-5.60736,0,0.0879779,0,0,0,0.0879779,0,0,0,0.202733
128156000000,/,drone2,14,1,"container2",world,13.13,3.4516,0,0.16844,0,0,0,0.16844,0,0,0,0.348119
128200000000,/,drone2,0,0,"container1",world,11.4807,-5.61204,0,0.0881987,0,0,0,0.0881987,0,0,0,0.203122
128200000000,/,drone2,14,1,"container2",world,13.1297,3.45395,0,0.157677,0,0,0,0.157677,0,0,0,0.335654
128240000000,/,drone2,0,0,"container1",world,11.4782,-5.61605,0,0.0881757,0,0,0,0.0881757,0,0,0,0.203086
128240000000,/,drone2,14,1,"container2",world,13.1298,3.45592,0,0.147526,0,0,0,0.147526,0,0,0,0.32239
128280000000,/,drone2,0,0,"container1",world,11.4764,-5.61986,0,0.0880438,0,0,0,0.0880438,0,0,0,0.202857
128280000000,/,drone2,14,1,"container2",world,13.1304,3.45762,0,0.138378,0,0,0,0.138378,0,0,0,0.309336
128304000000,/,drone2,0,0,"container1",world,11.4747,-5.62366,0,0.0878684,0,0,0,0.0878684,0,0,0,0.202545
128304000000,/,drone2,14,1,"container2",world,13.131,3.45924,0,0.130342,0,0,0,0.130342,0,0,0,0.297022
128364000000,/,drone2,0,0,"container1",world,11.4739,-5.62557,0,0.0877803,0,0,0,0.0877803,0,0,0,0.202389
128364000000,/,drone2,14,1,"container2",world,13.1313,3.4602,0,0.125593,0,0,0,0.125593,0,0,0,0.289517
128404000000,/,drone2,0,0,"container1",world,11.4734,-5.62653,0,0.0877361,0,0,0,0.0877361,0,0,0,0.20231
128404000000,/,drone2,14,1,"container2",world,13.1315,3.46073,0,0.12297,0,0,0,0.12297,0,0,0,0.285297
128472000000,/,drone2,0,0,"container1",world,11.4732,-5.62701,0,0.0877139,0,0,0,0.0877139,0,0,0,0.202271
128472000000,/,drone2,14,1,"container2",world,13.1316,3.46101,0,0.121584,0,0,0,0.121584,0,0,0,0.283045
128504000000,/,drone2,0,0,"container1",world,11.4731,-5.62725,0,0.0877029,0,0,0,0.0877029,0,0,0,0.202251
128504000000,/,drone2,14,1,"container2",world,13.1317,3.46115,0,0.12087,0,0,0,0.12087,0,0,0,0.281879
128572000000,/,drone2,0,0,"container1",world,11.4725,-5.64475,0,0.100618,0,0,0,0.100618,0,0,0,0.226194
128572000000,/,drone2,14,1,"container2",world,13.1333,3.46751,0,0.120007,0,0,0,0.120007,0,0,0,0.281156
128600000000,/,drone2,0,0,"container1",world,11.4744,-5.65361,0,0.104278,0,0,0,0.104278,0,0,0,0.233334
128600000000,/,drone2,14,1,"container2",world,13.1341,3.47073,0,0.119569,0,0,0,0.119569,0,0,0,0.280787
128656000000,/,drone2,0,0,"container1",world,11.4775,-5.6596,0,0.10458,0,0,0,0.10458,0,0,0,0.234607
128656000000,/,drone2,14,1,"container2",world,13.1345,3.47236,0,0.119348,0,0,0,0.119348,0,0,0,0.2806
128700000000,/,drone2,0,0,"container1",world,11.4838,-5.66649,0,0.102588,0,0,0,0.102588,0,0,0,0.232054
128700000000,/,drone2,14,1,"container2",world,13.1347,3.47318,0,0.119238,0,0,0,0.119238,0,0,0,0.280506
128752000000,/,drone2,0,0,"container1",world,11.4896,-5.67259,0,0.101116,0,0,0,0.101116,0,0,0,0.230142
128752000000,/,drone2,14,1,"container2",world,13.1348,3.47358,0,0.119182,0,0,0,0.119182,0,0,0,0.280459
128800000000,/,drone2,0,0,"container1",world,11.4969,-5.67976,0,0.0987933,0,0,0,0.0987933,0,0,0,0.226601
128800000000,/,drone2,14,1,"container2",world,13.1348,3.47379,0,0.119154,0,0,0,0.119154,0,0,0,0.280436
128836000000,/,drone2,0,0,"container1",world,11.5023,-5.68538,0,0.0969107,0,0,0,0.0969107,0,0,0,0.223583
128836000000,/,drone2,14,1,"container2",world,13.1405,3.48585,0,0.16303,0,0,0,0.16303,0,0,0,0.361472
128872000000,/,drone2,0,0,"container1",world,11.5093,-5.69218,0,0.0952593,0,0,0,0.0952593,0,0,0,0.22078
128872000000,/,drone2,14,1,"container2",world,13.1462,3.49244,0,0.170273,0,0,0,0.170273,0,0,0,0.376277
128932000000,/,drone2,0,0,"container1",world,11.513,-5.69574,0,0.0943948,0,0,0,0.0943948,0,0,0,0.219302
128932000000,/,drone2,14,1,"container2",world,13.1487,3.49536,0,0.173489,0,0,0,0.173489,0,0,0,0.38282
128968000000,/,drone2,0,0,"container1",world,11.5174,-5.70071,0,0.0930056,0,0,0,0.0930056,0,0,0,0.216728
128968000000,/,drone2,14,1,"container2",world,13.1499,3.49675,0,0.175014,0,0,0,0.175014,0,0,0,0.385918
129016000000,/,drone2,0,0,"container1",world,11.5206,-5.70493,0,0.0923231,0,0,0,0.0923231,0,0,0,0.215368
129016000000,/,drone2,14,1,"container2",world,13.1504,3.49743,0,0.175759,0,0,0,0.175759,0,0,0,0.387426
129064000000,/,drone2,0,0,"container1",world,11.5229,-5.71004,0,0.0912465,0,0,0,0.0912465,0,0,0,0.213157
129064000000,/,drone2,14,1,"container2",world,13.1507,3.49776,0,0.176126,0,0,0,0.176126,0,0,0,0.388171
129100000000,/,drone2,0,0,"container1",world,11.5251,-5.71431,0,0.0903915,0,0,0,0.0903915,0,0,0,0.211351
129100000000,/,drone2,14,1,"container2",world,13.1509,3.49793,0,0.176309,0,0,0,0.176309,0,0,0,0.388542
129160000000,/,drone2,0,0,"container1",world,11.5278,-5.7183,0,0.0901252,0,0,0,0.0901252,0,0,0,0.210599
129160000000,/,drone2,14,1,"container2",world,13.1509,3.49801,0,0.1764,0,0,0,0.1764,0,0,0,0.388726
129196000000,/,drone2,0,0,"container1",world,11.5316,-5.72341,0,0.089483,0,0,0,0.089483,0,0,0,0.209049
129196000000,/,drone2,14,1,"container2",world,13.151,3.49805,0,0.176445,0,0,0,0.176445,0,0,0,0.388818
129260000000,/,drone2,0,0,"container1",world,11.5352,-5.72756,0,0.0889486,0,0,0,0.0889486,0,0,0,0.20775
129260000000,/,drone2,14,1,"container2",world,13.151,3.49807,0,0.176468,0,0,0,0.176468,0,0,0,0.388864
129296000000,/,drone2,0,0,"container1",world,11.5409,-5.7323,0,0.0887382,0,0,0,0.0887382,0,0,0,0.206936
129296000000,/,drone2,14,1,"container2",world,13.151,3.49808,0,0.176479,0,0,0,0.176479,0,0,0,0.388887
129348000000,/,drone2,0,0,"container1",world,11.5455,-5.73587,0,0.0884593,0,0,0,0.0884593,0,0,0,0.206093
129348000000,/,drone2,14,1,"container2",world,13.151,3.49809,0,0.176485,0,0,0,0.176485,0,0,0,0.388899
129396000000,/,drone2,0,0,"container1",world,11.5518,-5.73949,0,0.088038,0,0,0,0.088038,0,0,0,0.204922
129396000000,/,drone2,14,1,"container2",world,13.151,3.49809,0,0.176488,0,0,0,0.176488,0,0,0,0.388905
129428000000,/,drone2,0,0,"container1",world,11.5571,-5.74191,0,0.0881535,0,0,0,0.0881535,0,0,0,0.204796
129428000000,/,drone2,14,1,"container2",world,13.151,3.49809,0,0.176489,0,0,0,0.176489,0,0,0,0.388907
129492000000,/,drone2,0,0,"container1",world,11.5631,-5.74361,0,0.0879496,0,0,0,0.0879496,0,0,0,0.204075
129492000000,/,drone2,14,1,"container2",world,13.151,3.49809,0,0.17649,0,0,0,0.17649,0,0,0,0.388909
129528000000,/,drone2,0,0,"container1",world,11.5662,-5.74447,0,0.0878468,0,0,0,0.0878468,0,0,0,0.203711
129528000000,/,drone2,14,1,"container2",world,13.151,3.49809,0,0.17649,0,0,0,0.17649,0,0,0,0.38891
129592000000,/,drone2,0,0,"container1",world,11.5706,-5.74542,0,0.0879978,0,0,0,0.0879978,0,0,0,0.203728
129592000000,/,drone2,14,1,"container2",world,13.151,3.49809,0,0.176491,0,0,0,0.176491,0,0,0,0.38891
129608000000,/,drone2,0,0,"container1",world,11.5735,-5.74631,0,0.0879512,0,0,0,0.0879512,0,0,0,0.203451
129608000000,/,drone2,14,1,"container2",world,13.151,3.49809,0,0.176491,0,0,0,0.176491,0,0,0,0.38891
129660000000,/,drone2,0,0,"container1",world,11.5758,-5.7479,0,0.0881712,0,0,0,0.0881712,0,0,0,0.203618
129660000000,/,drone2,14,1,"container2",world,13.151,3.49809,0,0.176491,0,0,0,0.176491,0,0,0,0.38891
129700000000,/,drone2,0,0,"container1",world,11.5776,-5.74926,0,0.0881529,0,0,0,0.0881529,0,0,0,0.203432
129700000000,/,drone2,14,1,"container2",world,13.151,3.49809,0,0.176491,0,0,0,0.176491,0,0,0,0.38891
129760000000,/,drone2,0,0,"container1",world,11.5802,-5.75087,0,0.0879263,0,0,0,0.0879263,0,0,0,0.202874
129760000000,/,drone2,14,1,"container2",world,13.151,3.49809,0,0.176491,0,0,0,0.176491,0,0,0,0.38891
129800000000,/,drone2,0,0,"container1",world,11.5815,-5.75168,0,0.087812,0,0,0,0.087812,0,0,0,0.202593
129800000000,/,drone2,14,1,"container2",world,13.151,3.49809,0,0.176491,0,0,0,0.176491,0,0,0,0.38891
129856000000,/,drone2,0,0,"container1",world,11.5821,-5.75209,0,0.0877547,0,0,0,0.0877547,0,0,0,0.202451
129856000000,/,drone2,14,1,"container2",world,13.151,3.49809,0,0.176491,0,0,0,0.176491,0,0,0,0.38891
129900000000,/,drone2,0,0,"container1",world,11.5824,-5.75229,0,0.0877259,0,0,0,0.0877259,0,0,0,0.202381
129900000000,/,drone2,14,1,"container2",world,13.151,3.49809,0,0.176491,0,0,0,0.176491,0,0,0,0.38891
129956000000,/,drone2,0,0,"container1",world,11.5863,-5.7545,0,0.0879857,0,0,0,0.0879857,0,0,0,0.202716
129956000000,/,drone2,14,1,"container2",world,13.151,3.49809,0,0.176491,0,0,0,0.176491,0,0,0,0.38891
129992000000,/,drone2,0,0,"container1",world,11.5881,-5.75602,0,0.0879966,0,0,0,0.0879966,0,0,0,0.20267
129992000000,/,drone2,14,1,"container2",world,13.151,3.49809,0,0.176491,0,0,0,0.176491,0,0,0,0.38891
130056000000,/,drone2,0,0,"container1",world,11.589,-5.75726,0,0.087895,0,0,0,0.087895,0,0,0,0.202454
130056000000,/,drone2,14,1,"container2",world,13.151,3.49809,0,0.176491,0,0,0,0.176491,0,0,0,0.38891
130096000000,/,drone2,0,0,"container1",world,11.5877,-5.75891,0,0.0880652,0,0,0,0.0880652,0,0,0,0.202748
130096000000,/,drone2,14,1,"container2",world,13.151,3.49809,0,0.176491,0,0,0,0.176491,0,0,0,0.38891
130156000000,/,drone2,0,0,"container1",world,11.5854,-5.75995,0,0.0880305,0,0,0,0.0880305,0,0,0,0.202688
130156000000,/,drone2,14,1,"container2",world,13.151,3.49809,0,0.176491,0,0,0,0.176491,0,0,0,0.38891
130188000000,/,drone2,0,0,"container1",world,11.5805,-5.76101,0,0.0878066,0,0,0,0.0878066,0,0,0,0.202295
130188000000,/,drone2,14,1,"container2",world,13.151,3.49809,0,0.176491,0,0,0,0.176491,0,0,0,0.38891
130220000000,/,drone2,0,0,"container1",world,11.5757,-5.76152,0,0.088053,0,0,0,0.088053,0,0,0,0.202738
130220000000,/,drone2,14,1,"container2",world,13.151,3.49809,0,0.176491,0,0,0,0.176491,0,0,0,0.38891
130288000000,/,drone2,0,0,"container1",world,11.571,-5.76165,0,0.0880524,0,0,0,0.0880524,0,0,0,0.202751
130288000000,/,drone2,14,1,"container2",world,13.151,3.49809,0,0.176491,0,0,0,0.176491,0,0,0,0.38891
130316000000,/,drone2,0,0,"container1",world,11.564,-5.76196,0,0.0882879,0,0,0,0.0882879,0,0,0,0.203193
130316000000,/,drone2,14,1,"container2",world,13.151,3.49809,0,0.176491,0,0,0,0.176491,0,0,0,0.38891
130380000000,/,drone2,0,0,"container1",world,11.557,-5.76228,0,0.0881474,0,0,0,0.0881474,0,0,0,0.202983
130380000000,/,drone2,14,1,"container2",world,13.151,3.49809,0,0.176491,0,0,0,0.176491,0,0,0,0.38891
130404000000,/,drone2,0,0,"container1",world,11.5525,-5.76285,0,0.0879653,0,0,0,0.0879653,0,0,0,0.202686
130404000000,/,drone2,14,1,"container2",world,13.151,3.49809,0,0.176491,0,0,0,0.176491,0,0,0,0.38891
130460000000,/,drone2,0,0,"container1",world,11.5493,-5.76436,0,0.088086,0,0,0,0.088086,0,0,0,0.202937
130460000000,/,drone2,14,1,"container2",world,13.151,3.49809,0,0.176491,0,0,0,0.176491,0,0,0,0.38891
130500000000,/,drone2,0,0,"container1",world,11.5478,-5.76512,0,0.0881461,0,0,0,0.0881461,0,0,0,0.203062
130500000000,/,drone2,14,1,"container2",world,13.151,3.49809,0,0.176491,0,0,0,0.176491,0,0,0,0.38891
130556000000,/,drone2,0,0,"container1",world,11.547,-5.76549,0,0.0881761,0,0,0,0.0881761,0,0,0,0.203124
130556000000,/,drone2,14,1,"container2",world,13.151,3.49809,0,0.176491,0,0,0,0.176491,0,0,0,0.38891
130600000000,/,drone2,0,0,"container1",world,11.5466,-5.76568,0,0.0881911,0,0,0,0.0881911,0,0,0,0.203156
130600000000,/,drone2,14,1,"container2",world,13.151,3.49809,0,0.176491,0,0,0,0.176491,0,0,0,0.38891
130660000000,/,drone2,0,0,"container1",world,11.5491,-5.77021,0,0.0880957,0,0,0,0.0880957,0,0,0,0.203009
130660000000,/,drone2,14,1,"container2",world,13.151,3.49809,0,0.176491,0,0,0,0.176491,0,0,0,0.38891
130700000000,/,drone2,0,0,"container1",world,11.5541,-5.77547,0,0.0882813,0,0,0,0.0882813,0,0,0,0.203357
130700000000,/,drone2,14,1,"container2",world,13.151,3.49809,0,0.176491,0,0,0,0.176491,0,0,0,0.38891
130748000000,/,drone2,0,0,"container1",world,11.5588,-5.77971,0,0.0882388,0,0,0,0.0882388,0,0,0,0.203301
130748000000,/,drone2,14,1,"container2",world,13.151,3.49809,0,0.176491,0,0,0,0.176491,0,0,0,0.38891
130788000000,/,drone2,0,0,"container1",world,11.5648,-5.78448,0,0.0879843,0,0,0,0.0879843,0,0,0,0.202863
130788000000,/,drone2,14,1,"container2",world,13.151,3.49809,0,0.176491,0,0,0,0.176491,0,0,0,0.38891
130840000000,/,drone2,0,0,"container1",world,11.5678,-5.78689,0,0.0878561,0,0,0,0.0878561,0,0,0,0.202642
130840000000,/,drone2,14,1,"container2",world,13.151,3.49809,0,0.176491,0,0,0,0.176491,0,0,0,0.38891
130892000000,/,drone2,0,0,"container1",world,11.5708,-5.78925,0,0.0881397,0,0,0,0.0881397,0,0,0,0.203151
130892000000,/,drone2,14,1,"container2",world,13.151,3.49809,0,0.176491,0,0,0,0.176491,0,0,0,0.38891
130932000000,/,drone2,0,0,"container1",world,11.5722,-5.79042,0,0.0882803,0,0,0,0.0882803,0,0,0,0.203403
130932000000,/,drone2,14,1,"container2",world,13.151,3.49809,0,0.176491,0,0,0,0.176491,0,0,0,0.38891
130992000000,/,drone2,0,0,"container1",world,11.573,-5.791,0,0.0883503,0,0,0,0.0883503,0,0,0,0.203529
130992000000,/,drone2,14,1,"container2",world,13.151,3.49809,0,0.176491,0,0,0,0.176491,0,0,0,0.38891
131012000000,/,drone2,0,0,"container1",world,11.5762,-5.7942,0,0.0882771,0,0,0,0.0882771,0,0,0,0.203393
131012000000,/,drone2,14,1,"container2",world,13.151,3.49809,0,0.176491,0,0,0,0.176491,0,0,0,0.38891
131080000000,/,drone2,0,0,"container1",world,11.5785,-5.79541,0,0.0880079,0,0,0,0.0880079,0,0,0,0.202909
131080000000,/,drone2,14,1,"container2",world,13.151,3.49809,0,0.176491,0,0,0,0.176491,0,0,0,0.38891
131108000000,/,drone2,0,0,"container1",world,11.5796,-5.79602,0,0.0878723,0,0,0,0.0878723,0,0,0,0.202666
131108000000,/,drone2,14,1,"container2",world,13.151,3.49809,0,0.176491,0,0,0,0.176491,0,0,0,0.38891
131176000000,/,drone2,0,0,"container1",world,11.5802,-5.79633,0,0.0878041,0,0,0,0.0878041,0,0,0,0.202543
131176000000,/,drone2,14,1,"container2",world,13.151,3.49809,0,0.176491,0,0,0,0.176491,0,0,0,0.38891
131200000000,/,drone2,0,0,"container1",world,11.5805,-5.79648,0,0.08777,0,0,0,0.08777,0,0,0,0.202482
131200000000,/,drone2,14,1,"container2",world,13.151,3.49809,0,0.176491,0,0,0,0.176491,0,0,0,0.38891
131260000000,/,drone2,0,0,"container1",world,11.5806,-5.79656,0,0.0877529,0,0,0,0.0877529,0,0,0,0.202451
131260000000,/,drone2,14,1,"container2",world,13.151,3.49809,0,0.176491,0,0,0,0.176491,0,0,0,0.38891
131304000000,/,drone2,0,0,"container1",world,11.5807,-5.7966,0,0.0877444,0,0,0,0.0877444,0,0,0,0.202436
131304000000,/,drone2,14,1,"container2",world,13.151,3.49809,0,0.176491,0,0,0,0.176491,0,0,0,0.38891
131364000000,/,drone2,0,0,"container1",world,11.5883,-5.79128,0,0.0877077,0,0,0,0.0877077,0,0,0,0.202365
131364000000,/,drone2,14,1,"container2",world,13.151,3.49809,0,0.176491,0,0,0,0.176491,0,0,0,0.38891
131400000000,/,drone2,0,0,"container1",world,11.5939,-5.78624,0,0.0879492,0,0,0,0.0879492,0,0,0,0.202775
131400000000,/,drone2,14,1,"container2",world,13.151,3.49809,0,0.176491,0,0,0,0.176491,0,0,0,0.38891
131464000000,/,drone2,0,0,"container1",world,11.5972,-5.7826,0,0.0879472,0,0,0,0.0879472,0,0,0,0.202761
131464000000,/,drone2,14,1,"container2",world,13.151,3.49809,0,0.176491,0,0,0,0.176491,0,0,0,0.38891
131500000000,/,drone2,0,0,"container1",world,11.5985,-5.77825,0,0.088184,0,0,0,0.088184,0,0,0,0.203171
131500000000,/,drone2,14,1,"container2",world,13.151,3.49809,0,0.176491,0,0,0,0.176491,0,0,0,0.38891
131552000000,/,drone2,0,0,"container1",world,11.5984,-5.77459,0,0.0881688,0,0,0,0.0881688,0,0,0,0.203143
131552000000,/,drone2,14,1,"container2",world,13.151,3.49809,0,0.176491,0,0,0,0.176491,0,0,0,0.38891
131600000000,/,drone2,0,0,"container1",world,11.5962,-5.76936,0,0.0879317,0,0,0,0.0879317,0,0,0,0.202717
131600000000,/,drone2,14,1,"container2",world,13.151,3.49809,0,0.176491,0,0,0,0.176491,0,0,0,0.38891
131640000000,/,drone2,0,0,"container1",world,11.5936,-5.76493,0,0.088161,0,0,0,0.088161,0,0,0,0.203119
131640000000,/,drone2,14,1,"container2",world,13.151,3.49809,0,0.176491,0,0,0,0.176491,0,0,0,0.38891
131680000000,/,drone2,0,0,"container1",world,11.5889,-5.75924,0,0.0880235,0,0,0,0.0880235,0,0,0,0.202876
131680000000,/,drone2,14,1,"container2",world,13.1177,3.54814,0,0.422173,0,0,0,0.422173,0,0,0,1.08819
131740000000,/,drone2,0,0,"container1",world,11.5866,-5.75639,0,0.0879545,0,0,0,0.0879545,0,0,0,0.202754
131740000000,/,drone2,14,1,"container2",world,13.1154,3.55157,0,0.439024,0,0,0,0.439024,0,0,0,1.14495
131780000000,/,drone2,0,0,"container1",world,11.5826,-5.75144,0,0.0877137,0,0,0,0.0877137,0,0,0,0.202313
131780000000,/,drone2,14,1,"container2",world,13.1141,3.55156,0,0.390467,0,0,0,0.390467,0,0,0,1.03501
131816000000,/,drone2,0,0,"container1",world,11.5794,-5.74699,0,0.087951,0,0,0,0.087951,0,0,0,0.202722
131816000000,/,drone2,14,1,"container2",world,13.1133,3.55144,0,0.348465,0,0,0,0.348465,0,0,0,0.935682
131872000000,/,drone2,0,0,"container1",world,11.5751,-5.74121,0,0.087837,0,0,0,0.087837,0,0,0,0.20251
131872000000,/,drone2,14,1,"container2",world,13.1124,3.55143,0,0.315049,0,0,0,0.315049,0,0,0,0.853115
131904000000,/,drone2,0,0,"container1",world,11.5714,-5.73631,0,0.088129,0,0,0,0.088129,0,0,0,0.203023
131904000000,/,drone2,14,1,"container2",world,13.1114,3.55142,0,0.2851,0,0,0,0.2851,0,0,0,0.776859
131968000000,/,drone2,0,0,"container1",world,11.5669,-5.73026,0,0.0880204,0,0,0,0.0880204,0,0,0,0.202834
131968000000,/,drone2,14,1,"container2",world,13.1102,3.55151,0,0.259835,0,0,0,0.259835,0,0,0,0.709874
132012000000,/,drone2,0,0,"container1",world,11.5629,-5.72546,0,0.0878567,0,0,0,0.0878567,0,0,0,0.202542
132012000000,/,drone2,14,1,"container2",world,13.109,3.55174,0,0.236343,0,0,0,0.236343,0,0,0,0.646177
132068000000,/,drone2,0,0,"container1",world,11.5563,-5.71989,0,0.0879912,0,0,0,0.0879912,0,0,0,0.202785
132068000000,/,drone2,14,1,"container2",world,13.1072,3.55204,0,0.21525,0,0,0,0.21525,0,0,0,0.586298
132112000000,/,drone2,0,0,"container1",world,11.5503,-5.71597,0,0.0879383,0,0,0,0.0879383,0,0,0,0.202693
132112000000,/,drone2,14,1,"container2",world,13.1049,3.55236,0,0.195221,0,0,0,0.195221,0,0,0,0.528585
132168000000,/,drone2,0,0,"container1",world,11.5443,-5.71301,0,0.0878033,0,0,0,0.0878033,0,0,0,0.202451
132168000000,/,drone2,14,1,"container2",world,13.102,3.55261,0,0.176283,0,0,0,0.176283,0,0,0,0.473311
132200000000,/,drone2,0,0,"container1",world,11.5353,-5.70946,0,0.0879955,0,0,0,0.0879955,0,0,0,0.202778
132200000000,/,drone2,14,1,"container2",world,13.0975,3.55282,0,0.158888,0,0,0,0.158888,0,0,0,0.420261
132260000000,/,drone2,0,0,"container1",world,11.5277,-5.70682,0,0.0879695,0,0,0,0.0879695,0,0,0,0.202726
132260000000,/,drone2,14,1,"container2",world,13.0924,3.55301,0,0.142886,0,0,0,0.142886,0,0,0,0.371524
132296000000,/,drone2,0,0,"container1",world,11.516,-5.70298,0,0.0881947,0,0,0,0.0881947,0,0,0,0.203121
132296000000,/,drone2,14,1,"container2",world,13.085,3.55284,0,0.128931,0,0,0,0.128931,0,0,0,0.327394
132352000000,/,drone2,0,0,"container1",world,11.506,-5.69972,0,0.0881738,0,0,0,0.0881738,0,0,0,0.203088
132352000000,/,drone2,14,1,"container2",world,13.0787,3.55269,0,0.11724,0,0,0,0.11724,0,0,0,0.29198
132400000000,/,drone2,0,0,"container1",world,11.4934,-5.69514,0,0.0879341,0,0,0,0.0879341,0,0,0,0.202663
132400000000,/,drone2,14,1,"container2",world,13.074,3.55257,0,0.108329,0,0,0,0.108329,0,0,0,0.26589
132452000000,/,drone2,0,0,"container1",world,11.4828,-5.69103,0,0.0881622,0,0,0,0.0881622,0,0,0,0.203068
132452000000,/,drone2,14,1,"container2",world,13.0708,3.5525,0,0.102223,0,0,0,0.102223,0,0,0,0.248442
132496000000,/,drone2,0,0,"container1",world,11.469,-5.68573,0,0.0880242,0,0,0,0.0880242,0,0,0,0.202831
132496000000,/,drone2,14,1,"container2",world,13.0687,3.55245,0,0.0984442,0,0,0,0.0984442,0,0,0,0.237815
132520000000,/,drone2,0,0,"container1",world,11.4582,-5.68167,0,0.0878465,0,0,0,0.0878465,0,0,0,0.202516
132520000000,/,drone2,14,1,"container2",world,13.0676,3.55242,0,0.0962907,0,0,0,0.0962907,0,0,0,0.231816
132588000000,/,drone2,0,0,"container1",world,11.4484,-5.67825,0,0.0881073,0,0,0,0.0881073,0,0,0,0.202978
132588000000,/,drone2,14,1,"container2",world,13.067,3.55241,0,0.0951309,0,0,0,0.0951309,0,0,0,0.228602
132600000000,/,drone2,0,0,"container1",world,11.4395,-5.67535,0,0.0881056,0,0,0,0.0881056,0,0,0,0.20298
132600000000,/,drone2,14,1,"container2",world,13.0667,3.5524,0,0.0945274,0,0,0,0.0945274,0,0,0,0.226935
132680000000,/,drone2,0,0,"container1",world,11.4283,-5.67171,0,0.0878787,0,0,0,0.0878787,0,0,0,0.202577
132680000000,/,drone2,14,1,"container2",world,13.0665,3.55239,0,0.0942193,0,0,0,0.0942193,0,0,0,0.226085
132700000000,/,drone2,0,0,"container1",world,11.4199,-5.66898,0,0.0876675,0,0,0,0.0876675,0,0,0,0.202194
132700000000,/,drone2,14,1,"container2",world,13.0664,3.55239,0,0.0940636,0,0,0,0.0940636,0,0,0,0.225655
132760000000,/,drone2,0,0,"container1",world,11.4128,-5.66664,0,0.0877992,0,0,0,0.0877992,0,0,0,0.20242
132760000000,/,drone2,14,1,"container2",world,13.0664,3.55239,0,0.0939854,0,0,0,0.0939854,0,0,0,0.22544
132800000000,/,drone2,0,0,"container1",world,11.4086,-5.66534,0,0.0877549,0,0,0,0.0877549,0,0,0,0.202335
132800000000,/,drone2,14,1,"container2",world,13.0664,3.55239,0,0.0939461,0,0,0,0.0939461,0,0,0,0.225332
132864000000,/,drone2,0,0,"container1",world,11.4063,-5.66473,0,0.0879499,0,0,0,0.0879499,0,0,0,0.202685
132864000000,/,drone2,14,1,"container2",world,13.0663,3.55239,0,0.0939265,0,0,0,0.0939265,0,0,0,0.225278
132900000000,/,drone2,0,0,"container1",world,11.4054,-5.66447,0,0.0879264,0,0,0,0.0879264,0,0,0,0.202647
132900000000,/,drone2,14,1,"container2",world,13.0663,3.55239,0,0.0939167,0,0,0,0.0939167,0,0,0,0.22525
132960000000,/,drone2,0,0,"container1",world,11.4047,-5.6644,0,0.0881551,0,0,0,0.0881551,0,0,0,0.203052
132960000000,/,drone2,14,1,"container2",world,13.0663,3.55239,0,0.0939118,0,0,0,0.0939118,0,0,0,0.225237
133000000000,/,drone2,0,0,"container1",world,11.405,-5.66454,0,0.0881372,0,0,0,0.0881372,0,0,0,0.203026
133000000000,/,drone2,14,1,"container2",world,13.0663,3.55239,0,0.0939093,0,0,0,0.0939093,0,0,0,0.22523
133060000000,/,drone2,0,0,"container1",world,11.4059,-5.66484,0,0.0880091,0,0,0,0.0880091,0,0,0,0.202803
133060000000,/,drone2,14,1,"container2",world,13.0663,3.55239,0,0.0939081,0,0,0,0.0939081,0,0,0,0.225227
133100000000,/,drone2,0,0,"container1",world,11.408,-5.66554,0,0.0877396,0,0,0,0.0877396,0,0,0,0.202316
133100000000,/,drone2,14,1,"container2",world,13.0663,3.55239,0,0.0939075,0,0,0,0.0939075,0,0,0,0.225225
133156000000,/,drone2,0,0,"container1",world,11.4096,-5.66608,0,0.0879624,0,0,0,0.0879624,0,0,0,0.202702
133156000000,/,drone2,14,1,"container2",world,13.0663,3.55239,0,0.0939071,0,0,0,0.0939071,0,0,0,0.225224
133200000000,/,drone2,0,0,"container1",world,11.412,-5.66708,0,0.0878417,0,0,0,0.0878417,0,0,0,0.202484
133200000000,/,drone2,14,1,"container2",world,13.0239,3.53648,0,0.296407,0,0,0,0.296407,0,0,0,0.629096
133256000000,/,drone2,0,0,"container1",world,11.4137,-5.66798,0,0.0881305,0,0,0,0.0881305,0,0,0,0.202995
133256000000,/,drone2,14,1,"container2",world,13.0209,3.53312,0,0.277416,0,0,0,0.277416,0,0,0,0.604124
133300000000,/,drone2,0,0,"container1",world,11.4153,-5.66916,0,0.0880206,0,0,0,0.0880206,0,0,0,0.202809
133300000000,/,drone2,14,1,"container2",world,13.018,3.52932,0,0.246497,0,0,0,0.246497,0,0,0,0.556355
133356000000,/,drone2,0,0,"container1",world,11.4155,-5.66999,0,0.0878564,0,0,0,0.0878564,0,0,0,0.202519
133356000000,/,drone2,14,1,"container2",world,13.0155,3.52577,0,0.219267,0,0,0,0.219267,0,0,0,0.510739
133392000000,/,drone2,0,0,"container1",world,11.4127,-5.67041,0,0.0879908,0,0,0,0.0879908,0,0,0,0.202765
133392000000,/,drone2,14,1,"container2",world,13.0129,3.52199,0,0.194524,0,0,0,0.194524,0,0,0,0.465731
133424000000,/,drone2,0,0,"container1",world,11.4094,-5.6704,0,0.0879379,0,0,0,0.0879379,0,0,0,0.202677
133424000000,/,drone2,14,1,"container2",world,13.0105,3.51845,0,0.173247,0,0,0,0.173247,0,0,0,0.424486
133488000000,/,drone2,0,0,"container1",world,11.4051,-5.6696,0,0.0877053,0,0,0,0.0877053,0,0,0,0.202256
133488000000,/,drone2,14,1,"container2",world,13.0076,3.51486,0,0.154512,0,0,0,0.154512,0,0,0,0.385478
133528000000,/,drone2,0,0,"container1",world,11.4029,-5.6692,0,0.0875881,0,0,0,0.0875881,0,0,0,0.202044
133528000000,/,drone2,14,1,"container2",world,13.0053,3.51201,0,0.139661,0,0,0,0.139661,0,0,0,0.353532
133588000000,/,drone2,0,0,"container1",world,11.3986,-5.66813,0,0.0877664,0,0,0,0.0877664,0,0,0,0.202357
133588000000,/,drone2,14,1,"container2",world,13.0025,3.50908,0,0.126862,0,0,0,0.126862,0,0,0,0.323894
133604000000,/,drone2,0,0,"container1",world,11.3951,-5.66698,0,0.0877445,0,0,0,0.0877445,0,0,0,0.202314
133604000000,/,drone2,14,1,"container2",world,13,3.50662,0,0.11677,0,0,0,0.11677,0,0,0,0.299556
133684000000,/,drone2,0,0,"container1",world,11.3894,-5.66459,0,0.0878281,0,0,0,0.0878281,0,0,0,0.20247
133684000000,/,drone2,14,1,"container2",world,12.997,3.50425,0,0.108018,0,0,0,0.108018,0,0,0,0.276096
133704000000,/,drone2,0,0,"container1",world,11.3866,-5.66339,0,0.0878698,0,0,0,0.0878698,0,0,0,0.202548
133704000000,/,drone2,14,1,"container2",world,12.9949,3.50268,0,0.102192,0,0,0,0.102192,0,0,0,0.260573
133760000000,/,drone2,0,0,"container1",world,11.3852,-5.6628,0,0.0878906,0,0,0,0.0878906,0,0,0,0.202587
133760000000,/,drone2,14,1,"container2",world,12.9937,3.50173,0,0.0986713,0,0,0,0.0986713,0,0,0,0.251228
133808000000,/,drone2,0,0,"container1",world,11.3845,-5.6625,0,0.087901,0,0,0,0.087901,0,0,0,0.202607
133808000000,/,drone2,14,1,"container2",world,12.993,3.50119,0,0.0966977,0,0,0,0.0966977,0,0,0,0.246002
133860000000,/,drone2,0,0,"container1",world,11.3822,-5.65518,0,0.090581,0,0,0,0.090581,0,0,0,0.207856
133860000000,/,drone2,14,1,"container2",world,12.9902,3.49806,0,0.0932427,0,0,0,0.0932427,0,0,0,0.232581
133900000000,/,drone2,0,0,"container1",world,11.3812,-5.65181,0,0.0918176,0,0,0,0.0918176,0,0,0,0.210263
133900000000,/,drone2,14,1,"container2",world,12.9886,3.49624,0,0.0912367,0,0,0,0.0912367,0,0,0,0.225027
133972000000,/,drone2,0,0,"container1",world,11.3807,-5.65018,0,0.0924135,0,0,0,0.0924135,0,0,0,0.211419
133972000000,/,drone2,14,1,"container2",world,12.9877,3.49525,0,0.0901441,0,0,0,0.0901441,0,0,0,0.220983
134000000000,/,drone2,0,0,"container1",world,11.3804,-5.64938,0,0.0927062,0,0,0,0.0927062,0,0,0,0.211986
134000000000,/,drone2,14,1,"container2",world,12.9872,3.49473,0,0.0895719,0,0,0,0.0895719,0,0,0,0.218885
134080000000,/,drone2,0,0,"container1",world,11.3803,-5.64898,0,0.0928513,0,0,0,0.0928513,0,0,0,0.212267
134080000000,/,drone2,14,1,"container2",world,12.987,3.49446,0,0.0892788,0,0,0,0.0892788,0,0,0,0.217815
134100000000,/,drone2,0,0,"container1",world,11.3803,-5.64879,0,0.0929236,0,0,0,0.0929236,0,0,0,0.212407
134100000000,/,drone2,14,1,"container2",world,12.9868,3.49433,0,0.0891305,0,0,0,0.0891305,0,0,0,0.217275
134160000000,/,drone2,0,0,"container1",world,11.3802,-5.64869,0,0.0929596,0,0,0,0.0929596,0,0,0,0.212476
134160000000,/,drone2,14,1,"container2",world,12.9868,3.49426,0,0.0890558,0,0,0,0.0890558,0,0,0,0.217004
134200000000,/,drone2,0,0,"container1",world,11.3752,-5.6302,0,0.0911931,0,0,0,0.0911931,0,0,0,0.209721
134200000000,/,drone2,14,1,"container2",world,12.9772,3.48847,0,0.0890598,0,0,0,0.0890598,0,0,0,0.211543
134260000000,/,drone2,0,0,"container1",world,11.3709,-5.61799,0,0.0900567,0,0,0,0.0900567,0,0,0,0.207864
134260000000,/,drone2,14,1,"container2",world,12.9712,3.48447,0,0.0889859,0,0,0,0.0889859,0,0,0,0.208464
134300000000,/,drone2,0,0,"container1",world,11.3702,-5.60889,0,0.0895493,0,0,0,0.0895493,0,0,0,0.206967
134300000000,/,drone2,14,1,"container2",world,12.9662,3.48026,0,0.0892781,0,0,0,0.0892781,0,0,0,0.207167
134360000000,/,drone2,0,0,"container1",world,11.3711,-5.60335,0,0.0891006,0,0,0,0.0891006,0,0,0,0.206137
134360000000,/,drone2,14,1,"container2",world,12.9628,3.47726,0,0.0893226,0,0,0,0.0893226,0,0,0,0.206252
134400000000,/,drone2,0,0,"container1",world,11.3722,-5.59943,0,0.0889925,0,0,0,0.0889925,0,0,0,0.205842
134400000000,/,drone2,14,1,"container2",world,12.9592,3.47396,0,0.089623,0,0,0,0.089623,0,0,0,0.20617
134456000000,/,drone2,0,0,"container1",world,11.3735,-5.59786,0,0.0887612,0,0,0,0.0887612,0,0,0,0.205343
134456000000,/,drone2,14,1,"container2",world,12.9565,3.47184,0,0.0896417,0,0,0,0.0896417,0,0,0,0.205891
134500000000,/,drone2,0,0,"container1",world,11.3775,-5.59862,0,0.0883469,0,0,0,0.0883469,0,0,0,0.204474
134500000000,/,drone2,14,1,"container2",world,12.9537,3.4699,0,0.089412,0,0,0,0.089412,0,0,0,0.205352
134536000000,/,drone2,0,0,"container1",world,11.3813,-5.59996,0,0.0884564,0,0,0,0.0884564,0,0,0,0.204557
134536000000,/,drone2,14,1,"container2",world,12.9515,3.46844,0,0.0896475,0,0,0,0.0896475,0,0,0,0.205735
134580000000,/,drone2,0,0,"container1",world,11.3842,-5.6018,0,0.0883578,0,0,0,0.0883578,0,0,0,0.20429
134580000000,/,drone2,14,1,"container2",world,12.9498,3.46728,0,0.089615,0,0,0,0.089615,0,0,0,0.205711
134608000000,/,drone2,0,0,"container1",world,11.3867,-5.60403,0,0.0881715,0,0,0,0.0881715,0,0,0,0.203873
134608000000,/,drone2,14,1,"container2",world,12.9478,3.46617,0,0.0894587,0,0,0,0.0894587,0,0,0,0.205504
134676000000,/,drone2,0,0,"container1",world,11.3889,-5.60639,0,0.0879557,0,0,0,0.0879557,0,0,0,0.203404
134676000000,/,drone2,14,1,"container2",world,12.9457,3.46508,0,0.0892489,0,0,0,0.0892489,0,0,0,0.20522
134708000000,/,drone2,0,0,"container1",world,11.3899,-5.60758,0,0.087847,0,0,0,0.087847,0,0,0,0.203168
134708000000,/,drone2,14,1,"container2",world,12.9447,3.46452,0,0.0891433,0,0,0,0.0891433,0,0,0,0.205077
134776000000,/,drone2,0,0,"container1",world,11.3905,-5.60817,0,0.0877924,0,0,0,0.0877924,0,0,0,0.20305
134776000000,/,drone2,14,1,"container2",world,12.9442,3.46425,0,0.0890904,0,0,0,0.0890904,0,0,0,0.205005
134808000000,/,drone2,0,0,"container1",world,11.3908,-5.60847,0,0.0877651,0,0,0,0.0877651,0,0,0,0.20299
134808000000,/,drone2,14,1,"container2",world,12.9439,3.46411,0,0.0890639,0,0,0,0.0890639,0,0,0,0.204969
134856000000,/,drone2,0,0,"container1",world,11.3909,-5.60862,0,0.0877515,0,0,0,0.0877515,0,0,0,0.20296
134856000000,/,drone2,14,1,"container2",world,12.9438,3.46404,0,0.0890507,0,0,0,0.0890507,0,0,0,0.204951
134904000000,/,drone2,0,0,"container1",world,11.3867,-5.6173,0,0.0877219,0,0,0,0.0877219,0,0,0,0.202667
134904000000,/,drone2,14,1,"container2",world,12.934,3.45693,0,0.0888261,0,0,0,0.0888261,0,0,0,0.20502
134972000000,/,drone2,0,0,"container1",world,11.3836,-5.62309,0,0.0879263,0,0,0,0.0879263,0,0,0,0.202881
134972000000,/,drone2,14,1,"container2",world,12.9258,3.45103,0,0.0888701,0,0,0,0.0888701,0,0,0,0.205429
135004000000,/,drone2,0,0,"container1",world,11.3815,-5.62644,0,0.0879094,0,0,0,0.0879094,0,0,0,0.202764
135004000000,/,drone2,14,1,"container2",world,12.92,3.44689,0,0.0887411,0,0,0,0.0887411,0,0,0,0.205397
135072000000,/,drone2,0,0,"container1",world,11.3799,-5.62846,0,0.0877939,0,0,0,0.0877939,0,0,0,0.202501
135072000000,/,drone2,14,1,"container2",world,12.9155,3.44346,0,0.0885385,0,0,0,0.0885385,0,0,0,0.205158
135100000000,/,drone2,0,0,"container1",world,11.3784,-5.63023,0,0.0879996,0,0,0,0.0879996,0,0,0,0.202806
135100000000,/,drone2,14,1,"container2",world,12.9099,3.43881,0,0.0886435,0,0,0,0.0886435,0,0,0,0.20544
135172000000,/,drone2,0,0,"container1",world,11.3782,-5.63221,0,0.0878731,0,0,0,0.0878731,0,0,0,0.202542
135172000000,/,drone2,14,1,"container2",world,12.904,3.43405,0,0.0884144,0,0,0,0.0884144,0,0,0,0.205094
135200000000,/,drone2,0,0,"container1",world,11.3784,-5.63388,0,0.0881604,0,0,0,0.0881604,0,0,0,0.203027
135200000000,/,drone2,14,1,"container2",world,12.899,3.43015,0,0.0886262,0,0,0,0.0886262,0,0,0,0.205512
135260000000,/,drone2,0,0,"container1",world,11.3787,-5.63533,0,0.0881711,0,0,0,0.0881711,0,0,0,0.203039
135260000000,/,drone2,14,1,"container2",world,12.8948,3.42735,0,0.0885771,0,0,0,0.0885771,0,0,0,0.205447
135300000000,/,drone2,0,0,"container1",world,11.3768,-5.63676,0,0.0879486,0,0,0,0.0879486,0,0,0,0.202639
135300000000,/,drone2,14,1,"container2",world,12.8895,3.42458,0,0.0882854,0,0,0,0.0882854,0,0,0,0.204918
135360000000,/,drone2,0,0,"container1",world,11.3752,-5.63799,0,0.0881866,0,0,0,0.0881866,0,0,0,0.203058
135360000000,/,drone2,14,1,"container2",world,12.8853,3.42264,0,0.0884705,0,0,0,0.0884705,0,0,0,0.205235
135400000000,/,drone2,0,0,"container1",world,11.3724,-5.63917,0,0.0880538,0,0,0,0.0880538,0,0,0,0.202831
135400000000,/,drone2,14,1,"container2",world,12.8809,3.42062,0,0.0882819,0,0,0,0.0882819,0,0,0,0.204861
135448000000,/,drone2,0,0,"container1",world,11.3677,-5.6391,0,0.0878789,0,0,0,0.0878789,0,0,0,0.202524
135448000000,/,drone2,14,1,"container2",world,12.8776,3.4189,0,0.0880661,0,0,0,0.0880661,0,0,0,0.204431
135500000000,/,drone2,0,0,"container1",world,11.3573,-5.63741,0,0.0880507,0,0,0,0.0880507,0,0,0,0.202823
135500000000,/,drone2,14,1,"container2",world,12.8736,3.41645,0,0.0881951,0,0,0,0.0881951,0,0,0,0.20458
135552000000,/,drone2,0,0,"container1",world,11.3483,-5.63609,0,0.0880143,0,0,0,0.0880143,0,0,0,0.202761
135552000000,/,drone2,14,1,"container2",world,12.8707,3.41459,0,0.0881286,0,0,0,0.0881286,0,0,0,0.204396
135588000000,/,drone2,0,0,"container1",world,11.3369,-5.63506,0,0.0882334,0,0,0,0.0882334,0,0,0,0.203156
135588000000,/,drone2,14,1,"container2",world,12.8672,3.41242,0,0.0883173,0,0,0,0.0883173,0,0,0,0.204643
135632000000,/,drone2,0,0,"container1",world,11.3272,-5.63433,0,0.0882089,0,0,0,0.0882089,0,0,0,0.203125
135632000000,/,drone2,14,1,"container2",world,12.8646,3.41072,0,0.0882721,0,0,0,0.0882721,0,0,0,0.204495
135676000000,/,drone2,0,0,"container1",world,11.3144,-5.63337,0,0.0879659,0,0,0,0.0879659,0,0,0,0.202705
135676000000,/,drone2,14,1,"container2",world,12.8612,3.40898,0,0.0880098,0,0,0,0.0880098,0,0,0,0.203934
135732000000,/,drone2,0,0,"container1",world,11.3079,-5.63288,0,0.0878435,0,0,0,0.0878435,0,0,0,0.202494
135732000000,/,drone2,14,1,"container2",world,12.8595,3.4081,0,0.0878774,0,0,0,0.0878774,0,0,0,0.20365
135780000000,/,drone2,0,0,"container1",world,11.2974,-5.63195,0,0.0879976,0,0,0,0.0879976,0,0,0,0.202782
135780000000,/,drone2,14,1,"container2",world,12.8564,3.40667,0,0.0880196,0,0,0,0.0880196,0,0,0,0.203828
135808000000,/,drone2,0,0,"container1",world,11.2883,-5.63075,0,0.0879535,0,0,0,0.0879535,0,0,0,0.202715
135808000000,/,drone2,14,1,"container2",world,12.8543,3.40567,0,0.0879674,0,0,0,0.0879674,0,0,0,0.20367
135884000000,/,drone2,0,0,"container1",world,11.2838,-5.63016,0,0.0879314,0,0,0,0.0879314,0,0,0,0.202681
135884000000,/,drone2,14,1,"container2",world,12.8532,3.40517,0,0.0879412,0,0,0,0.0879412,0,0,0,0.203591
135920000000,/,drone2,0,0,"container1",world,11.2816,-5.62986,0,0.0879204,0,0,0,0.0879204,0,0,0,0.202665
135920000000,/,drone2,14,1,"container2",world,12.8527,3.40492,0,0.0879281,0,0,0,0.0879281,0,0,0,0.203552
135976000000,/,drone2,0,0,"container1",world,11.2768,-5.62936,0,0.0878055,0,0,0,0.0878055,0,0,0,0.202461
135976000000,/,drone2,14,1,"container2",world,12.8517,3.40448,0,0.0878102,0,0,0,0.0878102,0,0,0,0.203302
136016000000,/,drone2,0,0,"container1",world,11.2615,-5.62649,0,0.100526,0,0,0,0.100526,0,0,0,0.226044
136016000000,/,drone2,14,1,"container2",world,12.8481,3.40317,0,0.0946272,0,0,0,0.0946272,0,0,0,0.216208
136076000000,/,drone2,0,0,"container1",world,11.2521,-5.6231,0,0.102725,0,0,0,0.102725,0,0,0,0.231038
136076000000,/,drone2,14,1,"container2",world,12.8473,3.40328,0,0.0962606,0,0,0,0.0962606,0,0,0,0.219771
136100000000,/,drone2,0,0,"container1",world,11.2477,-5.62152,0,0.103757,0,0,0,0.103757,0,0,0,0.233383
136100000000,/,drone2,14,1,"container2",world,12.8469,3.40334,0,0.0970383,0,0,0,0.0970383,0,0,0,0.221466
136168000000,/,drone2,0,0,"container1",world,11.2456,-5.62075,0,0.104258,0,0,0,0.104258,0,0,0,0.234521
136168000000,/,drone2,14,1,"container2",world,12.8467,3.40337,0,0.0974182,0,0,0,0.0974182,0,0,0,0.222293
136200000000,/,drone2,0,0,"container1",world,11.2445,-5.62037,0,0.104505,0,0,0,0.104505,0,0,0,0.235082
136200000000,/,drone2,14,1,"container2",world,12.8466,3.40338,0,0.097606,0,0,0,0.097606,0,0,0,0.222702
136272000000,/,drone2,0,0,"container1",world,11.244,-5.62018,0,0.104627,0,0,0,0.104627,0,0,0,0.235361
136272000000,/,drone2,14,1,"container2",world,12.8466,3.40339,0,0.0976994,0,0,0,0.0976994,0,0,0,0.222905
136300000000,/,drone2,0,0,"container1",world,11.241,-5.61329,0,0.107984,0,0,0,0.107984,0,0,0,0.243164
136300000000,/,drone2,14,1,"container2",world,12.852,3.40714,0,0.0949253,0,0,0,0.0949253,0,0,0,0.218406
136360000000,/,drone2,0,0,"container1",world,11.2409,-5.60867,0,0.106421,0,0,0,0.106421,0,0,0,0.24183
136360000000,/,drone2,14,1,"container2",world,12.8571,3.41037,0,0.092741,0,0,0,0.092741,0,0,0,0.214634
136400000000,/,drone2,0,0,"container1",world,11.2426,-5.6057,0,0.104412,0,0,0,0.104412,0,0,0,0.239138
136400000000,/,drone2,14,1,"container2",world,12.861,3.41279,0,0.0912859,0,0,0,0.0912859,0,0,0,0.212015
136456000000,/,drone2,0,0,"container1",world,11.2478,-5.60355,0,0.101808,0,0,0,0.101808,0,0,0,0.235054
136456000000,/,drone2,14,1,"container2",world,12.8645,3.4156,0,0.0904226,0,0,0,0.0904226,0,0,0,0.2103
136500000000,/,drone2,0,0,"container1",world,11.2535,-5.60228,0,0.0995757,0,0,0,0.0995757,0,0,0,0.231311
136500000000,/,drone2,14,1,"container2",world,12.8671,3.4179,0,0.0897363,0,0,0,0.0897363,0,0,0,0.208894
136556000000,/,drone2,0,0,"container1",world,11.2608,-5.60194,0,0.0980756,0,0,0,0.0980756,0,0,0,0.228676
136556000000,/,drone2,14,1,"container2",world,12.8689,3.42011,0,0.08961,0,0,0,0.08961,0,0,0,0.208482
136592000000,/,drone2,0,0,"container1",world,11.2732,-5.6027,0,0.0959812,0,0,0,0.0959812,0,0,0,0.224711
136592000000,/,drone2,14,1,"container2",world,12.8707,3.42352,0,0.089111,0,0,0,0.089111,0,0,0,0.207318
136648000000,/,drone2,0,0,"container1",world,11.2827,-5.60358,0,0.0943319,0,0,0,0.0943319,0,0,0,0.22147
136648000000,/,drone2,14,1,"container2",world,12.8721,3.4263,0,0.088678,0,0,0,0.088678,0,0,0,0.206309
136688000000,/,drone2,14,1,"container2",world,12.8731,3.42948,0,0.0885621,0,0,0,0.0885621,0,0,0,0.2058
136736000000,/,drone2,14,1,"container2",world,12.8735,3.43188,0,0.0883447,0,0,0,0.0883447,0,0,0,0.205175
136788000000,/,drone2,14,1,"container2",world,12.8733,3.43465,0,0.0879729,0,0,0,0.0879729,0,0,0,0.204218
136816000000,/,drone2,14,1,"container2",world,12.8732,3.43605,0,0.0877844,0,0,0,0.0877844,0,0,0,0.203734
136880000000,/,drone2,14,1,"container2",world,12.8722,3.43886,0,0.0877693,0,0,0,0.0877693,0,0,0,0.203412
136900000000,/,drone2,14,1,"container2",world,12.8718,3.44027,0,0.0877617,0,0,0,0.0877617,0,0,0,0.203251
136968000000,/,drone2,14,1,"container2",world,12.8713,3.44235,0,0.0879617,0,0,0,0.0879617,0,0,0,0.203422
137000000000,/,drone2,14,1,"container2",world,12.8709,3.44445,0,0.0878286,0,0,0,0.0878286,0,0,0,0.202998
137052000000,/,drone2,14,1,"container2",world,12.8705,3.44587,0,0.0881122,0,0,0,0.0881122,0,0,0,0.203365
137100000000,/,drone2,14,1,"container2",world,12.8691,3.44728,0,0.088006,0,0,0,0.088006,0,0,0,0.203052
137152000000,/,drone2,14,1,"container2",world,12.8677,3.44823,0,0.0878473,0,0,0,0.0878473,0,0,0,0.202678
137152000000,/,drone1,24,0,"container1",world,11.1063,-4.75792,0,0.681568,0,0,0,0.681568,0,0,0,1.27247
137200000000,/,drone2,14,1,"container2",world,12.8651,3.44882,0,0.0880345,0,0,0,0.0880345,0,0,0,0.20291
137200000000,/,drone1,24,0,"container1",world,11.1071,-4.76978,0,0.594695,0,0,0,0.594695,0,0,0,1.16505
137244000000,/,drone2,14,1,"container2",world,12.8629,3.44911,0,0.0880093,0,0,0,0.0880093,0,0,0,0.202804
137244000000,/,drone1,24,0,"container1",world,11.1091,-4.78389,0,0.522629,0,0,0,0.522629,0,0,0,1.06629
137296000000,/,drone2,14,1,"container2",world,12.8602,3.45001,0,0.0882412,0,0,0,0.0882412,0,0,0,0.203161
137296000000,/,drone1,24,0,"container1",world,11.1132,-4.80269,0,0.467057,0,0,0,0.467057,0,0,0,0.981394
137324000000,/,drone2,14,1,"container2",world,12.8589,3.45046,0,0.0883565,0,0,0,0.0883565,0,0,0,0.203339
137324000000,/,drone1,24,0,"container1",world,11.1173,-4.82132,0,0.410957,0,0,0,0.410957,0,0,0,0.890436
137380000000,/,drone2,14,1,"container2",world,12.8575,3.45138,0,0.0881657,0,0,0,0.0881657,0,0,0,0.202987
137380000000,/,drone1,24,0,"container1",world,11.1238,-4.84467,0,0.362861,0,0,0,0.362861,0,0,0,0.804417
137412000000,/,drone2,14,1,"container2",world,12.8566,3.45213,0,0.0879624,0,0,0,0.0879624,0,0,0,0.202615
137412000000,/,drone1,24,0,"container1",world,11.131,-4.87004,0,0.316661,0,0,0,0.316661,0,0,0,0.716136
137480000000,/,drone2,14,1,"container2",world,12.8553,3.45266,0,0.0880796,0,0,0,0.0880796,0,0,0,0.202825
137480000000,/,drone1,24,0,"container1",world,11.1402,-4.89955,0,0.272887,0,0,0,0.272887,0,0,0,0.624912
137500000000,/,drone2,14,1,"container2",world,12.8545,3.45295,0,0.0880186,0,0,0,0.0880186,0,0,0,0.202721
137500000000,/,drone1,24,0,"container1",world,11.15,-4.92908,0,0.230063,0,0,0,0.230063,0,0,0,0.531529
137580000000,/,drone2,14,1,"container2",world,12.8542,3.45319,0,0.0877819,0,0,0,0.0877819,0,0,0,0.202301
137580000000,/,drone1,24,0,"container1",world,11.1598,-4.95592,0,0.189532,0,0,0,0.189532,0,0,0,0.439691
137600000000,/,drone2,14,1,"container2",world,12.8541,3.4534,0,0.0880218,0,0,0,0.0880218,0,0,0,0.202728
137600000000,/,drone1,24,0,"container1",world,11.1722,-4.97761,0,0.154523,0,0,0,0.154523,0,0,0,0.355371
137680000000,/,drone2,14,1,"container2",world,12.8542,3.45336,0,0.0880184,0,0,0,0.0880184,0,0,0,0.20273
137680000000,/,drone1,24,0,"container1",world,11.1828,-4.98515,0,0.129258,0,0,0,0.129258,0,0,0,0.293865
137700000000,/,drone2,14,1,"container2",world,12.8539,3.45282,0,0.0882535,0,0,0,0.0882535,0,0,0,0.203162
137700000000,/,drone1,24,0,"container1",world,11.1935,-4.98158,0,0.116552,0,0,0,0.116552,0,0,0,0.260401
137764000000,/,drone2,14,1,"container2",world,12.8535,3.45223,0,0.0882362,0,0,0,0.0882362,0,0,0,0.203152
137764000000,/,drone1,24,0,"container1",world,11.2011,-4.97625,0,0.111632,0,0,0,0.111632,0,0,0,0.247272
137800000000,/,drone2,14,1,"container2",world,12.8525,3.4515,0,0.0879954,0,0,0,0.0879954,0,0,0,0.202746
137800000000,/,drone1,24,0,"container1",world,11.2139,-4.97543,0,0.109466,0,0,0,0.109466,0,0,0,0.241762
137856000000,/,drone2,14,1,"container2",world,12.8513,3.451,0,0.0882217,0,0,0,0.0882217,0,0,0,0.203165
137856000000,/,drone1,24,0,"container1",world,11.2214,-4.97518,0,0.109473,0,0,0,0.109473,0,0,0,0.241382
137896000000,/,drone2,14,1,"container2",world,12.8507,3.45088,0,0.0880794,0,0,0,0.0880794,0,0,0,0.202939
137896000000,/,drone1,24,0,"container1",world,11.2294,-4.98062,0,0.108267,0,0,0,0.108267,0,0,0,0.240125
137948000000,/,drone2,14,1,"container2",world,12.8507,3.45125,0,0.087898,0,0,0,0.087898,0,0,0,0.202631
137948000000,/,drone1,24,0,"container1",world,11.2353,-4.98425,0,0.107315,0,0,0,0.107315,0,0,0,0.239309
138000000000,/,drone2,14,1,"container2",world,12.8514,3.45248,0,0.0880635,0,0,0,0.0880635,0,0,0,0.202929
138000000000,/,drone1,24,0,"container1",world,11.2462,-4.98919,0,0.106647,0,0,0,0.106647,0,0,0,0.239821
138040000000,/,drone2,14,1,"container2",world,12.8518,3.45373,0,0.0880227,0,0,0,0.0880227,0,0,0,0.202864
138040000000,/,drone1,24,0,"container1",world,11.2533,-4.99311,0,0.105666,0,0,0,0.105666,0,0,0,0.239307
138092000000,/,drone2,14,1,"container2",world,12.8519,3.45518,0,0.0882374,0,0,0,0.0882374,0,0,0,0.203254
138092000000,/,drone1,24,0,"container1",world,11.2608,-5.00105,0,0.104684,0,0,0,0.104684,0,0,0,0.239454
138140000000,/,drone2,14,1,"container2",world,12.8519,3.4559,0,0.0883441,0,0,0,0.0883441,0,0,0,0.203448
138140000000,/,drone1,24,0,"container1",world,11.2627,-5.00295,0,0.104432,0,0,0,0.104432,0,0,0,0.239502
138172000000,/,drone2,14,1,"container2",world,12.8515,3.45675,0,0.088142,0,0,0,0.088142,0,0,0,0.203104
138172000000,/,drone1,24,0,"container1",world,11.2634,-5.01269,0,0.102629,0,0,0,0.102629,0,0,0,0.237749
138204000000,/,drone2,14,1,"container2",world,12.8512,3.45757,0,0.08793,0,0,0,0.08793,0,0,0,0.202734
138204000000,/,drone1,24,0,"container1",world,11.2635,-5.0202,0,0.101338,0,0,0,0.101338,0,0,0,0.23639
138264000000,/,drone2,14,1,"container2",world,12.8507,3.45881,0,0.0880376,0,0,0,0.0880376,0,0,0,0.202936
138264000000,/,drone1,24,0,"container1",world,11.2634,-5.03266,0,0.100165,0,0,0,0.100165,0,0,0,0.235594
138300000000,/,drone2,14,1,"container2",world,12.8504,3.45966,0,0.0879703,0,0,0,0.0879703,0,0,0,0.202824
138300000000,/,drone1,24,0,"container1",world,11.2642,-5.04131,0,0.0990591,0,0,0,0.0990591,0,0,0,0.234309
138364000000,/,drone2,14,1,"container2",world,12.8506,3.46015,0,0.0878271,0,0,0,0.0878271,0,0,0,0.20257
138364000000,/,drone1,24,0,"container1",world,11.2657,-5.05263,0,0.0973407,0,0,0,0.0973407,0,0,0,0.231888
138400000000,/,drone2,14,1,"container2",world,12.8513,3.46037,0,0.0880135,0,0,0,0.0880135,0,0,0,0.202889
138400000000,/,drone1,24,0,"container1",world,11.2662,-5.05937,0,0.0969322,0,0,0,0.0969322,0,0,0,0.231623
138444000000,/,drone2,14,1,"container2",world,12.8518,3.4604,0,0.0879838,0,0,0,0.0879838,0,0,0,0.202832
138444000000,/,drone1,24,0,"container1",world,11.2858,-5.25404,0,0.0935811,0,0,0,0.0935811,0,0,0,0.221382
138500000000,/,drone2,14,1,"container2",world,12.8525,3.46017,0,0.0882058,0,0,0,0.0882058,0,0,0,0.203221
138500000000,/,drone1,24,0,"container1",world,11.2689,-5.1234,0,0.0947258,0,0,0,0.0947258,0,0,0,0.226985
138536000000,/,drone2,14,1,"container2",world,12.8528,3.45997,0,0.0881828,0,0,0,0.0881828,0,0,0,0.203183
138536000000,/,drone1,24,0,"container1",world,11.2636,-5.09651,0,0.0943453,0,0,0,0.0943453,0,0,0,0.227106
138568000000,/,drone2,14,1,"container2",world,12.853,3.45998,0,0.0880504,0,0,0,0.0880504,0,0,0,0.20295
138568000000,/,drone1,24,0,"container1",world,11.2618,-5.09383,0,0.09365,0,0,0,0.09365,0,0,0,0.225952
138636000000,/,drone2,14,1,"container2",world,12.8531,3.45998,0,0.087984,0,0,0,0.087984,0,0,0,0.202833
138636000000,/,drone1,24,0,"container1",world,11.2624,-5.09668,0,0.0929654,0,0,0,0.0929654,0,0,0,0.224586
138680000000,/,drone2,14,1,"container2",world,12.8532,3.45998,0,0.0879507,0,0,0,0.0879507,0,0,0,0.202775
138680000000,/,drone1,24,0,"container1",world,11.2687,-5.10455,0,0.0919237,0,0,0,0.0919237,0,0,0,0.222165
138736000000,/,drone2,14,1,"container2",world,12.8532,3.45998,0,0.087934,0,0,0,0.087934,0,0,0,0.202745
138736000000,/,drone1,24,0,"container1",world,11.2703,-5.10645,0,0.0916555,0,0,0,0.0916555,0,0,0,0.221544
138768000000,/,drone2,14,1,"container2",world,12.8532,3.45998,0,0.0879257,0,0,0,0.0879257,0,0,0,0.202731
138768000000,/,drone1,24,0,"container1",world,11.2759,-5.11195,0,0.0908228,0,0,0,0.0908228,0,0,0,0.219447
138824000000,/,drone2,14,1,"container2",world,12.8532,3.46013,0,0.0878116,0,0,0,0.0878116,0,0,0,0.202524
138824000000,/,drone1,24,0,"container1",world,11.2789,-5.1133,0,0.0907216,0,0,0,0.0907216,0,0,0,0.218939
138864000000,/,drone2,14,1,"container2",world,12.8496,3.45898,0,0.0947288,0,0,0,0.0947288,0,0,0,0.215707
138864000000,/,drone1,24,0,"container1",world,11.2788,-5.15364,0,0.0938016,0,0,0,0.0938016,0,0,0,0.223458
138900000000,/,drone2,14,1,"container2",world,12.8467,3.4576,0,0.0972252,0,0,0,0.0972252,0,0,0,0.220687
138900000000,/,drone1,24,0,"container1",world,11.2798,-5.16104,0,0.0944476,0,0,0,0.0944476,0,0,0,0.224339
138964000000,/,drone2,14,1,"container2",world,12.8445,3.45636,0,0.0975721,0,0,0,0.0975721,0,0,0,0.221775
138964000000,/,drone1,24,0,"container1",world,11.2831,-5.16334,0,0.0936093,0,0,0,0.0936093,0,0,0,0.222328
139000000000,/,drone2,14,1,"container2",world,12.8423,3.45541,0,0.0964102,0,0,0,0.0964102,0,0,0,0.220247
139000000000,/,drone1,24,0,"container1",world,11.2843,-5.15877,0,0.0923296,0,0,0,0.0923296,0,0,0,0.219842
139060000000,/,drone2,14,1,"container2",world,12.8406,3.45501,0,0.0957023,0,0,0,0.0957023,0,0,0,0.219358
139060000000,/,drone1,24,0,"container1",world,11.2855,-5.15686,0,0.0921317,0,0,0,0.0921317,0,0,0,0.219248
139100000000,/,drone2,14,1,"container2",world,12.84,3.45553,0,0.0943068,0,0,0,0.0943068,0,0,0,0.21717
139100000000,/,drone1,24,0,"container1",world,11.287,-5.15787,0,0.091027,0,0,0,0.091027,0,0,0,0.216692
139160000000,/,drone2,14,1,"container2",world,12.8399,3.4563,0,0.0931476,0,0,0,0.0931476,0,0,0,0.215259
139160000000,/,drone1,24,0,"container1",world,11.2883,-5.15885,0,0.0902979,0,0,0,0.0902979,0,0,0,0.214949
139196000000,/,drone2,14,1,"container2",world,12.8412,3.45794,0,0.0922081,0,0,0,0.0922081,0,0,0,0.213632
139196000000,/,drone1,24,0,"container1",world,11.291,-5.16045,0,0.0899691,0,0,0,0.0899691,0,0,0,0.213695
139232000000,/,drone2,14,1,"container2",world,12.8426,3.45911,0,0.091378,0,0,0,0.091378,0,0,0,0.212131
139232000000,/,drone1,24,0,"container1",world,11.2926,-5.16114,0,0.0895131,0,0,0,0.0895131,0,0,0,0.212409
139292000000,/,drone2,14,1,"container2",world,12.8445,3.46036,0,0.090375,0,0,0,0.090375,0,0,0,0.210197
139292000000,/,drone1,24,0,"container1",world,11.2965,-5.16214,0,0.0887736,0,0,0,0.0887736,0,0,0,0.210352
139300000000,/,drone2,14,1,"container2",world,12.8455,3.461,0,0.0898578,0,0,0,0.0898578,0,0,0,0.209197
139300000000,/,drone1,24,0,"container1",world,11.3005,-5.16161,0,0.0889028,0,0,0,0.0889028,0,0,0,0.210152
139392000000,/,drone2,14,1,"container2",world,12.8475,3.46186,0,0.0893148,0,0,0,0.0893148,0,0,0,0.207944
139392000000,/,drone1,24,0,"container1",world,11.3061,-5.16221,0,0.0886066,0,0,0,0.0886066,0,0,0,0.209149
139404000000,/,drone2,14,1,"container2",world,12.8485,3.4623,0,0.0890383,0,0,0,0.0890383,0,0,0,0.207306
139404000000,/,drone1,24,0,"container1",world,11.3098,-5.16356,0,0.0883969,0,0,0,0.0883969,0,0,0,0.20841
139480000000,/,drone2,14,1,"container2",world,12.85,3.46264,0,0.0889274,0,0,0,0.0889274,0,0,0,0.206862
139480000000,/,drone1,24,0,"container1",world,11.3168,-5.16507,0,0.088515,0,0,0,0.088515,0,0,0,0.208012
139500000000,/,drone2,14,1,"container2",world,12.851,3.46295,0,0.0886815,0,0,0,0.0886815,0,0,0,0.206212
139500000000,/,drone1,24,0,"container1",world,11.3208,-5.16534,0,0.0883057,0,0,0,0.0883057,0,0,0,0.207236
139568000000,/,drone2,14,1,"container2",world,12.8521,3.4632,0,0.0886861,0,0,0,0.0886861,0,0,0,0.20593
139568000000,/,drone1,24,0,"container1",world,11.3252,-5.16497,0,0.0885208,0,0,0,0.0885208,0,0,0,0.207048
139600000000,/,drone2,14,1,"container2",world,12.8528,3.46327,0,0.0885185,0,0,0,0.0885185,0,0,0,0.205408
139600000000,/,drone1,24,0,"container1",world,11.3285,-5.16452,0,0.0883446,0,0,0,0.0883446,0,0,0,0.206383
139660000000,/,drone2,14,1,"container2",world,12.8531,3.46288,0,0.0881524,0,0,0,0.0881524,0,0,0,0.204484
139660000000,/,drone1,24,0,"container1",world,11.3358,-5.16492,0,0.0879109,0,0,0,0.0879109,0,0,0,0.205123
139692000000,/,drone2,14,1,"container2",world,12.8532,3.46268,0,0.087967,0,0,0,0.087967,0,0,0,0.204017
139692000000,/,drone1,24,0,"container1",world,11.3409,-5.16587,0,0.0876987,0,0,0,0.0876987,0,0,0,0.204475
139756000000,/,drone2,14,1,"container2",world,12.8533,3.46258,0,0.0878737,0,0,0,0.0878737,0,0,0,0.203781
139756000000,/,drone1,24,0,"container1",world,11.3466,-5.16747,0,0.0878765,0,0,0,0.0878765,0,0,0,0.204476
139800000000,/,drone2,14,1,"container2",world,12.8533,3.46253,0,0.0878269,0,0,0,0.0878269,0,0,0,0.203663
139800000000,/,drone1,24,0,"container1",world,11.3504,-5.16993,0,0.0878084,0,0,0,0.0878084,0,0,0,0.204163
139856000000,/,drone2,14,1,"container2",world,12.8519,3.46025,0,0.0879899,0,0,0,0.0879899,0,0,0,0.203559
139856000000,/,drone1,24,0,"container1",world,11.3544,-5.17129,0,0.0882203,0,0,0,0.0882203,0,0,0,0.204543
139896000000,/,drone2,14,1,"container2",world,12.8508,3.4586,0,0.0879505,0,0,0,0.0879505,0,0,0,0.203251
139896000000,/,drone1,24,0,"container1",world,11.3597,-5.17559,0,0.0880064,0,0,0,0.0880064,0,0,0,0.203883
139956000000,/,drone2,14,1,"container2",world,12.8496,3.45682,0,0.0878226,0,0,0,0.0878226,0,0,0,0.202864
139956000000,/,drone1,24,0,"container1",world,11.3629,-5.17775,0,0.0877879,0,0,0,0.0877879,0,0,0,0.203323
140000000000,/,drone2,14,1,"container2",world,12.8473,3.45353,0,0.0879805,0,0,0,0.0879805,0,0,0,0.203005
140000000000,/,drone1,24,0,"container1",world,11.3674,-5.18007,0,0.0880599,0,0,0,0.0880599,0,0,0,0.203602
140084000000,/,drone2,14,1,"container2",world,12.8454,3.45078,0,0.0879423,0,0,0,0.0879423,0,0,0,0.202844
140084000000,/,drone1,24,0,"container1",world,11.3699,-5.18084,0,0.087949,0,0,0,0.087949,0,0,0,0.203286
140152000000,/,drone2,14,1,"container2",world,12.843,3.44798,0,0.0877236,0,0,0,0.0877236,0,0,0,0.202359
140152000000,/,drone1,24,0,"container1",world,11.3709,-5.18218,0,0.0876142,0,0,0,0.0876142,0,0,0,0.202528
140208000000,/,drone2,14,1,"container2",world,12.8396,3.44627,0,0.0878569,0,0,0,0.0878569,0,0,0,0.202519
140208000000,/,drone1,24,0,"container1",world,11.3737,-5.18399,0,0.0878885,0,0,0,0.0878885,0,0,0,0.202879
140300000000,/,drone2,14,1,"container2",world,12.8356,3.44618,0,0.0881683,0,0,0,0.0881683,0,0,0,0.203016
140300000000,/,drone1,24,0,"container1",world,11.378,-5.1888,0,0.0881835,0,0,0,0.0881835,0,0,0,0.203282
140388000000,/,drone2,14,1,"container2",world,12.8321,3.44807,0,0.0879649,0,0,0,0.0879649,0,0,0,0.202629
140388000000,/,drone1,24,0,"container1",world,11.3796,-5.19118,0,0.0878476,0,0,0,0.0878476,0,0,0,0.202616
140456000000,/,drone2,14,1,"container2",world,12.8288,3.45188,0,0.0879614,0,0,0,0.0879614,0,0,0,0.202626
140456000000,/,drone1,24,0,"container1",world,11.3818,-5.19554,0,0.0879081,0,0,0,0.0879081,0,0,0,0.202682
140548000000,/,drone2,14,1,"container2",world,12.8267,3.4561,0,0.0877527,0,0,0,0.0877527,0,0,0,0.202255
140548000000,/,drone1,24,0,"container1",world,11.3864,-5.1986,0,0.08797,0,0,0,0.08797,0,0,0,0.202745
140612000000,/,drone2,14,1,"container2",world,12.8255,3.46192,0,0.0877714,0,0,0,0.0877714,0,0,0,0.202302
140612000000,/,drone1,24,0,"container1",world,11.392,-5.2041,0,0.0878132,0,0,0,0.0878132,0,0,0,0.202454
140700000000,/,drone2,14,1,"container2",world,12.8249,3.46756,0,0.0879947,0,0,0,0.0879947,0,0,0,0.202725
140700000000,/,drone1,24,0,"container1",world,11.3969,-5.20937,0,0.0880949,0,0,0,0.0880949,0,0,0,0.202964
140784000000,/,drone2,14,1,"container2",world,12.8244,3.47284,0,0.087872,0,0,0,0.087872,0,0,0,0.202532
140784000000,/,drone1,24,0,"container1",world,11.4001,-5.21456,0,0.0878168,0,0,0,0.0878168,0,0,0,0.202477
140880000000,/,drone2,14,1,"container2",world,12.8243,3.47864,0,0.0879024,0,0,0,0.0879024,0,0,0,0.202621
140880000000,/,drone1,24,0,"container1",world,11.4059,-5.22116,0,0.0878877,0,0,0,0.0878877,0,0,0,0.202624
140948000000,/,drone2,14,1,"container2",world,12.8234,3.48423,0,0.088064,0,0,0,0.088064,0,0,0,0.202922
140948000000,/,drone1,24,0,"container1",world,11.4117,-5.22881,0,0.0881275,0,0,0,0.0881275,0,0,0,0.203042
141012000000,/,drone2,14,1,"container2",world,12.8226,3.48842,0,0.0879098,0,0,0,0.0879098,0,0,0,0.202662
141012000000,/,drone1,24,0,"container1",world,11.4147,-5.23497,0,0.0878374,0,0,0,0.0878374,0,0,0,0.20253
141084000000,/,drone2,14,1,"container2",world,12.8212,3.49182,0,0.088045,0,0,0,0.088045,0,0,0,0.20292
141084000000,/,drone1,24,0,"container1",world,11.4169,-5.24002,0,0.0880852,0,0,0,0.0880852,0,0,0,0.202986
141164000000,/,drone2,14,1,"container2",world,12.8196,3.49436,0,0.0878798,0,0,0,0.0878798,0,0,0,0.202638
141164000000,/,drone1,24,0,"container1",world,11.4179,-5.24426,0,0.0877995,0,0,0,0.0877995,0,0,0,0.202485
141224000000,/,drone2,14,1,"container2",world,12.8179,3.49631,0,0.0880115,0,0,0,0.0880115,0,0,0,0.202885
141224000000,/,drone1,24,0,"container1",world,11.416,-5.24978,0,0.0879309,0,0,0,0.0879309,0,0,0,0.202732
141308000000,/,drone2,14,1,"container2",world,12.8157,3.49793,0,0.0877484,0,0,0,0.0877484,0,0,0,0.202415
141308000000,/,drone1,24,0,"container1",world,11.4166,-5.25208,0,0.0876897,0,0,0,0.0876897,0,0,0,0.2023
141376000000,/,drone2,14,1,"container2",world,12.8144,3.49897,0,0.0879736,0,0,0,0.0879736,0,0,0,0.202808
141376000000,/,drone1,24,0,"container1",world,11.4168,-5.2502,0,0.0880673,0,0,0,0.0880673,0,0,0,0.202955
141452000000,/,drone2,14,1,"container2",world,12.8114,3.49932,0,0.0882001,0,0,0,0.0882001,0,0,0,0.203205
141452000000,/,drone1,24,0,"container1",world,11.4109,-5.24107,0,0.0883333,0,0,0,0.0883333,0,0,0,0.203423
141504000000,/,drone2,14,1,"container2",world,12.8099,3.49949,0,0.0883125,0,0,0,0.0883125,0,0,0,0.203402
141504000000,/,drone1,24,0,"container1",world,11.4141,-5.23753,0,0.0881471,0,0,0,0.0881471,0,0,0,0.203099
141596000000,/,drone2,14,1,"container2",world,12.8092,3.49958,0,0.0883686,0,0,0,0.0883686,0,0,0,0.2035
141596000000,/,drone1,24,0,"container1",world,11.4221,-5.23288,0,0.0883379,0,0,0,0.0883379,0,0,0,0.203435
141664000000,/,drone2,14,1,"container2",world,12.8038,3.49791,0,0.0881292,0,0,0,0.0881292,0,0,0,0.20308
141664000000,/,drone1,24,0,"container1",world,11.4188,-5.24271,0,0.0899081,0,0,0,0.0899081,0,0,0,0.206369
141720000000,/,drone2,14,1,"container2",world,12.8004,3.49629,0,0.0881584,0,0,0,0.0881584,0,0,0,0.203114
141720000000,/,drone1,24,0,"container1",world,11.4247,-5.23728,0,0.0899407,0,0,0,0.0899407,0,0,0,0.206609
141800000000,/,drone2,14,1,"container2",world,12.7993,3.49493,0,0.0880516,0,0,0,0.0880516,0,0,0,0.202917
141800000000,/,drone1,24,0,"container1",world,11.4275,-5.23337,0,0.0896072,0,0,0,0.0896072,0,0,0,0.206105
141884000000,/,drone2,14,1,"container2",world,12.8005,3.49355,0,0.0882356,0,0,0,0.0882356,0,0,0,0.203235
141884000000,/,drone1,24,0,"container1",world,11.4333,-5.22873,0,0.0896107,0,0,0,0.0896107,0,0,0,0.206181
141964000000,/,drone2,14,1,"container2",world,12.8036,3.49183,0,0.0879653,0,0,0,0.0879653,0,0,0,0.202753
141964000000,/,drone1,24,0,"container1",world,11.4458,-5.22508,0,0.088758,0,0,0,0.088758,0,0,0,0.204718
142036000000,/,drone2,14,1,"container2",world,12.8085,3.49011,0,0.0879253,0,0,0,0.0879253,0,0,0,0.202685
142036000000,/,drone1,24,0,"container1",world,11.4631,-5.22283,0,0.0884672,0,0,0,0.0884672,0,0,0,0.204202
142100000000,/,drone2,14,1,"container2",world,12.8118,3.48905,0,0.0877967,0,0,0,0.0877967,0,0,0,0.202453
142100000000,/,drone1,24,0,"container1",world,11.4723,-5.22233,0,0.0881748,0,0,0,0.0881748,0,0,0,0.203663
142188000000,/,drone2,14,1,"container2",world,12.8141,3.48846,0,0.0879922,0,0,0,0.0879922,0,0,0,0.202785
142188000000,/,drone1,24,0,"container1",world,11.4864,-5.22328,0,0.0882786,0,0,0,0.0882786,0,0,0,0.203792
142268000000,/,drone2,14,1,"container2",world,12.8145,3.48807,0,0.0882058,0,0,0,0.0882058,0,0,0,0.203155
142268000000,/,drone1,24,0,"container1",world,11.4977,-5.22326,0,0.0885009,0,0,0,0.0885009,0,0,0,0.204105
142352000000,/,drone2,14,1,"container2",world,12.8142,3.48908,0,0.0879502,0,0,0,0.0879502,0,0,0,0.202701
142352000000,/,drone1,24,0,"container1",world,11.5117,-5.22606,0,0.0879549,0,0,0,0.0879549,0,0,0,0.203054
142404000000,/,drone2,14,1,"container2",world,12.8124,3.49049,0,0.0880377,0,0,0,0.0880377,0,0,0,0.202861
142404000000,/,drone1,24,0,"container1",world,11.5216,-5.22903,0,0.0881162,0,0,0,0.0881162,0,0,0,0.203284
142496000000,/,drone2,14,1,"container2",world,12.8101,3.49328,0,0.0878533,0,0,0,0.0878533,0,0,0,0.202534
142496000000,/,drone1,24,0,"container1",world,11.5286,-5.23227,0,0.087798,0,0,0,0.087798,0,0,0,0.202661
142580000000,/,drone2,14,1,"container2",world,12.8077,3.49696,0,0.0879789,0,0,0,0.0879789,0,0,0,0.202761
142580000000,/,drone1,24,0,"container1",world,11.5316,-5.23501,0,0.0880354,0,0,0,0.0880354,0,0,0,0.203037
142660000000,/,drone2,14,1,"container2",world,12.8044,3.50284,0,0.087718,0,0,0,0.087718,0,0,0,0.202288
142660000000,/,drone1,24,0,"container1",world,11.5315,-5.23848,0,0.087602,0,0,0,0.087602,0,0,0,0.202192
142720000000,/,drone2,14,1,"container2",world,12.8026,3.50871,0,0.0878243,0,0,0,0.0878243,0,0,0,0.202468
142720000000,/,drone1,24,0,"container1",world,11.5264,-5.24258,0,0.0877386,0,0,0,0.0877386,0,0,0,0.202384
142800000000,/,drone2,14,1,"container2",world,12.8014,3.5142,0,0.0881173,0,0,0,0.0881173,0,0,0,0.202981
142800000000,/,drone1,24,0,"container1",world,11.5248,-5.24395,0,0.088242,0,0,0,0.088242,0,0,0,0.203243
142896000000,/,drone2,14,1,"container2",world,12.8016,3.51893,0,0.0880104,0,0,0,0.0880104,0,0,0,0.202796
142896000000,/,drone1,24,0,"container1",world,11.5193,-5.24601,0,0.08799,0,0,0,0.08799,0,0,0,0.202785
142988000000,/,drone2,14,1,"container2",world,12.802,3.52331,0,0.088065,0,0,0,0.088065,0,0,0,0.202898
142988000000,/,drone1,24,0,"container1",world,11.5098,-5.24906,0,0.0880915,0,0,0,0.0880915,0,0,0,0.202951
143056000000,/,drone2,14,1,"container2",world,12.8019,3.52647,0,0.0877678,0,0,0,0.0877678,0,0,0,0.202364
143056000000,/,drone1,24,0,"container1",world,11.502,-5.25135,0,0.0876311,0,0,0,0.0876311,0,0,0,0.202108
143100000000,/,drone2,14,1,"container2",world,12.8018,3.52866,0,0.0878546,0,0,0,0.0878546,0,0,0,0.202512
143100000000,/,drone1,24,0,"container1",world,11.4974,-5.25373,0,0.0877613,0,0,0,0.0877613,0,0,0,0.202326
143176000000,/,drone2,14,1,"container2",world,12.8012,3.5302,0,0.0881369,0,0,0,0.0881369,0,0,0,0.203009
143176000000,/,drone1,24,0,"container1",world,11.4941,-5.25406,0,0.0882626,0,0,0,0.0882626,0,0,0,0.203212
143204000000,/,drone2,14,1,"container2",world,12.8006,3.53093,0,0.0880239,0,0,0,0.0880239,0,0,0,0.202816
143204000000,/,drone1,24,0,"container1",world,11.4908,-5.25402,0,0.0880076,0,0,0,0.0880076,0,0,0,0.202773
143288000000,/,drone2,14,1,"container2",world,12.7995,3.53101,0,0.0882063,0,0,0,0.0882063,0,0,0,0.203141
143288000000,/,drone1,24,0,"container1",world,11.4876,-5.25402,0,0.0883021,0,0,0,0.0883021,0,0,0,0.203298
143320000000,/,drone2,14,1,"container2",world,12.798,3.53091,0,0.0881655,0,0,0,0.0881655,0,0,0,0.203075
143320000000,/,drone1,24,0,"container1",world,11.4853,-5.25379,0,0.0881778,0,0,0,0.0881778,0,0,0,0.203089
143392000000,/,drone2,14,1,"container2",world,12.7952,3.5315,0,0.0879176,0,0,0,0.0879176,0,0,0,0.202637
143392000000,/,drone1,24,0,"container1",world,11.4817,-5.25304,0,0.0878043,0,0,0,0.0878043,0,0,0,0.202429
143488000000,/,drone2,14,1,"container2",world,12.7927,3.53226,0,0.0876951,0,0,0,0.0876951,0,0,0,0.202236
143488000000,/,drone1,24,0,"container1",world,11.4796,-5.25243,0,0.0875624,0,0,0,0.0875624,0,0,0,0.20199
143540000000,/,drone2,14,1,"container2",world,12.7903,3.53381,0,0.0878196,0,0,0,0.0878196,0,0,0,0.202452
143540000000,/,drone1,24,0,"container1",world,11.4772,-5.25092,0,0.0877458,0,0,0,0.0877458,0,0,0,0.202312
143604000000,/,drone2,14,1,"container2",world,12.7895,3.53576,0,0.0879868,0,0,0,0.0879868,0,0,0,0.202752
143604000000,/,drone1,24,0,"container1",world,11.4767,-5.24963,0,0.0880583,0,0,0,0.0880583,0,0,0,0.202881
143700000000,/,drone2,14,1,"container2",world,12.7882,3.53789,0,0.0881883,0,0,0,0.0881883,0,0,0,0.203111
143700000000,/,drone1,24,0,"container1",world,11.4684,-5.24622,0,0.0883114,0,0,0,0.0883114,0,0,0,0.203337
143776000000,/,drone2,14,1,"container2",world,12.7878,3.53914,0,0.0881567,0,0,0,0.0881567,0,0,0,0.203062
143776000000,/,drone1,24,0,"container1",world,11.4599,-5.24352,0,0.0880573,0,0,0,0.0880573,0,0,0,0.202899
143816000000,/,drone2,14,1,"container2",world,12.7875,3.53976,0,0.0881409,0,0,0,0.0881409,0,0,0,0.203038
143816000000,/,drone1,24,0,"container1",world,11.4502,-5.23757,0,0.0881437,0,0,0,0.0881437,0,0,0,0.203041
143884000000,/,drone2,14,1,"container2",world,12.7854,3.54141,0,0.0879326,0,0,0,0.0879326,0,0,0,0.202657
143884000000,/,drone1,24,0,"container1",world,11.4398,-5.24908,0,0.0893164,0,0,0,0.0893164,0,0,0,0.205387
143932000000,/,drone2,14,1,"container2",world,12.7843,3.54225,0,0.0878278,0,0,0,0.0878278,0,0,0,0.202465
143932000000,/,drone1,24,0,"container1",world,11.4363,-5.2484,0,0.0899251,0,0,0,0.0899251,0,0,0,0.206524
143980000000,/,drone2,14,1,"container2",world,12.7838,3.54266,0,0.0877752,0,0,0,0.0877752,0,0,0,0.202369
143980000000,/,drone1,24,0,"container1",world,11.4315,-5.24664,0,0.0898395,0,0,0,0.0898395,0,0,0,0.2064
144020000000,/,drone2,14,1,"container2",world,12.7835,3.54287,0,0.0877489,0,0,0,0.0877489,0,0,0,0.20232
144020000000,/,drone1,24,0,"container1",world,11.4283,-5.24556,0,0.0897168,0,0,0,0.0897168,0,0,0,0.206189
144100000000,/,drone2,14,1,"container2",world,12.7834,3.54298,0,0.0877357,0,0,0,0.0877357,0,0,0,0.202296
144100000000,/,drone1,24,0,"container1",world,11.4242,-5.24271,0,0.0898865,0,0,0,0.0898865,0,0,0,0.206494
144136000000,/,drone2,14,1,"container2",world,12.7859,3.54231,0,0.0878105,0,0,0,0.0878105,0,0,0,0.202444
144136000000,/,drone1,24,0,"container1",world,11.4239,-5.25423,0,0.0910989,0,0,0,0.0910989,0,0,0,0.209039
144180000000,/,drone2,14,1,"container2",world,12.7884,3.54108,0,0.0876411,0,0,0,0.0876411,0,0,0,0.202139
144180000000,/,drone1,24,0,"container1",world,11.426,-5.25154,0,0.0904363,0,0,0,0.0904363,0,0,0,0.208054
144212000000,/,drone2,14,1,"container2",world,12.7902,3.53993,0,0.087915,0,0,0,0.087915,0,0,0,0.20262
144212000000,/,drone1,24,0,"container1",world,11.4266,-5.24847,0,0.0905456,0,0,0,0.0905456,0,0,0,0.208323
144276000000,/,drone2,14,1,"container2",world,12.7926,3.53817,0,0.0878189,0,0,0,0.0878189,0,0,0,0.202446
144276000000,/,drone1,24,0,"container1",world,11.4253,-5.24323,0,0.0897755,0,0,0,0.0897755,0,0,0,0.207003
144300000000,/,drone2,14,1,"container2",world,12.7939,3.53682,0,0.08812,0,0,0,0.08812,0,0,0,0.20298
144300000000,/,drone1,24,0,"container1",world,11.4241,-5.23903,0,0.0899179,0,0,0,0.0899179,0,0,0,0.207268
144364000000,/,drone2,14,1,"container2",world,12.7948,3.53558,0,0.0881364,0,0,0,0.0881364,0,0,0,0.203016
144364000000,/,drone1,24,0,"container1",world,11.4223,-5.23545,0,0.0895892,0,0,0,0.0895892,0,0,0,0.206687
144400000000,/,drone2,14,1,"container2",world,12.7955,3.53385,0,0.0879151,0,0,0,0.0879151,0,0,0,0.202626
144400000000,/,drone1,24,0,"container1",world,11.4191,-5.2291,0,0.0888918,0,0,0,0.0888918,0,0,0,0.205406
144460000000,/,drone2,14,1,"container2",world,12.7955,3.53258,0,0.0881526,0,0,0,0.0881526,0,0,0,0.203049
144460000000,/,drone1,24,0,"container1",world,11.4171,-5.22495,0,0.0891266,0,0,0,0.0891266,0,0,0,0.205785
144500000000,/,drone2,14,1,"container2",world,12.7937,3.5315,0,0.0880192,0,0,0,0.0880192,0,0,0,0.20282
144500000000,/,drone1,24,0,"container1",world,11.4158,-5.21987,0,0.0886286,0,0,0,0.0886286,0,0,0,0.204833
144544000000,/,drone2,14,1,"container2",world,12.7913,3.53086,0,0.0878439,0,0,0,0.0878439,0,0,0,0.20251
144544000000,/,drone1,24,0,"container1",world,11.4164,-5.21746,0,0.0882677,0,0,0,0.0882677,0,0,0,0.20413
144596000000,/,drone2,14,1,"container2",world,12.7884,3.53108,0,0.0880156,0,0,0,0.0880156,0,0,0,0.202803
144596000000,/,drone1,24,0,"container1",world,11.4184,-5.21461,0,0.0884499,0,0,0,0.0884499,0,0,0,0.20434
144640000000,/,drone2,14,1,"container2",world,12.7873,3.53163,0,0.0879795,0,0,0,0.0879795,0,0,0,0.202736
144640000000,/,drone1,24,0,"container1",world,11.4208,-5.21293,0,0.0882681,0,0,0,0.0882681,0,0,0,0.203951
144708000000,/,drone2,14,1,"container2",world,12.7881,3.53242,0,0.0881995,0,0,0,0.0881995,0,0,0,0.203123
144708000000,/,drone1,24,0,"container1",world,11.4272,-5.21068,0,0.0885072,0,0,0,0.0885072,0,0,0,0.204274
144784000000,/,drone2,14,1,"container2",world,12.7885,3.53282,0,0.0883087,0,0,0,0.0883087,0,0,0,0.203315
144784000000,/,drone1,24,0,"container1",world,11.4288,-5.21012,0,0.0885667,0,0,0,0.0885667,0,0,0,0.204354
144804000000,/,drone2,14,1,"container2",world,12.7887,3.53302,0,0.0883632,0,0,0,0.0883632,0,0,0,0.203411
144804000000,/,drone1,24,0,"container1",world,11.4292,-5.20998,0,0.0885815,0,0,0,0.0885815,0,0,0,0.204374
144840000000,/,drone2,14,1,"container2",world,12.7908,3.53314,0,0.0881382,0,0,0,0.0881382,0,0,0,0.203021
144840000000,/,drone1,24,0,"container1",world,11.4359,-5.20826,0,0.0881581,0,0,0,0.0881581,0,0,0,0.203555
144888000000,/,drone2,14,1,"container2",world,12.7954,3.53253,0,0.0881316,0,0,0,0.0881316,0,0,0,0.203017
144888000000,/,drone1,24,0,"container1",world,11.4465,-5.20617,0,0.0882983,0,0,0,0.0882983,0,0,0,0.203678
144904000000,/,drone2,14,1,"container2",world,12.7977,3.53222,0,0.0881282,0,0,0,0.0881282,0,0,0,0.203015
144904000000,/,drone1,24,0,"container1",world,11.452,-5.20501,0,0.0880829,0,0,0,0.0880829,0,0,0,0.203274
144972000000,/,drone2,14,1,"container2",world,12.7988,3.53207,0,0.0881265,0,0,0,0.0881265,0,0,0,0.203014
144972000000,/,drone1,24,0,"container1",world,11.4555,-5.20422,0,0.0878239,0,0,0,0.0878239,0,0,0,0.202799
145000000000,/,drone2,14,1,"container2",world,12.7994,3.53199,0,0.0881257,0,0,0,0.0881257,0,0,0,0.203014
145000000000,/,drone1,24,0,"container1",world,11.458,-5.20142,0,0.0881144,0,0,0,0.0881144,0,0,0,0.203304
145060000000,/,drone2,14,1,"container2",world,12.7997,3.53195,0,0.0881253,0,0,0,0.0881253,0,0,0,0.203013
145060000000,/,drone1,24,0,"container1",world,11.4593,-5.20078,0,0.0880656,0,0,0,0.0880656,0,0,0,0.203218
145100000000,/,drone2,14,1,"container2",world,12.7998,3.53193,0,0.0881251,0,0,0,0.0881251,0,0,0,0.203013
145100000000,/,drone1,24,0,"container1",world,11.461,-5.19857,0,0.0882902,0,0,0,0.0882902,0,0,0,0.203614
145160000000,/,drone2,14,1,"container2",world,12.7999,3.53192,0,0.088125,0,0,0,0.088125,0,0,0,0.203013
145160000000,/,drone1,24,0,"container1",world,11.4612,-5.1986,0,0.0882138,0,0,0,0.0882138,0,0,0,0.203486
145196000000,/,drone2,14,1,"container2",world,12.8062,3.52989,0,0.0879094,0,0,0,0.0879094,0,0,0,0.202624
145196000000,/,drone1,24,0,"container1",world,11.4573,-5.23879,0,0.0918459,0,0,0,0.0918459,0,0,0,0.210172
145236000000,/,drone2,14,1,"container2",world,12.8093,3.52858,0,0.0881498,0,0,0,0.0881498,0,0,0,0.203048
145236000000,/,drone1,24,0,"container1",world,11.4565,-5.24329,0,0.0927238,0,0,0,0.0927238,0,0,0,0.211891
145272000000,/,drone2,14,1,"container2",world,12.8098,3.52709,0,0.0880178,0,0,0,0.0880178,0,0,0,0.20282
145272000000,/,drone1,24,0,"container1",world,11.4551,-5.23728,0,0.0917249,0,0,0,0.0917249,0,0,0,0.210348
145336000000,/,drone2,14,1,"container2",world,12.8101,3.52634,0,0.0879516,0,0,0,0.0879516,0,0,0,0.202705
145336000000,/,drone1,24,0,"container1",world,11.4527,-5.23621,0,0.0913755,0,0,0,0.0913755,0,0,0,0.209787
145376000000,/,drone2,14,1,"container2",world,12.8091,3.52503,0,0.0877122,0,0,0,0.0877122,0,0,0,0.202271
145376000000,/,drone1,24,0,"container1",world,11.4515,-5.22815,0,0.0907458,0,0,0,0.0907458,0,0,0,0.208742
145432000000,/,drone2,14,1,"container2",world,12.8081,3.52384,0,0.0879503,0,0,0,0.0879503,0,0,0,0.202685
145432000000,/,drone1,24,0,"container1",world,11.4514,-5.22589,0,0.090541,0,0,0,0.090541,0,0,0,0.208432
145476000000,/,drone2,14,1,"container2",world,12.8078,3.52248,0,0.0878366,0,0,0,0.0878366,0,0,0,0.202479
145476000000,/,drone1,24,0,"container1",world,11.451,-5.22238,0,0.0896994,0,0,0,0.0896994,0,0,0,0.206962
145532000000,/,drone2,14,1,"container2",world,12.8076,3.52128,0,0.0881288,0,0,0,0.0881288,0,0,0,0.202996
145532000000,/,drone1,24,0,"container1",world,11.4503,-5.22017,0,0.089826,0,0,0,0.089826,0,0,0,0.207186
145584000000,/,drone2,14,1,"container2",world,12.8075,3.51951,0,0.0880203,0,0,0,0.0880203,0,0,0,0.202812
145584000000,/,drone1,24,0,"container1",world,11.4487,-5.21709,0,0.0891786,0,0,0,0.0891786,0,0,0,0.206007
145624000000,/,drone2,14,1,"container2",world,12.8072,3.51772,0,0.0878566,0,0,0,0.0878566,0,0,0,0.202523
145624000000,/,drone1,24,0,"container1",world,11.4475,-5.21531,0,0.0887288,0,0,0,0.0887288,0,0,0,0.205166
145672000000,/,drone2,14,1,"container2",world,12.8069,3.5159,0,0.0881237,0,0,0,0.0881237,0,0,0,0.202998
145672000000,/,drone1,24,0,"container1",world,11.4456,-5.21452,0,0.0889047,0,0,0,0.0889047,0,0,0,0.205445
145700000000,/,drone2,14,1,"container2",world,12.8063,3.51354,0,0.0880047,0,0,0,0.0880047,0,0,0,0.202794
145700000000,/,drone1,24,0,"container1",world,11.444,-5.21128,0,0.0885281,0,0,0,0.0885281,0,0,0,0.20469
145764000000,/,drone2,14,1,"container2",world,12.805,3.51105,0,0.0881855,0,0,0,0.0881855,0,0,0,0.203116
145764000000,/,drone1,24,0,"container1",world,11.4417,-5.20999,0,0.0883258,0,0,0,0.0883258,0,0,0,0.204225
145800000000,/,drone2,14,1,"container2",world,12.8039,3.50907,0,0.0881447,0,0,0,0.0881447,0,0,0,0.203049
145800000000,/,drone1,24,0,"container1",world,11.4405,-5.20663,0,0.0883708,0,0,0,0.0883708,0,0,0,0.204236
145864000000,/,drone2,14,1,"container2",world,12.8023,3.50658,0,0.0878984,0,0,0,0.0878984,0,0,0,0.202611
145864000000,/,drone1,24,0,"container1",world,11.4383,-5.20352,0,0.0880733,0,0,0,0.0880733,0,0,0,0.2036
145900000000,/,drone2,14,1,"container2",world,12.8011,3.50455,0,0.0876773,0,0,0,0.0876773,0,0,0,0.202211
145900000000,/,drone1,24,0,"container1",world,11.4361,-5.20263,0,0.0877169,0,0,0,0.0877169,0,0,0,0.202882
145992000000,/,drone2,14,1,"container2",world,12.7999,3.50258,0,0.0879255,0,0,0,0.0879255,0,0,0,0.202643
145992000000,/,drone1,24,0,"container1",world,11.4323,-5.20251,0,0.0880212,0,0,0,0.0880212,0,0,0,0.203356
146060000000,/,drone2,14,1,"container2",world,12.7981,3.50024,0,0.0878183,0,0,0,0.0878183,0,0,0,0.202447
146060000000,/,drone1,24,0,"container1",world,11.4295,-5.20048,0,0.0878365,0,0,0,0.0878365,0,0,0,0.202929
146136000000,/,drone2,14,1,"container2",world,12.7958,3.49699,0,0.0878606,0,0,0,0.0878606,0,0,0,0.202528
146136000000,/,drone1,24,0,"container1",world,11.4252,-5.19843,0,0.0879054,0,0,0,0.0879054,0,0,0,0.202937
146200000000,/,drone2,14,1,"container2",world,12.7941,3.49469,0,0.0877727,0,0,0,0.0877727,0,0,0,0.202372
146200000000,/,drone1,24,0,"container1",world,11.4233,-5.1952,0,0.0881034,0,0,0,0.0881034,0,0,0,0.203225
146300000000,/,drone2,14,1,"container2",world,12.7922,3.49231,0,0.0879466,0,0,0,0.0879466,0,0,0,0.202687
146300000000,/,drone1,24,0,"container1",world,11.4233,-5.19468,0,0.0880043,0,0,0,0.0880043,0,0,0,0.202993
146392000000,/,drone2,14,1,"container2",world,12.7891,3.48978,0,0.0877079,0,0,0,0.0877079,0,0,0,0.202257
146392000000,/,drone1,24,0,"container1",world,11.4265,-5.19199,0,0.0876089,0,0,0,0.0876089,0,0,0,0.202201
146456000000,/,drone2,14,1,"container2",world,12.7853,3.48807,0,0.0877142,0,0,0,0.0877142,0,0,0,0.202261
146456000000,/,drone1,24,0,"container1",world,11.4309,-5.19027,0,0.0877021,0,0,0,0.0877021,0,0,0,0.202296
146552000000,/,drone2,14,1,"container2",world,12.7818,3.48765,0,0.0878124,0,0,0,0.0878124,0,0,0,0.202441
146552000000,/,drone1,24,0,"container1",world,11.435,-5.18891,0,0.0879928,0,0,0,0.0879928,0,0,0,0.202782
146620000000,/,drone2,14,1,"container2",world,12.7794,3.48739,0,0.0877518,0,0,0,0.0877518,0,0,0,0.202334
146620000000,/,drone1,24,0,"container1",world,11.4388,-5.18716,0,0.0881306,0,0,0,0.0881306,0,0,0,0.203012
146700000000,/,drone2,14,1,"container2",world,12.7766,3.48672,0,0.0878184,0,0,0,0.0878184,0,0,0,0.202461
146700000000,/,drone1,24,0,"container1",world,11.4408,-5.18806,0,0.0879639,0,0,0,0.0879639,0,0,0,0.202715
146788000000,/,drone2,14,1,"container2",world,12.7739,3.48598,0,0.087645,0,0,0,0.087645,0,0,0,0.202147
146788000000,/,drone1,24,0,"container1",world,11.4405,-5.18737,0,0.0876129,0,0,0,0.0876129,0,0,0,0.202075
146856000000,/,drone2,14,1,"container2",world,12.7711,3.48487,0,0.0877947,0,0,0,0.0877947,0,0,0,0.202408
146856000000,/,drone1,24,0,"container1",world,11.4368,-5.18674,0,0.0877697,0,0,0,0.0877697,0,0,0,0.202345
146952000000,/,drone2,14,1,"container2",world,12.7697,3.48432,0,0.0878692,0,0,0,0.0878692,0,0,0,0.202537
146952000000,/,drone1,24,0,"container1",world,11.4312,-5.18572,0,0.0879031,0,0,0,0.0879031,0,0,0,0.20259
147024000000,/,drone2,14,1,"container2",world,12.769,3.48404,0,0.0879063,0,0,0,0.0879063,0,0,0,0.202602
147024000000,/,drone1,24,0,"container1",world,11.4246,-5.18513,0,0.0880432,0,0,0,0.0880432,0,0,0,0.202845
147100000000,/,drone2,14,1,"container2",world,12.7573,3.47975,0,0.0877872,0,0,0,0.0877872,0,0,0,0.2024
147100000000,/,drone1,24,0,"container1",world,11.4063,-5.19832,0,0.0894751,0,0,0,0.0894751,0,0,0,0.205617
147192000000,/,drone2,14,1,"container2",world,12.7487,3.47667,0,0.0879875,0,0,0,0.0879875,0,0,0,0.202749
147192000000,/,drone1,24,0,"container1",world,11.3961,-5.19849,0,0.0898496,0,0,0,0.0898496,0,0,0,0.20643
147280000000,/,drone2,14,1,"container2",world,12.7403,3.47405,0,0.0882035,0,0,0,0.0882035,0,0,0,0.20313
147280000000,/,drone1,24,0,"container1",world,11.3862,-5.1948,0,0.089684,0,0,0,0.089684,0,0,0,0.206274
147364000000,/,drone2,14,1,"container2",world,12.7322,3.47271,0,0.087949,0,0,0,0.087949,0,0,0,0.202683
147364000000,/,drone1,24,0,"container1",world,11.3781,-5.19012,0,0.0887863,0,0,0,0.0887863,0,0,0,0.204756
147444000000,/,drone2,14,1,"container2",world,12.7265,3.47218,0,0.0880371,0,0,0,0.0880371,0,0,0,0.202849
147444000000,/,drone1,24,0,"container1",world,11.3723,-5.18696,0,0.0887256,0,0,0,0.0887256,0,0,0,0.20467
147512000000,/,drone2,14,1,"container2",world,12.7237,3.47191,0,0.088081,0,0,0,0.088081,0,0,0,0.202931
147512000000,/,drone1,24,0,"container1",world,11.3673,-5.18809,0,0.0884886,0,0,0,0.0884886,0,0,0,0.204256
147600000000,/,drone2,14,1,"container2",world,12.7223,3.47178,0,0.088103,0,0,0,0.088103,0,0,0,0.202972
147600000000,/,drone1,24,0,"container1",world,11.361,-5.18817,0,0.0885629,0,0,0,0.0885629,0,0,0,0.204378
147680000000,/,drone2,14,1,"container2",world,12.7173,3.47061,0,0.0882607,0,0,0,0.0882607,0,0,0,0.20324
147680000000,/,drone1,24,0,"container1",world,11.3396,-5.21516,0,0.0930548,0,0,0,0.0930548,0,0,0,0.212729
147776000000,/,drone2,14,1,"container2",world,12.7114,3.47187,0,0.0879779,0,0,0,0.0879779,0,0,0,0.202739
147776000000,/,drone1,24,0,"container1",world,11.3314,-5.20977,0,0.0919482,0,0,0,0.0919482,0,0,0,0.211101
147876000000,/,drone2,14,1,"container2",world,12.7047,3.47455,0,0.0879315,0,0,0,0.0879315,0,0,0,0.202665
147876000000,/,drone1,24,0,"container1",world,11.3264,-5.20065,0,0.0907786,0,0,0,0.0907786,0,0,0,0.209184
147964000000,/,drone2,14,1,"container2",world,12.7009,3.47624,0,0.0877998,0,0,0,0.0877998,0,0,0,0.202432
147964000000,/,drone1,24,0,"container1",world,11.3226,-5.19414,0,0.090287,0,0,0,0.090287,0,0,0,0.208314
148040000000,/,drone2,14,1,"container2",world,12.6989,3.47741,0,0.0879937,0,0,0,0.0879937,0,0,0,0.202764
148040000000,/,drone1,24,0,"container1",world,11.3201,-5.18943,0,0.089884,0,0,0,0.089884,0,0,0,0.207557
148100000000,/,drone2,14,1,"container2",world,12.6981,3.4763,0,0.0880733,0,0,0,0.0880733,0,0,0,0.202908
148100000000,/,drone1,24,0,"container1",world,11.3163,-5.18247,0,0.0890807,0,0,0,0.0890807,0,0,0,0.205956
148196000000,/,drone2,14,1,"container2",world,12.6976,3.47477,0,0.0878833,0,0,0,0.0878833,0,0,0,0.202571
148196000000,/,drone1,24,0,"container1",world,11.3138,-5.17664,0,0.0885548,0,0,0,0.0885548,0,0,0,0.204871
148272000000,/,drone2,14,1,"container2",world,12.6989,3.47131,0,0.0878842,0,0,0,0.0878842,0,0,0,0.202581
148272000000,/,drone1,24,0,"container1",world,11.3097,-5.17323,0,0.0882726,0,0,0,0.0882726,0,0,0,0.204177
148352000000,/,drone2,14,1,"container2",world,12.7025,3.46651,0,0.0880356,0,0,0,0.0880356,0,0,0,0.202838
148352000000,/,drone1,24,0,"container1",world,11.3037,-5.17072,0,0.0883165,0,0,0,0.0883165,0,0,0,0.204024
148412000000,/,drone2,14,1,"container2",world,12.7072,3.46276,0,0.0878795,0,0,0,0.0878795,0,0,0,0.202556
148412000000,/,drone1,24,0,"container1",world,11.2979,-5.17012,0,0.0879368,0,0,0,0.0879368,0,0,0,0.203197
148500000000,/,drone2,14,1,"container2",world,12.7123,3.45963,0,0.0880165,0,0,0,0.0880165,0,0,0,0.202804
148500000000,/,drone1,24,0,"container1",world,11.2921,-5.17036,0,0.0881353,0,0,0,0.0881353,0,0,0,0.203435
148600000000,/,drone2,14,1,"container2",world,12.7172,3.45679,0,0.0878547,0,0,0,0.0878547,0,0,0,0.202519
148600000000,/,drone1,24,0,"container1",world,11.2865,-5.17089,0,0.0878236,0,0,0,0.0878236,0,0,0,0.202778
148696000000,/,drone2,14,1,"container2",world,12.7234,3.45399,0,0.0878699,0,0,0,0.0878699,0,0,0,0.202554
148696000000,/,drone1,24,0,"container1",world,11.2824,-5.17005,0,0.0878798,0,0,0,0.0878798,0,0,0,0.202773
148764000000,/,drone2,14,1,"container2",world,12.7303,3.45152,0,0.0880285,0,0,0,0.0880285,0,0,0,0.202825
148764000000,/,drone1,24,0,"container1",world,11.2801,-5.1686,0,0.0881195,0,0,0,0.0881195,0,0,0,0.203085
148832000000,/,drone2,14,1,"container2",world,12.7354,3.44974,0,0.087876,0,0,0,0.087876,0,0,0,0.202549
148832000000,/,drone1,24,0,"container1",world,11.2794,-5.16747,0,0.087834,0,0,0,0.087834,0,0,0,0.202521
148932000000,/,drone2,14,1,"container2",world,12.7375,3.4482,0,0.0880148,0,0,0,0.0880148,0,0,0,0.202801
148932000000,/,drone1,24,0,"container1",world,11.2787,-5.1665,0,0.0880882,0,0,0,0.0880882,0,0,0,0.202947
148996000000,/,drone2,14,1,"container2",world,12.7363,3.44646,0,0.0882021,0,0,0,0.0882021,0,0,0,0.203135
148996000000,/,drone1,24,0,"container1",world,11.2772,-5.16477,0,0.0883324,0,0,0,0.0883324,0,0,0,0.203354
149084000000,/,drone2,14,1,"container2",world,12.7345,3.44446,0,0.0880441,0,0,0,0.0880441,0,0,0,0.202864
149084000000,/,drone1,24,0,"container1",world,11.2751,-5.16317,0,0.0880183,0,0,0,0.0880183,0,0,0,0.202798
149188000000,/,drone2,14,1,"container2",world,12.7329,3.44189,0,0.0880739,0,0,0,0.0880739,0,0,0,0.202923
149188000000,/,drone1,24,0,"container1",world,11.2738,-5.1616,0,0.0881049,0,0,0,0.0881049,0,0,0,0.202954
149256000000,/,drone2,14,1,"container2",world,12.7315,3.44022,0,0.0878627,0,0,0,0.0878627,0,0,0,0.202548
149256000000,/,drone1,24,0,"container1",world,11.2737,-5.16036,0,0.0876896,0,0,0,0.0876896,0,0,0,0.202209
149324000000,/,drone2,14,1,"container2",world,12.7304,3.43911,0,0.0880175,0,0,0,0.0880175,0,0,0,0.20281
149324000000,/,drone1,24,0,"container1",world,11.2727,-5.16048,0,0.0877166,0,0,0,0.0877166,0,0,0,0.202253
149400000000,/,drone2,14,1,"container2",world,12.7269,3.43894,0,0.0882129,0,0,0,0.0882129,0,0,0,0.20315
149400000000,/,drone1,24,0,"container1",world,11.2705,-5.15843,0,0.0881245,0,0,0,0.0881245,0,0,0,0.202987
149500000000,/,drone2,14,1,"container2",world,12.7233,3.43861,0,0.0880584,0,0,0,0.0880584,0,0,0,0.20288
149500000000,/,drone1,24,0,"container1",world,11.2692,-5.15592,0,0.0880973,0,0,0,0.0880973,0,0,0,0.202952
149592000000,/,drone2,14,1,"container2",world,12.7189,3.43729,0,0.0880888,0,0,0,0.0880888,0,0,0,0.20294
149592000000,/,drone1,24,0,"container1",world,11.2658,-5.15464,0,0.0881418,0,0,0,0.0881418,0,0,0,0.203044
149692000000,/,drone2,14,1,"container2",world,12.7143,3.43582,0,0.0877798,0,0,0,0.0877798,0,0,0,0.202385
149692000000,/,drone1,24,0,"container1",world,11.2635,-5.15227,0,0.0879882,0,0,0,0.0879882,0,0,0,0.202777
149756000000,/,drone2,14,1,"container2",world,12.7095,3.43411,0,0.0878605,0,0,0,0.0878605,0,0,0,0.202523
149756000000,/,drone1,24,0,"container1",world,11.2513,-5.15353,0,0.0878541,0,0,0,0.0878541,0,0,0,0.202535
149816000000,/,drone2,14,1,"container2",world,12.7046,3.43242,0,0.0880064,0,0,0,0.0880064,0,0,0,0.202785
149816000000,/,drone1,24,0,"container1",world,11.2459,-5.15312,0,0.0880861,0,0,0,0.0880861,0,0,0,0.20296
149900000000,/,drone2,14,1,"container2",world,12.7028,3.43168,0,0.0878492,0,0,0,0.0878492,0,0,0,0.202507
149900000000,/,drone1,24,0,"container1",world,11.2426,-5.15298,0,0.0877975,0,0,0,0.0877975,0,0,0,0.202451
149980000000,/,drone2,14,1,"container2",world,12.7036,3.43176,0,0.0879873,0,0,0,0.0879873,0,0,0,0.202759
149980000000,/,drone1,24,0,"container1",world,11.2402,-5.15304,0,0.0880489,0,0,0,0.0880489,0,0,0,0.202909
150052000000,/,drone2,14,1,"container2",world,12.7078,3.43289,0,0.0877302,0,0,0,0.0877302,0,0,0,0.202297
150052000000,/,drone1,24,0,"container1",world,11.2395,-5.15405,0,0.0876203,0,0,0,0.0876203,0,0,0,0.202137
150100000000,/,drone2,14,1,"container2",world,12.7144,3.43423,0,0.0877264,0,0,0,0.0877264,0,0,0,0.202284
150100000000,/,drone1,24,0,"container1",world,11.2426,-5.156,0,0.0876998,0,0,0,0.0876998,0,0,0,0.202268
150152000000,/,drone2,14,1,"container2",world,12.7189,3.43534,0,0.0880745,0,0,0,0.0880745,0,0,0,0.202899
150152000000,/,drone1,24,0,"container1",world,11.2451,-5.15687,0,0.0882426,0,0,0,0.0882426,0,0,0,0.20323
150200000000,/,drone2,14,1,"container2",world,12.7229,3.43659,0,0.0879931,0,0,0,0.0879931,0,0,0,0.202763
150200000000,/,drone1,24,0,"container1",world,11.2486,-5.1565,0,0.0878323,0,0,0,0.0878323,0,0,0,0.202508
150252000000,/,drone2,14,1,"container2",world,12.7256,3.43795,0,0.0881914,0,0,0,0.0881914,0,0,0,0.203116
150252000000,/,drone1,24,0,"container1",world,11.2505,-5.15573,0,0.0882517,0,0,0,0.0882517,0,0,0,0.203253
150292000000,/,drone2,14,1,"container2",world,12.7281,3.43976,0,0.0880388,0,0,0,0.0880388,0,0,0,0.202854
150292000000,/,drone1,24,0,"container1",world,11.2522,-5.15373,0,0.0879783,0,0,0,0.0879783,0,0,0,0.202778
150352000000,/,drone2,14,1,"container2",world,12.7299,3.44111,0,0.0878539,0,0,0,0.0878539,0,0,0,0.202527
150352000000,/,drone1,24,0,"container1",world,11.2524,-5.15208,0,0.0877464,0,0,0,0.0877464,0,0,0,0.202363
150400000000,/,drone2,14,1,"container2",world,12.7316,3.44281,0,0.0880206,0,0,0,0.0880206,0,0,0,0.202812
150400000000,/,drone1,24,0,"container1",world,11.2529,-5.14956,0,0.0880775,0,0,0,0.0880775,0,0,0,0.20293
150456000000,/,drone2,14,1,"container2",world,12.733,3.44416,0,0.087982,0,0,0,0.087982,0,0,0,0.20274
150456000000,/,drone1,24,0,"container1",world,11.2531,-5.14767,0,0.0879774,0,0,0,0.0879774,0,0,0,0.20275
150496000000,/,drone2,14,1,"container2",world,12.7345,3.44548,0,0.0878526,0,0,0,0.0878526,0,0,0,0.202507
150496000000,/,drone1,24,0,"container1",world,11.2523,-5.14334,0,0.0881359,0,0,0,0.0881359,0,0,0,0.203027
150548000000,/,drone2,14,1,"container2",world,12.7367,3.44754,0,0.0880032,0,0,0,0.0880032,0,0,0,0.20278
150548000000,/,drone1,24,0,"container1",world,11.2522,-5.14239,0,0.0881488,0,0,0,0.0881488,0,0,0,0.203058
150580000000,/,drone2,14,1,"container2",world,12.7385,3.44917,0,0.0879573,0,0,0,0.0879573,0,0,0,0.202703
150580000000,/,drone1,24,0,"container1",world,11.2509,-5.14042,0,0.0878618,0,0,0,0.0878618,0,0,0,0.20255
150612000000,/,drone2,14,1,"container2",world,12.7402,3.45056,0,0.0878249,0,0,0,0.0878249,0,0,0,0.202468
150612000000,/,drone1,24,0,"container1",world,11.2509,-5.13705,0,0.0880845,0,0,0,0.0880845,0,0,0,0.202944
150680000000,/,drone2,14,1,"container2",world,12.7408,3.45225,0,0.0879753,0,0,0,0.0879753,0,0,0,0.202742
150680000000,/,drone1,24,0,"container1",world,11.2501,-5.13677,0,0.0881149,0,0,0,0.0881149,0,0,0,0.203005
150700000000,/,drone2,14,1,"container2",world,12.7407,3.45371,0,0.0879303,0,0,0,0.0879303,0,0,0,0.202666
150700000000,/,drone1,24,0,"container1",world,11.2497,-5.13571,0,0.0879428,0,0,0,0.0879428,0,0,0,0.202703
150776000000,/,drone2,14,1,"container2",world,12.7374,3.45665,0,0.0877014,0,0,0,0.0877014,0,0,0,0.202251
150776000000,/,drone1,24,0,"container1",world,11.2497,-5.13355,0,0.0875894,0,0,0,0.0875894,0,0,0,0.202059
150804000000,/,drone2,14,1,"container2",world,12.7335,3.45939,0,0.0879449,0,0,0,0.0879449,0,0,0,0.202675
150804000000,/,drone1,24,0,"container1",world,11.25,-5.13217,0,0.0880383,0,0,0,0.0880383,0,0,0,0.202844
150860000000,/,drone2,14,1,"container2",world,12.729,3.462,0,0.0879441,0,0,0,0.0879441,0,0,0,0.202672
150860000000,/,drone1,24,0,"container1",world,11.2504,-5.13113,0,0.0879671,0,0,0,0.0879671,0,0,0,0.202718
150900000000,/,drone2,14,1,"container2",world,12.7244,3.46445,0,0.0878335,0,0,0,0.0878335,0,0,0,0.202472
150900000000,/,drone1,24,0,"container1",world,11.2506,-5.12832,0,0.0881329,0,0,0,0.0881329,0,0,0,0.20301
150956000000,/,drone2,14,1,"container2",world,12.717,3.4681,0,0.0879936,0,0,0,0.0879936,0,0,0,0.202763
150956000000,/,drone1,24,0,"container1",world,11.252,-5.12912,0,0.0881478,0,0,0,0.0881478,0,0,0,0.203045
151000000000,/,drone2,14,1,"container2",world,12.7088,3.47206,0,0.0878432,0,0,0,0.0878432,0,0,0,0.202498
151000000000,/,drone1,24,0,"container1",world,11.2571,-5.12947,0,0.0878066,0,0,0,0.0878066,0,0,0,0.20244
151036000000,/,drone2,14,1,"container2",world,12.703,3.47519,0,0.088117,0,0,0,0.088117,0,0,0,0.202986
151036000000,/,drone1,24,0,"container1",world,11.261,-5.12943,0,0.0882439,0,0,0,0.0882439,0,0,0,0.203216
151084000000,/,drone2,14,1,"container2",world,12.6988,3.47774,0,0.0881209,0,0,0,0.0881209,0,0,0,0.202999
151084000000,/,drone1,24,0,"container1",world,11.2641,-5.12955,0,0.0881547,0,0,0,0.0881547,0,0,0,0.203067
151112000000,/,drone2,14,1,"container2",world,12.6957,3.47992,0,0.0880033,0,0,0,0.0880033,0,0,0,0.202795
151112000000,/,drone1,24,0,"container1",world,11.2668,-5.13007,0,0.0880726,0,0,0,0.0880726,0,0,0,0.202924
151176000000,/,drone2,14,1,"container2",world,12.694,3.48213,0,0.0877383,0,0,0,0.0877383,0,0,0,0.202317
151176000000,/,drone1,24,0,"container1",world,11.27,-5.13131,0,0.0879497,0,0,0,0.0879497,0,0,0,0.2027
151204000000,/,drone2,14,1,"container2",world,12.6934,3.48343,0,0.0879632,0,0,0,0.0879632,0,0,0,0.202707
151204000000,/,drone1,24,0,"container1",world,11.2716,-5.13442,0,0.0880966,0,0,0,0.0880966,0,0,0,0.202957
151276000000,/,drone2,14,1,"container2",world,12.6942,3.48406,0,0.0878431,0,0,0,0.0878431,0,0,0,0.20249
151276000000,/,drone1,24,0,"container1",world,11.274,-5.13616,0,0.0880178,0,0,0,0.0880178,0,0,0,0.202816
151300000000,/,drone2,14,1,"container2",world,12.6953,3.48431,0,0.088132,0,0,0,0.088132,0,0,0,0.203002
151300000000,/,drone1,24,0,"container1",world,11.2754,-5.1394,0,0.0881717,0,0,0,0.0881717,0,0,0,0.203089
151356000000,/,drone2,14,1,"container2",world,12.6971,3.48424,0,0.0881424,0,0,0,0.0881424,0,0,0,0.203026
151356000000,/,drone1,24,0,"container1",world,11.2766,-5.14055,0,0.0881436,0,0,0,0.0881436,0,0,0,0.203042
151400000000,/,drone2,14,1,"container2",world,12.7006,3.48294,0,0.0879181,0,0,0,0.0879181,0,0,0,0.202631
151400000000,/,drone1,24,0,"container1",world,11.2875,-5.13416,0,0.0878056,0,0,0,0.0878056,0,0,0,0.202436
151452000000,/,drone2,14,1,"container2",world,12.7031,3.48161,0,0.0881542,0,0,0,0.0881542,0,0,0,0.203051
151452000000,/,drone1,24,0,"container1",world,11.2918,-5.13237,0,0.0882437,0,0,0,0.0882437,0,0,0,0.203212
151484000000,/,drone2,14,1,"container2",world,12.7056,3.47925,0,0.08802,0,0,0,0.08802,0,0,0,0.202821
151484000000,/,drone1,24,0,"container1",world,11.2955,-5.13124,0,0.0879753,0,0,0,0.0879753,0,0,0,0.202747
151540000000,/,drone2,14,1,"container2",world,12.7072,3.47729,0,0.0878443,0,0,0,0.0878443,0,0,0,0.20251
151540000000,/,drone1,24,0,"container1",world,11.2974,-5.13035,0,0.0877448,0,0,0,0.0877448,0,0,0,0.202335
151592000000,/,drone2,14,1,"container2",world,12.7081,3.47548,0,0.0876581,0,0,0,0.0876581,0,0,0,0.202173
151592000000,/,drone1,24,0,"container1",world,11.2999,-5.12618,0,0.0878988,0,0,0,0.0878988,0,0,0,0.202593
151636000000,/,drone2,14,1,"container2",world,12.7086,3.47354,0,0.0879235,0,0,0,0.0879235,0,0,0,0.202636
151636000000,/,drone1,24,0,"container1",world,11.3008,-5.12704,0,0.0879932,0,0,0,0.0879932,0,0,0,0.202756
151688000000,/,drone2,14,1,"container2",world,12.7095,3.46885,0,0.0881717,0,0,0,0.0881717,0,0,0,0.203074
151688000000,/,drone1,24,0,"container1",world,11.3004,-5.12805,0,0.0879656,0,0,0,0.0879656,0,0,0,0.202705
151756000000,/,drone2,14,1,"container2",world,12.7099,3.46652,0,0.088295,0,0,0,0.088295,0,0,0,0.203291
151756000000,/,drone1,24,0,"container1",world,11.3012,-5.12508,0,0.0883054,0,0,0,0.0883054,0,0,0,0.203308
151836000000,/,drone2,14,1,"container2",world,12.7124,3.46339,0,0.0879952,0,0,0,0.0879952,0,0,0,0.202765
151836000000,/,drone1,24,0,"container1",world,11.3,-5.12201,0,0.0879559,0,0,0,0.0879559,0,0,0,0.2027
151900000000,/,drone2,14,1,"container2",world,12.7143,3.46151,0,0.0881924,0,0,0,0.0881924,0,0,0,0.203117
151900000000,/,drone1,24,0,"container1",world,11.2992,-5.12006,0,0.0882807,0,0,0,0.0882807,0,0,0,0.203277
151992000000,/,drone2,14,1,"container2",world,12.7159,3.46057,0,0.0881587,0,0,0,0.0881587,0,0,0,0.203065
151992000000,/,drone1,24,0,"container1",world,11.2975,-5.11953,0,0.0880446,0,0,0,0.0880446,0,0,0,0.202869
152068000000,/,drone2,14,1,"container2",world,12.7167,3.46011,0,0.0881418,0,0,0,0.0881418,0,0,0,0.203039
152068000000,/,drone1,24,0,"container1",world,11.2967,-5.11889,0,0.0877795,0,0,0,0.0877795,0,0,0,0.20239
152136000000,/,drone2,14,1,"container2",world,12.7171,3.45987,0,0.0881333,0,0,0,0.0881333,0,0,0,0.203026
152136000000,/,drone1,24,0,"container1",world,11.2966,-5.11873,0,0.0877128,0,0,0,0.0877128,0,0,0,0.20227
152232000000,/,drone2,14,1,"container2",world,12.7227,3.46108,0,0.0881431,0,0,0,0.0881431,0,0,0,0.203038
152232000000,/,drone1,24,0,"container1",world,11.2812,-5.11179,0,0.0879225,0,0,0,0.0879225,0,0,0,0.202644
152300000000,/,drone2,14,1,"container2",world,12.725,3.4641,0,0.0882658,0,0,0,0.0882658,0,0,0,0.203253
152300000000,/,drone1,24,0,"container1",world,11.2707,-5.1066,0,0.0882725,0,0,0,0.0882725,0,0,0,0.203263
152396000000,/,drone2,14,1,"container2",world,12.7249,3.46817,0,0.0880762,0,0,0,0.0880762,0,0,0,0.202923
152396000000,/,drone1,24,0,"container1",world,11.2648,-5.10249,0,0.0879825,0,0,0,0.0879825,0,0,0,0.20276
152460000000,/,drone2,14,1,"container2",world,12.7247,3.4749,0,0.08809,0,0,0,0.08809,0,0,0,0.202953
152460000000,/,drone1,24,0,"container1",world,11.2607,-5.09731,0,0.0880735,0,0,0,0.0880735,0,0,0,0.202926
152552000000,/,drone2,14,1,"container2",world,12.725,3.48176,0,0.0878708,0,0,0,0.0878708,0,0,0,0.202563
152552000000,/,drone1,24,0,"container1",world,11.2628,-5.09442,0,0.0876592,0,0,0,0.0876592,0,0,0,0.20218
152620000000,/,drone2,14,1,"container2",world,12.7257,3.48695,0,0.0876634,0,0,0,0.0876634,0,0,0,0.202186
152620000000,/,drone1,24,0,"container1",world,11.2681,-5.09074,0,0.0877442,0,0,0,0.0877442,0,0,0,0.202321
152700000000,/,drone2,14,1,"container2",world,12.7261,3.48957,0,0.087559,0,0,0,0.087559,0,0,0,0.201997
152700000000,/,drone1,24,0,"container1",world,11.2741,-5.08755,0,0.0880065,0,0,0,0.0880065,0,0,0,0.202782
152800000000,/,drone2,14,1,"container2",world,12.7262,3.49088,0,0.0875067,0,0,0,0.0875067,0,0,0,0.201901
152800000000,/,drone1,24,0,"container1",world,11.2798,-5.0877,0,0.0878175,0,0,0,0.0878175,0,0,0,0.202454
152892000000,/,drone2,14,1,"container2",world,12.7263,3.49153,0,0.0874805,0,0,0,0.0874805,0,0,0,0.201854
152892000000,/,drone1,24,0,"container1",world,11.2869,-5.08696,0,0.0878791,0,0,0,0.0878791,0,0,0,0.202568
152956000000,/,drone2,14,1,"container2",world,12.734,3.51741,0,0.0886196,0,0,0,0.0886196,0,0,0,0.204727
152956000000,/,drone1,24,0,"container1",world,11.2908,-5.10423,0,0.0881489,0,0,0,0.0881489,0,0,0,0.203468
153052000000,/,drone2,14,1,"container2",world,12.738,3.53341,0,0.0891139,0,0,0,0.0891139,0,0,0,0.206008
153052000000,/,drone1,24,0,"container1",world,11.2958,-5.10591,0,0.0882972,0,0,0,0.0882972,0,0,0,0.203813
153120000000,/,drone2,14,1,"container2",world,12.7399,3.54127,0,0.0893568,0,0,0,0.0893568,0,0,0,0.206638
153120000000,/,drone1,24,0,"container1",world,11.2991,-5.10704,0,0.0884443,0,0,0,0.0884443,0,0,0,0.204077
153200000000,/,drone2,14,1,"container2",world,12.7409,3.54517,0,0.0894772,0,0,0,0.0894772,0,0,0,0.20695
153200000000,/,drone1,24,0,"container1",world,11.2991,-5.10574,0,0.088057,0,0,0,0.088057,0,0,0,0.203351
153280000000,/,drone2,14,1,"container2",world,12.7414,3.54711,0,0.0895371,0,0,0,0.0895371,0,0,0,0.207105
153280000000,/,drone1,24,0,"container1",world,11.2976,-5.10477,0,0.0882249,0,0,0,0.0882249,0,0,0,0.203607
153388000000,/,drone2,14,1,"container2",world,12.7471,3.56514,0,0.156603,0,0,0,0.156603,0,0,0,0.326533
153388000000,/,drone1,24,0,"container1",world,11.2966,-5.10329,0,0.0877192,0,0,0,0.0877192,0,0,0,0.202617
153452000000,/,drone2,14,1,"container2",world,12.7486,3.56766,0,0.152755,0,0,0,0.152755,0,0,0,0.324657
153452000000,/,drone1,24,0,"container1",world,11.2968,-5.10198,0,0.0877463,0,0,0,0.0877463,0,0,0,0.202572
153516000000,/,drone2,14,1,"container2",world,12.7494,3.56898,0,0.150738,0,0,0,0.150738,0,0,0,0.323644
153516000000,/,drone1,24,0,"container1",world,11.2986,-5.10024,0,0.0880637,0,0,0,0.0880637,0,0,0,0.203086
153600000000,/,drone2,14,1,"container2",world,12.7498,3.56966,0,0.149704,0,0,0,0.149704,0,0,0,0.323116
153600000000,/,drone1,24,0,"container1",world,11.3019,-5.09718,0,0.0883098,0,0,0,0.0883098,0,0,0,0.20346
153688000000,/,drone2,14,1,"container2",world,12.7543,3.5752,0,0.184485,0,0,0,0.184485,0,0,0,0.390355
153688000000,/,drone1,24,0,"container1",world,11.3045,-5.09481,0,0.0879924,0,0,0,0.0879924,0,0,0,0.202866
153784000000,/,drone2,14,1,"container2",world,12.7556,3.57689,0,0.195067,0,0,0,0.195067,0,0,0,0.410292
153784000000,/,drone1,24,0,"container1",world,11.3072,-5.0933,0,0.0881384,0,0,0,0.0881384,0,0,0,0.203064
153860000000,/,drone2,14,1,"container2",world,12.7562,3.57762,0,0.199631,0,0,0,0.199631,0,0,0,0.418817
153860000000,/,drone1,24,0,"container1",world,11.3099,-5.08916,0,0.0881774,0,0,0,0.0881774,0,0,0,0.203105
153936000000,/,drone2,14,1,"container2",world,12.7565,3.57796,0,0.201773,0,0,0,0.201773,0,0,0,0.422802
153936000000,/,drone1,24,0,"container1",world,11.3115,-5.09139,0,0.0879825,0,0,0,0.0879825,0,0,0,0.20275
154012000000,/,drone2,14,1,"container2",world,12.7566,3.57812,0,0.202812,0,0,0,0.202812,0,0,0,0.424732
154012000000,/,drone1,24,0,"container1",world,11.3129,-5.09185,0,0.0882933,0,0,0,0.0882933,0,0,0,0.20329
154100000000,/,drone2,14,1,"container2",world,12.7567,3.5782,0,0.203324,0,0,0,0.203324,0,0,0,0.425683
154100000000,/,drone1,24,0,"container1",world,11.3129,-5.09191,0,0.0878868,0,0,0,0.0878868,0,0,0,0.202571
154188000000,/,drone2,14,1,"container2",world,12.7567,3.57825,0,0.203578,0,0,0,0.203578,0,0,0,0.426155
154188000000,/,drone1,24,0,"container1",world,11.3115,-5.0895,0,0.0879901,0,0,0,0.0879901,0,0,0,0.202741
154276000000,/,drone2,14,1,"container2",world,12.7567,3.57827,0,0.203705,0,0,0,0.203705,0,0,0,0.42639
154276000000,/,drone1,24,0,"container1",world,11.308,-5.08654,0,0.0881327,0,0,0,0.0881327,0,0,0,0.202992
154364000000,/,drone2,14,1,"container2",world,12.7567,3.57828,0,0.203768,0,0,0,0.203768,0,0,0,0.426507
154364000000,/,drone1,24,0,"container1",world,11.3029,-5.08698,0,0.0878043,0,0,0,0.0878043,0,0,0,0.202415
154364000000,/,drone3,26,2,"container3",world,10.9999,10.5786,0,0.400664,0,0,0,0.400664,0,0,0,0.858496
154432000000,/,drone2,14,1,"container2",world,12.7679,3.57704,0,0.179101,0,0,0,0.179101,0,0,0,0.398557
154432000000,/,drone1,24,0,"container1",world,11.2952,-5.14534,0,0.0923806,0,0,0,0.0923806,0,0,0,0.210934
154432000000,/,drone3,26,2,"container3",world,11.0019,10.5814,0,0.357216,0,0,0,0.357216,0,0,0,0.788562
154504000000,/,drone2,14,1,"container2",world,12.776,3.57601,0,0.158349,0,0,0,0.158349,0,0,0,0.368186
154504000000,/,drone1,24,0,"container1",world,11.2909,-5.14624,0,0.0920461,0,0,0,0.0920461,0,0,0,0.210691
154504000000,/,drone3,26,2,"container3",world,11.0037,10.584,0,0.32342,0,0,0,0.32342,0,0,0,0.729163
154600000000,/,drone2,14,1,"container2",world,12.7823,3.5752,0,0.142206,0,0,0,0.142206,0,0,0,0.342608
154600000000,/,drone1,24,0,"container1",world,11.2864,-5.14438,0,0.0920783,0,0,0,0.0920783,0,0,0,0.210821
154600000000,/,drone3,26,2,"container3",world,11.0057,10.5869,0,0.295328,0,0,0,0.295328,0,0,0,0.67465
154672000000,/,drone2,14,1,"container2",world,12.7868,3.57463,0,0.130754,0,0,0,0.130754,0,0,0,0.323311
154672000000,/,drone1,24,0,"container1",world,11.2841,-5.14141,0,0.092288,0,0,0,0.092288,0,0,0,0.2112
154672000000,/,drone3,26,2,"container3",world,11.008,10.5904,0,0.271371,0,0,0,0.271371,0,0,0,0.621494
154764000000,/,drone2,14,1,"container2",world,12.789,3.57077,0,0.120623,0,0,0,0.120623,0,0,0,0.297357
154764000000,/,drone1,24,0,"container1",world,11.2752,-5.20322,0,0.0986096,0,0,0,0.0986096,0,0,0,0.223976
154764000000,/,drone3,26,2,"container3",world,11.011,10.5948,0,0.248677,0,0,0,0.248677,0,0,0,0.567582
154820000000,/,drone2,14,1,"container2",world,12.7873,3.56693,0,0.112381,0,0,0,0.112381,0,0,0,0.275605
154820000000,/,drone1,24,0,"container1",world,11.2766,-5.1899,0,0.0974606,0,0,0,0.0974606,0,0,0,0.222615
154820000000,/,drone3,26,2,"container3",world,11.0161,10.6013,0,0.226723,0,0,0,0.226723,0,0,0,0.51168
154904000000,/,drone2,14,1,"container2",world,12.783,3.56353,0,0.105676,0,0,0,0.105676,0,0,0,0.25757
154904000000,/,drone1,24,0,"container1",world,11.2799,-5.16623,0,0.0949805,0,0,0,0.0949805,0,0,0,0.21845
154904000000,/,drone3,26,2,"container3",world,11.0231,10.6091,0,0.205269,0,0,0,0.205269,0,0,0,0.457231
154996000000,/,drone2,14,1,"container2",world,12.7771,3.56016,0,0.100799,0,0,0,0.100799,0,0,0,0.243616
154996000000,/,drone1,24,0,"container1",world,11.2834,-5.14399,0,0.0933401,0,0,0,0.0933401,0,0,0,0.215506
154996000000,/,drone3,26,2,"container3",world,11.0325,10.6182,0,0.184653,0,0,0,0.184653,0,0,0,0.405848
155068000000,/,drone2,14,1,"container2",world,12.769,3.55721,0,0.0970312,0,0,0,0.0970312,0,0,0,0.232593
155068000000,/,drone1,24,0,"container1",world,11.2846,-5.12301,0,0.0918679,0,0,0,0.0918679,0,0,0,0.212696
155068000000,/,drone3,26,2,"container3",world,11.0454,10.6292,0,0.165562,0,0,0,0.165562,0,0,0,0.361098
155160000000,/,drone2,14,1,"container2",world,12.7644,3.55551,0,0.094873,0,0,0,0.094873,0,0,0,0.22636
155160000000,/,drone1,24,0,"container1",world,11.2821,-5.12131,0,0.0911712,0,0,0,0.0911712,0,0,0,0.211439
155160000000,/,drone3,26,2,"container3",world,11.0594,10.6404,0,0.14882,0,0,0,0.14882,0,0,0,0.324517
155236000000,/,drone2,14,1,"container2",world,12.7619,3.5546,0,0.093707,0,0,0,0.093707,0,0,0,0.223016
155236000000,/,drone1,24,0,"container1",world,11.2802,-5.12009,0,0.091182,0,0,0,0.091182,0,0,0,0.211444
155236000000,/,drone3,26,2,"container3",world,11.076,10.654,0,0.134936,0,0,0,0.134936,0,0,0,0.297374
155300000000,/,drone2,14,1,"container2",world,12.7554,3.55389,0,0.101923,0,0,0,0.101923,0,0,0,0.235811
155300000000,/,drone1,24,0,"container1",world,11.2702,-5.12071,0,0.0916256,0,0,0,0.0916256,0,0,0,0.2124
155300000000,/,drone3,26,2,"container3",world,11.0896,10.6659,0,0.124128,0,0,0,0.124128,0,0,0,0.277885
155380000000,/,drone2,14,1,"container2",world,12.7528,3.5536,0,0.105314,0,0,0,0.105314,0,0,0,0.240887
155380000000,/,drone1,24,0,"container1",world,11.265,-5.11681,0,0.0916072,0,0,0,0.0916072,0,0,0,0.212295
155380000000,/,drone3,26,2,"container3",world,11.099,10.6753,0,0.116482,0,0,0,0.116482,0,0,0,0.265424
155432000000,/,drone2,14,1,"container2",world,12.7515,3.55347,0,0.106883,0,0,0,0.106883,0,0,0,0.243196
155432000000,/,drone1,24,0,"container1",world,11.262,-5.10088,0,0.0908113,0,0,0,0.0908113,0,0,0,0.210469
155432000000,/,drone3,26,2,"container3",world,11.1019,10.6845,0,0.110665,0,0,0,0.110665,0,0,0,0.257463
155468000000,/,drone2,14,1,"container2",world,12.7509,3.5534,0,0.10764,0,0,0,0.10764,0,0,0,0.244301
155468000000,/,drone1,24,0,"container1",world,11.2606,-5.09082,0,0.0897571,0,0,0,0.0897571,0,0,0,0.208246
155468000000,/,drone3,26,2,"container3",world,11.1031,10.6903,0,0.106743,0,0,0,0.106743,0,0,0,0.252138
155532000000,/,drone2,14,1,"container2",world,12.7507,3.55337,0,0.108012,0,0,0,0.108012,0,0,0,0.244842
155532000000,/,drone1,24,0,"container1",world,11.2597,-5.08561,0,0.0891375,0,0,0,0.0891375,0,0,0,0.206924
155532000000,/,drone3,26,2,"container3",world,11.1036,10.6949,0,0.103461,0,0,0,0.103461,0,0,0,0.247764
155568000000,/,drone2,14,1,"container2",world,12.7505,3.55336,0,0.108196,0,0,0,0.108196,0,0,0,0.24511
155568000000,/,drone1,24,0,"container1",world,11.2586,-5.07921,0,0.0890127,0,0,0,0.0890127,0,0,0,0.206413
155568000000,/,drone3,26,2,"container3",world,11.1037,10.7002,0,0.101083,0,0,0,0.101083,0,0,0,0.244752
155600000000,/,drone2,14,1,"container2",world,12.7504,3.55335,0,0.108288,0,0,0,0.108288,0,0,0,0.245244
155600000000,/,drone1,24,0,"container1",world,11.2577,-5.07553,0,0.0886901,0,0,0,0.0886901,0,0,0,0.205653
155600000000,/,drone3,26,2,"container3",world,11.1046,10.704,0,0.0993002,0,0,0,0.0993002,0,0,0,0.242265
155664000000,/,drone2,14,1,"container2",world,12.7504,3.55335,0,0.108334,0,0,0,0.108334,0,0,0,0.24531
155664000000,/,drone1,24,0,"container1",world,11.2566,-5.07111,0,0.0887952,0,0,0,0.0887952,0,0,0,0.205568
155664000000,/,drone3,26,2,"container3",world,11.1055,10.708,0,0.0978811,0,0,0,0.0978811,0,0,0,0.24018
155696000000,/,drone2,14,1,"container2",world,12.7504,3.55334,0,0.108356,0,0,0,0.108356,0,0,0,0.245343
155696000000,/,drone1,24,0,"container1",world,11.2558,-5.06855,0,0.0885609,0,0,0,0.0885609,0,0,0,0.204991
155696000000,/,drone3,26,2,"container3",world,11.1059,10.7099,0,0.0966644,0,0,0,0.0966644,0,0,0,0.23814
155756000000,/,drone2,14,1,"container2",world,12.7504,3.55334,0,0.108368,0,0,0,0.108368,0,0,0,0.24536
155756000000,/,drone1,24,0,"container1",world,11.2551,-5.06667,0,0.0882706,0,0,0,0.0882706,0,0,0,0.204341
155756000000,/,drone3,26,2,"container3",world,11.1056,10.7111,0,0.09559,0,0,0,0.09559,0,0,0,0.236147
155796000000,/,drone2,14,1,"container2",world,12.7504,3.55334,0,0.108374,0,0,0,0.108374,0,0,0,0.245368
155796000000,/,drone1,24,0,"container1",world,11.2536,-5.06427,0,0.0878115,0,0,0,0.0878115,0,0,0,0.203302
155796000000,/,drone3,26,2,"container3",world,11.1055,10.7121,0,0.0942526,0,0,0,0.0942526,0,0,0,0.233335
155844000000,/,drone2,14,1,"container2",world,12.7301,3.54289,0,0.366973,0,0,0,0.366973,0,0,0,0.708875
155844000000,/,drone1,24,0,"container1",world,11.2522,-5.06288,0,0.0882052,0,0,0,0.0882052,0,0,0,0.203858
155844000000,/,drone3,26,2,"container3",world,11.1046,10.7121,0,0.0936624,0,0,0,0.0936624,0,0,0,0.231921
155896000000,/,drone2,14,1,"container2",world,12.7301,3.54137,0,0.324364,0,0,0,0.324364,0,0,0,0.657979
155896000000,/,drone1,24,0,"container1",world,11.2493,-5.06233,0,0.0879184,0,0,0,0.0879184,0,0,0,0.203176
155896000000,/,drone3,26,2,"container3",world,11.1035,10.7094,0,0.0926631,0,0,0,0.0926631,0,0,0,0.229402
155928000000,/,drone2,14,1,"container2",world,12.7299,3.54018,0,0.286359,0,0,0,0.286359,0,0,0,0.60728
155928000000,/,drone1,24,0,"container1",world,11.2472,-5.06233,0,0.0883564,0,0,0,0.0883564,0,0,0,0.203849
155928000000,/,drone3,26,2,"container3",world,11.103,10.708,0,0.0921466,0,0,0,0.0921466,0,0,0,0.228101
155980000000,/,drone2,14,1,"container2",world,12.7291,3.5391,0,0.253053,0,0,0,0.253053,0,0,0,0.558221
155980000000,/,drone1,24,0,"container1",world,11.2447,-5.06622,0,0.0881383,0,0,0,0.0881383,0,0,0,0.203395
155980000000,/,drone3,26,2,"container3",world,11.1035,10.7057,0,0.0917036,0,0,0,0.0917036,0,0,0,0.226578
156000000000,/,drone2,14,1,"container2",world,12.7279,3.53772,0,0.224073,0,0,0,0.224073,0,0,0,0.511661
156000000000,/,drone1,24,0,"container1",world,11.2442,-5.06603,0,0.0880157,0,0,0,0.0880157,0,0,0,0.203113
156000000000,/,drone3,26,2,"container3",world,11.1047,10.7042,0,0.0911835,0,0,0,0.0911835,0,0,0,0.224946
156088000000,/,drone2,14,1,"container2",world,12.7255,3.53487,0,0.198408,0,0,0,0.198408,0,0,0,0.466621
156088000000,/,drone1,24,0,"container1",world,11.2421,-5.06874,0,0.0883375,0,0,0,0.0883375,0,0,0,0.203582
156088000000,/,drone3,26,2,"container3",world,11.1076,10.702,0,0.0908553,0,0,0,0.0908553,0,0,0,0.223379
156100000000,/,drone2,14,1,"container2",world,12.7235,3.53251,0,0.177094,0,0,0,0.177094,0,0,0,0.427113
156100000000,/,drone1,24,0,"container1",world,11.2408,-5.07207,0,0.0882868,0,0,0,0.0882868,0,0,0,0.203473
156100000000,/,drone3,26,2,"container3",world,11.1102,10.7004,0,0.0904273,0,0,0,0.0904273,0,0,0,0.221772
156160000000,/,drone2,14,1,"container2",world,12.7196,3.52807,0,0.157416,0,0,0,0.157416,0,0,0,0.386649
156160000000,/,drone1,24,0,"container1",world,11.2411,-5.07277,0,0.0878162,0,0,0,0.0878162,0,0,0,0.202528
156160000000,/,drone3,26,2,"container3",world,11.1145,10.6988,0,0.0897651,0,0,0,0.0897651,0,0,0,0.219465
156200000000,/,drone2,14,1,"container2",world,12.7163,3.52436,0,0.140934,0,0,0,0.140934,0,0,0,0.351594
156200000000,/,drone1,24,0,"container1",world,11.241,-5.07452,0,0.0875992,0,0,0,0.0875992,0,0,0,0.202107
156200000000,/,drone3,26,2,"container3",world,11.1189,10.6977,0,0.0892362,0,0,0,0.0892362,0,0,0,0.2176
156256000000,/,drone2,14,1,"container2",world,12.7133,3.52121,0,0.127616,0,0,0,0.127616,0,0,0,0.321688
156256000000,/,drone1,24,0,"container1",world,11.2409,-5.07696,0,0.0877282,0,0,0,0.0877282,0,0,0,0.202308
156256000000,/,drone3,26,2,"container3",world,11.1272,10.6955,0,0.0890441,0,0,0,0.0890441,0,0,0,0.216152
156300000000,/,drone2,14,1,"container2",world,12.7098,3.51864,0,0.116463,0,0,0,0.116463,0,0,0,0.294865
156300000000,/,drone1,24,0,"container1",world,11.2408,-5.07565,0,0.0876442,0,0,0,0.0876442,0,0,0,0.20213
156300000000,/,drone3,26,2,"container3",world,11.1343,10.6938,0,0.0887725,0,0,0,0.0887725,0,0,0,0.214782
156356000000,/,drone2,14,1,"container2",world,12.7068,3.51693,0,0.108242,0,0,0,0.108242,0,0,0,0.274058
156356000000,/,drone1,24,0,"container1",world,11.2408,-5.07733,0,0.0878027,0,0,0,0.0878027,0,0,0,0.202398
156356000000,/,drone3,26,2,"container3",world,11.1415,10.6923,0,0.0889241,0,0,0,0.0889241,0,0,0,0.214317
156400000000,/,drone2,14,1,"container2",world,12.7046,3.51595,0,0.101692,0,0,0,0.101692,0,0,0,0.256213
156400000000,/,drone1,24,0,"container1",world,11.2419,-5.07622,0,0.0877135,0,0,0,0.0877135,0,0,0,0.202234
156400000000,/,drone3,26,2,"container3",world,11.1516,10.6901,0,0.0886548,0,0,0,0.0886548,0,0,0,0.212866
156456000000,/,drone2,14,1,"container2",world,12.7031,3.51532,0,0.097106,0,0,0,0.097106,0,0,0,0.243216
156456000000,/,drone1,24,0,"container1",world,11.2452,-5.07663,0,0.0880971,0,0,0,0.0880971,0,0,0,0.202916
156456000000,/,drone3,26,2,"container3",world,11.1597,10.6876,0,0.0883726,0,0,0,0.0883726,0,0,0,0.211585
156500000000,/,drone2,14,1,"container2",world,12.7014,3.51468,0,0.0939659,0,0,0,0.0939659,0,0,0,0.232828
156500000000,/,drone1,24,0,"container1",world,11.2473,-5.07869,0,0.0881685,0,0,0,0.0881685,0,0,0,0.203056
156500000000,/,drone3,26,2,"container3",world,11.1694,10.685,0,0.088385,0,0,0,0.088385,0,0,0,0.210696
156588000000,/,drone2,14,1,"container2",world,12.7,3.51422,0,0.091868,0,0,0,0.091868,0,0,0,0.22557
156588000000,/,drone1,24,0,"container1",world,11.2484,-5.07905,0,0.088006,0,0,0,0.088006,0,0,0,0.202777
156588000000,/,drone3,26,2,"container3",world,11.1768,10.6826,0,0.0882487,0,0,0,0.0882487,0,0,0,0.209747
156652000000,/,drone2,14,1,"container2",world,12.6979,3.51333,0,0.0902577,0,0,0,0.0902577,0,0,0,0.219206
156652000000,/,drone1,24,0,"container1",world,11.2499,-5.07864,0,0.0876531,0,0,0,0.0876531,0,0,0,0.202146
156652000000,/,drone3,26,2,"container3",world,11.184,10.6803,0,0.0879394,0,0,0,0.0879394,0,0,0,0.208371
156720000000,/,drone2,14,1,"container2",world,12.6934,3.51056,0,0.0893801,0,0,0,0.0893801,0,0,0,0.213842
156720000000,/,drone1,24,0,"container1",world,11.2522,-5.07699,0,0.0877493,0,0,0,0.0877493,0,0,0,0.202327
156720000000,/,drone3,26,2,"container3",world,11.1876,10.6792,0,0.0877824,0,0,0,0.0877824,0,0,0,0.207676
156800000000,/,drone2,14,1,"container2",world,12.6882,3.50729,0,0.0891533,0,0,0,0.0891533,0,0,0,0.210497
156800000000,/,drone1,24,0,"container1",world,11.2529,-5.07582,0,0.0880935,0,0,0,0.0880935,0,0,0,0.202964
156800000000,/,drone3,26,2,"container3",world,11.1953,10.6798,0,0.0881363,0,0,0,0.0881363,0,0,0,0.207324
156884000000,/,drone2,14,1,"container2",world,12.6829,3.5034,0,0.088868,0,0,0,0.088868,0,0,0,0.207794
156884000000,/,drone1,24,0,"container1",world,11.2527,-5.07531,0,0.0878293,0,0,0,0.0878293,0,0,0,0.202512
156884000000,/,drone3,26,2,"container3",world,11.2039,10.6815,0,0.0879378,0,0,0,0.0879378,0,0,0,0.206037
156984000000,/,drone2,14,1,"container2",world,12.6766,3.49859,0,0.0889356,0,0,0,0.0889356,0,0,0,0.206095
156984000000,/,drone1,24,0,"container1",world,11.2518,-5.07278,0,0.0881542,0,0,0,0.0881542,0,0,0,0.203111
156984000000,/,drone3,26,2,"container3",world,11.2095,10.6828,0,0.0881831,0,0,0,0.0881831,0,0,0,0.205873
157052000000,/,drone2,14,1,"container2",world,12.6695,3.49362,0,0.0892183,0,0,0,0.0892183,0,0,0,0.205333
157052000000,/,drone1,24,0,"container1",world,11.2457,-5.0742,0,0.0882027,0,0,0,0.0882027,0,0,0,0.203198
157052000000,/,drone3,26,2,"container3",world,11.2127,10.6832,0,0.0878458,0,0,0,0.0878458,0,0,0,0.204556
157116000000,/,drone2,14,1,"container2",world,12.664,3.4888,0,0.0891559,0,0,0,0.0891559,0,0,0,0.204545
157116000000,/,drone1,24,0,"container1",world,11.2416,-5.07481,0,0.087864,0,0,0,0.087864,0,0,0,0.202602
157116000000,/,drone3,26,2,"container3",world,11.213,10.6822,0,0.0879099,0,0,0,0.0879099,0,0,0,0.204149
157204000000,/,drone2,14,1,"container2",world,12.6599,3.48337,0,0.0893603,0,0,0,0.0893603,0,0,0,0.204602
157204000000,/,drone1,24,0,"container1",world,11.2381,-5.0751,0,0.0880983,0,0,0,0.0880983,0,0,0,0.203034
157204000000,/,drone3,26,2,"container3",world,11.2117,10.6806,0,0.0881806,0,0,0,0.0881806,0,0,0,0.204238
157300000000,/,drone2,14,1,"container2",world,12.6574,3.47931,0,0.089336,0,0,0,0.089336,0,0,0,0.204452
157300000000,/,drone1,24,0,"container1",world,11.2352,-5.07651,0,0.0878647,0,0,0,0.0878647,0,0,0,0.202624
157300000000,/,drone3,26,2,"container3",world,11.2089,10.6792,0,0.0879538,0,0,0,0.0879538,0,0,0,0.203506
157380000000,/,drone2,14,1,"container2",world,12.9255,2.68966,0,0.640881,0,0,0,0.640881,0,0,0,1.16494
157380000000,/,drone1,24,0,"container1",world,11.2319,-5.07457,0,0.0877939,0,0,0,0.0877939,0,0,0,0.202501
157380000000,/,drone3,26,2,"container3",world,11.2062,10.6783,0,0.0879358,0,0,0,0.0879358,0,0,0,0.203218
157464000000,/,drone2,14,1,"container2",world,12.9238,2.70559,0,0.554563,0,0,0,0.554563,0,0,0,1.06085
157464000000,/,drone1,24,0,"container1",world,11.2278,-5.07549,0,0.0879453,0,0,0,0.0879453,0,0,0,0.202768
157464000000,/,drone3,26,2,"container3",world,11.2057,10.6787,0,0.08772,0,0,0,0.08772,0,0,0,0.202652
157544000000,/,drone2,14,1,"container2",world,12.92,2.7265,0,0.492296,0,0,0,0.492296,0,0,0,0.97644
157544000000,/,drone1,24,0,"container1",world,11.2228,-5.07655,0,0.0878943,0,0,0,0.0878943,0,0,0,0.20266
157544000000,/,drone3,26,2,"container3",world,11.2077,10.6777,0,0.0878473,0,0,0,0.0878473,0,0,0,0.202751
157608000000,/,drone2,14,1,"container2",world,12.9156,2.74873,0,0.429735,0,0,0,0.429735,0,0,0,0.884944
157608000000,/,drone1,24,0,"container1",world,11.2178,-5.07905,0,0.0880926,0,0,0,0.0880926,0,0,0,0.203013
157608000000,/,drone3,26,2,"container3",world,11.2088,10.6773,0,0.0879107,0,0,0,0.0879107,0,0,0,0.2028
157700000000,/,drone2,14,1,"container2",world,12.908,2.78065,0,0.387675,0,0,0,0.387675,0,0,0,0.81301
157700000000,/,drone1,24,0,"container1",world,11.2097,-5.07961,0,0.0883172,0,0,0,0.0883172,0,0,0,0.203405
157700000000,/,drone3,26,2,"container3",world,11.213,10.6754,0,0.0878142,0,0,0,0.0878142,0,0,0,0.20256
157776000000,/,drone2,14,1,"container2",world,12.8998,2.81493,0,0.345727,0,0,0,0.345727,0,0,0,0.737013
157776000000,/,drone1,24,0,"container1",world,11.2029,-5.07926,0,0.0879958,0,0,0,0.0879958,0,0,0,0.20284
157776000000,/,drone3,26,2,"container3",world,11.2162,10.6737,0,0.0881151,0,0,0,0.0881151,0,0,0,0.203055
157808000000,/,drone2,14,1,"container2",world,12.8904,2.85137,0,0.302323,0,0,0,0.302323,0,0,0,0.655658
157808000000,/,drone1,24,0,"container1",world,11.1947,-5.07948,0,0.087784,0,0,0,0.087784,0,0,0,0.20244
157808000000,/,drone3,26,2,"container3",world,11.2177,10.6729,0,0.0882642,0,0,0,0.0882642,0,0,0,0.203301
157876000000,/,drone2,14,1,"container2",world,12.8799,2.89033,0,0.257969,0,0,0,0.257969,0,0,0,0.569535
157876000000,/,drone1,24,0,"container1",world,11.1912,-5.07815,0,0.0876689,0,0,0,0.0876689,0,0,0,0.202229
157876000000,/,drone3,26,2,"container3",world,11.2185,10.6725,0,0.0883384,0,0,0,0.0883384,0,0,0,0.203423
157904000000,/,drone2,14,1,"container2",world,12.8649,2.93882,0,0.215625,0,0,0,0.215625,0,0,0,0.479946
157904000000,/,drone1,24,0,"container1",world,11.1869,-5.07761,0,0.0877606,0,0,0,0.0877606,0,0,0,0.202385
157904000000,/,drone3,26,2,"container3",world,11.2225,10.6718,0,0.0880152,0,0,0,0.0880152,0,0,0,0.202844
157972000000,/,drone2,14,1,"container2",world,12.8498,2.99655,0,0.175422,0,0,0,0.175422,0,0,0,0.389319
157972000000,/,drone1,24,0,"container1",world,11.184,-5.07497,0,0.0876544,0,0,0,0.0876544,0,0,0,0.202195
157972000000,/,drone3,26,2,"container3",world,11.2408,10.6689,0,0.091381,0,0,0,0.091381,0,0,0,0.209205
158004000000,/,drone2,14,1,"container2",world,12.8345,3.05545,0,0.140468,0,0,0,0.140468,0,0,0,0.311853
158004000000,/,drone1,24,0,"container1",world,11.1763,-5.07572,0,0.0876828,0,0,0,0.0876828,0,0,0,0.202245
158004000000,/,drone3,26,2,"container3",world,11.2564,10.6678,0,0.0919964,0,0,0,0.0919964,0,0,0,0.210673
158072000000,/,drone2,14,1,"container2",world,12.8202,3.10351,0,0.116651,0,0,0,0.116651,0,0,0,0.259467
158072000000,/,drone1,24,0,"container1",world,11.1694,-5.07569,0,0.0880153,0,0,0,0.0880153,0,0,0,0.202842
158072000000,/,drone3,26,2,"container3",world,11.2674,10.6676,0,0.09238,0,0,0,0.09238,0,0,0,0.211626
158104000000,/,drone2,14,1,"container2",world,12.8139,3.132,0,0.104668,0,0,0,0.104668,0,0,0,0.234463
158104000000,/,drone1,24,0,"container1",world,11.1652,-5.07575,0,0.0879179,0,0,0,0.0879179,0,0,0,0.20267
158104000000,/,drone3,26,2,"container3",world,11.2761,10.667,0,0.0918265,0,0,0,0.0918265,0,0,0,0.210906
158164000000,/,drone2,14,1,"container2",world,12.8138,3.14217,0,0.10017,0,0,0,0.10017,0,0,0,0.22569
158164000000,/,drone1,24,0,"container1",world,11.162,-5.07569,0,0.0877304,0,0,0,0.0877304,0,0,0,0.202332
158164000000,/,drone3,26,2,"container3",world,11.2817,10.6659,0,0.09123,0,0,0,0.09123,0,0,0,0.210013
158200000000,/,drone2,14,1,"container2",world,12.8189,3.14626,0,0.098855,0,0,0,0.098855,0,0,0,0.224298
158200000000,/,drone1,24,0,"container1",world,11.1557,-5.07548,0,0.0880731,0,0,0,0.0880731,0,0,0,0.202918
158200000000,/,drone3,26,2,"container3",world,11.2864,10.6641,0,0.0908297,0,0,0,0.0908297,0,0,0,0.209411
158256000000,/,drone2,14,1,"container2",world,12.8225,3.14931,0,0.0979708,0,0,0,0.0979708,0,0,0,0.223549
158256000000,/,drone1,24,0,"container1",world,11.1518,-5.07556,0,0.0879759,0,0,0,0.0879759,0,0,0,0.202742
158256000000,/,drone3,26,2,"container3",world,11.2891,10.6627,0,0.0903546,0,0,0,0.0903546,0,0,0,0.208624
158300000000,/,drone2,14,1,"container2",world,12.8242,3.15201,0,0.0972057,0,0,0,0.0972057,0,0,0,0.222932
158300000000,/,drone1,24,0,"container1",world,11.1489,-5.07534,0,0.0877862,0,0,0,0.0877862,0,0,0,0.2024
158300000000,/,drone3,26,2,"container3",world,11.2911,10.6618,0,0.0898695,0,0,0,0.0898695,0,0,0,0.20778
158360000000,/,drone2,14,1,"container2",world,12.8285,3.15604,0,0.0966563,0,0,0,0.0966563,0,0,0,0.223153
158360000000,/,drone1,24,0,"container1",world,11.1468,-5.07492,0,0.0878467,0,0,0,0.0878467,0,0,0,0.202509
158360000000,/,drone3,26,2,"container3",world,11.2923,10.6603,0,0.0896095,0,0,0,0.0896095,0,0,0,0.207295
158400000000,/,drone2,14,1,"container2",world,12.8315,3.15802,0,0.095853,0,0,0,0.095853,0,0,0,0.222404
158400000000,/,drone1,24,0,"container1",world,11.1409,-5.07477,0,0.0877307,0,0,0,0.0877307,0,0,0,0.202308
158400000000,/,drone3,26,2,"container3",world,11.2926,10.659,0,0.089265,0,0,0,0.089265,0,0,0,0.206644
158448000000,/,drone2,14,1,"container2",world,12.8351,3.16285,0,0.0953869,0,0,0,0.0953869,0,0,0,0.222445
158448000000,/,drone1,24,0,"container1",world,11.1377,-5.07453,0,0.0882254,0,0,0,0.0882254,0,0,0,0.203186
158448000000,/,drone3,26,2,"container3",world,11.2919,10.6558,0,0.0891737,0,0,0,0.0891737,0,0,0,0.206387
158500000000,/,drone2,14,1,"container2",world,12.837,3.16566,0,0.0946844,0,0,0,0.0946844,0,0,0,0.221642
158500000000,/,drone1,24,0,"container1",world,11.1356,-5.07433,0,0.0881501,0,0,0,0.0881501,0,0,0,0.203062
158500000000,/,drone3,26,2,"container3",world,11.2913,10.653,0,0.0889352,0,0,0,0.0889352,0,0,0,0.205882
158536000000,/,drone2,14,1,"container2",world,12.8397,3.16746,0,0.0938741,0,0,0,0.0938741,0,0,0,0.220471
158536000000,/,drone1,24,0,"container1",world,11.0896,-5.25231,0,0.0877892,0,0,0,0.0877892,0,0,0,0.202423
158536000000,/,drone3,26,2,"container3",world,11.2906,10.6509,0,0.0886435,0,0,0,0.0886435,0,0,0,0.20528
158584000000,/,drone2,14,1,"container2",world,12.8407,3.17397,0,0.0930501,0,0,0,0.0930501,0,0,0,0.219191
158584000000,/,drone1,24,0,"container1",world,11.1205,-5.11911,0,0.0877309,0,0,0,0.0877309,0,0,0,0.202302
158584000000,/,drone3,26,2,"container3",world,11.29,10.6489,0,0.0882091,0,0,0,0.0882091,0,0,0,0.204367
158624000000,/,drone2,14,1,"container2",world,12.8422,3.17613,0,0.0928195,0,0,0,0.0928195,0,0,0,0.219019
158624000000,/,drone1,24,0,"container1",world,11.1288,-5.08351,0,0.0880732,0,0,0,0.0880732,0,0,0,0.202901
158624000000,/,drone3,26,2,"container3",world,11.2896,10.6477,0,0.0883126,0,0,0,0.0883126,0,0,0,0.20443
158672000000,/,drone2,14,1,"container2",world,12.8356,3.18155,0,0.0918318,0,0,0,0.0918318,0,0,0,0.217282
158672000000,/,drone1,24,0,"container1",world,11.1313,-5.07354,0,0.0878107,0,0,0,0.0878107,0,0,0,0.202432
158672000000,/,drone3,26,2,"container3",world,11.2876,10.6481,0,0.0880854,0,0,0,0.0880854,0,0,0,0.20388
158732000000,/,drone2,14,1,"container2",world,12.831,3.1854,0,0.0918644,0,0,0,0.0918644,0,0,0,0.217361
158732000000,/,drone1,24,0,"container1",world,11.1316,-5.07021,0,0.0882673,0,0,0,0.0882673,0,0,0,0.203243
158732000000,/,drone3,26,2,"container3",world,11.2862,10.6493,0,0.0883004,0,0,0,0.0883004,0,0,0,0.204146
158764000000,/,drone2,14,1,"container2",world,12.8266,3.1881,0,0.0913205,0,0,0,0.0913205,0,0,0,0.216312
158764000000,/,drone1,24,0,"container1",world,11.1328,-5.06852,0,0.0881215,0,0,0,0.0881215,0,0,0,0.202995
158764000000,/,drone3,26,2,"container3",world,11.2856,10.6507,0,0.088261,0,0,0,0.088261,0,0,0,0.203985
158784000000,/,drone2,14,1,"container2",world,12.8189,3.19403,0,0.0905006,0,0,0,0.0905006,0,0,0,0.214589
158784000000,/,drone1,24,0,"container1",world,11.1337,-5.06762,0,0.0878,0,0,0,0.0878,0,0,0,0.202425
158784000000,/,drone3,26,2,"container3",world,11.2852,10.6528,0,0.0879933,0,0,0,0.0879933,0,0,0,0.20339
158832000000,/,drone2,14,1,"container2",world,12.8104,3.20079,0,0.0903712,0,0,0,0.0903712,0,0,0,0.214048
158832000000,/,drone1,24,0,"container1",world,11.1345,-5.06681,0,0.0882424,0,0,0,0.0882424,0,0,0,0.20321
158832000000,/,drone3,26,2,"container3",world,11.286,10.6547,0,0.0880639,0,0,0,0.0880639,0,0,0,0.203396
158872000000,/,drone2,14,1,"container2",world,12.8082,3.20209,0,0.0902209,0,0,0,0.0902209,0,0,0,0.213708
158872000000,/,drone1,24,0,"container1",world,11.1356,-5.06576,0,0.088035,0,0,0,0.088035,0,0,0,0.202853
158872000000,/,drone3,26,2,"container3",world,11.2864,10.6557,0,0.0880992,0,0,0,0.0880992,0,0,0,0.203399
158960000000,/,drone2,14,1,"container2",world,12.8037,3.20507,0,0.0898379,0,0,0,0.0898379,0,0,0,0.212837
158960000000,/,drone1,24,0,"container1",world,11.1367,-5.06525,0,0.0879228,0,0,0,0.0879228,0,0,0,0.202657
158960000000,/,drone3,26,2,"container3",world,11.287,10.6572,0,0.0879945,0,0,0,0.0879945,0,0,0,0.203156
159000000000,/,drone2,14,1,"container2",world,12.794,3.21164,0,0.0898211,0,0,0,0.0898211,0,0,0,0.212436
159000000000,/,drone1,24,0,"container1",world,11.1386,-5.0637,0,0.0881244,0,0,0,0.0881244,0,0,0,0.203015
159000000000,/,drone3,26,2,"container3",world,11.2826,10.6533,0,0.0881805,0,0,0,0.0881805,0,0,0,0.203402
159084000000,/,drone2,14,1,"container2",world,12.7838,3.22793,0,0.0892049,0,0,0,0.0892049,0,0,0,0.210863
159084000000,/,drone1,24,0,"container1",world,11.1405,-5.06264,0,0.0879307,0,0,0,0.0879307,0,0,0,0.202675
159084000000,/,drone3,26,2,"container3",world,11.2794,10.6471,0,0.0880247,0,0,0,0.0880247,0,0,0,0.203051
159152000000,/,drone2,14,1,"container2",world,12.7736,3.24596,0,0.0885489,0,0,0,0.0885489,0,0,0,0.209164
159152000000,/,drone1,24,0,"container1",world,11.1418,-5.06128,0,0.0875743,0,0,0,0.0875743,0,0,0,0.202025
159152000000,/,drone3,26,2,"container3",world,11.2792,10.6425,0,0.0877449,0,0,0,0.0877449,0,0,0,0.202474
159200000000,/,drone2,14,1,"container2",world,12.7661,3.25737,0,0.0887263,0,0,0,0.0887263,0,0,0,0.20918
159200000000,/,drone1,24,0,"container1",world,11.1411,-5.05947,0,0.0878416,0,0,0,0.0878416,0,0,0,0.202491
159200000000,/,drone3,26,2,"container3",world,11.2802,10.6412,0,0.0879645,0,0,0,0.0879645,0,0,0,0.202806
159292000000,/,drone2,14,1,"container2",world,12.755,3.27727,0,0.0887372,0,0,0,0.0887372,0,0,0,0.208569
159292000000,/,drone1,24,0,"container1",world,11.1387,-5.05723,0,0.0882007,0,0,0,0.0882007,0,0,0,0.203127
159292000000,/,drone3,26,2,"container3",world,11.2834,10.6428,0,0.0881973,0,0,0,0.0881973,0,0,0,0.203162
159360000000,/,drone2,14,1,"container2",world,12.7483,3.29136,0,0.088391,0,0,0,0.088391,0,0,0,0.207423
159360000000,/,drone1,24,0,"container1",world,11.1372,-5.05605,0,0.0879777,0,0,0,0.0879777,0,0,0,0.202739
159360000000,/,drone3,26,2,"container3",world,11.2872,10.6451,0,0.0880638,0,0,0,0.0880638,0,0,0,0.202896
159448000000,/,drone2,14,1,"container2",world,12.7417,3.30288,0,0.0884597,0,0,0,0.0884597,0,0,0,0.207081
159448000000,/,drone1,24,0,"container1",world,11.1349,-5.05406,0,0.088084,0,0,0,0.088084,0,0,0,0.202935
159448000000,/,drone3,26,2,"container3",world,11.2921,10.6478,0,0.088239,0,0,0,0.088239,0,0,0,0.203184
159500000000,/,drone2,14,1,"container2",world,12.7367,3.31559,0,0.0879868,0,0,0,0.0879868,0,0,0,0.205635
159500000000,/,drone1,24,0,"container1",world,11.1324,-5.05275,0,0.0876716,0,0,0,0.0876716,0,0,0,0.202194
159500000000,/,drone3,26,2,"container3",world,11.2998,10.6527,0,0.0879699,0,0,0,0.0879699,0,0,0,0.202699
159592000000,/,drone2,14,1,"container2",world,12.735,3.32204,0,0.0880532,0,0,0,0.0880532,0,0,0,0.205421
159592000000,/,drone1,24,0,"container1",world,11.1311,-5.05158,0,0.0880563,0,0,0,0.0880563,0,0,0,0.202864
159592000000,/,drone3,26,2,"container3",world,11.3054,10.6564,0,0.087737,0,0,0,0.087737,0,0,0,0.202275
159676000000,/,drone2,14,1,"container2",world,12.7403,3.33038,0,0.087863,0,0,0,0.087863,0,0,0,0.204617
159676000000,/,drone1,24,0,"container1",world,11.1302,-5.05008,0,0.0878049,0,0,0,0.0878049,0,0,0,0.202416
159676000000,/,drone3,26,2,"container3",world,11.3138,10.6625,0,0.0877463,0,0,0,0.0877463,0,0,0,0.202287
159756000000,/,drone2,14,1,"container2",world,12.7503,3.33726,0,0.0880002,0,0,0,0.0880002,0,0,0,0.204529
159756000000,/,drone1,24,0,"container1",world,11.1289,-5.04865,0,0.087884,0,0,0,0.087884,0,0,0,0.20257
159756000000,/,drone3,26,2,"container3",world,11.3214,10.6686,0,0.0879668,0,0,0,0.0879668,0,0,0,0.20269
159804000000,/,drone2,14,1,"container2",world,12.7572,3.34205,0,0.0882031,0,0,0,0.0882031,0,0,0,0.204688
159804000000,/,drone1,24,0,"container1",world,11.126,-5.04817,0,0.0881308,0,0,0,0.0881308,0,0,0,0.203015
159804000000,/,drone3,26,2,"container3",world,11.3267,10.6733,0,0.0879548,0,0,0,0.0879548,0,0,0,0.202678
159912000000,/,drone2,14,1,"container2",world,12.7623,3.3438,0,0.088004,0,0,0,0.088004,0,0,0,0.204297
159912000000,/,drone1,24,0,"container1",world,11.1251,-5.04705,0,0.0879466,0,0,0,0.0879466,0,0,0,0.202695
159912000000,/,drone3,26,2,"container3",world,11.3294,10.6756,0,0.0879489,0,0,0,0.0879489,0,0,0,0.202673
159988000000,/,drone2,14,1,"container2",world,12.7846,3.35103,0,0.0891272,0,0,0,0.0891272,0,0,0,0.20613
159988000000,/,drone1,24,0,"container1",world,11.1245,-5.04591,0,0.0876885,0,0,0,0.0876885,0,0,0,0.20223
159988000000,/,drone3,26,2,"container3",world,11.3394,10.6871,0,0.0956423,0,0,0,0.0956423,0,0,0,0.216913
160052000000,/,drone2,14,1,"container2",world,12.7905,3.3543,0,0.0895169,0,0,0,0.0895169,0,0,0,0.206772
160052000000,/,drone1,24,0,"container1",world,11.1246,-5.04625,0,0.0875883,0,0,0,0.0875883,0,0,0,0.202041
160052000000,/,drone3,26,2,"container3",world,11.3435,10.6918,0,0.0987687,0,0,0,0.0987687,0,0,0,0.222572
160116000000,/,drone2,14,1,"container2",world,12.7946,3.36147,0,0.0892964,0,0,0,0.0892964,0,0,0,0.206273
160116000000,/,drone1,24,0,"container1",world,11.1256,-5.04325,0,0.0877365,0,0,0,0.0877365,0,0,0,0.202303
160116000000,/,drone3,26,2,"container3",world,11.3499,10.7003,0,0.0981651,0,0,0,0.0981651,0,0,0,0.22236
160200000000,/,drone2,14,1,"container2",world,12.7953,3.36995,0,0.0888957,0,0,0,0.0888957,0,0,0,0.205386
160200000000,/,drone1,24,0,"container1",world,11.1304,-5.0356,0,0.0880285,0,0,0,0.0880285,0,0,0,0.202837
160200000000,/,drone3,26,2,"container3",world,11.3569,10.7131,0,0.0959094,0,0,0,0.0959094,0,0,0,0.219275
160288000000,/,drone2,14,1,"container2",world,12.796,3.37378,0,0.0885113,0,0,0,0.0885113,0,0,0,0.204549
160288000000,/,drone1,24,0,"container1",world,11.1326,-5.03246,0,0.0879212,0,0,0,0.0879212,0,0,0,0.202652
160288000000,/,drone3,26,2,"container3",world,11.3613,10.7257,0,0.0938359,0,0,0,0.0938359,0,0,0,0.216115
160372000000,/,drone2,14,1,"container2",world,12.79,3.37736,0,0.0884909,0,0,0,0.0884909,0,0,0,0.204333
160372000000,/,drone1,24,0,"container1",world,11.1356,-5.02688,0,0.0881202,0,0,0,0.0881202,0,0,0,0.202984
160372000000,/,drone3,26,2,"container3",world,11.364,10.7374,0,0.092201,0,0,0,0.092201,0,0,0,0.213337
160456000000,/,drone2,14,1,"container2",world,12.7837,3.3801,0,0.0880698,0,0,0,0.0880698,0,0,0,0.203468
160456000000,/,drone1,24,0,"container1",world,11.138,-5.01927,0,0.0881711,0,0,0,0.0881711,0,0,0,0.203071
160456000000,/,drone3,26,2,"container3",world,11.3652,10.7459,0,0.0907945,0,0,0,0.0907945,0,0,0,0.210757
160528000000,/,drone2,14,1,"container2",world,12.7812,3.38377,0,0.088115,0,0,0,0.088115,0,0,0,0.203464
160528000000,/,drone1,24,0,"container1",world,11.0949,-5.21367,0,0.0879765,0,0,0,0.0879765,0,0,0,0.202738
160528000000,/,drone3,26,2,"container3",world,11.3657,10.753,0,0.0900185,0,0,0,0.0900185,0,0,0,0.209173
160600000000,/,drone2,14,1,"container2",world,12.7777,3.38671,0,0.0883722,0,0,0,0.0883722,0,0,0,0.203804
160600000000,/,drone1,24,0,"container1",world,11.1259,-5.06328,0,0.0882858,0,0,0,0.0882858,0,0,0,0.203286
160600000000,/,drone3,26,2,"container3",world,11.3679,10.76,0,0.0894793,0,0,0,0.0894793,0,0,0,0.207838
160696000000,/,drone2,14,1,"container2",world,12.775,3.39052,0,0.0880393,0,0,0,0.0880393,0,0,0,0.203143
160696000000,/,drone1,24,0,"container1",world,11.1333,-5.02467,0,0.0879859,0,0,0,0.0879859,0,0,0,0.202766
160696000000,/,drone3,26,2,"container3",world,11.3727,10.7654,0,0.0888508,0,0,0,0.0888508,0,0,0,0.20636
160780000000,/,drone2,14,1,"container2",world,12.7733,3.39308,0,0.0881632,0,0,0,0.0881632,0,0,0,0.203258
160780000000,/,drone1,24,0,"container1",world,11.1364,-5.01371,0,0.0881362,0,0,0,0.0881362,0,0,0,0.203012
160780000000,/,drone3,26,2,"container3",world,11.3811,10.7707,0,0.08858,0,0,0,0.08858,0,0,0,0.205432
160868000000,/,drone2,14,1,"container2",world,12.7735,3.3945,0,0.0881893,0,0,0,0.0881893,0,0,0,0.203244
160868000000,/,drone1,24,0,"container1",world,11.1397,-5.01015,0,0.0883475,0,0,0,0.0883475,0,0,0,0.203384
160868000000,/,drone3,26,2,"container3",world,11.3854,10.7745,0,0.0881805,0,0,0,0.0881805,0,0,0,0.204355
160936000000,/,drone2,14,1,"container2",world,12.7726,3.39329,0,0.0879855,0,0,0,0.0879855,0,0,0,0.202842
160936000000,/,drone1,24,0,"container1",world,11.1425,-5.00988,0,0.088021,0,0,0,0.088021,0,0,0,0.202817
160936000000,/,drone3,26,2,"container3",world,11.3866,10.7772,0,0.0880492,0,0,0,0.0880492,0,0,0,0.203764
161008000000,/,drone2,14,1,"container2",world,12.7715,3.39195,0,0.0882924,0,0,0,0.0882924,0,0,0,0.203354
161008000000,/,drone1,24,0,"container1",world,11.1455,-5.01065,0,0.0882967,0,0,0,0.0882967,0,0,0,0.203306
161008000000,/,drone3,26,2,"container3",world,11.3863,10.7793,0,0.0882193,0,0,0,0.0882193,0,0,0,0.203787
161092000000,/,drone2,14,1,"container2",world,12.7727,3.39004,0,0.0879926,0,0,0,0.0879926,0,0,0,0.202812
161092000000,/,drone1,24,0,"container1",world,11.1483,-5.01286,0,0.0879886,0,0,0,0.0879886,0,0,0,0.20277
161092000000,/,drone3,26,2,"container3",world,11.3853,10.7809,0,0.0880563,0,0,0,0.0880563,0,0,0,0.203292
161176000000,/,drone2,14,1,"container2",world,12.774,3.38669,0,0.0881448,0,0,0,0.0881448,0,0,0,0.203043
161176000000,/,drone1,24,0,"container1",world,11.1505,-5.01637,0,0.0881369,0,0,0,0.0881369,0,0,0,0.203013
161176000000,/,drone3,26,2,"container3",world,11.3828,10.7818,0,0.0881342,0,0,0,0.0881342,0,0,0,0.203231
161264000000,/,drone2,14,1,"container2",world,12.7762,3.38358,0,0.088185,0,0,0,0.088185,0,0,0,0.203102
161264000000,/,drone1,24,0,"container1",world,11.1523,-5.01958,0,0.0883477,0,0,0,0.0883477,0,0,0,0.203384
161264000000,/,drone3,26,2,"container3",world,11.3794,10.7819,0,0.0879486,0,0,0,0.0879486,0,0,0,0.20277
161356000000,/,drone2,14,1,"container2",world,12.7799,3.37913,0,0.0880494,0,0,0,0.0880494,0,0,0,0.202868
161356000000,/,drone1,24,0,"container1",world,11.1527,-5.02218,0,0.0880211,0,0,0,0.0880211,0,0,0,0.202817
161356000000,/,drone3,26,2,"container3",world,11.3758,10.7812,0,0.088077,0,0,0,0.088077,0,0,0,0.202917
161408000000,/,drone2,14,1,"container2",world,12.7815,3.37431,0,0.088182,0,0,0,0.088182,0,0,0,0.203109
161408000000,/,drone1,24,0,"container1",world,11.1531,-5.02451,0,0.088099,0,0,0,0.088099,0,0,0,0.202964
161408000000,/,drone3,26,2,"container3",world,11.3712,10.7801,0,0.0882661,0,0,0,0.0882661,0,0,0,0.203198
161504000000,/,drone2,14,1,"container2",world,12.7832,3.37002,0,0.0878066,0,0,0,0.0878066,0,0,0,0.202448
161504000000,/,drone1,24,0,"container1",world,11.154,-5.02522,0,0.087776,0,0,0,0.087776,0,0,0,0.20239
161504000000,/,drone3,26,2,"container3",world,11.365,10.7788,0,0.0880039,0,0,0,0.0880039,0,0,0,0.202714
161584000000,/,drone2,14,1,"container2",world,12.7868,3.36721,0,0.0881013,0,0,0,0.0881013,0,0,0,0.202956
161584000000,/,drone1,24,0,"container1",world,11.1542,-5.0251,0,0.0880842,0,0,0,0.0880842,0,0,0,0.202919
161584000000,/,drone3,26,2,"container3",world,11.3588,10.7776,0,0.0881319,0,0,0,0.0881319,0,0,0,0.202927
161668000000,/,drone2,14,1,"container2",world,12.792,3.36479,0,0.0883475,0,0,0,0.0883475,0,0,0,0.203395
161668000000,/,drone1,24,0,"container1",world,11.1552,-5.02493,0,0.0883346,0,0,0,0.0883346,0,0,0,0.20336
161668000000,/,drone3,26,2,"container3",world,11.3508,10.7757,0,0.0883107,0,0,0,0.0883107,0,0,0,0.203253
161744000000,/,drone2,14,1,"container2",world,12.795,3.36374,0,0.0880289,0,0,0,0.0880289,0,0,0,0.202846
161744000000,/,drone1,24,0,"container1",world,11.1582,-5.02523,0,0.0879088,0,0,0,0.0879088,0,0,0,0.202615
161744000000,/,drone3,26,2,"container3",world,11.3445,10.7739,0,0.0881443,0,0,0,0.0881443,0,0,0,0.202984
161836000000,/,drone2,14,1,"container2",world,12.798,3.36366,0,0.0881742,0,0,0,0.0881742,0,0,0,0.203113
161836000000,/,drone1,24,0,"container1",world,11.1622,-5.02585,0,0.088071,0,0,0,0.088071,0,0,0,0.202914
161836000000,/,drone3,26,2,"container3",world,11.3419,10.7717,0,0.0882971,0,0,0,0.0882971,0,0,0,0.203277
161916000000,/,drone2,14,1,"container2",world,12.7996,3.36444,0,0.0878556,0,0,0,0.0878556,0,0,0,0.202553
161916000000,/,drone1,24,0,"container1",world,11.1663,-5.0263,0,0.0877689,0,0,0,0.0877689,0,0,0,0.202377
161916000000,/,drone3,26,2,"container3",world,11.3386,10.7694,0,0.0881189,0,0,0,0.0881189,0,0,0,0.202991
162000000000,/,drone2,14,1,"container2",world,12.8001,3.36537,0,0.0881089,0,0,0,0.0881089,0,0,0,0.202986
162000000000,/,drone1,24,0,"container1",world,11.1705,-5.02642,0,0.0880825,0,0,0,0.0880825,0,0,0,0.202916
162000000000,/,drone3,26,2,"container3",world,11.3341,10.7664,0,0.088175,0,0,0,0.088175,0,0,0,0.203104
162064000000,/,drone2,14,1,"container2",world,12.8057,3.36686,0,0.0883447,0,0,0,0.0883447,0,0,0,0.203403
162064000000,/,drone1,24,0,"container1",world,11.1763,-5.02657,0,0.0883342,0,0,0,0.0883342,0,0,0,0.20336
162064000000,/,drone3,26,2,"container3",world,11.3298,10.763,0,0.0883145,0,0,0,0.0883145,0,0,0,0.20337
162112000000,/,drone2,14,1,"container2",world,12.8142,3.36893,0,0.0879145,0,0,0,0.0879145,0,0,0,0.20265
162112000000,/,drone1,24,0,"container1",world,11.1819,-5.02696,0,0.087854,0,0,0,0.087854,0,0,0,0.202517
162112000000,/,drone3,26,2,"container3",world,11.3256,10.7599,0,0.0881284,0,0,0,0.0881284,0,0,0,0.203063
162168000000,/,drone2,14,1,"container2",world,12.8215,3.36968,0,0.0882731,0,0,0,0.0882731,0,0,0,0.203287
162168000000,/,drone1,24,0,"container1",world,11.1847,-5.02746,0,0.0882556,0,0,0,0.0882556,0,0,0,0.203232
162168000000,/,drone3,26,2,"container3",world,11.3222,10.7568,0,0.0882709,0,0,0,0.0882709,0,0,0,0.203329
162200000000,/,drone2,14,1,"container2",world,12.8282,3.37147,0,0.0879847,0,0,0,0.0879847,0,0,0,0.202787
162200000000,/,drone1,24,0,"container1",world,11.1867,-5.02819,0,0.0879783,0,0,0,0.0879783,0,0,0,0.202752
162200000000,/,drone3,26,2,"container3",world,11.3185,10.7539,0,0.0880885,0,0,0,0.0880885,0,0,0,0.203021
162272000000,/,drone2,14,1,"container2",world,12.8315,3.37481,0,0.088099,0,0,0,0.088099,0,0,0,0.202986
162272000000,/,drone1,24,0,"container1",world,11.1873,-5.0292,0,0.0882689,0,0,0,0.0882689,0,0,0,0.203265
162272000000,/,drone3,26,2,"container3",world,11.3158,10.7519,0,0.0878876,0,0,0,0.0878876,0,0,0,0.202669
162324000000,/,drone2,14,1,"container2",world,12.8368,3.3746,0,0.088104,0,0,0,0.088104,0,0,0,0.203002
162324000000,/,drone1,24,0,"container1",world,11.1872,-5.02991,0,0.0881451,0,0,0,0.0881451,0,0,0,0.203053
162324000000,/,drone3,26,2,"container3",world,11.3143,10.75,0,0.0880029,0,0,0,0.0880029,0,0,0,0.202882
162400000000,/,drone2,14,1,"container2",world,12.8389,3.37515,0,0.0879267,0,0,0,0.0879267,0,0,0,0.202689
162400000000,/,drone1,24,0,"container1",world,11.1892,-5.03147,0,0.0877744,0,0,0,0.0877744,0,0,0,0.202392
162400000000,/,drone3,26,2,"container3",world,11.3143,10.7487,0,0.0878322,0,0,0,0.0878322,0,0,0,0.202578
162480000000,/,drone2,14,1,"container2",world,12.8394,3.37661,0,0.0875741,0,0,0,0.0875741,0,0,0,0.202044
162480000000,/,drone1,24,0,"container1",world,11.1909,-5.03246,0,0.0875347,0,0,0,0.0875347,0,0,0,0.201953
162480000000,/,drone3,26,2,"container3",world,11.3155,10.748,0,0.0876486,0,0,0,0.0876486,0,0,0,0.202243
162564000000,/,drone2,14,1,"container2",world,12.8412,3.37863,0,0.0876771,0,0,0,0.0876771,0,0,0,0.202212
162564000000,/,drone1,24,0,"container1",world,11.1962,-5.03429,0,0.0876667,0,0,0,0.0876667,0,0,0,0.202176
162564000000,/,drone3,26,2,"container3",world,11.32,10.7479,0,0.0876826,0,0,0,0.0876826,0,0,0,0.20229
162648000000,/,drone2,14,1,"container2",world,12.842,3.38039,0,0.0880279,0,0,0,0.0880279,0,0,0,0.202841
162648000000,/,drone1,24,0,"container1",world,11.203,-5.03682,0,0.0879045,0,0,0,0.0879045,0,0,0,0.202608
162648000000,/,drone3,26,2,"container3",world,11.3238,10.7479,0,0.0879162,0,0,0,0.0879162,0,0,0,0.202703
162700000000,/,drone2,14,1,"container2",world,12.8431,3.38123,0,0.0877711,0,0,0,0.0877711,0,0,0,0.202383
162700000000,/,drone1,24,0,"container1",world,11.2081,-5.03595,0,0.0880899,0,0,0,0.0880899,0,0,0,0.202936
162700000000,/,drone3,26,2,"container3",world,11.3277,10.7479,0,0.0878021,0,0,0,0.0878021,0,0,0,0.202495
162768000000,/,drone2,14,1,"container2",world,12.8467,3.38283,0,0.0879133,0,0,0,0.0879133,0,0,0,0.202644
162768000000,/,drone1,24,0,"container1",world,11.2121,-5.04031,0,0.0879329,0,0,0,0.0879329,0,0,0,0.202668
162768000000,/,drone3,26,2,"container3",world,11.3301,10.7478,0,0.0879622,0,0,0,0.0879622,0,0,0,0.202779
162804000000,/,drone2,14,1,"container2",world,12.8487,3.38579,0,0.0875794,0,0,0,0.0875794,0,0,0,0.202036
162804000000,/,drone1,24,0,"container1",world,11.2149,-5.04229,0,0.0875842,0,0,0,0.0875842,0,0,0,0.202035
162804000000,/,drone3,26,2,"container3",world,11.3305,10.7479,0,0.0877164,0,0,0,0.0877164,0,0,0,0.202329
162872000000,/,drone2,14,1,"container2",world,12.8492,3.38844,0,0.0879729,0,0,0,0.0879729,0,0,0,0.202725
162872000000,/,drone1,24,0,"container1",world,11.2155,-5.04379,0,0.0878522,0,0,0,0.0878522,0,0,0,0.202505
162872000000,/,drone3,26,2,"container3",world,11.3303,10.748,0,0.0878292,0,0,0,0.0878292,0,0,0,0.202517
162900000000,/,drone2,14,1,"container2",world,12.8495,3.38968,0,0.0880157,0,0,0,0.0880157,0,0,0,0.202797
162900000000,/,drone1,24,0,"container1",world,11.2153,-5.04465,0,0.0877535,0,0,0,0.0877535,0,0,0,0.202325
162900000000,/,drone3,26,2,"container3",world,11.3298,10.7483,0,0.0877751,0,0,0,0.0877751,0,0,0,0.202411
162980000000,/,drone2,14,1,"container2",world,12.852,3.38961,0,0.0881335,0,0,0,0.0881335,0,0,0,0.203008
162980000000,/,drone1,24,0,"container1",world,11.2146,-5.04502,0,0.0880526,0,0,0,0.0880526,0,0,0,0.202866
162980000000,/,drone3,26,2,"container3",world,11.3288,10.7492,0,0.0879641,0,0,0,0.0879641,0,0,0,0.202747
163056000000,/,drone2,14,1,"container2",world,12.8532,3.38995,0,0.0881028,0,0,0,0.0881028,0,0,0,0.202954
163056000000,/,drone1,24,0,"container1",world,11.2126,-5.04412,0,0.0879459,0,0,0,0.0879459,0,0,0,0.202683
163056000000,/,drone3,26,2,"container3",world,11.3276,10.75,0,0.0879373,0,0,0,0.0879373,0,0,0,0.2027
163100000000,/,drone2,14,1,"container2",world,12.855,3.38926,0,0.0882144,0,0,0,0.0882144,0,0,0,0.203151
163100000000,/,drone1,24,0,"container1",world,11.2087,-5.04113,0,0.088212,0,0,0,0.088212,0,0,0,0.203156
163100000000,/,drone3,26,2,"container3",world,11.3261,10.7514,0,0.0881634,0,0,0,0.0881634,0,0,0,0.203097
163200000000,/,drone2,14,1,"container2",world,12.855,3.38927,0,0.0881168,0,0,0,0.0881168,0,0,0,0.20298
163200000000,/,drone1,24,0,"container1",world,11.2068,-5.03842,0,0.0879671,0,0,0,0.0879671,0,0,0,0.20273
163200000000,/,drone3,26,2,"container3",world,11.3246,10.753,0,0.0880245,0,0,0,0.0880245,0,0,0,0.202854
163280000000,/,drone2,14,1,"container2",world,12.8553,3.38893,0,0.0879902,0,0,0,0.0879902,0,0,0,0.202751
163280000000,/,drone1,24,0,"container1",world,11.2067,-5.03624,0,0.0876936,0,0,0,0.0876936,0,0,0,0.202239
163280000000,/,drone3,26,2,"container3",world,11.323,10.7544,0,0.087749,0,0,0,0.087749,0,0,0,0.202354
163320000000,/,drone2,14,1,"container2",world,12.8555,3.38709,0,0.0880752,0,0,0,0.0880752,0,0,0,0.202899
163320000000,/,drone1,24,0,"container1",world,11.2067,-5.03878,0,0.0878046,0,0,0,0.0878046,0,0,0,0.202432
163320000000,/,drone3,26,2,"container3",world,11.3215,10.7555,0,0.0878464,0,0,0,0.0878464,0,0,0,0.202518
163400000000,/,drone2,14,1,"container2",world,12.8543,3.38482,0,0.0881487,0,0,0,0.0881487,0,0,0,0.203031
163400000000,/,drone1,24,0,"container1",world,11.2123,-5.02797,0,0.0879454,0,0,0,0.0879454,0,0,0,0.202684
163400000000,/,drone3,26,2,"container3",world,11.3203,10.7561,0,0.0880002,0,0,0,0.0880002,0,0,0,0.20279
163452000000,/,drone2,14,1,"container2",world,12.8526,3.38395,0,0.0880526,0,0,0,0.0880526,0,0,0,0.202861
163452000000,/,drone1,24,0,"container1",world,11.2146,-5.02389,0,0.0877556,0,0,0,0.0877556,0,0,0,0.202345
163452000000,/,drone3,26,2,"container3",world,11.3205,10.756,0,0.0878466,0,0,0,0.0878466,0,0,0,0.202515
163500000000,/,drone2,14,1,"container2",world,12.8542,3.38183,0,0.0881361,0,0,0,0.0881361,0,0,0,0.203012
163500000000,/,drone1,24,0,"container1",world,11.2168,-5.02075,0,0.0879132,0,0,0,0.0879132,0,0,0,0.202635
163500000000,/,drone3,26,2,"container3",world,11.3213,10.7552,0,0.0879863,0,0,0,0.0879863,0,0,0,0.202768
163552000000,/,drone2,14,1,"container2",world,12.8546,3.3813,0,0.0881569,0,0,0,0.0881569,0,0,0,0.203049
163552000000,/,drone1,24,0,"container1",world,11.218,-5.01849,0,0.0877292,0,0,0,0.0877292,0,0,0,0.202307
163552000000,/,drone3,26,2,"container3",world,11.3217,10.7549,0,0.0880558,0,0,0,0.0880558,0,0,0,0.202894
163600000000,/,drone2,14,1,"container2",world,12.8553,3.38033,0,0.0880003,0,0,0,0.0880003,0,0,0,0.202767
163600000000,/,drone1,24,0,"container1",world,11.2193,-5.01707,0,0.0880727,0,0,0,0.0880727,0,0,0,0.202899
163600000000,/,drone3,26,2,"container3",world,11.3237,10.7534,0,0.087765,0,0,0,0.087765,0,0,0,0.202369
163648000000,/,drone2,14,1,"container2",world,12.8563,3.37838,0,0.0880778,0,0,0,0.0880778,0,0,0,0.202902
163648000000,/,drone1,24,0,"container1",world,11.2037,-5.29088,0,0.0879758,0,0,0,0.0879758,0,0,0,0.202726
163648000000,/,drone3,26,2,"container3",world,11.3254,10.7516,0,0.0878544,0,0,0,0.0878544,0,0,0,0.20252
163700000000,/,drone2,14,1,"container2",world,12.856,3.37819,0,0.0880424,0,0,0,0.0880424,0,0,0,0.202838
163700000000,/,drone1,24,0,"container1",world,11.2159,-5.08196,0,0.0881352,0,0,0,0.0881352,0,0,0,0.203006
163700000000,/,drone3,26,2,"container3",world,11.3247,10.7507,0,0.0877886,0,0,0,0.0877886,0,0,0,0.202398
163748000000,/,drone2,14,1,"container2",world,12.8566,3.37737,0,0.088207,0,0,0,0.088207,0,0,0,0.20313
163748000000,/,drone1,24,0,"container1",world,11.2187,-5.03346,0,0.0882149,0,0,0,0.0882149,0,0,0,0.203154
163748000000,/,drone3,26,2,"container3",world,11.3224,10.75,0,0.0881052,0,0,0,0.0881052,0,0,0,0.202957
163788000000,/,drone2,14,1,"container2",world,12.8536,3.37909,0,0.0881215,0,0,0,0.0881215,0,0,0,0.202982
163788000000,/,drone1,24,0,"container1",world,11.2191,-5.02116,0,0.0878784,0,0,0,0.0878784,0,0,0,0.202563
163788000000,/,drone3,26,2,"container3",world,11.318,10.7494,0,0.0880085,0,0,0,0.0880085,0,0,0,0.202793
163848000000,/,drone2,14,1,"container2",world,12.8513,3.38043,0,0.0880458,0,0,0,0.0880458,0,0,0,0.202848
163848000000,/,drone1,24,0,"container1",world,11.2195,-5.01436,0,0.0880885,0,0,0,0.0880885,0,0,0,0.202936
163848000000,/,drone3,26,2,"container3",world,11.3144,10.7488,0,0.0878507,0,0,0,0.0878507,0,0,0,0.202514
163900000000,/,drone2,14,1,"container2",world,12.8505,3.38091,0,0.0881343,0,0,0,0.0881343,0,0,0,0.203008
163900000000,/,drone1,24,0,"container1",world,11.2216,-5.01587,0,0.0879361,0,0,0,0.0879361,0,0,0,0.202677
163900000000,/,drone3,26,2,"container3",world,11.3095,10.7484,0,0.0879882,0,0,0,0.0879882,0,0,0,0.202765
163948000000,/,drone2,14,1,"container2",world,12.8497,3.38189,0,0.0880968,0,0,0,0.0880968,0,0,0,0.202943
163948000000,/,drone1,24,0,"container1",world,11.2222,-5.01625,0,0.0878979,0,0,0,0.0878979,0,0,0,0.202612
163948000000,/,drone3,26,2,"container3",world,11.3055,10.7481,0,0.0879368,0,0,0,0.0879368,0,0,0,0.202678
163980000000,/,drone2,14,1,"container2",world,12.8487,3.38374,0,0.0879852,0,0,0,0.0879852,0,0,0,0.20274
163980000000,/,drone1,24,0,"container1",world,11.224,-5.01463,0,0.087578,0,0,0,0.087578,0,0,0,0.202029
163980000000,/,drone3,26,2,"container3",world,11.3008,10.7479,0,0.0877048,0,0,0,0.0877048,0,0,0,0.202258
164012000000,/,drone2,14,1,"container2",world,12.8492,3.38368,0,0.0881346,0,0,0,0.0881346,0,0,0,0.203001
164012000000,/,drone1,24,0,"container1",world,11.2254,-5.01298,0,0.0880354,0,0,0,0.0880354,0,0,0,0.202831
164012000000,/,drone3,26,2,"container3",world,11.2983,10.7477,0,0.0879466,0,0,0,0.0879466,0,0,0,0.202678
164060000000,/,drone2,14,1,"container2",world,12.8482,3.38539,0,0.0880566,0,0,0,0.0880566,0,0,0,0.202862
164060000000,/,drone1,24,0,"container1",world,11.2271,-5.00992,0,0.0878011,0,0,0,0.0878011,0,0,0,0.202412
164060000000,/,drone3,26,2,"container3",world,11.2968,10.7474,0,0.0878348,0,0,0,0.0878348,0,0,0,0.202476
164100000000,/,drone2,14,1,"container2",world,12.8489,3.38538,0,0.0882105,0,0,0,0.0882105,0,0,0,0.203136
164100000000,/,drone1,24,0,"container1",world,11.2286,-5.00779,0,0.0882648,0,0,0,0.0882648,0,0,0,0.203236
164100000000,/,drone3,26,2,"container3",world,11.2963,10.7472,0,0.0881279,0,0,0,0.0881279,0,0,0,0.202995
164164000000,/,drone2,14,1,"container2",world,12.8483,3.38637,0,0.0881824,0,0,0,0.0881824,0,0,0,0.203089
164164000000,/,drone1,24,0,"container1",world,11.23,-5.00624,0,0.0881808,0,0,0,0.0881808,0,0,0,0.203097
164164000000,/,drone3,26,2,"container3",world,11.2963,10.747,0,0.0881404,0,0,0,0.0881404,0,0,0,0.203023
164200000000,/,drone2,14,1,"container2",world,12.8473,3.3875,0,0.0881153,0,0,0,0.0881153,0,0,0,0.202972
164200000000,/,drone1,24,0,"container1",world,11.2325,-5.00423,0,0.0878149,0,0,0,0.0878149,0,0,0,0.20245
164200000000,/,drone3,26,2,"container3",world,11.2969,10.7464,0,0.0879171,0,0,0,0.0879171,0,0,0,0.202629
164244000000,/,drone2,14,1,"container2",world,12.8463,3.3881,0,0.0882176,0,0,0,0.0882176,0,0,0,0.203153
164244000000,/,drone1,24,0,"container1",world,11.2342,-5.00287,0,0.0882459,0,0,0,0.0882459,0,0,0,0.203215
164244000000,/,drone3,26,2,"container3",world,11.2981,10.746,0,0.0881537,0,0,0,0.0881537,0,0,0,0.20305
164280000000,/,drone2,14,1,"container2",world,12.845,3.38916,0,0.0881772,0,0,0,0.0881772,0,0,0,0.203084
164280000000,/,drone1,24,0,"container1",world,11.2356,-5.00194,0,0.0880357,0,0,0,0.0880357,0,0,0,0.202853
164280000000,/,drone3,26,2,"container3",world,11.2992,10.7455,0,0.0881393,0,0,0,0.0881393,0,0,0,0.203032
164308000000,/,drone2,14,1,"container2",world,12.8439,3.39037,0,0.0881075,0,0,0,0.0881075,0,0,0,0.202962
164308000000,/,drone1,24,0,"container1",world,11.2362,-5.00014,0,0.08776,0,0,0,0.08776,0,0,0,0.202362
164308000000,/,drone3,26,2,"container3",world,11.3004,10.7451,0,0.0880125,0,0,0,0.0880125,0,0,0,0.202812
164376000000,/,drone2,14,1,"container2",world,12.8435,3.39215,0,0.0879879,0,0,0,0.0879879,0,0,0,0.202745
164376000000,/,drone1,24,0,"container1",world,11.2363,-4.99911,0,0.0875431,0,0,0,0.0875431,0,0,0,0.201965
164376000000,/,drone3,26,2,"container3",world,11.3028,10.7449,0,0.087743,0,0,0,0.087743,0,0,0,0.202325
164400000000,/,drone2,14,1,"container2",world,12.8448,3.39175,0,0.0881352,0,0,0,0.0881352,0,0,0,0.203003
164400000000,/,drone1,24,0,"container1",world,11.2363,-5.00161,0,0.0876693,0,0,0,0.0876693,0,0,0,0.202185
164400000000,/,drone3,26,2,"container3",world,11.3047,10.7448,0,0.0879655,0,0,0,0.0879655,0,0,0,0.202711
164460000000,/,drone2,14,1,"container2",world,12.8448,3.3919,0,0.0881114,0,0,0,0.0881114,0,0,0,0.202961
164460000000,/,drone1,24,0,"container1",world,11.2362,-5.00103,0,0.0876391,0,0,0,0.0876391,0,0,0,0.202131
164460000000,/,drone3,26,2,"container3",world,11.3061,10.7448,0,0.0879544,0,0,0,0.0879544,0,0,0,0.20269
164496000000,/,drone2,14,1,"container2",world,12.8446,3.39152,0,0.0882241,0,0,0,0.0882241,0,0,0,0.20316
164496000000,/,drone1,24,0,"container1",world,11.2356,-5.00213,0,0.0877525,0,0,0,0.0877525,0,0,0,0.202332
164496000000,/,drone3,26,2,"container3",world,11.3074,10.7448,0,0.0881871,0,0,0,0.0881871,0,0,0,0.2031
164540000000,/,drone2,14,1,"container2",world,12.8436,3.39186,0,0.0881858,0,0,0,0.0881858,0,0,0,0.203095
164540000000,/,drone1,24,0,"container1",world,11.2344,-4.99817,0,0.0879484,0,0,0,0.0879484,0,0,0,0.20268
164540000000,/,drone3,26,2,"container3",world,11.3078,10.7448,0,0.0881699,0,0,0,0.0881699,0,0,0,0.203076
164572000000,/,drone2,14,1,"container2",world,12.9568,3.28817,0,0.0880482,0,0,0,0.0880482,0,0,0,0.202859
164572000000,/,drone1,24,0,"container1",world,11.2302,-4.99479,0,0.0878111,0,0,0,0.0878111,0,0,0,0.202443
164572000000,/,drone3,26,2,"container3",world,11.3079,10.7448,0,0.0880409,0,0,0,0.0880409,0,0,0,0.202852
164572000000,/,drone2,14,1,"container2",world,12.8701,3.36648,0,0.0880274,0,0,0,0.0880274,0,0,0,0.202817
164572000000,/,drone1,24,0,"container1",world,11.2289,-4.99271,0,0.0877217,0,0,0,0.0877217,0,0,0,0.202284
164572000000,/,drone3,26,2,"container3",world,11.3079,10.7448,0,0.087867,0,0,0,0.087867,0,0,0,0.202543
164600000000,/,drone2,14,1,"container2",world,12.8485,3.38516,0,0.0881958,0,0,0,0.0881958,0,0,0,0.203114
164600000000,/,drone1,24,0,"container1",world,11.2271,-4.99165,0,0.0882231,0,0,0,0.0882231,0,0,0,0.203175
164600000000,/,drone3,26,2,"container3",world,11.3077,10.7447,0,0.0881289,0,0,0,0.0881289,0,0,0,0.203008
164604000000,/,drone2,14,1,"container2",world,12.8418,3.39009,0,0.0881718,0,0,0,0.0881718,0,0,0,0.203074
164604000000,/,drone1,24,0,"container1",world,11.2237,-4.99162,0,0.08803,0,0,0,0.08803,0,0,0,0.202843
164604000000,/,drone3,26,2,"container3",world,11.3076,10.7445,0,0.0881269,0,0,0,0.0881269,0,0,0,0.20301
164652000000,/,drone2,14,1,"container2",world,12.8386,3.39159,0,0.0881061,0,0,0,0.0881061,0,0,0,0.202959
164652000000,/,drone1,24,0,"container1",world,11.2224,-4.99027,0,0.0879214,0,0,0,0.0879214,0,0,0,0.202653
164652000000,/,drone3,26,2,"container3",world,11.3079,10.7442,0,0.0880063,0,0,0,0.0880063,0,0,0,0.202801
164664000000,/,drone2,14,1,"container2",world,12.8378,3.39197,0,0.0880897,0,0,0,0.0880897,0,0,0,0.202931
164664000000,/,drone1,24,0,"container1",world,11.222,-4.98994,0,0.0878942,0,0,0,0.0878942,0,0,0,0.202606
164664000000,/,drone3,26,2,"container3",world,11.308,10.744,0,0.0879458,0,0,0,0.0879458,0,0,0,0.202696
164700000000,/,drone2,14,1,"container2",world,12.8376,3.39206,0,0.0880856,0,0,0,0.0880856,0,0,0,0.202923
164700000000,/,drone1,24,0,"container1",world,11.2202,-4.98938,0,0.0877243,0,0,0,0.0877243,0,0,0,0.2023
164700000000,/,drone3,26,2,"container3",world,11.3081,10.744,0,0.0879155,0,0,0,0.0879155,0,0,0,0.202643
164704000000,/,drone2,14,1,"container2",world,12.8358,3.39239,0,0.0880307,0,0,0,0.0880307,0,0,0,0.202824
164704000000,/,drone1,24,0,"container1",world,11.2174,-4.9897,0,0.0875341,0,0,0,0.0875341,0,0,0,0.201949
164704000000,/,drone3,26,2,"container3",world,11.3084,10.7437,0,0.0877918,0,0,0,0.0877918,0,0,0,0.202421
164772000000,/,drone2,14,1,"container2",world,12.8354,3.39247,0,0.088017,0,0,0,0.088017,0,0,0,0.2028
164772000000,/,drone1,24,0,"container1",world,11.214,-4.98925,0,0.0880247,0,0,0,0.0880247,0,0,0,0.202811
164772000000,/,drone3,26,2,"container3",world,11.3086,10.7436,0,0.0877297,0,0,0,0.0877297,0,0,0,0.202309
164804000000,/,drone2,14,1,"container2",world,12.8353,3.39249,0,0.0880136,0,0,0,0.0880136,0,0,0,0.202793
164804000000,/,drone1,24,0,"container1",world,11.2131,-4.98913,0,0.0881459,0,0,0,0.0881459,0,0,0,0.203023
164804000000,/,drone3,26,2,"container3",world,11.3087,10.7435,0,0.0876986,0,0,0,0.0876986,0,0,0,0.202253
164872000000,/,drone2,14,1,"container2",world,12.8352,3.3925,0,0.0880127,0,0,0,0.0880127,0,0,0,0.202792
164872000000,/,drone1,24,0,"container1",world,11.2072,-4.98979,0,0.087829,0,0,0,0.087829,0,0,0,0.202461
164872000000,/,drone3,26,2,"container3",world,11.3087,10.7434,0,0.087683,0,0,0,0.087683,0,0,0,0.202225
164960000000,/,drone2,14,1,"container2",world,12.8352,3.3925,0,0.0880125,0,0,0,0.0880125,0,0,0,0.202792
164960000000,/,drone1,24,0,"container1",world,11.2026,-4.99034,0,0.0882717,0,0,0,0.0882717,0,0,0,0.203248
164960000000,/,drone3,26,2,"container3",world,11.3087,10.7434,0,0.0876752,0,0,0,0.0876752,0,0,0,0.202211
165020000000,/,drone2,14,1,"container2",world,12.8322,3.38361,0,0.0895607,0,0,0,0.0895607,0,0,0,0.205806
165020000000,/,drone1,24,0,"container1",world,11.19,-5.28149,0,0.0882015,0,0,0,0.0882015,0,0,0,0.203126
165020000000,/,drone3,26,2,"container3",world,11.3093,10.7403,0,0.0958339,0,0,0,0.0958339,0,0,0,0.217276
165080000000,/,drone2,14,1,"container2",world,12.8279,3.38151,0,0.0897431,0,0,0,0.0897431,0,0,0,0.206283
165080000000,/,drone1,24,0,"container1",world,11.1861,-5.08632,0,0.0900491,0,0,0,0.0900491,0,0,0,0.206621
165080000000,/,drone3,26,2,"container3",world,11.3106,10.7375,0,0.0977606,0,0,0,0.0977606,0,0,0,0.221396
165160000000,/,drone2,14,1,"container2",world,12.8226,3.38232,0,0.0893771,0,0,0,0.0893771,0,0,0,0.205723
165160000000,/,drone1,24,0,"container1",world,11.1783,-5.03458,0,0.0897407,0,0,0,0.0897407,0,0,0,0.206244
165160000000,/,drone3,26,2,"container3",world,11.312,10.7346,0,0.0971471,0,0,0,0.0971471,0,0,0,0.221041
165204000000,/,drone2,14,1,"container2",world,12.8177,3.38357,0,0.0889598,0,0,0,0.0889598,0,0,0,0.205019
165204000000,/,drone1,24,0,"container1",world,11.1673,-5.01689,0,0.089129,0,0,0,0.089129,0,0,0,0.205281
165204000000,/,drone3,26,2,"container3",world,11.3127,10.7314,0,0.0956543,0,0,0,0.0956543,0,0,0,0.218979
165300000000,/,drone2,14,1,"container2",world,12.8154,3.383,0,0.0889557,0,0,0,0.0889557,0,0,0,0.205029
165300000000,/,drone1,24,0,"container1",world,11.1628,-5.00896,0,0.0887892,0,0,0,0.0887892,0,0,0,0.204723
165300000000,/,drone3,26,2,"container3",world,11.3127,10.7289,0,0.0948224,0,0,0,0.0948224,0,0,0,0.217864
165352000000,/,drone1,24,0,"container1",world,11.1601,-5.00368,0,0.0885393,0,0,0,0.0885393,0,0,0,0.204295
165352000000,/,drone3,26,2,"container3",world,11.3127,10.7276,0,0.0943977,0,0,0,0.0943977,0,0,0,0.217292
165432000000,/,drone1,24,0,"container1",world,11.1595,-5.00237,0,0.0884764,0,0,0,0.0884764,0,0,0,0.204188
165432000000,/,drone3,26,2,"container3",world,11.3114,10.725,0,0.0932428,0,0,0,0.0932428,0,0,0,0.215381
165496000000,/,drone1,24,0,"container1",world,11.1545,-4.99611,0,0.0885988,0,0,0,0.0885988,0,0,0,0.204369
165496000000,/,drone3,26,2,"container3",world,11.3074,10.7204,0,0.0916523,0,0,0,0.0916523,0,0,0,0.212507
165496000000,/,drone2,28,1,"container2",world,12.7718,3.44449,0,0.141422,0,0,0,0.141422,0,0,0,0.378886
165592000000,/,drone1,24,0,"container1",world,11.1532,-4.99742,0,0.0882777,0,0,0,0.0882777,0,0,0,0.203781
165592000000,/,drone3,26,2,"container3",world,11.3035,10.716,0,0.0904495,0,0,0,0.0904495,0,0,0,0.210129
165592000000,/,drone2,28,1,"container2",world,12.7589,3.45809,0,0.135004,0,0,0,0.135004,0,0,0,0.363881
165660000000,/,drone1,24,0,"container1",world,11.153,-5.00007,0,0.0882643,0,0,0,0.0882643,0,0,0,0.203693
165660000000,/,drone3,26,2,"container3",world,11.301,10.7117,0,0.0896332,0,0,0,0.0896332,0,0,0,0.208291
165660000000,/,drone2,28,1,"container2",world,12.7648,3.44251,0,0.118187,0,0,0,0.118187,0,0,0,0.313578
165700000000,/,drone1,24,0,"container1",world,11.1556,-5.00455,0,0.0877825,0,0,0,0.0877825,0,0,0,0.202764
165700000000,/,drone3,26,2,"container3",world,11.299,10.7083,0,0.0888642,0,0,0,0.0888642,0,0,0,0.206545
165700000000,/,drone2,28,1,"container2",world,12.77,3.4287,0,0.105968,0,0,0,0.105968,0,0,0,0.275774
165796000000,/,drone1,24,0,"container1",world,11.157,-5.00556,0,0.0881192,0,0,0,0.0881192,0,0,0,0.203287
165796000000,/,drone3,26,2,"container3",world,11.2972,10.7051,0,0.0886366,0,0,0,0.0886366,0,0,0,0.20576
165796000000,/,drone2,28,1,"container2",world,12.7736,3.41767,0,0.098738,0,0,0,0.098738,0,0,0,0.250872
165860000000,/,drone1,24,0,"container1",world,11.158,-5.00786,0,0.0878378,0,0,0,0.0878378,0,0,0,0.202726
165860000000,/,drone3,26,2,"container3",world,11.2946,10.7025,0,0.0882373,0,0,0,0.0882373,0,0,0,0.2047
165860000000,/,drone2,28,1,"container2",world,12.7753,3.40956,0,0.0943201,0,0,0,0.0943201,0,0,0,0.234268
165940000000,/,drone1,24,0,"container1",world,11.1561,-5.01123,0,0.0878942,0,0,0,0.0878942,0,0,0,0.202767
165940000000,/,drone3,26,2,"container3",world,11.2916,10.6999,0,0.0882148,0,0,0,0.0882148,0,0,0,0.204344
165940000000,/,drone2,28,1,"container2",world,12.7736,3.40117,0,0.0920195,0,0,0,0.0920195,0,0,0,0.221822
166000000000,/,drone1,24,0,"container1",world,11.152,-5.01374,0,0.0882629,0,0,0,0.0882629,0,0,0,0.20337
166000000000,/,drone3,26,2,"container3",world,11.2884,10.6959,0,0.0883007,0,0,0,0.0883007,0,0,0,0.204158
166000000000,/,drone2,28,1,"container2",world,12.7705,3.39762,0,0.0914807,0,0,0,0.0914807,0,0,0,0.215691
166096000000,/,drone1,24,0,"container1",world,11.1492,-5.01562,0,0.0881563,0,0,0,0.0881563,0,0,0,0.203164
166096000000,/,drone3,26,2,"container3",world,11.2863,10.6931,0,0.0882108,0,0,0,0.0882108,0,0,0,0.203787
166096000000,/,drone2,28,1,"container2",world,12.7674,3.39565,0,0.0911172,0,0,0,0.0911172,0,0,0,0.212596
166192000000,/,drone1,24,0,"container1",world,11.1419,-5.017,0,0.0876412,0,0,0,0.0876412,0,0,0,0.202197
166192000000,/,drone3,26,2,"container3",world,11.2826,10.6891,0,0.0878453,0,0,0,0.0878453,0,0,0,0.202907
166192000000,/,drone2,28,1,"container2",world,12.7601,3.39326,0,0.0906426,0,0,0,0.0906426,0,0,0,0.208628
166276000000,/,drone1,24,0,"container1",world,11.1337,-5.01662,0,0.0877025,0,0,0,0.0877025,0,0,0,0.202262
166276000000,/,drone3,26,2,"container3",world,11.2765,10.6841,0,0.0877956,0,0,0,0.0877956,0,0,0,0.202619
166276000000,/,drone2,28,1,"container2",world,12.7511,3.392,0,0.0909296,0,0,0,0.0909296,0,0,0,0.206984
166356000000,/,drone1,24,0,"container1",world,11.1264,-5.0183,0,0.0878629,0,0,0,0.0878629,0,0,0,0.202535
166356000000,/,drone3,26,2,"container3",world,11.2701,10.6797,0,0.087994,0,0,0,0.087994,0,0,0,0.202844
166356000000,/,drone2,28,1,"container2",world,12.743,3.39093,0,0.0913218,0,0,0,0.0913218,0,0,0,0.206764
166424000000,/,drone1,24,0,"container1",world,11.1226,-5.02044,0,0.0882634,0,0,0,0.0882634,0,0,0,0.203234
166424000000,/,drone3,26,2,"container3",world,11.2603,10.6741,0,0.0882205,0,0,0,0.0882205,0,0,0,0.203156
166424000000,/,drone2,28,1,"container2",world,12.7373,3.38866,0,0.0917525,0,0,0,0.0917525,0,0,0,0.207396
166500000000,/,drone1,24,0,"container1",world,11.1186,-5.02182,0,0.0879336,0,0,0,0.0879336,0,0,0,0.202653
166500000000,/,drone3,26,2,"container3",world,11.2512,10.6687,0,0.0880856,0,0,0,0.0880856,0,0,0,0.202874
166500000000,/,drone2,28,1,"container2",world,12.7327,3.38517,0,0.0912107,0,0,0,0.0912107,0,0,0,0.206955
166588000000,/,drone1,24,0,"container1",world,11.1147,-5.02293,0,0.0879537,0,0,0,0.0879537,0,0,0,0.202671
166588000000,/,drone3,26,2,"container3",world,11.2429,10.6634,0,0.0878143,0,0,0,0.0878143,0,0,0,0.202362
166588000000,/,drone2,28,1,"container2",world,12.7312,3.38322,0,0.0908065,0,0,0,0.0908065,0,0,0,0.206586
166656000000,/,drone1,24,0,"container1",world,11.1097,-5.02575,0,0.0877894,0,0,0,0.0877894,0,0,0,0.202374
166656000000,/,drone3,26,2,"container3",world,11.2338,10.6572,0,0.0878047,0,0,0,0.0878047,0,0,0,0.202336
166656000000,/,drone2,28,1,"container2",world,12.7329,3.37899,0,0.0906561,0,0,0,0.0906561,0,0,0,0.20715
166752000000,/,drone1,24,0,"container1",world,11.1043,-5.02747,0,0.0877802,0,0,0,0.0877802,0,0,0,0.202372
166752000000,/,drone3,26,2,"container3",world,11.2241,10.6506,0,0.0878931,0,0,0,0.0878931,0,0,0,0.202515
166752000000,/,drone2,28,1,"container2",world,12.7362,3.37421,0,0.0904611,0,0,0,0.0904611,0,0,0,0.207767
166816000000,/,drone1,24,0,"container1",world,11.1009,-5.02681,0,0.0880475,0,0,0,0.0880475,0,0,0,0.202864
166816000000,/,drone3,26,2,"container3",world,11.216,10.6452,0,0.0881753,0,0,0,0.0881753,0,0,0,0.203037
166816000000,/,drone2,28,1,"container2",world,12.7388,3.37039,0,0.0903163,0,0,0,0.0903163,0,0,0,0.20838
166900000000,/,drone1,24,0,"container1",world,11.0992,-5.02676,0,0.0877706,0,0,0,0.0877706,0,0,0,0.202376
166900000000,/,drone3,26,2,"container3",world,11.2082,10.64,0,0.087951,0,0,0,0.087951,0,0,0,0.202671
166900000000,/,drone2,28,1,"container2",world,12.7403,3.36817,0,0.0897111,0,0,0,0.0897111,0,0,0,0.207837
167000000000,/,drone1,24,0,"container1",world,11.0972,-5.0269,0,0.0880898,0,0,0,0.0880898,0,0,0,0.202929
167000000000,/,drone3,26,2,"container3",world,11.202,10.6357,0,0.0880947,0,0,0,0.0880947,0,0,0,0.202942
167000000000,/,drone2,28,1,"container2",world,12.7407,3.36722,0,0.0897073,0,0,0,0.0897073,0,0,0,0.208218
167080000000,/,drone1,24,0,"container1",world,11.0954,-5.02463,0,0.0881695,0,0,0,0.0881695,0,0,0,0.203071
167080000000,/,drone3,26,2,"container3",world,11.1963,10.6318,0,0.0882777,0,0,0,0.0882777,0,0,0,0.203289
167080000000,/,drone2,28,1,"container2",world,12.7427,3.36471,0,0.0893356,0,0,0,0.0893356,0,0,0,0.207808
167160000000,/,drone1,24,0,"container1",world,11.0926,-5.02702,0,0.0878258,0,0,0,0.0878258,0,0,0,0.202468
167160000000,/,drone3,26,2,"container3",world,11.192,10.6291,0,0.0881127,0,0,0,0.0881127,0,0,0,0.203022
167160000000,/,drone2,28,1,"container2",world,12.7425,3.36492,0,0.0891211,0,0,0,0.0891211,0,0,0,0.207501
167220000000,/,drone1,24,0,"container1",world,11.0918,-5.02762,0,0.0877391,0,0,0,0.0877391,0,0,0,0.202315
167220000000,/,drone3,26,2,"container3",world,11.189,10.6267,0,0.0882657,0,0,0,0.0882657,0,0,0,0.20331
167220000000,/,drone2,28,1,"container2",world,12.7417,3.36407,0,0.0891798,0,0,0,0.0891798,0,0,0,0.207618
167300000000,/,drone1,24,0,"container1",world,11.0714,-5.10141,0,0.0963937,0,0,0,0.0963937,0,0,0,0.21934
167300000000,/,drone3,26,2,"container3",world,11.1872,10.6239,0,0.0879792,0,0,0,0.0879792,0,0,0,0.202818
167300000000,/,drone2,28,1,"container2",world,12.7146,3.38932,0,0.102427,0,0,0,0.102427,0,0,0,0.235383
167400000000,/,drone1,24,0,"container1",world,11.0666,-5.09971,0,0.0959335,0,0,0,0.0959335,0,0,0,0.21922
167400000000,/,drone3,26,2,"container3",world,11.1858,10.621,0,0.0880917,0,0,0,0.0880917,0,0,0,0.203015
167400000000,/,drone2,28,1,"container2",world,12.7151,3.38268,0,0.101736,0,0,0,0.101736,0,0,0,0.235234
167476000000,/,drone1,24,0,"container1",world,11.064,-5.08124,0,0.0936705,0,0,0,0.0936705,0,0,0,0.215528
167476000000,/,drone3,26,2,"container3",world,11.1852,10.6167,0,0.0882613,0,0,0,0.0882613,0,0,0,0.203316
167476000000,/,drone2,28,1,"container2",world,12.7195,3.36809,0,0.0980964,0,0,0,0.0980964,0,0,0,0.228951
167552000000,/,drone1,24,0,"container1",world,11.0634,-5.06063,0,0.0913347,0,0,0,0.0913347,0,0,0,0.211334
167552000000,/,drone3,26,2,"container3",world,11.1849,10.6123,0,0.0880915,0,0,0,0.0880915,0,0,0,0.203022
167552000000,/,drone2,28,1,"container2",world,12.7205,3.35329,0,0.0942487,0,0,0,0.0942487,0,0,0,0.22157
167652000000,/,drone1,24,0,"container1",world,11.0645,-5.05179,0,0.0907789,0,0,0,0.0907789,0,0,0,0.210277
167652000000,/,drone3,26,2,"container3",world,11.1846,10.6077,0,0.0882437,0,0,0,0.0882437,0,0,0,0.203291
167652000000,/,drone2,28,1,"container2",world,12.7189,3.34635,0,0.0930666,0,0,0,0.0930666,0,0,0,0.219091
167716000000,/,drone1,24,0,"container1",world,11.0709,-5.03969,0,0.0893801,0,0,0,0.0893801,0,0,0,0.207498
167716000000,/,drone3,26,2,"container3",world,11.1845,10.6054,0,0.0883195,0,0,0,0.0883195,0,0,0,0.203425
167716000000,/,drone2,28,1,"container2",world,12.7219,3.33697,0,0.09105,0,0,0,0.09105,0,0,0,0.214553
167804000000,/,drone1,24,0,"container1",world,11.0786,-5.02885,0,0.0888523,0,0,0,0.0888523,0,0,0,0.206173
167804000000,/,drone3,26,2,"container3",world,11.1817,10.5991,0,0.0915289,0,0,0,0.0915289,0,0,0,0.209494
167804000000,/,drone2,28,1,"container2",world,12.7173,3.32946,0,0.0897793,0,0,0,0.0897793,0,0,0,0.211188
167900000000,/,drone1,24,0,"container1",world,11.0848,-5.02248,0,0.0888718,0,0,0,0.0888718,0,0,0,0.205905
167900000000,/,drone3,26,2,"container3",world,11.1777,10.5944,0,0.0921634,0,0,0,0.0921634,0,0,0,0.211073
167900000000,/,drone2,28,1,"container2",world,12.7124,3.32491,0,0.0893776,0,0,0,0.0893776,0,0,0,0.209637
167972000000,/,drone1,24,0,"container1",world,11.0878,-5.02206,0,0.0885256,0,0,0,0.0885256,0,0,0,0.205232
167972000000,/,drone3,26,2,"container3",world,11.173,10.5908,0,0.0914112,0,0,0,0.0914112,0,0,0,0.210113
167972000000,/,drone2,28,1,"container2",world,12.7056,3.32459,0,0.0891056,0,0,0,0.0891056,0,0,0,0.208957
168060000000,/,drone1,24,0,"container1",world,11.0894,-5.04962,0,0.0919211,0,0,0,0.0919211,0,0,0,0.211482
168060000000,/,drone3,26,2,"container3",world,11.1687,10.5881,0,0.0908877,0,0,0,0.0908877,0,0,0,0.209411
168060000000,/,drone2,28,1,"container2",world,12.7038,3.32521,0,0.0912606,0,0,0,0.0912606,0,0,0,0.212007
168128000000,/,drone1,24,0,"container1",world,11.0932,-5.04605,0,0.0914284,0,0,0,0.0914284,0,0,0,0.210619
168128000000,/,drone3,26,2,"container3",world,11.1634,10.5856,0,0.0899007,0,0,0,0.0899007,0,0,0,0.207733
168128000000,/,drone2,28,1,"container2",world,12.705,3.32328,0,0.0907125,0,0,0,0.0907125,0,0,0,0.210558
168204000000,/,drone1,24,0,"container1",world,11.0956,-5.03795,0,0.0908447,0,0,0,0.0908447,0,0,0,0.209532
168204000000,/,drone3,26,2,"container3",world,11.1591,10.5834,0,0.0894273,0,0,0,0.0894273,0,0,0,0.206871
168204000000,/,drone2,28,1,"container2",world,12.7077,3.32053,0,0.0903856,0,0,0,0.0903856,0,0,0,0.20959
168300000000,/,drone1,24,0,"container1",world,11.0968,-5.03208,0,0.0902865,0,0,0,0.0902865,0,0,0,0.208453
168300000000,/,drone3,26,2,"container3",world,11.155,10.5818,0,0.0892689,0,0,0,0.0892689,0,0,0,0.206503
168300000000,/,drone2,28,1,"container2",world,12.7094,3.31758,0,0.090232,0,0,0,0.090232,0,0,0,0.208963
168400000000,/,drone1,24,0,"container1",world,11.0993,-5.02291,0,0.0893427,0,0,0,0.0893427,0,0,0,0.206583
168400000000,/,drone3,26,2,"container3",world,11.1498,10.5803,0,0.0886735,0,0,0,0.0886735,0,0,0,0.205279
168400000000,/,drone2,28,1,"container2",world,12.7018,3.31349,0,0.0891844,0,0,0,0.0891844,0,0,0,0.206676
168468000000,/,drone1,24,0,"container1",world,11.0995,-5.0147,0,0.0888484,0,0,0,0.0888484,0,0,0,0.205496
168468000000,/,drone3,26,2,"container3",world,11.1442,10.5788,0,0.0883694,0,0,0,0.0883694,0,0,0,0.204527
168468000000,/,drone2,28,1,"container2",world,12.6888,3.30988,0,0.0887507,0,0,0,0.0887507,0,0,0,0.205501
168548000000,/,drone1,24,0,"container1",world,11.1,-5.01086,0,0.0882393,0,0,0,0.0882393,0,0,0,0.204226
168548000000,/,drone3,26,2,"container3",world,11.139,10.5777,0,0.0879723,0,0,0,0.0879723,0,0,0,0.20362
168548000000,/,drone2,28,1,"container2",world,12.6778,3.30802,0,0.088189,0,0,0,0.088189,0,0,0,0.20421
168632000000,/,drone1,24,0,"container1",world,11.099,-5.00902,0,0.0882027,0,0,0,0.0882027,0,0,0,0.203996
168632000000,/,drone3,26,2,"container3",world,11.1364,10.5771,0,0.0877711,0,0,0,0.0877711,0,0,0,0.203161
168632000000,/,drone2,28,1,"container2",world,12.6722,3.30674,0,0.0881816,0,0,0,0.0881816,0,0,0,0.203968
168720000000,/,drone1,24,0,"container1",world,11.095,-5.00596,0,0.0883318,0,0,0,0.0883318,0,0,0,0.204035
168720000000,/,drone3,26,2,"container3",world,11.135,10.5768,0,0.0876697,0,0,0,0.0876697,0,0,0,0.20293
168720000000,/,drone2,28,1,"container2",world,12.6692,3.30434,0,0.0881811,0,0,0,0.0881811,0,0,0,0.203727
168784000000,/,drone1,24,0,"container1",world,11.0915,-5.0049,0,0.0879664,0,0,0,0.0879664,0,0,0,0.203246
168784000000,/,drone3,26,2,"container3",world,11.129,10.5749,0,0.0947028,0,0,0,0.0947028,0,0,0,0.216089
168784000000,/,drone2,28,1,"container2",world,12.6608,3.3025,0,0.0879579,0,0,0,0.0879579,0,0,0,0.203171
168864000000,/,drone1,24,0,"container1",world,11.0879,-5.00449,0,0.087971,0,0,0,0.087971,0,0,0,0.203114
168864000000,/,drone3,26,2,"container3",world,11.1257,10.5741,0,0.0956323,0,0,0,0.0956323,0,0,0,0.218502
168864000000,/,drone2,28,1,"container2",world,12.6646,3.3007,0,0.0880054,0,0,0,0.0880054,0,0,0,0.203115
168928000000,/,drone1,24,0,"container1",world,11.0854,-5.00375,0,0.0881128,0,0,0,0.0881128,0,0,0,0.203244
168928000000,/,drone3,26,2,"container3",world,11.1238,10.5738,0,0.0953242,0,0,0,0.0953242,0,0,0,0.218519
168928000000,/,drone2,28,1,"container2",world,12.6721,3.29853,0,0.0882242,0,0,0,0.0882242,0,0,0,0.203393
169000000000,/,drone1,24,0,"container1",world,11.084,-5.00377,0,0.0878581,0,0,0,0.0878581,0,0,0,0.202735
169000000000,/,drone3,26,2,"container3",world,11.1226,10.5737,0,0.0941249,0,0,0,0.0941249,0,0,0,0.216755
169000000000,/,drone2,28,1,"container2",world,12.6793,3.29809,0,0.0880299,0,0,0,0.0880299,0,0,0,0.203008
169088000000,/,drone1,24,0,"container1",world,11.083,-5.00137,0,0.0879975,0,0,0,0.0879975,0,0,0,0.202932
169088000000,/,drone3,26,2,"container3",world,11.1205,10.5735,0,0.0926879,0,0,0,0.0926879,0,0,0,0.214359
169088000000,/,drone2,28,1,"container2",world,12.6866,3.29808,0,0.0877667,0,0,0,0.0877667,0,0,0,0.202506
169168000000,/,drone1,24,0,"container1",world,11.0816,-5.00393,0,0.0878123,0,0,0,0.0878123,0,0,0,0.202523
169168000000,/,drone3,26,2,"container3",world,11.1216,10.574,0,0.0913794,0,0,0,0.0913794,0,0,0,0.211971
169168000000,/,drone2,28,1,"container2",world,12.6958,3.29585,0,0.0877839,0,0,0,0.0877839,0,0,0,0.202477
169256000000,/,drone1,24,0,"container1",world,11.0803,-5.00612,0,0.0879102,0,0,0,0.0879102,0,0,0,0.202666
169256000000,/,drone3,26,2,"container3",world,11.1216,10.5741,0,0.0905774,0,0,0,0.0905774,0,0,0,0.210375
169256000000,/,drone2,28,1,"container2",world,12.7025,3.29246,0,0.0879874,0,0,0,0.0879874,0,0,0,0.202828
169320000000,/,drone1,24,0,"container1",world,11.0562,-5.23073,0,0.088326,0,0,0,0.088326,0,0,0,0.203399
169320000000,/,drone3,26,2,"container3",world,11.1218,10.574,0,0.0896945,0,0,0,0.0896945,0,0,0,0.208551
169320000000,/,drone2,28,1,"container2",world,12.7084,3.29168,0,0.0881621,0,0,0,0.0881621,0,0,0,0.203134
169400000000,/,drone1,24,0,"container1",world,11.0712,-5.06655,0,0.0880226,0,0,0,0.0880226,0,0,0,0.202851
169400000000,/,drone3,26,2,"container3",world,11.122,10.5734,0,0.0890818,0,0,0,0.0890818,0,0,0,0.207075
169400000000,/,drone2,28,1,"container2",world,12.7175,3.29002,0,0.0879979,0,0,0,0.0879979,0,0,0,0.202855
169492000000,/,drone1,24,0,"container1",world,11.0723,-5.02745,0,0.0876365,0,0,0,0.0876365,0,0,0,0.202146
169492000000,/,drone3,26,2,"container3",world,11.1212,10.5727,0,0.0884591,0,0,0,0.0884591,0,0,0,0.20559
169492000000,/,drone2,28,1,"container2",world,12.724,3.2889,0,0.0876437,0,0,0,0.0876437,0,0,0,0.202218
169552000000,/,drone1,24,0,"container1",world,11.0668,-5.02154,0,0.0877278,0,0,0,0.0877278,0,0,0,0.202301
169552000000,/,drone3,26,2,"container3",world,11.1199,10.5717,0,0.088167,0,0,0,0.088167,0,0,0,0.204637
169552000000,/,drone2,28,1,"container2",world,12.7286,3.28718,0,0.087739,0,0,0,0.087739,0,0,0,0.202387
169588000000,/,drone1,24,0,"container1",world,11.0588,-5.02301,0,0.0880117,0,0,0,0.0880117,0,0,0,0.202823
169588000000,/,drone3,26,2,"container3",world,11.1192,10.5706,0,0.0881978,0,0,0,0.0881978,0,0,0,0.204342
169588000000,/,drone2,28,1,"container2",world,12.7281,3.28527,0,0.0879601,0,0,0,0.0879601,0,0,0,0.202801
169656000000,/,drone1,24,0,"container1",world,11.0515,-5.02633,0,0.0877963,0,0,0,0.0877963,0,0,0,0.202445
169656000000,/,drone3,26,2,"container3",world,11.1192,10.5697,0,0.0879656,0,0,0,0.0879656,0,0,0,0.203637
169656000000,/,drone2,28,1,"container2",world,12.7224,3.28496,0,0.0877885,0,0,0,0.0877885,0,0,0,0.202501
169688000000,/,drone1,24,0,"container1",world,11.0452,-5.02965,0,0.0880657,0,0,0,0.0880657,0,0,0,0.202939
169688000000,/,drone3,26,2,"container3",world,11.1194,10.569,0,0.0881919,0,0,0,0.0881919,0,0,0,0.203838
169688000000,/,drone2,28,1,"container2",world,12.7226,3.28485,0,0.0881336,0,0,0,0.0881336,0,0,0,0.203124
169752000000,/,drone1,24,0,"container1",world,11.0423,-5.03136,0,0.0880132,0,0,0,0.0880132,0,0,0,0.202852
169752000000,/,drone3,26,2,"container3",world,11.1203,10.5683,0,0.0880497,0,0,0,0.0880497,0,0,0,0.203406
169752000000,/,drone2,28,1,"container2",world,12.7216,3.28517,0,0.0881533,0,0,0,0.0881533,0,0,0,0.203165
169800000000,/,drone1,24,0,"container1",world,11.0387,-5.03361,0,0.0877946,0,0,0,0.0877946,0,0,0,0.202455
169800000000,/,drone3,26,2,"container3",world,11.1214,10.5679,0,0.0877741,0,0,0,0.0877741,0,0,0,0.202747
169800000000,/,drone2,28,1,"container2",world,12.7158,3.28619,0,0.0879966,0,0,0,0.0879966,0,0,0,0.202885
169852000000,/,drone1,24,0,"container1",world,11.037,-5.03231,0,0.0880962,0,0,0,0.0880962,0,0,0,0.202983
169852000000,/,drone3,26,2,"container3",world,11.1223,10.5676,0,0.0879957,0,0,0,0.0879957,0,0,0,0.20302
169852000000,/,drone2,28,1,"container2",world,12.7127,3.28557,0,0.0881345,0,0,0,0.0881345,0,0,0,0.203126
169892000000,/,drone1,24,0,"container1",world,11.0362,-5.0334,0,0.0879403,0,0,0,0.0879403,0,0,0,0.202706
169892000000,/,drone3,26,2,"container3",world,11.123,10.5671,0,0.0878792,0,0,0,0.0878792,0,0,0,0.202709
169892000000,/,drone2,28,1,"container2",world,12.711,3.28601,0,0.0880538,0,0,0,0.0880538,0,0,0,0.202983
169904000000,/,drone1,24,0,"container1",world,11.0361,-5.03118,0,0.0882485,0,0,0,0.0882485,0,0,0,0.203253
169904000000,/,drone3,26,2,"container3",world,11.1233,10.5666,0,0.0881732,0,0,0,0.0881732,0,0,0,0.203161
169904000000,/,drone2,28,1,"container2",world,12.7094,3.28518,0,0.0882069,0,0,0,0.0882069,0,0,0,0.203254
169972000000,/,drone1,24,0,"container1",world,11.0373,-5.03065,0,0.0880723,0,0,0,0.0880723,0,0,0,0.202949
169972000000,/,drone3,26,2,"container3",world,11.1233,10.5662,0,0.0881888,0,0,0,0.0881888,0,0,0,0.203147
169972000000,/,drone2,28,1,"container2",world,12.7081,3.28532,0,0.0881787,0,0,0,0.0881787,0,0,0,0.203208
170000000000,/,drone1,24,0,"container1",world,11.0361,-5.19887,0,0.109726,0,0,0,0.109726,0,0,0,0.245418
170000000000,/,drone3,26,2,"container3",world,11.1235,10.5658,0,0.0879717,0,0,0,0.0879717,0,0,0,0.202722
170000000000,/,drone2,28,1,"container2",world,12.7104,3.30157,0,0.0924925,0,0,0,0.0924925,0,0,0,0.212402
170072000000,/,drone1,24,0,"container1",world,11.0391,-5.19874,0,0.109747,0,0,0,0.109747,0,0,0,0.246491
170072000000,/,drone3,26,2,"container3",world,11.1241,10.5653,0,0.0882142,0,0,0,0.0882142,0,0,0,0.203126
170072000000,/,drone2,28,1,"container2",world,12.7126,3.30525,0,0.0934164,0,0,0,0.0934164,0,0,0,0.214501
170100000000,/,drone1,24,0,"container1",world,11.0403,-5.19892,0,0.109703,0,0,0,0.109703,0,0,0,0.246714
170100000000,/,drone3,26,2,"container3",world,11.1245,10.565,0,0.088086,0,0,0,0.088086,0,0,0,0.202887
170100000000,/,drone2,28,1,"container2",world,12.7129,3.30665,0,0.0935411,0,0,0,0.0935411,0,0,0,0.214846
170156000000,/,drone1,24,0,"container1",world,11.0416,-5.19954,0,0.10961,0,0,0,0.10961,0,0,0,0.246659
170156000000,/,drone3,26,2,"container3",world,11.1243,10.565,0,0.0879142,0,0,0,0.0879142,0,0,0,0.202574
170156000000,/,drone2,28,1,"container2",world,12.7142,3.30711,0,0.0935292,0,0,0,0.0935292,0,0,0,0.214858
170200000000,/,drone1,24,0,"container1",world,11.048,-5.14012,0,0.100233,0,0,0,0.100233,0,0,0,0.23027
170200000000,/,drone3,26,2,"container3",world,11.124,10.5652,0,0.0877304,0,0,0,0.0877304,0,0,0,0.202237
170200000000,/,drone2,28,1,"container2",world,12.7215,3.30833,0,0.0913037,0,0,0,0.0913037,0,0,0,0.211038
170264000000,/,drone1,24,0,"container1",world,11.0514,-5.11328,0,0.0960285,0,0,0,0.0960285,0,0,0,0.222601
170264000000,/,drone3,26,2,"container3",world,11.1243,10.5659,0,0.0878757,0,0,0,0.0878757,0,0,0,0.202493
170264000000,/,drone2,28,1,"container2",world,12.7275,3.30781,0,0.0904101,0,0,0,0.0904101,0,0,0,0.20943
170300000000,/,drone1,24,0,"container1",world,11.0537,-5.09029,0,0.0937327,0,0,0,0.0937327,0,0,0,0.218039
170300000000,/,drone3,26,2,"container3",world,11.1248,10.5663,0,0.0878371,0,0,0,0.0878371,0,0,0,0.202425
170300000000,/,drone2,28,1,"container2",world,12.7298,3.30991,0,0.0899115,0,0,0,0.0899115,0,0,0,0.20843
170360000000,/,drone1,24,0,"container1",world,11.0557,-5.07746,0,0.0923315,0,0,0,0.0923315,0,0,0,0.21521
170360000000,/,drone3,26,2,"container3",world,11.126,10.5664,0,0.0880328,0,0,0,0.0880328,0,0,0,0.20279
170360000000,/,drone2,28,1,"container2",world,12.7332,3.31055,0,0.089557,0,0,0,0.089557,0,0,0,0.207697
170400000000,/,drone1,24,0,"container1",world,11.0586,-5.06187,0,0.090721,0,0,0,0.090721,0,0,0,0.21182
170400000000,/,drone3,26,2,"container3",world,11.1274,10.5664,0,0.088008,0,0,0,0.088008,0,0,0,0.202762
170400000000,/,drone2,28,1,"container2",world,12.7339,3.31352,0,0.088872,0,0,0,0.088872,0,0,0,0.20628
170448000000,/,drone1,24,0,"container1",world,11.0486,-5.28508,0,0.0918244,0,0,0,0.0918244,0,0,0,0.216085
170448000000,/,drone3,26,2,"container3",world,11.1297,10.5661,0,0.0882329,0,0,0,0.0882329,0,0,0,0.203177
170448000000,/,drone2,28,1,"container2",world,12.7344,3.31583,0,0.0890439,0,0,0,0.0890439,0,0,0,0.206447
170500000000,/,drone1,24,0,"container1",world,11.0608,-5.10589,0,0.090172,0,0,0,0.090172,0,0,0,0.210896
170500000000,/,drone3,26,2,"container3",world,11.1317,10.5659,0,0.0882112,0,0,0,0.0882112,0,0,0,0.203158
170500000000,/,drone2,28,1,"container2",world,12.7342,3.31796,0,0.0887866,0,0,0,0.0887866,0,0,0,0.20587
170544000000,/,drone1,24,0,"container1",world,11.0653,-5.05048,0,0.0890722,0,0,0,0.0890722,0,0,0,0.207938
170544000000,/,drone3,26,2,"container3",world,11.1336,10.5658,0,0.0880791,0,0,0,0.0880791,0,0,0,0.20294
170544000000,/,drone2,28,1,"container2",world,12.7313,3.32177,0,0.088274,0,0,0,0.088274,0,0,0,0.204737
170588000000,/,drone1,24,0,"container1",world,11.0676,-5.03258,0,0.0884784,0,0,0,0.0884784,0,0,0,0.206421
170588000000,/,drone3,26,2,"container3",world,11.1355,10.5658,0,0.0878036,0,0,0,0.0878036,0,0,0,0.202457
170588000000,/,drone2,28,1,"container2",world,12.7288,3.32443,0,0.0878832,0,0,0,0.0878832,0,0,0,0.203881
170640000000,/,drone1,24,0,"container1",world,11.07,-5.02474,0,0.0886081,0,0,0,0.0886081,0,0,0,0.20635
170640000000,/,drone3,26,2,"container3",world,11.1371,10.5657,0,0.0880217,0,0,0,0.0880217,0,0,0,0.202849
170640000000,/,drone2,28,1,"container2",world,12.7259,3.32675,0,0.08827,0,0,0,0.08827,0,0,0,0.204431
170692000000,/,drone1,24,0,"container1",world,11.0713,-5.01692,0,0.0882137,0,0,0,0.0882137,0,0,0,0.205217
170692000000,/,drone3,26,2,"container3",world,11.139,10.5658,0,0.0878949,0,0,0,0.0878949,0,0,0,0.202633
170692000000,/,drone2,28,1,"container2",world,12.7233,3.32982,0,0.087946,0,0,0,0.087946,0,0,0,0.203649
170724000000,/,drone1,24,0,"container1",world,11.0717,-5.01283,0,0.0885622,0,0,0,0.0885622,0,0,0,0.205565
170724000000,/,drone3,26,2,"container3",world,11.1401,10.5659,0,0.0881788,0,0,0,0.0881788,0,0,0,0.203146
170724000000,/,drone2,28,1,"container2",world,12.7231,3.33048,0,0.0883596,0,0,0,0.0883596,0,0,0,0.204251
170780000000,/,drone1,24,0,"container1",world,11.072,-5.00839,0,0.088173,0,0,0,0.088173,0,0,0,0.204525
170780000000,/,drone3,26,2,"container3",world,11.1408,10.5661,0,0.0881851,0,0,0,0.0881851,0,0,0,0.203171
170780000000,/,drone2,28,1,"container2",world,12.723,3.33046,0,0.0882441,0,0,0,0.0882441,0,0,0,0.203947
170808000000,/,drone1,24,0,"container1",world,11.0727,-5.0057,0,0.0878787,0,0,0,0.0878787,0,0,0,0.203777
170808000000,/,drone3,26,2,"container3",world,11.1418,10.5663,0,0.0879557,0,0,0,0.0879557,0,0,0,0.202775
170808000000,/,drone2,28,1,"container2",world,12.7141,3.34285,0,0.0919334,0,0,0,0.0919334,0,0,0,0.210479
170876000000,/,drone1,24,0,"container1",world,11.0743,-5.00374,0,0.0881718,0,0,0,0.0881718,0,0,0,0.204123
170876000000,/,drone3,26,2,"container3",world,11.1447,10.567,0,0.088054,0,0,0,0.088054,0,0,0,0.202964
170876000000,/,drone2,28,1,"container2",world,12.7106,3.3447,0,0.0928448,0,0,0,0.0928448,0,0,0,0.212168
170904000000,/,drone1,24,0,"container1",world,11.0753,-5.00037,0,0.0879721,0,0,0,0.0879721,0,0,0,0.203512
170904000000,/,drone3,26,2,"container3",world,11.1477,10.5678,0,0.0879818,0,0,0,0.0879818,0,0,0,0.202846
170904000000,/,drone2,28,1,"container2",world,12.7106,3.34226,0,0.0919845,0,0,0,0.0919845,0,0,0,0.210813
170976000000,/,drone1,24,0,"container1",world,11.078,-4.9982,0,0.0876041,0,0,0,0.0876041,0,0,0,0.2026
170976000000,/,drone3,26,2,"container3",world,11.1491,10.5682,0,0.087836,0,0,0,0.087836,0,0,0,0.202589
170976000000,/,drone2,28,1,"container2",world,12.7109,3.33909,0,0.090882,0,0,0,0.090882,0,0,0,0.20897
171008000000,/,drone1,24,0,"container1",world,11.0804,-4.99719,0,0.0880501,0,0,0,0.0880501,0,0,0,0.203241
171008000000,/,drone3,26,2,"container3",world,11.1497,10.5683,0,0.0880205,0,0,0,0.0880205,0,0,0,0.202906
171008000000,/,drone2,28,1,"container2",world,12.7077,3.33721,0,0.0908367,0,0,0,0.0908367,0,0,0,0.208932
171064000000,/,drone1,24,0,"container1",world,11.0827,-4.99656,0,0.0879812,0,0,0,0.0879812,0,0,0,0.203018
171064000000,/,drone3,26,2,"container3",world,11.1497,10.5683,0,0.0879898,0,0,0,0.0879898,0,0,0,0.202849
171064000000,/,drone2,28,1,"container2",world,12.707,3.33566,0,0.0904006,0,0,0,0.0904006,0,0,0,0.208186
171100000000,/,drone1,24,0,"container1",world,11.0857,-4.99868,0,0.0879848,0,0,0,0.0879848,0,0,0,0.202885
171100000000,/,drone3,26,2,"container3",world,11.154,10.5687,0,0.0882108,0,0,0,0.0882108,0,0,0,0.203237
171100000000,/,drone2,28,1,"container2",world,12.7072,3.33296,0,0.0902391,0,0,0,0.0902391,0,0,0,0.207903
171168000000,/,drone1,24,0,"container1",world,11.0899,-4.99472,0,0.0881383,0,0,0,0.0881383,0,0,0,0.203091
171168000000,/,drone3,26,2,"container3",world,11.1581,10.5691,0,0.0881871,0,0,0,0.0881871,0,0,0,0.203199
171168000000,/,drone2,28,1,"container2",world,12.7079,3.33054,0,0.089825,0,0,0,0.089825,0,0,0,0.207167
171200000000,/,drone1,24,0,"container1",world,11.0963,-4.99214,0,0.0878432,0,0,0,0.0878432,0,0,0,0.202486
171200000000,/,drone3,26,2,"container3",world,11.1602,10.5694,0,0.0881753,0,0,0,0.0881753,0,0,0,0.20318
171200000000,/,drone2,28,1,"container2",world,12.7089,3.3265,0,0.0891938,0,0,0,0.0891938,0,0,0,0.205999
171268000000,/,drone1,24,0,"container1",world,11.1003,-4.99077,0,0.0882994,0,0,0,0.0882994,0,0,0,0.203249
171268000000,/,drone3,26,2,"container3",world,11.1613,10.5695,0,0.0881694,0,0,0,0.0881694,0,0,0,0.20317
171268000000,/,drone2,28,1,"container2",world,12.7083,3.32532,0,0.0892694,0,0,0,0.0892694,0,0,0,0.206097
171300000000,/,drone1,24,0,"container1",world,11.1057,-4.98928,0,0.0880449,0,0,0,0.0880449,0,0,0,0.202768
171300000000,/,drone3,26,2,"container3",world,11.168,10.5698,0,0.0880302,0,0,0,0.0880302,0,0,0,0.202924
171300000000,/,drone2,28,1,"container2",world,12.7035,3.32097,0,0.0887669,0,0,0,0.0887669,0,0,0,0.205135
171340000000,/,drone1,24,0,"container1",world,11.109,-4.98867,0,0.0878217,0,0,0,0.0878217,0,0,0,0.202352
171340000000,/,drone3,26,2,"container3",world,11.1718,10.5698,0,0.0878517,0,0,0,0.0878517,0,0,0,0.202602
171340000000,/,drone2,28,1,"container2",world,12.6998,3.31899,0,0.0883952,0,0,0,0.0883952,0,0,0,0.204413
171400000000,/,drone1,24,0,"container1",world,11.1137,-4.98843,0,0.0881628,0,0,0,0.0881628,0,0,0,0.202926
171400000000,/,drone3,26,2,"container3",world,11.1741,10.5697,0,0.0876636,0,0,0,0.0876636,0,0,0,0.202257
171400000000,/,drone2,28,1,"container2",world,12.6946,3.31804,0,0.0883843,0,0,0,0.0883843,0,0,0,0.204285
171472000000,/,drone1,24,0,"container1",world,11.1149,-4.98837,0,0.0882473,0,0,0,0.0882473,0,0,0,0.203069
171472000000,/,drone3,26,2,"container3",world,11.1756,10.5694,0,0.0879278,0,0,0,0.0879278,0,0,0,0.202714
171472000000,/,drone2,28,1,"container2",world,12.6935,3.31655,0,0.0885553,0,0,0,0.0885553,0,0,0,0.204556
171536000000,/,drone1,24,0,"container1",world,11.116,-4.98884,0,0.0880383,0,0,0,0.0880383,0,0,0,0.202696
171536000000,/,drone3,26,2,"container3",world,11.1769,10.5692,0,0.0878264,0,0,0,0.0878264,0,0,0,0.202525
171536000000,/,drone2,28,1,"container2",world,12.6923,3.31707,0,0.0884851,0,0,0,0.0884851,0,0,0,0.204426
171612000000,/,drone1,24,0,"container1",world,11.1201,-4.99095,0,0.0880135,0,0,0,0.0880135,0,0,0,0.202695
171612000000,/,drone3,26,2,"container3",world,11.1768,10.5689,0,0.0878694,0,0,0,0.0878694,0,0,0,0.202601
171612000000,/,drone2,28,1,"container2",world,12.6843,3.31224,0,0.0881782,0,0,0,0.0881782,0,0,0,0.203688
171700000000,/,drone1,24,0,"container1",world,11.1206,-4.98986,0,0.0881902,0,0,0,0.0881902,0,0,0,0.203026
171700000000,/,drone3,26,2,"container3",world,11.1755,10.5686,0,0.0877812,0,0,0,0.0877812,0,0,0,0.202441
171700000000,/,drone2,28,1,"container2",world,12.6809,3.31017,0,0.0879142,0,0,0,0.0879142,0,0,0,0.20313
171784000000,/,drone1,24,0,"container1",world,11.1207,-4.99496,0,0.0880256,0,0,0,0.0880256,0,0,0,0.202782
171784000000,/,drone3,26,2,"container3",world,11.1709,10.5679,0,0.0878334,0,0,0,0.0878334,0,0,0,0.202534
171784000000,/,drone2,28,1,"container2",world,12.6772,3.30637,0,0.0879468,0,0,0,0.0879468,0,0,0,0.203075
171868000000,/,drone1,24,0,"container1",world,11.1174,-4.99861,0,0.0882026,0,0,0,0.0882026,0,0,0,0.203119
171868000000,/,drone3,26,2,"container3",world,11.1656,10.5677,0,0.0880105,0,0,0,0.0880105,0,0,0,0.20283
171868000000,/,drone2,28,1,"container2",world,12.6776,3.30223,0,0.0881582,0,0,0,0.0881582,0,0,0,0.203318
171932000000,/,drone1,24,0,"container1",world,11.1156,-5.00099,0,0.0878931,0,0,0,0.0878931,0,0,0,0.202595
171932000000,/,drone3,26,2,"container3",world,11.1613,10.5678,0,0.0878669,0,0,0,0.0878669,0,0,0,0.202564
171932000000,/,drone2,28,1,"container2",world,12.6787,3.30035,0,0.0878565,0,0,0,0.0878565,0,0,0,0.202706
172004000000,/,drone1,24,0,"container1",world,11.114,-5.00395,0,0.0881322,0,0,0,0.0881322,0,0,0,0.203055
172004000000,/,drone3,26,2,"container3",world,11.158,10.5681,0,0.0880103,0,0,0,0.0880103,0,0,0,0.202818
172004000000,/,drone2,28,1,"container2",world,12.679,3.30058,0,0.0881002,0,0,0,0.0881002,0,0,0,0.203096
172080000000,/,drone1,24,0,"container1",world,11.1143,-5.00595,0,0.0878401,0,0,0,0.0878401,0,0,0,0.202559
172080000000,/,drone3,26,2,"container3",world,11.1547,10.569,0,0.0878516,0,0,0,0.0878516,0,0,0,0.202534
172080000000,/,drone2,28,1,"container2",world,12.6795,3.30217,0,0.0878145,0,0,0,0.0878145,0,0,0,0.20255
172172000000,/,drone1,24,0,"container1",world,11.118,-5.00778,0,0.087903,0,0,0,0.087903,0,0,0,0.202703
172172000000,/,drone3,26,2,"container3",world,11.1513,10.571,0,0.0878684,0,0,0,0.0878684,0,0,0,0.202568
172172000000,/,drone2,28,1,"container2",world,12.6838,3.30549,0,0.0878883,0,0,0,0.0878883,0,0,0,0.202655
172260000000,/,drone1,24,0,"container1",world,11.124,-5.00875,0,0.0880755,0,0,0,0.0880755,0,0,0,0.20303
172260000000,/,drone3,26,2,"container3",world,11.1503,10.5733,0,0.088118,0,0,0,0.088118,0,0,0,0.203008
172260000000,/,drone2,28,1,"container2",world,12.6907,3.30885,0,0.0881379,0,0,0,0.0881379,0,0,0,0.203076
172304000000,/,drone1,24,0,"container1",world,11.1292,-5.0091,0,0.0877741,0,0,0,0.0877741,0,0,0,0.202497
172304000000,/,drone3,26,2,"container3",world,11.1507,10.5761,0,0.087885,0,0,0,0.087885,0,0,0,0.202594
172304000000,/,drone2,28,1,"container2",world,12.6967,3.31192,0,0.0877949,0,0,0,0.0877949,0,0,0,0.202455
172400000000,/,drone1,24,0,"container1",world,11.1353,-5.00888,0,0.0880865,0,0,0,0.0880865,0,0,0,0.203034
172400000000,/,drone3,26,2,"container3",world,11.1521,10.5785,0,0.0880286,0,0,0,0.0880286,0,0,0,0.202835
172400000000,/,drone2,28,1,"container2",world,12.7024,3.31443,0,0.0881006,0,0,0,0.0881006,0,0,0,0.202973
172492000000,/,drone1,24,0,"container1",world,11.1423,-5.00797,0,0.0878157,0,0,0,0.0878157,0,0,0,0.202546
172492000000,/,drone3,26,2,"container3",world,11.1547,10.5804,0,0.0878701,0,0,0,0.0878701,0,0,0,0.202545
172492000000,/,drone2,28,1,"container2",world,12.708,3.3169,0,0.0878307,0,0,0,0.0878307,0,0,0,0.202487
172564000000,/,drone1,24,0,"container1",world,11.1505,-5.00639,0,0.0878881,0,0,0,0.0878881,0,0,0,0.20268
172564000000,/,drone3,26,2,"container3",world,11.1593,10.5825,0,0.0878866,0,0,0,0.0878866,0,0,0,0.202578
172564000000,/,drone2,28,1,"container2",world,12.714,3.31961,0,0.0879057,0,0,0,0.0879057,0,0,0,0.202634
172648000000,/,drone1,24,0,"container1",world,11.1573,-5.00441,0,0.0880661,0,0,0,0.0880661,0,0,0,0.202995
172648000000,/,drone3,26,2,"container3",world,11.1628,10.5842,0,0.0881354,0,0,0,0.0881354,0,0,0,0.203019
172648000000,/,drone2,28,1,"container2",world,12.7187,3.32185,0,0.0881508,0,0,0,0.0881508,0,0,0,0.203079
172736000000,/,drone1,24,0,"container1",world,11.1614,-5.00323,0,0.0878226,0,0,0,0.0878226,0,0,0,0.202558
172736000000,/,drone3,26,2,"container3",world,11.1645,10.5851,0,0.0882588,0,0,0,0.0882588,0,0,0,0.203237
172736000000,/,drone2,28,1,"container2",world,12.7211,3.32304,0,0.0880919,0,0,0,0.0880919,0,0,0,0.202979
172800000000,/,drone1,24,0,"container1",world,11.163,-5.00085,0,0.0880956,0,0,0,0.0880956,0,0,0,0.203014
172800000000,/,drone3,26,2,"container3",world,11.1645,10.5866,0,0.0878661,0,0,0,0.0878661,0,0,0,0.202536
172800000000,/,drone2,28,1,"container2",world,12.722,3.32601,0,0.0879986,0,0,0,0.0879986,0,0,0,0.202802
172888000000,/,drone1,24,0,"container1",world,11.1625,-4.99844,0,0.0883374,0,0,0,0.0883374,0,0,0,0.203428
172888000000,/,drone3,26,2,"container3",world,11.1644,10.5874,0,0.0876674,0,0,0,0.0876674,0,0,0,0.202181
172888000000,/,drone2,28,1,"container2",world,12.7245,3.32973,0,0.0880902,0,0,0,0.0880902,0,0,0,0.202966
172976000000,/,drone1,24,0,"container1",world,11.162,-4.99684,0,0.0880184,0,0,0,0.0880184,0,0,0,0.202866
172976000000,/,drone3,26,2,"container3",world,11.1615,10.588,0,0.0880445,0,0,0,0.0880445,0,0,0,0.202846
172976000000,/,drone2,28,1,"container2",world,12.7274,3.32905,0,0.0880932,0,0,0,0.0880932,0,0,0,0.20298
173052000000,/,drone1,24,0,"container1",world,11.1618,-4.99468,0,0.0880983,0,0,0,0.0880983,0,0,0,0.203007
173052000000,/,drone3,26,2,"container3",world,11.1543,10.5892,0,0.0882166,0,0,0,0.0882166,0,0,0,0.203156
173052000000,/,drone2,28,1,"container2",world,12.7299,3.33246,0,0.088191,0,0,0,0.088191,0,0,0,0.203164
173112000000,/,drone1,24,0,"container1",world,11.161,-4.99318,0,0.0877759,0,0,0,0.0877759,0,0,0,0.202426
173112000000,/,drone3,26,2,"container3",world,11.1512,10.5898,0,0.0880513,0,0,0,0.0880513,0,0,0,0.202873
173112000000,/,drone2,28,1,"container2",world,12.7318,3.33356,0,0.0878604,0,0,0,0.0878604,0,0,0,0.202581
173200000000,/,drone1,24,0,"container1",world,11.1582,-4.9909,0,0.0880235,0,0,0,0.0880235,0,0,0,0.202841
173200000000,/,drone3,26,2,"container3",world,11.1501,10.59,0,0.0877626,0,0,0,0.0877626,0,0,0,0.202355
173200000000,/,drone2,28,1,"container2",world,12.734,3.3369,0,0.0878103,0,0,0,0.0878103,0,0,0,0.202478
173284000000,/,drone1,24,0,"container1",world,11.1547,-4.99076,0,0.0877982,0,0,0,0.0877982,0,0,0,0.202433
173284000000,/,drone3,26,2,"container3",world,11.1492,10.5897,0,0.0877426,0,0,0,0.0877426,0,0,0,0.202313
173284000000,/,drone2,28,1,"container2",world,12.7375,3.33545,0,0.0877491,0,0,0,0.0877491,0,0,0,0.202361
173360000000,/,drone1,24,0,"container1",world,11.1471,-4.99164,0,0.0877736,0,0,0,0.0877736,0,0,0,0.202394
173360000000,/,drone3,26,2,"container3",world,11.1475,10.5891,0,0.0878272,0,0,0,0.0878272,0,0,0,0.20247
173360000000,/,drone2,28,1,"container2",world,12.742,3.3343,0,0.0878741,0,0,0,0.0878741,0,0,0,0.202593
173436000000,/,drone1,24,0,"container1",world,11.1402,-4.99185,0,0.0880377,0,0,0,0.0880377,0,0,0,0.202869
173436000000,/,drone3,26,2,"container3",world,11.1451,10.588,0,0.0879766,0,0,0,0.0879766,0,0,0,0.202742
173436000000,/,drone2,28,1,"container2",world,12.743,3.33127,0,0.0880647,0,0,0,0.0880647,0,0,0,0.202937
173500000000,/,drone1,24,0,"container1",world,11.1319,-4.99328,0,0.0876137,0,0,0,0.0876137,0,0,0,0.202101
173500000000,/,drone3,26,2,"container3",world,11.1427,10.5868,0,0.0878226,0,0,0,0.0878226,0,0,0,0.202471
173500000000,/,drone2,28,1,"container2",world,12.7431,3.3274,0,0.0876709,0,0,0,0.0876709,0,0,0,0.202226
173588000000,/,drone1,24,0,"container1",world,11.1277,-4.99483,0,0.0878615,0,0,0,0.0878615,0,0,0,0.202532
173588000000,/,drone3,26,2,"container3",world,11.1399,10.5854,0,0.088005,0,0,0,0.088005,0,0,0,0.202784
173588000000,/,drone2,28,1,"container2",world,12.7439,3.32455,0,0.0879377,0,0,0,0.0879377,0,0,0,0.202687
173680000000,/,drone1,24,0,"container1",world,11.125,-4.99644,0,0.0882799,0,0,0,0.0882799,0,0,0,0.203269
173680000000,/,drone3,26,2,"container3",world,11.137,10.5837,0,0.0882122,0,0,0,0.0882122,0,0,0,0.203147
173680000000,/,drone2,28,1,"container2",world,12.7455,3.32309,0,0.0882992,0,0,0,0.0882992,0,0,0,0.203322
173760000000,/,drone1,24,0,"container1",world,11.1211,-4.99827,0,0.0878403,0,0,0,0.0878403,0,0,0,0.202496
173760000000,/,drone3,26,2,"container3",world,11.1341,10.5819,0,0.0880622,0,0,0,0.0880622,0,0,0,0.202888
173760000000,/,drone2,28,1,"container2",world,12.7456,3.32047,0,0.0879002,0,0,0,0.0879002,0,0,0,0.20262
173824000000,/,drone1,24,0,"container1",world,11.1169,-4.99933,0,0.0880542,0,0,0,0.0880542,0,0,0,0.202886
173824000000,/,drone3,26,2,"container3",world,11.1314,10.5801,0,0.0882256,0,0,0,0.0882256,0,0,0,0.203179
173824000000,/,drone2,28,1,"container2",world,12.7454,3.31838,0,0.0881354,0,0,0,0.0881354,0,0,0,0.203043
173904000000,/,drone1,24,0,"container1",world,11.1123,-4.99979,0,0.0877648,0,0,0,0.0877648,0,0,0,0.202372
173904000000,/,drone3,26,2,"container3",world,11.1262,10.5783,0,0.0879481,0,0,0,0.0879481,0,0,0,0.202691
173904000000,/,drone2,28,1,"container2",world,12.7444,3.31778,0,0.0877854,0,0,0,0.0877854,0,0,0,0.202421
174000000000,/,drone1,24,0,"container1",world,11.1068,-5.00107,0,0.0879599,0,0,0,0.0879599,0,0,0,0.202702
174000000000,/,drone3,26,2,"container3",world,11.1207,10.5767,0,0.0880673,0,0,0,0.0880673,0,0,0,0.202893
174000000000,/,drone2,28,1,"container2",world,12.7438,3.31676,0,0.0880866,0,0,0,0.0880866,0,0,0,0.202936
174076000000,/,drone1,24,0,"container1",world,11.1,-5.00036,0,0.088304,0,0,0,0.088304,0,0,0,0.203307
174076000000,/,drone3,26,2,"container3",world,11.1138,10.5744,0,0.088243,0,0,0,0.088243,0,0,0,0.203201
174076000000,/,drone2,28,1,"container2",world,12.7433,3.31586,0,0.0883353,0,0,0,0.0883353,0,0,0,0.203372
174148000000,/,drone1,24,0,"container1",world,11.0943,-5.00213,0,0.0879617,0,0,0,0.0879617,0,0,0,0.202709
174148000000,/,drone3,26,2,"container3",world,11.1095,10.5728,0,0.0881979,0,0,0,0.0881979,0,0,0,0.203126
174148000000,/,drone2,28,1,"container2",world,12.7441,3.31557,0,0.0881985,0,0,0,0.0881985,0,0,0,0.203138
174208000000,/,drone1,24,0,"container1",world,11.0929,-5.00258,0,0.0878753,0,0,0,0.0878753,0,0,0,0.202557
174208000000,/,drone3,26,2,"container3",world,11.1074,10.572,0,0.0881753,0,0,0,0.0881753,0,0,0,0.203089
174208000000,/,drone2,28,1,"container2",world,12.7442,3.3155,0,0.0881642,0,0,0,0.0881642,0,0,0,0.203079
174300000000,/,drone1,24,0,"container1",world,11.0885,-5.00351,0,0.0878416,0,0,0,0.0878416,0,0,0,0.202502
174300000000,/,drone3,26,2,"container3",world,11.1045,10.5705,0,0.0879347,0,0,0,0.0879347,0,0,0,0.202663
174300000000,/,drone2,28,1,"container2",world,12.7444,3.31599,0,0.0880412,0,0,0,0.0880412,0,0,0,0.202861
174384000000,/,drone1,24,0,"container1",world,11.0747,-5.05653,0,0.0924279,0,0,0,0.0924279,0,0,0,0.211005
174384000000,/,drone3,26,2,"container3",world,11.0974,10.5664,0,0.0880607,0,0,0,0.0880607,0,0,0,0.202879
174384000000,/,drone2,28,1,"container2",world,12.7496,3.31528,0,0.08815,0,0,0,0.08815,0,0,0,0.203039
174464000000,/,drone1,24,0,"container1",world,11.0699,-5.05233,0,0.0922151,0,0,0,0.0922151,0,0,0,0.211068
174464000000,/,drone3,26,2,"container3",world,11.0923,10.5634,0,0.0882398,0,0,0,0.0882398,0,0,0,0.203194
174464000000,/,drone2,28,1,"container2",world,12.751,3.31508,0,0.088351,0,0,0,0.088351,0,0,0,0.203392
174524000000,/,drone1,24,0,"container1",world,11.0696,-5.04343,0,0.0910921,0,0,0,0.0910921,0,0,0,0.209327
174524000000,/,drone3,26,2,"container3",world,11.0891,10.5609,0,0.088076,0,0,0,0.088076,0,0,0,0.202911
174524000000,/,drone2,28,1,"container2",world,12.7495,3.31499,0,0.0880219,0,0,0,0.0880219,0,0,0,0.202821
174600000000,/,drone1,24,0,"container1",world,11.0688,-5.03543,0,0.0905116,0,0,0,0.0905116,0,0,0,0.208424
174600000000,/,drone3,26,2,"container3",world,11.0874,10.5596,0,0.0879938,0,0,0,0.0879938,0,0,0,0.202769
174600000000,/,drone2,28,1,"container2",world,12.7471,3.31619,0,0.0881783,0,0,0,0.0881783,0,0,0,0.203098
174640000000,/,drone1,24,0,"container1",world,11.0694,-5.02642,0,0.089693,0,0,0,0.089693,0,0,0,0.207004
174640000000,/,drone3,26,2,"container3",world,11.0867,10.5568,0,0.0879395,0,0,0,0.0879395,0,0,0,0.20268
174640000000,/,drone2,28,1,"container2",world,12.7413,3.31486,0,0.0879588,0,0,0,0.0879588,0,0,0,0.202719
174688000000,/,drone1,24,0,"container1",world,11.0706,-5.01945,0,0.0889249,0,0,0,0.0889249,0,0,0,0.205576
174688000000,/,drone3,26,2,"container3",world,11.0868,10.5551,0,0.0877061,0,0,0,0.0877061,0,0,0,0.202258
174688000000,/,drone2,28,1,"container2",world,12.7325,3.31543,0,0.0879521,0,0,0,0.0879521,0,0,0,0.202689
174720000000,/,drone1,24,0,"container1",world,11.0709,-5.01771,0,0.0887291,0,0,0,0.0887291,0,0,0,0.205212
174720000000,/,drone3,26,2,"container3",world,11.0867,10.554,0,0.0879472,0,0,0,0.0879472,0,0,0,0.202678
174720000000,/,drone2,28,1,"container2",world,12.7291,3.31382,0,0.0881279,0,0,0,0.0881279,0,0,0,0.202994
174736000000,/,drone1,24,0,"container1",world,11.0727,-5.01161,0,0.0883415,0,0,0,0.0883415,0,0,0,0.204439
174736000000,/,drone3,26,2,"container3",world,11.0861,10.5532,0,0.0878351,0,0,0,0.0878351,0,0,0,0.202476
174736000000,/,drone2,28,1,"container2",world,12.7223,3.31302,0,0.0878245,0,0,0,0.0878245,0,0,0,0.202454
174772000000,/,drone1,24,0,"container1",world,11.0725,-5.00681,0,0.0887049,0,0,0,0.0887049,0,0,0,0.20505
174772000000,/,drone3,26,2,"container3",world,11.0854,10.5525,0,0.088128,0,0,0,0.088128,0,0,0,0.202994
174772000000,/,drone2,28,1,"container2",world,12.7195,3.31123,0,0.0879235,0,0,0,0.0879235,0,0,0,0.20263
174800000000,/,drone1,24,0,"container1",world,11.0725,-5.00561,0,0.088795,0,0,0,0.088795,0,0,0,0.205202
174800000000,/,drone3,26,2,"container3",world,11.085,10.5522,0,0.0882732,0,0,0,0.0882732,0,0,0,0.203251
174800000000,/,drone2,28,1,"container2",world,12.7188,3.31079,0,0.0879482,0,0,0,0.0879482,0,0,0,0.202674
174836000000,/,drone1,24,0,"container1",world,11.0725,-5.0053,0,0.0888174,0,0,0,0.0888174,0,0,0,0.205239
174836000000,/,drone3,26,2,"container3",world,11.0841,10.5516,0,0.0882131,0,0,0,0.0882131,0,0,0,0.203151
174836000000,/,drone2,28,1,"container2",world,12.7171,3.31112,0,0.0878872,0,0,0,0.0878872,0,0,0,0.202569
174864000000,/,drone1,24,0,"container1",world,11.0733,-4.99885,0,0.0885499,0,0,0,0.0885499,0,0,0,0.204592
174864000000,/,drone3,26,2,"container3",world,11.0836,10.5514,0,0.0881829,0,0,0,0.0881829,0,0,0,0.203101
174864000000,/,drone2,28,1,"container2",world,12.714,3.31085,0,0.0878566,0,0,0,0.0878566,0,0,0,0.202522
174896000000,/,drone1,24,0,"container1",world,11.0736,-4.99722,0,0.0884825,0,0,0,0.0884825,0,0,0,0.204429
174896000000,/,drone3,26,2,"container3",world,11.0834,10.5513,0,0.0881678,0,0,0,0.0881678,0,0,0,0.203076
174896000000,/,drone2,28,1,"container2",world,12.7133,3.31079,0,0.087849,0,0,0,0.087849,0,0,0,0.202511
174928000000,/,drone1,24,0,"container1",world,11.0735,-4.99892,0,0.0884675,0,0,0,0.0884675,0,0,0,0.20436
174928000000,/,drone3,26,2,"container3",world,11.0833,10.5512,0,0.0881603,0,0,0,0.0881603,0,0,0,0.203063
174928000000,/,drone2,28,1,"container2",world,12.7122,3.31215,0,0.0881955,0,0,0,0.0881955,0,0,0,0.203126
174936000000,/,drone1,24,0,"container1",world,11.0729,-4.99745,0,0.0880409,0,0,0,0.0880409,0,0,0,0.203501
174936000000,/,drone3,26,2,"container3",world,11.0832,10.5512,0,0.0881565,0,0,0,0.0881565,0,0,0,0.203057
174936000000,/,drone2,28,1,"container2",world,12.7116,3.31058,0,0.0880301,0,0,0,0.0880301,0,0,0,0.20284
174968000000,/,drone1,24,0,"container1",world,11.0725,-4.99495,0,0.0882791,0,0,0,0.0882791,0,0,0,0.203895
174968000000,/,drone3,26,2,"container3",world,11.0832,10.5511,0,0.0881546,0,0,0,0.0881546,0,0,0,0.203054
174968000000,/,drone2,28,1,"container2",world,12.7115,3.31019,0,0.0879885,0,0,0,0.0879885,0,0,0,0.202768
175000000000,/,drone1,24,0,"container1",world,11.072,-4.99556,0,0.0882072,0,0,0,0.0882072,0,0,0,0.203768
175000000000,/,drone3,26,2,"container3",world,11.0858,10.5487,0,0.0880202,0,0,0,0.0880202,0,0,0,0.202823
175000000000,/,drone2,28,1,"container2",world,12.7021,3.31166,0,0.0879111,0,0,0,0.0879111,0,0,0,0.202635
175036000000,/,drone1,24,0,"container1",world,11.0709,-4.99654,0,0.0878826,0,0,0,0.0878826,0,0,0,0.203145
175036000000,/,drone3,26,2,"container3",world,11.0876,10.5469,0,0.0878445,0,0,0,0.0878445,0,0,0,0.202511
175036000000,/,drone2,28,1,"container2",world,12.6967,3.31129,0,0.0877286,0,0,0,0.0877286,0,0,0,0.202307
175056000000,/,drone1,24,0,"container1",world,11.0702,-4.99806,0,0.0877033,0,0,0,0.0877033,0,0,0,0.202808
175056000000,/,drone3,26,2,"container3",world,11.0885,10.546,0,0.0877561,0,0,0,0.0877561,0,0,0,0.202354
175056000000,/,drone2,28,1,"container2",world,12.6953,3.3112,0,0.0876828,0,0,0,0.0876828,0,0,0,0.202225
175100000000,/,drone1,24,0,"container1",world,11.0696,-4.99656,0,0.088015,0,0,0,0.088015,0,0,0,0.203349
175100000000,/,drone3,26,2,"container3",world,11.089,10.5456,0,0.0877118,0,0,0,0.0877118,0,0,0,0.202276
175100000000,/,drone2,28,1,"container2",world,12.695,3.31117,0,0.0876713,0,0,0,0.0876713,0,0,0,0.202204
175124000000,/,drone1,24,0,"container1",world,11.069,-4.99766,0,0.0879711,0,0,0,0.0879711,0,0,0,0.203272
175124000000,/,drone3,26,2,"container3",world,11.0892,10.5454,0,0.0876896,0,0,0,0.0876896,0,0,0,0.202236
175124000000,/,drone2,28,1,"container2",world,12.6949,3.31117,0,0.0876684,0,0,0,0.0876684,0,0,0,0.202199
175168000000,/,drone1,24,0,"container1",world,11.0684,-4.99933,0,0.0878503,0,0,0,0.0878503,0,0,0,0.203056
175168000000,/,drone3,26,2,"container3",world,11.0894,10.5439,0,0.0956786,0,0,0,0.0956786,0,0,0,0.216994
175168000000,/,drone2,28,1,"container2",world,12.6937,3.29863,0,0.0893608,0,0,0,0.0893608,0,0,0,0.205412
175200000000,/,drone1,24,0,"container1",world,11.0682,-4.99575,0,0.0882888,0,0,0,0.0882888,0,0,0,0.203633
175200000000,/,drone3,26,2,"container3",world,11.0896,10.5431,0,0.0984637,0,0,0,0.0984637,0,0,0,0.222367
175200000000,/,drone2,28,1,"container2",world,12.688,3.29503,0,0.0901357,0,0,0,0.0901357,0,0,0,0.206881
175256000000,/,drone1,24,0,"container1",world,11.0677,-4.99443,0,0.0881937,0,0,0,0.0881937,0,0,0,0.203393
175256000000,/,drone3,26,2,"container3",world,11.0896,10.5423,0,0.0988613,0,0,0,0.0988613,0,0,0,0.223545
175256000000,/,drone2,28,1,"container2",world,12.6847,3.29512,0,0.0899511,0,0,0,0.0899511,0,0,0,0.206636
175292000000,/,drone1,24,0,"container1",world,11.0665,-4.99357,0,0.0878196,0,0,0,0.0878196,0,0,0,0.202654
175292000000,/,drone3,26,2,"container3",world,11.0891,10.5416,0,0.0982816,0,0,0,0.0982816,0,0,0,0.222976
175292000000,/,drone2,28,1,"container2",world,12.6816,3.29475,0,0.0894645,0,0,0,0.0894645,0,0,0,0.205835
175300000000,/,drone1,24,0,"container1",world,11.066,-4.99287,0,0.0882473,0,0,0,0.0882473,0,0,0,0.203369
175300000000,/,drone3,26,2,"container3",world,11.0849,10.5408,0,0.0971448,0,0,0,0.0971448,0,0,0,0.221499
175300000000,/,drone2,28,1,"container2",world,12.681,3.29606,0,0.0892081,0,0,0,0.0892081,0,0,0,0.205451
175332000000,/,drone1,24,0,"container1",world,11.0662,-4.99153,0,0.0879769,0,0,0,0.0879769,0,0,0,0.202848
175332000000,/,drone3,26,2,"container3",world,11.0811,10.5402,0,0.0959631,0,0,0,0.0959631,0,0,0,0.219778
175332000000,/,drone2,28,1,"container2",world,12.6787,3.29706,0,0.0890459,0,0,0,0.0890459,0,0,0,0.205202
175332000000,/,drone1,24,0,"container1",world,11.0662,-4.99119,0,0.0879088,0,0,0,0.0879088,0,0,0,0.202717
175332000000,/,drone3,26,2,"container3",world,11.0777,10.5397,0,0.0948194,0,0,0,0.0948194,0,0,0,0.218003
175332000000,/,drone2,28,1,"container2",world,12.6795,3.29864,0,0.0888375,0,0,0,0.0888375,0,0,0,0.204848
175364000000,/,drone1,24,0,"container1",world,11.0662,-4.9911,0,0.0878917,0,0,0,0.0878917,0,0,0,0.202684
175364000000,/,drone3,26,2,"container3",world,11.0759,10.5394,0,0.0942297,0,0,0,0.0942297,0,0,0,0.217082
175364000000,/,drone2,28,1,"container2",world,12.6797,3.29904,0,0.0887851,0,0,0,0.0887851,0,0,0,0.204759
175396000000,/,drone1,24,0,"container1",world,11.0663,-4.99108,0,0.0878875,0,0,0,0.0878875,0,0,0,0.202676
175396000000,/,drone3,26,2,"container3",world,11.075,10.5393,0,0.0939302,0,0,0,0.0939302,0,0,0,0.216612
175396000000,/,drone2,28,1,"container2",world,12.6798,3.29913,0,0.088772,0,0,0,0.088772,0,0,0,0.204737
175428000000,/,drone1,24,0,"container1",world,11.0664,-4.99038,0,0.0877243,0,0,0,0.0877243,0,0,0,0.202364
175428000000,/,drone3,26,2,"container3",world,11.0714,10.539,0,0.0933059,0,0,0,0.0933059,0,0,0,0.215584
175428000000,/,drone2,28,1,"container2",world,12.6798,3.29922,0,0.0886211,0,0,0,0.0886211,0,0,0,0.204471
175464000000,/,drone1,24,0,"container1",world,11.0673,-4.98892,0,0.0880142,0,0,0,0.0880142,0,0,0,0.202852
175464000000,/,drone3,26,2,"container3",world,11.0681,10.5387,0,0.0925592,0,0,0,0.0925592,0,0,0,0.214293
175464000000,/,drone2,28,1,"container2",world,12.6785,3.30163,0,0.0886522,0,0,0,0.0886522,0,0,0,0.204522
175500000000,/,drone1,24,0,"container1",world,11.0675,-4.98856,0,0.0880862,0,0,0,0.0880862,0,0,0,0.202973
175500000000,/,drone3,26,2,"container3",world,11.0664,10.5386,0,0.0921778,0,0,0,0.0921778,0,0,0,0.213631
175500000000,/,drone2,28,1,"container2",world,12.6781,3.30224,0,0.08866,0,0,0,0.08866,0,0,0,0.204535
175572000000,/,drone1,24,0,"container1",world,11.0689,-4.9875,0,0.0877675,0,0,0,0.0877675,0,0,0,0.202382
175572000000,/,drone3,26,2,"container3",world,11.0626,10.5381,0,0.0912653,0,0,0,0.0912653,0,0,0,0.211942
175572000000,/,drone2,28,1,"container2",world,12.6797,3.30395,0,0.0882041,0,0,0,0.0882041,0,0,0,0.203695
175656000000,/,drone1,24,0,"container1",world,11.0698,-4.98711,0,0.0875426,0,0,0,0.0875426,0,0,0,0.201957
175656000000,/,drone3,26,2,"container3",world,11.0595,10.5377,0,0.0904981,0,0,0,0.0904981,0,0,0,0.210478
175656000000,/,drone2,28,1,"container2",world,12.6806,3.30568,0,0.0878945,0,0,0,0.0878945,0,0,0,0.203109
175768000000,/,drone1,24,0,"container1",world,11.0729,-4.98701,0,0.0876828,0,0,0,0.0876828,0,0,0,0.202178
175768000000,/,drone3,26,2,"container3",world,11.0553,10.5372,0,0.0900033,0,0,0,0.0900033,0,0,0,0.209405
175768000000,/,drone2,28,1,"container2",world,12.6791,3.30944,0,0.0879862,0,0,0,0.0879862,0,0,0,0.20322
175824000000,/,drone1,24,0,"container1",world,11.0737,-4.98698,0,0.0877178,0,0,0,0.0877178,0,0,0,0.202233
175824000000,/,drone3,26,2,"container3",world,11.0519,10.5366,0,0.0895087,0,0,0,0.0895087,0,0,0,0.208344
175824000000,/,drone2,28,1,"container2",world,12.6786,3.31123,0,0.0879215,0,0,0,0.0879215,0,0,0,0.203068
175892000000,/,drone1,24,0,"container1",world,11.0746,-4.98841,0,0.0881198,0,0,0,0.0881198,0,0,0,0.202949
175892000000,/,drone3,26,2,"container3",world,11.0487,10.536,0,0.089484,0,0,0,0.089484,0,0,0,0.208125
175892000000,/,drone2,28,1,"container2",world,12.6783,3.31291,0,0.0884017,0,0,0,0.0884017,0,0,0,0.20389
175964000000,/,drone1,24,0,"container1",world,11.0761,-4.98797,0,0.0883346,0,0,0,0.0883346,0,0,0,0.203333
175964000000,/,drone3,26,2,"container3",world,11.0413,10.5339,0,0.0891417,0,0,0,0.0891417,0,0,0,0.207074
175964000000,/,drone2,28,1,"container2",world,12.6711,3.31582,0,0.0884297,0,0,0,0.0884297,0,0,0,0.203851
176056000000,/,drone1,24,0,"container1",world,11.0762,-4.98989,0,0.0877534,0,0,0,0.0877534,0,0,0,0.202308
176056000000,/,drone3,26,2,"container3",world,11.0361,10.5306,0,0.0884973,0,0,0,0.0884973,0,0,0,0.205459
176056000000,/,drone2,28,1,"container2",world,12.6621,3.31804,0,0.087874,0,0,0,0.087874,0,0,0,0.202787
176136000000,/,drone1,24,0,"container1",world,11.0763,-4.99006,0,0.0879112,0,0,0,0.0879112,0,0,0,0.202592
176136000000,/,drone3,26,2,"container3",world,11.0329,10.5275,0,0.0883795,0,0,0,0.0883795,0,0,0,0.204845
176136000000,/,drone2,28,1,"container2",world,12.6562,3.3184,0,0.0879924,0,0,0,0.0879924,0,0,0,0.202926
176200000000,/,drone1,24,0,"container1",world,11.073,-4.99056,0,0.0883067,0,0,0,0.0883067,0,0,0,0.203298
176200000000,/,drone3,26,2,"container3",world,11.0313,10.5245,0,0.0880666,0,0,0,0.0880666,0,0,0,0.203955
176200000000,/,drone2,28,1,"container2",world,12.6519,3.31861,0,0.08814,0,0,0,0.08814,0,0,0,0.203136
176288000000,/,drone1,24,0,"container1",world,11.0667,-4.9919,0,0.0878598,0,0,0,0.0878598,0,0,0,0.202525
176288000000,/,drone3,26,2,"container3",world,11.0305,10.523,0,0.0879082,0,0,0,0.0879082,0,0,0,0.203505
176288000000,/,drone2,28,1,"container2",world,12.6534,3.31504,0,0.0878137,0,0,0,0.0878137,0,0,0,0.202551
176356000000,/,drone1,24,0,"container1",world,11.0609,-4.99411,0,0.0880706,0,0,0,0.0880706,0,0,0,0.202919
176356000000,/,drone3,26,2,"container3",world,11.0286,10.5197,0,0.0878003,0,0,0,0.0878003,0,0,0,0.203029
176356000000,/,drone2,28,1,"container2",world,12.6543,3.31191,0,0.0879392,0,0,0,0.0879392,0,0,0,0.202735
176432000000,/,drone1,24,0,"container1",world,11.0551,-4.99696,0,0.0876313,0,0,0,0.0876313,0,0,0,0.202136
176432000000,/,drone3,26,2,"container3",world,11.0252,10.5155,0,0.0877432,0,0,0,0.0877432,0,0,0,0.202661
176432000000,/,drone2,28,1,"container2",world,12.6527,3.30576,0,0.0876403,0,0,0,0.0876403,0,0,0,0.202158
176500000000,/,drone1,24,0,"container1",world,11.0526,-4.99826,0,0.0880575,0,0,0,0.0880575,0,0,0,0.202888
176500000000,/,drone3,26,2,"container3",world,11.0223,10.5118,0,0.0879822,0,0,0,0.0879822,0,0,0,0.202897
176500000000,/,drone2,28,1,"container2",world,12.6507,3.30319,0,0.0880553,0,0,0,0.0880553,0,0,0,0.202865
176592000000,/,drone1,24,0,"container1",world,11.0518,-4.99765,0,0.0881628,0,0,0,0.0881628,0,0,0,0.203077
176592000000,/,drone3,26,2,"container3",world,11.0199,10.508,0,0.0878754,0,0,0,0.0878754,0,0,0,0.20259
176592000000,/,drone2,28,1,"container2",world,12.6498,3.30001,0,0.0878122,0,0,0,0.0878122,0,0,0,0.202421
176684000000,/,drone1,24,0,"container1",world,11.0476,-5.00028,0,0.0878154,0,0,0,0.0878154,0,0,0,0.202474
176684000000,/,drone3,26,2,"container3",world,11.0176,10.5025,0,0.0879242,0,0,0,0.0879242,0,0,0,0.202608
176684000000,/,drone2,28,1,"container2",world,12.6471,3.29307,0,0.0877849,0,0,0,0.0877849,0,0,0,0.202378
176760000000,/,drone1,24,0,"container1",world,11.0475,-5.00223,0,0.0878713,0,0,0,0.0878713,0,0,0,0.202589
176760000000,/,drone3,26,2,"container3",world,11.0171,10.4964,0,0.0880603,0,0,0,0.0880603,0,0,0,0.202819
176760000000,/,drone2,28,1,"container2",world,12.644,3.28606,0,0.0879292,0,0,0,0.0879292,0,0,0,0.202646
176840000000,/,drone1,24,0,"container1",world,11.0473,-5.00317,0,0.087574,0,0,0,0.087574,0,0,0,0.202048
176840000000,/,drone3,26,2,"container3",world,11.0176,10.4911,0,0.0879005,0,0,0,0.0879005,0,0,0,0.202525
176840000000,/,drone2,28,1,"container2",world,12.6411,3.28114,0,0.087644,0,0,0,0.087644,0,0,0,0.202133
176900000000,/,drone1,24,0,"container1",world,11.0489,-5.00506,0,0.087743,0,0,0,0.087743,0,0,0,0.20234
176900000000,/,drone3,26,2,"container3",world,11.0197,10.4857,0,0.0879577,0,0,0,0.0879577,0,0,0,0.202626
176900000000,/,drone2,28,1,"container2",world,12.6379,3.27606,0,0.0878776,0,0,0,0.0878776,0,0,0,0.202543
177000000000,/,drone1,24,0,"container1",world,11.0508,-5.00658,0,0.0880523,0,0,0,0.0880523,0,0,0,0.202895
177000000000,/,drone3,26,2,"container3",world,11.0216,10.4811,0,0.0882233,0,0,0,0.0882233,0,0,0,0.203108
177000000000,/,drone2,28,1,"container2",world,12.6375,3.27081,0,0.0881592,0,0,0,0.0881592,0,0,0,0.20305
177100000000,/,drone1,24,0,"container1",world,11.0507,-5.00909,0,0.0878994,0,0,0,0.0878994,0,0,0,0.202625
177100000000,/,drone3,26,2,"container3",world,11.024,10.4765,0,0.0879886,0,0,0,0.0879886,0,0,0,0.202721
177100000000,/,drone2,28,1,"container2",world,12.6369,3.27019,0,0.088047,0,0,0,0.088047,0,0,0,0.20286
177180000000,/,drone1,24,0,"container1",world,11.0492,-5.01079,0,0.0879572,0,0,0,0.0879572,0,0,0,0.202736
177180000000,/,drone3,26,2,"container3",world,11.0256,10.4728,0,0.0880841,0,0,0,0.0880841,0,0,0,0.202923
177180000000,/,drone2,28,1,"container2",world,12.6382,3.26901,0,0.0881258,0,0,0,0.0881258,0,0,0,0.203008
177244000000,/,drone1,24,0,"container1",world,11.0404,-5.05083,0,0.091582,0,0,0,0.091582,0,0,0,0.209698
177244000000,/,drone3,26,2,"container3",world,11.0266,10.4704,0,0.0880102,0,0,0,0.0880102,0,0,0,0.202815
177244000000,/,drone2,28,1,"container2",world,12.6401,3.26244,0,0.0878432,0,0,0,0.0878432,0,0,0,0.202514
177312000000,/,drone1,24,0,"container1",world,11.0373,-5.04432,0,0.0910024,0,0,0,0.0910024,0,0,0,0.209092
177312000000,/,drone3,26,2,"container3",world,11.0273,10.4684,0,0.0877637,0,0,0,0.0877637,0,0,0,0.202387
177312000000,/,drone2,28,1,"container2",world,12.6379,3.25728,0,0.0876951,0,0,0,0.0876951,0,0,0,0.202238
177400000000,/,drone1,24,0,"container1",world,11.0377,-5.04346,0,0.0905806,0,0,0,0.0905806,0,0,0,0.20851
177400000000,/,drone3,26,2,"container3",world,11.0272,10.4659,0,0.0881093,0,0,0,0.0881093,0,0,0,0.203016
177400000000,/,drone2,28,1,"container2",world,12.64,3.25465,0,0.0882427,0,0,0,0.0882427,0,0,0,0.203209
177496000000,/,drone1,24,0,"container1",world,11.0409,-5.03467,0,0.0895878,0,0,0,0.0895878,0,0,0,0.206797
177496000000,/,drone3,26,2,"container3",world,11.0254,10.4639,0,0.0879134,0,0,0,0.0879134,0,0,0,0.202687
177496000000,/,drone2,28,1,"container2",world,12.6412,3.25484,0,0.0878334,0,0,0,0.0878334,0,0,0,0.202493
177584000000,/,drone1,24,0,"container1",world,11.0425,-5.02784,0,0.0889384,0,0,0,0.0889384,0,0,0,0.205598
177584000000,/,drone3,26,2,"container3",world,11.0228,10.4624,0,0.0880292,0,0,0,0.0880292,0,0,0,0.202911
177584000000,/,drone2,28,1,"container2",world,12.6419,3.2574,0,0.0879346,0,0,0,0.0879346,0,0,0,0.202687
177656000000,/,drone1,24,0,"container1",world,11.0441,-5.02042,0,0.0887806,0,0,0,0.0887806,0,0,0,0.205182
177656000000,/,drone3,26,2,"container3",world,11.02,10.4613,0,0.0878567,0,0,0,0.0878567,0,0,0,0.202612
177656000000,/,drone2,28,1,"container2",world,12.6452,3.26304,0,0.0879962,0,0,0,0.0879962,0,0,0,0.202783
177740000000,/,drone1,24,0,"container1",world,11.0143,-5.24529,0,0.0887583,0,0,0,0.0887583,0,0,0,0.205752
177740000000,/,drone3,26,2,"container3",world,11.0186,10.4608,0,0.08777,0,0,0,0.08777,0,0,0,0.202462
177740000000,/,drone2,28,1,"container2",world,12.6473,3.2649,0,0.0878896,0,0,0,0.0878896,0,0,0,0.202594
177804000000,/,drone1,24,0,"container1",world,11.0356,-5.06861,0,0.0883806,0,0,0,0.0883806,0,0,0,0.20437
177804000000,/,drone3,26,2,"container3",world,11.0179,10.4605,0,0.0877265,0,0,0,0.0877265,0,0,0,0.202386
177804000000,/,drone2,28,1,"container2",world,12.655,3.26598,0,0.0878468,0,0,0,0.0878468,0,0,0,0.202525
177900000000,/,drone1,24,0,"container1",world,11.0408,-5.01949,0,0.0883166,0,0,0,0.0883166,0,0,0,0.204027
177900000000,/,drone3,26,2,"container3",world,11.0175,10.4604,0,0.0877047,0,0,0,0.0877047,0,0,0,0.202349
177900000000,/,drone2,28,1,"container2",world,12.6588,3.26562,0,0.0877263,0,0,0,0.0877263,0,0,0,0.20231
177984000000,/,drone1,24,0,"container1",world,11.0417,-5.00701,0,0.0881133,0,0,0,0.0881133,0,0,0,0.203536
177984000000,/,drone3,26,2,"container3",world,11.0124,10.457,0,0.113975,0,0,0,0.113975,0,0,0,0.253511
177984000000,/,drone2,28,1,"container2",world,12.6755,3.24975,0,0.0901321,0,0,0,0.0901321,0,0,0,0.207438
178072000000,/,drone1,24,0,"container1",world,11.0439,-4.99838,0,0.0881802,0,0,0,0.0881802,0,0,0,0.203445
178072000000,/,drone3,26,2,"container3",world,11.0105,10.4563,0,0.11516,0,0,0,0.11516,0,0,0,0.257971
178072000000,/,drone2,28,1,"container2",world,12.6804,3.247,0,0.0900604,0,0,0,0.0900604,0,0,0,0.207536
178160000000,/,drone1,24,0,"container1",world,11.0465,-4.99256,0,0.0883597,0,0,0,0.0883597,0,0,0,0.203622
178160000000,/,drone3,26,2,"container3",world,11.0084,10.4559,0,0.110823,0,0,0,0.110823,0,0,0,0.252409
178160000000,/,drone2,28,1,"container2",world,12.6795,3.24714,0,0.0896419,0,0,0,0.0896419,0,0,0,0.206843
178236000000,/,drone1,24,0,"container1",world,11.0475,-4.98992,0,0.0880243,0,0,0,0.0880243,0,0,0,0.202959
178236000000,/,drone3,26,2,"container3",world,11.0071,10.4557,0,0.105509,0,0,0,0.105509,0,0,0,0.244086
178236000000,/,drone2,28,1,"container2",world,12.6754,3.24623,0,0.0889526,0,0,0,0.0889526,0,0,0,0.205577
178304000000,/,drone1,24,0,"container1",world,11.0486,-4.9877,0,0.0882994,0,0,0,0.0882994,0,0,0,0.203388
178304000000,/,drone3,26,2,"container3",world,11.0064,10.4556,0,0.101278,0,0,0,0.101278,0,0,0,0.2368
178304000000,/,drone2,28,1,"container2",world,12.6713,3.24601,0,0.0889482,0,0,0,0.0889482,0,0,0,0.205477
178400000000,/,drone1,24,0,"container1",world,11.0511,-4.98457,0,0.087994,0,0,0,0.087994,0,0,0,0.202815
178400000000,/,drone3,26,2,"container3",world,11.006,10.4559,0,0.0976157,0,0,0,0.0976157,0,0,0,0.229919
178400000000,/,drone2,28,1,"container2",world,12.6675,3.2463,0,0.0884342,0,0,0,0.0884342,0,0,0,0.204463
178496000000,/,drone1,24,0,"container1",world,11.0577,-4.979,0,0.0881482,0,0,0,0.0881482,0,0,0,0.20303
178496000000,/,drone3,26,2,"container3",world,11.0051,10.4565,0,0.0946032,0,0,0,0.0946032,0,0,0,0.223509
178496000000,/,drone2,28,1,"container2",world,12.662,3.24858,0,0.0883914,0,0,0,0.0883914,0,0,0,0.2042
178564000000,/,drone1,24,0,"container1",world,11.0668,-4.97269,0,0.088365,0,0,0,0.088365,0,0,0,0.203388
178564000000,/,drone3,26,2,"container3",world,11.0034,10.4572,0,0.0923653,0,0,0,0.0923653,0,0,0,0.21809
178564000000,/,drone2,28,1,"container2",world,12.6554,3.25532,0,0.0884745,0,0,0,0.0884745,0,0,0,0.204168
178640000000,/,drone1,24,0,"container1",world,11.0743,-4.96812,0,0.0880417,0,0,0,0.0880417,0,0,0,0.202819
178640000000,/,drone3,26,2,"container3",world,11.0013,10.4581,0,0.0906358,0,0,0,0.0906358,0,0,0,0.213709
178640000000,/,drone2,28,1,"container2",world,12.6499,3.26141,0,0.0880863,0,0,0,0.0880863,0,0,0,0.203367
178700000000,/,drone1,24,0,"container1",world,11.0793,-4.96778,0,0.0879731,0,0,0,0.0879731,0,0,0,0.202695
178700000000,/,drone3,26,2,"container3",world,10.9994,10.4587,0,0.0895068,0,0,0,0.0895068,0,0,0,0.210753
178700000000,/,drone2,28,1,"container2",world,12.6454,3.26785,0,0.0881619,0,0,0,0.0881619,0,0,0,0.203431
178796000000,/,drone1,24,0,"container1",world,11.0688,-5.20155,0,0.0877864,0,0,0,0.0877864,0,0,0,0.20235
178796000000,/,drone3,26,2,"container3",world,10.9975,10.4599,0,0.0888085,0,0,0,0.0888085,0,0,0,0.208319
178796000000,/,drone2,28,1,"container2",world,12.6426,3.27045,0,0.0879596,0,0,0,0.0879596,0,0,0,0.202969
178896000000,/,drone1,24,0,"container1",world,11.0861,-5.01772,0,0.0880427,0,0,0,0.0880427,0,0,0,0.20284
178896000000,/,drone3,26,2,"container3",world,10.9968,10.4614,0,0.0884773,0,0,0,0.0884773,0,0,0,0.206546
178896000000,/,drone2,28,1,"container2",world,12.6389,3.27376,0,0.0880686,0,0,0,0.0880686,0,0,0,0.203065
178960000000,/,drone1,24,0,"container1",world,11.0922,-4.97053,0,0.0876189,0,0,0,0.0876189,0,0,0,0.202088
178960000000,/,drone3,26,2,"container3",world,10.9985,10.463,0,0.0879813,0,0,0,0.0879813,0,0,0,0.204634
178960000000,/,drone2,28,1,"container2",world,12.6298,3.27613,0,0.0876124,0,0,0,0.0876124,0,0,0,0.202162
179028000000,/,drone1,24,0,"container1",world,11.0948,-4.95755,0,0.0878677,0,0,0,0.0878677,0,0,0,0.202532
179028000000,/,drone3,26,2,"container3",world,11.0008,10.4643,0,0.0879778,0,0,0,0.0879778,0,0,0,0.203883
179028000000,/,drone2,28,1,"container2",world,12.6234,3.27713,0,0.0878574,0,0,0,0.0878574,0,0,0,0.202544
179100000000,/,drone1,24,0,"container1",world,11.0952,-4.95334,0,0.0882869,0,0,0,0.0882869,0,0,0,0.203278
179100000000,/,drone3,26,2,"container3",world,11.002,10.4649,0,0.087976,0,0,0,0.087976,0,0,0,0.203507
179100000000,/,drone2,28,1,"container2",world,12.6194,3.27996,0,0.0881579,0,0,0,0.0881579,0,0,0,0.203062
179200000000,/,drone1,24,0,"container1",world,11.093,-4.95217,0,0.0879029,0,0,0,0.0879029,0,0,0,0.202612
179200000000,/,drone3,26,2,"container3",world,11.0061,10.4668,0,0.0880039,0,0,0,0.0880039,0,0,0,0.203106
179200000000,/,drone2,28,1,"container2",world,12.6134,3.27858,0,0.0879795,0,0,0,0.0879795,0,0,0,0.202725
179292000000,/,drone1,24,0,"container1",world,11.0891,-4.95203,0,0.088075,0,0,0,0.088075,0,0,0,0.202935
179292000000,/,drone3,26,2,"container3",world,11.0106,10.4691,0,0.0881555,0,0,0,0.0881555,0,0,0,0.203061
179292000000,/,drone2,28,1,"container2",world,12.6066,3.27943,0,0.0881006,0,0,0,0.0881006,0,0,0,0.202933
179356000000,/,drone1,24,0,"container1",world,11.086,-4.95174,0,0.0876277,0,0,0,0.0876277,0,0,0,0.202135
179356000000,/,drone3,26,2,"container3",world,11.0139,10.471,0,0.0880158,0,0,0,0.0880158,0,0,0,0.202634
179356000000,/,drone2,28,1,"container2",world,12.6028,3.28166,0,0.0876931,0,0,0,0.0876931,0,0,0,0.202197
179424000000,/,drone1,24,0,"container1",world,11.0829,-4.95129,0,0.0878133,0,0,0,0.0878133,0,0,0,0.202461
179424000000,/,drone3,26,2,"container3",world,11.0167,10.473,0,0.0880965,0,0,0,0.0880965,0,0,0,0.202686
179424000000,/,drone2,28,1,"container2",world,12.5986,3.28515,0,0.0877871,0,0,0,0.0877871,0,0,0,0.202357
179500000000,/,drone1,24,0,"container1",world,11.081,-4.95439,0,0.0879244,0,0,0,0.0879244,0,0,0,0.202657
179500000000,/,drone3,26,2,"container3",world,11.0197,10.4743,0,0.0883788,0,0,0,0.0883788,0,0,0,0.203163
179500000000,/,drone2,28,1,"container2",world,12.5974,3.28796,0,0.0882782,0,0,0,0.0882782,0,0,0,0.203232
179596000000,/,drone1,24,0,"container1",world,11.0801,-4.9542,0,0.087823,0,0,0,0.087823,0,0,0,0.202481
179596000000,/,drone3,26,2,"container3",world,11.0232,10.4749,0,0.0882621,0,0,0,0.0882621,0,0,0,0.202987
179596000000,/,drone2,28,1,"container2",world,12.5989,3.28892,0,0.0880196,0,0,0,0.0880196,0,0,0,0.202794
179684000000,/,drone1,24,0,"container1",world,11.0787,-4.95609,0,0.0878504,0,0,0,0.0878504,0,0,0,0.202532
179684000000,/,drone3,26,2,"container3",world,11.0279,10.4748,0,0.088302,0,0,0,0.088302,0,0,0,0.203135
179684000000,/,drone2,28,1,"container2",world,12.605,3.28956,0,0.0881134,0,0,0,0.0881134,0,0,0,0.202981
179752000000,/,drone1,24,0,"container1",world,11.0723,-4.92038,0,0.0929047,0,0,0,0.0929047,0,0,0,0.212878
179752000000,/,drone3,26,2,"container3",world,11.0327,10.4749,0,0.0879824,0,0,0,0.0879824,0,0,0,0.202654
179752000000,/,drone2,28,1,"container2",world,12.614,3.28991,0,0.0876454,0,0,0,0.0876454,0,0,0,0.202149
179820000000,/,drone1,24,0,"container1",world,11.0653,-4.92351,0,0.0925141,0,0,0,0.0925141,0,0,0,0.212828
179820000000,/,drone3,26,2,"container3",world,11.0359,10.4749,0,0.0880477,0,0,0,0.0880477,0,0,0,0.202846
179820000000,/,drone2,28,1,"container2",world,12.622,3.29126,0,0.0878805,0,0,0,0.0878805,0,0,0,0.202568
179900000000,/,drone1,24,0,"container1",world,11.0628,-4.92945,0,0.0918295,0,0,0,0.0918295,0,0,0,0.211872
179900000000,/,drone3,26,2,"container3",world,11.0377,10.4752,0,0.0883088,0,0,0,0.0883088,0,0,0,0.203377
179900000000,/,drone2,28,1,"container2",world,12.6307,3.2923,0,0.0881616,0,0,0,0.0881616,0,0,0,0.203077
179984000000,/,drone1,24,0,"container1",world,11.061,-4.93618,0,0.0906314,0,0,0,0.0906314,0,0,0,0.209788
179984000000,/,drone3,26,2,"container3",world,11.0377,10.476,0,0.0880602,0,0,0,0.0880602,0,0,0,0.20301
179984000000,/,drone2,28,1,"container2",world,12.6425,3.29272,0,0.0878176,0,0,0,0.0878176,0,0,0,0.202475
180052000000,/,drone1,24,0,"container1",world,11.0567,-4.94289,0,0.0897251,0,0,0,0.0897251,0,0,0,0.208054
180052000000,/,drone3,26,2,"container3",world,11.0401,10.4768,0,0.0880176,0,0,0,0.0880176,0,0,0,0.203003
180052000000,/,drone2,28,1,"container2",world,12.6535,3.29253,0,0.0878739,0,0,0,0.0878739,0,0,0,0.202592
180100000000,/,drone1,24,0,"container1",world,11.0526,-4.9486,0,0.0890581,0,0,0,0.0890581,0,0,0,0.206589
180100000000,/,drone3,26,2,"container3",world,11.0443,10.4772,0,0.0877817,0,0,0,0.0877817,0,0,0,0.202616
180100000000,/,drone2,28,1,"container2",world,12.6599,3.29041,0,0.0875764,0,0,0,0.0875764,0,0,0,0.202053
180164000000,/,drone1,24,0,"container1",world,11.0494,-4.95422,0,0.0887555,0,0,0,0.0887555,0,0,0,0.205884
180164000000,/,drone3,26,2,"container3",world,11.0503,10.4773,0,0.0878923,0,0,0,0.0878923,0,0,0,0.202832
180164000000,/,drone2,28,1,"container2",world,12.665,3.28773,0,0.0878557,0,0,0,0.0878557,0,0,0,0.202543
180200000000,/,drone1,24,0,"container1",world,11.0454,-4.95878,0,0.088843,0,0,0,0.088843,0,0,0,0.205812
180200000000,/,drone3,26,2,"container3",world,11.0546,10.4776,0,0.08818,0,0,0,0.08818,0,0,0,0.203353
180200000000,/,drone2,28,1,"container2",world,12.6679,3.28436,0,0.0882811,0,0,0,0.0882811,0,0,0,0.203294
180260000000,/,drone1,24,0,"container1",world,11.0454,-4.9616,0,0.088594,0,0,0,0.088594,0,0,0,0.20523
180260000000,/,drone3,26,2,"container3",world,11.0558,10.4777,0,0.088187,0,0,0,0.088187,0,0,0,0.203376
180260000000,/,drone2,28,1,"container2",world,12.6698,3.28249,0,0.0881873,0,0,0,0.0881873,0,0,0,0.203137
180300000000,/,drone1,24,0,"container1",world,11.0468,-4.96467,0,0.0880776,0,0,0,0.0880776,0,0,0,0.204096
180300000000,/,drone3,26,2,"container3",world,11.0557,10.4778,0,0.0880675,0,0,0,0.0880675,0,0,0,0.203169
180300000000,/,drone2,28,1,"container2",world,12.6721,3.27994,0,0.0878735,0,0,0,0.0878735,0,0,0,0.202582
180352000000,/,drone1,24,0,"container1",world,11.048,-4.96677,0,0.0884272,0,0,0,0.0884272,0,0,0,0.204575
180352000000,/,drone3,26,2,"container3",world,11.0541,10.4779,0,0.0882421,0,0,0,0.0882421,0,0,0,0.203475
180352000000,/,drone2,28,1,"container2",world,12.6732,3.27867,0,0.0882619,0,0,0,0.0882619,0,0,0,0.20327
180396000000,/,drone1,24,0,"container1",world,11.049,-4.96971,0,0.0881398,0,0,0,0.0881398,0,0,0,0.203878
180396000000,/,drone3,26,2,"container3",world,11.0524,10.4781,0,0.0880743,0,0,0,0.0880743,0,0,0,0.203174
180396000000,/,drone2,28,1,"container2",world,12.6735,3.27835,0,0.0881007,0,0,0,0.0881007,0,0,0,0.202992
180460000000,/,drone1,24,0,"container1",world,11.0526,-4.97094,0,0.0878256,0,0,0,0.0878256,0,0,0,0.203195
180460000000,/,drone3,26,2,"container3",world,11.0515,10.4782,0,0.08799,0,0,0,0.08799,0,0,0,0.203023
180460000000,/,drone2,28,1,"container2",world,12.6758,3.2768,0,0.0878319,0,0,0,0.0878319,0,0,0,0.202515
180500000000,/,drone1,24,0,"container1",world,11.0584,-4.97361,0,0.08811,0,0,0,0.08811,0,0,0,0.203516
180500000000,/,drone3,26,2,"container3",world,11.0505,10.4786,0,0.0877389,0,0,0,0.0877389,0,0,0,0.202557
180500000000,/,drone2,28,1,"container2",world,12.6762,3.27836,0,0.0879211,0,0,0,0.0879211,0,0,0,0.202655
180552000000,/,drone1,24,0,"container1",world,11.0628,-4.97538,0,0.0879918,0,0,0,0.0879918,0,0,0,0.203204
180552000000,/,drone3,26,2,"container3",world,11.0499,10.479,0,0.0879698,0,0,0,0.0879698,0,0,0,0.202948
180552000000,/,drone2,28,1,"container2",world,12.6771,3.27715,0,0.0879994,0,0,0,0.0879994,0,0,0,0.202789
180600000000,/,drone1,24,0,"container1",world,11.0696,-4.9739,0,0.0881397,0,0,0,0.0881397,0,0,0,0.203334
180600000000,/,drone3,26,2,"container3",world,11.0506,10.4805,0,0.0878507,0,0,0,0.0878507,0,0,0,0.202717
180600000000,/,drone2,28,1,"container2",world,12.7293,3.11992,0,0.0877928,0,0,0,0.0877928,0,0,0,0.202431
180644000000,/,drone1,24,0,"container1",world,11.0769,-4.97778,0,0.0881497,0,0,0,0.0881497,0,0,0,0.203285
180644000000,/,drone3,26,2,"container3",world,11.0492,10.4821,0,0.0880051,0,0,0,0.0880051,0,0,0,0.202979
180644000000,/,drone2,28,1,"container2",world,12.6891,3.24036,0,0.0880635,0,0,0,0.0880635,0,0,0,0.20291
180700000000,/,drone1,24,0,"container1",world,11.084,-4.98,0,0.0878652,0,0,0,0.0878652,0,0,0,0.20269
180700000000,/,drone3,26,2,"container3",world,11.0473,10.4832,0,0.0879605,0,0,0,0.0879605,0,0,0,0.202891
180700000000,/,drone2,28,1,"container2",world,12.6786,3.27089,0,0.0879496,0,0,0,0.0879496,0,0,0,0.202709
180744000000,/,drone1,24,0,"container1",world,11.0895,-4.97768,0,0.0880918,0,0,0,0.0880918,0,0,0,0.203037
180744000000,/,drone3,26,2,"container3",world,11.0454,10.4841,0,0.0878283,0,0,0,0.0878283,0,0,0,0.202644
180744000000,/,drone2,28,1,"container2",world,12.6755,3.27903,0,0.0877566,0,0,0,0.0877566,0,0,0,0.202362
180780000000,/,drone1,24,0,"container1",world,11.0984,-4.98081,0,0.0880098,0,0,0,0.0880098,0,0,0,0.202841
180780000000,/,drone3,26,2,"container3",world,11.0428,10.4851,0,0.0879781,0,0,0,0.0879781,0,0,0,0.2029
180780000000,/,drone2,28,1,"container2",world,12.6759,3.28265,0,0.0880334,0,0,0,0.0880334,0,0,0,0.202861
180820000000,/,drone1,24,0,"container1",world,11.1022,-4.98172,0,0.0879292,0,0,0,0.0879292,0,0,0,0.202686
180820000000,/,drone3,26,2,"container3",world,11.0406,10.4859,0,0.0879325,0,0,0,0.0879325,0,0,0,0.202811
180820000000,/,drone2,28,1,"container2",world,12.677,3.2844,0,0.0879223,0,0,0,0.0879223,0,0,0,0.202667
180884000000,/,drone1,24,0,"container1",world,11.1065,-4.98094,0,0.0876052,0,0,0,0.0876052,0,0,0,0.202059
180884000000,/,drone3,26,2,"container3",world,11.0386,10.4866,0,0.087703,0,0,0,0.087703,0,0,0,0.202379
180884000000,/,drone2,28,1,"container2",world,12.6788,3.28661,0,0.0875842,0,0,0,0.0875842,0,0,0,0.20205
180908000000,/,drone1,24,0,"container1",world,11.1089,-4.98003,0,0.0880655,0,0,0,0.0880655,0,0,0,0.202844
180908000000,/,drone3,26,2,"container3",world,11.0372,10.4871,0,0.087946,0,0,0,0.087946,0,0,0,0.20279
180908000000,/,drone2,28,1,"container2",world,12.68,3.28834,0,0.088037,0,0,0,0.088037,0,0,0,0.202842
180976000000,/,drone1,24,0,"container1",world,11.1117,-4.97809,0,0.0878369,0,0,0,0.0878369,0,0,0,0.202416
180976000000,/,drone3,26,2,"container3",world,11.0358,10.4877,0,0.0878346,0,0,0,0.0878346,0,0,0,0.202574
180976000000,/,drone2,28,1,"container2",world,12.6808,3.29075,0,0.0878015,0,0,0,0.0878015,0,0,0,0.202421
181008000000,/,drone1,24,0,"container1",world,11.1134,-4.98099,0,0.0879547,0,0,0,0.0879547,0,0,0,0.20262
181008000000,/,drone3,26,2,"container3",world,11.0346,10.4881,0,0.0881278,0,0,0,0.0881278,0,0,0,0.203083
181008000000,/,drone2,28,1,"container2",world,12.6807,3.29213,0,0.0882649,0,0,0,0.0882649,0,0,0,0.203243
181072000000,/,drone1,24,0,"container1",world,11.1138,-4.98171,0,0.087984,0,0,0,0.087984,0,0,0,0.202671
181072000000,/,drone3,26,2,"container3",world,11.0327,10.4886,0,0.0880198,0,0,0,0.0880198,0,0,0,0.202887
181072000000,/,drone2,28,1,"container2",world,12.6803,3.29415,0,0.0882537,0,0,0,0.0882537,0,0,0,0.203226
181104000000,/,drone1,24,0,"container1",world,11.1139,-4.98189,0,0.0879914,0,0,0,0.0879914,0,0,0,0.202684
181104000000,/,drone3,26,2,"container3",world,11.031,10.4891,0,0.0878564,0,0,0,0.0878564,0,0,0,0.202589
181104000000,/,drone2,28,1,"container2",world,12.6806,3.29521,0,0.0881969,0,0,0,0.0881969,0,0,0,0.203125
181160000000,/,drone1,24,0,"container1",world,11.1139,-4.98194,0,0.0879932,0,0,0,0.0879932,0,0,0,0.202687
181160000000,/,drone3,26,2,"container3",world,11.0292,10.4896,0,0.0881236,0,0,0,0.0881236,0,0,0,0.203057
181160000000,/,drone2,28,1,"container2",world,12.6813,3.29414,0,0.0883552,0,0,0,0.0883552,0,0,0,0.203405
181200000000,/,drone1,24,0,"container1",world,11.1139,-4.98195,0,0.0879937,0,0,0,0.0879937,0,0,0,0.202688
181200000000,/,drone3,26,2,"container3",world,11.0267,10.4903,0,0.0880047,0,0,0,0.0880047,0,0,0,0.202845
181200000000,/,drone2,28,1,"container2",world,12.6815,3.295,0,0.0882698,0,0,0,0.0882698,0,0,0,0.203256
181256000000,/,drone1,24,0,"container1",world,11.1099,-4.9734,0,0.0878761,0,0,0,0.0878761,0,0,0,0.2025
181256000000,/,drone3,26,2,"container3",world,11.0264,10.4907,0,0.0878367,0,0,0,0.0878367,0,0,0,0.202541
181256000000,/,drone2,28,1,"container2",world,12.6814,3.29577,0,0.088195,0,0,0,0.088195,0,0,0,0.203123
181296000000,/,drone1,24,0,"container1",world,11.1077,-4.97076,0,0.0881442,0,0,0,0.0881442,0,0,0,0.202981
181296000000,/,drone3,26,2,"container3",world,11.0274,10.4908,0,0.0876543,0,0,0,0.0876543,0,0,0,0.202205
181296000000,/,drone2,28,1,"container2",world,12.6817,3.30068,0,0.0880114,0,0,0,0.0880114,0,0,0,0.202792
181304000000,/,drone1,24,0,"container1",world,11.1132,-5.25928,0,0.0880107,0,0,0,0.0880107,0,0,0,0.202766
181304000000,/,drone3,26,2,"container3",world,11.0304,10.4908,0,0.0877994,0,0,0,0.0877994,0,0,0,0.20245
181304000000,/,drone2,28,1,"container2",world,12.6811,3.30104,0,0.0879604,0,0,0,0.0879604,0,0,0,0.202701
181316000000,/,drone1,24,0,"container1",world,11.1053,-5.041,0,0.0882304,0,0,0,0.0882304,0,0,0,0.203161
181316000000,/,drone3,26,2,"container3",world,11.0319,10.4908,0,0.0878716,0,0,0,0.0878716,0,0,0,0.202573
181316000000,/,drone2,28,1,"container2",world,12.681,3.30113,0,0.0879476,0,0,0,0.0879476,0,0,0,0.202678
181344000000,/,drone1,24,0,"container1",world,11.1033,-4.98673,0,0.088285,0,0,0,0.088285,0,0,0,0.203259
181344000000,/,drone3,26,2,"container3",world,11.0353,10.4908,0,0.0881462,0,0,0,0.0881462,0,0,0,0.203053
181344000000,/,drone2,28,1,"container2",world,12.6797,3.29993,0,0.0880638,0,0,0,0.0880638,0,0,0,0.202883
181392000000,/,drone1,24,0,"container1",world,11.1029,-4.97318,0,0.0882986,0,0,0,0.0882986,0,0,0,0.203284
181392000000,/,drone3,26,2,"container3",world,11.037,10.4908,0,0.0882824,0,0,0,0.0882824,0,0,0,0.20329
181392000000,/,drone2,28,1,"container2",world,12.6794,3.29964,0,0.0880928,0,0,0,0.0880928,0,0,0,0.202934
181400000000,/,drone1,24,0,"container1",world,11.1017,-4.971,0,0.0881675,0,0,0,0.0881675,0,0,0,0.203064
181400000000,/,drone3,26,2,"container3",world,11.0378,10.4908,0,0.0883502,0,0,0,0.0883502,0,0,0,0.203409
181400000000,/,drone2,28,1,"container2",world,12.6793,3.29956,0,0.0881001,0,0,0,0.0881001,0,0,0,0.202947
181412000000,/,drone1,24,0,"container1",world,11.1096,-5.25992,0,0.0880059,0,0,0,0.0880059,0,0,0,0.202783
181412000000,/,drone3,26,2,"container3",world,11.0382,10.4908,0,0.0883841,0,0,0,0.0883841,0,0,0,0.203468
181412000000,/,drone2,28,1,"container2",world,12.6793,3.29954,0,0.0881019,0,0,0,0.0881019,0,0,0,0.20295
181452000000,/,drone1,24,0,"container1",world,11.1111,-5.33354,0,0.0879098,0,0,0,0.0879098,0,0,0,0.202616
181452000000,/,drone3,26,2,"container3",world,11.0384,10.4908,0,0.088401,0,0,0,0.088401,0,0,0,0.203497
181452000000,/,drone2,28,1,"container2",world,12.6793,3.29954,0,0.0881023,0,0,0,0.0881023,0,0,0,0.202951
181500000000,/,drone1,24,0,"container1",world,11.1017,-5.06388,0,0.0878364,0,0,0,0.0878364,0,0,0,0.202492
181500000000,/,drone3,26,2,"container3",world,11.0385,10.4908,0,0.0884094,0,0,0,0.0884094,0,0,0,0.203512
181500000000,/,drone2,28,1,"container2",world,12.6793,3.29954,0,0.0881024,0,0,0,0.0881024,0,0,0,0.202951
181544000000,/,drone1,24,0,"container1",world,11.098,-4.9942,0,0.0881662,0,0,0,0.0881662,0,0,0,0.203085
181544000000,/,drone3,26,2,"container3",world,11.0386,10.4908,0,0.0884137,0,0,0,0.0884137,0,0,0,0.203519
181544000000,/,drone2,28,1,"container2",world,12.6793,3.29954,0,0.0881025,0,0,0,0.0881025,0,0,0,0.202951
181600000000,/,drone1,24,0,"container1",world,11.0955,-4.97912,0,0.088114,0,0,0,0.088114,0,0,0,0.203005
181600000000,/,drone3,26,2,"container3",world,11.0386,10.4908,0,0.0884158,0,0,0,0.0884158,0,0,0,0.203523
181600000000,/,drone2,28,1,"container2",world,12.6793,3.29954,0,0.0881025,0,0,0,0.0881025,0,0,0,0.202951
181656000000,/,drone1,24,0,"container1",world,11.0922,-5.00708,0,0.0896267,0,0,0,0.0896267,0,0,0,0.205837
181656000000,/,drone3,26,2,"container3",world,11.0417,10.4905,0,0.0916846,0,0,0,0.0916846,0,0,0,0.20956
181656000000,/,drone2,28,1,"container2",world,12.6879,3.30561,0,0.0876852,0,0,0,0.0876852,0,0,0,0.202215
181696000000,/,drone1,24,0,"container1",world,11.0894,-5.01249,0,0.090226,0,0,0,0.090226,0,0,0,0.206924
181696000000,/,drone3,26,2,"container3",world,11.0464,10.4902,0,0.0926923,0,0,0,0.0926923,0,0,0,0.211704
181696000000,/,drone2,28,1,"container2",world,12.6892,3.30605,0,0.0876892,0,0,0,0.0876892,0,0,0,0.202227
181768000000,/,drone1,24,0,"container1",world,11.0881,-5.01532,0,0.0902611,0,0,0,0.0902611,0,0,0,0.206998
181768000000,/,drone3,26,2,"container3",world,11.053,10.49,0,0.0920083,0,0,0,0.0920083,0,0,0,0.210904
181768000000,/,drone2,28,1,"container2",world,12.6874,3.30743,0,0.0875254,0,0,0,0.0875254,0,0,0,0.201931
181832000000,/,drone1,24,0,"container1",world,11.0997,-5.30457,0,0.0919654,0,0,0,0.0919654,0,0,0,0.210103
181832000000,/,drone3,26,2,"container3",world,11.0583,10.4899,0,0.0914628,0,0,0,0.0914628,0,0,0,0.210231
181832000000,/,drone2,28,1,"container2",world,12.6854,3.30665,0,0.0876032,0,0,0,0.0876032,0,0,0,0.202068
181900000000,/,drone1,24,0,"container1",world,11.0883,-5.09062,0,0.0907971,0,0,0,0.0907971,0,0,0,0.207984
181900000000,/,drone3,26,2,"container3",world,11.0619,10.49,0,0.0910648,0,0,0,0.0910648,0,0,0,0.209707
181900000000,/,drone2,28,1,"container2",world,12.6832,3.30528,0,0.0877436,0,0,0,0.0877436,0,0,0,0.202316
181960000000,/,drone1,24,0,"container1",world,11.0849,-5.0383,0,0.0902853,0,0,0,0.0902853,0,0,0,0.207068
181960000000,/,drone3,26,2,"container3",world,11.0637,10.49,0,0.0908637,0,0,0,0.0908637,0,0,0,0.209442
181960000000,/,drone2,28,1,"container2",world,12.6827,3.30494,0,0.0877786,0,0,0,0.0877786,0,0,0,0.202378
182000000000,/,drone1,24,0,"container1",world,11.0864,-5.07573,0,0.0940548,0,0,0,0.0940548,0,0,0,0.215581
182000000000,/,drone3,26,2,"container3",world,11.0629,10.49,0,0.0900124,0,0,0,0.0900124,0,0,0,0.207911
182000000000,/,drone2,28,1,"container2",world,12.6838,3.30886,0,0.0879188,0,0,0,0.0879188,0,0,0,0.202644
182088000000,/,drone1,24,0,"container1",world,11.0865,-5.07495,0,0.0939086,0,0,0,0.0939086,0,0,0,0.215801
182088000000,/,drone3,26,2,"container3",world,11.0598,10.4901,0,0.0892021,0,0,0,0.0892021,0,0,0,0.206387
182088000000,/,drone2,28,1,"container2",world,12.6841,3.3107,0,0.0877305,0,0,0,0.0877305,0,0,0,0.202309
182164000000,/,drone1,24,0,"container1",world,11.0857,-5.06001,0,0.0930146,0,0,0,0.0930146,0,0,0,0.214369
182164000000,/,drone3,26,2,"container3",world,11.0563,10.4898,0,0.088887,0,0,0,0.088887,0,0,0,0.205705
182164000000,/,drone2,28,1,"container2",world,12.6848,3.31037,0,0.088011,0,0,0,0.088011,0,0,0,0.202815
182220000000,/,drone1,24,0,"container1",world,11.0858,-5.04878,0,0.0913096,0,0,0,0.0913096,0,0,0,0.211318
182220000000,/,drone3,26,2,"container3",world,11.0525,10.4894,0,0.0884212,0,0,0,0.0884212,0,0,0,0.204725
182220000000,/,drone2,28,1,"container2",world,12.6843,3.30837,0,0.0877405,0,0,0,0.0877405,0,0,0,0.202332
182300000000,/,drone1,24,0,"container1",world,11.0861,-5.03613,0,0.0906438,0,0,0,0.0906438,0,0,0,0.209983
182300000000,/,drone3,26,2,"container3",world,11.0487,10.4889,0,0.0883847,0,0,0,0.0883847,0,0,0,0.204481
182300000000,/,drone2,28,1,"container2",world,12.6833,3.30536,0,0.0880643,0,0,0,0.0880643,0,0,0,0.202886
182392000000,/,drone1,24,0,"container1",world,11.0861,-5.03097,0,0.0899174,0,0,0,0.0899174,0,0,0,0.208575
182392000000,/,drone3,26,2,"container3",world,11.0456,10.4886,0,0.0882246,0,0,0,0.0882246,0,0,0,0.204067
182392000000,/,drone2,28,1,"container2",world,12.683,3.30329,0,0.0879637,0,0,0,0.0879637,0,0,0,0.202706
182492000000,/,drone1,24,0,"container1",world,11.0857,-5.03068,0,0.0898195,0,0,0,0.0898195,0,0,0,0.20837
182492000000,/,drone3,26,2,"container3",world,11.0441,10.4884,0,0.0881441,0,0,0,0.0881441,0,0,0,0.203859
182492000000,/,drone2,28,1,"container2",world,12.6829,3.30277,0,0.0879384,0,0,0,0.0879384,0,0,0,0.20266
182560000000,/,drone1,24,0,"container1",world,11.0872,-5.03107,0,0.0898941,0,0,0,0.0898941,0,0,0,0.208488
182560000000,/,drone3,26,2,"container3",world,11.0433,10.4883,0,0.0881037,0,0,0,0.0881037,0,0,0,0.203754
182560000000,/,drone2,28,1,"container2",world,12.6829,3.30264,0,0.0879321,0,0,0,0.0879321,0,0,0,0.202649
182624000000,/,drone1,24,0,"container1",world,11.0897,-5.0468,0,0.0908815,0,0,0,0.0908815,0,0,0,0.210151
182624000000,/,drone3,26,2,"container3",world,11.0429,10.4883,0,0.0880835,0,0,0,0.0880835,0,0,0,0.203702
182624000000,/,drone2,28,1,"container2",world,12.6798,3.29887,0,0.0878081,0,0,0,0.0878081,0,0,0,0.202432
182700000000,/,drone1,24,0,"container1",world,11.0949,-5.0803,0,0.0938999,0,0,0,0.0938999,0,0,0,0.216144
182700000000,/,drone3,26,2,"container3",world,11.0331,10.4877,0,0.106142,0,0,0,0.106142,0,0,0,0.239412
182700000000,/,drone2,28,1,"container2",world,12.678,3.28175,0,0.0980035,0,0,0,0.0980035,0,0,0,0.22262
182788000000,/,drone1,24,0,"container1",world,11.0975,-5.06909,0,0.0932151,0,0,0,0.0932151,0,0,0,0.214928
182788000000,/,drone3,26,2,"container3",world,11.0279,10.487,0,0.107639,0,0,0,0.107639,0,0,0,0.24387
182788000000,/,drone2,28,1,"container2",world,12.6757,3.28116,0,0.0974799,0,0,0,0.0974799,0,0,0,0.222665
182888000000,/,drone1,24,0,"container1",world,11.0982,-5.0527,0,0.0914934,0,0,0,0.0914934,0,0,0,0.211667
182888000000,/,drone3,26,2,"container3",world,11.0245,10.4858,0,0.104722,0,0,0,0.104722,0,0,0,0.240123
182888000000,/,drone2,28,1,"container2",world,12.6722,3.27977,0,0.095086,0,0,0,0.095086,0,0,0,0.219114
182956000000,/,drone1,24,0,"container1",world,11.1002,-5.03672,0,0.0903171,0,0,0,0.0903171,0,0,0,0.209223
182956000000,/,drone3,26,2,"container3",world,11.0217,10.4849,0,0.10093,0,0,0,0.10093,0,0,0,0.234029
182956000000,/,drone2,28,1,"container2",world,12.6714,3.27761,0,0.0929142,0,0,0,0.0929142,0,0,0,0.215447
183024000000,/,drone1,24,0,"container1",world,11.1007,-5.02351,0,0.0890682,0,0,0,0.0890682,0,0,0,0.206586
183024000000,/,drone3,26,2,"container3",world,11.0195,10.4836,0,0.0975423,0,0,0,0.0975423,0,0,0,0.22803
183024000000,/,drone2,28,1,"container2",world,12.672,3.27533,0,0.0908748,0,0,0,0.0908748,0,0,0,0.211645
183100000000,/,drone1,24,0,"container1",world,11.1008,-5.01796,0,0.0890535,0,0,0,0.0890535,0,0,0,0.206337
183100000000,/,drone3,26,2,"container3",world,11.0181,10.4813,0,0.0950823,0,0,0,0.0950823,0,0,0,0.223252
183100000000,/,drone2,28,1,"container2",world,12.6717,3.27607,0,0.0903837,0,0,0,0.0903837,0,0,0,0.210535
183184000000,/,drone1,24,0,"container1",world,11.0966,-5.01506,0,0.088496,0,0,0,0.088496,0,0,0,0.205092
183184000000,/,drone3,26,2,"container3",world,11.0174,10.4784,0,0.0929175,0,0,0,0.0929175,0,0,0,0.218739
183184000000,/,drone2,28,1,"container2",world,12.6727,3.27623,0,0.0894306,0,0,0,0.0894306,0,0,0,0.208493
183260000000,/,drone1,24,0,"container1",world,11.0989,-4.98654,0,0.088085,0,0,0,0.088085,0,0,0,0.203956
183260000000,/,drone3,26,2,"container3",world,11.0183,10.4743,0,0.0912099,0,0,0,0.0912099,0,0,0,0.214669
183260000000,/,drone2,28,1,"container2",world,12.6715,3.27474,0,0.0886513,0,0,0,0.0886513,0,0,0,0.206473
183348000000,/,drone1,24,0,"container1",world,11.0951,-4.9764,0,0.0883694,0,0,0,0.0883694,0,0,0,0.20421
183348000000,/,drone3,26,2,"container3",world,11.0176,10.4693,0,0.0900332,0,0,0,0.0900332,0,0,0,0.211377
183348000000,/,drone2,28,1,"container2",world,12.6688,3.27482,0,0.0884995,0,0,0,0.0884995,0,0,0,0.205674
183416000000,/,drone1,24,0,"container1",world,11.0915,-4.96664,0,0.0882217,0,0,0,0.0882217,0,0,0,0.203696
183416000000,/,drone3,26,2,"container3",world,11.0163,10.4651,0,0.0890545,0,0,0,0.0890545,0,0,0,0.208622
183416000000,/,drone2,28,1,"container2",world,12.6639,3.27296,0,0.0878836,0,0,0,0.0878836,0,0,0,0.204073
183492000000,/,drone1,24,0,"container1",world,11.0877,-4.96291,0,0.0882839,0,0,0,0.0882839,0,0,0,0.203646
183492000000,/,drone3,26,2,"container3",world,11.0133,10.4604,0,0.0885649,0,0,0,0.0885649,0,0,0,0.206703
183492000000,/,drone2,28,1,"container2",world,12.6583,3.272,0,0.087964,0,0,0,0.087964,0,0,0,0.203783
183580000000,/,drone1,24,0,"container1",world,11.0838,-4.96068,0,0.0884097,0,0,0,0.0884097,0,0,0,0.203749
183580000000,/,drone3,26,2,"container3",world,11.0106,10.4563,0,0.088518,0,0,0,0.088518,0,0,0,0.205798
183580000000,/,drone2,28,1,"container2",world,12.6533,3.27067,0,0.0883143,0,0,0,0.0883143,0,0,0,0.204085
183664000000,/,drone1,24,0,"container1",world,11.0792,-4.95401,0,0.088257,0,0,0,0.088257,0,0,0,0.203368
183664000000,/,drone3,26,2,"container3",world,11.0083,10.4531,0,0.0882356,0,0,0,0.0882356,0,0,0,0.204668
183664000000,/,drone2,28,1,"container2",world,12.6502,3.26895,0,0.0879056,0,0,0,0.0879056,0,0,0,0.203077
183740000000,/,drone1,24,0,"container1",world,11.0758,-4.95166,0,0.0883279,0,0,0,0.0883279,0,0,0,0.203432
183740000000,/,drone3,26,2,"container3",world,11.0056,10.4492,0,0.0882112,0,0,0,0.0882112,0,0,0,0.204051
183740000000,/,drone2,28,1,"container2",world,12.6481,3.26858,0,0.0880799,0,0,0,0.0880799,0,0,0,0.203172
183812000000,/,drone1,24,0,"container1",world,11.0732,-4.94751,0,0.088234,0,0,0,0.088234,0,0,0,0.203225
183812000000,/,drone3,26,2,"container3",world,11.0038,10.4465,0,0.0879858,0,0,0,0.0879858,0,0,0,0.203248
183812000000,/,drone2,28,1,"container2",world,12.6448,3.26727,0,0.0877912,0,0,0,0.0877912,0,0,0,0.202515
183900000000,/,drone1,24,0,"container1",world,11.0701,-4.94505,0,0.0882819,0,0,0,0.0882819,0,0,0,0.203276
183900000000,/,drone3,26,2,"container3",world,11.0027,10.4446,0,0.0881483,0,0,0,0.0881483,0,0,0,0.203237
183900000000,/,drone2,28,1,"container2",world,12.6386,3.26427,0,0.0880023,0,0,0,0.0880023,0,0,0,0.202757
183976000000,/,drone1,24,0,"container1",world,11.0681,-4.94494,0,0.0884139,0,0,0,0.0884139,0,0,0,0.203498
183976000000,/,drone3,26,2,"container3",world,11.0015,10.4437,0,0.0883664,0,0,0,0.0883664,0,0,0,0.20341
183976000000,/,drone2,28,1,"container2",world,12.6316,3.26404,0,0.0883635,0,0,0,0.0883635,0,0,0,0.203324
184060000000,/,drone1,24,0,"container1",world,11.0671,-4.94093,0,0.0882651,0,0,0,0.0882651,0,0,0,0.203241
184060000000,/,drone3,26,2,"container3",world,11.0005,10.4438,0,0.0882299,0,0,0,0.0882299,0,0,0,0.203059
184060000000,/,drone2,28,1,"container2",world,12.6249,3.26516,0,0.0879734,0,0,0,0.0879734,0,0,0,0.202611
184132000000,/,drone1,24,0,"container1",world,11.0667,-4.94049,0,0.0883341,0,0,0,0.0883341,0,0,0,0.203375
184132000000,/,drone3,26,2,"container3",world,10.9994,10.4446,0,0.0882753,0,0,0,0.0882753,0,0,0,0.203098
184132000000,/,drone2,28,1,"container2",world,12.6187,3.26978,0,0.0881501,0,0,0,0.0881501,0,0,0,0.202931
184208000000,/,drone1,24,0,"container1",world,11.0671,-4.93796,0,0.0882354,0,0,0,0.0882354,0,0,0,0.203211
184208000000,/,drone3,26,2,"container3",world,10.998,10.4454,0,0.0880693,0,0,0,0.0880693,0,0,0,0.20273
184208000000,/,drone2,28,1,"container2",world,12.615,3.27363,0,0.0878522,0,0,0,0.0878522,0,0,0,0.202414
184300000000,/,drone1,24,0,"container1",world,11.0676,-4.93815,0,0.0883368,0,0,0,0.0883368,0,0,0,0.203398
184300000000,/,drone3,26,2,"container3",world,10.9966,10.4461,0,0.0882236,0,0,0,0.0882236,0,0,0,0.203017
184300000000,/,drone2,28,1,"container2",world,12.614,3.27734,0,0.0881667,0,0,0,0.0881667,0,0,0,0.202975
184384000000,/,drone1,24,0,"container1",world,11.0683,-4.93692,0,0.0882999,0,0,0,0.0882999,0,0,0,0.20334
184384000000,/,drone3,26,2,"container3",world,10.9945,10.4466,0,0.0884086,0,0,0,0.0884086,0,0,0,0.203398
184384000000,/,drone2,28,1,"container2",world,12.6153,3.27916,0,0.0881791,0,0,0,0.0881791,0,0,0,0.203019
184472000000,/,drone1,24,0,"container1",world,11.0685,-4.93661,0,0.0882907,0,0,0,0.0882907,0,0,0,0.203325
184472000000,/,drone3,26,2,"container3",world,10.9915,10.4463,0,0.0881267,0,0,0,0.0881267,0,0,0,0.202972
184472000000,/,drone2,28,1,"container2",world,12.6154,3.28283,0,0.0879967,0,0,0,0.0879967,0,0,0,0.202717
184560000000,/,drone1,24,0,"container1",world,11.0686,-4.93653,0,0.0882884,0,0,0,0.0882884,0,0,0,0.203322
184560000000,/,drone3,26,2,"container3",world,10.9879,10.4457,0,0.0881929,0,0,0,0.0881929,0,0,0,0.203159
184560000000,/,drone2,28,1,"container2",world,12.6156,3.28367,0,0.0880569,0,0,0,0.0880569,0,0,0,0.202841
184624000000,/,drone1,24,0,"container1",world,11.0586,-5.06326,0,0.102193,0,0,0,0.102193,0,0,0,0.231417
184624000000,/,drone3,26,2,"container3",world,10.9823,10.4445,0,0.0878872,0,0,0,0.0878872,0,0,0,0.202672
184624000000,/,drone2,28,1,"container2",world,12.6048,3.32982,0,0.103733,0,0,0,0.103733,0,0,0,0.235097
184704000000,/,drone1,24,0,"container1",world,11.0641,-5.05556,0,0.100773,0,0,0,0.100773,0,0,0,0.229862
184704000000,/,drone3,26,2,"container3",world,10.9767,10.4432,0,0.0879614,0,0,0,0.0879614,0,0,0,0.202845
184704000000,/,drone2,28,1,"container2",world,12.6084,3.32583,0,0.102794,0,0,0,0.102794,0,0,0,0.234857
184800000000,/,drone1,24,0,"container1",world,11.0701,-5.03538,0,0.0978669,0,0,0,0.0978669,0,0,0,0.225011
184800000000,/,drone3,26,2,"container3",world,10.9711,10.4414,0,0.0882296,0,0,0,0.0882296,0,0,0,0.203354
184800000000,/,drone2,28,1,"container2",world,12.6122,3.31552,0,0.0999916,0,0,0,0.0999916,0,0,0,0.230504
184884000000,/,drone1,24,0,"container1",world,11.0765,-5.00523,0,0.0942308,0,0,0,0.0942308,0,0,0,0.218281
184884000000,/,drone3,26,2,"container3",world,10.9646,10.4385,0,0.0879903,0,0,0,0.0879903,0,0,0,0.202959
184884000000,/,drone2,28,1,"container2",world,12.6158,3.30116,0,0.0956939,0,0,0,0.0956939,0,0,0,0.222837
184968000000,/,drone1,24,0,"container1",world,11.0756,-4.98049,0,0.0917816,0,0,0,0.0917816,0,0,0,0.213392
184968000000,/,drone3,26,2,"container3",world,10.9595,10.4355,0,0.0880806,0,0,0,0.0880806,0,0,0,0.203144
184968000000,/,drone2,28,1,"container2",world,12.6165,3.28729,0,0.0927588,0,0,0,0.0927588,0,0,0,0.217055
185032000000,/,drone1,24,0,"container1",world,11.0734,-4.96383,0,0.0903581,0,0,0,0.0903581,0,0,0,0.210354
185032000000,/,drone3,26,2,"container3",world,10.955,10.4318,0,0.087793,0,0,0,0.087793,0,0,0,0.202633
185032000000,/,drone2,28,1,"container2",world,12.6175,3.27892,0,0.0907345,0,0,0,0.0907345,0,0,0,0.212822
185132000000,/,drone1,24,0,"container1",world,11.0707,-4.95039,0,0.089423,0,0,0,0.089423,0,0,0,0.208066
185132000000,/,drone3,26,2,"container3",world,10.9514,10.4286,0,0.0878805,0,0,0,0.0878805,0,0,0,0.202782
185132000000,/,drone2,28,1,"container2",world,12.6155,3.27034,0,0.0895466,0,0,0,0.0895466,0,0,0,0.209796
185200000000,/,drone1,24,0,"container1",world,11.069,-4.94653,0,0.0892193,0,0,0,0.0892193,0,0,0,0.207399
185200000000,/,drone3,26,2,"container3",world,10.9484,10.4254,0,0.0881597,0,0,0,0.0881597,0,0,0,0.203268
185200000000,/,drone2,28,1,"container2",world,12.6105,3.26684,0,0.0894923,0,0,0,0.0894923,0,0,0,0.209224
185300000000,/,drone1,24,0,"container1",world,11.0674,-4.93705,0,0.088678,0,0,0,0.088678,0,0,0,0.205893
185300000000,/,drone3,26,2,"container3",world,10.9453,10.4214,0,0.0879325,0,0,0,0.0879325,0,0,0,0.202854
185300000000,/,drone2,28,1,"container2",world,12.6023,3.26193,0,0.0885102,0,0,0,0.0885102,0,0,0,0.206659
185380000000,/,drone1,24,0,"container1",world,11.0649,-4.93088,0,0.0884327,0,0,0,0.0884327,0,0,0,0.204931
185380000000,/,drone3,26,2,"container3",world,10.9423,10.4179,0,0.0880329,0,0,0,0.0880329,0,0,0,0.203025
185380000000,/,drone2,28,1,"container2",world,12.5945,3.25855,0,0.0882338,0,0,0,0.0882338,0,0,0,0.205345
185436000000,/,drone1,24,0,"container1",world,11.0643,-4.92933,0,0.0883707,0,0,0,0.0883707,0,0,0,0.204689
185436000000,/,drone3,26,2,"container3",world,10.94,10.4153,0,0.0879624,0,0,0,0.0879624,0,0,0,0.202894
185436000000,/,drone2,28,1,"container2",world,12.5906,3.25783,0,0.0881046,0,0,0,0.0881046,0,0,0,0.204909
185500000000,/,drone1,24,0,"container1",world,11.0622,-4.92679,0,0.0883398,0,0,0,0.0883398,0,0,0,0.204276
185500000000,/,drone3,26,2,"container3",world,10.9372,10.4107,0,0.088035,0,0,0,0.088035,0,0,0,0.203008
185500000000,/,drone2,28,1,"container2",world,12.5847,3.25534,0,0.0881375,0,0,0,0.0881375,0,0,0,0.204402
185596000000,/,drone1,24,0,"container1",world,11.0591,-4.92356,0,0.0883282,0,0,0,0.0883282,0,0,0,0.203836
185596000000,/,drone3,26,2,"container3",world,10.9337,10.404,0,0.0877472,0,0,0,0.0877472,0,0,0,0.202467
185596000000,/,drone2,28,1,"container2",world,12.5786,3.25161,0,0.087636,0,0,0,0.087636,0,0,0,0.202961
185692000000,/,drone1,24,0,"container1",world,11.0566,-4.92021,0,0.0882159,0,0,0,0.0882159,0,0,0,0.203418
185692000000,/,drone3,26,2,"container3",world,10.9296,10.3963,0,0.0877292,0,0,0,0.0877292,0,0,0,0.202403
185692000000,/,drone2,28,1,"container2",world,12.5726,3.24727,0,0.0877117,0,0,0,0.0877117,0,0,0,0.202662
185756000000,/,drone1,24,0,"container1",world,11.0533,-4.91878,0,0.0882495,0,0,0,0.0882495,0,0,0,0.203307
185756000000,/,drone3,26,2,"container3",world,10.9265,10.3885,0,0.0878163,0,0,0,0.0878163,0,0,0,0.20254
185756000000,/,drone2,28,1,"container2",world,12.5694,3.24234,0,0.0878997,0,0,0,0.0878997,0,0,0,0.202715
185800000000,/,drone1,24,0,"container1",world,11.0515,-4.91952,0,0.0883882,0,0,0,0.0883882,0,0,0,0.203456
185800000000,/,drone3,26,2,"container3",world,10.9247,10.3836,0,0.0877505,0,0,0,0.0877505,0,0,0,0.202409
185800000000,/,drone2,28,1,"container2",world,12.5687,3.24015,0,0.0881515,0,0,0,0.0881515,0,0,0,0.20301
185860000000,/,drone1,24,0,"container1",world,11.0506,-4.91782,0,0.0883063,0,0,0,0.0883063,0,0,0,0.203261
185860000000,/,drone3,26,2,"container3",world,10.9232,10.3779,0,0.0878155,0,0,0,0.0878155,0,0,0,0.202516
185860000000,/,drone2,28,1,"container2",world,12.5699,3.23451,0,0.0880235,0,0,0,0.0880235,0,0,0,0.202712
185900000000,/,drone1,24,0,"container1",world,11.0497,-4.91573,0,0.0881905,0,0,0,0.0881905,0,0,0,0.203023
185900000000,/,drone3,26,2,"container3",world,10.9218,10.3735,0,0.0876419,0,0,0,0.0876419,0,0,0,0.202189
185900000000,/,drone2,28,1,"container2",world,12.5708,3.22942,0,0.0876919,0,0,0,0.0876919,0,0,0,0.20207
185960000000,/,drone1,24,0,"container1",world,11.049,-4.91742,0,0.0883425,0,0,0,0.0883425,0,0,0,0.203277
185960000000,/,drone3,26,2,"container3",world,10.921,10.3713,0,0.0875546,0,0,0,0.0875546,0,0,0,0.202024
185960000000,/,drone2,28,1,"container2",world,12.5684,3.22809,0,0.0879751,0,0,0,0.0879751,0,0,0,0.20255
186000000000,/,drone1,24,0,"container1",world,11.0492,-4.91639,0,0.0882684,0,0,0,0.0882684,0,0,0,0.203145
186000000000,/,drone3,26,2,"container3",world,10.9194,10.3683,0,0.0876378,0,0,0,0.0876378,0,0,0,0.202158
186000000000,/,drone2,28,1,"container2",world,12.5728,3.22468,0,0.0878789,0,0,0,0.0878789,0,0,0,0.202379
186056000000,/,drone1,24,0,"container1",world,11.0486,-4.91725,0,0.0883587,0,0,0,0.0883587,0,0,0,0.203318
186056000000,/,drone3,26,2,"container3",world,10.9183,10.3663,0,0.08803,0,0,0,0.08803,0,0,0,0.202846
186056000000,/,drone2,28,1,"container2",world,12.5745,3.22445,0,0.0882473,0,0,0,0.0882473,0,0,0,0.203058
186088000000,/,drone1,24,0,"container1",world,11.0483,-4.91633,0,0.0883207,0,0,0,0.0883207,0,0,0,0.203262
186088000000,/,drone3,26,2,"container3",world,10.9172,10.3644,0,0.0879703,0,0,0,0.0879703,0,0,0,0.202743
186088000000,/,drone2,28,1,"container2",world,12.5769,3.22612,0,0.0880905,0,0,0,0.0880905,0,0,0,0.202804
186156000000,/,drone1,24,0,"container1",world,11.0481,-4.91498,0,0.0882561,0,0,0,0.0882561,0,0,0,0.203157
186156000000,/,drone3,26,2,"container3",world,10.9165,10.3633,0,0.0878312,0,0,0,0.0878312,0,0,0,0.202493
186156000000,/,drone2,28,1,"container2",world,12.5777,3.22798,0,0.0878854,0,0,0,0.0878854,0,0,0,0.202456
186188000000,/,drone1,24,0,"container1",world,11.0474,-4.91536,0,0.0883457,0,0,0,0.0883457,0,0,0,0.203339
186188000000,/,drone3,26,2,"container3",world,10.9159,10.3623,0,0.0879785,0,0,0,0.0879785,0,0,0,0.202758
186188000000,/,drone2,28,1,"container2",world,12.5795,3.23153,0,0.0881559,0,0,0,0.0881559,0,0,0,0.202979
186236000000,/,drone1,24,0,"container1",world,11.0471,-4.9143,0,0.0883065,0,0,0,0.0883065,0,0,0,0.203285
186236000000,/,drone3,26,2,"container3",world,10.9156,10.3618,0,0.0879319,0,0,0,0.0879319,0,0,0,0.202678
186236000000,/,drone2,28,1,"container2",world,12.5808,3.23383,0,0.08804,0,0,0,0.08804,0,0,0,0.202801
186288000000,/,drone1,24,0,"container1",world,11.0473,-4.91228,0,0.0881902,0,0,0,0.0881902,0,0,0,0.203096
186288000000,/,drone3,26,2,"container3",world,10.9149,10.3616,0,0.0877024,0,0,0,0.0877024,0,0,0,0.20226
186288000000,/,drone2,28,1,"container2",world,12.5826,3.23688,0,0.0876935,0,0,0,0.0876935,0,0,0,0.202206
186300000000,/,drone1,24,0,"container1",world,11.0473,-4.91177,0,0.0881611,0,0,0,0.0881611,0,0,0,0.203048
186300000000,/,drone3,26,2,"container3",world,10.9146,10.3615,0,0.0875868,0,0,0,0.0875868,0,0,0,0.202049
186300000000,/,drone2,28,1,"container2",world,12.5831,3.23765,0,0.0876061,0,0,0,0.0876061,0,0,0,0.202056
186364000000,/,drone1,24,0,"container1",world,11.0481,-4.91338,0,0.0882663,0,0,0,0.0882663,0,0,0,0.203253
186364000000,/,drone3,26,2,"container3",world,10.9135,10.3618,0,0.087766,0,0,0,0.087766,0,0,0,0.202362
186364000000,/,drone2,28,1,"container2",world,12.5854,3.23987,0,0.0879324,0,0,0,0.0879324,0,0,0,0.202663
186400000000,/,drone1,24,0,"container1",world,11.0488,-4.91325,0,0.0882352,0,0,0,0.0882352,0,0,0,0.203209
186400000000,/,drone3,26,2,"container3",world,10.9128,10.3621,0,0.0877445,0,0,0,0.0877445,0,0,0,0.202318
186400000000,/,drone2,28,1,"container2",world,12.5874,3.24093,0,0.0878433,0,0,0,0.0878433,0,0,0,0.202521
186452000000,/,drone1,24,0,"container1",world,11.0494,-4.91473,0,0.0883293,0,0,0,0.0883293,0,0,0,0.203398
186452000000,/,drone3,26,2,"container3",world,10.9124,10.3629,0,0.0879497,0,0,0,0.0879497,0,0,0,0.202687
186452000000,/,drone2,28,1,"container2",world,12.5919,3.24105,0,0.0881362,0,0,0,0.0881362,0,0,0,0.203081
186496000000,/,drone1,24,0,"container1",world,11.0504,-4.91391,0,0.0882332,0,0,0,0.0882332,0,0,0,0.203245
186496000000,/,drone3,26,2,"container3",world,10.9122,10.3637,0,0.0879308,0,0,0,0.0879308,0,0,0,0.202658
186496000000,/,drone2,28,1,"container2",world,12.5957,3.24019,0,0.0879097,0,0,0,0.0879097,0,0,0,0.202708
186536000000,/,drone1,24,0,"container1",world,11.0507,-4.91607,0,0.0883802,0,0,0,0.0883802,0,0,0,0.203517
186536000000,/,drone3,26,2,"container3",world,10.9123,10.3645,0,0.0878118,0,0,0,0.0878118,0,0,0,0.202446
186536000000,/,drone2,28,1,"container2",world,12.5974,3.24136,0,0.0881449,0,0,0,0.0881449,0,0,0,0.203142
186592000000,/,drone1,24,0,"container1",world,11.052,-4.91517,0,0.0882865,0,0,0,0.0882865,0,0,0,0.203365
186592000000,/,drone3,26,2,"container3",world,10.9123,10.3648,0,0.0877522,0,0,0,0.0877522,0,0,0,0.20234
186592000000,/,drone2,28,1,"container2",world,12.5986,3.23996,0,0.0879423,0,0,0,0.0879423,0,0,0,0.202806
186632000000,/,drone1,24,0,"container1",world,11.0523,-4.91494,0,0.0882631,0,0,0,0.0882631,0,0,0,0.203327
186632000000,/,drone3,26,2,"container3",world,10.9124,10.365,0,0.0877223,0,0,0,0.0877223,0,0,0,0.202286
186632000000,/,drone2,28,1,"container2",world,12.5989,3.23961,0,0.0878914,0,0,0,0.0878914,0,0,0,0.202722
186684000000,/,drone1,24,0,"container1",world,11.0531,-4.9135,0,0.0881509,0,0,0,0.0881509,0,0,0,0.203129
186684000000,/,drone3,26,2,"container3",world,10.9124,10.3651,0,0.0877073,0,0,0,0.0877073,0,0,0,0.20226
186684000000,/,drone2,28,1,"container2",world,12.5985,3.23791,0,0.0876643,0,0,0,0.0876643,0,0,0,0.202318
186720000000,/,drone1,24,0,"container1",world,11.0531,-4.91512,0,0.0882978,0,0,0,0.0882978,0,0,0,0.203391
186720000000,/,drone3,26,2,"container3",world,10.9124,10.3652,0,0.0876998,0,0,0,0.0876998,0,0,0,0.202246
186720000000,/,drone2,28,1,"container2",world,12.5973,3.2383,0,0.0879637,0,0,0,0.0879637,0,0,0,0.20285
186784000000,/,drone1,24,0,"container1",world,11.0533,-4.91359,0,0.0882158,0,0,0,0.0882158,0,0,0,0.203248
186784000000,/,drone3,26,2,"container3",world,10.9161,10.3692,0,0.0877113,0,0,0,0.0877113,0,0,0,0.202259
186784000000,/,drone2,28,1,"container2",world,12.5912,3.23579,0,0.0878069,0,0,0,0.0878069,0,0,0,0.20257
186816000000,/,drone1,24,0,"container1",world,11.053,-4.9152,0,0.0883666,0,0,0,0.0883666,0,0,0,0.203518
186816000000,/,drone3,26,2,"container3",world,10.9184,10.3719,0,0.0880671,0,0,0,0.0880671,0,0,0,0.202888
186816000000,/,drone2,28,1,"container2",world,12.5871,3.23483,0,0.0882879,0,0,0,0.0882879,0,0,0,0.203427
186876000000,/,drone1,24,0,"container1",world,11.0526,-4.91376,0,0.0882751,0,0,0,0.0882751,0,0,0,0.20336
186876000000,/,drone3,26,2,"container3",world,10.9206,10.3743,0,0.0879894,0,0,0,0.0879894,0,0,0,0.202758
186876000000,/,drone2,28,1,"container2",world,12.5812,3.23461,0,0.0880226,0,0,0,0.0880226,0,0,0,0.202968
186900000000,/,drone1,24,0,"container1",world,11.0525,-4.91258,0,0.0881968,0,0,0,0.0881968,0,0,0,0.20322
186900000000,/,drone3,26,2,"container3",world,10.9223,10.3761,0,0.0878411,0,0,0,0.0878411,0,0,0,0.202496
186900000000,/,drone2,28,1,"container2",world,12.5783,3.23551,0,0.0877895,0,0,0,0.0877895,0,0,0,0.202552
186972000000,/,drone1,24,0,"container1",world,11.0522,-4.91443,0,0.0883489,0,0,0,0.0883489,0,0,0,0.20349
186972000000,/,drone3,26,2,"container3",world,10.9235,10.3776,0,0.0881161,0,0,0,0.0881161,0,0,0,0.202985
186972000000,/,drone2,28,1,"container2",world,12.576,3.23688,0,0.0882527,0,0,0,0.0882527,0,0,0,0.203373
187000000000,/,drone1,24,0,"container1",world,11.0526,-4.91333,0,0.0882597,0,0,0,0.0882597,0,0,0,0.203332
187000000000,/,drone3,26,2,"container3",world,10.9243,10.3788,0,0.0881206,0,0,0,0.0881206,0,0,0,0.202999
187000000000,/,drone2,28,1,"container2",world,12.5741,3.23891,0,0.088047,0,0,0,0.088047,0,0,0,0.203012
187064000000,/,drone1,24,0,"container1",world,11.053,-4.91239,0,0.0881829,0,0,0,0.0881829,0,0,0,0.203192
187064000000,/,drone3,26,2,"container3",world,10.9247,10.3795,0,0.0881228,0,0,0,0.0881228,0,0,0,0.203006
187064000000,/,drone2,28,1,"container2",world,12.5735,3.23966,0,0.0878857,0,0,0,0.0878857,0,0,0,0.20272
187100000000,/,drone1,24,0,"container1",world,11.0533,-4.91153,0,0.0881147,0,0,0,0.0881147,0,0,0,0.203064
187100000000,/,drone3,26,2,"container3",world,10.9263,10.3819,0,0.0881545,0,0,0,0.0881545,0,0,0,0.20305
187100000000,/,drone2,28,1,"container2",world,12.5669,3.24075,0,0.0875819,0,0,0,0.0875819,0,0,0,0.202164
187156000000,/,drone1,24,0,"container1",world,11.0533,-4.91132,0,0.0880976,0,0,0,0.0880976,0,0,0,0.203032
187156000000,/,drone3,26,2,"container3",world,10.927,10.3838,0,0.0880492,0,0,0,0.0880492,0,0,0,0.20286
187156000000,/,drone2,28,1,"container2",world,12.5618,3.23963,0,0.0876242,0,0,0,0.0876242,0,0,0,0.202234
187200000000,/,drone1,24,0,"container1",world,11.0533,-4.91127,0,0.0880934,0,0,0,0.0880934,0,0,0,0.203024
187200000000,/,drone3,26,2,"container3",world,10.9273,10.3851,0,0.0878864,0,0,0,0.0878864,0,0,0,0.202567
187200000000,/,drone2,28,1,"container2",world,12.5584,3.23964,0,0.0875791,0,0,0,0.0875791,0,0,0,0.202151
187252000000,/,drone1,24,0,"container1",world,11.0533,-4.91125,0,0.0880923,0,0,0,0.0880923,0,0,0,0.203022
187252000000,/,drone3,26,2,"container3",world,10.9276,10.3867,0,0.0880199,0,0,0,0.0880199,0,0,0,0.20281
187252000000,/,drone2,28,1,"container2",world,12.556,3.23871,0,0.0876767,0,0,0,0.0876767,0,0,0,0.202328
187300000000,/,drone1,24,0,"container1",world,11.0533,-4.91125,0,0.088092,0,0,0,0.088092,0,0,0,0.203022
187300000000,/,drone3,26,2,"container3",world,10.928,10.3877,0,0.0879657,0,0,0,0.0879657,0,0,0,0.202719
187300000000,/,drone2,28,1,"container2",world,12.5551,3.23931,0,0.0876398,0,0,0,0.0876398,0,0,0,0.202264
187344000000,/,drone1,24,0,"container1",world,11.0533,-4.93483,0,0.0898358,0,0,0,0.0898358,0,0,0,0.206373
187344000000,/,drone3,26,2,"container3",world,10.9284,10.3885,0,0.0878291,0,0,0,0.0878291,0,0,0,0.202476
187344000000,/,drone2,28,1,"container2",world,12.5508,3.26871,0,0.0943065,0,0,0,0.0943065,0,0,0,0.215275
187400000000,/,drone1,24,0,"container1",world,11.0551,-4.93649,0,0.0897729,0,0,0,0.0897729,0,0,0,0.206401
187400000000,/,drone3,26,2,"container3",world,10.9293,10.3892,0,0.0879774,0,0,0,0.0879774,0,0,0,0.202746
187400000000,/,drone2,28,1,"container2",world,12.5529,3.26968,0,0.094105,0,0,0,0.094105,0,0,0,0.215493
187464000000,/,drone1,24,0,"container1",world,11.0271,-5.17521,0,0.0903413,0,0,0,0.0903413,0,0,0,0.207864
187464000000,/,drone3,26,2,"container3",world,10.9301,10.3897,0,0.0879313,0,0,0,0.0879313,0,0,0,0.202668
187464000000,/,drone2,28,1,"container2",world,12.5563,3.26911,0,0.0933055,0,0,0,0.0933055,0,0,0,0.214332
187536000000,/,drone1,24,0,"container1",world,11.0516,-4.99642,0,0.0896049,0,0,0,0.0896049,0,0,0,0.206309
187536000000,/,drone3,26,2,"container3",world,10.9315,10.3906,0,0.0877019,0,0,0,0.0877019,0,0,0,0.202253
187536000000,/,drone2,28,1,"container2",world,12.565,3.26929,0,0.0923332,0,0,0,0.0923332,0,0,0,0.212802
187600000000,/,drone3,26,2,"container3",world,10.9343,10.3918,0,0.0878229,0,0,0,0.0878229,0,0,0,0.202461
187600000000,/,drone2,28,1,"container2",world,12.5756,3.26671,0,0.091639,0,0,0,0.091639,0,0,0,0.21163
187700000000,/,drone3,26,2,"container3",world,10.9372,10.393,0,0.088122,0,0,0,0.088122,0,0,0,0.202988
187700000000,/,drone2,28,1,"container2",world,12.5906,3.26326,0,0.0911349,0,0,0,0.0911349,0,0,0,0.210729
187700000000,/,drone1,29,0,"container1",world,10.5494,-5.14014,0,0.440563,0,0,0,0.440563,0,0,0,1.12106
187772000000,/,drone3,26,2,"container3",world,10.9406,10.3953,0,0.0879078,0,0,0,0.0879078,0,0,0,0.202612
187772000000,/,drone2,28,1,"container2",world,12.6098,3.25989,0,0.0897215,0,0,0,0.0897215,0,0,0,0.208067
187772000000,/,drone1,29,0,"container1",world,10.5451,-5.15769,0,0.380087,0,0,0,0.380087,0,0,0,0.983203
187864000000,/,drone3,26,2,"container3",world,10.9433,10.3973,0,0.0881491,0,0,0,0.0881491,0,0,0,0.203042
187864000000,/,drone2,28,1,"container2",world,12.6235,3.2554,0,0.0891261,0,0,0,0.0891261,0,0,0,0.206732
187864000000,/,drone1,29,0,"container1",world,10.5471,-5.17805,0,0.328259,0,0,0,0.328259,0,0,0,0.858104
187944000000,/,drone3,26,2,"container3",world,10.9494,10.4006,0,0.0878121,0,0,0,0.0878121,0,0,0,0.202442
187944000000,/,drone2,28,1,"container2",world,12.6366,3.25349,0,0.088323,0,0,0,0.088323,0,0,0,0.205043
187944000000,/,drone1,29,0,"container1",world,10.5482,-5.19689,0,0.278981,0,0,0,0.278981,0,0,0,0.736992
188004000000,/,drone3,26,2,"container3",world,10.9556,10.4029,0,0.0878778,0,0,0,0.0878778,0,0,0,0.202555
188004000000,/,drone2,28,1,"container2",world,12.6425,3.25182,0,0.0882329,0,0,0,0.0882329,0,0,0,0.204811
188004000000,/,drone1,29,0,"container1",world,10.5652,-5.22299,0,0.240531,0,0,0,0.240531,0,0,0,0.631741
188100000000,/,drone3,26,2,"container3",world,10.9637,10.4052,0,0.0881491,0,0,0,0.0881491,0,0,0,0.203034
188100000000,/,drone2,28,1,"container2",world,12.647,3.2503,0,0.0883275,0,0,0,0.0883275,0,0,0,0.204957
188100000000,/,drone1,29,0,"container1",world,10.5839,-5.24954,0,0.20331,0,0,0,0.20331,0,0,0,0.528182
188200000000,/,drone3,26,2,"container3",world,10.9675,10.4084,0,0.0879215,0,0,0,0.0879215,0,0,0,0.202635
188200000000,/,drone2,28,1,"container2",world,12.6489,3.25209,0,0.0881726,0,0,0,0.0881726,0,0,0,0.204684
188200000000,/,drone1,29,0,"container1",world,10.6029,-5.27495,0,0.167749,0,0,0,0.167749,0,0,0,0.42878
188280000000,/,drone3,26,2,"container3",world,10.964,10.4127,0,0.0879033,0,0,0,0.0879033,0,0,0,0.202613
188280000000,/,drone2,28,1,"container2",world,12.6311,3.32582,0,0.11979,0,0,0,0.11979,0,0,0,0.266483
188280000000,/,drone1,29,0,"container1",world,10.6889,-5.35244,0,0.143614,0,0,0,0.143614,0,0,0,0.341967
188368000000,/,drone3,26,2,"container3",world,10.961,10.4163,0,0.0876878,0,0,0,0.0876878,0,0,0,0.202224
188368000000,/,drone2,28,1,"container2",world,12.6274,3.3319,0,0.123821,0,0,0,0.123821,0,0,0,0.273993
188368000000,/,drone1,29,0,"container1",world,10.7359,-5.39272,0,0.131366,0,0,0,0.131366,0,0,0,0.298637
188432000000,/,drone3,26,2,"container3",world,10.9592,10.4196,0,0.0877052,0,0,0,0.0877052,0,0,0,0.202248
188432000000,/,drone2,28,1,"container2",world,12.6241,3.33184,0,0.12479,0,0,0,0.12479,0,0,0,0.27577
188432000000,/,drone1,29,0,"container1",world,10.7586,-5.40906,0,0.12694,0,0,0,0.12694,0,0,0,0.281976
188524000000,/,drone3,26,2,"container3",world,10.9593,10.4223,0,0.08793,0,0,0,0.08793,0,0,0,0.202652
188524000000,/,drone2,28,1,"container2",world,12.6217,3.33077,0,0.125062,0,0,0,0.125062,0,0,0,0.276246
188524000000,/,drone1,29,0,"container1",world,10.77,-5.41156,0,0.125886,0,0,0,0.125886,0,0,0,0.275815
188600000000,/,drone3,26,2,"container3",world,10.9616,10.4246,0,0.0878112,0,0,0,0.0878112,0,0,0,0.202442
188600000000,/,drone2,28,1,"container2",world,12.6196,3.29665,0,0.106056,0,0,0,0.106056,0,0,0,0.244102
188600000000,/,drone1,29,0,"container1",world,10.7443,-5.39661,0,0.112541,0,0,0,0.112541,0,0,0,0.253752
188684000000,/,drone3,26,2,"container3",world,10.966,10.4275,0,0.0878482,0,0,0,0.0878482,0,0,0,0.202516
188684000000,/,drone2,28,1,"container2",world,12.6168,3.28271,0,0.0963885,0,0,0,0.0963885,0,0,0,0.225889
188684000000,/,drone1,29,0,"container1",world,10.7149,-5.37827,0,0.103252,0,0,0,0.103252,0,0,0,0.236697
188764000000,/,drone3,26,2,"container3",world,10.9698,10.4304,0,0.0879763,0,0,0,0.0879763,0,0,0,0.20275
188764000000,/,drone2,28,1,"container2",world,12.6153,3.27731,0,0.0920286,0,0,0,0.0920286,0,0,0,0.216552
188764000000,/,drone1,29,0,"container1",world,10.7042,-5.3453,0,0.0980399,0,0,0,0.0980399,0,0,0,0.225244
188808000000,/,drone3,26,2,"container3",world,10.9729,10.433,0,0.0878135,0,0,0,0.0878135,0,0,0,0.202461
188808000000,/,drone2,28,1,"container2",world,12.6164,3.27521,0,0.0898552,0,0,0,0.0898552,0,0,0,0.211479
188808000000,/,drone1,29,0,"container1",world,10.6992,-5.32512,0,0.0950472,0,0,0,0.0950472,0,0,0,0.218978
188900000000,/,drone3,26,2,"container3",world,10.9757,10.4359,0,0.087993,0,0,0,0.087993,0,0,0,0.202766
188900000000,/,drone2,28,1,"container2",world,12.6184,3.27496,0,0.0892342,0,0,0,0.0892342,0,0,0,0.209333
188900000000,/,drone1,29,0,"container1",world,10.6976,-5.31033,0,0.093789,0,0,0,0.093789,0,0,0,0.216311
188992000000,/,drone3,26,2,"container3",world,10.9773,10.4392,0,0.0878522,0,0,0,0.0878522,0,0,0,0.202509
188992000000,/,drone2,28,1,"container2",world,12.621,3.27606,0,0.0884572,0,0,0,0.0884572,0,0,0,0.207048
188992000000,/,drone1,29,0,"container1",world,10.6989,-5.2992,0,0.0924405,0,0,0,0.0924405,0,0,0,0.213774
189088000000,/,drone3,26,2,"container3",world,10.9777,10.4449,0,0.0878775,0,0,0,0.0878775,0,0,0,0.202559
189088000000,/,drone2,28,1,"container2",world,12.6262,3.27926,0,0.0881741,0,0,0,0.0881741,0,0,0,0.205504
189088000000,/,drone1,29,0,"container1",world,10.7037,-5.28735,0,0.0914852,0,0,0,0.0914852,0,0,0,0.212122
189160000000,/,drone3,26,2,"container3",world,10.9778,10.4514,0,0.0879987,0,0,0,0.0879987,0,0,0,0.20278
189160000000,/,drone2,28,1,"container2",world,12.6338,3.28491,0,0.0881816,0,0,0,0.0881816,0,0,0,0.204611
189160000000,/,drone1,29,0,"container1",world,10.7094,-5.28081,0,0.0908422,0,0,0,0.0908422,0,0,0,0.211092
189224000000,/,drone3,26,2,"container3",world,10.9778,10.4565,0,0.0878316,0,0,0,0.0878316,0,0,0,0.202484
189224000000,/,drone2,28,1,"container2",world,12.6392,3.28911,0,0.0878331,0,0,0,0.0878331,0,0,0,0.203434
189224000000,/,drone1,29,0,"container1",world,10.7139,-5.27943,0,0.0900302,0,0,0,0.0900302,0,0,0,0.209702
189300000000,/,drone3,26,2,"container3",world,10.9795,10.4606,0,0.088008,0,0,0,0.088008,0,0,0,0.202786
189300000000,/,drone2,28,1,"container2",world,12.6434,3.29329,0,0.0881463,0,0,0,0.0881463,0,0,0,0.203564
189300000000,/,drone1,29,0,"container1",world,10.7167,-5.28013,0,0.0899683,0,0,0,0.0899683,0,0,0,0.209615
189400000000,/,drone3,26,2,"container3",world,10.9803,10.4646,0,0.0878647,0,0,0,0.0878647,0,0,0,0.202526
189400000000,/,drone2,28,1,"container2",world,12.6486,3.29751,0,0.0878968,0,0,0,0.0878968,0,0,0,0.202825
189400000000,/,drone1,29,0,"container1",world,10.7182,-5.27918,0,0.0896621,0,0,0,0.0896621,0,0,0,0.209155
189488000000,/,drone3,26,2,"container3",world,10.9812,10.4701,0,0.0878875,0,0,0,0.0878875,0,0,0,0.202574
189488000000,/,drone2,28,1,"container2",world,12.6573,3.3031,0,0.0880112,0,0,0,0.0880112,0,0,0,0.20278
189488000000,/,drone1,29,0,"container1",world,10.724,-5.28169,0,0.0891942,0,0,0,0.0891942,0,0,0,0.208179
189576000000,/,drone3,26,2,"container3",world,10.9836,10.476,0,0.0880063,0,0,0,0.0880063,0,0,0,0.202792
189576000000,/,drone2,28,1,"container2",world,12.6631,3.30362,0,0.0880933,0,0,0,0.0880933,0,0,0,0.202866
189576000000,/,drone1,29,0,"container1",world,10.731,-5.27928,0,0.0889757,0,0,0,0.0889757,0,0,0,0.207802
189648000000,/,drone3,26,2,"container3",world,10.9906,10.4807,0,0.0877398,0,0,0,0.0877398,0,0,0,0.202314
189648000000,/,drone2,28,1,"container2",world,12.6725,3.31018,0,0.0880889,0,0,0,0.0880889,0,0,0,0.202757
189648000000,/,drone1,29,0,"container1",world,10.7434,-5.27981,0,0.0884846,0,0,0,0.0884846,0,0,0,0.206652
189700000000,/,drone3,26,2,"container3",world,10.9964,10.4839,0,0.0878418,0,0,0,0.0878418,0,0,0,0.202491
189700000000,/,drone2,28,1,"container2",world,12.6839,3.3168,0,0.0882545,0,0,0,0.0882545,0,0,0,0.203007
189700000000,/,drone1,29,0,"container1",world,10.7532,-5.28007,0,0.0885438,0,0,0,0.0885438,0,0,0,0.206487
189792000000,/,drone3,26,2,"container3",world,11.0004,10.4857,0,0.0877823,0,0,0,0.0877823,0,0,0,0.202381
189792000000,/,drone2,28,1,"container2",world,12.6909,3.32044,0,0.0880081,0,0,0,0.0880081,0,0,0,0.202586
189792000000,/,drone1,29,0,"container1",world,10.764,-5.2798,0,0.0886257,0,0,0,0.0886257,0,0,0,0.206358
189860000000,/,drone3,26,2,"container3",world,11.0044,10.4873,0,0.0877372,0,0,0,0.0877372,0,0,0,0.202306
189860000000,/,drone2,28,1,"container2",world,12.6962,3.3196,0,0.0879386,0,0,0,0.0879386,0,0,0,0.202471
189860000000,/,drone1,29,0,"container1",world,10.7713,-5.27804,0,0.0881834,0,0,0,0.0881834,0,0,0,0.205363
189900000000,/,drone3,26,2,"container3",world,11.0077,10.4883,0,0.0879319,0,0,0,0.0879319,0,0,0,0.202661
189900000000,/,drone2,28,1,"container2",world,12.7001,3.31724,0,0.0880292,0,0,0,0.0880292,0,0,0,0.202637
189900000000,/,drone1,29,0,"container1",world,10.7787,-5.27352,0,0.0882158,0,0,0,0.0882158,0,0,0,0.205159
189960000000,/,drone3,26,2,"container3",world,11.0104,10.4886,0,0.0878001,0,0,0,0.0878001,0,0,0,0.20243
189960000000,/,drone2,28,1,"container2",world,12.7033,3.31687,0,0.0879378,0,0,0,0.0879378,0,0,0,0.202475
189960000000,/,drone1,29,0,"container1",world,10.7808,-5.27068,0,0.0879811,0,0,0,0.0879811,0,0,0,0.204616
190008000000,/,drone3,26,2,"container3",world,11.0123,10.4885,0,0.0879939,0,0,0,0.0879939,0,0,0,0.202763
190008000000,/,drone2,28,1,"container2",world,12.7069,3.31466,0,0.0880444,0,0,0,0.0880444,0,0,0,0.202659
190008000000,/,drone1,29,0,"container1",world,10.7834,-5.26785,0,0.088282,0,0,0,0.088282,0,0,0,0.204973
190064000000,/,drone3,26,2,"container3",world,11.0134,10.4882,0,0.0879687,0,0,0,0.0879687,0,0,0,0.202716
190064000000,/,drone2,28,1,"container2",world,12.7087,3.31439,0,0.0880102,0,0,0,0.0880102,0,0,0,0.202598
190064000000,/,drone1,29,0,"container1",world,10.7857,-5.2662,0,0.0879836,0,0,0,0.0879836,0,0,0,0.204267
190100000000,/,drone3,26,2,"container3",world,11.0139,10.4877,0,0.0881942,0,0,0,0.0881942,0,0,0,0.203113
190100000000,/,drone2,28,1,"container2",world,12.7106,3.31266,0,0.0881208,0,0,0,0.0881208,0,0,0,0.202794
190100000000,/,drone1,29,0,"container1",world,10.7866,-5.2651,0,0.0884206,0,0,0,0.0884206,0,0,0,0.204944
190160000000,/,drone3,26,2,"container3",world,11.0143,10.4871,0,0.0881735,0,0,0,0.0881735,0,0,0,0.203082
190160000000,/,drone2,28,1,"container2",world,12.6973,3.51004,0,0.20671,0,0,0,0.20671,0,0,0,0.411893
190160000000,/,drone1,29,0,"container1",world,10.7872,-5.26438,0,0.0883197,0,0,0,0.0883197,0,0,0,0.204689
190200000000,/,drone3,26,2,"container3",world,11.0154,10.4862,0,0.0879338,0,0,0,0.0879338,0,0,0,0.202659
190200000000,/,drone2,28,1,"container2",world,12.7003,3.4814,0,0.180637,0,0,0,0.180637,0,0,0,0.378606
190200000000,/,drone1,29,0,"container1",world,10.7883,-5.26271,0,0.0879318,0,0,0,0.0879318,0,0,0,0.203863
190264000000,/,drone3,26,2,"container3",world,11.0164,10.4855,0,0.0881619,0,0,0,0.0881619,0,0,0,0.203065
190264000000,/,drone2,28,1,"container2",world,12.7029,3.46103,0,0.160328,0,0,0,0.160328,0,0,0,0.349862
190264000000,/,drone1,29,0,"container1",world,10.7891,-5.26161,0,0.08835,0,0,0,0.08835,0,0,0,0.204521
190300000000,/,drone3,26,2,"container3",world,11.0175,10.4849,0,0.0881434,0,0,0,0.0881434,0,0,0,0.203039
190300000000,/,drone2,28,1,"container2",world,12.7051,3.43638,0,0.139352,0,0,0,0.139352,0,0,0,0.316311
190300000000,/,drone1,29,0,"container1",world,10.7898,-5.25956,0,0.0880633,0,0,0,0.0880633,0,0,0,0.203899
190348000000,/,drone3,26,2,"container3",world,11.0161,10.4849,0,0.0879065,0,0,0,0.0879065,0,0,0,0.202621
190348000000,/,drone2,28,1,"container2",world,12.706,3.4223,0,0.125938,0,0,0,0.125938,0,0,0,0.293139
190348000000,/,drone1,29,0,"container1",world,10.79,-5.25802,0,0.0878224,0,0,0,0.0878224,0,0,0,0.203389
190392000000,/,drone3,26,2,"container3",world,11.0146,10.485,0,0.0876894,0,0,0,0.0876894,0,0,0,0.202228
190392000000,/,drone2,28,1,"container2",world,12.7078,3.40578,0,0.114557,0,0,0,0.114557,0,0,0,0.271714
190392000000,/,drone1,29,0,"container1",world,10.7895,-5.25505,0,0.0881418,0,0,0,0.0881418,0,0,0,0.203831
190412000000,/,drone3,26,2,"container3",world,11.0133,10.4854,0,0.087939,0,0,0,0.087939,0,0,0,0.202664
190412000000,/,drone2,28,1,"container2",world,12.7078,3.40235,0,0.110826,0,0,0,0.110826,0,0,0,0.264556
190412000000,/,drone1,29,0,"container1",world,10.7894,-5.25431,0,0.0882211,0,0,0,0.0882211,0,0,0,0.203941
190480000000,/,drone3,26,2,"container3",world,11.0115,10.4862,0,0.0878309,0,0,0,0.0878309,0,0,0,0.202468
190480000000,/,drone2,28,1,"container2",world,12.71,3.3874,0,0.104448,0,0,0,0.104448,0,0,0,0.251211
190480000000,/,drone1,29,0,"container1",world,10.7877,-5.25121,0,0.0878857,0,0,0,0.0878857,0,0,0,0.203256
190512000000,/,drone3,26,2,"container3",world,11.01,10.487,0,0.088126,0,0,0,0.088126,0,0,0,0.202991
190512000000,/,drone2,28,1,"container2",world,12.7117,3.37807,0,0.101156,0,0,0,0.101156,0,0,0,0.243858
190512000000,/,drone1,29,0,"container1",world,10.7868,-5.24872,0,0.0883203,0,0,0,0.0883203,0,0,0,0.203971
190576000000,/,drone3,26,2,"container3",world,11.0085,10.4882,0,0.0880188,0,0,0,0.0880188,0,0,0,0.202809
190576000000,/,drone2,28,1,"container2",world,12.7146,3.36468,0,0.0970176,0,0,0,0.0970176,0,0,0,0.234232
190576000000,/,drone1,29,0,"container1",world,10.7838,-5.24689,0,0.0882959,0,0,0,0.0882959,0,0,0,0.20392
190600000000,/,drone3,26,2,"container3",world,11.0074,10.4891,0,0.0878558,0,0,0,0.0878558,0,0,0,0.202521
190600000000,/,drone2,28,1,"container2",world,12.7166,3.35697,0,0.0946144,0,0,0,0.0946144,0,0,0,0.228436
190600000000,/,drone1,29,0,"container1",world,10.7821,-5.24599,0,0.0882332,0,0,0,0.0882332,0,0,0,0.203805
190664000000,/,drone3,26,2,"container3",world,11.0066,10.4899,0,0.0881233,0,0,0,0.0881233,0,0,0,0.202997
190664000000,/,drone2,28,1,"container2",world,12.7183,3.35093,0,0.0935602,0,0,0,0.0935602,0,0,0,0.225321
190664000000,/,drone1,29,0,"container1",world,10.782,-5.24822,0,0.0883879,0,0,0,0.0883879,0,0,0,0.204079
190700000000,/,drone3,26,2,"container3",world,11.0059,10.4907,0,0.0880045,0,0,0,0.0880045,0,0,0,0.202794
190700000000,/,drone2,28,1,"container2",world,12.7197,3.34214,0,0.0915671,0,0,0,0.0915671,0,0,0,0.219852
190700000000,/,drone1,29,0,"container1",world,10.7811,-5.24758,0,0.0882973,0,0,0,0.0882973,0,0,0,0.203918
190760000000,/,drone3,26,2,"container3",world,11.0053,10.4914,0,0.0878365,0,0,0,0.0878365,0,0,0,0.202497
190760000000,/,drone2,28,1,"container2",world,12.7203,3.3369,0,0.09038,0,0,0,0.09038,0,0,0,0.216487
190760000000,/,drone1,29,0,"container1",world,10.7854,-5.23783,0,0.0877464,0,0,0,0.0877464,0,0,0,0.202721
190808000000,/,drone3,26,2,"container3",world,11.0047,10.492,0,0.0880119,0,0,0,0.0880119,0,0,0,0.202797
190808000000,/,drone2,28,1,"container2",world,12.7215,3.33019,0,0.0897162,0,0,0,0.0897162,0,0,0,0.213594
190808000000,/,drone1,29,0,"container1",world,10.7878,-5.23393,0,0.0880915,0,0,0,0.0880915,0,0,0,0.203245
190900000000,/,drone3,26,2,"container3",world,11.004,10.4925,0,0.0879776,0,0,0,0.0879776,0,0,0,0.202732
190900000000,/,drone2,28,1,"container2",world,12.7208,3.32619,0,0.0891097,0,0,0,0.0891097,0,0,0,0.211457
190900000000,/,drone1,29,0,"container1",world,10.7902,-5.23118,0,0.0878838,0,0,0,0.0878838,0,0,0,0.202823
191000000000,/,drone3,26,2,"container3",world,11.0027,10.4929,0,0.0881985,0,0,0,0.0881985,0,0,0,0.203121
191000000000,/,drone2,28,1,"container2",world,12.7186,3.32099,0,0.0889488,0,0,0,0.0889488,0,0,0,0.209754
191000000000,/,drone1,29,0,"container1",world,10.7919,-5.22819,0,0.0882963,0,0,0,0.0882963,0,0,0,0.203522
191080000000,/,drone3,26,2,"container3",world,11.0006,10.4929,0,0.0879465,0,0,0,0.0879465,0,0,0,0.202679
191080000000,/,drone2,28,1,"container2",world,12.715,3.32067,0,0.0887362,0,0,0,0.0887362,0,0,0,0.209039
191080000000,/,drone1,29,0,"container1",world,10.7968,-5.22482,0,0.0878526,0,0,0,0.0878526,0,0,0,0.202695
191140000000,/,drone3,26,2,"container3",world,10.9991,10.4928,0,0.0881682,0,0,0,0.0881682,0,0,0,0.203075
191140000000,/,drone2,28,1,"container2",world,12.7136,3.31872,0,0.0888478,0,0,0,0.0888478,0,0,0,0.209139
191140000000,/,drone1,29,0,"container1",world,10.7981,-5.22396,0,0.0877404,0,0,0,0.0877404,0,0,0,0.202485
191204000000,/,drone3,26,2,"container3",world,10.9984,10.4916,0,0.0878218,0,0,0,0.0878218,0,0,0,0.202458
191204000000,/,drone2,28,1,"container2",world,12.7068,3.32054,0,0.0886589,0,0,0,0.0886589,0,0,0,0.208795
191204000000,/,drone1,29,0,"container1",world,10.8041,-5.21984,0,0.0878554,0,0,0,0.0878554,0,0,0,0.202667
191300000000,/,drone3,26,2,"container3",world,10.9973,10.4905,0,0.0880046,0,0,0,0.0880046,0,0,0,0.202778
191300000000,/,drone2,28,1,"container2",world,12.704,3.3192,0,0.0887804,0,0,0,0.0887804,0,0,0,0.208993
191300000000,/,drone1,29,0,"container1",world,10.81,-5.21263,0,0.0879259,0,0,0,0.0879259,0,0,0,0.202737
191368000000,/,drone3,26,2,"container3",world,10.9971,10.4881,0,0.0882119,0,0,0,0.0882119,0,0,0,0.203144
191368000000,/,drone2,28,1,"container2",world,12.7012,3.3183,0,0.088866,0,0,0,0.088866,0,0,0,0.209136
191368000000,/,drone1,29,0,"container1",world,10.8136,-5.20804,0,0.0882993,0,0,0,0.0882993,0,0,0,0.203373
191464000000,/,drone3,26,2,"container3",world,11,10.4847,0,0.0879532,0,0,0,0.0879532,0,0,0,0.20269
191464000000,/,drone2,28,1,"container2",world,12.6997,3.31996,0,0.0887152,0,0,0,0.0887152,0,0,0,0.208883
191464000000,/,drone1,29,0,"container1",world,10.8188,-5.20325,0,0.087848,0,0,0,0.087848,0,0,0,0.202562
191536000000,/,drone3,26,2,"container3",world,11.0021,10.4824,0,0.0881716,0,0,0,0.0881716,0,0,0,0.203081
191536000000,/,drone2,28,1,"container2",world,12.6995,3.3188,0,0.0888426,0,0,0,0.0888426,0,0,0,0.2091
191536000000,/,drone1,29,0,"container1",world,10.8252,-5.20063,0,0.0879383,0,0,0,0.0879383,0,0,0,0.202725
191616000000,/,drone3,26,2,"container3",world,11.0031,10.4812,0,0.08828,0,0,0,0.08828,0,0,0,0.203274
191616000000,/,drone2,28,1,"container2",world,12.6671,3.52283,0,0.276414,0,0,0,0.276414,0,0,0,0.536969
191616000000,/,drone1,29,0,"container1",world,10.8289,-5.19802,0,0.0877375,0,0,0,0.0877375,0,0,0,0.202359
191700000000,/,drone3,26,2,"container3",world,11.0078,10.4778,0,0.0882331,0,0,0,0.0882331,0,0,0,0.203184
191700000000,/,drone2,28,1,"container2",world,12.6693,3.49671,0,0.235256,0,0,0,0.235256,0,0,0,0.484316
191700000000,/,drone1,29,0,"container1",world,10.8351,-5.1979,0,0.0879547,0,0,0,0.0879547,0,0,0,0.202723
191764000000,/,drone3,26,2,"container3",world,11.0128,10.4746,0,0.0883255,0,0,0,0.0883255,0,0,0,0.203346
191764000000,/,drone2,28,1,"container2",world,12.6742,3.45886,0,0.191662,0,0,0,0.191662,0,0,0,0.418979
191764000000,/,drone1,29,0,"container1",world,10.8394,-5.19733,0,0.088304,0,0,0,0.088304,0,0,0,0.203332
191860000000,/,drone3,26,2,"container3",world,11.0114,10.4725,0,0.0880107,0,0,0,0.0880107,0,0,0,0.202793
191860000000,/,drone2,28,1,"container2",world,12.6812,3.41668,0,0.154326,0,0,0,0.154326,0,0,0,0.354442
191860000000,/,drone1,29,0,"container1",world,10.8451,-5.19934,0,0.0878473,0,0,0,0.0878473,0,0,0,0.202525
191916000000,/,drone3,26,2,"container3",world,11.0089,10.4712,0,0.0882001,0,0,0,0.0882001,0,0,0,0.203131
191916000000,/,drone2,28,1,"container2",world,12.6871,3.38296,0,0.126571,0,0,0,0.126571,0,0,0,0.300957
191916000000,/,drone1,29,0,"container1",world,10.8484,-5.20227,0,0.0880566,0,0,0,0.0880566,0,0,0,0.202906
192000000000,/,drone3,26,2,"container3",world,11.0036,10.4698,0,0.0879352,0,0,0,0.0879352,0,0,0,0.202667
192000000000,/,drone2,28,1,"container2",world,12.6905,3.35967,0,0.108706,0,0,0,0.108706,0,0,0,0.263457
192000000000,/,drone1,29,0,"container1",world,10.8498,-5.20515,0,0.087766,0,0,0,0.087766,0,0,0,0.202388
192096000000,/,drone3,26,2,"container3",world,10.9988,10.4686,0,0.0880196,0,0,0,0.0880196,0,0,0,0.202825
192096000000,/,drone2,28,1,"container2",world,12.6907,3.34267,0,0.0991958,0,0,0,0.0991958,0,0,0,0.241538
192096000000,/,drone1,29,0,"container1",world,10.8498,-5.20786,0,0.0880203,0,0,0,0.0880203,0,0,0,0.202846
192176000000,/,drone3,26,2,"container3",world,10.9949,10.4678,0,0.0877385,0,0,0,0.0877385,0,0,0,0.202319
192176000000,/,drone2,28,1,"container2",world,12.6873,3.32242,0,0.0931979,0,0,0,0.0931979,0,0,0,0.225957
192176000000,/,drone1,29,0,"container1",world,10.8486,-5.21122,0,0.0875974,0,0,0,0.0875974,0,0,0,0.202078
192256000000,/,drone3,26,2,"container3",world,10.9903,10.4666,0,0.0877245,0,0,0,0.0877245,0,0,0,0.202285
192256000000,/,drone2,28,1,"container2",world,12.683,3.30466,0,0.0902649,0,0,0,0.0902649,0,0,0,0.216596
192256000000,/,drone1,29,0,"container1",world,10.8442,-5.21688,0,0.0876826,0,0,0,0.0876826,0,0,0,0.202216
192324000000,/,drone3,26,2,"container3",world,10.9865,10.4657,0,0.088068,0,0,0,0.088068,0,0,0,0.20289
192324000000,/,drone2,28,1,"container2",world,12.6789,3.2935,0,0.0893566,0,0,0,0.0893566,0,0,0,0.21235
192324000000,/,drone1,29,0,"container1",world,10.8399,-5.2212,0,0.0880292,0,0,0,0.0880292,0,0,0,0.202838
192400000000,/,drone3,26,2,"container3",world,10.9807,10.4635,0,0.087877,0,0,0,0.087877,0,0,0,0.202554
192400000000,/,drone2,28,1,"container2",world,12.6741,3.28557,0,0.0887398,0,0,0,0.0887398,0,0,0,0.208749
192400000000,/,drone1,29,0,"container1",world,10.8334,-5.22424,0,0.0879468,0,0,0,0.0879468,0,0,0,0.202691
192496000000,/,drone3,26,2,"container3",world,10.9763,10.4617,0,0.0881305,0,0,0,0.0881305,0,0,0,0.203006
192496000000,/,drone2,28,1,"container2",world,12.6719,3.279,0,0.0885719,0,0,0,0.0885719,0,0,0,0.207308
192496000000,/,drone1,29,0,"container1",world,10.8261,-5.22521,0,0.087957,0,0,0,0.087957,0,0,0,0.202719
192588000000,/,drone3,26,2,"container3",world,10.9741,10.4608,0,0.0882564,0,0,0,0.0882564,0,0,0,0.20323
192588000000,/,drone2,28,1,"container2",world,12.6698,3.27065,0,0.0881858,0,0,0,0.0881858,0,0,0,0.205127
192588000000,/,drone1,29,0,"container1",world,10.8186,-5.22129,0,0.0875905,0,0,0,0.0875905,0,0,0,0.202054
192656000000,/,drone3,26,2,"container3",world,10.973,10.4604,0,0.088319,0,0,0,0.088319,0,0,0,0.203341
192656000000,/,drone2,28,1,"container2",world,12.6688,3.26421,0,0.0882859,0,0,0,0.0882859,0,0,0,0.204116
192656000000,/,drone1,29,0,"container1",world,10.8065,-5.2151,0,0.0876882,0,0,0,0.0876882,0,0,0,0.202217
192736000000,/,drone3,26,2,"container3",world,10.9591,10.4525,0,0.09115,0,0,0,0.09115,0,0,0,0.20887
192736000000,/,drone2,28,1,"container2",world,12.6685,3.25918,0,0.0884373,0,0,0,0.0884373,0,0,0,0.20363
192736000000,/,drone1,29,0,"container1",world,10.7963,-5.20913,0,0.0879762,0,0,0,0.0879762,0,0,0,0.202738
192800000000,/,drone3,26,2,"container3",world,10.9503,10.4467,0,0.0916013,0,0,0,0.0916013,0,0,0,0.21007
192800000000,/,drone2,28,1,"container2",world,12.6667,3.25786,0,0.0886587,0,0,0,0.0886587,0,0,0,0.203666
192800000000,/,drone1,29,0,"container1",world,10.7869,-5.20625,0,0.0882853,0,0,0,0.0882853,0,0,0,0.203287
192872000000,/,drone3,26,2,"container3",world,10.9428,10.4418,0,0.0915563,0,0,0,0.0915563,0,0,0,0.210314
192872000000,/,drone2,28,1,"container2",world,12.6636,3.25437,0,0.0885917,0,0,0,0.0885917,0,0,0,0.203413
192872000000,/,drone1,29,0,"container1",world,10.7805,-5.20409,0,0.0879856,0,0,0,0.0879856,0,0,0,0.202767
192900000000,/,drone3,26,2,"container3",world,10.9352,10.4367,0,0.090646,0,0,0,0.090646,0,0,0,0.20892
192900000000,/,drone2,28,1,"container2",world,12.6574,3.25281,0,0.0882193,0,0,0,0.0882193,0,0,0,0.202712
192900000000,/,drone1,29,0,"container1",world,10.7764,-5.20187,0,0.0876003,0,0,0,0.0876003,0,0,0,0.20207
192972000000,/,drone3,26,2,"container3",world,10.9313,10.4341,0,0.0901792,0,0,0,0.0901792,0,0,0,0.208202
192972000000,/,drone2,28,1,"container2",world,12.6551,3.25146,0,0.0883729,0,0,0,0.0883729,0,0,0,0.203027
192972000000,/,drone1,29,0,"container1",world,10.7727,-5.20009,0,0.0878581,0,0,0,0.0878581,0,0,0,0.202521
193000000000,/,drone3,26,2,"container3",world,10.9293,10.4328,0,0.0899428,0,0,0,0.0899428,0,0,0,0.207837
193000000000,/,drone2,28,1,"container2",world,12.6541,3.24948,0,0.0882926,0,0,0,0.0882926,0,0,0,0.202936
193000000000,/,drone1,29,0,"container1",world,10.7709,-5.19917,0,0.0877566,0,0,0,0.0877566,0,0,0,0.202336
193052000000,/,drone3,26,2,"container3",world,10.9283,10.4321,0,0.0898238,0,0,0,0.0898238,0,0,0,0.207653
193052000000,/,drone2,28,1,"container2",world,12.6524,3.24788,0,0.0884781,0,0,0,0.0884781,0,0,0,0.203389
193052000000,/,drone1,29,0,"container1",world,10.7683,-5.1978,0,0.0880545,0,0,0,0.0880545,0,0,0,0.202875
193100000000,/,drone3,26,2,"container3",world,10.9278,10.4318,0,0.089764,0,0,0,0.089764,0,0,0,0.207561
193100000000,/,drone2,28,1,"container2",world,12.6506,3.24377,0,0.088259,0,0,0,0.088259,0,0,0,0.203143
193100000000,/,drone1,29,0,"container1",world,10.7664,-5.19531,0,0.0878927,0,0,0,0.0878927,0,0,0,0.202592
193152000000,/,drone3,26,2,"container3",world,10.9181,10.4241,0,0.0964852,0,0,0,0.0964852,0,0,0,0.22031
193152000000,/,drone2,28,1,"container2",world,12.6472,3.22125,0,0.0915756,0,0,0,0.0915756,0,0,0,0.209864
193152000000,/,drone1,29,0,"container1",world,10.7644,-5.19702,0,0.0881334,0,0,0,0.0881334,0,0,0,0.203024
193200000000,/,drone3,26,2,"container3",world,10.913,10.4197,0,0.098267,0,0,0,0.098267,0,0,0,0.223949
193200000000,/,drone2,28,1,"container2",world,12.6432,3.21633,0,0.0916278,0,0,0,0.0916278,0,0,0,0.210338
193200000000,/,drone1,29,0,"container1",world,10.7628,-5.19497,0,0.0879475,0,0,0,0.0879475,0,0,0,0.202701
193252000000,/,drone3,26,2,"container3",world,10.9081,10.4153,0,0.0975067,0,0,0,0.0975067,0,0,0,0.223109
193252000000,/,drone2,28,1,"container2",world,12.6372,3.21917,0,0.090788,0,0,0,0.090788,0,0,0,0.209074
193252000000,/,drone1,29,0,"container1",world,10.7605,-5.19456,0,0.0876398,0,0,0,0.0876398,0,0,0,0.202144
193300000000,/,drone3,26,2,"container3",world,10.9045,10.4121,0,0.0964612,0,0,0,0.0964612,0,0,0,0.221583
193300000000,/,drone2,28,1,"container2",world,12.6324,3.22051,0,0.0904775,0,0,0,0.0904775,0,0,0,0.208673
193300000000,/,drone1,29,0,"container1",world,10.7566,-5.1916,0,0.0880507,0,0,0,0.0880507,0,0,0,0.20286
193348000000,/,drone3,26,2,"container3",world,10.9002,10.4085,0,0.0952207,0,0,0,0.0952207,0,0,0,0.219612
193348000000,/,drone2,28,1,"container2",world,12.6282,3.22163,0,0.0899978,0,0,0,0.0899978,0,0,0,0.20792
193348000000,/,drone1,29,0,"container1",world,10.7539,-5.18956,0,0.0879703,0,0,0,0.0879703,0,0,0,0.202718
193384000000,/,drone3,26,2,"container3",world,10.8974,10.4058,0,0.0940753,0,0,0,0.0940753,0,0,0,0.21768
193384000000,/,drone2,28,1,"container2",world,12.6257,3.22184,0,0.0895243,0,0,0,0.0895243,0,0,0,0.207124
193384000000,/,drone1,29,0,"container1",world,10.75,-5.18707,0,0.0881338,0,0,0,0.0881338,0,0,0,0.203005
193424000000,/,drone3,26,2,"container3",world,10.8949,10.4032,0,0.0934743,0,0,0,0.0934743,0,0,0,0.216635
193424000000,/,drone2,28,1,"container2",world,12.6234,3.22187,0,0.089764,0,0,0,0.089764,0,0,0,0.207586
193424000000,/,drone1,29,0,"container1",world,10.7489,-5.18654,0,0.088347,0,0,0,0.088347,0,0,0,0.203383
193480000000,/,drone3,26,2,"container3",world,10.8918,10.3994,0,0.0923316,0,0,0,0.0923316,0,0,0,0.214506
193480000000,/,drone2,28,1,"container2",world,12.6184,3.22223,0,0.0891674,0,0,0,0.0891674,0,0,0,0.20654
193480000000,/,drone1,29,0,"container1",world,10.7422,-5.18834,0,0.0879119,0,0,0,0.0879119,0,0,0,0.202622
193512000000,/,drone3,26,2,"container3",world,10.8892,10.3959,0,0.0913936,0,0,0,0.0913936,0,0,0,0.212704
193512000000,/,drone2,28,1,"container2",world,12.6151,3.2224,0,0.0887383,0,0,0,0.0887383,0,0,0,0.205759
193512000000,/,drone1,29,0,"container1",world,10.7397,-5.18707,0,0.087747,0,0,0,0.087747,0,0,0,0.20233
193560000000,/,drone3,26,2,"container3",world,10.8851,10.3909,0,0.0907263,0,0,0,0.0907263,0,0,0,0.211269
193560000000,/,drone2,28,1,"container2",world,12.6098,3.22227,0,0.0887674,0,0,0,0.0887674,0,0,0,0.205768
193560000000,/,drone1,29,0,"container1",world,10.733,-5.18762,0,0.088031,0,0,0,0.088031,0,0,0,0.202844
193600000000,/,drone3,26,2,"container3",world,10.8817,10.3869,0,0.0901081,0,0,0,0.0901081,0,0,0,0.209941
193600000000,/,drone2,28,1,"container2",world,12.6067,3.22215,0,0.0885188,0,0,0,0.0885188,0,0,0,0.205281
193600000000,/,drone1,29,0,"container1",world,10.7289,-5.18815,0,0.0879217,0,0,0,0.0879217,0,0,0,0.202655
193656000000,/,drone3,26,2,"container3",world,10.8787,10.3833,0,0.0895486,0,0,0,0.0895486,0,0,0,0.20872
193656000000,/,drone2,28,1,"container2",world,12.6036,3.2211,0,0.0881171,0,0,0,0.0881171,0,0,0,0.204503
193656000000,/,drone1,29,0,"container1",world,10.7221,-5.18937,0,0.087584,0,0,0,0.087584,0,0,0,0.20204
193700000000,/,drone3,26,2,"container3",world,10.8772,10.3815,0,0.0892638,0,0,0,0.0892638,0,0,0,0.208097
193700000000,/,drone2,28,1,"container2",world,12.6016,3.22176,0,0.088359,0,0,0,0.088359,0,0,0,0.204914
193700000000,/,drone1,29,0,"container1",world,10.7178,-5.19011,0,0.0880369,0,0,0,0.0880369,0,0,0,0.202834
193744000000,/,drone3,26,2,"container3",world,10.8765,10.3806,0,0.08912,0,0,0,0.08912,0,0,0,0.207783
193744000000,/,drone2,28,1,"container2",world,12.6,3.22069,0,0.0882866,0,0,0,0.0882866,0,0,0,0.204779
193744000000,/,drone1,29,0,"container1",world,10.7147,-5.19096,0,0.0879667,0,0,0,0.0879667,0,0,0,0.20271
193800000000,/,drone3,26,2,"container3",world,10.8761,10.3802,0,0.0890478,0,0,0,0.0890478,0,0,0,0.207625
193800000000,/,drone2,28,1,"container2",world,12.5984,3.21898,0,0.0881484,0,0,0,0.0881484,0,0,0,0.204523
193800000000,/,drone1,29,0,"container1",world,10.7097,-5.1921,0,0.0881329,0,0,0,0.0881329,0,0,0,0.203003
193844000000,/,drone3,26,2,"container3",world,10.8759,10.3799,0,0.0890116,0,0,0,0.0890116,0,0,0,0.207546
193844000000,/,drone2,28,1,"container2",world,12.5967,3.2188,0,0.0884503,0,0,0,0.0884503,0,0,0,0.20505
193844000000,/,drone1,29,0,"container1",world,10.7081,-5.19477,0,0.0882142,0,0,0,0.0882142,0,0,0,0.203154
193888000000,/,drone3,26,2,"container3",world,10.8758,10.3798,0,0.0889935,0,0,0,0.0889935,0,0,0,0.207507
193888000000,/,drone2,28,1,"container2",world,12.5935,3.2158,0,0.0882563,0,0,0,0.0882563,0,0,0,0.204687
193888000000,/,drone1,29,0,"container1",world,10.7067,-5.19437,0,0.0879873,0,0,0,0.0879873,0,0,0,0.202759
193944000000,/,drone3,26,2,"container3",world,10.8731,10.3675,0,0.0920554,0,0,0,0.0920554,0,0,0,0.21239
193944000000,/,drone2,28,1,"container2",world,12.5849,3.2152,0,0.087903,0,0,0,0.087903,0,0,0,0.203694
193944000000,/,drone1,29,0,"container1",world,10.7043,-5.1948,0,0.0881155,0,0,0,0.0881155,0,0,0,0.202985
193996000000,/,drone3,26,2,"container3",world,10.8715,10.3599,0,0.0929331,0,0,0,0.0929331,0,0,0,0.213752
193996000000,/,drone2,28,1,"container2",world,12.5806,3.21267,0,0.087988,0,0,0,0.087988,0,0,0,0.203648
193996000000,/,drone1,29,0,"container1",world,10.7055,-5.19536,0,0.0879429,0,0,0,0.0879429,0,0,0,0.20269
194036000000,/,drone3,26,2,"container3",world,10.8706,10.3555,0,0.0929125,0,0,0,0.0929125,0,0,0,0.213642
194036000000,/,drone2,28,1,"container2",world,12.5775,3.21279,0,0.0879457,0,0,0,0.0879457,0,0,0,0.203495
194036000000,/,drone1,29,0,"container1",world,10.7058,-5.1955,0,0.0878995,0,0,0,0.0878995,0,0,0,0.202615
194076000000,/,drone3,26,2,"container3",world,10.8697,10.3527,0,0.0925028,0,0,0,0.0925028,0,0,0,0.212888
194076000000,/,drone2,28,1,"container2",world,12.5701,3.21136,0,0.0876631,0,0,0,0.0876631,0,0,0,0.202895
194076000000,/,drone1,29,0,"container1",world,10.7074,-5.19529,0,0.0875784,0,0,0,0.0875784,0,0,0,0.20203
194124000000,/,drone3,26,2,"container3",world,10.8693,10.3512,0,0.0922955,0,0,0,0.0922955,0,0,0,0.212506
194124000000,/,drone2,28,1,"container2",world,12.5654,3.2118,0,0.0879477,0,0,0,0.0879477,0,0,0,0.203355
194124000000,/,drone1,29,0,"container1",world,10.7087,-5.19514,0,0.0880355,0,0,0,0.0880355,0,0,0,0.202831
194176000000,/,drone3,26,2,"container3",world,10.869,10.3505,0,0.0921912,0,0,0,0.0921912,0,0,0,0.212313
194176000000,/,drone2,28,1,"container2",world,12.5591,3.21036,0,0.0877797,0,0,0,0.0877797,0,0,0,0.203006
194176000000,/,drone1,29,0,"container1",world,10.7113,-5.19474,0,0.0878011,0,0,0,0.0878011,0,0,0,0.202412
194208000000,/,drone3,26,2,"container3",world,10.8689,10.3502,0,0.0921389,0,0,0,0.0921389,0,0,0,0.212217
194208000000,/,drone2,28,1,"container2",world,12.5546,3.21061,0,0.0880853,0,0,0,0.0880853,0,0,0,0.203519
194208000000,/,drone1,29,0,"container1",world,10.7126,-5.19399,0,0.0882649,0,0,0,0.0882649,0,0,0,0.203236
194272000000,/,drone3,26,2,"container3",world,10.8685,10.344,0,0.090907,0,0,0,0.090907,0,0,0,0.209881
194272000000,/,drone2,28,1,"container2",world,12.5353,3.2095,0,0.0879684,0,0,0,0.0879684,0,0,0,0.20315
194272000000,/,drone1,29,0,"container1",world,10.7154,-5.19229,0,0.0880001,0,0,0,0.0880001,0,0,0,0.20278
194304000000,/,drone3,26,2,"container3",world,10.868,10.3401,0,0.0900453,0,0,0,0.0900453,0,0,0,0.208227
194304000000,/,drone2,28,1,"container2",world,12.5255,3.20884,0,0.087775,0,0,0,0.087775,0,0,0,0.202735
194304000000,/,drone1,29,0,"container1",world,10.7175,-5.19116,0,0.0877692,0,0,0,0.0877692,0,0,0,0.202369
194372000000,/,drone3,26,2,"container3",world,10.8674,10.3374,0,0.0898441,0,0,0,0.0898441,0,0,0,0.207759
194372000000,/,drone2,28,1,"container2",world,12.5179,3.20826,0,0.0882508,0,0,0,0.0882508,0,0,0,0.203537
194372000000,/,drone1,29,0,"container1",world,10.7193,-5.19058,0,0.0882347,0,0,0,0.0882347,0,0,0,0.203196
194400000000,/,drone3,26,2,"container3",world,10.8665,10.3347,0,0.0893239,0,0,0,0.0893239,0,0,0,0.206694
194400000000,/,drone2,28,1,"container2",world,12.508,3.20615,0,0.0879926,0,0,0,0.0879926,0,0,0,0.203036
194400000000,/,drone1,29,0,"container1",world,10.7213,-5.19014,0,0.087973,0,0,0,0.087973,0,0,0,0.202742
194464000000,/,drone3,26,2,"container3",world,10.8657,10.3325,0,0.0888838,0,0,0,0.0888838,0,0,0,0.205789
194464000000,/,drone2,28,1,"container2",world,12.5022,3.20435,0,0.0877653,0,0,0,0.0877653,0,0,0,0.202597
194464000000,/,drone1,29,0,"container1",world,10.7227,-5.18999,0,0.0876462,0,0,0,0.0876462,0,0,0,0.202153
194500000000,/,drone3,26,2,"container3",world,10.8652,10.3296,0,0.0888078,0,0,0,0.0888078,0,0,0,0.205484
194500000000,/,drone2,28,1,"container2",world,12.4949,3.20125,0,0.0880992,0,0,0,0.0880992,0,0,0,0.203132
194500000000,/,drone1,29,0,"container1",world,10.7222,-5.18888,0,0.0880522,0,0,0,0.0880522,0,0,0,0.202861
194556000000,/,drone3,26,2,"container3",world,10.8649,10.3273,0,0.0886051,0,0,0,0.0886051,0,0,0,0.204995
194556000000,/,drone2,28,1,"container2",world,12.4905,3.1994,0,0.0880003,0,0,0,0.0880003,0,0,0,0.202931
194556000000,/,drone1,29,0,"container1",world,10.7218,-5.18832,0,0.0879706,0,0,0,0.0879706,0,0,0,0.202716
194600000000,/,drone3,26,2,"container3",world,10.8648,10.3246,0,0.0886711,0,0,0,0.0886711,0,0,0,0.204958
194600000000,/,drone2,28,1,"container2",world,12.4847,3.19803,0,0.0883327,0,0,0,0.0883327,0,0,0,0.20349
194600000000,/,drone1,29,0,"container1",world,10.7223,-5.18732,0,0.0883066,0,0,0,0.0883066,0,0,0,0.20331
194656000000,/,drone3,26,2,"container3",world,10.8646,10.3227,0,0.0885457,0,0,0,0.0885457,0,0,0,0.204625
194656000000,/,drone2,28,1,"container2",world,12.4807,3.19757,0,0.0882165,0,0,0,0.0882165,0,0,0,0.203277
194656000000,/,drone1,29,0,"container1",world,10.7245,-5.18663,0,0.0881913,0,0,0,0.0881913,0,0,0,0.203116
194700000000,/,drone3,26,2,"container3",world,10.8645,10.3217,0,0.0884827,0,0,0,0.0884827,0,0,0,0.204457
194700000000,/,drone2,28,1,"container2",world,12.4756,3.19677,0,0.0879582,0,0,0,0.0879582,0,0,0,0.202796
194700000000,/,drone1,29,0,"container1",world,10.7283,-5.18509,0,0.0878176,0,0,0,0.0878176,0,0,0,0.202454
194768000000,/,drone3,26,2,"container3",world,10.8645,10.3212,0,0.0884511,0,0,0,0.0884511,0,0,0,0.204373
194768000000,/,drone2,28,1,"container2",world,12.4718,3.19833,0,0.088241,0,0,0,0.088241,0,0,0,0.203284
194768000000,/,drone1,29,0,"container1",world,10.7291,-5.18512,0,0.087899,0,0,0,0.087899,0,0,0,0.202599
194856000000,/,drone3,26,2,"container3",world,10.8644,10.3209,0,0.0884353,0,0,0,0.0884353,0,0,0,0.204331
194856000000,/,drone2,28,1,"container2",world,12.4673,3.19813,0,0.0880603,0,0,0,0.0880603,0,0,0,0.202951
194856000000,/,drone1,29,0,"container1",world,10.7277,-5.18379,0,0.0878886,0,0,0,0.0878886,0,0,0,0.202592
194932000000,/,drone3,26,2,"container3",world,10.8644,10.3208,0,0.0884274,0,0,0,0.0884274,0,0,0,0.20431
194932000000,/,drone2,28,1,"container2",world,12.4633,3.19688,0,0.0878095,0,0,0,0.0878095,0,0,0,0.202478
194932000000,/,drone1,29,0,"container1",world,10.7251,-5.18297,0,0.0875757,0,0,0,0.0875757,0,0,0,0.202024
195012000000,/,drone3,26,2,"container3",world,10.8597,10.3132,0,0.0914635,0,0,0,0.0914635,0,0,0,0.209821
195012000000,/,drone2,28,1,"container2",world,12.4539,3.18721,0,0.0894293,0,0,0,0.0894293,0,0,0,0.205624
195012000000,/,drone1,29,0,"container1",world,10.7242,-5.18113,0,0.0878519,0,0,0,0.0878519,0,0,0,0.202508
195100000000,/,drone3,26,2,"container3",world,10.8554,10.3084,0,0.0924478,0,0,0,0.0924478,0,0,0,0.211788
195100000000,/,drone2,28,1,"container2",world,12.4454,3.18496,0,0.0898462,0,0,0,0.0898462,0,0,0,0.20651
195100000000,/,drone1,29,0,"container1",world,10.7216,-5.17892,0,0.0882774,0,0,0,0.0882774,0,0,0,0.203259
195180000000,/,drone3,26,2,"container3",world,10.8505,10.3046,0,0.0917857,0,0,0,0.0917857,0,0,0,0.21089
195180000000,/,drone2,28,1,"container2",world,12.4366,3.18225,0,0.0890173,0,0,0,0.0890173,0,0,0,0.205149
195180000000,/,drone1,29,0,"container1",world,10.7186,-5.17467,0,0.0878395,0,0,0,0.0878395,0,0,0,0.202491
195256000000,/,drone3,26,2,"container3",world,10.8463,10.3019,0,0.0912712,0,0,0,0.0912712,0,0,0,0.210167
195256000000,/,drone2,28,1,"container2",world,12.4307,3.18021,0,0.0889357,0,0,0,0.0889357,0,0,0,0.205052
195256000000,/,drone1,29,0,"container1",world,10.7201,-5.1721,0,0.0879339,0,0,0,0.0879339,0,0,0,0.202672
195332000000,/,drone3,26,2,"container3",world,10.8429,10.2998,0,0.0906755,0,0,0,0.0906755,0,0,0,0.209191
195332000000,/,drone2,28,1,"container2",world,12.4269,3.18059,0,0.0888758,0,0,0,0.0888758,0,0,0,0.204933
195332000000,/,drone1,29,0,"container1",world,10.7195,-5.16902,0,0.088258,0,0,0,0.088258,0,0,0,0.203245
195400000000,/,drone3,26,2,"container3",world,10.8397,10.299,0,0.0901236,0,0,0,0.0901236,0,0,0,0.208237
195400000000,/,drone2,28,1,"container2",world,12.4239,3.18155,0,0.0884922,0,0,0,0.0884922,0,0,0,0.204244
195400000000,/,drone1,29,0,"container1",world,10.7175,-5.16579,0,0.0882143,0,0,0,0.0882143,0,0,0,0.20317
195496000000,/,drone3,26,2,"container3",world,10.8365,10.2988,0,0.0892482,0,0,0,0.0892482,0,0,0,0.206593
195496000000,/,drone2,28,1,"container2",world,12.4196,3.18407,0,0.088251,0,0,0,0.088251,0,0,0,0.20373
195496000000,/,drone1,29,0,"container1",world,10.7169,-5.16373,0,0.0882791,0,0,0,0.0882791,0,0,0,0.203277
195580000000,/,drone3,26,2,"container3",world,10.8381,10.2988,0,0.0887399,0,0,0,0.0887399,0,0,0,0.205519
195580000000,/,drone2,28,1,"container2",world,12.4174,3.18386,0,0.0879437,0,0,0,0.0879437,0,0,0,0.203097
195580000000,/,drone1,29,0,"container1",world,10.7201,-5.16397,0,0.0878539,0,0,0,0.0878539,0,0,0,0.20251
195660000000,/,drone3,26,2,"container3",world,10.8413,10.2995,0,0.0884597,0,0,0,0.0884597,0,0,0,0.204813
195660000000,/,drone2,28,1,"container2",world,12.4208,3.18292,0,0.0879598,0,0,0,0.0879598,0,0,0,0.203047
195660000000,/,drone1,29,0,"container1",world,10.7218,-5.1621,0,0.0878906,0,0,0,0.0878906,0,0,0,0.202584
195724000000,/,drone3,26,2,"container3",world,10.8429,10.2998,0,0.0883182,0,0,0,0.0883182,0,0,0,0.204457
195724000000,/,drone2,28,1,"container2",world,12.4219,3.18134,0,0.0882033,0,0,0,0.0882033,0,0,0,0.203456
195724000000,/,drone1,29,0,"container1",world,10.7214,-5.16025,0,0.0881283,0,0,0,0.0881283,0,0,0,0.20301
195800000000,/,drone3,26,2,"container3",world,10.8437,10.3006,0,0.0880335,0,0,0,0.0880335,0,0,0,0.203703
195800000000,/,drone2,28,1,"container2",world,12.4305,3.05873,0,0.0878705,0,0,0,0.0878705,0,0,0,0.202896
195800000000,/,drone1,29,0,"container1",world,10.7202,-5.15853,0,0.0879425,0,0,0,0.0879425,0,0,0,0.202687
195880000000,/,drone3,26,2,"container3",world,10.8439,10.3012,0,0.0877832,0,0,0,0.0877832,0,0,0,0.203091
195880000000,/,drone2,28,1,"container2",world,12.4299,3.14518,0,0.0875742,0,0,0,0.0875742,0,0,0,0.202217
195880000000,/,drone1,29,0,"container1",world,10.7181,-5.15526,0,0.0879457,0,0,0,0.0879457,0,0,0,0.202673
195976000000,/,drone3,26,2,"container3",world,10.8412,10.3018,0,0.0877672,0,0,0,0.0877672,0,0,0,0.202885
195976000000,/,drone2,28,1,"container2",world,12.4325,3.16456,0,0.0876849,0,0,0,0.0876849,0,0,0,0.202325
195976000000,/,drone1,29,0,"container1",world,10.7166,-5.1542,0,0.087777,0,0,0,0.087777,0,0,0,0.202367
196048000000,/,drone3,26,2,"container3",world,10.8358,10.3022,0,0.0879715,0,0,0,0.0879715,0,0,0,0.203119
196048000000,/,drone2,28,1,"container2",world,12.4358,3.16739,0,0.0879154,0,0,0,0.0879154,0,0,0,0.202703
196048000000,/,drone1,29,0,"container1",world,10.7171,-5.15304,0,0.087877,0,0,0,0.087877,0,0,0,0.202558
196116000000,/,drone3,26,2,"container3",world,10.8306,10.3021,0,0.0878424,0,0,0,0.0878424,0,0,0,0.202786
196116000000,/,drone2,28,1,"container2",world,12.4393,3.1685,0,0.0880985,0,0,0,0.0880985,0,0,0,0.202999
196116000000,/,drone1,29,0,"container1",world,10.7185,-5.15229,0,0.0882608,0,0,0,0.0882608,0,0,0,0.203239
196200000000,/,drone3,26,2,"container3",world,10.8254,10.3017,0,0.0879958,0,0,0,0.0879958,0,0,0,0.202982
196200000000,/,drone2,28,1,"container2",world,12.4427,3.16684,0,0.0880014,0,0,0,0.0880014,0,0,0,0.202817
196200000000,/,drone1,29,0,"container1",world,10.7253,-5.15121,0,0.0878712,0,0,0,0.0878712,0,0,0,0.202556
196284000000,/,drone3,26,2,"container3",world,10.8203,10.3011,0,0.087749,0,0,0,0.087749,0,0,0,0.202466
196284000000,/,drone2,28,1,"container2",world,12.4466,3.16575,0,0.0876094,0,0,0,0.0876094,0,0,0,0.202089
196284000000,/,drone1,29,0,"container1",world,10.729,-5.15086,0,0.0875712,0,0,0,0.0875712,0,0,0,0.202013
196352000000,/,drone3,26,2,"container3",world,10.8131,10.3007,0,0.0877533,0,0,0,0.0877533,0,0,0,0.202412
196352000000,/,drone2,28,1,"container2",world,12.4482,3.16511,0,0.0877016,0,0,0,0.0877016,0,0,0,0.202232
196352000000,/,drone1,29,0,"container1",world,10.7342,-5.14905,0,0.0876848,0,0,0,0.0876848,0,0,0,0.202206
196416000000,/,drone3,26,2,"container3",world,10.8055,10.3006,0,0.087973,0,0,0,0.087973,0,0,0,0.202773
196416000000,/,drone2,28,1,"container2",world,12.4495,3.16532,0,0.0879282,0,0,0,0.0879282,0,0,0,0.202641
196416000000,/,drone1,29,0,"container1",world,10.7382,-5.14622,0,0.087855,0,0,0,0.087855,0,0,0,0.202521
196500000000,/,drone3,26,2,"container3",world,10.7984,10.3008,0,0.0882015,0,0,0,0.0882015,0,0,0,0.20316
196500000000,/,drone2,28,1,"container2",world,12.4508,3.16647,0,0.088283,0,0,0,0.088283,0,0,0,0.20327
196500000000,/,drone1,29,0,"container1",world,10.7403,-5.14493,0,0.0882559,0,0,0,0.0882559,0,0,0,0.203232
196596000000,/,drone3,26,2,"container3",world,10.7967,10.3011,0,0.0880632,0,0,0,0.0880632,0,0,0,0.202914
196596000000,/,drone2,28,1,"container2",world,12.4511,3.16744,0,0.0879941,0,0,0,0.0879941,0,0,0,0.202771
196596000000,/,drone1,29,0,"container1",world,10.7418,-5.143,0,0.0879785,0,0,0,0.0879785,0,0,0,0.202752
196680000000,/,drone3,26,2,"container3",world,10.7954,10.302,0,0.0881432,0,0,0,0.0881432,0,0,0,0.203044
196680000000,/,drone2,28,1,"container2",world,12.4554,3.17024,0,0.0881468,0,0,0,0.0881468,0,0,0,0.203026
196680000000,/,drone1,29,0,"container1",world,10.7445,-5.13999,0,0.0881344,0,0,0,0.0881344,0,0,0,0.203009
196772000000,/,drone3,26,2,"container3",world,10.7941,10.3034,0,0.0879507,0,0,0,0.0879507,0,0,0,0.2027
196772000000,/,drone2,28,1,"container2",world,12.4594,3.17496,0,0.0881855,0,0,0,0.0881855,0,0,0,0.203094
196772000000,/,drone1,29,0,"container1",world,10.7491,-5.13734,0,0.0883471,0,0,0,0.0883471,0,0,0,0.203383
196844000000,/,drone3,26,2,"container3",world,10.794,10.3051,0,0.0880677,0,0,0,0.0880677,0,0,0,0.202918
196844000000,/,drone2,28,1,"container2",world,12.4619,3.17674,0,0.0880478,0,0,0,0.0880478,0,0,0,0.202865
196844000000,/,drone1,29,0,"container1",world,10.7539,-5.13574,0,0.088021,0,0,0,0.088021,0,0,0,0.202817
196912000000,/,drone3,26,2,"container3",world,10.8004,10.3087,0,0.0882417,0,0,0,0.0882417,0,0,0,0.203236
196912000000,/,drone2,28,1,"container2",world,12.4638,3.17937,0,0.0883095,0,0,0,0.0883095,0,0,0,0.203334
196912000000,/,drone1,29,0,"container1",world,10.7602,-5.13329,0,0.088165,0,0,0,0.088165,0,0,0,0.203078
197000000000,/,drone3,26,2,"container3",world,10.8086,10.313,0,0.0880754,0,0,0,0.0880754,0,0,0,0.202956
197000000000,/,drone2,28,1,"container2",world,12.463,3.18031,0,0.0882487,0,0,0,0.0882487,0,0,0,0.203233
197000000000,/,drone1,29,0,"container1",world,10.7644,-5.1306,0,0.0879739,0,0,0,0.0879739,0,0,0,0.202739
197100000000,/,drone3,26,2,"container3",world,10.8166,10.3183,0,0.08814,0,0,0,0.08814,0,0,0,0.203066
197100000000,/,drone2,28,1,"container2",world,12.4648,3.18511,0,0.0882059,0,0,0,0.0882059,0,0,0,0.203146
197100000000,/,drone1,29,0,"container1",world,10.7697,-5.13093,0,0.0881332,0,0,0,0.0881332,0,0,0,0.203006
197176000000,/,drone3,26,2,"container3",world,10.8222,10.3249,0,0.0882862,0,0,0,0.0882862,0,0,0,0.203325
197176000000,/,drone2,28,1,"container2",world,12.467,3.19116,0,0.088368,0,0,0,0.088368,0,0,0,0.203433
197176000000,/,drone1,29,0,"container1",world,10.7695,-5.12864,0,0.0883467,0,0,0,0.0883467,0,0,0,0.203382
197256000000,/,drone3,26,2,"container3",world,10.8264,10.3304,0,0.088105,0,0,0,0.088105,0,0,0,0.203013
197256000000,/,drone2,28,1,"container2",world,12.4702,3.19797,0,0.0879198,0,0,0,0.0879198,0,0,0,0.202649
197256000000,/,drone1,29,0,"container1",world,10.7686,-5.12552,0,0.0878571,0,0,0,0.0878571,0,0,0,0.202522
197336000000,/,drone3,26,2,"container3",world,10.8295,10.3354,0,0.0882515,0,0,0,0.0882515,0,0,0,0.203275
197336000000,/,drone2,28,1,"container2",world,12.4735,3.20311,0,0.088142,0,0,0,0.088142,0,0,0,0.203052
197336000000,/,drone1,29,0,"container1",world,10.7674,-5.12245,0,0.0880582,0,0,0,0.0880582,0,0,0,0.202891
197408000000,/,drone3,26,2,"container3",world,10.832,10.3408,0,0.0879643,0,0,0,0.0879643,0,0,0,0.202769
197408000000,/,drone2,28,1,"container2",world,12.4791,3.20796,0,0.0877883,0,0,0,0.0877883,0,0,0,0.202426
197408000000,/,drone1,29,0,"container1",world,10.7716,-5.12017,0,0.0877657,0,0,0,0.0877657,0,0,0,0.202372
197500000000,/,drone3,26,2,"container3",world,10.8333,10.3435,0,0.0878195,0,0,0,0.0878195,0,0,0,0.202514
197500000000,/,drone2,28,1,"container2",world,12.4821,3.21532,0,0.0879594,0,0,0,0.0879594,0,0,0,0.202718
197500000000,/,drone1,29,0,"container1",world,10.7751,-5.11798,0,0.0880816,0,0,0,0.0880816,0,0,0,0.202915
197572000000,/,drone3,26,2,"container3",world,10.8375,10.3496,0,0.0962525,0,0,0,0.0962525,0,0,0,0.218057
197572000000,/,drone2,28,1,"container2",world,12.5119,3.22032,0,0.0883045,0,0,0,0.0883045,0,0,0,0.203322
197572000000,/,drone1,29,0,"container1",world,10.784,-5.11555,0,0.088334,0,0,0,0.088334,0,0,0,0.203359
197668000000,/,drone3,26,2,"container3",world,10.8415,10.3534,0,0.0976799,0,0,0,0.0976799,0,0,0,0.221292
197668000000,/,drone2,28,1,"container2",world,12.5307,3.22379,0,0.0880106,0,0,0,0.0880106,0,0,0,0.202811
197668000000,/,drone1,29,0,"container1",world,10.7923,-5.11321,0,0.0879086,0,0,0,0.0879086,0,0,0,0.202615
197740000000,/,drone3,26,2,"container3",world,10.8454,10.3567,0,0.0967115,0,0,0,0.0967115,0,0,0,0.22044
197740000000,/,drone2,28,1,"container2",world,12.5499,3.22785,0,0.0880966,0,0,0,0.0880966,0,0,0,0.202971
197740000000,/,drone1,29,0,"container1",world,10.7954,-5.11403,0,0.088071,0,0,0,0.088071,0,0,0,0.202914
197804000000,/,drone3,26,2,"container3",world,10.8476,10.3602,0,0.0951153,0,0,0,0.0951153,0,0,0,0.218201
197804000000,/,drone2,28,1,"container2",world,12.557,3.23149,0,0.0877756,0,0,0,0.0877756,0,0,0,0.202399
197804000000,/,drone1,29,0,"container1",world,10.7999,-5.11577,0,0.087671,0,0,0,0.087671,0,0,0,0.202196
197900000000,/,drone3,26,2,"container3",world,10.8476,10.3635,0,0.0938409,0,0,0,0.0938409,0,0,0,0.216278
197900000000,/,drone2,28,1,"container2",world,12.5592,3.23587,0,0.0880842,0,0,0,0.0880842,0,0,0,0.202928
197900000000,/,drone1,29,0,"container1",world,10.8036,-5.11727,0,0.0879366,0,0,0,0.0879366,0,0,0,0.202658
197968000000,/,drone3,26,2,"container3",world,10.847,10.3675,0,0.092508,0,0,0,0.092508,0,0,0,0.214005
197968000000,/,drone2,28,1,"container2",world,12.5649,3.23986,0,0.0883347,0,0,0,0.0883347,0,0,0,0.203367
197968000000,/,drone1,29,0,"container1",world,10.8073,-5.11971,0,0.0882982,0,0,0,0.0882982,0,0,0,0.203296
198032000000,/,drone3,26,2,"container3",world,10.8472,10.3711,0,0.0911934,0,0,0,0.0911934,0,0,0,0.211599
198032000000,/,drone2,28,1,"container2",world,12.5773,3.24245,0,0.0879088,0,0,0,0.0879088,0,0,0,0.202621
198032000000,/,drone1,29,0,"container1",world,10.8145,-5.12347,0,0.0878448,0,0,0,0.0878448,0,0,0,0.2025
198072000000,/,drone3,26,2,"container3",world,10.8488,10.3749,0,0.0904511,0,0,0,0.0904511,0,0,0,0.210083
198072000000,/,drone2,28,1,"container2",world,12.5824,3.24099,0,0.0879218,0,0,0,0.0879218,0,0,0,0.202644
198072000000,/,drone1,29,0,"container1",world,10.8167,-5.12164,0,0.0880802,0,0,0,0.0880802,0,0,0,0.20292
198132000000,/,drone3,26,2,"container3",world,10.8523,10.3787,0,0.0896117,0,0,0,0.0896117,0,0,0,0.208322
198132000000,/,drone2,28,1,"container2",world,12.5864,3.23981,0,0.0877979,0,0,0,0.0877979,0,0,0,0.202428
198132000000,/,drone1,29,0,"container1",world,10.8185,-5.12091,0,0.0878859,0,0,0,0.0878859,0,0,0,0.202584
198172000000,/,drone3,26,2,"container3",world,10.8578,10.3824,0,0.0888252,0,0,0,0.0888252,0,0,0,0.206596
198172000000,/,drone2,28,1,"container2",world,12.5898,3.23848,0,0.0876633,0,0,0,0.0876633,0,0,0,0.202184
198172000000,/,drone1,29,0,"container1",world,10.8202,-5.12083,0,0.0876303,0,0,0,0.0876303,0,0,0,0.202121
198216000000,/,drone3,26,2,"container3",world,10.863,10.3855,0,0.0887139,0,0,0,0.0887139,0,0,0,0.206134
198216000000,/,drone2,28,1,"container2",world,12.5929,3.23518,0,0.0878092,0,0,0,0.0878092,0,0,0,0.202439
198216000000,/,drone1,29,0,"container1",world,10.8218,-5.11835,0,0.087925,0,0,0,0.087925,0,0,0,0.202638
198276000000,/,drone3,26,2,"container3",world,10.8691,10.3885,0,0.0883397,0,0,0,0.0883397,0,0,0,0.205164
198276000000,/,drone2,28,1,"container2",world,12.6,3.29534,0,0.101287,0,0,0,0.101287,0,0,0,0.229341
198276000000,/,drone1,29,0,"container1",world,10.8473,-5.23856,0,0.101817,0,0,0,0.101817,0,0,0,0.229251
198328000000,/,drone3,26,2,"container3",world,10.8762,10.3908,0,0.088463,0,0,0,0.088463,0,0,0,0.205145
198328000000,/,drone2,28,1,"container2",world,12.6038,3.30126,0,0.102555,0,0,0,0.102555,0,0,0,0.232488
198328000000,/,drone1,29,0,"container1",world,10.8541,-5.24694,0,0.102688,0,0,0,0.102688,0,0,0,0.231475
198364000000,/,drone3,26,2,"container3",world,10.8847,10.3932,0,0.088228,0,0,0,0.088228,0,0,0,0.204467
198364000000,/,drone2,28,1,"container2",world,12.6086,3.29532,0,0.0996546,0,0,0,0.0996546,0,0,0,0.228103
198364000000,/,drone1,29,0,"container1",world,10.8599,-5.23428,0,0.0993093,0,0,0,0.0993093,0,0,0,0.226155
198400000000,/,drone3,26,2,"container3",world,10.8912,10.3952,0,0.0879863,0,0,0,0.0879863,0,0,0,0.203834
198400000000,/,drone2,28,1,"container2",world,12.6122,3.29056,0,0.0975843,0,0,0,0.0975843,0,0,0,0.224737
198400000000,/,drone1,29,0,"container1",world,10.8632,-5.22513,0,0.0970226,0,0,0,0.0970226,0,0,0,0.222356
198464000000,/,drone3,26,2,"container3",world,10.8972,10.3975,0,0.0882016,0,0,0,0.0882016,0,0,0,0.204048
198464000000,/,drone2,28,1,"container2",world,12.6148,3.28789,0,0.0971609,0,0,0,0.0971609,0,0,0,0.224042
198464000000,/,drone1,29,0,"container1",world,10.8632,-5.22043,0,0.0966618,0,0,0,0.0966618,0,0,0,0.221744
198500000000,/,drone3,26,2,"container3",world,10.9046,10.4008,0,0.0880466,0,0,0,0.0880466,0,0,0,0.203583
198500000000,/,drone2,28,1,"container2",world,12.6178,3.28788,0,0.0969662,0,0,0,0.0969662,0,0,0,0.22373
198500000000,/,drone1,29,0,"container1",world,10.862,-5.21988,0,0.0963919,0,0,0,0.0963919,0,0,0,0.221307
198564000000,/,drone3,26,2,"container3",world,10.9105,10.4034,0,0.0878585,0,0,0,0.0878585,0,0,0,0.203102
198564000000,/,drone2,28,1,"container2",world,12.6198,3.28805,0,0.0968798,0,0,0,0.0968798,0,0,0,0.223591
198564000000,/,drone1,29,0,"container1",world,10.8608,-5.22044,0,0.0962473,0,0,0,0.0962473,0,0,0,0.221071
198600000000,/,drone3,26,2,"container3",world,10.9152,10.4059,0,0.0881132,0,0,0,0.0881132,0,0,0,0.203433
198600000000,/,drone2,28,1,"container2",world,12.6284,3.30375,0,0.100251,0,0,0,0.100251,0,0,0,0.231162
198600000000,/,drone1,29,0,"container1",world,10.8746,-5.24908,0,0.0979285,0,0,0,0.0979285,0,0,0,0.225206
198660000000,/,drone3,26,2,"container3",world,10.9206,10.4094,0,0.0879932,0,0,0,0.0879932,0,0,0,0.203093
198660000000,/,drone2,28,1,"container2",world,12.6352,3.30412,0,0.09935,0,0,0,0.09935,0,0,0,0.229921
198660000000,/,drone1,29,0,"container1",world,10.8772,-5.24846,0,0.096854,0,0,0,0.096854,0,0,0,0.223483
198700000000,/,drone3,26,2,"container3",world,10.9246,10.4124,0,0.0878281,0,0,0,0.0878281,0,0,0,0.202703
198700000000,/,drone2,28,1,"container2",world,12.6431,3.2988,0,0.0965707,0,0,0,0.0965707,0,0,0,0.224843
198700000000,/,drone1,29,0,"container1",world,10.8759,-5.23615,0,0.094338,0,0,0,0.094338,0,0,0,0.218766
198796000000,/,drone3,26,2,"container3",world,10.9285,10.417,0,0.0880133,0,0,0,0.0880133,0,0,0,0.20292
198796000000,/,drone2,28,1,"container2",world,12.6507,3.29607,0,0.0954209,0,0,0,0.0954209,0,0,0,0.222595
198796000000,/,drone1,29,0,"container1",world,10.8735,-5.22776,0,0.0934658,0,0,0,0.0934658,0,0,0,0.216979
198860000000,/,drone3,26,2,"container3",world,10.9327,10.4219,0,0.0878818,0,0,0,0.0878818,0,0,0,0.202598
198860000000,/,drone2,28,1,"container2",world,12.661,3.29205,0,0.093315,0,0,0,0.093315,0,0,0,0.218365
198860000000,/,drone1,29,0,"container1",world,10.8704,-5.21573,0,0.0917573,0,0,0,0.0917573,0,0,0,0.21352
198924000000,/,drone3,26,2,"container3",world,10.9383,10.427,0,0.088039,0,0,0,0.088039,0,0,0,0.202818
198924000000,/,drone2,28,1,"container2",world,12.6746,3.28847,0,0.0914434,0,0,0,0.0914434,0,0,0,0.214166
198924000000,/,drone1,29,0,"container1",world,10.8666,-5.19998,0,0.0903364,0,0,0,0.0903364,0,0,0,0.210347
199000000000,/,drone3,26,2,"container3",world,10.943,10.4307,0,0.0879994,0,0,0,0.0879994,0,0,0,0.202715
199000000000,/,drone2,28,1,"container2",world,12.6847,3.28982,0,0.0904673,0,0,0,0.0904673,0,0,0,0.211692
199000000000,/,drone1,29,0,"container1",world,10.8643,-5.18961,0,0.0898413,0,0,0,0.0898413,0,0,0,0.20894
199076000000,/,drone3,26,2,"container3",world,10.9454,10.4326,0,0.0879796,0,0,0,0.0879796,0,0,0,0.202663
199076000000,/,drone2,28,1,"container2",world,12.69,3.29014,0,0.0898152,0,0,0,0.0898152,0,0,0,0.210081
199076000000,/,drone1,29,0,"container1",world,10.8653,-5.18364,0,0.0892243,0,0,0,0.0892243,0,0,0,0.207554
199156000000,/,drone3,26,2,"container3",world,10.9517,10.4367,0,0.0880839,0,0,0,0.0880839,0,0,0,0.202836
199156000000,/,drone2,28,1,"container2",world,12.7006,3.28945,0,0.0891242,0,0,0,0.0891242,0,0,0,0.208215
199156000000,/,drone1,29,0,"container1",world,10.8671,-5.17563,0,0.0883134,0,0,0,0.0883134,0,0,0,0.205365
199192000000,/,drone3,26,2,"container3",world,10.9627,10.4428,0,0.0909576,0,0,0,0.0909576,0,0,0,0.208438
199192000000,/,drone2,28,1,"container2",world,12.7131,3.29057,0,0.0888425,0,0,0,0.0888425,0,0,0,0.207555
199192000000,/,drone1,29,0,"container1",world,10.8706,-5.16979,0,0.0881658,0,0,0,0.0881658,0,0,0,0.204538
199252000000,/,drone3,26,2,"container3",world,10.9707,10.4478,0,0.0919238,0,0,0,0.0919238,0,0,0,0.210567
199252000000,/,drone2,28,1,"container2",world,12.7185,3.28977,0,0.0888854,0,0,0,0.0888854,0,0,0,0.207584
199252000000,/,drone1,29,0,"container1",world,10.8738,-5.16411,0,0.088364,0,0,0,0.088364,0,0,0,0.204742
199284000000,/,drone3,26,2,"container3",world,10.977,10.4528,0,0.0916375,0,0,0,0.0916375,0,0,0,0.210397
199284000000,/,drone2,28,1,"container2",world,12.7196,3.29114,0,0.0887749,0,0,0,0.0887749,0,0,0,0.207387
199284000000,/,drone1,29,0,"container1",world,10.8763,-5.16247,0,0.0882823,0,0,0,0.0882823,0,0,0,0.204569
199356000000,/,drone3,26,2,"container3",world,10.9802,10.4553,0,0.0914934,0,0,0,0.0914934,0,0,0,0.210312
199356000000,/,drone2,28,1,"container2",world,12.7199,3.29149,0,0.0887472,0,0,0,0.0887472,0,0,0,0.207338
199356000000,/,drone1,29,0,"container1",world,10.8769,-5.16206,0,0.0882618,0,0,0,0.0882618,0,0,0,0.204526
199388000000,/,drone3,26,2,"container3",world,10.9851,10.4607,0,0.0909581,0,0,0,0.0909581,0,0,0,0.209541
199388000000,/,drone2,28,1,"container2",world,12.7308,3.36813,0,0.1033,0,0,0,0.1033,0,0,0,0.2366
199388000000,/,drone1,29,0,"container1",world,10.8919,-5.19345,0,0.0901342,0,0,0,0.0901342,0,0,0,0.207472
199452000000,/,drone3,26,2,"container3",world,10.9881,10.4647,0,0.0904149,0,0,0,0.0904149,0,0,0,0.208673
199452000000,/,drone2,28,1,"container2",world,12.7355,3.37519,0,0.103611,0,0,0,0.103611,0,0,0,0.237775
199452000000,/,drone1,29,0,"container1",world,10.9033,-5.19452,0,0.0900666,0,0,0,0.0900666,0,0,0,0.207247
199492000000,/,drone3,26,2,"container3",world,10.9899,10.468,0,0.0898954,0,0,0,0.0898954,0,0,0,0.207791
199492000000,/,drone2,28,1,"container2",world,12.739,3.37266,0,0.101778,0,0,0,0.101778,0,0,0,0.234701
199492000000,/,drone1,29,0,"container1",world,10.9082,-5.1929,0,0.0896967,0,0,0,0.0896967,0,0,0,0.206538
199552000000,/,drone3,26,2,"container3",world,10.9908,10.471,0,0.0894136,0,0,0,0.0894136,0,0,0,0.206934
199552000000,/,drone2,28,1,"container2",world,12.7439,3.36634,0,0.0988437,0,0,0,0.0988437,0,0,0,0.229393
199552000000,/,drone1,29,0,"container1",world,10.9112,-5.18878,0,0.0897555,0,0,0,0.0897555,0,0,0,0.206575
199588000000,/,drone3,26,2,"container3",world,10.99,10.4752,0,0.089201,0,0,0,0.089201,0,0,0,0.206511
199588000000,/,drone2,28,1,"container2",world,12.7468,3.36047,0,0.0968895,0,0,0,0.0968895,0,0,0,0.225697
199588000000,/,drone1,29,0,"container1",world,10.9151,-5.18613,0,0.0893422,0,0,0,0.0893422,0,0,0,0.205812
199612000000,/,drone3,26,2,"container3",world,10.9884,10.4786,0,0.0889011,0,0,0,0.0889011,0,0,0,0.205922
199612000000,/,drone2,28,1,"container2",world,12.7506,3.35477,0,0.0948479,0,0,0,0.0948479,0,0,0,0.22161
199612000000,/,drone1,29,0,"container1",world,10.9169,-5.18258,0,0.0894626,0,0,0,0.0894626,0,0,0,0.205976
199664000000,/,drone3,26,2,"container3",world,10.9836,10.4827,0,0.0888272,0,0,0,0.0888272,0,0,0,0.205699
199664000000,/,drone2,28,1,"container2",world,12.7537,3.34944,0,0.0935424,0,0,0,0.0935424,0,0,0,0.218905
199664000000,/,drone1,29,0,"container1",world,10.9179,-5.18056,0,0.0891932,0,0,0,0.0891932,0,0,0,0.205477
199700000000,/,drone3,26,2,"container3",world,10.9779,10.4868,0,0.0884614,0,0,0,0.0884614,0,0,0,0.20492
199700000000,/,drone2,28,1,"container2",world,12.7546,3.34961,0,0.0931133,0,0,0,0.0931133,0,0,0,0.218056
199700000000,/,drone1,29,0,"container1",world,10.919,-5.17785,0,0.0886136,0,0,0,0.0886136,0,0,0,0.204404
199776000000,/,drone3,26,2,"container3",world,10.9737,10.4898,0,0.0885834,0,0,0,0.0885834,0,0,0,0.205029
199776000000,/,drone2,28,1,"container2",world,12.7552,3.34804,0,0.0931439,0,0,0,0.0931439,0,0,0,0.218068
199776000000,/,drone1,29,0,"container1",world,10.9195,-5.17557,0,0.088662,0,0,0,0.088662,0,0,0,0.20445
199816000000,/,drone3,26,2,"container3",world,10.9708,10.4929,0,0.0883335,0,0,0,0.0883335,0,0,0,0.204453
199816000000,/,drone2,28,1,"container2",world,12.7532,3.42277,0,0.114854,0,0,0,0.114854,0,0,0,0.258054
199816000000,/,drone1,29,0,"container1",world,10.9194,-5.17417,0,0.0884404,0,0,0,0.0884404,0,0,0,0.204029
199900000000,/,drone3,26,2,"container3",world,10.9697,10.4951,0,0.088077,0,0,0,0.088077,0,0,0,0.203886
199900000000,/,drone2,28,1,"container2",world,12.753,3.41571,0,0.111405,0,0,0,0.111405,0,0,0,0.25276
199900000000,/,drone1,29,0,"container1",world,10.9187,-5.17326,0,0.0879862,0,0,0,0.0879862,0,0,0,0.203164
199988000000,/,drone3,26,2,"container3",world,10.9702,10.4979,0,0.0881727,0,0,0,0.0881727,0,0,0,0.203907
199988000000,/,drone2,28,1,"container2",world,12.752,3.40931,0,0.108552,0,0,0,0.108552,0,0,0,0.248067
199988000000,/,drone1,29,0,"container1",world,10.9185,-5.17311,0,0.0883737,0,0,0,0.0883737,0,0,0,0.203813
200060000000,/,drone3,26,2,"container3",world,10.972,10.5009,0,0.0879691,0,0,0,0.0879691,0,0,0,0.203399
200060000000,/,drone2,28,1,"container2",world,12.7497,3.39594,0,0.10251,0,0,0,0.10251,0,0,0,0.237244
200060000000,/,drone1,29,0,"container1",world,10.9179,-5.17344,0,0.0885612,0,0,0,0.0885612,0,0,0,0.204088
200132000000,/,drone3,26,2,"container3",world,10.9737,10.504,0,0.0879457,0,0,0,0.0879457,0,0,0,0.2032
200132000000,/,drone2,28,1,"container2",world,12.7474,3.38588,0,0.0980759,0,0,0,0.0980759,0,0,0,0.228818
200132000000,/,drone1,29,0,"container1",world,10.9172,-5.17373,0,0.0881907,0,0,0,0.0881907,0,0,0,0.2034
200208000000,/,drone3,26,2,"container3",world,10.9755,10.5062,0,0.0881703,0,0,0,0.0881703,0,0,0,0.203465
200208000000,/,drone2,28,1,"container2",world,12.7456,3.37891,0,0.0954027,0,0,0,0.0954027,0,0,0,0.223317
200208000000,/,drone1,29,0,"container1",world,10.9159,-5.17413,0,0.0884275,0,0,0,0.0884275,0,0,0,0.203783
200300000000,/,drone3,26,2,"container3",world,10.9768,10.5073,0,0.088031,0,0,0,0.088031,0,0,0,0.203118
200300000000,/,drone2,28,1,"container2",world,12.7448,3.37216,0,0.0929958,0,0,0,0.0929958,0,0,0,0.218209
200300000000,/,drone1,29,0,"container1",world,10.914,-5.17531,0,0.0879818,0,0,0,0.0879818,0,0,0,0.202969
200380000000,/,drone3,26,2,"container3",world,10.9768,10.5075,0,0.0881152,0,0,0,0.0881152,0,0,0,0.203156
200380000000,/,drone2,28,1,"container2",world,12.7439,3.36678,0,0.0917811,0,0,0,0.0917811,0,0,0,0.215478
200380000000,/,drone1,29,0,"container1",world,10.9109,-5.17377,0,0.0881834,0,0,0,0.0881834,0,0,0,0.203273
200476000000,/,drone3,26,2,"container3",world,10.975,10.5068,0,0.088278,0,0,0,0.088278,0,0,0,0.203361
200476000000,/,drone2,28,1,"container2",world,12.7431,3.36437,0,0.0915168,0,0,0,0.0915168,0,0,0,0.214856
200476000000,/,drone1,29,0,"container1",world,10.9094,-5.17254,0,0.0883956,0,0,0,0.0883956,0,0,0,0.203616
200548000000,/,drone3,26,2,"container3",world,10.9731,10.5056,0,0.0881088,0,0,0,0.0881088,0,0,0,0.203017
200548000000,/,drone2,28,1,"container2",world,12.7427,3.36466,0,0.0913416,0,0,0,0.0913416,0,0,0,0.214524
200548000000,/,drone1,29,0,"container1",world,10.9096,-5.17056,0,0.0878983,0,0,0,0.0878983,0,0,0,0.202718
200608000000,/,drone3,26,2,"container3",world,10.9717,10.5041,0,0.0882647,0,0,0,0.0882647,0,0,0,0.203262
200608000000,/,drone2,28,1,"container2",world,12.7424,3.36291,0,0.0914,0,0,0,0.0914,0,0,0,0.214609
200608000000,/,drone1,29,0,"container1",world,10.9114,-5.16861,0,0.0880942,0,0,0,0.0880942,0,0,0,0.203064
200700000000,/,drone3,26,2,"container3",world,10.971,10.5033,0,0.0883423,0,0,0,0.0883423,0,0,0,0.203384
200700000000,/,drone2,28,1,"container2",world,12.7423,3.36247,0,0.0914145,0,0,0,0.0914145,0,0,0,0.21463
200700000000,/,drone1,29,0,"container1",world,10.9149,-5.16827,0,0.0877978,0,0,0,0.0877978,0,0,0,0.202528
200800000000,/,drone3,26,2,"container3",world,10.9707,10.503,0,0.088381,0,0,0,0.088381,0,0,0,0.203445
200800000000,/,drone2,28,1,"container2",world,12.7422,3.36236,0,0.0914182,0,0,0,0.0914182,0,0,0,0.214635
200800000000,/,drone1,29,0,"container1",world,10.919,-5.16926,0,0.088111,0,0,0,0.088111,0,0,0,0.203059
200872000000,/,drone3,26,2,"container3",world,10.9685,10.4974,0,0.0884167,0,0,0,0.0884167,0,0,0,0.203501
200872000000,/,drone2,28,1,"container2",world,12.7368,3.35954,0,0.0914255,0,0,0,0.0914255,0,0,0,0.214644
200872000000,/,drone1,29,0,"container1",world,10.9201,-5.17031,0,0.0883601,0,0,0,0.0883601,0,0,0,0.20349
200960000000,/,drone3,26,2,"container3",world,10.9661,10.4936,0,0.0881814,0,0,0,0.0881814,0,0,0,0.203093
200960000000,/,drone2,28,1,"container2",world,12.7238,3.53954,0,0.180914,0,0,0,0.180914,0,0,0,0.403431
200960000000,/,drone1,29,0,"container1",world,10.9207,-5.17004,0,0.0878766,0,0,0,0.0878766,0,0,0,0.202634
201016000000,/,drone3,26,2,"container3",world,10.9628,10.4903,0,0.0881675,0,0,0,0.0881675,0,0,0,0.203083
201016000000,/,drone2,28,1,"container2",world,12.7203,3.50819,0,0.161006,0,0,0,0.161006,0,0,0,0.370053
201016000000,/,drone1,29,0,"container1",world,10.9223,-5.16925,0,0.0880778,0,0,0,0.0880778,0,0,0,0.202999
201104000000,/,drone3,26,2,"container3",world,10.96,10.4878,0,0.0879314,0,0,0,0.0879314,0,0,0,0.202674
201104000000,/,drone2,28,1,"container2",world,12.7155,3.4742,0,0.139631,0,0,0,0.139631,0,0,0,0.330292
201104000000,/,drone1,29,0,"container1",world,10.922,-5.16731,0,0.0877838,0,0,0,0.0877838,0,0,0,0.202473
201200000000,/,drone3,26,2,"container3",world,10.9567,10.4857,0,0.0880705,0,0,0,0.0880705,0,0,0,0.202918
201200000000,/,drone2,28,1,"container2",world,12.712,3.45255,0,0.12564,0,0,0,0.12564,0,0,0,0.302544
201200000000,/,drone1,29,0,"container1",world,10.9217,-5.16149,0,0.0879205,0,0,0,0.0879205,0,0,0,0.202698
201284000000,/,drone3,26,2,"container3",world,10.9512,10.4833,0,0.0882538,0,0,0,0.0882538,0,0,0,0.203247
201284000000,/,drone2,28,1,"container2",world,12.7103,3.44879,0,0.120601,0,0,0,0.120601,0,0,0,0.292467
201284000000,/,drone1,29,0,"container1",world,10.9201,-5.15895,0,0.0880716,0,0,0,0.0880716,0,0,0,0.202962
201356000000,/,drone3,26,2,"container3",world,10.9447,10.4806,0,0.0879812,0,0,0,0.0879812,0,0,0,0.202774
201356000000,/,drone2,28,1,"container2",world,12.7039,3.41363,0,0.107721,0,0,0,0.107721,0,0,0,0.263111
201356000000,/,drone1,29,0,"container1",world,10.9187,-5.16021,0,0.0879801,0,0,0,0.0879801,0,0,0,0.2028
201436000000,/,drone3,26,2,"container3",world,10.939,10.4781,0,0.0880589,0,0,0,0.0880589,0,0,0,0.202925
201436000000,/,drone2,28,1,"container2",world,12.697,3.38245,0,0.0985455,0,0,0,0.0985455,0,0,0,0.240515
201436000000,/,drone1,29,0,"container1",world,10.9201,-5.15247,0,0.0878685,0,0,0,0.0878685,0,0,0,0.202608
201516000000,/,drone3,26,2,"container3",world,10.9343,10.4756,0,0.0878685,0,0,0,0.0878685,0,0,0,0.202592
201516000000,/,drone2,28,1,"container2",world,12.6893,3.35787,0,0.0925734,0,0,0,0.0925734,0,0,0,0.223743
201516000000,/,drone1,29,0,"container1",world,10.9227,-5.14662,0,0.0876254,0,0,0,0.0876254,0,0,0,0.202164
201600000000,/,drone3,26,2,"container3",world,10.9306,10.4728,0,0.0880315,0,0,0,0.0880315,0,0,0,0.202872
201600000000,/,drone2,28,1,"container2",world,12.6836,3.34478,0,0.0903916,0,0,0,0.0903916,0,0,0,0.216333
201600000000,/,drone1,29,0,"container1",world,10.9242,-5.14144,0,0.0880519,0,0,0,0.0880519,0,0,0,0.202906
201676000000,/,drone3,26,2,"container3",world,10.9258,10.4688,0,0.0882278,0,0,0,0.0882278,0,0,0,0.203216
201676000000,/,drone2,28,1,"container2",world,12.6743,3.33546,0,0.0893689,0,0,0,0.0893689,0,0,0,0.211416
201676000000,/,drone1,29,0,"container1",world,10.9276,-5.13585,0,0.0883302,0,0,0,0.0883302,0,0,0,0.203393
201752000000,/,drone3,26,2,"container3",world,10.9214,10.465,0,0.0880719,0,0,0,0.0880719,0,0,0,0.202945
201752000000,/,drone2,28,1,"container2",world,12.6663,3.32623,0,0.0884048,0,0,0,0.0884048,0,0,0,0.207285
201752000000,/,drone1,29,0,"container1",world,10.9308,-5.12945,0,0.0878555,0,0,0,0.0878555,0,0,0,0.202554
201800000000,/,drone3,26,2,"container3",world,10.9185,10.4591,0,0.0880996,0,0,0,0.0880996,0,0,0,0.202999
201800000000,/,drone2,28,1,"container2",world,12.6581,3.32134,0,0.0884025,0,0,0,0.0884025,0,0,0,0.205819
201800000000,/,drone1,29,0,"container1",world,10.9323,-5.12507,0,0.0880599,0,0,0,0.0880599,0,0,0,0.202925
201896000000,/,drone3,26,2,"container3",world,10.9191,10.4539,0,0.0878853,0,0,0,0.0878853,0,0,0,0.202618
201896000000,/,drone2,28,1,"container2",world,12.6534,3.31908,0,0.0881773,0,0,0,0.0881773,0,0,0,0.204713
201896000000,/,drone1,29,0,"container1",world,10.9366,-5.12287,0,0.0878224,0,0,0,0.0878224,0,0,0,0.202503
201996000000,/,drone3,26,2,"container3",world,10.9195,10.4491,0,0.0879953,0,0,0,0.0879953,0,0,0,0.202816
201996000000,/,drone2,28,1,"container2",world,12.647,3.31206,0,0.0884093,0,0,0,0.0884093,0,0,0,0.204161
201996000000,/,drone1,29,0,"container1",world,10.9381,-5.11548,0,0.088035,0,0,0,0.088035,0,0,0,0.202883
202060000000,/,drone3,26,2,"container3",world,10.918,10.4439,0,0.0877266,0,0,0,0.0877266,0,0,0,0.202327
202060000000,/,drone2,28,1,"container2",world,12.6409,3.30498,0,0.0880587,0,0,0,0.0880587,0,0,0,0.20285
202060000000,/,drone1,29,0,"container1",world,10.9402,-5.10935,0,0.0876016,0,0,0,0.0876016,0,0,0,0.202094
202152000000,/,drone3,26,2,"container3",world,10.9139,10.4392,0,0.0878287,0,0,0,0.0878287,0,0,0,0.202498
202152000000,/,drone2,28,1,"container2",world,12.6365,3.29979,0,0.0883791,0,0,0,0.0883791,0,0,0,0.203084
202152000000,/,drone1,29,0,"container1",world,10.9407,-5.10494,0,0.087849,0,0,0,0.087849,0,0,0,0.202522
202200000000,/,drone3,26,2,"container3",world,10.9095,10.4347,0,0.0881195,0,0,0,0.0881195,0,0,0,0.203005
202200000000,/,drone2,28,1,"container2",world,12.6279,3.29342,0,0.0887288,0,0,0,0.0887288,0,0,0,0.203566
202200000000,/,drone1,29,0,"container1",world,10.9407,-5.09851,0,0.0880704,0,0,0,0.0880704,0,0,0,0.202916
202272000000,/,drone3,26,2,"container3",world,10.9053,10.4301,0,0.0880115,0,0,0,0.0880115,0,0,0,0.202816
202272000000,/,drone2,28,1,"container2",world,12.6184,3.2885,0,0.0884645,0,0,0,0.0884645,0,0,0,0.20311
202272000000,/,drone1,29,0,"container1",world,10.9408,-5.09351,0,0.0877818,0,0,0,0.0877818,0,0,0,0.202401
202300000000,/,drone3,26,2,"container3",world,10.9009,10.4236,0,0.0880655,0,0,0,0.0880655,0,0,0,0.202914
202300000000,/,drone2,28,1,"container2",world,12.6054,3.28518,0,0.0886698,0,0,0,0.0886698,0,0,0,0.203566
202300000000,/,drone1,29,0,"container1",world,10.9417,-5.08784,0,0.0880356,0,0,0,0.0880356,0,0,0,0.202859
202392000000,/,drone3,26,2,"container3",world,10.8966,10.4178,0,0.0878652,0,0,0,0.0878652,0,0,0,0.202557
202392000000,/,drone2,28,1,"container2",world,12.6123,3.08738,0,0.0881389,0,0,0,0.0881389,0,0,0,0.202839
202392000000,/,drone1,29,0,"container1",world,10.942,-5.08216,0,0.0877571,0,0,0,0.0877571,0,0,0,0.202362
202456000000,/,drone3,26,2,"container3",world,10.8931,10.4135,0,0.0876669,0,0,0,0.0876669,0,0,0,0.202196
202456000000,/,drone2,28,1,"container2",world,12.59,3.23063,0,0.0880635,0,0,0,0.0880635,0,0,0,0.202716
202456000000,/,drone1,29,0,"container1",world,10.9408,-5.07825,0,0.087638,0,0,0,0.087638,0,0,0,0.202145
202500000000,/,drone3,26,2,"container3",world,10.8913,10.4114,0,0.0875671,0,0,0,0.0875671,0,0,0,0.202014
202500000000,/,drone2,28,1,"container2",world,12.5844,3.26651,0,0.0880446,0,0,0,0.0880446,0,0,0,0.202685
202500000000,/,drone1,29,0,"container1",world,10.9405,-5.07728,0,0.0876082,0,0,0,0.0876082,0,0,0,0.202091
202544000000,/,drone3,26,2,"container3",world,10.8894,10.4085,0,0.0878771,0,0,0,0.0878771,0,0,0,0.202558
202544000000,/,drone2,28,1,"container2",world,12.5791,3.27383,0,0.0885702,0,0,0,0.0885702,0,0,0,0.203674
202544000000,/,drone1,29,0,"container1",world,10.9397,-5.07765,0,0.0877807,0,0,0,0.0877807,0,0,0,0.202395
202588000000,/,drone3,26,2,"container3",world,10.8865,10.4037,0,0.0877989,0,0,0,0.0877989,0,0,0,0.202415
202588000000,/,drone2,28,1,"container2",world,12.5717,3.27202,0,0.0883161,0,0,0,0.0883161,0,0,0,0.203354
202588000000,/,drone1,29,0,"container1",world,10.9465,-5.06888,0,0.0878307,0,0,0,0.0878307,0,0,0,0.20248
202600000000,/,drone3,26,2,"container3",world,10.8828,10.3982,0,0.0879758,0,0,0,0.0879758,0,0,0,0.202734
202600000000,/,drone2,28,1,"container2",world,12.5654,3.2684,0,0.0885403,0,0,0,0.0885403,0,0,0,0.203911
202600000000,/,drone1,29,0,"container1",world,10.9464,-5.06381,0,0.0878419,0,0,0,0.0878419,0,0,0,0.2025
202656000000,/,drone3,26,2,"container3",world,10.8809,10.3954,0,0.0880638,0,0,0,0.0880638,0,0,0,0.202893
202656000000,/,drone2,28,1,"container2",world,12.562,3.264,0,0.0883227,0,0,0,0.0883227,0,0,0,0.203659
202656000000,/,drone1,29,0,"container1",world,10.9475,-5.0549,0,0.088079,0,0,0,0.088079,0,0,0,0.20292
202700000000,/,drone3,26,2,"container3",world,10.88,10.3941,0,0.0881077,0,0,0,0.0881077,0,0,0,0.202972
202700000000,/,drone2,28,1,"container2",world,12.5596,3.26179,0,0.0884479,0,0,0,0.0884479,0,0,0,0.20401
202700000000,/,drone1,29,0,"container1",world,10.9443,-5.05069,0,0.0882451,0,0,0,0.0882451,0,0,0,0.203217
202756000000,/,drone3,26,2,"container3",world,10.8795,10.3934,0,0.0881296,0,0,0,0.0881296,0,0,0,0.203011
202756000000,/,drone2,28,1,"container2",world,12.5587,3.25752,0,0.08821,0,0,0,0.08821,0,0,0,0.20368
202756000000,/,drone1,29,0,"container1",world,10.94,-5.04474,0,0.0881736,0,0,0,0.0881736,0,0,0,0.20309
202800000000,/,drone3,26,2,"container3",world,10.8696,10.3813,0,0.10613,0,0,0,0.10613,0,0,0,0.236456
202800000000,/,drone2,28,1,"container2",world,12.5528,3.22602,0,0.0913104,0,0,0,0.0913104,0,0,0,0.209775
202800000000,/,drone1,29,0,"container1",world,10.9373,-5.04093,0,0.0881076,0,0,0,0.0881076,0,0,0,0.202969
202852000000,/,drone3,26,2,"container3",world,10.8646,10.3756,0,0.11034,0,0,0,0.11034,0,0,0,0.244791
202852000000,/,drone2,28,1,"container2",world,12.5487,3.22017,0,0.0918419,0,0,0,0.0918419,0,0,0,0.21097
202852000000,/,drone1,29,0,"container1",world,10.9366,-5.03998,0,0.0880911,0,0,0,0.0880911,0,0,0,0.202939
202888000000,/,drone3,26,2,"container3",world,10.8591,10.3697,0,0.108817,0,0,0,0.108817,0,0,0,0.243591
202888000000,/,drone2,28,1,"container2",world,12.5422,3.22566,0,0.0910885,0,0,0,0.0910885,0,0,0,0.20984
202888000000,/,drone1,29,0,"container1",world,10.9365,-5.03974,0,0.088087,0,0,0,0.088087,0,0,0,0.202931
202924000000,/,drone3,26,2,"container3",world,10.8545,10.3649,0,0.107169,0,0,0,0.107169,0,0,0,0.241798
202924000000,/,drone2,28,1,"container2",world,12.5374,3.22753,0,0.0908137,0,0,0,0.0908137,0,0,0,0.209465
202924000000,/,drone1,29,0,"container1",world,10.9538,-5.04023,0,0.0879675,0,0,0,0.0879675,0,0,0,0.20272
202976000000,/,drone3,26,2,"container3",world,10.8492,10.3594,0,0.104062,0,0,0,0.104062,0,0,0,0.237293
202976000000,/,drone2,28,1,"container2",world,12.5318,3.23343,0,0.0900844,0,0,0,0.0900844,0,0,0,0.208239
202976000000,/,drone1,29,0,"container1",world,10.9632,-5.04048,0,0.0877061,0,0,0,0.0877061,0,0,0,0.202256
203016000000,/,drone3,26,2,"container3",world,10.8445,10.355,0,0.101467,0,0,0,0.101467,0,0,0,0.233284
203016000000,/,drone2,28,1,"container2",world,12.5284,3.2373,0,0.0896293,0,0,0,0.0896293,0,0,0,0.207446
203016000000,/,drone1,29,0,"container1",world,10.9656,-5.04054,0,0.0876404,0,0,0,0.0876404,0,0,0,0.202139
203080000000,/,drone3,26,2,"container3",world,10.8403,10.3505,0,0.0996921,0,0,0,0.0996921,0,0,0,0.230473
203080000000,/,drone2,28,1,"container2",world,12.5143,3.23812,0,0.0928289,0,0,0,0.0928289,0,0,0,0.213571
203080000000,/,drone1,29,0,"container1",world,10.9467,-5.11462,0,0.0976389,0,0,0,0.0976389,0,0,0,0.221366
203112000000,/,drone3,26,2,"container3",world,10.8352,10.3445,0,0.0973168,0,0,0,0.0973168,0,0,0,0.226359
203112000000,/,drone2,28,1,"container2",world,12.5043,3.23943,0,0.0927081,0,0,0,0.0927081,0,0,0,0.213537
203112000000,/,drone1,29,0,"container1",world,10.9453,-5.11265,0,0.0979924,0,0,0,0.0979924,0,0,0,0.222508
203184000000,/,drone3,26,2,"container3",world,10.8313,10.3399,0,0.0954541,0,0,0,0.0954541,0,0,0,0.222994
203184000000,/,drone2,28,1,"container2",world,12.4941,3.23661,0,0.0916911,0,0,0,0.0916911,0,0,0,0.211895
203184000000,/,drone1,29,0,"container1",world,10.9477,-5.09232,0,0.0956457,0,0,0,0.0956457,0,0,0,0.218794
203248000000,/,drone3,26,2,"container3",world,10.8266,10.3348,0,0.0939083,0,0,0,0.0939083,0,0,0,0.219951
203248000000,/,drone2,28,1,"container2",world,12.4841,3.23713,0,0.091488,0,0,0,0.091488,0,0,0,0.211557
203248000000,/,drone1,29,0,"container1",world,10.9497,-5.07874,0,0.0947471,0,0,0,0.0947471,0,0,0,0.217385
203316000000,/,drone3,26,2,"container3",world,10.8232,10.3308,0,0.0926518,0,0,0,0.0926518,0,0,0,0.217402
203316000000,/,drone2,28,1,"container2",world,12.473,3.23534,0,0.0906044,0,0,0,0.0906044,0,0,0,0.210001
203316000000,/,drone1,29,0,"container1",world,10.9556,-5.0594,0,0.0931407,0,0,0,0.0931407,0,0,0,0.214591
203400000000,/,drone3,26,2,"container3",world,10.8196,10.3255,0,0.0916918,0,0,0,0.0916918,0,0,0,0.215185
203400000000,/,drone2,28,1,"container2",world,12.4619,3.23302,0,0.0902206,0,0,0,0.0902206,0,0,0,0.209242
203400000000,/,drone1,29,0,"container1",world,10.9584,-5.04484,0,0.0918012,0,0,0,0.0918012,0,0,0,0.212197
203480000000,/,drone3,26,2,"container3",world,10.815,10.3182,0,0.0903172,0,0,0,0.0903172,0,0,0,0.211933
203480000000,/,drone2,28,1,"container2",world,12.4534,3.2307,0,0.0892995,0,0,0,0.0892995,0,0,0,0.207401
203480000000,/,drone1,29,0,"container1",world,10.9631,-5.03098,0,0.0904107,0,0,0,0.0904107,0,0,0,0.209583
203560000000,/,drone3,26,2,"container3",world,10.8107,10.3115,0,0.0895769,0,0,0,0.0895769,0,0,0,0.209835
203560000000,/,drone2,28,1,"container2",world,12.4447,3.22298,0,0.0888824,0,0,0,0.0888824,0,0,0,0.206398
203560000000,/,drone1,29,0,"container1",world,10.9703,-5.01217,0,0.0894787,0,0,0,0.0894787,0,0,0,0.207635
203604000000,/,drone3,26,2,"container3",world,10.8061,10.3041,0,0.0886768,0,0,0,0.0886768,0,0,0,0.207329
203604000000,/,drone2,28,1,"container2",world,12.4393,3.21861,0,0.088208,0,0,0,0.088208,0,0,0,0.204887
203604000000,/,drone1,29,0,"container1",world,10.9751,-4.9984,0,0.088957,0,0,0,0.088957,0,0,0,0.206398
203680000000,/,drone3,26,2,"container3",world,10.8025,10.2973,0,0.0883692,0,0,0,0.0883692,0,0,0,0.206016
203680000000,/,drone2,28,1,"container2",world,12.4338,3.21267,0,0.0882558,0,0,0,0.0882558,0,0,0,0.204701
203680000000,/,drone1,29,0,"container1",world,10.9766,-4.99104,0,0.0886069,0,0,0,0.0886069,0,0,0,0.205512
203712000000,/,drone3,26,2,"container3",world,10.8007,10.2904,0,0.08841,0,0,0,0.08841,0,0,0,0.20544
203712000000,/,drone2,28,1,"container2",world,12.4274,3.20597,0,0.0885295,0,0,0,0.0885295,0,0,0,0.204935
203712000000,/,drone1,29,0,"container1",world,10.9791,-4.98462,0,0.0887146,0,0,0,0.0887146,0,0,0,0.205437
203776000000,/,drone3,26,2,"container3",world,10.7994,10.2851,0,0.0882894,0,0,0,0.0882894,0,0,0,0.204797
203776000000,/,drone2,28,1,"container2",world,12.4242,3.20124,0,0.0883649,0,0,0,0.0883649,0,0,0,0.204504
203776000000,/,drone1,29,0,"container1",world,10.9811,-4.98232,0,0.0883668,0,0,0,0.0883668,0,0,0,0.204672
203808000000,/,drone3,26,2,"container3",world,10.7977,10.2788,0,0.0879947,0,0,0,0.0879947,0,0,0,0.203868
203808000000,/,drone2,28,1,"container2",world,12.423,3.1955,0,0.0879296,0,0,0,0.0879296,0,0,0,0.203535
203808000000,/,drone1,29,0,"container1",world,10.9799,-4.97759,0,0.0879679,0,0,0,0.0879679,0,0,0,0.203743
203876000000,/,drone3,26,2,"container3",world,10.7947,10.2723,0,0.0880677,0,0,0,0.0880677,0,0,0,0.20364
203876000000,/,drone2,28,1,"container2",world,12.4213,3.18926,0,0.0881135,0,0,0,0.0881135,0,0,0,0.203679
203876000000,/,drone1,29,0,"container1",world,10.9781,-4.973,0,0.0881371,0,0,0,0.0881371,0,0,0,0.203834
203908000000,/,drone3,26,2,"container3",world,10.792,10.2676,0,0.0879899,0,0,0,0.0879899,0,0,0,0.203264
203908000000,/,drone2,28,1,"container2",world,12.4192,3.18521,0,0.0879701,0,0,0,0.0879701,0,0,0,0.203317
203908000000,/,drone1,29,0,"container1",world,10.9765,-4.97016,0,0.0879821,0,0,0,0.0879821,0,0,0,0.203436
203956000000,/,drone3,26,2,"container3",world,10.7889,10.264,0,0.0878486,0,0,0,0.0878486,0,0,0,0.202837
203956000000,/,drone2,28,1,"container2",world,12.4171,3.18183,0,0.0877644,0,0,0,0.0877644,0,0,0,0.202862
203956000000,/,drone1,29,0,"container1",world,10.9765,-4.96699,0,0.0876698,0,0,0,0.0876698,0,0,0,0.202771
204000000000,/,drone3,26,2,"container3",world,10.7841,10.2594,0,0.0880525,0,0,0,0.0880525,0,0,0,0.203011
204000000000,/,drone2,28,1,"container2",world,12.416,3.18001,0,0.0880954,0,0,0,0.0880954,0,0,0,0.203307
204000000000,/,drone1,29,0,"container1",world,10.9754,-4.96141,0,0.0880638,0,0,0,0.0880638,0,0,0,0.203309
204068000000,/,drone3,26,2,"container3",world,10.7805,10.256,0,0.0880391,0,0,0,0.0880391,0,0,0,0.202867
204068000000,/,drone2,28,1,"container2",world,12.4145,3.17893,0,0.0879944,0,0,0,0.0879944,0,0,0,0.203052
204068000000,/,drone1,29,0,"container1",world,10.9754,-4.95807,0,0.0879762,0,0,0,0.0879762,0,0,0,0.203065
204108000000,/,drone3,26,2,"container3",world,10.7765,10.2536,0,0.0879285,0,0,0,0.0879285,0,0,0,0.202584
204108000000,/,drone2,28,1,"container2",world,12.4109,3.17891,0,0.0881522,0,0,0,0.0881522,0,0,0,0.203242
204108000000,/,drone1,29,0,"container1",world,10.9772,-4.95297,0,0.08831,0,0,0,0.08831,0,0,0,0.203542
204192000000,/,drone3,26,2,"container3",world,10.7745,10.2524,0,0.0878729,0,0,0,0.0878729,0,0,0,0.202442
204192000000,/,drone2,28,1,"container2",world,12.4087,3.17642,0,0.0880585,0,0,0,0.0880585,0,0,0,0.203032
204192000000,/,drone1,29,0,"container1",world,10.9781,-4.94868,0,0.0881959,0,0,0,0.0881959,0,0,0,0.203284
204280000000,/,drone3,26,2,"container3",world,10.7736,10.2518,0,0.0878451,0,0,0,0.0878451,0,0,0,0.202371
204280000000,/,drone2,28,1,"container2",world,12.4065,3.17115,0,0.0878065,0,0,0,0.0878065,0,0,0,0.202527
204280000000,/,drone1,29,0,"container1",world,10.9794,-4.94233,0,0.0878279,0,0,0,0.0878279,0,0,0,0.202556
204364000000,/,drone3,26,2,"container3",world,10.7731,10.2515,0,0.0878312,0,0,0,0.0878312,0,0,0,0.202336
204364000000,/,drone2,28,1,"container2",world,12.4045,3.16542,0,0.0878448,0,0,0,0.0878448,0,0,0,0.202539
204364000000,/,drone1,29,0,"container1",world,10.9809,-4.93492,0,0.0878904,0,0,0,0.0878904,0,0,0,0.202599
204424000000,/,drone3,26,2,"container3",world,10.7728,10.2513,0,0.0878242,0,0,0,0.0878242,0,0,0,0.202318
204424000000,/,drone2,28,1,"container2",world,12.4042,3.16021,0,0.0876506,0,0,0,0.0876506,0,0,0,0.202148
204424000000,/,drone1,29,0,"container1",world,10.9821,-4.92975,0,0.0876017,0,0,0,0.0876017,0,0,0,0.20203
204500000000,/,drone3,26,2,"container3",world,10.767,10.2445,0,0.0912487,0,0,0,0.0912487,0,0,0,0.208777
204500000000,/,drone2,28,1,"container2",world,12.3949,3.15451,0,0.0879024,0,0,0,0.0879024,0,0,0,0.202571
204500000000,/,drone1,29,0,"container1",world,10.9859,-4.92435,0,0.0878899,0,0,0,0.0878899,0,0,0,0.202511
204580000000,/,drone3,26,2,"container3",world,10.7651,10.2406,0,0.092389,0,0,0,0.092389,0,0,0,0.2112
204580000000,/,drone2,28,1,"container2",world,12.3917,3.1486,0,0.0883234,0,0,0,0.0883234,0,0,0,0.203307
204580000000,/,drone1,29,0,"container1",world,10.9909,-4.91971,0,0.0883225,0,0,0,0.0883225,0,0,0,0.203265
204668000000,/,drone3,26,2,"container3",world,10.7648,10.2384,0,0.0917889,0,0,0,0.0917889,0,0,0,0.210573
204668000000,/,drone2,28,1,"container2",world,12.3906,3.14016,0,0.0878838,0,0,0,0.0878838,0,0,0,0.20254
204668000000,/,drone1,29,0,"container1",world,10.9988,-4.91641,0,0.0878884,0,0,0,0.0878884,0,0,0,0.202508
204748000000,/,drone3,26,2,"container3",world,10.7655,10.2371,0,0.0913004,0,0,0,0.0913004,0,0,0,0.210018
204748000000,/,drone2,28,1,"container2",world,12.3906,3.13165,0,0.0879767,0,0,0,0.0879767,0,0,0,0.202727
204748000000,/,drone1,29,0,"container1",world,11.0079,-4.91276,0,0.0880433,0,0,0,0.0880433,0,0,0,0.202811
204804000000,/,drone3,26,2,"container3",world,10.7665,10.2368,0,0.0905026,0,0,0,0.0905026,0,0,0,0.208786
204804000000,/,drone2,28,1,"container2",world,12.3894,3.12672,0,0.0876763,0,0,0,0.0876763,0,0,0,0.202196
204804000000,/,drone1,29,0,"container1",world,11.0109,-4.91066,0,0.0879773,0,0,0,0.0879773,0,0,0,0.202707
204880000000,/,drone3,26,2,"container3",world,10.7698,10.2367,0,0.0900916,0,0,0,0.0900916,0,0,0,0.20813
204880000000,/,drone2,28,1,"container2",world,12.3881,3.12291,0,0.087965,0,0,0,0.087965,0,0,0,0.202711
204880000000,/,drone1,29,0,"container1",world,11.0204,-4.90771,0,0.0878752,0,0,0,0.0878752,0,0,0,0.202527
204924000000,/,drone3,26,2,"container3",world,10.7731,10.2371,0,0.0897077,0,0,0,0.0897077,0,0,0,0.207418
204924000000,/,drone2,28,1,"container2",world,12.3868,3.1212,0,0.0883289,0,0,0,0.0883289,0,0,0,0.203366
204924000000,/,drone1,29,0,"container1",world,11.028,-4.90614,0,0.088314,0,0,0,0.088314,0,0,0,0.203319
204972000000,/,drone3,26,2,"container3",world,10.7746,10.2375,0,0.0893088,0,0,0,0.0893088,0,0,0,0.206667
204972000000,/,drone2,28,1,"container2",world,12.3872,3.11996,0,0.0880978,0,0,0,0.0880978,0,0,0,0.202978
204972000000,/,drone1,29,0,"container1",world,11.0374,-4.90592,0,0.0880397,0,0,0,0.0880397,0,0,0,0.202859
205016000000,/,drone3,26,2,"container3",world,10.7747,10.2379,0,0.0889238,0,0,0,0.0889238,0,0,0,0.205927
205016000000,/,drone2,28,1,"container2",world,12.3871,3.11952,0,0.0878684,0,0,0,0.0878684,0,0,0,0.202577
205016000000,/,drone1,29,0,"container1",world,11.0396,-4.90706,0,0.0878047,0,0,0,0.0878047,0,0,0,0.20245
205064000000,/,drone3,26,2,"container3",world,10.772,10.2386,0,0.0888627,0,0,0,0.0888627,0,0,0,0.205706
205064000000,/,drone2,28,1,"container2",world,12.3852,3.11875,0,0.0881442,0,0,0,0.0881442,0,0,0,0.20308
205064000000,/,drone1,29,0,"container1",world,11.0395,-4.90946,0,0.0880676,0,0,0,0.0880676,0,0,0,0.202938
205116000000,/,drone3,26,2,"container3",world,10.7693,10.2392,0,0.0886609,0,0,0,0.0886609,0,0,0,0.205255
205116000000,/,drone2,28,1,"container2",world,12.3845,3.11926,0,0.0881461,0,0,0,0.0881461,0,0,0,0.20309
205116000000,/,drone1,29,0,"container1",world,11.0403,-4.9108,0,0.0880134,0,0,0,0.0880134,0,0,0,0.202848
205200000000,/,drone3,26,2,"container3",world,10.7679,10.2395,0,0.0885594,0,0,0,0.0885594,0,0,0,0.205028
205200000000,/,drone2,28,1,"container2",world,12.3843,3.11939,0,0.0881466,0,0,0,0.0881466,0,0,0,0.203093
205200000000,/,drone1,29,0,"container1",world,11.0482,-4.90753,0,0.0882398,0,0,0,0.0882398,0,0,0,0.203247
205276000000,/,drone3,26,2,"container3",world,10.7672,10.2396,0,0.0885084,0,0,0,0.0885084,0,0,0,0.204914
205276000000,/,drone2,28,1,"container2",world,12.3842,3.11942,0,0.0881467,0,0,0,0.0881467,0,0,0,0.203093
205276000000,/,drone1,29,0,"container1",world,11.0531,-4.90634,0,0.0881654,0,0,0,0.0881654,0,0,0,0.203121
205360000000,/,drone3,26,2,"container3",world,10.7668,10.2397,0,0.0884829,0,0,0,0.0884829,0,0,0,0.204857
205360000000,/,drone2,28,1,"container2",world,12.3842,3.11943,0,0.0881467,0,0,0,0.0881467,0,0,0,0.203093
205360000000,/,drone1,29,0,"container1",world,11.0608,-4.90507,0,0.0878248,0,0,0,0.0878248,0,0,0,0.202507
205416000000,/,drone3,26,2,"container3",world,10.7666,10.2397,0,0.0884701,0,0,0,0.0884701,0,0,0,0.204829
205416000000,/,drone2,28,1,"container2",world,12.3707,3.13606,0,0.0975645,0,0,0,0.0975645,0,0,0,0.221795
205416000000,/,drone1,29,0,"container1",world,11.04,-4.96889,0,0.0969164,0,0,0,0.0969164,0,0,0,0.220247
205500000000,/,drone3,26,2,"container3",world,10.7548,10.2421,0,0.100062,0,0,0,0.100062,0,0,0,0.228463
205500000000,/,drone2,28,1,"container2",world,12.3616,3.08181,0,0.110658,0,0,0,0.110658,0,0,0,0.247168
205500000000,/,drone1,29,0,"container1",world,11.0433,-4.97585,0,0.0988824,0,0,0,0.0988824,0,0,0,0.223969
205576000000,/,drone3,26,2,"container3",world,10.7528,10.2441,0,0.101368,0,0,0,0.101368,0,0,0,0.232223
205576000000,/,drone2,28,1,"container2",world,12.3616,3.08876,0,0.109366,0,0,0,0.109366,0,0,0,0.245898
205576000000,/,drone1,29,0,"container1",world,11.049,-4.9768,0,0.0991916,0,0,0,0.0991916,0,0,0,0.224601
205624000000,/,drone3,26,2,"container3",world,10.7562,10.2468,0,0.0995022,0,0,0,0.0995022,0,0,0,0.229807
205624000000,/,drone2,28,1,"container2",world,12.3627,3.10505,0,0.106105,0,0,0,0.106105,0,0,0,0.240664
205624000000,/,drone1,29,0,"container1",world,11.0581,-4.97403,0,0.0993371,0,0,0,0.0993371,0,0,0,0.224873
205700000000,/,drone3,26,2,"container3",world,10.7623,10.2495,0,0.0971102,0,0,0,0.0971102,0,0,0,0.225895
205700000000,/,drone2,28,1,"container2",world,12.3642,3.11732,0,0.103927,0,0,0,0.103927,0,0,0,0.236853
205700000000,/,drone1,29,0,"container1",world,11.0665,-4.97327,0,0.0991691,0,0,0,0.0991691,0,0,0,0.224602
205776000000,/,drone3,26,2,"container3",world,10.7677,10.2517,0,0.0952524,0,0,0,0.0952524,0,0,0,0.222639
205776000000,/,drone2,28,1,"container2",world,12.3639,3.1156,0,0.0991872,0,0,0,0.0991872,0,0,0,0.230255
205776000000,/,drone1,29,0,"container1",world,11.0599,-4.99058,0,0.10104,0,0,0,0.10104,0,0,0,0.230468
205812000000,/,drone3,26,2,"container3",world,10.7735,10.2552,0,0.0932716,0,0,0,0.0932716,0,0,0,0.218696
205812000000,/,drone2,28,1,"container2",world,12.3657,3.11853,0,0.09528,0,0,0,0.09528,0,0,0,0.223338
205812000000,/,drone1,29,0,"container1",world,11.0772,-4.96926,0,0.0972297,0,0,0,0.0972297,0,0,0,0.224182
205856000000,/,drone3,26,2,"container3",world,10.7769,10.2585,0,0.0919006,0,0,0,0.0919006,0,0,0,0.21568
205856000000,/,drone2,28,1,"container2",world,12.368,3.12182,0,0.093192,0,0,0,0.093192,0,0,0,0.21913
205856000000,/,drone1,29,0,"container1",world,11.0918,-4.95064,0,0.0946674,0,0,0,0.0946674,0,0,0,0.219456
205880000000,/,drone3,26,2,"container3",world,10.7786,10.2609,0,0.0908606,0,0,0,0.0908606,0,0,0,0.21334
205880000000,/,drone2,28,1,"container2",world,12.369,3.12348,0,0.091923,0,0,0,0.091923,0,0,0,0.216448
205880000000,/,drone1,29,0,"container1",world,11.1002,-4.94051,0,0.0931004,0,0,0,0.0931004,0,0,0,0.21644
205900000000,/,drone3,26,2,"container3",world,10.7807,10.263,0,0.0902242,0,0,0,0.0902242,0,0,0,0.211571
205900000000,/,drone2,28,1,"container2",world,12.3718,3.12584,0,0.0910807,0,0,0,0.0910807,0,0,0,0.214223
205900000000,/,drone1,29,0,"container1",world,11.1128,-4.92874,0,0.0919617,0,0,0,0.0919617,0,0,0,0.213974
205940000000,/,drone3,26,2,"container3",world,10.7817,10.2641,0,0.0898985,0,0,0,0.0898985,0,0,0,0.210668
205940000000,/,drone2,28,1,"container2",world,12.3739,3.12591,0,0.090517,0,0,0,0.090517,0,0,0,0.212871
205940000000,/,drone1,29,0,"container1",world,11.1209,-4.92205,0,0.0910549,0,0,0,0.0910549,0,0,0,0.212061
205996000000,/,drone3,26,2,"container3",world,10.784,10.2649,0,0.0894781,0,0,0,0.0894781,0,0,0,0.209574
205996000000,/,drone2,28,1,"container2",world,12.3745,3.12736,0,0.0901849,0,0,0,0.0901849,0,0,0,0.212041
205996000000,/,drone1,29,0,"container1",world,11.123,-4.92042,0,0.0908226,0,0,0,0.0908226,0,0,0,0.211571
206056000000,/,drone3,26,2,"container3",world,10.7851,10.2652,0,0.0892647,0,0,0,0.0892647,0,0,0,0.209019
206056000000,/,drone2,28,1,"container2",world,12.3747,3.12772,0,0.090101,0,0,0,0.090101,0,0,0,0.211831
206056000000,/,drone1,29,0,"container1",world,11.1258,-4.91995,0,0.0906583,0,0,0,0.0906583,0,0,0,0.21127
206088000000,/,drone3,26,2,"container3",world,10.7899,10.2661,0,0.0885817,0,0,0,0.0885817,0,0,0,0.207181
206088000000,/,drone2,28,1,"container2",world,12.3796,3.12944,0,0.0888705,0,0,0,0.0888705,0,0,0,0.208667
206088000000,/,drone1,29,0,"container1",world,11.1356,-4.91068,0,0.0893533,0,0,0,0.0893533,0,0,0,0.20835
206172000000,/,drone3,26,2,"container3",world,10.7936,10.2671,0,0.0885291,0,0,0,0.0885291,0,0,0,0.2066
206172000000,/,drone2,28,1,"container2",world,12.3828,3.13047,0,0.0889156,0,0,0,0.0889156,0,0,0,0.208188
206172000000,/,drone1,29,0,"container1",world,11.1419,-4.90598,0,0.089342,0,0,0,0.089342,0,0,0,0.207989
206212000000,/,drone3,26,2,"container3",world,10.7964,10.2681,0,0.0883404,0,0,0,0.0883404,0,0,0,0.205871
206212000000,/,drone2,28,1,"container2",world,12.3868,3.13127,0,0.0884283,0,0,0,0.0884283,0,0,0,0.206735
206212000000,/,drone1,29,0,"container1",world,11.1489,-4.90099,0,0.0886827,0,0,0,0.0886827,0,0,0,0.206384
206300000000,/,drone3,26,2,"container3",world,10.7991,10.2697,0,0.088426,0,0,0,0.088426,0,0,0,0.205545
206300000000,/,drone2,28,1,"container2",world,12.3919,3.13357,0,0.0884688,0,0,0,0.0884688,0,0,0,0.206136
206300000000,/,drone1,29,0,"container1",world,11.1552,-4.89735,0,0.0886224,0,0,0,0.0886224,0,0,0,0.205858
206372000000,/,drone3,26,2,"container3",world,10.8012,10.272,0,0.0880787,0,0,0,0.0880787,0,0,0,0.204368
206372000000,/,drone2,28,1,"container2",world,12.3966,3.13681,0,0.0879673,0,0,0,0.0879673,0,0,0,0.204538
206372000000,/,drone1,29,0,"container1",world,11.1594,-4.89536,0,0.0881249,0,0,0,0.0881249,0,0,0,0.204581
206400000000,/,drone3,26,2,"container3",world,10.8012,10.2739,0,0.088118,0,0,0,0.088118,0,0,0,0.203987
206400000000,/,drone2,28,1,"container2",world,12.3976,3.13676,0,0.0879429,0,0,0,0.0879429,0,0,0,0.204167
206400000000,/,drone1,29,0,"container1",world,11.1625,-4.89357,0,0.0880936,0,0,0,0.0880936,0,0,0,0.204431
206488000000,/,drone3,26,2,"container3",world,10.7999,10.2758,0,0.087918,0,0,0,0.087918,0,0,0,0.203275
206488000000,/,drone2,28,1,"container2",world,12.3973,3.13707,0,0.0878264,0,0,0,0.0878264,0,0,0,0.20376
206488000000,/,drone1,29,0,"container1",world,11.1625,-4.894,0,0.0878824,0,0,0,0.0878824,0,0,0,0.204027
206560000000,/,drone3,26,2,"container3",world,10.7987,10.2771,0,0.0877248,0,0,0,0.0877248,0,0,0,0.202694
206560000000,/,drone2,28,1,"container2",world,12.3968,3.13718,0,0.0877523,0,0,0,0.0877523,0,0,0,0.203528
206560000000,/,drone1,29,0,"container1",world,11.1637,-4.89181,0,0.0881821,0,0,0,0.0881821,0,0,0,0.204539
206616000000,/,drone3,26,2,"container3",world,10.7936,10.2798,0,0.0877728,0,0,0,0.0877728,0,0,0,0.202542
206616000000,/,drone2,28,1,"container2",world,12.3987,3.16134,0,0.0900599,0,0,0,0.0900599,0,0,0,0.207514
206616000000,/,drone1,29,0,"container1",world,11.1307,-4.95272,0,0.0932102,0,0,0,0.0932102,0,0,0,0.214023
206700000000,/,drone3,26,2,"container3",world,10.7864,10.2823,0,0.0880254,0,0,0,0.0880254,0,0,0,0.202836
206700000000,/,drone2,28,1,"container2",world,12.3996,3.1698,0,0.0904402,0,0,0,0.0904402,0,0,0,0.208144
206700000000,/,drone1,29,0,"container1",world,11.1304,-4.95618,0,0.0932678,0,0,0,0.0932678,0,0,0,0.214266
206780000000,/,drone3,26,2,"container3",world,10.7798,10.2841,0,0.0879285,0,0,0,0.0879285,0,0,0,0.202567
206780000000,/,drone2,28,1,"container2",world,12.4029,3.17526,0,0.0897872,0,0,0,0.0897872,0,0,0,0.206942
206780000000,/,drone1,29,0,"container1",world,11.1345,-4.95032,0,0.0919182,0,0,0,0.0919182,0,0,0,0.211868
206860000000,/,drone3,26,2,"container3",world,10.775,10.2856,0,0.0881037,0,0,0,0.0881037,0,0,0,0.202831
206860000000,/,drone2,28,1,"container2",world,12.4092,3.17783,0,0.0893693,0,0,0,0.0893693,0,0,0,0.206136
206860000000,/,drone1,29,0,"container1",world,11.1409,-4.94164,0,0.0906602,0,0,0,0.0906602,0,0,0,0.209501
206920000000,/,drone3,26,2,"container3",world,10.7737,10.2871,0,0.0879646,0,0,0,0.0879646,0,0,0,0.202567
206920000000,/,drone2,28,1,"container2",world,12.4143,3.1801,0,0.0887202,0,0,0,0.0887202,0,0,0,0.204902
206920000000,/,drone1,29,0,"container1",world,11.1448,-4.937,0,0.0895421,0,0,0,0.0895421,0,0,0,0.207334
207000000000,/,drone3,26,2,"container3",world,10.7752,10.2889,0,0.0880325,0,0,0,0.0880325,0,0,0,0.202695
207000000000,/,drone2,28,1,"container2",world,12.4154,3.18459,0,0.0886883,0,0,0,0.0886883,0,0,0,0.204772
207000000000,/,drone1,29,0,"container1",world,11.1479,-4.93493,0,0.0892466,0,0,0,0.0892466,0,0,0,0.206619
207088000000,/,drone3,26,2,"container3",world,10.7788,10.2907,0,0.0883025,0,0,0,0.0883025,0,0,0,0.203199
207088000000,/,drone2,28,1,"container2",world,12.4185,3.18813,0,0.0889009,0,0,0,0.0889009,0,0,0,0.205077
207088000000,/,drone1,29,0,"container1",world,11.1504,-4.93356,0,0.0892596,0,0,0,0.0892596,0,0,0,0.206447
207176000000,/,drone3,26,2,"container3",world,10.7839,10.2948,0,0.0880655,0,0,0,0.0880655,0,0,0,0.202832
207176000000,/,drone2,28,1,"container2",world,12.4249,3.1921,0,0.0882654,0,0,0,0.0882654,0,0,0,0.203863
207176000000,/,drone1,29,0,"container1",world,11.1504,-4.93254,0,0.088452,0,0,0,0.088452,0,0,0,0.204759
207260000000,/,drone3,26,2,"container3",world,10.7876,10.2988,0,0.0881567,0,0,0,0.0881567,0,0,0,0.203051
207260000000,/,drone2,28,1,"container2",world,12.4316,3.19547,0,0.0882174,0,0,0,0.0882174,0,0,0,0.203686
207260000000,/,drone1,29,0,"container1",world,11.1502,-4.93179,0,0.0882286,0,0,0,0.0882286,0,0,0,0.204112
207340000000,/,drone3,26,2,"container3",world,10.7909,10.3045,0,0.0878658,0,0,0,0.0878658,0,0,0,0.202583
207340000000,/,drone2,28,1,"container2",world,12.4392,3.19801,0,0.0877908,0,0,0,0.0877908,0,0,0,0.202857
207340000000,/,drone1,29,0,"container1",world,11.1502,-4.93039,0,0.0877961,0,0,0,0.0877961,0,0,0,0.203148
207408000000,/,drone3,26,2,"container3",world,10.7925,10.3103,0,0.0879488,0,0,0,0.0879488,0,0,0,0.202769
207408000000,/,drone2,28,1,"container2",world,12.4434,3.20158,0,0.0880079,0,0,0,0.0880079,0,0,0,0.203184
207408000000,/,drone1,29,0,"container1",world,11.1507,-4.92922,0,0.0879974,0,0,0,0.0879974,0,0,0,0.20335
207500000000,/,drone3,26,2,"container3",world,10.7936,10.3159,0,0.0882224,0,0,0,0.0882224,0,0,0,0.203286
207500000000,/,drone2,28,1,"container2",world,12.4458,3.2062,0,0.0883974,0,0,0,0.0883974,0,0,0,0.203825
207500000000,/,drone1,29,0,"container1",world,11.1507,-4.92838,0,0.0883766,0,0,0,0.0883766,0,0,0,0.203893
207576000000,/,drone3,26,2,"container3",world,10.7956,10.3233,0,0.0879866,0,0,0,0.0879866,0,0,0,0.2029
207576000000,/,drone2,28,1,"container2",world,12.4486,3.21316,0,0.0879297,0,0,0,0.0879297,0,0,0,0.202949
207576000000,/,drone1,29,0,"container1",world,11.1514,-4.9273,0,0.0879068,0,0,0,0.0879068,0,0,0,0.20293
207672000000,/,drone3,26,2,"container3",world,10.7995,10.3296,0,0.0880792,0,0,0,0.0880792,0,0,0,0.203093
207672000000,/,drone2,28,1,"container2",world,12.4517,3.22064,0,0.0880064,0,0,0,0.0880064,0,0,0,0.20305
207672000000,/,drone1,29,0,"container1",world,11.156,-4.92646,0,0.0879261,0,0,0,0.0879261,0,0,0,0.202867
207736000000,/,drone3,26,2,"container3",world,10.8061,10.3362,0,0.087793,0,0,0,0.087793,0,0,0,0.20259
207736000000,/,drone2,28,1,"container2",world,12.4553,3.22668,0,0.0876478,0,0,0,0.0876478,0,0,0,0.202372
207736000000,/,drone1,29,0,"container1",world,11.1601,-4.92731,0,0.0876196,0,0,0,0.0876196,0,0,0,0.202246
207804000000,/,drone3,26,2,"container3",world,10.8115,10.3425,0,0.0878812,0,0,0,0.0878812,0,0,0,0.202746
207804000000,/,drone2,28,1,"container2",world,12.4584,3.23079,0,0.0879087,0,0,0,0.0879087,0,0,0,0.202808
207804000000,/,drone1,29,0,"container1",world,11.1626,-4.9318,0,0.0877882,0,0,0,0.0877882,0,0,0,0.202495
207872000000,/,drone3,26,2,"container3",world,10.8167,10.3485,0,0.0881609,0,0,0,0.0881609,0,0,0,0.203238
207872000000,/,drone2,28,1,"container2",world,12.4622,3.2335,0,0.0883274,0,0,0,0.0883274,0,0,0,0.203531
207872000000,/,drone1,29,0,"container1",world,11.1632,-4.93482,0,0.0881664,0,0,0,0.0881664,0,0,0,0.203143
207936000000,/,drone3,26,2,"container3",world,10.8213,10.3559,0,0.0879338,0,0,0,0.0879338,0,0,0,0.20283
207936000000,/,drone2,28,1,"container2",world,12.4679,3.23602,0,0.0878834,0,0,0,0.0878834,0,0,0,0.202732
207936000000,/,drone1,29,0,"container1",world,11.1631,-4.93779,0,0.0878486,0,0,0,0.0878486,0,0,0,0.202562
207968000000,/,drone3,26,2,"container3",world,10.827,10.3627,0,0.0880342,0,0,0,0.0880342,0,0,0,0.203006
207968000000,/,drone2,28,1,"container2",world,12.4724,3.23782,0,0.0880939,0,0,0,0.0880939,0,0,0,0.203105
207968000000,/,drone1,29,0,"container1",world,11.1617,-4.94145,0,0.0880939,0,0,0,0.0880939,0,0,0,0.202999
208020000000,/,drone3,26,2,"container3",world,10.831,10.3675,0,0.0879636,0,0,0,0.0879636,0,0,0,0.202878
208020000000,/,drone2,28,1,"container2",world,12.475,3.23906,0,0.0879651,0,0,0,0.0879651,0,0,0,0.202875
208020000000,/,drone1,29,0,"container1",world,11.161,-4.94359,0,0.0879745,0,0,0,0.0879745,0,0,0,0.20279
208060000000,/,drone3,26,2,"container3",world,10.8357,10.3713,0,0.0878192,0,0,0,0.0878192,0,0,0,0.202613
208060000000,/,drone2,28,1,"container2",world,12.4778,3.24152,0,0.0876697,0,0,0,0.0876697,0,0,0,0.202333
208060000000,/,drone1,29,0,"container1",world,11.1599,-4.94603,0,0.0876329,0,0,0,0.0876329,0,0,0,0.202169
208112000000,/,drone3,26,2,"container3",world,10.8419,10.3762,0,0.0880056,0,0,0,0.0880056,0,0,0,0.202921
208112000000,/,drone2,28,1,"container2",world,12.4786,3.24051,0,0.0877255,0,0,0,0.0877255,0,0,0,0.202417
208112000000,/,drone1,29,0,"container1",world,11.1594,-4.94298,0,0.087906,0,0,0,0.087906,0,0,0,0.202645
208168000000,/,drone3,26,2,"container3",world,10.8459,10.3799,0,0.0879763,0,0,0,0.0879763,0,0,0,0.202856
208168000000,/,drone2,28,1,"container2",world,12.4788,3.24062,0,0.0876774,0,0,0,0.0876774,0,0,0,0.202327
208168000000,/,drone1,29,0,"container1",world,11.1579,-4.94219,0,0.0878517,0,0,0,0.0878517,0,0,0,0.202549
208200000000,/,drone3,26,2,"container3",world,10.8488,10.3838,0,0.0881991,0,0,0,0.0881991,0,0,0,0.203237
208200000000,/,drone2,28,1,"container2",world,12.4793,3.23872,0,0.0877856,0,0,0,0.0877856,0,0,0,0.202512
208200000000,/,drone1,29,0,"container1",world,11.1561,-4.93842,0,0.0880773,0,0,0,0.0880773,0,0,0,0.202949
208260000000,/,drone3,26,2,"container3",world,10.8507,10.3865,0,0.0881768,0,0,0,0.0881768,0,0,0,0.203194
208260000000,/,drone2,28,1,"container2",world,12.4795,3.23849,0,0.0877447,0,0,0,0.0877447,0,0,0,0.202438
208260000000,/,drone1,29,0,"container1",world,11.1546,-4.93767,0,0.0879998,0,0,0,0.0879998,0,0,0,0.202818
208300000000,/,drone3,26,2,"container3",world,10.8527,10.3902,0,0.0879361,0,0,0,0.0879361,0,0,0,0.202758
208300000000,/,drone2,28,1,"container2",world,12.4903,3.24834,0,0.0878879,0,0,0,0.0878879,0,0,0,0.202695
208300000000,/,drone1,29,0,"container1",world,11.1555,-4.94976,0,0.0878532,0,0,0,0.0878532,0,0,0,0.202573
208336000000,/,drone3,26,2,"container3",world,10.8548,10.3934,0,0.0881635,0,0,0,0.0881635,0,0,0,0.203154
208336000000,/,drone2,28,1,"container2",world,12.498,3.25467,0,0.0881071,0,0,0,0.0881071,0,0,0,0.203078
208336000000,/,drone1,29,0,"container1",world,11.1578,-4.95496,0,0.0882819,0,0,0,0.0882819,0,0,0,0.203341
208380000000,/,drone3,26,2,"container3",world,10.8571,10.396,0,0.0881445,0,0,0,0.0881445,0,0,0,0.20312
208380000000,/,drone2,28,1,"container2",world,12.5067,3.25553,0,0.0880146,0,0,0,0.0880146,0,0,0,0.202918
208380000000,/,drone1,29,0,"container1",world,11.1594,-4.9587,0,0.0880079,0,0,0,0.0880079,0,0,0,0.20287
208400000000,/,drone3,26,2,"container3",world,10.8613,10.3981,0,0.0880154,0,0,0,0.0880154,0,0,0,0.202889
208400000000,/,drone2,28,1,"container2",world,12.5097,3.25616,0,0.0879313,0,0,0,0.0879313,0,0,0,0.20277
208400000000,/,drone1,29,0,"container1",world,11.1585,-4.95957,0,0.0878306,0,0,0,0.0878306,0,0,0,0.202557
208464000000,/,drone3,26,2,"container3",world,10.8655,10.4006,0,0.0881909,0,0,0,0.0881909,0,0,0,0.20319
208464000000,/,drone2,28,1,"container2",world,12.5199,3.25956,0,0.0881374,0,0,0,0.0881374,0,0,0,0.20313
208464000000,/,drone1,29,0,"container1",world,11.1616,-4.96388,0,0.0880545,0,0,0,0.0880545,0,0,0,0.202964
208500000000,/,drone3,26,2,"container3",world,10.8685,10.4025,0,0.0881474,0,0,0,0.0881474,0,0,0,0.203111
208500000000,/,drone2,28,1,"container2",world,12.5238,3.26081,0,0.0881231,0,0,0,0.0881231,0,0,0,0.203104
208500000000,/,drone1,29,0,"container1",world,11.1624,-4.96495,0,0.0881102,0,0,0,0.0881102,0,0,0,0.203065
208564000000,/,drone3,26,2,"container3",world,10.8715,10.4045,0,0.0878998,0,0,0,0.0878998,0,0,0,0.202664
208564000000,/,drone2,28,1,"container2",world,12.533,3.26393,0,0.087778,0,0,0,0.087778,0,0,0,0.202481
208564000000,/,drone1,29,0,"container1",world,11.1644,-4.96758,0,0.0877814,0,0,0,0.0877814,0,0,0,0.202477
208600000000,/,drone3,26,2,"container3",world,10.8738,10.406,0,0.0876781,0,0,0,0.0876781,0,0,0,0.202256
208600000000,/,drone2,28,1,"container2",world,12.5397,3.26609,0,0.0875439,0,0,0,0.0875439,0,0,0,0.202048
208600000000,/,drone1,29,0,"container1",world,11.1655,-4.96932,0,0.0875509,0,0,0,0.0875509,0,0,0,0.202055
208644000000,/,drone3,26,2,"container3",world,10.8768,10.4075,0,0.0879259,0,0,0,0.0879259,0,0,0,0.202682
208644000000,/,drone2,28,1,"container2",world,12.5457,3.26833,0,0.0880237,0,0,0,0.0880237,0,0,0,0.202886
208644000000,/,drone1,29,0,"container1",world,11.1664,-4.97095,0,0.0880311,0,0,0,0.0880311,0,0,0,0.202898
208696000000,/,drone3,26,2,"container3",world,10.8808,10.4093,0,0.0878185,0,0,0,0.0878185,0,0,0,0.20248
208696000000,/,drone2,28,1,"container2",world,12.552,3.27113,0,0.0879058,0,0,0,0.0879058,0,0,0,0.202671
208696000000,/,drone1,29,0,"container1",world,11.166,-4.97218,0,0.0878582,0,0,0,0.0878582,0,0,0,0.202588
208728000000,/,drone3,26,2,"container3",world,10.8827,10.4102,0,0.0877646,0,0,0,0.0877646,0,0,0,0.202379
208728000000,/,drone2,28,1,"container2",world,12.558,3.27577,0,0.0881152,0,0,0,0.0881152,0,0,0,0.203037
208728000000,/,drone1,29,0,"container1",world,11.1672,-4.9741,0,0.0882809,0,0,0,0.0882809,0,0,0,0.203336
208792000000,/,drone3,26,2,"container3",world,10.8845,10.4116,0,0.0879547,0,0,0,0.0879547,0,0,0,0.202718
208792000000,/,drone2,28,1,"container2",world,12.5616,3.2758,0,0.0882742,0,0,0,0.0882742,0,0,0,0.203319
208792000000,/,drone1,29,0,"container1",world,11.1663,-4.97461,0,0.0880671,0,0,0,0.0880671,0,0,0,0.202967
208820000000,/,drone3,26,2,"container3",world,10.8846,10.4125,0,0.0879289,0,0,0,0.0879289,0,0,0,0.202673
208820000000,/,drone2,28,1,"container2",world,12.5631,3.2765,0,0.0882543,0,0,0,0.0882543,0,0,0,0.203283
208820000000,/,drone1,29,0,"container1",world,11.1668,-4.97535,0,0.0879521,0,0,0,0.0879521,0,0,0,0.202764
208872000000,/,drone3,26,2,"container3",world,10.8841,10.4131,0,0.0881563,0,0,0,0.0881563,0,0,0,0.203072
208872000000,/,drone2,28,1,"container2",world,12.5701,3.35899,0,0.109947,0,0,0,0.109947,0,0,0,0.242149
208872000000,/,drone1,29,0,"container1",world,11.1679,-4.97674,0,0.0882149,0,0,0,0.0882149,0,0,0,0.203226
208900000000,/,drone3,26,2,"container3",world,10.8838,10.4136,0,0.0881379,0,0,0,0.0881379,0,0,0,0.203043
208900000000,/,drone2,28,1,"container2",world,12.5725,3.36986,0,0.113351,0,0,0,0.113351,0,0,0,0.247947
208900000000,/,drone1,29,0,"container1",world,11.1677,-4.97709,0,0.088149,0,0,0,0.088149,0,0,0,0.203114
208980000000,/,drone3,26,2,"container3",world,10.8828,10.4144,0,0.0879019,0,0,0,0.0879019,0,0,0,0.202621
208980000000,/,drone2,28,1,"container2",world,12.5834,3.36439,0,0.108829,0,0,0,0.108829,0,0,0,0.24184
208980000000,/,drone1,29,0,"container1",world,11.1685,-4.97787,0,0.08779,0,0,0,0.08779,0,0,0,0.202471
209052000000,/,drone3,26,2,"container3",world,10.8816,10.4151,0,0.0876855,0,0,0,0.0876855,0,0,0,0.202228
209052000000,/,drone2,28,1,"container2",world,12.5914,3.36099,0,0.105468,0,0,0,0.105468,0,0,0,0.236997
209052000000,/,drone1,29,0,"container1",world,11.1692,-4.9783,0,0.087552,0,0,0,0.087552,0,0,0,0.202034
209100000000,/,drone3,26,2,"container3",world,10.8828,10.4165,0,0.0878137,0,0,0,0.0878137,0,0,0,0.202448
209100000000,/,drone2,28,1,"container2",world,12.6093,3.3527,0,0.100394,0,0,0,0.100394,0,0,0,0.229249
209100000000,/,drone1,29,0,"container1",world,11.1708,-4.97942,0,0.0877916,0,0,0,0.0877916,0,0,0,0.202447
209188000000,/,drone3,26,2,"container3",world,10.8863,10.4184,0,0.0881168,0,0,0,0.0881168,0,0,0,0.20298
209188000000,/,drone2,28,1,"container2",world,12.6241,3.34997,0,0.0983444,0,0,0,0.0983444,0,0,0,0.226069
209188000000,/,drone1,29,0,"container1",world,11.1717,-4.97998,0,0.0882636,0,0,0,0.0882636,0,0,0,0.203279
209256000000,/,drone3,26,2,"container3",world,10.8903,10.4208,0,0.0880139,0,0,0,0.0880139,0,0,0,0.202802
209256000000,/,drone2,28,1,"container2",world,12.6415,3.34651,0,0.0955847,0,0,0,0.0955847,0,0,0,0.221334
209256000000,/,drone1,29,0,"container1",world,11.1728,-4.98046,0,0.0880007,0,0,0,0.0880007,0,0,0,0.202821
209324000000,/,drone3,26,2,"container3",world,10.8954,10.4245,0,0.0880694,0,0,0,0.0880694,0,0,0,0.202907
209324000000,/,drone2,28,1,"container2",world,12.6642,3.34262,0,0.0930634,0,0,0,0.0930634,0,0,0,0.216637
209324000000,/,drone1,29,0,"container1",world,11.1747,-4.98158,0,0.0880946,0,0,0,0.0880946,0,0,0,0.20299
209392000000,/,drone3,26,2,"container3",world,10.9008,10.4282,0,0.0878693,0,0,0,0.0878693,0,0,0,0.202553
209392000000,/,drone2,28,1,"container2",world,12.6774,3.33976,0,0.0911532,0,0,0,0.0911532,0,0,0,0.212864
209392000000,/,drone1,29,0,"container1",world,11.1748,-4.98224,0,0.0877755,0,0,0,0.0877755,0,0,0,0.202418
209452000000,/,drone3,26,2,"container3",world,10.9051,10.4311,0,0.0876708,0,0,0,0.0876708,0,0,0,0.202193
209452000000,/,drone2,28,1,"container2",world,12.6837,3.33833,0,0.0901452,0,0,0,0.0901452,0,0,0,0.210781
209452000000,/,drone1,29,0,"container1",world,11.1769,-4.97846,0,0.0879069,0,0,0,0.0879069,0,0,0,0.202634
209492000000,/,drone3,26,2,"container3",world,10.9113,10.4364,0,0.0876968,0,0,0,0.0876968,0,0,0,0.202232
209492000000,/,drone2,28,1,"container2",world,12.6933,3.33667,0,0.0892742,0,0,0,0.0892742,0,0,0,0.208584
209492000000,/,drone1,29,0,"container1",world,11.1785,-4.98307,0,0.0877691,0,0,0,0.0877691,0,0,0,0.202379
209528000000,/,drone3,26,2,"container3",world,10.9154,10.4403,0,0.08806,0,0,0,0.08806,0,0,0,0.202874
209528000000,/,drone2,28,1,"container2",world,12.6983,3.33623,0,0.0893771,0,0,0,0.0893771,0,0,0,0.20841
209528000000,/,drone1,29,0,"container1",world,11.2187,-4.73163,0,0.0880955,0,0,0,0.0880955,0,0,0,0.202946
209528000000,/,drone2,30,0,"container1",world,11.0239,-5.9879,0,0.0884188,0,0,0,0.0884188,0,0,0,0.203569
209592000000,/,drone3,26,2,"container3",world,10.9192,10.4443,0,0.0879859,0,0,0,0.0879859,0,0,0,0.20275
209592000000,/,drone2,28,1,"container2",world,12.7028,3.33635,0,0.0887366,0,0,0,0.0887366,0,0,0,0.206806
209592000000,/,drone1,29,0,"container1",world,11.2393,-4.60664,0,0.0880036,0,0,0,0.0880036,0,0,0,0.202786
209592000000,/,drone2,30,0,"container1",world,11.0239,-5.99125,0,0.0881667,0,0,0,0.0881667,0,0,0,0.203126
209684000000,/,drone3,26,2,"container3",world,10.9218,10.4474,0,0.0878395,0,0,0,0.0878395,0,0,0,0.202491
209684000000,/,drone2,28,1,"container2",world,12.7054,3.33663,0,0.0883024,0,0,0,0.0883024,0,0,0,0.205726
209684000000,/,drone1,29,0,"container1",world,11.2496,-4.54366,0,0.0878483,0,0,0,0.0878483,0,0,0,0.20251
209684000000,/,drone2,30,0,"container1",world,11.024,-5.99455,0,0.0879308,0,0,0,0.0879308,0,0,0,0.202705
209780000000,/,drone3,26,2,"container3",world,10.9241,10.4512,0,0.0879827,0,0,0,0.0879827,0,0,0,0.202753
209780000000,/,drone2,28,1,"container2",world,12.7099,3.33639,0,0.0881807,0,0,0,0.0881807,0,0,0,0.204925
209780000000,/,drone1,29,0,"container1",world,11.2546,-4.51089,0,0.0878668,0,0,0,0.0878668,0,0,0,0.20255
209780000000,/,drone2,30,0,"container1",world,11.0148,-6.00162,0,0.0879082,0,0,0,0.0879082,0,0,0,0.202665
209820000000,/,drone3,26,2,"container3",world,10.9256,10.4541,0,0.0879341,0,0,0,0.0879341,0,0,0,0.202672
209820000000,/,drone2,28,1,"container2",world,12.7127,3.33566,0,0.0878101,0,0,0,0.0878101,0,0,0,0.203812
209820000000,/,drone1,29,0,"container1",world,11.2571,-4.49452,0,0.087876,0,0,0,0.087876,0,0,0,0.20257
209820000000,/,drone2,30,0,"container1",world,11.0047,-6.00812,0,0.0876905,0,0,0,0.0876905,0,0,0,0.202265
209900000000,/,drone3,26,2,"container3",world,10.9265,10.4575,0,0.0877035,0,0,0,0.0877035,0,0,0,0.202254
209900000000,/,drone2,28,1,"container2",world,12.7178,3.3378,0,0.08769,0,0,0,0.08769,0,0,0,0.203105
209900000000,/,drone1,29,0,"container1",world,11.2565,-4.4858,0,0.0876741,0,0,0,0.0876741,0,0,0,0.202203
209900000000,/,drone2,30,0,"container1",world,10.9917,-6.01504,0,0.0877067,0,0,0,0.0877067,0,0,0,0.202279
209980000000,/,drone3,26,2,"container3",world,10.9265,10.4638,0,0.0880631,0,0,0,0.0880631,0,0,0,0.202886
209980000000,/,drone2,28,1,"container2",world,12.7218,3.33581,0,0.0882403,0,0,0,0.0882403,0,0,0,0.20385
209980000000,/,drone1,29,0,"container1",world,11.2509,-4.48026,0,0.0880486,0,0,0,0.0880486,0,0,0,0.20286
209980000000,/,drone2,30,0,"container1",world,10.9826,-6.0201,0,0.0880648,0,0,0,0.0880648,0,0,0,0.202907
210068000000,/,drone3,26,2,"container3",world,10.9257,10.4696,0,0.0878782,0,0,0,0.0878782,0,0,0,0.20256
210068000000,/,drone2,28,1,"container2",world,12.7228,3.33518,0,0.0878379,0,0,0,0.0878379,0,0,0,0.202843
210068000000,/,drone1,29,0,"container1",world,11.2458,-4.47832,0,0.0878709,0,0,0,0.0878709,0,0,0,0.202547
210068000000,/,drone2,30,0,"container1",world,10.973,-6.02596,0,0.0878791,0,0,0,0.0878791,0,0,0,0.202577
210140000000,/,drone3,26,2,"container3",world,10.9244,10.4745,0,0.0880019,0,0,0,0.0880019,0,0,0,0.202788
210140000000,/,drone2,28,1,"container2",world,12.7205,3.33554,0,0.0880736,0,0,0,0.0880736,0,0,0,0.203077
210140000000,/,drone1,29,0,"container1",world,11.2449,-4.47933,0,0.0879982,0,0,0,0.0879982,0,0,0,0.202781
210140000000,/,drone2,30,0,"container1",world,10.9662,-6.03074,0,0.0880025,0,0,0,0.0880025,0,0,0,0.202801
210212000000,/,drone3,26,2,"container3",world,10.9226,10.4787,0,0.0878352,0,0,0,0.0878352,0,0,0,0.202494
210212000000,/,drone2,28,1,"container2",world,12.7157,3.33637,0,0.0877118,0,0,0,0.0877118,0,0,0,0.202266
210212000000,/,drone1,29,0,"container1",world,11.2466,-4.48368,0,0.0877357,0,0,0,0.0877357,0,0,0,0.202309
210212000000,/,drone2,30,0,"container1",world,10.9608,-6.03525,0,0.087738,0,0,0,0.087738,0,0,0,0.202323
210300000000,/,drone3,26,2,"container3",world,10.9217,10.4827,0,0.0880113,0,0,0,0.0880113,0,0,0,0.202795
210300000000,/,drone2,28,1,"container2",world,12.7106,3.33751,0,0.0881169,0,0,0,0.0881169,0,0,0,0.202904
210300000000,/,drone1,29,0,"container1",world,11.2487,-4.48865,0,0.0878397,0,0,0,0.0878397,0,0,0,0.202489
210300000000,/,drone2,30,0,"container1",world,10.9573,-6.03825,0,0.0879632,0,0,0,0.0879632,0,0,0,0.202714
210376000000,/,drone3,26,2,"container3",world,10.9221,10.487,0,0.0882152,0,0,0,0.0882152,0,0,0,0.203153
210376000000,/,drone2,28,1,"container2",world,12.703,3.33937,0,0.0884081,0,0,0,0.0884081,0,0,0,0.20336
210376000000,/,drone1,29,0,"container1",world,11.2498,-4.49348,0,0.0881303,0,0,0,0.0881303,0,0,0,0.203001
210376000000,/,drone2,30,0,"container1",world,10.9529,-6.04054,0,0.0881915,0,0,0,0.0881915,0,0,0,0.203114
210464000000,/,drone3,26,2,"container3",world,10.9227,10.49,0,0.0880637,0,0,0,0.0880637,0,0,0,0.202891
210464000000,/,drone2,28,1,"container2",world,12.6965,3.34066,0,0.0880001,0,0,0,0.0880001,0,0,0,0.202631
210464000000,/,drone1,29,0,"container1",world,11.2484,-4.49802,0,0.087912,0,0,0,0.087912,0,0,0,0.202618
210464000000,/,drone2,30,0,"container1",world,10.9503,-6.04009,0,0.087943,0,0,0,0.087943,0,0,0,0.202677
210548000000,/,drone3,26,2,"container3",world,10.9222,10.4924,0,0.0880943,0,0,0,0.0880943,0,0,0,0.202952
210548000000,/,drone2,28,1,"container2",world,12.6894,3.34323,0,0.0881703,0,0,0,0.0881703,0,0,0,0.202952
210548000000,/,drone1,29,0,"container1",world,11.248,-4.50368,0,0.0878985,0,0,0,0.0878985,0,0,0,0.202604
210548000000,/,drone2,30,0,"container1",world,10.951,-6.03739,0,0.0880342,0,0,0,0.0880342,0,0,0,0.202846
210608000000,/,drone3,26,2,"container3",world,10.9207,10.4938,0,0.0878817,0,0,0,0.0878817,0,0,0,0.202577
210608000000,/,drone2,28,1,"container2",world,12.6837,3.34545,0,0.087869,0,0,0,0.087869,0,0,0,0.202438
210608000000,/,drone1,29,0,"container1",world,11.2467,-4.50838,0,0.0876854,0,0,0,0.0876854,0,0,0,0.20222
210608000000,/,drone2,30,0,"container1",world,10.9537,-6.03353,0,0.0878516,0,0,0,0.0878516,0,0,0,0.202524
210700000000,/,drone3,26,2,"container3",world,10.9177,10.4938,0,0.0880344,0,0,0,0.0880344,0,0,0,0.202837
210700000000,/,drone2,28,1,"container2",world,12.6786,3.34614,0,0.0880569,0,0,0,0.0880569,0,0,0,0.202797
210700000000,/,drone1,29,0,"container1",world,11.2446,-4.51264,0,0.0878147,0,0,0,0.0878147,0,0,0,0.202445
210700000000,/,drone2,30,0,"container1",world,10.9604,-6.02876,0,0.0878976,0,0,0,0.0878976,0,0,0,0.202597
210796000000,/,drone3,26,2,"container3",world,10.9128,10.4924,0,0.0882267,0,0,0,0.0882267,0,0,0,0.203173
210796000000,/,drone2,28,1,"container2",world,12.6733,3.34768,0,0.088395,0,0,0,0.088395,0,0,0,0.203428
210796000000,/,drone1,29,0,"container1",world,11.2419,-4.51649,0,0.0881179,0,0,0,0.0881179,0,0,0,0.202979
210796000000,/,drone2,30,0,"container1",world,10.9683,-6.02431,0,0.088159,0,0,0,0.088159,0,0,0,0.203055
210880000000,/,drone3,26,2,"container3",world,10.9089,10.4895,0,0.0880695,0,0,0,0.0880695,0,0,0,0.202901
210880000000,/,drone2,28,1,"container2",world,12.6688,3.34795,0,0.088093,0,0,0,0.088093,0,0,0,0.202937
210880000000,/,drone1,29,0,"container1",world,11.2348,-4.52021,0,0.0879058,0,0,0,0.0879058,0,0,0,0.202607
210880000000,/,drone2,30,0,"container1",world,10.9756,-6.01868,0,0.0880355,0,0,0,0.0880355,0,0,0,0.202841
210960000000,/,drone3,26,2,"container3",world,10.9051,10.4848,0,0.0880972,0,0,0,0.0880972,0,0,0,0.202957
210960000000,/,drone2,28,1,"container2",world,12.6639,3.34484,0,0.088044,0,0,0,0.088044,0,0,0,0.20291
210960000000,/,drone1,29,0,"container1",world,11.2249,-4.52508,0,0.0878954,0,0,0,0.0878954,0,0,0,0.202599
210960000000,/,drone2,30,0,"container1",world,10.9857,-6.0082,0,0.0879605,0,0,0,0.0879605,0,0,0,0.202716
211024000000,/,drone3,26,2,"container3",world,10.9025,10.4797,0,0.0877858,0,0,0,0.0877858,0,0,0,0.202399
211024000000,/,drone2,28,1,"container2",world,12.6616,3.34228,0,0.087655,0,0,0,0.087655,0,0,0,0.202234
211024000000,/,drone1,29,0,"container1",world,11.2163,-4.53,0,0.0876839,0,0,0,0.0876839,0,0,0,0.202217
211024000000,/,drone2,30,0,"container1",world,10.9929,-5.99908,0,0.0877167,0,0,0,0.0877167,0,0,0,0.202277
211104000000,/,drone3,26,2,"container3",world,10.9006,10.4754,0,0.0878647,0,0,0,0.0878647,0,0,0,0.202534
211104000000,/,drone2,28,1,"container2",world,12.6637,3.3394,0,0.0876755,0,0,0,0.0876755,0,0,0,0.202272
211104000000,/,drone1,29,0,"container1",world,11.2081,-4.53481,0,0.0878139,0,0,0,0.0878139,0,0,0,0.202443
211104000000,/,drone2,30,0,"container1",world,10.9965,-5.99449,0,0.0875939,0,0,0,0.0875939,0,0,0,0.202056
211200000000,/,drone3,26,2,"container3",world,10.8974,10.4711,0,0.0881427,0,0,0,0.0881427,0,0,0,0.203023
211200000000,/,drone2,28,1,"container2",world,12.6607,3.33375,0,0.0882629,0,0,0,0.0882629,0,0,0,0.203335
211200000000,/,drone1,29,0,"container1",world,11.2015,-4.53941,0,0.0881176,0,0,0,0.0881176,0,0,0,0.202978
211200000000,/,drone2,30,0,"container1",world,11.0002,-5.98454,0,0.0880092,0,0,0,0.0880092,0,0,0,0.202788
211280000000,/,drone3,26,2,"container3",world,10.8892,10.4663,0,0.0879183,0,0,0,0.0879183,0,0,0,0.202629
211280000000,/,drone2,28,1,"container2",world,12.6549,3.32698,0,0.0878565,0,0,0,0.0878565,0,0,0,0.202634
211280000000,/,drone1,29,0,"container1",world,11.196,-4.54437,0,0.0879056,0,0,0,0.0879056,0,0,0,0.202607
211280000000,/,drone2,30,0,"container1",world,11.0013,-5.97399,0,0.087851,0,0,0,0.087851,0,0,0,0.202511
211364000000,/,drone3,26,2,"container3",world,10.8815,10.4624,0,0.0880218,0,0,0,0.0880218,0,0,0,0.202822
211364000000,/,drone2,28,1,"container2",world,12.6449,3.31873,0,0.0879527,0,0,0,0.0879527,0,0,0,0.202822
211364000000,/,drone1,29,0,"container1",world,11.1923,-4.5499,0,0.0878954,0,0,0,0.0878954,0,0,0,0.202598
211364000000,/,drone2,30,0,"container1",world,11.0019,-5.96403,0,0.0878681,0,0,0,0.0878681,0,0,0,0.202551
211444000000,/,drone3,26,2,"container3",world,10.8731,10.4585,0,0.0877477,0,0,0,0.0877477,0,0,0,0.20233
211444000000,/,drone2,28,1,"container2",world,12.6332,3.31393,0,0.0876032,0,0,0,0.0876032,0,0,0,0.202188
211444000000,/,drone1,29,0,"container1",world,11.1902,-4.55455,0,0.0876838,0,0,0,0.0876838,0,0,0,0.202217
211444000000,/,drone2,30,0,"container1",world,11.0016,-5.95621,0,0.0876701,0,0,0,0.0876701,0,0,0,0.202193
211532000000,/,drone3,26,2,"container3",world,10.8663,10.4549,0,0.0878457,0,0,0,0.0878457,0,0,0,0.2025
211532000000,/,drone2,28,1,"container2",world,12.6178,3.30825,0,0.0877556,0,0,0,0.0877556,0,0,0,0.202445
211532000000,/,drone1,29,0,"container1",world,11.1894,-4.55966,0,0.0877032,0,0,0,0.0877032,0,0,0,0.202244
211532000000,/,drone2,30,0,"container1",world,11.0005,-5.94821,0,0.0876963,0,0,0,0.0876963,0,0,0,0.202233
211608000000,/,drone3,26,2,"container3",world,10.8613,10.4503,0,0.0881333,0,0,0,0.0881333,0,0,0,0.203006
211608000000,/,drone2,28,1,"container2",world,12.6065,3.30503,0,0.0881262,0,0,0,0.0881262,0,0,0,0.203102
211608000000,/,drone1,29,0,"container1",world,11.189,-4.56416,0,0.087929,0,0,0,0.087929,0,0,0,0.20265
211608000000,/,drone2,30,0,"container1",world,10.9987,-5.94128,0,0.0879256,0,0,0,0.0879256,0,0,0,0.202644
211700000000,/,drone3,26,2,"container3",world,10.8567,10.4441,0,0.0879135,0,0,0,0.0879135,0,0,0,0.202621
211700000000,/,drone2,28,1,"container2",world,12.5965,3.30336,0,0.087805,0,0,0,0.087805,0,0,0,0.202527
211700000000,/,drone1,29,0,"container1",world,11.1885,-4.56832,0,0.0878107,0,0,0,0.0878107,0,0,0,0.202441
211700000000,/,drone2,30,0,"container1",world,10.9962,-5.93371,0,0.087809,0,0,0,0.087809,0,0,0,0.202439
211792000000,/,drone3,26,2,"container3",world,10.8522,10.4367,0,0.0878993,0,0,0,0.0878993,0,0,0,0.202606
211792000000,/,drone2,28,1,"container2",world,12.5884,3.29885,0,0.0878673,0,0,0,0.0878673,0,0,0,0.202639
211792000000,/,drone1,29,0,"container1",world,11.1877,-4.57303,0,0.0878479,0,0,0,0.0878479,0,0,0,0.202516
211792000000,/,drone2,30,0,"container1",world,10.9933,-5.92278,0,0.0878471,0,0,0,0.0878471,0,0,0,0.202515
211860000000,/,drone3,26,2,"container3",world,10.85,10.433,0,0.0878922,0,0,0,0.0878922,0,0,0,0.202598
211860000000,/,drone2,28,1,"container2",world,12.5863,3.29373,0,0.0879914,0,0,0,0.0879914,0,0,0,0.202851
211860000000,/,drone1,29,0,"container1",world,11.186,-4.57763,0,0.0879762,0,0,0,0.0879762,0,0,0,0.202749
211860000000,/,drone2,30,0,"container1",world,10.9862,-5.90953,0,0.0879757,0,0,0,0.0879757,0,0,0,0.202749
211920000000,/,drone3,26,2,"container3",world,10.8473,10.4284,0,0.0881298,0,0,0,0.0881298,0,0,0,0.203018
211920000000,/,drone2,28,1,"container2",world,12.5828,3.28615,0,0.0878197,0,0,0,0.0878197,0,0,0,0.202522
211920000000,/,drone1,29,0,"container1",world,11.1834,-4.58234,0,0.0877166,0,0,0,0.0877166,0,0,0,0.202281
211920000000,/,drone2,30,0,"container1",world,10.978,-5.89554,0,0.0877164,0,0,0,0.0877164,0,0,0,0.202281
211996000000,/,drone3,26,2,"container3",world,10.8373,10.4206,0,0.0881505,0,0,0,0.0881505,0,0,0,0.203044
211996000000,/,drone2,28,1,"container2",world,12.5748,3.28802,0,0.0880842,0,0,0,0.0880842,0,0,0,0.202972
211996000000,/,drone1,29,0,"container1",world,11.1814,-4.58569,0,0.087945,0,0,0,0.087945,0,0,0,0.202677
211996000000,/,drone2,30,0,"container1",world,10.9723,-5.88568,0,0.0879449,0,0,0,0.0879449,0,0,0,0.202677
212060000000,/,drone3,26,2,"container3",world,10.8286,10.415,0,0.0879315,0,0,0,0.0879315,0,0,0,0.202649
212060000000,/,drone2,28,1,"container2",world,12.567,3.28742,0,0.0878047,0,0,0,0.0878047,0,0,0,0.202465
212060000000,/,drone1,29,0,"container1",world,11.1787,-4.58914,0,0.087828,0,0,0,0.087828,0,0,0,0.202464
212060000000,/,drone2,30,0,"container1",world,10.9661,-5.87592,0,0.087828,0,0,0,0.087828,0,0,0,0.202465
212100000000,/,drone3,26,2,"container3",world,10.8196,10.4096,0,0.0879172,0,0,0,0.0879172,0,0,0,0.202629
212100000000,/,drone2,28,1,"container2",world,12.5553,3.28461,0,0.0878784,0,0,0,0.0878784,0,0,0,0.202598
212100000000,/,drone1,29,0,"container1",world,11.1751,-4.59371,0,0.0878655,0,0,0,0.0878655,0,0,0,0.202537
212100000000,/,drone2,30,0,"container1",world,10.9554,-5.86325,0,0.0878654,0,0,0,0.0878654,0,0,0,0.202537
212164000000,/,drone3,26,2,"container3",world,10.814,10.4059,0,0.0878011,0,0,0,0.0878011,0,0,0,0.202423
212164000000,/,drone2,28,1,"container2",world,12.5495,3.28268,0,0.0877331,0,0,0,0.0877331,0,0,0,0.202334
212164000000,/,drone1,29,0,"container1",world,11.1725,-4.59803,0,0.0881248,0,0,0,0.0881248,0,0,0,0.202997
212164000000,/,drone2,30,0,"container1",world,10.948,-5.85417,0,0.0877751,0,0,0,0.0877751,0,0,0,0.202377
212200000000,/,drone3,26,2,"container3",world,10.8095,10.4018,0,0.0879607,0,0,0,0.0879607,0,0,0,0.202712
212200000000,/,drone2,28,1,"container2",world,12.5412,3.27838,0,0.0880233,0,0,0,0.0880233,0,0,0,0.202853
212200000000,/,drone1,29,0,"container1",world,11.171,-4.60112,0,0.0881221,0,0,0,0.0881221,0,0,0,0.202999
212200000000,/,drone2,30,0,"container1",world,10.9372,-5.84371,0,0.0879478,0,0,0,0.0879478,0,0,0,0.20269
212276000000,/,drone3,26,2,"container3",world,10.8045,10.3975,0,0.0878124,0,0,0,0.0878124,0,0,0,0.20245
212276000000,/,drone2,28,1,"container2",world,12.5341,3.27701,0,0.0878621,0,0,0,0.0878621,0,0,0,0.202566
212276000000,/,drone1,29,0,"container1",world,11.1702,-4.60602,0,0.0878937,0,0,0,0.0878937,0,0,0,0.202594
212276000000,/,drone2,30,0,"container1",world,10.9273,-5.83564,0,0.0879141,0,0,0,0.0879141,0,0,0,0.202634
212300000000,/,drone3,26,2,"container3",world,10.8005,10.3939,0,0.0876403,0,0,0,0.0876403,0,0,0,0.202137
212300000000,/,drone2,28,1,"container2",world,12.5267,3.27304,0,0.0875664,0,0,0,0.0875664,0,0,0,0.202023
212300000000,/,drone1,29,0,"container1",world,11.1695,-4.61041,0,0.0876813,0,0,0,0.0876813,0,0,0,0.20221
212300000000,/,drone2,30,0,"container1",world,10.9136,-5.8252,0,0.0876915,0,0,0,0.0876915,0,0,0,0.20223
212364000000,/,drone3,26,2,"container3",world,10.7965,10.3897,0,0.0877911,0,0,0,0.0877911,0,0,0,0.2024
212364000000,/,drone2,28,1,"container2",world,12.5154,3.26836,0,0.0878478,0,0,0,0.0878478,0,0,0,0.202512
212364000000,/,drone1,29,0,"container1",world,11.1683,-4.61656,0,0.0878114,0,0,0,0.0878114,0,0,0,0.202436
212364000000,/,drone2,30,0,"container1",world,10.8991,-5.81355,0,0.0878165,0,0,0,0.0878165,0,0,0,0.202446
212400000000,/,drone3,26,2,"container3",world,10.7937,10.3867,0,0.0877558,0,0,0,0.0877558,0,0,0,0.202332
212400000000,/,drone2,28,1,"container2",world,12.5112,3.26785,0,0.0878628,0,0,0,0.0878628,0,0,0,0.202535
212400000000,/,drone1,29,0,"container1",world,11.1671,-4.62158,0,0.087766,0,0,0,0.087766,0,0,0,0.20235
212400000000,/,drone2,30,0,"container1",world,10.8919,-5.80774,0,0.0878788,0,0,0,0.0878788,0,0,0,0.202553
212456000000,/,drone3,26,2,"container3",world,10.7916,10.3842,0,0.0880881,0,0,0,0.0880881,0,0,0,0.20292
212456000000,/,drone2,28,1,"container2",world,12.5085,3.26598,0,0.0880411,0,0,0,0.0880411,0,0,0,0.202851
212456000000,/,drone1,29,0,"container1",world,11.1662,-4.62773,0,0.0879595,0,0,0,0.0879595,0,0,0,0.202699
212456000000,/,drone2,30,0,"container1",world,10.8883,-5.80484,0,0.0879099,0,0,0,0.0879099,0,0,0,0.202607
212496000000,/,drone3,26,2,"container3",world,10.7934,10.3817,0,0.0879993,0,0,0,0.0879993,0,0,0,0.202771
212496000000,/,drone2,28,1,"container2",world,12.5096,3.26628,0,0.0879584,0,0,0,0.0879584,0,0,0,0.202709
212496000000,/,drone1,29,0,"container1",world,11.1653,-4.63266,0,0.0879349,0,0,0,0.0879349,0,0,0,0.20266
212496000000,/,drone2,30,0,"container1",world,10.8865,-5.80339,0,0.0879254,0,0,0,0.0879254,0,0,0,0.202633
212584000000,/,drone3,26,2,"container3",world,10.7956,10.3795,0,0.0878457,0,0,0,0.0878457,0,0,0,0.2025
212584000000,/,drone2,28,1,"container2",world,12.5106,3.26655,0,0.0878831,0,0,0,0.0878831,0,0,0,0.202575
212584000000,/,drone1,29,0,"container1",world,11.1634,-4.63917,0,0.0881622,0,0,0,0.0881622,0,0,0,0.203064
212584000000,/,drone2,30,0,"container1",world,10.8856,-5.80267,0,0.0879332,0,0,0,0.0879332,0,0,0,0.202647
212656000000,/,drone3,26,2,"container3",world,10.7958,10.3762,0,0.0879855,0,0,0,0.0879855,0,0,0,0.202756
212656000000,/,drone2,28,1,"container2",world,12.4889,3.29253,0,0.0983494,0,0,0,0.0983494,0,0,0,0.223011
212656000000,/,drone1,29,0,"container1",world,11.1617,-4.64439,0,0.0881434,0,0,0,0.0881434,0,0,0,0.203037
212656000000,/,drone2,30,0,"container1",world,10.8716,-5.77664,0,0.105325,0,0,0,0.105325,0,0,0,0.235473
212720000000,/,drone3,26,2,"container3",world,10.7949,10.3721,0,0.0878269,0,0,0,0.0878269,0,0,0,0.202476
212720000000,/,drone2,28,1,"container2",world,12.4807,3.28585,0,0.0976431,0,0,0,0.0976431,0,0,0,0.222674
212720000000,/,drone1,29,0,"container1",world,11.1593,-4.6509,0,0.0879065,0,0,0,0.0879065,0,0,0,0.202618
212720000000,/,drone2,30,0,"container1",world,10.8655,-5.76197,0,0.10704,0,0,0,0.10704,0,0,0,0.24003
212800000000,/,drone3,26,2,"container3",world,10.7948,10.3673,0,0.0880072,0,0,0,0.0880072,0,0,0,0.202785
212800000000,/,drone2,28,1,"container2",world,12.4741,3.27463,0,0.0960567,0,0,0,0.0960567,0,0,0,0.220404
212800000000,/,drone1,29,0,"container1",world,11.1557,-4.65833,0,0.0880467,0,0,0,0.0880467,0,0,0,0.202856
212800000000,/,drone2,30,0,"container1",world,10.8576,-5.74821,0,0.105592,0,0,0,0.105592,0,0,0,0.238895
212872000000,/,drone3,26,2,"container3",world,10.7936,10.3621,0,0.0878653,0,0,0,0.0878653,0,0,0,0.202529
212872000000,/,drone2,28,1,"container2",world,12.467,3.26396,0,0.093891,0,0,0,0.093891,0,0,0,0.216806
212872000000,/,drone1,29,0,"container1",world,11.152,-4.66547,0,0.0878852,0,0,0,0.0878852,0,0,0,0.202564
212872000000,/,drone2,30,0,"container1",world,10.8501,-5.73434,0,0.10273,0,0,0,0.10273,0,0,0,0.23488
212916000000,/,drone3,26,2,"container3",world,10.7896,10.3548,0,0.0878884,0,0,0,0.0878884,0,0,0,0.202577
212916000000,/,drone2,28,1,"container2",world,12.4591,3.24501,0,0.0914466,0,0,0,0.0914466,0,0,0,0.212351
212916000000,/,drone1,29,0,"container1",world,11.1479,-4.67523,0,0.0877888,0,0,0,0.0877888,0,0,0,0.202398
212916000000,/,drone2,30,0,"container1",world,10.8337,-5.71179,0,0.0987128,0,0,0,0.0987128,0,0,0,0.228298
212984000000,/,drone3,26,2,"container3",world,10.7852,10.3481,0,0.0881395,0,0,0,0.0881395,0,0,0,0.203025
212984000000,/,drone2,28,1,"container2",world,12.453,3.23235,0,0.0905007,0,0,0,0.0905007,0,0,0,0.210429
212984000000,/,drone1,29,0,"container1",world,11.1457,-4.68271,0,0.0879575,0,0,0,0.0879575,0,0,0,0.202707
212984000000,/,drone2,30,0,"container1",world,10.8161,-5.69145,0,0.0958409,0,0,0,0.0958409,0,0,0,0.223238
213032000000,/,drone3,26,2,"container3",world,10.7822,10.3434,0,0.0881323,0,0,0,0.0881323,0,0,0,0.203019
213032000000,/,drone2,28,1,"container2",world,12.4496,3.22608,0,0.089822,0,0,0,0.089822,0,0,0,0.209039
213032000000,/,drone1,29,0,"container1",world,11.1442,-4.68654,0,0.0879214,0,0,0,0.0879214,0,0,0,0.202648
213032000000,/,drone2,30,0,"container1",world,10.8025,-5.6767,0,0.0938258,0,0,0,0.0938258,0,0,0,0.219509
213084000000,/,drone3,26,2,"container3",world,10.7793,10.3365,0,0.0878036,0,0,0,0.0878036,0,0,0,0.20243
213084000000,/,drone2,28,1,"container2",world,12.444,3.21996,0,0.0888849,0,0,0,0.0888849,0,0,0,0.207043
213084000000,/,drone1,29,0,"container1",world,11.1427,-4.68851,0,0.087697,0,0,0,0.087697,0,0,0,0.202242
213084000000,/,drone2,30,0,"container1",world,10.7901,-5.66173,0,0.0920011,0,0,0,0.0920011,0,0,0,0.215838
213128000000,/,drone3,26,2,"container3",world,10.7775,10.3311,0,0.0879957,0,0,0,0.0879957,0,0,0,0.202763
213128000000,/,drone2,28,1,"container2",world,12.4405,3.21609,0,0.0890196,0,0,0,0.0890196,0,0,0,0.207055
213128000000,/,drone1,29,0,"container1",world,11.1412,-4.68943,0,0.0879428,0,0,0,0.0879428,0,0,0,0.202671
213128000000,/,drone2,30,0,"container1",world,10.7805,-5.64967,0,0.0911491,0,0,0,0.0911491,0,0,0,0.213911
213188000000,/,drone3,26,2,"container3",world,10.7769,10.3248,0,0.0878595,0,0,0,0.0878595,0,0,0,0.202518
213188000000,/,drone2,28,1,"container2",world,12.4363,3.21119,0,0.0884629,0,0,0,0.0884629,0,0,0,0.205725
213188000000,/,drone1,29,0,"container1",world,11.1382,-4.68973,0,0.0881813,0,0,0,0.0881813,0,0,0,0.203091
213188000000,/,drone2,30,0,"container1",world,10.7709,-5.63615,0,0.0901276,0,0,0,0.0901276,0,0,0,0.211515
213212000000,/,drone3,26,2,"container3",world,10.7767,10.32,0,0.0881401,0,0,0,0.0881401,0,0,0,0.203016
213212000000,/,drone2,28,1,"container2",world,12.4333,3.20768,0,0.0887471,0,0,0,0.0887471,0,0,0,0.206008
213212000000,/,drone1,29,0,"container1",world,11.1367,-4.68987,0,0.0882998,0,0,0,0.0882998,0,0,0,0.203299
213212000000,/,drone2,30,0,"container1",world,10.7646,-5.62482,0,0.0897961,0,0,0,0.0897961,0,0,0,0.210441
213280000000,/,drone3,26,2,"container3",world,10.7761,10.3139,0,0.088026,0,0,0,0.088026,0,0,0,0.202822
213280000000,/,drone2,28,1,"container2",world,12.4293,3.20338,0,0.0883023,0,0,0,0.0883023,0,0,0,0.204909
213280000000,/,drone1,29,0,"container1",world,11.1345,-4.68995,0,0.0881063,0,0,0,0.0881063,0,0,0,0.202964
213280000000,/,drone2,30,0,"container1",world,10.7601,-5.61193,0,0.0891694,0,0,0,0.0891694,0,0,0,0.208731
213300000000,/,drone3,26,2,"container3",world,10.7754,10.3089,0,0.0878595,0,0,0,0.0878595,0,0,0,0.202528
213300000000,/,drone2,28,1,"container2",world,12.4266,3.20053,0,0.0879766,0,0,0,0.0879766,0,0,0,0.204124
213300000000,/,drone1,29,0,"container1",world,11.1334,-4.68999,0,0.088009,0,0,0,0.088009,0,0,0,0.202796
213300000000,/,drone2,30,0,"container1",world,10.7571,-5.60188,0,0.0886645,0,0,0,0.0886645,0,0,0,0.207357
213372000000,/,drone3,26,2,"container3",world,10.774,10.304,0,0.0881251,0,0,0,0.0881251,0,0,0,0.203
213372000000,/,drone2,28,1,"container2",world,12.4236,3.19797,0,0.0883765,0,0,0,0.0883765,0,0,0,0.204663
213372000000,/,drone1,29,0,"container1",world,11.1303,-4.69086,0,0.088067,0,0,0,0.088067,0,0,0,0.202905
213372000000,/,drone2,30,0,"container1",world,10.7548,-5.59294,0,0.0886879,0,0,0,0.0886879,0,0,0,0.206988
213400000000,/,drone3,26,2,"container3",world,10.7706,10.2971,0,0.0880054,0,0,0,0.0880054,0,0,0,0.202796
213400000000,/,drone2,28,1,"container2",world,12.4194,3.1979,0,0.0883519,0,0,0,0.0883519,0,0,0,0.204583
213400000000,/,drone1,29,0,"container1",world,11.1276,-4.69168,0,0.0879762,0,0,0,0.0879762,0,0,0,0.202748
213400000000,/,drone2,30,0,"container1",world,10.7536,-5.58845,0,0.0886996,0,0,0,0.0886996,0,0,0,0.206804
213472000000,/,drone3,26,2,"container3",world,10.7669,10.2913,0,0.087837,0,0,0,0.087837,0,0,0,0.202498
213472000000,/,drone2,28,1,"container2",world,12.4168,3.19444,0,0.0879879,0,0,0,0.0879879,0,0,0,0.203716
213472000000,/,drone1,29,0,"container1",world,11.125,-4.69251,0,0.0878223,0,0,0,0.0878223,0,0,0,0.202473
213472000000,/,drone2,30,0,"container1",world,10.7522,-5.5798,0,0.088371,0,0,0,0.088371,0,0,0,0.205822
213500000000,/,drone3,26,2,"container3",world,10.7611,10.2835,0,0.0880121,0,0,0,0.0880121,0,0,0,0.202797
213500000000,/,drone2,28,1,"container2",world,12.4114,3.189,0,0.0881419,0,0,0,0.0881419,0,0,0,0.203641
213500000000,/,drone1,29,0,"container1",world,11.1214,-4.69388,0,0.0880048,0,0,0,0.0880048,0,0,0,0.202785
213500000000,/,drone2,30,0,"container1",world,10.7502,-5.56587,0,0.0882932,0,0,0,0.0882932,0,0,0,0.205081
213544000000,/,drone3,26,2,"container3",world,10.7561,10.2773,0,0.0879777,0,0,0,0.0879777,0,0,0,0.202733
213544000000,/,drone2,28,1,"container2",world,12.4081,3.18584,0,0.0879954,0,0,0,0.0879954,0,0,0,0.203225
213544000000,/,drone1,29,0,"container1",world,11.1185,-4.6951,0,0.0879741,0,0,0,0.0879741,0,0,0,0.202727
213544000000,/,drone2,30,0,"container1",world,10.7492,-5.55612,0,0.0881261,0,0,0,0.0881261,0,0,0,0.204379
213580000000,/,drone3,26,2,"container3",world,10.7536,10.2741,0,0.0879605,0,0,0,0.0879605,0,0,0,0.202701
213580000000,/,drone2,28,1,"container2",world,12.4073,3.18505,0,0.0879586,0,0,0,0.0879586,0,0,0,0.20312
213580000000,/,drone1,29,0,"container1",world,11.1139,-4.69703,0,0.0881968,0,0,0,0.0881968,0,0,0,0.203119
213580000000,/,drone2,30,0,"container1",world,10.7487,-5.55121,0,0.0880419,0,0,0,0.0880419,0,0,0,0.204026
213628000000,/,drone3,26,2,"container3",world,10.7523,10.2726,0,0.0879519,0,0,0,0.0879519,0,0,0,0.202684
213628000000,/,drone2,28,1,"container2",world,12.4071,3.18485,0,0.0879494,0,0,0,0.0879494,0,0,0,0.203094
213628000000,/,drone1,29,0,"container1",world,11.1117,-4.69799,0,0.0883074,0,0,0,0.0883074,0,0,0,0.203313
213628000000,/,drone2,30,0,"container1",world,10.7484,-5.54874,0,0.0879996,0,0,0,0.0879996,0,0,0,0.203849
213676000000,/,drone3,26,2,"container3",world,10.7517,10.2718,0,0.0879476,0,0,0,0.0879476,0,0,0,0.202676
213676000000,/,drone2,28,1,"container2",world,12.4071,3.1848,0,0.0879471,0,0,0,0.0879471,0,0,0,0.203088
213676000000,/,drone1,29,0,"container1",world,11.1072,-4.69955,0,0.0881101,0,0,0,0.0881101,0,0,0,0.202971
213676000000,/,drone2,30,0,"container1",world,10.7483,-5.54751,0,0.0879784,0,0,0,0.0879784,0,0,0,0.203761
213708000000,/,drone3,26,2,"container3",world,10.7513,10.2714,0,0.0879455,0,0,0,0.0879455,0,0,0,0.202672
213708000000,/,drone2,28,1,"container2",world,12.4071,3.18479,0,0.0879465,0,0,0,0.0879465,0,0,0,0.203086
213708000000,/,drone1,29,0,"container1",world,11.1033,-4.70087,0,0.0879018,0,0,0,0.0879018,0,0,0,0.202603
213708000000,/,drone2,30,0,"container1",world,10.7482,-5.54689,0,0.0879678,0,0,0,0.0879678,0,0,0,0.203716
213776000000,/,drone3,26,2,"container3",world,10.7512,10.2712,0,0.0879444,0,0,0,0.0879444,0,0,0,0.20267
213776000000,/,drone2,28,1,"container2",world,12.4071,3.18479,0,0.0879464,0,0,0,0.0879464,0,0,0,0.203086
213776000000,/,drone1,29,0,"container1",world,11.0981,-4.70294,0,0.0880136,0,0,0,0.0880136,0,0,0,0.202809
213776000000,/,drone2,30,0,"container1",world,10.7482,-5.54658,0,0.0879625,0,0,0,0.0879625,0,0,0,0.203694
213812000000,/,drone3,26,2,"container3",world,10.7511,10.2711,0,0.0879438,0,0,0,0.0879438,0,0,0,0.202669
213812000000,/,drone2,28,1,"container2",world,12.3847,3.19522,0,0.0933571,0,0,0,0.0933571,0,0,0,0.213735
213812000000,/,drone1,29,0,"container1",world,11.0939,-4.70471,0,0.0879494,0,0,0,0.0879494,0,0,0,0.2027
213812000000,/,drone2,30,0,"container1",world,10.7379,-5.52508,0,0.0949531,0,0,0,0.0949531,0,0,0,0.216483
213876000000,/,drone3,26,2,"container3",world,10.7266,10.2511,0,0.0942298,0,0,0,0.0942298,0,0,0,0.214853
213876000000,/,drone2,28,1,"container2",world,12.3558,3.1334,0,0.101964,0,0,0,0.101964,0,0,0,0.230042
213876000000,/,drone1,29,0,"container1",world,11.0883,-4.70724,0,0.0877111,0,0,0,0.0877111,0,0,0,0.202268
213876000000,/,drone2,30,0,"container1",world,10.7335,-5.51242,0,0.0961657,0,0,0,0.0961657,0,0,0,0.219096
213908000000,/,drone3,26,2,"container3",world,10.7142,10.2414,0,0.0965526,0,0,0,0.0965526,0,0,0,0.219572
213908000000,/,drone2,28,1,"container2",world,12.3448,3.12672,0,0.102582,0,0,0,0.102582,0,0,0,0.231812
213908000000,/,drone1,29,0,"container1",world,11.0838,-4.70948,0,0.0879497,0,0,0,0.0879497,0,0,0,0.202683
213908000000,/,drone2,30,0,"container1",world,10.7305,-5.50388,0,0.0965509,0,0,0,0.0965509,0,0,0,0.220151
213976000000,/,drone3,26,2,"container3",world,10.7069,10.2359,0,0.0968692,0,0,0,0.0968692,0,0,0,0.220606
213976000000,/,drone2,28,1,"container2",world,12.3352,3.12609,0,0.100666,0,0,0,0.100666,0,0,0,0.229026
213976000000,/,drone1,29,0,"container1",world,11.0792,-4.713,0,0.0878363,0,0,0,0.0878363,0,0,0,0.202478
213976000000,/,drone2,30,0,"container1",world,10.7285,-5.49614,0,0.0955166,0,0,0,0.0955166,0,0,0,0.21871
214000000000,/,drone3,26,2,"container3",world,10.7004,10.2315,0,0.0962172,0,0,0,0.0962172,0,0,0,0.219955
214000000000,/,drone2,28,1,"container2",world,12.327,3.13434,0,0.0985116,0,0,0,0.0985116,0,0,0,0.225746
214000000000,/,drone1,29,0,"container1",world,11.0752,-4.71579,0,0.0881286,0,0,0,0.0881286,0,0,0,0.202996
214000000000,/,drone2,30,0,"container1",world,10.73,-5.49148,0,0.0949216,0,0,0,0.0949216,0,0,0,0.217918
214072000000,/,drone3,26,2,"container3",world,10.6959,10.2286,0,0.0953055,0,0,0,0.0953055,0,0,0,0.218681
214072000000,/,drone2,28,1,"container2",world,12.3214,3.13879,0,0.0967607,0,0,0,0.0967607,0,0,0,0.222883
214072000000,/,drone1,29,0,"container1",world,11.0709,-4.71991,0,0.0880202,0,0,0,0.0880202,0,0,0,0.202811
214072000000,/,drone2,30,0,"container1",world,10.7307,-5.48797,0,0.0941105,0,0,0,0.0941105,0,0,0,0.216654
214104000000,/,drone3,26,2,"container3",world,10.6912,10.2256,0,0.0938681,0,0,0,0.0938681,0,0,0,0.216377
214104000000,/,drone2,28,1,"container2",world,12.3132,3.1436,0,0.0943709,0,0,0,0.0943709,0,0,0,0.21872
214104000000,/,drone1,29,0,"container1",world,11.0675,-4.72386,0,0.0878565,0,0,0,0.0878565,0,0,0,0.202522
214104000000,/,drone2,30,0,"container1",world,10.7288,-5.48379,0,0.0928454,0,0,0,0.0928454,0,0,0,0.214505
214200000000,/,drone3,26,2,"container3",world,10.6873,10.2231,0,0.093149,0,0,0,0.093149,0,0,0,0.21523
214200000000,/,drone2,28,1,"container2",world,12.3076,3.14629,0,0.093615,0,0,0,0.093615,0,0,0,0.21735
214200000000,/,drone1,29,0,"container1",world,11.0647,-4.72777,0,0.0881237,0,0,0,0.0881237,0,0,0,0.202998
214200000000,/,drone2,30,0,"container1",world,10.7269,-5.48084,0,0.0922706,0,0,0,0.0922706,0,0,0,0.213513
214280000000,/,drone3,26,2,"container3",world,10.6827,10.2208,0,0.0920076,0,0,0,0.0920076,0,0,0,0.213222
214280000000,/,drone2,28,1,"container2",world,12.3004,3.14786,0,0.0919915,0,0,0,0.0919915,0,0,0,0.214266
214280000000,/,drone1,29,0,"container1",world,11.0621,-4.733,0,0.0880047,0,0,0,0.0880047,0,0,0,0.202794
214280000000,/,drone2,30,0,"container1",world,10.7266,-5.48043,0,0.0912934,0,0,0,0.0912934,0,0,0,0.211718
214364000000,/,drone3,26,2,"container3",world,10.6762,10.218,0,0.0909901,0,0,0,0.0909901,0,0,0,0.211231
214364000000,/,drone2,28,1,"container2",world,12.2906,3.14505,0,0.0906892,0,0,0,0.0906892,0,0,0,0.211437
214364000000,/,drone1,29,0,"container1",world,11.0592,-4.7404,0,0.0880956,0,0,0,0.0880956,0,0,0,0.202945
214364000000,/,drone2,30,0,"container1",world,10.726,-5.48047,0,0.0904663,0,0,0,0.0904663,0,0,0,0.210015
214420000000,/,drone3,26,2,"container3",world,10.6705,10.2163,0,0.0899721,0,0,0,0.0899721,0,0,0,0.209168
214420000000,/,drone2,28,1,"container2",world,12.2857,3.1443,0,0.089685,0,0,0,0.089685,0,0,0,0.209251
214420000000,/,drone1,29,0,"container1",world,11.0576,-4.74665,0,0.0879097,0,0,0,0.0879097,0,0,0,0.20261
214420000000,/,drone2,30,0,"container1",world,10.7253,-5.48043,0,0.0898051,0,0,0,0.0898051,0,0,0,0.208649
214500000000,/,drone3,26,2,"container3",world,10.6659,10.2155,0,0.0894555,0,0,0,0.0894555,0,0,0,0.20795
214500000000,/,drone2,28,1,"container2",world,12.2793,3.13777,0,0.0892067,0,0,0,0.0892067,0,0,0,0.207877
214500000000,/,drone1,29,0,"container1",world,11.0569,-4.75234,0,0.0880315,0,0,0,0.0880315,0,0,0,0.202831
214500000000,/,drone2,30,0,"container1",world,10.7265,-5.48012,0,0.0893073,0,0,0,0.0893073,0,0,0,0.207438
214560000000,/,drone3,26,2,"container3",world,10.6618,10.2152,0,0.0888242,0,0,0,0.0888242,0,0,0,0.206497
214560000000,/,drone2,28,1,"container2",world,12.2748,3.13249,0,0.0884912,0,0,0,0.0884912,0,0,0,0.206123
214560000000,/,drone1,29,0,"container1",world,11.0567,-4.75742,0,0.0878623,0,0,0,0.0878623,0,0,0,0.202532
214560000000,/,drone2,30,0,"container1",world,10.7283,-5.47937,0,0.0887151,0,0,0,0.0887151,0,0,0,0.206064
214600000000,/,drone3,26,2,"container3",world,10.6583,10.2151,0,0.088615,0,0,0,0.088615,0,0,0,0.205787
214600000000,/,drone2,28,1,"container2",world,12.2674,3.12447,0,0.0883253,0,0,0,0.0883253,0,0,0,0.205326
214600000000,/,drone1,29,0,"container1",world,11.0564,-4.76226,0,0.0879939,0,0,0,0.0879939,0,0,0,0.202773
214600000000,/,drone2,30,0,"container1",world,10.731,-5.47729,0,0.0884022,0,0,0,0.0884022,0,0,0,0.205134
214648000000,/,drone3,26,2,"container3",world,10.6553,10.2151,0,0.088219,0,0,0,0.088219,0,0,0,0.20475
214648000000,/,drone2,28,1,"container2",world,12.2631,3.12131,0,0.087968,0,0,0,0.087968,0,0,0,0.204324
214648000000,/,drone1,29,0,"container1",world,11.0562,-4.76675,0,0.0878312,0,0,0,0.0878312,0,0,0,0.202486
214648000000,/,drone2,30,0,"container1",world,10.733,-5.47573,0,0.0881139,0,0,0,0.0881139,0,0,0,0.204364
214700000000,/,drone3,26,2,"container3",world,10.6534,10.2154,0,0.0878984,0,0,0,0.0878984,0,0,0,0.20393
214700000000,/,drone2,28,1,"container2",world,12.2593,3.11725,0,0.0880438,0,0,0,0.0880438,0,0,0,0.204159
214700000000,/,drone1,29,0,"container1",world,11.056,-4.77122,0,0.0880093,0,0,0,0.0880093,0,0,0,0.202791
214700000000,/,drone2,30,0,"container1",world,10.7339,-5.47303,0,0.0881959,0,0,0,0.0881959,0,0,0,0.204245
214744000000,/,drone3,26,2,"container3",world,10.6513,10.2157,0,0.0880755,0,0,0,0.0880755,0,0,0,0.20404
214744000000,/,drone2,28,1,"container2",world,12.2568,3.1125,0,0.0880947,0,0,0,0.0880947,0,0,0,0.204055
214744000000,/,drone1,29,0,"container1",world,11.0559,-4.7744,0,0.0879763,0,0,0,0.0879763,0,0,0,0.20273
214744000000,/,drone2,30,0,"container1",world,10.7341,-5.47074,0,0.0881061,0,0,0,0.0881061,0,0,0,0.203902
214804000000,/,drone3,26,2,"container3",world,10.648,10.2164,0,0.0879111,0,0,0,0.0879111,0,0,0,0.20352
214804000000,/,drone2,28,1,"container2",world,12.254,3.10844,0,0.0881989,0,0,0,0.0881989,0,0,0,0.203968
214804000000,/,drone1,29,0,"container1",world,11.0553,-4.77782,0,0.0881979,0,0,0,0.0881979,0,0,0,0.20312
214804000000,/,drone2,30,0,"container1",world,10.7331,-5.46739,0,0.0882873,0,0,0,0.0882873,0,0,0,0.204033
214892000000,/,drone3,26,2,"container3",world,10.6452,10.2172,0,0.0881706,0,0,0,0.0881706,0,0,0,0.203807
214892000000,/,drone2,28,1,"container2",world,12.2531,3.10632,0,0.0883897,0,0,0,0.0883897,0,0,0,0.204177
214892000000,/,drone1,29,0,"container1",world,11.055,-4.77951,0,0.088308,0,0,0,0.088308,0,0,0,0.203314
214892000000,/,drone2,30,0,"container1",world,10.7325,-5.46572,0,0.0883775,0,0,0,0.0883775,0,0,0,0.204098
214976000000,/,drone3,26,2,"container3",world,10.6432,10.2181,0,0.0879337,0,0,0,0.0879337,0,0,0,0.203168
214976000000,/,drone2,28,1,"container2",world,12.2507,3.10362,0,0.0879978,0,0,0,0.0879978,0,0,0,0.203248
214976000000,/,drone1,29,0,"container1",world,11.0531,-4.7824,0,0.0880018,0,0,0,0.0880018,0,0,0,0.202776
214976000000,/,drone2,30,0,"container1",world,10.7307,-5.46306,0,0.0881666,0,0,0,0.0881666,0,0,0,0.203607
215028000000,/,drone3,26,2,"container3",world,10.6426,10.2185,0,0.0880344,0,0,0,0.0880344,0,0,0,0.203173
215028000000,/,drone2,28,1,"container2",world,12.2506,3.10087,0,0.0879024,0,0,0,0.0879024,0,0,0,0.202916
215028000000,/,drone1,29,0,"container1",world,11.0502,-4.78587,0,0.0879435,0,0,0,0.0879435,0,0,0,0.202683
215028000000,/,drone2,30,0,"container1",world,10.7286,-5.46033,0,0.0879514,0,0,0,0.0879514,0,0,0,0.203131
215096000000,/,drone3,26,2,"container3",world,10.6444,10.2186,0,0.0882151,0,0,0,0.0882151,0,0,0,0.203331
215096000000,/,drone2,28,1,"container2",world,12.2498,3.09885,0,0.0881695,0,0,0,0.0881695,0,0,0,0.203231
215096000000,/,drone1,29,0,"container1",world,11.0473,-4.78881,0,0.0881552,0,0,0,0.0881552,0,0,0,0.203061
215096000000,/,drone2,30,0,"container1",world,10.7251,-5.45661,0,0.088062,0,0,0,0.088062,0,0,0,0.203231
215164000000,/,drone3,26,2,"container3",world,10.6463,10.2188,0,0.0881776,0,0,0,0.0881776,0,0,0,0.203173
215164000000,/,drone2,28,1,"container2",world,12.2479,3.09681,0,0.0881714,0,0,0,0.0881714,0,0,0,0.203136
215164000000,/,drone1,29,0,"container1",world,11.0453,-4.79078,0,0.0881295,0,0,0,0.0881295,0,0,0,0.203021
215164000000,/,drone2,30,0,"container1",world,10.7198,-5.45213,0,0.0881143,0,0,0,0.0881143,0,0,0,0.203208
215224000000,/,drone3,26,2,"container3",world,10.6509,10.2189,0,0.0878449,0,0,0,0.0878449,0,0,0,0.202496
215224000000,/,drone2,28,1,"container2",world,12.2457,3.09445,0,0.0876987,0,0,0,0.0876987,0,0,0,0.202209
215224000000,/,drone1,29,0,"container1",world,11.0424,-4.79327,0,0.0877942,0,0,0,0.0877942,0,0,0,0.202418
215224000000,/,drone2,30,0,"container1",world,10.7132,-5.44776,0,0.0878218,0,0,0,0.0878218,0,0,0,0.202595
215268000000,/,drone3,26,2,"container3",world,10.6532,10.219,0,0.0876768,0,0,0,0.0876768,0,0,0,0.202154
215268000000,/,drone2,28,1,"container2",world,12.2453,3.09331,0,0.087819,0,0,0,0.087819,0,0,0,0.202396
215268000000,/,drone1,29,0,"container1",world,11.0395,-4.7955,0,0.0878622,0,0,0,0.0878622,0,0,0,0.202532
215268000000,/,drone2,30,0,"container1",world,10.709,-5.44488,0,0.087914,0,0,0,0.087914,0,0,0,0.2027
215328000000,/,drone3,26,2,"container3",world,10.6544,10.2191,0,0.0875922,0,0,0,0.0875922,0,0,0,0.201982
215328000000,/,drone2,28,1,"container2",world,12.2456,3.09212,0,0.0877385,0,0,0,0.0877385,0,0,0,0.202246
215328000000,/,drone1,29,0,"container1",world,11.0372,-4.79703,0,0.0877865,0,0,0,0.0877865,0,0,0,0.202391
215328000000,/,drone2,30,0,"container1",world,10.7075,-5.44337,0,0.0878506,0,0,0,0.0878506,0,0,0,0.202554
215400000000,/,drone3,26,2,"container3",world,10.6567,10.219,0,0.0877934,0,0,0,0.0877934,0,0,0,0.202317
215400000000,/,drone2,28,1,"container2",world,12.245,3.09043,0,0.0880593,0,0,0,0.0880593,0,0,0,0.202812
215400000000,/,drone1,29,0,"container1",world,11.0346,-4.79889,0,0.0878447,0,0,0,0.0878447,0,0,0,0.2025
215400000000,/,drone2,30,0,"container1",world,10.7064,-5.44244,0,0.0880363,0,0,0,0.0880363,0,0,0,0.202874
215472000000,/,drone3,26,2,"container3",world,10.66,10.2182,0,0.0878843,0,0,0,0.0878843,0,0,0,0.202477
215472000000,/,drone2,28,1,"container2",world,12.2453,3.08949,0,0.0881376,0,0,0,0.0881376,0,0,0,0.202954
215472000000,/,drone1,29,0,"container1",world,11.0333,-4.80012,0,0.0877647,0,0,0,0.0877647,0,0,0,0.202358
215472000000,/,drone2,30,0,"container1",world,10.7059,-5.44198,0,0.0881286,0,0,0,0.0881286,0,0,0,0.203033
215536000000,/,drone3,26,2,"container3",world,10.6621,10.2175,0,0.0880382,0,0,0,0.0880382,0,0,0,0.202767
215536000000,/,drone2,28,1,"container2",world,12.2451,3.08835,0,0.0882116,0,0,0,0.0882116,0,0,0,0.203101
215536000000,/,drone1,29,0,"container1",world,11.0323,-4.80144,0,0.0879426,0,0,0,0.0879426,0,0,0,0.20268
215536000000,/,drone2,30,0,"container1",world,10.7057,-5.44175,0,0.0881747,0,0,0,0.0881747,0,0,0,0.203112
215596000000,/,drone3,26,2,"container3",world,10.6639,10.2172,0,0.0878854,0,0,0,0.0878854,0,0,0,0.202513
215596000000,/,drone2,28,1,"container2",world,12.2443,3.0884,0,0.0881151,0,0,0,0.0881151,0,0,0,0.202944
215596000000,/,drone1,29,0,"container1",world,11.0319,-4.80278,0,0.0878034,0,0,0,0.0878034,0,0,0,0.202434
215596000000,/,drone2,30,0,"container1",world,10.7055,-5.44163,0,0.0881976,0,0,0,0.0881976,0,0,0,0.203152
215656000000,/,drone3,26,2,"container3",world,10.6655,10.2171,0,0.0877098,0,0,0,0.0877098,0,0,0,0.202209
215656000000,/,drone2,28,1,"container2",world,12.243,3.0926,0,0.089946,0,0,0,0.089946,0,0,0,0.206907
215656000000,/,drone1,29,0,"container1",world,11.032,-4.80378,0,0.0876357,0,0,0,0.0876357,0,0,0,0.202129
215656000000,/,drone2,30,0,"container1",world,10.696,-5.43755,0,0.106221,0,0,0,0.106221,0,0,0,0.23666
215700000000,/,drone3,26,2,"container3",world,10.668,10.2172,0,0.0878566,0,0,0,0.0878566,0,0,0,0.202483
215700000000,/,drone2,28,1,"container2",world,12.238,3.09121,0,0.0898906,0,0,0,0.0898906,0,0,0,0.207138
215700000000,/,drone1,29,0,"container1",world,11.0341,-4.80518,0,0.0876781,0,0,0,0.0876781,0,0,0,0.202197
215700000000,/,drone2,30,0,"container1",world,10.6849,-5.43665,0,0.106773,0,0,0,0.106773,0,0,0,0.239625
215756000000,/,drone3,26,2,"container3",world,10.6707,10.2174,0,0.0881663,0,0,0,0.0881663,0,0,0,0.20305
215756000000,/,drone2,28,1,"container2",world,12.2352,3.09138,0,0.0898336,0,0,0,0.0898336,0,0,0,0.207174
215756000000,/,drone1,29,0,"container1",world,11.0366,-4.80657,0,0.0879159,0,0,0,0.0879159,0,0,0,0.202623
215756000000,/,drone2,30,0,"container1",world,10.6753,-5.43724,0,0.104902,0,0,0,0.104902,0,0,0,0.237906
215800000000,/,drone3,26,2,"container3",world,10.6728,10.2179,0,0.0880632,0,0,0,0.0880632,0,0,0,0.202895
215800000000,/,drone2,28,1,"container2",world,12.2335,3.09257,0,0.0894133,0,0,0,0.0894133,0,0,0,0.20648
215800000000,/,drone1,29,0,"container1",world,11.0387,-4.80764,0,0.0879131,0,0,0,0.0879131,0,0,0,0.202622
215800000000,/,drone2,30,0,"container1",world,10.6692,-5.43804,0,0.102854,0,0,0,0.102854,0,0,0,0.235252
215884000000,/,drone3,26,2,"container3",world,10.674,10.2185,0,0.0879007,0,0,0,0.0879007,0,0,0,0.202622
215884000000,/,drone2,28,1,"container2",world,12.2322,3.09309,0,0.0889998,0,0,0,0.0889998,0,0,0,0.20575
215884000000,/,drone1,29,0,"container1",world,11.0406,-4.8086,0,0.0878023,0,0,0,0.0878023,0,0,0,0.202425
215884000000,/,drone2,30,0,"container1",world,10.6656,-5.43889,0,0.100837,0,0,0,0.100837,0,0,0,0.232257
215976000000,/,drone3,26,2,"container3",world,10.6744,10.2194,0,0.088033,0,0,0,0.088033,0,0,0,0.202879
215976000000,/,drone2,28,1,"container2",world,12.2306,3.09372,0,0.0889809,0,0,0,0.0889809,0,0,0,0.205696
215976000000,/,drone1,29,0,"container1",world,11.0423,-4.81013,0,0.0879639,0,0,0,0.0879639,0,0,0,0.202718
215976000000,/,drone2,30,0,"container1",world,10.6621,-5.44075,0,0.098612,0,0,0,0.098612,0,0,0,0.22864
216020000000,/,drone3,26,2,"container3",world,10.6739,10.2205,0,0.0878675,0,0,0,0.0878675,0,0,0,0.202601
216020000000,/,drone2,28,1,"container2",world,12.2284,3.09134,0,0.088278,0,0,0,0.088278,0,0,0,0.204332
216020000000,/,drone1,29,0,"container1",world,11.0437,-4.81272,0,0.0877184,0,0,0,0.0877184,0,0,0,0.202277
216020000000,/,drone2,30,0,"container1",world,10.6579,-5.44336,0,0.095673,0,0,0,0.095673,0,0,0,0.22332
216088000000,/,drone3,26,2,"container3",world,10.6743,10.2213,0,0.0880416,0,0,0,0.0880416,0,0,0,0.202911
216088000000,/,drone2,28,1,"container2",world,12.2276,3.08976,0,0.0885204,0,0,0,0.0885204,0,0,0,0.204691
216088000000,/,drone1,29,0,"container1",world,11.0443,-4.81526,0,0.0878312,0,0,0,0.0878312,0,0,0,0.202472
216088000000,/,drone2,30,0,"container1",world,10.6542,-5.44495,0,0.0940361,0,0,0,0.0940361,0,0,0,0.220197
216152000000,/,drone3,26,2,"container3",world,10.6765,10.2219,0,0.0878941,0,0,0,0.0878941,0,0,0,0.202653
216152000000,/,drone2,28,1,"container2",world,12.2283,3.08874,0,0.0881301,0,0,0,0.0881301,0,0,0,0.203894
216152000000,/,drone1,29,0,"container1",world,11.0447,-4.81705,0,0.087777,0,0,0,0.087777,0,0,0,0.202371
216152000000,/,drone2,30,0,"container1",world,10.6518,-5.44744,0,0.092347,0,0,0,0.092347,0,0,0,0.216753
216216000000,/,drone3,26,2,"container3",world,10.6801,10.2223,0,0.0880333,0,0,0,0.0880333,0,0,0,0.202912
216216000000,/,drone2,28,1,"container2",world,12.2258,3.09168,0,0.0881302,0,0,0,0.0881302,0,0,0,0.203748
216216000000,/,drone1,29,0,"container1",world,11.0447,-4.81811,0,0.0878443,0,0,0,0.0878443,0,0,0,0.202499
216216000000,/,drone2,30,0,"container1",world,10.6527,-5.45326,0,0.0909188,0,0,0,0.0909188,0,0,0,0.213445
216300000000,/,drone3,26,2,"container3",world,10.6844,10.2236,0,0.088218,0,0,0,0.088218,0,0,0,0.203246
216300000000,/,drone2,28,1,"container2",world,12.2258,3.09671,0,0.0883835,0,0,0,0.0883835,0,0,0,0.204073
216300000000,/,drone1,29,0,"container1",world,11.0439,-4.81818,0,0.0881177,0,0,0,0.0881177,0,0,0,0.202986
216300000000,/,drone2,30,0,"container1",world,10.6586,-5.46106,0,0.0901225,0,0,0,0.0901225,0,0,0,0.21125
216392000000,/,drone3,26,2,"container3",world,10.6879,10.2255,0,0.0880572,0,0,0,0.0880572,0,0,0,0.20297
216392000000,/,drone2,28,1,"container2",world,12.2274,3.10222,0,0.0880428,0,0,0,0.0880428,0,0,0,0.203367
216392000000,/,drone1,29,0,"container1",world,11.0433,-4.81784,0,0.0881214,0,0,0,0.0881214,0,0,0,0.202999
216392000000,/,drone2,30,0,"container1",world,10.6659,-5.47026,0,0.0892816,0,0,0,0.0892816,0,0,0,0.209008
216468000000,/,drone3,26,2,"container3",world,10.6908,10.2282,0,0.0877694,0,0,0,0.0877694,0,0,0,0.202451
216468000000,/,drone2,28,1,"container2",world,12.2315,3.10976,0,0.0879841,0,0,0,0.0879841,0,0,0,0.203113
216468000000,/,drone1,29,0,"container1",world,11.0429,-4.81766,0,0.0881232,0,0,0,0.0881232,0,0,0,0.203006
216468000000,/,drone2,30,0,"container1",world,10.6695,-5.48051,0,0.0888301,0,0,0,0.0888301,0,0,0,0.207318
216544000000,/,drone3,26,2,"container3",world,10.6951,10.2319,0,0.0877483,0,0,0,0.0877483,0,0,0,0.202402
216544000000,/,drone2,28,1,"container2",world,12.2404,3.11214,0,0.0877929,0,0,0,0.0877929,0,0,0,0.202673
216544000000,/,drone1,29,0,"container1",world,11.0428,-4.81758,0,0.0881241,0,0,0,0.0881241,0,0,0,0.20301
216544000000,/,drone2,30,0,"container1",world,10.6692,-5.48797,0,0.0883189,0,0,0,0.0883189,0,0,0,0.205686
216604000000,/,drone3,26,2,"container3",world,10.6986,10.2357,0,0.0879531,0,0,0,0.0879531,0,0,0,0.202764
216604000000,/,drone2,28,1,"container2",world,12.2487,3.11702,0,0.0880664,0,0,0,0.0880664,0,0,0,0.203095
216604000000,/,drone1,29,0,"container1",world,11.0351,-4.81144,0,0.0880179,0,0,0,0.0880179,0,0,0,0.202818
216604000000,/,drone2,30,0,"container1",world,10.6686,-5.49521,0,0.088245,0,0,0,0.088245,0,0,0,0.204953
216700000000,/,drone3,26,2,"container3",world,10.7029,10.2396,0,0.087824,0,0,0,0.087824,0,0,0,0.20253
216700000000,/,drone2,28,1,"container2",world,12.258,3.12485,0,0.0881409,0,0,0,0.0881409,0,0,0,0.203154
216700000000,/,drone1,29,0,"container1",world,11.0297,-4.80736,0,0.0882037,0,0,0,0.0882037,0,0,0,0.203144
216700000000,/,drone2,30,0,"container1",world,10.6679,-5.50428,0,0.0883211,0,0,0,0.0883211,0,0,0,0.204501
216780000000,/,drone3,26,2,"container3",world,10.7097,10.2446,0,0.0878552,0,0,0,0.0878552,0,0,0,0.202587
216780000000,/,drone2,28,1,"container2",world,12.2686,3.12979,0,0.0879574,0,0,0,0.0879574,0,0,0,0.202793
216780000000,/,drone1,29,0,"container1",world,11.0253,-4.80344,0,0.0880449,0,0,0,0.0880449,0,0,0,0.202868
216780000000,/,drone2,30,0,"container1",world,10.6677,-5.51196,0,0.0881182,0,0,0,0.0881182,0,0,0,0.20372
216856000000,/,drone3,26,2,"container3",world,10.7149,10.2479,0,0.0877619,0,0,0,0.0877619,0,0,0,0.202417
216856000000,/,drone2,28,1,"container2",world,12.2732,3.13215,0,0.087857,0,0,0,0.087857,0,0,0,0.202602
216856000000,/,drone1,29,0,"container1",world,11.0195,-4.79854,0,0.0881156,0,0,0,0.0881156,0,0,0,0.202981
216856000000,/,drone2,30,0,"container1",world,10.6676,-5.51583,0,0.0880157,0,0,0,0.0880157,0,0,0,0.203327
216928000000,/,drone3,26,2,"container3",world,10.7199,10.2534,0,0.0877423,0,0,0,0.0877423,0,0,0,0.202362
216928000000,/,drone2,28,1,"container2",world,12.2822,3.13487,0,0.0878451,0,0,0,0.0878451,0,0,0,0.202566
216928000000,/,drone1,29,0,"container1",world,11.0137,-4.79284,0,0.088267,0,0,0,0.088267,0,0,0,0.203245
216928000000,/,drone2,30,0,"container1",world,10.6676,-5.51778,0,0.0879643,0,0,0,0.0879643,0,0,0,0.20313
217008000000,/,drone3,26,2,"container3",world,10.722,10.2586,0,0.0879484,0,0,0,0.0879484,0,0,0,0.202723
217008000000,/,drone2,28,1,"container2",world,12.2954,3.16326,0,0.091028,0,0,0,0.091028,0,0,0,0.208674
217008000000,/,drone1,29,0,"container1",world,11.0104,-4.78919,0,0.0882099,0,0,0,0.0882099,0,0,0,0.203148
217008000000,/,drone2,30,0,"container1",world,10.6701,-5.53185,0,0.0994073,0,0,0,0.0994073,0,0,0,0.224678
217100000000,/,drone3,26,2,"container3",world,10.7253,10.2622,0,0.0878205,0,0,0,0.0878205,0,0,0,0.202491
217100000000,/,drone2,28,1,"container2",world,12.3061,3.17269,0,0.0907864,0,0,0,0.0907864,0,0,0,0.208523
217100000000,/,drone1,29,0,"container1",world,11.0086,-4.78487,0,0.0879522,0,0,0,0.0879522,0,0,0,0.202692
217100000000,/,drone2,30,0,"container1",world,10.6709,-5.54077,0,0.100988,0,0,0,0.100988,0,0,0,0.228486
217176000000,/,drone3,26,2,"container3",world,10.7275,10.2658,0,0.0879731,0,0,0,0.0879731,0,0,0,0.202763
217176000000,/,drone2,28,1,"container2",world,12.3163,3.17796,0,0.0905442,0,0,0,0.0905442,0,0,0,0.208287
217176000000,/,drone1,29,0,"container1",world,11.0079,-4.7779,0,0.0879187,0,0,0,0.0879187,0,0,0,0.202641
217176000000,/,drone2,30,0,"container1",world,10.6716,-5.5478,0,0.100231,0,0,0,0.100231,0,0,0,0.228091
217220000000,/,drone3,26,2,"container3",world,10.7336,10.2699,0,0.087723,0,0,0,0.087723,0,0,0,0.202308
217220000000,/,drone2,28,1,"container2",world,12.3225,3.18043,0,0.0903366,0,0,0,0.0903366,0,0,0,0.207966
217220000000,/,drone1,29,0,"container1",world,11.0085,-4.76967,0,0.0880527,0,0,0,0.0880527,0,0,0,0.202868
217220000000,/,drone2,30,0,"container1",world,10.6719,-5.55136,0,0.0998473,0,0,0,0.0998473,0,0,0,0.227889
217280000000,/,drone3,26,2,"container3",world,10.7401,10.2741,0,0.0878334,0,0,0,0.0878334,0,0,0,0.202495
217280000000,/,drone2,28,1,"container2",world,12.339,3.18585,0,0.0891685,0,0,0,0.0891685,0,0,0,0.205927
217280000000,/,drone1,29,0,"container1",world,11.0111,-4.76285,0,0.0878881,0,0,0,0.0878881,0,0,0,0.202571
217280000000,/,drone2,30,0,"container1",world,10.6747,-5.56271,0,0.0999843,0,0,0,0.0999843,0,0,0,0.228925
217332000000,/,drone3,26,2,"container3",world,10.7457,10.2788,0,0.0881272,0,0,0,0.0881272,0,0,0,0.203009
217332000000,/,drone2,28,1,"container2",world,12.3474,3.18949,0,0.0892256,0,0,0,0.0892256,0,0,0,0.206015
217332000000,/,drone1,29,0,"container1",world,11.0137,-4.75788,0,0.0881542,0,0,0,0.0881542,0,0,0,0.203042
217332000000,/,drone2,30,0,"container1",world,10.6766,-5.5706,0,0.0996281,0,0,0,0.0996281,0,0,0,0.228785
217388000000,/,drone3,26,2,"container3",world,10.7506,10.2835,0,0.0880195,0,0,0,0.0880195,0,0,0,0.202822
217388000000,/,drone2,28,1,"container2",world,12.3575,3.19369,0,0.0886792,0,0,0,0.0886792,0,0,0,0.204991
217388000000,/,drone1,29,0,"container1",world,11.0173,-4.75257,0,0.088033,0,0,0,0.088033,0,0,0,0.202835
217388000000,/,drone2,30,0,"container1",world,10.6783,-5.57927,0,0.0978957,0,0,0,0.0978957,0,0,0,0.226012
217440000000,/,drone3,26,2,"container3",world,10.7544,10.2873,0,0.0878562,0,0,0,0.0878562,0,0,0,0.202531
217440000000,/,drone2,28,1,"container2",world,12.3636,3.1961,0,0.0883033,0,0,0,0.0883033,0,0,0,0.204268
217440000000,/,drone1,29,0,"container1",world,11.0203,-4.74857,0,0.087863,0,0,0,0.087863,0,0,0,0.202534
217440000000,/,drone2,30,0,"container1",world,10.6796,-5.58607,0,0.0963511,0,0,0,0.0963511,0,0,0,0.223383
217504000000,/,drone3,26,2,"container3",world,10.7583,10.2926,0,0.087991,0,0,0,0.087991,0,0,0,0.202775
217504000000,/,drone2,28,1,"container2",world,12.3704,3.19848,0,0.0886023,0,0,0,0.0886023,0,0,0,0.204751
217504000000,/,drone1,29,0,"container1",world,11.0243,-4.74372,0,0.0879943,0,0,0,0.0879943,0,0,0,0.202774
217504000000,/,drone2,30,0,"container1",world,10.6801,-5.59208,0,0.0954152,0,0,0,0.0954152,0,0,0,0.221721
217596000000,/,drone3,26,2,"container3",world,10.7608,10.2969,0,0.0879382,0,0,0,0.0879382,0,0,0,0.202685
217596000000,/,drone2,28,1,"container2",world,12.3728,3.19924,0,0.0886184,0,0,0,0.0886184,0,0,0,0.204769
217596000000,/,drone1,29,0,"container1",world,11.0291,-4.73876,0,0.0878314,0,0,0,0.0878314,0,0,0,0.202487
217596000000,/,drone2,30,0,"container1",world,10.6804,-5.59516,0,0.0949348,0,0,0,0.0949348,0,0,0,0.220865
217676000000,/,drone3,26,2,"container3",world,10.7627,10.3007,0,0.0878032,0,0,0,0.0878032,0,0,0,0.202444
217676000000,/,drone2,28,1,"container2",world,12.3869,3.20917,0,0.0882643,0,0,0,0.0882643,0,0,0,0.203914
217676000000,/,drone1,29,0,"container1",world,11.0353,-4.73434,0,0.0880094,0,0,0,0.0880094,0,0,0,0.202792
217676000000,/,drone2,30,0,"container1",world,10.6888,-5.61019,0,0.0929766,0,0,0,0.0929766,0,0,0,0.216831
217768000000,/,drone3,26,2,"container3",world,10.7668,10.3098,0,0.0881123,0,0,0,0.0881123,0,0,0,0.202979
217768000000,/,drone2,28,1,"container2",world,12.388,3.20154,0,0.0880887,0,0,0,0.0880887,0,0,0,0.203454
217768000000,/,drone1,29,0,"container1",world,11.0437,-4.73028,0,0.0882143,0,0,0,0.0882143,0,0,0,0.203151
217768000000,/,drone2,30,0,"container1",world,10.6937,-5.64594,0,0.0915079,0,0,0,0.0915079,0,0,0,0.213497
217836000000,/,drone3,26,2,"container3",world,10.7703,10.3175,0,0.0880121,0,0,0,0.0880121,0,0,0,0.202804
217836000000,/,drone2,28,1,"container2",world,12.3877,3.20576,0,0.0922769,0,0,0,0.0922769,0,0,0,0.210903
217836000000,/,drone1,29,0,"container1",world,11.0519,-4.72633,0,0.0879544,0,0,0,0.0879544,0,0,0,0.202694
217836000000,/,drone2,30,0,"container1",world,10.7097,-5.67751,0,0.0902544,0,0,0,0.0902544,0,0,0,0.210612
217920000000,/,drone3,26,2,"container3",world,10.7741,10.3246,0,0.0882008,0,0,0,0.0882008,0,0,0,0.203137
217920000000,/,drone2,28,1,"container2",world,12.3889,3.20549,0,0.0933221,0,0,0,0.0933221,0,0,0,0.212733
217920000000,/,drone1,29,0,"container1",world,11.057,-4.72358,0,0.0881722,0,0,0,0.0881722,0,0,0,0.203082
217920000000,/,drone2,30,0,"container1",world,10.7336,-5.70755,0,0.0896592,0,0,0,0.0896592,0,0,0,0.20893
218000000000,/,drone3,26,2,"container3",world,10.7776,10.331,0,0.0880435,0,0,0,0.0880435,0,0,0,0.202865
218000000000,/,drone2,28,1,"container2",world,12.3897,3.20604,0,0.0934753,0,0,0,0.0934753,0,0,0,0.213007
218000000000,/,drone1,29,0,"container1",world,11.0608,-4.72107,0,0.0879211,0,0,0,0.0879211,0,0,0,0.202642
218000000000,/,drone2,30,0,"container1",world,10.7646,-5.72895,0,0.0889922,0,0,0,0.0889922,0,0,0,0.207183
218088000000,/,drone3,26,2,"container3",world,10.7822,10.3382,0,0.088115,0,0,0,0.088115,0,0,0,0.20298
218088000000,/,drone2,28,1,"container2",world,12.3907,3.20447,0,0.0935741,0,0,0,0.0935741,0,0,0,0.213172
218088000000,/,drone1,29,0,"container1",world,11.0627,-4.71924,0,0.0880539,0,0,0,0.0880539,0,0,0,0.202869
218088000000,/,drone2,30,0,"container1",world,10.7804,-5.73992,0,0.0886506,0,0,0,0.0886506,0,0,0,0.206289
218164000000,/,drone3,26,2,"container3",world,10.7872,10.3452,0,0.0882668,0,0,0,0.0882668,0,0,0,0.203244
218164000000,/,drone2,28,1,"container2",world,12.39,3.20198,0,0.0936457,0,0,0,0.0936457,0,0,0,0.213294
218164000000,/,drone1,29,0,"container1",world,11.0634,-4.71787,0,0.0882364,0,0,0,0.0882364,0,0,0,0.203189
218164000000,/,drone2,30,0,"container1",world,10.7885,-5.74547,0,0.0884776,0,0,0,0.0884776,0,0,0,0.205836
218244000000,/,drone3,26,2,"container3",world,10.7907,10.3509,0,0.0880897,0,0,0,0.0880897,0,0,0,0.202936
218244000000,/,drone2,28,1,"container2",world,12.3898,3.20115,0,0.0935613,0,0,0,0.0935613,0,0,0,0.213154
218244000000,/,drone1,29,0,"container1",world,11.0628,-4.71647,0,0.0879656,0,0,0,0.0879656,0,0,0,0.202713
218244000000,/,drone2,30,0,"container1",world,10.7925,-5.74826,0,0.0883906,0,0,0,0.0883906,0,0,0,0.205609
218300000000,/,drone3,26,2,"container3",world,10.7942,10.3559,0,0.0882393,0,0,0,0.0882393,0,0,0,0.203203
218300000000,/,drone2,28,1,"container2",world,12.3897,3.19909,0,0.0936364,0,0,0,0.0936364,0,0,0,0.213282
218300000000,/,drone1,29,0,"container1",world,11.0613,-4.71557,0,0.0880454,0,0,0,0.0880454,0,0,0,0.202863
218300000000,/,drone2,30,0,"container1",world,10.7945,-5.74966,0,0.088347,0,0,0,0.088347,0,0,0,0.205495
218400000000,/,drone3,26,2,"container3",world,10.7976,10.3604,0,0.0880629,0,0,0,0.0880629,0,0,0,0.202898
218400000000,/,drone2,28,1,"container2",world,12.389,3.19909,0,0.0935537,0,0,0,0.0935537,0,0,0,0.213144
218400000000,/,drone1,29,0,"container1",world,11.059,-4.71514,0,0.0878571,0,0,0,0.0878571,0,0,0,0.202532
218400000000,/,drone2,30,0,"container1",world,10.7956,-5.75036,0,0.0883251,0,0,0,0.0883251,0,0,0,0.205438
218484000000,/,drone3,26,2,"container3",world,10.8009,10.3668,0,0.0880833,0,0,0,0.0880833,0,0,0,0.20294
218484000000,/,drone2,28,1,"container2",world,12.3886,3.19815,0,0.0935768,0,0,0,0.0935768,0,0,0,0.213185
218484000000,/,drone1,29,0,"container1",world,11.0566,-4.71471,0,0.0879807,0,0,0,0.0879807,0,0,0,0.202757
218484000000,/,drone2,30,0,"container1",world,10.7961,-5.75071,0,0.0883142,0,0,0,0.0883142,0,0,0,0.205409
218560000000,/,drone3,26,2,"container3",world,10.8036,10.374,0,0.0877708,0,0,0,0.0877708,0,0,0,0.202377
218560000000,/,drone2,28,1,"container2",world,12.389,3.19856,0,0.0934534,0,0,0,0.0934534,0,0,0,0.212969
218560000000,/,drone1,29,0,"container1",world,11.0533,-4.71233,0,0.0877189,0,0,0,0.0877189,0,0,0,0.202285
218560000000,/,drone2,30,0,"container1",world,10.7963,-5.75089,0,0.0883087,0,0,0,0.0883087,0,0,0,0.205395
218644000000,/,drone3,26,2,"container3",world,10.8062,10.3808,0,0.0878505,0,0,0,0.0878505,0,0,0,0.202511
218644000000,/,drone2,28,1,"container2",world,12.3895,3.19687,0,0.0935171,0,0,0,0.0935171,0,0,0,0.213076
218644000000,/,drone1,29,0,"container1",world,11.0487,-4.70593,0,0.0877147,0,0,0,0.0877147,0,0,0,0.202268
218644000000,/,drone2,30,0,"container1",world,10.7241,-5.97289,0,0.220872,0,0,0,0.220872,0,0,0,0.464608
218700000000,/,drone3,26,2,"container3",world,10.8082,10.3873,0,0.0881302,0,0,0,0.0881302,0,0,0,0.203002
218700000000,/,drone2,28,1,"container2",world,12.3904,3.19443,0,0.0936292,0,0,0,0.0936292,0,0,0,0.213266
218700000000,/,drone1,29,0,"container1",world,11.044,-4.69931,0,0.0879299,0,0,0,0.0879299,0,0,0,0.202652
218700000000,/,drone2,30,0,"container1",world,10.685,-6.01728,0,0.20394,0,0,0,0.20394,0,0,0,0.443288
218800000000,/,drone3,26,2,"container3",world,10.8074,10.3931,0,0.0880168,0,0,0,0.0880168,0,0,0,0.202806
218800000000,/,drone2,28,1,"container2",world,12.3893,3.19406,0,0.0935555,0,0,0,0.0935555,0,0,0,0.213143
218800000000,/,drone1,29,0,"container1",world,11.0392,-4.69349,0,0.0878075,0,0,0,0.0878075,0,0,0,0.202434
218800000000,/,drone2,30,0,"container1",world,10.6423,-6.0618,0,0.181328,0,0,0,0.181328,0,0,0,0.408872
218880000000,/,drone3,26,2,"container3",world,10.8047,10.4001,0,0.0880681,0,0,0,0.0880681,0,0,0,0.202903
218880000000,/,drone2,28,1,"container2",world,12.3881,3.19271,0,0.0935805,0,0,0,0.0935805,0,0,0,0.213189
218880000000,/,drone1,29,0,"container1",world,11.034,-4.68779,0,0.0879639,0,0,0,0.0879639,0,0,0,0.202718
218880000000,/,drone2,30,0,"container1",world,10.6025,-6.10454,0,0.161407,0,0,0,0.161407,0,0,0,0.375371
218964000000,/,drone3,26,2,"container3",world,10.8043,10.4061,0,0.0877694,0,0,0,0.0877694,0,0,0,0.202367
218964000000,/,drone2,28,1,"container2",world,12.3871,3.19319,0,0.0934568,0,0,0,0.0934568,0,0,0,0.212973
218964000000,/,drone1,29,0,"container1",world,11.0274,-4.68115,0,0.0877167,0,0,0,0.0877167,0,0,0,0.202273
218964000000,/,drone2,30,0,"container1",world,10.5632,-6.14961,0,0.143709,0,0,0,0.143709,0,0,0,0.342335
219056000000,/,drone3,26,2,"container3",world,10.8063,10.4106,0,0.0878553,0,0,0,0.0878553,0,0,0,0.202514
219056000000,/,drone2,28,1,"container2",world,12.3881,3.19189,0,0.0935201,0,0,0,0.0935201,0,0,0,0.213079
219056000000,/,drone1,29,0,"container1",world,11.0193,-4.67431,0,0.0877186,0,0,0,0.0877186,0,0,0,0.202269
219056000000,/,drone2,30,0,"container1",world,10.5227,-6.19952,0,0.128586,0,0,0,0.128586,0,0,0,0.311199
219152000000,/,drone3,26,2,"container3",world,10.8091,10.4145,0,0.0881372,0,0,0,0.0881372,0,0,0,0.20301
219152000000,/,drone2,28,1,"container2",world,12.3914,3.19009,0,0.0936319,0,0,0,0.0936319,0,0,0,0.21327
219152000000,/,drone1,29,0,"container1",world,11.0129,-4.66875,0,0.087936,0,0,0,0.087936,0,0,0,0.202659
219152000000,/,drone2,30,0,"container1",world,10.4873,-6.24415,0,0.116659,0,0,0,0.116659,0,0,0,0.285257
219200000000,/,drone3,26,2,"container3",world,10.8118,10.4178,0,0.088024,0,0,0,0.088024,0,0,0,0.202816
219200000000,/,drone2,28,1,"container2",world,12.3942,3.19046,0,0.0935577,0,0,0,0.0935577,0,0,0,0.213147
219200000000,/,drone1,29,0,"container1",world,11.007,-4.66437,0,0.0878138,0,0,0,0.0878138,0,0,0,0.202443
219200000000,/,drone2,30,0,"container1",world,10.4552,-6.29195,0,0.106957,0,0,0,0.106957,0,0,0,0.262116
219288000000,/,drone3,26,2,"container3",world,10.8144,10.4201,0,0.0878581,0,0,0,0.0878581,0,0,0,0.202523
219288000000,/,drone2,28,1,"container2",world,12.3948,3.19056,0,0.0935391,0,0,0,0.0935391,0,0,0,0.213116
219288000000,/,drone1,29,0,"container1",world,10.999,-4.66017,0,0.0878494,0,0,0,0.0878494,0,0,0,0.202515
219288000000,/,drone2,30,0,"container1",world,10.4256,-6.34334,0,0.0997722,0,0,0,0.0997722,0,0,0,0.243119
219376000000,/,drone3,26,2,"container3",world,10.8188,10.4231,0,0.0878715,0,0,0,0.0878715,0,0,0,0.202555
219376000000,/,drone2,28,1,"container2",world,12.3982,3.19102,0,0.0935293,0,0,0,0.0935293,0,0,0,0.213102
219376000000,/,drone1,29,0,"container1",world,10.9926,-4.65722,0,0.0876606,0,0,0,0.0876606,0,0,0,0.202174
219376000000,/,drone2,30,0,"container1",world,10.4001,-6.38723,0,0.0947618,0,0,0,0.0947618,0,0,0,0.229067
219424000000,/,drone3,26,2,"container3",world,10.8268,10.427,0,0.0879075,0,0,0,0.0879075,0,0,0,0.202611
219424000000,/,drone2,28,1,"container2",world,12.4041,3.19061,0,0.0935387,0,0,0,0.0935387,0,0,0,0.213113
219424000000,/,drone1,29,0,"container1",world,10.987,-4.65506,0,0.0876916,0,0,0,0.0876916,0,0,0,0.202222
219424000000,/,drone2,30,0,"container1",world,10.3728,-6.42955,0,0.0917035,0,0,0,0.0917035,0,0,0,0.219001
219500000000,/,drone3,26,2,"container3",world,10.8367,10.4306,0,0.0880305,0,0,0,0.0880305,0,0,0,0.202831
219500000000,/,drone2,28,1,"container2",world,12.4092,3.18893,0,0.0936368,0,0,0,0.0936368,0,0,0,0.213279
219500000000,/,drone1,29,0,"container1",world,10.9837,-4.65354,0,0.0879234,0,0,0,0.0879234,0,0,0,0.202638
219500000000,/,drone2,30,0,"container1",world,10.3501,-6.46502,0,0.0901632,0,0,0,0.0901632,0,0,0,0.212871
219552000000,/,drone3,26,2,"container3",world,10.8438,10.433,0,0.0878618,0,0,0,0.0878618,0,0,0,0.202532
219552000000,/,drone2,28,1,"container2",world,12.4156,3.18894,0,0.0935154,0,0,0,0.0935154,0,0,0,0.213074
219552000000,/,drone1,29,0,"container1",world,10.9816,-4.65255,0,0.0878079,0,0,0,0.0878079,0,0,0,0.202435
219552000000,/,drone2,30,0,"container1",world,10.3324,-6.4929,0,0.0891518,0,0,0,0.0891518,0,0,0,0.208655
219600000000,/,drone3,26,2,"container3",world,10.8483,10.4347,0,0.0879938,0,0,0,0.0879938,0,0,0,0.202773
219600000000,/,drone2,28,1,"container2",world,12.4205,3.18734,0,0.0935716,0,0,0,0.0935716,0,0,0,0.213174
219600000000,/,drone1,29,0,"container1",world,10.9801,-4.65192,0,0.0878466,0,0,0,0.0878466,0,0,0,0.202513
219600000000,/,drone2,30,0,"container1",world,10.3188,-6.51588,0,0.0888956,0,0,0,0.0888956,0,0,0,0.206443
219652000000,/,drone3,26,2,"container3",world,10.8494,10.4361,0,0.0878312,0,0,0,0.0878312,0,0,0,0.202486
219652000000,/,drone2,28,1,"container2",world,12.4255,3.18744,0,0.0934942,0,0,0,0.0934942,0,0,0,0.213041
219652000000,/,drone1,29,0,"container1",world,10.9794,-4.65172,0,0.0877573,0,0,0,0.0877573,0,0,0,0.202355
219652000000,/,drone2,30,0,"container1",world,10.3079,-6.53394,0,0.0885991,0,0,0,0.0885991,0,0,0,0.204698
219700000000,/,drone3,26,2,"container3",world,10.8498,10.437,0,0.0876515,0,0,0,0.0876515,0,0,0,0.202161
219700000000,/,drone2,28,1,"container2",world,12.4286,3.18759,0,0.0934359,0,0,0,0.0934359,0,0,0,0.212938
219700000000,/,drone1,29,0,"container1",world,10.9787,-4.65206,0,0.0879726,0,0,0,0.0879726,0,0,0,0.202726
219700000000,/,drone2,30,0,"container1",world,10.2975,-6.54941,0,0.0887714,0,0,0,0.0887714,0,0,0,0.204147
219748000000,/,drone3,26,2,"container3",world,10.8482,10.4384,0,0.0877979,0,0,0,0.0877979,0,0,0,0.202415
219748000000,/,drone2,28,1,"container2",world,12.432,3.18613,0,0.0935154,0,0,0,0.0935154,0,0,0,0.213072
219748000000,/,drone1,29,0,"container1",world,10.9785,-4.6525,0,0.087958,0,0,0,0.087958,0,0,0,0.202697
219748000000,/,drone2,30,0,"container1",world,10.2901,-6.55886,0,0.088758,0,0,0,0.088758,0,0,0,0.203639
219792000000,/,drone3,26,2,"container3",world,10.8459,10.4397,0,0.0877603,0,0,0,0.0877603,0,0,0,0.202344
219792000000,/,drone2,28,1,"container2",world,12.434,3.18616,0,0.0934911,0,0,0,0.0934911,0,0,0,0.213029
219792000000,/,drone1,29,0,"container1",world,10.9783,-4.65322,0,0.0881889,0,0,0,0.0881889,0,0,0,0.203104
219792000000,/,drone2,30,0,"container1",world,10.2804,-6.56697,0,0.0890327,0,0,0,0.0890327,0,0,0,0.203814
219840000000,/,drone3,26,2,"container3",world,10.8433,10.4408,0,0.0880911,0,0,0,0.0880911,0,0,0,0.20293
219840000000,/,drone2,28,1,"container2",world,12.4362,3.18454,0,0.093625,0,0,0,0.093625,0,0,0,0.213259
219840000000,/,drone1,29,0,"container1",world,10.9785,-4.6538,0,0.0881708,0,0,0,0.0881708,0,0,0,0.203078
219840000000,/,drone2,30,0,"container1",world,10.272,-6.57195,0,0.0890457,0,0,0,0.0890457,0,0,0,0.203692
219880000000,/,drone3,26,2,"container3",world,10.8374,10.4421,0,0.0880014,0,0,0,0.0880014,0,0,0,0.202778
219880000000,/,drone2,28,1,"container2",world,12.4362,3.18511,0,0.0935561,0,0,0,0.0935561,0,0,0,0.213145
219880000000,/,drone1,29,0,"container1",world,10.9797,-4.65446,0,0.0879325,0,0,0,0.0879325,0,0,0,0.202657
219880000000,/,drone2,30,0,"container1",world,10.2655,-6.57484,0,0.0889372,0,0,0,0.0889372,0,0,0,0.203448
219912000000,/,drone3,26,2,"container3",world,10.8317,10.443,0,0.0878471,0,0,0,0.0878471,0,0,0,0.202506
219912000000,/,drone2,28,1,"container2",world,12.4357,3.18579,0,0.0934952,0,0,0,0.0934952,0,0,0,0.21304
219912000000,/,drone1,29,0,"container1",world,10.9803,-4.65479,0,0.0878125,0,0,0,0.0878125,0,0,0,0.202445
219912000000,/,drone2,30,0,"container1",world,10.2603,-6.57673,0,0.0887756,0,0,0,0.0887756,0,0,0,0.203162
219984000000,/,drone3,26,2,"container3",world,10.8232,10.4439,0,0.0879864,0,0,0,0.0879864,0,0,0,0.20276
219984000000,/,drone2,28,1,"container2",world,12.4374,3.18544,0,0.0935665,0,0,0,0.0935665,0,0,0,0.213165
219984000000,/,drone1,29,0,"container1",world,10.9815,-4.65521,0,0.0879692,0,0,0,0.0879692,0,0,0,0.20273
219984000000,/,drone2,30,0,"container1",world,10.2564,-6.57889,0,0.0889131,0,0,0,0.0889131,0,0,0,0.203497
220040000000,/,drone3,26,2,"container3",world,10.8158,10.4448,0,0.0879358,0,0,0,0.0879358,0,0,0,0.202676
220040000000,/,drone2,28,1,"container2",world,12.4386,3.18621,0,0.0935362,0,0,0,0.0935362,0,0,0,0.213115
220040000000,/,drone1,29,0,"container1",world,10.9827,-4.65552,0,0.0879272,0,0,0,0.0879272,0,0,0,0.20266
220040000000,/,drone2,30,0,"container1",world,10.2544,-6.58034,0,0.088853,0,0,0,0.088853,0,0,0,0.203493
220088000000,/,drone3,26,2,"container3",world,10.8062,10.4461,0,0.0877042,0,0,0,0.0877042,0,0,0,0.202256
220088000000,/,drone2,28,1,"container2",world,12.4402,3.18812,0,0.0934464,0,0,0,0.0934464,0,0,0,0.212956
220088000000,/,drone1,29,0,"container1",world,10.9832,-4.65567,0,0.0879061,0,0,0,0.0879061,0,0,0,0.202625
220088000000,/,drone2,30,0,"container1",world,10.2525,-6.58075,0,0.0885929,0,0,0,0.0885929,0,0,0,0.203192
220116000000,/,drone3,26,2,"container3",world,10.7994,10.4474,0,0.0879463,0,0,0,0.0879463,0,0,0,0.202678
220116000000,/,drone2,28,1,"container2",world,12.4413,3.18738,0,0.0935669,0,0,0,0.0935669,0,0,0,0.21316
220116000000,/,drone1,29,0,"container1",world,10.9835,-4.65575,0,0.0878956,0,0,0,0.0878956,0,0,0,0.202608
220116000000,/,drone2,30,0,"container1",world,10.2518,-6.58103,0,0.0888126,0,0,0,0.0888126,0,0,0,0.203724
220180000000,/,drone3,26,2,"container3",world,10.7936,10.449,0,0.0878346,0,0,0,0.0878346,0,0,0,0.202475
220180000000,/,drone2,28,1,"container2",world,12.44,3.18871,0,0.093504,0,0,0,0.093504,0,0,0,0.213051
220180000000,/,drone1,29,0,"container1",world,10.9845,-4.65604,0,0.0876839,0,0,0,0.0876839,0,0,0,0.202222
220180000000,/,drone2,30,0,"container1",world,10.2531,-6.58106,0,0.0886539,0,0,0,0.0886539,0,0,0,0.203641
220200000000,/,drone3,26,2,"container3",world,10.7901,10.4505,0,0.0881278,0,0,0,0.0881278,0,0,0,0.202994
220200000000,/,drone2,28,1,"container2",world,12.4404,3.18784,0,0.0936281,0,0,0,0.0936281,0,0,0,0.213264
220200000000,/,drone1,29,0,"container1",world,10.9863,-4.65666,0,0.0877032,0,0,0,0.0877032,0,0,0,0.202247
220200000000,/,drone2,30,0,"container1",world,10.2547,-6.58064,0,0.0889092,0,0,0,0.0889092,0,0,0,0.204261
220268000000,/,drone3,26,2,"container3",world,10.7883,10.4518,0,0.0881402,0,0,0,0.0881402,0,0,0,0.203023
220268000000,/,drone2,28,1,"container2",world,12.4409,3.18832,0,0.0936054,0,0,0,0.0936054,0,0,0,0.213228
220268000000,/,drone1,29,0,"container1",world,10.9881,-4.65726,0,0.087929,0,0,0,0.087929,0,0,0,0.202651
220268000000,/,drone2,30,0,"container1",world,10.2579,-6.57753,0,0.0887407,0,0,0,0.0887407,0,0,0,0.204168
220300000000,/,drone3,26,2,"container3",world,10.7884,10.4533,0,0.087917,0,0,0,0.087917,0,0,0,0.202629
220300000000,/,drone2,28,1,"container2",world,12.4403,3.18937,0,0.0935075,0,0,0,0.0935075,0,0,0,0.213061
220300000000,/,drone1,29,0,"container1",world,10.9894,-4.65771,0,0.0878107,0,0,0,0.0878107,0,0,0,0.202442
220300000000,/,drone2,30,0,"container1",world,10.2604,-6.57428,0,0.0885262,0,0,0,0.0885262,0,0,0,0.20394
220356000000,/,drone3,26,2,"container3",world,10.7891,10.4545,0,0.0881536,0,0,0,0.0881536,0,0,0,0.20305
220356000000,/,drone2,28,1,"container2",world,12.5215,3.01321,0,0.0917702,0,0,0,0.0917702,0,0,0,0.209819
220356000000,/,drone1,29,0,"container1",world,10.9905,-4.65803,0,0.088101,0,0,0,0.088101,0,0,0,0.202958
220356000000,/,drone2,30,0,"container1",world,10.2645,-6.57013,0,0.0887503,0,0,0,0.0887503,0,0,0,0.204469
220400000000,/,drone3,26,2,"container3",world,10.7897,10.4554,0,0.0881392,0,0,0,0.0881392,0,0,0,0.203032
220400000000,/,drone2,28,1,"container2",world,12.4592,3.14603,0,0.0931473,0,0,0,0.0931473,0,0,0,0.212385
220400000000,/,drone1,29,0,"container1",world,10.991,-4.65829,0,0.0879933,0,0,0,0.0879933,0,0,0,0.202774
220400000000,/,drone2,30,0,"container1",world,10.2721,-6.56182,0,0.0885688,0,0,0,0.0885688,0,0,0,0.204302
220444000000,/,drone3,26,2,"container3",world,10.79,10.4558,0,0.088132,0,0,0,0.088132,0,0,0,0.203022
220444000000,/,drone2,28,1,"container2",world,12.4441,3.17814,0,0.0934802,0,0,0,0.0934802,0,0,0,0.213003
220444000000,/,drone1,29,0,"container1",world,10.9916,-4.65854,0,0.0878308,0,0,0,0.0878308,0,0,0,0.202487
220444000000,/,drone2,30,0,"container1",world,10.2788,-6.55424,0,0.0883498,0,0,0,0.0883498,0,0,0,0.204022
220500000000,/,drone3,26,2,"container3",world,10.7902,10.456,0,0.0881284,0,0,0,0.0881284,0,0,0,0.203018
220500000000,/,drone2,28,1,"container2",world,12.4404,3.1861,0,0.0935628,0,0,0,0.0935628,0,0,0,0.213156
220500000000,/,drone1,29,0,"container1",world,10.9927,-4.65914,0,0.0880091,0,0,0,0.0880091,0,0,0,0.202792
220500000000,/,drone2,30,0,"container1",world,10.2879,-6.54337,0,0.0884641,0,0,0,0.0884641,0,0,0,0.204331
220540000000,/,drone3,26,2,"container3",world,10.7903,10.4561,0,0.0881266,0,0,0,0.0881266,0,0,0,0.203015
220540000000,/,drone2,28,1,"container2",world,12.4395,3.18809,0,0.0935834,0,0,0,0.0935834,0,0,0,0.213194
220540000000,/,drone1,29,0,"container1",world,10.994,-4.65977,0,0.0879762,0,0,0,0.0879762,0,0,0,0.20273
220540000000,/,drone2,30,0,"container1",world,10.2956,-6.5345,0,0.088382,0,0,0,0.088382,0,0,0,0.204261
220596000000,/,drone3,26,2,"container3",world,10.7903,10.4561,0,0.0881257,0,0,0,0.0881257,0,0,0,0.203014
220596000000,/,drone2,28,1,"container2",world,12.4392,3.18859,0,0.0935885,0,0,0,0.0935885,0,0,0,0.213204
220596000000,/,drone1,29,0,"container1",world,10.9966,-4.66091,0,0.0881979,0,0,0,0.0881979,0,0,0,0.20312
220596000000,/,drone2,30,0,"container1",world,10.3025,-6.52686,0,0.0882144,0,0,0,0.0882144,0,0,0,0.204015
220636000000,/,drone3,26,2,"container3",world,10.7903,10.4562,0,0.0881253,0,0,0,0.0881253,0,0,0,0.203014
220636000000,/,drone2,28,1,"container2",world,12.4392,3.18871,0,0.0935898,0,0,0,0.0935898,0,0,0,0.213206
220636000000,/,drone1,29,0,"container1",world,10.9979,-4.66147,0,0.0883079,0,0,0,0.0883079,0,0,0,0.203314
220636000000,/,drone2,30,0,"container1",world,10.3093,-6.52013,0,0.0884645,0,0,0,0.0884645,0,0,0,0.204506
220672000000,/,drone3,26,2,"container3",world,10.7914,10.4581,0,0.105197,0,0,0,0.105197,0,0,0,0.235228
220672000000,/,drone2,28,1,"container2",world,12.4411,3.16465,0,0.0961974,0,0,0,0.0961974,0,0,0,0.218295
220672000000,/,drone1,29,0,"container1",world,11.0004,-4.6626,0,0.0881104,0,0,0,0.0881104,0,0,0,0.202972
220672000000,/,drone2,30,0,"container1",world,10.3187,-6.51031,0,0.0883069,0,0,0,0.0883069,0,0,0,0.204271
220716000000,/,drone3,26,2,"container3",world,10.7926,10.4583,0,0.108689,0,0,0,0.108689,0,0,0,0.242388
220716000000,/,drone2,28,1,"container2",world,12.439,3.1626,0,0.0964016,0,0,0,0.0964016,0,0,0,0.218863
220716000000,/,drone1,29,0,"container1",world,11.002,-4.66358,0,0.087902,0,0,0,0.087902,0,0,0,0.202603
220716000000,/,drone2,30,0,"container1",world,10.3262,-6.50232,0,0.088106,0,0,0,0.088106,0,0,0,0.203935
220780000000,/,drone3,26,2,"container3",world,10.7938,10.4571,0,0.107578,0,0,0,0.107578,0,0,0,0.24184
220780000000,/,drone2,28,1,"container2",world,12.4357,3.16625,0,0.0959987,0,0,0,0.0959987,0,0,0,0.218352
220780000000,/,drone1,29,0,"container1",world,11.0041,-4.66492,0,0.0880137,0,0,0,0.0880137,0,0,0,0.202809
220780000000,/,drone2,30,0,"container1",world,10.3274,-6.49705,0,0.0881993,0,0,0,0.0881993,0,0,0,0.204117
220804000000,/,drone3,26,2,"container3",world,10.7941,10.4559,0,0.10572,0,0,0,0.10572,0,0,0,0.239571
220804000000,/,drone2,28,1,"container2",world,12.4338,3.17012,0,0.0956001,0,0,0,0.0956001,0,0,0,0.21774
220804000000,/,drone1,29,0,"container1",world,11.0055,-4.66604,0,0.0879495,0,0,0,0.0879495,0,0,0,0.2027
220804000000,/,drone2,30,0,"container1",world,10.3277,-6.49335,0,0.0881161,0,0,0,0.0881161,0,0,0,0.203972
220876000000,/,drone3,26,2,"container3",world,10.7931,10.4546,0,0.103632,0,0,0,0.103632,0,0,0,0.236591
220876000000,/,drone2,28,1,"container2",world,12.4325,3.17383,0,0.095241,0,0,0,0.095241,0,0,0,0.217153
220876000000,/,drone1,29,0,"container1",world,11.0066,-4.66751,0,0.0877111,0,0,0,0.0877111,0,0,0,0.202268
220876000000,/,drone2,30,0,"container1",world,10.3274,-6.48736,0,0.0878512,0,0,0,0.0878512,0,0,0,0.203471
220936000000,/,drone3,26,2,"container3",world,10.79,10.4525,0,0.10114,0,0,0,0.10114,0,0,0,0.232729
220936000000,/,drone2,28,1,"container2",world,12.4317,3.17765,0,0.0949357,0,0,0,0.0949357,0,0,0,0.216641
220936000000,/,drone1,29,0,"container1",world,11.0072,-4.66879,0,0.0879497,0,0,0,0.0879497,0,0,0,0.202683
220936000000,/,drone2,30,0,"container1",world,10.3265,-6.48178,0,0.0880689,0,0,0,0.0880689,0,0,0,0.20383
221004000000,/,drone3,26,2,"container3",world,10.7851,10.4497,0,0.0983263,0,0,0,0.0983263,0,0,0,0.227993
221004000000,/,drone2,28,1,"container2",world,12.4295,3.18301,0,0.094494,0,0,0,0.094494,0,0,0,0.215845
221004000000,/,drone1,29,0,"container1",world,11.0072,-4.67046,0,0.0878364,0,0,0,0.0878364,0,0,0,0.202478
221004000000,/,drone2,30,0,"container1",world,10.324,-6.47388,0,0.0879328,0,0,0,0.0879328,0,0,0,0.203544
221080000000,/,drone3,26,2,"container3",world,10.7809,10.4473,0,0.0966108,0,0,0,0.0966108,0,0,0,0.224999
221080000000,/,drone2,28,1,"container2",world,12.428,3.1844,0,0.0944315,0,0,0,0.0944315,0,0,0,0.215713
221080000000,/,drone1,29,0,"container1",world,11.0056,-4.67252,0,0.0879951,0,0,0,0.0879951,0,0,0,0.202765
221080000000,/,drone2,30,0,"container1",world,10.322,-6.46752,0,0.088208,0,0,0,0.088208,0,0,0,0.203998
221160000000,/,drone3,26,2,"container3",world,10.773,10.4434,0,0.0941622,0,0,0,0.0941622,0,0,0,0.22031
221160000000,/,drone2,28,1,"container2",world,12.4231,3.18975,0,0.0940214,0,0,0,0.0940214,0,0,0,0.21489
221160000000,/,drone1,29,0,"container1",world,11.0023,-4.67504,0,0.0878439,0,0,0,0.0878439,0,0,0,0.202499
221160000000,/,drone2,30,0,"container1",world,10.3193,-6.4593,0,0.0879701,0,0,0,0.0879701,0,0,0,0.203509
221236000000,/,drone3,26,2,"container3",world,10.764,10.4392,0,0.0924846,0,0,0,0.0924846,0,0,0,0.216815
221236000000,/,drone2,28,1,"container2",world,12.4203,3.19206,0,0.0939018,0,0,0,0.0939018,0,0,0,0.214579
221236000000,/,drone1,29,0,"container1",world,10.997,-4.67869,0,0.0878645,0,0,0,0.0878645,0,0,0,0.202545
221236000000,/,drone2,30,0,"container1",world,10.3164,-6.44858,0,0.0879383,0,0,0,0.0879383,0,0,0,0.203373
221300000000,/,drone3,26,2,"container3",world,10.7547,10.435,0,0.0909686,0,0,0,0.0909686,0,0,0,0.213485
221300000000,/,drone2,28,1,"container2",world,12.4167,3.19519,0,0.0937017,0,0,0,0.0937017,0,0,0,0.214118
221300000000,/,drone1,29,0,"container1",world,10.9932,-4.68137,0,0.0877662,0,0,0,0.0877662,0,0,0,0.202371
221300000000,/,drone2,30,0,"container1",world,10.3146,-6.44097,0,0.0878119,0,0,0,0.0878119,0,0,0,0.203087
221364000000,/,drone3,26,2,"container3",world,10.7457,10.4305,0,0.0901181,0,0,0,0.0901181,0,0,0,0.211258
221364000000,/,drone2,28,1,"container2",world,12.4142,3.19602,0,0.0937048,0,0,0,0.0937048,0,0,0,0.214006
221364000000,/,drone1,29,0,"container1",world,10.9872,-4.68526,0,0.0878549,0,0,0,0.0878549,0,0,0,0.20252
221364000000,/,drone2,30,0,"container1",world,10.3129,-6.43189,0,0.0880052,0,0,0,0.0880052,0,0,0,0.203353
221432000000,/,drone3,26,2,"container3",world,10.7355,10.4241,0,0.0895038,0,0,0,0.0895038,0,0,0,0.209268
221432000000,/,drone2,28,1,"container2",world,12.4064,3.1971,0,0.0937052,0,0,0,0.0937052,0,0,0,0.213857
221432000000,/,drone1,29,0,"container1",world,10.9813,-4.68894,0,0.0881378,0,0,0,0.0881378,0,0,0,0.203016
221432000000,/,drone2,30,0,"container1",world,10.3114,-6.41915,0,0.0882147,0,0,0,0.0882147,0,0,0,0.203637
221464000000,/,drone3,26,2,"container3",world,10.7289,10.4193,0,0.0889983,0,0,0,0.0889983,0,0,0,0.207757
221464000000,/,drone2,28,1,"container2",world,12.4016,3.19819,0,0.0936418,0,0,0,0.0936418,0,0,0,0.213676
221464000000,/,drone1,29,0,"container1",world,10.977,-4.69162,0,0.0881453,0,0,0,0.0881453,0,0,0,0.203034
221464000000,/,drone2,30,0,"container1",world,10.3099,-6.41064,0,0.0881857,0,0,0,0.0881857,0,0,0,0.203533
221504000000,/,drone3,26,2,"container3",world,10.7235,10.4143,0,0.0884303,0,0,0,0.0884303,0,0,0,0.206136
221504000000,/,drone2,28,1,"container2",world,12.3957,3.19998,0,0.0935211,0,0,0,0.0935211,0,0,0,0.213383
221504000000,/,drone1,29,0,"container1",world,10.972,-4.69444,0,0.0879196,0,0,0,0.0879196,0,0,0,0.202635
221504000000,/,drone2,30,0,"container1",world,10.3076,-6.40183,0,0.0879411,0,0,0,0.0879411,0,0,0,0.203043
221588000000,/,drone3,26,2,"container3",world,10.7189,10.4097,0,0.0883061,0,0,0,0.0883061,0,0,0,0.205342
221588000000,/,drone2,28,1,"container2",world,12.3897,3.20001,0,0.093572,0,0,0,0.093572,0,0,0,0.213394
221588000000,/,drone1,29,0,"container1",world,10.9665,-4.6973,0,0.0880225,0,0,0,0.0880225,0,0,0,0.202824
221588000000,/,drone2,30,0,"container1",world,10.3039,-6.39346,0,0.0880337,0,0,0,0.0880337,0,0,0,0.20316
221660000000,/,drone3,26,2,"container3",world,10.7162,10.4065,0,0.0881117,0,0,0,0.0881117,0,0,0,0.204594
221660000000,/,drone2,28,1,"container2",world,12.3859,3.20053,0,0.0935355,0,0,0,0.0935355,0,0,0,0.213288
221660000000,/,drone1,29,0,"container1",world,10.9623,-4.69946,0,0.0879539,0,0,0,0.0879539,0,0,0,0.202707
221660000000,/,drone2,30,0,"container1",world,10.3012,-6.38786,0,0.08796,0,0,0,0.08796,0,0,0,0.202995
221728000000,/,drone3,26,2,"container3",world,10.7149,10.4034,0,0.0882423,0,0,0,0.0882423,0,0,0,0.20441
221728000000,/,drone2,28,1,"container2",world,12.3812,3.19967,0,0.0936234,0,0,0,0.0936234,0,0,0,0.213382
221728000000,/,drone1,29,0,"container1",world,10.9575,-4.70222,0,0.0881603,0,0,0,0.0881603,0,0,0,0.203072
221728000000,/,drone2,30,0,"container1",world,10.2987,-6.38372,0,0.0881636,0,0,0,0.0881636,0,0,0,0.203314
221800000000,/,drone3,26,2,"container3",world,10.7153,10.4002,0,0.0880616,0,0,0,0.0880616,0,0,0,0.203728
221800000000,/,drone2,28,1,"container2",world,12.377,3.19999,0,0.0935468,0,0,0,0.0935468,0,0,0,0.213205
221800000000,/,drone1,29,0,"container1",world,10.953,-4.70565,0,0.0880134,0,0,0,0.0880134,0,0,0,0.202817
221800000000,/,drone2,30,0,"container1",world,10.296,-6.37716,0,0.0880154,0,0,0,0.0880154,0,0,0,0.203017
221896000000,/,drone3,26,2,"container3",world,10.7151,10.3967,0,0.0877764,0,0,0,0.0877764,0,0,0,0.202904
221896000000,/,drone2,28,1,"container2",world,12.3731,3.20041,0,0.093449,0,0,0,0.093449,0,0,0,0.212995
221896000000,/,drone1,29,0,"container1",world,10.9494,-4.7097,0,0.0877354,0,0,0,0.0877354,0,0,0,0.202315
221896000000,/,drone2,30,0,"container1",world,10.2951,-6.36798,0,0.0877369,0,0,0,0.0877369,0,0,0,0.202478
221960000000,/,drone3,26,2,"container3",world,10.7125,10.3916,0,0.0877806,0,0,0,0.0877806,0,0,0,0.202617
221960000000,/,drone2,28,1,"container2",world,12.3684,3.19939,0,0.0934802,0,0,0,0.0934802,0,0,0,0.213009
221960000000,/,drone1,29,0,"container1",world,10.9465,-4.71549,0,0.087723,0,0,0,0.087723,0,0,0,0.202283
221960000000,/,drone2,30,0,"container1",world,10.2979,-6.35517,0,0.0877243,0,0,0,0.0877243,0,0,0,0.202408
222032000000,/,drone3,26,2,"container3",world,10.7095,10.3859,0,0.0880137,0,0,0,0.0880137,0,0,0,0.202838
222032000000,/,drone2,28,1,"container2",world,12.3654,3.19752,0,0.0935776,0,0,0,0.0935776,0,0,0,0.213159
222032000000,/,drone1,29,0,"container1",world,10.9451,-4.7222,0,0.0878131,0,0,0,0.0878131,0,0,0,0.202446
222032000000,/,drone2,30,0,"container1",world,10.3011,-6.34043,0,0.0878144,0,0,0,0.0878144,0,0,0,0.202538
222100000000,/,drone3,26,2,"container3",world,10.7062,10.3792,0,0.0882653,0,0,0,0.0882653,0,0,0,0.203152
222100000000,/,drone2,28,1,"container2",world,12.3632,3.19491,0,0.0936532,0,0,0,0.0936532,0,0,0,0.213278
222100000000,/,drone1,29,0,"container1",world,10.9442,-4.72665,0,0.0877488,0,0,0,0.0877488,0,0,0,0.202331
222100000000,/,drone2,30,0,"container1",world,10.3033,-6.33083,0,0.0877503,0,0,0,0.0877503,0,0,0,0.202403
222196000000,/,drone3,26,2,"container3",world,10.7043,10.3749,0,0.0882619,0,0,0,0.0882619,0,0,0,0.203084
222196000000,/,drone2,28,1,"container2",world,12.3624,3.19426,0,0.0936194,0,0,0,0.0936194,0,0,0,0.213221
222196000000,/,drone1,29,0,"container1",world,10.9428,-4.73212,0,0.0878147,0,0,0,0.0878147,0,0,0,0.202455
222196000000,/,drone2,30,0,"container1",world,10.3042,-6.31814,0,0.0878162,0,0,0,0.0878162,0,0,0,0.202507
222276000000,/,drone3,26,2,"container3",world,10.7036,10.3696,0,0.0879409,0,0,0,0.0879409,0,0,0,0.202486
222276000000,/,drone2,28,1,"container2",world,12.3635,3.19419,0,0.0934814,0,0,0,0.0934814,0,0,0,0.212984
222276000000,/,drone1,29,0,"container1",world,10.9423,-4.73824,0,0.0876414,0,0,0,0.0876414,0,0,0,0.20214
222276000000,/,drone2,30,0,"container1",world,10.3063,-6.30708,0,0.087643,0,0,0,0.087643,0,0,0,0.202177
222360000000,/,drone3,26,2,"container3",world,10.704,10.3644,0,0.0880167,0,0,0,0.0880167,0,0,0,0.20262
222360000000,/,drone2,28,1,"container2",world,12.3646,3.19239,0,0.0935412,0,0,0,0.0935412,0,0,0,0.213089
222360000000,/,drone1,29,0,"container1",world,10.9414,-4.74753,0,0.087681,0,0,0,0.087681,0,0,0,0.202202
222360000000,/,drone2,30,0,"container1",world,10.3122,-6.29647,0,0.0876826,0,0,0,0.0876826,0,0,0,0.202228
222424000000,/,drone3,26,2,"container3",world,10.7045,10.3577,0,0.0881567,0,0,0,0.0881567,0,0,0,0.202909
222424000000,/,drone2,28,1,"container2",world,12.3645,3.19062,0,0.0935975,0,0,0,0.0935975,0,0,0,0.213197
222424000000,/,drone1,29,0,"container1",world,10.9403,-4.7569,0,0.0879173,0,0,0,0.0879173,0,0,0,0.202626
222424000000,/,drone2,30,0,"container1",world,10.3179,-6.28826,0,0.0879189,0,0,0,0.0879189,0,0,0,0.202643
222500000000,/,drone3,26,2,"container3",world,10.7042,10.3515,0,0.0879914,0,0,0,0.0879914,0,0,0,0.202659
222500000000,/,drone2,28,1,"container2",world,12.3636,3.19049,0,0.093518,0,0,0,0.093518,0,0,0,0.213069
222500000000,/,drone1,29,0,"container1",world,10.9373,-4.76802,0,0.0881535,0,0,0,0.0881535,0,0,0,0.203047
222500000000,/,drone2,30,0,"container1",world,10.3213,-6.28125,0,0.087806,0,0,0,0.087806,0,0,0,0.202438
222600000000,/,drone3,26,2,"container3",world,10.7037,10.3449,0,0.0881201,0,0,0,0.0881201,0,0,0,0.202941
222600000000,/,drone2,28,1,"container2",world,12.3625,3.18873,0,0.0935837,0,0,0,0.0935837,0,0,0,0.213193
222600000000,/,drone1,29,0,"container1",world,10.9341,-4.77751,0,0.0880196,0,0,0,0.0880196,0,0,0,0.202818
222600000000,/,drone2,30,0,"container1",world,10.3234,-6.27437,0,0.0879664,0,0,0,0.0879664,0,0,0,0.202727
222688000000,/,drone3,26,2,"container3",world,10.7015,10.3371,0,0.0878482,0,0,0,0.0878482,0,0,0,0.202508
222688000000,/,drone2,28,1,"container2",world,12.361,3.1888,0,0.0934675,0,0,0,0.0934675,0,0,0,0.212999
222688000000,/,drone1,29,0,"container1",world,10.9302,-4.78465,0,0.0877465,0,0,0,0.0877465,0,0,0,0.202327
222688000000,/,drone2,30,0,"container1",world,10.3252,-6.26493,0,0.0877202,0,0,0,0.0877202,0,0,0,0.202282
222752000000,/,drone3,26,2,"container3",world,10.6986,10.3301,0,0.0879413,0,0,0,0.0879413,0,0,0,0.202715
222752000000,/,drone2,28,1,"container2",world,12.3594,3.18756,0,0.0935313,0,0,0,0.0935313,0,0,0,0.213113
222752000000,/,drone1,29,0,"container1",world,10.9249,-4.78989,0,0.0877346,0,0,0,0.0877346,0,0,0,0.202299
222752000000,/,drone2,30,0,"container1",world,10.3274,-6.25403,0,0.0877218,0,0,0,0.0877218,0,0,0,0.202277
222816000000,/,drone3,26,2,"container3",world,10.6957,10.3222,0,0.0880833,0,0,0,0.0880833,0,0,0,0.203016
222816000000,/,drone2,28,1,"container2",world,12.3573,3.18659,0,0.0935874,0,0,0,0.0935874,0,0,0,0.213217
222816000000,/,drone1,29,0,"container1",world,10.9205,-4.79506,0,0.0879446,0,0,0,0.0879446,0,0,0,0.202676
222816000000,/,drone2,30,0,"container1",world,10.3295,-6.23983,0,0.0878172,0,0,0,0.0878172,0,0,0,0.202452
222900000000,/,drone3,26,2,"container3",world,10.6924,10.3141,0,0.0882636,0,0,0,0.0882636,0,0,0,0.203373
222900000000,/,drone2,28,1,"container2",world,12.3557,3.18568,0,0.0936474,0,0,0,0.0936474,0,0,0,0.213325
222900000000,/,drone1,29,0,"container1",world,10.9174,-4.80252,0,0.088035,0,0,0,0.088035,0,0,0,0.202845
222900000000,/,drone2,30,0,"container1",world,10.3321,-6.22632,0,0.0881046,0,0,0,0.0881046,0,0,0,0.202963
223000000000,/,drone3,26,2,"container3",world,10.6894,10.3079,0,0.088097,0,0,0,0.088097,0,0,0,0.203108
223000000000,/,drone2,28,1,"container2",world,12.3551,3.18663,0,0.0935599,0,0,0,0.0935599,0,0,0,0.21318
223000000000,/,drone1,29,0,"container1",world,10.9163,-4.80735,0,0.0879603,0,0,0,0.0879603,0,0,0,0.202718
223000000000,/,drone2,30,0,"container1",world,10.3337,-6.21334,0,0.0879954,0,0,0,0.0879954,0,0,0,0.202778
223084000000,/,drone3,26,2,"container3",world,10.6854,10.3015,0,0.0881573,0,0,0,0.0881573,0,0,0,0.203218
223084000000,/,drone2,28,1,"container2",world,12.3554,3.1864,0,0.0935975,0,0,0,0.0935975,0,0,0,0.21324
223084000000,/,drone1,29,0,"container1",world,10.917,-4.81289,0,0.0880735,0,0,0,0.0880735,0,0,0,0.202906
223084000000,/,drone2,30,0,"container1",world,10.3326,-6.197,0,0.0880911,0,0,0,0.0880911,0,0,0,0.202937
223180000000,/,drone3,26,2,"container3",world,10.6816,10.2961,0,0.087953,0,0,0,0.087953,0,0,0,0.202856
223180000000,/,drone2,28,1,"container2",world,12.3536,3.1879,0,0.0935133,0,0,0,0.0935133,0,0,0,0.213094
223180000000,/,drone1,29,0,"container1",world,10.918,-4.81826,0,0.0882461,0,0,0,0.0882461,0,0,0,0.203208
223180000000,/,drone2,30,0,"container1",world,10.3294,-6.18293,0,0.0879077,0,0,0,0.0879077,0,0,0,0.202607
223240000000,/,drone3,26,2,"container3",world,10.6764,10.2903,0,0.0879402,0,0,0,0.0879402,0,0,0,0.202838
223240000000,/,drone2,28,1,"container2",world,12.3482,3.18926,0,0.0935291,0,0,0,0.0935291,0,0,0,0.213123
223240000000,/,drone1,29,0,"container1",world,10.9186,-4.82249,0,0.0880793,0,0,0,0.0880793,0,0,0,0.202918
223240000000,/,drone2,30,0,"container1",world,10.3272,-6.16853,0,0.0879096,0,0,0,0.0879096,0,0,0,0.202618
223312000000,/,drone3,26,2,"container3",world,10.6712,10.2855,0,0.0881711,0,0,0,0.0881711,0,0,0,0.203243
223312000000,/,drone2,28,1,"container2",world,12.3429,3.1896,0,0.0936289,0,0,0,0.0936289,0,0,0,0.213293
223312000000,/,drone1,29,0,"container1",world,10.9186,-4.82743,0,0.0881021,0,0,0,0.0881021,0,0,0,0.202966
223312000000,/,drone2,30,0,"container1",world,10.3253,-6.15709,0,0.08815,0,0,0,0.08815,0,0,0,0.203046
223400000000,/,drone3,26,2,"container3",world,10.6659,10.2816,0,0.0880328,0,0,0,0.0880328,0,0,0,0.202997
223400000000,/,drone2,28,1,"container2",world,12.3373,3.19167,0,0.0935521,0,0,0,0.0935521,0,0,0,0.213163
223400000000,/,drone1,29,0,"container1",world,10.918,-4.83187,0,0.0878857,0,0,0,0.0878857,0,0,0,0.202583
223400000000,/,drone2,30,0,"container1",world,10.3243,-6.15141,0,0.0882693,0,0,0,0.0882693,0,0,0,0.203259
223500000000,/,drone3,26,2,"container3",world,10.6568,10.2771,0,0.088112,0,0,0,0.088112,0,0,0,0.203112
223500000000,/,drone2,28,1,"container2",world,12.33,3.19294,0,0.0935933,0,0,0,0.0935933,0,0,0,0.213225
223500000000,/,drone1,29,0,"container1",world,10.9165,-4.83623,0,0.0880363,0,0,0,0.0880363,0,0,0,0.20284
223500000000,/,drone2,30,0,"container1",world,10.3239,-6.14858,0,0.0883288,0,0,0,0.0883288,0,0,0,0.203365
223576000000,/,drone3,26,2,"container3",world,10.6436,10.2729,0,0.0882665,0,0,0,0.0882665,0,0,0,0.203365
223576000000,/,drone2,28,1,"container2",world,12.3223,3.19437,0,0.0936503,0,0,0,0.0936503,0,0,0,0.213319
223576000000,/,drone1,29,0,"container1",world,10.9142,-4.84117,0,0.0882276,0,0,0,0.0882276,0,0,0,0.203175
223576000000,/,drone2,30,0,"container1",world,10.3169,-6.12895,0,0.0883732,0,0,0,0.0883732,0,0,0,0.203437
223648000000,/,drone3,26,2,"container3",world,10.6325,10.2698,0,0.0880903,0,0,0,0.0880903,0,0,0,0.203044
223648000000,/,drone2,28,1,"container2",world,12.3171,3.19646,0,0.0935623,0,0,0,0.0935623,0,0,0,0.213169
223648000000,/,drone1,29,0,"container1",world,10.9101,-4.84572,0,0.0879611,0,0,0,0.0879611,0,0,0,0.202706
223648000000,/,drone2,30,0,"container1",world,10.3125,-6.11191,0,0.0880348,0,0,0,0.0880348,0,0,0,0.20284
223708000000,/,drone3,26,2,"container3",world,10.6229,10.2676,0,0.08824,0,0,0,0.08824,0,0,0,0.203297
223708000000,/,drone2,28,1,"container2",world,12.3129,3.19655,0,0.0936364,0,0,0,0.0936364,0,0,0,0.213294
223708000000,/,drone1,29,0,"container1",world,10.9058,-4.84932,0,0.0880431,0,0,0,0.0880431,0,0,0,0.20286
223708000000,/,drone2,30,0,"container1",world,10.3103,-6.098,0,0.0880799,0,0,0,0.0880799,0,0,0,0.202928
223800000000,/,drone3,26,2,"container3",world,10.6162,10.2662,0,0.0880634,0,0,0,0.0880634,0,0,0,0.202979
223800000000,/,drone2,28,1,"container2",world,12.3108,3.19801,0,0.0935535,0,0,0,0.0935535,0,0,0,0.213154
223800000000,/,drone1,29,0,"container1",world,10.9018,-4.85207,0,0.087856,0,0,0,0.087856,0,0,0,0.20253
223800000000,/,drone2,30,0,"container1",world,10.3088,-6.08744,0,0.0878745,0,0,0,0.0878745,0,0,0,0.202565
223888000000,/,drone3,26,2,"container3",world,10.6096,10.2649,0,0.0881249,0,0,0,0.0881249,0,0,0,0.203063
223888000000,/,drone2,28,1,"container2",world,12.3102,3.1987,0,0.0935934,0,0,0,0.0935934,0,0,0,0.213214
223888000000,/,drone1,29,0,"container1",world,10.8978,-4.85426,0,0.0880216,0,0,0,0.0880216,0,0,0,0.202813
223888000000,/,drone2,30,0,"container1",world,10.3077,-6.07848,0,0.0880308,0,0,0,0.0880308,0,0,0,0.202832
223960000000,/,drone3,26,2,"container3",world,10.6062,10.2636,0,0.0882716,0,0,0,0.0882716,0,0,0,0.203305
223960000000,/,drone2,28,1,"container2",world,12.3088,3.19932,0,0.0936503,0,0,0,0.0936503,0,0,0,0.213309
223960000000,/,drone1,29,0,"container1",world,10.8924,-4.85604,0,0.0882203,0,0,0,0.0882203,0,0,0,0.203161
223960000000,/,drone2,30,0,"container1",world,10.3053,-6.07043,0,0.0882249,0,0,0,0.0882249,0,0,0,0.203172
224000000000,/,drone3,26,2,"container3",world,10.6046,10.2625,0,0.0880921,0,0,0,0.0880921,0,0,0,0.202983
224000000000,/,drone2,28,1,"container2",world,12.309,3.20097,0,0.0935624,0,0,0,0.0935624,0,0,0,0.21316
224000000000,/,drone1,29,0,"container1",world,10.8863,-4.85754,0,0.0879575,0,0,0,0.0879575,0,0,0,0.202699
224000000000,/,drone2,30,0,"container1",world,10.3029,-6.0643,0,0.0880686,0,0,0,0.0880686,0,0,0,0.202901
224072000000,/,drone3,26,2,"container3",world,10.6038,10.2616,0,0.0882405,0,0,0,0.0882405,0,0,0,0.203239
224072000000,/,drone2,28,1,"container2",world,12.3095,3.20108,0,0.0936366,0,0,0,0.0936366,0,0,0,0.213286
224072000000,/,drone1,29,0,"container1",world,10.8806,-4.85854,0,0.0880413,0,0,0,0.0880413,0,0,0,0.202856
224072000000,/,drone2,30,0,"container1",world,10.3006,-6.05927,0,0.0882288,0,0,0,0.0882288,0,0,0,0.203186
224152000000,/,drone3,26,2,"container3",world,10.6035,10.2608,0,0.0881828,0,0,0,0.0881828,0,0,0,0.203137
224152000000,/,drone2,28,1,"container2",world,12.3103,3.20196,0,0.0936018,0,0,0,0.0936018,0,0,0,0.213229
224152000000,/,drone1,29,0,"container1",world,10.8766,-4.85912,0,0.0879633,0,0,0,0.0879633,0,0,0,0.202723
224152000000,/,drone2,30,0,"container1",world,10.2988,-6.05541,0,0.0880575,0,0,0,0.0880575,0,0,0,0.20289
224200000000,/,drone3,26,2,"container3",world,10.6033,10.2605,0,0.0881539,0,0,0,0.0881539,0,0,0,0.203087
224200000000,/,drone2,28,1,"container2",world,12.3105,3.20218,0,0.0935931,0,0,0,0.0935931,0,0,0,0.213215
224200000000,/,drone1,29,0,"container1",world,10.8745,-4.8594,0,0.0879243,0,0,0,0.0879243,0,0,0,0.202657
224200000000,/,drone2,30,0,"container1",world,10.2979,-6.05347,0,0.0879715,0,0,0,0.0879715,0,0,0,0.202741
224236000000,/,drone3,26,2,"container3",world,10.6032,10.2603,0,0.0881394,0,0,0,0.0881394,0,0,0,0.203061
224236000000,/,drone2,28,1,"container2",world,12.3105,3.20224,0,0.0935909,0,0,0,0.0935909,0,0,0,0.213211
224236000000,/,drone1,29,0,"container1",world,10.8725,-4.85961,0,0.0877962,0,0,0,0.0877962,0,0,0,0.202428
224236000000,/,drone2,30,0,"container1",world,10.2971,-6.05221,0,0.0878199,0,0,0,0.0878199,0,0,0,0.20247
224272000000,/,drone3,26,2,"container3",world,10.6034,10.2592,0,0.087932,0,0,0,0.087932,0,0,0,0.202674
224272000000,/,drone2,28,1,"container2",world,12.3136,3.20487,0,0.09351,0,0,0,0.09351,0,0,0,0.213065
224272000000,/,drone1,29,0,"container1",world,10.8679,-4.85867,0,0.0879919,0,0,0,0.0879919,0,0,0,0.202762
224272000000,/,drone2,30,0,"container1",world,10.2966,-6.05155,0,0.0880037,0,0,0,0.0880037,0,0,0,0.202784
224304000000,/,drone3,26,2,"container3",world,10.6024,10.2586,0,0.0881761,0,0,0,0.0881761,0,0,0,0.203097
224304000000,/,drone2,28,1,"container2",world,12.3142,3.20445,0,0.0936297,0,0,0,0.0936297,0,0,0,0.213268
224304000000,/,drone1,29,0,"container1",world,10.8635,-4.85759,0,0.0878576,0,0,0,0.0878576,0,0,0,0.202518
224304000000,/,drone2,30,0,"container1",world,10.297,-6.05134,0,0.0878635,0,0,0,0.0878635,0,0,0,0.202529
224368000000,/,drone3,26,2,"container3",world,10.6009,10.2584,0,0.0881645,0,0,0,0.0881645,0,0,0,0.203078
224368000000,/,drone2,28,1,"container2",world,12.3141,3.20514,0,0.0936058,0,0,0,0.0936058,0,0,0,0.21323
224368000000,/,drone1,29,0,"container1",world,10.8603,-4.857,0,0.0881391,0,0,0,0.0881391,0,0,0,0.203015
224368000000,/,drone2,30,0,"container1",world,10.2982,-6.05153,0,0.0880085,0,0,0,0.0880085,0,0,0,0.202791
224416000000,/,drone3,26,2,"container3",world,10.5984,10.2585,0,0.0879294,0,0,0,0.0879294,0,0,0,0.20266
224416000000,/,drone2,28,1,"container2",world,12.3135,3.20686,0,0.0935076,0,0,0,0.0935076,0,0,0,0.213062
224416000000,/,drone1,29,0,"container1",world,10.8587,-4.85671,0,0.0882787,0,0,0,0.0882787,0,0,0,0.203262
224416000000,/,drone2,30,0,"container1",world,10.2999,-6.05183,0,0.0878507,0,0,0,0.0878507,0,0,0,0.202513
224460000000,/,drone3,26,2,"container3",world,10.5959,10.2586,0,0.0881599,0,0,0,0.0881599,0,0,0,0.203068
224460000000,/,drone2,28,1,"container2",world,12.3125,3.20616,0,0.093623,0,0,0,0.093623,0,0,0,0.21326
224460000000,/,drone1,29,0,"container1",world,10.8563,-4.8562,0,0.0880957,0,0,0,0.0880957,0,0,0,0.202945
224460000000,/,drone2,30,0,"container1",world,10.3007,-6.05172,0,0.0881208,0,0,0,0.0881208,0,0,0,0.202993
224500000000,/,drone3,26,2,"container3",world,10.5925,10.2591,0,0.088023,0,0,0,0.088023,0,0,0,0.202831
224500000000,/,drone2,28,1,"container2",world,12.311,3.20758,0,0.0935504,0,0,0,0.0935504,0,0,0,0.213139
224500000000,/,drone1,29,0,"container1",world,10.8542,-4.85578,0,0.0878946,0,0,0,0.0878946,0,0,0,0.20259
224500000000,/,drone2,30,0,"container1",world,10.3015,-6.05046,0,0.0880032,0,0,0,0.0880032,0,0,0,0.202792
224536000000,/,drone3,26,2,"container3",world,10.5896,10.2594,0,0.087846,0,0,0,0.087846,0,0,0,0.202517
224536000000,/,drone2,28,1,"container2",world,12.3102,3.20866,0,0.0934888,0,0,0,0.0934888,0,0,0,0.213032
224536000000,/,drone1,29,0,"container1",world,10.8518,-4.85529,0,0.08801,0,0,0,0.08801,0,0,0,0.202802
224536000000,/,drone2,30,0,"container1",world,10.3021,-6.04938,0,0.0878359,0,0,0,0.0878359,0,0,0,0.202496
224584000000,/,drone3,26,2,"container3",world,10.5871,10.2597,0,0.0876591,0,0,0,0.0876591,0,0,0,0.202177
224584000000,/,drone2,28,1,"container2",world,12.3095,3.20969,0,0.0934345,0,0,0,0.0934345,0,0,0,0.212936
224584000000,/,drone1,29,0,"container1",world,10.85,-4.85487,0,0.0878393,0,0,0,0.0878393,0,0,0,0.202501
224584000000,/,drone2,30,0,"container1",world,10.3037,-6.04767,0,0.0880116,0,0,0,0.0880116,0,0,0,0.202796
224632000000,/,drone3,26,2,"container3",world,10.5857,10.2595,0,0.0879241,0,0,0,0.0879241,0,0,0,0.202639
224632000000,/,drone2,28,1,"container2",world,12.3081,3.20893,0,0.093564,0,0,0,0.093564,0,0,0,0.213155
224632000000,/,drone1,29,0,"container1",world,10.8494,-4.85465,0,0.0880133,0,0,0,0.0880133,0,0,0,0.202799
224632000000,/,drone2,30,0,"container1",world,10.3045,-6.04681,0,0.088099,0,0,0,0.088099,0,0,0,0.202946
224672000000,/,drone3,26,2,"container3",world,10.5847,10.2588,0,0.0878236,0,0,0,0.0878236,0,0,0,0.202456
224672000000,/,drone2,28,1,"container2",world,12.3065,3.20992,0,0.0935033,0,0,0,0.0935033,0,0,0,0.21305
224672000000,/,drone1,29,0,"container1",world,10.8499,-4.85455,0,0.0878683,0,0,0,0.0878683,0,0,0,0.202536
224672000000,/,drone2,30,0,"container1",world,10.3046,-6.04485,0,0.0879115,0,0,0,0.0879115,0,0,0,0.20261
224732000000,/,drone3,26,2,"container3",world,10.5839,10.2581,0,0.0881225,0,0,0,0.0881225,0,0,0,0.202985
224732000000,/,drone2,28,1,"container2",world,12.3051,3.20884,0,0.093628,0,0,0,0.093628,0,0,0,0.213264
224732000000,/,drone1,29,0,"container1",world,10.8504,-4.85459,0,0.0881445,0,0,0,0.0881445,0,0,0,0.203024
224732000000,/,drone2,30,0,"container1",world,10.3034,-6.04301,0,0.0881658,0,0,0,0.0881658,0,0,0,0.203061
224764000000,/,drone3,26,2,"container3",world,10.5832,10.2569,0,0.0880172,0,0,0,0.0880172,0,0,0,0.202806
224764000000,/,drone2,28,1,"container2",world,12.3036,3.20931,0,0.0935569,0,0,0,0.0935569,0,0,0,0.213146
224764000000,/,drone1,29,0,"container1",world,10.8516,-4.85493,0,0.0880281,0,0,0,0.0880281,0,0,0,0.202826
224764000000,/,drone2,30,0,"container1",world,10.3039,-6.04165,0,0.0880389,0,0,0,0.0880389,0,0,0,0.202844
224812000000,/,drone3,26,2,"container3",world,10.5829,10.2557,0,0.0878552,0,0,0,0.0878552,0,0,0,0.20252
224812000000,/,drone2,28,1,"container2",world,12.3025,3.20962,0,0.0934954,0,0,0,0.0934954,0,0,0,0.21304
224812000000,/,drone1,29,0,"container1",world,10.8527,-4.85524,0,0.0878606,0,0,0,0.0878606,0,0,0,0.20253
224812000000,/,drone2,30,0,"container1",world,10.3049,-6.0406,0,0.087866,0,0,0,0.087866,0,0,0,0.202539
224864000000,/,drone3,26,2,"container3",world,10.5826,10.2545,0,0.0881231,0,0,0,0.0881231,0,0,0,0.202997
224864000000,/,drone2,28,1,"container2",world,12.3013,3.2081,0,0.0936199,0,0,0,0.0936199,0,0,0,0.213254
224864000000,/,drone1,29,0,"container1",world,10.8539,-4.85585,0,0.0879931,0,0,0,0.0879931,0,0,0,0.202772
224864000000,/,drone2,30,0,"container1",world,10.3064,-6.0389,0,0.0879958,0,0,0,0.0879958,0,0,0,0.202777
224900000000,/,drone3,26,2,"container3",world,10.5828,10.2525,0,0.0880045,0,0,0,0.0880045,0,0,0,0.202794
224900000000,/,drone2,28,1,"container2",world,12.2995,3.2086,0,0.0935496,0,0,0,0.0935496,0,0,0,0.213137
224900000000,/,drone1,29,0,"container1",world,10.8547,-4.85638,0,0.0879392,0,0,0,0.0879392,0,0,0,0.202681
224900000000,/,drone2,30,0,"container1",world,10.307,-6.03748,0,0.0879405,0,0,0,0.0879405,0,0,0,0.202684
224960000000,/,drone3,26,2,"container3",world,10.5835,10.2508,0,0.0878366,0,0,0,0.0878366,0,0,0,0.202497
224960000000,/,drone2,28,1,"container2",world,12.2981,3.20923,0,0.0934886,0,0,0,0.0934886,0,0,0,0.213032
224960000000,/,drone1,29,0,"container1",world,10.8552,-4.85681,0,0.0878037,0,0,0,0.0878037,0,0,0,0.20244
224960000000,/,drone2,30,0,"container1",world,10.3063,-6.03575,0,0.0878043,0,0,0,0.0878043,0,0,0,0.202441
224996000000,/,drone3,26,2,"container3",world,10.5818,10.2488,0,0.0879706,0,0,0,0.0879706,0,0,0,0.20274
224996000000,/,drone2,28,1,"container2",world,12.2957,3.20871,0,0.0935606,0,0,0,0.0935606,0,0,0,0.213157
224996000000,/,drone1,29,0,"container1",world,10.8555,-4.85724,0,0.088086,0,0,0,0.088086,0,0,0,0.20294
224996000000,/,drone2,30,0,"container1",world,10.3059,-6.03354,0,0.0879545,0,0,0,0.0879545,0,0,0,0.202712
225048000000,/,drone3,26,2,"container3",world,10.5785,10.2476,0,0.0879183,0,0,0,0.0879183,0,0,0,0.20265
225048000000,/,drone2,28,1,"container2",world,12.2942,3.20905,0,0.0935308,0,0,0,0.0935308,0,0,0,0.213107
225048000000,/,drone1,29,0,"container1",world,10.8556,-4.85746,0,0.0882259,0,0,0,0.0882259,0,0,0,0.203188
225048000000,/,drone2,30,0,"container1",world,10.305,-6.03176,0,0.0879101,0,0,0,0.0879101,0,0,0,0.202637
225096000000,/,drone3,26,2,"container3",world,10.5773,10.245,0,0.0876874,0,0,0,0.0876874,0,0,0,0.202231
225096000000,/,drone2,28,1,"container2",world,12.2919,3.21009,0,0.0934418,0,0,0,0.0934418,0,0,0,0.212949
225096000000,/,drone1,29,0,"container1",world,10.8556,-4.85756,0,0.0882956,0,0,0,0.0882956,0,0,0,0.203311
225096000000,/,drone2,30,0,"container1",world,10.3035,-6.02965,0,0.0876832,0,0,0,0.0876832,0,0,0,0.202224
225140000000,/,drone3,26,2,"container3",world,10.5766,10.2437,0,0.0875711,0,0,0,0.0875711,0,0,0,0.202019
225140000000,/,drone2,28,1,"container2",world,12.2913,3.21036,0,0.0934195,0,0,0,0.0934195,0,0,0,0.21291
225140000000,/,drone1,29,0,"container1",world,10.8555,-4.8587,0,0.0881135,0,0,0,0.0881135,0,0,0,0.20298
225140000000,/,drone2,30,0,"container1",world,10.302,-6.028,0,0.0879285,0,0,0,0.0879285,0,0,0,0.202649
225200000000,/,drone3,26,2,"container3",world,10.5763,10.2411,0,0.0877513,0,0,0,0.0877513,0,0,0,0.202333
225200000000,/,drone2,28,1,"container2",world,12.2889,3.20985,0,0.0935086,0,0,0,0.0935086,0,0,0,0.213061
225200000000,/,drone1,29,0,"container1",world,10.8557,-4.85944,0,0.0879128,0,0,0,0.0879128,0,0,0,0.202617
225200000000,/,drone2,30,0,"container1",world,10.3001,-6.02712,0,0.0879292,0,0,0,0.0879292,0,0,0,0.202647
225292000000,/,drone3,26,2,"container3",world,10.5761,10.2388,0,0.0877309,0,0,0,0.0877309,0,0,0,0.202292
225292000000,/,drone2,28,1,"container2",world,12.2876,3.21041,0,0.0934871,0,0,0,0.0934871,0,0,0,0.213022
225292000000,/,drone1,29,0,"container1",world,10.8558,-4.86,0,0.088161,0,0,0,0.088161,0,0,0,0.203054
225292000000,/,drone2,30,0,"container1",world,10.2974,-6.02619,0,0.0881692,0,0,0,0.0881692,0,0,0,0.203069
225360000000,/,drone3,26,2,"container3",world,10.5756,10.2353,0,0.0878171,0,0,0,0.0878171,0,0,0,0.202451
225360000000,/,drone2,28,1,"container2",world,12.2861,3.21101,0,0.0935199,0,0,0,0.0935199,0,0,0,0.213082
225360000000,/,drone1,29,0,"container1",world,10.8565,-4.86093,0,0.0880323,0,0,0,0.0880323,0,0,0,0.202832
225360000000,/,drone2,30,0,"container1",world,10.2957,-6.02484,0,0.0880364,0,0,0,0.0880364,0,0,0,0.20284
225452000000,/,drone3,26,2,"container3",world,10.5752,10.2323,0,0.0881009,0,0,0,0.0881009,0,0,0,0.202955
225452000000,/,drone2,28,1,"container2",world,12.2857,3.21075,0,0.0936247,0,0,0,0.0936247,0,0,0,0.213261
225452000000,/,drone1,29,0,"container1",world,10.8576,-4.86257,0,0.0880758,0,0,0,0.0880758,0,0,0,0.202916
225452000000,/,drone2,30,0,"container1",world,10.295,-6.02268,0,0.0880779,0,0,0,0.0880779,0,0,0,0.20292
225544000000,/,drone3,26,2,"container3",world,10.5746,10.2298,0,0.0879909,0,0,0,0.0879909,0,0,0,0.202767
225544000000,/,drone2,28,1,"container2",world,12.2865,3.21205,0,0.0935498,0,0,0,0.0935498,0,0,0,0.213136
225544000000,/,drone1,29,0,"container1",world,10.8585,-4.86431,0,0.0878704,0,0,0,0.0878704,0,0,0,0.202553
225544000000,/,drone2,30,0,"container1",world,10.295,-6.02028,0,0.0878714,0,0,0,0.0878714,0,0,0,0.202555
225600000000,/,drone3,26,2,"container3",world,10.5661,10.229,0,0.0880872,0,0,0,0.0880872,0,0,0,0.202927
225600000000,/,drone2,28,1,"container2",world,12.2867,3.21258,0,0.0935921,0,0,0,0.0935921,0,0,0,0.213203
225600000000,/,drone1,29,0,"container1",world,10.8591,-4.86562,0,0.0876695,0,0,0,0.0876695,0,0,0,0.202189
225600000000,/,drone2,30,0,"container1",world,10.2968,-6.01752,0,0.0880278,0,0,0,0.0880278,0,0,0,0.202821
225684000000,/,drone3,26,2,"container3",world,10.5552,10.2295,0,0.0879045,0,0,0,0.0879045,0,0,0,0.202597
225684000000,/,drone2,28,1,"container2",world,12.2871,3.21419,0,0.09351,0,0,0,0.09351,0,0,0,0.21306
225684000000,/,drone1,29,0,"container1",world,10.8597,-4.86671,0,0.0879277,0,0,0,0.0879277,0,0,0,0.20264
225684000000,/,drone2,30,0,"container1",world,10.3028,-6.01425,0,0.0882226,0,0,0,0.0882226,0,0,0,0.203162
225756000000,/,drone3,26,2,"container3",world,10.5443,10.2306,0,0.0879074,0,0,0,0.0879074,0,0,0,0.202609
225756000000,/,drone2,28,1,"container2",world,12.2861,3.21512,0,0.0935272,0,0,0,0.0935272,0,0,0,0.213094
225756000000,/,drone1,29,0,"container1",world,10.8602,-4.86796,0,0.0878243,0,0,0,0.0878243,0,0,0,0.202453
225756000000,/,drone2,30,0,"container1",world,10.3084,-6.01209,0,0.0880669,0,0,0,0.0880669,0,0,0,0.202892
225840000000,/,drone3,26,2,"container3",world,10.5389,10.2311,0,0.0879088,0,0,0,0.0879088,0,0,0,0.202616
225840000000,/,drone2,28,1,"container2",world,12.2858,3.21535,0,0.0935314,0,0,0,0.0935314,0,0,0,0.213102
225840000000,/,drone1,29,0,"container1",world,10.8606,-4.87014,0,0.0881075,0,0,0,0.0881075,0,0,0,0.202961
225840000000,/,drone2,30,0,"container1",world,10.3119,-6.01217,0,0.0880957,0,0,0,0.0880957,0,0,0,0.202951
225908000000,/,drone3,26,2,"container3",world,10.5362,10.2313,0,0.0879096,0,0,0,0.0879096,0,0,0,0.202619
225908000000,/,drone2,28,1,"container2",world,12.2858,3.21541,0,0.0935325,0,0,0,0.0935325,0,0,0,0.213105
225908000000,/,drone1,29,0,"container1",world,10.8622,-4.87211,0,0.0878883,0,0,0,0.0878883,0,0,0,0.20258
225908000000,/,drone2,30,0,"container1",world,10.3154,-6.0137,0,0.0878824,0,0,0,0.0878824,0,0,0,0.202575
226000000000,/,drone3,26,2,"container3",world,10.5348,10.2315,0,0.0879099,0,0,0,0.0879099,0,0,0,0.20262
226000000000,/,drone2,28,1,"container2",world,12.2858,3.21542,0,0.0935328,0,0,0,0.0935328,0,0,0,0.213105
226000000000,/,drone1,29,0,"container1",world,10.864,-4.87367,0,0.0880377,0,0,0,0.0880377,0,0,0,0.202837
226000000000,/,drone2,30,0,"container1",world,10.3201,-6.01547,0,0.0880347,0,0,0,0.0880347,0,0,0,0.202834
226076000000,/,drone3,26,2,"container3",world,10.5303,10.2345,0,0.0878164,0,0,0,0.0878164,0,0,0,0.202446
226076000000,/,drone2,28,1,"container2",world,12.281,3.20118,0,0.0950255,0,0,0,0.0950255,0,0,0,0.215791
226076000000,/,drone1,29,0,"container1",world,10.8654,-4.8748,0,0.0878807,0,0,0,0.0878807,0,0,0,0.202555
226076000000,/,drone2,30,0,"container1",world,10.3264,-6.01705,0,0.0878792,0,0,0,0.0878792,0,0,0,0.202553
226152000000,/,drone3,26,2,"container3",world,10.5278,10.2382,0,0.087864,0,0,0,0.087864,0,0,0,0.202536
226152000000,/,drone2,28,1,"container2",world,12.2812,3.19946,0,0.0949615,0,0,0,0.0949615,0,0,0,0.21588
226152000000,/,drone1,29,0,"container1",world,10.865,-4.87586,0,0.0877865,0,0,0,0.0877865,0,0,0,0.202393
226152000000,/,drone2,30,0,"container1",world,10.3385,-6.0181,0,0.0878953,0,0,0,0.0878953,0,0,0,0.20259
226232000000,/,drone3,26,2,"container3",world,10.5263,10.2417,0,0.0881275,0,0,0,0.0881275,0,0,0,0.203004
226232000000,/,drone2,28,1,"container2",world,12.2811,3.19913,0,0.094812,0,0,0,0.094812,0,0,0,0.215742
226232000000,/,drone1,29,0,"container1",world,10.8639,-4.87654,0,0.0879564,0,0,0,0.0879564,0,0,0,0.202704
226232000000,/,drone2,30,0,"container1",world,10.3539,-6.02061,0,0.0880105,0,0,0,0.0880105,0,0,0,0.202802
226316000000,/,drone3,26,2,"container3",world,10.5272,10.2459,0,0.0878986,0,0,0,0.0878986,0,0,0,0.202603
226316000000,/,drone2,28,1,"container2",world,12.281,3.20178,0,0.0943307,0,0,0,0.0943307,0,0,0,0.214983
226316000000,/,drone1,29,0,"container1",world,10.8617,-4.87661,0,0.0877147,0,0,0,0.0877147,0,0,0,0.202271
226316000000,/,drone2,30,0,"container1",world,10.3616,-6.02187,0,0.0880678,0,0,0,0.0880678,0,0,0,0.202907
226400000000,/,drone3,26,2,"container3",world,10.53,10.2498,0,0.0880428,0,0,0,0.0880428,0,0,0,0.202849
226400000000,/,drone2,28,1,"container2",world,12.2794,3.20249,0,0.094182,0,0,0,0.094182,0,0,0,0.214745
226400000000,/,drone1,29,0,"container1",world,10.8595,-4.8763,0,0.0878293,0,0,0,0.0878293,0,0,0,0.20247
226400000000,/,drone2,30,0,"container1",world,10.3828,-6.02452,0,0.0880057,0,0,0,0.0880057,0,0,0,0.202788
226500000000,/,drone3,26,2,"container3",world,10.5345,10.2543,0,0.0882309,0,0,0,0.0882309,0,0,0,0.20318
226500000000,/,drone2,28,1,"container2",world,12.2778,3.2039,0,0.0940377,0,0,0,0.0940377,0,0,0,0.214476
226500000000,/,drone1,29,0,"container1",world,10.8578,-4.87565,0,0.0881252,0,0,0,0.0881252,0,0,0,0.202992
226500000000,/,drone2,30,0,"container1",world,10.3981,-6.02744,0,0.0882125,0,0,0,0.0882125,0,0,0,0.203149
226596000000,/,drone3,26,2,"container3",world,10.5387,10.2584,0,0.0880716,0,0,0,0.0880716,0,0,0,0.202904
226596000000,/,drone2,28,1,"container2",world,12.2776,3.20609,0,0.0938221,0,0,0,0.0938221,0,0,0,0.214069
226596000000,/,drone1,29,0,"container1",world,10.8556,-4.87405,0,0.0879095,0,0,0,0.0879095,0,0,0,0.202614
226596000000,/,drone2,30,0,"container1",world,10.411,-6.03202,0,0.0879535,0,0,0,0.0879535,0,0,0,0.202693
226680000000,/,drone3,26,2,"container3",world,10.5432,10.2629,0,0.0880983,0,0,0,0.0880983,0,0,0,0.202959
226680000000,/,drone2,28,1,"container2",world,12.2771,3.20711,0,0.0937356,0,0,0,0.0937356,0,0,0,0.213856
226680000000,/,drone1,29,0,"container1",world,10.8546,-4.87325,0,0.0878009,0,0,0,0.0878009,0,0,0,0.202423
226680000000,/,drone2,30,0,"container1",world,10.4174,-6.03433,0,0.087823,0,0,0,0.087823,0,0,0,0.202463
226712000000,/,drone3,26,2,"container3",world,10.5455,10.2673,0,0.0877863,0,0,0,0.0877863,0,0,0,0.2024
226712000000,/,drone2,28,1,"container2",world,12.2776,3.20846,0,0.0935365,0,0,0,0.0935365,0,0,0,0.213429
226712000000,/,drone1,29,0,"container1",world,10.8536,-4.87128,0,0.087843,0,0,0,0.087843,0,0,0,0.202507
226712000000,/,drone2,30,0,"container1",world,10.4226,-6.04264,0,0.0878541,0,0,0,0.0878541,0,0,0,0.202527
226792000000,/,drone3,26,2,"container3",world,10.5475,10.2703,0,0.0878649,0,0,0,0.0878649,0,0,0,0.202534
226792000000,/,drone2,28,1,"container2",world,12.278,3.2077,0,0.0935626,0,0,0,0.0935626,0,0,0,0.213412
226792000000,/,drone1,29,0,"container1",world,10.8526,-4.86885,0,0.0880151,0,0,0,0.0880151,0,0,0,0.202802
226792000000,/,drone2,30,0,"container1",world,10.4242,-6.05387,0,0.0880206,0,0,0,0.0880206,0,0,0,0.202812
226852000000,/,drone3,26,2,"container3",world,10.5469,10.2736,0,0.0881428,0,0,0,0.0881428,0,0,0,0.203024
226852000000,/,drone2,28,1,"container2",world,12.28,3.20623,0,0.0936532,0,0,0,0.0936532,0,0,0,0.213514
226852000000,/,drone1,29,0,"container1",world,10.8519,-4.86709,0,0.0878692,0,0,0,0.0878692,0,0,0,0.202538
226852000000,/,drone2,30,0,"container1",world,10.426,-6.06448,0,0.0882199,0,0,0,0.0882199,0,0,0,0.203161
226900000000,/,drone3,26,2,"container3",world,10.5478,10.2758,0,0.0880272,0,0,0,0.0880272,0,0,0,0.202826
226900000000,/,drone2,28,1,"container2",world,12.2845,3.20757,0,0.0935665,0,0,0,0.0935665,0,0,0,0.213322
226900000000,/,drone1,29,0,"container1",world,10.8515,-4.86621,0,0.0877959,0,0,0,0.0877959,0,0,0,0.202405
226900000000,/,drone2,30,0,"container1",world,10.4309,-6.07608,0,0.0879572,0,0,0,0.0879572,0,0,0,0.202699
226956000000,/,drone3,26,2,"container3",world,10.5492,10.2775,0,0.0878601,0,0,0,0.0878601,0,0,0,0.20253
226956000000,/,drone2,28,1,"container2",world,12.2875,3.20864,0,0.0934989,0,0,0,0.0934989,0,0,0,0.213178
226956000000,/,drone1,29,0,"container1",world,10.8506,-4.86437,0,0.0880937,0,0,0,0.0880937,0,0,0,0.20294
226956000000,/,drone2,30,0,"container1",world,10.4354,-6.08369,0,0.0881735,0,0,0,0.0881735,0,0,0,0.203085
227000000000,/,drone3,26,2,"container3",world,10.5496,10.2793,0,0.0879928,0,0,0,0.0879928,0,0,0,0.202772
227000000000,/,drone2,28,1,"container2",world,12.292,3.20794,0,0.0935666,0,0,0,0.0935666,0,0,0,0.213263
227000000000,/,drone1,29,0,"container1",world,10.85,-4.86198,0,0.0879896,0,0,0,0.0879896,0,0,0,0.202765
227000000000,/,drone2,30,0,"container1",world,10.4408,-6.09071,0,0.0880297,0,0,0,0.0880297,0,0,0,0.202838
227080000000,/,drone3,26,2,"container3",world,10.5479,10.2814,0,0.0878306,0,0,0,0.0878306,0,0,0,0.202486
227080000000,/,drone2,28,1,"container2",world,12.2969,3.20778,0,0.0934917,0,0,0,0.0934917,0,0,0,0.213104
227080000000,/,drone1,29,0,"container1",world,10.8496,-4.85998,0,0.087829,0,0,0,0.087829,0,0,0,0.202482
227080000000,/,drone2,30,0,"container1",world,10.4449,-6.09589,0,0.0878492,0,0,0,0.0878492,0,0,0,0.202519
227160000000,/,drone3,26,2,"container3",world,10.5449,10.2847,0,0.088009,0,0,0,0.088009,0,0,0,0.202791
227160000000,/,drone2,28,1,"container2",world,12.3015,3.20582,0,0.093578,0,0,0,0.093578,0,0,0,0.21322
227160000000,/,drone1,29,0,"container1",world,10.8488,-4.8576,0,0.0880082,0,0,0,0.0880082,0,0,0,0.202789
227160000000,/,drone2,30,0,"container1",world,10.4481,-6.10303,0,0.0880182,0,0,0,0.0880182,0,0,0,0.202808
227216000000,/,drone3,26,2,"container3",world,10.5426,10.2874,0,0.0879762,0,0,0,0.0879762,0,0,0,0.20273
227216000000,/,drone2,28,1,"container2",world,12.3044,3.20529,0,0.0935513,0,0,0,0.0935513,0,0,0,0.21316
227216000000,/,drone1,29,0,"container1",world,10.8484,-4.85512,0,0.0878657,0,0,0,0.0878657,0,0,0,0.202531
227216000000,/,drone2,30,0,"container1",world,10.4504,-6.10938,0,0.0878708,0,0,0,0.0878708,0,0,0,0.202541
227304000000,/,drone3,26,2,"container3",world,10.5388,10.2917,0,0.0880646,0,0,0,0.0880646,0,0,0,0.202891
227304000000,/,drone2,28,1,"container2",world,12.3095,3.20311,0,0.0935891,0,0,0,0.0935891,0,0,0,0.213207
227304000000,/,drone1,29,0,"container1",world,10.8484,-4.85262,0,0.0880096,0,0,0,0.0880096,0,0,0,0.202792
227304000000,/,drone2,30,0,"container1",world,10.4525,-6.11518,0,0.0880122,0,0,0,0.0880122,0,0,0,0.202797
227392000000,/,drone3,26,2,"container3",world,10.5394,10.295,0,0.0878789,0,0,0,0.0878789,0,0,0,0.202562
227392000000,/,drone2,28,1,"container2",world,12.3135,3.20228,0,0.0935077,0,0,0,0.0935077,0,0,0,0.213056
227392000000,/,drone1,29,0,"container1",world,10.8484,-4.85041,0,0.0878512,0,0,0,0.0878512,0,0,0,0.202513
227392000000,/,drone2,30,0,"container1",world,10.4538,-6.12045,0,0.0878525,0,0,0,0.0878525,0,0,0,0.202515
227460000000,/,drone3,26,2,"container3",world,10.5452,10.298,0,0.087882,0,0,0,0.087882,0,0,0,0.202576
227460000000,/,drone2,28,1,"container2",world,12.3185,3.20003,0,0.0935275,0,0,0,0.0935275,0,0,0,0.213086
227460000000,/,drone1,29,0,"container1",world,10.8489,-4.84789,0,0.0878682,0,0,0,0.0878682,0,0,0,0.202551
227460000000,/,drone2,30,0,"container1",world,10.4545,-6.12311,0,0.0877723,0,0,0,0.0877723,0,0,0,0.202373
227504000000,/,drone3,26,2,"container3",world,10.5518,10.3005,0,0.0876771,0,0,0,0.0876771,0,0,0,0.202206
227504000000,/,drone2,28,1,"container2",world,12.321,3.19947,0,0.0934509,0,0,0,0.0934509,0,0,0,0.212948
227504000000,/,drone1,29,0,"container1",world,10.85,-4.84497,0,0.0880276,0,0,0,0.0880276,0,0,0,0.202824
227504000000,/,drone2,30,0,"container1",world,10.4583,-6.13863,0,0.08798,0,0,0,0.08798,0,0,0,0.202735
227572000000,/,drone3,26,2,"container3",world,10.5582,10.303,0,0.0878106,0,0,0,0.0878106,0,0,0,0.202438
227572000000,/,drone2,28,1,"container2",world,12.3224,3.19745,0,0.0935264,0,0,0,0.0935264,0,0,0,0.213075
227572000000,/,drone1,29,0,"container1",world,10.8506,-4.84295,0,0.0879855,0,0,0,0.0879855,0,0,0,0.202746
227572000000,/,drone2,30,0,"container1",world,10.4607,-6.14948,0,0.0879617,0,0,0,0.0879617,0,0,0,0.202702
227604000000,/,drone3,26,2,"container3",world,10.5646,10.306,0,0.0881159,0,0,0,0.0881159,0,0,0,0.202976
227604000000,/,drone2,28,1,"container2",world,12.324,3.19526,0,0.0936413,0,0,0,0.0936413,0,0,0,0.213272
227604000000,/,drone1,29,0,"container1",world,10.8509,-4.84062,0,0.0882025,0,0,0,0.0882025,0,0,0,0.203128
227604000000,/,drone2,30,0,"container1",world,10.4624,-6.16137,0,0.0881907,0,0,0,0.0881907,0,0,0,0.203106
227668000000,/,drone3,26,2,"container3",world,10.5677,10.3074,0,0.0882672,0,0,0,0.0882672,0,0,0,0.203242
227668000000,/,drone2,28,1,"container2",world,12.3244,3.1947,0,0.09367,0,0,0,0.09367,0,0,0,0.213321
227668000000,/,drone1,29,0,"container1",world,10.8511,-4.83878,0,0.0881776,0,0,0,0.0881776,0,0,0,0.203089
227668000000,/,drone2,30,0,"container1",world,10.4634,-6.17012,0,0.0881717,0,0,0,0.0881717,0,0,0,0.203078
227736000000,/,drone3,26,2,"container3",world,10.5693,10.3082,0,0.0883425,0,0,0,0.0883425,0,0,0,0.203374
227736000000,/,drone2,28,1,"container2",world,12.3071,2.96587,0,0.0911977,0,0,0,0.0911977,0,0,0,0.208703
227736000000,/,drone1,29,0,"container1",world,10.8513,-4.83612,0,0.0879359,0,0,0,0.0879359,0,0,0,0.202663
227736000000,/,drone2,30,0,"container1",world,10.4646,-6.17996,0,0.0879329,0,0,0,0.0879329,0,0,0,0.202657
227800000000,/,drone3,26,2,"container3",world,10.5791,10.3127,0,0.0882339,0,0,0,0.0882339,0,0,0,0.203194
227800000000,/,drone2,28,1,"container2",world,12.31,2.83946,0,0.0897243,0,0,0,0.0897243,0,0,0,0.205974
227800000000,/,drone1,29,0,"container1",world,10.8516,-4.83254,0,0.0880306,0,0,0,0.0880306,0,0,0,0.202838
227800000000,/,drone2,30,0,"container1",world,10.4656,-6.18785,0,0.0881615,0,0,0,0.0881615,0,0,0,0.203064
227888000000,/,drone3,26,2,"container3",world,10.5854,10.3161,0,0.0880601,0,0,0,0.0880601,0,0,0,0.202893
227888000000,/,drone2,28,1,"container2",world,12.3137,2.77304,0,0.088837,0,0,0,0.088837,0,0,0,0.204338
227888000000,/,drone1,29,0,"container1",world,10.8518,-4.82962,0,0.087958,0,0,0,0.087958,0,0,0,0.202714
227888000000,/,drone2,30,0,"container1",world,10.4661,-6.19741,0,0.0880237,0,0,0,0.0880237,0,0,0,0.202828
227968000000,/,drone3,26,2,"container3",world,10.5914,10.3206,0,0.0881232,0,0,0,0.0881232,0,0,0,0.202994
227968000000,/,drone2,28,1,"container2",world,12.3223,2.73716,0,0.0885273,0,0,0,0.0885273,0,0,0,0.203747
227968000000,/,drone1,29,0,"container1",world,10.8505,-4.82471,0,0.0880723,0,0,0,0.0880723,0,0,0,0.202905
227968000000,/,drone2,30,0,"container1",world,10.4682,-6.21071,0,0.088105,0,0,0,0.088105,0,0,0,0.202961
228032000000,/,drone3,26,2,"container3",world,10.5957,10.3241,0,0.0879237,0,0,0,0.0879237,0,0,0,0.202634
228032000000,/,drone2,28,1,"container2",world,12.3281,2.71827,0,0.08814,0,0,0,0.08814,0,0,0,0.203044
228032000000,/,drone1,29,0,"container1",world,10.8481,-4.81841,0,0.0882455,0,0,0,0.0882455,0,0,0,0.203207
228032000000,/,drone2,30,0,"container1",world,10.4695,-6.2232,0,0.0879145,0,0,0,0.0879145,0,0,0,0.202618
228100000000,/,drone3,26,2,"container3",world,10.6005,10.3272,0,0.0880385,0,0,0,0.0880385,0,0,0,0.202843
228100000000,/,drone2,28,1,"container2",world,12.3277,2.70802,0,0.088157,0,0,0,0.088157,0,0,0,0.203078
228100000000,/,drone1,29,0,"container1",world,10.8455,-4.81284,0,0.088079,0,0,0,0.088079,0,0,0,0.202918
228100000000,/,drone2,30,0,"container1",world,10.4691,-6.23579,0,0.0880339,0,0,0,0.0880339,0,0,0,0.202835
228196000000,/,drone3,26,2,"container3",world,10.6073,10.33,0,0.0878658,0,0,0,0.0878658,0,0,0,0.202538
228196000000,/,drone2,28,1,"container2",world,12.3288,2.70494,0,0.0879344,0,0,0,0.0879344,0,0,0,0.202688
228196000000,/,drone1,29,0,"container1",world,10.8436,-4.80887,0,0.0878862,0,0,0,0.0878862,0,0,0,0.202576
228196000000,/,drone2,30,0,"container1",world,10.468,-6.24694,0,0.0878635,0,0,0,0.0878635,0,0,0,0.202534
228264000000,/,drone3,26,2,"container3",world,10.6175,10.3332,0,0.0878755,0,0,0,0.0878755,0,0,0,0.202564
228264000000,/,drone2,28,1,"container2",world,12.3343,2.70408,0,0.0879167,0,0,0,0.0879167,0,0,0,0.20267
228264000000,/,drone1,29,0,"container1",world,10.8414,-4.80427,0,0.0878856,0,0,0,0.0878856,0,0,0,0.202583
228264000000,/,drone2,30,0,"container1",world,10.4662,-6.26104,0,0.0878743,0,0,0,0.0878743,0,0,0,0.202562
228324000000,/,drone3,26,2,"container3",world,10.626,10.3354,0,0.0881215,0,0,0,0.0881215,0,0,0,0.203002
228324000000,/,drone2,28,1,"container2",world,12.3392,2.70194,0,0.0881476,0,0,0,0.0881476,0,0,0,0.203085
228324000000,/,drone1,29,0,"container1",world,10.8391,-4.80006,0,0.0881265,0,0,0,0.0881265,0,0,0,0.203011
228324000000,/,drone2,30,0,"container1",world,10.4638,-6.27588,0,0.0879893,0,0,0,0.0879893,0,0,0,0.202773
228400000000,/,drone3,26,2,"container3",world,10.6325,10.3371,0,0.0879939,0,0,0,0.0879939,0,0,0,0.202782
228400000000,/,drone2,28,1,"container2",world,12.3438,2.69954,0,0.0880116,0,0,0,0.0880116,0,0,0,0.202853
228400000000,/,drone1,29,0,"container1",world,10.8366,-4.79585,0,0.0878892,0,0,0,0.0878892,0,0,0,0.202592
228400000000,/,drone2,30,0,"container1",world,10.4618,-6.28736,0,0.08782,0,0,0,0.08782,0,0,0,0.202472
228492000000,/,drone3,26,2,"container3",world,10.6382,10.3389,0,0.0877255,0,0,0,0.0877255,0,0,0,0.202297
228492000000,/,drone2,28,1,"container2",world,12.3506,2.69736,0,0.087738,0,0,0,0.087738,0,0,0,0.20236
228492000000,/,drone1,29,0,"container1",world,10.8348,-4.79298,0,0.0880306,0,0,0,0.0880306,0,0,0,0.202832
228492000000,/,drone2,30,0,"container1",world,10.4601,-6.29504,0,0.0876378,0,0,0,0.0876378,0,0,0,0.20214
228584000000,/,drone3,26,2,"container3",world,10.6459,10.3414,0,0.087718,0,0,0,0.087718,0,0,0,0.202274
228584000000,/,drone2,28,1,"container2",world,12.3559,2.69537,0,0.0877267,0,0,0,0.0877267,0,0,0,0.20233
228584000000,/,drone1,29,0,"container1",world,10.8335,-4.79107,0,0.0878711,0,0,0,0.0878711,0,0,0,0.202542
228584000000,/,drone2,30,0,"container1",world,10.4577,-6.30467,0,0.0876742,0,0,0,0.0876742,0,0,0,0.202196
228656000000,/,drone3,26,2,"container3",world,10.653,10.3433,0,0.0879315,0,0,0,0.0879315,0,0,0,0.202655
228656000000,/,drone2,28,1,"container2",world,12.3574,2.69394,0,0.0879377,0,0,0,0.0879377,0,0,0,0.202706
228656000000,/,drone1,29,0,"container1",world,10.8319,-4.78977,0,0.087887,0,0,0,0.087887,0,0,0,0.202576
228656000000,/,drone2,30,0,"container1",world,10.4539,-6.31494,0,0.0877888,0,0,0,0.0877888,0,0,0,0.202403
228720000000,/,drone3,26,2,"container3",world,10.6566,10.3442,0,0.0880376,0,0,0,0.0880376,0,0,0,0.202844
228720000000,/,drone2,28,1,"container2",world,12.3581,2.69324,0,0.0880425,0,0,0,0.0880425,0,0,0,0.202893
228720000000,/,drone1,29,0,"container1",world,10.8303,-4.78882,0,0.0881355,0,0,0,0.0881355,0,0,0,0.203017
228720000000,/,drone2,30,0,"container1",world,10.4503,-6.32277,0,0.0880869,0,0,0,0.0880869,0,0,0,0.202931
228800000000,/,drone3,26,2,"container3",world,10.6583,10.3447,0,0.0880905,0,0,0,0.0880905,0,0,0,0.202938
228800000000,/,drone2,28,1,"container2",world,12.3585,2.69288,0,0.0880948,0,0,0,0.0880948,0,0,0,0.202986
228800000000,/,drone1,29,0,"container1",world,10.8284,-4.78895,0,0.0880082,0,0,0,0.0880082,0,0,0,0.202798
228800000000,/,drone2,30,0,"container1",world,10.4478,-6.32825,0,0.0879838,0,0,0,0.0879838,0,0,0,0.202755
228892000000,/,drone3,26,2,"container3",world,10.6642,10.3526,0,0.0956711,0,0,0,0.0956711,0,0,0,0.216955
228892000000,/,drone2,28,1,"container2",world,12.3578,2.69076,0,0.0877834,0,0,0,0.0877834,0,0,0,0.202424
228892000000,/,drone1,29,0,"container1",world,10.8259,-4.79114,0,0.0880958,0,0,0,0.0880958,0,0,0,0.202942
228892000000,/,drone2,30,0,"container1",world,10.4461,-6.33236,0,0.0877267,0,0,0,0.0877267,0,0,0,0.202291
228956000000,/,drone3,26,2,"container3",world,10.6688,10.3595,0,0.0966184,0,0,0,0.0966184,0,0,0,0.219557
228956000000,/,drone2,28,1,"container2",world,12.3595,2.68844,0,0.0877523,0,0,0,0.0877523,0,0,0,0.202357
228956000000,/,drone1,29,0,"container1",world,10.8245,-4.7914,0,0.0879089,0,0,0,0.0879089,0,0,0,0.202605
228956000000,/,drone2,30,0,"container1",world,10.4398,-6.33925,0,0.0877236,0,0,0,0.0877236,0,0,0,0.202278
229020000000,/,drone3,26,2,"container3",world,10.6738,10.3646,0,0.096183,0,0,0,0.096183,0,0,0,0.219552
229020000000,/,drone2,28,1,"container2",world,12.3622,2.68686,0,0.0879528,0,0,0,0.0879528,0,0,0,0.202714
229020000000,/,drone1,29,0,"container1",world,10.8236,-4.79146,0,0.0879096,0,0,0,0.0879096,0,0,0,0.202613
229020000000,/,drone2,30,0,"container1",world,10.431,-6.34767,0,0.0879385,0,0,0,0.0879385,0,0,0,0.202663
229092000000,/,drone3,26,2,"container3",world,10.6781,10.3689,0,0.0948491,0,0,0,0.0948491,0,0,0,0.21773
229092000000,/,drone2,28,1,"container2",world,12.365,2.68651,0,0.0878224,0,0,0,0.0878224,0,0,0,0.202481
229092000000,/,drone1,29,0,"container1",world,10.8233,-4.79139,0,0.0881497,0,0,0,0.0881497,0,0,0,0.20304
229092000000,/,drone2,30,0,"container1",world,10.4184,-6.3587,0,0.088164,0,0,0,0.088164,0,0,0,0.203065
229188000000,/,drone3,26,2,"container3",world,10.6807,10.3725,0,0.0936699,0,0,0,0.0936699,0,0,0,0.215973
229188000000,/,drone2,28,1,"container2",world,12.3686,2.68742,0,0.087974,0,0,0,0.087974,0,0,0,0.202754
229188000000,/,drone1,29,0,"container1",world,10.8232,-4.79045,0,0.0881371,0,0,0,0.0881371,0,0,0,0.203025
229188000000,/,drone2,30,0,"container1",world,10.4096,-6.3661,0,0.0881442,0,0,0,0.0881442,0,0,0,0.203038
229252000000,/,drone3,26,2,"container3",world,10.6815,10.3763,0,0.0919701,0,0,0,0.0919701,0,0,0,0.213036
229252000000,/,drone2,28,1,"container2",world,12.3721,2.68999,0,0.0877235,0,0,0,0.0877235,0,0,0,0.202301
229252000000,/,drone1,29,0,"container1",world,10.8242,-4.78695,0,0.087806,0,0,0,0.087806,0,0,0,0.202432
229252000000,/,drone2,30,0,"container1",world,10.397,-6.3751,0,0.0878096,0,0,0,0.0878096,0,0,0,0.202438
229288000000,/,drone3,26,2,"container3",world,10.6794,10.38,0,0.0909273,0,0,0,0.0909273,0,0,0,0.2111
229288000000,/,drone2,28,1,"container2",world,12.3749,2.69323,0,0.0878337,0,0,0,0.0878337,0,0,0,0.202489
229288000000,/,drone1,29,0,"container1",world,10.826,-4.78209,0,0.0877643,0,0,0,0.0877643,0,0,0,0.202351
229288000000,/,drone2,30,0,"container1",world,10.3847,-6.38405,0,0.0877662,0,0,0,0.0877662,0,0,0,0.202355
229340000000,/,drone3,26,2,"container3",world,10.6776,10.3839,0,0.0903289,0,0,0,0.0903289,0,0,0,0.209836
229340000000,/,drone2,28,1,"container2",world,12.3766,2.69642,0,0.0881274,0,0,0,0.0881274,0,0,0,0.203005
229340000000,/,drone1,29,0,"container1",world,10.8274,-4.77844,0,0.0880932,0,0,0,0.0880932,0,0,0,0.202933
229340000000,/,drone2,30,0,"container1",world,10.377,-6.39056,0,0.0880941,0,0,0,0.0880941,0,0,0,0.202934
229388000000,/,drone3,26,2,"container3",world,10.676,10.3881,0,0.0895613,0,0,0,0.0895613,0,0,0,0.208205
229388000000,/,drone2,28,1,"container2",world,12.3799,2.69849,0,0.0880197,0,0,0,0.0880197,0,0,0,0.202819
229388000000,/,drone1,29,0,"container1",world,10.8292,-4.77361,0,0.0878934,0,0,0,0.0878934,0,0,0,0.202583
229388000000,/,drone2,30,0,"container1",world,10.371,-6.39823,0,0.0880029,0,0,0,0.0880029,0,0,0,0.20278
229440000000,/,drone3,26,2,"container3",world,10.6747,10.3915,0,0.0889766,0,0,0,0.0889766,0,0,0,0.206936
229440000000,/,drone2,28,1,"container2",world,12.383,2.69966,0,0.0878564,0,0,0,0.0878564,0,0,0,0.202529
229440000000,/,drone1,29,0,"container1",world,10.8305,-4.77019,0,0.088142,0,0,0,0.088142,0,0,0,0.203028
229440000000,/,drone2,30,0,"container1",world,10.3678,-6.40383,0,0.0878479,0,0,0,0.0878479,0,0,0,0.202507
229500000000,/,drone3,26,2,"container3",world,10.6725,10.3956,0,0.0887598,0,0,0,0.0887598,0,0,0,0.20626
229500000000,/,drone2,28,1,"container2",world,12.3864,2.70123,0,0.0879911,0,0,0,0.0879911,0,0,0,0.202774
229500000000,/,drone1,29,0,"container1",world,10.8322,-4.76687,0,0.088014,0,0,0,0.088014,0,0,0,0.202809
229500000000,/,drone2,30,0,"container1",world,10.3649,-6.4106,0,0.0879869,0,0,0,0.0879869,0,0,0,0.202761
229532000000,/,drone3,26,2,"container3",world,10.6709,10.3989,0,0.0884828,0,0,0,0.0884828,0,0,0,0.205536
229532000000,/,drone2,28,1,"container2",world,12.3904,2.70217,0,0.0879383,0,0,0,0.0879383,0,0,0,0.202684
229532000000,/,drone1,29,0,"container1",world,10.8334,-4.76448,0,0.0878414,0,0,0,0.0878414,0,0,0,0.202504
229532000000,/,drone2,30,0,"container1",world,10.3635,-6.41573,0,0.0879361,0,0,0,0.0879361,0,0,0,0.202675
229584000000,/,drone3,26,2,"container3",world,10.6694,10.4028,0,0.0880666,0,0,0,0.0880666,0,0,0,0.204503
229584000000,/,drone2,28,1,"container2",world,12.395,2.70296,0,0.0877055,0,0,0,0.0877055,0,0,0,0.202262
229584000000,/,drone1,29,0,"container1",world,10.8345,-4.76174,0,0.0880144,0,0,0,0.0880144,0,0,0,0.2028
229584000000,/,drone2,30,0,"container1",world,10.3641,-6.42051,0,0.0877044,0,0,0,0.0877044,0,0,0,0.202256
229616000000,/,drone3,26,2,"container3",world,10.6683,10.406,0,0.0881854,0,0,0,0.0881854,0,0,0,0.204482
229616000000,/,drone2,28,1,"container2",world,12.3982,2.70417,0,0.0879471,0,0,0,0.0879471,0,0,0,0.202682
229616000000,/,drone1,29,0,"container1",world,10.835,-4.76037,0,0.0881004,0,0,0,0.0881004,0,0,0,0.202948
229616000000,/,drone2,30,0,"container1",world,10.3648,-6.42433,0,0.0879465,0,0,0,0.0879465,0,0,0,0.202677
229684000000,/,drone3,26,2,"container3",world,10.6677,10.4076,0,0.0882447,0,0,0,0.0882447,0,0,0,0.204471
229684000000,/,drone2,28,1,"container2",world,12.3998,2.70477,0,0.0880669,0,0,0,0.0880669,0,0,0,0.20289
229684000000,/,drone1,29,0,"container1",world,10.8359,-4.75854,0,0.0879122,0,0,0,0.0879122,0,0,0,0.202611
229684000000,/,drone2,30,0,"container1",world,10.3656,-6.42763,0,0.0878348,0,0,0,0.0878348,0,0,0,0.202475
229716000000,/,drone3,26,2,"container3",world,10.6675,10.4083,0,0.0882744,0,0,0,0.0882744,0,0,0,0.204466
229716000000,/,drone2,28,1,"container2",world,12.4006,2.70507,0,0.0881267,0,0,0,0.0881267,0,0,0,0.202994
229716000000,/,drone1,29,0,"container1",world,10.8367,-4.75705,0,0.0881662,0,0,0,0.0881662,0,0,0,0.203062
229716000000,/,drone2,30,0,"container1",world,10.3668,-6.42978,0,0.0881279,0,0,0,0.0881279,0,0,0,0.202994
229768000000,/,drone3,26,2,"container3",world,10.6673,10.4087,0,0.0882892,0,0,0,0.0882892,0,0,0,0.204463
229768000000,/,drone2,28,1,"container2",world,12.401,2.70522,0,0.0881565,0,0,0,0.0881565,0,0,0,0.203045
229768000000,/,drone1,29,0,"container1",world,10.8377,-4.75554,0,0.0880391,0,0,0,0.0880391,0,0,0,0.202845
229768000000,/,drone2,30,0,"container1",world,10.3694,-6.43118,0,0.0880198,0,0,0,0.0880198,0,0,0,0.202811
229800000000,/,drone3,26,2,"container3",world,10.6672,10.4089,0,0.0882966,0,0,0,0.0882966,0,0,0,0.204462
229800000000,/,drone2,28,1,"container2",world,12.4012,2.7053,0,0.0881714,0,0,0,0.0881714,0,0,0,0.203071
229800000000,/,drone1,29,0,"container1",world,10.8382,-4.75448,0,0.0878661,0,0,0,0.0878661,0,0,0,0.202539
229800000000,/,drone2,30,0,"container1",world,10.372,-6.43252,0,0.0878564,0,0,0,0.0878564,0,0,0,0.202522
229864000000,/,drone3,26,2,"container3",world,10.6672,10.409,0,0.0883003,0,0,0,0.0883003,0,0,0,0.204461
229864000000,/,drone2,28,1,"container2",world,12.4013,2.70534,0,0.0881788,0,0,0,0.0881788,0,0,0,0.203084
229864000000,/,drone1,29,0,"container1",world,10.8378,-4.75374,0,0.0879958,0,0,0,0.0879958,0,0,0,0.202777
229864000000,/,drone2,30,0,"container1",world,10.375,-6.43399,0,0.0881236,0,0,0,0.0881236,0,0,0,0.202998
229900000000,/,drone3,26,2,"container3",world,10.6672,10.4091,0,0.0883021,0,0,0,0.0883021,0,0,0,0.204461
229900000000,/,drone2,28,1,"container2",world,12.4013,2.70536,0,0.0881825,0,0,0,0.0881825,0,0,0,0.203091
229900000000,/,drone1,29,0,"container1",world,10.8372,-4.75328,0,0.0879405,0,0,0,0.0879405,0,0,0,0.202684
229900000000,/,drone2,30,0,"container1",world,10.3815,-6.43588,0,0.0880046,0,0,0,0.0880046,0,0,0,0.202795
229960000000,/,drone3,26,2,"container3",world,10.669,10.4173,0,0.0949218,0,0,0,0.0949218,0,0,0,0.216584
229960000000,/,drone2,28,1,"container2",world,12.4033,2.71425,0,0.0879263,0,0,0,0.0879263,0,0,0,0.202647
229960000000,/,drone1,29,0,"container1",world,10.8364,-4.75309,0,0.0878043,0,0,0,0.0878043,0,0,0,0.202441
229960000000,/,drone2,30,0,"container1",world,10.3876,-6.43773,0,0.0878366,0,0,0,0.0878366,0,0,0,0.202497
229988000000,/,drone3,26,2,"container3",world,10.6698,10.4208,0,0.0976881,0,0,0,0.0976881,0,0,0,0.221547
229988000000,/,drone2,28,1,"container2",world,12.4043,2.71873,0,0.0877972,0,0,0,0.0877972,0,0,0,0.202423
229988000000,/,drone1,29,0,"container1",world,10.8351,-4.75323,0,0.0879959,0,0,0,0.0879959,0,0,0,0.202769
229988000000,/,drone2,30,0,"container1",world,10.3972,-6.44002,0,0.0880119,0,0,0,0.0880119,0,0,0,0.202797
230048000000,/,drone3,26,2,"container3",world,10.6715,10.423,0,0.0971586,0,0,0,0.0971586,0,0,0,0.221193
230048000000,/,drone2,28,1,"container2",world,12.4086,2.72215,0,0.0878704,0,0,0,0.0878704,0,0,0,0.202546
230048000000,/,drone1,29,0,"container1",world,10.8338,-4.75353,0,0.0879696,0,0,0,0.0879696,0,0,0,0.202719
230048000000,/,drone2,30,0,"container1",world,10.4051,-6.44183,0,0.0879776,0,0,0,0.0879776,0,0,0,0.202733
230096000000,/,drone3,26,2,"container3",world,10.6728,10.4242,0,0.0962605,0,0,0,0.0962605,0,0,0,0.220009
230096000000,/,drone2,28,1,"container2",world,12.4121,2.72367,0,0.0877966,0,0,0,0.0877966,0,0,0,0.202409
230096000000,/,drone1,29,0,"container1",world,10.8319,-4.75432,0,0.0881946,0,0,0,0.0881946,0,0,0,0.203115
230096000000,/,drone2,30,0,"container1",world,10.4162,-6.44651,0,0.0881985,0,0,0,0.0881985,0,0,0,0.203122
230144000000,/,drone3,26,2,"container3",world,10.6739,10.4251,0,0.0956906,0,0,0,0.0956906,0,0,0,0.219292
230144000000,/,drone2,28,1,"container2",world,12.4154,2.72428,0,0.088109,0,0,0,0.088109,0,0,0,0.202962
230144000000,/,drone1,29,0,"container1",world,10.8304,-4.75517,0,0.0881736,0,0,0,0.0881736,0,0,0,0.203083
230144000000,/,drone2,30,0,"container1",world,10.4259,-6.45085,0,0.0881756,0,0,0,0.0881756,0,0,0,0.203086
230192000000,/,drone3,26,2,"container3",world,10.6749,10.4254,0,0.0943605,0,0,0,0.0943605,0,0,0,0.217175
230192000000,/,drone2,28,1,"container2",world,12.4199,2.72435,0,0.0880103,0,0,0,0.0880103,0,0,0,0.202795
230192000000,/,drone1,29,0,"container1",world,10.8286,-4.75664,0,0.0879339,0,0,0,0.0879339,0,0,0,0.202659
230192000000,/,drone2,30,0,"container1",world,10.4337,-6.4548,0,0.0880438,0,0,0,0.0880438,0,0,0,0.202857
230232000000,/,drone3,26,2,"container3",world,10.6755,10.4256,0,0.0932342,0,0,0,0.0932342,0,0,0,0.215299
230232000000,/,drone2,28,1,"container2",world,12.4236,2.72409,0,0.0878516,0,0,0,0.0878516,0,0,0,0.202514
230232000000,/,drone1,29,0,"container1",world,10.8271,-4.75799,0,0.088162,0,0,0,0.088162,0,0,0,0.203065
230232000000,/,drone2,30,0,"container1",world,10.4405,-6.4582,0,0.0878684,0,0,0,0.0878684,0,0,0,0.202545
230296000000,/,drone3,26,2,"container3",world,10.6751,10.4256,0,0.0923094,0,0,0,0.0923094,0,0,0,0.213688
230296000000,/,drone2,28,1,"container2",world,12.428,2.72307,0,0.0879886,0,0,0,0.0879886,0,0,0,0.202764
230296000000,/,drone1,29,0,"container1",world,10.8257,-4.75927,0,0.0881434,0,0,0,0.0881434,0,0,0,0.203039
230296000000,/,drone2,30,0,"container1",world,10.4499,-6.4626,0,0.087997,0,0,0,0.087997,0,0,0,0.20278
230308000000,/,drone3,26,2,"container3",world,10.6744,10.4254,0,0.091485,0,0,0,0.091485,0,0,0,0.212195
230308000000,/,drone2,28,1,"container2",world,12.4312,2.72196,0,0.0879369,0,0,0,0.0879369,0,0,0,0.202677
230308000000,/,drone1,29,0,"container1",world,10.8244,-4.76054,0,0.0880146,0,0,0,0.0880146,0,0,0,0.202815
230308000000,/,drone2,30,0,"container1",world,10.4577,-6.46592,0,0.0879411,0,0,0,0.0879411,0,0,0,0.202685
230376000000,/,drone3,26,2,"container3",world,10.6727,10.4246,0,0.0904808,0,0,0,0.0904808,0,0,0,0.210267
230376000000,/,drone2,28,1,"container2",world,12.4356,2.7197,0,0.0877048,0,0,0,0.0877048,0,0,0,0.202257
230376000000,/,drone1,29,0,"container1",world,10.8228,-4.76246,0,0.087744,0,0,0,0.087744,0,0,0,0.202327
230376000000,/,drone2,30,0,"container1",world,10.4651,-6.46721,0,0.0877069,0,0,0,0.0877069,0,0,0,0.202261
230408000000,/,drone3,26,2,"container3",world,10.671,10.4238,0,0.090158,0,0,0,0.090158,0,0,0,0.209545
230408000000,/,drone2,28,1,"container2",world,12.4397,2.71757,0,0.0879466,0,0,0,0.0879466,0,0,0,0.202678
230408000000,/,drone1,29,0,"container1",world,10.8213,-4.76408,0,0.087966,0,0,0,0.087966,0,0,0,0.202712
230408000000,/,drone2,30,0,"container1",world,10.4697,-6.46661,0,0.0879476,0,0,0,0.0879476,0,0,0,0.20268
230476000000,/,drone3,26,2,"container3",world,10.6681,10.4223,0,0.0895136,0,0,0,0.0895136,0,0,0,0.208168
230476000000,/,drone2,28,1,"container2",world,12.4469,2.71479,0,0.0878348,0,0,0,0.0878348,0,0,0,0.202475
230476000000,/,drone1,29,0,"container1",world,10.8206,-4.76489,0,0.0880763,0,0,0,0.0880763,0,0,0,0.202904
230476000000,/,drone2,30,0,"container1",world,10.4733,-6.46411,0,0.0878353,0,0,0,0.0878353,0,0,0,0.202476
230500000000,/,drone3,26,2,"container3",world,10.6652,10.4207,0,0.0894264,0,0,0,0.0894264,0,0,0,0.207813
230500000000,/,drone2,28,1,"container2",world,12.4533,2.71272,0,0.0881279,0,0,0,0.0881279,0,0,0,0.202994
230500000000,/,drone1,29,0,"container1",world,10.8187,-4.76708,0,0.0882475,0,0,0,0.0882475,0,0,0,0.203206
230500000000,/,drone2,30,0,"container1",world,10.4757,-6.46118,0,0.0881281,0,0,0,0.0881281,0,0,0,0.202995
230560000000,/,drone3,26,2,"container3",world,10.6623,10.419,0,0.0891647,0,0,0,0.0891647,0,0,0,0.20717
230560000000,/,drone2,28,1,"container2",world,12.4589,2.71094,0,0.0881403,0,0,0,0.0881403,0,0,0,0.203023
230560000000,/,drone1,29,0,"container1",world,10.8166,-4.76936,0,0.0880799,0,0,0,0.0880799,0,0,0,0.202917
230560000000,/,drone2,30,0,"container1",world,10.4791,-6.45733,0,0.0880199,0,0,0,0.0880199,0,0,0,0.202811
230600000000,/,drone3,26,2,"container3",world,10.6586,10.4165,0,0.0886729,0,0,0,0.0886729,0,0,0,0.206037
230600000000,/,drone2,28,1,"container2",world,12.465,2.70804,0,0.0879171,0,0,0,0.0879171,0,0,0,0.202629
230600000000,/,drone1,29,0,"container1",world,10.815,-4.77097,0,0.0878866,0,0,0,0.0878866,0,0,0,0.202576
230600000000,/,drone2,30,0,"container1",world,10.4819,-6.45541,0,0.0878564,0,0,0,0.0878564,0,0,0,0.202522
230648000000,/,drone3,26,2,"container3",world,10.6568,10.4151,0,0.0884228,0,0,0,0.0884228,0,0,0,0.205461
230648000000,/,drone2,28,1,"container2",world,12.4681,2.70657,0,0.0878047,0,0,0,0.0878047,0,0,0,0.202431
230648000000,/,drone1,29,0,"container1",world,10.8138,-4.7722,0,0.0881386,0,0,0,0.0881386,0,0,0,0.203024
230648000000,/,drone2,30,0,"container1",world,10.4833,-6.45468,0,0.0881236,0,0,0,0.0881236,0,0,0,0.202997
230684000000,/,drone3,26,2,"container3",world,10.6539,10.4117,0,0.088266,0,0,0,0.088266,0,0,0,0.204886
230684000000,/,drone2,28,1,"container2",world,12.4723,2.703,0,0.0878449,0,0,0,0.0878449,0,0,0,0.202511
230684000000,/,drone1,29,0,"container1",world,10.8123,-4.77344,0,0.0880122,0,0,0,0.0880122,0,0,0,0.202808
230684000000,/,drone2,30,0,"container1",world,10.4843,-6.45441,0,0.0880046,0,0,0,0.0880046,0,0,0,0.202794
230740000000,/,drone3,26,2,"container3",world,10.6525,10.4099,0,0.0881871,0,0,0,0.0881871,0,0,0,0.204596
230740000000,/,drone2,28,1,"container2",world,12.4744,2.70121,0,0.087865,0,0,0,0.087865,0,0,0,0.20255
230740000000,/,drone1,29,0,"container1",world,10.8109,-4.7743,0,0.0878404,0,0,0,0.0878404,0,0,0,0.202503
230740000000,/,drone2,30,0,"container1",world,10.4849,-6.45449,0,0.0878366,0,0,0,0.0878366,0,0,0,0.202497
230800000000,/,drone3,26,2,"container3",world,10.6508,10.4071,0,0.0878942,0,0,0,0.0878942,0,0,0,0.203849
230800000000,/,drone2,28,1,"container2",world,12.4747,2.69922,0,0.0876685,0,0,0,0.0876685,0,0,0,0.202193
230800000000,/,drone1,29,0,"container1",world,10.809,-4.77511,0,0.0880138,0,0,0,0.0880138,0,0,0,0.2028
230800000000,/,drone2,30,0,"container1",world,10.4852,-6.45459,0,0.088012,0,0,0,0.088012,0,0,0,0.202797
230848000000,/,drone3,26,2,"container3",world,10.65,10.4057,0,0.0877462,0,0,0,0.0877462,0,0,0,0.203472
230848000000,/,drone2,28,1,"container2",world,12.4749,2.69822,0,0.0875697,0,0,0,0.0875697,0,0,0,0.202013
230848000000,/,drone1,29,0,"container1",world,10.8081,-4.77551,0,0.0881001,0,0,0,0.0881001,0,0,0,0.202947
230848000000,/,drone2,30,0,"container1",world,10.4854,-6.45464,0,0.0880992,0,0,0,0.0880992,0,0,0,0.202946
230900000000,/,drone3,26,2,"container3",world,10.6495,10.405,0,0.0876719,0,0,0,0.0876719,0,0,0,0.203283
230900000000,/,drone2,28,1,"container2",world,12.475,2.69772,0,0.0875201,0,0,0,0.0875201,0,0,0,0.201923
230900000000,/,drone1,29,0,"container1",world,10.807,-4.77585,0,0.0880219,0,0,0,0.0880219,0,0,0,0.202808
230900000000,/,drone2,30,0,"container1",world,10.4855,-6.45466,0,0.0881427,0,0,0,0.0881427,0,0,0,0.20302
230964000000,/,drone3,26,2,"container3",world,10.6493,10.4047,0,0.0876346,0,0,0,0.0876346,0,0,0,0.203188
230964000000,/,drone2,28,1,"container2",world,12.475,2.69747,0,0.0874953,0,0,0,0.0874953,0,0,0,0.201877
230964000000,/,drone1,29,0,"container1",world,10.8041,-4.77602,0,0.0880874,0,0,0,0.0880874,0,0,0,0.20293
230964000000,/,drone2,30,0,"container1",world,10.485,-6.45489,0,0.0880432,0,0,0,0.0880432,0,0,0,0.202844
231036000000,/,drone3,26,2,"container3",world,10.6492,10.4045,0,0.0876159,0,0,0,0.0876159,0,0,0,0.20314
231036000000,/,drone2,28,1,"container2",world,12.4751,2.69734,0,0.0874829,0,0,0,0.0874829,0,0,0,0.201855
231036000000,/,drone1,29,0,"container1",world,10.8006,-4.77572,0,0.0878904,0,0,0,0.0878904,0,0,0,0.202582
231036000000,/,drone2,30,0,"container1",world,10.4828,-6.4566,0,0.088098,0,0,0,0.088098,0,0,0,0.202948
231104000000,/,drone3,26,2,"container3",world,10.6467,10.3961,0,0.0942953,0,0,0,0.0942953,0,0,0,0.215809
231104000000,/,drone2,28,1,"container2",world,12.4606,2.69484,0,0.0905588,0,0,0,0.0905588,0,0,0,0.207944
231104000000,/,drone1,29,0,"container1",world,10.7963,-4.77443,0,0.0878878,0,0,0,0.0878878,0,0,0,0.202586
231104000000,/,drone2,30,0,"container1",world,10.4756,-6.45752,0,0.0882435,0,0,0,0.0882435,0,0,0,0.203208
231180000000,/,drone3,26,2,"container3",world,10.6449,10.3902,0,0.0954559,0,0,0,0.0954559,0,0,0,0.218441
231180000000,/,drone2,28,1,"container2",world,12.4486,2.69313,0,0.0911379,0,0,0,0.0911379,0,0,0,0.209393
231180000000,/,drone1,29,0,"container1",world,10.7935,-4.77332,0,0.0877778,0,0,0,0.0877778,0,0,0,0.202392
231180000000,/,drone2,30,0,"container1",world,10.4666,-6.45845,0,0.0880649,0,0,0,0.0880649,0,0,0,0.2029
231264000000,/,drone3,26,2,"container3",world,10.6429,10.3842,0,0.0947445,0,0,0,0.0947445,0,0,0,0.217667
231264000000,/,drone2,28,1,"container2",world,12.4332,2.69146,0,0.0909441,0,0,0,0.0909441,0,0,0,0.209348
231264000000,/,drone1,29,0,"container1",world,10.7913,-4.77169,0,0.0879828,0,0,0,0.0879828,0,0,0,0.202745
231264000000,/,drone2,30,0,"container1",world,10.458,-6.45892,0,0.0881256,0,0,0,0.0881256,0,0,0,0.202997
231308000000,/,drone3,26,2,"container3",world,10.6403,10.3791,0,0.0934506,0,0,0,0.0934506,0,0,0,0.215639
231308000000,/,drone2,28,1,"container2",world,12.4204,2.69015,0,0.0902973,0,0,0,0.0902973,0,0,0,0.20836
231308000000,/,drone1,29,0,"container1",world,10.7896,-4.7693,0,0.0882011,0,0,0,0.0882011,0,0,0,0.203127
231308000000,/,drone2,30,0,"container1",world,10.4534,-6.45738,0,0.088272,0,0,0,0.088272,0,0,0,0.203253
231364000000,/,drone3,26,2,"container3",world,10.6379,10.3747,0,0.0924362,0,0,0,0.0924362,0,0,0,0.213932
231364000000,/,drone2,28,1,"container2",world,12.4079,2.68876,0,0.0899269,0,0,0,0.0899269,0,0,0,0.207765
231364000000,/,drone1,29,0,"container1",world,10.7885,-4.76762,0,0.088177,0,0,0,0.088177,0,0,0,0.203089
231364000000,/,drone2,30,0,"container1",world,10.4521,-6.45524,0,0.0882125,0,0,0,0.0882125,0,0,0,0.203152
231432000000,/,drone3,26,2,"container3",world,10.6355,10.3707,0,0.0912587,0,0,0,0.0912587,0,0,0,0.211781
231432000000,/,drone2,28,1,"container2",world,12.3956,2.6888,0,0.089315,0,0,0,0.089315,0,0,0,0.206654
231432000000,/,drone1,29,0,"container1",world,10.7875,-4.76587,0,0.0879356,0,0,0,0.0879356,0,0,0,0.202663
231432000000,/,drone2,30,0,"container1",world,10.4508,-6.44896,0,0.0879535,0,0,0,0.0879535,0,0,0,0.202694
231464000000,/,drone3,26,2,"container3",world,10.6309,10.3677,0,0.0908109,0,0,0,0.0908109,0,0,0,0.210886
231464000000,/,drone2,28,1,"container2",world,12.3867,2.68914,0,0.089267,0,0,0,0.089267,0,0,0,0.206523
231464000000,/,drone1,29,0,"container1",world,10.7871,-4.76422,0,0.0880304,0,0,0,0.0880304,0,0,0,0.202838
231464000000,/,drone2,30,0,"container1",world,10.4472,-6.44406,0,0.0881717,0,0,0,0.0881717,0,0,0,0.203083
231500000000,/,drone3,26,2,"container3",world,10.6252,10.3645,0,0.0900455,0,0,0,0.0900455,0,0,0,0.209328
231500000000,/,drone2,28,1,"container2",world,12.3779,2.69014,0,0.0888617,0,0,0,0.0888617,0,0,0,0.205709
231500000000,/,drone1,29,0,"container1",world,10.7873,-4.76318,0,0.0879579,0,0,0,0.0879579,0,0,0,0.202714
231500000000,/,drone2,30,0,"container1",world,10.4406,-6.43822,0,0.0880288,0,0,0,0.0880288,0,0,0,0.202837
231596000000,/,drone3,26,2,"container3",world,10.6216,10.3621,0,0.0894306,0,0,0,0.0894306,0,0,0,0.208047
231596000000,/,drone2,28,1,"container2",world,12.3723,2.6911,0,0.0884968,0,0,0,0.0884968,0,0,0,0.204966
231596000000,/,drone1,29,0,"container1",world,10.7884,-4.76235,0,0.0881623,0,0,0,0.0881623,0,0,0,0.203076
231596000000,/,drone2,30,0,"container1",world,10.4356,-6.43387,0,0.0878488,0,0,0,0.0878488,0,0,0,0.202518
231684000000,/,drone3,26,2,"container3",world,10.6172,10.3592,0,0.0891451,0,0,0,0.0891451,0,0,0,0.207276
231684000000,/,drone2,28,1,"container2",world,12.3652,2.69284,0,0.0884457,0,0,0,0.0884457,0,0,0,0.204745
231684000000,/,drone1,29,0,"container1",world,10.7895,-4.76197,0,0.088133,0,0,0,0.088133,0,0,0,0.203029
231684000000,/,drone2,30,0,"container1",world,10.4272,-6.42912,0,0.0879766,0,0,0,0.0879766,0,0,0,0.202751
231760000000,/,drone3,26,2,"container3",world,10.612,10.3569,0,0.088645,0,0,0,0.088645,0,0,0,0.20608
231760000000,/,drone2,28,1,"container2",world,12.3577,2.6949,0,0.0881372,0,0,0,0.0881372,0,0,0,0.204041
231760000000,/,drone1,29,0,"container1",world,10.7914,-4.76201,0,0.087796,0,0,0,0.087796,0,0,0,0.202422
231760000000,/,drone2,30,0,"container1",world,10.4182,-6.42231,0,0.0877168,0,0,0,0.0877168,0,0,0,0.202281
231812000000,/,drone3,26,2,"container3",world,10.6072,10.3554,0,0.0885565,0,0,0,0.0885565,0,0,0,0.205589
231812000000,/,drone2,28,1,"container2",world,12.3506,2.69685,0,0.0882019,0,0,0,0.0882019,0,0,0,0.20398
231812000000,/,drone1,29,0,"container1",world,10.7925,-4.76249,0,0.0878631,0,0,0,0.0878631,0,0,0,0.202534
231812000000,/,drone2,30,0,"container1",world,10.4106,-6.41577,0,0.0878236,0,0,0,0.0878236,0,0,0,0.202464
231900000000,/,drone3,26,2,"container3",world,10.6,10.3545,0,0.0885474,0,0,0,0.0885474,0,0,0,0.205181
231900000000,/,drone2,28,1,"container2",world,12.348,2.69901,0,0.088319,0,0,0,0.088319,0,0,0,0.203987
231900000000,/,drone1,29,0,"container1",world,10.793,-4.76354,0,0.0881364,0,0,0,0.0881364,0,0,0,0.203013
231900000000,/,drone2,30,0,"container1",world,10.4052,-6.40956,0,0.0881169,0,0,0,0.0881169,0,0,0,0.202978
231992000000,/,drone3,26,2,"container3",world,10.5927,10.3534,0,0.088265,0,0,0,0.088265,0,0,0,0.204367
231992000000,/,drone2,28,1,"container2",world,12.3497,2.7007,0,0.0881165,0,0,0,0.0881165,0,0,0,0.203474
231992000000,/,drone1,29,0,"container1",world,10.7929,-4.76524,0,0.0880199,0,0,0,0.0880199,0,0,0,0.202812
231992000000,/,drone2,30,0,"container1",world,10.4018,-6.40373,0,0.0880101,0,0,0,0.0880101,0,0,0,0.202794
232084000000,/,drone3,26,2,"container3",world,10.5814,10.3513,0,0.088212,0,0,0,0.088212,0,0,0,0.203964
232084000000,/,drone2,28,1,"container2",world,12.3511,2.70329,0,0.0881179,0,0,0,0.0881179,0,0,0,0.203326
232084000000,/,drone1,29,0,"container1",world,10.7923,-4.76947,0,0.0880696,0,0,0,0.0880696,0,0,0,0.202906
232084000000,/,drone2,30,0,"container1",world,10.3999,-6.39654,0,0.0880648,0,0,0,0.0880648,0,0,0,0.202897
232156000000,/,drone3,26,2,"container3",world,10.5747,10.3503,0,0.0878606,0,0,0,0.0878606,0,0,0,0.203066
232156000000,/,drone2,28,1,"container2",world,12.3494,2.70564,0,0.087797,0,0,0,0.087797,0,0,0,0.202618
232156000000,/,drone1,29,0,"container1",world,10.7904,-4.77591,0,0.0877701,0,0,0,0.0877701,0,0,0,0.202368
232156000000,/,drone2,30,0,"container1",world,10.4006,-6.38842,0,0.0877677,0,0,0,0.0877677,0,0,0,0.202363
232240000000,/,drone3,26,2,"container3",world,10.5702,10.35,0,0.0879226,0,0,0,0.0879226,0,0,0,0.202979
232240000000,/,drone2,28,1,"container2",world,12.3447,2.70782,0,0.0878745,0,0,0,0.0878745,0,0,0,0.202658
232240000000,/,drone1,29,0,"container1",world,10.7872,-4.78377,0,0.0877453,0,0,0,0.0877453,0,0,0,0.202316
232240000000,/,drone2,30,0,"container1",world,10.4012,-6.38187,0,0.0878544,0,0,0,0.0878544,0,0,0,0.202512
232300000000,/,drone3,26,2,"container3",world,10.5641,10.35,0,0.0881975,0,0,0,0.0881975,0,0,0,0.203327
232300000000,/,drone2,28,1,"container2",world,12.3411,2.7102,0,0.0881557,0,0,0,0.0881557,0,0,0,0.203089
232300000000,/,drone1,29,0,"container1",world,10.7828,-4.79097,0,0.0879492,0,0,0,0.0879492,0,0,0,0.202682
232300000000,/,drone2,30,0,"container1",world,10.4028,-6.37501,0,0.0881368,0,0,0,0.0881368,0,0,0,0.203009
232396000000,/,drone3,26,2,"container3",world,10.5604,10.3502,0,0.0880852,0,0,0,0.0880852,0,0,0,0.203042
232396000000,/,drone2,28,1,"container2",world,12.3419,2.71184,0,0.0880452,0,0,0,0.0880452,0,0,0,0.202857
232396000000,/,drone1,29,0,"container1",world,10.7784,-4.79765,0,0.0878205,0,0,0,0.0878205,0,0,0,0.202455
232396000000,/,drone2,30,0,"container1",world,10.4091,-6.36544,0,0.0879149,0,0,0,0.0879149,0,0,0,0.20262
232488000000,/,drone3,26,2,"container3",world,10.553,10.3503,0,0.0881415,0,0,0,0.0881415,0,0,0,0.203082
232488000000,/,drone2,28,1,"container2",world,12.3456,2.71374,0,0.0881005,0,0,0,0.0881005,0,0,0,0.202934
232488000000,/,drone1,29,0,"container1",world,10.7743,-4.80425,0,0.087973,0,0,0,0.087973,0,0,0,0.202733
232488000000,/,drone2,30,0,"container1",world,10.4183,-6.35673,0,0.0880199,0,0,0,0.0880199,0,0,0,0.202815
232560000000,/,drone3,26,2,"container3",world,10.5493,10.3504,0,0.0881696,0,0,0,0.0881696,0,0,0,0.203102
232560000000,/,drone2,28,1,"container2",world,12.3475,2.71468,0,0.0881281,0,0,0,0.0881281,0,0,0,0.202972
232560000000,/,drone1,29,0,"container1",world,10.7691,-4.81171,0,0.087723,0,0,0,0.087723,0,0,0,0.202284
232560000000,/,drone2,30,0,"container1",world,10.4342,-6.34699,0,0.0877467,0,0,0,0.0877467,0,0,0,0.202326
232620000000,/,drone3,26,2,"container3",world,10.5504,10.3527,0,0.0879855,0,0,0,0.0879855,0,0,0,0.202749
232620000000,/,drone2,28,1,"container2",world,12.3522,2.71849,0,0.0879437,0,0,0,0.0879437,0,0,0,0.202634
232620000000,/,drone1,29,0,"container1",world,10.7638,-4.81818,0,0.0878334,0,0,0,0.0878334,0,0,0,0.202476
232620000000,/,drone2,30,0,"container1",world,10.4422,-6.34208,0,0.0876089,0,0,0,0.0876089,0,0,0,0.202079
232700000000,/,drone3,26,2,"container3",world,10.5504,10.3543,0,0.0882415,0,0,0,0.0882415,0,0,0,0.203195
232700000000,/,drone2,28,1,"container2",world,12.3521,2.72135,0,0.0881997,0,0,0,0.0881997,0,0,0,0.203086
232700000000,/,drone1,29,0,"container1",world,10.7583,-4.82415,0,0.0881273,0,0,0,0.0881273,0,0,0,0.202994
232700000000,/,drone2,30,0,"container1",world,10.4462,-6.33961,0,0.0875398,0,0,0,0.0875398,0,0,0,0.201954
232788000000,/,drone3,26,2,"container3",world,10.5497,10.3552,0,0.0882348,0,0,0,0.0882348,0,0,0,0.203189
232788000000,/,drone2,28,1,"container2",world,12.3497,2.72364,0,0.0881936,0,0,0,0.0881936,0,0,0,0.203084
232788000000,/,drone1,29,0,"container1",world,10.7525,-4.83062,0,0.0879106,0,0,0,0.0879106,0,0,0,0.202614
232788000000,/,drone2,30,0,"container1",world,10.4703,-6.32624,0,0.087616,0,0,0,0.087616,0,0,0,0.202093
232876000000,/,drone3,26,2,"container3",world,10.5487,10.3561,0,0.0882124,0,0,0,0.0882124,0,0,0,0.203176
232876000000,/,drone2,28,1,"container2",world,12.3408,2.7278,0,0.0881744,0,0,0,0.0881744,0,0,0,0.203072
232876000000,/,drone1,29,0,"container1",world,10.7475,-4.83673,0,0.0878979,0,0,0,0.0878979,0,0,0,0.202602
232876000000,/,drone2,30,0,"container1",world,10.4876,-6.31743,0,0.087751,0,0,0,0.087751,0,0,0,0.202342
232952000000,/,drone3,26,2,"container3",world,10.5496,10.3556,0,0.0878712,0,0,0,0.0878712,0,0,0,0.202587
232952000000,/,drone2,28,1,"container2",world,12.33,2.73105,0,0.0878375,0,0,0,0.0878375,0,0,0,0.202484
232952000000,/,drone1,29,0,"container1",world,10.7431,-4.84187,0,0.0880425,0,0,0,0.0880425,0,0,0,0.202849
232952000000,/,drone2,30,0,"container1",world,10.4992,-6.3114,0,0.0876112,0,0,0,0.0876112,0,0,0,0.202088
233028000000,/,drone3,26,2,"container3",world,10.5517,10.354,0,0.0879317,0,0,0,0.0879317,0,0,0,0.202707
233028000000,/,drone2,28,1,"container2",world,12.3201,2.73271,0,0.0879018,0,0,0,0.0879018,0,0,0,0.202606
233028000000,/,drone1,29,0,"container1",world,10.7397,-4.84553,0,0.087883,0,0,0,0.087883,0,0,0,0.202562
233028000000,/,drone2,30,0,"container1",world,10.5086,-6.30381,0,0.0876669,0,0,0,0.0876669,0,0,0,0.20218
233104000000,/,drone3,26,2,"container3",world,10.5545,10.3513,0,0.0881971,0,0,0,0.0881971,0,0,0,0.20319
233104000000,/,drone2,28,1,"container2",world,12.3117,2.73283,0,0.088171,0,0,0,0.088171,0,0,0,0.20309
233104000000,/,drone1,29,0,"container1",world,10.7368,-4.84856,0,0.0880183,0,0,0,0.0880183,0,0,0,0.202807
233104000000,/,drone2,30,0,"container1",world,10.5139,-6.29695,0,0.0879111,0,0,0,0.0879111,0,0,0,0.202618
233200000000,/,drone3,26,2,"container3",world,10.5579,10.3465,0,0.0879618,0,0,0,0.0879618,0,0,0,0.202789
233200000000,/,drone2,28,1,"container2",world,12.3039,2.73149,0,0.08794,0,0,0,0.08794,0,0,0,0.202694
233200000000,/,drone1,29,0,"container1",world,10.7337,-4.85154,0,0.0882038,0,0,0,0.0882038,0,0,0,0.203139
233200000000,/,drone2,30,0,"container1",world,10.516,-6.29109,0,0.0878017,0,0,0,0.0878017,0,0,0,0.202425
233280000000,/,drone3,26,2,"container3",world,10.5609,10.3404,0,0.0879357,0,0,0,0.0879357,0,0,0,0.202762
233280000000,/,drone2,28,1,"container2",world,12.2936,2.72903,0,0.0879182,0,0,0,0.0879182,0,0,0,0.202673
233280000000,/,drone1,29,0,"container1",world,10.7314,-4.85551,0,0.088045,0,0,0,0.088045,0,0,0,0.202865
233280000000,/,drone2,30,0,"container1",world,10.5168,-6.28678,0,0.0880966,0,0,0,0.0880966,0,0,0,0.20295
233368000000,/,drone3,26,2,"container3",world,10.5633,10.3353,0,0.0877139,0,0,0,0.0877139,0,0,0,0.202367
233368000000,/,drone2,28,1,"container2",world,12.2852,2.72658,0,0.0876998,0,0,0,0.0876998,0,0,0,0.202283
233368000000,/,drone1,29,0,"container1",world,10.7299,-4.86121,0,0.0881156,0,0,0,0.0881156,0,0,0,0.20298
233368000000,/,drone2,30,0,"container1",world,10.5132,-6.27794,0,0.0881414,0,0,0,0.0881414,0,0,0,0.203022
233444000000,/,drone3,26,2,"container3",world,10.5569,10.3302,0,0.0877251,0,0,0,0.0877251,0,0,0,0.20238
233444000000,/,drone2,28,1,"container2",world,12.2791,2.72315,0,0.0877143,0,0,0,0.0877143,0,0,0,0.202304
233444000000,/,drone1,29,0,"container1",world,10.7294,-4.86627,0,0.0879198,0,0,0,0.0879198,0,0,0,0.202628
233444000000,/,drone2,30,0,"container1",world,10.5083,-6.27188,0,0.0879328,0,0,0,0.0879328,0,0,0,0.202649
233508000000,/,drone3,26,2,"container3",world,10.5496,10.3255,0,0.0879453,0,0,0,0.0879453,0,0,0,0.202774
233508000000,/,drone2,28,1,"container2",world,12.2725,2.72022,0,0.0879369,0,0,0,0.0879369,0,0,0,0.202705
233508000000,/,drone1,29,0,"container1",world,10.7297,-4.87208,0,0.0879155,0,0,0,0.0879155,0,0,0,0.202627
233508000000,/,drone2,30,0,"container1",world,10.5012,-6.26716,0,0.087922,0,0,0,0.087922,0,0,0,0.202638
233600000000,/,drone3,26,2,"container3",world,10.5416,10.3209,0,0.087823,0,0,0,0.087823,0,0,0,0.202554
233600000000,/,drone2,28,1,"container2",world,12.2655,2.71821,0,0.0878165,0,0,0,0.0878165,0,0,0,0.202491
233600000000,/,drone1,29,0,"container1",world,10.7299,-4.87684,0,0.0881529,0,0,0,0.0881529,0,0,0,0.203049
233600000000,/,drone2,30,0,"container1",world,10.4964,-6.26264,0,0.0881561,0,0,0,0.0881561,0,0,0,0.203055
233696000000,/,drone3,26,2,"container3",world,10.5285,10.3151,0,0.0878567,0,0,0,0.0878567,0,0,0,0.202616
233696000000,/,drone2,28,1,"container2",world,12.2531,2.71711,0,0.0878519,0,0,0,0.0878519,0,0,0,0.202561
233696000000,/,drone1,29,0,"container1",world,10.7301,-4.8804,0,0.0880193,0,0,0,0.0880193,0,0,0,0.20282
233696000000,/,drone2,30,0,"container1",world,10.4936,-6.25862,0,0.0880209,0,0,0,0.0880209,0,0,0,0.202823
233776000000,/,drone3,26,2,"container3",world,10.5134,10.3096,0,0.0880235,0,0,0,0.0880235,0,0,0,0.202893
233776000000,/,drone2,28,1,"container2",world,12.233,2.71931,0,0.0880202,0,0,0,0.0880202,0,0,0,0.202845
233776000000,/,drone1,29,0,"container1",world,10.7292,-4.8831,0,0.0881028,0,0,0,0.0881028,0,0,0,0.202958
233776000000,/,drone2,30,0,"container1",world,10.4894,-6.25336,0,0.0881036,0,0,0,0.0881036,0,0,0,0.202959
233852000000,/,drone3,26,2,"container3",world,10.503,10.3062,0,0.0879848,0,0,0,0.0879848,0,0,0,0.202815
233852000000,/,drone2,28,1,"container2",world,12.2184,2.72129,0,0.0879824,0,0,0,0.0879824,0,0,0,0.202772
233852000000,/,drone1,29,0,"container1",world,10.7271,-4.88523,0,0.0882607,0,0,0,0.0882607,0,0,0,0.203233
233852000000,/,drone2,30,0,"container1",world,10.4851,-6.24759,0,0.0879138,0,0,0,0.0879138,0,0,0,0.202617
233924000000,/,drone3,26,2,"container3",world,10.4978,10.3045,0,0.0879654,0,0,0,0.0879654,0,0,0,0.202776
233924000000,/,drone2,28,1,"container2",world,12.2111,2.72229,0,0.0879634,0,0,0,0.0879634,0,0,0,0.202736
233924000000,/,drone1,29,0,"container1",world,10.7245,-4.88775,0,0.0879779,0,0,0,0.0879779,0,0,0,0.202735
233924000000,/,drone2,30,0,"container1",world,10.4818,-6.24331,0,0.0881669,0,0,0,0.0881669,0,0,0,0.203064
234004000000,/,drone3,26,2,"container3",world,10.4952,10.3037,0,0.0879557,0,0,0,0.0879557,0,0,0,0.202756
234004000000,/,drone2,28,1,"container2",world,12.2075,2.72278,0,0.0879539,0,0,0,0.0879539,0,0,0,0.202718
234004000000,/,drone1,29,0,"container1",world,10.7229,-4.88966,0,0.0881838,0,0,0,0.0881838,0,0,0,0.203103
234004000000,/,drone2,30,0,"container1",world,10.478,-6.2384,0,0.0882777,0,0,0,0.0882777,0,0,0,0.203266
234100000000,/,drone3,26,2,"container3",world,10.4749,10.2961,0,0.0878121,0,0,0,0.0878121,0,0,0,0.202495
234100000000,/,drone2,28,1,"container2",world,12.1823,2.723,0,0.0878111,0,0,0,0.0878111,0,0,0,0.202466
234100000000,/,drone1,29,0,"container1",world,10.7222,-4.89166,0,0.0880349,0,0,0,0.0880349,0,0,0,0.202847
234100000000,/,drone2,30,0,"container1",world,10.4761,-6.23266,0,0.0880822,0,0,0,0.0880822,0,0,0,0.20293
234184000000,/,drone3,26,2,"container3",world,10.4639,10.29,0,0.0879999,0,0,0,0.0879999,0,0,0,0.20281
234184000000,/,drone2,28,1,"container2",world,12.1709,2.72338,0,0.0879993,0,0,0,0.0879993,0,0,0,0.202788
234184000000,/,drone1,29,0,"container1",world,10.723,-4.89433,0,0.0881106,0,0,0,0.0881106,0,0,0,0.202971
234184000000,/,drone2,30,0,"container1",world,10.4758,-6.22272,0,0.0881342,0,0,0,0.0881342,0,0,0,0.203012
234260000000,/,drone3,26,2,"container3",world,10.4584,10.2845,0,0.0878616,0,0,0,0.0878616,0,0,0,0.202554
234260000000,/,drone2,28,1,"container2",world,12.1684,2.72317,0,0.0878613,0,0,0,0.0878613,0,0,0,0.202536
234260000000,/,drone1,29,0,"container1",world,10.7246,-4.8959,0,0.0882646,0,0,0,0.0882646,0,0,0,0.20324
234260000000,/,drone2,30,0,"container1",world,10.4786,-6.21105,0,0.0882763,0,0,0,0.0882763,0,0,0,0.20326
234336000000,/,drone3,26,2,"container3",world,10.4559,10.2787,0,0.0878865,0,0,0,0.0878865,0,0,0,0.202599
234336000000,/,drone2,28,1,"container2",world,12.1698,2.72228,0,0.0878863,0,0,0,0.0878863,0,0,0,0.202585
234336000000,/,drone1,29,0,"container1",world,10.7269,-4.89548,0,0.0880885,0,0,0,0.0880885,0,0,0,0.202934
234336000000,/,drone2,30,0,"container1",world,10.4824,-6.20068,0,0.0880944,0,0,0,0.0880944,0,0,0,0.202944
234396000000,/,drone3,26,2,"container3",world,10.455,10.2736,0,0.0881386,0,0,0,0.0881386,0,0,0,0.203043
234396000000,/,drone2,28,1,"container2",world,12.1704,2.72239,0,0.0881384,0,0,0,0.0881384,0,0,0,0.203032
234396000000,/,drone1,29,0,"container1",world,10.729,-4.89322,0,0.0881067,0,0,0,0.0881067,0,0,0,0.202974
234396000000,/,drone2,30,0,"container1",world,10.4869,-6.1918,0,0.0882417,0,0,0,0.0882417,0,0,0,0.203207
234456000000,/,drone3,26,2,"container3",world,10.4551,10.2691,0,0.0880122,0,0,0,0.0880122,0,0,0,0.202823
234456000000,/,drone2,28,1,"container2",world,12.1672,2.72354,0,0.0880121,0,0,0,0.0880121,0,0,0,0.202814
234456000000,/,drone1,29,0,"container1",world,10.7304,-4.89131,0,0.0879962,0,0,0,0.0879962,0,0,0,0.202782
234456000000,/,drone2,30,0,"container1",world,10.4923,-6.18488,0,0.088064,0,0,0,0.088064,0,0,0,0.2029
234500000000,/,drone3,26,2,"container3",world,10.4556,10.2648,0,0.0877429,0,0,0,0.0877429,0,0,0,0.202335
234500000000,/,drone2,28,1,"container2",world,12.158,2.72517,0,0.0880993,0,0,0,0.0880993,0,0,0,0.202956
234500000000,/,drone1,29,0,"container1",world,10.7324,-4.88781,0,0.0880913,0,0,0,0.0880913,0,0,0,0.202939
234500000000,/,drone2,30,0,"container1",world,10.4994,-6.17803,0,0.0881251,0,0,0,0.0881251,0,0,0,0.202997
234560000000,/,drone3,26,2,"container3",world,10.4561,10.2614,0,0.0879655,0,0,0,0.0879655,0,0,0,0.202721
234560000000,/,drone2,28,1,"container2",world,12.1534,2.72599,0,0.0881428,0,0,0,0.0881428,0,0,0,0.203027
234560000000,/,drone1,29,0,"container1",world,10.7338,-4.8853,0,0.0880175,0,0,0,0.0880175,0,0,0,0.202804
234560000000,/,drone2,30,0,"container1",world,10.5037,-6.17291,0,0.0880344,0,0,0,0.0880344,0,0,0,0.202833
234600000000,/,drone3,26,2,"container3",world,10.4564,10.2597,0,0.0880761,0,0,0,0.0880761,0,0,0,0.202912
234600000000,/,drone2,28,1,"container2",world,12.151,2.72639,0,0.0881645,0,0,0,0.0881645,0,0,0,0.203062
234600000000,/,drone1,29,0,"container1",world,10.7355,-4.88244,0,0.0882183,0,0,0,0.0882183,0,0,0,0.203157
234600000000,/,drone2,30,0,"container1",world,10.5084,-6.1689,0,0.0882267,0,0,0,0.0882267,0,0,0,0.203171
234644000000,/,drone3,26,2,"container3",world,10.459,10.2536,0,0.0881145,0,0,0,0.0881145,0,0,0,0.202984
234644000000,/,drone2,28,1,"container2",world,12.1443,2.72715,0,0.0881586,0,0,0,0.0881586,0,0,0,0.203058
234644000000,/,drone1,29,0,"container1",world,10.7367,-4.88037,0,0.0881856,0,0,0,0.0881856,0,0,0,0.203104
234644000000,/,drone2,30,0,"container1",world,10.5119,-6.16661,0,0.0881898,0,0,0,0.0881898,0,0,0,0.203111
234696000000,/,drone3,26,2,"container3",world,10.4605,10.2494,0,0.0880132,0,0,0,0.0880132,0,0,0,0.202808
234696000000,/,drone2,28,1,"container2",world,12.1396,2.7275,0,0.0880353,0,0,0,0.0880353,0,0,0,0.202843
234696000000,/,drone1,29,0,"container1",world,10.7378,-4.87814,0,0.0879399,0,0,0,0.0879399,0,0,0,0.20267
234696000000,/,drone2,30,0,"container1",world,10.5167,-6.16489,0,0.087942,0,0,0,0.087942,0,0,0,0.202674
234732000000,/,drone3,26,2,"container3",world,10.4616,10.2464,0,0.0878531,0,0,0,0.0878531,0,0,0,0.202522
234732000000,/,drone2,28,1,"container2",world,12.1354,2.72758,0,0.0878642,0,0,0,0.0878642,0,0,0,0.202539
234732000000,/,drone1,29,0,"container1",world,10.7387,-4.87651,0,0.088165,0,0,0,0.088165,0,0,0,0.203071
234732000000,/,drone2,30,0,"container1",world,10.5203,-6.16345,0,0.088166,0,0,0,0.088166,0,0,0,0.203072
234784000000,/,drone3,26,2,"container3",world,10.4613,10.2448,0,0.0879894,0,0,0,0.0879894,0,0,0,0.20277
234784000000,/,drone2,28,1,"container2",world,12.1299,2.72766,0,0.0879949,0,0,0,0.0879949,0,0,0,0.202777
234784000000,/,drone1,29,0,"container1",world,10.7394,-4.87495,0,0.0880254,0,0,0,0.0880254,0,0,0,0.202831
234784000000,/,drone2,30,0,"container1",world,10.5237,-6.1631,0,0.088026,0,0,0,0.088026,0,0,0,0.202832
234804000000,/,drone3,26,2,"container3",world,10.4611,10.244,0,0.0880573,0,0,0,0.0880573,0,0,0,0.202893
234804000000,/,drone2,28,1,"container2",world,12.1271,2.7277,0,0.08806,0,0,0,0.08806,0,0,0,0.202896
234804000000,/,drone1,29,0,"container1",world,10.7398,-4.87416,0,0.0879554,0,0,0,0.0879554,0,0,0,0.202711
234804000000,/,drone2,30,0,"container1",world,10.5253,-6.16293,0,0.0879557,0,0,0,0.0879557,0,0,0,0.202711
234880000000,/,drone3,26,2,"container3",world,10.461,10.2436,0,0.0880912,0,0,0,0.0880912,0,0,0,0.202954
234880000000,/,drone2,28,1,"container2",world,12.1257,2.72772,0,0.0880925,0,0,0,0.0880925,0,0,0,0.202955
234880000000,/,drone1,29,0,"container1",world,10.7402,-4.87273,0,0.0880297,0,0,0,0.0880297,0,0,0,0.202847
234880000000,/,drone2,30,0,"container1",world,10.5294,-6.16339,0,0.0881612,0,0,0,0.0881612,0,0,0,0.203074
234900000000,/,drone3,26,2,"container3",world,10.4612,10.2409,0,0.0880975,0,0,0,0.0880975,0,0,0,0.202969
234900000000,/,drone2,28,1,"container2",world,12.1185,2.72764,0,0.0880982,0,0,0,0.0880982,0,0,0,0.202969
234900000000,/,drone1,29,0,"container1",world,10.7403,-4.87202,0,0.0880667,0,0,0,0.0880667,0,0,0,0.202914
234900000000,/,drone2,30,0,"container1",world,10.5331,-6.16396,0,0.0881325,0,0,0,0.0881325,0,0,0,0.203028
234988000000,/,drone3,26,2,"container3",world,10.4617,10.2385,0,0.0878747,0,0,0,0.0878747,0,0,0,0.202572
234988000000,/,drone2,28,1,"container2",world,12.1128,2.72756,0,0.0878749,0,0,0,0.0878749,0,0,0,0.202571
234988000000,/,drone1,29,0,"container1",world,10.7399,-4.87103,0,0.0878591,0,0,0,0.0878591,0,0,0,0.202544
234988000000,/,drone2,30,0,"container1",world,10.5378,-6.16511,0,0.0878922,0,0,0,0.0878922,0,0,0,0.202601
235000000000,/,drone3,26,2,"container3",world,10.462,10.237,0,0.0876654,0,0,0,0.0876654,0,0,0,0.202191
235000000000,/,drone2,28,1,"container2",world,12.1088,2.72766,0,0.0876655,0,0,0,0.0876655,0,0,0,0.202191
235000000000,/,drone1,29,0,"container1",world,10.7391,-4.87024,0,0.0876575,0,0,0,0.0876575,0,0,0,0.202177
235000000000,/,drone2,30,0,"container1",world,10.5417,-6.16631,0,0.0876742,0,0,0,0.0876742,0,0,0,0.202206
235060000000,/,drone3,26,2,"container3",world,10.4617,10.2359,0,0.0879197,0,0,0,0.0879197,0,0,0,0.202633
235060000000,/,drone2,28,1,"container2",world,12.1054,2.72775,0,0.0879197,0,0,0,0.0879197,0,0,0,0.202633
235060000000,/,drone1,29,0,"container1",world,10.7378,-4.86958,0,0.0879157,0,0,0,0.0879157,0,0,0,0.202626
235060000000,/,drone2,30,0,"container1",world,10.5464,-6.16793,0,0.0878024,0,0,0,0.0878024,0,0,0,0.202426
235100000000,/,drone3,26,2,"container3",world,10.4604,10.2356,0,0.0878154,0,0,0,0.0878154,0,0,0,0.202443
235100000000,/,drone2,28,1,"container2",world,12.1013,2.72795,0,0.0878154,0,0,0,0.0878154,0,0,0,0.202442
235100000000,/,drone1,29,0,"container1",world,10.7354,-4.86892,0,0.0878133,0,0,0,0.0878133,0,0,0,0.202438
235100000000,/,drone2,30,0,"container1",world,10.5498,-6.16923,0,0.0877565,0,0,0,0.0877565,0,0,0,0.202338
235160000000,/,drone3,26,2,"container3",world,10.4595,10.235,0,0.0881129,0,0,0,0.0881129,0,0,0,0.202968
235160000000,/,drone2,28,1,"container2",world,12.0984,2.72814,0,0.0881129,0,0,0,0.0881129,0,0,0,0.202968
235160000000,/,drone1,29,0,"container1",world,10.7319,-4.86833,0,0.0879788,0,0,0,0.0879788,0,0,0,0.202737
235160000000,/,drone2,30,0,"container1",world,10.5527,-6.17061,0,0.0880838,0,0,0,0.0880838,0,0,0,0.202917
235184000000,/,drone3,26,2,"container3",world,10.4588,10.2344,0,0.0880081,0,0,0,0.0880081,0,0,0,0.202789
235184000000,/,drone2,28,1,"container2",world,12.0958,2.72822,0,0.0880081,0,0,0,0.0880081,0,0,0,0.202789
235184000000,/,drone1,29,0,"container1",world,10.729,-4.86793,0,0.0879409,0,0,0,0.0879409,0,0,0,0.202673
235184000000,/,drone2,30,0,"container1",world,10.5562,-6.17238,0,0.0879935,0,0,0,0.0879935,0,0,0,0.202763
235256000000,/,drone3,26,2,"container3",world,10.4582,10.2333,0,0.0881956,0,0,0,0.0881956,0,0,0,0.203123
235256000000,/,drone2,28,1,"container2",world,12.0948,2.7277,0,0.0881955,0,0,0,0.0881955,0,0,0,0.203122
235256000000,/,drone1,29,0,"container1",world,10.7261,-4.86761,0,0.087813,0,0,0,0.087813,0,0,0,0.202445
235256000000,/,drone2,30,0,"container1",world,10.5583,-6.17418,0,0.0878394,0,0,0,0.0878394,0,0,0,0.20249
235284000000,/,drone3,26,2,"container3",world,10.4577,10.2326,0,0.0881575,0,0,0,0.0881575,0,0,0,0.203061
235284000000,/,drone2,28,1,"container2",world,12.0947,2.72713,0,0.0881575,0,0,0,0.0881575,0,0,0,0.203061
235284000000,/,drone1,29,0,"container1",world,10.7218,-4.86734,0,0.0879666,0,0,0,0.0879666,0,0,0,0.202723
235284000000,/,drone2,30,0,"container1",world,10.5591,-6.17676,0,0.0879798,0,0,0,0.0879798,0,0,0,0.202746
235324000000,/,drone3,26,2,"container3",world,10.4575,10.232,0,0.0880193,0,0,0,0.0880193,0,0,0,0.202821
235324000000,/,drone2,28,1,"container2",world,12.0954,2.72655,0,0.0880193,0,0,0,0.0880193,0,0,0,0.20282
235324000000,/,drone1,29,0,"container1",world,10.7182,-4.86719,0,0.0879235,0,0,0,0.0879235,0,0,0,0.202651
235324000000,/,drone2,30,0,"container1",world,10.559,-6.17876,0,0.0879301,0,0,0,0.0879301,0,0,0,0.202662
235392000000,/,drone3,26,2,"container3",world,10.4576,10.2317,0,0.087842,0,0,0,0.087842,0,0,0,0.202505
235392000000,/,drone2,28,1,"container2",world,12.0966,2.72597,0,0.0878419,0,0,0,0.0878419,0,0,0,0.202504
235392000000,/,drone1,29,0,"container1",world,10.7128,-4.86802,0,0.0876963,0,0,0,0.0876963,0,0,0,0.202239
235392000000,/,drone2,30,0,"container1",world,10.5589,-6.1803,0,0.087797,0,0,0,0.087797,0,0,0,0.202425
235412000000,/,drone3,26,2,"container3",world,10.4582,10.2316,0,0.0876552,0,0,0,0.0876552,0,0,0,0.202165
235412000000,/,drone2,28,1,"container2",world,12.0986,2.72537,0,0.0876552,0,0,0,0.0876552,0,0,0,0.202165
235412000000,/,drone1,29,0,"container1",world,10.7101,-4.86844,0,0.0875819,0,0,0,0.0875819,0,0,0,0.202031
235412000000,/,drone2,30,0,"container1",world,10.5589,-6.18128,0,0.0876325,0,0,0,0.0876325,0,0,0,0.202125
235480000000,/,drone3,26,2,"container3",world,10.4591,10.232,0,0.0877985,0,0,0,0.0877985,0,0,0,0.202413
235480000000,/,drone2,28,1,"container2",world,12.1021,2.72476,0,0.0877985,0,0,0,0.0877985,0,0,0,0.202413
235480000000,/,drone1,29,0,"container1",world,10.7027,-4.87108,0,0.0876513,0,0,0,0.0876513,0,0,0,0.202148
235480000000,/,drone2,30,0,"container1",world,10.5582,-6.18139,0,0.0877872,0,0,0,0.0877872,0,0,0,0.202393
235508000000,/,drone3,26,2,"container3",world,10.4596,10.2325,0,0.0877595,0,0,0,0.0877595,0,0,0,0.202339
235508000000,/,drone2,28,1,"container2",world,12.1049,2.72431,0,0.0877595,0,0,0,0.0877595,0,0,0,0.202339
235508000000,/,drone1,29,0,"container1",world,10.699,-4.8724,0,0.0876859,0,0,0,0.0876859,0,0,0,0.202206
235508000000,/,drone2,30,0,"container1",world,10.5571,-6.18171,0,0.0877539,0,0,0,0.0877539,0,0,0,0.202329
235588000000,/,drone3,26,2,"container3",world,10.4589,10.2334,0,0.0879563,0,0,0,0.0879563,0,0,0,0.202694
235588000000,/,drone2,28,1,"container2",world,12.1088,2.72398,0,0.0879563,0,0,0,0.0879563,0,0,0,0.202694
235588000000,/,drone1,29,0,"container1",world,10.6935,-4.87469,0,0.0879198,0,0,0,0.0879198,0,0,0,0.202628
235588000000,/,drone2,30,0,"container1",world,10.5554,-6.18192,0,0.0879535,0,0,0,0.0879535,0,0,0,0.202689
235656000000,/,drone3,26,2,"container3",world,10.458,10.2343,0,0.0879333,0,0,0,0.0879333,0,0,0,0.202658
235656000000,/,drone2,28,1,"container2",world,12.112,2.72383,0,0.0879333,0,0,0,0.0879333,0,0,0,0.202657
235656000000,/,drone1,29,0,"container1",world,10.6894,-4.87661,0,0.087915,0,0,0,0.087915,0,0,0,0.202625
235656000000,/,drone2,30,0,"container1",world,10.5534,-6.18194,0,0.0879319,0,0,0,0.0879319,0,0,0,0.202655
235720000000,/,drone3,26,2,"container3",world,10.4576,10.2356,0,0.0880291,0,0,0,0.0880291,0,0,0,0.202834
235720000000,/,drone2,28,1,"container2",world,12.1173,2.72364,0,0.0880291,0,0,0,0.0880291,0,0,0,0.202834
235720000000,/,drone1,29,0,"container1",world,10.6854,-4.87846,0,0.08802,0,0,0,0.08802,0,0,0,0.202818
235720000000,/,drone2,30,0,"container1",world,10.5465,-6.18175,0,0.0880284,0,0,0,0.0880284,0,0,0,0.202833
235800000000,/,drone3,26,2,"container3",world,10.4575,10.2363,0,0.0879571,0,0,0,0.0879571,0,0,0,0.202711
235800000000,/,drone2,28,1,"container2",world,12.1214,2.72349,0,0.0879571,0,0,0,0.0879571,0,0,0,0.202711
235800000000,/,drone1,29,0,"container1",world,10.6827,-4.88025,0,0.0878443,0,0,0,0.0878443,0,0,0,0.202507
235800000000,/,drone2,30,0,"container1",world,10.5386,-6.18237,0,0.0878485,0,0,0,0.0878485,0,0,0,0.202515
235888000000,/,drone3,26,2,"container3",world,10.4578,10.237,0,0.087715,0,0,0,0.087715,0,0,0,0.202273
235888000000,/,drone2,28,1,"container2",world,12.1266,2.72301,0,0.0877149,0,0,0,0.0877149,0,0,0,0.202273
235888000000,/,drone1,29,0,"container1",world,10.6813,-4.88115,0,0.0877559,0,0,0,0.0877559,0,0,0,0.202351
235888000000,/,drone2,30,0,"container1",world,10.533,-6.18322,0,0.0876602,0,0,0,0.0876602,0,0,0,0.202174
235956000000,/,drone3,26,2,"container3",world,10.4606,10.2379,0,0.0877188,0,0,0,0.0877188,0,0,0,0.202272
235956000000,/,drone2,28,1,"container2",world,12.1386,2.72186,0,0.0877188,0,0,0,0.0877188,0,0,0,0.202272
235956000000,/,drone1,29,0,"container1",world,10.6806,-4.8816,0,0.0877116,0,0,0,0.0877116,0,0,0,0.202273
235956000000,/,drone2,30,0,"container1",world,10.5262,-6.18556,0,0.0876914,0,0,0,0.0876914,0,0,0,0.202222
236044000000,/,drone3,26,2,"container3",world,10.4649,10.2393,0,0.0878153,0,0,0,0.0878153,0,0,0,0.202449
236044000000,/,drone2,28,1,"container2",world,12.1599,2.7211,0,0.0878153,0,0,0,0.0878153,0,0,0,0.202449
236044000000,/,drone1,29,0,"container1",world,10.6803,-4.88183,0,0.0876895,0,0,0,0.0876895,0,0,0,0.202234
236044000000,/,drone2,30,0,"container1",world,10.5186,-6.18771,0,0.0878017,0,0,0,0.0878017,0,0,0,0.202424
236116000000,/,drone3,26,2,"container3",world,10.4695,10.2404,0,0.0881034,0,0,0,0.0881034,0,0,0,0.202961
236116000000,/,drone2,28,1,"container2",world,12.1791,2.72111,0,0.0881034,0,0,0,0.0881034,0,0,0,0.202961
236116000000,/,drone1,29,0,"container1",world,10.6859,-4.88471,0,0.0879082,0,0,0,0.0879082,0,0,0,0.202625
236116000000,/,drone2,30,0,"container1",world,10.5095,-6.19308,0,0.0879639,0,0,0,0.0879639,0,0,0,0.20272
236200000000,/,drone3,26,2,"container3",world,10.4745,10.2416,0,0.0879946,0,0,0,0.0879946,0,0,0,0.202776
236200000000,/,drone2,28,1,"container2",world,12.1958,2.72183,0,0.0879946,0,0,0,0.0879946,0,0,0,0.202776
236200000000,/,drone1,29,0,"container1",world,10.6918,-4.88597,0,0.0877882,0,0,0,0.0877882,0,0,0,0.202412
236200000000,/,drone2,30,0,"container1",world,10.5013,-6.20055,0,0.0878162,0,0,0,0.0878162,0,0,0,0.202459
236284000000,/,drone3,26,2,"container3",world,10.4806,10.2438,0,0.0880906,0,0,0,0.0880906,0,0,0,0.202936
236284000000,/,drone2,28,1,"container2",world,12.2153,2.72377,0,0.0880906,0,0,0,0.0880906,0,0,0,0.202936
236284000000,/,drone1,29,0,"container1",world,10.6972,-4.88655,0,0.087988,0,0,0,0.087988,0,0,0,0.202754
236284000000,/,drone2,30,0,"container1",world,10.4948,-6.2096,0,0.0880019,0,0,0,0.0880019,0,0,0,0.202778
236364000000,/,drone3,26,2,"container3",world,10.4864,10.2465,0,0.0879073,0,0,0,0.0879073,0,0,0,0.202605
236364000000,/,drone2,28,1,"container2",world,12.2304,2.72696,0,0.0879072,0,0,0,0.0879072,0,0,0,0.202605
236364000000,/,drone1,29,0,"container1",world,10.7037,-4.88675,0,0.0882037,0,0,0,0.0882037,0,0,0,0.203132
236364000000,/,drone2,30,0,"container1",world,10.4883,-6.22123,0,0.0882106,0,0,0,0.0882106,0,0,0,0.203144
236448000000,/,drone3,26,2,"container3",world,10.494,10.2503,0,0.0879093,0,0,0,0.0879093,0,0,0,0.202616
236448000000,/,drone2,28,1,"container2",world,12.2449,2.73233,0,0.0879093,0,0,0,0.0879093,0,0,0,0.202616
236448000000,/,drone1,29,0,"container1",world,10.7104,-4.88659,0,0.0879491,0,0,0,0.0879491,0,0,0,0.202685
236448000000,/,drone2,30,0,"container1",world,10.4822,-6.23225,0,0.0880614,0,0,0,0.0880614,0,0,0,0.202886
236536000000,/,drone3,26,2,"container3",world,10.5008,10.2543,0,0.0881498,0,0,0,0.0881498,0,0,0,0.203044
236536000000,/,drone2,28,1,"container2",world,12.251,2.73401,0,0.0881498,0,0,0,0.0881498,0,0,0,0.203044
236536000000,/,drone1,29,0,"container1",world,10.715,-4.88638,0,0.0880371,0,0,0,0.0880371,0,0,0,0.202849
236536000000,/,drone2,30,0,"container1",world,10.4761,-6.24508,0,0.0880932,0,0,0,0.0880932,0,0,0,0.20295
236600000000,/,drone3,26,2,"container3",world,10.506,10.2588,0,0.0880178,0,0,0,0.0880178,0,0,0,0.202818
236600000000,/,drone2,28,1,"container2",world,12.2521,2.73424,0,0.0880178,0,0,0,0.0880178,0,0,0,0.202818
236600000000,/,drone1,29,0,"container1",world,10.7171,-4.88612,0,0.0878529,0,0,0,0.0878529,0,0,0,0.202525
236600000000,/,drone2,30,0,"container1",world,10.4721,-6.25376,0,0.0879893,0,0,0,0.0879893,0,0,0,0.202771
236680000000,/,drone3,26,2,"container3",world,10.5115,10.2648,0,0.0881021,0,0,0,0.0881021,0,0,0,0.202956
236680000000,/,drone2,28,1,"container2",world,12.2497,2.73344,0,0.0881021,0,0,0,0.0881021,0,0,0,0.202956
236680000000,/,drone1,29,0,"container1",world,10.718,-4.88564,0,0.0878982,0,0,0,0.0878982,0,0,0,0.202597
236680000000,/,drone2,30,0,"container1",world,10.4701,-6.25811,0,0.0879373,0,0,0,0.0879373,0,0,0,0.202681
236744000000,/,drone3,26,2,"container3",world,10.5177,10.272,0,0.0882603,0,0,0,0.0882603,0,0,0,0.203233
236744000000,/,drone2,28,1,"container2",world,12.2535,2.73534,0,0.0882603,0,0,0,0.0882603,0,0,0,0.203232
236744000000,/,drone1,29,0,"container1",world,10.7185,-4.88515,0,0.0881592,0,0,0,0.0881592,0,0,0,0.203054
236744000000,/,drone2,30,0,"container1",world,10.4709,-6.26722,0,0.0879403,0,0,0,0.0879403,0,0,0,0.202674
236792000000,/,drone3,26,2,"container3",world,10.5227,10.2783,0,0.0880864,0,0,0,0.0880864,0,0,0,0.202931
236792000000,/,drone2,28,1,"container2",world,12.2595,2.73676,0,0.0880864,0,0,0,0.0880864,0,0,0,0.202931
236792000000,/,drone1,29,0,"container1",world,10.7187,-4.88473,0,0.0880355,0,0,0,0.0880355,0,0,0,0.202841
236792000000,/,drone2,30,0,"container1",world,10.4727,-6.27811,0,0.0879258,0,0,0,0.0879258,0,0,0,0.20265
236856000000,/,drone3,26,2,"container3",world,10.526,10.2828,0,0.0878898,0,0,0,0.0878898,0,0,0,0.202583
236856000000,/,drone2,28,1,"container2",world,11.9542,2.75467,0,0.654215,0,0,0,0.654215,0,0,0,1.18343
236856000000,/,drone1,29,0,"container1",world,10.7184,-4.88438,0,0.0882124,0,0,0,0.0882124,0,0,0,0.203155
236856000000,/,drone2,30,0,"container1",world,10.473,-6.28671,0,0.0881579,0,0,0,0.0881579,0,0,0,0.203061
236900000000,/,drone3,26,2,"container3",world,10.5289,10.2879,0,0.0880076,0,0,0,0.0880076,0,0,0,0.202799
236900000000,/,drone2,28,1,"container2",world,11.9589,2.75551,0,0.568965,0,0,0,0.568965,0,0,0,1.08294
236900000000,/,drone1,29,0,"container1",world,10.7177,-4.88411,0,0.0880492,0,0,0,0.0880492,0,0,0,0.202874
236900000000,/,drone2,30,0,"container1",world,10.4727,-6.29229,0,0.0880219,0,0,0,0.0880219,0,0,0,0.202826
236964000000,/,drone3,26,2,"container3",world,10.5313,10.2927,0,0.0878381,0,0,0,0.0878381,0,0,0,0.202499
236964000000,/,drone2,28,1,"container2",world,11.9651,2.75665,0,0.498148,0,0,0,0.498148,0,0,0,0.990046
236964000000,/,drone1,29,0,"container1",world,10.7173,-4.88392,0,0.087859,0,0,0,0.087859,0,0,0,0.202537
236964000000,/,drone2,30,0,"container1",world,10.471,-6.29647,0,0.0878453,0,0,0,0.0878453,0,0,0,0.202513
237008000000,/,drone3,26,2,"container3",world,10.5325,10.2973,0,0.0880127,0,0,0,0.0880127,0,0,0,0.202798
237008000000,/,drone2,28,1,"container2",world,11.9742,2.75787,0,0.443538,0,0,0,0.443538,0,0,0,0.90987
237008000000,/,drone1,29,0,"container1",world,10.7171,-4.88358,0,0.0880231,0,0,0,0.0880231,0,0,0,0.202816
237008000000,/,drone2,30,0,"container1",world,10.4676,-6.30092,0,0.0880162,0,0,0,0.0880162,0,0,0,0.202805
237084000000,/,drone3,26,2,"container3",world,10.5329,10.3006,0,0.087978,0,0,0,0.087978,0,0,0,0.202733
237084000000,/,drone2,28,1,"container2",world,11.9842,2.75901,0,0.393406,0,0,0,0.393406,0,0,0,0.830121
237084000000,/,drone1,29,0,"container1",world,10.7172,-4.88325,0,0.0879832,0,0,0,0.0879832,0,0,0,0.202742
237084000000,/,drone2,30,0,"container1",world,10.4651,-6.30352,0,0.0879798,0,0,0,0.0879798,0,0,0,0.202736
237172000000,/,drone3,26,2,"container3",world,10.5335,10.3042,0,0.0881987,0,0,0,0.0881987,0,0,0,0.203122
237172000000,/,drone2,28,1,"container2",world,11.9958,2.75984,0,0.348599,0,0,0,0.348599,0,0,0,0.751344
237172000000,/,drone1,29,0,"container1",world,10.7179,-4.88276,0,0.0882013,0,0,0,0.0882013,0,0,0,0.203126
237172000000,/,drone2,30,0,"container1",world,10.4636,-6.3056,0,0.0881996,0,0,0,0.0881996,0,0,0,0.203123
237244000000,/,drone3,26,2,"container3",world,10.534,10.3073,0,0.0880554,0,0,0,0.0880554,0,0,0,0.202875
237244000000,/,drone2,28,1,"container2",world,12.0089,2.76042,0,0.307575,0,0,0,0.307575,0,0,0,0.671299
237244000000,/,drone1,29,0,"container1",world,10.719,-4.88261,0,0.0879479,0,0,0,0.0879479,0,0,0,0.202681
237244000000,/,drone2,30,0,"container1",world,10.4644,-6.30936,0,0.087947,0,0,0,0.087947,0,0,0,0.20268
237308000000,/,drone3,26,2,"container3",world,10.5341,10.3097,0,0.0882223,0,0,0,0.0882223,0,0,0,0.203172
237308000000,/,drone2,28,1,"container2",world,12.021,2.76087,0,0.265282,0,0,0,0.265282,0,0,0,0.586608
237308000000,/,drone1,29,0,"container1",world,10.7201,-4.88276,0,0.0880365,0,0,0,0.0880365,0,0,0,0.202848
237308000000,/,drone2,30,0,"container1",world,10.4648,-6.31126,0,0.0878197,0,0,0,0.0878197,0,0,0,0.202456
237400000000,/,drone3,26,2,"container3",world,10.5331,10.3114,0,0.0880542,0,0,0,0.0880542,0,0,0,0.202882
237400000000,/,drone2,28,1,"container2",world,12.0309,2.76123,0,0.222825,0,0,0,0.222825,0,0,0,0.499407
237400000000,/,drone1,29,0,"container1",world,10.7211,-4.88323,0,0.0878527,0,0,0,0.0878527,0,0,0,0.202524
237400000000,/,drone2,30,0,"container1",world,10.465,-6.31221,0,0.0877558,0,0,0,0.0877558,0,0,0,0.202344
237484000000,/,drone3,26,2,"container3",world,10.5298,10.3124,0,0.0881203,0,0,0,0.0881203,0,0,0,0.202988
237484000000,/,drone2,28,1,"container2",world,12.0343,2.76592,0,0.18419,0,0,0,0.18419,0,0,0,0.404133
237484000000,/,drone1,29,0,"container1",world,10.7214,-4.88396,0,0.0880199,0,0,0,0.0880199,0,0,0,0.20281
237484000000,/,drone2,30,0,"container1",world,10.466,-6.32207,0,0.095563,0,0,0,0.095563,0,0,0,0.216943
237568000000,/,drone3,26,2,"container3",world,10.5258,10.3123,0,0.0882694,0,0,0,0.0882694,0,0,0,0.203248
237568000000,/,drone2,28,1,"container2",world,12.0362,2.77249,0,0.151539,0,0,0,0.151539,0,0,0,0.328972
237568000000,/,drone1,29,0,"container1",world,10.7211,-4.88549,0,0.0882195,0,0,0,0.0882195,0,0,0,0.20316
237568000000,/,drone2,30,0,"container1",world,10.4686,-6.32742,0,0.0966481,0,0,0,0.0966481,0,0,0,0.219791
237648000000,/,drone3,26,2,"container3",world,10.5223,10.3119,0,0.0880909,0,0,0,0.0880909,0,0,0,0.202938
237648000000,/,drone2,28,1,"container2",world,12.0338,2.78044,0,0.128096,0,0,0,0.128096,0,0,0,0.279776
237648000000,/,drone1,29,0,"container1",world,10.7209,-4.88625,0,0.0883187,0,0,0,0.0883187,0,0,0,0.203333
237648000000,/,drone2,30,0,"container1",world,10.4727,-6.33086,0,0.0952964,0,0,0,0.0952964,0,0,0,0.218191
237736000000,/,drone3,26,2,"container3",world,10.5185,10.3112,0,0.0881079,0,0,0,0.0881079,0,0,0,0.202976
237736000000,/,drone2,28,1,"container2",world,12.0295,2.78814,0,0.115835,0,0,0,0.115835,0,0,0,0.256081
237736000000,/,drone1,29,0,"container1",world,10.7208,-4.88662,0,0.0883682,0,0,0,0.0883682,0,0,0,0.20342
237736000000,/,drone2,30,0,"container1",world,10.477,-6.33232,0,0.0940687,0,0,0,0.0940687,0,0,0,0.216504
237800000000,/,drone3,26,2,"container3",world,10.5153,10.31,0,0.0878887,0,0,0,0.0878887,0,0,0,0.202588
237800000000,/,drone2,28,1,"container2",world,12.0262,2.79303,0,0.109516,0,0,0,0.109516,0,0,0,0.246013
237800000000,/,drone1,29,0,"container1",world,10.7207,-4.88681,0,0.0883929,0,0,0,0.0883929,0,0,0,0.203463
237800000000,/,drone2,30,0,"container1",world,10.4826,-6.33202,0,0.0926252,0,0,0,0.0926252,0,0,0,0.214169
237884000000,/,drone3,26,2,"container3",world,10.5125,10.3081,0,0.0880378,0,0,0,0.0880378,0,0,0,0.202842
237884000000,/,drone2,28,1,"container2",world,12.0236,2.79556,0,0.106547,0,0,0,0.106547,0,0,0,0.242851
237884000000,/,drone1,29,0,"container1",world,10.72,-4.88734,0,0.0882897,0,0,0,0.0882897,0,0,0,0.203279
237884000000,/,drone2,30,0,"container1",world,10.489,-6.3316,0,0.0916639,0,0,0,0.0916639,0,0,0,0.212482
237964000000,/,drone3,26,2,"container3",world,10.5099,10.3052,0,0.0882284,0,0,0,0.0882284,0,0,0,0.203176
237964000000,/,drone2,28,1,"container2",world,12.0217,2.79719,0,0.103653,0,0,0,0.103653,0,0,0,0.240511
237964000000,/,drone1,29,0,"container1",world,10.7208,-4.88599,0,0.0883537,0,0,0,0.0883537,0,0,0,0.203393
237964000000,/,drone2,30,0,"container1",world,10.4986,-6.33196,0,0.0907776,0,0,0,0.0907776,0,0,0,0.210712
238032000000,/,drone3,26,2,"container3",world,10.5086,10.3026,0,0.0880703,0,0,0,0.0880703,0,0,0,0.202902
238032000000,/,drone2,28,1,"container2",world,12.0231,2.79983,0,0.100242,0,0,0,0.100242,0,0,0,0.236553
238032000000,/,drone1,29,0,"container1",world,10.7221,-4.88353,0,0.088025,0,0,0,0.088025,0,0,0,0.202816
238032000000,/,drone2,30,0,"container1",world,10.5095,-6.33286,0,0.0896502,0,0,0,0.0896502,0,0,0,0.208359
238100000000,/,drone3,26,2,"container3",world,10.5103,10.3004,0,0.0882297,0,0,0,0.0882297,0,0,0,0.203186
238100000000,/,drone2,28,1,"container2",world,12.0256,2.80264,0,0.0984917,0,0,0,0.0984917,0,0,0,0.234673
238100000000,/,drone1,29,0,"container1",world,10.723,-4.88124,0,0.088075,0,0,0,0.088075,0,0,0,0.202915
238100000000,/,drone2,30,0,"container1",world,10.5183,-6.334,0,0.0891334,0,0,0,0.0891334,0,0,0,0.207084
238180000000,/,drone3,26,2,"container3",world,10.5134,10.2985,0,0.088058,0,0,0,0.088058,0,0,0,0.202889
238180000000,/,drone2,28,1,"container2",world,12.0272,2.80413,0,0.0972295,0,0,0,0.0972295,0,0,0,0.232921
238180000000,/,drone1,29,0,"container1",world,10.7238,-4.87902,0,0.087872,0,0,0,0.087872,0,0,0,0.202558
238180000000,/,drone2,30,0,"container1",world,10.524,-6.33529,0,0.0886984,0,0,0,0.0886984,0,0,0,0.206043
238208000000,/,drone3,26,2,"container3",world,10.518,10.2973,0,0.0880809,0,0,0,0.0880809,0,0,0,0.202935
238208000000,/,drone2,28,1,"container2",world,12.0336,2.80656,0,0.0955834,0,0,0,0.0955834,0,0,0,0.23035
238208000000,/,drone1,29,0,"container1",world,10.7246,-4.87706,0,0.0879882,0,0,0,0.0879882,0,0,0,0.20277
238208000000,/,drone2,30,0,"container1",world,10.5274,-6.33975,0,0.0884752,0,0,0,0.0884752,0,0,0,0.205263
238284000000,/,drone3,26,2,"container3",world,10.5215,10.2969,0,0.0878662,0,0,0,0.0878662,0,0,0,0.202554
238284000000,/,drone2,28,1,"container2",world,12.0408,2.80771,0,0.0939436,0,0,0,0.0939436,0,0,0,0.227318
238284000000,/,drone1,29,0,"container1",world,10.7253,-4.87512,0,0.0878195,0,0,0,0.0878195,0,0,0,0.202471
238284000000,/,drone2,30,0,"container1",world,10.5292,-6.34462,0,0.0880991,0,0,0,0.0880991,0,0,0,0.204253
238304000000,/,drone3,26,2,"container3",world,10.5232,10.2967,0,0.0877581,0,0,0,0.0877581,0,0,0,0.202362
238304000000,/,drone2,28,1,"container2",world,12.0448,2.80847,0,0.0930177,0,0,0,0.0930177,0,0,0,0.225464
238304000000,/,drone1,29,0,"container1",world,10.7263,-4.87377,0,0.0876375,0,0,0,0.0876375,0,0,0,0.20214
238304000000,/,drone2,30,0,"container1",world,10.5301,-6.34811,0,0.0877993,0,0,0,0.0877993,0,0,0,0.203475
238392000000,/,drone3,26,2,"container3",world,10.524,10.2967,0,0.0877039,0,0,0,0.0877039,0,0,0,0.202266
238392000000,/,drone2,28,1,"container2",world,12.0486,2.80988,0,0.092371,0,0,0,0.092371,0,0,0,0.223981
238392000000,/,drone1,29,0,"container1",world,10.7279,-4.87218,0,0.0877842,0,0,0,0.0877842,0,0,0,0.202393
238392000000,/,drone2,30,0,"container1",world,10.5302,-6.35191,0,0.0878699,0,0,0,0.0878699,0,0,0,0.203353
238408000000,/,drone3,26,2,"container3",world,10.5245,10.2966,0,0.0876768,0,0,0,0.0876768,0,0,0,0.202218
238408000000,/,drone2,28,1,"container2",world,12.051,2.81058,0,0.0917701,0,0,0,0.0917701,0,0,0,0.222555
238408000000,/,drone1,29,0,"container1",world,10.7294,-4.87097,0,0.0877474,0,0,0,0.0877474,0,0,0,0.202322
238408000000,/,drone2,30,0,"container1",world,10.5296,-6.35492,0,0.0877924,0,0,0,0.0877924,0,0,0,0.203038
238464000000,/,drone3,26,2,"container3",world,10.53,10.2976,0,0.0879111,0,0,0,0.0879111,0,0,0,0.202627
238464000000,/,drone2,28,1,"container2",world,12.0547,2.80876,0,0.0914138,0,0,0,0.0914138,0,0,0,0.22135
238464000000,/,drone1,29,0,"container1",world,10.7309,-4.86939,0,0.0879461,0,0,0,0.0879461,0,0,0,0.202679
238464000000,/,drone2,30,0,"container1",world,10.5273,-6.35991,0,0.0879693,0,0,0,0.0879693,0,0,0,0.20318
238500000000,/,drone3,26,2,"container3",world,10.5343,10.2987,0,0.087907,0,0,0,0.087907,0,0,0,0.202618
238500000000,/,drone2,28,1,"container2",world,12.0569,2.80797,0,0.0908968,0,0,0,0.0908968,0,0,0,0.219968
238500000000,/,drone1,29,0,"container1",world,10.7321,-4.86818,0,0.0879245,0,0,0,0.0879245,0,0,0,0.202644
238500000000,/,drone2,30,0,"container1",world,10.5261,-6.36352,0,0.0879387,0,0,0,0.0879387,0,0,0,0.203005
238560000000,/,drone3,26,2,"container3",world,10.5406,10.3005,0,0.0881454,0,0,0,0.0881454,0,0,0,0.203038
238560000000,/,drone2,28,1,"container2",world,12.0602,2.80806,0,0.0907062,0,0,0,0.0907062,0,0,0,0.218924
238560000000,/,drone1,29,0,"container1",world,10.7333,-4.86697,0,0.0881541,0,0,0,0.0881541,0,0,0,0.20305
238560000000,/,drone2,30,0,"container1",world,10.5252,-6.37012,0,0.0881692,0,0,0,0.0881692,0,0,0,0.203289
238600000000,/,drone3,26,2,"container3",world,10.5462,10.3023,0,0.0881323,0,0,0,0.0881323,0,0,0,0.203019
238600000000,/,drone2,28,1,"container2",world,12.0627,2.81002,0,0.090273,0,0,0,0.090273,0,0,0,0.21763
238600000000,/,drone1,29,0,"container1",world,10.7341,-4.86625,0,0.0881367,0,0,0,0.0881367,0,0,0,0.203025
238600000000,/,drone2,30,0,"container1",world,10.526,-6.37612,0,0.0881555,0,0,0,0.0881555,0,0,0,0.203185
238656000000,/,drone3,26,2,"container3",world,10.5513,10.3041,0,0.0880066,0,0,0,0.0880066,0,0,0,0.202799
238656000000,/,drone2,28,1,"container2",world,12.0672,2.8145,0,0.0895489,0,0,0,0.0895489,0,0,0,0.215492
238656000000,/,drone1,29,0,"container1",world,10.7349,-4.86581,0,0.0880088,0,0,0,0.0880088,0,0,0,0.202802
238656000000,/,drone2,30,0,"container1",world,10.5296,-6.38333,0,0.0879283,0,0,0,0.0879283,0,0,0,0.202705
238692000000,/,drone3,26,2,"container3",world,10.5581,10.3068,0,0.0877383,0,0,0,0.0877383,0,0,0,0.202314
238692000000,/,drone2,28,1,"container2",world,12.0706,2.81657,0,0.0890311,0,0,0,0.0890311,0,0,0,0.213999
238692000000,/,drone1,29,0,"container1",world,10.7357,-4.86556,0,0.0878367,0,0,0,0.0878367,0,0,0,0.202495
238692000000,/,drone2,30,0,"container1",world,10.5325,-6.38766,0,0.0877194,0,0,0,0.0877194,0,0,0,0.202275
238732000000,/,drone3,26,2,"container3",world,10.5636,10.3092,0,0.0879617,0,0,0,0.0879617,0,0,0,0.202701
238732000000,/,drone2,28,1,"container2",world,12.072,2.81671,0,0.0890632,0,0,0,0.0890632,0,0,0,0.213884
238732000000,/,drone1,29,0,"container1",world,10.7365,-4.86553,0,0.0880105,0,0,0,0.0880105,0,0,0,0.202791
238732000000,/,drone2,30,0,"container1",world,10.534,-6.38984,0,0.0876142,0,0,0,0.0876142,0,0,0,0.202058
238792000000,/,drone3,26,2,"container3",world,10.5698,10.312,0,0.0878414,0,0,0,0.0878414,0,0,0,0.202484
238792000000,/,drone2,28,1,"container2",world,12.0719,2.81694,0,0.0889651,0,0,0,0.0889651,0,0,0,0.213683
238792000000,/,drone1,29,0,"container1",world,10.7369,-4.86552,0,0.0878659,0,0,0,0.0878659,0,0,0,0.202529
238792000000,/,drone2,30,0,"container1",world,10.5347,-6.39094,0,0.0875615,0,0,0,0.0875615,0,0,0,0.20195
238840000000,/,drone3,26,2,"container3",world,10.5729,10.3134,0,0.087781,0,0,0,0.087781,0,0,0,0.202374
238840000000,/,drone2,28,1,"container2",world,12.0718,2.817,0,0.0889405,0,0,0,0.0889405,0,0,0,0.213633
238840000000,/,drone1,29,0,"container1",world,10.7368,-4.86543,0,0.0881425,0,0,0,0.0881425,0,0,0,0.203017
238840000000,/,drone2,30,0,"container1",world,10.5351,-6.39149,0,0.0875351,0,0,0,0.0875351,0,0,0,0.201895
238888000000,/,drone3,26,2,"container3",world,10.576,10.3157,0,0.0879669,0,0,0,0.0879669,0,0,0,0.202711
238888000000,/,drone2,28,1,"container2",world,12.0662,2.84218,0,0.100437,0,0,0,0.100437,0,0,0,0.236168
238888000000,/,drone1,29,0,"container1",world,10.7359,-4.86537,0,0.0880266,0,0,0,0.0880266,0,0,0,0.20282
238888000000,/,drone2,30,0,"container1",world,10.5392,-6.3999,0,0.100834,0,0,0,0.100834,0,0,0,0.226471
238924000000,/,drone3,26,2,"container3",world,10.5779,10.3175,0,0.0879386,0,0,0,0.0879386,0,0,0,0.202666
238924000000,/,drone2,28,1,"container2",world,12.0676,2.84764,0,0.100912,0,0,0,0.100912,0,0,0,0.237026
238924000000,/,drone1,29,0,"container1",world,10.7351,-4.86529,0,0.0878594,0,0,0,0.0878594,0,0,0,0.202524
238924000000,/,drone2,30,0,"container1",world,10.5405,-6.40401,0,0.103994,0,0,0,0.103994,0,0,0,0.232692
238988000000,/,drone3,26,2,"container3",world,10.5788,10.3203,0,0.088164,0,0,0,0.088164,0,0,0,0.203067
238988000000,/,drone2,28,1,"container2",world,12.0738,2.85082,0,0.098903,0,0,0,0.098903,0,0,0,0.232901
238988000000,/,drone1,29,0,"container1",world,10.7343,-4.86512,0,0.0881248,0,0,0,0.0881248,0,0,0,0.202997
238988000000,/,drone2,30,0,"container1",world,10.5428,-6.40826,0,0.10346,0,0,0,0.10346,0,0,0,0.232834
239000000000,/,drone3,26,2,"container3",world,10.5795,10.3224,0,0.0881443,0,0,0,0.0881443,0,0,0,0.203038
239000000000,/,drone2,28,1,"container2",world,12.0765,2.85236,0,0.0983307,0,0,0,0.0983307,0,0,0,0.231756
239000000000,/,drone1,29,0,"container1",world,10.7335,-4.86479,0,0.0881247,0,0,0,0.0881247,0,0,0,0.203003
239000000000,/,drone2,30,0,"container1",world,10.5439,-6.41039,0,0.103191,0,0,0,0.103191,0,0,0,0.232907
239060000000,/,drone3,26,2,"container3",world,10.5808,10.3249,0,0.0879069,0,0,0,0.0879069,0,0,0,0.202619
239060000000,/,drone2,28,1,"container2",world,12.0834,2.85397,0,0.0959359,0,0,0,0.0959359,0,0,0,0.226774
239060000000,/,drone1,29,0,"container1",world,10.732,-4.86415,0,0.087897,0,0,0,0.087897,0,0,0,0.202601
239060000000,/,drone2,30,0,"container1",world,10.5458,-6.41315,0,0.101132,0,0,0,0.101132,0,0,0,0.230008
239100000000,/,drone3,26,2,"container3",world,10.5818,10.3269,0,0.0876896,0,0,0,0.0876896,0,0,0,0.202226
239100000000,/,drone2,28,1,"container2",world,12.0876,2.85488,0,0.0943751,0,0,0,0.0943751,0,0,0,0.223434
239100000000,/,drone1,29,0,"container1",world,10.7295,-4.86449,0,0.0876846,0,0,0,0.0876846,0,0,0,0.202217
239100000000,/,drone2,30,0,"container1",world,10.5468,-6.41487,0,0.0992575,0,0,0,0.0992575,0,0,0,0.227196
239152000000,/,drone3,26,2,"container3",world,10.5829,10.3286,0,0.0879391,0,0,0,0.0879391,0,0,0,0.202662
239152000000,/,drone2,28,1,"container2",world,12.0928,2.85548,0,0.0930978,0,0,0,0.0930978,0,0,0,0.220297
239152000000,/,drone1,29,0,"container1",world,10.7258,-4.86479,0,0.0878144,0,0,0,0.0878144,0,0,0,0.202443
239152000000,/,drone2,30,0,"container1",world,10.5456,-6.41664,0,0.09734,0,0,0,0.09734,0,0,0,0.224196
239192000000,/,drone3,26,2,"container3",world,10.584,10.3309,0,0.0878311,0,0,0,0.0878311,0,0,0,0.202467
239192000000,/,drone2,28,1,"container2",world,12.1501,2.80388,0,0.0906829,0,0,0,0.0906829,0,0,0,0.212674
239192000000,/,drone1,29,0,"container1",world,10.7233,-4.8644,0,0.0877685,0,0,0,0.0877685,0,0,0,0.202357
239192000000,/,drone2,30,0,"container1",world,10.5445,-6.418,0,0.0957342,0,0,0,0.0957342,0,0,0,0.22155
239220000000,/,drone3,26,2,"container3",world,10.5852,10.3329,0,0.0881261,0,0,0,0.0881261,0,0,0,0.202989
239220000000,/,drone2,28,1,"container2",world,12.1138,2.84311,0,0.0914913,0,0,0,0.0914913,0,0,0,0.215684
239220000000,/,drone1,29,0,"container1",world,10.7203,-4.86323,0,0.0879615,0,0,0,0.0879615,0,0,0,0.202705
239220000000,/,drone2,30,0,"container1",world,10.5431,-6.41885,0,0.0947966,0,0,0,0.0947966,0,0,0,0.219972
239256000000,/,drone3,26,2,"container3",world,10.5872,10.3351,0,0.088019,0,0,0,0.088019,0,0,0,0.202808
239256000000,/,drone2,28,1,"container2",world,12.1075,2.85248,0,0.0905687,0,0,0,0.0905687,0,0,0,0.21372
239256000000,/,drone1,29,0,"container1",world,10.7154,-4.86368,0,0.0878271,0,0,0,0.0878271,0,0,0,0.202469
239256000000,/,drone2,30,0,"container1",world,10.5416,-6.41931,0,0.0933415,0,0,0,0.0933415,0,0,0,0.217317
239308000000,/,drone3,26,2,"container3",world,10.5888,10.3369,0,0.087856,0,0,0,0.087856,0,0,0,0.202521
239308000000,/,drone2,28,1,"container2",world,12.1071,2.855,0,0.089875,0,0,0,0.089875,0,0,0,0.212054
239308000000,/,drone1,29,0,"container1",world,10.713,-4.86391,0,0.0877596,0,0,0,0.0877596,0,0,0,0.20235
239308000000,/,drone2,30,0,"container1",world,10.5404,-6.41961,0,0.0921805,0,0,0,0.0921805,0,0,0,0.21512
239384000000,/,drone3,26,2,"container3",world,10.5903,10.3386,0,0.0881235,0,0,0,0.0881235,0,0,0,0.202996
239384000000,/,drone2,28,1,"container2",world,12.1078,2.85586,0,0.0899637,0,0,0,0.0899637,0,0,0,0.211781
239384000000,/,drone1,29,0,"container1",world,10.7085,-4.86503,0,0.087943,0,0,0,0.087943,0,0,0,0.202683
239384000000,/,drone2,30,0,"container1",world,10.5388,-6.42,0,0.0916567,0,0,0,0.0916567,0,0,0,0.214019
239452000000,/,drone3,26,2,"container3",world,10.5927,10.3404,0,0.0880047,0,0,0,0.0880047,0,0,0,0.202794
239452000000,/,drone2,28,1,"container2",world,12.109,2.85534,0,0.0892117,0,0,0,0.0892117,0,0,0,0.20971
239452000000,/,drone1,29,0,"container1",world,10.7049,-4.86606,0,0.0879142,0,0,0,0.0879142,0,0,0,0.202636
239452000000,/,drone2,30,0,"container1",world,10.5367,-6.42131,0,0.090722,0,0,0,0.090722,0,0,0,0.212038
239524000000,/,drone3,26,2,"container3",world,10.5946,10.3417,0,0.0877391,0,0,0,0.0877391,0,0,0,0.202316
239524000000,/,drone2,28,1,"container2",world,12.1091,2.8542,0,0.088923,0,0,0,0.088923,0,0,0,0.209012
239524000000,/,drone1,29,0,"container1",world,10.7032,-4.86641,0,0.0880506,0,0,0,0.0880506,0,0,0,0.202866
239524000000,/,drone2,30,0,"container1",world,10.5356,-6.42199,0,0.0902406,0,0,0,0.0902406,0,0,0,0.211016
239600000000,/,drone3,26,2,"container3",world,10.5955,10.3423,0,0.0878415,0,0,0,0.0878415,0,0,0,0.202493
239600000000,/,drone2,28,1,"container2",world,12.1103,2.85277,0,0.0889605,0,0,0,0.0889605,0,0,0,0.209023
239600000000,/,drone1,29,0,"container1",world,10.702,-4.86524,0,0.0878871,0,0,0,0.0878871,0,0,0,0.20257
239600000000,/,drone2,30,0,"container1",world,10.5351,-6.42233,0,0.0899961,0,0,0,0.0899961,0,0,0,0.210497
239680000000,/,drone3,26,2,"container3",world,10.5947,10.3423,0,0.0881312,0,0,0,0.0881312,0,0,0,0.203003
239680000000,/,drone2,28,1,"container2",world,12.1121,2.85469,0,0.0887365,0,0,0,0.0887365,0,0,0,0.207025
239680000000,/,drone1,29,0,"container1",world,10.7012,-4.86402,0,0.0881538,0,0,0,0.0881538,0,0,0,0.203041
239680000000,/,drone2,30,0,"container1",world,10.5357,-6.43124,0,0.0923145,0,0,0,0.0923145,0,0,0,0.214363
239740000000,/,drone3,26,2,"container3",world,10.5894,10.3415,0,0.0879125,0,0,0,0.0879125,0,0,0,0.202619
239740000000,/,drone2,28,1,"container2",world,12.1127,2.85696,0,0.0880303,0,0,0,0.0880303,0,0,0,0.204795
239740000000,/,drone1,29,0,"container1",world,10.7014,-4.86147,0,0.0879239,0,0,0,0.0879239,0,0,0,0.202639
239740000000,/,drone2,30,0,"container1",world,10.5383,-6.43813,0,0.0920108,0,0,0,0.0920108,0,0,0,0.21354
239796000000,/,drone3,26,2,"container3",world,10.5841,10.3406,0,0.0880189,0,0,0,0.0880189,0,0,0,0.202817
239796000000,/,drone2,28,1,"container2",world,12.1136,2.85881,0,0.0881387,0,0,0,0.0881387,0,0,0,0.20443
239796000000,/,drone1,29,0,"container1",world,10.7033,-4.85854,0,0.0879045,0,0,0,0.0879045,0,0,0,0.202614
239796000000,/,drone2,30,0,"container1",world,10.541,-6.44335,0,0.0915837,0,0,0,0.0915837,0,0,0,0.212502
239880000000,/,drone3,26,2,"container3",world,10.5801,10.3401,0,0.0879521,0,0,0,0.0879521,0,0,0,0.202704
239880000000,/,drone2,28,1,"container2",world,12.1146,2.86005,0,0.0879771,0,0,0,0.0879771,0,0,0,0.203869
239880000000,/,drone1,29,0,"container1",world,10.7043,-4.85708,0,0.0878948,0,0,0,0.0878948,0,0,0,0.202602
239880000000,/,drone2,30,0,"container1",world,10.5429,-6.44667,0,0.0910443,0,0,0,0.0910443,0,0,0,0.211324
239952000000,/,drone3,26,2,"container3",world,10.5755,10.3398,0,0.0877124,0,0,0,0.0877124,0,0,0,0.20227
239952000000,/,drone2,28,1,"container2",world,12.1177,2.86234,0,0.0876186,0,0,0,0.0876186,0,0,0,0.202915
239952000000,/,drone1,29,0,"container1",world,10.7071,-4.85589,0,0.0880409,0,0,0,0.0880409,0,0,0,0.202849
239952000000,/,drone2,30,0,"container1",world,10.544,-6.45006,0,0.0902329,0,0,0,0.0902329,0,0,0,0.209593
240020000000,/,drone3,26,2,"container3",world,10.5709,10.3401,0,0.0877174,0,0,0,0.0877174,0,0,0,0.202271
240020000000,/,drone2,28,1,"container2",world,12.1191,2.86307,0,0.0875909,0,0,0,0.0875909,0,0,0,0.202783
240020000000,/,drone1,29,0,"container1",world,10.7095,-4.85475,0,0.0878822,0,0,0,0.0878822,0,0,0,0.202562
240020000000,/,drone2,30,0,"container1",world,10.5446,-6.45179,0,0.0898165,0,0,0,0.0898165,0,0,0,0.208704
240084000000,/,drone3,26,2,"container3",world,10.5678,10.3402,0,0.087936,0,0,0,0.087936,0,0,0,0.202663
240084000000,/,drone2,28,1,"container2",world,12.1192,2.86331,0,0.0876925,0,0,0,0.0876925,0,0,0,0.202945
240084000000,/,drone1,29,0,"container1",world,10.7114,-4.85392,0,0.0880178,0,0,0,0.0880178,0,0,0,0.202807
240084000000,/,drone2,30,0,"container1",world,10.5448,-6.45268,0,0.0896055,0,0,0,0.0896055,0,0,0,0.208253
240172000000,/,drone3,26,2,"container3",world,10.5666,10.3401,0,0.0878142,0,0,0,0.0878142,0,0,0,0.202448
240172000000,/,drone2,28,1,"container2",world,12.118,2.87808,0,0.0906338,0,0,0,0.0906338,0,0,0,0.208218
240172000000,/,drone1,29,0,"container1",world,10.7133,-4.85369,0,0.0878553,0,0,0,0.0878553,0,0,0,0.20252
240172000000,/,drone2,30,0,"container1",world,10.5392,-6.45714,0,0.0922152,0,0,0,0.0922152,0,0,0,0.212684
240208000000,/,drone3,26,2,"container3",world,10.5673,10.3404,0,0.08797,0,0,0,0.08797,0,0,0,0.202731
240208000000,/,drone2,28,1,"container2",world,12.122,2.88379,0,0.0906455,0,0,0,0.0906455,0,0,0,0.208407
240208000000,/,drone1,29,0,"container1",world,10.7157,-4.85443,0,0.0878702,0,0,0,0.0878702,0,0,0,0.202555
240208000000,/,drone2,30,0,"container1",world,10.5346,-6.46096,0,0.0924416,0,0,0,0.0924416,0,0,0,0.213067
240300000000,/,drone3,26,2,"container3",world,10.5691,10.3405,0,0.0878191,0,0,0,0.0878191,0,0,0,0.202465
240300000000,/,drone2,28,1,"container2",world,12.124,2.88632,0,0.0901909,0,0,0,0.0901909,0,0,0,0.207671
240300000000,/,drone1,29,0,"container1",world,10.7179,-4.85568,0,0.0876711,0,0,0,0.0876711,0,0,0,0.202195
240300000000,/,drone2,30,0,"container1",world,10.5324,-6.46398,0,0.0921552,0,0,0,0.0921552,0,0,0,0.212549
240384000000,/,drone3,26,2,"container3",world,10.5717,10.3409,0,0.0880033,0,0,0,0.0880033,0,0,0,0.202781
240384000000,/,drone2,28,1,"container2",world,12.127,2.88891,0,0.0900594,0,0,0,0.0900594,0,0,0,0.207472
240384000000,/,drone1,29,0,"container1",world,10.7193,-4.85681,0,0.0879299,0,0,0,0.0879299,0,0,0,0.202647
240384000000,/,drone2,30,0,"container1",world,10.5307,-6.46714,0,0.0917857,0,0,0,0.0917857,0,0,0,0.211852
240408000000,/,drone3,26,2,"container3",world,10.5714,10.3405,0,0.0878633,0,0,0,0.0878633,0,0,0,0.202527
240408000000,/,drone2,28,1,"container2",world,12.1318,2.89374,0,0.0895655,0,0,0,0.0895655,0,0,0,0.206605
240408000000,/,drone1,29,0,"container1",world,10.7207,-4.85897,0,0.0881749,0,0,0,0.0881749,0,0,0,0.203079
240408000000,/,drone2,30,0,"container1",world,10.5312,-6.4695,0,0.0911614,0,0,0,0.0911614,0,0,0,0.210628
240464000000,/,drone3,26,2,"container3",world,10.5668,10.3402,0,0.0878873,0,0,0,0.0878873,0,0,0,0.202577
240464000000,/,drone2,28,1,"container2",world,12.1334,2.89694,0,0.0889894,0,0,0,0.0889894,0,0,0,0.205557
240464000000,/,drone1,29,0,"container1",world,10.7218,-4.86102,0,0.0880434,0,0,0,0.0880434,0,0,0,0.202853
240464000000,/,drone2,30,0,"container1",world,10.5309,-6.47124,0,0.0903251,0,0,0,0.0903251,0,0,0,0.209002
240540000000,/,drone3,26,2,"container3",world,10.563,10.3401,0,0.0877897,0,0,0,0.0877897,0,0,0,0.202404
240540000000,/,drone2,28,1,"container2",world,12.1351,2.89912,0,0.0885824,0,0,0,0.0885824,0,0,0,0.2048
240540000000,/,drone1,29,0,"container1",world,10.7224,-4.86246,0,0.0878682,0,0,0,0.0878682,0,0,0,0.202544
240540000000,/,drone2,30,0,"container1",world,10.5309,-6.47219,0,0.089678,0,0,0,0.089678,0,0,0,0.207726
240604000000,/,drone3,26,2,"container3",world,10.56,10.3404,0,0.0880907,0,0,0,0.0880907,0,0,0,0.202939
240604000000,/,drone2,28,1,"container2",world,12.1398,2.902,0,0.0887092,0,0,0,0.0887092,0,0,0,0.204965
240604000000,/,drone1,29,0,"container1",world,10.7227,-4.86318,0,0.0877802,0,0,0,0.0877802,0,0,0,0.202388
240604000000,/,drone2,30,0,"container1",world,10.5306,-6.4724,0,0.0893795,0,0,0,0.0893795,0,0,0,0.20703
240700000000,/,drone3,26,2,"container3",world,10.5569,10.3411,0,0.0879881,0,0,0,0.0879881,0,0,0,0.202765
240700000000,/,drone2,28,1,"container2",world,12.1442,2.90598,0,0.0882677,0,0,0,0.0882677,0,0,0,0.204101
240700000000,/,drone1,29,0,"container1",world,10.7228,-4.86354,0,0.087736,0,0,0,0.087736,0,0,0,0.20231
240700000000,/,drone2,30,0,"container1",world,10.5307,-6.47264,0,0.0888668,0,0,0,0.0888668,0,0,0,0.205926
240772000000,/,drone3,26,2,"container3",world,10.5524,10.3426,0,0.0880873,0,0,0,0.0880873,0,0,0,0.20293
240772000000,/,drone2,28,1,"container2",world,12.1457,2.91066,0,0.0884022,0,0,0,0.0884022,0,0,0,0.204231
240772000000,/,drone1,29,0,"container1",world,10.7229,-4.86373,0,0.0877139,0,0,0,0.0877139,0,0,0,0.20227
240772000000,/,drone2,30,0,"container1",world,10.5304,-6.47441,0,0.088763,0,0,0,0.088763,0,0,0,0.205525
240824000000,/,drone3,26,2,"container3",world,10.5505,10.3453,0,0.088253,0,0,0,0.088253,0,0,0,0.203219
240824000000,/,drone2,28,1,"container2",world,12.1437,2.91641,0,0.0885203,0,0,0,0.0885203,0,0,0,0.20431
240824000000,/,drone1,29,0,"container1",world,10.7205,-4.86542,0,0.092855,0,0,0,0.092855,0,0,0,0.212946
240824000000,/,drone2,30,0,"container1",world,10.5313,-6.47989,0,0.0887266,0,0,0,0.0887266,0,0,0,0.205205
240908000000,/,drone3,26,2,"container3",world,10.5495,10.3478,0,0.0880827,0,0,0,0.0880827,0,0,0,0.202924
240908000000,/,drone2,28,1,"container2",world,12.1406,2.91931,0,0.0882715,0,0,0,0.0882715,0,0,0,0.203813
240908000000,/,drone1,29,0,"container1",world,10.717,-4.86729,0,0.0937123,0,0,0,0.0937123,0,0,0,0.215318
240908000000,/,drone2,30,0,"container1",world,10.5316,-6.48482,0,0.0885539,0,0,0,0.0885539,0,0,0,0.204733
240996000000,/,drone3,26,2,"container3",world,10.5499,10.3497,0,0.087888,0,0,0,0.087888,0,0,0,0.202579
240996000000,/,drone2,28,1,"container2",world,12.139,2.92016,0,0.088155,0,0,0,0.088155,0,0,0,0.203592
240996000000,/,drone1,29,0,"container1",world,10.7155,-4.86762,0,0.0935828,0,0,0,0.0935828,0,0,0,0.215561
240996000000,/,drone2,30,0,"container1",world,10.5318,-6.48731,0,0.088467,0,0,0,0.088467,0,0,0,0.204496
241072000000,/,drone3,26,2,"container3",world,10.5496,10.3526,0,0.0878866,0,0,0,0.0878866,0,0,0,0.202585
241072000000,/,drone2,28,1,"container2",world,12.1364,2.91998,0,0.0881733,0,0,0,0.0881733,0,0,0,0.203624
241072000000,/,drone1,29,0,"container1",world,10.7132,-4.86692,0,0.0926021,0,0,0,0.0926021,0,0,0,0.214107
241072000000,/,drone2,30,0,"container1",world,10.5318,-6.48855,0,0.0884234,0,0,0,0.0884234,0,0,0,0.204377
241132000000,/,drone3,26,2,"container3",world,10.5482,10.3551,0,0.0876794,0,0,0,0.0876794,0,0,0,0.20221
241132000000,/,drone2,28,1,"container2",world,12.1356,2.91997,0,0.0880764,0,0,0,0.0880764,0,0,0,0.203448
241132000000,/,drone1,29,0,"container1",world,10.7118,-4.86515,0,0.0915487,0,0,0,0.0915487,0,0,0,0.212243
241132000000,/,drone2,30,0,"container1",world,10.5319,-6.48918,0,0.0884016,0,0,0,0.0884016,0,0,0,0.204318
241164000000,/,drone3,26,2,"container3",world,10.5475,10.3564,0,0.0875751,0,0,0,0.0875751,0,0,0,0.202022
241164000000,/,drone2,28,1,"container2",world,12.1334,2.94106,0,0.0931581,0,0,0,0.0931581,0,0,0,0.213617
241164000000,/,drone1,29,0,"container1",world,10.7107,-4.8635,0,0.0904495,0,0,0,0.0904495,0,0,0,0.210152
241164000000,/,drone2,30,0,"container1",world,10.5361,-6.51025,0,0.0880992,0,0,0,0.0880992,0,0,0,0.203473
241228000000,/,drone3,26,2,"container3",world,10.5471,10.3571,0,0.0875228,0,0,0,0.0875228,0,0,0,0.201927
241228000000,/,drone2,28,1,"container2",world,12.1344,2.94619,0,0.0940323,0,0,0,0.0940323,0,0,0,0.21556
241228000000,/,drone1,29,0,"container1",world,10.7102,-4.86239,0,0.0900851,0,0,0,0.0900851,0,0,0,0.209352
241228000000,/,drone2,30,0,"container1",world,10.5377,-6.52289,0,0.0882934,0,0,0,0.0882934,0,0,0,0.203647
241300000000,/,drone3,26,2,"container3",world,10.547,10.3574,0,0.0874967,0,0,0,0.0874967,0,0,0,0.20188
241300000000,/,drone2,28,1,"container2",world,12.1365,2.94697,0,0.0935004,0,0,0,0.0935004,0,0,0,0.214818
241300000000,/,drone1,29,0,"container1",world,10.7099,-4.86183,0,0.0899007,0,0,0,0.0899007,0,0,0,0.208947
241300000000,/,drone2,30,0,"container1",world,10.5382,-6.53072,0,0.0882569,0,0,0,0.0882569,0,0,0,0.203492
241364000000,/,drone3,26,2,"container3",world,10.5469,10.3576,0,0.0874836,0,0,0,0.0874836,0,0,0,0.201856
241364000000,/,drone2,28,1,"container2",world,12.1407,2.94637,0,0.0921286,0,0,0,0.0921286,0,0,0,0.212531
241364000000,/,drone1,29,0,"container1",world,10.7098,-4.86155,0,0.0898079,0,0,0,0.0898079,0,0,0,0.208743
241364000000,/,drone2,30,0,"container1",world,10.5384,-6.5377,0,0.0880087,0,0,0,0.0880087,0,0,0,0.202986
241432000000,/,drone3,26,2,"container3",world,10.5433,10.3645,0,0.0989682,0,0,0,0.0989682,0,0,0,0.223854
241432000000,/,drone2,28,1,"container2",world,12.1643,2.92716,0,0.0934006,0,0,0,0.0934006,0,0,0,0.215385
241432000000,/,drone1,29,0,"container1",world,10.7064,-4.86354,0,0.0891033,0,0,0,0.0891033,0,0,0,0.207213
241432000000,/,drone2,30,0,"container1",world,10.5394,-6.54662,0,0.08798,0,0,0,0.08798,0,0,0,0.202892
241500000000,/,drone3,26,2,"container3",world,10.5444,10.3674,0,0.101802,0,0,0,0.101802,0,0,0,0.229699
241500000000,/,drone2,28,1,"container2",world,12.176,2.92365,0,0.0929693,0,0,0,0.0929693,0,0,0,0.214837
241500000000,/,drone1,29,0,"container1",world,10.706,-4.86425,0,0.0885121,0,0,0,0.0885121,0,0,0,0.205675
241500000000,/,drone2,30,0,"container1",world,10.5396,-6.55408,0,0.0882066,0,0,0,0.0882066,0,0,0,0.203263
241596000000,/,drone3,26,2,"container3",world,10.5489,10.3694,0,0.101369,0,0,0,0.101369,0,0,0,0.22992
241596000000,/,drone2,28,1,"container2",world,12.1819,2.9234,0,0.0921985,0,0,0,0.0921985,0,0,0,0.213518
241596000000,/,drone1,29,0,"container1",world,10.7065,-4.86371,0,0.0882307,0,0,0,0.0882307,0,0,0,0.204698
241596000000,/,drone2,30,0,"container1",world,10.5394,-6.55909,0,0.0881878,0,0,0,0.0881878,0,0,0,0.203217
241660000000,/,drone3,26,2,"container3",world,10.5569,10.3701,0,0.0987338,0,0,0,0.0987338,0,0,0,0.226137
241660000000,/,drone2,28,1,"container2",world,12.1905,2.92621,0,0.0904419,0,0,0,0.0904419,0,0,0,0.21021
241660000000,/,drone1,29,0,"container1",world,10.7072,-4.86297,0,0.0878604,0,0,0,0.0878604,0,0,0,0.203658
241660000000,/,drone2,30,0,"container1",world,10.5374,-6.56404,0,0.0878538,0,0,0,0.0878538,0,0,0,0.202606
241740000000,/,drone3,26,2,"container3",world,10.5635,10.3693,0,0.0965376,0,0,0,0.0965376,0,0,0,0.222737
241740000000,/,drone2,28,1,"container2",world,12.1961,2.92894,0,0.0896335,0,0,0,0.0896335,0,0,0,0.208432
241740000000,/,drone1,29,0,"container1",world,10.708,-4.86176,0,0.0877863,0,0,0,0.0877863,0,0,0,0.203163
241740000000,/,drone2,30,0,"container1",world,10.5353,-6.56928,0,0.0878102,0,0,0,0.0878102,0,0,0,0.202517
241800000000,/,drone3,26,2,"container3",world,10.5674,10.3667,0,0.0947962,0,0,0,0.0947962,0,0,0,0.219815
241800000000,/,drone2,28,1,"container2",world,12.1978,2.93139,0,0.0893927,0,0,0,0.0893927,0,0,0,0.20769
241800000000,/,drone1,29,0,"container1",world,10.7093,-4.86068,0,0.0879665,0,0,0,0.0879665,0,0,0,0.203223
241800000000,/,drone2,30,0,"container1",world,10.5315,-6.57345,0,0.0880034,0,0,0,0.0880034,0,0,0,0.202863
241892000000,/,drone3,26,2,"container3",world,10.5695,10.363,0,0.0930197,0,0,0,0.0930197,0,0,0,0.216576
241892000000,/,drone2,28,1,"container2",world,12.1969,2.93382,0,0.0887092,0,0,0,0.0887092,0,0,0,0.20615
241892000000,/,drone1,29,0,"container1",world,10.7113,-4.85962,0,0.087832,0,0,0,0.087832,0,0,0,0.20279
241892000000,/,drone2,30,0,"container1",world,10.5275,-6.57655,0,0.0878677,0,0,0,0.0878677,0,0,0,0.202625
241976000000,/,drone3,26,2,"container3",world,10.5702,10.3577,0,0.0915254,0,0,0,0.0915254,0,0,0,0.213524
241976000000,/,drone2,28,1,"container2",world,12.1977,2.93668,0,0.0885582,0,0,0,0.0885582,0,0,0,0.205513
241976000000,/,drone1,29,0,"container1",world,10.7137,-4.85858,0,0.0879889,0,0,0,0.0879889,0,0,0,0.202927
241976000000,/,drone2,30,0,"container1",world,10.5251,-6.57774,0,0.0880149,0,0,0,0.0880149,0,0,0,0.202897
242056000000,/,drone3,26,2,"container3",world,10.5686,10.3516,0,0.0900198,0,0,0,0.0900198,0,0,0,0.210229
242056000000,/,drone2,28,1,"container2",world,12.2028,2.93911,0,0.0878767,0,0,0,0.0878767,0,0,0,0.203852
242056000000,/,drone1,29,0,"container1",world,10.7162,-4.85779,0,0.0877517,0,0,0,0.0877517,0,0,0,0.202383
242056000000,/,drone2,30,0,"container1",world,10.5227,-6.57539,0,0.0877594,0,0,0,0.0877594,0,0,0,0.20244
242112000000,/,drone3,26,2,"container3",world,10.5659,10.3458,0,0.0892757,0,0,0,0.0892757,0,0,0,0.208306
242112000000,/,drone2,28,1,"container2",world,12.2064,2.94033,0,0.0879984,0,0,0,0.0879984,0,0,0,0.203749
242112000000,/,drone1,29,0,"container1",world,10.7181,-4.85709,0,0.087875,0,0,0,0.087875,0,0,0,0.202522
242112000000,/,drone2,30,0,"container1",world,10.5212,-6.57361,0,0.0878652,0,0,0,0.0878652,0,0,0,0.202626
242188000000,/,drone3,26,2,"container3",world,10.5618,10.3403,0,0.0890025,0,0,0,0.0890025,0,0,0,0.20725
242188000000,/,drone2,28,1,"container2",world,12.2083,2.94139,0,0.088352,0,0,0,0.088352,0,0,0,0.204118
242188000000,/,drone1,29,0,"container1",world,10.7186,-4.85739,0,0.0881803,0,0,0,0.0881803,0,0,0,0.203017
242188000000,/,drone2,30,0,"container1",world,10.5199,-6.5727,0,0.0881548,0,0,0,0.0881548,0,0,0,0.203138
242240000000,/,drone3,26,2,"container3",world,10.5577,10.3354,0,0.0885379,0,0,0,0.0885379,0,0,0,0.205911
242240000000,/,drone2,28,1,"container2",world,12.2063,2.94004,0,0.0880457,0,0,0,0.0880457,0,0,0,0.203379
242240000000,/,drone1,29,0,"container1",world,10.718,-4.85792,0,0.0880806,0,0,0,0.0880806,0,0,0,0.202827
242240000000,/,drone2,30,0,"container1",world,10.5161,-6.57251,0,0.0880433,0,0,0,0.0880433,0,0,0,0.202947
242288000000,/,drone3,26,2,"container3",world,10.5534,10.3297,0,0.0883485,0,0,0,0.0883485,0,0,0,0.205012
242288000000,/,drone2,28,1,"container2",world,12.198,2.93711,0,0.0881255,0,0,0,0.0881255,0,0,0,0.203307
242288000000,/,drone1,29,0,"container1",world,10.7173,-4.85716,0,0.0881392,0,0,0,0.0881392,0,0,0,0.202939
242288000000,/,drone2,30,0,"container1",world,10.5132,-6.57322,0,0.0880918,0,0,0,0.0880918,0,0,0,0.203038
242320000000,/,drone3,26,2,"container3",world,10.5512,10.3269,0,0.0882528,0,0,0,0.0882528,0,0,0,0.204559
242320000000,/,drone2,28,1,"container2",world,12.1953,2.93555,0,0.0880286,0,0,0,0.0880286,0,0,0,0.203066
242320000000,/,drone1,29,0,"container1",world,10.7168,-4.85658,0,0.0880483,0,0,0,0.0880483,0,0,0,0.202788
242320000000,/,drone2,30,0,"container1",world,10.5127,-6.5739,0,0.0879955,0,0,0,0.0879955,0,0,0,0.20287
242388000000,/,drone3,26,2,"container3",world,10.5499,10.3237,0,0.0879648,0,0,0,0.0879648,0,0,0,0.203741
242388000000,/,drone2,28,1,"container2",world,12.1918,2.93491,0,0.0876875,0,0,0,0.0876875,0,0,0,0.202358
242388000000,/,drone1,29,0,"container1",world,10.7158,-4.85601,0,0.0877952,0,0,0,0.0877952,0,0,0,0.202345
242388000000,/,drone2,30,0,"container1",world,10.5142,-6.57413,0,0.0877399,0,0,0,0.0877399,0,0,0,0.202405
242452000000,/,drone3,26,2,"container3",world,10.5478,10.3221,0,0.0877198,0,0,0,0.0877198,0,0,0,0.203074
242452000000,/,drone2,28,1,"container2",world,12.1898,2.93508,0,0.0875526,0,0,0,0.0875526,0,0,0,0.202069
242452000000,/,drone1,29,0,"container1",world,10.7153,-4.85572,0,0.0876677,0,0,0,0.0876677,0,0,0,0.202121
242452000000,/,drone2,30,0,"container1",world,10.5149,-6.57425,0,0.0876111,0,0,0,0.0876111,0,0,0,0.20217
242516000000,/,drone3,26,2,"container3",world,10.5446,10.3207,0,0.0878355,0,0,0,0.0878355,0,0,0,0.203037
242516000000,/,drone2,28,1,"container2",world,12.186,2.9349,0,0.0878818,0,0,0,0.0878818,0,0,0,0.202588
242516000000,/,drone1,29,0,"container1",world,10.7139,-4.8552,0,0.087839,0,0,0,0.087839,0,0,0,0.202438
242516000000,/,drone2,30,0,"container1",world,10.5165,-6.57703,0,0.0877823,0,0,0,0.0877823,0,0,0,0.202467
242600000000,/,drone3,26,2,"container3",world,10.543,10.32,0,0.0878932,0,0,0,0.0878932,0,0,0,0.203019
242600000000,/,drone2,28,1,"container2",world,12.1833,2.93549,0,0.0882059,0,0,0,0.0882059,0,0,0,0.203137
242600000000,/,drone1,29,0,"container1",world,10.7109,-4.85464,0,0.0880255,0,0,0,0.0880255,0,0,0,0.202798
242600000000,/,drone2,30,0,"container1",world,10.5172,-6.58056,0,0.0881056,0,0,0,0.0881056,0,0,0,0.203034
242680000000,/,drone3,26,2,"container3",world,10.5422,10.3196,0,0.0879221,0,0,0,0.0879221,0,0,0,0.20301
242680000000,/,drone2,28,1,"container2",world,12.1779,2.93558,0,0.0879249,0,0,0,0.0879249,0,0,0,0.20264
242680000000,/,drone1,29,0,"container1",world,10.7084,-4.85454,0,0.0878846,0,0,0,0.0878846,0,0,0,0.202573
242680000000,/,drone2,30,0,"container1",world,10.5134,-6.58441,0,0.0879019,0,0,0,0.0879019,0,0,0,0.20267
242752000000,/,drone3,26,2,"container3",world,10.5418,10.3194,0,0.0879365,0,0,0,0.0879365,0,0,0,0.203006
242752000000,/,drone2,28,1,"container2",world,12.1717,2.93726,0,0.0879502,0,0,0,0.0879502,0,0,0,0.202704
242752000000,/,drone1,29,0,"container1",world,10.7042,-4.85567,0,0.0879057,0,0,0,0.0879057,0,0,0,0.202644
242752000000,/,drone2,30,0,"container1",world,10.5063,-6.58447,0,0.0878951,0,0,0,0.0878951,0,0,0,0.20266
242800000000,/,drone3,26,2,"container3",world,10.5416,10.3193,0,0.0879437,0,0,0,0.0879437,0,0,0,0.203004
242800000000,/,drone2,28,1,"container2",world,12.168,2.93916,0,0.0877482,0,0,0,0.0877482,0,0,0,0.202348
242800000000,/,drone1,29,0,"container1",world,10.6981,-4.85817,0,0.0877065,0,0,0,0.0877065,0,0,0,0.202303
242800000000,/,drone2,30,0,"container1",world,10.5028,-6.58229,0,0.0876848,0,0,0,0.0876848,0,0,0,0.202274
242884000000,/,drone3,26,2,"container3",world,10.5291,10.3158,0,0.0879968,0,0,0,0.0879968,0,0,0,0.202845
242884000000,/,drone2,28,1,"container2",world,12.1544,2.94231,0,0.0879464,0,0,0,0.0879464,0,0,0,0.202654
242884000000,/,drone1,29,0,"container1",world,10.6908,-4.86121,0,0.0878401,0,0,0,0.0878401,0,0,0,0.20255
242884000000,/,drone2,30,0,"container1",world,10.5003,-6.57955,0,0.0878152,0,0,0,0.0878152,0,0,0,0.202494
242912000000,/,drone3,26,2,"container3",world,10.5185,10.3135,0,0.0882647,0,0,0,0.0882647,0,0,0,0.203199
242912000000,/,drone2,28,1,"container2",world,12.1472,2.94492,0,0.0883502,0,0,0,0.0883502,0,0,0,0.203371
242912000000,/,drone1,29,0,"container1",world,10.6831,-4.86424,0,0.088143,0,0,0,0.088143,0,0,0,0.203095
242912000000,/,drone2,30,0,"container1",world,10.4987,-6.57476,0,0.0881188,0,0,0,0.0881188,0,0,0,0.203023
242980000000,/,drone3,26,2,"container3",world,10.5126,10.3124,0,0.0882649,0,0,0,0.0882649,0,0,0,0.203153
242980000000,/,drone2,28,1,"container2",world,12.1454,2.94768,0,0.0881276,0,0,0,0.0881276,0,0,0,0.203001
242980000000,/,drone1,29,0,"container1",world,10.6783,-4.86494,0,0.0880372,0,0,0,0.0880372,0,0,0,0.202921
242980000000,/,drone2,30,0,"container1",world,10.498,-6.56844,0,0.0880156,0,0,0,0.0880156,0,0,0,0.202842
243008000000,/,drone3,26,2,"container3",world,10.5109,10.3116,0,0.0880343,0,0,0,0.0880343,0,0,0,0.202736
243008000000,/,drone2,28,1,"container2",world,12.1428,2.94962,0,0.0879557,0,0,0,0.0879557,0,0,0,0.202707
243008000000,/,drone1,29,0,"container1",world,10.6753,-4.86491,0,0.0878739,0,0,0,0.0878739,0,0,0,0.202636
243008000000,/,drone2,30,0,"container1",world,10.4976,-6.56527,0,0.0879639,0,0,0,0.0879639,0,0,0,0.202751
243080000000,/,drone3,26,2,"container3",world,10.5101,10.3113,0,0.0879182,0,0,0,0.0879182,0,0,0,0.202525
243080000000,/,drone2,28,1,"container2",world,12.1422,2.9501,0,0.0879126,0,0,0,0.0879126,0,0,0,0.202634
243080000000,/,drone1,29,0,"container1",world,10.6722,-4.86413,0,0.0880067,0,0,0,0.0880067,0,0,0,0.202881
243080000000,/,drone2,30,0,"container1",world,10.4974,-6.56368,0,0.087938,0,0,0,0.087938,0,0,0,0.202705
243100000000,/,drone3,26,2,"container3",world,10.5131,10.3112,0,0.0880751,0,0,0,0.0880751,0,0,0,0.202826
243100000000,/,drone2,28,1,"container2",world,12.1454,2.95593,0,0.0879896,0,0,0,0.0879896,0,0,0,0.2028
243100000000,/,drone1,29,0,"container1",world,10.6699,-4.86341,0,0.0879521,0,0,0,0.0879521,0,0,0,0.20279
243100000000,/,drone2,30,0,"container1",world,10.5001,-6.54983,0,0.0879117,0,0,0,0.0879117,0,0,0,0.202659
243176000000,/,drone3,26,2,"container3",world,10.5185,10.3116,0,0.0879209,0,0,0,0.0879209,0,0,0,0.20258
243176000000,/,drone2,28,1,"container2",world,12.1452,2.95933,0,0.0877825,0,0,0,0.0877825,0,0,0,0.202445
243176000000,/,drone1,29,0,"container1",world,10.668,-4.86266,0,0.0878155,0,0,0,0.0878155,0,0,0,0.202546
243176000000,/,drone2,30,0,"container1",world,10.5022,-6.53875,0,0.08779,0,0,0,0.08779,0,0,0,0.202439
243200000000,/,drone3,26,2,"container3",world,10.5195,10.3116,0,0.0880995,0,0,0,0.0880995,0,0,0,0.202917
243200000000,/,drone2,28,1,"container2",world,12.1477,2.96298,0,0.0881159,0,0,0,0.0881159,0,0,0,0.203033
243200000000,/,drone1,29,0,"container1",world,10.6649,-4.86248,0,0.0880055,0,0,0,0.0880055,0,0,0,0.202869
243200000000,/,drone2,30,0,"container1",world,10.5057,-6.52369,0,0.0879889,0,0,0,0.0879889,0,0,0,0.202777
243244000000,/,drone3,26,2,"container3",world,10.5184,10.3114,0,0.0880643,0,0,0,0.0880643,0,0,0,0.202875
243244000000,/,drone2,28,1,"container2",world,12.1494,2.96501,0,0.0880142,0,0,0,0.0880142,0,0,0,0.202859
243244000000,/,drone1,29,0,"container1",world,10.6628,-4.86194,0,0.087978,0,0,0,0.087978,0,0,0,0.202814
243244000000,/,drone2,30,0,"container1",world,10.5087,-6.51032,0,0.0879662,0,0,0,0.0879662,0,0,0,0.202731
243292000000,/,drone3,26,2,"container3",world,10.5168,10.3114,0,0.0879341,0,0,0,0.0879341,0,0,0,0.20266
243292000000,/,drone2,28,1,"container2",world,12.1495,2.9673,0,0.0881689,0,0,0,0.0881689,0,0,0,0.203138
243292000000,/,drone1,29,0,"container1",world,10.6586,-4.86241,0,0.0882013,0,0,0,0.0882013,0,0,0,0.203204
243292000000,/,drone2,30,0,"container1",world,10.5119,-6.48948,0,0.088193,0,0,0,0.088193,0,0,0,0.203127
243344000000,/,drone3,26,2,"container3",world,10.5145,10.3113,0,0.0882157,0,0,0,0.0882157,0,0,0,0.203177
243344000000,/,drone2,28,1,"container2",world,12.1483,2.96725,0,0.0883792,0,0,0,0.0883792,0,0,0,0.203514
243344000000,/,drone1,29,0,"container1",world,10.6551,-4.86288,0,0.0881792,0,0,0,0.0881792,0,0,0,0.203167
243344000000,/,drone2,30,0,"container1",world,10.5134,-6.47913,0,0.0883056,0,0,0,0.0883056,0,0,0,0.203324
243392000000,/,drone3,26,2,"container3",world,10.5105,10.3111,0,0.0880968,0,0,0,0.0880968,0,0,0,0.202997
243392000000,/,drone2,28,1,"container2",world,12.1474,2.9675,0,0.0880485,0,0,0,0.0880485,0,0,0,0.202946
243392000000,/,drone1,29,0,"container1",world,10.6511,-4.86265,0,0.0879382,0,0,0,0.0879382,0,0,0,0.202737
243392000000,/,drone2,30,0,"container1",world,10.5151,-6.45915,0,0.0881092,0,0,0,0.0881092,0,0,0,0.202982
243424000000,/,drone3,26,2,"container3",world,10.5071,10.311,0,0.0879254,0,0,0,0.0879254,0,0,0,0.202711
243424000000,/,drone2,28,1,"container2",world,12.1472,2.96811,0,0.087799,0,0,0,0.087799,0,0,0,0.202505
243424000000,/,drone1,29,0,"container1",world,10.6491,-4.86254,0,0.0878168,0,0,0,0.0878168,0,0,0,0.20252
243424000000,/,drone2,30,0,"container1",world,10.5158,-6.4423,0,0.0879014,0,0,0,0.0879014,0,0,0,0.202613
243496000000,/,drone3,26,2,"container3",world,10.5029,10.3109,0,0.0880515,0,0,0,0.0880515,0,0,0,0.20296
243496000000,/,drone2,28,1,"container2",world,12.1478,2.96988,0,0.0880583,0,0,0,0.0880583,0,0,0,0.202978
243496000000,/,drone1,29,0,"container1",world,10.6467,-4.86113,0,0.0879723,0,0,0,0.0879723,0,0,0,0.202798
243496000000,/,drone2,30,0,"container1",world,10.5163,-6.41849,0,0.0880135,0,0,0,0.0880135,0,0,0,0.202817
243544000000,/,drone3,26,2,"container3",world,10.5007,10.3109,0,0.0881143,0,0,0,0.0881143,0,0,0,0.203084
243544000000,/,drone2,28,1,"container2",world,12.1492,2.97095,0,0.0880021,0,0,0,0.0880021,0,0,0,0.202882
243544000000,/,drone1,29,0,"container1",world,10.6451,-4.85981,0,0.0879296,0,0,0,0.0879296,0,0,0,0.202723
243544000000,/,drone2,30,0,"container1",world,10.5177,-6.3997,0,0.0879494,0,0,0,0.0879494,0,0,0,0.202707
243592000000,/,drone3,26,2,"container3",world,10.4997,10.3109,0,0.0881457,0,0,0,0.0881457,0,0,0,0.203146
243592000000,/,drone2,28,1,"container2",world,12.1666,2.868,0,0.0879493,0,0,0,0.0879493,0,0,0,0.202778
243592000000,/,drone1,29,0,"container1",world,10.6435,-4.85783,0,0.0877016,0,0,0,0.0877016,0,0,0,0.202305
243592000000,/,drone2,30,0,"container1",world,10.5192,-6.37438,0,0.0877111,0,0,0,0.0877111,0,0,0,0.202275
243612000000,/,drone3,26,2,"container3",world,10.4942,10.3115,0,0.0881837,0,0,0,0.0881837,0,0,0,0.203215
243612000000,/,drone2,28,1,"container2",world,12.1571,2.95088,0,0.0881362,0,0,0,0.0881362,0,0,0,0.203096
243612000000,/,drone1,29,0,"container1",world,10.6423,-4.85614,0,0.0879454,0,0,0,0.0879454,0,0,0,0.202725
243612000000,/,drone2,30,0,"container1",world,10.521,-6.35307,0,0.0879498,0,0,0,0.0879498,0,0,0,0.202689
243688000000,/,drone3,26,2,"container3",world,10.4902,10.3122,0,0.0879684,0,0,0,0.0879684,0,0,0,0.202836
243688000000,/,drone2,28,1,"container2",world,12.1559,2.97295,0,0.0878335,0,0,0,0.0878335,0,0,0,0.202553
243688000000,/,drone1,29,0,"container1",world,10.641,-4.85371,0,0.0881828,0,0,0,0.0881828,0,0,0,0.203137
243688000000,/,drone2,30,0,"container1",world,10.5246,-6.32708,0,0.0878364,0,0,0,0.0878364,0,0,0,0.202483
243708000000,/,drone3,26,2,"container3",world,10.4879,10.3126,0,0.0882069,0,0,0,0.0882069,0,0,0,0.203263
243708000000,/,drone2,28,1,"container2",world,12.1563,2.97885,0,0.0882789,0,0,0,0.0882789,0,0,0,0.203342
243708000000,/,drone1,29,0,"container1",world,10.6403,-4.8525,0,0.0883006,0,0,0,0.0883006,0,0,0,0.203341
243708000000,/,drone2,30,0,"container1",world,10.5277,-6.30568,0,0.0881287,0,0,0,0.0881287,0,0,0,0.203
243772000000,/,drone3,26,2,"container3",world,10.4866,10.3128,0,0.0881912,0,0,0,0.0881912,0,0,0,0.203243
243772000000,/,drone2,28,1,"container2",world,12.1566,2.98089,0,0.0881291,0,0,0,0.0881291,0,0,0,0.203085
243772000000,/,drone1,29,0,"container1",world,10.6401,-4.85106,0,0.0881068,0,0,0,0.0881068,0,0,0,0.203001
243772000000,/,drone2,30,0,"container1",world,10.5296,-6.28731,0,0.0881408,0,0,0,0.0881408,0,0,0,0.203027
243804000000,/,drone3,26,2,"container3",world,10.4856,10.3127,0,0.0879515,0,0,0,0.0879515,0,0,0,0.20282
243804000000,/,drone2,28,1,"container2",world,12.1591,2.98179,0,0.0878058,0,0,0,0.0878058,0,0,0,0.202507
243804000000,/,drone1,29,0,"container1",world,10.6401,-4.85,0,0.0879002,0,0,0,0.0879002,0,0,0,0.202632
243804000000,/,drone2,30,0,"container1",world,10.5313,-6.26419,0,0.0879174,0,0,0,0.0879174,0,0,0,0.202632
243868000000,/,drone3,26,2,"container3",world,10.4849,10.3125,0,0.0881785,0,0,0,0.0881785,0,0,0,0.203223
243868000000,/,drone2,28,1,"container2",world,12.1616,2.98229,0,0.0882471,0,0,0,0.0882471,0,0,0,0.203288
243868000000,/,drone1,29,0,"container1",world,10.6405,-4.84889,0,0.0880128,0,0,0,0.0880128,0,0,0,0.202835
243868000000,/,drone2,30,0,"container1",world,10.5321,-6.24594,0,0.0881539,0,0,0,0.0881539,0,0,0,0.203053
243900000000,/,drone3,26,2,"container3",world,10.4837,10.3124,0,0.088038,0,0,0,0.088038,0,0,0,0.202979
243900000000,/,drone2,28,1,"container2",world,12.1665,2.9829,0,0.0879785,0,0,0,0.0879785,0,0,0,0.202817
243900000000,/,drone1,29,0,"container1",world,10.641,-4.84811,0,0.087949,0,0,0,0.087949,0,0,0,0.202724
243900000000,/,drone2,30,0,"container1",world,10.5327,-6.22431,0,0.0880199,0,0,0,0.0880199,0,0,0,0.202823
243960000000,/,drone3,26,2,"container3",world,10.4824,10.3122,0,0.0878584,0,0,0,0.0878584,0,0,0,0.202657
243960000000,/,drone2,28,1,"container2",world,12.1701,2.98338,0,0.0877475,0,0,0,0.0877475,0,0,0,0.202401
243960000000,/,drone1,29,0,"container1",world,10.6417,-4.84763,0,0.0878086,0,0,0,0.0878086,0,0,0,0.202471
243960000000,/,drone2,30,0,"container1",world,10.5328,-6.20763,0,0.0878443,0,0,0,0.0878443,0,0,0,0.202512
244000000000,/,drone3,26,2,"container3",world,10.481,10.3119,0,0.0876694,0,0,0,0.0876694,0,0,0,0.202311
244000000000,/,drone2,28,1,"container2",world,12.1766,2.98561,0,0.0879009,0,0,0,0.0879009,0,0,0,0.202653
244000000000,/,drone1,29,0,"container1",world,10.6432,-4.84729,0,0.0879981,0,0,0,0.0879981,0,0,0,0.202792
244000000000,/,drone2,30,0,"container1",world,10.5335,-6.18758,0,0.0880158,0,0,0,0.0880158,0,0,0,0.202805
244036000000,/,drone3,26,2,"container3",world,10.4813,10.3123,0,0.0878098,0,0,0,0.0878098,0,0,0,0.202548
244036000000,/,drone2,28,1,"container2",world,12.1815,2.98594,0,0.0879339,0,0,0,0.0879339,0,0,0,0.202704
244036000000,/,drone1,29,0,"container1",world,10.6448,-4.84723,0,0.0879707,0,0,0,0.0879707,0,0,0,0.202737
244036000000,/,drone2,30,0,"container1",world,10.5347,-6.17152,0,0.0879797,0,0,0,0.0879797,0,0,0,0.202737
244084000000,/,drone3,26,2,"container3",world,10.4818,10.3127,0,0.0877688,0,0,0,0.0877688,0,0,0,0.202465
244084000000,/,drone2,28,1,"container2",world,12.1853,2.98694,0,0.0877764,0,0,0,0.0877764,0,0,0,0.202417
244084000000,/,drone1,29,0,"container1",world,10.6466,-4.84746,0,0.0878469,0,0,0,0.0878469,0,0,0,0.202512
244084000000,/,drone2,30,0,"container1",world,10.536,-6.1549,0,0.0878515,0,0,0,0.0878515,0,0,0,0.202505
244144000000,/,drone3,26,2,"container3",world,10.4821,10.3132,0,0.0880974,0,0,0,0.0880974,0,0,0,0.203042
244144000000,/,drone2,28,1,"container2",world,12.1863,2.98656,0,0.0879123,0,0,0,0.0879123,0,0,0,0.202657
244144000000,/,drone1,29,0,"container1",world,10.6493,-4.84824,0,0.0880003,0,0,0,0.0880003,0,0,0,0.202787
244144000000,/,drone2,30,0,"container1",world,10.5367,-6.14656,0,0.0877871,0,0,0,0.0877871,0,0,0,0.202389
244192000000,/,drone3,26,2,"container3",world,10.4834,10.3141,0,0.088006,0,0,0,0.088006,0,0,0,0.20288
244192000000,/,drone2,28,1,"container2",world,12.1866,2.98779,0,0.0878179,0,0,0,0.0878179,0,0,0,0.202491
244192000000,/,drone1,29,0,"container1",world,10.6529,-4.84924,0,0.0878466,0,0,0,0.0878466,0,0,0,0.202514
244192000000,/,drone2,30,0,"container1",world,10.5371,-6.14238,0,0.0877549,0,0,0,0.0877549,0,0,0,0.202331
244232000000,/,drone3,26,2,"container3",world,10.4847,10.3148,0,0.0878505,0,0,0,0.0878505,0,0,0,0.2026
244232000000,/,drone2,28,1,"container2",world,12.1983,2.99325,0,0.0880738,0,0,0,0.0880738,0,0,0,0.202944
244232000000,/,drone1,29,0,"container1",world,10.6556,-4.85002,0,0.0881188,0,0,0,0.0881188,0,0,0,0.202997
244232000000,/,drone2,30,0,"container1",world,10.5398,-6.09422,0,0.0880735,0,0,0,0.0880735,0,0,0,0.202903
244268000000,/,drone3,26,2,"container3",world,10.4865,10.3159,0,0.0879888,0,0,0,0.0879888,0,0,0,0.202844
244268000000,/,drone2,28,1,"container2",world,12.2089,2.99573,0,0.0879927,0,0,0,0.0879927,0,0,0,0.202807
244268000000,/,drone1,29,0,"container1",world,10.6582,-4.85094,0,0.0880023,0,0,0,0.0880023,0,0,0,0.202797
244268000000,/,drone2,30,0,"container1",world,10.542,-6.05459,0,0.0879795,0,0,0,0.0879795,0,0,0,0.202747
244320000000,/,drone3,26,2,"container3",world,10.4884,10.3168,0,0.0879376,0,0,0,0.0879376,0,0,0,0.202752
244320000000,/,drone2,28,1,"container2",world,12.213,2.99682,0,0.0879122,0,0,0,0.0879122,0,0,0,0.202666
244320000000,/,drone1,29,0,"container1",world,10.6595,-4.85141,0,0.0879438,0,0,0,0.0879438,0,0,0,0.202696
244320000000,/,drone2,30,0,"container1",world,10.5431,-6.03472,0,0.0879324,0,0,0,0.0879324,0,0,0,0.202669
244368000000,/,drone3,26,2,"container3",world,10.4906,10.318,0,0.0877054,0,0,0,0.0877054,0,0,0,0.202324
244368000000,/,drone2,28,1,"container2",world,12.2225,2.9995,0,0.0875817,0,0,0,0.0875817,0,0,0,0.20206
244368000000,/,drone1,29,0,"container1",world,10.6614,-4.8522,0,0.0877083,0,0,0,0.0877083,0,0,0,0.202268
244368000000,/,drone2,30,0,"container1",world,10.5455,-6.00733,0,0.0877025,0,0,0,0.0877025,0,0,0,0.202253
244412000000,/,drone3,26,2,"container3",world,10.4926,10.319,0,0.0879472,0,0,0,0.0879472,0,0,0,0.202738
244412000000,/,drone2,28,1,"container2",world,12.2282,3.00166,0,0.0880364,0,0,0,0.0880364,0,0,0,0.202854
244412000000,/,drone1,29,0,"container1",world,10.6632,-4.85286,0,0.0879484,0,0,0,0.0879484,0,0,0,0.202685
244412000000,/,drone2,30,0,"container1",world,10.5484,-5.98382,0,0.0879455,0,0,0,0.0879455,0,0,0,0.202676
244468000000,/,drone3,26,2,"container3",world,10.4953,10.3199,0,0.0879454,0,0,0,0.0879454,0,0,0,0.202728
244468000000,/,drone2,28,1,"container2",world,12.2311,3.00338,0,0.0879667,0,0,0,0.0879667,0,0,0,0.202729
244468000000,/,drone1,29,0,"container1",world,10.6649,-4.85347,0,0.087946,0,0,0,0.087946,0,0,0,0.202678
244468000000,/,drone2,30,0,"container1",world,10.5509,-5.9641,0,0.0879445,0,0,0,0.0879445,0,0,0,0.202672
244516000000,/,drone3,26,2,"container3",world,10.4996,10.3213,0,0.0881827,0,0,0,0.0881827,0,0,0,0.203141
244516000000,/,drone2,28,1,"container2",world,12.2324,3.00303,0,0.0880686,0,0,0,0.0880686,0,0,0,0.202908
244516000000,/,drone1,29,0,"container1",world,10.6672,-4.85419,0,0.088183,0,0,0,0.088183,0,0,0,0.203096
244516000000,/,drone2,30,0,"container1",world,10.5521,-5.95424,0,0.0879439,0,0,0,0.0879439,0,0,0,0.20267
244564000000,/,drone3,26,2,"container3",world,10.5028,10.3225,0,0.0881678,0,0,0,0.0881678,0,0,0,0.203115
244564000000,/,drone2,28,1,"container2",world,12.2325,3.00309,0,0.0880272,0,0,0,0.0880272,0,0,0,0.202837
244564000000,/,drone1,29,0,"container1",world,10.6693,-4.85479,0,0.0881679,0,0,0,0.0881679,0,0,0,0.203074
244564000000,/,drone2,30,0,"container1",world,10.5527,-5.94931,0,0.0879437,0,0,0,0.0879437,0,0,0,0.202669
244632000000,/,drone3,26,2,"container3",world,10.5052,10.3237,0,0.0880399,0,0,0,0.0880399,0,0,0,0.202889
244632000000,/,drone2,28,1,"container2",world,12.2385,3.01802,0,0.0911036,0,0,0,0.0911036,0,0,0,0.208678
244632000000,/,drone1,29,0,"container1",world,10.6703,-4.85509,0,0.0881604,0,0,0,0.0881604,0,0,0,0.203063
244632000000,/,drone2,30,0,"container1",world,10.5574,-5.90067,0,0.0914784,0,0,0,0.0914784,0,0,0,0.209187
244688000000,/,drone3,26,2,"container3",world,10.5072,10.3247,0,0.0878665,0,0,0,0.0878665,0,0,0,0.202577
244688000000,/,drone2,28,1,"container2",world,12.2391,3.02145,0,0.0917694,0,0,0,0.0917694,0,0,0,0.209939
244688000000,/,drone1,29,0,"container1",world,10.6708,-4.85524,0,0.0881567,0,0,0,0.0881567,0,0,0,0.203058
244688000000,/,drone2,30,0,"container1",world,10.5595,-5.8787,0,0.0930752,0,0,0,0.0930752,0,0,0,0.212098
244700000000,/,drone3,26,2,"container3",world,10.5082,10.3253,0,0.0877793,0,0,0,0.0877793,0,0,0,0.20242
244700000000,/,drone2,28,1,"container2",world,12.2393,3.02227,0,0.0919332,0,0,0,0.0919332,0,0,0,0.210248
244700000000,/,drone1,29,0,"container1",world,10.671,-4.85531,0,0.0881548,0,0,0,0.0881548,0,0,0,0.203055
244700000000,/,drone2,30,0,"container1",world,10.5605,-5.8682,0,0.093838,0,0,0,0.093838,0,0,0,0.213482
244800000000,/,drone3,26,2,"container3",world,10.5118,10.3271,0,0.0878323,0,0,0,0.0878323,0,0,0,0.202517
244800000000,/,drone2,28,1,"container2",world,12.2392,3.02238,0,0.0915784,0,0,0,0.0915784,0,0,0,0.20986
244800000000,/,drone1,29,0,"container1",world,10.6712,-4.85535,0,0.0881538,0,0,0,0.0881538,0,0,0,0.203054
244800000000,/,drone2,30,0,"container1",world,10.5605,-5.84356,0,0.0937484,0,0,0,0.0937484,0,0,0,0.213614
244888000000,/,drone3,26,2,"container3",world,10.5163,10.329,0,0.0879684,0,0,0,0.0879684,0,0,0,0.202758
244888000000,/,drone2,28,1,"container2",world,12.2454,3.0196,0,0.0904999,0,0,0,0.0904999,0,0,0,0.208239
244888000000,/,drone1,29,0,"container1",world,10.6683,-4.86341,0,0.0881289,0,0,0,0.0881289,0,0,0,0.203018
244888000000,/,drone2,30,0,"container1",world,10.558,-5.79287,0,0.0926409,0,0,0,0.0926409,0,0,0,0.21211
244960000000,/,drone3,26,2,"container3",world,10.5207,10.3307,0,0.0877127,0,0,0,0.0877127,0,0,0,0.202291
244960000000,/,drone2,28,1,"container2",world,12.2513,3.01989,0,0.0892096,0,0,0,0.0892096,0,0,0,0.206031
244960000000,/,drone1,29,0,"container1",world,10.6656,-4.87053,0,0.0877939,0,0,0,0.0877939,0,0,0,0.202417
244960000000,/,drone2,30,0,"container1",world,10.5627,-5.74306,0,0.0912044,0,0,0,0.0912044,0,0,0,0.209852
245028000000,/,drone3,26,2,"container3",world,10.5229,10.3315,0,0.0875839,0,0,0,0.0875839,0,0,0,0.202055
245028000000,/,drone2,28,1,"container2",world,12.2604,3.02212,0,0.0888556,0,0,0,0.0888556,0,0,0,0.205394
245028000000,/,drone1,29,0,"container1",world,10.6629,-4.87633,0,0.0878621,0,0,0,0.0878621,0,0,0,0.202531
245028000000,/,drone2,30,0,"container1",world,10.5679,-5.70524,0,0.0904074,0,0,0,0.0904074,0,0,0,0.208572
245100000000,/,drone3,26,2,"container3",world,10.5301,10.3314,0,0.0878652,0,0,0,0.0878652,0,0,0,0.20255
245100000000,/,drone2,28,1,"container2",world,12.2669,3.02032,0,0.0889662,0,0,0,0.0889662,0,0,0,0.20553
245100000000,/,drone1,29,0,"container1",world,10.6612,-4.8816,0,0.088136,0,0,0,0.088136,0,0,0,0.203012
245100000000,/,drone2,30,0,"container1",world,10.573,-5.67451,0,0.0900086,0,0,0,0.0900086,0,0,0,0.20789
245200000000,/,drone3,26,2,"container3",world,10.5348,10.331,0,0.0878841,0,0,0,0.0878841,0,0,0,0.202582
245200000000,/,drone2,28,1,"container2",world,12.2728,3.01926,0,0.0885226,0,0,0,0.0885226,0,0,0,0.20466
245200000000,/,drone1,29,0,"container1",world,10.6592,-4.88741,0,0.0879112,0,0,0,0.0879112,0,0,0,0.202616
245200000000,/,drone2,30,0,"container1",world,10.5775,-5.64765,0,0.089384,0,0,0,0.089384,0,0,0,0.206737
245292000000,/,drone3,26,2,"container3",world,10.5406,10.3297,0,0.0880021,0,0,0,0.0880021,0,0,0,0.202793
245292000000,/,drone2,28,1,"container2",world,12.285,3.01874,0,0.0884085,0,0,0,0.0884085,0,0,0,0.204312
245292000000,/,drone1,29,0,"container1",world,10.6565,-4.89206,0,0.0880155,0,0,0,0.0880155,0,0,0,0.202808
245292000000,/,drone2,30,0,"container1",world,10.5801,-5.61623,0,0.0889868,0,0,0,0.0889868,0,0,0,0.205892
245372000000,/,drone3,26,2,"container3",world,10.5451,10.3284,0,0.0877361,0,0,0,0.0877361,0,0,0,0.202311
245372000000,/,drone2,28,1,"container2",world,12.2964,3.01956,0,0.0877952,0,0,0,0.0877952,0,0,0,0.203039
245372000000,/,drone1,29,0,"container1",world,10.6524,-4.89604,0,0.0877428,0,0,0,0.0877428,0,0,0,0.202318
245372000000,/,drone2,30,0,"container1",world,10.5888,-5.58465,0,0.0883518,0,0,0,0.0883518,0,0,0,0.204553
245424000000,/,drone3,26,2,"container3",world,10.5475,10.3275,0,0.0879607,0,0,0,0.0879607,0,0,0,0.202701
245424000000,/,drone2,28,1,"container2",world,12.3039,3.0204,0,0.0880146,0,0,0,0.0880146,0,0,0,0.203293
245424000000,/,drone1,29,0,"container1",world,10.6489,-4.89851,0,0.0877316,0,0,0,0.0877316,0,0,0,0.202292
245424000000,/,drone2,30,0,"container1",world,10.5993,-5.55765,0,0.0882134,0,0,0,0.0882134,0,0,0,0.20411
245500000000,/,drone3,26,2,"container3",world,10.5468,10.3261,0,0.0881895,0,0,0,0.0881895,0,0,0,0.203103
245500000000,/,drone2,28,1,"container2",world,12.3122,3.02129,0,0.0883399,0,0,0,0.0883399,0,0,0,0.203758
245500000000,/,drone1,29,0,"container1",world,10.6474,-4.8992,0,0.0880761,0,0,0,0.0880761,0,0,0,0.202901
245500000000,/,drone2,30,0,"container1",world,10.6085,-5.5333,0,0.0883491,0,0,0,0.0883491,0,0,0,0.204169
245588000000,/,drone3,26,2,"container3",world,10.542,10.3249,0,0.0880503,0,0,0,0.0880503,0,0,0,0.202863
245588000000,/,drone2,28,1,"container2",world,12.3184,3.02253,0,0.0880277,0,0,0,0.0880277,0,0,0,0.203122
245588000000,/,drone1,29,0,"container1",world,10.648,-4.89765,0,0.0878843,0,0,0,0.0878843,0,0,0,0.202565
245588000000,/,drone2,30,0,"container1",world,10.6157,-5.51373,0,0.0881459,0,0,0,0.0881459,0,0,0,0.203655
245684000000,/,drone3,26,2,"container3",world,10.5324,10.3235,0,0.0880875,0,0,0,0.0880875,0,0,0,0.202936
245684000000,/,drone2,28,1,"container2",world,12.3269,3.02498,0,0.0881009,0,0,0,0.0881009,0,0,0,0.203153
245684000000,/,drone1,29,0,"container1",world,10.649,-4.89556,0,0.0880047,0,0,0,0.0880047,0,0,0,0.202788
245684000000,/,drone2,30,0,"container1",world,10.6253,-5.49387,0,0.0881372,0,0,0,0.0881372,0,0,0,0.203475
245752000000,/,drone3,26,2,"container3",world,10.5226,10.3219,0,0.0877809,0,0,0,0.0877809,0,0,0,0.202387
245752000000,/,drone2,28,1,"container2",world,12.3381,3.02859,0,0.0876306,0,0,0,0.0876306,0,0,0,0.202218
245752000000,/,drone1,29,0,"container1",world,10.6515,-4.89225,0,0.087739,0,0,0,0.087739,0,0,0,0.202312
245752000000,/,drone2,30,0,"container1",world,10.6339,-5.47796,0,0.0878065,0,0,0,0.0878065,0,0,0,0.202729
245804000000,/,drone3,26,2,"container3",world,10.5171,10.3206,0,0.0878624,0,0,0,0.0878624,0,0,0,0.202527
245804000000,/,drone2,28,1,"container2",world,12.3473,3.03249,0,0.0878693,0,0,0,0.0878693,0,0,0,0.202584
245804000000,/,drone1,29,0,"container1",world,10.6553,-4.88804,0,0.0877308,0,0,0,0.0877308,0,0,0,0.202291
245804000000,/,drone2,30,0,"container1",world,10.6431,-5.46084,0,0.0878773,0,0,0,0.0878773,0,0,0,0.202737
245900000000,/,drone3,26,2,"container3",world,10.5146,10.3187,0,0.0881416,0,0,0,0.0881416,0,0,0,0.203019
245900000000,/,drone2,28,1,"container2",world,12.3512,3.03356,0,0.088289,0,0,0,0.088289,0,0,0,0.20329
245900000000,/,drone1,29,0,"container1",world,10.6579,-4.8851,0,0.0880766,0,0,0,0.0880766,0,0,0,0.202903
245900000000,/,drone2,30,0,"container1",world,10.6501,-5.44061,0,0.0881544,0,0,0,0.0881544,0,0,0,0.203143
245988000000,/,drone3,26,2,"container3",world,10.5138,10.3163,0,0.0879178,0,0,0,0.0879178,0,0,0,0.202627
245988000000,/,drone2,28,1,"container2",world,12.3502,3.0338,0,0.0878543,0,0,0,0.0878543,0,0,0,0.2025
245988000000,/,drone1,29,0,"container1",world,10.6613,-4.88179,0,0.0878851,0,0,0,0.0878851,0,0,0,0.202569
245988000000,/,drone2,30,0,"container1",world,10.6646,-5.41333,0,0.0879345,0,0,0,0.0879345,0,0,0,0.202693
246084000000,/,drone2,26,2,"container3",world,10.651,9.10451,0,0.385238,0,0,0,0.385238,0,0,0,0.828308
246084000000,/,drone2,28,1,"container2",world,12.3517,3.03358,0,0.0879531,0,0,0,0.0879531,0,0,0,0.202674
246084000000,/,drone1,29,0,"container1",world,10.6645,-4.87925,0,0.0878852,0,0,0,0.0878852,0,0,0,0.202579
246084000000,/,drone2,30,0,"container1",world,10.6833,-5.38217,0,0.0879243,0,0,0,0.0879243,0,0,0,0.202642
246148000000,/,drone2,26,2,"container3",world,10.6477,9.14078,0,0.327644,0,0,0,0.327644,0,0,0,0.730145
246148000000,/,drone2,28,1,"container2",world,12.3562,3.03418,0,0.0880706,0,0,0,0.0880706,0,0,0,0.202869
246148000000,/,drone1,29,0,"container1",world,10.6661,-4.87798,0,0.0878852,0,0,0,0.0878852,0,0,0,0.202585
246148000000,/,drone2,30,0,"container1",world,10.7022,-5.35187,0,0.0880727,0,0,0,0.0880727,0,0,0,0.202872
246224000000,/,drone2,26,2,"container3",world,10.644,9.18793,0,0.278132,0,0,0,0.278132,0,0,0,0.636402
246224000000,/,drone2,28,1,"container2",world,12.3594,3.03466,0,0.0878829,0,0,0,0.0878829,0,0,0,0.20253
246224000000,/,drone1,29,0,"container1",world,10.6673,-4.8772,0,0.0876788,0,0,0,0.0876788,0,0,0,0.20221
246224000000,/,drone2,30,0,"container1",world,10.7187,-5.32829,0,0.0879157,0,0,0,0.0879157,0,0,0,0.202579
246304000000,/,drone2,26,2,"container3",world,10.6399,9.24393,0,0.233507,0,0,0,0.233507,0,0,0,0.543109
246304000000,/,drone2,28,1,"container2",world,12.3638,3.0356,0,0.0881699,0,0,0,0.0881699,0,0,0,0.20305
246304000000,/,drone1,29,0,"container1",world,10.6657,-4.87899,0,0.0880509,0,0,0,0.0880509,0,0,0,0.202864
246304000000,/,drone2,30,0,"container1",world,10.7341,-5.30891,0,0.0880524,0,0,0,0.0880524,0,0,0,0.202827
246400000000,/,drone2,26,2,"container3",world,10.6374,9.30392,0,0.192701,0,0,0,0.192701,0,0,0,0.450672
246400000000,/,drone2,28,1,"container2",world,12.369,3.03606,0,0.0879443,0,0,0,0.0879443,0,0,0,0.202661
246400000000,/,drone1,29,0,"container1",world,10.6655,-4.88162,0,0.087872,0,0,0,0.087872,0,0,0,0.202549
246400000000,/,drone2,30,0,"container1",world,10.7457,-5.29311,0,0.0878898,0,0,0,0.0878898,0,0,0,0.202546
246480000000,/,drone2,26,2,"container3",world,10.6396,9.36261,0,0.157078,0,0,0,0.157078,0,0,0,0.362047
246480000000,/,drone2,28,1,"container2",world,12.3799,3.03902,0,0.0879821,0,0,0,0.0879821,0,0,0,0.202747
246480000000,/,drone1,29,0,"container1",world,10.6657,-4.88434,0,0.0878786,0,0,0,0.0878786,0,0,0,0.20257
246480000000,/,drone2,30,0,"container1",world,10.7517,-5.27608,0,0.0879032,0,0,0,0.0879032,0,0,0,0.20259
246580000000,/,drone2,26,2,"container3",world,10.6439,9.39344,0,0.129627,0,0,0,0.129627,0,0,0,0.295345
246580000000,/,drone2,28,1,"container2",world,12.3826,3.03975,0,0.0879915,0,0,0,0.0879915,0,0,0,0.202769
246580000000,/,drone1,29,0,"container1",world,10.6665,-4.88679,0,0.0880328,0,0,0,0.0880328,0,0,0,0.202833
246580000000,/,drone2,30,0,"container1",world,10.7547,-5.26757,0,0.0879099,0,0,0,0.0879099,0,0,0,0.202612
246644000000,/,drone2,26,2,"container3",world,10.648,9.40115,0,0.114091,0,0,0,0.114091,0,0,0,0.254354
246644000000,/,drone2,28,1,"container2",world,12.3888,3.04349,0,0.0876781,0,0,0,0.0876781,0,0,0,0.202204
246644000000,/,drone1,29,0,"container1",world,10.6676,-4.8891,0,0.0882259,0,0,0,0.0882259,0,0,0,0.203171
246644000000,/,drone2,30,0,"container1",world,10.7563,-5.25885,0,0.0877052,0,0,0,0.0877052,0,0,0,0.202249
246704000000,/,drone2,26,2,"container3",world,10.6589,9.40037,0,0.109833,0,0,0,0.109833,0,0,0,0.238353
246704000000,/,drone2,28,1,"container2",world,12.4071,3.04424,0,0.088179,0,0,0,0.088179,0,0,0,0.203102
246704000000,/,drone1,29,0,"container1",world,10.6678,-4.89013,0,0.088069,0,0,0,0.088069,0,0,0,0.2029
246704000000,/,drone2,30,0,"container1",world,10.7569,-5.24728,0,0.0880755,0,0,0,0.0880755,0,0,0,0.202913
246800000000,/,drone2,26,2,"container3",world,10.6698,9.40716,0,0.10787,0,0,0,0.10787,0,0,0,0.234024
246800000000,/,drone2,28,1,"container2",world,12.4217,3.04441,0,0.0878227,0,0,0,0.0878227,0,0,0,0.202482
246800000000,/,drone1,29,0,"container1",world,10.6672,-4.89002,0,0.088229,0,0,0,0.088229,0,0,0,0.203185
246800000000,/,drone2,30,0,"container1",world,10.7594,-5.23353,0,0.0878933,0,0,0,0.0878933,0,0,0,0.202605
246880000000,/,drone2,26,2,"container3",world,10.6764,9.4226,0,0.106857,0,0,0,0.106857,0,0,0,0.234971
246880000000,/,drone2,28,1,"container2",world,12.4329,3.04464,0,0.0880025,0,0,0,0.0880025,0,0,0,0.202815
246880000000,/,drone1,29,0,"container1",world,10.6671,-4.88982,0,0.0880576,0,0,0,0.0880576,0,0,0,0.202889
246880000000,/,drone2,30,0,"container1",world,10.7631,-5.21309,0,0.0878961,0,0,0,0.0878961,0,0,0,0.202628
246964000000,/,drone2,26,2,"container3",world,10.6754,9.42522,0,0.106572,0,0,0,0.106572,0,0,0,0.235185
246964000000,/,drone2,28,1,"container2",world,12.436,3.04568,0,0.0881449,0,0,0,0.0881449,0,0,0,0.203054
246964000000,/,drone1,29,0,"container1",world,10.6658,-4.88842,0,0.0881219,0,0,0,0.0881219,0,0,0,0.202991
246964000000,/,drone2,30,0,"container1",world,10.7718,-5.18681,0,0.0880466,0,0,0,0.0880466,0,0,0,0.202892
247040000000,/,drone2,26,2,"container3",world,10.7027,9.3628,0,0.132322,0,0,0,0.132322,0,0,0,0.284719
247040000000,/,drone2,28,1,"container2",world,12.4364,3.04548,0,0.0878323,0,0,0,0.0878323,0,0,0,0.202496
247040000000,/,drone1,29,0,"container1",world,10.6636,-4.88708,0,0.087923,0,0,0,0.087923,0,0,0,0.202633
247040000000,/,drone2,30,0,"container1",world,10.782,-5.16139,0,0.0878891,0,0,0,0.0878891,0,0,0,0.202611
247104000000,/,drone2,26,2,"container3",world,10.7043,9.36202,0,0.13621,0,0,0,0.13621,0,0,0,0.292034
247104000000,/,drone2,28,1,"container2",world,12.4354,3.0456,0,0.0882094,0,0,0,0.0882094,0,0,0,0.20317
247104000000,/,drone1,29,0,"container1",world,10.6616,-4.88596,0,0.0880381,0,0,0,0.0880381,0,0,0,0.202843
247104000000,/,drone2,30,0,"container1",world,10.7909,-5.14181,0,0.0881584,0,0,0,0.0881584,0,0,0,0.20309
247200000000,/,drone2,26,2,"container3",world,10.7046,9.36273,0,0.137144,0,0,0,0.137144,0,0,0,0.293814
247200000000,/,drone2,28,1,"container2",world,12.4348,3.04618,0,0.0881891,0,0,0,0.0881891,0,0,0,0.203134
247200000000,/,drone1,29,0,"container1",world,10.6593,-4.88561,0,0.0882137,0,0,0,0.0882137,0,0,0,0.203156
247200000000,/,drone2,30,0,"container1",world,10.7952,-5.13211,0,0.0882919,0,0,0,0.0882919,0,0,0,0.203327
247288000000,/,drone2,26,2,"container3",world,10.7059,9.36343,0,0.137394,0,0,0,0.137394,0,0,0,0.294287
247288000000,/,drone2,28,1,"container2",world,12.4334,3.04542,0,0.0882315,0,0,0,0.0882315,0,0,0,0.203213
247288000000,/,drone1,29,0,"container1",world,10.6587,-4.88488,0,0.0880499,0,0,0,0.0880499,0,0,0,0.202874
247288000000,/,drone2,30,0,"container1",world,10.7974,-5.12727,0,0.0883584,0,0,0,0.0883584,0,0,0,0.203445
247364000000,/,drone2,26,2,"container3",world,10.7484,9.33995,0,0.203947,0,0,0,0.203947,0,0,0,0.4478
247364000000,/,drone2,28,1,"container2",world,12.4742,3.09102,0,0.109105,0,0,0,0.109105,0,0,0,0.243591
247364000000,/,drone1,29,0,"container1",world,10.6593,-4.88389,0,0.0881181,0,0,0,0.0881181,0,0,0,0.202984
247364000000,/,drone2,30,0,"container1",world,10.8356,-5.06169,0,0.109136,0,0,0,0.109136,0,0,0,0.243646
247432000000,/,drone2,26,2,"container3",world,10.7449,9.38791,0,0.180177,0,0,0,0.180177,0,0,0,0.412936
247432000000,/,drone2,28,1,"container2",world,12.4655,3.08792,0,0.106866,0,0,0,0.106866,0,0,0,0.241319
247432000000,/,drone1,29,0,"container1",world,10.6618,-4.88518,0,0.0882683,0,0,0,0.0882683,0,0,0,0.203246
247432000000,/,drone2,30,0,"container1",world,10.8478,-5.02933,0,0.1106,0,0,0,0.1106,0,0,0,0.248222
247500000000,/,drone2,26,2,"container3",world,10.7367,9.43946,0,0.15506,0,0,0,0.15506,0,0,0,0.369071
247500000000,/,drone2,28,1,"container2",world,12.4516,3.07935,0,0.102967,0,0,0,0.102967,0,0,0,0.23548
247500000000,/,drone1,29,0,"container1",world,10.6639,-4.88721,0,0.0880904,0,0,0,0.0880904,0,0,0,0.202937
247500000000,/,drone2,30,0,"container1",world,10.853,-5.00264,0,0.108476,0,0,0,0.108476,0,0,0,0.24615
247572000000,/,drone2,26,2,"container3",world,10.7284,9.48974,0,0.133861,0,0,0,0.133861,0,0,0,0.327688
247572000000,/,drone2,28,1,"container2",world,12.4419,3.07106,0,0.0988668,0,0,0,0.0988668,0,0,0,0.22861
247572000000,/,drone1,29,0,"container1",world,10.6653,-4.88905,0,0.0878919,0,0,0,0.0878919,0,0,0,0.202586
247572000000,/,drone2,30,0,"container1",world,10.8563,-4.97964,0,0.10495,0,0,0,0.10495,0,0,0,0.241022
247648000000,/,drone2,26,2,"container3",world,10.7177,9.54788,0,0.116209,0,0,0,0.116209,0,0,0,0.289421
247648000000,/,drone2,28,1,"container2",world,12.4335,3.06083,0,0.0950882,0,0,0,0.0950882,0,0,0,0.221721
247648000000,/,drone1,29,0,"container1",world,10.6663,-4.89295,0,0.0878885,0,0,0,0.0878885,0,0,0,0.202588
247648000000,/,drone2,30,0,"container1",world,10.8642,-4.95215,0,0.100854,0,0,0,0.100854,0,0,0,0.234229
247716000000,/,drone2,26,2,"container3",world,10.7119,9.59075,0,0.105067,0,0,0,0.105067,0,0,0,0.263583
247716000000,/,drone2,28,1,"container2",world,12.431,3.05608,0,0.0924657,0,0,0,0.0924657,0,0,0,0.216594
247716000000,/,drone1,29,0,"container1",world,10.6669,-4.89709,0,0.0876804,0,0,0,0.0876804,0,0,0,0.202212
247716000000,/,drone2,30,0,"container1",world,10.8748,-4.9284,0,0.0973249,0,0,0,0.0973249,0,0,0,0.227874
247800000000,/,drone2,26,2,"container3",world,10.7077,9.62621,0,0.0988227,0,0,0,0.0988227,0,0,0,0.247623
247800000000,/,drone2,28,1,"container2",world,12.4293,3.05205,0,0.091211,0,0,0,0.091211,0,0,0,0.213772
247800000000,/,drone1,29,0,"container1",world,10.6671,-4.90154,0,0.0878122,0,0,0,0.0878122,0,0,0,0.202441
247800000000,/,drone2,30,0,"container1",world,10.8881,-4.90286,0,0.094773,0,0,0,0.094773,0,0,0,0.222871
247864000000,/,drone2,26,2,"container3",world,10.7016,9.66231,0,0.0952261,0,0,0,0.0952261,0,0,0,0.237279
247864000000,/,drone2,28,1,"container2",world,12.4291,3.04534,0,0.0904859,0,0,0,0.0904859,0,0,0,0.211841
247864000000,/,drone1,29,0,"container1",world,10.6673,-4.90603,0,0.0881167,0,0,0,0.0881167,0,0,0,0.202977
247864000000,/,drone2,30,0,"container1",world,10.9018,-4.87249,0,0.0929954,0,0,0,0.0929954,0,0,0,0.218999
247940000000,/,drone2,26,2,"container3",world,10.6963,9.70031,0,0.0924506,0,0,0,0.0924506,0,0,0,0.228919
247940000000,/,drone2,28,1,"container2",world,12.4295,3.03651,0,0.0894317,0,0,0,0.0894317,0,0,0,0.209309
247940000000,/,drone1,29,0,"container1",world,10.6677,-4.91146,0,0.0879052,0,0,0,0.0879052,0,0,0,0.202606
247940000000,/,drone2,30,0,"container1",world,10.9103,-4.83875,0,0.0913662,0,0,0,0.0913662,0,0,0,0.215261
248000000000,/,drone2,26,2,"container3",world,10.6991,9.75016,0,0.090595,0,0,0,0.090595,0,0,0,0.221708
248000000000,/,drone2,28,1,"container2",world,12.4403,3.03662,0,0.0889103,0,0,0,0.0889103,0,0,0,0.207489
248000000000,/,drone1,29,0,"container1",world,10.6669,-4.91568,0,0.0880153,0,0,0,0.0880153,0,0,0,0.20281
248000000000,/,drone2,30,0,"container1",world,10.9315,-4.79296,0,0.0901697,0,0,0,0.0901697,0,0,0,0.212001
248100000000,/,drone2,26,2,"container3",world,10.7005,9.78198,0,0.0892491,0,0,0,0.0892491,0,0,0,0.21658
248100000000,/,drone2,28,1,"container2",world,12.4481,3.03737,0,0.0882447,0,0,0,0.0882447,0,0,0,0.205646
248100000000,/,drone1,29,0,"container1",world,10.6646,-4.91851,0,0.087842,0,0,0,0.087842,0,0,0,0.202505
248100000000,/,drone2,30,0,"container1",world,10.9538,-4.75392,0,0.0891529,0,0,0,0.0891529,0,0,0,0.209183
248176000000,/,drone2,26,2,"container3",world,10.7012,9.80616,0,0.0888531,0,0,0,0.0888531,0,0,0,0.213695
248176000000,/,drone2,28,1,"container2",world,12.4561,3.03947,0,0.0882338,0,0,0,0.0882338,0,0,0,0.205072
248176000000,/,drone1,29,0,"container1",world,10.6597,-4.92275,0,0.0879732,0,0,0,0.0879732,0,0,0,0.202744
248176000000,/,drone2,30,0,"container1",world,10.9776,-4.71969,0,0.0887282,0,0,0,0.0887282,0,0,0,0.207521
248260000000,/,drone2,26,2,"container3",world,10.7044,9.8315,0,0.0880417,0,0,0,0.0880417,0,0,0,0.209806
248260000000,/,drone2,28,1,"container2",world,12.4687,3.04214,0,0.0876699,0,0,0,0.0876699,0,0,0,0.203426
248260000000,/,drone1,29,0,"container1",world,10.6537,-4.92869,0,0.0877151,0,0,0,0.0877151,0,0,0,0.202278
248260000000,/,drone2,30,0,"container1",world,11.0069,-4.68759,0,0.0881198,0,0,0,0.0881198,0,0,0,0.205489
248332000000,/,drone2,26,2,"container3",world,10.7086,9.84925,0,0.0881344,0,0,0,0.0881344,0,0,0,0.208325
248332000000,/,drone2,28,1,"container2",world,12.4807,3.04591,0,0.0878689,0,0,0,0.0878689,0,0,0,0.203347
248332000000,/,drone1,29,0,"container1",world,10.6491,-4.93272,0,0.0878228,0,0,0,0.0878228,0,0,0,0.202462
248332000000,/,drone2,30,0,"container1",world,11.033,-4.66176,0,0.0880292,0,0,0,0.0880292,0,0,0,0.204575
248400000000,/,drone2,26,2,"container3",world,10.7147,9.86337,0,0.0885105,0,0,0,0.0885105,0,0,0,0.207724
248400000000,/,drone2,28,1,"container2",world,12.4936,3.05014,0,0.0882815,0,0,0,0.0882815,0,0,0,0.203753
248400000000,/,drone1,29,0,"container1",world,10.6446,-4.93657,0,0.0881165,0,0,0,0.0881165,0,0,0,0.202978
248400000000,/,drone2,30,0,"container1",world,11.0562,-4.6418,0,0.0882265,0,0,0,0.0882265,0,0,0,0.20433
248500000000,/,drone2,26,2,"container3",world,10.7227,9.87396,0,0.0882431,0,0,0,0.0882431,0,0,0,0.206257
248500000000,/,drone2,28,1,"container2",world,12.5062,3.05441,0,0.0880195,0,0,0,0.0880195,0,0,0,0.203061
248500000000,/,drone1,29,0,"container1",world,10.6378,-4.94159,0,0.0879014,0,0,0,0.0879014,0,0,0,0.202599
248500000000,/,drone2,30,0,"container1",world,11.077,-4.62693,0,0.0880868,0,0,0,0.0880868,0,0,0,0.203636
248592000000,/,drone2,26,2,"container3",world,10.7329,9.8853,0,0.0883305,0,0,0,0.0883305,0,0,0,0.205387
248592000000,/,drone2,28,1,"container2",world,12.5166,3.0605,0,0.0880891,0,0,0,0.0880891,0,0,0,0.202965
248592000000,/,drone1,29,0,"container1",world,10.6329,-4.94554,0,0.0880106,0,0,0,0.0880106,0,0,0,0.2028
248592000000,/,drone2,30,0,"container1",world,11.0992,-4.61332,0,0.0881516,0,0,0,0.0881516,0,0,0,0.203365
248656000000,/,drone2,26,2,"container3",world,10.7463,9.89383,0,0.087953,0,0,0,0.087953,0,0,0,0.203936
248656000000,/,drone2,28,1,"container2",world,12.5351,3.06499,0,0.087695,0,0,0,0.087695,0,0,0,0.202117
248656000000,/,drone1,29,0,"container1",world,10.6311,-4.94759,0,0.0877403,0,0,0,0.0877403,0,0,0,0.202314
248656000000,/,drone2,30,0,"container1",world,11.1199,-4.60247,0,0.0878825,0,0,0,0.0878825,0,0,0,0.202605
248700000000,/,drone2,26,2,"container3",world,10.7554,9.90157,0,0.0881268,0,0,0,0.0881268,0,0,0,0.203726
248700000000,/,drone2,28,1,"container2",world,12.5488,3.07028,0,0.0878581,0,0,0,0.0878581,0,0,0,0.202336
248700000000,/,drone1,29,0,"container1",world,10.6325,-4.94858,0,0.0877304,0,0,0,0.0877304,0,0,0,0.202289
248700000000,/,drone2,30,0,"container1",world,11.1395,-4.59259,0,0.0878902,0,0,0,0.0878902,0,0,0,0.202444
248780000000,/,drone2,26,2,"container3",world,10.7591,9.9051,0,0.0886473,0,0,0,0.0886473,0,0,0,0.204449
248780000000,/,drone2,28,1,"container2",world,12.556,3.07338,0,0.0883722,0,0,0,0.0883722,0,0,0,0.20323
248780000000,/,drone1,29,0,"container1",world,10.6346,-4.94861,0,0.0879418,0,0,0,0.0879418,0,0,0,0.202669
248780000000,/,drone2,30,0,"container1",world,11.1521,-4.58624,0,0.0882494,0,0,0,0.0882494,0,0,0,0.202994
248820000000,/,drone2,26,2,"container3",world,10.7634,9.90807,0,0.088393,0,0,0,0.088393,0,0,0,0.203867
248820000000,/,drone2,28,1,"container2",world,12.5607,3.07691,0,0.088123,0,0,0,0.088123,0,0,0,0.202811
248820000000,/,drone1,29,0,"container1",world,10.6357,-4.94863,0,0.0880469,0,0,0,0.0880469,0,0,0,0.202857
248820000000,/,drone2,30,0,"container1",world,11.1623,-4.58186,0,0.0881767,0,0,0,0.0881767,0,0,0,0.202844
248888000000,/,drone2,26,2,"container3",world,10.7673,9.91057,0,0.088682,0,0,0,0.088682,0,0,0,0.20429
248888000000,/,drone2,28,1,"container2",world,12.5634,3.08109,0,0.0884203,0,0,0,0.0884203,0,0,0,0.203362
248888000000,/,drone1,29,0,"container1",world,10.6362,-4.94864,0,0.0880992,0,0,0,0.0880992,0,0,0,0.202951
248888000000,/,drone2,30,0,"container1",world,11.1714,-4.57871,0,0.0883811,0,0,0,0.0883811,0,0,0,0.203216
248912000000,/,drone2,26,2,"container3",world,10.7691,9.91155,0,0.0885483,0,0,0,0.0885483,0,0,0,0.204028
248912000000,/,drone2,28,1,"container2",world,12.5642,3.08365,0,0.0882953,0,0,0,0.0882953,0,0,0,0.20317
248912000000,/,drone1,29,0,"container1",world,10.6387,-4.94511,0,0.0881119,0,0,0,0.0881119,0,0,0,0.202981
248912000000,/,drone2,30,0,"container1",world,11.1772,-4.57659,0,0.0883495,0,0,0,0.0883495,0,0,0,0.203185
248980000000,/,drone2,26,2,"container3",world,10.7707,9.9123,0,0.0881532,0,0,0,0.0881532,0,0,0,0.203309
248980000000,/,drone2,28,1,"container2",world,12.5634,3.08726,0,0.0879173,0,0,0,0.0879173,0,0,0,0.202535
248980000000,/,drone1,29,0,"container1",world,10.6415,-4.94191,0,0.0878906,0,0,0,0.0878906,0,0,0,0.202589
248980000000,/,drone2,30,0,"container1",world,11.1777,-4.57393,0,0.0881015,0,0,0,0.0881015,0,0,0,0.202786
249000000000,/,drone2,26,2,"container3",world,10.7721,9.91263,0,0.0878951,0,0,0,0.0878951,0,0,0,0.202838
249000000000,/,drone2,28,1,"container2",world,12.5629,3.0897,0,0.0876715,0,0,0,0.0876715,0,0,0,0.202112
249000000000,/,drone1,29,0,"container1",world,10.6437,-4.93946,0,0.0876814,0,0,0,0.0876814,0,0,0,0.202212
249000000000,/,drone2,30,0,"container1",world,11.1762,-4.5717,0,0.0878759,0,0,0,0.0878759,0,0,0,0.202415
249064000000,/,drone2,26,2,"container3",world,10.7749,9.9131,0,0.0881646,0,0,0,0.0881646,0,0,0,0.203328
249064000000,/,drone2,28,1,"container2",world,12.5634,3.09331,0,0.0879591,0,0,0,0.0879591,0,0,0,0.202655
249064000000,/,drone1,29,0,"container1",world,10.6457,-4.9358,0,0.0878127,0,0,0,0.0878127,0,0,0,0.20244
249064000000,/,drone2,30,0,"container1",world,11.172,-4.56978,0,0.087993,0,0,0,0.087993,0,0,0,0.202667
249100000000,/,drone2,26,2,"container3",world,10.7767,9.91314,0,0.088053,0,0,0,0.088053,0,0,0,0.203139
249100000000,/,drone2,28,1,"container2",world,12.5639,3.09541,0,0.0878608,0,0,0,0.0878608,0,0,0,0.202501
249100000000,/,drone1,29,0,"container1",world,10.6467,-4.93246,0,0.0877677,0,0,0,0.0877677,0,0,0,0.202355
249100000000,/,drone2,30,0,"container1",world,11.1677,-4.56911,0,0.0879367,0,0,0,0.0879367,0,0,0,0.202603
249140000000,/,drone2,26,2,"container3",world,10.7789,9.91328,0,0.0885376,0,0,0,0.0885376,0,0,0,0.204018
249140000000,/,drone2,28,1,"container2",world,12.5644,3.09689,0,0.0883559,0,0,0,0.0883559,0,0,0,0.203402
249140000000,/,drone1,29,0,"container1",world,10.647,-4.92771,0,0.0879611,0,0,0,0.0879611,0,0,0,0.202704
249140000000,/,drone2,30,0,"container1",world,11.1631,-4.56882,0,0.088255,0,0,0,0.088255,0,0,0,0.203202
249184000000,/,drone2,26,2,"container3",world,10.7824,9.91267,0,0.0881284,0,0,0,0.0881284,0,0,0,0.203341
249184000000,/,drone2,28,1,"container2",world,12.5651,3.09792,0,0.087976,0,0,0,0.087976,0,0,0,0.202783
249184000000,/,drone1,29,0,"container1",world,10.6468,-4.92389,0,0.0879363,0,0,0,0.0879363,0,0,0,0.202665
249184000000,/,drone2,30,0,"container1",world,11.1598,-4.57194,0,0.0880366,0,0,0,0.0880366,0,0,0,0.202877
249224000000,/,drone2,26,2,"container3",world,10.786,9.91045,0,0.0883114,0,0,0,0.0883114,0,0,0,0.203694
249224000000,/,drone2,28,1,"container2",world,12.5676,3.10037,0,0.0881721,0,0,0,0.0881721,0,0,0,0.203156
249224000000,/,drone1,29,0,"container1",world,10.646,-4.91923,0,0.0881633,0,0,0,0.0881633,0,0,0,0.203068
249224000000,/,drone2,30,0,"container1",world,11.1579,-4.57506,0,0.088272,0,0,0,0.088272,0,0,0,0.203338
249284000000,/,drone2,26,2,"container3",world,10.7871,9.91091,0,0.0883176,0,0,0,0.0883176,0,0,0,0.20373
249284000000,/,drone2,28,1,"container2",world,12.5677,3.10016,0,0.0881909,0,0,0,0.0881909,0,0,0,0.203215
249284000000,/,drone1,29,0,"container1",world,10.6453,-4.91561,0,0.0881442,0,0,0,0.0881442,0,0,0,0.20304
249284000000,/,drone2,30,0,"container1",world,11.1567,-4.57818,0,0.0882525,0,0,0,0.0882525,0,0,0,0.203342
249316000000,/,drone2,26,2,"container3",world,10.7879,9.91049,0,0.0881275,0,0,0,0.0881275,0,0,0,0.203409
249316000000,/,drone2,28,1,"container2",world,12.5683,3.10048,0,0.0880116,0,0,0,0.0880116,0,0,0,0.202914
249316000000,/,drone1,29,0,"container1",world,10.6443,-4.91256,0,0.088015,0,0,0,0.088015,0,0,0,0.202816
249316000000,/,drone2,30,0,"container1",world,11.1556,-4.58124,0,0.0881189,0,0,0,0.0881189,0,0,0,0.203133
249384000000,/,drone2,26,2,"container3",world,10.7877,9.90946,0,0.0877961,0,0,0,0.0877961,0,0,0,0.202825
249384000000,/,drone2,28,1,"container2",world,12.5696,3.10076,0,0.0876974,0,0,0,0.0876974,0,0,0,0.202362
249384000000,/,drone1,29,0,"container1",world,10.6422,-4.90963,0,0.0877443,0,0,0,0.0877443,0,0,0,0.202327
249384000000,/,drone2,30,0,"container1",world,11.1544,-4.58582,0,0.087838,0,0,0,0.087838,0,0,0,0.202652
249400000000,/,drone2,26,2,"container3",world,10.7891,9.90855,0,0.0881919,0,0,0,0.0881919,0,0,0,0.203528
249400000000,/,drone2,28,1,"container2",world,12.571,3.10184,0,0.0881035,0,0,0,0.0881035,0,0,0,0.203081
249400000000,/,drone1,29,0,"container1",world,10.64,-4.90803,0,0.0879662,0,0,0,0.0879662,0,0,0,0.202713
249400000000,/,drone2,30,0,"container1",world,11.1539,-4.58987,0,0.0880513,0,0,0,0.0880513,0,0,0,0.203043
249448000000,/,drone2,26,2,"container3",world,10.7889,9.90763,0,0.0880979,0,0,0,0.0880979,0,0,0,0.203368
249448000000,/,drone2,28,1,"container2",world,12.5721,3.10243,0,0.0880182,0,0,0,0.0880182,0,0,0,0.202937
249448000000,/,drone1,29,0,"container1",world,10.6391,-4.90548,0,0.0878447,0,0,0,0.0878447,0,0,0,0.202493
249448000000,/,drone2,30,0,"container1",world,11.1535,-4.59369,0,0.0880321,0,0,0,0.0880321,0,0,0,0.203021
249500000000,/,drone2,26,2,"container3",world,10.7885,9.90459,0,0.0882419,0,0,0,0.0882419,0,0,0,0.203629
249500000000,/,drone2,28,1,"container2",world,12.5743,3.104,0,0.0881745,0,0,0,0.0881745,0,0,0,0.203222
249500000000,/,drone1,29,0,"container1",world,10.6386,-4.90343,0,0.0881328,0,0,0,0.0881328,0,0,0,0.203003
249500000000,/,drone2,30,0,"container1",world,11.1536,-4.5988,0,0.0882542,0,0,0,0.0882542,0,0,0,0.203427
249548000000,/,drone2,26,2,"container3",world,10.787,9.90531,0,0.0884491,0,0,0,0.0884491,0,0,0,0.203997
249548000000,/,drone2,28,1,"container2",world,12.5745,3.10382,0,0.0883855,0,0,0,0.0883855,0,0,0,0.203598
249548000000,/,drone1,29,0,"container1",world,10.6383,-4.90241,0,0.0882756,0,0,0,0.0882756,0,0,0,0.203256
249548000000,/,drone2,30,0,"container1",world,11.1536,-4.60134,0,0.0883645,0,0,0,0.0883645,0,0,0,0.203629
249592000000,/,drone2,26,2,"container3",world,10.7841,9.90378,0,0.0881062,0,0,0,0.0881062,0,0,0,0.203397
249592000000,/,drone2,28,1,"container2",world,12.5765,3.10445,0,0.0880532,0,0,0,0.0880532,0,0,0,0.203024
249592000000,/,drone1,29,0,"container1",world,10.6384,-4.90011,0,0.0879854,0,0,0,0.0879854,0,0,0,0.202747
249592000000,/,drone2,30,0,"container1",world,11.1542,-4.60538,0,0.0881613,0,0,0,0.0881613,0,0,0,0.203282
249624000000,/,drone2,26,2,"container3",world,10.7824,9.90246,0,0.0878487,0,0,0,0.0878487,0,0,0,0.202934
249624000000,/,drone2,28,1,"container2",world,12.5781,3.10485,0,0.0878026,0,0,0,0.0878026,0,0,0,0.202579
249624000000,/,drone1,29,0,"container1",world,10.6383,-4.89826,0,0.0881875,0,0,0,0.0881875,0,0,0,0.203109
249624000000,/,drone2,30,0,"container1",world,11.1544,-4.60866,0,0.0879475,0,0,0,0.0879475,0,0,0,0.202907
249692000000,/,drone2,26,2,"container3",world,10.7799,9.90058,0,0.0880974,0,0,0,0.0880974,0,0,0,0.203375
249692000000,/,drone2,28,1,"container2",world,12.5806,3.10527,0,0.0880604,0,0,0,0.0880604,0,0,0,0.203045
249692000000,/,drone1,29,0,"container1",world,10.6379,-4.89635,0,0.0880368,0,0,0,0.0880368,0,0,0,0.20285
249692000000,/,drone2,30,0,"container1",world,11.1528,-4.6121,0,0.088052,0,0,0,0.088052,0,0,0,0.2031
249732000000,/,drone2,26,2,"container3",world,10.778,9.89942,0,0.0879743,0,0,0,0.0879743,0,0,0,0.203151
249732000000,/,drone2,28,1,"container2",world,12.5818,3.10547,0,0.0879427,0,0,0,0.0879427,0,0,0,0.202839
249732000000,/,drone1,29,0,"container1",world,10.6377,-4.89539,0,0.0879611,0,0,0,0.0879611,0,0,0,0.202721
249732000000,/,drone2,30,0,"container1",world,11.1513,-4.61468,0,0.0879823,0,0,0,0.0879823,0,0,0,0.20298
249780000000,/,drone2,26,2,"container3",world,10.7757,9.89753,0,0.0876244,0,0,0,0.0876244,0,0,0,0.202495
249780000000,/,drone2,28,1,"container2",world,12.5827,3.10545,0,0.0875996,0,0,0,0.0875996,0,0,0,0.202208
249780000000,/,drone1,29,0,"container1",world,10.6379,-4.89429,0,0.0877169,0,0,0,0.0877169,0,0,0,0.202279
249780000000,/,drone2,30,0,"container1",world,11.1504,-4.61791,0,0.0877379,0,0,0,0.0877379,0,0,0,0.202531
249800000000,/,drone2,26,2,"container3",world,10.7738,9.89626,0,0.0880705,0,0,0,0.0880705,0,0,0,0.203265
249800000000,/,drone2,28,1,"container2",world,12.5831,3.10545,0,0.0880497,0,0,0,0.0880497,0,0,0,0.202994
249800000000,/,drone1,29,0,"container1",world,10.6385,-4.89345,0,0.0879526,0,0,0,0.0879526,0,0,0,0.202689
249800000000,/,drone2,30,0,"container1",world,11.15,-4.62032,0,0.0879719,0,0,0,0.0879719,0,0,0,0.202933
249876000000,/,drone2,26,2,"container3",world,10.7689,9.89425,0,0.0878271,0,0,0,0.0878271,0,0,0,0.202807
249876000000,/,drone2,28,1,"container2",world,12.5826,3.10586,0,0.0878111,0,0,0,0.0878111,0,0,0,0.20256
249876000000,/,drone1,29,0,"container1",world,10.6393,-4.89264,0,0.0878378,0,0,0,0.0878378,0,0,0,0.202481
249876000000,/,drone2,30,0,"container1",world,11.1483,-4.62275,0,0.087854,0,0,0,0.087854,0,0,0,0.20271
249900000000,/,drone2,26,2,"container3",world,10.7655,9.89314,0,0.0882859,0,0,0,0.0882859,0,0,0,0.203607
249900000000,/,drone2,28,1,"container2",world,12.582,3.10593,0,0.0882728,0,0,0,0.0882728,0,0,0,0.203374
249900000000,/,drone1,29,0,"container1",world,10.64,-4.89206,0,0.0881293,0,0,0,0.0881293,0,0,0,0.202997
249900000000,/,drone2,30,0,"container1",world,11.1462,-4.62507,0,0.0881429,0,0,0,0.0881429,0,0,0,0.203213
249964000000,/,drone2,26,2,"container3",world,10.7635,9.89199,0,0.0881984,0,0,0,0.0881984,0,0,0,0.203448
249964000000,/,drone2,28,1,"container2",world,12.5809,3.10581,0,0.0881874,0,0,0,0.0881874,0,0,0,0.203228
249964000000,/,drone1,29,0,"container1",world,10.6408,-4.89162,0,0.088141,0,0,0,0.088141,0,0,0,0.203024
249964000000,/,drone2,30,0,"container1",world,11.1442,-4.6274,0,0.0881524,0,0,0,0.0881524,0,0,0,0.203228
250000000000,/,drone2,26,2,"container3",world,10.7619,9.89004,0,0.087828,0,0,0,0.087828,0,0,0,0.202765
250000000000,/,drone2,28,1,"container2",world,12.5778,3.10533,0,0.0878197,0,0,0,0.0878197,0,0,0,0.202567
250000000000,/,drone1,29,0,"container1",world,10.6424,-4.89108,0,0.0879174,0,0,0,0.0879174,0,0,0,0.20263
250000000000,/,drone2,30,0,"container1",world,11.1428,-4.63005,0,0.0879263,0,0,0,0.0879263,0,0,0,0.202816
250044000000,/,drone2,26,2,"container3",world,10.7599,9.88881,0,0.0882563,0,0,0,0.0882563,0,0,0,0.20351
250044000000,/,drone2,28,1,"container2",world,12.5754,3.10494,0,0.0882497,0,0,0,0.0882497,0,0,0,0.203324
250044000000,/,drone1,29,0,"container1",world,10.644,-4.89046,0,0.0881538,0,0,0,0.0881538,0,0,0,0.203051
250044000000,/,drone2,30,0,"container1",world,11.1424,-4.63239,0,0.0881608,0,0,0,0.0881608,0,0,0,0.203224
250092000000,/,drone2,26,2,"container3",world,10.7559,9.8874,0,0.088043,0,0,0,0.088043,0,0,0,0.203116
250092000000,/,drone2,28,1,"container2",world,12.5702,3.10246,0,0.0880383,0,0,0,0.0880383,0,0,0,0.20295
250092000000,/,drone1,29,0,"container1",world,10.6462,-4.88944,0,0.0880198,0,0,0,0.0880198,0,0,0,0.202821
250092000000,/,drone2,30,0,"container1",world,11.1413,-4.63562,0,0.088025,0,0,0,0.088025,0,0,0,0.202977
250124000000,/,drone2,26,2,"container3",world,10.7554,9.88666,0,0.0879294,0,0,0,0.0879294,0,0,0,0.202911
250124000000,/,drone2,28,1,"container2",world,12.5674,3.1015,0,0.0879251,0,0,0,0.0879251,0,0,0,0.20275
250124000000,/,drone1,29,0,"container1",world,10.648,-4.88859,0,0.0878442,0,0,0,0.0878442,0,0,0,0.20251
250124000000,/,drone2,30,0,"container1",world,11.1407,-4.63724,0,0.0879568,0,0,0,0.0879568,0,0,0,0.202853
250176000000,/,drone2,26,2,"container3",world,10.7541,9.88448,0,0.087589,0,0,0,0.087589,0,0,0,0.202268
250176000000,/,drone2,28,1,"container2",world,12.5599,3.09888,0,0.0875859,0,0,0,0.0875859,0,0,0,0.202123
250176000000,/,drone1,29,0,"container1",world,10.6496,-4.88782,0,0.087658,0,0,0,0.087658,0,0,0,0.202173
250176000000,/,drone2,30,0,"container1",world,11.1395,-4.6406,0,0.0877158,0,0,0,0.0877158,0,0,0,0.202405
250216000000,/,drone2,26,2,"container3",world,10.754,9.88281,0,0.0880406,0,0,0,0.0880406,0,0,0,0.203045
250216000000,/,drone2,28,1,"container2",world,12.5546,3.09701,0,0.0880381,0,0,0,0.0880381,0,0,0,0.20291
250216000000,/,drone1,29,0,"container1",world,10.6511,-4.88707,0,0.0879234,0,0,0,0.0879234,0,0,0,0.202636
250216000000,/,drone2,30,0,"container1",world,11.1382,-4.64382,0,0.0879528,0,0,0,0.0879528,0,0,0,0.202807
250284000000,/,drone2,26,2,"container3",world,10.7537,9.88003,0,0.0878039,0,0,0,0.0878039,0,0,0,0.202599
250284000000,/,drone2,28,1,"container2",world,12.547,3.09391,0,0.0878022,0,0,0,0.0878022,0,0,0,0.202479
250284000000,/,drone1,29,0,"container1",world,10.6534,-4.88616,0,0.0878231,0,0,0,0.0878231,0,0,0,0.202454
250284000000,/,drone2,30,0,"container1",world,11.1355,-4.64876,0,0.0878383,0,0,0,0.0878383,0,0,0,0.202587
250352000000,/,drone2,26,2,"container3",world,10.7533,9.87805,0,0.0882667,0,0,0,0.0882667,0,0,0,0.203406
250352000000,/,drone2,28,1,"container2",world,12.5435,3.09223,0,0.0882654,0,0,0,0.0882654,0,0,0,0.203296
250352000000,/,drone1,29,0,"container1",world,10.6553,-4.88536,0,0.0881221,0,0,0,0.0881221,0,0,0,0.202984
250352000000,/,drone2,30,0,"container1",world,11.1334,-4.65291,0,0.0881299,0,0,0,0.0881299,0,0,0,0.203094
250416000000,/,drone2,26,2,"container3",world,10.7517,9.87574,0,0.0880616,0,0,0,0.0880616,0,0,0,0.203033
250416000000,/,drone2,28,1,"container2",world,12.5387,3.08893,0,0.0880607,0,0,0,0.0880607,0,0,0,0.202937
250416000000,/,drone1,29,0,"container1",world,10.6579,-4.88447,0,0.0880169,0,0,0,0.0880169,0,0,0,0.202806
250416000000,/,drone2,30,0,"container1",world,11.1303,-4.6586,0,0.0880209,0,0,0,0.0880209,0,0,0,0.202897
250500000000,/,drone2,26,2,"container3",world,10.7496,9.87172,0,0.0882485,0,0,0,0.0882485,0,0,0,0.203345
250500000000,/,drone2,28,1,"container2",world,12.5372,3.08723,0,0.0882478,0,0,0,0.0882478,0,0,0,0.203262
250500000000,/,drone1,29,0,"container1",world,10.6605,-4.8835,0,0.0882031,0,0,0,0.0882031,0,0,0,0.203138
250500000000,/,drone2,30,0,"container1",world,11.1268,-4.6654,0,0.0882052,0,0,0,0.0882052,0,0,0,0.203214
250584000000,/,drone2,26,2,"container3",world,10.7476,9.86817,0,0.0879288,0,0,0,0.0879288,0,0,0,0.202766
250584000000,/,drone2,28,1,"container2",world,12.5339,3.08376,0,0.0879283,0,0,0,0.0879283,0,0,0,0.202695
250584000000,/,drone1,29,0,"container1",world,10.6623,-4.8827,0,0.088164,0,0,0,0.088164,0,0,0,0.203075
250584000000,/,drone2,30,0,"container1",world,11.1227,-4.67264,0,0.0880457,0,0,0,0.0880457,0,0,0,0.202928
250668000000,/,drone2,26,2,"container3",world,10.7497,9.86412,0,0.0881223,0,0,0,0.0881223,0,0,0,0.20307
250668000000,/,drone2,28,1,"container2",world,12.5291,3.07689,0,0.0881219,0,0,0,0.0881219,0,0,0,0.203013
250668000000,/,drone1,29,0,"container1",world,10.6633,-4.8823,0,0.0881445,0,0,0,0.0881445,0,0,0,0.203044
250668000000,/,drone2,30,0,"container1",world,11.1166,-4.6826,0,0.088116,0,0,0,0.088116,0,0,0,0.203029
250736000000,/,drone2,26,2,"container3",world,10.7498,9.86175,0,0.0878234,0,0,0,0.0878234,0,0,0,0.20252
250736000000,/,drone2,28,1,"container2",world,12.5287,3.07267,0,0.087823,0,0,0,0.087823,0,0,0,0.202473
250736000000,/,drone1,29,0,"container1",world,10.6677,-4.87973,0,0.0882814,0,0,0,0.0882814,0,0,0,0.203276
250736000000,/,drone2,30,0,"container1",world,11.1124,-4.69093,0,0.0879201,0,0,0,0.0879201,0,0,0,0.202667
250820000000,/,drone2,26,2,"container3",world,10.7495,9.85984,0,0.0880713,0,0,0,0.0880713,0,0,0,0.202958
250820000000,/,drone2,28,1,"container2",world,12.5285,3.06879,0,0.0880708,0,0,0,0.0880708,0,0,0,0.202918
250820000000,/,drone1,29,0,"container1",world,10.6704,-4.87847,0,0.0882171,0,0,0,0.0882171,0,0,0,0.203164
250820000000,/,drone2,30,0,"container1",world,11.1089,-4.6987,0,0.0880368,0,0,0,0.0880368,0,0,0,0.202871
250900000000,/,drone2,26,2,"container3",world,10.7497,9.85845,0,0.0877877,0,0,0,0.0877877,0,0,0,0.202445
250900000000,/,drone2,28,1,"container2",world,12.5287,3.06512,0,0.0877872,0,0,0,0.0877872,0,0,0,0.202413
250900000000,/,drone1,29,0,"container1",world,10.672,-4.8761,0,0.0883027,0,0,0,0.0883027,0,0,0,0.203316
250900000000,/,drone2,30,0,"container1",world,11.1063,-4.70625,0,0.087865,0,0,0,0.087865,0,0,0,0.202561
250984000000,/,drone2,26,2,"container3",world,10.7497,9.85749,0,0.0878613,0,0,0,0.0878613,0,0,0,0.202577
250984000000,/,drone2,28,1,"container2",world,12.5313,3.06107,0,0.0878609,0,0,0,0.0878609,0,0,0,0.202552
250984000000,/,drone1,29,0,"container1",world,10.6726,-4.87378,0,0.0880948,0,0,0,0.0880948,0,0,0,0.202955
250984000000,/,drone2,30,0,"container1",world,11.105,-4.71564,0,0.0878752,0,0,0,0.0878752,0,0,0,0.202581
251064000000,/,drone2,26,2,"container3",world,10.7518,9.85498,0,0.0879283,0,0,0,0.0879283,0,0,0,0.202669
251064000000,/,drone2,28,1,"container2",world,12.5333,3.05812,0,0.0879278,0,0,0,0.0879278,0,0,0,0.20265
251064000000,/,drone1,29,0,"container1",world,10.6703,-4.87208,0,0.0881405,0,0,0,0.0881405,0,0,0,0.203024
251064000000,/,drone2,30,0,"container1",world,11.103,-4.72517,0,0.0880313,0,0,0,0.0880313,0,0,0,0.202842
251132000000,/,drone2,26,2,"container3",world,10.7532,9.85632,0,0.0877747,0,0,0,0.0877747,0,0,0,0.202384
251132000000,/,drone2,28,1,"container2",world,12.5314,3.05351,0,0.0877742,0,0,0,0.0877742,0,0,0,0.202369
251132000000,/,drone1,29,0,"container1",world,10.666,-4.87219,0,0.0879324,0,0,0,0.0879324,0,0,0,0.20265
251132000000,/,drone2,30,0,"container1",world,11.1007,-4.73281,0,0.0878776,0,0,0,0.0878776,0,0,0,0.202561
251220000000,/,drone2,26,2,"container3",world,10.7558,9.85634,0,0.0880593,0,0,0,0.0880593,0,0,0,0.202895
251220000000,/,drone2,28,1,"container2",world,12.5296,3.04988,0,0.0880588,0,0,0,0.0880588,0,0,0,0.202883
251220000000,/,drone1,29,0,"container1",world,10.6614,-4.87325,0,0.0880428,0,0,0,0.0880428,0,0,0,0.202851
251220000000,/,drone2,30,0,"container1",world,11.0976,-4.73964,0,0.0880157,0,0,0,0.0880157,0,0,0,0.202808
251296000000,/,drone2,26,2,"container3",world,10.7579,9.8561,0,0.0878395,0,0,0,0.0878395,0,0,0,0.202505
251296000000,/,drone2,28,1,"container2",world,12.5277,3.0463,0,0.0878391,0,0,0,0.0878391,0,0,0,0.202495
251296000000,/,drone1,29,0,"container1",world,10.657,-4.87477,0,0.0878679,0,0,0,0.0878679,0,0,0,0.202542
251296000000,/,drone2,30,0,"container1",world,11.0936,-4.746,0,0.0878545,0,0,0,0.0878545,0,0,0,0.202522
251368000000,/,drone2,26,2,"container3",world,10.7583,9.8546,0,0.0878742,0,0,0,0.0878742,0,0,0,0.202574
251368000000,/,drone2,28,1,"container2",world,12.5253,3.04243,0,0.0878738,0,0,0,0.0878738,0,0,0,0.202567
251368000000,/,drone1,29,0,"container1",world,10.6542,-4.87442,0,0.0878765,0,0,0,0.0878765,0,0,0,0.202566
251368000000,/,drone2,30,0,"container1",world,11.0857,-4.75321,0,0.08787,0,0,0,0.08787,0,0,0,0.202557
251456000000,/,drone2,26,2,"container3",world,10.7568,9.85334,0,0.0881127,0,0,0,0.0881127,0,0,0,0.202998
251456000000,/,drone2,28,1,"container2",world,12.5231,3.0371,0,0.0881123,0,0,0,0.0881123,0,0,0,0.202993
251456000000,/,drone1,29,0,"container1",world,10.6522,-4.87395,0,0.0879904,0,0,0,0.0879904,0,0,0,0.202775
251456000000,/,drone2,30,0,"container1",world,11.0781,-4.76153,0,0.0879873,0,0,0,0.0879873,0,0,0,0.20277
251500000000,/,drone2,26,2,"container3",world,10.7553,9.8523,0,0.0877665,0,0,0,0.0877665,0,0,0,0.202381
251500000000,/,drone2,28,1,"container2",world,12.5215,3.0344,0,0.0877662,0,0,0,0.0877662,0,0,0,0.202377
251500000000,/,drone1,29,0,"container1",world,10.6514,-4.87388,0,0.0878206,0,0,0,0.0878206,0,0,0,0.202473
251500000000,/,drone2,30,0,"container1",world,11.0697,-4.76847,0,0.0878191,0,0,0,0.0878191,0,0,0,0.202471
251596000000,/,drone2,26,2,"container3",world,10.7543,9.8518,0,0.088071,0,0,0,0.088071,0,0,0,0.202901
251596000000,/,drone2,28,1,"container2",world,12.5205,3.03143,0,0.0880707,0,0,0,0.0880707,0,0,0,0.202898
251596000000,/,drone1,29,0,"container1",world,10.6514,-4.87379,0,0.0879966,0,0,0,0.0879966,0,0,0,0.202772
251596000000,/,drone2,30,0,"container1",world,11.0631,-4.7748,0,0.0879959,0,0,0,0.0879959,0,0,0,0.202771
251684000000,/,drone2,26,2,"container3",world,10.7577,9.85203,0,0.0878014,0,0,0,0.0878014,0,0,0,0.202416
251684000000,/,drone2,28,1,"container2",world,12.5195,3.02893,0,0.0878012,0,0,0,0.0878012,0,0,0,0.202413
251684000000,/,drone1,29,0,"container1",world,10.6519,-4.87363,0,0.087854,0,0,0,0.087854,0,0,0,0.202512
251684000000,/,drone2,30,0,"container1",world,11.0569,-4.78034,0,0.0878537,0,0,0,0.0878537,0,0,0,0.202512
251760000000,/,drone2,26,2,"container3",world,10.7689,9.85396,0,0.0879381,0,0,0,0.0879381,0,0,0,0.202669
251760000000,/,drone2,28,1,"container2",world,12.5135,3.02501,0,0.0879379,0,0,0,0.0879379,0,0,0,0.202667
251760000000,/,drone1,29,0,"container1",world,10.6522,-4.87249,0,0.0878784,0,0,0,0.0878784,0,0,0,0.202561
251760000000,/,drone2,30,0,"container1",world,11.0504,-4.78669,0,0.0878784,0,0,0,0.0878784,0,0,0,0.202561
251844000000,/,drone2,26,2,"container3",world,10.7792,9.85383,0,0.0882119,0,0,0,0.0882119,0,0,0,0.203154
251844000000,/,drone2,28,1,"container2",world,12.5118,3.02211,0,0.0882118,0,0,0,0.0882118,0,0,0,0.203153
251844000000,/,drone1,29,0,"container1",world,10.6501,-4.87227,0,0.0881313,0,0,0,0.0881313,0,0,0,0.203009
251844000000,/,drone2,30,0,"container1",world,11.0457,-4.79228,0,0.0881313,0,0,0,0.0881313,0,0,0,0.203009
251908000000,/,drone2,26,2,"container3",world,10.7884,9.85691,0,0.0878017,0,0,0,0.0878017,0,0,0,0.202432
251908000000,/,drone2,28,1,"container2",world,12.4985,3.00998,0,0.0892817,0,0,0,0.0892817,0,0,0,0.205327
251908000000,/,drone1,29,0,"container1",world,10.6488,-4.86977,0,0.0878984,0,0,0,0.0878984,0,0,0,0.2026
251908000000,/,drone2,30,0,"container1",world,11.0426,-4.79806,0,0.0878984,0,0,0,0.0878984,0,0,0,0.2026
252000000000,/,drone2,26,2,"container3",world,10.7955,9.85616,0,0.0879106,0,0,0,0.0879106,0,0,0,0.202611
252000000000,/,drone2,28,1,"container2",world,12.4963,3.00814,0,0.0895571,0,0,0,0.0895571,0,0,0,0.205907
252000000000,/,drone1,29,0,"container1",world,10.6482,-4.86669,0,0.0880412,0,0,0,0.0880412,0,0,0,0.202843
252000000000,/,drone2,30,0,"container1",world,11.0425,-4.80336,0,0.0880412,0,0,0,0.0880412,0,0,0,0.202843
252088000000,/,drone2,26,2,"container3",world,10.7974,9.85851,0,0.0877682,0,0,0,0.0877682,0,0,0,0.202353
252088000000,/,drone2,28,1,"container2",world,12.4963,3.00884,0,0.0890618,0,0,0,0.0890618,0,0,0,0.205147
252088000000,/,drone1,29,0,"container1",world,10.6477,-4.86345,0,0.0878813,0,0,0,0.0878813,0,0,0,0.202555
252088000000,/,drone2,30,0,"container1",world,11.0458,-4.80863,0,0.0878814,0,0,0,0.0878814,0,0,0,0.202555
252172000000,/,drone2,26,2,"container3",world,10.7983,9.85974,0,0.0878749,0,0,0,0.0878749,0,0,0,0.202555
252172000000,/,drone2,28,1,"container2",world,12.4999,3.01177,0,0.0887727,0,0,0,0.0887727,0,0,0,0.204705
252172000000,/,drone1,29,0,"container1",world,10.6464,-4.85958,0,0.0878958,0,0,0,0.0878958,0,0,0,0.202588
252172000000,/,drone2,30,0,"container1",world,11.054,-4.81568,0,0.0878958,0,0,0,0.0878958,0,0,0,0.202589
252256000000,/,drone2,26,2,"container3",world,10.7985,9.86031,0,0.0882603,0,0,0,0.0882603,0,0,0,0.203239
252256000000,/,drone2,28,1,"container2",world,12.5034,3.01371,0,0.0889056,0,0,0,0.0889056,0,0,0,0.204947
252256000000,/,drone1,29,0,"container1",world,10.6436,-4.85535,0,0.0880104,0,0,0,0.0880104,0,0,0,0.202799
252256000000,/,drone2,30,0,"container1",world,11.0628,-4.8216,0,0.0881429,0,0,0,0.0881429,0,0,0,0.203029
252300000000,/,drone2,26,2,"container3",world,10.7957,9.8593,0,0.0878169,0,0,0,0.0878169,0,0,0,0.202459
252300000000,/,drone2,28,1,"container2",world,12.509,3.0167,0,0.0882334,0,0,0,0.0882334,0,0,0,0.203722
252300000000,/,drone1,29,0,"container1",world,10.6408,-4.85197,0,0.0878394,0,0,0,0.0878394,0,0,0,0.202498
252300000000,/,drone2,30,0,"container1",world,11.0695,-4.82596,0,0.0879062,0,0,0,0.0879062,0,0,0,0.202614
252392000000,/,drone2,26,2,"container3",world,10.789,9.85673,0,0.0880943,0,0,0,0.0880943,0,0,0,0.202936
252392000000,/,drone2,28,1,"container2",world,12.5154,3.01938,0,0.0883724,0,0,0,0.0883724,0,0,0,0.203905
252392000000,/,drone1,29,0,"container1",world,10.6384,-4.84861,0,0.0880134,0,0,0,0.0880134,0,0,0,0.202796
252392000000,/,drone2,30,0,"container1",world,11.0727,-4.82876,0,0.0880466,0,0,0,0.0880466,0,0,0,0.202854
252472000000,/,drone2,26,2,"container3",world,10.781,9.85432,0,0.0878161,0,0,0,0.0878161,0,0,0,0.202439
252472000000,/,drone2,28,1,"container2",world,12.5227,3.02125,0,0.0880019,0,0,0,0.0880019,0,0,0,0.203189
252472000000,/,drone1,29,0,"container1",world,10.6371,-4.84518,0,0.0878684,0,0,0,0.0878684,0,0,0,0.202534
252472000000,/,drone2,30,0,"container1",world,11.0732,-4.83042,0,0.0878851,0,0,0,0.0878851,0,0,0,0.202564
252556000000,/,drone2,26,2,"container3",world,10.7751,9.8521,0,0.0880088,0,0,0,0.0880088,0,0,0,0.202793
252556000000,/,drone2,28,1,"container2",world,12.5308,3.02299,0,0.0881117,0,0,0,0.0881117,0,0,0,0.203314
252556000000,/,drone1,29,0,"container1",world,10.6381,-4.83967,0,0.0877804,0,0,0,0.0877804,0,0,0,0.202383
252556000000,/,drone2,30,0,"container1",world,11.073,-4.83125,0,0.0880194,0,0,0,0.0880194,0,0,0,0.202808
252636000000,/,drone2,26,2,"container3",world,10.7735,9.83569,0,0.0914358,0,0,0,0.0914358,0,0,0,0.209271
252636000000,/,drone2,28,1,"container2",world,12.5328,3.02716,0,0.0882208,0,0,0,0.0882208,0,0,0,0.203453
252636000000,/,drone1,29,0,"container1",world,10.64,-4.83511,0,0.0879533,0,0,0,0.0879533,0,0,0,0.202699
252636000000,/,drone2,30,0,"container1",world,11.0713,-4.82897,0,0.091357,0,0,0,0.091357,0,0,0,0.209132
252708000000,/,drone2,26,2,"container3",world,10.768,9.83362,0,0.0911351,0,0,0,0.0911351,0,0,0,0.209043
252708000000,/,drone2,28,1,"container2",world,12.5337,3.03292,0,0.0878186,0,0,0,0.0878186,0,0,0,0.202666
252708000000,/,drone1,29,0,"container1",world,10.6428,-4.83032,0,0.0877131,0,0,0,0.0877131,0,0,0,0.202268
252708000000,/,drone2,30,0,"container1",world,11.0687,-4.82467,0,0.0919647,0,0,0,0.0919647,0,0,0,0.210587
252800000000,/,drone2,26,2,"container3",world,10.7573,9.83654,0,0.0905257,0,0,0,0.0905257,0,0,0,0.208215
252800000000,/,drone2,28,1,"container2",world,12.5324,3.03918,0,0.0879777,0,0,0,0.0879777,0,0,0,0.202881
252800000000,/,drone1,29,0,"container1",world,10.645,-4.82613,0,0.0878285,0,0,0,0.0878285,0,0,0,0.202469
252800000000,/,drone2,30,0,"container1",world,11.0626,-4.82015,0,0.0916415,0,0,0,0.0916415,0,0,0,0.210391
252880000000,/,drone2,26,2,"container3",world,10.7499,9.83852,0,0.0902585,0,0,0,0.0902585,0,0,0,0.207862
252880000000,/,drone2,28,1,"container2",world,12.5296,3.04371,0,0.0883086,0,0,0,0.0883086,0,0,0,0.203408
252880000000,/,drone1,29,0,"container1",world,10.6469,-4.82226,0,0.0881248,0,0,0,0.0881248,0,0,0,0.202991
252880000000,/,drone2,30,0,"container1",world,11.0562,-4.81744,0,0.0913197,0,0,0,0.0913197,0,0,0,0.210069
252960000000,/,drone2,26,2,"container3",world,10.7404,9.84183,0,0.0892276,0,0,0,0.0892276,0,0,0,0.206065
252960000000,/,drone2,28,1,"container2",world,12.525,3.04755,0,0.0879023,0,0,0,0.0879023,0,0,0,0.202662
252960000000,/,drone1,29,0,"container1",world,10.6484,-4.81758,0,0.0879093,0,0,0,0.0879093,0,0,0,0.202613
252960000000,/,drone2,30,0,"container1",world,11.0458,-4.81653,0,0.0903478,0,0,0,0.0903478,0,0,0,0.208477
253028000000,/,drone2,26,2,"container3",world,10.7331,9.84264,0,0.089002,0,0,0,0.089002,0,0,0,0.20564
253028000000,/,drone2,28,1,"container2",world,12.5193,3.05037,0,0.0880714,0,0,0,0.0880714,0,0,0,0.20294
253028000000,/,drone1,29,0,"container1",world,10.6497,-4.81305,0,0.0878972,0,0,0,0.0878972,0,0,0,0.202602
253028000000,/,drone2,30,0,"container1",world,11.0359,-4.81688,0,0.0898365,0,0,0,0.0898365,0,0,0,0.207601
253108000000,/,drone2,26,2,"container3",world,10.728,9.84314,0,0.0884246,0,0,0,0.0884246,0,0,0,0.204537
253108000000,/,drone2,28,1,"container2",world,12.514,3.05223,0,0.0877725,0,0,0,0.0877725,0,0,0,0.20239
253108000000,/,drone1,29,0,"container1",world,10.6505,-4.80992,0,0.0876847,0,0,0,0.0876847,0,0,0,0.202219
253108000000,/,drone2,30,0,"container1",world,11.0282,-4.81866,0,0.0891789,0,0,0,0.0891789,0,0,0,0.206383
253200000000,/,drone2,26,2,"container3",world,10.7241,9.84317,0,0.0885312,0,0,0,0.0885312,0,0,0,0.20461
253200000000,/,drone2,28,1,"container2",world,12.5096,3.0523,0,0.0880886,0,0,0,0.0880886,0,0,0,0.202921
253200000000,/,drone1,29,0,"container1",world,10.651,-4.80794,0,0.0879366,0,0,0,0.0879366,0,0,0,0.202659
253200000000,/,drone2,30,0,"container1",world,11.025,-4.82046,0,0.0889673,0,0,0,0.0889673,0,0,0,0.205891
253276000000,/,drone2,26,2,"container3",world,10.7225,9.84387,0,0.0884396,0,0,0,0.0884396,0,0,0,0.204375
253276000000,/,drone2,28,1,"container2",world,12.5044,3.05166,0,0.0881064,0,0,0,0.0881064,0,0,0,0.202943
253276000000,/,drone1,29,0,"container1",world,10.6508,-4.80631,0,0.0881782,0,0,0,0.0881782,0,0,0,0.203085
253276000000,/,drone2,30,0,"container1",world,11.0242,-4.82158,0,0.0886877,0,0,0,0.0886877,0,0,0,0.205295
253364000000,/,drone2,26,2,"container3",world,10.7208,9.84212,0,0.0880012,0,0,0,0.0880012,0,0,0,0.20337
253364000000,/,drone2,28,1,"container2",world,12.5023,3.0502,0,0.0878591,0,0,0,0.0878591,0,0,0,0.20251
253364000000,/,drone1,29,0,"container1",world,10.6498,-4.80522,0,0.0879362,0,0,0,0.0879362,0,0,0,0.202661
253364000000,/,drone2,30,0,"container1",world,11.0249,-4.82651,0,0.0882602,0,0,0,0.0882602,0,0,0,0.204274
253444000000,/,drone2,26,2,"container3",world,10.7214,9.84063,0,0.0881281,0,0,0,0.0881281,0,0,0,0.203465
253444000000,/,drone2,28,1,"container2",world,12.5018,3.05066,0,0.0880676,0,0,0,0.0880676,0,0,0,0.202891
253444000000,/,drone1,29,0,"container1",world,10.6488,-4.80461,0,0.0880307,0,0,0,0.0880307,0,0,0,0.202837
253444000000,/,drone2,30,0,"container1",world,11.0241,-4.83118,0,0.0882267,0,0,0,0.0882267,0,0,0,0.204006
253508000000,/,drone2,26,2,"container3",world,10.7202,9.83922,0,0.0876946,0,0,0,0.0876946,0,0,0,0.202548
253508000000,/,drone2,28,1,"container2",world,12.5027,3.0503,0,0.0876789,0,0,0,0.0876789,0,0,0,0.202196
253508000000,/,drone1,29,0,"container1",world,10.6483,-4.80478,0,0.0877521,0,0,0,0.0877521,0,0,0,0.202338
253508000000,/,drone2,30,0,"container1",world,11.0218,-4.83571,0,0.0878608,0,0,0,0.0878608,0,0,0,0.203139
253600000000,/,drone2,26,2,"container3",world,10.717,9.83773,0,0.0879443,0,0,0,0.0879443,0,0,0,0.202887
253600000000,/,drone2,28,1,"container2",world,12.5053,3.04961,0,0.0879473,0,0,0,0.0879473,0,0,0,0.202666
253600000000,/,drone1,29,0,"container1",world,10.6482,-4.8052,0,0.0878479,0,0,0,0.0878479,0,0,0,0.202503
253600000000,/,drone2,30,0,"container1",world,11.0189,-4.83893,0,0.087904,0,0,0,0.087904,0,0,0,0.203045
253692000000,/,drone2,26,2,"container3",world,10.7139,9.83609,0,0.0883,0,0,0,0.0883,0,0,0,0.203442
253692000000,/,drone2,28,1,"container2",world,12.5108,3.0484,0,0.0883088,0,0,0,0.0883088,0,0,0,0.203309
253692000000,/,drone1,29,0,"container1",world,10.6484,-4.80574,0,0.0881343,0,0,0,0.0881343,0,0,0,0.203008
253692000000,/,drone2,30,0,"container1",world,11.0147,-4.84145,0,0.0881619,0,0,0,0.0881619,0,0,0,0.203367
253772000000,/,drone2,26,2,"container3",world,10.7136,9.83422,0,0.0882086,0,0,0,0.0882086,0,0,0,0.203265
253772000000,/,drone2,28,1,"container2",world,12.5172,3.04934,0,0.0882174,0,0,0,0.0882174,0,0,0,0.203155
253772000000,/,drone1,29,0,"container1",world,10.649,-4.80674,0,0.0879141,0,0,0,0.0879141,0,0,0,0.202622
253772000000,/,drone2,30,0,"container1",world,11.0125,-4.84271,0,0.08829,0,0,0,0.08829,0,0,0,0.203526
253848000000,/,drone2,26,2,"container3",world,10.717,9.82019,0,0.0912762,0,0,0,0.0912762,0,0,0,0.209025
253848000000,/,drone2,28,1,"container2",world,12.5317,3.06071,0,0.0950007,0,0,0,0.0950007,0,0,0,0.216128
253848000000,/,drone1,29,0,"container1",world,10.6501,-4.80773,0,0.0878996,0,0,0,0.0878996,0,0,0,0.202606
253848000000,/,drone2,30,0,"container1",world,11.002,-4.84517,0,0.0909781,0,0,0,0.0909781,0,0,0,0.208692
253912000000,/,drone2,26,2,"container3",world,10.7162,9.82104,0,0.0910899,0,0,0,0.0910899,0,0,0,0.208948
253912000000,/,drone2,28,1,"container2",world,12.5312,3.05491,0,0.0946628,0,0,0,0.0946628,0,0,0,0.216141
253912000000,/,drone1,29,0,"container1",world,10.6511,-4.80862,0,0.0876859,0,0,0,0.0876859,0,0,0,0.202221
253912000000,/,drone2,30,0,"container1",world,10.995,-4.84572,0,0.0914032,0,0,0,0.0914032,0,0,0,0.209769
254000000000,/,drone2,26,2,"container3",world,10.7165,9.82099,0,0.0911442,0,0,0,0.0911442,0,0,0,0.209185
254000000000,/,drone2,28,1,"container2",world,12.5306,3.05155,0,0.0943568,0,0,0,0.0943568,0,0,0,0.215925
254000000000,/,drone1,29,0,"container1",world,10.6521,-4.80957,0,0.087815,0,0,0,0.087815,0,0,0,0.202445
254000000000,/,drone2,30,0,"container1",world,10.9883,-4.84598,0,0.0917301,0,0,0,0.0917301,0,0,0,0.210567
254092000000,/,drone2,26,2,"container3",world,10.7161,9.82674,0,0.0905557,0,0,0,0.0905557,0,0,0,0.208318
254092000000,/,drone2,28,1,"container2",world,12.5264,3.04467,0,0.0928586,0,0,0,0.0928586,0,0,0,0.21362
254092000000,/,drone1,29,0,"container1",world,10.6527,-4.81024,0,0.0881181,0,0,0,0.0881181,0,0,0,0.202979
254092000000,/,drone2,30,0,"container1",world,10.9782,-4.84569,0,0.0913798,0,0,0,0.0913798,0,0,0,0.210158
254168000000,/,drone2,26,2,"container3",world,10.7154,9.84581,0,0.0903412,0,0,0,0.0903412,0,0,0,0.208358
254168000000,/,drone2,28,1,"container2",world,12.5169,3.02191,0,0.0933968,0,0,0,0.0933968,0,0,0,0.21525
254168000000,/,drone1,29,0,"container1",world,10.6522,-4.8105,0,0.0879059,0,0,0,0.0879059,0,0,0,0.202607
254168000000,/,drone2,30,0,"container1",world,10.9696,-4.84523,0,0.0903952,0,0,0,0.0903952,0,0,0,0.208526
254256000000,/,drone2,26,2,"container3",world,10.7177,9.84985,0,0.090135,0,0,0,0.090135,0,0,0,0.20813
254256000000,/,drone2,28,1,"container2",world,12.5167,3.01666,0,0.0927576,0,0,0,0.0927576,0,0,0,0.214384
254256000000,/,drone1,29,0,"container1",world,10.6504,-4.8107,0,0.0878955,0,0,0,0.0878955,0,0,0,0.202599
254256000000,/,drone2,30,0,"container1",world,10.9616,-4.84493,0,0.0898776,0,0,0,0.0898776,0,0,0,0.207633
254320000000,/,drone2,26,2,"container3",world,10.7214,9.84841,0,0.0897819,0,0,0,0.0897819,0,0,0,0.20755
254320000000,/,drone2,28,1,"container2",world,12.5215,3.02058,0,0.0919718,0,0,0,0.0919718,0,0,0,0.213125
254320000000,/,drone1,29,0,"container1",world,10.6485,-4.81092,0,0.0876839,0,0,0,0.0876839,0,0,0,0.202217
254320000000,/,drone2,30,0,"container1",world,10.9576,-4.84478,0,0.0896148,0,0,0,0.0896148,0,0,0,0.207179
254376000000,/,drone2,26,2,"container3",world,10.7242,9.84818,0,0.0896796,0,0,0,0.0896796,0,0,0,0.20737
254376000000,/,drone2,28,1,"container2",world,12.5271,3.02443,0,0.0915292,0,0,0,0.0915292,0,0,0,0.21239
254376000000,/,drone1,29,0,"container1",world,10.646,-4.81106,0,0.087814,0,0,0,0.087814,0,0,0,0.202443
254376000000,/,drone2,30,0,"container1",world,10.9556,-4.84471,0,0.0894824,0,0,0,0.0894824,0,0,0,0.20695
254432000000,/,drone2,26,2,"container3",world,10.7276,9.84767,0,0.089551,0,0,0,0.089551,0,0,0,0.207107
254432000000,/,drone2,28,1,"container2",world,12.534,3.02874,0,0.0910584,0,0,0,0.0910584,0,0,0,0.211525
254432000000,/,drone1,29,0,"container1",world,10.6433,-4.81091,0,0.0881176,0,0,0,0.0881176,0,0,0,0.202979
254432000000,/,drone2,30,0,"container1",world,10.9545,-4.84467,0,0.089416,0,0,0,0.089416,0,0,0,0.206835
254500000000,/,drone2,26,2,"container3",world,10.7315,9.83291,0,0.0911847,0,0,0,0.0911847,0,0,0,0.210275
254500000000,/,drone2,28,1,"container2",world,12.5393,3.03342,0,0.0925735,0,0,0,0.0925735,0,0,0,0.213861
254500000000,/,drone1,29,0,"container1",world,10.6415,-4.81059,0,0.0880146,0,0,0,0.0880146,0,0,0,0.202803
254500000000,/,drone2,30,0,"container1",world,10.946,-4.84632,0,0.0887743,0,0,0,0.0887743,0,0,0,0.205359
254532000000,/,drone2,26,2,"container3",world,10.7318,9.83028,0,0.0910534,0,0,0,0.0910534,0,0,0,0.210116
254532000000,/,drone2,28,1,"container2",world,12.54,3.03435,0,0.0922916,0,0,0,0.0922916,0,0,0,0.213253
254532000000,/,drone1,29,0,"container1",world,10.6405,-4.8103,0,0.0878538,0,0,0,0.0878538,0,0,0,0.202518
254532000000,/,drone2,30,0,"container1",world,10.9417,-4.84752,0,0.0883166,0,0,0,0.0883166,0,0,0,0.204333
254564000000,/,drone2,26,2,"container3",world,10.7308,9.83073,0,0.0907465,0,0,0,0.0907465,0,0,0,0.209586
254564000000,/,drone2,28,1,"container2",world,12.5386,3.03449,0,0.0917404,0,0,0,0.0917404,0,0,0,0.212175
254564000000,/,drone1,29,0,"container1",world,10.6401,-4.81,0,0.0879897,0,0,0,0.0879897,0,0,0,0.202766
254564000000,/,drone2,30,0,"container1",world,10.937,-4.84954,0,0.0882661,0,0,0,0.0882661,0,0,0,0.204064
254600000000,/,drone2,26,2,"container3",world,10.7303,9.83135,0,0.0902346,0,0,0,0.0902346,0,0,0,0.208654
254600000000,/,drone2,28,1,"container2",world,12.537,3.03446,0,0.0910786,0,0,0,0.0910786,0,0,0,0.21091
254600000000,/,drone1,29,0,"container1",world,10.6398,-4.80985,0,0.0879375,0,0,0,0.0879375,0,0,0,0.202678
254600000000,/,drone2,30,0,"container1",world,10.934,-4.85118,0,0.0881099,0,0,0,0.0881099,0,0,0,0.203664
254664000000,/,drone2,26,2,"container3",world,10.7309,9.83098,0,0.0900407,0,0,0,0.0900407,0,0,0,0.208282
254664000000,/,drone2,28,1,"container2",world,12.5361,3.03574,0,0.0908221,0,0,0,0.0908221,0,0,0,0.210388
254664000000,/,drone1,29,0,"container1",world,10.6387,-4.8101,0,0.0881522,0,0,0,0.0881522,0,0,0,0.203058
254664000000,/,drone2,30,0,"container1",world,10.9324,-4.852,0,0.0880313,0,0,0,0.0880313,0,0,0,0.203462
254700000000,/,drone2,26,2,"container3",world,10.7319,9.83223,0,0.0900704,0,0,0,0.0900704,0,0,0,0.208286
254700000000,/,drone2,28,1,"container2",world,12.5327,3.03747,0,0.0907965,0,0,0,0.0907965,0,0,0,0.210239
254700000000,/,drone1,29,0,"container1",world,10.6374,-4.81051,0,0.088128,0,0,0,0.088128,0,0,0,0.20302
254700000000,/,drone2,30,0,"container1",world,10.9317,-4.85242,0,0.087992,0,0,0,0.087992,0,0,0,0.203361
254752000000,/,drone2,26,2,"container3",world,10.7327,9.83213,0,0.0900153,0,0,0,0.0900153,0,0,0,0.208158
254752000000,/,drone2,28,1,"container2",world,12.5305,3.03903,0,0.0907142,0,0,0,0.0907142,0,0,0,0.210026
254752000000,/,drone1,29,0,"container1",world,10.6363,-4.81111,0,0.0879972,0,0,0,0.0879972,0,0,0,0.202791
254752000000,/,drone2,30,0,"container1",world,10.9313,-4.85262,0,0.0879722,0,0,0,0.0879722,0,0,0,0.203311
254796000000,/,drone2,26,2,"container3",world,10.7336,9.83133,0,0.0898973,0,0,0,0.0898973,0,0,0,0.207902
254796000000,/,drone2,28,1,"container2",world,12.5264,3.04022,0,0.0905702,0,0,0,0.0905702,0,0,0,0.209671
254796000000,/,drone1,29,0,"container1",world,10.6358,-4.81251,0,0.0877272,0,0,0,0.0877272,0,0,0,0.202302
254796000000,/,drone2,30,0,"container1",world,10.9311,-4.85273,0,0.0879624,0,0,0,0.0879624,0,0,0,0.203286
254840000000,/,drone2,26,2,"container3",world,10.7338,9.83112,0,0.0898677,0,0,0,0.0898677,0,0,0,0.207838
254840000000,/,drone2,28,1,"container2",world,12.5254,3.04053,0,0.0905341,0,0,0,0.0905341,0,0,0,0.209582
254840000000,/,drone1,29,0,"container1",world,10.6356,-4.81391,0,0.0879502,0,0,0,0.0879502,0,0,0,0.202687
254840000000,/,drone2,30,0,"container1",world,10.931,-4.85278,0,0.0879574,0,0,0,0.0879574,0,0,0,0.203273
254896000000,/,drone2,26,2,"container3",world,10.7413,9.7841,0,0.100297,0,0,0,0.100297,0,0,0,0.227634
254896000000,/,drone2,28,1,"container2",world,12.5382,3.06163,0,0.107115,0,0,0,0.107115,0,0,0,0.240534
254896000000,/,drone1,29,0,"container1",world,10.6355,-4.81518,0,0.0879401,0,0,0,0.0879401,0,0,0,0.202666
254896000000,/,drone2,30,0,"container1",world,10.9233,-4.85337,0,0.0878412,0,0,0,0.0878412,0,0,0,0.202831
254928000000,/,drone2,26,2,"container3",world,10.7425,9.7755,0,0.102319,0,0,0,0.102319,0,0,0,0.23138
254928000000,/,drone2,28,1,"container2",world,12.5381,3.06416,0,0.109977,0,0,0,0.109977,0,0,0,0.245666
254928000000,/,drone1,29,0,"container1",world,10.6354,-4.81582,0,0.0879351,0,0,0,0.0879351,0,0,0,0.202656
254928000000,/,drone2,30,0,"container1",world,10.9195,-4.85366,0,0.0877828,0,0,0,0.0877828,0,0,0,0.202609
254976000000,/,drone2,26,2,"container3",world,10.7388,9.78007,0,0.100331,0,0,0,0.100331,0,0,0,0.228484
254976000000,/,drone2,28,1,"container2",world,12.5289,3.05477,0,0.106536,0,0,0,0.106536,0,0,0,0.240637
254976000000,/,drone1,29,0,"container1",world,10.6354,-4.81614,0,0.0879325,0,0,0,0.0879325,0,0,0,0.20265
254976000000,/,drone2,30,0,"container1",world,10.9163,-4.85466,0,0.0879728,0,0,0,0.0879728,0,0,0,0.202868
255004000000,/,drone2,26,2,"container3",world,10.7365,9.78369,0,0.098474,0,0,0,0.098474,0,0,0,0.22551
255004000000,/,drone2,28,1,"container2",world,12.5225,3.04801,0,0.103635,0,0,0,0.103635,0,0,0,0.236055
255004000000,/,drone1,29,0,"container1",world,10.6354,-4.8163,0,0.0879313,0,0,0,0.0879313,0,0,0,0.202648
255004000000,/,drone2,30,0,"container1",world,10.914,-4.85571,0,0.0879481,0,0,0,0.0879481,0,0,0,0.202778
255084000000,/,drone2,26,2,"container3",world,10.7336,9.78877,0,0.0964763,0,0,0,0.0964763,0,0,0,0.222167
255084000000,/,drone2,28,1,"container2",world,12.5127,3.03858,0,0.100381,0,0,0,0.100381,0,0,0,0.230646
255084000000,/,drone1,29,0,"container1",world,10.6354,-4.81638,0,0.0879306,0,0,0,0.0879306,0,0,0,0.202647
255084000000,/,drone2,30,0,"container1",world,10.9082,-4.85809,0,0.088179,0,0,0,0.088179,0,0,0,0.203146
255108000000,/,drone2,26,2,"container3",world,10.7318,9.79161,0,0.0949771,0,0,0,0.0949771,0,0,0,0.21955
255108000000,/,drone2,28,1,"container2",world,12.5063,3.03258,0,0.0981438,0,0,0,0.0981438,0,0,0,0.226764
255108000000,/,drone1,29,0,"container1",world,10.6354,-4.81641,0,0.0879303,0,0,0,0.0879303,0,0,0,0.202646
255108000000,/,drone2,30,0,"container1",world,10.9014,-4.86042,0,0.0881633,0,0,0,0.0881633,0,0,0,0.203098
255184000000,/,drone2,26,2,"container3",world,10.7282,9.79515,0,0.092986,0,0,0,0.092986,0,0,0,0.215889
255184000000,/,drone2,28,1,"container2",world,12.4963,3.02383,0,0.0953538,0,0,0,0.0953538,0,0,0,0.221647
255184000000,/,drone1,29,0,"container1",world,10.6376,-4.82307,0,0.0876997,0,0,0,0.0876997,0,0,0,0.202236
255184000000,/,drone2,30,0,"container1",world,10.8916,-4.86349,0,0.0879304,0,0,0,0.0879304,0,0,0,0.202666
255200000000,/,drone2,26,2,"container3",world,10.7256,9.79694,0,0.0918039,0,0,0,0.0918039,0,0,0,0.213636
255200000000,/,drone2,28,1,"container2",world,12.4883,3.01952,0,0.0937122,0,0,0,0.0937122,0,0,0,0.218522
255200000000,/,drone1,29,0,"container1",world,10.6387,-4.82642,0,0.0875836,0,0,0,0.0875836,0,0,0,0.20203
255200000000,/,drone2,30,0,"container1",world,10.8837,-4.86606,0,0.0877163,0,0,0,0.0877163,0,0,0,0.202267
255260000000,/,drone2,26,2,"container3",world,10.7219,9.79831,0,0.0910163,0,0,0,0.0910163,0,0,0,0.211941
255260000000,/,drone2,28,1,"container2",world,12.4764,3.01405,0,0.0924265,0,0,0,0.0924265,0,0,0,0.215828
255260000000,/,drone1,29,0,"container1",world,10.6405,-4.82956,0,0.0877629,0,0,0,0.0877629,0,0,0,0.202346
255260000000,/,drone2,30,0,"container1",world,10.8751,-4.869,0,0.0878469,0,0,0,0.0878469,0,0,0,0.202486
255300000000,/,drone2,26,2,"container3",world,10.7201,9.79887,0,0.0903131,0,0,0,0.0903131,0,0,0,0.210463
255300000000,/,drone2,28,1,"container2",world,12.4685,3.0108,0,0.091444,0,0,0,0.091444,0,0,0,0.213767
255300000000,/,drone1,29,0,"container1",world,10.6422,-4.83178,0,0.0877417,0,0,0,0.0877417,0,0,0,0.202305
255300000000,/,drone2,30,0,"container1",world,10.8688,-4.87093,0,0.0878019,0,0,0,0.0878019,0,0,0,0.202398
255356000000,/,drone2,26,2,"container3",world,10.7177,9.79874,0,0.0899121,0,0,0,0.0899121,0,0,0,0.209392
255356000000,/,drone2,28,1,"container2",world,12.4564,3.00669,0,0.0907349,0,0,0,0.0907349,0,0,0,0.21201
255356000000,/,drone1,29,0,"container1",world,10.6449,-4.83448,0,0.0879474,0,0,0,0.0879474,0,0,0,0.202677
255356000000,/,drone2,30,0,"container1",world,10.8616,-4.87308,0,0.0879959,0,0,0,0.0879959,0,0,0,0.202748
255400000000,/,drone2,26,2,"container3",world,10.7161,9.79822,0,0.0894165,0,0,0,0.0894165,0,0,0,0.208259
255400000000,/,drone2,28,1,"container2",world,12.449,3.00422,0,0.0900686,0,0,0,0.0900686,0,0,0,0.210479
255400000000,/,drone1,29,0,"container1",world,10.6475,-4.83663,0,0.0879289,0,0,0,0.0879289,0,0,0,0.202649
255400000000,/,drone2,30,0,"container1",world,10.8565,-4.87462,0,0.0879713,0,0,0,0.0879713,0,0,0,0.20271
255456000000,/,drone2,26,2,"container3",world,10.715,9.79761,0,0.0889457,0,0,0,0.0889457,0,0,0,0.20719
255456000000,/,drone2,28,1,"container2",world,12.443,3.00208,0,0.0894764,0,0,0,0.0894764,0,0,0,0.209112
255456000000,/,drone1,29,0,"container1",world,10.6514,-4.83946,0,0.0881592,0,0,0,0.0881592,0,0,0,0.203058
255456000000,/,drone2,30,0,"container1",world,10.8516,-4.87582,0,0.0878493,0,0,0,0.0878493,0,0,0,0.202496
255488000000,/,drone2,26,2,"container3",world,10.7188,9.79906,0,0.0888651,0,0,0,0.0888651,0,0,0,0.206678
255488000000,/,drone2,28,1,"container2",world,12.4332,2.99914,0,0.0892429,0,0,0,0.0892429,0,0,0,0.208195
255488000000,/,drone1,29,0,"container1",world,10.6545,-4.84161,0,0.0881419,0,0,0,0.0881419,0,0,0,0.203034
255488000000,/,drone2,30,0,"container1",world,10.8445,-4.87684,0,0.0880045,0,0,0,0.0880045,0,0,0,0.202784
255528000000,/,drone2,26,2,"container3",world,10.7217,9.79995,0,0.0885583,0,0,0,0.0885583,0,0,0,0.205886
255528000000,/,drone2,28,1,"container2",world,12.4272,2.99731,0,0.0888516,0,0,0,0.0888516,0,0,0,0.207166
255528000000,/,drone1,29,0,"container1",world,10.6574,-4.84354,0,0.0880137,0,0,0,0.0880137,0,0,0,0.202811
255528000000,/,drone2,30,0,"container1",world,10.8401,-4.87743,0,0.0879612,0,0,0,0.0879612,0,0,0,0.202717
255588000000,/,drone2,26,2,"container3",world,10.7265,9.80172,0,0.0880587,0,0,0,0.0880587,0,0,0,0.204629
255588000000,/,drone2,28,1,"container2",world,12.4223,2.99428,0,0.0882608,0,0,0,0.0882608,0,0,0,0.205623
255588000000,/,drone1,29,0,"container1",world,10.6612,-4.84638,0,0.0877435,0,0,0,0.0877435,0,0,0,0.202324
255588000000,/,drone2,30,0,"container1",world,10.8349,-4.87585,0,0.0877319,0,0,0,0.0877319,0,0,0,0.202308
255612000000,/,drone2,26,2,"container3",world,10.727,9.80124,0,0.0878837,0,0,0,0.0878837,0,0,0,0.204224
255612000000,/,drone2,28,1,"container2",world,12.4202,2.9938,0,0.0880628,0,0,0,0.0880628,0,0,0,0.205147
255612000000,/,drone1,29,0,"container1",world,10.6642,-4.84888,0,0.0879658,0,0,0,0.0879658,0,0,0,0.20271
255612000000,/,drone2,30,0,"container1",world,10.8323,-4.87505,0,0.0876165,0,0,0,0.0876165,0,0,0,0.202103
255672000000,/,drone2,26,2,"container3",world,10.7299,9.80158,0,0.0880871,0,0,0,0.0880871,0,0,0,0.204293
255672000000,/,drone2,28,1,"container2",world,12.418,2.9913,0,0.0882129,0,0,0,0.0882129,0,0,0,0.205023
255672000000,/,drone1,29,0,"container1",world,10.6667,-4.85096,0,0.0879546,0,0,0,0.0879546,0,0,0,0.202688
255672000000,/,drone2,30,0,"container1",world,10.8303,-4.87463,0,0.0877943,0,0,0,0.0877943,0,0,0,0.202421
255704000000,/,drone2,26,2,"container3",world,10.7301,9.8007,0,0.0880832,0,0,0,0.0880832,0,0,0,0.204215
255704000000,/,drone2,28,1,"container2",world,12.4168,2.99111,0,0.088196,0,0,0,0.088196,0,0,0,0.204899
255704000000,/,drone1,29,0,"container1",world,10.668,-4.85201,0,0.087949,0,0,0,0.087949,0,0,0,0.202677
255704000000,/,drone2,30,0,"container1",world,10.8293,-4.87441,0,0.0878827,0,0,0,0.0878827,0,0,0,0.202579
255772000000,/,drone2,26,2,"container3",world,10.728,9.80082,0,0.088188,0,0,0,0.088188,0,0,0,0.204387
255772000000,/,drone2,28,1,"container2",world,12.4143,2.99027,0,0.0882967,0,0,0,0.0882967,0,0,0,0.205061
255772000000,/,drone1,29,0,"container1",world,10.6687,-4.85253,0,0.0879462,0,0,0,0.0879462,0,0,0,0.202672
255772000000,/,drone2,30,0,"container1",world,10.8287,-4.87431,0,0.0879268,0,0,0,0.0879268,0,0,0,0.202658
255800000000,/,drone2,26,2,"container3",world,10.7273,9.79869,0,0.0880998,0,0,0,0.0880998,0,0,0,0.204233
255800000000,/,drone2,28,1,"container2",world,12.4137,2.99067,0,0.0882075,0,0,0,0.0882075,0,0,0,0.204907
255800000000,/,drone1,29,0,"container1",world,10.669,-4.85279,0,0.0879448,0,0,0,0.0879448,0,0,0,0.202669
255800000000,/,drone2,30,0,"container1",world,10.8285,-4.87425,0,0.0879488,0,0,0,0.0879488,0,0,0,0.202697
255856000000,/,drone2,26,2,"container3",world,10.726,9.79964,0,0.0882497,0,0,0,0.0882497,0,0,0,0.204497
255856000000,/,drone2,28,1,"container2",world,12.4121,2.98992,0,0.0883561,0,0,0,0.0883561,0,0,0,0.20517
255856000000,/,drone1,29,0,"container1",world,10.6745,-4.8581,0,0.0880351,0,0,0,0.0880351,0,0,0,0.202841
255856000000,/,drone2,30,0,"container1",world,10.8284,-4.87423,0,0.0879598,0,0,0,0.0879598,0,0,0,0.202717
255900000000,/,drone2,26,2,"container3",world,10.7358,9.80094,0,0.0880135,0,0,0,0.0880135,0,0,0,0.203359
255900000000,/,drone2,28,1,"container2",world,12.4248,2.99435,0,0.0917474,0,0,0,0.0917474,0,0,0,0.210491
255900000000,/,drone1,29,0,"container1",world,10.6775,-4.86103,0,0.0879603,0,0,0,0.0879603,0,0,0,0.202716
255900000000,/,drone2,30,0,"container1",world,10.82,-4.86901,0,0.0879301,0,0,0,0.0879301,0,0,0,0.202688
255952000000,/,drone2,26,2,"container3",world,10.7373,9.80062,0,0.0877916,0,0,0,0.0877916,0,0,0,0.202726
255952000000,/,drone2,28,1,"container2",world,12.4275,2.99492,0,0.091972,0,0,0,0.091972,0,0,0,0.210767
255952000000,/,drone1,29,0,"container1",world,10.6792,-4.86275,0,0.0877166,0,0,0,0.0877166,0,0,0,0.202277
255952000000,/,drone2,30,0,"container1",world,10.8153,-4.86588,0,0.087806,0,0,0,0.087806,0,0,0,0.202478
256008000000,/,drone2,26,2,"container3",world,10.737,9.79924,0,0.0881315,0,0,0,0.0881315,0,0,0,0.203163
256008000000,/,drone2,28,1,"container2",world,12.4286,2.99439,0,0.0917558,0,0,0,0.0917558,0,0,0,0.210419
256008000000,/,drone1,29,0,"container1",world,10.6801,-4.86379,0,0.0879525,0,0,0,0.0879525,0,0,0,0.202688
256008000000,/,drone2,30,0,"container1",world,10.8111,-4.86379,0,0.0880025,0,0,0,0.0880025,0,0,0,0.202821
256092000000,/,drone2,26,2,"container3",world,10.7327,9.79749,0,0.088037,0,0,0,0.088037,0,0,0,0.202925
256092000000,/,drone2,28,1,"container2",world,12.4292,2.99439,0,0.0912222,0,0,0,0.0912222,0,0,0,0.209519
256092000000,/,drone1,29,0,"container1",world,10.6801,-4.86437,0,0.0878378,0,0,0,0.0878378,0,0,0,0.20248
256092000000,/,drone2,30,0,"container1",world,10.8087,-4.86246,0,0.0879781,0,0,0,0.0879781,0,0,0,0.202777
256160000000,/,drone2,26,2,"container3",world,10.729,9.7954,0,0.0883781,0,0,0,0.0883781,0,0,0,0.203458
256160000000,/,drone2,28,1,"container2",world,12.4282,2.99533,0,0.090943,0,0,0,0.090943,0,0,0,0.209069
256160000000,/,drone1,29,0,"container1",world,10.6801,-4.86485,0,0.0881294,0,0,0,0.0881294,0,0,0,0.202997
256160000000,/,drone2,30,0,"container1",world,10.8069,-4.86104,0,0.0882029,0,0,0,0.0882029,0,0,0,0.203174
256216000000,/,drone2,26,2,"container3",world,10.7214,9.7922,0,0.0880895,0,0,0,0.0880895,0,0,0,0.202913
256216000000,/,drone2,28,1,"container2",world,12.4274,2.99638,0,0.0900788,0,0,0,0.0900788,0,0,0,0.20757
256216000000,/,drone1,29,0,"container1",world,10.6787,-4.86655,0,0.0879116,0,0,0,0.0879116,0,0,0,0.202616
256216000000,/,drone2,30,0,"container1",world,10.8073,-4.86023,0,0.0880607,0,0,0,0.0880607,0,0,0,0.20293
256300000000,/,drone2,26,2,"container3",world,10.7136,9.78868,0,0.0883808,0,0,0,0.0883808,0,0,0,0.203403
256300000000,/,drone2,28,1,"container2",world,12.4271,2.99703,0,0.0898873,0,0,0,0.0898873,0,0,0,0.207217
256300000000,/,drone1,29,0,"container1",world,10.678,-4.86764,0,0.0881509,0,0,0,0.0881509,0,0,0,0.203044
256300000000,/,drone2,30,0,"container1",world,10.8109,-4.85982,0,0.0882274,0,0,0,0.0882274,0,0,0,0.203226
256384000000,/,drone2,26,2,"container3",world,10.7056,9.78549,0,0.0880787,0,0,0,0.0880787,0,0,0,0.20287
256384000000,/,drone2,28,1,"container2",world,12.4269,2.99729,0,0.0891988,0,0,0,0.0891988,0,0,0,0.205966
256384000000,/,drone1,29,0,"container1",world,10.6758,-4.86946,0,0.0880184,0,0,0,0.0880184,0,0,0,0.202818
256384000000,/,drone2,30,0,"container1",world,10.8161,-4.85985,0,0.0880587,0,0,0,0.0880587,0,0,0,0.202933
256452000000,/,drone2,26,2,"container3",world,10.6938,9.78134,0,0.0882295,0,0,0,0.0882295,0,0,0,0.203128
256452000000,/,drone2,28,1,"container2",world,12.426,2.99705,0,0.088959,0,0,0,0.088959,0,0,0,0.205431
256452000000,/,drone1,29,0,"container1",world,10.674,-4.87059,0,0.0881024,0,0,0,0.0881024,0,0,0,0.202956
256452000000,/,drone2,30,0,"container1",world,10.8202,-4.86068,0,0.0881236,0,0,0,0.0881236,0,0,0,0.203034
256488000000,/,drone2,26,2,"container3",world,10.6882,9.77875,0,0.088029,0,0,0,0.088029,0,0,0,0.202779
256488000000,/,drone2,28,1,"container2",world,12.4256,2.99691,0,0.0885886,0,0,0,0.0885886,0,0,0,0.204717
256488000000,/,drone1,29,0,"container1",world,10.672,-4.8704,0,0.0882604,0,0,0,0.0882604,0,0,0,0.203232
256488000000,/,drone2,30,0,"container1",world,10.8219,-4.86105,0,0.0880346,0,0,0,0.0880346,0,0,0,0.202871
256568000000,/,drone2,26,2,"container3",world,10.6859,9.77993,0,0.0881524,0,0,0,0.0881524,0,0,0,0.203
256568000000,/,drone2,28,1,"container2",world,12.4248,2.99595,0,0.0886645,0,0,0,0.0886645,0,0,0,0.204834
256568000000,/,drone1,29,0,"container1",world,10.6706,-4.87016,0,0.0882066,0,0,0,0.0882066,0,0,0,0.203142
256568000000,/,drone2,30,0,"container1",world,10.8227,-4.86123,0,0.08799,0,0,0,0.08799,0,0,0,0.202789
256600000000,/,drone2,26,2,"container3",world,10.6893,9.73939,0,0.0959362,0,0,0,0.0959362,0,0,0,0.217425
256600000000,/,drone2,28,1,"container2",world,12.4394,3.01296,0,0.0973428,0,0,0,0.0973428,0,0,0,0.220398
256600000000,/,drone1,29,0,"container1",world,10.6692,-4.86992,0,0.0879505,0,0,0,0.0879505,0,0,0,0.202689
256600000000,/,drone2,30,0,"container1",world,10.8164,-4.86074,0,0.0914989,0,0,0,0.0914989,0,0,0,0.209255
256652000000,/,drone2,26,2,"container3",world,10.6874,9.73315,0,0.0971718,0,0,0,0.0971718,0,0,0,0.220031
256652000000,/,drone2,28,1,"container2",world,12.4405,3.01401,0,0.0985931,0,0,0,0.0985931,0,0,0,0.222921
256652000000,/,drone1,29,0,"container1",world,10.6671,-4.86993,0,0.0880378,0,0,0,0.0880378,0,0,0,0.202852
256652000000,/,drone2,30,0,"container1",world,10.8129,-4.85994,0,0.093098,0,0,0,0.093098,0,0,0,0.212315
256708000000,/,drone2,26,2,"container3",world,10.6847,9.73311,0,0.0963951,0,0,0,0.0963951,0,0,0,0.219055
256708000000,/,drone2,28,1,"container2",world,12.4398,3.01229,0,0.0976889,0,0,0,0.0976889,0,0,0,0.221698
256708000000,/,drone1,29,0,"container1",world,10.6661,-4.86993,0,0.0880814,0,0,0,0.0880814,0,0,0,0.202932
256708000000,/,drone2,30,0,"container1",world,10.8103,-4.85871,0,0.0933805,0,0,0,0.0933805,0,0,0,0.213049
256800000000,/,drone2,26,2,"container3",world,10.6842,9.73224,0,0.0961585,0,0,0,0.0961585,0,0,0,0.21874
256800000000,/,drone2,28,1,"container2",world,12.4396,3.01216,0,0.0974209,0,0,0,0.0974209,0,0,0,0.221322
256800000000,/,drone1,29,0,"container1",world,10.6656,-4.86994,0,0.0881031,0,0,0,0.0881031,0,0,0,0.202973
256800000000,/,drone2,30,0,"container1",world,10.809,-4.8581,0,0.0935204,0,0,0,0.0935204,0,0,0,0.213413
256872000000,/,drone2,26,2,"container3",world,10.6839,9.7327,0,0.0961928,0,0,0,0.0961928,0,0,0,0.218812
256872000000,/,drone2,28,1,"container2",world,12.4386,3.01143,0,0.0974429,0,0,0,0.0974429,0,0,0,0.221368
256872000000,/,drone1,29,0,"container1",world,10.6653,-4.86994,0,0.088114,0,0,0,0.088114,0,0,0,0.202993
256872000000,/,drone2,30,0,"container1",world,10.8083,-4.85779,0,0.09359,0,0,0,0.09359,0,0,0,0.213594
256940000000,/,drone2,26,2,"container3",world,10.6938,9.67855,0,0.11113,0,0,0,0.11113,0,0,0,0.249155
256940000000,/,drone2,28,1,"container2",world,12.468,3.03886,0,0.123101,0,0,0,0.123101,0,0,0,0.270543
256940000000,/,drone1,29,0,"container1",world,10.6652,-4.86994,0,0.0881194,0,0,0,0.0881194,0,0,0,0.203003
256940000000,/,drone2,30,0,"container1",world,10.8165,-4.85003,0,0.108547,0,0,0,0.108547,0,0,0,0.242996
257000000000,/,drone2,26,2,"container3",world,10.6905,9.67967,0,0.110644,0,0,0,0.110644,0,0,0,0.249554
257000000000,/,drone2,28,1,"container2",world,12.4659,3.03469,0,0.121837,0,0,0,0.121837,0,0,0,0.269977
257000000000,/,drone1,29,0,"container1",world,10.6619,-4.87296,0,0.0880155,0,0,0,0.0880155,0,0,0,0.202815
257000000000,/,drone2,30,0,"container1",world,10.8203,-4.84431,0,0.111336,0,0,0,0.111336,0,0,0,0.249384
257072000000,/,drone2,26,2,"container3",world,10.6838,9.69178,0,0.10571,0,0,0,0.10571,0,0,0,0.241781
257072000000,/,drone2,28,1,"container2",world,12.4564,3.02166,0,0.112279,0,0,0,0.112279,0,0,0,0.255184
257072000000,/,drone1,29,0,"container1",world,10.6603,-4.87611,0,0.0882025,0,0,0,0.0882025,0,0,0,0.203142
257072000000,/,drone2,30,0,"container1",world,10.8265,-4.83603,0,0.108285,0,0,0,0.108285,0,0,0,0.245716
257128000000,/,drone2,26,2,"container3",world,10.6752,9.70734,0,0.0999589,0,0,0,0.0999589,0,0,0,0.231869
257128000000,/,drone2,28,1,"container2",world,12.4485,3.01197,0,0.104955,0,0,0,0.104955,0,0,0,0.242769
257128000000,/,drone1,29,0,"container1",world,10.6596,-4.87955,0,0.0880443,0,0,0,0.0880443,0,0,0,0.202867
257128000000,/,drone2,30,0,"container1",world,10.8325,-4.82854,0,0.104436,0,0,0,0.104436,0,0,0,0.239965
257196000000,/,drone2,26,2,"container3",world,10.6688,9.7192,0,0.0960423,0,0,0,0.0960423,0,0,0,0.224586
257196000000,/,drone2,28,1,"container2",world,12.4384,3.00354,0,0.0996129,0,0,0,0.0996129,0,0,0,0.232982
257196000000,/,drone1,29,0,"container1",world,10.6592,-4.88128,0,0.0879648,0,0,0,0.0879648,0,0,0,0.202729
257196000000,/,drone2,30,0,"container1",world,10.8368,-4.82146,0,0.100653,0,0,0,0.100653,0,0,0,0.233699
257260000000,/,drone2,26,2,"container3",world,10.6331,9.81105,0,0.104408,0,0,0,0.104408,0,0,0,0.240111
257260000000,/,drone2,28,1,"container2",world,12.3742,2.94531,0,0.112166,0,0,0,0.112166,0,0,0,0.255182
257260000000,/,drone1,29,0,"container1",world,10.6603,-4.88591,0,0.0879541,0,0,0,0.0879541,0,0,0,0.202699
257260000000,/,drone2,30,0,"container1",world,10.8396,-4.81613,0,0.0982759,0,0,0,0.0982759,0,0,0,0.229573
257336000000,/,drone2,26,2,"container3",world,10.6245,9.82617,0,0.103247,0,0,0,0.103247,0,0,0,0.238015
257336000000,/,drone2,28,1,"container2",world,12.3577,2.93531,0,0.110348,0,0,0,0.110348,0,0,0,0.252091
257336000000,/,drone1,29,0,"container1",world,10.6618,-4.88998,0,0.0881869,0,0,0,0.0881869,0,0,0,0.203105
257336000000,/,drone2,30,0,"container1",world,10.8424,-4.80922,0,0.0956864,0,0,0,0.0956864,0,0,0,0.224514
257432000000,/,drone2,26,2,"container3",world,10.6205,9.83352,0,0.10258,0,0,0,0.10258,0,0,0,0.236608
257432000000,/,drone2,28,1,"container2",world,12.3502,2.93042,0,0.109481,0,0,0,0.109481,0,0,0,0.250347
257432000000,/,drone1,29,0,"container1",world,10.6629,-4.89348,0,0.0880495,0,0,0,0.0880495,0,0,0,0.202866
257432000000,/,drone2,30,0,"container1",world,10.8454,-4.805,0,0.0938084,0,0,0,0.0938084,0,0,0,0.220712
257468000000,/,drone2,26,2,"container3",world,10.6174,9.84081,0,0.101849,0,0,0,0.101849,0,0,0,0.234801
257468000000,/,drone2,28,1,"container2",world,12.3429,2.92528,0,0.108681,0,0,0,0.108681,0,0,0,0.248368
257468000000,/,drone1,29,0,"container1",world,10.6634,-4.8959,0,0.0878713,0,0,0,0.0878713,0,0,0,0.20255
257468000000,/,drone2,30,0,"container1",world,10.8493,-4.80229,0,0.0920284,0,0,0,0.0920284,0,0,0,0.216852
257536000000,/,drone2,26,2,"container3",world,10.6145,9.8465,0,0.10135,0,0,0,0.10135,0,0,0,0.233091
257536000000,/,drone2,28,1,"container2",world,12.3358,2.92065,0,0.108131,0,0,0,0.108131,0,0,0,0.246453
257536000000,/,drone1,29,0,"container1",world,10.6632,-4.89841,0,0.0879984,0,0,0,0.0879984,0,0,0,0.202782
257536000000,/,drone2,30,0,"container1",world,10.8538,-4.80097,0,0.0906066,0,0,0,0.0906066,0,0,0,0.213279
257620000000,/,drone2,26,2,"container3",world,10.6171,9.81316,0,0.0951374,0,0,0,0.0951374,0,0,0,0.222056
257620000000,/,drone2,28,1,"container2",world,12.2995,2.89726,0,0.117059,0,0,0,0.117059,0,0,0,0.266487
257620000000,/,drone1,29,0,"container1",world,10.6615,-4.90123,0,0.0877358,0,0,0,0.0877358,0,0,0,0.20231
257620000000,/,drone2,30,0,"container1",world,10.8559,-4.80156,0,0.0894253,0,0,0,0.0894253,0,0,0,0.210191
257700000000,/,drone2,26,2,"container3",world,10.6174,9.79917,0,0.0932212,0,0,0,0.0932212,0,0,0,0.218258
257700000000,/,drone2,28,1,"container2",world,12.2999,2.90147,0,0.114765,0,0,0,0.114765,0,0,0,0.263283
257700000000,/,drone1,29,0,"container1",world,10.6589,-4.90369,0,0.0878398,0,0,0,0.0878398,0,0,0,0.202489
257700000000,/,drone2,30,0,"container1",world,10.8566,-4.80236,0,0.0890667,0,0,0,0.0890667,0,0,0,0.208824
257764000000,/,drone2,26,2,"container3",world,10.6181,9.78383,0,0.0915446,0,0,0,0.0915446,0,0,0,0.214796
257764000000,/,drone2,28,1,"container2",world,12.3175,2.92104,0,0.105805,0,0,0,0.105805,0,0,0,0.246973
257764000000,/,drone1,29,0,"container1",world,10.656,-4.9059,0,0.0881304,0,0,0,0.0881304,0,0,0,0.203001
257764000000,/,drone2,30,0,"container1",world,10.857,-4.80277,0,0.0888846,0,0,0,0.0888846,0,0,0,0.208133
257832000000,/,drone2,26,2,"container3",world,10.6184,9.77064,0,0.0904186,0,0,0,0.0904186,0,0,0,0.212381
257832000000,/,drone2,28,1,"container2",world,12.3304,2.93386,0,0.0996451,0,0,0,0.0996451,0,0,0,0.235012
257832000000,/,drone1,29,0,"container1",world,10.6518,-4.90831,0,0.0879121,0,0,0,0.0879121,0,0,0,0.202618
257832000000,/,drone2,30,0,"container1",world,10.8572,-4.80297,0,0.0887928,0,0,0,0.0887928,0,0,0,0.207785
257896000000,/,drone2,26,2,"container3",world,10.6419,9.7143,0,0.0992397,0,0,0,0.0992397,0,0,0,0.227838
257896000000,/,drone2,28,1,"container2",world,12.3743,2.95935,0,0.105184,0,0,0,0.105184,0,0,0,0.241747
257896000000,/,drone1,29,0,"container1",world,10.6474,-4.91044,0,0.0880187,0,0,0,0.0880187,0,0,0,0.202816
257896000000,/,drone2,30,0,"container1",world,10.8636,-4.80602,0,0.0954045,0,0,0,0.0954045,0,0,0,0.219113
257964000000,/,drone2,26,2,"container3",world,10.6467,9.70815,0,0.0995276,0,0,0,0.0995276,0,0,0,0.228342
257964000000,/,drone2,28,1,"container2",world,12.3849,2.95442,0,0.104409,0,0,0,0.104409,0,0,0,0.239784
257964000000,/,drone1,29,0,"container1",world,10.6441,-4.91192,0,0.087952,0,0,0,0.087952,0,0,0,0.202703
257964000000,/,drone2,30,0,"container1",world,10.8634,-4.8075,0,0.0972685,0,0,0,0.0972685,0,0,0,0.222276
258036000000,/,drone2,26,2,"container3",world,10.6476,9.71698,0,0.0978249,0,0,0,0.0978249,0,0,0,0.225344
258036000000,/,drone2,28,1,"container2",world,12.3872,2.93155,0,0.10055,0,0,0,0.10055,0,0,0,0.232973
258036000000,/,drone1,29,0,"container1",world,10.6395,-4.91397,0,0.088028,0,0,0,0.088028,0,0,0,0.202843
258036000000,/,drone2,30,0,"container1",world,10.8569,-4.80766,0,0.0965121,0,0,0,0.0965121,0,0,0,0.221104
258100000000,/,drone2,26,2,"container3",world,10.6446,9.73211,0,0.094599,0,0,0,0.094599,0,0,0,0.219454
258100000000,/,drone2,28,1,"container2",world,12.3838,2.92016,0,0.0976966,0,0,0,0.0976966,0,0,0,0.228064
258100000000,/,drone1,29,0,"container1",world,10.6351,-4.91573,0,0.0878395,0,0,0,0.0878395,0,0,0,0.202507
258100000000,/,drone2,30,0,"container1",world,10.8541,-4.807,0,0.0950376,0,0,0,0.0950376,0,0,0,0.21861
258196000000,/,drone2,26,2,"container3",world,10.6462,9.74116,0,0.0935815,0,0,0,0.0935815,0,0,0,0.217401
258196000000,/,drone2,28,1,"container2",world,12.383,2.91723,0,0.0969362,0,0,0,0.0969362,0,0,0,0.226742
258196000000,/,drone1,29,0,"container1",world,10.6307,-4.91753,0,0.088006,0,0,0,0.088006,0,0,0,0.20279
258196000000,/,drone2,30,0,"container1",world,10.8526,-4.80665,0,0.0942695,0,0,0,0.0942695,0,0,0,0.217303
258272000000,/,drone2,26,2,"container3",world,10.6401,9.74399,0,0.0926443,0,0,0,0.0926443,0,0,0,0.215354
258272000000,/,drone2,28,1,"container2",world,12.3807,2.9143,0,0.0960008,0,0,0,0.0960008,0,0,0,0.225105
258272000000,/,drone1,29,0,"container1",world,10.6262,-4.91925,0,0.0878587,0,0,0,0.0878587,0,0,0,0.202521
258272000000,/,drone2,30,0,"container1",world,10.8502,-4.80609,0,0.0934136,0,0,0,0.0934136,0,0,0,0.215792
258360000000,/,drone2,26,2,"container3",world,10.6397,9.74813,0,0.0904921,0,0,0,0.0904921,0,0,0,0.210623
258360000000,/,drone2,28,1,"container2",world,12.3733,2.90445,0,0.0935551,0,0,0,0.0935551,0,0,0,0.220449
258360000000,/,drone1,29,0,"container1",world,10.6218,-4.92129,0,0.0878808,0,0,0,0.0878808,0,0,0,0.202565
258360000000,/,drone2,30,0,"container1",world,10.8453,-4.80075,0,0.091745,0,0,0,0.091745,0,0,0,0.212541
258428000000,/,drone2,26,2,"container3",world,10.6356,9.74414,0,0.0898749,0,0,0,0.0898749,0,0,0,0.208915
258428000000,/,drone2,28,1,"container2",world,12.3704,2.89913,0,0.0926765,0,0,0,0.0926765,0,0,0,0.218579
258428000000,/,drone1,29,0,"container1",world,10.618,-4.92337,0,0.0880003,0,0,0,0.0880003,0,0,0,0.202783
258428000000,/,drone2,30,0,"container1",world,10.843,-4.79661,0,0.0908163,0,0,0,0.0908163,0,0,0,0.210579
258500000000,/,drone2,26,2,"container3",world,10.6278,9.73592,0,0.0890546,0,0,0,0.0890546,0,0,0,0.206975
258500000000,/,drone2,28,1,"container2",world,12.3679,2.89359,0,0.0918899,0,0,0,0.0918899,0,0,0,0.2169
258500000000,/,drone1,29,0,"container1",world,10.6158,-4.92467,0,0.0879404,0,0,0,0.0879404,0,0,0,0.202681
258500000000,/,drone2,30,0,"container1",world,10.8441,-4.79304,0,0.0898827,0,0,0,0.0898827,0,0,0,0.208608
258588000000,/,drone2,26,2,"container3",world,10.6192,9.7255,0,0.0883342,0,0,0,0.0883342,0,0,0,0.205248
258588000000,/,drone2,28,1,"container2",world,12.3662,2.88866,0,0.0912668,0,0,0,0.0912668,0,0,0,0.215498
258588000000,/,drone1,29,0,"container1",world,10.6141,-4.92617,0,0.0880621,0,0,0,0.0880621,0,0,0,0.202883
258588000000,/,drone2,30,0,"container1",world,10.8458,-4.79049,0,0.0890466,0,0,0,0.0890466,0,0,0,0.206795
258668000000,/,drone2,26,2,"container3",world,10.6059,9.70743,0,0.0881502,0,0,0,0.0881502,0,0,0,0.204408
258668000000,/,drone2,28,1,"container2",world,12.3656,2.88496,0,0.0909902,0,0,0,0.0909902,0,0,0,0.214595
258668000000,/,drone1,29,0,"container1",world,10.6133,-4.92726,0,0.0878919,0,0,0,0.0878919,0,0,0,0.202575
258668000000,/,drone2,30,0,"container1",world,10.846,-4.78929,0,0.0885883,0,0,0,0.0885883,0,0,0,0.205587
258764000000,/,drone2,26,2,"container3",world,10.5888,9.68628,0,0.0881478,0,0,0,0.0881478,0,0,0,0.203984
258764000000,/,drone2,28,1,"container2",world,12.3666,2.88161,0,0.0908764,0,0,0,0.0908764,0,0,0,0.214003
258764000000,/,drone1,29,0,"container1",world,10.6141,-4.92824,0,0.0879011,0,0,0,0.0879011,0,0,0,0.202598
258764000000,/,drone2,30,0,"container1",world,10.8459,-4.78986,0,0.0883632,0,0,0,0.0883632,0,0,0,0.204806
258820000000,/,drone2,26,2,"container3",world,10.5743,9.66776,0,0.0884724,0,0,0,0.0884724,0,0,0,0.204292
258820000000,/,drone2,28,1,"container2",world,12.3693,2.88024,0,0.0910123,0,0,0,0.0910123,0,0,0,0.213958
258820000000,/,drone1,29,0,"container1",world,10.6151,-4.92917,0,0.088013,0,0,0,0.088013,0,0,0,0.202804
258820000000,/,drone2,30,0,"container1",world,10.8447,-4.79119,0,0.0884555,0,0,0,0.0884555,0,0,0,0.204667
258900000000,/,drone2,26,2,"container3",world,10.5623,9.65088,0,0.0881572,0,0,0,0.0881572,0,0,0,0.203558
258900000000,/,drone2,28,1,"container2",world,12.3707,2.87775,0,0.0907962,0,0,0,0.0907962,0,0,0,0.21339
258900000000,/,drone1,29,0,"container1",world,10.6157,-4.92984,0,0.0878408,0,0,0,0.0878408,0,0,0,0.202501
258900000000,/,drone2,30,0,"container1",world,10.8434,-4.79357,0,0.0882324,0,0,0,0.0882324,0,0,0,0.20404
258988000000,/,drone2,26,2,"container3",world,10.5493,9.63426,0,0.087758,0,0,0,0.087758,0,0,0,0.202698
258988000000,/,drone2,28,1,"container2",world,12.3717,2.87562,0,0.0905463,0,0,0,0.0905463,0,0,0,0.212793
258988000000,/,drone1,29,0,"container1",world,10.6164,-4.93088,0,0.0876563,0,0,0,0.0876563,0,0,0,0.202167
258988000000,/,drone2,30,0,"container1",world,10.8425,-4.79649,0,0.0879047,0,0,0,0.0879047,0,0,0,0.203259
259060000000,/,drone2,26,2,"container3",world,10.5301,9.6143,0,0.0877169,0,0,0,0.0877169,0,0,0,0.202607
259060000000,/,drone2,28,1,"container2",world,12.3719,2.87506,0,0.0904834,0,0,0,0.0904834,0,0,0,0.212642
259060000000,/,drone1,29,0,"container1",world,10.6159,-4.93165,0,0.0876895,0,0,0,0.0876895,0,0,0,0.202219
259060000000,/,drone2,30,0,"container1",world,10.8421,-4.79796,0,0.087739,0,0,0,0.087739,0,0,0,0.202864
259152000000,/,drone2,26,2,"container3",world,10.5173,9.59519,0,0.0879268,0,0,0,0.0879268,0,0,0,0.202804
259152000000,/,drone2,28,1,"container2",world,11.9261,2.08713,0,0.461368,0,0,0,0.461368,0,0,0,0.925709
259152000000,/,drone1,29,0,"container1",world,10.6135,-4.93224,0,0.0878007,0,0,0,0.0878007,0,0,0,0.202423
259152000000,/,drone2,30,0,"container1",world,10.8428,-4.8041,0,0.0947997,0,0,0,0.0947997,0,0,0,0.216122
259212000000,/,drone2,26,2,"container3",world,10.5023,9.57446,0,0.0882511,0,0,0,0.0882511,0,0,0,0.203345
259212000000,/,drone2,28,1,"container2",world,11.9166,2.08327,0,0.386749,0,0,0,0.386749,0,0,0,0.813575
259212000000,/,drone1,29,0,"container1",world,10.6101,-4.93224,0,0.0879634,0,0,0,0.0879634,0,0,0,0.202719
259212000000,/,drone2,30,0,"container1",world,10.8434,-4.80873,0,0.0964872,0,0,0,0.0964872,0,0,0,0.219789
259300000000,/,drone2,26,2,"container3",world,10.4928,9.55973,0,0.0879727,0,0,0,0.0879727,0,0,0,0.202847
259300000000,/,drone2,28,1,"container2",world,11.9181,2.09483,0,0.3249,0,0,0,0.3249,0,0,0,0.710637
259300000000,/,drone1,29,0,"container1",world,10.6075,-4.9317,0,0.0878159,0,0,0,0.0878159,0,0,0,0.202459
259300000000,/,drone2,30,0,"container1",world,10.8438,-4.8127,0,0.0959182,0,0,0,0.0959182,0,0,0,0.219384
259388000000,/,drone2,26,2,"container3",world,10.4824,9.54303,0,0.0882311,0,0,0,0.0882311,0,0,0,0.203299
259388000000,/,drone2,28,1,"container2",world,11.933,2.1252,0,0.273156,0,0,0,0.273156,0,0,0,0.615661
259388000000,/,drone1,29,0,"container1",world,10.6051,-4.93075,0,0.0880017,0,0,0,0.0880017,0,0,0,0.202778
259388000000,/,drone2,30,0,"container1",world,10.8442,-4.81642,0,0.0950062,0,0,0,0.0950062,0,0,0,0.218217
259476000000,/,drone2,26,2,"container3",world,10.477,9.53075,0,0.088289,0,0,0,0.088289,0,0,0,0.203416
259476000000,/,drone2,28,1,"container2",world,11.9534,2.16372,0,0.226346,0,0,0,0.226346,0,0,0,0.523604
259476000000,/,drone1,29,0,"container1",world,10.6035,-4.92989,0,0.0879726,0,0,0,0.0879726,0,0,0,0.202723
259476000000,/,drone2,30,0,"container1",world,10.8441,-4.82134,0,0.0936482,0,0,0,0.0936482,0,0,0,0.216077
259552000000,/,drone2,26,2,"container3",world,10.4659,9.52197,0,0.088148,0,0,0,0.088148,0,0,0,0.203196
259552000000,/,drone2,28,1,"container2",world,11.9802,2.21248,0,0.183697,0,0,0,0.183697,0,0,0,0.433988
259552000000,/,drone1,29,0,"container1",world,10.6028,-4.92946,0,0.087958,0,0,0,0.087958,0,0,0,0.202696
259552000000,/,drone2,30,0,"container1",world,10.8434,-4.82563,0,0.0922059,0,0,0,0.0922059,0,0,0,0.213589
259604000000,/,drone2,26,2,"container3",world,10.4614,9.51983,0,0.0882122,0,0,0,0.0882122,0,0,0,0.203335
259604000000,/,drone2,28,1,"container2",world,12.009,2.26521,0,0.146095,0,0,0,0.146095,0,0,0,0.351562
259604000000,/,drone1,29,0,"container1",world,10.6012,-4.9268,0,0.0880416,0,0,0,0.0880416,0,0,0,0.202855
259604000000,/,drone2,30,0,"container1",world,10.8455,-4.82985,0,0.0910197,0,0,0,0.0910197,0,0,0,0.211331
259700000000,/,drone2,26,2,"container3",world,10.4567,9.52009,0,0.0879947,0,0,0,0.0879947,0,0,0,0.202961
259700000000,/,drone2,28,1,"container2",world,12.0388,2.31875,0,0.118421,0,0,0,0.118421,0,0,0,0.288604
259700000000,/,drone1,29,0,"container1",world,10.6007,-4.92467,0,0.0878552,0,0,0,0.0878552,0,0,0,0.202527
259700000000,/,drone2,30,0,"container1",world,10.8485,-4.83339,0,0.0899331,0,0,0,0.0899331,0,0,0,0.209155
259780000000,/,drone2,26,2,"container3",world,10.3836,9.51296,0,0.0938674,0,0,0,0.0938674,0,0,0,0.2145
259780000000,/,drone2,28,1,"container2",world,11.7889,1.94902,0,0.109664,0,0,0,0.109664,0,0,0,0.266792
259780000000,/,drone1,29,0,"container1",world,10.6006,-4.9225,0,0.0880212,0,0,0,0.0880212,0,0,0,0.202812
259780000000,/,drone2,30,0,"container1",world,10.846,-4.83665,0,0.0894365,0,0,0,0.0894365,0,0,0,0.207958
259780000000,/,drone2,31,1,"container2",world,12.5098,3.05619,0,0.0897441,0,0,0,0.0897441,0,0,0,0.210604
259864000000,/,drone2,26,2,"container3",world,10.3835,9.50259,0,0.0933259,0,0,0,0.0933259,0,0,0,0.21402
259864000000,/,drone2,28,1,"container2",world,11.6246,1.70672,0,0.103037,0,0,0,0.103037,0,0,0,0.249124
259864000000,/,drone1,29,0,"container1",world,10.6019,-4.91965,0,0.0882201,0,0,0,0.0882201,0,0,0,0.203161
259864000000,/,drone2,30,0,"container1",world,10.8411,-4.83919,0,0.0888232,0,0,0,0.0888232,0,0,0,0.206532
259864000000,/,drone2,31,1,"container2",world,12.5079,3.05582,0,0.0892303,0,0,0,0.0892303,0,0,0,0.209317
259932000000,/,drone2,26,2,"container3",world,10.4004,9.4942,0,0.0918376,0,0,0,0.0918376,0,0,0,0.211654
259932000000,/,drone2,28,1,"container2",world,11.5212,1.55524,0,0.0982945,0,0,0,0.0982945,0,0,0,0.234845
259932000000,/,drone1,29,0,"container1",world,10.6044,-4.91743,0,0.0880661,0,0,0,0.0880661,0,0,0,0.202895
259932000000,/,drone2,30,0,"container1",world,10.8418,-4.84059,0,0.0884763,0,0,0,0.0884763,0,0,0,0.205501
259932000000,/,drone2,31,1,"container2",world,12.5037,3.05512,0,0.0887945,0,0,0,0.0887945,0,0,0,0.207839
260000000000,/,drone2,26,2,"container3",world,10.4143,9.49037,0,0.0911126,0,0,0,0.0911126,0,0,0,0.210414
260000000000,/,drone2,28,1,"container2",world,11.4585,1.46558,0,0.0954037,0,0,0,0.0954037,0,0,0,0.225174
260000000000,/,drone1,29,0,"container1",world,10.608,-4.91571,0,0.0880955,0,0,0,0.0880955,0,0,0,0.202954
260000000000,/,drone2,30,0,"container1",world,10.8425,-4.8414,0,0.0884888,0,0,0,0.0884888,0,0,0,0.205158
260000000000,/,drone2,31,1,"container2",world,12.4989,3.0547,0,0.0887065,0,0,0,0.0887065,0,0,0,0.207008
260064000000,/,drone2,26,2,"container3",world,10.4147,9.49112,0,0.0906995,0,0,0,0.0906995,0,0,0,0.209711
260064000000,/,drone2,28,1,"container2",world,11.4234,1.41533,0,0.0937836,0,0,0,0.0937836,0,0,0,0.219855
260064000000,/,drone1,29,0,"container1",world,10.6117,-4.91429,0,0.0878824,0,0,0,0.0878824,0,0,0,0.202577
260064000000,/,drone2,30,0,"container1",world,10.8457,-4.84149,0,0.0882177,0,0,0,0.0882177,0,0,0,0.204368
260064000000,/,drone2,31,1,"container2",world,12.4944,3.05493,0,0.0883559,0,0,0,0.0883559,0,0,0,0.20578
260100000000,/,drone2,26,2,"container3",world,10.4107,9.4929,0,0.090725,0,0,0,0.090725,0,0,0,0.209738
260100000000,/,drone2,28,1,"container2",world,11.4047,1.38856,0,0.0929204,0,0,0,0.0929204,0,0,0,0.217051
260100000000,/,drone1,29,0,"container1",world,10.6152,-4.91305,0,0.0880347,0,0,0,0.0880347,0,0,0,0.202837
260100000000,/,drone2,30,0,"container1",world,10.8502,-4.84083,0,0.0882135,0,0,0,0.0882135,0,0,0,0.204023
260100000000,/,drone2,31,1,"container2",world,12.4884,3.05546,0,0.0882919,0,0,0,0.0882919,0,0,0,0.205003
260168000000,/,drone2,26,2,"container3",world,10.4097,9.49335,0,0.0907314,0,0,0,0.0907314,0,0,0,0.209745
260168000000,/,drone2,28,1,"container2",world,11.395,1.37471,0,0.092474,0,0,0,0.092474,0,0,0,0.215609
260168000000,/,drone1,29,0,"container1",world,10.6178,-4.91222,0,0.087989,0,0,0,0.087989,0,0,0,0.202752
260168000000,/,drone2,30,0,"container1",world,10.8525,-4.8405,0,0.0882113,0,0,0,0.0882113,0,0,0,0.20385
260168000000,/,drone2,31,1,"container2",world,12.4854,3.05572,0,0.0882598,0,0,0,0.0882598,0,0,0,0.204613
260208000000,/,drone2,26,2,"container3",world,10.4338,9.49364,0,0.089435,0,0,0,0.089435,0,0,0,0.206953
260208000000,/,drone2,28,1,"container2",world,11.396,1.37838,0,0.0917522,0,0,0,0.0917522,0,0,0,0.211754
260208000000,/,drone1,29,0,"container1",world,10.6207,-4.91131,0,0.0882042,0,0,0,0.0882042,0,0,0,0.203131
260208000000,/,drone2,30,0,"container1",world,10.8547,-4.83875,0,0.0883262,0,0,0,0.0883262,0,0,0,0.203846
260208000000,/,drone2,31,1,"container2",world,12.4804,3.05643,0,0.0924874,0,0,0,0.0924874,0,0,0,0.211797
260292000000,/,drone2,26,2,"container3",world,10.441,9.49508,0,0.0888198,0,0,0,0.0888198,0,0,0,0.205666
260292000000,/,drone2,28,1,"container2",world,11.3982,1.3823,0,0.0912081,0,0,0,0.0912081,0,0,0,0.209434
260292000000,/,drone1,29,0,"container1",world,10.6229,-4.90988,0,0.0881785,0,0,0,0.0881785,0,0,0,0.203091
260292000000,/,drone2,30,0,"container1",world,10.8561,-4.83735,0,0.088253,0,0,0,0.088253,0,0,0,0.203588
260292000000,/,drone2,31,1,"container2",world,12.477,3.0573,0,0.0938157,0,0,0,0.0938157,0,0,0,0.214065
260364000000,/,drone2,26,2,"container3",world,10.4434,9.4989,0,0.0881931,0,0,0,0.0881931,0,0,0,0.204346
260364000000,/,drone2,28,1,"container2",world,11.4029,1.38947,0,0.0906281,0,0,0,0.0906281,0,0,0,0.20769
260364000000,/,drone1,29,0,"container1",world,10.6256,-4.90794,0,0.0879363,0,0,0,0.0879363,0,0,0,0.202664
260364000000,/,drone2,30,0,"container1",world,10.8532,-4.83585,0,0.087992,0,0,0,0.087992,0,0,0,0.20301
260364000000,/,drone2,31,1,"container2",world,12.4731,3.05883,0,0.0935313,0,0,0,0.0935313,0,0,0,0.213669
260448000000,/,drone2,26,2,"container3",world,10.4434,9.50371,0,0.0882694,0,0,0,0.0882694,0,0,0,0.20429
260448000000,/,drone2,28,1,"container2",world,11.4092,1.39641,0,0.0904862,0,0,0,0.0904862,0,0,0,0.207131
260448000000,/,drone1,29,0,"container1",world,10.6285,-4.90552,0,0.0880308,0,0,0,0.0880308,0,0,0,0.202839
260448000000,/,drone2,30,0,"container1",world,10.8482,-4.83452,0,0.0880827,0,0,0,0.0880827,0,0,0,0.203081
260448000000,/,drone2,31,1,"container2",world,12.4687,3.06074,0,0.0930473,0,0,0,0.0930473,0,0,0,0.212977
260504000000,/,drone2,26,2,"container3",world,10.4385,9.50671,0,0.0880617,0,0,0,0.0880617,0,0,0,0.203868
260504000000,/,drone2,28,1,"container2",world,11.4124,1.3999,0,0.0904148,0,0,0,0.0904148,0,0,0,0.20685
260504000000,/,drone1,29,0,"container1",world,10.6304,-4.9019,0,0.0878498,0,0,0,0.0878498,0,0,0,0.202519
260504000000,/,drone2,30,0,"container1",world,10.8433,-4.83358,0,0.0879045,0,0,0,0.0879045,0,0,0,0.202694
260504000000,/,drone2,31,1,"container2",world,12.4644,3.06308,0,0.0921081,0,0,0,0.0921081,0,0,0,0.211458
260600000000,/,drone2,26,2,"container3",world,10.4388,9.51454,0,0.0880674,0,0,0,0.0880674,0,0,0,0.203584
260600000000,/,drone2,28,1,"container2",world,11.4251,1.4094,0,0.0902558,0,0,0,0.0902558,0,0,0,0.206752
260600000000,/,drone1,29,0,"container1",world,10.6298,-4.89588,0,0.0878966,0,0,0,0.0878966,0,0,0,0.202594
260600000000,/,drone2,30,0,"container1",world,10.8401,-4.8341,0,0.0879586,0,0,0,0.0879586,0,0,0,0.202725
260600000000,/,drone2,31,1,"container2",world,12.4591,3.066,0,0.0912204,0,0,0,0.0912204,0,0,0,0.209976
260668000000,/,drone2,26,2,"container3",world,10.4394,9.5211,0,0.0879927,0,0,0,0.0879927,0,0,0,0.203223
260668000000,/,drone2,28,1,"container2",world,11.4407,1.42014,0,0.0901659,0,0,0,0.0901659,0,0,0,0.20695
260668000000,/,drone1,29,0,"container1",world,10.6277,-4.88984,0,0.0881584,0,0,0,0.0881584,0,0,0,0.203053
260668000000,/,drone2,30,0,"container1",world,10.8381,-4.8349,0,0.0878764,0,0,0,0.0878764,0,0,0,0.202543
260668000000,/,drone2,31,1,"container2",world,12.4552,3.06801,0,0.0905094,0,0,0,0.0905094,0,0,0,0.208752
260720000000,/,drone2,26,2,"container3",world,10.4401,9.5231,0,0.0878409,0,0,0,0.0878409,0,0,0,0.20282
260720000000,/,drone2,28,1,"container2",world,11.4552,1.4266,0,0.0897759,0,0,0,0.0897759,0,0,0,0.20661
260720000000,/,drone1,29,0,"container1",world,10.6241,-4.88304,0,0.0879262,0,0,0,0.0879262,0,0,0,0.202644
260720000000,/,drone2,30,0,"container1",world,10.8371,-4.8353,0,0.0878351,0,0,0,0.0878351,0,0,0,0.202451
260720000000,/,drone2,31,1,"container2",world,12.4533,3.06903,0,0.0901464,0,0,0,0.0901464,0,0,0,0.208125
260780000000,/,drone2,26,2,"container3",world,10.4395,9.52635,0,0.0878588,0,0,0,0.0878588,0,0,0,0.202728
260780000000,/,drone2,28,1,"container2",world,11.4716,1.43421,0,0.0895593,0,0,0,0.0895593,0,0,0,0.206631
260780000000,/,drone1,29,0,"container1",world,10.6216,-4.87743,0,0.0880258,0,0,0,0.0880258,0,0,0,0.202829
260780000000,/,drone2,30,0,"container1",world,10.8366,-4.8355,0,0.0878145,0,0,0,0.0878145,0,0,0,0.202406
260780000000,/,drone2,31,1,"container2",world,12.4523,3.06955,0,0.089963,0,0,0,0.089963,0,0,0,0.207808
260832000000,/,drone2,26,2,"container3",world,10.44,9.52814,0,0.0878049,0,0,0,0.0878049,0,0,0,0.202578
260832000000,/,drone2,28,1,"container2",world,11.4839,1.43949,0,0.0892885,0,0,0,0.0892885,0,0,0,0.206413
260832000000,/,drone1,29,0,"container1",world,10.6199,-4.87358,0,0.0879555,0,0,0,0.0879555,0,0,0,0.20271
260832000000,/,drone2,30,0,"container1",world,10.8363,-4.8356,0,0.0878041,0,0,0,0.0878041,0,0,0,0.202383
260832000000,/,drone2,31,1,"container2",world,12.4518,3.06981,0,0.0898708,0,0,0,0.0898708,0,0,0,0.207648
260884000000,/,drone2,26,2,"container3",world,10.4469,9.53105,0,0.0912094,0,0,0,0.0912094,0,0,0,0.208793
260884000000,/,drone2,28,1,"container2",world,11.4948,1.44561,0,0.088867,0,0,0,0.088867,0,0,0,0.205881
260884000000,/,drone1,29,0,"container1",world,10.6189,-4.86994,0,0.0877142,0,0,0,0.0877142,0,0,0,0.202273
260884000000,/,drone2,30,0,"container1",world,10.8421,-4.83732,0,0.0876705,0,0,0,0.0876705,0,0,0,0.20217
260884000000,/,drone2,31,1,"container2",world,12.4486,3.07378,0,0.0978011,0,0,0,0.0978011,0,0,0,0.221755
260932000000,/,drone2,26,2,"container3",world,10.4463,9.53412,0,0.0921747,0,0,0,0.0921747,0,0,0,0.210648
260932000000,/,drone2,28,1,"container2",world,11.5023,1.45043,0,0.0889784,0,0,0,0.0889784,0,0,0,0.206236
260932000000,/,drone1,29,0,"container1",world,10.6183,-4.86735,0,0.0879513,0,0,0,0.0879513,0,0,0,0.202686
260932000000,/,drone2,30,0,"container1",world,10.8479,-4.83717,0,0.087962,0,0,0,0.087962,0,0,0,0.2027
260932000000,/,drone2,31,1,"container2",world,12.4484,3.07539,0,0.100465,0,0,0,0.100465,0,0,0,0.226694
260972000000,/,drone2,26,2,"container3",world,10.444,9.53864,0,0.0913837,0,0,0,0.0913837,0,0,0,0.20948
260972000000,/,drone2,28,1,"container2",world,11.5104,1.45518,0,0.088731,0,0,0,0.088731,0,0,0,0.205929
260972000000,/,drone1,29,0,"container1",world,10.6174,-4.8649,0,0.0878371,0,0,0,0.0878371,0,0,0,0.202479
260972000000,/,drone2,30,0,"container1",world,10.854,-4.83485,0,0.0878712,0,0,0,0.0878712,0,0,0,0.202554
260972000000,/,drone2,31,1,"container2",world,12.4485,3.07553,0,0.0998279,0,0,0,0.0998279,0,0,0,0.226173
261016000000,/,drone2,26,2,"container3",world,10.4425,9.54159,0,0.0914234,0,0,0,0.0914234,0,0,0,0.209684
261016000000,/,drone2,28,1,"container2",world,11.5168,1.4583,0,0.0889251,0,0,0,0.0889251,0,0,0,0.206373
261016000000,/,drone1,29,0,"container1",world,10.6168,-4.86307,0,0.0881291,0,0,0,0.0881291,0,0,0,0.202996
261016000000,/,drone2,30,0,"container1",world,10.8586,-4.83241,0,0.0881738,0,0,0,0.0881738,0,0,0,0.203104
261016000000,/,drone2,31,1,"container2",world,12.4496,3.07545,0,0.0992003,0,0,0,0.0992003,0,0,0,0.225548
261064000000,/,drone2,26,2,"container3",world,10.4394,9.54581,0,0.0905423,0,0,0,0.0905423,0,0,0,0.208269
261064000000,/,drone2,28,1,"container2",world,11.5242,1.46071,0,0.0887077,0,0,0,0.0887077,0,0,0,0.206059
261064000000,/,drone1,29,0,"container1",world,10.616,-4.86126,0,0.0880204,0,0,0,0.0880204,0,0,0,0.202812
261064000000,/,drone2,30,0,"container1",world,10.8621,-4.8301,0,0.0880668,0,0,0,0.0880668,0,0,0,0.202937
261064000000,/,drone2,31,1,"container2",world,12.4523,3.07513,0,0.0974909,0,0,0,0.0974909,0,0,0,0.223004
261116000000,/,drone2,26,2,"container3",world,10.4376,9.54857,0,0.0899356,0,0,0,0.0899356,0,0,0,0.207255
261116000000,/,drone2,28,1,"container2",world,11.5303,1.46231,0,0.0884621,0,0,0,0.0884621,0,0,0,0.205654
261116000000,/,drone1,29,0,"container1",world,10.6153,-4.85989,0,0.0878567,0,0,0,0.0878567,0,0,0,0.202523
261116000000,/,drone2,30,0,"container1",world,10.8644,-4.82898,0,0.0879023,0,0,0,0.0879023,0,0,0,0.202657
261116000000,/,drone2,31,1,"container2",world,12.4547,3.07502,0,0.0960149,0,0,0,0.0960149,0,0,0,0.220685
261164000000,/,drone2,26,2,"container3",world,10.4365,9.55123,0,0.0901132,0,0,0,0.0901132,0,0,0,0.207606
261164000000,/,drone2,28,1,"container2",world,11.5365,1.46366,0,0.0886635,0,0,0,0.0886635,0,0,0,0.206035
261164000000,/,drone1,29,0,"container1",world,10.6147,-4.85874,0,0.0881238,0,0,0,0.0881238,0,0,0,0.202998
261164000000,/,drone2,30,0,"container1",world,10.8653,-4.82863,0,0.0881675,0,0,0,0.0881675,0,0,0,0.203137
261164000000,/,drone2,31,1,"container2",world,12.4571,3.07514,0,0.0951653,0,0,0,0.0951653,0,0,0,0.219362
261196000000,/,drone2,26,2,"container3",world,10.4366,9.55553,0,0.0894464,0,0,0,0.0894464,0,0,0,0.206448
261196000000,/,drone2,28,1,"container2",world,11.5456,1.46621,0,0.0884665,0,0,0,0.0884665,0,0,0,0.205675
261196000000,/,drone1,29,0,"container1",world,10.6139,-4.85756,0,0.0880047,0,0,0,0.0880047,0,0,0,0.202794
261196000000,/,drone2,30,0,"container1",world,10.8658,-4.83031,0,0.0880444,0,0,0,0.0880444,0,0,0,0.202935
261196000000,/,drone2,31,1,"container2",world,12.4605,3.07564,0,0.0937589,0,0,0,0.0937589,0,0,0,0.21695
261260000000,/,drone2,26,2,"container3",world,10.4373,9.55833,0,0.0889746,0,0,0,0.0889746,0,0,0,0.205601
261260000000,/,drone2,28,1,"container2",world,11.5533,1.4683,0,0.0882391,0,0,0,0.0882391,0,0,0,0.205243
261260000000,/,drone1,29,0,"container1",world,10.6133,-4.85636,0,0.0881856,0,0,0,0.0881856,0,0,0,0.203116
261260000000,/,drone2,30,0,"container1",world,10.8654,-4.83228,0,0.0878728,0,0,0,0.0878728,0,0,0,0.202638
261260000000,/,drone2,31,1,"container2",world,12.4633,3.07606,0,0.0926211,0,0,0,0.0926211,0,0,0,0.214927
261296000000,/,drone2,26,2,"container3",world,10.4396,9.56229,0,0.0889494,0,0,0,0.0889494,0,0,0,0.205524
261296000000,/,drone2,28,1,"container2",world,11.5636,1.47113,0,0.0883078,0,0,0,0.0883078,0,0,0,0.205315
261296000000,/,drone1,29,0,"container1",world,10.613,-4.85547,0,0.0881447,0,0,0,0.0881447,0,0,0,0.203049
261296000000,/,drone2,30,0,"container1",world,10.8642,-4.83508,0,0.0880021,0,0,0,0.0880021,0,0,0,0.202879
261296000000,/,drone2,31,1,"container2",world,12.4674,3.07618,0,0.0917432,0,0,0,0.0917432,0,0,0,0.213253
261356000000,/,drone2,26,2,"container3",world,10.4414,9.56444,0,0.0886685,0,0,0,0.0886685,0,0,0,0.20499
261356000000,/,drone2,28,1,"container2",world,11.5713,1.47328,0,0.0882077,0,0,0,0.0882077,0,0,0,0.205083
261356000000,/,drone1,29,0,"container1",world,10.6128,-4.85484,0,0.0880056,0,0,0,0.0880056,0,0,0,0.202806
261356000000,/,drone2,30,0,"container1",world,10.8628,-4.83754,0,0.0879462,0,0,0,0.0879462,0,0,0,0.202787
261356000000,/,drone2,31,1,"container2",world,12.4707,3.07614,0,0.0909688,0,0,0,0.0909688,0,0,0,0.211739
261396000000,/,drone2,26,2,"container3",world,10.4436,9.56705,0,0.0881339,0,0,0,0.0881339,0,0,0,0.203945
261396000000,/,drone2,28,1,"container2",world,11.581,1.47563,0,0.0879266,0,0,0,0.0879266,0,0,0,0.204481
261396000000,/,drone1,29,0,"container1",world,10.6125,-4.85421,0,0.0877314,0,0,0,0.0877314,0,0,0,0.202309
261396000000,/,drone2,30,0,"container1",world,10.8618,-4.84123,0,0.0877113,0,0,0,0.0877113,0,0,0,0.202363
261396000000,/,drone2,31,1,"container2",world,12.475,3.07594,0,0.0900367,0,0,0,0.0900367,0,0,0,0.209823
261428000000,/,drone2,26,2,"container3",world,10.4453,9.56887,0,0.0884729,0,0,0,0.0884729,0,0,0,0.204481
261428000000,/,drone2,28,1,"container2",world,11.5899,1.47737,0,0.0881326,0,0,0,0.0881326,0,0,0,0.204763
261428000000,/,drone1,29,0,"container1",world,10.6123,-4.85376,0,0.0879523,0,0,0,0.0879523,0,0,0,0.202691
261428000000,/,drone2,30,0,"container1",world,10.861,-4.84438,0,0.0879513,0,0,0,0.0879513,0,0,0,0.202781
261428000000,/,drone2,31,1,"container2",world,12.4787,3.07581,0,0.0897723,0,0,0,0.0897723,0,0,0,0.20912
261488000000,/,drone2,26,2,"container3",world,10.4451,9.57077,0,0.0881111,0,0,0,0.0881111,0,0,0,0.20374
261488000000,/,drone2,28,1,"container2",world,11.6011,1.479,0,0.0879853,0,0,0,0.0879853,0,0,0,0.204385
261488000000,/,drone1,29,0,"container1",world,10.6126,-4.85355,0,0.0878317,0,0,0,0.0878317,0,0,0,0.202471
261488000000,/,drone2,30,0,"container1",world,10.8605,-4.8489,0,0.0878382,0,0,0,0.0878382,0,0,0,0.202574
261488000000,/,drone2,31,1,"container2",world,12.4801,3.07565,0,0.0891953,0,0,0,0.0891953,0,0,0,0.207776
261500000000,/,drone2,26,2,"container3",world,10.4451,9.57125,0,0.0880197,0,0,0,0.0880197,0,0,0,0.203553
261500000000,/,drone2,28,1,"container2",world,11.6067,1.47982,0,0.0879113,0,0,0,0.0879113,0,0,0,0.204196
261500000000,/,drone1,29,0,"container1",world,10.6127,-4.85344,0,0.0877712,0,0,0,0.0877712,0,0,0,0.202361
261500000000,/,drone2,30,0,"container1",world,10.8603,-4.85117,0,0.0877815,0,0,0,0.0877815,0,0,0,0.202471
261500000000,/,drone2,31,1,"container2",world,12.4809,3.07556,0,0.0889011,0,0,0,0.0889011,0,0,0,0.207091
261560000000,/,drone2,26,2,"container3",world,10.443,9.57284,0,0.088248,0,0,0,0.088248,0,0,0,0.203881
261560000000,/,drone2,28,1,"container2",world,11.6143,1.48008,0,0.0880755,0,0,0,0.0880755,0,0,0,0.204396
261560000000,/,drone1,29,0,"container1",world,10.6141,-4.85351,0,0.0879579,0,0,0,0.0879579,0,0,0,0.202698
261560000000,/,drone2,30,0,"container1",world,10.8603,-4.85447,0,0.0879685,0,0,0,0.0879685,0,0,0,0.202807
261560000000,/,drone2,31,1,"container2",world,12.4811,3.07573,0,0.0888092,0,0,0,0.0888092,0,0,0,0.206653
261600000000,/,drone2,26,2,"container3",world,10.441,9.5741,0,0.0880968,0,0,0,0.0880968,0,0,0,0.203556
261600000000,/,drone2,28,1,"container2",world,11.6206,1.47996,0,0.0880306,0,0,0,0.0880306,0,0,0,0.204234
261600000000,/,drone1,29,0,"container1",world,10.6158,-4.85361,0,0.0879304,0,0,0,0.0879304,0,0,0,0.202654
261600000000,/,drone2,30,0,"container1",world,10.8603,-4.85647,0,0.0879405,0,0,0,0.0879405,0,0,0,0.20276
261600000000,/,drone2,31,1,"container2",world,12.4828,3.07623,0,0.0885844,0,0,0,0.0885844,0,0,0,0.206019
261660000000,/,drone2,26,2,"container3",world,10.4368,9.5755,0,0.0883759,0,0,0,0.0883759,0,0,0,0.203955
261660000000,/,drone2,28,1,"container2",world,11.6298,1.48013,0,0.0882375,0,0,0,0.0882375,0,0,0,0.204487
261660000000,/,drone1,29,0,"container1",world,10.6188,-4.85351,0,0.088157,0,0,0,0.088157,0,0,0,0.203055
261660000000,/,drone2,30,0,"container1",world,10.8604,-4.85945,0,0.0881656,0,0,0,0.0881656,0,0,0,0.203156
261660000000,/,drone2,31,1,"container2",world,12.4866,3.07708,0,0.0886195,0,0,0,0.0886195,0,0,0,0.205774
261700000000,/,drone2,26,2,"container3",world,10.4341,9.57633,0,0.0882336,0,0,0,0.0882336,0,0,0,0.203651
261700000000,/,drone2,28,1,"container2",world,11.637,1.48041,0,0.0882047,0,0,0,0.0882047,0,0,0,0.204341
261700000000,/,drone1,29,0,"container1",world,10.6212,-4.85329,0,0.0881381,0,0,0,0.0881381,0,0,0,0.203028
261700000000,/,drone2,30,0,"container1",world,10.8609,-4.86187,0,0.0881455,0,0,0,0.0881455,0,0,0,0.203123
261700000000,/,drone2,31,1,"container2",world,12.4899,3.07767,0,0.0884746,0,0,0,0.0884746,0,0,0,0.205283
261756000000,/,drone2,26,2,"container3",world,10.432,9.57708,0,0.088007,0,0,0,0.088007,0,0,0,0.203202
261756000000,/,drone2,28,1,"container2",world,11.6405,1.48055,0,0.0881883,0,0,0,0.0881883,0,0,0,0.204269
261756000000,/,drone1,29,0,"container1",world,10.6233,-4.85292,0,0.0880096,0,0,0,0.0880096,0,0,0,0.202804
261756000000,/,drone2,30,0,"container1",world,10.8617,-4.86412,0,0.0880159,0,0,0,0.0880159,0,0,0,0.202893
261756000000,/,drone2,31,1,"container2",world,12.493,3.0781,0,0.0882581,0,0,0,0.0882581,0,0,0,0.2047
261792000000,/,drone2,26,2,"container3",world,10.4303,9.57894,0,0.0876245,0,0,0,0.0876245,0,0,0,0.202432
261792000000,/,drone2,28,1,"container2",world,11.6481,1.48062,0,0.0920081,0,0,0,0.0920081,0,0,0,0.211093
261792000000,/,drone1,29,0,"container1",world,10.6259,-4.85201,0,0.0877397,0,0,0,0.0877397,0,0,0,0.202316
261792000000,/,drone2,30,0,"container1",world,10.8631,-4.86694,0,0.0877448,0,0,0,0.0877448,0,0,0,0.202399
261792000000,/,drone2,31,1,"container2",world,12.4974,3.07839,0,0.0879107,0,0,0,0.0879107,0,0,0,0.203826
261856000000,/,drone2,26,2,"container3",world,10.4332,9.5811,0,0.0880607,0,0,0,0.0880607,0,0,0,0.203147
261856000000,/,drone2,28,1,"container2",world,11.6577,1.48063,0,0.0981758,0,0,0,0.0981758,0,0,0,0.222238
261856000000,/,drone1,29,0,"container1",world,10.6277,-4.85117,0,0.0879624,0,0,0,0.0879624,0,0,0,0.202702
261856000000,/,drone2,30,0,"container1",world,10.8632,-4.86967,0,0.0879666,0,0,0,0.0879666,0,0,0,0.20278
261856000000,/,drone2,31,1,"container2",world,12.501,3.07836,0,0.0880816,0,0,0,0.0880816,0,0,0,0.203926
261900000000,/,drone2,26,2,"container3",world,10.4407,9.58398,0,0.087872,0,0,0,0.087872,0,0,0,0.202748
261900000000,/,drone2,28,1,"container2",world,11.6646,1.4803,0,0.0997637,0,0,0,0.0997637,0,0,0,0.225379
261900000000,/,drone1,29,0,"container1",world,10.6299,-4.85029,0,0.0878418,0,0,0,0.0878418,0,0,0,0.202484
261900000000,/,drone2,30,0,"container1",world,10.8638,-4.87309,0,0.0878449,0,0,0,0.0878449,0,0,0,0.202554
261900000000,/,drone2,31,1,"container2",world,12.5037,3.07667,0,0.0879241,0,0,0,0.0879241,0,0,0,0.203431
262000000000,/,drone2,26,2,"container3",world,10.4464,9.58726,0,0.0882896,0,0,0,0.0882896,0,0,0,0.203451
262000000000,/,drone2,28,1,"container2",world,11.6724,1.4783,0,0.0993377,0,0,0,0.0993377,0,0,0,0.225241
262000000000,/,drone1,29,0,"container1",world,10.6315,-4.84967,0,0.0881305,0,0,0,0.0881305,0,0,0,0.202995
262000000000,/,drone2,30,0,"container1",world,10.864,-4.87646,0,0.088133,0,0,0,0.088133,0,0,0,0.20306
262000000000,/,drone2,31,1,"container2",world,12.5056,3.07497,0,0.0881913,0,0,0,0.0881913,0,0,0,0.203745
262088000000,/,drone2,26,2,"container3",world,10.4552,9.59154,0,0.0880134,0,0,0,0.0880134,0,0,0,0.202928
262088000000,/,drone2,28,1,"container2",world,11.6788,1.47565,0,0.0977171,0,0,0,0.0977171,0,0,0,0.222972
262088000000,/,drone1,29,0,"container1",world,10.6333,-4.84932,0,0.0880206,0,0,0,0.0880206,0,0,0,0.202809
262088000000,/,drone2,30,0,"container1",world,10.8651,-4.8823,0,0.0880224,0,0,0,0.0880224,0,0,0,0.202867
262088000000,/,drone2,31,1,"container2",world,12.5073,3.07208,0,0.0880708,0,0,0,0.0880708,0,0,0,0.203378
262164000000,/,drone2,26,2,"container3",world,10.461,9.59516,0,0.088107,0,0,0,0.088107,0,0,0,0.20305
262164000000,/,drone2,28,1,"container2",world,11.6857,1.47351,0,0.0961949,0,0,0,0.0961949,0,0,0,0.220714
262164000000,/,drone1,29,0,"container1",world,10.636,-4.85154,0,0.0880726,0,0,0,0.0880726,0,0,0,0.202909
262164000000,/,drone2,30,0,"container1",world,10.865,-4.89243,0,0.0880738,0,0,0,0.0880738,0,0,0,0.202959
262164000000,/,drone2,31,1,"container2",world,12.5088,3.06741,0,0.0881234,0,0,0,0.0881234,0,0,0,0.203306
262220000000,/,drone2,26,2,"container3",world,10.4621,9.59734,0,0.0877902,0,0,0,0.0877902,0,0,0,0.202455
262220000000,/,drone2,28,1,"container2",world,11.6963,1.471,0,0.103432,0,0,0,0.103432,0,0,0,0.23411
262220000000,/,drone1,29,0,"container1",world,10.6382,-4.85397,0,0.0878708,0,0,0,0.0878708,0,0,0,0.202554
262220000000,/,drone2,30,0,"container1",world,10.8646,-4.90224,0,0.0878715,0,0,0,0.0878715,0,0,0,0.202596
262220000000,/,drone2,31,1,"container2",world,12.5095,3.06357,0,0.0879269,0,0,0,0.0879269,0,0,0,0.202835
262288000000,/,drone2,26,2,"container3",world,10.2605,9.70362,0,0.0879768,0,0,0,0.0879768,0,0,0,0.202788
262288000000,/,drone2,28,1,"container2",world,11.7062,1.46806,0,0.107962,0,0,0,0.107962,0,0,0,0.243363
262288000000,/,drone1,29,0,"container1",world,10.6397,-4.85541,0,0.088029,0,0,0,0.088029,0,0,0,0.202824
262288000000,/,drone2,30,0,"container1",world,10.8643,-4.91136,0,0.0880294,0,0,0,0.0880294,0,0,0,0.20286
262288000000,/,drone2,31,1,"container2",world,12.5093,3.06091,0,0.0880932,0,0,0,0.0880932,0,0,0,0.203029
262312000000,/,drone2,26,2,"container3",world,10.4095,9.62553,0,0.0878028,0,0,0,0.0878028,0,0,0,0.202432
262312000000,/,drone2,28,1,"container2",world,11.7113,1.4656,0,0.108224,0,0,0,0.108224,0,0,0,0.244743
262312000000,/,drone1,29,0,"container1",world,10.6403,-4.85548,0,0.0878763,0,0,0,0.0878763,0,0,0,0.202548
262312000000,/,drone2,30,0,"container1",world,10.8626,-4.91799,0,0.0878765,0,0,0,0.0878765,0,0,0,0.202578
262312000000,/,drone2,31,1,"container2",world,12.5083,3.05919,0,0.0879479,0,0,0,0.0879479,0,0,0,0.202708
262376000000,/,drone2,26,2,"container3",world,10.4452,9.60631,0,0.0879633,0,0,0,0.0879633,0,0,0,0.202716
262376000000,/,drone2,28,1,"container2",world,11.7138,1.46439,0,0.108353,0,0,0,0.108353,0,0,0,0.245428
262376000000,/,drone1,29,0,"container1",world,10.6405,-4.85432,0,0.0878939,0,0,0,0.0878939,0,0,0,0.202587
262376000000,/,drone2,30,0,"container1",world,10.8602,-4.92489,0,0.087894,0,0,0,0.087894,0,0,0,0.202611
262376000000,/,drone2,31,1,"container2",world,12.5062,3.0586,0,0.0879727,0,0,0,0.0879727,0,0,0,0.202722
262400000000,/,drone2,26,2,"container3",world,10.4566,9.6021,0,0.0877783,0,0,0,0.0877783,0,0,0,0.202382
262400000000,/,drone2,28,1,"container2",world,11.7195,1.4579,0,0.113687,0,0,0,0.113687,0,0,0,0.256454
262400000000,/,drone1,29,0,"container1",world,10.6404,-4.8533,0,0.0877931,0,0,0,0.0877931,0,0,0,0.202409
262400000000,/,drone2,30,0,"container1",world,10.8593,-4.92984,0,0.0877932,0,0,0,0.0877932,0,0,0,0.20243
262400000000,/,drone2,31,1,"container2",world,12.5049,3.05848,0,0.0878758,0,0,0,0.0878758,0,0,0,0.202534
262452000000,/,drone2,26,2,"container3",world,10.4594,9.60114,0,0.0882559,0,0,0,0.0882559,0,0,0,0.20323
262452000000,/,drone2,28,1,"container2",world,11.7223,1.45245,0,0.114233,0,0,0,0.114233,0,0,0,0.258551
262452000000,/,drone1,29,0,"container1",world,10.64,-4.85184,0,0.0879597,0,0,0,0.0879597,0,0,0,0.202712
262452000000,/,drone2,30,0,"container1",world,10.8593,-4.93453,0,0.0880925,0,0,0,0.0880925,0,0,0,0.202959
262452000000,/,drone2,31,1,"container2",world,12.504,3.05843,0,0.0881777,0,0,0,0.0881777,0,0,0,0.203064
262500000000,/,drone2,26,2,"container3",world,10.4594,9.601,0,0.0880567,0,0,0,0.0880567,0,0,0,0.20289
262500000000,/,drone2,28,1,"container2",world,11.724,1.44742,0,0.112539,0,0,0,0.112539,0,0,0,0.256407
262500000000,/,drone1,29,0,"container1",world,10.6398,-4.85061,0,0.0879225,0,0,0,0.0879225,0,0,0,0.202651
262500000000,/,drone2,30,0,"container1",world,10.8592,-4.94075,0,0.0879891,0,0,0,0.0879891,0,0,0,0.202781
262500000000,/,drone2,31,1,"container2",world,12.5031,3.05796,0,0.0880743,0,0,0,0.0880743,0,0,0,0.202892
262580000000,/,drone2,26,2,"container3",world,10.4626,9.60122,0,0.0877832,0,0,0,0.0877832,0,0,0,0.202404
262580000000,/,drone2,28,1,"container2",world,11.7261,1.441,0,0.108691,0,0,0,0.108691,0,0,0,0.250237
262580000000,/,drone1,29,0,"container1",world,10.6399,-4.84909,0,0.0876976,0,0,0,0.0876976,0,0,0,0.202244
262580000000,/,drone2,30,0,"container1",world,10.8585,-4.94541,0,0.0878289,0,0,0,0.0878289,0,0,0,0.202495
262580000000,/,drone2,31,1,"container2",world,12.5023,3.05727,0,0.087913,0,0,0,0.087913,0,0,0,0.202613
262644000000,/,drone2,26,2,"container3",world,10.462,9.60166,0,0.0881033,0,0,0,0.0881033,0,0,0,0.202958
262644000000,/,drone2,28,1,"container2",world,11.7289,1.4342,0,0.104823,0,0,0,0.104823,0,0,0,0.243575
262644000000,/,drone1,29,0,"container1",world,10.6402,-4.84766,0,0.0879431,0,0,0,0.0879431,0,0,0,0.202671
262644000000,/,drone2,30,0,"container1",world,10.8559,-4.95143,0,0.0880082,0,0,0,0.0880082,0,0,0,0.2028
262644000000,/,drone2,31,1,"container2",world,12.501,3.05562,0,0.0880899,0,0,0,0.0880899,0,0,0,0.202928
262700000000,/,drone2,26,2,"container3",world,10.4619,9.60177,0,0.0881827,0,0,0,0.0881827,0,0,0,0.203095
262700000000,/,drone2,28,1,"container2",world,11.7304,1.43044,0,0.102684,0,0,0,0.102684,0,0,0,0.239838
262700000000,/,drone1,29,0,"container1",world,10.6407,-4.84622,0,0.0879433,0,0,0,0.0879433,0,0,0,0.20267
262700000000,/,drone2,30,0,"container1",world,10.8546,-4.95443,0,0.0880974,0,0,0,0.0880974,0,0,0,0.202952
262700000000,/,drone2,31,1,"container2",world,12.5004,3.0548,0,0.0881779,0,0,0,0.0881779,0,0,0,0.203085
262748000000,/,drone2,26,2,"container3",world,10.4618,9.6018,0,0.0882025,0,0,0,0.0882025,0,0,0,0.203129
262748000000,/,drone2,28,1,"container2",world,11.7312,1.42846,0,0.101554,0,0,0,0.101554,0,0,0,0.237847
262748000000,/,drone1,29,0,"container1",world,10.6409,-4.8455,0,0.0879433,0,0,0,0.0879433,0,0,0,0.202669
262748000000,/,drone2,30,0,"container1",world,10.854,-4.95593,0,0.0881419,0,0,0,0.0881419,0,0,0,0.203027
262748000000,/,drone2,31,1,"container2",world,12.5,3.05439,0,0.0882217,0,0,0,0.0882217,0,0,0,0.203163
262800000000,/,drone2,26,2,"container3",world,10.4609,9.60178,0,0.0878591,0,0,0,0.0878591,0,0,0,0.202524
262800000000,/,drone2,28,1,"container2",world,11.7327,1.42615,0,0.0999757,0,0,0,0.0999757,0,0,0,0.234896
262800000000,/,drone1,29,0,"container1",world,10.6439,-4.84158,0,0.0878179,0,0,0,0.0878179,0,0,0,0.202451
262800000000,/,drone2,30,0,"container1",world,10.85,-4.95853,0,0.0879332,0,0,0,0.0879332,0,0,0,0.202655
262800000000,/,drone2,31,1,"container2",world,12.499,3.05311,0,0.0880094,0,0,0,0.0880094,0,0,0,0.202797
262868000000,/,drone2,26,2,"container3",world,10.4534,9.60419,0,0.0879119,0,0,0,0.0879119,0,0,0,0.202639
262868000000,/,drone2,28,1,"container2",world,11.7335,1.42495,0,0.0991518,0,0,0,0.0991518,0,0,0,0.233347
262868000000,/,drone1,29,0,"container1",world,10.6453,-4.83962,0,0.0877549,0,0,0,0.0877549,0,0,0,0.202341
262868000000,/,drone2,30,0,"container1",world,10.8393,-4.96425,0,0.0879223,0,0,0,0.0879223,0,0,0,0.202643
262868000000,/,drone2,31,1,"container2",world,12.4978,3.05125,0,0.0879915,0,0,0,0.0879915,0,0,0,0.202795
262952000000,/,drone2,26,2,"container3",world,10.4466,9.60613,0,0.0882821,0,0,0,0.0882821,0,0,0,0.203301
262952000000,/,drone2,28,1,"container2",world,11.7339,1.42434,0,0.0987304,0,0,0,0.0987304,0,0,0,0.232553
262952000000,/,drone1,29,0,"container1",world,10.6482,-4.8365,0,0.0878201,0,0,0,0.0878201,0,0,0,0.202466
262952000000,/,drone2,30,0,"container1",world,10.8251,-4.97078,0,0.0881563,0,0,0,0.0881563,0,0,0,0.203059
262952000000,/,drone2,31,1,"container2",world,12.4963,3.04935,0,0.0882185,0,0,0,0.0882185,0,0,0,0.203218
263016000000,/,drone2,26,2,"container3",world,10.4395,9.6101,0,0.0880131,0,0,0,0.0880131,0,0,0,0.202835
263016000000,/,drone2,28,1,"container2",world,11.7341,1.42402,0,0.0985172,0,0,0,0.0985172,0,0,0,0.232151
263016000000,/,drone1,29,0,"container1",world,10.6508,-4.83351,0,0.0876459,0,0,0,0.0876459,0,0,0,0.20215
263016000000,/,drone2,30,0,"container1",world,10.8085,-4.97683,0,0.0879131,0,0,0,0.0879131,0,0,0,0.202631
263016000000,/,drone2,31,1,"container2",world,12.4932,3.04739,0,0.0879661,0,0,0,0.0879661,0,0,0,0.202795
263100000000,/,drone2,26,2,"container3",world,10.4325,9.61258,0,0.0880801,0,0,0,0.0880801,0,0,0,0.202952
263100000000,/,drone2,28,1,"container2",world,11.7342,1.42387,0,0.09841,0,0,0,0.09841,0,0,0,0.231949
263100000000,/,drone1,29,0,"container1",world,10.6505,-4.83251,0,0.087795,0,0,0,0.087795,0,0,0,0.20241
263100000000,/,drone2,30,0,"container1",world,10.7923,-4.98288,0,0.0879283,0,0,0,0.0879283,0,0,0,0.202651
263100000000,/,drone2,31,1,"container2",world,12.4888,3.0453,0,0.0879717,0,0,0,0.0879717,0,0,0,0.202813
263176000000,/,drone2,26,2,"container3",world,10.4222,9.61279,0,0.0883399,0,0,0,0.0883399,0,0,0,0.203404
263176000000,/,drone2,28,1,"container2",world,11.7343,1.42379,0,0.0983563,0,0,0,0.0983563,0,0,0,0.231847
263176000000,/,drone1,29,0,"container1",world,10.6502,-4.83153,0,0.0881082,0,0,0,0.0881082,0,0,0,0.202962
263176000000,/,drone2,30,0,"container1",world,10.7824,-4.98847,0,0.0881742,0,0,0,0.0881742,0,0,0,0.203081
263176000000,/,drone2,31,1,"container2",world,12.4845,3.0439,0,0.0882098,0,0,0,0.0882098,0,0,0,0.203242
263260000000,/,drone2,26,2,"container3",world,10.4142,9.61486,0,0.0878599,0,0,0,0.0878599,0,0,0,0.20256
263260000000,/,drone2,28,1,"container2",world,11.7343,1.42375,0,0.0983293,0,0,0,0.0983293,0,0,0,0.231797
263260000000,/,drone1,29,0,"container1",world,10.6516,-4.82931,0,0.0879009,0,0,0,0.0879009,0,0,0,0.202599
263260000000,/,drone2,30,0,"container1",world,10.7769,-4.9949,0,0.0879342,0,0,0,0.0879342,0,0,0,0.202659
263260000000,/,drone2,31,1,"container2",world,12.479,3.04434,0,0.0879622,0,0,0,0.0879622,0,0,0,0.202812
263344000000,/,drone2,26,2,"container3",world,10.409,9.61748,0,0.0879422,0,0,0,0.0879422,0,0,0,0.202718
263344000000,/,drone2,28,1,"container2",world,11.7716,1.44579,0,0.215048,0,0,0,0.215048,0,0,0,0.463313
263344000000,/,drone1,29,0,"container1",world,10.6533,-4.82642,0,0.087893,0,0,0,0.087893,0,0,0,0.202594
263344000000,/,drone2,30,0,"container1",world,10.7694,-5.00243,0,0.0879097,0,0,0,0.0879097,0,0,0,0.202625
263344000000,/,drone2,31,1,"container2",world,12.4742,3.04532,0,0.0879308,0,0,0,0.0879308,0,0,0,0.202766
263416000000,/,drone2,26,2,"container3",world,10.4073,9.61871,0,0.0877392,0,0,0,0.0877392,0,0,0,0.202355
263416000000,/,drone2,28,1,"container2",world,11.7751,1.45711,0,0.199196,0,0,0,0.199196,0,0,0,0.4419
263416000000,/,drone1,29,0,"container1",world,10.655,-4.82407,0,0.0876826,0,0,0,0.0876826,0,0,0,0.202215
263416000000,/,drone2,30,0,"container1",world,10.7642,-5.00747,0,0.0877889,0,0,0,0.0877889,0,0,0,0.202412
263416000000,/,drone2,31,1,"container2",world,12.4706,3.04661,0,0.0877071,0,0,0,0.0877071,0,0,0,0.202361
263504000000,/,drone2,26,2,"container3",world,10.4045,9.62045,0,0.0877207,0,0,0,0.0877207,0,0,0,0.202308
263504000000,/,drone2,28,1,"container2",world,11.7787,1.46617,0,0.182996,0,0,0,0.182996,0,0,0,0.417066
263504000000,/,drone1,29,0,"container1",world,10.6566,-4.82191,0,0.0878133,0,0,0,0.0878133,0,0,0,0.202442
263504000000,/,drone2,30,0,"container1",world,10.7599,-5.01108,0,0.0876302,0,0,0,0.0876302,0,0,0,0.202123
263504000000,/,drone2,31,1,"container2",world,12.4688,3.04727,0,0.0875945,0,0,0,0.0875945,0,0,0,0.202157
263592000000,/,drone2,26,2,"container3",world,10.4034,9.62119,0,0.0877752,0,0,0,0.0877752,0,0,0,0.202401
263592000000,/,drone2,28,1,"container2",world,11.781,1.47201,0,0.172556,0,0,0,0.172556,0,0,0,0.400328
263592000000,/,drone1,29,0,"container1",world,10.6579,-4.81954,0,0.0881172,0,0,0,0.0881172,0,0,0,0.202978
263592000000,/,drone2,30,0,"container1",world,10.7578,-5.0129,0,0.0875505,0,0,0,0.0875505,0,0,0,0.201978
263592000000,/,drone2,31,1,"container2",world,12.4679,3.04759,0,0.087538,0,0,0,0.087538,0,0,0,0.202054
263672000000,/,drone2,26,2,"container3",world,10.4055,9.62011,0,0.0876048,0,0,0,0.0876048,0,0,0,0.2021
263672000000,/,drone2,28,1,"container2",world,11.7894,1.46844,0,0.162457,0,0,0,0.162457,0,0,0,0.384355
263672000000,/,drone1,29,0,"container1",world,10.6585,-4.81639,0,0.0879054,0,0,0,0.0879054,0,0,0,0.202606
263672000000,/,drone2,30,0,"container1",world,10.7567,-5.01381,0,0.0875105,0,0,0,0.0875105,0,0,0,0.201905
263672000000,/,drone2,31,1,"container2",world,12.4675,3.04776,0,0.0875097,0,0,0,0.0875097,0,0,0,0.202003
263756000000,/,drone2,26,2,"container3",world,10.4296,9.61006,0,0.0932924,0,0,0,0.0932924,0,0,0,0.213582
263756000000,/,drone2,28,1,"container2",world,11.7938,1.46053,0,0.149301,0,0,0,0.149301,0,0,0,0.359845
263756000000,/,drone1,29,0,"container1",world,10.6587,-4.81222,0,0.0878953,0,0,0,0.0878953,0,0,0,0.202598
263756000000,/,drone2,30,0,"container1",world,10.7111,-5.01156,0,0.0900025,0,0,0,0.0900025,0,0,0,0.207031
263756000000,/,drone2,31,1,"container2",world,12.4572,3.05164,0,0.0975075,0,0,0,0.0975075,0,0,0,0.221766
263836000000,/,drone2,26,2,"container3",world,10.431,9.61153,0,0.0929185,0,0,0,0.0929185,0,0,0,0.213465
263836000000,/,drone2,28,1,"container2",world,11.7959,1.45064,0,0.136388,0,0,0,0.136388,0,0,0,0.333666
263836000000,/,drone1,29,0,"container1",world,10.6593,-4.80851,0,0.0876838,0,0,0,0.0876838,0,0,0,0.202217
263836000000,/,drone2,30,0,"container1",world,10.6858,-5.00662,0,0.0904352,0,0,0,0.0904352,0,0,0,0.208215
263836000000,/,drone2,31,1,"container2",world,12.4512,3.05463,0,0.098952,0,0,0,0.098952,0,0,0,0.225514
263904000000,/,drone2,26,2,"container3",world,10.4279,9.61521,0,0.0922084,0,0,0,0.0922084,0,0,0,0.212483
263904000000,/,drone2,28,1,"container2",world,11.7972,1.43856,0,0.126964,0,0,0,0.126964,0,0,0,0.31215
263904000000,/,drone1,29,0,"container1",world,10.6608,-4.80504,0,0.0878139,0,0,0,0.0878139,0,0,0,0.202443
263904000000,/,drone2,30,0,"container1",world,10.67,-5.00128,0,0.0904858,0,0,0,0.0904858,0,0,0,0.208571
263904000000,/,drone2,31,1,"container2",world,12.4464,3.05744,0,0.0983332,0,0,0,0.0983332,0,0,0,0.225309
264000000000,/,drone2,26,2,"container3",world,10.4235,9.61939,0,0.0916108,0,0,0,0.0916108,0,0,0,0.211523
264000000000,/,drone2,28,1,"container2",world,11.7964,1.4284,0,0.118382,0,0,0,0.118382,0,0,0,0.29177
264000000000,/,drone1,29,0,"container1",world,10.6627,-4.80156,0,0.0881176,0,0,0,0.0881176,0,0,0,0.202978
264000000000,/,drone2,30,0,"container1",world,10.6578,-4.99406,0,0.0904232,0,0,0,0.0904232,0,0,0,0.208605
264000000000,/,drone2,31,1,"container2",world,12.4425,3.06026,0,0.0970564,0,0,0,0.0970564,0,0,0,0.223619
264080000000,/,drone2,26,2,"container3",world,10.4165,9.62507,0,0.090067,0,0,0,0.090067,0,0,0,0.20871
264080000000,/,drone2,28,1,"container2",world,11.7922,1.41981,0,0.110068,0,0,0,0.110068,0,0,0,0.271048
264080000000,/,drone1,29,0,"container1",world,10.6651,-4.79783,0,0.0879056,0,0,0,0.0879056,0,0,0,0.202607
264080000000,/,drone2,30,0,"container1",world,10.6423,-4.98103,0,0.08967,0,0,0,0.08967,0,0,0,0.207297
264080000000,/,drone2,31,1,"container2",world,12.4391,3.06435,0,0.0947534,0,0,0,0.0947534,0,0,0,0.219745
264160000000,/,drone2,26,2,"container3",world,10.4091,9.63034,0,0.089296,0,0,0,0.089296,0,0,0,0.207119
264160000000,/,drone2,28,1,"container2",world,11.7881,1.41407,0,0.103715,0,0,0,0.103715,0,0,0,0.254257
264160000000,/,drone1,29,0,"container1",world,10.6674,-4.79425,0,0.0878954,0,0,0,0.0878954,0,0,0,0.202598
264160000000,/,drone2,30,0,"container1",world,10.6292,-4.96865,0,0.0891337,0,0,0,0.0891337,0,0,0,0.206266
264160000000,/,drone2,31,1,"container2",world,12.4367,3.06922,0,0.0927498,0,0,0,0.0927498,0,0,0,0.21602
264232000000,/,drone2,26,2,"container3",world,10.4055,9.63374,0,0.0885192,0,0,0,0.0885192,0,0,0,0.205496
264232000000,/,drone2,28,1,"container2",world,11.785,1.40983,0,0.0987709,0,0,0,0.0987709,0,0,0,0.240648
264232000000,/,drone1,29,0,"container1",world,10.669,-4.79165,0,0.0876838,0,0,0,0.0876838,0,0,0,0.202217
264232000000,/,drone2,30,0,"container1",world,10.6212,-4.96027,0,0.0885437,0,0,0,0.0885437,0,0,0,0.205084
264232000000,/,drone2,31,1,"container2",world,12.4351,3.0735,0,0.091086,0,0,0,0.091086,0,0,0,0.21271
264304000000,/,drone2,26,2,"container3",world,10.4048,9.63651,0,0.0884344,0,0,0,0.0884344,0,0,0,0.205097
264304000000,/,drone2,28,1,"container2",world,11.7832,1.4058,0,0.0951363,0,0,0,0.0951363,0,0,0,0.22939
264304000000,/,drone1,29,0,"container1",world,10.6701,-4.7896,0,0.0878139,0,0,0,0.0878139,0,0,0,0.202443
264304000000,/,drone2,30,0,"container1",world,10.6175,-4.95291,0,0.088393,0,0,0,0.088393,0,0,0,0.204659
264304000000,/,drone2,31,1,"container2",world,12.4335,3.07711,0,0.0901319,0,0,0,0.0901319,0,0,0,0.210552
264400000000,/,drone2,26,2,"container3",world,10.4044,9.63832,0,0.0886321,0,0,0,0.0886321,0,0,0,0.2052
264400000000,/,drone2,28,1,"container2",world,11.7841,1.40356,0,0.0929363,0,0,0,0.0929363,0,0,0,0.221697
264400000000,/,drone1,29,0,"container1",world,10.6703,-4.7879,0,0.0881176,0,0,0,0.0881176,0,0,0,0.202978
264400000000,/,drone2,30,0,"container1",world,10.6163,-4.94638,0,0.0884942,0,0,0,0.0884942,0,0,0,0.204669
264400000000,/,drone2,31,1,"container2",world,12.4324,3.08062,0,0.0896489,0,0,0,0.0896489,0,0,0,0.209177
264468000000,/,drone2,26,2,"container3",world,10.4043,9.63912,0,0.0880164,0,0,0,0.0880164,0,0,0,0.203796
264468000000,/,drone2,28,1,"container2",world,11.789,1.40556,0,0.0911218,0,0,0,0.0911218,0,0,0,0.215212
264468000000,/,drone1,29,0,"container1",world,10.6697,-4.7865,0,0.0879056,0,0,0,0.0879056,0,0,0,0.202607
264468000000,/,drone2,30,0,"container1",world,10.6191,-4.94091,0,0.0881313,0,0,0,0.0881313,0,0,0,0.203824
264468000000,/,drone2,31,1,"container2",world,12.4323,3.08467,0,0.0888444,0,0,0,0.0888444,0,0,0,0.207098
264556000000,/,drone2,26,2,"container3",world,10.4047,9.63877,0,0.0881376,0,0,0,0.0881376,0,0,0,0.203788
264556000000,/,drone2,28,1,"container2",world,11.7938,1.407,0,0.0902678,0,0,0,0.0902678,0,0,0,0.21133
264556000000,/,drone1,29,0,"container1",world,10.6687,-4.78602,0,0.0878954,0,0,0,0.0878954,0,0,0,0.202598
264556000000,/,drone2,30,0,"container1",world,10.6268,-4.93566,0,0.0881434,0,0,0,0.0881434,0,0,0,0.203677
264556000000,/,drone2,31,1,"container2",world,12.4314,3.08784,0,0.0885635,0,0,0,0.0885635,0,0,0,0.206032
264608000000,/,drone2,26,2,"container3",world,10.4062,9.63681,0,0.0883152,0,0,0,0.0883152,0,0,0,0.203847
264608000000,/,drone2,28,1,"container2",world,11.7988,1.40733,0,0.089894,0,0,0,0.089894,0,0,0,0.208783
264608000000,/,drone1,29,0,"container1",world,10.6676,-4.78632,0,0.0881313,0,0,0,0.0881313,0,0,0,0.203018
264608000000,/,drone2,30,0,"container1",world,10.6459,-4.92916,0,0.0882564,0,0,0,0.0882564,0,0,0,0.203698
264608000000,/,drone2,31,1,"container2",world,12.4294,3.08991,0,0.0884809,0,0,0,0.0884809,0,0,0,0.205287
264700000000,/,drone2,26,2,"container3",world,10.4077,9.63389,0,0.0879795,0,0,0,0.0879795,0,0,0,0.203094
264700000000,/,drone2,28,1,"container2",world,11.8027,1.40727,0,0.0894442,0,0,0,0.0894442,0,0,0,0.206784
264700000000,/,drone1,29,0,"container1",world,10.6663,-4.78734,0,0.0879989,0,0,0,0.0879989,0,0,0,0.20279
264700000000,/,drone2,30,0,"container1",world,10.6658,-4.92514,0,0.088062,0,0,0,0.088062,0,0,0,0.203223
264700000000,/,drone2,31,1,"container2",world,12.4272,3.09094,0,0.0881785,0,0,0,0.0881785,0,0,0,0.204293
264760000000,/,drone2,26,2,"container3",world,10.4093,9.63028,0,0.0875879,0,0,0,0.0875879,0,0,0,0.202259
264760000000,/,drone2,28,1,"container2",world,11.8063,1.4101,0,0.0890061,0,0,0,0.0890061,0,0,0,0.205235
264760000000,/,drone1,29,0,"container1",world,10.6646,-4.78874,0,0.0877281,0,0,0,0.0877281,0,0,0,0.202301
264760000000,/,drone2,30,0,"container1",world,10.686,-4.92359,0,0.0877611,0,0,0,0.0877611,0,0,0,0.202573
264760000000,/,drone2,31,1,"container2",world,12.4251,3.09043,0,0.0878209,0,0,0,0.0878209,0,0,0,0.203283
264800000000,/,drone2,26,2,"container3",world,10.4125,9.62555,0,0.0876891,0,0,0,0.0876891,0,0,0,0.202302
264800000000,/,drone2,28,1,"container2",world,11.8078,1.41636,0,0.0889064,0,0,0,0.0889064,0,0,0,0.204579
264800000000,/,drone1,29,0,"container1",world,10.6638,-4.78944,0,0.0875915,0,0,0,0.0875915,0,0,0,0.202054
264800000000,/,drone2,30,0,"container1",world,10.7071,-4.92353,0,0.087741,0,0,0,0.087741,0,0,0,0.202432
264800000000,/,drone2,31,1,"container2",world,12.4217,3.0888,0,0.0877776,0,0,0,0.0877776,0,0,0,0.202859
264868000000,/,drone2,26,2,"container3",world,10.4142,9.62325,0,0.0881133,0,0,0,0.0881133,0,0,0,0.202987
264868000000,/,drone2,28,1,"container2",world,11.808,1.42073,0,0.0892082,0,0,0,0.0892082,0,0,0,0.204875
264868000000,/,drone1,29,0,"container1",world,10.6567,-4.79361,0,0.0877477,0,0,0,0.0877477,0,0,0,0.202333
264868000000,/,drone2,30,0,"container1",world,10.7217,-4.92409,0,0.0879517,0,0,0,0.0879517,0,0,0,0.202741
264868000000,/,drone2,31,1,"container2",world,12.4193,3.08639,0,0.0879836,0,0,0,0.0879836,0,0,0,0.202987
264904000000,/,drone2,26,2,"container3",world,10.4179,9.62046,0,0.0879751,0,0,0,0.0879751,0,0,0,0.202716
264904000000,/,drone2,28,1,"container2",world,11.8048,1.42579,0,0.0890829,0,0,0,0.0890829,0,0,0,0.204593
264904000000,/,drone1,29,0,"container1",world,10.6532,-4.79568,0,0.0878254,0,0,0,0.0878254,0,0,0,0.202471
264904000000,/,drone2,30,0,"container1",world,10.7302,-4.92464,0,0.0879376,0,0,0,0.0879376,0,0,0,0.202679
264904000000,/,drone2,31,1,"container2",world,12.4173,3.08461,0,0.0879708,0,0,0,0.0879708,0,0,0,0.202824
264992000000,/,drone2,26,2,"container3",world,10.4226,9.61777,0,0.0883068,0,0,0,0.0883068,0,0,0,0.203272
264992000000,/,drone2,28,1,"container2",world,11.8012,1.43173,0,0.0892395,0,0,0,0.0892395,0,0,0,0.204916
264992000000,/,drone1,29,0,"container1",world,10.6481,-4.79848,0,0.088105,0,0,0,0.088105,0,0,0,0.202965
264992000000,/,drone2,30,0,"container1",world,10.7361,-4.92468,0,0.0881741,0,0,0,0.0881741,0,0,0,0.203068
264992000000,/,drone2,31,1,"container2",world,12.4146,3.08255,0,0.0882153,0,0,0,0.0882153,0,0,0,0.203146
265000000000,/,drone2,26,2,"container3",world,10.4253,9.61593,0,0.0881948,0,0,0,0.0881948,0,0,0,0.203069
265000000000,/,drone2,28,1,"container2",world,11.8004,1.43776,0,0.0891683,0,0,0,0.0891683,0,0,0,0.204866
265000000000,/,drone1,29,0,"container1",world,10.6438,-4.80077,0,0.0881122,0,0,0,0.0881122,0,0,0,0.202982
265000000000,/,drone2,30,0,"container1",world,10.7403,-4.92484,0,0.0881612,0,0,0,0.0881612,0,0,0,0.203034
265000000000,/,drone2,31,1,"container2",world,12.4123,3.08077,0,0.0882092,0,0,0,0.0882092,0,0,0,0.203075
265060000000,/,drone2,26,2,"container3",world,10.4279,9.61443,0,0.0878835,0,0,0,0.0878835,0,0,0,0.202508
265060000000,/,drone2,28,1,"container2",world,11.801,1.44415,0,0.0889949,0,0,0,0.0889949,0,0,0,0.204646
265060000000,/,drone1,29,0,"container1",world,10.638,-4.80415,0,0.0878887,0,0,0,0.0878887,0,0,0,0.202586
265060000000,/,drone2,30,0,"container1",world,10.7439,-4.92444,0,0.0879295,0,0,0,0.0879295,0,0,0,0.202614
265060000000,/,drone2,31,1,"container2",world,12.4094,3.07801,0,0.0879855,0,0,0,0.0879855,0,0,0,0.202635
265100000000,/,drone2,26,2,"container3",world,10.4322,9.61196,0,0.0876052,0,0,0,0.0876052,0,0,0,0.201999
265100000000,/,drone2,28,1,"container2",world,11.8018,1.45583,0,0.0886634,0,0,0,0.0886634,0,0,0,0.204191
265100000000,/,drone1,29,0,"container1",world,10.6333,-4.80715,0,0.0876787,0,0,0,0.0876787,0,0,0,0.202206
265100000000,/,drone2,30,0,"container1",world,10.7455,-4.92325,0,0.0877159,0,0,0,0.0877159,0,0,0,0.202222
265100000000,/,drone2,31,1,"container2",world,12.4072,3.07563,0,0.0877777,0,0,0,0.0877777,0,0,0,0.202235
265156000000,/,drone2,26,2,"container3",world,10.435,9.61021,0,0.0880756,0,0,0,0.0880756,0,0,0,0.202824
265156000000,/,drone2,28,1,"container2",world,11.7998,1.46585,0,0.0888398,0,0,0,0.0888398,0,0,0,0.204622
265156000000,/,drone1,29,0,"container1",world,10.6271,-4.8114,0,0.0878102,0,0,0,0.0878102,0,0,0,0.202434
265156000000,/,drone2,30,0,"container1",world,10.7461,-4.92201,0,0.0879683,0,0,0,0.0879683,0,0,0,0.202661
265156000000,/,drone2,31,1,"container2",world,12.4052,3.07339,0,0.0880354,0,0,0,0.0880354,0,0,0,0.202672
265192000000,/,drone2,26,2,"container3",world,10.4385,9.60729,0,0.0879558,0,0,0,0.0879558,0,0,0,0.202614
265192000000,/,drone2,28,1,"container2",world,11.7949,1.478,0,0.0886521,0,0,0,0.0886521,0,0,0,0.204441
265192000000,/,drone1,29,0,"container1",world,10.6221,-4.81494,0,0.0877654,0,0,0,0.0877654,0,0,0,0.202349
265192000000,/,drone2,30,0,"container1",world,10.7463,-4.922,0,0.0879722,0,0,0,0.0879722,0,0,0,0.202667
265192000000,/,drone2,31,1,"container2",world,12.4037,3.07123,0,0.0880428,0,0,0,0.0880428,0,0,0,0.20268
265220000000,/,drone2,26,2,"container3",world,10.4396,9.60426,0,0.0883387,0,0,0,0.0883387,0,0,0,0.203301
265220000000,/,drone2,28,1,"container2",world,11.7899,1.48752,0,0.0888892,0,0,0,0.0888892,0,0,0,0.20499
265220000000,/,drone1,29,0,"container1",world,10.6178,-4.81823,0,0.0880928,0,0,0,0.0880928,0,0,0,0.202929
265220000000,/,drone2,30,0,"container1",world,10.7448,-4.92204,0,0.0882132,0,0,0,0.0882132,0,0,0,0.203097
265220000000,/,drone2,31,1,"container2",world,12.4017,3.06783,0,0.0882871,0,0,0,0.0882871,0,0,0,0.203121
265288000000,/,drone2,26,2,"container3",world,10.4413,9.60083,0,0.0880536,0,0,0,0.0880536,0,0,0,0.202821
265288000000,/,drone2,28,1,"container2",world,11.7816,1.49809,0,0.0887091,0,0,0,0.0887091,0,0,0,0.204817
265288000000,/,drone1,29,0,"container1",world,10.614,-4.82131,0,0.0881221,0,0,0,0.0881221,0,0,0,0.202987
265288000000,/,drone2,30,0,"container1",world,10.7413,-4.92204,0,0.0880793,0,0,0,0.0880793,0,0,0,0.202875
265288000000,/,drone2,31,1,"container2",world,12.4014,3.06217,0,0.0881542,0,0,0,0.0881542,0,0,0,0.202913
265300000000,/,drone2,26,2,"container3",world,10.4418,9.59996,0,0.0879818,0,0,0,0.0879818,0,0,0,0.202701
265300000000,/,drone2,28,1,"container2",world,11.7775,1.50339,0,0.0886187,0,0,0,0.0886187,0,0,0,0.20473
265300000000,/,drone1,29,0,"container1",world,10.6122,-4.82284,0,0.0881368,0,0,0,0.0881368,0,0,0,0.203016
265300000000,/,drone2,30,0,"container1",world,10.7395,-4.92204,0,0.0880121,0,0,0,0.0880121,0,0,0,0.202764
265300000000,/,drone2,31,1,"container2",world,12.4012,3.05933,0,0.0880875,0,0,0,0.0880875,0,0,0,0.202809
265372000000,/,drone2,26,2,"container3",world,10.443,9.59865,0,0.0883211,0,0,0,0.0883211,0,0,0,0.203313
265372000000,/,drone2,28,1,"container2",world,11.7698,1.51094,0,0.0887731,0,0,0,0.0887731,0,0,0,0.205106
265372000000,/,drone1,29,0,"container1",world,10.6112,-4.82361,0,0.0881441,0,0,0,0.0881441,0,0,0,0.203031
265372000000,/,drone2,30,0,"container1",world,10.7357,-4.92199,0,0.0882171,0,0,0,0.0882171,0,0,0,0.203135
265372000000,/,drone2,31,1,"container2",world,12.4016,3.0542,0,0.0882917,0,0,0,0.0882917,0,0,0,0.203194
265400000000,/,drone2,26,2,"container3",world,10.4432,9.59765,0,0.0882067,0,0,0,0.0882067,0,0,0,0.203128
265400000000,/,drone2,28,1,"container2",world,11.7642,1.51813,0,0.0886975,0,0,0,0.0886975,0,0,0,0.205052
265400000000,/,drone1,29,0,"container1",world,10.6108,-4.824,0,0.0881478,0,0,0,0.0881478,0,0,0,0.203038
265400000000,/,drone2,30,0,"container1",world,10.7324,-4.92253,0,0.0881866,0,0,0,0.0881866,0,0,0,0.203094
265400000000,/,drone2,31,1,"container2",world,12.402,3.05001,0,0.0882597,0,0,0,0.0882597,0,0,0,0.203164
265456000000,/,drone2,26,2,"container3",world,10.4424,9.59731,0,0.0878874,0,0,0,0.0878874,0,0,0,0.202577
265456000000,/,drone2,28,1,"container2",world,11.7604,1.52496,0,0.0885205,0,0,0,0.0885205,0,0,0,0.204798
265456000000,/,drone1,29,0,"container1",world,10.6106,-4.82419,0,0.0881496,0,0,0,0.0881496,0,0,0,0.203041
265456000000,/,drone2,30,0,"container1",world,10.7277,-4.92284,0,0.0879425,0,0,0,0.0879425,0,0,0,0.202672
265456000000,/,drone2,31,1,"container2",world,12.4029,3.04555,0,0.0880119,0,0,0,0.0880119,0,0,0,0.202754
265500000000,/,drone2,26,2,"container3",world,10.4415,9.59523,0,0.0877036,0,0,0,0.0877036,0,0,0,0.202249
265500000000,/,drone2,28,1,"container2",world,11.7567,1.53419,0,0.0881897,0,0,0,0.0881897,0,0,0,0.204256
265500000000,/,drone1,29,0,"container1",world,10.6104,-4.82428,0,0.0881505,0,0,0,0.0881505,0,0,0,0.203043
265500000000,/,drone2,30,0,"container1",world,10.7253,-4.92299,0,0.0878195,0,0,0,0.0878195,0,0,0,0.202459
265500000000,/,drone2,31,1,"container2",world,12.4033,3.0433,0,0.0878872,0,0,0,0.0878872,0,0,0,0.202547
265552000000,/,drone2,26,2,"container3",world,10.439,9.59415,0,0.0879704,0,0,0,0.0879704,0,0,0,0.202728
265552000000,/,drone2,28,1,"container2",world,11.7542,1.54106,0,0.0883654,0,0,0,0.0883654,0,0,0,0.204602
265552000000,/,drone1,29,0,"container1",world,10.6022,-4.83803,0,0.0880472,0,0,0,0.0880472,0,0,0,0.202855
265552000000,/,drone2,30,0,"container1",world,10.7224,-4.9227,0,0.0878937,0,0,0,0.0878937,0,0,0,0.202592
265552000000,/,drone2,31,1,"container2",world,12.4054,3.03958,0,0.087956,0,0,0,0.087956,0,0,0,0.202694
265588000000,/,drone2,26,2,"container3",world,10.435,9.59138,0,0.0878087,0,0,0,0.0878087,0,0,0,0.202445
265588000000,/,drone2,28,1,"container2",world,11.7527,1.5479,0,0.0881899,0,0,0,0.0881899,0,0,0,0.204311
265588000000,/,drone1,29,0,"container1",world,10.5973,-4.84639,0,0.0878854,0,0,0,0.0878854,0,0,0,0.202564
265588000000,/,drone2,30,0,"container1",world,10.721,-4.92287,0,0.0878196,0,0,0,0.0878196,0,0,0,0.202461
265588000000,/,drone2,31,1,"container2",world,12.4074,3.03714,0,0.0878774,0,0,0,0.0878774,0,0,0,0.202572
265620000000,/,drone2,26,2,"container3",world,10.432,9.58929,0,0.0882896,0,0,0,0.0882896,0,0,0,0.203305
265620000000,/,drone2,28,1,"container2",world,11.7517,1.55311,0,0.0884372,0,0,0,0.0884372,0,0,0,0.204766
265620000000,/,drone1,29,0,"container1",world,10.5941,-4.85227,0,0.088153,0,0,0,0.088153,0,0,0,0.203038
265620000000,/,drone2,30,0,"container1",world,10.7199,-4.92279,0,0.0881312,0,0,0,0.0881312,0,0,0,0.203018
265620000000,/,drone2,31,1,"container2",world,12.4094,3.03535,0,0.0881854,0,0,0,0.0881854,0,0,0,0.203136
265700000000,/,drone2,26,2,"container3",world,10.4289,9.58663,0,0.0880257,0,0,0,0.0880257,0,0,0,0.20286
265700000000,/,drone2,28,1,"container2",world,11.751,1.55829,0,0.0882811,0,0,0,0.0882811,0,0,0,0.204489
265700000000,/,drone1,29,0,"container1",world,10.5908,-4.8597,0,0.0879236,0,0,0,0.0879236,0,0,0,0.202636
265700000000,/,drone2,30,0,"container1",world,10.7194,-4.92206,0,0.0880306,0,0,0,0.0880306,0,0,0,0.202853
265700000000,/,drone2,31,1,"container2",world,12.4118,3.03391,0,0.0880794,0,0,0,0.0880794,0,0,0,0.202977
265784000000,/,drone2,26,2,"container3",world,10.4276,9.58585,0,0.0877935,0,0,0,0.0877935,0,0,0,0.202452
265784000000,/,drone2,28,1,"container2",world,11.7506,1.56221,0,0.0880823,0,0,0,0.0880823,0,0,0,0.204122
265784000000,/,drone1,29,0,"container1",world,10.5891,-4.86344,0,0.087808,0,0,0,0.087808,0,0,0,0.202434
265784000000,/,drone2,30,0,"container1",world,10.7183,-4.92122,0,0.0878701,0,0,0,0.0878701,0,0,0,0.202574
265784000000,/,drone2,31,1,"container2",world,12.4136,3.03306,0,0.0879145,0,0,0,0.0879145,0,0,0,0.202702
265860000000,/,drone2,26,2,"container3",world,10.4288,9.58556,0,0.087936,0,0,0,0.087936,0,0,0,0.202725
265860000000,/,drone2,28,1,"container2",world,11.7505,1.56436,0,0.0881791,0,0,0,0.0881791,0,0,0,0.204271
265860000000,/,drone1,29,0,"container1",world,10.5873,-4.8704,0,0.0878467,0,0,0,0.0878467,0,0,0,0.202512
265860000000,/,drone2,30,0,"container1",world,10.7103,-4.92019,0,0.087884,0,0,0,0.087884,0,0,0,0.202613
265860000000,/,drone2,31,1,"container2",world,12.4161,3.03317,0,0.0879217,0,0,0,0.0879217,0,0,0,0.202743
265928000000,/,drone2,26,2,"container3",world,10.4314,9.58472,0,0.0876478,0,0,0,0.0876478,0,0,0,0.202209
265928000000,/,drone2,28,1,"container2",world,11.7508,1.56599,0,0.0879827,0,0,0,0.0879827,0,0,0,0.203872
265928000000,/,drone1,29,0,"container1",world,10.5859,-4.8786,0,0.088017,0,0,0,0.088017,0,0,0,0.202804
265928000000,/,drone2,30,0,"container1",world,10.701,-4.91886,0,0.0876832,0,0,0,0.0876832,0,0,0,0.202254
265928000000,/,drone2,31,1,"container2",world,12.4184,3.03383,0,0.0877147,0,0,0,0.0877147,0,0,0,0.202383
266000000000,/,drone2,26,2,"container3",world,10.4373,9.58354,0,0.0878787,0,0,0,0.0878787,0,0,0,0.202613
266000000000,/,drone2,28,1,"container2",world,11.752,1.56638,0,0.0880023,0,0,0,0.0880023,0,0,0,0.203816
266000000000,/,drone1,29,0,"container1",world,10.5848,-4.88399,0,0.0879803,0,0,0,0.0879803,0,0,0,0.202736
266000000000,/,drone2,30,0,"container1",world,10.6916,-4.91811,0,0.0878177,0,0,0,0.0878177,0,0,0,0.20249
266000000000,/,drone2,31,1,"container2",world,12.4209,3.03442,0,0.0878438,0,0,0,0.0878438,0,0,0,0.202617
266080000000,/,drone2,26,2,"container3",world,10.4426,9.58298,0,0.088291,0,0,0,0.088291,0,0,0,0.203342
266080000000,/,drone2,28,1,"container2",world,11.7532,1.56664,0,0.0882404,0,0,0,0.0882404,0,0,0,0.204151
266080000000,/,drone1,29,0,"container1",world,10.5833,-4.89043,0,0.0880667,0,0,0,0.0880667,0,0,0,0.202894
266080000000,/,drone2,30,0,"container1",world,10.6824,-4.91791,0,0.0881227,0,0,0,0.0881227,0,0,0,0.203029
266080000000,/,drone2,31,1,"container2",world,12.4229,3.03486,0,0.0881439,0,0,0,0.0881439,0,0,0,0.203153
266112000000,/,drone2,26,2,"container3",world,10.4466,9.58214,0,0.0878477,0,0,0,0.0878477,0,0,0,0.202561
266112000000,/,drone2,28,1,"container2",world,11.7646,1.5751,0,0.087986,0,0,0,0.087986,0,0,0,0.203594
266112000000,/,drone1,29,0,"container1",world,10.5824,-4.8957,0,0.08788,0,0,0,0.08788,0,0,0,0.202564
266112000000,/,drone2,30,0,"container1",world,10.6701,-4.91812,0,0.0879103,0,0,0,0.0879103,0,0,0,0.202656
266112000000,/,drone2,31,1,"container2",world,12.4241,3.03527,0,0.0879266,0,0,0,0.0879266,0,0,0,0.202772
266180000000,/,drone2,26,2,"container3",world,10.4491,9.58138,0,0.0881256,0,0,0,0.0881256,0,0,0,0.203061
266180000000,/,drone2,28,1,"container2",world,11.7735,1.58242,0,0.0882036,0,0,0,0.0882036,0,0,0,0.203908
266180000000,/,drone1,29,0,"container1",world,10.5818,-4.9001,0,0.0880027,0,0,0,0.0880027,0,0,0,0.202789
266180000000,/,drone2,30,0,"container1",world,10.6583,-4.918,0,0.0880194,0,0,0,0.0880194,0,0,0,0.202857
266180000000,/,drone2,31,1,"container2",world,12.4248,3.03465,0,0.0880318,0,0,0,0.0880318,0,0,0,0.202965
266212000000,/,drone2,26,2,"container3",world,10.4466,9.57979,0,0.0879485,0,0,0,0.0879485,0,0,0,0.202752
266212000000,/,drone2,28,1,"container2",world,11.7773,1.58628,0,0.088056,0,0,0,0.088056,0,0,0,0.203575
266212000000,/,drone1,29,0,"container1",world,10.5816,-4.903,0,0.087944,0,0,0,0.087944,0,0,0,0.20269
266212000000,/,drone2,30,0,"container1",world,10.6496,-4.91777,0,0.0879537,0,0,0,0.0879537,0,0,0,0.202745
266212000000,/,drone2,31,1,"container2",world,12.4252,3.03383,0,0.0879636,0,0,0,0.0879636,0,0,0,0.202846
266280000000,/,drone2,26,2,"container3",world,10.4395,9.57692,0,0.087593,0,0,0,0.087593,0,0,0,0.202103
266280000000,/,drone2,28,1,"container2",world,11.7783,1.58914,0,0.0877729,0,0,0,0.0877729,0,0,0,0.202986
266280000000,/,drone1,29,0,"container1",world,10.5828,-4.90554,0,0.0877083,0,0,0,0.0877083,0,0,0,0.202263
266280000000,/,drone2,30,0,"container1",world,10.6428,-4.91786,0,0.0877142,0,0,0,0.0877142,0,0,0,0.20231
266280000000,/,drone2,31,1,"container2",world,12.4264,3.03249,0,0.0877218,0,0,0,0.0877218,0,0,0,0.202403
266336000000,/,drone2,26,2,"container3",world,10.4365,9.5738,0,0.087863,0,0,0,0.087863,0,0,0,0.202573
266336000000,/,drone2,28,1,"container2",world,11.7788,1.59058,0,0.0876299,0,0,0,0.0876299,0,0,0,0.202688
266336000000,/,drone1,29,0,"container1",world,10.5842,-4.90747,0,0.0879483,0,0,0,0.0879483,0,0,0,0.202681
266336000000,/,drone2,30,0,"container1",world,10.6392,-4.91813,0,0.0879521,0,0,0,0.0879521,0,0,0,0.202722
266336000000,/,drone2,31,1,"container2",world,12.4274,3.03116,0,0.0879581,0,0,0,0.0879581,0,0,0,0.20281
266384000000,/,drone2,26,2,"container3",world,10.4288,9.57067,0,0.0876962,0,0,0,0.0876962,0,0,0,0.202271
266384000000,/,drone2,28,1,"container2",world,11.7791,1.59131,0,0.0875582,0,0,0,0.0875582,0,0,0,0.202539
266384000000,/,drone1,29,0,"container1",world,10.5866,-4.90924,0,0.0878356,0,0,0,0.0878356,0,0,0,0.202477
266384000000,/,drone2,30,0,"container1",world,10.6367,-4.91869,0,0.0878381,0,0,0,0.0878381,0,0,0,0.202513
266384000000,/,drone2,31,1,"container2",world,12.4278,3.02895,0,0.0878427,0,0,0,0.0878427,0,0,0,0.202593
266416000000,/,drone2,26,2,"container3",world,10.4256,9.56734,0,0.0880051,0,0,0,0.0880051,0,0,0,0.202818
266416000000,/,drone2,28,1,"container2",world,11.7792,1.59167,0,0.0875222,0,0,0,0.0875222,0,0,0,0.202464
266416000000,/,drone1,29,0,"container1",world,10.5889,-4.91053,0,0.0881283,0,0,0,0.0881283,0,0,0,0.202995
266416000000,/,drone2,30,0,"container1",world,10.6356,-4.91911,0,0.0881299,0,0,0,0.0881299,0,0,0,0.203028
266416000000,/,drone2,31,1,"container2",world,12.428,3.02695,0,0.0881336,0,0,0,0.0881336,0,0,0,0.203103
266476000000,/,drone2,26,2,"container3",world,10.4197,9.56427,0,0.0878261,0,0,0,0.0878261,0,0,0,0.202505
266476000000,/,drone2,28,1,"container2",world,11.7793,1.59185,0,0.0875042,0,0,0,0.0875042,0,0,0,0.202426
266476000000,/,drone1,29,0,"container1",world,10.5915,-4.91156,0,0.08802,0,0,0,0.08802,0,0,0,0.202811
266476000000,/,drone2,30,0,"container1",world,10.6336,-4.91953,0,0.0880211,0,0,0,0.0880211,0,0,0,0.202841
266476000000,/,drone2,31,1,"container2",world,12.4286,3.02412,0,0.0880238,0,0,0,0.0880238,0,0,0,0.202908
266508000000,/,drone2,26,2,"container3",world,10.4159,9.56232,0,0.0876709,0,0,0,0.0876709,0,0,0,0.202226
266508000000,/,drone2,28,1,"container2",world,11.7793,1.59194,0,0.0874952,0,0,0,0.0874952,0,0,0,0.202408
266508000000,/,drone1,29,0,"container1",world,10.5934,-4.91228,0,0.0878564,0,0,0,0.0878564,0,0,0,0.202522
266508000000,/,drone2,30,0,"container1",world,10.6314,-4.92012,0,0.0878572,0,0,0,0.0878572,0,0,0,0.202549
266508000000,/,drone2,31,1,"container2",world,12.429,3.02167,0,0.0878593,0,0,0,0.0878593,0,0,0,0.202611
266576000000,/,drone2,26,2,"container3",world,10.4138,9.56014,0,0.0880124,0,0,0,0.0880124,0,0,0,0.20284
266576000000,/,drone2,28,1,"container2",world,11.7798,1.60772,0,0.0878135,0,0,0,0.0878135,0,0,0,0.20284
266576000000,/,drone1,29,0,"container1",world,10.5951,-4.91329,0,0.087991,0,0,0,0.087991,0,0,0,0.202769
266576000000,/,drone2,30,0,"container1",world,10.6306,-4.92116,0,0.0879915,0,0,0,0.0879915,0,0,0,0.202792
266576000000,/,drone2,31,1,"container2",world,12.4291,3.01854,0,0.087993,0,0,0,0.087993,0,0,0,0.202847
266660000000,/,drone2,26,2,"container3",world,10.4127,9.55758,0,0.0879172,0,0,0,0.0879172,0,0,0,0.202673
266660000000,/,drone2,28,1,"container2",world,11.7808,1.61906,0,0.0878508,0,0,0,0.0878508,0,0,0,0.20283
266660000000,/,drone1,29,0,"container1",world,10.5962,-4.91408,0,0.0879381,0,0,0,0.0879381,0,0,0,0.202679
266660000000,/,drone2,30,0,"container1",world,10.6306,-4.9218,0,0.0879385,0,0,0,0.0879385,0,0,0,0.202701
266660000000,/,drone2,31,1,"container2",world,12.429,3.01612,0,0.0879395,0,0,0,0.0879395,0,0,0,0.202751
266736000000,/,drone2,26,2,"container3",world,10.4116,9.55303,0,0.087583,0,0,0,0.087583,0,0,0,0.202061
266736000000,/,drone2,28,1,"container2",world,11.7831,1.63217,0,0.0876626,0,0,0,0.0876626,0,0,0,0.202426
266736000000,/,drone1,29,0,"container1",world,10.5973,-4.91507,0,0.0877054,0,0,0,0.0877054,0,0,0,0.202258
266736000000,/,drone2,30,0,"container1",world,10.6343,-4.92175,0,0.0877056,0,0,0,0.0877056,0,0,0,0.202277
266736000000,/,drone2,31,1,"container2",world,12.4282,3.01331,0,0.0877063,0,0,0,0.0877063,0,0,0,0.202321
266808000000,/,drone2,26,2,"container3",world,10.4091,9.54845,0,0.0878538,0,0,0,0.0878538,0,0,0,0.202532
266808000000,/,drone2,28,1,"container2",world,11.7849,1.6462,0,0.0878044,0,0,0,0.0878044,0,0,0,0.202623
266808000000,/,drone1,29,0,"container1",world,10.5989,-4.91622,0,0.0877139,0,0,0,0.0877139,0,0,0,0.202265
266808000000,/,drone2,30,0,"container1",world,10.6419,-4.92024,0,0.0878247,0,0,0,0.0878247,0,0,0,0.20248
266808000000,/,drone2,31,1,"container2",world,12.4251,3.00979,0,0.0878252,0,0,0,0.0878252,0,0,0,0.202518
266900000000,/,drone2,26,2,"container3",world,10.408,9.5435,0,0.0882778,0,0,0,0.0882778,0,0,0,0.203277
266900000000,/,drone2,28,1,"container2",world,11.7852,1.65745,0,0.0881139,0,0,0,0.0881139,0,0,0,0.203128
266900000000,/,drone1,29,0,"container1",world,10.6003,-4.91696,0,0.0879343,0,0,0,0.0879343,0,0,0,0.20266
266900000000,/,drone2,30,0,"container1",world,10.6524,-4.91651,0,0.0881229,0,0,0,0.0881229,0,0,0,0.203002
266900000000,/,drone2,31,1,"container2",world,12.4211,3.00599,0,0.0881231,0,0,0,0.0881231,0,0,0,0.203035
266976000000,/,drone2,26,2,"container3",world,10.4083,9.53673,0,0.0878396,0,0,0,0.0878396,0,0,0,0.202504
266976000000,/,drone2,28,1,"container2",world,11.7847,1.66719,0,0.0879048,0,0,0,0.0879048,0,0,0,0.202723
266976000000,/,drone1,29,0,"container1",world,10.6028,-4.91851,0,0.0878133,0,0,0,0.0878133,0,0,0,0.202446
266976000000,/,drone2,30,0,"container1",world,10.665,-4.90904,0,0.0879083,0,0,0,0.0879083,0,0,0,0.202623
266976000000,/,drone2,31,1,"container2",world,12.4159,3.00288,0,0.0879084,0,0,0,0.0879084,0,0,0,0.20265
267060000000,/,drone2,26,2,"container3",world,10.4063,9.5322,0,0.0880005,0,0,0,0.0880005,0,0,0,0.202796
267060000000,/,drone2,28,1,"container2",world,11.784,1.67295,0,0.0881486,0,0,0,0.0881486,0,0,0,0.203134
267060000000,/,drone1,29,0,"container1",world,10.6072,-4.92048,0,0.0878493,0,0,0,0.0878493,0,0,0,0.202518
267060000000,/,drone2,30,0,"container1",world,10.6792,-4.89962,0,0.0878967,0,0,0,0.0878967,0,0,0,0.202609
267060000000,/,drone2,31,1,"container2",world,12.4104,3.00049,0,0.0878968,0,0,0,0.0878968,0,0,0,0.20263
267136000000,/,drone2,26,2,"container3",world,10.4027,9.53022,0,0.0878354,0,0,0,0.0878354,0,0,0,0.202493
267136000000,/,drone2,28,1,"container2",world,11.7837,1.6758,0,0.0882696,0,0,0,0.0882696,0,0,0,0.203338
267136000000,/,drone1,29,0,"container1",world,10.611,-4.92177,0,0.0876606,0,0,0,0.0876606,0,0,0,0.202177
267136000000,/,drone2,30,0,"container1",world,10.6904,-4.89377,0,0.0876845,0,0,0,0.0876845,0,0,0,0.202225
267136000000,/,drone2,31,1,"container2",world,12.4061,2.99893,0,0.0876846,0,0,0,0.0876846,0,0,0,0.202241
267204000000,/,drone2,26,2,"container3",world,10.4026,9.52463,0,0.0878061,0,0,0,0.0878061,0,0,0,0.20243
267204000000,/,drone2,28,1,"container2",world,11.7857,1.68125,0,0.088108,0,0,0,0.088108,0,0,0,0.20302
267204000000,/,drone1,29,0,"container1",world,10.6147,-4.92262,0,0.0876915,0,0,0,0.0876915,0,0,0,0.202224
267204000000,/,drone2,30,0,"container1",world,10.7035,-4.8902,0,0.0877035,0,0,0,0.0877035,0,0,0,0.20225
267204000000,/,drone2,31,1,"container2",world,12.4014,2.99721,0,0.0877036,0,0,0,0.0877036,0,0,0,0.202262
267300000000,/,drone2,26,2,"container3",world,10.4023,9.52154,0,0.0882662,0,0,0,0.0882662,0,0,0,0.203243
267300000000,/,drone2,28,1,"container2",world,11.789,1.68712,0,0.0882642,0,0,0,0.0882642,0,0,0,0.203276
267300000000,/,drone1,29,0,"container1",world,10.6176,-4.92309,0,0.0879232,0,0,0,0.0879232,0,0,0,0.20264
267300000000,/,drone2,30,0,"container1",world,10.7121,-4.88819,0,0.0880631,0,0,0,0.0880631,0,0,0,0.202885
267300000000,/,drone2,31,1,"container2",world,12.3987,2.99614,0,0.0880632,0,0,0,0.0880632,0,0,0,0.202895
267368000000,/,drone2,26,2,"container3",world,10.4014,9.51973,0,0.0878367,0,0,0,0.0878367,0,0,0,0.202489
267368000000,/,drone2,28,1,"container2",world,11.7977,1.69751,0,0.0879805,0,0,0,0.0879805,0,0,0,0.202764
267368000000,/,drone1,29,0,"container1",world,10.6192,-4.92349,0,0.0878078,0,0,0,0.0878078,0,0,0,0.202436
267368000000,/,drone2,30,0,"container1",world,10.7155,-4.88847,0,0.0878782,0,0,0,0.0878782,0,0,0,0.20256
267368000000,/,drone2,31,1,"container2",world,12.3963,2.99526,0,0.0878783,0,0,0,0.0878783,0,0,0,0.202568
267464000000,/,drone2,26,2,"container3",world,10.3984,9.51779,0,0.0879333,0,0,0,0.0879333,0,0,0,0.202672
267464000000,/,drone2,28,1,"container2",world,11.8062,1.70727,0,0.0880536,0,0,0,0.0880536,0,0,0,0.202894
267464000000,/,drone1,29,0,"container1",world,10.6203,-4.92459,0,0.0878465,0,0,0,0.0878465,0,0,0,0.202513
267464000000,/,drone2,30,0,"container1",world,10.7145,-4.89044,0,0.0878817,0,0,0,0.0878817,0,0,0,0.202576
267464000000,/,drone2,31,1,"container2",world,12.3944,2.99511,0,0.0878818,0,0,0,0.0878818,0,0,0,0.202581
267532000000,/,drone2,26,2,"container3",world,10.3976,9.51688,0,0.087587,0,0,0,0.087587,0,0,0,0.202045
267532000000,/,drone2,28,1,"container2",world,11.8172,1.71985,0,0.0877644,0,0,0,0.0877644,0,0,0,0.20237
267532000000,/,drone1,29,0,"container1",world,10.6209,-4.92638,0,0.0880169,0,0,0,0.0880169,0,0,0,0.202805
267532000000,/,drone2,30,0,"container1",world,10.7132,-4.89222,0,0.087677,0,0,0,0.087677,0,0,0,0.202206
267532000000,/,drone2,31,1,"container2",world,12.3926,2.99553,0,0.0876771,0,0,0,0.0876771,0,0,0,0.20221
267628000000,/,drone2,26,2,"container3",world,10.3994,9.51647,0,0.0878548,0,0,0,0.0878548,0,0,0,0.202514
267628000000,/,drone2,28,1,"container2",world,11.8266,1.73039,0,0.0878546,0,0,0,0.0878546,0,0,0,0.202522
267628000000,/,drone1,29,0,"container1",world,10.6213,-4.92774,0,0.0879801,0,0,0,0.0879801,0,0,0,0.202736
267628000000,/,drone2,30,0,"container1",world,10.712,-4.89347,0,0.0878105,0,0,0,0.0878105,0,0,0,0.202438
267628000000,/,drone2,31,1,"container2",world,12.3912,2.9964,0,0.0878107,0,0,0,0.0878107,0,0,0,0.202441
267700000000,/,drone2,26,2,"container3",world,10.403,9.51553,0,0.0882781,0,0,0,0.0882781,0,0,0,0.203261
267700000000,/,drone2,28,1,"container2",world,11.8325,1.74034,0,0.0881382,0,0,0,0.0881382,0,0,0,0.203019
267700000000,/,drone1,29,0,"container1",world,10.6216,-4.92968,0,0.0880666,0,0,0,0.0880666,0,0,0,0.202894
267700000000,/,drone2,30,0,"container1",world,10.7096,-4.89397,0,0.0881159,0,0,0,0.0881159,0,0,0,0.202976
267700000000,/,drone2,31,1,"container2",world,12.3895,2.99758,0,0.0881161,0,0,0,0.0881161,0,0,0,0.202978
267764000000,/,drone2,26,2,"container3",world,10.4035,9.51552,0,0.0880221,0,0,0,0.0880221,0,0,0,0.202812
267764000000,/,drone2,28,1,"container2",world,11.8354,1.74528,0,0.0882788,0,0,0,0.0882788,0,0,0,0.203266
267764000000,/,drone1,29,0,"container1",world,10.6214,-4.93108,0,0.0878799,0,0,0,0.0878799,0,0,0,0.202564
267764000000,/,drone2,30,0,"container1",world,10.7076,-4.89415,0,0.0879048,0,0,0,0.0879048,0,0,0,0.202606
267764000000,/,drone2,31,1,"container2",world,12.387,2.99948,0,0.0879049,0,0,0,0.0879049,0,0,0,0.202607
267800000000,/,drone2,26,2,"container3",world,10.3757,9.54564,0,0.0941328,0,0,0,0.0941328,0,0,0,0.214653
267800000000,/,drone2,28,1,"container2",world,11.8441,1.76765,0,0.109938,0,0,0,0.109938,0,0,0,0.242059
267800000000,/,drone1,29,0,"container1",world,10.6209,-4.93189,0,0.0878825,0,0,0,0.0878825,0,0,0,0.202577
267800000000,/,drone2,30,0,"container1",world,10.7078,-4.89323,0,0.087895,0,0,0,0.087895,0,0,0,0.202598
267800000000,/,drone2,31,1,"container2",world,12.385,3.0022,0,0.0878951,0,0,0,0.0878951,0,0,0,0.202599
267868000000,/,drone2,26,2,"container3",world,10.3759,9.54758,0,0.0944239,0,0,0,0.0944239,0,0,0,0.21554
267868000000,/,drone2,28,1,"container2",world,11.8489,1.78934,0,0.111711,0,0,0,0.111711,0,0,0,0.246629
267868000000,/,drone1,29,0,"container1",world,10.6206,-4.93217,0,0.0877752,0,0,0,0.0877752,0,0,0,0.202388
267868000000,/,drone2,30,0,"container1",world,10.7086,-4.89268,0,0.0877815,0,0,0,0.0877815,0,0,0,0.202398
267868000000,/,drone2,31,1,"container2",world,12.3839,3.00494,0,0.0881313,0,0,0,0.0881313,0,0,0,0.203019
267900000000,/,drone2,26,2,"container3",world,10.3856,9.54264,0,0.0934889,0,0,0,0.0934889,0,0,0,0.214223
267900000000,/,drone2,28,1,"container2",world,11.8502,1.81355,0,0.10973,0,0,0,0.10973,0,0,0,0.244934
267900000000,/,drone1,29,0,"container1",world,10.6206,-4.9319,0,0.08794,0,0,0,0.08794,0,0,0,0.202686
267900000000,/,drone2,30,0,"container1",world,10.71,-4.89187,0,0.0879432,0,0,0,0.0879432,0,0,0,0.202691
267900000000,/,drone2,31,1,"container2",world,12.3834,3.00695,0,0.0881176,0,0,0,0.0881176,0,0,0,0.203
267964000000,/,drone2,26,2,"container3",world,10.3938,9.53891,0,0.0924397,0,0,0,0.0924397,0,0,0,0.212516
267964000000,/,drone2,28,1,"container2",world,11.8509,1.83016,0,0.107357,0,0,0,0.107357,0,0,0,0.24201
267964000000,/,drone1,29,0,"container1",world,10.6193,-4.93065,0,0.0877952,0,0,0,0.0877952,0,0,0,0.202428
267964000000,/,drone2,30,0,"container1",world,10.7121,-4.89101,0,0.0877968,0,0,0,0.0877968,0,0,0,0.202431
267964000000,/,drone2,31,1,"container2",world,12.383,3.00883,0,0.0878848,0,0,0,0.0878848,0,0,0,0.202587
268000000000,/,drone2,26,2,"container3",world,10.4044,9.5342,0,0.0910831,0,0,0,0.0910831,0,0,0,0.210172
268000000000,/,drone2,28,1,"container2",world,11.8515,1.84543,0,0.10395,0,0,0,0.10395,0,0,0,0.237024
268000000000,/,drone1,29,0,"container1",world,10.6182,-4.92975,0,0.0876253,0,0,0,0.0876253,0,0,0,0.202118
268000000000,/,drone2,30,0,"container1",world,10.7139,-4.8907,0,0.0876262,0,0,0,0.0876262,0,0,0,0.20212
268000000000,/,drone2,31,1,"container2",world,12.3829,3.01017,0,0.0876705,0,0,0,0.0876705,0,0,0,0.202198
268096000000,/,drone2,26,2,"container3",world,10.4113,9.531,0,0.0908156,0,0,0,0.0908156,0,0,0,0.20971
268096000000,/,drone2,28,1,"container2",world,11.852,1.85637,0,0.101636,0,0,0,0.101636,0,0,0,0.233548
268096000000,/,drone1,29,0,"container1",world,10.6169,-4.92872,0,0.0877781,0,0,0,0.0877781,0,0,0,0.202383
268096000000,/,drone2,30,0,"container1",world,10.7158,-4.89103,0,0.0877785,0,0,0,0.0877785,0,0,0,0.202383
268096000000,/,drone2,31,1,"container2",world,12.3833,3.01138,0,0.0878006,0,0,0,0.0878006,0,0,0,0.202422
268164000000,/,drone2,26,2,"container3",world,10.42,9.52801,0,0.0899402,0,0,0,0.0899402,0,0,0,0.20809
268164000000,/,drone2,28,1,"container2",world,11.8541,1.86768,0,0.0988403,0,0,0,0.0988403,0,0,0,0.22892
268164000000,/,drone1,29,0,"container1",world,10.6162,-4.92799,0,0.0877443,0,0,0,0.0877443,0,0,0,0.202317
268164000000,/,drone2,30,0,"container1",world,10.7168,-4.89154,0,0.0877446,0,0,0,0.0877446,0,0,0,0.202317
268164000000,/,drone2,31,1,"container2",world,12.3837,3.01202,0,0.0877557,0,0,0,0.0877557,0,0,0,0.202337
268256000000,/,drone2,26,2,"container3",world,10.4304,9.52522,0,0.0895031,0,0,0,0.0895031,0,0,0,0.207135
268256000000,/,drone2,28,1,"container2",world,11.8573,1.88945,0,0.0959778,0,0,0,0.0959778,0,0,0,0.223759
268256000000,/,drone1,29,0,"container1",world,10.616,-4.92656,0,0.0878237,0,0,0,0.0878237,0,0,0,0.202463
268256000000,/,drone2,30,0,"container1",world,10.7179,-4.89215,0,0.0880779,0,0,0,0.0880779,0,0,0,0.202906
268256000000,/,drone2,31,1,"container2",world,12.384,3.01237,0,0.0880834,0,0,0,0.0880834,0,0,0,0.202916
268316000000,/,drone2,26,2,"container3",world,10.4358,9.52574,0,0.0892518,0,0,0,0.0892518,0,0,0,0.206517
268316000000,/,drone2,28,1,"container2",world,11.8602,1.91601,0,0.0939573,0,0,0,0.0939573,0,0,0,0.219817
268316000000,/,drone1,29,0,"container1",world,10.615,-4.92373,0,0.087972,0,0,0,0.087972,0,0,0,0.202732
268316000000,/,drone2,30,0,"container1",world,10.7184,-4.89245,0,0.0882429,0,0,0,0.0882429,0,0,0,0.203197
268316000000,/,drone2,31,1,"container2",world,12.3841,3.01255,0,0.0882457,0,0,0,0.0882457,0,0,0,0.203202
268400000000,/,drone2,26,2,"container3",world,10.4396,9.5256,0,0.0888621,0,0,0,0.0888621,0,0,0,0.205634
268400000000,/,drone2,28,1,"container2",world,11.8632,1.94242,0,0.0921302,0,0,0,0.0921302,0,0,0,0.216038
268400000000,/,drone1,29,0,"container1",world,10.6143,-4.92169,0,0.0879262,0,0,0,0.0879262,0,0,0,0.202655
268400000000,/,drone2,30,0,"container1",world,10.7187,-4.8926,0,0.088325,0,0,0,0.088325,0,0,0,0.203342
268400000000,/,drone2,31,1,"container2",world,12.3842,3.01263,0,0.0883264,0,0,0,0.0883264,0,0,0,0.203345
268460000000,/,drone2,26,2,"container3",world,10.4918,9.47017,0,0.112227,0,0,0,0.112227,0,0,0,0.248767
268460000000,/,drone2,28,1,"container2",world,11.8662,1.96726,0,0.0905902,0,0,0,0.0905902,0,0,0,0.212641
268460000000,/,drone1,29,0,"container1",world,10.6133,-4.91952,0,0.0876976,0,0,0,0.0876976,0,0,0,0.202241
268460000000,/,drone2,30,0,"container1",world,10.72,-4.89621,0,0.118912,0,0,0,0.118912,0,0,0,0.260429
268460000000,/,drone2,31,1,"container2",world,12.3839,3.01197,0,0.125261,0,0,0,0.125261,0,0,0,0.269258
268500000000,/,drone2,26,2,"container3",world,10.4924,9.47446,0,0.107789,0,0,0,0.107789,0,0,0,0.243346
268500000000,/,drone2,28,1,"container2",world,11.8668,1.99517,0,0.0897334,0,0,0,0.0897334,0,0,0,0.210397
268500000000,/,drone1,29,0,"container1",world,10.6116,-4.91725,0,0.0877091,0,0,0,0.0877091,0,0,0,0.202253
268500000000,/,drone2,30,0,"container1",world,10.7172,-4.90117,0,0.117777,0,0,0,0.117777,0,0,0,0.261567
268500000000,/,drone2,31,1,"container2",world,12.3851,3.00827,0,0.123345,0,0,0,0.123345,0,0,0,0.269431
268556000000,/,drone2,26,2,"container3",world,10.4919,9.47801,0,0.105113,0,0,0,0.105113,0,0,0,0.239566
268556000000,/,drone2,28,1,"container2",world,11.8657,2.02691,0,0.0893331,0,0,0,0.0893331,0,0,0,0.208956
268556000000,/,drone1,29,0,"container1",world,10.6105,-4.91618,0,0.0879312,0,0,0,0.0879312,0,0,0,0.202651
268556000000,/,drone2,30,0,"container1",world,10.714,-4.90505,0,0.115604,0,0,0,0.115604,0,0,0,0.25983
268556000000,/,drone2,31,1,"container2",world,12.3862,3.00533,0,0.120479,0,0,0,0.120479,0,0,0,0.266928
268596000000,/,drone2,26,2,"container3",world,10.4888,9.48458,0,0.100869,0,0,0,0.100869,0,0,0,0.232564
268596000000,/,drone2,28,1,"container2",world,11.8645,2.05972,0,0.0887611,0,0,0,0.0887611,0,0,0,0.207251
268596000000,/,drone1,29,0,"container1",world,10.6101,-4.91601,0,0.0879208,0,0,0,0.0879208,0,0,0,0.202636
268596000000,/,drone2,30,0,"container1",world,10.7107,-4.9093,0,0.111181,0,0,0,0.111181,0,0,0,0.253589
268596000000,/,drone2,31,1,"container2",world,12.3872,3.00178,0,0.115257,0,0,0,0.115257,0,0,0,0.259845
268664000000,/,drone2,26,2,"container3",world,10.4867,9.48848,0,0.0982751,0,0,0,0.0982751,0,0,0,0.228061
268664000000,/,drone2,28,1,"container2",world,11.8641,2.0843,0,0.0883199,0,0,0,0.0883199,0,0,0,0.205965
268664000000,/,drone1,29,0,"container1",world,10.6102,-4.91634,0,0.0878062,0,0,0,0.0878062,0,0,0,0.202432
268664000000,/,drone2,30,0,"container1",world,10.7107,-4.91254,0,0.107439,0,0,0,0.107439,0,0,0,0.247832
268664000000,/,drone2,31,1,"container2",world,12.3877,2.99869,0,0.110875,0,0,0,0.110875,0,0,0,0.25337
268752000000,/,drone2,26,2,"container3",world,10.4852,9.49422,0,0.0958839,0,0,0,0.0958839,0,0,0,0.223627
268752000000,/,drone2,28,1,"container2",world,11.866,2.11271,0,0.0882551,0,0,0,0.0882551,0,0,0,0.205321
268752000000,/,drone1,29,0,"container1",world,10.6105,-4.9173,0,0.0879659,0,0,0,0.0879659,0,0,0,0.202722
268752000000,/,drone2,30,0,"container1",world,10.7093,-4.91629,0,0.103656,0,0,0,0.103656,0,0,0,0.241487
268752000000,/,drone2,31,1,"container2",world,12.3881,2.99472,0,0.10646,0,0,0,0.10646,0,0,0,0.246282
268800000000,/,drone2,26,2,"container3",world,10.4868,9.49973,0,0.0934107,0,0,0,0.0934107,0,0,0,0.218773
268800000000,/,drone2,28,1,"container2",world,11.8724,2.14103,0,0.0879714,0,0,0,0.0879714,0,0,0,0.204318
268800000000,/,drone1,29,0,"container1",world,10.6113,-4.91823,0,0.087817,0,0,0,0.087817,0,0,0,0.202459
268800000000,/,drone2,30,0,"container1",world,10.7063,-4.91998,0,0.0999198,0,0,0,0.0999198,0,0,0,0.234696
268800000000,/,drone2,31,1,"container2",world,12.388,2.99035,0,0.102155,0,0,0,0.102155,0,0,0,0.238778
268900000000,/,drone2,26,2,"container3",world,10.489,9.50252,0,0.0918743,0,0,0,0.0918743,0,0,0,0.215471
268900000000,/,drone2,28,1,"container2",world,11.8819,2.17027,0,0.0880806,0,0,0,0.0880806,0,0,0,0.20405
268900000000,/,drone1,29,0,"container1",world,10.6124,-4.91907,0,0.0880023,0,0,0,0.0880023,0,0,0,0.202777
268900000000,/,drone2,30,0,"container1",world,10.7077,-4.92346,0,0.0969894,0,0,0,0.0969894,0,0,0,0.228914
268900000000,/,drone2,31,1,"container2",world,12.3878,2.98581,0,0.0987285,0,0,0,0.0987285,0,0,0,0.232326
268968000000,/,drone2,26,2,"container3",world,10.4921,9.50841,0,0.090471,0,0,0,0.090471,0,0,0,0.212238
268968000000,/,drone2,28,1,"container2",world,11.8927,2.19935,0,0.0879102,0,0,0,0.0879102,0,0,0,0.203366
268968000000,/,drone1,29,0,"container1",world,10.6131,-4.91992,0,0.0878628,0,0,0,0.0878628,0,0,0,0.202525
268968000000,/,drone2,30,0,"container1",world,10.7069,-4.92708,0,0.0943649,0,0,0,0.0943649,0,0,0,0.223389
268968000000,/,drone2,31,1,"container2",world,12.3878,2.98161,0,0.0956932,0,0,0,0.0956932,0,0,0,0.226207
269016000000,/,drone2,26,2,"container3",world,10.4976,9.5128,0,0.0894387,0,0,0,0.0894387,0,0,0,0.209422
269016000000,/,drone2,28,1,"container2",world,11.9057,2.23688,0,0.0879376,0,0,0,0.0879376,0,0,0,0.203068
269016000000,/,drone1,29,0,"container1",world,10.614,-4.92072,0,0.0878871,0,0,0,0.0878871,0,0,0,0.202575
269016000000,/,drone2,30,0,"container1",world,10.6958,-4.93204,0,0.0921993,0,0,0,0.0921993,0,0,0,0.21823
269016000000,/,drone2,31,1,"container2",world,12.3883,2.97744,0,0.093151,0,0,0,0.093151,0,0,0,0.220459
269092000000,/,drone2,26,2,"container3",world,10.5007,9.51349,0,0.0888088,0,0,0,0.0888088,0,0,0,0.207337
269092000000,/,drone2,28,1,"container2",world,11.9123,2.25568,0,0.0879514,0,0,0,0.0879514,0,0,0,0.202919
269092000000,/,drone1,29,0,"container1",world,10.6137,-4.9193,0,0.0880064,0,0,0,0.0880064,0,0,0,0.202795
269092000000,/,drone2,30,0,"container1",world,10.6841,-4.93756,0,0.0906476,0,0,0,0.0906476,0,0,0,0.213945
269092000000,/,drone2,31,1,"container2",world,12.3886,2.97349,0,0.0912874,0,0,0,0.0912874,0,0,0,0.215638
269152000000,/,drone2,26,2,"container3",world,10.5017,9.51409,0,0.0884251,0,0,0,0.0884251,0,0,0,0.206185
269152000000,/,drone2,28,1,"container2",world,11.9156,2.26509,0,0.0879583,0,0,0,0.0879583,0,0,0,0.202844
269152000000,/,drone1,29,0,"container1",world,10.6134,-4.91807,0,0.0879459,0,0,0,0.0879459,0,0,0,0.202692
269152000000,/,drone2,30,0,"container1",world,10.6788,-4.94134,0,0.0896055,0,0,0,0.0896055,0,0,0,0.211039
269152000000,/,drone2,31,1,"container2",world,12.3891,2.97084,0,0.0900478,0,0,0,0.0900478,0,0,0,0.212371
269192000000,/,drone2,26,2,"container3",world,10.5138,9.51718,0,0.0878815,0,0,0,0.0878815,0,0,0,0.204631
269192000000,/,drone2,28,1,"container2",world,11.9405,2.31491,0,0.0877785,0,0,0,0.0877785,0,0,0,0.202343
269192000000,/,drone1,29,0,"container1",world,10.614,-4.91605,0,0.0880663,0,0,0,0.0880663,0,0,0,0.202894
269192000000,/,drone2,30,0,"container1",world,10.6795,-4.9449,0,0.0887126,0,0,0,0.0887126,0,0,0,0.208419
269192000000,/,drone2,31,1,"container2",world,12.3895,2.96825,0,0.0890097,0,0,0,0.0890097,0,0,0,0.209461
269248000000,/,drone2,26,2,"container3",world,10.5205,9.51836,0,0.0880735,0,0,0,0.0880735,0,0,0,0.204447
269248000000,/,drone2,28,1,"container2",world,11.9553,2.3494,0,0.0880523,0,0,0,0.0880523,0,0,0,0.202726
269248000000,/,drone1,29,0,"container1",world,10.6152,-4.91525,0,0.088005,0,0,0,0.088005,0,0,0,0.202781
269248000000,/,drone2,30,0,"container1",world,10.6904,-4.94858,0,0.0883921,0,0,0,0.0883921,0,0,0,0.206885
269248000000,/,drone2,31,1,"container2",world,12.3902,2.96565,0,0.0885806,0,0,0,0.0885806,0,0,0,0.207685
269300000000,/,drone2,26,2,"container3",world,10.525,9.51892,0,0.0880078,0,0,0,0.0880078,0,0,0,0.204205
269300000000,/,drone2,28,1,"container2",world,11.965,2.38451,0,0.0879609,0,0,0,0.0879609,0,0,0,0.202516
269300000000,/,drone1,29,0,"container1",world,10.6181,-4.91519,0,0.0882121,0,0,0,0.0882121,0,0,0,0.203146
269300000000,/,drone2,30,0,"container1",world,10.6959,-4.95046,0,0.0882292,0,0,0,0.0882292,0,0,0,0.206109
269300000000,/,drone2,31,1,"container2",world,12.3906,2.96433,0,0.0883617,0,0,0,0.0883617,0,0,0,0.206784
269380000000,/,drone2,26,2,"container3",world,10.5266,9.52118,0,0.0881654,0,0,0,0.0881654,0,0,0,0.204451
269380000000,/,drone2,28,1,"container2",world,11.9684,2.41083,0,0.0882672,0,0,0,0.0882672,0,0,0,0.20304
269380000000,/,drone1,29,0,"container1",world,10.6205,-4.91526,0,0.0881825,0,0,0,0.0881825,0,0,0,0.203098
269380000000,/,drone2,30,0,"container1",world,10.6987,-4.9514,0,0.0881471,0,0,0,0.0881471,0,0,0,0.205719
269380000000,/,drone2,31,1,"container2",world,12.3907,2.96366,0,0.0882511,0,0,0,0.0882511,0,0,0,0.20633
269460000000,/,drone2,26,2,"container3",world,10.5287,9.52189,0,0.088078,0,0,0,0.088078,0,0,0,0.204302
269460000000,/,drone2,28,1,"container2",world,11.9736,2.43781,0,0.0881656,0,0,0,0.0881656,0,0,0,0.202876
269460000000,/,drone1,29,0,"container1",world,10.6234,-4.9156,0,0.0879384,0,0,0,0.0879384,0,0,0,0.202667
269460000000,/,drone2,30,0,"container1",world,10.7001,-4.95188,0,0.0881058,0,0,0,0.0881058,0,0,0,0.205523
269460000000,/,drone2,31,1,"container2",world,12.3908,2.96333,0,0.0881955,0,0,0,0.0881955,0,0,0,0.206103
269528000000,/,drone2,26,2,"container3",world,10.5688,9.45335,0,0.112876,0,0,0,0.112876,0,0,0,0.249974
269528000000,/,drone2,28,1,"container2",world,11.9831,2.47302,0,0.0882187,0,0,0,0.0882187,0,0,0,0.203016
269528000000,/,drone1,29,0,"container1",world,10.6279,-4.9163,0,0.0879117,0,0,0,0.0879117,0,0,0,0.202629
269528000000,/,drone2,30,0,"container1",world,10.7197,-4.95618,0,0.106674,0,0,0,0.106674,0,0,0,0.239048
269528000000,/,drone2,31,1,"container2",world,12.392,2.95885,0,0.109131,0,0,0,0.109131,0,0,0,0.242841
269600000000,/,drone2,26,2,"container3",world,10.5682,9.45723,0,0.110139,0,0,0,0.110139,0,0,0,0.246744
269600000000,/,drone2,28,1,"container2",world,11.9928,2.50655,0,0.0880123,0,0,0,0.0880123,0,0,0,0.202695
269600000000,/,drone1,29,0,"container1",world,10.6326,-4.9171,0,0.0876921,0,0,0,0.0876921,0,0,0,0.202233
269600000000,/,drone2,30,0,"container1",world,10.735,-4.9573,0,0.108454,0,0,0,0.108454,0,0,0,0.243093
269600000000,/,drone2,31,1,"container2",world,12.3923,2.95735,0,0.110963,0,0,0,0.110963,0,0,0,0.246841
269680000000,/,drone2,26,2,"container3",world,10.5635,9.46772,0,0.105628,0,0,0,0.105628,0,0,0,0.239936
269680000000,/,drone2,28,1,"container2",world,12.0039,2.54182,0,0.0881633,0,0,0,0.0881633,0,0,0,0.202999
269680000000,/,drone1,29,0,"container1",world,10.6361,-4.91775,0,0.0879403,0,0,0,0.0879403,0,0,0,0.202666
269680000000,/,drone2,30,0,"container1",world,10.7487,-4.95754,0,0.106903,0,0,0,0.106903,0,0,0,0.241431
269680000000,/,drone2,31,1,"container2",world,12.3912,2.9565,0,0.109169,0,0,0,0.109169,0,0,0,0.244867
269740000000,/,drone2,26,2,"container3",world,10.5575,9.48315,0,0.100244,0,0,0,0.100244,0,0,0,0.230944
269740000000,/,drone2,28,1,"container2",world,12.022,2.58323,0,0.0883452,0,0,0,0.0883452,0,0,0,0.203375
269740000000,/,drone1,29,0,"container1",world,10.6408,-4.91905,0,0.08818,0,0,0,0.08818,0,0,0,0.203089
269740000000,/,drone2,30,0,"container1",world,10.7636,-4.95585,0,0.10344,0,0,0,0.10344,0,0,0,0.236236
269740000000,/,drone2,31,1,"container2",world,12.3873,2.95674,0,0.105312,0,0,0,0.105312,0,0,0,0.239209
269792000000,/,drone2,26,2,"container3",world,10.5522,9.4948,0,0.096397,0,0,0,0.096397,0,0,0,0.224052
269792000000,/,drone2,28,1,"container2",world,12.0359,2.61142,0,0.0882994,0,0,0,0.0882994,0,0,0,0.203337
269792000000,/,drone1,29,0,"container1",world,10.6431,-4.9197,0,0.0882991,0,0,0,0.0882991,0,0,0,0.203298
269792000000,/,drone2,30,0,"container1",world,10.7774,-4.95393,0,0.100006,0,0,0,0.100006,0,0,0,0.230614
269792000000,/,drone2,31,1,"container2",world,12.3829,2.95772,0,0.101525,0,0,0,0.101525,0,0,0,0.233153
269848000000,/,drone2,26,2,"container3",world,10.5516,9.50165,0,0.0943313,0,0,0,0.0943313,0,0,0,0.220199
269848000000,/,drone2,28,1,"container2",world,12.0518,2.64097,0,0.0880404,0,0,0,0.0880404,0,0,0,0.202916
269848000000,/,drone1,29,0,"container1",world,10.6443,-4.92002,0,0.0883584,0,0,0,0.0883584,0,0,0,0.203402
269848000000,/,drone2,30,0,"container1",world,10.7872,-4.95154,0,0.0974796,0,0,0,0.0974796,0,0,0,0.226277
269848000000,/,drone2,31,1,"container2",world,12.3796,2.95824,0,0.0987353,0,0,0,0.0987353,0,0,0,0.228474
269888000000,/,drone2,26,2,"container3",world,10.5535,9.50729,0,0.0935568,0,0,0,0.0935568,0,0,0,0.218612
269888000000,/,drone2,28,1,"container2",world,12.0687,2.67131,0,0.08812,0,0,0,0.08812,0,0,0,0.203097
269888000000,/,drone1,29,0,"container1",world,10.6449,-4.92018,0,0.088388,0,0,0,0.088388,0,0,0,0.203455
269888000000,/,drone2,30,0,"container1",world,10.7945,-4.9491,0,0.0959682,0,0,0,0.0959682,0,0,0,0.223565
269888000000,/,drone2,31,1,"container2",world,12.376,2.95919,0,0.0970237,0,0,0,0.0970237,0,0,0,0.225491
269944000000,/,drone2,26,2,"container3",world,10.5561,9.50863,0,0.0933107,0,0,0,0.0933107,0,0,0,0.218131
269944000000,/,drone2,28,1,"container2",world,12.0814,2.69299,0,0.0880368,0,0,0,0.0880368,0,0,0,0.202976
269944000000,/,drone1,29,0,"container1",world,10.6508,-4.92285,0,0.0880303,0,0,0,0.0880303,0,0,0,0.202831
269944000000,/,drone2,30,0,"container1",world,10.7982,-4.94783,0,0.0951797,0,0,0,0.0951797,0,0,0,0.222142
269944000000,/,drone2,31,1,"container2",world,12.3742,2.95969,0,0.0961266,0,0,0,0.0961266,0,0,0,0.223917
269976000000,/,drone2,26,2,"container3",world,10.5604,9.50956,0,0.0931656,0,0,0,0.0931656,0,0,0,0.217872
269976000000,/,drone2,28,1,"container2",world,12.0941,2.71667,0,0.0877831,0,0,0,0.0877831,0,0,0,0.202536
269976000000,/,drone1,29,0,"container1",world,10.6545,-4.92448,0,0.0877519,0,0,0,0.0877519,0,0,0,0.202335
269976000000,/,drone2,30,0,"container1",world,10.8002,-4.94718,0,0.0947765,0,0,0,0.0947765,0,0,0,0.221413
269976000000,/,drone2,31,1,"container2",world,12.3732,2.95994,0,0.0956668,0,0,0,0.0956668,0,0,0,0.223108
270008000000,/,drone2,26,2,"container3",world,10.5623,9.51186,0,0.09327,0,0,0,0.09327,0,0,0,0.218036
270008000000,/,drone2,28,1,"container2",world,12.1037,2.73587,0,0.0880114,0,0,0,0.0880114,0,0,0,0.202947
270008000000,/,drone1,29,0,"container1",world,10.6572,-4.92557,0,0.0879699,0,0,0,0.0879699,0,0,0,0.202716
270008000000,/,drone2,30,0,"container1",world,10.8011,-4.94685,0,0.0945727,0,0,0,0.0945727,0,0,0,0.221044
270008000000,/,drone2,31,1,"container2",world,12.3727,2.96007,0,0.0954339,0,0,0,0.0954339,0,0,0,0.222697
270064000000,/,drone2,26,2,"container3",world,10.566,9.51217,0,0.0932027,0,0,0,0.0932027,0,0,0,0.217925
270064000000,/,drone2,28,1,"container2",world,12.1132,2.75574,0,0.087888,0,0,0,0.087888,0,0,0,0.202734
270064000000,/,drone1,29,0,"container1",world,10.6566,-4.92696,0,0.0878465,0,0,0,0.0878465,0,0,0,0.202495
270064000000,/,drone2,30,0,"container1",world,10.8016,-4.94669,0,0.0944702,0,0,0,0.0944702,0,0,0,0.220858
270064000000,/,drone2,31,1,"container2",world,12.3725,2.96014,0,0.0953168,0,0,0,0.0953168,0,0,0,0.22249
270108000000,/,drone2,26,2,"container3",world,10.5679,9.51415,0,0.0933237,0,0,0,0.0933237,0,0,0,0.218124
270108000000,/,drone2,28,1,"container2",world,12.1228,2.77151,0,0.088173,0,0,0,0.088173,0,0,0,0.203246
270108000000,/,drone1,29,0,"container1",world,10.6556,-4.92796,0,0.0881337,0,0,0,0.0881337,0,0,0,0.203004
270108000000,/,drone2,30,0,"container1",world,10.8019,-4.94661,0,0.0944188,0,0,0,0.0944188,0,0,0,0.220765
270108000000,/,drone2,31,1,"container2",world,12.3724,2.96017,0,0.095258,0,0,0,0.095258,0,0,0,0.222386
270160000000,/,drone2,26,2,"container3",world,10.5686,9.51319,0,0.0960427,0,0,0,0.0960427,0,0,0,0.222677
270160000000,/,drone2,28,1,"container2",world,12.1309,2.7845,0,0.0881795,0,0,0,0.0881795,0,0,0,0.203268
270160000000,/,drone1,29,0,"container1",world,10.6561,-4.92846,0,0.0881432,0,0,0,0.0881432,0,0,0,0.203027
270160000000,/,drone2,30,0,"container1",world,10.7997,-4.93032,0,0.0950198,0,0,0,0.0950198,0,0,0,0.220908
270160000000,/,drone2,31,1,"container2",world,12.3601,2.96718,0,0.110356,0,0,0,0.110356,0,0,0,0.250076
270200000000,/,drone2,26,2,"container3",world,10.5664,9.52276,0,0.0946407,0,0,0,0.0946407,0,0,0,0.219843
270200000000,/,drone2,28,1,"container2",world,12.1379,2.79989,0,0.0879496,0,0,0,0.0879496,0,0,0,0.202863
270200000000,/,drone1,29,0,"container1",world,10.6578,-4.92835,0,0.0879185,0,0,0,0.0879185,0,0,0,0.202631
270200000000,/,drone2,30,0,"container1",world,10.7959,-4.91888,0,0.0942185,0,0,0,0.0942185,0,0,0,0.218898
270200000000,/,drone2,31,1,"container2",world,12.3545,2.9725,0,0.110998,0,0,0,0.110998,0,0,0,0.252073
270252000000,/,drone2,26,2,"container3",world,10.5651,9.52971,0,0.0941267,0,0,0,0.0941267,0,0,0,0.218683
270252000000,/,drone2,28,1,"container2",world,12.1431,2.8139,0,0.0881812,0,0,0,0.0881812,0,0,0,0.203275
270252000000,/,drone1,29,0,"container1",world,10.6595,-4.92804,0,0.0881544,0,0,0,0.0881544,0,0,0,0.203051
270252000000,/,drone2,30,0,"container1",world,10.791,-4.91168,0,0.0937998,0,0,0,0.0937998,0,0,0,0.217769
270252000000,/,drone2,31,1,"container2",world,12.3513,2.97629,0,0.110088,0,0,0,0.110088,0,0,0,0.251121
270300000000,/,drone2,26,2,"container3",world,10.5608,9.5388,0,0.0925589,0,0,0,0.0925589,0,0,0,0.215479
270300000000,/,drone2,28,1,"container2",world,12.146,2.82572,0,0.088163,0,0,0,0.088163,0,0,0,0.203248
270300000000,/,drone1,29,0,"container1",world,10.6617,-4.92713,0,0.0880201,0,0,0,0.0880201,0,0,0,0.202821
270300000000,/,drone2,30,0,"container1",world,10.7835,-4.90506,0,0.0927402,0,0,0,0.0927402,0,0,0,0.215512
270300000000,/,drone2,31,1,"container2",world,12.3494,2.98018,0,0.106861,0,0,0,0.106861,0,0,0,0.245914
270344000000,/,drone2,26,2,"container3",world,10.557,9.54404,0,0.0915895,0,0,0,0.0915895,0,0,0,0.213447
270344000000,/,drone2,28,1,"container2",world,12.1475,2.83163,0,0.0881538,0,0,0,0.0881538,0,0,0,0.203234
270344000000,/,drone1,29,0,"container1",world,10.6628,-4.92668,0,0.0879527,0,0,0,0.0879527,0,0,0,0.202706
270344000000,/,drone2,30,0,"container1",world,10.778,-4.90015,0,0.0918404,0,0,0,0.0918404,0,0,0,0.213612
270344000000,/,drone2,31,1,"container2",world,12.3484,2.98305,0,0.104017,0,0,0,0.104017,0,0,0,0.24108
270400000000,/,drone2,26,2,"container3",world,10.5541,9.54737,0,0.0908526,0,0,0,0.0908526,0,0,0,0.211851
270400000000,/,drone2,28,1,"container2",world,12.1482,2.83458,0,0.0881493,0,0,0,0.0881493,0,0,0,0.203227
270400000000,/,drone1,29,0,"container1",world,10.6644,-4.92556,0,0.0877127,0,0,0,0.0877127,0,0,0,0.202271
270400000000,/,drone2,30,0,"container1",world,10.7743,-4.89663,0,0.0910647,0,0,0,0.0910647,0,0,0,0.211965
270400000000,/,drone2,31,1,"container2",world,12.348,2.98525,0,0.101522,0,0,0,0.101522,0,0,0,0.236646
270436000000,/,drone2,26,2,"container3",world,10.5519,9.54829,0,0.0907095,0,0,0,0.0907095,0,0,0,0.21134
270436000000,/,drone2,28,1,"container2",world,12.1486,2.83606,0,0.088147,0,0,0,0.088147,0,0,0,0.203224
270436000000,/,drone1,29,0,"container1",world,10.6655,-4.92448,0,0.0878283,0,0,0,0.0878283,0,0,0,0.20247
270436000000,/,drone2,30,0,"container1",world,10.7716,-4.89352,0,0.0908312,0,0,0,0.0908312,0,0,0,0.211298
270436000000,/,drone2,31,1,"container2",world,12.348,2.98731,0,0.0989888,0,0,0,0.0989888,0,0,0,0.231851
270476000000,/,drone2,26,2,"container3",world,10.5486,9.55236,0,0.0897914,0,0,0,0.0897914,0,0,0,0.209254
270476000000,/,drone2,28,1,"container2",world,12.1502,2.84821,0,0.0879157,0,0,0,0.0879157,0,0,0,0.202807
270476000000,/,drone1,29,0,"container1",world,10.6659,-4.92366,0,0.0877755,0,0,0,0.0877755,0,0,0,0.202371
270476000000,/,drone2,30,0,"container1",world,10.7696,-4.89028,0,0.0901703,0,0,0,0.0901703,0,0,0,0.209781
270476000000,/,drone2,31,1,"container2",world,12.3478,2.98872,0,0.0969408,0,0,0,0.0969408,0,0,0,0.227845
270508000000,/,drone2,26,2,"container3",world,10.5484,9.55662,0,0.0898752,0,0,0,0.0898752,0,0,0,0.209088
270508000000,/,drone2,28,1,"container2",world,12.1618,2.89024,0,0.0910993,0,0,0,0.0910993,0,0,0,0.208957
270508000000,/,drone1,29,0,"container1",world,10.6659,-4.92292,0,0.0880986,0,0,0,0.0880986,0,0,0,0.202943
270508000000,/,drone2,30,0,"container1",world,10.7685,-4.88825,0,0.0900503,0,0,0,0.0900503,0,0,0,0.209286
270508000000,/,drone2,31,1,"container2",world,12.3468,2.98977,0,0.0956709,0,0,0,0.0956709,0,0,0,0.225181
270568000000,/,drone2,26,2,"container3",world,10.5474,9.56104,0,0.0891836,0,0,0,0.0891836,0,0,0,0.207433
270568000000,/,drone2,28,1,"container2",world,12.1745,2.92566,0,0.0916701,0,0,0,0.0916701,0,0,0,0.210359
270568000000,/,drone1,29,0,"container1",world,10.6661,-4.922,0,0.0880051,0,0,0,0.0880051,0,0,0,0.202785
270568000000,/,drone2,30,0,"container1",world,10.7669,-4.88748,0,0.0895349,0,0,0,0.0895349,0,0,0,0.208035
270568000000,/,drone2,31,1,"container2",world,12.3452,2.99084,0,0.0939346,0,0,0,0.0939346,0,0,0,0.22143
270600000000,/,drone2,26,2,"container3",world,10.5474,9.56385,0,0.0887144,0,0,0,0.0887144,0,0,0,0.206317
270600000000,/,drone2,28,1,"container2",world,12.1833,2.94949,0,0.0915826,0,0,0,0.0915826,0,0,0,0.210452
270600000000,/,drone1,29,0,"container1",world,10.6659,-4.92058,0,0.087849,0,0,0,0.087849,0,0,0,0.202509
270600000000,/,drone2,30,0,"container1",world,10.7652,-4.88731,0,0.0890842,0,0,0,0.0890842,0,0,0,0.206966
270600000000,/,drone2,31,1,"container2",world,12.3438,2.99162,0,0.0925823,0,0,0,0.0925823,0,0,0,0.218428
270660000000,/,drone2,26,2,"container3",world,10.5465,9.56892,0,0.0887845,0,0,0,0.0887845,0,0,0,0.20606
270660000000,/,drone2,28,1,"container2",world,12.1909,2.96941,0,0.0916639,0,0,0,0.0916639,0,0,0,0.210771
270660000000,/,drone1,29,0,"container1",world,10.6653,-4.91799,0,0.0879873,0,0,0,0.0879873,0,0,0,0.202762
270660000000,/,drone2,30,0,"container1",world,10.7637,-4.88863,0,0.0889431,0,0,0,0.0889431,0,0,0,0.206405
270660000000,/,drone2,31,1,"container2",world,12.3428,2.99285,0,0.0915518,0,0,0,0.0915518,0,0,0,0.215804
270700000000,/,drone2,26,2,"container3",world,10.5458,9.57255,0,0.0885424,0,0,0,0.0885424,0,0,0,0.205397
270700000000,/,drone2,28,1,"container2",world,12.1971,2.98676,0,0.0913614,0,0,0,0.0913614,0,0,0,0.210358
270700000000,/,drone1,29,0,"container1",world,10.6649,-4.91579,0,0.0879363,0,0,0,0.0879363,0,0,0,0.202676
270700000000,/,drone2,30,0,"container1",world,10.7627,-4.88999,0,0.0887038,0,0,0,0.0887038,0,0,0,0.205745
270700000000,/,drone2,31,1,"container2",world,12.3422,2.9939,0,0.0906943,0,0,0,0.0906943,0,0,0,0.213631
270732000000,/,drone2,26,2,"container3",world,10.5464,9.57583,0,0.0881991,0,0,0,0.0881991,0,0,0,0.204591
270732000000,/,drone2,28,1,"container2",world,12.2058,3.01034,0,0.0906284,0,0,0,0.0906284,0,0,0,0.209141
270732000000,/,drone1,29,0,"container1",world,10.6645,-4.91386,0,0.0878022,0,0,0,0.0878022,0,0,0,0.202437
270732000000,/,drone2,30,0,"container1",world,10.7613,-4.89162,0,0.0884342,0,0,0,0.0884342,0,0,0,0.205068
270732000000,/,drone2,31,1,"container2",world,12.3418,2.9949,0,0.0899717,0,0,0,0.0899717,0,0,0,0.211776
270768000000,/,drone2,26,2,"container3",world,10.5441,9.57844,0,0.0882377,0,0,0,0.0882377,0,0,0,0.204357
270768000000,/,drone2,28,1,"container2",world,12.2132,3.02892,0,0.0900083,0,0,0,0.0900083,0,0,0,0.20807
270768000000,/,drone1,29,0,"container1",world,10.6641,-4.91212,0,0.0876369,0,0,0,0.0876369,0,0,0,0.202136
270768000000,/,drone2,30,0,"container1",world,10.7566,-4.89527,0,0.0884948,0,0,0,0.0884948,0,0,0,0.204926
270768000000,/,drone2,31,1,"container2",world,12.3427,2.99617,0,0.0895848,0,0,0,0.0895848,0,0,0,0.210334
270800000000,/,drone2,26,2,"container3",world,10.544,9.58149,0,0.0884217,0,0,0,0.0884217,0,0,0,0.204602
270800000000,/,drone2,28,1,"container2",world,12.2211,3.04358,0,0.0899148,0,0,0,0.0899148,0,0,0,0.207904
270800000000,/,drone1,29,0,"container1",world,10.6636,-4.91045,0,0.087913,0,0,0,0.087913,0,0,0,0.202618
270800000000,/,drone2,30,0,"container1",world,10.7543,-4.8971,0,0.0885251,0,0,0,0.0885251,0,0,0,0.204855
270800000000,/,drone2,31,1,"container2",world,12.3431,2.99681,0,0.089388,0,0,0,0.089388,0,0,0,0.209604
270832000000,/,drone2,26,2,"container3",world,10.544,9.58436,0,0.0882538,0,0,0,0.0882538,0,0,0,0.204183
270832000000,/,drone2,28,1,"container2",world,12.2286,3.05578,0,0.0896268,0,0,0,0.0896268,0,0,0,0.207373
270832000000,/,drone1,29,0,"container1",world,10.6632,-4.90888,0,0.0879282,0,0,0,0.0879282,0,0,0,0.202643
270832000000,/,drone2,30,0,"container1",world,10.7516,-4.90003,0,0.0883958,0,0,0,0.0883958,0,0,0,0.204505
270832000000,/,drone2,31,1,"container2",world,12.3446,2.99769,0,0.0890685,0,0,0,0.0890685,0,0,0,0.208637
270888000000,/,drone2,26,2,"container3",world,10.5464,9.58854,0,0.0883291,0,0,0,0.0883291,0,0,0,0.204282
270888000000,/,drone2,28,1,"container2",world,12.239,3.07563,0,0.089518,0,0,0,0.089518,0,0,0,0.20711
270888000000,/,drone1,29,0,"container1",world,10.6628,-4.90663,0,0.0881741,0,0,0,0.0881741,0,0,0,0.203077
270888000000,/,drone2,30,0,"container1",world,10.7503,-4.90151,0,0.0883308,0,0,0,0.0883308,0,0,0,0.20433
270888000000,/,drone2,31,1,"container2",world,12.3454,2.99813,0,0.0889068,0,0,0,0.0889068,0,0,0,0.208148
270920000000,/,drone2,26,2,"container3",world,10.5445,9.5907,0,0.0885429,0,0,0,0.0885429,0,0,0,0.204471
270920000000,/,drone2,28,1,"container2",world,12.2442,3.08559,0,0.0894634,0,0,0,0.0894634,0,0,0,0.206978
270920000000,/,drone1,29,0,"container1",world,10.6626,-4.90552,0,0.0882961,0,0,0,0.0882961,0,0,0,0.203292
270920000000,/,drone2,30,0,"container1",world,10.7469,-4.90623,0,0.0885022,0,0,0,0.0885022,0,0,0,0.204497
270920000000,/,drone2,31,1,"container2",world,12.3475,2.99956,0,0.0889136,0,0,0,0.0889136,0,0,0,0.207666
270952000000,/,drone2,26,2,"container3",world,10.5396,9.58971,0,0.0881914,0,0,0,0.0881914,0,0,0,0.203669
270952000000,/,drone2,28,1,"container2",world,12.2505,3.10997,0,0.0890333,0,0,0,0.0890333,0,0,0,0.206127
270952000000,/,drone1,29,0,"container1",world,10.6623,-4.90349,0,0.0881044,0,0,0,0.0881044,0,0,0,0.202961
270952000000,/,drone2,30,0,"container1",world,10.7427,-4.91209,0,0.0883124,0,0,0,0.0883124,0,0,0,0.204018
270952000000,/,drone2,31,1,"container2",world,12.3495,3.00175,0,0.0885771,0,0,0,0.0885771,0,0,0,0.206497
271000000000,/,drone2,26,2,"container3",world,10.5371,9.58998,0,0.0879305,0,0,0,0.0879305,0,0,0,0.203098
271000000000,/,drone2,28,1,"container2",world,12.2568,3.139,0,0.0886466,0,0,0,0.0886466,0,0,0,0.205349
271000000000,/,drone1,29,0,"container1",world,10.662,-4.90171,0,0.087899,0,0,0,0.087899,0,0,0,0.202598
271000000000,/,drone2,30,0,"container1",world,10.7389,-4.91677,0,0.0881,0,0,0,0.0881,0,0,0,0.203533
271000000000,/,drone2,31,1,"container2",world,12.3508,3.00358,0,0.0882693,0,0,0,0.0882693,0,0,0,0.205512
271060000000,/,drone2,26,2,"container3",world,10.5343,9.58967,0,0.0882121,0,0,0,0.0882121,0,0,0,0.203518
271060000000,/,drone2,28,1,"container2",world,12.26,3.15369,0,0.0884508,0,0,0,0.0884508,0,0,0,0.204956
271060000000,/,drone1,29,0,"container1",world,10.6614,-4.90006,0,0.0881447,0,0,0,0.0881447,0,0,0,0.203035
271060000000,/,drone2,30,0,"container1",world,10.7351,-4.92081,0,0.0883368,0,0,0,0.0883368,0,0,0,0.203867
271060000000,/,drone2,31,1,"container2",world,12.3517,3.00531,0,0.0884401,0,0,0,0.0884401,0,0,0,0.205453
271112000000,/,drone2,26,2,"container3",world,10.5348,9.59635,0,0.0880694,0,0,0,0.0880694,0,0,0,0.203172
271112000000,/,drone2,28,1,"container2",world,12.2741,3.21244,0,0.088313,0,0,0,0.088313,0,0,0,0.204559
271112000000,/,drone1,29,0,"container1",world,10.6602,-4.89781,0,0.0880153,0,0,0,0.0880153,0,0,0,0.202813
271112000000,/,drone2,30,0,"container1",world,10.7303,-4.92551,0,0.0881938,0,0,0,0.0881938,0,0,0,0.20353
271112000000,/,drone2,31,1,"container2",world,12.3516,3.00723,0,0.0882512,0,0,0,0.0882512,0,0,0,0.204715
271200000000,/,drone2,26,2,"container3",world,10.5349,9.60102,0,0.0878688,0,0,0,0.0878688,0,0,0,0.202756
271200000000,/,drone2,28,1,"container2",world,12.2832,3.25596,0,0.0881043,0,0,0,0.0881043,0,0,0,0.204062
271200000000,/,drone1,29,0,"container1",world,10.659,-4.89601,0,0.087842,0,0,0,0.087842,0,0,0,0.202506
271200000000,/,drone2,30,0,"container1",world,10.7268,-4.92912,0,0.0880104,0,0,0,0.0880104,0,0,0,0.20314
271200000000,/,drone2,31,1,"container2",world,12.3525,3.00889,0,0.0880429,0,0,0,0.0880429,0,0,0,0.204043
271272000000,/,drone2,26,2,"container3",world,10.537,9.6076,0,0.0881458,0,0,0,0.0881458,0,0,0,0.203193
271272000000,/,drone2,28,1,"container2",world,12.2959,3.30468,0,0.0881686,0,0,0,0.0881686,0,0,0,0.204029
271272000000,/,drone1,29,0,"container1",world,10.6567,-4.89394,0,0.0879732,0,0,0,0.0879732,0,0,0,0.202745
271272000000,/,drone2,30,0,"container1",world,10.7223,-4.93313,0,0.0881324,0,0,0,0.0881324,0,0,0,0.203301
271272000000,/,drone2,31,1,"container2",world,12.3521,3.0103,0,0.0881558,0,0,0,0.0881558,0,0,0,0.203931
271360000000,/,drone2,26,2,"container3",world,10.5399,9.61637,0,0.0877263,0,0,0,0.0877263,0,0,0,0.202381
271360000000,/,drone2,28,1,"container2",world,12.3107,3.3604,0,0.0878371,0,0,0,0.0878371,0,0,0,0.203236
271360000000,/,drone1,29,0,"container1",world,10.6531,-4.89181,0,0.0877151,0,0,0,0.0877151,0,0,0,0.202278
271360000000,/,drone2,30,0,"container1",world,10.7177,-4.93939,0,0.0878638,0,0,0,0.0878638,0,0,0,0.20276
271360000000,/,drone2,31,1,"container2",world,12.3505,3.01153,0,0.0878978,0,0,0,0.0878978,0,0,0,0.203144
271416000000,/,drone2,26,2,"container3",world,10.5418,9.62364,0,0.0879768,0,0,0,0.0879768,0,0,0,0.202796
271416000000,/,drone2,28,1,"container2",world,12.3243,3.40795,0,0.0878923,0,0,0,0.0878923,0,0,0,0.203157
271416000000,/,drone1,29,0,"container1",world,10.6498,-4.89008,0,0.0878228,0,0,0,0.0878228,0,0,0,0.202462
271416000000,/,drone2,30,0,"container1",world,10.7139,-4.94483,0,0.0879633,0,0,0,0.0879633,0,0,0,0.202895
271416000000,/,drone2,31,1,"container2",world,12.3489,3.01267,0,0.0880149,0,0,0,0.0880149,0,0,0,0.203113
271500000000,/,drone2,26,2,"container3",world,10.5436,9.63086,0,0.0883957,0,0,0,0.0883957,0,0,0,0.203531
271500000000,/,drone2,28,1,"container2",world,12.3349,3.44897,0,0.0881526,0,0,0,0.0881526,0,0,0,0.203467
271500000000,/,drone1,29,0,"container1",world,10.647,-4.88881,0,0.0881165,0,0,0,0.0881165,0,0,0,0.202978
271500000000,/,drone2,30,0,"container1",world,10.71,-4.94826,0,0.0882498,0,0,0,0.0882498,0,0,0,0.203379
271500000000,/,drone2,31,1,"container2",world,12.3471,3.01387,0,0.088322,0,0,0,0.088322,0,0,0,0.203495
271592000000,/,drone2,26,2,"container3",world,10.5468,9.63813,0,0.0881166,0,0,0,0.0881166,0,0,0,0.203054
271592000000,/,drone2,28,1,"container2",world,12.342,3.48253,0,0.0880282,0,0,0,0.0880282,0,0,0,0.203131
271592000000,/,drone1,29,0,"container1",world,10.6446,-4.88785,0,0.0880099,0,0,0,0.0880099,0,0,0,0.202794
271592000000,/,drone2,30,0,"container1",world,10.7061,-4.94975,0,0.0881352,0,0,0,0.0881352,0,0,0,0.203172
271592000000,/,drone2,31,1,"container2",world,12.3487,3.01502,0,0.0882255,0,0,0,0.0882255,0,0,0,0.203235
271676000000,/,drone2,26,2,"container3",world,10.5523,9.64857,0,0.0882003,0,0,0,0.0882003,0,0,0,0.20323
271676000000,/,drone2,28,1,"container2",world,12.3517,3.51531,0,0.0880763,0,0,0,0.0880763,0,0,0,0.203106
271676000000,/,drone1,29,0,"container1",world,10.6421,-4.88696,0,0.0880647,0,0,0,0.0880647,0,0,0,0.202897
271676000000,/,drone2,30,0,"container1",world,10.7011,-4.9503,0,0.0881792,0,0,0,0.0881792,0,0,0,0.203258
271676000000,/,drone2,31,1,"container2",world,12.3527,3.0167,0,0.0882874,0,0,0,0.0882874,0,0,0,0.203305
271756000000,/,drone2,26,2,"container3",world,10.5624,9.65963,0,0.087771,0,0,0,0.087771,0,0,0,0.202483
271756000000,/,drone2,28,1,"container2",world,12.3604,3.53837,0,0.0878763,0,0,0,0.0878763,0,0,0,0.202668
271756000000,/,drone1,29,0,"container1",world,10.6385,-4.88604,0,0.0877676,0,0,0,0.0877676,0,0,0,0.202363
271756000000,/,drone2,30,0,"container1",world,10.6956,-4.95312,0,0.0878693,0,0,0,0.0878693,0,0,0,0.202709
271756000000,/,drone2,31,1,"container2",world,12.3576,3.0183,0,0.0879878,0,0,0,0.0879878,0,0,0,0.202768
271800000000,/,drone2,26,2,"container3",world,10.5747,9.66977,0,0.0879622,0,0,0,0.0879622,0,0,0,0.202833
271800000000,/,drone2,28,1,"container2",world,12.3751,3.55698,0,0.0879193,0,0,0,0.0879193,0,0,0,0.202669
271800000000,/,drone1,29,0,"container1",world,10.6348,-4.88487,0,0.0878544,0,0,0,0.0878544,0,0,0,0.202512
271800000000,/,drone2,30,0,"container1",world,10.6925,-4.95903,0,0.0879448,0,0,0,0.0879448,0,0,0,0.202845
271800000000,/,drone2,31,1,"container2",world,12.3601,3.01955,0,0.0880682,0,0,0,0.0880682,0,0,0,0.202928
271896000000,/,drone2,26,2,"container3",world,10.5875,9.67775,0,0.08836,0,0,0,0.08836,0,0,0,0.203551
271896000000,/,drone2,28,1,"container2",world,12.391,3.56935,0,0.0881826,0,0,0,0.0881826,0,0,0,0.203087
271896000000,/,drone1,29,0,"container1",world,10.6313,-4.88314,0,0.0881368,0,0,0,0.0881368,0,0,0,0.203009
271896000000,/,drone2,30,0,"container1",world,10.6911,-4.96612,0,0.0882168,0,0,0,0.0882168,0,0,0,0.203332
271896000000,/,drone2,31,1,"container2",world,12.3632,3.02033,0,0.0883404,0,0,0,0.0883404,0,0,0,0.203443
271988000000,/,drone2,26,2,"container3",world,10.5967,9.68331,0,0.0880719,0,0,0,0.0880719,0,0,0,0.203063
271988000000,/,drone2,28,1,"container2",world,12.4078,3.57638,0,0.0880624,0,0,0,0.0880624,0,0,0,0.202856
271988000000,/,drone1,29,0,"container1",world,10.6292,-4.88074,0,0.0879149,0,0,0,0.0879149,0,0,0,0.20262
271988000000,/,drone2,30,0,"container1",world,10.689,-4.97312,0,0.0880939,0,0,0,0.0880939,0,0,0,0.203125
271988000000,/,drone2,31,1,"container2",world,12.3664,3.02062,0,0.0882127,0,0,0,0.0882127,0,0,0,0.203264
272056000000,/,drone2,26,2,"container3",world,10.6014,9.6886,0,0.0881498,0,0,0,0.0881498,0,0,0,0.203221
272056000000,/,drone2,28,1,"container2",world,12.4263,3.58072,0,0.0881111,0,0,0,0.0881111,0,0,0,0.202938
272056000000,/,drone1,29,0,"container1",world,10.6283,-4.87839,0,0.0880199,0,0,0,0.0880199,0,0,0,0.202815
272056000000,/,drone2,30,0,"container1",world,10.6861,-4.98128,0,0.088133,0,0,0,0.088133,0,0,0,0.203205
272056000000,/,drone2,31,1,"container2",world,12.3702,3.01964,0,0.0882418,0,0,0,0.0882418,0,0,0,0.203374
272120000000,/,drone2,26,2,"container3",world,10.6043,9.69217,0,0.0878207,0,0,0,0.0878207,0,0,0,0.202639
272120000000,/,drone2,28,1,"container2",world,12.441,3.58274,0,0.0879078,0,0,0,0.0879078,0,0,0,0.202577
272120000000,/,drone1,29,0,"container1",world,10.6289,-4.87556,0,0.0877467,0,0,0,0.0877467,0,0,0,0.202326
272120000000,/,drone2,30,0,"container1",world,10.6834,-4.98783,0,0.0879209,0,0,0,0.0879209,0,0,0,0.202829
272120000000,/,drone2,31,1,"container2",world,12.3736,3.01792,0,0.0880187,0,0,0,0.0880187,0,0,0,0.20302
272200000000,/,drone2,26,2,"container3",world,10.6096,9.69563,0,0.0881221,0,0,0,0.0881221,0,0,0,0.203157
272200000000,/,drone2,28,1,"container2",world,12.4537,3.58286,0,0.0880652,0,0,0,0.0880652,0,0,0,0.202849
272200000000,/,drone1,29,0,"container1",world,10.6297,-4.87273,0,0.0878453,0,0,0,0.0878453,0,0,0,0.202497
272200000000,/,drone2,30,0,"container1",world,10.6805,-4.9939,0,0.0880705,0,0,0,0.0880705,0,0,0,0.203082
272200000000,/,drone2,31,1,"container2",world,12.3771,3.01556,0,0.0881574,0,0,0,0.0881574,0,0,0,0.203289
272284000000,/,drone2,26,2,"container3",world,10.6121,9.69869,0,0.0878447,0,0,0,0.0878447,0,0,0,0.202658
272284000000,/,drone2,28,1,"container2",world,12.465,3.58099,0,0.0879111,0,0,0,0.0879111,0,0,0,0.202578
272284000000,/,drone1,29,0,"container1",world,10.6308,-4.86974,0,0.0881331,0,0,0,0.0881331,0,0,0,0.203004
272284000000,/,drone2,30,0,"container1",world,10.6766,-4.99908,0,0.0879105,0,0,0,0.0879105,0,0,0,0.202787
272284000000,/,drone2,31,1,"container2",world,12.3803,3.01276,0,0.0879863,0,0,0,0.0879863,0,0,0,0.203004
272368000000,/,drone2,26,2,"container3",world,10.6169,9.70367,0,0.0877989,0,0,0,0.0877989,0,0,0,0.202575
272368000000,/,drone2,28,1,"container2",world,12.4789,3.57534,0,0.0879264,0,0,0,0.0879264,0,0,0,0.202626
272368000000,/,drone1,29,0,"container1",world,10.6331,-4.86616,0,0.0879135,0,0,0,0.0879135,0,0,0,0.20262
272368000000,/,drone2,30,0,"container1",world,10.6759,-5.00716,0,0.0878101,0,0,0,0.0878101,0,0,0,0.202601
272368000000,/,drone2,31,1,"container2",world,12.3832,3.00742,0,0.0878705,0,0,0,0.0878705,0,0,0,0.20282
272452000000,/,drone2,26,2,"container3",world,10.6218,9.70445,0,0.0880548,0,0,0,0.0880548,0,0,0,0.203031
272452000000,/,drone2,28,1,"container2",world,12.4898,3.56725,0,0.0880388,0,0,0,0.0880388,0,0,0,0.202848
272452000000,/,drone1,29,0,"container1",world,10.6354,-4.86291,0,0.0880195,0,0,0,0.0880195,0,0,0,0.202817
272452000000,/,drone2,30,0,"container1",world,10.6776,-5.01441,0,0.087975,0,0,0,0.087975,0,0,0,0.202891
272452000000,/,drone2,31,1,"container2",world,12.3842,3.00307,0,0.0880233,0,0,0,0.0880233,0,0,0,0.203108
272516000000,/,drone2,26,2,"container3",world,10.6244,9.70415,0,0.0877732,0,0,0,0.0877732,0,0,0,0.20252
272516000000,/,drone2,28,1,"container2",world,12.4965,3.55994,0,0.087865,0,0,0,0.087865,0,0,0,0.202553
272516000000,/,drone1,29,0,"container1",world,10.6377,-4.85922,0,0.0877466,0,0,0,0.0877466,0,0,0,0.202327
272516000000,/,drone2,30,0,"container1",world,10.6792,-5.02139,0,0.087827,0,0,0,0.087827,0,0,0,0.202618
272516000000,/,drone2,31,1,"container2",world,12.384,2.99958,0,0.0878657,0,0,0,0.0878657,0,0,0,0.202829
272600000000,/,drone2,26,2,"container3",world,10.6259,9.70447,0,0.0879064,0,0,0,0.0879064,0,0,0,0.202727
272600000000,/,drone2,28,1,"container2",world,12.4994,3.55262,0,0.0879132,0,0,0,0.0879132,0,0,0,0.202642
272600000000,/,drone1,29,0,"container1",world,10.6389,-4.85597,0,0.0878452,0,0,0,0.0878452,0,0,0,0.202498
272600000000,/,drone2,30,0,"container1",world,10.6798,-5.0297,0,0.0878888,0,0,0,0.0878888,0,0,0,0.202705
272600000000,/,drone2,31,1,"container2",world,12.383,2.99616,0,0.0879182,0,0,0,0.0879182,0,0,0,0.202903
272680000000,/,drone2,26,2,"container3",world,10.6273,9.70463,0,0.0882949,0,0,0,0.0882949,0,0,0,0.203398
272680000000,/,drone2,28,1,"container2",world,12.4985,3.54831,0,0.0881744,0,0,0,0.0881744,0,0,0,0.203109
272680000000,/,drone1,29,0,"container1",world,10.6395,-4.85292,0,0.088133,0,0,0,0.088133,0,0,0,0.203006
272680000000,/,drone2,30,0,"container1",world,10.6811,-5.03646,0,0.0881573,0,0,0,0.0881573,0,0,0,0.203163
272680000000,/,drone2,31,1,"container2",world,12.3819,2.99339,0,0.0881795,0,0,0,0.0881795,0,0,0,0.203347
272756000000,/,drone2,26,2,"container3",world,10.6296,9.70679,0,0.0879011,0,0,0,0.0879011,0,0,0,0.202692
272756000000,/,drone2,28,1,"container2",world,12.4957,3.54387,0,0.0880493,0,0,0,0.0880493,0,0,0,0.202899
272756000000,/,drone1,29,0,"container1",world,10.6395,-4.8493,0,0.0879134,0,0,0,0.0879134,0,0,0,0.202621
272756000000,/,drone2,30,0,"container1",world,10.6809,-5.0423,0,0.0879273,0,0,0,0.0879273,0,0,0,0.202743
272756000000,/,drone2,31,1,"container2",world,12.3806,2.99091,0,0.0879434,0,0,0,0.0879434,0,0,0,0.202909
272820000000,/,drone2,26,2,"container3",world,10.6322,9.70787,0,0.0881371,0,0,0,0.0881371,0,0,0,0.203107
272820000000,/,drone2,28,1,"container2",world,12.4925,3.53897,0,0.0882244,0,0,0,0.0882244,0,0,0,0.203215
272820000000,/,drone1,29,0,"container1",world,10.6386,-4.84588,0,0.0880194,0,0,0,0.0880194,0,0,0,0.202817
272820000000,/,drone2,30,0,"container1",world,10.6791,-5.04548,0,0.0880275,0,0,0,0.0880275,0,0,0,0.202916
272820000000,/,drone2,31,1,"container2",world,12.3793,2.98911,0,0.088039,0,0,0,0.088039,0,0,0,0.203066
272904000000,/,drone2,26,2,"container3",world,10.634,9.71024,0,0.0879681,0,0,0,0.0879681,0,0,0,0.202796
272904000000,/,drone2,28,1,"container2",world,12.4908,3.53654,0,0.0883114,0,0,0,0.0883114,0,0,0,0.203372
272904000000,/,drone1,29,0,"container1",world,10.6365,-4.84252,0,0.087844,0,0,0,0.087844,0,0,0,0.202509
272904000000,/,drone2,30,0,"container1",world,10.676,-5.04732,0,0.087849,0,0,0,0.087849,0,0,0,0.20259
272904000000,/,drone2,31,1,"container2",world,12.378,2.98785,0,0.0878572,0,0,0,0.0878572,0,0,0,0.202724
273000000000,/,drone2,26,2,"container3",world,10.6345,9.71037,0,0.0881833,0,0,0,0.0881833,0,0,0,0.203156
273000000000,/,drone2,28,1,"container2",world,12.49,3.53532,0,0.0883548,0,0,0,0.0883548,0,0,0,0.20345
273000000000,/,drone1,29,0,"container1",world,10.6334,-4.83905,0,0.0880156,0,0,0,0.0880156,0,0,0,0.202803
273000000000,/,drone2,30,0,"container1",world,10.6716,-5.04833,0,0.0880188,0,0,0,0.0880188,0,0,0,0.20287
273000000000,/,drone2,31,1,"container2",world,12.3766,2.98674,0,0.0880244,0,0,0,0.0880244,0,0,0,0.202989
273076000000,/,drone2,26,2,"container3",world,10.6343,9.71039,0,0.0882867,0,0,0,0.0882867,0,0,0,0.203329
273076000000,/,drone2,28,1,"container2",world,12.4887,3.53285,0,0.0882446,0,0,0,0.0882446,0,0,0,0.203262
273076000000,/,drone1,29,0,"container1",world,10.6291,-4.83492,0,0.0882174,0,0,0,0.0882174,0,0,0,0.203156
273076000000,/,drone2,30,0,"container1",world,10.6684,-5.05138,0,0.0882193,0,0,0,0.0882193,0,0,0,0.203211
273076000000,/,drone2,31,1,"container2",world,12.3745,2.9863,0,0.0882229,0,0,0,0.0882229,0,0,0,0.203313
273160000000,/,drone2,26,2,"container3",world,10.6351,9.72473,0,0.0891551,0,0,0,0.0891551,0,0,0,0.205227
273160000000,/,drone2,28,1,"container2",world,12.4829,3.5207,0,0.0977261,0,0,0,0.0977261,0,0,0,0.222084
273160000000,/,drone1,29,0,"container1",world,10.6249,-4.83099,0,0.087956,0,0,0,0.087956,0,0,0,0.202697
273160000000,/,drone2,30,0,"container1",world,10.6655,-5.05423,0,0.0880661,0,0,0,0.0880661,0,0,0,0.202937
273160000000,/,drone2,31,1,"container2",world,12.3715,2.98735,0,0.0880684,0,0,0,0.0880684,0,0,0,0.203024
273240000000,/,drone2,26,2,"container3",world,10.6326,9.72687,0,0.0893352,0,0,0,0.0893352,0,0,0,0.205684
273240000000,/,drone2,28,1,"container2",world,12.4772,3.51316,0,0.0995489,0,0,0,0.0995489,0,0,0,0.226551
273240000000,/,drone1,29,0,"container1",world,10.6209,-4.8279,0,0.0880405,0,0,0,0.0880405,0,0,0,0.202855
273240000000,/,drone2,30,0,"container1",world,10.6614,-5.05657,0,0.0880957,0,0,0,0.0880957,0,0,0,0.202988
273240000000,/,drone2,31,1,"container2",world,12.3707,2.98793,0,0.088097,0,0,0,0.088097,0,0,0,0.20306
273308000000,/,drone2,26,2,"container3",world,10.6285,9.7233,0,0.0886583,0,0,0,0.0886583,0,0,0,0.204536
273308000000,/,drone2,28,1,"container2",world,12.4672,3.50655,0,0.0978521,0,0,0,0.0978521,0,0,0,0.22452
273308000000,/,drone1,29,0,"container1",world,10.6164,-4.82524,0,0.0877571,0,0,0,0.0877571,0,0,0,0.202347
273308000000,/,drone2,30,0,"container1",world,10.6579,-5.056,0,0.0878826,0,0,0,0.0878826,0,0,0,0.202605
273308000000,/,drone2,31,1,"container2",world,12.3687,2.98918,0,0.0878834,0,0,0,0.0878834,0,0,0,0.202664
273388000000,/,drone2,26,2,"container3",world,10.6238,9.72079,0,0.088724,0,0,0,0.088724,0,0,0,0.204636
273388000000,/,drone2,28,1,"container2",world,12.4563,3.50154,0,0.0961856,0,0,0,0.0961856,0,0,0,0.222095
273388000000,/,drone1,29,0,"container1",world,10.6126,-4.82296,0,0.0878504,0,0,0,0.0878504,0,0,0,0.202508
273388000000,/,drone2,30,0,"container1",world,10.6525,-5.05468,0,0.088035,0,0,0,0.088035,0,0,0,0.202859
273388000000,/,drone2,31,1,"container2",world,12.3654,2.99139,0,0.0880354,0,0,0,0.0880354,0,0,0,0.202908
273464000000,/,drone2,26,2,"container3",world,10.6185,9.71841,0,0.0887277,0,0,0,0.0887277,0,0,0,0.204623
273464000000,/,drone2,28,1,"container2",world,12.4482,3.49822,0,0.0947632,0,0,0,0.0947632,0,0,0,0.219807
273464000000,/,drone1,29,0,"container1",world,10.6093,-4.82078,0,0.0881356,0,0,0,0.0881356,0,0,0,0.20301
273464000000,/,drone2,30,0,"container1",world,10.6413,-5.05186,0,0.0882271,0,0,0,0.0882271,0,0,0,0.20319
273464000000,/,drone2,31,1,"container2",world,12.3623,2.99331,0,0.0882273,0,0,0,0.0882273,0,0,0,0.203229
273528000000,/,drone2,26,2,"container3",world,10.6153,9.72008,0,0.0883738,0,0,0,0.0883738,0,0,0,0.203998
273528000000,/,drone2,28,1,"container2",world,12.444,3.49649,0,0.0940239,0,0,0,0.0940239,0,0,0,0.218609
273528000000,/,drone1,29,0,"container1",world,10.6058,-4.81809,0,0.0879147,0,0,0,0.0879147,0,0,0,0.202623
273528000000,/,drone2,30,0,"container1",world,10.6272,-5.04736,0,0.087961,0,0,0,0.087961,0,0,0,0.202718
273528000000,/,drone2,31,1,"container2",world,12.3611,2.99429,0,0.0879612,0,0,0,0.0879612,0,0,0,0.202748
273600000000,/,drone2,26,2,"container3",world,10.6134,9.71867,0,0.088626,0,0,0,0.088626,0,0,0,0.204442
273600000000,/,drone2,28,1,"container2",world,12.4419,3.49561,0,0.0936467,0,0,0,0.0936467,0,0,0,0.217996
273600000000,/,drone1,29,0,"container1",world,10.6035,-4.81612,0,0.0881525,0,0,0,0.0881525,0,0,0,0.203047
273600000000,/,drone2,30,0,"container1",world,10.6174,-5.04371,0,0.0881756,0,0,0,0.0881756,0,0,0,0.203098
273600000000,/,drone2,31,1,"container2",world,12.3603,2.99473,0,0.0881757,0,0,0,0.0881757,0,0,0,0.203122
273684000000,/,drone2,26,2,"container3",world,10.6112,9.71966,0,0.0884421,0,0,0,0.0884421,0,0,0,0.204123
273684000000,/,drone2,28,1,"container2",world,12.4408,3.49517,0,0.0934562,0,0,0,0.0934562,0,0,0,0.217686
273684000000,/,drone1,29,0,"container1",world,10.601,-4.81432,0,0.0880191,0,0,0,0.0880191,0,0,0,0.202819
273684000000,/,drone2,30,0,"container1",world,10.6035,-5.03987,0,0.0880309,0,0,0,0.0880309,0,0,0,0.202848
273684000000,/,drone2,31,1,"container2",world,12.3594,2.99483,0,0.088031,0,0,0,0.088031,0,0,0,0.202867
273760000000,/,drone2,26,2,"container3",world,10.5993,9.76276,0,0.0936987,0,0,0,0.0936987,0,0,0,0.214489
273760000000,/,drone2,28,1,"container2",world,12.4224,3.49363,0,0.101876,0,0,0,0.101876,0,0,0,0.233159
273760000000,/,drone1,29,0,"container1",world,10.5983,-4.81259,0,0.0881028,0,0,0,0.0881028,0,0,0,0.202957
273760000000,/,drone2,30,0,"container1",world,10.5764,-5.03533,0,0.0881087,0,0,0,0.0881087,0,0,0,0.202973
273760000000,/,drone2,31,1,"container2",world,12.3577,2.99484,0,0.0881089,0,0,0,0.0881089,0,0,0,0.202988
273840000000,/,drone2,26,2,"container3",world,10.5905,9.75921,0,0.0930781,0,0,0,0.0930781,0,0,0,0.213754
273840000000,/,drone2,28,1,"container2",world,12.4122,3.48978,0,0.102438,0,0,0,0.102438,0,0,0,0.234633
273840000000,/,drone1,29,0,"container1",world,10.5964,-4.81167,0,0.0882607,0,0,0,0.0882607,0,0,0,0.203233
273840000000,/,drone2,30,0,"container1",world,10.5515,-5.03158,0,0.0879165,0,0,0,0.0879165,0,0,0,0.202625
273840000000,/,drone2,31,1,"container2",world,12.3558,2.99476,0,0.0879166,0,0,0,0.0879166,0,0,0,0.202636
273932000000,/,drone2,26,2,"container3",world,10.5835,9.74884,0,0.0921086,0,0,0,0.0921086,0,0,0,0.21219
273932000000,/,drone2,28,1,"container2",world,12.4043,3.48415,0,0.101091,0,0,0,0.101091,0,0,0,0.232634
273932000000,/,drone1,29,0,"container1",world,10.5953,-4.81149,0,0.0880866,0,0,0,0.0880866,0,0,0,0.202931
273932000000,/,drone2,30,0,"container1",world,10.532,-5.02795,0,0.087914,0,0,0,0.087914,0,0,0,0.202627
273932000000,/,drone2,31,1,"container2",world,12.3534,2.99498,0,0.0879142,0,0,0,0.0879142,0,0,0,0.202635
274000000000,/,drone2,26,2,"container3",world,10.58,9.73736,0,0.0908446,0,0,0,0.0908446,0,0,0,0.209932
274000000000,/,drone2,28,1,"container2",world,12.398,3.47817,0,0.0987816,0,0,0,0.0987816,0,0,0,0.228683
274000000000,/,drone1,29,0,"container1",world,10.5954,-4.81203,0,0.0882377,0,0,0,0.0882377,0,0,0,0.2032
274000000000,/,drone2,30,0,"container1",world,10.5236,-5.02637,0,0.0878032,0,0,0,0.0878032,0,0,0,0.202431
274000000000,/,drone2,31,1,"container2",world,12.3519,2.99523,0,0.0878035,0,0,0,0.0878035,0,0,0,0.202436
274080000000,/,drone2,26,2,"container3",world,10.5784,9.72905,0,0.0900692,0,0,0,0.0900692,0,0,0,0.208473
274080000000,/,drone2,28,1,"container2",world,12.3934,3.47398,0,0.0966954,0,0,0,0.0966954,0,0,0,0.224877
274080000000,/,drone1,29,0,"container1",world,10.5957,-4.81319,0,0.0880621,0,0,0,0.0880621,0,0,0,0.202896
274080000000,/,drone2,30,0,"container1",world,10.5194,-5.02558,0,0.0877477,0,0,0,0.0877477,0,0,0,0.202332
274080000000,/,drone2,31,1,"container2",world,12.3512,2.99535,0,0.0877479,0,0,0,0.0877479,0,0,0,0.202337
274140000000,/,drone2,26,2,"container3",world,10.5724,9.71137,0,0.0924924,0,0,0,0.0924924,0,0,0,0.213217
274140000000,/,drone2,28,1,"container2",world,12.391,3.47176,0,0.0955888,0,0,0,0.0955888,0,0,0,0.222844
274140000000,/,drone1,29,0,"container1",world,10.5955,-4.81533,0,0.0881242,0,0,0,0.0881242,0,0,0,0.202995
274140000000,/,drone2,30,0,"container1",world,10.5288,-5.02542,0,0.0905901,0,0,0,0.0905901,0,0,0,0.207979
274140000000,/,drone2,31,1,"container2",world,12.3488,2.99568,0,0.094226,0,0,0,0.094226,0,0,0,0.214999
274180000000,/,drone2,26,2,"container3",world,10.5756,9.75763,0,0.098678,0,0,0,0.098678,0,0,0,0.225276
274180000000,/,drone2,28,1,"container2",world,12.3923,3.47053,0,0.0960303,0,0,0,0.0960303,0,0,0,0.223174
274180000000,/,drone1,29,0,"container1",world,10.5952,-4.81777,0,0.0879241,0,0,0,0.0879241,0,0,0,0.202635
274180000000,/,drone2,30,0,"container1",world,10.5395,-5.0249,0,0.0910921,0,0,0,0.0910921,0,0,0,0.209279
274180000000,/,drone2,31,1,"container2",world,12.3474,2.99545,0,0.0953339,0,0,0,0.0953339,0,0,0,0.217759
274232000000,/,drone2,26,2,"container3",world,10.5756,9.75851,0,0.0991976,0,0,0,0.0991976,0,0,0,0.226564
274232000000,/,drone2,28,1,"container2",world,12.3958,3.46997,0,0.096046,0,0,0,0.096046,0,0,0,0.222909
274232000000,/,drone1,29,0,"container1",world,10.5949,-4.82049,0,0.0880387,0,0,0,0.0880387,0,0,0,0.202844
274232000000,/,drone2,30,0,"container1",world,10.5494,-5.02486,0,0.0914625,0,0,0,0.0914625,0,0,0,0.210194
274232000000,/,drone2,31,1,"container2",world,12.3465,2.99513,0,0.0956988,0,0,0,0.0956988,0,0,0,0.218932
274288000000,/,drone2,26,2,"container3",world,10.5745,9.74784,0,0.0965546,0,0,0,0.0965546,0,0,0,0.222149
274288000000,/,drone2,28,1,"container2",world,12.4019,3.46951,0,0.094872,0,0,0,0.094872,0,0,0,0.220501
274288000000,/,drone1,29,0,"container1",world,10.594,-4.82323,0,0.0878659,0,0,0,0.0878659,0,0,0,0.202539
274288000000,/,drone2,30,0,"container1",world,10.5666,-5.02614,0,0.0907106,0,0,0,0.0907106,0,0,0,0.209063
274288000000,/,drone2,31,1,"container2",world,12.3463,2.99422,0,0.0942426,0,0,0,0.0942426,0,0,0,0.216814
274332000000,/,drone2,26,2,"container3",world,10.5743,9.73858,0,0.09505,0,0,0,0.09505,0,0,0,0.219503
274332000000,/,drone2,28,1,"container2",world,12.407,3.46916,0,0.0937782,0,0,0,0.0937782,0,0,0,0.218274
274332000000,/,drone1,29,0,"container1",world,10.5935,-4.82461,0,0.087779,0,0,0,0.087779,0,0,0,0.202385
274332000000,/,drone2,30,0,"container1",world,10.5753,-5.0268,0,0.0903268,0,0,0,0.0903268,0,0,0,0.208483
274332000000,/,drone2,31,1,"container2",world,12.3461,2.99374,0,0.093486,0,0,0,0.093486,0,0,0,0.215703
274396000000,/,drone2,26,2,"container3",world,10.5742,9.73409,0,0.0940184,0,0,0,0.0940184,0,0,0,0.217655
274396000000,/,drone2,28,1,"container2",world,12.4112,3.46865,0,0.0932219,0,0,0,0.0932219,0,0,0,0.217013
274396000000,/,drone1,29,0,"container1",world,10.5921,-4.82667,0,0.0879526,0,0,0,0.0879526,0,0,0,0.2027
274396000000,/,drone2,30,0,"container1",world,10.5896,-5.02747,0,0.0898201,0,0,0,0.0898201,0,0,0,0.20762
274396000000,/,drone2,31,1,"container2",world,12.3453,2.99226,0,0.0923009,0,0,0,0.0923009,0,0,0,0.213707
274476000000,/,drone2,26,2,"container3",world,10.5739,9.72203,0,0.0925988,0,0,0,0.0925988,0,0,0,0.214953
274476000000,/,drone2,28,1,"container2",world,12.4148,3.4677,0,0.0921389,0,0,0,0.0921389,0,0,0,0.214696
274476000000,/,drone1,29,0,"container1",world,10.5907,-4.82835,0,0.0879189,0,0,0,0.0879189,0,0,0,0.202645
274476000000,/,drone2,30,0,"container1",world,10.5968,-5.02782,0,0.0895629,0,0,0,0.0895629,0,0,0,0.20718
274476000000,/,drone2,31,1,"container2",world,12.3449,2.99149,0,0.0916881,0,0,0,0.0916881,0,0,0,0.212668
274544000000,/,drone2,26,2,"container3",world,10.5725,9.7124,0,0.0914992,0,0,0,0.0914992,0,0,0,0.212691
274544000000,/,drone2,28,1,"container2",world,12.4163,3.46589,0,0.091394,0,0,0,0.091394,0,0,0,0.212889
274544000000,/,drone1,29,0,"container1",world,10.5875,-4.83127,0,0.0880115,0,0,0,0.0880115,0,0,0,0.202814
274544000000,/,drone2,30,0,"container1",world,10.6053,-5.02635,0,0.0892576,0,0,0,0.0892576,0,0,0,0.206562
274544000000,/,drone2,31,1,"container2",world,12.3442,2.99008,0,0.0908626,0,0,0,0.0908626,0,0,0,0.211068
274600000000,/,drone2,26,2,"container3",world,10.5709,9.7037,0,0.0902125,0,0,0,0.0902125,0,0,0,0.210029
274600000000,/,drone2,28,1,"container2",world,12.4139,3.4638,0,0.0904553,0,0,0,0.0904553,0,0,0,0.210713
274600000000,/,drone1,29,0,"container1",world,10.5841,-4.83402,0,0.0878312,0,0,0,0.0878312,0,0,0,0.202493
274600000000,/,drone2,30,0,"container1",world,10.6088,-5.02424,0,0.0887468,0,0,0,0.0887468,0,0,0,0.205535
274600000000,/,drone2,31,1,"container2",world,12.3449,2.98892,0,0.0899283,0,0,0,0.0899283,0,0,0,0.209181
274696000000,/,drone2,26,2,"container3",world,10.5682,9.69407,0,0.0895371,0,0,0,0.0895371,0,0,0,0.208386
274696000000,/,drone2,28,1,"container2",world,12.4103,3.46181,0,0.0895429,0,0,0,0.0895429,0,0,0,0.208565
274696000000,/,drone1,29,0,"container1",world,10.5808,-4.8371,0,0.0880018,0,0,0,0.0880018,0,0,0,0.202782
274696000000,/,drone2,30,0,"container1",world,10.609,-5.02253,0,0.0886468,0,0,0,0.0886468,0,0,0,0.205197
274696000000,/,drone2,31,1,"container2",world,12.3458,2.98772,0,0.0894849,0,0,0,0.0894849,0,0,0,0.20809
274760000000,/,drone2,26,2,"container3",world,10.5654,9.68706,0,0.0887634,0,0,0,0.0887634,0,0,0,0.206488
274760000000,/,drone2,28,1,"container2",world,12.4073,3.45826,0,0.0889691,0,0,0,0.0889691,0,0,0,0.206923
274760000000,/,drone1,29,0,"container1",world,10.5781,-4.84043,0,0.0878566,0,0,0,0.0878566,0,0,0,0.202517
274760000000,/,drone2,30,0,"container1",world,10.607,-5.02173,0,0.088298,0,0,0,0.088298,0,0,0,0.204409
274760000000,/,drone2,31,1,"container2",world,12.3471,2.98664,0,0.0888778,0,0,0,0.0888778,0,0,0,0.206678
274800000000,/,drone2,26,2,"container3",world,10.5621,9.67891,0,0.0885521,0,0,0,0.0885521,0,0,0,0.205598
274800000000,/,drone2,28,1,"container2",world,12.4052,3.45411,0,0.0886389,0,0,0,0.0886389,0,0,0,0.205741
274800000000,/,drone1,29,0,"container1",world,10.5768,-4.84545,0,0.0878797,0,0,0,0.0878797,0,0,0,0.202563
274800000000,/,drone2,30,0,"container1",world,10.6041,-5.0216,0,0.0882876,0,0,0,0.0882876,0,0,0,0.204225
274800000000,/,drone2,31,1,"container2",world,12.3458,2.98676,0,0.0886709,0,0,0,0.0886709,0,0,0,0.205969
274868000000,/,drone2,26,2,"container3",world,10.5607,9.67543,0,0.0883935,0,0,0,0.0883935,0,0,0,0.205092
274868000000,/,drone2,28,1,"container2",world,12.4025,3.45023,0,0.0883347,0,0,0,0.0883347,0,0,0,0.204818
274868000000,/,drone1,29,0,"container1",world,10.5763,-4.84903,0,0.0877823,0,0,0,0.0877823,0,0,0,0.20239
274868000000,/,drone2,30,0,"container1",world,10.6027,-5.02154,0,0.0882823,0,0,0,0.0882823,0,0,0,0.204133
274868000000,/,drone2,31,1,"container2",world,12.3452,2.98683,0,0.0885665,0,0,0,0.0885665,0,0,0,0.205613
274900000000,/,drone2,26,2,"container3",world,10.553,9.64055,0,0.0962517,0,0,0,0.0962517,0,0,0,0.219254
274900000000,/,drone2,28,1,"container2",world,12.4006,3.44693,0,0.0883565,0,0,0,0.0883565,0,0,0,0.204525
274900000000,/,drone1,29,0,"container1",world,10.5772,-4.85318,0,0.0879514,0,0,0,0.0879514,0,0,0,0.202696
274900000000,/,drone2,30,0,"container1",world,10.5938,-5.02263,0,0.0882163,0,0,0,0.0882163,0,0,0,0.203826
274900000000,/,drone2,31,1,"container2",world,12.3426,2.9873,0,0.0974524,0,0,0,0.0974524,0,0,0,0.221272
274960000000,/,drone2,26,2,"container3",world,10.5514,9.63583,0,0.096765,0,0,0,0.096765,0,0,0,0.220374
274960000000,/,drone2,28,1,"container2",world,12.3998,3.44473,0,0.088234,0,0,0,0.088234,0,0,0,0.204085
274960000000,/,drone1,29,0,"container1",world,10.5786,-4.85636,0,0.0879159,0,0,0,0.0879159,0,0,0,0.202637
274960000000,/,drone2,30,0,"container1",world,10.5861,-5.02378,0,0.0880581,0,0,0,0.0880581,0,0,0,0.203418
274960000000,/,drone2,31,1,"container2",world,12.341,2.98771,0,0.0998616,0,0,0,0.0998616,0,0,0,0.225633
275000000000,/,drone2,26,2,"container3",world,10.5516,9.63844,0,0.0950331,0,0,0,0.0950331,0,0,0,0.217623
275000000000,/,drone2,28,1,"container2",world,12.3999,3.44291,0,0.0879484,0,0,0,0.0879484,0,0,0,0.203356
275000000000,/,drone1,29,0,"container1",world,10.5814,-4.86011,0,0.0876924,0,0,0,0.0876924,0,0,0,0.202232
275000000000,/,drone2,30,0,"container1",world,10.5752,-5.02569,0,0.0877667,0,0,0,0.0877667,0,0,0,0.202769
275000000000,/,drone2,31,1,"container2",world,12.3392,2.98818,0,0.0992237,0,0,0,0.0992237,0,0,0,0.224969
275056000000,/,drone2,26,2,"container3",world,10.5517,9.64057,0,0.0944905,0,0,0,0.0944905,0,0,0,0.21681
275056000000,/,drone2,28,1,"container2",world,12.3995,3.44172,0,0.0881576,0,0,0,0.0881576,0,0,0,0.203567
275056000000,/,drone1,29,0,"container1",world,10.5837,-4.86312,0,0.087939,0,0,0,0.087939,0,0,0,0.202661
275056000000,/,drone2,30,0,"container1",world,10.5656,-5.02705,0,0.0879762,0,0,0,0.0879762,0,0,0,0.203043
275056000000,/,drone2,31,1,"container2",world,12.3376,2.98839,0,0.0986368,0,0,0,0.0986368,0,0,0,0.224311
275100000000,/,drone2,26,2,"container3",world,10.5501,9.644,0,0.092905,0,0,0,0.092905,0,0,0,0.214097
275100000000,/,drone2,28,1,"container2",world,12.4002,3.44094,0,0.0880228,0,0,0,0.0880228,0,0,0,0.203185
275100000000,/,drone1,29,0,"container1",world,10.5864,-4.8664,0,0.08783,0,0,0,0.08783,0,0,0,0.202463
275100000000,/,drone2,30,0,"container1",world,10.5549,-5.02877,0,0.087849,0,0,0,0.087849,0,0,0,0.202726
275100000000,/,drone2,31,1,"container2",world,12.3356,2.98905,0,0.0970156,0,0,0,0.0970156,0,0,0,0.22183
275152000000,/,drone2,26,2,"container3",world,10.5719,9.83026,0,0.0911859,0,0,0,0.0911859,0,0,0,0.210378
275152000000,/,drone2,28,1,"container2",world,12.4004,3.44054,0,0.0883032,0,0,0,0.0883032,0,0,0,0.203585
275152000000,/,drone1,29,0,"container1",world,10.5878,-4.86804,0,0.0877753,0,0,0,0.0877753,0,0,0,0.202364
275152000000,/,drone2,30,0,"container1",world,10.5477,-5.03003,0,0.0881351,0,0,0,0.0881351,0,0,0,0.203169
275152000000,/,drone2,31,1,"container2",world,12.3338,2.98961,0,0.0960574,0,0,0,0.0960574,0,0,0,0.22038
275188000000,/,drone2,26,2,"container3",world,10.5523,9.69342,0,0.0909751,0,0,0,0.0909751,0,0,0,0.210457
275188000000,/,drone2,28,1,"container2",world,12.4017,3.44066,0,0.0881864,0,0,0,0.0881864,0,0,0,0.203302
275188000000,/,drone1,29,0,"container1",world,10.5885,-4.86886,0,0.0877479,0,0,0,0.0877479,0,0,0,0.202314
275188000000,/,drone2,30,0,"container1",world,10.5418,-5.0305,0,0.0880266,0,0,0,0.0880266,0,0,0,0.202925
275188000000,/,drone2,31,1,"container2",world,12.3318,2.98987,0,0.0945324,0,0,0,0.0945324,0,0,0,0.217837
275220000000,/,drone2,26,2,"container3",world,10.5487,9.65943,0,0.0904888,0,0,0,0.0904888,0,0,0,0.209668
275220000000,/,drone2,28,1,"container2",world,12.4023,3.44072,0,0.0881278,0,0,0,0.0881278,0,0,0,0.20316
275220000000,/,drone1,29,0,"container1",world,10.5888,-4.86928,0,0.0877342,0,0,0,0.0877342,0,0,0,0.202289
275220000000,/,drone2,30,0,"container1",world,10.5383,-5.03032,0,0.0878646,0,0,0,0.0878646,0,0,0,0.202597
275220000000,/,drone2,31,1,"container2",world,12.3302,2.98976,0,0.0933029,0,0,0,0.0933029,0,0,0,0.215711
275276000000,/,drone2,26,2,"container3",world,10.5478,9.65099,0,0.0905635,0,0,0,0.0905635,0,0,0,0.209726
275276000000,/,drone2,28,1,"container2",world,12.4073,3.44128,0,0.0883375,0,0,0,0.0883375,0,0,0,0.203488
275276000000,/,drone1,29,0,"container1",world,10.589,-4.86948,0,0.0877273,0,0,0,0.0877273,0,0,0,0.202277
275276000000,/,drone2,30,0,"container1",world,10.535,-5.0294,0,0.0881346,0,0,0,0.0881346,0,0,0,0.203045
275276000000,/,drone2,31,1,"container2",world,12.3287,2.98918,0,0.0927158,0,0,0,0.0927158,0,0,0,0.214663
275304000000,/,drone2,26,2,"container3",world,10.5488,9.64853,0,0.0901396,0,0,0,0.0901396,0,0,0,0.208883
275304000000,/,drone2,28,1,"container2",world,12.4113,3.44199,0,0.088309,0,0,0,0.088309,0,0,0,0.203416
275304000000,/,drone1,29,0,"container1",world,10.593,-4.87378,0,0.0879267,0,0,0,0.0879267,0,0,0,0.202645
275304000000,/,drone2,30,0,"container1",world,10.532,-5.02836,0,0.0881383,0,0,0,0.0881383,0,0,0,0.203035
275304000000,/,drone2,31,1,"container2",world,12.3275,2.98828,0,0.0920234,0,0,0,0.0920234,0,0,0,0.213386
275364000000,/,drone2,26,2,"container3",world,10.553,9.64925,0,0.0892952,0,0,0,0.0892952,0,0,0,0.207178
275364000000,/,drone2,28,1,"container2",world,12.4141,3.44328,0,0.0880651,0,0,0,0.0880651,0,0,0,0.202966
275364000000,/,drone1,29,0,"container1",world,10.5955,-4.87725,0,0.0876996,0,0,0,0.0876996,0,0,0,0.20224
275364000000,/,drone2,30,0,"container1",world,10.528,-5.02713,0,0.0879156,0,0,0,0.0879156,0,0,0,0.202619
275364000000,/,drone2,31,1,"container2",world,12.3262,2.98651,0,0.0910164,0,0,0,0.0910164,0,0,0,0.21144
275400000000,/,drone2,26,2,"container3",world,10.5558,9.65005,0,0.0887735,0,0,0,0.0887735,0,0,0,0.206093
275400000000,/,drone2,28,1,"container2",world,12.415,3.44454,0,0.0878432,0,0,0,0.0878432,0,0,0,0.202555
275400000000,/,drone1,29,0,"container1",world,10.5968,-4.879,0,0.0875853,0,0,0,0.0875853,0,0,0,0.202035
275400000000,/,drone2,30,0,"container1",world,10.5241,-5.02613,0,0.0877069,0,0,0,0.0877069,0,0,0,0.202227
275400000000,/,drone2,31,1,"container2",world,12.3266,2.9848,0,0.0902262,0,0,0,0.0902262,0,0,0,0.209869
275468000000,/,drone2,26,2,"container3",world,10.5588,9.65106,0,0.0887395,0,0,0,0.0887395,0,0,0,0.2058
275468000000,/,drone2,28,1,"container2",world,12.4125,3.44694,0,0.087966,0,0,0,0.087966,0,0,0,0.202768
275468000000,/,drone1,29,0,"container1",world,10.5978,-4.88053,0,0.087765,0,0,0,0.087765,0,0,0,0.202352
275468000000,/,drone2,30,0,"container1",world,10.5196,-5.02528,0,0.0878409,0,0,0,0.0878409,0,0,0,0.202448
275468000000,/,drone2,31,1,"container2",world,12.329,2.98238,0,0.0897657,0,0,0,0.0897657,0,0,0,0.208794
275520000000,/,drone2,26,2,"container3",world,10.5597,9.65147,0,0.0884653,0,0,0,0.0884653,0,0,0,0.205156
275520000000,/,drone2,28,1,"container2",world,12.4091,3.44923,0,0.0879147,0,0,0,0.0879147,0,0,0,0.202677
275520000000,/,drone1,29,0,"container1",world,10.5986,-4.88135,0,0.0877438,0,0,0,0.0877438,0,0,0,0.202311
275520000000,/,drone2,30,0,"container1",world,10.5164,-5.02473,0,0.087798,0,0,0,0.087798,0,0,0,0.202361
275520000000,/,drone2,31,1,"container2",world,12.3308,2.98044,0,0.0893082,0,0,0,0.0893082,0,0,0,0.20776
275600000000,/,drone2,26,2,"container3",world,10.5603,9.65138,0,0.088561,0,0,0,0.088561,0,0,0,0.205113
275600000000,/,drone2,28,1,"container2",world,12.4034,3.45214,0,0.0881013,0,0,0,0.0881013,0,0,0,0.203026
275600000000,/,drone1,29,0,"container1",world,10.5996,-4.8819,0,0.0879492,0,0,0,0.0879492,0,0,0,0.202682
275600000000,/,drone2,30,0,"container1",world,10.5129,-5.02442,0,0.0879937,0,0,0,0.0879937,0,0,0,0.202712
275600000000,/,drone2,31,1,"container2",world,12.3329,2.9776,0,0.0891048,0,0,0,0.0891048,0,0,0,0.207114
275700000000,/,drone2,26,2,"container3",world,10.5607,9.65062,0,0.0881311,0,0,0,0.0881311,0,0,0,0.204124
275700000000,/,drone2,28,1,"container2",world,12.3976,3.45434,0,0.0879584,0,0,0,0.0879584,0,0,0,0.202792
275700000000,/,drone1,29,0,"container1",world,10.6005,-4.88212,0,0.0878209,0,0,0,0.0878209,0,0,0,0.202457
275700000000,/,drone2,30,0,"container1",world,10.5082,-5.02458,0,0.0878609,0,0,0,0.0878609,0,0,0,0.202481
275700000000,/,drone2,31,1,"container2",world,12.3346,2.97446,0,0.0886457,0,0,0,0.0886457,0,0,0,0.205979
275784000000,/,drone2,26,2,"container3",world,10.5587,9.64886,0,0.0880663,0,0,0,0.0880663,0,0,0,0.203737
275784000000,/,drone2,28,1,"container2",world,12.3919,3.45526,0,0.0879752,0,0,0,0.0879752,0,0,0,0.202857
275784000000,/,drone1,29,0,"container1",world,10.6018,-4.88234,0,0.0878531,0,0,0,0.0878531,0,0,0,0.202524
275784000000,/,drone2,30,0,"container1",world,10.5017,-5.0258,0,0.0878903,0,0,0,0.0878903,0,0,0,0.202551
275784000000,/,drone2,31,1,"container2",world,12.3325,2.9708,0,0.0883863,0,0,0,0.0883863,0,0,0,0.205122
275860000000,/,drone2,26,2,"container3",world,10.5527,9.64474,0,0.0880497,0,0,0,0.0880497,0,0,0,0.203431
275860000000,/,drone2,28,1,"container2",world,12.3878,3.45562,0,0.087771,0,0,0,0.087771,0,0,0,0.20251
275860000000,/,drone1,29,0,"container1",world,10.6033,-4.8828,0,0.0880202,0,0,0,0.0880202,0,0,0,0.20281
275860000000,/,drone2,30,0,"container1",world,10.5029,-5.02614,0,0.0880546,0,0,0,0.0880546,0,0,0,0.202845
275860000000,/,drone2,31,1,"container2",world,12.3299,2.96665,0,0.0883429,0,0,0,0.0883429,0,0,0,0.204624
