stamp_ns,node_ns,raw_total_cum,pruned_total_cum,active_tracks,raw_classes_cum,pruned_classes_cum,raw_total_cum_drone1,pruned_total_cum_drone1,raw_classes_cum_drone1,pruned_classes_cum_drone1,raw_total_cum_drone2,pruned_total_cum_drone2,raw_classes_cum_drone2,pruned_classes_cum_drone2,raw_total_cum_drone3,pruned_total_cum_drone3,raw_classes_cum_drone3,pruned_classes_cum_drone3
0,/,0,0,0,"","",0,0,"","",0,0,"","",0,0,"",""
0,/,0,0,0,"","",0,0,"","",0,0,"","",0,0,"",""
110700000000,/,0,0,0,"","",0,0,"","",0,0,"","",0,0,"",""
111248000000,/,0,0,0,"","",0,0,"","",0,0,"","",0,0,"",""
111848000000,/,0,0,0,"","",0,0,"","",0,0,"","",0,0,"",""
112468000000,/,0,0,0,"","",0,0,"","",0,0,"","",0,0,"",""
113040000000,/,0,0,0,"","",0,0,"","",0,0,"","",0,0,"",""
113624000000,/,0,0,0,"","",0,0,"","",0,0,"","",0,0,"",""
114208000000,/,0,0,0,"","",0,0,"","",0,0,"","",0,0,"",""
114808000000,/,0,0,0,"","",0,0,"","",0,0,"","",0,0,"",""
115404000000,/,0,0,0,"","",0,0,"","",0,0,"","",0,0,"",""
116000000000,/,0,0,0,"","",0,0,"","",0,0,"","",0,0,"",""
116576000000,/,0,0,0,"","",0,0,"","",0,0,"","",0,0,"",""
117156000000,/,0,0,0,"","",0,0,"","",0,0,"","",0,0,"",""
117756000000,/,0,0,0,"","",0,0,"","",0,0,"","",0,0,"",""
118348000000,/,0,0,0,"","",0,0,"","",0,0,"","",0,0,"",""
118912000000,/,0,0,0,"","",0,0,"","",0,0,"","",0,0,"",""
119476000000,/,1,0,1,"0:container1=1","",0,0,"","",1,0,"0:container1=1","",0,0,"",""
120040000000,/,6,0,1,"0:container1=6","",0,0,"","",6,0,"0:container1=6","",0,0,"",""
120584000000,/,11,0,1,"0:container1=11","",0,0,"","",11,0,"0:container1=11","",0,0,"",""
121144000000,/,16,0,1,"0:container1=16","",0,0,"","",16,0,"0:container1=16","",0,0,"",""
121672000000,/,23,2,1,"0:container1=21;1:container2=2","1:container2=2",0,0,"","",23,2,"0:container1=21;1:container2=2","1:container2=2",0,0,"",""
122204000000,/,33,7,1,"0:container1=26;1:container2=7","1:container2=7",0,0,"","",33,7,"0:container1=26;1:container2=7","1:container2=7",0,0,"",""
122736000000,/,43,12,1,"0:container1=31;1:container2=12","1:container2=12",0,0,"","",43,12,"0:container1=31;1:container2=12","1:container2=12",0,0,"",""
123284000000,/,53,13,2,"0:container1=36;1:container2=17","1:container2=13",0,0,"","",53,13,"0:container1=36;1:container2=17","1:container2=13",0,0,"",""
123800000000,/,63,13,2,"0:container1=41;1:container2=22","1:container2=13",0,0,"","",63,13,"0:container1=41;1:container2=22","1:container2=13",0,0,"",""
124384000000,/,73,13,2,"0:container1=46;1:container2=27","1:container2=13",0,0,"","",73,13,"0:container1=46;1:container2=27","1:container2=13",0,0,"",""
124776000000,/,83,13,2,"0:container1=51;1:container2=32","1:container2=13",0,0,"","",83,13,"0:container1=51;1:container2=32","1:container2=13",0,0,"",""
124972000000,/,93,13,2,"0:container1=56;1:container2=37","1:container2=13",0,0,"","",93,13,"0:container1=56;1:container2=37","1:container2=13",0,0,"",""
125196000000,/,103,13,2,"0:container1=61;1:container2=42","1:container2=13",0,0,"","",103,13,"0:container1=61;1:container2=42","1:container2=13",0,0,"",""
125392000000,/,113,13,2,"0:container1=66;1:container2=47","1:container2=13",0,0,"","",113,13,"0:container1=66;1:container2=47","1:container2=13",0,0,"",""
125600000000,/,123,13,2,"0:container1=71;1:container2=52","1:container2=13",0,0,"","",123,13,"0:container1=71;1:container2=52","1:container2=13",0,0,"",""
125808000000,/,133,13,2,"0:container1=76;1:container2=57","1:container2=13",0,0,"","",133,13,"0:container1=76;1:container2=57","1:container2=13",0,0,"",""
126000000000,/,143,13,2,"0:container1=81;1:container2=62","1:container2=13",0,0,"","",143,13,"0:container1=81;1:container2=62","1:container2=13",0,0,"",""
126228000000,/,153,13,2,"0:container1=86;1:container2=67","1:container2=13",0,0,"","",153,13,"0:container1=86;1:container2=67","1:container2=13",0,0,"",""
126456000000,/,163,13,2,"0:container1=91;1:container2=72","1:container2=13",0,0,"","",163,13,"0:container1=91;1:container2=72","1:container2=13",0,0,"",""
126668000000,/,173,13,2,"0:container1=96;1:container2=77","1:container2=13",0,0,"","",173,13,"0:container1=96;1:container2=77","1:container2=13",0,0,"",""
126900000000,/,183,13,2,"0:container1=101;1:container2=82","1:container2=13",0,0,"","",183,13,"0:container1=101;1:container2=82","1:container2=13",0,0,"",""
127100000000,/,193,13,2,"0:container1=106;1:container2=87","1:container2=13",0,0,"","",193,13,"0:container1=106;1:container2=87","1:container2=13",0,0,"",""
127340000000,/,203,13,2,"0:container1=111;1:container2=92","1:container2=13",0,0,"","",203,13,"0:container1=111;1:container2=92","1:container2=13",0,0,"",""
127556000000,/,213,13,2,"0:container1=116;1:container2=97","1:container2=13",0,0,"","",213,13,"0:container1=116;1:container2=97","1:container2=13",0,0,"",""
127780000000,/,223,13,2,"0:container1=121;1:container2=102","1:container2=13",0,0,"","",223,13,"0:container1=121;1:container2=102","1:container2=13",0,0,"",""
128000000000,/,233,13,2,"0:container1=126;1:container2=107","1:container2=13",0,0,"","",233,13,"0:container1=126;1:container2=107","1:container2=13",0,0,"",""
128240000000,/,243,13,2,"0:container1=131;1:container2=112","1:container2=13",0,0,"","",243,13,"0:container1=131;1:container2=112","1:container2=13",0,0,"",""
128472000000,/,253,13,2,"0:container1=136;1:container2=117","1:container2=13",0,0,"","",253,13,"0:container1=136;1:container2=117","1:container2=13",0,0,"",""
128700000000,/,263,13,2,"0:container1=141;1:container2=122","1:container2=13",0,0,"","",263,13,"0:container1=141;1:container2=122","1:container2=13",0,0,"",""
128932000000,/,273,13,2,"0:container1=146;1:container2=127","1:container2=13",0,0,"","",273,13,"0:container1=146;1:container2=127","1:container2=13",0,0,"",""
129160000000,/,283,13,2,"0:container1=151;1:container2=132","1:container2=13",0,0,"","",283,13,"0:container1=151;1:container2=132","1:container2=13",0,0,"",""
129396000000,/,293,13,2,"0:container1=156;1:container2=137","1:container2=13",0,0,"","",293,13,"0:container1=156;1:container2=137","1:container2=13",0,0,"",""
129608000000,/,303,13,2,"0:container1=161;1:container2=142","1:container2=13",0,0,"","",303,13,"0:container1=161;1:container2=142","1:container2=13",0,0,"",""
129856000000,/,313,13,2,"0:container1=166;1:container2=147","1:container2=13",0,0,"","",313,13,"0:container1=166;1:container2=147","1:container2=13",0,0,"",""
130096000000,/,323,13,2,"0:container1=171;1:container2=152","1:container2=13",0,0,"","",323,13,"0:container1=171;1:container2=152","1:container2=13",0,0,"",""
130316000000,/,333,13,2,"0:container1=176;1:container2=157","1:container2=13",0,0,"","",333,13,"0:container1=176;1:container2=157","1:container2=13",0,0,"",""
130556000000,/,343,13,2,"0:container1=181;1:container2=162","1:container2=13",0,0,"","",343,13,"0:container1=181;1:container2=162","1:container2=13",0,0,"",""
130788000000,/,353,13,2,"0:container1=186;1:container2=167","1:container2=13",0,0,"","",353,13,"0:container1=186;1:container2=167","1:container2=13",0,0,"",""
131012000000,/,363,13,2,"0:container1=191;1:container2=172","1:container2=13",0,0,"","",363,13,"0:container1=191;1:container2=172","1:container2=13",0,0,"",""
131260000000,/,373,13,2,"0:container1=196;1:container2=177","1:container2=13",0,0,"","",373,13,"0:container1=196;1:container2=177","1:container2=13",0,0,"",""
131500000000,/,383,13,2,"0:container1=201;1:container2=182","1:container2=13",0,0,"","",383,13,"0:container1=201;1:container2=182","1:container2=13",0,0,"",""
131740000000,/,393,13,2,"0:container1=206;1:container2=187","1:container2=13",0,0,"","",393,13,"0:container1=206;1:container2=187","1:container2=13",0,0,"",""
131968000000,/,403,13,2,"0:container1=211;1:container2=192","1:container2=13",0,0,"","",403,13,"0:container1=211;1:container2=192","1:container2=13",0,0,"",""
132200000000,/,413,13,2,"0:container1=216;1:container2=197","1:container2=13",0,0,"","",413,13,"0:container1=216;1:container2=197","1:container2=13",0,0,"",""
132452000000,/,423,13,2,"0:container1=221;1:container2=202","1:container2=13",0,0,"","",423,13,"0:container1=221;1:container2=202","1:container2=13",0,0,"",""
132680000000,/,433,13,2,"0:container1=226;1:container2=207","1:container2=13",0,0,"","",433,13,"0:container1=226;1:container2=207","1:container2=13",0,0,"",""
132900000000,/,443,13,2,"0:container1=231;1:container2=212","1:container2=13",0,0,"","",443,13,"0:container1=231;1:container2=212","1:container2=13",0,0,"",""
133156000000,/,453,13,2,"0:container1=236;1:container2=217","1:container2=13",0,0,"","",453,13,"0:container1=236;1:container2=217","1:container2=13",0,0,"",""
133392000000,/,463,13,2,"0:container1=241;1:container2=222","1:container2=13",0,0,"","",463,13,"0:container1=241;1:container2=222","1:container2=13",0,0,"",""
133604000000,/,473,13,2,"0:container1=246;1:container2=227","1:container2=13",0,0,"","",473,13,"0:container1=246;1:container2=227","1:container2=13",0,0,"",""
133860000000,/,483,13,2,"0:container1=251;1:container2=232","1:container2=13",0,0,"","",483,13,"0:container1=251;1:container2=232","1:container2=13",0,0,"",""
134100000000,/,493,13,2,"0:container1=256;1:container2=237","1:container2=13",0,0,"","",493,13,"0:container1=256;1:container2=237","1:container2=13",0,0,"",""
134360000000,/,503,13,2,"0:container1=261;1:container2=242","1:container2=13",0,0,"","",503,13,"0:container1=261;1:container2=242","1:container2=13",0,0,"",""
134580000000,/,513,13,2,"0:container1=266;1:container2=247","1:container2=13",0,0,"","",513,13,"0:container1=266;1:container2=247","1:container2=13",0,0,"",""
134808000000,/,523,13,2,"0:container1=271;1:container2=252","1:container2=13",0,0,"","",523,13,"0:container1=271;1:container2=252","1:container2=13",0,0,"",""
135072000000,/,533,13,2,"0:container1=276;1:container2=257","1:container2=13",0,0,"","",533,13,"0:container1=276;1:container2=257","1:container2=13",0,0,"",""
135300000000,/,543,13,2,"0:container1=281;1:container2=262","1:container2=13",0,0,"","",543,13,"0:container1=281;1:container2=262","1:container2=13",0,0,"",""
135552000000,/,553,13,2,"0:container1=286;1:container2=267","1:container2=13",0,0,"","",553,13,"0:container1=286;1:container2=267","1:container2=13",0,0,"",""
135780000000,/,563,13,2,"0:container1=291;1:container2=272","1:container2=13",0,0,"","",563,13,"0:container1=291;1:container2=272","1:container2=13",0,0,"",""
136016000000,/,573,13,2,"0:container1=296;1:container2=277","1:container2=13",0,0,"","",573,13,"0:container1=296;1:container2=277","1:container2=13",0,0,"",""
136272000000,/,583,13,2,"0:container1=301;1:container2=282","1:container2=13",0,0,"","",583,13,"0:container1=301;1:container2=282","1:container2=13",0,0,"",""
136500000000,/,593,13,2,"0:container1=306;1:container2=287","1:container2=13",0,0,"","",593,13,"0:container1=306;1:container2=287","1:container2=13",0,0,"",""
136736000000,/,605,15,1,"0:container1=313;1:container2=292","0:container1=2;1:container2=13",2,2,"0:container1=2","0:container1=2",603,15,"0:container1=311;1:container2=292","0:container1=2;1:container2=13",0,0,"",""
136968000000,/,620,20,1,"0:container1=323;1:container2=297","0:container1=7;1:container2=13",7,7,"0:container1=7","0:container1=7",613,20,"0:container1=316;1:container2=297","0:container1=7;1:container2=13",0,0,"",""
137200000000,/,635,23,2,"0:container1=333;1:container2=302","0:container1=10;1:container2=13",12,10,"0:container1=12","0:container1=10",623,23,"0:container1=321;1:container2=302","0:container1=10;1:container2=13",0,0,"",""
137412000000,/,650,23,2,"0:container1=343;1:container2=307","0:container1=10;1:container2=13",17,10,"0:container1=17","0:container1=10",633,23,"0:container1=326;1:container2=307","0:container1=10;1:container2=13",0,0,"",""
137680000000,/,665,23,2,"0:container1=353;1:container2=312","0:container1=10;1:container2=13",22,10,"0:container1=22","0:container1=10",643,23,"0:container1=331;1:container2=312","0:container1=10;1:container2=13",0,0,"",""
137896000000,/,680,23,2,"0:container1=363;1:container2=317","0:container1=10;1:container2=13",27,10,"0:container1=27","0:container1=10",653,23,"0:container1=336;1:container2=317","0:container1=10;1:container2=13",0,0,"",""
138140000000,/,695,23,2,"0:container1=373;1:container2=322","0:container1=10;1:container2=13",32,10,"0:container1=32","0:container1=10",663,23,"0:container1=341;1:container2=322","0:container1=10;1:container2=13",0,0,"",""
138364000000,/,710,23,2,"0:container1=383;1:container2=327","0:container1=10;1:container2=13",37,10,"0:container1=37","0:container1=10",673,23,"0:container1=346;1:container2=327","0:container1=10;1:container2=13",0,0,"",""
138568000000,/,725,23,2,"0:container1=393;1:container2=332","0:container1=10;1:container2=13",42,10,"0:container1=42","0:container1=10",683,23,"0:container1=351;1:container2=332","0:container1=10;1:container2=13",0,0,"",""
138824000000,/,740,23,2,"0:container1=403;1:container2=337","0:container1=10;1:container2=13",47,10,"0:container1=47","0:container1=10",693,23,"0:container1=356;1:container2=337","0:container1=10;1:container2=13",0,0,"",""
139060000000,/,755,23,2,"0:container1=413;1:container2=342","0:container1=10;1:container2=13",52,10,"0:container1=52","0:container1=10",703,23,"0:container1=361;1:container2=342","0:container1=10;1:container2=13",0,0,"",""
139292000000,/,770,23,2,"0:container1=423;1:container2=347","0:container1=10;1:container2=13",57,10,"0:container1=57","0:container1=10",713,23,"0:container1=366;1:container2=347","0:container1=10;1:container2=13",0,0,"",""
139500000000,/,785,23,2,"0:container1=433;1:container2=352","0:container1=10;1:container2=13",62,10,"0:container1=62","0:container1=10",723,23,"0:container1=371;1:container2=352","0:container1=10;1:container2=13",0,0,"",""
139756000000,/,800,23,2,"0:container1=443;1:container2=357","0:container1=10;1:container2=13",67,10,"0:container1=67","0:container1=10",733,23,"0:container1=376;1:container2=357","0:container1=10;1:container2=13",0,0,"",""
140000000000,/,815,23,2,"0:container1=453;1:container2=362","0:container1=10;1:container2=13",72,10,"0:container1=72","0:container1=10",743,23,"0:container1=381;1:container2=362","0:container1=10;1:container2=13",0,0,"",""
140388000000,/,830,23,2,"0:container1=463;1:container2=367","0:container1=10;1:container2=13",77,10,"0:container1=77","0:container1=10",753,23,"0:container1=386;1:container2=367","0:container1=10;1:container2=13",0,0,"",""
140784000000,/,845,23,2,"0:container1=473;1:container2=372","0:container1=10;1:container2=13",82,10,"0:container1=82","0:container1=10",763,23,"0:container1=391;1:container2=372","0:container1=10;1:container2=13",0,0,"",""
141164000000,/,860,23,2,"0:container1=483;1:container2=377","0:container1=10;1:container2=13",87,10,"0:container1=87","0:container1=10",773,23,"0:container1=396;1:container2=377","0:container1=10;1:container2=13",0,0,"",""
141504000000,/,875,23,2,"0:container1=493;1:container2=382","0:container1=10;1:container2=13",92,10,"0:container1=92","0:container1=10",783,23,"0:container1=401;1:container2=382","0:container1=10;1:container2=13",0,0,"",""
141884000000,/,890,23,2,"0:container1=503;1:container2=387","0:container1=10;1:container2=13",97,10,"0:container1=97","0:container1=10",793,23,"0:container1=406;1:container2=387","0:container1=10;1:container2=13",0,0,"",""
142268000000,/,905,23,2,"0:container1=513;1:container2=392","0:container1=10;1:container2=13",102,10,"0:container1=102","0:container1=10",803,23,"0:container1=411;1:container2=392","0:container1=10;1:container2=13",0,0,"",""
142660000000,/,920,23,2,"0:container1=523;1:container2=397","0:container1=10;1:container2=13",107,10,"0:container1=107","0:container1=10",813,23,"0:container1=416;1:container2=397","0:container1=10;1:container2=13",0,0,"",""
143056000000,/,935,23,2,"0:container1=533;1:container2=402","0:container1=10;1:container2=13",112,10,"0:container1=112","0:container1=10",823,23,"0:container1=421;1:container2=402","0:container1=10;1:container2=13",0,0,"",""
143320000000,/,950,23,2,"0:container1=543;1:container2=407","0:container1=10;1:container2=13",117,10,"0:container1=117","0:container1=10",833,23,"0:container1=426;1:container2=407","0:container1=10;1:container2=13",0,0,"",""
143700000000,/,965,23,2,"0:container1=553;1:container2=412","0:container1=10;1:container2=13",122,10,"0:container1=122","0:container1=10",843,23,"0:container1=431;1:container2=412","0:container1=10;1:container2=13",0,0,"",""
143980000000,/,980,23,2,"0:container1=563;1:container2=417","0:container1=10;1:container2=13",127,10,"0:container1=127","0:container1=10",853,23,"0:container1=436;1:container2=417","0:container1=10;1:container2=13",0,0,"",""
144212000000,/,995,23,2,"0:container1=573;1:container2=422","0:container1=10;1:container2=13",132,10,"0:container1=132","0:container1=10",863,23,"0:container1=441;1:container2=422","0:container1=10;1:container2=13",0,0,"",""
144460000000,/,1010,23,2,"0:container1=583;1:container2=427","0:container1=10;1:container2=13",137,10,"0:container1=137","0:container1=10",873,23,"0:container1=446;1:container2=427","0:container1=10;1:container2=13",0,0,"",""
144708000000,/,1025,23,2,"0:container1=593;1:container2=432","0:container1=10;1:container2=13",142,10,"0:container1=142","0:container1=10",883,23,"0:container1=451;1:container2=432","0:container1=10;1:container2=13",0,0,"",""
144904000000,/,1040,23,2,"0:container1=603;1:container2=437","0:container1=10;1:container2=13",147,10,"0:container1=147","0:container1=10",893,23,"0:container1=456;1:container2=437","0:container1=10;1:container2=13",0,0,"",""
145160000000,/,1055,23,2,"0:container1=613;1:container2=442","0:container1=10;1:container2=13",152,10,"0:container1=152","0:container1=10",903,23,"0:container1=461;1:container2=442","0:container1=10;1:container2=13",0,0,"",""
145376000000,/,1070,23,2,"0:container1=623;1:container2=447","0:container1=10;1:container2=13",157,10,"0:container1=157","0:container1=10",913,23,"0:container1=466;1:container2=447","0:container1=10;1:container2=13",0,0,"",""
145624000000,/,1085,23,2,"0:container1=633;1:container2=452","0:container1=10;1:container2=13",162,10,"0:container1=162","0:container1=10",923,23,"0:container1=471;1:container2=452","0:container1=10;1:container2=13",0,0,"",""
145864000000,/,1100,23,2,"0:container1=643;1:container2=457","0:container1=10;1:container2=13",167,10,"0:container1=167","0:container1=10",933,23,"0:container1=476;1:container2=457","0:container1=10;1:container2=13",0,0,"",""
146200000000,/,1115,23,2,"0:container1=653;1:container2=462","0:container1=10;1:container2=13",172,10,"0:container1=172","0:container1=10",943,23,"0:container1=481;1:container2=462","0:container1=10;1:container2=13",0,0,"",""
146620000000,/,1130,23,2,"0:container1=663;1:container2=467","0:container1=10;1:container2=13",177,10,"0:container1=177","0:container1=10",953,23,"0:container1=486;1:container2=467","0:container1=10;1:container2=13",0,0,"",""
147024000000,/,1145,23,2,"0:container1=673;1:container2=472","0:container1=10;1:container2=13",182,10,"0:container1=182","0:container1=10",963,23,"0:container1=491;1:container2=472","0:container1=10;1:container2=13",0,0,"",""
147440000000,/,1160,23,2,"0:container1=683;1:container2=477","0:container1=10;1:container2=13",187,10,"0:container1=187","0:container1=10",973,23,"0:container1=496;1:container2=477","0:container1=10;1:container2=13",0,0,"",""
147876000000,/,1175,23,2,"0:container1=693;1:container2=482","0:container1=10;1:container2=13",192,10,"0:container1=192","0:container1=10",983,23,"0:container1=501;1:container2=482","0:container1=10;1:container2=13",0,0,"",""
148272000000,/,1190,23,2,"0:container1=703;1:container2=487","0:container1=10;1:container2=13",197,10,"0:container1=197","0:container1=10",993,23,"0:container1=506;1:container2=487","0:container1=10;1:container2=13",0,0,"",""
148696000000,/,1205,23,2,"0:container1=713;1:container2=492","0:container1=10;1:container2=13",202,10,"0:container1=202","0:container1=10",1003,23,"0:container1=511;1:container2=492","0:container1=10;1:container2=13",0,0,"",""
149084000000,/,1220,23,2,"0:container1=723;1:container2=497","0:container1=10;1:container2=13",207,10,"0:container1=207","0:container1=10",1013,23,"0:container1=516;1:container2=497","0:container1=10;1:container2=13",0,0,"",""
149500000000,/,1235,23,2,"0:container1=733;1:container2=502","0:container1=10;1:container2=13",212,10,"0:container1=212","0:container1=10",1023,23,"0:container1=521;1:container2=502","0:container1=10;1:container2=13",0,0,"",""
149900000000,/,1250,23,2,"0:container1=743;1:container2=507","0:container1=10;1:container2=13",217,10,"0:container1=217","0:container1=10",1033,23,"0:container1=526;1:container2=507","0:container1=10;1:container2=13",0,0,"",""
150200000000,/,1265,23,2,"0:container1=753;1:container2=512","0:container1=10;1:container2=13",222,10,"0:container1=222","0:container1=10",1043,23,"0:container1=531;1:container2=512","0:container1=10;1:container2=13",0,0,"",""
150456000000,/,1280,23,2,"0:container1=763;1:container2=517","0:container1=10;1:container2=13",227,10,"0:container1=227","0:container1=10",1053,23,"0:container1=536;1:container2=517","0:container1=10;1:container2=13",0,0,"",""
150680000000,/,1295,23,2,"0:container1=773;1:container2=522","0:container1=10;1:container2=13",232,10,"0:container1=232","0:container1=10",1063,23,"0:container1=541;1:container2=522","0:container1=10;1:container2=13",0,0,"",""
150900000000,/,1310,23,2,"0:container1=783;1:container2=527","0:container1=10;1:container2=13",237,10,"0:container1=237","0:container1=10",1073,23,"0:container1=546;1:container2=527","0:container1=10;1:container2=13",0,0,"",""
151112000000,/,1325,23,2,"0:container1=793;1:container2=532","0:container1=10;1:container2=13",242,10,"0:container1=242","0:container1=10",1083,23,"0:container1=551;1:container2=532","0:container1=10;1:container2=13",0,0,"",""
151356000000,/,1340,23,2,"0:container1=803;1:container2=537","0:container1=10;1:container2=13",247,10,"0:container1=247","0:container1=10",1093,23,"0:container1=556;1:container2=537","0:container1=10;1:container2=13",0,0,"",""
151592000000,/,1355,23,2,"0:container1=813;1:container2=542","0:container1=10;1:container2=13",252,10,"0:container1=252","0:container1=10",1103,23,"0:container1=561;1:container2=542","0:container1=10;1:container2=13",0,0,"",""
151900000000,/,1370,23,2,"0:container1=823;1:container2=547","0:container1=10;1:container2=13",257,10,"0:container1=257","0:container1=10",1113,23,"0:container1=566;1:container2=547","0:container1=10;1:container2=13",0,0,"",""
152300000000,/,1385,23,2,"0:container1=833;1:container2=552","0:container1=10;1:container2=13",262,10,"0:container1=262","0:container1=10",1123,23,"0:container1=571;1:container2=552","0:container1=10;1:container2=13",0,0,"",""
152700000000,/,1400,23,2,"0:container1=843;1:container2=557","0:container1=10;1:container2=13",267,10,"0:container1=267","0:container1=10",1133,23,"0:container1=576;1:container2=557","0:container1=10;1:container2=13",0,0,"",""
153120000000,/,1415,23,2,"0:container1=853;1:container2=562","0:container1=10;1:container2=13",272,10,"0:container1=272","0:container1=10",1143,23,"0:container1=581;1:container2=562","0:container1=10;1:container2=13",0,0,"",""
153516000000,/,1430,23,2,"0:container1=863;1:container2=567","0:container1=10;1:container2=13",277,10,"0:container1=277","0:container1=10",1153,23,"0:container1=586;1:container2=567","0:container1=10;1:container2=13",0,0,"",""
153936000000,/,1445,23,2,"0:container1=873;1:container2=572","0:container1=10;1:container2=13",282,10,"0:container1=282","0:container1=10",1163,23,"0:container1=591;1:container2=572","0:container1=10;1:container2=13",0,0,"",""
154364000000,/,1462,24,3,"0:container1=883;1:container2=577;2:container3=2","0:container1=10;1:container2=13;2:container3=1",287,10,"0:container1=287","0:container1=10",1173,23,"0:container1=596;1:container2=577","0:container1=10;1:container2=13",2,1,"2:container3=2","2:container3=1"
154764000000,/,1482,24,3,"0:container1=893;1:container2=582;2:container3=7","0:container1=10;1:container2=13;2:container3=1",292,10,"0:container1=292","0:container1=10",1183,23,"0:container1=601;1:container2=582","0:container1=10;1:container2=13",7,1,"2:container3=7","2:container3=1"
155160000000,/,1502,24,3,"0:container1=903;1:container2=587;2:container3=12","0:container1=10;1:container2=13;2:container3=1",297,10,"0:container1=297","0:container1=10",1193,23,"0:container1=606;1:container2=587","0:container1=10;1:container2=13",12,1,"2:container3=12","2:container3=1"
155468000000,/,1522,24,3,"0:container1=913;1:container2=592;2:container3=17","0:container1=10;1:container2=13;2:container3=1",302,10,"0:container1=302","0:container1=10",1203,23,"0:container1=611;1:container2=592","0:container1=10;1:container2=13",17,1,"2:container3=17","2:container3=1"
155696000000,/,1542,24,3,"0:container1=923;1:container2=597;2:container3=22","0:container1=10;1:container2=13;2:container3=1",307,10,"0:container1=307","0:container1=10",1213,23,"0:container1=616;1:container2=597","0:container1=10;1:container2=13",22,1,"2:container3=22","2:container3=1"
155928000000,/,1562,24,3,"0:container1=933;1:container2=602;2:container3=27","0:container1=10;1:container2=13;2:container3=1",312,10,"0:container1=312","0:container1=10",1223,23,"0:container1=621;1:container2=602","0:container1=10;1:container2=13",27,1,"2:container3=27","2:container3=1"
156160000000,/,1582,24,3,"0:container1=943;1:container2=607;2:container3=32","0:container1=10;1:container2=13;2:container3=1",317,10,"0:container1=317","0:container1=10",1233,23,"0:container1=626;1:container2=607","0:container1=10;1:container2=13",32,1,"2:container3=32","2:container3=1"
156400000000,/,1602,24,3,"0:container1=953;1:container2=612;2:container3=37","0:container1=10;1:container2=13;2:container3=1",322,10,"0:container1=322","0:container1=10",1243,23,"0:container1=631;1:container2=612","0:container1=10;1:container2=13",37,1,"2:container3=37","2:container3=1"
156720000000,/,1622,24,3,"0:container1=963;1:container2=617;2:container3=42","0:container1=10;1:container2=13;2:container3=1",327,10,"0:container1=327","0:container1=10",1253,23,"0:container1=636;1:container2=617","0:container1=10;1:container2=13",42,1,"2:container3=42","2:container3=1"
157116000000,/,1642,24,3,"0:container1=973;1:container2=622;2:container3=47","0:container1=10;1:container2=13;2:container3=1",332,10,"0:container1=332","0:container1=10",1263,23,"0:container1=641;1:container2=622","0:container1=10;1:container2=13",47,1,"2:container3=47","2:container3=1"
157544000000,/,1665,24,3,"0:container1=983;1:container2=630;2:container3=52","0:container1=10;1:container2=13;2:container3=1",337,10,"0:container1=337","0:container1=10",1273,23,"0:container1=646;1:container2=627","0:container1=10;1:container2=13",55,1,"1:container2=3;2:container3=52","2:container3=1"
157876000000,/,1690,24,3,"0:container1=993;1:container2=640;2:container3=57","0:container1=10;1:container2=13;2:container3=1",342,10,"0:container1=342","0:container1=10",1283,23,"0:container1=651;1:container2=632","0:container1=10;1:container2=13",65,1,"1:container2=8;2:container3=57","2:container3=1"
158104000000,/,1715,24,3,"0:container1=1003;1:container2=650;2:container3=62","0:container1=10;1:container2=13;2:container3=1",347,10,"0:container1=347","0:container1=10",1293,23,"0:container1=656;1:container2=637","0:container1=10;1:container2=13",75,1,"1:container2=13;2:container3=62","2:container3=1"
158360000000,/,1740,24,3,"0:container1=1013;1:container2=660;2:container3=67","0:container1=10;1:container2=13;2:container3=1",352,10,"0:container1=352","0:container1=10",1303,23,"0:container1=661;1:container2=642","0:container1=10;1:container2=13",85,1,"1:container2=18;2:container3=67","2:container3=1"
158584000000,/,1765,24,3,"0:container1=1023;1:container2=670;2:container3=72","0:container1=10;1:container2=13;2:container3=1",357,10,"0:container1=357","0:container1=10",1313,23,"0:container1=666;1:container2=647","0:container1=10;1:container2=13",95,1,"1:container2=23;2:container3=72","2:container3=1"
158784000000,/,1790,24,3,"0:container1=1033;1:container2=680;2:container3=77","0:container1=10;1:container2=13;2:container3=1",362,10,"0:container1=362","0:container1=10",1323,23,"0:container1=671;1:container2=652","0:container1=10;1:container2=13",105,1,"1:container2=28;2:container3=77","2:container3=1"
159084000000,/,1815,24,3,"0:container1=1043;1:container2=690;2:container3=82","0:container1=10;1:container2=13;2:container3=1",367,10,"0:container1=367","0:container1=10",1333,23,"0:container1=676;1:container2=657","0:container1=10;1:container2=13",115,1,"1:container2=33;2:container3=82","2:container3=1"
159448000000,/,1840,24,3,"0:container1=1053;1:container2=700;2:container3=87","0:container1=10;1:container2=13;2:container3=1",372,10,"0:container1=372","0:container1=10",1343,23,"0:container1=681;1:container2=662","0:container1=10;1:container2=13",125,1,"1:container2=38;2:container3=87","2:container3=1"
159804000000,/,1865,24,3,"0:container1=1063;1:container2=710;2:container3=92","0:container1=10;1:container2=13;2:container3=1",377,10,"0:container1=377","0:container1=10",1353,23,"0:container1=686;1:container2=667","0:container1=10;1:container2=13",135,1,"1:container2=43;2:container3=92","2:container3=1"
160200000000,/,1890,24,3,"0:container1=1073;1:container2=720;2:container3=97","0:container1=10;1:container2=13;2:container3=1",382,10,"0:container1=382","0:container1=10",1363,23,"0:container1=691;1:container2=672","0:container1=10;1:container2=13",145,1,"1:container2=48;2:container3=97","2:container3=1"
160600000000,/,1915,24,3,"0:container1=1083;1:container2=730;2:container3=102","0:container1=10;1:container2=13;2:container3=1",387,10,"0:container1=387","0:container1=10",1373,23,"0:container1=696;1:container2=677","0:container1=10;1:container2=13",155,1,"1:container2=53;2:container3=102","2:container3=1"
161008000000,/,1940,24,3,"0:container1=1093;1:container2=740;2:container3=107","0:container1=10;1:container2=13;2:container3=1",392,10,"0:container1=392","0:container1=10",1383,23,"0:container1=701;1:container2=682","0:container1=10;1:container2=13",165,1,"1:container2=58;2:container3=107","2:container3=1"
161408000000,/,1965,24,3,"0:container1=1103;1:container2=750;2:container3=112","0:container1=10;1:container2=13;2:container3=1",397,10,"0:container1=397","0:container1=10",1393,23,"0:container1=706;1:container2=687","0:container1=10;1:container2=13",175,1,"1:container2=63;2:container3=112","2:container3=1"
161836000000,/,1990,24,3,"0:container1=1113;1:container2=760;2:container3=117","0:container1=10;1:container2=13;2:container3=1",402,10,"0:container1=402","0:container1=10",1403,23,"0:container1=711;1:container2=692","0:container1=10;1:container2=13",185,1,"1:container2=68;2:container3=117","2:container3=1"
162168000000,/,2015,24,3,"0:container1=1123;1:container2=770;2:container3=122","0:container1=10;1:container2=13;2:container3=1",407,10,"0:container1=407","0:container1=10",1413,23,"0:container1=716;1:container2=697","0:container1=10;1:container2=13",195,1,"1:container2=73;2:container3=122","2:container3=1"
162480000000,/,2040,24,3,"0:container1=1133;1:container2=780;2:container3=127","0:container1=10;1:container2=13;2:container3=1",412,10,"0:container1=412","0:container1=10",1423,23,"0:container1=721;1:container2=702","0:container1=10;1:container2=13",205,1,"1:container2=78;2:container3=127","2:container3=1"
162804000000,/,2065,24,3,"0:container1=1143;1:container2=790;2:container3=132","0:container1=10;1:container2=13;2:container3=1",417,10,"0:container1=417","0:container1=10",1433,23,"0:container1=726;1:container2=707","0:container1=10;1:container2=13",215,1,"1:container2=83;2:container3=132","2:container3=1"
163100000000,/,2090,24,3,"0:container1=1153;1:container2=800;2:container3=137","0:container1=10;1:container2=13;2:container3=1",422,10,"0:container1=422","0:container1=10",1443,23,"0:container1=731;1:container2=712","0:container1=10;1:container2=13",225,1,"1:container2=88;2:container3=137","2:container3=1"
163452000000,/,2115,24,3,"0:container1=1163;1:container2=810;2:container3=142","0:container1=10;1:container2=13;2:container3=1",427,10,"0:container1=427","0:container1=10",1453,23,"0:container1=736;1:container2=717","0:container1=10;1:container2=13",235,1,"1:container2=93;2:container3=142","2:container3=1"
163696000000,/,2140,24,3,"0:container1=1173;1:container2=820;2:container3=147","0:container1=10;1:container2=13;2:container3=1",432,10,"0:container1=432","0:container1=10",1463,23,"0:container1=741;1:container2=722","0:container1=10;1:container2=13",245,1,"1:container2=98;2:container3=147","2:container3=1"
163948000000,/,2165,24,3,"0:container1=1183;1:container2=830;2:container3=152","0:container1=10;1:container2=13;2:container3=1",437,10,"0:container1=437","0:container1=10",1473,23,"0:container1=746;1:container2=727","0:container1=10;1:container2=13",255,1,"1:container2=103;2:container3=152","2:container3=1"
164160000000,/,2190,24,3,"0:container1=1193;1:container2=840;2:container3=157","0:container1=10;1:container2=13;2:container3=1",442,10,"0:container1=442","0:container1=10",1483,23,"0:container1=751;1:container2=732","0:container1=10;1:container2=13",265,1,"1:container2=108;2:container3=157","2:container3=1"
164376000000,/,2215,24,3,"0:container1=1203;1:container2=850;2:container3=162","0:container1=10;1:container2=13;2:container3=1",447,10,"0:container1=447","0:container1=10",1493,23,"0:container1=756;1:container2=737","0:container1=10;1:container2=13",275,1,"1:container2=113;2:container3=162","2:container3=1"
164572000000,/,2240,24,3,"0:container1=1213;1:container2=860;2:container3=167","0:container1=10;1:container2=13;2:container3=1",452,10,"0:container1=452","0:container1=10",1503,23,"0:container1=761;1:container2=742","0:container1=10;1:container2=13",285,1,"1:container2=118;2:container3=167","2:container3=1"
164664000000,/,2265,24,3,"0:container1=1223;1:container2=870;2:container3=172","0:container1=10;1:container2=13;2:container3=1",457,10,"0:container1=457","0:container1=10",1513,23,"0:container1=766;1:container2=747","0:container1=10;1:container2=13",295,1,"1:container2=123;2:container3=172","2:container3=1"
164872000000,/,2290,24,3,"0:container1=1233;1:container2=880;2:container3=177","0:container1=10;1:container2=13;2:container3=1",462,10,"0:container1=462","0:container1=10",1523,23,"0:container1=771;1:container2=752","0:container1=10;1:container2=13",305,1,"1:container2=128;2:container3=177","2:container3=1"
165204000000,/,2315,24,3,"0:container1=1243;1:container2=890;2:container3=182","0:container1=10;1:container2=13;2:container3=1",467,10,"0:container1=467","0:container1=10",1533,23,"0:container1=776;1:container2=757","0:container1=10;1:container2=13",315,1,"1:container2=133;2:container3=182","2:container3=1"
165592000000,/,2340,26,3,"0:container1=1253;1:container2=900;2:container3=187","0:container1=10;1:container2=15;2:container3=1",472,10,"0:container1=472","0:container1=10",1543,25,"0:container1=781;1:container2=762","0:container1=10;1:container2=15",325,3,"1:container2=138;2:container3=187","1:container2=2;2:container3=1"
165940000000,/,2365,26,3,"0:container1=1263;1:container2=910;2:container3=192","0:container1=10;1:container2=15;2:container3=1",477,10,"0:container1=477","0:container1=10",1553,25,"0:container1=786;1:container2=767","0:container1=10;1:container2=15",335,3,"1:container2=143;2:container3=192","1:container2=2;2:container3=1"
166356000000,/,2390,26,3,"0:container1=1273;1:container2=920;2:container3=197","0:container1=10;1:container2=15;2:container3=1",482,10,"0:container1=482","0:container1=10",1563,25,"0:container1=791;1:container2=772","0:container1=10;1:container2=15",345,3,"1:container2=148;2:container3=197","1:container2=2;2:container3=1"
166752000000,/,2415,26,3,"0:container1=1283;1:container2=930;2:container3=202","0:container1=10;1:container2=15;2:container3=1",487,10,"0:container1=487","0:container1=10",1573,25,"0:container1=796;1:container2=777","0:container1=10;1:container2=15",355,3,"1:container2=153;2:container3=202","1:container2=2;2:container3=1"
167160000000,/,2440,26,3,"0:container1=1293;1:container2=940;2:container3=207","0:container1=10;1:container2=15;2:container3=1",492,10,"0:container1=492","0:container1=10",1583,25,"0:container1=801;1:container2=782","0:container1=10;1:container2=15",365,3,"1:container2=158;2:container3=207","1:container2=2;2:container3=1"
167552000000,/,2465,26,3,"0:container1=1303;1:container2=950;2:container3=212","0:container1=10;1:container2=15;2:container3=1",497,10,"0:container1=497","0:container1=10",1593,25,"0:container1=806;1:container2=787","0:container1=10;1:container2=15",375,3,"1:container2=163;2:container3=212","1:container2=2;2:container3=1"
167972000000,/,2490,26,3,"0:container1=1313;1:container2=960;2:container3=217","0:container1=10;1:container2=15;2:container3=1",502,10,"0:container1=502","0:container1=10",1603,25,"0:container1=811;1:container2=792","0:container1=10;1:container2=15",385,3,"1:container2=168;2:container3=217","1:container2=2;2:container3=1"
168400000000,/,2515,26,3,"0:container1=1323;1:container2=970;2:container3=222","0:container1=10;1:container2=15;2:container3=1",507,10,"0:container1=507","0:container1=10",1613,25,"0:container1=816;1:container2=797","0:container1=10;1:container2=15",395,3,"1:container2=173;2:container3=222","1:container2=2;2:container3=1"
168784000000,/,2540,26,3,"0:container1=1333;1:container2=980;2:container3=227","0:container1=10;1:container2=15;2:container3=1",512,10,"0:container1=512","0:container1=10",1623,25,"0:container1=821;1:container2=802","0:container1=10;1:container2=15",405,3,"1:container2=178;2:container3=227","1:container2=2;2:container3=1"
169168000000,/,2565,26,3,"0:container1=1343;1:container2=990;2:container3=232","0:container1=10;1:container2=15;2:container3=1",517,10,"0:container1=517","0:container1=10",1633,25,"0:container1=826;1:container2=807","0:container1=10;1:container2=15",415,3,"1:container2=183;2:container3=232","1:container2=2;2:container3=1"
169552000000,/,2590,26,3,"0:container1=1353;1:container2=1000;2:container3=237","0:container1=10;1:container2=15;2:container3=1",522,10,"0:container1=522","0:container1=10",1643,25,"0:container1=831;1:container2=812","0:container1=10;1:container2=15",425,3,"1:container2=188;2:container3=237","1:container2=2;2:container3=1"
169800000000,/,2615,26,3,"0:container1=1363;1:container2=1010;2:container3=242","0:container1=10;1:container2=15;2:container3=1",527,10,"0:container1=527","0:container1=10",1653,25,"0:container1=836;1:container2=817","0:container1=10;1:container2=15",435,3,"1:container2=193;2:container3=242","1:container2=2;2:container3=1"
170000000000,/,2640,26,3,"0:container1=1373;1:container2=1020;2:container3=247","0:container1=10;1:container2=15;2:container3=1",532,10,"0:container1=532","0:container1=10",1663,25,"0:container1=841;1:container2=822","0:container1=10;1:container2=15",445,3,"1:container2=198;2:container3=247","1:container2=2;2:container3=1"
170264000000,/,2665,26,3,"0:container1=1383;1:container2=1030;2:container3=252","0:container1=10;1:container2=15;2:container3=1",537,10,"0:container1=537","0:container1=10",1673,25,"0:container1=846;1:container2=827","0:container1=10;1:container2=15",455,3,"1:container2=203;2:container3=252","1:container2=2;2:container3=1"
170500000000,/,2690,26,3,"0:container1=1393;1:container2=1040;2:container3=257","0:container1=10;1:container2=15;2:container3=1",542,10,"0:container1=542","0:container1=10",1683,25,"0:container1=851;1:container2=832","0:container1=10;1:container2=15",465,3,"1:container2=208;2:container3=257","1:container2=2;2:container3=1"
170724000000,/,2715,26,3,"0:container1=1403;1:container2=1050;2:container3=262","0:container1=10;1:container2=15;2:container3=1",547,10,"0:container1=547","0:container1=10",1693,25,"0:container1=856;1:container2=837","0:container1=10;1:container2=15",475,3,"1:container2=213;2:container3=262","1:container2=2;2:container3=1"
170976000000,/,2740,26,3,"0:container1=1413;1:container2=1060;2:container3=267","0:container1=10;1:container2=15;2:container3=1",552,10,"0:container1=552","0:container1=10",1703,25,"0:container1=861;1:container2=842","0:container1=10;1:container2=15",485,3,"1:container2=218;2:container3=267","1:container2=2;2:container3=1"
171200000000,/,2765,26,3,"0:container1=1423;1:container2=1070;2:container3=272","0:container1=10;1:container2=15;2:container3=1",557,10,"0:container1=557","0:container1=10",1713,25,"0:container1=866;1:container2=847","0:container1=10;1:container2=15",495,3,"1:container2=223;2:container3=272","1:container2=2;2:container3=1"
171472000000,/,2790,26,3,"0:container1=1433;1:container2=1080;2:container3=277","0:container1=10;1:container2=15;2:container3=1",562,10,"0:container1=562","0:container1=10",1723,25,"0:container1=871;1:container2=852","0:container1=10;1:container2=15",505,3,"1:container2=228;2:container3=277","1:container2=2;2:container3=1"
171868000000,/,2815,26,3,"0:container1=1443;1:container2=1090;2:container3=282","0:container1=10;1:container2=15;2:container3=1",567,10,"0:container1=567","0:container1=10",1733,25,"0:container1=876;1:container2=857","0:container1=10;1:container2=15",515,3,"1:container2=233;2:container3=282","1:container2=2;2:container3=1"
172260000000,/,2840,26,3,"0:container1=1453;1:container2=1100;2:container3=287","0:container1=10;1:container2=15;2:container3=1",572,10,"0:container1=572","0:container1=10",1743,25,"0:container1=881;1:container2=862","0:container1=10;1:container2=15",525,3,"1:container2=238;2:container3=287","1:container2=2;2:container3=1"
172648000000,/,2865,26,3,"0:container1=1463;1:container2=1110;2:container3=292","0:container1=10;1:container2=15;2:container3=1",577,10,"0:container1=577","0:container1=10",1753,25,"0:container1=886;1:container2=867","0:container1=10;1:container2=15",535,3,"1:container2=243;2:container3=292","1:container2=2;2:container3=1"
173052000000,/,2890,26,3,"0:container1=1473;1:container2=1120;2:container3=297","0:container1=10;1:container2=15;2:container3=1",582,10,"0:container1=582","0:container1=10",1763,25,"0:container1=891;1:container2=872","0:container1=10;1:container2=15",545,3,"1:container2=248;2:container3=297","1:container2=2;2:container3=1"
173436000000,/,2915,26,3,"0:container1=1483;1:container2=1130;2:container3=302","0:container1=10;1:container2=15;2:container3=1",587,10,"0:container1=587","0:container1=10",1773,25,"0:container1=896;1:container2=877","0:container1=10;1:container2=15",555,3,"1:container2=253;2:container3=302","1:container2=2;2:container3=1"
173824000000,/,2940,26,3,"0:container1=1493;1:container2=1140;2:container3=307","0:container1=10;1:container2=15;2:container3=1",592,10,"0:container1=592","0:container1=10",1783,25,"0:container1=901;1:container2=882","0:container1=10;1:container2=15",565,3,"1:container2=258;2:container3=307","1:container2=2;2:container3=1"
174208000000,/,2965,26,3,"0:container1=1503;1:container2=1150;2:container3=312","0:container1=10;1:container2=15;2:container3=1",597,10,"0:container1=597","0:container1=10",1793,25,"0:container1=906;1:container2=887","0:container1=10;1:container2=15",575,3,"1:container2=263;2:container3=312","1:container2=2;2:container3=1"
174600000000,/,2990,26,3,"0:container1=1513;1:container2=1160;2:container3=317","0:container1=10;1:container2=15;2:container3=1",602,10,"0:container1=602","0:container1=10",1803,25,"0:container1=911;1:container2=892","0:container1=10;1:container2=15",585,3,"1:container2=268;2:container3=317","1:container2=2;2:container3=1"
174772000000,/,3015,26,3,"0:container1=1523;1:container2=1170;2:container3=322","0:container1=10;1:container2=15;2:container3=1",607,10,"0:container1=607","0:container1=10",1813,25,"0:container1=916;1:container2=897","0:container1=10;1:container2=15",595,3,"1:container2=273;2:container3=322","1:container2=2;2:container3=1"
174928000000,/,3040,26,3,"0:container1=1533;1:container2=1180;2:container3=327","0:container1=10;1:container2=15;2:container3=1",612,10,"0:container1=612","0:container1=10",1823,25,"0:container1=921;1:container2=902","0:container1=10;1:container2=15",605,3,"1:container2=278;2:container3=327","1:container2=2;2:container3=1"
175056000000,/,3065,26,3,"0:container1=1543;1:container2=1190;2:container3=332","0:container1=10;1:container2=15;2:container3=1",617,10,"0:container1=617","0:container1=10",1833,25,"0:container1=926;1:container2=907","0:container1=10;1:container2=15",615,3,"1:container2=283;2:container3=332","1:container2=2;2:container3=1"
175256000000,/,3090,26,3,"0:container1=1553;1:container2=1200;2:container3=337","0:container1=10;1:container2=15;2:container3=1",622,10,"0:container1=622","0:container1=10",1843,25,"0:container1=931;1:container2=912","0:container1=10;1:container2=15",625,3,"1:container2=288;2:container3=337","1:container2=2;2:container3=1"
175364000000,/,3115,26,3,"0:container1=1563;1:container2=1210;2:container3=342","0:container1=10;1:container2=15;2:container3=1",627,10,"0:container1=627","0:container1=10",1853,25,"0:container1=936;1:container2=917","0:container1=10;1:container2=15",635,3,"1:container2=293;2:container3=342","1:container2=2;2:container3=1"
175572000000,/,3140,26,3,"0:container1=1573;1:container2=1220;2:container3=347","0:container1=10;1:container2=15;2:container3=1",632,10,"0:container1=632","0:container1=10",1863,25,"0:container1=941;1:container2=922","0:container1=10;1:container2=15",645,3,"1:container2=298;2:container3=347","1:container2=2;2:container3=1"
175964000000,/,3165,26,3,"0:container1=1583;1:container2=1230;2:container3=352","0:container1=10;1:container2=15;2:container3=1",637,10,"0:container1=637","0:container1=10",1873,25,"0:container1=946;1:container2=927","0:container1=10;1:container2=15",655,3,"1:container2=303;2:container3=352","1:container2=2;2:container3=1"
176356000000,/,3190,26,3,"0:container1=1593;1:container2=1240;2:container3=357","0:container1=10;1:container2=15;2:container3=1",642,10,"0:container1=642","0:container1=10",1883,25,"0:container1=951;1:container2=932","0:container1=10;1:container2=15",665,3,"1:container2=308;2:container3=357","1:container2=2;2:container3=1"
176760000000,/,3215,26,3,"0:container1=1603;1:container2=1250;2:container3=362","0:container1=10;1:container2=15;2:container3=1",647,10,"0:container1=647","0:container1=10",1893,25,"0:container1=956;1:container2=937","0:container1=10;1:container2=15",675,3,"1:container2=313;2:container3=362","1:container2=2;2:container3=1"
177180000000,/,3240,26,3,"0:container1=1613;1:container2=1260;2:container3=367","0:container1=10;1:container2=15;2:container3=1",652,10,"0:container1=652","0:container1=10",1903,25,"0:container1=961;1:container2=942","0:container1=10;1:container2=15",685,3,"1:container2=318;2:container3=367","1:container2=2;2:container3=1"
177584000000,/,3265,26,3,"0:container1=1623;1:container2=1270;2:container3=372","0:container1=10;1:container2=15;2:container3=1",657,10,"0:container1=657","0:container1=10",1913,25,"0:container1=966;1:container2=947","0:container1=10;1:container2=15",695,3,"1:container2=323;2:container3=372","1:container2=2;2:container3=1"
177984000000,/,3290,26,3,"0:container1=1633;1:container2=1280;2:container3=377","0:container1=10;1:container2=15;2:container3=1",662,10,"0:container1=662","0:container1=10",1923,25,"0:container1=971;1:container2=952","0:container1=10;1:container2=15",705,3,"1:container2=328;2:container3=377","1:container2=2;2:container3=1"
178400000000,/,3315,26,3,"0:container1=1643;1:container2=1290;2:container3=382","0:container1=10;1:container2=15;2:container3=1",667,10,"0:container1=667","0:container1=10",1933,25,"0:container1=976;1:container2=957","0:container1=10;1:container2=15",715,3,"1:container2=333;2:container3=382","1:container2=2;2:container3=1"
178796000000,/,3340,26,3,"0:container1=1653;1:container2=1300;2:container3=387","0:container1=10;1:container2=15;2:container3=1",672,10,"0:container1=672","0:container1=10",1943,25,"0:container1=981;1:container2=962","0:container1=10;1:container2=15",725,3,"1:container2=338;2:container3=387","1:container2=2;2:container3=1"
179200000000,/,3365,26,3,"0:container1=1663;1:container2=1310;2:container3=392","0:container1=10;1:container2=15;2:container3=1",677,10,"0:container1=677","0:container1=10",1953,25,"0:container1=986;1:container2=967","0:container1=10;1:container2=15",735,3,"1:container2=343;2:container3=392","1:container2=2;2:container3=1"
179596000000,/,3390,26,3,"0:container1=1673;1:container2=1320;2:container3=397","0:container1=10;1:container2=15;2:container3=1",682,10,"0:container1=682","0:container1=10",1963,25,"0:container1=991;1:container2=972","0:container1=10;1:container2=15",745,3,"1:container2=348;2:container3=397","1:container2=2;2:container3=1"
179984000000,/,3415,26,3,"0:container1=1683;1:container2=1330;2:container3=402","0:container1=10;1:container2=15;2:container3=1",687,10,"0:container1=687","0:container1=10",1973,25,"0:container1=996;1:container2=977","0:container1=10;1:container2=15",755,3,"1:container2=353;2:container3=402","1:container2=2;2:container3=1"
180260000000,/,3440,26,3,"0:container1=1693;1:container2=1340;2:container3=407","0:container1=10;1:container2=15;2:container3=1",692,10,"0:container1=692","0:container1=10",1983,25,"0:container1=1001;1:container2=982","0:container1=10;1:container2=15",765,3,"1:container2=358;2:container3=407","1:container2=2;2:container3=1"
180500000000,/,3465,26,3,"0:container1=1703;1:container2=1350;2:container3=412","0:container1=10;1:container2=15;2:container3=1",697,10,"0:container1=697","0:container1=10",1993,25,"0:container1=1006;1:container2=987","0:container1=10;1:container2=15",775,3,"1:container2=363;2:container3=412","1:container2=2;2:container3=1"
180744000000,/,3490,26,3,"0:container1=1713;1:container2=1360;2:container3=417","0:container1=10;1:container2=15;2:container3=1",702,10,"0:container1=702","0:container1=10",2003,25,"0:container1=1011;1:container2=992","0:container1=10;1:container2=15",785,3,"1:container2=368;2:container3=417","1:container2=2;2:container3=1"
180976000000,/,3515,26,3,"0:container1=1723;1:container2=1370;2:container3=422","0:container1=10;1:container2=15;2:container3=1",707,10,"0:container1=707","0:container1=10",2013,25,"0:container1=1016;1:container2=997","0:container1=10;1:container2=15",795,3,"1:container2=373;2:container3=422","1:container2=2;2:container3=1"
181200000000,/,3540,26,3,"0:container1=1733;1:container2=1380;2:container3=427","0:container1=10;1:container2=15;2:container3=1",712,10,"0:container1=712","0:container1=10",2023,25,"0:container1=1021;1:container2=1002","0:container1=10;1:container2=15",805,3,"1:container2=378;2:container3=427","1:container2=2;2:container3=1"
181344000000,/,3565,26,3,"0:container1=1743;1:container2=1390;2:container3=432","0:container1=10;1:container2=15;2:container3=1",717,10,"0:container1=717","0:container1=10",2033,25,"0:container1=1026;1:container2=1007","0:container1=10;1:container2=15",815,3,"1:container2=383;2:container3=432","1:container2=2;2:container3=1"
181500000000,/,3590,26,3,"0:container1=1753;1:container2=1400;2:container3=437","0:container1=10;1:container2=15;2:container3=1",722,10,"0:container1=722","0:container1=10",2043,25,"0:container1=1031;1:container2=1012","0:container1=10;1:container2=15",825,3,"1:container2=388;2:container3=437","1:container2=2;2:container3=1"
181768000000,/,3615,26,3,"0:container1=1763;1:container2=1410;2:container3=442","0:container1=10;1:container2=15;2:container3=1",727,10,"0:container1=727","0:container1=10",2053,25,"0:container1=1036;1:container2=1017","0:container1=10;1:container2=15",835,3,"1:container2=393;2:container3=442","1:container2=2;2:container3=1"
182088000000,/,3640,26,3,"0:container1=1773;1:container2=1420;2:container3=447","0:container1=10;1:container2=15;2:container3=1",732,10,"0:container1=732","0:container1=10",2063,25,"0:container1=1041;1:container2=1022","0:container1=10;1:container2=15",845,3,"1:container2=398;2:container3=447","1:container2=2;2:container3=1"
182492000000,/,3665,26,3,"0:container1=1783;1:container2=1430;2:container3=452","0:container1=10;1:container2=15;2:container3=1",737,10,"0:container1=737","0:container1=10",2073,25,"0:container1=1046;1:container2=1027","0:container1=10;1:container2=15",855,3,"1:container2=403;2:container3=452","1:container2=2;2:container3=1"
182888000000,/,3690,26,3,"0:container1=1793;1:container2=1440;2:container3=457","0:container1=10;1:container2=15;2:container3=1",742,10,"0:container1=742","0:container1=10",2083,25,"0:container1=1051;1:container2=1032","0:container1=10;1:container2=15",865,3,"1:container2=408;2:container3=457","1:container2=2;2:container3=1"
183260000000,/,3715,26,3,"0:container1=1803;1:container2=1450;2:container3=462","0:container1=10;1:container2=15;2:container3=1",747,10,"0:container1=747","0:container1=10",2093,25,"0:container1=1056;1:container2=1037","0:container1=10;1:container2=15",875,3,"1:container2=413;2:container3=462","1:container2=2;2:container3=1"
183664000000,/,3740,26,3,"0:container1=1813;1:container2=1460;2:container3=467","0:container1=10;1:container2=15;2:container3=1",752,10,"0:container1=752","0:container1=10",2103,25,"0:container1=1061;1:container2=1042","0:container1=10;1:container2=15",885,3,"1:container2=418;2:container3=467","1:container2=2;2:container3=1"
184060000000,/,3765,26,3,"0:container1=1823;1:container2=1470;2:container3=472","0:container1=10;1:container2=15;2:container3=1",757,10,"0:container1=757","0:container1=10",2113,25,"0:container1=1066;1:container2=1047","0:container1=10;1:container2=15",895,3,"1:container2=423;2:container3=472","1:container2=2;2:container3=1"
184472000000,/,3790,26,3,"0:container1=1833;1:container2=1480;2:container3=477","0:container1=10;1:container2=15;2:container3=1",762,10,"0:container1=762","0:container1=10",2123,25,"0:container1=1071;1:container2=1052","0:container1=10;1:container2=15",905,3,"1:container2=428;2:container3=477","1:container2=2;2:container3=1"
184884000000,/,3815,26,3,"0:container1=1843;1:container2=1490;2:container3=482","0:container1=10;1:container2=15;2:container3=1",767,10,"0:container1=767","0:container1=10",2133,25,"0:container1=1076;1:container2=1057","0:container1=10;1:container2=15",915,3,"1:container2=433;2:container3=482","1:container2=2;2:container3=1"
185300000000,/,3840,26,3,"0:container1=1853;1:container2=1500;2:container3=487","0:container1=10;1:container2=15;2:container3=1",772,10,"0:container1=772","0:container1=10",2143,25,"0:container1=1081;1:container2=1062","0:container1=10;1:container2=15",925,3,"1:container2=438;2:container3=487","1:container2=2;2:container3=1"
185692000000,/,3865,26,3,"0:container1=1863;1:container2=1510;2:container3=492","0:container1=10;1:container2=15;2:container3=1",777,10,"0:container1=777","0:container1=10",2153,25,"0:container1=1086;1:container2=1067","0:container1=10;1:container2=15",935,3,"1:container2=443;2:container3=492","1:container2=2;2:container3=1"
185960000000,/,3890,26,3,"0:container1=1873;1:container2=1520;2:container3=497","0:container1=10;1:container2=15;2:container3=1",782,10,"0:container1=782","0:container1=10",2163,25,"0:container1=1091;1:container2=1072","0:container1=10;1:container2=15",945,3,"1:container2=448;2:container3=497","1:container2=2;2:container3=1"
186188000000,/,3915,26,3,"0:container1=1883;1:container2=1530;2:container3=502","0:container1=10;1:container2=15;2:container3=1",787,10,"0:container1=787","0:container1=10",2173,25,"0:container1=1096;1:container2=1077","0:container1=10;1:container2=15",955,3,"1:container2=453;2:container3=502","1:container2=2;2:container3=1"
186400000000,/,3940,26,3,"0:container1=1893;1:container2=1540;2:container3=507","0:container1=10;1:container2=15;2:container3=1",792,10,"0:container1=792","0:container1=10",2183,25,"0:container1=1101;1:container2=1082","0:container1=10;1:container2=15",965,3,"1:container2=458;2:container3=507","1:container2=2;2:container3=1"
186632000000,/,3965,26,3,"0:container1=1903;1:container2=1550;2:container3=512","0:container1=10;1:container2=15;2:container3=1",797,10,"0:container1=797","0:container1=10",2193,25,"0:container1=1106;1:container2=1087","0:container1=10;1:container2=15",975,3,"1:container2=463;2:container3=512","1:container2=2;2:container3=1"
186876000000,/,3990,26,3,"0:container1=1913;1:container2=1560;2:container3=517","0:container1=10;1:container2=15;2:container3=1",802,10,"0:container1=802","0:container1=10",2203,25,"0:container1=1111;1:container2=1092","0:container1=10;1:container2=15",985,3,"1:container2=468;2:container3=517","1:container2=2;2:container3=1"
187100000000,/,4015,26,3,"0:container1=1923;1:container2=1570;2:container3=522","0:container1=10;1:container2=15;2:container3=1",807,10,"0:container1=807","0:container1=10",2213,25,"0:container1=1116;1:container2=1097","0:container1=10;1:container2=15",995,3,"1:container2=473;2:container3=522","1:container2=2;2:container3=1"
187344000000,/,4040,26,3,"0:container1=1933;1:container2=1580;2:container3=527","0:container1=10;1:container2=15;2:container3=1",812,10,"0:container1=812","0:container1=10",2223,25,"0:container1=1121;1:container2=1102","0:container1=10;1:container2=15",1005,3,"1:container2=478;2:container3=527","1:container2=2;2:container3=1"
187700000000,/,4065,27,3,"0:container1=1943;1:container2=1590;2:container3=532","0:container1=11;1:container2=15;2:container3=1",817,11,"0:container1=817","0:container1=11",2233,26,"0:container1=1126;1:container2=1107","0:container1=11;1:container2=15",1015,3,"1:container2=483;2:container3=532","1:container2=2;2:container3=1"
188100000000,/,4090,27,3,"0:container1=1953;1:container2=1600;2:container3=537","0:container1=11;1:container2=15;2:container3=1",822,11,"0:container1=822","0:container1=11",2243,26,"0:container1=1131;1:container2=1112","0:container1=11;1:container2=15",1025,3,"1:container2=488;2:container3=537","1:container2=2;2:container3=1"
188524000000,/,4115,27,3,"0:container1=1963;1:container2=1610;2:container3=542","0:container1=11;1:container2=15;2:container3=1",827,11,"0:container1=827","0:container1=11",2253,26,"0:container1=1136;1:container2=1117","0:container1=11;1:container2=15",1035,3,"1:container2=493;2:container3=542","1:container2=2;2:container3=1"
188900000000,/,4140,27,3,"0:container1=1973;1:container2=1620;2:container3=547","0:container1=11;1:container2=15;2:container3=1",832,11,"0:container1=832","0:container1=11",2263,26,"0:container1=1141;1:container2=1122","0:container1=11;1:container2=15",1045,3,"1:container2=498;2:container3=547","1:container2=2;2:container3=1"
189300000000,/,4165,27,3,"0:container1=1983;1:container2=1630;2:container3=552","0:container1=11;1:container2=15;2:container3=1",837,11,"0:container1=837","0:container1=11",2273,26,"0:container1=1146;1:container2=1127","0:container1=11;1:container2=15",1055,3,"1:container2=503;2:container3=552","1:container2=2;2:container3=1"
189700000000,/,4190,27,3,"0:container1=1993;1:container2=1640;2:container3=557","0:container1=11;1:container2=15;2:container3=1",842,11,"0:container1=842","0:container1=11",2283,26,"0:container1=1151;1:container2=1132","0:container1=11;1:container2=15",1065,3,"1:container2=508;2:container3=557","1:container2=2;2:container3=1"
190008000000,/,4215,27,3,"0:container1=2003;1:container2=1650;2:container3=562","0:container1=11;1:container2=15;2:container3=1",847,11,"0:container1=847","0:container1=11",2293,26,"0:container1=1156;1:container2=1137","0:container1=11;1:container2=15",1075,3,"1:container2=513;2:container3=562","1:container2=2;2:container3=1"
190264000000,/,4240,27,3,"0:container1=2013;1:container2=1660;2:container3=567","0:container1=11;1:container2=15;2:container3=1",852,11,"0:container1=852","0:container1=11",2303,26,"0:container1=1161;1:container2=1142","0:container1=11;1:container2=15",1085,3,"1:container2=518;2:container3=567","1:container2=2;2:container3=1"
190480000000,/,4265,27,3,"0:container1=2023;1:container2=1670;2:container3=572","0:container1=11;1:container2=15;2:container3=1",857,11,"0:container1=857","0:container1=11",2313,26,"0:container1=1166;1:container2=1147","0:container1=11;1:container2=15",1095,3,"1:container2=523;2:container3=572","1:container2=2;2:container3=1"
190700000000,/,4290,27,3,"0:container1=2033;1:container2=1680;2:container3=577","0:container1=11;1:container2=15;2:container3=1",862,11,"0:container1=862","0:container1=11",2323,26,"0:container1=1171;1:container2=1152","0:container1=11;1:container2=15",1105,3,"1:container2=528;2:container3=577","1:container2=2;2:container3=1"
191080000000,/,4315,27,3,"0:container1=2043;1:container2=1690;2:container3=582","0:container1=11;1:container2=15;2:container3=1",867,11,"0:container1=867","0:container1=11",2333,26,"0:container1=1176;1:container2=1157","0:container1=11;1:container2=15",1115,3,"1:container2=533;2:container3=582","1:container2=2;2:container3=1"
191464000000,/,4340,27,3,"0:container1=2053;1:container2=1700;2:container3=587","0:container1=11;1:container2=15;2:container3=1",872,11,"0:container1=872","0:container1=11",2343,26,"0:container1=1181;1:container2=1162","0:container1=11;1:container2=15",1125,3,"1:container2=538;2:container3=587","1:container2=2;2:container3=1"
191860000000,/,4365,27,3,"0:container1=2063;1:container2=1710;2:container3=592","0:container1=11;1:container2=15;2:container3=1",877,11,"0:container1=877","0:container1=11",2353,26,"0:container1=1186;1:container2=1167","0:container1=11;1:container2=15",1135,3,"1:container2=543;2:container3=592","1:container2=2;2:container3=1"
192256000000,/,4390,27,3,"0:container1=2073;1:container2=1720;2:container3=597","0:container1=11;1:container2=15;2:container3=1",882,11,"0:container1=882","0:container1=11",2363,26,"0:container1=1191;1:container2=1172","0:container1=11;1:container2=15",1145,3,"1:container2=548;2:container3=597","1:container2=2;2:container3=1"
192656000000,/,4415,27,3,"0:container1=2083;1:container2=1730;2:container3=602","0:container1=11;1:container2=15;2:container3=1",887,11,"0:container1=887","0:container1=11",2373,26,"0:container1=1196;1:container2=1177","0:container1=11;1:container2=15",1155,3,"1:container2=553;2:container3=602","1:container2=2;2:container3=1"
192972000000,/,4440,27,3,"0:container1=2093;1:container2=1740;2:container3=607","0:container1=11;1:container2=15;2:container3=1",892,11,"0:container1=892","0:container1=11",2383,26,"0:container1=1201;1:container2=1182","0:container1=11;1:container2=15",1165,3,"1:container2=558;2:container3=607","1:container2=2;2:container3=1"
193200000000,/,4465,27,3,"0:container1=2103;1:container2=1750;2:container3=612","0:container1=11;1:container2=15;2:container3=1",897,11,"0:container1=897","0:container1=11",2393,26,"0:container1=1206;1:container2=1187","0:container1=11;1:container2=15",1175,3,"1:container2=563;2:container3=612","1:container2=2;2:container3=1"
193424000000,/,4490,27,3,"0:container1=2113;1:container2=1760;2:container3=617","0:container1=11;1:container2=15;2:container3=1",902,11,"0:container1=902","0:container1=11",2403,26,"0:container1=1211;1:container2=1192","0:container1=11;1:container2=15",1185,3,"1:container2=568;2:container3=617","1:container2=2;2:container3=1"
193656000000,/,4515,27,3,"0:container1=2123;1:container2=1770;2:container3=622","0:container1=11;1:container2=15;2:container3=1",907,11,"0:container1=907","0:container1=11",2413,26,"0:container1=1216;1:container2=1197","0:container1=11;1:container2=15",1195,3,"1:container2=573;2:container3=622","1:container2=2;2:container3=1"
193888000000,/,4540,27,3,"0:container1=2133;1:container2=1780;2:container3=627","0:container1=11;1:container2=15;2:container3=1",912,11,"0:container1=912","0:container1=11",2423,26,"0:container1=1221;1:container2=1202","0:container1=11;1:container2=15",1205,3,"1:container2=578;2:container3=627","1:container2=2;2:container3=1"
194120000000,/,4565,27,3,"0:container1=2143;1:container2=1790;2:container3=632","0:container1=11;1:container2=15;2:container3=1",917,11,"0:container1=917","0:container1=11",2433,26,"0:container1=1226;1:container2=1207","0:container1=11;1:container2=15",1215,3,"1:container2=583;2:container3=632","1:container2=2;2:container3=1"
194372000000,/,4590,27,3,"0:container1=2153;1:container2=1800;2:container3=637","0:container1=11;1:container2=15;2:container3=1",922,11,"0:container1=922","0:container1=11",2443,26,"0:container1=1231;1:container2=1212","0:container1=11;1:container2=15",1225,3,"1:container2=588;2:container3=637","1:container2=2;2:container3=1"
194600000000,/,4615,27,3,"0:container1=2163;1:container2=1810;2:container3=642","0:container1=11;1:container2=15;2:container3=1",927,11,"0:container1=927","0:container1=11",2453,26,"0:container1=1236;1:container2=1217","0:container1=11;1:container2=15",1235,3,"1:container2=593;2:container3=642","1:container2=2;2:container3=1"
194932000000,/,4640,27,3,"0:container1=2173;1:container2=1820;2:container3=647","0:container1=11;1:container2=15;2:container3=1",932,11,"0:container1=932","0:container1=11",2463,26,"0:container1=1241;1:container2=1222","0:container1=11;1:container2=15",1245,3,"1:container2=598;2:container3=647","1:container2=2;2:container3=1"
195332000000,/,4665,27,3,"0:container1=2183;1:container2=1830;2:container3=652","0:container1=11;1:container2=15;2:container3=1",937,11,"0:container1=937","0:container1=11",2473,26,"0:container1=1246;1:container2=1227","0:container1=11;1:container2=15",1255,3,"1:container2=603;2:container3=652","1:container2=2;2:container3=1"
195724000000,/,4690,27,3,"0:container1=2193;1:container2=1840;2:container3=657","0:container1=11;1:container2=15;2:container3=1",942,11,"0:container1=942","0:container1=11",2483,26,"0:container1=1251;1:container2=1232","0:container1=11;1:container2=15",1265,3,"1:container2=608;2:container3=657","1:container2=2;2:container3=1"
196116000000,/,4715,27,3,"0:container1=2203;1:container2=1850;2:container3=662","0:container1=11;1:container2=15;2:container3=1",947,11,"0:container1=947","0:container1=11",2493,26,"0:container1=1256;1:container2=1237","0:container1=11;1:container2=15",1275,3,"1:container2=613;2:container3=662","1:container2=2;2:container3=1"
196500000000,/,4740,27,3,"0:container1=2213;1:container2=1860;2:container3=667","0:container1=11;1:container2=15;2:container3=1",952,11,"0:container1=952","0:container1=11",2503,26,"0:container1=1261;1:container2=1242","0:container1=11;1:container2=15",1285,3,"1:container2=618;2:container3=667","1:container2=2;2:container3=1"
196912000000,/,4765,27,3,"0:container1=2223;1:container2=1870;2:container3=672","0:container1=11;1:container2=15;2:container3=1",957,11,"0:container1=957","0:container1=11",2513,26,"0:container1=1266;1:container2=1247","0:container1=11;1:container2=15",1295,3,"1:container2=623;2:container3=672","1:container2=2;2:container3=1"
197336000000,/,4790,27,3,"0:container1=2233;1:container2=1880;2:container3=677","0:container1=11;1:container2=15;2:container3=1",962,11,"0:container1=962","0:container1=11",2523,26,"0:container1=1271;1:container2=1252","0:container1=11;1:container2=15",1305,3,"1:container2=628;2:container3=677","1:container2=2;2:container3=1"
197740000000,/,4815,27,3,"0:container1=2243;1:container2=1890;2:container3=682","0:container1=11;1:container2=15;2:container3=1",967,11,"0:container1=967","0:container1=11",2533,26,"0:container1=1276;1:container2=1257","0:container1=11;1:container2=15",1315,3,"1:container2=633;2:container3=682","1:container2=2;2:container3=1"
198072000000,/,4840,27,3,"0:container1=2253;1:container2=1900;2:container3=687","0:container1=11;1:container2=15;2:container3=1",972,11,"0:container1=972","0:container1=11",2543,26,"0:container1=1281;1:container2=1262","0:container1=11;1:container2=15",1325,3,"1:container2=638;2:container3=687","1:container2=2;2:container3=1"
198328000000,/,4865,27,3,"0:container1=2263;1:container2=1910;2:container3=692","0:container1=11;1:container2=15;2:container3=1",977,11,"0:container1=977","0:container1=11",2553,26,"0:container1=1286;1:container2=1267","0:container1=11;1:container2=15",1335,3,"1:container2=643;2:container3=692","1:container2=2;2:container3=1"
198564000000,/,4890,27,3,"0:container1=2273;1:container2=1920;2:container3=697","0:container1=11;1:container2=15;2:container3=1",982,11,"0:container1=982","0:container1=11",2563,26,"0:container1=1291;1:container2=1272","0:container1=11;1:container2=15",1345,3,"1:container2=648;2:container3=697","1:container2=2;2:container3=1"
198860000000,/,4915,27,3,"0:container1=2283;1:container2=1930;2:container3=702","0:container1=11;1:container2=15;2:container3=1",987,11,"0:container1=987","0:container1=11",2573,26,"0:container1=1296;1:container2=1277","0:container1=11;1:container2=15",1355,3,"1:container2=653;2:container3=702","1:container2=2;2:container3=1"
199192000000,/,4940,27,3,"0:container1=2293;1:container2=1940;2:container3=707","0:container1=11;1:container2=15;2:container3=1",992,11,"0:container1=992","0:container1=11",2583,26,"0:container1=1301;1:container2=1282","0:container1=11;1:container2=15",1365,3,"1:container2=658;2:container3=707","1:container2=2;2:container3=1"
199452000000,/,4965,27,3,"0:container1=2303;1:container2=1950;2:container3=712","0:container1=11;1:container2=15;2:container3=1",997,11,"0:container1=997","0:container1=11",2593,26,"0:container1=1306;1:container2=1287","0:container1=11;1:container2=15",1375,3,"1:container2=663;2:container3=712","1:container2=2;2:container3=1"
199664000000,/,4990,27,3,"0:container1=2313;1:container2=1960;2:container3=717","0:container1=11;1:container2=15;2:container3=1",1002,11,"0:container1=1002","0:container1=11",2603,26,"0:container1=1311;1:container2=1292","0:container1=11;1:container2=15",1385,3,"1:container2=668;2:container3=717","1:container2=2;2:container3=1"
199988000000,/,5015,27,3,"0:container1=2323;1:container2=1970;2:container3=722","0:container1=11;1:container2=15;2:container3=1",1007,11,"0:container1=1007","0:container1=11",2613,26,"0:container1=1316;1:container2=1297","0:container1=11;1:container2=15",1395,3,"1:container2=673;2:container3=722","1:container2=2;2:container3=1"
200380000000,/,5040,27,3,"0:container1=2333;1:container2=1980;2:container3=727","0:container1=11;1:container2=15;2:container3=1",1012,11,"0:container1=1012","0:container1=11",2623,26,"0:container1=1321;1:container2=1302","0:container1=11;1:container2=15",1405,3,"1:container2=678;2:container3=727","1:container2=2;2:container3=1"
200800000000,/,5065,27,3,"0:container1=2343;1:container2=1990;2:container3=732","0:container1=11;1:container2=15;2:container3=1",1017,11,"0:container1=1017","0:container1=11",2633,26,"0:container1=1326;1:container2=1307","0:container1=11;1:container2=15",1415,3,"1:container2=683;2:container3=732","1:container2=2;2:container3=1"
201200000000,/,5090,27,3,"0:container1=2353;1:container2=2000;2:container3=737","0:container1=11;1:container2=15;2:container3=1",1022,11,"0:container1=1022","0:container1=11",2643,26,"0:container1=1331;1:container2=1312","0:container1=11;1:container2=15",1425,3,"1:container2=688;2:container3=737","1:container2=2;2:container3=1"
201600000000,/,5115,27,3,"0:container1=2363;1:container2=2010;2:container3=742","0:container1=11;1:container2=15;2:container3=1",1027,11,"0:container1=1027","0:container1=11",2653,26,"0:container1=1336;1:container2=1317","0:container1=11;1:container2=15",1435,3,"1:container2=693;2:container3=742","1:container2=2;2:container3=1"
201996000000,/,5140,27,3,"0:container1=2373;1:container2=2020;2:container3=747","0:container1=11;1:container2=15;2:container3=1",1032,11,"0:container1=1032","0:container1=11",2663,26,"0:container1=1341;1:container2=1322","0:container1=11;1:container2=15",1445,3,"1:container2=698;2:container3=747","1:container2=2;2:container3=1"
202300000000,/,5165,27,3,"0:container1=2383;1:container2=2030;2:container3=752","0:container1=11;1:container2=15;2:container3=1",1037,11,"0:container1=1037","0:container1=11",2673,26,"0:container1=1346;1:container2=1327","0:container1=11;1:container2=15",1455,3,"1:container2=703;2:container3=752","1:container2=2;2:container3=1"
202588000000,/,5190,27,3,"0:container1=2393;1:container2=2040;2:container3=757","0:container1=11;1:container2=15;2:container3=1",1042,11,"0:container1=1042","0:container1=11",2683,26,"0:container1=1351;1:container2=1332","0:container1=11;1:container2=15",1465,3,"1:container2=708;2:container3=757","1:container2=2;2:container3=1"
202800000000,/,5215,27,3,"0:container1=2403;1:container2=2050;2:container3=762","0:container1=11;1:container2=15;2:container3=1",1047,11,"0:container1=1047","0:container1=11",2693,26,"0:container1=1356;1:container2=1337","0:container1=11;1:container2=15",1475,3,"1:container2=713;2:container3=762","1:container2=2;2:container3=1"
203016000000,/,5240,27,3,"0:container1=2413;1:container2=2060;2:container3=767","0:container1=11;1:container2=15;2:container3=1",1052,11,"0:container1=1052","0:container1=11",2703,26,"0:container1=1361;1:container2=1342","0:container1=11;1:container2=15",1485,3,"1:container2=718;2:container3=767","1:container2=2;2:container3=1"
203316000000,/,5265,27,3,"0:container1=2423;1:container2=2070;2:container3=772","0:container1=11;1:container2=15;2:container3=1",1057,11,"0:container1=1057","0:container1=11",2713,26,"0:container1=1366;1:container2=1347","0:container1=11;1:container2=15",1495,3,"1:container2=723;2:container3=772","1:container2=2;2:container3=1"
203680000000,/,5290,27,3,"0:container1=2433;1:container2=2080;2:container3=777","0:container1=11;1:container2=15;2:container3=1",1062,11,"0:container1=1062","0:container1=11",2723,26,"0:container1=1371;1:container2=1352","0:container1=11;1:container2=15",1505,3,"1:container2=728;2:container3=777","1:container2=2;2:container3=1"
203908000000,/,5315,27,3,"0:container1=2443;1:container2=2090;2:container3=782","0:container1=11;1:container2=15;2:container3=1",1067,11,"0:container1=1067","0:container1=11",2733,26,"0:container1=1376;1:container2=1357","0:container1=11;1:container2=15",1515,3,"1:container2=733;2:container3=782","1:container2=2;2:container3=1"
204192000000,/,5340,27,3,"0:container1=2453;1:container2=2100;2:container3=787","0:container1=11;1:container2=15;2:container3=1",1072,11,"0:container1=1072","0:container1=11",2743,26,"0:container1=1381;1:container2=1362","0:container1=11;1:container2=15",1525,3,"1:container2=738;2:container3=787","1:container2=2;2:container3=1"
204580000000,/,5365,27,3,"0:container1=2463;1:container2=2110;2:container3=792","0:container1=11;1:container2=15;2:container3=1",1077,11,"0:container1=1077","0:container1=11",2753,26,"0:container1=1386;1:container2=1367","0:container1=11;1:container2=15",1535,3,"1:container2=743;2:container3=792","1:container2=2;2:container3=1"
204924000000,/,5390,27,3,"0:container1=2473;1:container2=2120;2:container3=797","0:container1=11;1:container2=15;2:container3=1",1082,11,"0:container1=1082","0:container1=11",2763,26,"0:container1=1391;1:container2=1372","0:container1=11;1:container2=15",1545,3,"1:container2=748;2:container3=797","1:container2=2;2:container3=1"
205200000000,/,5415,27,3,"0:container1=2483;1:container2=2130;2:container3=802","0:container1=11;1:container2=15;2:container3=1",1087,11,"0:container1=1087","0:container1=11",2773,26,"0:container1=1396;1:container2=1377","0:container1=11;1:container2=15",1555,3,"1:container2=753;2:container3=802","1:container2=2;2:container3=1"
205576000000,/,5440,27,3,"0:container1=2493;1:container2=2140;2:container3=807","0:container1=11;1:container2=15;2:container3=1",1092,11,"0:container1=1092","0:container1=11",2783,26,"0:container1=1401;1:container2=1382","0:container1=11;1:container2=15",1565,3,"1:container2=758;2:container3=807","1:container2=2;2:container3=1"
205856000000,/,5465,27,3,"0:container1=2503;1:container2=2150;2:container3=812","0:container1=11;1:container2=15;2:container3=1",1097,11,"0:container1=1097","0:container1=11",2793,26,"0:container1=1406;1:container2=1387","0:container1=11;1:container2=15",1575,3,"1:container2=763;2:container3=812","1:container2=2;2:container3=1"
206056000000,/,5490,27,3,"0:container1=2513;1:container2=2160;2:container3=817","0:container1=11;1:container2=15;2:container3=1",1102,11,"0:container1=1102","0:container1=11",2803,26,"0:container1=1411;1:container2=1392","0:container1=11;1:container2=15",1585,3,"1:container2=768;2:container3=817","1:container2=2;2:container3=1"
206372000000,/,5515,27,3,"0:container1=2523;1:container2=2170;2:container3=822","0:container1=11;1:container2=15;2:container3=1",1107,11,"0:container1=1107","0:container1=11",2813,26,"0:container1=1416;1:container2=1397","0:container1=11;1:container2=15",1595,3,"1:container2=773;2:container3=822","1:container2=2;2:container3=1"
206700000000,/,5540,27,3,"0:container1=2533;1:container2=2180;2:container3=827","0:container1=11;1:container2=15;2:container3=1",1112,11,"0:container1=1112","0:container1=11",2823,26,"0:container1=1421;1:container2=1402","0:container1=11;1:container2=15",1605,3,"1:container2=778;2:container3=827","1:container2=2;2:container3=1"
207088000000,/,5565,27,3,"0:container1=2543;1:container2=2190;2:container3=832","0:container1=11;1:container2=15;2:container3=1",1117,11,"0:container1=1117","0:container1=11",2833,26,"0:container1=1426;1:container2=1407","0:container1=11;1:container2=15",1615,3,"1:container2=783;2:container3=832","1:container2=2;2:container3=1"
207500000000,/,5590,27,3,"0:container1=2553;1:container2=2200;2:container3=837","0:container1=11;1:container2=15;2:container3=1",1122,11,"0:container1=1122","0:container1=11",2843,26,"0:container1=1431;1:container2=1412","0:container1=11;1:container2=15",1625,3,"1:container2=788;2:container3=837","1:container2=2;2:container3=1"
207872000000,/,5615,27,3,"0:container1=2563;1:container2=2210;2:container3=842","0:container1=11;1:container2=15;2:container3=1",1127,11,"0:container1=1127","0:container1=11",2853,26,"0:container1=1436;1:container2=1417","0:container1=11;1:container2=15",1635,3,"1:container2=793;2:container3=842","1:container2=2;2:container3=1"
208112000000,/,5640,27,3,"0:container1=2573;1:container2=2220;2:container3=847","0:container1=11;1:container2=15;2:container3=1",1132,11,"0:container1=1132","0:container1=11",2863,26,"0:container1=1441;1:container2=1422","0:container1=11;1:container2=15",1645,3,"1:container2=798;2:container3=847","1:container2=2;2:container3=1"
208336000000,/,5665,27,3,"0:container1=2583;1:container2=2230;2:container3=852","0:container1=11;1:container2=15;2:container3=1",1137,11,"0:container1=1137","0:container1=11",2873,26,"0:container1=1446;1:container2=1427","0:container1=11;1:container2=15",1655,3,"1:container2=803;2:container3=852","1:container2=2;2:container3=1"
208564000000,/,5690,27,3,"0:container1=2593;1:container2=2240;2:container3=857","0:container1=11;1:container2=15;2:container3=1",1142,11,"0:container1=1142","0:container1=11",2883,26,"0:container1=1451;1:container2=1432","0:container1=11;1:container2=15",1665,3,"1:container2=808;2:container3=857","1:container2=2;2:container3=1"
208792000000,/,5715,27,3,"0:container1=2603;1:container2=2250;2:container3=862","0:container1=11;1:container2=15;2:container3=1",1147,11,"0:container1=1147","0:container1=11",2893,26,"0:container1=1456;1:container2=1437","0:container1=11;1:container2=15",1675,3,"1:container2=813;2:container3=862","1:container2=2;2:container3=1"
209052000000,/,5740,27,3,"0:container1=2613;1:container2=2260;2:container3=867","0:container1=11;1:container2=15;2:container3=1",1152,11,"0:container1=1152","0:container1=11",2903,26,"0:container1=1461;1:container2=1442","0:container1=11;1:container2=15",1685,3,"1:container2=818;2:container3=867","1:container2=2;2:container3=1"
209388000000,/,5765,27,3,"0:container1=2623;1:container2=2270;2:container3=872","0:container1=11;1:container2=15;2:container3=1",1157,11,"0:container1=1157","0:container1=11",2913,26,"0:container1=1466;1:container2=1447","0:container1=11;1:container2=15",1695,3,"1:container2=823;2:container3=872","1:container2=2;2:container3=1"
209684000000,/,5790,27,4,"0:container1=2633;1:container2=2280;2:container3=877","0:container1=11;1:container2=15;2:container3=1",1162,11,"0:container1=1162","0:container1=11",2923,26,"0:container1=1471;1:container2=1452","0:container1=11;1:container2=15",1705,3,"1:container2=828;2:container3=877","1:container2=2;2:container3=1"
210068000000,/,5815,27,4,"0:container1=2643;1:container2=2290;2:container3=882","0:container1=11;1:container2=15;2:container3=1",1167,11,"0:container1=1167","0:container1=11",2933,26,"0:container1=1476;1:container2=1457","0:container1=11;1:container2=15",1715,3,"1:container2=833;2:container3=882","1:container2=2;2:container3=1"
210464000000,/,5840,27,4,"0:container1=2653;1:container2=2300;2:container3=887","0:container1=11;1:container2=15;2:container3=1",1172,11,"0:container1=1172","0:container1=11",2943,26,"0:container1=1481;1:container2=1462","0:container1=11;1:container2=15",1725,3,"1:container2=838;2:container3=887","1:container2=2;2:container3=1"
210880000000,/,5865,27,4,"0:container1=2663;1:container2=2310;2:container3=892","0:container1=11;1:container2=15;2:container3=1",1177,11,"0:container1=1177","0:container1=11",2953,26,"0:container1=1486;1:container2=1467","0:container1=11;1:container2=15",1735,3,"1:container2=843;2:container3=892","1:container2=2;2:container3=1"
211280000000,/,5890,27,4,"0:container1=2673;1:container2=2320;2:container3=897","0:container1=11;1:container2=15;2:container3=1",1182,11,"0:container1=1182","0:container1=11",2963,26,"0:container1=1491;1:container2=1472","0:container1=11;1:container2=15",1745,3,"1:container2=848;2:container3=897","1:container2=2;2:container3=1"
211700000000,/,5915,27,4,"0:container1=2683;1:container2=2330;2:container3=902","0:container1=11;1:container2=15;2:container3=1",1187,11,"0:container1=1187","0:container1=11",2973,26,"0:container1=1496;1:container2=1477","0:container1=11;1:container2=15",1755,3,"1:container2=853;2:container3=902","1:container2=2;2:container3=1"
212060000000,/,5940,27,4,"0:container1=2693;1:container2=2340;2:container3=907","0:container1=11;1:container2=15;2:container3=1",1192,11,"0:container1=1192","0:container1=11",2983,26,"0:container1=1501;1:container2=1482","0:container1=11;1:container2=15",1765,3,"1:container2=858;2:container3=907","1:container2=2;2:container3=1"
212300000000,/,5965,27,4,"0:container1=2703;1:container2=2350;2:container3=912","0:container1=11;1:container2=15;2:container3=1",1197,11,"0:container1=1197","0:container1=11",2993,26,"0:container1=1506;1:container2=1487","0:container1=11;1:container2=15",1775,3,"1:container2=863;2:container3=912","1:container2=2;2:container3=1"
212584000000,/,5990,27,4,"0:container1=2713;1:container2=2360;2:container3=917","0:container1=11;1:container2=15;2:container3=1",1202,11,"0:container1=1202","0:container1=11",3003,26,"0:container1=1511;1:container2=1492","0:container1=11;1:container2=15",1785,3,"1:container2=868;2:container3=917","1:container2=2;2:container3=1"
212916000000,/,6015,27,4,"0:container1=2723;1:container2=2370;2:container3=922","0:container1=11;1:container2=15;2:container3=1",1207,11,"0:container1=1207","0:container1=11",3013,26,"0:container1=1516;1:container2=1497","0:container1=11;1:container2=15",1795,3,"1:container2=873;2:container3=922","1:container2=2;2:container3=1"
213188000000,/,6040,27,4,"0:container1=2733;1:container2=2380;2:container3=927","0:container1=11;1:container2=15;2:container3=1",1212,11,"0:container1=1212","0:container1=11",3023,26,"0:container1=1521;1:container2=1502","0:container1=11;1:container2=15",1805,3,"1:container2=878;2:container3=927","1:container2=2;2:container3=1"
213400000000,/,6065,27,4,"0:container1=2743;1:container2=2390;2:container3=932","0:container1=11;1:container2=15;2:container3=1",1217,11,"0:container1=1217","0:container1=11",3033,26,"0:container1=1526;1:container2=1507","0:container1=11;1:container2=15",1815,3,"1:container2=883;2:container3=932","1:container2=2;2:container3=1"
213628000000,/,6090,27,4,"0:container1=2753;1:container2=2400;2:container3=937","0:container1=11;1:container2=15;2:container3=1",1222,11,"0:container1=1222","0:container1=11",3043,26,"0:container1=1531;1:container2=1512","0:container1=11;1:container2=15",1825,3,"1:container2=888;2:container3=937","1:container2=2;2:container3=1"
213876000000,/,6115,27,4,"0:container1=2763;1:container2=2410;2:container3=942","0:container1=11;1:container2=15;2:container3=1",1227,11,"0:container1=1227","0:container1=11",3053,26,"0:container1=1536;1:container2=1517","0:container1=11;1:container2=15",1835,3,"1:container2=893;2:container3=942","1:container2=2;2:container3=1"
214104000000,/,6140,27,4,"0:container1=2773;1:container2=2420;2:container3=947","0:container1=11;1:container2=15;2:container3=1",1232,11,"0:container1=1232","0:container1=11",3063,26,"0:container1=1541;1:container2=1522","0:container1=11;1:container2=15",1845,3,"1:container2=898;2:container3=947","1:container2=2;2:container3=1"
214500000000,/,6165,27,4,"0:container1=2783;1:container2=2430;2:container3=952","0:container1=11;1:container2=15;2:container3=1",1237,11,"0:container1=1237","0:container1=11",3073,26,"0:container1=1546;1:container2=1527","0:container1=11;1:container2=15",1855,3,"1:container2=903;2:container3=952","1:container2=2;2:container3=1"
214744000000,/,6190,27,4,"0:container1=2793;1:container2=2440;2:container3=957","0:container1=11;1:container2=15;2:container3=1",1242,11,"0:container1=1242","0:container1=11",3083,26,"0:container1=1551;1:container2=1532","0:container1=11;1:container2=15",1865,3,"1:container2=908;2:container3=957","1:container2=2;2:container3=1"
215096000000,/,6215,27,4,"0:container1=2803;1:container2=2450;2:container3=962","0:container1=11;1:container2=15;2:container3=1",1247,11,"0:container1=1247","0:container1=11",3093,26,"0:container1=1556;1:container2=1537","0:container1=11;1:container2=15",1875,3,"1:container2=913;2:container3=962","1:container2=2;2:container3=1"
215400000000,/,6240,27,4,"0:container1=2813;1:container2=2460;2:container3=967","0:container1=11;1:container2=15;2:container3=1",1252,11,"0:container1=1252","0:container1=11",3103,26,"0:container1=1561;1:container2=1542","0:container1=11;1:container2=15",1885,3,"1:container2=918;2:container3=967","1:container2=2;2:container3=1"
215700000000,/,6265,27,4,"0:container1=2823;1:container2=2470;2:container3=972","0:container1=11;1:container2=15;2:container3=1",1257,11,"0:container1=1257","0:container1=11",3113,26,"0:container1=1566;1:container2=1547","0:container1=11;1:container2=15",1895,3,"1:container2=923;2:container3=972","1:container2=2;2:container3=1"
216020000000,/,6290,27,4,"0:container1=2833;1:container2=2480;2:container3=977","0:container1=11;1:container2=15;2:container3=1",1262,11,"0:container1=1262","0:container1=11",3123,26,"0:container1=1571;1:container2=1552","0:container1=11;1:container2=15",1905,3,"1:container2=928;2:container3=977","1:container2=2;2:container3=1"
216392000000,/,6315,27,4,"0:container1=2843;1:container2=2490;2:container3=982","0:container1=11;1:container2=15;2:container3=1",1267,11,"0:container1=1267","0:container1=11",3133,26,"0:container1=1576;1:container2=1557","0:container1=11;1:container2=15",1915,3,"1:container2=933;2:container3=982","1:container2=2;2:container3=1"
216780000000,/,6340,27,4,"0:container1=2853;1:container2=2500;2:container3=987","0:container1=11;1:container2=15;2:container3=1",1272,11,"0:container1=1272","0:container1=11",3143,26,"0:container1=1581;1:container2=1562","0:container1=11;1:container2=15",1925,3,"1:container2=938;2:container3=987","1:container2=2;2:container3=1"
217176000000,/,6365,27,4,"0:container1=2863;1:container2=2510;2:container3=992","0:container1=11;1:container2=15;2:container3=1",1277,11,"0:container1=1277","0:container1=11",3153,26,"0:container1=1586;1:container2=1567","0:container1=11;1:container2=15",1935,3,"1:container2=943;2:container3=992","1:container2=2;2:container3=1"
217440000000,/,6390,27,4,"0:container1=2873;1:container2=2520;2:container3=997","0:container1=11;1:container2=15;2:container3=1",1282,11,"0:container1=1282","0:container1=11",3163,26,"0:container1=1591;1:container2=1572","0:container1=11;1:container2=15",1945,3,"1:container2=948;2:container3=997","1:container2=2;2:container3=1"
217836000000,/,6415,27,4,"0:container1=2883;1:container2=2530;2:container3=1002","0:container1=11;1:container2=15;2:container3=1",1287,11,"0:container1=1287","0:container1=11",3173,26,"0:container1=1596;1:container2=1577","0:container1=11;1:container2=15",1955,3,"1:container2=953;2:container3=1002","1:container2=2;2:container3=1"
218244000000,/,6440,27,4,"0:container1=2893;1:container2=2540;2:container3=1007","0:container1=11;1:container2=15;2:container3=1",1292,11,"0:container1=1292","0:container1=11",3183,26,"0:container1=1601;1:container2=1582","0:container1=11;1:container2=15",1965,3,"1:container2=958;2:container3=1007","1:container2=2;2:container3=1"
218644000000,/,6465,27,4,"0:container1=2903;1:container2=2550;2:container3=1012","0:container1=11;1:container2=15;2:container3=1",1297,11,"0:container1=1297","0:container1=11",3193,26,"0:container1=1606;1:container2=1587","0:container1=11;1:container2=15",1975,3,"1:container2=963;2:container3=1012","1:container2=2;2:container3=1"
219056000000,/,6490,27,4,"0:container1=2913;1:container2=2560;2:container3=1017","0:container1=11;1:container2=15;2:container3=1",1302,11,"0:container1=1302","0:container1=11",3203,26,"0:container1=1611;1:container2=1592","0:container1=11;1:container2=15",1985,3,"1:container2=968;2:container3=1017","1:container2=2;2:container3=1"
219424000000,/,6515,27,4,"0:container1=2923;1:container2=2570;2:container3=1022","0:container1=11;1:container2=15;2:container3=1",1307,11,"0:container1=1307","0:container1=11",3213,26,"0:container1=1616;1:container2=1597","0:container1=11;1:container2=15",1995,3,"1:container2=973;2:container3=1022","1:container2=2;2:container3=1"
219700000000,/,6540,27,4,"0:container1=2933;1:container2=2580;2:container3=1027","0:container1=11;1:container2=15;2:container3=1",1312,11,"0:container1=1312","0:container1=11",3223,26,"0:container1=1621;1:container2=1602","0:container1=11;1:container2=15",2005,3,"1:container2=978;2:container3=1027","1:container2=2;2:container3=1"
219912000000,/,6565,27,4,"0:container1=2943;1:container2=2590;2:container3=1032","0:container1=11;1:container2=15;2:container3=1",1317,11,"0:container1=1317","0:container1=11",3233,26,"0:container1=1626;1:container2=1607","0:container1=11;1:container2=15",2015,3,"1:container2=983;2:container3=1032","1:container2=2;2:container3=1"
220180000000,/,6590,27,4,"0:container1=2953;1:container2=2600;2:container3=1037","0:container1=11;1:container2=15;2:container3=1",1322,11,"0:container1=1322","0:container1=11",3243,26,"0:container1=1631;1:container2=1612","0:container1=11;1:container2=15",2025,3,"1:container2=988;2:container3=1037","1:container2=2;2:container3=1"
220400000000,/,6615,27,4,"0:container1=2963;1:container2=2610;2:container3=1042","0:container1=11;1:container2=15;2:container3=1",1327,11,"0:container1=1327","0:container1=11",3253,26,"0:container1=1636;1:container2=1617","0:container1=11;1:container2=15",2035,3,"1:container2=993;2:container3=1042","1:container2=2;2:container3=1"
220636000000,/,6640,27,4,"0:container1=2973;1:container2=2620;2:container3=1047","0:container1=11;1:container2=15;2:container3=1",1332,11,"0:container1=1332","0:container1=11",3263,26,"0:container1=1641;1:container2=1622","0:container1=11;1:container2=15",2045,3,"1:container2=998;2:container3=1047","1:container2=2;2:container3=1"
220876000000,/,6665,27,4,"0:container1=2983;1:container2=2630;2:container3=1052","0:container1=11;1:container2=15;2:container3=1",1337,11,"0:container1=1337","0:container1=11",3273,26,"0:container1=1646;1:container2=1627","0:container1=11;1:container2=15",2055,3,"1:container2=1003;2:container3=1052","1:container2=2;2:container3=1"
221236000000,/,6690,27,4,"0:container1=2993;1:container2=2640;2:container3=1057","0:container1=11;1:container2=15;2:container3=1",1342,11,"0:container1=1342","0:container1=11",3283,26,"0:container1=1651;1:container2=1632","0:container1=11;1:container2=15",2065,3,"1:container2=1008;2:container3=1057","1:container2=2;2:container3=1"
221504000000,/,6715,27,4,"0:container1=3003;1:container2=2650;2:container3=1062","0:container1=11;1:container2=15;2:container3=1",1347,11,"0:container1=1347","0:container1=11",3293,26,"0:container1=1656;1:container2=1637","0:container1=11;1:container2=15",2075,3,"1:container2=1013;2:container3=1062","1:container2=2;2:container3=1"
221896000000,/,6740,27,4,"0:container1=3013;1:container2=2660;2:container3=1067","0:container1=11;1:container2=15;2:container3=1",1352,11,"0:container1=1352","0:container1=11",3303,26,"0:container1=1661;1:container2=1642","0:container1=11;1:container2=15",2085,3,"1:container2=1018;2:container3=1067","1:container2=2;2:container3=1"
222276000000,/,6765,27,4,"0:container1=3023;1:container2=2670;2:container3=1072","0:container1=11;1:container2=15;2:container3=1",1357,11,"0:container1=1357","0:container1=11",3313,26,"0:container1=1666;1:container2=1647","0:container1=11;1:container2=15",2095,3,"1:container2=1023;2:container3=1072","1:container2=2;2:container3=1"
222688000000,/,6790,27,4,"0:container1=3033;1:container2=2680;2:container3=1077","0:container1=11;1:container2=15;2:container3=1",1362,11,"0:container1=1362","0:container1=11",3323,26,"0:container1=1671;1:container2=1652","0:container1=11;1:container2=15",2105,3,"1:container2=1028;2:container3=1077","1:container2=2;2:container3=1"
223084000000,/,6815,27,4,"0:container1=3043;1:container2=2690;2:container3=1082","0:container1=11;1:container2=15;2:container3=1",1367,11,"0:container1=1367","0:container1=11",3333,26,"0:container1=1676;1:container2=1657","0:container1=11;1:container2=15",2115,3,"1:container2=1033;2:container3=1082","1:container2=2;2:container3=1"
223500000000,/,6840,27,4,"0:container1=3053;1:container2=2700;2:container3=1087","0:container1=11;1:container2=15;2:container3=1",1372,11,"0:container1=1372","0:container1=11",3343,26,"0:container1=1681;1:container2=1662","0:container1=11;1:container2=15",2125,3,"1:container2=1038;2:container3=1087","1:container2=2;2:container3=1"
223888000000,/,6865,27,4,"0:container1=3063;1:container2=2710;2:container3=1092","0:container1=11;1:container2=15;2:container3=1",1377,11,"0:container1=1377","0:container1=11",3353,26,"0:container1=1686;1:container2=1667","0:container1=11;1:container2=15",2135,3,"1:container2=1043;2:container3=1092","1:container2=2;2:container3=1"
224200000000,/,6890,27,4,"0:container1=3073;1:container2=2720;2:container3=1097","0:container1=11;1:container2=15;2:container3=1",1382,11,"0:container1=1382","0:container1=11",3363,26,"0:container1=1691;1:container2=1672","0:container1=11;1:container2=15",2145,3,"1:container2=1048;2:container3=1097","1:container2=2;2:container3=1"
224416000000,/,6915,27,4,"0:container1=3083;1:container2=2730;2:container3=1102","0:container1=11;1:container2=15;2:container3=1",1387,11,"0:container1=1387","0:container1=11",3373,26,"0:container1=1696;1:container2=1677","0:container1=11;1:container2=15",2155,3,"1:container2=1053;2:container3=1102","1:container2=2;2:container3=1"
224632000000,/,6940,27,4,"0:container1=3093;1:container2=2740;2:container3=1107","0:container1=11;1:container2=15;2:container3=1",1392,11,"0:container1=1392","0:container1=11",3383,26,"0:container1=1701;1:container2=1682","0:container1=11;1:container2=15",2165,3,"1:container2=1058;2:container3=1107","1:container2=2;2:container3=1"
224864000000,/,6965,27,4,"0:container1=3103;1:container2=2750;2:container3=1112","0:container1=11;1:container2=15;2:container3=1",1397,11,"0:container1=1397","0:container1=11",3393,26,"0:container1=1706;1:container2=1687","0:container1=11;1:container2=15",2175,3,"1:container2=1063;2:container3=1112","1:container2=2;2:container3=1"
225096000000,/,6990,27,4,"0:container1=3113;1:container2=2760;2:container3=1117","0:container1=11;1:container2=15;2:container3=1",1402,11,"0:container1=1402","0:container1=11",3403,26,"0:container1=1711;1:container2=1692","0:container1=11;1:container2=15",2185,3,"1:container2=1068;2:container3=1117","1:container2=2;2:container3=1"
225452000000,/,7015,27,4,"0:container1=3123;1:container2=2770;2:container3=1122","0:container1=11;1:container2=15;2:container3=1",1407,11,"0:container1=1407","0:container1=11",3413,26,"0:container1=1716;1:container2=1697","0:container1=11;1:container2=15",2195,3,"1:container2=1073;2:container3=1122","1:container2=2;2:container3=1"
225840000000,/,7040,27,4,"0:container1=3133;1:container2=2780;2:container3=1127","0:container1=11;1:container2=15;2:container3=1",1412,11,"0:container1=1412","0:container1=11",3423,26,"0:container1=1721;1:container2=1702","0:container1=11;1:container2=15",2205,3,"1:container2=1078;2:container3=1127","1:container2=2;2:container3=1"
226232000000,/,7065,27,4,"0:container1=3143;1:container2=2790;2:container3=1132","0:container1=11;1:container2=15;2:container3=1",1417,11,"0:container1=1417","0:container1=11",3433,26,"0:container1=1726;1:container2=1707","0:container1=11;1:container2=15",2215,3,"1:container2=1083;2:container3=1132","1:container2=2;2:container3=1"
226680000000,/,7090,27,4,"0:container1=3153;1:container2=2800;2:container3=1137","0:container1=11;1:container2=15;2:container3=1",1422,11,"0:container1=1422","0:container1=11",3443,26,"0:container1=1731;1:container2=1712","0:container1=11;1:container2=15",2225,3,"1:container2=1088;2:container3=1137","1:container2=2;2:container3=1"
226956000000,/,7115,27,4,"0:container1=3163;1:container2=2810;2:container3=1142","0:container1=11;1:container2=15;2:container3=1",1427,11,"0:container1=1427","0:container1=11",3453,26,"0:container1=1736;1:container2=1717","0:container1=11;1:container2=15",2235,3,"1:container2=1093;2:container3=1142","1:container2=2;2:container3=1"
227304000000,/,7140,27,4,"0:container1=3173;1:container2=2820;2:container3=1147","0:container1=11;1:container2=15;2:container3=1",1432,11,"0:container1=1432","0:container1=11",3463,26,"0:container1=1741;1:container2=1722","0:container1=11;1:container2=15",2245,3,"1:container2=1098;2:container3=1147","1:container2=2;2:container3=1"
227604000000,/,7165,27,4,"0:container1=3183;1:container2=2830;2:container3=1152","0:container1=11;1:container2=15;2:container3=1",1437,11,"0:container1=1437","0:container1=11",3473,26,"0:container1=1746;1:container2=1727","0:container1=11;1:container2=15",2255,3,"1:container2=1103;2:container3=1152","1:container2=2;2:container3=1"
227968000000,/,7186,27,4,"0:container1=3193;1:container2=2836;2:container3=1157","0:container1=11;1:container2=15;2:container3=1",1442,11,"0:container1=1442","0:container1=11",3479,26,"0:container1=1751;1:container2=1728","0:container1=11;1:container2=15",2265,3,"1:container2=1108;2:container3=1157","1:container2=2;2:container3=1"
228324000000,/,7206,27,4,"0:container1=3203;1:container2=2841;2:container3=1162","0:container1=11;1:container2=15;2:container3=1",1447,11,"0:container1=1447","0:container1=11",3484,26,"0:container1=1756;1:container2=1728","0:container1=11;1:container2=15",2275,3,"1:container2=1113;2:container3=1162","1:container2=2;2:container3=1"
228720000000,/,7226,27,4,"0:container1=3213;1:container2=2846;2:container3=1167","0:container1=11;1:container2=15;2:container3=1",1452,11,"0:container1=1452","0:container1=11",3489,26,"0:container1=1761;1:container2=1728","0:container1=11;1:container2=15",2285,3,"1:container2=1118;2:container3=1167","1:container2=2;2:container3=1"
229092000000,/,7246,27,4,"0:container1=3223;1:container2=2851;2:container3=1172","0:container1=11;1:container2=15;2:container3=1",1457,11,"0:container1=1457","0:container1=11",3494,26,"0:container1=1766;1:container2=1728","0:container1=11;1:container2=15",2295,3,"1:container2=1123;2:container3=1172","1:container2=2;2:container3=1"
229388000000,/,7266,27,4,"0:container1=3233;1:container2=2856;2:container3=1177","0:container1=11;1:container2=15;2:container3=1",1462,11,"0:container1=1462","0:container1=11",3499,26,"0:container1=1771;1:container2=1728","0:container1=11;1:container2=15",2305,3,"1:container2=1128;2:container3=1177","1:container2=2;2:container3=1"
229616000000,/,7286,27,4,"0:container1=3243;1:container2=2861;2:container3=1182","0:container1=11;1:container2=15;2:container3=1",1467,11,"0:container1=1467","0:container1=11",3504,26,"0:container1=1776;1:container2=1728","0:container1=11;1:container2=15",2315,3,"1:container2=1133;2:container3=1182","1:container2=2;2:container3=1"
229864000000,/,7306,27,4,"0:container1=3253;1:container2=2866;2:container3=1187","0:container1=11;1:container2=15;2:container3=1",1472,11,"0:container1=1472","0:container1=11",3509,26,"0:container1=1781;1:container2=1728","0:container1=11;1:container2=15",2325,3,"1:container2=1138;2:container3=1187","1:container2=2;2:container3=1"
230096000000,/,7326,27,4,"0:container1=3263;1:container2=2871;2:container3=1192","0:container1=11;1:container2=15;2:container3=1",1477,11,"0:container1=1477","0:container1=11",3514,26,"0:container1=1786;1:container2=1728","0:container1=11;1:container2=15",2335,3,"1:container2=1143;2:container3=1192","1:container2=2;2:container3=1"
230308000000,/,7346,27,4,"0:container1=3273;1:container2=2876;2:container3=1197","0:container1=11;1:container2=15;2:container3=1",1482,11,"0:container1=1482","0:container1=11",3519,26,"0:container1=1791;1:container2=1728","0:container1=11;1:container2=15",2345,3,"1:container2=1148;2:container3=1197","1:container2=2;2:container3=1"
230560000000,/,7366,27,4,"0:container1=3283;1:container2=2881;2:container3=1202","0:container1=11;1:container2=15;2:container3=1",1487,11,"0:container1=1487","0:container1=11",3524,26,"0:container1=1796;1:container2=1728","0:container1=11;1:container2=15",2355,3,"1:container2=1153;2:container3=1202","1:container2=2;2:container3=1"
230800000000,/,7386,27,4,"0:container1=3293;1:container2=2886;2:container3=1207","0:container1=11;1:container2=15;2:container3=1",1492,11,"0:container1=1492","0:container1=11",3529,26,"0:container1=1801;1:container2=1728","0:container1=11;1:container2=15",2365,3,"1:container2=1158;2:container3=1207","1:container2=2;2:container3=1"
231104000000,/,7406,27,4,"0:container1=3303;1:container2=2891;2:container3=1212","0:container1=11;1:container2=15;2:container3=1",1497,11,"0:container1=1497","0:container1=11",3534,26,"0:container1=1806;1:container2=1728","0:container1=11;1:container2=15",2375,3,"1:container2=1163;2:container3=1212","1:container2=2;2:container3=1"
231432000000,/,7426,27,4,"0:container1=3313;1:container2=2896;2:container3=1217","0:container1=11;1:container2=15;2:container3=1",1502,11,"0:container1=1502","0:container1=11",3539,26,"0:container1=1811;1:container2=1728","0:container1=11;1:container2=15",2385,3,"1:container2=1168;2:container3=1217","1:container2=2;2:container3=1"
231760000000,/,7446,27,4,"0:container1=3323;1:container2=2901;2:container3=1222","0:container1=11;1:container2=15;2:container3=1",1507,11,"0:container1=1507","0:container1=11",3544,26,"0:container1=1816;1:container2=1728","0:container1=11;1:container2=15",2395,3,"1:container2=1173;2:container3=1222","1:container2=2;2:container3=1"
232156000000,/,7466,27,4,"0:container1=3333;1:container2=2906;2:container3=1227","0:container1=11;1:container2=15;2:container3=1",1512,11,"0:container1=1512","0:container1=11",3549,26,"0:container1=1821;1:container2=1728","0:container1=11;1:container2=15",2405,3,"1:container2=1178;2:container3=1227","1:container2=2;2:container3=1"
232560000000,/,7486,27,4,"0:container1=3343;1:container2=2911;2:container3=1232","0:container1=11;1:container2=15;2:container3=1",1517,11,"0:container1=1517","0:container1=11",3554,26,"0:container1=1826;1:container2=1728","0:container1=11;1:container2=15",2415,3,"1:container2=1183;2:container3=1232","1:container2=2;2:container3=1"
232952000000,/,7506,27,4,"0:container1=3353;1:container2=2916;2:container3=1237","0:container1=11;1:container2=15;2:container3=1",1522,11,"0:container1=1522","0:container1=11",3559,26,"0:container1=1831;1:container2=1728","0:container1=11;1:container2=15",2425,3,"1:container2=1188;2:container3=1237","1:container2=2;2:container3=1"
233368000000,/,7526,27,4,"0:container1=3363;1:container2=2921;2:container3=1242","0:container1=11;1:container2=15;2:container3=1",1527,11,"0:container1=1527","0:container1=11",3564,26,"0:container1=1836;1:container2=1728","0:container1=11;1:container2=15",2435,3,"1:container2=1193;2:container3=1242","1:container2=2;2:container3=1"
233776000000,/,7546,27,4,"0:container1=3373;1:container2=2926;2:container3=1247","0:container1=11;1:container2=15;2:container3=1",1532,11,"0:container1=1532","0:container1=11",3569,26,"0:container1=1841;1:container2=1728","0:container1=11;1:container2=15",2445,3,"1:container2=1198;2:container3=1247","1:container2=2;2:container3=1"
234184000000,/,7566,27,4,"0:container1=3383;1:container2=2931;2:container3=1252","0:container1=11;1:container2=15;2:container3=1",1537,11,"0:container1=1537","0:container1=11",3574,26,"0:container1=1846;1:container2=1728","0:container1=11;1:container2=15",2455,3,"1:container2=1203;2:container3=1252","1:container2=2;2:container3=1"
234500000000,/,7586,27,4,"0:container1=3393;1:container2=2936;2:container3=1257","0:container1=11;1:container2=15;2:container3=1",1542,11,"0:container1=1542","0:container1=11",3579,26,"0:container1=1851;1:container2=1728","0:container1=11;1:container2=15",2465,3,"1:container2=1208;2:container3=1257","1:container2=2;2:container3=1"
234732000000,/,7606,27,4,"0:container1=3403;1:container2=2941;2:container3=1262","0:container1=11;1:container2=15;2:container3=1",1547,11,"0:container1=1547","0:container1=11",3584,26,"0:container1=1856;1:container2=1728","0:container1=11;1:container2=15",2475,3,"1:container2=1213;2:container3=1262","1:container2=2;2:container3=1"
234988000000,/,7626,27,4,"0:container1=3413;1:container2=2946;2:container3=1267","0:container1=11;1:container2=15;2:container3=1",1552,11,"0:container1=1552","0:container1=11",3589,26,"0:container1=1861;1:container2=1728","0:container1=11;1:container2=15",2485,3,"1:container2=1218;2:container3=1267","1:container2=2;2:container3=1"
235184000000,/,7646,27,4,"0:container1=3423;1:container2=2951;2:container3=1272","0:container1=11;1:container2=15;2:container3=1",1557,11,"0:container1=1557","0:container1=11",3594,26,"0:container1=1866;1:container2=1728","0:container1=11;1:container2=15",2495,3,"1:container2=1223;2:container3=1272","1:container2=2;2:container3=1"
235412000000,/,7666,27,4,"0:container1=3433;1:container2=2956;2:container3=1277","0:container1=11;1:container2=15;2:container3=1",1562,11,"0:container1=1562","0:container1=11",3599,26,"0:container1=1871;1:container2=1728","0:container1=11;1:container2=15",2505,3,"1:container2=1228;2:container3=1277","1:container2=2;2:container3=1"
235720000000,/,7686,27,4,"0:container1=3443;1:container2=2961;2:container3=1282","0:container1=11;1:container2=15;2:container3=1",1567,11,"0:container1=1567","0:container1=11",3604,26,"0:container1=1876;1:container2=1728","0:container1=11;1:container2=15",2515,3,"1:container2=1233;2:container3=1282","1:container2=2;2:container3=1"
236116000000,/,7706,27,4,"0:container1=3453;1:container2=2966;2:container3=1287","0:container1=11;1:container2=15;2:container3=1",1572,11,"0:container1=1572","0:container1=11",3609,26,"0:container1=1881;1:container2=1728","0:container1=11;1:container2=15",2525,3,"1:container2=1238;2:container3=1287","1:container2=2;2:container3=1"
236536000000,/,7726,27,4,"0:container1=3463;1:container2=2971;2:container3=1292","0:container1=11;1:container2=15;2:container3=1",1577,11,"0:container1=1577","0:container1=11",3614,26,"0:container1=1886;1:container2=1728","0:container1=11;1:container2=15",2535,3,"1:container2=1243;2:container3=1292","1:container2=2;2:container3=1"
236856000000,/,7747,27,4,"0:container1=3473;1:container2=2977;2:container3=1297","0:container1=11;1:container2=15;2:container3=1",1582,11,"0:container1=1582","0:container1=11",3620,26,"0:container1=1891;1:container2=1729","0:container1=11;1:container2=15",2545,3,"1:container2=1248;2:container3=1297","1:container2=2;2:container3=1"
237172000000,/,7772,27,4,"0:container1=3483;1:container2=2987;2:container3=1302","0:container1=11;1:container2=15;2:container3=1",1587,11,"0:container1=1587","0:container1=11",3630,26,"0:container1=1896;1:container2=1734","0:container1=11;1:container2=15",2555,3,"1:container2=1253;2:container3=1302","1:container2=2;2:container3=1"
237568000000,/,7797,27,4,"0:container1=3493;1:container2=2997;2:container3=1307","0:container1=11;1:container2=15;2:container3=1",1592,11,"0:container1=1592","0:container1=11",3640,26,"0:container1=1901;1:container2=1739","0:container1=11;1:container2=15",2565,3,"1:container2=1258;2:container3=1307","1:container2=2;2:container3=1"
237964000000,/,7822,27,4,"0:container1=3503;1:container2=3007;2:container3=1312","0:container1=11;1:container2=15;2:container3=1",1597,11,"0:container1=1597","0:container1=11",3650,26,"0:container1=1906;1:container2=1744","0:container1=11;1:container2=15",2575,3,"1:container2=1263;2:container3=1312","1:container2=2;2:container3=1"
238284000000,/,7847,27,4,"0:container1=3513;1:container2=3017;2:container3=1317","0:container1=11;1:container2=15;2:container3=1",1602,11,"0:container1=1602","0:container1=11",3660,26,"0:container1=1911;1:container2=1749","0:container1=11;1:container2=15",2585,3,"1:container2=1268;2:container3=1317","1:container2=2;2:container3=1"
238500000000,/,7872,27,4,"0:container1=3523;1:container2=3027;2:container3=1322","0:container1=11;1:container2=15;2:container3=1",1607,11,"0:container1=1607","0:container1=11",3670,26,"0:container1=1916;1:container2=1754","0:container1=11;1:container2=15",2595,3,"1:container2=1273;2:container3=1322","1:container2=2;2:container3=1"
238732000000,/,7897,27,4,"0:container1=3533;1:container2=3037;2:container3=1327","0:container1=11;1:container2=15;2:container3=1",1612,11,"0:container1=1612","0:container1=11",3680,26,"0:container1=1921;1:container2=1759","0:container1=11;1:container2=15",2605,3,"1:container2=1278;2:container3=1327","1:container2=2;2:container3=1"
238988000000,/,7922,27,4,"0:container1=3543;1:container2=3047;2:container3=1332","0:container1=11;1:container2=15;2:container3=1",1617,11,"0:container1=1617","0:container1=11",3690,26,"0:container1=1926;1:container2=1764","0:container1=11;1:container2=15",2615,3,"1:container2=1283;2:container3=1332","1:container2=2;2:container3=1"
239188000000,/,7947,27,4,"0:container1=3553;1:container2=3057;2:container3=1337","0:container1=11;1:container2=15;2:container3=1",1622,11,"0:container1=1622","0:container1=11",3700,26,"0:container1=1931;1:container2=1769","0:container1=11;1:container2=15",2625,3,"1:container2=1288;2:container3=1337","1:container2=2;2:container3=1"
239452000000,/,7972,27,4,"0:container1=3563;1:container2=3067;2:container3=1342","0:container1=11;1:container2=15;2:container3=1",1627,11,"0:container1=1627","0:container1=11",3710,26,"0:container1=1936;1:container2=1774","0:container1=11;1:container2=15",2635,3,"1:container2=1293;2:container3=1342","1:container2=2;2:container3=1"
239796000000,/,7997,27,4,"0:container1=3573;1:container2=3077;2:container3=1347","0:container1=11;1:container2=15;2:container3=1",1632,11,"0:container1=1632","0:container1=11",3720,26,"0:container1=1941;1:container2=1779","0:container1=11;1:container2=15",2645,3,"1:container2=1298;2:container3=1347","1:container2=2;2:container3=1"
240172000000,/,8022,27,4,"0:container1=3583;1:container2=3087;2:container3=1352","0:container1=11;1:container2=15;2:container3=1",1637,11,"0:container1=1637","0:container1=11",3730,26,"0:container1=1946;1:container2=1784","0:container1=11;1:container2=15",2655,3,"1:container2=1303;2:container3=1352","1:container2=2;2:container3=1"
240464000000,/,8047,27,4,"0:container1=3593;1:container2=3097;2:container3=1357","0:container1=11;1:container2=15;2:container3=1",1642,11,"0:container1=1642","0:container1=11",3740,26,"0:container1=1951;1:container2=1789","0:container1=11;1:container2=15",2665,3,"1:container2=1308;2:container3=1357","1:container2=2;2:container3=1"
240824000000,/,8072,27,4,"0:container1=3603;1:container2=3107;2:container3=1362","0:container1=11;1:container2=15;2:container3=1",1647,11,"0:container1=1647","0:container1=11",3750,26,"0:container1=1956;1:container2=1794","0:container1=11;1:container2=15",2675,3,"1:container2=1313;2:container3=1362","1:container2=2;2:container3=1"
241164000000,/,8097,27,4,"0:container1=3613;1:container2=3117;2:container3=1367","0:container1=11;1:container2=15;2:container3=1",1652,11,"0:container1=1652","0:container1=11",3760,26,"0:container1=1961;1:container2=1799","0:container1=11;1:container2=15",2685,3,"1:container2=1318;2:container3=1367","1:container2=2;2:container3=1"
241500000000,/,8122,27,4,"0:container1=3623;1:container2=3127;2:container3=1372","0:container1=11;1:container2=15;2:container3=1",1657,11,"0:container1=1657","0:container1=11",3770,26,"0:container1=1966;1:container2=1804","0:container1=11;1:container2=15",2695,3,"1:container2=1323;2:container3=1372","1:container2=2;2:container3=1"
241892000000,/,8147,27,4,"0:container1=3633;1:container2=3137;2:container3=1377","0:container1=11;1:container2=15;2:container3=1",1662,11,"0:container1=1662","0:container1=11",3780,26,"0:container1=1971;1:container2=1809","0:container1=11;1:container2=15",2705,3,"1:container2=1328;2:container3=1377","1:container2=2;2:container3=1"
242240000000,/,8172,27,4,"0:container1=3643;1:container2=3147;2:container3=1382","0:container1=11;1:container2=15;2:container3=1",1667,11,"0:container1=1667","0:container1=11",3790,26,"0:container1=1976;1:container2=1814","0:container1=11;1:container2=15",2715,3,"1:container2=1333;2:container3=1382","1:container2=2;2:container3=1"
242516000000,/,8197,27,4,"0:container1=3653;1:container2=3157;2:container3=1387","0:container1=11;1:container2=15;2:container3=1",1672,11,"0:container1=1672","0:container1=11",3800,26,"0:container1=1981;1:container2=1819","0:container1=11;1:container2=15",2725,3,"1:container2=1338;2:container3=1387","1:container2=2;2:container3=1"
242884000000,/,8222,27,4,"0:container1=3663;1:container2=3167;2:container3=1392","0:container1=11;1:container2=15;2:container3=1",1677,11,"0:container1=1677","0:container1=11",3810,26,"0:container1=1986;1:container2=1824","0:container1=11;1:container2=15",2735,3,"1:container2=1343;2:container3=1392","1:container2=2;2:container3=1"
243100000000,/,8247,27,4,"0:container1=3673;1:container2=3177;2:container3=1397","0:container1=11;1:container2=15;2:container3=1",1682,11,"0:container1=1682","0:container1=11",3820,26,"0:container1=1991;1:container2=1829","0:container1=11;1:container2=15",2745,3,"1:container2=1348;2:container3=1397","1:container2=2;2:container3=1"
243344000000,/,8272,27,4,"0:container1=3683;1:container2=3187;2:container3=1402","0:container1=11;1:container2=15;2:container3=1",1687,11,"0:container1=1687","0:container1=11",3830,26,"0:container1=1996;1:container2=1834","0:container1=11;1:container2=15",2755,3,"1:container2=1353;2:container3=1402","1:container2=2;2:container3=1"
243592000000,/,8297,27,4,"0:container1=3693;1:container2=3197;2:container3=1407","0:container1=11;1:container2=15;2:container3=1",1692,11,"0:container1=1692","0:container1=11",3840,26,"0:container1=2001;1:container2=1839","0:container1=11;1:container2=15",2765,3,"1:container2=1358;2:container3=1407","1:container2=2;2:container3=1"
243804000000,/,8322,27,4,"0:container1=3703;1:container2=3207;2:container3=1412","0:container1=11;1:container2=15;2:container3=1",1697,11,"0:container1=1697","0:container1=11",3850,26,"0:container1=2006;1:container2=1844","0:container1=11;1:container2=15",2775,3,"1:container2=1363;2:container3=1412","1:container2=2;2:container3=1"
244036000000,/,8347,27,4,"0:container1=3713;1:container2=3217;2:container3=1417","0:container1=11;1:container2=15;2:container3=1",1702,11,"0:container1=1702","0:container1=11",3860,26,"0:container1=2011;1:container2=1849","0:container1=11;1:container2=15",2785,3,"1:container2=1368;2:container3=1417","1:container2=2;2:container3=1"
244268000000,/,8372,27,4,"0:container1=3723;1:container2=3227;2:container3=1422","0:container1=11;1:container2=15;2:container3=1",1707,11,"0:container1=1707","0:container1=11",3870,26,"0:container1=2016;1:container2=1854","0:container1=11;1:container2=15",2795,3,"1:container2=1373;2:container3=1422","1:container2=2;2:container3=1"
244516000000,/,8397,27,4,"0:container1=3733;1:container2=3237;2:container3=1427","0:container1=11;1:container2=15;2:container3=1",1712,11,"0:container1=1712","0:container1=11",3880,26,"0:container1=2021;1:container2=1859","0:container1=11;1:container2=15",2805,3,"1:container2=1378;2:container3=1427","1:container2=2;2:container3=1"
244800000000,/,8422,27,4,"0:container1=3743;1:container2=3247;2:container3=1432","0:container1=11;1:container2=15;2:container3=1",1717,11,"0:container1=1717","0:container1=11",3890,26,"0:container1=2026;1:container2=1864","0:container1=11;1:container2=15",2815,3,"1:container2=1383;2:container3=1432","1:container2=2;2:container3=1"
245200000000,/,8447,27,4,"0:container1=3753;1:container2=3257;2:container3=1437","0:container1=11;1:container2=15;2:container3=1",1722,11,"0:container1=1722","0:container1=11",3900,26,"0:container1=2031;1:container2=1869","0:container1=11;1:container2=15",2825,3,"1:container2=1388;2:container3=1437","1:container2=2;2:container3=1"
245588000000,/,8472,27,4,"0:container1=3763;1:container2=3267;2:container3=1442","0:container1=11;1:container2=15;2:container3=1",1727,11,"0:container1=1727","0:container1=11",3910,26,"0:container1=2036;1:container2=1874","0:container1=11;1:container2=15",2835,3,"1:container2=1393;2:container3=1442","1:container2=2;2:container3=1"
245988000000,/,8497,27,4,"0:container1=3773;1:container2=3277;2:container3=1447","0:container1=11;1:container2=15;2:container3=1",1732,11,"0:container1=1732","0:container1=11",3920,26,"0:container1=2041;1:container2=1879","0:container1=11;1:container2=15",2845,3,"1:container2=1398;2:container3=1447","1:container2=2;2:container3=1"
246400000000,/,8527,27,4,"0:container1=3783;1:container2=3287;2:container3=1457","0:container1=11;1:container2=15;2:container3=1",1737,11,"0:container1=1737","0:container1=11",3935,26,"0:container1=2046;1:container2=1884;2:container3=5","0:container1=11;1:container2=15",2855,3,"1:container2=1403;2:container3=1452","1:container2=2;2:container3=1"
246800000000,/,8557,27,4,"0:container1=3793;1:container2=3297;2:container3=1467","0:container1=11;1:container2=15;2:container3=1",1742,11,"0:container1=1742","0:container1=11",3950,26,"0:container1=2051;1:container2=1889;2:container3=10","0:container1=11;1:container2=15",2865,3,"1:container2=1408;2:container3=1457","1:container2=2;2:container3=1"
247200000000,/,8587,27,4,"0:container1=3803;1:container2=3307;2:container3=1477","0:container1=11;1:container2=15;2:container3=1",1747,11,"0:container1=1747","0:container1=11",3965,26,"0:container1=2056;1:container2=1894;2:container3=15","0:container1=11;1:container2=15",2875,3,"1:container2=1413;2:container3=1462","1:container2=2;2:container3=1"
247572000000,/,8617,27,4,"0:container1=3813;1:container2=3317;2:container3=1487","0:container1=11;1:container2=15;2:container3=1",1752,11,"0:container1=1752","0:container1=11",3980,26,"0:container1=2061;1:container2=1899;2:container3=20","0:container1=11;1:container2=15",2885,3,"1:container2=1418;2:container3=1467","1:container2=2;2:container3=1"
247940000000,/,8647,27,4,"0:container1=3823;1:container2=3327;2:container3=1497","0:container1=11;1:container2=15;2:container3=1",1757,11,"0:container1=1757","0:container1=11",3995,26,"0:container1=2066;1:container2=1904;2:container3=25","0:container1=11;1:container2=15",2895,3,"1:container2=1423;2:container3=1472","1:container2=2;2:container3=1"
248332000000,/,8677,27,4,"0:container1=3833;1:container2=3337;2:container3=1507","0:container1=11;1:container2=15;2:container3=1",1762,11,"0:container1=1762","0:container1=11",4010,26,"0:container1=2071;1:container2=1909;2:container3=30","0:container1=11;1:container2=15",2905,3,"1:container2=1428;2:container3=1477","1:container2=2;2:container3=1"
248700000000,/,8707,27,4,"0:container1=3843;1:container2=3347;2:container3=1517","0:container1=11;1:container2=15;2:container3=1",1767,11,"0:container1=1767","0:container1=11",4025,26,"0:container1=2076;1:container2=1914;2:container3=35","0:container1=11;1:container2=15",2915,3,"1:container2=1433;2:container3=1482","1:container2=2;2:container3=1"
248980000000,/,8737,27,4,"0:container1=3853;1:container2=3357;2:container3=1527","0:container1=11;1:container2=15;2:container3=1",1772,11,"0:container1=1772","0:container1=11",4040,26,"0:container1=2081;1:container2=1919;2:container3=40","0:container1=11;1:container2=15",2925,3,"1:container2=1438;2:container3=1487","1:container2=2;2:container3=1"
249184000000,/,8767,27,4,"0:container1=3863;1:container2=3367;2:container3=1537","0:container1=11;1:container2=15;2:container3=1",1777,11,"0:container1=1777","0:container1=11",4055,26,"0:container1=2086;1:container2=1924;2:container3=45","0:container1=11;1:container2=15",2935,3,"1:container2=1443;2:container3=1492","1:container2=2;2:container3=1"
249400000000,/,8797,27,4,"0:container1=3873;1:container2=3377;2:container3=1547","0:container1=11;1:container2=15;2:container3=1",1782,11,"0:container1=1782","0:container1=11",4070,26,"0:container1=2091;1:container2=1929;2:container3=50","0:container1=11;1:container2=15",2945,3,"1:container2=1448;2:container3=1497","1:container2=2;2:container3=1"
249624000000,/,8827,27,4,"0:container1=3883;1:container2=3387;2:container3=1557","0:container1=11;1:container2=15;2:container3=1",1787,11,"0:container1=1787","0:container1=11",4085,26,"0:container1=2096;1:container2=1934;2:container3=55","0:container1=11;1:container2=15",2955,3,"1:container2=1453;2:container3=1502","1:container2=2;2:container3=1"
249876000000,/,8857,27,4,"0:container1=3893;1:container2=3397;2:container3=1567","0:container1=11;1:container2=15;2:container3=1",1792,11,"0:container1=1792","0:container1=11",4100,26,"0:container1=2101;1:container2=1939;2:container3=60","0:container1=11;1:container2=15",2965,3,"1:container2=1458;2:container3=1507","1:container2=2;2:container3=1"
250092000000,/,8887,27,4,"0:container1=3903;1:container2=3407;2:container3=1577","0:container1=11;1:container2=15;2:container3=1",1797,11,"0:container1=1797","0:container1=11",4115,26,"0:container1=2106;1:container2=1944;2:container3=65","0:container1=11;1:container2=15",2975,3,"1:container2=1463;2:container3=1512","1:container2=2;2:container3=1"
250352000000,/,8917,27,4,"0:container1=3913;1:container2=3417;2:container3=1587","0:container1=11;1:container2=15;2:container3=1",1802,11,"0:container1=1802","0:container1=11",4130,26,"0:container1=2111;1:container2=1949;2:container3=70","0:container1=11;1:container2=15",2985,3,"1:container2=1468;2:container3=1517","1:container2=2;2:container3=1"
250736000000,/,8947,27,4,"0:container1=3923;1:container2=3427;2:container3=1597","0:container1=11;1:container2=15;2:container3=1",1807,11,"0:container1=1807","0:container1=11",4145,26,"0:container1=2116;1:container2=1954;2:container3=75","0:container1=11;1:container2=15",2995,3,"1:container2=1473;2:container3=1522","1:container2=2;2:container3=1"
251132000000,/,8977,27,4,"0:container1=3933;1:container2=3437;2:container3=1607","0:container1=11;1:container2=15;2:container3=1",1812,11,"0:container1=1812","0:container1=11",4160,26,"0:container1=2121;1:container2=1959;2:container3=80","0:container1=11;1:container2=15",3005,3,"1:container2=1478;2:container3=1527","1:container2=2;2:container3=1"
251500000000,/,9007,27,4,"0:container1=3943;1:container2=3447;2:container3=1617","0:container1=11;1:container2=15;2:container3=1",1817,11,"0:container1=1817","0:container1=11",4175,26,"0:container1=2126;1:container2=1964;2:container3=85","0:container1=11;1:container2=15",3015,3,"1:container2=1483;2:container3=1532","1:container2=2;2:container3=1"
251908000000,/,9037,27,4,"0:container1=3953;1:container2=3457;2:container3=1627","0:container1=11;1:container2=15;2:container3=1",1822,11,"0:container1=1822","0:container1=11",4190,26,"0:container1=2131;1:container2=1969;2:container3=90","0:container1=11;1:container2=15",3025,3,"1:container2=1488;2:container3=1537","1:container2=2;2:container3=1"
252300000000,/,9067,27,4,"0:container1=3963;1:container2=3467;2:container3=1637","0:container1=11;1:container2=15;2:container3=1",1827,11,"0:container1=1827","0:container1=11",4205,26,"0:container1=2136;1:container2=1974;2:container3=95","0:container1=11;1:container2=15",3035,3,"1:container2=1493;2:container3=1542","1:container2=2;2:container3=1"
252708000000,/,9097,27,4,"0:container1=3973;1:container2=3477;2:container3=1647","0:container1=11;1:container2=15;2:container3=1",1832,11,"0:container1=1832","0:container1=11",4220,26,"0:container1=2141;1:container2=1979;2:container3=100","0:container1=11;1:container2=15",3045,3,"1:container2=1498;2:container3=1547","1:container2=2;2:container3=1"
253108000000,/,9127,27,4,"0:container1=3983;1:container2=3487;2:container3=1657","0:container1=11;1:container2=15;2:container3=1",1837,11,"0:container1=1837","0:container1=11",4235,26,"0:container1=2146;1:container2=1984;2:container3=105","0:container1=11;1:container2=15",3055,3,"1:container2=1503;2:container3=1552","1:container2=2;2:container3=1"
253508000000,/,9157,27,4,"0:container1=3993;1:container2=3497;2:container3=1667","0:container1=11;1:container2=15;2:container3=1",1842,11,"0:container1=1842","0:container1=11",4250,26,"0:container1=2151;1:container2=1989;2:container3=110","0:container1=11;1:container2=15",3065,3,"1:container2=1508;2:container3=1557","1:container2=2;2:container3=1"
253912000000,/,9187,27,4,"0:container1=4003;1:container2=3507;2:container3=1677","0:container1=11;1:container2=15;2:container3=1",1847,11,"0:container1=1847","0:container1=11",4265,26,"0:container1=2156;1:container2=1994;2:container3=115","0:container1=11;1:container2=15",3075,3,"1:container2=1513;2:container3=1562","1:container2=2;2:container3=1"
254320000000,/,9217,27,4,"0:container1=4013;1:container2=3517;2:container3=1687","0:container1=11;1:container2=15;2:container3=1",1852,11,"0:container1=1852","0:container1=11",4280,26,"0:container1=2161;1:container2=1999;2:container3=120","0:container1=11;1:container2=15",3085,3,"1:container2=1518;2:container3=1567","1:container2=2;2:container3=1"
254564000000,/,9247,27,4,"0:container1=4023;1:container2=3527;2:container3=1697","0:container1=11;1:container2=15;2:container3=1",1857,11,"0:container1=1857","0:container1=11",4295,26,"0:container1=2166;1:container2=2004;2:container3=125","0:container1=11;1:container2=15",3095,3,"1:container2=1523;2:container3=1572","1:container2=2;2:container3=1"
254796000000,/,9277,27,4,"0:container1=4033;1:container2=3537;2:container3=1707","0:container1=11;1:container2=15;2:container3=1",1862,11,"0:container1=1862","0:container1=11",4310,26,"0:container1=2171;1:container2=2009;2:container3=130","0:container1=11;1:container2=15",3105,3,"1:container2=1528;2:container3=1577","1:container2=2;2:container3=1"
255004000000,/,9307,27,4,"0:container1=4043;1:container2=3547;2:container3=1717","0:container1=11;1:container2=15;2:container3=1",1867,11,"0:container1=1867","0:container1=11",4325,26,"0:container1=2176;1:container2=2014;2:container3=135","0:container1=11;1:container2=15",3115,3,"1:container2=1533;2:container3=1582","1:container2=2;2:container3=1"
255260000000,/,9337,27,4,"0:container1=4053;1:container2=3557;2:container3=1727","0:container1=11;1:container2=15;2:container3=1",1872,11,"0:container1=1872","0:container1=11",4340,26,"0:container1=2181;1:container2=2019;2:container3=140","0:container1=11;1:container2=15",3125,3,"1:container2=1538;2:container3=1587","1:container2=2;2:container3=1"
255488000000,/,9367,27,4,"0:container1=4063;1:container2=3567;2:container3=1737","0:container1=11;1:container2=15;2:container3=1",1877,11,"0:container1=1877","0:container1=11",4355,26,"0:container1=2186;1:container2=2024;2:container3=145","0:container1=11;1:container2=15",3135,3,"1:container2=1543;2:container3=1592","1:container2=2;2:container3=1"
255704000000,/,9397,27,4,"0:container1=4073;1:container2=3577;2:container3=1747","0:container1=11;1:container2=15;2:container3=1",1882,11,"0:container1=1882","0:container1=11",4370,26,"0:container1=2191;1:container2=2029;2:container3=150","0:container1=11;1:container2=15",3145,3,"1:container2=1548;2:container3=1597","1:container2=2;2:container3=1"
255952000000,/,9427,27,4,"0:container1=4083;1:container2=3587;2:container3=1757","0:container1=11;1:container2=15;2:container3=1",1887,11,"0:container1=1887","0:container1=11",4385,26,"0:container1=2196;1:container2=2034;2:container3=155","0:container1=11;1:container2=15",3155,3,"1:container2=1553;2:container3=1602","1:container2=2;2:container3=1"
256300000000,/,9457,27,4,"0:container1=4093;1:container2=3597;2:container3=1767","0:container1=11;1:container2=15;2:container3=1",1892,11,"0:container1=1892","0:container1=11",4400,26,"0:container1=2201;1:container2=2039;2:container3=160","0:container1=11;1:container2=15",3165,3,"1:container2=1558;2:container3=1607","1:container2=2;2:container3=1"
256600000000,/,9487,27,4,"0:container1=4103;1:container2=3607;2:container3=1777","0:container1=11;1:container2=15;2:container3=1",1897,11,"0:container1=1897","0:container1=11",4415,26,"0:container1=2206;1:container2=2044;2:container3=165","0:container1=11;1:container2=15",3175,3,"1:container2=1563;2:container3=1612","1:container2=2;2:container3=1"
256940000000,/,9517,27,4,"0:container1=4113;1:container2=3617;2:container3=1787","0:container1=11;1:container2=15;2:container3=1",1902,11,"0:container1=1902","0:container1=11",4430,26,"0:container1=2211;1:container2=2049;2:container3=170","0:container1=11;1:container2=15",3185,3,"1:container2=1568;2:container3=1617","1:container2=2;2:container3=1"
257260000000,/,9547,27,4,"0:container1=4123;1:container2=3627;2:container3=1797","0:container1=11;1:container2=15;2:container3=1",1907,11,"0:container1=1907","0:container1=11",4445,26,"0:container1=2216;1:container2=2054;2:container3=175","0:container1=11;1:container2=15",3195,3,"1:container2=1573;2:container3=1622","1:container2=2;2:container3=1"
257620000000,/,9577,27,4,"0:container1=4133;1:container2=3637;2:container3=1807","0:container1=11;1:container2=15;2:container3=1",1912,11,"0:container1=1912","0:container1=11",4460,26,"0:container1=2221;1:container2=2059;2:container3=180","0:container1=11;1:container2=15",3205,3,"1:container2=1578;2:container3=1627","1:container2=2;2:container3=1"
257964000000,/,9607,27,4,"0:container1=4143;1:container2=3647;2:container3=1817","0:container1=11;1:container2=15;2:container3=1",1917,11,"0:container1=1917","0:container1=11",4475,26,"0:container1=2226;1:container2=2064;2:container3=185","0:container1=11;1:container2=15",3215,3,"1:container2=1583;2:container3=1632","1:container2=2;2:container3=1"
258360000000,/,9637,27,4,"0:container1=4153;1:container2=3657;2:container3=1827","0:container1=11;1:container2=15;2:container3=1",1922,11,"0:container1=1922","0:container1=11",4490,26,"0:container1=2231;1:container2=2069;2:container3=190","0:container1=11;1:container2=15",3225,3,"1:container2=1588;2:container3=1637","1:container2=2;2:container3=1"
258764000000,/,9667,27,4,"0:container1=4163;1:container2=3667;2:container3=1837","0:container1=11;1:container2=15;2:container3=1",1927,11,"0:container1=1927","0:container1=11",4505,26,"0:container1=2236;1:container2=2074;2:container3=195","0:container1=11;1:container2=15",3235,3,"1:container2=1593;2:container3=1642","1:container2=2;2:container3=1"
259152000000,/,9697,27,4,"0:container1=4173;1:container2=3677;2:container3=1847","0:container1=11;1:container2=15;2:container3=1",1932,11,"0:container1=1932","0:container1=11",4520,26,"0:container1=2241;1:container2=2079;2:container3=200","0:container1=11;1:container2=15",3245,3,"1:container2=1598;2:container3=1647","1:container2=2;2:container3=1"
259552000000,/,9727,27,4,"0:container1=4183;1:container2=3687;2:container3=1857","0:container1=11;1:container2=15;2:container3=1",1937,11,"0:container1=1937","0:container1=11",4535,26,"0:container1=2246;1:container2=2084;2:container3=205","0:container1=11;1:container2=15",3255,3,"1:container2=1603;2:container3=1652","1:container2=2;2:container3=1"
259932000000,/,9757,27,5,"0:container1=4193;1:container2=3697;2:container3=1867","0:container1=11;1:container2=15;2:container3=1",1942,11,"0:container1=1942","0:container1=11",4550,26,"0:container1=2251;1:container2=2089;2:container3=210","0:container1=11;1:container2=15",3265,3,"1:container2=1608;2:container3=1657","1:container2=2;2:container3=1"
260208000000,/,9787,27,5,"0:container1=4203;1:container2=3707;2:container3=1877","0:container1=11;1:container2=15;2:container3=1",1947,11,"0:container1=1947","0:container1=11",4565,26,"0:container1=2256;1:container2=2094;2:container3=215","0:container1=11;1:container2=15",3275,3,"1:container2=1613;2:container3=1662","1:container2=2;2:container3=1"
260600000000,/,9817,27,5,"0:container1=4213;1:container2=3717;2:container3=1887","0:container1=11;1:container2=15;2:container3=1",1952,11,"0:container1=1952","0:container1=11",4580,26,"0:container1=2261;1:container2=2099;2:container3=220","0:container1=11;1:container2=15",3285,3,"1:container2=1618;2:container3=1667","1:container2=2;2:container3=1"
260884000000,/,9847,27,5,"0:container1=4223;1:container2=3727;2:container3=1897","0:container1=11;1:container2=15;2:container3=1",1957,11,"0:container1=1957","0:container1=11",4595,26,"0:container1=2266;1:container2=2104;2:container3=225","0:container1=11;1:container2=15",3295,3,"1:container2=1623;2:container3=1672","1:container2=2;2:container3=1"
261116000000,/,9877,27,5,"0:container1=4233;1:container2=3737;2:container3=1907","0:container1=11;1:container2=15;2:container3=1",1962,11,"0:container1=1962","0:container1=11",4610,26,"0:container1=2271;1:container2=2109;2:container3=230","0:container1=11;1:container2=15",3305,3,"1:container2=1628;2:container3=1677","1:container2=2;2:container3=1"
261356000000,/,9907,27,5,"0:container1=4243;1:container2=3747;2:container3=1917","0:container1=11;1:container2=15;2:container3=1",1967,11,"0:container1=1967","0:container1=11",4625,26,"0:container1=2276;1:container2=2114;2:container3=235","0:container1=11;1:container2=15",3315,3,"1:container2=1633;2:container3=1682","1:container2=2;2:container3=1"
261560000000,/,9937,27,5,"0:container1=4253;1:container2=3757;2:container3=1927","0:container1=11;1:container2=15;2:container3=1",1972,11,"0:container1=1972","0:container1=11",4640,26,"0:container1=2281;1:container2=2119;2:container3=240","0:container1=11;1:container2=15",3325,3,"1:container2=1638;2:container3=1687","1:container2=2;2:container3=1"
261792000000,/,9967,27,5,"0:container1=4263;1:container2=3767;2:container3=1937","0:container1=11;1:container2=15;2:container3=1",1977,11,"0:container1=1977","0:container1=11",4655,26,"0:container1=2286;1:container2=2124;2:container3=245","0:container1=11;1:container2=15",3335,3,"1:container2=1643;2:container3=1692","1:container2=2;2:container3=1"
262164000000,/,9997,27,5,"0:container1=4273;1:container2=3777;2:container3=1947","0:container1=11;1:container2=15;2:container3=1",1982,11,"0:container1=1982","0:container1=11",4670,26,"0:container1=2291;1:container2=2129;2:container3=250","0:container1=11;1:container2=15",3345,3,"1:container2=1648;2:container3=1697","1:container2=2;2:container3=1"
262400000000,/,10027,27,5,"0:container1=4283;1:container2=3787;2:container3=1957","0:container1=11;1:container2=15;2:container3=1",1987,11,"0:container1=1987","0:container1=11",4685,26,"0:container1=2296;1:container2=2134;2:container3=255","0:container1=11;1:container2=15",3355,3,"1:container2=1653;2:container3=1702","1:container2=2;2:container3=1"
262700000000,/,10057,27,5,"0:container1=4293;1:container2=3797;2:container3=1967","0:container1=11;1:container2=15;2:container3=1",1992,11,"0:container1=1992","0:container1=11",4700,26,"0:container1=2301;1:container2=2139;2:container3=260","0:container1=11;1:container2=15",3365,3,"1:container2=1658;2:container3=1707","1:container2=2;2:container3=1"
263016000000,/,10087,27,5,"0:container1=4303;1:container2=3807;2:container3=1977","0:container1=11;1:container2=15;2:container3=1",1997,11,"0:container1=1997","0:container1=11",4715,26,"0:container1=2306;1:container2=2144;2:container3=265","0:container1=11;1:container2=15",3375,3,"1:container2=1663;2:container3=1712","1:container2=2;2:container3=1"
263416000000,/,10117,27,5,"0:container1=4313;1:container2=3817;2:container3=1987","0:container1=11;1:container2=15;2:container3=1",2002,11,"0:container1=2002","0:container1=11",4730,26,"0:container1=2311;1:container2=2149;2:container3=270","0:container1=11;1:container2=15",3385,3,"1:container2=1668;2:container3=1717","1:container2=2;2:container3=1"
263836000000,/,10147,27,5,"0:container1=4323;1:container2=3827;2:container3=1997","0:container1=11;1:container2=15;2:container3=1",2007,11,"0:container1=2007","0:container1=11",4745,26,"0:container1=2316;1:container2=2154;2:container3=275","0:container1=11;1:container2=15",3395,3,"1:container2=1673;2:container3=1722","1:container2=2;2:container3=1"
264232000000,/,10177,27,5,"0:container1=4333;1:container2=3837;2:container3=2007","0:container1=11;1:container2=15;2:container3=1",2012,11,"0:container1=2012","0:container1=11",4760,26,"0:container1=2321;1:container2=2159;2:container3=280","0:container1=11;1:container2=15",3405,3,"1:container2=1678;2:container3=1727","1:container2=2;2:container3=1"
264608000000,/,10207,27,5,"0:container1=4343;1:container2=3847;2:container3=2017","0:container1=11;1:container2=15;2:container3=1",2017,11,"0:container1=2017","0:container1=11",4775,26,"0:container1=2326;1:container2=2164;2:container3=285","0:container1=11;1:container2=15",3415,3,"1:container2=1683;2:container3=1732","1:container2=2;2:container3=1"
264904000000,/,10237,27,5,"0:container1=4353;1:container2=3857;2:container3=2027","0:container1=11;1:container2=15;2:container3=1",2022,11,"0:container1=2022","0:container1=11",4790,26,"0:container1=2331;1:container2=2169;2:container3=290","0:container1=11;1:container2=15",3425,3,"1:container2=1688;2:container3=1737","1:container2=2;2:container3=1"
265156000000,/,10267,27,5,"0:container1=4363;1:container2=3867;2:container3=2037","0:container1=11;1:container2=15;2:container3=1",2027,11,"0:container1=2027","0:container1=11",4805,26,"0:container1=2336;1:container2=2174;2:container3=295","0:container1=11;1:container2=15",3435,3,"1:container2=1693;2:container3=1742","1:container2=2;2:container3=1"
265372000000,/,10297,27,5,"0:container1=4373;1:container2=3877;2:container3=2047","0:container1=11;1:container2=15;2:container3=1",2032,11,"0:container1=2032","0:container1=11",4820,26,"0:container1=2341;1:container2=2179;2:container3=300","0:container1=11;1:container2=15",3445,3,"1:container2=1698;2:container3=1747","1:container2=2;2:container3=1"
265588000000,/,10327,27,5,"0:container1=4383;1:container2=3887;2:container3=2057","0:container1=11;1:container2=15;2:container3=1",2037,11,"0:container1=2037","0:container1=11",4835,26,"0:container1=2346;1:container2=2184;2:container3=305","0:container1=11;1:container2=15",3455,3,"1:container2=1703;2:container3=1752","1:container2=2;2:container3=1"
265928000000,/,10357,27,5,"0:container1=4393;1:container2=3897;2:container3=2067","0:container1=11;1:container2=15;2:container3=1",2042,11,"0:container1=2042","0:container1=11",4850,26,"0:container1=2351;1:container2=2189;2:container3=310","0:container1=11;1:container2=15",3465,3,"1:container2=1708;2:container3=1757","1:container2=2;2:container3=1"
266212000000,/,10387,27,5,"0:container1=4403;1:container2=3907;2:container3=2077","0:container1=11;1:container2=15;2:container3=1",2047,11,"0:container1=2047","0:container1=11",4865,26,"0:container1=2356;1:container2=2194;2:container3=315","0:container1=11;1:container2=15",3475,3,"1:container2=1713;2:container3=1762","1:container2=2;2:container3=1"
266476000000,/,10417,27,5,"0:container1=4413;1:container2=3917;2:container3=2087","0:container1=11;1:container2=15;2:container3=1",2052,11,"0:container1=2052","0:container1=11",4880,26,"0:container1=2361;1:container2=2199;2:container3=320","0:container1=11;1:container2=15",3485,3,"1:container2=1718;2:container3=1767","1:container2=2;2:container3=1"
266808000000,/,10447,27,5,"0:container1=4423;1:container2=3927;2:container3=2097","0:container1=11;1:container2=15;2:container3=1",2057,11,"0:container1=2057","0:container1=11",4895,26,"0:container1=2366;1:container2=2204;2:container3=325","0:container1=11;1:container2=15",3495,3,"1:container2=1723;2:container3=1772","1:container2=2;2:container3=1"
267204000000,/,10477,27,5,"0:container1=4433;1:container2=3937;2:container3=2107","0:container1=11;1:container2=15;2:container3=1",2062,11,"0:container1=2062","0:container1=11",4910,26,"0:container1=2371;1:container2=2209;2:container3=330","0:container1=11;1:container2=15",3505,3,"1:container2=1728;2:container3=1777","1:container2=2;2:container3=1"
267628000000,/,10507,27,5,"0:container1=4443;1:container2=3947;2:container3=2117","0:container1=11;1:container2=15;2:container3=1",2067,11,"0:container1=2067","0:container1=11",4925,26,"0:container1=2376;1:container2=2214;2:container3=335","0:container1=11;1:container2=15",3515,3,"1:container2=1733;2:container3=1782","1:container2=2;2:container3=1"
267900000000,/,10537,27,5,"0:container1=4453;1:container2=3957;2:container3=2127","0:container1=11;1:container2=15;2:container3=1",2072,11,"0:container1=2072","0:container1=11",4940,26,"0:container1=2381;1:container2=2219;2:container3=340","0:container1=11;1:container2=15",3525,3,"1:container2=1738;2:container3=1787","1:container2=2;2:container3=1"
268256000000,/,10567,27,5,"0:container1=4463;1:container2=3967;2:container3=2137","0:container1=11;1:container2=15;2:container3=1",2077,11,"0:container1=2077","0:container1=11",4955,26,"0:container1=2386;1:container2=2224;2:container3=345","0:container1=11;1:container2=15",3535,3,"1:container2=1743;2:container3=1792","1:container2=2;2:container3=1"
268556000000,/,10597,27,5,"0:container1=4473;1:container2=3977;2:container3=2147","0:container1=11;1:container2=15;2:container3=1",2082,11,"0:container1=2082","0:container1=11",4970,26,"0:container1=2391;1:container2=2229;2:container3=350","0:container1=11;1:container2=15",3545,3,"1:container2=1748;2:container3=1797","1:container2=2;2:container3=1"
268900000000,/,10627,27,5,"0:container1=4483;1:container2=3987;2:container3=2157","0:container1=11;1:container2=15;2:container3=1",2087,11,"0:container1=2087","0:container1=11",4985,26,"0:container1=2396;1:container2=2234;2:container3=355","0:container1=11;1:container2=15",3555,3,"1:container2=1753;2:container3=1802","1:container2=2;2:container3=1"
269192000000,/,10657,27,5,"0:container1=4493;1:container2=3997;2:container3=2167","0:container1=11;1:container2=15;2:container3=1",2092,11,"0:container1=2092","0:container1=11",5000,26,"0:container1=2401;1:container2=2239;2:container3=360","0:container1=11;1:container2=15",3565,3,"1:container2=1758;2:container3=1807","1:container2=2;2:container3=1"
269528000000,/,10687,27,5,"0:container1=4503;1:container2=4007;2:container3=2177","0:container1=11;1:container2=15;2:container3=1",2097,11,"0:container1=2097","0:container1=11",5015,26,"0:container1=2406;1:container2=2244;2:container3=365","0:container1=11;1:container2=15",3575,3,"1:container2=1763;2:container3=1812","1:container2=2;2:container3=1"
269848000000,/,10717,27,5,"0:container1=4513;1:container2=4017;2:container3=2187","0:container1=11;1:container2=15;2:container3=1",2102,11,"0:container1=2102","0:container1=11",5030,26,"0:container1=2411;1:container2=2249;2:container3=370","0:container1=11;1:container2=15",3585,3,"1:container2=1768;2:container3=1817","1:container2=2;2:container3=1"
270064000000,/,10747,27,5,"0:container1=4523;1:container2=4027;2:container3=2197","0:container1=11;1:container2=15;2:container3=1",2107,11,"0:container1=2107","0:container1=11",5045,26,"0:container1=2416;1:container2=2254;2:container3=375","0:container1=11;1:container2=15",3595,3,"1:container2=1773;2:container3=1822","1:container2=2;2:container3=1"
270300000000,/,10777,27,5,"0:container1=4533;1:container2=4037;2:container3=2207","0:container1=11;1:container2=15;2:container3=1",2112,11,"0:container1=2112","0:container1=11",5060,26,"0:container1=2421;1:container2=2259;2:container3=380","0:container1=11;1:container2=15",3605,3,"1:container2=1778;2:container3=1827","1:container2=2;2:container3=1"
270508000000,/,10807,27,5,"0:container1=4543;1:container2=4047;2:container3=2217","0:container1=11;1:container2=15;2:container3=1",2117,11,"0:container1=2117","0:container1=11",5075,26,"0:container1=2426;1:container2=2264;2:container3=385","0:container1=11;1:container2=15",3615,3,"1:container2=1783;2:container3=1832","1:container2=2;2:container3=1"
270732000000,/,10837,27,5,"0:container1=4553;1:container2=4057;2:container3=2227","0:container1=11;1:container2=15;2:container3=1",2122,11,"0:container1=2122","0:container1=11",5090,26,"0:container1=2431;1:container2=2269;2:container3=390","0:container1=11;1:container2=15",3625,3,"1:container2=1788;2:container3=1837","1:container2=2;2:container3=1"
270920000000,/,10867,27,5,"0:container1=4563;1:container2=4067;2:container3=2237","0:container1=11;1:container2=15;2:container3=1",2127,11,"0:container1=2127","0:container1=11",5105,26,"0:container1=2436;1:container2=2274;2:container3=395","0:container1=11;1:container2=15",3635,3,"1:container2=1793;2:container3=1842","1:container2=2;2:container3=1"
271200000000,/,10897,27,5,"0:container1=4573;1:container2=4077;2:container3=2247","0:container1=11;1:container2=15;2:container3=1",2132,11,"0:container1=2132","0:container1=11",5120,26,"0:container1=2441;1:container2=2279;2:container3=400","0:container1=11;1:container2=15",3645,3,"1:container2=1798;2:container3=1847","1:container2=2;2:container3=1"
271592000000,/,10927,27,5,"0:container1=4583;1:container2=4087;2:container3=2257","0:container1=11;1:container2=15;2:container3=1",2137,11,"0:container1=2137","0:container1=11",5135,26,"0:container1=2446;1:container2=2284;2:container3=405","0:container1=11;1:container2=15",3655,3,"1:container2=1803;2:container3=1852","1:container2=2;2:container3=1"
271988000000,/,10957,27,5,"0:container1=4593;1:container2=4097;2:container3=2267","0:container1=11;1:container2=15;2:container3=1",2142,11,"0:container1=2142","0:container1=11",5150,26,"0:container1=2451;1:container2=2289;2:container3=410","0:container1=11;1:container2=15",3665,3,"1:container2=1808;2:container3=1857","1:container2=2;2:container3=1"
272368000000,/,10987,27,5,"0:container1=4603;1:container2=4107;2:container3=2277","0:container1=11;1:container2=15;2:container3=1",2147,11,"0:container1=2147","0:container1=11",5165,26,"0:container1=2456;1:container2=2294;2:container3=415","0:container1=11;1:container2=15",3675,3,"1:container2=1813;2:container3=1862","1:container2=2;2:container3=1"
272756000000,/,11017,27,5,"0:container1=4613;1:container2=4117;2:container3=2287","0:container1=11;1:container2=15;2:container3=1",2152,11,"0:container1=2152","0:container1=11",5180,26,"0:container1=2461;1:container2=2299;2:container3=420","0:container1=11;1:container2=15",3685,3,"1:container2=1818;2:container3=1867","1:container2=2;2:container3=1"
273160000000,/,11047,27,5,"0:container1=4623;1:container2=4127;2:container3=2297","0:container1=11;1:container2=15;2:container3=1",2157,11,"0:container1=2157","0:container1=11",5195,26,"0:container1=2466;1:container2=2304;2:container3=425","0:container1=11;1:container2=15",3695,3,"1:container2=1823;2:container3=1872","1:container2=2;2:container3=1"
273528000000,/,11077,27,5,"0:container1=4633;1:container2=4137;2:container3=2307","0:container1=11;1:container2=15;2:container3=1",2162,11,"0:container1=2162","0:container1=11",5210,26,"0:container1=2471;1:container2=2309;2:container3=430","0:container1=11;1:container2=15",3705,3,"1:container2=1828;2:container3=1877","1:container2=2;2:container3=1"
273932000000,/,11107,27,5,"0:container1=4643;1:container2=4147;2:container3=2317","0:container1=11;1:container2=15;2:container3=1",2167,11,"0:container1=2167","0:container1=11",5225,26,"0:container1=2476;1:container2=2314;2:container3=435","0:container1=11;1:container2=15",3715,3,"1:container2=1833;2:container3=1882","1:container2=2;2:container3=1"
274232000000,/,11137,27,5,"0:container1=4653;1:container2=4157;2:container3=2327","0:container1=11;1:container2=15;2:container3=1",2172,11,"0:container1=2172","0:container1=11",5240,26,"0:container1=2481;1:container2=2319;2:container3=440","0:container1=11;1:container2=15",3725,3,"1:container2=1838;2:container3=1887","1:container2=2;2:container3=1"
274544000000,/,11167,27,5,"0:container1=4663;1:container2=4167;2:container3=2337","0:container1=11;1:container2=15;2:container3=1",2177,11,"0:container1=2177","0:container1=11",5255,26,"0:container1=2486;1:container2=2324;2:container3=445","0:container1=11;1:container2=15",3735,3,"1:container2=1843;2:container3=1892","1:container2=2;2:container3=1"
274868000000,/,11197,27,5,"0:container1=4673;1:container2=4177;2:container3=2347","0:container1=11;1:container2=15;2:container3=1",2182,11,"0:container1=2182","0:container1=11",5270,26,"0:container1=2491;1:container2=2329;2:container3=450","0:container1=11;1:container2=15",3745,3,"1:container2=1848;2:container3=1897","1:container2=2;2:container3=1"
275100000000,/,11227,27,5,"0:container1=4683;1:container2=4187;2:container3=2357","0:container1=11;1:container2=15;2:container3=1",2187,11,"0:container1=2187","0:container1=11",5285,26,"0:container1=2496;1:container2=2334;2:container3=455","0:container1=11;1:container2=15",3755,3,"1:container2=1853;2:container3=1902","1:container2=2;2:container3=1"
275304000000,/,11257,27,5,"0:container1=4693;1:container2=4197;2:container3=2367","0:container1=11;1:container2=15;2:container3=1",2192,11,"0:container1=2192","0:container1=11",5300,26,"0:container1=2501;1:container2=2339;2:container3=460","0:container1=11;1:container2=15",3765,3,"1:container2=1858;2:container3=1907","1:container2=2;2:container3=1"
275600000000,/,11287,27,5,"0:container1=4703;1:container2=4207;2:container3=2377","0:container1=11;1:container2=15;2:container3=1",2197,11,"0:container1=2197","0:container1=11",5315,26,"0:container1=2506;1:container2=2344;2:container3=465","0:container1=11;1:container2=15",3775,3,"1:container2=1863;2:container3=1912","1:container2=2;2:container3=1"
