<?xml version="1.0" encoding="utf-8"?>
<COLLADA xmlns="http://www.collada.org/2005/11/COLLADASchema" version="1.4.1" xmlns:xsi="http://www.w3.org/2001/XMLSchema-instance">
  <asset>
    <contributor>
      <author>Blender User</author>
      <authoring_tool>Blender 2.81.16 commit date:2019-11-20, commit time:14:27, hash:26bd5ebd42e3</authoring_tool>
    </contributor>
    <created>2020-05-24T14:45:37</created>
    <modified>2020-05-24T14:45:37</modified>
    <unit name="meter" meter="1"/>
    <up_axis>Z_UP</up_axis>
  </asset>
  <library_effects>
    <effect id="metal-effect">
      <profile_COMMON>
        <technique sid="common">
          <lambert>
            <emission>
              <color sid="emission">0 0 0 1</color>
            </emission>
            <diffuse>
              <color sid="diffuse">0.8 0.8 0.8 1</color>
            </diffuse>
            <reflectivity>
              <float sid="specular">0.2</float>
            </reflectivity>
          </lambert>
        </technique>
      </profile_COMMON>
    </effect>
    <effect id="container_2-effect">
      <profile_COMMON>
        <technique sid="common">
          <lambert>
            <emission>
              <color sid="emission">0 0 0 1</color>
            </emission>
            <diffuse>
              <color sid="diffuse">0.001530534 0.1024737 0.004388379 1</color>
            </diffuse>
            <reflectivity>
              <float sid="specular">0.3</float>
            </reflectivity>
            <index_of_refraction>
              <float sid="ior">1.45</float>
            </index_of_refraction>
          </lambert>
        </technique>
      </profile_COMMON>
    </effect>
    <effect id="container-effect">
      <profile_COMMON>
        <technique sid="common">
          <lambert>
            <emission>
              <color sid="emission">0 0 0 1</color>
            </emission>
            <diffuse>
              <color sid="diffuse">0 0.06071955 0.002861781 1</color>
            </diffuse>
            <reflectivity>
              <float sid="specular">0.3</float>
            </reflectivity>
            <index_of_refraction>
              <float sid="ior">1.45</float>
            </index_of_refraction>
          </lambert>
        </technique>
      </profile_COMMON>
    </effect>
  </library_effects>
  <library_images/>
  <library_materials>
    <material id="metal-material" name="metal">
      <instance_effect url="#metal-effect"/>
    </material>
    <material id="container_2-material" name="container_2">
      <instance_effect url="#container_2-effect"/>
    </material>
    <material id="container-material" name="container">
      <instance_effect url="#container-effect"/>
    </material>
  </library_materials>
  <library_geometries>
    <geometry id="container-mesh" name="container">
      <mesh>
        <source id="container-mesh-positions">
          <float_array id="container-mesh-positions-array" count="3114">-5.273755 -2.1672 -1.000003 -5.280594 -2.1672 -1.027156 -5.307747 -2.1672 -1.038403 -5.3349 -2.1672 -1.027156 -5.346147 -2.1672 -1.000003 -5.3349 -2.1672 -0.9728506 -5.307747 -2.1672 -0.9616035 -5.280594 -2.1672 -0.9728506 -5.307747 2.167201 -0.9616031 -5.307747 -2.1672 -1.000003 -5.3349 2.167201 -0.9728502 -5.346147 2.167201 -1.000003 -5.3349 2.167201 -1.027156 -5.307747 2.167201 -1.038403 -5.280594 2.167201 -1.027156 -5.273755 2.167201 -1.000003 -5.280594 2.167201 -0.9728502 -5.307747 2.167201 -1.000003 -5.273755 -2.1672 0.9999966 -5.280594 -2.1672 0.9728437 -5.307747 -2.1672 0.9615966 -5.3349 -2.1672 0.9728437 -5.346147 -2.1672 0.9999966 -5.3349 -2.1672 1.02715 -5.307747 -2.1672 1.038396 -5.280594 -2.1672 1.02715 -5.307747 2.167201 1.038397 -5.307747 -2.1672 0.9999966 -5.3349 2.167201 1.02715 -5.346147 2.167201 0.9999969 -5.3349 2.167201 0.972844 -5.307747 2.167201 0.961597 -5.280594 2.167201 0.972844 -5.273754 2.167201 0.9999969 -5.280594 2.167201 1.02715 -5.307747 2.167201 0.9999969 -5.273755 -2.1672 -2.000004 -5.280594 -2.1672 -2.027157 -5.307747 -2.1672 -2.038404 -5.3349 -2.1672 -2.027157 -5.346147 -2.1672 -2.000004 -5.3349 -2.1672 -1.972851 -5.307747 -2.1672 -1.961603 -5.280594 -2.1672 -1.972851 -5.307747 2.167201 -1.961603 -5.307747 -2.1672 -2.000004 -5.3349 2.167201 -1.97285 -5.346147 2.167201 -2.000003 -5.3349 2.167201 -2.027156 -5.307747 2.167201 -2.038403 -5.280594 2.167201 -2.027156 -5.273755 2.167201 -2.000003 -5.280594 2.167201 -1.97285 -5.307747 2.167201 -2.000003 -5.273755 -2.1672 1.999997 -5.280594 -2.1672 1.972844 -5.307747 -2.1672 1.961597 -5.334899 -2.1672 1.972844 -5.346147 -2.1672 1.999997 -5.334899 -2.1672 2.027149 -5.307747 -2.1672 2.038397 -5.280594 -2.1672 2.027149 -5.307747 2.1672 2.038397 -5.307747 -2.1672 1.999997 -5.334899 2.1672 2.02715 -5.346147 2.1672 1.999997 -5.334899 2.1672 1.972844 -5.307747 2.1672 1.961597 -5.280594 2.1672 1.972844 -5.273754 2.1672 1.999997 -5.280594 2.1672 2.02715 -5.307747 2.1672 1.999997 -4.041755 -2.1672 -2.978538 -4.041755 2.1672 -2.978538 -3.425755 -2.1672 -2.978538 -3.145755 -2.1672 -2.978538 -3.425755 2.1672 -2.978538 -3.425755 -2.1672 -3.062538 -3.761754 -2.1672 -2.978538 -2.809755 -2.1672 -2.978538 -2.529755 -2.1672 -2.978538 -2.809755 2.1672 -2.978538 -3.145755 2.1672 -3.062537 -3.145755 2.1672 -2.978538 -2.193755 -2.1672 -2.978538 -1.913755 -2.1672 -2.978538 -2.193755 2.1672 -2.978538 -2.193755 -2.1672 -3.062538 -2.193755 2.1672 -3.062537 -2.529755 -2.1672 -3.062538 -2.529755 2.1672 -2.978538 -1.577755 -2.1672 -2.978538 -1.297755 -2.1672 -2.978538 -1.577755 2.1672 -2.978538 -1.297755 2.1672 -2.978537 -1.577755 2.1672 -3.062537 -1.913755 2.1672 -3.062537 -1.913755 2.1672 -2.978538 -0.9617545 -2.1672 -2.978538 -0.9617545 2.1672 -2.978538 -0.9617545 2.1672 -3.062537 -0.3457544 -2.1672 -2.978538 -0.06575429 -2.1672 -2.978538 -0.3457544 2.1672 -2.978538 -0.06575429 2.1672 -2.978537 -0.3457544 2.1672 -3.062537 -0.6817544 -2.1672 -3.062538 -0.6817544 -2.1672 -2.978538 -0.6817544 2.1672 -2.978538 0.2702459 -2.1672 -2.978538 0.5502459 -2.1672 -2.978538 0.2702459 2.1672 -2.978538 0.2702459 -2.1672 -3.062538 -0.06575429 -2.1672 -3.062538 -0.06575429 2.1672 -3.062537 0.8862462 -2.1672 -2.978538 0.8862462 2.1672 -2.978538 1.166246 2.1672 -2.978537 0.8862462 -2.1672 -3.062538 0.5502459 2.1672 -3.062537 0.5502459 2.1672 -2.978538 1.502246 -2.1672 -2.978538 1.502246 2.1672 -2.978538 1.502246 -2.1672 -3.062538 1.502246 2.1672 -3.062537 1.166246 2.1672 -3.062537 1.166246 -2.1672 -2.978538 2.118247 -2.1672 -2.978538 2.118247 2.1672 -2.978538 2.398247 2.1672 -2.978537 1.782246 -2.1672 -3.062538 1.782246 2.1672 -3.062537 1.782246 -2.1672 -2.978538 1.782246 2.1672 -2.978538 2.734247 -2.1672 -2.978538 2.734247 2.1672 -2.978538 2.734247 2.1672 -3.062537 2.398247 -2.1672 -3.062538 2.398247 -2.1672 -2.978538 3.350246 -2.1672 -2.978538 3.350246 2.1672 -2.978538 3.350246 -2.1672 -3.062538 3.350246 2.1672 -3.062537 3.014246 -2.1672 -3.062538 3.014246 2.1672 -3.062537 3.014246 -2.1672 -2.978538 3.014246 2.1672 -2.978538 3.966247 -2.1672 -2.978538 4.246247 -2.1672 -2.978538 3.966247 2.1672 -2.978538 4.246247 2.1672 -2.978537 3.966247 2.1672 -3.062537 3.630246 -2.1672 -2.978538 3.630246 2.1672 -2.978538 4.582247 -2.1672 -2.978538 4.862247 -2.1672 -2.978538 4.582247 2.1672 -2.978538 4.862247 2.1672 -2.978537 4.582247 2.1672 -3.062537 4.246247 -2.1672 -3.062538 4.246247 2.1672 -3.062537 5.198247 -2.1672 -2.978538 5.478247 -2.1672 -2.978538 5.198247 2.1672 -2.978538 5.478247 2.1672 -2.978537 5.198247 -2.1672 -3.062538 5.478247 -2.1672 -3.062538 -3.145755 -2.1672 -3.062538 -2.809755 -2.1672 -3.062538 -1.913755 -2.1672 -3.062538 -1.577755 -2.1672 -3.062538 -1.297755 -2.1672 -3.062538 -0.9617545 -2.1672 -3.062538 -0.3457544 -2.1672 -3.062538 0.5502459 -2.1672 -3.062538 1.166246 -2.1672 -3.062538 2.118247 -2.1672 -3.062538 2.734247 -2.1672 -3.062538 3.966247 -2.1672 -3.062538 3.630246 -2.1672 -3.062538 4.582247 -2.1672 -3.062538 4.862247 -2.1672 -3.062538 -3.425755 2.1672 -3.062537 -3.761754 2.1672 -3.062537 -2.809755 2.1672 -3.062537 -2.529755 2.1672 -3.062537 -1.297755 2.1672 -3.062537 -0.6817544 2.1672 -3.062537 0.2702459 2.1672 -3.062537 0.8862462 2.1672 -3.062537 2.118247 2.1672 -3.062537 2.398247 2.1672 -3.062537 3.630246 2.1672 -3.062537 4.862247 2.1672 -3.062537 5.198247 2.1672 -3.062537 5.478247 2.1672 -3.062537 -3.425755 -2.1672 -3.101738 -2.193755 -2.1672 -3.101738 -2.529755 -2.1672 -3.101738 -0.6817544 -2.1672 -3.101738 0.2702459 -2.1672 -3.101738 -0.06575429 -2.1672 -3.101738 0.8862462 -2.1672 -3.101738 1.502246 -2.1672 -3.101738 1.782246 -2.1672 -3.101738 2.398247 -2.1672 -3.101738 3.350246 -2.1672 -3.101738 3.014246 -2.1672 -3.101738 4.246247 -2.1672 -3.101738 5.198247 -2.1672 -3.101738 5.478247 -2.1672 -3.101738 -3.145755 -2.1672 -3.101738 -2.809755 -2.1672 -3.101738 -1.913755 -2.1672 -3.101738 -1.577755 -2.1672 -3.101738 -1.297755 -2.1672 -3.101738 -0.9617545 -2.1672 -3.101738 -0.3457544 -2.1672 -3.101738 0.5502459 -2.1672 -3.101738 1.166246 -2.1672 -3.101738 2.118247 -2.1672 -3.101738 2.734247 -2.1672 -3.101738 3.966247 -2.1672 -3.101738 3.630246 -2.1672 -3.101738 4.582247 -2.1672 -3.101738 4.862247 -2.1672 -3.101738 -3.145755 2.1672 -3.101737 -2.193755 2.1672 -3.101737 -1.577755 2.1672 -3.101737 -1.913755 2.1672 -3.101737 -0.9617545 2.1672 -3.101737 -0.3457544 2.1672 -3.101737 -0.06575429 2.1672 -3.101737 0.5502459 2.1672 -3.101737 1.502246 2.1672 -3.101737 1.166246 2.1672 -3.101737 1.782246 2.1672 -3.101737 2.734247 2.1672 -3.101737 3.350246 2.1672 -3.101737 3.014246 2.1672 -3.101737 3.966247 2.1672 -3.101737 4.582247 2.1672 -3.101737 4.246247 2.1672 -3.101737 -3.425755 2.1672 -3.101737 -2.809755 2.1672 -3.101737 -2.529755 2.1672 -3.101737 -1.297755 2.1672 -3.101737 -0.6817544 2.1672 -3.101737 0.2702459 2.1672 -3.101737 0.8862462 2.1672 -3.101737 2.118247 2.1672 -3.101737 2.398247 2.1672 -3.101737 3.630246 2.1672 -3.101737 4.862247 2.1672 -3.101737 5.198247 2.1672 -3.101737 5.478247 2.1672 -3.101737 -3.145755 2.418401 -3.101737 -2.193755 2.418401 -3.101737 -1.577755 2.418401 -3.101737 -1.913755 2.418401 -3.101737 -0.9617545 2.418401 -3.101737 -0.3457544 2.418401 -3.101737 -0.06575429 2.418401 -3.101737 0.5502459 2.418401 -3.101737 1.502246 2.418401 -3.101737 1.166246 2.418401 -3.101737 1.782246 2.418401 -3.101737 2.734247 2.418401 -3.101737 3.350246 2.418401 -3.101737 3.014246 2.418401 -3.101737 3.966247 2.418401 -3.101737 4.582247 2.418401 -3.101737 4.246247 2.418401 -3.101737 -4.041755 2.418401 -3.101737 -3.425755 2.418401 -3.101737 -3.761754 2.418401 -3.101737 -2.809755 2.418401 -3.101737 -2.529755 2.418401 -3.101737 -1.297755 2.418401 -3.101737 -0.6817544 2.418401 -3.101737 0.2702459 2.418401 -3.101737 0.8862462 2.418401 -3.101737 2.118247 2.418401 -3.101737 2.398247 2.418401 -3.101737 3.630246 2.418401 -3.101737 4.862247 2.418401 -3.101737 5.198247 2.418401 -3.101737 5.478247 2.418401 -3.101737 -3.425755 -2.4184 -3.101738 -2.193755 -2.4184 -3.101738 -2.529755 -2.4184 -3.101738 -0.6817544 -2.4184 -3.101738 0.2702459 -2.4184 -3.101738 -0.06575429 -2.4184 -3.101738 0.8862462 -2.4184 -3.101738 1.502246 -2.4184 -3.101738 1.782246 -2.4184 -3.101738 2.398247 -2.4184 -3.101738 3.350246 -2.4184 -3.101738 3.014246 -2.4184 -3.101738 4.246247 -2.4184 -3.101738 5.198247 -2.4184 -3.101738 5.478247 -2.4184 -3.101738 -4.041755 -2.4184 -3.101738 -3.145755 -2.4184 -3.101738 -2.809755 -2.4184 -3.101738 -1.913755 -2.4184 -3.101738 -1.577755 -2.4184 -3.101738 -1.297755 -2.4184 -3.101738 -0.9617545 -2.4184 -3.101738 -0.3457544 -2.4184 -3.101738 0.5502459 -2.4184 -3.101738 1.166246 -2.4184 -3.101738 2.118247 -2.4184 -3.101738 2.734247 -2.4184 -3.101738 3.966247 -2.4184 -3.101738 3.630246 -2.4184 -3.101738 4.582247 -2.4184 -3.101738 4.862247 -2.4184 -3.101738 -3.425755 -2.4184 -2.733851 -2.193755 -2.4184 -2.733851 -2.529755 -2.4184 -2.733851 -0.6817545 -2.4184 -2.733851 0.2702459 -2.4184 -2.733851 -0.06575429 -2.4184 -2.733851 0.8862462 -2.4184 -2.733851 1.502246 -2.4184 -2.733851 1.782247 -2.4184 -2.733851 2.398247 -2.4184 -2.733851 3.350247 -2.4184 -2.733851 3.014246 -2.4184 -2.733851 4.246247 -2.4184 -2.733851 5.198248 -2.4184 -2.733851 5.478248 -2.4184 -2.733851 -4.041755 -2.4184 -2.733851 -3.145755 -2.4184 -2.733851 -3.761755 -2.4184 -2.733851 -2.809755 -2.4184 -2.733851 -1.913755 -2.4184 -2.733851 -1.577755 -2.4184 -2.733851 -1.297755 -2.4184 -2.733851 -0.9617546 -2.4184 -2.733851 -0.3457545 -2.4184 -2.733851 0.550246 -2.4184 -2.733851 1.166246 -2.4184 -2.733851 2.118247 -2.4184 -2.733851 2.734247 -2.4184 -2.733851 3.966247 -2.4184 -2.733851 3.630247 -2.4184 -2.733851 4.582247 -2.4184 -2.733851 4.862247 -2.4184 -2.733851 -3.145755 2.418401 -2.733851 -2.193755 2.418401 -2.733851 -1.577755 2.418401 -2.733851 -1.913755 2.418401 -2.733851 -0.9617546 2.418401 -2.733851 -0.3457545 2.418401 -2.733851 -0.06575429 2.418401 -2.733851 0.550246 2.418401 -2.733851 1.502246 2.418401 -2.733851 1.166246 2.418401 -2.733851 1.782247 2.418401 -2.733851 2.734247 2.418401 -2.733851 3.350247 2.418401 -2.733851 3.014246 2.418401 -2.733851 3.966247 2.418401 -2.733851 4.582247 2.418401 -2.733851 4.246247 2.418401 -2.733851 -4.041755 2.418401 -2.733851 -3.425755 2.418401 -2.733851 -3.761755 2.418401 -2.733851 -2.809755 2.418401 -2.733851 -2.529755 2.418401 -2.733851 -1.297755 2.418401 -2.733851 -0.6817545 2.418401 -2.733851 0.2702459 2.418401 -2.733851 0.8862462 2.418401 -2.733851 2.118247 2.418401 -2.733851 2.398247 2.418401 -2.733851 3.630247 2.418401 -2.733851 4.862247 2.418401 -2.733851 5.198248 2.418401 -2.733851 -3.145755 2.1672 -2.733851 -2.193755 2.1672 -2.733851 -1.577755 2.1672 -2.733851 -1.913755 2.1672 -2.733851 -0.9617546 2.1672 -2.733851 -0.3457545 2.1672 -2.733851 -0.06575429 2.1672 -2.733851 0.550246 2.1672 -2.733851 1.502246 2.1672 -2.733851 1.166246 2.1672 -2.733851 1.782247 2.1672 -2.733851 2.734247 2.1672 -2.733851 3.350247 2.1672 -2.733851 3.014246 2.1672 -2.733851 3.966247 2.1672 -2.733851 4.582247 2.1672 -2.733851 4.246247 2.1672 -2.733851 -4.041755 2.1672 -2.733851 -3.425755 2.1672 -2.733851 -3.761755 2.1672 -2.733851 -2.809755 2.1672 -2.733851 -2.529755 2.1672 -2.733851 -1.297755 2.1672 -2.733851 -0.6817545 2.1672 -2.733851 0.2702459 2.1672 -2.733851 0.8862462 2.1672 -2.733851 2.118247 2.1672 -2.733851 2.398247 2.1672 -2.733851 3.630247 2.1672 -2.733851 4.862247 2.1672 -2.733851 5.198248 2.1672 -2.733851 -3.425755 -2.1672 -2.733851 -2.193755 -2.1672 -2.733851 -2.529755 -2.1672 -2.733851 -0.6817545 -2.1672 -2.733851 0.2702459 -2.1672 -2.733851 -0.06575429 -2.1672 -2.733851 0.8862462 -2.1672 -2.733851 1.502246 -2.1672 -2.733851 1.782247 -2.1672 -2.733851 2.398247 -2.1672 -2.733851 3.350247 -2.1672 -2.733851 3.014246 -2.1672 -2.733851 4.246247 -2.1672 -2.733851 5.198248 -2.1672 -2.733851 5.478248 -2.1672 -2.733851 -3.145755 -2.1672 -2.733851 -3.761755 -2.1672 -2.733851 -2.809755 -2.1672 -2.733851 -1.913755 -2.1672 -2.733851 -1.577755 -2.1672 -2.733851 -1.297755 -2.1672 -2.733851 -0.9617546 -2.1672 -2.733851 -0.3457545 -2.1672 -2.733851 0.550246 -2.1672 -2.733851 1.166246 -2.1672 -2.733851 2.118247 -2.1672 -2.733851 2.734247 -2.1672 -2.733851 3.966247 -2.1672 -2.733851 3.630247 -2.1672 -2.733851 4.582247 -2.1672 -2.733851 4.862247 -2.1672 -2.733851 -5.273754 -2.1672 -2.978538 -5.273754 2.1672 -2.978537 -4.657754 -2.1672 -2.978538 -4.377755 -2.1672 -2.978538 -4.657754 2.1672 -2.978537 -4.657754 -2.1672 -3.062538 -4.993754 -2.1672 -2.978538 -4.993754 2.1672 -2.978537 -4.377755 2.1672 -3.062537 -4.377755 2.1672 -2.978537 -3.761754 -2.1672 -3.062538 -3.761754 2.1672 -2.978537 -5.273754 -2.1672 -3.062538 -4.377755 -2.1672 -3.062538 -4.993754 -2.1672 -3.062538 -4.041755 -2.1672 -3.062538 -5.273754 2.1672 -3.062537 -4.657754 2.1672 -3.062537 -4.993754 2.1672 -3.062537 -4.041755 2.1672 -3.062537 -4.657754 -2.1672 -3.101738 -3.761754 -2.1672 -3.101738 -5.273754 -2.1672 -3.101738 -4.377755 -2.1672 -3.101738 -4.993754 -2.1672 -3.101738 -4.041755 -2.1672 -3.101738 -4.377755 2.1672 -3.101737 -5.273754 2.1672 -3.101737 -4.657754 2.1672 -3.101737 -4.993754 2.1672 -3.101737 -4.041755 2.1672 -3.101737 -3.761754 2.1672 -3.101737 -4.377755 2.418401 -3.101737 -5.273754 2.418401 -3.101737 -4.657754 2.418401 -3.101737 -4.993754 2.418401 -3.101737 -4.657754 -2.4184 -3.101738 -3.761754 -2.4184 -3.101738 -5.273754 -2.4184 -3.101738 -4.377755 -2.4184 -3.101738 -4.993754 -2.4184 -3.101738 -4.657755 -2.4184 -2.733851 -4.377756 -2.4184 -2.733851 -4.993755 -2.4184 -2.733851 -4.377756 2.418401 -2.733851 -5.273755 2.418401 -2.733851 -4.657755 2.418401 -2.733851 -4.993755 2.418401 -2.733851 -4.377756 2.1672 -2.733851 -5.273755 2.1672 -2.733851 -4.657755 2.1672 -2.733851 -4.993755 2.1672 -2.733851 -4.657755 -2.1672 -2.733851 -4.377756 -2.1672 -2.733851 -4.993755 -2.1672 -2.733851 -4.041755 -2.1672 -2.733851 -4.041755 -2.1672 2.978537 -4.041755 2.1672 2.978537 -3.425755 -2.1672 2.978537 -3.145755 -2.1672 2.978537 -3.425755 2.1672 2.978537 -3.425755 -2.1672 3.062537 -3.761755 -2.1672 2.978537 -2.809755 -2.1672 2.978537 -2.529755 -2.1672 2.978537 -2.809755 2.1672 2.978537 -3.145755 2.1672 3.062538 -3.145755 2.1672 2.978537 -2.193755 -2.1672 2.978537 -1.913754 -2.1672 2.978537 -2.193755 2.1672 2.978537 -2.193755 -2.1672 3.062537 -2.193755 2.1672 3.062537 -2.529755 -2.1672 3.062537 -2.529755 2.1672 2.978537 -1.577754 -2.1672 2.978537 -1.297754 -2.1672 2.978537 -1.577754 2.1672 2.978537 -1.297754 2.1672 2.978537 -1.577754 2.1672 3.062537 -1.913754 2.1672 3.062537 -1.913754 2.1672 2.978537 -0.9617541 -2.1672 2.978537 -0.9617541 2.1672 2.978537 -0.9617541 2.1672 3.062537 -0.345754 -2.1672 2.978537 -0.06575387 -2.1672 2.978536 -0.345754 2.1672 2.978537 -0.06575387 2.1672 2.978537 -0.345754 2.1672 3.062537 -0.6817541 -2.1672 3.062537 -0.6817541 -2.1672 2.978537 -0.6817541 2.1672 2.978537 0.2702463 -2.1672 2.978536 0.5502465 -2.1672 2.978536 0.2702463 2.1672 2.978537 0.2702463 -2.1672 3.062536 -0.06575381 -2.1672 3.062536 -0.06575381 2.1672 3.062537 0.8862467 -2.1672 2.978536 0.8862467 2.1672 2.978536 1.166247 2.1672 2.978536 0.8862467 -2.1672 3.062536 0.5502465 2.1672 3.062537 0.5502465 2.1672 2.978536 1.502247 -2.1672 2.978536 1.502247 2.1672 2.978536 1.502247 -2.1672 3.062536 1.502247 2.1672 3.062537 1.166247 2.1672 3.062537 1.166247 -2.1672 2.978536 2.118247 -2.1672 2.978536 2.118247 2.1672 2.978536 2.398247 2.1672 2.978536 1.782247 -2.1672 3.062536 1.782247 2.1672 3.062537 1.782247 -2.1672 2.978536 1.782247 2.1672 2.978536 2.734247 -2.1672 2.978536 2.734247 2.1672 2.978536 2.734247 2.1672 3.062537 2.398247 -2.1672 3.062536 2.398247 -2.1672 2.978536 3.350247 -2.1672 2.978536 3.350247 2.1672 2.978536 3.350247 -2.1672 3.062536 3.350247 2.1672 3.062537 3.014247 -2.1672 3.062536 3.014247 2.1672 3.062537 3.014247 -2.1672 2.978536 3.014247 2.1672 2.978536 3.966248 -2.1672 2.978536 4.246247 -2.1672 2.978536 3.966248 2.1672 2.978536 4.246247 2.1672 2.978536 3.966248 2.1672 3.062537 3.630247 -2.1672 2.978536 3.630247 2.1672 2.978536 4.582248 -2.1672 2.978536 4.862248 -2.1672 2.978536 4.582248 2.1672 2.978536 4.862248 2.1672 2.978536 4.582248 2.1672 3.062536 4.246247 -2.1672 3.062536 4.246247 2.1672 3.062536 5.198248 -2.1672 2.978536 5.478249 -2.1672 2.978536 5.198248 2.1672 2.978536 5.478249 2.1672 2.978536 5.198248 -2.1672 3.062536 5.478249 -2.1672 3.062536 -3.145755 -2.1672 3.062537 -2.809755 -2.1672 3.062537 -1.913754 -2.1672 3.062537 -1.577754 -2.1672 3.062537 -1.297754 -2.1672 3.062537 -0.9617541 -2.1672 3.062537 -0.345754 -2.1672 3.062537 0.5502465 -2.1672 3.062536 1.166247 -2.1672 3.062536 2.118247 -2.1672 3.062536 2.734247 -2.1672 3.062536 3.966248 -2.1672 3.062536 3.630247 -2.1672 3.062536 4.582248 -2.1672 3.062536 4.862248 -2.1672 3.062536 -3.425755 2.1672 3.062538 -3.761755 2.1672 3.062538 -2.809755 2.1672 3.062537 -2.529755 2.1672 3.062537 -1.297754 2.1672 3.062537 -0.6817541 2.1672 3.062537 0.2702463 2.1672 3.062537 0.8862467 2.1672 3.062537 2.118247 2.1672 3.062537 2.398247 2.1672 3.062537 3.630247 2.1672 3.062537 4.862248 2.1672 3.062536 5.198248 2.1672 3.062536 5.478249 2.1672 3.062536 -3.425755 -2.1672 3.101737 -2.193755 -2.1672 3.101737 -2.529755 -2.1672 3.101737 -0.6817541 -2.1672 3.101737 0.2702463 -2.1672 3.101737 -0.06575381 -2.1672 3.101737 0.8862467 -2.1672 3.101737 1.502247 -2.1672 3.101737 1.782247 -2.1672 3.101737 2.398247 -2.1672 3.101737 3.350247 -2.1672 3.101736 3.014247 -2.1672 3.101737 4.246247 -2.1672 3.101736 5.198248 -2.1672 3.101736 5.478249 -2.1672 3.101735 -3.145755 -2.1672 3.101737 -2.809755 -2.1672 3.101737 -1.913754 -2.1672 3.101737 -1.577754 -2.1672 3.101737 -1.297754 -2.1672 3.101737 -0.9617541 -2.1672 3.101737 -0.345754 -2.1672 3.101737 0.5502465 -2.1672 3.101736 1.166247 -2.1672 3.101737 2.118247 -2.1672 3.101737 2.734247 -2.1672 3.101737 3.966248 -2.1672 3.101736 3.630247 -2.1672 3.101736 4.582248 -2.1672 3.101736 4.862248 -2.1672 3.101735 -3.145755 2.1672 3.101737 -2.193755 2.1672 3.101737 -1.577754 2.1672 3.101737 -1.913754 2.1672 3.101737 -0.9617541 2.1672 3.101737 -0.345754 2.1672 3.101737 -0.06575381 2.1672 3.101737 0.5502465 2.1672 3.101737 1.502247 2.1672 3.101737 1.166247 2.1672 3.101737 1.782247 2.1672 3.101737 2.734247 2.1672 3.101737 3.350247 2.1672 3.101737 3.014247 2.1672 3.101737 3.966248 2.1672 3.101737 4.582248 2.1672 3.101736 4.246247 2.1672 3.101736 -3.425755 2.1672 3.101737 -2.809755 2.1672 3.101737 -2.529755 2.1672 3.101737 -1.297754 2.1672 3.101737 -0.6817541 2.1672 3.101737 0.2702463 2.1672 3.101737 0.8862467 2.1672 3.101737 2.118247 2.1672 3.101737 2.398247 2.1672 3.101737 3.630247 2.1672 3.101737 4.862248 2.1672 3.101736 5.198248 2.1672 3.101736 5.478249 2.1672 3.101736 -3.145755 2.418401 3.101737 -2.193755 2.418401 3.101737 -1.577754 2.418401 3.101737 -1.913754 2.418401 3.101737 -0.9617541 2.418401 3.101737 -0.345754 2.418401 3.101737 -0.06575381 2.418401 3.101737 0.5502465 2.418401 3.101737 1.502247 2.418401 3.101737 1.166247 2.418401 3.101737 1.782247 2.418401 3.101737 2.734247 2.418401 3.101737 3.350247 2.418401 3.101737 3.014247 2.418401 3.101737 3.966248 2.418401 3.101737 4.582248 2.418401 3.101736 4.246247 2.418401 3.101736 -4.041755 2.418401 3.101737 -3.425755 2.418401 3.101737 -3.761755 2.418401 3.101737 -2.809755 2.418401 3.101737 -2.529755 2.418401 3.101737 -1.297754 2.418401 3.101737 -0.6817541 2.418401 3.101737 0.2702463 2.418401 3.101737 0.8862467 2.418401 3.101737 2.118247 2.418401 3.101737 2.398247 2.418401 3.101737 3.630247 2.418401 3.101737 4.862248 2.418401 3.101736 5.198248 2.418401 3.101736 5.478249 2.418401 3.101736 -3.425755 -2.4184 3.101737 -2.193755 -2.4184 3.101737 -2.529755 -2.4184 3.101737 -0.6817541 -2.4184 3.101737 0.2702463 -2.4184 3.101737 -0.06575381 -2.4184 3.101737 0.8862467 -2.4184 3.101737 1.502247 -2.4184 3.101737 1.782247 -2.4184 3.101737 2.398247 -2.4184 3.101737 3.350247 -2.4184 3.101736 3.014247 -2.4184 3.101737 4.246247 -2.4184 3.101736 5.198248 -2.4184 3.101736 5.478249 -2.4184 3.101735 -4.041755 -2.4184 3.101737 -3.145755 -2.4184 3.101737 -2.809755 -2.4184 3.101737 -1.913754 -2.4184 3.101737 -1.577754 -2.4184 3.101737 -1.297754 -2.4184 3.101737 -0.9617541 -2.4184 3.101737 -0.345754 -2.4184 3.101737 0.5502465 -2.4184 3.101736 1.166247 -2.4184 3.101737 2.118247 -2.4184 3.101737 2.734247 -2.4184 3.101737 3.966248 -2.4184 3.101736 3.630247 -2.4184 3.101736 4.582248 -2.4184 3.101736 4.862248 -2.4184 3.101735 -3.425755 -2.4184 2.73385 -2.193755 -2.4184 2.73385 -2.529755 -2.4184 2.73385 -0.6817541 -2.4184 2.73385 0.2702463 -2.4184 2.733849 -0.06575387 -2.4184 2.733849 0.8862468 -2.4184 2.733849 1.502247 -2.4184 2.733849 1.782247 -2.4184 2.733849 2.398247 -2.4184 2.733849 3.350247 -2.4184 2.733849 3.014247 -2.4184 2.733849 4.246248 -2.4184 2.733849 5.198249 -2.4184 2.733849 -4.041755 -2.4184 2.73385 -3.145755 -2.4184 2.73385 -3.761755 -2.4184 2.73385 -2.809755 -2.4184 2.73385 -1.913755 -2.4184 2.73385 -1.577755 -2.4184 2.73385 -1.297755 -2.4184 2.73385 -0.9617542 -2.4184 2.73385 -0.3457541 -2.4184 2.733849 0.5502465 -2.4184 2.733849 1.166247 -2.4184 2.733849 2.118247 -2.4184 2.733849 2.734247 -2.4184 2.733849 3.966248 -2.4184 2.733849 3.630248 -2.4184 2.733849 4.582248 -2.4184 2.733849 4.862249 -2.4184 2.733849 -3.145755 2.418401 2.733851 -2.193755 2.418401 2.73385 -1.577755 2.418401 2.73385 -1.913755 2.418401 2.73385 -0.9617542 2.418401 2.73385 -0.3457541 2.418401 2.73385 -0.06575387 2.418401 2.73385 0.5502465 2.418401 2.73385 1.502247 2.418401 2.73385 1.166247 2.418401 2.73385 1.782247 2.418401 2.73385 2.734247 2.418401 2.73385 3.350247 2.418401 2.73385 3.014247 2.418401 2.73385 3.966248 2.418401 2.73385 4.582248 2.418401 2.733849 4.246248 2.418401 2.733849 -4.041755 2.418401 2.733851 -3.425755 2.418401 2.733851 -3.761755 2.418401 2.733851 -2.809755 2.418401 2.73385 -2.529755 2.418401 2.73385 -1.297755 2.418401 2.73385 -0.6817541 2.418401 2.73385 0.2702463 2.418401 2.73385 0.8862468 2.418401 2.73385 2.118247 2.418401 2.73385 2.398247 2.418401 2.733849 3.630248 2.418401 2.73385 4.862249 2.418401 2.733849 5.198249 2.418401 2.733849 5.478249 2.418401 2.733849 -3.145755 2.1672 2.73385 -2.193755 2.1672 2.73385 -1.577755 2.1672 2.73385 -1.913755 2.1672 2.73385 -0.9617542 2.1672 2.73385 -0.3457541 2.1672 2.73385 -0.06575387 2.1672 2.73385 0.5502465 2.1672 2.73385 1.502247 2.1672 2.73385 1.166247 2.1672 2.73385 1.782247 2.1672 2.73385 2.734247 2.1672 2.73385 3.350247 2.1672 2.73385 3.014247 2.1672 2.73385 3.966248 2.1672 2.733849 4.582248 2.1672 2.733849 4.246248 2.1672 2.733849 -4.041755 2.1672 2.733851 -3.425755 2.1672 2.733851 -3.761755 2.1672 2.733851 -2.809755 2.1672 2.73385 -2.529755 2.1672 2.73385 -1.297755 2.1672 2.73385 -0.6817541 2.1672 2.73385 0.2702463 2.1672 2.73385 0.8862468 2.1672 2.73385 2.118247 2.1672 2.73385 2.398247 2.1672 2.73385 3.630248 2.1672 2.73385 4.862249 2.1672 2.733849 5.198249 2.1672 2.733849 5.478249 2.1672 2.733849 -3.425755 -2.1672 2.73385 -2.193755 -2.1672 2.73385 -2.529755 -2.1672 2.73385 -0.6817541 -2.1672 2.73385 0.2702463 -2.1672 2.733849 -0.06575387 -2.1672 2.733849 0.8862468 -2.1672 2.733849 1.502247 -2.1672 2.733849 1.782247 -2.1672 2.733849 2.398247 -2.1672 2.733849 3.350247 -2.1672 2.733849 3.014247 -2.1672 2.733849 4.246248 -2.1672 2.733849 5.198249 -2.1672 2.733849 5.478249 -2.1672 2.733849 -3.145755 -2.1672 2.73385 -3.761755 -2.1672 2.73385 -2.809755 -2.1672 2.73385 -1.913755 -2.1672 2.73385 -1.577755 -2.1672 2.73385 -1.297755 -2.1672 2.73385 -0.9617542 -2.1672 2.73385 -0.3457541 -2.1672 2.733849 0.5502465 -2.1672 2.733849 1.166247 -2.1672 2.733849 2.118247 -2.1672 2.733849 2.734247 -2.1672 2.733849 3.966248 -2.1672 2.733849 3.630248 -2.1672 2.733849 4.582248 -2.1672 2.733849 4.862249 -2.1672 2.733849 -5.273754 -2.1672 2.978537 -5.273754 2.1672 2.978537 -4.657754 -2.1672 2.978537 -4.377755 -2.1672 2.978537 -4.657754 2.1672 2.978537 -4.657754 -2.1672 3.062537 -4.993754 -2.1672 2.978537 -4.993754 2.1672 2.978537 -4.377755 2.1672 3.062538 -4.377755 2.1672 2.978537 -3.761755 -2.1672 3.062537 -3.761755 2.1672 2.978537 -5.273754 -2.1672 3.062537 -4.377755 -2.1672 3.062537 -4.993754 -2.1672 3.062537 -4.041755 -2.1672 3.062537 -5.273754 2.1672 3.062538 -4.657754 2.1672 3.062538 -4.993754 2.1672 3.062538 -4.041755 2.1672 3.062538 -4.657754 -2.1672 3.101737 -3.761755 -2.1672 3.101737 -5.273754 -2.1672 3.101737 -4.377755 -2.1672 3.101737 -4.993754 -2.1672 3.101737 -4.041755 -2.1672 3.101737 -4.377755 2.1672 3.101737 -5.273754 2.1672 3.101737 -4.657754 2.1672 3.101737 -4.993754 2.1672 3.101737 -4.041755 2.1672 3.101737 -3.761755 2.1672 3.101737 -4.377755 2.418401 3.101737 -5.273754 2.418401 3.101737 -4.657754 2.418401 3.101737 -4.993754 2.418401 3.101737 -4.657754 -2.4184 3.101737 -3.761755 -2.4184 3.101737 -5.273754 -2.4184 3.101737 -4.377755 -2.4184 3.101737 -4.993754 -2.4184 3.101737 -4.657755 -2.4184 2.73385 -5.273755 -2.4184 2.73385 -4.377756 -2.4184 2.73385 -4.993755 -2.4184 2.73385 -4.377756 2.418401 2.73385 -5.273755 2.418401 2.73385 -4.657755 2.418401 2.73385 -4.993755 2.418401 2.73385 -4.377756 2.1672 2.73385 -5.273755 2.1672 2.73385 -4.657755 2.1672 2.73385 -4.993755 2.1672 2.73385 -5.273755 -2.1672 2.73385 -4.377756 -2.1672 2.73385 -4.993755 -2.1672 2.73385 -4.041755 -2.1672 2.73385 -4.657754 -2.1672 2.73385 5.878247 -2.1672 -3.101738 5.878247 2.1672 -3.101737 5.878247 2.418401 -3.101737 5.878247 -2.4184 -3.101738 5.878248 -2.4184 -2.733851 5.878248 -2.1672 -2.733851 5.878249 -2.1672 3.101735 5.878249 2.1672 3.101736 5.878249 2.418401 3.101736 5.878249 -2.4184 3.101735 5.878249 2.418401 2.733849 5.878249 2.1672 2.733849 5.878249 -2.1672 2.733849 -5.673754 -2.1672 -3.101738 -5.673754 2.1672 -3.101737 -5.673754 2.418401 -3.101737 -5.673754 -2.4184 -3.101738 -5.673755 -2.4184 -2.733851 -5.673755 2.418401 -2.733851 -5.673755 2.1672 -2.733851 -5.673755 -2.1672 -2.733851 -5.673754 -2.1672 3.101737 -5.673754 2.1672 3.101737 -5.673754 2.418401 3.101737 -5.673754 -2.4184 3.101737 -5.673755 -2.4184 2.73385 -5.673755 2.418401 2.73385 -5.673755 2.1672 2.73385 -5.673755 -2.1672 2.73385 -5.673755 1.30032 2.73385 -5.673755 0.4334402 2.73385 -5.673755 -0.4334399 2.73385 -5.673755 -1.30032 2.73385 -5.673755 1.30032 -2.733851 -5.673755 0.4334404 -2.733851 -5.673755 -0.4334396 -2.733851 -5.673755 -1.30032 -2.733851 -5.273755 1.30032 -2.733851 -5.273755 0.4334404 -2.733851 -5.273755 -0.4334396 -2.733851 -5.273755 -1.30032 -2.733851 -5.273755 -1.30032 2.73385 -5.273755 -0.4334397 2.73385 -5.273755 0.4334402 2.73385 -5.273755 1.30032 2.73385 5.878248 1.30032 -2.733851 5.878248 0.4334404 -2.733851 5.878248 -0.4334396 -2.733851 5.878248 -1.30032 -2.733851 5.878249 1.30032 2.733849 5.878249 0.4334402 2.733849 5.878249 -0.4334399 2.733849 5.878249 -1.30032 2.733849 5.478249 1.30032 2.733849 5.478249 0.4334402 2.733849 5.478249 -0.4334399 2.733849 5.478249 -1.30032 2.733849 5.478248 1.30032 -2.733851 5.478248 0.4334404 -2.733851 5.478248 -0.4334396 -2.733851 5.478248 -1.30032 -2.733851 -5.173755 1.30032 -2.733851 -5.173755 0.4334404 -2.733851 -5.173755 -0.4334396 -2.733851 -5.173755 -1.30032 -2.733851 -5.173755 -1.30032 2.73385 -5.173755 -0.4334397 2.73385 -5.173755 0.4334402 2.73385 -5.173755 1.30032 2.73385 5.378249 1.30032 2.733849 5.378249 0.4334402 2.733849 5.378249 -0.4334399 2.733849 5.378249 -1.30032 2.733849 5.378248 1.30032 -2.733851 5.378248 0.4334404 -2.733851 5.378248 -0.4334396 -2.733851 5.378248 -1.30032 -2.733851 5.478248 -2.4184 2.73385 5.878248 -2.4184 2.73385 5.478249 2.418389 -2.733852 5.478249 2.167189 -2.733851 5.878249 2.418389 -2.733852 5.878249 2.167189 -2.733851 -5.273755 -2.1672 -2.733851 -5.273755 -2.4184 -2.733851 -5.673755 -2.1672 -2.03361e-6 -5.673755 2.418401 -1.68737e-6 -5.273755 -0.4334397 -1.93288e-6 -5.673754 2.1672 -1.70634e-6 -5.673755 -2.4184 -2.05258e-6 -5.273755 0.4334402 -1.86743e-6 -5.273755 -1.30032 -1.99834e-6 -5.273755 -2.1672 -2.06379e-6 -5.173755 -1.30032 -2.00583e-6 -5.173755 0.4334402 -1.87493e-6 -5.273755 2.1672 -1.7407e-6 -5.273755 1.30032 -1.8012e-6 -5.173755 1.30032 -1.81163e-6 -5.173755 -0.4334397 -1.94097e-6 -5.323755 -2.1672 -0.09000343 -5.323755 2.1672 -0.09000313 -5.123754 -2.1672 -0.09000343 -5.123754 2.1672 -0.09000307 -5.323755 -2.1672 0.08999663 -5.323755 2.1672 0.08999693 -5.123754 -2.1672 0.08999663 -5.123754 2.1672 0.08999693</float_array>
          <technique_common>
            <accessor source="#container-mesh-positions-array" count="1038" stride="3">
              <param name="X" type="float"/>
              <param name="Y" type="float"/>
              <param name="Z" type="float"/>
            </accessor>
          </technique_common>
        </source>
        <source id="container-mesh-normals">
          <float_array id="container-mesh-normals-array" count="3300">0.5945888 0.618632 -0.5135743 0 1 1.00901e-6 0.7547256 0.6560406 3.30769e-6 -0.5489856 0.630262 -0.5489851 2.86987e-7 0.6302624 -0.7763823 -0.5489838 0.6302625 0.5489864 -0.7763828 0.6302618 -2.86987e-7 0.5945879 0.6186305 0.5135772 2.37562e-6 0.6302624 0.7763823 0.754723 -0.6560436 1.93439e-6 0.594591 -0.6186307 0.5135736 0 -1 1.90222e-6 -2.37561e-6 -0.6302624 0.7763822 -0.5489835 -0.6302602 0.5489892 -0.7763826 -0.6302621 2.51911e-6 -0.5489845 -0.6302613 -0.548987 -2.86988e-7 -0.6302623 -0.7763824 0.5945934 -0.6186304 -0.5135711 0.5945815 0.6186335 -0.5135811 0 1 0 0.7547284 0.6560373 -3.41846e-6 -0.5489889 0.6302618 -0.5489819 3.0293e-7 0.6302625 -0.7763822 -0.548987 0.6302609 0.5489852 -0.7763809 0.6302642 1.94512e-6 0.5945831 0.6186332 0.5135796 2.37561e-6 0.6302632 0.7763816 0.7547257 -0.6560406 0 0.5945852 -0.6186323 0.5135784 0 -1 -8.93212e-7 -2.37561e-6 -0.6302632 0.7763817 -0.5489888 -0.6302602 0.5489839 -0.7763805 -0.6302646 -3.06117e-6 -0.5489875 -0.63026 -0.5489857 -3.0293e-7 -0.6302624 -0.7763822 0.594587 -0.6186317 -0.5135767 0.5945855 0.618634 -0.5135758 0 1 1.90224e-6 0.7547287 0.6560372 4.02389e-6 -0.5489856 0.6302626 -0.5489845 2.71044e-6 0.6302618 -0.7763827 -0.5489854 0.6302617 0.5489857 -0.7763826 0.630262 1.99297e-6 0.5945842 0.6186321 0.5135795 2.10458e-6 0.630263 0.7763817 0.7547255 -0.6560408 -2.63581e-6 0.5945894 -0.6186311 0.5135749 0 -1 -1.90224e-6 2.71044e-6 -0.6302631 0.7763817 -0.5489866 -0.6302627 0.5489833 -0.7763825 -0.6302621 2.551e-7 -0.5489873 -0.630263 -0.5489823 2.10458e-6 -0.6302618 -0.7763828 0.5945885 -0.6186304 -0.5135768 0.5945843 0.6186334 -0.513578 0 1 0 0.7547286 0.6560372 0 -0.5489864 0.630262 -0.5489842 -2.12052e-6 0.6302619 -0.7763826 -0.5489852 0.6302624 0.5489852 -0.7763819 0.6302627 1.96108e-6 0.5945841 0.6186334 0.5135782 -2.6945e-6 0.6302618 0.7763828 0.7547257 -0.6560406 -1.18132e-6 0.5945881 -0.6186327 0.5135744 0 -1 -1.009e-6 -2.12052e-6 -0.6302619 0.7763826 -0.5489873 -0.6302633 0.5489819 -0.7763835 -0.6302609 3.02931e-7 -0.5489879 -0.630263 -0.5489817 -2.71044e-6 -0.6302618 -0.7763828 0.5945885 -0.6186316 -0.5135753 1 0 0 1 0 0 1 0 0 0 0 -1 0 0 -1 0 0 -1 0 0 -1 1 0 0 1 0 0 1 0 0 -1 0 0 -1 0 0 -1 0 0 1 0 0 1 0 0 1 0 0 0 0 -1 0 0 -1 0 0 -1 -1 0 0 -1 0 0 -1 0 0 0 0 -1 0 0 -1 0 0 -1 0 0 -1 0 0 -1 0 0 -1 0 0 -1 0 0 -1 0 0 -1 0 0 -1 0 0 -1 0 0 -1 -1 0 0 -1 0 0 -1 0 0 0 0 -1 0 0 -1 0 0 -1 0 0 -1 0 0 -1 0 0 -1 0 0 -1 0 0 -1 0 0 -1 0 0 -1 -1 0 0 -1 0 0 -1 0 0 1 0 0 1 0 0 1 0 0 1 0 0 1 0 0 1 0 0 1 0 0 1 0 0 1 0 0 1 0 0 1 0 0 1 0 0 1 0 0 1 -1.60215e-7 0 1 1.19503e-7 0 1 0 0 1 0 0 1 0 0 -1 0 0 -1 0 0 -1 0 0 -1 0 0 -1 0 0 -1 0 0 -1 0 0 -1 0 0 -1 0 0 -1 0 0 -1 0 0 -1 0 0 0 -1 0 1 0 0 1 -1.60489e-7 0 1 0 0 -1 0 0 -1 0 0 -1 0 0 1 0 0 1 0 0 1 0 0 1 0 0 1 0 0 1 0 0 -1 0 0 -1 0 0 -1 0 0 -1 0 0 -1 0 0 -1 0 0 1 0 0 1 0 0 1 0 0 0 0 -1 0 0 -1 1 0 0 1 0 0 1 0 0 -1 0 0 -1 0 0 -1 0 0 1 0 0 1 -1.60506e-7 0 1 0 0 -1 0 0 -1 0 0 -1 0 0 -1 0 0 -1 0 0 -1 0 0 0 0 -1 0 0 -1 0 -1 3.18347e-7 0 -1 3.38987e-7 0 0 -1 0 0 1 0 -1 2.00487e-7 0 -1 0 0 -1 0 0 -1 -3.06541e-7 0 -1 0 0 -1 2.68035e-7 0 -1 1.97082e-7 0 -1 0 0 -1 -2.89439e-7 0 -1 0 0 -1 6.15718e-7 0 -1 0 0 -1 -6.64739e-7 0 -1 3.16996e-7 0 -1 -3.48156e-7 0 -1 6.15718e-7 0 -1 3.18347e-7 0 -1 -1.34017e-7 0 -1 0 0 -1 -3.0654e-7 0 -1 6.52798e-7 0 -1 1.68701e-7 0 -1 -1.45328e-7 0 -1 -6.98867e-7 0 -1 -6.15718e-7 0 -1 3.38987e-7 0 -1 2.72098e-7 0 -1 6.52797e-7 0 -1 1.687e-7 0 -1 3.14779e-7 0 -1 1.66461e-7 0 -1 1.77557e-7 0 -1 0 0 -1 -3.95761e-7 0 -1 1.77557e-7 0 -1 1.48318e-7 0 -1 0 0 -1 0 0 -1 -1.6143e-7 0 -1 0 0 -1 -3.34002e-7 0 -1 -6.80593e-7 0 -1 3.13499e-7 0 -1 -6.59756e-7 0 -1 -6.80591e-7 0 -1 3.34334e-7 0 -1 3.13499e-7 0 -1 -6.59755e-7 0 -1 -6.80592e-7 0 -1 2.399e-7 0 -1 3.34335e-7 0 -1 1.41832e-7 0 -1 -1.36049e-7 0 1 0 0 1 3.78098e-7 0 1 1.36048e-7 0 1 2.85918e-7 0 1 7.1767e-7 0 1 -4.41405e-7 0 1 -3.38987e-7 0 1 -2.06211e-7 0 1 0 0 1 0 0 1 -1.77663e-7 0 1 0 0 1 0 0 1 0 0 1 2.72097e-7 0 1 0 0 1 2.68034e-7 0 1 3.06543e-7 0 1 0 0 1 -1.77557e-7 0 1 -1.9708e-7 0 1 0 0 1 0 0 1 2.72097e-7 0 1 0 0 1 2.68033e-7 0 1 2.00905e-7 0 1 0 0 1 0 0 1 1.34017e-7 0 1 0 0 1 2.14945e-7 0 1 -4.18704e-7 0 1 5.60421e-7 0 1 -2.68033e-7 0 1 0 0 1 0 0 1 5.2131e-7 0 1 0 0 1 0 0 1 0 0 1 -2.72097e-7 0 1 0 0 1 -2.85119e-7 0 1 0 0 1 -2.68033e-7 0 1 -2.72097e-7 0 1 -6.52798e-7 0 1 0 0 1 -1.68698e-7 0 1 2.61648e-7 0 1 5.65407e-7 0 1 0 0 1 2.89441e-7 0 1 0 2.45705e-6 0 1 0 0 -1 0 0 -1 -1 0 0 -1 0 0 -1 0 0 1 0 0 1 0 0 1 0 0 1 0 0 1 0 0 1 0 0 0 0 -1 0 0 -1 0 0 -1 -1 0 0 -1 0 0 -1 0 0 0 0 -1 0 0 -1 0 -1 -1.97083e-7 0 -1 0 0 -1 0 0 -1 2.89439e-7 0 -1 6.57523e-7 0 1 -2.89441e-7 0 1 -6.57525e-7 0 1 -1.85784e-7 0 1 -1.82544e-7 0 1 2.89197e-7 0 1 0 0 1 0 -3.65235e-7 0 1 0 0 -1 0 0 -1 1 0 0 1 0 0 1 0 0 -1 0 0 -1 0 0 -1 0 0 0 -1 -1.97083e-7 0 -1 5.65405e-7 0 -1 -1.48318e-7 0 -1 -1.54426e-7 0 -1 2.61645e-7 0 1 0 1 0 0 1 0 0 1 0 0 1.50706e-6 0 1 0 0 1 1.5716e-6 0 1 1 0 0 1 0 0 -1 0 0 1 0 0 1 0 0 0 0 1 1.24516e-6 -2.66903e-7 1 1.30967e-6 -2.75031e-7 1 -1 0 0 -1 1.61689e-7 0 -1 1.63709e-7 0 0 0 1 1.50706e-6 0 1 0 0 1 0 0 1 0 0 1 0 0 1 -1 0 4.43484e-7 -1 0 4.43489e-7 -1 0 4.43489e-7 1 0 0 1 0 0 1 0 0 1 0 0 1 0 0 1 0 0 0 0 1 0 0 1 0 0 1 1 0 0 1 0 0 1 0 0 1 1.60983e-7 0 1 1.63709e-7 0 1 0 0 1 0 0 0 -1.65018e-7 1 -1 0 0 -1 0 0 0 1 -3.33383e-7 0 1 -4.87792e-7 0 1 -1.79676e-6 1 0 0 1 0 0 1 0 0 1 0 0 0 -2.20025e-7 1 0 -2.20025e-7 1 1 0 0 1 0 0 -1 0 0 -1 0 0 -1 0 0 1 0 0 1 0 0 1.24517e-6 -2.14606e-7 1 0 0 1 0 0 1 0 0 1 0 0 1 0 0 1 1.24516e-6 -2.14606e-7 1 0 0 1 1 0 0 1 0 0 0 0 1 0 0 1 0 0 1 0 -2.75031e-7 1 0 -2.7503e-7 1 0 -2.7503e-7 1 -1 -1.46094e-7 0 -1 1.5984e-7 0 -1 1.63709e-7 0 1 0 0 1 0 0 0 -1.65019e-7 1 0 -1.65018e-7 1 0 -1.65018e-7 1 7.06189e-7 0 1 7.06189e-7 0 1 8.47428e-7 0 1 7.06188e-7 0 1 7.06188e-7 0 1 8.47427e-7 0 1 7.06188e-7 0 1 0 0 1 0 -1 0 8.47426e-7 0 1 1.41237e-7 0 1 1.41237e-7 0 1 1.41239e-7 0 1 1.41238e-7 0 1 8.47426e-7 0 1 3.94492e-7 -1.4564e-6 1 4.52934e-7 -4.41832e-7 1 1.41238e-7 0 1 -7.06188e-7 0 1 -7.06188e-7 0 1 1.41237e-7 0 1 1.41237e-7 0 1 4.17573e-7 -3.87899e-7 1 2.88615e-7 -1.51034e-6 1 7.06189e-7 0 1 -7.06189e-7 0 1 -7.06189e-7 0 1 0 0 1 1.24192e-6 0 1 5.64951e-7 0 1 1.41238e-7 0 1 1.30036e-6 0 1 5.35726e-7 0 1 -1.47381e-7 0 1 1.69485e-6 0 1 5.7109e-7 0 1 -7.06189e-7 0 1 0 -1 -1.94013e-7 0 -1 -3.38986e-7 0 -1 5.78638e-7 0 -1 3.34335e-7 0 -1 -6.80591e-7 0 -1 -3.20768e-7 0 -1 2.85117e-7 0 -1 0 0 -1 0 0 -1 0 0 -1 0 0 -1 4.42589e-7 0 -1 0 0 -1 -1.38446e-7 0 -1 -3.18346e-7 0 -1 0 0 -1 -4.62673e-7 0 -1 0 0 -1 0 0 -1 0 0 -1 -1.34017e-7 0 -1 3.34334e-7 0 -1 0 0 -1 -6.59757e-7 0 -1 -3.14778e-7 0 -1 0 0 -1 2.90127e-7 0 -1 2.06209e-7 0 -1 0 0 -1 2.14164e-7 0 -1 0 0 -1 3.13499e-7 1.7633e-7 -1 0 4.25749e-7 -1 0 0 -1 2.38373e-7 0 -1 2.38373e-7 0 -1 1.6143e-7 0 -1 3.06541e-7 0 -1 -2.68034e-7 0 -1 0 0 -1 -2.72097e-7 0 -1 0 0 -1 0 0 -1 0 0 -1 0 0 -1 0 0 -1 0 0 -1 -7.40252e-7 0 -1 -6.15717e-7 0 1 -2.69957e-7 0 1 -2.35589e-7 0 1 -5.47162e-7 0 1 3.06542e-7 0 1 -1.71831e-7 0 1 -4.498e-7 0 1 5.89091e-7 0 1 0 0 1 0 0 1 0 0 1 -1.36048e-7 0 1 0 0 1 -1.34017e-7 0 1 0 0 1 0 0 1 0 0 1 2.35589e-7 0 1 5.47162e-7 0 1 3.06541e-7 0 1 -6.52798e-7 0 1 -1.68698e-7 0 1 2.85119e-7 0 1 5.65407e-7 0 1 4.33414e-7 0 1 -2.72097e-7 0 1 -6.52798e-7 0 1 0 0 1 0 0 1 0 0 1 1.67421e-7 0 1 0 0 1 2.38375e-7 0 1 0 0 1 -1.687e-7 0 1 -9.67456e-7 0 1 -2.54996e-7 0 1 0 0 1 -3.13712e-7 0 1 0 0 1 0 0 1 0 0 1 2.89442e-7 0 1 -6.89876e-7 0 1 -5.31058e-7 0 1 1.74474e-7 0 1 0 0 1 -3.78097e-7 0 1 0 0 1 4.82199e-7 0 1 0 0 1 2.59724e-7 0 1 2.38374e-7 0 1 1.6143e-7 0 1 0 6.23391e-7 -2.18461e-6 -1 -9.05867e-7 -6.62747e-7 -1 -1.69485e-6 0 -1 -2.88615e-7 5.81848e-7 -1 -2.88616e-7 3.87899e-7 -1 -1.265e-6 1.51034e-6 -1 -1.15912e-6 1.4564e-6 -1 -3.94493e-7 4.41832e-7 -1 -1.15912e-6 1.4564e-6 -1 -1.265e-6 1.51034e-6 -1 -8.47423e-7 0 -1 3.11699e-7 -1.4564e-6 -1 -4.52933e-7 -4.41831e-7 -1 5.7723e-7 -5.81848e-7 -1 8.35146e-7 -2.2655e-6 -1 -3.94491e-7 4.41831e-7 -1 3.11694e-7 -1.4564e-6 -1 -4.52934e-7 -4.41832e-7 -1 -8.47427e-7 0 -1 -2.11243e-6 2.2655e-6 -1 -1.61206e-6 2.1846e-6 -1 -7.88984e-7 -1.01457e-6 -1 -4.52934e-7 -4.41831e-7 -1 -5.5881e-7 -3.87899e-7 -1 -7.88985e-7 6.62747e-7 -1 7.06188e-7 0 -1 7.06188e-7 0 -1 2.88615e-7 -3.87899e-7 -1 4.17573e-7 -1.51034e-6 -1 -2.88615e-7 3.879e-7 -1 4.17573e-7 -1.51034e-6 -1 -3.94494e-7 4.41833e-7 -1 -1.15912e-6 1.45641e-6 -1 -1.265e-6 1.51034e-6 -1 4.52934e-7 -6.62753e-7 -1 8.47429e-7 0 -1 -7.06189e-7 0 -1 -7.06189e-7 0 -1 -2.88615e-7 3.879e-7 -1 1 0 0 1 0 0 1 0 0 1 0 0 0 0 1 0 0 1 0 0 1 0 0 1 0 0 1 -7.06188e-7 0 1 -4.17573e-7 3.87899e-7 1 0 -1 0 0 -1 5.65407e-7 0 -1 2.61646e-7 0 -1 -2.96417e-7 0 -1 1.82543e-7 0 -1 -2.892e-7 0 -1 6.8532e-7 0 1 2.89442e-7 0 1 6.57525e-7 0 1 0 0 1 1.85784e-7 0 1 1.82544e-7 0 1 0 0 1 0 7.06189e-7 0 -1 0 0 -1 1.50706e-6 0 1 0 0 1 1.5716e-6 0 1 1 0 0 1 0 0 0 -2.20024e-7 1 -1 0 0 -1 0 0 9.05867e-7 1.01457e-6 1 0 -1.01457e-6 1 -4.17573e-7 -1.51034e-6 1 5.5881e-7 -3.87899e-7 1 0 -1 0 0 -1 0 0 -1 0 -1.86531e-6 2.18461e-6 -1 -3.94493e-7 6.62748e-7 -1 1.40624e-6 1.51034e-6 1 0 -1 0 0 1 -2.89197e-7 7.06188e-7 0 -1 -5.47971e-7 5.81849e-7 -1 -1.68257e-6 2.26551e-6 -1 1.97701e-5 1 -1.01608e-6 0 1 0 0 1 0 0 1 0 0 1 0 0 1 0 0 1 0 0 1 0 0 1 0 0 1 0 0 1 0 0 1 0 0 1 0 0 1 0 0 1 0 0 1 0 0 1 0 0 1 0 0 1 0 0 1 0 0 1 0 0 1 0 0 1 0 0 1 0 0 1 0 0 1 0 0 1 0 0 1 0 0 1 0 0 1 0 0 1 0 0 1 0 0 1 0 0 1 0 0 1 0 0 1 0 0 1 0 0 1 0 0 1 0 0 1 0 0 1 0 0 1 0 0 1 0 0 1 0 0 1 0 0 1 0 0 1 0 0 1 0 0 1 0 0 1 0 0 1 0 0 1 0 0 1 0 0 0 -1 0 0 -1 0 0 -1 0 -1 0 0 -1 0 0 -1 0 0 -1 0 0 -1 0 0 -1 0 0 -1 0 0 -1 0 0 -1 0 0 -1 0 0 -1 0 0 -1 0 0 -1 0 0 -1 0 0 -1 0 0 -1 0 0 -1 0 0 -1 0 0 -1 0 0 -1 0 0 -1 0 0 -1 0 0 -1 0 0 -1 0 0 -1 0 0 -1 0 0 -1 0 0 -1 0 0 -1 0 0 -1 0 0 -1 0 0 -1 0 0 -1 0 0 -1 0 0 -1 0 0 -1 0 0 -1 0 0 -1 0 -3.27095e-7 -1 0 4.11916e-7 -1 0 0 -1 0 0 -1 0 0 -1 0 0 -1 0 0 -1 0 4.25749e-7 -1 0 0 -1 0 0 -1 0 0 -1 0 0 -1 0 0 -1 0 0 -1 0 0 -1 0 0 -1 0 0 -1 0 0 -1 0 0 -1 0 0 -1 0 0 -1 0 0 -1 0 0 -1 0 0 -1 0 0 -1 0 0 -1 0 0 -1 0 0 -1 0 0 -1 0 0 -1 0 0 -1 0 1 0 0 1 0 0 1 0 0 -1 0 0 -1 0 0 -1 0 0 -1 0 0 -1 0 0 -1 0 0 -1 -1.73734e-7 0 -1 0 0 -1 1.65699e-7 0 -1 0 0 -1 -1.75402e-7 0 0 -1 -3.41376e-7 0 -1 1.48117e-7 0 -1 1.40632e-7 0 1 -7.34793e-7 0 1 -1.48118e-7 0 1 -1.17752e-6 0 0 -1 0 0 1 0 0 1 0 0 -1 0 -1 2.12321e-6 0 -1 2.07376e-6 0 -1 2.12574e-6 0 1 0 0 1 1.48118e-7 0 1 1.40634e-7 0 0 -1 0 0 -1 0 0 1 0 1 -1.48118e-7 0 0 1 0 -1 0 0 -1 -1.48117e-7 0 -1 -1.40633e-7 -1 0 8.64102e-7 -1 0 6.48076e-7 -1 0 1.29615e-6 -1 0 -1.29615e-6 -1 0 -8.60709e-7 -1 0 -1.29615e-6 0 2.75031e-7 -1 0 0 -1 0 1.37515e-7 -1 0 -1.37515e-7 1 0 -1.83353e-7 1 -1 -2.6202e-7 0 -1 -1.36772e-7 0 -1 -3.46445e-7 0 0 -1 0 0 -1 0 0 -1 0 -1 1.45652e-7 0 -1 0 0 0 1 0 0 1 0 0 1 0 7.50631e-7 0 -1 3.78469e-7 0 -1 3.21724e-7 0 -1 5.80287e-7 0 -1 0 0 -1 1.21903e-7 0 -1 0 -1.37515e-7 1 0 -1.37515e-7 1 0 -1.83353e-7 1 1 7.24253e-7 -2.6163e-7 1 0 -2.61629e-7 1 0 -2.61629e-7 0 1 0 0 1 0 1 0 -2.61629e-7 1 0 -2.61629e-7 0 2.75034e-7 1 0 1.83356e-7 1 0 -1.83354e-7 1 0 -1.37515e-7 1 0 1.37515e-7 -1 0 1.83354e-7 -1 0 1.83354e-7 -1 0 -2.08586e-7 1 0 -2.75029e-7 1 -1 0 0 -1 0 0 0 1 0 0 1 0 0 1 0 0 1 0 0 1 0 0 -1 0 0 -1 0 0 -1 0 0 -1 0 0 -1 0 0 2.75031e-7 -1 0 -2.75032e-7 1 1 7.24254e-7 -1.7442e-7 1 0 -1.7442e-7 1 0 -1.7442e-7 1 0 -1.7442e-7 1 -4.86902e-7 -1.7442e-7 1 -5.41062e-7 -1.7442e-7 0 -2.84735e-6 -1 0 -2.84735e-6 -1 0 -2.84736e-6 -1 0 1 -2.12321e-6 -1 0 0 -1 2.54969e-6 0 1 -1.73782e-6 8.64101e-7 1 5.78101e-6 0 1 -2.77738e-6 6.48074e-7 1 0 0 1 -1.30768e-6 0 1.1972e-5 1 9.45179e-6 8.46388e-6 1 2.23606e-5 1.31329e-6 6.62754e-7 1 2.28763e-6 1.52186e-6 1 2.49419e-7 -1 -1.53208e-7 1.76331e-7 -1 -4.6216e-7 -8.54901e-7 0 1 -1.69485e-6 0 1 2.49419e-7 -1 -9.82667e-7 0 -1 0 7.88987e-7 -1.52187e-6 -1 0 -2.84737e-6 -1 1.33131e-6 1 0 4.08715e-5 1 -2.10237e-6 4.25748e-7 -1 0 0 1 0 0 1 0 0 -1 -4.70749e-7 0 -1 5.62535e-7 2.04358e-5 1 3.15278e-5 0 1 3.1333e-5 0 -2.84735e-6 -1 0 -2.84735e-6 -1 0 -2.84735e-6 -1 1 0 0 8.12146e-7 0 1 4.50886e-7 0 1 1.26303e-6 0 1 2.84668e-7 -1 -1.10311e-6 -3.13882e-7 -1 -2.35376e-7 -1 -1.47593e-7 0 1 0 -9.51312e-7 1 0 -7.75067e-7 1 0 -1.29615e-6 1 0 1.29615e-6 0 -1.99337e-7 1 -1 -3.35419e-7 0 -1 1.57327e-7 0 1 0 0 1 -4.56603e-7 -2.3544e-7 0 5.50068e-7 1 0 5.50068e-7 1 1 -5.94337e-6 0 1 -6.1223e-6 0 -1 3.29114e-7 2.53982e-7 -1 1.09314e-5 0 -1 0 2.61629e-7 0 -1 0 0 -1 0 0 -1 0 -1 1.56736e-7 0 -1 0 -1.64245e-7 -1 1.47594e-7 0 0 -1 0 -5.96047e-7 -1 0 -5.40918e-7 -1 0 -1 0 -6.48076e-7 -1 -1.56736e-7 0 -1 0 0 -1 3.89779e-7 0 -1 0 0 0 1 0 5.40917e-7 1 0 0 1 0 0 -1 0 0 -1 0 -1 1.57327e-7 0 -1 0 0 -1 -1.89998e-7 0 -1 -2.36164e-7 0 0 0 -1 0 0 -1 0 0 -1 1 0 0 1 -1.46577e-7 0 1 0 0 0 0 1 0 0 1 0 0 1 -1 0 0 -1 -1.46274e-7 0 -1 0 0 1 0 0 1 0 0 0 0 -1 0 0 -1 0 0 -1 0 0 -1 1 -1.63709e-7 0 0 0 -1 0 0 -1 0 0 1 0 0 -1 1 0 0 1 0 0 1 0 0 0 0 1 1.57161e-6 0 1 -1 0 4.43484e-7 1 0 0 1 0 0 1 0 0 0 0 1 1 0 0 1 0 0 1 0 0 -1 0 0 1 0 0 1 0 0 1 0 0 1 0 0 1.30967e-6 -2.20025e-7 1 0 0 1 1.30967e-6 -2.20025e-7 1 1 0 0 0 -2.75031e-7 1 -1 -1.49964e-7 0 1 0 0 0 -1.65019e-7 1 0 -1.89823e-6 -1 1 0 0 0 0 1 0 0 1 1 0 0 -1 0 0 1 0 0 0 -1 2.07123e-6 0 1 -2.81267e-7 -1 0 1.29615e-6 -1 -2.65759e-7 1.29615e-6 -1 0 1.29615e-6 -1 0 1.29615e-6 -1 0 1.29615e-6 -1 0 1.29616e-6 -1 0 1.29615e-6 -1 0 1.29615e-6 -1 0 -1.29615e-6 -1 0 -1.29615e-6 -1 0 -1.29615e-6 -1 0 -1.29615e-6 -1 0 -1.29615e-6 0 2.75031e-7 -1 0 -1 0 1 8.04816e-7 -2.6163e-7 0 1 0 0 -2.75032e-7 1 -1 1.38194e-7 0 0 1 0 0 1 0 0 -1 0 0 -1 0 0 2.75031e-7 -1 0 -2.75029e-7 1 1 8.04816e-7 -1.7442e-7 1 0 -1.7442e-7 0 1 -2.12575e-6 -1 2.62645e-6 0 1 6.1223e-6 0 0 2.84736e-6 1 8.51495e-7 -1 0 0 1 0 0 1 3.10986e-5 0 -2.84736e-6 -1 1 0 0 -5.96044e-7 -1 2.81264e-7 1 -1.11315e-6 -4.68787e-6 1 0 -5.18462e-6 1 0 -5.18462e-6 1 -1.49524e-6 -5.18464e-6 1 -3.82033e-7 -1.79292e-6 1 0 -1.29615e-6 1 0 -1.29615e-6 1 0 -1.29615e-6 1 0 -1.29615e-6 1 0 1.29615e-6 1 -9.83984e-7 0 1 0 1.29616e-6 1 0 1.29615e-6 1 0 1.29615e-6 1 0 -2.59231e-6 1 -3.19188e-6 -1.86909e-7 1 -2.57992e-6 1.29615e-6 1 0 1.29615e-6 0 -2.75031e-7 1 1 -5.07393e-7 -2.61629e-7 -1 1.12605e-5 0 -1 0 -1.7442e-7 -1 8.04816e-7 0 5.96046e-7 1 0 0 0 -1 1 -1.52795e-7 0 0 0 1 -1 -1.52795e-7 0</float_array>
          <technique_common>
            <accessor source="#container-mesh-normals-array" count="1100" stride="3">
              <param name="X" type="float"/>
              <param name="Y" type="float"/>
              <param name="Z" type="float"/>
            </accessor>
          </technique_common>
        </source>
        <source id="container-mesh-map-0">
          <float_array id="container-mesh-map-0-array" count="12480">0.9762141 0.1128814 0.959395 0.1048184 0.9425759 0.1128814 0.9999999 0.1014786 0.959395 0.1048184 0.9999998 0.1081582 0.9425759 0.0967555 0.959395 0.1048184 0.9762141 0.09675544 0.9187901 0.1081582 0.959395 0.1048184 0.9187901 0.1014786 0.9999998 0.1081582 0.959395 0.1048184 0.9762141 0.1128814 0.9762141 0.09675544 0.959395 0.1048184 0.9999999 0.1014786 0.9187901 0.1014786 0.959395 0.1048184 0.9425759 0.0967555 0.9425759 0.1128814 0.959395 0.1048184 0.9187901 0.1081582 0.9999998 0.1242841 0.9999998 0.1176045 0.959395 0.1209443 0.9762141 0.1128814 0.9425759 0.1128814 0.959395 0.1209443 0.9187901 0.1176045 0.9187901 0.1242841 0.959395 0.1209443 0.9425759 0.1290072 0.9762141 0.1290072 0.959395 0.1209443 0.9999998 0.1176045 0.9762141 0.1128814 0.959395 0.1209443 0.9425759 0.1128814 0.9187901 0.1176045 0.959395 0.1209443 0.9187901 0.1242841 0.9425759 0.1290072 0.959395 0.1209443 0.9762141 0.1290072 0.9999998 0.1242841 0.959395 0.1209443 0.3010547 0.9999998 0.3248406 0 0.3010548 0 0.588177 0.9999999 0.6119624 0 0.5881766 0 0.6693872 0.9999998 0.6931732 0 0.6693874 0 0.2436307 0.9999999 0.2674166 0 0.2436308 0 0.5545389 0.9999999 0.5881766 0 0.5545384 0 0.8851513 0 0.8515136 0.9999999 0.8851518 0.9999999 0.6931731 0.9999999 0.7268114 0 0.6931732 0 0.2674166 0.9999999 0.3010548 0 0.2674166 0 0.9187902 0.02752864 0.959395 0.02418887 0.9187901 0.0208491 0.9762141 0.03225183 0.959395 0.02418887 0.9425759 0.03225183 1 0.02084904 0.959395 0.02418887 0.9999999 0.02752864 0.9425759 0.01612591 0.959395 0.02418887 0.976214 0.01612597 0.9425759 0.03225183 0.959395 0.02418887 0.9187902 0.02752864 0.9999999 0.02752864 0.959395 0.02418887 0.9762141 0.03225183 0.976214 0.01612597 0.959395 0.02418887 1 0.02084904 0.9187901 0.0208491 0.959395 0.02418887 0.9425759 0.01612591 0.9999999 0.004723191 0.9762141 0 0.959395 0.008062958 0.9425759 0 0.9187901 0.004723131 0.959395 0.008062958 0.9187902 0.01140272 0.9425759 0.01612591 0.959395 0.008062958 0.9762141 0.01612591 1 0.01140272 0.959395 0.008062958 0.9762141 0 0.9425759 0 0.959395 0.008062958 0.9187901 0.004723131 0.9187902 0.01140272 0.959395 0.008062958 0.9425759 0.01612591 0.9762141 0.01612591 0.959395 0.008062958 1 0.01140272 0.9999999 0.004723191 0.959395 0.008062958 0.4634755 0 0.4396899 1 0.4634757 1 0.4159036 0.9999999 0.439689 0 0.4159033 0 0.1624208 0.9999998 0.1862069 0 0.162421 0 0.2198447 0.9999998 0.2436307 0 0.2198449 0 0.3822656 0.9999999 0.4159033 0 0.382265 0 0.8515127 0 0.817875 0.9999998 0.8515132 0.9999998 0.1862066 0.9999998 0.2198449 0 0.1862069 0 0.4971134 0 0.4634757 1 0.497114 1 0.9187901 0.05978041 0.959395 0.05644065 0.9187901 0.05310088 0.9762141 0.06450361 0.959395 0.05644065 0.9425759 0.06450361 0.9999998 0.05310088 0.959395 0.05644065 0.9999998 0.05978047 0.9425759 0.04837769 0.959395 0.05644065 0.9762141 0.04837769 0.9425759 0.06450361 0.959395 0.05644065 0.9187901 0.05978041 0.9999998 0.05978047 0.959395 0.05644065 0.9762141 0.06450361 0.9762141 0.04837769 0.959395 0.05644065 0.9999998 0.05310088 0.9187901 0.05310088 0.959395 0.05644065 0.9425759 0.04837769 0.9999998 0.07590639 0.9999998 0.0692268 0.959395 0.07256656 0.9762141 0.06450361 0.9425759 0.06450361 0.959395 0.07256656 0.9187901 0.0692268 0.9187901 0.07590633 0.959395 0.07256656 0.9425759 0.08062952 0.9762141 0.08062952 0.959395 0.07256656 0.9999998 0.0692268 0.9762141 0.06450361 0.959395 0.07256656 0.9425759 0.06450361 0.9187901 0.0692268 0.959395 0.07256656 0.9187901 0.07590633 0.9425759 0.08062952 0.959395 0.07256656 0.9762141 0.08062952 0.9999998 0.07590639 0.959395 0.07256656 0.1049963 0 0.08121103 0.9999999 0.1049969 0.9999999 0.5307527 0.9999999 0.554538 0 0.5307522 0 0.7268114 0.9999998 0.7505974 0 0.7268117 0 0.1624205 0 0.138635 0.9999999 0.1624208 0.9999999 0.4971145 0.9999999 0.5307522 0 0.497114 0 0.7842364 1 0.8178738 0 0.7842356 0 0.7505972 0.9999998 0.7842357 0 0.7505974 0 0.1386347 0 0.1049969 0.9999999 0.138635 0.9999999 0.9425759 0.03225183 0.9593952 0.04031479 0.9762144 0.03225183 0.9187901 0.04365456 0.9593952 0.04031479 0.9187901 0.03697496 0.9762141 0.04837769 0.9593952 0.04031479 0.9425759 0.04837769 1 0.03697502 0.9593952 0.04031479 1 0.04365456 0.9187901 0.03697496 0.9593952 0.04031479 0.9425759 0.03225183 0.9425759 0.04837769 0.9593952 0.04031479 0.9187901 0.04365456 1 0.04365456 0.9593952 0.04031479 0.9762141 0.04837769 0.9762144 0.03225183 0.9593952 0.04031479 1 0.03697502 0.9425759 0.09675544 0.9762139 0.09675544 0.9593949 0.08869254 0.9999997 0.09203231 0.9999997 0.08535277 0.9593949 0.08869254 0.9762141 0.08062958 0.9425759 0.08062952 0.9593949 0.08869254 0.9187901 0.08535271 0.9187901 0.09203231 0.9593949 0.08869254 0.9762139 0.09675544 0.9999997 0.09203231 0.9593949 0.08869254 0.9999997 0.08535277 0.9762141 0.08062958 0.9593949 0.08869254 0.9425759 0.08062952 0.9187901 0.08535271 0.9593949 0.08869254 0.9187901 0.09203231 0.9425759 0.09675544 0.9593949 0.08869254 0.3248412 1 0.3486263 0 0.3248406 0 5.4576e-7 0.9999998 0.02378612 0 0 0 0.05742454 0.9999998 0.08121013 0 0.057424 0 0.6119631 0.9999998 0.635749 0 0.6119629 0 0.3486269 0.9999999 0.3822645 0 0.3486263 0 0.02378666 0.9999998 0.057424 0 0.02378612 0 0.8851518 0.9999999 0.9187901 0 0.8851519 0 0.6357492 0.9999999 0.6693869 0 0.635749 0 0.3037805 0.4841473 0.3037805 0.9595613 0.3037805 0.4841473 0.3560982 0.9595613 0.379879 0.4841473 0.3560982 0.4841473 0.4607338 0.9595613 0.4845147 0.4841473 0.4607338 0.4841473 0.6176874 0.4841473 0.6176874 0.9595613 0.6176874 0.4841473 0.6414682 0.4841473 0.6414682 0.9595613 0.6414682 0.4841473 0.7746408 0.4841473 0.7746408 0.9595613 0.7746408 0.4841473 0.7461038 0.4841473 0.7746408 0.9595613 0.7746408 0.4841473 0.7461038 0.4841473 0.7461038 0.9595613 0.7461038 0.4841473 0.8269587 0.9595613 0.8507393 0.4841473 0.8269587 0.4841473 0.8792762 0.9595613 0.9030572 0.4841473 0.8792762 0.4841473 0.931594 0.9595613 0.955375 0.4841473 0.931594 0.4841473 0.1991448 0.9595613 0.2229257 0.4841473 0.1991448 0.4841473 0.2514627 0.9595613 0.2752435 0.4841473 0.2514627 0.4841473 0.3037805 0.9595613 0.3275613 0.4841473 0.3037805 0.4841473 0.408416 0.9595613 0.4321969 0.4841473 0.408416 0.4841473 0.5130518 0.9595613 0.5368326 0.4841473 0.5130518 0.4841473 0.4845147 0.4841473 0.4845147 0.9595613 0.4845147 0.4841473 0.5653696 0.9595613 0.5891504 0.4841473 0.5653696 0.4841473 0.6176874 0.9595613 0.6414682 0.4841473 0.6176874 0.4841473 0.6700052 0.9595613 0.6937859 0.4841473 0.6700052 0.4841473 0.7223229 0.9595613 0.7461038 0.4841473 0.7223229 0.4841473 0.7746408 0.9595613 0.7984216 0.4841473 0.7746408 0.4841473 0.8507393 0.4841473 0.8507393 0.9595613 0.8507393 0.4841473 0.955375 0.4841473 0.931594 0.4841473 0.955375 0.4841473 0.379879 0.4841473 0.3560982 0.4841473 0.379879 0.4841473 0.9030572 0.4841473 0.8792762 0.4841473 0.9030572 0.4841473 0.3560982 0.4841473 0.3560982 0.9595613 0.3560982 0.4841473 0.3275613 0.4841473 0.3560982 0.9595613 0.3560982 0.4841473 0.408416 0.4841473 0.408416 0.9595613 0.408416 0.4841473 0.4607338 0.4841473 0.4607338 0.9595613 0.4607338 0.4841473 0.5891504 0.4841473 0.6176874 0.9595613 0.6176874 0.4841473 0.7223229 0.4841473 0.7223229 0.9595613 0.7223229 0.4841473 0.8269587 0.4841473 0.8269587 0.9595613 0.8269587 0.4841473 0.8792762 0.4841473 0.8792762 0.9595613 0.8792762 0.4841473 0.8507393 0.4841473 0.8792762 0.9595613 0.8792762 0.4841473 0.2229257 0.4841473 0.2229257 0.9595613 0.2229257 0.4841473 0.3275613 0.4841473 0.3275613 0.9595613 0.3275613 0.4841473 0.5368326 0.4841473 0.5368326 0.9595613 0.5368326 0.4841473 0.5891504 0.4841473 0.5891504 0.9595613 0.5891504 0.4841473 0.4845147 0.4841473 0.4607338 0.4841473 0.4845147 0.4841473 0.8507393 0.4841473 0.8269587 0.4841473 0.8507393 0.4841473 0.2752435 0.4841473 0.2514627 0.4841473 0.2752435 0.4841473 0.6414682 0.4841473 0.6176874 0.4841473 0.6414682 0.4841473 0.3275613 0.4841473 0.3037805 0.4841473 0.3275613 0.4841473 0.7984216 0.4841473 0.7746408 0.4841473 0.7984216 0.4841473 0.2229257 0.4841473 0.1991448 0.4841473 0.2229257 0.4841473 0.6937859 0.4841473 0.6700052 0.4841473 0.6937859 0.4841473 0.5368326 0.4841473 0.5130518 0.4841473 0.5368326 0.4841473 0.4321969 0.4841473 0.408416 0.4841473 0.4321969 0.4841473 0.5891504 0.4841473 0.5653696 0.4841473 0.5891504 0.4841473 0.7461038 0.4841473 0.7223229 0.4841473 0.7461038 0.4841473 0.408416 0.4841473 0.379879 0.4841473 0.408416 0.4841473 0.6700052 0.9595613 0.6937859 0.9595613 0.6937859 0.9595613 0.2514627 0.9595613 0.2752435 0.9595613 0.2514627 0.9595613 0.931594 0.9595613 0.955375 0.9595613 0.955375 0.9595613 0.1991448 0.4841473 0.1991448 0.9595613 0.1991448 0.4841473 0.2752435 0.4841473 0.3037805 0.9595613 0.3037805 0.4841473 0.4321969 0.4841473 0.4321969 0.9595613 0.4321969 0.4841473 0.5130518 0.4841473 0.5130518 0.9595613 0.5130518 0.4841473 0.4845147 0.4841473 0.5130518 0.9595613 0.5130518 0.4841473 0.5653696 0.4841473 0.5653696 0.9595613 0.5653696 0.4841473 0.2752435 0.4841473 0.2752435 0.9595613 0.2752435 0.4841473 0.6937859 0.4841473 0.6937859 0.9595613 0.6937859 0.4841473 0.2514627 0.4841473 0.2514627 0.9595613 0.2514627 0.4841473 0.2229257 0.4841473 0.2514627 0.9595613 0.2514627 0.4841473 0.379879 0.4841473 0.408416 0.9595613 0.408416 0.4841473 0.4321969 0.4841473 0.4607338 0.9595613 0.4607338 0.4841473 0.5368326 0.4841473 0.5653696 0.9595613 0.5653696 0.4841473 0.6700052 0.4841473 0.6700052 0.9595613 0.6700052 0.4841473 0.6414682 0.4841473 0.6700052 0.9595613 0.6700052 0.4841473 0.6937859 0.4841473 0.7223229 0.9595613 0.7223229 0.4841473 0.7984216 0.4841473 0.8269587 0.9595613 0.8269587 0.4841473 0.7984216 0.4841473 0.7984216 0.9595613 0.7984216 0.4841473 0.931594 0.4841473 0.931594 0.9595613 0.931594 0.4841473 0.9030572 0.4841473 0.931594 0.9595613 0.931594 0.4841473 0.379879 0.4841473 0.379879 0.9595613 0.379879 0.4841473 0.9030572 0.4841473 0.9030572 0.9595613 0.9030572 0.4841473 0.7223229 0.9595613 0.7461038 0.9595613 0.7223229 0.9595613 0.3560982 0.9595613 0.379879 0.9595613 0.379879 0.9595613 0.408416 0.9595613 0.4321969 0.9595613 0.408416 0.9595613 0.1991448 0.9595613 0.2229257 0.9595613 0.1991448 0.9595613 0.6176874 0.9595613 0.6414682 0.9595613 0.6176874 0.9595613 0.4607338 0.9595613 0.4845147 0.9595613 0.4845147 0.9595613 0.7746408 0.9595613 0.7984216 0.9595613 0.7746408 0.9595613 0.5130518 0.9595613 0.5368326 0.9595613 0.5130518 0.9595613 0.5653696 0.9595613 0.5891504 0.9595613 0.5891504 0.9595613 0.8269587 0.9595613 0.8507393 0.9595613 0.8507393 0.9595613 0.8792762 0.9595613 0.9030572 0.9595613 0.9030572 0.9595613 0.3037805 0.9595613 0.3275613 0.9595613 0.3037805 0.9595613 0.7461038 0.4841473 0.7223229 0.4841473 0.7461038 0.4841473 0.931594 0.4841473 0.9030572 0.4841473 0.931594 0.4841473 0.7984216 0.4841473 0.7746408 0.4841473 0.7984216 0.4841473 0.4607338 0.4841473 0.4321969 0.4841473 0.4607338 0.4841473 0.955375 0.4841473 0.931594 0.4841473 0.955375 0.4841473 0.2229257 0.4841473 0.1991448 0.4841473 0.2229257 0.4841473 0.7746408 0.4841473 0.7461038 0.4841473 0.7746408 0.4841473 0.2752435 0.4841473 0.2514627 0.4841473 0.2752435 0.4841473 0.5653696 0.4841473 0.5368326 0.4841473 0.5653696 0.4841473 0.3275613 0.4841473 0.3037805 0.4841473 0.3275613 0.4841473 0.4845147 0.4841473 0.4607338 0.4841473 0.4845147 0.4841473 0.5130518 0.4841473 0.4845147 0.4841473 0.5130518 0.4841473 0.6176874 0.4841473 0.5891504 0.4841473 0.6176874 0.4841473 0.379879 0.4841473 0.3560982 0.4841473 0.379879 0.4841473 0.5368326 0.4841473 0.5130518 0.4841473 0.5368326 0.4841473 0.6700052 0.4841473 0.6414682 0.4841473 0.6700052 0.4841473 0.9030572 0.4841473 0.8792762 0.4841473 0.9030572 0.4841473 0.8507393 0.4841473 0.8269587 0.4841473 0.8507393 0.4841473 0.2514627 0.4841473 0.2229257 0.4841473 0.2514627 0.4841473 0.7223229 0.4841473 0.6937859 0.4841473 0.7223229 0.4841473 0.4321969 0.4841473 0.408416 0.4841473 0.4321969 0.4841473 0.5891504 0.4841473 0.5653696 0.4841473 0.5891504 0.4841473 0.8269587 0.4841473 0.7984216 0.4841473 0.8269587 0.4841473 0.3037805 0.4841473 0.2752435 0.4841473 0.3037805 0.4841473 0.3560982 0.4841473 0.3275613 0.4841473 0.3560982 0.4841473 0.6414682 0.4841473 0.6176874 0.4841473 0.6414682 0.4841473 0.6937859 0.4841473 0.6700052 0.4841473 0.6937859 0.4841473 0.8792762 0.4841473 0.8507393 0.4841473 0.8792762 0.4841473 0.2752435 0.9595613 0.3037805 0.9595613 0.2752435 0.9595613 0.8269587 0.9595613 0.8507393 0.9595613 0.8269587 0.9595613 0.5891504 0.9595613 0.6176874 0.9595613 0.5891504 0.9595613 0.379879 0.9595613 0.408416 0.9595613 0.379879 0.9595613 0.8792762 0.9595613 0.9030572 0.9595613 0.8792762 0.9595613 0.1991448 0.9595613 0.2229257 0.9595613 0.1991448 0.9595613 0.7461038 0.9595613 0.7746408 0.9595613 0.7461038 0.9595613 0.4321969 0.9595613 0.4607338 0.9595613 0.4321969 0.9595613 0.3275613 0.9595613 0.3560982 0.9595613 0.3275613 0.9595613 0.3037805 0.9595613 0.3275613 0.9595613 0.3037805 0.9595613 0.408416 0.9595613 0.4321969 0.9595613 0.408416 0.9595613 0.4845147 0.9595613 0.5130518 0.9595613 0.4845147 0.9595613 0.5130518 0.9595613 0.5368326 0.9595613 0.5130518 0.9595613 0.6700052 0.9595613 0.6937859 0.9595613 0.6700052 0.9595613 0.8507393 0.9595613 0.8792762 0.9595613 0.8507393 0.9595613 0.6176874 0.9595613 0.6414682 0.9595613 0.6176874 0.9595613 0.931594 0.9595613 0.955375 0.9595613 0.931594 0.9595613 0.5368326 0.9595613 0.5653696 0.9595613 0.5368326 0.9595613 0.7223229 0.9595613 0.7461038 0.9595613 0.7223229 0.9595613 0.6414682 0.9595613 0.6700052 0.9595613 0.6414682 0.9595613 0.7746408 0.9595613 0.7984216 0.9595613 0.7746408 0.9595613 0.2514627 0.9595613 0.2752435 0.9595613 0.2514627 0.9595613 0.6937859 0.9595613 0.7223229 0.9595613 0.6937859 0.9595613 0.3560982 0.9595613 0.379879 0.9595613 0.3560982 0.9595613 0.7984216 0.9595613 0.8269587 0.9595613 0.7984216 0.9595613 0.2229257 0.9595613 0.2514627 0.9595613 0.2229257 0.9595613 0.4607338 0.9595613 0.4845147 0.9595613 0.4607338 0.9595613 0.9030572 0.9595613 0.931594 0.9595613 0.9030572 0.9595613 0.5653696 0.9595613 0.5891504 0.9595613 0.5653696 0.9595613 0.2514627 0.987114 0.2752435 0.9595613 0.2514627 0.9595613 0.7223229 0.987114 0.7461038 0.9595613 0.7223229 0.9595613 0.7984216 0.987114 0.8269587 0.9595613 0.7984216 0.9595613 0.7746408 0.987114 0.7984216 0.9595613 0.7746408 0.9595613 0.9030572 0.987114 0.931594 0.9595613 0.9030572 0.9595613 0.3560982 0.987114 0.379879 0.9595613 0.3560982 0.9595613 0.3275613 0.987114 0.3560982 0.9595613 0.3275613 0.9595613 0.4607338 0.987114 0.4845147 0.9595613 0.4607338 0.9595613 0.5891504 0.987114 0.6176874 0.9595613 0.5891504 0.9595613 0.5653696 0.987114 0.5891504 0.9595613 0.5653696 0.9595613 0.2229257 0.987114 0.2514627 0.9595613 0.2229257 0.9595613 0.7461038 0.987114 0.7746408 0.9595613 0.7461038 0.9595613 0.8269587 0.987114 0.8507393 0.9595613 0.8269587 0.9595613 0.2752435 0.987114 0.3037805 0.9595613 0.2752435 0.9595613 0.8507393 0.987114 0.8792762 0.9595613 0.8507393 0.9595613 0.8792762 0.987114 0.9030572 0.9595613 0.8792762 0.9595613 0.379879 0.987114 0.408416 0.9595613 0.379879 0.9595613 0.1991448 0.987114 0.2229257 0.9595613 0.1991448 0.9595613 0.4321969 0.987114 0.4607338 0.9595613 0.4321969 0.9595613 0.3037805 0.987114 0.3275613 0.9595613 0.3037805 0.9595613 0.4845147 0.987114 0.5130518 0.9595613 0.4845147 0.9595613 0.6700052 0.987114 0.6937859 0.9595613 0.6700052 0.9595613 0.408416 0.987114 0.4321969 0.9595613 0.408416 0.9595613 0.5368326 0.987114 0.5653696 0.9595613 0.5368326 0.9595613 0.931594 0.987114 0.955375 0.9595613 0.931594 0.9595613 0.5130518 0.987114 0.5368326 0.9595613 0.5130518 0.9595613 0.6414682 0.987114 0.6700052 0.9595613 0.6414682 0.9595613 0.6176874 0.987114 0.6414682 0.9595613 0.6176874 0.9595613 0.6937859 0.987114 0.7223229 0.9595613 0.6937859 0.9595613 0.7113921 0.3935194 0.6982364 0.3733448 0.6982364 0.3935194 0.3275613 0.4565947 0.3037805 0.4841473 0.3275613 0.4841473 0.3560982 0.4565947 0.3275613 0.4841473 0.3560982 0.4841473 0.3037805 0.4565947 0.2752435 0.4841473 0.3037805 0.4841473 0.4845147 0.4565947 0.4607338 0.4841473 0.4845147 0.4841473 0.408416 0.4565947 0.379879 0.4841473 0.408416 0.4841473 0.5130518 0.4565947 0.4845147 0.4841473 0.5130518 0.4841473 0.5368326 0.4565947 0.5130518 0.4841473 0.5368326 0.4841473 0.4607338 0.4565947 0.4321969 0.4841473 0.4607338 0.4841473 0.7746408 0.4565947 0.7461038 0.4841473 0.7746408 0.4841473 0.8507393 0.4565947 0.8269587 0.4841473 0.8507393 0.4841473 0.5653696 0.4565947 0.5368326 0.4841473 0.5653696 0.4841473 0.955375 0.4565947 0.931594 0.4841473 0.955375 0.4841473 0.6176874 0.4565947 0.5891504 0.4841473 0.6176874 0.4841473 0.4321969 0.4565947 0.408416 0.4841473 0.4321969 0.4841473 0.6700052 0.4565947 0.6414682 0.4841473 0.6700052 0.4841473 0.379879 0.4565947 0.3560982 0.4841473 0.379879 0.4841473 0.5891504 0.4565947 0.5653696 0.4841473 0.5891504 0.4841473 0.7223229 0.4565947 0.6937859 0.4841473 0.7223229 0.4841473 0.9030572 0.4565947 0.8792762 0.4841473 0.9030572 0.4841473 0.6414682 0.4565947 0.6176874 0.4841473 0.6414682 0.4841473 0.8269587 0.4565947 0.7984216 0.4841473 0.8269587 0.4841473 0.6937859 0.4565947 0.6700052 0.4841473 0.6937859 0.4841473 0.8792762 0.4565947 0.8507393 0.4841473 0.8792762 0.4841473 0.7461038 0.4565947 0.7223229 0.4841473 0.7461038 0.4841473 0.931594 0.4565947 0.9030572 0.4841473 0.931594 0.4841473 0.7984216 0.4565947 0.7746408 0.4841473 0.7984216 0.4841473 0.2229257 0.4565947 0.1991448 0.4841473 0.2229257 0.4841473 0.2752435 0.4565947 0.2514627 0.4841473 0.2752435 0.4841473 0.2514627 0.4565947 0.2229257 0.4841473 0.2514627 0.4841473 0.9008349 0.3733448 0.8850482 0.3733448 0.9008349 0.3733448 0.6692938 0.3733448 0.6535069 0.3935194 0.6692938 0.3935194 0.8429498 0.3935194 0.8271628 0.3733448 0.8271628 0.3935194 0.8850482 0.3935194 0.8718926 0.3733448 0.8718926 0.3935194 0.7271792 0.3935194 0.7113921 0.3733448 0.7113921 0.3935194 0.9429334 0.3935192 0.9297778 0.3733448 0.9297778 0.3935194 0.7561218 0.3935194 0.740335 0.3733448 0.740335 0.3935194 0.6535069 0.3733448 0.640351 0.3935194 0.6535069 0.3935194 0.7850644 0.3935194 0.7692776 0.3733448 0.7692776 0.3935194 0.6245641 0.3733448 0.6114085 0.3935194 0.6245641 0.3935194 0.740335 0.3935194 0.7271792 0.3733448 0.7271792 0.3935194 0.8140071 0.3935194 0.7982201 0.3733448 0.7982201 0.3935194 0.913991 0.3935194 0.9008349 0.3733448 0.9008349 0.3935194 0.7692776 0.3935194 0.7561218 0.3733448 0.7561218 0.3935194 0.8718926 0.3935194 0.8561058 0.3733448 0.8561058 0.3935194 0.7982201 0.3935194 0.7850644 0.3733448 0.7850644 0.3935194 0.9008349 0.3935194 0.8850482 0.3733448 0.8850482 0.3935194 0.8271628 0.3935194 0.8140071 0.3733448 0.8140071 0.3935194 0.9297778 0.3935194 0.913991 0.3733448 0.913991 0.3935194 0.8561058 0.3935194 0.8429498 0.3733448 0.8429498 0.3935194 0.5377362 0.3733448 0.5245805 0.3935194 0.5377362 0.3935194 0.5666788 0.3733448 0.5535232 0.3935194 0.5666788 0.3935194 0.5535231 0.3733448 0.5377362 0.3935194 0.5535232 0.3935194 0.5956217 0.3733448 0.5824657 0.3935194 0.5956217 0.3935194 0.6114085 0.3733448 0.5956217 0.3935194 0.6114085 0.3935194 0.5824657 0.3733448 0.5666788 0.3935194 0.5824657 0.3935194 0.6824496 0.3733448 0.6692938 0.3935194 0.6824496 0.3935194 0.640351 0.3733448 0.6245641 0.3935194 0.640351 0.3935194 0.6982364 0.3733448 0.6824496 0.3935194 0.6982364 0.3935194 0.6114085 0.3935194 0.6245641 0.3733448 0.6245641 0.3935194 0.5956217 0.3935194 0.6114085 0.3733448 0.6114085 0.3935194 0.6692938 0.3935194 0.6824496 0.3733448 0.6824496 0.3935194 0.5087935 0.3935194 0.5245805 0.3733448 0.5245805 0.3935194 0.740335 0.3733448 0.7561218 0.3935194 0.740335 0.3935194 0.7271792 0.3733448 0.740335 0.3935194 0.7271792 0.3935194 0.5377362 0.3935194 0.5535231 0.3733448 0.5535232 0.3935194 0.8271628 0.3733448 0.8429498 0.3935194 0.8271628 0.3935194 0.8718926 0.3733448 0.8850482 0.3935194 0.8718926 0.3935194 0.5666788 0.3935194 0.5824657 0.3733448 0.5824657 0.3935194 0.8850482 0.3733448 0.9008349 0.3935194 0.8850482 0.3935194 0.9008349 0.3733448 0.913991 0.3935194 0.9008349 0.3935194 0.6245641 0.3935194 0.640351 0.3733448 0.640351 0.3935194 0.5245805 0.3935194 0.5377362 0.3733448 0.5377362 0.3935194 0.6535069 0.3935194 0.6692938 0.3733448 0.6692938 0.3935194 0.5824657 0.3935194 0.5956217 0.3733448 0.5956217 0.3935194 0.6824496 0.3733448 0.6982364 0.3935194 0.6824496 0.3935194 0.7850644 0.3733448 0.7982201 0.3935194 0.7850644 0.3935194 0.640351 0.3935194 0.6535069 0.3733448 0.6535069 0.3935194 0.7113921 0.3733448 0.7271792 0.3935194 0.7113921 0.3935194 0.6982364 0.3733448 0.7113921 0.3935194 0.6982364 0.3935194 0.7692776 0.3733448 0.7850644 0.3935194 0.7692776 0.3935194 0.4956377 0.3935194 0.5087935 0.3733448 0.5087935 0.3935194 0.7561218 0.3733448 0.7692776 0.3935194 0.7561218 0.3935194 0.7982201 0.3733448 0.8140071 0.3935194 0.7982201 0.3935194 0.5535232 0.3935194 0.5666788 0.3733448 0.5666788 0.3935194 0.8140071 0.3733448 0.8271628 0.3935194 0.8140071 0.3935194 0.8561058 0.3733448 0.8718926 0.3935194 0.8561058 0.3935194 0.8429498 0.3733448 0.8561058 0.3935194 0.8429498 0.3935194 0.913991 0.3733448 0.9297778 0.3935194 0.913991 0.3935194 0.6114085 0.3733448 0.6245641 0.3733448 0.6114085 0.3733448 0.5956217 0.3733448 0.6114085 0.3733448 0.5956217 0.3733448 0.6692938 0.3733448 0.6824496 0.3733448 0.6692938 0.3733448 0.5087935 0.3733448 0.5245805 0.3733448 0.5087935 0.3733448 0.740335 0.3733448 0.7561218 0.3733448 0.740335 0.3733448 0.7271792 0.3733448 0.740335 0.3733448 0.7271792 0.3733448 0.5377362 0.3733448 0.5535231 0.3733448 0.5377362 0.3733448 0.8271628 0.3733448 0.8429498 0.3733448 0.8271628 0.3733448 0.8718926 0.3733448 0.8850482 0.3733448 0.8718926 0.3733448 0.5666788 0.3733448 0.5824657 0.3733448 0.5666788 0.3733448 0.8850482 0.3733448 0.9008349 0.3733448 0.8850482 0.3733448 0.9008349 0.3733448 0.913991 0.3733448 0.9008349 0.3733448 0.6245641 0.3733448 0.640351 0.3733448 0.6245641 0.3733448 0.5245805 0.3733448 0.5377362 0.3733448 0.5245805 0.3733448 0.6535069 0.3733448 0.6692938 0.3733448 0.6535069 0.3733448 0.5824657 0.3733448 0.5956217 0.3733448 0.5824657 0.3733448 0.6824496 0.3733448 0.6982364 0.3733448 0.6824496 0.3733448 0.7850644 0.3733448 0.7982201 0.3733448 0.7850644 0.3733448 0.640351 0.3733448 0.6535069 0.3733448 0.640351 0.3733448 0.7113921 0.3733448 0.7271792 0.3733448 0.7113921 0.3733448 0.6982364 0.3733448 0.7113921 0.3733448 0.6982364 0.3733448 0.7692776 0.3733448 0.7850644 0.3733448 0.7692776 0.3733448 0.4956377 0.3733448 0.5087935 0.3733448 0.4956377 0.3733448 0.7561218 0.3733448 0.7692776 0.3733448 0.7561218 0.3733448 0.7982201 0.3733448 0.8140071 0.3733448 0.7982201 0.3733448 0.5535231 0.3733448 0.5666788 0.3733448 0.5535231 0.3733448 0.8140071 0.3733448 0.8271628 0.3733448 0.8140071 0.3733448 0.8561058 0.3733448 0.8718926 0.3733448 0.8561058 0.3733448 0.8429498 0.3733448 0.8561058 0.3733448 0.8429498 0.3733448 0.913991 0.3733448 0.9297778 0.3733448 0.913991 0.3733448 0.8271628 0.3733448 0.8140071 0.3733448 0.8271628 0.3733448 0.9297778 0.3733448 0.913991 0.3733448 0.9297778 0.3733448 0.8561058 0.3733448 0.8429498 0.3733448 0.8561058 0.3733448 0.5377362 0.3733448 0.5245805 0.3733448 0.5377362 0.3733448 0.5245805 0.3733448 0.5087935 0.3733448 0.5245805 0.3733448 0.5666788 0.3733448 0.5535231 0.3733448 0.5666788 0.3733448 0.5535231 0.3733448 0.5377362 0.3733448 0.5535231 0.3733448 0.5956217 0.3733448 0.5824657 0.3733448 0.5956217 0.3733448 0.6114085 0.3733448 0.5956217 0.3733448 0.6114085 0.3733448 0.5824657 0.3733448 0.5666788 0.3733448 0.5824657 0.3733448 0.6824496 0.3733448 0.6692938 0.3733448 0.6824496 0.3733448 0.640351 0.3733448 0.6245641 0.3733448 0.640351 0.3733448 0.6982364 0.3733448 0.6824496 0.3733448 0.6982364 0.3733448 0.7113921 0.3733448 0.6982364 0.3733448 0.7113921 0.3733448 0.6692938 0.3733448 0.6535069 0.3733448 0.6692938 0.3733448 0.8429498 0.3733448 0.8271628 0.3733448 0.8429498 0.3733448 0.8850482 0.3733448 0.8718926 0.3733448 0.8850482 0.3733448 0.7271792 0.3733448 0.7113921 0.3733448 0.7271792 0.3733448 0.9429338 0.3733448 0.9297778 0.3733448 0.9429338 0.3733448 0.7561218 0.3733448 0.740335 0.3733448 0.7561218 0.3733448 0.6535069 0.3733448 0.640351 0.3733448 0.6535069 0.3733448 0.7850644 0.3733448 0.7692776 0.3733448 0.7850644 0.3733448 0.6245641 0.3733448 0.6114085 0.3733448 0.6245641 0.3733448 0.740335 0.3733448 0.7271792 0.3733448 0.740335 0.3733448 0.8140071 0.3733448 0.7982201 0.3733448 0.8140071 0.3733448 0.913991 0.3733448 0.9008349 0.3733448 0.913991 0.3733448 0.7692776 0.3733448 0.7561218 0.3733448 0.7692776 0.3733448 0.8718926 0.3733448 0.8561058 0.3733448 0.8718926 0.3733448 0.7982201 0.3733448 0.7850644 0.3733448 0.7982201 0.3733448 0.04219144 0.9595613 0.06597232 0.4841473 0.04219144 0.4841473 0.0945093 0.9595613 0.11829 0.4841473 0.0945093 0.4841473 0.06597232 0.4841473 0.04219144 0.4841473 0.06597232 0.4841473 0.11829 0.4841473 0.11829 0.9595613 0.11829 0.4841473 0.11829 0.4841473 0.0945093 0.4841473 0.11829 0.4841473 0.04219144 0.9595613 0.06597232 0.9595613 0.04219144 0.9595613 0.0945093 0.4841473 0.0945093 0.9595613 0.0945093 0.4841473 0.04219144 0.4841473 0.04219144 0.9595613 0.04219144 0.4841473 0.06597232 0.4841473 0.0945093 0.9595613 0.0945093 0.4841473 0.06597232 0.4841473 0.06597232 0.9595613 0.06597232 0.4841473 0.11829 0.4841473 0.146827 0.9595613 0.146827 0.4841473 0.0945093 0.9595613 0.11829 0.9595613 0.0945093 0.9595613 0.11829 0.4841473 0.0945093 0.4841473 0.11829 0.4841473 0.1706078 0.4841473 0.146827 0.4841473 0.1706078 0.4841473 0.0945093 0.4841473 0.06597232 0.4841473 0.0945093 0.4841473 0.06597232 0.4841473 0.04219144 0.4841473 0.06597232 0.4841473 0.146827 0.4841473 0.11829 0.4841473 0.146827 0.4841473 0.0945093 0.9595613 0.11829 0.9595613 0.0945093 0.9595613 0.04219144 0.9595613 0.06597232 0.9595613 0.04219144 0.9595613 0.06597232 0.9595613 0.0945093 0.9595613 0.06597232 0.9595613 0.11829 0.9595613 0.146827 0.9595613 0.11829 0.9595613 0.06597232 0.987114 0.0945093 0.9595613 0.06597232 0.9595613 0.0945093 0.987114 0.11829 0.9595613 0.0945093 0.9595613 0.04219144 0.987114 0.06597232 0.9595613 0.04219144 0.9595613 0.06597232 0.4565947 0.04219144 0.4841473 0.06597232 0.4841473 0.11829 0.4565947 0.0945093 0.4841473 0.11829 0.4841473 0.0945093 0.4565947 0.06597232 0.4841473 0.0945093 0.4841473 0.4798507 0.3733448 0.4666951 0.3935194 0.4798507 0.3935194 0.466695 0.3733448 0.4509081 0.3935194 0.4666951 0.3935194 0.4509081 0.3935194 0.466695 0.3733448 0.4666951 0.3935194 0.4666951 0.3935194 0.4798507 0.3733448 0.4798507 0.3935194 0.4377524 0.3935194 0.4509081 0.3733448 0.4509081 0.3935194 0.4509081 0.3733448 0.466695 0.3733448 0.4509081 0.3733448 0.466695 0.3733448 0.4798507 0.3733448 0.466695 0.3733448 0.4377524 0.3733448 0.4509081 0.3733448 0.4377524 0.3733448 0.4798507 0.3733448 0.466695 0.3733448 0.4798507 0.3733448 0.466695 0.3733448 0.4509081 0.3733448 0.466695 0.3733448 0.146827 0.9595613 0.1706078 0.4841473 0.146827 0.4841473 0.1706078 0.4841473 0.146827 0.4841473 0.1706078 0.4841473 0.146827 0.9595613 0.1706078 0.9595613 0.1706078 0.9595613 0.146827 0.4841473 0.146827 0.9595613 0.146827 0.4841473 0.1706078 0.4841473 0.1991448 0.9595613 0.1991448 0.4841473 0.1706078 0.4841473 0.1706078 0.9595613 0.1706078 0.4841473 0.1991448 0.4841473 0.1706078 0.4841473 0.1991448 0.4841473 0.146827 0.9595613 0.1706078 0.9595613 0.146827 0.9595613 0.1706078 0.9595613 0.1991448 0.9595613 0.1706078 0.9595613 0.1706078 0.987114 0.1991448 0.9595613 0.1706078 0.9595613 0.146827 0.987114 0.1706078 0.9595613 0.146827 0.9595613 0.1706078 0.4565947 0.146827 0.4841473 0.1706078 0.4841473 0.1991448 0.4565947 0.1706078 0.4841473 0.1991448 0.4841473 0.5087935 0.3733448 0.4956377 0.3935194 0.5087935 0.3935194 0.5245805 0.3733448 0.5087935 0.3935194 0.5245805 0.3935194 0.5087935 0.3733448 0.4956377 0.3733448 0.5087935 0.3733448 0.11829 0.987114 0.146827 0.9595613 0.11829 0.9595613 0.146827 0.4565947 0.11829 0.4841473 0.146827 0.4841473 0.4956377 0.3733448 0.4798507 0.3935194 0.4956377 0.3935194 0.4798507 0.3935194 0.4956377 0.3733448 0.4956377 0.3935194 0.4798507 0.3733448 0.4956377 0.3733448 0.4798507 0.3733448 0.4956377 0.3733448 0.4798507 0.3733448 0.4956377 0.3733448 0.3037804 0.9595615 0.3037804 0.4841473 0.3037804 0.4841473 0.379879 0.4841473 0.3560982 0.9595615 0.3560982 0.4841473 0.4845147 0.4841473 0.4607338 0.9595615 0.4607338 0.4841473 0.6176874 0.9595615 0.6176874 0.4841473 0.6176874 0.4841473 0.6414682 0.9595615 0.6414682 0.4841473 0.6414682 0.4841473 0.7746408 0.9595615 0.7746408 0.4841473 0.7746408 0.4841473 0.7746408 0.9595615 0.7461038 0.4841473 0.7746408 0.4841473 0.7461038 0.9595615 0.7461038 0.4841473 0.7461038 0.4841473 0.8507393 0.4841473 0.8269587 0.9595615 0.8269587 0.4841473 0.9030573 0.4841473 0.8792765 0.9595615 0.8792765 0.4841473 0.9553751 0.4841473 0.9315943 0.9595615 0.9315943 0.4841473 0.2229256 0.4841473 0.1991447 0.9595615 0.1991447 0.4841473 0.2752435 0.4841473 0.2514626 0.9595615 0.2514626 0.4841473 0.3275612 0.4841473 0.3037804 0.9595615 0.3037804 0.4841473 0.4321969 0.4841473 0.408416 0.9595615 0.408416 0.4841473 0.5368326 0.4841473 0.5130518 0.9595615 0.5130518 0.4841473 0.4845147 0.9595615 0.4845147 0.4841473 0.4845147 0.4841473 0.5891504 0.4841473 0.5653696 0.9595615 0.5653696 0.4841473 0.6414682 0.4841473 0.6176874 0.9595615 0.6176874 0.4841473 0.6937859 0.4841473 0.6700052 0.9595615 0.6700052 0.4841473 0.7461038 0.4841473 0.7223229 0.9595615 0.7223229 0.4841473 0.7984216 0.4841473 0.7746408 0.9595615 0.7746408 0.4841473 0.8507393 0.9595615 0.8507393 0.4841473 0.8507393 0.4841473 0.9315943 0.4841473 0.9553751 0.4841473 0.9553751 0.4841473 0.3560982 0.4841473 0.379879 0.4841473 0.379879 0.4841473 0.8792765 0.4841473 0.9030573 0.4841473 0.9030573 0.4841473 0.3560982 0.9595615 0.3560982 0.4841473 0.3560982 0.4841473 0.3560982 0.9595615 0.3275612 0.4841473 0.3560982 0.4841473 0.408416 0.9595615 0.408416 0.4841473 0.408416 0.4841473 0.4607338 0.9595615 0.4607338 0.4841473 0.4607338 0.4841473 0.6176874 0.9595615 0.5891504 0.4841473 0.6176874 0.4841473 0.7223229 0.9595615 0.7223229 0.4841473 0.7223229 0.4841473 0.8269587 0.9595615 0.8269587 0.4841473 0.8269587 0.4841473 0.8792765 0.9595615 0.8792765 0.4841473 0.8792765 0.4841473 0.8792765 0.9595615 0.8507393 0.4841473 0.8792765 0.4841473 0.2229256 0.9595615 0.2229256 0.4841473 0.2229256 0.4841473 0.3275612 0.9595615 0.3275612 0.4841473 0.3275612 0.4841473 0.5368326 0.9595615 0.5368326 0.4841473 0.5368326 0.4841473 0.5891504 0.9595615 0.5891504 0.4841473 0.5891504 0.4841473 0.4607338 0.4841473 0.4845147 0.4841473 0.4845147 0.4841473 0.8269587 0.4841473 0.8507393 0.4841473 0.8507393 0.4841473 0.2514626 0.4841473 0.2752435 0.4841473 0.2752435 0.4841473 0.6176874 0.4841473 0.6414682 0.4841473 0.6414682 0.4841473 0.3037804 0.4841473 0.3275612 0.4841473 0.3275612 0.4841473 0.7746408 0.4841473 0.7984216 0.4841473 0.7984216 0.4841473 0.1991447 0.4841473 0.2229256 0.4841473 0.2229256 0.4841473 0.6700052 0.4841473 0.6937859 0.4841473 0.6937859 0.4841473 0.5130518 0.4841473 0.5368326 0.4841473 0.5368326 0.4841473 0.408416 0.4841473 0.4321969 0.4841473 0.4321969 0.4841473 0.5653696 0.4841473 0.5891504 0.4841473 0.5891504 0.4841473 0.7223229 0.4841473 0.7461038 0.4841473 0.7461038 0.4841473 0.408416 0.4841473 0.379879 0.4841473 0.408416 0.4841473 0.6937859 0.9595615 0.6700052 0.9595615 0.6700052 0.9595615 0.2752435 0.9595615 0.2514626 0.9595615 0.2514626 0.9595615 0.9553751 0.9595615 0.9315943 0.9595615 0.9315943 0.9595615 0.1991447 0.9595615 0.1991447 0.4841473 0.1991447 0.4841473 0.3037804 0.9595615 0.2752435 0.4841473 0.3037804 0.4841473 0.4321969 0.9595615 0.4321969 0.4841473 0.4321969 0.4841473 0.5130518 0.9595615 0.5130518 0.4841473 0.5130518 0.4841473 0.5130518 0.9595615 0.4845147 0.4841473 0.5130518 0.4841473 0.5653696 0.9595615 0.5653696 0.4841473 0.5653696 0.4841473 0.2752435 0.9595615 0.2752435 0.4841473 0.2752435 0.4841473 0.6937859 0.9595615 0.6937859 0.4841473 0.6937859 0.4841473 0.2514626 0.9595615 0.2514626 0.4841473 0.2514626 0.4841473 0.2514626 0.9595615 0.2229256 0.4841473 0.2514626 0.4841473 0.408416 0.9595615 0.379879 0.4841473 0.408416 0.4841473 0.4607338 0.9595615 0.4321969 0.4841473 0.4607338 0.4841473 0.5653696 0.9595615 0.5368326 0.4841473 0.5653696 0.4841473 0.6700052 0.9595615 0.6700052 0.4841473 0.6700052 0.4841473 0.6700052 0.9595615 0.6414682 0.4841473 0.6700052 0.4841473 0.7223229 0.9595615 0.6937859 0.4841473 0.7223229 0.4841473 0.8269587 0.9595615 0.7984216 0.4841473 0.8269587 0.4841473 0.7984216 0.9595615 0.7984216 0.4841473 0.7984216 0.4841473 0.9315943 0.9595615 0.9315943 0.4841473 0.9315943 0.4841473 0.9315943 0.9595615 0.9030573 0.4841473 0.9315943 0.4841473 0.379879 0.9595615 0.379879 0.4841473 0.379879 0.4841473 0.9030573 0.9595615 0.9030573 0.4841473 0.9030573 0.4841473 0.7461038 0.9595615 0.7223229 0.9595615 0.7223229 0.9595615 0.379879 0.9595615 0.3560982 0.9595615 0.3560982 0.9595615 0.4321969 0.9595615 0.408416 0.9595615 0.408416 0.9595615 0.2229256 0.9595615 0.1991447 0.9595615 0.1991447 0.9595615 0.6414682 0.9595615 0.6176874 0.9595615 0.6176874 0.9595615 0.4845147 0.9595615 0.4607338 0.9595615 0.4607338 0.9595615 0.7984216 0.9595615 0.7746408 0.9595615 0.7746408 0.9595615 0.5130518 0.9595615 0.5368326 0.9595615 0.5130518 0.9595615 0.5891504 0.9595615 0.5653696 0.9595615 0.5653696 0.9595615 0.8269587 0.9595615 0.8507393 0.9595615 0.8269587 0.9595615 0.9030573 0.9595615 0.8792765 0.9595615 0.8792765 0.9595615 0.3275612 0.9595615 0.3037804 0.9595615 0.3037804 0.9595615 0.7223229 0.4841473 0.7461038 0.4841473 0.7461038 0.4841473 0.9315943 0.4841473 0.9030573 0.4841473 0.9315943 0.4841473 0.7746408 0.4841473 0.7984216 0.4841473 0.7984216 0.4841473 0.4321969 0.4841473 0.4607338 0.4841473 0.4607338 0.4841473 0.9315943 0.4841473 0.9553751 0.4841473 0.9553751 0.4841473 0.1991447 0.4841473 0.2229256 0.4841473 0.2229256 0.4841473 0.7461038 0.4841473 0.7746408 0.4841473 0.7746408 0.4841473 0.2514626 0.4841473 0.2752435 0.4841473 0.2752435 0.4841473 0.5653696 0.4841473 0.5368326 0.4841473 0.5653696 0.4841473 0.3037804 0.4841473 0.3275612 0.4841473 0.3275612 0.4841473 0.4607338 0.4841473 0.4845147 0.4841473 0.4845147 0.4841473 0.4845147 0.4841473 0.5130518 0.4841473 0.5130518 0.4841473 0.5891504 0.4841473 0.6176874 0.4841473 0.6176874 0.4841473 0.3560982 0.4841473 0.379879 0.4841473 0.379879 0.4841473 0.5130518 0.4841473 0.5368326 0.4841473 0.5368326 0.4841473 0.6414682 0.4841473 0.6700052 0.4841473 0.6700052 0.4841473 0.8792765 0.4841473 0.9030573 0.4841473 0.9030573 0.4841473 0.8269587 0.4841473 0.8507393 0.4841473 0.8507393 0.4841473 0.2514626 0.4841473 0.2229256 0.4841473 0.2514626 0.4841473 0.6937859 0.4841473 0.7223229 0.4841473 0.7223229 0.4841473 0.408416 0.4841473 0.4321969 0.4841473 0.4321969 0.4841473 0.5653696 0.4841473 0.5891504 0.4841473 0.5891504 0.4841473 0.7984216 0.4841473 0.8269587 0.4841473 0.8269587 0.4841473 0.2752435 0.4841473 0.3037804 0.4841473 0.3037804 0.4841473 0.3560982 0.4841473 0.3275612 0.4841473 0.3560982 0.4841473 0.6176874 0.4841473 0.6414682 0.4841473 0.6414682 0.4841473 0.6700052 0.4841473 0.6937859 0.4841473 0.6937859 0.4841473 0.8507393 0.4841473 0.8792765 0.4841473 0.8792765 0.4841473 0.3037804 0.9595615 0.2752435 0.9595615 0.2752435 0.9595615 0.8269587 0.9595615 0.8507393 0.9595615 0.8269587 0.9595615 0.6176874 0.9595615 0.5891504 0.9595615 0.5891504 0.9595615 0.408416 0.9595615 0.379879 0.9595615 0.379879 0.9595615 0.9030573 0.9595615 0.8792765 0.9595615 0.8792765 0.9595615 0.2229256 0.9595615 0.1991447 0.9595615 0.1991447 0.9595615 0.7746408 0.9595615 0.7461038 0.9595615 0.7461038 0.9595615 0.4607338 0.9595615 0.4321969 0.9595615 0.4321969 0.9595615 0.3560982 0.9595615 0.3275612 0.9595615 0.3275612 0.9595615 0.3275612 0.9595615 0.3037804 0.9595615 0.3037804 0.9595615 0.4321969 0.9595615 0.408416 0.9595615 0.408416 0.9595615 0.5130518 0.9595615 0.4845147 0.9595615 0.4845147 0.9595615 0.5368326 0.9595615 0.5130518 0.9595615 0.5130518 0.9595615 0.6937859 0.9595615 0.6700052 0.9595615 0.6700052 0.9595615 0.8792765 0.9595615 0.8507393 0.9595615 0.8507393 0.9595615 0.6414682 0.9595615 0.6176874 0.9595615 0.6176874 0.9595615 0.9553751 0.9595615 0.9315943 0.9595615 0.9315943 0.9595615 0.5368326 0.9595615 0.5653696 0.9595615 0.5368326 0.9595615 0.7461038 0.9595615 0.7223229 0.9595615 0.7223229 0.9595615 0.6700052 0.9595615 0.6414682 0.9595615 0.6414682 0.9595615 0.7984216 0.9595615 0.7746408 0.9595615 0.7746408 0.9595615 0.2752435 0.9595615 0.2514626 0.9595615 0.2514626 0.9595615 0.7223229 0.9595615 0.6937859 0.9595615 0.6937859 0.9595615 0.379879 0.9595615 0.3560982 0.9595615 0.3560982 0.9595615 0.8269587 0.9595615 0.7984216 0.9595615 0.7984216 0.9595615 0.2229256 0.9595615 0.2514626 0.9595615 0.2229256 0.9595615 0.4845147 0.9595615 0.4607338 0.9595615 0.4607338 0.9595615 0.9315943 0.9595615 0.9030573 0.9595615 0.9030573 0.9595615 0.5891504 0.9595615 0.5653696 0.9595615 0.5653696 0.9595615 0.2752435 0.9595615 0.2514626 0.987114 0.2514626 0.9595615 0.7461038 0.9595615 0.7223229 0.987114 0.7223229 0.9595615 0.8269587 0.9595615 0.7984216 0.987114 0.7984216 0.9595615 0.7984216 0.9595615 0.7746408 0.987114 0.7746408 0.9595615 0.9315943 0.9595615 0.9030573 0.987114 0.9030573 0.9595615 0.379879 0.9595615 0.3560982 0.987114 0.3560982 0.9595615 0.3560982 0.9595615 0.3275612 0.987114 0.3275612 0.9595615 0.4845147 0.9595615 0.4607338 0.987114 0.4607338 0.9595615 0.6176874 0.9595615 0.5891504 0.987114 0.5891504 0.9595615 0.5891504 0.9595615 0.5653696 0.987114 0.5653696 0.9595615 0.2514626 0.9595615 0.2229256 0.987114 0.2229256 0.9595615 0.7746408 0.9595615 0.7461038 0.987114 0.7461038 0.9595615 0.8507393 0.9595615 0.8269587 0.987114 0.8269587 0.9595615 0.3037804 0.9595615 0.2752435 0.987114 0.2752435 0.9595615 0.8792765 0.9595615 0.8507393 0.987114 0.8507393 0.9595615 0.9030573 0.9595615 0.8792765 0.987114 0.8792765 0.9595615 0.408416 0.9595615 0.379879 0.987114 0.379879 0.9595615 0.2229256 0.9595615 0.1991447 0.987114 0.1991447 0.9595615 0.4607338 0.9595615 0.4321969 0.987114 0.4321969 0.9595615 0.3275612 0.9595615 0.3037804 0.987114 0.3037804 0.9595615 0.5130518 0.9595615 0.4845147 0.987114 0.4845147 0.9595615 0.6937859 0.9595615 0.6700052 0.987114 0.6700052 0.9595615 0.4321969 0.9595615 0.408416 0.987114 0.408416 0.9595615 0.5653696 0.9595615 0.5368326 0.987114 0.5368326 0.9595615 0.9553751 0.9595615 0.9315943 0.987114 0.9315943 0.9595615 0.5368326 0.9595615 0.5130518 0.987114 0.5130518 0.9595615 0.6700052 0.9595615 0.6414682 0.987114 0.6414682 0.9595615 0.6414682 0.9595615 0.6176874 0.987114 0.6176874 0.9595615 0.7223229 0.9595615 0.6937859 0.987114 0.6937859 0.9595615 0.7113922 0.05333 0.6982365 0.0735045 0.7113922 0.0735045 0.3037804 0.4841473 0.3275612 0.4565947 0.3275612 0.4841473 0.3275612 0.4841473 0.3560982 0.4565947 0.3560982 0.4841473 0.2752435 0.4841473 0.3037804 0.4565947 0.3037804 0.4841473 0.4607338 0.4841473 0.4845147 0.4565947 0.4845147 0.4841473 0.379879 0.4841473 0.408416 0.4565947 0.408416 0.4841473 0.4845147 0.4841473 0.5130518 0.4565947 0.5130518 0.4841473 0.5130518 0.4841473 0.5368326 0.4565947 0.5368326 0.4841473 0.4321969 0.4841473 0.4607338 0.4565947 0.4607338 0.4841473 0.7461038 0.4841473 0.7746408 0.4565947 0.7746408 0.4841473 0.8269587 0.4841473 0.8507393 0.4565947 0.8507393 0.4841473 0.5368326 0.4841473 0.5653696 0.4565947 0.5653696 0.4841473 0.9315943 0.4841473 0.9553751 0.4565947 0.9553751 0.4841473 0.5891504 0.4841473 0.6176874 0.4565947 0.6176874 0.4841473 0.408416 0.4841473 0.4321969 0.4565947 0.4321969 0.4841473 0.6414682 0.4841473 0.6700052 0.4565947 0.6700052 0.4841473 0.3560982 0.4841473 0.379879 0.4565947 0.379879 0.4841473 0.5653696 0.4841473 0.5891504 0.4565947 0.5891504 0.4841473 0.6937859 0.4841473 0.7223229 0.4565947 0.7223229 0.4841473 0.8792765 0.4841473 0.9030573 0.4565947 0.9030573 0.4841473 0.6176874 0.4841473 0.6414682 0.4565947 0.6414682 0.4841473 0.7984216 0.4841473 0.8269587 0.4565947 0.8269587 0.4841473 0.6700052 0.4841473 0.6937859 0.4565947 0.6937859 0.4841473 0.8507393 0.4841473 0.8792765 0.4565947 0.8792765 0.4841473 0.7223229 0.4841473 0.7461038 0.4565947 0.7461038 0.4841473 0.9030573 0.4841473 0.9315943 0.4565947 0.9315943 0.4841473 0.7746408 0.4841473 0.7984216 0.4565947 0.7984216 0.4841473 0.1991447 0.4841473 0.2229256 0.4565947 0.2229256 0.4841473 0.2514626 0.4841473 0.2752435 0.4565947 0.2752435 0.4841473 0.2229256 0.4841473 0.2514626 0.4565947 0.2514626 0.4841473 0.8850482 0.0735045 0.9008349 0.0735045 0.9008349 0.0735045 0.6692938 0.05333 0.653507 0.0735045 0.6692938 0.0735045 0.8429498 0.05333 0.8271628 0.0735045 0.8429498 0.0735045 0.8850482 0.05333 0.8718926 0.0735045 0.8850482 0.0735045 0.7113922 0.05333 0.7271792 0.0735045 0.7271792 0.05333 0.7561218 0.05333 0.740335 0.0735045 0.7561218 0.0735045 0.6403511 0.05333 0.653507 0.0735045 0.6535069 0.05333 0.7850644 0.05333 0.7692776 0.0735045 0.7850644 0.0735045 0.6245642 0.05333 0.6114085 0.0735045 0.6245642 0.0735045 0.740335 0.05333 0.7271792 0.0735045 0.740335 0.0735045 0.8140071 0.05333 0.7982203 0.0735045 0.8140071 0.0735045 0.913991 0.05333018 0.9008349 0.0735045 0.913991 0.0735045 0.7692776 0.05333 0.7561218 0.0735045 0.7692776 0.0735045 0.8718926 0.05333 0.8561058 0.0735045 0.8718926 0.0735045 0.7982203 0.05333 0.7850644 0.0735045 0.7982203 0.0735045 0.9008349 0.05333 0.8850482 0.0735045 0.9008349 0.0735045 0.8271628 0.05333 0.8140071 0.0735045 0.8271628 0.0735045 0.9297778 0.05333 0.913991 0.0735045 0.9297778 0.0735045 0.8561058 0.05333 0.8429498 0.0735045 0.8561058 0.0735045 0.5245805 0.05333 0.5377362 0.0735045 0.5377362 0.05333 0.5535232 0.05333 0.566679 0.0735045 0.566679 0.05333 0.5377362 0.05333 0.5535232 0.0735045 0.5535232 0.05333 0.5956217 0.05333 0.5824659 0.0735045 0.5956217 0.0735045 0.5956217 0.05333 0.6114085 0.0735045 0.6114085 0.05333 0.566679 0.05333 0.5824659 0.0735045 0.5824659 0.05333 0.6692938 0.05333 0.6824496 0.0735045 0.6824496 0.05333 0.6245642 0.05333 0.6403511 0.0735045 0.6403511 0.05333 0.6824496 0.05333 0.6982365 0.0735045 0.6982365 0.05333 0.6245642 0.05333 0.6114085 0.0735045 0.6114085 0.05333 0.5956217 0.05333 0.6114085 0.0735045 0.5956217 0.0735045 0.6692938 0.05333 0.6824496 0.0735045 0.6692938 0.0735045 0.5087935 0.05333 0.5245805 0.0735045 0.5087935 0.0735045 0.7561218 0.05333 0.740335 0.0735045 0.740335 0.05333 0.740335 0.05333 0.7271792 0.0735045 0.7271792 0.05333 0.5535232 0.05333 0.5377362 0.0735045 0.5377362 0.05333 0.8429498 0.05333 0.8271628 0.0735045 0.8271628 0.05333 0.8850482 0.05333 0.8718926 0.0735045 0.8718926 0.05333 0.566679 0.05333 0.5824659 0.0735045 0.566679 0.0735045 0.9008349 0.05333 0.8850482 0.0735045 0.8850482 0.05333 0.913991 0.05333 0.9008349 0.0735045 0.9008349 0.05333 0.6245642 0.05333 0.6403511 0.0735045 0.6245642 0.0735045 0.5245805 0.05333 0.5377362 0.0735045 0.5245805 0.0735045 0.6535069 0.05333 0.6692938 0.0735045 0.653507 0.0735045 0.5824659 0.05333 0.5956217 0.0735045 0.5824659 0.0735045 0.6824496 0.05333 0.6982365 0.0735045 0.6824496 0.0735045 0.7982203 0.05333 0.7850644 0.0735045 0.7850644 0.05333 0.6403511 0.05333 0.653507 0.0735045 0.6403511 0.0735045 0.7271792 0.05333 0.7113922 0.0735045 0.7113922 0.05333 0.9429338 0.05333 0.9297778 0.0735045 0.9297778 0.05333 0.7113922 0.05333 0.6982365 0.0735045 0.6982365 0.05333 0.7850644 0.05333 0.7692776 0.0735045 0.7692776 0.05333 0.4956377 0.05333 0.5087935 0.0735045 0.4956377 0.0735045 0.7692776 0.05333 0.7561218 0.0735045 0.7561218 0.05333 0.7982203 0.05333 0.8140071 0.0735045 0.7982203 0.0735045 0.5535232 0.05333 0.566679 0.0735045 0.5535232 0.0735045 0.8271628 0.05333 0.8140071 0.0735045 0.8140071 0.05333 0.8718926 0.05333 0.8561058 0.0735045 0.8561058 0.05333 0.8561058 0.05333 0.8429498 0.0735045 0.8429498 0.05333 0.9297778 0.05333 0.913991 0.0735045 0.913991 0.05333 0.6245642 0.0735045 0.6114085 0.0735045 0.6114085 0.0735045 0.6114085 0.0735045 0.5956217 0.0735045 0.5956217 0.0735045 0.6824496 0.0735045 0.6692938 0.0735045 0.6692938 0.0735045 0.5245805 0.0735045 0.5087935 0.0735045 0.5087935 0.0735045 0.7561218 0.0735045 0.740335 0.0735045 0.740335 0.0735045 0.740335 0.0735045 0.7271792 0.0735045 0.7271792 0.0735045 0.5535232 0.0735045 0.5377362 0.0735045 0.5377362 0.0735045 0.8429498 0.0735045 0.8271628 0.0735045 0.8271628 0.0735045 0.8850482 0.0735045 0.8718926 0.0735045 0.8718926 0.0735045 0.5824659 0.0735045 0.566679 0.0735045 0.566679 0.0735045 0.9008349 0.0735045 0.8850482 0.0735045 0.8850482 0.0735045 0.913991 0.0735045 0.9008349 0.0735045 0.9008349 0.0735045 0.6403511 0.0735045 0.6245642 0.0735045 0.6245642 0.0735045 0.5377362 0.0735045 0.5245805 0.0735045 0.5245805 0.0735045 0.6692938 0.0735045 0.653507 0.0735045 0.653507 0.0735045 0.5956217 0.0735045 0.5824659 0.0735045 0.5824659 0.0735045 0.6982365 0.0735045 0.6824496 0.0735045 0.6824496 0.0735045 0.7982203 0.0735045 0.7850644 0.0735045 0.7850644 0.0735045 0.653507 0.0735045 0.6403511 0.0735045 0.6403511 0.0735045 0.7271792 0.0735045 0.7113922 0.0735045 0.7113922 0.0735045 0.9429339 0.0735045 0.9297778 0.0735045 0.9297778 0.0735045 0.7113922 0.0735045 0.6982365 0.0735045 0.6982365 0.0735045 0.7850644 0.0735045 0.7692776 0.0735045 0.7692776 0.0735045 0.5087935 0.0735045 0.4956377 0.0735045 0.4956377 0.0735045 0.7692776 0.0735045 0.7561218 0.0735045 0.7561218 0.0735045 0.8140071 0.0735045 0.7982203 0.0735045 0.7982203 0.0735045 0.566679 0.0735045 0.5535232 0.0735045 0.5535232 0.0735045 0.8271628 0.0735045 0.8140071 0.0735045 0.8140071 0.0735045 0.8718926 0.0735045 0.8561058 0.0735045 0.8561058 0.0735045 0.8561058 0.0735045 0.8429498 0.0735045 0.8429498 0.0735045 0.9297778 0.0735045 0.913991 0.0735045 0.913991 0.0735045 0.8140071 0.0735045 0.8271628 0.0735045 0.8271628 0.0735045 0.913991 0.0735045 0.9297778 0.0735045 0.9297778 0.0735045 0.8429498 0.0735045 0.8561058 0.0735045 0.8561058 0.0735045 0.5245805 0.0735045 0.5377362 0.0735045 0.5377362 0.0735045 0.5087935 0.0735045 0.5245805 0.0735045 0.5245805 0.0735045 0.5535232 0.0735045 0.566679 0.0735045 0.566679 0.0735045 0.5377362 0.0735045 0.5535232 0.0735045 0.5535232 0.0735045 0.5824659 0.0735045 0.5956217 0.0735045 0.5956217 0.0735045 0.5956217 0.0735045 0.6114085 0.0735045 0.6114085 0.0735045 0.566679 0.0735045 0.5824659 0.0735045 0.5824659 0.0735045 0.6692938 0.0735045 0.6824496 0.0735045 0.6824496 0.0735045 0.6245642 0.0735045 0.6403511 0.0735045 0.6403511 0.0735045 0.6824496 0.0735045 0.6982365 0.0735045 0.6982365 0.0735045 0.6982365 0.0735045 0.7113922 0.0735045 0.7113922 0.0735045 0.653507 0.0735045 0.6692938 0.0735045 0.6692938 0.0735045 0.8271628 0.0735045 0.8429498 0.0735045 0.8429498 0.0735045 0.8718926 0.0735045 0.8850482 0.0735045 0.8850482 0.0735045 0.7113922 0.0735045 0.7271792 0.0735045 0.7271792 0.0735045 0.740335 0.0735045 0.7561218 0.0735045 0.7561218 0.0735045 0.6403511 0.0735045 0.653507 0.0735045 0.653507 0.0735045 0.7692776 0.0735045 0.7850644 0.0735045 0.7850644 0.0735045 0.6114085 0.0735045 0.6245642 0.0735045 0.6245642 0.0735045 0.7271792 0.0735045 0.740335 0.0735045 0.740335 0.0735045 0.7982203 0.0735045 0.8140071 0.0735045 0.8140071 0.0735045 0.9008349 0.0735045 0.913991 0.0735045 0.913991 0.0735045 0.7561218 0.0735045 0.7692776 0.0735045 0.7692776 0.0735045 0.8561058 0.0735045 0.8718926 0.0735045 0.8718926 0.0735045 0.7850644 0.0735045 0.7982203 0.0735045 0.7982203 0.0735045 0.06597232 0.4841473 0.04219144 0.9595615 0.04219144 0.4841473 0.11829 0.4841473 0.0945093 0.9595615 0.0945093 0.4841473 0.04219144 0.4841473 0.06597232 0.4841473 0.06597232 0.4841473 0.11829 0.9595615 0.11829 0.4841473 0.11829 0.4841473 0.0945093 0.4841473 0.11829 0.4841473 0.11829 0.4841473 0.06597232 0.9595615 0.04219144 0.9595615 0.04219144 0.9595615 0.0945093 0.9595615 0.0945093 0.4841473 0.0945093 0.4841473 0.04219144 0.9595615 0.04219144 0.4841473 0.04219144 0.4841473 0.0945093 0.9595615 0.06597232 0.4841473 0.0945093 0.4841473 0.06597232 0.9595615 0.06597232 0.4841473 0.06597232 0.4841473 0.146827 0.9595615 0.11829 0.4841473 0.146827 0.4841473 0.11829 0.9595615 0.0945093 0.9595615 0.0945093 0.9595615 0.0945093 0.4841473 0.11829 0.4841473 0.11829 0.4841473 0.146827 0.4841473 0.1706078 0.4841473 0.1706078 0.4841473 0.06597232 0.4841473 0.0945093 0.4841473 0.0945093 0.4841473 0.04219144 0.4841473 0.06597232 0.4841473 0.06597232 0.4841473 0.11829 0.4841473 0.146827 0.4841473 0.146827 0.4841473 0.11829 0.9595615 0.0945093 0.9595615 0.0945093 0.9595615 0.06597232 0.9595615 0.04219144 0.9595615 0.04219144 0.9595615 0.0945093 0.9595615 0.06597232 0.9595615 0.06597232 0.9595615 0.146827 0.9595615 0.11829 0.9595615 0.11829 0.9595615 0.0945093 0.9595615 0.06597232 0.987114 0.06597232 0.9595615 0.11829 0.9595615 0.0945093 0.987114 0.0945093 0.9595615 0.06597232 0.9595615 0.04219144 0.987114 0.04219144 0.9595615 0.04219144 0.4841473 0.06597232 0.4565947 0.06597232 0.4841473 0.0945093 0.4841473 0.11829 0.4565947 0.11829 0.4841473 0.06597232 0.4841473 0.0945093 0.4565947 0.0945093 0.4841473 0.4377525 0.05333 0.4509081 0.0735045 0.4509083 0.05333 0.4666951 0.05333 0.4798507 0.0735045 0.4798507 0.05333 0.4509083 0.05333 0.4666951 0.0735045 0.4666951 0.05333 0.4509083 0.05333 0.4666951 0.0735045 0.4509081 0.0735045 0.4666951 0.05333 0.4798507 0.0735045 0.4666951 0.0735045 0.4377525 0.05333 0.4509081 0.0735045 0.4377524 0.0735045 0.4666951 0.0735045 0.4509081 0.0735045 0.4509081 0.0735045 0.4798507 0.0735045 0.4666951 0.0735045 0.4666951 0.0735045 0.4509081 0.0735045 0.4377524 0.0735045 0.4377524 0.0735045 0.4377524 0.0735045 0.4509081 0.0735045 0.4509081 0.0735045 0.1706078 0.4841473 0.146827 0.9595615 0.146827 0.4841473 0.146827 0.4841473 0.1706078 0.4841473 0.1706078 0.4841473 0.1706078 0.9595615 0.146827 0.9595615 0.146827 0.9595615 0.146827 0.9595615 0.146827 0.4841473 0.146827 0.4841473 0.1991447 0.9595615 0.1706078 0.4841473 0.1991447 0.4841473 0.1706078 0.9595615 0.1706078 0.4841473 0.1706078 0.4841473 0.1706078 0.4841473 0.1991447 0.4841473 0.1991447 0.4841473 0.1706078 0.9595615 0.146827 0.9595615 0.146827 0.9595615 0.1991447 0.9595615 0.1706078 0.9595615 0.1706078 0.9595615 0.1991447 0.9595615 0.1706078 0.987114 0.1706078 0.9595615 0.1706078 0.9595615 0.146827 0.987114 0.146827 0.9595615 0.146827 0.4841473 0.1706078 0.4565947 0.1706078 0.4841473 0.1706078 0.4841473 0.1991447 0.4565947 0.1991447 0.4841473 0.5087935 0.05333 0.4956377 0.0735045 0.5087935 0.0735045 0.5087935 0.05333 0.5245805 0.0735045 0.5245805 0.05333 0.4956377 0.0735045 0.5087935 0.0735045 0.5087935 0.0735045 0.146827 0.9595615 0.11829 0.987114 0.11829 0.9595615 0.11829 0.4841473 0.146827 0.4565947 0.146827 0.4841473 0.4798507 0.05333 0.4956377 0.0735045 0.4956377 0.05333 0.4798507 0.05333 0.4956377 0.0735045 0.4798507 0.0735045 0.4956377 0.0735045 0.4798507 0.0735045 0.4798507 0.0735045 0.4798507 0.0735045 0.4956377 0.0735045 0.4956377 0.0735045 0.9297778 0.3733448 0.913991 0.0735045 0.9297778 0.0735045 0.466695 0.3733448 0.4798507 0.0735045 0.4798507 0.3733448 0.6114085 0.3733448 0.6245642 0.0735045 0.6245641 0.3733448 0.4956377 0.3733448 0.5087935 0.0735045 0.5087935 0.3733448 0.6692938 0.3733448 0.6824496 0.0735045 0.6824496 0.3733448 0.5535231 0.3733448 0.566679 0.0735045 0.5666788 0.3733448 0.7271792 0.3733448 0.740335 0.0735045 0.740335 0.3733448 0.5087935 0.3733448 0.5245805 0.0735045 0.5245805 0.3733448 0.8718926 0.3733448 0.8850482 0.0735045 0.8850482 0.3733448 0.5377362 0.3733448 0.5535232 0.0735045 0.5535231 0.3733448 0.913991 0.3733448 0.9008349 0.0735045 0.913991 0.0735045 0.5666788 0.3733448 0.5824659 0.0735045 0.5824657 0.3733448 0.5245805 0.3733448 0.5377362 0.0735045 0.5377362 0.3733448 0.6245641 0.3733448 0.6403511 0.0735045 0.640351 0.3733448 0.5824657 0.3733448 0.5956217 0.0735045 0.5956217 0.3733448 0.6535069 0.3733448 0.6692938 0.0735045 0.6692938 0.3733448 0.640351 0.3733448 0.653507 0.0735045 0.6535069 0.3733448 0.6824496 0.3733448 0.6982365 0.0735045 0.6982364 0.3733448 0.5956217 0.3733448 0.6114085 0.0735045 0.6114085 0.3733448 0.6982364 0.3733448 0.7113922 0.0735045 0.7113921 0.3733448 0.7113921 0.3733448 0.7271792 0.0735045 0.7271792 0.3733448 0.740335 0.3733448 0.7561218 0.0735045 0.7561218 0.3733448 0.7561218 0.3733448 0.7692776 0.0735045 0.7692776 0.3733448 0.7692776 0.3733448 0.7850644 0.0735045 0.7850644 0.3733448 0.4956377 0.3733448 0.4798507 0.0735045 0.4956377 0.0735045 0.8271628 0.3733448 0.8429498 0.0735045 0.8429498 0.3733448 0.8140071 0.3733448 0.8271628 0.0735045 0.8271628 0.3733448 0.7982201 0.3733448 0.8140071 0.0735045 0.8140071 0.3733448 0.4377524 0.2234247 0.4377524 0.0735045 0.4509081 0.0735045 0.8850482 0.3733448 0.9008349 0.0735045 0.9008349 0.3733448 0.8561058 0.3733448 0.8429498 0.0735045 0.8561058 0.0735045 0.8561058 0.3733448 0.8718926 0.0735045 0.8718926 0.3733448 0.4509081 0.3733448 0.4666951 0.0735045 0.466695 0.3733448 0.7850644 0.3733448 0.7982203 0.0735045 0.7982201 0.3733448 0.4798507 0.0735045 0.4666951 0.0735045 0.4798507 0.0735045 0.4666951 0.0735045 0.4509081 0.0735045 0.4666951 0.0735045 0.7113921 0.3733448 0.6982365 0.0735045 0.6982364 0.3733448 0.640351 0.3733448 0.6245642 0.0735045 0.6245641 0.3733448 0.8850482 0.3733448 0.8718926 0.0735045 0.8718926 0.3733448 0.6535069 0.3733448 0.6692938 0.0735045 0.653507 0.0735045 0.6535069 0.3733448 0.6403511 0.0735045 0.640351 0.3733448 0.7271792 0.3733448 0.7113922 0.0735045 0.7113921 0.3733448 0.740335 0.3733448 0.7271792 0.0735045 0.7271792 0.3733448 0.7561218 0.3733448 0.740335 0.0735045 0.740335 0.3733448 0.7692776 0.3733448 0.7561218 0.0735045 0.7561218 0.3733448 0.7850644 0.3733448 0.7692776 0.0735045 0.7692776 0.3733448 0.4956377 0.3733448 0.5087935 0.0735045 0.4956377 0.0735045 0.5824657 0.3733448 0.566679 0.0735045 0.5666788 0.3733448 0.7982201 0.3733448 0.7850644 0.0735045 0.7850644 0.3733448 0.8140071 0.3733448 0.7982203 0.0735045 0.7982201 0.3733448 0.6982364 0.3733448 0.6824496 0.0735045 0.6824496 0.3733448 0.8271628 0.3733448 0.8140071 0.0735045 0.8140071 0.3733448 0.466695 0.3733448 0.4509081 0.0735045 0.4509081 0.3733448 0.8718926 0.3733448 0.8561058 0.0735045 0.8561058 0.3733448 0.8429498 0.3733448 0.8271628 0.0735045 0.8271628 0.3733448 0.8561058 0.3733448 0.8429498 0.0735045 0.8429498 0.3733448 0.4956377 0.3733448 0.4798507 0.0735045 0.4798507 0.3733448 0.9008349 0.3733448 0.8850482 0.0735045 0.8850482 0.3733448 0.9429338 0.3733448 0.9297778 0.0735045 0.9297778 0.3733448 0.4798507 0.3733448 0.4666951 0.0735045 0.466695 0.3733448 0.9297778 0.3733448 0.913991 0.0735045 0.913991 0.3733448 0.6245641 0.3733448 0.6114085 0.0735045 0.6114085 0.3733448 0.5377362 0.3733448 0.5245805 0.0735045 0.5245805 0.3733448 0.913991 0.3733448 0.9008349 0.0735045 0.9008349 0.3733448 0.5666788 0.3733448 0.5535232 0.0735045 0.5535231 0.3733448 0.5245805 0.3733448 0.5087935 0.0735045 0.5087935 0.3733448 0.5956217 0.3733448 0.5824659 0.0735045 0.5824657 0.3733448 0.5535231 0.3733448 0.5377362 0.0735045 0.5377362 0.3733448 0.6824496 0.3733448 0.6692938 0.0735045 0.6692938 0.3733448 0.6114085 0.3733448 0.5956217 0.0735045 0.5956217 0.3733448 0.04219144 0.4841473 0.04219144 0.9595613 0.04219144 0.9595613 0.04219144 0.9595615 0.04219144 0.4841473 0.04219144 0.9595615 0.9553751 0.4841473 0.9553751 0.9595615 0.9553751 0.9595615 0.955375 0.9595613 0.955375 0.4841473 0.955375 0.9595613 0.955375 0.4841473 0.955375 0.9595613 0.955375 0.4841473 0.9553751 0.9595615 0.9553751 0.4841473 0.9553751 0.4841473 0.9429338 0.3733448 0.9617274 0.3935192 0.9617274 0.3733448 0.9429339 0.0735045 0.9617274 0.05333 0.9617276 0.0735045 0.955375 0.9595613 0.9893477 0.4841473 0.955375 0.4841473 0.9553751 0.4565947 0.9893477 0.4841473 0.9553751 0.4841473 0.9553751 0.4841473 0.9893477 0.9595615 0.9553751 0.9595615 0.955375 0.987114 0.9893477 0.9595613 0.955375 0.9595613 0.3668664 0.376473 0.04022806 0.3764721 0.3668664 0.376473 0.9553751 0.9595615 0.9893477 0.987114 0.9553751 0.987114 0.955375 0.4841473 0.9893477 0.4565947 0.955375 0.4565947 0.4377524 0.3733448 0.4189585 0.3935194 0.4189584 0.373345 0.04219144 0.9595613 0.008218884 0.987114 0.04219144 0.987114 0.04219144 0.4565947 0.008218884 0.4841473 0.04219144 0.4841473 0.04219144 0.4841473 0.008218884 0.9595613 0.04219144 0.9595613 0.04219144 0.9595615 0.008218884 0.4841473 0.04219144 0.4841473 0.7516372 0.4669506 0.7516372 0.5000138 0.7516372 0.5000138 0.4377524 0.0735045 0.4189585 0.05333 0.4377525 0.05333 0.04219144 0.987114 0.008218884 0.9595615 0.04219144 0.9595615 0.4377524 0.0735045 0.4189585 0.05333 0.4189584 0.0735045 0.04219144 0.4841473 0.008218884 0.4565947 0.04219144 0.4565947 0.3668665 0.07425576 0.3668665 0.0567407 0.388844 0.07425576 0.04022794 0.3160296 0.04022794 0.376473 0.01825052 0.376473 0.3668664 0.07425564 0.3668664 0.1346991 0.3668664 0.1346991 0.04022806 0.07425564 0.04022806 0.1346991 0.04022806 0.1346991 0.3668665 0.3764731 0.3668665 0.3160296 0.3668665 0.3160296 0.04022794 0.376473 0.2035471 0.3160296 0.2035471 0.376473 0.04022794 0.1951426 0.2035471 0.1951426 0.2035471 0.1951426 0.2035471 0.1951426 0.3668665 0.2555861 0.2035471 0.2555861 0.2035471 0.2555861 0.04022794 0.2555861 0.04022794 0.2555861 0.3668665 0.1346993 0.3668665 0.07425576 0.3668665 0.07425576 0.3668665 0.1951426 0.3668665 0.1346993 0.3668665 0.1346993 0.3668665 0.2555861 0.3668665 0.1951426 0.3668665 0.1951426 0.3668665 0.3160296 0.3668665 0.2555861 0.3668665 0.2555861 0.04022794 0.3160296 0.04022794 0.376473 0.04022794 0.376473 0.04022794 0.2555861 0.04022794 0.3160296 0.04022794 0.3160296 0.04022794 0.1951426 0.04022794 0.2555861 0.04022794 0.2555861 0.04022794 0.1346993 0.04022794 0.1951426 0.04022794 0.1951426 0.3668664 0.1346991 0.04022806 0.07425564 0.04022806 0.1346991 0.3668665 0.1346993 0.2035471 0.1346993 0.2035471 0.1346993 0.3668664 0.255586 0.04022806 0.1951426 0.04022806 0.255586 0.04022794 0.3160296 0.2035471 0.3160296 0.2035471 0.3160296 0.04022806 0.255586 0.04022806 0.3160295 0.04022806 0.3160295 0.04022806 0.1951426 0.04022806 0.255586 0.04022806 0.255586 0.04022806 0.1346991 0.04022806 0.1951426 0.04022806 0.1951426 0.3668664 0.3160295 0.3668664 0.376473 0.3668664 0.376473 0.3668664 0.255586 0.3668664 0.3160295 0.3668664 0.3160295 0.3668664 0.1951426 0.3668664 0.255586 0.3668664 0.255586 0.3668664 0.1346991 0.3668664 0.1951426 0.3668664 0.1951426 0.04022794 0.2555861 0.04022794 0.3160296 0.04022794 0.2555861 0.04022794 0.1346993 0.04022806 0.1951426 0.04022794 0.1951426 0.3668665 0.1951426 0.3668665 0.1346993 0.3668665 0.1951426 0.3668665 0.3160296 0.3668665 0.2555861 0.3668665 0.2555861 0.04022794 0.2555861 0.2035471 0.3160296 0.04022794 0.3160296 0.2035471 0.1951426 0.3668665 0.1346993 0.3668665 0.1951426 0.04022806 0.1346991 0.3668664 0.1346991 0.3668664 0.1346991 0.04022806 0.255586 0.3668664 0.2555861 0.3668664 0.255586 0.3668664 0.1951426 0.04022806 0.1951426 0.04022806 0.1951426 0.3668664 0.3160295 0.04022806 0.3160295 0.04022806 0.3160295 0.3668664 0.255586 0.3668664 0.3160295 0.3668664 0.3160295 0.3668664 0.1346991 0.3668664 0.1951426 0.3668664 0.1951426 0.04022806 0.3160295 0.04022806 0.255586 0.04022806 0.3160295 0.04022806 0.1951426 0.04022806 0.1346991 0.04022806 0.1951426 0.3668664 0.3160295 0.04022806 0.255586 0.04022806 0.3160295 0.3668664 0.1951426 0.04022806 0.1346991 0.04022806 0.1951426 0.9617274 0.3733448 0.9429338 0.0735045 0.9429338 0.3733448 0.1943809 0.500012 0.1943811 0.4669489 0.1943811 0.4669489 0.9617276 0.0735045 0.9429339 0.373345 0.9429339 0.0735045 0.9429339 0.0735045 0.9429339 0.3733448 0.9429339 0.0735045 0.3668664 0.376473 0.04022794 0.3939871 0.3668664 0.393988 0.4377524 0.373345 0.4377524 0.373345 0.4377524 0.2234247 0.9297778 0.3733448 0.9429334 0.3935194 0.9297778 0.3935194 0.9297778 0.3733448 0.9429339 0.373345 0.9297778 0.3733448 0.4509081 0.3733448 0.4377524 0.3935194 0.4509081 0.3935194 0.4509081 0.3733448 0.4377524 0.373345 0.4377524 0.373345 0.9297778 0.05333 0.9429338 0.0735045 0.9429338 0.05333 0.9429338 0.0735045 0.9297778 0.0735045 0.9429339 0.0735045 0.9297778 0.3733448 0.9429339 0.0735045 0.9429339 0.3733448 0.4509081 0.0735045 0.4377524 0.0735045 0.4377524 0.2234247 0.04022806 0.07425564 0.3668664 0.07425564 0.3668664 0.07425564 0.9429338 0.05333 0.9617274 0.0735045 0.9617274 0.05333 0.9429339 0.373345 0.9617274 0.3935194 0.9429334 0.3935194 0.5735212 0.2174569 0.5488089 0.2174569 0.5488089 0.2174569 0.4377524 0.0735045 0.4377524 0.0735045 0.4377524 0.2234247 0.1487489 0.05603218 0.1487489 0.03501415 0.1487489 0.03501415 0.4377524 0.373345 0.4189585 0.3935194 0.4377524 0.3935194 0.3668665 0.07425576 0.2035471 0.0567407 0.3668665 0.0567407 0.04022806 0.07425564 0.04022806 0.05674052 0.01825076 0.07425564 0.3668664 0.376473 0.3668664 0.393988 0.3888439 0.393988 0.04022794 0.07425576 0.04022794 0.1346993 0.04022794 0.1346993 0.2035471 0.1346993 0.3668665 0.07425576 0.3668665 0.1346993 0.3668664 0.3160295 0.04022806 0.3764721 0.3668664 0.376473 0.04022806 0.3764721 0.04022806 0.3160295 0.04022806 0.3764721 0.04022806 0.05674052 0.3668664 0.07425564 0.3668665 0.05674064 0.9429338 0.3733448 0.9429339 0.0735045 0.9429338 0.3733448 0.04022794 0.376473 0.2035471 0.376473 0.04022794 0.376473 0.2035471 0.376473 0.3668664 0.3939881 0.2035471 0.3939881 0.4189584 0.2234247 0.4189584 0.0735045 0.4377524 0.0735045 0.3668665 0.07425576 0.2035471 0.07425576 0.3668665 0.07425576 0.4189584 0.2234247 0.4189584 0.3733448 0.4377524 0.373345 0.04022794 0.376473 0.2035471 0.3939881 0.04022794 0.3939881 0.2035471 0.07425576 0.04022794 0.0567407 0.2035471 0.0567407 0.04022794 0.1951426 0.2035471 0.2555861 0.04022794 0.2555861 0.04022794 0.1346993 0.2035471 0.07425576 0.2035471 0.1346993 0.2035471 0.1346993 0.04022794 0.1346993 0.04022794 0.1346993 0.2035471 0.07425576 0.04022794 0.07425576 0.2035471 0.07425576 0.3668665 0.2555861 0.2035471 0.2555861 0.2035471 0.2555861 0.2035471 0.376473 0.3668665 0.3764731 0.2035471 0.376473 0.2035471 0.376473 0.3668665 0.3160296 0.3668665 0.3764731 0.2035471 0.3160296 0.3668665 0.3160296 0.3668665 0.3160296 0.2035471 0.1951426 0.3668665 0.1951426 0.3668665 0.1951426 0.2035471 0.3160296 0.3668665 0.2555861 0.3668665 0.3160296 0.2035471 0.1346993 0.04022806 0.1951426 0.04022794 0.1346993 0.1981706 0.376473 0.1981706 0.07425576 0.1981706 0.376473 0.2089237 0.376473 0.1981706 0.07425576 0.1981706 0.376473 0.2089237 0.376473 0.2089237 0.07425576 0.2089237 0.376473 0.1981706 0.376473 0.2089237 0.07425576 0.2089237 0.376473 0.1981706 0.07425576 0.2089237 0.07425576 0.1981706 0.07425576 0.2089237 0.376473 0.1981706 0.376473 0.1981706 0.376473 0.3010547 0.9999998 0.3248406 0.9999999 0.3248406 0 0.588177 0.9999999 0.6119629 0.9999999 0.6119624 0 0.6693872 0.9999998 0.6931731 0.9999999 0.6931732 0 0.2436307 0.9999999 0.2674166 0.9999999 0.2674166 0 0.5545389 0.9999999 0.588177 0.9999999 0.5881766 0 0.8851513 0 0.8515132 0 0.8515136 0.9999999 0.6931731 0.9999999 0.7268112 0.9999998 0.7268114 0 0.2674166 0.9999999 0.3010547 0.9999998 0.3010548 0 0.4634755 0 0.4396895 0 0.4396899 1 0.4159036 0.9999999 0.4396895 1 0.439689 0 0.1624208 0.9999998 0.1862066 0.9999998 0.1862069 0 0.2198447 0.9999998 0.2436306 0.9999998 0.2436307 0 0.3822656 0.9999999 0.4159036 0.9999999 0.4159033 0 0.8515127 0 0.8178744 0 0.817875 0.9999998 0.1862066 0.9999998 0.2198447 0.9999998 0.2198449 0 0.4971134 0 0.4634755 0 0.4634757 1 0.1049963 0 0.08121073 0 0.08121103 0.9999999 0.5307527 0.9999999 0.5545384 0.9999999 0.554538 0 0.7268114 0.9999998 0.7505972 0.9999998 0.7505974 0 0.1624205 0 0.1386347 0 0.138635 0.9999999 0.4971145 0.9999999 0.5307527 0.9999999 0.5307522 0 0.7842364 1 0.8178744 1 0.8178738 0 0.7505972 0.9999998 0.7842354 0.9999999 0.7842357 0 0.1386347 0 0.1049963 0 0.1049969 0.9999999 0.3248412 1 0.3486269 0.9999999 0.3486263 0 5.4576e-7 0.9999998 0.02378666 0.9999998 0.02378612 0 0.05742454 0.9999998 0.08121073 0.9999998 0.08121013 0 0.6119631 0.9999998 0.6357492 0.9999999 0.635749 0 0.3486269 0.9999999 0.382265 0.9999999 0.3822645 0 0.02378666 0.9999998 0.05742454 0.9999998 0.057424 0 0.8851518 0.9999999 0.9187899 0.9999998 0.9187901 0 0.6357492 0.9999999 0.6693872 0.9999999 0.6693869 0 0.3037805 0.4841473 0.3037805 0.9595613 0.3037805 0.9595613 0.3560982 0.9595613 0.379879 0.9595613 0.379879 0.4841473 0.4607338 0.9595613 0.4845147 0.9595613 0.4845147 0.4841473 0.6176874 0.4841473 0.6176874 0.9595613 0.6176874 0.9595613 0.6414682 0.4841473 0.6414682 0.9595613 0.6414682 0.9595613 0.7746408 0.4841473 0.7746408 0.9595613 0.7746408 0.9595613 0.7461038 0.4841473 0.7461038 0.9595613 0.7746408 0.9595613 0.7461038 0.4841473 0.7461038 0.9595613 0.7461038 0.9595613 0.8269587 0.9595613 0.8507393 0.9595613 0.8507393 0.4841473 0.8792762 0.9595613 0.9030572 0.9595613 0.9030572 0.4841473 0.931594 0.9595613 0.955375 0.9595613 0.955375 0.4841473 0.1991448 0.9595613 0.2229257 0.9595613 0.2229257 0.4841473 0.2514627 0.9595613 0.2752435 0.9595613 0.2752435 0.4841473 0.3037805 0.9595613 0.3275613 0.9595613 0.3275613 0.4841473 0.408416 0.9595613 0.4321969 0.9595613 0.4321969 0.4841473 0.5130518 0.9595613 0.5368326 0.9595613 0.5368326 0.4841473 0.4845147 0.4841473 0.4845147 0.9595613 0.4845147 0.9595613 0.5653696 0.9595613 0.5891504 0.9595613 0.5891504 0.4841473 0.6176874 0.9595613 0.6414682 0.9595613 0.6414682 0.4841473 0.6700052 0.9595613 0.6937859 0.9595613 0.6937859 0.4841473 0.7223229 0.9595613 0.7461038 0.9595613 0.7461038 0.4841473 0.7746408 0.9595613 0.7984216 0.9595613 0.7984216 0.4841473 0.8507393 0.4841473 0.8507393 0.9595613 0.8507393 0.9595613 0.955375 0.4841473 0.931594 0.4841473 0.931594 0.4841473 0.379879 0.4841473 0.3560982 0.4841473 0.3560982 0.4841473 0.9030572 0.4841473 0.8792762 0.4841473 0.8792762 0.4841473 0.3560982 0.4841473 0.3560982 0.9595613 0.3560982 0.9595613 0.3275613 0.4841473 0.3275613 0.9595613 0.3560982 0.9595613 0.408416 0.4841473 0.408416 0.9595613 0.408416 0.9595613 0.4607338 0.4841473 0.4607338 0.9595613 0.4607338 0.9595613 0.5891504 0.4841473 0.5891504 0.9595613 0.6176874 0.9595613 0.7223229 0.4841473 0.7223229 0.9595613 0.7223229 0.9595613 0.8269587 0.4841473 0.8269587 0.9595613 0.8269587 0.9595613 0.8792762 0.4841473 0.8792762 0.9595613 0.8792762 0.9595613 0.8507393 0.4841473 0.8507393 0.9595613 0.8792762 0.9595613 0.2229257 0.4841473 0.2229257 0.9595613 0.2229257 0.9595613 0.3275613 0.4841473 0.3275613 0.9595613 0.3275613 0.9595613 0.5368326 0.4841473 0.5368326 0.9595613 0.5368326 0.9595613 0.5891504 0.4841473 0.5891504 0.9595613 0.5891504 0.9595613 0.4845147 0.4841473 0.4607338 0.4841473 0.4607338 0.4841473 0.8507393 0.4841473 0.8269587 0.4841473 0.8269587 0.4841473 0.2752435 0.4841473 0.2514627 0.4841473 0.2514627 0.4841473 0.6414682 0.4841473 0.6176874 0.4841473 0.6176874 0.4841473 0.3275613 0.4841473 0.3037805 0.4841473 0.3037805 0.4841473 0.7984216 0.4841473 0.7746408 0.4841473 0.7746408 0.4841473 0.2229257 0.4841473 0.1991448 0.4841473 0.1991448 0.4841473 0.6937859 0.4841473 0.6700052 0.4841473 0.6700052 0.4841473 0.5368326 0.4841473 0.5130518 0.4841473 0.5130518 0.4841473 0.4321969 0.4841473 0.408416 0.4841473 0.408416 0.4841473 0.5891504 0.4841473 0.5653696 0.4841473 0.5653696 0.4841473 0.7461038 0.4841473 0.7223229 0.4841473 0.7223229 0.4841473 0.408416 0.4841473 0.379879 0.4841473 0.379879 0.4841473 0.6700052 0.9595613 0.6700052 0.9595613 0.6937859 0.9595613 0.2514627 0.9595613 0.2752435 0.9595613 0.2752435 0.9595613 0.931594 0.9595613 0.931594 0.9595613 0.955375 0.9595613 0.1991448 0.4841473 0.1991448 0.9595613 0.1991448 0.9595613 0.2752435 0.4841473 0.2752435 0.9595613 0.3037805 0.9595613 0.4321969 0.4841473 0.4321969 0.9595613 0.4321969 0.9595613 0.5130518 0.4841473 0.5130518 0.9595613 0.5130518 0.9595613 0.4845147 0.4841473 0.4845147 0.9595613 0.5130518 0.9595613 0.5653696 0.4841473 0.5653696 0.9595613 0.5653696 0.9595613 0.2752435 0.4841473 0.2752435 0.9595613 0.2752435 0.9595613 0.6937859 0.4841473 0.6937859 0.9595613 0.6937859 0.9595613 0.2514627 0.4841473 0.2514627 0.9595613 0.2514627 0.9595613 0.2229257 0.4841473 0.2229257 0.9595613 0.2514627 0.9595613 0.379879 0.4841473 0.379879 0.9595613 0.408416 0.9595613 0.4321969 0.4841473 0.4321969 0.9595613 0.4607338 0.9595613 0.5368326 0.4841473 0.5368326 0.9595613 0.5653696 0.9595613 0.6700052 0.4841473 0.6700052 0.9595613 0.6700052 0.9595613 0.6414682 0.4841473 0.6414682 0.9595613 0.6700052 0.9595613 0.6937859 0.4841473 0.6937859 0.9595613 0.7223229 0.9595613 0.7984216 0.4841473 0.7984216 0.9595613 0.8269587 0.9595613 0.7984216 0.4841473 0.7984216 0.9595613 0.7984216 0.9595613 0.931594 0.4841473 0.931594 0.9595613 0.931594 0.9595613 0.9030572 0.4841473 0.9030572 0.9595613 0.931594 0.9595613 0.379879 0.4841473 0.379879 0.9595613 0.379879 0.9595613 0.9030572 0.4841473 0.9030572 0.9595613 0.9030572 0.9595613 0.7223229 0.9595613 0.7461038 0.9595613 0.7461038 0.9595613 0.3560982 0.9595613 0.3560982 0.9595613 0.379879 0.9595613 0.408416 0.9595613 0.4321969 0.9595613 0.4321969 0.9595613 0.1991448 0.9595613 0.2229257 0.9595613 0.2229257 0.9595613 0.6176874 0.9595613 0.6414682 0.9595613 0.6414682 0.9595613 0.4607338 0.9595613 0.4607338 0.9595613 0.4845147 0.9595613 0.7746408 0.9595613 0.7984216 0.9595613 0.7984216 0.9595613 0.5130518 0.9595613 0.5368326 0.9595613 0.5368326 0.9595613 0.5653696 0.9595613 0.5653696 0.9595613 0.5891504 0.9595613 0.8269587 0.9595613 0.8269587 0.9595613 0.8507393 0.9595613 0.8792762 0.9595613 0.8792762 0.9595613 0.9030572 0.9595613 0.3037805 0.9595613 0.3275613 0.9595613 0.3275613 0.9595613 0.7461038 0.4841473 0.7223229 0.4841473 0.7223229 0.4841473 0.931594 0.4841473 0.9030572 0.4841473 0.9030572 0.4841473 0.7984216 0.4841473 0.7746408 0.4841473 0.7746408 0.4841473 0.4607338 0.4841473 0.4321969 0.4841473 0.4321969 0.4841473 0.955375 0.4841473 0.931594 0.4841473 0.931594 0.4841473 0.2229257 0.4841473 0.1991448 0.4841473 0.1991448 0.4841473 0.7746408 0.4841473 0.7461038 0.4841473 0.7461038 0.4841473 0.2752435 0.4841473 0.2514627 0.4841473 0.2514627 0.4841473 0.5653696 0.4841473 0.5368326 0.4841473 0.5368326 0.4841473 0.3275613 0.4841473 0.3037805 0.4841473 0.3037805 0.4841473 0.4845147 0.4841473 0.4607338 0.4841473 0.4607338 0.4841473 0.5130518 0.4841473 0.4845147 0.4841473 0.4845147 0.4841473 0.6176874 0.4841473 0.5891504 0.4841473 0.5891504 0.4841473 0.379879 0.4841473 0.3560982 0.4841473 0.3560982 0.4841473 0.5368326 0.4841473 0.5130518 0.4841473 0.5130518 0.4841473 0.6700052 0.4841473 0.6414682 0.4841473 0.6414682 0.4841473 0.9030572 0.4841473 0.8792762 0.4841473 0.8792762 0.4841473 0.8507393 0.4841473 0.8269587 0.4841473 0.8269587 0.4841473 0.2514627 0.4841473 0.2229257 0.4841473 0.2229257 0.4841473 0.7223229 0.4841473 0.6937859 0.4841473 0.6937859 0.4841473 0.4321969 0.4841473 0.408416 0.4841473 0.408416 0.4841473 0.5891504 0.4841473 0.5653696 0.4841473 0.5653696 0.4841473 0.8269587 0.4841473 0.7984216 0.4841473 0.7984216 0.4841473 0.3037805 0.4841473 0.2752435 0.4841473 0.2752435 0.4841473 0.3560982 0.4841473 0.3275613 0.4841473 0.3275613 0.4841473 0.6414682 0.4841473 0.6176874 0.4841473 0.6176874 0.4841473 0.6937859 0.4841473 0.6700052 0.4841473 0.6700052 0.4841473 0.8792762 0.4841473 0.8507393 0.4841473 0.8507393 0.4841473 0.2752435 0.9595613 0.3037805 0.9595613 0.3037805 0.9595613 0.8269587 0.9595613 0.8507393 0.9595613 0.8507393 0.9595613 0.5891504 0.9595613 0.6176874 0.9595613 0.6176874 0.9595613 0.379879 0.9595613 0.408416 0.9595613 0.408416 0.9595613 0.8792762 0.9595613 0.9030572 0.9595613 0.9030572 0.9595613 0.1991448 0.9595613 0.2229257 0.9595613 0.2229257 0.9595613 0.7461038 0.9595613 0.7746408 0.9595613 0.7746408 0.9595613 0.4321969 0.9595613 0.4607338 0.9595613 0.4607338 0.9595613 0.3275613 0.9595613 0.3560982 0.9595613 0.3560982 0.9595613 0.3037805 0.9595613 0.3275613 0.9595613 0.3275613 0.9595613 0.408416 0.9595613 0.4321969 0.9595613 0.4321969 0.9595613 0.4845147 0.9595613 0.5130518 0.9595613 0.5130518 0.9595613 0.5130518 0.9595613 0.5368326 0.9595613 0.5368326 0.9595613 0.6700052 0.9595613 0.6937859 0.9595613 0.6937859 0.9595613 0.8507393 0.9595613 0.8792762 0.9595613 0.8792762 0.9595613 0.6176874 0.9595613 0.6414682 0.9595613 0.6414682 0.9595613 0.931594 0.9595613 0.955375 0.9595613 0.955375 0.9595613 0.5368326 0.9595613 0.5653696 0.9595613 0.5653696 0.9595613 0.7223229 0.9595613 0.7461038 0.9595613 0.7461038 0.9595613 0.6414682 0.9595613 0.6700052 0.9595613 0.6700052 0.9595613 0.7746408 0.9595613 0.7984216 0.9595613 0.7984216 0.9595613 0.2514627 0.9595613 0.2752435 0.9595613 0.2752435 0.9595613 0.6937859 0.9595613 0.7223229 0.9595613 0.7223229 0.9595613 0.3560982 0.9595613 0.379879 0.9595613 0.379879 0.9595613 0.7984216 0.9595613 0.8269587 0.9595613 0.8269587 0.9595613 0.2229257 0.9595613 0.2514627 0.9595613 0.2514627 0.9595613 0.4607338 0.9595613 0.4845147 0.9595613 0.4845147 0.9595613 0.9030572 0.9595613 0.931594 0.9595613 0.931594 0.9595613 0.5653696 0.9595613 0.5891504 0.9595613 0.5891504 0.9595613 0.2514627 0.987114 0.2752435 0.987114 0.2752435 0.9595613 0.7223229 0.987114 0.7461038 0.987114 0.7461038 0.9595613 0.7984216 0.987114 0.8269587 0.987114 0.8269587 0.9595613 0.7746408 0.987114 0.7984216 0.987114 0.7984216 0.9595613 0.9030572 0.987114 0.931594 0.987114 0.931594 0.9595613 0.3560982 0.987114 0.379879 0.987114 0.379879 0.9595613 0.3275613 0.987114 0.3560982 0.987114 0.3560982 0.9595613 0.4607338 0.987114 0.4845147 0.987114 0.4845147 0.9595613 0.5891504 0.987114 0.6176874 0.987114 0.6176874 0.9595613 0.5653696 0.987114 0.5891504 0.987114 0.5891504 0.9595613 0.2229257 0.987114 0.2514627 0.987114 0.2514627 0.9595613 0.7461038 0.987114 0.7746408 0.987114 0.7746408 0.9595613 0.8269587 0.987114 0.8507393 0.987114 0.8507393 0.9595613 0.2752435 0.987114 0.3037805 0.987114 0.3037805 0.9595613 0.8507393 0.987114 0.8792762 0.987114 0.8792762 0.9595613 0.8792762 0.987114 0.9030572 0.987114 0.9030572 0.9595613 0.379879 0.987114 0.408416 0.987114 0.408416 0.9595613 0.1991448 0.987114 0.2229257 0.987114 0.2229257 0.9595613 0.4321969 0.987114 0.4607338 0.987114 0.4607338 0.9595613 0.3037805 0.987114 0.3275613 0.987114 0.3275613 0.9595613 0.4845147 0.987114 0.5130518 0.987114 0.5130518 0.9595613 0.6700052 0.987114 0.6937859 0.987114 0.6937859 0.9595613 0.408416 0.987114 0.4321969 0.987114 0.4321969 0.9595613 0.5368326 0.987114 0.5653696 0.987114 0.5653696 0.9595613 0.931594 0.987114 0.955375 0.987114 0.955375 0.9595613 0.5130518 0.987114 0.5368326 0.987114 0.5368326 0.9595613 0.6414682 0.987114 0.6700052 0.987114 0.6700052 0.9595613 0.6176874 0.987114 0.6414682 0.987114 0.6414682 0.9595613 0.6937859 0.987114 0.7223229 0.987114 0.7223229 0.9595613 0.7113921 0.3935194 0.7113921 0.3733448 0.6982364 0.3733448 0.3275613 0.4565947 0.3037805 0.4565947 0.3037805 0.4841473 0.3560982 0.4565947 0.3275613 0.4565947 0.3275613 0.4841473 0.3037805 0.4565947 0.2752435 0.4565947 0.2752435 0.4841473 0.4845147 0.4565947 0.4607338 0.4565947 0.4607338 0.4841473 0.408416 0.4565947 0.379879 0.4565947 0.379879 0.4841473 0.5130518 0.4565947 0.4845147 0.4565947 0.4845147 0.4841473 0.5368326 0.4565947 0.5130518 0.4565947 0.5130518 0.4841473 0.4607338 0.4565947 0.4321969 0.4565947 0.4321969 0.4841473 0.7746408 0.4565947 0.7461038 0.4565947 0.7461038 0.4841473 0.8507393 0.4565947 0.8269587 0.4565947 0.8269587 0.4841473 0.5653696 0.4565947 0.5368326 0.4565947 0.5368326 0.4841473 0.955375 0.4565947 0.931594 0.4565947 0.931594 0.4841473 0.6176874 0.4565947 0.5891504 0.4565947 0.5891504 0.4841473 0.4321969 0.4565947 0.408416 0.4565947 0.408416 0.4841473 0.6700052 0.4565947 0.6414682 0.4565947 0.6414682 0.4841473 0.379879 0.4565947 0.3560982 0.4565947 0.3560982 0.4841473 0.5891504 0.4565947 0.5653696 0.4565947 0.5653696 0.4841473 0.7223229 0.4565947 0.6937859 0.4565947 0.6937859 0.4841473 0.9030572 0.4565947 0.8792762 0.4565947 0.8792762 0.4841473 0.6414682 0.4565947 0.6176874 0.4565947 0.6176874 0.4841473 0.8269587 0.4565947 0.7984216 0.4565947 0.7984216 0.4841473 0.6937859 0.4565947 0.6700052 0.4565947 0.6700052 0.4841473 0.8792762 0.4565947 0.8507393 0.4565947 0.8507393 0.4841473 0.7461038 0.4565947 0.7223229 0.4565947 0.7223229 0.4841473 0.931594 0.4565947 0.9030572 0.4565947 0.9030572 0.4841473 0.7984216 0.4565947 0.7746408 0.4565947 0.7746408 0.4841473 0.2229257 0.4565947 0.1991448 0.4565947 0.1991448 0.4841473 0.2752435 0.4565947 0.2514627 0.4565947 0.2514627 0.4841473 0.2514627 0.4565947 0.2229257 0.4565947 0.2229257 0.4841473 0.9008349 0.3733448 0.8850482 0.3733448 0.8850482 0.3733448 0.6692938 0.3733448 0.6535069 0.3733448 0.6535069 0.3935194 0.8429498 0.3935194 0.8429498 0.3733448 0.8271628 0.3733448 0.8850482 0.3935194 0.8850482 0.3733448 0.8718926 0.3733448 0.7271792 0.3935194 0.7271792 0.3733448 0.7113921 0.3733448 0.9429334 0.3935192 0.9429338 0.3733448 0.9297778 0.3733448 0.7561218 0.3935194 0.7561218 0.3733448 0.740335 0.3733448 0.6535069 0.3733448 0.640351 0.3733448 0.640351 0.3935194 0.7850644 0.3935194 0.7850644 0.3733448 0.7692776 0.3733448 0.6245641 0.3733448 0.6114085 0.3733448 0.6114085 0.3935194 0.740335 0.3935194 0.740335 0.3733448 0.7271792 0.3733448 0.8140071 0.3935194 0.8140071 0.3733448 0.7982201 0.3733448 0.913991 0.3935194 0.913991 0.3733448 0.9008349 0.3733448 0.7692776 0.3935194 0.7692776 0.3733448 0.7561218 0.3733448 0.8718926 0.3935194 0.8718926 0.3733448 0.8561058 0.3733448 0.7982201 0.3935194 0.7982201 0.3733448 0.7850644 0.3733448 0.9008349 0.3935194 0.9008349 0.3733448 0.8850482 0.3733448 0.8271628 0.3935194 0.8271628 0.3733448 0.8140071 0.3733448 0.9297778 0.3935194 0.9297778 0.3733448 0.913991 0.3733448 0.8561058 0.3935194 0.8561058 0.3733448 0.8429498 0.3733448 0.5377362 0.3733448 0.5245805 0.3733448 0.5245805 0.3935194 0.5666788 0.3733448 0.5535231 0.3733448 0.5535232 0.3935194 0.5535231 0.3733448 0.5377362 0.3733448 0.5377362 0.3935194 0.5956217 0.3733448 0.5824657 0.3733448 0.5824657 0.3935194 0.6114085 0.3733448 0.5956217 0.3733448 0.5956217 0.3935194 0.5824657 0.3733448 0.5666788 0.3733448 0.5666788 0.3935194 0.6824496 0.3733448 0.6692938 0.3733448 0.6692938 0.3935194 0.640351 0.3733448 0.6245641 0.3733448 0.6245641 0.3935194 0.6982364 0.3733448 0.6824496 0.3733448 0.6824496 0.3935194 0.6114085 0.3935194 0.6114085 0.3733448 0.6245641 0.3733448 0.5956217 0.3935194 0.5956217 0.3733448 0.6114085 0.3733448 0.6692938 0.3935194 0.6692938 0.3733448 0.6824496 0.3733448 0.5087935 0.3935194 0.5087935 0.3733448 0.5245805 0.3733448 0.740335 0.3733448 0.7561218 0.3733448 0.7561218 0.3935194 0.7271792 0.3733448 0.740335 0.3733448 0.740335 0.3935194 0.5377362 0.3935194 0.5377362 0.3733448 0.5535231 0.3733448 0.8271628 0.3733448 0.8429498 0.3733448 0.8429498 0.3935194 0.8718926 0.3733448 0.8850482 0.3733448 0.8850482 0.3935194 0.5666788 0.3935194 0.5666788 0.3733448 0.5824657 0.3733448 0.8850482 0.3733448 0.9008349 0.3733448 0.9008349 0.3935194 0.9008349 0.3733448 0.913991 0.3733448 0.913991 0.3935194 0.6245641 0.3935194 0.6245641 0.3733448 0.640351 0.3733448 0.5245805 0.3935194 0.5245805 0.3733448 0.5377362 0.3733448 0.6535069 0.3935194 0.6535069 0.3733448 0.6692938 0.3733448 0.5824657 0.3935194 0.5824657 0.3733448 0.5956217 0.3733448 0.6824496 0.3733448 0.6982364 0.3733448 0.6982364 0.3935194 0.7850644 0.3733448 0.7982201 0.3733448 0.7982201 0.3935194 0.640351 0.3935194 0.640351 0.3733448 0.6535069 0.3733448 0.7113921 0.3733448 0.7271792 0.3733448 0.7271792 0.3935194 0.6982364 0.3733448 0.7113921 0.3733448 0.7113921 0.3935194 0.7692776 0.3733448 0.7850644 0.3733448 0.7850644 0.3935194 0.4956377 0.3935194 0.4956377 0.3733448 0.5087935 0.3733448 0.7561218 0.3733448 0.7692776 0.3733448 0.7692776 0.3935194 0.7982201 0.3733448 0.8140071 0.3733448 0.8140071 0.3935194 0.5535232 0.3935194 0.5535231 0.3733448 0.5666788 0.3733448 0.8140071 0.3733448 0.8271628 0.3733448 0.8271628 0.3935194 0.8561058 0.3733448 0.8718926 0.3733448 0.8718926 0.3935194 0.8429498 0.3733448 0.8561058 0.3733448 0.8561058 0.3935194 0.913991 0.3733448 0.9297778 0.3733448 0.9297778 0.3935194 0.6114085 0.3733448 0.6245641 0.3733448 0.6245641 0.3733448 0.5956217 0.3733448 0.6114085 0.3733448 0.6114085 0.3733448 0.6692938 0.3733448 0.6824496 0.3733448 0.6824496 0.3733448 0.5087935 0.3733448 0.5245805 0.3733448 0.5245805 0.3733448 0.740335 0.3733448 0.7561218 0.3733448 0.7561218 0.3733448 0.7271792 0.3733448 0.740335 0.3733448 0.740335 0.3733448 0.5377362 0.3733448 0.5535231 0.3733448 0.5535231 0.3733448 0.8271628 0.3733448 0.8429498 0.3733448 0.8429498 0.3733448 0.8718926 0.3733448 0.8850482 0.3733448 0.8850482 0.3733448 0.5666788 0.3733448 0.5824657 0.3733448 0.5824657 0.3733448 0.8850482 0.3733448 0.9008349 0.3733448 0.9008349 0.3733448 0.9008349 0.3733448 0.913991 0.3733448 0.913991 0.3733448 0.6245641 0.3733448 0.640351 0.3733448 0.640351 0.3733448 0.5245805 0.3733448 0.5377362 0.3733448 0.5377362 0.3733448 0.6535069 0.3733448 0.6692938 0.3733448 0.6692938 0.3733448 0.5824657 0.3733448 0.5956217 0.3733448 0.5956217 0.3733448 0.6824496 0.3733448 0.6982364 0.3733448 0.6982364 0.3733448 0.7850644 0.3733448 0.7982201 0.3733448 0.7982201 0.3733448 0.640351 0.3733448 0.6535069 0.3733448 0.6535069 0.3733448 0.7113921 0.3733448 0.7271792 0.3733448 0.7271792 0.3733448 0.6982364 0.3733448 0.7113921 0.3733448 0.7113921 0.3733448 0.7692776 0.3733448 0.7850644 0.3733448 0.7850644 0.3733448 0.4956377 0.3733448 0.5087935 0.3733448 0.5087935 0.3733448 0.7561218 0.3733448 0.7692776 0.3733448 0.7692776 0.3733448 0.7982201 0.3733448 0.8140071 0.3733448 0.8140071 0.3733448 0.5535231 0.3733448 0.5666788 0.3733448 0.5666788 0.3733448 0.8140071 0.3733448 0.8271628 0.3733448 0.8271628 0.3733448 0.8561058 0.3733448 0.8718926 0.3733448 0.8718926 0.3733448 0.8429498 0.3733448 0.8561058 0.3733448 0.8561058 0.3733448 0.913991 0.3733448 0.9297778 0.3733448 0.9297778 0.3733448 0.8271628 0.3733448 0.8140071 0.3733448 0.8140071 0.3733448 0.9297778 0.3733448 0.913991 0.3733448 0.913991 0.3733448 0.8561058 0.3733448 0.8429498 0.3733448 0.8429498 0.3733448 0.5377362 0.3733448 0.5245805 0.3733448 0.5245805 0.3733448 0.5245805 0.3733448 0.5087935 0.3733448 0.5087935 0.3733448 0.5666788 0.3733448 0.5535231 0.3733448 0.5535231 0.3733448 0.5535231 0.3733448 0.5377362 0.3733448 0.5377362 0.3733448 0.5956217 0.3733448 0.5824657 0.3733448 0.5824657 0.3733448 0.6114085 0.3733448 0.5956217 0.3733448 0.5956217 0.3733448 0.5824657 0.3733448 0.5666788 0.3733448 0.5666788 0.3733448 0.6824496 0.3733448 0.6692938 0.3733448 0.6692938 0.3733448 0.640351 0.3733448 0.6245641 0.3733448 0.6245641 0.3733448 0.6982364 0.3733448 0.6824496 0.3733448 0.6824496 0.3733448 0.7113921 0.3733448 0.6982364 0.3733448 0.6982364 0.3733448 0.6692938 0.3733448 0.6535069 0.3733448 0.6535069 0.3733448 0.8429498 0.3733448 0.8271628 0.3733448 0.8271628 0.3733448 0.8850482 0.3733448 0.8718926 0.3733448 0.8718926 0.3733448 0.7271792 0.3733448 0.7113921 0.3733448 0.7113921 0.3733448 0.9429338 0.3733448 0.9297778 0.3733448 0.9297778 0.3733448 0.7561218 0.3733448 0.740335 0.3733448 0.740335 0.3733448 0.6535069 0.3733448 0.640351 0.3733448 0.640351 0.3733448 0.7850644 0.3733448 0.7692776 0.3733448 0.7692776 0.3733448 0.6245641 0.3733448 0.6114085 0.3733448 0.6114085 0.3733448 0.740335 0.3733448 0.7271792 0.3733448 0.7271792 0.3733448 0.8140071 0.3733448 0.7982201 0.3733448 0.7982201 0.3733448 0.913991 0.3733448 0.9008349 0.3733448 0.9008349 0.3733448 0.7692776 0.3733448 0.7561218 0.3733448 0.7561218 0.3733448 0.8718926 0.3733448 0.8561058 0.3733448 0.8561058 0.3733448 0.7982201 0.3733448 0.7850644 0.3733448 0.7850644 0.3733448 0.04219144 0.9595613 0.06597232 0.9595613 0.06597232 0.4841473 0.0945093 0.9595613 0.11829 0.9595613 0.11829 0.4841473 0.06597232 0.4841473 0.04219144 0.4841473 0.04219144 0.4841473 0.11829 0.4841473 0.11829 0.9595613 0.11829 0.9595613 0.11829 0.4841473 0.0945093 0.4841473 0.0945093 0.4841473 0.04219144 0.9595613 0.06597232 0.9595613 0.06597232 0.9595613 0.0945093 0.4841473 0.0945093 0.9595613 0.0945093 0.9595613 0.04219144 0.4841473 0.04219144 0.9595613 0.04219144 0.9595613 0.06597232 0.4841473 0.06597232 0.9595613 0.0945093 0.9595613 0.06597232 0.4841473 0.06597232 0.9595613 0.06597232 0.9595613 0.11829 0.4841473 0.11829 0.9595613 0.146827 0.9595613 0.0945093 0.9595613 0.11829 0.9595613 0.11829 0.9595613 0.11829 0.4841473 0.0945093 0.4841473 0.0945093 0.4841473 0.1706078 0.4841473 0.146827 0.4841473 0.146827 0.4841473 0.0945093 0.4841473 0.06597232 0.4841473 0.06597232 0.4841473 0.06597232 0.4841473 0.04219144 0.4841473 0.04219144 0.4841473 0.146827 0.4841473 0.11829 0.4841473 0.11829 0.4841473 0.0945093 0.9595613 0.11829 0.9595613 0.11829 0.9595613 0.04219144 0.9595613 0.06597232 0.9595613 0.06597232 0.9595613 0.06597232 0.9595613 0.0945093 0.9595613 0.0945093 0.9595613 0.11829 0.9595613 0.146827 0.9595613 0.146827 0.9595613 0.06597232 0.987114 0.0945093 0.987114 0.0945093 0.9595613 0.0945093 0.987114 0.11829 0.987114 0.11829 0.9595613 0.04219144 0.987114 0.06597232 0.987114 0.06597232 0.9595613 0.06597232 0.4565947 0.04219144 0.4565947 0.04219144 0.4841473 0.11829 0.4565947 0.0945093 0.4565947 0.0945093 0.4841473 0.0945093 0.4565947 0.06597232 0.4565947 0.06597232 0.4841473 0.4798507 0.3733448 0.466695 0.3733448 0.4666951 0.3935194 0.466695 0.3733448 0.4509081 0.3733448 0.4509081 0.3935194 0.4509081 0.3935194 0.4509081 0.3733448 0.466695 0.3733448 0.4666951 0.3935194 0.466695 0.3733448 0.4798507 0.3733448 0.4377524 0.3935194 0.4377524 0.3733448 0.4509081 0.3733448 0.4509081 0.3733448 0.466695 0.3733448 0.466695 0.3733448 0.466695 0.3733448 0.4798507 0.3733448 0.4798507 0.3733448 0.4377524 0.3733448 0.4509081 0.3733448 0.4509081 0.3733448 0.4798507 0.3733448 0.466695 0.3733448 0.466695 0.3733448 0.466695 0.3733448 0.4509081 0.3733448 0.4509081 0.3733448 0.146827 0.9595613 0.1706078 0.9595613 0.1706078 0.4841473 0.1706078 0.4841473 0.146827 0.4841473 0.146827 0.4841473 0.146827 0.9595613 0.146827 0.9595613 0.1706078 0.9595613 0.146827 0.4841473 0.146827 0.9595613 0.146827 0.9595613 0.1706078 0.4841473 0.1706078 0.9595613 0.1991448 0.9595613 0.1706078 0.4841473 0.1706078 0.9595613 0.1706078 0.9595613 0.1991448 0.4841473 0.1706078 0.4841473 0.1706078 0.4841473 0.146827 0.9595613 0.1706078 0.9595613 0.1706078 0.9595613 0.1706078 0.9595613 0.1991448 0.9595613 0.1991448 0.9595613 0.1706078 0.987114 0.1991448 0.987114 0.1991448 0.9595613 0.146827 0.987114 0.1706078 0.987114 0.1706078 0.9595613 0.1706078 0.4565947 0.146827 0.4565947 0.146827 0.4841473 0.1991448 0.4565947 0.1706078 0.4565947 0.1706078 0.4841473 0.5087935 0.3733448 0.4956377 0.3733448 0.4956377 0.3935194 0.5245805 0.3733448 0.5087935 0.3733448 0.5087935 0.3935194 0.5087935 0.3733448 0.4956377 0.3733448 0.4956377 0.3733448 0.11829 0.987114 0.146827 0.987114 0.146827 0.9595613 0.146827 0.4565947 0.11829 0.4565947 0.11829 0.4841473 0.4956377 0.3733448 0.4798507 0.3733448 0.4798507 0.3935194 0.4798507 0.3935194 0.4798507 0.3733448 0.4956377 0.3733448 0.4798507 0.3733448 0.4956377 0.3733448 0.4956377 0.3733448 0.4956377 0.3733448 0.4798507 0.3733448 0.4798507 0.3733448 0.3037804 0.9595615 0.3037804 0.9595615 0.3037804 0.4841473 0.379879 0.4841473 0.379879 0.9595615 0.3560982 0.9595615 0.4845147 0.4841473 0.4845147 0.9595615 0.4607338 0.9595615 0.6176874 0.9595615 0.6176874 0.9595615 0.6176874 0.4841473 0.6414682 0.9595615 0.6414682 0.9595615 0.6414682 0.4841473 0.7746408 0.9595615 0.7746408 0.9595615 0.7746408 0.4841473 0.7746408 0.9595615 0.7461038 0.9595615 0.7461038 0.4841473 0.7461038 0.9595615 0.7461038 0.9595615 0.7461038 0.4841473 0.8507393 0.4841473 0.8507393 0.9595615 0.8269587 0.9595615 0.9030573 0.4841473 0.9030573 0.9595615 0.8792765 0.9595615 0.9553751 0.4841473 0.9553751 0.9595615 0.9315943 0.9595615 0.2229256 0.4841473 0.2229256 0.9595615 0.1991447 0.9595615 0.2752435 0.4841473 0.2752435 0.9595615 0.2514626 0.9595615 0.3275612 0.4841473 0.3275612 0.9595615 0.3037804 0.9595615 0.4321969 0.4841473 0.4321969 0.9595615 0.408416 0.9595615 0.5368326 0.4841473 0.5368326 0.9595615 0.5130518 0.9595615 0.4845147 0.9595615 0.4845147 0.9595615 0.4845147 0.4841473 0.5891504 0.4841473 0.5891504 0.9595615 0.5653696 0.9595615 0.6414682 0.4841473 0.6414682 0.9595615 0.6176874 0.9595615 0.6937859 0.4841473 0.6937859 0.9595615 0.6700052 0.9595615 0.7461038 0.4841473 0.7461038 0.9595615 0.7223229 0.9595615 0.7984216 0.4841473 0.7984216 0.9595615 0.7746408 0.9595615 0.8507393 0.9595615 0.8507393 0.9595615 0.8507393 0.4841473 0.9315943 0.4841473 0.9315943 0.4841473 0.9553751 0.4841473 0.3560982 0.4841473 0.3560982 0.4841473 0.379879 0.4841473 0.8792765 0.4841473 0.8792765 0.4841473 0.9030573 0.4841473 0.3560982 0.9595615 0.3560982 0.9595615 0.3560982 0.4841473 0.3560982 0.9595615 0.3275612 0.9595615 0.3275612 0.4841473 0.408416 0.9595615 0.408416 0.9595615 0.408416 0.4841473 0.4607338 0.9595615 0.4607338 0.9595615 0.4607338 0.4841473 0.6176874 0.9595615 0.5891504 0.9595615 0.5891504 0.4841473 0.7223229 0.9595615 0.7223229 0.9595615 0.7223229 0.4841473 0.8269587 0.9595615 0.8269587 0.9595615 0.8269587 0.4841473 0.8792765 0.9595615 0.8792765 0.9595615 0.8792765 0.4841473 0.8792765 0.9595615 0.8507393 0.9595615 0.8507393 0.4841473 0.2229256 0.9595615 0.2229256 0.9595615 0.2229256 0.4841473 0.3275612 0.9595615 0.3275612 0.9595615 0.3275612 0.4841473 0.5368326 0.9595615 0.5368326 0.9595615 0.5368326 0.4841473 0.5891504 0.9595615 0.5891504 0.9595615 0.5891504 0.4841473 0.4607338 0.4841473 0.4607338 0.4841473 0.4845147 0.4841473 0.8269587 0.4841473 0.8269587 0.4841473 0.8507393 0.4841473 0.2514626 0.4841473 0.2514626 0.4841473 0.2752435 0.4841473 0.6176874 0.4841473 0.6176874 0.4841473 0.6414682 0.4841473 0.3037804 0.4841473 0.3037804 0.4841473 0.3275612 0.4841473 0.7746408 0.4841473 0.7746408 0.4841473 0.7984216 0.4841473 0.1991447 0.4841473 0.1991447 0.4841473 0.2229256 0.4841473 0.6700052 0.4841473 0.6700052 0.4841473 0.6937859 0.4841473 0.5130518 0.4841473 0.5130518 0.4841473 0.5368326 0.4841473 0.408416 0.4841473 0.408416 0.4841473 0.4321969 0.4841473 0.5653696 0.4841473 0.5653696 0.4841473 0.5891504 0.4841473 0.7223229 0.4841473 0.7223229 0.4841473 0.7461038 0.4841473 0.408416 0.4841473 0.379879 0.4841473 0.379879 0.4841473 0.6937859 0.9595615 0.6937859 0.9595615 0.6700052 0.9595615 0.2752435 0.9595615 0.2752435 0.9595615 0.2514626 0.9595615 0.9553751 0.9595615 0.9553751 0.9595615 0.9315943 0.9595615 0.1991447 0.9595615 0.1991447 0.9595615 0.1991447 0.4841473 0.3037804 0.9595615 0.2752435 0.9595615 0.2752435 0.4841473 0.4321969 0.9595615 0.4321969 0.9595615 0.4321969 0.4841473 0.5130518 0.9595615 0.5130518 0.9595615 0.5130518 0.4841473 0.5130518 0.9595615 0.4845147 0.9595615 0.4845147 0.4841473 0.5653696 0.9595615 0.5653696 0.9595615 0.5653696 0.4841473 0.2752435 0.9595615 0.2752435 0.9595615 0.2752435 0.4841473 0.6937859 0.9595615 0.6937859 0.9595615 0.6937859 0.4841473 0.2514626 0.9595615 0.2514626 0.9595615 0.2514626 0.4841473 0.2514626 0.9595615 0.2229256 0.9595615 0.2229256 0.4841473 0.408416 0.9595615 0.379879 0.9595615 0.379879 0.4841473 0.4607338 0.9595615 0.4321969 0.9595615 0.4321969 0.4841473 0.5653696 0.9595615 0.5368326 0.9595615 0.5368326 0.4841473 0.6700052 0.9595615 0.6700052 0.9595615 0.6700052 0.4841473 0.6700052 0.9595615 0.6414682 0.9595615 0.6414682 0.4841473 0.7223229 0.9595615 0.6937859 0.9595615 0.6937859 0.4841473 0.8269587 0.9595615 0.7984216 0.9595615 0.7984216 0.4841473 0.7984216 0.9595615 0.7984216 0.9595615 0.7984216 0.4841473 0.9315943 0.9595615 0.9315943 0.9595615 0.9315943 0.4841473 0.9315943 0.9595615 0.9030573 0.9595615 0.9030573 0.4841473 0.379879 0.9595615 0.379879 0.9595615 0.379879 0.4841473 0.9030573 0.9595615 0.9030573 0.9595615 0.9030573 0.4841473 0.7461038 0.9595615 0.7461038 0.9595615 0.7223229 0.9595615 0.379879 0.9595615 0.379879 0.9595615 0.3560982 0.9595615 0.4321969 0.9595615 0.4321969 0.9595615 0.408416 0.9595615 0.2229256 0.9595615 0.2229256 0.9595615 0.1991447 0.9595615 0.6414682 0.9595615 0.6414682 0.9595615 0.6176874 0.9595615 0.4845147 0.9595615 0.4845147 0.9595615 0.4607338 0.9595615 0.7984216 0.9595615 0.7984216 0.9595615 0.7746408 0.9595615 0.5130518 0.9595615 0.5368326 0.9595615 0.5368326 0.9595615 0.5891504 0.9595615 0.5891504 0.9595615 0.5653696 0.9595615 0.8269587 0.9595615 0.8507393 0.9595615 0.8507393 0.9595615 0.9030573 0.9595615 0.9030573 0.9595615 0.8792765 0.9595615 0.3275612 0.9595615 0.3275612 0.9595615 0.3037804 0.9595615 0.7223229 0.4841473 0.7223229 0.4841473 0.7461038 0.4841473 0.9315943 0.4841473 0.9030573 0.4841473 0.9030573 0.4841473 0.7746408 0.4841473 0.7746408 0.4841473 0.7984216 0.4841473 0.4321969 0.4841473 0.4321969 0.4841473 0.4607338 0.4841473 0.9315943 0.4841473 0.9315943 0.4841473 0.9553751 0.4841473 0.1991447 0.4841473 0.1991447 0.4841473 0.2229256 0.4841473 0.7461038 0.4841473 0.7461038 0.4841473 0.7746408 0.4841473 0.2514626 0.4841473 0.2514626 0.4841473 0.2752435 0.4841473 0.5653696 0.4841473 0.5368326 0.4841473 0.5368326 0.4841473 0.3037804 0.4841473 0.3037804 0.4841473 0.3275612 0.4841473 0.4607338 0.4841473 0.4607338 0.4841473 0.4845147 0.4841473 0.4845147 0.4841473 0.4845147 0.4841473 0.5130518 0.4841473 0.5891504 0.4841473 0.5891504 0.4841473 0.6176874 0.4841473 0.3560982 0.4841473 0.3560982 0.4841473 0.379879 0.4841473 0.5130518 0.4841473 0.5130518 0.4841473 0.5368326 0.4841473 0.6414682 0.4841473 0.6414682 0.4841473 0.6700052 0.4841473 0.8792765 0.4841473 0.8792765 0.4841473 0.9030573 0.4841473 0.8269587 0.4841473 0.8269587 0.4841473 0.8507393 0.4841473 0.2514626 0.4841473 0.2229256 0.4841473 0.2229256 0.4841473 0.6937859 0.4841473 0.6937859 0.4841473 0.7223229 0.4841473 0.408416 0.4841473 0.408416 0.4841473 0.4321969 0.4841473 0.5653696 0.4841473 0.5653696 0.4841473 0.5891504 0.4841473 0.7984216 0.4841473 0.7984216 0.4841473 0.8269587 0.4841473 0.2752435 0.4841473 0.2752435 0.4841473 0.3037804 0.4841473 0.3560982 0.4841473 0.3275612 0.4841473 0.3275612 0.4841473 0.6176874 0.4841473 0.6176874 0.4841473 0.6414682 0.4841473 0.6700052 0.4841473 0.6700052 0.4841473 0.6937859 0.4841473 0.8507393 0.4841473 0.8507393 0.4841473 0.8792765 0.4841473 0.3037804 0.9595615 0.3037804 0.9595615 0.2752435 0.9595615 0.8269587 0.9595615 0.8507393 0.9595615 0.8507393 0.9595615 0.6176874 0.9595615 0.6176874 0.9595615 0.5891504 0.9595615 0.408416 0.9595615 0.408416 0.9595615 0.379879 0.9595615 0.9030573 0.9595615 0.9030573 0.9595615 0.8792765 0.9595615 0.2229256 0.9595615 0.2229256 0.9595615 0.1991447 0.9595615 0.7746408 0.9595615 0.7746408 0.9595615 0.7461038 0.9595615 0.4607338 0.9595615 0.4607338 0.9595615 0.4321969 0.9595615 0.3560982 0.9595615 0.3560982 0.9595615 0.3275612 0.9595615 0.3275612 0.9595615 0.3275612 0.9595615 0.3037804 0.9595615 0.4321969 0.9595615 0.4321969 0.9595615 0.408416 0.9595615 0.5130518 0.9595615 0.5130518 0.9595615 0.4845147 0.9595615 0.5368326 0.9595615 0.5368326 0.9595615 0.5130518 0.9595615 0.6937859 0.9595615 0.6937859 0.9595615 0.6700052 0.9595615 0.8792765 0.9595615 0.8792765 0.9595615 0.8507393 0.9595615 0.6414682 0.9595615 0.6414682 0.9595615 0.6176874 0.9595615 0.9553751 0.9595615 0.9553751 0.9595615 0.9315943 0.9595615 0.5368326 0.9595615 0.5653696 0.9595615 0.5653696 0.9595615 0.7461038 0.9595615 0.7461038 0.9595615 0.7223229 0.9595615 0.6700052 0.9595615 0.6700052 0.9595615 0.6414682 0.9595615 0.7984216 0.9595615 0.7984216 0.9595615 0.7746408 0.9595615 0.2752435 0.9595615 0.2752435 0.9595615 0.2514626 0.9595615 0.7223229 0.9595615 0.7223229 0.9595615 0.6937859 0.9595615 0.379879 0.9595615 0.379879 0.9595615 0.3560982 0.9595615 0.8269587 0.9595615 0.8269587 0.9595615 0.7984216 0.9595615 0.2229256 0.9595615 0.2514626 0.9595615 0.2514626 0.9595615 0.4845147 0.9595615 0.4845147 0.9595615 0.4607338 0.9595615 0.9315943 0.9595615 0.9315943 0.9595615 0.9030573 0.9595615 0.5891504 0.9595615 0.5891504 0.9595615 0.5653696 0.9595615 0.2752435 0.9595615 0.2752435 0.987114 0.2514626 0.987114 0.7461038 0.9595615 0.7461038 0.987114 0.7223229 0.987114 0.8269587 0.9595615 0.8269587 0.987114 0.7984216 0.987114 0.7984216 0.9595615 0.7984216 0.987114 0.7746408 0.987114 0.9315943 0.9595615 0.9315943 0.987114 0.9030573 0.987114 0.379879 0.9595615 0.379879 0.987114 0.3560982 0.987114 0.3560982 0.9595615 0.3560982 0.987114 0.3275612 0.987114 0.4845147 0.9595615 0.4845147 0.987114 0.4607338 0.987114 0.6176874 0.9595615 0.6176874 0.987114 0.5891504 0.987114 0.5891504 0.9595615 0.5891504 0.987114 0.5653696 0.987114 0.2514626 0.9595615 0.2514626 0.987114 0.2229256 0.987114 0.7746408 0.9595615 0.7746408 0.987114 0.7461038 0.987114 0.8507393 0.9595615 0.8507393 0.987114 0.8269587 0.987114 0.3037804 0.9595615 0.3037804 0.987114 0.2752435 0.987114 0.8792765 0.9595615 0.8792765 0.987114 0.8507393 0.987114 0.9030573 0.9595615 0.9030573 0.987114 0.8792765 0.987114 0.408416 0.9595615 0.408416 0.987114 0.379879 0.987114 0.2229256 0.9595615 0.2229256 0.987114 0.1991447 0.987114 0.4607338 0.9595615 0.4607338 0.987114 0.4321969 0.987114 0.3275612 0.9595615 0.3275612 0.987114 0.3037804 0.987114 0.5130518 0.9595615 0.5130518 0.987114 0.4845147 0.987114 0.6937859 0.9595615 0.6937859 0.987114 0.6700052 0.987114 0.4321969 0.9595615 0.4321969 0.987114 0.408416 0.987114 0.5653696 0.9595615 0.5653696 0.987114 0.5368326 0.987114 0.9553751 0.9595615 0.9553751 0.987114 0.9315943 0.987114 0.5368326 0.9595615 0.5368326 0.987114 0.5130518 0.987114 0.6700052 0.9595615 0.6700052 0.987114 0.6414682 0.987114 0.6414682 0.9595615 0.6414682 0.987114 0.6176874 0.987114 0.7223229 0.9595615 0.7223229 0.987114 0.6937859 0.987114 0.7113922 0.05333 0.6982365 0.05333 0.6982365 0.0735045 0.3037804 0.4841473 0.3037804 0.4565947 0.3275612 0.4565947 0.3275612 0.4841473 0.3275612 0.4565947 0.3560982 0.4565947 0.2752435 0.4841473 0.2752435 0.4565947 0.3037804 0.4565947 0.4607338 0.4841473 0.4607338 0.4565947 0.4845147 0.4565947 0.379879 0.4841473 0.379879 0.4565947 0.408416 0.4565947 0.4845147 0.4841473 0.4845147 0.4565947 0.5130518 0.4565947 0.5130518 0.4841473 0.5130518 0.4565947 0.5368326 0.4565947 0.4321969 0.4841473 0.4321969 0.4565947 0.4607338 0.4565947 0.7461038 0.4841473 0.7461038 0.4565947 0.7746408 0.4565947 0.8269587 0.4841473 0.8269587 0.4565947 0.8507393 0.4565947 0.5368326 0.4841473 0.5368326 0.4565947 0.5653696 0.4565947 0.9315943 0.4841473 0.9315943 0.4565947 0.9553751 0.4565947 0.5891504 0.4841473 0.5891504 0.4565947 0.6176874 0.4565947 0.408416 0.4841473 0.408416 0.4565947 0.4321969 0.4565947 0.6414682 0.4841473 0.6414682 0.4565947 0.6700052 0.4565947 0.3560982 0.4841473 0.3560982 0.4565947 0.379879 0.4565947 0.5653696 0.4841473 0.5653696 0.4565947 0.5891504 0.4565947 0.6937859 0.4841473 0.6937859 0.4565947 0.7223229 0.4565947 0.8792765 0.4841473 0.8792765 0.4565947 0.9030573 0.4565947 0.6176874 0.4841473 0.6176874 0.4565947 0.6414682 0.4565947 0.7984216 0.4841473 0.7984216 0.4565947 0.8269587 0.4565947 0.6700052 0.4841473 0.6700052 0.4565947 0.6937859 0.4565947 0.8507393 0.4841473 0.8507393 0.4565947 0.8792765 0.4565947 0.7223229 0.4841473 0.7223229 0.4565947 0.7461038 0.4565947 0.9030573 0.4841473 0.9030573 0.4565947 0.9315943 0.4565947 0.7746408 0.4841473 0.7746408 0.4565947 0.7984216 0.4565947 0.1991447 0.4841473 0.1991447 0.4565947 0.2229256 0.4565947 0.2514626 0.4841473 0.2514626 0.4565947 0.2752435 0.4565947 0.2229256 0.4841473 0.2229256 0.4565947 0.2514626 0.4565947 0.8850482 0.0735045 0.8850482 0.0735045 0.9008349 0.0735045 0.6692938 0.05333 0.6535069 0.05333 0.653507 0.0735045 0.8429498 0.05333 0.8271628 0.05333 0.8271628 0.0735045 0.8850482 0.05333 0.8718926 0.05333 0.8718926 0.0735045 0.7113922 0.05333 0.7113922 0.0735045 0.7271792 0.0735045 0.7561218 0.05333 0.740335 0.05333 0.740335 0.0735045 0.6403511 0.05333 0.6403511 0.0735045 0.653507 0.0735045 0.7850644 0.05333 0.7692776 0.05333 0.7692776 0.0735045 0.6245642 0.05333 0.6114085 0.05333 0.6114085 0.0735045 0.740335 0.05333 0.7271792 0.05333 0.7271792 0.0735045 0.8140071 0.05333 0.7982203 0.05333 0.7982203 0.0735045 0.913991 0.05333018 0.9008349 0.05333 0.9008349 0.0735045 0.7692776 0.05333 0.7561218 0.05333 0.7561218 0.0735045 0.8718926 0.05333 0.8561058 0.05333 0.8561058 0.0735045 0.7982203 0.05333 0.7850644 0.05333 0.7850644 0.0735045 0.9008349 0.05333 0.8850482 0.05333 0.8850482 0.0735045 0.8271628 0.05333 0.8140071 0.05333 0.8140071 0.0735045 0.9297778 0.05333 0.913991 0.05333018 0.913991 0.0735045 0.8561058 0.05333 0.8429498 0.05333 0.8429498 0.0735045 0.5245805 0.05333 0.5245805 0.0735045 0.5377362 0.0735045 0.5535232 0.05333 0.5535232 0.0735045 0.566679 0.0735045 0.5377362 0.05333 0.5377362 0.0735045 0.5535232 0.0735045 0.5956217 0.05333 0.5824659 0.05333 0.5824659 0.0735045 0.5956217 0.05333 0.5956217 0.0735045 0.6114085 0.0735045 0.566679 0.05333 0.566679 0.0735045 0.5824659 0.0735045 0.6692938 0.05333 0.6692938 0.0735045 0.6824496 0.0735045 0.6245642 0.05333 0.6245642 0.0735045 0.6403511 0.0735045 0.6824496 0.05333 0.6824496 0.0735045 0.6982365 0.0735045 0.6245642 0.05333 0.6245642 0.0735045 0.6114085 0.0735045 0.5956217 0.05333 0.6114085 0.05333 0.6114085 0.0735045 0.6692938 0.05333 0.6824496 0.05333 0.6824496 0.0735045 0.5087935 0.05333 0.5245805 0.05333 0.5245805 0.0735045 0.7561218 0.05333 0.7561218 0.0735045 0.740335 0.0735045 0.740335 0.05333 0.740335 0.0735045 0.7271792 0.0735045 0.5535232 0.05333 0.5535232 0.0735045 0.5377362 0.0735045 0.8429498 0.05333 0.8429498 0.0735045 0.8271628 0.0735045 0.8850482 0.05333 0.8850482 0.0735045 0.8718926 0.0735045 0.566679 0.05333 0.5824659 0.05333 0.5824659 0.0735045 0.9008349 0.05333 0.9008349 0.0735045 0.8850482 0.0735045 0.913991 0.05333 0.913991 0.0735045 0.9008349 0.0735045 0.6245642 0.05333 0.6403511 0.05333 0.6403511 0.0735045 0.5245805 0.05333 0.5377362 0.05333 0.5377362 0.0735045 0.6535069 0.05333 0.6692938 0.05333 0.6692938 0.0735045 0.5824659 0.05333 0.5956217 0.05333 0.5956217 0.0735045 0.6824496 0.05333 0.6982365 0.05333 0.6982365 0.0735045 0.7982203 0.05333 0.7982203 0.0735045 0.7850644 0.0735045 0.6403511 0.05333 0.6535069 0.05333 0.653507 0.0735045 0.7271792 0.05333 0.7271792 0.0735045 0.7113922 0.0735045 0.9429338 0.05333 0.9429339 0.0735045 0.9297778 0.0735045 0.7113922 0.05333 0.7113922 0.0735045 0.6982365 0.0735045 0.7850644 0.05333 0.7850644 0.0735045 0.7692776 0.0735045 0.4956377 0.05333 0.5087935 0.05333 0.5087935 0.0735045 0.7692776 0.05333 0.7692776 0.0735045 0.7561218 0.0735045 0.7982203 0.05333 0.8140071 0.05333 0.8140071 0.0735045 0.5535232 0.05333 0.566679 0.05333 0.566679 0.0735045 0.8271628 0.05333 0.8271628 0.0735045 0.8140071 0.0735045 0.8718926 0.05333 0.8718926 0.0735045 0.8561058 0.0735045 0.8561058 0.05333 0.8561058 0.0735045 0.8429498 0.0735045 0.9297778 0.05333 0.9297778 0.0735045 0.913991 0.0735045 0.6245642 0.0735045 0.6245642 0.0735045 0.6114085 0.0735045 0.6114085 0.0735045 0.6114085 0.0735045 0.5956217 0.0735045 0.6824496 0.0735045 0.6824496 0.0735045 0.6692938 0.0735045 0.5245805 0.0735045 0.5245805 0.0735045 0.5087935 0.0735045 0.7561218 0.0735045 0.7561218 0.0735045 0.740335 0.0735045 0.740335 0.0735045 0.740335 0.0735045 0.7271792 0.0735045 0.5535232 0.0735045 0.5535232 0.0735045 0.5377362 0.0735045 0.8429498 0.0735045 0.8429498 0.0735045 0.8271628 0.0735045 0.8850482 0.0735045 0.8850482 0.0735045 0.8718926 0.0735045 0.5824659 0.0735045 0.5824659 0.0735045 0.566679 0.0735045 0.9008349 0.0735045 0.9008349 0.0735045 0.8850482 0.0735045 0.913991 0.0735045 0.913991 0.0735045 0.9008349 0.0735045 0.6403511 0.0735045 0.6403511 0.0735045 0.6245642 0.0735045 0.5377362 0.0735045 0.5377362 0.0735045 0.5245805 0.0735045 0.6692938 0.0735045 0.6692938 0.0735045 0.653507 0.0735045 0.5956217 0.0735045 0.5956217 0.0735045 0.5824659 0.0735045 0.6982365 0.0735045 0.6982365 0.0735045 0.6824496 0.0735045 0.7982203 0.0735045 0.7982203 0.0735045 0.7850644 0.0735045 0.653507 0.0735045 0.653507 0.0735045 0.6403511 0.0735045 0.7271792 0.0735045 0.7271792 0.0735045 0.7113922 0.0735045 0.9429339 0.0735045 0.9429339 0.0735045 0.9297778 0.0735045 0.7113922 0.0735045 0.7113922 0.0735045 0.6982365 0.0735045 0.7850644 0.0735045 0.7850644 0.0735045 0.7692776 0.0735045 0.5087935 0.0735045 0.5087935 0.0735045 0.4956377 0.0735045 0.7692776 0.0735045 0.7692776 0.0735045 0.7561218 0.0735045 0.8140071 0.0735045 0.8140071 0.0735045 0.7982203 0.0735045 0.566679 0.0735045 0.566679 0.0735045 0.5535232 0.0735045 0.8271628 0.0735045 0.8271628 0.0735045 0.8140071 0.0735045 0.8718926 0.0735045 0.8718926 0.0735045 0.8561058 0.0735045 0.8561058 0.0735045 0.8561058 0.0735045 0.8429498 0.0735045 0.9297778 0.0735045 0.9297778 0.0735045 0.913991 0.0735045 0.8140071 0.0735045 0.8140071 0.0735045 0.8271628 0.0735045 0.913991 0.0735045 0.913991 0.0735045 0.9297778 0.0735045 0.8429498 0.0735045 0.8429498 0.0735045 0.8561058 0.0735045 0.5245805 0.0735045 0.5245805 0.0735045 0.5377362 0.0735045 0.5087935 0.0735045 0.5087935 0.0735045 0.5245805 0.0735045 0.5535232 0.0735045 0.5535232 0.0735045 0.566679 0.0735045 0.5377362 0.0735045 0.5377362 0.0735045 0.5535232 0.0735045 0.5824659 0.0735045 0.5824659 0.0735045 0.5956217 0.0735045 0.5956217 0.0735045 0.5956217 0.0735045 0.6114085 0.0735045 0.566679 0.0735045 0.566679 0.0735045 0.5824659 0.0735045 0.6692938 0.0735045 0.6692938 0.0735045 0.6824496 0.0735045 0.6245642 0.0735045 0.6245642 0.0735045 0.6403511 0.0735045 0.6824496 0.0735045 0.6824496 0.0735045 0.6982365 0.0735045 0.6982365 0.0735045 0.6982365 0.0735045 0.7113922 0.0735045 0.653507 0.0735045 0.653507 0.0735045 0.6692938 0.0735045 0.8271628 0.0735045 0.8271628 0.0735045 0.8429498 0.0735045 0.8718926 0.0735045 0.8718926 0.0735045 0.8850482 0.0735045 0.7113922 0.0735045 0.7113922 0.0735045 0.7271792 0.0735045 0.740335 0.0735045 0.740335 0.0735045 0.7561218 0.0735045 0.6403511 0.0735045 0.6403511 0.0735045 0.653507 0.0735045 0.7692776 0.0735045 0.7692776 0.0735045 0.7850644 0.0735045 0.6114085 0.0735045 0.6114085 0.0735045 0.6245642 0.0735045 0.7271792 0.0735045 0.7271792 0.0735045 0.740335 0.0735045 0.7982203 0.0735045 0.7982203 0.0735045 0.8140071 0.0735045 0.9008349 0.0735045 0.9008349 0.0735045 0.913991 0.0735045 0.7561218 0.0735045 0.7561218 0.0735045 0.7692776 0.0735045 0.8561058 0.0735045 0.8561058 0.0735045 0.8718926 0.0735045 0.7850644 0.0735045 0.7850644 0.0735045 0.7982203 0.0735045 0.06597232 0.4841473 0.06597232 0.9595615 0.04219144 0.9595615 0.11829 0.4841473 0.11829 0.9595615 0.0945093 0.9595615 0.04219144 0.4841473 0.04219144 0.4841473 0.06597232 0.4841473 0.11829 0.9595615 0.11829 0.9595615 0.11829 0.4841473 0.0945093 0.4841473 0.0945093 0.4841473 0.11829 0.4841473 0.06597232 0.9595615 0.06597232 0.9595615 0.04219144 0.9595615 0.0945093 0.9595615 0.0945093 0.9595615 0.0945093 0.4841473 0.04219144 0.9595615 0.04219144 0.9595615 0.04219144 0.4841473 0.0945093 0.9595615 0.06597232 0.9595615 0.06597232 0.4841473 0.06597232 0.9595615 0.06597232 0.9595615 0.06597232 0.4841473 0.146827 0.9595615 0.11829 0.9595615 0.11829 0.4841473 0.11829 0.9595615 0.11829 0.9595615 0.0945093 0.9595615 0.0945093 0.4841473 0.0945093 0.4841473 0.11829 0.4841473 0.146827 0.4841473 0.146827 0.4841473 0.1706078 0.4841473 0.06597232 0.4841473 0.06597232 0.4841473 0.0945093 0.4841473 0.04219144 0.4841473 0.04219144 0.4841473 0.06597232 0.4841473 0.11829 0.4841473 0.11829 0.4841473 0.146827 0.4841473 0.11829 0.9595615 0.11829 0.9595615 0.0945093 0.9595615 0.06597232 0.9595615 0.06597232 0.9595615 0.04219144 0.9595615 0.0945093 0.9595615 0.0945093 0.9595615 0.06597232 0.9595615 0.146827 0.9595615 0.146827 0.9595615 0.11829 0.9595615 0.0945093 0.9595615 0.0945093 0.987114 0.06597232 0.987114 0.11829 0.9595615 0.11829 0.987114 0.0945093 0.987114 0.06597232 0.9595615 0.06597232 0.987114 0.04219144 0.987114 0.04219144 0.4841473 0.04219144 0.4565947 0.06597232 0.4565947 0.0945093 0.4841473 0.0945093 0.4565947 0.11829 0.4565947 0.06597232 0.4841473 0.06597232 0.4565947 0.0945093 0.4565947 0.4377525 0.05333 0.4377524 0.0735045 0.4509081 0.0735045 0.4666951 0.05333 0.4666951 0.0735045 0.4798507 0.0735045 0.4509083 0.05333 0.4509081 0.0735045 0.4666951 0.0735045 0.4509083 0.05333 0.4666951 0.05333 0.4666951 0.0735045 0.4666951 0.05333 0.4798507 0.05333 0.4798507 0.0735045 0.4377525 0.05333 0.4509083 0.05333 0.4509081 0.0735045 0.4666951 0.0735045 0.4666951 0.0735045 0.4509081 0.0735045 0.4798507 0.0735045 0.4798507 0.0735045 0.4666951 0.0735045 0.4509081 0.0735045 0.4509081 0.0735045 0.4377524 0.0735045 0.4377524 0.0735045 0.4377524 0.0735045 0.4509081 0.0735045 0.1706078 0.4841473 0.1706078 0.9595615 0.146827 0.9595615 0.146827 0.4841473 0.146827 0.4841473 0.1706078 0.4841473 0.1706078 0.9595615 0.1706078 0.9595615 0.146827 0.9595615 0.146827 0.9595615 0.146827 0.9595615 0.146827 0.4841473 0.1991447 0.9595615 0.1706078 0.9595615 0.1706078 0.4841473 0.1706078 0.9595615 0.1706078 0.9595615 0.1706078 0.4841473 0.1706078 0.4841473 0.1706078 0.4841473 0.1991447 0.4841473 0.1706078 0.9595615 0.1706078 0.9595615 0.146827 0.9595615 0.1991447 0.9595615 0.1991447 0.9595615 0.1706078 0.9595615 0.1991447 0.9595615 0.1991447 0.987114 0.1706078 0.987114 0.1706078 0.9595615 0.1706078 0.987114 0.146827 0.987114 0.146827 0.4841473 0.146827 0.4565947 0.1706078 0.4565947 0.1706078 0.4841473 0.1706078 0.4565947 0.1991447 0.4565947 0.5087935 0.05333 0.4956377 0.05333 0.4956377 0.0735045 0.5087935 0.05333 0.5087935 0.0735045 0.5245805 0.0735045 0.4956377 0.0735045 0.4956377 0.0735045 0.5087935 0.0735045 0.146827 0.9595615 0.146827 0.987114 0.11829 0.987114 0.11829 0.4841473 0.11829 0.4565947 0.146827 0.4565947 0.4798507 0.05333 0.4798507 0.0735045 0.4956377 0.0735045 0.4798507 0.05333 0.4956377 0.05333 0.4956377 0.0735045 0.4956377 0.0735045 0.4956377 0.0735045 0.4798507 0.0735045 0.4798507 0.0735045 0.4798507 0.0735045 0.4956377 0.0735045 0.9297778 0.3733448 0.913991 0.3733448 0.913991 0.0735045 0.466695 0.3733448 0.4666951 0.0735045 0.4798507 0.0735045 0.6114085 0.3733448 0.6114085 0.0735045 0.6245642 0.0735045 0.4956377 0.3733448 0.4956377 0.0735045 0.5087935 0.0735045 0.6692938 0.3733448 0.6692938 0.0735045 0.6824496 0.0735045 0.5535231 0.3733448 0.5535232 0.0735045 0.566679 0.0735045 0.7271792 0.3733448 0.7271792 0.0735045 0.740335 0.0735045 0.5087935 0.3733448 0.5087935 0.0735045 0.5245805 0.0735045 0.8718926 0.3733448 0.8718926 0.0735045 0.8850482 0.0735045 0.5377362 0.3733448 0.5377362 0.0735045 0.5535232 0.0735045 0.913991 0.3733448 0.9008349 0.3733448 0.9008349 0.0735045 0.5666788 0.3733448 0.566679 0.0735045 0.5824659 0.0735045 0.5245805 0.3733448 0.5245805 0.0735045 0.5377362 0.0735045 0.6245641 0.3733448 0.6245642 0.0735045 0.6403511 0.0735045 0.5824657 0.3733448 0.5824659 0.0735045 0.5956217 0.0735045 0.6535069 0.3733448 0.653507 0.0735045 0.6692938 0.0735045 0.640351 0.3733448 0.6403511 0.0735045 0.653507 0.0735045 0.6824496 0.3733448 0.6824496 0.0735045 0.6982365 0.0735045 0.5956217 0.3733448 0.5956217 0.0735045 0.6114085 0.0735045 0.6982364 0.3733448 0.6982365 0.0735045 0.7113922 0.0735045 0.7113921 0.3733448 0.7113922 0.0735045 0.7271792 0.0735045 0.740335 0.3733448 0.740335 0.0735045 0.7561218 0.0735045 0.7561218 0.3733448 0.7561218 0.0735045 0.7692776 0.0735045 0.7692776 0.3733448 0.7692776 0.0735045 0.7850644 0.0735045 0.4956377 0.3733448 0.4798507 0.3733448 0.4798507 0.0735045 0.8271628 0.3733448 0.8271628 0.0735045 0.8429498 0.0735045 0.8140071 0.3733448 0.8140071 0.0735045 0.8271628 0.0735045 0.7982201 0.3733448 0.7982203 0.0735045 0.8140071 0.0735045 0.4509081 0.0735045 0.4509081 0.3733448 0.4377524 0.2234247 0.4509081 0.3733448 0.4377524 0.3733448 0.4377524 0.2234247 0.8850482 0.3733448 0.8850482 0.0735045 0.9008349 0.0735045 0.8561058 0.3733448 0.8429498 0.3733448 0.8429498 0.0735045 0.8561058 0.3733448 0.8561058 0.0735045 0.8718926 0.0735045 0.4509081 0.3733448 0.4509081 0.0735045 0.4666951 0.0735045 0.7850644 0.3733448 0.7850644 0.0735045 0.7982203 0.0735045 0.4798507 0.0735045 0.4666951 0.0735045 0.4666951 0.0735045 0.4666951 0.0735045 0.4509081 0.0735045 0.4509081 0.0735045 0.7113921 0.3733448 0.7113922 0.0735045 0.6982365 0.0735045 0.640351 0.3733448 0.6403511 0.0735045 0.6245642 0.0735045 0.8850482 0.3733448 0.8850482 0.0735045 0.8718926 0.0735045 0.6535069 0.3733448 0.6692938 0.3733448 0.6692938 0.0735045 0.6535069 0.3733448 0.653507 0.0735045 0.6403511 0.0735045 0.7271792 0.3733448 0.7271792 0.0735045 0.7113922 0.0735045 0.740335 0.3733448 0.740335 0.0735045 0.7271792 0.0735045 0.7561218 0.3733448 0.7561218 0.0735045 0.740335 0.0735045 0.7692776 0.3733448 0.7692776 0.0735045 0.7561218 0.0735045 0.7850644 0.3733448 0.7850644 0.0735045 0.7692776 0.0735045 0.4956377 0.3733448 0.5087935 0.3733448 0.5087935 0.0735045 0.5824657 0.3733448 0.5824659 0.0735045 0.566679 0.0735045 0.7982201 0.3733448 0.7982203 0.0735045 0.7850644 0.0735045 0.8140071 0.3733448 0.8140071 0.0735045 0.7982203 0.0735045 0.6982364 0.3733448 0.6982365 0.0735045 0.6824496 0.0735045 0.8271628 0.3733448 0.8271628 0.0735045 0.8140071 0.0735045 0.466695 0.3733448 0.4666951 0.0735045 0.4509081 0.0735045 0.8718926 0.3733448 0.8718926 0.0735045 0.8561058 0.0735045 0.8429498 0.3733448 0.8429498 0.0735045 0.8271628 0.0735045 0.8561058 0.3733448 0.8561058 0.0735045 0.8429498 0.0735045 0.4956377 0.3733448 0.4956377 0.0735045 0.4798507 0.0735045 0.9008349 0.3733448 0.9008349 0.0735045 0.8850482 0.0735045 0.9429338 0.3733448 0.9429339 0.0735045 0.9297778 0.0735045 0.4798507 0.3733448 0.4798507 0.0735045 0.4666951 0.0735045 0.9297778 0.3733448 0.9297778 0.0735045 0.913991 0.0735045 0.6245641 0.3733448 0.6245642 0.0735045 0.6114085 0.0735045 0.5377362 0.3733448 0.5377362 0.0735045 0.5245805 0.0735045 0.913991 0.3733448 0.913991 0.0735045 0.9008349 0.0735045 0.5666788 0.3733448 0.566679 0.0735045 0.5535232 0.0735045 0.5245805 0.3733448 0.5245805 0.0735045 0.5087935 0.0735045 0.5956217 0.3733448 0.5956217 0.0735045 0.5824659 0.0735045 0.5535231 0.3733448 0.5535232 0.0735045 0.5377362 0.0735045 0.6824496 0.3733448 0.6824496 0.0735045 0.6692938 0.0735045 0.6114085 0.3733448 0.6114085 0.0735045 0.5956217 0.0735045 0.04219144 0.4841473 0.04219144 0.4841473 0.04219144 0.9595613 0.04219144 0.9595615 0.04219144 0.4841473 0.04219144 0.4841473 0.9553751 0.4841473 0.9553751 0.4841473 0.9553751 0.9595615 0.955375 0.9595613 0.955375 0.4841473 0.955375 0.4841473 0.955375 0.4841473 0.955375 0.9595613 0.955375 0.9595613 0.9553751 0.9595615 0.9553751 0.9595615 0.9553751 0.4841473 0.9429338 0.3733448 0.9429334 0.3935192 0.9617274 0.3935192 0.9429339 0.0735045 0.9429338 0.05333 0.9617274 0.05333 0.955375 0.9595613 0.9893477 0.9595613 0.9893477 0.4841473 0.9553751 0.4565947 0.9893477 0.4565947 0.9893477 0.4841473 0.9553751 0.4841473 0.9893477 0.4841473 0.9893477 0.9595615 0.955375 0.987114 0.9893477 0.987114 0.9893477 0.9595613 0.3668664 0.376473 0.04022806 0.3764721 0.04022806 0.3764721 0.9553751 0.9595615 0.9893477 0.9595615 0.9893477 0.987114 0.955375 0.4841473 0.9893477 0.4841473 0.9893477 0.4565947 0.4377524 0.3733448 0.4377524 0.3935194 0.4189585 0.3935194 0.04219144 0.9595613 0.008218884 0.9595613 0.008218884 0.987114 0.04219144 0.4565947 0.008218884 0.4565947 0.008218884 0.4841473 0.04219144 0.4841473 0.008218884 0.4841473 0.008218884 0.9595613 0.04219144 0.9595615 0.008218884 0.9595615 0.008218884 0.4841473 0.7516372 0.4669506 0.7516372 0.4669506 0.7516372 0.5000138 0.4377524 0.0735045 0.4189584 0.0735045 0.4189585 0.05333 0.04219144 0.987114 0.008218884 0.987114 0.008218884 0.9595615 0.4377524 0.0735045 0.4377525 0.05333 0.4189585 0.05333 0.04219144 0.4841473 0.008218884 0.4841473 0.008218884 0.4565947 0.388844 0.07425576 0.388844 0.3764731 0.3668665 0.2555861 0.388844 0.3764731 0.388844 0.3939881 0.3668665 0.3764731 0.3668665 0.3160296 0.388844 0.3764731 0.3668665 0.3764731 0.388844 0.3939881 0.3668664 0.3939881 0.3668665 0.3764731 0.3668665 0.3160296 0.3668665 0.2555861 0.388844 0.3764731 0.3668665 0.2555861 0.3668665 0.1951426 0.388844 0.07425576 0.3668665 0.0567407 0.388844 0.0567407 0.388844 0.07425576 0.3668665 0.1951426 0.3668665 0.1346993 0.388844 0.07425576 0.3668665 0.1346993 0.3668665 0.07425576 0.388844 0.07425576 0.01825052 0.376473 0.01825052 0.07425576 0.04022794 0.2555861 0.01825052 0.07425576 0.01825052 0.0567407 0.04022794 0.07425576 0.04022794 0.1346993 0.01825052 0.07425576 0.04022794 0.07425576 0.01825052 0.0567407 0.04022794 0.0567407 0.04022794 0.07425576 0.04022794 0.1346993 0.04022794 0.1951426 0.01825052 0.07425576 0.04022794 0.1951426 0.04022794 0.2555861 0.01825052 0.07425576 0.04022794 0.3939881 0.01825052 0.3939881 0.01825052 0.376473 0.04022794 0.2555861 0.04022794 0.3160296 0.01825052 0.376473 0.04022794 0.376473 0.04022794 0.3939881 0.01825052 0.376473 0.3668664 0.07425564 0.3668664 0.07425564 0.3668664 0.1346991 0.04022806 0.07425564 0.04022806 0.07425564 0.04022806 0.1346991 0.3668665 0.3764731 0.3668665 0.3764731 0.3668665 0.3160296 0.04022794 0.376473 0.04022794 0.3160296 0.2035471 0.3160296 0.04022794 0.1951426 0.04022806 0.1951426 0.2035471 0.1951426 0.2035471 0.1951426 0.3668665 0.1951426 0.3668665 0.2555861 0.2035471 0.2555861 0.2035471 0.2555861 0.04022794 0.2555861 0.3668665 0.1346993 0.3668665 0.1346993 0.3668665 0.07425576 0.3668665 0.1951426 0.3668665 0.1951426 0.3668665 0.1346993 0.3668665 0.2555861 0.3668665 0.2555861 0.3668665 0.1951426 0.3668665 0.3160296 0.3668665 0.3160296 0.3668665 0.2555861 0.04022794 0.3160296 0.04022794 0.3160296 0.04022794 0.376473 0.04022794 0.2555861 0.04022794 0.2555861 0.04022794 0.3160296 0.04022794 0.1951426 0.04022794 0.1951426 0.04022794 0.2555861 0.04022794 0.1346993 0.04022794 0.1346993 0.04022794 0.1951426 0.3668664 0.1346991 0.3668664 0.07425564 0.04022806 0.07425564 0.3668665 0.1346993 0.3668665 0.1346993 0.2035471 0.1346993 0.3668664 0.255586 0.3668664 0.1951426 0.04022806 0.1951426 0.04022794 0.3160296 0.04022794 0.3160296 0.2035471 0.3160296 0.04022806 0.255586 0.04022806 0.255586 0.04022806 0.3160295 0.04022806 0.1951426 0.04022806 0.1951426 0.04022806 0.255586 0.04022806 0.1346991 0.04022806 0.1346991 0.04022806 0.1951426 0.3668664 0.3160295 0.3668664 0.3160295 0.3668664 0.376473 0.3668664 0.255586 0.3668664 0.255586 0.3668664 0.3160295 0.3668664 0.1951426 0.3668664 0.1951426 0.3668664 0.255586 0.3668664 0.1346991 0.3668664 0.1346991 0.3668664 0.1951426 0.04022794 0.2555861 0.04022794 0.3160296 0.04022794 0.3160296 0.04022794 0.1346993 0.04022794 0.1346993 0.04022806 0.1951426 0.3668665 0.1951426 0.3668665 0.1346993 0.3668665 0.1346993 0.3668665 0.3160296 0.3668665 0.3160296 0.3668665 0.2555861 0.04022794 0.2555861 0.2035471 0.2555861 0.2035471 0.3160296 0.2035471 0.1951426 0.2035471 0.1346993 0.3668665 0.1346993 0.04022806 0.1346991 0.04022806 0.1346991 0.3668664 0.1346991 0.04022806 0.255586 0.04022806 0.255586 0.3668664 0.2555861 0.3668664 0.1951426 0.3668664 0.1951426 0.04022806 0.1951426 0.3668664 0.3160295 0.3668664 0.3160295 0.04022806 0.3160295 0.3668664 0.255586 0.3668664 0.2555861 0.3668664 0.3160295 0.3668664 0.1346991 0.3668664 0.1346991 0.3668664 0.1951426 0.04022806 0.3160295 0.04022806 0.255586 0.04022806 0.255586 0.04022806 0.1951426 0.04022806 0.1346991 0.04022806 0.1346991 0.3668664 0.3160295 0.3668664 0.2555861 0.04022806 0.255586 0.3668664 0.1951426 0.3668664 0.1346991 0.04022806 0.1346991 0.9617274 0.3733448 0.9617274 0.0735045 0.9429338 0.0735045 0.1943809 0.500012 0.1943809 0.500012 0.1943811 0.4669489 0.9617276 0.0735045 0.9617276 0.373345 0.9429339 0.373345 0.9429339 0.0735045 0.9429339 0.373345 0.9429339 0.3733448 0.3668664 0.376473 0.04022806 0.3764721 0.04022794 0.3939871 0.4377524 0.2234247 0.4377524 0.0735045 0.4377524 0.0735045 0.4377524 0.0735045 0.4377524 0.373345 0.4377524 0.2234247 0.9297778 0.3733448 0.9429339 0.373345 0.9429334 0.3935194 0.9297778 0.3733448 0.9429339 0.3733448 0.9429339 0.373345 0.4509081 0.3733448 0.4377524 0.373345 0.4377524 0.3935194 0.4509081 0.3733448 0.4509081 0.3733448 0.4377524 0.373345 0.9297778 0.05333 0.9297778 0.0735045 0.9429338 0.0735045 0.9429338 0.0735045 0.9297778 0.0735045 0.9297778 0.0735045 0.9297778 0.3733448 0.9297778 0.0735045 0.9429339 0.0735045 0.4377524 0.2234247 0.4377524 0.373345 0.4509081 0.3733448 0.4509081 0.3733448 0.4509081 0.0735045 0.4377524 0.2234247 0.04022806 0.07425564 0.04022806 0.07425564 0.3668664 0.07425564 0.9429338 0.05333 0.9429338 0.0735045 0.9617274 0.0735045 0.9429339 0.373345 0.9617276 0.373345 0.9617274 0.3935194 0.5735212 0.2174569 0.5735212 0.2174569 0.5488089 0.2174569 0.4377524 0.2234247 0.4377524 0.3733448 0.4377524 0.3733448 0.4377524 0.3733448 0.4377524 0.0735045 0.4377524 0.2234247 0.1487489 0.05603218 0.1487489 0.05603218 0.1487489 0.03501415 0.4377524 0.373345 0.4189584 0.3733448 0.4189585 0.3935194 0.3668665 0.07425576 0.2035471 0.07425576 0.2035471 0.0567407 0.01825076 0.376473 0.01825076 0.393988 0.04022794 0.3939871 0.04022794 0.3939871 0.04022806 0.3764721 0.01825076 0.376473 0.04022806 0.3764721 0.04022806 0.3160295 0.01825076 0.376473 0.04022806 0.255586 0.04022806 0.1951426 0.01825076 0.07425564 0.04022806 0.1951426 0.04022806 0.1346991 0.01825076 0.07425564 0.04022806 0.3160295 0.04022806 0.255586 0.01825076 0.376473 0.01825076 0.07425564 0.01825076 0.376473 0.04022806 0.255586 0.04022806 0.05674052 0.01825076 0.05674052 0.01825076 0.07425564 0.04022806 0.1346991 0.04022806 0.07425564 0.01825076 0.07425564 0.3888439 0.393988 0.3888439 0.376473 0.3668664 0.376473 0.3888439 0.376473 0.3888439 0.07425564 0.3668664 0.1951426 0.3668664 0.3160295 0.3888439 0.376473 0.3668664 0.255586 0.3888439 0.07425564 0.3888439 0.05674064 0.3668665 0.05674064 0.3668665 0.05674064 0.3668664 0.07425564 0.3888439 0.07425564 0.3668664 0.07425564 0.3668664 0.1346991 0.3888439 0.07425564 0.3668664 0.1951426 0.3668664 0.255586 0.3888439 0.376473 0.3668664 0.1346991 0.3668664 0.1951426 0.3888439 0.07425564 0.3888439 0.376473 0.3668664 0.3160295 0.3668664 0.376473 0.04022794 0.07425576 0.04022794 0.07425564 0.04022794 0.1346993 0.2035471 0.1346993 0.2035471 0.07425576 0.3668665 0.07425576 0.3668664 0.3160295 0.04022806 0.3160295 0.04022806 0.3764721 0.04022806 0.3764721 0.04022806 0.3160295 0.04022806 0.3160295 0.04022806 0.05674052 0.04022806 0.07425564 0.3668664 0.07425564 0.9429338 0.3733448 0.9429338 0.0735045 0.9429339 0.0735045 0.04022794 0.376473 0.2035471 0.376473 0.2035471 0.376473 0.2035471 0.376473 0.3668665 0.3764731 0.3668664 0.3939881 0.4377524 0.0735045 0.4377524 0.3733448 0.4189584 0.2234247 0.4377524 0.3733448 0.4189584 0.373345 0.4189584 0.2234247 0.3668665 0.07425576 0.2035471 0.07425576 0.2035471 0.07425576 0.4377524 0.373345 0.4377524 0.0735045 0.4189584 0.2234247 0.4377524 0.0735045 0.4189584 0.0735045 0.4189584 0.2234247 0.04022794 0.376473 0.2035471 0.376473 0.2035471 0.3939881 0.2035471 0.07425576 0.04022794 0.07425576 0.04022794 0.0567407 0.04022794 0.1951426 0.2035471 0.1951426 0.2035471 0.2555861 0.04022794 0.1346993 0.04022794 0.07425564 0.2035471 0.07425576 0.2035471 0.1346993 0.2035471 0.1346993 0.04022794 0.1346993 0.2035471 0.07425576 0.04022794 0.07425564 0.04022794 0.07425576 0.3668665 0.2555861 0.3668665 0.2555861 0.2035471 0.2555861 0.2035471 0.376473 0.3668665 0.3764731 0.3668665 0.3764731 0.2035471 0.376473 0.2035471 0.3160296 0.3668665 0.3160296 0.2035471 0.3160296 0.2035471 0.3160296 0.3668665 0.3160296 0.2035471 0.1951426 0.2035471 0.1951426 0.3668665 0.1951426 0.2035471 0.3160296 0.2035471 0.2555861 0.3668665 0.2555861 0.2035471 0.1346993 0.2035471 0.1951426 0.04022806 0.1951426 0.1981706 0.376473 0.1981706 0.07425576 0.1981706 0.07425576 0.2089237 0.376473 0.2089237 0.07425576 0.1981706 0.07425576 0.2089237 0.376473 0.2089237 0.07425576 0.2089237 0.07425576 0.1981706 0.376473 0.1981706 0.07425576 0.2089237 0.07425576 0.1981706 0.07425576 0.2089237 0.07425576 0.2089237 0.07425576 0.2089237 0.376473 0.2089237 0.376473 0.1981706 0.376473</float_array>
          <technique_common>
            <accessor source="#container-mesh-map-0-array" count="6240" stride="2">
              <param name="S" type="float"/>
              <param name="T" type="float"/>
            </accessor>
          </technique_common>
        </source>
        <vertices id="container-mesh-vertices">
          <input semantic="POSITION" source="#container-mesh-positions"/>
        </vertices>
        <triangles material="metal-material" count="128">
          <input semantic="VERTEX" source="#container-mesh-vertices" offset="0"/>
          <input semantic="NORMAL" source="#container-mesh-normals" offset="1"/>
          <input semantic="TEXCOORD" source="#container-mesh-map-0" offset="2" set="0"/>
          <p>14 0 0 17 1 1 15 2 2 12 3 3 17 1 4 13 4 5 10 5 6 17 1 7 11 6 8 16 7 9 17 1 10 8 8 11 13 4 12 17 1 13 14 0 14 11 6 15 17 1 16 12 3 17 8 8 18 17 1 19 10 5 20 15 2 21 17 1 22 16 7 23 0 9 24 7 10 25 9 11 26 6 12 27 5 13 28 9 11 29 4 14 30 3 15 31 9 11 32 2 16 33 1 17 34 9 11 35 7 10 36 6 12 37 9 11 38 5 13 39 4 14 40 9 11 41 3 15 42 2 16 43 9 11 44 1 17 45 0 9 46 9 11 47 15 2 48 7 10 49 0 9 50 8 8 51 5 13 52 6 12 53 11 6 54 3 15 55 4 14 56 13 4 57 1 17 58 2 16 59 16 7 60 6 12 61 7 10 62 10 5 63 4 14 64 5 13 65 12 3 66 2 16 67 3 15 68 14 0 69 0 9 70 1 17 71 32 18 72 35 19 73 33 20 74 30 21 75 35 19 76 31 22 77 28 23 78 35 19 79 29 24 80 34 25 81 35 19 82 26 26 83 31 22 84 35 19 85 32 18 86 29 24 87 35 19 88 30 21 89 26 26 90 35 19 91 28 23 92 33 20 93 35 19 94 34 25 95 18 27 96 25 28 97 27 29 98 24 30 99 23 31 100 27 29 101 22 32 102 21 33 103 27 29 104 20 34 105 19 35 106 27 29 107 25 28 108 24 30 109 27 29 110 23 31 111 22 32 112 27 29 113 21 33 114 20 34 115 27 29 116 19 35 117 18 27 118 27 29 119 33 20 120 25 28 121 18 27 122 26 26 123 23 31 124 24 30 125 29 24 126 21 33 127 22 32 128 31 22 129 19 35 130 20 34 131 34 25 132 24 30 133 25 28 134 28 23 135 22 32 136 23 31 137 30 21 138 20 34 139 21 33 140 32 18 141 18 27 142 19 35 143 50 36 144 53 37 145 51 38 146 48 39 147 53 37 148 49 40 149 46 41 150 53 37 151 47 42 152 52 43 153 53 37 154 44 44 155 49 40 156 53 37 157 50 36 158 47 42 159 53 37 160 48 39 161 44 44 162 53 37 163 46 41 164 51 38 165 53 37 166 52 43 167 36 45 168 43 46 169 45 47 170 42 48 171 41 49 172 45 47 173 40 50 174 39 51 175 45 47 176 38 52 177 37 53 178 45 47 179 43 46 180 42 48 181 45 47 182 41 49 183 40 50 184 45 47 185 39 51 186 38 52 187 45 47 188 37 53 189 36 45 190 45 47 191 51 38 192 43 46 193 36 45 194 44 44 195 41 49 196 42 48 197 47 42 198 39 51 199 40 50 200 49 40 201 37 53 202 38 52 203 52 43 204 42 48 205 43 46 206 46 41 207 40 50 208 41 49 209 48 39 210 38 52 211 39 51 212 50 36 213 36 45 214 37 53 215 68 54 216 71 55 217 69 56 218 66 57 219 71 55 220 67 58 221 64 59 222 71 55 223 65 60 224 70 61 225 71 55 226 62 62 227 67 58 228 71 55 229 68 54 230 65 60 231 71 55 232 66 57 233 62 62 234 71 55 235 64 59 236 69 56 237 71 55 238 70 61 239 54 63 240 61 64 241 63 65 242 60 66 243 59 67 244 63 65 245 58 68 246 57 69 247 63 65 248 56 70 249 55 71 250 63 65 251 61 64 252 60 66 253 63 65 254 59 67 255 58 68 256 63 65 257 57 69 258 56 70 259 63 65 260 55 71 261 54 63 262 63 65 263 69 56 264 61 64 265 54 63 266 62 62 267 59 67 268 60 66 269 65 60 270 57 69 271 58 68 272 67 58 273 55 71 274 56 70 275 70 61 276 60 66 277 61 64 278 64 59 279 58 68 280 59 67 281 66 57 282 56 70 283 57 69 284 68 54 285 54 63 286 55 71 287 15 2 3159 16 7 3160 7 10 3161 8 8 3162 10 5 3163 5 13 3164 11 6 3165 12 3 3166 3 15 3167 13 4 3168 14 0 3169 1 17 3170 16 7 3171 8 8 3172 6 12 3173 10 5 3174 11 6 3175 4 14 3176 12 3 3177 13 4 3178 2 16 3179 14 0 3180 15 2 3181 0 9 3182 33 20 3183 34 25 3184 25 28 3185 26 26 3186 28 23 3187 23 31 3188 29 24 3189 30 21 3190 21 33 3191 31 22 3192 32 18 3193 19 35 3194 34 25 3195 26 26 3196 24 30 3197 28 23 3198 29 24 3199 22 32 3200 30 21 3201 31 22 3202 20 34 3203 32 18 3204 33 20 3205 18 27 3206 51 38 3207 52 43 3208 43 46 3209 44 44 3210 46 41 3211 41 49 3212 47 42 3213 48 39 3214 39 51 3215 49 40 3216 50 36 3217 37 53 3218 52 43 3219 44 44 3220 42 48 3221 46 41 3222 47 42 3223 40 50 3224 48 39 3225 49 40 3226 38 52 3227 50 36 3228 51 38 3229 36 45 3230 69 56 3231 70 61 3232 61 64 3233 62 62 3234 64 59 3235 59 67 3236 65 60 3237 66 57 3238 57 69 3239 67 58 3240 68 54 3241 55 71 3242 70 61 3243 62 62 3244 60 66 3245 64 59 3246 65 60 3247 58 68 3248 66 57 3249 67 58 3250 56 70 3251 68 54 3252 69 56 3253 54 63 3254</p>
        </triangles>
        <triangles material="container_2-material" count="88">
          <input semantic="VERTEX" source="#container-mesh-vertices" offset="0"/>
          <input semantic="NORMAL" source="#container-mesh-normals" offset="1"/>
          <input semantic="TEXCOORD" source="#container-mesh-map-0" offset="2" set="0"/>
          <p>93 75 291 92 76 292 91 77 293 103 78 294 102 78 295 101 78 296 149 94 312 148 95 313 147 96 314 156 75 315 155 75 316 154 97 317 163 75 318 162 75 319 161 97 320 76 98 321 75 99 322 74 100 323 81 101 324 80 102 325 79 103 326 86 98 327 85 99 328 84 100 329 99 78 330 107 78 331 98 78 332 111 104 333 110 105 334 109 77 335 116 109 339 126 110 340 115 111 341 122 112 342 132 113 343 121 111 344 128 114 345 138 115 346 127 100 347 135 100 348 145 116 349 134 117 350 140 88 351 152 118 352 139 100 353 445 75 1257 450 75 1258 444 97 1259 448 306 1260 447 95 1261 446 307 1262 73 338 1368 78 339 1369 72 78 1370 520 196 1437 521 196 1438 519 196 1439 530 355 1440 531 356 1441 529 357 1442 576 369 1458 577 370 1459 575 371 1460 583 196 1461 584 196 1462 582 196 1463 590 196 1464 591 196 1465 589 196 1466 503 372 1467 504 372 1468 502 373 1469 508 196 1470 509 196 1471 507 196 1472 513 196 1473 514 196 1474 512 196 1475 535 196 1476 527 196 1477 526 196 1478 538 374 1479 539 355 1480 537 372 1481 554 196 1485 544 196 1486 543 196 1487 560 196 1488 550 196 1489 549 196 1490 566 196 1491 556 196 1492 555 196 1493 573 196 1494 563 196 1495 562 196 1496 580 372 1497 568 372 1498 567 373 1499 879 196 2403 874 196 2404 873 196 2405 876 196 2406 877 196 2407 875 196 2408 506 643 2514 501 644 2515 500 645 2516 493 840 2880 1027 841 2881 1026 842 2882 1018 846 2886 974 360 2887 1021 847 2888 1000 890 2991 1005 891 2992 1004 892 2993 1002 893 2994 1007 894 2995 1006 895 2996 1022 943 3072 926 944 3073 972 360 3074 970 965 3108 1021 847 3109 969 360 3110 971 966 3111 1023 967 3112 1022 943 3113 1026 842 3126 975 973 3127 923 360 3128 93 75 3258 94 97 3259 92 76 3260 103 78 3261 104 78 3262 102 78 3263 149 94 3279 150 991 3280 148 95 3281 156 75 3282 157 97 3283 155 75 3284 163 75 3285 164 97 3286 162 75 3287 76 98 3288 83 191 3289 75 99 3290 81 101 3291 90 191 3292 80 102 3293 86 98 3294 97 191 3295 85 99 3296 99 78 3297 108 78 3298 107 78 3299 111 104 3300 120 191 3301 110 105 3302 116 109 3306 117 992 3307 126 110 3308 122 112 3309 133 112 3310 132 113 3311 128 114 3312 129 993 3313 138 115 3314 135 100 3315 146 994 3316 145 116 3317 140 88 3318 153 90 3319 152 118 3320 445 75 4224 451 97 4225 450 75 4226 448 306 4227 453 991 4228 447 95 4229 73 338 4335 455 999 4336 78 339 4337 520 196 4404 522 196 4405 521 196 4406 530 355 4407 532 373 4408 531 356 4409 576 369 4425 578 1004 4426 577 370 4427 583 196 4428 585 196 4429 584 196 4430 590 196 4431 592 196 4432 591 196 4433 503 372 4434 511 372 4435 504 372 4436 508 196 4437 518 196 4438 509 196 4439 513 196 4440 525 196 4441 514 196 4442 535 196 4443 536 196 4444 527 196 4445 538 374 4446 548 357 4447 539 355 4448 554 196 4452 545 196 4453 544 196 4454 560 196 4455 561 196 4456 550 196 4457 566 196 4458 557 196 4459 556 196 4460 573 196 4461 574 196 4462 563 196 4463 580 372 4464 581 372 4465 568 372 4466 879 196 5370 880 196 5371 874 196 5372 876 196 5373 882 196 5374 877 196 5375 506 643 5481 884 1029 5482 501 644 5483 493 840 5898 968 360 5899 1027 841 5900 1018 846 5904 973 360 5905 974 360 5906 1000 890 6009 1001 1060 6010 1005 891 6011 1002 893 6012 1003 1061 6013 1007 894 6014 1022 943 6147 1023 967 6148 926 944 6149 970 965 6189 1018 846 6190 1021 847 6191 971 966 6192 1014 1094 6193 1023 967 6194 1026 842 6207 1027 841 6208 975 973 6209</p>
        </triangles>
        <triangles material="container-material" count="1864">
          <input semantic="VERTEX" source="#container-mesh-vertices" offset="0"/>
          <input semantic="NORMAL" source="#container-mesh-normals" offset="1"/>
          <input semantic="TEXCOORD" source="#container-mesh-map-0" offset="2" set="0"/>
          <p>87 72 288 86 73 289 84 74 290 123 79 297 122 80 298 121 81 299 132 82 300 131 83 301 130 84 302 141 85 303 140 86 304 139 87 305 143 88 306 142 89 307 141 90 308 145 91 309 144 92 310 143 93 311 102 106 336 114 107 337 113 108 338 148 119 354 160 120 355 159 121 356 166 55 357 161 55 358 162 55 359 171 55 360 91 55 361 92 55 362 181 55 363 154 55 364 155 55 365 170 122 366 93 123 367 91 124 368 169 78 369 95 78 370 170 78 371 172 125 372 99 126 373 98 127 374 173 128 375 103 129 376 101 130 377 175 78 378 124 78 379 123 76 380 177 131 381 135 132 382 134 133 383 178 134 384 149 135 385 147 136 386 180 137 387 156 138 388 154 139 389 159 78 390 158 97 391 180 78 392 75 140 393 82 141 394 167 142 395 85 143 396 96 144 397 169 145 398 110 146 399 119 147 400 174 148 401 126 149 402 125 150 403 175 151 404 113 55 405 101 55 406 102 55 407 159 55 408 147 55 409 148 55 410 89 55 411 79 55 412 80 55 413 130 55 414 121 55 415 132 55 416 169 55 417 84 55 418 85 55 419 179 55 420 139 55 421 152 55 422 167 55 423 74 55 424 75 55 425 137 55 426 127 55 427 138 55 428 174 55 429 109 55 430 110 55 431 106 55 432 98 55 433 107 55 434 175 55 435 115 55 436 126 55 437 143 55 438 134 55 439 145 55 440 216 55 441 171 55 442 172 55 443 128 152 444 191 152 445 129 152 446 184 152 447 90 152 448 81 152 449 163 152 450 195 152 451 164 152 452 77 153 453 76 154 454 74 155 455 89 78 456 88 78 457 87 78 458 107 156 459 187 157 460 106 158 461 112 159 462 111 160 463 109 161 464 113 78 465 188 78 466 112 76 467 118 162 468 116 163 469 115 164 470 80 165 471 185 166 472 89 167 473 138 168 474 191 169 475 137 170 476 168 171 477 81 172 478 79 173 479 167 78 480 184 78 481 168 78 482 171 113 483 100 174 484 172 175 485 106 78 486 105 78 487 173 78 488 174 78 489 189 78 490 118 78 491 176 176 492 128 177 493 127 178 494 130 78 495 190 78 496 176 76 497 137 88 498 136 89 499 177 90 500 179 88 501 151 89 502 178 90 503 152 179 504 192 180 505 179 181 506 165 182 507 163 183 508 161 184 509 181 78 510 194 97 511 165 78 512 92 185 513 186 186 514 171 187 515 155 188 516 193 189 517 181 190 518 136 152 519 146 152 520 135 152 521 93 152 522 186 152 523 94 152 524 100 152 525 108 152 526 99 152 527 182 152 528 83 152 529 76 152 530 124 152 531 133 152 532 122 152 533 103 152 534 114 152 535 104 152 536 142 152 537 153 152 538 140 152 539 188 152 540 120 152 541 111 152 542 116 152 543 125 152 544 117 152 545 149 152 546 160 152 547 150 152 548 156 152 549 193 152 550 157 152 551 88 152 552 97 152 553 86 152 554 207 55 555 177 55 556 143 55 557 209 55 558 181 55 559 165 55 560 223 55 561 141 55 562 179 55 563 217 55 564 106 55 565 173 55 566 210 55 567 165 55 568 166 55 569 211 55 570 77 55 571 167 55 572 206 55 573 143 55 574 141 55 575 198 55 576 168 55 577 89 55 578 202 55 579 174 55 580 118 55 581 213 55 582 87 55 583 169 55 584 201 55 585 173 55 586 113 55 587 200 55 588 113 55 589 112 55 590 203 55 591 175 55 592 123 55 593 215 55 594 170 55 595 171 55 596 218 55 597 112 55 598 174 55 599 220 55 600 130 55 601 176 55 602 225 55 603 180 55 604 181 55 605 208 55 606 178 55 607 159 55 608 212 55 609 167 55 610 168 55 611 221 55 612 137 55 613 177 55 614 199 55 615 172 55 616 106 55 617 219 55 618 118 55 619 175 55 620 222 55 621 179 55 622 178 55 623 197 55 624 89 55 625 87 55 626 214 55 627 169 55 628 170 55 629 204 55 630 123 55 631 130 55 632 205 55 633 176 55 634 137 55 635 224 55 636 159 55 637 180 55 638 245 152 639 88 152 640 185 152 641 240 152 642 160 152 643 151 152 644 235 152 645 124 152 646 125 152 647 246 152 648 100 152 649 186 152 650 241 152 651 193 152 652 158 152 653 243 152 654 82 152 655 182 152 656 239 152 657 142 152 658 144 152 659 247 152 660 105 152 661 187 152 662 229 152 663 95 152 664 96 152 665 227 152 666 96 152 667 88 152 668 230 152 669 187 152 670 100 152 671 232 152 672 188 152 673 114 152 674 248 152 675 119 152 676 188 152 677 250 152 678 191 152 679 190 152 680 242 152 681 158 152 682 160 152 683 234 152 684 131 152 685 124 152 686 254 152 687 195 152 688 194 152 689 233 152 690 189 152 691 119 152 692 237 152 693 144 152 694 136 152 695 236 152 696 190 152 697 131 152 698 238 152 699 192 152 700 142 152 701 244 152 702 185 152 703 184 152 704 251 152 705 136 152 706 191 152 707 228 152 708 186 152 709 95 152 710 252 152 711 151 152 712 192 152 713 226 152 714 184 152 715 82 152 716 231 152 717 114 152 718 105 152 719 253 152 720 194 152 721 193 152 722 249 152 723 125 152 724 189 152 725 276 191 726 245 191 727 244 191 728 267 191 729 239 191 730 237 191 731 284 191 732 240 191 733 252 191 734 268 191 735 252 191 736 238 191 737 285 191 738 254 191 739 253 191 740 258 191 741 246 191 742 228 191 743 259 191 744 228 191 745 229 191 746 261 191 747 232 191 748 231 191 749 265 191 750 234 191 751 235 191 752 281 191 753 235 191 754 249 191 755 256 191 756 244 191 757 226 191 758 269 191 759 238 191 760 239 191 761 270 191 762 242 191 763 240 191 764 277 191 765 227 191 766 245 191 767 272 191 768 241 191 769 242 191 770 271 191 771 253 191 772 241 191 773 278 191 774 230 191 775 246 191 776 274 191 777 226 191 778 243 191 779 279 191 780 231 191 781 247 191 782 257 191 783 229 191 784 227 191 785 262 191 786 248 191 787 232 191 788 282 191 789 251 191 790 250 191 791 260 191 792 247 191 793 230 191 794 263 191 795 249 191 796 233 191 797 286 191 798 255 192 799 254 191 800 280 191 801 233 191 802 248 191 803 266 191 804 250 191 805 236 191 806 264 191 807 236 191 808 234 191 809 283 191 810 237 191 811 251 191 812 311 193 813 323 194 814 292 152 815 306 191 816 197 191 817 213 191 818 307 191 819 213 191 820 214 191 821 289 191 822 198 191 823 197 191 824 293 191 825 217 191 826 201 191 827 309 191 828 215 191 829 216 191 830 292 191 831 201 191 832 200 191 833 311 191 834 200 191 835 218 191 836 310 191 837 199 191 838 217 191 839 298 191 840 207 191 841 206 191 842 300 191 843 222 191 844 208 191 845 294 191 846 218 191 847 202 191 848 302 191 849 209 191 850 210 195 851 295 191 852 219 191 853 203 191 854 291 191 855 216 191 856 199 191 857 313 191 858 204 191 859 220 191 860 308 191 861 214 191 862 215 191 863 312 191 864 202 191 865 219 191 866 314 191 867 205 191 868 221 191 869 318 191 870 224 191 871 225 191 872 296 191 873 203 191 874 204 191 875 315 191 876 223 191 877 222 191 878 297 191 879 220 191 880 205 191 881 317 191 882 208 191 883 224 191 884 299 191 885 221 191 886 207 191 887 301 191 888 225 191 889 209 191 890 316 191 891 206 191 892 223 191 893 304 191 894 196 191 895 211 191 896 290 191 897 212 191 898 198 191 899 305 191 900 211 191 901 212 191 902 442 196 903 331 196 904 349 196 905 342 197 906 291 198 907 310 199 908 298 200 909 330 201 910 299 202 911 300 203 912 347 204 913 315 205 914 294 206 915 343 207 916 311 193 917 302 208 918 332 209 919 301 210 920 295 211 921 344 212 922 312 213 923 322 214 924 309 215 925 291 198 926 313 216 927 327 217 928 296 218 929 340 219 930 307 220 931 308 221 932 312 213 933 325 222 934 294 206 935 314 223 936 328 224 937 297 225 938 318 226 939 349 152 940 317 227 941 296 218 942 326 228 943 295 211 944 315 205 945 348 229 946 316 230 947 297 225 948 345 231 949 313 216 950 317 227 951 331 232 952 300 203 953 299 202 954 346 233 955 314 223 956 301 210 957 350 234 958 318 226 959 316 230 960 329 235 961 298 200 962 335 236 963 288 237 964 304 238 965 321 239 966 305 240 967 290 241 968 337 242 969 304 238 970 305 240 971 338 243 972 289 244 973 306 245 974 339 246 975 306 245 976 307 220 977 320 247 978 290 241 979 289 244 980 324 248 981 310 199 982 293 152 983 341 249 984 308 221 985 309 215 986 323 194 987 293 152 988 292 152 989 258 250 990 373 251 991 278 252 992 259 253 993 353 254 994 258 250 995 261 255 996 357 256 997 262 55 998 275 257 999 369 258 1000 274 259 1001 360 260 1002 264 261 1003 265 262 1004 376 263 1005 265 262 1006 281 55 1007 256 264 1008 371 265 1009 276 266 1010 364 267 1011 268 268 1012 269 269 1013 365 270 1014 272 271 1015 270 272 1016 277 273 1017 352 274 1018 257 275 1019 367 276 1020 271 55 1021 272 271 1022 366 277 1023 285 271 1024 271 55 1025 278 252 1026 355 278 1027 260 279 1028 274 259 1029 351 280 1030 256 264 1031 279 281 1032 356 282 1033 261 255 1034 257 275 1035 354 283 1036 259 253 1037 357 256 1038 280 55 1039 262 55 1040 377 284 1041 283 285 1042 282 286 1043 260 279 1044 374 287 1045 279 281 1046 358 288 1047 281 55 1048 263 289 1049 375 290 1050 263 289 1051 280 55 1052 361 291 1053 282 286 1054 266 292 1055 273 293 1056 370 294 1057 275 257 1058 359 295 1059 266 292 1060 264 261 1061 378 296 1062 267 297 1063 283 285 1064 276 266 1065 372 298 1066 277 273 1067 362 299 1068 269 269 1069 267 297 1070 379 300 1071 270 272 1072 284 301 1073 363 302 1074 284 301 1075 268 268 1076 380 303 1077 286 304 1078 285 271 1079 384 196 1080 373 196 1081 353 196 1082 385 196 1083 353 196 1084 354 196 1085 387 196 1086 357 196 1087 356 196 1088 401 196 1089 369 196 1090 370 196 1091 391 196 1092 359 196 1093 360 196 1094 407 196 1095 360 196 1096 376 196 1097 382 196 1098 371 196 1099 351 196 1100 395 196 1101 363 196 1102 364 196 1103 396 196 1104 367 196 1105 365 196 1106 403 196 1107 352 196 1108 372 196 1109 398 196 1110 366 196 1111 367 196 1112 397 196 1113 380 196 1114 366 196 1115 404 196 1116 355 196 1117 373 196 1118 400 196 1119 351 196 1120 369 196 1121 405 196 1122 356 196 1123 374 196 1124 383 196 1125 354 196 1126 352 196 1127 388 196 1128 375 196 1129 357 196 1130 408 196 1131 378 196 1132 377 196 1133 386 196 1134 374 196 1135 355 196 1136 389 196 1137 376 196 1138 358 196 1139 406 196 1140 358 196 1141 375 196 1142 392 196 1143 377 196 1144 361 196 1145 399 196 1146 370 196 1147 368 196 1148 390 196 1149 361 196 1150 359 196 1151 409 196 1152 362 196 1153 378 196 1154 402 196 1155 372 196 1156 371 196 1157 393 196 1158 364 196 1159 362 196 1160 410 196 1161 365 196 1162 379 196 1163 394 196 1164 379 196 1165 363 196 1166 411 196 1167 381 305 1168 380 196 1169 424 196 1170 346 196 1171 330 196 1172 426 196 1173 350 196 1174 332 196 1175 441 196 1176 329 196 1177 348 196 1178 428 196 1179 319 196 1180 335 196 1181 413 196 1182 336 196 1183 319 196 1184 415 196 1185 337 196 1186 321 196 1187 430 196 1188 335 196 1189 337 196 1190 431 196 1191 320 196 1192 338 196 1193 432 196 1194 338 196 1195 339 196 1196 414 196 1197 321 196 1198 320 196 1199 418 196 1200 342 196 1201 324 196 1202 434 196 1203 340 196 1204 341 196 1205 417 196 1206 324 196 1207 323 196 1208 436 196 1209 323 196 1210 343 196 1211 435 196 1212 322 196 1213 342 196 1214 423 196 1215 330 196 1216 329 196 1217 425 196 1218 347 196 1219 331 196 1220 419 196 1221 343 196 1222 325 196 1223 427 196 1224 332 196 1225 333 196 1226 420 196 1227 344 196 1228 326 196 1229 416 196 1230 341 196 1231 322 196 1232 438 196 1233 327 196 1234 345 196 1235 433 196 1236 339 196 1237 340 196 1238 437 196 1239 325 196 1240 344 196 1241 439 196 1242 328 196 1243 346 196 1244 443 196 1245 349 196 1246 350 196 1247 421 196 1248 326 196 1249 327 196 1250 440 196 1251 348 196 1252 347 196 1253 422 196 1254 345 196 1255 328 196 1256 458 55 1263 444 55 1264 450 55 1265 447 308 1266 452 309 1267 457 310 1268 457 55 1269 446 55 1270 447 55 1271 460 152 1272 451 152 1273 445 152 1274 449 311 1275 448 312 1276 446 313 1277 456 314 1278 445 315 1279 444 316 1280 458 317 1281 461 318 1282 449 319 1283 450 320 1284 462 321 1285 458 322 1286 457 78 1287 463 97 1288 459 78 1289 461 152 1290 453 152 1291 448 152 1292 467 55 1293 449 55 1294 457 55 1295 465 55 1296 459 55 1297 454 55 1298 464 55 1299 458 55 1300 449 55 1301 468 55 1302 456 55 1303 458 55 1304 469 55 1305 457 55 1306 459 55 1307 472 152 1308 452 152 1309 461 152 1310 471 152 1311 462 152 1312 460 152 1313 473 152 1314 461 152 1315 462 152 1316 470 152 1317 463 152 1318 452 152 1319 479 191 1320 472 191 1321 473 191 1322 478 191 1323 470 191 1324 472 191 1325 477 191 1326 473 191 1327 471 323 1328 484 191 1329 466 324 1330 468 191 1331 483 191 1332 464 191 1333 467 191 1334 480 191 1335 468 191 1336 464 191 1337 486 325 1338 480 326 1339 483 327 1340 485 328 1341 484 329 1342 480 326 1343 479 330 1344 490 331 1345 478 332 1346 478 332 1347 488 333 1348 476 334 1349 477 335 1350 491 336 1351 479 330 1352 495 196 1353 490 196 1354 491 196 1355 494 196 1356 488 196 1357 490 196 1358 493 196 1359 491 196 1360 489 196 1361 497 196 1362 485 196 1363 486 196 1364 496 196 1365 487 337 1366 485 196 1367 454 55 1371 72 55 1372 78 55 1373 73 152 1374 183 152 1375 455 152 1376 459 340 1377 73 341 1378 72 342 1379 454 78 1380 182 78 1381 77 78 1382 78 343 1383 183 344 1384 454 345 1385 196 55 1386 454 55 1387 77 55 1388 474 152 1389 183 152 1390 463 152 1391 475 152 1392 182 152 1393 183 152 1394 275 191 1395 243 191 1396 475 191 1397 273 191 1398 475 191 1399 474 191 1400 481 191 1401 469 191 1402 465 191 1403 288 191 1404 465 191 1405 196 191 1406 336 346 1407 303 347 1408 481 348 1409 319 349 1410 481 348 1411 288 237 1412 429 196 1413 334 196 1414 336 196 1415 476 191 1416 474 191 1417 470 191 1418 303 191 1419 467 191 1420 469 191 1421 334 350 1422 483 327 1423 303 347 1424 476 334 1425 368 351 1426 273 293 1427 492 196 1428 368 196 1429 488 196 1430 499 196 1431 486 196 1432 334 196 1433 514 352 1434 515 353 1435 512 354 1436 550 358 1443 551 359 1444 549 354 1445 559 360 1446 560 360 1447 558 360 1448 568 361 1449 569 362 1450 567 354 1451 570 363 1452 571 364 1453 569 365 1454 572 366 1455 573 367 1456 571 368 1457 542 375 1482 530 376 1483 541 377 1484 588 360 1500 576 360 1501 587 360 1502 589 55 1503 594 55 1504 590 55 1505 519 55 1506 599 55 1507 520 55 1508 582 55 1509 609 55 1510 583 55 1511 521 378 1512 598 379 1513 519 354 1514 523 372 1515 597 371 1516 598 373 1517 527 380 1518 600 381 1519 526 354 1520 531 382 1521 601 383 1522 529 354 1523 552 384 1524 603 385 1525 551 386 1526 563 387 1527 605 388 1528 562 354 1529 577 389 1530 606 390 1531 575 391 1532 584 392 1533 608 393 1534 582 354 1535 586 394 1536 587 394 1537 608 394 1538 510 395 1539 503 396 1540 595 360 1541 524 360 1542 513 360 1543 597 360 1544 547 360 1545 538 360 1546 602 360 1547 553 360 1548 554 360 1549 603 360 1550 529 397 1551 541 398 1552 530 399 1553 575 55 1554 587 55 1555 576 55 1556 507 55 1557 517 55 1558 508 55 1559 549 55 1560 558 55 1561 560 55 1562 512 55 1563 597 55 1564 513 55 1565 567 55 1566 607 55 1567 580 55 1568 502 55 1569 595 55 1570 503 55 1571 555 55 1572 565 55 1573 566 55 1574 537 55 1575 602 55 1576 538 55 1577 526 55 1578 534 55 1579 535 55 1580 543 55 1581 603 55 1582 554 55 1583 562 55 1584 571 55 1585 573 55 1586 600 55 1587 643 55 1588 644 55 1589 557 152 1590 618 152 1591 556 152 1592 518 152 1593 612 152 1594 509 152 1595 592 152 1596 622 152 1597 591 152 1598 504 400 1599 505 401 1600 502 354 1601 516 372 1602 517 371 1603 515 373 1604 615 360 1605 535 360 1606 534 360 1607 539 402 1608 540 403 1609 537 354 1610 616 404 1611 541 405 1612 540 405 1613 544 406 1614 546 407 1615 543 354 1616 613 360 1617 508 360 1618 517 360 1619 619 408 1620 566 409 1621 565 410 1622 509 411 1623 596 412 1624 507 354 1625 612 413 1626 595 414 1627 596 373 1628 528 415 1629 599 416 1630 600 416 1631 533 417 1632 534 415 1633 601 418 1634 617 419 1635 602 420 1636 546 373 1637 556 421 1638 604 422 1639 555 354 1640 618 372 1641 558 373 1642 604 373 1643 564 423 1644 565 424 1645 605 425 1646 579 426 1647 607 427 1648 606 428 1649 620 429 1650 580 430 1651 607 431 1652 591 432 1653 593 433 1654 589 354 1655 622 434 1656 609 435 1657 593 436 1658 614 360 1659 520 360 1660 599 360 1661 621 360 1662 583 360 1663 609 360 1664 574 152 1665 564 152 1666 563 152 1667 522 152 1668 523 152 1669 521 152 1670 536 152 1671 528 152 1672 527 152 1673 511 152 1674 610 152 1675 504 152 1676 561 152 1677 552 152 1678 550 152 1679 532 152 1680 533 152 1681 531 152 1682 581 152 1683 570 152 1684 568 152 1685 539 152 1686 547 152 1687 616 152 1688 545 152 1689 617 152 1690 544 152 1691 577 152 1692 588 152 1693 579 152 1694 585 152 1695 586 152 1696 584 152 1697 525 152 1698 516 152 1699 514 152 1700 605 55 1701 635 55 1702 571 55 1703 593 55 1704 653 55 1705 637 55 1706 569 55 1707 651 55 1708 607 55 1709 534 55 1710 645 55 1711 601 55 1712 593 55 1713 638 55 1714 594 55 1715 505 55 1716 639 55 1717 595 55 1718 571 55 1719 634 55 1720 569 55 1721 596 55 1722 626 55 1723 517 55 1724 546 55 1725 646 55 1726 630 55 1727 515 55 1728 641 55 1729 597 55 1730 601 55 1731 629 55 1732 541 398 1733 541 398 1734 628 55 1735 540 55 1736 603 55 1737 631 55 1738 551 55 1739 598 55 1740 643 55 1741 599 55 1742 540 55 1743 646 55 1744 602 55 1745 558 55 1746 648 55 1747 604 55 1748 608 55 1749 653 55 1750 609 55 1751 606 55 1752 636 55 1753 587 55 1754 596 55 1755 639 55 1756 640 55 1757 565 55 1758 649 55 1759 605 55 1760 600 55 1761 627 55 1762 534 55 1763 546 55 1764 647 55 1765 603 55 1766 607 55 1767 650 55 1768 606 55 1769 517 55 1770 625 55 1771 515 55 1772 598 55 1773 641 55 1774 642 55 1775 551 55 1776 632 55 1777 558 55 1778 604 55 1779 633 55 1780 565 55 1781 587 55 1782 652 55 1783 608 55 1784 516 152 1785 673 152 1786 613 152 1787 579 152 1788 670 152 1789 668 152 1790 552 152 1791 663 152 1792 553 152 1793 528 152 1794 674 152 1795 614 152 1796 621 152 1797 669 152 1798 586 152 1799 510 152 1800 671 152 1801 610 152 1802 570 152 1803 667 152 1804 572 152 1805 533 152 1806 675 152 1807 615 152 1808 523 152 1809 657 152 1810 524 152 1811 524 152 1812 655 152 1813 516 152 1814 615 152 1815 658 152 1816 528 152 1817 616 152 1818 660 152 1819 542 152 1820 547 152 1821 676 152 1822 616 152 1823 619 152 1824 678 152 1825 618 152 1826 586 152 1827 670 152 1828 588 152 1829 559 152 1830 662 152 1831 552 152 1832 623 152 1833 682 152 1834 622 152 1835 547 152 1836 677 152 1837 661 152 1838 572 152 1839 665 152 1840 564 152 1841 618 152 1842 664 152 1843 559 152 1844 620 152 1845 666 152 1846 570 152 1847 613 152 1848 672 152 1849 612 152 1850 564 152 1851 679 152 1852 619 152 1853 614 152 1854 656 152 1855 523 152 1856 579 152 1857 680 152 1858 620 152 1859 510 152 1860 672 152 1861 654 152 1862 542 152 1863 659 152 1864 533 152 1865 622 152 1866 681 152 1867 621 152 1868 553 152 1869 677 152 1870 617 152 1871 673 196 1872 704 437 1873 672 438 1874 667 196 1875 695 196 1876 665 196 1877 668 439 1878 712 196 1879 680 196 1880 680 196 1881 696 196 1882 666 196 1883 682 196 1884 713 196 1885 681 196 1886 674 196 1887 686 196 1888 656 196 1889 656 196 1890 687 196 1891 657 196 1892 660 196 1893 689 196 1894 659 196 1895 662 196 1896 693 196 1897 663 196 1898 663 196 1899 709 440 1900 677 441 1901 672 438 1902 684 438 1903 654 437 1904 666 196 1905 697 196 1906 667 196 1907 670 442 1908 698 442 1909 668 439 1910 655 196 1911 705 196 1912 673 196 1913 669 196 1914 700 442 1915 670 442 1916 681 196 1917 699 196 1918 669 196 1919 658 196 1920 706 196 1921 674 196 1922 654 437 1923 702 196 1924 671 196 1925 659 196 1926 707 196 1927 675 196 1928 657 196 1929 685 196 1930 655 196 1931 676 196 1932 690 196 1933 660 196 1934 679 196 1935 710 196 1936 678 196 1937 675 196 1938 688 196 1939 658 196 1940 677 441 1941 691 443 1942 661 438 1943 683 444 1944 714 196 1945 682 196 1946 661 438 1947 708 196 1948 676 196 1949 678 196 1950 694 196 1951 664 196 1952 664 196 1953 692 196 1954 662 196 1955 665 196 1956 711 196 1957 679 196 1958 739 445 1959 751 152 1960 770 152 1961 625 446 1962 734 447 1963 641 448 1964 641 448 1965 735 449 1966 642 450 1967 626 196 1968 717 451 1969 625 446 1970 645 452 1971 721 453 1972 629 451 1973 643 454 1974 737 455 1975 644 456 1976 629 451 1977 720 451 1978 628 446 1979 628 446 1980 739 457 1981 646 458 1982 627 459 1983 738 460 1984 645 452 1985 635 461 1986 726 461 1987 634 437 1988 650 196 1989 728 196 1990 636 196 1991 646 458 1992 722 462 1993 630 463 1994 637 464 1995 730 465 1996 638 466 1997 647 196 1998 723 196 1999 631 196 2000 644 456 2001 719 437 2002 627 459 2003 632 196 2004 741 196 2005 648 196 2006 642 450 2007 736 467 2008 643 454 2009 630 463 2010 740 196 2011 647 196 2012 633 196 2013 742 196 2014 649 196 2015 652 468 2016 746 469 2017 653 470 2018 631 196 2019 724 196 2020 632 196 2021 651 196 2022 743 196 2023 650 196 2024 648 196 2025 725 196 2026 633 196 2027 636 196 2028 745 471 2029 652 468 2030 649 196 2031 727 438 2032 635 461 2033 653 470 2034 729 472 2035 637 464 2036 634 437 2037 744 196 2038 651 196 2039 624 446 2040 732 447 2041 639 448 2042 640 463 2043 718 196 2044 626 196 2045 639 448 2046 733 473 2047 640 463 2048 759 191 2049 871 191 2050 776 191 2051 738 474 2052 750 475 2053 769 476 2054 726 477 2055 758 478 2056 757 479 2057 728 480 2058 774 481 2059 759 482 2060 739 445 2061 753 483 2062 722 484 2063 723 485 2064 771 486 2065 754 487 2066 737 488 2067 750 475 2068 719 152 2069 741 489 2070 755 490 2071 772 491 2072 736 492 2073 766 493 2074 767 152 2075 740 494 2076 753 483 2077 771 486 2078 742 495 2079 756 496 2080 773 497 2081 746 498 2082 776 152 2083 777 499 2084 724 500 2085 754 487 2086 755 490 2087 743 501 2088 775 502 2089 774 481 2090 725 503 2091 772 491 2092 756 496 2093 745 504 2094 759 482 2095 776 152 2096 727 505 2097 773 497 2098 758 478 2099 729 506 2100 777 499 2101 760 507 2102 744 508 2103 757 479 2104 775 502 2105 716 509 2106 762 510 2107 732 511 2108 733 512 2109 749 513 2110 718 514 2111 732 511 2112 764 515 2113 733 512 2114 734 516 2115 748 517 2116 765 152 2117 734 516 2118 766 493 2119 735 518 2120 718 514 2121 748 517 2122 717 519 2123 738 474 2124 752 520 2125 721 521 2126 736 492 2127 768 522 2128 737 488 2129 721 521 2130 751 152 2131 720 152 2132 706 523 2133 780 524 2134 686 525 2135 687 526 2136 780 524 2137 781 269 2138 689 527 2139 784 528 2140 783 529 2141 703 530 2142 796 531 2143 797 532 2144 692 533 2145 787 534 2146 693 535 2147 693 535 2148 803 536 2149 709 537 2150 704 538 2151 778 539 2152 684 540 2153 696 541 2154 791 542 2155 697 543 2156 700 544 2157 792 545 2158 698 546 2159 705 547 2160 779 548 2161 799 549 2162 699 550 2163 794 551 2164 700 544 2165 713 552 2166 793 55 2167 699 550 2168 706 523 2169 782 553 2170 800 55 2171 702 554 2172 778 539 2173 796 531 2174 707 555 2175 783 529 2176 801 55 2177 685 556 2178 781 269 2179 779 548 2180 690 557 2181 802 558 2182 784 528 2183 711 559 2184 804 285 2185 710 560 2186 688 561 2187 801 55 2188 782 553 2189 709 537 2190 785 55 2191 691 55 2192 715 562 2193 808 563 2194 714 564 2195 691 55 2196 802 558 2197 708 55 2198 710 560 2199 788 565 2200 694 566 2201 701 567 2202 797 532 2203 795 568 2204 694 566 2205 786 569 2206 692 533 2207 711 559 2208 789 570 2209 805 571 2210 704 538 2211 799 549 2212 798 55 2213 697 543 2214 789 570 2215 695 572 2216 698 546 2217 806 573 2218 712 574 2219 712 574 2220 790 575 2221 696 541 2222 714 564 2223 807 576 2224 713 552 2225 800 577 2226 812 578 2227 780 579 2228 780 579 2229 813 191 2230 781 191 2231 784 191 2232 815 191 2233 783 191 2234 796 191 2235 829 191 2236 797 191 2237 786 191 2238 819 191 2239 787 191 2240 787 191 2241 835 191 2242 803 580 2243 798 581 2244 810 582 2245 778 583 2246 790 191 2247 823 191 2248 791 191 2249 794 584 2250 824 585 2251 792 586 2252 779 191 2253 831 191 2254 799 191 2255 793 587 2256 826 191 2257 794 584 2258 807 588 2259 825 589 2260 793 587 2261 782 590 2262 832 591 2263 800 577 2264 778 583 2265 828 592 2266 796 191 2267 783 191 2268 833 191 2269 801 191 2270 781 191 2271 811 191 2272 779 191 2273 802 191 2274 816 191 2275 784 191 2276 805 593 2277 836 594 2278 804 595 2279 801 191 2280 814 191 2281 782 590 2282 803 580 2283 817 596 2284 785 597 2285 809 598 2286 840 599 2287 808 600 2288 785 597 2289 834 601 2290 802 191 2291 804 595 2292 820 191 2293 788 191 2294 797 191 2295 827 602 2296 795 603 2297 788 191 2298 818 191 2299 786 191 2300 789 604 2301 837 605 2302 805 593 2303 799 191 2304 830 191 2305 798 581 2306 791 191 2307 821 191 2308 789 604 2309 792 586 2310 838 606 2311 806 191 2312 806 191 2313 822 191 2314 790 191 2315 808 600 2316 839 607 2317 807 588 2318 773 608 2319 853 609 2320 758 610 2321 777 191 2322 855 611 2323 760 612 2324 757 191 2325 870 191 2326 775 191 2327 747 191 2328 857 191 2329 762 191 2330 763 191 2331 842 191 2332 747 191 2333 764 191 2334 844 191 2335 749 191 2336 762 191 2337 859 191 2338 764 191 2339 748 191 2340 860 191 2341 765 191 2342 765 191 2343 861 191 2344 766 191 2345 749 191 2346 843 191 2347 748 191 2348 769 613 2349 847 191 2350 752 191 2351 767 191 2352 863 191 2353 768 191 2354 752 191 2355 846 191 2356 751 191 2357 751 191 2358 865 191 2359 770 191 2360 750 614 2361 864 614 2362 769 613 2363 758 610 2364 852 615 2365 757 191 2366 774 191 2367 854 191 2368 759 191 2369 770 191 2370 848 191 2371 753 191 2372 771 191 2373 849 191 2374 754 191 2375 768 191 2376 845 613 2377 750 614 2378 755 191 2379 867 191 2380 772 191 2381 766 191 2382 862 191 2383 767 191 2384 753 191 2385 866 191 2386 771 191 2387 756 191 2388 868 191 2389 773 608 2390 776 191 2391 872 191 2392 777 191 2393 754 191 2394 850 191 2395 755 191 2396 775 191 2397 869 191 2398 774 191 2399 772 191 2400 851 191 2401 756 191 2402 873 55 2409 887 55 2410 879 55 2411 881 360 2412 876 360 2413 886 360 2414 875 55 2415 886 55 2416 876 55 2417 880 152 2418 889 152 2419 874 152 2420 877 616 2421 878 617 2422 875 354 2423 874 618 2424 885 619 2425 873 354 2426 890 620 2427 887 621 2428 878 622 2429 891 360 2430 879 360 2431 887 360 2432 892 373 2433 886 373 2434 888 373 2435 882 152 2436 890 152 2437 877 152 2438 878 55 2439 896 55 2440 886 55 2441 888 55 2442 894 55 2443 883 55 2444 887 55 2445 893 55 2446 878 55 2447 885 55 2448 897 55 2449 887 55 2450 886 55 2451 898 55 2452 888 55 2453 881 152 2454 901 152 2455 890 152 2456 891 152 2457 900 152 2458 889 152 2459 890 152 2460 902 152 2461 891 152 2462 892 152 2463 899 152 2464 881 152 2465 901 196 2466 908 196 2467 902 196 2468 899 196 2469 907 196 2470 901 196 2471 902 196 2472 906 196 2473 900 623 2474 895 624 2475 913 196 2476 897 196 2477 893 196 2478 912 625 2479 896 626 2480 897 196 2481 909 196 2482 893 196 2483 911 627 2484 917 628 2485 913 629 2486 909 630 2487 916 631 2488 912 632 2489 913 629 2490 914 633 2491 909 630 2492 908 634 2493 920 635 2494 921 636 2495 907 637 2496 918 638 2497 920 635 2498 906 639 2499 921 636 2500 919 640 2501 920 191 2502 925 191 2503 921 191 2504 918 641 2505 924 191 2506 920 191 2507 921 191 2508 923 191 2509 919 191 2510 915 191 2511 928 642 2512 917 191 2513 500 55 2517 883 55 2518 506 55 2519 884 152 2520 892 152 2521 501 152 2522 501 646 2523 888 647 2524 500 354 2525 610 404 2526 883 648 2527 505 405 2528 611 649 2529 506 650 2530 883 360 2531 883 55 2532 624 55 2533 505 55 2534 611 152 2535 903 152 2536 892 152 2537 610 152 2538 904 152 2539 611 152 2540 671 196 2541 703 196 2542 904 196 2543 904 196 2544 701 196 2545 903 196 2546 898 651 2547 910 652 2548 894 653 2549 894 653 2550 716 654 2551 624 446 2552 910 655 2553 761 656 2554 763 152 2555 910 655 2556 747 657 2557 716 509 2558 761 658 2559 858 659 2560 763 191 2561 903 196 2562 905 196 2563 899 196 2564 896 626 2565 731 660 2566 898 651 2567 912 632 2568 761 656 2569 731 661 2570 905 662 2571 795 568 2572 918 638 2573 795 603 2574 922 663 2575 918 641 2576 916 664 2577 929 665 2578 761 658 2579 412 666 2580 839 667 2581 840 668 2582 494 55 2583 922 55 2584 492 55 2585 384 669 2586 832 670 2587 404 671 2588 399 672 2589 829 673 2590 401 674 2591 387 675 2592 816 676 2593 388 677 2594 402 55 2595 831 55 2596 403 55 2597 407 678 2598 819 679 2599 391 680 2600 401 674 2601 828 681 2602 400 682 2603 396 683 2604 826 684 2605 398 685 2606 382 55 2607 830 55 2608 402 55 2609 411 686 2610 825 687 2611 839 667 2612 403 55 2613 811 55 2614 383 688 2615 400 682 2616 810 55 2617 382 55 2618 404 671 2619 814 689 2620 386 690 2621 383 688 2622 813 691 2623 385 692 2624 405 693 2625 815 694 2626 387 675 2627 386 690 2628 833 695 2629 405 693 2630 388 677 2631 834 696 2632 406 697 2633 385 692 2634 812 698 2635 384 669 2636 406 697 2637 817 699 2638 389 700 2639 389 700 2640 835 701 2641 407 678 2642 391 680 2643 818 702 2644 390 703 2645 390 703 2646 820 704 2647 392 705 2648 392 705 2649 836 706 2650 408 707 2651 399 672 2652 922 55 2653 827 55 2654 395 708 2655 822 709 2656 394 710 2657 393 711 2658 823 712 2659 395 708 2660 409 713 2661 821 714 2662 393 711 2663 1026 55 2664 923 55 2665 925 55 2666 398 685 2667 825 687 2668 397 715 2669 410 716 2670 822 709 2671 838 55 2672 410 716 2673 824 717 2674 396 683 2675 495 55 2676 924 55 2677 494 55 2678 408 707 2679 837 718 2680 409 713 2681 916 664 2682 930 719 2683 927 720 2684 914 721 2685 928 642 2686 930 719 2687 436 722 2688 846 723 2689 417 724 2690 434 725 2691 862 726 2692 433 727 2693 425 728 2694 869 729 2695 440 730 2696 416 731 2697 864 732 2698 845 733 2699 416 731 2700 863 734 2701 434 725 2702 419 735 2703 865 736 2704 436 722 2705 437 737 2706 848 738 2707 419 735 2708 420 739 2709 866 740 2710 437 737 2711 421 741 2712 849 742 2713 420 739 2714 438 743 2715 850 744 2716 421 741 2717 499 745 2718 858 746 2719 929 747 2720 414 748 2721 844 749 2722 415 750 2723 422 751 2724 867 752 2725 438 743 2726 439 753 2727 851 754 2728 422 751 2729 417 724 2730 847 755 2731 418 756 2732 424 757 2733 868 758 2734 439 753 2735 496 759 2736 928 760 2737 498 761 2738 440 730 2739 870 762 2740 441 763 2741 423 764 2742 853 765 2743 424 757 2744 441 763 2745 852 766 2746 423 764 2747 499 745 2748 927 767 2749 497 768 2750 442 769 2751 854 770 2752 425 728 2753 427 771 2754 855 772 2755 426 773 2756 497 768 2757 930 774 2758 496 759 2759 426 773 2760 872 775 2761 443 776 2762 433 727 2763 861 777 2764 432 778 2765 428 779 2766 842 780 2767 413 781 2768 443 776 2769 871 782 2770 442 769 2771 415 750 2772 859 783 2773 430 784 2774 413 781 2775 858 746 2776 429 785 2777 431 786 2778 843 787 2779 414 748 2780 430 784 2781 857 788 2782 428 779 2783 418 756 2784 864 732 2785 435 789 2786 432 778 2787 860 790 2788 431 786 2789 456 314 2790 471 791 2791 460 354 2792 900 792 2793 885 619 2794 889 793 2795 590 794 2796 623 795 2797 592 360 2798 195 796 2799 162 797 2800 164 798 2801 166 799 2802 255 800 2803 210 801 2804 683 802 2805 594 803 2806 638 804 2807 333 805 2808 934 806 2809 935 807 2810 809 808 2811 939 809 2812 941 810 2813 255 192 2814 931 811 2815 210 195 2816 730 465 2817 937 812 2818 638 466 2819 638 466 2820 938 813 2821 683 444 2822 287 191 2823 932 814 2824 255 192 2825 841 815 2826 1013 816 2827 942 817 2828 683 444 2829 939 196 2830 715 196 2831 210 195 2832 934 191 2833 302 191 2834 489 818 2835 946 819 2836 949 820 2837 471 323 2838 946 191 2839 477 191 2840 482 191 2841 944 821 2842 466 324 2843 466 324 2844 945 822 2845 471 323 2846 900 623 2847 952 823 2848 895 624 2849 923 191 2850 957 191 2851 919 191 2852 919 640 2853 954 824 2854 906 639 2855 906 196 2856 953 825 2857 900 623 2858 915 826 2859 955 827 2860 956 828 2861 895 624 2862 955 196 2863 911 196 2864 959 829 2865 956 830 2866 952 831 2867 964 832 2868 950 833 2869 945 834 2870 943 835 2871 987 836 2872 983 837 2873 427 196 2874 979 838 2875 991 839 2876 958 191 2877 975 191 2878 960 191 2879 970 843 2883 1029 844 2884 1018 845 2885 1021 848 2889 993 849 2890 969 850 2891 963 851 2892 926 852 2893 959 191 2894 962 853 2895 972 854 2896 963 851 2897 961 855 2898 973 856 2899 962 853 2900 960 191 2901 974 191 2902 961 855 2903 964 196 2904 493 196 2905 950 196 2906 965 196 2907 968 196 2908 964 196 2909 966 857 2910 969 196 2911 965 196 2912 967 858 2913 970 859 2914 966 857 2915 987 860 2916 427 861 2917 991 862 2918 972 863 2919 1024 864 2920 1022 55 2921 985 865 2922 990 866 2923 989 866 2924 968 152 2925 1028 152 2926 1027 152 2927 989 196 2928 976 867 2929 988 868 2930 990 869 2931 977 196 2932 989 196 2933 991 839 2934 978 870 2935 990 869 2936 980 837 2937 841 191 2938 942 191 2939 981 871 2940 984 872 2941 980 837 2942 982 191 2943 985 873 2944 981 871 2945 983 837 2946 986 191 2947 982 191 2948 993 196 2949 968 196 2950 969 196 2951 971 874 2952 994 875 2953 970 859 2954 997 191 2955 972 854 2956 973 856 2957 975 191 2958 998 191 2959 974 191 2960 993 876 2961 1028 877 2962 992 360 2963 1029 360 2964 996 360 2965 997 360 2966 991 878 2967 1003 879 2968 987 55 2969 989 880 2970 1001 881 2971 985 882 2972 986 883 2973 1006 884 2974 990 885 2975 984 886 2976 1004 887 2977 988 152 2978 985 873 2979 1000 888 2980 984 872 2981 987 836 2982 1002 191 2983 986 191 2984 1004 196 2985 989 196 2986 988 868 2987 1006 889 2988 991 839 2989 990 869 2990 935 807 2997 1008 152 2998 333 805 2999 1010 896 3000 1013 897 3001 1011 898 3002 941 810 3003 1010 899 3004 809 808 3005 809 900 3006 1011 901 3007 841 360 3008 942 902 3009 1012 903 3010 941 904 3011 1015 905 3012 1014 354 3013 1023 906 3014 381 907 3015 287 908 3016 286 304 3017 412 909 3018 1010 910 3019 381 305 3020 487 911 3021 482 912 3022 484 329 3023 487 337 3024 1014 913 3025 1015 914 3026 729 506 3027 1008 915 3028 730 916 3029 1008 917 3030 855 611 3031 856 918 3032 412 666 3033 841 919 3034 1011 920 3035 928 760 3036 926 152 3037 1023 921 3038 936 922 3039 856 923 3040 943 55 3041 730 916 3042 1009 924 3043 940 925 3044 1010 926 3045 933 927 3046 287 908 3047 856 928 3048 1009 929 3049 1008 930 3050 919 931 3051 923 354 3052 1026 906 3053 1014 932 3054 948 933 3055 1015 934 3056 1015 935 3057 947 936 3058 482 912 3059 959 829 3060 1020 937 3061 956 830 3062 936 938 3063 935 939 3064 931 940 3065 942 902 3066 941 904 3067 939 941 3068 951 942 3069 971 874 3070 967 858 3071 984 945 3075 1011 946 3076 841 354 3077 1011 947 3078 976 867 3079 1013 948 3080 935 939 3081 943 949 3082 1009 950 3083 333 951 3084 856 952 3085 427 953 3086 493 954 3087 1019 955 3088 950 956 3089 1019 957 3090 957 958 3091 1017 959 3092 1017 55 3093 957 55 3094 919 55 3095 926 55 3096 1016 55 3097 959 55 3098 1020 960 3099 948 961 3100 1015 962 3101 950 833 3102 1017 959 3103 949 963 3104 1016 964 3105 948 360 3106 1020 937 3107 1022 55 3114 995 55 3115 971 55 3116 1023 968 3117 951 969 3118 1016 55 3119 974 55 3120 1025 970 3121 1021 848 3122 1026 971 3123 958 972 3124 1019 955 3125 1027 152 3129 999 152 3130 975 152 3131 1018 845 3132 997 152 3133 973 152 3134 1028 877 3135 998 360 3136 999 360 3137 1024 974 3138 994 975 3139 995 976 3140 1033 977 3141 1030 978 3142 1031 979 3143 1037 980 3144 1032 981 3145 1033 982 3146 1035 983 3147 1036 984 3148 1037 985 3149 1031 986 3150 1034 987 3151 1035 988 3152 1032 152 3153 1034 152 3154 1030 152 3155 1035 55 3156 1033 55 3157 1031 55 3158 87 72 3255 88 989 3256 86 73 3257 123 79 3264 124 990 3265 122 80 3266 132 82 3267 133 410 3268 131 83 3269 141 85 3270 142 354 3271 140 86 3272 143 88 3273 144 100 3274 142 89 3275 145 91 3276 146 360 3277 144 92 3278 102 106 3303 104 360 3304 114 107 3305 148 119 3321 150 360 3322 160 120 3323 166 55 3324 165 55 3325 161 55 3326 171 55 3327 170 55 3328 91 55 3329 181 55 3330 180 55 3331 154 55 3332 170 122 3333 95 354 3334 93 123 3335 169 78 3336 96 78 3337 95 78 3338 172 125 3339 100 354 3340 99 126 3341 173 128 3342 105 354 3343 103 129 3344 175 78 3345 125 78 3346 124 78 3347 177 131 3348 136 989 3349 135 132 3350 178 134 3351 151 995 3352 149 135 3353 180 137 3354 158 354 3355 156 138 3356 159 78 3357 160 97 3358 158 97 3359 75 140 3360 83 360 3361 82 141 3362 85 143 3363 97 360 3364 96 144 3365 110 146 3366 120 360 3367 119 147 3368 126 149 3369 117 360 3370 125 150 3371 113 55 3372 173 55 3373 101 55 3374 159 55 3375 178 55 3376 147 55 3377 89 55 3378 168 55 3379 79 55 3380 130 55 3381 123 55 3382 121 55 3383 169 55 3384 87 55 3385 84 55 3386 179 55 3387 141 55 3388 139 55 3389 167 55 3390 77 55 3391 74 55 3392 137 55 3393 176 55 3394 127 55 3395 174 55 3396 112 55 3397 109 55 3398 106 55 3399 172 55 3400 98 55 3401 175 55 3402 118 55 3403 115 55 3404 143 55 3405 177 55 3406 134 55 3407 216 55 3408 215 55 3409 171 55 3410 128 152 3411 190 152 3412 191 152 3413 184 152 3414 185 152 3415 90 152 3416 163 152 3417 194 152 3418 195 152 3419 77 153 3420 182 995 3421 76 154 3422 89 78 3423 185 78 3424 88 78 3425 107 156 3426 108 360 3427 187 157 3428 112 159 3429 188 354 3430 111 160 3431 113 78 3432 114 78 3433 188 78 3434 118 162 3435 189 354 3436 116 163 3437 80 165 3438 90 360 3439 185 166 3440 138 168 3441 129 360 3442 191 169 3443 168 171 3444 184 354 3445 81 172 3446 167 78 3447 82 78 3448 184 78 3449 171 113 3450 186 996 3451 100 174 3452 106 78 3453 187 78 3454 105 78 3455 174 78 3456 119 78 3457 189 78 3458 176 176 3459 190 354 3460 128 177 3461 130 78 3462 131 78 3463 190 78 3464 137 88 3465 191 100 3466 136 89 3467 179 88 3468 192 100 3469 151 89 3470 152 179 3471 153 360 3472 192 180 3473 165 182 3474 194 995 3475 163 183 3476 181 78 3477 193 97 3478 194 97 3479 92 185 3480 94 360 3481 186 186 3482 155 188 3483 157 360 3484 193 189 3485 136 152 3486 144 152 3487 146 152 3488 93 152 3489 95 152 3490 186 152 3491 100 152 3492 187 152 3493 108 152 3494 182 152 3495 82 152 3496 83 152 3497 124 152 3498 131 152 3499 133 152 3500 103 152 3501 105 152 3502 114 152 3503 142 152 3504 192 152 3505 153 152 3506 188 152 3507 119 152 3508 120 152 3509 116 152 3510 189 152 3511 125 152 3512 149 152 3513 151 152 3514 160 152 3515 156 152 3516 158 152 3517 193 152 3518 88 152 3519 96 152 3520 97 152 3521 207 55 3522 221 55 3523 177 55 3524 209 55 3525 225 55 3526 181 55 3527 223 55 3528 206 55 3529 141 55 3530 217 55 3531 199 55 3532 106 55 3533 210 55 3534 209 55 3535 165 55 3536 211 55 3537 196 55 3538 77 55 3539 206 55 3540 207 55 3541 143 55 3542 198 55 3543 212 55 3544 168 55 3545 202 55 3546 218 55 3547 174 55 3548 213 55 3549 197 55 3550 87 55 3551 201 55 3552 217 55 3553 173 55 3554 200 55 3555 201 55 3556 113 55 3557 203 55 3558 219 55 3559 175 55 3560 215 55 3561 214 55 3562 170 55 3563 218 55 3564 200 55 3565 112 55 3566 220 55 3567 204 55 3568 130 55 3569 225 55 3570 224 55 3571 180 55 3572 208 55 3573 222 55 3574 178 55 3575 212 55 3576 211 55 3577 167 55 3578 221 55 3579 205 55 3580 137 55 3581 199 55 3582 216 55 3583 172 55 3584 219 55 3585 202 55 3586 118 55 3587 222 55 3588 223 55 3589 179 55 3590 197 55 3591 198 55 3592 89 55 3593 214 55 3594 213 55 3595 169 55 3596 204 55 3597 203 55 3598 123 55 3599 205 55 3600 220 55 3601 176 55 3602 224 55 3603 208 55 3604 159 55 3605 245 152 3606 227 152 3607 88 152 3608 240 152 3609 242 152 3610 160 152 3611 235 152 3612 234 152 3613 124 152 3614 246 152 3615 230 152 3616 100 152 3617 241 152 3618 253 152 3619 193 152 3620 243 152 3621 226 152 3622 82 152 3623 239 152 3624 238 152 3625 142 152 3626 247 152 3627 231 152 3628 105 152 3629 229 152 3630 228 152 3631 95 152 3632 227 152 3633 229 152 3634 96 152 3635 230 152 3636 247 152 3637 187 152 3638 232 152 3639 248 152 3640 188 152 3641 248 152 3642 233 152 3643 119 152 3644 250 152 3645 251 152 3646 191 152 3647 242 152 3648 241 152 3649 158 152 3650 234 152 3651 236 152 3652 131 152 3653 254 152 3654 255 152 3655 195 152 3656 233 152 3657 249 152 3658 189 152 3659 237 152 3660 239 152 3661 144 152 3662 236 152 3663 250 152 3664 190 152 3665 238 152 3666 252 152 3667 192 152 3668 244 152 3669 245 152 3670 185 152 3671 251 152 3672 237 152 3673 136 152 3674 228 152 3675 246 152 3676 186 152 3677 252 152 3678 240 152 3679 151 152 3680 226 152 3681 244 152 3682 184 152 3683 231 152 3684 232 152 3685 114 152 3686 253 152 3687 254 152 3688 194 152 3689 249 152 3690 235 152 3691 125 152 3692 276 191 3693 277 191 3694 245 191 3695 267 191 3696 269 191 3697 239 191 3698 284 191 3699 270 191 3700 240 191 3701 268 191 3702 284 191 3703 252 191 3704 285 191 3705 286 191 3706 254 191 3707 258 191 3708 278 191 3709 246 191 3710 259 191 3711 258 191 3712 228 191 3713 261 191 3714 262 191 3715 232 191 3716 265 191 3717 264 191 3718 234 191 3719 281 191 3720 265 191 3721 235 191 3722 256 191 3723 276 191 3724 244 191 3725 269 191 3726 268 191 3727 238 191 3728 270 191 3729 272 191 3730 242 191 3731 277 191 3732 257 191 3733 227 191 3734 272 191 3735 271 191 3736 241 191 3737 271 191 3738 285 191 3739 253 191 3740 278 191 3741 260 191 3742 230 191 3743 274 191 3744 256 191 3745 226 191 3746 279 191 3747 261 191 3748 231 191 3749 257 191 3750 259 191 3751 229 191 3752 262 191 3753 280 191 3754 248 191 3755 282 191 3756 283 191 3757 251 191 3758 260 191 3759 279 191 3760 247 191 3761 263 191 3762 281 191 3763 249 191 3764 286 191 3765 287 191 3766 255 192 3767 280 191 3768 263 191 3769 233 191 3770 266 191 3771 282 191 3772 250 191 3773 264 191 3774 266 191 3775 236 191 3776 283 191 3777 267 191 3778 237 191 3779 311 193 3780 343 207 3781 323 194 3782 306 191 3783 289 191 3784 197 191 3785 307 191 3786 306 191 3787 213 191 3788 289 191 3789 290 191 3790 198 191 3791 293 191 3792 310 191 3793 217 191 3794 309 191 3795 308 191 3796 215 191 3797 292 191 3798 293 191 3799 201 191 3800 311 191 3801 292 191 3802 200 191 3803 310 191 3804 291 191 3805 199 191 3806 298 191 3807 299 191 3808 207 191 3809 300 191 3810 315 191 3811 222 191 3812 294 191 3813 311 191 3814 218 191 3815 302 191 3816 301 191 3817 209 191 3818 295 191 3819 312 191 3820 219 191 3821 291 191 3822 309 191 3823 216 191 3824 313 191 3825 296 191 3826 204 191 3827 308 191 3828 307 191 3829 214 191 3830 312 191 3831 294 191 3832 202 191 3833 314 191 3834 297 191 3835 205 191 3836 318 191 3837 317 191 3838 224 191 3839 296 191 3840 295 191 3841 203 191 3842 315 191 3843 316 191 3844 223 191 3845 297 191 3846 313 191 3847 220 191 3848 317 191 3849 300 191 3850 208 191 3851 299 191 3852 314 191 3853 221 191 3854 301 191 3855 318 191 3856 225 191 3857 316 191 3858 298 191 3859 206 191 3860 304 191 3861 288 191 3862 196 191 3863 290 191 3864 305 191 3865 212 191 3866 305 191 3867 304 191 3868 211 191 3869 442 196 3870 425 196 3871 331 196 3872 342 197 3873 322 214 3874 291 198 3875 298 200 3876 329 235 3877 330 201 3878 300 203 3879 331 232 3880 347 204 3881 294 206 3882 325 222 3883 343 207 3884 302 208 3885 333 805 3886 332 209 3887 295 211 3888 326 228 3889 344 212 3890 322 214 3891 341 249 3892 309 215 3893 313 216 3894 345 231 3895 327 217 3896 340 219 3897 339 246 3898 307 220 3899 312 213 3900 344 212 3901 325 222 3902 314 223 3903 346 233 3904 328 224 3905 318 226 3906 350 234 3907 349 152 3908 296 218 3909 327 217 3910 326 228 3911 315 205 3912 347 204 3913 348 229 3914 297 225 3915 328 224 3916 345 231 3917 317 227 3918 349 152 3919 331 232 3920 299 202 3921 330 201 3922 346 233 3923 301 210 3924 332 209 3925 350 234 3926 316 230 3927 348 229 3928 329 235 3929 335 236 3930 319 349 3931 288 237 3932 321 239 3933 337 242 3934 305 240 3935 337 242 3936 335 236 3937 304 238 3938 338 243 3939 320 247 3940 289 244 3941 339 246 3942 338 243 3943 306 245 3944 320 247 3945 321 239 3946 290 241 3947 324 248 3948 342 197 3949 310 199 3950 341 249 3951 340 219 3952 308 221 3953 323 194 3954 324 248 3955 293 152 3956 258 250 3957 353 254 3958 373 251 3959 259 253 3960 354 283 3961 353 254 3962 261 255 3963 356 282 3964 357 256 3965 275 257 3966 370 294 3967 369 258 3968 360 260 3969 359 295 3970 264 261 3971 376 263 3972 360 260 3973 265 262 3974 256 264 3975 351 280 3976 371 265 3977 364 267 3978 363 302 3979 268 268 3980 365 270 3981 367 276 3982 272 271 3983 277 273 3984 372 298 3985 352 274 3986 367 276 3987 366 277 3988 271 55 3989 366 277 3990 380 303 3991 285 271 3992 278 252 3993 373 251 3994 355 278 3995 274 259 3996 369 258 3997 351 280 3998 279 281 3999 374 287 4000 356 282 4001 257 275 4002 352 274 4003 354 283 4004 357 256 4005 375 290 4006 280 55 4007 377 284 4008 378 296 4009 283 285 4010 260 279 4011 355 278 4012 374 287 4013 358 288 4014 376 263 4015 281 55 4016 375 290 4017 358 288 4018 263 289 4019 361 291 4020 377 284 4021 282 286 4022 273 293 4023 368 351 4024 370 294 4025 359 295 4026 361 291 4027 266 292 4028 378 296 4029 362 299 4030 267 297 4031 276 266 4032 371 265 4033 372 298 4034 362 299 4035 364 267 4036 269 269 4037 379 300 4038 365 270 4039 270 272 4040 363 302 4041 379 300 4042 284 301 4043 380 303 4044 381 907 4045 286 304 4046 384 196 4047 404 196 4048 373 196 4049 385 196 4050 384 196 4051 353 196 4052 387 196 4053 388 196 4054 357 196 4055 401 196 4056 400 196 4057 369 196 4058 391 196 4059 390 196 4060 359 196 4061 407 196 4062 391 196 4063 360 196 4064 382 196 4065 402 196 4066 371 196 4067 395 196 4068 394 196 4069 363 196 4070 396 196 4071 398 196 4072 367 196 4073 403 196 4074 383 196 4075 352 196 4076 398 196 4077 397 196 4078 366 196 4079 397 196 4080 411 196 4081 380 196 4082 404 196 4083 386 196 4084 355 196 4085 400 196 4086 382 196 4087 351 196 4088 405 196 4089 387 196 4090 356 196 4091 383 196 4092 385 196 4093 354 196 4094 388 196 4095 406 196 4096 375 196 4097 408 196 4098 409 196 4099 378 196 4100 386 196 4101 405 196 4102 374 196 4103 389 196 4104 407 196 4105 376 196 4106 406 196 4107 389 196 4108 358 196 4109 392 196 4110 408 196 4111 377 196 4112 399 196 4113 401 196 4114 370 196 4115 390 196 4116 392 196 4117 361 196 4118 409 196 4119 393 196 4120 362 196 4121 402 196 4122 403 196 4123 372 196 4124 393 196 4125 395 196 4126 364 196 4127 410 196 4128 396 196 4129 365 196 4130 394 196 4131 410 196 4132 379 196 4133 411 196 4134 412 909 4135 381 305 4136 424 196 4137 439 196 4138 346 196 4139 426 196 4140 443 196 4141 350 196 4142 441 196 4143 423 196 4144 329 196 4145 428 196 4146 413 196 4147 319 196 4148 413 196 4149 429 196 4150 336 196 4151 415 196 4152 430 196 4153 337 196 4154 430 196 4155 428 196 4156 335 196 4157 431 196 4158 414 196 4159 320 196 4160 432 196 4161 431 196 4162 338 196 4163 414 196 4164 415 196 4165 321 196 4166 418 196 4167 435 196 4168 342 196 4169 434 196 4170 433 196 4171 340 196 4172 417 196 4173 418 196 4174 324 196 4175 436 196 4176 417 196 4177 323 196 4178 435 196 4179 416 196 4180 322 196 4181 423 196 4182 424 196 4183 330 196 4184 425 196 4185 440 196 4186 347 196 4187 419 196 4188 436 196 4189 343 196 4190 427 196 4191 426 196 4192 332 196 4193 420 196 4194 437 196 4195 344 196 4196 416 196 4197 434 196 4198 341 196 4199 438 196 4200 421 196 4201 327 196 4202 433 196 4203 432 196 4204 339 196 4205 437 196 4206 419 196 4207 325 196 4208 439 196 4209 422 196 4210 328 196 4211 443 196 4212 442 196 4213 349 196 4214 421 196 4215 420 196 4216 326 196 4217 440 196 4218 441 196 4219 348 196 4220 422 196 4221 438 196 4222 345 196 4223 458 55 4230 456 55 4231 444 55 4232 447 308 4233 453 360 4234 452 309 4235 457 55 4236 449 55 4237 446 55 4238 460 152 4239 462 152 4240 451 152 4241 449 311 4242 461 354 4243 448 312 4244 456 314 4245 460 354 4246 445 315 4247 458 317 4248 462 997 4249 461 318 4250 450 320 4251 451 360 4252 462 321 4253 457 78 4254 452 97 4255 463 97 4256 461 152 4257 452 152 4258 453 152 4259 467 55 4260 464 55 4261 449 55 4262 465 55 4263 469 55 4264 459 55 4265 464 55 4266 468 55 4267 458 55 4268 468 55 4269 466 55 4270 456 55 4271 469 55 4272 467 55 4273 457 55 4274 472 152 4275 470 152 4276 452 152 4277 471 152 4278 473 152 4279 462 152 4280 473 152 4281 472 152 4282 461 152 4283 470 152 4284 474 152 4285 463 152 4286 479 191 4287 478 191 4288 472 191 4289 478 191 4290 476 191 4291 470 191 4292 477 191 4293 479 191 4294 473 191 4295 484 191 4296 482 191 4297 466 324 4298 483 191 4299 480 191 4300 464 191 4301 480 191 4302 484 191 4303 468 191 4304 486 325 4305 485 328 4306 480 326 4307 485 328 4308 487 911 4309 484 329 4310 479 330 4311 491 336 4312 490 331 4313 478 332 4314 490 331 4315 488 333 4316 477 335 4317 489 818 4318 491 336 4319 495 196 4320 494 196 4321 490 196 4322 494 196 4323 492 196 4324 488 196 4325 493 196 4326 495 196 4327 491 196 4328 497 196 4329 496 196 4330 485 196 4331 496 196 4332 498 998 4333 487 337 4334 454 55 4338 459 55 4339 72 55 4340 73 152 4341 463 152 4342 183 152 4343 459 340 4344 463 354 4345 73 341 4346 454 78 4347 183 78 4348 182 78 4349 78 343 4350 455 360 4351 183 344 4352 196 55 4353 465 55 4354 454 55 4355 474 152 4356 475 152 4357 183 152 4358 475 152 4359 243 152 4360 182 152 4361 275 191 4362 274 191 4363 243 191 4364 273 191 4365 275 191 4366 475 191 4367 481 191 4368 303 191 4369 469 191 4370 288 191 4371 481 191 4372 465 191 4373 336 346 4374 334 350 4375 303 347 4376 319 349 4377 336 346 4378 481 348 4379 429 196 4380 499 196 4381 334 196 4382 476 191 4383 273 191 4384 474 191 4385 303 191 4386 483 191 4387 467 191 4388 334 350 4389 486 325 4390 483 327 4391 476 334 4392 488 333 4393 368 351 4394 492 196 4395 399 196 4396 368 196 4397 499 196 4398 497 196 4399 486 196 4400 514 352 4401 516 1000 4402 515 353 4403 550 358 4410 552 1001 4411 551 359 4412 559 360 4413 561 360 4414 560 360 4415 568 361 4416 570 1002 4417 569 362 4418 570 363 4419 572 1003 4420 571 364 4421 572 366 4422 574 360 4423 573 367 4424 542 375 4449 532 1005 4450 530 376 4451 588 360 4467 578 360 4468 576 360 4469 589 55 4470 593 55 4471 594 55 4472 519 55 4473 598 55 4474 599 55 4475 582 55 4476 608 55 4477 609 55 4478 521 378 4479 523 1006 4480 598 379 4481 523 372 4482 524 372 4483 597 371 4484 527 380 4485 528 1007 4486 600 381 4487 531 382 4488 533 1008 4489 601 383 4490 552 384 4491 553 1009 4492 603 385 4493 563 387 4494 564 1010 4495 605 388 4496 577 389 4497 579 1011 4498 606 390 4499 584 392 4500 586 1012 4501 608 393 4502 586 394 4503 588 394 4504 587 394 4505 510 395 4506 511 1013 4507 503 396 4508 524 360 4509 525 360 4510 513 360 4511 547 360 4512 548 360 4513 538 360 4514 553 360 4515 545 360 4516 554 360 4517 529 397 4518 601 55 4519 541 398 4520 575 55 4521 606 55 4522 587 55 4523 507 55 4524 596 55 4525 517 55 4526 549 55 4527 551 55 4528 558 55 4529 512 55 4530 515 55 4531 597 55 4532 567 55 4533 569 55 4534 607 55 4535 502 55 4536 505 55 4537 595 55 4538 555 55 4539 604 55 4540 565 55 4541 537 55 4542 540 55 4543 602 55 4544 526 55 4545 600 55 4546 534 55 4547 543 55 4548 546 55 4549 603 55 4550 562 55 4551 605 55 4552 571 55 4553 600 55 4554 599 55 4555 643 55 4556 557 152 4557 619 152 4558 618 152 4559 518 152 4560 613 152 4561 612 152 4562 592 152 4563 623 152 4564 622 152 4565 504 400 4566 610 1014 4567 505 401 4568 516 372 4569 613 372 4570 517 371 4571 615 360 4572 536 360 4573 535 360 4574 539 402 4575 616 1015 4576 540 403 4577 616 404 4578 542 404 4579 541 405 4580 544 406 4581 617 1016 4582 546 407 4583 613 360 4584 518 360 4585 508 360 4586 619 408 4587 557 360 4588 566 409 4589 509 411 4590 612 1017 4591 596 412 4592 612 413 4593 510 1018 4594 595 414 4595 528 415 4596 614 385 4597 599 416 4598 533 417 4599 615 1019 4600 534 415 4601 617 419 4602 547 1020 4603 602 420 4604 556 421 4605 618 1021 4606 604 422 4607 618 372 4608 559 372 4609 558 373 4610 564 423 4611 619 1003 4612 565 424 4613 579 426 4614 620 1022 4615 607 427 4616 620 429 4617 581 1023 4618 580 430 4619 591 432 4620 622 1024 4621 593 433 4622 622 434 4623 621 1025 4624 609 435 4625 614 360 4626 522 360 4627 520 360 4628 621 360 4629 585 360 4630 583 360 4631 574 152 4632 572 152 4633 564 152 4634 522 152 4635 614 152 4636 523 152 4637 536 152 4638 615 152 4639 528 152 4640 511 152 4641 510 152 4642 610 152 4643 561 152 4644 559 152 4645 552 152 4646 532 152 4647 542 152 4648 533 152 4649 581 152 4650 620 152 4651 570 152 4652 539 152 4653 548 152 4654 547 152 4655 545 152 4656 553 152 4657 617 152 4658 577 152 4659 578 152 4660 588 152 4661 585 152 4662 621 152 4663 586 152 4664 525 152 4665 524 152 4666 516 152 4667 605 55 4668 649 55 4669 635 55 4670 593 55 4671 609 55 4672 653 55 4673 569 55 4674 634 55 4675 651 55 4676 534 55 4677 627 55 4678 645 55 4679 593 55 4680 637 55 4681 638 55 4682 505 55 4683 624 55 4684 639 55 4685 571 55 4686 635 55 4687 634 55 4688 596 55 4689 640 55 4690 626 55 4691 546 55 4692 602 55 4693 646 55 4694 515 55 4695 625 55 4696 641 55 4697 601 55 4698 645 55 4699 629 55 4700 541 398 4701 629 55 4702 628 55 4703 603 55 4704 647 55 4705 631 55 4706 598 55 4707 642 55 4708 643 55 4709 540 55 4710 628 55 4711 646 55 4712 558 55 4713 632 55 4714 648 55 4715 608 55 4716 652 55 4717 653 55 4718 606 55 4719 650 55 4720 636 55 4721 596 55 4722 595 55 4723 639 55 4724 565 55 4725 633 55 4726 649 55 4727 600 55 4728 644 55 4729 627 55 4730 546 55 4731 630 55 4732 647 55 4733 607 55 4734 651 55 4735 650 55 4736 517 55 4737 626 55 4738 625 55 4739 598 55 4740 597 55 4741 641 55 4742 551 55 4743 631 55 4744 632 55 4745 604 55 4746 648 55 4747 633 55 4748 587 55 4749 636 55 4750 652 55 4751 516 152 4752 655 152 4753 673 152 4754 579 152 4755 588 152 4756 670 152 4757 552 152 4758 662 152 4759 663 152 4760 528 152 4761 658 152 4762 674 152 4763 621 152 4764 681 152 4765 669 152 4766 510 152 4767 654 152 4768 671 152 4769 570 152 4770 666 152 4771 667 152 4772 533 152 4773 659 152 4774 675 152 4775 523 152 4776 656 152 4777 657 152 4778 524 152 4779 657 152 4780 655 152 4781 615 152 4782 675 152 4783 658 152 4784 616 152 4785 676 152 4786 660 152 4787 547 152 4788 661 152 4789 676 152 4790 619 152 4791 679 152 4792 678 152 4793 586 152 4794 669 152 4795 670 152 4796 559 152 4797 664 152 4798 662 152 4799 623 152 4800 683 152 4801 682 152 4802 547 152 4803 617 152 4804 677 152 4805 572 152 4806 667 152 4807 665 152 4808 618 152 4809 678 152 4810 664 152 4811 620 152 4812 680 152 4813 666 152 4814 613 152 4815 673 152 4816 672 152 4817 564 152 4818 665 152 4819 679 152 4820 614 152 4821 674 152 4822 656 152 4823 579 152 4824 668 152 4825 680 152 4826 510 152 4827 612 152 4828 672 152 4829 542 152 4830 660 152 4831 659 152 4832 622 152 4833 682 152 4834 681 152 4835 553 152 4836 663 152 4837 677 152 4838 673 196 4839 705 196 4840 704 437 4841 667 196 4842 697 196 4843 695 196 4844 668 439 4845 698 442 4846 712 196 4847 680 196 4848 712 196 4849 696 196 4850 682 196 4851 714 196 4852 713 196 4853 674 196 4854 706 196 4855 686 196 4856 656 196 4857 686 196 4858 687 196 4859 660 196 4860 690 196 4861 689 196 4862 662 196 4863 692 196 4864 693 196 4865 663 196 4866 693 196 4867 709 440 4868 672 438 4869 704 437 4870 684 438 4871 666 196 4872 696 196 4873 697 196 4874 670 442 4875 700 442 4876 698 442 4877 655 196 4878 685 196 4879 705 196 4880 669 196 4881 699 196 4882 700 442 4883 681 196 4884 713 196 4885 699 196 4886 658 196 4887 688 196 4888 706 196 4889 654 437 4890 684 438 4891 702 196 4892 659 196 4893 689 196 4894 707 196 4895 657 196 4896 687 196 4897 685 196 4898 676 196 4899 708 196 4900 690 196 4901 679 196 4902 711 196 4903 710 196 4904 675 196 4905 707 196 4906 688 196 4907 677 441 4908 709 440 4909 691 443 4910 683 444 4911 715 196 4912 714 196 4913 661 438 4914 691 443 4915 708 196 4916 678 196 4917 710 196 4918 694 196 4919 664 196 4920 694 196 4921 692 196 4922 665 196 4923 695 196 4924 711 196 4925 739 445 4926 720 152 4927 751 152 4928 625 446 4929 717 451 4930 734 447 4931 641 448 4932 734 447 4933 735 449 4934 626 196 4935 718 196 4936 717 451 4937 645 452 4938 738 460 4939 721 453 4940 643 454 4941 736 467 4942 737 455 4943 629 451 4944 721 453 4945 720 451 4946 628 446 4947 720 451 4948 739 457 4949 627 459 4950 719 437 4951 738 460 4952 635 461 4953 727 438 4954 726 461 4955 650 196 4956 743 196 4957 728 196 4958 646 458 4959 739 457 4960 722 462 4961 637 464 4962 729 472 4963 730 465 4964 647 196 4965 740 196 4966 723 196 4967 644 456 4968 737 455 4969 719 437 4970 632 196 4971 724 196 4972 741 196 4973 642 450 4974 735 449 4975 736 467 4976 630 463 4977 722 462 4978 740 196 4979 633 196 4980 725 196 4981 742 196 4982 652 468 4983 745 471 4984 746 469 4985 631 196 4986 723 196 4987 724 196 4988 651 196 4989 744 196 4990 743 196 4991 648 196 4992 741 196 4993 725 196 4994 636 196 4995 728 196 4996 745 471 4997 649 196 4998 742 196 4999 727 438 5000 653 470 5001 746 469 5002 729 472 5003 634 437 5004 726 461 5005 744 196 5006 624 446 5007 716 654 5008 732 447 5009 640 463 5010 733 473 5011 718 196 5012 639 448 5013 732 447 5014 733 473 5015 759 191 5016 854 191 5017 871 191 5018 738 474 5019 719 152 5020 750 475 5021 726 477 5022 727 505 5023 758 478 5024 728 480 5025 743 501 5026 774 481 5027 739 445 5028 770 152 5029 753 483 5030 723 485 5031 740 494 5032 771 486 5033 737 488 5034 768 522 5035 750 475 5036 741 489 5037 724 500 5038 755 490 5039 736 492 5040 735 518 5041 766 493 5042 740 494 5043 722 484 5044 753 483 5045 742 495 5046 725 503 5047 756 496 5048 746 498 5049 745 504 5050 776 152 5051 724 500 5052 723 485 5053 754 487 5054 743 501 5055 744 508 5056 775 502 5057 725 503 5058 741 489 5059 772 491 5060 745 504 5061 728 480 5062 759 482 5063 727 505 5064 742 495 5065 773 497 5066 729 506 5067 746 498 5068 777 499 5069 744 508 5070 726 477 5071 757 479 5072 716 509 5073 747 657 5074 762 510 5075 733 512 5076 764 515 5077 749 513 5078 732 511 5079 762 510 5080 764 515 5081 734 516 5082 717 519 5083 748 517 5084 734 516 5085 765 152 5086 766 493 5087 718 514 5088 749 513 5089 748 517 5090 738 474 5091 769 476 5092 752 520 5093 736 492 5094 767 152 5095 768 522 5096 721 521 5097 752 520 5098 751 152 5099 706 523 5100 800 55 5101 780 524 5102 687 526 5103 686 525 5104 780 524 5105 689 527 5106 690 557 5107 784 528 5108 703 530 5109 702 554 5110 796 531 5111 692 533 5112 786 569 5113 787 534 5114 693 535 5115 787 534 5116 803 536 5117 704 538 5118 798 55 5119 778 539 5120 696 541 5121 790 575 5122 791 542 5123 700 544 5124 794 551 5125 792 545 5126 705 547 5127 685 556 5128 779 548 5129 699 550 5130 793 55 5131 794 551 5132 713 552 5133 807 576 5134 793 55 5135 706 523 5136 688 561 5137 782 553 5138 702 554 5139 684 540 5140 778 539 5141 707 555 5142 689 527 5143 783 529 5144 685 556 5145 687 526 5146 781 269 5147 690 557 5148 708 55 5149 802 558 5150 711 559 5151 805 571 5152 804 285 5153 688 561 5154 707 555 5155 801 55 5156 709 537 5157 803 536 5158 785 55 5159 715 562 5160 809 808 5161 808 563 5162 691 55 5163 785 55 5164 802 558 5165 710 560 5166 804 285 5167 788 565 5168 701 567 5169 703 530 5170 797 532 5171 694 566 5172 788 565 5173 786 569 5174 711 559 5175 695 572 5176 789 570 5177 704 538 5178 705 547 5179 799 549 5180 697 543 5181 791 542 5182 789 570 5183 698 546 5184 792 545 5185 806 573 5186 712 574 5187 806 573 5188 790 575 5189 714 564 5190 808 563 5191 807 576 5192 800 577 5193 832 591 5194 812 578 5195 780 579 5196 812 578 5197 813 191 5198 784 191 5199 816 191 5200 815 191 5201 796 191 5202 828 592 5203 829 191 5204 786 191 5205 818 191 5206 819 191 5207 787 191 5208 819 191 5209 835 191 5210 798 581 5211 830 191 5212 810 582 5213 790 191 5214 822 191 5215 823 191 5216 794 584 5217 826 191 5218 824 585 5219 779 191 5220 811 191 5221 831 191 5222 793 587 5223 825 589 5224 826 191 5225 807 588 5226 839 607 5227 825 589 5228 782 590 5229 814 191 5230 832 591 5231 778 583 5232 810 582 5233 828 592 5234 783 191 5235 815 191 5236 833 191 5237 781 191 5238 813 191 5239 811 191 5240 802 191 5241 834 601 5242 816 191 5243 805 593 5244 837 605 5245 836 594 5246 801 191 5247 833 191 5248 814 191 5249 803 580 5250 835 191 5251 817 596 5252 809 598 5253 841 1026 5254 840 599 5255 785 597 5256 817 596 5257 834 601 5258 804 595 5259 836 594 5260 820 191 5261 797 191 5262 829 191 5263 827 602 5264 788 191 5265 820 191 5266 818 191 5267 789 604 5268 821 191 5269 837 605 5270 799 191 5271 831 191 5272 830 191 5273 791 191 5274 823 191 5275 821 191 5276 792 586 5277 824 585 5278 838 606 5279 806 191 5280 838 606 5281 822 191 5282 808 600 5283 840 599 5284 839 607 5285 773 608 5286 868 191 5287 853 609 5288 777 191 5289 872 191 5290 855 611 5291 757 191 5292 852 615 5293 870 191 5294 747 191 5295 842 191 5296 857 191 5297 763 191 5298 858 659 5299 842 191 5300 764 191 5301 859 191 5302 844 191 5303 762 191 5304 857 191 5305 859 191 5306 748 191 5307 843 191 5308 860 191 5309 765 191 5310 860 191 5311 861 191 5312 749 191 5313 844 191 5314 843 191 5315 769 613 5316 864 614 5317 847 191 5318 767 191 5319 862 191 5320 863 191 5321 752 191 5322 847 191 5323 846 191 5324 751 191 5325 846 191 5326 865 191 5327 750 614 5328 845 613 5329 864 614 5330 758 610 5331 853 609 5332 852 615 5333 774 191 5334 869 191 5335 854 191 5336 770 191 5337 865 191 5338 848 191 5339 771 191 5340 866 191 5341 849 191 5342 768 191 5343 863 191 5344 845 613 5345 755 191 5346 850 191 5347 867 191 5348 766 191 5349 861 191 5350 862 191 5351 753 191 5352 848 191 5353 866 191 5354 756 191 5355 851 191 5356 868 191 5357 776 191 5358 871 191 5359 872 191 5360 754 191 5361 849 191 5362 850 191 5363 775 191 5364 870 191 5365 869 191 5366 772 191 5367 867 191 5368 851 191 5369 873 55 5376 885 55 5377 887 55 5378 881 360 5379 882 360 5380 876 360 5381 875 55 5382 878 55 5383 886 55 5384 880 152 5385 891 152 5386 889 152 5387 877 616 5388 890 1027 5389 878 617 5390 874 618 5391 889 793 5392 885 619 5393 890 620 5394 891 1028 5395 887 621 5396 891 360 5397 880 360 5398 879 360 5399 892 373 5400 881 373 5401 886 373 5402 882 152 5403 881 152 5404 890 152 5405 878 55 5406 893 55 5407 896 55 5408 888 55 5409 898 55 5410 894 55 5411 887 55 5412 897 55 5413 893 55 5414 885 55 5415 895 55 5416 897 55 5417 886 55 5418 896 55 5419 898 55 5420 881 152 5421 899 152 5422 901 152 5423 891 152 5424 902 152 5425 900 152 5426 890 152 5427 901 152 5428 902 152 5429 892 152 5430 903 152 5431 899 152 5432 901 196 5433 907 196 5434 908 196 5435 899 196 5436 905 196 5437 907 196 5438 902 196 5439 908 196 5440 906 196 5441 895 624 5442 911 196 5443 913 196 5444 893 196 5445 909 196 5446 912 625 5447 897 196 5448 913 196 5449 909 196 5450 911 627 5451 915 826 5452 917 628 5453 909 630 5454 914 633 5455 916 631 5456 913 629 5457 917 628 5458 914 633 5459 908 634 5460 907 637 5461 920 635 5462 907 637 5463 905 662 5464 918 638 5465 906 639 5466 908 634 5467 921 636 5468 920 191 5469 924 191 5470 925 191 5471 918 641 5472 922 663 5473 924 191 5474 921 191 5475 925 191 5476 923 191 5477 915 191 5478 926 191 5479 928 642 5480 500 55 5484 888 55 5485 883 55 5486 884 152 5487 611 152 5488 892 152 5489 501 646 5490 892 1030 5491 888 647 5492 610 404 5493 611 404 5494 883 648 5495 611 649 5496 884 1031 5497 506 650 5498 883 55 5499 894 55 5500 624 55 5501 611 152 5502 904 152 5503 903 152 5504 610 152 5505 671 152 5506 904 152 5507 671 196 5508 702 196 5509 703 196 5510 904 196 5511 703 196 5512 701 196 5513 898 651 5514 731 660 5515 910 652 5516 894 653 5517 910 652 5518 716 654 5519 910 655 5520 731 661 5521 761 656 5522 910 655 5523 763 152 5524 747 657 5525 761 658 5526 929 665 5527 858 659 5528 903 196 5529 701 196 5530 905 196 5531 896 626 5532 912 625 5533 731 660 5534 912 632 5535 916 631 5536 761 656 5537 905 662 5538 701 567 5539 795 568 5540 795 603 5541 827 602 5542 922 663 5543 916 664 5544 927 720 5545 929 665 5546 412 666 5547 411 686 5548 839 667 5549 494 55 5550 924 55 5551 922 55 5552 384 669 5553 812 698 5554 832 670 5555 399 672 5556 827 55 5557 829 673 5558 387 675 5559 815 694 5560 816 676 5561 402 55 5562 830 55 5563 831 55 5564 407 678 5565 835 701 5566 819 679 5567 401 674 5568 829 673 5569 828 681 5570 396 683 5571 824 717 5572 826 684 5573 382 55 5574 810 55 5575 830 55 5576 411 686 5577 397 715 5578 825 687 5579 403 55 5580 831 55 5581 811 55 5582 400 682 5583 828 681 5584 810 55 5585 404 671 5586 832 670 5587 814 689 5588 383 688 5589 811 55 5590 813 691 5591 405 693 5592 833 695 5593 815 694 5594 386 690 5595 814 689 5596 833 695 5597 388 677 5598 816 676 5599 834 696 5600 385 692 5601 813 691 5602 812 698 5603 406 697 5604 834 696 5605 817 699 5606 389 700 5607 817 699 5608 835 701 5609 391 680 5610 819 679 5611 818 702 5612 390 703 5613 818 702 5614 820 704 5615 392 705 5616 820 704 5617 836 706 5618 399 672 5619 492 55 5620 922 55 5621 395 708 5622 823 712 5623 822 709 5624 393 711 5625 821 714 5626 823 712 5627 409 713 5628 837 718 5629 821 714 5630 925 55 5631 495 55 5632 1026 55 5633 495 55 5634 493 55 5635 1026 55 5636 398 685 5637 826 684 5638 825 687 5639 410 716 5640 394 710 5641 822 709 5642 410 716 5643 838 55 5644 824 717 5645 495 55 5646 925 55 5647 924 55 5648 408 707 5649 836 706 5650 837 718 5651 916 664 5652 914 721 5653 930 719 5654 914 721 5655 917 191 5656 928 642 5657 436 722 5658 865 736 5659 846 723 5660 434 725 5661 863 734 5662 862 726 5663 425 728 5664 854 770 5665 869 729 5666 416 731 5667 435 789 5668 864 732 5669 416 731 5670 845 733 5671 863 734 5672 419 735 5673 848 738 5674 865 736 5675 437 737 5676 866 740 5677 848 738 5678 420 739 5679 849 742 5680 866 740 5681 421 741 5682 850 744 5683 849 742 5684 438 743 5685 867 752 5686 850 744 5687 499 745 5688 429 785 5689 858 746 5690 414 748 5691 843 787 5692 844 749 5693 422 751 5694 851 754 5695 867 752 5696 439 753 5697 868 758 5698 851 754 5699 417 724 5700 846 723 5701 847 755 5702 424 757 5703 853 765 5704 868 758 5705 496 759 5706 930 774 5707 928 760 5708 440 730 5709 869 729 5710 870 762 5711 423 764 5712 852 766 5713 853 765 5714 441 763 5715 870 762 5716 852 766 5717 499 745 5718 929 747 5719 927 767 5720 442 769 5721 871 782 5722 854 770 5723 427 771 5724 856 152 5725 855 772 5726 497 768 5727 927 767 5728 930 774 5729 426 773 5730 855 772 5731 872 775 5732 433 727 5733 862 726 5734 861 777 5735 428 779 5736 857 788 5737 842 780 5738 443 776 5739 872 775 5740 871 782 5741 415 750 5742 844 749 5743 859 783 5744 413 781 5745 842 780 5746 858 746 5747 431 786 5748 860 790 5749 843 787 5750 430 784 5751 859 783 5752 857 788 5753 418 756 5754 847 755 5755 864 732 5756 432 778 5757 861 777 5758 860 790 5759 456 314 5760 466 1032 5761 471 791 5762 900 792 5763 895 354 5764 885 619 5765 590 794 5766 594 803 5767 623 795 5768 195 796 5769 166 799 5770 162 797 5771 166 799 5772 195 796 5773 255 800 5774 683 802 5775 623 795 5776 594 803 5777 333 805 5778 302 208 5779 934 806 5780 809 808 5781 715 562 5782 939 809 5783 255 192 5784 932 814 5785 931 811 5786 730 465 5787 940 196 5788 937 812 5789 638 466 5790 937 812 5791 938 813 5792 287 191 5793 933 191 5794 932 814 5795 841 815 5796 1011 1033 5797 1013 816 5798 683 444 5799 938 813 5800 939 196 5801 210 195 5802 931 811 5803 934 191 5804 489 818 5805 477 335 5806 946 819 5807 471 323 5808 945 822 5809 946 191 5810 482 191 5811 947 191 5812 944 821 5813 466 324 5814 944 821 5815 945 822 5816 900 623 5817 953 825 5818 952 823 5819 923 191 5820 958 191 5821 957 191 5822 919 640 5823 957 1034 5824 954 824 5825 906 196 5826 954 196 5827 953 825 5828 915 826 5829 911 627 5830 955 827 5831 895 624 5832 952 823 5833 955 196 5834 952 831 5835 953 1035 5836 961 1036 5837 953 1035 5838 954 1037 5839 958 1038 5840 960 1039 5841 953 1035 5842 958 1038 5843 954 1037 5844 957 1038 5845 958 1038 5846 960 1039 5847 961 1036 5848 953 1035 5849 961 1036 5850 962 1040 5851 952 831 5852 956 830 5853 955 1041 5854 952 831 5855 962 1040 5856 963 1042 5857 952 831 5858 963 1042 5859 959 829 5860 952 831 5861 945 834 5862 944 1043 5863 965 834 5864 944 1043 5865 947 1044 5866 951 1045 5867 967 1046 5868 944 1043 5869 951 1045 5870 947 1044 5871 948 1045 5872 951 1045 5873 967 1046 5874 966 1047 5875 944 1043 5876 966 1047 5877 965 834 5878 944 1043 5879 949 963 5880 946 1045 5881 945 834 5882 965 834 5883 964 832 5884 945 834 5885 950 833 5886 949 963 5887 945 834 5888 943 835 5889 856 1048 5890 987 836 5891 427 196 5892 936 196 5893 979 838 5894 958 191 5895 923 191 5896 975 191 5897 970 843 5901 994 1049 5902 1029 844 5903 1021 848 5907 1025 970 5908 993 849 5909 963 851 5910 972 854 5911 926 852 5912 962 853 5913 973 856 5914 972 854 5915 961 855 5916 974 191 5917 973 856 5918 960 191 5919 975 191 5920 974 191 5921 964 196 5922 968 196 5923 493 196 5924 965 196 5925 969 196 5926 968 196 5927 966 857 5928 970 859 5929 969 196 5930 967 858 5931 971 874 5932 970 859 5933 987 860 5934 856 1050 5935 427 861 5936 972 863 5937 996 1051 5938 1024 864 5939 985 865 5940 986 865 5941 990 866 5942 968 152 5943 992 152 5944 1028 152 5945 989 196 5946 977 196 5947 976 867 5948 990 869 5949 978 870 5950 977 196 5951 991 839 5952 979 838 5953 978 870 5954 980 837 5955 984 872 5956 841 191 5957 981 871 5958 985 873 5959 984 872 5960 982 191 5961 986 191 5962 985 873 5963 983 837 5964 987 836 5965 986 191 5966 993 196 5967 992 196 5968 968 196 5969 971 874 5970 995 1052 5971 994 875 5972 997 191 5973 996 191 5974 972 854 5975 975 191 5976 999 191 5977 998 191 5978 993 876 5979 1025 1053 5980 1028 877 5981 1029 360 5982 1024 974 5983 996 360 5984 991 878 5985 1007 1054 5986 1003 879 5987 989 880 5988 1005 1055 5989 1001 881 5990 986 883 5991 1002 1056 5992 1006 884 5993 984 886 5994 1000 1057 5995 1004 887 5996 985 873 5997 1001 1058 5998 1000 888 5999 987 836 6000 1003 191 6001 1002 191 6002 1004 196 6003 1005 196 6004 989 196 6005 1006 889 6006 1007 1059 6007 991 839 6008 935 807 6015 1009 152 6016 1008 152 6017 1010 896 6018 1012 930 6019 1013 897 6020 941 810 6021 1012 1062 6022 1010 899 6023 809 900 6024 1010 1063 6025 1011 901 6026 942 902 6027 1013 1064 6028 1012 903 6029 1023 906 6030 926 354 6031 915 905 6032 915 905 6033 1015 905 6034 1023 906 6035 381 907 6036 1010 926 6037 287 908 6038 412 909 6039 1011 1065 6040 1010 910 6041 487 911 6042 1015 935 6043 482 912 6044 487 337 6045 498 998 6046 1014 913 6047 729 506 6048 760 507 6049 1008 915 6050 1008 917 6051 760 612 6052 855 611 6053 412 666 6054 840 668 6055 841 919 6056 1023 921 6057 1014 1066 6058 498 761 6059 498 761 6060 928 760 6061 1023 921 6062 936 922 6063 427 1067 6064 856 923 6065 730 916 6066 1008 915 6067 1009 924 6068 1010 926 6069 1012 1068 6070 933 927 6071 856 928 6072 943 1069 6073 1009 929 6074 1026 906 6075 493 354 6076 489 1070 6077 489 1070 6078 919 931 6079 1026 906 6080 1014 932 6081 951 196 6082 948 933 6083 1015 935 6084 948 1071 6085 947 936 6086 959 829 6087 1016 964 6088 1020 937 6089 932 1072 6090 933 1073 6091 1012 1074 6092 1012 1074 6093 1013 1075 6094 932 1072 6095 1013 1075 6096 976 1076 6097 932 1072 6098 977 1077 6099 978 1078 6100 931 940 6101 978 1078 6102 979 1079 6103 931 940 6104 976 1076 6105 977 1077 6106 932 1072 6107 931 940 6108 932 1072 6109 977 1077 6110 935 939 6111 934 1080 6112 931 940 6113 979 1079 6114 936 938 6115 931 940 6116 939 941 6117 938 1081 6118 942 902 6119 938 1081 6120 937 1082 6121 982 1083 6122 980 1084 6123 938 1081 6124 981 1085 6125 937 1082 6126 940 1086 6127 1009 1087 6128 1009 1087 6129 943 1088 6130 937 1082 6131 943 1088 6132 983 1089 6133 937 1082 6134 982 1083 6135 981 1085 6136 938 1081 6137 983 1089 6138 982 1083 6139 937 1082 6140 938 1081 6141 980 1084 6142 942 902 6143 951 942 6144 1014 1090 6145 971 874 6146 984 945 6150 988 1091 6151 1011 946 6152 1011 947 6153 988 868 6154 976 867 6155 935 939 6156 936 938 6157 943 949 6158 333 951 6159 1008 1092 6160 856 952 6161 493 954 6162 1026 971 6163 1019 955 6164 1019 957 6165 958 1093 6166 957 958 6167 919 55 6168 489 818 6169 1017 55 6170 489 818 6171 949 820 6172 1017 55 6173 926 55 6174 1023 968 6175 1016 55 6176 1015 962 6177 915 826 6178 1020 960 6179 915 826 6180 956 828 6181 1020 960 6182 950 833 6183 1019 957 6184 1017 959 6185 1016 964 6186 951 360 6187 948 360 6188 1022 55 6195 1024 864 6196 995 55 6197 1023 968 6198 1014 1095 6199 951 969 6200 974 55 6201 998 55 6202 1025 970 6203 1026 971 6204 923 152 6205 958 972 6206 1027 152 6210 1028 152 6211 999 152 6212 1018 845 6213 1029 844 6214 997 152 6215 1028 877 6216 1025 1053 6217 998 360 6218 1024 974 6219 1029 360 6220 994 975 6221 1033 977 6222 1032 1096 6223 1030 978 6224 1037 980 6225 1036 1097 6226 1032 981 6227 1035 983 6228 1034 1098 6229 1036 984 6230 1031 986 6231 1030 1099 6232 1034 987 6233 1032 152 6234 1036 152 6235 1034 152 6236 1035 55 6237 1037 55 6238 1033 55 6239</p>
        </triangles>
      </mesh>
    </geometry>
  </library_geometries>
  <library_visual_scenes>
    <visual_scene id="Scene" name="Scene">
      <node id="container" name="container" type="NODE">
        <matrix sid="transform">3.32191e-8 -3.6541e-8 0.4 3.87782e-6 0.44 -7.07127e-16 -3.01992e-8 -0.102253 3.15081e-15 0.484 3.01992e-8 1.200005 0 0 0 1</matrix>
        <instance_geometry url="#container-mesh" name="container">
          <bind_material>
            <technique_common>
              <instance_material symbol="metal-material" target="#metal-material">
                <bind_vertex_input semantic="UVMap" input_semantic="TEXCOORD" input_set="0"/>
              </instance_material>
              <instance_material symbol="container_2-material" target="#container_2-material">
                <bind_vertex_input semantic="UVMap" input_semantic="TEXCOORD" input_set="0"/>
              </instance_material>
              <instance_material symbol="container-material" target="#container-material">
                <bind_vertex_input semantic="UVMap" input_semantic="TEXCOORD" input_set="0"/>
              </instance_material>
            </technique_common>
          </bind_material>
        </instance_geometry>
      </node>
    </visual_scene>
  </library_visual_scenes>
  <scene>
    <instance_visual_scene url="#Scene"/>
  </scene>
</COLLADA>