[0.124s] DEBUG:colcon:Command line arguments: ['/usr/bin/colcon', 'build']
[0.124s] DEBUG:colcon:Parsed command line arguments: Namespace(log_base=None, log_level=None, verb_name='build', build_base='build', install_base='install', merge_install=False, symlink_install=False, test_result_base=None, continue_on_error=False, executor='parallel', parallel_workers=20, event_handlers=None, ignore_user_meta=False, metas=['./colcon.meta'], base_paths=['.'], packages_ignore=None, packages_ignore_regex=None, paths=None, packages_up_to=None, packages_up_to_regex=None, packages_above=None, packages_above_and_dependencies=None, packages_above_depth=None, packages_select_by_dep=None, packages_skip_by_dep=None, packages_skip_up_to=None, packages_select_build_failed=False, packages_skip_build_finished=False, packages_select_test_failures=False, packages_skip_test_passed=False, packages_select=None, packages_skip=None, packages_select_regex=None, packages_skip_regex=None, packages_start=None, packages_end=None, allow_overriding=[], cmake_args=None, cmake_target=None, cmake_target_skip_unavailable=False, cmake_clean_cache=False, cmake_clean_first=False, cmake_force_configure=False, ament_cmake_args=None, catkin_cmake_args=None, catkin_skip_building_tests=False, mixin_files=None, mixin=None, verb_parser=<colcon_mixin.mixin.mixin_argument.MixinArgumentDecorator object at 0x70b7494b7380>, verb_extension=<colcon_core.verb.build.BuildVerb object at 0x70b74a1279b0>, main=<bound method BuildVerb.main of <colcon_core.verb.build.BuildVerb object at 0x70b74a1279b0>>, mixin_verb=('build',))
[0.162s] Level 1:colcon.colcon_core.package_discovery:discover_packages(colcon_meta) check parameters
[0.162s] Level 1:colcon.colcon_core.package_discovery:discover_packages(recursive) check parameters
[0.162s] Level 1:colcon.colcon_core.package_discovery:discover_packages(ignore) check parameters
[0.162s] Level 1:colcon.colcon_core.package_discovery:discover_packages(path) check parameters
[0.162s] Level 1:colcon.colcon_core.package_discovery:discover_packages(colcon_meta) discover
[0.162s] Level 1:colcon.colcon_core.package_discovery:discover_packages(recursive) discover
[0.162s] INFO:colcon.colcon_core.package_discovery:Crawling recursively for packages in '/home/user/data/drones_ship_ws'
[0.162s] Level 1:colcon.colcon_core.package_identification:_identify(.) by extensions ['ignore', 'ignore_ament_install']
[0.162s] Level 1:colcon.colcon_core.package_identification:_identify(.) by extension 'ignore'
[0.162s] Level 1:colcon.colcon_core.package_identification:_identify(.) by extension 'ignore_ament_install'
[0.162s] Level 1:colcon.colcon_core.package_identification:_identify(.) by extensions ['colcon_pkg']
[0.162s] Level 1:colcon.colcon_core.package_identification:_identify(.) by extension 'colcon_pkg'
[0.162s] Level 1:colcon.colcon_core.package_identification:_identify(.) by extensions ['colcon_meta']
[0.162s] Level 1:colcon.colcon_core.package_identification:_identify(.) by extension 'colcon_meta'
[0.162s] Level 1:colcon.colcon_core.package_identification:_identify(.) by extensions ['ros']
[0.162s] Level 1:colcon.colcon_core.package_identification:_identify(.) by extension 'ros'
[0.187s] Level 1:colcon.colcon_core.package_identification:_identify(.) by extensions ['cmake', 'python']
[0.187s] Level 1:colcon.colcon_core.package_identification:_identify(.) by extension 'cmake'
[0.187s] Level 1:colcon.colcon_core.package_identification:_identify(.) by extension 'python'
[0.187s] Level 1:colcon.colcon_core.package_identification:_identify(.) by extensions ['python_setup_py']
[0.187s] Level 1:colcon.colcon_core.package_identification:_identify(.) by extension 'python_setup_py'
[0.187s] Level 1:colcon.colcon_core.package_identification:_identify(build) by extensions ['ignore', 'ignore_ament_install']
[0.187s] Level 1:colcon.colcon_core.package_identification:_identify(build) by extension 'ignore'
[0.187s] Level 1:colcon.colcon_core.package_identification:_identify(build) ignored
[0.187s] Level 1:colcon.colcon_core.package_identification:_identify(install) by extensions ['ignore', 'ignore_ament_install']
[0.188s] Level 1:colcon.colcon_core.package_identification:_identify(install) by extension 'ignore'
[0.188s] Level 1:colcon.colcon_core.package_identification:_identify(install) ignored
[0.188s] Level 1:colcon.colcon_core.package_identification:_identify(log) by extensions ['ignore', 'ignore_ament_install']
[0.188s] Level 1:colcon.colcon_core.package_identification:_identify(log) by extension 'ignore'
[0.188s] Level 1:colcon.colcon_core.package_identification:_identify(log) ignored
[0.188s] Level 1:colcon.colcon_core.package_identification:_identify(src) by extensions ['ignore', 'ignore_ament_install']
[0.188s] Level 1:colcon.colcon_core.package_identification:_identify(src) by extension 'ignore'
[0.188s] Level 1:colcon.colcon_core.package_identification:_identify(src) by extension 'ignore_ament_install'
[0.188s] Level 1:colcon.colcon_core.package_identification:_identify(src) by extensions ['colcon_pkg']
[0.188s] Level 1:colcon.colcon_core.package_identification:_identify(src) by extension 'colcon_pkg'
[0.188s] Level 1:colcon.colcon_core.package_identification:_identify(src) by extensions ['colcon_meta']
[0.188s] Level 1:colcon.colcon_core.package_identification:_identify(src) by extension 'colcon_meta'
[0.188s] Level 1:colcon.colcon_core.package_identification:_identify(src) by extensions ['ros']
[0.188s] Level 1:colcon.colcon_core.package_identification:_identify(src) by extension 'ros'
[0.188s] Level 1:colcon.colcon_core.package_identification:_identify(src) by extensions ['cmake', 'python']
[0.188s] Level 1:colcon.colcon_core.package_identification:_identify(src) by extension 'cmake'
[0.188s] Level 1:colcon.colcon_core.package_identification:_identify(src) by extension 'python'
[0.189s] Level 1:colcon.colcon_core.package_identification:_identify(src) by extensions ['python_setup_py']
[0.189s] Level 1:colcon.colcon_core.package_identification:_identify(src) by extension 'python_setup_py'
[0.189s] Level 1:colcon.colcon_core.package_identification:_identify(src/drone_ship) by extensions ['ignore', 'ignore_ament_install']
[0.189s] Level 1:colcon.colcon_core.package_identification:_identify(src/drone_ship) by extension 'ignore'
[0.189s] Level 1:colcon.colcon_core.package_identification:_identify(src/drone_ship) by extension 'ignore_ament_install'
[0.189s] Level 1:colcon.colcon_core.package_identification:_identify(src/drone_ship) by extensions ['colcon_pkg']
[0.189s] Level 1:colcon.colcon_core.package_identification:_identify(src/drone_ship) by extension 'colcon_pkg'
[0.189s] Level 1:colcon.colcon_core.package_identification:_identify(src/drone_ship) by extensions ['colcon_meta']
[0.189s] Level 1:colcon.colcon_core.package_identification:_identify(src/drone_ship) by extension 'colcon_meta'
[0.189s] Level 1:colcon.colcon_core.package_identification:_identify(src/drone_ship) by extensions ['ros']
[0.189s] Level 1:colcon.colcon_core.package_identification:_identify(src/drone_ship) by extension 'ros'
[0.189s] Level 1:colcon.colcon_core.package_identification:_identify(src/drone_ship) by extensions ['cmake', 'python']
[0.189s] Level 1:colcon.colcon_core.package_identification:_identify(src/drone_ship) by extension 'cmake'
[0.189s] Level 1:colcon.colcon_core.package_identification:_identify(src/drone_ship) by extension 'python'
[0.189s] Level 1:colcon.colcon_core.package_identification:_identify(src/drone_ship) by extensions ['python_setup_py']
[0.189s] Level 1:colcon.colcon_core.package_identification:_identify(src/drone_ship) by extension 'python_setup_py'
[0.189s] Level 1:colcon.colcon_core.package_identification:_identify(src/drone_ship/aquabot_description) by extensions ['ignore', 'ignore_ament_install']
[0.189s] Level 1:colcon.colcon_core.package_identification:_identify(src/drone_ship/aquabot_description) by extension 'ignore'
[0.189s] Level 1:colcon.colcon_core.package_identification:_identify(src/drone_ship/aquabot_description) by extension 'ignore_ament_install'
[0.190s] Level 1:colcon.colcon_core.package_identification:_identify(src/drone_ship/aquabot_description) by extensions ['colcon_pkg']
[0.190s] Level 1:colcon.colcon_core.package_identification:_identify(src/drone_ship/aquabot_description) by extension 'colcon_pkg'
[0.190s] Level 1:colcon.colcon_core.package_identification:_identify(src/drone_ship/aquabot_description) by extensions ['colcon_meta']
[0.190s] Level 1:colcon.colcon_core.package_identification:_identify(src/drone_ship/aquabot_description) by extension 'colcon_meta'
[0.190s] Level 1:colcon.colcon_core.package_identification:_identify(src/drone_ship/aquabot_description) by extensions ['ros']
[0.190s] Level 1:colcon.colcon_core.package_identification:_identify(src/drone_ship/aquabot_description) by extension 'ros'
[0.192s] DEBUG:colcon.colcon_core.package_identification:Package 'src/drone_ship/aquabot_description' with type 'ros.ament_cmake' and name 'aquabot_description'
[0.192s] Level 1:colcon.colcon_core.package_identification:_identify(src/drone_ship/aquabot_ekf) by extensions ['ignore', 'ignore_ament_install']
[0.192s] Level 1:colcon.colcon_core.package_identification:_identify(src/drone_ship/aquabot_ekf) by extension 'ignore'
[0.192s] Level 1:colcon.colcon_core.package_identification:_identify(src/drone_ship/aquabot_ekf) by extension 'ignore_ament_install'
[0.192s] Level 1:colcon.colcon_core.package_identification:_identify(src/drone_ship/aquabot_ekf) by extensions ['colcon_pkg']
[0.192s] Level 1:colcon.colcon_core.package_identification:_identify(src/drone_ship/aquabot_ekf) by extension 'colcon_pkg'
[0.192s] Level 1:colcon.colcon_core.package_identification:_identify(src/drone_ship/aquabot_ekf) by extensions ['colcon_meta']
[0.192s] Level 1:colcon.colcon_core.package_identification:_identify(src/drone_ship/aquabot_ekf) by extension 'colcon_meta'
[0.192s] Level 1:colcon.colcon_core.package_identification:_identify(src/drone_ship/aquabot_ekf) by extensions ['ros']
[0.192s] Level 1:colcon.colcon_core.package_identification:_identify(src/drone_ship/aquabot_ekf) by extension 'ros'
[0.193s] DEBUG:colcon.colcon_core.package_identification:Package 'src/drone_ship/aquabot_ekf' with type 'ros.ament_cmake' and name 'aquabot_ekf'
[0.193s] Level 1:colcon.colcon_core.package_identification:_identify(src/drone_ship/aquabot_gz) by extensions ['ignore', 'ignore_ament_install']
[0.193s] Level 1:colcon.colcon_core.package_identification:_identify(src/drone_ship/aquabot_gz) by extension 'ignore'
[0.194s] Level 1:colcon.colcon_core.package_identification:_identify(src/drone_ship/aquabot_gz) by extension 'ignore_ament_install'
[0.194s] Level 1:colcon.colcon_core.package_identification:_identify(src/drone_ship/aquabot_gz) by extensions ['colcon_pkg']
[0.194s] Level 1:colcon.colcon_core.package_identification:_identify(src/drone_ship/aquabot_gz) by extension 'colcon_pkg'
[0.194s] Level 1:colcon.colcon_core.package_identification:_identify(src/drone_ship/aquabot_gz) by extensions ['colcon_meta']
[0.194s] Level 1:colcon.colcon_core.package_identification:_identify(src/drone_ship/aquabot_gz) by extension 'colcon_meta'
[0.194s] Level 1:colcon.colcon_core.package_identification:_identify(src/drone_ship/aquabot_gz) by extensions ['ros']
[0.194s] Level 1:colcon.colcon_core.package_identification:_identify(src/drone_ship/aquabot_gz) by extension 'ros'
[0.197s] DEBUG:colcon.colcon_core.package_identification:Package 'src/drone_ship/aquabot_gz' with type 'ros.ament_cmake' and name 'aquabot_gz'
[0.197s] Level 1:colcon.colcon_core.package_identification:_identify(src/drone_ship/aquabot_motion) by extensions ['ignore', 'ignore_ament_install']
[0.197s] Level 1:colcon.colcon_core.package_identification:_identify(src/drone_ship/aquabot_motion) by extension 'ignore'
[0.197s] Level 1:colcon.colcon_core.package_identification:_identify(src/drone_ship/aquabot_motion) by extension 'ignore_ament_install'
[0.197s] Level 1:colcon.colcon_core.package_identification:_identify(src/drone_ship/aquabot_motion) by extensions ['colcon_pkg']
[0.197s] Level 1:colcon.colcon_core.package_identification:_identify(src/drone_ship/aquabot_motion) by extension 'colcon_pkg'
[0.197s] Level 1:colcon.colcon_core.package_identification:_identify(src/drone_ship/aquabot_motion) by extensions ['colcon_meta']
[0.197s] Level 1:colcon.colcon_core.package_identification:_identify(src/drone_ship/aquabot_motion) by extension 'colcon_meta'
[0.197s] Level 1:colcon.colcon_core.package_identification:_identify(src/drone_ship/aquabot_motion) by extensions ['ros']
[0.197s] Level 1:colcon.colcon_core.package_identification:_identify(src/drone_ship/aquabot_motion) by extension 'ros'
[0.198s] DEBUG:colcon.colcon_core.package_identification:Package 'src/drone_ship/aquabot_motion' with type 'ros.ament_cmake' and name 'aquabot_motion'
[0.198s] Level 1:colcon.colcon_core.package_identification:_identify(src/drone_ship/build) by extensions ['ignore', 'ignore_ament_install']
[0.198s] Level 1:colcon.colcon_core.package_identification:_identify(src/drone_ship/build) by extension 'ignore'
[0.198s] Level 1:colcon.colcon_core.package_identification:_identify(src/drone_ship/build) by extension 'ignore_ament_install'
[0.198s] Level 1:colcon.colcon_core.package_identification:_identify(src/drone_ship/build) by extensions ['colcon_pkg']
[0.198s] Level 1:colcon.colcon_core.package_identification:_identify(src/drone_ship/build) by extension 'colcon_pkg'
[0.198s] Level 1:colcon.colcon_core.package_identification:_identify(src/drone_ship/build) by extensions ['colcon_meta']
[0.198s] Level 1:colcon.colcon_core.package_identification:_identify(src/drone_ship/build) by extension 'colcon_meta'
[0.198s] Level 1:colcon.colcon_core.package_identification:_identify(src/drone_ship/build) by extensions ['ros']
[0.198s] Level 1:colcon.colcon_core.package_identification:_identify(src/drone_ship/build) by extension 'ros'
[0.198s] Level 1:colcon.colcon_core.package_identification:_identify(src/drone_ship/build) by extensions ['cmake', 'python']
[0.198s] Level 1:colcon.colcon_core.package_identification:_identify(src/drone_ship/build) by extension 'cmake'
[0.198s] Level 1:colcon.colcon_core.package_identification:_identify(src/drone_ship/build) by extension 'python'
[0.198s] Level 1:colcon.colcon_core.package_identification:_identify(src/drone_ship/build) by extensions ['python_setup_py']
[0.198s] Level 1:colcon.colcon_core.package_identification:_identify(src/drone_ship/build) by extension 'python_setup_py'
[0.199s] Level 1:colcon.colcon_core.package_identification:_identify(src/drone_ship/build/CMakeFiles) by extensions ['ignore', 'ignore_ament_install']
[0.199s] Level 1:colcon.colcon_core.package_identification:_identify(src/drone_ship/build/CMakeFiles) by extension 'ignore'
[0.199s] Level 1:colcon.colcon_core.package_identification:_identify(src/drone_ship/build/CMakeFiles) by extension 'ignore_ament_install'
[0.199s] Level 1:colcon.colcon_core.package_identification:_identify(src/drone_ship/build/CMakeFiles) by extensions ['colcon_pkg']
[0.199s] Level 1:colcon.colcon_core.package_identification:_identify(src/drone_ship/build/CMakeFiles) by extension 'colcon_pkg'
[0.199s] Level 1:colcon.colcon_core.package_identification:_identify(src/drone_ship/build/CMakeFiles) by extensions ['colcon_meta']
[0.199s] Level 1:colcon.colcon_core.package_identification:_identify(src/drone_ship/build/CMakeFiles) by extension 'colcon_meta'
[0.199s] Level 1:colcon.colcon_core.package_identification:_identify(src/drone_ship/build/CMakeFiles) by extensions ['ros']
[0.199s] Level 1:colcon.colcon_core.package_identification:_identify(src/drone_ship/build/CMakeFiles) by extension 'ros'
[0.199s] Level 1:colcon.colcon_core.package_identification:_identify(src/drone_ship/build/CMakeFiles) by extensions ['cmake', 'python']
[0.199s] Level 1:colcon.colcon_core.package_identification:_identify(src/drone_ship/build/CMakeFiles) by extension 'cmake'
[0.199s] Level 1:colcon.colcon_core.package_identification:_identify(src/drone_ship/build/CMakeFiles) by extension 'python'
[0.199s] Level 1:colcon.colcon_core.package_identification:_identify(src/drone_ship/build/CMakeFiles) by extensions ['python_setup_py']
[0.199s] Level 1:colcon.colcon_core.package_identification:_identify(src/drone_ship/build/CMakeFiles) by extension 'python_setup_py'
[0.199s] Level 1:colcon.colcon_core.package_identification:_identify(src/drone_ship/build/CMakeFiles/3.28.3) by extensions ['ignore', 'ignore_ament_install']
[0.199s] Level 1:colcon.colcon_core.package_identification:_identify(src/drone_ship/build/CMakeFiles/3.28.3) by extension 'ignore'
[0.199s] Level 1:colcon.colcon_core.package_identification:_identify(src/drone_ship/build/CMakeFiles/3.28.3) by extension 'ignore_ament_install'
[0.199s] Level 1:colcon.colcon_core.package_identification:_identify(src/drone_ship/build/CMakeFiles/3.28.3) by extensions ['colcon_pkg']
[0.199s] Level 1:colcon.colcon_core.package_identification:_identify(src/drone_ship/build/CMakeFiles/3.28.3) by extension 'colcon_pkg'
[0.199s] Level 1:colcon.colcon_core.package_identification:_identify(src/drone_ship/build/CMakeFiles/3.28.3) by extensions ['colcon_meta']
[0.199s] Level 1:colcon.colcon_core.package_identification:_identify(src/drone_ship/build/CMakeFiles/3.28.3) by extension 'colcon_meta'
[0.200s] Level 1:colcon.colcon_core.package_identification:_identify(src/drone_ship/build/CMakeFiles/3.28.3) by extensions ['ros']
[0.200s] Level 1:colcon.colcon_core.package_identification:_identify(src/drone_ship/build/CMakeFiles/3.28.3) by extension 'ros'
[0.200s] Level 1:colcon.colcon_core.package_identification:_identify(src/drone_ship/build/CMakeFiles/3.28.3) by extensions ['cmake', 'python']
[0.200s] Level 1:colcon.colcon_core.package_identification:_identify(src/drone_ship/build/CMakeFiles/3.28.3) by extension 'cmake'
[0.200s] Level 1:colcon.colcon_core.package_identification:_identify(src/drone_ship/build/CMakeFiles/3.28.3) by extension 'python'
[0.200s] Level 1:colcon.colcon_core.package_identification:_identify(src/drone_ship/build/CMakeFiles/3.28.3) by extensions ['python_setup_py']
[0.200s] Level 1:colcon.colcon_core.package_identification:_identify(src/drone_ship/build/CMakeFiles/3.28.3) by extension 'python_setup_py'
[0.200s] Level 1:colcon.colcon_core.package_identification:_identify(src/drone_ship/build/CMakeFiles/3.28.3/CompilerIdC) by extensions ['ignore', 'ignore_ament_install']
[0.200s] Level 1:colcon.colcon_core.package_identification:_identify(src/drone_ship/build/CMakeFiles/3.28.3/CompilerIdC) by extension 'ignore'
[0.200s] Level 1:colcon.colcon_core.package_identification:_identify(src/drone_ship/build/CMakeFiles/3.28.3/CompilerIdC) by extension 'ignore_ament_install'
[0.200s] Level 1:colcon.colcon_core.package_identification:_identify(src/drone_ship/build/CMakeFiles/3.28.3/CompilerIdC) by extensions ['colcon_pkg']
[0.200s] Level 1:colcon.colcon_core.package_identification:_identify(src/drone_ship/build/CMakeFiles/3.28.3/CompilerIdC) by extension 'colcon_pkg'
[0.200s] Level 1:colcon.colcon_core.package_identification:_identify(src/drone_ship/build/CMakeFiles/3.28.3/CompilerIdC) by extensions ['colcon_meta']
[0.200s] Level 1:colcon.colcon_core.package_identification:_identify(src/drone_ship/build/CMakeFiles/3.28.3/CompilerIdC) by extension 'colcon_meta'
[0.200s] Level 1:colcon.colcon_core.package_identification:_identify(src/drone_ship/build/CMakeFiles/3.28.3/CompilerIdC) by extensions ['ros']
[0.200s] Level 1:colcon.colcon_core.package_identification:_identify(src/drone_ship/build/CMakeFiles/3.28.3/CompilerIdC) by extension 'ros'
[0.200s] Level 1:colcon.colcon_core.package_identification:_identify(src/drone_ship/build/CMakeFiles/3.28.3/CompilerIdC) by extensions ['cmake', 'python']
[0.200s] Level 1:colcon.colcon_core.package_identification:_identify(src/drone_ship/build/CMakeFiles/3.28.3/CompilerIdC) by extension 'cmake'
[0.200s] Level 1:colcon.colcon_core.package_identification:_identify(src/drone_ship/build/CMakeFiles/3.28.3/CompilerIdC) by extension 'python'
[0.200s] Level 1:colcon.colcon_core.package_identification:_identify(src/drone_ship/build/CMakeFiles/3.28.3/CompilerIdC) by extensions ['python_setup_py']
[0.200s] Level 1:colcon.colcon_core.package_identification:_identify(src/drone_ship/build/CMakeFiles/3.28.3/CompilerIdC) by extension 'python_setup_py'
[0.201s] Level 1:colcon.colcon_core.package_identification:_identify(src/drone_ship/build/CMakeFiles/3.28.3/CompilerIdC/tmp) by extensions ['ignore', 'ignore_ament_install']
[0.201s] Level 1:colcon.colcon_core.package_identification:_identify(src/drone_ship/build/CMakeFiles/3.28.3/CompilerIdC/tmp) by extension 'ignore'
[0.201s] Level 1:colcon.colcon_core.package_identification:_identify(src/drone_ship/build/CMakeFiles/3.28.3/CompilerIdC/tmp) by extension 'ignore_ament_install'
[0.201s] Level 1:colcon.colcon_core.package_identification:_identify(src/drone_ship/build/CMakeFiles/3.28.3/CompilerIdC/tmp) by extensions ['colcon_pkg']
[0.201s] Level 1:colcon.colcon_core.package_identification:_identify(src/drone_ship/build/CMakeFiles/3.28.3/CompilerIdC/tmp) by extension 'colcon_pkg'
[0.201s] Level 1:colcon.colcon_core.package_identification:_identify(src/drone_ship/build/CMakeFiles/3.28.3/CompilerIdC/tmp) by extensions ['colcon_meta']
[0.201s] Level 1:colcon.colcon_core.package_identification:_identify(src/drone_ship/build/CMakeFiles/3.28.3/CompilerIdC/tmp) by extension 'colcon_meta'
[0.201s] Level 1:colcon.colcon_core.package_identification:_identify(src/drone_ship/build/CMakeFiles/3.28.3/CompilerIdC/tmp) by extensions ['ros']
[0.201s] Level 1:colcon.colcon_core.package_identification:_identify(src/drone_ship/build/CMakeFiles/3.28.3/CompilerIdC/tmp) by extension 'ros'
[0.201s] Level 1:colcon.colcon_core.package_identification:_identify(src/drone_ship/build/CMakeFiles/3.28.3/CompilerIdC/tmp) by extensions ['cmake', 'python']
[0.201s] Level 1:colcon.colcon_core.package_identification:_identify(src/drone_ship/build/CMakeFiles/3.28.3/CompilerIdC/tmp) by extension 'cmake'
[0.201s] Level 1:colcon.colcon_core.package_identification:_identify(src/drone_ship/build/CMakeFiles/3.28.3/CompilerIdC/tmp) by extension 'python'
[0.201s] Level 1:colcon.colcon_core.package_identification:_identify(src/drone_ship/build/CMakeFiles/3.28.3/CompilerIdC/tmp) by extensions ['python_setup_py']
[0.201s] Level 1:colcon.colcon_core.package_identification:_identify(src/drone_ship/build/CMakeFiles/3.28.3/CompilerIdC/tmp) by extension 'python_setup_py'
[0.201s] Level 1:colcon.colcon_core.package_identification:_identify(src/drone_ship/build/CMakeFiles/3.28.3/CompilerIdCXX) by extensions ['ignore', 'ignore_ament_install']
[0.201s] Level 1:colcon.colcon_core.package_identification:_identify(src/drone_ship/build/CMakeFiles/3.28.3/CompilerIdCXX) by extension 'ignore'
[0.201s] Level 1:colcon.colcon_core.package_identification:_identify(src/drone_ship/build/CMakeFiles/3.28.3/CompilerIdCXX) by extension 'ignore_ament_install'
[0.201s] Level 1:colcon.colcon_core.package_identification:_identify(src/drone_ship/build/CMakeFiles/3.28.3/CompilerIdCXX) by extensions ['colcon_pkg']
[0.201s] Level 1:colcon.colcon_core.package_identification:_identify(src/drone_ship/build/CMakeFiles/3.28.3/CompilerIdCXX) by extension 'colcon_pkg'
[0.202s] Level 1:colcon.colcon_core.package_identification:_identify(src/drone_ship/build/CMakeFiles/3.28.3/CompilerIdCXX) by extensions ['colcon_meta']
[0.202s] Level 1:colcon.colcon_core.package_identification:_identify(src/drone_ship/build/CMakeFiles/3.28.3/CompilerIdCXX) by extension 'colcon_meta'
[0.202s] Level 1:colcon.colcon_core.package_identification:_identify(src/drone_ship/build/CMakeFiles/3.28.3/CompilerIdCXX) by extensions ['ros']
[0.202s] Level 1:colcon.colcon_core.package_identification:_identify(src/drone_ship/build/CMakeFiles/3.28.3/CompilerIdCXX) by extension 'ros'
[0.202s] Level 1:colcon.colcon_core.package_identification:_identify(src/drone_ship/build/CMakeFiles/3.28.3/CompilerIdCXX) by extensions ['cmake', 'python']
[0.202s] Level 1:colcon.colcon_core.package_identification:_identify(src/drone_ship/build/CMakeFiles/3.28.3/CompilerIdCXX) by extension 'cmake'
[0.202s] Level 1:colcon.colcon_core.package_identification:_identify(src/drone_ship/build/CMakeFiles/3.28.3/CompilerIdCXX) by extension 'python'
[0.202s] Level 1:colcon.colcon_core.package_identification:_identify(src/drone_ship/build/CMakeFiles/3.28.3/CompilerIdCXX) by extensions ['python_setup_py']
[0.202s] Level 1:colcon.colcon_core.package_identification:_identify(src/drone_ship/build/CMakeFiles/3.28.3/CompilerIdCXX) by extension 'python_setup_py'
[0.202s] Level 1:colcon.colcon_core.package_identification:_identify(src/drone_ship/build/CMakeFiles/3.28.3/CompilerIdCXX/tmp) by extensions ['ignore', 'ignore_ament_install']
[0.202s] Level 1:colcon.colcon_core.package_identification:_identify(src/drone_ship/build/CMakeFiles/3.28.3/CompilerIdCXX/tmp) by extension 'ignore'
[0.202s] Level 1:colcon.colcon_core.package_identification:_identify(src/drone_ship/build/CMakeFiles/3.28.3/CompilerIdCXX/tmp) by extension 'ignore_ament_install'
[0.202s] Level 1:colcon.colcon_core.package_identification:_identify(src/drone_ship/build/CMakeFiles/3.28.3/CompilerIdCXX/tmp) by extensions ['colcon_pkg']
[0.202s] Level 1:colcon.colcon_core.package_identification:_identify(src/drone_ship/build/CMakeFiles/3.28.3/CompilerIdCXX/tmp) by extension 'colcon_pkg'
[0.202s] Level 1:colcon.colcon_core.package_identification:_identify(src/drone_ship/build/CMakeFiles/3.28.3/CompilerIdCXX/tmp) by extensions ['colcon_meta']
[0.202s] Level 1:colcon.colcon_core.package_identification:_identify(src/drone_ship/build/CMakeFiles/3.28.3/CompilerIdCXX/tmp) by extension 'colcon_meta'
[0.202s] Level 1:colcon.colcon_core.package_identification:_identify(src/drone_ship/build/CMakeFiles/3.28.3/CompilerIdCXX/tmp) by extensions ['ros']
[0.202s] Level 1:colcon.colcon_core.package_identification:_identify(src/drone_ship/build/CMakeFiles/3.28.3/CompilerIdCXX/tmp) by extension 'ros'
[0.202s] Level 1:colcon.colcon_core.package_identification:_identify(src/drone_ship/build/CMakeFiles/3.28.3/CompilerIdCXX/tmp) by extensions ['cmake', 'python']
[0.202s] Level 1:colcon.colcon_core.package_identification:_identify(src/drone_ship/build/CMakeFiles/3.28.3/CompilerIdCXX/tmp) by extension 'cmake'
[0.202s] Level 1:colcon.colcon_core.package_identification:_identify(src/drone_ship/build/CMakeFiles/3.28.3/CompilerIdCXX/tmp) by extension 'python'
[0.202s] Level 1:colcon.colcon_core.package_identification:_identify(src/drone_ship/build/CMakeFiles/3.28.3/CompilerIdCXX/tmp) by extensions ['python_setup_py']
[0.203s] Level 1:colcon.colcon_core.package_identification:_identify(src/drone_ship/build/CMakeFiles/3.28.3/CompilerIdCXX/tmp) by extension 'python_setup_py'
[0.203s] Level 1:colcon.colcon_core.package_identification:_identify(src/drone_ship/build/CMakeFiles/CMakeScratch) by extensions ['ignore', 'ignore_ament_install']
[0.203s] Level 1:colcon.colcon_core.package_identification:_identify(src/drone_ship/build/CMakeFiles/CMakeScratch) by extension 'ignore'
[0.203s] Level 1:colcon.colcon_core.package_identification:_identify(src/drone_ship/build/CMakeFiles/CMakeScratch) by extension 'ignore_ament_install'
[0.203s] Level 1:colcon.colcon_core.package_identification:_identify(src/drone_ship/build/CMakeFiles/CMakeScratch) by extensions ['colcon_pkg']
[0.203s] Level 1:colcon.colcon_core.package_identification:_identify(src/drone_ship/build/CMakeFiles/CMakeScratch) by extension 'colcon_pkg'
[0.203s] Level 1:colcon.colcon_core.package_identification:_identify(src/drone_ship/build/CMakeFiles/CMakeScratch) by extensions ['colcon_meta']
[0.203s] Level 1:colcon.colcon_core.package_identification:_identify(src/drone_ship/build/CMakeFiles/CMakeScratch) by extension 'colcon_meta'
[0.203s] Level 1:colcon.colcon_core.package_identification:_identify(src/drone_ship/build/CMakeFiles/CMakeScratch) by extensions ['ros']
[0.203s] Level 1:colcon.colcon_core.package_identification:_identify(src/drone_ship/build/CMakeFiles/CMakeScratch) by extension 'ros'
[0.203s] Level 1:colcon.colcon_core.package_identification:_identify(src/drone_ship/build/CMakeFiles/CMakeScratch) by extensions ['cmake', 'python']
[0.203s] Level 1:colcon.colcon_core.package_identification:_identify(src/drone_ship/build/CMakeFiles/CMakeScratch) by extension 'cmake'
[0.203s] Level 1:colcon.colcon_core.package_identification:_identify(src/drone_ship/build/CMakeFiles/CMakeScratch) by extension 'python'
[0.203s] Level 1:colcon.colcon_core.package_identification:_identify(src/drone_ship/build/CMakeFiles/CMakeScratch) by extensions ['python_setup_py']
[0.203s] Level 1:colcon.colcon_core.package_identification:_identify(src/drone_ship/build/CMakeFiles/CMakeScratch) by extension 'python_setup_py'
[0.203s] Level 1:colcon.colcon_core.package_identification:_identify(src/drone_ship/build/CMakeFiles/pkgRedirects) by extensions ['ignore', 'ignore_ament_install']
[0.203s] Level 1:colcon.colcon_core.package_identification:_identify(src/drone_ship/build/CMakeFiles/pkgRedirects) by extension 'ignore'
[0.203s] Level 1:colcon.colcon_core.package_identification:_identify(src/drone_ship/build/CMakeFiles/pkgRedirects) by extension 'ignore_ament_install'
[0.203s] Level 1:colcon.colcon_core.package_identification:_identify(src/drone_ship/build/CMakeFiles/pkgRedirects) by extensions ['colcon_pkg']
[0.203s] Level 1:colcon.colcon_core.package_identification:_identify(src/drone_ship/build/CMakeFiles/pkgRedirects) by extension 'colcon_pkg'
[0.204s] Level 1:colcon.colcon_core.package_identification:_identify(src/drone_ship/build/CMakeFiles/pkgRedirects) by extensions ['colcon_meta']
[0.204s] Level 1:colcon.colcon_core.package_identification:_identify(src/drone_ship/build/CMakeFiles/pkgRedirects) by extension 'colcon_meta'
[0.204s] Level 1:colcon.colcon_core.package_identification:_identify(src/drone_ship/build/CMakeFiles/pkgRedirects) by extensions ['ros']
[0.204s] Level 1:colcon.colcon_core.package_identification:_identify(src/drone_ship/build/CMakeFiles/pkgRedirects) by extension 'ros'
[0.204s] Level 1:colcon.colcon_core.package_identification:_identify(src/drone_ship/build/CMakeFiles/pkgRedirects) by extensions ['cmake', 'python']
[0.204s] Level 1:colcon.colcon_core.package_identification:_identify(src/drone_ship/build/CMakeFiles/pkgRedirects) by extension 'cmake'
[0.204s] Level 1:colcon.colcon_core.package_identification:_identify(src/drone_ship/build/CMakeFiles/pkgRedirects) by extension 'python'
[0.204s] Level 1:colcon.colcon_core.package_identification:_identify(src/drone_ship/build/CMakeFiles/pkgRedirects) by extensions ['python_setup_py']
[0.204s] Level 1:colcon.colcon_core.package_identification:_identify(src/drone_ship/build/CMakeFiles/pkgRedirects) by extension 'python_setup_py'
[0.204s] Level 1:colcon.colcon_core.package_identification:_identify(src/drone_ship/crazyflie_control) by extensions ['ignore', 'ignore_ament_install']
[0.204s] Level 1:colcon.colcon_core.package_identification:_identify(src/drone_ship/crazyflie_control) by extension 'ignore'
[0.204s] Level 1:colcon.colcon_core.package_identification:_identify(src/drone_ship/crazyflie_control) by extension 'ignore_ament_install'
[0.204s] Level 1:colcon.colcon_core.package_identification:_identify(src/drone_ship/crazyflie_control) by extensions ['colcon_pkg']
[0.204s] Level 1:colcon.colcon_core.package_identification:_identify(src/drone_ship/crazyflie_control) by extension 'colcon_pkg'
[0.204s] Level 1:colcon.colcon_core.package_identification:_identify(src/drone_ship/crazyflie_control) by extensions ['colcon_meta']
[0.204s] Level 1:colcon.colcon_core.package_identification:_identify(src/drone_ship/crazyflie_control) by extension 'colcon_meta'
[0.204s] Level 1:colcon.colcon_core.package_identification:_identify(src/drone_ship/crazyflie_control) by extensions ['ros']
[0.204s] Level 1:colcon.colcon_core.package_identification:_identify(src/drone_ship/crazyflie_control) by extension 'ros'
[0.205s] DEBUG:colcon.colcon_core.package_identification:Package 'src/drone_ship/crazyflie_control' with type 'ros.ament_cmake' and name 'crazyflie_control'
[0.205s] Level 1:colcon.colcon_core.package_identification:_identify(src/drone_ship/crazyflie_ekf) by extensions ['ignore', 'ignore_ament_install']
[0.205s] Level 1:colcon.colcon_core.package_identification:_identify(src/drone_ship/crazyflie_ekf) by extension 'ignore'
[0.205s] Level 1:colcon.colcon_core.package_identification:_identify(src/drone_ship/crazyflie_ekf) by extension 'ignore_ament_install'
[0.205s] Level 1:colcon.colcon_core.package_identification:_identify(src/drone_ship/crazyflie_ekf) by extensions ['colcon_pkg']
[0.205s] Level 1:colcon.colcon_core.package_identification:_identify(src/drone_ship/crazyflie_ekf) by extension 'colcon_pkg'
[0.205s] Level 1:colcon.colcon_core.package_identification:_identify(src/drone_ship/crazyflie_ekf) by extensions ['colcon_meta']
[0.205s] Level 1:colcon.colcon_core.package_identification:_identify(src/drone_ship/crazyflie_ekf) by extension 'colcon_meta'
[0.205s] Level 1:colcon.colcon_core.package_identification:_identify(src/drone_ship/crazyflie_ekf) by extensions ['ros']
[0.205s] Level 1:colcon.colcon_core.package_identification:_identify(src/drone_ship/crazyflie_ekf) by extension 'ros'
[0.206s] DEBUG:colcon.colcon_core.package_identification:Package 'src/drone_ship/crazyflie_ekf' with type 'ros.ament_cmake' and name 'crazyflie_ekf'
[0.206s] Level 1:colcon.colcon_core.package_identification:_identify(src/drone_ship/crazyflie_yolo) by extensions ['ignore', 'ignore_ament_install']
[0.206s] Level 1:colcon.colcon_core.package_identification:_identify(src/drone_ship/crazyflie_yolo) by extension 'ignore'
[0.206s] Level 1:colcon.colcon_core.package_identification:_identify(src/drone_ship/crazyflie_yolo) by extension 'ignore_ament_install'
[0.207s] Level 1:colcon.colcon_core.package_identification:_identify(src/drone_ship/crazyflie_yolo) by extensions ['colcon_pkg']
[0.207s] Level 1:colcon.colcon_core.package_identification:_identify(src/drone_ship/crazyflie_yolo) by extension 'colcon_pkg'
[0.207s] Level 1:colcon.colcon_core.package_identification:_identify(src/drone_ship/crazyflie_yolo) by extensions ['colcon_meta']
[0.207s] Level 1:colcon.colcon_core.package_identification:_identify(src/drone_ship/crazyflie_yolo) by extension 'colcon_meta'
[0.207s] Level 1:colcon.colcon_core.package_identification:_identify(src/drone_ship/crazyflie_yolo) by extensions ['ros']
[0.207s] Level 1:colcon.colcon_core.package_identification:_identify(src/drone_ship/crazyflie_yolo) by extension 'ros'
[0.208s] DEBUG:colcon.colcon_core.package_identification:Package 'src/drone_ship/crazyflie_yolo' with type 'ros.ament_cmake' and name 'crazyflie_yolo'
[0.208s] Level 1:colcon.colcon_core.package_identification:_identify(src/drone_ship/ros_gz_crazyflie) by extensions ['ignore', 'ignore_ament_install']
[0.208s] Level 1:colcon.colcon_core.package_identification:_identify(src/drone_ship/ros_gz_crazyflie) by extension 'ignore'
[0.208s] Level 1:colcon.colcon_core.package_identification:_identify(src/drone_ship/ros_gz_crazyflie) by extension 'ignore_ament_install'
[0.208s] Level 1:colcon.colcon_core.package_identification:_identify(src/drone_ship/ros_gz_crazyflie) by extensions ['colcon_pkg']
[0.208s] Level 1:colcon.colcon_core.package_identification:_identify(src/drone_ship/ros_gz_crazyflie) by extension 'colcon_pkg'
[0.208s] Level 1:colcon.colcon_core.package_identification:_identify(src/drone_ship/ros_gz_crazyflie) by extensions ['colcon_meta']
[0.208s] Level 1:colcon.colcon_core.package_identification:_identify(src/drone_ship/ros_gz_crazyflie) by extension 'colcon_meta'
[0.208s] Level 1:colcon.colcon_core.package_identification:_identify(src/drone_ship/ros_gz_crazyflie) by extensions ['ros']
[0.208s] Level 1:colcon.colcon_core.package_identification:_identify(src/drone_ship/ros_gz_crazyflie) by extension 'ros'
[0.208s] Level 1:colcon.colcon_core.package_identification:_identify(src/drone_ship/ros_gz_crazyflie) by extensions ['cmake', 'python']
[0.209s] Level 1:colcon.colcon_core.package_identification:_identify(src/drone_ship/ros_gz_crazyflie) by extension 'cmake'
[0.209s] Level 1:colcon.colcon_core.package_identification:_identify(src/drone_ship/ros_gz_crazyflie) by extension 'python'
[0.209s] Level 1:colcon.colcon_core.package_identification:_identify(src/drone_ship/ros_gz_crazyflie) by extensions ['python_setup_py']
[0.209s] Level 1:colcon.colcon_core.package_identification:_identify(src/drone_ship/ros_gz_crazyflie) by extension 'python_setup_py'
[0.209s] Level 1:colcon.colcon_core.package_identification:_identify(src/drone_ship/ros_gz_crazyflie/ros_gz_crazyflie_bringup) by extensions ['ignore', 'ignore_ament_install']
[0.209s] Level 1:colcon.colcon_core.package_identification:_identify(src/drone_ship/ros_gz_crazyflie/ros_gz_crazyflie_bringup) by extension 'ignore'
[0.209s] Level 1:colcon.colcon_core.package_identification:_identify(src/drone_ship/ros_gz_crazyflie/ros_gz_crazyflie_bringup) by extension 'ignore_ament_install'
[0.209s] Level 1:colcon.colcon_core.package_identification:_identify(src/drone_ship/ros_gz_crazyflie/ros_gz_crazyflie_bringup) by extensions ['colcon_pkg']
[0.209s] Level 1:colcon.colcon_core.package_identification:_identify(src/drone_ship/ros_gz_crazyflie/ros_gz_crazyflie_bringup) by extension 'colcon_pkg'
[0.209s] Level 1:colcon.colcon_core.package_identification:_identify(src/drone_ship/ros_gz_crazyflie/ros_gz_crazyflie_bringup) by extensions ['colcon_meta']
[0.209s] Level 1:colcon.colcon_core.package_identification:_identify(src/drone_ship/ros_gz_crazyflie/ros_gz_crazyflie_bringup) by extension 'colcon_meta'
[0.209s] Level 1:colcon.colcon_core.package_identification:_identify(src/drone_ship/ros_gz_crazyflie/ros_gz_crazyflie_bringup) by extensions ['ros']
[0.209s] Level 1:colcon.colcon_core.package_identification:_identify(src/drone_ship/ros_gz_crazyflie/ros_gz_crazyflie_bringup) by extension 'ros'
[0.210s] DEBUG:colcon.colcon_core.package_identification:Package 'src/drone_ship/ros_gz_crazyflie/ros_gz_crazyflie_bringup' with type 'ros.ament_cmake' and name 'ros_gz_crazyflie_bringup'
[0.210s] Level 1:colcon.colcon_core.package_identification:_identify(src/drone_ship/ros_gz_crazyflie/ros_gz_crazyflie_control) by extensions ['ignore', 'ignore_ament_install']
[0.210s] Level 1:colcon.colcon_core.package_identification:_identify(src/drone_ship/ros_gz_crazyflie/ros_gz_crazyflie_control) by extension 'ignore'
[0.210s] Level 1:colcon.colcon_core.package_identification:_identify(src/drone_ship/ros_gz_crazyflie/ros_gz_crazyflie_control) by extension 'ignore_ament_install'
[0.210s] Level 1:colcon.colcon_core.package_identification:_identify(src/drone_ship/ros_gz_crazyflie/ros_gz_crazyflie_control) by extensions ['colcon_pkg']
[0.210s] Level 1:colcon.colcon_core.package_identification:_identify(src/drone_ship/ros_gz_crazyflie/ros_gz_crazyflie_control) by extension 'colcon_pkg'
[0.210s] Level 1:colcon.colcon_core.package_identification:_identify(src/drone_ship/ros_gz_crazyflie/ros_gz_crazyflie_control) by extensions ['colcon_meta']
[0.210s] Level 1:colcon.colcon_core.package_identification:_identify(src/drone_ship/ros_gz_crazyflie/ros_gz_crazyflie_control) by extension 'colcon_meta'
[0.210s] Level 1:colcon.colcon_core.package_identification:_identify(src/drone_ship/ros_gz_crazyflie/ros_gz_crazyflie_control) by extensions ['ros']
[0.210s] Level 1:colcon.colcon_core.package_identification:_identify(src/drone_ship/ros_gz_crazyflie/ros_gz_crazyflie_control) by extension 'ros'
[0.211s] DEBUG:colcon.colcon_core.package_identification:Package 'src/drone_ship/ros_gz_crazyflie/ros_gz_crazyflie_control' with type 'ros.ament_python' and name 'ros_gz_crazyflie_control'
[0.211s] Level 1:colcon.colcon_core.package_identification:_identify(src/drone_ship/ros_gz_crazyflie/ros_gz_crazyflie_gazebo) by extensions ['ignore', 'ignore_ament_install']
[0.211s] Level 1:colcon.colcon_core.package_identification:_identify(src/drone_ship/ros_gz_crazyflie/ros_gz_crazyflie_gazebo) by extension 'ignore'
[0.211s] Level 1:colcon.colcon_core.package_identification:_identify(src/drone_ship/ros_gz_crazyflie/ros_gz_crazyflie_gazebo) by extension 'ignore_ament_install'
[0.211s] Level 1:colcon.colcon_core.package_identification:_identify(src/drone_ship/ros_gz_crazyflie/ros_gz_crazyflie_gazebo) by extensions ['colcon_pkg']
[0.211s] Level 1:colcon.colcon_core.package_identification:_identify(src/drone_ship/ros_gz_crazyflie/ros_gz_crazyflie_gazebo) by extension 'colcon_pkg'
[0.211s] Level 1:colcon.colcon_core.package_identification:_identify(src/drone_ship/ros_gz_crazyflie/ros_gz_crazyflie_gazebo) by extensions ['colcon_meta']
[0.211s] Level 1:colcon.colcon_core.package_identification:_identify(src/drone_ship/ros_gz_crazyflie/ros_gz_crazyflie_gazebo) by extension 'colcon_meta'
[0.211s] Level 1:colcon.colcon_core.package_identification:_identify(src/drone_ship/ros_gz_crazyflie/ros_gz_crazyflie_gazebo) by extensions ['ros']
[0.211s] Level 1:colcon.colcon_core.package_identification:_identify(src/drone_ship/ros_gz_crazyflie/ros_gz_crazyflie_gazebo) by extension 'ros'
[0.211s] DEBUG:colcon.colcon_core.package_identification:Package 'src/drone_ship/ros_gz_crazyflie/ros_gz_crazyflie_gazebo' with type 'ros.ament_cmake' and name 'ros_gz_crazyflie_gazebo'
[0.211s] Level 1:colcon.colcon_core.package_identification:_identify(src/drone_ship/vrx) by extensions ['ignore', 'ignore_ament_install']
[0.212s] Level 1:colcon.colcon_core.package_identification:_identify(src/drone_ship/vrx) by extension 'ignore'
[0.212s] Level 1:colcon.colcon_core.package_identification:_identify(src/drone_ship/vrx) by extension 'ignore_ament_install'
[0.212s] Level 1:colcon.colcon_core.package_identification:_identify(src/drone_ship/vrx) by extensions ['colcon_pkg']
[0.212s] Level 1:colcon.colcon_core.package_identification:_identify(src/drone_ship/vrx) by extension 'colcon_pkg'
[0.212s] Level 1:colcon.colcon_core.package_identification:_identify(src/drone_ship/vrx) by extensions ['colcon_meta']
[0.212s] Level 1:colcon.colcon_core.package_identification:_identify(src/drone_ship/vrx) by extension 'colcon_meta'
[0.212s] Level 1:colcon.colcon_core.package_identification:_identify(src/drone_ship/vrx) by extensions ['ros']
[0.212s] Level 1:colcon.colcon_core.package_identification:_identify(src/drone_ship/vrx) by extension 'ros'
[0.212s] Level 1:colcon.colcon_core.package_identification:_identify(src/drone_ship/vrx) by extensions ['cmake', 'python']
[0.212s] Level 1:colcon.colcon_core.package_identification:_identify(src/drone_ship/vrx) by extension 'cmake'
[0.212s] Level 1:colcon.colcon_core.package_identification:_identify(src/drone_ship/vrx) by extension 'python'
[0.212s] Level 1:colcon.colcon_core.package_identification:_identify(src/drone_ship/vrx) by extensions ['python_setup_py']
[0.212s] Level 1:colcon.colcon_core.package_identification:_identify(src/drone_ship/vrx) by extension 'python_setup_py'
[0.212s] Level 1:colcon.colcon_core.package_identification:_identify(src/drone_ship/vrx/images) by extensions ['ignore', 'ignore_ament_install']
[0.212s] Level 1:colcon.colcon_core.package_identification:_identify(src/drone_ship/vrx/images) by extension 'ignore'
[0.212s] Level 1:colcon.colcon_core.package_identification:_identify(src/drone_ship/vrx/images) by extension 'ignore_ament_install'
[0.212s] Level 1:colcon.colcon_core.package_identification:_identify(src/drone_ship/vrx/images) by extensions ['colcon_pkg']
[0.212s] Level 1:colcon.colcon_core.package_identification:_identify(src/drone_ship/vrx/images) by extension 'colcon_pkg'
[0.212s] Level 1:colcon.colcon_core.package_identification:_identify(src/drone_ship/vrx/images) by extensions ['colcon_meta']
[0.212s] Level 1:colcon.colcon_core.package_identification:_identify(src/drone_ship/vrx/images) by extension 'colcon_meta'
[0.212s] Level 1:colcon.colcon_core.package_identification:_identify(src/drone_ship/vrx/images) by extensions ['ros']
[0.212s] Level 1:colcon.colcon_core.package_identification:_identify(src/drone_ship/vrx/images) by extension 'ros'
[0.213s] Level 1:colcon.colcon_core.package_identification:_identify(src/drone_ship/vrx/images) by extensions ['cmake', 'python']
[0.213s] Level 1:colcon.colcon_core.package_identification:_identify(src/drone_ship/vrx/images) by extension 'cmake'
[0.213s] Level 1:colcon.colcon_core.package_identification:_identify(src/drone_ship/vrx/images) by extension 'python'
[0.213s] Level 1:colcon.colcon_core.package_identification:_identify(src/drone_ship/vrx/images) by extensions ['python_setup_py']
[0.213s] Level 1:colcon.colcon_core.package_identification:_identify(src/drone_ship/vrx/images) by extension 'python_setup_py'
[0.213s] Level 1:colcon.colcon_core.package_identification:_identify(src/drone_ship/vrx/vrx_gz) by extensions ['ignore', 'ignore_ament_install']
[0.213s] Level 1:colcon.colcon_core.package_identification:_identify(src/drone_ship/vrx/vrx_gz) by extension 'ignore'
[0.213s] Level 1:colcon.colcon_core.package_identification:_identify(src/drone_ship/vrx/vrx_gz) by extension 'ignore_ament_install'
[0.213s] Level 1:colcon.colcon_core.package_identification:_identify(src/drone_ship/vrx/vrx_gz) by extensions ['colcon_pkg']
[0.213s] Level 1:colcon.colcon_core.package_identification:_identify(src/drone_ship/vrx/vrx_gz) by extension 'colcon_pkg'
[0.213s] Level 1:colcon.colcon_core.package_identification:_identify(src/drone_ship/vrx/vrx_gz) by extensions ['colcon_meta']
[0.213s] Level 1:colcon.colcon_core.package_identification:_identify(src/drone_ship/vrx/vrx_gz) by extension 'colcon_meta'
[0.213s] Level 1:colcon.colcon_core.package_identification:_identify(src/drone_ship/vrx/vrx_gz) by extensions ['ros']
[0.213s] Level 1:colcon.colcon_core.package_identification:_identify(src/drone_ship/vrx/vrx_gz) by extension 'ros'
[0.214s] DEBUG:colcon.colcon_core.package_identification:Package 'src/drone_ship/vrx/vrx_gz' with type 'ros.ament_cmake' and name 'vrx_gz'
[0.214s] Level 1:colcon.colcon_core.package_identification:_identify(src/drone_ship/vrx/vrx_ros) by extensions ['ignore', 'ignore_ament_install']
[0.214s] Level 1:colcon.colcon_core.package_identification:_identify(src/drone_ship/vrx/vrx_ros) by extension 'ignore'
[0.214s] Level 1:colcon.colcon_core.package_identification:_identify(src/drone_ship/vrx/vrx_ros) by extension 'ignore_ament_install'
[0.214s] Level 1:colcon.colcon_core.package_identification:_identify(src/drone_ship/vrx/vrx_ros) by extensions ['colcon_pkg']
[0.214s] Level 1:colcon.colcon_core.package_identification:_identify(src/drone_ship/vrx/vrx_ros) by extension 'colcon_pkg'
[0.214s] Level 1:colcon.colcon_core.package_identification:_identify(src/drone_ship/vrx/vrx_ros) by extensions ['colcon_meta']
[0.214s] Level 1:colcon.colcon_core.package_identification:_identify(src/drone_ship/vrx/vrx_ros) by extension 'colcon_meta'
[0.214s] Level 1:colcon.colcon_core.package_identification:_identify(src/drone_ship/vrx/vrx_ros) by extensions ['ros']
[0.214s] Level 1:colcon.colcon_core.package_identification:_identify(src/drone_ship/vrx/vrx_ros) by extension 'ros'
[0.215s] DEBUG:colcon.colcon_core.package_identification:Package 'src/drone_ship/vrx/vrx_ros' with type 'ros.ament_cmake' and name 'vrx_ros'
[0.215s] Level 1:colcon.colcon_core.package_identification:_identify(src/drone_ship/vrx/vrx_urdf) by extensions ['ignore', 'ignore_ament_install']
[0.215s] Level 1:colcon.colcon_core.package_identification:_identify(src/drone_ship/vrx/vrx_urdf) by extension 'ignore'
[0.215s] Level 1:colcon.colcon_core.package_identification:_identify(src/drone_ship/vrx/vrx_urdf) by extension 'ignore_ament_install'
[0.215s] Level 1:colcon.colcon_core.package_identification:_identify(src/drone_ship/vrx/vrx_urdf) by extensions ['colcon_pkg']
[0.215s] Level 1:colcon.colcon_core.package_identification:_identify(src/drone_ship/vrx/vrx_urdf) by extension 'colcon_pkg'
[0.215s] Level 1:colcon.colcon_core.package_identification:_identify(src/drone_ship/vrx/vrx_urdf) by extensions ['colcon_meta']
[0.215s] Level 1:colcon.colcon_core.package_identification:_identify(src/drone_ship/vrx/vrx_urdf) by extension 'colcon_meta'
[0.215s] Level 1:colcon.colcon_core.package_identification:_identify(src/drone_ship/vrx/vrx_urdf) by extensions ['ros']
[0.215s] Level 1:colcon.colcon_core.package_identification:_identify(src/drone_ship/vrx/vrx_urdf) by extension 'ros'
[0.215s] Level 1:colcon.colcon_core.package_identification:_identify(src/drone_ship/vrx/vrx_urdf) by extensions ['cmake', 'python']
[0.216s] Level 1:colcon.colcon_core.package_identification:_identify(src/drone_ship/vrx/vrx_urdf) by extension 'cmake'
[0.216s] Level 1:colcon.colcon_core.package_identification:_identify(src/drone_ship/vrx/vrx_urdf) by extension 'python'
[0.216s] Level 1:colcon.colcon_core.package_identification:_identify(src/drone_ship/vrx/vrx_urdf) by extensions ['python_setup_py']
[0.216s] Level 1:colcon.colcon_core.package_identification:_identify(src/drone_ship/vrx/vrx_urdf) by extension 'python_setup_py'
[0.216s] Level 1:colcon.colcon_core.package_identification:_identify(src/drone_ship/vrx/vrx_urdf/vrx_gazebo) by extensions ['ignore', 'ignore_ament_install']
[0.216s] Level 1:colcon.colcon_core.package_identification:_identify(src/drone_ship/vrx/vrx_urdf/vrx_gazebo) by extension 'ignore'
[0.216s] Level 1:colcon.colcon_core.package_identification:_identify(src/drone_ship/vrx/vrx_urdf/vrx_gazebo) by extension 'ignore_ament_install'
[0.216s] Level 1:colcon.colcon_core.package_identification:_identify(src/drone_ship/vrx/vrx_urdf/vrx_gazebo) by extensions ['colcon_pkg']
[0.216s] Level 1:colcon.colcon_core.package_identification:_identify(src/drone_ship/vrx/vrx_urdf/vrx_gazebo) by extension 'colcon_pkg'
[0.216s] Level 1:colcon.colcon_core.package_identification:_identify(src/drone_ship/vrx/vrx_urdf/vrx_gazebo) by extensions ['colcon_meta']
[0.216s] Level 1:colcon.colcon_core.package_identification:_identify(src/drone_ship/vrx/vrx_urdf/vrx_gazebo) by extension 'colcon_meta'
[0.216s] Level 1:colcon.colcon_core.package_identification:_identify(src/drone_ship/vrx/vrx_urdf/vrx_gazebo) by extensions ['ros']
[0.216s] Level 1:colcon.colcon_core.package_identification:_identify(src/drone_ship/vrx/vrx_urdf/vrx_gazebo) by extension 'ros'
[0.217s] DEBUG:colcon.colcon_core.package_identification:Package 'src/drone_ship/vrx/vrx_urdf/vrx_gazebo' with type 'ros.ament_cmake' and name 'vrx_gazebo'
[0.217s] Level 1:colcon.colcon_core.package_identification:_identify(src/drone_ship/vrx/vrx_urdf/wamv_description) by extensions ['ignore', 'ignore_ament_install']
[0.217s] Level 1:colcon.colcon_core.package_identification:_identify(src/drone_ship/vrx/vrx_urdf/wamv_description) by extension 'ignore'
[0.217s] Level 1:colcon.colcon_core.package_identification:_identify(src/drone_ship/vrx/vrx_urdf/wamv_description) by extension 'ignore_ament_install'
[0.217s] Level 1:colcon.colcon_core.package_identification:_identify(src/drone_ship/vrx/vrx_urdf/wamv_description) by extensions ['colcon_pkg']
[0.217s] Level 1:colcon.colcon_core.package_identification:_identify(src/drone_ship/vrx/vrx_urdf/wamv_description) by extension 'colcon_pkg'
[0.217s] Level 1:colcon.colcon_core.package_identification:_identify(src/drone_ship/vrx/vrx_urdf/wamv_description) by extensions ['colcon_meta']
[0.217s] Level 1:colcon.colcon_core.package_identification:_identify(src/drone_ship/vrx/vrx_urdf/wamv_description) by extension 'colcon_meta'
[0.217s] Level 1:colcon.colcon_core.package_identification:_identify(src/drone_ship/vrx/vrx_urdf/wamv_description) by extensions ['ros']
[0.217s] Level 1:colcon.colcon_core.package_identification:_identify(src/drone_ship/vrx/vrx_urdf/wamv_description) by extension 'ros'
[0.218s] DEBUG:colcon.colcon_core.package_identification:Package 'src/drone_ship/vrx/vrx_urdf/wamv_description' with type 'ros.ament_cmake' and name 'wamv_description'
[0.218s] Level 1:colcon.colcon_core.package_identification:_identify(src/drone_ship/vrx/vrx_urdf/wamv_gazebo) by extensions ['ignore', 'ignore_ament_install']
[0.218s] Level 1:colcon.colcon_core.package_identification:_identify(src/drone_ship/vrx/vrx_urdf/wamv_gazebo) by extension 'ignore'
[0.218s] Level 1:colcon.colcon_core.package_identification:_identify(src/drone_ship/vrx/vrx_urdf/wamv_gazebo) by extension 'ignore_ament_install'
[0.218s] Level 1:colcon.colcon_core.package_identification:_identify(src/drone_ship/vrx/vrx_urdf/wamv_gazebo) by extensions ['colcon_pkg']
[0.218s] Level 1:colcon.colcon_core.package_identification:_identify(src/drone_ship/vrx/vrx_urdf/wamv_gazebo) by extension 'colcon_pkg'
[0.218s] Level 1:colcon.colcon_core.package_identification:_identify(src/drone_ship/vrx/vrx_urdf/wamv_gazebo) by extensions ['colcon_meta']
[0.218s] Level 1:colcon.colcon_core.package_identification:_identify(src/drone_ship/vrx/vrx_urdf/wamv_gazebo) by extension 'colcon_meta'
[0.218s] Level 1:colcon.colcon_core.package_identification:_identify(src/drone_ship/vrx/vrx_urdf/wamv_gazebo) by extensions ['ros']
[0.218s] Level 1:colcon.colcon_core.package_identification:_identify(src/drone_ship/vrx/vrx_urdf/wamv_gazebo) by extension 'ros'
[0.219s] DEBUG:colcon.colcon_core.package_identification:Package 'src/drone_ship/vrx/vrx_urdf/wamv_gazebo' with type 'ros.ament_cmake' and name 'wamv_gazebo'
[0.219s] Level 1:colcon.colcon_core.package_discovery:discover_packages(recursive) using defaults
[0.219s] Level 1:colcon.colcon_core.package_discovery:discover_packages(ignore) discover
[0.219s] Level 1:colcon.colcon_core.package_discovery:discover_packages(ignore) using defaults
[0.219s] Level 1:colcon.colcon_core.package_discovery:discover_packages(path) discover
[0.219s] Level 1:colcon.colcon_core.package_discovery:discover_packages(path) using defaults
[0.237s] Level 1:colcon.colcon_core.package_discovery:discover_packages(prefix_path) check parameters
[0.238s] Level 1:colcon.colcon_core.package_discovery:discover_packages(prefix_path) discover
[0.241s] DEBUG:colcon.colcon_installed_package_information.package_discovery:Found 15 installed packages in /home/user/data/drones_ship_ws/install
[0.243s] DEBUG:colcon.colcon_installed_package_information.package_discovery:Found 539 installed packages in /opt/ros/jazzy
[0.245s] Level 1:colcon.colcon_core.package_discovery:discover_packages(prefix_path) using defaults
[0.333s] Level 5:colcon.colcon_core.verb:set package 'aquabot_ekf' build argument 'cmake_args' from command line to 'None'
[0.333s] Level 5:colcon.colcon_core.verb:set package 'aquabot_ekf' build argument 'cmake_target' from command line to 'None'
[0.333s] Level 5:colcon.colcon_core.verb:set package 'aquabot_ekf' build argument 'cmake_target_skip_unavailable' from command line to 'False'
[0.333s] Level 5:colcon.colcon_core.verb:set package 'aquabot_ekf' build argument 'cmake_clean_cache' from command line to 'False'
[0.333s] Level 5:colcon.colcon_core.verb:set package 'aquabot_ekf' build argument 'cmake_clean_first' from command line to 'False'
[0.333s] Level 5:colcon.colcon_core.verb:set package 'aquabot_ekf' build argument 'cmake_force_configure' from command line to 'False'
[0.333s] Level 5:colcon.colcon_core.verb:set package 'aquabot_ekf' build argument 'ament_cmake_args' from command line to 'None'
[0.333s] Level 5:colcon.colcon_core.verb:set package 'aquabot_ekf' build argument 'catkin_cmake_args' from command line to 'None'
[0.333s] Level 5:colcon.colcon_core.verb:set package 'aquabot_ekf' build argument 'catkin_skip_building_tests' from command line to 'False'
[0.333s] DEBUG:colcon.colcon_core.verb:Building package 'aquabot_ekf' with the following arguments: {'ament_cmake_args': None, 'build_base': '/home/user/data/drones_ship_ws/build/aquabot_ekf', 'catkin_cmake_args': None, 'catkin_skip_building_tests': False, 'cmake_args': None, 'cmake_clean_cache': False, 'cmake_clean_first': False, 'cmake_force_configure': False, 'cmake_target': None, 'cmake_target_skip_unavailable': False, 'install_base': '/home/user/data/drones_ship_ws/install/aquabot_ekf', 'merge_install': False, 'path': '/home/user/data/drones_ship_ws/src/drone_ship/aquabot_ekf', 'symlink_install': False, 'test_result_base': None}
[0.334s] Level 5:colcon.colcon_core.verb:set package 'aquabot_gz' build argument 'cmake_args' from command line to 'None'
[0.334s] Level 5:colcon.colcon_core.verb:set package 'aquabot_gz' build argument 'cmake_target' from command line to 'None'
[0.334s] Level 5:colcon.colcon_core.verb:set package 'aquabot_gz' build argument 'cmake_target_skip_unavailable' from command line to 'False'
[0.334s] Level 5:colcon.colcon_core.verb:set package 'aquabot_gz' build argument 'cmake_clean_cache' from command line to 'False'
[0.334s] Level 5:colcon.colcon_core.verb:set package 'aquabot_gz' build argument 'cmake_clean_first' from command line to 'False'
[0.334s] Level 5:colcon.colcon_core.verb:set package 'aquabot_gz' build argument 'cmake_force_configure' from command line to 'False'
[0.334s] Level 5:colcon.colcon_core.verb:set package 'aquabot_gz' build argument 'ament_cmake_args' from command line to 'None'
[0.334s] Level 5:colcon.colcon_core.verb:set package 'aquabot_gz' build argument 'catkin_cmake_args' from command line to 'None'
[0.334s] Level 5:colcon.colcon_core.verb:set package 'aquabot_gz' build argument 'catkin_skip_building_tests' from command line to 'False'
[0.334s] DEBUG:colcon.colcon_core.verb:Building package 'aquabot_gz' with the following arguments: {'ament_cmake_args': None, 'build_base': '/home/user/data/drones_ship_ws/build/aquabot_gz', 'catkin_cmake_args': None, 'catkin_skip_building_tests': False, 'cmake_args': None, 'cmake_clean_cache': False, 'cmake_clean_first': False, 'cmake_force_configure': False, 'cmake_target': None, 'cmake_target_skip_unavailable': False, 'install_base': '/home/user/data/drones_ship_ws/install/aquabot_gz', 'merge_install': False, 'path': '/home/user/data/drones_ship_ws/src/drone_ship/aquabot_gz', 'symlink_install': False, 'test_result_base': None}
[0.334s] Level 5:colcon.colcon_core.verb:set package 'aquabot_motion' build argument 'cmake_args' from command line to 'None'
[0.334s] Level 5:colcon.colcon_core.verb:set package 'aquabot_motion' build argument 'cmake_target' from command line to 'None'
[0.334s] Level 5:colcon.colcon_core.verb:set package 'aquabot_motion' build argument 'cmake_target_skip_unavailable' from command line to 'False'
[0.334s] Level 5:colcon.colcon_core.verb:set package 'aquabot_motion' build argument 'cmake_clean_cache' from command line to 'False'
[0.334s] Level 5:colcon.colcon_core.verb:set package 'aquabot_motion' build argument 'cmake_clean_first' from command line to 'False'
[0.334s] Level 5:colcon.colcon_core.verb:set package 'aquabot_motion' build argument 'cmake_force_configure' from command line to 'False'
[0.334s] Level 5:colcon.colcon_core.verb:set package 'aquabot_motion' build argument 'ament_cmake_args' from command line to 'None'
[0.334s] Level 5:colcon.colcon_core.verb:set package 'aquabot_motion' build argument 'catkin_cmake_args' from command line to 'None'
[0.334s] Level 5:colcon.colcon_core.verb:set package 'aquabot_motion' build argument 'catkin_skip_building_tests' from command line to 'False'
[0.334s] DEBUG:colcon.colcon_core.verb:Building package 'aquabot_motion' with the following arguments: {'ament_cmake_args': None, 'build_base': '/home/user/data/drones_ship_ws/build/aquabot_motion', 'catkin_cmake_args': None, 'catkin_skip_building_tests': False, 'cmake_args': None, 'cmake_clean_cache': False, 'cmake_clean_first': False, 'cmake_force_configure': False, 'cmake_target': None, 'cmake_target_skip_unavailable': False, 'install_base': '/home/user/data/drones_ship_ws/install/aquabot_motion', 'merge_install': False, 'path': '/home/user/data/drones_ship_ws/src/drone_ship/aquabot_motion', 'symlink_install': False, 'test_result_base': None}
[0.334s] Level 5:colcon.colcon_core.verb:set package 'crazyflie_control' build argument 'cmake_args' from command line to 'None'
[0.335s] Level 5:colcon.colcon_core.verb:set package 'crazyflie_control' build argument 'cmake_target' from command line to 'None'
[0.335s] Level 5:colcon.colcon_core.verb:set package 'crazyflie_control' build argument 'cmake_target_skip_unavailable' from command line to 'False'
[0.335s] Level 5:colcon.colcon_core.verb:set package 'crazyflie_control' build argument 'cmake_clean_cache' from command line to 'False'
[0.335s] Level 5:colcon.colcon_core.verb:set package 'crazyflie_control' build argument 'cmake_clean_first' from command line to 'False'
[0.335s] Level 5:colcon.colcon_core.verb:set package 'crazyflie_control' build argument 'cmake_force_configure' from command line to 'False'
[0.335s] Level 5:colcon.colcon_core.verb:set package 'crazyflie_control' build argument 'ament_cmake_args' from command line to 'None'
[0.335s] Level 5:colcon.colcon_core.verb:set package 'crazyflie_control' build argument 'catkin_cmake_args' from command line to 'None'
[0.335s] Level 5:colcon.colcon_core.verb:set package 'crazyflie_control' build argument 'catkin_skip_building_tests' from command line to 'False'
[0.335s] DEBUG:colcon.colcon_core.verb:Building package 'crazyflie_control' with the following arguments: {'ament_cmake_args': None, 'build_base': '/home/user/data/drones_ship_ws/build/crazyflie_control', 'catkin_cmake_args': None, 'catkin_skip_building_tests': False, 'cmake_args': None, 'cmake_clean_cache': False, 'cmake_clean_first': False, 'cmake_force_configure': False, 'cmake_target': None, 'cmake_target_skip_unavailable': False, 'install_base': '/home/user/data/drones_ship_ws/install/crazyflie_control', 'merge_install': False, 'path': '/home/user/data/drones_ship_ws/src/drone_ship/crazyflie_control', 'symlink_install': False, 'test_result_base': None}
[0.335s] Level 5:colcon.colcon_core.verb:set package 'crazyflie_ekf' build argument 'cmake_args' from command line to 'None'
[0.335s] Level 5:colcon.colcon_core.verb:set package 'crazyflie_ekf' build argument 'cmake_target' from command line to 'None'
[0.335s] Level 5:colcon.colcon_core.verb:set package 'crazyflie_ekf' build argument 'cmake_target_skip_unavailable' from command line to 'False'
[0.335s] Level 5:colcon.colcon_core.verb:set package 'crazyflie_ekf' build argument 'cmake_clean_cache' from command line to 'False'
[0.335s] Level 5:colcon.colcon_core.verb:set package 'crazyflie_ekf' build argument 'cmake_clean_first' from command line to 'False'
[0.335s] Level 5:colcon.colcon_core.verb:set package 'crazyflie_ekf' build argument 'cmake_force_configure' from command line to 'False'
[0.335s] Level 5:colcon.colcon_core.verb:set package 'crazyflie_ekf' build argument 'ament_cmake_args' from command line to 'None'
[0.335s] Level 5:colcon.colcon_core.verb:set package 'crazyflie_ekf' build argument 'catkin_cmake_args' from command line to 'None'
[0.335s] Level 5:colcon.colcon_core.verb:set package 'crazyflie_ekf' build argument 'catkin_skip_building_tests' from command line to 'False'
[0.335s] DEBUG:colcon.colcon_core.verb:Building package 'crazyflie_ekf' with the following arguments: {'ament_cmake_args': None, 'build_base': '/home/user/data/drones_ship_ws/build/crazyflie_ekf', 'catkin_cmake_args': None, 'catkin_skip_building_tests': False, 'cmake_args': None, 'cmake_clean_cache': False, 'cmake_clean_first': False, 'cmake_force_configure': False, 'cmake_target': None, 'cmake_target_skip_unavailable': False, 'install_base': '/home/user/data/drones_ship_ws/install/crazyflie_ekf', 'merge_install': False, 'path': '/home/user/data/drones_ship_ws/src/drone_ship/crazyflie_ekf', 'symlink_install': False, 'test_result_base': None}
[0.335s] Level 5:colcon.colcon_core.verb:set package 'crazyflie_yolo' build argument 'cmake_args' from command line to 'None'
[0.335s] Level 5:colcon.colcon_core.verb:set package 'crazyflie_yolo' build argument 'cmake_target' from command line to 'None'
[0.335s] Level 5:colcon.colcon_core.verb:set package 'crazyflie_yolo' build argument 'cmake_target_skip_unavailable' from command line to 'False'
[0.335s] Level 5:colcon.colcon_core.verb:set package 'crazyflie_yolo' build argument 'cmake_clean_cache' from command line to 'False'
[0.335s] Level 5:colcon.colcon_core.verb:set package 'crazyflie_yolo' build argument 'cmake_clean_first' from command line to 'False'
[0.335s] Level 5:colcon.colcon_core.verb:set package 'crazyflie_yolo' build argument 'cmake_force_configure' from command line to 'False'
[0.336s] Level 5:colcon.colcon_core.verb:set package 'crazyflie_yolo' build argument 'ament_cmake_args' from command line to 'None'
[0.336s] Level 5:colcon.colcon_core.verb:set package 'crazyflie_yolo' build argument 'catkin_cmake_args' from command line to 'None'
[0.336s] Level 5:colcon.colcon_core.verb:set package 'crazyflie_yolo' build argument 'catkin_skip_building_tests' from command line to 'False'
[0.336s] DEBUG:colcon.colcon_core.verb:Building package 'crazyflie_yolo' with the following arguments: {'ament_cmake_args': None, 'build_base': '/home/user/data/drones_ship_ws/build/crazyflie_yolo', 'catkin_cmake_args': None, 'catkin_skip_building_tests': False, 'cmake_args': None, 'cmake_clean_cache': False, 'cmake_clean_first': False, 'cmake_force_configure': False, 'cmake_target': None, 'cmake_target_skip_unavailable': False, 'install_base': '/home/user/data/drones_ship_ws/install/crazyflie_yolo', 'merge_install': False, 'path': '/home/user/data/drones_ship_ws/src/drone_ship/crazyflie_yolo', 'symlink_install': False, 'test_result_base': None}
[0.336s] Level 5:colcon.colcon_core.verb:set package 'ros_gz_crazyflie_control' build argument 'cmake_args' from command line to 'None'
[0.336s] Level 5:colcon.colcon_core.verb:set package 'ros_gz_crazyflie_control' build argument 'cmake_target' from command line to 'None'
[0.336s] Level 5:colcon.colcon_core.verb:set package 'ros_gz_crazyflie_control' build argument 'cmake_target_skip_unavailable' from command line to 'False'
[0.336s] Level 5:colcon.colcon_core.verb:set package 'ros_gz_crazyflie_control' build argument 'cmake_clean_cache' from command line to 'False'
[0.336s] Level 5:colcon.colcon_core.verb:set package 'ros_gz_crazyflie_control' build argument 'cmake_clean_first' from command line to 'False'
[0.336s] Level 5:colcon.colcon_core.verb:set package 'ros_gz_crazyflie_control' build argument 'cmake_force_configure' from command line to 'False'
[0.336s] Level 5:colcon.colcon_core.verb:set package 'ros_gz_crazyflie_control' build argument 'ament_cmake_args' from command line to 'None'
[0.336s] Level 5:colcon.colcon_core.verb:set package 'ros_gz_crazyflie_control' build argument 'catkin_cmake_args' from command line to 'None'
[0.336s] Level 5:colcon.colcon_core.verb:set package 'ros_gz_crazyflie_control' build argument 'catkin_skip_building_tests' from command line to 'False'
[0.336s] DEBUG:colcon.colcon_core.verb:Building package 'ros_gz_crazyflie_control' with the following arguments: {'ament_cmake_args': None, 'build_base': '/home/user/data/drones_ship_ws/build/ros_gz_crazyflie_control', 'catkin_cmake_args': None, 'catkin_skip_building_tests': False, 'cmake_args': None, 'cmake_clean_cache': False, 'cmake_clean_first': False, 'cmake_force_configure': False, 'cmake_target': None, 'cmake_target_skip_unavailable': False, 'install_base': '/home/user/data/drones_ship_ws/install/ros_gz_crazyflie_control', 'merge_install': False, 'path': '/home/user/data/drones_ship_ws/src/drone_ship/ros_gz_crazyflie/ros_gz_crazyflie_control', 'symlink_install': False, 'test_result_base': None}
[0.336s] Level 5:colcon.colcon_core.verb:set package 'ros_gz_crazyflie_gazebo' build argument 'cmake_args' from command line to 'None'
[0.336s] Level 5:colcon.colcon_core.verb:set package 'ros_gz_crazyflie_gazebo' build argument 'cmake_target' from command line to 'None'
[0.336s] Level 5:colcon.colcon_core.verb:set package 'ros_gz_crazyflie_gazebo' build argument 'cmake_target_skip_unavailable' from command line to 'False'
[0.336s] Level 5:colcon.colcon_core.verb:set package 'ros_gz_crazyflie_gazebo' build argument 'cmake_clean_cache' from command line to 'False'
[0.336s] Level 5:colcon.colcon_core.verb:set package 'ros_gz_crazyflie_gazebo' build argument 'cmake_clean_first' from command line to 'False'
[0.336s] Level 5:colcon.colcon_core.verb:set package 'ros_gz_crazyflie_gazebo' build argument 'cmake_force_configure' from command line to 'False'
[0.336s] Level 5:colcon.colcon_core.verb:set package 'ros_gz_crazyflie_gazebo' build argument 'ament_cmake_args' from command line to 'None'
[0.336s] Level 5:colcon.colcon_core.verb:set package 'ros_gz_crazyflie_gazebo' build argument 'catkin_cmake_args' from command line to 'None'
[0.336s] Level 5:colcon.colcon_core.verb:set package 'ros_gz_crazyflie_gazebo' build argument 'catkin_skip_building_tests' from command line to 'False'
[0.336s] DEBUG:colcon.colcon_core.verb:Building package 'ros_gz_crazyflie_gazebo' with the following arguments: {'ament_cmake_args': None, 'build_base': '/home/user/data/drones_ship_ws/build/ros_gz_crazyflie_gazebo', 'catkin_cmake_args': None, 'catkin_skip_building_tests': False, 'cmake_args': None, 'cmake_clean_cache': False, 'cmake_clean_first': False, 'cmake_force_configure': False, 'cmake_target': None, 'cmake_target_skip_unavailable': False, 'install_base': '/home/user/data/drones_ship_ws/install/ros_gz_crazyflie_gazebo', 'merge_install': False, 'path': '/home/user/data/drones_ship_ws/src/drone_ship/ros_gz_crazyflie/ros_gz_crazyflie_gazebo', 'symlink_install': False, 'test_result_base': None}
[0.337s] Level 5:colcon.colcon_core.verb:set package 'vrx_gazebo' build argument 'cmake_args' from command line to 'None'
[0.337s] Level 5:colcon.colcon_core.verb:set package 'vrx_gazebo' build argument 'cmake_target' from command line to 'None'
[0.337s] Level 5:colcon.colcon_core.verb:set package 'vrx_gazebo' build argument 'cmake_target_skip_unavailable' from command line to 'False'
[0.337s] Level 5:colcon.colcon_core.verb:set package 'vrx_gazebo' build argument 'cmake_clean_cache' from command line to 'False'
[0.337s] Level 5:colcon.colcon_core.verb:set package 'vrx_gazebo' build argument 'cmake_clean_first' from command line to 'False'
[0.337s] Level 5:colcon.colcon_core.verb:set package 'vrx_gazebo' build argument 'cmake_force_configure' from command line to 'False'
[0.337s] Level 5:colcon.colcon_core.verb:set package 'vrx_gazebo' build argument 'ament_cmake_args' from command line to 'None'
[0.337s] Level 5:colcon.colcon_core.verb:set package 'vrx_gazebo' build argument 'catkin_cmake_args' from command line to 'None'
[0.337s] Level 5:colcon.colcon_core.verb:set package 'vrx_gazebo' build argument 'catkin_skip_building_tests' from command line to 'False'
[0.337s] DEBUG:colcon.colcon_core.verb:Building package 'vrx_gazebo' with the following arguments: {'ament_cmake_args': None, 'build_base': '/home/user/data/drones_ship_ws/build/vrx_gazebo', 'catkin_cmake_args': None, 'catkin_skip_building_tests': False, 'cmake_args': None, 'cmake_clean_cache': False, 'cmake_clean_first': False, 'cmake_force_configure': False, 'cmake_target': None, 'cmake_target_skip_unavailable': False, 'install_base': '/home/user/data/drones_ship_ws/install/vrx_gazebo', 'merge_install': False, 'path': '/home/user/data/drones_ship_ws/src/drone_ship/vrx/vrx_urdf/vrx_gazebo', 'symlink_install': False, 'test_result_base': None}
[0.337s] Level 5:colcon.colcon_core.verb:set package 'vrx_ros' build argument 'cmake_args' from command line to 'None'
[0.337s] Level 5:colcon.colcon_core.verb:set package 'vrx_ros' build argument 'cmake_target' from command line to 'None'
[0.337s] Level 5:colcon.colcon_core.verb:set package 'vrx_ros' build argument 'cmake_target_skip_unavailable' from command line to 'False'
[0.337s] Level 5:colcon.colcon_core.verb:set package 'vrx_ros' build argument 'cmake_clean_cache' from command line to 'False'
[0.337s] Level 5:colcon.colcon_core.verb:set package 'vrx_ros' build argument 'cmake_clean_first' from command line to 'False'
[0.337s] Level 5:colcon.colcon_core.verb:set package 'vrx_ros' build argument 'cmake_force_configure' from command line to 'False'
[0.337s] Level 5:colcon.colcon_core.verb:set package 'vrx_ros' build argument 'ament_cmake_args' from command line to 'None'
[0.337s] Level 5:colcon.colcon_core.verb:set package 'vrx_ros' build argument 'catkin_cmake_args' from command line to 'None'
[0.337s] Level 5:colcon.colcon_core.verb:set package 'vrx_ros' build argument 'catkin_skip_building_tests' from command line to 'False'
[0.337s] DEBUG:colcon.colcon_core.verb:Building package 'vrx_ros' with the following arguments: {'ament_cmake_args': None, 'build_base': '/home/user/data/drones_ship_ws/build/vrx_ros', 'catkin_cmake_args': None, 'catkin_skip_building_tests': False, 'cmake_args': None, 'cmake_clean_cache': False, 'cmake_clean_first': False, 'cmake_force_configure': False, 'cmake_target': None, 'cmake_target_skip_unavailable': False, 'install_base': '/home/user/data/drones_ship_ws/install/vrx_ros', 'merge_install': False, 'path': '/home/user/data/drones_ship_ws/src/drone_ship/vrx/vrx_ros', 'symlink_install': False, 'test_result_base': None}
[0.338s] Level 5:colcon.colcon_core.verb:set package 'aquabot_description' build argument 'cmake_args' from command line to 'None'
[0.338s] Level 5:colcon.colcon_core.verb:set package 'aquabot_description' build argument 'cmake_target' from command line to 'None'
[0.338s] Level 5:colcon.colcon_core.verb:set package 'aquabot_description' build argument 'cmake_target_skip_unavailable' from command line to 'False'
[0.338s] Level 5:colcon.colcon_core.verb:set package 'aquabot_description' build argument 'cmake_clean_cache' from command line to 'False'
[0.338s] Level 5:colcon.colcon_core.verb:set package 'aquabot_description' build argument 'cmake_clean_first' from command line to 'False'
[0.338s] Level 5:colcon.colcon_core.verb:set package 'aquabot_description' build argument 'cmake_force_configure' from command line to 'False'
[0.338s] Level 5:colcon.colcon_core.verb:set package 'aquabot_description' build argument 'ament_cmake_args' from command line to 'None'
[0.338s] Level 5:colcon.colcon_core.verb:set package 'aquabot_description' build argument 'catkin_cmake_args' from command line to 'None'
[0.338s] Level 5:colcon.colcon_core.verb:set package 'aquabot_description' build argument 'catkin_skip_building_tests' from command line to 'False'
[0.338s] DEBUG:colcon.colcon_core.verb:Building package 'aquabot_description' with the following arguments: {'ament_cmake_args': None, 'build_base': '/home/user/data/drones_ship_ws/build/aquabot_description', 'catkin_cmake_args': None, 'catkin_skip_building_tests': False, 'cmake_args': None, 'cmake_clean_cache': False, 'cmake_clean_first': False, 'cmake_force_configure': False, 'cmake_target': None, 'cmake_target_skip_unavailable': False, 'install_base': '/home/user/data/drones_ship_ws/install/aquabot_description', 'merge_install': False, 'path': '/home/user/data/drones_ship_ws/src/drone_ship/aquabot_description', 'symlink_install': False, 'test_result_base': None}
[0.338s] Level 5:colcon.colcon_core.verb:set package 'ros_gz_crazyflie_bringup' build argument 'cmake_args' from command line to 'None'
[0.338s] Level 5:colcon.colcon_core.verb:set package 'ros_gz_crazyflie_bringup' build argument 'cmake_target' from command line to 'None'
[0.338s] Level 5:colcon.colcon_core.verb:set package 'ros_gz_crazyflie_bringup' build argument 'cmake_target_skip_unavailable' from command line to 'False'
[0.338s] Level 5:colcon.colcon_core.verb:set package 'ros_gz_crazyflie_bringup' build argument 'cmake_clean_cache' from command line to 'False'
[0.338s] Level 5:colcon.colcon_core.verb:set package 'ros_gz_crazyflie_bringup' build argument 'cmake_clean_first' from command line to 'False'
[0.338s] Level 5:colcon.colcon_core.verb:set package 'ros_gz_crazyflie_bringup' build argument 'cmake_force_configure' from command line to 'False'
[0.338s] Level 5:colcon.colcon_core.verb:set package 'ros_gz_crazyflie_bringup' build argument 'ament_cmake_args' from command line to 'None'
[0.338s] Level 5:colcon.colcon_core.verb:set package 'ros_gz_crazyflie_bringup' build argument 'catkin_cmake_args' from command line to 'None'
[0.338s] Level 5:colcon.colcon_core.verb:set package 'ros_gz_crazyflie_bringup' build argument 'catkin_skip_building_tests' from command line to 'False'
[0.338s] DEBUG:colcon.colcon_core.verb:Building package 'ros_gz_crazyflie_bringup' with the following arguments: {'ament_cmake_args': None, 'build_base': '/home/user/data/drones_ship_ws/build/ros_gz_crazyflie_bringup', 'catkin_cmake_args': None, 'catkin_skip_building_tests': False, 'cmake_args': None, 'cmake_clean_cache': False, 'cmake_clean_first': False, 'cmake_force_configure': False, 'cmake_target': None, 'cmake_target_skip_unavailable': False, 'install_base': '/home/user/data/drones_ship_ws/install/ros_gz_crazyflie_bringup', 'merge_install': False, 'path': '/home/user/data/drones_ship_ws/src/drone_ship/ros_gz_crazyflie/ros_gz_crazyflie_bringup', 'symlink_install': False, 'test_result_base': None}
[0.338s] Level 5:colcon.colcon_core.verb:set package 'vrx_gz' build argument 'cmake_args' from command line to 'None'
[0.338s] Level 5:colcon.colcon_core.verb:set package 'vrx_gz' build argument 'cmake_target' from command line to 'None'
[0.338s] Level 5:colcon.colcon_core.verb:set package 'vrx_gz' build argument 'cmake_target_skip_unavailable' from command line to 'False'
[0.338s] Level 5:colcon.colcon_core.verb:set package 'vrx_gz' build argument 'cmake_clean_cache' from command line to 'False'
[0.338s] Level 5:colcon.colcon_core.verb:set package 'vrx_gz' build argument 'cmake_clean_first' from command line to 'False'
[0.339s] Level 5:colcon.colcon_core.verb:set package 'vrx_gz' build argument 'cmake_force_configure' from command line to 'False'
[0.339s] Level 5:colcon.colcon_core.verb:set package 'vrx_gz' build argument 'ament_cmake_args' from command line to 'None'
[0.339s] Level 5:colcon.colcon_core.verb:set package 'vrx_gz' build argument 'catkin_cmake_args' from command line to 'None'
[0.339s] Level 5:colcon.colcon_core.verb:set package 'vrx_gz' build argument 'catkin_skip_building_tests' from command line to 'False'
[0.339s] DEBUG:colcon.colcon_core.verb:Building package 'vrx_gz' with the following arguments: {'ament_cmake_args': None, 'build_base': '/home/user/data/drones_ship_ws/build/vrx_gz', 'catkin_cmake_args': None, 'catkin_skip_building_tests': False, 'cmake_args': None, 'cmake_clean_cache': False, 'cmake_clean_first': False, 'cmake_force_configure': False, 'cmake_target': None, 'cmake_target_skip_unavailable': False, 'install_base': '/home/user/data/drones_ship_ws/install/vrx_gz', 'merge_install': False, 'path': '/home/user/data/drones_ship_ws/src/drone_ship/vrx/vrx_gz', 'symlink_install': False, 'test_result_base': None}
[0.339s] Level 5:colcon.colcon_core.verb:set package 'wamv_description' build argument 'cmake_args' from command line to 'None'
[0.339s] Level 5:colcon.colcon_core.verb:set package 'wamv_description' build argument 'cmake_target' from command line to 'None'
[0.339s] Level 5:colcon.colcon_core.verb:set package 'wamv_description' build argument 'cmake_target_skip_unavailable' from command line to 'False'
[0.339s] Level 5:colcon.colcon_core.verb:set package 'wamv_description' build argument 'cmake_clean_cache' from command line to 'False'
[0.339s] Level 5:colcon.colcon_core.verb:set package 'wamv_description' build argument 'cmake_clean_first' from command line to 'False'
[0.339s] Level 5:colcon.colcon_core.verb:set package 'wamv_description' build argument 'cmake_force_configure' from command line to 'False'
[0.339s] Level 5:colcon.colcon_core.verb:set package 'wamv_description' build argument 'ament_cmake_args' from command line to 'None'
[0.339s] Level 5:colcon.colcon_core.verb:set package 'wamv_description' build argument 'catkin_cmake_args' from command line to 'None'
[0.339s] Level 5:colcon.colcon_core.verb:set package 'wamv_description' build argument 'catkin_skip_building_tests' from command line to 'False'
[0.339s] DEBUG:colcon.colcon_core.verb:Building package 'wamv_description' with the following arguments: {'ament_cmake_args': None, 'build_base': '/home/user/data/drones_ship_ws/build/wamv_description', 'catkin_cmake_args': None, 'catkin_skip_building_tests': False, 'cmake_args': None, 'cmake_clean_cache': False, 'cmake_clean_first': False, 'cmake_force_configure': False, 'cmake_target': None, 'cmake_target_skip_unavailable': False, 'install_base': '/home/user/data/drones_ship_ws/install/wamv_description', 'merge_install': False, 'path': '/home/user/data/drones_ship_ws/src/drone_ship/vrx/vrx_urdf/wamv_description', 'symlink_install': False, 'test_result_base': None}
[0.339s] Level 5:colcon.colcon_core.verb:set package 'wamv_gazebo' build argument 'cmake_args' from command line to 'None'
[0.339s] Level 5:colcon.colcon_core.verb:set package 'wamv_gazebo' build argument 'cmake_target' from command line to 'None'
[0.339s] Level 5:colcon.colcon_core.verb:set package 'wamv_gazebo' build argument 'cmake_target_skip_unavailable' from command line to 'False'
[0.339s] Level 5:colcon.colcon_core.verb:set package 'wamv_gazebo' build argument 'cmake_clean_cache' from command line to 'False'
[0.339s] Level 5:colcon.colcon_core.verb:set package 'wamv_gazebo' build argument 'cmake_clean_first' from command line to 'False'
[0.339s] Level 5:colcon.colcon_core.verb:set package 'wamv_gazebo' build argument 'cmake_force_configure' from command line to 'False'
[0.339s] Level 5:colcon.colcon_core.verb:set package 'wamv_gazebo' build argument 'ament_cmake_args' from command line to 'None'
[0.339s] Level 5:colcon.colcon_core.verb:set package 'wamv_gazebo' build argument 'catkin_cmake_args' from command line to 'None'
[0.339s] Level 5:colcon.colcon_core.verb:set package 'wamv_gazebo' build argument 'catkin_skip_building_tests' from command line to 'False'
[0.339s] DEBUG:colcon.colcon_core.verb:Building package 'wamv_gazebo' with the following arguments: {'ament_cmake_args': None, 'build_base': '/home/user/data/drones_ship_ws/build/wamv_gazebo', 'catkin_cmake_args': None, 'catkin_skip_building_tests': False, 'cmake_args': None, 'cmake_clean_cache': False, 'cmake_clean_first': False, 'cmake_force_configure': False, 'cmake_target': None, 'cmake_target_skip_unavailable': False, 'install_base': '/home/user/data/drones_ship_ws/install/wamv_gazebo', 'merge_install': False, 'path': '/home/user/data/drones_ship_ws/src/drone_ship/vrx/vrx_urdf/wamv_gazebo', 'symlink_install': False, 'test_result_base': None}
[0.340s] INFO:colcon.colcon_core.executor:Executing jobs using 'parallel' executor
[0.341s] DEBUG:colcon.colcon_parallel_executor.executor.parallel:run_until_complete
[0.341s] INFO:colcon.colcon_ros.task.ament_cmake.build:Building ROS package in '/home/user/data/drones_ship_ws/src/drone_ship/vrx/vrx_urdf/vrx_gazebo' with build type 'ament_cmake'
[0.341s] INFO:colcon.colcon_cmake.task.cmake.build:Building CMake package in '/home/user/data/drones_ship_ws/src/drone_ship/vrx/vrx_urdf/vrx_gazebo'
[0.343s] INFO:colcon.colcon_core.plugin_system:Skipping extension 'colcon_core.shell.bat': Not used on non-Windows systems
[0.344s] INFO:colcon.colcon_core.shell:Skip shell extension 'powershell' for command environment: Not usable outside of PowerShell
[0.344s] DEBUG:colcon.colcon_core.shell:Skip shell extension 'dsv' for command environment
[0.350s] INFO:colcon.colcon_ros.task.ament_cmake.build:Building ROS package in '/home/user/data/drones_ship_ws/src/drone_ship/ros_gz_crazyflie/ros_gz_crazyflie_gazebo' with build type 'ament_cmake'
[0.350s] INFO:colcon.colcon_cmake.task.cmake.build:Building CMake package in '/home/user/data/drones_ship_ws/src/drone_ship/ros_gz_crazyflie/ros_gz_crazyflie_gazebo'
[0.350s] INFO:colcon.colcon_core.shell:Skip shell extension 'powershell' for command environment: Not usable outside of PowerShell
[0.350s] DEBUG:colcon.colcon_core.shell:Skip shell extension 'dsv' for command environment
[0.356s] INFO:colcon.colcon_ros.task.ament_cmake.build:Building ROS package in '/home/user/data/drones_ship_ws/src/drone_ship/vrx/vrx_ros' with build type 'ament_cmake'
[0.356s] INFO:colcon.colcon_cmake.task.cmake.build:Building CMake package in '/home/user/data/drones_ship_ws/src/drone_ship/vrx/vrx_ros'
[0.356s] INFO:colcon.colcon_core.shell:Skip shell extension 'powershell' for command environment: Not usable outside of PowerShell
[0.356s] DEBUG:colcon.colcon_core.shell:Skip shell extension 'dsv' for command environment
[0.361s] INFO:colcon.colcon_ros.task.ament_cmake.build:Building ROS package in '/home/user/data/drones_ship_ws/src/drone_ship/aquabot_ekf' with build type 'ament_cmake'
[0.361s] INFO:colcon.colcon_cmake.task.cmake.build:Building CMake package in '/home/user/data/drones_ship_ws/src/drone_ship/aquabot_ekf'
[0.361s] INFO:colcon.colcon_core.shell:Skip shell extension 'powershell' for command environment: Not usable outside of PowerShell
[0.361s] DEBUG:colcon.colcon_core.shell:Skip shell extension 'dsv' for command environment
[0.367s] INFO:colcon.colcon_ros.task.ament_cmake.build:Building ROS package in '/home/user/data/drones_ship_ws/src/drone_ship/aquabot_gz' with build type 'ament_cmake'
[0.367s] INFO:colcon.colcon_cmake.task.cmake.build:Building CMake package in '/home/user/data/drones_ship_ws/src/drone_ship/aquabot_gz'
[0.367s] INFO:colcon.colcon_core.shell:Skip shell extension 'powershell' for command environment: Not usable outside of PowerShell
[0.367s] DEBUG:colcon.colcon_core.shell:Skip shell extension 'dsv' for command environment
[0.373s] INFO:colcon.colcon_ros.task.ament_cmake.build:Building ROS package in '/home/user/data/drones_ship_ws/src/drone_ship/aquabot_motion' with build type 'ament_cmake'
[0.373s] INFO:colcon.colcon_cmake.task.cmake.build:Building CMake package in '/home/user/data/drones_ship_ws/src/drone_ship/aquabot_motion'
[0.373s] INFO:colcon.colcon_core.shell:Skip shell extension 'powershell' for command environment: Not usable outside of PowerShell
[0.373s] DEBUG:colcon.colcon_core.shell:Skip shell extension 'dsv' for command environment
[0.378s] INFO:colcon.colcon_ros.task.ament_cmake.build:Building ROS package in '/home/user/data/drones_ship_ws/src/drone_ship/crazyflie_control' with build type 'ament_cmake'
[0.379s] INFO:colcon.colcon_cmake.task.cmake.build:Building CMake package in '/home/user/data/drones_ship_ws/src/drone_ship/crazyflie_control'
[0.379s] INFO:colcon.colcon_core.shell:Skip shell extension 'powershell' for command environment: Not usable outside of PowerShell
[0.379s] DEBUG:colcon.colcon_core.shell:Skip shell extension 'dsv' for command environment
[0.384s] INFO:colcon.colcon_ros.task.ament_cmake.build:Building ROS package in '/home/user/data/drones_ship_ws/src/drone_ship/crazyflie_ekf' with build type 'ament_cmake'
[0.384s] INFO:colcon.colcon_cmake.task.cmake.build:Building CMake package in '/home/user/data/drones_ship_ws/src/drone_ship/crazyflie_ekf'
[0.384s] INFO:colcon.colcon_core.shell:Skip shell extension 'powershell' for command environment: Not usable outside of PowerShell
[0.384s] DEBUG:colcon.colcon_core.shell:Skip shell extension 'dsv' for command environment
[0.390s] INFO:colcon.colcon_ros.task.ament_cmake.build:Building ROS package in '/home/user/data/drones_ship_ws/src/drone_ship/crazyflie_yolo' with build type 'ament_cmake'
[0.390s] INFO:colcon.colcon_cmake.task.cmake.build:Building CMake package in '/home/user/data/drones_ship_ws/src/drone_ship/crazyflie_yolo'
[0.390s] INFO:colcon.colcon_core.shell:Skip shell extension 'powershell' for command environment: Not usable outside of PowerShell
[0.390s] DEBUG:colcon.colcon_core.shell:Skip shell extension 'dsv' for command environment
[0.396s] INFO:colcon.colcon_ros.task.ament_python.build:Building ROS package in '/home/user/data/drones_ship_ws/src/drone_ship/ros_gz_crazyflie/ros_gz_crazyflie_control' with build type 'ament_python'
[0.396s] Level 1:colcon.colcon_core.shell:create_environment_hook('ros_gz_crazyflie_control', 'ament_prefix_path')
[0.396s] INFO:colcon.colcon_core.shell:Creating environment hook '/home/user/data/drones_ship_ws/install/ros_gz_crazyflie_control/share/ros_gz_crazyflie_control/hook/ament_prefix_path.ps1'
[0.396s] INFO:colcon.colcon_core.shell:Creating environment descriptor '/home/user/data/drones_ship_ws/install/ros_gz_crazyflie_control/share/ros_gz_crazyflie_control/hook/ament_prefix_path.dsv'
[0.397s] INFO:colcon.colcon_core.shell:Creating environment hook '/home/user/data/drones_ship_ws/install/ros_gz_crazyflie_control/share/ros_gz_crazyflie_control/hook/ament_prefix_path.sh'
[0.397s] INFO:colcon.colcon_core.shell:Skip shell extension 'powershell' for command environment: Not usable outside of PowerShell
[0.397s] DEBUG:colcon.colcon_core.shell:Skip shell extension 'dsv' for command environment
[0.408s] DEBUG:colcon.colcon_core.event_handler.log_command:Invoking command in '/home/user/data/drones_ship_ws/build/vrx_gazebo': CMAKE_PREFIX_PATH=${CMAKE_PREFIX_PATH}:/home/user/data/drones_ship_ws/install/ros_gz_crazyflie_control:/opt/ros/jazzy DEBUGINFOD_URLS=https://debuginfod.ubuntu.com /usr/bin/cmake --build /home/user/data/drones_ship_ws/build/vrx_gazebo -- -j20 -l20
[0.410s] DEBUG:colcon.colcon_core.event_handler.log_command:Invoking command in '/home/user/data/drones_ship_ws/build/ros_gz_crazyflie_gazebo': CMAKE_PREFIX_PATH=${CMAKE_PREFIX_PATH}:/home/user/data/drones_ship_ws/install/ros_gz_crazyflie_control:/opt/ros/jazzy DEBUGINFOD_URLS=https://debuginfod.ubuntu.com /usr/bin/cmake --build /home/user/data/drones_ship_ws/build/ros_gz_crazyflie_gazebo -- -j20 -l20
[0.412s] DEBUG:colcon.colcon_core.event_handler.log_command:Invoking command in '/home/user/data/drones_ship_ws/build/vrx_ros': CMAKE_PREFIX_PATH=${CMAKE_PREFIX_PATH}:/home/user/data/drones_ship_ws/install/ros_gz_crazyflie_control:/opt/ros/jazzy DEBUGINFOD_URLS=https://debuginfod.ubuntu.com /usr/bin/cmake --build /home/user/data/drones_ship_ws/build/vrx_ros -- -j20 -l20
[0.414s] DEBUG:colcon.colcon_core.event_handler.log_command:Invoking command in '/home/user/data/drones_ship_ws/build/aquabot_ekf': CMAKE_PREFIX_PATH=${CMAKE_PREFIX_PATH}:/home/user/data/drones_ship_ws/install/ros_gz_crazyflie_control:/opt/ros/jazzy DEBUGINFOD_URLS=https://debuginfod.ubuntu.com /usr/bin/cmake --build /home/user/data/drones_ship_ws/build/aquabot_ekf -- -j20 -l20
[0.416s] DEBUG:colcon.colcon_core.event_handler.log_command:Invoking command in '/home/user/data/drones_ship_ws/build/aquabot_gz': CMAKE_PREFIX_PATH=${CMAKE_PREFIX_PATH}:/home/user/data/drones_ship_ws/install/ros_gz_crazyflie_control:/opt/ros/jazzy DEBUGINFOD_URLS=https://debuginfod.ubuntu.com /usr/bin/cmake --build /home/user/data/drones_ship_ws/build/aquabot_gz -- -j20 -l20
[0.439s] DEBUG:colcon.colcon_core.event_handler.log_command:Invoking command in '/home/user/data/drones_ship_ws/build/aquabot_motion': CMAKE_PREFIX_PATH=${CMAKE_PREFIX_PATH}:/home/user/data/drones_ship_ws/install/ros_gz_crazyflie_control:/opt/ros/jazzy DEBUGINFOD_URLS=https://debuginfod.ubuntu.com /usr/bin/cmake --build /home/user/data/drones_ship_ws/build/aquabot_motion -- -j20 -l20
[0.442s] DEBUG:colcon.colcon_core.event_handler.log_command:Invoking command in '/home/user/data/drones_ship_ws/build/crazyflie_control': CMAKE_PREFIX_PATH=${CMAKE_PREFIX_PATH}:/home/user/data/drones_ship_ws/install/ros_gz_crazyflie_control:/opt/ros/jazzy DEBUGINFOD_URLS=https://debuginfod.ubuntu.com /usr/bin/cmake --build /home/user/data/drones_ship_ws/build/crazyflie_control -- -j20 -l20
[0.445s] DEBUG:colcon.colcon_core.event_handler.log_command:Invoking command in '/home/user/data/drones_ship_ws/build/crazyflie_ekf': CMAKE_PREFIX_PATH=${CMAKE_PREFIX_PATH}:/home/user/data/drones_ship_ws/install/ros_gz_crazyflie_control:/opt/ros/jazzy DEBUGINFOD_URLS=https://debuginfod.ubuntu.com /usr/bin/cmake --build /home/user/data/drones_ship_ws/build/crazyflie_ekf -- -j20 -l20
[0.447s] DEBUG:colcon.colcon_core.event_handler.log_command:Invoking command in '/home/user/data/drones_ship_ws/build/crazyflie_yolo': CMAKE_PREFIX_PATH=${CMAKE_PREFIX_PATH}:/home/user/data/drones_ship_ws/install/ros_gz_crazyflie_control:/opt/ros/jazzy DEBUGINFOD_URLS=https://debuginfod.ubuntu.com /usr/bin/cmake --build /home/user/data/drones_ship_ws/build/crazyflie_yolo -- -j20 -l20
[0.658s] INFO:colcon.colcon_core.task.python.build:Building Python package in '/home/user/data/drones_ship_ws/src/drone_ship/ros_gz_crazyflie/ros_gz_crazyflie_control'
[0.658s] INFO:colcon.colcon_core.shell:Skip shell extension 'powershell' for command environment: Not usable outside of PowerShell
[0.658s] DEBUG:colcon.colcon_core.shell:Skip shell extension 'dsv' for command environment
[0.663s] DEBUG:colcon.colcon_core.event_handler.log_command:Invoked command in '/home/user/data/drones_ship_ws/build/ros_gz_crazyflie_gazebo' returned '0': CMAKE_PREFIX_PATH=${CMAKE_PREFIX_PATH}:/home/user/data/drones_ship_ws/install/ros_gz_crazyflie_control:/opt/ros/jazzy DEBUGINFOD_URLS=https://debuginfod.ubuntu.com /usr/bin/cmake --build /home/user/data/drones_ship_ws/build/ros_gz_crazyflie_gazebo -- -j20 -l20
[0.676s] DEBUG:colcon.colcon_core.event_handler.log_command:Invoking command in '/home/user/data/drones_ship_ws/build/ros_gz_crazyflie_gazebo': CMAKE_PREFIX_PATH=${CMAKE_PREFIX_PATH}:/home/user/data/drones_ship_ws/install/ros_gz_crazyflie_control:/opt/ros/jazzy DEBUGINFOD_URLS=https://debuginfod.ubuntu.com /usr/bin/cmake --install /home/user/data/drones_ship_ws/build/ros_gz_crazyflie_gazebo
[0.676s] DEBUG:colcon.colcon_core.event_handler.log_command:Invoked command in '/home/user/data/drones_ship_ws/build/aquabot_ekf' returned '0': CMAKE_PREFIX_PATH=${CMAKE_PREFIX_PATH}:/home/user/data/drones_ship_ws/install/ros_gz_crazyflie_control:/opt/ros/jazzy DEBUGINFOD_URLS=https://debuginfod.ubuntu.com /usr/bin/cmake --build /home/user/data/drones_ship_ws/build/aquabot_ekf -- -j20 -l20
[0.677s] DEBUG:colcon.colcon_core.event_handler.log_command:Invoking command in '/home/user/data/drones_ship_ws/build/aquabot_ekf': CMAKE_PREFIX_PATH=${CMAKE_PREFIX_PATH}:/home/user/data/drones_ship_ws/install/ros_gz_crazyflie_control:/opt/ros/jazzy DEBUGINFOD_URLS=https://debuginfod.ubuntu.com /usr/bin/cmake --install /home/user/data/drones_ship_ws/build/aquabot_ekf
[0.678s] DEBUG:colcon.colcon_core.event_handler.log_command:Invoked command in '/home/user/data/drones_ship_ws/build/aquabot_motion' returned '0': CMAKE_PREFIX_PATH=${CMAKE_PREFIX_PATH}:/home/user/data/drones_ship_ws/install/ros_gz_crazyflie_control:/opt/ros/jazzy DEBUGINFOD_URLS=https://debuginfod.ubuntu.com /usr/bin/cmake --build /home/user/data/drones_ship_ws/build/aquabot_motion -- -j20 -l20
[0.678s] DEBUG:colcon.colcon_core.event_handler.log_command:Invoking command in '/home/user/data/drones_ship_ws/build/aquabot_motion': CMAKE_PREFIX_PATH=${CMAKE_PREFIX_PATH}:/home/user/data/drones_ship_ws/install/ros_gz_crazyflie_control:/opt/ros/jazzy DEBUGINFOD_URLS=https://debuginfod.ubuntu.com /usr/bin/cmake --install /home/user/data/drones_ship_ws/build/aquabot_motion
[0.679s] DEBUG:colcon.colcon_core.event_handler.log_command:Invoked command in '/home/user/data/drones_ship_ws/build/crazyflie_control' returned '0': CMAKE_PREFIX_PATH=${CMAKE_PREFIX_PATH}:/home/user/data/drones_ship_ws/install/ros_gz_crazyflie_control:/opt/ros/jazzy DEBUGINFOD_URLS=https://debuginfod.ubuntu.com /usr/bin/cmake --build /home/user/data/drones_ship_ws/build/crazyflie_control -- -j20 -l20
[0.680s] DEBUG:colcon.colcon_core.event_handler.log_command:Invoking command in '/home/user/data/drones_ship_ws/build/crazyflie_control': CMAKE_PREFIX_PATH=${CMAKE_PREFIX_PATH}:/home/user/data/drones_ship_ws/install/ros_gz_crazyflie_control:/opt/ros/jazzy DEBUGINFOD_URLS=https://debuginfod.ubuntu.com /usr/bin/cmake --install /home/user/data/drones_ship_ws/build/crazyflie_control
[0.680s] DEBUG:colcon.colcon_core.event_handler.log_command:Invoked command in '/home/user/data/drones_ship_ws/build/vrx_ros' returned '0': CMAKE_PREFIX_PATH=${CMAKE_PREFIX_PATH}:/home/user/data/drones_ship_ws/install/ros_gz_crazyflie_control:/opt/ros/jazzy DEBUGINFOD_URLS=https://debuginfod.ubuntu.com /usr/bin/cmake --build /home/user/data/drones_ship_ws/build/vrx_ros -- -j20 -l20
[0.681s] DEBUG:colcon.colcon_core.event_handler.log_command:Invoking command in '/home/user/data/drones_ship_ws/build/vrx_ros': CMAKE_PREFIX_PATH=${CMAKE_PREFIX_PATH}:/home/user/data/drones_ship_ws/install/ros_gz_crazyflie_control:/opt/ros/jazzy DEBUGINFOD_URLS=https://debuginfod.ubuntu.com /usr/bin/cmake --install /home/user/data/drones_ship_ws/build/vrx_ros
[0.681s] DEBUG:colcon.colcon_core.event_handler.log_command:Invoked command in '/home/user/data/drones_ship_ws/build/crazyflie_ekf' returned '0': CMAKE_PREFIX_PATH=${CMAKE_PREFIX_PATH}:/home/user/data/drones_ship_ws/install/ros_gz_crazyflie_control:/opt/ros/jazzy DEBUGINFOD_URLS=https://debuginfod.ubuntu.com /usr/bin/cmake --build /home/user/data/drones_ship_ws/build/crazyflie_ekf -- -j20 -l20
[0.682s] DEBUG:colcon.colcon_core.event_handler.log_command:Invoking command in '/home/user/data/drones_ship_ws/build/crazyflie_ekf': CMAKE_PREFIX_PATH=${CMAKE_PREFIX_PATH}:/home/user/data/drones_ship_ws/install/ros_gz_crazyflie_control:/opt/ros/jazzy DEBUGINFOD_URLS=https://debuginfod.ubuntu.com /usr/bin/cmake --install /home/user/data/drones_ship_ws/build/crazyflie_ekf
[0.682s] DEBUG:colcon.colcon_core.event_handler.log_command:Invoked command in '/home/user/data/drones_ship_ws/build/aquabot_gz' returned '0': CMAKE_PREFIX_PATH=${CMAKE_PREFIX_PATH}:/home/user/data/drones_ship_ws/install/ros_gz_crazyflie_control:/opt/ros/jazzy DEBUGINFOD_URLS=https://debuginfod.ubuntu.com /usr/bin/cmake --build /home/user/data/drones_ship_ws/build/aquabot_gz -- -j20 -l20
[0.683s] DEBUG:colcon.colcon_core.event_handler.log_command:Invoking command in '/home/user/data/drones_ship_ws/build/aquabot_gz': CMAKE_PREFIX_PATH=${CMAKE_PREFIX_PATH}:/home/user/data/drones_ship_ws/install/ros_gz_crazyflie_control:/opt/ros/jazzy DEBUGINFOD_URLS=https://debuginfod.ubuntu.com /usr/bin/cmake --install /home/user/data/drones_ship_ws/build/aquabot_gz
[0.694s] Level 1:colcon.colcon_core.environment:create_environment_scripts_only(crazyflie_control)
[0.699s] DEBUG:colcon.colcon_core.event_handler.log_command:Invoked command in '/home/user/data/drones_ship_ws/build/crazyflie_control' returned '0': CMAKE_PREFIX_PATH=${CMAKE_PREFIX_PATH}:/home/user/data/drones_ship_ws/install/ros_gz_crazyflie_control:/opt/ros/jazzy DEBUGINFOD_URLS=https://debuginfod.ubuntu.com /usr/bin/cmake --install /home/user/data/drones_ship_ws/build/crazyflie_control
[0.731s] Level 1:colcon.colcon_core.environment:checking '/home/user/data/drones_ship_ws/install/crazyflie_control' for CMake module files
[0.739s] Level 1:colcon.colcon_core.environment:checking '/home/user/data/drones_ship_ws/install/crazyflie_control' for CMake config files
[0.757s] Level 1:colcon.colcon_core.shell:create_environment_hook('crazyflie_control', 'cmake_prefix_path')
[0.758s] INFO:colcon.colcon_core.shell:Creating environment hook '/home/user/data/drones_ship_ws/install/crazyflie_control/share/crazyflie_control/hook/cmake_prefix_path.ps1'
[0.764s] INFO:colcon.colcon_core.shell:Creating environment descriptor '/home/user/data/drones_ship_ws/install/crazyflie_control/share/crazyflie_control/hook/cmake_prefix_path.dsv'
[0.769s] INFO:colcon.colcon_core.shell:Creating environment hook '/home/user/data/drones_ship_ws/install/crazyflie_control/share/crazyflie_control/hook/cmake_prefix_path.sh'
[0.777s] Level 1:colcon.colcon_core.environment:checking '/home/user/data/drones_ship_ws/install/crazyflie_control/lib'
[0.779s] Level 1:colcon.colcon_core.environment:checking '/home/user/data/drones_ship_ws/install/crazyflie_control/bin'
[0.779s] Level 1:colcon.colcon_core.environment:checking '/home/user/data/drones_ship_ws/install/crazyflie_control/lib/pkgconfig/crazyflie_control.pc'
[0.780s] Level 1:colcon.colcon_core.environment:checking '/home/user/data/drones_ship_ws/install/crazyflie_control/lib/python3.12/site-packages'
[0.780s] Level 1:colcon.colcon_core.environment:checking '/home/user/data/drones_ship_ws/install/crazyflie_control/bin'
[0.780s] INFO:colcon.colcon_core.shell:Creating package script '/home/user/data/drones_ship_ws/install/crazyflie_control/share/crazyflie_control/package.ps1'
[0.781s] INFO:colcon.colcon_core.shell:Creating package descriptor '/home/user/data/drones_ship_ws/install/crazyflie_control/share/crazyflie_control/package.dsv'
[0.781s] INFO:colcon.colcon_core.shell:Creating package script '/home/user/data/drones_ship_ws/install/crazyflie_control/share/crazyflie_control/package.sh'
[0.782s] INFO:colcon.colcon_core.shell:Creating package script '/home/user/data/drones_ship_ws/install/crazyflie_control/share/crazyflie_control/package.bash'
[0.783s] INFO:colcon.colcon_core.shell:Creating package script '/home/user/data/drones_ship_ws/install/crazyflie_control/share/crazyflie_control/package.zsh'
[0.783s] Level 1:colcon.colcon_core.environment:create_file_with_runtime_dependencies(/home/user/data/drones_ship_ws/install/crazyflie_control/share/colcon-core/packages/crazyflie_control)
[0.784s] Level 1:colcon.colcon_core.environment:create_environment_scripts_only(crazyflie_control)
[0.784s] Level 1:colcon.colcon_core.environment:checking '/home/user/data/drones_ship_ws/install/crazyflie_control' for CMake module files
[0.785s] Level 1:colcon.colcon_core.environment:checking '/home/user/data/drones_ship_ws/install/crazyflie_control' for CMake config files
[0.785s] Level 1:colcon.colcon_core.shell:create_environment_hook('crazyflie_control', 'cmake_prefix_path')
[0.785s] INFO:colcon.colcon_core.shell:Creating environment hook '/home/user/data/drones_ship_ws/install/crazyflie_control/share/crazyflie_control/hook/cmake_prefix_path.ps1'
[0.786s] INFO:colcon.colcon_core.shell:Creating environment descriptor '/home/user/data/drones_ship_ws/install/crazyflie_control/share/crazyflie_control/hook/cmake_prefix_path.dsv'
[0.786s] INFO:colcon.colcon_core.shell:Creating environment hook '/home/user/data/drones_ship_ws/install/crazyflie_control/share/crazyflie_control/hook/cmake_prefix_path.sh'
[0.787s] Level 1:colcon.colcon_core.environment:checking '/home/user/data/drones_ship_ws/install/crazyflie_control/lib'
[0.787s] Level 1:colcon.colcon_core.environment:checking '/home/user/data/drones_ship_ws/install/crazyflie_control/bin'
[0.787s] Level 1:colcon.colcon_core.environment:checking '/home/user/data/drones_ship_ws/install/crazyflie_control/lib/pkgconfig/crazyflie_control.pc'
[0.787s] Level 1:colcon.colcon_core.environment:checking '/home/user/data/drones_ship_ws/install/crazyflie_control/lib/python3.12/site-packages'
[0.787s] Level 1:colcon.colcon_core.environment:checking '/home/user/data/drones_ship_ws/install/crazyflie_control/bin'
[0.787s] INFO:colcon.colcon_core.shell:Creating package script '/home/user/data/drones_ship_ws/install/crazyflie_control/share/crazyflie_control/package.ps1'
[0.788s] INFO:colcon.colcon_core.shell:Creating package descriptor '/home/user/data/drones_ship_ws/install/crazyflie_control/share/crazyflie_control/package.dsv'
[0.788s] INFO:colcon.colcon_core.shell:Creating package script '/home/user/data/drones_ship_ws/install/crazyflie_control/share/crazyflie_control/package.sh'
[0.789s] INFO:colcon.colcon_core.shell:Creating package script '/home/user/data/drones_ship_ws/install/crazyflie_control/share/crazyflie_control/package.bash'
[0.789s] INFO:colcon.colcon_core.shell:Creating package script '/home/user/data/drones_ship_ws/install/crazyflie_control/share/crazyflie_control/package.zsh'
[0.789s] Level 1:colcon.colcon_core.environment:create_file_with_runtime_dependencies(/home/user/data/drones_ship_ws/install/crazyflie_control/share/colcon-core/packages/crazyflie_control)
[0.790s] Level 1:colcon.colcon_core.environment:create_environment_scripts_only(vrx_ros)
[0.790s] Level 1:colcon.colcon_core.environment:checking '/home/user/data/drones_ship_ws/install/vrx_ros' for CMake module files
[0.791s] Level 1:colcon.colcon_core.environment:checking '/home/user/data/drones_ship_ws/install/vrx_ros' for CMake config files
[0.791s] DEBUG:colcon.colcon_core.event_handler.log_command:Invoked command in '/home/user/data/drones_ship_ws/build/vrx_ros' returned '0': CMAKE_PREFIX_PATH=${CMAKE_PREFIX_PATH}:/home/user/data/drones_ship_ws/install/ros_gz_crazyflie_control:/opt/ros/jazzy DEBUGINFOD_URLS=https://debuginfod.ubuntu.com /usr/bin/cmake --install /home/user/data/drones_ship_ws/build/vrx_ros
[0.791s] Level 1:colcon.colcon_core.shell:create_environment_hook('vrx_ros', 'cmake_prefix_path')
[0.792s] INFO:colcon.colcon_core.shell:Creating environment hook '/home/user/data/drones_ship_ws/install/vrx_ros/share/vrx_ros/hook/cmake_prefix_path.ps1'
[0.792s] INFO:colcon.colcon_core.shell:Creating environment descriptor '/home/user/data/drones_ship_ws/install/vrx_ros/share/vrx_ros/hook/cmake_prefix_path.dsv'
[0.792s] INFO:colcon.colcon_core.shell:Creating environment hook '/home/user/data/drones_ship_ws/install/vrx_ros/share/vrx_ros/hook/cmake_prefix_path.sh'
[0.793s] Level 1:colcon.colcon_core.environment:checking '/home/user/data/drones_ship_ws/install/vrx_ros/lib'
[0.793s] Level 1:colcon.colcon_core.environment:checking '/home/user/data/drones_ship_ws/install/vrx_ros/bin'
[0.793s] Level 1:colcon.colcon_core.environment:checking '/home/user/data/drones_ship_ws/install/vrx_ros/lib/pkgconfig/vrx_ros.pc'
[0.794s] Level 1:colcon.colcon_core.environment:checking '/home/user/data/drones_ship_ws/install/vrx_ros/lib/python3.12/site-packages'
[0.794s] Level 1:colcon.colcon_core.environment:checking '/home/user/data/drones_ship_ws/install/vrx_ros/bin'
[0.794s] INFO:colcon.colcon_core.shell:Creating package script '/home/user/data/drones_ship_ws/install/vrx_ros/share/vrx_ros/package.ps1'
[0.794s] INFO:colcon.colcon_core.shell:Creating package descriptor '/home/user/data/drones_ship_ws/install/vrx_ros/share/vrx_ros/package.dsv'
[0.795s] INFO:colcon.colcon_core.shell:Creating package script '/home/user/data/drones_ship_ws/install/vrx_ros/share/vrx_ros/package.sh'
[0.795s] INFO:colcon.colcon_core.shell:Creating package script '/home/user/data/drones_ship_ws/install/vrx_ros/share/vrx_ros/package.bash'
[0.796s] INFO:colcon.colcon_core.shell:Creating package script '/home/user/data/drones_ship_ws/install/vrx_ros/share/vrx_ros/package.zsh'
[0.796s] Level 1:colcon.colcon_core.environment:create_file_with_runtime_dependencies(/home/user/data/drones_ship_ws/install/vrx_ros/share/colcon-core/packages/vrx_ros)
[0.797s] Level 1:colcon.colcon_core.environment:create_environment_scripts_only(vrx_ros)
[0.797s] Level 1:colcon.colcon_core.environment:checking '/home/user/data/drones_ship_ws/install/vrx_ros' for CMake module files
[0.798s] Level 1:colcon.colcon_core.environment:checking '/home/user/data/drones_ship_ws/install/vrx_ros' for CMake config files
[0.798s] Level 1:colcon.colcon_core.shell:create_environment_hook('vrx_ros', 'cmake_prefix_path')
[0.798s] INFO:colcon.colcon_core.shell:Creating environment hook '/home/user/data/drones_ship_ws/install/vrx_ros/share/vrx_ros/hook/cmake_prefix_path.ps1'
[0.799s] INFO:colcon.colcon_core.shell:Creating environment descriptor '/home/user/data/drones_ship_ws/install/vrx_ros/share/vrx_ros/hook/cmake_prefix_path.dsv'
[0.799s] INFO:colcon.colcon_core.shell:Creating environment hook '/home/user/data/drones_ship_ws/install/vrx_ros/share/vrx_ros/hook/cmake_prefix_path.sh'
[0.800s] Level 1:colcon.colcon_core.environment:checking '/home/user/data/drones_ship_ws/install/vrx_ros/lib'
[0.800s] Level 1:colcon.colcon_core.environment:checking '/home/user/data/drones_ship_ws/install/vrx_ros/bin'
[0.800s] Level 1:colcon.colcon_core.environment:checking '/home/user/data/drones_ship_ws/install/vrx_ros/lib/pkgconfig/vrx_ros.pc'
[0.800s] Level 1:colcon.colcon_core.environment:checking '/home/user/data/drones_ship_ws/install/vrx_ros/lib/python3.12/site-packages'
[0.800s] Level 1:colcon.colcon_core.environment:checking '/home/user/data/drones_ship_ws/install/vrx_ros/bin'
[0.800s] INFO:colcon.colcon_core.shell:Creating package script '/home/user/data/drones_ship_ws/install/vrx_ros/share/vrx_ros/package.ps1'
[0.801s] INFO:colcon.colcon_core.shell:Creating package descriptor '/home/user/data/drones_ship_ws/install/vrx_ros/share/vrx_ros/package.dsv'
[0.801s] INFO:colcon.colcon_core.shell:Creating package script '/home/user/data/drones_ship_ws/install/vrx_ros/share/vrx_ros/package.sh'
[0.802s] INFO:colcon.colcon_core.shell:Creating package script '/home/user/data/drones_ship_ws/install/vrx_ros/share/vrx_ros/package.bash'
[0.802s] INFO:colcon.colcon_core.shell:Creating package script '/home/user/data/drones_ship_ws/install/vrx_ros/share/vrx_ros/package.zsh'
[0.802s] Level 1:colcon.colcon_core.environment:create_file_with_runtime_dependencies(/home/user/data/drones_ship_ws/install/vrx_ros/share/colcon-core/packages/vrx_ros)
[0.803s] INFO:colcon.colcon_ros.task.ament_cmake.build:Building ROS package in '/home/user/data/drones_ship_ws/src/drone_ship/vrx/vrx_gz' with build type 'ament_cmake'
[0.803s] INFO:colcon.colcon_cmake.task.cmake.build:Building CMake package in '/home/user/data/drones_ship_ws/src/drone_ship/vrx/vrx_gz'
[0.803s] INFO:colcon.colcon_core.shell:Skip shell extension 'powershell' for command environment: Not usable outside of PowerShell
[0.803s] DEBUG:colcon.colcon_core.shell:Skip shell extension 'dsv' for command environment
[0.811s] Level 1:colcon.colcon_core.environment:create_environment_scripts_only(crazyflie_ekf)
[0.811s] Level 1:colcon.colcon_core.environment:checking '/home/user/data/drones_ship_ws/install/crazyflie_ekf' for CMake module files
[0.812s] DEBUG:colcon.colcon_core.event_handler.log_command:Invoked command in '/home/user/data/drones_ship_ws/build/crazyflie_ekf' returned '0': CMAKE_PREFIX_PATH=${CMAKE_PREFIX_PATH}:/home/user/data/drones_ship_ws/install/ros_gz_crazyflie_control:/opt/ros/jazzy DEBUGINFOD_URLS=https://debuginfod.ubuntu.com /usr/bin/cmake --install /home/user/data/drones_ship_ws/build/crazyflie_ekf
[0.812s] Level 1:colcon.colcon_core.environment:checking '/home/user/data/drones_ship_ws/install/crazyflie_ekf' for CMake config files
[0.813s] Level 1:colcon.colcon_core.shell:create_environment_hook('crazyflie_ekf', 'cmake_prefix_path')
[0.813s] INFO:colcon.colcon_core.shell:Creating environment hook '/home/user/data/drones_ship_ws/install/crazyflie_ekf/share/crazyflie_ekf/hook/cmake_prefix_path.ps1'
[0.813s] INFO:colcon.colcon_core.shell:Creating environment descriptor '/home/user/data/drones_ship_ws/install/crazyflie_ekf/share/crazyflie_ekf/hook/cmake_prefix_path.dsv'
[0.814s] INFO:colcon.colcon_core.shell:Creating environment hook '/home/user/data/drones_ship_ws/install/crazyflie_ekf/share/crazyflie_ekf/hook/cmake_prefix_path.sh'
[0.814s] Level 1:colcon.colcon_core.environment:checking '/home/user/data/drones_ship_ws/install/crazyflie_ekf/lib'
[0.814s] Level 1:colcon.colcon_core.environment:checking '/home/user/data/drones_ship_ws/install/crazyflie_ekf/bin'
[0.814s] Level 1:colcon.colcon_core.environment:checking '/home/user/data/drones_ship_ws/install/crazyflie_ekf/lib/pkgconfig/crazyflie_ekf.pc'
[0.815s] Level 1:colcon.colcon_core.environment:checking '/home/user/data/drones_ship_ws/install/crazyflie_ekf/lib/python3.12/site-packages'
[0.815s] Level 1:colcon.colcon_core.environment:checking '/home/user/data/drones_ship_ws/install/crazyflie_ekf/bin'
[0.815s] INFO:colcon.colcon_core.shell:Creating package script '/home/user/data/drones_ship_ws/install/crazyflie_ekf/share/crazyflie_ekf/package.ps1'
[0.815s] INFO:colcon.colcon_core.shell:Creating package descriptor '/home/user/data/drones_ship_ws/install/crazyflie_ekf/share/crazyflie_ekf/package.dsv'
[0.816s] INFO:colcon.colcon_core.shell:Creating package script '/home/user/data/drones_ship_ws/install/crazyflie_ekf/share/crazyflie_ekf/package.sh'
[0.816s] INFO:colcon.colcon_core.shell:Creating package script '/home/user/data/drones_ship_ws/install/crazyflie_ekf/share/crazyflie_ekf/package.bash'
[0.817s] INFO:colcon.colcon_core.shell:Creating package script '/home/user/data/drones_ship_ws/install/crazyflie_ekf/share/crazyflie_ekf/package.zsh'
[0.817s] Level 1:colcon.colcon_core.environment:create_file_with_runtime_dependencies(/home/user/data/drones_ship_ws/install/crazyflie_ekf/share/colcon-core/packages/crazyflie_ekf)
[0.817s] Level 1:colcon.colcon_core.environment:create_environment_scripts_only(crazyflie_ekf)
[0.818s] Level 1:colcon.colcon_core.environment:checking '/home/user/data/drones_ship_ws/install/crazyflie_ekf' for CMake module files
[0.818s] Level 1:colcon.colcon_core.environment:checking '/home/user/data/drones_ship_ws/install/crazyflie_ekf' for CMake config files
[0.819s] Level 1:colcon.colcon_core.shell:create_environment_hook('crazyflie_ekf', 'cmake_prefix_path')
[0.819s] INFO:colcon.colcon_core.shell:Creating environment hook '/home/user/data/drones_ship_ws/install/crazyflie_ekf/share/crazyflie_ekf/hook/cmake_prefix_path.ps1'
[0.819s] INFO:colcon.colcon_core.shell:Creating environment descriptor '/home/user/data/drones_ship_ws/install/crazyflie_ekf/share/crazyflie_ekf/hook/cmake_prefix_path.dsv'
[0.820s] INFO:colcon.colcon_core.shell:Creating environment hook '/home/user/data/drones_ship_ws/install/crazyflie_ekf/share/crazyflie_ekf/hook/cmake_prefix_path.sh'
[0.820s] Level 1:colcon.colcon_core.environment:checking '/home/user/data/drones_ship_ws/install/crazyflie_ekf/lib'
[0.820s] Level 1:colcon.colcon_core.environment:checking '/home/user/data/drones_ship_ws/install/crazyflie_ekf/bin'
[0.820s] Level 1:colcon.colcon_core.environment:checking '/home/user/data/drones_ship_ws/install/crazyflie_ekf/lib/pkgconfig/crazyflie_ekf.pc'
[0.821s] Level 1:colcon.colcon_core.environment:checking '/home/user/data/drones_ship_ws/install/crazyflie_ekf/lib/python3.12/site-packages'
[0.821s] Level 1:colcon.colcon_core.environment:checking '/home/user/data/drones_ship_ws/install/crazyflie_ekf/bin'
[0.821s] INFO:colcon.colcon_core.shell:Creating package script '/home/user/data/drones_ship_ws/install/crazyflie_ekf/share/crazyflie_ekf/package.ps1'
[0.821s] INFO:colcon.colcon_core.shell:Creating package descriptor '/home/user/data/drones_ship_ws/install/crazyflie_ekf/share/crazyflie_ekf/package.dsv'
[0.822s] INFO:colcon.colcon_core.shell:Creating package script '/home/user/data/drones_ship_ws/install/crazyflie_ekf/share/crazyflie_ekf/package.sh'
[0.822s] INFO:colcon.colcon_core.shell:Creating package script '/home/user/data/drones_ship_ws/install/crazyflie_ekf/share/crazyflie_ekf/package.bash'
[0.823s] INFO:colcon.colcon_core.shell:Creating package script '/home/user/data/drones_ship_ws/install/crazyflie_ekf/share/crazyflie_ekf/package.zsh'
[0.823s] Level 1:colcon.colcon_core.environment:create_file_with_runtime_dependencies(/home/user/data/drones_ship_ws/install/crazyflie_ekf/share/colcon-core/packages/crazyflie_ekf)
[0.823s] Level 1:colcon.colcon_core.environment:create_environment_scripts_only(ros_gz_crazyflie_gazebo)
[0.824s] Level 1:colcon.colcon_core.environment:checking '/home/user/data/drones_ship_ws/install/ros_gz_crazyflie_gazebo' for CMake module files
[0.824s] Level 1:colcon.colcon_core.environment:checking '/home/user/data/drones_ship_ws/install/ros_gz_crazyflie_gazebo' for CMake config files
[0.825s] DEBUG:colcon.colcon_core.event_handler.log_command:Invoked command in '/home/user/data/drones_ship_ws/build/ros_gz_crazyflie_gazebo' returned '0': CMAKE_PREFIX_PATH=${CMAKE_PREFIX_PATH}:/home/user/data/drones_ship_ws/install/ros_gz_crazyflie_control:/opt/ros/jazzy DEBUGINFOD_URLS=https://debuginfod.ubuntu.com /usr/bin/cmake --install /home/user/data/drones_ship_ws/build/ros_gz_crazyflie_gazebo
[0.825s] Level 1:colcon.colcon_core.shell:create_environment_hook('ros_gz_crazyflie_gazebo', 'cmake_prefix_path')
[0.825s] INFO:colcon.colcon_core.shell:Creating environment hook '/home/user/data/drones_ship_ws/install/ros_gz_crazyflie_gazebo/share/ros_gz_crazyflie_gazebo/hook/cmake_prefix_path.ps1'
[0.826s] INFO:colcon.colcon_core.shell:Creating environment descriptor '/home/user/data/drones_ship_ws/install/ros_gz_crazyflie_gazebo/share/ros_gz_crazyflie_gazebo/hook/cmake_prefix_path.dsv'
[0.826s] INFO:colcon.colcon_core.shell:Creating environment hook '/home/user/data/drones_ship_ws/install/ros_gz_crazyflie_gazebo/share/ros_gz_crazyflie_gazebo/hook/cmake_prefix_path.sh'
[0.827s] Level 1:colcon.colcon_core.environment:checking '/home/user/data/drones_ship_ws/install/ros_gz_crazyflie_gazebo/bin'
[0.827s] Level 1:colcon.colcon_core.environment:checking '/home/user/data/drones_ship_ws/install/ros_gz_crazyflie_gazebo/lib/pkgconfig/ros_gz_crazyflie_gazebo.pc'
[0.827s] Level 1:colcon.colcon_core.environment:checking '/home/user/data/drones_ship_ws/install/ros_gz_crazyflie_gazebo/lib/python3.12/site-packages'
[0.827s] Level 1:colcon.colcon_core.environment:checking '/home/user/data/drones_ship_ws/install/ros_gz_crazyflie_gazebo/bin'
[0.827s] INFO:colcon.colcon_core.shell:Creating package script '/home/user/data/drones_ship_ws/install/ros_gz_crazyflie_gazebo/share/ros_gz_crazyflie_gazebo/package.ps1'
[0.828s] INFO:colcon.colcon_core.shell:Creating package descriptor '/home/user/data/drones_ship_ws/install/ros_gz_crazyflie_gazebo/share/ros_gz_crazyflie_gazebo/package.dsv'
[0.828s] INFO:colcon.colcon_core.shell:Creating package script '/home/user/data/drones_ship_ws/install/ros_gz_crazyflie_gazebo/share/ros_gz_crazyflie_gazebo/package.sh'
[0.829s] INFO:colcon.colcon_core.shell:Creating package script '/home/user/data/drones_ship_ws/install/ros_gz_crazyflie_gazebo/share/ros_gz_crazyflie_gazebo/package.bash'
[0.829s] INFO:colcon.colcon_core.shell:Creating package script '/home/user/data/drones_ship_ws/install/ros_gz_crazyflie_gazebo/share/ros_gz_crazyflie_gazebo/package.zsh'
[0.829s] Level 1:colcon.colcon_core.environment:create_file_with_runtime_dependencies(/home/user/data/drones_ship_ws/install/ros_gz_crazyflie_gazebo/share/colcon-core/packages/ros_gz_crazyflie_gazebo)
[0.830s] Level 1:colcon.colcon_core.environment:create_environment_scripts_only(ros_gz_crazyflie_gazebo)
[0.830s] Level 1:colcon.colcon_core.environment:checking '/home/user/data/drones_ship_ws/install/ros_gz_crazyflie_gazebo' for CMake module files
[0.830s] Level 1:colcon.colcon_core.environment:checking '/home/user/data/drones_ship_ws/install/ros_gz_crazyflie_gazebo' for CMake config files
[0.831s] Level 1:colcon.colcon_core.shell:create_environment_hook('ros_gz_crazyflie_gazebo', 'cmake_prefix_path')
[0.831s] INFO:colcon.colcon_core.shell:Creating environment hook '/home/user/data/drones_ship_ws/install/ros_gz_crazyflie_gazebo/share/ros_gz_crazyflie_gazebo/hook/cmake_prefix_path.ps1'
[0.831s] INFO:colcon.colcon_core.shell:Creating environment descriptor '/home/user/data/drones_ship_ws/install/ros_gz_crazyflie_gazebo/share/ros_gz_crazyflie_gazebo/hook/cmake_prefix_path.dsv'
[0.832s] INFO:colcon.colcon_core.shell:Creating environment hook '/home/user/data/drones_ship_ws/install/ros_gz_crazyflie_gazebo/share/ros_gz_crazyflie_gazebo/hook/cmake_prefix_path.sh'
[0.832s] Level 1:colcon.colcon_core.environment:checking '/home/user/data/drones_ship_ws/install/ros_gz_crazyflie_gazebo/bin'
[0.832s] Level 1:colcon.colcon_core.environment:checking '/home/user/data/drones_ship_ws/install/ros_gz_crazyflie_gazebo/lib/pkgconfig/ros_gz_crazyflie_gazebo.pc'
[0.832s] Level 1:colcon.colcon_core.environment:checking '/home/user/data/drones_ship_ws/install/ros_gz_crazyflie_gazebo/lib/python3.12/site-packages'
[0.833s] Level 1:colcon.colcon_core.environment:checking '/home/user/data/drones_ship_ws/install/ros_gz_crazyflie_gazebo/bin'
[0.833s] INFO:colcon.colcon_core.shell:Creating package script '/home/user/data/drones_ship_ws/install/ros_gz_crazyflie_gazebo/share/ros_gz_crazyflie_gazebo/package.ps1'
[0.833s] INFO:colcon.colcon_core.shell:Creating package descriptor '/home/user/data/drones_ship_ws/install/ros_gz_crazyflie_gazebo/share/ros_gz_crazyflie_gazebo/package.dsv'
[0.834s] INFO:colcon.colcon_core.shell:Creating package script '/home/user/data/drones_ship_ws/install/ros_gz_crazyflie_gazebo/share/ros_gz_crazyflie_gazebo/package.sh'
[0.834s] INFO:colcon.colcon_core.shell:Creating package script '/home/user/data/drones_ship_ws/install/ros_gz_crazyflie_gazebo/share/ros_gz_crazyflie_gazebo/package.bash'
[0.835s] INFO:colcon.colcon_core.shell:Creating package script '/home/user/data/drones_ship_ws/install/ros_gz_crazyflie_gazebo/share/ros_gz_crazyflie_gazebo/package.zsh'
[0.835s] Level 1:colcon.colcon_core.environment:create_file_with_runtime_dependencies(/home/user/data/drones_ship_ws/install/ros_gz_crazyflie_gazebo/share/colcon-core/packages/ros_gz_crazyflie_gazebo)
[0.835s] Level 1:colcon.colcon_core.environment:create_environment_scripts_only(aquabot_ekf)
[0.835s] Level 1:colcon.colcon_core.environment:checking '/home/user/data/drones_ship_ws/install/aquabot_ekf' for CMake module files
[0.836s] Level 1:colcon.colcon_core.environment:checking '/home/user/data/drones_ship_ws/install/aquabot_ekf' for CMake config files
[0.836s] DEBUG:colcon.colcon_core.event_handler.log_command:Invoked command in '/home/user/data/drones_ship_ws/build/aquabot_ekf' returned '0': CMAKE_PREFIX_PATH=${CMAKE_PREFIX_PATH}:/home/user/data/drones_ship_ws/install/ros_gz_crazyflie_control:/opt/ros/jazzy DEBUGINFOD_URLS=https://debuginfod.ubuntu.com /usr/bin/cmake --install /home/user/data/drones_ship_ws/build/aquabot_ekf
[0.837s] Level 1:colcon.colcon_core.shell:create_environment_hook('aquabot_ekf', 'cmake_prefix_path')
[0.837s] INFO:colcon.colcon_core.shell:Creating environment hook '/home/user/data/drones_ship_ws/install/aquabot_ekf/share/aquabot_ekf/hook/cmake_prefix_path.ps1'
[0.837s] INFO:colcon.colcon_core.shell:Creating environment descriptor '/home/user/data/drones_ship_ws/install/aquabot_ekf/share/aquabot_ekf/hook/cmake_prefix_path.dsv'
[0.838s] INFO:colcon.colcon_core.shell:Creating environment hook '/home/user/data/drones_ship_ws/install/aquabot_ekf/share/aquabot_ekf/hook/cmake_prefix_path.sh'
[0.838s] Level 1:colcon.colcon_core.environment:checking '/home/user/data/drones_ship_ws/install/aquabot_ekf/lib'
[0.838s] Level 1:colcon.colcon_core.environment:checking '/home/user/data/drones_ship_ws/install/aquabot_ekf/bin'
[0.838s] Level 1:colcon.colcon_core.environment:checking '/home/user/data/drones_ship_ws/install/aquabot_ekf/lib/pkgconfig/aquabot_ekf.pc'
[0.839s] Level 1:colcon.colcon_core.environment:checking '/home/user/data/drones_ship_ws/install/aquabot_ekf/lib/python3.12/site-packages'
[0.839s] Level 1:colcon.colcon_core.environment:checking '/home/user/data/drones_ship_ws/install/aquabot_ekf/bin'
[0.839s] INFO:colcon.colcon_core.shell:Creating package script '/home/user/data/drones_ship_ws/install/aquabot_ekf/share/aquabot_ekf/package.ps1'
[0.839s] INFO:colcon.colcon_core.shell:Creating package descriptor '/home/user/data/drones_ship_ws/install/aquabot_ekf/share/aquabot_ekf/package.dsv'
[0.840s] INFO:colcon.colcon_core.shell:Creating package script '/home/user/data/drones_ship_ws/install/aquabot_ekf/share/aquabot_ekf/package.sh'
[0.840s] INFO:colcon.colcon_core.shell:Creating package script '/home/user/data/drones_ship_ws/install/aquabot_ekf/share/aquabot_ekf/package.bash'
[0.840s] INFO:colcon.colcon_core.shell:Creating package script '/home/user/data/drones_ship_ws/install/aquabot_ekf/share/aquabot_ekf/package.zsh'
[0.841s] Level 1:colcon.colcon_core.environment:create_file_with_runtime_dependencies(/home/user/data/drones_ship_ws/install/aquabot_ekf/share/colcon-core/packages/aquabot_ekf)
[0.841s] Level 1:colcon.colcon_core.environment:create_environment_scripts_only(aquabot_ekf)
[0.841s] Level 1:colcon.colcon_core.environment:checking '/home/user/data/drones_ship_ws/install/aquabot_ekf' for CMake module files
[0.842s] Level 1:colcon.colcon_core.environment:checking '/home/user/data/drones_ship_ws/install/aquabot_ekf' for CMake config files
[0.843s] Level 1:colcon.colcon_core.shell:create_environment_hook('aquabot_ekf', 'cmake_prefix_path')
[0.843s] INFO:colcon.colcon_core.shell:Creating environment hook '/home/user/data/drones_ship_ws/install/aquabot_ekf/share/aquabot_ekf/hook/cmake_prefix_path.ps1'
[0.843s] INFO:colcon.colcon_core.shell:Creating environment descriptor '/home/user/data/drones_ship_ws/install/aquabot_ekf/share/aquabot_ekf/hook/cmake_prefix_path.dsv'
[0.843s] INFO:colcon.colcon_core.shell:Creating environment hook '/home/user/data/drones_ship_ws/install/aquabot_ekf/share/aquabot_ekf/hook/cmake_prefix_path.sh'
[0.844s] Level 1:colcon.colcon_core.environment:checking '/home/user/data/drones_ship_ws/install/aquabot_ekf/lib'
[0.844s] Level 1:colcon.colcon_core.environment:checking '/home/user/data/drones_ship_ws/install/aquabot_ekf/bin'
[0.844s] Level 1:colcon.colcon_core.environment:checking '/home/user/data/drones_ship_ws/install/aquabot_ekf/lib/pkgconfig/aquabot_ekf.pc'
[0.844s] Level 1:colcon.colcon_core.environment:checking '/home/user/data/drones_ship_ws/install/aquabot_ekf/lib/python3.12/site-packages'
[0.845s] Level 1:colcon.colcon_core.environment:checking '/home/user/data/drones_ship_ws/install/aquabot_ekf/bin'
[0.845s] INFO:colcon.colcon_core.shell:Creating package script '/home/user/data/drones_ship_ws/install/aquabot_ekf/share/aquabot_ekf/package.ps1'
[0.845s] INFO:colcon.colcon_core.shell:Creating package descriptor '/home/user/data/drones_ship_ws/install/aquabot_ekf/share/aquabot_ekf/package.dsv'
[0.846s] INFO:colcon.colcon_core.shell:Creating package script '/home/user/data/drones_ship_ws/install/aquabot_ekf/share/aquabot_ekf/package.sh'
[0.846s] INFO:colcon.colcon_core.shell:Creating package script '/home/user/data/drones_ship_ws/install/aquabot_ekf/share/aquabot_ekf/package.bash'
[0.847s] INFO:colcon.colcon_core.shell:Creating package script '/home/user/data/drones_ship_ws/install/aquabot_ekf/share/aquabot_ekf/package.zsh'
[0.847s] Level 1:colcon.colcon_core.environment:create_file_with_runtime_dependencies(/home/user/data/drones_ship_ws/install/aquabot_ekf/share/colcon-core/packages/aquabot_ekf)
[0.847s] Level 1:colcon.colcon_core.environment:create_environment_scripts_only(aquabot_motion)
[0.847s] Level 1:colcon.colcon_core.environment:checking '/home/user/data/drones_ship_ws/install/aquabot_motion' for CMake module files
[0.848s] Level 1:colcon.colcon_core.environment:checking '/home/user/data/drones_ship_ws/install/aquabot_motion' for CMake config files
[0.849s] DEBUG:colcon.colcon_core.event_handler.log_command:Invoked command in '/home/user/data/drones_ship_ws/build/aquabot_motion' returned '0': CMAKE_PREFIX_PATH=${CMAKE_PREFIX_PATH}:/home/user/data/drones_ship_ws/install/ros_gz_crazyflie_control:/opt/ros/jazzy DEBUGINFOD_URLS=https://debuginfod.ubuntu.com /usr/bin/cmake --install /home/user/data/drones_ship_ws/build/aquabot_motion
[0.849s] Level 1:colcon.colcon_core.shell:create_environment_hook('aquabot_motion', 'cmake_prefix_path')
[0.849s] INFO:colcon.colcon_core.shell:Creating environment hook '/home/user/data/drones_ship_ws/install/aquabot_motion/share/aquabot_motion/hook/cmake_prefix_path.ps1'
[0.850s] INFO:colcon.colcon_core.shell:Creating environment descriptor '/home/user/data/drones_ship_ws/install/aquabot_motion/share/aquabot_motion/hook/cmake_prefix_path.dsv'
[0.850s] INFO:colcon.colcon_core.shell:Creating environment hook '/home/user/data/drones_ship_ws/install/aquabot_motion/share/aquabot_motion/hook/cmake_prefix_path.sh'
[0.850s] Level 1:colcon.colcon_core.environment:checking '/home/user/data/drones_ship_ws/install/aquabot_motion/lib'
[0.850s] Level 1:colcon.colcon_core.environment:checking '/home/user/data/drones_ship_ws/install/aquabot_motion/bin'
[0.851s] Level 1:colcon.colcon_core.environment:checking '/home/user/data/drones_ship_ws/install/aquabot_motion/lib/pkgconfig/aquabot_motion.pc'
[0.851s] Level 1:colcon.colcon_core.environment:checking '/home/user/data/drones_ship_ws/install/aquabot_motion/lib/python3.12/site-packages'
[0.851s] Level 1:colcon.colcon_core.environment:checking '/home/user/data/drones_ship_ws/install/aquabot_motion/bin'
[0.851s] INFO:colcon.colcon_core.shell:Creating package script '/home/user/data/drones_ship_ws/install/aquabot_motion/share/aquabot_motion/package.ps1'
[0.852s] INFO:colcon.colcon_core.shell:Creating package descriptor '/home/user/data/drones_ship_ws/install/aquabot_motion/share/aquabot_motion/package.dsv'
[0.852s] INFO:colcon.colcon_core.shell:Creating package script '/home/user/data/drones_ship_ws/install/aquabot_motion/share/aquabot_motion/package.sh'
[0.852s] INFO:colcon.colcon_core.shell:Creating package script '/home/user/data/drones_ship_ws/install/aquabot_motion/share/aquabot_motion/package.bash'
[0.853s] INFO:colcon.colcon_core.shell:Creating package script '/home/user/data/drones_ship_ws/install/aquabot_motion/share/aquabot_motion/package.zsh'
[0.853s] Level 1:colcon.colcon_core.environment:create_file_with_runtime_dependencies(/home/user/data/drones_ship_ws/install/aquabot_motion/share/colcon-core/packages/aquabot_motion)
[0.853s] Level 1:colcon.colcon_core.environment:create_environment_scripts_only(aquabot_motion)
[0.854s] Level 1:colcon.colcon_core.environment:checking '/home/user/data/drones_ship_ws/install/aquabot_motion' for CMake module files
[0.854s] Level 1:colcon.colcon_core.environment:checking '/home/user/data/drones_ship_ws/install/aquabot_motion' for CMake config files
[0.855s] Level 1:colcon.colcon_core.shell:create_environment_hook('aquabot_motion', 'cmake_prefix_path')
[0.855s] INFO:colcon.colcon_core.shell:Creating environment hook '/home/user/data/drones_ship_ws/install/aquabot_motion/share/aquabot_motion/hook/cmake_prefix_path.ps1'
[0.855s] INFO:colcon.colcon_core.shell:Creating environment descriptor '/home/user/data/drones_ship_ws/install/aquabot_motion/share/aquabot_motion/hook/cmake_prefix_path.dsv'
[0.855s] INFO:colcon.colcon_core.shell:Creating environment hook '/home/user/data/drones_ship_ws/install/aquabot_motion/share/aquabot_motion/hook/cmake_prefix_path.sh'
[0.856s] Level 1:colcon.colcon_core.environment:checking '/home/user/data/drones_ship_ws/install/aquabot_motion/lib'
[0.856s] Level 1:colcon.colcon_core.environment:checking '/home/user/data/drones_ship_ws/install/aquabot_motion/bin'
[0.856s] Level 1:colcon.colcon_core.environment:checking '/home/user/data/drones_ship_ws/install/aquabot_motion/lib/pkgconfig/aquabot_motion.pc'
[0.856s] Level 1:colcon.colcon_core.environment:checking '/home/user/data/drones_ship_ws/install/aquabot_motion/lib/python3.12/site-packages'
[0.856s] Level 1:colcon.colcon_core.environment:checking '/home/user/data/drones_ship_ws/install/aquabot_motion/bin'
[0.857s] INFO:colcon.colcon_core.shell:Creating package script '/home/user/data/drones_ship_ws/install/aquabot_motion/share/aquabot_motion/package.ps1'
[0.857s] INFO:colcon.colcon_core.shell:Creating package descriptor '/home/user/data/drones_ship_ws/install/aquabot_motion/share/aquabot_motion/package.dsv'
[0.857s] INFO:colcon.colcon_core.shell:Creating package script '/home/user/data/drones_ship_ws/install/aquabot_motion/share/aquabot_motion/package.sh'
[0.858s] INFO:colcon.colcon_core.shell:Creating package script '/home/user/data/drones_ship_ws/install/aquabot_motion/share/aquabot_motion/package.bash'
[0.858s] INFO:colcon.colcon_core.shell:Creating package script '/home/user/data/drones_ship_ws/install/aquabot_motion/share/aquabot_motion/package.zsh'
[0.859s] Level 1:colcon.colcon_core.environment:create_file_with_runtime_dependencies(/home/user/data/drones_ship_ws/install/aquabot_motion/share/colcon-core/packages/aquabot_motion)
[0.859s] Level 1:colcon.colcon_core.environment:create_environment_scripts_only(aquabot_gz)
[0.859s] Level 1:colcon.colcon_core.environment:checking '/home/user/data/drones_ship_ws/install/aquabot_gz' for CMake module files
[0.860s] DEBUG:colcon.colcon_core.event_handler.log_command:Invoked command in '/home/user/data/drones_ship_ws/build/aquabot_gz' returned '0': CMAKE_PREFIX_PATH=${CMAKE_PREFIX_PATH}:/home/user/data/drones_ship_ws/install/ros_gz_crazyflie_control:/opt/ros/jazzy DEBUGINFOD_URLS=https://debuginfod.ubuntu.com /usr/bin/cmake --install /home/user/data/drones_ship_ws/build/aquabot_gz
[0.860s] Level 1:colcon.colcon_core.environment:checking '/home/user/data/drones_ship_ws/install/aquabot_gz' for CMake config files
[0.865s] Level 1:colcon.colcon_core.shell:create_environment_hook('aquabot_gz', 'cmake_prefix_path')
[0.865s] INFO:colcon.colcon_core.shell:Creating environment hook '/home/user/data/drones_ship_ws/install/aquabot_gz/share/aquabot_gz/hook/cmake_prefix_path.ps1'
[0.866s] INFO:colcon.colcon_core.shell:Creating environment descriptor '/home/user/data/drones_ship_ws/install/aquabot_gz/share/aquabot_gz/hook/cmake_prefix_path.dsv'
[0.866s] INFO:colcon.colcon_core.shell:Creating environment hook '/home/user/data/drones_ship_ws/install/aquabot_gz/share/aquabot_gz/hook/cmake_prefix_path.sh'
[0.867s] Level 1:colcon.colcon_core.environment:checking '/home/user/data/drones_ship_ws/install/aquabot_gz/lib'
[0.867s] Level 1:colcon.colcon_core.shell:create_environment_hook('aquabot_gz', 'ld_library_path_lib')
[0.867s] INFO:colcon.colcon_core.shell:Creating environment hook '/home/user/data/drones_ship_ws/install/aquabot_gz/share/aquabot_gz/hook/ld_library_path_lib.ps1'
[0.867s] INFO:colcon.colcon_core.shell:Creating environment descriptor '/home/user/data/drones_ship_ws/install/aquabot_gz/share/aquabot_gz/hook/ld_library_path_lib.dsv'
[0.868s] INFO:colcon.colcon_core.shell:Creating environment hook '/home/user/data/drones_ship_ws/install/aquabot_gz/share/aquabot_gz/hook/ld_library_path_lib.sh'
[0.868s] Level 1:colcon.colcon_core.environment:checking '/home/user/data/drones_ship_ws/install/aquabot_gz/bin'
[0.868s] Level 1:colcon.colcon_core.environment:checking '/home/user/data/drones_ship_ws/install/aquabot_gz/lib/pkgconfig/aquabot_gz.pc'
[0.868s] Level 1:colcon.colcon_core.environment:checking '/home/user/data/drones_ship_ws/install/aquabot_gz/lib/python3.12/site-packages'
[0.868s] Level 1:colcon.colcon_core.environment:checking '/home/user/data/drones_ship_ws/install/aquabot_gz/bin'
[0.869s] INFO:colcon.colcon_core.shell:Creating package script '/home/user/data/drones_ship_ws/install/aquabot_gz/share/aquabot_gz/package.ps1'
[0.869s] INFO:colcon.colcon_core.shell:Creating package descriptor '/home/user/data/drones_ship_ws/install/aquabot_gz/share/aquabot_gz/package.dsv'
[0.870s] INFO:colcon.colcon_core.shell:Creating package script '/home/user/data/drones_ship_ws/install/aquabot_gz/share/aquabot_gz/package.sh'
[0.870s] INFO:colcon.colcon_core.shell:Creating package script '/home/user/data/drones_ship_ws/install/aquabot_gz/share/aquabot_gz/package.bash'
[0.870s] INFO:colcon.colcon_core.shell:Creating package script '/home/user/data/drones_ship_ws/install/aquabot_gz/share/aquabot_gz/package.zsh'
[0.871s] Level 1:colcon.colcon_core.environment:create_file_with_runtime_dependencies(/home/user/data/drones_ship_ws/install/aquabot_gz/share/colcon-core/packages/aquabot_gz)
[0.871s] Level 1:colcon.colcon_core.environment:create_environment_scripts_only(aquabot_gz)
[0.871s] Level 1:colcon.colcon_core.environment:checking '/home/user/data/drones_ship_ws/install/aquabot_gz' for CMake module files
[0.872s] Level 1:colcon.colcon_core.environment:checking '/home/user/data/drones_ship_ws/install/aquabot_gz' for CMake config files
[0.876s] Level 1:colcon.colcon_core.shell:create_environment_hook('aquabot_gz', 'cmake_prefix_path')
[0.876s] INFO:colcon.colcon_core.shell:Creating environment hook '/home/user/data/drones_ship_ws/install/aquabot_gz/share/aquabot_gz/hook/cmake_prefix_path.ps1'
[0.877s] INFO:colcon.colcon_core.shell:Creating environment descriptor '/home/user/data/drones_ship_ws/install/aquabot_gz/share/aquabot_gz/hook/cmake_prefix_path.dsv'
[0.877s] INFO:colcon.colcon_core.shell:Creating environment hook '/home/user/data/drones_ship_ws/install/aquabot_gz/share/aquabot_gz/hook/cmake_prefix_path.sh'
[0.877s] Level 1:colcon.colcon_core.environment:checking '/home/user/data/drones_ship_ws/install/aquabot_gz/lib'
[0.878s] Level 1:colcon.colcon_core.shell:create_environment_hook('aquabot_gz', 'ld_library_path_lib')
[0.878s] INFO:colcon.colcon_core.shell:Creating environment hook '/home/user/data/drones_ship_ws/install/aquabot_gz/share/aquabot_gz/hook/ld_library_path_lib.ps1'
[0.878s] INFO:colcon.colcon_core.shell:Creating environment descriptor '/home/user/data/drones_ship_ws/install/aquabot_gz/share/aquabot_gz/hook/ld_library_path_lib.dsv'
[0.878s] INFO:colcon.colcon_core.shell:Creating environment hook '/home/user/data/drones_ship_ws/install/aquabot_gz/share/aquabot_gz/hook/ld_library_path_lib.sh'
[0.879s] Level 1:colcon.colcon_core.environment:checking '/home/user/data/drones_ship_ws/install/aquabot_gz/bin'
[0.879s] Level 1:colcon.colcon_core.environment:checking '/home/user/data/drones_ship_ws/install/aquabot_gz/lib/pkgconfig/aquabot_gz.pc'
[0.879s] Level 1:colcon.colcon_core.environment:checking '/home/user/data/drones_ship_ws/install/aquabot_gz/lib/python3.12/site-packages'
[0.879s] Level 1:colcon.colcon_core.environment:checking '/home/user/data/drones_ship_ws/install/aquabot_gz/bin'
[0.879s] INFO:colcon.colcon_core.shell:Creating package script '/home/user/data/drones_ship_ws/install/aquabot_gz/share/aquabot_gz/package.ps1'
[0.880s] INFO:colcon.colcon_core.shell:Creating package descriptor '/home/user/data/drones_ship_ws/install/aquabot_gz/share/aquabot_gz/package.dsv'
[0.880s] INFO:colcon.colcon_core.shell:Creating package script '/home/user/data/drones_ship_ws/install/aquabot_gz/share/aquabot_gz/package.sh'
[0.881s] INFO:colcon.colcon_core.shell:Creating package script '/home/user/data/drones_ship_ws/install/aquabot_gz/share/aquabot_gz/package.bash'
[0.881s] INFO:colcon.colcon_core.shell:Creating package script '/home/user/data/drones_ship_ws/install/aquabot_gz/share/aquabot_gz/package.zsh'
[0.882s] Level 1:colcon.colcon_core.environment:create_file_with_runtime_dependencies(/home/user/data/drones_ship_ws/install/aquabot_gz/share/colcon-core/packages/aquabot_gz)
[0.882s] INFO:colcon.colcon_ros.task.ament_cmake.build:Building ROS package in '/home/user/data/drones_ship_ws/src/drone_ship/ros_gz_crazyflie/ros_gz_crazyflie_bringup' with build type 'ament_cmake'
[0.883s] INFO:colcon.colcon_cmake.task.cmake.build:Building CMake package in '/home/user/data/drones_ship_ws/src/drone_ship/ros_gz_crazyflie/ros_gz_crazyflie_bringup'
[0.883s] INFO:colcon.colcon_core.shell:Skip shell extension 'powershell' for command environment: Not usable outside of PowerShell
[0.883s] DEBUG:colcon.colcon_core.shell:Skip shell extension 'dsv' for command environment
[0.892s] DEBUG:colcon.colcon_core.event_handler.log_command:Invoking command in '/home/user/data/drones_ship_ws/build/vrx_gz': CMAKE_PREFIX_PATH=/home/user/data/drones_ship_ws/install/vrx_ros:/home/user/data/drones_ship_ws/install/wamv_gazebo:/home/user/data/drones_ship_ws/install/wamv_description:/home/user/data/drones_ship_ws/install/vrx_gz:/home/user/data/drones_ship_ws/install/aquabot_description:/home/user/data/drones_ship_ws/install/vrx_gazebo:/home/user/data/drones_ship_ws/install/ros_gz_crazyflie_bringup:/home/user/data/drones_ship_ws/install/ros_gz_crazyflie_gazebo:/home/user/data/drones_ship_ws/install/crazyflie_yolo:/home/user/data/drones_ship_ws/install/crazyflie_ekf:/home/user/data/drones_ship_ws/install/crazyflie_control:/home/user/data/drones_ship_ws/install/aquabot_motion:/home/user/data/drones_ship_ws/install/aquabot_gz:/home/user/data/drones_ship_ws/install/aquabot_ekf:/opt/ros/jazzy/opt/gz_sim_vendor:/opt/ros/jazzy/opt/gz_sensors_vendor:/opt/ros/jazzy/opt/gz_physics_vendor:/opt/ros/jazzy/opt/sdformat_vendor:/opt/ros/jazzy/opt/gz_gui_vendor:/opt/ros/jazzy/opt/gz_transport_vendor:/opt/ros/jazzy/opt/gz_rendering_vendor:/opt/ros/jazzy/opt/gz_plugin_vendor:/opt/ros/jazzy/opt/gz_fuel_tools_vendor:/opt/ros/jazzy/opt/gz_msgs_vendor:/opt/ros/jazzy/opt/gz_common_vendor:/opt/ros/jazzy/opt/gz_math_vendor:/opt/ros/jazzy/opt/gz_utils_vendor:/opt/ros/jazzy/opt/gz_tools_vendor:/opt/ros/jazzy/opt/gz_ogre_next_vendor:/opt/ros/jazzy/opt/gz_dartsim_vendor:/opt/ros/jazzy/opt/gz_cmake_vendor:/home/user/data/drones_ship_ws/install/ros_gz_crazyflie_control:/opt/ros/jazzy DEBUGINFOD_URLS=https://debuginfod.ubuntu.com /usr/bin/cmake --build /home/user/data/drones_ship_ws/build/vrx_gz -- -j20 -l20
[0.892s] DEBUG:colcon.colcon_core.event_handler.log_command:Invoked command in '/home/user/data/drones_ship_ws/build/vrx_gazebo' returned '0': CMAKE_PREFIX_PATH=${CMAKE_PREFIX_PATH}:/home/user/data/drones_ship_ws/install/ros_gz_crazyflie_control:/opt/ros/jazzy DEBUGINFOD_URLS=https://debuginfod.ubuntu.com /usr/bin/cmake --build /home/user/data/drones_ship_ws/build/vrx_gazebo -- -j20 -l20
[0.893s] DEBUG:colcon.colcon_core.event_handler.log_command:Invoking command in '/home/user/data/drones_ship_ws/build/vrx_gazebo': CMAKE_PREFIX_PATH=${CMAKE_PREFIX_PATH}:/home/user/data/drones_ship_ws/install/ros_gz_crazyflie_control:/opt/ros/jazzy DEBUGINFOD_URLS=https://debuginfod.ubuntu.com /usr/bin/cmake --install /home/user/data/drones_ship_ws/build/vrx_gazebo
[0.896s] DEBUG:colcon.colcon_core.event_handler.log_command:Invoking command in '/home/user/data/drones_ship_ws/build/ros_gz_crazyflie_bringup': CMAKE_PREFIX_PATH=/home/user/data/drones_ship_ws/install/ros_gz_crazyflie_gazebo:/home/user/data/drones_ship_ws/install/wamv_gazebo:/home/user/data/drones_ship_ws/install/wamv_description:/home/user/data/drones_ship_ws/install/vrx_gz:/home/user/data/drones_ship_ws/install/vrx_ros:/home/user/data/drones_ship_ws/install/aquabot_description:/home/user/data/drones_ship_ws/install/vrx_gazebo:/home/user/data/drones_ship_ws/install/ros_gz_crazyflie_bringup:/home/user/data/drones_ship_ws/install/crazyflie_yolo:/home/user/data/drones_ship_ws/install/crazyflie_ekf:/home/user/data/drones_ship_ws/install/crazyflie_control:/home/user/data/drones_ship_ws/install/aquabot_motion:/home/user/data/drones_ship_ws/install/aquabot_gz:/home/user/data/drones_ship_ws/install/aquabot_ekf:/opt/ros/jazzy/opt/gz_sim_vendor:/opt/ros/jazzy/opt/gz_sensors_vendor:/opt/ros/jazzy/opt/gz_physics_vendor:/opt/ros/jazzy/opt/sdformat_vendor:/opt/ros/jazzy/opt/gz_gui_vendor:/opt/ros/jazzy/opt/gz_transport_vendor:/opt/ros/jazzy/opt/gz_rendering_vendor:/opt/ros/jazzy/opt/gz_plugin_vendor:/opt/ros/jazzy/opt/gz_fuel_tools_vendor:/opt/ros/jazzy/opt/gz_msgs_vendor:/opt/ros/jazzy/opt/gz_common_vendor:/opt/ros/jazzy/opt/gz_math_vendor:/opt/ros/jazzy/opt/gz_utils_vendor:/opt/ros/jazzy/opt/gz_tools_vendor:/opt/ros/jazzy/opt/gz_ogre_next_vendor:/opt/ros/jazzy/opt/gz_dartsim_vendor:/opt/ros/jazzy/opt/gz_cmake_vendor:/home/user/data/drones_ship_ws/install/ros_gz_crazyflie_control:/opt/ros/jazzy DEBUGINFOD_URLS=https://debuginfod.ubuntu.com /usr/bin/cmake --build /home/user/data/drones_ship_ws/build/ros_gz_crazyflie_bringup -- -j20 -l20
[0.914s] DEBUG:colcon.colcon_core.event_handler.log_command:Invoked command in '/home/user/data/drones_ship_ws/build/crazyflie_yolo' returned '0': CMAKE_PREFIX_PATH=${CMAKE_PREFIX_PATH}:/home/user/data/drones_ship_ws/install/ros_gz_crazyflie_control:/opt/ros/jazzy DEBUGINFOD_URLS=https://debuginfod.ubuntu.com /usr/bin/cmake --build /home/user/data/drones_ship_ws/build/crazyflie_yolo -- -j20 -l20
[0.915s] DEBUG:colcon.colcon_core.event_handler.log_command:Invoking command in '/home/user/data/drones_ship_ws/build/crazyflie_yolo': CMAKE_PREFIX_PATH=${CMAKE_PREFIX_PATH}:/home/user/data/drones_ship_ws/install/ros_gz_crazyflie_control:/opt/ros/jazzy DEBUGINFOD_URLS=https://debuginfod.ubuntu.com /usr/bin/cmake --install /home/user/data/drones_ship_ws/build/crazyflie_yolo
[0.961s] Level 1:colcon.colcon_core.environment:create_environment_scripts_only(vrx_gazebo)
[0.961s] Level 1:colcon.colcon_core.environment:checking '/home/user/data/drones_ship_ws/install/vrx_gazebo' for CMake module files
[0.961s] DEBUG:colcon.colcon_core.event_handler.log_command:Invoked command in '/home/user/data/drones_ship_ws/build/vrx_gazebo' returned '0': CMAKE_PREFIX_PATH=${CMAKE_PREFIX_PATH}:/home/user/data/drones_ship_ws/install/ros_gz_crazyflie_control:/opt/ros/jazzy DEBUGINFOD_URLS=https://debuginfod.ubuntu.com /usr/bin/cmake --install /home/user/data/drones_ship_ws/build/vrx_gazebo
[0.961s] Level 1:colcon.colcon_core.environment:checking '/home/user/data/drones_ship_ws/install/vrx_gazebo' for CMake config files
[0.962s] Level 1:colcon.colcon_core.shell:create_environment_hook('vrx_gazebo', 'cmake_prefix_path')
[0.962s] INFO:colcon.colcon_core.shell:Creating environment hook '/home/user/data/drones_ship_ws/install/vrx_gazebo/share/vrx_gazebo/hook/cmake_prefix_path.ps1'
[0.963s] INFO:colcon.colcon_core.shell:Creating environment descriptor '/home/user/data/drones_ship_ws/install/vrx_gazebo/share/vrx_gazebo/hook/cmake_prefix_path.dsv'
[0.963s] INFO:colcon.colcon_core.shell:Creating environment hook '/home/user/data/drones_ship_ws/install/vrx_gazebo/share/vrx_gazebo/hook/cmake_prefix_path.sh'
[0.963s] Level 1:colcon.colcon_core.environment:checking '/home/user/data/drones_ship_ws/install/vrx_gazebo/lib'
[0.964s] Level 1:colcon.colcon_core.environment:checking '/home/user/data/drones_ship_ws/install/vrx_gazebo/bin'
[0.964s] Level 1:colcon.colcon_core.environment:checking '/home/user/data/drones_ship_ws/install/vrx_gazebo/lib/pkgconfig/vrx_gazebo.pc'
[0.964s] Level 1:colcon.colcon_core.environment:checking '/home/user/data/drones_ship_ws/install/vrx_gazebo/lib/python3.12/site-packages'
[0.964s] Level 1:colcon.colcon_core.shell:create_environment_hook('vrx_gazebo', 'pythonpath')
[0.964s] INFO:colcon.colcon_core.shell:Creating environment hook '/home/user/data/drones_ship_ws/install/vrx_gazebo/share/vrx_gazebo/hook/pythonpath.ps1'
[0.964s] INFO:colcon.colcon_core.shell:Creating environment descriptor '/home/user/data/drones_ship_ws/install/vrx_gazebo/share/vrx_gazebo/hook/pythonpath.dsv'
[0.964s] INFO:colcon.colcon_core.shell:Creating environment hook '/home/user/data/drones_ship_ws/install/vrx_gazebo/share/vrx_gazebo/hook/pythonpath.sh'
[0.965s] Level 1:colcon.colcon_core.environment:checking '/home/user/data/drones_ship_ws/install/vrx_gazebo/bin'
[0.965s] INFO:colcon.colcon_core.shell:Creating package script '/home/user/data/drones_ship_ws/install/vrx_gazebo/share/vrx_gazebo/package.ps1'
[0.966s] INFO:colcon.colcon_core.shell:Creating package descriptor '/home/user/data/drones_ship_ws/install/vrx_gazebo/share/vrx_gazebo/package.dsv'
[0.966s] INFO:colcon.colcon_core.shell:Creating package script '/home/user/data/drones_ship_ws/install/vrx_gazebo/share/vrx_gazebo/package.sh'
[0.966s] INFO:colcon.colcon_core.shell:Creating package script '/home/user/data/drones_ship_ws/install/vrx_gazebo/share/vrx_gazebo/package.bash'
[0.966s] INFO:colcon.colcon_core.shell:Creating package script '/home/user/data/drones_ship_ws/install/vrx_gazebo/share/vrx_gazebo/package.zsh'
[0.967s] Level 1:colcon.colcon_core.environment:create_file_with_runtime_dependencies(/home/user/data/drones_ship_ws/install/vrx_gazebo/share/colcon-core/packages/vrx_gazebo)
[0.967s] Level 1:colcon.colcon_core.environment:create_environment_scripts_only(vrx_gazebo)
[0.967s] Level 1:colcon.colcon_core.environment:checking '/home/user/data/drones_ship_ws/install/vrx_gazebo' for CMake module files
[0.967s] Level 1:colcon.colcon_core.environment:checking '/home/user/data/drones_ship_ws/install/vrx_gazebo' for CMake config files
[0.968s] Level 1:colcon.colcon_core.shell:create_environment_hook('vrx_gazebo', 'cmake_prefix_path')
[0.968s] INFO:colcon.colcon_core.shell:Creating environment hook '/home/user/data/drones_ship_ws/install/vrx_gazebo/share/vrx_gazebo/hook/cmake_prefix_path.ps1'
[0.968s] INFO:colcon.colcon_core.shell:Creating environment descriptor '/home/user/data/drones_ship_ws/install/vrx_gazebo/share/vrx_gazebo/hook/cmake_prefix_path.dsv'
[0.969s] INFO:colcon.colcon_core.shell:Creating environment hook '/home/user/data/drones_ship_ws/install/vrx_gazebo/share/vrx_gazebo/hook/cmake_prefix_path.sh'
[0.969s] Level 1:colcon.colcon_core.environment:checking '/home/user/data/drones_ship_ws/install/vrx_gazebo/lib'
[0.969s] Level 1:colcon.colcon_core.environment:checking '/home/user/data/drones_ship_ws/install/vrx_gazebo/bin'
[0.969s] Level 1:colcon.colcon_core.environment:checking '/home/user/data/drones_ship_ws/install/vrx_gazebo/lib/pkgconfig/vrx_gazebo.pc'
[0.969s] Level 1:colcon.colcon_core.environment:checking '/home/user/data/drones_ship_ws/install/vrx_gazebo/lib/python3.12/site-packages'
[0.969s] Level 1:colcon.colcon_core.shell:create_environment_hook('vrx_gazebo', 'pythonpath')
[0.969s] INFO:colcon.colcon_core.shell:Creating environment hook '/home/user/data/drones_ship_ws/install/vrx_gazebo/share/vrx_gazebo/hook/pythonpath.ps1'
[0.970s] INFO:colcon.colcon_core.shell:Creating environment descriptor '/home/user/data/drones_ship_ws/install/vrx_gazebo/share/vrx_gazebo/hook/pythonpath.dsv'
[0.970s] INFO:colcon.colcon_core.shell:Creating environment hook '/home/user/data/drones_ship_ws/install/vrx_gazebo/share/vrx_gazebo/hook/pythonpath.sh'
[0.970s] Level 1:colcon.colcon_core.environment:checking '/home/user/data/drones_ship_ws/install/vrx_gazebo/bin'
[0.970s] INFO:colcon.colcon_core.shell:Creating package script '/home/user/data/drones_ship_ws/install/vrx_gazebo/share/vrx_gazebo/package.ps1'
[0.971s] INFO:colcon.colcon_core.shell:Creating package descriptor '/home/user/data/drones_ship_ws/install/vrx_gazebo/share/vrx_gazebo/package.dsv'
[0.971s] INFO:colcon.colcon_core.shell:Creating package script '/home/user/data/drones_ship_ws/install/vrx_gazebo/share/vrx_gazebo/package.sh'
[0.972s] INFO:colcon.colcon_core.shell:Creating package script '/home/user/data/drones_ship_ws/install/vrx_gazebo/share/vrx_gazebo/package.bash'
[0.972s] INFO:colcon.colcon_core.shell:Creating package script '/home/user/data/drones_ship_ws/install/vrx_gazebo/share/vrx_gazebo/package.zsh'
[0.973s] Level 1:colcon.colcon_core.environment:create_file_with_runtime_dependencies(/home/user/data/drones_ship_ws/install/vrx_gazebo/share/colcon-core/packages/vrx_gazebo)
[0.974s] INFO:colcon.colcon_ros.task.ament_cmake.build:Building ROS package in '/home/user/data/drones_ship_ws/src/drone_ship/vrx/vrx_urdf/wamv_description' with build type 'ament_cmake'
[0.974s] INFO:colcon.colcon_cmake.task.cmake.build:Building CMake package in '/home/user/data/drones_ship_ws/src/drone_ship/vrx/vrx_urdf/wamv_description'
[0.974s] INFO:colcon.colcon_core.shell:Skip shell extension 'powershell' for command environment: Not usable outside of PowerShell
[0.974s] DEBUG:colcon.colcon_core.shell:Skip shell extension 'dsv' for command environment
[0.982s] INFO:colcon.colcon_ros.task.ament_cmake.build:Building ROS package in '/home/user/data/drones_ship_ws/src/drone_ship/aquabot_description' with build type 'ament_cmake'
[0.982s] INFO:colcon.colcon_cmake.task.cmake.build:Building CMake package in '/home/user/data/drones_ship_ws/src/drone_ship/aquabot_description'
[0.982s] INFO:colcon.colcon_core.shell:Skip shell extension 'powershell' for command environment: Not usable outside of PowerShell
[0.982s] DEBUG:colcon.colcon_core.shell:Skip shell extension 'dsv' for command environment
[0.986s] DEBUG:colcon.colcon_core.event_handler.log_command:Invoked command in '/home/user/data/drones_ship_ws/build/ros_gz_crazyflie_bringup' returned '0': CMAKE_PREFIX_PATH=/home/user/data/drones_ship_ws/install/ros_gz_crazyflie_gazebo:/home/user/data/drones_ship_ws/install/wamv_gazebo:/home/user/data/drones_ship_ws/install/wamv_description:/home/user/data/drones_ship_ws/install/vrx_gz:/home/user/data/drones_ship_ws/install/vrx_ros:/home/user/data/drones_ship_ws/install/aquabot_description:/home/user/data/drones_ship_ws/install/vrx_gazebo:/home/user/data/drones_ship_ws/install/ros_gz_crazyflie_bringup:/home/user/data/drones_ship_ws/install/crazyflie_yolo:/home/user/data/drones_ship_ws/install/crazyflie_ekf:/home/user/data/drones_ship_ws/install/crazyflie_control:/home/user/data/drones_ship_ws/install/aquabot_motion:/home/user/data/drones_ship_ws/install/aquabot_gz:/home/user/data/drones_ship_ws/install/aquabot_ekf:/opt/ros/jazzy/opt/gz_sim_vendor:/opt/ros/jazzy/opt/gz_sensors_vendor:/opt/ros/jazzy/opt/gz_physics_vendor:/opt/ros/jazzy/opt/sdformat_vendor:/opt/ros/jazzy/opt/gz_gui_vendor:/opt/ros/jazzy/opt/gz_transport_vendor:/opt/ros/jazzy/opt/gz_rendering_vendor:/opt/ros/jazzy/opt/gz_plugin_vendor:/opt/ros/jazzy/opt/gz_fuel_tools_vendor:/opt/ros/jazzy/opt/gz_msgs_vendor:/opt/ros/jazzy/opt/gz_common_vendor:/opt/ros/jazzy/opt/gz_math_vendor:/opt/ros/jazzy/opt/gz_utils_vendor:/opt/ros/jazzy/opt/gz_tools_vendor:/opt/ros/jazzy/opt/gz_ogre_next_vendor:/opt/ros/jazzy/opt/gz_dartsim_vendor:/opt/ros/jazzy/opt/gz_cmake_vendor:/home/user/data/drones_ship_ws/install/ros_gz_crazyflie_control:/opt/ros/jazzy DEBUGINFOD_URLS=https://debuginfod.ubuntu.com /usr/bin/cmake --build /home/user/data/drones_ship_ws/build/ros_gz_crazyflie_bringup -- -j20 -l20
[0.987s] DEBUG:colcon.colcon_core.event_handler.log_command:Invoking command in '/home/user/data/drones_ship_ws/build/ros_gz_crazyflie_bringup': CMAKE_PREFIX_PATH=/home/user/data/drones_ship_ws/install/ros_gz_crazyflie_gazebo:/home/user/data/drones_ship_ws/install/wamv_gazebo:/home/user/data/drones_ship_ws/install/wamv_description:/home/user/data/drones_ship_ws/install/vrx_gz:/home/user/data/drones_ship_ws/install/vrx_ros:/home/user/data/drones_ship_ws/install/aquabot_description:/home/user/data/drones_ship_ws/install/vrx_gazebo:/home/user/data/drones_ship_ws/install/ros_gz_crazyflie_bringup:/home/user/data/drones_ship_ws/install/crazyflie_yolo:/home/user/data/drones_ship_ws/install/crazyflie_ekf:/home/user/data/drones_ship_ws/install/crazyflie_control:/home/user/data/drones_ship_ws/install/aquabot_motion:/home/user/data/drones_ship_ws/install/aquabot_gz:/home/user/data/drones_ship_ws/install/aquabot_ekf:/opt/ros/jazzy/opt/gz_sim_vendor:/opt/ros/jazzy/opt/gz_sensors_vendor:/opt/ros/jazzy/opt/gz_physics_vendor:/opt/ros/jazzy/opt/sdformat_vendor:/opt/ros/jazzy/opt/gz_gui_vendor:/opt/ros/jazzy/opt/gz_transport_vendor:/opt/ros/jazzy/opt/gz_rendering_vendor:/opt/ros/jazzy/opt/gz_plugin_vendor:/opt/ros/jazzy/opt/gz_fuel_tools_vendor:/opt/ros/jazzy/opt/gz_msgs_vendor:/opt/ros/jazzy/opt/gz_common_vendor:/opt/ros/jazzy/opt/gz_math_vendor:/opt/ros/jazzy/opt/gz_utils_vendor:/opt/ros/jazzy/opt/gz_tools_vendor:/opt/ros/jazzy/opt/gz_ogre_next_vendor:/opt/ros/jazzy/opt/gz_dartsim_vendor:/opt/ros/jazzy/opt/gz_cmake_vendor:/home/user/data/drones_ship_ws/install/ros_gz_crazyflie_control:/opt/ros/jazzy DEBUGINFOD_URLS=https://debuginfod.ubuntu.com /usr/bin/cmake --install /home/user/data/drones_ship_ws/build/ros_gz_crazyflie_bringup
[0.987s] Level 1:colcon.colcon_core.environment:create_environment_scripts_only(crazyflie_yolo)
[0.988s] Level 1:colcon.colcon_core.environment:checking '/home/user/data/drones_ship_ws/install/crazyflie_yolo' for CMake module files
[0.988s] DEBUG:colcon.colcon_core.event_handler.log_command:Invoked command in '/home/user/data/drones_ship_ws/build/crazyflie_yolo' returned '0': CMAKE_PREFIX_PATH=${CMAKE_PREFIX_PATH}:/home/user/data/drones_ship_ws/install/ros_gz_crazyflie_control:/opt/ros/jazzy DEBUGINFOD_URLS=https://debuginfod.ubuntu.com /usr/bin/cmake --install /home/user/data/drones_ship_ws/build/crazyflie_yolo
[0.989s] Level 1:colcon.colcon_core.environment:checking '/home/user/data/drones_ship_ws/install/crazyflie_yolo' for CMake config files
[0.989s] Level 1:colcon.colcon_core.shell:create_environment_hook('crazyflie_yolo', 'cmake_prefix_path')
[0.989s] INFO:colcon.colcon_core.shell:Creating environment hook '/home/user/data/drones_ship_ws/install/crazyflie_yolo/share/crazyflie_yolo/hook/cmake_prefix_path.ps1'
[0.990s] INFO:colcon.colcon_core.shell:Creating environment descriptor '/home/user/data/drones_ship_ws/install/crazyflie_yolo/share/crazyflie_yolo/hook/cmake_prefix_path.dsv'
[0.990s] INFO:colcon.colcon_core.shell:Creating environment hook '/home/user/data/drones_ship_ws/install/crazyflie_yolo/share/crazyflie_yolo/hook/cmake_prefix_path.sh'
[0.990s] Level 1:colcon.colcon_core.environment:checking '/home/user/data/drones_ship_ws/install/crazyflie_yolo/lib'
[0.990s] Level 1:colcon.colcon_core.shell:create_environment_hook('crazyflie_yolo', 'ld_library_path_lib')
[0.991s] INFO:colcon.colcon_core.shell:Creating environment hook '/home/user/data/drones_ship_ws/install/crazyflie_yolo/share/crazyflie_yolo/hook/ld_library_path_lib.ps1'
[0.991s] INFO:colcon.colcon_core.shell:Creating environment descriptor '/home/user/data/drones_ship_ws/install/crazyflie_yolo/share/crazyflie_yolo/hook/ld_library_path_lib.dsv'
[0.991s] INFO:colcon.colcon_core.shell:Creating environment hook '/home/user/data/drones_ship_ws/install/crazyflie_yolo/share/crazyflie_yolo/hook/ld_library_path_lib.sh'
[0.991s] Level 1:colcon.colcon_core.environment:checking '/home/user/data/drones_ship_ws/install/crazyflie_yolo/bin'
[0.991s] Level 1:colcon.colcon_core.environment:checking '/home/user/data/drones_ship_ws/install/crazyflie_yolo/lib/pkgconfig/crazyflie_yolo.pc'
[0.991s] Level 1:colcon.colcon_core.environment:checking '/home/user/data/drones_ship_ws/install/crazyflie_yolo/lib/python3.12/site-packages'
[0.992s] Level 1:colcon.colcon_core.shell:create_environment_hook('crazyflie_yolo', 'pythonpath')
[0.992s] INFO:colcon.colcon_core.shell:Creating environment hook '/home/user/data/drones_ship_ws/install/crazyflie_yolo/share/crazyflie_yolo/hook/pythonpath.ps1'
[0.992s] INFO:colcon.colcon_core.shell:Creating environment descriptor '/home/user/data/drones_ship_ws/install/crazyflie_yolo/share/crazyflie_yolo/hook/pythonpath.dsv'
[0.992s] INFO:colcon.colcon_core.shell:Creating environment hook '/home/user/data/drones_ship_ws/install/crazyflie_yolo/share/crazyflie_yolo/hook/pythonpath.sh'
[0.992s] Level 1:colcon.colcon_core.environment:checking '/home/user/data/drones_ship_ws/install/crazyflie_yolo/bin'
[0.993s] INFO:colcon.colcon_core.shell:Creating package script '/home/user/data/drones_ship_ws/install/crazyflie_yolo/share/crazyflie_yolo/package.ps1'
[0.993s] INFO:colcon.colcon_core.shell:Creating package descriptor '/home/user/data/drones_ship_ws/install/crazyflie_yolo/share/crazyflie_yolo/package.dsv'
[0.993s] INFO:colcon.colcon_core.shell:Creating package script '/home/user/data/drones_ship_ws/install/crazyflie_yolo/share/crazyflie_yolo/package.sh'
[0.994s] INFO:colcon.colcon_core.shell:Creating package script '/home/user/data/drones_ship_ws/install/crazyflie_yolo/share/crazyflie_yolo/package.bash'
[0.994s] INFO:colcon.colcon_core.shell:Creating package script '/home/user/data/drones_ship_ws/install/crazyflie_yolo/share/crazyflie_yolo/package.zsh'
[0.994s] Level 1:colcon.colcon_core.environment:create_file_with_runtime_dependencies(/home/user/data/drones_ship_ws/install/crazyflie_yolo/share/colcon-core/packages/crazyflie_yolo)
[0.994s] Level 1:colcon.colcon_core.environment:create_environment_scripts_only(crazyflie_yolo)
[0.994s] Level 1:colcon.colcon_core.environment:checking '/home/user/data/drones_ship_ws/install/crazyflie_yolo' for CMake module files
[0.995s] Level 1:colcon.colcon_core.environment:checking '/home/user/data/drones_ship_ws/install/crazyflie_yolo' for CMake config files
[0.995s] Level 1:colcon.colcon_core.shell:create_environment_hook('crazyflie_yolo', 'cmake_prefix_path')
[0.996s] INFO:colcon.colcon_core.shell:Creating environment hook '/home/user/data/drones_ship_ws/install/crazyflie_yolo/share/crazyflie_yolo/hook/cmake_prefix_path.ps1'
[0.996s] INFO:colcon.colcon_core.shell:Creating environment descriptor '/home/user/data/drones_ship_ws/install/crazyflie_yolo/share/crazyflie_yolo/hook/cmake_prefix_path.dsv'
[0.996s] INFO:colcon.colcon_core.shell:Creating environment hook '/home/user/data/drones_ship_ws/install/crazyflie_yolo/share/crazyflie_yolo/hook/cmake_prefix_path.sh'
[0.996s] Level 1:colcon.colcon_core.environment:checking '/home/user/data/drones_ship_ws/install/crazyflie_yolo/lib'
[0.997s] Level 1:colcon.colcon_core.shell:create_environment_hook('crazyflie_yolo', 'ld_library_path_lib')
[0.997s] INFO:colcon.colcon_core.shell:Creating environment hook '/home/user/data/drones_ship_ws/install/crazyflie_yolo/share/crazyflie_yolo/hook/ld_library_path_lib.ps1'
[0.997s] INFO:colcon.colcon_core.shell:Creating environment descriptor '/home/user/data/drones_ship_ws/install/crazyflie_yolo/share/crazyflie_yolo/hook/ld_library_path_lib.dsv'
[0.997s] INFO:colcon.colcon_core.shell:Creating environment hook '/home/user/data/drones_ship_ws/install/crazyflie_yolo/share/crazyflie_yolo/hook/ld_library_path_lib.sh'
[0.997s] Level 1:colcon.colcon_core.environment:checking '/home/user/data/drones_ship_ws/install/crazyflie_yolo/bin'
[0.997s] Level 1:colcon.colcon_core.environment:checking '/home/user/data/drones_ship_ws/install/crazyflie_yolo/lib/pkgconfig/crazyflie_yolo.pc'
[0.998s] Level 1:colcon.colcon_core.environment:checking '/home/user/data/drones_ship_ws/install/crazyflie_yolo/lib/python3.12/site-packages'
[0.998s] Level 1:colcon.colcon_core.shell:create_environment_hook('crazyflie_yolo', 'pythonpath')
[0.998s] INFO:colcon.colcon_core.shell:Creating environment hook '/home/user/data/drones_ship_ws/install/crazyflie_yolo/share/crazyflie_yolo/hook/pythonpath.ps1'
[0.998s] INFO:colcon.colcon_core.shell:Creating environment descriptor '/home/user/data/drones_ship_ws/install/crazyflie_yolo/share/crazyflie_yolo/hook/pythonpath.dsv'
[0.998s] INFO:colcon.colcon_core.shell:Creating environment hook '/home/user/data/drones_ship_ws/install/crazyflie_yolo/share/crazyflie_yolo/hook/pythonpath.sh'
[0.999s] Level 1:colcon.colcon_core.environment:checking '/home/user/data/drones_ship_ws/install/crazyflie_yolo/bin'
[0.999s] INFO:colcon.colcon_core.shell:Creating package script '/home/user/data/drones_ship_ws/install/crazyflie_yolo/share/crazyflie_yolo/package.ps1'
[0.999s] INFO:colcon.colcon_core.shell:Creating package descriptor '/home/user/data/drones_ship_ws/install/crazyflie_yolo/share/crazyflie_yolo/package.dsv'
[1.000s] INFO:colcon.colcon_core.shell:Creating package script '/home/user/data/drones_ship_ws/install/crazyflie_yolo/share/crazyflie_yolo/package.sh'
[1.000s] INFO:colcon.colcon_core.shell:Creating package script '/home/user/data/drones_ship_ws/install/crazyflie_yolo/share/crazyflie_yolo/package.bash'
[1.001s] INFO:colcon.colcon_core.shell:Creating package script '/home/user/data/drones_ship_ws/install/crazyflie_yolo/share/crazyflie_yolo/package.zsh'
[1.001s] Level 1:colcon.colcon_core.environment:create_file_with_runtime_dependencies(/home/user/data/drones_ship_ws/install/crazyflie_yolo/share/colcon-core/packages/crazyflie_yolo)
[1.008s] DEBUG:colcon.colcon_core.event_handler.log_command:Invoking command in '/home/user/data/drones_ship_ws/build/wamv_description': CMAKE_PREFIX_PATH=/home/user/data/drones_ship_ws/install/vrx_gazebo:/home/user/data/drones_ship_ws/install/wamv_gazebo:/home/user/data/drones_ship_ws/install/wamv_description:/home/user/data/drones_ship_ws/install/vrx_gz:/home/user/data/drones_ship_ws/install/vrx_ros:/home/user/data/drones_ship_ws/install/aquabot_description:/home/user/data/drones_ship_ws/install/ros_gz_crazyflie_bringup:/home/user/data/drones_ship_ws/install/ros_gz_crazyflie_gazebo:/home/user/data/drones_ship_ws/install/crazyflie_yolo:/home/user/data/drones_ship_ws/install/crazyflie_ekf:/home/user/data/drones_ship_ws/install/crazyflie_control:/home/user/data/drones_ship_ws/install/aquabot_motion:/home/user/data/drones_ship_ws/install/aquabot_gz:/home/user/data/drones_ship_ws/install/aquabot_ekf:/opt/ros/jazzy/opt/gz_sim_vendor:/opt/ros/jazzy/opt/gz_sensors_vendor:/opt/ros/jazzy/opt/gz_physics_vendor:/opt/ros/jazzy/opt/sdformat_vendor:/opt/ros/jazzy/opt/gz_gui_vendor:/opt/ros/jazzy/opt/gz_transport_vendor:/opt/ros/jazzy/opt/gz_rendering_vendor:/opt/ros/jazzy/opt/gz_plugin_vendor:/opt/ros/jazzy/opt/gz_fuel_tools_vendor:/opt/ros/jazzy/opt/gz_msgs_vendor:/opt/ros/jazzy/opt/gz_common_vendor:/opt/ros/jazzy/opt/gz_math_vendor:/opt/ros/jazzy/opt/gz_utils_vendor:/opt/ros/jazzy/opt/gz_tools_vendor:/opt/ros/jazzy/opt/gz_ogre_next_vendor:/opt/ros/jazzy/opt/gz_dartsim_vendor:/opt/ros/jazzy/opt/gz_cmake_vendor:/home/user/data/drones_ship_ws/install/ros_gz_crazyflie_control:/opt/ros/jazzy DEBUGINFOD_URLS=https://debuginfod.ubuntu.com GZ_SIM_RESOURCE_PATH=/home/user/data/drones_ship_ws/install/vrx_gazebo/share:${GZ_SIM_RESOURCE_PATH} PYTHONPATH=/home/user/data/drones_ship_ws/install/vrx_gazebo/lib/python3.12/site-packages:/home/user/data/drones_ship_ws/install/vrx_gz/lib/python3.12/site-packages:/home/user/data/drones_ship_ws/install/ros_gz_crazyflie_control/lib/python3.12/site-packages:/home/user/data/drones_ship_ws/install/crazyflie_yolo/lib/python3.12/site-packages:/opt/ros/jazzy/lib/python3.12/site-packages /usr/bin/cmake --build /home/user/data/drones_ship_ws/build/wamv_description -- -j20 -l20
[1.009s] DEBUG:colcon.colcon_core.event_handler.log_command:Invoking command in '/home/user/data/drones_ship_ws/build/aquabot_description': CMAKE_PREFIX_PATH=/home/user/data/drones_ship_ws/install/vrx_gazebo:/home/user/data/drones_ship_ws/install/wamv_gazebo:/home/user/data/drones_ship_ws/install/wamv_description:/home/user/data/drones_ship_ws/install/vrx_gz:/home/user/data/drones_ship_ws/install/vrx_ros:/home/user/data/drones_ship_ws/install/aquabot_description:/home/user/data/drones_ship_ws/install/ros_gz_crazyflie_bringup:/home/user/data/drones_ship_ws/install/ros_gz_crazyflie_gazebo:/home/user/data/drones_ship_ws/install/crazyflie_yolo:/home/user/data/drones_ship_ws/install/crazyflie_ekf:/home/user/data/drones_ship_ws/install/crazyflie_control:/home/user/data/drones_ship_ws/install/aquabot_motion:/home/user/data/drones_ship_ws/install/aquabot_gz:/home/user/data/drones_ship_ws/install/aquabot_ekf:/opt/ros/jazzy/opt/gz_sim_vendor:/opt/ros/jazzy/opt/gz_sensors_vendor:/opt/ros/jazzy/opt/gz_physics_vendor:/opt/ros/jazzy/opt/sdformat_vendor:/opt/ros/jazzy/opt/gz_gui_vendor:/opt/ros/jazzy/opt/gz_transport_vendor:/opt/ros/jazzy/opt/gz_rendering_vendor:/opt/ros/jazzy/opt/gz_plugin_vendor:/opt/ros/jazzy/opt/gz_fuel_tools_vendor:/opt/ros/jazzy/opt/gz_msgs_vendor:/opt/ros/jazzy/opt/gz_common_vendor:/opt/ros/jazzy/opt/gz_math_vendor:/opt/ros/jazzy/opt/gz_utils_vendor:/opt/ros/jazzy/opt/gz_tools_vendor:/opt/ros/jazzy/opt/gz_ogre_next_vendor:/opt/ros/jazzy/opt/gz_dartsim_vendor:/opt/ros/jazzy/opt/gz_cmake_vendor:/home/user/data/drones_ship_ws/install/ros_gz_crazyflie_control:/opt/ros/jazzy DEBUGINFOD_URLS=https://debuginfod.ubuntu.com GZ_SIM_RESOURCE_PATH=/home/user/data/drones_ship_ws/install/vrx_gazebo/share:${GZ_SIM_RESOURCE_PATH} PYTHONPATH=/home/user/data/drones_ship_ws/install/vrx_gazebo/lib/python3.12/site-packages:/home/user/data/drones_ship_ws/install/vrx_gz/lib/python3.12/site-packages:/home/user/data/drones_ship_ws/install/ros_gz_crazyflie_control/lib/python3.12/site-packages:/home/user/data/drones_ship_ws/install/crazyflie_yolo/lib/python3.12/site-packages:/opt/ros/jazzy/lib/python3.12/site-packages /usr/bin/cmake --build /home/user/data/drones_ship_ws/build/aquabot_description -- -j20 -l20
[1.010s] Level 1:colcon.colcon_core.environment:create_environment_scripts_only(ros_gz_crazyflie_bringup)
[1.011s] Level 1:colcon.colcon_core.environment:checking '/home/user/data/drones_ship_ws/install/ros_gz_crazyflie_bringup' for CMake module files
[1.011s] Level 1:colcon.colcon_core.environment:checking '/home/user/data/drones_ship_ws/install/ros_gz_crazyflie_bringup' for CMake config files
[1.015s] DEBUG:colcon.colcon_core.event_handler.log_command:Invoked command in '/home/user/data/drones_ship_ws/build/ros_gz_crazyflie_bringup' returned '0': CMAKE_PREFIX_PATH=/home/user/data/drones_ship_ws/install/ros_gz_crazyflie_gazebo:/home/user/data/drones_ship_ws/install/wamv_gazebo:/home/user/data/drones_ship_ws/install/wamv_description:/home/user/data/drones_ship_ws/install/vrx_gz:/home/user/data/drones_ship_ws/install/vrx_ros:/home/user/data/drones_ship_ws/install/aquabot_description:/home/user/data/drones_ship_ws/install/vrx_gazebo:/home/user/data/drones_ship_ws/install/ros_gz_crazyflie_bringup:/home/user/data/drones_ship_ws/install/crazyflie_yolo:/home/user/data/drones_ship_ws/install/crazyflie_ekf:/home/user/data/drones_ship_ws/install/crazyflie_control:/home/user/data/drones_ship_ws/install/aquabot_motion:/home/user/data/drones_ship_ws/install/aquabot_gz:/home/user/data/drones_ship_ws/install/aquabot_ekf:/opt/ros/jazzy/opt/gz_sim_vendor:/opt/ros/jazzy/opt/gz_sensors_vendor:/opt/ros/jazzy/opt/gz_physics_vendor:/opt/ros/jazzy/opt/sdformat_vendor:/opt/ros/jazzy/opt/gz_gui_vendor:/opt/ros/jazzy/opt/gz_transport_vendor:/opt/ros/jazzy/opt/gz_rendering_vendor:/opt/ros/jazzy/opt/gz_plugin_vendor:/opt/ros/jazzy/opt/gz_fuel_tools_vendor:/opt/ros/jazzy/opt/gz_msgs_vendor:/opt/ros/jazzy/opt/gz_common_vendor:/opt/ros/jazzy/opt/gz_math_vendor:/opt/ros/jazzy/opt/gz_utils_vendor:/opt/ros/jazzy/opt/gz_tools_vendor:/opt/ros/jazzy/opt/gz_ogre_next_vendor:/opt/ros/jazzy/opt/gz_dartsim_vendor:/opt/ros/jazzy/opt/gz_cmake_vendor:/home/user/data/drones_ship_ws/install/ros_gz_crazyflie_control:/opt/ros/jazzy DEBUGINFOD_URLS=https://debuginfod.ubuntu.com /usr/bin/cmake --install /home/user/data/drones_ship_ws/build/ros_gz_crazyflie_bringup
[1.015s] Level 1:colcon.colcon_core.shell:create_environment_hook('ros_gz_crazyflie_bringup', 'cmake_prefix_path')
[1.016s] INFO:colcon.colcon_core.shell:Creating environment hook '/home/user/data/drones_ship_ws/install/ros_gz_crazyflie_bringup/share/ros_gz_crazyflie_bringup/hook/cmake_prefix_path.ps1'
[1.016s] INFO:colcon.colcon_core.shell:Creating environment descriptor '/home/user/data/drones_ship_ws/install/ros_gz_crazyflie_bringup/share/ros_gz_crazyflie_bringup/hook/cmake_prefix_path.dsv'
[1.017s] INFO:colcon.colcon_core.shell:Creating environment hook '/home/user/data/drones_ship_ws/install/ros_gz_crazyflie_bringup/share/ros_gz_crazyflie_bringup/hook/cmake_prefix_path.sh'
[1.017s] Level 1:colcon.colcon_core.environment:checking '/home/user/data/drones_ship_ws/install/ros_gz_crazyflie_bringup/bin'
[1.017s] Level 1:colcon.colcon_core.environment:checking '/home/user/data/drones_ship_ws/install/ros_gz_crazyflie_bringup/lib/pkgconfig/ros_gz_crazyflie_bringup.pc'
[1.018s] Level 1:colcon.colcon_core.environment:checking '/home/user/data/drones_ship_ws/install/ros_gz_crazyflie_bringup/lib/python3.12/site-packages'
[1.018s] Level 1:colcon.colcon_core.environment:checking '/home/user/data/drones_ship_ws/install/ros_gz_crazyflie_bringup/bin'
[1.018s] INFO:colcon.colcon_core.shell:Creating package script '/home/user/data/drones_ship_ws/install/ros_gz_crazyflie_bringup/share/ros_gz_crazyflie_bringup/package.ps1'
[1.019s] INFO:colcon.colcon_core.shell:Creating package descriptor '/home/user/data/drones_ship_ws/install/ros_gz_crazyflie_bringup/share/ros_gz_crazyflie_bringup/package.dsv'
[1.020s] INFO:colcon.colcon_core.shell:Creating package script '/home/user/data/drones_ship_ws/install/ros_gz_crazyflie_bringup/share/ros_gz_crazyflie_bringup/package.sh'
[1.021s] INFO:colcon.colcon_core.shell:Creating package script '/home/user/data/drones_ship_ws/install/ros_gz_crazyflie_bringup/share/ros_gz_crazyflie_bringup/package.bash'
[1.023s] INFO:colcon.colcon_core.shell:Creating package script '/home/user/data/drones_ship_ws/install/ros_gz_crazyflie_bringup/share/ros_gz_crazyflie_bringup/package.zsh'
[1.023s] Level 1:colcon.colcon_core.environment:create_file_with_runtime_dependencies(/home/user/data/drones_ship_ws/install/ros_gz_crazyflie_bringup/share/colcon-core/packages/ros_gz_crazyflie_bringup)
[1.024s] Level 1:colcon.colcon_core.environment:create_environment_scripts_only(ros_gz_crazyflie_bringup)
[1.024s] Level 1:colcon.colcon_core.environment:checking '/home/user/data/drones_ship_ws/install/ros_gz_crazyflie_bringup' for CMake module files
[1.028s] Level 1:colcon.colcon_core.environment:checking '/home/user/data/drones_ship_ws/install/ros_gz_crazyflie_bringup' for CMake config files
[1.029s] Level 1:colcon.colcon_core.shell:create_environment_hook('ros_gz_crazyflie_bringup', 'cmake_prefix_path')
[1.029s] INFO:colcon.colcon_core.shell:Creating environment hook '/home/user/data/drones_ship_ws/install/ros_gz_crazyflie_bringup/share/ros_gz_crazyflie_bringup/hook/cmake_prefix_path.ps1'
[1.030s] INFO:colcon.colcon_core.shell:Creating environment descriptor '/home/user/data/drones_ship_ws/install/ros_gz_crazyflie_bringup/share/ros_gz_crazyflie_bringup/hook/cmake_prefix_path.dsv'
[1.030s] INFO:colcon.colcon_core.shell:Creating environment hook '/home/user/data/drones_ship_ws/install/ros_gz_crazyflie_bringup/share/ros_gz_crazyflie_bringup/hook/cmake_prefix_path.sh'
[1.033s] Level 1:colcon.colcon_core.environment:checking '/home/user/data/drones_ship_ws/install/ros_gz_crazyflie_bringup/bin'
[1.033s] Level 1:colcon.colcon_core.environment:checking '/home/user/data/drones_ship_ws/install/ros_gz_crazyflie_bringup/lib/pkgconfig/ros_gz_crazyflie_bringup.pc'
[1.034s] Level 1:colcon.colcon_core.environment:checking '/home/user/data/drones_ship_ws/install/ros_gz_crazyflie_bringup/lib/python3.12/site-packages'
[1.034s] Level 1:colcon.colcon_core.environment:checking '/home/user/data/drones_ship_ws/install/ros_gz_crazyflie_bringup/bin'
[1.034s] INFO:colcon.colcon_core.shell:Creating package script '/home/user/data/drones_ship_ws/install/ros_gz_crazyflie_bringup/share/ros_gz_crazyflie_bringup/package.ps1'
[1.035s] INFO:colcon.colcon_core.shell:Creating package descriptor '/home/user/data/drones_ship_ws/install/ros_gz_crazyflie_bringup/share/ros_gz_crazyflie_bringup/package.dsv'
[1.036s] INFO:colcon.colcon_core.shell:Creating package script '/home/user/data/drones_ship_ws/install/ros_gz_crazyflie_bringup/share/ros_gz_crazyflie_bringup/package.sh'
[1.036s] INFO:colcon.colcon_core.shell:Creating package script '/home/user/data/drones_ship_ws/install/ros_gz_crazyflie_bringup/share/ros_gz_crazyflie_bringup/package.bash'
[1.037s] INFO:colcon.colcon_core.shell:Creating package script '/home/user/data/drones_ship_ws/install/ros_gz_crazyflie_bringup/share/ros_gz_crazyflie_bringup/package.zsh'
[1.037s] Level 1:colcon.colcon_core.environment:create_file_with_runtime_dependencies(/home/user/data/drones_ship_ws/install/ros_gz_crazyflie_bringup/share/colcon-core/packages/ros_gz_crazyflie_bringup)
[1.103s] DEBUG:colcon.colcon_core.event_handler.log_command:Invoked command in '/home/user/data/drones_ship_ws/build/aquabot_description' returned '0': CMAKE_PREFIX_PATH=/home/user/data/drones_ship_ws/install/vrx_gazebo:/home/user/data/drones_ship_ws/install/wamv_gazebo:/home/user/data/drones_ship_ws/install/wamv_description:/home/user/data/drones_ship_ws/install/vrx_gz:/home/user/data/drones_ship_ws/install/vrx_ros:/home/user/data/drones_ship_ws/install/aquabot_description:/home/user/data/drones_ship_ws/install/ros_gz_crazyflie_bringup:/home/user/data/drones_ship_ws/install/ros_gz_crazyflie_gazebo:/home/user/data/drones_ship_ws/install/crazyflie_yolo:/home/user/data/drones_ship_ws/install/crazyflie_ekf:/home/user/data/drones_ship_ws/install/crazyflie_control:/home/user/data/drones_ship_ws/install/aquabot_motion:/home/user/data/drones_ship_ws/install/aquabot_gz:/home/user/data/drones_ship_ws/install/aquabot_ekf:/opt/ros/jazzy/opt/gz_sim_vendor:/opt/ros/jazzy/opt/gz_sensors_vendor:/opt/ros/jazzy/opt/gz_physics_vendor:/opt/ros/jazzy/opt/sdformat_vendor:/opt/ros/jazzy/opt/gz_gui_vendor:/opt/ros/jazzy/opt/gz_transport_vendor:/opt/ros/jazzy/opt/gz_rendering_vendor:/opt/ros/jazzy/opt/gz_plugin_vendor:/opt/ros/jazzy/opt/gz_fuel_tools_vendor:/opt/ros/jazzy/opt/gz_msgs_vendor:/opt/ros/jazzy/opt/gz_common_vendor:/opt/ros/jazzy/opt/gz_math_vendor:/opt/ros/jazzy/opt/gz_utils_vendor:/opt/ros/jazzy/opt/gz_tools_vendor:/opt/ros/jazzy/opt/gz_ogre_next_vendor:/opt/ros/jazzy/opt/gz_dartsim_vendor:/opt/ros/jazzy/opt/gz_cmake_vendor:/home/user/data/drones_ship_ws/install/ros_gz_crazyflie_control:/opt/ros/jazzy DEBUGINFOD_URLS=https://debuginfod.ubuntu.com GZ_SIM_RESOURCE_PATH=/home/user/data/drones_ship_ws/install/vrx_gazebo/share:${GZ_SIM_RESOURCE_PATH} PYTHONPATH=/home/user/data/drones_ship_ws/install/vrx_gazebo/lib/python3.12/site-packages:/home/user/data/drones_ship_ws/install/vrx_gz/lib/python3.12/site-packages:/home/user/data/drones_ship_ws/install/ros_gz_crazyflie_control/lib/python3.12/site-packages:/home/user/data/drones_ship_ws/install/crazyflie_yolo/lib/python3.12/site-packages:/opt/ros/jazzy/lib/python3.12/site-packages /usr/bin/cmake --build /home/user/data/drones_ship_ws/build/aquabot_description -- -j20 -l20
[1.103s] DEBUG:colcon.colcon_core.event_handler.log_command:Invoking command in '/home/user/data/drones_ship_ws/build/aquabot_description': CMAKE_PREFIX_PATH=/home/user/data/drones_ship_ws/install/vrx_gazebo:/home/user/data/drones_ship_ws/install/wamv_gazebo:/home/user/data/drones_ship_ws/install/wamv_description:/home/user/data/drones_ship_ws/install/vrx_gz:/home/user/data/drones_ship_ws/install/vrx_ros:/home/user/data/drones_ship_ws/install/aquabot_description:/home/user/data/drones_ship_ws/install/ros_gz_crazyflie_bringup:/home/user/data/drones_ship_ws/install/ros_gz_crazyflie_gazebo:/home/user/data/drones_ship_ws/install/crazyflie_yolo:/home/user/data/drones_ship_ws/install/crazyflie_ekf:/home/user/data/drones_ship_ws/install/crazyflie_control:/home/user/data/drones_ship_ws/install/aquabot_motion:/home/user/data/drones_ship_ws/install/aquabot_gz:/home/user/data/drones_ship_ws/install/aquabot_ekf:/opt/ros/jazzy/opt/gz_sim_vendor:/opt/ros/jazzy/opt/gz_sensors_vendor:/opt/ros/jazzy/opt/gz_physics_vendor:/opt/ros/jazzy/opt/sdformat_vendor:/opt/ros/jazzy/opt/gz_gui_vendor:/opt/ros/jazzy/opt/gz_transport_vendor:/opt/ros/jazzy/opt/gz_rendering_vendor:/opt/ros/jazzy/opt/gz_plugin_vendor:/opt/ros/jazzy/opt/gz_fuel_tools_vendor:/opt/ros/jazzy/opt/gz_msgs_vendor:/opt/ros/jazzy/opt/gz_common_vendor:/opt/ros/jazzy/opt/gz_math_vendor:/opt/ros/jazzy/opt/gz_utils_vendor:/opt/ros/jazzy/opt/gz_tools_vendor:/opt/ros/jazzy/opt/gz_ogre_next_vendor:/opt/ros/jazzy/opt/gz_dartsim_vendor:/opt/ros/jazzy/opt/gz_cmake_vendor:/home/user/data/drones_ship_ws/install/ros_gz_crazyflie_control:/opt/ros/jazzy DEBUGINFOD_URLS=https://debuginfod.ubuntu.com GZ_SIM_RESOURCE_PATH=/home/user/data/drones_ship_ws/install/vrx_gazebo/share:${GZ_SIM_RESOURCE_PATH} PYTHONPATH=/home/user/data/drones_ship_ws/install/vrx_gazebo/lib/python3.12/site-packages:/home/user/data/drones_ship_ws/install/vrx_gz/lib/python3.12/site-packages:/home/user/data/drones_ship_ws/install/ros_gz_crazyflie_control/lib/python3.12/site-packages:/home/user/data/drones_ship_ws/install/crazyflie_yolo/lib/python3.12/site-packages:/opt/ros/jazzy/lib/python3.12/site-packages /usr/bin/cmake --install /home/user/data/drones_ship_ws/build/aquabot_description
[1.122s] Level 1:colcon.colcon_core.environment:create_environment_scripts_only(aquabot_description)
[1.122s] Level 1:colcon.colcon_core.environment:checking '/home/user/data/drones_ship_ws/install/aquabot_description' for CMake module files
[1.122s] DEBUG:colcon.colcon_core.event_handler.log_command:Invoked command in '/home/user/data/drones_ship_ws/build/aquabot_description' returned '0': CMAKE_PREFIX_PATH=/home/user/data/drones_ship_ws/install/vrx_gazebo:/home/user/data/drones_ship_ws/install/wamv_gazebo:/home/user/data/drones_ship_ws/install/wamv_description:/home/user/data/drones_ship_ws/install/vrx_gz:/home/user/data/drones_ship_ws/install/vrx_ros:/home/user/data/drones_ship_ws/install/aquabot_description:/home/user/data/drones_ship_ws/install/ros_gz_crazyflie_bringup:/home/user/data/drones_ship_ws/install/ros_gz_crazyflie_gazebo:/home/user/data/drones_ship_ws/install/crazyflie_yolo:/home/user/data/drones_ship_ws/install/crazyflie_ekf:/home/user/data/drones_ship_ws/install/crazyflie_control:/home/user/data/drones_ship_ws/install/aquabot_motion:/home/user/data/drones_ship_ws/install/aquabot_gz:/home/user/data/drones_ship_ws/install/aquabot_ekf:/opt/ros/jazzy/opt/gz_sim_vendor:/opt/ros/jazzy/opt/gz_sensors_vendor:/opt/ros/jazzy/opt/gz_physics_vendor:/opt/ros/jazzy/opt/sdformat_vendor:/opt/ros/jazzy/opt/gz_gui_vendor:/opt/ros/jazzy/opt/gz_transport_vendor:/opt/ros/jazzy/opt/gz_rendering_vendor:/opt/ros/jazzy/opt/gz_plugin_vendor:/opt/ros/jazzy/opt/gz_fuel_tools_vendor:/opt/ros/jazzy/opt/gz_msgs_vendor:/opt/ros/jazzy/opt/gz_common_vendor:/opt/ros/jazzy/opt/gz_math_vendor:/opt/ros/jazzy/opt/gz_utils_vendor:/opt/ros/jazzy/opt/gz_tools_vendor:/opt/ros/jazzy/opt/gz_ogre_next_vendor:/opt/ros/jazzy/opt/gz_dartsim_vendor:/opt/ros/jazzy/opt/gz_cmake_vendor:/home/user/data/drones_ship_ws/install/ros_gz_crazyflie_control:/opt/ros/jazzy DEBUGINFOD_URLS=https://debuginfod.ubuntu.com GZ_SIM_RESOURCE_PATH=/home/user/data/drones_ship_ws/install/vrx_gazebo/share:${GZ_SIM_RESOURCE_PATH} PYTHONPATH=/home/user/data/drones_ship_ws/install/vrx_gazebo/lib/python3.12/site-packages:/home/user/data/drones_ship_ws/install/vrx_gz/lib/python3.12/site-packages:/home/user/data/drones_ship_ws/install/ros_gz_crazyflie_control/lib/python3.12/site-packages:/home/user/data/drones_ship_ws/install/crazyflie_yolo/lib/python3.12/site-packages:/opt/ros/jazzy/lib/python3.12/site-packages /usr/bin/cmake --install /home/user/data/drones_ship_ws/build/aquabot_description
[1.123s] Level 1:colcon.colcon_core.environment:checking '/home/user/data/drones_ship_ws/install/aquabot_description' for CMake config files
[1.123s] Level 1:colcon.colcon_core.shell:create_environment_hook('aquabot_description', 'cmake_prefix_path')
[1.123s] INFO:colcon.colcon_core.shell:Creating environment hook '/home/user/data/drones_ship_ws/install/aquabot_description/share/aquabot_description/hook/cmake_prefix_path.ps1'
[1.123s] INFO:colcon.colcon_core.shell:Creating environment descriptor '/home/user/data/drones_ship_ws/install/aquabot_description/share/aquabot_description/hook/cmake_prefix_path.dsv'
[1.124s] INFO:colcon.colcon_core.shell:Creating environment hook '/home/user/data/drones_ship_ws/install/aquabot_description/share/aquabot_description/hook/cmake_prefix_path.sh'
[1.124s] Level 1:colcon.colcon_core.environment:checking '/home/user/data/drones_ship_ws/install/aquabot_description/bin'
[1.124s] Level 1:colcon.colcon_core.environment:checking '/home/user/data/drones_ship_ws/install/aquabot_description/lib/pkgconfig/aquabot_description.pc'
[1.124s] Level 1:colcon.colcon_core.environment:checking '/home/user/data/drones_ship_ws/install/aquabot_description/lib/python3.12/site-packages'
[1.124s] Level 1:colcon.colcon_core.environment:checking '/home/user/data/drones_ship_ws/install/aquabot_description/bin'
[1.124s] INFO:colcon.colcon_core.shell:Creating package script '/home/user/data/drones_ship_ws/install/aquabot_description/share/aquabot_description/package.ps1'
[1.125s] INFO:colcon.colcon_core.shell:Creating package descriptor '/home/user/data/drones_ship_ws/install/aquabot_description/share/aquabot_description/package.dsv'
[1.125s] INFO:colcon.colcon_core.shell:Creating package script '/home/user/data/drones_ship_ws/install/aquabot_description/share/aquabot_description/package.sh'
[1.125s] INFO:colcon.colcon_core.shell:Creating package script '/home/user/data/drones_ship_ws/install/aquabot_description/share/aquabot_description/package.bash'
[1.125s] INFO:colcon.colcon_core.shell:Creating package script '/home/user/data/drones_ship_ws/install/aquabot_description/share/aquabot_description/package.zsh'
[1.125s] Level 1:colcon.colcon_core.environment:create_file_with_runtime_dependencies(/home/user/data/drones_ship_ws/install/aquabot_description/share/colcon-core/packages/aquabot_description)
[1.126s] Level 1:colcon.colcon_core.environment:create_environment_scripts_only(aquabot_description)
[1.126s] Level 1:colcon.colcon_core.environment:checking '/home/user/data/drones_ship_ws/install/aquabot_description' for CMake module files
[1.126s] Level 1:colcon.colcon_core.environment:checking '/home/user/data/drones_ship_ws/install/aquabot_description' for CMake config files
[1.126s] Level 1:colcon.colcon_core.shell:create_environment_hook('aquabot_description', 'cmake_prefix_path')
[1.126s] INFO:colcon.colcon_core.shell:Creating environment hook '/home/user/data/drones_ship_ws/install/aquabot_description/share/aquabot_description/hook/cmake_prefix_path.ps1'
[1.127s] INFO:colcon.colcon_core.shell:Creating environment descriptor '/home/user/data/drones_ship_ws/install/aquabot_description/share/aquabot_description/hook/cmake_prefix_path.dsv'
[1.127s] INFO:colcon.colcon_core.shell:Creating environment hook '/home/user/data/drones_ship_ws/install/aquabot_description/share/aquabot_description/hook/cmake_prefix_path.sh'
[1.127s] Level 1:colcon.colcon_core.environment:checking '/home/user/data/drones_ship_ws/install/aquabot_description/bin'
[1.127s] Level 1:colcon.colcon_core.environment:checking '/home/user/data/drones_ship_ws/install/aquabot_description/lib/pkgconfig/aquabot_description.pc'
[1.127s] Level 1:colcon.colcon_core.environment:checking '/home/user/data/drones_ship_ws/install/aquabot_description/lib/python3.12/site-packages'
[1.127s] Level 1:colcon.colcon_core.environment:checking '/home/user/data/drones_ship_ws/install/aquabot_description/bin'
[1.127s] INFO:colcon.colcon_core.shell:Creating package script '/home/user/data/drones_ship_ws/install/aquabot_description/share/aquabot_description/package.ps1'
[1.128s] INFO:colcon.colcon_core.shell:Creating package descriptor '/home/user/data/drones_ship_ws/install/aquabot_description/share/aquabot_description/package.dsv'
[1.128s] INFO:colcon.colcon_core.shell:Creating package script '/home/user/data/drones_ship_ws/install/aquabot_description/share/aquabot_description/package.sh'
[1.128s] INFO:colcon.colcon_core.shell:Creating package script '/home/user/data/drones_ship_ws/install/aquabot_description/share/aquabot_description/package.bash'
[1.128s] INFO:colcon.colcon_core.shell:Creating package script '/home/user/data/drones_ship_ws/install/aquabot_description/share/aquabot_description/package.zsh'
[1.129s] Level 1:colcon.colcon_core.environment:create_file_with_runtime_dependencies(/home/user/data/drones_ship_ws/install/aquabot_description/share/colcon-core/packages/aquabot_description)
[1.129s] DEBUG:colcon.colcon_core.event_handler.log_command:Invoked command in '/home/user/data/drones_ship_ws/build/wamv_description' returned '0': CMAKE_PREFIX_PATH=/home/user/data/drones_ship_ws/install/vrx_gazebo:/home/user/data/drones_ship_ws/install/wamv_gazebo:/home/user/data/drones_ship_ws/install/wamv_description:/home/user/data/drones_ship_ws/install/vrx_gz:/home/user/data/drones_ship_ws/install/vrx_ros:/home/user/data/drones_ship_ws/install/aquabot_description:/home/user/data/drones_ship_ws/install/ros_gz_crazyflie_bringup:/home/user/data/drones_ship_ws/install/ros_gz_crazyflie_gazebo:/home/user/data/drones_ship_ws/install/crazyflie_yolo:/home/user/data/drones_ship_ws/install/crazyflie_ekf:/home/user/data/drones_ship_ws/install/crazyflie_control:/home/user/data/drones_ship_ws/install/aquabot_motion:/home/user/data/drones_ship_ws/install/aquabot_gz:/home/user/data/drones_ship_ws/install/aquabot_ekf:/opt/ros/jazzy/opt/gz_sim_vendor:/opt/ros/jazzy/opt/gz_sensors_vendor:/opt/ros/jazzy/opt/gz_physics_vendor:/opt/ros/jazzy/opt/sdformat_vendor:/opt/ros/jazzy/opt/gz_gui_vendor:/opt/ros/jazzy/opt/gz_transport_vendor:/opt/ros/jazzy/opt/gz_rendering_vendor:/opt/ros/jazzy/opt/gz_plugin_vendor:/opt/ros/jazzy/opt/gz_fuel_tools_vendor:/opt/ros/jazzy/opt/gz_msgs_vendor:/opt/ros/jazzy/opt/gz_common_vendor:/opt/ros/jazzy/opt/gz_math_vendor:/opt/ros/jazzy/opt/gz_utils_vendor:/opt/ros/jazzy/opt/gz_tools_vendor:/opt/ros/jazzy/opt/gz_ogre_next_vendor:/opt/ros/jazzy/opt/gz_dartsim_vendor:/opt/ros/jazzy/opt/gz_cmake_vendor:/home/user/data/drones_ship_ws/install/ros_gz_crazyflie_control:/opt/ros/jazzy DEBUGINFOD_URLS=https://debuginfod.ubuntu.com GZ_SIM_RESOURCE_PATH=/home/user/data/drones_ship_ws/install/vrx_gazebo/share:${GZ_SIM_RESOURCE_PATH} PYTHONPATH=/home/user/data/drones_ship_ws/install/vrx_gazebo/lib/python3.12/site-packages:/home/user/data/drones_ship_ws/install/vrx_gz/lib/python3.12/site-packages:/home/user/data/drones_ship_ws/install/ros_gz_crazyflie_control/lib/python3.12/site-packages:/home/user/data/drones_ship_ws/install/crazyflie_yolo/lib/python3.12/site-packages:/opt/ros/jazzy/lib/python3.12/site-packages /usr/bin/cmake --build /home/user/data/drones_ship_ws/build/wamv_description -- -j20 -l20
[1.130s] DEBUG:colcon.colcon_core.event_handler.log_command:Invoking command in '/home/user/data/drones_ship_ws/build/wamv_description': CMAKE_PREFIX_PATH=/home/user/data/drones_ship_ws/install/vrx_gazebo:/home/user/data/drones_ship_ws/install/wamv_gazebo:/home/user/data/drones_ship_ws/install/wamv_description:/home/user/data/drones_ship_ws/install/vrx_gz:/home/user/data/drones_ship_ws/install/vrx_ros:/home/user/data/drones_ship_ws/install/aquabot_description:/home/user/data/drones_ship_ws/install/ros_gz_crazyflie_bringup:/home/user/data/drones_ship_ws/install/ros_gz_crazyflie_gazebo:/home/user/data/drones_ship_ws/install/crazyflie_yolo:/home/user/data/drones_ship_ws/install/crazyflie_ekf:/home/user/data/drones_ship_ws/install/crazyflie_control:/home/user/data/drones_ship_ws/install/aquabot_motion:/home/user/data/drones_ship_ws/install/aquabot_gz:/home/user/data/drones_ship_ws/install/aquabot_ekf:/opt/ros/jazzy/opt/gz_sim_vendor:/opt/ros/jazzy/opt/gz_sensors_vendor:/opt/ros/jazzy/opt/gz_physics_vendor:/opt/ros/jazzy/opt/sdformat_vendor:/opt/ros/jazzy/opt/gz_gui_vendor:/opt/ros/jazzy/opt/gz_transport_vendor:/opt/ros/jazzy/opt/gz_rendering_vendor:/opt/ros/jazzy/opt/gz_plugin_vendor:/opt/ros/jazzy/opt/gz_fuel_tools_vendor:/opt/ros/jazzy/opt/gz_msgs_vendor:/opt/ros/jazzy/opt/gz_common_vendor:/opt/ros/jazzy/opt/gz_math_vendor:/opt/ros/jazzy/opt/gz_utils_vendor:/opt/ros/jazzy/opt/gz_tools_vendor:/opt/ros/jazzy/opt/gz_ogre_next_vendor:/opt/ros/jazzy/opt/gz_dartsim_vendor:/opt/ros/jazzy/opt/gz_cmake_vendor:/home/user/data/drones_ship_ws/install/ros_gz_crazyflie_control:/opt/ros/jazzy DEBUGINFOD_URLS=https://debuginfod.ubuntu.com GZ_SIM_RESOURCE_PATH=/home/user/data/drones_ship_ws/install/vrx_gazebo/share:${GZ_SIM_RESOURCE_PATH} PYTHONPATH=/home/user/data/drones_ship_ws/install/vrx_gazebo/lib/python3.12/site-packages:/home/user/data/drones_ship_ws/install/vrx_gz/lib/python3.12/site-packages:/home/user/data/drones_ship_ws/install/ros_gz_crazyflie_control/lib/python3.12/site-packages:/home/user/data/drones_ship_ws/install/crazyflie_yolo/lib/python3.12/site-packages:/opt/ros/jazzy/lib/python3.12/site-packages /usr/bin/cmake --install /home/user/data/drones_ship_ws/build/wamv_description
[1.146s] Level 1:colcon.colcon_core.environment:create_environment_scripts_only(wamv_description)
[1.146s] Level 1:colcon.colcon_core.environment:checking '/home/user/data/drones_ship_ws/install/wamv_description' for CMake module files
[1.146s] DEBUG:colcon.colcon_core.event_handler.log_command:Invoked command in '/home/user/data/drones_ship_ws/build/wamv_description' returned '0': CMAKE_PREFIX_PATH=/home/user/data/drones_ship_ws/install/vrx_gazebo:/home/user/data/drones_ship_ws/install/wamv_gazebo:/home/user/data/drones_ship_ws/install/wamv_description:/home/user/data/drones_ship_ws/install/vrx_gz:/home/user/data/drones_ship_ws/install/vrx_ros:/home/user/data/drones_ship_ws/install/aquabot_description:/home/user/data/drones_ship_ws/install/ros_gz_crazyflie_bringup:/home/user/data/drones_ship_ws/install/ros_gz_crazyflie_gazebo:/home/user/data/drones_ship_ws/install/crazyflie_yolo:/home/user/data/drones_ship_ws/install/crazyflie_ekf:/home/user/data/drones_ship_ws/install/crazyflie_control:/home/user/data/drones_ship_ws/install/aquabot_motion:/home/user/data/drones_ship_ws/install/aquabot_gz:/home/user/data/drones_ship_ws/install/aquabot_ekf:/opt/ros/jazzy/opt/gz_sim_vendor:/opt/ros/jazzy/opt/gz_sensors_vendor:/opt/ros/jazzy/opt/gz_physics_vendor:/opt/ros/jazzy/opt/sdformat_vendor:/opt/ros/jazzy/opt/gz_gui_vendor:/opt/ros/jazzy/opt/gz_transport_vendor:/opt/ros/jazzy/opt/gz_rendering_vendor:/opt/ros/jazzy/opt/gz_plugin_vendor:/opt/ros/jazzy/opt/gz_fuel_tools_vendor:/opt/ros/jazzy/opt/gz_msgs_vendor:/opt/ros/jazzy/opt/gz_common_vendor:/opt/ros/jazzy/opt/gz_math_vendor:/opt/ros/jazzy/opt/gz_utils_vendor:/opt/ros/jazzy/opt/gz_tools_vendor:/opt/ros/jazzy/opt/gz_ogre_next_vendor:/opt/ros/jazzy/opt/gz_dartsim_vendor:/opt/ros/jazzy/opt/gz_cmake_vendor:/home/user/data/drones_ship_ws/install/ros_gz_crazyflie_control:/opt/ros/jazzy DEBUGINFOD_URLS=https://debuginfod.ubuntu.com GZ_SIM_RESOURCE_PATH=/home/user/data/drones_ship_ws/install/vrx_gazebo/share:${GZ_SIM_RESOURCE_PATH} PYTHONPATH=/home/user/data/drones_ship_ws/install/vrx_gazebo/lib/python3.12/site-packages:/home/user/data/drones_ship_ws/install/vrx_gz/lib/python3.12/site-packages:/home/user/data/drones_ship_ws/install/ros_gz_crazyflie_control/lib/python3.12/site-packages:/home/user/data/drones_ship_ws/install/crazyflie_yolo/lib/python3.12/site-packages:/opt/ros/jazzy/lib/python3.12/site-packages /usr/bin/cmake --install /home/user/data/drones_ship_ws/build/wamv_description
[1.147s] Level 1:colcon.colcon_core.environment:checking '/home/user/data/drones_ship_ws/install/wamv_description' for CMake config files
[1.147s] Level 1:colcon.colcon_core.shell:create_environment_hook('wamv_description', 'cmake_prefix_path')
[1.147s] INFO:colcon.colcon_core.shell:Creating environment hook '/home/user/data/drones_ship_ws/install/wamv_description/share/wamv_description/hook/cmake_prefix_path.ps1'
[1.147s] INFO:colcon.colcon_core.shell:Creating environment descriptor '/home/user/data/drones_ship_ws/install/wamv_description/share/wamv_description/hook/cmake_prefix_path.dsv'
[1.148s] INFO:colcon.colcon_core.shell:Creating environment hook '/home/user/data/drones_ship_ws/install/wamv_description/share/wamv_description/hook/cmake_prefix_path.sh'
[1.148s] Level 1:colcon.colcon_core.environment:checking '/home/user/data/drones_ship_ws/install/wamv_description/bin'
[1.148s] Level 1:colcon.colcon_core.environment:checking '/home/user/data/drones_ship_ws/install/wamv_description/lib/pkgconfig/wamv_description.pc'
[1.148s] Level 1:colcon.colcon_core.environment:checking '/home/user/data/drones_ship_ws/install/wamv_description/lib/python3.12/site-packages'
[1.148s] Level 1:colcon.colcon_core.environment:checking '/home/user/data/drones_ship_ws/install/wamv_description/bin'
[1.148s] INFO:colcon.colcon_core.shell:Creating package script '/home/user/data/drones_ship_ws/install/wamv_description/share/wamv_description/package.ps1'
[1.149s] INFO:colcon.colcon_core.shell:Creating package descriptor '/home/user/data/drones_ship_ws/install/wamv_description/share/wamv_description/package.dsv'
[1.149s] INFO:colcon.colcon_core.shell:Creating package script '/home/user/data/drones_ship_ws/install/wamv_description/share/wamv_description/package.sh'
[1.149s] INFO:colcon.colcon_core.shell:Creating package script '/home/user/data/drones_ship_ws/install/wamv_description/share/wamv_description/package.bash'
[1.149s] INFO:colcon.colcon_core.shell:Creating package script '/home/user/data/drones_ship_ws/install/wamv_description/share/wamv_description/package.zsh'
[1.149s] Level 1:colcon.colcon_core.environment:create_file_with_runtime_dependencies(/home/user/data/drones_ship_ws/install/wamv_description/share/colcon-core/packages/wamv_description)
[1.150s] Level 1:colcon.colcon_core.environment:create_environment_scripts_only(wamv_description)
[1.150s] Level 1:colcon.colcon_core.environment:checking '/home/user/data/drones_ship_ws/install/wamv_description' for CMake module files
[1.150s] Level 1:colcon.colcon_core.environment:checking '/home/user/data/drones_ship_ws/install/wamv_description' for CMake config files
[1.150s] Level 1:colcon.colcon_core.shell:create_environment_hook('wamv_description', 'cmake_prefix_path')
[1.150s] INFO:colcon.colcon_core.shell:Creating environment hook '/home/user/data/drones_ship_ws/install/wamv_description/share/wamv_description/hook/cmake_prefix_path.ps1'
[1.151s] INFO:colcon.colcon_core.shell:Creating environment descriptor '/home/user/data/drones_ship_ws/install/wamv_description/share/wamv_description/hook/cmake_prefix_path.dsv'
[1.151s] INFO:colcon.colcon_core.shell:Creating environment hook '/home/user/data/drones_ship_ws/install/wamv_description/share/wamv_description/hook/cmake_prefix_path.sh'
[1.151s] Level 1:colcon.colcon_core.environment:checking '/home/user/data/drones_ship_ws/install/wamv_description/bin'
[1.151s] Level 1:colcon.colcon_core.environment:checking '/home/user/data/drones_ship_ws/install/wamv_description/lib/pkgconfig/wamv_description.pc'
[1.151s] Level 1:colcon.colcon_core.environment:checking '/home/user/data/drones_ship_ws/install/wamv_description/lib/python3.12/site-packages'
[1.151s] Level 1:colcon.colcon_core.environment:checking '/home/user/data/drones_ship_ws/install/wamv_description/bin'
[1.151s] INFO:colcon.colcon_core.shell:Creating package script '/home/user/data/drones_ship_ws/install/wamv_description/share/wamv_description/package.ps1'
[1.152s] INFO:colcon.colcon_core.shell:Creating package descriptor '/home/user/data/drones_ship_ws/install/wamv_description/share/wamv_description/package.dsv'
[1.152s] INFO:colcon.colcon_core.shell:Creating package script '/home/user/data/drones_ship_ws/install/wamv_description/share/wamv_description/package.sh'
[1.152s] INFO:colcon.colcon_core.shell:Creating package script '/home/user/data/drones_ship_ws/install/wamv_description/share/wamv_description/package.bash'
[1.152s] INFO:colcon.colcon_core.shell:Creating package script '/home/user/data/drones_ship_ws/install/wamv_description/share/wamv_description/package.zsh'
[1.153s] Level 1:colcon.colcon_core.environment:create_file_with_runtime_dependencies(/home/user/data/drones_ship_ws/install/wamv_description/share/colcon-core/packages/wamv_description)
[1.153s] INFO:colcon.colcon_ros.task.ament_cmake.build:Building ROS package in '/home/user/data/drones_ship_ws/src/drone_ship/vrx/vrx_urdf/wamv_gazebo' with build type 'ament_cmake'
[1.153s] INFO:colcon.colcon_cmake.task.cmake.build:Building CMake package in '/home/user/data/drones_ship_ws/src/drone_ship/vrx/vrx_urdf/wamv_gazebo'
[1.153s] INFO:colcon.colcon_core.shell:Skip shell extension 'powershell' for command environment: Not usable outside of PowerShell
[1.153s] DEBUG:colcon.colcon_core.shell:Skip shell extension 'dsv' for command environment
[1.163s] DEBUG:colcon.colcon_core.event_handler.log_command:Invoking command in '/home/user/data/drones_ship_ws/build/wamv_gazebo': CMAKE_PREFIX_PATH=/home/user/data/drones_ship_ws/install/wamv_description:/home/user/data/drones_ship_ws/install/vrx_gazebo:/home/user/data/drones_ship_ws/install/wamv_gazebo:/home/user/data/drones_ship_ws/install/vrx_gz:/home/user/data/drones_ship_ws/install/vrx_ros:/home/user/data/drones_ship_ws/install/aquabot_description:/home/user/data/drones_ship_ws/install/ros_gz_crazyflie_bringup:/home/user/data/drones_ship_ws/install/ros_gz_crazyflie_gazebo:/home/user/data/drones_ship_ws/install/crazyflie_yolo:/home/user/data/drones_ship_ws/install/crazyflie_ekf:/home/user/data/drones_ship_ws/install/crazyflie_control:/home/user/data/drones_ship_ws/install/aquabot_motion:/home/user/data/drones_ship_ws/install/aquabot_gz:/home/user/data/drones_ship_ws/install/aquabot_ekf:/opt/ros/jazzy/opt/gz_sim_vendor:/opt/ros/jazzy/opt/gz_sensors_vendor:/opt/ros/jazzy/opt/gz_physics_vendor:/opt/ros/jazzy/opt/sdformat_vendor:/opt/ros/jazzy/opt/gz_gui_vendor:/opt/ros/jazzy/opt/gz_transport_vendor:/opt/ros/jazzy/opt/gz_rendering_vendor:/opt/ros/jazzy/opt/gz_plugin_vendor:/opt/ros/jazzy/opt/gz_fuel_tools_vendor:/opt/ros/jazzy/opt/gz_msgs_vendor:/opt/ros/jazzy/opt/gz_common_vendor:/opt/ros/jazzy/opt/gz_math_vendor:/opt/ros/jazzy/opt/gz_utils_vendor:/opt/ros/jazzy/opt/gz_tools_vendor:/opt/ros/jazzy/opt/gz_ogre_next_vendor:/opt/ros/jazzy/opt/gz_dartsim_vendor:/opt/ros/jazzy/opt/gz_cmake_vendor:/home/user/data/drones_ship_ws/install/ros_gz_crazyflie_control:/opt/ros/jazzy DEBUGINFOD_URLS=https://debuginfod.ubuntu.com GZ_SIM_RESOURCE_PATH=/home/user/data/drones_ship_ws/install/wamv_description/share:/home/user/data/drones_ship_ws/install/vrx_gazebo/share:${GZ_SIM_RESOURCE_PATH} PYTHONPATH=/home/user/data/drones_ship_ws/install/vrx_gazebo/lib/python3.12/site-packages:/home/user/data/drones_ship_ws/install/vrx_gz/lib/python3.12/site-packages:/home/user/data/drones_ship_ws/install/ros_gz_crazyflie_control/lib/python3.12/site-packages:/home/user/data/drones_ship_ws/install/crazyflie_yolo/lib/python3.12/site-packages:/opt/ros/jazzy/lib/python3.12/site-packages /usr/bin/cmake --build /home/user/data/drones_ship_ws/build/wamv_gazebo -- -j20 -l20
[1.211s] DEBUG:colcon.colcon_core.event_handler.log_command:Invoking command in '/home/user/data/drones_ship_ws/src/drone_ship/ros_gz_crazyflie/ros_gz_crazyflie_control': DEBUGINFOD_URLS=https://debuginfod.ubuntu.com PYTHONPATH=/home/user/data/drones_ship_ws/build/ros_gz_crazyflie_control/prefix_override:/usr/lib/python3/dist-packages/colcon_core/task/python/colcon_distutils_commands:/home/user/data/drones_ship_ws/install/ros_gz_crazyflie_control/lib/python3.12/site-packages:${PYTHONPATH} /usr/bin/python3 -W ignore:setup.py install is deprecated -W ignore:easy_install command is deprecated setup.py egg_info --egg-base ../../../../build/ros_gz_crazyflie_control build --build-base /home/user/data/drones_ship_ws/build/ros_gz_crazyflie_control/build install --record /home/user/data/drones_ship_ws/build/ros_gz_crazyflie_control/install.log --single-version-externally-managed install_data
[1.237s] DEBUG:colcon.colcon_core.event_handler.log_command:Invoked command in '/home/user/data/drones_ship_ws/build/wamv_gazebo' returned '0': CMAKE_PREFIX_PATH=/home/user/data/drones_ship_ws/install/wamv_description:/home/user/data/drones_ship_ws/install/vrx_gazebo:/home/user/data/drones_ship_ws/install/wamv_gazebo:/home/user/data/drones_ship_ws/install/vrx_gz:/home/user/data/drones_ship_ws/install/vrx_ros:/home/user/data/drones_ship_ws/install/aquabot_description:/home/user/data/drones_ship_ws/install/ros_gz_crazyflie_bringup:/home/user/data/drones_ship_ws/install/ros_gz_crazyflie_gazebo:/home/user/data/drones_ship_ws/install/crazyflie_yolo:/home/user/data/drones_ship_ws/install/crazyflie_ekf:/home/user/data/drones_ship_ws/install/crazyflie_control:/home/user/data/drones_ship_ws/install/aquabot_motion:/home/user/data/drones_ship_ws/install/aquabot_gz:/home/user/data/drones_ship_ws/install/aquabot_ekf:/opt/ros/jazzy/opt/gz_sim_vendor:/opt/ros/jazzy/opt/gz_sensors_vendor:/opt/ros/jazzy/opt/gz_physics_vendor:/opt/ros/jazzy/opt/sdformat_vendor:/opt/ros/jazzy/opt/gz_gui_vendor:/opt/ros/jazzy/opt/gz_transport_vendor:/opt/ros/jazzy/opt/gz_rendering_vendor:/opt/ros/jazzy/opt/gz_plugin_vendor:/opt/ros/jazzy/opt/gz_fuel_tools_vendor:/opt/ros/jazzy/opt/gz_msgs_vendor:/opt/ros/jazzy/opt/gz_common_vendor:/opt/ros/jazzy/opt/gz_math_vendor:/opt/ros/jazzy/opt/gz_utils_vendor:/opt/ros/jazzy/opt/gz_tools_vendor:/opt/ros/jazzy/opt/gz_ogre_next_vendor:/opt/ros/jazzy/opt/gz_dartsim_vendor:/opt/ros/jazzy/opt/gz_cmake_vendor:/home/user/data/drones_ship_ws/install/ros_gz_crazyflie_control:/opt/ros/jazzy DEBUGINFOD_URLS=https://debuginfod.ubuntu.com GZ_SIM_RESOURCE_PATH=/home/user/data/drones_ship_ws/install/wamv_description/share:/home/user/data/drones_ship_ws/install/vrx_gazebo/share:${GZ_SIM_RESOURCE_PATH} PYTHONPATH=/home/user/data/drones_ship_ws/install/vrx_gazebo/lib/python3.12/site-packages:/home/user/data/drones_ship_ws/install/vrx_gz/lib/python3.12/site-packages:/home/user/data/drones_ship_ws/install/ros_gz_crazyflie_control/lib/python3.12/site-packages:/home/user/data/drones_ship_ws/install/crazyflie_yolo/lib/python3.12/site-packages:/opt/ros/jazzy/lib/python3.12/site-packages /usr/bin/cmake --build /home/user/data/drones_ship_ws/build/wamv_gazebo -- -j20 -l20
[1.238s] DEBUG:colcon.colcon_core.event_handler.log_command:Invoking command in '/home/user/data/drones_ship_ws/build/wamv_gazebo': CMAKE_PREFIX_PATH=/home/user/data/drones_ship_ws/install/wamv_description:/home/user/data/drones_ship_ws/install/vrx_gazebo:/home/user/data/drones_ship_ws/install/wamv_gazebo:/home/user/data/drones_ship_ws/install/vrx_gz:/home/user/data/drones_ship_ws/install/vrx_ros:/home/user/data/drones_ship_ws/install/aquabot_description:/home/user/data/drones_ship_ws/install/ros_gz_crazyflie_bringup:/home/user/data/drones_ship_ws/install/ros_gz_crazyflie_gazebo:/home/user/data/drones_ship_ws/install/crazyflie_yolo:/home/user/data/drones_ship_ws/install/crazyflie_ekf:/home/user/data/drones_ship_ws/install/crazyflie_control:/home/user/data/drones_ship_ws/install/aquabot_motion:/home/user/data/drones_ship_ws/install/aquabot_gz:/home/user/data/drones_ship_ws/install/aquabot_ekf:/opt/ros/jazzy/opt/gz_sim_vendor:/opt/ros/jazzy/opt/gz_sensors_vendor:/opt/ros/jazzy/opt/gz_physics_vendor:/opt/ros/jazzy/opt/sdformat_vendor:/opt/ros/jazzy/opt/gz_gui_vendor:/opt/ros/jazzy/opt/gz_transport_vendor:/opt/ros/jazzy/opt/gz_rendering_vendor:/opt/ros/jazzy/opt/gz_plugin_vendor:/opt/ros/jazzy/opt/gz_fuel_tools_vendor:/opt/ros/jazzy/opt/gz_msgs_vendor:/opt/ros/jazzy/opt/gz_common_vendor:/opt/ros/jazzy/opt/gz_math_vendor:/opt/ros/jazzy/opt/gz_utils_vendor:/opt/ros/jazzy/opt/gz_tools_vendor:/opt/ros/jazzy/opt/gz_ogre_next_vendor:/opt/ros/jazzy/opt/gz_dartsim_vendor:/opt/ros/jazzy/opt/gz_cmake_vendor:/home/user/data/drones_ship_ws/install/ros_gz_crazyflie_control:/opt/ros/jazzy DEBUGINFOD_URLS=https://debuginfod.ubuntu.com GZ_SIM_RESOURCE_PATH=/home/user/data/drones_ship_ws/install/wamv_description/share:/home/user/data/drones_ship_ws/install/vrx_gazebo/share:${GZ_SIM_RESOURCE_PATH} PYTHONPATH=/home/user/data/drones_ship_ws/install/vrx_gazebo/lib/python3.12/site-packages:/home/user/data/drones_ship_ws/install/vrx_gz/lib/python3.12/site-packages:/home/user/data/drones_ship_ws/install/ros_gz_crazyflie_control/lib/python3.12/site-packages:/home/user/data/drones_ship_ws/install/crazyflie_yolo/lib/python3.12/site-packages:/opt/ros/jazzy/lib/python3.12/site-packages /usr/bin/cmake --install /home/user/data/drones_ship_ws/build/wamv_gazebo
[1.257s] Level 1:colcon.colcon_core.environment:create_environment_scripts_only(wamv_gazebo)
[1.257s] Level 1:colcon.colcon_core.environment:checking '/home/user/data/drones_ship_ws/install/wamv_gazebo' for CMake module files
[1.257s] DEBUG:colcon.colcon_core.event_handler.log_command:Invoked command in '/home/user/data/drones_ship_ws/build/wamv_gazebo' returned '0': CMAKE_PREFIX_PATH=/home/user/data/drones_ship_ws/install/wamv_description:/home/user/data/drones_ship_ws/install/vrx_gazebo:/home/user/data/drones_ship_ws/install/wamv_gazebo:/home/user/data/drones_ship_ws/install/vrx_gz:/home/user/data/drones_ship_ws/install/vrx_ros:/home/user/data/drones_ship_ws/install/aquabot_description:/home/user/data/drones_ship_ws/install/ros_gz_crazyflie_bringup:/home/user/data/drones_ship_ws/install/ros_gz_crazyflie_gazebo:/home/user/data/drones_ship_ws/install/crazyflie_yolo:/home/user/data/drones_ship_ws/install/crazyflie_ekf:/home/user/data/drones_ship_ws/install/crazyflie_control:/home/user/data/drones_ship_ws/install/aquabot_motion:/home/user/data/drones_ship_ws/install/aquabot_gz:/home/user/data/drones_ship_ws/install/aquabot_ekf:/opt/ros/jazzy/opt/gz_sim_vendor:/opt/ros/jazzy/opt/gz_sensors_vendor:/opt/ros/jazzy/opt/gz_physics_vendor:/opt/ros/jazzy/opt/sdformat_vendor:/opt/ros/jazzy/opt/gz_gui_vendor:/opt/ros/jazzy/opt/gz_transport_vendor:/opt/ros/jazzy/opt/gz_rendering_vendor:/opt/ros/jazzy/opt/gz_plugin_vendor:/opt/ros/jazzy/opt/gz_fuel_tools_vendor:/opt/ros/jazzy/opt/gz_msgs_vendor:/opt/ros/jazzy/opt/gz_common_vendor:/opt/ros/jazzy/opt/gz_math_vendor:/opt/ros/jazzy/opt/gz_utils_vendor:/opt/ros/jazzy/opt/gz_tools_vendor:/opt/ros/jazzy/opt/gz_ogre_next_vendor:/opt/ros/jazzy/opt/gz_dartsim_vendor:/opt/ros/jazzy/opt/gz_cmake_vendor:/home/user/data/drones_ship_ws/install/ros_gz_crazyflie_control:/opt/ros/jazzy DEBUGINFOD_URLS=https://debuginfod.ubuntu.com GZ_SIM_RESOURCE_PATH=/home/user/data/drones_ship_ws/install/wamv_description/share:/home/user/data/drones_ship_ws/install/vrx_gazebo/share:${GZ_SIM_RESOURCE_PATH} PYTHONPATH=/home/user/data/drones_ship_ws/install/vrx_gazebo/lib/python3.12/site-packages:/home/user/data/drones_ship_ws/install/vrx_gz/lib/python3.12/site-packages:/home/user/data/drones_ship_ws/install/ros_gz_crazyflie_control/lib/python3.12/site-packages:/home/user/data/drones_ship_ws/install/crazyflie_yolo/lib/python3.12/site-packages:/opt/ros/jazzy/lib/python3.12/site-packages /usr/bin/cmake --install /home/user/data/drones_ship_ws/build/wamv_gazebo
[1.258s] Level 1:colcon.colcon_core.environment:checking '/home/user/data/drones_ship_ws/install/wamv_gazebo' for CMake config files
[1.258s] Level 1:colcon.colcon_core.shell:create_environment_hook('wamv_gazebo', 'cmake_prefix_path')
[1.258s] INFO:colcon.colcon_core.shell:Creating environment hook '/home/user/data/drones_ship_ws/install/wamv_gazebo/share/wamv_gazebo/hook/cmake_prefix_path.ps1'
[1.258s] INFO:colcon.colcon_core.shell:Creating environment descriptor '/home/user/data/drones_ship_ws/install/wamv_gazebo/share/wamv_gazebo/hook/cmake_prefix_path.dsv'
[1.258s] INFO:colcon.colcon_core.shell:Creating environment hook '/home/user/data/drones_ship_ws/install/wamv_gazebo/share/wamv_gazebo/hook/cmake_prefix_path.sh'
[1.259s] Level 1:colcon.colcon_core.environment:checking '/home/user/data/drones_ship_ws/install/wamv_gazebo/bin'
[1.259s] Level 1:colcon.colcon_core.environment:checking '/home/user/data/drones_ship_ws/install/wamv_gazebo/lib/pkgconfig/wamv_gazebo.pc'
[1.259s] Level 1:colcon.colcon_core.environment:checking '/home/user/data/drones_ship_ws/install/wamv_gazebo/lib/python3.12/site-packages'
[1.259s] Level 1:colcon.colcon_core.environment:checking '/home/user/data/drones_ship_ws/install/wamv_gazebo/bin'
[1.259s] INFO:colcon.colcon_core.shell:Creating package script '/home/user/data/drones_ship_ws/install/wamv_gazebo/share/wamv_gazebo/package.ps1'
[1.259s] INFO:colcon.colcon_core.shell:Creating package descriptor '/home/user/data/drones_ship_ws/install/wamv_gazebo/share/wamv_gazebo/package.dsv'
[1.260s] INFO:colcon.colcon_core.shell:Creating package script '/home/user/data/drones_ship_ws/install/wamv_gazebo/share/wamv_gazebo/package.sh'
[1.260s] INFO:colcon.colcon_core.shell:Creating package script '/home/user/data/drones_ship_ws/install/wamv_gazebo/share/wamv_gazebo/package.bash'
[1.260s] INFO:colcon.colcon_core.shell:Creating package script '/home/user/data/drones_ship_ws/install/wamv_gazebo/share/wamv_gazebo/package.zsh'
[1.260s] Level 1:colcon.colcon_core.environment:create_file_with_runtime_dependencies(/home/user/data/drones_ship_ws/install/wamv_gazebo/share/colcon-core/packages/wamv_gazebo)
[1.260s] Level 1:colcon.colcon_core.environment:create_environment_scripts_only(wamv_gazebo)
[1.261s] Level 1:colcon.colcon_core.environment:checking '/home/user/data/drones_ship_ws/install/wamv_gazebo' for CMake module files
[1.261s] Level 1:colcon.colcon_core.environment:checking '/home/user/data/drones_ship_ws/install/wamv_gazebo' for CMake config files
[1.261s] Level 1:colcon.colcon_core.shell:create_environment_hook('wamv_gazebo', 'cmake_prefix_path')
[1.261s] INFO:colcon.colcon_core.shell:Creating environment hook '/home/user/data/drones_ship_ws/install/wamv_gazebo/share/wamv_gazebo/hook/cmake_prefix_path.ps1'
[1.261s] INFO:colcon.colcon_core.shell:Creating environment descriptor '/home/user/data/drones_ship_ws/install/wamv_gazebo/share/wamv_gazebo/hook/cmake_prefix_path.dsv'
[1.262s] INFO:colcon.colcon_core.shell:Creating environment hook '/home/user/data/drones_ship_ws/install/wamv_gazebo/share/wamv_gazebo/hook/cmake_prefix_path.sh'
[1.262s] Level 1:colcon.colcon_core.environment:checking '/home/user/data/drones_ship_ws/install/wamv_gazebo/bin'
[1.262s] Level 1:colcon.colcon_core.environment:checking '/home/user/data/drones_ship_ws/install/wamv_gazebo/lib/pkgconfig/wamv_gazebo.pc'
[1.262s] Level 1:colcon.colcon_core.environment:checking '/home/user/data/drones_ship_ws/install/wamv_gazebo/lib/python3.12/site-packages'
[1.262s] Level 1:colcon.colcon_core.environment:checking '/home/user/data/drones_ship_ws/install/wamv_gazebo/bin'
[1.262s] INFO:colcon.colcon_core.shell:Creating package script '/home/user/data/drones_ship_ws/install/wamv_gazebo/share/wamv_gazebo/package.ps1'
[1.263s] INFO:colcon.colcon_core.shell:Creating package descriptor '/home/user/data/drones_ship_ws/install/wamv_gazebo/share/wamv_gazebo/package.dsv'
[1.263s] INFO:colcon.colcon_core.shell:Creating package script '/home/user/data/drones_ship_ws/install/wamv_gazebo/share/wamv_gazebo/package.sh'
[1.263s] INFO:colcon.colcon_core.shell:Creating package script '/home/user/data/drones_ship_ws/install/wamv_gazebo/share/wamv_gazebo/package.bash'
[1.263s] INFO:colcon.colcon_core.shell:Creating package script '/home/user/data/drones_ship_ws/install/wamv_gazebo/share/wamv_gazebo/package.zsh'
[1.264s] Level 1:colcon.colcon_core.environment:create_file_with_runtime_dependencies(/home/user/data/drones_ship_ws/install/wamv_gazebo/share/colcon-core/packages/wamv_gazebo)
[1.387s] DEBUG:colcon.colcon_core.event_handler.log_command:Invoked command in '/home/user/data/drones_ship_ws/build/vrx_gz' returned '0': CMAKE_PREFIX_PATH=/home/user/data/drones_ship_ws/install/vrx_ros:/home/user/data/drones_ship_ws/install/wamv_gazebo:/home/user/data/drones_ship_ws/install/wamv_description:/home/user/data/drones_ship_ws/install/vrx_gz:/home/user/data/drones_ship_ws/install/aquabot_description:/home/user/data/drones_ship_ws/install/vrx_gazebo:/home/user/data/drones_ship_ws/install/ros_gz_crazyflie_bringup:/home/user/data/drones_ship_ws/install/ros_gz_crazyflie_gazebo:/home/user/data/drones_ship_ws/install/crazyflie_yolo:/home/user/data/drones_ship_ws/install/crazyflie_ekf:/home/user/data/drones_ship_ws/install/crazyflie_control:/home/user/data/drones_ship_ws/install/aquabot_motion:/home/user/data/drones_ship_ws/install/aquabot_gz:/home/user/data/drones_ship_ws/install/aquabot_ekf:/opt/ros/jazzy/opt/gz_sim_vendor:/opt/ros/jazzy/opt/gz_sensors_vendor:/opt/ros/jazzy/opt/gz_physics_vendor:/opt/ros/jazzy/opt/sdformat_vendor:/opt/ros/jazzy/opt/gz_gui_vendor:/opt/ros/jazzy/opt/gz_transport_vendor:/opt/ros/jazzy/opt/gz_rendering_vendor:/opt/ros/jazzy/opt/gz_plugin_vendor:/opt/ros/jazzy/opt/gz_fuel_tools_vendor:/opt/ros/jazzy/opt/gz_msgs_vendor:/opt/ros/jazzy/opt/gz_common_vendor:/opt/ros/jazzy/opt/gz_math_vendor:/opt/ros/jazzy/opt/gz_utils_vendor:/opt/ros/jazzy/opt/gz_tools_vendor:/opt/ros/jazzy/opt/gz_ogre_next_vendor:/opt/ros/jazzy/opt/gz_dartsim_vendor:/opt/ros/jazzy/opt/gz_cmake_vendor:/home/user/data/drones_ship_ws/install/ros_gz_crazyflie_control:/opt/ros/jazzy DEBUGINFOD_URLS=https://debuginfod.ubuntu.com /usr/bin/cmake --build /home/user/data/drones_ship_ws/build/vrx_gz -- -j20 -l20
[1.388s] DEBUG:colcon.colcon_core.event_handler.log_command:Invoking command in '/home/user/data/drones_ship_ws/build/vrx_gz': CMAKE_PREFIX_PATH=/home/user/data/drones_ship_ws/install/vrx_ros:/home/user/data/drones_ship_ws/install/wamv_gazebo:/home/user/data/drones_ship_ws/install/wamv_description:/home/user/data/drones_ship_ws/install/vrx_gz:/home/user/data/drones_ship_ws/install/aquabot_description:/home/user/data/drones_ship_ws/install/vrx_gazebo:/home/user/data/drones_ship_ws/install/ros_gz_crazyflie_bringup:/home/user/data/drones_ship_ws/install/ros_gz_crazyflie_gazebo:/home/user/data/drones_ship_ws/install/crazyflie_yolo:/home/user/data/drones_ship_ws/install/crazyflie_ekf:/home/user/data/drones_ship_ws/install/crazyflie_control:/home/user/data/drones_ship_ws/install/aquabot_motion:/home/user/data/drones_ship_ws/install/aquabot_gz:/home/user/data/drones_ship_ws/install/aquabot_ekf:/opt/ros/jazzy/opt/gz_sim_vendor:/opt/ros/jazzy/opt/gz_sensors_vendor:/opt/ros/jazzy/opt/gz_physics_vendor:/opt/ros/jazzy/opt/sdformat_vendor:/opt/ros/jazzy/opt/gz_gui_vendor:/opt/ros/jazzy/opt/gz_transport_vendor:/opt/ros/jazzy/opt/gz_rendering_vendor:/opt/ros/jazzy/opt/gz_plugin_vendor:/opt/ros/jazzy/opt/gz_fuel_tools_vendor:/opt/ros/jazzy/opt/gz_msgs_vendor:/opt/ros/jazzy/opt/gz_common_vendor:/opt/ros/jazzy/opt/gz_math_vendor:/opt/ros/jazzy/opt/gz_utils_vendor:/opt/ros/jazzy/opt/gz_tools_vendor:/opt/ros/jazzy/opt/gz_ogre_next_vendor:/opt/ros/jazzy/opt/gz_dartsim_vendor:/opt/ros/jazzy/opt/gz_cmake_vendor:/home/user/data/drones_ship_ws/install/ros_gz_crazyflie_control:/opt/ros/jazzy DEBUGINFOD_URLS=https://debuginfod.ubuntu.com /usr/bin/cmake --install /home/user/data/drones_ship_ws/build/vrx_gz
[1.459s] Level 1:colcon.colcon_core.environment:create_environment_scripts_only(vrx_gz)
[1.459s] Level 1:colcon.colcon_core.environment:checking '/home/user/data/drones_ship_ws/install/vrx_gz' for CMake module files
[1.459s] DEBUG:colcon.colcon_core.event_handler.log_command:Invoked command in '/home/user/data/drones_ship_ws/build/vrx_gz' returned '0': CMAKE_PREFIX_PATH=/home/user/data/drones_ship_ws/install/vrx_ros:/home/user/data/drones_ship_ws/install/wamv_gazebo:/home/user/data/drones_ship_ws/install/wamv_description:/home/user/data/drones_ship_ws/install/vrx_gz:/home/user/data/drones_ship_ws/install/aquabot_description:/home/user/data/drones_ship_ws/install/vrx_gazebo:/home/user/data/drones_ship_ws/install/ros_gz_crazyflie_bringup:/home/user/data/drones_ship_ws/install/ros_gz_crazyflie_gazebo:/home/user/data/drones_ship_ws/install/crazyflie_yolo:/home/user/data/drones_ship_ws/install/crazyflie_ekf:/home/user/data/drones_ship_ws/install/crazyflie_control:/home/user/data/drones_ship_ws/install/aquabot_motion:/home/user/data/drones_ship_ws/install/aquabot_gz:/home/user/data/drones_ship_ws/install/aquabot_ekf:/opt/ros/jazzy/opt/gz_sim_vendor:/opt/ros/jazzy/opt/gz_sensors_vendor:/opt/ros/jazzy/opt/gz_physics_vendor:/opt/ros/jazzy/opt/sdformat_vendor:/opt/ros/jazzy/opt/gz_gui_vendor:/opt/ros/jazzy/opt/gz_transport_vendor:/opt/ros/jazzy/opt/gz_rendering_vendor:/opt/ros/jazzy/opt/gz_plugin_vendor:/opt/ros/jazzy/opt/gz_fuel_tools_vendor:/opt/ros/jazzy/opt/gz_msgs_vendor:/opt/ros/jazzy/opt/gz_common_vendor:/opt/ros/jazzy/opt/gz_math_vendor:/opt/ros/jazzy/opt/gz_utils_vendor:/opt/ros/jazzy/opt/gz_tools_vendor:/opt/ros/jazzy/opt/gz_ogre_next_vendor:/opt/ros/jazzy/opt/gz_dartsim_vendor:/opt/ros/jazzy/opt/gz_cmake_vendor:/home/user/data/drones_ship_ws/install/ros_gz_crazyflie_control:/opt/ros/jazzy DEBUGINFOD_URLS=https://debuginfod.ubuntu.com /usr/bin/cmake --install /home/user/data/drones_ship_ws/build/vrx_gz
[1.459s] Level 1:colcon.colcon_core.environment:checking '/home/user/data/drones_ship_ws/install/vrx_gz' for CMake config files
[1.460s] Level 1:colcon.colcon_core.shell:create_environment_hook('vrx_gz', 'cmake_prefix_path')
[1.461s] INFO:colcon.colcon_core.shell:Creating environment hook '/home/user/data/drones_ship_ws/install/vrx_gz/share/vrx_gz/hook/cmake_prefix_path.ps1'
[1.461s] INFO:colcon.colcon_core.shell:Creating environment descriptor '/home/user/data/drones_ship_ws/install/vrx_gz/share/vrx_gz/hook/cmake_prefix_path.dsv'
[1.461s] INFO:colcon.colcon_core.shell:Creating environment hook '/home/user/data/drones_ship_ws/install/vrx_gz/share/vrx_gz/hook/cmake_prefix_path.sh'
[1.461s] Level 1:colcon.colcon_core.environment:checking '/home/user/data/drones_ship_ws/install/vrx_gz/lib'
[1.462s] Level 1:colcon.colcon_core.shell:create_environment_hook('vrx_gz', 'ld_library_path_lib')
[1.462s] INFO:colcon.colcon_core.shell:Creating environment hook '/home/user/data/drones_ship_ws/install/vrx_gz/share/vrx_gz/hook/ld_library_path_lib.ps1'
[1.462s] INFO:colcon.colcon_core.shell:Creating environment descriptor '/home/user/data/drones_ship_ws/install/vrx_gz/share/vrx_gz/hook/ld_library_path_lib.dsv'
[1.462s] INFO:colcon.colcon_core.shell:Creating environment hook '/home/user/data/drones_ship_ws/install/vrx_gz/share/vrx_gz/hook/ld_library_path_lib.sh'
[1.462s] Level 1:colcon.colcon_core.environment:checking '/home/user/data/drones_ship_ws/install/vrx_gz/bin'
[1.462s] Level 1:colcon.colcon_core.environment:checking '/home/user/data/drones_ship_ws/install/vrx_gz/lib/pkgconfig/vrx_gz.pc'
[1.462s] Level 1:colcon.colcon_core.environment:checking '/home/user/data/drones_ship_ws/install/vrx_gz/lib/python3.12/site-packages'
[1.463s] Level 1:colcon.colcon_core.shell:create_environment_hook('vrx_gz', 'pythonpath')
[1.463s] INFO:colcon.colcon_core.shell:Creating environment hook '/home/user/data/drones_ship_ws/install/vrx_gz/share/vrx_gz/hook/pythonpath.ps1'
[1.463s] INFO:colcon.colcon_core.shell:Creating environment descriptor '/home/user/data/drones_ship_ws/install/vrx_gz/share/vrx_gz/hook/pythonpath.dsv'
[1.463s] INFO:colcon.colcon_core.shell:Creating environment hook '/home/user/data/drones_ship_ws/install/vrx_gz/share/vrx_gz/hook/pythonpath.sh'
[1.463s] Level 1:colcon.colcon_core.environment:checking '/home/user/data/drones_ship_ws/install/vrx_gz/bin'
[1.463s] INFO:colcon.colcon_core.shell:Creating package script '/home/user/data/drones_ship_ws/install/vrx_gz/share/vrx_gz/package.ps1'
[1.464s] INFO:colcon.colcon_core.shell:Creating package descriptor '/home/user/data/drones_ship_ws/install/vrx_gz/share/vrx_gz/package.dsv'
[1.464s] INFO:colcon.colcon_core.shell:Creating package script '/home/user/data/drones_ship_ws/install/vrx_gz/share/vrx_gz/package.sh'
[1.464s] INFO:colcon.colcon_core.shell:Creating package script '/home/user/data/drones_ship_ws/install/vrx_gz/share/vrx_gz/package.bash'
[1.464s] INFO:colcon.colcon_core.shell:Creating package script '/home/user/data/drones_ship_ws/install/vrx_gz/share/vrx_gz/package.zsh'
[1.465s] Level 1:colcon.colcon_core.environment:create_file_with_runtime_dependencies(/home/user/data/drones_ship_ws/install/vrx_gz/share/colcon-core/packages/vrx_gz)
[1.465s] Level 1:colcon.colcon_core.environment:create_environment_scripts_only(vrx_gz)
[1.465s] Level 1:colcon.colcon_core.environment:checking '/home/user/data/drones_ship_ws/install/vrx_gz' for CMake module files
[1.465s] Level 1:colcon.colcon_core.environment:checking '/home/user/data/drones_ship_ws/install/vrx_gz' for CMake config files
[1.466s] Level 1:colcon.colcon_core.shell:create_environment_hook('vrx_gz', 'cmake_prefix_path')
[1.466s] INFO:colcon.colcon_core.shell:Creating environment hook '/home/user/data/drones_ship_ws/install/vrx_gz/share/vrx_gz/hook/cmake_prefix_path.ps1'
[1.467s] INFO:colcon.colcon_core.shell:Creating environment descriptor '/home/user/data/drones_ship_ws/install/vrx_gz/share/vrx_gz/hook/cmake_prefix_path.dsv'
[1.467s] INFO:colcon.colcon_core.shell:Creating environment hook '/home/user/data/drones_ship_ws/install/vrx_gz/share/vrx_gz/hook/cmake_prefix_path.sh'
[1.467s] Level 1:colcon.colcon_core.environment:checking '/home/user/data/drones_ship_ws/install/vrx_gz/lib'
[1.467s] Level 1:colcon.colcon_core.shell:create_environment_hook('vrx_gz', 'ld_library_path_lib')
[1.468s] INFO:colcon.colcon_core.shell:Creating environment hook '/home/user/data/drones_ship_ws/install/vrx_gz/share/vrx_gz/hook/ld_library_path_lib.ps1'
[1.468s] INFO:colcon.colcon_core.shell:Creating environment descriptor '/home/user/data/drones_ship_ws/install/vrx_gz/share/vrx_gz/hook/ld_library_path_lib.dsv'
[1.468s] INFO:colcon.colcon_core.shell:Creating environment hook '/home/user/data/drones_ship_ws/install/vrx_gz/share/vrx_gz/hook/ld_library_path_lib.sh'
[1.468s] Level 1:colcon.colcon_core.environment:checking '/home/user/data/drones_ship_ws/install/vrx_gz/bin'
[1.468s] Level 1:colcon.colcon_core.environment:checking '/home/user/data/drones_ship_ws/install/vrx_gz/lib/pkgconfig/vrx_gz.pc'
[1.468s] Level 1:colcon.colcon_core.environment:checking '/home/user/data/drones_ship_ws/install/vrx_gz/lib/python3.12/site-packages'
[1.468s] Level 1:colcon.colcon_core.shell:create_environment_hook('vrx_gz', 'pythonpath')
[1.468s] INFO:colcon.colcon_core.shell:Creating environment hook '/home/user/data/drones_ship_ws/install/vrx_gz/share/vrx_gz/hook/pythonpath.ps1'
[1.469s] INFO:colcon.colcon_core.shell:Creating environment descriptor '/home/user/data/drones_ship_ws/install/vrx_gz/share/vrx_gz/hook/pythonpath.dsv'
[1.469s] INFO:colcon.colcon_core.shell:Creating environment hook '/home/user/data/drones_ship_ws/install/vrx_gz/share/vrx_gz/hook/pythonpath.sh'
[1.469s] Level 1:colcon.colcon_core.environment:checking '/home/user/data/drones_ship_ws/install/vrx_gz/bin'
[1.469s] INFO:colcon.colcon_core.shell:Creating package script '/home/user/data/drones_ship_ws/install/vrx_gz/share/vrx_gz/package.ps1'
[1.470s] INFO:colcon.colcon_core.shell:Creating package descriptor '/home/user/data/drones_ship_ws/install/vrx_gz/share/vrx_gz/package.dsv'
[1.470s] INFO:colcon.colcon_core.shell:Creating package script '/home/user/data/drones_ship_ws/install/vrx_gz/share/vrx_gz/package.sh'
[1.470s] INFO:colcon.colcon_core.shell:Creating package script '/home/user/data/drones_ship_ws/install/vrx_gz/share/vrx_gz/package.bash'
[1.470s] INFO:colcon.colcon_core.shell:Creating package script '/home/user/data/drones_ship_ws/install/vrx_gz/share/vrx_gz/package.zsh'
[1.470s] Level 1:colcon.colcon_core.environment:create_file_with_runtime_dependencies(/home/user/data/drones_ship_ws/install/vrx_gz/share/colcon-core/packages/vrx_gz)
[1.977s] Level 1:colcon.colcon_core.environment:checking '/home/user/data/drones_ship_ws/install/ros_gz_crazyflie_control' for CMake module files
[1.978s] DEBUG:colcon.colcon_core.event_handler.log_command:Invoked command in '/home/user/data/drones_ship_ws/src/drone_ship/ros_gz_crazyflie/ros_gz_crazyflie_control' returned '0': DEBUGINFOD_URLS=https://debuginfod.ubuntu.com PYTHONPATH=/home/user/data/drones_ship_ws/build/ros_gz_crazyflie_control/prefix_override:/usr/lib/python3/dist-packages/colcon_core/task/python/colcon_distutils_commands:/home/user/data/drones_ship_ws/install/ros_gz_crazyflie_control/lib/python3.12/site-packages:${PYTHONPATH} /usr/bin/python3 -W ignore:setup.py install is deprecated -W ignore:easy_install command is deprecated setup.py egg_info --egg-base ../../../../build/ros_gz_crazyflie_control build --build-base /home/user/data/drones_ship_ws/build/ros_gz_crazyflie_control/build install --record /home/user/data/drones_ship_ws/build/ros_gz_crazyflie_control/install.log --single-version-externally-managed install_data
[1.978s] Level 1:colcon.colcon_core.environment:checking '/home/user/data/drones_ship_ws/install/ros_gz_crazyflie_control' for CMake config files
[1.978s] Level 1:colcon.colcon_core.environment:checking '/home/user/data/drones_ship_ws/install/ros_gz_crazyflie_control/lib'
[1.978s] Level 1:colcon.colcon_core.environment:checking '/home/user/data/drones_ship_ws/install/ros_gz_crazyflie_control/bin'
[1.978s] Level 1:colcon.colcon_core.environment:checking '/home/user/data/drones_ship_ws/install/ros_gz_crazyflie_control/lib/pkgconfig/ros_gz_crazyflie_control.pc'
[1.978s] Level 1:colcon.colcon_core.environment:checking '/home/user/data/drones_ship_ws/install/ros_gz_crazyflie_control/lib/python3.12/site-packages'
[1.978s] Level 1:colcon.colcon_core.shell:create_environment_hook('ros_gz_crazyflie_control', 'pythonpath')
[1.979s] INFO:colcon.colcon_core.shell:Creating environment hook '/home/user/data/drones_ship_ws/install/ros_gz_crazyflie_control/share/ros_gz_crazyflie_control/hook/pythonpath.ps1'
[1.979s] INFO:colcon.colcon_core.shell:Creating environment descriptor '/home/user/data/drones_ship_ws/install/ros_gz_crazyflie_control/share/ros_gz_crazyflie_control/hook/pythonpath.dsv'
[1.979s] INFO:colcon.colcon_core.shell:Creating environment hook '/home/user/data/drones_ship_ws/install/ros_gz_crazyflie_control/share/ros_gz_crazyflie_control/hook/pythonpath.sh'
[1.979s] Level 1:colcon.colcon_core.environment:checking '/home/user/data/drones_ship_ws/install/ros_gz_crazyflie_control/bin'
[1.980s] Level 1:colcon.colcon_core.environment:create_environment_scripts_only(ros_gz_crazyflie_control)
[1.980s] INFO:colcon.colcon_core.shell:Creating package script '/home/user/data/drones_ship_ws/install/ros_gz_crazyflie_control/share/ros_gz_crazyflie_control/package.ps1'
[1.980s] INFO:colcon.colcon_core.shell:Creating package descriptor '/home/user/data/drones_ship_ws/install/ros_gz_crazyflie_control/share/ros_gz_crazyflie_control/package.dsv'
[1.980s] INFO:colcon.colcon_core.shell:Creating package script '/home/user/data/drones_ship_ws/install/ros_gz_crazyflie_control/share/ros_gz_crazyflie_control/package.sh'
[1.980s] INFO:colcon.colcon_core.shell:Creating package script '/home/user/data/drones_ship_ws/install/ros_gz_crazyflie_control/share/ros_gz_crazyflie_control/package.bash'
[1.981s] INFO:colcon.colcon_core.shell:Creating package script '/home/user/data/drones_ship_ws/install/ros_gz_crazyflie_control/share/ros_gz_crazyflie_control/package.zsh'
[1.981s] Level 1:colcon.colcon_core.environment:create_file_with_runtime_dependencies(/home/user/data/drones_ship_ws/install/ros_gz_crazyflie_control/share/colcon-core/packages/ros_gz_crazyflie_control)
[1.981s] DEBUG:colcon.colcon_parallel_executor.executor.parallel:closing loop
[1.981s] DEBUG:colcon.colcon_parallel_executor.executor.parallel:loop closed
[1.981s] DEBUG:colcon.colcon_parallel_executor.executor.parallel:run_until_complete finished with '0'
[1.981s] DEBUG:colcon.colcon_core.event_reactor:joining thread
[1.987s] INFO:colcon.colcon_core.plugin_system:Skipping extension 'colcon_notification.desktop_notification.terminal_notifier': Not used on non-Darwin systems
[1.987s] INFO:colcon.colcon_core.plugin_system:Skipping extension 'colcon_notification.desktop_notification.win32': Not used on non-Windows systems
[1.987s] INFO:colcon.colcon_notification.desktop_notification:Sending desktop notification using 'notify2'
[2.000s] DEBUG:colcon.colcon_core.event_reactor:joined thread
[2.000s] INFO:colcon.colcon_core.shell:Creating prefix script '/home/user/data/drones_ship_ws/install/local_setup.ps1'
[2.001s] INFO:colcon.colcon_core.shell:Creating prefix util module '/home/user/data/drones_ship_ws/install/_local_setup_util_ps1.py'
[2.001s] INFO:colcon.colcon_core.shell:Creating prefix chain script '/home/user/data/drones_ship_ws/install/setup.ps1'
[2.002s] INFO:colcon.colcon_core.shell:Creating prefix script '/home/user/data/drones_ship_ws/install/local_setup.sh'
[2.003s] INFO:colcon.colcon_core.shell:Creating prefix util module '/home/user/data/drones_ship_ws/install/_local_setup_util_sh.py'
[2.003s] INFO:colcon.colcon_core.shell:Creating prefix chain script '/home/user/data/drones_ship_ws/install/setup.sh'
[2.004s] INFO:colcon.colcon_core.shell:Creating prefix script '/home/user/data/drones_ship_ws/install/local_setup.bash'
[2.004s] INFO:colcon.colcon_core.shell:Creating prefix chain script '/home/user/data/drones_ship_ws/install/setup.bash'
[2.005s] INFO:colcon.colcon_core.shell:Creating prefix script '/home/user/data/drones_ship_ws/install/local_setup.zsh'
[2.005s] INFO:colcon.colcon_core.shell:Creating prefix chain script '/home/user/data/drones_ship_ws/install/setup.zsh'
