<?xml version="1.0" encoding="utf-8"?>
<COLLADA xmlns="http://www.collada.org/2005/11/COLLADASchema" version="1.4.1" xmlns:xsi="http://www.w3.org/2001/XMLSchema-instance">
  <asset>
    <contributor>
      <author>Blender User</author>
      <authoring_tool>Blender 4.5.3 LTS commit date:2025-09-08, commit time:12:46, hash:67807e1800cc</authoring_tool>
    </contributor>
    <created>2025-10-10T13:16:13</created>
    <modified>2025-10-10T13:16:13</modified>
    <unit name="meter" meter="1"/>
    <up_axis>Z_UP</up_axis>
  </asset>
  <library_cameras>
    <camera id="Camera-camera" name="Camera">
      <optics>
        <technique_common>
          <perspective>
            <xfov sid="xfov">39.59775</xfov>
            <aspect_ratio>1.777778</aspect_ratio>
            <znear sid="znear">0.1</znear>
            <zfar sid="zfar">100</zfar>
          </perspective>
        </technique_common>
      </optics>
      <extra>
        <technique profile="blender">
          <shiftx sid="shiftx" type="float">0</shiftx>
          <shifty sid="shifty" type="float">0</shifty>
          <dof_distance sid="dof_distance" type="float">10</dof_distance>
        </technique>
      </extra>
    </camera>
  </library_cameras>
  <library_lights>
    <light id="Light-light" name="Light">
      <technique_common>
        <point>
          <color sid="color">1000 1000 1000</color>
          <constant_attenuation>1</constant_attenuation>
          <linear_attenuation>0</linear_attenuation>
          <quadratic_attenuation>0</quadratic_attenuation>
        </point>
      </technique_common>
      <extra>
        <technique profile="blender">
          <type sid="type" type="int">0</type>
          <flag sid="flag" type="int">0</flag>
          <mode sid="mode" type="int">2097153</mode>
          <red sid="red" type="float">1</red>
          <green sid="green" type="float">1</green>
          <blue sid="blue" type="float">1</blue>
          <energy sid="blender_energy" type="float">1000</energy>
          <spotsize sid="spotsize" type="float">75</spotsize>
          <spotblend sid="spotblend" type="float">0.15</spotblend>
          <clipsta sid="clipsta" type="float">0.04999995</clipsta>
          <clipend sid="clipend" type="float">40</clipend>
          <radius sid="radius" type="float">0.1</radius>
          <area_shape sid="area_shape" type="int">1</area_shape>
          <area_size sid="area_size" type="float">0.1</area_size>
          <area_sizey sid="area_sizey" type="float">0.1</area_sizey>
          <area_sizez sid="area_sizez" type="float">1</area_sizez>
        </technique>
      </extra>
    </light>
  </library_lights>
  <library_effects>
    <effect id="barrel-effect">
      <profile_COMMON>
        <newparam sid="barrel_Base_Color_png-surface">
          <surface type="2D">
            <init_from>barrel_Base_Color_png</init_from>
          </surface>
        </newparam>
        <newparam sid="barrel_Base_Color_png-sampler">
          <sampler2D>
            <source>barrel_Base_Color_png-surface</source>
          </sampler2D>
        </newparam>
        <technique sid="common">
          <lambert>
            <emission>
              <color sid="emission">0 0 0 1</color>
            </emission>
            <diffuse>
              <texture texture="barrel_Base_Color_png-sampler" texcoord="UVChannel_1"/>
            </diffuse>
            <index_of_refraction>
              <float sid="ior">1.5</float>
            </index_of_refraction>
          </lambert>
        </technique>
      </profile_COMMON>
    </effect>
  </library_effects>
  <library_images>
    <image id="barrel_Base_Color_png" name="barrel_Base_Color_png">
      <init_from>../materials/textures/barrel_Base_Color.png</init_from>
    </image>
  </library_images>
  <library_materials>
    <material id="barrel-material" name="barrel">
      <instance_effect url="#barrel-effect"/>
    </material>
  </library_materials>
  <library_geometries>
    <geometry id="Mesh_001-mesh" name="Mesh.001">
      <mesh>
        <source id="Mesh_001-mesh-positions">
          <float_array id="Mesh_001-mesh-positions-array" count="96">-0.3999539 -2.094927 0.119215 -0.3999539 2.102691 0.119215 0.2469699 2.102691 0.119215 0.24697 -2.094927 0.119215 -0.3999539 -2.094927 0.4095421 0.24697 -2.094927 0.4095421 0.2469699 2.102691 0.4095421 -0.3999539 2.102691 0.4095421 3.869124 2.055052 -0.4095402 3.869124 1.065096 -0.4095402 -3.869126 1.065097 -0.4095402 -3.869126 2.055054 -0.4095402 3.671017 2.055052 0.1177597 -3.67102 2.055054 0.1177597 -3.67102 1.065097 0.1177597 3.671017 1.065096 0.1177597 -3.869126 2.055054 -0.09748268 3.869124 2.055052 -0.09748268 -3.869126 1.065097 -0.09748268 3.869124 1.065096 -0.09748268 3.869124 -1.112734 -0.4095402 3.869124 -2.10269 -0.4095402 -3.869126 -2.102689 -0.4095402 -3.869126 -1.112732 -0.4095402 3.671017 -1.112733 0.1177597 -3.67102 -1.112733 0.1177597 -3.67102 -2.102689 0.1177597 3.671017 -2.10269 0.1177597 -3.869126 -1.112732 -0.09748268 3.869124 -1.112734 -0.09748268 -3.869126 -2.102689 -0.09748268 3.869124 -2.10269 -0.09748268</float_array>
          <technique_common>
            <accessor source="#Mesh_001-mesh-positions-array" count="32" stride="3">
              <param name="X" type="float"/>
              <param name="Y" type="float"/>
              <param name="Z" type="float"/>
            </accessor>
          </technique_common>
        </source>
        <source id="Mesh_001-mesh-normals">
          <float_array id="Mesh_001-mesh-normals-array" count="114">0 0 -1 0 0 1 0 -1 0 1 0 0 1 0 0 1 0 0 1 0 0 0 1 0 -1 0 0 0 0 1 0 0 1 0 0 1 1.54052e-7 1 0 1.54052e-7 1 0 1.54052e-7 1 0 -1 0 0 -1.54052e-7 -1 0 -1.54052e-7 -1 0 -1.54052e-7 -1 0 1 0 0 1.54052e-7 1 2.505e-7 1.62365e-7 1 0 -0.7357887 0 0.6772112 -0.7357888 0 0.6772111 -1.54052e-7 -1 1.96821e-7 -1.62365e-7 -1 0 0.7357888 0 0.6772112 0.7357888 0 0.6772112 0 0 1 0 0 1 1.69457e-7 1 0 1.69457e-7 1 0 1.69457e-7 1 -3.93643e-7 0 1 0 -0.7357887 0 0.6772113 -0.7357888 0 0.6772112 -1.54052e-7 -1 8.58857e-7 0.7357888 0 0.6772111</float_array>
          <technique_common>
            <accessor source="#Mesh_001-mesh-normals-array" count="38" stride="3">
              <param name="X" type="float"/>
              <param name="Y" type="float"/>
              <param name="Z" type="float"/>
            </accessor>
          </technique_common>
        </source>
        <source id="Mesh_001-mesh-map-0">
          <float_array id="Mesh_001-mesh-map-0-array" count="312">0.596705 0.8776068 0.4479997 0.8776068 0.596705 0.8517973 0.596705 0.8517973 0.4479997 0.8776068 0.4479997 0.8517973 0.596705 0.9092435 0.4479997 0.8834341 0.596705 0.8834341 0.4479997 0.8834341 0.596705 0.9092435 0.4479997 0.9092435 0.7147131 0.8877649 0.6889038 0.8999212 0.6889038 0.8877649 0.6889038 0.8999212 0.7147131 0.8877649 0.7147131 0.8999212 0.7512374 0.8517973 0.6025323 0.8639537 0.6025323 0.8517973 0.6025323 0.8639537 0.7512374 0.8517973 0.7512374 0.8639537 0.7828743 0.8517973 0.7570649 0.8639537 0.7570649 0.8517973 0.7570649 0.8639537 0.7828743 0.8517973 0.7828743 0.8639537 0.7512374 0.8697811 0.6025323 0.8819375 0.6025323 0.8697811 0.6025323 0.8819375 0.7512374 0.8697811 0.7512374 0.8819375 0.7567219 0.6180157 0.4479997 0.6530859 0.4479997 0.6180156 0.4479997 0.6530859 0.7567219 0.6180157 0.7567219 0.6530859 0.4479997 0.6998111 0.7409148 0.6998111 0.7409148 0.7348815 0.4479997 0.6998111 0.7409148 0.7348815 0.4479997 0.7348815 0.7605178 0.7536165 0.4479997 0.7536165 0.4479997 0.740709 0.7605178 0.7536165 0.4479997 0.740709 0.7605178 0.740709 0.6025323 0.8973653 0.6398906 0.8973653 0.6398906 0.9112839 0.6025323 0.8973653 0.6398906 0.9112839 0.6025323 0.9112839 0.4479997 0.8049973 0.7567217 0.8049973 0.7567217 0.8180637 0.4479997 0.8049973 0.7567217 0.8180637 0.4479997 0.8180637 0.645718 0.8973653 0.6830763 0.8973653 0.6830763 0.9112839 0.645718 0.8973653 0.6830763 0.9112839 0.645718 0.9112839 0.4479997 0.7536165 0.7605178 0.7536165 0.7525171 0.7625195 0.4479997 0.7536165 0.7525171 0.7625195 0.4560005 0.7625195 0.6025323 0.8877649 0.6398906 0.8877649 0.6398906 0.8973653 0.6025323 0.8877649 0.6398906 0.8973653 0.6025323 0.8973653 0.7567217 0.8049973 0.4479997 0.8049973 0.4559032 0.7959849 0.7567217 0.8049973 0.4559032 0.7959849 0.7488182 0.7959849 0.645718 0.8877649 0.6830763 0.8877649 0.6830763 0.8973653 0.645718 0.8877649 0.6830763 0.8973653 0.645718 0.8973653 0.7567219 0.5771178 0.4479997 0.6121881 0.4479997 0.5771178 0.4479997 0.6121881 0.7567219 0.5771178 0.7567219 0.6121881 0.4479997 0.6589134 0.7409148 0.6589133 0.7409148 0.6939837 0.4479997 0.6589134 0.7409148 0.6939837 0.4479997 0.6939837 0.7605178 0.7812545 0.4479997 0.7812545 0.4479997 0.7683469 0.7605178 0.7812545 0.4479997 0.7683469 0.7605178 0.7683469 0.7467423 0.7094116 0.7841005 0.7094116 0.7841005 0.7233301 0.7467423 0.7094116 0.7841005 0.7233301 0.7467423 0.7233301 0.4479997 0.8329035 0.7567217 0.8329035 0.7567217 0.8459699 0.4479997 0.8329035 0.7567217 0.8459699 0.4479997 0.8459699 0.7467423 0.6685137 0.7841006 0.6685137 0.7841006 0.6824324 0.7467423 0.6685137 0.7841006 0.6824324 0.7467423 0.6824324 0.4479997 0.7812545 0.7605178 0.7812545 0.7525171 0.7901575 0.4479997 0.7812545 0.7525171 0.7901575 0.4560005 0.7901575 0.7841005 0.6998111 0.7467423 0.7094116 0.7467423 0.6998111 0.7467423 0.7094116 0.7841005 0.6998111 0.7841005 0.7094116 0.7567217 0.8329035 0.4479997 0.8329035 0.4559032 0.8238911 0.7567217 0.8329035 0.4559032 0.8238911 0.7488182 0.8238911 0.7841006 0.6589133 0.7467423 0.6685137 0.7467423 0.6589133 0.7467423 0.6685137 0.7841006 0.6589133 0.7841006 0.6685137</float_array>
          <technique_common>
            <accessor source="#Mesh_001-mesh-map-0-array" count="156" stride="2">
              <param name="S" type="float"/>
              <param name="T" type="float"/>
            </accessor>
          </technique_common>
        </source>
        <vertices id="Mesh_001-mesh-vertices">
          <input semantic="POSITION" source="#Mesh_001-mesh-positions"/>
        </vertices>
        <triangles material="barrel-material" count="52">
          <input semantic="VERTEX" source="#Mesh_001-mesh-vertices" offset="0"/>
          <input semantic="NORMAL" source="#Mesh_001-mesh-normals" offset="1"/>
          <input semantic="TEXCOORD" source="#Mesh_001-mesh-map-0" offset="2" set="0"/>
          <p>0 0 0 1 0 1 3 0 2 3 0 3 1 0 4 2 0 5 7 1 6 5 1 7 6 1 8 5 1 9 7 1 10 4 1 11 4 2 12 3 2 13 5 2 14 3 2 15 4 2 16 0 2 17 5 3 18 2 4 19 6 5 20 2 4 21 5 3 22 3 6 23 6 7 24 1 7 25 7 7 26 1 7 27 6 7 28 2 7 29 7 8 30 0 8 31 4 8 32 0 8 33 7 8 34 1 8 35 10 0 36 8 0 37 9 0 38 8 0 39 10 0 40 11 0 41 12 9 42 13 1 43 14 10 44 12 9 45 14 10 46 15 11 47 16 12 48 17 12 49 8 13 50 16 12 51 8 13 52 11 14 53 18 15 54 16 15 55 11 15 56 18 15 57 11 15 58 10 15 59 19 16 60 18 17 61 10 18 62 19 16 63 10 18 64 9 18 65 17 19 66 19 19 67 9 19 68 17 19 69 9 19 70 8 19 71 17 20 72 16 20 73 13 20 74 17 21 75 13 21 76 12 21 77 14 22 78 13 22 79 16 22 80 14 23 81 16 23 82 18 23 83 18 24 84 19 24 85 15 24 86 18 25 87 15 25 88 14 25 89 12 26 90 15 26 91 19 26 92 12 27 93 19 27 94 17 27 95 22 0 96 20 0 97 21 0 98 20 0 99 22 0 100 23 0 101 24 28 102 25 1 103 26 10 104 24 28 105 26 10 106 27 29 107 28 30 108 29 31 109 20 30 110 28 30 111 20 30 112 23 31 113 30 15 114 28 15 115 23 15 116 30 15 117 23 15 118 22 15 119 31 16 120 30 17 121 22 18 122 31 16 123 22 18 124 21 18 125 29 19 126 31 19 127 21 19 128 29 19 129 21 19 130 20 19 131 29 32 132 28 32 133 25 32 134 29 33 135 25 33 136 24 33 137 25 34 138 30 34 139 26 34 140 30 35 141 25 35 142 28 35 143 30 36 144 31 36 145 27 36 146 30 25 147 27 25 148 26 25 149 27 37 150 29 37 151 24 37 152 29 27 153 27 27 154 31 27 155</p>
        </triangles>
      </mesh>
    </geometry>
    <geometry id="Mesh-mesh" name="Mesh">
      <mesh>
        <source id="Mesh-mesh-positions">
          <float_array id="Mesh-mesh-positions-array" count="3216">6.110201 3.57628e-7 0 5.64509 2.338273 0 4.320564 4.320564 0 2.338273 5.645089 0 -2.98023e-7 6.110201 0 -2.338273 5.64509 0 -4.320565 4.320564 0 -5.645089 2.338273 0 -6.110201 9.23872e-7 0 -5.64509 -2.338271 0 -4.320566 -4.320563 0 -2.338274 -5.645089 0 0 -6.110201 0 2.338274 -5.645089 0 4.320566 -4.320563 0 5.645091 -2.33827 0 6.563822 2.98023e-7 1.842646 6.06418 2.511866 1.842646 4.641322 4.641323 1.842646 2.511865 6.06418 1.842647 -3.20375e-7 6.563821 1.842647 -2.511866 6.06418 1.842647 -4.641323 4.641322 1.842646 -6.06418 2.511866 1.842646 -6.563822 8.79168e-7 1.842646 -6.06418 -2.511864 1.842646 -4.641324 -4.641321 1.842647 -2.511867 -6.06418 1.842646 0 -6.563821 1.842646 2.511867 -6.064179 1.842646 4.641324 -4.641321 1.842647 6.064181 -2.511864 1.842646 6.886822 3.35276e-7 4.078842 6.362593 2.635472 4.078842 4.869718 4.869717 4.078842 2.635472 6.362593 4.078842 -3.42727e-7 6.886821 4.078842 -2.635473 6.362593 4.078842 -4.869718 4.869717 4.078842 -6.362593 2.635472 4.078842 -6.886822 9.23872e-7 4.078842 -6.362594 -2.635471 4.078842 -4.869719 -4.869718 4.078842 -2.635473 -6.362594 4.078842 0 -6.886823 4.078842 2.635473 -6.362594 4.078842 4.869719 -4.869717 4.078842 6.362594 -2.63547 4.078842 7.085457 2.6077e-7 6.608912 6.546108 2.711486 6.608912 5.010175 5.010175 6.608913 2.711486 6.546108 6.608912 -3.50177e-7 7.085457 6.608912 -2.711487 6.546108 6.608912 -5.010175 5.010174 6.608913 -6.546108 2.711487 6.608912 -7.085457 8.49366e-7 6.608912 -6.546109 -2.711486 6.608912 -5.010176 -5.010174 6.608912 -2.711488 -6.546108 6.608913 0 -7.085457 6.608913 2.711488 -6.546107 6.608913 5.010176 -5.010173 6.608912 6.546109 -2.711484 6.608912 7.153441 3.12924e-7 9.289054 6.608917 2.737503 9.289055 5.058247 5.058247 9.289055 2.737503 6.608917 9.289055 -3.50177e-7 7.153441 9.289055 -2.737504 6.608917 9.289055 -5.058247 5.058247 9.289055 -6.608917 2.737504 9.289055 -7.153441 9.31323e-7 9.289055 -6.608918 -2.737502 9.289055 -5.058248 -5.058247 9.289055 -2.737504 -6.608918 9.289055 0 -7.153441 9.289055 2.737504 -6.608917 9.289055 5.058248 -5.058245 9.289055 6.608919 -2.737501 9.289055 7.085457 3.05474e-7 11.9692 6.546108 2.711486 11.9692 5.010175 5.010175 11.9692 2.711486 6.546108 11.9692 -3.50177e-7 7.085457 11.9692 -2.711487 6.546108 11.9692 -5.010175 5.010175 11.9692 -6.546108 2.711486 11.9692 -7.085457 9.16421e-7 11.9692 -6.546109 -2.711485 11.9692 -5.010176 -5.010173 11.9692 -2.711488 -6.546107 11.9692 0 -7.085457 11.9692 2.711488 -6.546107 11.9692 5.010176 -5.010173 11.9692 6.546109 -2.711484 11.9692 6.886822 3.50177e-7 14.49927 6.362593 2.635472 14.49927 4.869718 4.869718 14.49927 2.635472 6.362593 14.49927 -3.42727e-7 6.886822 14.49927 -2.635473 6.362593 14.49927 -4.869718 4.869718 14.49927 -6.362593 2.635473 14.49927 -6.886822 9.23872e-7 14.49927 -6.362594 -2.635471 14.49927 -4.869719 -4.869718 14.49927 -2.635473 -6.362593 14.49927 0 -6.886822 14.49927 2.635473 -6.362592 14.49927 4.869719 -4.869717 14.49927 6.362594 -2.63547 14.49927 6.563822 3.72529e-7 16.73546 6.06418 2.511866 16.73546 4.641323 4.641323 16.73546 2.511866 6.06418 16.73546 -3.20375e-7 6.563821 16.73546 -2.511867 6.06418 16.73546 -4.641323 4.641323 16.73546 -6.06418 2.511866 16.73546 -6.563822 9.31323e-7 16.73546 -6.064181 -2.511864 16.73546 -4.641324 -4.641321 16.73546 -2.511867 -6.064179 16.73546 0 -6.563821 16.73546 2.511867 -6.064179 16.73546 4.641324 -4.641321 16.73546 6.06418 -2.511863 16.73546 6.110201 3.57628e-7 18.57811 5.64509 2.338273 18.57811 4.320564 4.320564 18.57811 2.338273 5.645089 18.57811 -2.98023e-7 6.110201 18.57811 -2.338273 5.64509 18.57811 -4.320565 4.320564 18.57811 -5.645089 2.338273 18.57811 -6.110201 9.23872e-7 18.57811 -5.64509 -2.338271 18.57811 -4.320566 -4.320563 18.57811 -2.338274 -5.645089 18.57811 0 -6.110201 18.57811 2.338274 -5.645089 18.57811 4.320566 -4.320563 18.57811 5.645091 -2.33827 18.57811 6.223545 1.23794 0.8915167 5.276066 3.525355 0.8915167 3.525355 5.276066 0.8915168 1.23794 6.223544 0.8915169 -1.237941 6.223545 0.8915169 -3.525355 5.276066 0.8915168 -5.276066 3.525355 0.8915167 -6.223544 1.237941 0.8915167 -6.223545 -1.237939 0.8915167 -5.276068 -3.525354 0.8915168 -3.525356 -5.276066 0.8915168 -1.237941 -6.223544 0.8915167 1.237941 -6.223544 0.8915167 3.525356 -5.276065 0.8915168 5.276068 -3.525353 0.8915168 6.223545 -1.237939 0.8915167 6.611562 1.315122 2.913002 5.605012 3.745149 2.913002 3.74515 5.605011 2.913002 1.315121 6.611562 2.913002 -1.315122 6.611562 2.913002 -3.74515 5.605011 2.913002 -5.605012 3.745149 2.913002 -6.611563 1.315122 2.913002 -6.611563 -1.31512 2.913002 -5.605013 -3.745149 2.913002 -3.745151 -5.605012 2.913002 -1.315122 -6.611563 2.913002 1.315122 -6.611563 2.913002 3.745151 -5.605011 2.913002 5.605013 -3.745147 2.913002 6.611563 -1.31512 2.913002 6.865919 1.365716 5.316425 5.820645 3.88923 5.316425 3.889231 5.820644 5.316425 1.365716 6.865919 5.316425 -1.365717 6.865919 5.316425 -3.889231 5.820644 5.316425 -5.820645 3.889231 5.316425 -6.865919 1.365717 5.316425 -6.865919 -1.365715 5.316425 -5.820646 -3.88923 5.316425 -3.889232 -5.820645 5.316425 -1.365717 -6.86592 5.316425 1.365717 -6.865919 5.316425 3.889232 -5.820644 5.316425 5.820646 -3.889229 5.316425 6.86592 -1.365715 5.316425 6.997825 1.391954 7.939466 5.932469 3.963949 7.939467 3.963949 5.932469 7.939466 1.391953 6.997825 7.939466 -1.391954 6.997825 7.939466 -3.96395 5.932469 7.939466 -5.932469 3.963949 7.939467 -6.997825 1.391954 7.939466 -6.997825 -1.391953 7.939466 -5.93247 -3.963948 7.939466 -3.963951 -5.932468 7.939466 -1.391954 -6.997825 7.939467 1.391954 -6.997824 7.939467 3.96395 -5.932468 7.939466 5.93247 -3.963947 7.939466 6.997825 -1.391952 7.939466 6.997824 1.391954 10.63864 5.932469 3.963949 10.63864 3.963949 5.932469 10.63864 1.391953 6.997824 10.63864 -1.391954 6.997824 10.63864 -3.96395 5.932469 10.63864 -5.932469 3.963949 10.63864 -6.997824 1.391954 10.63864 -6.997825 -1.391953 10.63864 -5.93247 -3.963948 10.63864 -3.963951 -5.932468 10.63864 -1.391954 -6.997825 10.63864 1.391954 -6.997824 10.63864 3.963951 -5.932467 10.63864 5.93247 -3.963947 10.63864 6.997825 -1.391952 10.63864 6.865919 1.365716 13.26168 5.820645 3.889231 13.26168 3.889231 5.820645 13.26168 1.365716 6.865919 13.26168 -1.365717 6.865919 13.26168 -3.889231 5.820645 13.26168 -5.820645 3.889231 13.26168 -6.865919 1.365717 13.26168 -6.86592 -1.365715 13.26168 -5.820646 -3.88923 13.26168 -3.889232 -5.820644 13.26168 -1.365717 -6.865919 13.26168 1.365717 -6.865919 13.26168 3.889232 -5.820644 13.26168 5.820646 -3.889229 13.26168 6.86592 -1.365715 13.26168 6.611563 1.315122 15.66511 5.605012 3.745149 15.66511 3.745149 5.605011 15.66511 1.315121 6.611563 15.66511 -1.315122 6.611563 15.66511 -3.74515 5.605012 15.66511 -5.605011 3.74515 15.66511 -6.611563 1.315122 15.66511 -6.611563 -1.31512 15.66511 -5.605013 -3.745148 15.66511 -3.745151 -5.605011 15.66511 -1.315122 -6.611563 15.66511 1.315122 -6.611562 15.66511 3.745151 -5.60501 15.66511 5.605013 -3.745147 15.66511 6.611563 -1.31512 15.66511 6.223545 1.23794 17.68659 5.276066 3.525355 17.68659 3.525355 5.276066 17.68659 1.23794 6.223545 17.68659 -1.237941 6.223545 17.68659 -3.525355 5.276066 17.68659 -5.276066 3.525355 17.68659 -6.223545 1.237941 17.68659 -6.223545 -1.237939 17.68659 -5.276068 -3.525354 17.68659 -3.525356 -5.276066 17.68659 -1.237941 -6.223545 17.68659 1.237941 -6.223545 17.68659 3.525356 -5.276065 17.68659 5.276068 -3.525353 17.68659 6.223545 -1.237939 17.68659 5.991667 1.191817 0 5.863554 2.428764 0.8915167 6.436488 1.280297 1.842646 6.346666 3.46775e-7 0.8915167 5.07949 3.394007 0 4.48777 4.48777 0.8915167 5.456591 3.645977 1.842646 3.394007 5.07949 0 2.428764 5.863554 0.8915169 3.645977 5.456591 1.842647 1.191817 5.991667 0 -3.20216e-7 6.346665 0.8915169 1.280297 6.436487 1.842647 -1.191817 5.991667 0 -2.428764 5.863554 0.8915169 -1.280297 6.436488 1.842647 -3.394007 5.07949 0 -4.487771 4.48777 0.8915167 -3.645978 5.456591 1.842647 -5.07949 3.394007 0 -5.863554 2.428764 0.8915167 -5.456591 3.645977 1.842646 -5.991667 1.191817 0 -6.346665 8.94835e-7 0.8915167 -6.436488 1.280297 1.842646 -5.991668 -1.191816 0 -5.863555 -2.428762 0.8915167 -6.436488 -1.280296 1.842646 -5.079492 -3.394006 0 -4.487771 -4.48777 0.8915169 -5.456592 -3.645977 1.842647 -3.394008 -5.07949 0 -2.428765 -5.863554 0.8915167 -3.645979 -5.456591 1.842647 -1.191817 -5.991667 0 0 -6.346665 0.8915167 -1.280297 -6.436488 1.842646 1.191817 -5.991667 0 2.428765 -5.863554 0.8915167 1.280298 -6.436487 1.842646 3.394008 -5.079489 0 4.487771 -4.487769 0.8915169 3.645979 -5.45659 1.842647 5.079492 -3.394005 0 5.863555 -2.428761 0.8915167 5.456592 -3.645976 1.842647 5.991668 -1.191815 0 6.436488 -1.280296 1.842646 6.229127 2.580189 2.913002 6.753222 1.343299 4.078842 6.74236 3.00288e-7 2.913002 4.767569 4.767568 2.913002 5.725105 3.825392 4.078842 2.580189 6.229127 2.913002 3.825393 5.725104 4.078842 -3.29032e-7 6.742359 2.913002 1.343299 6.753221 4.078842 -2.58019 6.229127 2.913002 -1.3433 6.753221 4.078842 -4.767569 4.767568 2.913002 -3.825393 5.725104 4.078842 -6.229128 2.580189 2.913002 -5.725105 3.825393 4.078842 -6.74236 9.08604e-7 2.913002 -6.753222 1.3433 4.078842 -6.229128 -2.580188 2.913002 -6.753222 -1.343298 4.078842 -4.76757 -4.767568 2.913002 -5.725106 -3.825392 4.078842 -2.58019 -6.229128 2.913002 -3.825394 -5.725105 4.078842 0 -6.74236 2.913002 -1.3433 -6.753222 4.078842 2.58019 -6.229127 2.913002 1.3433 -6.753222 4.078842 4.76757 -4.767567 2.913002 3.825394 -5.725104 4.078842 6.229129 -2.580187 2.913002 5.725106 -3.825391 4.078842 6.753222 -1.343298 4.078842 6.468771 2.679453 5.316425 6.948004 1.382044 6.608912 7.001749 2.91674e-7 5.316425 4.950984 4.950983 5.316425 5.890233 3.935728 6.608913 2.679453 6.468771 5.316425 3.935728 5.890233 6.608912 -3.64613e-7 7.001748 5.316425 1.382044 6.948003 6.608912 -2.679454 6.468771 5.316425 -1.382044 6.948003 6.608912 -4.950984 4.950983 5.316425 -3.935728 5.890233 6.608912 -6.468771 2.679453 5.316425 -5.890233 3.935728 6.608913 -7.001748 8.90151e-7 5.316425 -6.948004 1.382044 6.608912 -6.468772 -2.679452 5.316425 -6.948004 -1.382043 6.608912 -4.950985 -4.950983 5.316425 -5.890234 -3.935727 6.608912 -2.679454 -6.468772 5.316425 -3.935729 -5.890232 6.608912 0 -7.001749 5.316425 -1.382044 -6.948004 6.608913 2.679454 -6.468771 5.316425 1.382044 -6.948003 6.608913 4.950985 -4.950983 5.316425 3.935729 -5.890232 6.608912 6.468773 -2.679451 5.316425 5.890234 -3.935726 6.608912 6.948004 -1.382042 6.608912 6.593047 2.730929 7.939466 7.014669 1.395304 9.289054 7.136263 2.87938e-7 7.939466 5.0461 5.0461 7.939467 5.946749 3.973491 9.289055 2.730929 6.593047 7.939466 3.973491 5.946749 9.289054 -3.6761e-7 7.136263 7.939466 1.395304 7.014669 9.289054 -2.73093 6.593047 7.939466 -1.395305 7.014669 9.289054 -5.046101 5.0461 7.939467 -3.973491 5.946749 9.289054 -6.593047 2.73093 7.939466 -5.946749 3.973491 9.289055 -7.136263 8.66965e-7 7.939466 -7.014669 1.395305 9.289054 -6.593047 -2.730928 7.939466 -7.014669 -1.395303 9.289054 -5.046102 -5.046099 7.939466 -5.94675 -3.97349 9.289054 -2.73093 -6.593047 7.939467 -3.973492 -5.946749 9.289054 0 -7.136263 7.939467 -1.395305 -7.014669 9.289055 2.730931 -6.593046 7.939467 1.395305 -7.014668 9.289055 5.046102 -5.046099 7.939466 3.973492 -5.946748 9.289054 6.593048 -2.730927 7.939466 5.946751 -3.973489 9.289054 7.014669 -1.395303 9.289054 6.593047 2.730929 10.63864 6.948003 1.382044 11.9692 7.136263 3.1774e-7 10.63864 5.0461 5.0461 10.63864 5.890233 3.935728 11.9692 2.730929 6.593047 10.63864 3.935728 5.890233 11.9692 -3.6761e-7 7.136263 10.63864 1.382044 6.948003 11.9692 -2.73093 6.593047 10.63864 -1.382044 6.948003 11.9692 -5.0461 5.0461 10.63864 -3.935728 5.890233 11.9692 -6.593047 2.73093 10.63864 -5.890233 3.935728 11.9692 -7.136263 9.26569e-7 10.63864 -6.948003 1.382044 11.9692 -6.593047 -2.730928 10.63864 -6.948004 -1.382043 11.9692 -5.046102 -5.046099 10.63864 -5.890234 -3.935727 11.9692 -2.73093 -6.593047 10.63864 -3.935729 -5.890232 11.9692 0 -7.136263 10.63864 -1.382044 -6.948004 11.9692 2.730931 -6.593046 10.63864 1.382044 -6.948003 11.9692 5.046102 -5.046099 10.63864 3.935729 -5.890232 11.9692 6.593048 -2.730927 10.63864 5.890234 -3.935726 11.9692 6.948004 -1.382042 11.9692 6.468771 2.679453 13.26168 6.753222 1.343299 14.49927 7.001748 3.21476e-7 13.26168 4.950984 4.950984 13.26168 5.725105 3.825393 14.49927 2.679453 6.468771 13.26168 3.825393 5.725104 14.49927 -3.64613e-7 7.001748 13.26168 1.343299 6.753222 14.49927 -2.679454 6.468771 13.26168 -1.3433 6.753222 14.49927 -4.950984 4.950984 13.26168 -3.825393 5.725105 14.49927 -6.468771 2.679453 13.26168 -5.725104 3.825393 14.49927 -7.001748 9.19953e-7 13.26168 -6.753222 1.3433 14.49927 -6.468772 -2.679452 13.26168 -6.753222 -1.343298 14.49927 -4.950985 -4.950983 13.26168 -5.725106 -3.825392 14.49927 -2.679454 -6.468771 13.26168 -3.825394 -5.725104 14.49927 0 -7.001748 13.26168 -1.3433 -6.753222 14.49927 2.679454 -6.468771 13.26168 1.3433 -6.753221 14.49927 4.950985 -4.950982 13.26168 3.825394 -5.725103 14.49927 6.468772 -2.679451 13.26168 5.725106 -3.825391 14.49927 6.753222 -1.343298 14.49927 6.229128 2.580189 15.66511 6.436488 1.280297 16.73546 6.74236 3.89695e-7 15.66511 4.767569 4.767568 15.66511 5.456591 3.645977 16.73546 2.580189 6.229127 15.66511 3.645977 5.456591 16.73546 -3.29032e-7 6.74236 15.66511 1.280297 6.436488 16.73546 -2.58019 6.229128 15.66511 -1.280297 6.436488 16.73546 -4.767569 4.767569 15.66511 -3.645978 5.456591 16.73546 -6.229127 2.58019 15.66511 -5.456591 3.645977 16.73546 -6.74236 9.08604e-7 15.66511 -6.436488 1.280298 16.73546 -6.229128 -2.580188 15.66511 -6.436488 -1.280296 16.73546 -4.76757 -4.767567 15.66511 -5.456592 -3.645977 16.73546 -2.58019 -6.229127 15.66511 -3.645979 -5.45659 16.73546 0 -6.74236 15.66511 -1.280297 -6.436488 16.73546 2.58019 -6.229127 15.66511 1.280298 -6.436487 16.73546 4.76757 -4.767567 15.66511 3.645979 -5.45659 16.73546 6.229129 -2.580187 15.66511 5.456592 -3.645975 16.73546 6.436488 -1.280296 16.73546 5.863554 2.428764 17.68659 5.991667 1.191817 18.57811 6.346666 3.46775e-7 17.68659 4.48777 4.48777 17.68659 5.07949 3.394007 18.57811 2.428764 5.863554 17.68659 3.394007 5.07949 18.57811 -3.20216e-7 6.346665 17.68659 1.191817 5.991667 18.57811 -2.428764 5.863554 17.68659 -1.191817 5.991667 18.57811 -4.487771 4.48777 17.68659 -3.394007 5.07949 18.57811 -5.863554 2.428764 17.68659 -5.07949 3.394007 18.57811 -6.346666 9.24637e-7 17.68659 -5.991667 1.191817 18.57811 -5.863555 -2.428762 17.68659 -5.991668 -1.191816 18.57811 -4.487771 -4.48777 17.68659 -5.079492 -3.394006 18.57811 -2.428765 -5.863554 17.68659 -3.394008 -5.07949 18.57811 0 -6.346665 17.68659 -1.191817 -5.991667 18.57811 2.428765 -5.863554 17.68659 1.191817 -5.991667 18.57811 4.487771 -4.487769 17.68659 3.394008 -5.079489 18.57811 5.863555 -2.428761 17.68659 5.079492 -3.394005 18.57811 5.991668 -1.191815 18.57811 5.729659 2.53229e-7 0.1009346 5.293514 2.192646 0.1009343 4.05148 4.05148 0.1009345 2.192645 5.293514 0.1009345 -3.07448e-7 5.729659 0.1009345 -2.192646 5.293514 0.1009344 -4.051481 4.05148 0.1009345 -5.293514 2.192646 0.1009345 -5.729659 8.39048e-7 0.1009345 -5.293515 -2.192644 0.1009345 -4.051482 -4.051479 0.1009346 -2.192646 -5.293514 0.1009345 0 -5.729659 0.1009345 2.192646 -5.293513 0.1009345 4.051482 -4.051479 0.1009344 5.293516 -2.192643 0.1009343 5.729659 3.29353e-7 18.47718 5.293514 2.192646 18.47718 4.05148 4.05148 18.47718 2.192645 5.293514 18.47718 -2.87873e-7 5.729659 18.47718 -2.192646 5.293514 18.47718 -4.051481 4.05148 18.47718 -5.293514 2.192646 18.47718 -5.729659 8.04973e-7 18.47718 -5.293515 -2.192644 18.47718 -4.051482 -4.051479 18.47718 -2.192646 -5.293514 18.47718 0 -5.729659 18.47718 2.192646 -5.293513 18.47718 4.051482 -4.051479 18.47718 5.293516 -2.192643 18.47718 5.84862 1.163363 0.9856994 4.958221 3.312977 0.9856993 3.312977 4.958221 0.9856995 1.163363 5.84862 0.9856995 -1.163363 5.84862 0.9856995 -3.312978 4.958221 0.9856994 -4.958221 3.312978 0.9856993 -5.84862 1.163363 0.9856994 -5.848621 -1.163362 0.9856994 -4.958222 -3.312976 0.9856994 -3.312979 -4.95822 0.9856995 -1.163363 -5.84862 0.9856994 1.163363 -5.84862 0.9856993 3.312978 -4.95822 0.9856995 4.958222 -3.312975 0.9856994 5.848621 -1.163362 0.9856993 5.84862 1.163363 17.59241 4.958221 3.312978 17.59241 3.312977 4.958221 17.59241 1.163363 5.84862 17.59241 -1.163363 5.84862 17.59241 -3.312978 4.958221 17.59241 -4.958221 3.312977 17.59241 -5.84862 1.163363 17.59241 -5.848621 -1.163362 17.59241 -4.958222 -3.312976 17.59241 -3.312978 -4.95822 17.59241 -1.163363 -5.84862 17.59241 1.163363 -5.84862 17.59241 3.312979 -4.95822 17.59241 4.958222 -3.312975 17.59241 5.848621 -1.163362 17.59241 5.618432 1.117576 0.1009167 5.510386 2.282477 0.985714 5.9644 2.57521e-7 0.9857142 4.763077 3.182586 0.1009168 4.217467 4.217467 0.9857141 3.182586 4.763077 0.1009168 2.282477 5.510386 0.9857143 1.117575 5.618432 0.1009166 -3.68162e-7 5.964399 0.9857143 -1.117576 5.618432 0.1009167 -2.282478 5.510386 0.9857143 -3.182586 4.763077 0.1009168 -4.217468 4.217467 0.9857141 -4.763077 3.182587 0.1009168 -5.510386 2.282477 0.9857141 -5.618432 1.117576 0.1009166 -5.964399 7.94148e-7 0.9857142 -5.618432 -1.117575 0.1009168 -5.510387 -2.282476 0.9857141 -4.763078 -3.182585 0.1009168 -4.217469 -4.217467 0.9857143 -3.182587 -4.763076 0.1009168 -2.282478 -5.510386 0.9857141 -1.117576 -5.618432 0.1009166 0 -5.964399 0.9857141 1.117576 -5.618432 0.1009168 2.282478 -5.510386 0.9857141 3.182587 -4.763076 0.1009167 4.217469 -4.217466 0.9857142 4.763078 -3.182584 0.1009168 5.510388 -2.282475 0.985714 5.618432 -1.117574 0.1009168 5.510386 2.282477 17.5924 5.618432 1.117576 18.47719 5.9644 2.9219e-7 17.59239 4.217467 4.217467 17.59239 4.763077 3.182586 18.47719 2.282477 5.510386 17.59239 3.182586 4.763077 18.47719 -2.82965e-7 5.964399 17.59239 1.117575 5.618432 18.47719 -2.282477 5.510386 17.59239 -1.117576 5.618432 18.47719 -4.217468 4.217467 17.59239 -3.182586 4.763077 18.47719 -5.510386 2.282477 17.59239 -4.763077 3.182587 18.47719 -5.9644 8.66364e-7 17.59239 -5.618432 1.117576 18.47719 -5.510387 -2.282476 17.59239 -5.618432 -1.117575 18.47719 -4.217469 -4.217467 17.5924 -4.763078 -3.182585 18.47719 -2.282478 -5.510386 17.5924 -3.182587 -4.763076 18.47719 0 -5.964399 17.59239 -1.117576 -5.618432 18.47719 2.282478 -5.510386 17.5924 1.117576 -5.618432 18.47719 4.217469 -4.217466 17.5924 3.182587 -4.763076 18.47719 5.510388 -2.282475 17.5924 4.763078 -3.182584 18.47719 5.618432 -1.117574 18.47719 6.408078 3.5684e-7 0.8774955 6.283777 1.249921 0.877498 5.920291 2.452265 0.8774955 5.327129 3.559474 0.877498 4.531195 4.531195 0.8774955 3.559474 5.327129 0.8774982 2.452265 5.920291 0.8774958 1.249921 6.283776 0.8774983 -3.13703e-7 6.408077 0.8774958 -1.249922 6.283777 0.8774983 -2.452266 5.920291 0.8774958 -3.559474 5.327129 0.8774982 -4.531195 4.531195 0.8774955 -5.327129 3.559474 0.877498 -5.920291 2.452265 0.8774955 -6.283776 1.249922 0.877498 -6.408077 9.13485e-7 0.8774955 -6.283777 -1.24992 0.877498 -5.920292 -2.452264 0.8774955 -5.32713 -3.559473 0.8774982 -4.531196 -4.531194 0.8774957 -3.559475 -5.327128 0.8774982 -2.452266 -5.920291 0.8774955 -1.249922 -6.283776 0.877498 0 -6.408077 0.8774955 1.249922 -6.283776 0.877498 2.452266 -5.92029 0.8774955 3.559475 -5.327128 0.8774982 4.531196 -4.531193 0.8774957 5.32713 -3.559472 0.8774982 5.920292 -2.452263 0.8774955 6.283777 -1.24992 0.877498 6.120917 2.535367 1.828625 6.49672 1.292278 1.828628 6.625234 3.02286e-7 1.828625 6.49672 -1.292277 1.828628 6.120918 -2.535365 1.828625 5.507655 -3.680094 1.828628 4.684748 -4.684746 1.828625 3.680098 -5.507652 1.828628 2.535368 -6.120916 1.828625 1.292279 -6.496719 1.828628 0 -6.625233 1.828625 -1.292279 -6.49672 1.828628 -2.535368 -6.120917 1.828625 -3.680098 -5.507653 1.828628 -4.684749 -4.684746 1.828625 -5.507655 -3.680095 1.828628 -6.120917 -2.535366 1.828625 -6.49672 -1.292277 1.828628 -6.625234 8.91042e-7 1.828625 -6.49672 1.292279 1.828628 -6.120917 2.535367 1.828625 -5.507653 3.680096 1.828628 -4.684747 4.684747 1.828625 -3.680097 5.507653 1.828628 -2.535367 6.120917 1.828626 -1.292279 6.49672 1.828628 -3.03934e-7 6.625233 1.828626 1.292278 6.496719 1.828628 2.535367 6.120917 1.828625 3.680096 5.507653 1.828628 4.684747 4.684747 1.828625 5.507653 3.680096 1.828628 6.804873 3.1012e-7 2.905256 6.672875 1.327317 2.905257 6.286883 2.604112 2.905256 5.656991 3.77988 2.905257 4.811773 4.811772 2.905256 3.779881 5.65699 2.905258 2.604112 6.286882 2.905256 1.327317 6.672875 2.905258 -3.18008e-7 6.804873 2.905256 -1.327318 6.672875 2.905258 -2.604113 6.286882 2.905256 -3.779881 5.65699 2.905258 -4.811773 4.811772 2.905256 -5.656991 3.77988 2.905257 -6.286883 2.604113 2.905256 -6.672876 1.327318 2.905257 -6.804873 9.092e-7 2.905256 -6.672876 -1.327316 2.905257 -6.286884 -2.604111 2.905256 -5.656991 -3.77988 2.905258 -4.811774 -4.811772 2.905256 -3.779882 -5.656991 2.905258 -2.604113 -6.286883 2.905256 -1.327318 -6.672876 2.905257 0 -6.804874 2.905256 1.327318 -6.672876 2.905257 2.604114 -6.286883 2.905256 3.779882 -5.65699 2.905258 4.811774 -4.811771 2.905256 5.656991 -3.779878 2.905258 6.286884 -2.60411 2.905256 6.672876 -1.327316 2.905257 6.420349 2.659395 4.071096 6.814535 1.355495 4.071097 6.949336 3.44354e-7 4.071096 6.814536 -1.355494 4.071097 6.42035 -2.659393 4.071096 5.777085 -3.860122 4.071097 4.913924 -4.913921 4.071096 3.860126 -5.777083 4.071097 2.659397 -6.420349 4.071096 1.355496 -6.814536 4.071097 0 -6.949337 4.071096 -1.355496 -6.814536 4.071097 -2.659396 -6.420349 4.071096 -3.860125 -5.777084 4.071097 -4.913923 -4.913922 4.071096 -5.777085 -3.860123 4.071097 -6.42035 -2.659394 4.071096 -6.814535 -1.355494 4.071097 -6.949336 9.24477e-7 4.071096 -6.814535 1.355496 4.071097 -6.420349 2.659395 4.071096 -5.777083 3.860124 4.071097 -4.913922 4.913921 4.071096 -3.860124 5.777082 4.071097 -2.659396 6.420348 4.071096 -1.355496 6.814535 4.071097 -3.31834e-7 6.949335 4.071096 1.355495 6.814534 4.071097 2.659395 6.420348 4.071096 3.860124 5.777082 4.071097 4.913922 4.913921 4.071096 5.777083 3.860124 4.071097 7.064609 3.1141e-7 5.312354 6.927572 1.37798 5.312355 6.526846 2.703509 5.312354 5.872911 3.924154 5.312355 4.995432 4.995432 5.312354 3.924154 5.872911 5.312355 2.703509 6.526846 5.312354 1.377979 6.927571 5.312355 -3.64314e-7 7.064609 5.312354 -1.37798 6.927571 5.312355 -2.703509 6.526846 5.312354 -3.924154 5.872911 5.312355 -4.995433 4.995432 5.312354 -5.872911 3.924154 5.312355 -6.526846 2.703509 5.312354 -6.927572 1.37798 5.312355 -7.064609 8.9045e-7 5.312354 -6.927572 -1.377979 5.312355 -6.526847 -2.703508 5.312354 -5.872912 -3.924153 5.312355 -4.995434 -4.995432 5.312354 -3.924155 -5.872912 5.312355 -2.70351 -6.526847 5.312354 -1.37798 -6.927572 5.312355 0 -7.064609 5.312354 1.37798 -6.927572 5.312355 2.70351 -6.526846 5.312354 3.924155 -5.872911 5.312355 4.995434 -4.995431 5.312354 5.872913 -3.924152 5.312355 6.526848 -2.703506 5.312354 6.927573 -1.377978 5.312355 6.604184 2.735542 6.604841 7.009656 1.394307 6.604842 7.148317 2.69815e-7 6.604841 7.009657 -1.394306 6.604842 6.604185 -2.73554 6.604841 5.942501 -3.970649 6.604842 5.054625 -5.054622 6.604841 3.970653 -5.942499 6.604842 2.735543 -6.604183 6.604842 1.394308 -7.009656 6.604843 0 -7.148317 6.604842 -1.394308 -7.009656 6.604843 -2.735543 -6.604183 6.604842 -3.970653 -5.942499 6.604842 -5.054625 -5.054623 6.604841 -5.942501 -3.97065 6.604842 -6.604184 -2.735541 6.604841 -7.009656 -1.394306 6.604842 -7.148317 8.50271e-7 6.604841 -7.009656 1.394308 6.604842 -6.604184 2.735543 6.604841 -5.9425 3.970651 6.604843 -5.054624 5.054623 6.604842 -3.970652 5.9425 6.604842 -2.735543 6.604184 6.604841 -1.394308 7.009656 6.604842 -3.50177e-7 7.148317 6.604841 1.394307 7.009656 6.604842 2.735542 6.604184 6.604841 3.970651 5.9425 6.604842 5.054624 5.054624 6.604842 5.9425 3.970651 6.604843 7.009656 1.394307 11.97327 6.604184 2.735542 11.97327 5.9425 3.970651 11.97327 5.054624 5.054624 11.97327 3.970651 5.9425 11.97327 2.735542 6.604184 11.97327 1.394307 7.009656 11.97327 -3.50177e-7 7.148317 11.97327 -1.394308 7.009656 11.97327 -2.735543 6.604184 11.97327 -3.970652 5.9425 11.97327 -5.054624 5.054624 11.97327 -5.9425 3.970651 11.97327 -6.604184 2.735542 11.97327 -7.009656 1.394308 11.97327 -7.148317 9.09487e-7 11.97327 -7.009656 -1.394306 11.97327 -6.604185 -2.735541 11.97327 -5.942501 -3.97065 11.97327 -5.054625 -5.054622 11.97327 -3.970653 -5.942499 11.97327 -2.735543 -6.604183 11.97327 -1.394308 -7.009656 11.97327 0 -7.148317 11.97327 1.394308 -7.009656 11.97327 2.735543 -6.604182 11.97327 3.970653 -5.942498 11.97327 5.054625 -5.054622 11.97327 5.942501 -3.970649 11.97327 6.604185 -2.73554 11.97327 7.009657 -1.394306 11.97327 7.148318 3.44063e-7 11.97327 6.927571 1.37798 13.26575 7.064609 3.41512e-7 13.26575 6.927572 -1.377978 13.26575 6.526848 -2.703506 13.26575 5.872913 -3.924152 13.26575 4.995434 -4.995431 13.26575 3.924155 -5.87291 13.26575 2.70351 -6.526846 13.26575 1.37798 -6.927571 13.26575 0 -7.064609 13.26575 -1.37798 -6.927572 13.26575 -2.70351 -6.526846 13.26575 -3.924155 -5.872911 13.26575 -4.995434 -4.995432 13.26575 -5.872913 -3.924153 13.26575 -6.526847 -2.703507 13.26575 -6.927572 -1.377978 13.26575 -7.064609 9.31316e-7 13.26575 -6.927572 1.37798 13.26575 -6.526846 2.703509 13.26575 -5.872911 3.924154 13.26575 -4.995433 4.995433 13.26575 -3.924154 5.872912 13.26575 -2.703509 6.526846 13.26575 -1.37798 6.927571 13.26575 -3.75378e-7 7.064609 13.26575 1.377979 6.927572 13.26575 2.703509 6.526846 13.26575 3.924154 5.872911 13.26575 4.995433 4.995432 13.26575 5.872912 3.924154 13.26575 6.526846 2.703509 13.26575 6.814535 1.355495 14.50701 6.420349 2.659395 14.50701 5.777083 3.860124 14.50701 4.913922 4.913922 14.50701 3.860124 5.777083 14.50701 2.659395 6.420349 14.50701 1.355495 6.814535 14.50701 -3.42727e-7 6.949336 14.50701 -1.355496 6.814535 14.50701 -2.659396 6.420349 14.50701 -3.860125 5.777083 14.50701 -4.913922 4.913922 14.50701 -5.777083 3.860124 14.50701 -6.420349 2.659396 14.50701 -6.814535 1.355496 14.50701 -6.949336 9.2478e-7 14.50701 -6.814535 -1.355494 14.50701 -6.420349 -2.659394 14.50701 -5.777085 -3.860123 14.50701 -4.913923 -4.913922 14.50701 -3.860125 -5.777083 14.50701 -2.659396 -6.420349 14.50701 -1.355496 -6.814535 14.50701 0 -6.949336 14.50701 1.355496 -6.814535 14.50701 2.659397 -6.420348 14.50701 3.860126 -5.777082 14.50701 4.913923 -4.913921 14.50701 5.777085 -3.860122 14.50701 6.42035 -2.659393 14.50701 6.814536 -1.355494 14.50701 6.949336 3.59255e-7 14.50701 6.672876 1.327318 15.67285 6.804873 3.98633e-7 15.67285 6.672876 -1.327316 15.67285 6.286884 -2.60411 15.67285 5.656992 -3.779878 15.67285 4.811774 -4.811771 15.67285 3.779882 -5.656989 15.67285 2.604114 -6.286882 15.67285 1.327318 -6.672875 15.67285 0 -6.804873 15.67285 -1.327318 -6.672876 15.67285 -2.604113 -6.286883 15.67285 -3.779882 -5.65699 15.67285 -4.811774 -4.811771 15.67285 -5.656991 -3.779879 15.67285 -6.286884 -2.604111 15.67285 -6.672876 -1.327316 15.67285 -6.804873 9.092e-7 15.67285 -6.672876 1.327318 15.67285 -6.286883 2.604113 15.67285 -5.65699 3.779881 15.67285 -4.811773 4.811773 15.67285 -3.779881 5.656991 15.67285 -2.604113 6.286883 15.67285 -1.327318 6.672876 15.67285 -3.29032e-7 6.804873 15.67285 1.327317 6.672876 15.67285 2.604112 6.286883 15.67285 3.77988 5.65699 15.67285 4.811773 4.811772 15.67285 5.656991 3.77988 15.67285 6.286883 2.604113 15.67285 6.49672 1.292278 16.74948 6.120917 2.535367 16.74948 5.507653 3.680096 16.74948 4.684747 4.684747 16.74948 3.680096 5.507653 16.74948 2.535367 6.120917 16.74948 1.292278 6.49672 16.74948 -3.20375e-7 6.625233 16.74948 -1.292279 6.49672 16.74948 -2.535368 6.120917 16.74948 -3.680097 5.507653 16.74948 -4.684748 4.684747 16.74948 -5.507653 3.680096 16.74948 -6.120917 2.535368 16.74948 -6.49672 1.292279 16.74948 -6.625234 9.31323e-7 16.74948 -6.49672 -1.292277 16.74948 -6.120918 -2.535366 16.74948 -5.507655 -3.680095 16.74948 -4.684748 -4.684746 16.74948 -3.680098 -5.507653 16.74948 -2.535368 -6.120916 16.74948 -1.292279 -6.49672 16.74948 0 -6.625233 16.74948 1.292279 -6.496719 16.74948 2.535368 -6.120916 16.74948 3.680098 -5.507652 16.74948 4.684748 -4.684745 16.74948 5.507655 -3.680094 16.74948 6.120917 -2.535365 16.74948 6.49672 -1.292277 16.74948 6.625234 3.70702e-7 16.74948 6.283777 1.249921 17.70061 6.408078 3.5684e-7 17.70061 6.283777 -1.24992 17.70061 5.920292 -2.452263 17.70061 5.32713 -3.559472 17.70061 4.531196 -4.531193 17.70061 3.559475 -5.327128 17.70061 2.452266 -5.920291 17.70061 1.249922 -6.283777 17.70061 0 -6.408077 17.70061 -1.249922 -6.283777 17.70061 -2.452266 -5.920291 17.70061 -3.559475 -5.327128 17.70061 -4.531196 -4.531194 17.70061 -5.32713 -3.559473 17.70061 -5.920292 -2.452264 17.70061 -6.283777 -1.24992 17.70061 -6.408078 9.31446e-7 17.70061 -6.283777 1.249922 17.70061 -5.920291 2.452265 17.70061 -5.327129 3.559474 17.70061 -4.531195 4.531195 17.70061 -3.559474 5.327129 17.70061 -2.452266 5.920291 17.70061 -1.249922 6.283777 17.70061 -3.20216e-7 6.408077 17.70061 1.249921 6.283777 17.70061 2.452265 5.920291 17.70061 3.559474 5.327129 17.70061 4.531195 4.531195 17.70061 5.327129 3.559474 17.70061 5.920291 2.452265 17.70061 5.980314 -0.01208496 18.02025 5.52723 2.265719 18.02025 4.236958 4.19675 18.02025 2.305927 5.487022 18.02025 0.02812194 5.940106 18.02025 -2.249683 5.487022 18.02025 -4.180712 4.19675 18.02025 -5.470984 2.26572 18.02025 -5.924067 -0.01208406 18.02025 -5.470985 -2.289889 18.02025 -4.180713 -4.220919 18.02025 -2.249684 -5.511192 18.02025 0.02812224 -5.964276 18.02025 2.305928 -5.511192 18.02025 4.236959 -4.220918 18.02025 5.527232 -2.289887 18.02025</float_array>
          <technique_common>
            <accessor source="#Mesh-mesh-positions-array" count="1072" stride="3">
              <param name="X" type="float"/>
              <param name="Y" type="float"/>
              <param name="Z" type="float"/>
            </accessor>
          </technique_common>
        </source>
        <source id="Mesh-mesh-normals">
          <float_array id="Mesh-mesh-normals-array" count="5895">0.9665777 1.45293e-7 -0.2563739 0.9480173 0.1885704 -0.2563287 0.9480168 0.1885736 -0.2563285 0.9665777 0 -0.2563741 0.8930023 0.3698912 -0.2563735 0.8930011 0.3698943 -0.2563734 0.956189 0.1901993 -0.2225461 0.9007032 0.3730809 -0.2225859 0.9007019 0.3730842 -0.2225858 0.9561896 0.1901961 -0.2225462 0.9749131 2.68232e-7 -0.2225857 0.9749131 4.98157e-7 -0.222586 0.8036912 0.5370069 -0.2563287 0.8036893 0.5370097 -0.2563286 0.6834738 0.6834738 -0.2563734 0.6834738 0.6834738 -0.2563735 0.8106174 0.5416389 -0.222546 0.6893678 0.6893677 -0.2225854 0.6893678 0.6893676 -0.2225857 0.8106193 0.5416361 -0.222546 0.5370094 0.8036896 -0.2563281 0.5370068 0.8036913 -0.2563282 0.3698941 0.893001 -0.2563741 0.3698912 0.8930022 -0.2563741 0.3730839 0.9007019 -0.2225859 0.5416389 0.8106176 -0.222546 0.541636 0.8106195 -0.2225459 0.3730807 0.9007033 -0.2225858 0.1885735 0.948017 -0.2563278 0.1885705 0.9480176 -0.2563279 0 0.9665777 -0.2563743 0 0.9665775 -0.2563751 1.90904e-7 0.9749132 -0.2225854 0.1901993 0.9561891 -0.2225458 0.190196 0.9561899 -0.2225456 2.02083e-7 0.9749133 -0.222585 -0.1885702 0.9480174 -0.2563285 -0.1885733 0.9480169 -0.2563284 -0.3698914 0.8930022 -0.2563735 -0.3698945 0.893001 -0.2563736 -0.1901993 0.956189 -0.2225468 -0.3730808 0.9007032 -0.2225859 -0.3730841 0.9007019 -0.2225859 -0.190196 0.9561896 -0.2225463 -0.5370069 0.8036913 -0.2563279 -0.5370094 0.8036896 -0.256328 -0.6834738 0.6834737 -0.2563735 -0.6834739 0.6834735 -0.2563737 -0.5416389 0.8106176 -0.222546 -0.6893679 0.6893677 -0.2225854 -0.6893678 0.6893675 -0.2225857 -0.5416359 0.8106195 -0.2225459 -0.8036893 0.5370095 -0.2563286 -0.8036912 0.5370067 -0.2563287 -0.8930012 0.3698941 -0.2563735 -0.8930025 0.3698911 -0.2563735 -0.9007018 0.3730843 -0.2225858 -0.8106175 0.5416389 -0.2225461 -0.8106194 0.5416359 -0.2225461 -0.9007031 0.373081 -0.2225858 -0.9480168 0.1885739 -0.2563282 -0.9480174 0.1885708 -0.2563282 -0.9665778 1.7072e-7 -0.2563735 -0.9665778 0 -0.2563736 -0.9749131 2.02986e-7 -0.2225861 -0.956189 0.1901993 -0.2225465 -0.9561896 0.190196 -0.2225465 -0.9749131 3.5247e-7 -0.2225864 -0.9480174 -0.1885701 -0.2563286 -0.9480168 -0.1885733 -0.2563286 -0.8930024 -0.3698908 -0.2563738 -0.8930011 -0.3698939 -0.2563737 -0.956189 -0.1901993 -0.222546 -0.9007034 -0.3730806 -0.2225854 -0.9007021 -0.3730837 -0.2225856 -0.9561898 -0.1901959 -0.2225462 -0.8036915 -0.5370063 -0.2563288 -0.8036895 -0.5370092 -0.2563286 -0.6834737 -0.6834735 -0.256374 -0.6834737 -0.6834737 -0.256374 -0.8106179 -0.5416384 -0.2225461 -0.6893678 -0.6893677 -0.2225857 -0.6893678 -0.6893675 -0.222586 -0.8106197 -0.5416355 -0.2225458 -0.5370094 -0.8036893 -0.2563289 -0.5370067 -0.803691 -0.256329 -0.3698941 -0.8930011 -0.256374 -0.3698912 -0.8930023 -0.2563738 -0.373084 -0.9007019 -0.222586 -0.5416389 -0.8106173 -0.2225463 -0.541636 -0.8106192 -0.2225464 -0.3730808 -0.9007031 -0.2225863 -0.1885735 -0.9480169 -0.2563281 -0.1885704 -0.9480175 -0.2563278 0 -0.9665778 -0.2563735 1.96954e-7 -0.9665779 -0.2563733 0 -0.9749131 -0.222586 -0.1901991 -0.9561892 -0.2225459 -0.1901959 -0.9561897 -0.2225466 0 -0.9749128 -0.222587 0.1885704 -0.9480172 -0.2563291 0.1885735 -0.9480166 -0.2563291 0.3698914 -0.8930022 -0.2563739 0.3698943 -0.8930011 -0.2563736 0.1901994 -0.9561892 -0.2225453 0.3730812 -0.9007031 -0.2225859 0.3730842 -0.9007017 -0.2225863 0.1901962 -0.9561899 -0.2225453 0.5370067 -0.8036913 -0.2563283 0.5370094 -0.8036894 -0.2563284 0.683474 -0.6834735 -0.2563736 0.6834741 -0.6834734 -0.2563737 0.5416389 -0.8106173 -0.2225464 0.6893677 -0.6893676 -0.2225859 0.6893677 -0.6893675 -0.2225865 0.5416361 -0.8106194 -0.2225461 0.8036896 -0.5370089 -0.2563288 0.8036913 -0.5370064 -0.2563287 0.8930011 -0.3698942 -0.2563734 0.8930023 -0.3698911 -0.2563733 0.9007019 -0.373084 -0.2225856 0.8106178 -0.5416383 -0.222546 0.8106196 -0.5416356 -0.2225459 0.9007033 -0.3730807 -0.2225857 0.9480168 -0.1885731 -0.2563285 0.9480174 -0.1885699 -0.2563287 0.9561891 -0.1901992 -0.2225461 0.9561898 -0.1901957 -0.2225462 0.9863723 1.68548e-7 -0.1645293 0.9674248 0.1924302 -0.1644992 0.9674239 0.1924348 -0.1644992 0.9863722 3.25481e-7 -0.1645292 0.9112902 0.3774659 -0.1645293 0.9112884 0.3774701 -0.1645293 0.9733436 0.1936126 -0.1229494 0.9168686 0.3797762 -0.122972 0.9168668 0.3797807 -0.1229721 0.9733445 0.1936078 -0.1229493 0.9924101 2.88191e-7 -0.1229721 0.9924101 0 -0.1229723 0.8201442 0.5479996 -0.1644991 0.8201417 0.5480032 -0.1644992 0.6974704 0.6974705 -0.1645294 0.6974703 0.6974705 -0.1645298 0.8251602 0.5513569 -0.1229487 0.7017398 0.7017402 -0.1229712 0.70174 0.70174 -0.1229712 0.8251628 0.5513529 -0.122949 0.5480033 0.8201418 -0.1644989 0.5479997 0.8201443 -0.1644985 0.3774701 0.9112884 -0.1645293 0.3774657 0.9112903 -0.1645289 0.3797809 0.9168667 -0.1229715 0.5513568 0.8251602 -0.1229489 0.5513526 0.825163 -0.1229488 0.3797763 0.9168685 -0.1229718 0.1924345 0.9674239 -0.1644995 0.1924301 0.9674249 -0.1644988 1.80587e-7 0.9863723 -0.1645293 1.88684e-7 0.9863724 -0.1645285 1.89726e-7 0.9924102 -0.1229717 0.1936124 0.9733436 -0.1229496 0.1936076 0.9733446 -0.1229495 1.93915e-7 0.9924103 -0.1229712 -0.1924301 0.9674248 -0.1644991 -0.1924345 0.9674239 -0.1644994 -0.377466 0.9112902 -0.1645287 -0.3774702 0.9112884 -0.1645289 -0.1936124 0.9733436 -0.1229494 -0.3797764 0.9168686 -0.122972 -0.379781 0.9168667 -0.1229713 -0.1936076 0.9733445 -0.1229494 -0.5479995 0.8201443 -0.1644989 -0.5480033 0.8201417 -0.1644994 -0.6974706 0.6974704 -0.1645295 -0.6974707 0.6974701 -0.1645302 -0.551357 0.8251601 -0.1229487 -0.70174 0.70174 -0.1229714 -0.70174 0.70174 -0.1229715 -0.5513529 0.8251628 -0.1229488 -0.8201419 0.5480033 -0.1644992 -0.8201441 0.548 -0.1644989 -0.9112883 0.3774704 -0.1645296 -0.91129 0.377466 -0.1645295 -0.9168666 0.3797812 -0.1229716 -0.8251601 0.551357 -0.1229487 -0.8251628 0.5513529 -0.1229489 -0.9168685 0.3797767 -0.1229717 -0.9674239 0.1924346 -0.1644997 -0.9674248 0.1924299 -0.1644995 -0.9863722 2.19112e-7 -0.1645293 -0.9863722 3.67935e-7 -0.1645292 -0.9924103 0 -0.122972 -0.9733437 0.1936124 -0.122949 -0.9733446 0.1936076 -0.122949 -0.9924101 0 -0.1229724 -0.9674249 -0.19243 -0.1644992 -0.9674239 -0.1924347 -0.1644993 -0.9112903 -0.3774653 -0.1645298 -0.9112885 -0.3774697 -0.1645296 -0.9733437 -0.1936119 -0.122949 -0.9168686 -0.3797761 -0.1229718 -0.9168668 -0.3797808 -0.1229719 -0.9733448 -0.1936072 -0.1229491 -0.8201444 -0.5479994 -0.1644991 -0.8201419 -0.548003 -0.1644991 -0.6974707 -0.6974703 -0.1645297 -0.6974708 -0.6974701 -0.16453 -0.8251602 -0.5513567 -0.122949 -0.7017402 -0.7017399 -0.1229715 -0.7017399 -0.7017401 -0.1229718 -0.8251631 -0.5513525 -0.1229488 -0.5480034 -0.8201415 -0.1644998 -0.5479998 -0.8201441 -0.1644994 -0.3774701 -0.9112884 -0.1645289 -0.3774659 -0.9112902 -0.1645289 -0.3797809 -0.9168668 -0.1229716 -0.551357 -0.82516 -0.1229494 -0.5513529 -0.8251628 -0.122949 -0.3797763 -0.9168686 -0.1229715 -0.1924346 -0.9674238 -0.1644997 -0.19243 -0.9674246 -0.1645 0 -0.9863721 -0.16453 1.88684e-7 -0.9863722 -0.1645296 0 -0.9924103 -0.1229721 -0.1936125 -0.9733436 -0.1229488 -0.1936076 -0.9733445 -0.1229497 0 -0.9924101 -0.1229724 0.1924303 -0.9674246 -0.1645004 0.1924347 -0.9674237 -0.1645007 0.3774659 -0.91129 -0.1645298 0.3774701 -0.9112883 -0.1645301 0.1936125 -0.9733435 -0.1229497 0.3797763 -0.9168684 -0.1229727 0.379781 -0.9168666 -0.1229723 0.1936078 -0.9733445 -0.1229494 0.5479997 -0.8201442 -0.1644995 0.5480034 -0.8201415 -0.1645 0.6974707 -0.6974701 -0.1645299 0.697471 -0.6974698 -0.1645302 0.5513572 -0.8251599 -0.1229487 0.7017402 -0.7017397 -0.1229717 0.70174 -0.70174 -0.1229717 0.551353 -0.8251628 -0.1229489 0.8201421 -0.5480028 -0.1644993 0.8201441 -0.5479997 -0.1644992 0.9112886 -0.3774693 -0.1645295 0.9112901 -0.3774658 -0.1645296 0.9168667 -0.3797809 -0.1229718 0.8251603 -0.5513565 -0.1229493 0.8251631 -0.5513522 -0.1229496 0.9168686 -0.3797762 -0.1229719 0.967424 -0.1924344 -0.1644993 0.9674248 -0.1924302 -0.1644992 0.9733437 -0.1936121 -0.1229493 0.9733446 -0.1936074 -0.1229494 0.9957159 4.6742e-7 -0.09246587 0.9765856 0.1942522 -0.09244859 0.9765845 0.1942579 -0.09244853 0.9957159 0 -0.09246563 0.9199227 0.3810411 -0.09246581 0.9199205 0.3810464 -0.09246569 0.978735 0.1946852 -0.06461811 0.921949 0.3818809 -0.06463021 0.9219469 0.381886 -0.06463032 0.9787361 0.1946804 -0.06461787 0.9979093 0 -0.06462979 0.9979094 -1.47163e-7 -0.06462985 0.8279103 0.5531888 -0.09244883 0.8279074 0.5531931 -0.09244889 0.7040774 0.7040775 -0.09246647 0.7040773 0.7040776 -0.09246653 0.8297306 0.5544114 -0.06461805 0.7056285 0.7056283 -0.06463027 0.7056286 0.7056283 -0.06463074 0.8297336 0.5544069 -0.06461793 0.5531929 0.8279076 -0.09244936 0.5531887 0.8279104 -0.09244912 0.3810462 0.9199205 -0.09246617 0.3810414 0.9199226 -0.09246593 0.3818857 0.921947 -0.06463038 0.554411 0.8297306 -0.0646184 0.5544068 0.8297336 -0.06461805 0.3818809 0.9219491 -0.06463038 0.1942573 0.9765845 -0.09244883 0.1942521 0.9765856 -0.09244865 0 0.9957159 -0.09246575 1.70597e-7 0.995716 -0.09246534 0 0.9979093 -0.06462979 0.1946853 0.978735 -0.06461787 0.1946801 0.9787361 -0.06461799 0 0.9979094 -0.06463009 -0.1942521 0.9765855 -0.092449 -0.1942574 0.9765845 -0.09244889 -0.3810415 0.9199225 -0.09246593 -0.3810464 0.9199206 -0.09246569 -0.1946853 0.978735 -0.06461793 -0.3818808 0.9219491 -0.0646305 -0.3818858 0.9219471 -0.06463044 -0.19468 0.9787361 -0.06461793 -0.5531887 0.8279103 -0.09244912 -0.5531929 0.8279075 -0.09244942 -0.7040773 0.7040776 -0.09246641 -0.7040772 0.7040776 -0.09246671 -0.5544113 0.8297305 -0.06461805 -0.7056286 0.7056284 -0.06463009 -0.7056284 0.7056285 -0.06463027 -0.5544069 0.8297336 -0.06461799 -0.8279074 0.5531932 -0.09244883 -0.8279106 0.5531886 -0.09244847 -0.9199206 0.3810464 -0.09246557 -0.9199227 0.3810411 -0.09246563 -0.9219469 0.381886 -0.06463038 -0.8297305 0.5544114 -0.06461799 -0.8297337 0.5544066 -0.06461817 -0.9219491 0.3818808 -0.06463032 -0.9765845 0.1942579 -0.09244859 -0.9765856 0.1942523 -0.09244859 -0.995716 0 -0.09246557 -0.995716 0 -0.09246522 -0.9979094 0 -0.06463009 -0.978735 0.1946851 -0.06461805 -0.9787361 0.19468 -0.06461799 -0.9979094 0 -0.06463021 -0.9765856 -0.1942517 -0.09244853 -0.9765845 -0.1942576 -0.09244853 -0.919923 -0.3810405 -0.09246575 -0.9199206 -0.3810462 -0.09246551 -0.9787352 -0.1946849 -0.06461799 -0.9219492 -0.3818807 -0.06463009 -0.9219473 -0.3818852 -0.06463003 -0.9787361 -0.19468 -0.06461799 -0.8279106 -0.5531885 -0.09244829 -0.8279076 -0.5531929 -0.09244835 -0.7040778 -0.7040771 -0.09246605 -0.7040779 -0.704077 -0.09246635 -0.8297309 -0.5544108 -0.06461775 -0.7056286 -0.7056283 -0.06462985 -0.7056285 -0.7056285 -0.06463003 -0.8297339 -0.5544063 -0.06461781 -0.5531932 -0.8279073 -0.09244894 -0.5531889 -0.8279103 -0.09244865 -0.3810461 -0.9199206 -0.09246605 -0.3810412 -0.9199227 -0.09246593 -0.381886 -0.921947 -0.06462997 -0.5544114 -0.8297305 -0.06461787 -0.5544069 -0.8297334 -0.06461751 -0.3818807 -0.9219491 -0.06462937 -0.1942571 -0.9765845 -0.09244936 -0.1942521 -0.9765856 -0.09244894 0 -0.9957159 -0.09246623 0 -0.9957159 -0.09246587 1.72285e-7 -0.9979094 -0.06462967 -0.1946853 -0.9787351 -0.06461769 -0.1946798 -0.9787362 -0.06461715 1.80393e-7 -0.9979094 -0.06462967 0.1942523 -0.9765856 -0.09244871 0.1942574 -0.9765846 -0.09244853 0.3810415 -0.9199225 -0.09246534 0.3810465 -0.9199205 -0.09246522 0.1946855 -0.978735 -0.06461733 0.3818808 -0.9219492 -0.06462961 0.3818858 -0.921947 -0.06462961 0.1946802 -0.9787361 -0.06461739 0.5531889 -0.8279104 -0.09244811 0.553193 -0.8279075 -0.09244847 0.7040777 -0.7040773 -0.09246593 0.7040776 -0.7040773 -0.09246635 0.5544113 -0.8297305 -0.06461745 0.7056288 -0.7056282 -0.06462943 0.7056286 -0.7056283 -0.06462925 0.5544069 -0.8297336 -0.06461769 0.8279078 -0.5531927 -0.09244871 0.8279107 -0.5531882 -0.09244865 0.9199208 -0.3810455 -0.09246623 0.9199227 -0.3810412 -0.09246629 0.9219471 -0.3818854 -0.06462979 0.8297308 -0.5544111 -0.06461757 0.8297339 -0.5544064 -0.06461763 0.9219493 -0.3818804 -0.06462967 0.9765847 -0.1942568 -0.092449 0.9765856 -0.1942523 -0.09244889 0.9787352 -0.1946846 -0.06461757 0.9787361 -0.1946798 -0.06461763 0.9996768 1.49083e-7 -0.025424 0.980072 0.1949452 -0.03814953 0.9804684 0.1950277 -0.02541917 0.9992719 4.51738e-7 -0.03815662 0.9232079 0.3824018 -0.03815674 0.9235809 0.3825598 -0.02542352 0.9807847 0.1950935 1.69026e-7 0.9238787 0.3826856 1.41927e-7 1 0 0 0.8308662 0.555163 -0.03814953 0.831201 0.5553906 -0.02541917 0.7065918 0.7065919 -0.0381565 0.7068782 0.7068784 -0.02542322 0.8314684 0.5555721 1.69175e-7 0.7071068 0.7071068 0 0.5553906 0.831201 -0.02541923 0.5551632 0.8308661 -0.03814965 0.3825597 0.923581 -0.02542382 0.3824018 0.9232079 -0.03815656 0.382686 0.9238786 0 0.5555723 0.8314683 0 0.1950274 0.9804685 -0.02541917 0.1949456 0.9800719 -0.03814911 0 0.9996768 -0.02542394 0 0.9992718 -0.03815686 0 1 2.51645e-7 0.1950933 0.9807848 0 -0.1949456 0.9800719 -0.03814917 -0.1950273 0.9804685 -0.02541887 -0.3824021 0.9232079 -0.03815644 -0.3825597 0.9235809 -0.02542358 -0.1950932 0.9807848 0 -0.382686 0.9238786 0 -0.5551633 0.830866 -0.03814965 -0.5553905 0.8312011 -0.02541911 -0.706592 0.7065918 -0.03815656 -0.7068784 0.7068782 -0.02542316 -0.5555723 0.8314683 0 -0.7071068 0.7071067 2.68357e-7 -0.831201 0.5553907 -0.02541929 -0.830866 0.5551633 -0.03814941 -0.9235809 0.3825599 -0.02542352 -0.9232079 0.3824019 -0.03815639 -0.9238787 0.3826855 1.38498e-7 -0.8314683 0.5555722 2.38484e-7 -0.9804683 0.1950278 -0.02541917 -0.980072 0.1949452 -0.03814947 -0.9996768 0 -0.02542406 -0.9992719 0 -0.03815668 -1 0 0 -0.9807847 0.1950935 1.54121e-7 -0.980072 -0.1949453 -0.03814947 -0.9804684 -0.1950273 -0.02541923 -0.923208 -0.3824018 -0.03815633 -0.9235811 -0.3825594 -0.02542358 -0.9807847 -0.1950934 0 -0.9238786 -0.3826858 0 -0.8308662 -0.5551632 -0.03814917 -0.8312013 -0.5553904 -0.02541911 -0.706592 -0.7065917 -0.0381565 -0.7068785 -0.706878 -0.02542346 -0.8314684 -0.5555721 0 -0.7071075 -0.7071061 0 -0.5553904 -0.8312013 -0.02541935 -0.5551632 -0.8308662 -0.03814911 -0.3825598 -0.9235809 -0.02542364 -0.3824023 -0.9232078 -0.03815603 -0.3826861 -0.9238786 0 -0.5555725 -0.8314682 0 -0.1950274 -0.9804683 -0.02541941 -0.1949457 -0.9800719 -0.03814911 1.4789e-7 -0.9996768 -0.02542406 1.7594e-7 -0.9992718 -0.03815585 2.4449e-7 -1 0 -0.1950932 -0.9807847 0 0.1949459 -0.9800718 -0.03814947 0.1950277 -0.9804684 -0.02541905 0.3824025 -0.9232077 -0.03815674 0.3825596 -0.923581 -0.02542352 0.1950935 -0.9807847 0 0.3826861 -0.9238784 0 0.5551635 -0.8308659 -0.03814947 0.5553905 -0.8312011 -0.02541905 0.7065922 -0.7065916 -0.03815662 0.7068786 -0.706878 -0.02542334 0.5555726 -0.8314682 2.91696e-7 0.7071072 -0.7071064 0 0.8312013 -0.5553904 -0.02541935 0.8308662 -0.5551632 -0.03814917 0.9235811 -0.3825595 -0.0254237 0.9232079 -0.3824021 -0.03815627 0.9238786 -0.3826857 -1.44909e-7 0.8314683 -0.5555722 0 0.9804685 -0.1950273 -0.02541911 0.9800719 -0.1949456 -0.03814923 0.9807847 -0.1950932 0 0.9996768 1.19266e-7 0.02542388 0.9804684 0.1950277 0.02541923 0.9235809 0.3825598 0.02542352 0.923208 0.382402 0.03815639 0.9800719 0.1949458 0.03814935 0.9992719 4.75514e-7 0.03815627 0.8312013 0.5553905 0.02541917 0.7068782 0.7068783 0.0254231 0.7065917 0.706592 0.03815627 0.8308663 0.5551631 0.03814935 0.5553905 0.8312011 0.02541905 0.3825595 0.923581 0.02542358 0.5551632 0.8308662 0.03814947 0.382402 0.9232079 0.03815639 0.1950274 0.9804685 0.02541887 0 0.9996768 0.02542424 0.1949458 0.9800719 0.03814888 0 0.9992718 0.0381568 -0.1950273 0.9804684 0.02541881 -0.3825596 0.923581 0.02542364 -0.382402 0.9232079 0.03815644 -0.1949458 0.9800719 0.03814893 -0.5553906 0.8312011 0.02541911 -0.7068782 0.7068783 0.02542316 -0.7065917 0.706592 0.03815633 -0.5551632 0.8308661 0.03814929 -0.8312011 0.5553905 0.02541917 -0.923581 0.3825599 0.02542358 -0.8308662 0.5551631 0.03814935 -0.923208 0.382402 0.03815644 -0.9804684 0.1950278 0.02541923 -0.9996768 0 0.02542406 -0.9800719 0.1949456 0.03814947 -0.9992719 0 0.03815668 -0.9804685 -0.1950272 0.02541917 -0.9235811 -0.3825594 0.02542352 -0.9232079 -0.382402 0.03815621 -0.980072 -0.1949452 0.03814947 -0.8312012 -0.5553904 0.02541911 -0.7068785 -0.706878 0.0254237 -0.7065919 -0.7065919 0.03815686 -0.8308659 -0.5551635 0.03814911 -0.5553905 -0.8312011 0.02541929 -0.3825597 -0.923581 0.02542382 -0.5551634 -0.830866 0.03814941 -0.3824021 -0.9232079 0.03815674 -0.1950275 -0.9804683 0.02541929 1.58624e-7 -0.9996768 0.02542406 -0.1949459 -0.9800718 0.03814911 2.52022e-7 -0.9992718 0.03815573 0.1950277 -0.9804683 0.02541935 0.3825599 -0.9235808 0.02542358 0.382402 -0.9232079 0.03815674 0.194946 -0.9800718 0.03814947 0.5553905 -0.8312011 0.02541923 0.7068783 -0.7068782 0.02542334 0.706592 -0.7065917 0.03815674 0.5551632 -0.8308662 0.03814935 0.8312011 -0.5553905 0.02541935 0.9235811 -0.3825592 0.0254237 0.8308661 -0.5551632 0.03814965 0.9232079 -0.3824019 0.03815644 0.9804685 -0.1950272 0.02541911 0.9800719 -0.1949456 0.03814905 0.9979094 0 0.06463056 0.9979093 2.58428e-7 0.06463027 0.9787361 0.19468 0.06461799 0.978735 0.1946853 0.06461799 0.9219495 0.38188 0.06463009 0.9219473 0.3818852 0.06463009 0.9199227 0.3810414 0.09246557 0.9765855 0.1942527 0.09244835 0.9765845 0.1942577 0.09244829 0.9199207 0.3810461 0.09246563 0.995716 0 0.09246546 0.995716 1.98953e-7 0.09246563 0.8297337 0.5544064 0.06461769 0.8297308 0.5544109 0.06461763 0.7056286 0.7056283 0.06462997 0.7056288 0.7056282 0.06463003 0.7040771 0.7040778 0.09246641 0.8279103 0.5531889 0.09244918 0.8279075 0.553193 0.092449 0.7040773 0.7040776 0.09246611 0.5544113 0.8297305 0.06461828 0.5544068 0.8297336 0.06461834 0.3818857 0.9219471 0.06463032 0.3818811 0.9219489 0.06463032 0.5531885 0.8279105 0.09244883 0.3810464 0.9199206 0.09246551 0.3810415 0.9199227 0.09246557 0.5531925 0.8279078 0.09244889 0.1946855 0.978735 0.06461787 0.1946802 0.9787361 0.06461799 -1.34e-7 0.9979093 0.06462991 -2.70589e-7 0.9979094 0.06463021 0.194252 0.9765856 0.09244871 0 0.9957159 0.09246575 0 0.9957159 0.09246587 0.1942571 0.9765846 0.09244871 -0.1946802 0.9787361 0.06461793 -0.1946853 0.978735 0.06461793 -0.3818809 0.9219491 0.0646305 -0.381886 0.921947 0.06463032 -0.3810414 0.9199227 0.09246563 -0.1942521 0.9765856 0.09244841 -0.1942572 0.9765846 0.09244805 -0.3810462 0.9199206 0.09246546 -0.5544071 0.8297334 0.06461781 -0.5544116 0.8297303 0.06461763 -0.7056288 0.7056282 0.06462979 -0.7056285 0.7056285 0.06463003 -0.7040773 0.7040776 0.09246677 -0.5531888 0.8279102 0.09244894 -0.5531928 0.8279076 0.09244912 -0.7040773 0.7040776 0.09246701 -0.8297311 0.5544106 0.06461775 -0.8297341 0.5544061 0.06461781 -0.9219472 0.3818855 0.06463021 -0.9219492 0.3818807 0.06463021 -0.8279102 0.553189 0.09244894 -0.9199205 0.3810466 0.09246569 -0.9199224 0.3810419 0.09246569 -0.8279075 0.5531929 0.09244906 -0.978735 0.1946853 0.06461769 -0.9787361 0.1946799 0.06461769 -0.9979093 2.03392e-7 0.06462985 -0.9979094 0 0.06463021 -0.9765855 0.1942527 0.09244859 -0.9957159 0 0.09246575 -0.995716 0 0.09246534 -0.9765845 0.1942578 0.09244865 -0.9787361 -0.19468 0.06461769 -0.9787352 -0.1946849 0.06461775 -0.9219494 -0.3818802 0.06463009 -0.9219474 -0.3818849 0.06463015 -0.9199227 -0.3810412 0.09246593 -0.9765855 -0.1942522 0.09244894 -0.9765845 -0.1942575 0.092449 -0.9199206 -0.3810461 0.09246581 -0.829734 -0.5544062 0.06461751 -0.8297309 -0.5544108 0.06461757 -0.7056287 -0.7056282 0.06462925 -0.7056287 -0.7056283 0.06462919 -0.7040771 -0.7040777 0.09246617 -0.8279103 -0.5531888 0.09244865 -0.8279077 -0.5531929 0.09244877 -0.7040774 -0.7040775 0.09246617 -0.5544116 -0.8297303 0.06461727 -0.5544069 -0.8297334 0.06461769 -0.3818861 -0.9219469 0.06462961 -0.3818808 -0.9219492 0.06462991 -0.5531885 -0.8279106 0.09244877 -0.3810463 -0.9199206 0.09246581 -0.3810414 -0.9199227 0.09246569 -0.5531926 -0.8279078 0.09244877 -0.1946855 -0.978735 0.06461769 -0.19468 -0.9787361 0.06461817 2.08178e-7 -0.9979094 0.06463038 2.65842e-7 -0.9979094 0.06463062 -0.194252 -0.9765856 0.09244871 1.74983e-7 -0.9957159 0.09246569 1.27948e-7 -0.9957159 0.09246581 -0.194257 -0.9765846 0.09244883 0.1946802 -0.9787361 0.06461769 0.1946856 -0.978735 0.06461787 0.3818814 -0.9219489 0.06462943 0.3818865 -0.9219467 0.06462949 0.3810414 -0.9199225 0.09246599 0.1942524 -0.9765856 0.09244787 0.1942573 -0.9765846 0.09244829 0.3810461 -0.9199205 0.09246677 0.5544071 -0.8297333 0.06461751 0.5544116 -0.8297303 0.06461751 0.7056288 -0.7056282 0.06462949 0.7056288 -0.7056282 0.06462967 0.7040773 -0.7040776 0.09246629 0.5531886 -0.8279104 0.09244948 0.553193 -0.8279074 0.0924493 0.7040776 -0.7040773 0.09246611 0.829731 -0.5544106 0.06461751 0.8297339 -0.5544062 0.06461745 0.9219473 -0.3818853 0.06462991 0.9219492 -0.3818804 0.06462997 0.8279103 -0.5531888 0.09244877 0.9199206 -0.3810461 0.09246599 0.9199226 -0.3810415 0.09246605 0.8279077 -0.5531929 0.09244883 0.9787351 -0.1946846 0.06461793 0.9787362 -0.1946797 0.06461805 0.9765855 -0.1942524 0.09244859 0.9765846 -0.1942572 0.09244877 0.9924101 5.67556e-7 0.1229724 0.9924103 1.68112e-7 0.1229719 0.9733446 0.1936078 0.1229489 0.9733437 0.1936122 0.1229488 0.9168685 0.3797765 0.1229715 0.9168667 0.3797808 0.1229716 0.9112906 0.377465 0.1645292 0.9674249 0.1924296 0.1644988 0.967424 0.1924344 0.1644993 0.9112884 0.3774698 0.1645298 0.9863724 0 0.1645289 0.9863722 0 0.1645293 0.8251631 0.5513526 0.1229487 0.8251606 0.5513563 0.1229487 0.7017402 0.7017399 0.1229713 0.7017403 0.7017398 0.1229712 0.6974704 0.6974706 0.1645296 0.8201446 0.5479991 0.1644991 0.8201418 0.5480032 0.1644996 0.6974699 0.6974709 0.1645302 0.5513568 0.8251602 0.1229486 0.5513529 0.8251628 0.1229491 0.3797811 0.9168664 0.1229727 0.3797769 0.9168682 0.1229726 0.5480003 0.8201439 0.1644986 0.3774709 0.9112882 0.1645292 0.3774671 0.9112895 0.1645296 0.5480031 0.820142 0.1644986 0.1936126 0.9733437 0.122949 0.1936078 0.9733446 0.1229487 0 0.9924102 0.1229717 0 0.9924101 0.1229723 0.1924303 0.9674247 0.1644996 0 0.9863722 0.1645296 0 0.9863719 0.1645313 0.1924346 0.967424 0.1644986 -0.1936076 0.9733445 0.1229494 -0.1936125 0.9733437 0.1229487 -0.379777 0.9168684 0.1229714 -0.3797813 0.9168666 0.122971 -0.377467 0.9112896 0.1645295 -0.1924303 0.9674247 0.1644996 -0.1924344 0.967424 0.1644984 -0.3774706 0.9112882 0.1645292 -0.5513531 0.8251627 0.1229485 -0.5513572 0.8251601 0.1229484 -0.7017405 0.7017396 0.1229711 -0.7017406 0.7017395 0.1229709 -0.6974706 0.6974703 0.1645297 -0.5480004 0.8201437 0.1644989 -0.5480033 0.8201417 0.1644994 -0.6974701 0.6974707 0.16453 -0.8251601 0.551357 0.1229487 -0.8251631 0.5513525 0.122949 -0.9168667 0.379781 0.1229721 -0.9168685 0.3797764 0.1229719 -0.8201444 0.5479992 0.1644994 -0.9112883 0.3774703 0.1645293 -0.9112902 0.3774656 0.1645293 -0.8201416 0.5480035 0.1644994 -0.9733437 0.1936122 0.122949 -0.9733445 0.1936079 0.1229489 -0.9924103 -1.99332e-7 0.1229718 -0.9924101 -1.65537e-7 0.1229722 -0.9674249 0.19243 0.1644991 -0.9863723 0 0.1645292 -0.9863724 0 0.1645288 -0.9674239 0.1924347 0.1644993 -0.9733448 -0.1936072 0.122949 -0.9733438 -0.193612 0.122949 -0.9168688 -0.3797758 0.1229718 -0.9168667 -0.3797808 0.1229718 -0.9112907 -0.3774647 0.1645294 -0.9674248 -0.1924299 0.1644991 -0.9674239 -0.1924344 0.1644994 -0.9112887 -0.3774693 0.1645294 -0.8251633 -0.5513522 0.1229494 -0.8251603 -0.5513567 0.1229491 -0.7017402 -0.7017398 0.1229718 -0.7017399 -0.70174 0.122972 -0.6974706 -0.6974704 0.1645295 -0.8201447 -0.5479992 0.1644984 -0.8201419 -0.5480031 0.164499 -0.69747 -0.6974707 0.1645305 -0.551357 -0.8251601 0.122949 -0.5513529 -0.8251628 0.1229489 -0.3797809 -0.9168667 0.1229723 -0.3797763 -0.9168685 0.1229721 -0.5480007 -0.8201435 0.1644991 -0.3774707 -0.911288 0.1645296 -0.3774672 -0.9112895 0.1645297 -0.5480033 -0.8201418 0.1644993 -0.1936125 -0.9733436 0.1229494 -0.1936078 -0.9733446 0.122949 2.20947e-7 -0.9924103 0.122972 2.93237e-7 -0.9924101 0.1229723 -0.1924306 -0.9674247 0.1644993 2.28743e-7 -0.9863722 0.1645296 1.83967e-7 -0.9863721 0.1645299 -0.1924347 -0.967424 0.164499 0.1936081 -0.9733445 0.1229493 0.1936129 -0.9733436 0.1229487 0.3797765 -0.9168685 0.122972 0.3797811 -0.9168667 0.1229713 0.3774669 -0.9112896 0.1645294 0.1924305 -0.9674246 0.1645 0.1924348 -0.9674238 0.1644997 0.3774708 -0.9112881 0.164529 0.5513524 -0.8251632 0.1229491 0.5513569 -0.8251602 0.1229487 0.7017403 -0.7017397 0.1229716 0.7017405 -0.7017396 0.1229714 0.6974706 -0.6974703 0.1645299 0.5480008 -0.8201435 0.1644989 0.5480036 -0.8201416 0.1644991 0.6974699 -0.6974708 0.1645304 0.8251604 -0.5513564 0.1229489 0.8251633 -0.5513522 0.1229491 0.9168668 -0.3797807 0.1229715 0.9168688 -0.3797761 0.1229716 0.8201446 -0.5479989 0.1644994 0.9112886 -0.3774691 0.16453 0.9112905 -0.3774647 0.1645296 0.8201417 -0.5480031 0.1644998 0.9733437 -0.1936123 0.122949 0.9733446 -0.1936075 0.1229491 0.9674248 -0.1924301 0.1644992 0.9674239 -0.1924343 0.1644997 0.9749131 2.63177e-7 0.2225858 0.9749131 2.10236e-7 0.2225857 0.9561895 0.1901962 0.2225468 0.956189 0.1901993 0.2225465 0.9007028 0.3730819 0.2225859 0.9007018 0.3730846 0.2225853 0.8930022 0.3698915 0.2563734 0.9480172 0.1885707 0.2563289 0.9480166 0.1885737 0.2563288 0.8930012 0.3698942 0.2563731 0.9665778 0 0.2563734 0.9665778 1.7193e-7 0.2563737 0.8106188 0.5416369 0.2225461 0.8106174 0.5416389 0.2225461 0.6893675 0.689368 0.2225854 0.6893683 0.6893672 0.2225856 0.6834739 0.6834736 0.2563733 0.8036912 0.5370069 0.2563285 0.8036895 0.5370093 0.2563284 0.6834741 0.6834734 0.2563734 0.5416378 0.8106181 0.222546 0.5416346 0.8106204 0.222546 0.3730842 0.9007018 0.2225858 0.3730806 0.9007033 0.2225858 0.5370066 0.8036914 0.2563281 0.3698944 0.8930009 0.2563742 0.369892 0.8930019 0.2563741 0.537009 0.8036898 0.2563278 0.1901985 0.9561891 0.2225469 0.1901949 0.9561899 0.2225463 0 0.9749132 0.2225852 0 0.9749135 0.2225843 0.1885707 0.9480176 0.2563277 0 0.9665777 0.256374 0 0.9665775 0.2563748 0.1885734 0.948017 0.2563278 -0.1901945 0.95619 0.2225461 -0.1901983 0.9561892 0.2225465 -0.3730804 0.9007034 0.2225858 -0.3730844 0.9007018 0.2225857 -0.3698918 0.8930022 0.2563732 -0.1885702 0.9480175 0.2563282 -0.1885732 0.948017 0.2563281 -0.3698945 0.893001 0.2563734 -0.541635 0.8106201 0.222546 -0.5416383 0.8106179 0.2225459 -0.6893677 0.689368 0.2225853 -0.6893681 0.6893674 0.2225852 -0.6834739 0.6834738 0.2563731 -0.5370065 0.8036916 0.2563278 -0.5370089 0.8036899 0.2563279 -0.6834741 0.6834735 0.2563732 -0.8106174 0.5416389 0.2225459 -0.810619 0.5416366 0.2225461 -0.9007018 0.3730846 0.2225852 -0.9007028 0.3730817 0.2225857 -0.8036912 0.537007 0.2563282 -0.8930011 0.3698943 0.2563737 -0.8930023 0.3698915 0.2563736 -0.8036896 0.5370093 0.2563281 -0.956189 0.1901994 0.2225466 -0.9561895 0.1901962 0.2225468 -0.9749131 2.29568e-7 0.2225857 -0.9749132 3.94766e-7 0.2225856 -0.9480174 0.1885707 0.2563284 -0.9665778 1.50136e-7 0.2563738 -0.9665778 0 0.2563735 -0.9480166 0.1885739 0.2563287 -0.9561896 -0.1901964 0.2225464 -0.956189 -0.1901994 0.2225463 -0.9007031 -0.3730812 0.2225853 -0.9007021 -0.3730837 0.2225853 -0.8930026 -0.3698906 0.2563734 -0.9480174 -0.18857 0.2563286 -0.9480168 -0.1885733 0.2563288 -0.8930013 -0.3698939 0.2563735 -0.8106194 -0.5416361 0.2225456 -0.8106181 -0.5416381 0.2225458 -0.6893681 -0.6893675 0.222585 -0.6893692 -0.6893665 0.2225847 -0.6834734 -0.6834738 0.2563739 -0.8036917 -0.537006 0.2563284 -0.8036895 -0.5370093 0.2563284 -0.6834726 -0.6834746 0.2563742 -0.5416378 -0.8106182 0.2225459 -0.5416345 -0.8106204 0.2225462 -0.3730845 -0.9007019 0.2225851 -0.3730809 -0.9007033 0.2225852 -0.5370072 -0.803691 0.2563282 -0.3698944 -0.893001 0.2563741 -0.3698918 -0.893002 0.2563736 -0.537009 -0.8036897 0.2563287 -0.1901985 -0.9561892 0.2225459 -0.1901947 -0.9561899 0.2225462 0 -0.9749133 0.2225849 -3.61869e-7 -0.9749134 0.2225847 -0.1885706 -0.9480176 0.2563276 0 -0.9665778 0.2563734 0 -0.9665779 0.2563731 -0.1885734 -0.9480169 0.256328 0.1901952 -0.9561902 0.222545 0.1901991 -0.9561892 0.2225453 0.3730813 -0.9007032 0.2225849 0.3730847 -0.9007018 0.2225851 0.3698911 -0.8930022 0.2563742 0.1885705 -0.9480172 0.2563289 0.1885733 -0.9480165 0.2563294 0.3698944 -0.8930008 0.2563745 0.5416352 -0.81062 0.2225457 0.5416381 -0.8106179 0.2225462 0.6893677 -0.6893678 0.2225857 0.6893682 -0.6893672 0.222586 0.6834743 -0.6834734 0.2563731 0.5370074 -0.8036908 0.2563287 0.5370101 -0.8036889 0.2563286 0.6834739 -0.6834738 0.2563729 0.8106174 -0.541639 0.2225462 0.8106189 -0.5416367 0.2225459 0.9007021 -0.3730843 0.2225846 0.9007032 -0.3730817 0.2225849 0.8036918 -0.537006 0.2563283 0.8930014 -0.3698941 0.2563728 0.8930028 -0.3698906 0.2563729 0.8036896 -0.5370093 0.2563284 0.9561891 -0.1901994 0.2225458 0.9561896 -0.1901965 0.2225466 0.9480174 -0.1885701 0.2563287 0.9480168 -0.1885733 0.2563285 -0.9665601 -2.34896e-7 0.2564402 -0.9480008 -0.188566 0.2563931 -0.9665604 0 0.256439 -0.9480002 -0.1885697 0.2563929 -0.8929861 -0.3698853 0.2564387 -0.8929848 -0.3698886 0.2564388 -0.8036774 -0.5369966 0.2563927 -0.8036757 -0.5369993 0.2563929 -0.6834613 -0.6834614 0.2564395 -0.6834617 -0.6834615 0.2564382 -0.5369997 -0.8036756 0.2563924 -0.5369963 -0.8036777 0.2563924 -0.3698884 -0.8929846 0.2564393 -0.3698849 -0.8929861 0.2564393 -0.1885697 -0.9480002 0.2563927 -0.188566 -0.9480011 0.2563923 0 -0.9665605 0.256439 0 -0.9665609 0.2564372 0.1885656 -0.9480009 0.2563927 0.1885695 -0.9480002 0.256393 0.369885 -0.892986 0.2564393 0.3698887 -0.8929846 0.256439 0.5369963 -0.8036777 0.2563925 0.5369997 -0.8036757 0.2563921 0.6834613 -0.6834614 0.2564396 0.6834617 -0.6834614 0.2564383 0.8036757 -0.5369994 0.2563927 0.8036776 -0.5369964 0.2563927 0.8929848 -0.3698882 0.2564392 0.892986 -0.369885 0.2564392 0.9480003 -0.1885694 0.2563925 0.9480009 -0.1885663 0.2563924 0.9665604 -3.87457e-7 0.2564395 0.9665607 -1.11136e-6 0.256438 0.948001 0.1885656 0.2563929 0.9480001 0.1885697 0.256393 0.8929862 0.3698844 0.2564394 0.8929848 0.3698882 0.2564392 0.8036779 0.5369958 0.2563929 0.8036755 0.5369994 0.2563928 0.6834614 0.6834613 0.2564398 0.6834615 0.6834616 0.2564386 0.5369997 0.8036753 0.2563931 0.5369964 0.8036776 0.256393 0.3698885 0.8929846 0.2564395 0.3698849 0.892986 0.2564394 0.1885697 0.9480003 0.2563924 0.1885659 0.948001 0.2563925 0 0.9665605 0.2564388 0 0.9665609 0.2564374 -0.1885662 0.948001 0.2563923 -0.1885699 0.9480002 0.2563926 -0.369885 0.8929859 0.2564398 -0.3698886 0.8929846 0.2564395 -0.5369963 0.8036776 0.2563932 -0.5369997 0.8036755 0.2563926 -0.6834616 0.6834611 0.2564396 -0.6834619 0.6834614 0.2564379 -0.8036757 0.5369993 0.2563927 -0.8036778 0.5369961 0.2563928 -0.8929847 0.3698884 0.256439 -0.8929862 0.3698848 0.256439 -0.9480003 0.1885691 0.2563929 -0.9480009 0.1885654 0.256393 -0.9480007 -0.1885663 -0.256393 -0.8929859 -0.3698852 -0.2564392 -0.948 -0.1885703 -0.2563927 -0.8929842 -0.3698894 -0.2564395 -0.9665605 -3.70454e-7 -0.2564391 -0.9665602 -3.89878e-7 -0.2564397 -0.8036769 -0.5369974 -0.2563927 -0.6834615 -0.6834614 -0.256439 -0.8036751 -0.5370002 -0.2563927 -0.6834624 -0.6834611 -0.2564375 -0.5369965 -0.8036777 -0.256392 -0.3698883 -0.8929847 -0.256439 -0.5369997 -0.8036758 -0.256392 -0.369885 -0.8929861 -0.2564388 -0.1885665 -0.948001 -0.2563923 1.2108e-7 -0.9665604 -0.2564392 -0.1885701 -0.9480001 -0.2563927 2.39154e-7 -0.9665609 -0.2564373 0.1885661 -0.948001 -0.2563923 0.3698849 -0.8929862 -0.2564386 0.1885699 -0.9480001 -0.256393 0.3698884 -0.8929848 -0.2564387 0.5369973 -0.8036773 -0.256392 0.683462 -0.683461 -0.2564389 0.5370001 -0.8036754 -0.2563919 0.6834619 -0.6834614 -0.2564379 0.8036783 -0.5369958 -0.2563916 0.8929854 -0.3698876 -0.2564382 0.8036762 -0.5369991 -0.2563918 0.8929867 -0.369884 -0.2564386 0.9480007 -0.1885666 -0.256393 0.9665603 -3.70506e-7 -0.2564398 0.9480002 -0.18857 -0.2563923 0.9665605 -3.2825e-7 -0.2564391 0.9480009 0.1885663 -0.2563925 0.8929863 0.3698844 -0.256439 0.9480003 0.1885695 -0.2563922 0.8929852 0.3698878 -0.2564385 0.8036779 0.5369961 -0.2563924 0.6834608 0.6834617 -0.25644 0.8036756 0.5369996 -0.2563924 0.6834602 0.6834625 -0.2564395 0.536997 0.8036774 -0.2563923 0.369888 0.8929848 -0.2564395 0.5369993 0.8036757 -0.2563928 0.3698855 0.8929859 -0.2564392 0.1885664 0.948001 -0.256392 -1.25923e-7 0.9665606 -0.2564387 0.1885696 0.9480002 -0.2563925 -2.20396e-7 0.9665611 -0.2564368 -0.1885669 0.948001 -0.256392 -0.3698858 0.8929857 -0.2564395 -0.1885698 0.9480002 -0.2563927 -0.3698879 0.8929846 -0.2564399 -0.5369975 0.8036769 -0.2563925 -0.6834616 0.683461 -0.2564398 -0.5369998 0.8036755 -0.2563927 -0.6834613 0.6834616 -0.2564388 -0.8036776 0.5369966 -0.2563924 -0.8929846 0.3698886 -0.2564391 -0.803675 0.5370004 -0.2563925 -0.8929863 0.3698844 -0.2564392 -0.948001 0.1885658 -0.2563924 -0.9480003 0.1885693 -0.2563923 -0.2563552 0 -0.9665828 -0.2514226 -0.05001109 -0.9665845 -0.2563741 -1.2253e-7 -0.9665777 -0.251403 -0.05000728 -0.9665899 -0.2368407 -0.0981025 -0.9665828 -0.2368581 -0.09810966 -0.966578 -0.2131461 -0.1424198 -0.9665845 -0.2131296 -0.1424088 -0.9665896 -0.1812702 -0.1812702 -0.9665828 -0.1812835 -0.1812834 -0.9665778 -0.1424086 -0.2131297 -0.9665896 -0.1424196 -0.2131462 -0.9665845 -0.09810274 -0.2368409 -0.9665828 -0.09811002 -0.2368583 -0.9665778 -0.0500071 -0.2514029 -0.9665899 -0.05001097 -0.2514225 -0.9665845 0 -0.2563554 -0.9665826 0 -0.2563742 -0.9665777 0.05000722 -0.2514035 -0.9665898 0.05001109 -0.2514229 -0.9665845 0.09810256 -0.2368406 -0.966583 0.09810978 -0.2368579 -0.9665779 0.1424194 -0.2131458 -0.9665845 0.1424084 -0.2131293 -0.9665898 0.1812702 -0.1812702 -0.9665828 0.1812835 -0.1812834 -0.9665778 0.213146 -0.1424196 -0.9665845 0.2131295 -0.1424086 -0.9665897 0.2368409 -0.09810274 -0.9665828 0.2368583 -0.0981099 -0.9665778 0.2514224 -0.05001103 -0.9665846 0.2514027 -0.05000716 -0.9665899 0.2563548 0 -0.9665828 0.2563737 -1.27582e-7 -0.9665778 0.2514033 0.05000716 -0.9665898 0.2514228 0.05001103 -0.9665846 0.2368411 0.09810268 -0.9665827 0.2368584 0.0981099 -0.9665778 0.2131296 0.1424086 -0.9665896 0.2131462 0.1424196 -0.9665844 0.1812705 0.1812705 -0.9665826 0.1812838 0.1812838 -0.9665777 0.1424196 0.213146 -0.9665844 0.1424086 0.2131295 -0.9665897 0.09810262 0.2368407 -0.9665828 0.09810984 0.2368581 -0.9665778 0.05001097 0.2514224 -0.9665846 0.0500071 0.2514028 -0.9665899 0 0.2563546 -0.9665828 0 0.2563734 -0.9665778 -0.05001121 0.2514231 -0.9665844 -0.05000728 0.2514036 -0.9665896 -0.09810292 0.2368414 -0.9665826 -0.09811019 0.2368589 -0.9665776 -0.1424082 0.2131289 -0.9665899 -0.1424193 0.2131455 -0.9665846 -0.1812702 0.1812701 -0.9665828 -0.1812835 0.1812835 -0.9665778 -0.2131294 0.1424084 -0.9665898 -0.2131459 0.1424195 -0.9665846 -0.2368408 0.09810262 -0.9665829 -0.2368581 0.09810978 -0.9665778 -0.2514228 0.05001109 -0.9665845 -0.2514033 0.05000728 -0.9665897 -0.25142 -0.0500108 0.9665852 -0.236842 -0.0981028 0.9665825 -0.2513975 -0.05000686 0.9665913 -0.23686 -0.09811025 0.9665774 -0.2563596 0 0.9665815 -0.2563808 0 0.9665759 -0.1812745 -0.1812704 0.966582 -0.2131276 -0.1424077 0.9665902 -0.2131454 -0.142419 0.9665846 -0.1812899 -0.181284 0.9665766 -0.09810483 -0.2368414 0.9665825 -0.1424037 -0.213128 0.9665907 -0.1424168 -0.213145 0.966585 -0.09811353 -0.2368595 0.9665771 -0.0500105 -0.2514213 0.9665849 0 -0.2563754 0.9665773 0 -0.2563559 0.9665825 -0.05000627 -0.251401 0.9665904 0.09810352 -0.2368413 0.9665825 0.0500108 -0.2514218 0.9665848 0.09811139 -0.2368593 0.9665775 0.05000692 -0.2514015 0.9665902 0.1424162 -0.2131448 0.9665852 0.1812713 -0.1812704 0.9665825 0.1424036 -0.2131278 0.9665909 0.181287 -0.181284 0.9665771 0.2368414 -0.09810292 0.9665826 0.2131214 -0.1424076 0.9665917 0.2131402 -0.142419 0.9665858 0.23686 -0.09811037 0.9665774 0.2563582 0 0.9665819 0.2513998 -0.05000686 0.9665907 0.2514209 -0.05001085 0.966585 0.2563797 0 0.9665762 0.2514198 0.05001068 0.9665853 0.2368638 0.09811025 0.9665764 0.2368447 0.0981028 0.9665818 0.2513976 0.05000662 0.9665912 0.1812722 0.1812707 0.9665823 0.2131437 0.1424188 0.966585 0.1812871 0.1812844 0.966577 0.2131245 0.1424074 0.966591 0.09810489 0.2368412 0.9665825 0.1424171 0.2131449 0.966585 0.09811329 0.2368592 0.9665773 0.1424047 0.2131278 0.9665907 -3.89618e-7 0.2563553 0.9665827 0.05000579 0.2514014 0.9665903 0.05001026 0.2514215 0.9665849 -4.82539e-7 0.2563745 0.9665775 -0.09810423 0.2368417 0.9665825 -0.05000585 0.2514017 0.9665902 -0.05001044 0.2514218 0.9665848 -0.09811252 0.2368599 0.9665771 -0.1812726 0.1812704 0.9665824 -0.1424044 0.2131273 0.9665908 -0.1424167 0.2131446 0.9665852 -0.181288 0.1812841 0.9665769 -0.2368445 0.0981028 0.966582 -0.2131438 0.1424188 0.966585 -0.2368639 0.09811031 0.9665764 -0.2131245 0.1424074 0.966591 -0.2514224 0.05001074 0.9665846 -0.2514019 0.05000668 0.9665901 -0.2225323 -0.0221281 -0.9746742 -0.2224513 -0.02212429 -0.9746928 -0.2140626 -0.06471574 -0.9746738 -0.2139856 -0.06468874 -0.9746926 -0.1971256 -0.1056027 -0.9746742 -0.1970527 -0.1055688 -0.9746925 -0.173 -0.1417068 -0.9746744 -0.1729403 -0.1416519 -0.974693 -0.1417061 -0.1730016 -0.9746743 -0.1416505 -0.172937 -0.9746938 -0.1055684 -0.1970507 -0.974693 -0.1056025 -0.197125 -0.9746743 -0.06468874 -0.2139875 -0.9746921 -0.06471496 -0.2140593 -0.9746746 -0.02212435 -0.2224528 -0.9746925 -0.02212792 -0.2225303 -0.9746747 0.02212762 -0.2225281 -0.9746751 0.02212429 -0.2224529 -0.9746924 0.06471592 -0.2140626 -0.9746739 0.06468945 -0.2139863 -0.9746924 0.1056038 -0.1971272 -0.9746736 0.1055672 -0.1970484 -0.9746937 0.1417058 -0.1730006 -0.9746745 0.1416512 -0.1729379 -0.9746935 0.1730015 -0.1417066 -0.9746742 0.1729419 -0.1416537 -0.9746925 0.1971256 -0.1056027 -0.9746742 0.1970501 -0.1055685 -0.9746931 0.2140598 -0.06471556 -0.9746745 0.2139843 -0.0646888 -0.9746928 0.2225321 -0.02212834 -0.9746742 0.2224513 -0.02212429 -0.9746928 0.2224527 0.02212405 -0.9746925 0.2225354 0.0221281 -0.9746735 0.2139856 0.06468874 -0.9746927 0.2140625 0.0647155 -0.9746739 0.1970521 0.1055685 -0.9746927 0.1971263 0.1056028 -0.9746739 0.1730002 0.1417069 -0.9746744 0.1729395 0.1416526 -0.974693 0.1417071 0.1730004 -0.9746744 0.1416531 0.1729422 -0.9746925 0.1056022 0.1971251 -0.9746743 0.1055696 0.1970531 -0.9746924 0.06471556 0.2140601 -0.9746744 0.06468874 0.2139876 -0.9746921 0.02212822 0.2225332 -0.974674 0.02212435 0.2224529 -0.9746925 -0.02212822 0.2225332 -0.974674 -0.02212417 0.2224516 -0.9746927 -0.06471478 0.2140576 -0.974675 -0.06468904 0.2139864 -0.9746924 -0.1056029 0.1971257 -0.9746741 -0.1055701 0.1970542 -0.9746921 -0.1416532 0.1729423 -0.9746925 -0.1417069 0.1730002 -0.9746744 -0.1729394 0.1416528 -0.9746931 -0.1730006 0.1417068 -0.9746744 -0.1970518 0.1055685 -0.9746927 -0.1971256 0.1056026 -0.9746741 -0.2140631 0.0647155 -0.9746738 -0.2139855 0.06468868 -0.9746927 -0.22253 0.02212798 -0.9746748 -0.2224543 0.02212429 -0.9746921 0.2140665 0.06471538 0.974673 0.2139825 0.0646888 0.9746932 0.2225379 0.0221284 0.9746729 0.2224508 0.0221244 0.974693 0.2225384 -0.02212828 0.9746729 0.2224509 -0.0221244 0.9746928 0.2140611 -0.06471574 0.9746742 0.2139881 -0.0646885 0.9746921 0.1971212 -0.1056028 0.974675 0.197052 -0.1055685 0.9746928 0.1730056 -0.1417065 0.9746735 0.1729393 -0.1416527 0.9746931 0.1417075 -0.1730007 0.9746742 0.1416514 -0.1729414 0.974693 0.1055705 -0.1970533 0.9746922 0.1055986 -0.1971218 0.9746753 0.06468957 -0.2139854 0.9746926 0.0647149 -0.214056 0.9746754 0.02212387 -0.2224491 0.9746932 0.02212947 -0.2225418 0.974672 -0.02212804 -0.2225273 0.9746753 -0.02212435 -0.2224542 0.9746921 -0.06471717 -0.2140617 0.9746739 -0.06468766 -0.2139857 0.9746927 -0.1055985 -0.1971217 0.9746754 -0.1055718 -0.1970558 0.9746916 -0.1417112 -0.173001 0.9746736 -0.1416513 -0.1729403 0.9746931 -0.1730037 -0.1417074 0.9746738 -0.1729401 -0.1416537 0.9746928 -0.1971209 -0.1056028 0.9746751 -0.197051 -0.1055682 0.9746929 -0.2140665 -0.06471538 0.974673 -0.2139845 -0.06468862 0.9746928 -0.222533 -0.02212828 0.9746741 -0.2224508 -0.0221244 0.974693 -0.2224484 0.0221244 0.9746934 -0.2225326 0.02212834 0.9746742 -0.2139824 0.06468874 0.9746933 -0.2140608 0.06471544 0.9746742 -0.1970525 0.1055688 0.9746926 -0.1971279 0.1056029 0.9746737 -0.1730022 0.1417063 0.9746742 -0.1729409 0.141654 0.9746927 -0.1417015 0.172999 0.9746754 -0.1416558 0.1729422 0.9746921 -0.1056021 0.1971216 0.9746749 -0.1055689 0.1970555 0.974692 -0.06471645 0.2140616 0.974674 -0.06468814 0.2139853 0.9746927 -0.02212828 0.2225275 0.9746752 -0.02212417 0.2224541 0.9746921 0.02212846 0.2225314 0.9746744 0.0221244 0.2224544 0.9746921 0.0647161 0.2140641 0.9746736 0.06468838 0.2139856 0.9746926 0.1056053 0.1971223 0.9746745 0.1055702 0.1970568 0.9746915 0.1416574 0.1729441 0.9746915 0.1417044 0.1729992 0.9746749 0.1729391 0.1416532 0.974693 0.1730035 0.1417067 0.9746739 0.1970511 0.1055685 0.9746928 0.1971262 0.1056028 0.974674 -0.1229602 -0.01222723 -0.9923363 -0.1229161 -0.01222485 -0.9923418 -0.1182782 -0.03575903 -0.9923365 -0.1182415 -0.03574377 -0.9923414 -0.1089211 -0.05835205 -0.9923363 -0.1088861 -0.05833232 -0.9923413 -0.09559875 -0.07830041 -0.9923356 -0.09556013 -0.07827085 -0.9923416 -0.07829701 -0.09559285 -0.9923365 -0.07827275 -0.09556007 -0.9923415 -0.05833274 -0.1088821 -0.9923417 -0.05835264 -0.1089222 -0.9923362 -0.03574657 -0.1182377 -0.9923417 -0.0357595 -0.1182847 -0.9923356 -0.01222527 -0.1229193 -0.9923414 -0.01222693 -0.1229599 -0.9923363 0.01222735 -0.1229603 -0.9923363 0.01222461 -0.1229165 -0.9923418 0.03576052 -0.118281 -0.9923361 0.03574281 -0.1182373 -0.9923419 0.0583533 -0.1089234 -0.992336 0.05833339 -0.1088833 -0.9923415 0.07830303 -0.09559363 -0.9923359 0.07827353 -0.09556055 -0.9923414 0.09559875 -0.07830041 -0.9923356 0.09555876 -0.07827091 -0.9923418 0.1089264 -0.05835193 -0.9923357 0.108879 -0.05833244 -0.9923421 0.1182836 -0.03575903 -0.9923357 0.118237 -0.03574383 -0.9923419 0.1229609 -0.01222723 -0.9923363 0.1229161 -0.01222467 -0.9923418 0.1229151 0.01222467 -0.9923419 0.1229665 0.01222723 -0.9923356 0.1182358 0.03574371 -0.992342 0.1182894 0.03575879 -0.9923352 0.1088861 0.05833232 -0.9923413 0.1089201 0.05835169 -0.9923365 0.09559309 0.07830065 -0.9923362 0.09555399 0.07827091 -0.9923423 0.07830214 0.09559249 -0.9923361 0.07827275 0.09555959 -0.9923416 0.05835193 0.1089209 -0.9923363 0.05833333 0.1088832 -0.9923416 0.03576052 0.1182811 -0.9923361 0.03574657 0.1182379 -0.9923417 0.01222699 0.1229602 -0.9923364 0.01222527 0.1229194 -0.9923413 -0.01222699 0.1229602 -0.9923364 -0.01222556 0.1229189 -0.9923415 -0.03576052 0.1182812 -0.992336 -0.03574323 0.11824 -0.9923415 -0.05835336 0.1089249 -0.9923358 -0.05833208 0.1088802 -0.9923419 -0.07827281 0.09555959 -0.9923416 -0.07830202 0.09559243 -0.9923362 -0.09555876 0.07827097 -0.9923418 -0.09559303 0.07830089 -0.9923362 -0.108885 0.05833232 -0.9923414 -0.1089214 0.05835229 -0.9923363 -0.1182837 0.03575873 -0.9923357 -0.1182416 0.03574371 -0.9923414 -0.1229673 0.01222717 -0.9923354 -0.1229162 0.01222467 -0.9923418 0.1182958 0.03575879 0.9923343 0.1182358 0.03574389 0.9923421 0.1229725 0.01222735 0.9923348 0.1229113 0.01222485 0.9923424 0.1229742 -0.01222729 0.9923346 0.1229113 -0.01222479 0.9923424 0.1182959 -0.03575885 0.9923343 0.1182358 -0.03574383 0.992342 0.1089203 -0.05835175 0.9923365 0.1088892 -0.05833232 0.9923409 0.09560883 -0.07830065 0.9923347 0.09555411 -0.07827079 0.9923422 0.07830554 -0.09559291 0.9923358 0.07826423 -0.09555941 0.9923422 0.05832916 -0.1088815 0.9923419 0.05835956 -0.1089245 0.9923354 0.03574293 -0.1182371 0.9923419 0.03576123 -0.1182835 0.9923357 0.01222443 -0.1229119 0.9923424 0.01222801 -0.1229643 0.9923357 -0.01222801 -0.1229643 0.9923357 -0.01222443 -0.1229119 0.9923424 -0.03576165 -0.1182826 0.9923359 -0.03574419 -0.1182376 0.9923419 -0.05835211 -0.108921 0.9923363 -0.05833548 -0.1088826 0.9923415 -0.07830637 -0.09559214 0.9923357 -0.07826697 -0.09555983 0.992342 -0.09559816 -0.07830119 0.9923356 -0.09555977 -0.07827097 0.9923416 -0.1089208 -0.05835193 0.9923363 -0.1088836 -0.05833232 0.9923415 -0.1182851 -0.03575897 0.9923357 -0.118241 -0.03574359 0.9923415 -0.1229734 -0.01222735 0.9923347 -0.1229113 -0.01222485 0.9923424 -0.1229059 0.01222485 0.992343 -0.1229733 0.01222735 0.9923347 -0.1182356 0.03574383 0.9923421 -0.1182963 0.03575897 0.9923343 -0.1088892 0.0583325 0.9923409 -0.1089231 0.05835169 0.9923362 -0.09559828 0.07830119 0.9923356 -0.09556597 0.07827126 0.9923411 -0.07830077 0.09559208 0.9923362 -0.0782727 0.09555995 0.9923415 -0.05835276 0.1089221 0.9923361 -0.0583347 0.1088812 0.9923416 -0.03576165 0.1182826 0.9923359 -0.03574293 0.118237 0.992342 -0.01222842 0.1229618 0.9923361 -0.01222425 0.1229174 0.9923416 0.01222771 0.1229614 0.9923362 0.01222538 0.122918 0.9923415 0.03575885 0.1182826 0.9923359 0.03574419 0.1182377 0.9923418 0.05835425 0.1089238 0.9923359 0.05833625 0.1088795 0.9923418 0.07826626 0.09555888 0.9923421 0.07830631 0.09559202 0.9923359 0.09555983 0.07827085 0.9923418 0.09559994 0.07830137 0.9923354 0.1088836 0.05833232 0.9923415 0.1089206 0.05835187 0.9923364 -0.06464242 -0.006426572 -0.9978879 -0.06460517 -0.006425082 -0.9978902 -0.062173 -0.01879537 -0.9978885 -0.06214147 -0.01878619 -0.9978906 -0.05725103 -0.03066998 -0.9978886 -0.05722242 -0.0306583 -0.9978907 -0.05024331 -0.04115569 -0.9978888 -0.05022573 -0.04113751 -0.9978903 -0.04115569 -0.05024427 -0.9978886 -0.04114049 -0.05022376 -0.9978903 -0.03065419 -0.05722522 -0.9978906 -0.03067421 -0.05725139 -0.9978885 -0.01878607 -0.06214398 -0.9978904 -0.01879209 -0.06216788 -0.9978888 -0.006425321 -0.06460136 -0.9978905 -0.006426453 -0.06462955 -0.9978886 0.006426274 -0.06462818 -0.9978888 0.006425499 -0.06460279 -0.9978904 0.01879292 -0.06216835 -0.9978888 0.01878678 -0.06214404 -0.9978904 0.03067392 -0.05725073 -0.9978885 0.03065454 -0.05722582 -0.9978906 0.0411542 -0.05024456 -0.9978887 0.04113632 -0.0502237 -0.9978905 0.05025452 -0.04115587 -0.9978881 0.05021756 -0.04113733 -0.9978908 0.05725121 -0.0306701 -0.9978887 0.0572254 -0.03065824 -0.9978904 0.06217283 -0.01879531 -0.9978884 0.0621432 -0.01878619 -0.9978905 0.06462293 -0.006426572 -0.9978891 0.06460517 -0.006425023 -0.9978902 0.06460362 0.006425023 -0.9978904 0.06462293 0.006426572 -0.9978891 0.06214147 0.01878619 -0.9978906 0.062173 0.01879525 -0.9978885 0.05723315 0.03065812 -0.9978901 0.05724006 0.03066998 -0.9978893 0.05024355 0.04115593 -0.9978887 0.05022543 0.04113721 -0.9978904 0.0411542 0.05024456 -0.9978887 0.04113674 0.05022424 -0.9978904 0.03067386 0.05725073 -0.9978885 0.03065454 0.05722594 -0.9978905 0.01879292 0.06216841 -0.9978888 0.01878607 0.06214404 -0.9978904 0.006427109 0.06462949 -0.9978886 0.006424665 0.0646016 -0.9978905 -0.006426453 0.06462967 -0.9978887 -0.006425499 0.06460285 -0.9978904 -0.01879841 0.06216835 -0.9978886 -0.01878678 0.06214404 -0.9978904 -0.03067481 0.05725121 -0.9978885 -0.03065556 0.05722516 -0.9978906 -0.04113674 0.05022424 -0.9978905 -0.04116517 0.05024451 -0.9978883 -0.05022865 0.04113733 -0.9978902 -0.05024188 0.04115599 -0.9978888 -0.05723655 0.0306583 -0.9978898 -0.05723977 0.03066986 -0.9978893 -0.06217306 0.01879525 -0.9978885 -0.06214153 0.01878619 -0.9978905 -0.06461447 0.006426513 -0.9978896 -0.06460517 0.006425023 -0.9978903 0.0621618 0.01879525 0.9978891 0.06215399 0.01878619 0.9978898 0.0646249 0.006426513 0.9978889 0.06460666 0.006425082 0.9978902 0.06462764 -0.006426513 0.9978888 0.06458884 -0.006425082 0.9978913 0.06216186 -0.01879525 0.9978892 0.06215023 -0.01878619 0.9978901 0.05725342 -0.03066998 0.9978886 0.05723595 -0.030658 0.9978899 0.05024647 -0.04115581 0.9978885 0.05022293 -0.04113793 0.9978905 0.04115206 -0.05024492 0.9978888 0.04113656 -0.05022406 0.9978905 0.03065615 -0.05722606 0.9978905 0.0306726 -0.05724972 0.9978886 0.01878833 -0.06214296 0.9978905 0.01879507 -0.06216943 0.9978887 0.006425499 -0.06460243 0.9978904 0.006426513 -0.06462943 0.9978887 -0.006426572 -0.06463003 0.9978886 -0.006425499 -0.06460243 0.9978904 -0.01879543 -0.06216824 0.9978887 -0.01878648 -0.06214362 0.9978905 -0.03067255 -0.05724966 0.9978887 -0.03065615 -0.05722606 0.9978905 -0.04115569 -0.05024439 0.9978887 -0.04114103 -0.05022364 0.9978904 -0.05024647 -0.04115575 0.9978886 -0.05022746 -0.04113799 0.9978902 -0.05725353 -0.03067004 0.9978885 -0.0572189 -0.03065824 0.9978908 -0.06216192 -0.01879519 0.9978892 -0.06214284 -0.01878625 0.9978905 -0.06462639 -0.006426513 0.9978889 -0.0646106 -0.006425082 0.9978899 -0.06459611 0.006425082 0.9978908 -0.06462627 0.006426513 0.9978889 -0.06215417 0.01878625 0.9978898 -0.0621618 0.01879525 0.9978891 -0.05721479 0.03065782 0.9978911 -0.05724275 0.03066933 0.9978891 -0.05024832 0.04115617 0.9978885 -0.0502215 0.04113733 0.9978905 -0.04115432 0.05024492 0.9978887 -0.04114145 0.0502246 0.9978902 -0.03066682 0.05725055 0.9978888 -0.03066164 0.05722647 0.9978902 -0.01879066 0.06216824 0.9978888 -0.01878327 0.06214427 0.9978904 -0.006426513 0.06462973 0.9978887 -0.006425499 0.06460243 0.9978904 0.006426513 0.06462973 0.9978887 0.006426274 0.06460309 0.9978904 0.01879107 0.06216955 0.9978888 0.01878511 0.06214356 0.9978904 0.03066247 0.05725014 0.9978889 0.03066653 0.05722665 0.9978902 0.04113006 0.05022406 0.9978908 0.04115438 0.05024498 0.9978887 0.05023807 0.04113775 0.9978897 0.05023968 0.04115581 0.9978889 0.05721926 0.03065747 0.9978909 0.05725353 0.03066945 0.9978886 0.0621649 0.01879525 -0.9978889 0.06213331 0.01878619 -0.9978911 0.05722886 0.0306701 -0.9978899 0.05721414 0.03065806 -0.9978911 0.05022609 0.04115575 -0.9978896 0.05023813 0.04113775 -0.9978898 0.04115158 0.05024445 -0.9978889 0.04113608 0.05022346 -0.9978905 0.03066235 0.05722647 -0.9978903 0.03065967 0.05724996 -0.9978891 0.01878285 0.0621429 -0.9978905 0.01879507 0.06216937 -0.9978887 0.006424844 0.06460243 -0.9978904 0.006425142 0.06462973 -0.9978887 -0.006425142 0.06462973 -0.9978887 -0.006424844 0.06460243 -0.9978904 -0.01879745 0.06216824 -0.9978887 -0.01877933 0.06214493 -0.9978905 -0.03066003 0.05725055 -0.997889 -0.03066235 0.05722647 -0.9978903 -0.04115438 0.05024445 -0.9978888 -0.04112941 0.05022364 -0.9978908 -0.05022609 0.04115575 -0.9978896 -0.05024904 0.04113769 -0.9978892 -0.05722886 0.0306701 -0.9978899 -0.05722504 0.03065806 -0.9978905 -0.06214326 0.01879525 -0.9978902 -0.0621429 0.01878619 -0.9978905 -0.06462436 0.006426572 -0.997889 -0.06459474 0.006425082 -0.9978909 -0.06461793 -0.006425082 -0.9978894 -0.06462627 -0.006426513 -0.9978889 -0.06213337 -0.01878625 -0.997891 -0.0621649 -0.01879519 -0.9978889 -0.05723631 -0.03065818 -0.9978899 -0.05722147 -0.03067016 -0.9978904 -0.05022621 -0.04115587 -0.9978895 -0.05023777 -0.04113745 -0.9978897 -0.04115474 -0.05024492 -0.9978886 -0.04112988 -0.05022424 -0.9978908 -0.03066003 -0.05725061 -0.997889 -0.030662 -0.05722582 -0.9978903 -0.01879739 -0.06216824 -0.9978888 -0.01879417 -0.06214427 -0.9978902 -0.006425142 -0.06462985 -0.9978886 -0.006424844 -0.06460243 -0.9978904 0.006425142 -0.06462961 -0.9978886 0.006423532 -0.06460314 -0.9978904 0.01879781 -0.06216955 -0.9978886 0.01878988 -0.06214356 -0.9978904 0.03066313 -0.05725139 -0.9978889 0.03066587 -0.0572254 -0.9978903 0.04112946 -0.0502237 -0.9978907 0.04115474 -0.05024492 -0.9978886 0.05024927 -0.04113793 -0.9978891 0.05022889 -0.04115581 -0.9978895 0.05722516 -0.03065812 -0.9978905 0.05722868 -0.03067004 -0.9978899 0.06214326 -0.01879525 -0.9978902 0.06214427 -0.01878619 -0.9978904 0.06461578 -0.006426572 -0.9978896 0.0645948 -0.006425082 -0.9978909 0.0646367 0.006426572 -0.9978882 0.06458383 0.006425142 -0.9978916 -0.06465095 -0.006426513 0.9978873 -0.06460428 -0.006425142 0.9978903 -0.06463879 0.006426513 0.997888 -0.06456017 0.006425082 0.9978932 -0.06219768 0.01879525 0.997887 -0.06214243 0.01878613 0.9978905 -0.05724811 0.03066998 0.9978888 -0.05723315 0.03065806 0.9978901 -0.05024331 0.04115599 0.9978888 -0.0502299 0.04113721 0.9978902 -0.04115569 0.05024427 0.9978886 -0.04114049 0.05022376 0.9978903 -0.03066176 0.05722641 0.9978903 -0.0306825 0.05725014 0.9978883 -0.01877498 0.06214404 0.9978906 -0.01879757 0.06216794 0.9978888 -0.006426692 0.06460136 0.9978905 -0.006427109 0.06462949 0.9978887 0.00642848 0.06462967 0.9978887 0.006425499 0.06460279 0.9978904 0.01880091 0.06216973 0.9978885 0.01878011 0.06214267 0.9978906 0.03067219 0.05725139 0.9978885 0.03065001 0.05722528 0.9978908 0.04116553 0.05024456 0.9978882 0.04112386 0.0502237 0.997891 0.05024296 0.04115575 0.9978888 0.05022895 0.04113757 0.9978902 0.05724823 0.03066992 0.9978889 0.05723184 0.03065806 0.9978901 0.06219768 0.01879531 0.997887 0.06215411 0.01878613 0.9978898 0.06464135 0.006426513 0.9978879 0.06459671 0.006425082 0.9978908 0.06459259 -0.006425023 0.997891 0.06464487 -0.006426572 0.9978877 0.06210589 -0.01878625 0.9978927 0.0621975 -0.01879525 0.9978869 0.05723345 -0.0306583 0.99789 0.0572623 -0.0306701 0.997888 0.05024319 -0.04115587 0.9978888 0.05023002 -0.04113727 0.9978901 0.04116553 -0.05024456 0.9978883 0.0411238 -0.0502237 0.997891 0.03067153 -0.05725014 0.9978887 0.03067284 -0.05722647 0.9978899 0.01880049 -0.06216835 0.9978886 0.01877498 -0.06214404 0.9978906 0.00642699 -0.06462806 0.9978888 0.00642687 -0.06460279 0.9978904 -0.00642848 -0.06462967 0.9978887 -0.006425499 -0.06460285 0.9978904 -0.01880091 -0.06216973 0.9978885 -0.01878011 -0.06214267 0.9978906 -0.03067481 -0.05725121 0.9978885 -0.03065556 -0.05722516 0.9978906 -0.04112428 -0.05022436 0.997891 -0.04116511 -0.05024403 0.9978883 -0.05022895 -0.04113757 0.9978902 -0.05025255 -0.04115569 0.9978883 -0.05723178 -0.03065806 0.9978901 -0.0572921 -0.03066992 0.9978863 -0.0621975 -0.01879525 0.9978869 -0.06214237 -0.01878613 0.9978905 0.1182737 0.03576213 -0.9923369 0.1182537 0.03574442 -0.99234 0.1088868 0.05835437 -0.9923399 0.1089338 0.0583316 -0.9923362 0.09557235 0.07830721 -0.9923377 0.09559059 0.07827132 -0.9923387 0.07828795 0.09559702 -0.9923368 0.07828575 0.09555774 -0.9923408 0.05833792 0.108883 -0.9923413 0.05835127 0.1089305 -0.9923353 0.0357514 0.1182368 -0.9923416 0.0357604 0.1182876 -0.9923353 0.01222532 0.1229175 -0.9923416 0.01222491 0.122969 -0.9923353 -0.01222491 0.122969 -0.9923353 -0.01222532 0.1229175 -0.9923416 -0.0357629 0.1182867 -0.9923353 -0.03575235 0.1182401 -0.9923413 -0.05835193 0.1089317 -0.9923351 -0.05833727 0.1088817 -0.9923415 -0.07829391 0.09558612 -0.9923374 -0.0782693 0.09555846 -0.992342 -0.09557247 0.07829713 -0.9923384 -0.0955699 0.07827049 -0.9923408 -0.1088876 0.05835485 -0.9923399 -0.1089144 0.05833172 -0.9923382 -0.1182739 0.03576219 -0.9923369 -0.1182633 0.03574436 -0.9923387 -0.1229407 0.01222711 -0.9923388 -0.1229156 0.01222413 -0.9923418 -0.1229503 -0.01222407 -0.9923377 -0.1229403 -0.01222711 -0.9923388 -0.1182535 -0.03574424 -0.99234 -0.1182741 -0.03576225 -0.9923369 -0.1088898 -0.05833202 -0.9923409 -0.1089127 -0.05835467 -0.9923371 -0.09559398 -0.07830667 -0.9923356 -0.09557706 -0.0782718 -0.99234 -0.07829475 -0.09559839 -0.9923362 -0.07829171 -0.09555828 -0.9923403 -0.05835127 -0.1089305 -0.9923353 -0.05833792 -0.108883 -0.9923413 -0.0357629 -0.1182866 -0.9923353 -0.0357514 -0.1182369 -0.9923416 -0.01222491 -0.1229693 -0.9923352 -0.01222503 -0.1229148 -0.9923419 0.01222544 -0.1229743 -0.9923346 0.01222485 -0.1229127 -0.9923422 0.03575176 -0.1182867 -0.9923357 0.03575235 -0.1182402 -0.9923413 0.05834245 -0.1089296 -0.992336 0.05834317 -0.1088823 -0.9923411 0.07829183 -0.0955584 -0.9923403 0.07829463 -0.09559822 -0.9923361 0.09557098 -0.07827144 -0.9923406 0.09559881 -0.07830613 -0.9923352 0.1089141 -0.05833148 -0.9923382 0.1088877 -0.05835485 -0.9923398 0.1182742 -0.03576225 -0.9923369 0.1182536 -0.03574436 -0.99234 0.1229814 -0.01222699 -0.9923337 0.1229157 -0.01222407 -0.9923418 0.1229434 0.01222711 -0.9923384 0.12296 0.01222407 -0.9923364 -0.1229979 -0.01222759 0.9923316 -0.1228978 -0.01222473 0.9923442 -0.1229914 0.01222759 0.9923325 -0.1228979 0.01222473 0.9923441 -0.1182891 0.03576153 0.992335 -0.1182373 0.03574371 0.9923419 -0.1089492 0.05835485 0.992333 -0.108875 0.05833268 0.9923425 -0.09562921 0.07830649 0.9923323 -0.09552001 0.07827091 0.9923456 -0.07830917 0.09559941 0.9923349 -0.07826131 0.09556007 0.9923425 -0.0583294 0.1088806 0.992342 -0.05834823 0.1089302 0.9923354 -0.03574657 0.1182378 0.9923417 -0.03576719 0.1182891 0.9923349 -0.01222103 0.1229166 0.9923418 -0.01223105 0.1229727 0.9923347 0.01222771 0.122968 0.9923354 0.01222389 0.1229166 0.9923418 0.03576833 0.118288 0.9923349 0.03574496 0.1182373 0.9923419 0.05834823 0.1089303 0.9923355 0.05833011 0.1088818 0.9923419 0.07830095 0.0955981 0.9923356 0.07825815 0.09555977 0.9923428 0.09562921 0.07830643 0.9923323 0.09552454 0.07827126 0.9923451 0.1089497 0.05835515 0.992333 0.1088564 0.05833262 0.9923445 0.1182891 0.03576159 0.992335 0.1182196 0.03574383 0.992344 0.1229944 0.01222759 0.9923321 0.1228978 0.01222473 0.9923442 0.1229151 -0.01222467 0.9923419 0.1229946 -0.01222759 0.9923321 0.1182371 -0.03574389 0.9923419 0.1182891 -0.03576165 0.992335 0.108875 -0.05833274 0.9923425 0.1089429 -0.05835497 0.9923337 0.09562849 -0.0782957 0.9923331 0.09552025 -0.07827109 0.9923455 0.078323 -0.09558582 0.9923351 0.07825881 -0.09556055 0.9923426 0.05836963 -0.1089275 0.9923346 0.05833095 -0.1088834 0.9923417 0.0357691 -0.1182908 0.9923346 0.03573507 -0.1182378 0.9923421 0.01222795 -0.1229704 0.9923351 0.0122236 -0.1229138 0.9923421 -0.01222795 -0.1229704 0.9923351 -0.01222211 -0.1229133 0.9923422 -0.03576833 -0.118288 0.992335 -0.03574579 -0.1182399 0.9923415 -0.05837321 -0.1089315 0.9923339 -0.05832701 -0.1088814 0.9923421 -0.07825708 -0.09555852 0.992343 -0.07832455 -0.09559911 0.9923337 -0.09552508 -0.07827168 0.992345 -0.09562069 -0.0783053 0.9923332 -0.1088563 -0.05833256 0.9923446 -0.108949 -0.05835485 0.9923331 -0.1182888 -0.03576159 0.9923352 -0.1182372 -0.03574377 0.9923419 0.2140438 0.06471276 -0.9746782 0.2139381 0.06468999 -0.9747029 0.1971153 0.1056031 -0.9746762 0.1970183 0.1055734 -0.974699 0.1730259 0.141702 -0.9746705 0.1729257 0.1416568 -0.974695 0.141722 0.1729989 -0.9746725 0.1416281 0.1729471 -0.9746953 0.1055359 0.1970603 -0.9746945 0.1056281 0.1971171 -0.9746731 0.0646792 0.2139909 -0.974692 0.06471133 0.2140557 -0.9746757 0.02212136 0.2224593 -0.974691 0.02213335 0.2225233 -0.9746761 -0.02213335 0.2225233 -0.9746761 -0.02212136 0.2224593 -0.974691 -0.06471741 0.2140565 -0.9746751 -0.06467932 0.2139912 -0.974692 -0.1056281 0.1971169 -0.9746731 -0.1055359 0.1970603 -0.9746945 -0.1417137 0.1729996 -0.9746735 -0.1416245 0.1729481 -0.9746956 -0.1730268 0.1417028 -0.9746702 -0.1729046 0.1416562 -0.9746987 -0.1971154 0.1056032 -0.9746761 -0.1970434 0.1055725 -0.974694 -0.2140887 0.06471216 -0.9746684 -0.2139453 0.06468981 -0.9747014 -0.2225826 0.02212947 -0.9746627 -0.2226986 0.02213031 -0.9746362 -0.2223715 0.02212667 -0.9747109 -0.2226986 0.02213025 -0.9746362 -0.222364 -0.02212673 -0.9747126 -0.2225826 -0.02212947 -0.9746627 -0.2139381 -0.06468957 -0.974703 -0.2140929 -0.0647121 -0.9746674 -0.1970178 -0.1055733 -0.9746991 -0.1971454 -0.1056026 -0.9746701 -0.1730261 -0.1417024 -0.9746704 -0.1728795 -0.1416575 -0.974703 -0.1417365 -0.1729987 -0.9746704 -0.1416014 -0.1729487 -0.9746989 -0.1056305 -0.1971217 -0.9746719 -0.1055322 -0.1970535 -0.9746963 -0.06472975 -0.2140586 -0.9746738 -0.06466746 -0.2139912 -0.9746928 -0.0221334 -0.2225242 -0.974676 -0.02212136 -0.2224594 -0.974691 0.02213478 -0.2225378 -0.9746729 0.02212089 -0.2224546 -0.9746922 0.06471663 -0.2140539 -0.9746757 0.06467932 -0.2139912 -0.974692 0.1056227 -0.1971181 -0.9746735 0.1055297 -0.1970571 -0.9746959 0.1415982 -0.1729447 -0.9747 0.1417365 -0.1729986 -0.9746704 0.1729056 -0.1416571 -0.9746984 0.1730178 -0.1417028 -0.9746719 0.1969985 -0.1055738 -0.974703 0.1971607 -0.1056022 -0.974667 0.2140887 -0.06471216 -0.9746684 0.2139382 -0.06468987 -0.9747029 0.222539 -0.02212971 -0.9746726 0.2224165 -0.02212643 -0.9747006 0.2225819 0.02212947 -0.9746628 0.2226986 0.02213031 -0.9746361 0.2226986 0.02213025 -0.9746361 0.2226986 0.02213025 -0.9746362 -0.2225282 -0.02212816 0.9746752 -0.2224214 -0.022125 0.9746996 -0.2224737 0.02212822 0.9746876 -0.222468 0.02212476 0.974689 -0.2140145 0.06471484 0.9746845 -0.213995 0.06469005 0.9746904 -0.1970829 0.1056023 0.9746828 -0.1970579 0.105571 0.9746912 -0.1730068 0.1417041 0.9746737 -0.1729206 0.1416575 0.9746958 -0.1417044 0.1729969 0.9746754 -0.1416551 0.1729434 0.974692 -0.1055843 0.1970599 0.9746894 -0.1055819 0.1971198 0.9746776 -0.06469249 0.2139928 0.9746907 -0.06470066 0.2140563 0.9746763 -0.02212607 0.2224556 0.9746917 -0.02212387 0.222527 0.9746755 0.02212059 0.2225244 0.9746762 0.02212631 0.2224583 0.9746911 0.06470167 0.2140595 0.9746754 0.06469213 0.2139916 0.9746911 0.1055819 0.1971197 0.9746776 0.1055588 0.1970582 0.9746925 0.1416949 0.1729983 0.9746764 0.1416473 0.1729488 0.9746922 0.1730066 0.141704 0.9746738 0.1729038 0.1416575 0.9746987 0.1971297 0.1056013 0.9746735 0.1970415 0.1055712 0.9746945 0.2140138 0.06471467 0.9746846 0.2139782 0.06469047 0.9746941 0.222521 0.02212798 0.9746768 0.2224214 0.022125 0.9746996 0.2224381 -0.02212488 0.9746958 0.2225239 -0.02212822 0.9746761 0.2139484 -0.06469094 0.9747006 0.2140602 -0.06471407 0.9746745 0.1971049 -0.1055701 0.9746819 0.1970952 -0.105602 0.9746803 0.1729595 -0.1417051 0.9746819 0.1729664 -0.1416548 0.9746879 0.1416949 -0.1729983 0.9746765 0.1416422 -0.1729424 0.974694 0.1055844 -0.1971243 0.9746764 0.1055564 -0.1970536 0.9746937 0.06470167 -0.2140595 0.9746755 0.06469249 -0.2139927 0.9746907 0.02212059 -0.2225243 0.9746763 0.02212631 -0.2224583 0.9746912 -0.02212059 -0.2225243 0.9746763 -0.02212619 -0.2224569 0.9746915 -0.06470167 -0.2140595 0.9746755 -0.06469213 -0.2139915 0.9746911 -0.1055955 -0.1971224 0.9746755 -0.1055703 -0.1970567 0.9746916 -0.1416422 -0.1729424 0.974694 -0.1416949 -0.1729983 0.9746765 -0.1729522 -0.1416569 0.9746902 -0.1729728 -0.141705 0.9746795 -0.1970417 -0.1055715 0.9746945 -0.1970829 -0.1056023 0.9746828 -0.2140141 -0.06471472 0.9746845 -0.2139952 -0.06469029 0.9746903 2.63976e-7 0 1 0 0 1 2.47495e-7 0 1 0 0 1 -2.22301e-6 0 1 1.20527e-6 0 1 0 0 1 3.69628e-6 0 1 -6.02117e-7 0 1</float_array>
          <technique_common>
            <accessor source="#Mesh-mesh-normals-array" count="1965" stride="3">
              <param name="X" type="float"/>
              <param name="Y" type="float"/>
              <param name="Z" type="float"/>
            </accessor>
          </technique_common>
        </source>
        <source id="Mesh-mesh-map-0">
          <float_array id="Mesh-mesh-map-0-array" count="12372">0.2425491 0.02573752 0.2721524 0.001999974 0.2721524 0.02573752 0.2721524 0.001999974 0.2425491 0.02573752 0.2425491 0.001999974 0.2721524 0.02573752 0.3018742 0.001999974 0.3018742 0.02573752 0.3018742 0.001999974 0.2721524 0.02573752 0.2721524 0.001999974 0.2721524 0.05187165 0.3018742 0.02739083 0.3018742 0.05187165 0.3018742 0.02739083 0.2721524 0.05187165 0.2721524 0.02739083 0.2425491 0.05187165 0.2721524 0.02739083 0.2721524 0.05187165 0.2721524 0.02739083 0.2425491 0.05187165 0.2425491 0.02739083 0.3018742 0.02573752 0.3317266 0.001999974 0.3317266 0.02573752 0.3317266 0.001999974 0.3018742 0.02573752 0.3018742 0.001999974 0.3317266 0.02573752 0.3617264 0.001999974 0.3617264 0.02573752 0.3617264 0.001999974 0.3317266 0.02573752 0.3317266 0.001999974 0.3317266 0.05187165 0.3617264 0.02739083 0.3617264 0.05187165 0.3617264 0.02739083 0.3317266 0.05187165 0.3317266 0.02739083 0.3018742 0.05187165 0.3317266 0.02739083 0.3317266 0.05187165 0.3317266 0.02739083 0.3018742 0.05187165 0.3018742 0.02739083 0.3617264 0.02573752 0.3617264 0.001999974 0.3918935 0.02573752 0.3918935 0.02573752 0.3617264 0.001999974 0.3918935 0.001999974 0.3918935 0.02573752 0.3918935 0.001999974 0.4223206 0.02573752 0.4223206 0.02573752 0.3918935 0.001999974 0.4223206 0.001999974 0.4223206 0.05187165 0.3918935 0.05187165 0.3918935 0.02739083 0.4223206 0.05187165 0.3918935 0.02739083 0.4223206 0.02739083 0.3918935 0.05187165 0.3617264 0.05187165 0.3617264 0.02739083 0.3918935 0.05187165 0.3617264 0.02739083 0.3918935 0.02739083 0.4223206 0.02573752 0.4223206 0.001999974 0.4530329 0.02573752 0.4530329 0.02573752 0.4223206 0.001999974 0.4530329 0.001999974 0.4530329 0.02573752 0.4530329 0.001999974 0.4840739 0.02573752 0.4840739 0.02573752 0.4530329 0.001999974 0.4840739 0.001999974 0.4840739 0.05187165 0.4530329 0.05187165 0.4530329 0.02739083 0.4840739 0.05187165 0.4530329 0.02739083 0.4840739 0.02739083 0.4530329 0.05187165 0.4223206 0.05187165 0.4223206 0.02739083 0.4530329 0.05187165 0.4223206 0.02739083 0.4530329 0.02739083 0.4840739 0.02573752 0.5152459 0.001999974 0.5152459 0.02573752 0.5152459 0.001999974 0.4840739 0.02573752 0.4840739 0.001999974 0.5152459 0.02573752 0.5465337 0.001999974 0.5465337 0.02573752 0.5465337 0.001999974 0.5152459 0.02573752 0.5152459 0.001999974 0.5152459 0.05187165 0.5465337 0.02739083 0.5465337 0.05187165 0.5465337 0.02739083 0.5152459 0.05187165 0.5152459 0.02739083 0.4840739 0.05187165 0.5152459 0.02739083 0.5152459 0.05187165 0.5152459 0.02739083 0.4840739 0.05187165 0.4840739 0.02739083 0.5465337 0.02573752 0.5779156 0.001999974 0.5779156 0.02573752 0.5779156 0.001999974 0.5465337 0.02573752 0.5465337 0.001999974 0.5779156 0.02573752 0.6094009 0.001999974 0.6094009 0.02573752 0.6094009 0.001999974 0.5779156 0.02573752 0.5779156 0.001999974 0.5779156 0.05187165 0.6094009 0.02739083 0.6094009 0.05187165 0.6094009 0.02739083 0.5779156 0.05187165 0.5779156 0.02739083 0.5465337 0.05187165 0.5779156 0.02739083 0.5779156 0.05187165 0.5779156 0.02739083 0.5465337 0.05187165 0.5465337 0.02739083 0.6094009 0.02573752 0.6094009 0.001999974 0.6409898 0.02573752 0.6409898 0.02573752 0.6094009 0.001999974 0.6409898 0.001999974 0.6409898 0.02573752 0.6409898 0.001999974 0.672677 0.02573752 0.672677 0.02573752 0.6409898 0.001999974 0.672677 0.001999974 0.672677 0.05187165 0.6409898 0.05187165 0.6409898 0.02739083 0.672677 0.05187165 0.6409898 0.02739083 0.672677 0.02739083 0.6409898 0.05187165 0.6094009 0.05187165 0.6094009 0.02739083 0.6409898 0.05187165 0.6094009 0.02739083 0.6409898 0.02739083 0.672677 0.02573752 0.672677 0.001999974 0.7044689 0.02573752 0.7044689 0.02573752 0.672677 0.001999974 0.7044689 0.001999974 0.7044689 0.02573752 0.7044689 0.001999974 0.736377 0.02573752 0.736377 0.02573752 0.7044689 0.001999974 0.736377 0.001999974 0.736377 0.05187165 0.7044689 0.05187165 0.7044689 0.02739083 0.736377 0.05187165 0.7044689 0.02739083 0.736377 0.02739083 0.7044689 0.05187165 0.672677 0.05187165 0.672677 0.02739083 0.7044689 0.05187165 0.672677 0.02739083 0.7044689 0.02739083 0.736377 0.02573752 0.7684243 0.001999974 0.7684243 0.02573752 0.7684243 0.001999974 0.736377 0.02573752 0.736377 0.001999974 0.7684243 0.02573752 0.8006138 0.001999974 0.8006138 0.02573752 0.8006138 0.001999974 0.7684243 0.02573752 0.7684243 0.001999974 0.7684243 0.05187165 0.8006138 0.02739083 0.8006138 0.05187165 0.8006138 0.02739083 0.7684243 0.05187165 0.7684243 0.02739083 0.736377 0.05187165 0.7684243 0.02739083 0.7684243 0.05187165 0.7684243 0.02739083 0.736377 0.05187165 0.736377 0.02739083 0.8006138 0.02573752 0.8329647 0.001999974 0.8329647 0.02573752 0.8329647 0.001999974 0.8006138 0.02573752 0.8006138 0.001999974 0.8329647 0.02573752 0.8655018 0.001999974 0.8655018 0.02573752 0.8655018 0.001999974 0.8329647 0.02573752 0.8329647 0.001999974 0.8329647 0.05187165 0.8655018 0.02739083 0.8655018 0.05187165 0.8655018 0.02739083 0.8329647 0.05187165 0.8329647 0.02739083 0.8006138 0.05187165 0.8329647 0.02739083 0.8329647 0.05187165 0.8329647 0.02739083 0.8006138 0.05187165 0.8006138 0.02739083 0.8655018 0.02573752 0.8655018 0.001999974 0.8982508 0.02573752 0.8982508 0.02573752 0.8655018 0.001999974 0.8982508 0.001999974 0.8982508 0.02573752 0.8982508 0.001999974 0.9312411 0.02573752 0.9312411 0.02573752 0.8982508 0.001999974 0.9312411 0.001999974 0.9312411 0.05187165 0.8982508 0.05187165 0.8982508 0.02739083 0.9312411 0.05187165 0.8982508 0.02739083 0.9312411 0.02739083 0.8982508 0.05187165 0.8655018 0.05187165 0.8655018 0.02739083 0.8982508 0.05187165 0.8655018 0.02739083 0.8982508 0.02739083 0.9312411 0.02573752 0.9312411 0.001999974 0.964492 0.02573752 0.964492 0.02573752 0.9312411 0.001999974 0.964492 0.001999974 0.964492 0.02573752 0.964492 0.001999974 0.998 0.02573752 0.998 0.02573752 0.964492 0.001999974 0.998 0.001999974 0.998 0.05187165 0.964492 0.05187165 0.964492 0.02739083 0.998 0.05187165 0.964492 0.02739083 0.998 0.02739083 0.964492 0.05187165 0.9312411 0.05187165 0.9312411 0.02739083 0.964492 0.05187165 0.9312411 0.02739083 0.964492 0.02739083 0.001999974 0.02573752 0.03283888 0.001999974 0.03283888 0.02573752 0.03283888 0.001999974 0.001999974 0.02573752 0.001999974 0.001999974 0.03283888 0.02573752 0.06342297 0.001999974 0.06342297 0.02573752 0.06342297 0.001999974 0.03283888 0.02573752 0.03283888 0.001999974 0.03283888 0.05187165 0.06342297 0.02739083 0.06342297 0.05187165 0.06342297 0.02739083 0.03283888 0.05187165 0.03283888 0.02739083 0.001999974 0.05187165 0.03283888 0.02739083 0.03283888 0.05187165 0.03283888 0.02739083 0.001999974 0.05187165 0.001999974 0.02739083 0.06342297 0.02573752 0.09381163 0.001999974 0.09381163 0.02573752 0.09381163 0.001999974 0.06342297 0.02573752 0.06342297 0.001999974 0.09381163 0.02573752 0.1240255 0.001999974 0.1240255 0.02573752 0.1240255 0.001999974 0.09381163 0.02573752 0.09381163 0.001999974 0.09381163 0.05187165 0.1240255 0.02739083 0.1240255 0.05187165 0.1240255 0.02739083 0.09381163 0.05187165 0.09381163 0.02739083 0.06342297 0.05187165 0.09381163 0.02739083 0.09381163 0.05187165 0.09381163 0.02739083 0.06342297 0.05187165 0.06342297 0.02739083 0.1240255 0.02573752 0.1240255 0.001999974 0.1540407 0.02573752 0.1540407 0.02573752 0.1240255 0.001999974 0.1540407 0.001999974 0.1540407 0.02573752 0.1540407 0.001999974 0.1836637 0.02573752 0.1836637 0.02573752 0.1540407 0.001999974 0.1836637 0.001999974 0.1836637 0.05187165 0.1540407 0.05187165 0.1540407 0.02739083 0.1836637 0.05187165 0.1540407 0.02739083 0.1836637 0.02739083 0.1540407 0.05187165 0.1240255 0.05187165 0.1240255 0.02739083 0.1540407 0.05187165 0.1240255 0.02739083 0.1540407 0.02739083 0.1836637 0.02573752 0.1836637 0.001999974 0.2130552 0.02573752 0.2130552 0.02573752 0.1836637 0.001999974 0.2130552 0.001999974 0.2130552 0.02573752 0.2130552 0.001999974 0.2425491 0.02573752 0.2425491 0.02573752 0.2130552 0.001999974 0.2425491 0.001999974 0.2425491 0.05187165 0.2130552 0.05187165 0.2130552 0.02739083 0.2425491 0.05187165 0.2130552 0.02739083 0.2425491 0.02739083 0.2130552 0.05187165 0.1836637 0.05187165 0.1836637 0.02739083 0.2130552 0.05187165 0.1836637 0.02739083 0.2130552 0.02739083 0.2425491 0.07901245 0.2721524 0.05344361 0.2721524 0.07901245 0.2721524 0.05344361 0.2425491 0.07901245 0.2425491 0.05344361 0.2721524 0.07901245 0.3018742 0.05344361 0.3018742 0.07901245 0.3018742 0.05344361 0.2721524 0.07901245 0.2721524 0.05344361 0.2721524 0.1078653 0.3018742 0.08057004 0.3018742 0.1078653 0.3018742 0.08057004 0.2721524 0.1078653 0.2721524 0.08057004 0.2425491 0.1078653 0.2721524 0.08057004 0.2721524 0.1078653 0.2721524 0.08057004 0.2425491 0.1078653 0.2425491 0.08057004 0.3018742 0.07901245 0.3317266 0.05344361 0.3317266 0.07901245 0.3317266 0.05344361 0.3018742 0.07901245 0.3018742 0.05344361 0.3317266 0.07901245 0.3617264 0.05344361 0.3617264 0.07901245 0.3617264 0.05344361 0.3317266 0.07901245 0.3317266 0.05344361 0.3317266 0.1078653 0.3617264 0.08057004 0.3617264 0.1078653 0.3617264 0.08057004 0.3317266 0.1078653 0.3317266 0.08057004 0.3018742 0.1078653 0.3317266 0.08057004 0.3317266 0.1078653 0.3317266 0.08057004 0.3018742 0.1078653 0.3018742 0.08057004 0.3617264 0.07901245 0.3617264 0.05344361 0.3918935 0.07901245 0.3918935 0.07901245 0.3617264 0.05344361 0.3918935 0.05344361 0.3918935 0.07901245 0.3918935 0.05344361 0.4223206 0.07901245 0.4223206 0.07901245 0.3918935 0.05344361 0.4223206 0.05344361 0.4223206 0.1078653 0.3918935 0.1078653 0.3918935 0.08057004 0.4223206 0.1078653 0.3918935 0.08057004 0.4223206 0.08057004 0.3918935 0.1078653 0.3617264 0.1078653 0.3617264 0.08057004 0.3918935 0.1078653 0.3617264 0.08057004 0.3918935 0.08057004 0.4223206 0.07901245 0.4223206 0.05344361 0.4530329 0.07901245 0.4530329 0.07901245 0.4223206 0.05344361 0.4530329 0.05344361 0.4530329 0.07901245 0.4530329 0.05344361 0.4840739 0.07901245 0.4840739 0.07901245 0.4530329 0.05344361 0.4840739 0.05344361 0.4840739 0.1078653 0.4530329 0.1078653 0.4530329 0.08057004 0.4840739 0.1078653 0.4530329 0.08057004 0.4840739 0.08057004 0.4530329 0.1078653 0.4223206 0.1078653 0.4223206 0.08057004 0.4530329 0.1078653 0.4223206 0.08057004 0.4530329 0.08057004 0.4840739 0.07901245 0.5152459 0.05344361 0.5152459 0.07901245 0.5152459 0.05344361 0.4840739 0.07901245 0.4840739 0.05344361 0.5152459 0.07901245 0.5465337 0.05344361 0.5465337 0.07901245 0.5465337 0.05344361 0.5152459 0.07901245 0.5152459 0.05344361 0.5152459 0.1078653 0.5465337 0.08057004 0.5465337 0.1078653 0.5465337 0.08057004 0.5152459 0.1078653 0.5152459 0.08057004 0.4840739 0.1078653 0.5152459 0.08057004 0.5152459 0.1078653 0.5152459 0.08057004 0.4840739 0.1078653 0.4840739 0.08057004 0.5465337 0.07901245 0.5779156 0.05344361 0.5779156 0.07901245 0.5779156 0.05344361 0.5465337 0.07901245 0.5465337 0.05344361 0.5779156 0.07901245 0.6094009 0.05344361 0.6094009 0.07901245 0.6094009 0.05344361 0.5779156 0.07901245 0.5779156 0.05344361 0.5779156 0.1078653 0.6094009 0.08057004 0.6094009 0.1078653 0.6094009 0.08057004 0.5779156 0.1078653 0.5779156 0.08057004 0.5465337 0.1078653 0.5779156 0.08057004 0.5779156 0.1078653 0.5779156 0.08057004 0.5465337 0.1078653 0.5465337 0.08057004 0.6094009 0.07901245 0.6094009 0.05344361 0.6409898 0.07901245 0.6409898 0.07901245 0.6094009 0.05344361 0.6409898 0.05344361 0.6409898 0.07901245 0.6409898 0.05344361 0.672677 0.07901245 0.672677 0.07901245 0.6409898 0.05344361 0.672677 0.05344361 0.672677 0.1078653 0.6409898 0.1078653 0.6409898 0.08057004 0.672677 0.1078653 0.6409898 0.08057004 0.672677 0.08057004 0.6409898 0.1078653 0.6094009 0.1078653 0.6094009 0.08057004 0.6409898 0.1078653 0.6094009 0.08057004 0.6409898 0.08057004 0.672677 0.07901245 0.672677 0.05344361 0.7044689 0.07901245 0.7044689 0.07901245 0.672677 0.05344361 0.7044689 0.05344361 0.7044689 0.07901245 0.7044689 0.05344361 0.736377 0.07901245 0.736377 0.07901245 0.7044689 0.05344361 0.736377 0.05344361 0.736377 0.1078653 0.7044689 0.1078653 0.7044689 0.08057004 0.736377 0.1078653 0.7044689 0.08057004 0.736377 0.08057004 0.7044689 0.1078653 0.672677 0.1078653 0.672677 0.08057004 0.7044689 0.1078653 0.672677 0.08057004 0.7044689 0.08057004 0.736377 0.07901245 0.7684243 0.05344361 0.7684243 0.07901245 0.7684243 0.05344361 0.736377 0.07901245 0.736377 0.05344361 0.7684243 0.07901245 0.8006138 0.05344361 0.8006138 0.07901245 0.8006138 0.05344361 0.7684243 0.07901245 0.7684243 0.05344361 0.7684243 0.1078653 0.8006138 0.08057004 0.8006138 0.1078653 0.8006138 0.08057004 0.7684243 0.1078653 0.7684243 0.08057004 0.736377 0.1078653 0.7684243 0.08057004 0.7684243 0.1078653 0.7684243 0.08057004 0.736377 0.1078653 0.736377 0.08057004 0.8006138 0.07901245 0.8329647 0.05344361 0.8329647 0.07901245 0.8329647 0.05344361 0.8006138 0.07901245 0.8006138 0.05344361 0.8329647 0.07901245 0.8655018 0.05344361 0.8655018 0.07901245 0.8655018 0.05344361 0.8329647 0.07901245 0.8329647 0.05344361 0.8329647 0.1078653 0.8655018 0.08057004 0.8655018 0.1078653 0.8655018 0.08057004 0.8329647 0.1078653 0.8329647 0.08057004 0.8006138 0.1078653 0.8329647 0.08057004 0.8329647 0.1078653 0.8329647 0.08057004 0.8006138 0.1078653 0.8006138 0.08057004 0.8655018 0.07901245 0.8655018 0.05344361 0.8982508 0.07901245 0.8982508 0.07901245 0.8655018 0.05344361 0.8982508 0.05344361 0.8982508 0.07901245 0.8982508 0.05344361 0.9312411 0.07901245 0.9312411 0.07901245 0.8982508 0.05344361 0.9312411 0.05344361 0.9312411 0.1078653 0.8982508 0.1078653 0.8982508 0.08057004 0.9312411 0.1078653 0.8982508 0.08057004 0.9312411 0.08057004 0.8982508 0.1078653 0.8655018 0.1078653 0.8655018 0.08057004 0.8982508 0.1078653 0.8655018 0.08057004 0.8982508 0.08057004 0.9312411 0.07901245 0.9312411 0.05344361 0.964492 0.07901245 0.964492 0.07901245 0.9312411 0.05344361 0.964492 0.05344361 0.964492 0.07901245 0.964492 0.05344361 0.998 0.07901245 0.998 0.07901245 0.964492 0.05344361 0.998 0.05344361 0.998 0.1078653 0.964492 0.1078653 0.964492 0.08057004 0.998 0.1078653 0.964492 0.08057004 0.998 0.08057004 0.964492 0.1078653 0.9312411 0.1078653 0.9312411 0.08057004 0.964492 0.1078653 0.9312411 0.08057004 0.964492 0.08057004 0.001999974 0.07901245 0.03283888 0.05344361 0.03283888 0.07901245 0.03283888 0.05344361 0.001999974 0.07901245 0.001999974 0.05344361 0.03283888 0.07901245 0.06342297 0.05344361 0.06342297 0.07901245 0.06342297 0.05344361 0.03283888 0.07901245 0.03283888 0.05344361 0.03283888 0.1078653 0.06342297 0.08057004 0.06342297 0.1078653 0.06342297 0.08057004 0.03283888 0.1078653 0.03283888 0.08057004 0.001999974 0.1078653 0.03283888 0.08057004 0.03283888 0.1078653 0.03283888 0.08057004 0.001999974 0.1078653 0.001999974 0.08057004 0.06342297 0.07901245 0.09381163 0.05344361 0.09381163 0.07901245 0.09381163 0.05344361 0.06342297 0.07901245 0.06342297 0.05344361 0.09381163 0.07901245 0.1240255 0.05344361 0.1240255 0.07901245 0.1240255 0.05344361 0.09381163 0.07901245 0.09381163 0.05344361 0.09381163 0.1078653 0.1240255 0.08057004 0.1240255 0.1078653 0.1240255 0.08057004 0.09381163 0.1078653 0.09381163 0.08057004 0.06342297 0.1078653 0.09381163 0.08057004 0.09381163 0.1078653 0.09381163 0.08057004 0.06342297 0.1078653 0.06342297 0.08057004 0.1240255 0.07901245 0.1240255 0.05344361 0.1540407 0.07901245 0.1540407 0.07901245 0.1240255 0.05344361 0.1540407 0.05344361 0.1540407 0.07901245 0.1540407 0.05344361 0.1836637 0.07901245 0.1836637 0.07901245 0.1540407 0.05344361 0.1836637 0.05344361 0.1836637 0.1078653 0.1540407 0.1078653 0.1540407 0.08057004 0.1836637 0.1078653 0.1540407 0.08057004 0.1836637 0.08057004 0.1540407 0.1078653 0.1240255 0.1078653 0.1240255 0.08057004 0.1540407 0.1078653 0.1240255 0.08057004 0.1540407 0.08057004 0.1836637 0.07901245 0.1836637 0.05344361 0.2130552 0.07901245 0.2130552 0.07901245 0.1836637 0.05344361 0.2130552 0.05344361 0.2130552 0.07901245 0.2130552 0.05344361 0.2425491 0.07901245 0.2425491 0.07901245 0.2130552 0.05344361 0.2425491 0.05344361 0.2425491 0.1078653 0.2130552 0.1078653 0.2130552 0.08057004 0.2425491 0.1078653 0.2130552 0.08057004 0.2425491 0.08057004 0.2130552 0.1078653 0.1836637 0.1078653 0.1836637 0.08057004 0.2130552 0.1078653 0.1836637 0.08057004 0.2130552 0.08057004 0.2425491 0.1384216 0.2721524 0.1094432 0.2721524 0.1384216 0.2721524 0.1094432 0.2425491 0.1384216 0.2425491 0.1094432 0.2721524 0.1384216 0.3018742 0.1094432 0.3018742 0.1384216 0.3018742 0.1094432 0.2721524 0.1384216 0.2721524 0.1094432 0.2721524 0.1699873 0.3018742 0.1399923 0.3018742 0.1699873 0.3018742 0.1399923 0.2721524 0.1699873 0.2721524 0.1399923 0.2425491 0.1699873 0.2721524 0.1399923 0.2721524 0.1699873 0.2721524 0.1399923 0.2425491 0.1699873 0.2425491 0.1399923 0.3018742 0.1384216 0.3317266 0.1094432 0.3317266 0.1384216 0.3317266 0.1094432 0.3018742 0.1384216 0.3018742 0.1094432 0.3317266 0.1384216 0.3617264 0.1094432 0.3617264 0.1384216 0.3617264 0.1094432 0.3317266 0.1384216 0.3317266 0.1094432 0.3317266 0.1699873 0.3617264 0.1399923 0.3617264 0.1699873 0.3617264 0.1399923 0.3317266 0.1699873 0.3317266 0.1399923 0.3018742 0.1699873 0.3317266 0.1399923 0.3317266 0.1699873 0.3317266 0.1399923 0.3018742 0.1699873 0.3018742 0.1399923 0.3617264 0.1384216 0.3617264 0.1094432 0.3918935 0.1384216 0.3918935 0.1384216 0.3617264 0.1094432 0.3918935 0.1094432 0.3918935 0.1384216 0.3918935 0.1094432 0.4223206 0.1384216 0.4223206 0.1384216 0.3918935 0.1094432 0.4223206 0.1094432 0.4223206 0.1699873 0.3918935 0.1699873 0.3918935 0.1399923 0.4223206 0.1699873 0.3918935 0.1399923 0.4223206 0.1399923 0.3918935 0.1699873 0.3617264 0.1699873 0.3617264 0.1399923 0.3918935 0.1699873 0.3617264 0.1399923 0.3918935 0.1399923 0.4223206 0.1384216 0.4223206 0.1094432 0.4530329 0.1384216 0.4530329 0.1384216 0.4223206 0.1094432 0.4530329 0.1094432 0.4530329 0.1384216 0.4530329 0.1094432 0.4840739 0.1384216 0.4840739 0.1384216 0.4530329 0.1094432 0.4840739 0.1094432 0.4840739 0.1699873 0.4530329 0.1699873 0.4530329 0.1399923 0.4840739 0.1699873 0.4530329 0.1399923 0.4840739 0.1399923 0.4530329 0.1699873 0.4223206 0.1699873 0.4223206 0.1399923 0.4530329 0.1699873 0.4223206 0.1399923 0.4530329 0.1399923 0.4840739 0.1384216 0.5152459 0.1094432 0.5152459 0.1384216 0.5152459 0.1094432 0.4840739 0.1384216 0.4840739 0.1094432 0.5152459 0.1384216 0.5465337 0.1094432 0.5465337 0.1384216 0.5465337 0.1094432 0.5152459 0.1384216 0.5152459 0.1094432 0.5152459 0.1699873 0.5465337 0.1399923 0.5465337 0.1699873 0.5465337 0.1399923 0.5152459 0.1699873 0.5152459 0.1399923 0.4840739 0.1699873 0.5152459 0.1399923 0.5152459 0.1699873 0.5152459 0.1399923 0.4840739 0.1699873 0.4840739 0.1399923 0.5465337 0.1384216 0.5779156 0.1094432 0.5779156 0.1384216 0.5779156 0.1094432 0.5465337 0.1384216 0.5465337 0.1094432 0.5779156 0.1384216 0.6094009 0.1094432 0.6094009 0.1384216 0.6094009 0.1094432 0.5779156 0.1384216 0.5779156 0.1094432 0.5779156 0.1699873 0.6094009 0.1399923 0.6094009 0.1699873 0.6094009 0.1399923 0.5779156 0.1699873 0.5779156 0.1399923 0.5465337 0.1699873 0.5779156 0.1399923 0.5779156 0.1699873 0.5779156 0.1399923 0.5465337 0.1699873 0.5465337 0.1399923 0.6094009 0.1384216 0.6094009 0.1094432 0.6409898 0.1384216 0.6409898 0.1384216 0.6094009 0.1094432 0.6409898 0.1094432 0.6409898 0.1384216 0.6409898 0.1094432 0.672677 0.1384216 0.672677 0.1384216 0.6409898 0.1094432 0.672677 0.1094432 0.672677 0.1699873 0.6409898 0.1699873 0.6409898 0.1399923 0.672677 0.1699873 0.6409898 0.1399923 0.672677 0.1399923 0.6409898 0.1699873 0.6094009 0.1699873 0.6094009 0.1399923 0.6409898 0.1699873 0.6094009 0.1399923 0.6409898 0.1399923 0.672677 0.1384216 0.672677 0.1094432 0.7044689 0.1384216 0.7044689 0.1384216 0.672677 0.1094432 0.7044689 0.1094432 0.7044689 0.1384216 0.7044689 0.1094432 0.736377 0.1384216 0.736377 0.1384216 0.7044689 0.1094432 0.736377 0.1094432 0.736377 0.1699873 0.7044689 0.1699873 0.7044689 0.1399923 0.736377 0.1699873 0.7044689 0.1399923 0.736377 0.1399923 0.7044689 0.1699873 0.672677 0.1699873 0.672677 0.1399923 0.7044689 0.1699873 0.672677 0.1399923 0.7044689 0.1399923 0.736377 0.1384216 0.7684243 0.1094432 0.7684243 0.1384216 0.7684243 0.1094432 0.736377 0.1384216 0.736377 0.1094432 0.7684243 0.1384216 0.8006138 0.1094432 0.8006138 0.1384216 0.8006138 0.1094432 0.7684243 0.1384216 0.7684243 0.1094432 0.7684243 0.1699873 0.8006138 0.1399923 0.8006138 0.1699873 0.8006138 0.1399923 0.7684243 0.1699873 0.7684243 0.1399923 0.736377 0.1699873 0.7684243 0.1399923 0.7684243 0.1699873 0.7684243 0.1399923 0.736377 0.1699873 0.736377 0.1399923 0.8006138 0.1384216 0.8329647 0.1094432 0.8329647 0.1384216 0.8329647 0.1094432 0.8006138 0.1384216 0.8006138 0.1094432 0.8329647 0.1384216 0.8655018 0.1094432 0.8655018 0.1384216 0.8655018 0.1094432 0.8329647 0.1384216 0.8329647 0.1094432 0.8329647 0.1699873 0.8655018 0.1399923 0.8655018 0.1699873 0.8655018 0.1399923 0.8329647 0.1699873 0.8329647 0.1399923 0.8006138 0.1699873 0.8329647 0.1399923 0.8329647 0.1699873 0.8329647 0.1399923 0.8006138 0.1699873 0.8006138 0.1399923 0.8655018 0.1384216 0.8655018 0.1094432 0.8982508 0.1384216 0.8982508 0.1384216 0.8655018 0.1094432 0.8982508 0.1094432 0.8982508 0.1384216 0.8982508 0.1094432 0.9312411 0.1384216 0.9312411 0.1384216 0.8982508 0.1094432 0.9312411 0.1094432 0.9312411 0.1699873 0.8982508 0.1699873 0.8982508 0.1399923 0.9312411 0.1699873 0.8982508 0.1399923 0.9312411 0.1399923 0.8982508 0.1699873 0.8655018 0.1699873 0.8655018 0.1399923 0.8982508 0.1699873 0.8655018 0.1399923 0.8982508 0.1399923 0.9312411 0.1384216 0.9312411 0.1094432 0.964492 0.1384216 0.964492 0.1384216 0.9312411 0.1094432 0.964492 0.1094432 0.964492 0.1384216 0.964492 0.1094432 0.998 0.1384216 0.998 0.1384216 0.964492 0.1094432 0.998 0.1094432 0.998 0.1699873 0.964492 0.1699873 0.964492 0.1399923 0.998 0.1699873 0.964492 0.1399923 0.998 0.1399923 0.964492 0.1699873 0.9312411 0.1699873 0.9312411 0.1399923 0.964492 0.1699873 0.9312411 0.1399923 0.964492 0.1399923 0.001999974 0.1384216 0.03283888 0.1094432 0.03283888 0.1384216 0.03283888 0.1094432 0.001999974 0.1384216 0.001999974 0.1094432 0.03283888 0.1384216 0.06342297 0.1094432 0.06342297 0.1384216 0.06342297 0.1094432 0.03283888 0.1384216 0.03283888 0.1094432 0.03283888 0.1699873 0.06342297 0.1399923 0.06342297 0.1699873 0.06342297 0.1399923 0.03283888 0.1699873 0.03283888 0.1399923 0.001999974 0.1699873 0.03283888 0.1399923 0.03283888 0.1699873 0.03283888 0.1399923 0.001999974 0.1699873 0.001999974 0.1399923 0.06342297 0.1384216 0.09381163 0.1094432 0.09381163 0.1384216 0.09381163 0.1094432 0.06342297 0.1384216 0.06342297 0.1094432 0.09381163 0.1384216 0.1240255 0.1094432 0.1240255 0.1384216 0.1240255 0.1094432 0.09381163 0.1384216 0.09381163 0.1094432 0.09381163 0.1699873 0.1240255 0.1399923 0.1240255 0.1699873 0.1240255 0.1399923 0.09381163 0.1699873 0.09381163 0.1399923 0.06342297 0.1699873 0.09381163 0.1399923 0.09381163 0.1699873 0.09381163 0.1399923 0.06342297 0.1699873 0.06342297 0.1399923 0.1240255 0.1384216 0.1240255 0.1094432 0.1540407 0.1384216 0.1540407 0.1384216 0.1240255 0.1094432 0.1540407 0.1094432 0.1540407 0.1384216 0.1540407 0.1094432 0.1836637 0.1384216 0.1836637 0.1384216 0.1540407 0.1094432 0.1836637 0.1094432 0.1836637 0.1699873 0.1540407 0.1699873 0.1540407 0.1399923 0.1836637 0.1699873 0.1540407 0.1399923 0.1836637 0.1399923 0.1540407 0.1699873 0.1240255 0.1699873 0.1240255 0.1399923 0.1540407 0.1699873 0.1240255 0.1399923 0.1540407 0.1399923 0.1836637 0.1384216 0.1836637 0.1094432 0.2130552 0.1384216 0.2130552 0.1384216 0.1836637 0.1094432 0.2130552 0.1094432 0.2130552 0.1384216 0.2130552 0.1094432 0.2425491 0.1384216 0.2425491 0.1384216 0.2130552 0.1094432 0.2425491 0.1094432 0.2425491 0.1699873 0.2130552 0.1699873 0.2130552 0.1399923 0.2425491 0.1699873 0.2130552 0.1399923 0.2425491 0.1399923 0.2130552 0.1699873 0.1836637 0.1699873 0.1836637 0.1399923 0.2130552 0.1699873 0.1836637 0.1399923 0.2130552 0.1399923 0.2425491 0.2032881 0.2721524 0.1715859 0.2721524 0.2032881 0.2721524 0.1715859 0.2425491 0.2032881 0.2425491 0.1715859 0.2721524 0.2032881 0.3018742 0.1715859 0.3018742 0.2032881 0.3018742 0.1715859 0.2721524 0.2032881 0.2721524 0.1715859 0.2721524 0.2370892 0.3018742 0.2032881 0.3018742 0.2370892 0.3018742 0.2032881 0.2721524 0.2370892 0.2721524 0.2032881 0.2425491 0.2370892 0.2721524 0.2032881 0.2721524 0.2370892 0.2721524 0.2032881 0.2425491 0.2370892 0.2425491 0.2032881 0.3018742 0.2032881 0.3317266 0.1715859 0.3317266 0.2032881 0.3317266 0.1715859 0.3018742 0.2032881 0.3018742 0.1715859 0.3317266 0.2032881 0.3617264 0.1715859 0.3617264 0.2032881 0.3617264 0.1715859 0.3317266 0.2032881 0.3317266 0.1715859 0.3317266 0.2370892 0.3617264 0.2032881 0.3617264 0.2370892 0.3617264 0.2032881 0.3317266 0.2370892 0.3317266 0.2032881 0.3018742 0.2370892 0.3317266 0.2032881 0.3317266 0.2370892 0.3317266 0.2032881 0.3018742 0.2370892 0.3018742 0.2032881 0.3617264 0.2032881 0.3617264 0.1715859 0.3918935 0.2032881 0.3918935 0.2032881 0.3617264 0.1715859 0.3918935 0.1715859 0.3918935 0.2032881 0.3918935 0.1715859 0.4223206 0.2032881 0.4223206 0.2032881 0.3918935 0.1715859 0.4223206 0.1715859 0.4223206 0.2370892 0.3918935 0.2370892 0.3918935 0.2032881 0.4223206 0.2370892 0.3918935 0.2032881 0.4223206 0.2032881 0.3918935 0.2370892 0.3617264 0.2370892 0.3617264 0.2032881 0.3918935 0.2370892 0.3617264 0.2032881 0.3918935 0.2032881 0.4223206 0.2032881 0.4223206 0.1715859 0.4530329 0.2032881 0.4530329 0.2032881 0.4223206 0.1715859 0.4530329 0.1715859 0.4530329 0.1715859 0.4840739 0.2032881 0.4530329 0.2032881 0.4840739 0.2032881 0.4530329 0.1715859 0.4840739 0.1715859 0.4840739 0.2370892 0.4530329 0.2370892 0.4530329 0.2032881 0.4840739 0.2370892 0.4530329 0.2032881 0.4840739 0.2032881 0.4530329 0.2370892 0.4223206 0.2370892 0.4223206 0.2032881 0.4530329 0.2370892 0.4223206 0.2032881 0.4530329 0.2032881 0.4840739 0.2032881 0.5152459 0.1715859 0.5152459 0.2032881 0.5152459 0.1715859 0.4840739 0.2032881 0.4840739 0.1715859 0.5152459 0.2032881 0.5465337 0.1715859 0.5465337 0.2032881 0.5465337 0.1715859 0.5152459 0.2032881 0.5152459 0.1715859 0.5152459 0.2370892 0.5465337 0.2032881 0.5465337 0.2370892 0.5465337 0.2032881 0.5152459 0.2370892 0.5152459 0.2032881 0.4840739 0.2370892 0.5152459 0.2032881 0.5152459 0.2370892 0.5152459 0.2032881 0.4840739 0.2370892 0.4840739 0.2032881 0.5465337 0.2032881 0.5779156 0.1715859 0.5779156 0.2032881 0.5779156 0.1715859 0.5465337 0.2032881 0.5465337 0.1715859 0.5779156 0.2032881 0.6094009 0.1715859 0.6094009 0.2032881 0.6094009 0.1715859 0.5779156 0.2032881 0.5779156 0.1715859 0.5779156 0.2370892 0.6094009 0.2032881 0.6094009 0.2370892 0.6094009 0.2032881 0.5779156 0.2370892 0.5779156 0.2032881 0.5465337 0.2370892 0.5779156 0.2032881 0.5779156 0.2370892 0.5779156 0.2032881 0.5465337 0.2370892 0.5465337 0.2032881 0.6094009 0.2032881 0.6094009 0.1715859 0.6409898 0.2032881 0.6409898 0.2032881 0.6094009 0.1715859 0.6409898 0.1715859 0.6409898 0.2032881 0.6409898 0.1715859 0.672677 0.2032881 0.672677 0.2032881 0.6409898 0.1715859 0.672677 0.1715859 0.672677 0.2370892 0.6409898 0.2370892 0.6409898 0.2032881 0.672677 0.2370892 0.6409898 0.2032881 0.672677 0.2032881 0.6409898 0.2370892 0.6094009 0.2370892 0.6094009 0.2032881 0.6409898 0.2370892 0.6094009 0.2032881 0.6409898 0.2032881 0.672677 0.2032881 0.672677 0.1715859 0.7044689 0.2032881 0.7044689 0.2032881 0.672677 0.1715859 0.7044689 0.1715859 0.7044689 0.2032881 0.7044689 0.1715859 0.736377 0.2032881 0.736377 0.2032881 0.7044689 0.1715859 0.736377 0.1715859 0.736377 0.2370892 0.7044689 0.2370892 0.7044689 0.2032881 0.736377 0.2370892 0.7044689 0.2032881 0.736377 0.2032881 0.7044689 0.2370892 0.672677 0.2370892 0.672677 0.2032881 0.7044689 0.2370892 0.672677 0.2032881 0.7044689 0.2032881 0.736377 0.2032881 0.7684243 0.1715859 0.7684243 0.2032881 0.7684243 0.1715859 0.736377 0.2032881 0.736377 0.1715859 0.7684243 0.2032881 0.8006138 0.1715859 0.8006138 0.2032881 0.8006138 0.1715859 0.7684243 0.2032881 0.7684243 0.1715859 0.7684243 0.2370892 0.8006138 0.2032881 0.8006138 0.2370892 0.8006138 0.2032881 0.7684243 0.2370892 0.7684243 0.2032881 0.736377 0.2370892 0.7684243 0.2032881 0.7684243 0.2370892 0.7684243 0.2032881 0.736377 0.2370892 0.736377 0.2032881 0.8006138 0.2032881 0.8329647 0.1715859 0.8329647 0.2032881 0.8329647 0.1715859 0.8006138 0.2032881 0.8006138 0.1715859 0.8329647 0.2032881 0.8655018 0.1715859 0.8655018 0.2032881 0.8655018 0.1715859 0.8329647 0.2032881 0.8329647 0.1715859 0.8329647 0.2370892 0.8655018 0.2032881 0.8655018 0.2370892 0.8655018 0.2032881 0.8329647 0.2370892 0.8329647 0.2032881 0.8006138 0.2370892 0.8329647 0.2032881 0.8329647 0.2370892 0.8329647 0.2032881 0.8006138 0.2370892 0.8006138 0.2032881 0.8655018 0.2032881 0.8655018 0.1715859 0.8982508 0.2032881 0.8982508 0.2032881 0.8655018 0.1715859 0.8982508 0.1715859 0.8982508 0.2032881 0.8982508 0.1715859 0.9312411 0.2032881 0.9312411 0.2032881 0.8982508 0.1715859 0.9312411 0.1715859 0.9312411 0.2370892 0.8982508 0.2370892 0.8982508 0.2032881 0.9312411 0.2370892 0.8982508 0.2032881 0.9312411 0.2032881 0.8982508 0.2370892 0.8655018 0.2370892 0.8655018 0.2032881 0.8982508 0.2370892 0.8655018 0.2032881 0.8982508 0.2032881 0.9312411 0.2032881 0.9312411 0.1715859 0.964492 0.2032881 0.964492 0.2032881 0.9312411 0.1715859 0.964492 0.1715859 0.964492 0.2032881 0.964492 0.1715859 0.998 0.2032881 0.998 0.2032881 0.964492 0.1715859 0.998 0.1715859 0.998 0.2370892 0.964492 0.2370892 0.964492 0.2032881 0.998 0.2370892 0.964492 0.2032881 0.998 0.2032881 0.964492 0.2370892 0.9312411 0.2370892 0.9312411 0.2032881 0.964492 0.2370892 0.9312411 0.2032881 0.964492 0.2032881 0.001999974 0.2032881 0.03283888 0.1715859 0.03283888 0.2032881 0.03283888 0.1715859 0.001999974 0.2032881 0.001999974 0.1715859 0.03283888 0.2032881 0.06342297 0.1715859 0.06342297 0.2032881 0.06342297 0.1715859 0.03283888 0.2032881 0.03283888 0.1715859 0.03283888 0.2370892 0.06342297 0.2032881 0.06342297 0.2370892 0.06342297 0.2032881 0.03283888 0.2370892 0.03283888 0.2032881 0.001999974 0.2370892 0.03283888 0.2032881 0.03283888 0.2370892 0.03283888 0.2032881 0.001999974 0.2370892 0.001999974 0.2032881 0.06342297 0.2032881 0.09381163 0.1715859 0.09381163 0.2032881 0.09381163 0.1715859 0.06342297 0.2032881 0.06342297 0.1715859 0.09381163 0.2032881 0.1240255 0.1715859 0.1240255 0.2032881 0.1240255 0.1715859 0.09381163 0.2032881 0.09381163 0.1715859 0.09381163 0.2370892 0.1240255 0.2032881 0.1240255 0.2370892 0.1240255 0.2032881 0.09381163 0.2370892 0.09381163 0.2032881 0.06342297 0.2370892 0.09381163 0.2032881 0.09381163 0.2370892 0.09381163 0.2032881 0.06342297 0.2370892 0.06342297 0.2032881 0.1240255 0.2032881 0.1240255 0.1715859 0.1540407 0.2032881 0.1540407 0.2032881 0.1240255 0.1715859 0.1540407 0.1715859 0.1540407 0.2032881 0.1540407 0.1715859 0.1836637 0.2032881 0.1836637 0.2032881 0.1540407 0.1715859 0.1836637 0.1715859 0.1836637 0.2370892 0.1540407 0.2370892 0.1540407 0.2032881 0.1836637 0.2370892 0.1540407 0.2032881 0.1836637 0.2032881 0.1540407 0.2370892 0.1240255 0.2370892 0.1240255 0.2032881 0.1540407 0.2370892 0.1240255 0.2032881 0.1540407 0.2032881 0.1836637 0.2032881 0.1836637 0.1715859 0.2130552 0.2032881 0.2130552 0.2032881 0.1836637 0.1715859 0.2130552 0.1715859 0.2130552 0.1715859 0.2425491 0.2032881 0.2130552 0.2032881 0.2425491 0.2032881 0.2130552 0.1715859 0.2425491 0.1715859 0.2425491 0.2370892 0.2130552 0.2370892 0.2130552 0.2032881 0.2425491 0.2370892 0.2130552 0.2032881 0.2425491 0.2032881 0.2130552 0.2370892 0.1836637 0.2370892 0.1836637 0.2032881 0.2130552 0.2370892 0.1836637 0.2032881 0.2130552 0.2032881 0.2425491 0.2708508 0.2425491 0.2370892 0.2721524 0.2708508 0.2721524 0.2708508 0.2425491 0.2370892 0.2721524 0.2370892 0.2721524 0.2708508 0.2721524 0.2370892 0.3018742 0.2708508 0.3018742 0.2708508 0.2721524 0.2370892 0.3018742 0.2370892 0.3018742 0.3038183 0.2721524 0.3038183 0.2721524 0.2708508 0.3018742 0.3038183 0.2721524 0.2708508 0.3018742 0.2708508 0.2721524 0.3038183 0.2425491 0.3038183 0.2425491 0.2708508 0.2721524 0.3038183 0.2425491 0.2708508 0.2721524 0.2708508 0.3018742 0.2708508 0.3018742 0.2370892 0.3317266 0.2708508 0.3317266 0.2708508 0.3018742 0.2370892 0.3317266 0.2370892 0.3317266 0.2708508 0.3317266 0.2370892 0.3617264 0.2708508 0.3617264 0.2708508 0.3317266 0.2370892 0.3617264 0.2370892 0.3617264 0.3038183 0.3317266 0.3038183 0.3317266 0.2708508 0.3617264 0.3038183 0.3317266 0.2708508 0.3617264 0.2708508 0.3317266 0.3038183 0.3018742 0.3038183 0.3018742 0.2708508 0.3317266 0.3038183 0.3018742 0.2708508 0.3317266 0.2708508 0.3617264 0.2708508 0.3918935 0.2370892 0.3918935 0.2708508 0.3918935 0.2370892 0.3617264 0.2708508 0.3617264 0.2370892 0.3918935 0.2708508 0.4223206 0.2370892 0.4223206 0.2708508 0.4223206 0.2370892 0.3918935 0.2708508 0.3918935 0.2370892 0.3918935 0.3038183 0.4223206 0.2708508 0.4223206 0.3038183 0.4223206 0.2708508 0.3918935 0.3038183 0.3918935 0.2708508 0.3617264 0.3038183 0.3918935 0.2708508 0.3918935 0.3038183 0.3918935 0.2708508 0.3617264 0.3038183 0.3617264 0.2708508 0.4223206 0.2708508 0.4530329 0.2370892 0.4530329 0.2708508 0.4530329 0.2370892 0.4223206 0.2708508 0.4223206 0.2370892 0.4530329 0.2708508 0.4840739 0.2370892 0.4840739 0.2708508 0.4840739 0.2370892 0.4530329 0.2708508 0.4530329 0.2370892 0.4530329 0.3038183 0.4840739 0.2708508 0.4840739 0.3038183 0.4840739 0.2708508 0.4530329 0.3038183 0.4530329 0.2708508 0.4223206 0.3038183 0.4530329 0.2708508 0.4530329 0.3038183 0.4530329 0.2708508 0.4223206 0.3038183 0.4223206 0.2708508 0.4840739 0.2708508 0.4840739 0.2370892 0.5152459 0.2708508 0.5152459 0.2708508 0.4840739 0.2370892 0.5152459 0.2370892 0.5152459 0.2708508 0.5152459 0.2370892 0.5465337 0.2708508 0.5465337 0.2708508 0.5152459 0.2370892 0.5465337 0.2370892 0.5465337 0.3038183 0.5152459 0.3038183 0.5152459 0.2708508 0.5465337 0.3038183 0.5152459 0.2708508 0.5465337 0.2708508 0.5152459 0.3038183 0.4840739 0.3038183 0.4840739 0.2708508 0.5152459 0.3038183 0.4840739 0.2708508 0.5152459 0.2708508 0.5465337 0.2708508 0.5465337 0.2370892 0.5779156 0.2708508 0.5779156 0.2708508 0.5465337 0.2370892 0.5779156 0.2370892 0.5779156 0.2708508 0.5779156 0.2370892 0.6094009 0.2708508 0.6094009 0.2708508 0.5779156 0.2370892 0.6094009 0.2370892 0.6094009 0.3038183 0.5779156 0.3038183 0.5779156 0.2708508 0.6094009 0.3038183 0.5779156 0.2708508 0.6094009 0.2708508 0.5779156 0.3038183 0.5465337 0.3038183 0.5465337 0.2708508 0.5779156 0.3038183 0.5465337 0.2708508 0.5779156 0.2708508 0.6094009 0.2708508 0.6409898 0.2370892 0.6409898 0.2708508 0.6409898 0.2370892 0.6094009 0.2708508 0.6094009 0.2370892 0.6409898 0.2708508 0.672677 0.2370892 0.672677 0.2708508 0.672677 0.2370892 0.6409898 0.2708508 0.6409898 0.2370892 0.6409898 0.3038183 0.672677 0.2708508 0.672677 0.3038183 0.672677 0.2708508 0.6409898 0.3038183 0.6409898 0.2708508 0.6094009 0.3038183 0.6409898 0.2708508 0.6409898 0.3038183 0.6409898 0.2708508 0.6094009 0.3038183 0.6094009 0.2708508 0.672677 0.2708508 0.7044689 0.2370892 0.7044689 0.2708508 0.7044689 0.2370892 0.672677 0.2708508 0.672677 0.2370892 0.7044689 0.2708508 0.736377 0.2370892 0.736377 0.2708508 0.736377 0.2370892 0.7044689 0.2708508 0.7044689 0.2370892 0.7044689 0.3038183 0.736377 0.2708508 0.736377 0.3038183 0.736377 0.2708508 0.7044689 0.3038183 0.7044689 0.2708508 0.672677 0.3038183 0.7044689 0.2708508 0.7044689 0.3038183 0.7044689 0.2708508 0.672677 0.3038183 0.672677 0.2708508 0.736377 0.2708508 0.736377 0.2370892 0.7684243 0.2708508 0.7684243 0.2708508 0.736377 0.2370892 0.7684243 0.2370892 0.7684243 0.2708508 0.7684243 0.2370892 0.8006138 0.2708508 0.8006138 0.2708508 0.7684243 0.2370892 0.8006138 0.2370892 0.8006138 0.3038183 0.7684243 0.3038183 0.7684243 0.2708508 0.8006138 0.3038183 0.7684243 0.2708508 0.8006138 0.2708508 0.7684243 0.3038183 0.736377 0.3038183 0.736377 0.2708508 0.7684243 0.3038183 0.736377 0.2708508 0.7684243 0.2708508 0.8006138 0.2708508 0.8006138 0.2370892 0.8329647 0.2708508 0.8329647 0.2708508 0.8006138 0.2370892 0.8329647 0.2370892 0.8329647 0.2708508 0.8329647 0.2370892 0.8655018 0.2708508 0.8655018 0.2708508 0.8329647 0.2370892 0.8655018 0.2370892 0.8655018 0.3038183 0.8329647 0.3038183 0.8329647 0.2708508 0.8655018 0.3038183 0.8329647 0.2708508 0.8655018 0.2708508 0.8329647 0.3038183 0.8006138 0.3038183 0.8006138 0.2708508 0.8329647 0.3038183 0.8006138 0.2708508 0.8329647 0.2708508 0.8655018 0.2708508 0.8982508 0.2370892 0.8982508 0.2708508 0.8982508 0.2370892 0.8655018 0.2708508 0.8655018 0.2370892 0.8982508 0.2708508 0.9312411 0.2370892 0.9312411 0.2708508 0.9312411 0.2370892 0.8982508 0.2708508 0.8982508 0.2370892 0.8982508 0.3038183 0.9312411 0.2708508 0.9312411 0.3038183 0.9312411 0.2708508 0.8982508 0.3038183 0.8982508 0.2708508 0.8655018 0.3038183 0.8982508 0.2708508 0.8982508 0.3038183 0.8982508 0.2708508 0.8655018 0.3038183 0.8655018 0.2708508 0.9312411 0.2708508 0.964492 0.2370892 0.964492 0.2708508 0.964492 0.2370892 0.9312411 0.2708508 0.9312411 0.2370892 0.964492 0.2708508 0.998 0.2370892 0.998 0.2708508 0.998 0.2370892 0.964492 0.2708508 0.964492 0.2370892 0.964492 0.3038183 0.998 0.2708508 0.998 0.3038183 0.998 0.2708508 0.964492 0.3038183 0.964492 0.2708508 0.9312411 0.3038183 0.964492 0.2708508 0.964492 0.3038183 0.964492 0.2708508 0.9312411 0.3038183 0.9312411 0.2708508 0.001999974 0.2708508 0.001999974 0.2370892 0.03283888 0.2708508 0.03283888 0.2708508 0.001999974 0.2370892 0.03283888 0.2370892 0.03283888 0.2708508 0.03283888 0.2370892 0.06342297 0.2708508 0.06342297 0.2708508 0.03283888 0.2370892 0.06342297 0.2370892 0.06342297 0.3038183 0.03283888 0.3038183 0.03283888 0.2708508 0.06342297 0.3038183 0.03283888 0.2708508 0.06342297 0.2708508 0.03283888 0.3038183 0.001999974 0.3038183 0.001999974 0.2708508 0.03283888 0.3038183 0.001999974 0.2708508 0.03283888 0.2708508 0.06342297 0.2708508 0.06342297 0.2370892 0.09381163 0.2708508 0.09381163 0.2708508 0.06342297 0.2370892 0.09381163 0.2370892 0.09381163 0.2708508 0.09381163 0.2370892 0.1240255 0.2708508 0.1240255 0.2708508 0.09381163 0.2370892 0.1240255 0.2370892 0.1240255 0.3038183 0.09381163 0.3038183 0.09381163 0.2708508 0.1240255 0.3038183 0.09381163 0.2708508 0.1240255 0.2708508 0.09381163 0.3038183 0.06342297 0.3038183 0.06342297 0.2708508 0.09381163 0.3038183 0.06342297 0.2708508 0.09381163 0.2708508 0.1240255 0.2708508 0.1540407 0.2370892 0.1540407 0.2708508 0.1540407 0.2370892 0.1240255 0.2708508 0.1240255 0.2370892 0.1540407 0.2708508 0.1836637 0.2370892 0.1836637 0.2708508 0.1836637 0.2370892 0.1540407 0.2708508 0.1540407 0.2370892 0.1540407 0.3038183 0.1836637 0.2708508 0.1836637 0.3038183 0.1836637 0.2708508 0.1540407 0.3038183 0.1540407 0.2708508 0.1240255 0.3038183 0.1540407 0.2708508 0.1540407 0.3038183 0.1540407 0.2708508 0.1240255 0.3038183 0.1240255 0.2708508 0.1836637 0.2708508 0.2130552 0.2370892 0.2130552 0.2708508 0.2130552 0.2370892 0.1836637 0.2708508 0.1836637 0.2370892 0.2130552 0.2708508 0.2425491 0.2370892 0.2425491 0.2708508 0.2425491 0.2370892 0.2130552 0.2708508 0.2130552 0.2370892 0.2130552 0.3038183 0.2425491 0.2708508 0.2425491 0.3038183 0.2425491 0.2708508 0.2130552 0.3038183 0.2130552 0.2708508 0.1836637 0.3038183 0.2130552 0.2708508 0.2130552 0.3038183 0.2130552 0.2708508 0.1836637 0.3038183 0.1836637 0.2708508 0.2425491 0.3367364 0.2425491 0.3054894 0.2721524 0.3367364 0.2721524 0.3367364 0.2425491 0.3054894 0.2721524 0.3054894 0.2721524 0.3367364 0.2721524 0.3054894 0.3018742 0.3367364 0.3018742 0.3367364 0.2721524 0.3054894 0.3018742 0.3054894 0.3018742 0.3684691 0.2721524 0.3684691 0.2721524 0.3383761 0.3018742 0.3684691 0.2721524 0.3383761 0.3018742 0.3383761 0.2721524 0.3684691 0.2425491 0.3684691 0.2425491 0.3383761 0.2721524 0.3684691 0.2425491 0.3383761 0.2721524 0.3383761 0.3018742 0.3367364 0.3018742 0.3054894 0.3317266 0.3367364 0.3317266 0.3367364 0.3018742 0.3054894 0.3317266 0.3054894 0.3317266 0.3367364 0.3317266 0.3054894 0.3617264 0.3367364 0.3617264 0.3367364 0.3317266 0.3054894 0.3617264 0.3054894 0.3617264 0.3684691 0.3317266 0.3684691 0.3317266 0.3383761 0.3617264 0.3684691 0.3317266 0.3383761 0.3617264 0.3383761 0.3317266 0.3684691 0.3018742 0.3684691 0.3018742 0.3383761 0.3317266 0.3684691 0.3018742 0.3383761 0.3317266 0.3383761 0.3617264 0.3367364 0.3918935 0.3054894 0.3918935 0.3367364 0.3918935 0.3054894 0.3617264 0.3367364 0.3617264 0.3054894 0.3918935 0.3367364 0.4223206 0.3054894 0.4223206 0.3367364 0.4223206 0.3054894 0.3918935 0.3367364 0.3918935 0.3054894 0.3918935 0.3684691 0.4223206 0.3383761 0.4223206 0.3684691 0.4223206 0.3383761 0.3918935 0.3684691 0.3918935 0.3383761 0.3617264 0.3684691 0.3918935 0.3383761 0.3918935 0.3684691 0.3918935 0.3383761 0.3617264 0.3684691 0.3617264 0.3383761 0.4223206 0.3367364 0.4530329 0.3054894 0.4530329 0.3367364 0.4530329 0.3054894 0.4223206 0.3367364 0.4223206 0.3054894 0.4530329 0.3367364 0.4840739 0.3054894 0.4840739 0.3367364 0.4840739 0.3054894 0.4530329 0.3367364 0.4530329 0.3054894 0.4530329 0.3684691 0.4840739 0.3383761 0.4840739 0.3684691 0.4840739 0.3383761 0.4530329 0.3684691 0.4530329 0.3383761 0.4223206 0.3684691 0.4530329 0.3383761 0.4530329 0.3684691 0.4530329 0.3383761 0.4223206 0.3684691 0.4223206 0.3383761 0.4840739 0.3367364 0.4840739 0.3054894 0.5152459 0.3367364 0.5152459 0.3367364 0.4840739 0.3054894 0.5152459 0.3054894 0.5152459 0.3367364 0.5152459 0.3054894 0.5465337 0.3367364 0.5465337 0.3367364 0.5152459 0.3054894 0.5465337 0.3054894 0.5465337 0.3684691 0.5152459 0.3684691 0.5152459 0.3383761 0.5465337 0.3684691 0.5152459 0.3383761 0.5465337 0.3383761 0.5152459 0.3684691 0.4840739 0.3684691 0.4840739 0.3383761 0.5152459 0.3684691 0.4840739 0.3383761 0.5152459 0.3383761 0.5465337 0.3367364 0.5465337 0.3054894 0.5779156 0.3367364 0.5779156 0.3367364 0.5465337 0.3054894 0.5779156 0.3054894 0.5779156 0.3367364 0.5779156 0.3054894 0.6094009 0.3367364 0.6094009 0.3367364 0.5779156 0.3054894 0.6094009 0.3054894 0.6094009 0.3684691 0.5779156 0.3684691 0.5779156 0.3383761 0.6094009 0.3684691 0.5779156 0.3383761 0.6094009 0.3383761 0.5779156 0.3684691 0.5465337 0.3684691 0.5465337 0.3383761 0.5779156 0.3684691 0.5465337 0.3383761 0.5779156 0.3383761 0.6094009 0.3367364 0.6409898 0.3054894 0.6409898 0.3367364 0.6409898 0.3054894 0.6094009 0.3367364 0.6094009 0.3054894 0.6409898 0.3367364 0.672677 0.3054894 0.672677 0.3367364 0.672677 0.3054894 0.6409898 0.3367364 0.6409898 0.3054894 0.6409898 0.3684691 0.672677 0.3383761 0.672677 0.3684691 0.672677 0.3383761 0.6409898 0.3684691 0.6409898 0.3383761 0.6094009 0.3684691 0.6409898 0.3383761 0.6409898 0.3684691 0.6409898 0.3383761 0.6094009 0.3684691 0.6094009 0.3383761 0.672677 0.3367364 0.7044689 0.3054894 0.7044689 0.3367364 0.7044689 0.3054894 0.672677 0.3367364 0.672677 0.3054894 0.7044689 0.3367364 0.736377 0.3054894 0.736377 0.3367364 0.736377 0.3054894 0.7044689 0.3367364 0.7044689 0.3054894 0.7044689 0.3684691 0.736377 0.3383761 0.736377 0.3684691 0.736377 0.3383761 0.7044689 0.3684691 0.7044689 0.3383761 0.672677 0.3684691 0.7044689 0.3383761 0.7044689 0.3684691 0.7044689 0.3383761 0.672677 0.3684691 0.672677 0.3383761 0.736377 0.3367364 0.736377 0.3054894 0.7684243 0.3367364 0.7684243 0.3367364 0.736377 0.3054894 0.7684243 0.3054894 0.7684243 0.3367364 0.7684243 0.3054894 0.8006138 0.3367364 0.8006138 0.3367364 0.7684243 0.3054894 0.8006138 0.3054894 0.8006138 0.3684691 0.7684243 0.3684691 0.7684243 0.3383761 0.8006138 0.3684691 0.7684243 0.3383761 0.8006138 0.3383761 0.7684243 0.3684691 0.736377 0.3684691 0.736377 0.3383761 0.7684243 0.3684691 0.736377 0.3383761 0.7684243 0.3383761 0.8006138 0.3367364 0.8006138 0.3054894 0.8329647 0.3367364 0.8329647 0.3367364 0.8006138 0.3054894 0.8329647 0.3054894 0.8329647 0.3367364 0.8329647 0.3054894 0.8655018 0.3367364 0.8655018 0.3367364 0.8329647 0.3054894 0.8655018 0.3054894 0.8655018 0.3684691 0.8329647 0.3684691 0.8329647 0.3383761 0.8655018 0.3684691 0.8329647 0.3383761 0.8655018 0.3383761 0.8329647 0.3684691 0.8006138 0.3684691 0.8006138 0.3383761 0.8329647 0.3684691 0.8006138 0.3383761 0.8329647 0.3383761 0.8655018 0.3367364 0.8982508 0.3054894 0.8982508 0.3367364 0.8982508 0.3054894 0.8655018 0.3367364 0.8655018 0.3054894 0.8982508 0.3367364 0.9312411 0.3054894 0.9312411 0.3367364 0.9312411 0.3054894 0.8982508 0.3367364 0.8982508 0.3054894 0.8982508 0.3684691 0.9312411 0.3383761 0.9312411 0.3684691 0.9312411 0.3383761 0.8982508 0.3684691 0.8982508 0.3383761 0.8655018 0.3684691 0.8982508 0.3383761 0.8982508 0.3684691 0.8982508 0.3383761 0.8655018 0.3684691 0.8655018 0.3383761 0.9312411 0.3367364 0.964492 0.3054894 0.964492 0.3367364 0.964492 0.3054894 0.9312411 0.3367364 0.9312411 0.3054894 0.964492 0.3367364 0.998 0.3054894 0.998 0.3367364 0.998 0.3054894 0.964492 0.3367364 0.964492 0.3054894 0.964492 0.3684691 0.998 0.3383761 0.998 0.3684691 0.998 0.3383761 0.964492 0.3684691 0.964492 0.3383761 0.9312411 0.3684691 0.964492 0.3383761 0.964492 0.3684691 0.964492 0.3383761 0.9312411 0.3684691 0.9312411 0.3383761 0.001999974 0.3367364 0.001999974 0.3054894 0.03283888 0.3367364 0.03283888 0.3367364 0.001999974 0.3054894 0.03283888 0.3054894 0.03283888 0.3367364 0.03283888 0.3054894 0.06342297 0.3367364 0.06342297 0.3367364 0.03283888 0.3054894 0.06342297 0.3054894 0.06342297 0.3684691 0.03283888 0.3684691 0.03283888 0.3383761 0.06342297 0.3684691 0.03283888 0.3383761 0.06342297 0.3383761 0.03283888 0.3684691 0.001999974 0.3684691 0.001999974 0.3383761 0.03283888 0.3684691 0.001999974 0.3383761 0.03283888 0.3383761 0.06342297 0.3367364 0.06342297 0.3054894 0.09381163 0.3367364 0.09381163 0.3367364 0.06342297 0.3054894 0.09381163 0.3054894 0.09381163 0.3367364 0.09381163 0.3054894 0.1240255 0.3367364 0.1240255 0.3367364 0.09381163 0.3054894 0.1240255 0.3054894 0.1240255 0.3684691 0.09381163 0.3684691 0.09381163 0.3383761 0.1240255 0.3684691 0.09381163 0.3383761 0.1240255 0.3383761 0.09381163 0.3684691 0.06342297 0.3684691 0.06342297 0.3383761 0.09381163 0.3684691 0.06342297 0.3383761 0.09381163 0.3383761 0.1240255 0.3367364 0.1540407 0.3054894 0.1540407 0.3367364 0.1540407 0.3054894 0.1240255 0.3367364 0.1240255 0.3054894 0.1540407 0.3367364 0.1836637 0.3054894 0.1836637 0.3367364 0.1836637 0.3054894 0.1540407 0.3367364 0.1540407 0.3054894 0.1540407 0.3684691 0.1836637 0.3383761 0.1836637 0.3684691 0.1836637 0.3383761 0.1540407 0.3684691 0.1540407 0.3383761 0.1240255 0.3684691 0.1540407 0.3383761 0.1540407 0.3684691 0.1540407 0.3383761 0.1240255 0.3684691 0.1240255 0.3383761 0.1836637 0.3367364 0.2130552 0.3054894 0.2130552 0.3367364 0.2130552 0.3054894 0.1836637 0.3367364 0.1836637 0.3054894 0.2130552 0.3367364 0.2425491 0.3054894 0.2425491 0.3367364 0.2425491 0.3054894 0.2130552 0.3367364 0.2130552 0.3054894 0.2130552 0.3684691 0.2425491 0.3383761 0.2425491 0.3684691 0.2425491 0.3383761 0.2130552 0.3684691 0.2130552 0.3383761 0.1836637 0.3684691 0.2130552 0.3383761 0.2130552 0.3684691 0.2130552 0.3383761 0.1836637 0.3684691 0.1836637 0.3383761 0.2425491 0.3984395 0.2425491 0.3701136 0.2721524 0.3984395 0.2721524 0.3984395 0.2425491 0.3701136 0.2721524 0.3701136 0.2721524 0.3984395 0.2721524 0.3701136 0.3018742 0.3984395 0.3018742 0.3984395 0.2721524 0.3701136 0.3018742 0.3701136 0.3018742 0.4265229 0.2721524 0.4265229 0.2721524 0.400057 0.3018742 0.4265229 0.2721524 0.400057 0.3018742 0.400057 0.2721524 0.4265229 0.2425491 0.4265229 0.2425491 0.400057 0.2721524 0.4265229 0.2425491 0.400057 0.2721524 0.400057 0.3018742 0.3984395 0.3018742 0.3701136 0.3317266 0.3984395 0.3317266 0.3984395 0.3018742 0.3701136 0.3317266 0.3701136 0.3317266 0.3984395 0.3317266 0.3701136 0.3617264 0.3984395 0.3617264 0.3984395 0.3317266 0.3701136 0.3617264 0.3701136 0.3617264 0.4265229 0.3317266 0.4265229 0.3317266 0.400057 0.3617264 0.4265229 0.3317266 0.400057 0.3617264 0.400057 0.3317266 0.4265229 0.3018742 0.4265229 0.3018742 0.400057 0.3317266 0.4265229 0.3018742 0.400057 0.3317266 0.400057 0.3617264 0.3984395 0.3918935 0.3701136 0.3918935 0.3984395 0.3918935 0.3701136 0.3617264 0.3984395 0.3617264 0.3701136 0.3918935 0.3984395 0.4223206 0.3701136 0.4223206 0.3984395 0.4223206 0.3701136 0.3918935 0.3984395 0.3918935 0.3701136 0.3918935 0.4265229 0.4223206 0.400057 0.4223206 0.4265229 0.4223206 0.400057 0.3918935 0.4265229 0.3918935 0.400057 0.3617264 0.4265229 0.3918935 0.400057 0.3918935 0.4265229 0.3918935 0.400057 0.3617264 0.4265229 0.3617264 0.400057 0.4223206 0.3984395 0.4530329 0.3701136 0.4530329 0.3984395 0.4530329 0.3701136 0.4223206 0.3984395 0.4223206 0.3701136 0.4530329 0.3984395 0.4840739 0.3701136 0.4840739 0.3984395 0.4840739 0.3701136 0.4530329 0.3984395 0.4530329 0.3701136 0.4530329 0.4265229 0.4840739 0.400057 0.4840739 0.4265229 0.4840739 0.400057 0.4530329 0.4265229 0.4530329 0.400057 0.4223206 0.4265229 0.4530329 0.400057 0.4530329 0.4265229 0.4530329 0.400057 0.4223206 0.4265229 0.4223206 0.400057 0.4840739 0.3984395 0.4840739 0.3701136 0.5152459 0.3984395 0.5152459 0.3984395 0.4840739 0.3701136 0.5152459 0.3701136 0.5152459 0.3984395 0.5152459 0.3701136 0.5465337 0.3984395 0.5465337 0.3984395 0.5152459 0.3701136 0.5465337 0.3701136 0.5465337 0.4265229 0.5152459 0.4265229 0.5152459 0.400057 0.5465337 0.4265229 0.5152459 0.400057 0.5465337 0.400057 0.5152459 0.4265229 0.4840739 0.4265229 0.4840739 0.400057 0.5152459 0.4265229 0.4840739 0.400057 0.5152459 0.400057 0.5465337 0.3984395 0.5465337 0.3701136 0.5779156 0.3984395 0.5779156 0.3984395 0.5465337 0.3701136 0.5779156 0.3701136 0.5779156 0.3984395 0.5779156 0.3701136 0.6094009 0.3984395 0.6094009 0.3984395 0.5779156 0.3701136 0.6094009 0.3701136 0.6094009 0.4265229 0.5779156 0.4265229 0.5779156 0.400057 0.6094009 0.4265229 0.5779156 0.400057 0.6094009 0.400057 0.5779156 0.4265229 0.5465337 0.4265229 0.5465337 0.400057 0.5779156 0.4265229 0.5465337 0.400057 0.5779156 0.400057 0.6094009 0.3984395 0.6409898 0.3701136 0.6409898 0.3984395 0.6409898 0.3701136 0.6094009 0.3984395 0.6094009 0.3701136 0.6409898 0.3984395 0.672677 0.3701136 0.672677 0.3984395 0.672677 0.3701136 0.6409898 0.3984395 0.6409898 0.3701136 0.6409898 0.4265229 0.672677 0.400057 0.672677 0.4265229 0.672677 0.400057 0.6409898 0.4265229 0.6409898 0.400057 0.6094009 0.4265229 0.6409898 0.400057 0.6409898 0.4265229 0.6409898 0.400057 0.6094009 0.4265229 0.6094009 0.400057 0.672677 0.3984395 0.7044689 0.3701136 0.7044689 0.3984395 0.7044689 0.3701136 0.672677 0.3984395 0.672677 0.3701136 0.7044689 0.3984395 0.736377 0.3701136 0.736377 0.3984395 0.736377 0.3701136 0.7044689 0.3984395 0.7044689 0.3701136 0.7044689 0.4265229 0.736377 0.400057 0.736377 0.4265229 0.736377 0.400057 0.7044689 0.4265229 0.7044689 0.400057 0.672677 0.4265229 0.7044689 0.400057 0.7044689 0.4265229 0.7044689 0.400057 0.672677 0.4265229 0.672677 0.400057 0.736377 0.3984395 0.736377 0.3701136 0.7684243 0.3984395 0.7684243 0.3984395 0.736377 0.3701136 0.7684243 0.3701136 0.7684243 0.3984395 0.7684243 0.3701136 0.8006138 0.3984395 0.8006138 0.3984395 0.7684243 0.3701136 0.8006138 0.3701136 0.8006138 0.4265229 0.7684243 0.4265229 0.7684243 0.400057 0.8006138 0.4265229 0.7684243 0.400057 0.8006138 0.400057 0.7684243 0.4265229 0.736377 0.4265229 0.736377 0.400057 0.7684243 0.4265229 0.736377 0.400057 0.7684243 0.400057 0.8006138 0.3984395 0.8006138 0.3701136 0.8329647 0.3984395 0.8329647 0.3984395 0.8006138 0.3701136 0.8329647 0.3701136 0.8329647 0.3984395 0.8329647 0.3701136 0.8655018 0.3984395 0.8655018 0.3984395 0.8329647 0.3701136 0.8655018 0.3701136 0.8655018 0.4265229 0.8329647 0.4265229 0.8329647 0.400057 0.8655018 0.4265229 0.8329647 0.400057 0.8655018 0.400057 0.8329647 0.4265229 0.8006138 0.4265229 0.8006138 0.400057 0.8329647 0.4265229 0.8006138 0.400057 0.8329647 0.400057 0.8655018 0.3984395 0.8982508 0.3701136 0.8982508 0.3984395 0.8982508 0.3701136 0.8655018 0.3984395 0.8655018 0.3701136 0.8982508 0.3984395 0.9312411 0.3701136 0.9312411 0.3984395 0.9312411 0.3701136 0.8982508 0.3984395 0.8982508 0.3701136 0.8982508 0.4265229 0.9312411 0.400057 0.9312411 0.4265229 0.9312411 0.400057 0.8982508 0.4265229 0.8982508 0.400057 0.8655018 0.4265229 0.8982508 0.400057 0.8982508 0.4265229 0.8982508 0.400057 0.8655018 0.4265229 0.8655018 0.400057 0.9312411 0.3984395 0.964492 0.3701136 0.964492 0.3984395 0.964492 0.3701136 0.9312411 0.3984395 0.9312411 0.3701136 0.964492 0.3984395 0.998 0.3701136 0.998 0.3984395 0.998 0.3701136 0.964492 0.3984395 0.964492 0.3701136 0.964492 0.4265229 0.998 0.400057 0.998 0.4265229 0.998 0.400057 0.964492 0.4265229 0.964492 0.400057 0.9312411 0.4265229 0.964492 0.400057 0.964492 0.4265229 0.964492 0.400057 0.9312411 0.4265229 0.9312411 0.400057 0.001999974 0.3984395 0.001999974 0.3701136 0.03283888 0.3984395 0.03283888 0.3984395 0.001999974 0.3701136 0.03283888 0.3701136 0.03283888 0.3984395 0.03283888 0.3701136 0.06342297 0.3984395 0.06342297 0.3984395 0.03283888 0.3701136 0.06342297 0.3701136 0.06342297 0.4265229 0.03283888 0.4265229 0.03283888 0.400057 0.06342297 0.4265229 0.03283888 0.400057 0.06342297 0.400057 0.03283888 0.4265229 0.001999974 0.4265229 0.001999974 0.400057 0.03283888 0.4265229 0.001999974 0.400057 0.03283888 0.400057 0.06342297 0.3984395 0.06342297 0.3701136 0.09381163 0.3984395 0.09381163 0.3984395 0.06342297 0.3701136 0.09381163 0.3701136 0.09381163 0.3984395 0.09381163 0.3701136 0.1240255 0.3984395 0.1240255 0.3984395 0.09381163 0.3701136 0.1240255 0.3701136 0.1240255 0.4265229 0.09381163 0.4265229 0.09381163 0.400057 0.1240255 0.4265229 0.09381163 0.400057 0.1240255 0.400057 0.09381163 0.4265229 0.06342297 0.4265229 0.06342297 0.400057 0.09381163 0.4265229 0.06342297 0.400057 0.09381163 0.400057 0.1240255 0.3984395 0.1540407 0.3701136 0.1540407 0.3984395 0.1540407 0.3701136 0.1240255 0.3984395 0.1240255 0.3701136 0.1540407 0.3984395 0.1836637 0.3701136 0.1836637 0.3984395 0.1836637 0.3701136 0.1540407 0.3984395 0.1540407 0.3701136 0.1540407 0.4265229 0.1836637 0.400057 0.1836637 0.4265229 0.1836637 0.400057 0.1540407 0.4265229 0.1540407 0.400057 0.1240255 0.4265229 0.1540407 0.400057 0.1540407 0.4265229 0.1540407 0.400057 0.1240255 0.4265229 0.1240255 0.400057 0.1836637 0.3984395 0.2130552 0.3701136 0.2130552 0.3984395 0.2130552 0.3701136 0.1836637 0.3984395 0.1836637 0.3701136 0.2130552 0.3984395 0.2425491 0.3701136 0.2425491 0.3984395 0.2425491 0.3701136 0.2130552 0.3984395 0.2130552 0.3701136 0.2130552 0.4265229 0.2425491 0.400057 0.2425491 0.4265229 0.2425491 0.400057 0.2130552 0.4265229 0.2130552 0.400057 0.1836637 0.4265229 0.2130552 0.400057 0.2130552 0.4265229 0.2130552 0.400057 0.1836637 0.4265229 0.1836637 0.400057 0.2425491 0.4519773 0.2425491 0.4281534 0.2721524 0.4519773 0.2721524 0.4519773 0.2425491 0.4281534 0.2721524 0.4281534 0.2721524 0.4519773 0.2721524 0.4281534 0.3018742 0.4519773 0.3018742 0.4519773 0.2721524 0.4281534 0.3018742 0.4281534 0.3018742 0.476503 0.2721524 0.476503 0.2721524 0.4535617 0.3018742 0.476503 0.2721524 0.4535617 0.3018742 0.4535617 0.2721524 0.476503 0.2425491 0.476503 0.2425491 0.4535617 0.2721524 0.476503 0.2425491 0.4535617 0.2721524 0.4535617 0.3018742 0.4519773 0.3018742 0.4281534 0.3317266 0.4519773 0.3317266 0.4519773 0.3018742 0.4281534 0.3317266 0.4281534 0.3317266 0.4519773 0.3317266 0.4281534 0.3617264 0.4519773 0.3617264 0.4519773 0.3317266 0.4281534 0.3617264 0.4281534 0.3617264 0.476503 0.3317266 0.476503 0.3317266 0.4535617 0.3317266 0.4535617 0.3617264 0.4535617 0.3617264 0.476503 0.3317266 0.476503 0.3018742 0.476503 0.3018742 0.4535617 0.3317266 0.476503 0.3018742 0.4535617 0.3317266 0.4535617 0.3617264 0.4519773 0.3918935 0.4281534 0.3918935 0.4519773 0.3918935 0.4281534 0.3617264 0.4519773 0.3617264 0.4281534 0.3918935 0.4519773 0.4223206 0.4281534 0.4223206 0.4519773 0.4223206 0.4281534 0.3918935 0.4519773 0.3918935 0.4281534 0.3918935 0.476503 0.4223206 0.4535617 0.4223206 0.476503 0.4223206 0.4535617 0.3918935 0.476503 0.3918935 0.4535617 0.3617264 0.476503 0.3918935 0.4535617 0.3918935 0.476503 0.3918935 0.4535617 0.3617264 0.476503 0.3617264 0.4535617 0.4223206 0.4519773 0.4530329 0.4281534 0.4530329 0.4519773 0.4530329 0.4281534 0.4223206 0.4519773 0.4223206 0.4281534 0.4530329 0.4519773 0.4840739 0.4281534 0.4840739 0.4519773 0.4840739 0.4281534 0.4530329 0.4519773 0.4530329 0.4281534 0.4530329 0.476503 0.4840739 0.4535617 0.4840739 0.476503 0.4840739 0.4535617 0.4530329 0.476503 0.4530329 0.4535617 0.4223206 0.476503 0.4530329 0.4535617 0.4530329 0.476503 0.4530329 0.4535617 0.4223206 0.476503 0.4223206 0.4535617 0.4840739 0.4519773 0.4840739 0.4281534 0.5152459 0.4519773 0.5152459 0.4519773 0.4840739 0.4281534 0.5152459 0.4281534 0.5152459 0.4519773 0.5152459 0.4281534 0.5465337 0.4519773 0.5465337 0.4519773 0.5152459 0.4281534 0.5465337 0.4281534 0.5465337 0.476503 0.5152459 0.476503 0.5152459 0.4535617 0.5465337 0.476503 0.5152459 0.4535617 0.5465337 0.4535617 0.5152459 0.476503 0.4840739 0.476503 0.4840739 0.4535617 0.5152459 0.476503 0.4840739 0.4535617 0.5152459 0.4535617 0.5465337 0.4519773 0.5465337 0.4281534 0.5779156 0.4519773 0.5779156 0.4519773 0.5465337 0.4281534 0.5779156 0.4281534 0.5779156 0.4519773 0.5779156 0.4281534 0.6094009 0.4519773 0.6094009 0.4519773 0.5779156 0.4281534 0.6094009 0.4281534 0.6094009 0.476503 0.5779156 0.476503 0.5779156 0.4535617 0.5779156 0.4535617 0.6094009 0.4535617 0.6094009 0.476503 0.5779156 0.476503 0.5465337 0.476503 0.5465337 0.4535617 0.5779156 0.476503 0.5465337 0.4535617 0.5779156 0.4535617 0.6094009 0.4519773 0.6409898 0.4281534 0.6409898 0.4519773 0.6409898 0.4281534 0.6094009 0.4519773 0.6094009 0.4281534 0.6409898 0.4519773 0.672677 0.4281534 0.672677 0.4519773 0.672677 0.4281534 0.6409898 0.4519773 0.6409898 0.4281534 0.6409898 0.476503 0.672677 0.4535617 0.672677 0.476503 0.672677 0.4535617 0.6409898 0.476503 0.6409898 0.4535617 0.6094009 0.476503 0.6409898 0.4535617 0.6409898 0.476503 0.6409898 0.4535617 0.6094009 0.476503 0.6094009 0.4535617 0.672677 0.4519773 0.7044689 0.4281534 0.7044689 0.4519773 0.7044689 0.4281534 0.672677 0.4519773 0.672677 0.4281534 0.7044689 0.4519773 0.736377 0.4281534 0.736377 0.4519773 0.736377 0.4281534 0.7044689 0.4519773 0.7044689 0.4281534 0.7044689 0.476503 0.736377 0.4535617 0.736377 0.476503 0.736377 0.4535617 0.7044689 0.476503 0.7044689 0.4535617 0.672677 0.476503 0.7044689 0.4535617 0.7044689 0.476503 0.7044689 0.4535617 0.672677 0.476503 0.672677 0.4535617 0.736377 0.4519773 0.736377 0.4281534 0.7684243 0.4519773 0.7684243 0.4519773 0.736377 0.4281534 0.7684243 0.4281534 0.7684243 0.4519773 0.7684243 0.4281534 0.8006138 0.4519773 0.8006138 0.4519773 0.7684243 0.4281534 0.8006138 0.4281534 0.8006138 0.476503 0.7684243 0.476503 0.7684243 0.4535617 0.8006138 0.476503 0.7684243 0.4535617 0.8006138 0.4535617 0.7684243 0.476503 0.736377 0.476503 0.736377 0.4535617 0.7684243 0.476503 0.736377 0.4535617 0.7684243 0.4535617 0.8006138 0.4519773 0.8006138 0.4281534 0.8329647 0.4519773 0.8329647 0.4519773 0.8006138 0.4281534 0.8329647 0.4281534 0.8329647 0.4519773 0.8329647 0.4281534 0.8655018 0.4519773 0.8655018 0.4519773 0.8329647 0.4281534 0.8655018 0.4281534 0.8655018 0.476503 0.8329647 0.476503 0.8329647 0.4535617 0.8329647 0.4535617 0.8655018 0.4535617 0.8655018 0.476503 0.8329647 0.476503 0.8006138 0.476503 0.8006138 0.4535617 0.8329647 0.476503 0.8006138 0.4535617 0.8329647 0.4535617 0.8655018 0.4519773 0.8982508 0.4281534 0.8982508 0.4519773 0.8982508 0.4281534 0.8655018 0.4519773 0.8655018 0.4281534 0.8982508 0.4519773 0.9312411 0.4281534 0.9312411 0.4519773 0.9312411 0.4281534 0.8982508 0.4519773 0.8982508 0.4281534 0.8982508 0.476503 0.9312411 0.4535617 0.9312411 0.476503 0.9312411 0.4535617 0.8982508 0.476503 0.8982508 0.4535617 0.8655018 0.476503 0.8982508 0.4535617 0.8982508 0.476503 0.8982508 0.4535617 0.8655018 0.476503 0.8655018 0.4535617 0.9312411 0.4519773 0.964492 0.4281534 0.964492 0.4519773 0.964492 0.4281534 0.9312411 0.4519773 0.9312411 0.4281534 0.964492 0.4519773 0.998 0.4281534 0.998 0.4519773 0.998 0.4281534 0.964492 0.4519773 0.964492 0.4281534 0.964492 0.476503 0.998 0.4535617 0.998 0.476503 0.998 0.4535617 0.964492 0.476503 0.964492 0.4535617 0.9312411 0.476503 0.964492 0.4535617 0.964492 0.476503 0.964492 0.4535617 0.9312411 0.476503 0.9312411 0.4535617 0.001999974 0.4519773 0.001999974 0.4281534 0.03283888 0.4519773 0.03283888 0.4519773 0.001999974 0.4281534 0.03283888 0.4281534 0.03283888 0.4519773 0.03283888 0.4281534 0.06342297 0.4519773 0.06342297 0.4519773 0.03283888 0.4281534 0.06342297 0.4281534 0.06342297 0.476503 0.03283888 0.476503 0.03283888 0.4535617 0.06342297 0.476503 0.03283888 0.4535617 0.06342297 0.4535617 0.03283888 0.476503 0.001999974 0.476503 0.001999974 0.4535617 0.03283888 0.476503 0.001999974 0.4535617 0.03283888 0.4535617 0.06342297 0.4519773 0.06342297 0.4281534 0.09381163 0.4519773 0.09381163 0.4519773 0.06342297 0.4281534 0.09381163 0.4281534 0.09381163 0.4519773 0.09381163 0.4281534 0.1240255 0.4519773 0.1240255 0.4519773 0.09381163 0.4281534 0.1240255 0.4281534 0.1240255 0.476503 0.09381163 0.476503 0.09381163 0.4535617 0.09381163 0.4535617 0.1240255 0.4535617 0.1240255 0.476503 0.09381163 0.476503 0.06342297 0.476503 0.06342297 0.4535617 0.09381163 0.476503 0.06342297 0.4535617 0.09381163 0.4535617 0.1240255 0.4519773 0.1540407 0.4281534 0.1540407 0.4519773 0.1540407 0.4281534 0.1240255 0.4519773 0.1240255 0.4281534 0.1540407 0.4519773 0.1836637 0.4281534 0.1836637 0.4519773 0.1836637 0.4281534 0.1540407 0.4519773 0.1540407 0.4281534 0.1540407 0.476503 0.1836637 0.4535617 0.1836637 0.476503 0.1836637 0.4535617 0.1540407 0.476503 0.1540407 0.4535617 0.1240255 0.476503 0.1540407 0.4535617 0.1540407 0.476503 0.1540407 0.4535617 0.1240255 0.476503 0.1240255 0.4535617 0.1836637 0.4519773 0.2130552 0.4281534 0.2130552 0.4519773 0.2130552 0.4281534 0.1836637 0.4519773 0.1836637 0.4281534 0.2130552 0.4519773 0.2425491 0.4281534 0.2425491 0.4519773 0.2425491 0.4281534 0.2130552 0.4519773 0.2130552 0.4281534 0.2130552 0.476503 0.2425491 0.4535617 0.2425491 0.476503 0.2425491 0.4535617 0.2130552 0.476503 0.2130552 0.4535617 0.1836637 0.476503 0.2130552 0.4535617 0.2130552 0.476503 0.2130552 0.4535617 0.1836637 0.476503 0.1836637 0.4535617 0.1913434 0.5344809 0.219573 0.556155 0.1913434 0.556155 0.219573 0.556155 0.1913434 0.5344809 0.219573 0.5344809 0.219573 0.5344809 0.2490376 0.556155 0.219573 0.556155 0.2490376 0.556155 0.219573 0.5344809 0.2490376 0.5344809 0.2490376 0.5344809 0.2795425 0.556155 0.2490376 0.556155 0.2795425 0.556155 0.2490376 0.5344809 0.2795425 0.5344809 0.2795425 0.5344809 0.3109015 0.556155 0.2795425 0.556155 0.3109015 0.556155 0.2795425 0.5344809 0.3109015 0.5344809 0.3429379 0.5344809 0.3109015 0.556155 0.3109015 0.5344809 0.3109015 0.556155 0.3429379 0.5344809 0.3429379 0.556155 0.3754767 0.5344809 0.3429379 0.556155 0.3429379 0.5344809 0.3429379 0.556155 0.3754767 0.5344809 0.3754767 0.556155 0.4083497 0.5344809 0.3754767 0.556155 0.3754767 0.5344809 0.3754767 0.556155 0.4083497 0.5344809 0.4083497 0.556155 0.4413876 0.5344809 0.4083497 0.556155 0.4083497 0.5344809 0.4083497 0.556155 0.4413876 0.5344809 0.4413876 0.556155 0.4413876 0.5344809 0.4744254 0.556155 0.4413876 0.556155 0.4744254 0.556155 0.4413876 0.5344809 0.4744254 0.5344809 0.4744254 0.5344809 0.5072959 0.556155 0.4744254 0.556155 0.5072959 0.556155 0.4744254 0.5344809 0.5072959 0.5344809 0.5072959 0.5344809 0.5398329 0.556155 0.5072959 0.556155 0.5398329 0.556155 0.5072959 0.5344809 0.5398329 0.5344809 0.5398329 0.5344809 0.5718655 0.556155 0.5398329 0.556155 0.5718655 0.556155 0.5398329 0.5344809 0.5718655 0.5344809 0.6032206 0.5344809 0.5718655 0.556155 0.5718655 0.5344809 0.5718655 0.556155 0.6032206 0.5344809 0.6032206 0.556155 0.6337189 0.5344809 0.6032206 0.556155 0.6032206 0.5344809 0.6032206 0.556155 0.6337189 0.5344809 0.6337189 0.556155 0.6631762 0.5344809 0.6337189 0.556155 0.6337189 0.5344809 0.6337189 0.556155 0.6631762 0.5344809 0.6631762 0.556155 0.6913946 0.5344809 0.6631762 0.556155 0.6631762 0.5344809 0.6631762 0.556155 0.6913946 0.5344809 0.6913946 0.556155 0.6913946 0.5344809 0.7180197 0.556155 0.6913946 0.556155 0.7180197 0.556155 0.6913946 0.5344809 0.7180197 0.5344809 0.7180197 0.5344809 0.7434141 0.556155 0.7180197 0.556155 0.7434141 0.556155 0.7180197 0.5344809 0.7434141 0.5344809 0.7434141 0.5344809 0.7677803 0.556155 0.7434141 0.556155 0.7677803 0.556155 0.7434141 0.5344809 0.7677803 0.5344809 0.7677803 0.5344809 0.7913058 0.556155 0.7677803 0.556155 0.7913058 0.556155 0.7677803 0.5344809 0.7913058 0.5344809 0.8141729 0.5344809 0.7913058 0.556155 0.7913058 0.5344809 0.7913058 0.556155 0.8141729 0.5344809 0.8141729 0.556155 0.8365609 0.5344809 0.8141729 0.556155 0.8141729 0.5344809 0.8141729 0.556155 0.8365609 0.5344809 0.8365609 0.556155 0.8586703 0.5344809 0.8365609 0.556155 0.8365609 0.5344809 0.8365609 0.556155 0.8586703 0.5344809 0.8586703 0.556155 0.880809 0.5344809 0.8586703 0.556155 0.8586703 0.5344809 0.8586703 0.556155 0.880809 0.5344809 0.880809 0.556155 0.001999974 0.5344809 0.02408331 0.556155 0.001999974 0.556155 0.02408331 0.556155 0.001999974 0.5344809 0.02408331 0.5344809 0.02408331 0.5344809 0.04616862 0.556155 0.02408331 0.556155 0.04616862 0.556155 0.02408331 0.5344809 0.04616862 0.5344809 0.04616862 0.5344809 0.06854408 0.556155 0.04616862 0.556155 0.06854408 0.556155 0.04616862 0.5344809 0.06854408 0.5344809 0.06854408 0.5344809 0.09140539 0.556155 0.06854408 0.556155 0.09140539 0.556155 0.06854408 0.5344809 0.09140539 0.5344809 0.1149312 0.5344809 0.09140539 0.556155 0.09140539 0.5344809 0.09140539 0.556155 0.1149312 0.5344809 0.1149312 0.556155 0.1393021 0.5344809 0.1149312 0.556155 0.1149312 0.5344809 0.1149312 0.556155 0.1393021 0.5344809 0.1393021 0.556155 0.1647067 0.5344809 0.1393021 0.556155 0.1393021 0.5344809 0.1393021 0.556155 0.1647067 0.5344809 0.1647067 0.556155 0.1913434 0.5344809 0.1647067 0.556155 0.1647067 0.5344809 0.1647067 0.556155 0.1913434 0.5344809 0.1913434 0.556155 0.6896153 0.5115417 0.6566697 0.5115417 0.6896153 0.4910191 0.6566697 0.5115417 0.6566697 0.4910191 0.6896153 0.4910191 0.7215443 0.5115417 0.6896153 0.5115417 0.7215443 0.4910191 0.6896153 0.5115417 0.6896153 0.4910191 0.7215443 0.4910191 0.6228963 0.5115417 0.5884782 0.5115417 0.6228963 0.4910191 0.5884782 0.5115417 0.5884782 0.4910191 0.6228963 0.4910191 0.6566697 0.5115417 0.6228963 0.5115417 0.6566697 0.4910191 0.6228963 0.5115417 0.6228963 0.4910191 0.6566697 0.4910191 0.553596 0.5115417 0.518427 0.4910191 0.553596 0.4910191 0.518427 0.4910191 0.553596 0.5115417 0.518427 0.5115417 0.553596 0.4910191 0.5884782 0.5115417 0.553596 0.5115417 0.5884782 0.5115417 0.553596 0.4910191 0.5884782 0.4910191 0.4831475 0.5115417 0.4479321 0.4910191 0.4831475 0.4910191 0.4479321 0.4910191 0.4831475 0.5115417 0.4479321 0.5115417 0.518427 0.5115417 0.4831475 0.4910191 0.518427 0.4910191 0.4831475 0.4910191 0.518427 0.5115417 0.4831475 0.5115417 0.412959 0.5115417 0.3784061 0.5115417 0.412959 0.4910191 0.3784061 0.5115417 0.3784061 0.4910191 0.412959 0.4910191 0.4479321 0.5115417 0.412959 0.5115417 0.4479321 0.4910191 0.412959 0.5115417 0.412959 0.4910191 0.4479321 0.4910191 0.3444579 0.5115417 0.3113006 0.5115417 0.3444579 0.4910191 0.3113006 0.5115417 0.3113006 0.4910191 0.3444579 0.4910191 0.3784061 0.5115417 0.3444579 0.5115417 0.3784061 0.4910191 0.3444579 0.5115417 0.3444579 0.4910191 0.3784061 0.4910191 0.2791302 0.5115417 0.2481462 0.4910191 0.2791302 0.4910191 0.2481462 0.4910191 0.2791302 0.5115417 0.2481462 0.5115417 0.2791302 0.4910191 0.3113006 0.5115417 0.2791302 0.5115417 0.3113006 0.5115417 0.2791302 0.4910191 0.3113006 0.4910191 0.2185686 0.5115417 0.1907626 0.4910191 0.2185686 0.4910191 0.1907626 0.4910191 0.2185686 0.5115417 0.1907626 0.5115417 0.2481462 0.5115417 0.2185686 0.4910191 0.2481462 0.4910191 0.2185686 0.4910191 0.2481462 0.5115417 0.2185686 0.5115417 0.1644264 0.5115417 0.1390993 0.5115417 0.1644264 0.4910191 0.1390993 0.5115417 0.1390993 0.4910191 0.1644264 0.4910191 0.1907626 0.5115417 0.1644264 0.5115417 0.1907626 0.4910191 0.1644264 0.5115417 0.1644264 0.4910191 0.1907626 0.4910191 0.1148489 0.5115417 0.09140443 0.5115417 0.1148489 0.4910191 0.09140443 0.5115417 0.09140443 0.4910191 0.1148489 0.4910191 0.1390993 0.5115417 0.1148489 0.5115417 0.1390993 0.4910191 0.1148489 0.5115417 0.1148489 0.4910191 0.1390993 0.4910191 0.06858944 0.5115417 0.0462259 0.4910191 0.06858944 0.4910191 0.0462259 0.4910191 0.06858944 0.5115417 0.0462259 0.5115417 0.06858944 0.4910191 0.09140443 0.5115417 0.06858944 0.5115417 0.09140443 0.5115417 0.06858944 0.4910191 0.09140443 0.4910191 0.02412027 0.5115417 0.001999974 0.4910191 0.02412027 0.4910191 0.001999974 0.4910191 0.02412027 0.5115417 0.001999974 0.5115417 0.0462259 0.5115417 0.02412027 0.4910191 0.0462259 0.4910191 0.02412027 0.4910191 0.0462259 0.5115417 0.02412027 0.5115417 0.9128665 0.5115417 0.887722 0.5115417 0.9128665 0.4910191 0.887722 0.5115417 0.887722 0.4910191 0.9128665 0.4910191 0.9380246 0.5115417 0.9128665 0.5115417 0.9380246 0.4910191 0.9128665 0.5115417 0.9128665 0.4910191 0.9380246 0.4910191 0.8622217 0.5115417 0.8361334 0.5115417 0.8622217 0.4910191 0.8361334 0.5115417 0.8361334 0.4910191 0.8622217 0.4910191 0.887722 0.5115417 0.8622217 0.5115417 0.887722 0.4910191 0.8622217 0.5115417 0.8622217 0.4910191 0.887722 0.4910191 0.8092519 0.5115417 0.7813675 0.4910191 0.8092519 0.4910191 0.7813675 0.4910191 0.8092519 0.5115417 0.7813675 0.5115417 0.8092519 0.4910191 0.8361334 0.5115417 0.8092519 0.5115417 0.8361334 0.5115417 0.8092519 0.4910191 0.8361334 0.4910191 0.7522568 0.5115417 0.7215443 0.4910191 0.7522568 0.4910191 0.7215443 0.4910191 0.7522568 0.5115417 0.7215443 0.5115417 0.7813675 0.5115417 0.7522568 0.4910191 0.7813675 0.4910191 0.7522568 0.4910191 0.7813675 0.5115417 0.7522568 0.5115417 0.1913434 0.556155 0.219573 0.5653111 0.1913434 0.5653111 0.219573 0.5653111 0.1913434 0.556155 0.219573 0.556155 0.219573 0.5653111 0.2490376 0.556155 0.2490376 0.5653111 0.2490376 0.556155 0.219573 0.5653111 0.219573 0.556155 0.2490376 0.556155 0.2795425 0.5653111 0.2490376 0.5653111 0.2795425 0.5653111 0.2490376 0.556155 0.2795425 0.556155 0.2795425 0.5653111 0.3109015 0.556155 0.3109015 0.5653111 0.3109015 0.556155 0.2795425 0.5653111 0.2795425 0.556155 0.3109015 0.556155 0.3429379 0.556155 0.3429379 0.5653111 0.3429379 0.5653111 0.3109015 0.5653111 0.3109015 0.556155 0.3754767 0.556155 0.3429379 0.5653111 0.3429379 0.556155 0.3429379 0.5653111 0.3754767 0.556155 0.3754767 0.5653111 0.3754767 0.556155 0.4083497 0.556155 0.4083497 0.5653111 0.4083497 0.5653111 0.3754767 0.5653111 0.3754767 0.556155 0.4413876 0.556155 0.4083497 0.5653111 0.4083497 0.556155 0.4083497 0.5653111 0.4413876 0.556155 0.4413876 0.5653111 0.4413876 0.556155 0.4744254 0.556155 0.4744254 0.5653111 0.4413876 0.556155 0.4744254 0.5653111 0.4413876 0.5653111 0.5072959 0.556155 0.4744254 0.5653111 0.4744254 0.556155 0.4744254 0.5653111 0.5072959 0.556155 0.5072959 0.5653111 0.5072959 0.556155 0.5398329 0.5653111 0.5072959 0.5653111 0.5398329 0.5653111 0.5072959 0.556155 0.5398329 0.556155 0.5398329 0.5653111 0.5718655 0.556155 0.5718655 0.5653111 0.5718655 0.556155 0.5398329 0.5653111 0.5398329 0.556155 0.5718655 0.556155 0.6032206 0.5653111 0.5718655 0.5653111 0.6032206 0.5653111 0.5718655 0.556155 0.6032206 0.556155 0.6032206 0.5653111 0.6337189 0.556155 0.6337189 0.5653111 0.6337189 0.556155 0.6032206 0.5653111 0.6032206 0.556155 0.6631762 0.5653111 0.6337189 0.5653111 0.6337189 0.556155 0.6631762 0.5653111 0.6337189 0.556155 0.6631762 0.556155 0.6913946 0.556155 0.6631762 0.5653111 0.6631762 0.556155 0.6631762 0.5653111 0.6913946 0.556155 0.6913946 0.5653111 0.6913946 0.556155 0.7180197 0.556155 0.7180197 0.5653111 0.7180197 0.5653111 0.6913946 0.5653111 0.6913946 0.556155 0.7434141 0.556155 0.7180197 0.5653111 0.7180197 0.556155 0.7180197 0.5653111 0.7434141 0.556155 0.7434141 0.5653111 0.7434141 0.556155 0.7677803 0.556155 0.7677803 0.5653111 0.7434141 0.556155 0.7677803 0.5653111 0.7434141 0.5653111 0.7913058 0.556155 0.7677803 0.5653111 0.7677803 0.556155 0.7677803 0.5653111 0.7913058 0.556155 0.7913058 0.5653111 0.8141729 0.5653111 0.7913058 0.556155 0.8141729 0.556155 0.7913058 0.556155 0.8141729 0.5653111 0.7913058 0.5653111 0.8141729 0.5653111 0.8365609 0.556155 0.8365609 0.5653111 0.8365609 0.556155 0.8141729 0.5653111 0.8141729 0.556155 0.8365609 0.556155 0.8586703 0.5653111 0.8365609 0.5653111 0.8586703 0.5653111 0.8365609 0.556155 0.8586703 0.556155 0.8586703 0.5653111 0.880809 0.556155 0.880809 0.5653111 0.880809 0.556155 0.8586703 0.5653111 0.8586703 0.556155 0.02408331 0.5653111 0.001999974 0.5653111 0.001999974 0.556155 0.02408331 0.5653111 0.001999974 0.556155 0.02408331 0.556155 0.02408331 0.5653111 0.04616862 0.556155 0.04616862 0.5653111 0.04616862 0.556155 0.02408331 0.5653111 0.02408331 0.556155 0.04616862 0.556155 0.06854408 0.556155 0.06854408 0.5653111 0.06854408 0.5653111 0.04616862 0.5653111 0.04616862 0.556155 0.09140539 0.556155 0.06854408 0.5653111 0.06854408 0.556155 0.06854408 0.5653111 0.09140539 0.556155 0.09140539 0.5653111 0.09140539 0.556155 0.1149312 0.556155 0.1149312 0.5653111 0.1149312 0.5653111 0.09140539 0.5653111 0.09140539 0.556155 0.1393021 0.556155 0.1149312 0.5653111 0.1149312 0.556155 0.1149312 0.5653111 0.1393021 0.556155 0.1393021 0.5653111 0.1647067 0.5653111 0.1393021 0.556155 0.1647067 0.556155 0.1393021 0.556155 0.1647067 0.5653111 0.1393021 0.5653111 0.1913434 0.556155 0.1647067 0.5653111 0.1647067 0.556155 0.1647067 0.5653111 0.1913434 0.556155 0.1913434 0.5653111 0.6896153 0.5199648 0.6566697 0.5115417 0.6896153 0.5115417 0.6566697 0.5115417 0.6896153 0.5199648 0.6566697 0.5199648 0.7215443 0.5115417 0.6896153 0.5199648 0.6896153 0.5115417 0.6896153 0.5199648 0.7215443 0.5115417 0.7215443 0.5199648 0.5884782 0.5115417 0.6228963 0.5115417 0.6228963 0.5199648 0.6228963 0.5199648 0.5884782 0.5199648 0.5884782 0.5115417 0.6566697 0.5115417 0.6228963 0.5199648 0.6228963 0.5115417 0.6228963 0.5199648 0.6566697 0.5115417 0.6566697 0.5199648 0.518427 0.5115417 0.553596 0.5115417 0.553596 0.5199648 0.553596 0.5199648 0.518427 0.5199648 0.518427 0.5115417 0.5884782 0.5115417 0.553596 0.5199648 0.553596 0.5115417 0.553596 0.5199648 0.5884782 0.5115417 0.5884782 0.5199648 0.4831475 0.5199648 0.4479321 0.5199648 0.4479321 0.5115417 0.4831475 0.5199648 0.4479321 0.5115417 0.4831475 0.5115417 0.4831475 0.5199648 0.518427 0.5115417 0.518427 0.5199648 0.518427 0.5115417 0.4831475 0.5199648 0.4831475 0.5115417 0.3784061 0.5115417 0.412959 0.5199648 0.3784061 0.5199648 0.412959 0.5199648 0.3784061 0.5115417 0.412959 0.5115417 0.412959 0.5199648 0.4479321 0.5115417 0.4479321 0.5199648 0.4479321 0.5115417 0.412959 0.5199648 0.412959 0.5115417 0.3444579 0.5199648 0.3113006 0.5115417 0.3444579 0.5115417 0.3113006 0.5115417 0.3444579 0.5199648 0.3113006 0.5199648 0.3444579 0.5199648 0.3784061 0.5115417 0.3784061 0.5199648 0.3784061 0.5115417 0.3444579 0.5199648 0.3444579 0.5115417 0.2481462 0.5115417 0.2791302 0.5115417 0.2791302 0.5199648 0.2481462 0.5115417 0.2791302 0.5199648 0.2481462 0.5199648 0.3113006 0.5115417 0.2791302 0.5199648 0.2791302 0.5115417 0.2791302 0.5199648 0.3113006 0.5115417 0.3113006 0.5199648 0.1907626 0.5115417 0.2185686 0.5115417 0.2185686 0.5199648 0.2185686 0.5199648 0.1907626 0.5199648 0.1907626 0.5115417 0.2481462 0.5115417 0.2185686 0.5199648 0.2185686 0.5115417 0.2185686 0.5199648 0.2481462 0.5115417 0.2481462 0.5199648 0.1644264 0.5199648 0.1390993 0.5199648 0.1390993 0.5115417 0.1644264 0.5199648 0.1390993 0.5115417 0.1644264 0.5115417 0.1907626 0.5115417 0.1644264 0.5199648 0.1644264 0.5115417 0.1644264 0.5199648 0.1907626 0.5115417 0.1907626 0.5199648 0.09140443 0.5115417 0.1148489 0.5199648 0.09140443 0.5199648 0.1148489 0.5199648 0.09140443 0.5115417 0.1148489 0.5115417 0.1148489 0.5199648 0.1390993 0.5115417 0.1390993 0.5199648 0.1390993 0.5115417 0.1148489 0.5199648 0.1148489 0.5115417 0.0462259 0.5115417 0.06858944 0.5199648 0.0462259 0.5199648 0.06858944 0.5199648 0.0462259 0.5115417 0.06858944 0.5115417 0.06858944 0.5199648 0.09140443 0.5115417 0.09140443 0.5199648 0.09140443 0.5115417 0.06858944 0.5199648 0.06858944 0.5115417 0.001999974 0.5115417 0.02412027 0.5115417 0.02412027 0.5199648 0.001999974 0.5115417 0.02412027 0.5199648 0.001999974 0.5199648 0.0462259 0.5115417 0.02412027 0.5199648 0.02412027 0.5115417 0.02412027 0.5199648 0.0462259 0.5115417 0.0462259 0.5199648 0.887722 0.5115417 0.9128665 0.5115417 0.9128665 0.5199648 0.9128665 0.5199648 0.887722 0.5199648 0.887722 0.5115417 0.9380246 0.5115417 0.9128665 0.5199648 0.9128665 0.5115417 0.9128665 0.5199648 0.9380246 0.5115417 0.9380246 0.5199648 0.8361334 0.5115417 0.8622217 0.5115417 0.8622217 0.5199648 0.8622217 0.5199648 0.8361334 0.5199648 0.8361334 0.5115417 0.887722 0.5115417 0.8622217 0.5199648 0.8622217 0.5115417 0.8622217 0.5199648 0.887722 0.5115417 0.887722 0.5199648 0.7813675 0.5115417 0.8092519 0.5199648 0.7813675 0.5199648 0.8092519 0.5199648 0.7813675 0.5115417 0.8092519 0.5115417 0.8092519 0.5199648 0.8361334 0.5115417 0.8361334 0.5199648 0.8361334 0.5115417 0.8092519 0.5199648 0.8092519 0.5115417 0.7215443 0.5115417 0.7522568 0.5199648 0.7215443 0.5199648 0.7522568 0.5199648 0.7215443 0.5115417 0.7522568 0.5115417 0.7522568 0.5199648 0.7813675 0.5115417 0.7813675 0.5199648 0.7813675 0.5115417 0.7522568 0.5199648 0.7522568 0.5115417 0.2721524 0.02739083 0.2425491 0.02739083 0.2425491 0.02573752 0.2425491 0.02573752 0.2721524 0.02573752 0.2721524 0.02739083 0.2721524 0.02739083 0.3018742 0.02573752 0.3018742 0.02739083 0.3018742 0.02573752 0.2721524 0.02739083 0.2721524 0.02573752 0.3317266 0.02739083 0.3018742 0.02739083 0.3018742 0.02573752 0.3317266 0.02739083 0.3018742 0.02573752 0.3317266 0.02573752 0.3317266 0.02739083 0.3617264 0.02573752 0.3617264 0.02739083 0.3617264 0.02573752 0.3317266 0.02739083 0.3317266 0.02573752 0.3617264 0.02573752 0.3918935 0.02739083 0.3617264 0.02739083 0.3918935 0.02739083 0.3617264 0.02573752 0.3918935 0.02573752 0.4223206 0.02573752 0.3918935 0.02739083 0.3918935 0.02573752 0.3918935 0.02739083 0.4223206 0.02573752 0.4223206 0.02739083 0.4530329 0.02739083 0.4223206 0.02573752 0.4530329 0.02573752 0.4223206 0.02573752 0.4530329 0.02739083 0.4223206 0.02739083 0.4840739 0.02573752 0.4530329 0.02739083 0.4530329 0.02573752 0.4530329 0.02739083 0.4840739 0.02573752 0.4840739 0.02739083 0.5152459 0.02739083 0.4840739 0.02739083 0.4840739 0.02573752 0.4840739 0.02573752 0.5152459 0.02573752 0.5152459 0.02739083 0.5152459 0.02739083 0.5465337 0.02573752 0.5465337 0.02739083 0.5465337 0.02573752 0.5152459 0.02739083 0.5152459 0.02573752 0.5779156 0.02739083 0.5465337 0.02739083 0.5465337 0.02573752 0.5465337 0.02573752 0.5779156 0.02573752 0.5779156 0.02739083 0.5779156 0.02739083 0.6094009 0.02573752 0.6094009 0.02739083 0.6094009 0.02573752 0.5779156 0.02739083 0.5779156 0.02573752 0.6409898 0.02739083 0.6094009 0.02739083 0.6094009 0.02573752 0.6409898 0.02739083 0.6094009 0.02573752 0.6409898 0.02573752 0.6409898 0.02739083 0.672677 0.02573752 0.672677 0.02739083 0.672677 0.02573752 0.6409898 0.02739083 0.6409898 0.02573752 0.7044689 0.02739083 0.672677 0.02739083 0.672677 0.02573752 0.7044689 0.02739083 0.672677 0.02573752 0.7044689 0.02573752 0.7044689 0.02739083 0.736377 0.02573752 0.736377 0.02739083 0.736377 0.02573752 0.7044689 0.02739083 0.7044689 0.02573752 0.7684243 0.02739083 0.736377 0.02573752 0.7684243 0.02573752 0.736377 0.02573752 0.7684243 0.02739083 0.736377 0.02739083 0.8006138 0.02573752 0.7684243 0.02739083 0.7684243 0.02573752 0.7684243 0.02739083 0.8006138 0.02573752 0.8006138 0.02739083 0.8329647 0.02739083 0.8006138 0.02573752 0.8329647 0.02573752 0.8006138 0.02573752 0.8329647 0.02739083 0.8006138 0.02739083 0.8329647 0.02739083 0.8655018 0.02573752 0.8655018 0.02739083 0.8655018 0.02573752 0.8329647 0.02739083 0.8329647 0.02573752 0.8982508 0.02739083 0.8655018 0.02739083 0.8655018 0.02573752 0.8655018 0.02573752 0.8982508 0.02573752 0.8982508 0.02739083 0.8982508 0.02739083 0.9312411 0.02573752 0.9312411 0.02739083 0.9312411 0.02573752 0.8982508 0.02739083 0.8982508 0.02573752 0.964492 0.02739083 0.9312411 0.02739083 0.9312411 0.02573752 0.964492 0.02739083 0.9312411 0.02573752 0.964492 0.02573752 0.964492 0.02739083 0.998 0.02573752 0.998 0.02739083 0.998 0.02573752 0.964492 0.02739083 0.964492 0.02573752 0.03283888 0.02739083 0.001999974 0.02739083 0.001999974 0.02573752 0.03283888 0.02739083 0.001999974 0.02573752 0.03283888 0.02573752 0.03283888 0.02739083 0.06342297 0.02573752 0.06342297 0.02739083 0.06342297 0.02573752 0.03283888 0.02739083 0.03283888 0.02573752 0.06342297 0.02573752 0.09381163 0.02739083 0.06342297 0.02739083 0.09381163 0.02739083 0.06342297 0.02573752 0.09381163 0.02573752 0.1240255 0.02573752 0.09381163 0.02739083 0.09381163 0.02573752 0.09381163 0.02739083 0.1240255 0.02573752 0.1240255 0.02739083 0.1540407 0.02739083 0.1240255 0.02573752 0.1540407 0.02573752 0.1240255 0.02573752 0.1540407 0.02739083 0.1240255 0.02739083 0.1836637 0.02573752 0.1540407 0.02739083 0.1540407 0.02573752 0.1540407 0.02739083 0.1836637 0.02573752 0.1836637 0.02739083 0.2130552 0.02739083 0.1836637 0.02739083 0.1836637 0.02573752 0.1836637 0.02573752 0.2130552 0.02573752 0.2130552 0.02739083 0.2130552 0.02739083 0.2425491 0.02573752 0.2425491 0.02739083 0.2425491 0.02573752 0.2130552 0.02739083 0.2130552 0.02573752 0.2721524 0.05187165 0.3018742 0.05187165 0.3018742 0.05344361 0.3018742 0.05344361 0.2721524 0.05344361 0.2721524 0.05187165 0.2721524 0.05187165 0.2425491 0.05344361 0.2425491 0.05187165 0.2425491 0.05344361 0.2721524 0.05187165 0.2721524 0.05344361 0.2130552 0.05187165 0.2425491 0.05187165 0.2425491 0.05344361 0.2425491 0.05344361 0.2130552 0.05344361 0.2130552 0.05187165 0.2130552 0.05187165 0.1836637 0.05344361 0.1836637 0.05187165 0.1836637 0.05344361 0.2130552 0.05187165 0.2130552 0.05344361 0.1540407 0.05187165 0.1836637 0.05187165 0.1836637 0.05344361 0.1540407 0.05187165 0.1836637 0.05344361 0.1540407 0.05344361 0.1540407 0.05187165 0.1240255 0.05344361 0.1240255 0.05187165 0.1240255 0.05344361 0.1540407 0.05187165 0.1540407 0.05344361 0.1240255 0.05344361 0.09381163 0.05187165 0.1240255 0.05187165 0.09381163 0.05187165 0.1240255 0.05344361 0.09381163 0.05344361 0.06342297 0.05344361 0.09381163 0.05187165 0.09381163 0.05344361 0.09381163 0.05187165 0.06342297 0.05344361 0.06342297 0.05187165 0.03283888 0.05187165 0.06342297 0.05344361 0.03283888 0.05344361 0.06342297 0.05344361 0.03283888 0.05187165 0.06342297 0.05187165 0.001999974 0.05344361 0.03283888 0.05187165 0.03283888 0.05344361 0.03283888 0.05187165 0.001999974 0.05344361 0.001999974 0.05187165 0.964492 0.05187165 0.998 0.05187165 0.998 0.05344361 0.998 0.05344361 0.964492 0.05344361 0.964492 0.05187165 0.964492 0.05187165 0.9312411 0.05344361 0.9312411 0.05187165 0.9312411 0.05344361 0.964492 0.05187165 0.964492 0.05344361 0.8982508 0.05187165 0.9312411 0.05187165 0.9312411 0.05344361 0.9312411 0.05344361 0.8982508 0.05344361 0.8982508 0.05187165 0.8982508 0.05187165 0.8655018 0.05344361 0.8655018 0.05187165 0.8655018 0.05344361 0.8982508 0.05187165 0.8982508 0.05344361 0.8329647 0.05187165 0.8655018 0.05187165 0.8655018 0.05344361 0.8329647 0.05187165 0.8655018 0.05344361 0.8329647 0.05344361 0.8329647 0.05187165 0.8006138 0.05344361 0.8006138 0.05187165 0.8006138 0.05344361 0.8329647 0.05187165 0.8329647 0.05344361 0.7684243 0.05187165 0.8006138 0.05187165 0.8006138 0.05344361 0.7684243 0.05187165 0.8006138 0.05344361 0.7684243 0.05344361 0.7684243 0.05187165 0.736377 0.05344361 0.736377 0.05187165 0.736377 0.05344361 0.7684243 0.05187165 0.7684243 0.05344361 0.7044689 0.05187165 0.736377 0.05344361 0.7044689 0.05344361 0.736377 0.05344361 0.7044689 0.05187165 0.736377 0.05187165 0.672677 0.05344361 0.7044689 0.05187165 0.7044689 0.05344361 0.7044689 0.05187165 0.672677 0.05344361 0.672677 0.05187165 0.6409898 0.05187165 0.672677 0.05344361 0.6409898 0.05344361 0.672677 0.05344361 0.6409898 0.05187165 0.672677 0.05187165 0.6409898 0.05187165 0.6094009 0.05344361 0.6094009 0.05187165 0.6094009 0.05344361 0.6409898 0.05187165 0.6409898 0.05344361 0.5779156 0.05187165 0.6094009 0.05187165 0.6094009 0.05344361 0.6094009 0.05344361 0.5779156 0.05344361 0.5779156 0.05187165 0.5779156 0.05187165 0.5465337 0.05344361 0.5465337 0.05187165 0.5465337 0.05344361 0.5779156 0.05187165 0.5779156 0.05344361 0.5152459 0.05187165 0.5465337 0.05187165 0.5465337 0.05344361 0.5152459 0.05187165 0.5465337 0.05344361 0.5152459 0.05344361 0.5152459 0.05187165 0.4840739 0.05344361 0.4840739 0.05187165 0.4840739 0.05344361 0.5152459 0.05187165 0.5152459 0.05344361 0.4530329 0.05187165 0.4840739 0.05187165 0.4840739 0.05344361 0.4530329 0.05187165 0.4840739 0.05344361 0.4530329 0.05344361 0.4530329 0.05187165 0.4223206 0.05344361 0.4223206 0.05187165 0.4223206 0.05344361 0.4530329 0.05187165 0.4530329 0.05344361 0.4223206 0.05344361 0.3918935 0.05187165 0.4223206 0.05187165 0.3918935 0.05187165 0.4223206 0.05344361 0.3918935 0.05344361 0.3617264 0.05344361 0.3918935 0.05187165 0.3918935 0.05344361 0.3918935 0.05187165 0.3617264 0.05344361 0.3617264 0.05187165 0.3317266 0.05187165 0.3617264 0.05344361 0.3317266 0.05344361 0.3617264 0.05344361 0.3317266 0.05187165 0.3617264 0.05187165 0.3018742 0.05344361 0.3317266 0.05187165 0.3317266 0.05344361 0.3317266 0.05187165 0.3018742 0.05344361 0.3018742 0.05187165 0.2721524 0.08057004 0.2425491 0.08057004 0.2425491 0.07901245 0.2425491 0.07901245 0.2721524 0.07901245 0.2721524 0.08057004 0.2721524 0.08057004 0.3018742 0.07901245 0.3018742 0.08057004 0.3018742 0.07901245 0.2721524 0.08057004 0.2721524 0.07901245 0.3317266 0.08057004 0.3018742 0.08057004 0.3018742 0.07901245 0.3317266 0.08057004 0.3018742 0.07901245 0.3317266 0.07901245 0.3317266 0.08057004 0.3617264 0.07901245 0.3617264 0.08057004 0.3617264 0.07901245 0.3317266 0.08057004 0.3317266 0.07901245 0.3617264 0.07901245 0.3918935 0.08057004 0.3617264 0.08057004 0.3918935 0.08057004 0.3617264 0.07901245 0.3918935 0.07901245 0.4223206 0.07901245 0.3918935 0.08057004 0.3918935 0.07901245 0.3918935 0.08057004 0.4223206 0.07901245 0.4223206 0.08057004 0.4530329 0.08057004 0.4223206 0.07901245 0.4530329 0.07901245 0.4223206 0.07901245 0.4530329 0.08057004 0.4223206 0.08057004 0.4840739 0.07901245 0.4530329 0.08057004 0.4530329 0.07901245 0.4530329 0.08057004 0.4840739 0.07901245 0.4840739 0.08057004 0.5152459 0.08057004 0.4840739 0.08057004 0.4840739 0.07901245 0.4840739 0.07901245 0.5152459 0.07901245 0.5152459 0.08057004 0.5152459 0.08057004 0.5465337 0.07901245 0.5465337 0.08057004 0.5465337 0.07901245 0.5152459 0.08057004 0.5152459 0.07901245 0.5779156 0.08057004 0.5465337 0.08057004 0.5465337 0.07901245 0.5465337 0.07901245 0.5779156 0.07901245 0.5779156 0.08057004 0.5779156 0.08057004 0.6094009 0.07901245 0.6094009 0.08057004 0.6094009 0.07901245 0.5779156 0.08057004 0.5779156 0.07901245 0.6409898 0.08057004 0.6094009 0.08057004 0.6094009 0.07901245 0.6409898 0.08057004 0.6094009 0.07901245 0.6409898 0.07901245 0.6409898 0.08057004 0.672677 0.07901245 0.672677 0.08057004 0.672677 0.07901245 0.6409898 0.08057004 0.6409898 0.07901245 0.7044689 0.08057004 0.672677 0.08057004 0.672677 0.07901245 0.7044689 0.08057004 0.672677 0.07901245 0.7044689 0.07901245 0.7044689 0.08057004 0.736377 0.07901245 0.736377 0.08057004 0.736377 0.07901245 0.7044689 0.08057004 0.7044689 0.07901245 0.7684243 0.08057004 0.736377 0.07901245 0.7684243 0.07901245 0.736377 0.07901245 0.7684243 0.08057004 0.736377 0.08057004 0.8006138 0.07901245 0.7684243 0.08057004 0.7684243 0.07901245 0.7684243 0.08057004 0.8006138 0.07901245 0.8006138 0.08057004 0.8329647 0.08057004 0.8006138 0.07901245 0.8329647 0.07901245 0.8006138 0.07901245 0.8329647 0.08057004 0.8006138 0.08057004 0.8329647 0.08057004 0.8655018 0.07901245 0.8655018 0.08057004 0.8655018 0.07901245 0.8329647 0.08057004 0.8329647 0.07901245 0.8982508 0.08057004 0.8655018 0.08057004 0.8655018 0.07901245 0.8655018 0.07901245 0.8982508 0.07901245 0.8982508 0.08057004 0.8982508 0.08057004 0.9312411 0.07901245 0.9312411 0.08057004 0.9312411 0.07901245 0.8982508 0.08057004 0.8982508 0.07901245 0.964492 0.08057004 0.9312411 0.08057004 0.9312411 0.07901245 0.964492 0.08057004 0.9312411 0.07901245 0.964492 0.07901245 0.964492 0.08057004 0.998 0.07901245 0.998 0.08057004 0.998 0.07901245 0.964492 0.08057004 0.964492 0.07901245 0.03283888 0.08057004 0.001999974 0.08057004 0.001999974 0.07901245 0.03283888 0.08057004 0.001999974 0.07901245 0.03283888 0.07901245 0.03283888 0.08057004 0.06342297 0.07901245 0.06342297 0.08057004 0.06342297 0.07901245 0.03283888 0.08057004 0.03283888 0.07901245 0.06342297 0.07901245 0.09381163 0.08057004 0.06342297 0.08057004 0.09381163 0.08057004 0.06342297 0.07901245 0.09381163 0.07901245 0.1240255 0.07901245 0.09381163 0.08057004 0.09381163 0.07901245 0.09381163 0.08057004 0.1240255 0.07901245 0.1240255 0.08057004 0.1540407 0.08057004 0.1240255 0.07901245 0.1540407 0.07901245 0.1240255 0.07901245 0.1540407 0.08057004 0.1240255 0.08057004 0.1836637 0.07901245 0.1540407 0.08057004 0.1540407 0.07901245 0.1540407 0.08057004 0.1836637 0.07901245 0.1836637 0.08057004 0.2130552 0.08057004 0.1836637 0.08057004 0.1836637 0.07901245 0.1836637 0.07901245 0.2130552 0.07901245 0.2130552 0.08057004 0.2130552 0.08057004 0.2425491 0.07901245 0.2425491 0.08057004 0.2425491 0.07901245 0.2130552 0.08057004 0.2130552 0.07901245 0.2721524 0.1078653 0.3018742 0.1078653 0.3018742 0.1094432 0.3018742 0.1094432 0.2721524 0.1094432 0.2721524 0.1078653 0.2721524 0.1078653 0.2425491 0.1094432 0.2425491 0.1078653 0.2425491 0.1094432 0.2721524 0.1078653 0.2721524 0.1094432 0.2130552 0.1078653 0.2425491 0.1078653 0.2425491 0.1094432 0.2425491 0.1094432 0.2130552 0.1094432 0.2130552 0.1078653 0.2130552 0.1078653 0.1836637 0.1094432 0.1836637 0.1078653 0.1836637 0.1094432 0.2130552 0.1078653 0.2130552 0.1094432 0.1540407 0.1078653 0.1836637 0.1078653 0.1836637 0.1094432 0.1540407 0.1078653 0.1836637 0.1094432 0.1540407 0.1094432 0.1540407 0.1078653 0.1240255 0.1094432 0.1240255 0.1078653 0.1240255 0.1094432 0.1540407 0.1078653 0.1540407 0.1094432 0.1240255 0.1094432 0.09381163 0.1078653 0.1240255 0.1078653 0.09381163 0.1078653 0.1240255 0.1094432 0.09381163 0.1094432 0.06342297 0.1094432 0.09381163 0.1078653 0.09381163 0.1094432 0.09381163 0.1078653 0.06342297 0.1094432 0.06342297 0.1078653 0.03283888 0.1078653 0.06342297 0.1094432 0.03283888 0.1094432 0.06342297 0.1094432 0.03283888 0.1078653 0.06342297 0.1078653 0.001999974 0.1094432 0.03283888 0.1078653 0.03283888 0.1094432 0.03283888 0.1078653 0.001999974 0.1094432 0.001999974 0.1078653 0.964492 0.1078653 0.998 0.1078653 0.998 0.1094432 0.998 0.1094432 0.964492 0.1094432 0.964492 0.1078653 0.964492 0.1078653 0.9312411 0.1094432 0.9312411 0.1078653 0.9312411 0.1094432 0.964492 0.1078653 0.964492 0.1094432 0.8982508 0.1078653 0.9312411 0.1078653 0.9312411 0.1094432 0.9312411 0.1094432 0.8982508 0.1094432 0.8982508 0.1078653 0.8982508 0.1078653 0.8655018 0.1094432 0.8655018 0.1078653 0.8655018 0.1094432 0.8982508 0.1078653 0.8982508 0.1094432 0.8329647 0.1078653 0.8655018 0.1078653 0.8655018 0.1094432 0.8329647 0.1078653 0.8655018 0.1094432 0.8329647 0.1094432 0.8329647 0.1078653 0.8006138 0.1094432 0.8006138 0.1078653 0.8006138 0.1094432 0.8329647 0.1078653 0.8329647 0.1094432 0.7684243 0.1078653 0.8006138 0.1078653 0.8006138 0.1094432 0.7684243 0.1078653 0.8006138 0.1094432 0.7684243 0.1094432 0.7684243 0.1078653 0.736377 0.1094432 0.736377 0.1078653 0.736377 0.1094432 0.7684243 0.1078653 0.7684243 0.1094432 0.7044689 0.1078653 0.736377 0.1094432 0.7044689 0.1094432 0.736377 0.1094432 0.7044689 0.1078653 0.736377 0.1078653 0.672677 0.1094432 0.7044689 0.1078653 0.7044689 0.1094432 0.7044689 0.1078653 0.672677 0.1094432 0.672677 0.1078653 0.6409898 0.1078653 0.672677 0.1094432 0.6409898 0.1094432 0.672677 0.1094432 0.6409898 0.1078653 0.672677 0.1078653 0.6409898 0.1078653 0.6094009 0.1094432 0.6094009 0.1078653 0.6094009 0.1094432 0.6409898 0.1078653 0.6409898 0.1094432 0.5779156 0.1078653 0.6094009 0.1078653 0.6094009 0.1094432 0.6094009 0.1094432 0.5779156 0.1094432 0.5779156 0.1078653 0.5779156 0.1078653 0.5465337 0.1094432 0.5465337 0.1078653 0.5465337 0.1094432 0.5779156 0.1078653 0.5779156 0.1094432 0.5152459 0.1078653 0.5465337 0.1078653 0.5465337 0.1094432 0.5152459 0.1078653 0.5465337 0.1094432 0.5152459 0.1094432 0.5152459 0.1078653 0.4840739 0.1094432 0.4840739 0.1078653 0.4840739 0.1094432 0.5152459 0.1078653 0.5152459 0.1094432 0.4530329 0.1078653 0.4840739 0.1078653 0.4840739 0.1094432 0.4530329 0.1078653 0.4840739 0.1094432 0.4530329 0.1094432 0.4530329 0.1078653 0.4223206 0.1094432 0.4223206 0.1078653 0.4223206 0.1094432 0.4530329 0.1078653 0.4530329 0.1094432 0.4223206 0.1094432 0.3918935 0.1078653 0.4223206 0.1078653 0.3918935 0.1078653 0.4223206 0.1094432 0.3918935 0.1094432 0.3617264 0.1094432 0.3918935 0.1078653 0.3918935 0.1094432 0.3918935 0.1078653 0.3617264 0.1094432 0.3617264 0.1078653 0.3317266 0.1078653 0.3617264 0.1094432 0.3317266 0.1094432 0.3617264 0.1094432 0.3317266 0.1078653 0.3617264 0.1078653 0.3018742 0.1094432 0.3317266 0.1078653 0.3317266 0.1094432 0.3317266 0.1078653 0.3018742 0.1094432 0.3018742 0.1078653 0.2721524 0.1399923 0.2425491 0.1399923 0.2425491 0.1384216 0.2425491 0.1384216 0.2721524 0.1384216 0.2721524 0.1399923 0.2721524 0.1399923 0.3018742 0.1384216 0.3018742 0.1399923 0.3018742 0.1384216 0.2721524 0.1399923 0.2721524 0.1384216 0.3317266 0.1399923 0.3018742 0.1399923 0.3018742 0.1384216 0.3317266 0.1399923 0.3018742 0.1384216 0.3317266 0.1384216 0.3317266 0.1399923 0.3617264 0.1384216 0.3617264 0.1399923 0.3617264 0.1384216 0.3317266 0.1399923 0.3317266 0.1384216 0.3617264 0.1384216 0.3918935 0.1399923 0.3617264 0.1399923 0.3918935 0.1399923 0.3617264 0.1384216 0.3918935 0.1384216 0.4223206 0.1384216 0.3918935 0.1399923 0.3918935 0.1384216 0.3918935 0.1399923 0.4223206 0.1384216 0.4223206 0.1399923 0.4530329 0.1399923 0.4223206 0.1384216 0.4530329 0.1384216 0.4223206 0.1384216 0.4530329 0.1399923 0.4223206 0.1399923 0.4840739 0.1384216 0.4530329 0.1399923 0.4530329 0.1384216 0.4530329 0.1399923 0.4840739 0.1384216 0.4840739 0.1399923 0.5152459 0.1399923 0.4840739 0.1399923 0.4840739 0.1384216 0.4840739 0.1384216 0.5152459 0.1384216 0.5152459 0.1399923 0.5152459 0.1399923 0.5465337 0.1384216 0.5465337 0.1399923 0.5465337 0.1384216 0.5152459 0.1399923 0.5152459 0.1384216 0.5779156 0.1399923 0.5465337 0.1399923 0.5465337 0.1384216 0.5465337 0.1384216 0.5779156 0.1384216 0.5779156 0.1399923 0.5779156 0.1399923 0.6094009 0.1384216 0.6094009 0.1399923 0.6094009 0.1384216 0.5779156 0.1399923 0.5779156 0.1384216 0.6409898 0.1399923 0.6094009 0.1399923 0.6094009 0.1384216 0.6409898 0.1399923 0.6094009 0.1384216 0.6409898 0.1384216 0.6409898 0.1399923 0.672677 0.1384216 0.672677 0.1399923 0.672677 0.1384216 0.6409898 0.1399923 0.6409898 0.1384216 0.7044689 0.1399923 0.672677 0.1399923 0.672677 0.1384216 0.7044689 0.1399923 0.672677 0.1384216 0.7044689 0.1384216 0.7044689 0.1399923 0.736377 0.1384216 0.736377 0.1399923 0.736377 0.1384216 0.7044689 0.1399923 0.7044689 0.1384216 0.7684243 0.1399923 0.736377 0.1384216 0.7684243 0.1384216 0.736377 0.1384216 0.7684243 0.1399923 0.736377 0.1399923 0.8006138 0.1384216 0.7684243 0.1399923 0.7684243 0.1384216 0.7684243 0.1399923 0.8006138 0.1384216 0.8006138 0.1399923 0.8329647 0.1399923 0.8006138 0.1384216 0.8329647 0.1384216 0.8006138 0.1384216 0.8329647 0.1399923 0.8006138 0.1399923 0.8329647 0.1399923 0.8655018 0.1384216 0.8655018 0.1399923 0.8655018 0.1384216 0.8329647 0.1399923 0.8329647 0.1384216 0.8982508 0.1399923 0.8655018 0.1399923 0.8655018 0.1384216 0.8655018 0.1384216 0.8982508 0.1384216 0.8982508 0.1399923 0.8982508 0.1399923 0.9312411 0.1384216 0.9312411 0.1399923 0.9312411 0.1384216 0.8982508 0.1399923 0.8982508 0.1384216 0.964492 0.1399923 0.9312411 0.1399923 0.9312411 0.1384216 0.964492 0.1399923 0.9312411 0.1384216 0.964492 0.1384216 0.964492 0.1399923 0.998 0.1384216 0.998 0.1399923 0.998 0.1384216 0.964492 0.1399923 0.964492 0.1384216 0.03283888 0.1399923 0.001999974 0.1399923 0.001999974 0.1384216 0.03283888 0.1399923 0.001999974 0.1384216 0.03283888 0.1384216 0.03283888 0.1399923 0.06342297 0.1384216 0.06342297 0.1399923 0.06342297 0.1384216 0.03283888 0.1399923 0.03283888 0.1384216 0.06342297 0.1384216 0.09381163 0.1399923 0.06342297 0.1399923 0.09381163 0.1399923 0.06342297 0.1384216 0.09381163 0.1384216 0.1240255 0.1384216 0.09381163 0.1399923 0.09381163 0.1384216 0.09381163 0.1399923 0.1240255 0.1384216 0.1240255 0.1399923 0.1540407 0.1399923 0.1240255 0.1384216 0.1540407 0.1384216 0.1240255 0.1384216 0.1540407 0.1399923 0.1240255 0.1399923 0.1836637 0.1384216 0.1540407 0.1399923 0.1540407 0.1384216 0.1540407 0.1399923 0.1836637 0.1384216 0.1836637 0.1399923 0.2130552 0.1399923 0.1836637 0.1399923 0.1836637 0.1384216 0.1836637 0.1384216 0.2130552 0.1384216 0.2130552 0.1399923 0.2130552 0.1399923 0.2425491 0.1384216 0.2425491 0.1399923 0.2425491 0.1384216 0.2130552 0.1399923 0.2130552 0.1384216 0.2721524 0.1699873 0.3018742 0.1699873 0.3018742 0.1715859 0.3018742 0.1715859 0.2721524 0.1715859 0.2721524 0.1699873 0.2721524 0.1699873 0.2425491 0.1715859 0.2425491 0.1699873 0.2425491 0.1715859 0.2721524 0.1699873 0.2721524 0.1715859 0.2130552 0.1699873 0.2425491 0.1699873 0.2425491 0.1715859 0.2425491 0.1715859 0.2130552 0.1715859 0.2130552 0.1699873 0.2130552 0.1699873 0.1836637 0.1715859 0.1836637 0.1699873 0.1836637 0.1715859 0.2130552 0.1699873 0.2130552 0.1715859 0.1540407 0.1699873 0.1836637 0.1699873 0.1836637 0.1715859 0.1540407 0.1699873 0.1836637 0.1715859 0.1540407 0.1715859 0.1540407 0.1699873 0.1240255 0.1715859 0.1240255 0.1699873 0.1240255 0.1715859 0.1540407 0.1699873 0.1540407 0.1715859 0.1240255 0.1715859 0.09381163 0.1699873 0.1240255 0.1699873 0.09381163 0.1699873 0.1240255 0.1715859 0.09381163 0.1715859 0.06342297 0.1715859 0.09381163 0.1699873 0.09381163 0.1715859 0.09381163 0.1699873 0.06342297 0.1715859 0.06342297 0.1699873 0.03283888 0.1699873 0.06342297 0.1715859 0.03283888 0.1715859 0.06342297 0.1715859 0.03283888 0.1699873 0.06342297 0.1699873 0.001999974 0.1715859 0.03283888 0.1699873 0.03283888 0.1715859 0.03283888 0.1699873 0.001999974 0.1715859 0.001999974 0.1699873 0.964492 0.1699873 0.998 0.1699873 0.998 0.1715859 0.998 0.1715859 0.964492 0.1715859 0.964492 0.1699873 0.964492 0.1699873 0.9312411 0.1715859 0.9312411 0.1699873 0.9312411 0.1715859 0.964492 0.1699873 0.964492 0.1715859 0.8982508 0.1699873 0.9312411 0.1699873 0.9312411 0.1715859 0.9312411 0.1715859 0.8982508 0.1715859 0.8982508 0.1699873 0.8982508 0.1699873 0.8655018 0.1715859 0.8655018 0.1699873 0.8655018 0.1715859 0.8982508 0.1699873 0.8982508 0.1715859 0.8329647 0.1699873 0.8655018 0.1699873 0.8655018 0.1715859 0.8329647 0.1699873 0.8655018 0.1715859 0.8329647 0.1715859 0.8329647 0.1699873 0.8006138 0.1715859 0.8006138 0.1699873 0.8006138 0.1715859 0.8329647 0.1699873 0.8329647 0.1715859 0.7684243 0.1699873 0.8006138 0.1699873 0.8006138 0.1715859 0.7684243 0.1699873 0.8006138 0.1715859 0.7684243 0.1715859 0.7684243 0.1699873 0.736377 0.1715859 0.736377 0.1699873 0.736377 0.1715859 0.7684243 0.1699873 0.7684243 0.1715859 0.7044689 0.1699873 0.736377 0.1715859 0.7044689 0.1715859 0.736377 0.1715859 0.7044689 0.1699873 0.736377 0.1699873 0.672677 0.1715859 0.7044689 0.1699873 0.7044689 0.1715859 0.7044689 0.1699873 0.672677 0.1715859 0.672677 0.1699873 0.6409898 0.1699873 0.672677 0.1715859 0.6409898 0.1715859 0.672677 0.1715859 0.6409898 0.1699873 0.672677 0.1699873 0.6409898 0.1699873 0.6094009 0.1715859 0.6094009 0.1699873 0.6094009 0.1715859 0.6409898 0.1699873 0.6409898 0.1715859 0.5779156 0.1699873 0.6094009 0.1699873 0.6094009 0.1715859 0.6094009 0.1715859 0.5779156 0.1715859 0.5779156 0.1699873 0.5779156 0.1699873 0.5465337 0.1715859 0.5465337 0.1699873 0.5465337 0.1715859 0.5779156 0.1699873 0.5779156 0.1715859 0.5152459 0.1699873 0.5465337 0.1699873 0.5465337 0.1715859 0.5152459 0.1699873 0.5465337 0.1715859 0.5152459 0.1715859 0.5152459 0.1699873 0.4840739 0.1715859 0.4840739 0.1699873 0.4840739 0.1715859 0.5152459 0.1699873 0.5152459 0.1715859 0.4530329 0.1699873 0.4840739 0.1699873 0.4840739 0.1715859 0.4530329 0.1699873 0.4840739 0.1715859 0.4530329 0.1715859 0.4530329 0.1699873 0.4223206 0.1715859 0.4223206 0.1699873 0.4223206 0.1715859 0.4530329 0.1699873 0.4530329 0.1715859 0.4223206 0.1715859 0.3918935 0.1699873 0.4223206 0.1699873 0.3918935 0.1699873 0.4223206 0.1715859 0.3918935 0.1715859 0.3617264 0.1715859 0.3918935 0.1699873 0.3918935 0.1715859 0.3918935 0.1699873 0.3617264 0.1715859 0.3617264 0.1699873 0.3317266 0.1699873 0.3617264 0.1715859 0.3317266 0.1715859 0.3617264 0.1715859 0.3317266 0.1699873 0.3617264 0.1699873 0.3018742 0.1715859 0.3317266 0.1699873 0.3317266 0.1715859 0.3317266 0.1699873 0.3018742 0.1715859 0.3018742 0.1699873 0.2721524 0.3054894 0.3018742 0.3038183 0.3018742 0.3054894 0.3018742 0.3038183 0.2721524 0.3054894 0.2721524 0.3038183 0.3317266 0.3054894 0.3018742 0.3054894 0.3018742 0.3038183 0.3317266 0.3054894 0.3018742 0.3038183 0.3317266 0.3038183 0.3317266 0.3054894 0.3617264 0.3038183 0.3617264 0.3054894 0.3617264 0.3038183 0.3317266 0.3054894 0.3317266 0.3038183 0.3617264 0.3038183 0.3918935 0.3054894 0.3617264 0.3054894 0.3918935 0.3054894 0.3617264 0.3038183 0.3918935 0.3038183 0.4223206 0.3038183 0.3918935 0.3054894 0.3918935 0.3038183 0.3918935 0.3054894 0.4223206 0.3038183 0.4223206 0.3054894 0.4530329 0.3054894 0.4223206 0.3038183 0.4530329 0.3038183 0.4223206 0.3038183 0.4530329 0.3054894 0.4223206 0.3054894 0.4840739 0.3038183 0.4530329 0.3054894 0.4530329 0.3038183 0.4530329 0.3054894 0.4840739 0.3038183 0.4840739 0.3054894 0.5152459 0.3054894 0.4840739 0.3054894 0.4840739 0.3038183 0.4840739 0.3038183 0.5152459 0.3038183 0.5152459 0.3054894 0.5152459 0.3054894 0.5465337 0.3038183 0.5465337 0.3054894 0.5465337 0.3038183 0.5152459 0.3054894 0.5152459 0.3038183 0.5779156 0.3054894 0.5465337 0.3054894 0.5465337 0.3038183 0.5465337 0.3038183 0.5779156 0.3038183 0.5779156 0.3054894 0.5779156 0.3054894 0.6094009 0.3038183 0.6094009 0.3054894 0.6094009 0.3038183 0.5779156 0.3054894 0.5779156 0.3038183 0.6409898 0.3054894 0.6094009 0.3054894 0.6094009 0.3038183 0.6409898 0.3054894 0.6094009 0.3038183 0.6409898 0.3038183 0.6409898 0.3054894 0.672677 0.3038183 0.672677 0.3054894 0.672677 0.3038183 0.6409898 0.3054894 0.6409898 0.3038183 0.7044689 0.3054894 0.672677 0.3054894 0.672677 0.3038183 0.7044689 0.3054894 0.672677 0.3038183 0.7044689 0.3038183 0.7044689 0.3054894 0.736377 0.3038183 0.736377 0.3054894 0.736377 0.3038183 0.7044689 0.3054894 0.7044689 0.3038183 0.7684243 0.3054894 0.736377 0.3038183 0.7684243 0.3038183 0.736377 0.3038183 0.7684243 0.3054894 0.736377 0.3054894 0.8006138 0.3038183 0.7684243 0.3054894 0.7684243 0.3038183 0.7684243 0.3054894 0.8006138 0.3038183 0.8006138 0.3054894 0.8329647 0.3054894 0.8006138 0.3038183 0.8329647 0.3038183 0.8006138 0.3038183 0.8329647 0.3054894 0.8006138 0.3054894 0.8329647 0.3054894 0.8655018 0.3038183 0.8655018 0.3054894 0.8655018 0.3038183 0.8329647 0.3054894 0.8329647 0.3038183 0.8982508 0.3054894 0.8655018 0.3054894 0.8655018 0.3038183 0.8655018 0.3038183 0.8982508 0.3038183 0.8982508 0.3054894 0.8982508 0.3054894 0.9312411 0.3038183 0.9312411 0.3054894 0.9312411 0.3038183 0.8982508 0.3054894 0.8982508 0.3038183 0.964492 0.3054894 0.9312411 0.3054894 0.9312411 0.3038183 0.964492 0.3054894 0.9312411 0.3038183 0.964492 0.3038183 0.964492 0.3054894 0.998 0.3038183 0.998 0.3054894 0.998 0.3038183 0.964492 0.3054894 0.964492 0.3038183 0.03283888 0.3054894 0.001999974 0.3054894 0.001999974 0.3038183 0.03283888 0.3054894 0.001999974 0.3038183 0.03283888 0.3038183 0.03283888 0.3054894 0.06342297 0.3038183 0.06342297 0.3054894 0.06342297 0.3038183 0.03283888 0.3054894 0.03283888 0.3038183 0.06342297 0.3038183 0.09381163 0.3054894 0.06342297 0.3054894 0.09381163 0.3054894 0.06342297 0.3038183 0.09381163 0.3038183 0.1240255 0.3038183 0.09381163 0.3054894 0.09381163 0.3038183 0.09381163 0.3054894 0.1240255 0.3038183 0.1240255 0.3054894 0.1540407 0.3054894 0.1240255 0.3038183 0.1540407 0.3038183 0.1240255 0.3038183 0.1540407 0.3054894 0.1240255 0.3054894 0.1836637 0.3038183 0.1540407 0.3054894 0.1540407 0.3038183 0.1540407 0.3054894 0.1836637 0.3038183 0.1836637 0.3054894 0.2130552 0.3054894 0.1836637 0.3054894 0.1836637 0.3038183 0.1836637 0.3038183 0.2130552 0.3038183 0.2130552 0.3054894 0.2130552 0.3054894 0.2425491 0.3038183 0.2425491 0.3054894 0.2425491 0.3038183 0.2130552 0.3054894 0.2130552 0.3038183 0.2721524 0.3054894 0.2425491 0.3054894 0.2425491 0.3038183 0.2425491 0.3038183 0.2721524 0.3038183 0.2721524 0.3054894 0.2721524 0.3367364 0.2425491 0.3383761 0.2425491 0.3367364 0.2425491 0.3383761 0.2721524 0.3367364 0.2721524 0.3383761 0.2130552 0.3367364 0.2425491 0.3367364 0.2425491 0.3383761 0.2425491 0.3383761 0.2130552 0.3383761 0.2130552 0.3367364 0.2130552 0.3367364 0.1836637 0.3383761 0.1836637 0.3367364 0.1836637 0.3383761 0.2130552 0.3367364 0.2130552 0.3383761 0.1540407 0.3367364 0.1836637 0.3367364 0.1836637 0.3383761 0.1540407 0.3367364 0.1836637 0.3383761 0.1540407 0.3383761 0.1540407 0.3367364 0.1240255 0.3383761 0.1240255 0.3367364 0.1240255 0.3383761 0.1540407 0.3367364 0.1540407 0.3383761 0.1240255 0.3383761 0.09381163 0.3367364 0.1240255 0.3367364 0.09381163 0.3367364 0.1240255 0.3383761 0.09381163 0.3383761 0.06342297 0.3383761 0.09381163 0.3367364 0.09381163 0.3383761 0.09381163 0.3367364 0.06342297 0.3383761 0.06342297 0.3367364 0.03283888 0.3367364 0.06342297 0.3383761 0.03283888 0.3383761 0.06342297 0.3383761 0.03283888 0.3367364 0.06342297 0.3367364 0.001999974 0.3383761 0.03283888 0.3367364 0.03283888 0.3383761 0.03283888 0.3367364 0.001999974 0.3383761 0.001999974 0.3367364 0.964492 0.3367364 0.998 0.3367364 0.998 0.3383761 0.998 0.3383761 0.964492 0.3383761 0.964492 0.3367364 0.964492 0.3367364 0.9312411 0.3383761 0.9312411 0.3367364 0.9312411 0.3383761 0.964492 0.3367364 0.964492 0.3383761 0.8982508 0.3367364 0.9312411 0.3367364 0.9312411 0.3383761 0.9312411 0.3383761 0.8982508 0.3383761 0.8982508 0.3367364 0.8982508 0.3367364 0.8655018 0.3383761 0.8655018 0.3367364 0.8655018 0.3383761 0.8982508 0.3367364 0.8982508 0.3383761 0.8329647 0.3367364 0.8655018 0.3367364 0.8655018 0.3383761 0.8329647 0.3367364 0.8655018 0.3383761 0.8329647 0.3383761 0.8329647 0.3367364 0.8006138 0.3383761 0.8006138 0.3367364 0.8006138 0.3383761 0.8329647 0.3367364 0.8329647 0.3383761 0.7684243 0.3367364 0.8006138 0.3367364 0.8006138 0.3383761 0.7684243 0.3367364 0.8006138 0.3383761 0.7684243 0.3383761 0.7684243 0.3367364 0.736377 0.3383761 0.736377 0.3367364 0.736377 0.3383761 0.7684243 0.3367364 0.7684243 0.3383761 0.7044689 0.3367364 0.736377 0.3383761 0.7044689 0.3383761 0.736377 0.3383761 0.7044689 0.3367364 0.736377 0.3367364 0.672677 0.3383761 0.7044689 0.3367364 0.7044689 0.3383761 0.7044689 0.3367364 0.672677 0.3383761 0.672677 0.3367364 0.6409898 0.3367364 0.672677 0.3383761 0.6409898 0.3383761 0.672677 0.3383761 0.6409898 0.3367364 0.672677 0.3367364 0.6409898 0.3367364 0.6094009 0.3383761 0.6094009 0.3367364 0.6094009 0.3383761 0.6409898 0.3367364 0.6409898 0.3383761 0.5779156 0.3367364 0.6094009 0.3367364 0.6094009 0.3383761 0.6094009 0.3383761 0.5779156 0.3383761 0.5779156 0.3367364 0.5779156 0.3367364 0.5465337 0.3383761 0.5465337 0.3367364 0.5465337 0.3383761 0.5779156 0.3367364 0.5779156 0.3383761 0.5152459 0.3367364 0.5465337 0.3367364 0.5465337 0.3383761 0.5152459 0.3367364 0.5465337 0.3383761 0.5152459 0.3383761 0.5152459 0.3367364 0.4840739 0.3383761 0.4840739 0.3367364 0.4840739 0.3383761 0.5152459 0.3367364 0.5152459 0.3383761 0.4530329 0.3367364 0.4840739 0.3367364 0.4840739 0.3383761 0.4530329 0.3367364 0.4840739 0.3383761 0.4530329 0.3383761 0.4530329 0.3367364 0.4223206 0.3383761 0.4223206 0.3367364 0.4223206 0.3383761 0.4530329 0.3367364 0.4530329 0.3383761 0.4223206 0.3383761 0.3918935 0.3367364 0.4223206 0.3367364 0.3918935 0.3367364 0.4223206 0.3383761 0.3918935 0.3383761 0.3617264 0.3383761 0.3918935 0.3367364 0.3918935 0.3383761 0.3918935 0.3367364 0.3617264 0.3383761 0.3617264 0.3367364 0.3317266 0.3367364 0.3617264 0.3383761 0.3317266 0.3383761 0.3617264 0.3383761 0.3317266 0.3367364 0.3617264 0.3367364 0.3018742 0.3383761 0.3317266 0.3367364 0.3317266 0.3383761 0.3317266 0.3367364 0.3018742 0.3383761 0.3018742 0.3367364 0.2721524 0.3367364 0.3018742 0.3367364 0.3018742 0.3383761 0.3018742 0.3383761 0.2721524 0.3383761 0.2721524 0.3367364 0.2721524 0.3701136 0.3018742 0.3684691 0.3018742 0.3701136 0.3018742 0.3684691 0.2721524 0.3701136 0.2721524 0.3684691 0.3317266 0.3701136 0.3018742 0.3701136 0.3018742 0.3684691 0.3317266 0.3701136 0.3018742 0.3684691 0.3317266 0.3684691 0.3317266 0.3701136 0.3617264 0.3684691 0.3617264 0.3701136 0.3617264 0.3684691 0.3317266 0.3701136 0.3317266 0.3684691 0.3617264 0.3684691 0.3918935 0.3701136 0.3617264 0.3701136 0.3918935 0.3701136 0.3617264 0.3684691 0.3918935 0.3684691 0.4223206 0.3684691 0.3918935 0.3701136 0.3918935 0.3684691 0.3918935 0.3701136 0.4223206 0.3684691 0.4223206 0.3701136 0.4530329 0.3701136 0.4223206 0.3684691 0.4530329 0.3684691 0.4223206 0.3684691 0.4530329 0.3701136 0.4223206 0.3701136 0.4840739 0.3684691 0.4530329 0.3701136 0.4530329 0.3684691 0.4530329 0.3701136 0.4840739 0.3684691 0.4840739 0.3701136 0.5152459 0.3701136 0.4840739 0.3701136 0.4840739 0.3684691 0.4840739 0.3684691 0.5152459 0.3684691 0.5152459 0.3701136 0.5152459 0.3701136 0.5465337 0.3684691 0.5465337 0.3701136 0.5465337 0.3684691 0.5152459 0.3701136 0.5152459 0.3684691 0.5779156 0.3701136 0.5465337 0.3701136 0.5465337 0.3684691 0.5465337 0.3684691 0.5779156 0.3684691 0.5779156 0.3701136 0.5779156 0.3701136 0.6094009 0.3684691 0.6094009 0.3701136 0.6094009 0.3684691 0.5779156 0.3701136 0.5779156 0.3684691 0.6409898 0.3701136 0.6094009 0.3701136 0.6094009 0.3684691 0.6409898 0.3701136 0.6094009 0.3684691 0.6409898 0.3684691 0.6409898 0.3701136 0.672677 0.3684691 0.672677 0.3701136 0.672677 0.3684691 0.6409898 0.3701136 0.6409898 0.3684691 0.7044689 0.3701136 0.672677 0.3701136 0.672677 0.3684691 0.7044689 0.3701136 0.672677 0.3684691 0.7044689 0.3684691 0.7044689 0.3701136 0.736377 0.3684691 0.736377 0.3701136 0.736377 0.3684691 0.7044689 0.3701136 0.7044689 0.3684691 0.7684243 0.3701136 0.736377 0.3684691 0.7684243 0.3684691 0.736377 0.3684691 0.7684243 0.3701136 0.736377 0.3701136 0.8006138 0.3684691 0.7684243 0.3701136 0.7684243 0.3684691 0.7684243 0.3701136 0.8006138 0.3684691 0.8006138 0.3701136 0.8329647 0.3701136 0.8006138 0.3684691 0.8329647 0.3684691 0.8006138 0.3684691 0.8329647 0.3701136 0.8006138 0.3701136 0.8329647 0.3701136 0.8655018 0.3684691 0.8655018 0.3701136 0.8655018 0.3684691 0.8329647 0.3701136 0.8329647 0.3684691 0.8982508 0.3701136 0.8655018 0.3701136 0.8655018 0.3684691 0.8655018 0.3684691 0.8982508 0.3684691 0.8982508 0.3701136 0.8982508 0.3701136 0.9312411 0.3684691 0.9312411 0.3701136 0.9312411 0.3684691 0.8982508 0.3701136 0.8982508 0.3684691 0.964492 0.3701136 0.9312411 0.3701136 0.9312411 0.3684691 0.964492 0.3701136 0.9312411 0.3684691 0.964492 0.3684691 0.964492 0.3701136 0.998 0.3684691 0.998 0.3701136 0.998 0.3684691 0.964492 0.3701136 0.964492 0.3684691 0.03283888 0.3701136 0.001999974 0.3701136 0.001999974 0.3684691 0.03283888 0.3701136 0.001999974 0.3684691 0.03283888 0.3684691 0.03283888 0.3701136 0.06342297 0.3684691 0.06342297 0.3701136 0.06342297 0.3684691 0.03283888 0.3701136 0.03283888 0.3684691 0.06342297 0.3684691 0.09381163 0.3701136 0.06342297 0.3701136 0.09381163 0.3701136 0.06342297 0.3684691 0.09381163 0.3684691 0.1240255 0.3684691 0.09381163 0.3701136 0.09381163 0.3684691 0.09381163 0.3701136 0.1240255 0.3684691 0.1240255 0.3701136 0.1540407 0.3701136 0.1240255 0.3684691 0.1540407 0.3684691 0.1240255 0.3684691 0.1540407 0.3701136 0.1240255 0.3701136 0.1836637 0.3684691 0.1540407 0.3701136 0.1540407 0.3684691 0.1540407 0.3701136 0.1836637 0.3684691 0.1836637 0.3701136 0.2130552 0.3701136 0.1836637 0.3701136 0.1836637 0.3684691 0.1836637 0.3684691 0.2130552 0.3684691 0.2130552 0.3701136 0.2130552 0.3701136 0.2425491 0.3684691 0.2425491 0.3701136 0.2425491 0.3684691 0.2130552 0.3701136 0.2130552 0.3684691 0.2721524 0.3701136 0.2425491 0.3701136 0.2425491 0.3684691 0.2425491 0.3684691 0.2721524 0.3684691 0.2721524 0.3701136 0.2721524 0.3984395 0.2425491 0.400057 0.2425491 0.3984395 0.2425491 0.400057 0.2721524 0.3984395 0.2721524 0.400057 0.2130552 0.3984395 0.2425491 0.3984395 0.2425491 0.400057 0.2425491 0.400057 0.2130552 0.400057 0.2130552 0.3984395 0.2130552 0.3984395 0.1836637 0.400057 0.1836637 0.3984395 0.1836637 0.400057 0.2130552 0.3984395 0.2130552 0.400057 0.1540407 0.3984395 0.1836637 0.3984395 0.1836637 0.400057 0.1540407 0.3984395 0.1836637 0.400057 0.1540407 0.400057 0.1540407 0.3984395 0.1240255 0.400057 0.1240255 0.3984395 0.1240255 0.400057 0.1540407 0.3984395 0.1540407 0.400057 0.1240255 0.400057 0.09381163 0.3984395 0.1240255 0.3984395 0.09381163 0.3984395 0.1240255 0.400057 0.09381163 0.400057 0.06342297 0.400057 0.09381163 0.3984395 0.09381163 0.400057 0.09381163 0.3984395 0.06342297 0.400057 0.06342297 0.3984395 0.03283888 0.3984395 0.06342297 0.400057 0.03283888 0.400057 0.06342297 0.400057 0.03283888 0.3984395 0.06342297 0.3984395 0.001999974 0.400057 0.03283888 0.3984395 0.03283888 0.400057 0.03283888 0.3984395 0.001999974 0.400057 0.001999974 0.3984395 0.964492 0.3984395 0.998 0.3984395 0.998 0.400057 0.998 0.400057 0.964492 0.400057 0.964492 0.3984395 0.964492 0.3984395 0.9312411 0.400057 0.9312411 0.3984395 0.9312411 0.400057 0.964492 0.3984395 0.964492 0.400057 0.8982508 0.3984395 0.9312411 0.3984395 0.9312411 0.400057 0.9312411 0.400057 0.8982508 0.400057 0.8982508 0.3984395 0.8982508 0.3984395 0.8655018 0.400057 0.8655018 0.3984395 0.8655018 0.400057 0.8982508 0.3984395 0.8982508 0.400057 0.8329647 0.3984395 0.8655018 0.3984395 0.8655018 0.400057 0.8329647 0.3984395 0.8655018 0.400057 0.8329647 0.400057 0.8329647 0.3984395 0.8006138 0.400057 0.8006138 0.3984395 0.8006138 0.400057 0.8329647 0.3984395 0.8329647 0.400057 0.7684243 0.3984395 0.8006138 0.3984395 0.8006138 0.400057 0.7684243 0.3984395 0.8006138 0.400057 0.7684243 0.400057 0.7684243 0.3984395 0.736377 0.400057 0.736377 0.3984395 0.736377 0.400057 0.7684243 0.3984395 0.7684243 0.400057 0.7044689 0.3984395 0.736377 0.400057 0.7044689 0.400057 0.736377 0.400057 0.7044689 0.3984395 0.736377 0.3984395 0.672677 0.400057 0.7044689 0.3984395 0.7044689 0.400057 0.7044689 0.3984395 0.672677 0.400057 0.672677 0.3984395 0.6409898 0.3984395 0.672677 0.400057 0.6409898 0.400057 0.672677 0.400057 0.6409898 0.3984395 0.672677 0.3984395 0.6409898 0.3984395 0.6094009 0.400057 0.6094009 0.3984395 0.6094009 0.400057 0.6409898 0.3984395 0.6409898 0.400057 0.5779156 0.3984395 0.6094009 0.3984395 0.6094009 0.400057 0.6094009 0.400057 0.5779156 0.400057 0.5779156 0.3984395 0.5779156 0.3984395 0.5465337 0.400057 0.5465337 0.3984395 0.5465337 0.400057 0.5779156 0.3984395 0.5779156 0.400057 0.5152459 0.3984395 0.5465337 0.3984395 0.5465337 0.400057 0.5152459 0.3984395 0.5465337 0.400057 0.5152459 0.400057 0.5152459 0.3984395 0.4840739 0.400057 0.4840739 0.3984395 0.4840739 0.400057 0.5152459 0.3984395 0.5152459 0.400057 0.4530329 0.3984395 0.4840739 0.3984395 0.4840739 0.400057 0.4530329 0.3984395 0.4840739 0.400057 0.4530329 0.400057 0.4530329 0.3984395 0.4223206 0.400057 0.4223206 0.3984395 0.4223206 0.400057 0.4530329 0.3984395 0.4530329 0.400057 0.4223206 0.400057 0.3918935 0.3984395 0.4223206 0.3984395 0.3918935 0.3984395 0.4223206 0.400057 0.3918935 0.400057 0.3617264 0.400057 0.3918935 0.3984395 0.3918935 0.400057 0.3918935 0.3984395 0.3617264 0.400057 0.3617264 0.3984395 0.3317266 0.3984395 0.3617264 0.400057 0.3317266 0.400057 0.3617264 0.400057 0.3317266 0.3984395 0.3617264 0.3984395 0.3018742 0.400057 0.3317266 0.3984395 0.3317266 0.400057 0.3317266 0.3984395 0.3018742 0.400057 0.3018742 0.3984395 0.2721524 0.3984395 0.3018742 0.3984395 0.3018742 0.400057 0.3018742 0.400057 0.2721524 0.400057 0.2721524 0.3984395 0.2721524 0.4281534 0.3018742 0.4265229 0.3018742 0.4281534 0.3018742 0.4265229 0.2721524 0.4281534 0.2721524 0.4265229 0.3317266 0.4281534 0.3018742 0.4281534 0.3018742 0.4265229 0.3317266 0.4281534 0.3018742 0.4265229 0.3317266 0.4265229 0.3317266 0.4281534 0.3617264 0.4265229 0.3617264 0.4281534 0.3617264 0.4265229 0.3317266 0.4281534 0.3317266 0.4265229 0.3617264 0.4265229 0.3918935 0.4281534 0.3617264 0.4281534 0.3918935 0.4281534 0.3617264 0.4265229 0.3918935 0.4265229 0.4223206 0.4265229 0.3918935 0.4281534 0.3918935 0.4265229 0.3918935 0.4281534 0.4223206 0.4265229 0.4223206 0.4281534 0.4530329 0.4281534 0.4223206 0.4265229 0.4530329 0.4265229 0.4223206 0.4265229 0.4530329 0.4281534 0.4223206 0.4281534 0.4840739 0.4265229 0.4530329 0.4281534 0.4530329 0.4265229 0.4530329 0.4281534 0.4840739 0.4265229 0.4840739 0.4281534 0.5152459 0.4281534 0.4840739 0.4281534 0.4840739 0.4265229 0.4840739 0.4265229 0.5152459 0.4265229 0.5152459 0.4281534 0.5152459 0.4281534 0.5465337 0.4265229 0.5465337 0.4281534 0.5465337 0.4265229 0.5152459 0.4281534 0.5152459 0.4265229 0.5779156 0.4281534 0.5465337 0.4281534 0.5465337 0.4265229 0.5465337 0.4265229 0.5779156 0.4265229 0.5779156 0.4281534 0.5779156 0.4281534 0.6094009 0.4265229 0.6094009 0.4281534 0.6094009 0.4265229 0.5779156 0.4281534 0.5779156 0.4265229 0.6409898 0.4281534 0.6094009 0.4281534 0.6094009 0.4265229 0.6409898 0.4281534 0.6094009 0.4265229 0.6409898 0.4265229 0.6409898 0.4281534 0.672677 0.4265229 0.672677 0.4281534 0.672677 0.4265229 0.6409898 0.4281534 0.6409898 0.4265229 0.7044689 0.4281534 0.672677 0.4281534 0.672677 0.4265229 0.7044689 0.4281534 0.672677 0.4265229 0.7044689 0.4265229 0.7044689 0.4281534 0.736377 0.4265229 0.736377 0.4281534 0.736377 0.4265229 0.7044689 0.4281534 0.7044689 0.4265229 0.7684243 0.4281534 0.736377 0.4265229 0.7684243 0.4265229 0.736377 0.4265229 0.7684243 0.4281534 0.736377 0.4281534 0.8006138 0.4265229 0.7684243 0.4281534 0.7684243 0.4265229 0.7684243 0.4281534 0.8006138 0.4265229 0.8006138 0.4281534 0.8329647 0.4281534 0.8006138 0.4265229 0.8329647 0.4265229 0.8006138 0.4265229 0.8329647 0.4281534 0.8006138 0.4281534 0.8329647 0.4281534 0.8655018 0.4265229 0.8655018 0.4281534 0.8655018 0.4265229 0.8329647 0.4281534 0.8329647 0.4265229 0.8982508 0.4281534 0.8655018 0.4281534 0.8655018 0.4265229 0.8655018 0.4265229 0.8982508 0.4265229 0.8982508 0.4281534 0.8982508 0.4281534 0.9312411 0.4265229 0.9312411 0.4281534 0.9312411 0.4265229 0.8982508 0.4281534 0.8982508 0.4265229 0.964492 0.4281534 0.9312411 0.4281534 0.9312411 0.4265229 0.964492 0.4281534 0.9312411 0.4265229 0.964492 0.4265229 0.964492 0.4281534 0.998 0.4265229 0.998 0.4281534 0.998 0.4265229 0.964492 0.4281534 0.964492 0.4265229 0.03283888 0.4281534 0.001999974 0.4281534 0.001999974 0.4265229 0.03283888 0.4281534 0.001999974 0.4265229 0.03283888 0.4265229 0.03283888 0.4281534 0.06342297 0.4265229 0.06342297 0.4281534 0.06342297 0.4265229 0.03283888 0.4281534 0.03283888 0.4265229 0.06342297 0.4265229 0.09381163 0.4281534 0.06342297 0.4281534 0.09381163 0.4281534 0.06342297 0.4265229 0.09381163 0.4265229 0.1240255 0.4265229 0.09381163 0.4281534 0.09381163 0.4265229 0.09381163 0.4281534 0.1240255 0.4265229 0.1240255 0.4281534 0.1540407 0.4281534 0.1240255 0.4265229 0.1540407 0.4265229 0.1240255 0.4265229 0.1540407 0.4281534 0.1240255 0.4281534 0.1836637 0.4265229 0.1540407 0.4281534 0.1540407 0.4265229 0.1540407 0.4281534 0.1836637 0.4265229 0.1836637 0.4281534 0.2130552 0.4281534 0.1836637 0.4281534 0.1836637 0.4265229 0.1836637 0.4265229 0.2130552 0.4265229 0.2130552 0.4281534 0.2130552 0.4281534 0.2425491 0.4265229 0.2425491 0.4281534 0.2425491 0.4265229 0.2130552 0.4281534 0.2130552 0.4265229 0.2721524 0.4281534 0.2425491 0.4281534 0.2425491 0.4265229 0.2425491 0.4265229 0.2721524 0.4265229 0.2721524 0.4281534 0.2721524 0.4519773 0.2425491 0.4535617 0.2425491 0.4519773 0.2425491 0.4535617 0.2721524 0.4519773 0.2721524 0.4535617 0.2130552 0.4519773 0.2425491 0.4519773 0.2425491 0.4535617 0.2425491 0.4535617 0.2130552 0.4535617 0.2130552 0.4519773 0.2130552 0.4519773 0.1836637 0.4535617 0.1836637 0.4519773 0.1836637 0.4535617 0.2130552 0.4519773 0.2130552 0.4535617 0.1540407 0.4519773 0.1836637 0.4519773 0.1836637 0.4535617 0.1540407 0.4519773 0.1836637 0.4535617 0.1540407 0.4535617 0.1540407 0.4519773 0.1240255 0.4535617 0.1240255 0.4519773 0.1240255 0.4535617 0.1540407 0.4519773 0.1540407 0.4535617 0.1240255 0.4535617 0.09381163 0.4519773 0.1240255 0.4519773 0.09381163 0.4519773 0.1240255 0.4535617 0.09381163 0.4535617 0.06342297 0.4535617 0.09381163 0.4519773 0.09381163 0.4535617 0.09381163 0.4519773 0.06342297 0.4535617 0.06342297 0.4519773 0.03283888 0.4519773 0.06342297 0.4535617 0.03283888 0.4535617 0.06342297 0.4535617 0.03283888 0.4519773 0.06342297 0.4519773 0.001999974 0.4535617 0.03283888 0.4519773 0.03283888 0.4535617 0.03283888 0.4519773 0.001999974 0.4535617 0.001999974 0.4519773 0.964492 0.4519773 0.998 0.4519773 0.998 0.4535617 0.998 0.4535617 0.964492 0.4535617 0.964492 0.4519773 0.964492 0.4519773 0.9312411 0.4535617 0.9312411 0.4519773 0.9312411 0.4535617 0.964492 0.4519773 0.964492 0.4535617 0.8982508 0.4519773 0.9312411 0.4519773 0.9312411 0.4535617 0.9312411 0.4535617 0.8982508 0.4535617 0.8982508 0.4519773 0.8982508 0.4519773 0.8655018 0.4535617 0.8655018 0.4519773 0.8655018 0.4535617 0.8982508 0.4519773 0.8982508 0.4535617 0.8329647 0.4519773 0.8655018 0.4519773 0.8655018 0.4535617 0.8329647 0.4519773 0.8655018 0.4535617 0.8329647 0.4535617 0.8329647 0.4519773 0.8006138 0.4535617 0.8006138 0.4519773 0.8006138 0.4535617 0.8329647 0.4519773 0.8329647 0.4535617 0.7684243 0.4519773 0.8006138 0.4519773 0.8006138 0.4535617 0.7684243 0.4519773 0.8006138 0.4535617 0.7684243 0.4535617 0.7684243 0.4519773 0.736377 0.4535617 0.736377 0.4519773 0.736377 0.4535617 0.7684243 0.4519773 0.7684243 0.4535617 0.7044689 0.4519773 0.736377 0.4535617 0.7044689 0.4535617 0.736377 0.4535617 0.7044689 0.4519773 0.736377 0.4519773 0.672677 0.4535617 0.7044689 0.4519773 0.7044689 0.4535617 0.7044689 0.4519773 0.672677 0.4535617 0.672677 0.4519773 0.6409898 0.4519773 0.672677 0.4535617 0.6409898 0.4535617 0.672677 0.4535617 0.6409898 0.4519773 0.672677 0.4519773 0.6409898 0.4519773 0.6094009 0.4535617 0.6094009 0.4519773 0.6094009 0.4535617 0.6409898 0.4519773 0.6409898 0.4535617 0.5779156 0.4519773 0.6094009 0.4519773 0.6094009 0.4535617 0.6094009 0.4535617 0.5779156 0.4535617 0.5779156 0.4519773 0.5779156 0.4519773 0.5465337 0.4535617 0.5465337 0.4519773 0.5465337 0.4535617 0.5779156 0.4519773 0.5779156 0.4535617 0.5152459 0.4519773 0.5465337 0.4519773 0.5465337 0.4535617 0.5152459 0.4519773 0.5465337 0.4535617 0.5152459 0.4535617 0.5152459 0.4519773 0.4840739 0.4535617 0.4840739 0.4519773 0.4840739 0.4535617 0.5152459 0.4519773 0.5152459 0.4535617 0.4530329 0.4519773 0.4840739 0.4519773 0.4840739 0.4535617 0.4530329 0.4519773 0.4840739 0.4535617 0.4530329 0.4535617 0.4530329 0.4519773 0.4223206 0.4535617 0.4223206 0.4519773 0.4223206 0.4535617 0.4530329 0.4519773 0.4530329 0.4535617 0.4223206 0.4535617 0.3918935 0.4519773 0.4223206 0.4519773 0.3918935 0.4519773 0.4223206 0.4535617 0.3918935 0.4535617 0.3617264 0.4535617 0.3918935 0.4519773 0.3918935 0.4535617 0.3918935 0.4519773 0.3617264 0.4535617 0.3617264 0.4519773 0.3317266 0.4519773 0.3617264 0.4535617 0.3317266 0.4535617 0.3617264 0.4535617 0.3317266 0.4519773 0.3617264 0.4519773 0.3018742 0.4535617 0.3317266 0.4519773 0.3317266 0.4535617 0.3317266 0.4519773 0.3018742 0.4535617 0.3018742 0.4519773 0.2721524 0.4519773 0.3018742 0.4519773 0.3018742 0.4535617 0.3018742 0.4535617 0.2721524 0.4535617 0.2721524 0.4519773 0.3555618 0.6317732 0.4159265 0.7775058 0.2098293 0.5714087 0.4159265 0.7775058 0.3555618 0.6317732 0.4002382 0.6986358 0.1309593 0.9679148 0.3555618 0.9232385 0.288699 0.9679148 0.1309593 0.5870969 0.01942038 0.6986358 0.06409651 0.6317732 0.1309593 0.5870969 0.1309593 0.9679148 0.01942038 0.8563758 0.1309593 0.9679148 0.288699 0.9679148 0.2098293 0.983603 0.2098293 0.5714087 0.4159265 0.7775058 0.1309593 0.9679148 0.01942038 0.8563758 0.1309593 0.9679148 0.06409651 0.9232385 0.01942038 0.6986358 0.01942038 0.8563758 0.003731966 0.7775058 0.01942038 0.6986358 0.1309593 0.5870969 0.01942038 0.8563758 0.2098293 0.5714087 0.1309593 0.9679148 0.1309593 0.5870969 0.3555618 0.6317732 0.2098293 0.5714087 0.2886992 0.5870969 0.4002382 0.8563758 0.1309593 0.9679148 0.4159265 0.7775058 0.3555618 0.9232385 0.1309593 0.9679148 0.4002382 0.8563758</float_array>
          <technique_common>
            <accessor source="#Mesh-mesh-map-0-array" count="6186" stride="2">
              <param name="S" type="float"/>
              <param name="T" type="float"/>
            </accessor>
          </technique_common>
        </source>
        <vertices id="Mesh-mesh-vertices">
          <input semantic="POSITION" source="#Mesh-mesh-positions"/>
        </vertices>
        <triangles material="barrel-material" count="2062">
          <input semantic="VERTEX" source="#Mesh-mesh-vertices" offset="0"/>
          <input semantic="NORMAL" source="#Mesh-mesh-normals" offset="1"/>
          <input semantic="TEXCOORD" source="#Mesh-mesh-map-0" offset="2" set="0"/>
          <p>275 0 0 272 1 1 144 2 2 272 1 3 275 0 4 0 3 5 144 2 6 1 4 7 273 5 8 1 4 9 144 2 10 272 1 11 705 6 12 674 7 13 704 8 14 674 7 15 705 6 16 673 9 17 706 10 18 673 9 19 705 6 20 673 9 21 706 10 22 672 11 23 273 5 24 276 12 25 145 13 26 276 12 27 273 5 28 1 4 29 145 13 30 2 14 31 277 15 32 2 14 33 145 13 34 276 12 35 735 16 36 676 17 37 734 18 38 676 17 39 735 16 40 675 19 41 704 8 42 675 19 43 735 16 44 675 19 45 704 8 46 674 7 47 277 15 48 2 14 49 146 20 50 146 20 51 2 14 52 279 21 53 146 20 54 279 21 55 280 22 56 280 22 57 279 21 58 3 23 59 732 24 60 733 25 61 677 26 62 732 24 63 677 26 64 678 27 65 733 25 66 734 18 67 676 17 68 733 25 69 676 17 70 677 26 71 280 22 72 3 23 73 147 28 74 147 28 75 3 23 76 282 29 77 147 28 78 282 29 79 283 30 80 283 30 81 282 29 82 4 31 83 730 32 84 731 33 85 679 34 86 730 32 87 679 34 88 680 35 89 731 33 90 732 24 91 678 27 92 731 33 93 678 27 94 679 34 95 283 30 96 285 36 97 148 37 98 285 36 99 283 30 100 4 31 101 148 37 102 5 38 103 286 39 104 5 38 105 148 37 106 285 36 107 729 40 108 682 41 109 728 42 110 682 41 111 729 40 112 681 43 113 730 32 114 681 43 115 729 40 116 681 43 117 730 32 118 680 35 119 286 39 120 288 44 121 149 45 122 288 44 123 286 39 124 5 38 125 149 45 126 6 46 127 289 47 128 6 46 129 149 45 130 288 44 131 727 48 132 684 49 133 726 50 134 684 49 135 727 48 136 683 51 137 728 42 138 683 51 139 727 48 140 683 51 141 728 42 142 682 41 143 289 47 144 6 46 145 150 52 146 150 52 147 6 46 148 291 53 149 150 52 150 291 53 151 292 54 152 292 54 153 291 53 154 7 55 155 724 56 156 725 57 157 685 58 158 724 56 159 685 58 160 686 59 161 725 57 162 726 50 163 684 49 164 725 57 165 684 49 166 685 58 167 292 54 168 7 55 169 151 60 170 151 60 171 7 55 172 294 61 173 151 60 174 294 61 175 295 62 176 295 62 177 294 61 178 8 63 179 722 64 180 723 65 181 687 66 182 722 64 183 687 66 184 688 67 185 723 65 186 724 56 187 686 59 188 723 65 189 686 59 190 687 66 191 295 62 192 297 68 193 152 69 194 297 68 195 295 62 196 8 63 197 152 69 198 9 70 199 298 71 200 9 70 201 152 69 202 297 68 203 721 72 204 690 73 205 720 74 206 690 73 207 721 72 208 689 75 209 722 64 210 689 75 211 721 72 212 689 75 213 722 64 214 688 67 215 298 71 216 300 76 217 153 77 218 300 76 219 298 71 220 9 70 221 153 77 222 10 78 223 301 79 224 10 78 225 153 77 226 300 76 227 719 80 228 692 81 229 718 82 230 692 81 231 719 80 232 691 83 233 720 74 234 691 83 235 719 80 236 691 83 237 720 74 238 690 73 239 301 79 240 10 78 241 154 84 242 154 84 243 10 78 244 303 85 245 154 84 246 303 85 247 304 86 248 304 86 249 303 85 250 11 87 251 716 88 252 717 89 253 693 90 254 716 88 255 693 90 256 694 91 257 717 89 258 718 82 259 692 81 260 717 89 261 692 81 262 693 90 263 304 86 264 11 87 265 155 92 266 155 92 267 11 87 268 306 93 269 155 92 270 306 93 271 307 94 272 307 94 273 306 93 274 12 95 275 714 96 276 715 97 277 695 98 278 714 96 279 695 98 280 696 99 281 715 97 282 716 88 283 694 91 284 715 97 285 694 91 286 695 98 287 307 94 288 309 100 289 156 101 290 309 100 291 307 94 292 12 95 293 156 101 294 13 102 295 310 103 296 13 102 297 156 101 298 309 100 299 713 104 300 698 105 301 712 106 302 698 105 303 713 104 304 697 107 305 714 96 306 697 107 307 713 104 308 697 107 309 714 96 310 696 99 311 310 103 312 312 108 313 157 109 314 312 108 315 310 103 316 13 102 317 157 109 318 14 110 319 313 111 320 14 110 321 157 109 322 312 108 323 711 112 324 700 113 325 710 114 326 700 113 327 711 112 328 699 115 329 712 106 330 699 115 331 711 112 332 699 115 333 712 106 334 698 105 335 313 111 336 14 110 337 158 116 338 158 116 339 14 110 340 315 117 341 158 116 342 315 117 343 316 118 344 316 118 345 315 117 346 15 119 347 708 120 348 709 121 349 701 122 350 708 120 351 701 122 352 702 123 353 709 121 354 710 114 355 700 113 356 709 121 357 700 113 358 701 122 359 316 118 360 15 119 361 159 124 362 159 124 363 15 119 364 318 125 365 159 124 366 318 125 367 275 0 368 275 0 369 318 125 370 0 3 371 706 10 372 707 126 373 703 127 374 706 10 375 703 127 376 672 11 377 707 126 378 708 120 379 702 123 380 707 126 381 702 123 382 703 127 383 322 128 384 274 129 385 160 130 386 274 129 387 322 128 388 16 131 389 160 130 390 17 132 391 320 133 392 17 132 393 160 130 394 274 129 395 769 134 396 738 135 397 768 136 398 738 135 399 769 134 400 737 137 401 770 138 402 737 137 403 769 134 404 737 137 405 770 138 406 736 139 407 320 133 408 278 140 409 161 141 410 278 140 411 320 133 412 17 132 413 161 141 414 18 142 415 323 143 416 18 142 417 161 141 418 278 140 419 799 144 420 740 145 421 798 146 422 740 145 423 799 144 424 739 147 425 768 136 426 739 147 427 799 144 428 739 147 429 768 136 430 738 135 431 323 143 432 18 142 433 162 148 434 162 148 435 18 142 436 281 149 437 162 148 438 281 149 439 325 150 440 325 150 441 281 149 442 19 151 443 796 152 444 797 153 445 741 154 446 796 152 447 741 154 448 742 155 449 797 153 450 798 146 451 740 145 452 797 153 453 740 145 454 741 154 455 325 150 456 19 151 457 163 156 458 163 156 459 19 151 460 284 157 461 163 156 462 284 157 463 327 158 464 327 158 465 284 157 466 20 159 467 794 160 468 795 161 469 743 162 470 794 160 471 743 162 472 744 163 473 795 161 474 796 152 475 742 155 476 795 161 477 742 155 478 743 162 479 327 158 480 287 164 481 164 165 482 287 164 483 327 158 484 20 159 485 164 165 486 21 166 487 329 167 488 21 166 489 164 165 490 287 164 491 793 168 492 746 169 493 792 170 494 746 169 495 793 168 496 745 171 497 794 160 498 745 171 499 793 168 500 745 171 501 794 160 502 744 163 503 329 167 504 290 172 505 165 173 506 290 172 507 329 167 508 21 166 509 165 173 510 22 174 511 331 175 512 22 174 513 165 173 514 290 172 515 791 176 516 748 177 517 790 178 518 748 177 519 791 176 520 747 179 521 792 170 522 747 179 523 791 176 524 747 179 525 792 170 526 746 169 527 331 175 528 22 174 529 166 180 530 166 180 531 22 174 532 293 181 533 166 180 534 293 181 535 333 182 536 333 182 537 293 181 538 23 183 539 788 184 540 789 185 541 749 186 542 788 184 543 749 186 544 750 187 545 789 185 546 790 178 547 748 177 548 789 185 549 748 177 550 749 186 551 333 182 552 23 183 553 167 188 554 167 188 555 23 183 556 296 189 557 167 188 558 296 189 559 335 190 560 335 190 561 296 189 562 24 191 563 786 192 564 787 193 565 751 194 566 786 192 567 751 194 568 752 195 569 787 193 570 788 184 571 750 187 572 787 193 573 750 187 574 751 194 575 335 190 576 299 196 577 168 197 578 299 196 579 335 190 580 24 191 581 168 197 582 25 198 583 337 199 584 25 198 585 168 197 586 299 196 587 785 200 588 754 201 589 784 202 590 754 201 591 785 200 592 753 203 593 786 192 594 753 203 595 785 200 596 753 203 597 786 192 598 752 195 599 337 199 600 302 204 601 169 205 602 302 204 603 337 199 604 25 198 605 169 205 606 26 206 607 339 207 608 26 206 609 169 205 610 302 204 611 783 208 612 756 209 613 782 210 614 756 209 615 783 208 616 755 211 617 784 202 618 755 211 619 783 208 620 755 211 621 784 202 622 754 201 623 339 207 624 26 206 625 170 212 626 170 212 627 26 206 628 305 213 629 170 212 630 305 213 631 341 214 632 341 214 633 305 213 634 27 215 635 780 216 636 781 217 637 757 218 638 780 216 639 757 218 640 758 219 641 781 217 642 782 210 643 756 209 644 781 217 645 756 209 646 757 218 647 341 214 648 27 215 649 171 220 650 171 220 651 27 215 652 308 221 653 171 220 654 308 221 655 343 222 656 343 222 657 308 221 658 28 223 659 778 224 660 779 225 661 759 226 662 778 224 663 759 226 664 760 227 665 779 225 666 780 216 667 758 219 668 779 225 669 758 219 670 759 226 671 343 222 672 311 228 673 172 229 674 311 228 675 343 222 676 28 223 677 172 229 678 29 230 679 345 231 680 29 230 681 172 229 682 311 228 683 777 232 684 762 233 685 776 234 686 762 233 687 777 232 688 761 235 689 778 224 690 761 235 691 777 232 692 761 235 693 778 224 694 760 227 695 345 231 696 314 236 697 173 237 698 314 236 699 345 231 700 29 230 701 173 237 702 30 238 703 347 239 704 30 238 705 173 237 706 314 236 707 775 240 708 764 241 709 774 242 710 764 241 711 775 240 712 763 243 713 776 234 714 763 243 715 775 240 716 763 243 717 776 234 718 762 233 719 347 239 720 30 238 721 174 244 722 174 244 723 30 238 724 317 245 725 174 244 726 317 245 727 349 246 728 349 246 729 317 245 730 31 247 731 772 248 732 773 249 733 765 250 734 772 248 735 765 250 736 766 251 737 773 249 738 774 242 739 764 241 740 773 249 741 764 241 742 765 250 743 349 246 744 31 247 745 175 252 746 175 252 747 31 247 748 319 253 749 175 252 750 319 253 751 322 128 752 322 128 753 319 253 754 16 131 755 770 138 756 771 254 757 767 255 758 770 138 759 767 255 760 736 139 761 771 254 762 772 248 763 766 251 764 771 254 765 766 251 766 767 255 767 354 256 768 321 257 769 176 258 770 321 257 771 354 256 772 32 259 773 176 258 774 33 260 775 352 261 776 33 260 777 176 258 778 321 257 779 833 262 780 802 263 781 832 264 782 802 263 783 833 262 784 801 265 785 834 266 786 801 265 787 833 262 788 801 265 789 834 266 790 800 267 791 352 261 792 324 268 793 177 269 794 324 268 795 352 261 796 33 260 797 177 269 798 34 270 799 355 271 800 34 270 801 177 269 802 324 268 803 863 272 804 804 273 805 862 274 806 804 273 807 863 272 808 803 275 809 832 264 810 803 275 811 863 272 812 803 275 813 832 264 814 802 263 815 355 271 816 34 270 817 178 276 818 178 276 819 34 270 820 326 277 821 178 276 822 326 277 823 357 278 824 357 278 825 326 277 826 35 279 827 860 280 828 861 281 829 805 282 830 860 280 831 805 282 832 806 283 833 861 281 834 862 274 835 804 273 836 861 281 837 804 273 838 805 282 839 357 278 840 35 279 841 179 284 842 179 284 843 35 279 844 328 285 845 179 284 846 328 285 847 359 286 848 359 286 849 328 285 850 36 287 851 858 288 852 859 289 853 807 290 854 858 288 855 807 290 856 808 291 857 859 289 858 860 280 859 806 283 860 859 289 861 806 283 862 807 290 863 359 286 864 330 292 865 180 293 866 330 292 867 359 286 868 36 287 869 180 293 870 37 294 871 361 295 872 37 294 873 180 293 874 330 292 875 857 296 876 810 297 877 856 298 878 810 297 879 857 296 880 809 299 881 858 288 882 809 299 883 857 296 884 809 299 885 858 288 886 808 291 887 361 295 888 332 300 889 181 301 890 332 300 891 361 295 892 37 294 893 181 301 894 38 302 895 363 303 896 38 302 897 181 301 898 332 300 899 855 304 900 812 305 901 854 306 902 812 305 903 855 304 904 811 307 905 856 298 906 811 307 907 855 304 908 811 307 909 856 298 910 810 297 911 363 303 912 38 302 913 182 308 914 182 308 915 38 302 916 334 309 917 182 308 918 334 309 919 365 310 920 365 310 921 334 309 922 39 311 923 852 312 924 853 313 925 813 314 926 852 312 927 813 314 928 814 315 929 853 313 930 854 306 931 812 305 932 853 313 933 812 305 934 813 314 935 365 310 936 39 311 937 183 316 938 183 316 939 39 311 940 336 317 941 183 316 942 336 317 943 367 318 944 367 318 945 336 317 946 40 319 947 850 320 948 851 321 949 815 322 950 850 320 951 815 322 952 816 323 953 851 321 954 852 312 955 814 315 956 851 321 957 814 315 958 815 322 959 367 318 960 338 324 961 184 325 962 338 324 963 367 318 964 40 319 965 184 325 966 41 326 967 369 327 968 41 326 969 184 325 970 338 324 971 849 328 972 818 329 973 848 330 974 818 329 975 849 328 976 817 331 977 850 320 978 817 331 979 849 328 980 817 331 981 850 320 982 816 323 983 369 327 984 340 332 985 185 333 986 340 332 987 369 327 988 41 326 989 185 333 990 42 334 991 371 335 992 42 334 993 185 333 994 340 332 995 847 336 996 820 337 997 846 338 998 820 337 999 847 336 1000 819 339 1001 848 330 1002 819 339 1003 847 336 1004 819 339 1005 848 330 1006 818 329 1007 371 335 1008 42 334 1009 186 340 1010 186 340 1011 42 334 1012 342 341 1013 186 340 1014 342 341 1015 373 342 1016 373 342 1017 342 341 1018 43 343 1019 844 344 1020 845 345 1021 821 346 1022 844 344 1023 821 346 1024 822 347 1025 845 345 1026 846 338 1027 820 337 1028 845 345 1029 820 337 1030 821 346 1031 373 342 1032 43 343 1033 187 348 1034 187 348 1035 43 343 1036 344 349 1037 187 348 1038 344 349 1039 375 350 1040 375 350 1041 344 349 1042 44 351 1043 842 352 1044 843 353 1045 823 354 1046 842 352 1047 823 354 1048 824 355 1049 843 353 1050 844 344 1051 822 347 1052 843 353 1053 822 347 1054 823 354 1055 375 350 1056 346 356 1057 188 357 1058 346 356 1059 375 350 1060 44 351 1061 188 357 1062 45 358 1063 377 359 1064 45 358 1065 188 357 1066 346 356 1067 841 360 1068 826 361 1069 840 362 1070 826 361 1071 841 360 1072 825 363 1073 842 352 1074 825 363 1075 841 360 1076 825 363 1077 842 352 1078 824 355 1079 377 359 1080 348 364 1081 189 365 1082 348 364 1083 377 359 1084 45 358 1085 189 365 1086 46 366 1087 379 367 1088 46 366 1089 189 365 1090 348 364 1091 839 368 1092 828 369 1093 838 370 1094 828 369 1095 839 368 1096 827 371 1097 840 362 1098 827 371 1099 839 368 1100 827 371 1101 840 362 1102 826 361 1103 379 367 1104 46 366 1105 190 372 1106 190 372 1107 46 366 1108 350 373 1109 190 372 1110 350 373 1111 381 374 1112 381 374 1113 350 373 1114 47 375 1115 836 376 1116 837 377 1117 829 378 1118 836 376 1119 829 378 1120 830 379 1121 837 377 1122 838 370 1123 828 369 1124 837 377 1125 828 369 1126 829 378 1127 381 374 1128 47 375 1129 191 380 1130 191 380 1131 47 375 1132 351 381 1133 191 380 1134 351 381 1135 354 256 1136 354 256 1137 351 381 1138 32 259 1139 834 266 1140 835 382 1141 831 383 1142 834 266 1143 831 383 1144 800 267 1145 835 382 1146 836 376 1147 830 379 1148 835 382 1149 830 379 1150 831 383 1151 386 384 1152 353 385 1153 192 386 1154 353 385 1155 386 384 1156 48 387 1157 192 386 1158 49 388 1159 384 389 1160 49 388 1161 192 386 1162 353 385 1163 385 390 1164 384 389 1165 65 391 1166 384 389 1167 385 390 1168 192 386 1169 64 392 1170 192 386 1171 385 390 1172 192 386 1173 64 392 1174 386 384 1175 384 389 1176 356 393 1177 193 394 1178 356 393 1179 384 389 1180 49 388 1181 193 394 1182 50 395 1183 387 396 1184 50 395 1185 193 394 1186 356 393 1187 388 397 1188 387 396 1189 66 398 1190 387 396 1191 388 397 1192 193 394 1193 65 391 1194 193 394 1195 388 397 1196 193 394 1197 65 391 1198 384 389 1199 387 396 1200 50 395 1201 194 399 1202 194 399 1203 50 395 1204 358 400 1205 194 399 1206 358 400 1207 389 401 1208 389 401 1209 358 400 1210 51 402 1211 67 403 1212 390 404 1213 194 399 1214 67 403 1215 194 399 1216 389 401 1217 390 404 1218 66 398 1219 387 396 1220 390 404 1221 387 396 1222 194 399 1223 389 401 1224 51 402 1225 195 405 1226 195 405 1227 51 402 1228 360 406 1229 360 406 1230 391 407 1231 195 405 1232 391 407 1233 360 406 1234 52 408 1235 68 409 1236 392 410 1237 195 405 1238 68 409 1239 195 405 1240 391 407 1241 392 410 1242 67 403 1243 389 401 1244 392 410 1245 389 401 1246 195 405 1247 391 407 1248 362 411 1249 196 412 1250 362 411 1251 391 407 1252 52 408 1253 196 412 1254 53 413 1255 393 414 1256 53 413 1257 196 412 1258 362 411 1259 394 415 1260 393 414 1261 69 416 1262 393 414 1263 394 415 1264 196 412 1265 68 409 1266 196 412 1267 394 415 1268 196 412 1269 68 409 1270 391 407 1271 393 414 1272 364 417 1273 197 418 1274 364 417 1275 393 414 1276 53 413 1277 197 418 1278 54 419 1279 395 420 1280 54 419 1281 197 418 1282 364 417 1283 396 421 1284 395 420 1285 70 422 1286 395 420 1287 396 421 1288 197 418 1289 69 416 1290 197 418 1291 396 421 1292 197 418 1293 69 416 1294 393 414 1295 395 420 1296 54 419 1297 198 423 1298 198 423 1299 54 419 1300 366 424 1301 198 423 1302 366 424 1303 397 425 1304 397 425 1305 366 424 1306 55 426 1307 71 427 1308 398 428 1309 198 423 1310 71 427 1311 198 423 1312 397 425 1313 398 428 1314 70 422 1315 395 420 1316 398 428 1317 395 420 1318 198 423 1319 397 425 1320 55 426 1321 199 429 1322 199 429 1323 55 426 1324 368 430 1325 199 429 1326 368 430 1327 399 431 1328 399 431 1329 368 430 1330 56 432 1331 72 433 1332 400 434 1333 199 429 1334 72 433 1335 199 429 1336 399 431 1337 400 434 1338 71 427 1339 397 425 1340 400 434 1341 397 425 1342 199 429 1343 399 431 1344 370 435 1345 200 436 1346 370 435 1347 399 431 1348 56 432 1349 200 436 1350 57 437 1351 401 438 1352 57 437 1353 200 436 1354 370 435 1355 402 439 1356 401 438 1357 73 440 1358 401 438 1359 402 439 1360 200 436 1361 72 433 1362 200 436 1363 402 439 1364 200 436 1365 72 433 1366 399 431 1367 401 438 1368 372 441 1369 201 442 1370 372 441 1371 401 438 1372 57 437 1373 201 442 1374 58 443 1375 403 444 1376 58 443 1377 201 442 1378 372 441 1379 404 445 1380 403 444 1381 74 446 1382 403 444 1383 404 445 1384 201 442 1385 73 440 1386 201 442 1387 404 445 1388 201 442 1389 73 440 1390 401 438 1391 403 444 1392 58 443 1393 202 447 1394 202 447 1395 58 443 1396 374 448 1397 202 447 1398 374 448 1399 405 449 1400 405 449 1401 374 448 1402 59 450 1403 75 451 1404 406 452 1405 202 447 1406 75 451 1407 202 447 1408 405 449 1409 406 452 1410 74 446 1411 403 444 1412 406 452 1413 403 444 1414 202 447 1415 405 449 1416 59 450 1417 203 453 1418 203 453 1419 59 450 1420 376 454 1421 203 453 1422 376 454 1423 407 455 1424 407 455 1425 376 454 1426 60 456 1427 76 457 1428 408 458 1429 203 453 1430 76 457 1431 203 453 1432 407 455 1433 408 458 1434 75 451 1435 405 449 1436 408 458 1437 405 449 1438 203 453 1439 407 455 1440 378 459 1441 204 460 1442 378 459 1443 407 455 1444 60 456 1445 204 460 1446 61 461 1447 409 462 1448 61 461 1449 204 460 1450 378 459 1451 410 463 1452 409 462 1453 77 464 1454 409 462 1455 410 463 1456 204 460 1457 76 457 1458 204 460 1459 410 463 1460 204 460 1461 76 457 1462 407 455 1463 409 462 1464 380 465 1465 205 466 1466 380 465 1467 409 462 1468 61 461 1469 205 466 1470 62 467 1471 411 468 1472 62 467 1473 205 466 1474 380 465 1475 412 469 1476 411 468 1477 78 470 1478 411 468 1479 412 469 1480 205 466 1481 77 464 1482 205 466 1483 412 469 1484 205 466 1485 77 464 1486 409 462 1487 411 468 1488 62 467 1489 206 471 1490 206 471 1491 62 467 1492 382 472 1493 206 471 1494 382 472 1495 413 473 1496 413 473 1497 382 472 1498 63 474 1499 79 475 1500 414 476 1501 206 471 1502 79 475 1503 206 471 1504 413 473 1505 414 476 1506 78 470 1507 411 468 1508 414 476 1509 411 468 1510 206 471 1511 413 473 1512 63 474 1513 207 477 1514 207 477 1515 63 474 1516 383 478 1517 383 478 1518 386 384 1519 207 477 1520 386 384 1521 383 478 1522 48 387 1523 64 392 1524 415 479 1525 207 477 1526 64 392 1527 207 477 1528 386 384 1529 415 479 1530 79 475 1531 413 473 1532 415 479 1533 413 473 1534 207 477 1535 418 480 1536 64 392 1537 208 481 1538 208 481 1539 64 392 1540 385 390 1541 208 481 1542 385 390 1543 416 482 1544 416 482 1545 385 390 1546 65 391 1547 81 483 1548 417 484 1549 208 481 1550 81 483 1551 208 481 1552 416 482 1553 417 484 1554 80 485 1555 418 480 1556 417 484 1557 418 480 1558 208 481 1559 416 482 1560 65 391 1561 209 486 1562 209 486 1563 65 391 1564 388 397 1565 209 486 1566 388 397 1567 419 487 1568 419 487 1569 388 397 1570 66 398 1571 82 488 1572 420 489 1573 209 486 1574 82 488 1575 209 486 1576 419 487 1577 420 489 1578 81 483 1579 416 482 1580 420 489 1581 416 482 1582 209 486 1583 419 487 1584 390 404 1585 210 490 1586 390 404 1587 419 487 1588 66 398 1589 210 490 1590 67 403 1591 421 491 1592 67 403 1593 210 490 1594 390 404 1595 422 492 1596 421 491 1597 83 493 1598 421 491 1599 422 492 1600 210 490 1601 82 488 1602 210 490 1603 422 492 1604 210 490 1605 82 488 1606 419 487 1607 421 491 1608 392 410 1609 211 494 1610 392 410 1611 421 491 1612 67 403 1613 211 494 1614 68 409 1615 423 495 1616 68 409 1617 211 494 1618 392 410 1619 424 496 1620 423 495 1621 84 497 1622 423 495 1623 424 496 1624 211 494 1625 83 493 1626 211 494 1627 424 496 1628 211 494 1629 83 493 1630 421 491 1631 423 495 1632 68 409 1633 212 498 1634 212 498 1635 68 409 1636 394 415 1637 212 498 1638 394 415 1639 425 499 1640 425 499 1641 394 415 1642 69 416 1643 85 500 1644 426 501 1645 212 498 1646 85 500 1647 212 498 1648 425 499 1649 426 501 1650 84 497 1651 423 495 1652 426 501 1653 423 495 1654 212 498 1655 425 499 1656 69 416 1657 213 502 1658 213 502 1659 69 416 1660 396 421 1661 213 502 1662 396 421 1663 427 503 1664 427 503 1665 396 421 1666 70 422 1667 86 504 1668 428 505 1669 213 502 1670 86 504 1671 213 502 1672 427 503 1673 428 505 1674 85 500 1675 425 499 1676 428 505 1677 425 499 1678 213 502 1679 427 503 1680 398 428 1681 214 506 1682 398 428 1683 427 503 1684 70 422 1685 214 506 1686 71 427 1687 429 507 1688 71 427 1689 214 506 1690 398 428 1691 430 508 1692 429 507 1693 87 509 1694 429 507 1695 430 508 1696 214 506 1697 86 504 1698 214 506 1699 430 508 1700 214 506 1701 86 504 1702 427 503 1703 429 507 1704 400 434 1705 215 510 1706 400 434 1707 429 507 1708 71 427 1709 215 510 1710 72 433 1711 431 511 1712 72 433 1713 215 510 1714 400 434 1715 432 512 1716 431 511 1717 88 513 1718 431 511 1719 432 512 1720 215 510 1721 87 509 1722 215 510 1723 432 512 1724 215 510 1725 87 509 1726 429 507 1727 431 511 1728 72 433 1729 216 514 1730 216 514 1731 72 433 1732 402 439 1733 216 514 1734 402 439 1735 433 515 1736 433 515 1737 402 439 1738 73 440 1739 89 516 1740 434 517 1741 216 514 1742 89 516 1743 216 514 1744 433 515 1745 434 517 1746 88 513 1747 431 511 1748 434 517 1749 431 511 1750 216 514 1751 433 515 1752 73 440 1753 217 518 1754 217 518 1755 73 440 1756 404 445 1757 217 518 1758 404 445 1759 435 519 1760 435 519 1761 404 445 1762 74 446 1763 90 520 1764 436 521 1765 217 518 1766 90 520 1767 217 518 1768 435 519 1769 436 521 1770 89 516 1771 433 515 1772 436 521 1773 433 515 1774 217 518 1775 435 519 1776 406 452 1777 218 522 1778 406 452 1779 435 519 1780 74 446 1781 218 522 1782 75 451 1783 437 523 1784 75 451 1785 218 522 1786 406 452 1787 438 524 1788 437 523 1789 91 525 1790 437 523 1791 438 524 1792 218 522 1793 90 520 1794 218 522 1795 438 524 1796 218 522 1797 90 520 1798 435 519 1799 437 523 1800 408 458 1801 219 526 1802 408 458 1803 437 523 1804 75 451 1805 219 526 1806 76 457 1807 439 527 1808 76 457 1809 219 526 1810 408 458 1811 440 528 1812 439 527 1813 92 529 1814 439 527 1815 440 528 1816 219 526 1817 91 525 1818 219 526 1819 440 528 1820 219 526 1821 91 525 1822 437 523 1823 439 527 1824 76 457 1825 220 530 1826 220 530 1827 76 457 1828 410 463 1829 220 530 1830 410 463 1831 441 531 1832 441 531 1833 410 463 1834 77 464 1835 93 532 1836 442 533 1837 220 530 1838 93 532 1839 220 530 1840 441 531 1841 442 533 1842 92 529 1843 439 527 1844 442 533 1845 439 527 1846 220 530 1847 441 531 1848 77 464 1849 221 534 1850 221 534 1851 77 464 1852 412 469 1853 221 534 1854 412 469 1855 443 535 1856 443 535 1857 412 469 1858 78 470 1859 94 536 1860 444 537 1861 221 534 1862 94 536 1863 221 534 1864 443 535 1865 444 537 1866 93 532 1867 441 531 1868 444 537 1869 441 531 1870 221 534 1871 443 535 1872 414 476 1873 222 538 1874 414 476 1875 443 535 1876 78 470 1877 222 538 1878 79 475 1879 445 539 1880 79 475 1881 222 538 1882 414 476 1883 446 540 1884 445 539 1885 95 541 1886 445 539 1887 446 540 1888 222 538 1889 94 536 1890 222 538 1891 446 540 1892 222 538 1893 94 536 1894 443 535 1895 445 539 1896 415 479 1897 223 542 1898 415 479 1899 445 539 1900 79 475 1901 223 542 1902 64 392 1903 418 480 1904 64 392 1905 223 542 1906 415 479 1907 447 543 1908 418 480 1909 80 485 1910 418 480 1911 447 543 1912 223 542 1913 95 541 1914 223 542 1915 447 543 1916 223 542 1917 95 541 1918 445 539 1919 897 544 1920 895 545 1921 896 546 1922 896 546 1923 895 545 1924 864 547 1925 896 546 1926 864 547 1927 927 548 1928 927 548 1929 864 547 1930 865 549 1931 97 550 1932 449 551 1933 224 552 1934 97 550 1935 224 552 1936 448 553 1937 449 551 1938 96 554 1939 450 555 1940 449 551 1941 450 555 1942 224 552 1943 927 548 1944 865 549 1945 926 556 1946 926 556 1947 865 549 1948 866 557 1949 926 556 1950 866 557 1951 925 558 1952 925 558 1953 866 557 1954 867 559 1955 98 560 1956 452 561 1957 225 562 1958 98 560 1959 225 562 1960 451 563 1961 452 561 1962 97 550 1963 448 553 1964 452 561 1965 448 553 1966 225 562 1967 925 558 1968 868 564 1969 924 565 1970 868 564 1971 925 558 1972 867 559 1973 924 565 1974 869 566 1975 923 567 1976 869 566 1977 924 565 1978 868 564 1979 454 568 1980 453 569 1981 99 570 1982 453 569 1983 454 568 1984 226 571 1985 98 560 1986 226 571 1987 454 568 1988 226 571 1989 98 560 1990 451 563 1991 923 567 1992 870 572 1993 922 573 1994 870 572 1995 923 567 1996 869 566 1997 922 573 1998 871 574 1999 921 575 2000 871 574 2001 922 573 2002 870 572 2003 456 576 2004 455 577 2005 100 578 2006 455 577 2007 456 576 2008 227 579 2009 99 570 2010 227 579 2011 456 576 2012 227 579 2013 99 570 2014 453 569 2015 921 575 2016 871 574 2017 920 580 2018 920 580 2019 871 574 2020 872 581 2021 920 580 2022 872 581 2023 919 582 2024 919 582 2025 872 581 2026 873 583 2027 101 584 2028 458 585 2029 228 586 2030 101 584 2031 228 586 2032 457 587 2033 458 585 2034 100 578 2035 455 577 2036 458 585 2037 455 577 2038 228 586 2039 919 582 2040 873 583 2041 918 588 2042 918 588 2043 873 583 2044 874 589 2045 918 588 2046 874 589 2047 917 590 2048 917 590 2049 874 589 2050 875 591 2051 102 592 2052 460 593 2053 229 594 2054 102 592 2055 229 594 2056 459 595 2057 460 593 2058 101 584 2059 457 587 2060 460 593 2061 457 587 2062 229 594 2063 917 590 2064 876 596 2065 916 597 2066 876 596 2067 917 590 2068 875 591 2069 916 597 2070 877 598 2071 915 599 2072 877 598 2073 916 597 2074 876 596 2075 462 600 2076 461 601 2077 103 602 2078 461 601 2079 462 600 2080 230 603 2081 102 592 2082 230 603 2083 462 600 2084 230 603 2085 102 592 2086 459 595 2087 915 599 2088 878 604 2089 914 605 2090 878 604 2091 915 599 2092 877 598 2093 914 605 2094 879 606 2095 913 607 2096 879 606 2097 914 605 2098 878 604 2099 464 608 2100 463 609 2101 104 610 2102 463 609 2103 464 608 2104 231 611 2105 103 602 2106 231 611 2107 464 608 2108 231 611 2109 103 602 2110 461 601 2111 913 607 2112 879 606 2113 912 612 2114 912 612 2115 879 606 2116 880 613 2117 912 612 2118 880 613 2119 911 614 2120 911 614 2121 880 613 2122 881 615 2123 105 616 2124 466 617 2125 232 618 2126 105 616 2127 232 618 2128 465 619 2129 466 617 2130 104 610 2131 463 609 2132 466 617 2133 463 609 2134 232 618 2135 911 614 2136 881 615 2137 910 620 2138 910 620 2139 881 615 2140 882 621 2141 910 620 2142 882 621 2143 909 622 2144 909 622 2145 882 621 2146 883 623 2147 106 624 2148 468 625 2149 233 626 2150 106 624 2151 233 626 2152 467 627 2153 468 625 2154 105 616 2155 465 619 2156 468 625 2157 465 619 2158 233 626 2159 909 622 2160 884 628 2161 908 629 2162 884 628 2163 909 622 2164 883 623 2165 908 629 2166 885 630 2167 907 631 2168 885 630 2169 908 629 2170 884 628 2171 470 632 2172 469 633 2173 107 634 2174 469 633 2175 470 632 2176 234 635 2177 106 624 2178 234 635 2179 470 632 2180 234 635 2181 106 624 2182 467 627 2183 907 631 2184 886 636 2185 906 637 2186 886 636 2187 907 631 2188 885 630 2189 906 637 2190 887 638 2191 905 639 2192 887 638 2193 906 637 2194 886 636 2195 472 640 2196 471 641 2197 108 642 2198 471 641 2199 472 640 2200 235 643 2201 107 634 2202 235 643 2203 472 640 2204 235 643 2205 107 634 2206 469 633 2207 905 639 2208 887 638 2209 904 644 2210 904 644 2211 887 638 2212 888 645 2213 904 644 2214 888 645 2215 903 646 2216 903 646 2217 888 645 2218 889 647 2219 109 648 2220 474 649 2221 236 650 2222 109 648 2223 236 650 2224 473 651 2225 474 649 2226 108 642 2227 471 641 2228 474 649 2229 471 641 2230 236 650 2231 903 646 2232 889 647 2233 902 652 2234 902 652 2235 889 647 2236 890 653 2237 902 652 2238 890 653 2239 901 654 2240 901 654 2241 890 653 2242 891 655 2243 110 656 2244 476 657 2245 237 658 2246 110 656 2247 237 658 2248 475 659 2249 476 657 2250 109 648 2251 473 651 2252 476 657 2253 473 651 2254 237 658 2255 901 654 2256 892 660 2257 900 661 2258 892 660 2259 901 654 2260 891 655 2261 900 661 2262 893 662 2263 899 663 2264 893 662 2265 900 661 2266 892 660 2267 478 664 2268 477 665 2269 111 666 2270 477 665 2271 478 664 2272 238 667 2273 110 656 2274 238 667 2275 478 664 2276 238 667 2277 110 656 2278 475 659 2279 899 663 2280 894 668 2281 898 669 2282 894 668 2283 899 663 2284 893 662 2285 898 669 2286 895 545 2287 897 544 2288 895 545 2289 898 669 2290 894 668 2291 479 670 2292 450 555 2293 96 554 2294 450 555 2295 479 670 2296 239 671 2297 111 666 2298 239 671 2299 479 670 2300 239 671 2301 111 666 2302 477 665 2303 961 672 2304 959 673 2305 960 674 2306 960 674 2307 959 673 2308 928 675 2309 960 674 2310 928 675 2311 991 676 2312 991 676 2313 928 675 2314 929 677 2315 113 678 2316 481 679 2317 240 680 2318 113 678 2319 240 680 2320 480 681 2321 481 679 2322 112 682 2323 482 683 2324 481 679 2325 482 683 2326 240 680 2327 991 676 2328 929 677 2329 990 684 2330 990 684 2331 929 677 2332 930 685 2333 990 684 2334 930 685 2335 989 686 2336 989 686 2337 930 685 2338 931 687 2339 114 688 2340 484 689 2341 241 690 2342 114 688 2343 241 690 2344 483 691 2345 484 689 2346 113 678 2347 480 681 2348 484 689 2349 480 681 2350 241 690 2351 989 686 2352 932 692 2353 988 693 2354 932 692 2355 989 686 2356 931 687 2357 988 693 2358 933 694 2359 987 695 2360 933 694 2361 988 693 2362 932 692 2363 486 696 2364 485 697 2365 115 698 2366 485 697 2367 486 696 2368 242 699 2369 114 688 2370 242 699 2371 486 696 2372 242 699 2373 114 688 2374 483 691 2375 987 695 2376 934 700 2377 986 701 2378 934 700 2379 987 695 2380 933 694 2381 986 701 2382 935 702 2383 985 703 2384 935 702 2385 986 701 2386 934 700 2387 488 704 2388 487 705 2389 116 706 2390 487 705 2391 488 704 2392 243 707 2393 115 698 2394 243 707 2395 488 704 2396 243 707 2397 115 698 2398 485 697 2399 985 703 2400 935 702 2401 984 708 2402 984 708 2403 935 702 2404 936 709 2405 984 708 2406 936 709 2407 983 710 2408 983 710 2409 936 709 2410 937 711 2411 117 712 2412 490 713 2413 244 714 2414 117 712 2415 244 714 2416 489 715 2417 490 713 2418 116 706 2419 487 705 2420 490 713 2421 487 705 2422 244 714 2423 983 710 2424 937 711 2425 982 716 2426 982 716 2427 937 711 2428 938 717 2429 982 716 2430 938 717 2431 981 718 2432 981 718 2433 938 717 2434 939 719 2435 118 720 2436 492 721 2437 245 722 2438 118 720 2439 245 722 2440 491 723 2441 492 721 2442 117 712 2443 489 715 2444 492 721 2445 489 715 2446 245 722 2447 981 718 2448 940 724 2449 980 725 2450 940 724 2451 981 718 2452 939 719 2453 980 725 2454 941 726 2455 979 727 2456 941 726 2457 980 725 2458 940 724 2459 494 728 2460 493 729 2461 119 730 2462 493 729 2463 494 728 2464 246 731 2465 118 720 2466 246 731 2467 494 728 2468 246 731 2469 118 720 2470 491 723 2471 979 727 2472 942 732 2473 978 733 2474 942 732 2475 979 727 2476 941 726 2477 978 733 2478 943 734 2479 977 735 2480 943 734 2481 978 733 2482 942 732 2483 496 736 2484 495 737 2485 120 738 2486 495 737 2487 496 736 2488 247 739 2489 119 730 2490 247 739 2491 496 736 2492 247 739 2493 119 730 2494 493 729 2495 977 735 2496 943 734 2497 976 740 2498 976 740 2499 943 734 2500 944 741 2501 976 740 2502 944 741 2503 975 742 2504 975 742 2505 944 741 2506 945 743 2507 121 744 2508 498 745 2509 248 746 2510 121 744 2511 248 746 2512 497 747 2513 498 745 2514 120 738 2515 495 737 2516 498 745 2517 495 737 2518 248 746 2519 975 742 2520 945 743 2521 974 748 2522 974 748 2523 945 743 2524 946 749 2525 974 748 2526 946 749 2527 973 750 2528 973 750 2529 946 749 2530 947 751 2531 122 752 2532 500 753 2533 249 754 2534 122 752 2535 249 754 2536 499 755 2537 500 753 2538 121 744 2539 497 747 2540 500 753 2541 497 747 2542 249 754 2543 973 750 2544 948 756 2545 972 757 2546 948 756 2547 973 750 2548 947 751 2549 972 757 2550 949 758 2551 971 759 2552 949 758 2553 972 757 2554 948 756 2555 502 760 2556 501 761 2557 123 762 2558 501 761 2559 502 760 2560 250 763 2561 122 752 2562 250 763 2563 502 760 2564 250 763 2565 122 752 2566 499 755 2567 971 759 2568 950 764 2569 970 765 2570 950 764 2571 971 759 2572 949 758 2573 970 765 2574 951 766 2575 969 767 2576 951 766 2577 970 765 2578 950 764 2579 504 768 2580 503 769 2581 124 770 2582 503 769 2583 504 768 2584 251 771 2585 123 762 2586 251 771 2587 504 768 2588 251 771 2589 123 762 2590 501 761 2591 969 767 2592 951 766 2593 968 772 2594 968 772 2595 951 766 2596 952 773 2597 968 772 2598 952 773 2599 967 774 2600 967 774 2601 952 773 2602 953 775 2603 125 776 2604 506 777 2605 252 778 2606 125 776 2607 252 778 2608 505 779 2609 506 777 2610 124 770 2611 503 769 2612 506 777 2613 503 769 2614 252 778 2615 967 774 2616 953 775 2617 966 780 2618 966 780 2619 953 775 2620 954 781 2621 966 780 2622 954 781 2623 965 782 2624 965 782 2625 954 781 2626 955 783 2627 126 784 2628 508 785 2629 253 786 2630 126 784 2631 253 786 2632 507 787 2633 508 785 2634 125 776 2635 505 779 2636 508 785 2637 505 779 2638 253 786 2639 965 782 2640 956 788 2641 964 789 2642 956 788 2643 965 782 2644 955 783 2645 964 789 2646 957 790 2647 963 791 2648 957 790 2649 964 789 2650 956 788 2651 510 792 2652 509 793 2653 127 794 2654 509 793 2655 510 792 2656 254 795 2657 126 784 2658 254 795 2659 510 792 2660 254 795 2661 126 784 2662 507 787 2663 963 791 2664 958 796 2665 962 797 2666 958 796 2667 963 791 2668 957 790 2669 962 797 2670 959 673 2671 961 672 2672 959 673 2673 962 797 2674 958 796 2675 511 798 2676 482 683 2677 112 682 2678 482 683 2679 511 798 2680 255 799 2681 127 794 2682 255 799 2683 511 798 2684 255 799 2685 127 794 2686 509 793 2687 1025 800 2688 1023 801 2689 1024 802 2690 1024 802 2691 1023 801 2692 992 803 2693 1024 802 2694 992 803 2695 1055 804 2696 1055 804 2697 992 803 2698 993 805 2699 129 806 2700 513 807 2701 256 808 2702 129 806 2703 256 808 2704 512 809 2705 513 807 2706 128 810 2707 514 811 2708 513 807 2709 514 811 2710 256 808 2711 1055 804 2712 993 805 2713 1054 812 2714 1054 812 2715 993 805 2716 994 813 2717 1054 812 2718 994 813 2719 1053 814 2720 1053 814 2721 994 813 2722 995 815 2723 130 816 2724 516 817 2725 257 818 2726 257 818 2727 515 819 2728 130 816 2729 516 817 2730 129 806 2731 512 809 2732 516 817 2733 512 809 2734 257 818 2735 1053 814 2736 996 820 2737 1052 821 2738 996 820 2739 1053 814 2740 995 815 2741 1052 821 2742 997 822 2743 1051 823 2744 997 822 2745 1052 821 2746 996 820 2747 518 824 2748 517 825 2749 131 826 2750 517 825 2751 518 824 2752 258 827 2753 130 816 2754 258 827 2755 518 824 2756 258 827 2757 130 816 2758 515 819 2759 1051 823 2760 998 828 2761 1050 829 2762 998 828 2763 1051 823 2764 997 822 2765 1050 829 2766 999 830 2767 1049 831 2768 999 830 2769 1050 829 2770 998 828 2771 520 832 2772 519 833 2773 132 834 2774 519 833 2775 520 832 2776 259 835 2777 131 826 2778 259 835 2779 520 832 2780 259 835 2781 131 826 2782 517 825 2783 1049 831 2784 999 830 2785 1048 836 2786 1048 836 2787 999 830 2788 1000 837 2789 1048 836 2790 1000 837 2791 1047 838 2792 1047 838 2793 1000 837 2794 1001 839 2795 133 840 2796 522 841 2797 260 842 2798 133 840 2799 260 842 2800 521 843 2801 522 841 2802 132 834 2803 519 833 2804 522 841 2805 519 833 2806 260 842 2807 1047 838 2808 1001 839 2809 1046 844 2810 1046 844 2811 1001 839 2812 1002 845 2813 1046 844 2814 1002 845 2815 1045 846 2816 1045 846 2817 1002 845 2818 1003 847 2819 134 848 2820 524 849 2821 261 850 2822 261 850 2823 523 851 2824 134 848 2825 524 849 2826 133 840 2827 521 843 2828 524 849 2829 521 843 2830 261 850 2831 1045 846 2832 1004 852 2833 1044 853 2834 1004 852 2835 1045 846 2836 1003 847 2837 1044 853 2838 1005 854 2839 1043 855 2840 1005 854 2841 1044 853 2842 1004 852 2843 526 856 2844 525 857 2845 135 858 2846 525 857 2847 526 856 2848 262 859 2849 134 848 2850 262 859 2851 526 856 2852 262 859 2853 134 848 2854 523 851 2855 1043 855 2856 1006 860 2857 1042 861 2858 1006 860 2859 1043 855 2860 1005 854 2861 1042 861 2862 1007 862 2863 1041 863 2864 1007 862 2865 1042 861 2866 1006 860 2867 528 864 2868 527 865 2869 136 866 2870 527 865 2871 528 864 2872 263 867 2873 135 858 2874 263 867 2875 528 864 2876 263 867 2877 135 858 2878 525 857 2879 1041 863 2880 1007 862 2881 1040 868 2882 1040 868 2883 1007 862 2884 1008 869 2885 1040 868 2886 1008 869 2887 1039 870 2888 1039 870 2889 1008 869 2890 1009 871 2891 137 872 2892 530 873 2893 264 874 2894 137 872 2895 264 874 2896 529 875 2897 530 873 2898 136 866 2899 527 865 2900 530 873 2901 527 865 2902 264 874 2903 1039 870 2904 1009 871 2905 1038 876 2906 1038 876 2907 1009 871 2908 1010 877 2909 1038 876 2910 1010 877 2911 1037 878 2912 1037 878 2913 1010 877 2914 1011 879 2915 138 880 2916 532 881 2917 265 882 2918 265 882 2919 531 883 2920 138 880 2921 532 881 2922 137 872 2923 529 875 2924 532 881 2925 529 875 2926 265 882 2927 1037 878 2928 1012 884 2929 1036 885 2930 1012 884 2931 1037 878 2932 1011 879 2933 1036 885 2934 1013 886 2935 1035 887 2936 1013 886 2937 1036 885 2938 1012 884 2939 534 888 2940 533 889 2941 139 890 2942 533 889 2943 534 888 2944 266 891 2945 138 880 2946 266 891 2947 534 888 2948 266 891 2949 138 880 2950 531 883 2951 1035 887 2952 1014 892 2953 1034 893 2954 1014 892 2955 1035 887 2956 1013 886 2957 1034 893 2958 1015 894 2959 1033 895 2960 1015 894 2961 1034 893 2962 1014 892 2963 536 896 2964 535 897 2965 140 898 2966 535 897 2967 536 896 2968 267 899 2969 139 890 2970 267 899 2971 536 896 2972 267 899 2973 139 890 2974 533 889 2975 1033 895 2976 1015 894 2977 1032 900 2978 1032 900 2979 1015 894 2980 1016 901 2981 1032 900 2982 1016 901 2983 1031 902 2984 1031 902 2985 1016 901 2986 1017 903 2987 141 904 2988 538 905 2989 268 906 2990 141 904 2991 268 906 2992 537 907 2993 538 905 2994 140 898 2995 535 897 2996 538 905 2997 535 897 2998 268 906 2999 1031 902 3000 1017 903 3001 1030 908 3002 1030 908 3003 1017 903 3004 1018 909 3005 1030 908 3006 1018 909 3007 1029 910 3008 1029 910 3009 1018 909 3010 1019 911 3011 142 912 3012 540 913 3013 269 914 3014 269 914 3015 539 915 3016 142 912 3017 540 913 3018 141 904 3019 537 907 3020 540 913 3021 537 907 3022 269 914 3023 1029 910 3024 1020 916 3025 1028 917 3026 1020 916 3027 1029 910 3028 1019 911 3029 1028 917 3030 1021 918 3031 1027 919 3032 1021 918 3033 1028 917 3034 1020 916 3035 542 920 3036 541 921 3037 143 922 3038 541 921 3039 542 920 3040 270 923 3041 142 912 3042 270 923 3043 542 920 3044 270 923 3045 142 912 3046 539 915 3047 1027 919 3048 1022 924 3049 1026 925 3050 1022 924 3051 1027 919 3052 1021 918 3053 1026 925 3054 1023 801 3055 1025 800 3056 1023 801 3057 1026 925 3058 1022 924 3059 543 926 3060 514 811 3061 128 810 3062 514 811 3063 543 926 3064 271 927 3065 143 922 3066 271 927 3067 543 926 3068 271 927 3069 143 922 3070 541 921 3071 610 928 3072 608 929 3073 544 930 3074 608 929 3075 610 928 3076 576 931 3077 576 931 3078 545 932 3079 608 929 3080 545 932 3081 576 931 3082 609 933 3083 609 933 3084 611 934 3085 545 932 3086 611 934 3087 609 933 3088 577 935 3089 577 935 3090 546 936 3091 611 934 3092 546 936 3093 577 935 3094 612 937 3095 578 938 3096 546 936 3097 612 937 3098 546 936 3099 578 938 3100 613 939 3101 614 940 3102 613 939 3103 578 938 3104 613 939 3105 614 940 3106 547 941 3107 579 942 3108 547 941 3109 614 940 3110 547 941 3111 579 942 3112 615 943 3113 616 944 3114 615 943 3115 579 942 3116 615 943 3117 616 944 3118 548 945 3119 616 944 3120 617 946 3121 548 945 3122 617 946 3123 616 944 3124 580 947 3125 580 947 3126 549 948 3127 617 946 3128 549 948 3129 580 947 3130 618 949 3131 618 949 3132 619 950 3133 549 948 3134 619 950 3135 618 949 3136 581 951 3137 581 951 3138 550 952 3139 619 950 3140 550 952 3141 581 951 3142 620 953 3143 582 954 3144 550 952 3145 620 953 3146 550 952 3147 582 954 3148 621 955 3149 622 956 3150 621 955 3151 582 954 3152 621 955 3153 622 956 3154 551 957 3155 583 958 3156 551 957 3157 622 956 3158 551 957 3159 583 958 3160 623 959 3161 624 960 3162 623 959 3163 583 958 3164 623 959 3165 624 960 3166 552 961 3167 624 960 3168 625 962 3169 552 961 3170 625 962 3171 624 960 3172 584 963 3173 584 963 3174 553 964 3175 625 962 3176 553 964 3177 584 963 3178 626 965 3179 626 965 3180 627 966 3181 553 964 3182 627 966 3183 626 965 3184 585 967 3185 585 967 3186 554 968 3187 627 966 3188 554 968 3189 585 967 3190 628 969 3191 586 970 3192 554 968 3193 628 969 3194 554 968 3195 586 970 3196 629 971 3197 630 972 3198 629 971 3199 586 970 3200 629 971 3201 630 972 3202 555 973 3203 587 974 3204 555 973 3205 630 972 3206 555 973 3207 587 974 3208 631 975 3209 632 976 3210 631 975 3211 587 974 3212 631 975 3213 632 976 3214 556 977 3215 632 976 3216 633 978 3217 556 977 3218 633 978 3219 632 976 3220 588 979 3221 588 979 3222 557 980 3223 633 978 3224 557 980 3225 588 979 3226 634 981 3227 634 981 3228 635 982 3229 557 980 3230 635 982 3231 634 981 3232 589 983 3233 589 983 3234 558 984 3235 635 982 3236 558 984 3237 589 983 3238 636 985 3239 590 986 3240 558 984 3241 636 985 3242 558 984 3243 590 986 3244 637 987 3245 638 988 3246 637 987 3247 590 986 3248 637 987 3249 638 988 3250 559 989 3251 591 990 3252 559 989 3253 638 988 3254 559 989 3255 591 990 3256 639 991 3257 610 928 3258 639 991 3259 591 990 3260 639 991 3261 610 928 3262 544 930 3263 641 992 3264 561 993 3265 592 994 3266 561 993 3267 640 995 3268 592 994 3269 560 996 3270 641 992 3271 642 997 3272 641 992 3273 592 994 3274 642 997 3275 644 998 3276 562 999 3277 593 1000 3278 562 999 3279 643 1001 3280 593 1000 3281 561 993 3282 644 998 3283 640 995 3284 644 998 3285 593 1000 3286 640 995 3287 646 1002 3288 645 1003 3289 594 1004 3290 645 1003 3291 646 1002 3292 563 1005 3293 594 1004 3294 562 999 3295 646 1002 3296 562 999 3297 594 1004 3298 643 1001 3299 648 1006 3300 647 1007 3301 595 1008 3302 647 1007 3303 648 1006 3304 564 1009 3305 563 1005 3306 595 1008 3307 645 1003 3308 595 1008 3309 563 1005 3310 648 1006 3311 650 1010 3312 565 1011 3313 596 1012 3314 565 1011 3315 649 1013 3316 596 1012 3317 564 1009 3318 650 1010 3319 647 1007 3320 650 1010 3321 596 1012 3322 647 1007 3323 652 1014 3324 566 1015 3325 597 1016 3326 566 1015 3327 651 1017 3328 597 1016 3329 565 1011 3330 652 1014 3331 649 1013 3332 652 1014 3333 597 1016 3334 649 1013 3335 654 1018 3336 653 1019 3337 598 1020 3338 653 1019 3339 654 1018 3340 567 1021 3341 598 1020 3342 566 1015 3343 654 1018 3344 566 1015 3345 598 1020 3346 651 1017 3347 656 1022 3348 655 1023 3349 599 1024 3350 655 1023 3351 656 1022 3352 568 1025 3353 567 1021 3354 599 1024 3355 653 1019 3356 599 1024 3357 567 1021 3358 656 1022 3359 658 1026 3360 569 1027 3361 600 1028 3362 569 1027 3363 657 1029 3364 600 1028 3365 568 1025 3366 658 1026 3367 655 1023 3368 658 1026 3369 600 1028 3370 655 1023 3371 660 1030 3372 570 1031 3373 601 1032 3374 570 1031 3375 659 1033 3376 601 1032 3377 569 1027 3378 660 1030 3379 657 1029 3380 660 1030 3381 601 1032 3382 657 1029 3383 662 1034 3384 661 1035 3385 602 1036 3386 661 1035 3387 662 1034 3388 571 1037 3389 602 1036 3390 570 1031 3391 662 1034 3392 570 1031 3393 602 1036 3394 659 1033 3395 664 1038 3396 663 1039 3397 603 1040 3398 663 1039 3399 664 1038 3400 572 1041 3401 571 1037 3402 603 1040 3403 661 1035 3404 603 1040 3405 571 1037 3406 664 1038 3407 666 1042 3408 573 1043 3409 604 1044 3410 573 1043 3411 665 1045 3412 604 1044 3413 572 1041 3414 666 1042 3415 663 1039 3416 666 1042 3417 604 1044 3418 663 1039 3419 668 1046 3420 574 1047 3421 605 1048 3422 574 1047 3423 667 1049 3424 605 1048 3425 573 1043 3426 668 1046 3427 665 1045 3428 668 1046 3429 605 1048 3430 665 1045 3431 670 1050 3432 669 1051 3433 606 1052 3434 669 1051 3435 670 1050 3436 575 1053 3437 606 1052 3438 574 1047 3439 670 1050 3440 574 1047 3441 606 1052 3442 667 1049 3443 671 1054 3444 642 997 3445 607 1055 3446 642 997 3447 671 1054 3448 560 996 3449 575 1053 3450 607 1055 3451 669 1051 3452 607 1055 3453 575 1053 3454 671 1054 3455 544 1056 3456 272 1057 3457 0 1058 3458 272 1057 3459 544 1056 3460 608 1059 3461 272 1057 3462 545 1060 3463 1 1061 3464 545 1060 3465 272 1057 3466 608 1059 3467 545 1060 3468 276 1062 3469 1 1061 3470 276 1062 3471 545 1060 3472 611 1063 3473 276 1062 3474 546 1064 3475 2 1065 3476 546 1064 3477 276 1062 3478 611 1063 3479 546 1064 3480 613 1066 3481 279 1067 3482 279 1067 3483 2 1065 3484 546 1064 3485 547 1068 3486 279 1067 3487 613 1066 3488 279 1067 3489 547 1068 3490 3 1069 3491 547 1068 3492 615 1070 3493 282 1071 3494 282 1071 3495 3 1069 3496 547 1068 3497 548 1072 3498 282 1071 3499 615 1070 3500 282 1071 3501 548 1072 3502 4 1073 3503 548 1072 3504 617 1074 3505 285 1075 3506 548 1072 3507 285 1075 3508 4 1073 3509 549 1076 3510 285 1075 3511 617 1074 3512 285 1075 3513 549 1076 3514 5 1077 3515 549 1076 3516 288 1078 3517 5 1077 3518 288 1078 3519 549 1076 3520 619 1079 3521 288 1078 3522 550 1080 3523 6 1081 3524 550 1080 3525 288 1078 3526 619 1079 3527 550 1080 3528 291 1082 3529 6 1081 3530 291 1082 3531 550 1080 3532 621 1083 3533 291 1082 3534 551 1084 3535 7 1085 3536 551 1084 3537 291 1082 3538 621 1083 3539 294 1086 3540 7 1085 3541 551 1084 3542 294 1086 3543 551 1084 3544 623 1087 3545 552 1088 3546 294 1086 3547 623 1087 3548 294 1086 3549 552 1088 3550 8 1089 3551 552 1088 3552 625 1090 3553 297 1091 3554 297 1091 3555 8 1089 3556 552 1088 3557 553 1092 3558 297 1091 3559 625 1090 3560 297 1091 3561 553 1092 3562 9 1093 3563 553 1092 3564 627 1094 3565 300 1095 3566 553 1092 3567 300 1095 3568 9 1093 3569 554 1096 3570 300 1095 3571 627 1094 3572 300 1095 3573 554 1096 3574 10 1097 3575 303 1098 3576 554 1096 3577 629 1099 3578 554 1096 3579 303 1098 3580 10 1097 3581 303 1098 3582 555 1100 3583 11 1101 3584 555 1100 3585 303 1098 3586 629 1099 3587 555 1100 3588 306 1102 3589 11 1101 3590 306 1102 3591 555 1100 3592 631 1103 3593 306 1102 3594 556 1104 3595 12 1105 3596 556 1104 3597 306 1102 3598 631 1103 3599 309 1106 3600 12 1105 3601 556 1104 3602 309 1106 3603 556 1104 3604 633 1107 3605 309 1106 3606 557 1108 3607 13 1109 3608 557 1108 3609 309 1106 3610 633 1107 3611 557 1108 3612 635 1110 3613 312 1111 3614 312 1111 3615 13 1109 3616 557 1108 3617 558 1112 3618 312 1111 3619 635 1110 3620 312 1111 3621 558 1112 3622 14 1113 3623 558 1112 3624 637 1114 3625 315 1115 3626 315 1115 3627 14 1113 3628 558 1112 3629 559 1116 3630 315 1115 3631 637 1114 3632 315 1115 3633 559 1116 3634 15 1117 3635 318 1118 3636 559 1116 3637 639 1119 3638 559 1116 3639 318 1118 3640 15 1117 3641 544 1056 3642 318 1118 3643 639 1119 3644 318 1118 3645 544 1056 3646 0 1058 3647 513 1120 3648 561 1121 3649 641 1122 3650 561 1121 3651 513 1120 3652 129 1123 3653 560 1124 3654 513 1120 3655 641 1122 3656 513 1120 3657 560 1124 3658 128 1125 3659 562 1126 3660 644 1127 3661 516 1128 3662 516 1128 3663 130 1129 3664 562 1126 3665 561 1121 3666 516 1128 3667 644 1127 3668 516 1128 3669 561 1121 3670 129 1123 3671 563 1130 3672 646 1131 3673 518 1132 3674 518 1132 3675 131 1133 3676 563 1130 3677 562 1126 3678 518 1132 3679 646 1131 3680 518 1132 3681 562 1126 3682 130 1129 3683 520 1134 3684 132 1135 3685 564 1136 3686 520 1134 3687 564 1136 3688 648 1137 3689 520 1134 3690 563 1130 3691 131 1133 3692 563 1130 3693 520 1134 3694 648 1137 3695 565 1138 3696 522 1139 3697 133 1140 3698 522 1139 3699 565 1138 3700 650 1141 3701 522 1139 3702 564 1136 3703 132 1135 3704 564 1136 3705 522 1139 3706 650 1141 3707 524 1142 3708 566 1143 3709 652 1144 3710 566 1143 3711 524 1142 3712 134 1145 3713 524 1142 3714 565 1138 3715 133 1140 3716 565 1138 3717 524 1142 3718 652 1144 3719 567 1146 3720 654 1147 3721 526 1148 3722 567 1146 3723 526 1148 3724 135 1149 3725 566 1143 3726 526 1148 3727 654 1147 3728 526 1148 3729 566 1143 3730 134 1145 3731 568 1150 3732 656 1151 3733 528 1152 3734 528 1152 3735 136 1153 3736 568 1150 3737 567 1146 3738 528 1152 3739 656 1151 3740 528 1152 3741 567 1146 3742 135 1149 3743 530 1154 3744 137 1155 3745 569 1156 3746 530 1154 3747 569 1156 3748 658 1157 3749 568 1150 3750 530 1154 3751 658 1157 3752 530 1154 3753 568 1150 3754 136 1153 3755 570 1158 3756 532 1159 3757 138 1160 3758 532 1159 3759 570 1158 3760 660 1161 3761 532 1159 3762 569 1156 3763 137 1155 3764 569 1156 3765 532 1159 3766 660 1161 3767 571 1162 3768 534 1163 3769 139 1164 3770 534 1163 3771 571 1162 3772 662 1165 3773 534 1163 3774 570 1158 3775 138 1160 3776 570 1158 3777 534 1163 3778 662 1165 3779 572 1166 3780 664 1167 3781 536 1168 3782 572 1166 3783 536 1168 3784 140 1169 3785 571 1162 3786 536 1168 3787 664 1167 3788 536 1168 3789 571 1162 3790 139 1164 3791 573 1170 3792 666 1171 3793 538 1172 3794 538 1172 3795 141 1173 3796 573 1170 3797 572 1166 3798 538 1172 3799 666 1171 3800 538 1172 3801 572 1166 3802 140 1169 3803 574 1174 3804 668 1175 3805 540 1176 3806 540 1176 3807 142 1177 3808 574 1174 3809 573 1170 3810 540 1176 3811 668 1175 3812 540 1176 3813 573 1170 3814 141 1173 3815 575 1178 3816 542 1179 3817 143 1180 3818 542 1179 3819 575 1178 3820 670 1181 3821 542 1179 3822 574 1174 3823 142 1177 3824 574 1174 3825 542 1179 3826 670 1181 3827 560 1124 3828 543 1182 3829 128 1125 3830 543 1182 3831 560 1124 3832 671 1183 3833 543 1182 3834 575 1178 3835 143 1180 3836 575 1178 3837 543 1182 3838 671 1183 3839 673 1184 3840 672 1184 3841 275 1184 3842 275 1185 3843 144 1185 3844 673 1185 3845 673 1186 3846 273 1186 3847 674 1186 3848 273 1187 3849 673 1187 3850 144 1187 3851 675 1188 3852 674 1188 3853 273 1188 3854 675 1189 3855 273 1189 3856 145 1189 3857 675 1190 3858 277 1190 3859 676 1190 3860 277 1191 3861 675 1191 3862 145 1191 3863 277 1192 3864 677 1192 3865 676 1192 3866 677 1193 3867 277 1193 3868 146 1193 3869 280 1194 3870 677 1194 3871 146 1194 3872 677 1195 3873 280 1195 3874 678 1195 3875 679 1196 3876 280 1196 3877 147 1196 3878 280 1197 3879 679 1197 3880 678 1197 3881 283 1198 3882 679 1198 3883 147 1198 3884 679 1199 3885 283 1199 3886 680 1199 3887 681 1200 3888 680 1200 3889 283 1200 3890 283 1201 3891 148 1201 3892 681 1201 3893 681 1202 3894 286 1202 3895 682 1202 3896 286 1203 3897 681 1203 3898 148 1203 3899 683 1204 3900 682 1204 3901 286 1204 3902 286 1205 3903 149 1205 3904 683 1205 3905 683 1206 3906 289 1206 3907 684 1206 3908 289 1207 3909 683 1207 3910 149 1207 3911 685 1208 3912 684 1208 3913 289 1208 3914 685 1209 3915 289 1209 3916 150 1209 3917 685 1210 3918 292 1210 3919 686 1210 3920 292 1211 3921 685 1211 3922 150 1211 3923 687 1212 3924 686 1212 3925 292 1212 3926 687 1213 3927 292 1213 3928 151 1213 3929 687 1214 3930 295 1214 3931 688 1214 3932 295 1215 3933 687 1215 3934 151 1215 3935 689 1216 3936 295 1216 3937 152 1216 3938 295 1217 3939 689 1217 3940 688 1217 3941 298 1218 3942 689 1218 3943 152 1218 3944 689 1219 3945 298 1219 3946 690 1219 3947 691 1220 3948 298 1220 3949 153 1220 3950 298 1221 3951 691 1221 3952 690 1221 3953 691 1222 3954 301 1222 3955 692 1222 3956 301 1223 3957 691 1223 3958 153 1223 3959 693 1224 3960 692 1224 3961 301 1224 3962 301 1225 3963 154 1225 3964 693 1225 3965 693 1226 3966 304 1226 3967 694 1226 3968 304 1227 3969 693 1227 3970 154 1227 3971 695 1228 3972 694 1228 3973 304 1228 3974 695 1229 3975 304 1229 3976 155 1229 3977 695 1230 3978 307 1230 3979 696 1230 3980 307 1231 3981 695 1231 3982 155 1231 3983 697 1232 3984 696 1232 3985 307 1232 3986 697 1233 3987 307 1233 3988 156 1233 3989 697 1234 3990 310 1234 3991 698 1234 3992 310 1235 3993 697 1235 3994 156 1235 3995 310 1236 3996 699 1236 3997 698 1236 3998 699 1237 3999 310 1237 4000 157 1237 4001 313 1238 4002 699 1238 4003 157 1238 4004 699 1239 4005 313 1239 4006 700 1239 4007 701 1240 4008 313 1240 4009 158 1240 4010 313 1241 4011 701 1241 4012 700 1241 4013 316 1242 4014 701 1242 4015 158 1242 4016 701 1243 4017 316 1243 4018 702 1243 4019 703 1244 4020 702 1244 4021 316 1244 4022 316 1245 4023 159 1245 4024 703 1245 4025 703 1246 4026 275 1246 4027 672 1246 4028 275 1247 4029 703 1247 4030 159 1247 4031 705 1248 4032 704 1248 4033 17 1248 4034 17 1249 4035 274 1249 4036 705 1249 4037 705 1250 4038 16 1250 4039 706 1250 4040 16 1251 4041 705 1251 4042 274 1251 4043 707 1252 4044 706 1252 4045 16 1252 4046 16 1253 4047 319 1253 4048 707 1253 4049 707 1254 4050 31 1254 4051 708 1254 4052 31 1255 4053 707 1255 4054 319 1255 4055 709 1256 4056 708 1256 4057 31 1256 4058 709 1257 4059 31 1257 4060 317 1257 4061 709 1258 4062 30 1258 4063 710 1258 4064 30 1259 4065 709 1259 4066 317 1259 4067 30 1260 4068 711 1260 4069 710 1260 4070 711 1261 4071 30 1261 4072 314 1261 4073 29 1262 4074 711 1262 4075 314 1262 4076 711 1263 4077 29 1263 4078 712 1263 4079 713 1264 4080 29 1264 4081 311 1264 4082 29 1265 4083 713 1265 4084 712 1265 4085 28 1266 4086 713 1266 4087 311 1266 4088 713 1267 4089 28 1267 4090 714 1267 4091 715 1268 4092 714 1268 4093 28 1268 4094 28 1269 4095 308 1269 4096 715 1269 4097 715 1270 4098 27 1270 4099 716 1270 4100 27 1271 4101 715 1271 4102 308 1271 4103 717 1272 4104 716 1272 4105 27 1272 4106 27 1273 4107 305 1273 4108 717 1273 4109 717 1274 4110 26 1274 4111 718 1274 4112 26 1275 4113 717 1275 4114 305 1275 4115 719 1276 4116 718 1276 4117 26 1276 4118 719 1277 4119 26 1277 4120 302 1277 4121 719 1278 4122 25 1278 4123 720 1278 4124 25 1279 4125 719 1279 4126 302 1279 4127 721 1280 4128 720 1280 4129 25 1280 4130 721 1281 4131 25 1281 4132 299 1281 4133 721 1282 4134 24 1282 4135 722 1282 4136 24 1283 4137 721 1283 4138 299 1283 4139 723 1284 4140 24 1284 4141 296 1284 4142 24 1285 4143 723 1285 4144 722 1285 4145 23 1286 4146 723 1286 4147 296 1286 4148 723 1287 4149 23 1287 4150 724 1287 4151 725 1288 4152 23 1288 4153 293 1288 4154 23 1289 4155 725 1289 4156 724 1289 4157 725 1290 4158 22 1290 4159 726 1290 4160 22 1291 4161 725 1291 4162 293 1291 4163 727 1292 4164 726 1292 4165 22 1292 4166 22 1293 4167 290 1293 4168 727 1293 4169 727 1294 4170 21 1294 4171 728 1294 4172 21 1295 4173 727 1295 4174 290 1295 4175 729 1296 4176 728 1296 4177 21 1296 4178 729 1297 4179 21 1297 4180 287 1297 4181 729 1298 4182 20 1298 4183 730 1298 4184 20 1299 4185 729 1299 4186 287 1299 4187 731 1300 4188 730 1300 4189 20 1300 4190 731 1301 4191 20 1301 4192 284 1301 4193 731 1302 4194 19 1302 4195 732 1302 4196 19 1303 4197 731 1303 4198 284 1303 4199 19 1304 4200 733 1304 4201 732 1304 4202 733 1305 4203 19 1305 4204 281 1305 4205 18 1306 4206 733 1306 4207 281 1306 4208 733 1307 4209 18 1307 4210 734 1307 4211 735 1308 4212 18 1308 4213 278 1308 4214 18 1309 4215 735 1309 4216 734 1309 4217 17 1310 4218 735 1310 4219 278 1310 4220 735 1311 4221 17 1311 4222 704 1311 4223 737 1312 4224 736 1312 4225 322 1312 4226 322 1313 4227 160 1313 4228 737 1313 4229 737 1314 4230 320 1314 4231 738 1314 4232 320 1315 4233 737 1315 4234 160 1315 4235 739 1316 4236 738 1316 4237 320 1316 4238 739 1317 4239 320 1317 4240 161 1317 4241 739 1318 4242 323 1318 4243 740 1318 4244 323 1319 4245 739 1319 4246 161 1319 4247 323 1320 4248 741 1320 4249 740 1320 4250 741 1321 4251 323 1321 4252 162 1321 4253 325 1322 4254 741 1322 4255 162 1322 4256 741 1323 4257 325 1323 4258 742 1323 4259 743 1324 4260 325 1324 4261 163 1324 4262 325 1325 4263 743 1325 4264 742 1325 4265 327 1326 4266 743 1326 4267 163 1326 4268 743 1327 4269 327 1327 4270 744 1327 4271 745 1328 4272 744 1328 4273 327 1328 4274 327 1329 4275 164 1329 4276 745 1329 4277 745 1330 4278 329 1330 4279 746 1330 4280 329 1331 4281 745 1331 4282 164 1331 4283 747 1332 4284 746 1332 4285 329 1332 4286 329 1333 4287 165 1333 4288 747 1333 4289 747 1334 4290 331 1334 4291 748 1334 4292 331 1335 4293 747 1335 4294 165 1335 4295 749 1336 4296 748 1336 4297 331 1336 4298 749 1337 4299 331 1337 4300 166 1337 4301 749 1338 4302 333 1338 4303 750 1338 4304 333 1339 4305 749 1339 4306 166 1339 4307 751 1340 4308 750 1340 4309 333 1340 4310 751 1341 4311 333 1341 4312 167 1341 4313 751 1342 4314 335 1342 4315 752 1342 4316 335 1343 4317 751 1343 4318 167 1343 4319 753 1344 4320 335 1344 4321 168 1344 4322 335 1345 4323 753 1345 4324 752 1345 4325 337 1346 4326 753 1346 4327 168 1346 4328 753 1347 4329 337 1347 4330 754 1347 4331 755 1348 4332 337 1348 4333 169 1348 4334 337 1349 4335 755 1349 4336 754 1349 4337 755 1350 4338 339 1350 4339 756 1350 4340 339 1351 4341 755 1351 4342 169 1351 4343 757 1352 4344 756 1352 4345 339 1352 4346 339 1353 4347 170 1353 4348 757 1353 4349 757 1354 4350 341 1354 4351 758 1354 4352 341 1355 4353 757 1355 4354 170 1355 4355 759 1356 4356 758 1356 4357 341 1356 4358 759 1357 4359 341 1357 4360 171 1357 4361 759 1358 4362 343 1358 4363 760 1358 4364 343 1359 4365 759 1359 4366 171 1359 4367 761 1360 4368 760 1360 4369 343 1360 4370 761 1361 4371 343 1361 4372 172 1361 4373 761 1362 4374 345 1362 4375 762 1362 4376 345 1363 4377 761 1363 4378 172 1363 4379 345 1364 4380 763 1364 4381 762 1364 4382 763 1365 4383 345 1365 4384 173 1365 4385 347 1366 4386 763 1366 4387 173 1366 4388 763 1367 4389 347 1367 4390 764 1367 4391 765 1368 4392 347 1368 4393 174 1368 4394 347 1369 4395 765 1369 4396 764 1369 4397 349 1370 4398 765 1370 4399 174 1370 4400 765 1371 4401 349 1371 4402 766 1371 4403 767 1372 4404 766 1372 4405 349 1372 4406 349 1373 4407 175 1373 4408 767 1373 4409 767 1374 4410 322 1374 4411 736 1374 4412 322 1375 4413 767 1375 4414 175 1375 4415 769 1376 4416 768 1376 4417 33 1376 4418 33 1377 4419 321 1377 4420 769 1377 4421 769 1378 4422 32 1378 4423 770 1378 4424 32 1379 4425 769 1379 4426 321 1379 4427 771 1380 4428 770 1380 4429 32 1380 4430 32 1381 4431 351 1381 4432 771 1381 4433 771 1382 4434 47 1382 4435 772 1382 4436 47 1383 4437 771 1383 4438 351 1383 4439 773 1384 4440 772 1384 4441 47 1384 4442 773 1385 4443 47 1385 4444 350 1385 4445 773 1386 4446 46 1386 4447 774 1386 4448 46 1387 4449 773 1387 4450 350 1387 4451 46 1388 4452 775 1388 4453 774 1388 4454 775 1389 4455 46 1389 4456 348 1389 4457 45 1390 4458 775 1390 4459 348 1390 4460 775 1391 4461 45 1391 4462 776 1391 4463 777 1392 4464 45 1392 4465 346 1392 4466 45 1393 4467 777 1393 4468 776 1393 4469 44 1394 4470 777 1394 4471 346 1394 4472 777 1395 4473 44 1395 4474 778 1395 4475 779 1396 4476 778 1396 4477 44 1396 4478 44 1397 4479 344 1397 4480 779 1397 4481 779 1398 4482 43 1398 4483 780 1398 4484 43 1399 4485 779 1399 4486 344 1399 4487 781 1400 4488 780 1400 4489 43 1400 4490 43 1401 4491 342 1401 4492 781 1401 4493 781 1402 4494 42 1402 4495 782 1402 4496 42 1403 4497 781 1403 4498 342 1403 4499 783 1404 4500 782 1404 4501 42 1404 4502 783 1405 4503 42 1405 4504 340 1405 4505 783 1406 4506 41 1406 4507 784 1406 4508 41 1407 4509 783 1407 4510 340 1407 4511 785 1408 4512 784 1408 4513 41 1408 4514 785 1409 4515 41 1409 4516 338 1409 4517 785 1410 4518 40 1410 4519 786 1410 4520 40 1411 4521 785 1411 4522 338 1411 4523 787 1412 4524 40 1412 4525 336 1412 4526 40 1413 4527 787 1413 4528 786 1413 4529 39 1414 4530 787 1414 4531 336 1414 4532 787 1415 4533 39 1415 4534 788 1415 4535 789 1416 4536 39 1416 4537 334 1416 4538 39 1417 4539 789 1417 4540 788 1417 4541 789 1418 4542 38 1418 4543 790 1418 4544 38 1419 4545 789 1419 4546 334 1419 4547 791 1420 4548 790 1420 4549 38 1420 4550 38 1421 4551 332 1421 4552 791 1421 4553 791 1422 4554 37 1422 4555 792 1422 4556 37 1423 4557 791 1423 4558 332 1423 4559 793 1424 4560 792 1424 4561 37 1424 4562 793 1425 4563 37 1425 4564 330 1425 4565 793 1426 4566 36 1426 4567 794 1426 4568 36 1427 4569 793 1427 4570 330 1427 4571 795 1428 4572 794 1428 4573 36 1428 4574 795 1429 4575 36 1429 4576 328 1429 4577 795 1430 4578 35 1430 4579 796 1430 4580 35 1431 4581 795 1431 4582 328 1431 4583 35 1432 4584 797 1432 4585 796 1432 4586 797 1433 4587 35 1433 4588 326 1433 4589 34 1434 4590 797 1434 4591 326 1434 4592 797 1435 4593 34 1435 4594 798 1435 4595 799 1436 4596 34 1436 4597 324 1436 4598 34 1437 4599 799 1437 4600 798 1437 4601 33 1438 4602 799 1438 4603 324 1438 4604 799 1439 4605 33 1439 4606 768 1439 4607 801 1440 4608 800 1440 4609 354 1440 4610 354 1441 4611 176 1441 4612 801 1441 4613 801 1442 4614 352 1442 4615 802 1442 4616 352 1443 4617 801 1443 4618 176 1443 4619 803 1444 4620 802 1444 4621 352 1444 4622 803 1445 4623 352 1445 4624 177 1445 4625 803 1446 4626 355 1446 4627 804 1446 4628 355 1447 4629 803 1447 4630 177 1447 4631 355 1448 4632 805 1448 4633 804 1448 4634 805 1449 4635 355 1449 4636 178 1449 4637 357 1450 4638 805 1450 4639 178 1450 4640 805 1451 4641 357 1451 4642 806 1451 4643 807 1452 4644 357 1452 4645 179 1452 4646 357 1453 4647 807 1453 4648 806 1453 4649 359 1454 4650 807 1454 4651 179 1454 4652 807 1455 4653 359 1455 4654 808 1455 4655 809 1456 4656 808 1456 4657 359 1456 4658 359 1457 4659 180 1457 4660 809 1457 4661 809 1458 4662 361 1458 4663 810 1458 4664 361 1459 4665 809 1459 4666 180 1459 4667 811 1460 4668 810 1460 4669 361 1460 4670 361 1461 4671 181 1461 4672 811 1461 4673 811 1462 4674 363 1462 4675 812 1462 4676 363 1463 4677 811 1463 4678 181 1463 4679 813 1464 4680 812 1464 4681 363 1464 4682 813 1465 4683 363 1465 4684 182 1465 4685 813 1466 4686 365 1466 4687 814 1466 4688 365 1467 4689 813 1467 4690 182 1467 4691 815 1468 4692 814 1468 4693 365 1468 4694 815 1469 4695 365 1469 4696 183 1469 4697 815 1470 4698 367 1470 4699 816 1470 4700 367 1471 4701 815 1471 4702 183 1471 4703 817 1472 4704 367 1472 4705 184 1472 4706 367 1473 4707 817 1473 4708 816 1473 4709 369 1474 4710 817 1474 4711 184 1474 4712 817 1475 4713 369 1475 4714 818 1475 4715 819 1476 4716 369 1476 4717 185 1476 4718 369 1477 4719 819 1477 4720 818 1477 4721 819 1478 4722 371 1478 4723 820 1478 4724 371 1479 4725 819 1479 4726 185 1479 4727 821 1480 4728 820 1480 4729 371 1480 4730 371 1481 4731 186 1481 4732 821 1481 4733 821 1482 4734 373 1482 4735 822 1482 4736 373 1483 4737 821 1483 4738 186 1483 4739 823 1484 4740 822 1484 4741 373 1484 4742 823 1485 4743 373 1485 4744 187 1485 4745 823 1486 4746 375 1486 4747 824 1486 4748 375 1487 4749 823 1487 4750 187 1487 4751 825 1488 4752 824 1488 4753 375 1488 4754 825 1489 4755 375 1489 4756 188 1489 4757 825 1490 4758 377 1490 4759 826 1490 4760 377 1491 4761 825 1491 4762 188 1491 4763 377 1492 4764 827 1492 4765 826 1492 4766 827 1493 4767 377 1493 4768 189 1493 4769 379 1494 4770 827 1494 4771 189 1494 4772 827 1495 4773 379 1495 4774 828 1495 4775 829 1496 4776 379 1496 4777 190 1496 4778 379 1497 4779 829 1497 4780 828 1497 4781 381 1498 4782 829 1498 4783 190 1498 4784 829 1499 4785 381 1499 4786 830 1499 4787 831 1500 4788 830 1500 4789 381 1500 4790 381 1501 4791 191 1501 4792 831 1501 4793 831 1502 4794 354 1502 4795 800 1502 4796 354 1503 4797 831 1503 4798 191 1503 4799 833 1504 4800 832 1504 4801 49 1504 4802 49 1505 4803 353 1505 4804 833 1505 4805 833 1506 4806 48 1506 4807 834 1506 4808 48 1507 4809 833 1507 4810 353 1507 4811 835 1508 4812 834 1508 4813 48 1508 4814 48 1509 4815 383 1509 4816 835 1509 4817 835 1510 4818 63 1510 4819 836 1510 4820 63 1511 4821 835 1511 4822 383 1511 4823 837 1512 4824 836 1512 4825 63 1512 4826 837 1513 4827 63 1513 4828 382 1513 4829 837 1514 4830 62 1514 4831 838 1514 4832 62 1515 4833 837 1515 4834 382 1515 4835 62 1516 4836 839 1516 4837 838 1516 4838 839 1517 4839 62 1517 4840 380 1517 4841 61 1518 4842 839 1518 4843 380 1518 4844 839 1519 4845 61 1519 4846 840 1519 4847 841 1520 4848 61 1520 4849 378 1520 4850 61 1521 4851 841 1521 4852 840 1521 4853 60 1522 4854 841 1522 4855 378 1522 4856 841 1523 4857 60 1523 4858 842 1523 4859 843 1524 4860 842 1524 4861 60 1524 4862 60 1525 4863 376 1525 4864 843 1525 4865 843 1526 4866 59 1526 4867 844 1526 4868 59 1527 4869 843 1527 4870 376 1527 4871 845 1528 4872 844 1528 4873 59 1528 4874 59 1529 4875 374 1529 4876 845 1529 4877 845 1530 4878 58 1530 4879 846 1530 4880 58 1531 4881 845 1531 4882 374 1531 4883 847 1532 4884 846 1532 4885 58 1532 4886 847 1533 4887 58 1533 4888 372 1533 4889 847 1534 4890 57 1534 4891 848 1534 4892 57 1535 4893 847 1535 4894 372 1535 4895 849 1536 4896 848 1536 4897 57 1536 4898 849 1537 4899 57 1537 4900 370 1537 4901 849 1538 4902 56 1538 4903 850 1538 4904 56 1539 4905 849 1539 4906 370 1539 4907 851 1540 4908 56 1540 4909 368 1540 4910 56 1541 4911 851 1541 4912 850 1541 4913 55 1542 4914 851 1542 4915 368 1542 4916 851 1543 4917 55 1543 4918 852 1543 4919 853 1544 4920 55 1544 4921 366 1544 4922 55 1545 4923 853 1545 4924 852 1545 4925 853 1546 4926 54 1546 4927 854 1546 4928 54 1547 4929 853 1547 4930 366 1547 4931 855 1548 4932 854 1548 4933 54 1548 4934 54 1549 4935 364 1549 4936 855 1549 4937 855 1550 4938 53 1550 4939 856 1550 4940 53 1551 4941 855 1551 4942 364 1551 4943 857 1552 4944 856 1552 4945 53 1552 4946 857 1553 4947 53 1553 4948 362 1553 4949 857 1554 4950 52 1554 4951 858 1554 4952 52 1555 4953 857 1555 4954 362 1555 4955 859 1556 4956 858 1556 4957 52 1556 4958 859 1557 4959 52 1557 4960 360 1557 4961 859 1558 4962 51 1558 4963 860 1558 4964 51 1559 4965 859 1559 4966 360 1559 4967 51 1560 4968 861 1560 4969 860 1560 4970 861 1561 4971 51 1561 4972 358 1561 4973 50 1562 4974 861 1562 4975 358 1562 4976 861 1563 4977 50 1563 4978 862 1563 4979 863 1564 4980 50 1564 4981 356 1564 4982 50 1565 4983 863 1565 4984 862 1565 4985 49 1566 4986 863 1566 4987 356 1566 4988 863 1567 4989 49 1567 4990 832 1567 4991 864 1568 4992 81 1568 4993 865 1568 4994 81 1569 4995 864 1569 4996 417 1569 4997 866 1570 4998 865 1570 4999 81 1570 5000 866 1571 5001 81 1571 5002 420 1571 5003 866 1572 5004 82 1572 5005 867 1572 5006 82 1573 5007 866 1573 5008 420 1573 5009 82 1574 5010 868 1574 5011 867 1574 5012 868 1575 5013 82 1575 5014 422 1575 5015 83 1576 5016 868 1576 5017 422 1576 5018 868 1577 5019 83 1577 5020 869 1577 5021 870 1578 5022 83 1578 5023 424 1578 5024 83 1579 5025 870 1579 5026 869 1579 5027 84 1580 5028 870 1580 5029 424 1580 5030 870 1581 5031 84 1581 5032 871 1581 5033 872 1582 5034 871 1582 5035 84 1582 5036 84 1583 5037 426 1583 5038 872 1583 5039 872 1584 5040 85 1584 5041 873 1584 5042 85 1585 5043 872 1585 5044 426 1585 5045 874 1586 5046 873 1586 5047 85 1586 5048 85 1587 5049 428 1587 5050 874 1587 5051 874 1588 5052 86 1588 5053 875 1588 5054 86 1589 5055 874 1589 5056 428 1589 5057 876 1590 5058 875 1590 5059 86 1590 5060 876 1591 5061 86 1591 5062 430 1591 5063 876 1592 5064 87 1592 5065 877 1592 5066 87 1593 5067 876 1593 5068 430 1593 5069 878 1594 5070 877 1594 5071 87 1594 5072 878 1595 5073 87 1595 5074 432 1595 5075 878 1596 5076 88 1596 5077 879 1596 5078 88 1597 5079 878 1597 5080 432 1597 5081 880 1598 5082 88 1598 5083 434 1598 5084 88 1599 5085 880 1599 5086 879 1599 5087 89 1600 5088 880 1600 5089 434 1600 5090 880 1601 5091 89 1601 5092 881 1601 5093 882 1602 5094 89 1602 5095 436 1602 5096 89 1603 5097 882 1603 5098 881 1603 5099 882 1604 5100 90 1604 5101 883 1604 5102 90 1605 5103 882 1605 5104 436 1605 5105 884 1606 5106 883 1606 5107 90 1606 5108 90 1607 5109 438 1607 5110 884 1607 5111 884 1608 5112 91 1608 5113 885 1608 5114 91 1609 5115 884 1609 5116 438 1609 5117 886 1610 5118 885 1610 5119 91 1610 5120 886 1611 5121 91 1611 5122 440 1611 5123 886 1612 5124 92 1612 5125 887 1612 5126 92 1613 5127 886 1613 5128 440 1613 5129 888 1614 5130 887 1614 5131 92 1614 5132 888 1615 5133 92 1615 5134 442 1615 5135 888 1616 5136 93 1616 5137 889 1616 5138 93 1617 5139 888 1617 5140 442 1617 5141 93 1618 5142 890 1618 5143 889 1618 5144 890 1619 5145 93 1619 5146 444 1619 5147 94 1620 5148 890 1620 5149 444 1620 5150 890 1621 5151 94 1621 5152 891 1621 5153 892 1622 5154 94 1622 5155 446 1622 5156 94 1623 5157 892 1623 5158 891 1623 5159 95 1624 5160 892 1624 5161 446 1624 5162 892 1625 5163 95 1625 5164 893 1625 5165 894 1626 5166 893 1626 5167 95 1626 5168 95 1627 5169 447 1627 5170 894 1627 5171 894 1628 5172 80 1628 5173 895 1628 5174 80 1629 5175 894 1629 5176 447 1629 5177 864 1630 5178 895 1630 5179 80 1630 5180 80 1631 5181 417 1631 5182 864 1631 5183 896 1632 5184 450 1632 5185 897 1632 5186 450 1633 5187 896 1633 5188 224 1633 5189 898 1634 5190 897 1634 5191 450 1634 5192 450 1635 5193 239 1635 5194 898 1635 5195 898 1636 5196 477 1636 5197 899 1636 5198 477 1637 5199 898 1637 5200 239 1637 5201 900 1638 5202 899 1638 5203 477 1638 5204 900 1639 5205 477 1639 5206 238 1639 5207 900 1640 5208 475 1640 5209 901 1640 5210 475 1641 5211 900 1641 5212 238 1641 5213 475 1642 5214 902 1642 5215 901 1642 5216 902 1643 5217 475 1643 5218 237 1643 5219 473 1644 5220 902 1644 5221 237 1644 5222 902 1645 5223 473 1645 5224 903 1645 5225 904 1646 5226 473 1646 5227 236 1646 5228 473 1647 5229 904 1647 5230 903 1647 5231 471 1648 5232 904 1648 5233 236 1648 5234 904 1649 5235 471 1649 5236 905 1649 5237 906 1650 5238 905 1650 5239 471 1650 5240 471 1651 5241 235 1651 5242 906 1651 5243 906 1652 5244 469 1652 5245 907 1652 5246 469 1653 5247 906 1653 5248 235 1653 5249 908 1654 5250 907 1654 5251 469 1654 5252 469 1655 5253 234 1655 5254 908 1655 5255 908 1656 5256 467 1656 5257 909 1656 5258 467 1657 5259 908 1657 5260 234 1657 5261 910 1658 5262 909 1658 5263 467 1658 5264 910 1659 5265 467 1659 5266 233 1659 5267 910 1660 5268 465 1660 5269 911 1660 5270 465 1661 5271 910 1661 5272 233 1661 5273 912 1662 5274 911 1662 5275 465 1662 5276 912 1663 5277 465 1663 5278 232 1663 5279 912 1664 5280 463 1664 5281 913 1664 5282 463 1665 5283 912 1665 5284 232 1665 5285 914 1666 5286 463 1666 5287 231 1666 5288 463 1667 5289 914 1667 5290 913 1667 5291 461 1668 5292 914 1668 5293 231 1668 5294 914 1669 5295 461 1669 5296 915 1669 5297 916 1670 5298 461 1670 5299 230 1670 5300 461 1671 5301 916 1671 5302 915 1671 5303 916 1672 5304 459 1672 5305 917 1672 5306 459 1673 5307 916 1673 5308 230 1673 5309 918 1674 5310 917 1674 5311 459 1674 5312 459 1675 5313 229 1675 5314 918 1675 5315 918 1676 5316 457 1676 5317 919 1676 5318 457 1677 5319 918 1677 5320 229 1677 5321 920 1678 5322 919 1678 5323 457 1678 5324 920 1679 5325 457 1679 5326 228 1679 5327 920 1680 5328 455 1680 5329 921 1680 5330 455 1681 5331 920 1681 5332 228 1681 5333 922 1682 5334 921 1682 5335 455 1682 5336 922 1683 5337 455 1683 5338 227 1683 5339 922 1684 5340 453 1684 5341 923 1684 5342 453 1685 5343 922 1685 5344 227 1685 5345 453 1686 5346 924 1686 5347 923 1686 5348 924 1687 5349 453 1687 5350 226 1687 5351 451 1688 5352 924 1688 5353 226 1688 5354 924 1689 5355 451 1689 5356 925 1689 5357 926 1690 5358 451 1690 5359 225 1690 5360 451 1691 5361 926 1691 5362 925 1691 5363 448 1692 5364 926 1692 5365 225 1692 5366 926 1693 5367 448 1693 5368 927 1693 5369 896 1694 5370 927 1694 5371 448 1694 5372 448 1695 5373 224 1695 5374 896 1695 5375 928 1696 5376 97 1696 5377 929 1696 5378 97 1697 5379 928 1697 5380 449 1697 5381 930 1698 5382 929 1698 5383 97 1698 5384 930 1699 5385 97 1699 5386 452 1699 5387 930 1700 5388 98 1700 5389 931 1700 5390 98 1701 5391 930 1701 5392 452 1701 5393 98 1702 5394 932 1702 5395 931 1702 5396 932 1703 5397 98 1703 5398 454 1703 5399 99 1704 5400 932 1704 5401 454 1704 5402 932 1705 5403 99 1705 5404 933 1705 5405 934 1706 5406 99 1706 5407 456 1706 5408 99 1707 5409 934 1707 5410 933 1707 5411 100 1708 5412 934 1708 5413 456 1708 5414 934 1709 5415 100 1709 5416 935 1709 5417 936 1710 5418 935 1710 5419 100 1710 5420 100 1711 5421 458 1711 5422 936 1711 5423 936 1712 5424 101 1712 5425 937 1712 5426 101 1713 5427 936 1713 5428 458 1713 5429 938 1714 5430 937 1714 5431 101 1714 5432 101 1715 5433 460 1715 5434 938 1715 5435 938 1716 5436 102 1716 5437 939 1716 5438 102 1717 5439 938 1717 5440 460 1717 5441 940 1718 5442 939 1718 5443 102 1718 5444 940 1719 5445 102 1719 5446 462 1719 5447 940 1720 5448 103 1720 5449 941 1720 5450 103 1721 5451 940 1721 5452 462 1721 5453 942 1722 5454 941 1722 5455 103 1722 5456 942 1723 5457 103 1723 5458 464 1723 5459 942 1724 5460 104 1724 5461 943 1724 5462 104 1725 5463 942 1725 5464 464 1725 5465 944 1726 5466 104 1726 5467 466 1726 5468 104 1727 5469 944 1727 5470 943 1727 5471 105 1728 5472 944 1728 5473 466 1728 5474 944 1729 5475 105 1729 5476 945 1729 5477 946 1730 5478 105 1730 5479 468 1730 5480 105 1731 5481 946 1731 5482 945 1731 5483 946 1732 5484 106 1732 5485 947 1732 5486 106 1733 5487 946 1733 5488 468 1733 5489 948 1734 5490 947 1734 5491 106 1734 5492 106 1735 5493 470 1735 5494 948 1735 5495 948 1736 5496 107 1736 5497 949 1736 5498 107 1737 5499 948 1737 5500 470 1737 5501 950 1738 5502 949 1738 5503 107 1738 5504 950 1739 5505 107 1739 5506 472 1739 5507 950 1740 5508 108 1740 5509 951 1740 5510 108 1741 5511 950 1741 5512 472 1741 5513 952 1742 5514 951 1742 5515 108 1742 5516 952 1743 5517 108 1743 5518 474 1743 5519 952 1744 5520 109 1744 5521 953 1744 5522 109 1745 5523 952 1745 5524 474 1745 5525 109 1746 5526 954 1746 5527 953 1746 5528 954 1747 5529 109 1747 5530 476 1747 5531 110 1748 5532 954 1748 5533 476 1748 5534 954 1749 5535 110 1749 5536 955 1749 5537 956 1750 5538 110 1750 5539 478 1750 5540 110 1751 5541 956 1751 5542 955 1751 5543 111 1752 5544 956 1752 5545 478 1752 5546 956 1753 5547 111 1753 5548 957 1753 5549 958 1754 5550 957 1754 5551 111 1754 5552 111 1755 5553 479 1755 5554 958 1755 5555 958 1756 5556 96 1756 5557 959 1756 5558 96 1757 5559 958 1757 5560 479 1757 5561 928 1758 5562 959 1758 5563 96 1758 5564 96 1759 5565 449 1759 5566 928 1759 5567 960 1760 5568 482 1760 5569 961 1760 5570 482 1761 5571 960 1761 5572 240 1761 5573 962 1762 5574 961 1762 5575 482 1762 5576 482 1763 5577 255 1763 5578 962 1763 5579 962 1764 5580 509 1764 5581 963 1764 5582 509 1765 5583 962 1765 5584 255 1765 5585 964 1766 5586 963 1766 5587 509 1766 5588 964 1767 5589 509 1767 5590 254 1767 5591 964 1768 5592 507 1768 5593 965 1768 5594 507 1769 5595 964 1769 5596 254 1769 5597 507 1770 5598 966 1770 5599 965 1770 5600 966 1771 5601 507 1771 5602 253 1771 5603 505 1772 5604 966 1772 5605 253 1772 5606 966 1773 5607 505 1773 5608 967 1773 5609 968 1774 5610 505 1774 5611 252 1774 5612 505 1775 5613 968 1775 5614 967 1775 5615 503 1776 5616 968 1776 5617 252 1776 5618 968 1777 5619 503 1777 5620 969 1777 5621 970 1778 5622 969 1778 5623 503 1778 5624 503 1779 5625 251 1779 5626 970 1779 5627 970 1780 5628 501 1780 5629 971 1780 5630 501 1781 5631 970 1781 5632 251 1781 5633 972 1782 5634 971 1782 5635 501 1782 5636 501 1783 5637 250 1783 5638 972 1783 5639 972 1784 5640 499 1784 5641 973 1784 5642 499 1785 5643 972 1785 5644 250 1785 5645 974 1786 5646 973 1786 5647 499 1786 5648 974 1787 5649 499 1787 5650 249 1787 5651 974 1788 5652 497 1788 5653 975 1788 5654 497 1789 5655 974 1789 5656 249 1789 5657 976 1790 5658 975 1790 5659 497 1790 5660 976 1791 5661 497 1791 5662 248 1791 5663 976 1792 5664 495 1792 5665 977 1792 5666 495 1793 5667 976 1793 5668 248 1793 5669 978 1794 5670 495 1794 5671 247 1794 5672 495 1795 5673 978 1795 5674 977 1795 5675 493 1796 5676 978 1796 5677 247 1796 5678 978 1797 5679 493 1797 5680 979 1797 5681 980 1798 5682 493 1798 5683 246 1798 5684 493 1799 5685 980 1799 5686 979 1799 5687 980 1800 5688 491 1800 5689 981 1800 5690 491 1801 5691 980 1801 5692 246 1801 5693 982 1802 5694 981 1802 5695 491 1802 5696 491 1803 5697 245 1803 5698 982 1803 5699 982 1804 5700 489 1804 5701 983 1804 5702 489 1805 5703 982 1805 5704 245 1805 5705 984 1806 5706 983 1806 5707 489 1806 5708 984 1807 5709 489 1807 5710 244 1807 5711 984 1808 5712 487 1808 5713 985 1808 5714 487 1809 5715 984 1809 5716 244 1809 5717 986 1810 5718 985 1810 5719 487 1810 5720 986 1811 5721 487 1811 5722 243 1811 5723 986 1812 5724 485 1812 5725 987 1812 5726 485 1813 5727 986 1813 5728 243 1813 5729 485 1814 5730 988 1814 5731 987 1814 5732 988 1815 5733 485 1815 5734 242 1815 5735 483 1816 5736 988 1816 5737 242 1816 5738 988 1817 5739 483 1817 5740 989 1817 5741 990 1818 5742 483 1818 5743 241 1818 5744 483 1819 5745 990 1819 5746 989 1819 5747 480 1820 5748 990 1820 5749 241 1820 5750 990 1821 5751 480 1821 5752 991 1821 5753 960 1822 5754 991 1822 5755 480 1822 5756 480 1823 5757 240 1823 5758 960 1823 5759 992 1824 5760 113 1824 5761 993 1824 5762 113 1825 5763 992 1825 5764 481 1825 5765 994 1826 5766 993 1826 5767 113 1826 5768 994 1827 5769 113 1827 5770 484 1827 5771 994 1828 5772 114 1828 5773 995 1828 5774 114 1829 5775 994 1829 5776 484 1829 5777 114 1830 5778 996 1830 5779 995 1830 5780 996 1831 5781 114 1831 5782 486 1831 5783 115 1832 5784 996 1832 5785 486 1832 5786 996 1833 5787 115 1833 5788 997 1833 5789 998 1834 5790 115 1834 5791 488 1834 5792 115 1835 5793 998 1835 5794 997 1835 5795 116 1836 5796 998 1836 5797 488 1836 5798 998 1837 5799 116 1837 5800 999 1837 5801 1000 1838 5802 999 1838 5803 116 1838 5804 116 1839 5805 490 1839 5806 1000 1839 5807 1000 1840 5808 117 1840 5809 1001 1840 5810 117 1841 5811 1000 1841 5812 490 1841 5813 1002 1842 5814 1001 1842 5815 117 1842 5816 117 1843 5817 492 1843 5818 1002 1843 5819 1002 1844 5820 118 1844 5821 1003 1844 5822 118 1845 5823 1002 1845 5824 492 1845 5825 1004 1846 5826 1003 1846 5827 118 1846 5828 1004 1847 5829 118 1847 5830 494 1847 5831 1004 1848 5832 119 1848 5833 1005 1848 5834 119 1849 5835 1004 1849 5836 494 1849 5837 1006 1850 5838 1005 1850 5839 119 1850 5840 1006 1851 5841 119 1851 5842 496 1851 5843 1006 1852 5844 120 1852 5845 1007 1852 5846 120 1853 5847 1006 1854 5848 496 1855 5849 1008 1856 5850 120 1856 5851 498 1856 5852 120 1857 5853 1008 1857 5854 1007 1857 5855 121 1858 5856 1008 1858 5857 498 1858 5858 1008 1859 5859 121 1859 5860 1009 1859 5861 1010 1860 5862 121 1860 5863 500 1860 5864 121 1861 5865 1010 1861 5866 1009 1861 5867 1010 1862 5868 122 1862 5869 1011 1862 5870 122 1863 5871 1010 1863 5872 500 1863 5873 1012 1864 5874 1011 1864 5875 122 1864 5876 122 1865 5877 502 1865 5878 1012 1865 5879 1012 1866 5880 123 1866 5881 1013 1866 5882 123 1867 5883 1012 1867 5884 502 1867 5885 1014 1868 5886 1013 1868 5887 123 1868 5888 1014 1869 5889 123 1869 5890 504 1869 5891 1014 1870 5892 124 1870 5893 1015 1870 5894 124 1871 5895 1014 1871 5896 504 1871 5897 1016 1872 5898 1015 1872 5899 124 1872 5900 1016 1873 5901 124 1873 5902 506 1873 5903 1016 1874 5904 125 1874 5905 1017 1874 5906 125 1875 5907 1016 1875 5908 506 1875 5909 125 1876 5910 1018 1876 5911 1017 1876 5912 1018 1877 5913 125 1877 5914 508 1877 5915 126 1878 5916 1018 1878 5917 508 1878 5918 1018 1879 5919 126 1879 5920 1019 1879 5921 1020 1880 5922 126 1880 5923 510 1880 5924 126 1881 5925 1020 1881 5926 1019 1881 5927 127 1882 5928 1020 1882 5929 510 1882 5930 1020 1883 5931 127 1883 5932 1021 1883 5933 1022 1884 5934 1021 1884 5935 127 1884 5936 127 1885 5937 511 1885 5938 1022 1885 5939 1022 1886 5940 112 1886 5941 1023 1886 5942 112 1887 5943 1022 1887 5944 511 1887 5945 992 1888 5946 1023 1888 5947 112 1888 5948 112 1889 5949 481 1890 5950 992 1891 5951 1024 1892 5952 514 1892 5953 1025 1892 5954 514 1893 5955 1024 1893 5956 256 1893 5957 1026 1894 5958 1025 1894 5959 514 1894 5960 514 1895 5961 271 1895 5962 1026 1895 5963 1026 1896 5964 541 1896 5965 1027 1896 5966 541 1897 5967 1026 1897 5968 271 1897 5969 1028 1898 5970 1027 1898 5971 541 1898 5972 1028 1899 5973 541 1899 5974 270 1899 5975 1028 1900 5976 539 1900 5977 1029 1900 5978 539 1901 5979 1028 1901 5980 270 1901 5981 539 1902 5982 1030 1902 5983 1029 1902 5984 1030 1903 5985 539 1903 5986 269 1903 5987 537 1904 5988 1030 1904 5989 269 1904 5990 1030 1905 5991 537 1905 5992 1031 1905 5993 1032 1906 5994 537 1906 5995 268 1906 5996 537 1907 5997 1032 1907 5998 1031 1907 5999 535 1908 6000 1032 1908 6001 268 1908 6002 1032 1909 6003 535 1909 6004 1033 1909 6005 1034 1910 6006 1033 1910 6007 535 1910 6008 535 1911 6009 267 1911 6010 1034 1911 6011 1034 1912 6012 533 1912 6013 1035 1912 6014 533 1913 6015 1034 1913 6016 267 1913 6017 1036 1914 6018 1035 1914 6019 533 1914 6020 533 1915 6021 266 1915 6022 1036 1915 6023 1036 1916 6024 531 1916 6025 1037 1916 6026 531 1917 6027 1036 1917 6028 266 1917 6029 1038 1918 6030 1037 1918 6031 531 1918 6032 1038 1919 6033 531 1919 6034 265 1919 6035 1038 1920 6036 529 1920 6037 1039 1920 6038 529 1921 6039 1038 1921 6040 265 1921 6041 1040 1922 6042 1039 1922 6043 529 1922 6044 1040 1923 6045 529 1923 6046 264 1923 6047 1040 1924 6048 527 1924 6049 1041 1924 6050 527 1925 6051 1040 1925 6052 264 1925 6053 1042 1926 6054 527 1926 6055 263 1926 6056 527 1927 6057 1042 1927 6058 1041 1927 6059 525 1928 6060 1042 1928 6061 263 1928 6062 1042 1929 6063 525 1929 6064 1043 1929 6065 1044 1930 6066 525 1930 6067 262 1930 6068 525 1931 6069 1044 1931 6070 1043 1931 6071 1044 1932 6072 523 1932 6073 1045 1932 6074 523 1933 6075 1044 1933 6076 262 1933 6077 1046 1934 6078 1045 1934 6079 523 1934 6080 523 1935 6081 261 1935 6082 1046 1935 6083 1046 1936 6084 521 1936 6085 1047 1936 6086 521 1937 6087 1046 1937 6088 261 1937 6089 1048 1938 6090 1047 1938 6091 521 1938 6092 1048 1939 6093 521 1939 6094 260 1939 6095 1048 1940 6096 519 1940 6097 1049 1940 6098 519 1941 6099 1048 1941 6100 260 1941 6101 1050 1942 6102 1049 1942 6103 519 1942 6104 1050 1943 6105 519 1943 6106 259 1943 6107 1050 1944 6108 517 1944 6109 1051 1944 6110 517 1945 6111 1050 1945 6112 259 1945 6113 517 1946 6114 1052 1946 6115 1051 1946 6116 1052 1947 6117 517 1947 6118 258 1947 6119 515 1948 6120 1052 1948 6121 258 1948 6122 1052 1949 6123 515 1949 6124 1053 1949 6125 1054 1950 6126 515 1950 6127 257 1950 6128 515 1951 6129 1054 1951 6130 1053 1951 6131 512 1952 6132 1054 1952 6133 257 1952 6134 1054 1953 6135 512 1953 6136 1055 1953 6137 1024 1954 6138 1055 1954 6139 512 1954 6140 512 1955 6141 256 1955 6142 1024 1955 6143 1066 1956 6144 1068 1957 6145 1064 1958 6146 1068 1957 6147 1066 1956 6148 1067 1957 6149 1057 1959 6150 1070 1960 6151 1071 1961 6152 1063 1962 6153 1061 1957 6154 1062 1957 6155 1063 1962 6156 1057 1959 6157 1059 1957 6158 1057 1959 6159 1071 1961 6160 1056 1957 6161 1064 1958 6162 1068 1957 6163 1057 1959 6164 1059 1957 6165 1057 1959 6166 1058 1957 6167 1061 1957 6168 1059 1957 6169 1060 1957 6170 1061 1957 6171 1063 1962 6172 1059 1957 6173 1064 1958 6174 1057 1959 6175 1063 1962 6176 1066 1956 6177 1064 1958 6178 1065 1963 6179 1069 1964 6180 1057 1959 6181 1068 1957 6182 1070 1960 6183 1057 1959 6184 1069 1964 6185</p>
        </triangles>
      </mesh>
    </geometry>
  </library_geometries>
  <library_visual_scenes>
    <visual_scene id="Scene" name="Scene">
      <node id="Object" name="Object" type="NODE">
        <matrix sid="transform">0.02480036 0 0 -3.719373 0 0.02480036 0 -0.4643486 0 0 0.0254 0.5597246 0 0 0 1</matrix>
        <instance_geometry url="#Mesh_001-mesh" name="Object">
          <bind_material>
            <technique_common>
              <instance_material symbol="barrel-material" target="#barrel-material">
                <bind_vertex_input semantic="UVChannel_1" input_semantic="TEXCOORD" input_set="0"/>
              </instance_material>
            </technique_common>
          </bind_material>
        </instance_geometry>
      </node>
      <node id="lp005" name="lp005" type="NODE">
        <matrix sid="transform">0.02480036 0 0 -3.719372 0 0.02480036 0 -0.4654504 0 0 0.0254 0.09501193 0 0 0 1</matrix>
        <instance_geometry url="#Mesh-mesh" name="lp005">
          <bind_material>
            <technique_common>
              <instance_material symbol="barrel-material" target="#barrel-material">
                <bind_vertex_input semantic="UVChannel_1" input_semantic="TEXCOORD" input_set="0"/>
              </instance_material>
            </technique_common>
          </bind_material>
        </instance_geometry>
      </node>
      <node id="Camera" name="Camera" type="NODE">
        <matrix sid="transform">0.6859207 -0.3240135 0.6515582 7.358891 0.7276763 0.3054208 -0.6141704 -6.925791 0 0.8953956 0.4452714 4.958309 0 0 0 1</matrix>
        <instance_camera url="#Camera-camera"/>
      </node>
      <node id="Light" name="Light" type="NODE">
        <matrix sid="transform">-0.2908646 -0.7711008 0.5663932 4.076245 0.9551712 -0.1998834 0.2183912 1.005454 -0.05518906 0.6045247 0.7946723 5.903862 0 0 0 1</matrix>
        <instance_light url="#Light-light"/>
      </node>
    </visual_scene>
  </library_visual_scenes>
  <scene>
    <instance_visual_scene url="#Scene"/>
  </scene>
</COLLADA>
