seq,t_sec,stamp_sec,stamp_nsec,drone_idx,drone_ns,mode,latched_surveillance,last_done_target_id,num_targets,primary_track_idx,primary_track_id,primary_class_id,drone_x,drone_y,drone_z,drone_yaw,target_x,target_y,target_z,target_logdetP,qstar_valid,qstar_x,qstar_y,qstar_z,dopt_gain,dist,cost,sep_penalty,ring_z,r_xy,z_err,at_circle,term,cond_logdet,cond_dj,cond_stale,dJ_cur,post_logdetP,has_gt,gt_age_s,gt_x,gt_y,gt_z,err_x,err_y,err_z,err_norm
0,528.696,528,696000000,0,/drone1,SURVEILLANCE,0,-1,0,-1,-1,-1,29.865,-6.156,10.031,0.034,nan,nan,nan,nan,0,nan,nan,nan,nan,nan,nan,0.000,nan,nan,nan,0,0,0,0,0,nan,nan,0,nan,nan,nan,nan,nan,nan,nan,nan
1,528.696,528,696000000,1,/drone2,SURVEILLANCE,0,-1,0,-1,-1,-1,29.432,2.769,10.063,0.046,nan,nan,nan,nan,0,nan,nan,nan,nan,nan,nan,0.000,nan,nan,nan,0,0,0,0,0,nan,nan,0,nan,nan,nan,nan,nan,nan,nan,nan
2,528.696,528,696000000,2,/drone3,SURVEILLANCE,0,-1,0,-1,-1,-1,26.957,10.177,10.038,0.063,nan,nan,nan,nan,0,nan,nan,nan,nan,nan,nan,0.000,nan,nan,nan,0,0,0,0,0,nan,nan,0,nan,nan,nan,nan,nan,nan,nan,nan
3,528.992,528,992000000,0,/drone1,TRACKING,0,-1,2,1,1,4,29.890,-6.158,10.023,0.034,30.448,-2.507,0.000,-4.778,1,30.448,-4.007,10.000,2.859,10.682,-0.722,0.000,10.000,3.693,0.023,0,1,1,1,0,2.863,-7.641,1,0.008,31.808,-3.264,-1.540,-1.360,0.757,1.540,2.190
4,528.992,528,992000000,1,/drone2,TRACKING,0,-1,2,0,0,3,29.463,2.772,10.056,0.046,27.732,5.462,0.000,-4.778,1,28.482,4.163,10.000,2.884,10.552,-0.774,0.000,10.000,3.198,0.056,0,1,1,1,0,2.895,-7.673,1,0.008,31.790,4.730,-1.540,-4.059,0.732,1.540,4.402
5,528.992,528,992000000,2,/drone3,SURVEILLANCE,0,-1,2,-1,-1,-1,26.990,10.183,10.041,0.063,nan,nan,nan,nan,0,nan,nan,nan,nan,nan,nan,0.000,nan,nan,nan,0,0,0,0,0,nan,nan,0,nan,nan,nan,nan,nan,nan,nan,nan
6,529.376,529,376000000,0,/drone1,TRACKING,0,-1,2,1,1,4,29.914,-6.159,10.019,0.034,30.419,-2.516,0.000,-5.633,1,30.419,-4.016,10.000,2.358,10.673,-0.423,0.000,10.000,3.678,0.019,0,1,1,1,0,2.361,-7.994,1,0.032,31.808,-3.264,-1.492,-1.389,0.748,1.492,2.171
7,529.376,529,376000000,1,/drone2,TRACKING,0,-1,2,0,0,3,29.509,2.779,10.054,0.046,27.675,5.495,0.000,-5.633,1,28.425,4.195,10.000,2.375,10.574,-0.460,0.000,10.000,3.277,0.054,0,1,1,1,0,2.384,-8.018,1,0.032,31.790,4.730,-1.489,-4.115,0.765,1.489,4.443
8,529.376,529,376000000,2,/drone3,SURVEILLANCE,0,-1,2,-1,-1,-1,27.039,10.182,10.047,0.063,nan,nan,nan,nan,0,nan,nan,nan,nan,nan,nan,0.000,nan,nan,nan,0,0,0,0,0,nan,nan,0,nan,nan,nan,nan,nan,nan,nan,nan
9,529.808,529,808000000,0,/drone1,TRACKING,0,-1,2,1,1,4,29.963,-6.170,10.035,0.034,30.770,-2.474,0.000,-5.819,1,30.770,-3.974,10.000,2.252,10.724,-0.307,0.000,10.000,3.783,0.035,0,1,1,1,0,2.257,-8.076,1,0.032,31.809,-3.263,-1.453,-1.039,0.790,1.453,1.952
10,529.808,529,808000000,1,/drone2,TRACKING,0,-1,2,0,0,3,29.557,2.790,10.042,0.046,27.921,4.584,0.000,-2.985,1,28.671,3.285,10.000,4.128,10.331,-2.261,0.000,10.000,2.429,0.042,0,1,1,1,0,4.138,-7.122,1,0.032,31.791,4.730,-1.447,-3.871,-0.146,1.447,4.135
11,529.808,529,808000000,2,/drone3,SURVEILLANCE,0,-1,2,-1,-1,-1,27.099,10.180,10.042,0.063,nan,nan,nan,nan,0,nan,nan,nan,nan,nan,nan,0.000,nan,nan,nan,0,0,0,0,0,nan,nan,0,nan,nan,nan,nan,nan,nan,nan,nan
12,530.300,530,300000000,0,/drone1,TRACKING,0,-1,2,1,1,4,30.002,-6.181,10.040,0.034,30.852,-2.467,0.000,-5.997,1,30.852,-3.967,10.000,2.169,10.739,-0.221,0.000,10.000,3.810,0.040,0,1,1,1,0,2.175,-8.172,1,0.020,31.810,-3.263,-1.437,-0.958,0.797,1.437,1.902
13,530.300,530,300000000,1,/drone2,TRACKING,0,-1,2,0,0,3,29.622,2.791,10.032,0.046,27.896,4.699,0.000,-5.708,1,28.646,3.400,10.000,2.380,10.357,-0.508,0.000,10.000,2.573,0.032,0,1,1,1,0,2.385,-8.093,1,0.020,31.793,4.730,-1.428,-3.897,-0.031,1.428,4.150
14,530.300,530,300000000,2,/drone3,SURVEILLANCE,0,-1,2,-1,-1,-1,27.157,10.177,10.034,0.063,nan,nan,nan,nan,0,nan,nan,nan,nan,nan,nan,0.000,nan,nan,nan,0,0,0,0,0,nan,nan,0,nan,nan,nan,nan,nan,nan,nan,nan
15,530.776,530,776000000,0,/drone1,TRACKING,0,-1,2,1,1,4,30.011,-6.183,10.029,0.034,30.872,-2.463,0.000,-6.244,1,30.872,-3.963,10.000,2.052,10.731,-0.106,0.000,10.000,3.818,0.029,0,1,1,1,0,2.056,-8.300,1,0.028,31.812,-3.263,-1.451,-0.940,0.800,1.451,1.905
16,530.776,530,776000000,1,/drone2,TRACKING,0,-1,2,0,0,3,29.680,2.788,10.034,0.046,27.908,4.668,0.000,-6.147,1,28.658,3.368,10.000,2.159,10.361,-0.287,0.000,10.000,2.583,0.034,0,1,1,1,0,2.165,-8.311,1,0.028,31.794,4.730,-1.441,-3.887,-0.063,1.441,4.145
17,530.776,530,776000000,2,/drone3,SURVEILLANCE,0,-1,2,-1,-1,-1,27.207,10.179,10.026,0.063,nan,nan,nan,nan,0,nan,nan,nan,nan,nan,nan,0.000,nan,nan,nan,0,0,0,0,0,nan,nan,0,nan,nan,nan,nan,nan,nan,nan,nan
18,531.200,531,200000000,0,/drone1,TRACKING,0,-1,2,1,1,4,29.995,-6.170,10.016,0.034,30.878,-2.479,0.000,-6.382,1,30.878,-3.979,10.000,1.986,10.711,-0.043,0.000,10.000,3.795,0.016,0,1,1,1,0,1.988,-8.370,1,0.020,31.813,-3.264,-1.488,-0.935,0.785,1.488,1.925
19,531.200,531,200000000,1,/drone2,TRACKING,0,-1,2,0,0,3,29.741,2.789,10.036,0.046,27.898,4.684,0.000,-6.318,1,28.648,3.384,10.000,2.072,10.378,-0.196,0.000,10.000,2.643,0.036,0,1,1,1,0,2.078,-8.395,1,0.020,31.796,4.730,-1.477,-3.898,-0.046,1.477,4.169
20,531.200,531,200000000,2,/drone3,SURVEILLANCE,0,-1,2,-1,-1,-1,27.268,10.197,10.035,0.063,nan,nan,nan,nan,0,nan,nan,nan,nan,nan,nan,0.000,nan,nan,nan,0,0,0,0,0,nan,nan,0,nan,nan,nan,nan,nan,nan,nan,nan
21,531.600,531,600000000,0,/drone1,TRACKING,0,-1,2,1,1,4,29.986,-6.160,10.015,0.034,30.859,-2.501,0.000,-6.428,1,30.859,-4.001,10.000,1.963,10.698,-0.024,0.000,10.000,3.762,0.015,0,1,1,1,0,1.966,-8.394,1,0.024,31.813,-3.264,-1.540,-0.954,0.764,1.540,1.966
22,531.600,531,600000000,1,/drone2,TRACKING,0,-1,2,0,0,3,29.795,2.792,10.044,0.045,27.889,4.715,0.000,-6.409,1,28.639,3.416,10.000,2.021,10.402,-0.140,0.000,10.000,2.708,0.044,0,1,1,1,0,2.027,-8.436,1,0.024,31.796,4.730,-1.530,-3.908,-0.015,1.530,4.197
23,531.600,531,600000000,2,/drone3,SURVEILLANCE,0,-1,2,-1,-1,-1,27.312,10.204,10.042,0.063,nan,nan,nan,nan,0,nan,nan,nan,nan,nan,nan,0.000,nan,nan,nan,0,0,0,0,0,nan,nan,0,nan,nan,nan,nan,nan,nan,nan,nan
24,531.996,531,996000000,0,/drone1,TRACKING,0,-1,2,1,1,4,29.973,-6.148,10.017,0.034,30.793,-2.541,0.000,-6.433,1,30.793,-4.041,10.000,1.962,10.678,-0.027,0.000,10.000,3.698,0.017,0,1,1,1,0,1.965,-8.398,1,0.024,31.813,-3.265,-1.604,-1.020,0.724,1.604,2.034
25,531.996,531,996000000,1,/drone2,TRACKING,0,-1,2,0,0,3,29.871,2.792,10.056,0.045,27.851,4.781,0.000,-6.352,1,29.150,4.031,10.000,2.038,10.448,-0.148,0.000,10.000,2.835,0.056,0,1,1,1,0,2.047,-8.398,1,0.024,31.796,4.729,-1.596,-3.945,0.052,1.596,4.256
26,531.996,531,996000000,2,/drone3,SURVEILLANCE,0,-1,2,-1,-1,-1,27.369,10.209,10.048,0.063,nan,nan,nan,nan,0,nan,nan,nan,nan,nan,nan,0.000,nan,nan,nan,0,0,0,0,0,nan,nan,0,nan,nan,nan,nan,nan,nan,nan,nan
27,532.400,532,400000000,0,/drone1,TRACKING,0,-1,2,1,1,4,29.953,-6.147,10.020,0.034,30.778,-2.578,0.000,-6.462,1,30.778,-4.078,10.000,1.950,10.669,-0.016,0.000,10.000,3.663,0.020,0,1,1,1,0,1.953,-8.415,1,0.032,31.811,-3.266,-1.678,-1.033,0.688,1.678,2.087
28,532.400,532,400000000,1,/drone2,TRACKING,0,-1,2,0,0,3,29.946,2.780,10.054,0.045,27.856,4.731,0.000,-6.450,1,29.155,3.981,10.000,1.990,10.452,-0.099,0.000,10.000,2.859,0.054,0,1,1,1,0,1.998,-8.448,1,0.032,31.795,4.728,-1.672,-3.939,0.002,1.672,4.279
29,532.400,532,400000000,2,/drone3,SURVEILLANCE,0,-1,2,-1,-1,-1,27.413,10.216,10.043,0.063,nan,nan,nan,nan,0,nan,nan,nan,nan,nan,nan,0.000,nan,nan,nan,0,0,0,0,0,nan,nan,0,nan,nan,nan,nan,nan,nan,nan,nan
30,532.796,532,796000000,0,/drone1,TRACKING,0,-1,2,1,1,4,29.933,-6.162,10.027,0.034,30.770,-2.634,0.000,-6.468,1,30.770,-4.134,10.000,1.947,10.663,-0.015,0.000,10.000,3.626,0.027,0,1,1,1,0,1.951,-8.420,1,0.032,31.809,-3.267,-1.755,-1.039,0.633,1.755,2.136
31,532.796,532,796000000,1,/drone2,TRACKING,0,-1,2,0,0,3,30.022,2.765,10.059,0.044,27.864,4.719,0.000,-6.466,1,29.163,3.969,10.000,1.978,10.472,-0.084,0.000,10.000,2.911,0.059,0,1,1,1,0,1.987,-8.454,1,0.032,31.793,4.728,-1.754,-3.928,-0.008,1.754,4.302
32,532.796,532,796000000,2,/drone3,SURVEILLANCE,0,-1,2,-1,-1,-1,27.446,10.221,10.030,0.063,nan,nan,nan,nan,0,nan,nan,nan,nan,nan,nan,0.000,nan,nan,nan,0,0,0,0,0,nan,nan,0,nan,nan,nan,nan,nan,nan,nan,nan
33,533.172,533,172000000,0,/drone1,TRACKING,0,-1,2,1,1,4,29.921,-6.171,10.035,0.034,30.789,-2.672,0.000,-6.454,1,30.789,-4.172,10.000,1.954,10.663,-0.021,0.000,10.000,3.605,0.035,0,1,1,1,0,1.959,-8.413,1,0.012,31.805,-3.268,-1.832,-1.017,0.596,1.832,2.178
34,533.172,533,172000000,1,/drone2,TRACKING,0,-1,2,0,0,3,30.094,2.754,10.055,0.045,27.848,4.722,0.000,-6.454,1,29.147,3.972,10.000,1.981,10.489,-0.083,0.000,10.000,2.987,0.055,0,1,1,1,0,1.990,-8.443,1,0.012,31.789,4.727,-1.835,-3.941,-0.005,1.835,4.347
35,533.172,533,172000000,2,/drone3,SURVEILLANCE,0,-1,2,-1,-1,-1,27.486,10.210,10.032,0.063,nan,nan,nan,nan,0,nan,nan,nan,nan,nan,nan,0.000,nan,nan,nan,0,0,0,0,0,nan,nan,0,nan,nan,nan,nan,nan,nan,nan,nan
36,533.580,533,580000000,0,/drone1,TRACKING,0,-1,2,1,1,4,29.914,-6.172,10.034,0.034,30.792,-2.729,0.000,-6.425,1,30.792,-4.229,10.000,1.971,10.645,-0.042,0.000,10.000,3.553,0.034,0,1,1,1,0,1.976,-8.400,1,0.024,31.801,-3.269,-1.904,-1.009,0.540,1.904,2.221
37,533.580,533,580000000,1,/drone2,TRACKING,0,-1,2,0,0,3,30.162,2.751,10.046,0.046,27.852,4.675,0.000,-6.428,1,29.151,3.925,10.000,1.994,10.486,-0.097,0.000,10.000,3.006,0.046,0,1,1,1,0,2.001,-8.429,1,0.024,31.784,4.726,-1.910,-3.932,-0.051,1.910,4.372
38,533.580,533,580000000,2,/drone3,SURVEILLANCE,0,-1,2,-1,-1,-1,27.530,10.194,10.035,0.063,nan,nan,nan,nan,0,nan,nan,nan,nan,nan,nan,0.000,nan,nan,nan,0,0,0,0,0,nan,nan,0,nan,nan,nan,nan,nan,nan,nan,nan
39,534.000,534,0,0,/drone1,TRACKING,0,-1,2,1,1,4,29.913,-6.160,10.032,0.034,30.800,-2.760,0.000,-6.449,1,30.800,-4.260,10.000,1.962,10.629,-0.036,0.000,10.000,3.514,0.032,0,1,1,1,0,1.966,-8.416,1,0.012,31.795,-3.270,-1.971,-0.995,0.509,1.971,2.266
40,534.000,534,0,1,/drone2,TRACKING,0,-1,2,0,0,3,30.233,2.752,10.045,0.047,27.901,4.625,0.000,-6.450,1,29.200,3.875,10.000,1.985,10.481,-0.088,0.000,10.000,2.991,0.045,0,1,1,1,0,1.991,-8.442,1,0.012,31.778,4.725,-1.982,-3.877,-0.100,1.982,4.355
41,534.000,534,0,2,/drone3,SURVEILLANCE,0,-1,2,-1,-1,-1,27.580,10.197,10.045,0.063,nan,nan,nan,nan,0,nan,nan,nan,nan,nan,nan,0.000,nan,nan,nan,0,0,0,0,0,nan,nan,0,nan,nan,nan,nan,nan,nan,nan,nan
42,534.400,534,400000000,0,/drone1,TRACKING,0,-1,2,1,1,4,29.895,-6.148,10.027,0.034,30.817,-2.781,0.000,-6.457,1,30.067,-4.080,10.000,1.960,10.617,-0.036,0.000,10.000,3.491,0.027,0,1,1,1,0,1.964,-8.421,1,0.016,31.789,-3.270,-2.018,-0.972,0.489,2.018,2.293
43,534.400,534,400000000,1,/drone2,TRACKING,0,-1,2,0,0,3,30.299,2.752,10.040,0.048,27.970,4.576,0.000,-6.457,1,29.269,3.826,10.000,1.983,10.467,-0.090,0.000,10.000,2.959,0.040,0,1,1,1,0,1.989,-8.447,1,0.016,31.772,4.724,-2.033,-3.803,-0.148,2.033,4.314
44,534.400,534,400000000,2,/drone3,SURVEILLANCE,0,-1,2,-1,-1,-1,27.636,10.210,10.045,0.063,nan,nan,nan,nan,0,nan,nan,nan,nan,nan,nan,0.000,nan,nan,nan,0,0,0,0,0,nan,nan,0,nan,nan,nan,nan,nan,nan,nan,nan
45,534.780,534,780000000,0,/drone1,TRACKING,0,-1,2,1,1,4,29.883,-6.146,10.022,0.034,30.814,-2.789,0.000,-6.425,1,30.064,-4.088,10.000,1.976,10.611,-0.054,0.000,10.000,3.484,0.022,0,1,1,1,0,1.979,-8.404,1,0.036,31.783,-3.271,-2.048,-0.970,0.482,2.048,2.317
46,534.780,534,780000000,1,/drone2,TRACKING,0,-1,2,0,0,3,30.358,2.750,10.030,0.049,28.001,4.560,0.000,-6.452,1,29.300,3.810,10.000,1.986,10.461,-0.094,0.000,10.000,2.971,0.030,0,1,1,1,0,1.991,-8.443,1,0.036,31.766,4.723,-2.064,-3.765,-0.164,2.064,4.297
47,534.780,534,780000000,2,/drone3,SURVEILLANCE,0,-1,2,-1,-1,-1,27.684,10.216,10.042,0.063,nan,nan,nan,nan,0,nan,nan,nan,nan,nan,nan,0.000,nan,nan,nan,0,0,0,0,0,nan,nan,0,nan,nan,nan,nan,nan,nan,nan,nan
48,535.196,535,196000000,0,/drone1,TRACKING,0,-1,2,1,1,4,29.862,-6.152,10.018,0.034,30.809,-2.803,0.000,-6.447,1,30.059,-4.102,10.000,1.966,10.606,-0.045,0.000,10.000,3.481,0.018,0,1,1,1,0,1.969,-8.416,1,0.020,31.777,-3.271,-2.064,-0.967,0.469,2.064,2.327
49,535.196,535,196000000,1,/drone2,TRACKING,0,-1,2,0,0,3,30.405,2.752,10.024,0.049,28.005,4.561,0.000,-6.452,1,29.304,3.811,10.000,1.986,10.464,-0.093,0.000,10.000,3.006,0.024,0,1,1,1,0,1.990,-8.442,1,0.020,31.759,4.723,-2.082,-3.754,-0.161,2.082,4.296
50,535.196,535,196000000,2,/drone3,SURVEILLANCE,0,-1,2,-1,-1,-1,27.731,10.224,10.048,0.063,nan,nan,nan,nan,0,nan,nan,nan,nan,nan,nan,0.000,nan,nan,nan,0,0,0,0,0,nan,nan,0,nan,nan,nan,nan,nan,nan,nan,nan
51,535.580,535,580000000,0,/drone1,TRACKING,0,-1,2,1,1,4,29.855,-6.159,10.020,0.034,30.816,-2.808,0.000,-6.452,1,30.066,-4.107,10.000,1.963,10.609,-0.041,0.000,10.000,3.486,0.020,0,1,1,1,0,1.966,-8.418,1,0.008,31.771,-3.271,-2.059,-0.955,0.463,2.059,2.317
52,535.580,535,580000000,1,/drone2,TRACKING,0,-1,2,0,0,3,30.449,2.750,10.023,0.050,27.997,4.560,0.000,-6.452,1,29.296,3.810,10.000,1.984,10.476,-0.089,0.000,10.000,3.047,0.023,0,1,1,1,0,1.988,-8.439,1,0.008,31.752,4.723,-2.078,-3.755,-0.162,2.078,4.295
53,535.580,535,580000000,2,/drone3,SURVEILLANCE,0,-1,2,-1,-1,-1,27.775,10.224,10.058,0.063,nan,nan,nan,nan,0,nan,nan,nan,nan,nan,nan,0.000,nan,nan,nan,0,0,0,0,0,nan,nan,0,nan,nan,nan,nan,nan,nan,nan,nan
54,535.988,535,988000000,0,/drone1,TRACKING,0,-1,2,1,1,4,29.843,-6.174,10.030,0.034,30.817,-2.809,0.000,-6.456,1,30.067,-4.108,10.000,1.959,10.624,-0.034,0.000,10.000,3.503,0.030,0,1,1,1,0,1.964,-8.419,1,0.020,31.765,-3.271,-2.038,-0.948,0.462,2.038,2.295
55,535.988,535,988000000,1,/drone2,TRACKING,0,-1,2,0,0,3,30.474,2.750,10.028,0.050,27.998,4.532,0.000,-6.456,1,29.297,3.782,10.000,1.981,10.482,-0.085,0.000,10.000,3.050,0.028,0,1,1,1,0,1.986,-8.442,1,0.020,31.746,4.723,-2.055,-3.748,-0.191,2.055,4.279
56,535.988,535,988000000,2,/drone3,SURVEILLANCE,0,-1,2,-1,-1,-1,27.812,10.222,10.054,0.063,nan,nan,nan,nan,0,nan,nan,nan,nan,nan,nan,0.000,nan,nan,nan,0,0,0,0,0,nan,nan,0,nan,nan,nan,nan,nan,nan,nan,nan
57,536.352,536,352000000,0,/drone1,TRACKING,0,-1,2,1,1,4,29.837,-6.183,10.023,0.034,30.820,-2.808,0.000,-6.458,1,30.070,-4.107,10.000,1.958,10.621,-0.034,0.000,10.000,3.515,0.023,0,1,1,1,0,1.962,-8.420,1,0.024,31.760,-3.271,-2.005,-0.940,0.463,2.005,2.262
58,536.352,536,352000000,1,/drone2,TRACKING,0,-1,2,0,0,3,30.491,2.751,10.031,0.051,28.009,4.504,0.000,-6.455,1,29.308,3.754,10.000,1.982,10.481,-0.086,0.000,10.000,3.038,0.031,0,1,1,1,0,1.987,-8.441,1,0.024,31.741,4.723,-2.019,-3.732,-0.219,2.019,4.249
59,536.352,536,352000000,2,/drone3,SURVEILLANCE,0,-1,2,-1,-1,-1,27.848,10.218,10.043,0.063,nan,nan,nan,nan,0,nan,nan,nan,nan,nan,nan,0.000,nan,nan,nan,0,0,0,0,0,nan,nan,0,nan,nan,nan,nan,nan,nan,nan,nan
60,536.768,536,768000000,0,/drone1,TRACKING,0,-1,2,1,1,4,29.825,-6.180,10.021,0.034,30.823,-2.817,0.000,-6.293,1,30.073,-4.116,10.000,2.038,10.617,-0.114,0.000,10.000,3.508,0.021,0,1,1,1,0,2.041,-8.334,1,0.008,31.755,-3.270,-1.951,-0.932,0.453,1.951,2.209
61,536.768,536,768000000,1,/drone2,TRACKING,0,-1,2,0,0,3,30.505,2.747,10.028,0.051,28.057,4.500,0.000,-6.452,1,29.356,3.750,10.000,1.985,10.470,-0.091,0.000,10.000,3.010,0.028,0,1,1,1,0,1.989,-8.441,1,0.008,31.736,4.723,-1.961,-3.679,-0.223,1.961,4.175
62,536.768,536,768000000,2,/drone3,SURVEILLANCE,0,-1,2,-1,-1,-1,27.900,10.221,10.036,0.063,nan,nan,nan,nan,0,nan,nan,nan,nan,nan,nan,0.000,nan,nan,nan,0,0,0,0,0,nan,nan,0,nan,nan,nan,nan,nan,nan,nan,nan
63,537.144,537,144000000,0,/drone1,TRACKING,0,-1,2,1,1,4,29.811,-6.174,10.022,0.034,30.807,-2.802,0.000,-6.429,1,30.057,-4.101,10.000,1.973,10.621,-0.049,0.000,10.000,3.516,0.022,0,1,1,1,0,1.976,-8.405,1,0.024,31.752,-3.269,-1.898,-0.945,0.467,1.898,2.171
64,537.144,537,144000000,1,/drone2,TRACKING,0,-1,2,0,0,3,30.505,2.756,10.025,0.050,28.064,4.501,0.000,-6.452,1,29.363,3.751,10.000,1.986,10.464,-0.093,0.000,10.000,3.001,0.025,0,1,1,1,0,1.990,-8.442,1,0.024,31.732,4.724,-1.903,-3.668,-0.223,1.903,4.139
65,537.144,537,144000000,2,/drone3,SURVEILLANCE,0,-1,2,-1,-1,-1,27.947,10.228,10.033,0.063,nan,nan,nan,nan,0,nan,nan,nan,nan,nan,nan,0.000,nan,nan,nan,0,0,0,0,0,nan,nan,0,nan,nan,nan,nan,nan,nan,nan,nan
66,537.500,537,500000000,0,/drone1,TRACKING,0,-1,2,1,1,4,29.800,-6.168,10.019,0.034,30.801,-2.742,0.000,-6.463,1,30.051,-4.041,10.000,1.954,10.636,-0.027,0.000,10.000,3.570,0.019,0,1,1,1,0,1.957,-8.420,1,0.020,31.749,-3.268,-1.839,-0.948,0.527,1.839,2.135
67,537.500,537,500000000,1,/drone2,TRACKING,0,-1,2,0,0,3,30.554,2.778,10.018,0.050,28.036,4.494,0.000,-6.464,1,29.335,3.744,10.000,1.979,10.471,-0.085,0.000,10.000,3.047,0.018,0,1,1,1,0,1.982,-8.446,1,0.024,31.729,4.724,-1.839,-3.693,-0.230,1.839,4.132
68,537.500,537,500000000,2,/drone3,SURVEILLANCE,0,-1,2,-1,-1,-1,27.996,10.229,10.034,0.063,nan,nan,nan,nan,0,nan,nan,nan,nan,nan,nan,0.000,nan,nan,nan,0,0,0,0,0,nan,nan,0,nan,nan,nan,nan,nan,nan,nan,nan
69,537.880,537,880000000,0,/drone1,TRACKING,0,-1,2,1,1,4,29.794,-6.170,10.024,0.034,30.794,-2.697,0.000,-6.462,1,30.044,-3.996,10.000,1.952,10.655,-0.020,0.000,10.000,3.614,0.024,0,1,1,1,0,1.955,-8.417,1,0.040,31.747,-3.268,-1.779,-0.953,0.571,1.779,2.097
70,537.880,537,880000000,1,/drone2,TRACKING,0,-1,2,0,0,3,30.591,2.784,10.013,0.050,28.062,4.503,0.000,-6.455,1,29.361,3.753,10.000,1.984,10.469,-0.090,0.000,10.000,3.058,0.013,0,1,1,1,0,1.986,-8.441,1,0.040,31.727,4.725,-1.773,-3.664,-0.221,1.773,4.077
71,537.880,537,880000000,2,/drone3,SURVEILLANCE,0,-1,2,-1,-1,-1,28.034,10.227,10.043,0.063,nan,nan,nan,nan,0,nan,nan,nan,nan,nan,nan,0.000,nan,nan,nan,0,0,0,0,0,nan,nan,0,nan,nan,nan,nan,nan,nan,nan,nan
72,538.264,538,264000000,0,/drone1,TRACKING,0,-1,2,1,1,4,29.785,-6.166,10.030,0.034,30.793,-2.682,0.000,-6.448,1,30.043,-3.981,10.000,1.956,10.666,-0.023,0.000,10.000,3.627,0.030,0,1,1,1,0,1.960,-8.409,1,0.028,31.745,-3.267,-1.714,-0.952,0.585,1.714,2.046
73,538.264,538,264000000,1,/drone2,TRACKING,0,-1,2,0,0,3,30.612,2.791,10.016,0.050,28.009,4.485,0.000,-6.457,1,29.308,3.735,10.000,1.980,10.487,-0.083,0.000,10.000,3.105,0.016,0,1,1,1,0,1.983,-8.439,1,0.028,31.725,4.725,-1.702,-3.716,-0.241,1.702,4.095
74,538.264,538,264000000,2,/drone3,SURVEILLANCE,0,-1,2,-1,-1,-1,28.077,10.233,10.049,0.063,nan,nan,nan,nan,0,nan,nan,nan,nan,nan,nan,0.000,nan,nan,nan,0,0,0,0,0,nan,nan,0,nan,nan,nan,nan,nan,nan,nan,nan
75,538.496,538,496000000,0,/drone1,TRACKING,0,-1,2,1,1,4,29.785,-6.164,10.034,0.034,30.809,-2.675,0.000,-6.453,1,30.059,-3.974,10.000,1.953,10.673,-0.018,0.000,10.000,3.636,0.034,0,1,1,1,0,1.958,-8.411,1,0.008,31.745,-3.266,-1.675,-0.936,0.591,1.675,2.007
76,538.496,538,496000000,1,/drone2,TRACKING,0,-1,2,0,0,3,30.618,2.794,10.019,0.050,27.965,4.472,0.000,-6.453,1,29.264,3.722,10.000,1.980,10.499,-0.080,0.000,10.000,3.139,0.019,0,1,1,1,0,1.983,-8.436,1,0.008,31.724,4.726,-1.660,-3.759,-0.254,1.660,4.117
77,538.496,538,496000000,2,/drone3,SURVEILLANCE,0,-1,2,-1,-1,-1,28.096,10.236,10.048,0.063,nan,nan,nan,nan,0,nan,nan,nan,nan,nan,nan,0.000,nan,nan,nan,0,0,0,0,0,nan,nan,0,nan,nan,nan,nan,nan,nan,nan,nan
78,538.684,538,684000000,0,/drone1,TRACKING,0,-1,2,1,1,4,29.777,-6.165,10.039,0.034,30.810,-2.670,0.000,-6.453,1,30.060,-3.969,10.000,1.952,10.680,-0.016,0.000,10.000,3.645,0.039,0,1,1,1,0,1.957,-8.411,1,0.016,31.744,-3.266,-1.648,-0.935,0.596,1.648,1.987
79,538.684,538,684000000,1,/drone2,TRACKING,0,-1,2,0,0,3,30.620,2.794,10.018,0.050,27.960,4.470,0.000,-6.454,1,29.259,3.720,10.000,1.979,10.499,-0.079,0.000,10.000,3.144,0.018,0,1,1,1,0,1.982,-8.436,1,0.016,31.724,4.726,-1.631,-3.763,-0.256,1.631,4.110
80,538.684,538,684000000,2,/drone3,SURVEILLANCE,0,-1,2,-1,-1,-1,28.118,10.235,10.044,0.063,nan,nan,nan,nan,0,nan,nan,nan,nan,nan,nan,0.000,nan,nan,nan,0,0,0,0,0,nan,nan,0,nan,nan,nan,nan,nan,nan,nan,nan
81,538.900,538,900000000,0,/drone1,TRACKING,0,-1,2,1,1,4,29.772,-6.165,10.044,0.034,30.813,-2.662,0.000,-6.461,1,30.063,-3.961,10.000,1.947,10.688,-0.009,0.000,10.000,3.655,0.044,0,1,1,1,0,1.953,-8.414,1,0.016,31.744,-3.265,-1.619,-0.931,0.604,1.619,1.963
82,538.900,538,900000000,1,/drone2,TRACKING,0,-1,2,0,0,3,30.609,2.792,10.015,0.050,27.986,4.480,0.000,-6.461,1,29.285,3.730,10.000,1.978,10.489,-0.080,0.000,10.000,3.120,0.015,0,1,1,1,0,1.980,-8.441,1,0.016,31.723,4.727,-1.600,-3.737,-0.247,1.600,4.073
83,538.900,538,900000000,2,/drone3,SURVEILLANCE,0,-1,2,-1,-1,-1,28.147,10.235,10.042,0.063,nan,nan,nan,nan,0,nan,nan,nan,nan,nan,nan,0.000,nan,nan,nan,0,0,0,0,0,nan,nan,0,nan,nan,nan,nan,nan,nan,nan,nan
84,539.144,539,144000000,0,/drone1,TRACKING,0,-1,2,1,1,4,29.772,-6.166,10.046,0.034,30.814,-2.650,0.000,-6.456,1,30.064,-3.949,10.000,1.948,10.694,-0.009,0.000,10.000,3.667,0.046,0,1,1,1,0,1.955,-8.411,1,0.008,31.744,-3.265,-1.590,-0.929,0.615,1.590,1.941
85,539.144,539,144000000,1,/drone2,TRACKING,0,-1,2,0,0,3,30.600,2.790,10.015,0.050,27.959,4.475,0.000,-6.457,1,29.258,3.725,10.000,1.979,10.494,-0.080,0.000,10.000,3.133,0.015,0,1,1,1,0,1.981,-8.438,1,0.008,31.723,4.727,-1.567,-3.764,-0.252,1.567,4.085
86,539.144,539,144000000,2,/drone3,SURVEILLANCE,0,-1,2,-1,-1,-1,28.172,10.237,10.041,0.063,nan,nan,nan,nan,0,nan,nan,nan,nan,nan,nan,0.000,nan,nan,nan,0,0,0,0,0,nan,nan,0,nan,nan,nan,nan,nan,nan,nan,nan
87,539.372,539,372000000,0,/drone1,TRACKING,0,-1,2,1,1,4,29.773,-6.169,10.040,0.034,30.815,-2.645,0.000,-6.470,1,30.065,-3.944,10.000,1.942,10.691,-0.004,0.000,10.000,3.675,0.040,0,1,1,1,0,1.948,-8.418,1,0.020,31.744,-3.265,-1.568,-0.928,0.620,1.568,1.924
88,539.372,539,372000000,1,/drone2,TRACKING,0,-1,2,0,0,3,30.587,2.790,10.016,0.050,27.936,4.476,0.000,-6.471,1,29.236,3.726,10.000,1.972,10.497,-0.073,0.000,10.000,3.141,0.016,0,1,1,1,0,1.975,-8.445,1,0.020,31.723,4.727,-1.543,-3.786,-0.251,1.543,4.097
89,539.372,539,372000000,2,/drone3,SURVEILLANCE,0,-1,2,-1,-1,-1,28.202,10.243,10.035,0.063,nan,nan,nan,nan,0,nan,nan,nan,nan,nan,nan,0.000,nan,nan,nan,0,0,0,0,0,nan,nan,0,nan,nan,nan,nan,nan,nan,nan,nan
90,539.600,539,600000000,0,/drone1,TRACKING,0,-1,2,1,1,4,29.761,-6.172,10.037,0.034,30.812,-2.644,0.000,-6.454,1,30.062,-3.943,10.000,1.950,10.691,-0.012,0.000,10.000,3.681,0.037,0,1,1,1,0,1.955,-8.409,1,0.032,31.744,-3.265,-1.550,-0.932,0.621,1.550,1.912
91,539.600,539,600000000,1,/drone2,TRACKING,0,-1,2,0,0,3,30.572,2.784,10.013,0.050,27.934,4.464,0.000,-6.453,1,29.233,3.714,10.000,1.981,10.491,-0.083,0.000,10.000,3.128,0.013,0,1,1,1,0,1.983,-8.436,1,0.032,31.723,4.727,-1.524,-3.789,-0.264,1.524,4.093
92,539.600,539,600000000,2,/drone3,SURVEILLANCE,0,-1,2,-1,-1,-1,28.233,10.254,10.032,0.063,nan,nan,nan,nan,0,nan,nan,nan,nan,nan,nan,0.000,nan,nan,nan,0,0,0,0,0,nan,nan,0,nan,nan,nan,nan,nan,nan,nan,nan
93,540.000,540,0,0,/drone1,TRACKING,0,-1,2,1,1,4,29.740,-6.176,10.039,0.034,30.792,-2.640,0.000,-6.463,1,30.042,-3.939,10.000,1.945,10.695,-0.006,0.000,10.000,3.689,0.039,0,1,1,1,0,1.951,-8.413,1,0.000,31.744,-3.264,-1.526,-0.952,0.624,1.526,1.904
94,540.000,540,0,1,/drone2,TRACKING,0,-1,2,0,0,3,30.549,2.782,10.011,0.050,27.946,4.473,0.000,-6.454,1,29.245,3.723,10.000,1.982,10.481,-0.086,0.000,10.000,3.104,0.011,0,1,1,1,0,1.984,-8.438,1,0.000,31.724,4.728,-1.499,-3.778,-0.255,1.499,4.072
95,540.000,540,0,2,/drone3,SURVEILLANCE,0,-1,2,-1,-1,-1,28.289,10.258,10.030,0.062,nan,nan,nan,nan,0,nan,nan,nan,nan,nan,nan,0.000,nan,nan,nan,0,0,0,0,0,nan,nan,0,nan,nan,nan,nan,nan,nan,nan,nan
96,540.280,540,280000000,0,/drone1,TRACKING,0,-1,2,1,1,4,29.736,-6.178,10.035,0.034,30.773,-2.620,0.000,-6.451,1,30.023,-3.919,10.000,1.950,10.698,-0.011,0.000,10.000,3.705,0.035,0,1,1,1,0,1.955,-8.406,1,0.028,31.744,-3.265,-1.520,-0.971,0.644,1.520,1.915
97,540.280,540,280000000,1,/drone2,TRACKING,0,-1,2,0,0,3,30.535,2.787,10.014,0.050,27.880,4.456,0.000,-6.450,1,29.179,3.706,10.000,1.982,10.494,-0.083,0.000,10.000,3.137,0.014,0,1,1,1,0,1.984,-8.435,1,0.028,31.724,4.728,-1.493,-3.844,-0.271,1.493,4.133
98,540.280,540,280000000,2,/drone3,SURVEILLANCE,0,-1,2,-1,-1,-1,28.331,10.258,10.029,0.062,nan,nan,nan,nan,0,nan,nan,nan,nan,nan,nan,0.000,nan,nan,nan,0,0,0,0,0,nan,nan,0,nan,nan,nan,nan,nan,nan,nan,nan
99,540.664,540,664000000,0,/drone1,TRACKING,0,-1,2,1,1,4,29.723,-6.173,10.034,0.034,30.744,-2.621,0.000,-6.450,1,29.994,-3.920,10.000,1.951,10.693,-0.013,0.000,10.000,3.695,0.034,0,1,1,1,0,1.956,-8.406,1,0.016,31.745,-3.265,-1.522,-1.001,0.644,1.522,1.932
100,540.664,540,664000000,1,/drone2,TRACKING,0,-1,2,0,0,3,30.518,2.798,10.013,0.050,27.824,4.456,0.000,-6.460,1,29.123,3.706,10.000,1.976,10.501,-0.076,0.000,10.000,3.163,0.013,0,1,1,1,0,1.978,-8.439,1,0.016,31.725,4.727,-1.498,-3.900,-0.272,1.498,4.187
101,540.664,540,664000000,2,/drone3,SURVEILLANCE,0,-1,2,-1,-1,-1,28.402,10.249,10.041,0.062,nan,nan,nan,nan,0,nan,nan,nan,nan,nan,nan,0.000,nan,nan,nan,0,0,0,0,0,nan,nan,0,nan,nan,nan,nan,nan,nan,nan,nan
102,541.080,541,80000000,0,/drone1,TRACKING,0,-1,2,1,1,4,29.709,-6.172,10.030,0.034,30.735,-2.654,0.000,-6.197,1,29.985,-3.953,10.000,2.074,10.678,-0.138,0.000,10.000,3.664,0.030,0,1,1,1,0,2.078,-8.276,1,0.036,31.745,-3.266,-1.537,-1.010,0.611,1.537,1.939
103,541.080,541,80000000,1,/drone2,TRACKING,0,-1,2,0,0,3,30.507,2.811,10.008,0.050,27.834,4.486,0.000,-6.216,1,29.133,3.736,10.000,2.095,10.494,-0.197,0.000,10.000,3.155,0.008,0,1,1,1,0,2.096,-8.312,1,0.000,31.725,4.727,-1.520,-3.891,-0.241,1.520,4.185
104,541.080,541,80000000,2,/drone3,SURVEILLANCE,0,-1,2,-1,-1,-1,28.468,10.248,10.053,0.061,nan,nan,nan,nan,0,nan,nan,nan,nan,nan,nan,0.000,nan,nan,nan,0,0,0,0,0,nan,nan,0,nan,nan,nan,nan,nan,nan,nan,nan
105,541.492,541,492000000,0,/drone1,TRACKING,0,-1,2,1,1,4,29.688,-6.172,10.022,0.034,30.713,-2.625,0.000,-6.366,1,29.963,-3.924,10.000,1.994,10.680,-0.058,0.000,10.000,3.692,0.022,0,1,1,1,0,1.997,-8.363,1,0.016,31.745,-3.267,-1.568,-1.032,0.642,1.568,1.984
106,541.492,541,492000000,1,/drone2,TRACKING,0,-1,2,0,0,3,30.497,2.812,10.006,0.050,27.816,4.432,0.000,-6.320,1,29.115,3.682,10.000,2.047,10.485,-0.150,0.000,10.000,3.132,0.006,0,1,1,1,0,2.048,-8.368,1,0.016,31.725,4.726,-1.554,-3.909,-0.294,1.554,4.217
107,541.492,541,492000000,2,/drone3,SURVEILLANCE,0,-1,2,-1,-1,-1,28.539,10.240,10.057,0.061,nan,nan,nan,nan,0,nan,nan,nan,nan,nan,nan,0.000,nan,nan,nan,0,0,0,0,0,nan,nan,0,nan,nan,nan,nan,nan,nan,nan,nan
108,541.900,541,900000000,0,/drone1,TRACKING,0,-1,2,1,1,4,29.685,-6.173,10.016,0.034,30.695,-2.628,0.000,-6.444,1,29.945,-3.927,10.000,1.958,10.673,-0.023,0.000,10.000,3.686,0.016,0,1,1,1,0,1.960,-8.404,1,0.028,31.745,-3.268,-1.606,-1.050,0.640,1.606,2.023
109,541.900,541,900000000,1,/drone2,TRACKING,0,-1,2,0,0,3,30.493,2.810,10.011,0.050,27.830,4.354,0.000,-6.433,1,29.129,3.604,10.000,1.995,10.474,-0.100,0.000,10.000,3.078,0.011,0,1,1,1,0,1.996,-8.429,1,0.028,31.725,4.725,-1.599,-3.895,-0.371,1.599,4.226
110,541.900,541,900000000,2,/drone3,SURVEILLANCE,0,-1,2,-1,-1,-1,28.607,10.233,10.058,0.061,nan,nan,nan,nan,0,nan,nan,nan,nan,nan,nan,0.000,nan,nan,nan,0,0,0,0,0,nan,nan,0,nan,nan,nan,nan,nan,nan,nan,nan
111,542.300,542,300000000,0,/drone1,TRACKING,0,-1,2,1,1,4,29.682,-6.168,10.019,0.034,30.683,-2.657,0.000,-6.404,1,29.933,-3.956,10.000,1.977,10.664,-0.045,0.000,10.000,3.651,0.019,0,1,1,1,0,1.980,-8.385,1,0.032,31.744,-3.269,-1.651,-1.061,0.612,1.651,2.056
112,542.300,542,300000000,1,/drone2,TRACKING,0,-1,2,0,0,3,30.481,2.799,10.015,0.050,27.841,4.311,0.000,-6.440,1,29.140,3.561,10.000,1.992,10.467,-0.098,0.000,10.000,3.042,0.015,0,1,1,1,0,1.994,-8.434,1,0.032,31.723,4.723,-1.651,-3.882,-0.412,1.651,4.239
113,542.300,542,300000000,2,/drone3,SURVEILLANCE,0,-1,2,-1,-1,-1,28.678,10.227,10.058,0.062,nan,nan,nan,nan,0,nan,nan,nan,nan,nan,nan,0.000,nan,nan,nan,0,0,0,0,0,nan,nan,0,nan,nan,nan,nan,nan,nan,nan,nan
114,542.588,542,588000000,0,/drone1,TRACKING,0,-1,2,1,1,4,29.687,-6.169,10.013,0.034,30.668,-2.670,0.000,-6.435,1,29.918,-3.969,10.000,1.965,10.652,-0.034,0.000,10.000,3.634,0.013,0,1,1,1,0,1.967,-8.402,1,0.032,31.743,-3.270,-1.687,-1.075,0.600,1.687,2.088
115,542.588,542,588000000,1,/drone2,TRACKING,0,-1,2,0,0,3,30.478,2.802,10.019,0.050,27.869,4.277,0.000,-6.443,1,29.168,3.527,10.000,1.992,10.457,-0.100,0.000,10.000,2.997,0.019,0,1,1,1,0,1.995,-8.437,1,0.032,31.722,4.723,-1.693,-3.853,-0.446,1.693,4.232
116,542.588,542,588000000,2,/drone3,SURVEILLANCE,0,-1,2,-1,-1,-1,28.725,10.228,10.052,0.063,nan,nan,nan,nan,0,nan,nan,nan,nan,nan,nan,0.000,nan,nan,nan,0,0,0,0,0,nan,nan,0,nan,nan,nan,nan,nan,nan,nan,nan
117,542.972,542,972000000,0,/drone1,TRACKING,0,-1,2,1,1,4,29.683,-6.163,10.015,0.034,30.658,-2.690,0.000,-6.449,1,29.908,-3.989,10.000,1.959,10.644,-0.030,0.000,10.000,3.607,0.015,0,1,1,1,0,1.961,-8.411,1,0.020,31.741,-3.271,-1.738,-1.082,0.581,1.738,2.128
118,542.972,542,972000000,1,/drone2,TRACKING,0,-1,2,0,0,3,30.453,2.802,10.024,0.050,27.927,4.254,0.000,-6.450,1,29.226,3.504,10.000,1.991,10.439,-0.103,0.000,10.000,2.914,0.024,0,1,1,1,0,1.995,-8.445,1,0.020,31.720,4.721,-1.751,-3.793,-0.467,1.751,4.203
119,542.972,542,972000000,2,/drone3,SURVEILLANCE,0,-1,2,-1,-1,-1,28.779,10.232,10.031,0.064,nan,nan,nan,nan,0,nan,nan,nan,nan,nan,nan,0.000,nan,nan,nan,0,0,0,0,0,nan,nan,0,nan,nan,nan,nan,nan,nan,nan,nan
120,543.240,543,240000000,0,/drone1,TRACKING,0,-1,2,1,1,4,29.676,-6.163,10.020,0.034,30.650,-2.689,0.000,-6.455,1,29.900,-3.988,10.000,1.956,10.650,-0.026,0.000,10.000,3.608,0.020,0,1,1,1,0,1.958,-8.413,1,0.036,31.739,-3.272,-1.770,-1.090,0.583,1.770,2.159
121,543.240,543,240000000,1,/drone2,TRACKING,0,-1,2,0,0,3,30.434,2.798,10.026,0.050,27.955,4.259,0.000,-6.455,1,29.254,3.509,10.000,1.990,10.430,-0.104,0.000,10.000,2.878,0.026,0,1,1,1,0,1.994,-8.449,1,0.036,31.718,4.721,-1.788,-3.763,-0.462,1.788,4.192
122,543.240,543,240000000,2,/drone3,SURVEILLANCE,0,-1,2,-1,-1,-1,28.800,10.234,10.018,0.065,nan,nan,nan,nan,0,nan,nan,nan,nan,nan,nan,0.000,nan,nan,nan,0,0,0,0,0,nan,nan,0,nan,nan,nan,nan,nan,nan,nan,nan
123,543.472,543,472000000,0,/drone1,TRACKING,0,-1,2,1,1,4,29.673,-6.159,10.023,0.034,30.649,-2.689,0.000,-6.450,1,29.899,-3.988,10.000,1.957,10.651,-0.027,0.000,10.000,3.604,0.023,0,1,1,1,0,1.961,-8.411,1,0.016,31.737,-3.273,-1.801,-1.088,0.584,1.801,2.184
124,543.472,543,472000000,1,/drone2,TRACKING,0,-1,2,0,0,3,30.430,2.797,10.031,0.050,27.961,4.270,0.000,-6.458,1,29.260,3.520,10.000,1.988,10.435,-0.101,0.000,10.000,2.875,0.031,0,1,1,1,0,1.993,-8.450,1,0.016,31.716,4.720,-1.823,-3.755,-0.450,1.823,4.199
125,543.472,543,472000000,2,/drone3,SURVEILLANCE,0,-1,2,-1,-1,-1,28.840,10.235,10.014,0.065,nan,nan,nan,nan,0,nan,nan,nan,nan,nan,nan,0.000,nan,nan,nan,0,0,0,0,0,nan,nan,0,nan,nan,nan,nan,nan,nan,nan,nan
126,543.708,543,708000000,0,/drone1,TRACKING,0,-1,2,1,1,4,29.666,-6.161,10.026,0.034,30.646,-2.685,0.000,-6.462,1,29.896,-3.984,10.000,1.951,10.656,-0.020,0.000,10.000,3.611,0.026,0,1,1,1,0,1.955,-8.417,1,0.000,31.736,-3.273,-1.830,-1.090,0.588,1.830,2.210
127,543.708,543,708000000,1,/drone2,TRACKING,0,-1,2,0,0,3,30.417,2.796,10.033,0.050,27.989,4.278,0.000,-6.451,1,29.288,3.528,10.000,1.992,10.429,-0.106,0.000,10.000,2.845,0.033,0,1,1,1,0,1.997,-8.448,1,0.000,31.714,4.719,-1.856,-3.725,-0.441,1.856,4.185
128,543.708,543,708000000,2,/drone3,SURVEILLANCE,0,-1,2,-1,-1,-1,28.863,10.238,10.019,0.065,nan,nan,nan,nan,0,nan,nan,nan,nan,nan,nan,0.000,nan,nan,nan,0,0,0,0,0,nan,nan,0,nan,nan,nan,nan,nan,nan,nan,nan
129,543.964,543,964000000,0,/drone1,TRACKING,0,-1,2,1,1,4,29.664,-6.163,10.032,0.034,30.645,-2.699,0.000,-6.202,1,29.895,-3.998,10.000,2.074,10.659,-0.143,0.000,10.000,3.601,0.032,0,1,1,1,0,2.079,-8.281,1,0.004,31.733,-3.273,-1.857,-1.089,0.575,1.857,2.228
130,543.964,543,964000000,1,/drone2,TRACKING,0,-1,2,0,0,3,30.414,2.790,10.025,0.050,27.992,4.345,0.000,-6.293,1,29.291,3.595,10.000,2.068,10.430,-0.182,0.000,10.000,2.879,0.025,0,1,1,1,0,2.072,-8.364,1,0.004,31.711,4.719,-1.886,-3.719,-0.374,1.886,4.187
131,543.964,543,964000000,2,/drone3,SURVEILLANCE,0,-1,2,-1,-1,-1,28.897,10.240,10.022,0.066,nan,nan,nan,nan,0,nan,nan,nan,nan,nan,nan,0.000,nan,nan,nan,0,0,0,0,0,nan,nan,0,nan,nan,nan,nan,nan,nan,nan,nan
132,544.180,544,180000000,0,/drone1,TRACKING,0,-1,2,1,1,4,29.660,-6.166,10.034,0.034,30.628,-2.696,0.000,-6.379,1,29.878,-3.995,10.000,1.991,10.661,-0.058,0.000,10.000,3.603,0.034,0,1,1,1,0,1.996,-8.375,1,0.004,31.732,-3.274,-1.878,-1.104,0.577,1.878,2.254
133,544.180,544,180000000,1,/drone2,TRACKING,0,-1,2,0,0,3,30.408,2.787,10.021,0.050,28.033,4.310,0.000,-6.409,1,29.332,3.560,10.000,2.016,10.411,-0.134,0.000,10.000,2.822,0.021,0,1,1,1,0,2.019,-8.428,1,0.004,31.709,4.719,-1.909,-3.676,-0.408,1.909,4.162
134,544.180,544,180000000,2,/drone3,SURVEILLANCE,0,-1,2,-1,-1,-1,28.925,10.244,10.023,0.066,nan,nan,nan,nan,0,nan,nan,nan,nan,nan,nan,0.000,nan,nan,nan,0,0,0,0,0,nan,nan,0,nan,nan,nan,nan,nan,nan,nan,nan
135,544.404,544,404000000,0,/drone1,TRACKING,0,-1,2,1,1,4,29.659,-6.170,10.031,0.034,30.617,-2.705,0.000,-6.424,1,29.867,-4.004,10.000,1.970,10.656,-0.039,0.000,10.000,3.596,0.031,0,1,1,1,0,1.975,-8.398,1,0.012,31.730,-3.274,-1.897,-1.112,0.569,1.897,2.272
136,544.404,544,404000000,1,/drone2,TRACKING,0,-1,2,0,0,3,30.403,2.789,10.015,0.050,28.073,4.302,0.000,-6.431,1,29.372,3.552,10.000,2.008,10.393,-0.130,0.000,10.000,2.778,0.015,0,1,1,1,0,2.010,-8.441,1,0.012,31.707,4.718,-1.930,-3.634,-0.417,1.930,4.136
137,544.404,544,404000000,2,/drone3,SURVEILLANCE,0,-1,2,-1,-1,-1,28.940,10.247,10.025,0.067,nan,nan,nan,nan,0,nan,nan,nan,nan,nan,nan,0.000,nan,nan,nan,0,0,0,0,0,nan,nan,0,nan,nan,nan,nan,nan,nan,nan,nan
138,544.668,544,668000000,0,/drone1,TRACKING,0,-1,2,1,1,4,29.665,-6.174,10.030,0.034,30.607,-2.712,0.000,-6.448,1,29.857,-4.011,10.000,1.959,10.652,-0.029,0.000,10.000,3.588,0.030,0,1,1,1,0,1.963,-8.411,1,0.024,31.727,-3.274,-1.916,-1.120,0.561,1.916,2.289
139,544.668,544,668000000,1,/drone2,TRACKING,0,-1,2,0,0,3,30.406,2.794,10.006,0.050,28.077,4.304,0.000,-6.448,1,29.376,3.554,10.000,2.001,10.384,-0.124,0.000,10.000,2.776,0.006,0,1,1,1,0,2.002,-8.450,1,0.024,31.704,4.718,-1.949,-3.627,-0.415,1.949,4.139
140,544.668,544,668000000,2,/drone3,SURVEILLANCE,0,-1,2,-1,-1,-1,28.960,10.246,10.019,0.067,nan,nan,nan,nan,0,nan,nan,nan,nan,nan,nan,0.000,nan,nan,nan,0,0,0,0,0,nan,nan,0,nan,nan,nan,nan,nan,nan,nan,nan
141,544.892,544,892000000,0,/drone1,TRACKING,0,-1,2,1,1,4,29.663,-6.175,10.027,0.034,30.608,-2.718,0.000,-6.453,1,29.858,-4.017,10.000,1.957,10.648,-0.027,0.000,10.000,3.584,0.027,0,1,1,1,0,1.961,-8.414,1,0.032,31.726,-3.274,-1.929,-1.118,0.556,1.929,2.298
142,544.892,544,892000000,1,/drone2,TRACKING,0,-1,2,0,0,3,30.400,2.799,10.006,0.050,28.077,4.312,0.000,-6.464,1,29.376,3.562,10.000,1.993,10.383,-0.117,0.000,10.000,2.772,0.006,0,1,1,1,0,1.994,-8.459,1,0.032,31.702,4.718,-1.962,-3.625,-0.406,1.962,4.142
143,544.892,544,892000000,2,/drone3,SURVEILLANCE,0,-1,2,-1,-1,-1,28.976,10.245,10.017,0.067,nan,nan,nan,nan,0,nan,nan,nan,nan,nan,nan,0.000,nan,nan,nan,0,0,0,0,0,nan,nan,0,nan,nan,nan,nan,nan,nan,nan,nan
144,545.296,545,296000000,0,/drone1,TRACKING,0,-1,2,1,1,4,29.659,-6.178,10.026,0.034,30.603,-2.719,0.000,-6.463,1,29.853,-4.018,10.000,1.952,10.648,-0.022,0.000,10.000,3.586,0.026,0,1,1,1,0,1.956,-8.419,1,0.004,31.722,-3.273,-1.947,-1.118,0.554,1.947,2.313
145,545.296,545,296000000,1,/drone2,TRACKING,0,-1,2,0,0,3,30.393,2.802,10.005,0.050,28.072,4.309,0.000,-6.464,1,29.371,3.559,10.000,1.994,10.381,-0.117,0.000,10.000,2.767,0.005,0,1,1,1,0,1.995,-8.458,1,0.040,31.697,4.719,-1.977,-3.625,-0.410,1.977,4.149
146,545.296,545,296000000,2,/drone3,SURVEILLANCE,0,-1,2,-1,-1,-1,29.011,10.241,10.016,0.067,nan,nan,nan,nan,0,nan,nan,nan,nan,nan,nan,0.000,nan,nan,nan,0,0,0,0,0,nan,nan,0,nan,nan,nan,nan,nan,nan,nan,nan
147,545.548,545,548000000,0,/drone1,TRACKING,0,-1,2,1,1,4,29.652,-6.179,10.026,0.034,30.592,-2.721,0.000,-6.465,1,29.842,-4.021,10.000,1.951,10.647,-0.022,0.000,10.000,3.583,0.026,0,1,1,1,0,1.955,-8.420,1,0.004,31.720,-3.272,-1.952,-1.128,0.551,1.952,2.321
148,545.548,545,548000000,1,/drone2,TRACKING,0,-1,2,0,0,3,30.388,2.804,10.009,0.050,28.059,4.305,0.000,-6.465,1,29.358,3.555,10.000,1.992,10.385,-0.115,0.000,10.000,2.770,0.009,0,1,1,1,0,1.994,-8.459,1,0.004,31.694,4.719,-1.981,-3.635,-0.414,1.981,4.160
149,545.548,545,548000000,2,/drone3,SURVEILLANCE,0,-1,2,-1,-1,-1,29.028,10.239,10.016,0.068,nan,nan,nan,nan,0,nan,nan,nan,nan,nan,nan,0.000,nan,nan,nan,0,0,0,0,0,nan,nan,0,nan,nan,nan,nan,nan,nan,nan,nan
150,545.868,545,868000000,0,/drone1,TRACKING,0,-1,2,1,1,4,29.649,-6.175,10.021,0.034,30.582,-2.729,0.000,-6.454,1,29.832,-4.028,10.000,1.958,10.638,-0.031,0.000,10.000,3.570,0.021,0,1,1,1,0,1.961,-8.415,1,0.036,31.717,-3.272,-1.953,-1.135,0.543,1.953,2.323
151,545.868,545,868000000,1,/drone2,TRACKING,0,-1,2,0,0,3,30.386,2.806,10.015,0.050,28.055,4.325,0.000,-6.449,1,29.355,3.575,10.000,1.999,10.394,-0.120,0.000,10.000,2.782,0.015,0,1,1,1,0,2.001,-8.450,1,0.000,31.691,4.720,-1.977,-3.636,-0.395,1.977,4.157
152,545.868,545,868000000,2,/drone3,SURVEILLANCE,0,-1,2,-1,-1,-1,29.073,10.236,10.014,0.067,nan,nan,nan,nan,0,nan,nan,nan,nan,nan,nan,0.000,nan,nan,nan,0,0,0,0,0,nan,nan,0,nan,nan,nan,nan,nan,nan,nan,nan
153,546.224,546,224000000,0,/drone1,TRACKING,0,-1,2,1,1,4,29.640,-6.171,10.014,0.034,30.578,-2.724,0.000,-6.448,1,29.828,-4.023,10.000,1.961,10.632,-0.035,0.000,10.000,3.572,0.014,0,1,1,1,0,1.963,-8.412,1,0.032,31.714,-3.270,-1.947,-1.137,0.546,1.947,2.320
154,546.224,546,224000000,1,/drone2,TRACKING,0,-1,2,0,0,3,30.374,2.802,10.015,0.050,28.093,4.373,0.000,-6.447,1,29.392,3.623,10.000,2.000,10.391,-0.122,0.000,10.000,2.769,0.015,0,1,1,1,0,2.002,-8.449,1,0.032,31.688,4.721,-1.967,-3.595,-0.348,1.967,4.113
155,546.224,546,224000000,2,/drone3,SURVEILLANCE,0,-1,2,-1,-1,-1,29.107,10.235,10.016,0.067,nan,nan,nan,nan,0,nan,nan,nan,nan,nan,nan,0.000,nan,nan,nan,0,0,0,0,0,nan,nan,0,nan,nan,nan,nan,nan,nan,nan,nan
156,546.612,546,612000000,0,/drone1,TRACKING,0,-1,2,1,1,4,29.626,-6.167,10.005,0.034,30.585,-2.728,0.000,-6.334,1,29.835,-4.027,10.000,2.016,10.623,-0.092,0.000,10.000,3.570,0.005,0,1,1,1,0,2.017,-8.351,1,0.024,31.712,-3.269,-1.933,-1.127,0.541,1.933,2.302
157,546.612,546,612000000,1,/drone2,TRACKING,0,-1,2,0,0,3,30.363,2.799,10.010,0.050,28.141,4.389,0.000,-6.453,1,29.440,3.639,10.000,2.000,10.377,-0.124,0.000,10.000,2.732,0.010,0,1,1,1,0,2.001,-8.454,1,0.024,31.685,4.722,-1.945,-3.544,-0.333,1.945,4.056
158,546.612,546,612000000,2,/drone3,SURVEILLANCE,0,-1,2,-1,-1,-1,29.133,10.247,10.017,0.067,nan,nan,nan,nan,0,nan,nan,nan,nan,nan,nan,0.000,nan,nan,nan,0,0,0,0,0,nan,nan,0,nan,nan,nan,nan,nan,nan,nan,nan
159,547.000,547,0,0,/drone1,TRACKING,0,-1,2,1,1,4,29.615,-6.162,10.001,0.034,30.575,-2.723,0.000,-6.436,1,29.825,-4.022,10.000,1.970,10.619,-0.046,0.000,10.000,3.571,0.001,0,1,1,1,0,1.970,-8.406,1,0.016,31.709,-3.267,-1.912,-1.134,0.545,1.912,2.289
160,547.000,547,0,1,/drone2,TRACKING,0,-1,2,0,0,3,30.349,2.800,10.015,0.050,28.151,4.385,0.000,-6.463,1,29.450,3.635,10.000,1.995,10.376,-0.120,0.000,10.000,2.710,0.015,0,1,1,1,0,1.998,-8.460,1,0.016,31.682,4.724,-1.915,-3.531,-0.339,1.915,4.032
161,547.000,547,0,2,/drone3,SURVEILLANCE,0,-1,2,-1,-1,-1,29.140,10.257,10.021,0.067,nan,nan,nan,nan,0,nan,nan,nan,nan,nan,nan,0.000,nan,nan,nan,0,0,0,0,0,nan,nan,0,nan,nan,nan,nan,nan,nan,nan,nan
162,547.404,547,404000000,0,/drone1,TRACKING,0,-1,2,1,1,4,29.607,-6.159,10.003,0.034,30.555,-2.729,0.000,-6.460,1,29.805,-4.028,10.000,1.958,10.617,-0.035,0.000,10.000,3.559,0.003,0,1,1,1,0,1.959,-8.419,1,0.024,31.707,-3.266,-1.886,-1.152,0.537,1.886,2.274
163,547.404,547,404000000,1,/drone2,TRACKING,0,-1,2,0,0,3,30.327,2.817,10.024,0.050,28.112,4.376,0.000,-6.463,1,29.411,3.626,10.000,1.994,10.384,-0.117,0.000,10.000,2.709,0.024,0,1,1,1,0,1.997,-8.460,1,0.024,31.680,4.725,-1.879,-3.568,-0.349,1.879,4.047
164,547.404,547,404000000,2,/drone3,SURVEILLANCE,0,-1,2,-1,-1,-1,29.132,10.266,10.023,0.067,nan,nan,nan,nan,0,nan,nan,nan,nan,nan,nan,0.000,nan,nan,nan,0,0,0,0,0,nan,nan,0,nan,nan,nan,nan,nan,nan,nan,nan
165,547.812,547,812000000,0,/drone1,TRACKING,0,-1,2,1,1,4,29.603,-6.162,10.009,0.034,30.538,-2.715,0.000,-6.460,1,29.788,-4.014,10.000,1.957,10.627,-0.031,0.000,10.000,3.572,0.009,0,1,1,1,0,1.958,-8.418,1,0.036,31.705,-3.264,-1.855,-1.168,0.549,1.855,2.259
166,547.812,547,812000000,1,/drone2,TRACKING,0,-1,2,0,0,3,30.314,2.819,10.034,0.050,28.074,4.378,0.000,-6.461,1,29.373,3.628,10.000,1.992,10.398,-0.113,0.000,10.000,2.728,0.034,0,1,1,1,0,1.998,-8.458,1,0.036,31.678,4.727,-1.839,-3.604,-0.349,1.839,4.061
167,547.812,547,812000000,2,/drone3,SURVEILLANCE,0,-1,2,-1,-1,-1,29.116,10.259,10.015,0.067,nan,nan,nan,nan,0,nan,nan,nan,nan,nan,nan,0.000,nan,nan,nan,0,0,0,0,0,nan,nan,0,nan,nan,nan,nan,nan,nan,nan,nan
168,548.220,548,220000000,0,/drone1,TRACKING,0,-1,2,1,1,4,29.600,-6.170,10.019,0.034,30.535,-2.710,0.000,-6.423,1,29.785,-4.009,10.000,1.972,10.641,-0.044,0.000,10.000,3.585,0.019,0,1,1,1,0,1.974,-8.398,1,0.012,31.704,-3.263,-1.818,-1.168,0.553,1.818,2.231
169,548.220,548,220000000,1,/drone2,TRACKING,0,-1,2,0,0,3,30.314,2.810,10.030,0.050,28.074,4.390,0.000,-6.469,1,29.373,3.640,10.000,1.988,10.398,-0.109,0.000,10.000,2.742,0.030,0,1,1,1,0,1.993,-8.462,1,0.012,31.676,4.728,-1.794,-3.603,-0.338,1.794,4.039
170,548.220,548,220000000,2,/drone3,SURVEILLANCE,0,-1,2,-1,-1,-1,29.101,10.253,10.017,0.067,nan,nan,nan,nan,0,nan,nan,nan,nan,nan,nan,0.000,nan,nan,nan,0,0,0,0,0,nan,nan,0,nan,nan,nan,nan,nan,nan,nan,nan
171,548.600,548,600000000,0,/drone1,TRACKING,0,-1,2,1,1,4,29.601,-6.173,10.026,0.034,30.539,-2.699,0.000,-6.440,1,29.789,-3.998,10.000,1.962,10.652,-0.032,0.000,10.000,3.598,0.026,0,1,1,1,0,1.966,-8.406,1,0.032,31.703,-3.261,-1.787,-1.164,0.562,1.787,2.206
172,548.600,548,600000000,1,/drone2,TRACKING,0,-1,2,0,0,3,30.305,2.794,10.010,0.050,28.072,4.385,0.000,-6.447,1,29.371,3.635,10.000,2.002,10.379,-0.126,0.000,10.000,2.743,0.010,0,1,1,1,0,2.003,-8.451,1,0.032,31.675,4.729,-1.757,-3.604,-0.344,1.757,4.024
173,548.600,548,600000000,2,/drone3,SURVEILLANCE,0,-1,2,-1,-1,-1,29.085,10.251,10.015,0.067,nan,nan,nan,nan,0,nan,nan,nan,nan,nan,nan,0.000,nan,nan,nan,0,0,0,0,0,nan,nan,0,nan,nan,nan,nan,nan,nan,nan,nan
174,549.056,549,56000000,0,/drone1,TRACKING,0,-1,2,1,1,4,29.614,-6.170,10.024,0.034,30.555,-2.714,0.000,-6.265,1,29.805,-4.013,10.000,2.046,10.645,-0.117,0.000,10.000,3.582,0.024,0,1,1,1,0,2.049,-8.314,1,0.020,31.702,-3.260,-1.748,-1.147,0.546,1.748,2.161
175,549.056,549,56000000,1,/drone2,TRACKING,0,-1,2,0,0,3,30.310,2.786,9.992,0.050,28.020,4.420,0.000,-6.346,1,29.319,3.670,10.000,2.050,10.380,-0.173,0.000,10.000,2.813,0.008,0,1,1,1,0,2.048,-8.394,1,0.020,31.674,4.730,-1.712,-3.654,-0.310,1.712,4.048
176,549.056,549,56000000,2,/drone3,SURVEILLANCE,0,-1,2,-1,-1,-1,29.096,10.249,10.007,0.067,nan,nan,nan,nan,0,nan,nan,nan,nan,nan,nan,0.000,nan,nan,nan,0,0,0,0,0,nan,nan,0,nan,nan,nan,nan,nan,nan,nan,nan
177,549.352,549,352000000,0,/drone1,TRACKING,0,-1,2,1,1,4,29.609,-6.164,10.015,0.034,30.549,-2.706,0.000,-6.398,1,29.799,-4.006,10.000,1.985,10.636,-0.058,0.000,10.000,3.583,0.015,0,1,1,1,0,1.987,-8.386,1,0.028,31.701,-3.260,-1.725,-1.152,0.554,1.725,2.146
178,549.352,549,352000000,1,/drone2,TRACKING,0,-1,2,0,0,3,30.292,2.788,9.990,0.050,28.022,4.392,0.000,-6.412,1,29.321,3.642,10.000,2.020,10.370,-0.146,0.000,10.000,2.780,0.010,0,1,1,1,0,2.019,-8.431,1,0.028,31.674,4.731,-1.688,-3.652,-0.339,1.688,4.037
179,549.352,549,352000000,2,/drone3,SURVEILLANCE,0,-1,2,-1,-1,-1,29.050,10.257,10.010,0.067,nan,nan,nan,nan,0,nan,nan,nan,nan,nan,nan,0.000,nan,nan,nan,0,0,0,0,0,nan,nan,0,nan,nan,nan,nan,nan,nan,nan,nan
180,549.584,549,584000000,0,/drone1,TRACKING,0,-1,2,1,1,4,29.608,-6.162,10.008,0.034,30.546,-2.700,0.000,-6.442,1,29.796,-3.999,10.000,1.965,10.631,-0.039,0.000,10.000,3.587,0.008,0,1,1,1,0,1.966,-8.409,1,0.008,31.701,-3.260,-1.706,-1.155,0.560,1.706,2.135
181,549.584,549,584000000,1,/drone2,TRACKING,0,-1,2,0,0,3,30.289,2.792,9.997,0.050,28.031,4.339,0.000,-6.178,1,29.330,3.589,10.000,2.137,10.365,-0.264,0.000,10.000,2.737,0.003,0,1,1,1,0,2.136,-8.314,1,0.008,31.674,4.731,-1.668,-3.643,-0.393,1.668,4.026
182,549.584,549,584000000,2,/drone3,SURVEILLANCE,0,-1,2,-1,-1,-1,29.044,10.264,10.017,0.067,nan,nan,nan,nan,0,nan,nan,nan,nan,nan,nan,0.000,nan,nan,nan,0,0,0,0,0,nan,nan,0,nan,nan,nan,nan,nan,nan,nan,nan
183,549.800,549,800000000,0,/drone1,TRACKING,0,-1,2,1,1,4,29.600,-6.155,10.005,0.034,30.541,-2.703,0.000,-6.447,1,29.791,-4.002,10.000,1.963,10.626,-0.038,0.000,10.000,3.578,0.005,0,1,1,1,0,1.964,-8.411,1,0.008,31.701,-3.260,-1.691,-1.160,0.556,1.691,2.124
184,549.800,549,800000000,1,/drone2,TRACKING,0,-1,2,0,0,3,30.288,2.796,10.004,0.050,27.997,4.364,0.000,-6.350,1,29.296,3.614,10.000,2.050,10.382,-0.174,0.000,10.000,2.776,0.004,0,1,1,1,0,2.051,-8.401,1,0.008,31.674,4.731,-1.653,-3.677,-0.367,1.653,4.048
185,549.800,549,800000000,2,/drone3,SURVEILLANCE,0,-1,2,-1,-1,-1,29.034,10.265,10.025,0.067,nan,nan,nan,nan,0,nan,nan,nan,nan,nan,nan,0.000,nan,nan,nan,0,0,0,0,0,nan,nan,0,nan,nan,nan,nan,nan,nan,nan,nan
186,550.044,550,44000000,0,/drone1,TRACKING,0,-1,2,1,1,4,29.591,-6.151,10.006,0.034,30.537,-2.702,0.000,-6.461,1,29.787,-4.001,10.000,1.957,10.626,-0.032,0.000,10.000,3.576,0.006,0,1,1,1,0,1.957,-8.418,1,0.036,31.700,-3.260,-1.677,-1.163,0.558,1.677,2.116
187,550.044,550,44000000,1,/drone2,TRACKING,0,-1,2,0,0,3,30.287,2.802,10.011,0.050,27.980,4.376,0.000,-6.427,1,29.279,3.626,10.000,2.011,10.393,-0.132,0.000,10.000,2.792,0.011,0,1,1,1,0,2.013,-8.440,1,0.036,31.673,4.731,-1.641,-3.693,-0.355,1.641,4.057
188,550.044,550,44000000,2,/drone3,SURVEILLANCE,0,-1,2,-1,-1,-1,29.030,10.268,10.026,0.067,nan,nan,nan,nan,0,nan,nan,nan,nan,nan,nan,0.000,nan,nan,nan,0,0,0,0,0,nan,nan,0,nan,nan,nan,nan,nan,nan,nan,nan
189,550.276,550,276000000,0,/drone1,TRACKING,0,-1,2,1,1,4,29.584,-6.147,10.005,0.034,30.531,-2.685,0.000,-6.459,1,29.781,-3.984,10.000,1.957,10.630,-0.031,0.000,10.000,3.589,0.005,0,1,1,1,0,1.958,-8.417,1,0.016,31.700,-3.260,-1.662,-1.169,0.575,1.662,2.112
190,550.276,550,276000000,1,/drone2,TRACKING,0,-1,2,0,0,3,30.283,2.808,10.021,0.050,27.956,4.384,0.000,-6.454,1,29.255,3.634,10.000,1.995,10.408,-0.113,0.000,10.000,2.810,0.021,0,1,1,1,0,1.998,-8.452,1,0.016,31.673,4.731,-1.628,-3.718,-0.347,1.628,4.073
191,550.276,550,276000000,2,/drone3,SURVEILLANCE,0,-1,2,-1,-1,-1,29.029,10.270,10.024,0.067,nan,nan,nan,nan,0,nan,nan,nan,nan,nan,nan,0.000,nan,nan,nan,0,0,0,0,0,nan,nan,0,nan,nan,nan,nan,nan,nan,nan,nan
192,550.500,550,500000000,0,/drone1,TRACKING,0,-1,2,1,1,4,29.574,-6.142,10.009,0.034,30.515,-2.671,0.000,-6.460,1,29.765,-3.970,10.000,1.956,10.636,-0.028,0.000,10.000,3.596,0.009,0,1,1,1,0,1.957,-8.416,1,0.024,31.700,-3.260,-1.651,-1.185,0.590,1.651,2.116
193,550.500,550,500000000,1,/drone2,TRACKING,0,-1,2,0,0,3,30.276,2.813,10.022,0.050,27.937,4.388,0.000,-6.459,1,29.236,3.638,10.000,1.991,10.411,-0.109,0.000,10.000,2.820,0.022,0,1,1,1,0,1.995,-8.453,1,0.024,31.673,4.731,-1.620,-3.736,-0.343,1.620,4.087
194,550.500,550,500000000,2,/drone3,SURVEILLANCE,0,-1,2,-1,-1,-1,29.016,10.269,10.020,0.067,nan,nan,nan,nan,0,nan,nan,nan,nan,nan,nan,0.000,nan,nan,nan,0,0,0,0,0,nan,nan,0,nan,nan,nan,nan,nan,nan,nan,nan
195,550.740,550,740000000,0,/drone1,TRACKING,0,-1,2,1,1,4,29.575,-6.140,10.011,0.034,30.504,-2.655,0.000,-6.452,1,30.504,-4.155,10.000,1.958,10.641,-0.030,0.000,10.000,3.607,0.011,0,1,1,1,0,1.960,-8.412,1,0.012,31.700,-3.261,-1.640,-1.196,0.606,1.640,2.118
196,550.740,550,740000000,1,/drone2,TRACKING,0,-1,2,0,0,3,30.272,2.810,10.025,0.050,27.770,4.634,0.000,-6.451,1,29.069,3.884,10.000,1.982,10.492,-0.084,0.000,10.000,3.096,0.025,0,1,1,1,0,1.986,-8.436,1,0.012,31.673,4.730,-1.613,-3.903,-0.096,1.613,4.224
197,550.740,550,740000000,2,/drone3,SURVEILLANCE,0,-1,2,-1,-1,-1,29.013,10.266,10.014,0.067,nan,nan,nan,nan,0,nan,nan,nan,nan,nan,nan,0.000,nan,nan,nan,0,0,0,0,0,nan,nan,0,nan,nan,nan,nan,nan,nan,nan,nan
198,551.100,551,100000000,0,/drone1,TRACKING,0,-1,2,1,1,4,29.569,-6.139,10.025,0.034,30.490,-2.635,0.000,-6.461,1,30.490,-4.135,10.000,1.951,10.660,-0.019,0.000,10.000,3.623,0.025,0,1,1,1,0,1.955,-8.416,1,0.012,31.700,-3.262,-1.628,-1.210,0.626,1.628,2.123
199,551.100,551,100000000,1,/drone2,TRACKING,0,-1,2,0,0,3,30.266,2.800,10.027,0.050,27.934,4.395,0.000,-6.459,1,29.233,3.645,10.000,1.990,10.417,-0.106,0.000,10.000,2.825,0.027,0,1,1,1,0,1.994,-8.454,1,0.012,31.673,4.730,-1.607,-3.739,-0.335,1.607,4.084
200,551.100,551,100000000,2,/drone3,SURVEILLANCE,0,-1,2,-1,-1,-1,29.007,10.265,9.999,0.067,nan,nan,nan,nan,0,nan,nan,nan,nan,nan,nan,0.000,nan,nan,nan,0,0,0,0,0,nan,nan,0,nan,nan,nan,nan,nan,nan,nan,nan
201,551.408,551,408000000,0,/drone1,TRACKING,0,-1,2,1,1,4,29.566,-6.146,10.035,0.034,30.481,-2.626,0.000,-6.450,1,30.481,-4.126,10.000,1.954,10.674,-0.019,0.000,10.000,3.637,0.035,0,1,1,1,0,1.959,-8.409,1,0.032,31.700,-3.262,-1.622,-1.219,0.636,1.622,2.126
202,551.408,551,408000000,1,/drone2,TRACKING,0,-1,2,0,0,3,30.263,2.799,10.028,0.050,27.919,4.396,0.000,-6.444,1,29.218,3.646,10.000,1.996,10.422,-0.112,0.000,10.000,2.837,0.028,0,1,1,1,0,2.001,-8.445,1,0.032,31.673,4.729,-1.607,-3.754,-0.333,1.607,4.097
203,551.408,551,408000000,2,/drone3,SURVEILLANCE,0,-1,2,-1,-1,-1,28.992,10.268,9.995,0.067,nan,nan,nan,nan,0,nan,nan,nan,nan,nan,nan,0.000,nan,nan,nan,0,0,0,0,0,nan,nan,0,nan,nan,nan,nan,nan,nan,nan,nan
204,551.764,551,764000000,0,/drone1,TRACKING,0,-1,2,1,1,4,29.566,-6.159,10.039,0.034,30.478,-2.629,0.000,-6.464,1,30.478,-4.129,10.000,1.947,10.680,-0.011,0.000,10.000,3.646,0.039,0,1,1,1,0,1.952,-8.416,1,0.028,31.700,-3.264,-1.618,-1.221,0.634,1.618,2.124
205,551.764,551,764000000,1,/drone2,TRACKING,0,-1,2,0,0,3,30.258,2.803,10.025,0.050,27.891,4.400,0.000,-6.463,1,29.190,3.650,10.000,1.988,10.423,-0.103,0.000,10.000,2.855,0.025,0,1,1,1,0,1.991,-8.454,1,0.028,31.673,4.728,-1.612,-3.782,-0.328,1.612,4.125
206,551.764,551,764000000,2,/drone3,SURVEILLANCE,0,-1,2,-1,-1,-1,28.985,10.271,9.993,0.067,nan,nan,nan,nan,0,nan,nan,nan,nan,nan,nan,0.000,nan,nan,nan,0,0,0,0,0,nan,nan,0,nan,nan,nan,nan,nan,nan,nan,nan
207,552.160,552,160000000,0,/drone1,TRACKING,0,-1,2,1,1,4,29.560,-6.170,10.036,0.034,30.468,-2.652,0.000,-6.463,1,30.468,-4.152,10.000,1.948,10.674,-0.013,0.000,10.000,3.634,0.036,0,1,1,1,0,1.953,-8.417,1,0.028,31.700,-3.265,-1.619,-1.232,0.613,1.619,2.125
208,552.160,552,160000000,1,/drone2,TRACKING,0,-1,2,0,0,3,30.255,2.805,10.019,0.050,27.878,4.407,0.000,-6.466,1,29.177,3.657,10.000,1.986,10.421,-0.102,0.000,10.000,2.867,0.019,0,1,1,1,0,1.989,-8.455,1,0.028,31.673,4.726,-1.623,-3.795,-0.319,1.623,4.140
209,552.160,552,160000000,2,/drone3,SURVEILLANCE,0,-1,2,-1,-1,-1,28.983,10.272,9.997,0.067,nan,nan,nan,nan,0,nan,nan,nan,nan,nan,nan,0.000,nan,nan,nan,0,0,0,0,0,nan,nan,0,nan,nan,nan,nan,nan,nan,nan,nan
210,552.460,552,460000000,0,/drone1,TRACKING,0,-1,2,1,1,4,29.555,-6.176,10.039,0.034,30.471,-2.650,0.000,-6.451,1,30.471,-4.150,10.000,1.953,10.679,-0.017,0.000,10.000,3.643,0.039,0,1,1,1,0,1.958,-8.410,1,0.004,31.700,-3.266,-1.624,-1.229,0.616,1.624,2.128
211,552.460,552,460000000,1,/drone2,TRACKING,0,-1,2,0,0,3,30.254,2.800,10.018,0.050,27.871,4.406,0.000,-6.451,1,29.170,3.656,10.000,1.993,10.422,-0.109,0.000,10.000,2.874,0.018,0,1,1,1,0,1.996,-8.447,1,0.004,31.673,4.725,-1.636,-3.802,-0.319,1.636,4.151
212,552.460,552,460000000,2,/drone3,SURVEILLANCE,0,-1,2,-1,-1,-1,28.980,10.269,9.995,0.067,nan,nan,nan,nan,0,nan,nan,nan,nan,nan,nan,0.000,nan,nan,nan,0,0,0,0,0,nan,nan,0,nan,nan,nan,nan,nan,nan,nan,nan
213,552.800,552,800000000,0,/drone1,TRACKING,0,-1,2,1,1,4,29.548,-6.175,10.041,0.034,30.470,-2.656,0.000,-6.341,1,30.470,-4.156,10.000,2.004,10.680,-0.068,0.000,10.000,3.638,0.041,0,1,1,1,0,2.010,-8.351,1,0.020,31.700,-3.267,-1.633,-1.229,0.611,1.633,2.133
214,552.800,552,800000000,1,/drone2,TRACKING,0,-1,2,0,0,3,30.254,2.799,10.013,0.050,27.846,4.468,0.000,-6.259,1,29.145,3.718,10.000,2.083,10.432,-0.196,0.000,10.000,2.929,0.013,0,1,1,1,0,2.085,-8.344,1,0.020,31.672,4.724,-1.652,-3.826,-0.256,1.652,4.175
215,552.800,552,800000000,2,/drone3,SURVEILLANCE,0,-1,2,-1,-1,-1,28.961,10.271,10.002,0.067,nan,nan,nan,nan,0,nan,nan,nan,nan,nan,nan,0.000,nan,nan,nan,0,0,0,0,0,nan,nan,0,nan,nan,nan,nan,nan,nan,nan,nan
216,553.212,553,212000000,0,/drone1,TRACKING,0,-1,2,1,1,4,29.548,-6.165,10.035,0.034,30.474,-2.641,0.000,-6.426,1,30.474,-4.141,10.000,1.966,10.676,-0.031,0.000,10.000,3.643,0.035,0,1,1,1,0,1.971,-8.396,1,0.000,31.700,-3.268,-1.650,-1.225,0.627,1.650,2.148
217,553.212,553,212000000,1,/drone2,TRACKING,0,-1,2,0,0,3,30.247,2.802,10.013,0.050,27.866,4.421,0.000,-6.422,1,29.165,3.671,10.000,2.008,10.419,-0.125,0.000,10.000,2.880,0.013,0,1,1,1,0,2.010,-8.432,1,0.000,31.672,4.723,-1.678,-3.806,-0.302,1.678,4.170
218,553.212,553,212000000,2,/drone3,SURVEILLANCE,0,-1,2,-1,-1,-1,28.948,10.264,10.008,0.067,nan,nan,nan,nan,0,nan,nan,nan,nan,nan,nan,0.000,nan,nan,nan,0,0,0,0,0,nan,nan,0,nan,nan,nan,nan,nan,nan,nan,nan
219,553.644,553,644000000,0,/drone1,TRACKING,0,-1,2,1,1,4,29.550,-6.161,10.042,0.034,30.483,-2.630,0.000,-6.449,1,30.483,-4.130,10.000,1.953,10.686,-0.016,0.000,10.000,3.652,0.042,0,1,1,1,0,1.959,-8.408,1,0.000,31.700,-3.269,-1.672,-1.216,0.638,1.672,2.164
220,553.644,553,644000000,1,/drone2,TRACKING,0,-1,2,0,0,3,30.231,2.798,10.020,0.050,27.867,4.405,0.000,-6.447,1,29.166,3.655,10.000,1.996,10.420,-0.112,0.000,10.000,2.858,0.020,0,1,1,1,0,1.999,-8.446,1,0.000,31.671,4.722,-1.707,-3.804,-0.317,1.707,4.181
221,553.644,553,644000000,2,/drone3,SURVEILLANCE,0,-1,2,-1,-1,-1,28.933,10.258,10.028,0.067,nan,nan,nan,nan,0,nan,nan,nan,nan,nan,nan,0.000,nan,nan,nan,0,0,0,0,0,nan,nan,0,nan,nan,nan,nan,nan,nan,nan,nan
222,554.048,554,48000000,0,/drone1,TRACKING,0,-1,2,1,1,4,29.559,-6.163,10.048,0.034,30.479,-2.631,0.000,-6.464,1,30.479,-4.131,10.000,1.945,10.690,-0.007,0.000,10.000,3.650,0.048,0,1,1,1,0,1.952,-8.416,1,0.008,31.700,-3.269,-1.697,-1.220,0.637,1.697,2.186
223,554.048,554,48000000,1,/drone2,TRACKING,0,-1,2,0,0,3,30.215,2.795,10.022,0.050,27.841,4.391,0.000,-6.457,1,29.140,3.641,10.000,1.991,10.422,-0.106,0.000,10.000,2.861,0.022,0,1,1,1,0,1.994,-8.450,1,0.008,31.670,4.722,-1.735,-3.829,-0.331,1.735,4.217
224,554.048,554,48000000,2,/drone3,SURVEILLANCE,0,-1,2,-1,-1,-1,28.922,10.257,10.030,0.067,nan,nan,nan,nan,0,nan,nan,nan,nan,nan,nan,0.000,nan,nan,nan,0,0,0,0,0,nan,nan,0,nan,nan,nan,nan,nan,nan,nan,nan
225,554.368,554,368000000,0,/drone1,TRACKING,0,-1,2,1,1,4,29.561,-6.162,10.042,0.034,30.479,-2.657,0.000,-6.462,1,30.479,-4.157,10.000,1.948,10.675,-0.013,0.000,10.000,3.623,0.042,0,1,1,1,0,1.954,-8.416,1,0.004,31.699,-3.269,-1.721,-1.221,0.611,1.721,2.196
226,554.368,554,368000000,1,/drone2,TRACKING,0,-1,2,0,0,3,30.213,2.794,10.016,0.050,27.811,4.371,0.000,-6.462,1,29.110,3.621,10.000,1.988,10.421,-0.104,0.000,10.000,2.874,0.016,0,1,1,1,0,1.991,-8.453,1,0.004,31.670,4.722,-1.759,-3.859,-0.351,1.759,4.255
227,554.368,554,368000000,2,/drone3,SURVEILLANCE,0,-1,2,-1,-1,-1,28.911,10.262,10.024,0.067,nan,nan,nan,nan,0,nan,nan,nan,nan,nan,nan,0.000,nan,nan,nan,0,0,0,0,0,nan,nan,0,nan,nan,nan,nan,nan,nan,nan,nan
228,554.620,554,620000000,0,/drone1,TRACKING,0,-1,2,1,1,4,29.558,-6.163,10.037,0.034,30.474,-2.666,0.000,-6.339,1,30.474,-4.166,10.000,2.007,10.668,-0.073,0.000,10.000,3.615,0.037,0,1,1,1,0,2.013,-8.351,1,0.040,31.699,-3.268,-1.737,-1.225,0.602,1.737,2.209
229,554.620,554,620000000,1,/drone2,TRACKING,0,-1,2,0,0,3,30.204,2.794,10.011,0.050,27.768,4.405,0.000,-6.346,1,29.067,3.655,10.000,2.042,10.428,-0.156,0.000,10.000,2.920,0.011,0,1,1,1,0,2.044,-8.390,1,0.040,31.669,4.722,-1.776,-3.901,-0.317,1.776,4.298
230,554.620,554,620000000,2,/drone3,SURVEILLANCE,0,-1,2,-1,-1,-1,28.895,10.261,10.022,0.067,nan,nan,nan,nan,0,nan,nan,nan,nan,nan,nan,0.000,nan,nan,nan,0,0,0,0,0,nan,nan,0,nan,nan,nan,nan,nan,nan,nan,nan
231,554.832,554,832000000,0,/drone1,TRACKING,0,-1,2,1,1,4,29.555,-6.166,10.034,0.034,30.465,-2.659,0.000,-6.397,1,30.465,-4.159,10.000,1.980,10.668,-0.047,0.000,10.000,3.622,0.034,0,1,1,1,0,1.985,-8.382,1,0.000,31.699,-3.268,-1.757,-1.235,0.608,1.757,2.232
232,554.832,554,832000000,1,/drone2,TRACKING,0,-1,2,0,0,3,30.195,2.791,10.009,0.050,27.771,4.383,0.000,-6.401,1,29.070,3.633,10.000,2.018,10.421,-0.134,0.000,10.000,2.900,0.009,0,1,1,1,0,2.019,-8.420,1,0.000,31.669,4.723,-1.794,-3.898,-0.340,1.794,4.304
233,554.832,554,832000000,2,/drone3,SURVEILLANCE,0,-1,2,-1,-1,-1,28.890,10.262,10.027,0.067,nan,nan,nan,nan,0,nan,nan,nan,nan,nan,nan,0.000,nan,nan,nan,0,0,0,0,0,nan,nan,0,nan,nan,nan,nan,nan,nan,nan,nan
234,555.064,555,64000000,0,/drone1,TRACKING,0,-1,2,1,1,4,29.548,-6.176,10.033,0.034,30.451,-2.659,0.000,-6.452,1,30.451,-4.159,10.000,1.954,10.670,-0.020,0.000,10.000,3.631,0.033,0,1,1,1,0,1.959,-8.411,1,0.016,31.699,-3.267,-1.775,-1.248,0.609,1.775,2.253
235,555.064,555,64000000,1,/drone2,TRACKING,0,-1,2,0,0,3,30.189,2.790,10.005,0.050,27.779,4.369,0.000,-6.454,1,29.078,3.619,10.000,1.994,10.412,-0.112,0.000,10.000,2.881,0.005,0,1,1,1,0,1.995,-8.449,1,0.016,31.668,4.723,-1.810,-3.889,-0.354,1.810,4.305
236,555.064,555,64000000,2,/drone3,SURVEILLANCE,0,-1,2,-1,-1,-1,28.886,10.265,10.033,0.067,nan,nan,nan,nan,0,nan,nan,nan,nan,nan,nan,0.000,nan,nan,nan,0,0,0,0,0,nan,nan,0,nan,nan,nan,nan,nan,nan,nan,nan
237,555.292,555,292000000,0,/drone1,TRACKING,0,-1,2,1,1,4,29.542,-6.185,10.035,0.034,30.442,-2.670,0.000,-6.459,1,30.442,-4.170,10.000,1.951,10.671,-0.017,0.000,10.000,3.628,0.035,0,1,1,1,0,1.956,-8.415,1,0.028,31.699,-3.267,-1.793,-1.257,0.597,1.793,2.269
238,555.292,555,292000000,1,/drone2,TRACKING,0,-1,2,0,0,3,30.190,2.790,10.003,0.050,27.792,4.363,0.000,-6.460,1,29.091,3.613,10.000,1.992,10.406,-0.111,0.000,10.000,2.868,0.003,0,1,1,1,0,1.993,-8.452,1,0.028,31.667,4.724,-1.826,-3.876,-0.361,1.826,4.299
239,555.292,555,292000000,2,/drone3,SURVEILLANCE,0,-1,2,-1,-1,-1,28.882,10.264,10.031,0.067,nan,nan,nan,nan,0,nan,nan,nan,nan,nan,nan,0.000,nan,nan,nan,0,0,0,0,0,nan,nan,0,nan,nan,nan,nan,nan,nan,nan,nan
240,555.500,555,500000000,0,/drone1,TRACKING,0,-1,2,1,1,4,29.535,-6.189,10.039,0.034,30.427,-2.684,0.000,-6.454,1,30.427,-4.184,10.000,1.953,10.671,-0.019,0.000,10.000,3.616,0.039,0,1,1,1,0,1.958,-8.413,1,0.020,31.698,-3.266,-1.811,-1.271,0.582,1.811,2.288
241,555.500,555,500000000,1,/drone2,TRACKING,0,-1,2,0,0,3,30.193,2.790,10.006,0.050,27.801,4.362,0.000,-6.458,1,29.100,3.612,10.000,1.992,10.407,-0.111,0.000,10.000,2.863,0.006,0,1,1,1,0,1.993,-8.451,1,0.020,31.667,4.724,-1.841,-3.866,-0.362,1.841,4.297
242,555.500,555,500000000,2,/drone3,SURVEILLANCE,0,-1,2,-1,-1,-1,28.873,10.259,10.030,0.067,nan,nan,nan,nan,0,nan,nan,nan,nan,nan,nan,0.000,nan,nan,nan,0,0,0,0,0,nan,nan,0,nan,nan,nan,nan,nan,nan,nan,nan
243,555.688,555,688000000,0,/drone1,TRACKING,0,-1,2,1,1,4,29.532,-6.194,10.040,0.034,30.423,-2.690,0.000,-6.465,1,30.423,-4.190,10.000,1.948,10.671,-0.014,0.000,10.000,3.616,0.040,0,1,1,1,0,1.954,-8.418,1,0.028,31.698,-3.265,-1.826,-1.275,0.576,1.826,2.300
244,555.688,555,688000000,1,/drone2,TRACKING,0,-1,2,0,0,3,30.200,2.793,10.008,0.050,27.803,4.359,0.000,-6.464,1,29.102,3.609,10.000,1.989,10.410,-0.107,0.000,10.000,2.864,0.008,0,1,1,1,0,1.990,-8.454,1,0.028,31.666,4.725,-1.853,-3.863,-0.366,1.853,4.300
245,555.688,555,688000000,2,/drone3,SURVEILLANCE,0,-1,2,-1,-1,-1,28.874,10.256,10.033,0.067,nan,nan,nan,nan,0,nan,nan,nan,nan,nan,nan,0.000,nan,nan,nan,0,0,0,0,0,nan,nan,0,nan,nan,nan,nan,nan,nan,nan,nan
246,555.980,555,980000000,0,/drone1,TRACKING,0,-1,2,1,1,4,29.527,-6.197,10.039,0.034,30.410,-2.715,0.000,-6.466,1,30.410,-4.215,10.000,1.949,10.662,-0.016,0.000,10.000,3.592,0.039,0,1,1,1,0,1.954,-8.420,1,0.032,31.697,-3.264,-1.849,-1.287,0.549,1.849,2.319
247,555.980,555,980000000,1,/drone2,TRACKING,0,-1,2,0,0,3,30.210,2.795,10.006,0.050,27.802,4.356,0.000,-6.466,1,29.101,3.606,10.000,1.988,10.409,-0.106,0.000,10.000,2.870,0.006,0,1,1,1,0,1.989,-8.455,1,0.032,31.665,4.726,-1.870,-3.863,-0.370,1.870,4.308
248,555.980,555,980000000,2,/drone3,SURVEILLANCE,0,-1,2,-1,-1,-1,28.868,10.251,10.034,0.067,nan,nan,nan,nan,0,nan,nan,nan,nan,nan,nan,0.000,nan,nan,nan,0,0,0,0,0,nan,nan,0,nan,nan,nan,nan,nan,nan,nan,nan
249,556.348,556,348000000,0,/drone1,TRACKING,0,-1,2,1,1,4,29.526,-6.194,10.043,0.034,30.421,-2.721,0.000,-6.452,1,30.421,-4.221,10.000,1.955,10.664,-0.022,0.000,10.000,3.587,0.043,0,1,1,1,0,1.961,-8.413,1,0.004,31.696,-3.262,-1.879,-1.275,0.542,1.879,2.335
250,556.348,556,348000000,1,/drone2,TRACKING,0,-1,2,0,0,3,30.205,2.793,10.005,0.050,27.809,4.354,0.000,-6.455,1,29.108,3.604,10.000,1.994,10.406,-0.113,0.000,10.000,2.861,0.005,0,1,1,1,0,1.995,-8.449,1,0.004,31.664,4.728,-1.892,-3.855,-0.374,1.892,4.310
251,556.348,556,348000000,2,/drone3,SURVEILLANCE,0,-1,2,-1,-1,-1,28.871,10.255,10.030,0.067,nan,nan,nan,nan,0,nan,nan,nan,nan,nan,nan,0.000,nan,nan,nan,0,0,0,0,0,nan,nan,0,nan,nan,nan,nan,nan,nan,nan,nan
252,556.712,556,712000000,0,/drone1,TRACKING,0,-1,2,1,1,4,29.527,-6.185,10.044,0.034,30.426,-2.719,0.000,-6.453,1,30.426,-4.219,10.000,1.954,10.663,-0.022,0.000,10.000,3.581,0.044,0,1,1,1,0,1.961,-8.414,1,0.008,31.695,-3.261,-1.904,-1.269,0.542,1.904,2.351
253,556.712,556,712000000,1,/drone2,TRACKING,0,-1,2,0,0,3,30.195,2.788,10.010,0.050,27.802,4.359,0.000,-6.457,1,29.101,3.609,10.000,1.992,10.411,-0.110,0.000,10.000,2.863,0.010,0,1,1,1,0,1.994,-8.451,1,0.008,31.662,4.730,-1.907,-3.860,-0.371,1.907,4.322
254,556.712,556,712000000,2,/drone3,SURVEILLANCE,0,-1,2,-1,-1,-1,28.864,10.260,10.021,0.067,nan,nan,nan,nan,0,nan,nan,nan,nan,nan,nan,0.000,nan,nan,nan,0,0,0,0,0,nan,nan,0,nan,nan,nan,nan,nan,nan,nan,nan
255,557.120,557,120000000,0,/drone1,TRACKING,0,-1,2,1,1,4,29.529,-6.174,10.046,0.034,30.417,-2.721,0.000,-6.363,1,30.417,-4.221,10.000,1.997,10.659,-0.065,0.000,10.000,3.565,0.046,0,1,1,1,0,2.004,-8.367,1,0.020,31.693,-3.259,-1.925,-1.276,0.537,1.925,2.371
256,557.120,557,120000000,1,/drone2,TRACKING,0,-1,2,0,0,3,30.188,2.785,10.028,0.050,27.792,4.362,0.000,-6.464,1,29.091,3.612,10.000,1.986,10.430,-0.100,0.000,10.000,2.869,0.028,0,1,1,1,0,1.990,-8.454,1,0.020,31.661,4.732,-1.919,-3.869,-0.370,1.919,4.335
257,557.120,557,120000000,2,/drone3,SURVEILLANCE,0,-1,2,-1,-1,-1,28.853,10.264,10.031,0.067,nan,nan,nan,nan,0,nan,nan,nan,nan,nan,nan,0.000,nan,nan,nan,0,0,0,0,0,nan,nan,0,nan,nan,nan,nan,nan,nan,nan,nan
258,557.536,557,536000000,0,/drone1,TRACKING,0,-1,2,1,1,4,29.519,-6.162,10.048,0.034,30.406,-2.714,0.000,-6.447,1,30.406,-4.214,10.000,1.958,10.661,-0.026,0.000,10.000,3.560,0.048,0,1,1,1,0,1.965,-8.412,1,0.004,31.691,-3.257,-1.942,-1.286,0.542,1.942,2.391
259,557.536,557,536000000,1,/drone2,TRACKING,0,-1,2,0,0,3,30.186,2.790,10.026,0.050,27.782,4.363,0.000,-6.461,1,29.081,3.613,10.000,1.987,10.429,-0.101,0.000,10.000,2.873,0.026,0,1,1,1,0,1.991,-8.452,1,0.004,31.659,4.734,-1.926,-3.876,-0.370,1.926,4.344
260,557.536,557,536000000,2,/drone3,SURVEILLANCE,0,-1,2,-1,-1,-1,28.844,10.271,10.025,0.067,nan,nan,nan,nan,0,nan,nan,nan,nan,nan,nan,0.000,nan,nan,nan,0,0,0,0,0,nan,nan,0,nan,nan,nan,nan,nan,nan,nan,nan
261,557.944,557,944000000,0,/drone1,TRACKING,0,-1,2,1,1,4,29.511,-6.157,10.048,0.034,30.392,-2.717,0.000,-6.464,1,30.392,-4.217,10.000,1.951,10.656,-0.019,0.000,10.000,3.550,0.048,0,1,1,1,0,1.958,-8.421,1,0.016,31.689,-3.255,-1.949,-1.297,0.538,1.949,2.402
262,557.944,557,944000000,1,/drone2,TRACKING,0,-1,2,0,0,3,30.191,2.801,10.022,0.050,27.791,4.367,0.000,-6.458,1,29.090,3.617,10.000,1.989,10.424,-0.105,0.000,10.000,2.865,0.022,0,1,1,1,0,1.993,-8.451,1,0.016,31.657,4.735,-1.925,-3.866,-0.368,1.925,4.335
263,557.944,557,944000000,2,/drone3,SURVEILLANCE,0,-1,2,-1,-1,-1,28.841,10.268,10.024,0.067,nan,nan,nan,nan,0,nan,nan,nan,nan,nan,nan,0.000,nan,nan,nan,0,0,0,0,0,nan,nan,0,nan,nan,nan,nan,nan,nan,nan,nan
264,558.364,558,364000000,0,/drone1,TRACKING,0,-1,2,1,1,4,29.502,-6.165,10.041,0.034,30.372,-2.718,0.000,-6.463,1,30.372,-4.218,10.000,1.951,10.652,-0.021,0.000,10.000,3.555,0.041,0,1,1,1,0,1.957,-8.421,1,0.004,31.686,-3.254,-1.947,-1.315,0.536,1.947,2.410
265,558.364,558,364000000,1,/drone2,TRACKING,0,-1,2,0,0,3,30.188,2.809,10.011,0.050,27.838,4.383,0.000,-6.464,1,29.138,3.633,10.000,1.990,10.403,-0.110,0.000,10.000,2.828,0.011,0,1,1,1,0,1.992,-8.456,1,0.004,31.655,4.737,-1.916,-3.816,-0.354,1.916,4.285
266,558.364,558,364000000,2,/drone3,SURVEILLANCE,0,-1,2,-1,-1,-1,28.837,10.259,10.025,0.067,nan,nan,nan,nan,0,nan,nan,nan,nan,nan,nan,0.000,nan,nan,nan,0,0,0,0,0,nan,nan,0,nan,nan,nan,nan,nan,nan,nan,nan
267,558.772,558,772000000,0,/drone1,TRACKING,0,-1,2,1,1,4,29.498,-6.174,10.030,0.034,30.377,-2.722,0.000,-6.463,1,30.377,-4.222,10.000,1.953,10.644,-0.024,0.000,10.000,3.563,0.030,0,1,1,1,0,1.957,-8.420,1,0.016,31.684,-3.253,-1.935,-1.307,0.531,1.935,2.395
268,558.772,558,772000000,1,/drone2,TRACKING,0,-1,2,0,0,3,30.177,2.809,10.004,0.050,27.822,4.380,0.000,-6.464,1,29.121,3.630,10.000,1.991,10.396,-0.112,0.000,10.000,2.831,0.004,0,1,1,1,0,1.992,-8.456,1,0.016,31.653,4.738,-1.900,-3.831,-0.357,1.900,4.291
269,558.772,558,772000000,2,/drone3,SURVEILLANCE,0,-1,2,-1,-1,-1,28.823,10.269,10.023,0.067,nan,nan,nan,nan,0,nan,nan,nan,nan,nan,nan,0.000,nan,nan,nan,0,0,0,0,0,nan,nan,0,nan,nan,nan,nan,nan,nan,nan,nan
270,559.180,559,180000000,0,/drone1,TRACKING,0,-1,2,1,1,4,29.499,-6.181,10.021,0.034,30.380,-2.729,0.000,-6.466,1,30.380,-4.229,10.000,1.953,10.635,-0.026,0.000,10.000,3.563,0.021,0,1,1,1,0,1.956,-8.422,1,0.028,31.682,-3.252,-1.914,-1.302,0.524,1.914,2.374
271,559.180,559,180000000,1,/drone2,TRACKING,0,-1,2,0,0,3,30.165,2.810,10.002,0.050,27.795,4.378,0.000,-6.467,1,29.094,3.628,10.000,1.990,10.398,-0.110,0.000,10.000,2.841,0.002,0,1,1,1,0,1.990,-8.457,1,0.028,31.651,4.738,-1.877,-3.856,-0.360,1.877,4.304
272,559.180,559,180000000,2,/drone3,SURVEILLANCE,0,-1,2,-1,-1,-1,28.813,10.281,10.026,0.067,nan,nan,nan,nan,0,nan,nan,nan,nan,nan,nan,0.000,nan,nan,nan,0,0,0,0,0,nan,nan,0,nan,nan,nan,nan,nan,nan,nan,nan
273,559.592,559,592000000,0,/drone1,TRACKING,0,-1,2,1,1,4,29.501,-6.178,10.014,0.034,30.377,-2.718,0.000,-6.459,1,30.377,-4.218,10.000,1.957,10.631,-0.030,0.000,10.000,3.569,0.014,0,1,1,1,0,1.959,-8.417,1,0.008,31.679,-3.252,-1.882,-1.302,0.535,1.882,2.350
274,559.592,559,592000000,1,/drone2,TRACKING,0,-1,2,0,0,3,30.156,2.799,10.002,0.050,27.753,4.374,0.000,-6.459,1,29.052,3.624,10.000,1.992,10.407,-0.111,0.000,10.000,2.873,0.002,0,1,1,1,0,1.992,-8.451,1,0.008,31.649,4.738,-1.845,-3.896,-0.364,1.845,4.326
275,559.592,559,592000000,2,/drone3,SURVEILLANCE,0,-1,2,-1,-1,-1,28.804,10.274,10.021,0.067,nan,nan,nan,nan,0,nan,nan,nan,nan,nan,nan,0.000,nan,nan,nan,0,0,0,0,0,nan,nan,0,nan,nan,nan,nan,nan,nan,nan,nan
276,559.988,559,988000000,0,/drone1,TRACKING,0,-1,2,1,1,4,29.506,-6.170,10.017,0.034,30.388,-2.700,0.000,-6.456,1,30.388,-4.200,10.000,1.957,10.638,-0.029,0.000,10.000,3.581,0.017,0,1,1,1,0,1.960,-8.415,1,0.008,31.677,-3.253,-1.843,-1.289,0.553,1.843,2.316
277,559.988,559,988000000,1,/drone2,TRACKING,0,-1,2,0,0,3,30.151,2.794,10.011,0.050,27.736,4.371,0.000,-6.455,1,29.035,3.621,10.000,1.992,10.418,-0.108,0.000,10.000,2.885,0.011,0,1,1,1,0,1.994,-8.448,1,0.008,31.648,4.738,-1.810,-3.912,-0.367,1.810,4.326
278,559.988,559,988000000,2,/drone3,SURVEILLANCE,0,-1,2,-1,-1,-1,28.794,10.268,10.015,0.067,nan,nan,nan,nan,0,nan,nan,nan,nan,nan,nan,0.000,nan,nan,nan,0,0,0,0,0,nan,nan,0,nan,nan,nan,nan,nan,nan,nan,nan
279,560.312,560,312000000,0,/drone1,TRACKING,0,-1,2,1,1,4,29.507,-6.165,10.021,0.034,30.408,-2.690,0.000,-6.468,1,30.408,-4.190,10.000,1.950,10.645,-0.021,0.000,10.000,3.589,0.021,0,1,1,1,0,1.953,-8.422,1,0.008,31.676,-3.253,-1.807,-1.268,0.563,1.807,2.278
280,560.312,560,312000000,1,/drone2,TRACKING,0,-1,2,0,0,3,30.155,2.788,10.025,0.050,27.712,4.367,0.000,-6.468,1,29.011,3.617,10.000,1.983,10.438,-0.095,0.000,10.000,2.909,0.025,0,1,1,1,0,1.987,-8.454,1,0.008,31.646,4.738,-1.779,-3.935,-0.370,1.779,4.334
281,560.312,560,312000000,2,/drone3,SURVEILLANCE,0,-1,2,-1,-1,-1,28.790,10.263,10.009,0.067,nan,nan,nan,nan,0,nan,nan,nan,nan,nan,nan,0.000,nan,nan,nan,0,0,0,0,0,nan,nan,0,nan,nan,nan,nan,nan,nan,nan,nan
282,560.576,560,576000000,0,/drone1,TRACKING,0,-1,2,1,1,4,29.509,-6.164,10.023,0.034,30.420,-2.697,0.000,-6.463,1,30.420,-4.197,10.000,1.952,10.645,-0.023,0.000,10.000,3.585,0.023,0,1,1,1,0,1.956,-8.419,1,0.020,31.675,-3.253,-1.777,-1.255,0.557,1.777,2.246
283,560.576,560,576000000,1,/drone2,TRACKING,0,-1,2,0,0,3,30.156,2.784,10.031,0.050,27.675,4.422,0.000,-6.464,1,28.974,3.672,10.000,1.981,10.463,-0.088,0.000,10.000,2.973,0.031,0,1,1,1,0,1.986,-8.449,1,0.020,31.646,4.737,-1.753,-3.971,-0.315,1.753,4.352
284,560.576,560,576000000,2,/drone3,SURVEILLANCE,0,-1,2,-1,-1,-1,28.791,10.259,10.004,0.067,nan,nan,nan,nan,0,nan,nan,nan,nan,nan,nan,0.000,nan,nan,nan,0,0,0,0,0,nan,nan,0,nan,nan,nan,nan,nan,nan,nan,nan
285,560.792,560,792000000,0,/drone1,TRACKING,0,-1,2,1,1,4,29.510,-6.166,10.025,0.034,30.416,-2.680,0.000,-6.451,1,30.416,-4.180,10.000,1.957,10.652,-0.027,0.000,10.000,3.602,0.025,0,1,1,1,0,1.961,-8.412,1,0.020,31.674,-3.254,-1.751,-1.258,0.574,1.751,2.231
286,560.792,560,792000000,1,/drone2,TRACKING,0,-1,2,0,0,3,30.147,2.779,10.033,0.050,27.705,4.371,0.000,-6.452,1,29.004,3.621,10.000,1.989,10.448,-0.099,0.000,10.000,2.915,0.033,0,1,1,1,0,1.994,-8.445,1,0.020,31.645,4.737,-1.730,-3.940,-0.366,1.730,4.319
287,560.792,560,792000000,2,/drone3,SURVEILLANCE,0,-1,2,-1,-1,-1,28.790,10.260,10.001,0.067,nan,nan,nan,nan,0,nan,nan,nan,nan,nan,nan,0.000,nan,nan,nan,0,0,0,0,0,nan,nan,0,nan,nan,nan,nan,nan,nan,nan,nan
288,561.036,561,36000000,0,/drone1,TRACKING,0,-1,2,1,1,4,29.508,-6.164,10.028,0.034,30.410,-2.705,0.000,-6.180,1,30.410,-4.205,10.000,2.088,10.646,-0.158,0.000,10.000,3.575,0.028,0,1,1,1,0,2.092,-8.272,1,0.012,31.674,-3.254,-1.719,-1.264,0.550,1.719,2.203
289,561.036,561,36000000,1,/drone2,TRACKING,0,-1,2,0,0,3,30.141,2.777,10.034,0.050,27.679,4.447,0.000,-6.271,1,28.978,3.697,10.000,2.073,10.465,-0.180,0.000,10.000,2.975,0.034,0,1,1,1,0,2.078,-8.349,1,0.012,31.645,4.736,-1.703,-3.965,-0.289,1.703,4.326
290,561.036,561,36000000,2,/drone3,SURVEILLANCE,0,-1,2,-1,-1,-1,28.783,10.264,10.002,0.067,nan,nan,nan,nan,0,nan,nan,nan,nan,nan,nan,0.000,nan,nan,nan,0,0,0,0,0,nan,nan,0,nan,nan,nan,nan,nan,nan,nan,nan
291,561.268,561,268000000,0,/drone1,TRACKING,0,-1,2,1,1,4,29.504,-6.164,10.025,0.034,30.402,-2.690,0.000,-6.358,1,30.402,-4.190,10.000,2.003,10.648,-0.073,0.000,10.000,3.587,0.025,0,1,1,1,0,2.007,-8.364,1,0.028,31.673,-3.255,-1.692,-1.271,0.565,1.692,2.190
292,561.268,561,268000000,1,/drone2,TRACKING,0,-1,2,0,0,3,30.137,2.781,10.027,0.050,27.696,4.419,0.000,-6.385,1,28.995,3.669,10.000,2.021,10.449,-0.131,0.000,10.000,2.940,0.027,0,1,1,1,0,2.025,-8.410,1,0.028,31.644,4.736,-1.681,-3.949,-0.317,1.681,4.303
293,561.268,561,268000000,2,/drone3,SURVEILLANCE,0,-1,2,-1,-1,-1,28.789,10.266,10.005,0.067,nan,nan,nan,nan,0,nan,nan,nan,nan,nan,nan,0.000,nan,nan,nan,0,0,0,0,0,nan,nan,0,nan,nan,nan,nan,nan,nan,nan,nan
294,561.496,561,496000000,0,/drone1,TRACKING,0,-1,2,1,1,4,29.503,-6.164,10.023,0.034,30.391,-2.688,0.000,-6.438,1,30.391,-4.188,10.000,1.965,10.646,-0.036,0.000,10.000,3.588,0.023,0,1,1,1,0,1.969,-8.406,1,0.004,31.673,-3.256,-1.660,-1.282,0.568,1.660,2.173
295,561.496,561,496000000,1,/drone2,TRACKING,0,-1,2,0,0,3,30.136,2.781,10.023,0.050,27.701,4.408,0.000,-6.446,1,29.000,3.658,10.000,1.993,10.442,-0.105,0.000,10.000,2.928,0.023,0,1,1,1,0,1.997,-8.443,1,0.004,31.644,4.735,-1.655,-3.943,-0.327,1.655,4.289
296,561.496,561,496000000,2,/drone3,SURVEILLANCE,0,-1,2,-1,-1,-1,28.790,10.264,10.008,0.067,nan,nan,nan,nan,0,nan,nan,nan,nan,nan,nan,0.000,nan,nan,nan,0,0,0,0,0,nan,nan,0,nan,nan,nan,nan,nan,nan,nan,nan
297,561.760,561,760000000,0,/drone1,TRACKING,0,-1,2,1,1,4,29.502,-6.169,10.022,0.034,30.382,-2.676,0.000,-6.456,1,30.382,-4.176,10.000,1.956,10.650,-0.026,0.000,10.000,3.601,0.022,0,1,1,1,0,1.959,-8.415,1,0.016,31.673,-3.256,-1.631,-1.291,0.580,1.631,2.159
298,561.760,561,760000000,1,/drone2,TRACKING,0,-1,2,0,0,3,30.142,2.785,10.022,0.050,27.707,4.404,0.000,-6.458,1,29.006,3.654,10.000,1.988,10.440,-0.100,0.000,10.000,2.925,0.022,0,1,1,1,0,1.991,-8.449,1,0.016,31.644,4.735,-1.631,-3.937,-0.330,1.631,4.274
299,561.760,561,760000000,2,/drone3,SURVEILLANCE,0,-1,2,-1,-1,-1,28.778,10.265,10.008,0.067,nan,nan,nan,nan,0,nan,nan,nan,nan,nan,nan,0.000,nan,nan,nan,0,0,0,0,0,nan,nan,0,nan,nan,nan,nan,nan,nan,nan,nan
300,561.992,561,992000000,0,/drone1,TRACKING,0,-1,2,1,1,4,29.501,-6.171,10.025,0.034,30.385,-2.659,0.000,-6.455,1,30.385,-4.159,10.000,1.954,10.659,-0.022,0.000,10.000,3.622,0.025,0,1,1,1,0,1.958,-8.413,1,0.032,31.673,-3.257,-1.607,-1.288,0.598,1.607,2.144
301,561.992,561,992000000,1,/drone2,TRACKING,0,-1,2,0,0,3,30.146,2.789,10.029,0.050,27.701,4.404,0.000,-6.456,1,29.001,3.654,10.000,1.987,10.448,-0.097,0.000,10.000,2.930,0.029,0,1,1,1,0,1.991,-8.447,1,0.032,31.644,4.734,-1.612,-3.943,-0.330,1.612,4.272
302,561.992,561,992000000,2,/drone3,SURVEILLANCE,0,-1,2,-1,-1,-1,28.766,10.261,10.010,0.067,nan,nan,nan,nan,0,nan,nan,nan,nan,nan,nan,0.000,nan,nan,nan,0,0,0,0,0,nan,nan,0,nan,nan,nan,nan,nan,nan,nan,nan
303,562.256,562,256000000,0,/drone1,TRACKING,0,-1,2,1,1,4,29.494,-6.170,10.026,0.034,30.390,-2.637,0.000,-6.458,1,30.390,-4.137,10.000,1.951,10.668,-0.018,0.000,10.000,3.644,0.026,0,1,1,1,0,1.955,-8.413,1,0.008,31.673,-3.257,-1.578,-1.283,0.620,1.578,2.126
304,562.256,562,256000000,1,/drone2,TRACKING,0,-1,2,0,0,3,30.148,2.791,10.034,0.050,27.690,4.399,0.000,-6.458,1,28.989,3.649,10.000,1.985,10.455,-0.094,0.000,10.000,2.937,0.034,0,1,1,1,0,1.990,-8.448,1,0.008,31.645,4.733,-1.590,-3.955,-0.334,1.590,4.276
305,562.256,562,256000000,2,/drone3,SURVEILLANCE,0,-1,2,-1,-1,-1,28.755,10.257,10.016,0.067,nan,nan,nan,nan,0,nan,nan,nan,nan,nan,nan,0.000,nan,nan,nan,0,0,0,0,0,nan,nan,0,nan,nan,nan,nan,nan,nan,nan,nan
306,562.652,562,652000000,0,/drone1,TRACKING,0,-1,2,1,1,4,29.483,-6.162,10.026,0.034,30.388,-2.608,0.000,-6.455,1,30.388,-4.108,10.000,1.951,10.676,-0.016,0.000,10.000,3.668,0.026,0,1,1,1,0,1.955,-8.410,1,0.008,31.674,-3.258,-1.547,-1.286,0.651,1.547,2.114
307,562.652,562,652000000,1,/drone2,TRACKING,0,-1,2,0,0,3,30.151,2.792,10.035,0.050,27.682,4.388,0.000,-6.456,1,28.981,3.638,10.000,1.985,10.457,-0.094,0.000,10.000,2.940,0.035,0,1,1,1,0,1.991,-8.447,1,0.008,31.645,4.732,-1.566,-3.964,-0.344,1.566,4.276
308,562.652,562,652000000,2,/drone3,SURVEILLANCE,0,-1,2,-1,-1,-1,28.753,10.261,10.023,0.067,nan,nan,nan,nan,0,nan,nan,nan,nan,nan,nan,0.000,nan,nan,nan,0,0,0,0,0,nan,nan,0,nan,nan,nan,nan,nan,nan,nan,nan
309,563.076,563,76000000,0,/drone1,TRACKING,0,-1,2,1,1,4,29.475,-6.159,10.033,0.034,30.374,-2.589,0.000,-6.460,1,30.374,-4.089,10.000,1.948,10.687,-0.010,0.000,10.000,3.682,0.033,0,1,1,1,0,1.952,-8.412,1,0.036,31.676,-3.259,-1.526,-1.301,0.670,1.526,2.115
310,563.076,563,76000000,1,/drone2,TRACKING,0,-1,2,0,0,3,30.151,2.798,10.037,0.050,27.671,4.379,0.000,-6.456,1,28.970,3.629,10.000,1.985,10.459,-0.093,0.000,10.000,2.941,0.037,0,1,1,1,0,1.990,-8.447,1,0.036,31.646,4.732,-1.551,-3.975,-0.353,1.551,4.282
311,563.076,563,76000000,2,/drone3,SURVEILLANCE,0,-1,2,-1,-1,-1,28.751,10.265,10.025,0.067,nan,nan,nan,nan,0,nan,nan,nan,nan,nan,nan,0.000,nan,nan,nan,0,0,0,0,0,nan,nan,0,nan,nan,nan,nan,nan,nan,nan,nan
312,563.468,563,468000000,0,/drone1,TRACKING,0,-1,2,1,1,4,29.469,-6.162,10.028,0.034,30.363,-2.581,0.000,-6.457,1,30.363,-4.081,10.000,1.949,10.686,-0.012,0.000,10.000,3.691,0.028,0,1,1,1,0,1.953,-8.410,1,0.032,31.677,-3.259,-1.518,-1.314,0.679,1.518,2.120
313,563.468,563,468000000,1,/drone2,TRACKING,0,-1,2,0,0,3,30.145,2.800,10.044,0.050,27.660,4.386,0.000,-6.460,1,28.959,3.636,10.000,1.982,10.467,-0.088,0.000,10.000,2.947,0.044,0,1,1,1,0,1.988,-8.449,1,0.032,31.648,4.731,-1.548,-3.988,-0.345,1.548,4.292
314,563.468,563,468000000,2,/drone3,SURVEILLANCE,0,-1,2,-1,-1,-1,28.743,10.257,10.027,0.067,nan,nan,nan,nan,0,nan,nan,nan,nan,nan,nan,0.000,nan,nan,nan,0,0,0,0,0,nan,nan,0,nan,nan,nan,nan,nan,nan,nan,nan
315,563.872,563,872000000,0,/drone1,TRACKING,0,-1,2,1,1,4,29.476,-6.163,10.023,0.034,30.356,-2.582,0.000,-6.456,1,30.356,-4.082,10.000,1.951,10.680,-0.015,0.000,10.000,3.687,0.023,0,1,1,1,0,1.954,-8.410,1,0.004,31.679,-3.259,-1.526,-1.323,0.677,1.526,2.130
316,563.872,563,872000000,1,/drone2,TRACKING,0,-1,2,0,0,3,30.140,2.797,10.040,0.050,27.614,4.389,0.000,-6.459,1,28.913,3.639,10.000,1.981,10.475,-0.086,0.000,10.000,2.986,0.040,0,1,1,1,0,1.987,-8.446,1,0.004,31.650,4.731,-1.558,-4.036,-0.342,1.558,4.340
317,563.872,563,872000000,2,/drone3,SURVEILLANCE,0,-1,2,-1,-1,-1,28.732,10.256,10.023,0.067,nan,nan,nan,nan,0,nan,nan,nan,nan,nan,nan,0.000,nan,nan,nan,0,0,0,0,0,nan,nan,0,nan,nan,nan,nan,nan,nan,nan,nan
318,564.284,564,284000000,0,/drone1,TRACKING,0,-1,2,1,1,4,29.496,-6.166,10.025,0.034,30.363,-2.592,0.000,-6.459,1,30.363,-4.092,10.000,1.949,10.678,-0.013,0.000,10.000,3.678,0.025,0,1,1,1,0,1.953,-8.412,1,0.020,31.681,-3.259,-1.547,-1.318,0.667,1.547,2.139
319,564.284,564,284000000,1,/drone2,TRACKING,0,-1,2,0,0,3,30.132,2.811,10.039,0.050,27.594,4.390,0.000,-6.459,1,28.893,3.640,10.000,1.981,10.475,-0.086,0.000,10.000,2.990,0.039,0,1,1,1,0,1.987,-8.446,1,0.020,31.651,4.731,-1.579,-4.057,-0.341,1.579,4.367
320,564.284,564,284000000,2,/drone3,SURVEILLANCE,0,-1,2,-1,-1,-1,28.726,10.258,10.021,0.067,nan,nan,nan,nan,0,nan,nan,nan,nan,nan,nan,0.000,nan,nan,nan,0,0,0,0,0,nan,nan,0,nan,nan,nan,nan,nan,nan,nan,nan
321,564.664,564,664000000,0,/drone1,TRACKING,0,-1,2,1,1,4,29.508,-6.165,10.026,0.034,30.384,-2.597,0.000,-6.456,1,30.384,-4.097,10.000,1.950,10.678,-0.015,0.000,10.000,3.674,0.026,0,1,1,1,0,1.954,-8.411,1,0.004,31.683,-3.258,-1.583,-1.299,0.661,1.583,2.151
322,564.664,564,664000000,1,/drone2,TRACKING,0,-1,2,0,0,3,30.128,2.815,10.030,0.050,27.602,4.394,0.000,-6.460,1,28.901,3.644,10.000,1.983,10.463,-0.090,0.000,10.000,2.979,0.030,0,1,1,1,0,1.987,-8.447,1,0.004,31.653,4.732,-1.612,-4.051,-0.338,1.612,4.373
323,564.664,564,664000000,2,/drone3,SURVEILLANCE,0,-1,2,-1,-1,-1,28.730,10.268,10.010,0.067,nan,nan,nan,nan,0,nan,nan,nan,nan,nan,nan,0.000,nan,nan,nan,0,0,0,0,0,nan,nan,0,nan,nan,nan,nan,nan,nan,nan,nan
324,564.984,564,984000000,0,/drone1,TRACKING,0,-1,2,1,1,4,29.504,-6.168,10.021,0.034,30.394,-2.612,0.000,-6.470,1,30.394,-4.112,10.000,1.945,10.671,-0.011,0.000,10.000,3.666,0.021,0,1,1,1,0,1.949,-8.418,1,0.036,31.684,-3.257,-1.616,-1.290,0.646,1.616,2.166
325,564.984,564,984000000,1,/drone2,TRACKING,0,-1,2,0,0,3,30.119,2.814,10.024,0.050,27.611,4.397,0.000,-6.467,1,28.910,3.647,10.000,1.981,10.453,-0.090,0.000,10.000,2.966,0.024,0,1,1,1,0,1.984,-8.452,1,0.036,31.654,4.733,-1.643,-4.043,-0.336,1.643,4.377
326,564.984,564,984000000,2,/drone3,SURVEILLANCE,0,-1,2,-1,-1,-1,28.736,10.273,10.004,0.067,nan,nan,nan,nan,0,nan,nan,nan,nan,nan,nan,0.000,nan,nan,nan,0,0,0,0,0,nan,nan,0,nan,nan,nan,nan,nan,nan,nan,nan
327,565.372,565,372000000,0,/drone1,TRACKING,0,-1,2,1,1,4,29.498,-6.170,10.017,0.034,30.389,-2.635,0.000,-6.468,1,30.389,-4.135,10.000,1.948,10.659,-0.016,0.000,10.000,3.646,0.017,0,1,1,1,0,1.951,-8.418,1,0.028,31.685,-3.256,-1.671,-1.297,0.621,1.671,2.204
328,565.372,565,372000000,1,/drone2,TRACKING,0,-1,2,0,0,3,30.112,2.804,10.015,0.050,27.631,4.401,0.000,-6.408,1,28.930,3.651,10.000,2.011,10.440,-0.123,0.000,10.000,2.950,0.015,0,1,1,1,0,2.013,-8.421,1,0.028,31.655,4.734,-1.692,-4.023,-0.333,1.692,4.377
329,565.372,565,372000000,2,/drone3,SURVEILLANCE,0,-1,2,-1,-1,-1,28.739,10.282,10.000,0.067,nan,nan,nan,nan,0,nan,nan,nan,nan,nan,nan,0.000,nan,nan,nan,0,0,0,0,0,nan,nan,0,nan,nan,nan,nan,nan,nan,nan,nan
330,565.708,565,708000000,0,/drone1,TRACKING,0,-1,2,1,1,4,29.496,-6.174,10.017,0.034,30.377,-2.654,0.000,-6.459,1,30.377,-4.154,10.000,1.953,10.654,-0.022,0.000,10.000,3.628,0.017,0,1,1,1,0,1.956,-8.414,1,0.004,31.685,-3.255,-1.727,-1.308,0.601,1.727,2.248
331,565.708,565,708000000,1,/drone2,TRACKING,0,-1,2,0,0,3,30.113,2.799,10.016,0.050,27.634,4.424,0.000,-6.451,1,28.933,3.674,10.000,1.990,10.445,-0.101,0.000,10.000,2.964,0.016,0,1,1,1,0,1.993,-8.443,1,0.004,31.655,4.735,-1.743,-4.021,-0.311,1.743,4.394
332,565.708,565,708000000,2,/drone3,SURVEILLANCE,0,-1,2,-1,-1,-1,28.736,10.279,10.003,0.067,nan,nan,nan,nan,0,nan,nan,nan,nan,nan,nan,0.000,nan,nan,nan,0,0,0,0,0,nan,nan,0,nan,nan,nan,nan,nan,nan,nan,nan
333,566.012,566,12000000,0,/drone1,TRACKING,0,-1,2,1,1,4,29.485,-6.176,10.015,0.017,30.354,-2.682,0.000,-6.453,1,30.354,-4.182,10.000,1.958,10.642,-0.029,0.000,10.000,3.600,0.015,0,1,1,1,0,1.960,-8.413,1,0.020,31.685,-3.254,-1.775,-1.331,0.572,1.775,2.292
334,566.012,566,12000000,1,/drone2,TRACKING,0,-1,2,0,0,3,30.118,2.797,10.014,0.050,27.637,4.417,0.000,-6.452,1,28.936,3.667,10.000,1.990,10.444,-0.101,0.000,10.000,2.963,0.014,0,1,1,1,0,1.992,-8.443,1,0.020,31.655,4.736,-1.786,-4.018,-0.319,1.786,4.408
335,566.012,566,12000000,2,/drone3,SURVEILLANCE,0,-1,2,-1,-1,-1,28.730,10.272,10.005,0.067,nan,nan,nan,nan,0,nan,nan,nan,nan,nan,nan,0.000,nan,nan,nan,0,0,0,0,0,nan,nan,0,nan,nan,nan,nan,nan,nan,nan,nan
336,566.216,566,216000000,0,/drone1,TRACKING,0,-1,2,1,1,4,29.461,-6.226,10.005,-0.009,30.347,-3.033,0.000,-6.453,1,29.597,-4.332,10.000,1.974,10.539,-0.066,0.000,10.000,3.313,0.005,0,1,1,1,0,1.975,-8.427,1,0.008,31.685,-3.253,-1.812,-1.337,0.220,1.812,2.263
337,566.216,566,216000000,1,/drone2,TRACKING,0,-1,2,0,0,3,30.123,2.795,10.015,0.050,27.633,4.406,0.000,-6.464,1,28.932,3.656,10.000,1.983,10.445,-0.095,0.000,10.000,2.965,0.015,0,1,1,1,0,1.986,-8.450,1,0.008,31.654,4.737,-1.819,-4.021,-0.331,1.819,4.425
338,566.216,566,216000000,2,/drone3,SURVEILLANCE,0,-1,2,-1,-1,-1,28.723,10.268,10.004,0.067,nan,nan,nan,nan,0,nan,nan,nan,nan,nan,nan,0.000,nan,nan,nan,0,0,0,0,0,nan,nan,0,nan,nan,nan,nan,nan,nan,nan,nan
339,566.380,566,380000000,0,/drone1,TRACKING,0,-1,2,1,1,4,29.430,-6.301,9.997,0.003,30.321,-3.360,0.000,-6.454,1,29.571,-4.659,10.000,1.986,10.459,-0.094,0.000,10.000,3.073,0.003,0,1,1,1,0,1.985,-8.440,1,0.028,31.684,-3.253,-1.836,-1.363,-0.107,1.836,2.290
340,566.380,566,380000000,1,/drone2,TRACKING,0,-1,2,0,0,3,30.125,2.790,10.017,0.050,27.636,4.396,0.000,-6.454,1,28.935,3.646,10.000,1.988,10.446,-0.099,0.000,10.000,2.962,0.017,0,1,1,1,0,1.990,-8.445,1,0.028,31.654,4.738,-1.840,-4.018,-0.341,1.840,4.433
341,566.380,566,380000000,2,/drone3,SURVEILLANCE,0,-1,2,-1,-1,-1,28.727,10.266,10.002,0.067,nan,nan,nan,nan,0,nan,nan,nan,nan,nan,nan,0.000,nan,nan,nan,0,0,0,0,0,nan,nan,0,nan,nan,nan,nan,nan,nan,nan,nan
342,566.600,566,600000000,0,/drone1,TRACKING,0,-1,2,1,1,4,29.379,-6.418,9.990,0.008,30.287,-3.655,0.000,-6.457,1,29.537,-4.954,10.000,1.993,10.405,-0.112,0.000,10.000,2.909,0.010,0,1,1,1,0,1.991,-8.449,1,0.032,31.683,-3.252,-1.872,-1.396,-0.403,1.872,2.370
343,566.600,566,600000000,1,/drone2,TRACKING,0,-1,2,0,0,3,30.125,2.787,10.021,0.050,27.645,4.390,0.000,-6.457,1,28.944,3.640,10.000,1.986,10.447,-0.097,0.000,10.000,2.953,0.021,0,1,1,1,0,1.990,-8.446,1,0.032,31.653,4.739,-1.872,-4.008,-0.348,1.872,4.437
344,566.600,566,600000000,2,/drone3,SURVEILLANCE,0,-1,2,-1,-1,-1,28.720,10.262,9.996,0.067,nan,nan,nan,nan,0,nan,nan,nan,nan,nan,nan,0.000,nan,nan,nan,0,0,0,0,0,nan,nan,0,nan,nan,nan,nan,nan,nan,nan,nan
345,566.884,566,884000000,0,/drone1,TRACKING,0,-1,2,1,1,4,29.330,-6.531,9.983,0.011,30.234,-3.913,0.000,-6.459,1,29.484,-5.212,10.000,2.000,10.360,-0.128,0.000,10.000,2.769,0.017,0,1,1,1,0,1.997,-8.455,1,0.028,31.681,-3.251,-1.919,-1.448,-0.662,1.919,2.493
346,566.884,566,884000000,1,/drone2,TRACKING,0,-1,2,0,0,3,30.126,2.782,10.028,0.050,27.643,4.380,0.000,-6.458,1,28.942,3.630,10.000,1.985,10.454,-0.094,0.000,10.000,2.953,0.028,0,1,1,1,0,1.989,-8.447,1,0.028,31.651,4.740,-1.913,-4.009,-0.359,1.913,4.456
347,566.884,566,884000000,2,/drone3,SURVEILLANCE,0,-1,2,-1,-1,-1,28.716,10.256,9.993,0.067,nan,nan,nan,nan,0,nan,nan,nan,nan,nan,nan,0.000,nan,nan,nan,0,0,0,0,0,nan,nan,0,nan,nan,nan,nan,nan,nan,nan,nan
348,567.276,567,276000000,0,/drone1,TRACKING,0,-1,3,1,1,4,29.292,-6.617,9.987,0.016,30.383,-2.853,0.000,-6.460,1,29.633,-4.152,10.000,1.941,10.728,0.004,0.000,10.000,3.918,0.013,0,1,1,1,0,1.939,-8.399,1,0.024,31.678,-3.249,-1.976,-1.295,0.396,1.976,2.395
349,567.276,567,276000000,1,/drone2,TRACKING,0,-1,3,0,0,3,30.123,2.778,10.034,0.050,27.637,4.369,0.000,-6.460,1,28.937,3.619,10.000,1.983,10.459,-0.091,0.000,10.000,2.951,0.034,0,1,1,1,0,1.988,-8.448,1,0.024,31.649,4.741,-1.964,-4.011,-0.373,1.964,4.482
350,567.276,567,276000000,2,/drone3,SURVEILLANCE,0,-1,3,-1,-1,-1,28.698,10.249,9.995,0.067,nan,nan,nan,nan,0,nan,nan,nan,nan,nan,nan,0.000,nan,nan,nan,0,0,0,0,0,nan,nan,0,nan,nan,nan,nan,nan,nan,nan,nan
351,567.692,567,692000000,0,/drone1,TRACKING,0,-1,3,2,2,4,29.287,-6.609,9.996,0.021,29.961,-4.884,0.000,-6.460,1,29.211,-6.183,10.000,2.030,10.166,0.003,0.000,10.000,1.853,0.004,0,1,1,1,0,2.030,-8.489,1,0.044,31.674,-3.248,-2.022,-1.713,-1.635,2.022,3.114
352,567.692,567,692000000,1,/drone2,TRACKING,0,-1,3,0,0,3,30.119,2.790,10.033,0.050,27.644,4.367,0.000,-6.458,1,28.943,3.617,10.000,1.985,10.454,-0.094,0.000,10.000,2.935,0.033,0,1,1,1,0,1.990,-8.448,1,0.044,31.645,4.743,-2.004,-4.001,-0.375,2.004,4.491
353,567.692,567,692000000,2,/drone3,SURVEILLANCE,0,-1,3,-1,-1,-1,28.686,10.250,10.004,0.067,nan,nan,nan,nan,0,nan,nan,nan,nan,nan,nan,0.000,nan,nan,nan,0,0,0,0,0,nan,nan,0,nan,nan,nan,nan,nan,nan,nan,nan
354,568.096,568,96000000,0,/drone1,TRACKING,0,-1,3,2,2,4,29.286,-6.560,10.002,0.024,29.912,-4.848,0.000,-6.459,1,29.162,-6.147,10.000,2.030,10.167,-0.197,0.000,10.000,1.823,0.002,0,1,1,1,0,2.031,-8.490,1,0.016,31.669,-3.248,-2.057,-1.757,-1.600,2.057,3.143
355,568.096,568,96000000,1,/drone2,TRACKING,0,-1,3,0,0,3,30.111,2.796,10.029,0.050,27.665,4.369,0.000,-6.458,1,28.964,3.619,10.000,1.987,10.442,-0.098,0.000,10.000,2.909,0.029,0,1,1,1,0,1.991,-8.449,1,0.016,31.641,4.744,-2.034,-3.976,-0.374,2.034,4.482
356,568.096,568,96000000,2,/drone3,SURVEILLANCE,0,-1,3,-1,-1,-1,28.692,10.261,10.012,0.067,nan,nan,nan,nan,0,nan,nan,nan,nan,nan,nan,0.000,nan,nan,nan,0,0,0,0,0,nan,nan,0,nan,nan,nan,nan,nan,nan,nan,nan
357,568.492,568,492000000,0,/drone1,TRACKING,0,-1,3,2,2,4,29.301,-6.484,10.020,0.026,29.904,-4.715,0.000,-6.461,1,29.154,-6.014,10.000,2.025,10.192,-0.187,0.000,10.000,1.868,0.020,0,1,1,1,0,2.028,-8.490,1,0.016,31.665,-3.247,-2.071,-1.761,-1.468,2.071,3.089
358,568.492,568,492000000,1,/drone2,TRACKING,0,-1,3,0,0,3,30.109,2.797,10.012,0.050,27.663,4.372,0.000,-6.460,1,28.962,3.622,10.000,1.988,10.426,-0.103,0.000,10.000,2.909,0.012,0,1,1,1,0,1.990,-8.450,1,0.016,31.637,4.744,-2.047,-3.974,-0.372,2.047,4.485
359,568.492,568,492000000,2,/drone3,SURVEILLANCE,0,-1,3,-1,-1,-1,28.700,10.262,10.017,0.067,nan,nan,nan,nan,0,nan,nan,nan,nan,nan,nan,0.000,nan,nan,nan,0,0,0,0,0,nan,nan,0,nan,nan,nan,nan,nan,nan,nan,nan
360,568.872,568,872000000,0,/drone1,TRACKING,0,-1,3,2,2,4,29.335,-6.405,10.044,0.029,29.928,-4.575,0.000,-6.456,1,29.178,-5.874,10.000,2.022,10.227,-0.177,0.000,10.000,1.924,0.044,0,1,1,1,0,2.029,-8.485,1,0.000,31.660,-3.247,-2.068,-1.732,-1.328,2.068,3.006
361,568.872,568,872000000,1,/drone2,TRACKING,0,-1,3,0,0,3,30.112,2.792,10.001,0.050,27.684,4.370,0.000,-6.459,1,28.983,3.620,10.000,1.991,10.411,-0.109,0.000,10.000,2.895,0.001,0,1,1,1,0,1.991,-8.450,1,0.036,31.633,4.745,-2.043,-3.949,-0.374,2.043,4.462
362,568.872,568,872000000,2,/drone3,SURVEILLANCE,0,-1,3,-1,-1,-1,28.700,10.255,10.023,0.067,nan,nan,nan,nan,0,nan,nan,nan,nan,nan,nan,0.000,nan,nan,nan,0,0,0,0,0,nan,nan,0,nan,nan,nan,nan,nan,nan,nan,nan
363,569.188,569,188000000,0,/drone1,TRACKING,0,-1,3,2,2,4,29.366,-6.340,10.056,0.030,29.938,-4.469,0.000,-6.460,1,29.188,-5.768,10.000,2.017,10.245,-0.168,0.000,10.000,1.957,0.056,0,1,1,1,0,2.026,-8.486,1,0.028,31.656,-3.247,-2.053,-1.718,-1.222,2.053,2.943
364,569.188,569,188000000,1,/drone2,TRACKING,0,-1,3,0,0,3,30.110,2.789,9.996,0.050,27.695,4.370,0.000,-6.467,1,28.994,3.620,10.000,1.989,10.404,-0.108,0.000,10.000,2.886,0.004,0,1,1,1,0,1.988,-8.455,1,0.028,31.630,4.745,-2.029,-3.934,-0.375,2.029,4.443
365,569.188,569,188000000,2,/drone3,SURVEILLANCE,0,-1,3,-1,-1,-1,28.701,10.256,10.024,0.067,nan,nan,nan,nan,0,nan,nan,nan,nan,nan,nan,0.000,nan,nan,nan,0,0,0,0,0,nan,nan,0,nan,nan,nan,nan,nan,nan,nan,nan
366,569.568,569,568000000,0,/drone1,TRACKING,0,-1,3,2,2,4,29.399,-6.274,10.060,0.032,29.938,-4.379,0.000,-6.459,1,29.188,-5.678,10.000,2.017,10.251,-0.167,0.000,10.000,1.970,0.060,0,1,1,1,0,2.026,-8.485,1,0.012,31.651,-3.247,-2.019,-1.714,-1.132,2.019,2.879
367,569.568,569,568000000,1,/drone2,TRACKING,0,-1,3,0,0,3,30.098,2.790,9.994,0.050,27.715,4.357,0.000,-6.387,1,29.014,3.607,10.000,2.029,10.393,-0.150,0.000,10.000,2.853,0.006,0,1,1,1,0,2.028,-8.414,1,0.012,31.626,4.744,-1.996,-3.911,-0.387,1.996,4.408
368,569.568,569,568000000,2,/drone3,SURVEILLANCE,0,-1,3,-1,-1,-1,28.700,10.270,10.018,0.067,nan,nan,nan,nan,0,nan,nan,nan,nan,nan,nan,0.000,nan,nan,nan,0,0,0,0,0,nan,nan,0,nan,nan,nan,nan,nan,nan,nan,nan
369,569.980,569,980000000,0,/drone1,TRACKING,0,-1,3,2,2,4,29.426,-6.216,10.065,0.033,29.963,-4.322,0.000,-6.449,1,29.213,-5.621,10.000,2.021,10.256,-0.169,0.000,10.000,1.969,0.065,0,1,1,1,0,2.031,-8.480,1,0.028,31.647,-3.248,-1.968,-1.684,-1.074,1.968,2.804
370,569.980,569,980000000,1,/drone2,TRACKING,0,-1,3,0,0,3,30.091,2.792,9.999,0.050,27.707,4.375,0.000,-6.441,1,29.006,3.625,10.000,2.002,10.400,-0.122,0.000,10.000,2.862,0.001,0,1,1,1,0,2.002,-8.443,1,0.028,31.622,4.744,-1.949,-3.915,-0.369,1.949,4.389
371,569.980,569,980000000,2,/drone3,SURVEILLANCE,0,-1,3,-1,-1,-1,28.688,10.277,10.013,0.067,nan,nan,nan,nan,0,nan,nan,nan,nan,nan,nan,0.000,nan,nan,nan,0,0,0,0,0,nan,nan,0,nan,nan,nan,nan,nan,nan,nan,nan
372,570.392,570,392000000,0,/drone1,TRACKING,0,-1,3,2,2,4,29.441,-6.155,10.070,0.034,29.988,-4.289,0.000,-6.448,1,29.238,-5.588,10.000,2.021,10.256,-0.170,0.000,10.000,1.945,0.070,0,1,1,1,0,2.032,-8.480,1,0.008,31.643,-3.248,-1.897,-1.655,-1.041,1.897,2.724
373,570.392,570,392000000,1,/drone2,TRACKING,0,-1,3,0,0,3,30.080,2.795,10.005,0.050,27.655,4.390,0.000,-6.445,1,28.954,3.640,10.000,1.997,10.418,-0.113,0.000,10.000,2.902,0.005,0,1,1,1,0,1.998,-8.442,1,0.008,31.618,4.744,-1.884,-3.963,-0.354,1.884,4.402
374,570.392,570,392000000,2,/drone3,SURVEILLANCE,0,-1,3,-1,-1,-1,28.682,10.272,10.013,0.067,nan,nan,nan,nan,0,nan,nan,nan,nan,nan,nan,0.000,nan,nan,nan,0,0,0,0,0,nan,nan,0,nan,nan,nan,nan,nan,nan,nan,nan
375,570.800,570,800000000,0,/drone1,TRACKING,0,-1,3,2,2,4,29.446,-6.138,10.051,0.035,30.011,-4.255,0.000,-6.449,1,29.261,-5.554,10.000,2.023,10.241,-0.175,0.000,10.000,1.966,0.051,0,1,1,1,0,2.031,-8.480,1,0.020,31.640,-3.249,-1.822,-1.629,-1.006,1.822,2.643
376,570.800,570,800000000,1,/drone2,TRACKING,0,-1,3,0,0,3,30.074,2.793,10.017,0.050,27.603,4.392,0.000,-6.456,1,28.902,3.642,10.000,1.988,10.440,-0.100,0.000,10.000,2.944,0.017,0,1,1,1,0,1.990,-8.447,1,0.020,31.616,4.743,-1.814,-4.013,-0.350,1.814,4.418
377,570.800,570,800000000,2,/drone3,SURVEILLANCE,0,-1,3,-1,-1,-1,28.677,10.257,10.003,0.067,nan,nan,nan,nan,0,nan,nan,nan,nan,nan,nan,0.000,nan,nan,nan,0,0,0,0,0,nan,nan,0,nan,nan,nan,nan,nan,nan,nan,nan
378,571.168,571,168000000,0,/drone1,TRACKING,0,-1,3,2,2,4,29.489,-6.056,10.049,0.036,30.038,-4.234,0.000,-6.450,1,29.288,-5.533,10.000,2.025,10.228,-0.180,0.000,10.000,1.903,0.049,0,1,1,1,0,2.033,-8.482,1,0.028,31.638,-3.249,-1.749,-1.600,-0.985,1.749,2.567
379,571.168,571,168000000,1,/drone2,TRACKING,0,-1,3,0,0,3,30.083,2.795,10.015,0.050,27.586,4.397,0.000,-6.409,1,28.885,3.647,10.000,2.009,10.446,-0.120,0.000,10.000,2.967,0.015,0,1,1,1,0,2.012,-8.421,1,0.028,31.614,4.742,-1.747,-4.028,-0.345,1.747,4.404
380,571.168,571,168000000,2,/drone3,SURVEILLANCE,0,-1,3,-1,-1,-1,28.671,10.255,10.013,0.067,nan,nan,nan,nan,0,nan,nan,nan,nan,nan,nan,0.000,nan,nan,nan,0,0,0,0,0,nan,nan,0,nan,nan,nan,nan,nan,nan,nan,nan
381,571.400,571,400000000,0,/drone1,TRACKING,0,-1,3,2,2,4,29.497,-6.025,10.045,0.036,30.041,-4.234,0.000,-6.459,1,29.291,-5.533,10.000,2.022,10.217,-0.179,0.000,10.000,1.872,0.045,0,1,1,1,0,2.030,-8.488,1,0.008,31.637,-3.250,-1.698,-1.596,-0.984,1.698,2.529
382,571.400,571,400000000,1,/drone2,TRACKING,0,-1,3,0,0,3,30.089,2.802,10.013,0.050,27.596,4.392,0.000,-6.439,1,28.895,3.642,10.000,1.996,10.441,-0.108,0.000,10.000,2.957,0.013,0,1,1,1,0,1.998,-8.437,1,0.008,31.613,4.742,-1.699,-4.017,-0.350,1.699,4.376
383,571.400,571,400000000,2,/drone3,SURVEILLANCE,0,-1,3,-1,-1,-1,28.673,10.255,10.024,0.067,nan,nan,nan,nan,0,nan,nan,nan,nan,nan,nan,0.000,nan,nan,nan,0,0,0,0,0,nan,nan,0,nan,nan,nan,nan,nan,nan,nan,nan
384,571.652,571,652000000,0,/drone1,TRACKING,0,-1,3,2,2,4,29.505,-6.000,10.043,0.036,30.011,-4.239,0.000,-6.463,1,29.261,-5.538,10.000,2.022,10.208,-0.180,0.000,10.000,1.832,0.043,0,1,1,1,0,2.029,-8.492,1,0.008,31.636,-3.250,-1.647,-1.625,-0.989,1.647,2.516
385,571.652,571,652000000,1,/drone2,TRACKING,0,-1,3,0,0,3,30.091,2.803,10.010,0.050,27.592,4.389,0.000,-6.460,1,28.891,3.639,10.000,1.987,10.438,-0.099,0.000,10.000,2.960,0.010,0,1,1,1,0,1.988,-8.448,1,0.008,31.612,4.741,-1.652,-4.020,-0.352,1.652,4.361
386,571.652,571,652000000,2,/drone3,SURVEILLANCE,0,-1,3,-1,-1,-1,28.678,10.257,10.024,0.067,nan,nan,nan,nan,0,nan,nan,nan,nan,nan,nan,0.000,nan,nan,nan,0,0,0,0,0,nan,nan,0,nan,nan,nan,nan,nan,nan,nan,nan
387,571.884,571,884000000,0,/drone1,SURVEILLANCE,1,2,3,2,2,4,29.517,-5.969,10.043,0.037,29.987,-4.232,0.000,-6.454,1,29.237,-5.531,10.000,2.027,10.203,-0.186,0.000,10.000,1.800,0.043,1,1,1,1,0,2.034,-8.488,1,0.024,31.636,-3.250,-1.606,-1.649,-0.981,1.606,2.502
388,571.884,571,884000000,1,/drone2,TRACKING,0,-1,3,0,0,3,30.096,2.802,10.010,0.050,27.591,4.388,0.000,-6.452,1,28.890,3.638,10.000,1.990,10.440,-0.102,0.000,10.000,2.965,0.010,0,1,1,1,0,1.992,-8.443,1,0.024,31.612,4.741,-1.613,-4.022,-0.353,1.613,4.347
389,571.884,571,884000000,2,/drone3,SURVEILLANCE,0,-1,3,-1,-1,-1,28.682,10.261,10.024,0.067,nan,nan,nan,nan,0,nan,nan,nan,nan,nan,nan,0.000,nan,nan,nan,0,0,0,0,0,nan,nan,0,nan,nan,nan,nan,nan,nan,nan,nan
390,572.100,572,100000000,0,/drone1,SURVEILLANCE,1,2,3,-1,-1,-1,29.533,-5.924,10.050,0.037,nan,nan,nan,nan,0,nan,nan,nan,nan,nan,nan,0.000,nan,nan,nan,0,0,0,0,0,nan,nan,0,nan,nan,nan,nan,nan,nan,nan,nan
391,572.100,572,100000000,1,/drone2,TRACKING,0,-1,3,0,0,3,30.093,2.801,10.012,0.050,27.590,4.389,0.000,-6.455,1,28.890,3.639,10.000,1.988,10.441,-0.100,0.000,10.000,2.964,0.012,0,1,1,1,0,1.990,-8.445,1,0.024,31.612,4.741,-1.577,-4.022,-0.352,1.577,4.334
392,572.100,572,100000000,2,/drone3,TRACKING,0,-1,3,2,2,4,28.672,10.266,10.024,0.067,29.972,-4.212,0.000,-6.458,0,nan,nan,nan,0.000,17.657,1000.000,0.000,10.000,14.535,0.024,0,1,1,1,0,1.186,-7.644,1,0.024,31.636,-3.251,-1.567,-1.664,-0.961,1.567,2.480
393,572.356,572,356000000,0,/drone1,SURVEILLANCE,1,2,3,-1,-1,-1,29.544,-5.893,10.056,0.037,nan,nan,nan,nan,0,nan,nan,nan,nan,nan,nan,0.000,nan,nan,nan,0,0,0,0,0,nan,nan,0,nan,nan,nan,nan,nan,nan,nan,nan
394,572.356,572,356000000,1,/drone2,TRACKING,0,-1,3,0,0,3,30.093,2.797,10.019,0.050,27.590,4.389,0.000,-6.469,1,28.889,3.639,10.000,1.980,10.449,-0.091,0.000,10.000,2.967,0.019,0,1,1,1,0,1.983,-8.452,1,0.028,31.612,4.741,-1.538,-4.023,-0.351,1.538,4.321
395,572.356,572,356000000,2,/drone3,TRACKING,0,-1,3,2,2,4,28.670,10.270,10.021,0.067,29.971,-4.187,0.000,-6.465,0,nan,nan,nan,0.000,17.638,1000.000,0.000,10.000,14.515,0.021,0,1,1,1,0,1.185,-7.649,1,0.028,31.636,-3.251,-1.526,-1.665,-0.936,1.526,2.445
396,572.564,572,564000000,0,/drone1,SURVEILLANCE,1,2,3,-1,-1,-1,29.556,-5.864,10.064,0.038,nan,nan,nan,nan,0,nan,nan,nan,nan,nan,nan,0.000,nan,nan,nan,0,0,0,0,0,nan,nan,0,nan,nan,nan,nan,nan,nan,nan,nan
397,572.564,572,564000000,1,/drone2,TRACKING,0,-1,3,0,0,3,30.087,2.796,10.024,0.050,27.575,4.391,0.000,-6.460,1,28.874,3.641,10.000,1.983,10.456,-0.092,0.000,10.000,2.975,0.024,0,1,1,1,0,1.987,-8.447,1,0.020,31.613,4.740,-1.509,-4.037,-0.349,1.509,4.324
398,572.564,572,564000000,2,/drone3,TRACKING,0,-1,3,2,2,4,28.664,10.271,10.019,0.067,29.975,-4.160,0.000,-6.461,0,nan,nan,nan,0.000,17.617,1000.000,0.000,10.000,14.491,0.019,0,1,1,1,0,1.188,-7.648,1,0.020,31.637,-3.251,-1.495,-1.661,-0.909,1.495,2.413
399,572.816,572,816000000,0,/drone1,SURVEILLANCE,1,2,3,-1,-1,-1,29.571,-5.828,10.067,0.038,nan,nan,nan,nan,0,nan,nan,nan,nan,nan,nan,0.000,nan,nan,nan,0,0,0,0,0,nan,nan,0,nan,nan,nan,nan,nan,nan,nan,nan
400,572.816,572,816000000,1,/drone2,TRACKING,0,-1,3,0,0,3,30.081,2.802,10.027,0.050,27.556,4.380,0.000,-6.380,1,28.855,3.630,10.000,2.021,10.460,-0.129,0.000,10.000,2.977,0.027,0,1,1,1,0,2.025,-8.405,1,0.020,31.614,4.740,-1.480,-4.057,-0.360,1.480,4.334
401,572.816,572,816000000,2,/drone3,TRACKING,0,-1,3,2,2,4,28.660,10.275,10.017,0.067,29.990,-4.132,0.000,-6.461,0,nan,nan,nan,0.000,17.598,1000.000,0.000,10.000,14.469,0.017,0,1,1,1,0,1.189,-7.650,1,0.020,31.637,-3.251,-1.465,-1.647,-0.881,1.465,2.374
402,573.200,573,200000000,0,/drone1,SURVEILLANCE,1,2,3,-1,-1,-1,29.598,-5.771,10.074,0.038,nan,nan,nan,nan,0,nan,nan,nan,nan,nan,nan,0.000,nan,nan,nan,0,0,0,0,0,nan,nan,0,nan,nan,nan,nan,nan,nan,nan,nan
403,573.200,573,200000000,1,/drone2,TRACKING,0,-1,3,0,0,3,30.076,2.804,10.021,0.050,27.498,4.402,0.000,-6.419,1,28.797,3.652,10.000,2.001,10.470,-0.107,0.000,10.000,3.033,0.021,0,1,1,1,0,2.004,-8.423,1,0.008,31.615,4.740,-1.449,-4.117,-0.338,1.449,4.377
404,573.200,573,200000000,2,/drone3,TRACKING,0,-1,3,2,2,4,28.647,10.273,10.014,0.067,30.011,-4.108,0.000,-6.466,0,nan,nan,nan,0.000,17.577,1000.000,0.000,10.000,14.445,0.014,0,1,1,1,0,1.189,-7.655,1,0.008,31.639,-3.251,-1.432,-1.628,-0.857,1.432,2.332
405,573.608,573,608000000,0,/drone1,SURVEILLANCE,1,2,3,-1,-1,-1,29.623,-5.712,10.060,0.038,nan,nan,nan,nan,0,nan,nan,nan,nan,nan,nan,0.000,nan,nan,nan,0,0,0,0,0,nan,nan,0,nan,nan,nan,nan,nan,nan,nan,nan
406,573.608,573,608000000,1,/drone2,TRACKING,0,-1,3,0,0,3,30.068,2.797,10.010,0.050,27.442,4.398,0.000,-6.454,1,28.741,3.648,10.000,1.984,10.472,-0.090,0.000,10.000,3.076,0.010,0,1,1,1,0,1.986,-8.440,1,0.020,31.617,4.740,-1.437,-4.175,-0.342,1.437,4.429
407,573.608,573,608000000,2,/drone3,TRACKING,0,-1,3,2,2,4,28.640,10.268,10.007,0.067,30.040,-4.060,0.000,-6.460,0,nan,nan,nan,0.000,17.533,1000.000,0.000,10.000,14.397,0.007,0,1,1,1,0,1.194,-7.654,1,0.020,31.641,-3.251,-1.420,-1.601,-0.810,1.420,2.288
408,574.032,574,32000000,0,/drone1,SURVEILLANCE,1,2,3,-1,-1,-1,29.644,-5.649,10.044,0.038,nan,nan,nan,nan,0,nan,nan,nan,nan,nan,nan,0.000,nan,nan,nan,0,0,0,0,0,nan,nan,0,nan,nan,nan,nan,nan,nan,nan,nan
409,574.032,574,32000000,1,/drone2,TRACKING,0,-1,3,0,0,3,30.067,2.789,10.003,0.050,27.413,4.391,0.000,-6.464,1,28.713,3.641,10.000,1.979,10.472,-0.085,0.000,10.000,3.099,0.003,0,1,1,1,0,1.980,-8.443,1,0.012,31.620,4.740,-1.446,-4.206,-0.349,1.446,4.461
410,574.032,574,32000000,2,/drone3,TRACKING,0,-1,3,2,2,4,28.639,10.279,10.007,0.067,30.031,-4.008,0.000,-6.462,0,nan,nan,nan,0.000,17.498,1000.000,0.000,10.000,14.355,0.007,0,1,1,1,0,1.196,-7.658,1,0.012,31.643,-3.250,-1.431,-1.612,-0.758,1.431,2.284
411,574.436,574,436000000,0,/drone1,SURVEILLANCE,1,2,3,-1,-1,-1,29.669,-5.590,10.051,0.038,nan,nan,nan,nan,0,nan,nan,nan,nan,nan,nan,0.000,nan,nan,nan,0,0,0,0,0,nan,nan,0,nan,nan,nan,nan,nan,nan,nan,nan
412,574.436,574,436000000,1,/drone2,TRACKING,0,-1,3,0,0,3,30.070,2.796,10.007,0.050,27.412,4.397,0.000,-6.461,1,28.711,3.647,10.000,1.980,10.477,-0.085,0.000,10.000,3.103,0.007,0,1,1,1,0,1.981,-8.442,1,0.020,31.622,4.741,-1.475,-4.210,-0.344,1.475,4.474
413,574.436,574,436000000,2,/drone3,TRACKING,0,-1,3,2,2,4,28.644,10.281,10.013,0.067,30.017,-3.965,0.000,-6.462,0,nan,nan,nan,0.000,17.467,1000.000,0.000,10.000,14.312,0.013,0,1,1,1,0,1.198,-7.661,1,0.020,31.645,-3.250,-1.462,-1.628,-0.715,1.462,2.302
414,574.852,574,852000000,0,/drone1,SURVEILLANCE,1,2,3,-1,-1,-1,29.687,-5.532,10.062,0.038,nan,nan,nan,nan,0,nan,nan,nan,nan,nan,nan,0.000,nan,nan,nan,0,0,0,0,0,nan,nan,0,nan,nan,nan,nan,nan,nan,nan,nan
415,574.852,574,852000000,1,/drone2,TRACKING,0,-1,3,0,0,3,30.069,2.805,10.004,0.050,27.436,4.401,0.000,-6.462,1,28.735,3.651,10.000,1.981,10.467,-0.088,0.000,10.000,3.079,0.004,0,1,1,1,0,1.982,-8.443,1,0.004,31.624,4.742,-1.528,-4.188,-0.341,1.528,4.471
416,574.852,574,852000000,2,/drone3,TRACKING,0,-1,3,2,2,4,28.650,10.277,10.015,0.067,30.027,-3.929,0.000,-6.462,0,nan,nan,nan,0.000,17.436,1000.000,0.000,10.000,14.273,0.015,0,1,1,1,0,1.201,-7.663,1,0.004,31.647,-3.249,-1.518,-1.620,-0.680,1.518,2.322
417,575.300,575,300000000,0,/drone1,SURVEILLANCE,1,2,3,-1,-1,-1,29.718,-5.489,10.073,0.039,nan,nan,nan,nan,0,nan,nan,nan,nan,nan,nan,0.000,nan,nan,nan,0,0,0,0,0,nan,nan,0,nan,nan,nan,nan,nan,nan,nan,nan
418,575.300,575,300000000,1,/drone2,TRACKING,0,-1,3,0,0,3,30.073,2.800,10.003,0.050,27.453,4.395,0.000,-6.452,1,28.752,3.645,10.000,1.986,10.463,-0.094,0.000,10.000,3.067,0.003,0,1,1,1,0,1.987,-8.439,1,0.020,31.625,4.743,-1.599,-4.171,-0.348,1.599,4.481
419,575.300,575,300000000,2,/drone3,TRACKING,0,-1,3,2,2,4,28.652,10.264,10.019,0.067,30.009,-3.893,0.000,-6.455,0,nan,nan,nan,0.000,17.396,1000.000,0.000,10.000,14.222,0.019,0,1,1,1,0,1.207,-7.661,1,0.020,31.648,-3.248,-1.594,-1.639,-0.645,1.594,2.375
420,575.656,575,656000000,0,/drone1,SURVEILLANCE,1,2,3,-1,-1,-1,29.741,-5.457,10.064,0.039,nan,nan,nan,nan,0,nan,nan,nan,nan,nan,nan,0.000,nan,nan,nan,0,0,0,0,0,nan,nan,0,nan,nan,nan,nan,nan,nan,nan,nan
421,575.656,575,656000000,1,/drone2,TRACKING,0,-1,3,0,0,3,30.083,2.794,10.010,0.050,27.463,4.377,0.000,-6.464,1,28.762,3.627,10.000,1.980,10.468,-0.086,0.000,10.000,3.062,0.010,0,1,1,1,0,1.982,-8.445,1,0.016,31.625,4.743,-1.668,-4.162,-0.366,1.668,4.499
422,575.656,575,656000000,2,/drone3,TRACKING,0,-1,3,2,2,4,28.647,10.259,10.015,0.067,29.979,-3.905,0.000,-6.461,0,nan,nan,nan,0.000,17.398,1000.000,0.000,10.000,14.226,0.015,0,1,1,1,0,1.204,-7.665,1,0.016,31.647,-3.248,-1.667,-1.668,-0.657,1.667,2.448
423,575.896,575,896000000,0,/drone1,SURVEILLANCE,1,2,3,-1,-1,-1,29.761,-5.417,10.066,0.039,nan,nan,nan,nan,0,nan,nan,nan,nan,nan,nan,0.000,nan,nan,nan,0,0,0,0,0,nan,nan,0,nan,nan,nan,nan,nan,nan,nan,nan
424,575.896,575,896000000,1,/drone2,TRACKING,0,-1,3,0,0,3,30.083,2.791,10.015,0.050,27.466,4.357,0.000,-6.453,1,28.766,3.607,10.000,1.985,10.469,-0.091,0.000,10.000,3.050,0.015,0,1,1,1,0,1.987,-8.440,1,0.004,31.624,4.744,-1.721,-4.158,-0.387,1.721,4.516
425,575.896,575,896000000,2,/drone3,TRACKING,0,-1,3,2,2,4,28.647,10.257,10.017,0.067,29.979,-3.909,0.000,-6.450,0,nan,nan,nan,0.000,17.401,1000.000,0.000,10.000,14.229,0.017,0,1,1,1,0,1.208,-7.658,1,0.004,31.646,-3.247,-1.722,-1.668,-0.662,1.722,2.487
426,576.108,576,108000000,0,/drone1,SURVEILLANCE,1,2,3,-1,-1,-1,29.781,-5.384,10.064,0.039,nan,nan,nan,nan,0,nan,nan,nan,nan,nan,nan,0.000,nan,nan,nan,0,0,0,0,0,nan,nan,0,nan,nan,nan,nan,nan,nan,nan,nan
427,576.108,576,108000000,1,/drone2,TRACKING,0,-1,3,0,0,3,30.083,2.791,10.020,0.050,27.492,4.353,0.000,-6.459,1,28.791,3.603,10.000,1.982,10.467,-0.089,0.000,10.000,3.026,0.020,0,1,1,1,0,1.985,-8.444,1,0.036,31.623,4.744,-1.760,-4.131,-0.391,1.760,4.508
428,576.108,576,108000000,2,/drone3,TRACKING,0,-1,3,2,2,4,28.650,10.250,10.016,0.067,29.993,-3.888,0.000,-6.462,0,nan,nan,nan,0.000,17.378,1000.000,0.000,10.000,14.202,0.016,0,1,1,1,0,1.206,-7.668,1,0.036,31.646,-3.247,-1.762,-1.653,-0.641,1.762,2.499
429,576.300,576,300000000,0,/drone1,SURVEILLANCE,1,2,3,-1,-1,-1,29.793,-5.361,10.065,0.039,nan,nan,nan,nan,0,nan,nan,nan,nan,nan,nan,0.000,nan,nan,nan,0,0,0,0,0,nan,nan,0,nan,nan,nan,nan,nan,nan,nan,nan
430,576.300,576,300000000,1,/drone2,TRACKING,0,-1,3,0,0,3,30.082,2.786,10.021,0.050,27.489,4.352,0.000,-6.449,1,28.788,3.602,10.000,1.987,10.468,-0.093,0.000,10.000,3.029,0.021,0,1,1,1,0,1.990,-8.439,1,0.012,31.622,4.745,-1.806,-4.133,-0.393,1.806,4.527
431,576.300,576,300000000,2,/drone3,TRACKING,0,-1,3,2,2,4,28.653,10.248,10.010,0.067,29.994,-3.872,0.000,-6.458,0,nan,nan,nan,0.000,17.360,1000.000,0.000,10.000,14.184,0.010,0,1,1,1,0,1.208,-7.666,1,0.012,31.644,-3.247,-1.811,-1.650,-0.625,1.811,2.528
432,576.556,576,556000000,0,/drone1,SURVEILLANCE,1,2,3,-1,-1,-1,29.808,-5.335,10.064,0.040,nan,nan,nan,nan,0,nan,nan,nan,nan,nan,nan,0.000,nan,nan,nan,0,0,0,0,0,nan,nan,0,nan,nan,nan,nan,nan,nan,nan,nan
433,576.556,576,556000000,1,/drone2,TRACKING,0,-1,3,0,0,3,30.079,2.784,10.017,0.050,27.495,4.352,0.000,-6.462,1,28.794,3.602,10.000,1.981,10.464,-0.089,0.000,10.000,3.023,0.017,0,1,1,1,0,1.984,-8.446,1,0.016,31.620,4.745,-1.860,-4.125,-0.393,1.860,4.542
434,576.556,576,556000000,2,/drone3,TRACKING,0,-1,3,2,2,4,28.651,10.246,10.002,0.067,29.985,-3.860,0.000,-6.460,0,nan,nan,nan,0.000,17.343,1000.000,0.000,10.000,14.169,0.002,0,1,1,1,0,1.208,-7.668,1,0.016,31.642,-3.247,-1.867,-1.657,-0.613,1.867,2.570
435,576.800,576,800000000,0,/drone1,SURVEILLANCE,1,2,3,-1,-1,-1,29.823,-5.296,10.067,0.040,nan,nan,nan,nan,0,nan,nan,nan,nan,nan,nan,0.000,nan,nan,nan,0,0,0,0,0,nan,nan,0,nan,nan,nan,nan,nan,nan,nan,nan
436,576.800,576,800000000,1,/drone2,TRACKING,0,-1,3,0,0,3,30.076,2.788,10.013,0.050,27.494,4.351,0.000,-6.454,1,28.793,3.601,10.000,1.986,10.458,-0.094,0.000,10.000,3.019,0.013,0,1,1,1,0,1.988,-8.442,1,0.008,31.618,4.746,-1.912,-4.124,-0.394,1.912,4.563
437,576.800,576,800000000,2,/drone3,TRACKING,0,-1,3,2,2,4,28.652,10.249,9.997,0.067,29.975,-3.830,0.000,-6.461,0,nan,nan,nan,0.000,17.318,1000.000,0.000,10.000,14.141,0.003,0,1,1,1,0,1.210,-7.671,1,0.008,31.639,-3.246,-1.920,-1.664,-0.584,1.920,2.607
438,577.008,577,8000000,0,/drone1,SURVEILLANCE,1,2,3,-1,-1,-1,29.837,-5.272,10.070,0.040,nan,nan,nan,nan,0,nan,nan,nan,nan,nan,nan,0.000,nan,nan,nan,0,0,0,0,0,nan,nan,0,nan,nan,nan,nan,nan,nan,nan,nan
439,577.008,577,8000000,1,/drone2,TRACKING,0,-1,3,0,0,3,30.075,2.794,10.012,0.050,27.499,4.362,0.000,-6.453,1,28.798,3.612,10.000,1.987,10.456,-0.095,0.000,10.000,3.015,0.012,0,1,1,1,0,1.988,-8.442,1,0.000,31.615,4.746,-1.954,-4.116,-0.384,1.954,4.573
440,577.008,577,8000000,2,/drone3,TRACKING,0,-1,3,2,2,4,28.640,10.251,10.000,0.067,29.976,-3.797,0.000,-6.455,0,nan,nan,nan,0.000,17.295,1000.000,0.000,10.000,14.111,0.000,0,1,1,1,0,1.214,-7.669,1,0.000,31.636,-3.246,-1.963,-1.661,-0.551,1.963,2.630
441,577.404,577,404000000,0,/drone1,SURVEILLANCE,1,2,3,-1,-1,-1,29.863,-5.226,10.069,0.040,nan,nan,nan,nan,0,nan,nan,nan,nan,nan,nan,0.000,nan,nan,nan,0,0,0,0,0,nan,nan,0,nan,nan,nan,nan,nan,nan,nan,nan
442,577.404,577,404000000,1,/drone2,TRACKING,0,-1,3,0,0,3,30.074,2.798,10.011,0.050,27.532,4.371,0.000,-6.448,1,28.831,3.621,10.000,1.990,10.448,-0.101,0.000,10.000,2.990,0.011,0,1,1,1,0,1.992,-8.440,1,0.036,31.611,4.746,-2.017,-4.079,-0.375,2.017,4.565
443,577.404,577,404000000,2,/drone3,TRACKING,0,-1,3,2,2,4,28.629,10.247,10.013,0.067,29.971,-3.758,0.000,-6.453,0,nan,nan,nan,0.000,17.268,1000.000,0.000,10.000,14.069,0.013,0,1,1,1,0,1.217,-7.670,1,0.036,31.631,-3.246,-2.027,-1.660,-0.511,2.027,2.669
444,577.700,577,700000000,0,/drone1,SURVEILLANCE,1,2,3,-1,-1,-1,29.872,-5.194,10.066,0.040,nan,nan,nan,nan,0,nan,nan,nan,nan,nan,nan,0.000,nan,nan,nan,0,0,0,0,0,nan,nan,0,nan,nan,nan,nan,nan,nan,nan,nan
445,577.700,577,700000000,1,/drone2,TRACKING,0,-1,3,0,0,3,30.070,2.796,10.016,0.050,27.545,4.374,0.000,-6.455,1,28.844,3.624,10.000,1.987,10.450,-0.097,0.000,10.000,2.978,0.016,0,1,1,1,0,1.989,-8.445,1,0.008,31.606,4.746,-2.063,-4.061,-0.372,2.063,4.570
446,577.700,577,700000000,2,/drone3,TRACKING,0,-1,3,2,2,4,28.624,10.245,10.016,0.067,29.972,-3.727,0.000,-6.458,0,nan,nan,nan,0.000,17.243,1000.000,0.000,10.000,14.036,0.016,0,1,1,1,0,1.218,-7.675,1,0.008,31.626,-3.246,-2.073,-1.654,-0.481,2.073,2.695
447,578.092,578,92000000,0,/drone1,SURVEILLANCE,1,2,3,-1,-1,-1,29.889,-5.138,10.062,0.039,nan,nan,nan,nan,0,nan,nan,nan,nan,nan,nan,0.000,nan,nan,nan,0,0,0,0,0,nan,nan,0,nan,nan,nan,nan,nan,nan,nan,nan
448,578.092,578,92000000,1,/drone2,TRACKING,0,-1,3,0,0,3,30.065,2.792,10.021,0.050,27.541,4.374,0.000,-6.455,1,28.840,3.624,10.000,1.986,10.455,-0.095,0.000,10.000,2.979,0.021,0,1,1,1,0,1.989,-8.444,1,0.004,31.599,4.746,-2.103,-4.058,-0.373,2.103,4.586
449,578.092,578,92000000,2,/drone3,TRACKING,0,-1,3,2,2,4,28.621,10.254,10.016,0.067,29.972,-3.671,0.000,-6.457,0,nan,nan,nan,0.000,17.207,1000.000,0.000,10.000,13.991,0.016,0,1,1,1,0,1.221,-7.678,1,0.004,31.619,-3.247,-2.112,-1.646,-0.425,2.112,2.711
450,578.492,578,492000000,0,/drone1,SURVEILLANCE,1,2,3,-1,-1,-1,29.902,-5.079,10.054,0.038,nan,nan,nan,nan,0,nan,nan,nan,nan,nan,nan,0.000,nan,nan,nan,0,0,0,0,0,nan,nan,0,nan,nan,nan,nan,nan,nan,nan,nan
451,578.492,578,492000000,1,/drone2,TRACKING,0,-1,3,0,0,3,30.066,2.794,10.019,0.050,27.546,4.378,0.000,-6.454,1,28.845,3.628,10.000,1.987,10.452,-0.097,0.000,10.000,2.976,0.019,0,1,1,1,0,1.990,-8.444,1,0.008,31.592,4.746,-2.122,-4.046,-0.368,2.122,4.583
452,578.492,578,492000000,2,/drone3,TRACKING,0,-1,3,2,2,4,28.625,10.265,10.019,0.067,29.954,-3.615,0.000,-6.454,0,nan,nan,nan,0.000,17.170,1000.000,0.000,10.000,13.944,0.019,0,1,1,1,0,1.225,-7.679,1,0.008,31.611,-3.247,-2.129,-1.658,-0.368,2.129,2.723
453,578.900,578,900000000,0,/drone1,SURVEILLANCE,1,2,3,-1,-1,-1,29.920,-5.017,10.060,0.038,nan,nan,nan,nan,0,nan,nan,nan,nan,nan,nan,0.000,nan,nan,nan,0,0,0,0,0,nan,nan,0,nan,nan,nan,nan,nan,nan,nan,nan
454,578.900,578,900000000,1,/drone2,TRACKING,0,-1,3,0,0,3,30.072,2.794,10.010,0.050,27.534,4.386,0.000,-6.456,1,28.833,3.636,10.000,1.987,10.449,-0.097,0.000,10.000,2.996,0.010,0,1,1,1,0,1.988,-8.444,1,0.020,31.586,4.746,-2.119,-4.052,-0.360,2.119,4.587
455,578.900,578,900000000,2,/drone3,TRACKING,0,-1,3,2,2,4,28.623,10.269,10.017,0.067,29.942,-3.559,0.000,-6.456,0,nan,nan,nan,0.000,17.126,1000.000,0.000,10.000,13.890,0.017,0,1,1,1,0,1.228,-7.683,1,0.020,31.604,-3.247,-2.124,-1.663,-0.312,2.124,2.715
456,579.300,579,300000000,0,/drone1,SURVEILLANCE,1,2,3,-1,-1,-1,29.941,-4.962,10.070,0.040,nan,nan,nan,nan,0,nan,nan,nan,nan,nan,nan,0.000,nan,nan,nan,0,0,0,0,0,nan,nan,0,nan,nan,nan,nan,nan,nan,nan,nan
457,579.300,579,300000000,1,/drone2,TRACKING,0,-1,3,0,0,3,30.067,2.797,10.004,0.050,27.526,4.390,0.000,-6.459,1,28.825,3.640,10.000,1.986,10.444,-0.097,0.000,10.000,2.999,0.004,0,1,1,1,0,1.986,-8.446,1,0.024,31.579,4.745,-2.094,-4.053,-0.355,2.094,4.576
458,579.300,579,300000000,2,/drone3,TRACKING,0,-1,3,2,2,4,28.621,10.267,10.021,0.067,29.963,-3.459,0.000,-6.456,0,nan,nan,nan,0.000,17.048,1000.000,0.000,10.000,13.792,0.021,0,1,1,1,0,1.234,-7.690,1,0.024,31.597,-3.248,-2.096,-1.635,-0.211,2.096,2.667
459,579.708,579,708000000,0,/drone1,SURVEILLANCE,1,2,3,-1,-1,-1,29.965,-4.906,10.078,0.041,nan,nan,nan,nan,0,nan,nan,nan,nan,nan,nan,0.000,nan,nan,nan,0,0,0,0,0,nan,nan,0,nan,nan,nan,nan,nan,nan,nan,nan
460,579.708,579,708000000,1,/drone2,TRACKING,0,-1,3,0,0,3,30.061,2.802,10.010,0.050,27.537,4.399,0.000,-6.423,1,28.836,3.649,10.000,2.003,10.447,-0.113,0.000,10.000,2.987,0.010,0,1,1,1,0,2.004,-8.427,1,0.036,31.573,4.745,-2.048,-4.036,-0.346,2.048,4.539
461,579.708,579,708000000,2,/drone3,TRACKING,0,-1,3,2,2,4,28.629,10.263,10.026,0.067,29.997,-3.361,0.000,-6.456,0,nan,nan,nan,0.000,16.971,1000.000,0.000,10.000,13.692,0.026,0,1,1,1,0,1.241,-7.696,1,0.036,31.591,-3.248,-2.047,-1.594,-0.113,2.047,2.597
462,580.128,580,128000000,0,/drone1,SURVEILLANCE,1,2,3,-1,-1,-1,29.993,-4.853,10.075,0.042,nan,nan,nan,nan,0,nan,nan,nan,nan,nan,nan,0.000,nan,nan,nan,0,0,0,0,0,nan,nan,0,nan,nan,nan,nan,nan,nan,nan,nan
463,580.128,580,128000000,1,/drone2,TRACKING,0,-1,3,0,0,3,30.060,2.808,10.019,0.050,27.559,4.383,0.000,-6.454,1,28.858,3.633,10.000,1.988,10.446,-0.099,0.000,10.000,2.956,0.019,0,1,1,1,0,1.991,-8.445,1,0.024,31.567,4.744,-1.978,-4.008,-0.361,1.978,4.484
464,580.128,580,128000000,2,/drone3,TRACKING,0,-1,3,2,2,4,28.629,10.250,10.029,0.067,30.026,-3.232,0.000,-6.458,0,nan,nan,nan,0.000,16.861,1000.000,0.000,10.000,13.554,0.029,0,1,1,1,0,1.249,-7.707,1,0.024,31.585,-3.249,-1.974,-1.559,0.017,1.974,2.516
465,580.400,580,400000000,0,/drone1,SURVEILLANCE,1,2,3,-1,-1,-1,30.020,-4.806,10.068,0.043,nan,nan,nan,nan,0,nan,nan,nan,nan,nan,nan,0.000,nan,nan,nan,0,0,0,0,0,nan,nan,0,nan,nan,nan,nan,nan,nan,nan,nan
466,580.400,580,400000000,1,/drone2,TRACKING,0,-1,3,0,0,3,30.062,2.800,10.017,0.050,27.563,4.378,0.000,-6.447,1,28.863,3.628,10.000,1.992,10.444,-0.103,0.000,10.000,2.955,0.017,0,1,1,1,0,1.994,-8.441,1,0.008,31.564,4.744,-1.922,-4.001,-0.366,1.922,4.453
467,580.400,580,400000000,2,/drone3,TRACKING,0,-1,3,2,2,4,28.627,10.250,10.026,0.067,30.079,-3.099,0.000,-6.451,0,nan,nan,nan,0.000,16.757,1000.000,0.000,10.000,13.427,0.026,0,1,1,1,0,1.260,-7.711,1,0.008,31.582,-3.249,-1.917,-1.502,0.151,1.917,2.440
468,580.636,580,636000000,0,/drone1,SURVEILLANCE,1,2,3,-1,-1,-1,30.038,-4.775,10.064,0.043,nan,nan,nan,nan,0,nan,nan,nan,nan,nan,nan,0.000,nan,nan,nan,0,0,0,0,0,nan,nan,0,nan,nan,nan,nan,nan,nan,nan,nan
469,580.636,580,636000000,1,/drone2,TRACKING,0,-1,3,0,0,3,30.061,2.799,10.017,0.050,27.561,4.376,0.000,-6.460,1,28.860,3.626,10.000,1.985,10.444,-0.097,0.000,10.000,2.956,0.017,0,1,1,1,0,1.988,-8.448,1,0.028,31.562,4.744,-1.877,-4.001,-0.368,1.877,4.434
470,580.636,580,636000000,2,/drone3,TRACKING,0,-1,3,2,2,4,28.620,10.258,10.022,0.067,30.116,-3.039,0.000,-6.472,0,nan,nan,nan,0.000,16.718,1000.000,0.000,10.000,13.381,0.022,0,1,1,1,0,1.256,-7.728,1,0.028,31.580,-3.249,-1.870,-1.464,0.210,1.870,2.384
471,580.868,580,868000000,0,/drone1,SURVEILLANCE,1,2,3,-1,-1,-1,30.063,-4.729,10.060,0.044,nan,nan,nan,nan,0,nan,nan,nan,nan,nan,nan,0.000,nan,nan,nan,0,0,0,0,0,nan,nan,0,nan,nan,nan,nan,nan,nan,nan,nan
472,580.868,580,868000000,1,/drone2,TRACKING,0,-1,3,0,0,3,30.062,2.797,10.015,0.050,27.551,4.378,0.000,-6.459,1,28.850,3.628,10.000,1.986,10.446,-0.097,0.000,10.000,2.967,0.015,0,1,1,1,0,1.988,-8.447,1,0.008,31.560,4.744,-1.821,-4.008,-0.365,1.821,4.418
473,580.868,580,868000000,2,/drone3,TRACKING,0,-1,3,2,2,4,28.617,10.261,10.021,0.067,30.141,-2.947,0.000,-6.460,0,nan,nan,nan,0.000,16.649,1000.000,0.000,10.000,13.296,0.021,0,1,1,1,0,1.265,-7.726,1,0.008,31.577,-3.249,-1.813,-1.436,0.302,1.813,2.333
474,581.100,581,100000000,0,/drone1,SURVEILLANCE,1,2,3,-1,-1,-1,30.084,-4.681,10.063,0.044,nan,nan,nan,nan,0,nan,nan,nan,nan,nan,nan,0.000,nan,nan,nan,0,0,0,0,0,nan,nan,0,nan,nan,nan,nan,nan,nan,nan,nan
475,581.100,581,100000000,1,/drone2,TRACKING,0,-1,3,0,0,3,30.061,2.793,10.013,0.050,27.536,4.379,0.000,-6.450,1,28.835,3.629,10.000,1.989,10.448,-0.100,0.000,10.000,2.982,0.013,0,1,1,1,0,1.991,-8.442,1,0.024,31.558,4.744,-1.772,-4.022,-0.364,1.772,4.410
476,581.100,581,100000000,2,/drone3,TRACKING,0,-1,3,2,2,4,28.613,10.261,10.020,0.067,30.151,-2.902,0.000,-6.452,0,nan,nan,nan,0.000,16.614,1000.000,0.000,10.000,13.252,0.020,0,1,1,1,0,1.271,-7.723,1,0.024,31.576,-3.249,-1.763,-1.424,0.348,1.763,2.293
477,581.360,581,360000000,0,/drone1,SURVEILLANCE,1,2,3,-1,-1,-1,30.109,-4.634,10.067,0.046,nan,nan,nan,nan,0,nan,nan,nan,nan,nan,nan,0.000,nan,nan,nan,0,0,0,0,0,nan,nan,0,nan,nan,nan,nan,nan,nan,nan,nan
478,581.360,581,360000000,1,/drone2,TRACKING,0,-1,3,0,0,3,30.058,2.798,10.010,0.050,27.509,4.376,0.000,-6.449,1,28.808,3.626,10.000,1.990,10.449,-0.100,0.000,10.000,2.998,0.010,0,1,1,1,0,1.991,-8.440,1,0.032,31.557,4.743,-1.714,-4.047,-0.367,1.714,4.411
479,581.360,581,360000000,2,/drone3,TRACKING,0,-1,3,2,2,4,28.605,10.262,10.022,0.067,30.165,-2.879,0.000,-6.457,0,nan,nan,nan,0.000,16.600,1000.000,0.000,10.000,13.233,0.022,0,1,1,1,0,1.271,-7.728,1,0.032,31.574,-3.250,-1.705,-1.409,0.370,1.705,2.243
480,581.596,581,596000000,0,/drone1,SURVEILLANCE,1,2,3,-1,-1,-1,30.131,-4.599,10.069,0.047,nan,nan,nan,nan,0,nan,nan,nan,nan,nan,nan,0.000,nan,nan,nan,0,0,0,0,0,nan,nan,0,nan,nan,nan,nan,nan,nan,nan,nan
481,581.596,581,596000000,1,/drone2,TRACKING,0,-1,3,0,0,3,30.057,2.798,10.003,0.050,27.496,4.376,0.000,-6.454,1,28.795,3.626,10.000,1.988,10.445,-0.099,0.000,10.000,3.009,0.003,0,1,1,1,0,1.989,-8.442,1,0.016,31.555,4.743,-1.658,-4.060,-0.367,1.658,4.400
482,581.596,581,596000000,2,/drone3,TRACKING,0,-1,3,2,2,4,28.599,10.261,10.023,0.067,30.177,-2.867,0.000,-6.453,0,nan,nan,nan,0.000,16.592,1000.000,0.000,10.000,13.222,0.023,0,1,1,1,0,1.273,-7.726,1,0.016,31.573,-3.250,-1.649,-1.396,0.382,1.649,2.195
483,581.800,581,800000000,0,/drone1,SURVEILLANCE,1,2,3,-1,-1,-1,30.158,-4.561,10.074,0.049,nan,nan,nan,nan,0,nan,nan,nan,nan,nan,nan,0.000,nan,nan,nan,0,0,0,0,0,nan,nan,0,nan,nan,nan,nan,nan,nan,nan,nan
484,581.800,581,800000000,1,/drone2,TRACKING,0,-1,3,0,0,3,30.058,2.800,9.997,0.050,27.481,4.381,0.000,-6.463,1,28.780,3.631,10.000,1.984,10.444,-0.095,0.000,10.000,3.023,0.003,0,1,1,1,0,1.984,-8.447,1,0.004,31.555,4.743,-1.612,-4.074,-0.362,1.612,4.396
485,581.800,581,800000000,2,/drone3,TRACKING,0,-1,3,2,2,4,28.599,10.260,10.026,0.067,30.201,-2.871,0.000,-6.461,0,nan,nan,nan,0.000,16.598,1000.000,0.000,10.000,13.228,0.026,0,1,1,1,0,1.270,-7.731,1,0.004,31.572,-3.249,-1.604,-1.371,0.378,1.604,2.144
486,582.200,582,200000000,0,/drone1,SURVEILLANCE,1,2,3,-1,-1,-1,30.199,-4.499,10.067,0.051,nan,nan,nan,nan,0,nan,nan,nan,nan,nan,nan,0.000,nan,nan,nan,0,0,0,0,0,nan,nan,0,nan,nan,nan,nan,nan,nan,nan,nan
487,582.200,582,200000000,1,/drone2,TRACKING,0,-1,3,0,0,3,30.056,2.805,10.002,0.050,27.447,4.373,0.000,-6.450,1,28.746,3.623,10.000,1.989,10.455,-0.098,0.000,10.000,3.044,0.002,0,1,1,1,0,1.989,-8.439,1,0.008,31.554,4.743,-1.535,-4.107,-0.371,1.535,4.400
488,582.200,582,200000000,2,/drone3,TRACKING,0,-1,3,2,2,4,28.609,10.253,10.031,0.067,30.263,-2.883,0.000,-6.454,0,nan,nan,nan,0.000,16.610,1000.000,0.000,10.000,13.239,0.031,0,1,1,1,0,1.271,-7.726,1,0.008,31.572,-3.249,-1.529,-1.309,0.366,1.529,2.046
489,582.600,582,600000000,0,/drone1,SURVEILLANCE,1,2,3,-1,-1,-1,30.243,-4.444,10.056,0.053,nan,nan,nan,nan,0,nan,nan,nan,nan,nan,nan,0.000,nan,nan,nan,0,0,0,0,0,nan,nan,0,nan,nan,nan,nan,nan,nan,nan,nan
490,582.600,582,600000000,1,/drone2,TRACKING,0,-1,3,0,0,3,30.053,2.804,9.999,0.050,27.405,4.381,0.000,-6.461,1,28.704,3.631,10.000,1.982,10.463,-0.090,0.000,10.000,3.081,0.001,0,1,1,1,0,1.982,-8.443,1,0.012,31.554,4.744,-1.474,-4.149,-0.363,1.474,4.418
491,582.600,582,600000000,2,/drone3,TRACKING,0,-1,3,2,2,4,28.617,10.257,10.030,0.067,30.317,-2.841,0.000,-6.461,0,nan,nan,nan,0.000,16.585,1000.000,0.000,10.000,13.209,0.030,0,1,1,1,0,1.271,-7.732,1,0.012,31.572,-3.249,-1.469,-1.255,0.407,1.469,1.974
492,583.012,583,12000000,0,/drone1,SURVEILLANCE,1,2,3,-1,-1,-1,30.286,-4.385,10.050,0.054,nan,nan,nan,nan,0,nan,nan,nan,nan,nan,nan,0.000,nan,nan,nan,0,0,0,0,0,nan,nan,0,nan,nan,nan,nan,nan,nan,nan,nan
493,583.012,583,12000000,1,/drone2,TRACKING,0,-1,3,0,0,3,30.050,2.804,10.001,0.050,27.403,4.390,0.000,-6.447,1,28.702,3.640,10.000,1.988,10.466,-0.095,0.000,10.000,3.086,0.001,0,1,1,1,0,1.988,-8.435,1,0.028,31.555,4.744,-1.430,-4.152,-0.354,1.430,4.406
494,583.012,583,12000000,2,/drone3,TRACKING,0,-1,3,2,2,4,28.620,10.272,10.030,0.067,30.333,-2.782,0.000,-6.455,0,nan,nan,nan,0.000,16.551,1000.000,0.000,10.000,13.166,0.030,0,1,1,1,0,1.276,-7.731,1,0.028,31.573,-3.249,-1.429,-1.240,0.466,1.429,1.949
495,583.412,583,412000000,0,/drone1,SURVEILLANCE,1,2,3,-1,-1,-1,30.323,-4.322,10.047,0.055,nan,nan,nan,nan,0,nan,nan,nan,nan,nan,nan,0.000,nan,nan,nan,0,0,0,0,0,nan,nan,0,nan,nan,nan,nan,nan,nan,nan,nan
496,583.412,583,412000000,1,/drone2,TRACKING,0,-1,3,0,0,3,30.042,2.807,10.005,0.050,27.289,4.488,0.000,-6.220,1,28.588,3.738,10.000,2.089,10.512,-0.187,0.000,10.000,3.226,0.005,0,1,1,1,0,2.090,-8.310,1,0.032,31.557,4.744,-1.408,-4.267,-0.256,1.408,4.501
497,583.412,583,412000000,2,/drone3,TRACKING,0,-1,3,2,2,4,28.619,10.276,10.033,0.067,30.338,-2.739,0.000,-6.462,0,nan,nan,nan,0.000,16.523,1000.000,0.000,10.000,13.129,0.033,0,1,1,1,0,1.276,-7.738,1,0.032,31.574,-3.248,-1.410,-1.236,0.509,1.410,1.943
498,583.804,583,804000000,0,/drone1,SURVEILLANCE,1,2,3,-1,-1,-1,30.362,-4.272,10.045,0.055,nan,nan,nan,nan,0,nan,nan,nan,nan,nan,nan,0.000,nan,nan,nan,0,0,0,0,0,nan,nan,0,nan,nan,nan,nan,nan,nan,nan,nan
499,583.804,583,804000000,1,/drone2,TRACKING,0,-1,3,0,0,3,30.041,2.805,10.010,0.050,27.320,4.410,0.000,-6.425,1,28.619,3.660,10.000,1.995,10.497,-0.095,0.000,10.000,3.159,0.010,0,1,1,1,0,1.996,-8.421,1,0.028,31.558,4.745,-1.409,-4.238,-0.335,1.409,4.479
500,583.804,583,804000000,2,/drone3,TRACKING,0,-1,3,2,2,4,28.607,10.271,10.025,0.067,30.367,-2.708,0.000,-6.461,0,nan,nan,nan,0.000,16.494,1000.000,0.000,10.000,13.098,0.025,0,1,1,1,0,1.278,-7.740,1,0.028,31.576,-3.248,-1.414,-1.209,0.540,1.414,1.937
501,584.220,584,220000000,0,/drone1,SURVEILLANCE,1,2,3,-1,-1,-1,30.405,-4.212,10.065,0.055,nan,nan,nan,nan,0,nan,nan,nan,nan,nan,nan,0.000,nan,nan,nan,0,0,0,0,0,nan,nan,0,nan,nan,nan,nan,nan,nan,nan,nan
502,584.220,584,220000000,1,/drone2,TRACKING,0,-1,3,0,0,3,30.042,2.799,10.010,0.050,27.322,4.387,0.000,-6.455,1,28.622,3.637,10.000,1.980,10.494,-0.081,0.000,10.000,3.150,0.010,0,1,1,1,0,1.982,-8.437,1,0.012,31.560,4.745,-1.435,-4.238,-0.358,1.435,4.488
503,584.220,584,220000000,2,/drone3,TRACKING,0,-1,3,2,2,4,28.599,10.268,10.012,0.067,30.439,-2.721,0.000,-6.455,0,nan,nan,nan,0.000,16.503,1000.000,0.000,10.000,13.119,0.012,0,1,1,1,0,1.279,-7.734,1,0.012,31.577,-3.247,-1.444,-1.138,0.526,1.444,1.912
504,584.612,584,612000000,0,/drone1,SURVEILLANCE,1,2,3,-1,-1,-1,30.433,-4.158,10.081,0.055,nan,nan,nan,nan,0,nan,nan,nan,nan,nan,nan,0.000,nan,nan,nan,0,0,0,0,0,nan,nan,0,nan,nan,nan,nan,nan,nan,nan,nan
505,584.612,584,612000000,1,/drone2,TRACKING,0,-1,3,0,0,3,30.044,2.801,10.008,0.050,27.322,4.384,0.000,-6.461,1,28.621,3.634,10.000,1.978,10.491,-0.079,0.000,10.000,3.149,0.008,0,1,1,1,0,1.979,-8.439,1,0.008,31.561,4.746,-1.481,-4.240,-0.361,1.481,4.505
506,584.612,584,612000000,2,/drone3,TRACKING,0,-1,3,2,2,4,28.598,10.265,10.008,0.067,30.496,-2.711,0.000,-6.461,0,nan,nan,nan,0.000,16.497,1000.000,0.000,10.000,13.114,0.008,0,1,1,1,0,1.278,-7.738,1,0.008,31.578,-3.247,-1.493,-1.082,0.536,1.493,1.920
507,584.916,584,916000000,0,/drone1,SURVEILLANCE,1,2,3,-1,-1,-1,30.450,-4.145,10.079,0.055,nan,nan,nan,nan,0,nan,nan,nan,nan,nan,nan,0.000,nan,nan,nan,0,0,0,0,0,nan,nan,0,nan,nan,nan,nan,nan,nan,nan,nan
508,584.916,584,916000000,1,/drone2,TRACKING,0,-1,3,0,0,3,30.038,2.797,10.013,0.050,27.325,4.378,0.000,-6.454,1,28.624,3.628,10.000,1.980,10.494,-0.082,0.000,10.000,3.140,0.013,0,1,1,1,0,1.982,-8.436,1,0.024,31.562,4.746,-1.526,-4.236,-0.368,1.526,4.518
509,584.916,584,916000000,2,/drone3,TRACKING,0,-1,3,2,2,4,28.606,10.266,10.008,0.067,30.528,-2.685,0.000,-6.458,0,nan,nan,nan,0.000,16.480,1000.000,0.000,10.000,13.093,0.008,0,1,1,1,0,1.280,-7.738,1,0.024,31.578,-3.247,-1.539,-1.050,0.562,1.539,1.946
510,585.280,585,280000000,0,/drone1,SURVEILLANCE,1,2,3,-1,-1,-1,30.461,-4.140,10.069,0.055,nan,nan,nan,nan,0,nan,nan,nan,nan,nan,nan,0.000,nan,nan,nan,0,0,0,0,0,nan,nan,0,nan,nan,nan,nan,nan,nan,nan,nan
511,585.280,585,280000000,1,/drone2,TRACKING,0,-1,3,0,0,3,30.033,2.792,10.021,0.050,27.327,4.378,0.000,-6.467,1,28.626,3.628,10.000,1.973,10.501,-0.073,0.000,10.000,3.136,0.021,0,1,1,1,0,1.976,-8.444,1,0.032,31.561,4.746,-1.593,-4.234,-0.368,1.593,4.539
512,585.280,585,280000000,2,/drone3,TRACKING,0,-1,3,2,2,4,28.611,10.268,10.015,0.067,30.547,-2.685,0.000,-6.466,0,nan,nan,nan,0.000,16.487,1000.000,0.000,10.000,13.097,0.015,0,1,1,1,0,1.277,-7.743,1,0.032,31.577,-3.247,-1.607,-1.031,0.562,1.607,1.990
513,585.580,585,580000000,0,/drone1,SURVEILLANCE,1,2,3,-1,-1,-1,30.460,-4.145,10.065,0.055,nan,nan,nan,nan,0,nan,nan,nan,nan,nan,nan,0.000,nan,nan,nan,0,0,0,0,0,nan,nan,0,nan,nan,nan,nan,nan,nan,nan,nan
514,585.580,585,580000000,1,/drone2,TRACKING,0,-1,3,0,0,3,30.034,2.784,10.023,0.050,27.318,4.366,0.000,-6.470,1,28.617,3.616,10.000,1.971,10.504,-0.071,0.000,10.000,3.143,0.023,0,1,1,1,0,1.975,-8.445,1,0.040,31.560,4.746,-1.653,-4.242,-0.379,1.653,4.569
515,585.580,585,580000000,2,/drone3,TRACKING,0,-1,3,2,2,4,28.621,10.266,10.016,0.067,30.512,-2.659,0.000,-6.468,0,nan,nan,nan,0.000,16.460,1000.000,0.000,10.000,13.062,0.016,0,1,1,1,0,1.279,-7.747,1,0.040,31.576,-3.247,-1.667,-1.064,0.588,1.667,2.063
516,585.796,585,796000000,0,/drone1,SURVEILLANCE,1,2,3,-1,-1,-1,30.457,-4.153,10.063,0.055,nan,nan,nan,nan,0,nan,nan,nan,nan,nan,nan,0.000,nan,nan,nan,0,0,0,0,0,nan,nan,0,nan,nan,nan,nan,nan,nan,nan,nan
517,585.796,585,796000000,1,/drone2,TRACKING,0,-1,3,0,0,3,30.039,2.783,10.020,0.050,27.296,4.354,0.000,-6.449,1,28.595,3.604,10.000,1.981,10.507,-0.080,0.000,10.000,3.161,0.020,0,1,1,1,0,1.984,-8.432,1,0.004,31.559,4.746,-1.709,-4.262,-0.392,1.709,4.609
518,585.796,585,796000000,2,/drone3,TRACKING,0,-1,3,2,2,4,28.624,10.267,10.018,0.067,30.469,-2.651,0.000,-6.458,0,nan,nan,nan,0.000,16.452,1000.000,0.000,10.000,13.050,0.018,0,1,1,1,0,1.283,-7.741,1,0.004,31.574,-3.247,-1.722,-1.105,0.596,1.722,2.132
519,586.008,586,8000000,0,/drone1,SURVEILLANCE,1,2,3,-1,-1,-1,30.459,-4.161,10.063,0.055,nan,nan,nan,nan,0,nan,nan,nan,nan,nan,nan,0.000,nan,nan,nan,0,0,0,0,0,nan,nan,0,nan,nan,nan,nan,nan,nan,nan,nan
520,586.008,586,8000000,1,/drone2,TRACKING,0,-1,3,0,0,3,30.045,2.778,10.015,0.050,27.295,4.349,0.000,-6.461,1,28.595,3.599,10.000,1.976,10.504,-0.075,0.000,10.000,3.166,0.015,0,1,1,1,0,1.978,-8.439,1,0.000,31.557,4.746,-1.757,-4.262,-0.397,1.757,4.627
521,586.008,586,8000000,2,/drone3,TRACKING,0,-1,3,2,2,4,28.624,10.267,10.017,0.067,30.445,-2.660,0.000,-6.462,0,nan,nan,nan,0.000,16.455,1000.000,0.000,10.000,13.055,0.017,0,1,1,1,0,1.281,-7.743,1,0.036,31.573,-3.248,-1.762,-1.127,0.587,1.762,2.173
522,586.264,586,264000000,0,/drone1,SURVEILLANCE,1,2,3,-1,-1,-1,30.463,-4.160,10.069,0.055,nan,nan,nan,nan,0,nan,nan,nan,nan,nan,nan,0.000,nan,nan,nan,0,0,0,0,0,nan,nan,0,nan,nan,nan,nan,nan,nan,nan,nan
523,586.264,586,264000000,1,/drone2,TRACKING,0,-1,3,0,0,3,30.047,2.782,10.011,0.050,27.303,4.342,0.000,-6.457,1,28.602,3.592,10.000,1.978,10.497,-0.079,0.000,10.000,3.157,0.011,0,1,1,1,0,1.980,-8.437,1,0.040,31.555,4.745,-1.806,-4.252,-0.403,1.806,4.637
524,586.264,586,264000000,2,/drone3,TRACKING,0,-1,3,2,2,4,28.621,10.268,10.019,0.067,30.435,-2.679,0.000,-6.456,0,nan,nan,nan,0.000,16.471,1000.000,0.000,10.000,13.073,0.019,0,1,1,1,0,1.282,-7.738,1,0.040,31.570,-3.248,-1.818,-1.135,0.569,1.818,2.218
525,586.500,586,500000000,0,/drone1,SURVEILLANCE,1,2,3,-1,-1,-1,30.455,-4.170,10.074,0.055,nan,nan,nan,nan,0,nan,nan,nan,nan,nan,nan,0.000,nan,nan,nan,0,0,0,0,0,nan,nan,0,nan,nan,nan,nan,nan,nan,nan,nan
526,586.500,586,500000000,1,/drone2,TRACKING,0,-1,3,0,0,3,30.052,2.784,10.010,0.050,27.310,4.345,0.000,-6.448,1,28.609,3.595,10.000,1.983,10.495,-0.084,0.000,10.000,3.155,0.010,0,1,1,1,0,1.984,-8.433,1,0.024,31.552,4.745,-1.861,-4.242,-0.400,1.861,4.650
527,586.500,586,500000000,2,/drone3,TRACKING,0,-1,3,2,2,4,28.617,10.270,10.021,0.067,30.425,-2.707,0.000,-6.451,0,nan,nan,nan,0.000,16.495,1000.000,0.000,10.000,13.102,0.021,0,1,1,1,0,1.282,-7.733,1,0.024,31.567,-3.249,-1.872,-1.142,0.542,1.872,2.258
528,586.776,586,776000000,0,/drone1,SURVEILLANCE,1,2,3,-1,-1,-1,30.451,-4.173,10.075,0.055,nan,nan,nan,nan,0,nan,nan,nan,nan,nan,nan,0.000,nan,nan,nan,0,0,0,0,0,nan,nan,0,nan,nan,nan,nan,nan,nan,nan,nan
529,586.776,586,776000000,1,/drone2,TRACKING,0,-1,3,0,0,3,30.057,2.793,10.006,0.050,27.317,4.346,0.000,-6.458,1,28.616,3.596,10.000,1.979,10.490,-0.081,0.000,10.000,3.150,0.006,0,1,1,1,0,1.980,-8.438,1,0.012,31.548,4.744,-1.921,-4.231,-0.398,1.921,4.664
530,586.776,586,776000000,2,/drone3,TRACKING,0,-1,3,2,2,4,28.622,10.271,10.017,0.067,30.421,-2.720,0.000,-6.462,0,nan,nan,nan,0.000,16.503,1000.000,0.000,10.000,13.115,0.017,0,1,1,1,0,1.277,-7.739,1,0.012,31.563,-3.249,-1.929,-1.142,0.530,1.929,2.303
531,586.988,586,988000000,0,/drone1,SURVEILLANCE,1,2,3,-1,-1,-1,30.449,-4.177,10.072,0.055,nan,nan,nan,nan,0,nan,nan,nan,nan,nan,nan,0.000,nan,nan,nan,0,0,0,0,0,nan,nan,0,nan,nan,nan,nan,nan,nan,nan,nan
532,586.988,586,988000000,1,/drone2,TRACKING,0,-1,3,0,0,3,30.059,2.798,10.007,0.050,27.349,4.349,0.000,-6.464,1,28.648,3.599,10.000,1.977,10.483,-0.081,0.000,10.000,3.123,0.007,0,1,1,1,0,1.978,-8.443,1,0.008,31.545,4.744,-1.963,-4.196,-0.395,1.963,4.649
533,586.988,586,988000000,2,/drone3,TRACKING,0,-1,3,2,2,4,28.618,10.269,10.019,0.067,30.400,-2.782,0.000,-6.461,0,nan,nan,nan,0.000,16.550,1000.000,0.000,10.000,13.172,0.019,0,1,1,1,0,1.274,-7.735,1,0.008,31.559,-3.250,-1.968,-1.159,0.468,1.968,2.331
534,587.352,587,352000000,0,/drone1,SURVEILLANCE,1,2,3,-1,-1,-1,30.436,-4.183,10.064,0.055,nan,nan,nan,nan,0,nan,nan,nan,nan,nan,nan,0.000,nan,nan,nan,0,0,0,0,0,nan,nan,0,nan,nan,nan,nan,nan,nan,nan,nan
535,587.352,587,352000000,1,/drone2,TRACKING,0,-1,3,0,0,3,30.060,2.805,10.008,0.050,27.405,4.409,0.000,-6.320,1,28.705,3.659,10.000,2.048,10.477,-0.152,0.000,10.000,3.102,0.008,0,1,1,1,0,2.049,-8.369,1,0.012,31.539,4.743,-2.022,-4.133,-0.334,2.022,4.613
536,587.352,587,352000000,2,/drone3,TRACKING,0,-1,3,2,2,4,28.614,10.263,10.021,0.067,30.385,-2.806,0.000,-6.454,0,nan,nan,nan,0.000,16.563,1000.000,0.000,10.000,13.188,0.021,0,1,1,1,0,1.275,-7.729,1,0.012,31.553,-3.251,-2.023,-1.167,0.445,2.023,2.378
537,587.764,587,764000000,0,/drone1,SURVEILLANCE,1,2,3,-1,-1,-1,30.430,-4.189,10.061,0.055,nan,nan,nan,nan,0,nan,nan,nan,nan,nan,nan,0.000,nan,nan,nan,0,0,0,0,0,nan,nan,0,nan,nan,nan,nan,nan,nan,nan,nan
538,587.764,587,764000000,1,/drone2,TRACKING,0,-1,3,0,0,3,30.053,2.809,10.009,0.050,27.461,4.388,0.000,-6.436,1,28.760,3.638,10.000,1.995,10.459,-0.103,0.000,10.000,3.036,0.009,0,1,1,1,0,1.996,-8.433,1,0.028,31.531,4.742,-2.071,-4.070,-0.354,2.071,4.581
539,587.764,587,764000000,2,/drone3,TRACKING,0,-1,3,2,2,4,28.605,10.260,10.026,0.067,30.363,-2.807,0.000,-6.454,0,nan,nan,nan,0.000,16.564,1000.000,0.000,10.000,13.185,0.026,0,1,1,1,0,1.275,-7.729,1,0.028,31.545,-3.252,-2.067,-1.183,0.445,2.067,2.423
540,588.160,588,160000000,0,/drone1,SURVEILLANCE,1,2,3,-1,-1,-1,30.430,-4.191,10.060,0.055,nan,nan,nan,nan,0,nan,nan,nan,nan,nan,nan,0.000,nan,nan,nan,0,0,0,0,0,nan,nan,0,nan,nan,nan,nan,nan,nan,nan,nan
541,588.160,588,160000000,1,/drone2,TRACKING,0,-1,3,0,0,3,30.049,2.808,10.015,0.050,27.481,4.386,0.000,-6.457,1,28.780,3.636,10.000,1.985,10.459,-0.093,0.000,10.000,3.014,0.015,0,1,1,1,0,1.987,-8.444,1,0.028,31.524,4.741,-2.100,-4.043,-0.355,2.100,4.570
542,588.160,588,160000000,2,/drone3,TRACKING,0,-1,3,2,2,4,28.602,10.261,10.020,0.067,30.361,-2.808,0.000,-6.461,0,nan,nan,nan,0.000,16.562,1000.000,0.000,10.000,13.187,0.020,0,1,1,1,0,1.273,-7.734,1,0.028,31.538,-3.253,-2.091,-1.177,0.445,2.091,2.440
543,588.592,588,592000000,0,/drone1,SURVEILLANCE,1,2,3,-1,-1,-1,30.415,-4.210,10.065,0.055,nan,nan,nan,nan,0,nan,nan,nan,nan,nan,nan,0.000,nan,nan,nan,0,0,0,0,0,nan,nan,0,nan,nan,nan,nan,nan,nan,nan,nan
544,588.592,588,592000000,1,/drone2,TRACKING,0,-1,3,0,0,3,30.048,2.803,10.013,0.050,27.459,4.388,0.000,-6.463,1,28.759,3.638,10.000,1.981,10.463,-0.088,0.000,10.000,3.035,0.013,0,1,1,1,0,1.983,-8.446,1,0.028,31.515,4.740,-2.106,-4.056,-0.352,2.106,4.584
545,588.592,588,592000000,2,/drone3,TRACKING,0,-1,3,2,2,4,28.590,10.257,10.010,0.067,30.374,-2.807,0.000,-6.465,0,nan,nan,nan,0.000,16.555,1000.000,0.000,10.000,13.185,0.010,0,1,1,1,0,1.272,-7.736,1,0.028,31.529,-3.254,-2.093,-1.155,0.447,2.093,2.432
546,588.952,588,952000000,0,/drone1,SURVEILLANCE,1,2,3,-1,-1,-1,30.397,-4.226,10.061,0.055,nan,nan,nan,nan,0,nan,nan,nan,nan,nan,nan,0.000,nan,nan,nan,0,0,0,0,0,nan,nan,0,nan,nan,nan,nan,nan,nan,nan,nan
547,588.952,588,952000000,1,/drone2,TRACKING,0,-1,3,0,0,3,30.046,2.798,10.013,0.050,27.463,4.391,0.000,-6.457,1,28.762,3.641,10.000,1.984,10.463,-0.091,0.000,10.000,3.035,0.013,0,1,1,1,0,1.986,-8.443,1,0.028,31.509,4.740,-2.092,-4.046,-0.348,2.092,4.568
548,588.952,588,952000000,2,/drone3,TRACKING,0,-1,3,2,2,4,28.590,10.254,10.013,0.067,30.372,-2.832,0.000,-6.461,0,nan,nan,nan,0.000,16.573,1000.000,0.000,10.000,13.206,0.013,0,1,1,1,0,1.271,-7.733,1,0.028,31.523,-3.255,-2.074,-1.151,0.424,2.074,2.410
549,589.348,589,348000000,0,/drone1,SURVEILLANCE,1,2,3,-1,-1,-1,30.385,-4.241,10.059,0.055,nan,nan,nan,nan,0,nan,nan,nan,nan,nan,nan,0.000,nan,nan,nan,0,0,0,0,0,nan,nan,0,nan,nan,nan,nan,nan,nan,nan,nan
550,589.348,589,348000000,1,/drone2,TRACKING,0,-1,3,0,0,3,30.052,2.786,10.017,0.050,27.429,4.411,0.000,-6.379,1,28.728,3.661,10.000,2.018,10.482,-0.121,0.000,10.000,3.086,0.017,0,1,1,1,0,2.021,-8.400,1,0.028,31.502,4.739,-2.056,-4.073,-0.328,2.056,4.574
551,589.348,589,348000000,2,/drone3,TRACKING,0,-1,3,2,2,4,28.597,10.250,10.016,0.067,30.347,-2.861,0.000,-6.466,0,nan,nan,nan,0.000,16.591,1000.000,0.000,10.000,13.227,0.016,0,1,1,1,0,1.268,-7.734,1,0.028,31.516,-3.256,-2.035,-1.169,0.395,2.035,2.380
552,589.780,589,780000000,0,/drone1,SURVEILLANCE,1,2,3,-1,-1,-1,30.387,-4.248,10.064,0.055,nan,nan,nan,nan,0,nan,nan,nan,nan,nan,nan,0.000,nan,nan,nan,0,0,0,0,0,nan,nan,0,nan,nan,nan,nan,nan,nan,nan,nan
553,589.780,589,780000000,1,/drone2,TRACKING,0,-1,3,0,0,3,30.053,2.783,10.018,0.050,27.391,4.399,0.000,-6.363,1,28.690,3.649,10.000,2.025,10.491,-0.126,0.000,10.000,3.113,0.018,0,1,1,1,0,2.027,-8.391,1,0.028,31.495,4.738,-1.996,-4.104,-0.340,1.996,4.576
554,589.780,589,780000000,2,/drone3,TRACKING,0,-1,3,2,2,4,28.606,10.250,10.012,0.067,30.318,-2.882,0.000,-6.450,0,nan,nan,nan,0.000,16.602,1000.000,0.000,10.000,13.243,0.012,0,1,1,1,0,1.273,-7.722,1,0.028,31.510,-3.256,-1.974,-1.192,0.374,1.974,2.336
555,590.176,590,176000000,0,/drone1,SURVEILLANCE,1,2,3,-1,-1,-1,30.378,-4.256,10.064,0.055,nan,nan,nan,nan,0,nan,nan,nan,nan,nan,nan,0.000,nan,nan,nan,0,0,0,0,0,nan,nan,0,nan,nan,nan,nan,nan,nan,nan,nan
556,590.176,590,176000000,1,/drone2,TRACKING,0,-1,3,0,0,3,30.043,2.782,10.022,0.050,27.401,4.370,0.000,-6.441,1,28.700,3.620,10.000,1.988,10.486,-0.091,0.000,10.000,3.083,0.022,0,1,1,1,0,1.992,-8.433,1,0.028,31.490,4.738,-1.927,-4.089,-0.368,1.927,4.535
557,590.176,590,176000000,2,/drone3,TRACKING,0,-1,3,2,2,4,28.606,10.250,10.017,0.067,30.316,-2.884,0.000,-6.451,0,nan,nan,nan,0.000,16.607,1000.000,0.000,10.000,13.246,0.017,0,1,1,1,0,1.272,-7.723,1,0.028,31.506,-3.257,-1.905,-1.189,0.372,1.905,2.276
558,590.576,590,576000000,0,/drone1,SURVEILLANCE,1,2,3,-1,-1,-1,30.373,-4.255,10.065,0.055,nan,nan,nan,nan,0,nan,nan,nan,nan,nan,nan,0.000,nan,nan,nan,0,0,0,0,0,nan,nan,0,nan,nan,nan,nan,nan,nan,nan,nan
559,590.576,590,576000000,1,/drone2,TRACKING,0,-1,3,0,0,3,30.034,2.782,10.016,0.050,27.433,4.363,0.000,-6.456,1,28.732,3.613,10.000,1.984,10.469,-0.090,0.000,10.000,3.044,0.016,0,1,1,1,0,1.986,-8.442,1,0.032,31.486,4.738,-1.848,-4.053,-0.374,1.848,4.470
560,590.576,590,576000000,2,/drone3,TRACKING,0,-1,3,2,2,4,28.600,10.250,10.024,0.067,30.319,-2.873,0.000,-6.448,0,nan,nan,nan,0.000,16.602,1000.000,0.000,10.000,13.235,0.024,0,1,1,1,0,1.274,-7.722,1,0.032,31.502,-3.257,-1.827,-1.183,0.384,1.827,2.210
561,590.984,590,984000000,0,/drone1,SURVEILLANCE,1,2,3,-1,-1,-1,30.375,-4.259,10.065,0.055,nan,nan,nan,nan,0,nan,nan,nan,nan,nan,nan,0.000,nan,nan,nan,0,0,0,0,0,nan,nan,0,nan,nan,nan,nan,nan,nan,nan,nan
562,590.984,590,984000000,1,/drone2,TRACKING,0,-1,3,0,0,3,30.039,2.795,10.017,0.050,27.422,4.298,0.000,-6.107,1,28.721,3.548,10.000,2.155,10.461,-0.263,0.000,10.000,3.018,0.017,0,1,1,1,0,2.158,-8.265,1,0.008,31.483,4.738,-1.757,-4.061,-0.440,1.757,4.447
563,590.984,590,984000000,2,/drone3,TRACKING,0,-1,3,2,2,4,28.592,10.259,10.017,0.067,30.316,-2.828,0.000,-6.449,0,nan,nan,nan,0.000,16.571,1000.000,0.000,10.000,13.200,0.017,0,1,1,1,0,1.276,-7.725,1,0.008,31.499,-3.256,-1.741,-1.183,0.428,1.741,2.148
564,591.288,591,288000000,0,/drone1,SURVEILLANCE,1,2,3,-1,-1,-1,30.378,-4.254,10.063,0.055,nan,nan,nan,nan,0,nan,nan,nan,nan,nan,nan,0.000,nan,nan,nan,0,0,0,0,0,nan,nan,0,nan,nan,nan,nan,nan,nan,nan,nan
565,591.288,591,288000000,1,/drone2,TRACKING,0,-1,3,0,0,3,30.045,2.800,10.019,0.050,27.341,4.335,0.000,-6.366,1,28.640,3.585,10.000,2.025,10.490,-0.127,0.000,10.000,3.109,0.019,0,1,1,1,0,2.028,-8.394,1,0.024,31.481,4.738,-1.698,-4.140,-0.403,1.698,4.493
566,591.288,591,288000000,2,/drone3,TRACKING,0,-1,3,2,2,4,28.594,10.263,10.003,0.067,30.321,-2.792,0.000,-6.454,0,nan,nan,nan,0.000,16.537,1000.000,0.000,10.000,13.169,0.003,0,1,1,1,0,1.276,-7.730,1,0.024,31.498,-3.256,-1.685,-1.177,0.464,1.685,2.107
567,591.512,591,512000000,0,/drone1,SURVEILLANCE,1,2,3,-1,-1,-1,30.378,-4.256,10.058,0.055,nan,nan,nan,nan,0,nan,nan,nan,nan,nan,nan,0.000,nan,nan,nan,0,0,0,0,0,nan,nan,0,nan,nan,nan,nan,nan,nan,nan,nan
568,591.512,591,512000000,1,/drone2,TRACKING,0,-1,3,0,0,3,30.045,2.802,10.019,0.050,27.303,4.350,0.000,-6.440,1,28.602,3.600,10.000,1.987,10.502,-0.087,0.000,10.000,3.149,0.019,0,1,1,1,0,1.990,-8.430,1,0.032,31.481,4.738,-1.656,-4.178,-0.389,1.656,4.511
569,591.512,591,512000000,2,/drone3,TRACKING,0,-1,3,2,2,4,28.593,10.260,10.000,0.067,30.327,-2.775,0.000,-6.459,0,nan,nan,nan,0.000,16.520,1000.000,0.000,10.000,13.150,0.000,0,1,1,1,0,1.276,-7.735,1,0.032,31.497,-3.256,-1.645,-1.170,0.481,1.645,2.075
570,591.760,591,760000000,0,/drone1,SURVEILLANCE,1,2,3,-1,-1,-1,30.380,-4.258,10.055,0.055,nan,nan,nan,nan,0,nan,nan,nan,nan,nan,nan,0.000,nan,nan,nan,0,0,0,0,0,nan,nan,0,nan,nan,nan,nan,nan,nan,nan,nan
571,591.760,591,760000000,1,/drone2,TRACKING,0,-1,3,0,0,3,30.046,2.806,10.026,0.050,27.289,4.375,0.000,-6.467,1,28.588,3.625,10.000,1.971,10.516,-0.068,0.000,10.000,3.171,0.026,0,1,1,1,0,1.975,-8.442,1,0.028,31.480,4.739,-1.610,-4.191,-0.364,1.610,4.504
572,591.760,591,760000000,2,/drone3,TRACKING,0,-1,3,2,2,4,28.591,10.259,10.000,0.067,30.332,-2.766,0.000,-6.466,0,nan,nan,nan,0.000,16.513,1000.000,0.000,10.000,13.142,0.000,0,1,1,1,0,1.274,-7.740,1,0.028,31.496,-3.255,-1.603,-1.164,0.489,1.603,2.041
573,592.000,592,0,0,/drone1,SURVEILLANCE,1,2,3,-1,-1,-1,30.378,-4.266,10.059,0.055,nan,nan,nan,nan,0,nan,nan,nan,nan,nan,nan,0.000,nan,nan,nan,0,0,0,0,0,nan,nan,0,nan,nan,nan,nan,nan,nan,nan,nan
574,592.000,592,0,1,/drone2,TRACKING,0,-1,3,0,0,3,30.044,2.809,10.029,0.050,27.281,4.375,0.000,-6.458,1,28.580,3.625,10.000,1.975,10.520,-0.071,0.000,10.000,3.176,0.029,0,1,1,1,0,1.979,-8.437,1,0.016,31.480,4.739,-1.568,-4.198,-0.364,1.568,4.497
575,592.000,592,0,2,/drone3,TRACKING,0,-1,3,2,2,4,28.589,10.260,10.000,0.067,30.339,-2.768,0.000,-6.461,0,nan,nan,nan,0.000,16.516,1000.000,0.000,10.000,13.145,0.000,0,1,1,1,0,1.275,-7.737,1,0.016,31.496,-3.255,-1.566,-1.157,0.487,1.566,2.007
576,592.252,592,252000000,0,/drone1,SURVEILLANCE,1,2,3,-1,-1,-1,30.376,-4.271,10.058,0.055,nan,nan,nan,nan,0,nan,nan,nan,nan,nan,nan,0.000,nan,nan,nan,0,0,0,0,0,nan,nan,0,nan,nan,nan,nan,nan,nan,nan,nan
577,592.252,592,252000000,1,/drone2,TRACKING,0,-1,3,0,0,3,30.040,2.804,10.026,0.050,27.302,4.384,0.000,-6.458,1,28.601,3.634,10.000,1.976,10.513,-0.073,0.000,10.000,3.161,0.026,0,1,1,1,0,1.979,-8.437,1,0.016,31.480,4.740,-1.533,-4.178,-0.355,1.533,4.464
578,592.252,592,252000000,2,/drone3,TRACKING,0,-1,3,2,2,4,28.583,10.263,9.999,0.067,30.339,-2.772,0.000,-6.462,0,nan,nan,nan,0.000,16.522,1000.000,0.000,10.000,13.152,0.001,0,1,1,1,0,1.275,-7.736,1,0.016,31.496,-3.254,-1.535,-1.158,0.483,1.535,1.982
579,592.484,592,484000000,0,/drone1,SURVEILLANCE,1,2,3,-1,-1,-1,30.371,-4.279,10.061,0.055,nan,nan,nan,nan,0,nan,nan,nan,nan,nan,nan,0.000,nan,nan,nan,0,0,0,0,0,nan,nan,0,nan,nan,nan,nan,nan,nan,nan,nan
580,592.484,592,484000000,1,/drone2,TRACKING,0,-1,3,0,0,3,30.037,2.799,10.028,0.050,27.305,4.390,0.000,-6.455,1,28.604,3.640,10.000,1.976,10.514,-0.074,0.000,10.000,3.162,0.028,0,1,1,1,0,1.981,-8.436,1,0.032,31.480,4.740,-1.508,-4.175,-0.350,1.508,4.453
581,592.484,592,484000000,2,/drone3,TRACKING,0,-1,3,2,2,4,28.581,10.267,10.004,0.067,30.339,-2.776,0.000,-6.458,0,nan,nan,nan,0.000,16.531,1000.000,0.000,10.000,13.161,0.004,0,1,1,1,0,1.275,-7.733,1,0.032,31.497,-3.254,-1.513,-1.157,0.478,1.513,1.964
582,592.704,592,704000000,0,/drone1,SURVEILLANCE,1,2,3,-1,-1,-1,30.362,-4.291,10.063,0.055,nan,nan,nan,nan,0,nan,nan,nan,nan,nan,nan,0.000,nan,nan,nan,0,0,0,0,0,nan,nan,0,nan,nan,nan,nan,nan,nan,nan,nan
583,592.704,592,704000000,1,/drone2,TRACKING,0,-1,3,0,0,3,30.035,2.793,10.028,0.050,27.294,4.392,0.000,-6.452,1,28.593,3.642,10.000,1.978,10.518,-0.074,0.000,10.000,3.174,0.028,0,1,1,1,0,1.982,-8.434,1,0.036,31.480,4.740,-1.488,-4.186,-0.348,1.488,4.456
584,592.704,592,704000000,2,/drone3,TRACKING,0,-1,3,2,2,4,28.578,10.271,10.009,0.067,30.354,-2.804,0.000,-6.456,0,nan,nan,nan,0.000,16.562,1000.000,0.000,10.000,13.195,0.009,0,1,1,1,0,1.274,-7.730,1,0.036,31.497,-3.254,-1.497,-1.143,0.449,1.497,1.937
585,593.068,593,68000000,0,/drone1,SURVEILLANCE,1,2,3,-1,-1,-1,30.358,-4.296,10.061,0.055,nan,nan,nan,nan,0,nan,nan,nan,nan,nan,nan,0.000,nan,nan,nan,0,0,0,0,0,nan,nan,0,nan,nan,nan,nan,nan,nan,nan,nan
586,593.068,593,68000000,1,/drone2,TRACKING,0,-1,3,0,0,3,30.040,2.784,10.033,0.050,27.292,4.387,0.000,-6.460,1,28.591,3.637,10.000,1.973,10.525,-0.068,0.000,10.000,3.181,0.033,0,1,1,1,0,1.978,-8.438,1,0.004,31.481,4.741,-1.467,-4.189,-0.354,1.467,4.453
587,593.068,593,68000000,2,/drone3,TRACKING,0,-1,3,2,2,4,28.580,10.273,10.015,0.067,30.354,-2.829,0.000,-6.459,0,nan,nan,nan,0.000,16.587,1000.000,0.000,10.000,13.222,0.015,0,1,1,1,0,1.271,-7.730,1,0.004,31.498,-3.253,-1.483,-1.144,0.423,1.483,1.920
588,593.476,593,476000000,0,/drone1,SURVEILLANCE,1,2,3,-1,-1,-1,30.348,-4.297,10.055,0.055,nan,nan,nan,nan,0,nan,nan,nan,nan,nan,nan,0.000,nan,nan,nan,0,0,0,0,0,nan,nan,0,nan,nan,nan,nan,nan,nan,nan,nan
589,593.476,593,476000000,1,/drone2,TRACKING,0,-1,3,0,0,3,30.040,2.779,10.032,0.050,27.273,4.377,0.000,-6.451,1,28.572,3.627,10.000,1.977,10.529,-0.071,0.000,10.000,3.195,0.032,0,1,1,1,0,1.981,-8.432,1,0.016,31.482,4.742,-1.466,-4.210,-0.365,1.466,4.472
590,593.476,593,476000000,2,/drone3,TRACKING,0,-1,3,2,2,4,28.590,10.276,10.029,0.067,30.348,-2.869,0.000,-6.448,0,nan,nan,nan,0.000,16.627,1000.000,0.000,10.000,13.262,0.029,0,1,1,1,0,1.272,-7.720,1,0.016,31.499,-3.252,-1.488,-1.151,0.384,1.488,1.920
591,593.888,593,888000000,0,/drone1,SURVEILLANCE,1,2,3,-1,-1,-1,30.335,-4.299,10.051,0.055,nan,nan,nan,nan,0,nan,nan,nan,nan,nan,nan,0.000,nan,nan,nan,0,0,0,0,0,nan,nan,0,nan,nan,nan,nan,nan,nan,nan,nan
592,593.888,593,888000000,1,/drone2,TRACKING,0,-1,3,0,0,3,30.038,2.786,10.029,0.050,27.269,4.371,0.000,-6.446,1,28.568,3.621,10.000,1.979,10.524,-0.075,0.000,10.000,3.190,0.029,0,1,1,1,0,1.984,-8.429,1,0.032,31.483,4.742,-1.485,-4.214,-0.371,1.485,4.483
593,593.888,593,888000000,2,/drone3,TRACKING,0,-1,3,2,2,4,28.597,10.271,10.038,0.067,30.328,-2.875,0.000,-6.449,0,nan,nan,nan,0.000,16.630,1000.000,0.000,10.000,13.259,0.038,0,1,1,1,0,1.272,-7.721,1,0.032,31.500,-3.252,-1.511,-1.172,0.377,1.511,1.949
594,594.288,594,288000000,0,/drone1,SURVEILLANCE,1,2,3,-1,-1,-1,30.322,-4.307,10.057,0.055,nan,nan,nan,nan,0,nan,nan,nan,nan,nan,nan,0.000,nan,nan,nan,0,0,0,0,0,nan,nan,0,nan,nan,nan,nan,nan,nan,nan,nan
595,594.288,594,288000000,1,/drone2,TRACKING,0,-1,3,0,0,3,30.042,2.800,10.030,0.050,27.266,4.366,0.000,-6.446,1,28.565,3.616,10.000,1.979,10.524,-0.075,0.000,10.000,3.187,0.030,0,1,1,1,0,1.984,-8.430,1,0.000,31.484,4.742,-1.527,-4.218,-0.376,1.527,4.501
596,594.288,594,288000000,2,/drone3,TRACKING,0,-1,3,2,2,4,28.607,10.265,10.029,0.067,30.239,-2.840,0.000,-6.448,0,nan,nan,nan,0.000,16.582,1000.000,0.000,10.000,13.206,0.029,0,1,1,1,0,1.276,-7.724,1,0.000,31.500,-3.252,-1.556,-1.261,0.412,1.556,2.045
597,594.696,594,696000000,0,/drone1,SURVEILLANCE,1,2,3,-1,-1,-1,30.323,-4.321,10.061,0.055,nan,nan,nan,nan,0,nan,nan,nan,nan,nan,nan,0.000,nan,nan,nan,0,0,0,0,0,nan,nan,0,nan,nan,nan,nan,nan,nan,nan,nan
598,594.696,594,696000000,1,/drone2,TRACKING,0,-1,3,0,0,3,30.052,2.800,10.024,0.050,27.280,4.367,0.000,-6.469,1,28.580,3.617,10.000,1.970,10.517,-0.066,0.000,10.000,3.183,0.024,0,1,1,1,0,1.973,-8.442,1,0.012,31.484,4.742,-1.580,-4.203,-0.375,1.580,4.506
599,594.696,594,696000000,2,/drone3,TRACKING,0,-1,3,2,2,4,28.603,10.257,10.019,0.067,30.182,-2.835,0.000,-6.465,0,nan,nan,nan,0.000,16.561,1000.000,0.000,10.000,13.187,0.019,0,1,1,1,0,1.271,-7.736,1,0.012,31.500,-3.252,-1.610,-1.318,0.417,1.610,2.122
600,595.092,595,92000000,0,/drone1,SURVEILLANCE,1,2,3,-1,-1,-1,30.329,-4.336,10.070,0.055,nan,nan,nan,nan,0,nan,nan,nan,nan,nan,nan,0.000,nan,nan,nan,0,0,0,0,0,nan,nan,0,nan,nan,nan,nan,nan,nan,nan,nan
601,595.092,595,92000000,1,/drone2,TRACKING,0,-1,3,0,0,3,30.051,2.795,10.012,0.050,27.310,4.370,0.000,-6.469,1,28.609,3.620,10.000,1.973,10.499,-0.073,0.000,10.000,3.161,0.012,0,1,1,1,0,1.975,-8.443,1,0.012,31.482,4.741,-1.645,-4.172,-0.372,1.645,4.500
602,595.092,595,92000000,2,/drone3,TRACKING,0,-1,3,2,2,4,28.599,10.254,10.010,0.067,30.172,-2.854,0.000,-6.465,0,nan,nan,nan,0.000,16.568,1000.000,0.000,10.000,13.203,0.010,0,1,1,1,0,1.270,-7.736,1,0.012,31.498,-3.253,-1.674,-1.326,0.399,1.674,2.172
603,595.488,595,488000000,0,/drone1,SURVEILLANCE,1,2,3,-1,-1,-1,30.343,-4.340,10.081,0.055,nan,nan,nan,nan,0,nan,nan,nan,nan,nan,nan,0.000,nan,nan,nan,0,0,0,0,0,nan,nan,0,nan,nan,nan,nan,nan,nan,nan,nan
604,595.488,595,488000000,1,/drone2,TRACKING,0,-1,3,0,0,3,30.044,2.794,10.007,0.050,27.287,4.367,0.000,-6.463,1,28.586,3.617,10.000,1.975,10.498,-0.076,0.000,10.000,3.174,0.007,0,1,1,1,0,1.976,-8.440,1,0.012,31.480,4.741,-1.717,-4.193,-0.373,1.717,4.546
605,595.488,595,488000000,2,/drone3,TRACKING,0,-1,3,2,2,4,28.600,10.253,10.009,0.067,30.165,-2.890,0.000,-6.465,0,nan,nan,nan,0.000,16.594,1000.000,0.000,10.000,13.235,0.009,0,1,1,1,0,1.268,-7.733,1,0.012,31.495,-3.254,-1.742,-1.330,0.365,1.742,2.222
606,595.816,595,816000000,0,/drone1,SURVEILLANCE,1,2,3,-1,-1,-1,30.346,-4.345,10.082,0.055,nan,nan,nan,nan,0,nan,nan,nan,nan,nan,nan,0.000,nan,nan,nan,0,0,0,0,0,nan,nan,0,nan,nan,nan,nan,nan,nan,nan,nan
607,595.816,595,816000000,1,/drone2,TRACKING,0,-1,3,0,0,3,30.043,2.799,10.007,0.050,27.245,4.376,0.000,-6.388,1,28.544,3.626,10.000,2.009,10.510,-0.107,0.000,10.000,3.212,0.007,0,1,1,1,0,2.010,-8.398,1,0.016,31.477,4.740,-1.776,-4.232,-0.363,1.776,4.604
608,595.816,595,816000000,2,/drone3,TRACKING,0,-1,3,2,2,4,28.599,10.256,10.009,0.067,30.167,-2.948,0.000,-6.464,0,nan,nan,nan,0.000,16.643,1000.000,0.000,10.000,13.297,0.009,0,1,1,1,0,1.264,-7.728,1,0.016,31.492,-3.255,-1.797,-1.325,0.307,1.797,2.254
609,596.080,596,80000000,0,/drone1,SURVEILLANCE,1,2,3,-1,-1,-1,30.345,-4.339,10.082,0.055,nan,nan,nan,nan,0,nan,nan,nan,nan,nan,nan,0.000,nan,nan,nan,0,0,0,0,0,nan,nan,0,nan,nan,nan,nan,nan,nan,nan,nan
610,596.080,596,80000000,1,/drone2,TRACKING,0,-1,3,0,0,3,30.045,2.797,10.011,0.050,27.239,4.353,0.000,-6.437,1,28.538,3.603,10.000,1.986,10.512,-0.084,0.000,10.000,3.208,0.011,0,1,1,1,0,1.988,-8.425,1,0.028,31.474,4.739,-1.821,-4.236,-0.386,1.821,4.627
611,596.080,596,80000000,2,/drone3,TRACKING,0,-1,3,2,2,4,28.596,10.259,10.010,0.067,30.171,-2.979,0.000,-6.461,0,nan,nan,nan,0.000,16.671,1000.000,0.000,10.000,13.331,0.010,0,1,1,1,0,1.263,-7.724,1,0.028,31.490,-3.256,-1.839,-1.319,0.277,1.839,2.279
612,596.388,596,388000000,0,/drone1,SURVEILLANCE,1,2,3,-1,-1,-1,30.341,-4.338,10.077,0.055,nan,nan,nan,nan,0,nan,nan,nan,nan,nan,nan,0.000,nan,nan,nan,0,0,0,0,0,nan,nan,0,nan,nan,nan,nan,nan,nan,nan,nan
613,596.388,596,388000000,1,/drone2,TRACKING,0,-1,3,0,0,3,30.047,2.795,10.019,0.050,27.223,4.341,0.000,-6.442,1,28.522,3.591,10.000,1.982,10.523,-0.077,0.000,10.000,3.219,0.019,0,1,1,1,0,1.984,-8.427,1,0.012,31.470,4.737,-1.876,-4.247,-0.396,1.876,4.660
614,596.388,596,388000000,2,/drone3,TRACKING,0,-1,3,2,2,4,28.588,10.264,10.012,0.067,30.183,-2.981,0.000,-6.450,0,nan,nan,nan,0.000,16.680,1000.000,0.000,10.000,13.341,0.012,0,1,1,1,0,1.266,-7.716,1,0.012,31.485,-3.258,-1.887,-1.302,0.277,1.887,2.310
615,596.724,596,724000000,0,/drone1,SURVEILLANCE,1,2,3,-1,-1,-1,30.334,-4.342,10.067,0.055,nan,nan,nan,nan,0,nan,nan,nan,nan,nan,nan,0.000,nan,nan,nan,0,0,0,0,0,nan,nan,0,nan,nan,nan,nan,nan,nan,nan,nan
616,596.724,596,724000000,1,/drone2,TRACKING,0,-1,3,0,0,3,30.051,2.795,10.025,0.050,27.209,4.340,0.000,-6.459,1,28.508,3.590,10.000,1.972,10.534,-0.065,0.000,10.000,3.235,0.025,0,1,1,1,0,1.976,-8.434,1,0.024,31.466,4.736,-1.924,-4.256,-0.395,1.924,4.688
617,596.724,596,724000000,2,/drone3,TRACKING,0,-1,3,2,2,4,28.582,10.268,10.016,0.067,30.202,-2.967,0.000,-6.456,0,nan,nan,nan,0.000,16.677,1000.000,0.000,10.000,13.334,0.016,0,1,1,1,0,1.264,-7.720,1,0.024,31.481,-3.259,-1.929,-1.279,0.292,1.929,2.333
618,596.952,596,952000000,0,/drone1,SURVEILLANCE,1,2,3,-1,-1,-1,30.336,-4.325,10.062,0.055,nan,nan,nan,nan,0,nan,nan,nan,nan,nan,nan,0.000,nan,nan,nan,0,0,0,0,0,nan,nan,0,nan,nan,nan,nan,nan,nan,nan,nan
619,596.952,596,952000000,1,/drone2,TRACKING,0,-1,3,0,0,3,30.049,2.794,10.027,0.050,27.220,4.348,0.000,-6.453,1,28.519,3.598,10.000,1.974,10.534,-0.068,0.000,10.000,3.228,0.027,0,1,1,1,0,1.979,-8.432,1,0.000,31.462,4.735,-1.956,-4.242,-0.387,1.956,4.687
620,596.952,596,952000000,2,/drone3,TRACKING,0,-1,3,2,2,4,28.580,10.268,10.017,0.067,30.210,-2.964,0.000,-6.456,0,nan,nan,nan,0.000,16.677,1000.000,0.000,10.000,13.333,0.017,0,1,1,1,0,1.264,-7.721,1,0.000,31.477,-3.261,-1.955,-1.267,0.296,1.955,2.349
621,597.188,597,188000000,0,/drone1,SURVEILLANCE,1,2,3,-1,-1,-1,30.318,-4.345,10.057,0.055,nan,nan,nan,nan,0,nan,nan,nan,nan,nan,nan,0.000,nan,nan,nan,0,0,0,0,0,nan,nan,0,nan,nan,nan,nan,nan,nan,nan,nan
622,597.188,597,188000000,1,/drone2,TRACKING,0,-1,3,0,0,3,30.044,2.793,10.025,0.050,27.248,4.358,0.000,-6.453,1,28.547,3.608,10.000,1.976,10.525,-0.071,0.000,10.000,3.204,0.025,0,1,1,1,0,1.980,-8.433,1,0.020,31.458,4.734,-1.978,-4.210,-0.376,1.978,4.667
623,597.188,597,188000000,2,/drone3,TRACKING,0,-1,3,2,2,4,28.578,10.268,10.017,0.067,30.208,-2.958,0.000,-6.451,0,nan,nan,nan,0.000,16.670,1000.000,0.000,10.000,13.325,0.017,0,1,1,1,0,1.267,-7.718,1,0.032,31.473,-3.262,-1.973,-1.266,0.304,1.973,2.364
624,597.504,597,504000000,0,/drone1,SURVEILLANCE,1,2,3,-1,-1,-1,30.313,-4.336,10.055,0.055,nan,nan,nan,nan,0,nan,nan,nan,nan,nan,nan,0.000,nan,nan,nan,0,0,0,0,0,nan,nan,0,nan,nan,nan,nan,nan,nan,nan,nan
625,597.504,597,504000000,1,/drone2,TRACKING,0,-1,3,0,0,3,30.042,2.795,10.026,0.050,27.283,4.363,0.000,-6.458,1,28.582,3.613,10.000,1.975,10.516,-0.072,0.000,10.000,3.173,0.026,0,1,1,1,0,1.979,-8.437,1,0.012,31.453,4.732,-2.003,-4.170,-0.370,2.003,4.641
626,597.504,597,504000000,2,/drone3,TRACKING,0,-1,3,2,2,4,28.579,10.269,10.019,0.067,30.206,-2.942,0.000,-6.458,0,nan,nan,nan,0.000,16.660,1000.000,0.000,10.000,13.311,0.019,0,1,1,1,0,1.265,-7.723,1,0.012,31.468,-3.263,-1.991,-1.263,0.321,1.991,2.379
627,597.896,597,896000000,0,/drone1,SURVEILLANCE,1,2,3,-1,-1,-1,30.307,-4.342,10.060,0.055,nan,nan,nan,nan,0,nan,nan,nan,nan,nan,nan,0.000,nan,nan,nan,0,0,0,0,0,nan,nan,0,nan,nan,nan,nan,nan,nan,nan,nan
628,597.896,597,896000000,1,/drone2,TRACKING,0,-1,3,0,0,3,30.032,2.797,10.028,0.050,27.293,4.361,0.000,-6.455,1,28.592,3.611,10.000,1.977,10.512,-0.075,0.000,10.000,3.154,0.028,0,1,1,1,0,1.981,-8.436,1,0.008,31.446,4.731,-2.017,-4.153,-0.369,2.017,4.632
629,597.896,597,896000000,2,/drone3,TRACKING,0,-1,3,2,2,4,28.570,10.267,10.017,0.067,30.174,-2.933,0.000,-6.465,0,nan,nan,nan,0.000,16.648,1000.000,0.000,10.000,13.297,0.017,0,1,1,1,0,1.264,-7.729,1,0.008,31.462,-3.265,-1.997,-1.288,0.332,1.997,2.399
630,598.100,598,100000000,0,/drone1,SURVEILLANCE,1,2,3,-1,-1,-1,30.309,-4.348,10.061,0.055,nan,nan,nan,nan,0,nan,nan,nan,nan,nan,nan,0.000,nan,nan,nan,0,0,0,0,0,nan,nan,0,nan,nan,nan,nan,nan,nan,nan,nan
631,598.100,598,100000000,1,/drone2,TRACKING,0,-1,3,0,0,3,30.029,2.802,10.028,0.050,27.274,4.362,0.000,-6.455,1,28.573,3.612,10.000,1.977,10.516,-0.073,0.000,10.000,3.166,0.028,0,1,1,1,0,1.981,-8.435,1,0.032,31.443,4.730,-2.018,-4.169,-0.368,2.018,4.646
632,598.100,598,100000000,2,/drone3,TRACKING,0,-1,3,2,2,4,28.562,10.269,10.017,0.067,30.155,-2.934,0.000,-6.460,0,nan,nan,nan,0.000,16.649,1000.000,0.000,10.000,13.299,0.017,0,1,1,1,0,1.265,-7.725,1,0.032,31.459,-3.266,-1.995,-1.304,0.331,1.995,2.406
633,598.464,598,464000000,0,/drone1,SURVEILLANCE,1,2,3,-1,-1,-1,30.321,-4.353,10.066,0.055,nan,nan,nan,nan,0,nan,nan,nan,nan,nan,nan,0.000,nan,nan,nan,0,0,0,0,0,nan,nan,0,nan,nan,nan,nan,nan,nan,nan,nan
634,598.464,598,464000000,1,/drone2,TRACKING,0,-1,3,0,0,3,30.033,2.813,10.024,0.050,27.267,4.367,0.000,-6.463,1,28.566,3.617,10.000,1.973,10.514,-0.070,0.000,10.000,3.172,0.024,0,1,1,1,0,1.977,-8.440,1,0.036,31.438,4.729,-2.008,-4.170,-0.362,2.008,4.643
635,598.464,598,464000000,2,/drone3,TRACKING,0,-1,3,2,2,4,28.567,10.267,10.017,0.067,30.160,-2.935,0.000,-6.449,0,nan,nan,nan,0.000,16.648,1000.000,0.000,10.000,13.298,0.017,0,1,1,1,0,1.269,-7.718,1,0.036,31.454,-3.267,-1.979,-1.294,0.332,1.979,2.388
636,598.800,598,800000000,0,/drone1,SURVEILLANCE,1,2,3,-1,-1,-1,30.322,-4.357,10.076,0.055,nan,nan,nan,nan,0,nan,nan,nan,nan,nan,nan,0.000,nan,nan,nan,0,0,0,0,0,nan,nan,0,nan,nan,nan,nan,nan,nan,nan,nan
637,598.800,598,800000000,1,/drone2,TRACKING,0,-1,3,0,0,3,30.030,2.814,10.019,0.050,27.251,4.367,0.000,-6.460,1,28.550,3.617,10.000,1.974,10.512,-0.072,0.000,10.000,3.183,0.019,0,1,1,1,0,1.977,-8.438,1,0.012,31.432,4.728,-1.985,-4.181,-0.361,1.985,4.642
638,598.800,598,800000000,2,/drone3,TRACKING,0,-1,3,2,2,4,28.577,10.263,10.017,0.067,30.166,-2.936,0.000,-6.456,0,nan,nan,nan,0.000,16.646,1000.000,0.000,10.000,13.294,0.017,0,1,1,1,0,1.267,-7.723,1,0.012,31.449,-3.268,-1.952,-1.283,0.331,1.952,2.359
639,599.084,599,84000000,0,/drone1,SURVEILLANCE,1,2,3,-1,-1,-1,30.324,-4.354,10.081,0.055,nan,nan,nan,nan,0,nan,nan,nan,nan,nan,nan,0.000,nan,nan,nan,0,0,0,0,0,nan,nan,0,nan,nan,nan,nan,nan,nan,nan,nan
640,599.084,599,84000000,1,/drone2,TRACKING,0,-1,3,0,0,3,30.027,2.809,10.021,0.050,27.257,4.363,0.000,-6.460,1,28.556,3.613,10.000,1.975,10.513,-0.072,0.000,10.000,3.176,0.021,0,1,1,1,0,1.978,-8.438,1,0.008,31.429,4.727,-1.957,-4.172,-0.364,1.957,4.623
641,599.084,599,84000000,2,/drone3,TRACKING,0,-1,3,2,2,4,28.584,10.266,10.016,0.067,30.197,-2.940,0.000,-6.460,0,nan,nan,nan,0.000,16.653,1000.000,0.000,10.000,13.304,0.016,0,1,1,1,0,1.265,-7.725,1,0.008,31.446,-3.268,-1.922,-1.249,0.328,1.922,2.316
642,599.444,599,444000000,0,/drone1,SURVEILLANCE,1,2,3,-1,-1,-1,30.321,-4.355,10.079,0.055,nan,nan,nan,nan,0,nan,nan,nan,nan,nan,nan,0.000,nan,nan,nan,0,0,0,0,0,nan,nan,0,nan,nan,nan,nan,nan,nan,nan,nan
643,599.444,599,444000000,1,/drone2,TRACKING,0,-1,3,0,0,3,30.024,2.797,10.028,0.050,27.250,4.364,0.000,-6.461,1,28.549,3.614,10.000,1.973,10.522,-0.068,0.000,10.000,3.186,0.028,0,1,1,1,0,1.977,-8.438,1,0.008,31.425,4.727,-1.914,-4.174,-0.362,1.914,4.606
644,599.444,599,444000000,2,/drone3,TRACKING,0,-1,3,2,2,4,28.585,10.274,10.022,0.067,30.214,-2.951,0.000,-6.458,0,nan,nan,nan,0.000,16.673,1000.000,0.000,10.000,13.325,0.022,0,1,1,1,0,1.264,-7.723,1,0.008,31.443,-3.269,-1.878,-1.228,0.318,1.878,2.266
645,599.784,599,784000000,0,/drone1,SURVEILLANCE,1,2,3,-1,-1,-1,30.314,-4.362,10.080,0.055,nan,nan,nan,nan,0,nan,nan,nan,nan,nan,nan,0.000,nan,nan,nan,0,0,0,0,0,nan,nan,0,nan,nan,nan,nan,nan,nan,nan,nan
646,599.784,599,784000000,1,/drone2,TRACKING,0,-1,3,0,0,3,30.025,2.793,10.034,0.050,27.241,4.366,0.000,-6.460,1,28.540,3.616,10.000,1.972,10.531,-0.066,0.000,10.000,3.197,0.034,0,1,1,1,0,1.977,-8.437,1,0.024,31.422,4.726,-1.868,-4.181,-0.360,1.868,4.593
647,599.784,599,784000000,2,/drone3,TRACKING,0,-1,3,2,2,4,28.585,10.277,10.026,0.067,30.231,-2.919,0.000,-6.463,0,nan,nan,nan,0.000,16.655,1000.000,0.000,10.000,13.299,0.026,0,1,1,1,0,1.265,-7.727,1,0.024,31.440,-3.269,-1.834,-1.210,0.350,1.834,2.224
648,600.144,600,144000000,0,/drone1,SURVEILLANCE,1,2,3,-1,-1,-1,30.307,-4.359,10.077,0.055,nan,nan,nan,nan,0,nan,nan,nan,nan,nan,nan,0.000,nan,nan,nan,0,0,0,0,0,nan,nan,0,nan,nan,nan,nan,nan,nan,nan,nan
649,600.144,600,144000000,1,/drone2,TRACKING,0,-1,3,0,0,3,30.023,2.790,10.036,0.050,27.246,4.365,0.000,-6.455,1,28.545,3.615,10.000,1.974,10.531,-0.068,0.000,10.000,3.192,0.036,0,1,1,1,0,1.979,-8.435,1,0.024,31.419,4.726,-1.813,-4.173,-0.361,1.813,4.565
650,600.144,600,144000000,2,/drone3,TRACKING,0,-1,3,2,2,4,28.593,10.273,10.024,0.067,30.223,-2.944,0.000,-6.452,0,nan,nan,nan,0.000,16.668,1000.000,0.000,10.000,13.317,0.024,0,1,1,1,0,1.267,-7.719,1,0.024,31.438,-3.269,-1.782,-1.216,0.325,1.782,2.181
651,600.536,600,536000000,0,/drone1,SURVEILLANCE,1,2,3,-1,-1,-1,30.309,-4.354,10.076,0.055,nan,nan,nan,nan,0,nan,nan,nan,nan,nan,nan,0.000,nan,nan,nan,0,0,0,0,0,nan,nan,0,nan,nan,nan,nan,nan,nan,nan,nan
652,600.536,600,536000000,1,/drone2,TRACKING,0,-1,3,0,0,3,30.034,2.793,10.037,0.050,27.249,4.362,0.000,-6.456,1,28.548,3.612,10.000,1.973,10.533,-0.067,0.000,10.000,3.196,0.037,0,1,1,1,0,1.979,-8.435,1,0.020,31.417,4.726,-1.752,-4.168,-0.364,1.752,4.536
653,600.536,600,536000000,2,/drone3,TRACKING,0,-1,3,2,2,4,28.590,10.269,10.020,0.067,30.224,-2.933,0.000,-6.457,0,nan,nan,nan,0.000,16.654,1000.000,0.000,10.000,13.303,0.020,0,1,1,1,0,1.266,-7.723,1,0.020,31.437,-3.269,-1.726,-1.213,0.336,1.726,2.136
654,600.852,600,852000000,0,/drone1,SURVEILLANCE,1,2,3,-1,-1,-1,30.313,-4.356,10.077,0.055,nan,nan,nan,nan,0,nan,nan,nan,nan,nan,nan,0.000,nan,nan,nan,0,0,0,0,0,nan,nan,0,nan,nan,nan,nan,nan,nan,nan,nan
655,600.852,600,852000000,1,/drone2,TRACKING,0,-1,3,0,0,3,30.039,2.797,10.034,0.050,27.235,4.356,0.000,-6.461,1,28.534,3.606,10.000,1.971,10.535,-0.064,0.000,10.000,3.208,0.034,0,1,1,1,0,1.976,-8.437,1,0.012,31.416,4.727,-1.704,-4.181,-0.371,1.704,4.530
656,600.852,600,852000000,2,/drone3,TRACKING,0,-1,3,2,2,4,28.585,10.267,10.020,0.067,30.221,-2.917,0.000,-6.463,0,nan,nan,nan,0.000,16.640,1000.000,0.000,10.000,13.286,0.020,0,1,1,1,0,1.265,-7.728,1,0.012,31.436,-3.268,-1.683,-1.215,0.351,1.683,2.106
657,601.196,601,196000000,0,/drone1,SURVEILLANCE,1,2,3,-1,-1,-1,30.317,-4.364,10.075,0.055,nan,nan,nan,nan,0,nan,nan,nan,nan,nan,nan,0.000,nan,nan,nan,0,0,0,0,0,nan,nan,0,nan,nan,nan,nan,nan,nan,nan,nan
658,601.196,601,196000000,1,/drone2,TRACKING,0,-1,3,0,0,3,30.043,2.802,10.025,0.050,27.234,4.355,0.000,-6.456,1,28.533,3.605,10.000,1.974,10.526,-0.069,0.000,10.000,3.209,0.025,0,1,1,1,0,1.978,-8.434,1,0.032,31.416,4.727,-1.661,-4.182,-0.373,1.661,4.515
659,601.196,601,196000000,2,/drone3,TRACKING,0,-1,3,2,2,4,28.584,10.262,10.020,0.067,30.210,-2.897,0.000,-6.461,0,nan,nan,nan,0.000,16.619,1000.000,0.000,10.000,13.259,0.020,0,1,1,1,0,1.268,-7.729,1,0.032,31.436,-3.268,-1.646,-1.226,0.371,1.646,2.086
660,601.460,601,460000000,0,/drone1,SURVEILLANCE,1,2,3,-1,-1,-1,30.319,-4.372,10.072,0.055,nan,nan,nan,nan,0,nan,nan,nan,nan,nan,nan,0.000,nan,nan,nan,0,0,0,0,0,nan,nan,0,nan,nan,nan,nan,nan,nan,nan,nan
661,601.460,601,460000000,1,/drone2,TRACKING,0,-1,3,0,0,3,30.049,2.803,10.016,0.050,27.222,4.355,0.000,-6.458,1,28.521,3.605,10.000,1.974,10.522,-0.070,0.000,10.000,3.226,0.016,0,1,1,1,0,1.976,-8.434,1,0.008,31.416,4.728,-1.627,-4.194,-0.373,1.627,4.514
662,601.460,601,460000000,2,/drone3,TRACKING,0,-1,3,2,2,4,28.579,10.258,10.017,0.067,30.205,-2.887,0.000,-6.468,0,nan,nan,nan,0.000,16.607,1000.000,0.000,10.000,13.245,0.017,0,1,1,1,0,1.266,-7.735,1,0.008,31.436,-3.267,-1.620,-1.231,0.380,1.620,2.070
663,601.700,601,700000000,0,/drone1,SURVEILLANCE,1,2,3,-1,-1,-1,30.320,-4.379,10.068,0.055,nan,nan,nan,nan,0,nan,nan,nan,nan,nan,nan,0.000,nan,nan,nan,0,0,0,0,0,nan,nan,0,nan,nan,nan,nan,nan,nan,nan,nan
664,601.700,601,700000000,1,/drone2,TRACKING,0,-1,3,0,0,3,30.047,2.799,10.013,0.050,27.228,4.358,0.000,-6.460,1,28.527,3.608,10.000,1.974,10.518,-0.070,0.000,10.000,3.221,0.013,0,1,1,1,0,1.976,-8.436,1,0.032,31.416,4.728,-1.606,-4.188,-0.371,1.606,4.501
665,601.700,601,700000000,2,/drone3,TRACKING,0,-1,3,2,2,4,28.577,10.258,10.019,0.067,30.198,-2.887,0.000,-6.466,0,nan,nan,nan,0.000,16.607,1000.000,0.000,10.000,13.244,0.019,0,1,1,1,0,1.267,-7.733,1,0.032,31.437,-3.267,-1.604,-1.239,0.380,1.604,2.062
666,601.900,601,900000000,0,/drone1,SURVEILLANCE,1,2,3,-1,-1,-1,30.319,-4.386,10.066,0.055,nan,nan,nan,nan,0,nan,nan,nan,nan,nan,nan,0.000,nan,nan,nan,0,0,0,0,0,nan,nan,0,nan,nan,nan,nan,nan,nan,nan,nan
667,601.900,601,900000000,1,/drone2,TRACKING,0,-1,3,0,0,3,30.044,2.798,10.009,0.050,27.245,4.365,0.000,-6.448,1,28.544,3.615,10.000,1.981,10.510,-0.079,0.000,10.000,3.208,0.009,0,1,1,1,0,1.982,-8.430,1,0.016,31.416,4.729,-1.589,-4.171,-0.364,1.589,4.479
668,601.900,601,900000000,2,/drone3,TRACKING,0,-1,3,2,2,4,28.574,10.256,10.021,0.067,30.184,-2.902,0.000,-6.461,0,nan,nan,nan,0.000,16.618,1000.000,0.000,10.000,13.256,0.021,0,1,1,1,0,1.268,-7.729,1,0.016,31.437,-3.266,-1.592,-1.253,0.364,1.592,2.059
669,602.152,602,152000000,0,/drone1,SURVEILLANCE,1,2,3,-1,-1,-1,30.315,-4.389,10.072,0.055,nan,nan,nan,nan,0,nan,nan,nan,nan,nan,nan,0.000,nan,nan,nan,0,0,0,0,0,nan,nan,0,nan,nan,nan,nan,nan,nan,nan,nan
670,602.152,602,152000000,1,/drone2,TRACKING,0,-1,3,0,0,3,30.040,2.799,10.009,0.050,27.234,4.359,0.000,-6.464,1,28.533,3.609,10.000,1.973,10.511,-0.071,0.000,10.000,3.211,0.009,0,1,1,1,0,1.974,-8.438,1,0.016,31.417,4.730,-1.575,-4.183,-0.371,1.575,4.485
671,602.152,602,152000000,2,/drone3,TRACKING,0,-1,3,2,2,4,28.568,10.260,10.027,0.067,30.171,-2.914,0.000,-6.459,0,nan,nan,nan,0.000,16.633,1000.000,0.000,10.000,13.271,0.027,0,1,1,1,0,1.268,-7.726,1,0.016,31.438,-3.265,-1.583,-1.266,0.351,1.583,2.058
672,602.400,602,400000000,0,/drone1,SURVEILLANCE,1,2,3,-1,-1,-1,30.306,-4.393,10.079,0.055,nan,nan,nan,nan,0,nan,nan,nan,nan,nan,nan,0.000,nan,nan,nan,0,0,0,0,0,nan,nan,0,nan,nan,nan,nan,nan,nan,nan,nan
673,602.400,602,400000000,1,/drone2,TRACKING,0,-1,3,0,0,3,30.030,2.798,10.011,0.050,27.226,4.364,0.000,-6.458,1,28.525,3.614,10.000,1.975,10.514,-0.073,0.000,10.000,3.211,0.011,0,1,1,1,0,1.977,-8.435,1,0.012,31.417,4.730,-1.566,-4.191,-0.366,1.566,4.490
674,602.400,602,400000000,2,/drone3,TRACKING,0,-1,3,2,2,4,28.565,10.266,10.029,0.067,30.178,-2.920,0.000,-6.448,0,nan,nan,nan,0.000,16.645,1000.000,0.000,10.000,13.284,0.029,0,1,1,1,0,1.270,-7.718,1,0.012,31.439,-3.265,-1.581,-1.260,0.345,1.581,2.051
675,602.616,602,616000000,0,/drone1,SURVEILLANCE,1,2,3,-1,-1,-1,30.301,-4.397,10.081,0.055,nan,nan,nan,nan,0,nan,nan,nan,nan,nan,nan,0.000,nan,nan,nan,0,0,0,0,0,nan,nan,0,nan,nan,nan,nan,nan,nan,nan,nan
676,602.616,602,616000000,1,/drone2,TRACKING,0,-1,3,0,0,3,30.027,2.797,10.010,0.050,27.217,4.392,0.000,-6.384,1,28.516,3.642,10.000,2.009,10.519,-0.106,0.000,10.000,3.231,0.010,0,1,1,1,0,2.011,-8.394,1,0.012,31.418,4.731,-1.564,-4.201,-0.338,1.564,4.496
677,602.616,602,616000000,2,/drone3,TRACKING,0,-1,3,2,2,4,28.563,10.269,10.028,0.067,30.185,-2.926,0.000,-6.455,0,nan,nan,nan,0.000,16.652,1000.000,0.000,10.000,13.294,0.028,0,1,1,1,0,1.267,-7.722,1,0.012,31.439,-3.264,-1.583,-1.254,0.339,1.583,2.048
678,602.884,602,884000000,0,/drone1,SURVEILLANCE,1,2,3,-1,-1,-1,30.297,-4.402,10.080,0.055,nan,nan,nan,nan,0,nan,nan,nan,nan,nan,nan,0.000,nan,nan,nan,0,0,0,0,0,nan,nan,0,nan,nan,nan,nan,nan,nan,nan,nan
679,602.884,602,884000000,1,/drone2,TRACKING,0,-1,3,0,0,3,30.030,2.795,10.012,0.050,27.163,4.498,0.000,-6.060,1,28.462,3.748,10.000,2.160,10.553,-0.250,0.000,10.000,3.334,0.012,0,1,1,1,0,2.162,-8.223,1,0.028,31.419,4.731,-1.568,-4.256,-0.234,1.568,4.541
680,602.884,602,884000000,2,/drone3,TRACKING,0,-1,3,2,2,4,28.567,10.279,10.025,0.067,30.180,-2.931,0.000,-6.455,0,nan,nan,nan,0.000,16.662,1000.000,0.000,10.000,13.308,0.025,0,1,1,1,0,1.266,-7.722,1,0.028,31.440,-3.264,-1.592,-1.260,0.332,1.592,2.057
681,603.100,603,100000000,0,/drone1,SURVEILLANCE,1,2,3,-1,-1,-1,30.290,-4.407,10.074,0.055,nan,nan,nan,nan,0,nan,nan,nan,nan,nan,nan,0.000,nan,nan,nan,0,0,0,0,0,nan,nan,0,nan,nan,nan,nan,nan,nan,nan,nan
682,603.100,603,100000000,1,/drone2,TRACKING,0,-1,3,0,0,3,30.032,2.794,10.019,0.050,27.191,4.429,0.000,-6.309,1,28.490,3.679,10.000,2.043,10.541,-0.135,0.000,10.000,3.278,0.019,0,1,1,1,0,2.046,-8.355,1,0.028,31.419,4.732,-1.575,-4.228,-0.303,1.575,4.523
683,603.100,603,100000000,2,/drone3,TRACKING,0,-1,3,2,2,4,28.574,10.285,10.018,0.067,30.173,-2.933,0.000,-6.462,0,nan,nan,nan,0.000,16.662,1000.000,0.000,10.000,13.314,0.018,0,1,1,1,0,1.264,-7.726,1,0.028,31.440,-3.264,-1.603,-1.268,0.331,1.603,2.070
684,603.308,603,308000000,0,/drone1,SURVEILLANCE,1,2,3,-1,-1,-1,30.286,-4.409,10.070,0.055,nan,nan,nan,nan,0,nan,nan,nan,nan,nan,nan,0.000,nan,nan,nan,0,0,0,0,0,nan,nan,0,nan,nan,nan,nan,nan,nan,nan,nan
685,603.308,603,308000000,1,/drone2,TRACKING,0,-1,3,0,0,3,30.033,2.793,10.022,0.050,27.199,4.394,0.000,-6.414,1,28.498,3.644,10.000,1.993,10.538,-0.086,0.000,10.000,3.255,0.022,0,1,1,1,0,1.997,-8.411,1,0.020,31.420,4.732,-1.587,-4.221,-0.338,1.587,4.522
686,603.308,603,308000000,2,/drone3,TRACKING,0,-1,3,2,2,4,28.582,10.282,10.015,0.067,30.143,-2.945,0.000,-6.464,0,nan,nan,nan,0.000,16.664,1000.000,0.000,10.000,13.319,0.015,0,1,1,1,0,1.263,-7.727,1,0.020,31.441,-3.263,-1.618,-1.298,0.318,1.618,2.099
687,603.568,603,568000000,0,/drone1,SURVEILLANCE,1,2,3,-1,-1,-1,30.281,-4.413,10.074,0.055,nan,nan,nan,nan,0,nan,nan,nan,nan,nan,nan,0.000,nan,nan,nan,0,0,0,0,0,nan,nan,0,nan,nan,nan,nan,nan,nan,nan,nan
688,603.568,603,568000000,1,/drone2,TRACKING,0,-1,3,0,0,3,30.033,2.794,10.028,0.050,27.206,4.378,0.000,-6.441,1,28.505,3.628,10.000,1.980,10.539,-0.072,0.000,10.000,3.240,0.028,0,1,1,1,0,1.984,-8.425,1,0.028,31.420,4.732,-1.606,-4.214,-0.354,1.606,4.523
689,603.568,603,568000000,2,/drone3,TRACKING,0,-1,3,2,2,4,28.587,10.278,10.015,0.067,30.123,-2.959,0.000,-6.458,0,nan,nan,nan,0.000,16.669,1000.000,0.000,10.000,13.325,0.015,0,1,1,1,0,1.264,-7.723,1,0.028,31.441,-3.263,-1.640,-1.318,0.305,1.640,2.126
690,603.736,603,736000000,0,/drone1,SURVEILLANCE,1,2,3,-1,-1,-1,30.279,-4.419,10.074,0.055,nan,nan,nan,nan,0,nan,nan,nan,nan,nan,nan,0.000,nan,nan,nan,0,0,0,0,0,nan,nan,0,nan,nan,nan,nan,nan,nan,nan,nan
691,603.736,603,736000000,1,/drone2,TRACKING,0,-1,3,0,0,3,30.035,2.794,10.026,0.050,27.200,4.378,0.000,-6.446,1,28.499,3.628,10.000,1.978,10.538,-0.070,0.000,10.000,3.247,0.026,0,1,1,1,0,1.982,-8.427,1,0.016,31.420,4.732,-1.622,-4.220,-0.354,1.622,4.535
692,603.736,603,736000000,2,/drone3,TRACKING,0,-1,3,2,2,4,28.586,10.274,10.020,0.067,30.102,-2.974,0.000,-6.456,0,nan,nan,nan,0.000,16.679,1000.000,0.000,10.000,13.335,0.020,0,1,1,1,0,1.264,-7.721,1,0.016,31.441,-3.263,-1.658,-1.339,0.289,1.658,2.151
693,603.968,603,968000000,0,/drone1,SURVEILLANCE,1,2,3,-1,-1,-1,30.284,-4.421,10.070,0.055,nan,nan,nan,nan,0,nan,nan,nan,nan,nan,nan,0.000,nan,nan,nan,0,0,0,0,0,nan,nan,0,nan,nan,nan,nan,nan,nan,nan,nan
694,603.968,603,968000000,1,/drone2,TRACKING,0,-1,3,0,0,3,30.038,2.801,10.020,0.050,27.161,4.451,0.000,-6.214,1,28.460,3.701,10.000,2.085,10.554,-0.174,0.000,10.000,3.317,0.020,0,1,1,1,0,2.088,-8.302,1,0.032,31.420,4.732,-1.644,-4.260,-0.281,1.644,4.574
695,603.968,603,968000000,2,/drone3,TRACKING,0,-1,3,2,2,4,28.582,10.273,10.027,0.067,30.084,-2.986,0.000,-6.459,0,nan,nan,nan,0.000,16.692,1000.000,0.000,10.000,13.344,0.027,0,1,1,1,0,1.263,-7.722,1,0.032,31.441,-3.263,-1.682,-1.357,0.277,1.682,2.179
696,604.356,604,356000000,0,/drone1,SURVEILLANCE,1,2,3,-1,-1,-1,30.289,-4.416,10.066,0.055,nan,nan,nan,nan,0,nan,nan,nan,nan,nan,nan,0.000,nan,nan,nan,0,0,0,0,0,nan,nan,0,nan,nan,nan,nan,nan,nan,nan,nan
697,604.356,604,356000000,1,/drone2,TRACKING,0,-1,3,0,0,3,30.038,2.808,10.006,0.050,27.175,4.395,0.000,-6.370,1,28.474,3.645,10.000,2.016,10.527,-0.110,0.000,10.000,3.274,0.006,0,1,1,1,0,2.017,-8.387,1,0.024,31.419,4.732,-1.691,-4.245,-0.336,1.691,4.581
698,604.356,604,356000000,2,/drone3,TRACKING,0,-1,3,2,2,4,28.568,10.278,10.027,0.067,30.071,-3.002,0.000,-6.460,0,nan,nan,nan,0.000,16.707,1000.000,0.000,10.000,13.364,0.027,0,1,1,1,0,1.261,-7.721,1,0.024,31.440,-3.264,-1.729,-1.369,0.262,1.729,2.221
699,604.728,604,728000000,0,/drone1,SURVEILLANCE,1,2,3,-1,-1,-1,30.288,-4.411,10.062,0.055,nan,nan,nan,nan,0,nan,nan,nan,nan,nan,nan,0.000,nan,nan,nan,0,0,0,0,0,nan,nan,0,nan,nan,nan,nan,nan,nan,nan,nan
700,604.728,604,728000000,1,/drone2,TRACKING,0,-1,3,0,0,3,30.036,2.805,10.000,0.050,27.171,4.356,0.000,-6.446,1,28.470,3.606,10.000,1.981,10.518,-0.077,0.000,10.000,3.257,0.000,0,1,1,1,0,1.981,-8.427,1,0.000,31.418,4.731,-1.742,-4.246,-0.375,1.742,4.605
701,604.728,604,728000000,2,/drone3,TRACKING,0,-1,3,2,2,4,28.567,10.275,10.015,0.067,30.057,-3.020,0.000,-6.452,0,nan,nan,nan,0.000,16.712,1000.000,0.000,10.000,13.379,0.015,0,1,1,1,0,1.263,-7.715,1,0.000,31.438,-3.265,-1.778,-1.380,0.245,1.778,2.264
702,605.160,605,160000000,0,/drone1,SURVEILLANCE,1,2,3,-1,-1,-1,30.279,-4.415,10.064,0.055,nan,nan,nan,nan,0,nan,nan,nan,nan,nan,nan,0.000,nan,nan,nan,0,0,0,0,0,nan,nan,0,nan,nan,nan,nan,nan,nan,nan,nan
703,605.160,605,160000000,1,/drone2,TRACKING,0,-1,3,0,0,3,30.037,2.789,10.002,0.050,27.155,4.346,0.000,-6.451,1,28.454,3.596,10.000,1.977,10.525,-0.072,0.000,10.000,3.276,0.002,0,1,1,1,0,1.977,-8.428,1,0.000,31.415,4.729,-1.798,-4.260,-0.383,1.798,4.639
704,605.160,605,160000000,2,/drone3,TRACKING,0,-1,3,2,2,4,28.567,10.267,10.009,0.067,30.050,-3.049,0.000,-6.459,0,nan,nan,nan,0.000,16.724,1000.000,0.000,10.000,13.399,0.009,0,1,1,1,0,1.259,-7.718,1,0.000,31.434,-3.266,-1.829,-1.384,0.217,1.829,2.304
705,605.552,605,552000000,0,/drone1,SURVEILLANCE,1,2,3,-1,-1,-1,30.270,-4.424,10.062,0.055,nan,nan,nan,nan,0,nan,nan,nan,nan,nan,nan,0.000,nan,nan,nan,0,0,0,0,0,nan,nan,0,nan,nan,nan,nan,nan,nan,nan,nan
706,605.552,605,552000000,1,/drone2,TRACKING,0,-1,3,0,0,3,30.041,2.783,10.000,0.050,27.174,4.338,0.000,-6.451,1,28.473,3.588,10.000,1.978,10.519,-0.074,0.000,10.000,3.262,0.000,0,1,1,1,0,1.978,-8.429,1,0.032,31.412,4.728,-1.841,-4.238,-0.390,1.841,4.637
707,605.552,605,552000000,2,/drone3,TRACKING,0,-1,3,2,2,4,28.567,10.260,10.009,0.067,30.061,-3.038,0.000,-6.467,0,nan,nan,nan,0.000,16.711,1000.000,0.000,10.000,13.381,0.009,0,1,1,1,0,1.258,-7.725,1,0.032,31.431,-3.268,-1.867,-1.370,0.230,1.867,2.327
708,605.948,605,948000000,0,/drone1,SURVEILLANCE,1,2,3,-1,-1,-1,30.275,-4.428,10.060,0.055,nan,nan,nan,nan,0,nan,nan,nan,nan,nan,nan,0.000,nan,nan,nan,0,0,0,0,0,nan,nan,0,nan,nan,nan,nan,nan,nan,nan,nan
709,605.948,605,948000000,1,/drone2,TRACKING,0,-1,3,0,0,3,30.042,2.792,10.002,0.050,27.195,4.333,0.000,-6.453,1,28.494,3.583,10.000,1.978,10.513,-0.075,0.000,10.000,3.237,0.002,0,1,1,1,0,1.978,-8.431,1,0.032,31.407,4.726,-1.882,-4.212,-0.393,1.882,4.630
710,605.948,605,948000000,2,/drone3,TRACKING,0,-1,3,2,2,4,28.573,10.252,10.011,0.067,30.084,-3.024,0.000,-6.464,0,nan,nan,nan,0.000,16.696,1000.000,0.000,10.000,13.362,0.011,0,1,1,1,0,1.260,-7.724,1,0.032,31.427,-3.270,-1.899,-1.343,0.246,1.899,2.339
711,606.376,606,376000000,0,/drone1,SURVEILLANCE,1,2,3,-1,-1,-1,30.283,-4.427,10.059,0.055,nan,nan,nan,nan,0,nan,nan,nan,nan,nan,nan,0.000,nan,nan,nan,0,0,0,0,0,nan,nan,0,nan,nan,nan,nan,nan,nan,nan,nan
712,606.376,606,376000000,1,/drone2,TRACKING,0,-1,3,0,0,3,30.041,2.796,10.012,0.050,27.209,4.326,0.000,-6.455,1,28.508,3.576,10.000,1.976,10.517,-0.073,0.000,10.000,3.219,0.012,0,1,1,1,0,1.978,-8.433,1,0.028,31.402,4.724,-1.914,-4.194,-0.397,1.914,4.627
713,606.376,606,376000000,2,/drone3,TRACKING,0,-1,3,2,2,4,28.581,10.250,10.022,0.067,30.078,-3.036,0.000,-6.460,0,nan,nan,nan,0.000,16.709,1000.000,0.000,10.000,13.370,0.022,0,1,1,1,0,1.261,-7.721,1,0.028,31.422,-3.272,-1.922,-1.343,0.236,1.922,2.357
714,606.800,606,800000000,0,/drone1,SURVEILLANCE,1,2,3,-1,-1,-1,30.288,-4.429,10.055,0.055,nan,nan,nan,nan,0,nan,nan,nan,nan,nan,nan,0.000,nan,nan,nan,0,0,0,0,0,nan,nan,0,nan,nan,nan,nan,nan,nan,nan,nan
715,606.800,606,800000000,1,/drone2,TRACKING,0,-1,3,0,0,3,30.045,2.790,10.019,0.050,27.227,4.328,0.000,-6.461,1,28.526,3.578,10.000,1.973,10.521,-0.069,0.000,10.000,3.211,0.019,0,1,1,1,0,1.976,-8.437,1,0.020,31.397,4.721,-1.932,-4.170,-0.393,1.932,4.613
716,606.800,606,800000000,2,/drone3,TRACKING,0,-1,3,2,2,4,28.575,10.266,10.028,0.067,30.073,-3.037,0.000,-6.460,0,nan,nan,nan,0.000,16.726,1000.000,0.000,10.000,13.386,0.028,0,1,1,1,0,1.259,-7.720,1,0.020,31.416,-3.275,-1.929,-1.343,0.238,1.929,2.362
717,607.180,607,180000000,0,/drone1,SURVEILLANCE,1,2,3,-1,-1,-1,30.287,-4.436,10.058,0.055,nan,nan,nan,nan,0,nan,nan,nan,nan,nan,nan,0.000,nan,nan,nan,0,0,0,0,0,nan,nan,0,nan,nan,nan,nan,nan,nan,nan,nan
718,607.180,607,180000000,1,/drone2,TRACKING,0,-1,3,0,0,3,30.047,2.785,10.022,0.050,27.213,4.335,0.000,-6.462,1,28.512,3.585,10.000,1.971,10.530,-0.065,0.000,10.000,3.230,0.022,0,1,1,1,0,1.974,-8.436,1,0.004,31.392,4.719,-1.934,-4.178,-0.384,1.934,4.620
719,607.180,607,180000000,2,/drone3,TRACKING,0,-1,3,2,2,4,28.576,10.275,10.034,0.067,30.079,-3.043,0.000,-6.460,0,nan,nan,nan,0.000,16.742,1000.000,0.000,10.000,13.403,0.034,0,1,1,1,0,1.259,-7.718,1,0.004,31.412,-3.277,-1.921,-1.333,0.233,1.921,2.350
720,607.432,607,432000000,0,/drone1,SURVEILLANCE,1,2,3,-1,-1,-1,30.281,-4.438,10.061,0.055,nan,nan,nan,nan,0,nan,nan,nan,nan,nan,nan,0.000,nan,nan,nan,0,0,0,0,0,nan,nan,0,nan,nan,nan,nan,nan,nan,nan,nan
721,607.432,607,432000000,1,/drone2,TRACKING,0,-1,3,0,0,3,30.053,2.787,10.021,0.050,27.211,4.343,0.000,-6.463,1,28.510,3.593,10.000,1.970,10.532,-0.064,0.000,10.000,3.240,0.021,0,1,1,1,0,1.973,-8.436,1,0.004,31.389,4.718,-1.927,-4.178,-0.375,1.927,4.616
722,607.432,607,432000000,2,/drone3,TRACKING,0,-1,3,2,2,4,28.573,10.278,10.037,0.067,30.082,-3.043,0.000,-6.459,0,nan,nan,nan,0.000,16.747,1000.000,0.000,10.000,13.406,0.037,0,1,1,1,0,1.258,-7.718,1,0.004,31.409,-3.278,-1.909,-1.327,0.234,1.909,2.337
723,607.716,607,716000000,0,/drone1,SURVEILLANCE,1,2,3,-1,-1,-1,30.280,-4.436,10.061,0.055,nan,nan,nan,nan,0,nan,nan,nan,nan,nan,nan,0.000,nan,nan,nan,0,0,0,0,0,nan,nan,0,nan,nan,nan,nan,nan,nan,nan,nan
724,607.716,607,716000000,1,/drone2,TRACKING,0,-1,3,0,0,3,30.058,2.787,10.015,0.050,27.217,4.349,0.000,-6.454,1,28.517,3.599,10.000,1.975,10.527,-0.070,0.000,10.000,3.242,0.015,0,1,1,1,0,1.978,-8.431,1,0.000,31.385,4.717,-1.914,-4.168,-0.368,1.914,4.601
725,607.716,607,716000000,2,/drone3,TRACKING,0,-1,3,2,2,4,28.573,10.274,10.045,0.067,30.089,-3.053,0.000,-6.457,0,nan,nan,nan,0.000,16.757,1000.000,0.000,10.000,13.413,0.045,0,1,1,1,0,1.259,-7.716,1,0.000,31.406,-3.279,-1.890,-1.317,0.226,1.890,2.314
726,608.100,608,100000000,0,/drone1,SURVEILLANCE,1,2,3,-1,-1,-1,30.288,-4.429,10.056,0.055,nan,nan,nan,nan,0,nan,nan,nan,nan,nan,nan,0.000,nan,nan,nan,0,0,0,0,0,nan,nan,0,nan,nan,nan,nan,nan,nan,nan,nan
727,608.100,608,100000000,1,/drone2,TRACKING,0,-1,3,0,0,3,30.056,2.787,10.015,0.050,27.224,4.359,0.000,-6.408,1,28.523,3.609,10.000,1.997,10.526,-0.092,0.000,10.000,3.239,0.015,0,1,1,1,0,1.999,-8.407,1,0.024,31.382,4.715,-1.888,-4.158,-0.356,1.888,4.580
728,608.100,608,100000000,2,/drone3,TRACKING,0,-1,3,2,2,4,28.571,10.267,10.048,0.067,30.086,-3.071,0.000,-6.458,0,nan,nan,nan,0.000,16.768,1000.000,0.000,10.000,13.424,0.048,0,1,1,1,0,1.258,-7.716,1,0.024,31.403,-3.281,-1.858,-1.316,0.210,1.858,2.287
729,608.300,608,300000000,0,/drone1,SURVEILLANCE,1,2,3,-1,-1,-1,30.288,-4.425,10.058,0.055,nan,nan,nan,nan,0,nan,nan,nan,nan,nan,nan,0.000,nan,nan,nan,0,0,0,0,0,nan,nan,0,nan,nan,nan,nan,nan,nan,nan,nan
730,608.300,608,300000000,1,/drone2,TRACKING,0,-1,3,0,0,3,30.051,2.789,10.014,0.050,27.239,4.347,0.000,-6.443,1,28.538,3.597,10.000,1.982,10.518,-0.079,0.000,10.000,3.214,0.014,0,1,1,1,0,1.984,-8.427,1,0.008,31.380,4.714,-1.869,-4.140,-0.368,1.869,4.558
731,608.300,608,300000000,2,/drone3,TRACKING,0,-1,3,2,2,4,28.573,10.264,10.046,0.067,30.108,-3.038,0.000,-6.462,0,nan,nan,nan,0.000,16.740,1000.000,0.000,10.000,13.390,0.046,0,1,1,1,0,1.259,-7.721,1,0.008,31.401,-3.281,-1.836,-1.293,0.244,1.836,2.259
732,608.588,608,588000000,0,/drone1,SURVEILLANCE,1,2,3,-1,-1,-1,30.284,-4.418,10.062,0.055,nan,nan,nan,nan,0,nan,nan,nan,nan,nan,nan,0.000,nan,nan,nan,0,0,0,0,0,nan,nan,0,nan,nan,nan,nan,nan,nan,nan,nan
733,608.588,608,588000000,1,/drone2,TRACKING,0,-1,3,0,0,3,30.047,2.792,10.012,0.050,27.220,4.339,0.000,-6.449,1,28.519,3.589,10.000,1.979,10.518,-0.076,0.000,10.000,3.223,0.012,0,1,1,1,0,1.981,-8.430,1,0.008,31.377,4.713,-1.839,-4.158,-0.375,1.839,4.562
734,608.588,608,588000000,2,/drone3,TRACKING,0,-1,3,2,2,4,28.571,10.260,10.044,0.067,30.113,-3.029,0.000,-6.467,0,nan,nan,nan,0.000,16.729,1000.000,0.000,10.000,13.378,0.044,0,1,1,1,0,1.258,-7.725,1,0.008,31.399,-3.282,-1.803,-1.286,0.254,1.803,2.229
735,608.800,608,800000000,0,/drone1,SURVEILLANCE,1,2,3,-1,-1,-1,30.280,-4.419,10.068,0.055,nan,nan,nan,nan,0,nan,nan,nan,nan,nan,nan,0.000,nan,nan,nan,0,0,0,0,0,nan,nan,0,nan,nan,nan,nan,nan,nan,nan,nan
736,608.800,608,800000000,1,/drone2,TRACKING,0,-1,3,0,0,3,30.045,2.795,10.010,0.050,27.189,4.334,0.000,-6.447,1,28.488,3.584,10.000,1.979,10.522,-0.075,0.000,10.000,3.245,0.010,0,1,1,1,0,1.981,-8.428,1,0.004,31.376,4.713,-1.815,-4.187,-0.379,1.815,4.579
737,608.800,608,800000000,2,/drone3,TRACKING,0,-1,3,2,2,4,28.569,10.261,10.042,0.067,30.126,-3.004,0.000,-6.460,0,nan,nan,nan,0.000,16.710,1000.000,0.000,10.000,13.356,0.042,0,1,1,1,0,1.261,-7.722,1,0.004,31.398,-3.283,-1.778,-1.272,0.279,1.778,2.203
738,609.028,609,28000000,0,/drone1,SURVEILLANCE,1,2,3,-1,-1,-1,30.280,-4.423,10.071,0.055,nan,nan,nan,nan,0,nan,nan,nan,nan,nan,nan,0.000,nan,nan,nan,0,0,0,0,0,nan,nan,0,nan,nan,nan,nan,nan,nan,nan,nan
739,609.028,609,28000000,1,/drone2,TRACKING,0,-1,3,0,0,3,30.043,2.794,10.010,0.050,27.177,4.330,0.000,-6.469,1,28.476,3.580,10.000,1.968,10.525,-0.063,0.000,10.000,3.252,0.010,0,1,1,1,0,1.970,-8.439,1,0.016,31.375,4.712,-1.790,-4.198,-0.383,1.790,4.580
740,609.028,609,28000000,2,/drone3,TRACKING,0,-1,3,2,2,4,28.566,10.265,10.040,0.067,30.120,-2.998,0.000,-6.452,0,nan,nan,nan,0.000,16.707,1000.000,0.000,10.000,13.353,0.040,0,1,1,1,0,1.264,-7.716,1,0.016,31.397,-3.283,-1.752,-1.277,0.285,1.752,2.186
741,609.300,609,300000000,0,/drone1,SURVEILLANCE,1,2,3,-1,-1,-1,30.281,-4.429,10.074,0.055,nan,nan,nan,nan,0,nan,nan,nan,nan,nan,nan,0.000,nan,nan,nan,0,0,0,0,0,nan,nan,0,nan,nan,nan,nan,nan,nan,nan,nan
742,609.300,609,300000000,1,/drone2,TRACKING,0,-1,3,0,0,3,30.041,2.795,10.015,0.050,27.191,4.329,0.000,-6.462,1,28.490,3.579,10.000,1.972,10.525,-0.067,0.000,10.000,3.237,0.015,0,1,1,1,0,1.974,-8.436,1,0.036,31.374,4.712,-1.759,-4.183,-0.383,1.759,4.554
743,609.300,609,300000000,2,/drone3,TRACKING,0,-1,3,2,2,4,28.563,10.265,10.031,0.067,30.104,-3.001,0.000,-6.459,0,nan,nan,nan,0.000,16.703,1000.000,0.000,10.000,13.356,0.031,0,1,1,1,0,1.262,-7.721,1,0.036,31.396,-3.283,-1.721,-1.292,0.282,1.721,2.171
744,609.676,609,676000000,0,/drone1,SURVEILLANCE,1,2,3,-1,-1,-1,30.289,-4.435,10.077,0.055,nan,nan,nan,nan,0,nan,nan,nan,nan,nan,nan,0.000,nan,nan,nan,0,0,0,0,0,nan,nan,0,nan,nan,nan,nan,nan,nan,nan,nan
745,609.676,609,676000000,1,/drone2,TRACKING,0,-1,3,0,0,3,30.039,2.798,10.021,0.050,27.197,4.337,0.000,-6.461,1,28.496,3.587,10.000,1.972,10.529,-0.066,0.000,10.000,3.232,0.021,0,1,1,1,0,1.975,-8.436,1,0.016,31.373,4.712,-1.713,-4.176,-0.375,1.713,4.529
746,609.676,609,676000000,2,/drone3,TRACKING,0,-1,3,2,2,4,28.566,10.268,10.021,0.067,30.079,-3.022,0.000,-6.465,0,nan,nan,nan,0.000,16.714,1000.000,0.000,10.000,13.376,0.021,0,1,1,1,0,1.259,-7.724,1,0.016,31.396,-3.284,-1.677,-1.317,0.262,1.677,2.148
747,609.908,609,908000000,0,/drone1,SURVEILLANCE,1,2,3,-1,-1,-1,30.285,-4.440,10.071,0.055,nan,nan,nan,nan,0,nan,nan,nan,nan,nan,nan,0.000,nan,nan,nan,0,0,0,0,0,nan,nan,0,nan,nan,nan,nan,nan,nan,nan,nan
748,609.908,609,908000000,1,/drone2,TRACKING,0,-1,3,0,0,3,30.034,2.796,10.023,0.050,27.191,4.348,0.000,-6.461,1,28.490,3.598,10.000,1.971,10.533,-0.064,0.000,10.000,3.239,0.023,0,1,1,1,0,1.974,-8.435,1,0.032,31.372,4.712,-1.689,-4.182,-0.364,1.689,4.525
749,609.908,609,908000000,2,/drone3,TRACKING,0,-1,3,2,2,4,28.568,10.273,10.020,0.067,30.075,-3.008,0.000,-6.461,0,nan,nan,nan,0.000,16.705,1000.000,0.000,10.000,13.366,0.020,0,1,1,1,0,1.261,-7.721,1,0.032,31.396,-3.284,-1.656,-1.320,0.276,1.656,2.136
750,610.204,610,204000000,0,/drone1,SURVEILLANCE,1,2,3,-1,-1,-1,30.283,-4.444,10.071,0.055,nan,nan,nan,nan,0,nan,nan,nan,nan,nan,nan,0.000,nan,nan,nan,0,0,0,0,0,nan,nan,0,nan,nan,nan,nan,nan,nan,nan,nan
751,610.204,610,204000000,1,/drone2,TRACKING,0,-1,3,0,0,3,30.028,2.797,10.023,0.050,27.177,4.355,0.000,-6.458,1,28.476,3.605,10.000,1.972,10.537,-0.064,0.000,10.000,3.249,0.023,0,1,1,1,0,1.975,-8.433,1,0.004,31.372,4.712,-1.657,-4.195,-0.357,1.657,4.525
752,610.204,610,204000000,2,/drone3,TRACKING,0,-1,3,2,2,4,28.566,10.272,10.016,0.067,30.084,-2.995,0.000,-6.453,0,nan,nan,nan,0.000,16.693,1000.000,0.000,10.000,13.354,0.016,0,1,1,1,0,1.264,-7.717,1,0.004,31.396,-3.283,-1.628,-1.312,0.289,1.628,2.111
753,610.600,610,600000000,0,/drone1,SURVEILLANCE,1,2,3,-1,-1,-1,30.273,-4.442,10.074,0.055,nan,nan,nan,nan,0,nan,nan,nan,nan,nan,nan,0.000,nan,nan,nan,0,0,0,0,0,nan,nan,0,nan,nan,nan,nan,nan,nan,nan,nan
754,610.600,610,600000000,1,/drone2,TRACKING,0,-1,3,0,0,3,30.028,2.799,10.024,0.050,27.133,4.361,0.000,-6.461,1,28.432,3.611,10.000,1.969,10.550,-0.059,0.000,10.000,3.289,0.024,0,1,1,1,0,1.972,-8.433,1,0.004,31.373,4.713,-1.626,-4.240,-0.352,1.626,4.555
755,610.600,610,600000000,2,/drone3,TRACKING,0,-1,3,2,2,4,28.565,10.284,10.015,0.067,30.089,-3.000,0.000,-6.452,0,nan,nan,nan,0.000,16.706,1000.000,0.000,10.000,13.371,0.015,0,1,1,1,0,1.263,-7.715,1,0.004,31.397,-3.283,-1.605,-1.309,0.283,1.605,2.090
756,610.984,610,984000000,0,/drone1,SURVEILLANCE,1,2,3,-1,-1,-1,30.266,-4.444,10.068,0.055,nan,nan,nan,nan,0,nan,nan,nan,nan,nan,nan,0.000,nan,nan,nan,0,0,0,0,0,nan,nan,0,nan,nan,nan,nan,nan,nan,nan,nan
757,610.984,610,984000000,1,/drone2,TRACKING,0,-1,3,0,0,3,30.027,2.803,10.020,0.050,27.119,4.360,0.000,-6.458,1,28.418,3.610,10.000,1.970,10.549,-0.060,0.000,10.000,3.298,0.020,0,1,1,1,0,1.973,-8.431,1,0.028,31.374,4.713,-1.608,-4.255,-0.354,1.608,4.562
758,610.984,610,984000000,2,/drone3,TRACKING,0,-1,3,2,2,4,28.573,10.291,10.024,0.067,30.086,-3.004,0.000,-6.463,0,nan,nan,nan,0.000,16.719,1000.000,0.000,10.000,13.381,0.024,0,1,1,1,0,1.259,-7.722,1,0.028,31.399,-3.282,-1.594,-1.313,0.278,1.594,2.084
759,611.392,611,392000000,0,/drone1,SURVEILLANCE,1,2,3,-1,-1,-1,30.259,-4.444,10.069,0.055,nan,nan,nan,nan,0,nan,nan,nan,nan,nan,nan,0.000,nan,nan,nan,0,0,0,0,0,nan,nan,0,nan,nan,nan,nan,nan,nan,nan,nan
760,611.392,611,392000000,1,/drone2,TRACKING,0,-1,3,0,0,3,30.024,2.799,10.018,0.050,27.149,4.365,0.000,-6.458,1,28.448,3.615,10.000,1.971,10.540,-0.063,0.000,10.000,3.273,0.018,0,1,1,1,0,1.974,-8.432,1,0.004,31.376,4.714,-1.600,-4.226,-0.349,1.600,4.533
761,611.392,611,392000000,2,/drone3,TRACKING,0,-1,3,2,2,4,28.582,10.282,10.027,0.067,30.080,-3.009,0.000,-6.461,0,nan,nan,nan,0.000,16.716,1000.000,0.000,10.000,13.375,0.027,0,1,1,1,0,1.260,-7.721,1,0.004,31.400,-3.281,-1.597,-1.321,0.272,1.597,2.090
762,611.792,611,792000000,0,/drone1,SURVEILLANCE,1,2,3,-1,-1,-1,30.260,-4.446,10.067,0.055,nan,nan,nan,nan,0,nan,nan,nan,nan,nan,nan,0.000,nan,nan,nan,0,0,0,0,0,nan,nan,0,nan,nan,nan,nan,nan,nan,nan,nan
763,611.792,611,792000000,1,/drone2,TRACKING,0,-1,3,0,0,3,30.009,2.787,10.022,0.050,27.169,4.362,0.000,-6.457,1,28.468,3.612,10.000,1.972,10.535,-0.065,0.000,10.000,3.248,0.022,0,1,1,1,0,1.976,-8.433,1,0.008,31.377,4.715,-1.608,-4.208,-0.353,1.608,4.519
764,611.792,611,792000000,2,/drone3,TRACKING,0,-1,3,2,2,4,28.589,10.267,10.019,0.067,30.042,-3.026,0.000,-6.460,0,nan,nan,nan,0.000,16.709,1000.000,0.000,10.000,13.372,0.019,0,1,1,1,0,1.261,-7.720,1,0.008,31.402,-3.280,-1.613,-1.361,0.254,1.613,2.126
765,612.188,612,188000000,0,/drone1,SURVEILLANCE,1,2,3,-1,-1,-1,30.268,-4.437,10.072,0.055,nan,nan,nan,nan,0,nan,nan,nan,nan,nan,nan,0.000,nan,nan,nan,0,0,0,0,0,nan,nan,0,nan,nan,nan,nan,nan,nan,nan,nan
766,612.188,612,188000000,1,/drone2,TRACKING,0,-1,3,0,0,3,30.006,2.778,10.020,0.050,27.162,4.354,0.000,-6.463,1,28.462,3.604,10.000,1.970,10.535,-0.063,0.000,10.000,3.251,0.020,0,1,1,1,0,1.973,-8.436,1,0.008,31.379,4.716,-1.628,-4.216,-0.362,1.628,4.534
767,612.188,612,188000000,2,/drone3,TRACKING,0,-1,3,2,2,4,28.588,10.267,10.011,0.067,30.019,-3.031,0.000,-6.464,0,nan,nan,nan,0.000,16.707,1000.000,0.000,10.000,13.375,0.011,0,1,1,1,0,1.259,-7.723,1,0.008,31.404,-3.280,-1.643,-1.384,0.248,1.643,2.163
768,612.500,612,500000000,0,/drone1,SURVEILLANCE,1,2,3,-1,-1,-1,30.273,-4.440,10.081,0.055,nan,nan,nan,nan,0,nan,nan,nan,nan,nan,nan,0.000,nan,nan,nan,0,0,0,0,0,nan,nan,0,nan,nan,nan,nan,nan,nan,nan,nan
769,612.500,612,500000000,1,/drone2,TRACKING,0,-1,3,0,0,3,30.017,2.779,10.021,0.050,27.156,4.353,0.000,-6.448,1,28.455,3.603,10.000,1.976,10.540,-0.068,0.000,10.000,3.266,0.021,0,1,1,1,0,1.979,-8.427,1,0.032,31.380,4.717,-1.650,-4.224,-0.363,1.650,4.549
770,612.500,612,500000000,2,/drone3,TRACKING,0,-1,3,2,2,4,28.580,10.277,10.018,0.067,30.018,-3.030,0.000,-6.452,0,nan,nan,nan,0.000,16.718,1000.000,0.000,10.000,13.384,0.018,0,1,1,1,0,1.262,-7.715,1,0.032,31.404,-3.279,-1.671,-1.386,0.250,1.671,2.185
771,612.900,612,900000000,0,/drone1,SURVEILLANCE,1,2,3,-1,-1,-1,30.273,-4.441,10.079,0.055,nan,nan,nan,nan,0,nan,nan,nan,nan,nan,nan,0.000,nan,nan,nan,0,0,0,0,0,nan,nan,0,nan,nan,nan,nan,nan,nan,nan,nan
772,612.900,612,900000000,1,/drone2,TRACKING,0,-1,3,0,0,3,30.019,2.784,10.024,0.050,27.127,4.345,0.000,-6.461,1,28.426,3.595,10.000,1.968,10.549,-0.059,0.000,10.000,3.287,0.024,0,1,1,1,0,1.972,-8.433,1,0.036,31.380,4.717,-1.690,-4.253,-0.372,1.690,4.592
773,612.900,612,900000000,2,/drone3,TRACKING,0,-1,3,2,2,4,28.581,10.278,10.027,0.067,30.027,-3.028,0.000,-6.465,0,nan,nan,nan,0.000,16.724,1000.000,0.000,10.000,13.385,0.027,0,1,1,1,0,1.258,-7.723,1,0.036,31.405,-3.279,-1.717,-1.377,0.250,1.717,2.215
774,613.288,613,288000000,0,/drone1,SURVEILLANCE,1,2,3,-1,-1,-1,30.275,-4.447,10.071,0.055,nan,nan,nan,nan,0,nan,nan,nan,nan,nan,nan,0.000,nan,nan,nan,0,0,0,0,0,nan,nan,0,nan,nan,nan,nan,nan,nan,nan,nan
775,613.288,613,288000000,1,/drone2,TRACKING,0,-1,3,0,0,3,30.027,2.786,10.020,0.050,27.149,4.334,0.000,-6.446,1,28.448,3.584,10.000,1.977,10.539,-0.069,0.000,10.000,3.268,0.020,0,1,1,1,0,1.980,-8.426,1,0.028,31.380,4.717,-1.736,-4.231,-0.384,1.736,4.589
776,613.288,613,288000000,2,/drone3,TRACKING,0,-1,3,2,2,4,28.585,10.270,10.030,0.067,30.042,-3.040,0.000,-6.460,0,nan,nan,nan,0.000,16.730,1000.000,0.000,10.000,13.390,0.030,0,1,1,1,0,1.259,-7.720,1,0.028,31.404,-3.279,-1.768,-1.362,0.238,1.768,2.244
777,613.700,613,700000000,0,/drone1,SURVEILLANCE,1,2,3,-1,-1,-1,30.273,-4.450,10.064,0.055,nan,nan,nan,nan,0,nan,nan,nan,nan,nan,nan,0.000,nan,nan,nan,0,0,0,0,0,nan,nan,0,nan,nan,nan,nan,nan,nan,nan,nan
778,613.700,613,700000000,1,/drone2,TRACKING,0,-1,3,0,0,3,30.041,2.794,10.016,0.050,27.163,4.318,0.000,-6.448,1,28.462,3.568,10.000,1.977,10.532,-0.071,0.000,10.000,3.257,0.016,0,1,1,1,0,1.980,-8.427,1,0.008,31.379,4.717,-1.790,-4.216,-0.399,1.790,4.598
779,613.700,613,700000000,2,/drone3,TRACKING,0,-1,3,2,2,4,28.583,10.265,10.023,0.067,30.043,-3.070,0.000,-6.460,0,nan,nan,nan,0.000,16.745,1000.000,0.000,10.000,13.414,0.023,0,1,1,1,0,1.258,-7.718,1,0.008,31.402,-3.279,-1.825,-1.360,0.209,1.825,2.285
780,613.936,613,936000000,0,/drone1,SURVEILLANCE,1,2,3,-1,-1,-1,30.274,-4.447,10.061,0.055,nan,nan,nan,nan,0,nan,nan,nan,nan,nan,nan,0.000,nan,nan,nan,0,0,0,0,0,nan,nan,0,nan,nan,nan,nan,nan,nan,nan,nan
781,613.936,613,936000000,1,/drone2,TRACKING,0,-1,3,0,0,3,30.045,2.796,10.015,0.050,27.176,4.309,0.000,-6.470,1,28.476,3.559,10.000,1.968,10.527,-0.062,0.000,10.000,3.243,0.015,0,1,1,1,0,1.970,-8.440,1,0.028,31.378,4.717,-1.817,-4.202,-0.408,1.817,4.596
782,613.936,613,936000000,2,/drone3,TRACKING,0,-1,3,2,2,4,28.576,10.263,10.019,0.067,30.039,-3.106,0.000,-6.461,0,nan,nan,nan,0.000,16.771,1000.000,0.000,10.000,13.449,0.019,0,1,1,1,0,1.255,-7.716,1,0.028,31.401,-3.279,-1.852,-1.363,0.173,1.852,2.306
783,614.200,614,200000000,0,/drone1,SURVEILLANCE,1,2,3,-1,-1,-1,30.267,-4.447,10.061,0.055,nan,nan,nan,nan,0,nan,nan,nan,nan,nan,nan,0.000,nan,nan,nan,0,0,0,0,0,nan,nan,0,nan,nan,nan,nan,nan,nan,nan,nan
784,614.200,614,200000000,1,/drone2,TRACKING,0,-1,3,0,0,3,30.049,2.797,10.019,0.050,27.168,4.308,0.000,-6.465,1,28.467,3.558,10.000,1.969,10.534,-0.062,0.000,10.000,3.253,0.019,0,1,1,1,0,1.972,-8.437,1,0.004,31.376,4.716,-1.852,-4.209,-0.408,1.852,4.616
785,614.200,614,200000000,2,/drone3,TRACKING,0,-1,3,2,2,4,28.562,10.260,10.017,0.067,30.039,-3.112,0.000,-6.470,0,nan,nan,nan,0.000,16.773,1000.000,0.000,10.000,13.453,0.017,0,1,1,1,0,1.252,-7.722,1,0.004,31.399,-3.280,-1.886,-1.360,0.168,1.886,2.332
786,614.400,614,400000000,0,/drone1,SURVEILLANCE,1,2,3,-1,-1,-1,30.259,-4.443,10.063,0.055,nan,nan,nan,nan,0,nan,nan,nan,nan,nan,nan,0.000,nan,nan,nan,0,0,0,0,0,nan,nan,0,nan,nan,nan,nan,nan,nan,nan,nan
787,614.400,614,400000000,1,/drone2,TRACKING,0,-1,3,0,0,3,30.049,2.792,10.020,0.050,27.142,4.308,0.000,-6.456,1,28.441,3.558,10.000,1.972,10.543,-0.063,0.000,10.000,3.279,0.020,0,1,1,1,0,1.975,-8.431,1,0.024,31.375,4.716,-1.873,-4.233,-0.407,1.873,4.647
788,614.400,614,400000000,2,/drone3,TRACKING,0,-1,3,2,2,4,28.559,10.260,10.016,0.067,30.040,-3.107,0.000,-6.459,0,nan,nan,nan,0.000,16.768,1000.000,0.000,10.000,13.448,0.016,0,1,1,1,0,1.256,-7.715,1,0.024,31.398,-3.280,-1.906,-1.358,0.174,1.906,2.346
789,614.604,614,604000000,0,/drone1,SURVEILLANCE,1,2,3,-1,-1,-1,30.251,-4.443,10.064,0.055,nan,nan,nan,nan,0,nan,nan,nan,nan,nan,nan,0.000,nan,nan,nan,0,0,0,0,0,nan,nan,0,nan,nan,nan,nan,nan,nan,nan,nan
790,614.604,614,604000000,1,/drone2,TRACKING,0,-1,3,0,0,3,30.044,2.790,10.020,0.050,27.121,4.314,0.000,-6.454,1,28.420,3.564,10.000,1.972,10.548,-0.062,0.000,10.000,3.297,0.020,0,1,1,1,0,1.975,-8.429,1,0.012,31.373,4.715,-1.895,-4.253,-0.401,1.895,4.673
791,614.604,614,604000000,2,/drone3,TRACKING,0,-1,3,2,2,4,28.555,10.262,10.016,0.067,30.034,-3.092,0.000,-6.457,0,nan,nan,nan,0.000,16.758,1000.000,0.000,10.000,13.435,0.016,0,1,1,1,0,1.257,-7.714,1,0.012,31.396,-3.281,-1.926,-1.362,0.189,1.926,2.367
792,614.900,614,900000000,0,/drone1,SURVEILLANCE,1,2,3,-1,-1,-1,30.248,-4.443,10.063,0.055,nan,nan,nan,nan,0,nan,nan,nan,nan,nan,nan,0.000,nan,nan,nan,0,0,0,0,0,nan,nan,0,nan,nan,nan,nan,nan,nan,nan,nan
793,614.900,614,900000000,1,/drone2,TRACKING,0,-1,3,0,0,3,30.037,2.791,10.018,0.050,27.125,4.319,0.000,-6.460,1,28.424,3.569,10.000,1.970,10.544,-0.061,0.000,10.000,3.289,0.018,0,1,1,1,0,1.972,-8.432,1,0.020,31.371,4.714,-1.921,-4.246,-0.396,1.921,4.677
794,614.900,614,900000000,2,/drone3,TRACKING,0,-1,3,2,2,4,28.554,10.265,10.016,0.067,30.023,-3.083,0.000,-6.456,0,nan,nan,nan,0.000,16.752,1000.000,0.000,10.000,13.428,0.016,0,1,1,1,0,1.258,-7.714,1,0.020,31.393,-3.282,-1.949,-1.370,0.199,1.949,2.390
795,615.148,615,148000000,0,/drone1,SURVEILLANCE,1,2,3,-1,-1,-1,30.245,-4.444,10.060,0.055,nan,nan,nan,nan,0,nan,nan,nan,nan,nan,nan,0.000,nan,nan,nan,0,0,0,0,0,nan,nan,0,nan,nan,nan,nan,nan,nan,nan,nan
796,615.148,615,148000000,1,/drone2,TRACKING,0,-1,3,0,0,3,30.035,2.789,10.018,0.050,27.137,4.326,0.000,-6.448,1,28.436,3.576,10.000,1.975,10.542,-0.067,0.000,10.000,3.281,0.018,0,1,1,1,0,1.978,-8.427,1,0.016,31.368,4.713,-1.938,-4.231,-0.387,1.938,4.670
797,615.148,615,148000000,2,/drone3,TRACKING,0,-1,3,2,2,4,28.552,10.266,10.015,0.067,30.010,-3.080,0.000,-6.466,0,nan,nan,nan,0.000,16.749,1000.000,0.000,10.000,13.425,0.015,0,1,1,1,0,1.255,-7.721,1,0.016,31.390,-3.283,-1.963,-1.380,0.203,1.963,2.408
798,615.384,615,384000000,0,/drone1,SURVEILLANCE,1,2,3,-1,-1,-1,30.247,-4.447,10.062,0.055,nan,nan,nan,nan,0,nan,nan,nan,nan,nan,nan,0.000,nan,nan,nan,0,0,0,0,0,nan,nan,0,nan,nan,nan,nan,nan,nan,nan,nan
799,615.384,615,384000000,1,/drone2,TRACKING,0,-1,3,0,0,3,30.034,2.790,10.017,0.050,27.153,4.328,0.000,-6.453,1,28.452,3.578,10.000,1.974,10.536,-0.067,0.000,10.000,3.265,0.017,0,1,1,1,0,1.977,-8.430,1,0.036,31.366,4.712,-1.949,-4.212,-0.384,1.949,4.657
800,615.384,615,384000000,2,/drone3,TRACKING,0,-1,3,2,2,4,28.546,10.266,10.012,0.067,29.993,-3.083,0.000,-6.459,0,nan,nan,nan,0.000,16.748,1000.000,0.000,10.000,13.426,0.012,0,1,1,1,0,1.257,-7.716,1,0.040,31.387,-3.284,-1.970,-1.395,0.201,1.970,2.422
801,615.600,615,600000000,0,/drone1,SURVEILLANCE,1,2,3,-1,-1,-1,30.253,-4.451,10.059,0.055,nan,nan,nan,nan,0,nan,nan,nan,nan,nan,nan,0.000,nan,nan,nan,0,0,0,0,0,nan,nan,0,nan,nan,nan,nan,nan,nan,nan,nan
802,615.600,615,600000000,1,/drone2,TRACKING,0,-1,3,0,0,3,30.036,2.793,10.018,0.050,27.155,4.332,0.000,-6.464,1,28.454,3.582,10.000,1.969,10.537,-0.061,0.000,10.000,3.266,0.018,0,1,1,1,0,1.971,-8.436,1,0.000,31.363,4.711,-1.957,-4.207,-0.379,1.957,4.656
803,615.600,615,600000000,2,/drone3,TRACKING,0,-1,3,2,2,4,28.545,10.265,10.007,0.067,29.981,-3.085,0.000,-6.456,0,nan,nan,nan,0.000,16.746,1000.000,0.000,10.000,13.428,0.007,0,1,1,1,0,1.258,-7.714,1,0.000,31.384,-3.285,-1.973,-1.404,0.200,1.973,2.430
804,616.000,616,0,0,/drone1,SURVEILLANCE,1,2,3,-1,-1,-1,30.254,-4.456,10.052,0.055,nan,nan,nan,nan,0,nan,nan,nan,nan,nan,nan,0.000,nan,nan,nan,0,0,0,0,0,nan,nan,0,nan,nan,nan,nan,nan,nan,nan,nan
805,616.000,616,0,1,/drone2,TRACKING,0,-1,3,0,0,3,30.037,2.796,10.017,0.050,27.149,4.351,0.000,-6.427,1,28.448,3.601,10.000,1.986,10.541,-0.078,0.000,10.000,3.280,0.017,0,1,1,1,0,1.988,-8.416,1,0.004,31.358,4.709,-1.957,-4.209,-0.358,1.957,4.656
806,616.000,616,0,2,/drone3,TRACKING,0,-1,3,2,2,4,28.546,10.268,9.997,0.067,30.008,-3.086,0.000,-6.456,0,nan,nan,nan,0.000,16.746,1000.000,0.000,10.000,13.434,0.003,0,1,1,1,0,1.258,-7.714,1,0.004,31.380,-3.287,-1.965,-1.372,0.201,1.965,2.405
807,616.300,616,300000000,0,/drone1,SURVEILLANCE,1,2,3,-1,-1,-1,30.252,-4.458,10.049,0.055,nan,nan,nan,nan,0,nan,nan,nan,nan,nan,nan,0.000,nan,nan,nan,0,0,0,0,0,nan,nan,0,nan,nan,nan,nan,nan,nan,nan,nan
808,616.300,616,300000000,1,/drone2,TRACKING,0,-1,3,0,0,3,30.037,2.803,10.017,0.050,27.144,4.348,0.000,-6.435,1,28.443,3.598,10.000,1.982,10.540,-0.074,0.000,10.000,3.280,0.017,0,1,1,1,0,1.985,-8.419,1,0.016,31.355,4.708,-1.948,-4.211,-0.359,1.948,4.654
809,616.300,616,300000000,2,/drone3,TRACKING,0,-1,3,2,2,4,28.550,10.271,9.998,0.067,30.034,-3.095,0.000,-6.467,0,nan,nan,nan,0.000,16.757,1000.000,0.000,10.000,13.447,0.002,0,1,1,1,0,1.253,-7.720,1,0.016,31.376,-3.288,-1.950,-1.343,0.193,1.950,2.376
810,616.696,616,696000000,0,/drone1,SURVEILLANCE,1,2,3,-1,-1,-1,30.255,-4.460,10.051,0.055,nan,nan,nan,nan,0,nan,nan,nan,nan,nan,nan,0.000,nan,nan,nan,0,0,0,0,0,nan,nan,0,nan,nan,nan,nan,nan,nan,nan,nan
811,616.696,616,696000000,1,/drone2,TRACKING,0,-1,3,0,0,3,30.041,2.805,10.021,0.050,27.160,4.351,0.000,-6.458,1,28.459,3.601,10.000,1.971,10.541,-0.063,0.000,10.000,3.269,0.021,0,1,1,1,0,1.974,-8.432,1,0.016,31.350,4.706,-1.923,-4.190,-0.355,1.923,4.624
812,616.696,616,696000000,2,/drone3,TRACKING,0,-1,3,2,2,4,28.555,10.276,10.004,0.067,30.048,-3.095,0.000,-6.470,0,nan,nan,nan,0.000,16.766,1000.000,0.000,10.000,13.454,0.004,0,1,1,1,0,1.252,-7.722,1,0.016,31.372,-3.290,-1.917,-1.324,0.195,1.917,2.338
813,617.100,617,100000000,0,/drone1,SURVEILLANCE,1,2,3,-1,-1,-1,30.262,-4.451,10.058,0.055,nan,nan,nan,nan,0,nan,nan,nan,nan,nan,nan,0.000,nan,nan,nan,0,0,0,0,0,nan,nan,0,nan,nan,nan,nan,nan,nan,nan,nan
814,617.100,617,100000000,1,/drone2,TRACKING,0,-1,3,0,0,3,30.045,2.807,10.028,0.050,27.181,4.355,0.000,-6.461,1,28.480,3.605,10.000,1.969,10.543,-0.061,0.000,10.000,3.256,0.028,0,1,1,1,0,1.973,-8.435,1,0.024,31.347,4.704,-1.886,-4.166,-0.349,1.886,4.586
815,617.100,617,100000000,2,/drone3,TRACKING,0,-1,3,2,2,4,28.565,10.274,10.012,0.067,30.066,-3.087,0.000,-6.452,0,nan,nan,nan,0.000,16.763,1000.000,0.000,10.000,13.445,0.012,0,1,1,1,0,1.258,-7.710,1,0.024,31.369,-3.292,-1.872,-1.303,0.205,1.872,2.290
816,617.368,617,368000000,0,/drone1,SURVEILLANCE,1,2,3,-1,-1,-1,30.264,-4.445,10.062,0.055,nan,nan,nan,nan,0,nan,nan,nan,nan,nan,nan,0.000,nan,nan,nan,0,0,0,0,0,nan,nan,0,nan,nan,nan,nan,nan,nan,nan,nan
817,617.368,617,368000000,1,/drone2,TRACKING,0,-1,3,0,0,3,30.047,2.805,10.026,0.050,27.173,4.353,0.000,-6.447,1,28.472,3.603,10.000,1.975,10.544,-0.067,0.000,10.000,3.264,0.026,0,1,1,1,0,1.979,-8.427,1,0.004,31.344,4.703,-1.852,-4.171,-0.350,1.852,4.577
818,617.368,617,368000000,2,/drone3,TRACKING,0,-1,3,2,2,4,28.565,10.276,10.011,0.067,30.081,-3.088,0.000,-6.464,0,nan,nan,nan,0.000,16.767,1000.000,0.000,10.000,13.450,0.011,0,1,1,1,0,1.254,-7.718,1,0.004,31.366,-3.293,-1.834,-1.285,0.205,1.834,2.249
819,617.596,617,596000000,0,/drone1,SURVEILLANCE,1,2,3,-1,-1,-1,30.261,-4.443,10.066,0.055,nan,nan,nan,nan,0,nan,nan,nan,nan,nan,nan,0.000,nan,nan,nan,0,0,0,0,0,nan,nan,0,nan,nan,nan,nan,nan,nan,nan,nan
820,617.596,617,596000000,1,/drone2,TRACKING,0,-1,3,0,0,3,30.045,2.803,10.026,0.050,27.166,4.351,0.000,-6.463,1,28.465,3.601,10.000,1.968,10.546,-0.059,0.000,10.000,3.269,0.026,0,1,1,1,0,1.972,-8.435,1,0.016,31.342,4.702,-1.824,-4.177,-0.351,1.824,4.571
821,617.596,617,596000000,2,/drone3,TRACKING,0,-1,3,2,2,4,28.563,10.275,10.014,0.067,30.083,-3.083,0.000,-6.449,0,nan,nan,nan,0.000,16.764,1000.000,0.000,10.000,13.445,0.014,0,1,1,1,0,1.259,-7.708,1,0.016,31.365,-3.294,-1.803,-1.282,0.210,1.803,2.222
822,617.800,617,800000000,0,/drone1,SURVEILLANCE,1,2,3,-1,-1,-1,30.254,-4.445,10.071,0.055,nan,nan,nan,nan,0,nan,nan,nan,nan,nan,nan,0.000,nan,nan,nan,0,0,0,0,0,nan,nan,0,nan,nan,nan,nan,nan,nan,nan,nan
823,617.800,617,800000000,1,/drone2,TRACKING,0,-1,3,0,0,3,30.043,2.801,10.024,0.050,27.155,4.347,0.000,-6.456,1,28.454,3.597,10.000,1.971,10.546,-0.062,0.000,10.000,3.276,0.024,0,1,1,1,0,1.975,-8.431,1,0.004,31.341,4.701,-1.794,-4.186,-0.354,1.794,4.568
824,617.800,617,800000000,2,/drone3,TRACKING,0,-1,3,2,2,4,28.554,10.270,10.017,0.067,30.080,-3.055,0.000,-6.455,0,nan,nan,nan,0.000,16.740,1000.000,0.000,10.000,13.413,0.017,0,1,1,1,0,1.259,-7.715,1,0.004,31.364,-3.294,-1.770,-1.283,0.239,1.770,2.199
825,618.060,618,60000000,0,/drone1,SURVEILLANCE,1,2,3,-1,-1,-1,30.251,-4.446,10.068,0.055,nan,nan,nan,nan,0,nan,nan,nan,nan,nan,nan,0.000,nan,nan,nan,0,0,0,0,0,nan,nan,0,nan,nan,nan,nan,nan,nan,nan,nan
826,618.060,618,60000000,1,/drone2,TRACKING,0,-1,3,0,0,3,30.035,2.801,10.023,0.050,27.148,4.341,0.000,-6.453,1,28.447,3.591,10.000,1.973,10.543,-0.065,0.000,10.000,3.272,0.023,0,1,1,1,0,1.977,-8.429,1,0.012,31.340,4.700,-1.758,-4.191,-0.360,1.758,4.559
827,618.060,618,60000000,2,/drone3,TRACKING,0,-1,3,2,2,4,28.550,10.263,10.022,0.067,30.068,-3.049,0.000,-6.461,0,nan,nan,nan,0.000,16.732,1000.000,0.000,10.000,13.398,0.022,0,1,1,1,0,1.258,-7.720,1,0.012,31.362,-3.295,-1.731,-1.295,0.246,1.731,2.176
828,618.300,618,300000000,0,/drone1,SURVEILLANCE,1,2,3,-1,-1,-1,30.255,-4.438,10.069,0.055,nan,nan,nan,nan,0,nan,nan,nan,nan,nan,nan,0.000,nan,nan,nan,0,0,0,0,0,nan,nan,0,nan,nan,nan,nan,nan,nan,nan,nan
829,618.300,618,300000000,1,/drone2,TRACKING,0,-1,3,0,0,3,30.028,2.802,10.021,0.050,27.148,4.340,0.000,-6.452,1,28.447,3.590,10.000,1.974,10.540,-0.066,0.000,10.000,3.265,0.021,0,1,1,1,0,1.977,-8.429,1,0.000,31.339,4.700,-1.721,-4.190,-0.360,1.721,4.544
830,618.300,618,300000000,2,/drone3,TRACKING,0,-1,3,2,2,4,28.550,10.262,10.022,0.067,30.037,-3.055,0.000,-6.457,0,nan,nan,nan,0.000,16.734,1000.000,0.000,10.000,13.401,0.022,0,1,1,1,0,1.260,-7.716,1,0.036,31.362,-3.296,-1.699,-1.325,0.240,1.699,2.167
831,618.520,618,520000000,0,/drone1,SURVEILLANCE,1,2,3,-1,-1,-1,30.255,-4.444,10.073,0.055,nan,nan,nan,nan,0,nan,nan,nan,nan,nan,nan,0.000,nan,nan,nan,0,0,0,0,0,nan,nan,0,nan,nan,nan,nan,nan,nan,nan,nan
832,618.520,618,520000000,1,/drone2,TRACKING,0,-1,3,0,0,3,30.028,2.800,10.020,0.050,27.146,4.340,0.000,-6.461,1,28.445,3.590,10.000,1.970,10.539,-0.062,0.000,10.000,3.267,0.020,0,1,1,1,0,1.973,-8.434,1,0.004,31.338,4.699,-1.690,-4.192,-0.360,1.690,4.534
833,618.520,618,520000000,2,/drone3,TRACKING,0,-1,3,2,2,4,28.557,10.263,10.017,0.067,30.022,-3.082,0.000,-6.463,0,nan,nan,nan,0.000,16.750,1000.000,0.000,10.000,13.425,0.017,0,1,1,1,0,1.256,-7.719,1,0.004,31.361,-3.296,-1.661,-1.340,0.214,1.661,2.145
834,618.752,618,752000000,0,/drone1,SURVEILLANCE,1,2,3,-1,-1,-1,30.258,-4.446,10.072,0.055,nan,nan,nan,nan,0,nan,nan,nan,nan,nan,nan,0.000,nan,nan,nan,0,0,0,0,0,nan,nan,0,nan,nan,nan,nan,nan,nan,nan,nan
835,618.752,618,752000000,1,/drone2,TRACKING,0,-1,3,0,0,3,30.025,2.800,10.016,0.050,27.155,4.342,0.000,-6.462,1,28.454,3.592,10.000,1.971,10.533,-0.064,0.000,10.000,3.259,0.016,0,1,1,1,0,1.973,-8.435,1,0.020,31.338,4.699,-1.660,-4.183,-0.357,1.660,4.515
836,618.752,618,752000000,2,/drone3,TRACKING,0,-1,3,2,2,4,28.566,10.270,10.018,0.067,30.019,-3.084,0.000,-6.459,0,nan,nan,nan,0.000,16.757,1000.000,0.000,10.000,13.433,0.018,0,1,1,1,0,1.257,-7.716,1,0.020,31.361,-3.296,-1.631,-1.342,0.212,1.631,2.123
837,618.984,618,984000000,0,/drone1,SURVEILLANCE,1,2,3,-1,-1,-1,30.255,-4.450,10.071,0.055,nan,nan,nan,nan,0,nan,nan,nan,nan,nan,nan,0.000,nan,nan,nan,0,0,0,0,0,nan,nan,0,nan,nan,nan,nan,nan,nan,nan,nan
838,618.984,618,984000000,1,/drone2,TRACKING,0,-1,3,0,0,3,30.025,2.801,10.019,0.050,27.157,4.345,0.000,-6.461,1,28.456,3.595,10.000,1.970,10.535,-0.063,0.000,10.000,3.257,0.019,0,1,1,1,0,1.973,-8.435,1,0.000,31.338,4.698,-1.628,-4.181,-0.354,1.628,4.501
839,618.984,618,984000000,2,/drone3,TRACKING,0,-1,3,2,2,4,28.573,10.274,10.025,0.067,30.023,-3.055,0.000,-6.459,0,nan,nan,nan,0.000,16.741,1000.000,0.000,10.000,13.408,0.025,0,1,1,1,0,1.259,-7.717,1,0.000,31.361,-3.297,-1.600,-1.338,0.241,1.600,2.100
840,619.136,619,136000000,0,/drone1,SURVEILLANCE,1,2,3,-1,-1,-1,30.254,-4.452,10.071,0.055,nan,nan,nan,nan,0,nan,nan,nan,nan,nan,nan,0.000,nan,nan,nan,0,0,0,0,0,nan,nan,0,nan,nan,nan,nan,nan,nan,nan,nan
841,619.136,619,136000000,1,/drone2,TRACKING,0,-1,3,0,0,3,30.026,2.802,10.022,0.050,27.157,4.345,0.000,-6.446,1,28.456,3.595,10.000,1.977,10.538,-0.070,0.000,10.000,3.258,0.022,0,1,1,1,0,1.980,-8.426,1,0.008,31.338,4.698,-1.611,-4.181,-0.353,1.611,4.494
842,619.136,619,136000000,2,/drone3,TRACKING,0,-1,3,2,2,4,28.575,10.275,10.032,0.067,30.022,-3.035,0.000,-6.465,0,nan,nan,nan,0.000,16.730,1000.000,0.000,10.000,13.388,0.032,0,1,1,1,0,1.258,-7.722,1,0.008,31.361,-3.297,-1.583,-1.339,0.262,1.583,2.090
843,619.300,619,300000000,0,/drone1,SURVEILLANCE,1,2,3,-1,-1,-1,30.253,-4.455,10.072,0.055,nan,nan,nan,nan,0,nan,nan,nan,nan,nan,nan,0.000,nan,nan,nan,0,0,0,0,0,nan,nan,0,nan,nan,nan,nan,nan,nan,nan,nan
844,619.300,619,300000000,1,/drone2,TRACKING,0,-1,3,0,0,3,30.030,2.802,10.026,0.050,27.157,4.345,0.000,-6.467,1,28.456,3.595,10.000,1.966,10.543,-0.058,0.000,10.000,3.262,0.026,0,1,1,1,0,1.970,-8.438,1,0.028,31.338,4.698,-1.595,-4.181,-0.353,1.595,4.489
845,619.300,619,300000000,2,/drone3,TRACKING,0,-1,3,2,2,4,28.577,10.276,10.037,0.067,30.027,-3.014,0.000,-6.449,0,nan,nan,nan,0.000,16.718,1000.000,0.000,10.000,13.369,0.037,0,1,1,1,0,1.264,-7.713,1,0.028,31.362,-3.297,-1.568,-1.334,0.282,1.568,2.079
846,619.592,619,592000000,0,/drone1,SURVEILLANCE,1,2,3,-1,-1,-1,30.252,-4.462,10.075,0.055,nan,nan,nan,nan,0,nan,nan,nan,nan,nan,nan,0.000,nan,nan,nan,0,0,0,0,0,nan,nan,0,nan,nan,nan,nan,nan,nan,nan,nan
847,619.592,619,592000000,1,/drone2,TRACKING,0,-1,3,0,0,3,30.032,2.800,10.032,0.050,27.138,4.342,0.000,-6.462,1,28.437,3.592,10.000,1.967,10.554,-0.056,0.000,10.000,3.279,0.032,0,1,1,1,0,1.972,-8.434,1,0.032,31.339,4.698,-1.568,-4.201,-0.356,1.568,4.498
848,619.592,619,592000000,2,/drone3,TRACKING,0,-1,3,2,2,4,28.576,10.275,10.041,0.067,30.029,-3.013,0.000,-6.453,0,nan,nan,nan,0.000,16.718,1000.000,0.000,10.000,13.367,0.041,0,1,1,1,0,1.263,-7.716,1,0.032,31.362,-3.297,-1.544,-1.334,0.284,1.544,2.060
849,619.980,619,980000000,0,/drone1,SURVEILLANCE,1,2,3,-1,-1,-1,30.248,-4.469,10.080,0.055,nan,nan,nan,nan,0,nan,nan,nan,nan,nan,nan,0.000,nan,nan,nan,0,0,0,0,0,nan,nan,0,nan,nan,nan,nan,nan,nan,nan,nan
850,619.980,619,980000000,1,/drone2,TRACKING,0,-1,3,0,0,3,30.039,2.800,10.027,0.050,27.136,4.337,0.000,-6.461,1,28.435,3.587,10.000,1.968,10.551,-0.058,0.000,10.000,3.284,0.027,0,1,1,1,0,1.972,-8.433,1,0.024,31.340,4.698,-1.543,-4.204,-0.361,1.543,4.492
851,619.980,619,980000000,2,/drone3,TRACKING,0,-1,3,2,2,4,28.570,10.269,10.042,0.067,30.042,-3.040,0.000,-6.470,0,nan,nan,nan,0.000,16.737,1000.000,0.000,10.000,13.390,0.042,0,1,1,1,0,1.256,-7.726,1,0.024,31.364,-3.297,-1.523,-1.322,0.257,1.523,2.033
852,620.388,620,388000000,0,/drone1,SURVEILLANCE,1,2,3,-1,-1,-1,30.240,-4.469,10.080,0.055,nan,nan,nan,nan,0,nan,nan,nan,nan,nan,nan,0.000,nan,nan,nan,0,0,0,0,0,nan,nan,0,nan,nan,nan,nan,nan,nan,nan,nan
853,620.388,620,388000000,1,/drone2,TRACKING,0,-1,3,0,0,3,30.040,2.805,10.026,0.050,27.143,4.336,0.000,-6.462,1,28.442,3.586,10.000,1.968,10.548,-0.059,0.000,10.000,3.277,0.026,0,1,1,1,0,1.972,-8.434,1,0.036,31.342,4.699,-1.533,-4.199,-0.362,1.533,4.485
854,620.388,620,388000000,2,/drone3,TRACKING,0,-1,3,2,2,4,28.575,10.268,10.034,0.067,30.029,-3.045,0.000,-6.461,0,nan,nan,nan,0.000,16.734,1000.000,0.000,10.000,13.392,0.034,0,1,1,1,0,1.259,-7.720,1,0.036,31.366,-3.296,-1.519,-1.337,0.252,1.519,2.039
855,620.820,620,820000000,0,/drone1,SURVEILLANCE,1,2,3,-1,-1,-1,30.248,-4.464,10.078,0.055,nan,nan,nan,nan,0,nan,nan,nan,nan,nan,nan,0.000,nan,nan,nan,0,0,0,0,0,nan,nan,0,nan,nan,nan,nan,nan,nan,nan,nan
856,620.820,620,820000000,1,/drone2,TRACKING,0,-1,3,0,0,3,30.045,2.805,10.038,0.050,27.130,4.339,0.000,-6.450,1,28.429,3.589,10.000,1.971,10.564,-0.058,0.000,10.000,3.294,0.038,0,1,1,1,0,1.977,-8.427,1,0.036,31.344,4.699,-1.541,-4.214,-0.360,1.541,4.501
857,620.820,620,820000000,2,/drone3,TRACKING,0,-1,3,2,2,4,28.572,10.267,10.017,0.067,29.997,-3.052,0.000,-6.457,0,nan,nan,nan,0.000,16.726,1000.000,0.000,10.000,13.395,0.017,0,1,1,1,0,1.260,-7.717,1,0.000,31.368,-3.296,-1.536,-1.372,0.244,1.536,2.074
858,621.200,621,200000000,0,/drone1,SURVEILLANCE,1,2,3,-1,-1,-1,30.248,-4.467,10.088,0.055,nan,nan,nan,nan,0,nan,nan,nan,nan,nan,nan,0.000,nan,nan,nan,0,0,0,0,0,nan,nan,0,nan,nan,nan,nan,nan,nan,nan,nan
859,621.200,621,200000000,1,/drone2,TRACKING,0,-1,3,0,0,3,30.041,2.807,10.037,0.050,27.125,4.345,0.000,-6.451,1,28.424,3.595,10.000,1.970,10.564,-0.058,0.000,10.000,3.297,0.037,0,1,1,1,0,1.976,-8.427,1,0.020,31.346,4.700,-1.565,-4.221,-0.354,1.565,4.516
860,621.200,621,200000000,2,/drone3,TRACKING,0,-1,3,2,2,4,28.571,10.269,10.011,0.067,29.985,-3.038,0.000,-6.460,0,nan,nan,nan,0.000,16.712,1000.000,0.000,10.000,13.382,0.011,0,1,1,1,0,1.260,-7.720,1,0.020,31.370,-3.295,-1.565,-1.385,0.257,1.565,2.106
861,621.600,621,600000000,0,/drone1,SURVEILLANCE,1,2,3,-1,-1,-1,30.249,-4.472,10.092,0.055,nan,nan,nan,nan,0,nan,nan,nan,nan,nan,nan,0.000,nan,nan,nan,0,0,0,0,0,nan,nan,0,nan,nan,nan,nan,nan,nan,nan,nan
862,621.600,621,600000000,1,/drone2,TRACKING,0,-1,3,0,0,3,30.040,2.800,10.020,0.050,27.111,4.348,0.000,-6.464,1,28.410,3.598,10.000,1.966,10.554,-0.056,0.000,10.000,3.313,0.020,0,1,1,1,0,1.969,-8.433,1,0.024,31.348,4.700,-1.604,-4.237,-0.353,1.604,4.544
863,621.600,621,600000000,2,/drone3,TRACKING,0,-1,3,2,2,4,28.563,10.263,10.012,0.067,29.974,-3.071,0.000,-6.462,0,nan,nan,nan,0.000,16.734,1000.000,0.000,10.000,13.409,0.012,0,1,1,1,0,1.257,-7.719,1,0.024,31.372,-3.295,-1.610,-1.398,0.224,1.610,2.144
864,622.000,622,0,0,/drone1,SURVEILLANCE,1,2,3,-1,-1,-1,30.243,-4.469,10.086,0.055,nan,nan,nan,nan,0,nan,nan,nan,nan,nan,nan,0.000,nan,nan,nan,0,0,0,0,0,nan,nan,0,nan,nan,nan,nan,nan,nan,nan,nan
865,622.000,622,0,1,/drone2,TRACKING,0,-1,3,0,0,3,30.041,2.799,10.011,0.050,27.067,4.326,0.000,-6.450,1,28.366,3.576,10.000,1.973,10.555,-0.062,0.000,10.000,3.343,0.011,0,1,1,1,0,1.974,-8.424,1,0.028,31.349,4.701,-1.655,-4.281,-0.375,1.655,4.605
866,622.000,622,0,2,/drone3,TRACKING,0,-1,3,2,2,4,28.557,10.257,10.009,0.067,29.953,-3.094,0.000,-6.453,0,nan,nan,nan,0.000,16.745,1000.000,0.000,10.000,13.424,0.009,0,1,1,1,0,1.259,-7.712,1,0.028,31.372,-3.295,-1.667,-1.419,0.200,1.667,2.198
867,622.400,622,400000000,0,/drone1,SURVEILLANCE,1,2,3,-1,-1,-1,30.240,-4.473,10.083,0.055,nan,nan,nan,nan,0,nan,nan,nan,nan,nan,nan,0.000,nan,nan,nan,0,0,0,0,0,nan,nan,0,nan,nan,nan,nan,nan,nan,nan,nan
868,622.400,622,400000000,1,/drone2,TRACKING,0,-1,3,0,0,3,30.041,2.807,10.019,0.050,27.016,4.307,0.000,-6.447,1,28.315,3.557,10.000,1.971,10.572,-0.057,0.000,10.000,3.376,0.019,0,1,1,1,0,1.974,-8.421,1,0.032,31.349,4.701,-1.715,-4.333,-0.394,1.715,4.677
869,622.400,622,400000000,2,/drone3,TRACKING,0,-1,3,2,2,4,28.558,10.260,10.001,0.067,29.936,-3.091,0.000,-6.457,0,nan,nan,nan,0.000,16.738,1000.000,0.000,10.000,13.422,0.001,0,1,1,1,0,1.258,-7.715,1,0.032,31.372,-3.294,-1.731,-1.436,0.203,1.731,2.258
870,622.680,622,680000000,0,/drone1,SURVEILLANCE,1,2,3,-1,-1,-1,30.240,-4.471,10.083,0.055,nan,nan,nan,nan,0,nan,nan,nan,nan,nan,nan,0.000,nan,nan,nan,0,0,0,0,0,nan,nan,0,nan,nan,nan,nan,nan,nan,nan,nan
871,622.680,622,680000000,1,/drone2,TRACKING,0,-1,3,0,0,3,30.039,2.804,10.021,0.050,27.001,4.306,0.000,-6.468,1,28.300,3.556,10.000,1.960,10.578,-0.045,0.000,10.000,3.389,0.021,0,1,1,1,0,1.964,-8.432,1,0.024,31.348,4.701,-1.762,-4.347,-0.395,1.762,4.707
872,622.680,622,680000000,2,/drone3,TRACKING,0,-1,3,2,2,4,28.563,10.266,10.001,0.067,29.927,-3.104,0.000,-6.455,0,nan,nan,nan,0.000,16.753,1000.000,0.000,10.000,13.440,0.001,0,1,1,1,0,1.258,-7.712,1,0.024,31.371,-3.295,-1.781,-1.444,0.191,1.781,2.300
873,623.036,623,36000000,0,/drone1,SURVEILLANCE,1,2,3,-1,-1,-1,30.242,-4.467,10.078,0.055,nan,nan,nan,nan,0,nan,nan,nan,nan,nan,nan,0.000,nan,nan,nan,0,0,0,0,0,nan,nan,0,nan,nan,nan,nan,nan,nan,nan,nan
874,623.036,623,36000000,1,/drone2,TRACKING,0,-1,3,0,0,3,30.031,2.794,10.024,0.050,27.004,4.320,0.000,-6.451,1,28.303,3.570,10.000,1.968,10.581,-0.052,0.000,10.000,3.389,0.024,0,1,1,1,0,1.972,-8.423,1,0.020,31.347,4.701,-1.822,-4.343,-0.381,1.822,4.725
875,623.036,623,36000000,2,/drone3,TRACKING,0,-1,3,2,2,4,28.574,10.276,10.002,0.067,29.928,-3.122,0.000,-6.454,0,nan,nan,nan,0.000,16.774,1000.000,0.000,10.000,13.466,0.002,0,1,1,1,0,1.256,-7.710,1,0.020,31.369,-3.295,-1.843,-1.441,0.173,1.843,2.346
876,623.472,623,472000000,0,/drone1,SURVEILLANCE,1,2,3,-1,-1,-1,30.247,-4.467,10.074,0.055,nan,nan,nan,nan,0,nan,nan,nan,nan,nan,nan,0.000,nan,nan,nan,0,0,0,0,0,nan,nan,0,nan,nan,nan,nan,nan,nan,nan,nan
877,623.472,623,472000000,1,/drone2,TRACKING,0,-1,3,0,0,3,30.026,2.787,10.028,0.050,27.026,4.353,0.000,-6.377,1,28.325,3.603,10.000,2.004,10.583,-0.087,0.000,10.000,3.384,0.028,0,1,1,1,0,2.008,-8.385,1,0.024,31.344,4.700,-1.891,-4.318,-0.347,1.891,4.727
878,623.472,623,472000000,2,/drone3,TRACKING,0,-1,3,2,2,4,28.571,10.277,10.018,0.067,29.950,-3.110,0.000,-6.460,0,nan,nan,nan,0.000,16.777,1000.000,0.000,10.000,13.458,0.018,0,1,1,1,0,1.255,-7.715,1,0.024,31.366,-3.295,-1.912,-1.416,0.185,1.912,2.387
879,623.768,623,768000000,0,/drone1,SURVEILLANCE,1,2,3,-1,-1,-1,30.252,-4.466,10.068,0.055,nan,nan,nan,nan,0,nan,nan,nan,nan,nan,nan,0.000,nan,nan,nan,0,0,0,0,0,nan,nan,0,nan,nan,nan,nan,nan,nan,nan,nan
880,623.768,623,768000000,1,/drone2,TRACKING,0,-1,3,0,0,3,30.029,2.782,10.025,0.050,27.049,4.329,0.000,-6.439,1,28.348,3.579,10.000,1.976,10.572,-0.061,0.000,10.000,3.358,0.025,0,1,1,1,0,1.979,-8.419,1,0.032,31.342,4.700,-1.933,-4.293,-0.371,1.933,4.722
881,623.768,623,768000000,2,/drone3,TRACKING,0,-1,3,2,2,4,28.570,10.268,10.024,0.067,29.965,-3.099,0.000,-6.448,0,nan,nan,nan,0.000,16.766,1000.000,0.000,10.000,13.440,0.024,0,1,1,1,0,1.260,-7.708,1,0.032,31.363,-3.296,-1.953,-1.398,0.197,1.953,2.410
882,624.112,624,112000000,0,/drone1,SURVEILLANCE,1,2,3,-1,-1,-1,30.251,-4.467,10.065,0.055,nan,nan,nan,nan,0,nan,nan,nan,nan,nan,nan,0.000,nan,nan,nan,0,0,0,0,0,nan,nan,0,nan,nan,nan,nan,nan,nan,nan,nan
883,624.112,624,112000000,1,/drone2,TRACKING,0,-1,3,0,0,3,30.033,2.792,10.020,0.050,27.055,4.315,0.000,-6.462,1,28.354,3.565,10.000,1.966,10.563,-0.054,0.000,10.000,3.344,0.020,0,1,1,1,0,1.969,-8.431,1,0.016,31.338,4.699,-1.977,-4.283,-0.384,1.977,4.733
884,624.112,624,112000000,2,/drone3,TRACKING,0,-1,3,2,2,4,28.570,10.263,10.026,0.067,29.965,-3.105,0.000,-6.452,0,nan,nan,nan,0.000,16.768,1000.000,0.000,10.000,13.441,0.026,0,1,1,1,0,1.258,-7.711,1,0.016,31.359,-3.297,-1.996,-1.394,0.192,1.996,2.442
885,624.396,624,396000000,0,/drone1,SURVEILLANCE,1,2,3,-1,-1,-1,30.255,-4.469,10.062,0.055,nan,nan,nan,nan,0,nan,nan,nan,nan,nan,nan,0.000,nan,nan,nan,0,0,0,0,0,nan,nan,0,nan,nan,nan,nan,nan,nan,nan,nan
886,624.396,624,396000000,1,/drone2,TRACKING,0,-1,3,0,0,3,30.036,2.803,10.018,0.050,27.053,4.303,0.000,-6.470,1,28.352,3.553,10.000,1.963,10.560,-0.050,0.000,10.000,3.340,0.018,0,1,1,1,0,1.965,-8.435,1,0.012,31.334,4.698,-2.005,-4.281,-0.395,2.005,4.744
887,624.396,624,396000000,2,/drone3,TRACKING,0,-1,3,2,2,4,28.568,10.261,10.027,0.067,29.968,-3.111,0.000,-6.368,0,nan,nan,nan,0.000,16.772,1000.000,0.000,10.000,13.445,0.027,0,1,1,1,0,1.287,-7.655,1,0.012,31.355,-3.298,-2.021,-1.388,0.187,2.021,2.459
888,624.640,624,640000000,0,/drone1,SURVEILLANCE,1,2,3,-1,-1,-1,30.255,-4.467,10.061,0.055,nan,nan,nan,nan,0,nan,nan,nan,nan,nan,nan,0.000,nan,nan,nan,0,0,0,0,0,nan,nan,0,nan,nan,nan,nan,nan,nan,nan,nan
889,624.640,624,640000000,1,/drone2,TRACKING,0,-1,3,0,0,3,30.040,2.809,10.017,0.050,27.053,4.301,0.000,-6.453,1,28.352,3.551,10.000,1.971,10.559,-0.059,0.000,10.000,3.339,0.017,0,1,1,1,0,1.973,-8.426,1,0.004,31.331,4.698,-2.022,-4.278,-0.397,2.022,4.749
890,624.640,624,640000000,2,/drone3,TRACKING,0,-1,3,2,2,4,28.567,10.261,10.021,0.067,29.969,-3.107,0.000,-6.416,0,nan,nan,nan,0.000,16.765,1000.000,0.000,10.000,13.441,0.021,0,1,1,1,0,1.271,-7.687,1,0.004,31.352,-3.298,-2.036,-1.383,0.192,2.036,2.469
891,624.856,624,856000000,0,/drone1,SURVEILLANCE,1,2,3,-1,-1,-1,30.252,-4.463,10.063,0.055,nan,nan,nan,nan,0,nan,nan,nan,nan,nan,nan,0.000,nan,nan,nan,0,0,0,0,0,nan,nan,0,nan,nan,nan,nan,nan,nan,nan,nan
892,624.856,624,856000000,1,/drone2,TRACKING,0,-1,3,0,0,3,30.041,2.808,10.015,0.050,27.058,4.303,0.000,-6.463,1,28.357,3.553,10.000,1.966,10.556,-0.055,0.000,10.000,3.337,0.015,0,1,1,1,0,1.968,-8.432,1,0.004,31.328,4.697,-2.032,-4.270,-0.393,2.032,4.746
893,624.856,624,856000000,2,/drone3,TRACKING,0,-1,3,2,2,4,28.567,10.260,10.016,0.067,29.966,-3.108,0.000,-6.449,0,nan,nan,nan,0.000,16.762,1000.000,0.000,10.000,13.441,0.016,0,1,1,1,0,1.260,-7.709,1,0.004,31.349,-3.299,-2.044,-1.383,0.191,2.044,2.475
894,625.100,625,100000000,0,/drone1,SURVEILLANCE,1,2,3,-1,-1,-1,30.249,-4.467,10.064,0.055,nan,nan,nan,nan,0,nan,nan,nan,nan,nan,nan,0.000,nan,nan,nan,0,0,0,0,0,nan,nan,0,nan,nan,nan,nan,nan,nan,nan,nan
895,625.100,625,100000000,1,/drone2,TRACKING,0,-1,3,0,0,3,30.036,2.804,10.020,0.050,27.081,4.310,0.000,-6.455,1,28.380,3.560,10.000,1.970,10.554,-0.059,0.000,10.000,3.317,0.020,0,1,1,1,0,1.973,-8.429,1,0.032,31.325,4.696,-2.036,-4.245,-0.386,2.036,4.724
896,625.100,625,100000000,2,/drone3,TRACKING,0,-1,3,2,2,4,28.571,10.267,10.019,0.067,29.970,-3.120,0.000,-6.449,0,nan,nan,nan,0.000,16.779,1000.000,0.000,10.000,13.459,0.019,0,1,1,1,0,1.258,-7.708,1,0.032,31.346,-3.300,-2.045,-1.376,0.180,2.045,2.472
897,625.452,625,452000000,0,/drone1,SURVEILLANCE,1,2,3,-1,-1,-1,30.246,-4.465,10.070,0.055,nan,nan,nan,nan,0,nan,nan,nan,nan,nan,nan,0.000,nan,nan,nan,0,0,0,0,0,nan,nan,0,nan,nan,nan,nan,nan,nan,nan,nan
898,625.452,625,452000000,1,/drone2,TRACKING,0,-1,3,0,0,3,30.022,2.806,10.029,0.050,27.135,4.317,0.000,-6.446,1,28.434,3.567,10.000,1.976,10.545,-0.067,0.000,10.000,3.259,0.029,0,1,1,1,0,1.981,-8.426,1,0.024,31.320,4.695,-2.032,-4.185,-0.378,2.032,4.668
899,625.452,625,452000000,2,/drone3,TRACKING,0,-1,3,2,2,4,28.572,10.266,10.023,0.067,29.967,-3.124,0.000,-6.446,0,nan,nan,nan,0.000,16.784,1000.000,0.000,10.000,13.463,0.023,0,1,1,1,0,1.259,-7.705,1,0.024,31.341,-3.301,-2.036,-1.375,0.177,2.036,2.463
900,625.748,625,748000000,0,/drone1,SURVEILLANCE,1,2,3,-1,-1,-1,30.243,-4.468,10.078,0.055,nan,nan,nan,nan,0,nan,nan,nan,nan,nan,nan,0.000,nan,nan,nan,0,0,0,0,0,nan,nan,0,nan,nan,nan,nan,nan,nan,nan,nan
901,625.748,625,748000000,1,/drone2,TRACKING,0,-1,3,0,0,3,30.028,2.802,10.036,0.050,27.146,4.319,0.000,-6.459,1,28.445,3.569,10.000,1.969,10.551,-0.059,0.000,10.000,3.257,0.036,0,1,1,1,0,1.974,-8.433,1,0.032,31.317,4.694,-2.017,-4.171,-0.375,2.017,4.648
902,625.748,625,748000000,2,/drone3,TRACKING,0,-1,3,2,2,4,28.570,10.264,10.022,0.067,29.958,-3.123,0.000,-6.460,0,nan,nan,nan,0.000,16.780,1000.000,0.000,10.000,13.458,0.022,0,1,1,1,0,1.255,-7.714,1,0.032,31.337,-3.302,-2.018,-1.379,0.179,2.018,2.451
903,626.000,626,0,0,/drone1,SURVEILLANCE,1,2,3,-1,-1,-1,30.246,-4.468,10.088,0.055,nan,nan,nan,nan,0,nan,nan,nan,nan,nan,nan,0.000,nan,nan,nan,0,0,0,0,0,nan,nan,0,nan,nan,nan,nan,nan,nan,nan,nan
904,626.000,626,0,1,/drone2,TRACKING,0,-1,3,0,0,3,30.032,2.798,10.037,0.050,27.152,4.319,0.000,-6.459,1,28.451,3.569,10.000,1.969,10.553,-0.058,0.000,10.000,3.258,0.037,0,1,1,1,0,1.974,-8.433,1,0.032,31.313,4.693,-1.997,-4.162,-0.374,1.997,4.631
905,626.000,626,0,2,/drone3,TRACKING,0,-1,3,2,2,4,28.566,10.263,10.014,0.067,29.956,-3.117,0.000,-6.453,0,nan,nan,nan,0.000,16.770,1000.000,0.000,10.000,13.452,0.014,0,1,1,1,0,1.257,-7.711,1,0.032,31.334,-3.302,-1.995,-1.378,0.186,1.995,2.432
906,626.200,626,200000000,0,/drone1,SURVEILLANCE,1,2,3,-1,-1,-1,30.244,-4.466,10.087,0.055,nan,nan,nan,nan,0,nan,nan,nan,nan,nan,nan,0.000,nan,nan,nan,0,0,0,0,0,nan,nan,0,nan,nan,nan,nan,nan,nan,nan,nan
907,626.200,626,200000000,1,/drone2,TRACKING,0,-1,3,0,0,3,30.034,2.793,10.033,0.050,27.145,4.321,0.000,-6.449,1,28.444,3.571,10.000,1.973,10.552,-0.063,0.000,10.000,3.268,0.033,0,1,1,1,0,1.978,-8.428,1,0.016,31.311,4.692,-1.975,-4.166,-0.371,1.975,4.625
908,626.200,626,200000000,2,/drone3,TRACKING,0,-1,3,2,2,4,28.563,10.260,10.014,0.067,29.963,-3.112,0.000,-6.452,0,nan,nan,nan,0.000,16.765,1000.000,0.000,10.000,13.445,0.014,0,1,1,1,0,1.258,-7.710,1,0.016,31.332,-3.303,-1.971,-1.369,0.191,1.971,2.407
909,626.476,626,476000000,0,/drone1,SURVEILLANCE,1,2,3,-1,-1,-1,30.241,-4.470,10.088,0.055,nan,nan,nan,nan,0,nan,nan,nan,nan,nan,nan,0.000,nan,nan,nan,0,0,0,0,0,nan,nan,0,nan,nan,nan,nan,nan,nan,nan,nan
910,626.476,626,476000000,1,/drone2,TRACKING,0,-1,3,0,0,3,30.036,2.795,10.025,0.050,27.137,4.320,0.000,-6.455,1,28.436,3.570,10.000,1.972,10.546,-0.062,0.000,10.000,3.276,0.025,0,1,1,1,0,1.975,-8.430,1,0.004,31.308,4.692,-1.938,-4.171,-0.371,1.938,4.614
911,626.476,626,476000000,2,/drone3,TRACKING,0,-1,3,2,2,4,28.562,10.258,10.014,0.067,29.970,-3.109,0.000,-6.444,0,nan,nan,nan,0.000,16.761,1000.000,0.000,10.000,13.441,0.014,0,1,1,1,0,1.261,-7.705,1,0.004,31.329,-3.304,-1.931,-1.358,0.195,1.931,2.369
912,626.680,626,680000000,0,/drone1,SURVEILLANCE,1,2,3,-1,-1,-1,30.243,-4.476,10.086,0.055,nan,nan,nan,nan,0,nan,nan,nan,nan,nan,nan,0.000,nan,nan,nan,0,0,0,0,0,nan,nan,0,nan,nan,nan,nan,nan,nan,nan,nan
913,626.680,626,680000000,1,/drone2,TRACKING,0,-1,3,0,0,3,30.036,2.792,10.021,0.050,27.127,4.324,0.000,-6.463,1,28.426,3.574,10.000,1.968,10.547,-0.059,0.000,10.000,3.287,0.021,0,1,1,1,0,1.971,-8.434,1,0.028,31.306,4.691,-1.912,-4.179,-0.367,1.912,4.610
914,626.680,626,680000000,2,/drone3,TRACKING,0,-1,3,2,2,4,28.566,10.263,10.013,0.067,29.971,-3.121,0.000,-6.455,0,nan,nan,nan,0.000,16.773,1000.000,0.000,10.000,13.457,0.013,0,1,1,1,0,1.256,-7.712,1,0.028,31.327,-3.304,-1.904,-1.356,0.183,1.904,2.344
915,626.900,626,900000000,0,/drone1,SURVEILLANCE,1,2,3,-1,-1,-1,30.248,-4.480,10.085,0.055,nan,nan,nan,nan,0,nan,nan,nan,nan,nan,nan,0.000,nan,nan,nan,0,0,0,0,0,nan,nan,0,nan,nan,nan,nan,nan,nan,nan,nan
916,626.900,626,900000000,1,/drone2,TRACKING,0,-1,3,0,0,3,30.032,2.790,10.024,0.050,27.118,4.321,0.000,-6.451,1,28.417,3.571,10.000,1.973,10.550,-0.063,0.000,10.000,3.292,0.024,0,1,1,1,0,1.976,-8.427,1,0.032,31.304,4.690,-1.878,-4.186,-0.370,1.878,4.603
917,626.900,626,900000000,2,/drone3,TRACKING,0,-1,3,2,2,4,28.569,10.265,10.010,0.067,29.974,-3.131,0.000,-6.465,0,nan,nan,nan,0.000,16.782,1000.000,0.000,10.000,13.469,0.010,0,1,1,1,0,1.253,-7.717,1,0.032,31.325,-3.304,-1.868,-1.350,0.174,1.868,2.311
918,627.168,627,168000000,0,/drone1,SURVEILLANCE,1,2,3,-1,-1,-1,30.254,-4.484,10.082,0.055,nan,nan,nan,nan,0,nan,nan,nan,nan,nan,nan,0.000,nan,nan,nan,0,0,0,0,0,nan,nan,0,nan,nan,nan,nan,nan,nan,nan,nan
919,627.168,627,168000000,1,/drone2,TRACKING,0,-1,3,0,0,3,30.032,2.789,10.024,0.050,27.118,4.323,0.000,-6.455,1,28.417,3.573,10.000,1.971,10.551,-0.061,0.000,10.000,3.293,0.024,0,1,1,1,0,1.974,-8.429,1,0.012,31.302,4.690,-1.829,-4.183,-0.367,1.829,4.580
920,627.168,627,168000000,2,/drone3,TRACKING,0,-1,3,2,2,4,28.565,10.268,10.013,0.067,29.970,-3.134,0.000,-6.449,0,nan,nan,nan,0.000,16.788,1000.000,0.000,10.000,13.475,0.013,0,1,1,1,0,1.257,-7.706,1,0.012,31.323,-3.305,-1.817,-1.352,0.171,1.817,2.272
921,627.500,627,500000000,0,/drone1,SURVEILLANCE,1,2,3,-1,-1,-1,30.257,-4.492,10.077,0.055,nan,nan,nan,nan,0,nan,nan,nan,nan,nan,nan,0.000,nan,nan,nan,0,0,0,0,0,nan,nan,0,nan,nan,nan,nan,nan,nan,nan,nan
922,627.500,627,500000000,1,/drone2,TRACKING,0,-1,3,0,0,3,30.033,2.788,10.029,0.050,27.119,4.319,0.000,-6.460,1,28.418,3.569,10.000,1.968,10.556,-0.056,0.000,10.000,3.292,0.029,0,1,1,1,0,1.972,-8.432,1,0.020,31.300,4.689,-1.770,-4.181,-0.370,1.770,4.555
923,627.500,627,500000000,2,/drone3,TRACKING,0,-1,3,2,2,4,28.558,10.269,10.018,0.067,29.990,-3.113,0.000,-6.454,0,nan,nan,nan,0.000,16.777,1000.000,0.000,10.000,13.458,0.018,0,1,1,1,0,1.257,-7.710,1,0.020,31.321,-3.305,-1.757,-1.331,0.193,1.757,2.213
924,627.800,627,800000000,0,/drone1,SURVEILLANCE,1,2,3,-1,-1,-1,30.255,-4.495,10.072,0.055,nan,nan,nan,nan,0,nan,nan,nan,nan,nan,nan,0.000,nan,nan,nan,0,0,0,0,0,nan,nan,0,nan,nan,nan,nan,nan,nan,nan,nan
925,627.800,627,800000000,1,/drone2,TRACKING,0,-1,3,0,0,3,30.031,2.791,10.032,0.050,27.124,4.313,0.000,-6.453,1,28.423,3.563,10.000,1.971,10.555,-0.060,0.000,10.000,3.282,0.032,0,1,1,1,0,1.976,-8.429,1,0.032,31.298,4.689,-1.717,-4.174,-0.376,1.717,4.530
926,627.800,627,800000000,2,/drone3,TRACKING,0,-1,3,2,2,4,28.555,10.260,10.016,0.067,30.007,-3.109,0.000,-6.462,0,nan,nan,nan,0.000,16.767,1000.000,0.000,10.000,13.447,0.016,0,1,1,1,0,1.255,-7.717,1,0.032,31.319,-3.306,-1.704,-1.313,0.197,1.704,2.160
927,628.156,628,156000000,0,/drone1,SURVEILLANCE,1,2,3,-1,-1,-1,30.260,-4.498,10.069,0.055,nan,nan,nan,nan,0,nan,nan,nan,nan,nan,nan,0.000,nan,nan,nan,0,0,0,0,0,nan,nan,0,nan,nan,nan,nan,nan,nan,nan,nan
928,628.156,628,156000000,1,/drone2,TRACKING,0,-1,3,0,0,3,30.023,2.781,10.039,0.050,27.143,4.315,0.000,-6.458,1,28.442,3.565,10.000,1.968,10.556,-0.057,0.000,10.000,3.263,0.039,0,1,1,1,0,1.974,-8.433,1,0.028,31.297,4.688,-1.654,-4.154,-0.374,1.654,4.487
929,628.156,628,156000000,2,/drone3,TRACKING,0,-1,3,2,2,4,28.559,10.250,10.011,0.067,30.007,-3.115,0.000,-6.458,0,nan,nan,nan,0.000,16.761,1000.000,0.000,10.000,13.443,0.011,0,1,1,1,0,1.256,-7.714,1,0.028,31.318,-3.306,-1.641,-1.312,0.191,1.641,2.109
930,628.572,628,572000000,0,/drone1,SURVEILLANCE,1,2,3,-1,-1,-1,30.259,-4.490,10.065,0.055,nan,nan,nan,nan,0,nan,nan,nan,nan,nan,nan,0.000,nan,nan,nan,0,0,0,0,0,nan,nan,0,nan,nan,nan,nan,nan,nan,nan,nan
931,628.572,628,572000000,1,/drone2,TRACKING,0,-1,3,0,0,3,30.015,2.775,10.043,0.050,27.135,4.316,0.000,-6.464,1,28.434,3.566,10.000,1.965,10.560,-0.053,0.000,10.000,3.267,0.043,0,1,1,1,0,1.972,-8.436,1,0.012,31.297,4.688,-1.585,-4.161,-0.372,1.585,4.468
932,628.572,628,572000000,2,/drone3,TRACKING,0,-1,3,2,2,4,28.562,10.248,10.015,0.067,29.979,-3.103,0.000,-6.454,0,nan,nan,nan,0.000,16.750,1000.000,0.000,10.000,13.427,0.015,0,1,1,1,0,1.259,-7.713,1,0.012,31.318,-3.306,-1.574,-1.339,0.203,1.574,2.076
933,628.900,628,900000000,0,/drone1,SURVEILLANCE,1,2,3,-1,-1,-1,30.251,-4.481,10.057,0.055,nan,nan,nan,nan,0,nan,nan,nan,nan,nan,nan,0.000,nan,nan,nan,0,0,0,0,0,nan,nan,0,nan,nan,nan,nan,nan,nan,nan,nan
934,628.900,628,900000000,1,/drone2,TRACKING,0,-1,3,0,0,3,30.008,2.780,10.036,0.050,27.080,4.304,0.000,-6.457,1,28.379,3.554,10.000,1.968,10.565,-0.055,0.000,10.000,3.301,0.036,0,1,1,1,0,1.973,-8.430,1,0.016,31.297,4.688,-1.541,-4.217,-0.384,1.541,4.506
935,628.900,628,900000000,2,/drone3,TRACKING,0,-1,3,2,2,4,28.565,10.252,10.026,0.067,29.979,-3.105,0.000,-6.463,0,nan,nan,nan,0.000,16.761,1000.000,0.000,10.000,13.432,0.026,0,1,1,1,0,1.256,-7.718,1,0.016,31.319,-3.306,-1.532,-1.340,0.201,1.532,2.045
936,629.212,629,212000000,0,/drone1,SURVEILLANCE,1,2,3,-1,-1,-1,30.243,-4.477,10.054,0.055,nan,nan,nan,nan,0,nan,nan,nan,nan,nan,nan,0.000,nan,nan,nan,0,0,0,0,0,nan,nan,0,nan,nan,nan,nan,nan,nan,nan,nan
937,629.212,629,212000000,1,/drone2,TRACKING,0,-1,3,0,0,3,30.013,2.787,10.030,0.050,27.050,4.303,0.000,-6.467,1,28.349,3.553,10.000,1.963,10.568,-0.049,0.000,10.000,3.329,0.030,0,1,1,1,0,1.967,-8.434,1,0.004,31.298,4.688,-1.507,-4.248,-0.384,1.507,4.524
938,629.212,629,212000000,2,/drone3,TRACKING,0,-1,3,2,2,4,28.563,10.258,10.035,0.067,29.996,-3.109,0.000,-6.462,0,nan,nan,nan,0.000,16.775,1000.000,0.000,10.000,13.443,0.035,0,1,1,1,0,1.255,-7.717,1,0.004,31.319,-3.306,-1.501,-1.323,0.197,1.501,2.010
939,629.576,629,576000000,0,/drone1,SURVEILLANCE,1,2,3,-1,-1,-1,30.236,-4.478,10.060,0.055,nan,nan,nan,nan,0,nan,nan,nan,nan,nan,nan,0.000,nan,nan,nan,0,0,0,0,0,nan,nan,0,nan,nan,nan,nan,nan,nan,nan,nan
940,629.576,629,576000000,1,/drone2,TRACKING,0,-1,3,0,0,3,30.024,2.792,10.031,0.050,27.029,4.329,0.000,-6.399,1,28.328,3.579,10.000,1.992,10.581,-0.076,0.000,10.000,3.367,0.031,0,1,1,1,0,1.997,-8.396,1,0.008,31.299,4.688,-1.483,-4.270,-0.359,1.483,4.534
941,629.576,629,576000000,2,/drone3,TRACKING,0,-1,3,2,2,4,28.557,10.263,10.042,0.067,29.976,-3.074,0.000,-6.454,0,nan,nan,nan,0.000,16.755,1000.000,0.000,10.000,13.412,0.042,0,1,1,1,0,1.260,-7.714,1,0.008,31.320,-3.306,-1.479,-1.344,0.232,1.479,2.012
942,629.872,629,872000000,0,/drone1,SURVEILLANCE,1,2,3,-1,-1,-1,30.241,-4.485,10.066,0.055,nan,nan,nan,nan,0,nan,nan,nan,nan,nan,nan,0.000,nan,nan,nan,0,0,0,0,0,nan,nan,0,nan,nan,nan,nan,nan,nan,nan,nan
943,629.872,629,872000000,1,/drone2,TRACKING,0,-1,3,0,0,3,30.027,2.799,10.030,0.050,27.029,4.322,0.000,-6.436,1,28.328,3.572,10.000,1.976,10.579,-0.060,0.000,10.000,3.362,0.030,0,1,1,1,0,1.980,-8.416,1,0.016,31.300,4.688,-1.474,-4.271,-0.366,1.474,4.533
944,629.872,629,872000000,2,/drone3,TRACKING,0,-1,3,2,2,4,28.556,10.263,10.034,0.067,29.963,-3.065,0.000,-6.459,0,nan,nan,nan,0.000,16.742,1000.000,0.000,10.000,13.402,0.034,0,1,1,1,0,1.259,-7.718,1,0.016,31.322,-3.306,-1.473,-1.359,0.241,1.473,2.018
945,630.136,630,136000000,0,/drone1,SURVEILLANCE,1,2,3,-1,-1,-1,30.251,-4.490,10.067,0.055,nan,nan,nan,nan,0,nan,nan,nan,nan,nan,nan,0.000,nan,nan,nan,0,0,0,0,0,nan,nan,0,nan,nan,nan,nan,nan,nan,nan,nan
946,630.136,630,136000000,1,/drone2,TRACKING,0,-1,3,0,0,3,30.030,2.795,10.023,0.050,27.021,4.321,0.000,-6.446,1,28.320,3.571,10.000,1.971,10.575,-0.056,0.000,10.000,3.373,0.023,0,1,1,1,0,1.975,-8.421,1,0.028,31.301,4.688,-1.474,-4.280,-0.367,1.474,4.542
947,630.136,630,136000000,2,/drone3,TRACKING,0,-1,3,2,2,4,28.557,10.261,10.030,0.067,29.951,-3.064,0.000,-6.458,0,nan,nan,nan,0.000,16.736,1000.000,0.000,10.000,13.397,0.030,0,1,1,1,0,1.259,-7.718,1,0.028,31.323,-3.306,-1.475,-1.372,0.242,1.475,2.029
948,630.468,630,468000000,0,/drone1,SURVEILLANCE,1,2,3,-1,-1,-1,30.261,-4.488,10.064,0.055,nan,nan,nan,nan,0,nan,nan,nan,nan,nan,nan,0.000,nan,nan,nan,0,0,0,0,0,nan,nan,0,nan,nan,nan,nan,nan,nan,nan,nan
949,630.468,630,468000000,1,/drone2,TRACKING,0,-1,3,0,0,3,30.031,2.789,10.015,0.050,27.003,4.317,0.000,-6.450,1,28.302,3.567,10.000,1.970,10.574,-0.055,0.000,10.000,3.391,0.015,0,1,1,1,0,1.972,-8.422,1,0.000,31.303,4.688,-1.488,-4.299,-0.371,1.488,4.565
950,630.468,630,468000000,2,/drone3,TRACKING,0,-1,3,2,2,4,28.561,10.253,10.031,0.067,29.950,-3.073,0.000,-6.456,0,nan,nan,nan,0.000,16.737,1000.000,0.000,10.000,13.398,0.031,0,1,1,1,0,1.260,-7.716,1,0.000,31.324,-3.306,-1.491,-1.374,0.233,1.491,2.041
951,630.732,630,732000000,0,/drone1,SURVEILLANCE,1,2,3,-1,-1,-1,30.257,-4.487,10.059,0.055,nan,nan,nan,nan,0,nan,nan,nan,nan,nan,nan,0.000,nan,nan,nan,0,0,0,0,0,nan,nan,0,nan,nan,nan,nan,nan,nan,nan,nan
952,630.732,630,732000000,1,/drone2,TRACKING,0,-1,3,0,0,3,30.024,2.790,10.017,0.050,26.984,4.311,0.000,-6.453,1,28.283,3.561,10.000,1.968,10.578,-0.052,0.000,10.000,3.400,0.017,0,1,1,1,0,1.970,-8.423,1,0.012,31.304,4.688,-1.507,-4.320,-0.378,1.507,4.591
953,630.732,630,732000000,2,/drone3,TRACKING,0,-1,3,2,2,4,28.563,10.255,10.032,0.067,29.949,-3.081,0.000,-6.464,0,nan,nan,nan,0.000,16.746,1000.000,0.000,10.000,13.408,0.032,0,1,1,1,0,1.257,-7.721,1,0.012,31.325,-3.306,-1.512,-1.376,0.225,1.512,2.057
954,631.060,631,60000000,0,/drone1,SURVEILLANCE,1,2,3,-1,-1,-1,30.258,-4.483,10.056,0.055,nan,nan,nan,nan,0,nan,nan,nan,nan,nan,nan,0.000,nan,nan,nan,0,0,0,0,0,nan,nan,0,nan,nan,nan,nan,nan,nan,nan,nan
955,631.060,631,60000000,1,/drone2,TRACKING,0,-1,3,0,0,3,30.024,2.786,10.016,0.050,26.966,4.308,0.000,-6.462,1,28.265,3.558,10.000,1.963,10.582,-0.046,0.000,10.000,3.416,0.016,0,1,1,1,0,1.965,-8.427,1,0.016,31.305,4.688,-1.540,-4.339,-0.380,1.540,4.620
956,631.060,631,60000000,2,/drone3,TRACKING,0,-1,3,2,2,4,28.565,10.253,10.032,0.067,29.943,-3.077,0.000,-6.464,0,nan,nan,nan,0.000,16.740,1000.000,0.000,10.000,13.401,0.032,0,1,1,1,0,1.257,-7.721,1,0.016,31.326,-3.306,-1.547,-1.383,0.229,1.547,2.088
957,631.400,631,400000000,0,/drone1,SURVEILLANCE,1,2,3,-1,-1,-1,30.258,-4.480,10.060,0.055,nan,nan,nan,nan,0,nan,nan,nan,nan,nan,nan,0.000,nan,nan,nan,0,0,0,0,0,nan,nan,0,nan,nan,nan,nan,nan,nan,nan,nan
958,631.400,631,400000000,1,/drone2,TRACKING,0,-1,3,0,0,3,30.028,2.786,10.022,0.050,26.927,4.300,0.000,-6.458,1,28.226,3.550,10.000,1.962,10.600,-0.042,0.000,10.000,3.451,0.022,0,1,1,1,0,1.965,-8.423,1,0.032,31.306,4.688,-1.584,-4.379,-0.388,1.584,4.673
959,631.400,631,400000000,2,/drone3,TRACKING,0,-1,3,2,2,4,28.563,10.265,10.026,0.067,29.930,-3.076,0.000,-6.454,0,nan,nan,nan,0.000,16.744,1000.000,0.000,10.000,13.411,0.026,0,1,1,1,0,1.260,-7.714,1,0.032,31.327,-3.306,-1.591,-1.397,0.230,1.591,2.130
960,631.712,631,712000000,0,/drone1,SURVEILLANCE,1,2,3,-1,-1,-1,30.249,-4.474,10.066,0.055,nan,nan,nan,nan,0,nan,nan,nan,nan,nan,nan,0.000,nan,nan,nan,0,0,0,0,0,nan,nan,0,nan,nan,nan,nan,nan,nan,nan,nan
961,631.712,631,712000000,1,/drone2,TRACKING,0,-1,3,0,0,3,30.022,2.786,10.032,0.050,26.934,4.301,0.000,-6.461,1,28.233,3.551,10.000,1.960,10.605,-0.039,0.000,10.000,3.440,0.032,0,1,1,1,0,1.964,-8.425,1,0.020,31.306,4.688,-1.635,-4.372,-0.387,1.635,4.683
962,631.712,631,712000000,2,/drone3,TRACKING,0,-1,3,2,2,4,28.559,10.270,10.026,0.067,29.927,-3.090,0.000,-6.458,0,nan,nan,nan,0.000,16.760,1000.000,0.000,10.000,13.430,0.026,0,1,1,1,0,1.257,-7.715,1,0.020,31.327,-3.306,-1.643,-1.399,0.216,1.643,2.169
963,632.084,632,84000000,0,/drone1,SURVEILLANCE,1,2,3,-1,-1,-1,30.249,-4.471,10.070,0.055,nan,nan,nan,nan,0,nan,nan,nan,nan,nan,nan,0.000,nan,nan,nan,0,0,0,0,0,nan,nan,0,nan,nan,nan,nan,nan,nan,nan,nan
964,632.084,632,84000000,1,/drone2,TRACKING,0,-1,3,0,0,3,30.016,2.788,10.036,0.050,26.977,4.304,0.000,-6.458,1,28.276,3.554,10.000,1.962,10.595,-0.043,0.000,10.000,3.397,0.036,0,1,1,1,0,1.968,-8.426,1,0.032,31.305,4.688,-1.698,-4.329,-0.383,1.698,4.666
965,632.084,632,84000000,2,/drone3,TRACKING,0,-1,3,2,2,4,28.559,10.276,10.033,0.067,29.921,-3.108,0.000,-6.468,0,nan,nan,nan,0.000,16.783,1000.000,0.000,10.000,13.453,0.033,0,1,1,1,0,1.252,-7.721,1,0.032,31.326,-3.307,-1.707,-1.404,0.199,1.707,2.219
966,632.300,632,300000000,0,/drone1,SURVEILLANCE,1,2,3,-1,-1,-1,30.246,-4.472,10.075,0.055,nan,nan,nan,nan,0,nan,nan,nan,nan,nan,nan,0.000,nan,nan,nan,0,0,0,0,0,nan,nan,0,nan,nan,nan,nan,nan,nan,nan,nan
967,632.300,632,300000000,1,/drone2,TRACKING,0,-1,3,0,0,3,30.020,2.792,10.032,0.050,26.896,4.532,0.000,-6.450,1,28.195,3.782,10.000,1.958,10.650,-0.027,0.000,10.000,3.576,0.032,0,1,1,1,0,1.962,-8.413,1,0.032,31.305,4.687,-1.739,-4.408,-0.155,1.739,4.741
968,632.300,632,300000000,2,/drone3,TRACKING,0,-1,3,2,2,4,28.560,10.278,10.037,0.067,29.913,-3.108,0.000,-6.463,0,nan,nan,nan,0.000,16.785,1000.000,0.000,10.000,13.454,0.037,0,1,1,1,0,1.254,-7.717,1,0.032,31.325,-3.307,-1.746,-1.412,0.199,1.746,2.254
969,632.620,632,620000000,0,/drone1,SURVEILLANCE,1,2,3,-1,-1,-1,30.243,-4.476,10.075,0.055,nan,nan,nan,nan,0,nan,nan,nan,nan,nan,nan,0.000,nan,nan,nan,0,0,0,0,0,nan,nan,0,nan,nan,nan,nan,nan,nan,nan,nan
970,632.620,632,620000000,1,/drone2,TRACKING,0,-1,3,0,0,3,30.029,2.801,10.029,0.050,26.965,4.299,0.000,-6.461,1,28.264,3.549,10.000,1.962,10.593,-0.043,0.000,10.000,3.410,0.029,0,1,1,1,0,1.966,-8.427,1,0.028,31.303,4.687,-1.799,-4.338,-0.388,1.799,4.712
971,632.620,632,620000000,2,/drone3,TRACKING,0,-1,3,2,2,4,28.562,10.276,10.032,0.067,29.916,-3.113,0.000,-6.451,0,nan,nan,nan,0.000,16.785,1000.000,0.000,10.000,13.457,0.032,0,1,1,1,0,1.258,-7.709,1,0.028,31.323,-3.308,-1.806,-1.407,0.195,1.806,2.297
972,632.968,632,968000000,0,/drone1,SURVEILLANCE,1,2,3,-1,-1,-1,30.242,-4.480,10.071,0.055,nan,nan,nan,nan,0,nan,nan,nan,nan,nan,nan,0.000,nan,nan,nan,0,0,0,0,0,nan,nan,0,nan,nan,nan,nan,nan,nan,nan,nan
973,632.968,632,968000000,1,/drone2,TRACKING,0,-1,3,0,0,3,30.033,2.806,10.032,0.050,26.968,4.301,0.000,-6.454,1,28.267,3.551,10.000,1.964,10.596,-0.045,0.000,10.000,3.410,0.032,0,1,1,1,0,1.969,-8.423,1,0.016,31.300,4.686,-1.865,-4.332,-0.385,1.865,4.732
974,632.968,632,968000000,2,/drone3,TRACKING,0,-1,3,2,2,4,28.558,10.270,10.024,0.067,29.915,-3.115,0.000,-6.457,0,nan,nan,nan,0.000,16.777,1000.000,0.000,10.000,13.453,0.024,0,1,1,1,0,1.256,-7.713,1,0.016,31.320,-3.309,-1.870,-1.405,0.194,1.870,2.346
975,633.140,633,140000000,0,/drone1,SURVEILLANCE,1,2,3,-1,-1,-1,30.241,-4.483,10.069,0.055,nan,nan,nan,nan,0,nan,nan,nan,nan,nan,nan,0.000,nan,nan,nan,0,0,0,0,0,nan,nan,0,nan,nan,nan,nan,nan,nan,nan,nan
976,633.140,633,140000000,1,/drone2,TRACKING,0,-1,3,0,0,3,30.036,2.805,10.032,0.050,26.987,4.312,0.000,-6.463,1,28.286,3.562,10.000,1.961,10.593,-0.042,0.000,10.000,3.401,0.032,0,1,1,1,0,1.965,-8.428,1,0.008,31.298,4.686,-1.896,-4.312,-0.374,1.896,4.725
977,633.140,633,140000000,2,/drone3,TRACKING,0,-1,3,2,2,4,28.558,10.269,10.020,0.067,29.910,-3.117,0.000,-6.464,0,nan,nan,nan,0.000,16.775,1000.000,0.000,10.000,13.453,0.020,0,1,1,1,0,1.254,-7.717,1,0.008,31.318,-3.309,-1.900,-1.408,0.192,1.900,2.372
978,633.300,633,300000000,0,/drone1,SURVEILLANCE,1,2,3,-1,-1,-1,30.241,-4.482,10.065,0.055,nan,nan,nan,nan,0,nan,nan,nan,nan,nan,nan,0.000,nan,nan,nan,0,0,0,0,0,nan,nan,0,nan,nan,nan,nan,nan,nan,nan,nan
979,633.300,633,300000000,1,/drone2,TRACKING,0,-1,3,0,0,3,30.041,2.806,10.033,0.050,26.994,4.313,0.000,-6.465,1,28.293,3.563,10.000,1.960,10.593,-0.041,0.000,10.000,3.399,0.033,0,1,1,1,0,1.965,-8.430,1,0.024,31.297,4.686,-1.920,-4.303,-0.373,1.920,4.726
980,633.300,633,300000000,2,/drone3,TRACKING,0,-1,3,2,2,4,28.558,10.269,10.018,0.067,29.908,-3.120,0.000,-6.452,0,nan,nan,nan,0.000,16.776,1000.000,0.000,10.000,13.457,0.018,0,1,1,1,0,1.257,-7.709,1,0.024,31.317,-3.309,-1.922,-1.409,0.189,1.922,2.390
981,633.380,633,380000000,0,/drone1,SURVEILLANCE,1,2,3,-1,-1,-1,30.241,-4.482,10.062,0.055,nan,nan,nan,nan,0,nan,nan,nan,nan,nan,nan,0.000,nan,nan,nan,0,0,0,0,0,nan,nan,0,nan,nan,nan,nan,nan,nan,nan,nan
982,633.380,633,380000000,1,/drone2,TRACKING,0,-1,3,0,0,3,30.041,2.807,10.034,0.050,26.999,4.314,0.000,-6.468,1,28.298,3.564,10.000,1.959,10.593,-0.040,0.000,10.000,3.395,0.034,0,1,1,1,0,1.964,-8.431,1,0.040,31.296,4.686,-1.931,-4.297,-0.371,1.931,4.726
983,633.380,633,380000000,2,/drone3,TRACKING,0,-1,3,2,2,4,28.559,10.268,10.017,0.067,29.908,-3.121,0.000,-6.455,0,nan,nan,nan,0.000,16.776,1000.000,0.000,10.000,13.457,0.017,0,1,1,1,0,1.256,-7.712,1,0.040,31.316,-3.309,-1.933,-1.408,0.188,1.933,2.399
984,633.600,633,600000000,0,/drone1,SURVEILLANCE,1,2,3,-1,-1,-1,30.238,-4.485,10.061,0.055,nan,nan,nan,nan,0,nan,nan,nan,nan,nan,nan,0.000,nan,nan,nan,0,0,0,0,0,nan,nan,0,nan,nan,nan,nan,nan,nan,nan,nan
985,633.600,633,600000000,1,/drone2,TRACKING,0,-1,3,0,0,3,30.039,2.805,10.033,0.050,27.031,4.316,0.000,-6.463,1,28.330,3.566,10.000,1.962,10.583,-0.046,0.000,10.000,3.366,0.033,0,1,1,1,0,1.967,-8.430,1,0.000,31.293,4.685,-1.968,-4.262,-0.369,1.968,4.709
986,633.600,633,600000000,2,/drone3,TRACKING,0,-1,3,2,2,4,28.560,10.267,10.012,0.067,29.904,-3.134,0.000,-6.452,0,nan,nan,nan,0.000,16.782,1000.000,0.000,10.000,13.469,0.012,0,1,1,1,0,1.257,-7.709,1,0.000,31.313,-3.310,-1.968,-1.409,0.176,1.968,2.427
987,633.932,633,932000000,0,/drone1,SURVEILLANCE,1,2,3,-1,-1,-1,30.239,-4.488,10.060,0.055,nan,nan,nan,nan,0,nan,nan,nan,nan,nan,nan,0.000,nan,nan,nan,0,0,0,0,0,nan,nan,0,nan,nan,nan,nan,nan,nan,nan,nan
988,633.932,633,932000000,1,/drone2,TRACKING,0,-1,3,0,0,3,30.039,2.801,10.031,0.050,27.054,4.321,0.000,-6.455,1,28.353,3.571,10.000,1.967,10.576,-0.052,0.000,10.000,3.350,0.031,0,1,1,1,0,1.972,-8.427,1,0.008,31.289,4.684,-2.008,-4.234,-0.363,2.008,4.700
989,633.932,633,932000000,2,/drone3,TRACKING,0,-1,3,2,2,4,28.558,10.271,10.016,0.067,29.904,-3.144,0.000,-6.465,0,nan,nan,nan,0.000,16.795,1000.000,0.000,10.000,13.482,0.016,0,1,1,1,0,1.252,-7.717,1,0.008,31.309,-3.311,-2.005,-1.405,0.167,2.005,2.454
990,634.200,634,200000000,0,/drone1,SURVEILLANCE,1,2,3,-1,-1,-1,30.238,-4.488,10.058,0.055,nan,nan,nan,nan,0,nan,nan,nan,nan,nan,nan,0.000,nan,nan,nan,0,0,0,0,0,nan,nan,0,nan,nan,nan,nan,nan,nan,nan,nan
991,634.200,634,200000000,1,/drone2,TRACKING,0,-1,3,0,0,3,30.046,2.794,10.012,0.065,27.031,4.314,0.000,-6.457,1,28.330,3.564,10.000,1.968,10.566,-0.055,0.000,10.000,3.377,0.012,0,1,1,1,0,1.970,-8.426,1,0.024,31.285,4.684,-2.032,-4.255,-0.370,2.032,4.729
992,634.200,634,200000000,2,/drone3,TRACKING,0,-1,3,2,2,4,28.558,10.275,10.021,0.067,29.912,-3.159,0.000,-6.453,0,nan,nan,nan,0.000,16.815,1000.000,0.000,10.000,13.502,0.021,0,1,1,1,0,1.254,-7.707,1,0.024,31.305,-3.311,-2.027,-1.393,0.152,2.027,2.464
993,634.636,634,636000000,0,/drone1,SURVEILLANCE,1,2,3,-1,-1,-1,30.237,-4.487,10.058,0.055,nan,nan,nan,nan,0,nan,nan,nan,nan,nan,nan,0.000,nan,nan,nan,0,0,0,0,0,nan,nan,0,nan,nan,nan,nan,nan,nan,nan,nan
994,634.636,634,636000000,1,/drone2,TRACKING,0,-1,3,0,0,3,30.163,2.720,9.996,0.084,27.058,4.243,0.000,-6.454,1,28.357,3.493,10.000,1.967,10.577,-0.052,0.000,10.000,3.458,0.004,0,1,1,1,0,1.967,-8.421,1,0.028,31.279,4.683,-2.056,-4.221,-0.440,2.056,4.716
995,634.636,634,636000000,2,/drone3,TRACKING,0,-1,3,2,2,4,28.555,10.276,10.029,0.067,29.927,-3.221,0.000,-6.453,0,nan,nan,nan,0.000,16.871,1000.000,0.000,10.000,13.566,0.029,0,1,1,1,0,1.250,-7.703,1,0.028,31.299,-3.312,-2.049,-1.372,0.091,2.049,2.467
996,635.036,635,36000000,0,/drone1,SURVEILLANCE,1,2,3,-1,-1,-1,30.231,-4.490,10.065,0.055,nan,nan,nan,nan,0,nan,nan,nan,nan,nan,nan,0.000,nan,nan,nan,0,0,0,0,0,nan,nan,0,nan,nan,nan,nan,nan,nan,nan,nan
997,635.036,635,36000000,1,/drone2,TRACKING,0,-1,3,0,0,3,30.321,2.628,9.985,0.077,27.143,4.135,0.000,-6.461,1,28.442,3.385,10.000,1.963,10.586,-0.045,0.000,10.000,3.517,0.015,0,1,1,1,0,1.960,-8.422,1,0.032,31.273,4.682,-2.060,-4.130,-0.547,2.060,4.647
998,635.036,635,36000000,2,/drone3,TRACKING,0,-1,3,2,2,4,28.558,10.283,10.030,0.067,30.140,-3.890,0.000,-6.454,0,nan,nan,nan,0.000,17.435,1000.000,0.000,10.000,14.261,0.030,0,1,1,1,0,1.204,-7.658,1,0.032,31.294,-3.312,-2.050,-1.154,-0.577,2.050,2.422
999,635.452,635,452000000,0,/drone1,SURVEILLANCE,1,2,3,-1,-1,-1,30.223,-4.493,10.074,0.055,nan,nan,nan,nan,0,nan,nan,nan,nan,nan,nan,0.000,nan,nan,nan,0,0,0,0,0,nan,nan,0,nan,nan,nan,nan,nan,nan,nan,nan
1000,635.452,635,452000000,1,/drone2,TRACKING,0,-1,3,0,0,3,30.419,2.559,9.983,0.071,27.235,4.073,0.000,-6.464,1,28.534,3.323,10.000,1.961,10.588,-0.044,0.000,10.000,3.526,0.017,0,1,1,1,0,1.959,-8.422,1,0.016,31.267,4.682,-2.043,-4.032,-0.608,2.043,4.561
1001,635.452,635,452000000,2,/drone3,TRACKING,0,-1,3,2,2,4,28.563,10.283,10.025,0.067,30.400,-4.207,0.000,-6.462,0,nan,nan,nan,0.000,17.715,1000.000,0.000,10.000,14.606,0.025,0,1,1,1,0,1.180,-7.642,1,0.016,31.288,-3.313,-2.032,-0.888,-0.894,2.032,2.391
1002,635.900,635,900000000,0,/drone1,SURVEILLANCE,1,2,3,-1,-1,-1,30.225,-4.485,10.081,0.055,nan,nan,nan,nan,0,nan,nan,nan,nan,nan,nan,0.000,nan,nan,nan,0,0,0,0,0,nan,nan,0,nan,nan,nan,nan,nan,nan,nan,nan
1003,635.900,635,900000000,1,/drone2,TRACKING,0,-1,3,0,0,3,30.438,2.534,9.993,0.065,27.339,4.061,0.000,-6.458,1,28.638,3.311,10.000,1.966,10.573,-0.051,0.000,10.000,3.454,0.007,0,1,1,1,0,1.965,-8.423,1,0.032,31.262,4.681,-2.006,-3.922,-0.620,2.006,4.449
1004,635.900,635,900000000,2,/drone3,TRACKING,0,-1,3,2,2,4,28.574,10.273,10.016,0.067,30.620,-4.333,0.000,-6.464,0,nan,nan,nan,0.000,17.828,1000.000,0.000,10.000,14.749,0.016,0,1,1,1,0,1.170,-7.635,1,0.032,31.283,-3.313,-1.995,-0.663,-1.021,1.995,2.337
1005,636.292,636,292000000,0,/drone1,SURVEILLANCE,1,2,3,-1,-1,-1,30.232,-4.485,10.077,0.055,nan,nan,nan,nan,0,nan,nan,nan,nan,nan,nan,0.000,nan,nan,nan,0,0,0,0,0,nan,nan,0,nan,nan,nan,nan,nan,nan,nan,nan
1006,636.292,636,292000000,1,/drone2,TRACKING,0,-1,3,0,0,3,30.398,2.560,10.013,0.061,27.405,4.057,0.000,-6.459,1,28.704,3.307,10.000,1.968,10.557,-0.057,0.000,10.000,3.347,0.013,0,1,1,1,0,1.970,-8.429,1,0.028,31.257,4.681,-1.956,-3.852,-0.624,1.956,4.365
1007,636.292,636,292000000,2,/drone3,TRACKING,0,-1,3,2,2,4,28.575,10.266,10.016,0.067,30.720,-4.360,0.000,-6.467,0,nan,nan,nan,0.000,17.857,1000.000,0.000,10.000,14.783,0.016,0,1,1,1,0,1.167,-7.634,1,0.028,31.278,-3.313,-1.947,-0.558,-1.047,1.947,2.280
1008,636.672,636,672000000,0,/drone1,SURVEILLANCE,1,2,3,-1,-1,-1,30.236,-4.479,10.070,0.055,nan,nan,nan,nan,0,nan,nan,nan,nan,nan,nan,0.000,nan,nan,nan,0,0,0,0,0,nan,nan,0,nan,nan,nan,nan,nan,nan,nan,nan
1009,636.672,636,672000000,1,/drone2,TRACKING,0,-1,3,0,0,3,30.331,2.597,10.020,0.059,27.420,4.055,0.000,-6.467,1,28.719,3.305,10.000,1.968,10.536,-0.061,0.000,10.000,3.256,0.020,0,1,1,1,0,1.971,-8.438,1,0.012,31.253,4.681,-1.896,-3.834,-0.626,1.896,4.322
1010,636.672,636,672000000,2,/drone3,TRACKING,0,-1,3,2,2,4,28.567,10.257,10.032,0.067,30.721,-4.323,0.000,-6.464,0,nan,nan,nan,0.000,17.828,1000.000,0.000,10.000,14.738,0.032,0,1,1,1,0,1.171,-7.635,1,0.012,31.275,-3.312,-1.889,-0.554,-1.010,1.889,2.212
1011,637.100,637,100000000,0,/drone1,SURVEILLANCE,1,2,3,-1,-1,-1,30.246,-4.473,10.070,0.055,nan,nan,nan,nan,0,nan,nan,nan,nan,nan,nan,0.000,nan,nan,nan,0,0,0,0,0,nan,nan,0,nan,nan,nan,nan,nan,nan,nan,nan
1012,637.100,637,100000000,1,/drone2,TRACKING,0,-1,3,0,0,3,30.237,2.642,10.041,0.057,27.366,4.052,0.000,-6.453,1,28.665,3.302,10.000,1.974,10.538,-0.066,0.000,10.000,3.199,0.041,0,1,1,1,0,1.980,-8.433,1,0.008,31.250,4.681,-1.821,-3.885,-0.629,1.821,4.336
1013,637.100,637,100000000,2,/drone3,TRACKING,0,-1,3,2,2,4,28.554,10.256,10.039,0.067,30.654,-4.275,0.000,-6.455,0,nan,nan,nan,0.000,17.787,1000.000,0.000,10.000,14.682,0.039,0,1,1,1,0,1.177,-7.632,1,0.008,31.272,-3.312,-1.818,-0.618,-0.963,1.818,2.148
1014,637.428,637,428000000,0,/drone1,SURVEILLANCE,1,2,3,-1,-1,-1,30.251,-4.470,10.071,0.055,nan,nan,nan,nan,0,nan,nan,nan,nan,nan,nan,0.000,nan,nan,nan,0,0,0,0,0,nan,nan,0,nan,nan,nan,nan,nan,nan,nan,nan
1015,637.428,637,428000000,1,/drone2,TRACKING,0,-1,3,0,0,3,30.190,2.670,10.059,0.054,27.310,4.052,0.000,-6.452,1,28.609,3.302,10.000,1.972,10.554,-0.061,0.000,10.000,3.195,0.059,0,1,1,1,0,1.980,-8.433,1,0.012,31.248,4.681,-1.763,-3.939,-0.629,1.763,4.361
1016,637.428,637,428000000,2,/drone3,TRACKING,0,-1,3,2,2,4,28.553,10.263,10.036,0.067,30.569,-4.246,0.000,-6.453,0,nan,nan,nan,0.000,17.756,1000.000,0.000,10.000,14.648,0.036,0,1,1,1,0,1.180,-7.633,1,0.012,31.270,-3.312,-1.763,-0.701,-0.934,1.763,2.114
1017,637.696,637,696000000,0,/drone1,SURVEILLANCE,1,2,3,-1,-1,-1,30.256,-4.473,10.070,0.055,nan,nan,nan,nan,0,nan,nan,nan,nan,nan,nan,0.000,nan,nan,nan,0,0,0,0,0,nan,nan,0,nan,nan,nan,nan,nan,nan,nan,nan
1018,637.696,637,696000000,1,/drone2,TRACKING,0,-1,3,0,0,3,30.161,2.690,10.065,0.054,27.274,4.057,0.000,-6.448,1,28.573,3.307,10.000,1.973,10.560,-0.061,0.000,10.000,3.194,0.065,0,1,1,1,0,1.982,-8.431,1,0.028,31.247,4.681,-1.719,-3.973,-0.624,1.719,4.374
1019,637.696,637,696000000,2,/drone3,TRACKING,0,-1,3,2,2,4,28.553,10.273,10.036,0.067,30.520,-4.234,0.000,-6.450,0,nan,nan,nan,0.000,17.749,1000.000,0.000,10.000,14.640,0.036,0,1,1,1,0,1.181,-7.632,1,0.028,31.269,-3.311,-1.721,-0.749,-0.923,1.721,2.091
1020,637.912,637,912000000,0,/drone1,SURVEILLANCE,1,2,3,-1,-1,-1,30.258,-4.475,10.063,0.055,nan,nan,nan,nan,0,nan,nan,nan,nan,nan,nan,0.000,nan,nan,nan,0,0,0,0,0,nan,nan,0,nan,nan,nan,nan,nan,nan,nan,nan
1021,637.912,637,912000000,1,/drone2,TRACKING,0,-1,3,0,0,3,30.116,2.715,10.072,0.053,27.255,4.063,0.000,-6.452,1,28.554,3.313,10.000,1.971,10.557,-0.060,0.000,10.000,3.163,0.072,0,1,1,1,0,1.982,-8.434,1,0.028,31.246,4.682,-1.681,-3.991,-0.619,1.681,4.375
1022,637.912,637,912000000,2,/drone3,TRACKING,0,-1,3,2,2,4,28.554,10.274,10.033,0.067,30.488,-4.225,0.000,-6.452,0,nan,nan,nan,0.000,17.738,1000.000,0.000,10.000,14.627,0.033,0,1,1,1,0,1.182,-7.634,1,0.028,31.268,-3.311,-1.686,-0.781,-0.914,1.686,2.071
1023,638.188,638,188000000,0,/drone1,SURVEILLANCE,1,2,3,-1,-1,-1,30.256,-4.475,10.058,0.055,nan,nan,nan,nan,0,nan,nan,nan,nan,nan,nan,0.000,nan,nan,nan,0,0,0,0,0,nan,nan,0,nan,nan,nan,nan,nan,nan,nan,nan
1024,638.188,638,188000000,1,/drone2,TRACKING,0,-1,3,0,0,3,30.089,2.728,10.071,0.053,27.247,4.070,0.000,-6.459,1,28.546,3.320,10.000,1.969,10.550,-0.059,0.000,10.000,3.143,0.071,0,1,1,1,0,1.980,-8.439,1,0.016,31.246,4.682,-1.635,-3.999,-0.612,1.635,4.363
1025,638.188,638,188000000,2,/drone3,TRACKING,0,-1,3,2,2,4,28.560,10.273,10.027,0.067,30.459,-4.215,0.000,-6.460,0,nan,nan,nan,0.000,17.721,1000.000,0.000,10.000,14.611,0.027,0,1,1,1,0,1.180,-7.640,1,0.016,31.268,-3.311,-1.642,-0.809,-0.904,1.642,2.042
1026,638.560,638,560000000,0,/drone1,SURVEILLANCE,1,2,3,-1,-1,-1,30.243,-4.476,10.058,0.055,nan,nan,nan,nan,0,nan,nan,nan,nan,nan,nan,0.000,nan,nan,nan,0,0,0,0,0,nan,nan,0,nan,nan,nan,nan,nan,nan,nan,nan
1027,638.560,638,560000000,1,/drone2,TRACKING,0,-1,3,0,0,3,30.031,2.769,10.074,0.052,27.227,4.081,0.000,-6.455,1,28.526,3.331,10.000,1.973,10.539,-0.065,0.000,10.000,3.096,0.074,0,1,1,1,0,1.984,-8.439,1,0.028,31.246,4.682,-1.584,-4.019,-0.602,1.584,4.361
1028,638.560,638,560000000,2,/drone3,TRACKING,0,-1,3,2,2,4,28.567,10.263,10.024,0.067,30.421,-4.173,0.000,-6.450,0,nan,nan,nan,0.000,17.672,1000.000,0.000,10.000,14.555,0.024,0,1,1,1,0,1.187,-7.637,1,0.028,31.268,-3.310,-1.594,-0.847,-0.863,1.594,2.001
1029,638.804,638,804000000,0,/drone1,SURVEILLANCE,1,2,3,-1,-1,-1,30.246,-4.479,10.061,0.055,nan,nan,nan,nan,0,nan,nan,nan,nan,nan,nan,0.000,nan,nan,nan,0,0,0,0,0,nan,nan,0,nan,nan,nan,nan,nan,nan,nan,nan
1030,638.804,638,804000000,1,/drone2,TRACKING,0,-1,3,0,0,3,29.993,2.795,10.079,0.051,27.206,4.085,0.000,-6.457,1,28.505,3.335,10.000,1.972,10.536,-0.065,0.000,10.000,3.072,0.079,0,1,1,1,0,1.984,-8.441,1,0.020,31.246,4.682,-1.553,-4.040,-0.597,1.553,4.369
1031,638.804,638,804000000,2,/drone3,TRACKING,0,-1,3,2,2,4,28.577,10.261,10.026,0.067,30.408,-4.144,0.000,-6.457,0,nan,nan,nan,0.000,17.646,1000.000,0.000,10.000,14.521,0.026,0,1,1,1,0,1.187,-7.644,1,0.020,31.268,-3.310,-1.567,-0.860,-0.834,1.567,1.972
1032,639.028,639,28000000,0,/drone1,SURVEILLANCE,1,2,3,-1,-1,-1,30.249,-4.480,10.060,0.055,nan,nan,nan,nan,0,nan,nan,nan,nan,nan,nan,0.000,nan,nan,nan,0,0,0,0,0,nan,nan,0,nan,nan,nan,nan,nan,nan,nan,nan
1033,639.028,639,28000000,1,/drone2,TRACKING,0,-1,3,0,0,3,29.980,2.809,10.078,0.051,27.217,4.091,0.000,-6.456,1,28.516,3.341,10.000,1.974,10.528,-0.069,0.000,10.000,3.046,0.078,0,1,1,1,0,1.986,-8.442,1,0.028,31.246,4.683,-1.532,-4.029,-0.592,1.532,4.351
1034,639.028,639,28000000,2,/drone3,TRACKING,0,-1,3,2,2,4,28.585,10.261,10.031,0.067,30.413,-4.133,0.000,-6.457,0,nan,nan,nan,0.000,17.640,1000.000,0.000,10.000,14.510,0.031,0,1,1,1,0,1.187,-7.645,1,0.028,31.268,-3.310,-1.547,-0.855,-0.823,1.547,1.950
1035,639.284,639,284000000,0,/drone1,SURVEILLANCE,1,2,3,-1,-1,-1,30.252,-4.480,10.063,0.055,nan,nan,nan,nan,0,nan,nan,nan,nan,nan,nan,0.000,nan,nan,nan,0,0,0,0,0,nan,nan,0,nan,nan,nan,nan,nan,nan,nan,nan
1036,639.284,639,284000000,1,/drone2,TRACKING,0,-1,3,0,0,3,29.946,2.833,10.077,0.051,27.224,4.093,0.000,-6.448,1,28.523,3.343,10.000,1.980,10.513,-0.077,0.000,10.000,2.999,0.077,0,1,1,1,0,1.992,-8.440,1,0.032,31.246,4.683,-1.513,-4.022,-0.590,1.513,4.338
1037,639.284,639,284000000,2,/drone3,TRACKING,0,-1,3,2,2,4,28.594,10.259,10.030,0.067,30.416,-4.109,0.000,-6.452,0,nan,nan,nan,0.000,17.617,1000.000,0.000,10.000,14.483,0.030,0,1,1,1,0,1.191,-7.643,1,0.032,31.268,-3.310,-1.529,-0.852,-0.799,1.529,1.924
1038,639.492,639,492000000,0,/drone1,SURVEILLANCE,1,2,3,-1,-1,-1,30.251,-4.481,10.065,0.055,nan,nan,nan,nan,0,nan,nan,nan,nan,nan,nan,0.000,nan,nan,nan,0,0,0,0,0,nan,nan,0,nan,nan,nan,nan,nan,nan,nan,nan
1039,639.492,639,492000000,1,/drone2,TRACKING,0,-1,3,0,0,3,29.908,2.859,10.080,0.050,27.217,4.094,0.000,-6.463,1,28.516,3.344,10.000,1.974,10.505,-0.073,0.000,10.000,2.961,0.080,0,1,1,1,0,1.986,-8.449,1,0.024,31.247,4.683,-1.501,-4.030,-0.589,1.501,4.341
1040,639.492,639,492000000,2,/drone3,TRACKING,0,-1,3,2,2,4,28.597,10.259,10.031,0.067,30.421,-4.083,0.000,-6.458,0,nan,nan,nan,0.000,17.597,1000.000,0.000,10.000,14.458,0.031,0,1,1,1,0,1.190,-7.649,1,0.024,31.269,-3.310,-1.518,-0.848,-0.774,1.518,1.904
1041,639.728,639,728000000,0,/drone1,SURVEILLANCE,1,2,3,-1,-1,-1,30.250,-4.480,10.071,0.055,nan,nan,nan,nan,0,nan,nan,nan,nan,nan,nan,0.000,nan,nan,nan,0,0,0,0,0,nan,nan,0,nan,nan,nan,nan,nan,nan,nan,nan
1042,639.728,639,728000000,1,/drone2,TRACKING,0,-1,3,0,0,3,29.889,2.874,10.076,0.050,27.205,4.097,0.000,-6.458,1,28.504,3.347,10.000,1.978,10.499,-0.078,0.000,10.000,2.949,0.076,0,1,1,1,0,1.989,-8.447,1,0.008,31.248,4.683,-1.494,-4.042,-0.586,1.494,4.349
1043,639.728,639,728000000,2,/drone3,TRACKING,0,-1,3,2,2,4,28.593,10.263,10.034,0.067,30.437,-4.079,0.000,-6.458,0,nan,nan,nan,0.000,17.600,1000.000,0.000,10.000,14.460,0.034,0,1,1,1,0,1.190,-7.648,1,0.008,31.269,-3.310,-1.512,-0.833,-0.770,1.512,1.890
1044,639.976,639,976000000,0,/drone1,SURVEILLANCE,1,2,3,-1,-1,-1,30.251,-4.479,10.076,0.055,nan,nan,nan,nan,0,nan,nan,nan,nan,nan,nan,0.000,nan,nan,nan,0,0,0,0,0,nan,nan,0,nan,nan,nan,nan,nan,nan,nan,nan
1045,639.976,639,976000000,1,/drone2,TRACKING,0,-1,3,0,0,3,29.866,2.896,10.079,0.050,27.195,4.099,0.000,-6.455,1,28.494,3.349,10.000,1.980,10.496,-0.080,0.000,10.000,2.930,0.079,0,1,1,1,0,1.992,-8.446,1,0.004,31.248,4.683,-1.493,-4.054,-0.584,1.493,4.359
1046,639.976,639,976000000,2,/drone3,TRACKING,0,-1,3,2,2,4,28.583,10.261,10.028,0.067,30.443,-4.079,0.000,-6.457,0,nan,nan,nan,0.000,17.597,1000.000,0.000,10.000,14.460,0.028,0,1,1,1,0,1.191,-7.647,1,0.004,31.270,-3.310,-1.511,-0.827,-0.769,1.511,1.887
1047,640.200,640,200000000,0,/drone1,SURVEILLANCE,1,2,3,-1,-1,-1,30.249,-4.476,10.075,0.055,nan,nan,nan,nan,0,nan,nan,nan,nan,nan,nan,0.000,nan,nan,nan,0,0,0,0,0,nan,nan,0,nan,nan,nan,nan,nan,nan,nan,nan
1048,640.200,640,200000000,1,/drone2,TRACKING,0,-1,3,0,0,3,29.829,2.922,10.088,0.049,27.192,4.104,0.000,-6.454,1,28.491,3.354,10.000,1.981,10.494,-0.082,0.000,10.000,2.889,0.088,0,1,1,1,0,1.994,-8.448,1,0.012,31.249,4.683,-1.498,-4.057,-0.579,1.498,4.363
1049,640.200,640,200000000,2,/drone3,TRACKING,0,-1,3,2,2,4,28.577,10.258,10.025,0.067,30.445,-4.068,0.000,-6.461,0,nan,nan,nan,0.000,17.585,1000.000,0.000,10.000,14.447,0.025,0,1,1,1,0,1.190,-7.651,1,0.012,31.271,-3.310,-1.516,-0.826,-0.758,1.516,1.885
1050,640.432,640,432000000,0,/drone1,SURVEILLANCE,1,2,3,-1,-1,-1,30.247,-4.475,10.076,0.055,nan,nan,nan,nan,0,nan,nan,nan,nan,nan,nan,0.000,nan,nan,nan,0,0,0,0,0,nan,nan,0,nan,nan,nan,nan,nan,nan,nan,nan
1051,640.432,640,432000000,1,/drone2,TRACKING,0,-1,3,0,0,3,29.807,2.934,10.087,0.050,27.196,4.112,0.000,-6.450,1,28.495,3.362,10.000,1.984,10.486,-0.086,0.000,10.000,2.864,0.087,0,1,1,1,0,1.997,-8.447,1,0.028,31.249,4.683,-1.508,-4.054,-0.570,1.508,4.362
1052,640.432,640,432000000,2,/drone3,TRACKING,0,-1,3,2,2,4,28.576,10.260,10.025,0.067,30.437,-4.049,0.000,-6.456,0,nan,nan,nan,0.000,17.570,1000.000,0.000,10.000,14.429,0.025,0,1,1,1,0,1.193,-7.649,1,0.028,31.271,-3.310,-1.525,-0.834,-0.739,1.525,1.888
1053,640.664,640,664000000,0,/drone1,SURVEILLANCE,1,2,3,-1,-1,-1,30.243,-4.473,10.078,0.055,nan,nan,nan,nan,0,nan,nan,nan,nan,nan,nan,0.000,nan,nan,nan,0,0,0,0,0,nan,nan,0,nan,nan,nan,nan,nan,nan,nan,nan
1054,640.664,640,664000000,1,/drone2,TRACKING,0,-1,3,0,0,3,29.783,2.946,10.087,0.049,27.191,4.122,0.000,-6.459,1,28.490,3.372,10.000,1.980,10.481,-0.084,0.000,10.000,2.845,0.087,0,1,1,1,0,1.994,-8.452,1,0.008,31.250,4.682,-1.525,-4.058,-0.560,1.525,4.372
1055,640.664,640,664000000,2,/drone3,TRACKING,0,-1,3,2,2,4,28.580,10.266,10.022,0.067,30.424,-4.017,0.000,-6.456,0,nan,nan,nan,0.000,17.546,1000.000,0.000,10.000,14.402,0.022,0,1,1,1,0,1.195,-7.651,1,0.008,31.271,-3.310,-1.540,-0.847,-0.707,1.540,1.895
1056,640.924,640,924000000,0,/drone1,SURVEILLANCE,1,2,3,-1,-1,-1,30.240,-4.477,10.077,0.055,nan,nan,nan,nan,0,nan,nan,nan,nan,nan,nan,0.000,nan,nan,nan,0,0,0,0,0,nan,nan,0,nan,nan,nan,nan,nan,nan,nan,nan
1057,640.924,640,924000000,1,/drone2,TRACKING,0,-1,3,0,0,3,29.743,2.966,10.090,0.049,27.162,4.127,0.000,-6.464,1,28.461,3.377,10.000,1.978,10.479,-0.082,0.000,10.000,2.829,0.090,0,1,1,1,0,1.992,-8.456,1,0.016,31.250,4.682,-1.547,-4.088,-0.555,1.547,4.406
1058,640.924,640,924000000,2,/drone3,TRACKING,0,-1,3,2,2,4,28.579,10.272,10.015,0.067,30.411,-4.008,0.000,-6.464,0,nan,nan,nan,0.000,17.538,1000.000,0.000,10.000,14.397,0.015,0,1,1,1,0,1.193,-7.656,1,0.016,31.272,-3.311,-1.561,-0.860,-0.697,1.561,1.914
1059,641.356,641,356000000,0,/drone1,SURVEILLANCE,1,2,3,-1,-1,-1,30.231,-4.491,10.073,0.055,nan,nan,nan,nan,0,nan,nan,nan,nan,nan,nan,0.000,nan,nan,nan,0,0,0,0,0,nan,nan,0,nan,nan,nan,nan,nan,nan,nan,nan
1060,641.356,641,356000000,1,/drone2,TRACKING,0,-1,3,0,0,3,29.684,2.983,10.076,0.049,27.135,4.128,0.000,-6.456,1,28.434,3.378,10.000,1.986,10.456,-0.094,0.000,10.000,2.794,0.076,0,1,1,1,0,1.997,-8.453,1,0.016,31.250,4.681,-1.597,-4.115,-0.553,1.597,4.449
1061,641.356,641,356000000,2,/drone3,TRACKING,0,-1,3,2,2,4,28.579,10.283,10.011,0.067,30.385,-3.995,0.000,-6.453,0,nan,nan,nan,0.000,17.532,1000.000,0.000,10.000,14.392,0.011,0,1,1,1,0,1.196,-7.649,1,0.016,31.272,-3.312,-1.606,-0.886,-0.683,1.606,1.957
1062,641.772,641,772000000,0,/drone1,SURVEILLANCE,1,2,3,-1,-1,-1,30.234,-4.504,10.065,0.055,nan,nan,nan,nan,0,nan,nan,nan,nan,nan,nan,0.000,nan,nan,nan,0,0,0,0,0,nan,nan,0,nan,nan,nan,nan,nan,nan,nan,nan
1063,641.772,641,772000000,1,/drone2,TRACKING,0,-1,3,0,0,3,29.627,3.006,10.073,0.048,27.128,4.125,0.000,-6.467,1,28.427,3.375,10.000,1.983,10.439,-0.095,0.000,10.000,2.738,0.073,0,1,1,1,0,1.994,-8.461,1,0.000,31.250,4.680,-1.657,-4.122,-0.556,1.657,4.477
1064,641.772,641,772000000,2,/drone3,TRACKING,0,-1,3,2,2,4,28.571,10.287,10.021,0.067,30.339,-3.973,0.000,-6.463,0,nan,nan,nan,0.000,17.519,1000.000,0.000,10.000,14.369,0.021,0,1,1,1,0,1.195,-7.658,1,0.000,31.271,-3.313,-1.661,-0.932,-0.660,1.661,2.015
1065,642.100,642,100000000,0,/drone1,SURVEILLANCE,1,2,3,-1,-1,-1,30.233,-4.512,10.065,0.055,nan,nan,nan,nan,0,nan,nan,nan,nan,nan,nan,0.000,nan,nan,nan,0,0,0,0,0,nan,nan,0,nan,nan,nan,nan,nan,nan,nan,nan
1066,642.100,642,100000000,1,/drone2,TRACKING,0,-1,3,0,0,3,29.581,3.033,10.073,0.048,27.155,4.140,0.000,-6.461,1,28.454,3.390,10.000,1.989,10.419,-0.105,0.000,10.000,2.666,0.073,0,1,1,1,0,2.000,-8.461,1,0.004,31.249,4.679,-1.707,-4.093,-0.540,1.707,4.468
1067,642.100,642,100000000,2,/drone3,TRACKING,0,-1,3,2,2,4,28.563,10.287,10.029,0.067,30.310,-3.965,0.000,-6.470,0,nan,nan,nan,0.000,17.514,1000.000,0.000,10.000,14.358,0.029,0,1,1,1,0,1.193,-7.663,1,0.004,31.270,-3.314,-1.705,-0.960,-0.651,1.705,2.062
1068,642.364,642,364000000,0,/drone1,SURVEILLANCE,1,2,3,-1,-1,-1,30.235,-4.514,10.065,0.055,nan,nan,nan,nan,0,nan,nan,nan,nan,nan,nan,0.000,nan,nan,nan,0,0,0,0,0,nan,nan,0,nan,nan,nan,nan,nan,nan,nan,nan
1069,642.364,642,364000000,1,/drone2,TRACKING,0,-1,3,0,0,3,29.554,3.052,10.072,0.048,27.245,4.229,0.000,-6.453,1,28.544,3.479,10.000,1.995,10.400,-0.115,0.000,10.000,2.592,0.072,0,1,1,1,0,2.007,-8.460,1,0.016,31.247,4.679,-1.746,-4.003,-0.449,1.746,4.390
1070,642.364,642,364000000,2,/drone3,TRACKING,0,-1,3,2,2,4,28.562,10.282,10.026,0.067,30.294,-3.955,0.000,-6.453,0,nan,nan,nan,0.000,17.498,1000.000,0.000,10.000,14.341,0.026,0,1,1,1,0,1.199,-7.653,1,0.016,31.269,-3.315,-1.741,-0.975,-0.640,1.741,2.095
1071,642.612,642,612000000,0,/drone1,SURVEILLANCE,1,2,3,-1,-1,-1,30.233,-4.506,10.064,0.055,nan,nan,nan,nan,0,nan,nan,nan,nan,nan,nan,0.000,nan,nan,nan,0,0,0,0,0,nan,nan,0,nan,nan,nan,nan,nan,nan,nan,nan
1072,642.612,642,612000000,1,/drone2,TRACKING,0,-1,3,0,0,3,29.513,3.083,10.077,0.048,27.140,4.129,0.000,-6.456,1,28.439,3.379,10.000,1.993,10.405,-0.112,0.000,10.000,2.593,0.077,0,1,1,1,0,2.005,-8.462,1,0.012,31.246,4.678,-1.785,-4.105,-0.549,1.785,4.510
1073,642.612,642,612000000,2,/drone3,TRACKING,0,-1,3,2,2,4,28.562,10.273,10.022,0.067,30.287,-3.929,0.000,-6.454,0,nan,nan,nan,0.000,17.468,1000.000,0.000,10.000,14.307,0.022,0,1,1,1,0,1.201,-7.656,1,0.012,31.267,-3.315,-1.776,-0.980,-0.614,1.776,2.120
1074,642.832,642,832000000,0,/drone1,SURVEILLANCE,1,2,3,-1,-1,-1,30.233,-4.504,10.063,0.055,nan,nan,nan,nan,0,nan,nan,nan,nan,nan,nan,0.000,nan,nan,nan,0,0,0,0,0,nan,nan,0,nan,nan,nan,nan,nan,nan,nan,nan
1075,642.832,642,832000000,1,/drone2,TRACKING,0,-1,3,0,0,3,29.488,3.102,10.075,0.048,27.143,4.127,0.000,-6.470,1,28.442,3.377,10.000,1.989,10.395,-0.110,0.000,10.000,2.559,0.075,0,1,1,1,0,2.000,-8.470,1,0.016,31.244,4.677,-1.818,-4.101,-0.550,1.818,4.520
1076,642.832,642,832000000,2,/drone3,TRACKING,0,-1,3,2,2,4,28.561,10.269,10.022,0.067,30.285,-3.910,0.000,-6.223,0,nan,nan,nan,0.000,17.448,1000.000,0.000,10.000,14.283,0.022,0,1,1,1,0,1.278,-7.501,1,0.016,31.266,-3.316,-1.806,-0.981,-0.594,1.806,2.139
1077,643.072,643,72000000,0,/drone1,SURVEILLANCE,1,2,3,-1,-1,-1,30.232,-4.505,10.063,0.055,nan,nan,nan,nan,0,nan,nan,nan,nan,nan,nan,0.000,nan,nan,nan,0,0,0,0,0,nan,nan,0,nan,nan,nan,nan,nan,nan,nan,nan
1078,643.072,643,72000000,1,/drone2,TRACKING,0,-1,3,0,0,3,29.463,3.115,10.070,0.048,27.139,4.127,0.000,-6.464,1,28.438,3.377,10.000,1.993,10.384,-0.116,0.000,10.000,2.534,0.070,0,1,1,1,0,2.004,-8.468,1,0.004,31.242,4.677,-1.854,-4.103,-0.550,1.854,4.536
1079,643.072,643,72000000,2,/drone3,TRACKING,0,-1,3,2,2,4,28.559,10.258,10.022,0.067,30.290,-3.875,0.000,-6.236,0,nan,nan,nan,0.000,17.412,1000.000,0.000,10.000,14.239,0.022,0,1,1,1,0,1.278,-7.514,1,0.004,31.264,-3.317,-1.839,-0.974,-0.559,1.839,2.154
1080,643.364,643,364000000,0,/drone1,SURVEILLANCE,1,2,3,-1,-1,-1,30.235,-4.496,10.063,0.055,nan,nan,nan,nan,0,nan,nan,nan,nan,nan,nan,0.000,nan,nan,nan,0,0,0,0,0,nan,nan,0,nan,nan,nan,nan,nan,nan,nan,nan
1081,643.364,643,364000000,1,/drone2,TRACKING,0,-1,3,0,0,3,29.432,3.135,10.065,0.048,27.132,4.125,0.000,-6.449,1,28.431,3.375,10.000,2.002,10.372,-0.128,0.000,10.000,2.504,0.065,0,1,1,1,0,2.012,-8.461,1,0.008,31.239,4.676,-1.892,-4.107,-0.551,1.892,4.556
1082,643.364,643,364000000,2,/drone3,TRACKING,0,-1,3,2,2,4,28.558,10.252,10.020,0.067,30.294,-3.855,0.000,-6.340,0,nan,nan,nan,0.000,17.390,1000.000,0.000,10.000,14.213,0.020,0,1,1,1,0,1.246,-7.586,1,0.008,31.262,-3.317,-1.873,-0.968,-0.538,1.873,2.176
1083,643.752,643,752000000,0,/drone1,SURVEILLANCE,1,2,3,-1,-1,-1,30.242,-4.492,10.071,0.055,nan,nan,nan,nan,0,nan,nan,nan,nan,nan,nan,0.000,nan,nan,nan,0,0,0,0,0,nan,nan,0,nan,nan,nan,nan,nan,nan,nan,nan
1084,643.752,643,752000000,1,/drone2,TRACKING,0,-1,3,0,0,3,29.384,3.169,10.058,0.048,27.134,4.127,0.000,-6.464,1,28.433,3.377,10.000,1.998,10.351,-0.128,0.000,10.000,2.445,0.058,0,1,1,1,0,2.007,-8.472,1,0.036,31.236,4.675,-1.933,-4.101,-0.548,1.933,4.567
1085,643.752,643,752000000,2,/drone3,TRACKING,0,-1,3,2,2,4,28.564,10.243,10.022,0.067,30.287,-3.807,0.000,-6.442,0,nan,nan,nan,0.000,17.344,1000.000,0.000,10.000,14.155,0.022,0,1,1,1,0,1.216,-7.658,1,0.036,31.258,-3.318,-1.910,-0.972,-0.489,1.910,2.198
1086,644.000,644,0,0,/drone1,SURVEILLANCE,1,2,3,-1,-1,-1,30.246,-4.490,10.077,0.055,nan,nan,nan,nan,0,nan,nan,nan,nan,nan,nan,0.000,nan,nan,nan,0,0,0,0,0,nan,nan,0,nan,nan,nan,nan,nan,nan,nan,nan
1087,644.000,644,0,1,/drone2,TRACKING,0,-1,3,0,0,3,29.343,3.193,10.052,0.047,27.154,4.129,0.000,-6.459,1,28.453,3.379,10.000,2.004,10.330,-0.138,0.000,10.000,2.381,0.052,0,1,1,1,0,2.012,-8.471,1,0.032,31.233,4.675,-1.956,-4.079,-0.546,1.956,4.557
1088,644.000,644,0,2,/drone3,TRACKING,0,-1,3,2,2,4,28.573,10.240,10.020,0.067,30.268,-3.748,0.000,-6.457,0,nan,nan,nan,0.000,17.290,1000.000,0.000,10.000,14.091,0.020,0,1,1,1,0,1.215,-7.671,1,0.032,31.256,-3.318,-1.932,-0.988,-0.430,1.932,2.212
1089,644.400,644,400000000,0,/drone1,SURVEILLANCE,1,2,3,-1,-1,-1,30.246,-4.486,10.075,0.055,nan,nan,nan,nan,0,nan,nan,nan,nan,nan,nan,0.000,nan,nan,nan,0,0,0,0,0,nan,nan,0,nan,nan,nan,nan,nan,nan,nan,nan
1090,644.400,644,400000000,1,/drone2,TRACKING,0,-1,3,0,0,3,29.274,3.228,10.056,0.045,27.190,4.136,0.000,-6.455,1,28.489,3.386,10.000,2.009,10.309,-0.147,0.000,10.000,2.273,0.056,0,1,1,1,0,2.018,-8.473,1,0.000,31.228,4.675,-1.985,-4.038,-0.539,1.985,4.532
1091,644.400,644,400000000,2,/drone3,TRACKING,0,-1,3,2,2,4,28.574,10.241,10.015,0.067,30.253,-3.680,0.000,-6.451,0,nan,nan,nan,0.000,17.232,1000.000,0.000,10.000,14.023,0.015,0,1,1,1,0,1.221,-7.672,1,0.000,31.252,-3.318,-1.958,-0.999,-0.362,1.958,2.228
1092,644.816,644,816000000,0,/drone1,SURVEILLANCE,1,2,3,-1,-1,-1,30.242,-4.482,10.067,0.055,nan,nan,nan,nan,0,nan,nan,nan,nan,nan,nan,0.000,nan,nan,nan,0,0,0,0,0,nan,nan,0,nan,nan,nan,nan,nan,nan,nan,nan
1093,644.816,644,816000000,1,/drone2,TRACKING,0,-1,3,0,0,3,29.200,3.264,10.064,0.043,27.212,4.151,0.000,-6.460,1,28.511,3.401,10.000,2.009,10.297,-0.149,0.000,10.000,2.177,0.064,0,1,1,1,0,2.019,-8.479,1,0.020,31.224,4.675,-1.997,-4.012,-0.524,1.997,4.512
1094,644.816,644,816000000,2,/drone3,TRACKING,0,-1,3,2,2,4,28.577,10.246,10.015,0.067,30.202,-3.544,0.000,-6.458,0,nan,nan,nan,0.000,17.120,1000.000,0.000,10.000,13.886,0.015,0,1,1,1,0,1.227,-7.685,1,0.020,31.248,-3.318,-1.971,-1.045,-0.227,1.971,2.242
1095,645.200,645,200000000,0,/drone1,SURVEILLANCE,1,2,3,-1,-1,-1,30.233,-4.479,10.059,0.055,nan,nan,nan,nan,0,nan,nan,nan,nan,nan,nan,0.000,nan,nan,nan,0,0,0,0,0,nan,nan,0,nan,nan,nan,nan,nan,nan,nan,nan
1096,645.200,645,200000000,1,/drone2,TRACKING,0,-1,3,0,0,3,29.127,3.310,10.074,0.042,27.231,4.177,0.000,-6.466,1,28.530,3.427,10.000,2.008,10.288,-0.150,0.000,10.000,2.085,0.074,0,1,1,1,0,2.020,-8.485,1,0.008,31.219,4.675,-1.995,-3.988,-0.498,1.995,4.487
1097,645.200,645,200000000,2,/drone3,TRACKING,0,-1,3,2,2,4,28.571,10.251,10.003,0.067,30.170,-3.453,0.000,-6.463,0,nan,nan,nan,0.000,17.042,1000.000,0.000,10.000,13.797,0.003,0,1,1,1,0,1.232,-7.694,1,0.008,31.244,-3.317,-1.972,-1.074,-0.136,1.972,2.249
1098,645.600,645,600000000,0,/drone1,SURVEILLANCE,1,2,3,-1,-1,-1,30.233,-4.485,10.060,0.055,nan,nan,nan,nan,0,nan,nan,nan,nan,nan,nan,0.000,nan,nan,nan,0,0,0,0,0,nan,nan,0,nan,nan,nan,nan,nan,nan,nan,nan
1099,645.600,645,600000000,1,/drone2,TRACKING,0,-1,3,0,0,3,29.053,3.352,10.080,0.041,27.244,4.207,0.000,-6.463,1,28.543,3.457,10.000,2.011,10.277,-0.155,0.000,10.000,2.001,0.080,0,1,1,1,0,2.024,-8.487,1,0.012,31.215,4.676,-1.981,-3.971,-0.469,1.981,4.462
1100,645.600,645,600000000,2,/drone3,TRACKING,0,-1,3,2,2,4,28.566,10.262,10.004,0.067,30.122,-3.359,0.000,-6.466,0,nan,nan,nan,0.000,16.972,1000.000,0.000,10.000,13.710,0.004,0,1,1,1,0,1.236,-7.702,1,0.012,31.241,-3.317,-1.961,-1.119,-0.042,1.961,2.258
1101,645.844,645,844000000,0,/drone1,SURVEILLANCE,1,2,3,-1,-1,-1,30.237,-4.487,10.063,0.055,nan,nan,nan,nan,0,nan,nan,nan,nan,nan,nan,0.000,nan,nan,nan,0,0,0,0,0,nan,nan,0,nan,nan,nan,nan,nan,nan,nan,nan
1102,645.844,645,844000000,1,/drone2,TRACKING,0,-1,3,0,0,3,29.016,3.377,10.081,0.041,27.226,4.218,0.000,-6.449,1,28.525,3.468,10.000,2.018,10.273,-0.163,0.000,10.000,1.978,0.081,0,1,1,1,0,2.031,-8.480,1,0.004,31.213,4.676,-1.966,-3.987,-0.458,1.966,4.469
1103,645.844,645,844000000,2,/drone3,TRACKING,0,-1,3,2,2,4,28.568,10.266,10.000,0.067,30.085,-3.299,0.000,-6.453,0,nan,nan,nan,0.000,16.921,1000.000,0.000,10.000,13.650,0.000,0,1,1,1,0,1.245,-7.697,1,0.004,31.239,-3.316,-1.950,-1.154,0.017,1.950,2.266
1104,646.076,646,76000000,0,/drone1,SURVEILLANCE,1,2,3,-1,-1,-1,30.245,-4.494,10.069,0.055,nan,nan,nan,nan,0,nan,nan,nan,nan,nan,nan,0.000,nan,nan,nan,0,0,0,0,0,nan,nan,0,nan,nan,nan,nan,nan,nan,nan,nan
1105,646.076,646,76000000,1,/drone2,TRACKING,0,-1,3,0,0,3,28.968,3.403,10.086,0.040,27.185,4.242,0.000,-6.460,1,28.484,3.492,10.000,2.012,10.277,-0.157,0.000,10.000,1.971,0.086,0,1,1,1,0,2.026,-8.486,1,0.020,31.211,4.677,-1.949,-4.027,-0.434,1.949,4.495
1106,646.076,646,76000000,2,/drone3,TRACKING,0,-1,3,2,2,4,28.574,10.269,9.999,0.067,29.996,-3.130,0.000,-6.333,0,nan,nan,nan,0.000,16.779,1000.000,0.000,10.000,13.474,0.001,0,1,1,1,0,1.296,-7.629,1,0.020,31.237,-3.315,-1.937,-1.241,0.186,1.937,2.308
1107,646.340,646,340000000,0,/drone1,SURVEILLANCE,1,2,3,-1,-1,-1,30.254,-4.494,10.072,0.055,nan,nan,nan,nan,0,nan,nan,nan,nan,nan,nan,0.000,nan,nan,nan,0,0,0,0,0,nan,nan,0,nan,nan,nan,nan,nan,nan,nan,nan
1108,646.340,646,340000000,1,/drone2,TRACKING,0,-1,3,0,0,3,28.921,3.429,10.090,0.039,27.162,4.245,0.000,-6.454,1,28.461,3.495,10.000,2.015,10.275,-0.160,0.000,10.000,1.939,0.090,0,1,1,1,0,2.030,-8.484,1,0.032,31.209,4.677,-1.927,-4.047,-0.432,1.927,4.503
1109,646.340,646,340000000,2,/drone3,TRACKING,0,-1,3,2,2,4,28.579,10.269,10.005,0.067,29.954,-3.031,0.000,-6.396,0,nan,nan,nan,0.000,16.700,1000.000,0.000,10.000,13.371,0.005,0,1,1,1,0,1.283,-7.678,1,0.032,31.235,-3.315,-1.919,-1.281,0.283,1.919,2.324
1110,646.560,646,560000000,0,/drone1,SURVEILLANCE,1,2,3,-1,-1,-1,30.252,-4.489,10.072,0.055,nan,nan,nan,nan,0,nan,nan,nan,nan,nan,nan,0.000,nan,nan,nan,0,0,0,0,0,nan,nan,0,nan,nan,nan,nan,nan,nan,nan,nan
1111,646.560,646,560000000,1,/drone2,TRACKING,0,-1,3,0,0,3,28.874,3.458,10.093,0.037,27.146,4.250,0.000,-6.454,1,28.445,3.500,10.000,2.016,10.271,-0.162,0.000,10.000,1.900,0.093,0,1,1,1,0,2.031,-8.485,1,0.036,31.208,4.678,-1.905,-4.061,-0.428,1.905,4.506
1112,646.560,646,560000000,2,/drone3,TRACKING,0,-1,3,2,2,4,28.579,10.269,10.018,0.067,29.907,-2.957,0.000,-6.436,0,nan,nan,nan,0.000,16.645,1000.000,0.000,10.000,13.293,0.018,0,1,1,1,0,1.274,-7.711,1,0.036,31.234,-3.314,-1.901,-1.327,0.357,1.901,2.346
1113,646.804,646,804000000,0,/drone1,SURVEILLANCE,1,2,3,-1,-1,-1,30.248,-4.487,10.072,0.055,nan,nan,nan,nan,0,nan,nan,nan,nan,nan,nan,0.000,nan,nan,nan,0,0,0,0,0,nan,nan,0,nan,nan,nan,nan,nan,nan,nan,nan
1114,646.804,646,804000000,1,/drone2,TRACKING,0,-1,3,0,0,3,28.829,3.488,10.099,0.036,27.118,4.261,0.000,-6.449,1,28.417,3.511,10.000,2.018,10.272,-0.164,0.000,10.000,1.878,0.099,0,1,1,1,0,2.034,-8.483,1,0.028,31.206,4.679,-1.878,-4.088,-0.417,1.878,4.518
1115,646.804,646,804000000,2,/drone3,TRACKING,0,-1,3,2,2,4,28.577,10.273,10.030,0.067,29.859,-2.874,0.000,-6.447,0,nan,nan,nan,0.000,16.586,1000.000,0.000,10.000,13.210,0.030,0,1,1,1,0,1.276,-7.723,1,0.028,31.233,-3.313,-1.878,-1.374,0.439,1.878,2.368
1116,647.220,647,220000000,0,/drone1,SURVEILLANCE,1,2,3,-1,-1,-1,30.249,-4.490,10.078,0.055,nan,nan,nan,nan,0,nan,nan,nan,nan,nan,nan,0.000,nan,nan,nan,0,0,0,0,0,nan,nan,0,nan,nan,nan,nan,nan,nan,nan,nan
1117,647.220,647,220000000,1,/drone2,TRACKING,0,-1,3,0,0,3,28.764,3.523,10.105,0.035,27.096,4.275,0.000,-6.459,1,28.395,3.525,10.000,2.014,10.269,-0.160,0.000,10.000,1.829,0.105,0,1,1,1,0,2.031,-8.490,1,0.012,31.204,4.680,-1.827,-4.108,-0.405,1.827,4.514
1118,647.220,647,220000000,2,/drone3,TRACKING,0,-1,3,2,2,4,28.566,10.277,10.041,0.067,29.834,-2.751,0.000,-6.454,0,nan,nan,nan,0.000,16.498,1000.000,0.000,10.000,13.090,0.041,0,1,1,1,0,1.282,-7.735,1,0.012,31.231,-3.312,-1.836,-1.397,0.560,1.836,2.374
1119,647.600,647,600000000,0,/drone1,SURVEILLANCE,1,2,3,-1,-1,-1,30.253,-4.493,10.085,0.055,nan,nan,nan,nan,0,nan,nan,nan,nan,nan,nan,0.000,nan,nan,nan,0,0,0,0,0,nan,nan,0,nan,nan,nan,nan,nan,nan,nan,nan
1120,647.600,647,600000000,1,/drone2,SURVEILLANCE,1,0,3,0,0,3,28.696,3.565,10.097,0.034,27.075,4.293,0.000,-6.471,1,28.374,3.543,10.000,2.011,10.252,-0.161,0.000,10.000,1.777,0.097,1,1,1,1,0,2.027,-8.497,1,0.032,31.203,4.681,-1.783,-4.128,-0.388,1.783,4.513
1121,647.600,647,600000000,2,/drone3,TRACKING,0,-1,3,2,2,4,28.561,10.273,10.038,0.067,29.801,-2.593,0.000,-6.464,0,nan,nan,nan,0.000,16.365,1000.000,0.000,10.000,12.925,0.038,0,1,1,1,0,1.289,-7.753,1,0.032,31.230,-3.311,-1.799,-1.429,0.718,1.799,2.407
1122,647.992,647,992000000,0,/drone1,SURVEILLANCE,1,2,3,-1,-1,-1,30.250,-4.499,10.085,0.055,nan,nan,nan,nan,0,nan,nan,nan,nan,nan,nan,0.000,nan,nan,nan,0,0,0,0,0,nan,nan,0,nan,nan,nan,nan,nan,nan,nan,nan
1123,647.992,647,992000000,1,/drone2,SURVEILLANCE,1,0,3,-1,-1,-1,28.642,3.593,10.091,0.034,nan,nan,nan,nan,0,nan,nan,nan,nan,nan,nan,0.000,nan,nan,nan,0,0,0,0,0,nan,nan,0,nan,nan,nan,nan,nan,nan,nan,nan
1124,647.992,647,992000000,2,/drone3,TRACKING,0,-1,3,0,0,3,28.559,10.272,10.034,0.067,27.025,4.300,0.000,-6.467,0,nan,nan,nan,0.000,11.777,1000.000,0.000,10.000,6.166,0.034,0,1,1,1,0,1.790,-8.257,1,0.028,31.202,4.682,-1.736,-4.177,-0.382,1.736,4.540
1125,648.272,648,272000000,0,/drone1,SURVEILLANCE,1,2,3,-1,-1,-1,30.252,-4.501,10.082,0.055,nan,nan,nan,nan,0,nan,nan,nan,nan,nan,nan,0.000,nan,nan,nan,0,0,0,0,0,nan,nan,0,nan,nan,nan,nan,nan,nan,nan,nan
1126,648.272,648,272000000,1,/drone2,SURVEILLANCE,1,0,3,-1,-1,-1,28.606,3.614,10.080,0.034,nan,nan,nan,nan,0,nan,nan,nan,nan,nan,nan,0.000,nan,nan,nan,0,0,0,0,0,nan,nan,0,nan,nan,nan,nan,nan,nan,nan,nan
1127,648.272,648,272000000,2,/drone3,TRACKING,0,-1,3,0,0,3,28.556,10.267,10.028,0.067,27.009,4.327,0.000,-6.470,0,nan,nan,nan,0.000,11.757,1000.000,0.000,10.000,6.138,0.028,0,1,1,1,0,1.790,-8.261,1,0.020,31.201,4.683,-1.705,-4.192,-0.356,1.705,4.540
1128,648.600,648,600000000,0,/drone1,SURVEILLANCE,1,2,3,-1,-1,-1,30.253,-4.503,10.081,0.055,nan,nan,nan,nan,0,nan,nan,nan,nan,nan,nan,0.000,nan,nan,nan,0,0,0,0,0,nan,nan,0,nan,nan,nan,nan,nan,nan,nan,nan
1129,648.600,648,600000000,1,/drone2,SURVEILLANCE,1,0,3,-1,-1,-1,28.558,3.631,10.065,0.033,nan,nan,nan,nan,0,nan,nan,nan,nan,nan,nan,0.000,nan,nan,nan,0,0,0,0,0,nan,nan,0,nan,nan,nan,nan,nan,nan,nan,nan
1130,648.600,648,600000000,2,/drone3,TRACKING,0,-1,3,0,0,3,28.554,10.255,10.017,0.067,26.989,4.341,0.000,-6.461,0,nan,nan,nan,0.000,11.737,1000.000,0.000,10.000,6.117,0.017,0,1,1,1,0,1.796,-8.257,1,0.024,31.201,4.683,-1.672,-4.212,-0.342,1.672,4.545
1131,648.900,648,900000000,0,/drone1,SURVEILLANCE,1,2,3,-1,-1,-1,30.248,-4.501,10.078,0.055,nan,nan,nan,nan,0,nan,nan,nan,nan,nan,nan,0.000,nan,nan,nan,0,0,0,0,0,nan,nan,0,nan,nan,nan,nan,nan,nan,nan,nan
1132,648.900,648,900000000,1,/drone2,SURVEILLANCE,1,0,3,-1,-1,-1,28.507,3.642,10.062,0.033,nan,nan,nan,nan,0,nan,nan,nan,nan,nan,nan,0.000,nan,nan,nan,0,0,0,0,0,nan,nan,0,nan,nan,nan,nan,nan,nan,nan,nan
1133,648.900,648,900000000,2,/drone3,TRACKING,0,-1,3,0,0,3,28.559,10.249,10.010,0.067,26.951,4.347,0.000,-6.461,0,nan,nan,nan,0.000,11.731,1000.000,0.000,10.000,6.117,0.010,0,1,1,1,0,1.796,-8.257,1,0.000,31.201,4.684,-1.644,-4.250,-0.337,1.644,4.569
1134,649.300,649,300000000,0,/drone1,SURVEILLANCE,1,2,3,-1,-1,-1,30.238,-4.493,10.071,0.055,nan,nan,nan,nan,0,nan,nan,nan,nan,nan,nan,0.000,nan,nan,nan,0,0,0,0,0,nan,nan,0,nan,nan,nan,nan,nan,nan,nan,nan
1135,649.300,649,300000000,1,/drone2,SURVEILLANCE,1,0,3,-1,-1,-1,28.447,3.653,10.054,0.033,nan,nan,nan,nan,0,nan,nan,nan,nan,nan,nan,0.000,nan,nan,nan,0,0,0,0,0,nan,nan,0,nan,nan,nan,nan,nan,nan,nan,nan
1136,649.300,649,300000000,2,/drone3,TRACKING,0,-1,3,0,0,3,28.575,10.240,10.012,0.067,26.908,4.340,0.000,-6.463,0,nan,nan,nan,0.000,11.740,1000.000,0.000,10.000,6.131,0.012,0,1,1,1,0,1.794,-8.257,1,0.004,31.201,4.684,-1.617,-4.292,-0.344,1.617,4.600
1137,649.560,649,560000000,0,/drone1,SURVEILLANCE,1,2,3,-1,-1,-1,30.241,-4.497,10.065,0.055,nan,nan,nan,nan,0,nan,nan,nan,nan,nan,nan,0.000,nan,nan,nan,0,0,0,0,0,nan,nan,0,nan,nan,nan,nan,nan,nan,nan,nan
1138,649.560,649,560000000,1,/drone2,SURVEILLANCE,1,0,3,-1,-1,-1,28.418,3.655,10.049,0.033,nan,nan,nan,nan,0,nan,nan,nan,nan,nan,nan,0.000,nan,nan,nan,0,0,0,0,0,nan,nan,0,nan,nan,nan,nan,nan,nan,nan,nan
1139,649.560,649,560000000,2,/drone3,TRACKING,0,-1,3,0,0,3,28.581,10.240,10.014,0.067,26.900,4.337,0.000,-6.463,0,nan,nan,nan,0.000,11.745,1000.000,0.000,10.000,6.137,0.014,0,1,1,1,0,1.794,-8.257,1,0.012,31.201,4.684,-1.605,-4.301,-0.347,1.605,4.603
1140,649.956,649,956000000,0,/drone1,SURVEILLANCE,1,2,3,-1,-1,-1,30.243,-4.501,10.057,0.055,nan,nan,nan,nan,0,nan,nan,nan,nan,nan,nan,0.000,nan,nan,nan,0,0,0,0,0,nan,nan,0,nan,nan,nan,nan,nan,nan,nan,nan
1141,649.956,649,956000000,1,/drone2,SURVEILLANCE,1,0,3,-1,-1,-1,28.385,3.667,10.041,0.033,nan,nan,nan,nan,0,nan,nan,nan,nan,nan,nan,0.000,nan,nan,nan,0,0,0,0,0,nan,nan,0,nan,nan,nan,nan,nan,nan,nan,nan
1142,649.956,649,956000000,2,/drone3,TRACKING,0,-1,3,0,0,3,28.578,10.241,10.007,0.067,26.907,4.342,0.000,-6.454,0,nan,nan,nan,0.000,11.736,1000.000,0.000,10.000,6.131,0.007,0,1,1,1,0,1.798,-8.252,1,0.012,31.201,4.684,-1.592,-4.295,-0.341,1.592,4.593
1143,650.236,650,236000000,0,/drone1,SURVEILLANCE,1,2,3,-1,-1,-1,30.241,-4.502,10.056,0.055,nan,nan,nan,nan,0,nan,nan,nan,nan,nan,nan,0.000,nan,nan,nan,0,0,0,0,0,nan,nan,0,nan,nan,nan,nan,nan,nan,nan,nan
1144,650.236,650,236000000,1,/drone2,SURVEILLANCE,1,0,3,-1,-1,-1,28.433,3.637,10.040,0.033,nan,nan,nan,nan,0,nan,nan,nan,nan,nan,nan,0.000,nan,nan,nan,0,0,0,0,0,nan,nan,0,nan,nan,nan,nan,nan,nan,nan,nan
1145,650.236,650,236000000,2,/drone3,TRACKING,0,-1,3,0,0,3,28.574,10.250,10.010,0.067,26.915,4.353,0.000,-6.469,0,nan,nan,nan,0.000,11.736,1000.000,0.000,10.000,6.126,0.010,0,1,1,1,0,1.792,-8.261,1,0.004,31.202,4.683,-1.589,-4.286,-0.330,1.589,4.583
1146,650.600,650,600000000,0,/drone1,SURVEILLANCE,1,2,3,-1,-1,-1,30.243,-4.500,10.061,0.055,nan,nan,nan,nan,0,nan,nan,nan,nan,nan,nan,0.000,nan,nan,nan,0,0,0,0,0,nan,nan,0,nan,nan,nan,nan,nan,nan,nan,nan
1147,650.600,650,600000000,1,/drone2,SURVEILLANCE,1,0,3,-1,-1,-1,28.430,3.631,10.037,0.033,nan,nan,nan,nan,0,nan,nan,nan,nan,nan,nan,0.000,nan,nan,nan,0,0,0,0,0,nan,nan,0,nan,nan,nan,nan,nan,nan,nan,nan
1148,650.600,650,600000000,2,/drone3,TRACKING,0,-1,3,0,0,3,28.571,10.261,10.012,0.067,26.917,4.361,0.000,-6.462,0,nan,nan,nan,0.000,11.738,1000.000,0.000,10.000,6.127,0.012,0,1,1,1,0,1.795,-8.257,1,0.008,31.202,4.683,-1.592,-4.285,-0.322,1.592,4.582
1149,650.884,650,884000000,0,/drone1,SURVEILLANCE,1,2,3,-1,-1,-1,30.245,-4.499,10.065,0.055,nan,nan,nan,nan,0,nan,nan,nan,nan,nan,nan,0.000,nan,nan,nan,0,0,0,0,0,nan,nan,0,nan,nan,nan,nan,nan,nan,nan,nan
1150,650.884,650,884000000,1,/drone2,SURVEILLANCE,1,0,3,-1,-1,-1,28.440,3.621,10.044,0.033,nan,nan,nan,nan,0,nan,nan,nan,nan,nan,nan,0.000,nan,nan,nan,0,0,0,0,0,nan,nan,0,nan,nan,nan,nan,nan,nan,nan,nan
1151,650.884,650,884000000,2,/drone3,TRACKING,0,-1,3,0,0,3,28.570,10.268,10.009,0.067,26.924,4.367,0.000,-6.465,0,nan,nan,nan,0.000,11.735,1000.000,0.000,10.000,6.126,0.009,0,1,1,1,0,1.794,-8.258,1,0.040,31.202,4.682,-1.598,-4.278,-0.315,1.598,4.578
1152,651.260,651,260000000,0,/drone1,SURVEILLANCE,1,2,3,-1,-1,-1,30.249,-4.498,10.068,0.055,nan,nan,nan,nan,0,nan,nan,nan,nan,nan,nan,0.000,nan,nan,nan,0,0,0,0,0,nan,nan,0,nan,nan,nan,nan,nan,nan,nan,nan
1153,651.260,651,260000000,1,/drone2,SURVEILLANCE,1,0,3,-1,-1,-1,28.453,3.604,10.050,0.033,nan,nan,nan,nan,0,nan,nan,nan,nan,nan,nan,0.000,nan,nan,nan,0,0,0,0,0,nan,nan,0,nan,nan,nan,nan,nan,nan,nan,nan
1154,651.260,651,260000000,2,/drone3,TRACKING,0,-1,3,0,0,3,28.561,10.276,10.007,0.067,26.931,4.369,0.000,-6.461,0,nan,nan,nan,0.000,11.734,1000.000,0.000,10.000,6.128,0.007,0,1,1,1,0,1.795,-8.256,1,0.020,31.202,4.681,-1.614,-4.271,-0.312,1.614,4.576
1155,651.512,651,512000000,0,/drone1,SURVEILLANCE,1,2,3,-1,-1,-1,30.250,-4.495,10.073,0.055,nan,nan,nan,nan,0,nan,nan,nan,nan,nan,nan,0.000,nan,nan,nan,0,0,0,0,0,nan,nan,0,nan,nan,nan,nan,nan,nan,nan,nan
1156,651.512,651,512000000,1,/drone2,SURVEILLANCE,1,0,3,-1,-1,-1,28.461,3.595,10.051,0.033,nan,nan,nan,nan,0,nan,nan,nan,nan,nan,nan,0.000,nan,nan,nan,0,0,0,0,0,nan,nan,0,nan,nan,nan,nan,nan,nan,nan,nan
1157,651.512,651,512000000,2,/drone3,TRACKING,0,-1,3,0,0,3,28.560,10.274,10.008,0.067,26.934,4.366,0.000,-6.458,0,nan,nan,nan,0.000,11.735,1000.000,0.000,10.000,6.128,0.008,0,1,1,1,0,1.796,-8.255,1,0.020,31.202,4.680,-1.627,-4.267,-0.314,1.627,4.578
1158,651.800,651,800000000,0,/drone1,SURVEILLANCE,1,2,3,-1,-1,-1,30.249,-4.492,10.076,0.055,nan,nan,nan,nan,0,nan,nan,nan,nan,nan,nan,0.000,nan,nan,nan,0,0,0,0,0,nan,nan,0,nan,nan,nan,nan,nan,nan,nan,nan
1159,651.800,651,800000000,1,/drone2,SURVEILLANCE,1,0,3,-1,-1,-1,28.465,3.593,10.054,0.033,nan,nan,nan,nan,0,nan,nan,nan,nan,nan,nan,0.000,nan,nan,nan,0,0,0,0,0,nan,nan,0,nan,nan,nan,nan,nan,nan,nan,nan
1160,651.800,651,800000000,2,/drone3,TRACKING,0,-1,3,0,0,3,28.565,10.263,10.011,0.067,26.935,4.364,0.000,-6.455,0,nan,nan,nan,0.000,11.733,1000.000,0.000,10.000,6.121,0.011,0,1,1,1,0,1.798,-8.253,1,0.020,31.201,4.679,-1.645,-4.266,-0.315,1.645,4.583
1161,652.020,652,20000000,0,/drone1,SURVEILLANCE,1,2,3,-1,-1,-1,30.246,-4.491,10.077,0.055,nan,nan,nan,nan,0,nan,nan,nan,nan,nan,nan,0.000,nan,nan,nan,0,0,0,0,0,nan,nan,0,nan,nan,nan,nan,nan,nan,nan,nan
1162,652.020,652,20000000,1,/drone2,SURVEILLANCE,1,0,3,-1,-1,-1,28.468,3.597,10.052,0.033,nan,nan,nan,nan,0,nan,nan,nan,nan,nan,nan,0.000,nan,nan,nan,0,0,0,0,0,nan,nan,0,nan,nan,nan,nan,nan,nan,nan,nan
1163,652.020,652,20000000,2,/drone3,TRACKING,0,-1,3,0,0,3,28.564,10.257,10.011,0.067,26.919,4.345,0.000,-6.457,0,nan,nan,nan,0.000,11.742,1000.000,0.000,10.000,6.137,0.011,0,1,1,1,0,1.796,-8.253,1,0.024,31.201,4.678,-1.660,-4.282,-0.334,1.660,4.605
1164,652.280,652,280000000,0,/drone1,SURVEILLANCE,1,2,3,-1,-1,-1,30.239,-4.490,10.074,0.055,nan,nan,nan,nan,0,nan,nan,nan,nan,nan,nan,0.000,nan,nan,nan,0,0,0,0,0,nan,nan,0,nan,nan,nan,nan,nan,nan,nan,nan
1165,652.280,652,280000000,1,/drone2,SURVEILLANCE,1,0,3,-1,-1,-1,28.470,3.599,10.055,0.033,nan,nan,nan,nan,0,nan,nan,nan,nan,nan,nan,0.000,nan,nan,nan,0,0,0,0,0,nan,nan,0,nan,nan,nan,nan,nan,nan,nan,nan
1166,652.280,652,280000000,2,/drone3,TRACKING,0,-1,3,0,0,3,28.561,10.250,10.011,0.067,26.916,4.338,0.000,-6.458,0,nan,nan,nan,0.000,11.742,1000.000,0.000,10.000,6.136,0.011,0,1,1,1,0,1.796,-8.254,1,0.032,31.201,4.678,-1.679,-4.285,-0.340,1.679,4.615
1167,652.536,652,536000000,0,/drone1,SURVEILLANCE,1,2,3,-1,-1,-1,30.237,-4.486,10.067,0.055,nan,nan,nan,nan,0,nan,nan,nan,nan,nan,nan,0.000,nan,nan,nan,0,0,0,0,0,nan,nan,0,nan,nan,nan,nan,nan,nan,nan,nan
1168,652.536,652,536000000,1,/drone2,SURVEILLANCE,1,0,3,-1,-1,-1,28.477,3.593,10.058,0.033,nan,nan,nan,nan,0,nan,nan,nan,nan,nan,nan,0.000,nan,nan,nan,0,0,0,0,0,nan,nan,0,nan,nan,nan,nan,nan,nan,nan,nan
1169,652.536,652,536000000,2,/drone3,TRACKING,0,-1,3,0,0,3,28.558,10.247,10.016,0.067,26.919,4.325,0.000,-6.458,0,nan,nan,nan,0.000,11.750,1000.000,0.000,10.000,6.145,0.016,0,1,1,1,0,1.796,-8.253,1,0.036,31.200,4.677,-1.699,-4.281,-0.352,1.699,4.619
1170,652.808,652,808000000,0,/drone1,SURVEILLANCE,1,2,3,-1,-1,-1,30.239,-4.484,10.066,0.055,nan,nan,nan,nan,0,nan,nan,nan,nan,nan,nan,0.000,nan,nan,nan,0,0,0,0,0,nan,nan,0,nan,nan,nan,nan,nan,nan,nan,nan
1171,652.808,652,808000000,1,/drone2,SURVEILLANCE,1,0,3,-1,-1,-1,28.485,3.591,10.060,0.033,nan,nan,nan,nan,0,nan,nan,nan,nan,nan,nan,0.000,nan,nan,nan,0,0,0,0,0,nan,nan,0,nan,nan,nan,nan,nan,nan,nan,nan
1172,652.808,652,808000000,2,/drone3,TRACKING,0,-1,3,0,0,3,28.556,10.252,10.021,0.067,26.911,4.316,0.000,-6.459,0,nan,nan,nan,0.000,11.762,1000.000,0.000,10.000,6.160,0.021,0,1,1,1,0,1.794,-8.253,1,0.020,31.199,4.676,-1.722,-4.288,-0.360,1.722,4.635
1173,653.056,653,56000000,0,/drone1,SURVEILLANCE,1,2,3,-1,-1,-1,30.239,-4.486,10.061,0.055,nan,nan,nan,nan,0,nan,nan,nan,nan,nan,nan,0.000,nan,nan,nan,0,0,0,0,0,nan,nan,0,nan,nan,nan,nan,nan,nan,nan,nan
1174,653.056,653,56000000,1,/drone2,SURVEILLANCE,1,0,3,-1,-1,-1,28.495,3.597,10.062,0.033,nan,nan,nan,nan,0,nan,nan,nan,nan,nan,nan,0.000,nan,nan,nan,0,0,0,0,0,nan,nan,0,nan,nan,nan,nan,nan,nan,nan,nan
1175,653.056,653,56000000,2,/drone3,TRACKING,0,-1,3,0,0,3,28.556,10.249,10.026,0.067,26.898,4.312,0.000,-6.456,0,nan,nan,nan,0.000,11.769,1000.000,0.000,10.000,6.164,0.026,0,1,1,1,0,1.795,-8.251,1,0.016,31.199,4.675,-1.742,-4.301,-0.363,1.742,4.654
1176,653.296,653,296000000,0,/drone1,SURVEILLANCE,1,2,3,-1,-1,-1,30.237,-4.490,10.059,0.055,nan,nan,nan,nan,0,nan,nan,nan,nan,nan,nan,0.000,nan,nan,nan,0,0,0,0,0,nan,nan,0,nan,nan,nan,nan,nan,nan,nan,nan
1177,653.296,653,296000000,1,/drone2,SURVEILLANCE,1,0,3,-1,-1,-1,28.495,3.600,10.062,0.033,nan,nan,nan,nan,0,nan,nan,nan,nan,nan,nan,0.000,nan,nan,nan,0,0,0,0,0,nan,nan,0,nan,nan,nan,nan,nan,nan,nan,nan
1178,653.296,653,296000000,2,/drone3,TRACKING,0,-1,3,0,0,3,28.553,10.252,10.024,0.067,26.887,4.312,0.000,-6.449,0,nan,nan,nan,0.000,11.770,1000.000,0.000,10.000,6.169,0.024,0,1,1,1,0,1.797,-8.247,1,0.040,31.198,4.675,-1.760,-4.311,-0.363,1.760,4.670
1179,653.500,653,500000000,0,/drone1,SURVEILLANCE,1,2,3,-1,-1,-1,30.239,-4.496,10.057,0.055,nan,nan,nan,nan,0,nan,nan,nan,nan,nan,nan,0.000,nan,nan,nan,0,0,0,0,0,nan,nan,0,nan,nan,nan,nan,nan,nan,nan,nan
1180,653.500,653,500000000,1,/drone2,SURVEILLANCE,1,0,3,-1,-1,-1,28.504,3.598,10.062,0.033,nan,nan,nan,nan,0,nan,nan,nan,nan,nan,nan,0.000,nan,nan,nan,0,0,0,0,0,nan,nan,0,nan,nan,nan,nan,nan,nan,nan,nan
1181,653.500,653,500000000,2,/drone3,TRACKING,0,-1,3,0,0,3,28.551,10.254,10.027,0.067,26.885,4.318,0.000,-6.460,0,nan,nan,nan,0.000,11.771,1000.000,0.000,10.000,6.166,0.027,0,1,1,1,0,1.793,-8.253,1,0.028,31.197,4.675,-1.777,-4.312,-0.357,1.777,4.677
1182,653.732,653,732000000,0,/drone1,SURVEILLANCE,1,2,3,-1,-1,-1,30.240,-4.496,10.057,0.055,nan,nan,nan,nan,0,nan,nan,nan,nan,nan,nan,0.000,nan,nan,nan,0,0,0,0,0,nan,nan,0,nan,nan,nan,nan,nan,nan,nan,nan
1183,653.732,653,732000000,1,/drone2,SURVEILLANCE,1,0,3,-1,-1,-1,28.507,3.594,10.067,0.033,nan,nan,nan,nan,0,nan,nan,nan,nan,nan,nan,0.000,nan,nan,nan,0,0,0,0,0,nan,nan,0,nan,nan,nan,nan,nan,nan,nan,nan
1184,653.732,653,732000000,2,/drone3,TRACKING,0,-1,3,0,0,3,28.553,10.256,10.027,0.067,26.891,4.321,0.000,-6.462,0,nan,nan,nan,0.000,11.770,1000.000,0.000,10.000,6.164,0.027,0,1,1,1,0,1.792,-8.254,1,0.008,31.196,4.675,-1.796,-4.305,-0.354,1.796,4.678
1185,654.096,654,96000000,0,/drone1,SURVEILLANCE,1,2,3,-1,-1,-1,30.238,-4.491,10.063,0.055,nan,nan,nan,nan,0,nan,nan,nan,nan,nan,nan,0.000,nan,nan,nan,0,0,0,0,0,nan,nan,0,nan,nan,nan,nan,nan,nan,nan,nan
1186,654.096,654,96000000,1,/drone2,SURVEILLANCE,1,0,3,-1,-1,-1,28.517,3.587,10.073,0.033,nan,nan,nan,nan,0,nan,nan,nan,nan,nan,nan,0.000,nan,nan,nan,0,0,0,0,0,nan,nan,0,nan,nan,nan,nan,nan,nan,nan,nan
1187,654.096,654,96000000,2,/drone3,TRACKING,0,-1,3,0,0,3,28.562,10.264,10.015,0.067,26.896,4.327,0.000,-6.471,0,nan,nan,nan,0.000,11.761,1000.000,0.000,10.000,6.166,0.015,0,1,1,1,0,1.788,-8.259,1,0.012,31.195,4.675,-1.822,-4.299,-0.348,1.822,4.682
1188,654.496,654,496000000,0,/drone1,SURVEILLANCE,1,2,3,-1,-1,-1,30.235,-4.484,10.070,0.055,nan,nan,nan,nan,0,nan,nan,nan,nan,nan,nan,0.000,nan,nan,nan,0,0,0,0,0,nan,nan,0,nan,nan,nan,nan,nan,nan,nan,nan
1189,654.496,654,496000000,1,/drone2,SURVEILLANCE,1,0,3,-1,-1,-1,28.532,3.591,10.075,0.033,nan,nan,nan,nan,0,nan,nan,nan,nan,nan,nan,0.000,nan,nan,nan,0,0,0,0,0,nan,nan,0,nan,nan,nan,nan,nan,nan,nan,nan
1190,654.496,654,496000000,2,/drone3,TRACKING,0,-1,3,0,0,3,28.568,10.272,10.009,0.067,26.898,4.338,0.000,-6.460,0,nan,nan,nan,0.000,11.755,1000.000,0.000,10.000,6.165,0.009,0,1,1,1,0,1.793,-8.253,1,0.016,31.193,4.675,-1.847,-4.295,-0.337,1.847,4.687
