<?xml version="1.0" encoding="utf-8"?>
<COLLADA xmlns="http://www.collada.org/2005/11/COLLADASchema" version="1.4.1" xmlns:xsi="http://www.w3.org/2001/XMLSchema-instance">
  <asset>
    <contributor>
      <author>Blender User</author>
      <authoring_tool>Blender 4.1.0 commit date:2024-03-25, commit time:20:42, hash:40a5e739e270</authoring_tool>
    </contributor>
    <created>2024-10-17T22:32:00</created>
    <modified>2024-10-17T22:32:00</modified>
    <unit name="meter" meter="1"/>
    <up_axis>Z_UP</up_axis>
  </asset>
  <library_effects>
    <effect id="Mat_Cargo_Container_Pole-effect">
      <profile_COMMON>
        <newparam sid="Mat_Cargo_Container_Pole_basecolor_png-surface">
          <surface type="2D">
            <init_from>Mat_Cargo_Container_Pole_basecolor_png</init_from>
          </surface>
        </newparam>
        <newparam sid="Mat_Cargo_Container_Pole_basecolor_png-sampler">
          <sampler2D>
            <source>Mat_Cargo_Container_Pole_basecolor_png-surface</source>
          </sampler2D>
        </newparam>
        <technique sid="common">
          <lambert>
            <emission>
              <color sid="emission">0 0 0 1</color>
            </emission>
            <diffuse>
              <texture texture="Mat_Cargo_Container_Pole_basecolor_png-sampler" texcoord="UVMap"/>
            </diffuse>
            <index_of_refraction>
              <float sid="ior">1.5</float>
            </index_of_refraction>
          </lambert>
        </technique>
      </profile_COMMON>
    </effect>
    <effect id="Mat_Cargo_Container_Rings-effect">
      <profile_COMMON>
        <newparam sid="Mat_Cargo_Container_Rings_basecolor_png-surface">
          <surface type="2D">
            <init_from>Mat_Cargo_Container_Rings_basecolor_png</init_from>
          </surface>
        </newparam>
        <newparam sid="Mat_Cargo_Container_Rings_basecolor_png-sampler">
          <sampler2D>
            <source>Mat_Cargo_Container_Rings_basecolor_png-surface</source>
          </sampler2D>
        </newparam>
        <technique sid="common">
          <lambert>
            <emission>
              <color sid="emission">0 0 0 1</color>
            </emission>
            <diffuse>
              <texture texture="Mat_Cargo_Container_Rings_basecolor_png-sampler" texcoord="UVMap"/>
            </diffuse>
            <index_of_refraction>
              <float sid="ior">1.5</float>
            </index_of_refraction>
          </lambert>
        </technique>
      </profile_COMMON>
    </effect>
    <effect id="Mat_Cargo_Container_Back-effect">
      <profile_COMMON>
        <newparam sid="Mat_Cargo_Container_Back_basecolor_png-surface">
          <surface type="2D">
            <init_from>Mat_Cargo_Container_Back_basecolor_png</init_from>
          </surface>
        </newparam>
        <newparam sid="Mat_Cargo_Container_Back_basecolor_png-sampler">
          <sampler2D>
            <source>Mat_Cargo_Container_Back_basecolor_png-surface</source>
          </sampler2D>
        </newparam>
        <technique sid="common">
          <lambert>
            <emission>
              <color sid="emission">0 0 0 1</color>
            </emission>
            <diffuse>
              <texture texture="Mat_Cargo_Container_Back_basecolor_png-sampler" texcoord="UVMap"/>
            </diffuse>
            <index_of_refraction>
              <float sid="ior">1.5</float>
            </index_of_refraction>
          </lambert>
        </technique>
      </profile_COMMON>
    </effect>
    <effect id="Mat_Cargo_Container_Pipes-effect">
      <profile_COMMON>
        <newparam sid="Mat_Cargo_Container_Pipes_basecolor_png-surface">
          <surface type="2D">
            <init_from>Mat_Cargo_Container_Pipes_basecolor_png</init_from>
          </surface>
        </newparam>
        <newparam sid="Mat_Cargo_Container_Pipes_basecolor_png-sampler">
          <sampler2D>
            <source>Mat_Cargo_Container_Pipes_basecolor_png-surface</source>
          </sampler2D>
        </newparam>
        <technique sid="common">
          <lambert>
            <emission>
              <color sid="emission">0 0 0 1</color>
            </emission>
            <diffuse>
              <texture texture="Mat_Cargo_Container_Pipes_basecolor_png-sampler" texcoord="UVMap"/>
            </diffuse>
            <index_of_refraction>
              <float sid="ior">1.5</float>
            </index_of_refraction>
          </lambert>
        </technique>
      </profile_COMMON>
    </effect>
    <effect id="Mat_Cargo_Container-effect">
      <profile_COMMON>
        <newparam sid="Mat_Cargo_Container_basecolor_png-surface">
          <surface type="2D">
            <init_from>Mat_Cargo_Container_basecolor_png</init_from>
          </surface>
        </newparam>
        <newparam sid="Mat_Cargo_Container_basecolor_png-sampler">
          <sampler2D>
            <source>Mat_Cargo_Container_basecolor_png-surface</source>
          </sampler2D>
        </newparam>
        <technique sid="common">
          <lambert>
            <emission>
              <color sid="emission">0 0 0 1</color>
            </emission>
            <diffuse>
              <texture texture="Mat_Cargo_Container_basecolor_png-sampler" texcoord="UVMap"/>
            </diffuse>
            <index_of_refraction>
              <float sid="ior">1.45</float>
            </index_of_refraction>
          </lambert>
        </technique>
      </profile_COMMON>
    </effect>
  </library_effects>
  <library_images>
    <image id="Mat_Cargo_Container_Back_basecolor_png" name="Mat_Cargo_Container_Back_basecolor_png">
      <init_from>Mat_Cargo_Container_Back_basecolor.png</init_from>
    </image>
    <image id="Mat_Cargo_Container_Pipes_basecolor_png" name="Mat_Cargo_Container_Pipes_basecolor_png">
      <init_from>Mat_Cargo_Container_Pipes_basecolor.png</init_from>
    </image>
    <image id="Mat_Cargo_Container_Pole_basecolor_png" name="Mat_Cargo_Container_Pole_basecolor_png">
      <init_from>Mat_Cargo_Container_Pole_basecolor.png</init_from>
    </image>
    <image id="Mat_Cargo_Container_Rings_basecolor_png" name="Mat_Cargo_Container_Rings_basecolor_png">
      <init_from>Mat_Cargo_Container_Rings_basecolor.png</init_from>
    </image>
    <image id="Mat_Cargo_Container_basecolor_png" name="Mat_Cargo_Container_basecolor_png">
      <init_from>Mat_Cargo_Container_basecolor.png</init_from>
    </image>
  </library_images>
  <library_materials>
    <material id="Mat_Cargo_Container_Pole-material" name="Mat_Cargo_Container_Pole">
      <instance_effect url="#Mat_Cargo_Container_Pole-effect"/>
    </material>
    <material id="Mat_Cargo_Container_Rings-material" name="Mat_Cargo_Container_Rings">
      <instance_effect url="#Mat_Cargo_Container_Rings-effect"/>
    </material>
    <material id="Mat_Cargo_Container_Back-material" name="Mat_Cargo_Container_Back">
      <instance_effect url="#Mat_Cargo_Container_Back-effect"/>
    </material>
    <material id="Mat_Cargo_Container_Pipes-material" name="Mat_Cargo_Container_Pipes">
      <instance_effect url="#Mat_Cargo_Container_Pipes-effect"/>
    </material>
    <material id="Mat_Cargo_Container-material" name="Mat_Cargo_Container">
      <instance_effect url="#Mat_Cargo_Container-effect"/>
    </material>
  </library_materials>
  <library_geometries>
    <geometry id="Cargo_Container_Pole_Mesh-mesh" name="Cargo_Container_Pole_Mesh">
      <mesh>
        <source id="Cargo_Container_Pole_Mesh-mesh-positions">
          <float_array id="Cargo_Container_Pole_Mesh-mesh-positions-array" count="3264">3 -1.31 1.025 3.06 -1.2 1.025 3 -1.2 1.025 3.06 -1.31 1.025 3 -1.31 1.125 3.06 -1.31 1.125 3.06 -1.2 1.125 3 -1.2 1.125 3 -1.31 1.075 3 -1.2 1.075 3.06 -1.31 1.075 3.06 -1.2 1.075 3.03 -1.31 1.025 3.03 -1.2 1.025 3.03 -1.31 1.125 3.03 -1.2 1.125 3.03 -1.2 1.075 3.03 -1.31 1.075 3 -1.255 1.025 3.06 -1.255 1.025 3 -1.255 1.125 3.06 -1.255 1.125 3.06 -1.31 1.060349 3.03 -1.31 1.065975 3.03 -1.255 1.125 3.03 -1.255 1.025 3.06 -1.271351 1.074019 3.06 -1.254019 1.058649 3.06 -1.238649 1.075981 3.06 -1.255981 1.091351 3.06 -1.26867 1.065975 3.06 -1.269651 1.082326 3.06 -1.31 1.065975 3.06 -1.245975 1.06133 3.06 -1.262326 1.060349 3 -1.31 1.065975 3.06 -1.24133 1.084025 3.06 -1.240349 1.067674 3.06 -1.245975 1.025 3.06 -1.264025 1.08867 3.06 -1.247674 1.089651 3.03 -1.245975 1.025 3 -1.238649 1.075981 3 -1.254019 1.058649 3 -1.271351 1.074019 3 -1.255981 1.091351 3 -1.240349 1.067674 3 -1.24133 1.084025 3 -1.245975 1.025 3 -1.262326 1.060349 3 -1.245975 1.06133 3.06 -1.262326 1.025 3 -1.269651 1.082326 3 -1.26867 1.065975 3.03 -1.262326 1.025 3 -1.247674 1.089651 3 -1.264025 1.08867 3 -1.262326 1.025 3 -1.31 1.060349 3.03 -1.31 1.060349 3 -1.31 1.082326 3.06 -1.31 1.082326 3.03 -1.31 1.082326 3 -1.31 1.08867 3.06 -1.31 1.08867 3.03 -1.31 1.08867 3 -1.2 1.067674 3 -1.2 1.06133 3.06 -1.2 1.06133 3.06 -1.2 1.067674 3.03 -1.2 1.06133 3.03 -1.2 1.067674 3.06 -1.2 1.084025 3.06 -1.2 1.089651 3 -1.2 1.089651 3 -1.2 1.084025 3.03 -1.2 1.084025 3.03 -1.2 1.089651 3 -1.264025 1.125 3.06 -1.264025 1.125 3.03 -1.264025 1.125 3 -1.247674 1.125 3.06 -1.247674 1.125 3.03 -1.247674 1.125 3.053727 -1.196667 -0.2820616 3.054364 -1.268534 -0.280603 3.054364 -1.268534 -0.3406029 3.053727 -1.196667 -0.3391443 2.954145 -1.196456 -0.2895019 2.954145 -1.196456 -0.3317041 2.954994 -1.118534 -0.2943038 2.954994 -1.118534 -0.3269021 3.05 -1.2 -0.2820616 3.049364 -1.268534 -0.280603 3.049364 -1.268534 -0.3406029 3.05 -1.2 -0.3391443 2.950844 -1.200211 -0.2895019 2.950844 -1.200211 -0.3317041 2.949995 -1.118534 -0.2943038 2.949995 -1.118534 -0.3269021 3.054045 -1.2226 -0.310603 3.054045 -1.2276 -0.3019427 3.054045 -1.2376 -0.3019427 3.054045 -1.2426 -0.310603 3.054045 -1.2376 -0.3192632 3.054045 -1.2276 -0.3192632 3.057045 -1.2226 -0.310603 3.057045 -1.2276 -0.3019427 3.057045 -1.2376 -0.3019427 3.057045 -1.2426 -0.310603 3.057045 -1.2376 -0.3192632 3.057045 -1.2276 -0.3192632 2.95457 -1.147495 -0.310603 2.95457 -1.152495 -0.3019427 2.95457 -1.162495 -0.3019427 2.95457 -1.167495 -0.310603 2.95457 -1.162495 -0.3192632 2.95457 -1.152495 -0.3192632 2.95757 -1.147495 -0.310603 2.95757 -1.152495 -0.3019427 2.95757 -1.162495 -0.3019427 2.95757 -1.167495 -0.310603 2.95757 -1.162495 -0.3192632 2.95757 -1.152495 -0.3192632 3.053727 -1.196667 0.4118745 3.054364 -1.268534 0.4133332 3.054364 -1.268534 0.3533332 3.053727 -1.196667 0.3547919 2.954145 -1.196456 0.4044343 2.954145 -1.196456 0.3622321 2.954994 -1.118534 0.3996323 2.954994 -1.118534 0.3670341 3.05 -1.2 0.4118745 3.049364 -1.268534 0.4133332 3.049364 -1.268534 0.3533332 3.05 -1.2 0.3547919 2.950844 -1.200211 0.4044343 2.950844 -1.200211 0.3622321 2.949995 -1.118534 0.3996323 2.949995 -1.118534 0.3670341 3.054045 -1.2226 0.3833332 3.054045 -1.2276 0.3919934 3.054045 -1.2376 0.3919934 3.054045 -1.2426 0.3833332 3.054045 -1.2376 0.374673 3.054045 -1.2276 0.374673 3.057045 -1.2226 0.3833332 3.057045 -1.2276 0.3919934 3.057045 -1.2376 0.3919934 3.057045 -1.2426 0.3833332 3.057045 -1.2376 0.374673 3.057045 -1.2276 0.374673 2.95457 -1.147495 0.3833332 2.95457 -1.152495 0.3919934 2.95457 -1.162495 0.3919934 2.95457 -1.167495 0.3833332 2.95457 -1.162495 0.374673 2.95457 -1.152495 0.374673 2.95757 -1.147495 0.3833332 2.95757 -1.152495 0.3919934 2.95757 -1.162495 0.3919934 2.95757 -1.167495 0.3833332 2.95757 -1.162495 0.374673 2.95757 -1.152495 0.374673 3 -1.3 -1.025 3 -1.3 1.025 3.05 -1.2 -1.025 3.05 -1.2 1.025 3 -1.2 1.025 3 -1.2 -1.025 3.05 -1.3 -1.025 3.05 -1.3 1.025 3 -1.3 0.3433333 3 -1.2 0.3433333 3.05 -1.3 0.3433333 3.05 -1.2 0.3433333 3 -1.3 0.4233332 3 -1.2 0.4233332 3.05 -1.3 0.4233332 3.05 -1.2 0.4233332 3 -1.3 -0.2728459 3 -1.2 -0.2728459 3.05 -1.3 -0.2728459 3.05 -1.2 -0.2728459 3 -1.3 -0.3483601 3 -1.2 -0.3483601 3.05 -1.3 -0.3483601 3.05 -1.2 -0.3483601 3 -1.31 -1.125 3.06 -1.2 -1.125 3 -1.2 -1.125 3.06 -1.31 -1.125 3 -1.31 -1.025 3.06 -1.31 -1.025 3.06 -1.2 -1.025 3 -1.2 -1.025 3 -1.31 -1.075 3 -1.2 -1.075 3.06 -1.31 -1.075 3.06 -1.2 -1.075 3.03 -1.31 -1.125 3.03 -1.2 -1.125 3.03 -1.31 -1.025 3.03 -1.2 -1.025 3.03 -1.2 -1.075 3.03 -1.31 -1.075 3 -1.255 -1.125 3.06 -1.255 -1.125 3 -1.255 -1.025 3.06 -1.255 -1.025 3.06 -1.31 -1.089651 3.03 -1.31 -1.084025 3.03 -1.255 -1.025 3.03 -1.255 -1.125 3.06 -1.271351 -1.075981 3.06 -1.254019 -1.091351 3.06 -1.238649 -1.074019 3.06 -1.255981 -1.058649 3.06 -1.26867 -1.084025 3.06 -1.269651 -1.067674 3.06 -1.31 -1.084025 3.06 -1.245975 -1.08867 3.06 -1.262326 -1.089651 3 -1.31 -1.084025 3.06 -1.24133 -1.065975 3.06 -1.240349 -1.082326 3.06 -1.245975 -1.125 3.06 -1.264025 -1.06133 3.06 -1.247674 -1.060349 3.03 -1.245975 -1.125 3 -1.238649 -1.074019 3 -1.254019 -1.091351 3 -1.271351 -1.075981 3 -1.255981 -1.058649 3 -1.240349 -1.082326 3 -1.24133 -1.065975 3 -1.245975 -1.125 3 -1.262326 -1.089651 3 -1.245975 -1.08867 3.06 -1.262326 -1.125 3 -1.269651 -1.067674 3 -1.26867 -1.084025 3.03 -1.262326 -1.125 3 -1.247674 -1.060349 3 -1.264025 -1.06133 3 -1.262326 -1.125 3 -1.31 -1.089651 3.03 -1.31 -1.089651 3 -1.31 -1.067674 3.06 -1.31 -1.067674 3.03 -1.31 -1.067674 3 -1.31 -1.06133 3.06 -1.31 -1.06133 3.03 -1.31 -1.06133 3 -1.2 -1.082326 3 -1.2 -1.08867 3.06 -1.2 -1.08867 3.06 -1.2 -1.082326 3.03 -1.2 -1.08867 3.03 -1.2 -1.082326 3.06 -1.2 -1.065975 3.06 -1.2 -1.060349 3 -1.2 -1.060349 3 -1.2 -1.065975 3.03 -1.2 -1.065975 3.03 -1.2 -1.060349 3 -1.264025 -1.025 3.06 -1.264025 -1.025 3.03 -1.264025 -1.025 3 -1.247674 -1.025 3.06 -1.247674 -1.025 3.03 -1.247674 -1.025 -3 -1.31 1.025 -3.06 -1.2 1.025 -3 -1.2 1.025 -3.06 -1.31 1.025 -3 -1.31 1.125 -3.06 -1.31 1.125 -3.06 -1.2 1.125 -3 -1.2 1.125 -3 -1.31 1.075 -3 -1.2 1.075 -3.06 -1.31 1.075 -3.06 -1.2 1.075 -3.03 -1.31 1.025 -3.03 -1.2 1.025 -3.03 -1.31 1.125 -3.03 -1.2 1.125 -3.03 -1.2 1.075 -3.03 -1.31 1.075 -3 -1.255 1.025 -3.06 -1.255 1.025 -3 -1.255 1.125 -3.06 -1.255 1.125 -3.06 -1.31 1.060349 -3.03 -1.31 1.065975 -3.03 -1.255 1.125 -3.03 -1.255 1.025 -3.06 -1.271351 1.074019 -3.06 -1.254019 1.058649 -3.06 -1.238649 1.075981 -3.06 -1.255981 1.091351 -3.06 -1.26867 1.065975 -3.06 -1.269651 1.082326 -3.06 -1.31 1.065975 -3.06 -1.245975 1.06133 -3.06 -1.262326 1.060349 -3 -1.31 1.065975 -3.06 -1.24133 1.084025 -3.06 -1.240349 1.067674 -3.06 -1.245975 1.025 -3.06 -1.264025 1.08867 -3.06 -1.247674 1.089651 -3.03 -1.245975 1.025 -3 -1.238649 1.075981 -3 -1.254019 1.058649 -3 -1.271351 1.074019 -3 -1.255981 1.091351 -3 -1.240349 1.067674 -3 -1.24133 1.084025 -3 -1.245975 1.025 -3 -1.262326 1.060349 -3 -1.245975 1.06133 -3.06 -1.262326 1.025 -3 -1.269651 1.082326 -3 -1.26867 1.065975 -3.03 -1.262326 1.025 -3 -1.247674 1.089651 -3 -1.264025 1.08867 -3 -1.262326 1.025 -3 -1.31 1.060349 -3.03 -1.31 1.060349 -3 -1.31 1.082326 -3.06 -1.31 1.082326 -3.03 -1.31 1.082326 -3 -1.31 1.08867 -3.06 -1.31 1.08867 -3.03 -1.31 1.08867 -3 -1.2 1.067674 -3 -1.2 1.06133 -3.06 -1.2 1.06133 -3.06 -1.2 1.067674 -3.03 -1.2 1.06133 -3.03 -1.2 1.067674 -3.06 -1.2 1.084025 -3.06 -1.2 1.089651 -3 -1.2 1.089651 -3 -1.2 1.084025 -3.03 -1.2 1.084025 -3.03 -1.2 1.089651 -3 -1.264025 1.125 -3.06 -1.264025 1.125 -3.03 -1.264025 1.125 -3 -1.247674 1.125 -3.06 -1.247674 1.125 -3.03 -1.247674 1.125 -3.053727 -1.196667 -0.2820616 -3.054363 -1.268534 -0.280603 -3.054363 -1.268534 -0.3406029 -3.053727 -1.196667 -0.3391443 -2.954145 -1.196456 -0.2895019 -2.954145 -1.196456 -0.3317041 -2.954994 -1.118534 -0.2943038 -2.954994 -1.118534 -0.3269021 -3.05 -1.2 -0.2820616 -3.049363 -1.268534 -0.280603 -3.049363 -1.268534 -0.3406029 -3.05 -1.2 -0.3391443 -2.950843 -1.200211 -0.2895019 -2.950843 -1.200211 -0.3317041 -2.949994 -1.118534 -0.2943038 -2.949994 -1.118534 -0.3269021 -3.054045 -1.2226 -0.310603 -3.054045 -1.2276 -0.3019427 -3.054045 -1.2376 -0.3019427 -3.054045 -1.2426 -0.310603 -3.054045 -1.2376 -0.3192632 -3.054045 -1.2276 -0.3192632 -3.057045 -1.2226 -0.310603 -3.057045 -1.2276 -0.3019427 -3.057045 -1.2376 -0.3019427 -3.057045 -1.2426 -0.310603 -3.057045 -1.2376 -0.3192632 -3.057045 -1.2276 -0.3192632 -2.95457 -1.147495 -0.310603 -2.95457 -1.152495 -0.3019427 -2.95457 -1.162495 -0.3019427 -2.95457 -1.167495 -0.310603 -2.95457 -1.162495 -0.3192632 -2.95457 -1.152495 -0.3192632 -2.95757 -1.147495 -0.310603 -2.95757 -1.152495 -0.3019427 -2.95757 -1.162495 -0.3019427 -2.95757 -1.167495 -0.310603 -2.95757 -1.162495 -0.3192632 -2.95757 -1.152495 -0.3192632 -3.053727 -1.196667 0.4118745 -3.054363 -1.268534 0.4133332 -3.054363 -1.268534 0.3533332 -3.053727 -1.196667 0.3547919 -2.954145 -1.196456 0.4044343 -2.954145 -1.196456 0.3622321 -2.954994 -1.118534 0.3996323 -2.954994 -1.118534 0.3670341 -3.05 -1.2 0.4118745 -3.049363 -1.268534 0.4133332 -3.049363 -1.268534 0.3533332 -3.05 -1.2 0.3547919 -2.950843 -1.200211 0.4044343 -2.950843 -1.200211 0.3622321 -2.949994 -1.118534 0.3996323 -2.949994 -1.118534 0.3670341 -3.054045 -1.2226 0.3833332 -3.054045 -1.2276 0.3919934 -3.054045 -1.2376 0.3919934 -3.054045 -1.2426 0.3833332 -3.054045 -1.2376 0.374673 -3.054045 -1.2276 0.374673 -3.057045 -1.2226 0.3833332 -3.057045 -1.2276 0.3919934 -3.057045 -1.2376 0.3919934 -3.057045 -1.2426 0.3833332 -3.057045 -1.2376 0.374673 -3.057045 -1.2276 0.374673 -2.95457 -1.147495 0.3833332 -2.95457 -1.152495 0.3919934 -2.95457 -1.162495 0.3919934 -2.95457 -1.167495 0.3833332 -2.95457 -1.162495 0.374673 -2.95457 -1.152495 0.374673 -2.95757 -1.147495 0.3833332 -2.95757 -1.152495 0.3919934 -2.95757 -1.162495 0.3919934 -2.95757 -1.167495 0.3833332 -2.95757 -1.162495 0.374673 -2.95757 -1.152495 0.374673 -3 -1.3 -1.025 -3 -1.3 1.025 -3.05 -1.2 -1.025 -3.05 -1.2 1.025 -3 -1.2 1.025 -3 -1.2 -1.025 -3.05 -1.3 -1.025 -3.05 -1.3 1.025 -3 -1.3 0.3433333 -3 -1.2 0.3433333 -3.05 -1.3 0.3433333 -3.05 -1.2 0.3433333 -3 -1.3 0.4233332 -3 -1.2 0.4233332 -3.05 -1.3 0.4233332 -3.05 -1.2 0.4233332 -3 -1.3 -0.2728459 -3 -1.2 -0.2728459 -3.05 -1.3 -0.2728459 -3.05 -1.2 -0.2728459 -3 -1.3 -0.3483601 -3 -1.2 -0.3483601 -3.05 -1.3 -0.3483601 -3.05 -1.2 -0.3483601 -3 -1.31 -1.125 -3.06 -1.2 -1.125 -3 -1.2 -1.125 -3.06 -1.31 -1.125 -3 -1.31 -1.025 -3.06 -1.31 -1.025 -3.06 -1.2 -1.025 -3 -1.2 -1.025 -3 -1.31 -1.075 -3 -1.2 -1.075 -3.06 -1.31 -1.075 -3.06 -1.2 -1.075 -3.03 -1.31 -1.125 -3.03 -1.2 -1.125 -3.03 -1.31 -1.025 -3.03 -1.2 -1.025 -3.03 -1.2 -1.075 -3.03 -1.31 -1.075 -3 -1.255 -1.125 -3.06 -1.255 -1.125 -3 -1.255 -1.025 -3.06 -1.255 -1.025 -3.06 -1.31 -1.089651 -3.03 -1.31 -1.084025 -3.03 -1.255 -1.025 -3.03 -1.255 -1.125 -3.06 -1.271351 -1.075981 -3.06 -1.254019 -1.091351 -3.06 -1.238649 -1.074019 -3.06 -1.255981 -1.058649 -3.06 -1.26867 -1.084025 -3.06 -1.269651 -1.067674 -3.06 -1.31 -1.084025 -3.06 -1.245975 -1.08867 -3.06 -1.262326 -1.089651 -3 -1.31 -1.084025 -3.06 -1.24133 -1.065975 -3.06 -1.240349 -1.082326 -3.06 -1.245975 -1.125 -3.06 -1.264025 -1.06133 -3.06 -1.247674 -1.060349 -3.03 -1.245975 -1.125 -3 -1.238649 -1.074019 -3 -1.254019 -1.091351 -3 -1.271351 -1.075981 -3 -1.255981 -1.058649 -3 -1.240349 -1.082326 -3 -1.24133 -1.065975 -3 -1.245975 -1.125 -3 -1.262326 -1.089651 -3 -1.245975 -1.08867 -3.06 -1.262326 -1.125 -3 -1.269651 -1.067674 -3 -1.26867 -1.084025 -3.03 -1.262326 -1.125 -3 -1.247674 -1.060349 -3 -1.264025 -1.06133 -3 -1.262326 -1.125 -3 -1.31 -1.089651 -3.03 -1.31 -1.089651 -3 -1.31 -1.067674 -3.06 -1.31 -1.067674 -3.03 -1.31 -1.067674 -3 -1.31 -1.06133 -3.06 -1.31 -1.06133 -3.03 -1.31 -1.06133 -3 -1.2 -1.082326 -3 -1.2 -1.08867 -3.06 -1.2 -1.08867 -3.06 -1.2 -1.082326 -3.03 -1.2 -1.08867 -3.03 -1.2 -1.082326 -3.06 -1.2 -1.065975 -3.06 -1.2 -1.060349 -3 -1.2 -1.060349 -3 -1.2 -1.065975 -3.03 -1.2 -1.065975 -3.03 -1.2 -1.060349 -3 -1.264025 -1.025 -3.06 -1.264025 -1.025 -3.03 -1.264025 -1.025 -3 -1.247674 -1.025 -3.06 -1.247674 -1.025 -3.03 -1.247674 -1.025 3 1.31 1.025 3.06 1.2 1.025 3 1.2 1.025 3.06 1.31 1.025 3 1.31 1.125 3.06 1.31 1.125 3.06 1.2 1.125 3 1.2 1.125 3 1.31 1.075 3 1.2 1.075 3.06 1.31 1.075 3.06 1.2 1.075 3.03 1.31 1.025 3.03 1.2 1.025 3.03 1.31 1.125 3.03 1.2 1.125 3.03 1.2 1.075 3.03 1.31 1.075 3 1.255 1.025 3.06 1.255 1.025 3 1.255 1.125 3.06 1.255 1.125 3.06 1.31 1.060349 3.03 1.31 1.065975 3.03 1.255 1.125 3.03 1.255 1.025 3.06 1.271351 1.074019 3.06 1.254019 1.058649 3.06 1.238649 1.075981 3.06 1.255981 1.091351 3.06 1.26867 1.065975 3.06 1.269651 1.082326 3.06 1.31 1.065975 3.06 1.245975 1.06133 3.06 1.262326 1.060349 3 1.31 1.065975 3.06 1.24133 1.084025 3.06 1.240349 1.067674 3.06 1.245975 1.025 3.06 1.264025 1.08867 3.06 1.247674 1.089651 3.03 1.245975 1.025 3 1.238649 1.075981 3 1.254019 1.058649 3 1.271351 1.074019 3 1.255981 1.091351 3 1.240349 1.067674 3 1.24133 1.084025 3 1.245975 1.025 3 1.262326 1.060349 3 1.245975 1.06133 3.06 1.262326 1.025 3 1.269651 1.082326 3 1.26867 1.065975 3.03 1.262326 1.025 3 1.247674 1.089651 3 1.264025 1.08867 3 1.262326 1.025 3 1.31 1.060349 3.03 1.31 1.060349 3 1.31 1.082326 3.06 1.31 1.082326 3.03 1.31 1.082326 3 1.31 1.08867 3.06 1.31 1.08867 3.03 1.31 1.08867 3 1.2 1.067674 3 1.2 1.06133 3.06 1.2 1.06133 3.06 1.2 1.067674 3.03 1.2 1.06133 3.03 1.2 1.067674 3.06 1.2 1.084025 3.06 1.2 1.089651 3 1.2 1.089651 3 1.2 1.084025 3.03 1.2 1.084025 3.03 1.2 1.089651 3 1.264025 1.125 3.06 1.264025 1.125 3.03 1.264025 1.125 3 1.247674 1.125 3.06 1.247674 1.125 3.03 1.247674 1.125 3.053727 1.196667 -0.2820616 3.054364 1.268534 -0.280603 3.054364 1.268534 -0.3406029 3.053727 1.196667 -0.3391443 2.954145 1.196456 -0.2895019 2.954145 1.196456 -0.3317041 2.954994 1.118534 -0.2943038 2.954994 1.118534 -0.3269021 3.05 1.2 -0.2820616 3.049364 1.268534 -0.280603 3.049364 1.268534 -0.3406029 3.05 1.2 -0.3391443 2.950844 1.200211 -0.2895019 2.950844 1.200211 -0.3317041 2.949995 1.118534 -0.2943038 2.949995 1.118534 -0.3269021 3.054045 1.2226 -0.310603 3.054045 1.2276 -0.3019427 3.054045 1.2376 -0.3019427 3.054045 1.2426 -0.310603 3.054045 1.2376 -0.3192632 3.054045 1.2276 -0.3192632 3.057045 1.2226 -0.310603 3.057045 1.2276 -0.3019427 3.057045 1.2376 -0.3019427 3.057045 1.2426 -0.310603 3.057045 1.2376 -0.3192632 3.057045 1.2276 -0.3192632 2.95457 1.147495 -0.310603 2.95457 1.152495 -0.3019427 2.95457 1.162495 -0.3019427 2.95457 1.167495 -0.310603 2.95457 1.162495 -0.3192632 2.95457 1.152495 -0.3192632 2.95757 1.147495 -0.310603 2.95757 1.152495 -0.3019427 2.95757 1.162495 -0.3019427 2.95757 1.167495 -0.310603 2.95757 1.162495 -0.3192632 2.95757 1.152495 -0.3192632 3.053727 1.196667 0.4118745 3.054364 1.268534 0.4133332 3.054364 1.268534 0.3533332 3.053727 1.196667 0.3547919 2.954145 1.196456 0.4044343 2.954145 1.196456 0.3622321 2.954994 1.118534 0.3996323 2.954994 1.118534 0.3670341 3.05 1.2 0.4118745 3.049364 1.268534 0.4133332 3.049364 1.268534 0.3533332 3.05 1.2 0.3547919 2.950844 1.200211 0.4044343 2.950844 1.200211 0.3622321 2.949995 1.118534 0.3996323 2.949995 1.118534 0.3670341 3.054045 1.2226 0.3833332 3.054045 1.2276 0.3919934 3.054045 1.2376 0.3919934 3.054045 1.2426 0.3833332 3.054045 1.2376 0.374673 3.054045 1.2276 0.374673 3.057045 1.2226 0.3833332 3.057045 1.2276 0.3919934 3.057045 1.2376 0.3919934 3.057045 1.2426 0.3833332 3.057045 1.2376 0.374673 3.057045 1.2276 0.374673 2.95457 1.147495 0.3833332 2.95457 1.152495 0.3919934 2.95457 1.162495 0.3919934 2.95457 1.167495 0.3833332 2.95457 1.162495 0.374673 2.95457 1.152495 0.374673 2.95757 1.147495 0.3833332 2.95757 1.152495 0.3919934 2.95757 1.162495 0.3919934 2.95757 1.167495 0.3833332 2.95757 1.162495 0.374673 2.95757 1.152495 0.374673 3 1.3 -1.025 3 1.3 1.025 3.05 1.2 -1.025 3.05 1.2 1.025 3 1.2 1.025 3 1.2 -1.025 3.05 1.3 -1.025 3.05 1.3 1.025 3 1.3 0.3433333 3 1.2 0.3433333 3.05 1.3 0.3433333 3.05 1.2 0.3433333 3 1.3 0.4233332 3 1.2 0.4233332 3.05 1.3 0.4233332 3.05 1.2 0.4233332 3 1.3 -0.2728459 3 1.2 -0.2728459 3.05 1.3 -0.2728459 3.05 1.2 -0.2728459 3 1.3 -0.3483601 3 1.2 -0.3483601 3.05 1.3 -0.3483601 3.05 1.2 -0.3483601 3 1.31 -1.125 3.06 1.2 -1.125 3 1.2 -1.125 3.06 1.31 -1.125 3 1.31 -1.025 3.06 1.31 -1.025 3.06 1.2 -1.025 3 1.2 -1.025 3 1.31 -1.075 3 1.2 -1.075 3.06 1.31 -1.075 3.06 1.2 -1.075 3.03 1.31 -1.125 3.03 1.2 -1.125 3.03 1.31 -1.025 3.03 1.2 -1.025 3.03 1.2 -1.075 3.03 1.31 -1.075 3 1.255 -1.125 3.06 1.255 -1.125 3 1.255 -1.025 3.06 1.255 -1.025 3.06 1.31 -1.089651 3.03 1.31 -1.084025 3.03 1.255 -1.025 3.03 1.255 -1.125 3.06 1.271351 -1.075981 3.06 1.254019 -1.091351 3.06 1.238649 -1.074019 3.06 1.255981 -1.058649 3.06 1.26867 -1.084025 3.06 1.269651 -1.067674 3.06 1.31 -1.084025 3.06 1.245975 -1.08867 3.06 1.262326 -1.089651 3 1.31 -1.084025 3.06 1.24133 -1.065975 3.06 1.240349 -1.082326 3.06 1.245975 -1.125 3.06 1.264025 -1.06133 3.06 1.247674 -1.060349 3.03 1.245975 -1.125 3 1.238649 -1.074019 3 1.254019 -1.091351 3 1.271351 -1.075981 3 1.255981 -1.058649 3 1.240349 -1.082326 3 1.24133 -1.065975 3 1.245975 -1.125 3 1.262326 -1.089651 3 1.245975 -1.08867 3.06 1.262326 -1.125 3 1.269651 -1.067674 3 1.26867 -1.084025 3.03 1.262326 -1.125 3 1.247674 -1.060349 3 1.264025 -1.06133 3 1.262326 -1.125 3 1.31 -1.089651 3.03 1.31 -1.089651 3 1.31 -1.067674 3.06 1.31 -1.067674 3.03 1.31 -1.067674 3 1.31 -1.06133 3.06 1.31 -1.06133 3.03 1.31 -1.06133 3 1.2 -1.082326 3 1.2 -1.08867 3.06 1.2 -1.08867 3.06 1.2 -1.082326 3.03 1.2 -1.08867 3.03 1.2 -1.082326 3.06 1.2 -1.065975 3.06 1.2 -1.060349 3 1.2 -1.060349 3 1.2 -1.065975 3.03 1.2 -1.065975 3.03 1.2 -1.060349 3 1.264025 -1.025 3.06 1.264025 -1.025 3.03 1.264025 -1.025 3 1.247674 -1.025 3.06 1.247674 -1.025 3.03 1.247674 -1.025 -3 1.31 1.025 -3.06 1.2 1.025 -3 1.2 1.025 -3.06 1.31 1.025 -3 1.31 1.125 -3.06 1.31 1.125 -3.06 1.2 1.125 -3 1.2 1.125 -3 1.31 1.075 -3 1.2 1.075 -3.06 1.31 1.075 -3.06 1.2 1.075 -3.03 1.31 1.025 -3.03 1.2 1.025 -3.03 1.31 1.125 -3.03 1.2 1.125 -3.03 1.2 1.075 -3.03 1.31 1.075 -3 1.255 1.025 -3.06 1.255 1.025 -3 1.255 1.125 -3.06 1.255 1.125 -3.06 1.31 1.060349 -3.03 1.31 1.065975 -3.03 1.255 1.125 -3.03 1.255 1.025 -3.06 1.271351 1.074019 -3.06 1.254019 1.058649 -3.06 1.238649 1.075981 -3.06 1.255981 1.091351 -3.06 1.26867 1.065975 -3.06 1.269651 1.082326 -3.06 1.31 1.065975 -3.06 1.245975 1.06133 -3.06 1.262326 1.060349 -3 1.31 1.065975 -3.06 1.24133 1.084025 -3.06 1.240349 1.067674 -3.06 1.245975 1.025 -3.06 1.264025 1.08867 -3.06 1.247674 1.089651 -3.03 1.245975 1.025 -3 1.238649 1.075981 -3 1.254019 1.058649 -3 1.271351 1.074019 -3 1.255981 1.091351 -3 1.240349 1.067674 -3 1.24133 1.084025 -3 1.245975 1.025 -3 1.262326 1.060349 -3 1.245975 1.06133 -3.06 1.262326 1.025 -3 1.269651 1.082326 -3 1.26867 1.065975 -3.03 1.262326 1.025 -3 1.247674 1.089651 -3 1.264025 1.08867 -3 1.262326 1.025 -3 1.31 1.060349 -3.03 1.31 1.060349 -3 1.31 1.082326 -3.06 1.31 1.082326 -3.03 1.31 1.082326 -3 1.31 1.08867 -3.06 1.31 1.08867 -3.03 1.31 1.08867 -3 1.2 1.067674 -3 1.2 1.06133 -3.06 1.2 1.06133 -3.06 1.2 1.067674 -3.03 1.2 1.06133 -3.03 1.2 1.067674 -3.06 1.2 1.084025 -3.06 1.2 1.089651 -3 1.2 1.089651 -3 1.2 1.084025 -3.03 1.2 1.084025 -3.03 1.2 1.089651 -3 1.264025 1.125 -3.06 1.264025 1.125 -3.03 1.264025 1.125 -3 1.247674 1.125 -3.06 1.247674 1.125 -3.03 1.247674 1.125 -3.053727 1.196667 -0.2820616 -3.054363 1.268534 -0.280603 -3.054363 1.268534 -0.3406029 -3.053727 1.196667 -0.3391443 -2.954145 1.196456 -0.2895019 -2.954145 1.196456 -0.3317041 -2.954994 1.118534 -0.2943038 -2.954994 1.118534 -0.3269021 -3.05 1.2 -0.2820616 -3.049363 1.268534 -0.280603 -3.049363 1.268534 -0.3406029 -3.05 1.2 -0.3391443 -2.950843 1.200211 -0.2895019 -2.950843 1.200211 -0.3317041 -2.949994 1.118534 -0.2943038 -2.949994 1.118534 -0.3269021 -3.054045 1.2226 -0.310603 -3.054045 1.2276 -0.3019427 -3.054045 1.2376 -0.3019427 -3.054045 1.2426 -0.310603 -3.054045 1.2376 -0.3192632 -3.054045 1.2276 -0.3192632 -3.057045 1.2226 -0.310603 -3.057045 1.2276 -0.3019427 -3.057045 1.2376 -0.3019427 -3.057045 1.2426 -0.310603 -3.057045 1.2376 -0.3192632 -3.057045 1.2276 -0.3192632 -2.95457 1.147495 -0.310603 -2.95457 1.152495 -0.3019427 -2.95457 1.162495 -0.3019427 -2.95457 1.167495 -0.310603 -2.95457 1.162495 -0.3192632 -2.95457 1.152495 -0.3192632 -2.95757 1.147495 -0.310603 -2.95757 1.152495 -0.3019427 -2.95757 1.162495 -0.3019427 -2.95757 1.167495 -0.310603 -2.95757 1.162495 -0.3192632 -2.95757 1.152495 -0.3192632 -3.053727 1.196667 0.4118745 -3.054363 1.268534 0.4133332 -3.054363 1.268534 0.3533332 -3.053727 1.196667 0.3547919 -2.954145 1.196456 0.4044343 -2.954145 1.196456 0.3622321 -2.954994 1.118534 0.3996323 -2.954994 1.118534 0.3670341 -3.05 1.2 0.4118745 -3.049363 1.268534 0.4133332 -3.049363 1.268534 0.3533332 -3.05 1.2 0.3547919 -2.950843 1.200211 0.4044343 -2.950843 1.200211 0.3622321 -2.949994 1.118534 0.3996323 -2.949994 1.118534 0.3670341 -3.054045 1.2226 0.3833332 -3.054045 1.2276 0.3919934 -3.054045 1.2376 0.3919934 -3.054045 1.2426 0.3833332 -3.054045 1.2376 0.374673 -3.054045 1.2276 0.374673 -3.057045 1.2226 0.3833332 -3.057045 1.2276 0.3919934 -3.057045 1.2376 0.3919934 -3.057045 1.2426 0.3833332 -3.057045 1.2376 0.374673 -3.057045 1.2276 0.374673 -2.95457 1.147495 0.3833332 -2.95457 1.152495 0.3919934 -2.95457 1.162495 0.3919934 -2.95457 1.167495 0.3833332 -2.95457 1.162495 0.374673 -2.95457 1.152495 0.374673 -2.95757 1.147495 0.3833332 -2.95757 1.152495 0.3919934 -2.95757 1.162495 0.3919934 -2.95757 1.167495 0.3833332 -2.95757 1.162495 0.374673 -2.95757 1.152495 0.374673 -3 1.3 -1.025 -3 1.3 1.025 -3.05 1.2 -1.025 -3.05 1.2 1.025 -3 1.2 1.025 -3 1.2 -1.025 -3.05 1.3 -1.025 -3.05 1.3 1.025 -3 1.3 0.3433333 -3 1.2 0.3433333 -3.05 1.3 0.3433333 -3.05 1.2 0.3433333 -3 1.3 0.4233332 -3 1.2 0.4233332 -3.05 1.3 0.4233332 -3.05 1.2 0.4233332 -3 1.3 -0.2728459 -3 1.2 -0.2728459 -3.05 1.3 -0.2728459 -3.05 1.2 -0.2728459 -3 1.3 -0.3483601 -3 1.2 -0.3483601 -3.05 1.3 -0.3483601 -3.05 1.2 -0.3483601 -3 1.31 -1.125 -3.06 1.2 -1.125 -3 1.2 -1.125 -3.06 1.31 -1.125 -3 1.31 -1.025 -3.06 1.31 -1.025 -3.06 1.2 -1.025 -3 1.2 -1.025 -3 1.31 -1.075 -3 1.2 -1.075 -3.06 1.31 -1.075 -3.06 1.2 -1.075 -3.03 1.31 -1.125 -3.03 1.2 -1.125 -3.03 1.31 -1.025 -3.03 1.2 -1.025 -3.03 1.2 -1.075 -3.03 1.31 -1.075 -3 1.255 -1.125 -3.06 1.255 -1.125 -3 1.255 -1.025 -3.06 1.255 -1.025 -3.06 1.31 -1.089651 -3.03 1.31 -1.084025 -3.03 1.255 -1.025 -3.03 1.255 -1.125 -3.06 1.271351 -1.075981 -3.06 1.254019 -1.091351 -3.06 1.238649 -1.074019 -3.06 1.255981 -1.058649 -3.06 1.26867 -1.084025 -3.06 1.269651 -1.067674 -3.06 1.31 -1.084025 -3.06 1.245975 -1.08867 -3.06 1.262326 -1.089651 -3 1.31 -1.084025 -3.06 1.24133 -1.065975 -3.06 1.240349 -1.082326 -3.06 1.245975 -1.125 -3.06 1.264025 -1.06133 -3.06 1.247674 -1.060349 -3.03 1.245975 -1.125 -3 1.238649 -1.074019 -3 1.254019 -1.091351 -3 1.271351 -1.075981 -3 1.255981 -1.058649 -3 1.240349 -1.082326 -3 1.24133 -1.065975 -3 1.245975 -1.125 -3 1.262326 -1.089651 -3 1.245975 -1.08867 -3.06 1.262326 -1.125 -3 1.269651 -1.067674 -3 1.26867 -1.084025 -3.03 1.262326 -1.125 -3 1.247674 -1.060349 -3 1.264025 -1.06133 -3 1.262326 -1.125 -3 1.31 -1.089651 -3.03 1.31 -1.089651 -3 1.31 -1.067674 -3.06 1.31 -1.067674 -3.03 1.31 -1.067674 -3 1.31 -1.06133 -3.06 1.31 -1.06133 -3.03 1.31 -1.06133 -3 1.2 -1.082326 -3 1.2 -1.08867 -3.06 1.2 -1.08867 -3.06 1.2 -1.082326 -3.03 1.2 -1.08867 -3.03 1.2 -1.082326 -3.06 1.2 -1.065975 -3.06 1.2 -1.060349 -3 1.2 -1.060349 -3 1.2 -1.065975 -3.03 1.2 -1.065975 -3.03 1.2 -1.060349 -3 1.264025 -1.025 -3.06 1.264025 -1.025 -3.03 1.264025 -1.025 -3 1.247674 -1.025 -3.06 1.247674 -1.025 -3.03 1.247674 -1.025</float_array>
          <technique_common>
            <accessor source="#Cargo_Container_Pole_Mesh-mesh-positions-array" count="1088" stride="3">
              <param name="X" type="float"/>
              <param name="Y" type="float"/>
              <param name="Z" type="float"/>
            </accessor>
          </technique_common>
        </source>
        <source id="Cargo_Container_Pole_Mesh-mesh-normals">
          <float_array id="Cargo_Container_Pole_Mesh-mesh-normals-array" count="1380">0 0 -1 0 0 1 -1 2.32935e-7 0 -1 3.41754e-7 0 -1 3.36239e-7 0 -1 3.57663e-7 0 0 -1 0 1 2.81281e-7 0 1 3.76556e-7 0 1 0 0 1 0 0 0 1 0 -1 0 0 6.09074e-7 -0.5509527 0.8345364 6.09075e-7 -0.5509523 0.8345368 7.28043e-7 -0.05987983 0.9982056 7.28044e-7 -0.05988049 0.9982056 1 -3.41762e-7 0 1 -2.32941e-7 0 1 6.03452e-6 0 1 0 0 1 -8.13911e-7 0 1 4.50762e-6 0 -1 3.76449e-7 0 -1 2.81145e-7 0 -1 3.59025e-7 0 -1 3.82626e-7 0 1 0 0 9.35814e-7 -0.8944045 0.447259 9.3581e-7 -0.8944039 0.4472603 1 6.98804e-7 0 1 1.02526e-6 0 1 3.94517e-6 0 1 4.06974e-6 0 1 -6.25122e-6 0 1 -4.26066e-6 0 1 2.25021e-6 0 1 3.01241e-6 0 -1 0 0 -1 -1.06522e-6 0 -1 -1.5628e-6 0 -1 -6.55801e-7 0 -1 -8.18601e-7 0 -1 8.62077e-7 0 -1 6.43944e-7 0 5.04046e-7 0.200509 0.9796919 -1.72953e-6 0.6635092 0.7481682 -1.81863e-6 0.8345364 0.5509529 -1.81863e-6 0.8345361 0.5509532 -1.7838e-6 0.9486947 0.3161937 -1.89968e-6 0.9796845 -0.2005456 -1.45714e-6 0.8944042 -0.4472594 -1.45714e-6 0.8944041 -0.4472597 -9.1532e-7 0.7481789 -0.6634972 -1.26846e-6 0.3161888 -0.9486964 -1.59396e-7 0.059879 -0.9982057 -1.59393e-7 0.05987834 -0.9982058 1.20298e-6 -0.4472381 -0.894415 1.20298e-6 -0.4472388 -0.8944147 1.36345e-6 -0.6634874 -0.7481875 1.87543e-6 -0.9486991 -0.3161805 1.53364e-6 -0.9796869 0.2005338 0.9999608 0.008856236 0 0.00212121 0.9999979 0 0.9999407 -0.01090043 0 -0.999957 0.009281098 0 0.002130329 -0.9999977 0 -0.999946 -0.01039534 0 -0.007933318 0.02077406 0.9997528 -0.03880941 0.04541277 0.9982143 -0.04195064 0.04791814 0.9979699 -0.03880953 0.04541277 -0.9982141 -0.007933318 0.02077406 -0.9997528 -0.04195076 0.04791814 -0.9979699 -0.05011749 0.06675231 0.9965102 -0.05256789 0.06746667 0.9963358 -0.05011755 0.06675231 -0.9965102 -0.05256801 0.06746667 -0.9963358 -0.02716457 0.0600444 0.997826 -0.02716457 0.0600444 -0.997826 0 -0.8660189 0.5000113 0 0.8660189 0.5000113 0 0.8660189 -0.5000113 0 -0.8660189 -0.5000113 0 -0.8660344 0.4999845 0 0.8660344 0.4999845 0 0.8660344 -0.4999845 0 -0.8660344 -0.4999845 0.00212121 0.9999979 0 0.9999407 -0.01090043 0 0.002130329 -0.9999977 0 -0.03880935 0.04541277 0.9982143 -0.04195058 0.04791814 0.9979701 -0.03880923 0.04541277 -0.9982143 -0.04195046 0.04791814 -0.9979701 -0.05011451 0.06675231 0.9965103 -0.05256527 0.06746667 0.9963359 -0.05011731 0.06675231 -0.9965102 -0.05256772 0.06746667 -0.9963358 -0.02715897 0.0600444 0.9978262 -1 2.32937e-7 0 -1 3.41758e-7 0 -1 3.36243e-7 0 -1 3.57667e-7 0 5.14284e-7 -0.5509527 0.8345364 5.14285e-7 -0.5509523 0.8345368 1.59458e-7 -0.05987983 0.9982056 1.59461e-7 -0.05988049 0.9982056 1 6.03455e-6 0 1 0 0 1 -8.13912e-7 0 1 4.50763e-6 0 -1 3.76444e-7 0 -1 2.81142e-7 0 -1 3.59021e-7 0 -1 3.82622e-7 0 6.04126e-7 -0.8944045 0.447259 6.04121e-7 -0.8944039 0.4472603 1 -6.25124e-6 0 1 -4.26068e-6 0 -1 0 0 -1 -1.5628e-6 0 -1 -6.55798e-7 0 -1 -8.18598e-7 0 -1 8.6208e-7 0 -1 6.43946e-7 0 -9.60466e-7 0.200509 0.9796919 -1.36344e-6 0.6635092 0.7481682 -1.67653e-6 0.8345364 0.5509529 -1.67653e-6 0.8345361 0.5509532 -1.87536e-6 0.9486947 0.3161937 -1.99124e-6 0.9796845 -0.2005456 -1.50454e-6 0.8944042 -0.4472594 -1.50454e-6 0.8944041 -0.4472597 9.28239e-7 0.3161888 -0.9486964 2.19604e-7 0.059879 -0.9982057 2.19603e-7 0.05987834 -0.9982058 6.34381e-7 -0.4472381 -0.894415 6.34384e-7 -0.4472388 -0.8944147 1.72953e-6 -0.6634874 -0.7481875 1.78386e-6 -0.9486991 -0.3161805 1.44207e-6 -0.9796869 0.2005338 1 3.59023e-7 0 1 3.82628e-7 0 1 8.6207e-7 0 1 8.78049e-7 0 1 8.20164e-7 0 1 6.43946e-7 0 0 -0.5509527 0.8345364 0 -0.05988049 0.9982056 0 -0.05987983 0.9982056 0 -0.5509523 0.8345368 1 2.81276e-7 0 1 3.76551e-7 0 -8.29152e-7 -0.8944045 0.447259 -8.29147e-7 -0.8944039 0.4472603 0 0.200509 0.9796919 1.83062e-6 0.6635092 0.7481682 1.89518e-6 0.8345361 0.5509532 1.89518e-6 0.8345364 0.5509529 1.83059e-6 0.9486947 0.3161937 1.8306e-6 0.9796845 -0.2005456 1.42139e-6 0.8944041 -0.4472597 1.42139e-6 0.8944042 -0.4472594 9.1532e-7 0.7481789 -0.6634972 1.83061e-6 0.3161888 -0.9486964 0 0.05987834 -0.9982058 0 0.059879 -0.9982057 -1.42138e-6 -0.4472388 -0.8944147 -1.42138e-6 -0.4472381 -0.894415 -9.15281e-7 -0.6634874 -0.7481875 -1.8306e-6 -0.9486991 -0.3161805 -1.60179e-6 -0.9796869 0.2005337 -0.9999608 0.008857786 0 -0.00212121 0.9999979 0 -0.9999406 -0.01089882 0 0.999957 0.009285748 0 -0.002130329 -0.9999977 0 0.999946 -0.01039689 0 0.007934629 0.02077257 0.9997528 0.04195159 0.04791772 0.9979699 0.03881043 0.04541224 0.9982141 0.03880995 0.0454123 -0.9982143 0.04195123 0.04791778 -0.9979699 0.007933318 0.02077257 -0.9997528 0.05256825 0.06746697 0.9963357 0.05011779 0.06675261 0.9965102 0.05011695 0.06675267 -0.9965102 0.05256754 0.06746709 -0.9963358 0.02716463 0.0600444 0.997826 0.02716249 0.0600444 -0.9978262 -0.00212121 0.9999979 0 -0.9999406 -0.01089882 0 -0.002130329 -0.9999977 0 0.007935225 0.02077257 0.9997528 0.04195189 0.04791772 0.9979699 0.03881072 0.04541224 0.9982141 0.03880965 0.0454123 -0.9982143 0.04195088 0.04791778 -0.9979701 0.05256563 0.06746703 0.9963359 0.05011487 0.06675261 0.9965103 0.05011749 0.06675267 -0.9965102 0.05256801 0.06746709 -0.9963357 0.02715897 0.0600444 0.9978262 0.02716428 0.0600444 -0.997826 1 3.82628e-7 0 1 8.62067e-7 0 1 8.78046e-7 0 1 8.20162e-7 0 1 6.43944e-7 0 -9.47592e-7 -0.5509527 0.8345364 0 -0.05988049 0.9982056 0 -0.05987983 0.9982056 -9.47595e-7 -0.5509523 0.8345368 -7.10701e-7 -0.8944045 0.447259 -7.10697e-7 -0.8944039 0.4472603 1.8306e-6 0.200509 0.9796919 9.15311e-7 0.6635092 0.7481682 1.42138e-6 0.8345361 0.5509532 1.42138e-6 0.8345364 0.5509529 2.05942e-6 0.9796845 -0.2005456 1.53983e-6 0.8944041 -0.4472597 1.53983e-6 0.8944042 -0.4472594 -1.83061e-6 0.3161888 -0.9486964 -9.47592e-7 0.05987834 -0.9982058 -9.47595e-7 0.059879 -0.9982057 -9.47569e-7 -0.4472388 -0.8944147 -9.47567e-7 -0.4472381 -0.894415 -1.83056e-6 -0.6634874 -0.7481875 -1.37297e-6 -0.9796869 0.2005337 -1 3.59023e-7 0 -1 3.82628e-7 0 -1 8.6207e-7 0 -1 8.78049e-7 0 -1 8.20164e-7 0 -1 6.43946e-7 0 0 0.5509527 0.8345364 0 0.05988049 0.9982056 0 0.05987983 0.9982056 0 0.5509523 0.8345368 -1 2.81276e-7 0 -1 3.76551e-7 0 1 1.31102e-5 0 1 1.22708e-5 0 8.29152e-7 0.8944045 0.447259 8.29147e-7 0.8944039 0.4472603 1 -3.06101e-6 0 1 -2.87217e-6 0 1 8.52134e-6 0 1 1.25025e-5 0 1 -3.0124e-6 0 1 -2.25021e-6 0 0 -0.200509 0.9796919 -1.83062e-6 -0.6635092 0.7481682 -1.89518e-6 -0.8345361 0.5509532 -1.89518e-6 -0.8345364 0.5509529 -1.83059e-6 -0.9486947 0.3161937 -1.8306e-6 -0.9796845 -0.2005456 -1.42139e-6 -0.8944041 -0.4472597 -1.42139e-6 -0.8944042 -0.4472594 -9.1532e-7 -0.7481789 -0.6634972 -1.83061e-6 -0.3161888 -0.9486964 0 -0.05987834 -0.9982058 0 -0.059879 -0.9982057 1.42138e-6 0.4472388 -0.8944147 1.42138e-6 0.4472381 -0.894415 9.15281e-7 0.6634874 -0.7481875 1.8306e-6 0.9486991 -0.3161805 1.60179e-6 0.9796869 0.2005337 0.9999608 -0.008857786 0 0.00212121 -0.9999979 0 0.9999407 0.01089978 0 -0.999957 -0.009282171 0 0.002130329 0.9999977 0 -0.999946 0.01039445 0 -0.007934629 -0.02077406 0.9997528 -0.04195159 -0.04791843 0.99797 -0.03881043 -0.04541301 0.9982141 -0.03880995 -0.04541313 -0.9982141 -0.04195123 -0.04791855 -0.99797 -0.007933318 -0.02077406 -0.9997528 -0.05256825 -0.06746697 0.9963357 -0.05011779 -0.06675261 0.9965102 -0.05011695 -0.06675267 -0.9965102 -0.05256754 -0.06746709 -0.9963358 -0.02716463 -0.0600444 0.997826 -0.02716249 -0.0600444 -0.9978262 0.00212121 -0.9999979 0 0.9999407 0.01089978 0 0.002130329 0.9999977 0 -0.007935225 -0.02077406 0.9997528 -0.04195189 -0.04791843 0.9979699 -0.03881072 -0.04541301 0.9982142 -0.03880965 -0.04541313 -0.9982141 -0.04195088 -0.04791855 -0.9979699 -0.05256563 -0.06746703 0.9963359 -0.05011487 -0.06675261 0.9965103 -0.05011749 -0.06675267 -0.9965102 -0.05256801 -0.06746709 -0.9963357 -0.02715897 -0.0600444 0.9978262 -0.02716428 -0.0600444 -0.997826 -1 3.82628e-7 0 -1 8.62067e-7 0 -1 8.78046e-7 0 -1 8.20162e-7 0 -1 6.43944e-7 0 9.47592e-7 0.5509527 0.8345364 0 0.05988049 0.9982056 0 0.05987983 0.9982056 9.47595e-7 0.5509523 0.8345368 1 1.31102e-5 0 1 1.22708e-5 0 7.10701e-7 0.8944045 0.447259 7.10697e-7 0.8944039 0.4472603 1 -3.061e-6 0 1 -2.87217e-6 0 1 8.52134e-6 0 1 1.25025e-5 0 1 -3.0124e-6 0 1 -2.2502e-6 0 -1.8306e-6 -0.200509 0.9796919 -9.15311e-7 -0.6635092 0.7481682 -1.42138e-6 -0.8345361 0.5509532 -1.42138e-6 -0.8345364 0.5509529 -2.05942e-6 -0.9796845 -0.2005456 -1.53983e-6 -0.8944041 -0.4472597 -1.53983e-6 -0.8944042 -0.4472594 1.83061e-6 -0.3161888 -0.9486964 9.47592e-7 -0.05987834 -0.9982058 9.47595e-7 -0.059879 -0.9982057 9.47569e-7 0.4472388 -0.8944147 9.47567e-7 0.4472381 -0.894415 1.83056e-6 0.6634874 -0.7481875 1.37297e-6 0.9796869 0.2005337 1 2.32935e-7 0 1 3.41754e-7 0 1 3.36239e-7 0 1 3.57663e-7 0 -1 -8.43842e-7 0 -1 -1.12967e-6 0 -1 -1.39148e-7 0 -1 0 0 -6.09074e-7 0.5509527 0.8345364 -6.09075e-7 0.5509523 0.8345368 -7.28043e-7 0.05987983 0.9982056 -7.28044e-7 0.05988049 0.9982056 -1 1.02529e-6 0 -1 6.98823e-7 0 -1 6.03452e-6 0 -1 3.07866e-6 0 -1 2.46364e-6 0 -1 4.50762e-6 0 1 3.76449e-7 0 1 2.81145e-7 0 1 3.59025e-7 0 1 3.82626e-7 0 -9.35814e-7 0.8944045 0.447259 -9.3581e-7 0.8944039 0.4472603 -1 6.98804e-7 0 -1 1.02526e-6 0 -1 1.07299e-6 0 -1 1.00872e-6 0 -1 -3.12561e-6 0 -1 -2.13033e-6 0 1 0 0 1 -1.06522e-6 0 1 -1.5628e-6 0 1 -6.55801e-7 0 1 -8.18601e-7 0 1 8.62077e-7 0 1 6.43944e-7 0 -5.04046e-7 -0.200509 0.9796919 1.72953e-6 -0.6635092 0.7481682 1.81863e-6 -0.8345364 0.5509529 1.81863e-6 -0.8345361 0.5509532 1.7838e-6 -0.9486947 0.3161937 1.89968e-6 -0.9796845 -0.2005456 1.45714e-6 -0.8944042 -0.4472594 1.45714e-6 -0.8944041 -0.4472597 9.1532e-7 -0.7481789 -0.6634972 1.26846e-6 -0.3161888 -0.9486964 1.59396e-7 -0.059879 -0.9982057 1.59393e-7 -0.05987834 -0.9982058 -1.20298e-6 0.4472381 -0.894415 -1.20298e-6 0.4472388 -0.8944147 -1.36345e-6 0.6634874 -0.7481875 -1.87543e-6 0.9486991 -0.3161805 -1.53364e-6 0.9796869 0.2005338 -0.9999608 -0.008856475 0 -0.00212121 -0.9999979 0 -0.9999406 0.01089787 0 0.999957 -0.009284794 0 -0.002130329 0.9999977 0 0.999946 0.0103963 0 0.007933318 -0.02077257 0.9997528 0.03880941 -0.04541194 0.9982143 0.04195064 -0.04791742 0.9979701 0.03880953 -0.04541194 -0.9982143 0.007933318 -0.02077257 -0.9997528 0.04195076 -0.04791742 -0.9979701 0.05011749 -0.06675231 0.9965102 0.05256789 -0.06746667 0.9963358 0.05011755 -0.06675231 -0.9965102 0.05256801 -0.06746667 -0.9963358 0.02716457 -0.0600444 0.997826 0.02716457 -0.0600444 -0.997826 -0.00212121 -0.9999979 0 -0.9999406 0.01089787 0 -0.002130329 0.9999977 0 0.03880935 -0.04541194 0.9982143 0.04195058 -0.04791742 0.9979701 0.03880923 -0.04541194 -0.9982143 0.04195046 -0.04791742 -0.9979701 0.05011451 -0.06675231 0.9965103 0.05256527 -0.06746667 0.9963359 0.05011731 -0.06675231 -0.9965102 0.05256772 -0.06746667 -0.9963358 0.02715897 -0.0600444 0.9978262 1 2.32937e-7 0 1 3.41758e-7 0 1 3.36243e-7 0 1 3.57667e-7 0 -5.14284e-7 0.5509527 0.8345364 -5.14285e-7 0.5509523 0.8345368 -1.59458e-7 0.05987983 0.9982056 -1.59461e-7 0.05988049 0.9982056 -1 6.03455e-6 0 -1 3.07867e-6 0 -1 2.46365e-6 0 -1 4.50763e-6 0 1 3.76444e-7 0 1 2.81142e-7 0 1 3.59021e-7 0 1 3.82622e-7 0 -6.04126e-7 0.8944045 0.447259 -6.04121e-7 0.8944039 0.4472603 -1 -3.12562e-6 0 -1 -2.13034e-6 0 1 0 0 1 -1.5628e-6 0 1 -6.55798e-7 0 1 -8.18598e-7 0 1 8.6208e-7 0 1 6.43946e-7 0 9.60466e-7 -0.200509 0.9796919 1.36344e-6 -0.6635092 0.7481682 1.67653e-6 -0.8345364 0.5509529 1.67653e-6 -0.8345361 0.5509532 1.87536e-6 -0.9486947 0.3161937 1.99124e-6 -0.9796845 -0.2005456 1.50454e-6 -0.8944042 -0.4472594 1.50454e-6 -0.8944041 -0.4472597 -9.28239e-7 -0.3161888 -0.9486964 -2.19604e-7 -0.059879 -0.9982057 -2.19603e-7 -0.05987834 -0.9982058 -6.34381e-7 0.4472381 -0.894415 -6.34384e-7 0.4472388 -0.8944147 -1.72953e-6 0.6634874 -0.7481875 -1.78386e-6 0.9486991 -0.3161805 -1.44207e-6 0.9796869 0.2005338</float_array>
          <technique_common>
            <accessor source="#Cargo_Container_Pole_Mesh-mesh-normals-array" count="460" stride="3">
              <param name="X" type="float"/>
              <param name="Y" type="float"/>
              <param name="Z" type="float"/>
            </accessor>
          </technique_common>
        </source>
        <source id="Cargo_Container_Pole_Mesh-mesh-map-0">
          <float_array id="Cargo_Container_Pole_Mesh-mesh-map-0-array" count="8000">0.591049 0.7877972 0.593572 0.7877972 0.593572 0.7918066 0.591049 0.7918066 0.5974304 0.78794 0.5974304 0.7918066 0.5949074 0.7918066 0.5949074 0.78794 0.1388076 0.8119111 0.1388076 0.815387 0.1380485 0.815387 0.138131 0.8121365 0.6926539 0.8081991 0.6926539 0.8056759 0.6957094 0.8056759 0.6957094 0.8081991 0.1464741 0.8147708 0.1464741 0.8113773 0.1470902 0.8113773 0.1471727 0.8146278 0.05616509 0.8087514 0.05616509 0.8112745 0.05319213 0.8112745 0.05319213 0.8087514 0.5967521 0.8055089 0.5967521 0.808032 0.596136 0.808032 0.596136 0.8055089 0.2760766 0.5912203 0.2790495 0.5912204 0.2789065 0.591919 0.2760766 0.5918365 0.1129258 0.8067401 0.1129258 0.804217 0.1136848 0.804217 0.1136848 0.8067401 0.7660056 0.7921074 0.7609595 0.7921074 0.7609595 0.7913943 0.7660056 0.7913943 0.1129258 0.8092632 0.1129258 0.8067401 0.1136848 0.8067401 0.1136848 0.8092632 0.5967521 0.8029858 0.5967521 0.8055089 0.596136 0.8055089 0.596136 0.8029858 0.05616509 0.8062283 0.05616509 0.8087514 0.05319213 0.8087514 0.05319213 0.8062283 0.6926539 0.8107221 0.6926539 0.8081991 0.6957094 0.8081991 0.6957094 0.8107221 0.5999535 0.78794 0.5999535 0.7918066 0.5974304 0.7918066 0.5974304 0.78794 0.5885259 0.7877972 0.591049 0.7877972 0.591049 0.7918066 0.5885259 0.7918066 0.5885259 0.786422 0.591049 0.786422 0.591049 0.787181 0.5885259 0.787181 0.5999535 0.7865648 0.5999535 0.787181 0.5974304 0.787181 0.5974304 0.7865648 0.1374324 0.8119935 0.138131 0.8121365 0.1380485 0.815387 0.1374324 0.815387 0.1478492 0.8113773 0.1478492 0.8148533 0.1471727 0.8146278 0.1470902 0.8113773 0.2125374 0.7567471 0.2125374 0.7561309 0.2153674 0.7560485 0.2155104 0.7567471 0.1440716 0.8113774 0.1440716 0.8147708 0.143373 0.8146278 0.1434555 0.8113774 0.5974304 0.7865648 0.5974304 0.787181 0.5949074 0.787181 0.5949074 0.7865648 0.591049 0.786422 0.593572 0.786422 0.593572 0.787181 0.591049 0.787181 0.114301 0.8067401 0.114301 0.804217 0.1148345 0.804217 0.1148345 0.8067401 0.1136848 0.8092632 0.1136848 0.8067401 0.114301 0.8067401 0.114301 0.8092632 0.2125374 0.7607566 0.2125374 0.7567471 0.2155104 0.7567471 0.2155104 0.7607566 0.7660056 0.7928205 0.7609595 0.7928205 0.7609595 0.7921074 0.7660056 0.7921074 0.07904201 0.8112745 0.07904201 0.8087514 0.08201497 0.8087514 0.08201497 0.8112745 0.07904201 0.8087514 0.07904201 0.8062283 0.08201497 0.8062283 0.08201497 0.8087514 0.114301 0.8092632 0.114301 0.8067401 0.1148345 0.8067401 0.1148345 0.8092632 0.1136848 0.8067401 0.1136848 0.804217 0.114301 0.804217 0.114301 0.8067401 0.1124526 0.8067401 0.1124526 0.804217 0.1129258 0.804217 0.1129258 0.8067401 0.7423419 0.8119447 0.7423419 0.8079352 0.7428151 0.8084688 0.7428151 0.8119447 0.5885259 0.7825554 0.591049 0.7825554 0.591049 0.786422 0.5885259 0.786422 0.591049 0.7825554 0.593572 0.7825554 0.593572 0.786422 0.591049 0.786422 0.5885259 0.787181 0.591049 0.787181 0.591049 0.7877972 0.5885259 0.7877972 0.591049 0.787181 0.593572 0.787181 0.593572 0.7877972 0.591049 0.7877972 0.7428151 0.8119447 0.7428151 0.8084688 0.7434916 0.8086943 0.7435741 0.8119447 0.1124526 0.8092632 0.1124526 0.8067401 0.1129258 0.8067401 0.1129258 0.8092632 0.2125374 0.7561309 0.2125374 0.7553719 0.2155929 0.7553719 0.2153674 0.7560485 0.2760554 0.6731805 0.2762809 0.672504 0.2791109 0.6724215 0.2791109 0.6731805 0.7435741 0.8119447 0.7434916 0.8086943 0.7441903 0.8085513 0.7441903 0.8119447 0.7441903 0.8119447 0.7441903 0.8085513 0.7447238 0.8080781 0.7447238 0.8119447 0.160385 0.8046346 0.160385 0.8071577 0.1573296 0.8071577 0.1573296 0.8046346 0.5972857 0.8029858 0.5972857 0.8055089 0.5967521 0.8055089 0.5967521 0.8029858 0.160385 0.8071577 0.160385 0.8096808 0.1573296 0.8096808 0.1573296 0.8071577 0.5972857 0.8055089 0.5972857 0.808032 0.5967521 0.808032 0.5967521 0.8055089 0.1459405 0.815244 0.1459405 0.8113773 0.1464741 0.8113773 0.1464741 0.8147708 0.2125374 0.7553719 0.2125374 0.7515053 0.2155929 0.7515053 0.2155929 0.7553719 0.596136 0.8029858 0.596136 0.8055089 0.595377 0.8055089 0.595377 0.8029858 0.595377 0.8029858 0.595377 0.8055089 0.5949038 0.8055089 0.5949038 0.8029858 0.596136 0.8055089 0.596136 0.808032 0.595377 0.808032 0.595377 0.8055089 0.595377 0.8055089 0.595377 0.808032 0.5949038 0.808032 0.5949038 0.8055089 0.1483224 0.8153868 0.1478492 0.8148533 0.1478492 0.8113773 0.1483224 0.8113773 0.2761379 0.6718053 0.2761379 0.6677958 0.2791109 0.6677958 0.2791109 0.6718053 0.5999535 0.787181 0.5999535 0.78794 0.5974304 0.78794 0.5974304 0.787181 0.5974304 0.787181 0.5974304 0.78794 0.5949074 0.78794 0.5949074 0.787181 0.2760554 0.6770471 0.2760554 0.6731805 0.2791109 0.6731805 0.2791109 0.6770471 0.5974304 0.7825554 0.5974304 0.7865648 0.5949074 0.7865648 0.5949074 0.7825554 0.5999535 0.7825554 0.5999535 0.7865648 0.5974304 0.7865648 0.5974304 0.7825554 0.2762809 0.672504 0.2761379 0.6718053 0.2791109 0.6718053 0.2791109 0.6724215 0.2790495 0.5872109 0.2790495 0.5912204 0.2760766 0.5912203 0.2760766 0.5872108 0.2789065 0.591919 0.279132 0.5925955 0.2760766 0.5925955 0.2760766 0.5918365 0.1434555 0.8113774 0.143373 0.8146278 0.1426964 0.8148533 0.1426964 0.8113774 0.1426964 0.8113774 0.1426964 0.8148533 0.1422232 0.8153868 0.1422232 0.8113774 0.1446052 0.8113774 0.1446051 0.815244 0.1440716 0.8147708 0.1440716 0.8113774 0.3033301 0.7513539 0.30333 0.7505949 0.30616 0.7506774 0.3063855 0.7513539 0.30333 0.7552206 0.3033301 0.7513539 0.3063855 0.7513539 0.3063855 0.7552206 0.30333 0.7505949 0.3033301 0.7499788 0.306303 0.7499788 0.30616 0.7506774 0.1392807 0.8113775 0.1392807 0.815387 0.1388076 0.815387 0.1388076 0.8119111 0.3033301 0.7499788 0.3033301 0.7459693 0.306303 0.7459693 0.306303 0.7499788 0.1368989 0.8115204 0.1374324 0.8119935 0.1374324 0.815387 0.1368989 0.815387 0.2760766 0.5925955 0.279132 0.5925955 0.279132 0.5964622 0.2760766 0.5964622 0.7660056 0.7913943 0.7609595 0.7913943 0.7609595 0.7906811 0.7660056 0.7906811 0.7660056 0.7992386 0.7609595 0.7992386 0.7609595 0.7985255 0.7660056 0.7985255 0.7660056 0.7985255 0.7609595 0.7985255 0.7609595 0.7978124 0.7660056 0.7978124 0.7660056 0.7978124 0.7609595 0.7978124 0.7609595 0.7970992 0.7660056 0.7970992 0.7660056 0.7970992 0.7609595 0.7970992 0.7609595 0.7963861 0.7660056 0.7963862 0.7660056 0.7963862 0.7609595 0.7963861 0.7609595 0.795673 0.7660056 0.795673 0.7660056 0.795673 0.7609595 0.795673 0.7609595 0.7949599 0.7660056 0.7949599 0.7660056 0.7949599 0.7609595 0.7949599 0.7609595 0.7942468 0.7660056 0.7942468 0.7660056 0.7942468 0.7609595 0.7942468 0.7609595 0.7935336 0.7660056 0.7935336 0.7660056 0.7935336 0.7609595 0.7935336 0.7609595 0.7928205 0.7660056 0.7928205 0.7452597 0.7751171 0.745137 0.7811616 0.7403362 0.7811616 0.7402136 0.7751171 0.7403362 0.7811616 0.745137 0.7811616 0.7445113 0.7895367 0.740962 0.7895367 0.6768077 0.8037384 0.6732584 0.8037384 0.6736623 0.7971845 0.6764038 0.7971845 0.666889 0.7898483 0.6618428 0.7898483 0.6619655 0.7840842 0.6667663 0.7840842 0.6619655 0.7840842 0.6625912 0.7757448 0.6661406 0.7757448 0.6667663 0.7840842 0.7948992 0.7365372 0.7953031 0.7296676 0.7980448 0.7296675 0.7984486 0.7365372 0.6893398 0.8017722 0.6893398 0.7957267 0.6896558 0.7960041 0.6897603 0.8017684 0.2099341 0.7981635 0.2099341 0.8032097 0.2095136 0.8032097 0.2095136 0.7981635 0.749108 0.7951205 0.749108 0.8011661 0.7486875 0.8011624 0.7487919 0.7953979 0.2403171 0.7437791 0.2402818 0.7353807 0.2405977 0.7351031 0.2405977 0.7434659 0.2405977 0.7654147 0.2405624 0.7738131 0.2402818 0.7735 0.2402818 0.7651372 0.2096496 0.7700884 0.2096496 0.7673467 0.2100701 0.7673467 0.2100701 0.7700884 0.7786481 0.7907094 0.778787 0.7972743 0.7783666 0.7972787 0.7783666 0.7903971 0.7875847 0.7903996 0.7874457 0.7969644 0.7871642 0.7972768 0.7871642 0.7903953 0.09292167 0.8126098 0.09292167 0.8134508 0.09266936 0.8134508 0.09266936 0.8126098 0.7755855 0.8145771 0.7755855 0.813736 0.7758378 0.813736 0.7758378 0.8145771 0.09292167 0.8134508 0.09292167 0.8142918 0.09266936 0.8142918 0.09266936 0.8134508 0.801792 0.7353264 0.801792 0.7361674 0.8015397 0.7361674 0.8015397 0.7353264 0.7755855 0.813736 0.7755855 0.812895 0.7758378 0.812895 0.7758378 0.813736 0.7880558 0.7362147 0.7880558 0.7353737 0.7883082 0.7353737 0.7883082 0.7362147 0.8024113 0.7822588 0.8024113 0.7839408 0.801683 0.7835203 0.801683 0.7826793 0.8031397 0.7826793 0.8031397 0.7835203 0.8024113 0.7839408 0.8024113 0.7822588 0.8111639 0.8136291 0.8111639 0.8144701 0.8109116 0.8144701 0.8109116 0.8136291 0.7715145 0.8140754 0.7715145 0.8132344 0.7717668 0.8132344 0.7717668 0.8140754 0.7699268 0.8149164 0.7699267 0.8140754 0.7701791 0.8140754 0.770179 0.8149164 0.2406774 0.7859817 0.2406774 0.7868227 0.240425 0.7868227 0.2404251 0.7859817 0.2406774 0.7851407 0.2406774 0.7859817 0.2404251 0.7859817 0.240425 0.7851407 0.7699267 0.8140754 0.7699268 0.8132344 0.770179 0.8132344 0.7701791 0.8140754 0.8061316 0.7617895 0.8046749 0.7626305 0.8046749 0.7617895 0.8054032 0.761369 0.8061316 0.7626305 0.8054032 0.763051 0.8046749 0.7626305 0.8061316 0.7617895 0.2694556 0.7294461 0.2695783 0.7234017 0.2743791 0.7234017 0.2745018 0.7294461 0.2743791 0.7234017 0.2695783 0.7234017 0.270204 0.7150265 0.2737534 0.7150265 0.194209 0.8025002 0.1906597 0.8025002 0.1910635 0.7959463 0.1938052 0.7959463 0.7061307 0.789694 0.7010845 0.789694 0.7012072 0.7839298 0.706008 0.7839298 0.7012072 0.7839298 0.7018329 0.7755905 0.7053822 0.7755905 0.706008 0.7839298 0.2648606 0.7933359 0.2644568 0.8002056 0.2617151 0.8002056 0.2613113 0.7933359 0.7164006 0.8036832 0.716454 0.7976378 0.7167675 0.797918 0.7168211 0.8036832 0.6665166 0.8010765 0.6665166 0.8061227 0.666096 0.8061227 0.666096 0.8010765 0.7473521 0.7951205 0.7473521 0.8011661 0.7469316 0.8011624 0.7470361 0.7953979 0.2282928 0.7741583 0.2282575 0.7657599 0.2285735 0.7654823 0.2285735 0.7738451 0.2282575 0.7238241 0.2282929 0.7154256 0.2285735 0.7157388 0.2285735 0.7241017 0.7852169 0.7723092 0.7852169 0.7695677 0.7856374 0.7695677 0.7856374 0.7723092 0.7682743 0.7952449 0.7683457 0.8018108 0.7679252 0.8018108 0.767996 0.7949297 0.8005581 0.726566 0.8006295 0.72 0.8009078 0.7196848 0.8009786 0.726566 0.08201497 0.8126099 0.08201497 0.8134509 0.08176267 0.8134508 0.08176267 0.8126099 0.07042545 0.8142919 0.07042545 0.8134509 0.07067775 0.8134509 0.07067775 0.8142919 0.08201497 0.8134509 0.08201497 0.8142918 0.08176267 0.8142918 0.08176267 0.8134508 0.8003793 0.7620292 0.8003793 0.7628703 0.800127 0.7628702 0.800127 0.7620292 0.07042545 0.8134509 0.07042545 0.8126099 0.07067775 0.8126099 0.07067775 0.8134509 0.8016831 0.7936865 0.8016831 0.7928454 0.8019354 0.7928454 0.8019354 0.7936865 0.8081922 0.7715673 0.8081922 0.7732494 0.8074639 0.7728289 0.8074639 0.7719878 0.8089206 0.7719878 0.8089206 0.7728289 0.8081922 0.7732494 0.8081922 0.7715673 0.8127516 0.8136291 0.8127516 0.8144701 0.8124993 0.8144701 0.8124993 0.8136291 0.7423419 0.8141211 0.7423419 0.8132801 0.7425943 0.8132801 0.7425943 0.8141211 0.8146356 0.7732493 0.8146356 0.7724083 0.814888 0.7724083 0.814888 0.7732493 0.07929438 0.8134509 0.07929432 0.8142919 0.07904201 0.8142919 0.07904201 0.8134509 0.07929432 0.8126099 0.07929438 0.8134509 0.07904201 0.8134509 0.07904207 0.8126099 0.8146356 0.7724083 0.8146356 0.7715673 0.814888 0.7715673 0.814888 0.7724083 0.04002362 0.8138715 0.03856694 0.8130304 0.03929531 0.8126099 0.04002362 0.8130304 0.03929531 0.814292 0.03856694 0.8138715 0.03856694 0.8130304 0.04002362 0.8138715 0.6129157 0.726413 0.6129157 0.7770149 0.6087105 0.7770149 0.6087105 0.726413 0.6255311 0.726413 0.6339414 0.726413 0.6339414 0.7770149 0.6255311 0.7770149 0.8158591 0.5048729 0.8074488 0.5048729 0.8074488 0.5006678 0.8158591 0.5006678 0.621326 0.726413 0.621326 0.7770149 0.6129157 0.7770149 0.6129157 0.726413 0.6129157 0.7770149 0.621326 0.7770149 0.621326 0.78122 0.6129157 0.78122 0.8158591 0.5617802 0.8158591 0.5048729 0.8200643 0.5048729 0.8200643 0.5617802 0.621326 0.726413 0.621326 0.7196848 0.6255311 0.7196848 0.6255311 0.726413 0.8158591 0.5681312 0.8158591 0.6199535 0.8074488 0.6199535 0.8074488 0.5681312 0.8200643 0.5681312 0.8284745 0.5681312 0.8284745 0.6199535 0.8200643 0.6199535 0.8074488 0.5681312 0.8074488 0.6199535 0.8032437 0.6199535 0.8032437 0.5681311 0.621326 0.7770149 0.621326 0.726413 0.6255311 0.726413 0.6255311 0.7770149 0.621326 0.7196848 0.621326 0.726413 0.6129157 0.726413 0.6129157 0.7196848 0.6255311 0.7196848 0.6339414 0.7196848 0.6339414 0.726413 0.6255311 0.726413 0.6129157 0.7196848 0.6129157 0.726413 0.6087105 0.726413 0.6087105 0.7196848 0.8074488 0.5617802 0.8074488 0.5681312 0.8032437 0.5681311 0.8032437 0.5617802 0.8200643 0.5617802 0.8284745 0.5617802 0.8284745 0.5681312 0.8200643 0.5681312 0.8158591 0.5617802 0.8158591 0.5681312 0.8074488 0.5681312 0.8074488 0.5617802 0.8158591 0.6199535 0.8158591 0.5681312 0.8200643 0.5681312 0.8200643 0.6199535 0.8158591 0.5048729 0.8158591 0.5617802 0.8074488 0.5617802 0.8074488 0.5048729 0.8200643 0.5048729 0.8284745 0.5048729 0.8284745 0.5617802 0.8200643 0.5617802 0.8074488 0.5048729 0.8074488 0.5617802 0.8032437 0.5617802 0.8032437 0.5048729 0.8158591 0.5681312 0.8158591 0.5617802 0.8200643 0.5617802 0.8200643 0.5681312 0.603812 0.7877972 0.6063351 0.7877972 0.6063351 0.7918066 0.603812 0.7918066 0.6569443 0.78794 0.6569443 0.7918066 0.6544212 0.7918066 0.6544212 0.78794 0.1636291 0.8121989 0.1636291 0.8156749 0.1628701 0.8156749 0.1629526 0.8124244 0.003723084 0.8087514 0.003723084 0.8112745 6.67674e-4 0.8112745 6.67674e-4 0.8087514 0.1049653 0.8147728 0.1049653 0.8113793 0.1055815 0.8113793 0.105664 0.8146298 0.05185675 0.8087514 0.05185681 0.8112745 0.04888379 0.8112745 0.04888385 0.8087514 0.2374711 0.8097851 0.2374711 0.8123081 0.2368549 0.8123081 0.2368549 0.8097851 0.2760554 0.6612187 0.2790284 0.6612187 0.2788854 0.6619173 0.2760554 0.6618348 0.2174014 0.8100087 0.2174014 0.8074856 0.2181604 0.8074856 0.2181604 0.8100087 0.6864964 0.7926076 0.6814503 0.7926076 0.6814503 0.7918945 0.6864964 0.7918945 0.2174014 0.8125318 0.2174014 0.8100087 0.2181604 0.8100087 0.2181604 0.8125318 0.2374711 0.807262 0.2374711 0.8097851 0.2368549 0.8097851 0.2368549 0.807262 0.05185681 0.8062283 0.05185675 0.8087514 0.04888385 0.8087514 0.04888385 0.8062283 0.003723084 0.8062283 0.003723084 0.8087514 6.67674e-4 0.8087514 6.67675e-4 0.8062283 0.6594673 0.78794 0.6594673 0.7918066 0.6569443 0.7918066 0.6569443 0.78794 0.6012889 0.7877972 0.603812 0.7877972 0.603812 0.7918066 0.6012889 0.7918066 0.6012889 0.786422 0.603812 0.786422 0.603812 0.787181 0.6012889 0.787181 0.6594673 0.7865648 0.6594673 0.787181 0.6569443 0.787181 0.6569443 0.7865648 0.1622539 0.8122814 0.1629526 0.8124244 0.1628701 0.8156749 0.1622539 0.8156749 0.1063405 0.8113793 0.1063405 0.8148552 0.105664 0.8146298 0.1055815 0.8113793 0.1906597 0.7906014 0.1906597 0.7899853 0.1934896 0.7899028 0.1936326 0.7906014 0.6109244 0.8101535 0.6109244 0.813547 0.6102257 0.813404 0.6103082 0.8101535 0.6569443 0.7865648 0.6569443 0.787181 0.6544212 0.787181 0.6544212 0.7865648 0.603812 0.786422 0.6063351 0.786422 0.6063351 0.787181 0.603812 0.787181 0.2187766 0.8100087 0.2187766 0.8074856 0.2193101 0.8074856 0.2193101 0.8100087 0.2181604 0.8125318 0.2181604 0.8100087 0.2187766 0.8100087 0.2187766 0.8125318 0.1906597 0.794611 0.1906597 0.7906014 0.1936326 0.7906014 0.1936326 0.794611 0.6864964 0.7933208 0.6814503 0.7933208 0.6814503 0.7926076 0.6864964 0.7926076 0.8089249 0.7694455 0.8089249 0.7669224 0.8118978 0.7669224 0.8118978 0.7694455 0.8089249 0.7669224 0.8089249 0.7643993 0.8118978 0.7643993 0.8118978 0.7669224 0.2187766 0.8125318 0.2187766 0.8100087 0.2193101 0.8100087 0.2193101 0.8125318 0.2181604 0.8100087 0.2181604 0.8074856 0.2187766 0.8074856 0.2187766 0.8100087 0.2169283 0.8100087 0.2169283 0.8074856 0.2174014 0.8074856 0.2174014 0.8100087 0.5826803 0.8141632 0.5826803 0.8101536 0.5831534 0.8106872 0.5831534 0.8141632 0.6012889 0.7825554 0.603812 0.7825554 0.603812 0.786422 0.6012889 0.786422 0.603812 0.7825554 0.6063351 0.7825554 0.6063351 0.786422 0.603812 0.786422 0.6012889 0.787181 0.603812 0.787181 0.603812 0.7877972 0.6012889 0.7877972 0.603812 0.787181 0.6063351 0.787181 0.6063351 0.7877972 0.603812 0.7877972 0.5831534 0.8141632 0.5831534 0.8106872 0.58383 0.8109127 0.5839125 0.8141632 0.2169283 0.8125318 0.2169283 0.8100087 0.2174014 0.8100087 0.2174014 0.8125318 0.1906597 0.7899853 0.1906597 0.7892262 0.1937151 0.7892263 0.1934896 0.7899028 0.30333 0.7407673 0.3035555 0.7400907 0.3063855 0.7400082 0.3063855 0.7407673 0.5839125 0.8141632 0.58383 0.8109127 0.5845286 0.8107697 0.5845286 0.8141632 0.5845286 0.8141632 0.5845286 0.8107697 0.5850622 0.8102965 0.5850622 0.8141632 0.810597 0.7538127 0.810597 0.7563359 0.8075416 0.7563358 0.8075416 0.7538127 0.2380046 0.807262 0.2380046 0.8097851 0.2374711 0.8097851 0.2374711 0.807262 0.810597 0.7563359 0.810597 0.7588589 0.8075416 0.7588589 0.8075416 0.7563358 0.2380046 0.8097851 0.2380046 0.8123081 0.2374711 0.8123081 0.2374711 0.8097851 0.1044318 0.8152459 0.1044318 0.8113793 0.1049653 0.8113793 0.1049653 0.8147728 0.1906597 0.7892262 0.1906597 0.7853596 0.1937151 0.7853596 0.1937151 0.7892263 0.2368549 0.807262 0.2368549 0.8097851 0.2360959 0.8097851 0.2360959 0.807262 0.2360959 0.807262 0.2360959 0.8097851 0.2356227 0.8097851 0.2356227 0.807262 0.2368549 0.8097851 0.2368549 0.8123081 0.2360959 0.8123081 0.2360959 0.8097851 0.2360959 0.8097851 0.2360959 0.8123081 0.2356227 0.8123081 0.2356227 0.8097851 0.1068137 0.8153888 0.1063405 0.8148552 0.1063405 0.8113793 0.1068137 0.8113793 0.3034125 0.7393921 0.3034125 0.7353826 0.3063855 0.7353826 0.3063855 0.7393921 0.6594673 0.787181 0.6594673 0.78794 0.6569443 0.78794 0.6569443 0.787181 0.6569443 0.787181 0.6569443 0.78794 0.6544212 0.78794 0.6544212 0.787181 0.30333 0.7446339 0.30333 0.7407673 0.3063855 0.7407673 0.3063855 0.7446339 0.6569443 0.7825554 0.6569443 0.7865648 0.6544212 0.7865648 0.6544212 0.7825554 0.6594673 0.7825554 0.6594673 0.7865648 0.6569443 0.7865648 0.6569443 0.7825554 0.3035555 0.7400907 0.3034125 0.7393921 0.3063855 0.7393921 0.3063855 0.7400082 0.2790284 0.6572092 0.2790284 0.6612187 0.2760554 0.6612187 0.2760554 0.6572092 0.2788854 0.6619173 0.2791109 0.6625939 0.2760554 0.6625939 0.2760554 0.6618348 0.6103082 0.8101535 0.6102257 0.813404 0.6095492 0.8136295 0.6095492 0.8101535 0.6095492 0.8101535 0.6095492 0.8136295 0.609076 0.814163 0.609076 0.8101535 0.6114579 0.8101535 0.6114579 0.8140201 0.6109244 0.813547 0.6109244 0.8101535 0.3063855 0.7710092 0.3063855 0.7717682 0.3035555 0.7716857 0.30333 0.7710092 0.3063855 0.7671425 0.3063855 0.7710092 0.30333 0.7710092 0.30333 0.7671425 0.3063855 0.7717682 0.3063855 0.7723844 0.3034125 0.7723844 0.3035555 0.7716857 0.1641023 0.8116654 0.1641023 0.8156749 0.1636291 0.8156749 0.1636291 0.8121989 0.3063855 0.7723844 0.3063855 0.7763938 0.3034125 0.7763938 0.3034125 0.7723844 0.1617204 0.8118082 0.1622539 0.8122814 0.1622539 0.8156749 0.1617204 0.8156749 0.2760554 0.6625939 0.2791109 0.6625939 0.2791109 0.6664605 0.2760554 0.6664605 0.6864964 0.7918945 0.6814503 0.7918945 0.6814503 0.7911814 0.6864964 0.7911814 0.6864964 0.7997389 0.6814503 0.7997389 0.6814503 0.7990258 0.6864964 0.7990258 0.6864964 0.7990258 0.6814503 0.7990258 0.6814503 0.7983126 0.6864964 0.7983126 0.6864964 0.7983126 0.6814503 0.7983126 0.6814503 0.7975995 0.6864964 0.7975995 0.6864964 0.7975995 0.6814503 0.7975995 0.6814503 0.7968864 0.6864964 0.7968864 0.6864964 0.7968864 0.6814503 0.7968864 0.6814503 0.7961733 0.6864964 0.7961733 0.6864964 0.7961733 0.6814503 0.7961733 0.6814503 0.7954601 0.6864964 0.7954601 0.6864964 0.7954601 0.6814503 0.7954601 0.6814503 0.794747 0.6864964 0.794747 0.6864964 0.794747 0.6814503 0.794747 0.6814503 0.7940339 0.6864964 0.7940339 0.6864964 0.7940339 0.6814503 0.7940339 0.6814503 0.7933208 0.6864964 0.7933208 0.6112336 0.7877972 0.6112336 0.7918066 0.6087105 0.7918066 0.6087105 0.7877972 0.2719787 0.7834311 0.2745018 0.7834311 0.2745018 0.7872977 0.2719787 0.7872977 0.1996389 0.8115317 0.2003154 0.8117572 0.2003979 0.8150076 0.1996389 0.8150076 0.30333 0.8083781 0.3063855 0.8083781 0.3063855 0.8109012 0.30333 0.8109012 0.130777 0.8147711 0.1300784 0.8146281 0.1301609 0.8113776 0.130777 0.8113776 0.04457557 0.8087514 0.04754847 0.8087514 0.04754847 0.8112745 0.04457551 0.8112745 0.6991741 0.8070961 0.6985579 0.8070961 0.6985579 0.804573 0.6991741 0.804573 0.2791109 0.682392 0.2791109 0.6830081 0.2762809 0.6830906 0.2761379 0.682392 0.1678524 0.8071578 0.1686114 0.8071578 0.1686114 0.8096808 0.1678524 0.8096808 0.7402136 0.7922983 0.7402136 0.7915851 0.7452598 0.7915851 0.7452598 0.7922983 0.1678524 0.8046346 0.1686114 0.8046346 0.1686114 0.8071578 0.1678524 0.8071578 0.6991741 0.8096192 0.6985579 0.8096192 0.6985579 0.8070961 0.6991741 0.8070961 0.04457551 0.8062283 0.04754847 0.8062283 0.04754847 0.8087514 0.04457557 0.8087514 0.30333 0.805855 0.3063855 0.805855 0.3063855 0.8083781 0.30333 0.8083781 0.2694557 0.7834311 0.2719787 0.7834311 0.2719787 0.7872977 0.2694557 0.7872977 0.6137567 0.7877972 0.6137567 0.7918066 0.6112336 0.7918066 0.6112336 0.7877972 0.6137567 0.786422 0.6137567 0.787181 0.6112336 0.787181 0.6112336 0.786422 0.2694557 0.7820559 0.2719787 0.7820559 0.2719787 0.782672 0.2694557 0.782672 0.2010141 0.8116142 0.2010141 0.8150076 0.2003979 0.8150076 0.2003154 0.8117572 0.1294019 0.8113776 0.1301609 0.8113776 0.1300784 0.8146281 0.1294019 0.8148535 0.7343279 0.7922883 0.7313549 0.7922883 0.7314979 0.7915897 0.7343279 0.7916722 0.8131634 0.7473773 0.8137795 0.7473773 0.813862 0.7506278 0.8131634 0.7507708 0.2719787 0.7820559 0.2745018 0.7820559 0.2745018 0.782672 0.2719787 0.782672 0.6112336 0.786422 0.6112336 0.787181 0.6087105 0.787181 0.6087105 0.786422 0.1692276 0.8071578 0.1697611 0.8071578 0.1697611 0.8096808 0.1692276 0.8096808 0.1686114 0.8046346 0.1692276 0.8046346 0.1692276 0.8071578 0.1686114 0.8071578 0.7343279 0.7962978 0.7313549 0.7962978 0.7313549 0.7922883 0.7343279 0.7922883 0.7402136 0.7930114 0.7402136 0.7922983 0.7452598 0.7922983 0.7452598 0.7930114 0.0833503 0.8062283 0.08632326 0.8062283 0.08632326 0.8087514 0.0833503 0.8087514 0.0833503 0.8087514 0.08632326 0.8087514 0.08632326 0.8112745 0.0833503 0.8112745 0.1692276 0.8046346 0.1697611 0.8046346 0.1697611 0.8071578 0.1692276 0.8071578 0.1686114 0.8071578 0.1692276 0.8071578 0.1692276 0.8096808 0.1686114 0.8096808 0.1673792 0.8071578 0.1678524 0.8071578 0.1678524 0.8096808 0.1673792 0.8096808 0.1355635 0.8153871 0.1350904 0.8153871 0.1350904 0.8119111 0.1355635 0.8113776 0.6137567 0.7825554 0.6137567 0.786422 0.6112336 0.786422 0.6112336 0.7825554 0.6112336 0.7825554 0.6112336 0.786422 0.6087105 0.786422 0.6087105 0.7825554 0.6137567 0.787181 0.6137567 0.7877972 0.6112336 0.7877972 0.6112336 0.787181 0.6112336 0.787181 0.6112336 0.7877972 0.6087105 0.7877972 0.6087105 0.787181 0.1350904 0.8153871 0.1343313 0.8153871 0.1344138 0.8121366 0.1350904 0.8119111 0.1673792 0.8046346 0.1678524 0.8046346 0.1678524 0.8071578 0.1673792 0.8071578 0.7343279 0.7916722 0.7314979 0.7915897 0.7312724 0.7909131 0.7343279 0.7909131 0.2791321 0.6349422 0.2760766 0.6349422 0.2760766 0.6341832 0.2789066 0.6342657 0.1343313 0.8153871 0.1337152 0.8153871 0.1337152 0.8119936 0.1344138 0.8121366 0.1337152 0.8153871 0.1331816 0.8153871 0.1331816 0.8115204 0.1337152 0.8119936 0.03445863 0.8112745 0.03140318 0.8112745 0.03140318 0.8087514 0.03445863 0.8087514 0.6997077 0.8096192 0.6991741 0.8096192 0.6991741 0.8070961 0.6997077 0.8070961 0.03445863 0.8087514 0.03140318 0.8087514 0.03140318 0.8062283 0.03445863 0.8062283 0.6997077 0.8070961 0.6991741 0.8070961 0.6991741 0.804573 0.6997077 0.804573 0.1313106 0.8152442 0.130777 0.8147711 0.130777 0.8113776 0.1313106 0.8113776 0.7343279 0.7909131 0.7312724 0.7909131 0.7312724 0.7870465 0.7343279 0.7870465 0.6985579 0.8096192 0.6977989 0.8096192 0.6977989 0.8070961 0.6985579 0.8070961 0.6977989 0.8096192 0.6973258 0.8096192 0.6973258 0.8070961 0.6977989 0.8070961 0.6985579 0.8070961 0.6977989 0.8070961 0.6977989 0.804573 0.6985579 0.804573 0.6977989 0.8070961 0.6973258 0.8070961 0.6973258 0.804573 0.6977989 0.804573 0.1289287 0.8153871 0.1289287 0.8113776 0.1294019 0.8113776 0.1294019 0.8148535 0.2790495 0.633567 0.2760766 0.633567 0.2760766 0.6295576 0.2790495 0.6295576 0.2694557 0.782672 0.2719787 0.782672 0.2719787 0.7834311 0.2694557 0.7834311 0.2719787 0.782672 0.2745018 0.782672 0.2745018 0.7834311 0.2719787 0.7834311 0.2791321 0.6388089 0.2760766 0.6388089 0.2760766 0.6349422 0.2791321 0.6349422 0.2719787 0.7780464 0.2745018 0.7780464 0.2745018 0.7820559 0.2719787 0.7820559 0.2694557 0.7780464 0.2719787 0.7780464 0.2719787 0.7820559 0.2694557 0.7820559 0.2789066 0.6342657 0.2760766 0.6341832 0.2760766 0.633567 0.2790495 0.633567 0.2761379 0.6783825 0.2791109 0.6783825 0.2791109 0.682392 0.2761379 0.682392 0.2762809 0.6830906 0.2791109 0.6830081 0.2791109 0.6837672 0.2760554 0.6837672 0.8137795 0.7473773 0.8145385 0.7473773 0.8145385 0.7508533 0.813862 0.7506278 0.8145385 0.7473773 0.8150117 0.7473773 0.8150117 0.7513868 0.8145385 0.7508533 0.8126298 0.7473773 0.8131634 0.7473773 0.8131634 0.7507708 0.8126298 0.751244 0.3033301 0.7604225 0.3063855 0.7604225 0.30616 0.7610991 0.3033301 0.7611815 0.3033301 0.7565559 0.3063855 0.7565559 0.3063855 0.7604225 0.3033301 0.7604225 0.3033301 0.7611815 0.30616 0.7610991 0.306303 0.7617977 0.3033301 0.7617977 0.1991657 0.8109982 0.1996389 0.8115317 0.1996389 0.8150076 0.1991657 0.8150076 0.3033301 0.7617977 0.306303 0.7617977 0.306303 0.7658072 0.3033301 0.7658072 0.2015476 0.811141 0.2015476 0.8150076 0.2010141 0.8150076 0.2010141 0.8116142 0.2791109 0.6837672 0.2791109 0.6876338 0.2760554 0.6876338 0.2760554 0.6837672 0.7402136 0.7915851 0.7402136 0.790872 0.7452598 0.790872 0.7452598 0.7915851 0.7402136 0.7994295 0.7402136 0.7987164 0.7452598 0.7987164 0.7452598 0.7994295 0.7402136 0.7987164 0.7402136 0.7980033 0.7452598 0.7980033 0.7452598 0.7987164 0.7402136 0.7980033 0.7402136 0.7972901 0.7452598 0.7972901 0.7452598 0.7980033 0.7402136 0.7972901 0.7402136 0.796577 0.7452598 0.796577 0.7452598 0.7972901 0.7402136 0.796577 0.7402136 0.7958639 0.7452598 0.7958639 0.7452598 0.796577 0.7402136 0.7958639 0.7402136 0.7951508 0.7452598 0.7951508 0.7452598 0.7958639 0.7402136 0.7951508 0.7402136 0.7944376 0.7452598 0.7944376 0.7452598 0.7951508 0.7402136 0.7944376 0.7402136 0.7937245 0.7452598 0.7937245 0.7452598 0.7944376 0.7402136 0.7937245 0.7402136 0.7930114 0.7452598 0.7930114 0.7452598 0.7937245 0.2745018 0.776711 0.2694557 0.776711 0.2695783 0.7706665 0.2743791 0.7706665 0.2695783 0.7706665 0.2702041 0.7622914 0.2737534 0.7622914 0.2743791 0.7706665 0.69216 0.8043406 0.6925638 0.7977867 0.6953055 0.7977867 0.6957093 0.8043406 0.2492709 0.7920005 0.2493936 0.7862364 0.2541944 0.7862364 0.2543171 0.7920005 0.2541944 0.7862364 0.2493936 0.7862364 0.2500194 0.7778971 0.2535687 0.7778971 0.7924694 0.8027454 0.7889201 0.8027454 0.7893239 0.7958757 0.7920655 0.7958757 0.802733 0.7523861 0.8023124 0.7523824 0.8024169 0.746618 0.802733 0.7463406 0.2295586 0.8000917 0.229979 0.8000917 0.229979 0.8051378 0.2295586 0.8051378 0.7384405 0.7976331 0.738754 0.7979133 0.7388075 0.8036785 0.738387 0.8036785 0.7572486 0.7835693 0.756968 0.7832561 0.756968 0.7748934 0.757284 0.7751709 0.769997 0.7833245 0.7696811 0.7836021 0.769681 0.7752394 0.7699617 0.7749261 0.2083142 0.7700884 0.2078938 0.7700884 0.2078938 0.7673467 0.2083142 0.7673467 0.7994757 0.7647146 0.799754 0.7643993 0.7998247 0.7712805 0.7994042 0.7712805 0.7997838 0.7296675 0.8002043 0.7296675 0.8001336 0.7365487 0.7998553 0.7362334 0.2412264 0.7957677 0.2414788 0.7957677 0.2414788 0.7966088 0.2412264 0.7966087 0.07770669 0.8142918 0.07745438 0.8142918 0.07745438 0.8134508 0.07770669 0.8134508 0.2412264 0.7966087 0.2414788 0.7966088 0.2414788 0.7974498 0.2412264 0.7974498 0.783293 0.7353736 0.7835453 0.7353736 0.7835453 0.7362146 0.783293 0.7362146 0.07770669 0.8134508 0.07745438 0.8134508 0.07745438 0.8126098 0.07770669 0.8126098 0.7851329 0.7362146 0.7848806 0.7362146 0.7848806 0.7353736 0.7851329 0.7353736 0.8026112 0.761369 0.8033396 0.7617895 0.8033396 0.7626305 0.8026112 0.763051 0.8018829 0.7617895 0.8026112 0.761369 0.8026112 0.763051 0.8018829 0.7626305 0.7010845 0.8080927 0.7013368 0.8080927 0.7013368 0.8089337 0.7010845 0.8089337 0.8098735 0.7936865 0.8096212 0.7936865 0.8096212 0.7928454 0.8098735 0.7928454 0.2664483 0.8032344 0.266196 0.8032344 0.266196 0.8023934 0.2664483 0.8023934 0.6797856 0.8054157 0.6800379 0.8054157 0.6800379 0.8062567 0.6797856 0.8062567 0.6797856 0.8045747 0.6800379 0.8045747 0.6800379 0.8054157 0.6797856 0.8054157 0.2664483 0.8023934 0.266196 0.8023934 0.266196 0.8015523 0.2664483 0.8015523 0.8087238 0.7826793 0.8087238 0.7835203 0.8079954 0.7839408 0.807267 0.7835203 0.8079954 0.7822588 0.8087238 0.7826793 0.807267 0.7835203 0.807267 0.7826793 0.7867515 0.7682322 0.7817053 0.7682322 0.781828 0.7621878 0.7866288 0.7621878 0.781828 0.7621878 0.7824538 0.7538127 0.7860031 0.7538127 0.7866288 0.7621878 0.7312725 0.8041869 0.7316763 0.7976331 0.7344179 0.7976331 0.7348218 0.8041869 0.2428894 0.7920005 0.2430121 0.7862364 0.2478129 0.7862364 0.2479356 0.7920005 0.2478129 0.7862364 0.2430121 0.7862364 0.2436379 0.7778971 0.2471872 0.7778971 0.2839955 0.7126564 0.2804462 0.7126564 0.2808501 0.7057868 0.2835916 0.7057868 0.6997078 0.8032376 0.6992872 0.8032339 0.6993918 0.7974695 0.6997078 0.7971921 0.7285185 0.8029518 0.728939 0.8029518 0.728939 0.8079979 0.7285185 0.8079979 0.7905084 0.7302715 0.7908244 0.7305489 0.7909289 0.7363134 0.7905084 0.7363171 0.2285382 0.7441244 0.2282575 0.7438111 0.2282575 0.7354484 0.2285735 0.7357259 0.7492513 0.7835153 0.7489353 0.7837929 0.7489353 0.7754302 0.7492159 0.775117 0.2065585 0.7700884 0.206138 0.7700884 0.206138 0.7673467 0.2065585 0.7673467 0.6527368 0.7934572 0.6530151 0.793142 0.6530858 0.8000231 0.6526653 0.8000231 0.8005566 0.7381241 0.8009771 0.7381241 0.8009063 0.7450053 0.8006281 0.74469 0.2080756 0.8087832 0.2078233 0.8087832 0.2078233 0.8079422 0.2080756 0.8079422 0.06795704 0.8142918 0.06770479 0.8142918 0.06770479 0.8134508 0.0679571 0.8134508 0.2080756 0.8079422 0.2078233 0.8079422 0.2078233 0.8071012 0.2080757 0.8071012 0.7817054 0.7353737 0.7819577 0.7353737 0.7819577 0.7362147 0.7817054 0.7362147 0.0679571 0.8134508 0.06770479 0.8134508 0.06770479 0.8126098 0.0679571 0.8126098 0.2006813 0.8024462 0.200429 0.8024462 0.200429 0.8016052 0.2006813 0.8016052 0.8102046 0.7433233 0.8109329 0.7437438 0.8109329 0.7445849 0.8102046 0.7450054 0.8094763 0.7437438 0.8102046 0.7433233 0.8102046 0.7450054 0.8094763 0.7445849 0.8029159 0.7717801 0.8031683 0.7717801 0.8031683 0.7726212 0.8029159 0.7726212 0.803523 0.7936865 0.8032706 0.7936865 0.8032706 0.7928454 0.803523 0.7928454 0.06206107 0.8142918 0.06180876 0.8142918 0.06180876 0.8134508 0.06206107 0.8134508 0.06339645 0.8134508 0.06364876 0.8134508 0.06364876 0.8142918 0.06339645 0.8142918 0.06339645 0.8126098 0.06364876 0.8126098 0.06364876 0.8134508 0.06339645 0.8134508 0.06206107 0.8134508 0.06180876 0.8134508 0.06180876 0.8126098 0.06206107 0.8126098 0.04281568 0.8138715 0.04208731 0.814292 0.041359 0.8138715 0.041359 0.8130304 0.04281568 0.8130304 0.04281568 0.8138715 0.041359 0.8130304 0.04208731 0.8126099 0.6031701 0.726413 0.6073752 0.726413 0.6073752 0.7770149 0.6031701 0.7770149 0.5905547 0.726413 0.5905547 0.7770149 0.5821444 0.7770149 0.5821444 0.726413 0.3218308 0.7188728 0.3218308 0.7146676 0.330241 0.7146676 0.330241 0.7188728 0.5947598 0.726413 0.6031701 0.726413 0.6031701 0.7770149 0.5947598 0.7770149 0.6031701 0.7770149 0.6031701 0.78122 0.5947598 0.78122 0.5947598 0.7770149 0.3218308 0.7757801 0.3176257 0.7757801 0.3176257 0.7188728 0.3218308 0.7188728 0.5947598 0.726413 0.5905547 0.726413 0.5905547 0.7196848 0.5947598 0.7196848 0.3218308 0.782131 0.330241 0.782131 0.330241 0.8339534 0.3218308 0.8339534 0.3176257 0.782131 0.3176257 0.8339534 0.3092153 0.8339534 0.3092153 0.782131 0.330241 0.782131 0.3344462 0.782131 0.3344462 0.8339534 0.330241 0.8339534 0.5947598 0.7770149 0.5905547 0.7770149 0.5905547 0.726413 0.5947598 0.726413 0.5947598 0.7196848 0.6031701 0.7196848 0.6031701 0.726413 0.5947598 0.726413 0.5905547 0.7196848 0.5905547 0.726413 0.5821444 0.726413 0.5821444 0.7196848 0.6031701 0.7196848 0.6073752 0.7196848 0.6073752 0.726413 0.6031701 0.726413 0.330241 0.7757801 0.3344462 0.7757801 0.3344462 0.782131 0.330241 0.782131 0.3176257 0.7757801 0.3176257 0.782131 0.3092153 0.782131 0.3092153 0.7757801 0.3218308 0.7757801 0.330241 0.7757801 0.330241 0.782131 0.3218308 0.782131 0.3218308 0.8339534 0.3176257 0.8339534 0.3176257 0.782131 0.3218308 0.782131 0.3218308 0.7188728 0.330241 0.7188728 0.330241 0.7757801 0.3218308 0.7757801 0.3176257 0.7188728 0.3176257 0.7757801 0.3092153 0.7757801 0.3092153 0.7188728 0.330241 0.7188728 0.3344462 0.7188728 0.3344462 0.7757801 0.330241 0.7757801 0.3218308 0.782131 0.3176257 0.782131 0.3176257 0.7757801 0.3218308 0.7757801 0.6176152 0.7877972 0.6176152 0.7918066 0.615092 0.7918066 0.615092 0.7877972 0.7906098 0.7576794 0.7880867 0.7576794 0.7880867 0.7538127 0.7906098 0.7538127 0.1001162 0.8119128 0.1007927 0.8121383 0.1008752 0.8153888 0.1001162 0.8153888 0.009449243 0.8087514 0.01250469 0.8087514 0.01250469 0.8112745 0.009449243 0.8112745 0.0959236 0.8119953 0.09662222 0.8121383 0.09653973 0.8153888 0.0959236 0.8153888 0.06909006 0.8087514 0.0661171 0.8087514 0.0661171 0.8062283 0.06909006 0.8062283 0.2281526 0.8100087 0.2275364 0.8100087 0.2275364 0.8074856 0.2281526 0.8074856 0.3063855 0.7182188 0.3063855 0.7188349 0.3035555 0.7189174 0.3034125 0.7182188 0.2136842 0.8100087 0.2144432 0.8100087 0.2144432 0.8125318 0.2136842 0.8125318 0.720629 0.7924517 0.720629 0.7917386 0.7256752 0.7917386 0.7256752 0.7924517 0.2136842 0.8074856 0.2144432 0.8074856 0.2144432 0.8100087 0.2136842 0.8100087 0.2281526 0.8125318 0.2275364 0.8125318 0.2275364 0.8100087 0.2281526 0.8100087 0.06909006 0.8112745 0.0661171 0.8112745 0.0661171 0.8087514 0.06909006 0.8087514 0.009449243 0.8062283 0.01250469 0.8062283 0.01250469 0.8087514 0.009449243 0.8087514 0.7931329 0.7576794 0.7906098 0.7576794 0.7906098 0.7538127 0.7931329 0.7538127 0.6201382 0.7877972 0.6201382 0.7918066 0.6176152 0.7918066 0.6176152 0.7877972 0.6201382 0.786422 0.6201382 0.787181 0.6176152 0.787181 0.6176152 0.786422 0.7931329 0.7590546 0.7906098 0.7590546 0.7906098 0.7584384 0.7931329 0.7584384 0.1014913 0.8119953 0.1014913 0.8153888 0.1008752 0.8153888 0.1007927 0.8121383 0.09729874 0.8153888 0.09653973 0.8153888 0.09662222 0.8121383 0.09729874 0.8119129 0.2052199 0.7771755 0.202247 0.7771755 0.20239 0.7764769 0.2052199 0.7765594 0.121492 0.8113774 0.1221082 0.8113774 0.1221907 0.8146279 0.121492 0.8147709 0.7906098 0.7590546 0.7880867 0.7590546 0.7880867 0.7584384 0.7906098 0.7584384 0.6176152 0.786422 0.6176152 0.787181 0.615092 0.787181 0.615092 0.786422 0.2150593 0.8100087 0.2155929 0.8100087 0.2155929 0.8125318 0.2150593 0.8125318 0.2144432 0.8074856 0.2150593 0.8074856 0.2150593 0.8100087 0.2144432 0.8100087 0.2052199 0.781185 0.202247 0.781185 0.202247 0.7771755 0.2052199 0.7771755 0.720629 0.7931648 0.720629 0.7924517 0.7256752 0.7924517 0.7256752 0.7931648 0.809324 0.7951819 0.8122969 0.7951819 0.8122969 0.797705 0.809324 0.797705 0.809324 0.797705 0.8122969 0.797705 0.8122969 0.8002281 0.809324 0.8002281 0.2150593 0.8074856 0.2155929 0.8074856 0.2155929 0.8100087 0.2150593 0.8100087 0.2144432 0.8100087 0.2150593 0.8100087 0.2150593 0.8125318 0.2144432 0.8125318 0.213211 0.8100087 0.2136842 0.8100087 0.2136842 0.8125318 0.213211 0.8125318 0.8143143 0.7578222 0.8138411 0.7578222 0.8138411 0.7543462 0.8143143 0.7538127 0.6201382 0.7825554 0.6201382 0.786422 0.6176152 0.786422 0.6176152 0.7825554 0.6176152 0.7825554 0.6176152 0.786422 0.615092 0.786422 0.615092 0.7825554 0.6201382 0.787181 0.6201382 0.7877972 0.6176152 0.7877972 0.6176152 0.787181 0.6176152 0.787181 0.6176152 0.7877972 0.615092 0.7877972 0.615092 0.787181 0.8138411 0.7578222 0.8130821 0.7578222 0.8131646 0.7545717 0.8138411 0.7543462 0.213211 0.8074856 0.2136842 0.8074856 0.2136842 0.8100087 0.213211 0.8100087 0.2052199 0.7765594 0.20239 0.7764769 0.2021645 0.7758003 0.2052199 0.7758003 0.2155929 0.7463033 0.2125374 0.7463033 0.2125374 0.7455442 0.2153674 0.7456267 0.8130821 0.7578222 0.812466 0.7578222 0.812466 0.7544287 0.8131646 0.7545717 0.812466 0.7578222 0.8119325 0.7578222 0.8119325 0.7539556 0.812466 0.7544287 0.03006786 0.8112745 0.0270124 0.8112745 0.0270124 0.8087514 0.03006786 0.8087514 0.2286862 0.8125318 0.2281526 0.8125318 0.2281526 0.8100087 0.2286862 0.8100087 0.03006786 0.8087514 0.0270124 0.8087514 0.0270124 0.8062283 0.03006786 0.8062283 0.2286862 0.8100087 0.2281526 0.8100087 0.2281526 0.8074856 0.2286862 0.8074856 0.09539002 0.8115222 0.0959236 0.8119953 0.0959236 0.8153888 0.09539002 0.8153888 0.2052199 0.7758003 0.2021645 0.7758003 0.2021645 0.7719337 0.2052199 0.7719337 0.2275364 0.8125318 0.2267774 0.8125318 0.2267774 0.8100087 0.2275364 0.8100087 0.2267774 0.8125318 0.2263043 0.8125318 0.2263043 0.8100087 0.2267774 0.8100087 0.2275364 0.8100087 0.2267774 0.8100087 0.2267774 0.8074856 0.2275364 0.8074856 0.2267774 0.8100087 0.2263043 0.8100087 0.2263043 0.8074856 0.2267774 0.8074856 0.09777188 0.8113793 0.09777188 0.8153888 0.09729874 0.8153888 0.09729874 0.8119129 0.2155104 0.7449281 0.2125374 0.7449281 0.2125374 0.7409186 0.2155104 0.7409186 0.7931329 0.7584384 0.7906098 0.7584384 0.7906098 0.7576794 0.7931329 0.7576794 0.7906098 0.7584384 0.7880867 0.7584384 0.7880867 0.7576794 0.7906098 0.7576794 0.2155929 0.7501699 0.2125374 0.7501699 0.2125374 0.7463033 0.2155929 0.7463033 0.7906098 0.763064 0.7880867 0.763064 0.7880867 0.7590546 0.7906098 0.7590546 0.7931329 0.763064 0.7906098 0.763064 0.7906098 0.7590546 0.7931329 0.7590546 0.2153674 0.7456267 0.2125374 0.7455442 0.2125374 0.7449281 0.2155104 0.7449281 0.3034125 0.7142093 0.3063855 0.7142093 0.3063855 0.7182188 0.3034125 0.7182188 0.3035555 0.7189174 0.3063855 0.7188349 0.3063855 0.719594 0.30333 0.719594 0.1221082 0.8113774 0.1228672 0.8113774 0.1228672 0.8148534 0.1221907 0.8146279 0.1228672 0.8113774 0.1233404 0.8113774 0.1233404 0.8153869 0.1228672 0.8148534 0.1209585 0.8113774 0.121492 0.8113774 0.121492 0.8147709 0.1209585 0.815244 0.1950505 0.7892262 0.1981059 0.7892263 0.1978804 0.7899028 0.1950505 0.7899853 0.1950505 0.7853596 0.1981059 0.7853596 0.1981059 0.7892263 0.1950505 0.7892262 0.1950505 0.7899853 0.1978804 0.7899028 0.1980234 0.7906014 0.1950505 0.7906014 0.09964305 0.8113793 0.1001162 0.8119128 0.1001162 0.8153888 0.09964305 0.8153888 0.1950505 0.7906014 0.1980234 0.7906014 0.1980234 0.794611 0.1950505 0.794611 0.1020249 0.8115221 0.1020249 0.8153888 0.1014913 0.8153888 0.1014913 0.8119953 0.3063855 0.719594 0.3063855 0.7234606 0.30333 0.7234606 0.30333 0.719594 0.720629 0.7917386 0.720629 0.7910254 0.7256752 0.7910254 0.7256752 0.7917386 0.720629 0.7995829 0.720629 0.7988698 0.7256752 0.7988698 0.7256752 0.7995829 0.720629 0.7988698 0.720629 0.7981567 0.7256752 0.7981567 0.7256752 0.7988698 0.720629 0.7981567 0.720629 0.7974435 0.7256752 0.7974436 0.7256752 0.7981567 0.720629 0.7974435 0.720629 0.7967304 0.7256752 0.7967304 0.7256752 0.7974436 0.720629 0.7967304 0.720629 0.7960173 0.7256752 0.7960173 0.7256752 0.7967304 0.720629 0.7960173 0.720629 0.7953042 0.7256752 0.7953042 0.7256752 0.7960173 0.720629 0.7953042 0.720629 0.794591 0.7256752 0.794591 0.7256752 0.7953042 0.720629 0.794591 0.720629 0.7938779 0.7256752 0.7938779 0.7256752 0.794591 0.720629 0.7938779 0.720629 0.7931648 0.7256752 0.7931648 0.7256752 0.7938779 0.7914431 0.7892986 0.7914431 0.7852891 0.7939662 0.7852891 0.7939662 0.7892986 0.6239966 0.786422 0.6214735 0.786422 0.6214735 0.7825554 0.6239966 0.7825554 0.7774943 0.8110262 0.7768177 0.8108007 0.7767353 0.8075502 0.7774943 0.8075502 0.01689553 0.8087514 0.01384007 0.8087514 0.01384007 0.8062283 0.01689553 0.8062283 0.8131634 0.7426485 0.813862 0.7427915 0.8137795 0.746042 0.8131634 0.746042 0.05750048 0.8087514 0.06047344 0.8087514 0.06047344 0.8112745 0.05750048 0.8112745 0.1778296 0.8071576 0.1784457 0.8071576 0.1784457 0.8096807 0.1778296 0.8096807 0.2791109 0.650632 0.2791109 0.6512482 0.2762809 0.6513307 0.2761379 0.650632 0.1888512 0.8071577 0.1880921 0.8071577 0.1880921 0.8046346 0.1888512 0.8046346 0.8003476 0.7924203 0.8003476 0.7931334 0.7953015 0.7931334 0.7953015 0.7924203 0.1888512 0.8096808 0.1880921 0.8096808 0.1880921 0.8071577 0.1888512 0.8071577 0.1778296 0.8046346 0.1784457 0.8046346 0.1784457 0.8071576 0.1778296 0.8071576 0.05750048 0.8062283 0.06047344 0.8062283 0.06047344 0.8087514 0.05750048 0.8087514 0.01689553 0.8112745 0.01384007 0.8112745 0.01384007 0.8087514 0.01689553 0.8087514 0.6265197 0.786422 0.6239966 0.786422 0.6239966 0.7825554 0.6265197 0.7825554 0.78892 0.7892986 0.78892 0.7852891 0.7914431 0.7852891 0.7914431 0.7892986 0.78892 0.7906737 0.78892 0.7899147 0.7914431 0.7899147 0.7914431 0.7906737 0.6265197 0.7877972 0.6239966 0.7877972 0.6239966 0.787181 0.6265197 0.787181 0.7761191 0.8109437 0.7761191 0.8075502 0.7767353 0.8075502 0.7768177 0.8108007 0.8145385 0.746042 0.8137795 0.746042 0.813862 0.7427915 0.8145385 0.742566 0.7160177 0.7910607 0.7189906 0.7910607 0.7188476 0.7917593 0.7160177 0.7916768 0.8121283 0.7856851 0.8127444 0.7856851 0.8128269 0.7889356 0.8121283 0.7890787 0.6239966 0.7877972 0.6214735 0.7877972 0.6214735 0.787181 0.6239966 0.787181 0.7914431 0.7906737 0.7914431 0.7899147 0.7939662 0.7899147 0.7939662 0.7906737 0.187476 0.8071577 0.1869425 0.8071577 0.1869425 0.8046346 0.187476 0.8046346 0.1880921 0.8096808 0.187476 0.8096808 0.187476 0.8071577 0.1880921 0.8071577 0.7160177 0.7870512 0.7189906 0.7870512 0.7189906 0.7910607 0.7160177 0.7910607 0.8003476 0.7917072 0.8003476 0.7924203 0.7953015 0.7924203 0.7953015 0.7917072 0.8122969 0.8066096 0.809324 0.8066096 0.809324 0.8040865 0.8122969 0.8040865 0.8122969 0.8040865 0.809324 0.8040865 0.809324 0.8015634 0.8122969 0.8015634 0.187476 0.8096808 0.1869425 0.8096808 0.1869425 0.8071577 0.187476 0.8071577 0.1880921 0.8071577 0.187476 0.8071577 0.187476 0.8046346 0.1880921 0.8046346 0.1893243 0.8071577 0.1888512 0.8071577 0.1888512 0.8046346 0.1893243 0.8046346 0.8115947 0.7747025 0.8120679 0.7747025 0.8120679 0.7781785 0.8115947 0.778712 0.78892 0.7945404 0.78892 0.7906737 0.7914431 0.7906737 0.7914431 0.7945404 0.7914431 0.7945404 0.7914431 0.7906737 0.7939662 0.7906737 0.7939662 0.7945404 0.78892 0.7899147 0.78892 0.7892986 0.7914431 0.7892986 0.7914431 0.7899147 0.7914431 0.7899147 0.7914431 0.7892986 0.7939662 0.7892986 0.7939662 0.7899147 0.8120679 0.7747025 0.8128269 0.7747025 0.8127444 0.777953 0.8120679 0.7781785 0.1893243 0.8096808 0.1888512 0.8096808 0.1888512 0.8071577 0.1893243 0.8071577 0.7160177 0.7916768 0.7188476 0.7917593 0.7190731 0.7924358 0.7160177 0.7924359 0.2760553 0.6928358 0.2791109 0.6928358 0.2791109 0.6935949 0.2762808 0.6935124 0.8128269 0.7747025 0.8134431 0.7747025 0.8134431 0.778096 0.8127444 0.777953 0.8134431 0.7747025 0.8139766 0.7747025 0.8139766 0.7785691 0.8134431 0.778096 0.03579396 0.8062283 0.03884941 0.8062283 0.03884941 0.8087514 0.03579396 0.8087514 0.1772961 0.8046346 0.1778296 0.8046346 0.1778296 0.8071576 0.1772961 0.8071576 0.03579396 0.8087514 0.03884941 0.8087514 0.03884941 0.8112745 0.03579396 0.8112745 0.1772961 0.8071576 0.1778296 0.8071576 0.1778296 0.8096807 0.1772961 0.8096807 0.8126298 0.7421754 0.8131634 0.7426485 0.8131634 0.746042 0.8126298 0.746042 0.7160177 0.7924359 0.7190731 0.7924358 0.7190731 0.7963025 0.7160177 0.7963025 0.1784457 0.8046346 0.1792047 0.8046346 0.1792047 0.8071576 0.1784457 0.8071576 0.1792047 0.8046346 0.1796779 0.8046346 0.1796779 0.8071576 0.1792047 0.8071576 0.1784457 0.8071576 0.1792047 0.8071576 0.1792047 0.8096807 0.1784457 0.8096807 0.1792047 0.8071576 0.1796779 0.8071576 0.1796779 0.8096807 0.1792047 0.8096807 0.8150117 0.7420325 0.8150117 0.746042 0.8145385 0.746042 0.8145385 0.742566 0.2761378 0.694211 0.2791109 0.694211 0.2791109 0.6982205 0.2761378 0.6982205 0.6265197 0.787181 0.6239966 0.787181 0.6239966 0.786422 0.6265197 0.786422 0.6239966 0.787181 0.6214735 0.787181 0.6214735 0.786422 0.6239966 0.786422 0.2760553 0.6889692 0.2791109 0.6889692 0.2791109 0.6928358 0.2760553 0.6928358 0.6239966 0.7918066 0.6214735 0.7918066 0.6214735 0.7877972 0.6239966 0.7877972 0.6265197 0.7918066 0.6239966 0.7918066 0.6239966 0.7877972 0.6265197 0.7877972 0.2762808 0.6935124 0.2791109 0.6935949 0.2791109 0.694211 0.2761378 0.694211 0.2761379 0.6466225 0.2791109 0.6466225 0.2791109 0.650632 0.2761379 0.650632 0.2762809 0.6513307 0.2791109 0.6512482 0.2791109 0.6520072 0.2760554 0.6520072 0.8127444 0.7856851 0.8135035 0.7856851 0.8135035 0.7891611 0.8128269 0.7889356 0.8135035 0.7856851 0.8139767 0.7856851 0.8139767 0.7896946 0.8135035 0.7891611 0.8115947 0.7856851 0.8121283 0.7856851 0.8121283 0.7890787 0.8115947 0.7895518 0.7388074 0.7924312 0.735752 0.7924311 0.7359775 0.7917546 0.7388074 0.7916721 0.7388074 0.7962978 0.735752 0.7962978 0.735752 0.7924311 0.7388074 0.7924312 0.7388074 0.7916721 0.7359775 0.7917546 0.7358345 0.791056 0.7388074 0.791056 0.7779675 0.8115597 0.7774943 0.8110262 0.7774943 0.8075502 0.7779675 0.8075502 0.7388074 0.791056 0.7358345 0.791056 0.7358345 0.7870464 0.7388074 0.7870464 0.7755855 0.8114169 0.7755855 0.8075502 0.7761191 0.8075502 0.7761191 0.8109437 0.2791109 0.6520072 0.2791109 0.6558738 0.2760554 0.6558738 0.2760554 0.6520072 0.8003476 0.7931334 0.8003476 0.7938466 0.7953014 0.7938466 0.7953015 0.7931334 0.8003476 0.7852891 0.8003476 0.7860022 0.7953014 0.7860022 0.7953014 0.7852891 0.8003476 0.7860022 0.8003476 0.7867153 0.7953014 0.7867153 0.7953014 0.7860022 0.8003476 0.7867153 0.8003476 0.7874285 0.7953014 0.7874285 0.7953014 0.7867153 0.8003476 0.7874285 0.8003476 0.7881416 0.7953015 0.7881416 0.7953014 0.7874285 0.8003476 0.7881416 0.8003476 0.7888547 0.7953015 0.7888547 0.7953015 0.7881416 0.8003476 0.7888547 0.8003476 0.7895678 0.7953015 0.7895678 0.7953015 0.7888547 0.8003476 0.7895678 0.8003476 0.7902809 0.7953015 0.7902809 0.7953015 0.7895678 0.8003476 0.7902809 0.8003476 0.7909941 0.7953015 0.7909941 0.7953015 0.7902809 0.8003476 0.7909941 0.8003476 0.7917072 0.7953015 0.7917072 0.7953015 0.7909941 0.7556328 0.7893129 0.7505866 0.7893129 0.7507092 0.7832685 0.7555101 0.7832685 0.7507092 0.7832685 0.751335 0.7748933 0.7548844 0.7748933 0.7555101 0.7832685 0.711516 0.8041917 0.7119198 0.7976378 0.7146614 0.7976378 0.7150653 0.8041917 0.6814503 0.789846 0.6815729 0.7840818 0.6863737 0.7840818 0.6864964 0.789846 0.6863737 0.7840818 0.6815729 0.7840818 0.6821987 0.7757425 0.6857481 0.7757425 0.2155929 0.7689616 0.2120435 0.7689616 0.2124474 0.7620919 0.215189 0.7620919 0.6975314 0.797192 0.6979519 0.7971957 0.6978473 0.80296 0.6975314 0.8032375 0.2398208 0.8000917 0.2402414 0.8000917 0.2402414 0.8051378 0.2398208 0.8051378 0.8032827 0.7704448 0.8029692 0.7701646 0.8029159 0.7643994 0.8033365 0.7643994 0.2282929 0.7554711 0.2285735 0.7557842 0.2285735 0.764147 0.2282575 0.7638694 0.2402818 0.745392 0.2405977 0.7451145 0.2405977 0.7534773 0.2403171 0.7537905 0.2048026 0.7700884 0.2043821 0.7700884 0.2043821 0.7673467 0.2048026 0.7673467 0.2097951 0.7965159 0.2095136 0.7968282 0.2095136 0.7899467 0.2099341 0.789951 0.6605005 0.8000231 0.66008 0.8000231 0.6601508 0.7931419 0.6604291 0.7934572 0.2285099 0.79716 0.2282575 0.79716 0.2282575 0.796319 0.2285099 0.796319 0.8130479 0.7715673 0.8133002 0.7715673 0.8133003 0.7724083 0.8130479 0.7724083 0.2285099 0.796319 0.2282575 0.796319 0.2282575 0.795478 0.2285099 0.795478 0.7657533 0.8005741 0.7660056 0.8005741 0.7660056 0.8014151 0.7657533 0.8014151 0.8130479 0.7724083 0.8133003 0.7724083 0.8133003 0.7732493 0.813048 0.7732493 0.7867205 0.7362146 0.7864682 0.7362146 0.7864682 0.7353736 0.7867205 0.7353736 0.8052033 0.7839407 0.804475 0.7835202 0.804475 0.7826792 0.8052033 0.7822587 0.8059317 0.7835202 0.8052033 0.7839407 0.8052033 0.7822587 0.8059317 0.7826792 0.8051106 0.7936864 0.8048583 0.7936864 0.8048583 0.7928454 0.8051106 0.7928454 0.2096818 0.804545 0.2099341 0.804545 0.2099341 0.805386 0.2096818 0.805386 0.7184088 0.7993199 0.7181565 0.7993199 0.7181565 0.7984789 0.7184088 0.7984789 0.7407543 0.8016059 0.7410066 0.8016059 0.7410066 0.8024469 0.7407543 0.8024469 0.7407543 0.8007648 0.7410066 0.8007648 0.7410066 0.8016059 0.7407543 0.8016059 0.7184088 0.7984789 0.7181565 0.7984789 0.7181565 0.7976378 0.7184088 0.7976378 0.04415106 0.8130304 0.04487943 0.8126099 0.04560774 0.8130304 0.04560774 0.8138714 0.04415106 0.8138714 0.04415106 0.8130304 0.04560774 0.8138714 0.04487943 0.8142919 0.7660056 0.7893458 0.7609595 0.7893458 0.7610821 0.7833013 0.7658829 0.7833014 0.7610821 0.7833013 0.7617079 0.7749262 0.7652572 0.7749262 0.7658829 0.7833014 0.1955444 0.8025003 0.1959482 0.7959464 0.1986898 0.7959464 0.1990936 0.8025003 0.7256752 0.7755864 0.7255524 0.7813506 0.7207517 0.7813506 0.720629 0.7755865 0.7207517 0.7813506 0.7255524 0.7813506 0.7249267 0.78969 0.7213774 0.78969 0.7988507 0.8020516 0.7953014 0.8020516 0.7957052 0.7951819 0.7984468 0.7951819 0.6796175 0.7971938 0.6800379 0.7971975 0.6799334 0.8029618 0.6796175 0.8032392 0.6119235 0.8029858 0.612344 0.8029858 0.612344 0.8080319 0.6119235 0.8080319 0.8009771 0.7523863 0.8006611 0.7521088 0.8005566 0.7463444 0.8009771 0.7463406 0.2285382 0.7341131 0.2282575 0.7337999 0.2282575 0.7254371 0.2285735 0.7257146 0.2282575 0.7457373 0.2285735 0.7454597 0.2285735 0.7538225 0.2282929 0.7541357 0.2030467 0.7700884 0.2026262 0.7700884 0.2026262 0.7673467 0.2030467 0.7673467 0.800476 0.7603785 0.8001977 0.7606937 0.8001269 0.7538126 0.8005474 0.7538126 0.7581161 0.8017778 0.7576956 0.8017778 0.7577664 0.7948967 0.7580447 0.795212 0.08632326 0.8142918 0.08607095 0.8142918 0.08607095 0.8134509 0.08632326 0.8134508 0.09108173 0.8126097 0.09133404 0.8126097 0.09133404 0.8134508 0.09108173 0.8134508 0.08632326 0.8134508 0.08607095 0.8134509 0.08607095 0.8126098 0.08632326 0.8126099 0.7611415 0.8134285 0.7613939 0.8134285 0.7613939 0.8142696 0.7611415 0.8142696 0.09108173 0.8134508 0.09133404 0.8134508 0.09133404 0.8142918 0.09108173 0.8142918 0.7550922 0.8014721 0.7548398 0.8014721 0.7548398 0.8006311 0.7550922 0.8006311 0.8109843 0.7732493 0.8102559 0.7728288 0.8102559 0.7719877 0.8109843 0.7715672 0.8117126 0.7728288 0.8109843 0.7732493 0.8109843 0.7715672 0.8117126 0.7719877 0.8066982 0.7936864 0.8064458 0.7936864 0.8064458 0.7928454 0.8066982 0.7928454 0.8080335 0.7928454 0.8082858 0.7928454 0.8082858 0.7936864 0.8080335 0.7936864 0.06636941 0.8142918 0.0661171 0.8142918 0.0661171 0.8134508 0.06636941 0.8134508 0.07473373 0.8134508 0.07498604 0.8134508 0.07498604 0.8142918 0.07473373 0.8142918 0.07473373 0.8126098 0.07498604 0.8126098 0.07498604 0.8134508 0.07473373 0.8134508 0.06636941 0.8134508 0.0661171 0.8134508 0.0661171 0.8126098 0.06636941 0.8126098 0.05167585 0.8138713 0.05167585 0.8130303 0.05240422 0.8126098 0.05313253 0.8130303 0.05240422 0.8142918 0.05167585 0.8138713 0.05313253 0.8130303 0.05313253 0.8138713 0.2639151 0.7217547 0.2681203 0.7217547 0.2681203 0.7723566 0.2639152 0.7723566 0.2512997 0.7217547 0.2512997 0.7723566 0.2428895 0.7723566 0.2428894 0.7217547 0.8158591 0.625494 0.8158591 0.6212888 0.8242694 0.6212889 0.8242694 0.625494 0.2555049 0.7217547 0.2639151 0.7217547 0.2639152 0.7723566 0.2555049 0.7723566 0.2639152 0.7723566 0.2639152 0.7765617 0.2555049 0.7765617 0.2555049 0.7723566 0.8158591 0.6824013 0.811654 0.6824013 0.811654 0.625494 0.8158591 0.625494 0.2555049 0.7217547 0.2512997 0.7217547 0.2512997 0.7150265 0.2555049 0.7150265 0.8158591 0.6887522 0.8242694 0.6887522 0.8242694 0.7405746 0.8158591 0.7405746 0.811654 0.6887522 0.811654 0.7405746 0.8032437 0.7405746 0.8032437 0.6887522 0.8242694 0.6887522 0.8284745 0.6887522 0.8284745 0.7405746 0.8242694 0.7405746 0.2555049 0.7723566 0.2512997 0.7723566 0.2512997 0.7217547 0.2555049 0.7217547 0.2555049 0.7150265 0.2639151 0.7150265 0.2639151 0.7217547 0.2555049 0.7217547 0.2512997 0.7150265 0.2512997 0.7217547 0.2428894 0.7217547 0.2428894 0.7150265 0.2639151 0.7150265 0.2681203 0.7150265 0.2681203 0.7217547 0.2639151 0.7217547 0.8242694 0.6824013 0.8284745 0.6824013 0.8284745 0.6887522 0.8242694 0.6887522 0.811654 0.6824013 0.811654 0.6887522 0.8032437 0.6887522 0.8032437 0.6824013 0.8158591 0.6824013 0.8242694 0.6824013 0.8242694 0.6887522 0.8158591 0.6887522 0.8158591 0.7405746 0.811654 0.7405746 0.811654 0.6887522 0.8158591 0.6887522 0.8158591 0.625494 0.8242694 0.625494 0.8242694 0.6824013 0.8158591 0.6824013 0.811654 0.625494 0.811654 0.6824013 0.8032437 0.6824013 0.8032437 0.625494 0.8242694 0.625494 0.8284745 0.625494 0.8284745 0.6824013 0.8242694 0.6824013 0.8158591 0.6887522 0.811654 0.6887522 0.811654 0.6824013 0.8158591 0.6824013 0.6377997 0.7865648 0.6377997 0.7825554 0.6403229 0.7825554 0.6403229 0.7865648 0.5846675 0.786422 0.5821443 0.786422 0.5821443 0.7825554 0.5846675 0.7825554 0.1814864 0.8121989 0.182163 0.8124244 0.1822454 0.8156749 0.1814864 0.8156749 0.00811392 0.8087514 0.005058467 0.8087514 0.005058467 0.8062283 0.00811392 0.8062283 0.8137668 0.7650153 0.8144655 0.7651583 0.814383 0.7684088 0.8137668 0.7684088 0.07042539 0.8087514 0.07339835 0.8087514 0.07339835 0.8112745 0.07042539 0.8112745 0.2100273 0.8100087 0.2106435 0.8100087 0.2106435 0.8125318 0.2100273 0.8125318 0.279132 0.6018071 0.279132 0.6024233 0.276302 0.6025058 0.2761591 0.6018071 0.7820312 0.8100715 0.7812722 0.8100715 0.7812722 0.8075485 0.7820312 0.8075485 0.7061307 0.7981606 0.7061307 0.7988737 0.7010846 0.7988737 0.7010846 0.7981606 0.7820312 0.8125947 0.7812722 0.8125947 0.7812722 0.8100715 0.7820312 0.8100715 0.2100273 0.8074856 0.2106435 0.8074856 0.2106435 0.8100087 0.2100273 0.8100087 0.07042539 0.8062283 0.07339835 0.8062283 0.07339835 0.8087514 0.07042539 0.8087514 0.00811392 0.8112745 0.005058467 0.8112745 0.005058467 0.8087514 0.00811392 0.8087514 0.5871905 0.786422 0.5846675 0.786422 0.5846675 0.7825554 0.5871905 0.7825554 0.6352767 0.7865648 0.6352767 0.7825554 0.6377997 0.7825554 0.6377997 0.7865648 0.6352767 0.78794 0.6352767 0.787181 0.6377997 0.787181 0.6377997 0.78794 0.5871905 0.7877972 0.5846675 0.7877972 0.5846675 0.787181 0.5871905 0.787181 0.1828616 0.8122814 0.1828616 0.8156749 0.1822454 0.8156749 0.182163 0.8124244 0.815142 0.7684088 0.814383 0.7684088 0.8144655 0.7651583 0.815142 0.7649328 0.30333 0.7817387 0.306303 0.7817387 0.30616 0.7824374 0.30333 0.7823549 0.7678121 0.8143205 0.767196 0.8143205 0.7671135 0.81107 0.7678121 0.810927 0.5846675 0.7877972 0.5821443 0.7877972 0.5821443 0.787181 0.5846675 0.787181 0.6377997 0.78794 0.6377997 0.787181 0.6403229 0.787181 0.6403229 0.78794 0.780656 0.8100715 0.7801225 0.8100715 0.7801225 0.8075485 0.780656 0.8075485 0.7812722 0.8125947 0.780656 0.8125947 0.780656 0.8100715 0.7812722 0.8100715 0.30333 0.7777292 0.306303 0.7777292 0.306303 0.7817387 0.30333 0.7817387 0.7061307 0.7974475 0.7061307 0.7981606 0.7010846 0.7981606 0.7010846 0.7974475 0.8112944 0.7513868 0.8083215 0.7513868 0.8083215 0.7488638 0.8112944 0.7488638 0.8112944 0.7488638 0.8083215 0.7488638 0.8083215 0.7463406 0.8112944 0.7463406 0.780656 0.8125947 0.7801225 0.8125947 0.7801225 0.8100715 0.780656 0.8100715 0.7812722 0.8100715 0.780656 0.8100715 0.780656 0.8075485 0.7812722 0.8075485 0.7825043 0.8100716 0.7820312 0.8100715 0.7820312 0.8075485 0.7825043 0.8075485 0.1796779 0.8150256 0.1792047 0.8150256 0.1792047 0.8115496 0.1796779 0.811016 0.6352767 0.7918066 0.6352767 0.78794 0.6377997 0.78794 0.6377997 0.7918066 0.6377997 0.7918066 0.6377997 0.78794 0.6403229 0.78794 0.6403229 0.7918066 0.6352767 0.787181 0.6352767 0.7865648 0.6377997 0.7865648 0.6377997 0.787181 0.6377997 0.787181 0.6377997 0.7865648 0.6403229 0.7865648 0.6403229 0.787181 0.1792047 0.8150256 0.1784457 0.8150256 0.1785282 0.8117751 0.1792047 0.8115496 0.7825043 0.8125947 0.7820312 0.8125947 0.7820312 0.8100715 0.7825043 0.8100716 0.30333 0.7823549 0.30616 0.7824374 0.3063855 0.7831139 0.30333 0.7831139 0.3063855 0.7301806 0.30333 0.7301806 0.30333 0.7294216 0.30616 0.7295041 0.1784457 0.8150256 0.1778295 0.8150256 0.1778295 0.811632 0.1785282 0.8117751 0.1778295 0.8150256 0.177296 0.8150256 0.177296 0.8111589 0.1778295 0.811632 0.01823085 0.8062283 0.02128624 0.8062283 0.02128624 0.8087514 0.01823085 0.8087514 0.2094938 0.8074856 0.2100273 0.8074856 0.2100273 0.8100087 0.2094938 0.8100087 0.01823085 0.8087514 0.02128624 0.8087514 0.02128624 0.8112745 0.01823085 0.8112745 0.2094938 0.8100087 0.2100273 0.8100087 0.2100273 0.8125318 0.2094938 0.8125318 0.8132333 0.7645421 0.8137668 0.7650153 0.8137668 0.7684088 0.8132333 0.7684088 0.30333 0.7831139 0.3063855 0.7831139 0.3063855 0.7869805 0.30333 0.7869805 0.2106435 0.8074856 0.2114025 0.8074856 0.2114025 0.8100087 0.2106435 0.8100087 0.2114025 0.8074856 0.2118757 0.8074856 0.2118757 0.8100087 0.2114025 0.8100087 0.2106435 0.8100087 0.2114025 0.8100087 0.2114025 0.8125318 0.2106435 0.8125318 0.2114025 0.8100087 0.2118757 0.8100087 0.2118757 0.8125318 0.2114025 0.8125318 0.8156152 0.7643993 0.8156152 0.7684088 0.815142 0.7684088 0.815142 0.7649328 0.306303 0.7288054 0.30333 0.7288054 0.30333 0.7247959 0.306303 0.7247959 0.5871905 0.787181 0.5846675 0.787181 0.5846675 0.786422 0.5871905 0.786422 0.5846675 0.787181 0.5821443 0.787181 0.5821443 0.786422 0.5846675 0.786422 0.3063855 0.7340472 0.30333 0.7340472 0.30333 0.7301806 0.3063855 0.7301806 0.5846675 0.7918067 0.5821443 0.7918067 0.5821443 0.7877972 0.5846675 0.7877972 0.5871905 0.7918067 0.5846675 0.7918067 0.5846675 0.7877972 0.5871905 0.7877972 0.30616 0.7295041 0.30333 0.7294216 0.30333 0.7288054 0.306303 0.7288054 0.2761591 0.5977976 0.279132 0.5977976 0.279132 0.6018071 0.2761591 0.6018071 0.276302 0.6025058 0.279132 0.6024233 0.279132 0.6031823 0.2760766 0.6031823 0.767196 0.8143205 0.7664369 0.8143205 0.7664369 0.8108446 0.7671135 0.81107 0.7664369 0.8143205 0.7659638 0.8143205 0.7659638 0.810311 0.7664369 0.8108446 0.7683457 0.8143205 0.7678121 0.8143205 0.7678121 0.810927 0.7683457 0.8104539 0.7935625 0.7435089 0.7905071 0.7435088 0.7907326 0.7428323 0.7935625 0.7427498 0.7935625 0.7473755 0.7905071 0.7473755 0.7905071 0.7435088 0.7935625 0.7435089 0.7935625 0.7427498 0.7907326 0.7428323 0.7905896 0.7421337 0.7935625 0.7421337 0.1810132 0.8116654 0.1814864 0.8121989 0.1814864 0.8156749 0.1810132 0.8156749 0.7935625 0.7421337 0.7905896 0.7421337 0.7905896 0.7381242 0.7935625 0.7381242 0.1833951 0.8118082 0.1833951 0.8156749 0.1828616 0.8156749 0.1828616 0.8122814 0.279132 0.6031823 0.279132 0.6070489 0.2760766 0.6070489 0.2760766 0.6031823 0.7061307 0.7988737 0.7061307 0.7995869 0.7010846 0.7995869 0.7010846 0.7988737 0.7061307 0.7910294 0.7061307 0.7917425 0.7010846 0.7917425 0.7010846 0.7910294 0.7061307 0.7917425 0.7061307 0.7924557 0.7010846 0.7924557 0.7010846 0.7917425 0.7061307 0.7924557 0.7061307 0.7931688 0.7010846 0.7931688 0.7010846 0.7924557 0.7061307 0.7931688 0.7061307 0.7938819 0.7010846 0.7938819 0.7010846 0.7931688 0.7061307 0.7938819 0.7061307 0.794595 0.7010846 0.794595 0.7010846 0.7938819 0.7061307 0.794595 0.7061307 0.7953081 0.7010846 0.7953081 0.7010846 0.794595 0.7061307 0.7953081 0.7061307 0.7960213 0.7010846 0.7960213 0.7010846 0.7953081 0.7061307 0.7960213 0.7061307 0.7967344 0.7010846 0.7967344 0.7010846 0.7960213 0.7061307 0.7967344 0.7061307 0.7974475 0.7010846 0.7974475 0.7010846 0.7967344 0.6314184 0.7865648 0.6288952 0.7865648 0.6288952 0.7825554 0.6314184 0.7825554 0.6441813 0.786422 0.6441813 0.7825554 0.6467043 0.7825554 0.6467044 0.786422 0.1578028 0.8144922 0.1578028 0.8110162 0.1585618 0.8110162 0.1584793 0.8142666 0.279132 0.6426673 0.279132 0.6451904 0.2760766 0.6451904 0.2760766 0.6426673 0.1270598 0.8119936 0.1270598 0.8153871 0.1264436 0.8153871 0.1263611 0.8121366 0.06180876 0.8087514 0.06180876 0.8062283 0.06478178 0.8062283 0.06478178 0.8087514 0.266272 0.8086951 0.266272 0.8061721 0.2668881 0.8061721 0.2668881 0.8086951 0.2791109 0.7047977 0.2761378 0.7047977 0.2762808 0.704099 0.2791109 0.7041815 0.7862844 0.8100716 0.7862844 0.8125947 0.7855253 0.8125947 0.7855253 0.8100715 0.6618428 0.7983149 0.666889 0.7983149 0.666889 0.799028 0.6618428 0.799028 0.7862844 0.8075485 0.7862844 0.8100716 0.7855253 0.8100715 0.7855253 0.8075485 0.266272 0.8112183 0.266272 0.8086951 0.2668881 0.8086951 0.2668881 0.8112183 0.06180876 0.8112745 0.06180876 0.8087514 0.06478178 0.8087514 0.06478178 0.8112745 0.279132 0.6401442 0.279132 0.6426673 0.2760766 0.6426673 0.2760766 0.6401442 0.6416582 0.786422 0.6416582 0.7825554 0.6441813 0.7825554 0.6441813 0.786422 0.6339414 0.7865648 0.6314184 0.7865648 0.6314184 0.7825554 0.6339414 0.7825554 0.6339414 0.78794 0.6314184 0.78794 0.6314184 0.787181 0.6339414 0.787181 0.6416582 0.7877972 0.6416582 0.787181 0.6441813 0.787181 0.6441813 0.7877972 0.1591779 0.8144097 0.1584793 0.8142666 0.1585618 0.8110162 0.1591779 0.8110162 0.1256846 0.8153871 0.1256846 0.8119111 0.1263611 0.8121366 0.1264436 0.8153871 0.7145713 0.7910607 0.7145713 0.7916768 0.7117413 0.7917593 0.7115983 0.7910607 0.1679127 0.8150256 0.1679127 0.8116322 0.1686114 0.8117752 0.1685289 0.8150256 0.6441813 0.7877972 0.6441813 0.787181 0.6467044 0.787181 0.6467044 0.7877972 0.6314184 0.78794 0.6288952 0.78794 0.6288952 0.787181 0.6314184 0.787181 0.7849092 0.8100716 0.7849092 0.8125947 0.7843757 0.8125947 0.7843757 0.8100716 0.7855253 0.8075485 0.7855253 0.8100715 0.7849092 0.8100716 0.7849092 0.8075485 0.7145713 0.7870512 0.7145713 0.7910607 0.7115983 0.7910607 0.7115983 0.7870512 0.6618428 0.7976018 0.666889 0.7976018 0.666889 0.7983149 0.6618428 0.7983149 0.09405469 0.8062282 0.09405469 0.8087513 0.09108173 0.8087513 0.09108173 0.8062282 0.09405469 0.8087513 0.09405469 0.8112744 0.09108173 0.8112744 0.09108173 0.8087513 0.7849092 0.8075485 0.7849092 0.8100716 0.7843757 0.8100716 0.7843757 0.8075485 0.7855253 0.8100715 0.7855253 0.8125947 0.7849092 0.8125947 0.7849092 0.8100716 0.7867575 0.8100716 0.7867575 0.8125947 0.7862844 0.8125947 0.7862844 0.8100716 0.8139766 0.7800473 0.8139766 0.7840568 0.8135034 0.7835233 0.8135034 0.7800473 0.6339414 0.7918066 0.6314184 0.7918066 0.6314184 0.78794 0.6339414 0.78794 0.6314184 0.7918066 0.6288952 0.7918066 0.6288952 0.78794 0.6314184 0.78794 0.6339414 0.787181 0.6314184 0.787181 0.6314184 0.7865648 0.6339414 0.7865648 0.6314184 0.787181 0.6288952 0.787181 0.6288952 0.7865648 0.6314184 0.7865648 0.8135034 0.7800473 0.8135034 0.7835233 0.8128269 0.7832978 0.8127444 0.7800473 0.7867575 0.8075485 0.7867575 0.8100716 0.7862844 0.8100716 0.7862844 0.8075485 0.7145713 0.7916768 0.7145713 0.7924359 0.7115159 0.7924358 0.7117413 0.7917593 0.2760766 0.6243556 0.2763021 0.623679 0.279132 0.6235965 0.279132 0.6243556 0.8127444 0.7800473 0.8128269 0.7832978 0.8121283 0.7834408 0.8121283 0.7800473 0.8121283 0.7800473 0.8121283 0.7834408 0.8115947 0.7839139 0.8115947 0.7800473 0.04018473 0.8112745 0.04018473 0.8087514 0.04324012 0.8087514 0.04324012 0.8112745 0.2657384 0.8112183 0.2657384 0.8086951 0.266272 0.8086951 0.266272 0.8112183 0.04018473 0.8087514 0.04018473 0.8062283 0.04324012 0.8062283 0.04324012 0.8087514 0.2657384 0.8086951 0.2657384 0.8061721 0.266272 0.8061721 0.266272 0.8086951 0.1275933 0.8115205 0.1275933 0.8153871 0.1270598 0.8153871 0.1270598 0.8119936 0.7145713 0.7924359 0.7145713 0.7963025 0.7115159 0.7963025 0.7115159 0.7924358 0.2668881 0.8112183 0.2668881 0.8086951 0.2676471 0.8086951 0.2676471 0.8112183 0.2676471 0.8112183 0.2676471 0.8086951 0.2681203 0.8086951 0.2681203 0.8112183 0.2668881 0.8086951 0.2668881 0.8061721 0.2676471 0.8061721 0.2676471 0.8086951 0.2676471 0.8086951 0.2676471 0.8061721 0.2681203 0.8061721 0.2681203 0.8086951 0.1252114 0.8113776 0.1256846 0.8119111 0.1256846 0.8153871 0.1252114 0.8153871 0.2761591 0.6229804 0.2761591 0.6189709 0.279132 0.6189709 0.279132 0.6229804 0.6416582 0.787181 0.6416582 0.786422 0.6441813 0.786422 0.6441813 0.787181 0.6441813 0.787181 0.6441813 0.786422 0.6467044 0.786422 0.6467044 0.787181 0.2760766 0.6282222 0.2760766 0.6243556 0.279132 0.6243556 0.2791321 0.6282222 0.6441813 0.7918066 0.6441813 0.7877972 0.6467044 0.7877972 0.6467044 0.7918066 0.6416582 0.7918066 0.6416582 0.7877972 0.6441813 0.7877972 0.6441813 0.7918066 0.2763021 0.623679 0.2761591 0.6229804 0.279132 0.6229804 0.279132 0.6235965 0.2761378 0.7088072 0.2761378 0.7047977 0.2791109 0.7047977 0.2791109 0.7088072 0.2762808 0.704099 0.2760553 0.7034225 0.2791109 0.7034225 0.2791109 0.7041815 0.1685289 0.8150256 0.1686114 0.8117752 0.1692879 0.8115497 0.1692879 0.8150256 0.1692879 0.8150256 0.1692879 0.8115497 0.1697611 0.8110162 0.1697611 0.8150256 0.1673792 0.8150256 0.1673792 0.811159 0.1679127 0.8116322 0.1679127 0.8150256 0.69216 0.7925847 0.69216 0.7918257 0.6949899 0.7919082 0.6952154 0.7925847 0.69216 0.7964513 0.69216 0.7925847 0.6952154 0.7925847 0.6952154 0.7964513 0.69216 0.7918257 0.69216 0.7912096 0.6951329 0.7912095 0.6949899 0.7919082 0.1573296 0.8150257 0.1573296 0.8110162 0.1578028 0.8110162 0.1578028 0.8144922 0.69216 0.7912096 0.69216 0.7872 0.6951329 0.7872 0.6951329 0.7912095 0.1597115 0.8148828 0.1591779 0.8144097 0.1591779 0.8110162 0.1597115 0.8110162 0.2791109 0.7034225 0.2760553 0.7034225 0.2760553 0.6995559 0.2791109 0.6995559 0.6618428 0.799028 0.666889 0.799028 0.666889 0.7997412 0.6618428 0.7997412 0.6618428 0.7911837 0.666889 0.7911837 0.666889 0.7918968 0.6618428 0.7918968 0.6618428 0.7918968 0.666889 0.7918968 0.666889 0.7926099 0.6618428 0.7926099 0.6618428 0.7926099 0.666889 0.7926099 0.666889 0.793323 0.6618428 0.793323 0.6618428 0.793323 0.666889 0.793323 0.666889 0.7940362 0.6618428 0.7940362 0.6618428 0.7940362 0.666889 0.7940362 0.666889 0.7947493 0.6618428 0.7947493 0.6618428 0.7947493 0.666889 0.7947493 0.666889 0.7954624 0.6618428 0.7954624 0.6618428 0.7954624 0.666889 0.7954624 0.666889 0.7961755 0.6618428 0.7961755 0.6618428 0.7961755 0.666889 0.7961755 0.666889 0.7968887 0.6618428 0.7968887 0.6618428 0.7968887 0.666889 0.7968887 0.666889 0.7976018 0.6618428 0.7976018 0.2745018 0.7307815 0.2743791 0.7368259 0.2695783 0.7368259 0.2694557 0.7307814 0.2695783 0.7368259 0.2743791 0.7368259 0.2737534 0.7452011 0.2702041 0.7452011 0.8001862 0.7951818 0.8037354 0.7951818 0.8033316 0.8017357 0.80059 0.8017357 0.2606986 0.7920005 0.2556524 0.7920005 0.2557751 0.7862364 0.260576 0.7862364 0.2557751 0.7862364 0.2564008 0.7778971 0.2599502 0.7778971 0.260576 0.7862364 0.630392 0.8000117 0.6307958 0.793142 0.6335375 0.793142 0.6339414 0.8000117 0.7365776 0.7976331 0.7365242 0.8036786 0.7362107 0.8033983 0.7361571 0.7976331 0.6399503 0.8029857 0.6399503 0.8080319 0.6395298 0.8080319 0.6395298 0.8029857 0.7285185 0.8016164 0.7285185 0.7955709 0.7289389 0.7955746 0.7288345 0.801339 0.7595887 0.7748934 0.759624 0.7832918 0.759308 0.7835693 0.759308 0.7752066 0.7676568 0.7752038 0.7676215 0.7836022 0.7673409 0.783289 0.7673409 0.7749263 0.7817052 0.7723093 0.7817052 0.7695676 0.7821257 0.7695676 0.7821257 0.7723093 0.266545 0.7936511 0.2666165 0.800217 0.266196 0.800217 0.2662667 0.7933359 0.6052 0.793142 0.6051285 0.799708 0.6048502 0.8000233 0.6047795 0.793142 0.05446791 0.8142918 0.05446791 0.8134508 0.05472022 0.8134508 0.05472022 0.8142918 0.07226538 0.8126099 0.07226538 0.8134509 0.07201308 0.8134509 0.07201308 0.8126099 0.05446791 0.8134508 0.05446791 0.8126098 0.05472022 0.8126098 0.05472022 0.8134508 0.7532523 0.8086424 0.7532523 0.8078014 0.7535046 0.8078014 0.7535046 0.8086424 0.07226538 0.8134509 0.07226538 0.8142919 0.07201308 0.8142919 0.07201308 0.8134509 0.7645692 0.8134285 0.7645692 0.8142695 0.7643169 0.8142695 0.7643169 0.8134285 0.8054002 0.7732493 0.8054002 0.7715672 0.8061286 0.7719877 0.8061286 0.7728288 0.8046718 0.7728288 0.8046718 0.7719877 0.8054002 0.7715672 0.8054002 0.7732493 0.814087 0.8144702 0.814087 0.8136292 0.8143393 0.8136292 0.8143393 0.8144702 0.7441819 0.8132802 0.7441819 0.8141212 0.7439296 0.8141212 0.7439296 0.8132802 0.2010385 0.7690288 0.2010386 0.7681878 0.2012909 0.7681878 0.2012909 0.7690288 0.7742502 0.8140754 0.7742502 0.8149164 0.7739979 0.8149164 0.7739979 0.8140754 0.7742502 0.8132344 0.7742502 0.8140754 0.7739979 0.8140754 0.7739979 0.8132344 0.2010386 0.7681878 0.2010385 0.7673467 0.2012909 0.7673467 0.2012909 0.7681878 0.04888385 0.8130304 0.05034053 0.8138714 0.04961216 0.8142919 0.04888385 0.8138714 0.04961216 0.8126099 0.05034053 0.8130304 0.05034053 0.8138714 0.04888385 0.8130304 0.2745018 0.7465365 0.2743791 0.7525808 0.2695783 0.7525809 0.2694557 0.7465364 0.2695783 0.7525809 0.2743791 0.7525808 0.2737534 0.7609561 0.2702041 0.7609561 0.6683737 0.7971845 0.671923 0.7971845 0.6715192 0.8037384 0.6687775 0.8037384 0.2670801 0.7920005 0.2620339 0.7920005 0.2621566 0.7862364 0.2669574 0.7862364 0.2621566 0.7862364 0.2627823 0.7778971 0.2663317 0.7778971 0.2669574 0.7862364 0.2888802 0.7057868 0.2884764 0.7126564 0.2857347 0.7126564 0.2853309 0.7057868 0.7922642 0.7363171 0.7922642 0.7302714 0.7925802 0.7305489 0.7926847 0.7363134 0.6279147 0.8029857 0.6279147 0.8080318 0.6274942 0.8080319 0.6274942 0.8029857 0.7089741 0.8016204 0.7089741 0.7955748 0.7093946 0.7955785 0.7092901 0.8013429 0.2405624 0.7551259 0.2405977 0.7635242 0.2402818 0.7638018 0.2402818 0.7554391 0.2397781 0.7238241 0.2398135 0.7154256 0.2400941 0.7157388 0.240094 0.7241017 0.783461 0.7723093 0.783461 0.7695677 0.7838816 0.7695677 0.7838816 0.7723093 0.8015091 0.7647147 0.8015807 0.7712805 0.8011602 0.7712805 0.8012308 0.7643994 0.2397781 0.7323143 0.239917 0.7257493 0.2401986 0.7254369 0.2401986 0.7323186 0.08360266 0.8126099 0.08360266 0.8134509 0.08335036 0.8134509 0.08335036 0.8126099 0.2212446 0.8127121 0.2212446 0.8135532 0.2209923 0.8135532 0.2209923 0.8127121 0.08360266 0.8134509 0.08360266 0.8142919 0.08335036 0.8142919 0.08335036 0.8134509 0.8093239 0.8144701 0.8093239 0.8136291 0.8095762 0.8136291 0.8095762 0.8144701 0.2212446 0.8135532 0.2212446 0.8143942 0.2209923 0.8143942 0.2209923 0.8135532 0.7629815 0.8134285 0.7629815 0.8142696 0.7627292 0.8142696 0.7627292 0.8134285 0.2406004 0.8142566 0.2406004 0.8125745 0.2413287 0.812995 0.2413287 0.813836 0.239872 0.813836 0.239872 0.812995 0.2406004 0.8125745 0.2406004 0.8142566 0.2313144 0.8144845 0.2313144 0.8136435 0.2315667 0.8136435 0.2315667 0.8144845 0.7598062 0.8134286 0.7598062 0.8142697 0.7595539 0.8142697 0.7595539 0.8134286 0.0472961 0.8142918 0.0472961 0.8134508 0.04754847 0.8134508 0.04754841 0.8142918 0.7779675 0.813736 0.7779674 0.8145771 0.7777151 0.8145771 0.7777151 0.813736 0.7779675 0.8128951 0.7779675 0.813736 0.7777151 0.813736 0.7777152 0.812895 0.0472961 0.8134508 0.04729616 0.8126098 0.04754841 0.8126098 0.04754847 0.8134508 0.05750048 0.8138713 0.05895715 0.8130303 0.05895715 0.8138713 0.05822879 0.8142918 0.05750048 0.8130303 0.05822879 0.8126098 0.05895715 0.8130303 0.05750048 0.8138713 0.6394819 0.726413 0.6394819 0.7770149 0.6352767 0.7770149 0.6352767 0.726413 0.6520972 0.726413 0.6605075 0.726413 0.6605075 0.7770149 0.6520972 0.7770149 0.2893792 0.7184145 0.280969 0.7184145 0.280969 0.7142093 0.2893792 0.7142093 0.6478921 0.726413 0.6478921 0.7770149 0.6394819 0.7770149 0.6394819 0.726413 0.6394819 0.7770149 0.6478921 0.7770149 0.6478921 0.78122 0.6394819 0.78122 0.2893792 0.7753218 0.2893792 0.7184145 0.2935844 0.7184145 0.2935844 0.7753218 0.6478921 0.726413 0.6478921 0.7196848 0.6520972 0.7196848 0.6520972 0.726413 0.2893792 0.7816727 0.2893792 0.8334951 0.280969 0.8334951 0.280969 0.7816727 0.2935844 0.7816727 0.3019946 0.7816727 0.3019946 0.8334951 0.2935844 0.8334951 0.280969 0.7816727 0.280969 0.8334951 0.2767638 0.8334951 0.2767638 0.7816727 0.6478921 0.7770149 0.6478921 0.726413 0.6520972 0.726413 0.6520972 0.7770149 0.6478921 0.7196848 0.6478921 0.726413 0.6394819 0.726413 0.6394819 0.7196848 0.6520972 0.7196848 0.6605075 0.7196848 0.6605075 0.726413 0.6520972 0.726413 0.6394819 0.7196848 0.6394819 0.726413 0.6352767 0.726413 0.6352767 0.7196848 0.280969 0.7753218 0.280969 0.7816727 0.2767638 0.7816727 0.2767638 0.7753218 0.2935844 0.7753218 0.3019946 0.7753218 0.3019946 0.7816727 0.2935844 0.7816727 0.2893792 0.7753218 0.2893792 0.7816727 0.280969 0.7816727 0.280969 0.7753218 0.2893792 0.8334951 0.2893792 0.7816727 0.2935844 0.7816727 0.2935844 0.8334951 0.2893792 0.7184145 0.2893792 0.7753218 0.280969 0.7753218 0.280969 0.7184145 0.2935844 0.7184145 0.3019947 0.7184145 0.3019946 0.7753218 0.2935844 0.7753218 0.280969 0.7184145 0.280969 0.7753218 0.2767638 0.7753218 0.2767638 0.7184145 0.2893792 0.7816727 0.2893792 0.7753218 0.2935844 0.7753218 0.2935844 0.7816727 0.6505628 0.7865648 0.6480398 0.7865648 0.6480398 0.7825554 0.6505628 0.7825554 0.7914431 0.7785691 0.7914431 0.7747024 0.7939662 0.7747024 0.7939662 0.7785691 0.1100577 0.8119109 0.1100577 0.8153869 0.1092987 0.8153869 0.1093812 0.8121364 0.2725111 0.8086951 0.2725111 0.8112182 0.2694556 0.8112182 0.2694556 0.8086951 0.1143009 0.8112145 0.1143009 0.814608 0.1136848 0.814608 0.1136023 0.8113576 0.07473373 0.8087514 0.07473373 0.8062283 0.07770669 0.8062283 0.07770669 0.8087514 0.2231206 0.8100087 0.2231206 0.8074856 0.2237368 0.8074856 0.2237368 0.8100087 0.2125374 0.7343415 0.2155104 0.7343415 0.2153674 0.7350401 0.2125374 0.7349576 0.7486348 0.8050245 0.7486348 0.8075476 0.7478758 0.8075476 0.7478758 0.8050245 0.7953015 0.7818337 0.8003476 0.7818337 0.8003476 0.7825468 0.7953015 0.7825468 0.7486348 0.8025014 0.7486348 0.8050245 0.7478758 0.8050245 0.7478758 0.8025014 0.2231206 0.8125318 0.2231206 0.8100087 0.2237368 0.8100087 0.2237368 0.8125318 0.07473373 0.8112745 0.07473373 0.8087514 0.07770669 0.8087514 0.07770669 0.8112745 0.2725111 0.8061721 0.2725111 0.8086951 0.2694556 0.8086951 0.2694556 0.8061721 0.7889201 0.7785691 0.7889201 0.7747024 0.7914431 0.7747024 0.7914431 0.7785691 0.6530859 0.7865648 0.6505628 0.7865648 0.6505628 0.7825554 0.6530859 0.7825554 0.6530859 0.78794 0.6505628 0.78794 0.6505628 0.787181 0.6530859 0.787181 0.7889201 0.7799443 0.7889201 0.7793281 0.7914431 0.7793281 0.7914431 0.7799443 0.1086826 0.8119934 0.1093812 0.8121364 0.1092987 0.8153869 0.1086826 0.8153869 0.1129257 0.814608 0.1129257 0.8111321 0.1136023 0.8113576 0.1136848 0.814608 0.7935639 0.7236943 0.7935639 0.7243104 0.7907339 0.7243929 0.790591 0.7236943 0.1172391 0.8153869 0.1172391 0.8119934 0.1179377 0.8121364 0.1178553 0.8153869 0.7914431 0.7799443 0.7914431 0.7793281 0.7939662 0.7793281 0.7939662 0.7799443 0.6505628 0.78794 0.6480398 0.78794 0.6480398 0.787181 0.6505628 0.787181 0.7472596 0.8050245 0.7472596 0.8075476 0.7467261 0.8075476 0.7467261 0.8050245 0.7478758 0.8025014 0.7478758 0.8050245 0.7472596 0.8050245 0.7472596 0.8025014 0.7935639 0.7196848 0.7935639 0.7236943 0.790591 0.7236943 0.790591 0.7196848 0.7953015 0.7811206 0.8003476 0.7811206 0.8003476 0.7818337 0.7953015 0.7818337 0.2342874 0.8072621 0.2342874 0.8097851 0.2313144 0.8097851 0.2313144 0.8072621 0.2342874 0.8097851 0.2342874 0.8123082 0.2313144 0.8123082 0.2313144 0.8097851 0.7472596 0.8025014 0.7472596 0.8050245 0.7467261 0.8050245 0.7467261 0.8025014 0.7478758 0.8050245 0.7478758 0.8075476 0.7472596 0.8075476 0.7472596 0.8050245 0.749108 0.8050245 0.749108 0.8075476 0.7486348 0.8075476 0.7486348 0.8050245 0.6588881 0.8101511 0.6588881 0.8141605 0.6584149 0.813627 0.6584149 0.8101511 0.6530859 0.7918066 0.6505628 0.7918066 0.6505628 0.78794 0.6530859 0.78794 0.6505628 0.7918066 0.6480398 0.7918066 0.6480398 0.78794 0.6505628 0.78794 0.6530859 0.787181 0.6505628 0.787181 0.6505628 0.7865648 0.6530859 0.7865648 0.6505628 0.787181 0.6480398 0.787181 0.6480398 0.7865648 0.6505628 0.7865648 0.6584149 0.8101511 0.6584149 0.813627 0.6577383 0.8134015 0.6576558 0.8101511 0.749108 0.8025014 0.749108 0.8050245 0.7486348 0.8050245 0.7486348 0.8025014 0.7935639 0.7243104 0.7935639 0.7250695 0.7905085 0.7250695 0.7907339 0.7243929 0.2760766 0.6137689 0.276302 0.6130924 0.279132 0.6130099 0.279132 0.6137689 0.6576558 0.8101511 0.6577383 0.8134015 0.6570397 0.8135445 0.6570397 0.8101511 0.6570397 0.8101511 0.6570397 0.8135445 0.6565062 0.8140177 0.6565062 0.8101511 0.02262163 0.8112745 0.02262163 0.8087514 0.02567708 0.8087514 0.02567708 0.8112745 0.2225871 0.8125318 0.2225871 0.8100087 0.2231206 0.8100087 0.2231206 0.8125318 0.02262163 0.8087514 0.02262163 0.8062283 0.02567708 0.8062283 0.02567708 0.8087514 0.2225871 0.8100087 0.2225871 0.8074856 0.2231206 0.8074856 0.2231206 0.8100087 0.1148344 0.8107414 0.1148345 0.814608 0.1143009 0.814608 0.1143009 0.8112145 0.7935639 0.7250695 0.7935639 0.7289361 0.7905085 0.7289361 0.7905085 0.7250695 0.2237368 0.8125318 0.2237368 0.8100087 0.2244958 0.8100087 0.2244958 0.8125318 0.2244958 0.8125318 0.2244958 0.8100087 0.2249689 0.8100087 0.2249689 0.8125318 0.2237368 0.8100087 0.2237368 0.8074856 0.2244958 0.8074856 0.2244958 0.8100087 0.2244958 0.8100087 0.2244958 0.8074856 0.2249689 0.8074856 0.2249689 0.8100087 0.1124526 0.8105985 0.1129257 0.8111321 0.1129257 0.814608 0.1124526 0.814608 0.2761591 0.6123937 0.2761591 0.6083843 0.279132 0.6083843 0.279132 0.6123937 0.7889201 0.7793281 0.7889201 0.7785691 0.7914431 0.7785691 0.7914431 0.7793281 0.7914431 0.7793281 0.7914431 0.7785691 0.7939662 0.7785691 0.7939662 0.7793281 0.2760766 0.6176356 0.2760766 0.6137689 0.279132 0.6137689 0.279132 0.6176356 0.7914431 0.7839537 0.7914431 0.7799443 0.7939662 0.7799443 0.7939662 0.7839537 0.7889201 0.7839537 0.7889201 0.7799443 0.7914431 0.7799443 0.7914431 0.7839537 0.276302 0.6130924 0.2761591 0.6123937 0.279132 0.6123937 0.279132 0.6130099 0.2155104 0.730332 0.2155104 0.7343415 0.2125374 0.7343415 0.2125374 0.730332 0.2153674 0.7350401 0.2155929 0.7357167 0.2125374 0.7357167 0.2125374 0.7349576 0.1178553 0.8153869 0.1179377 0.8121364 0.1186143 0.8119109 0.1186143 0.8153869 0.1186143 0.8153869 0.1186143 0.8119109 0.1190874 0.8113774 0.1190874 0.8153869 0.1167055 0.8153869 0.1167055 0.8115203 0.1172391 0.8119934 0.1172391 0.8153869 0.2021645 0.787905 0.2021645 0.787146 0.2049944 0.7872285 0.2052199 0.787905 0.2021645 0.7917717 0.2021645 0.787905 0.2052199 0.787905 0.2052199 0.7917717 0.2021645 0.787146 0.2021645 0.7865298 0.2051374 0.7865298 0.2049944 0.7872285 0.1105309 0.8113774 0.1105309 0.8153869 0.1100577 0.8153869 0.1100577 0.8119109 0.2021645 0.7865298 0.2021645 0.7825204 0.2051374 0.7825204 0.2051374 0.7865298 0.1081491 0.8115203 0.1086826 0.8119934 0.1086826 0.8153869 0.1081491 0.8153869 0.2125374 0.7357167 0.2155929 0.7357167 0.2155929 0.7395833 0.2125374 0.7395833 0.7953015 0.7825468 0.8003476 0.7825468 0.8003476 0.7832599 0.7953015 0.7832599 0.7953015 0.7747025 0.8003476 0.7747025 0.8003476 0.7754156 0.7953015 0.7754156 0.7953015 0.7754156 0.8003476 0.7754156 0.8003476 0.7761287 0.7953015 0.7761287 0.7953015 0.7761287 0.8003476 0.7761287 0.8003476 0.7768419 0.7953015 0.7768419 0.7953015 0.7768419 0.8003476 0.7768419 0.8003476 0.777555 0.7953015 0.777555 0.7953015 0.777555 0.8003476 0.777555 0.8003476 0.7782681 0.7953015 0.7782681 0.7953015 0.7782681 0.8003476 0.7782681 0.8003476 0.7789812 0.7953015 0.7789812 0.7953015 0.7789812 0.8003476 0.7789812 0.8003476 0.7796943 0.7953015 0.7796943 0.7953015 0.7796943 0.8003476 0.7796943 0.8003476 0.7804075 0.7953015 0.7804075 0.7953015 0.7804075 0.8003476 0.7804075 0.8003476 0.7811206 0.7953015 0.7811206</float_array>
          <technique_common>
            <accessor source="#Cargo_Container_Pole_Mesh-mesh-map-0-array" count="4000" stride="2">
              <param name="S" type="float"/>
              <param name="T" type="float"/>
            </accessor>
          </technique_common>
        </source>
        <vertices id="Cargo_Container_Pole_Mesh-mesh-vertices">
          <input semantic="POSITION" source="#Cargo_Container_Pole_Mesh-mesh-positions"/>
        </vertices>
        <polylist material="Mat_Cargo_Container_Pole-material" count="1000">
          <input semantic="VERTEX" source="#Cargo_Container_Pole_Mesh-mesh-vertices" offset="0"/>
          <input semantic="NORMAL" source="#Cargo_Container_Pole_Mesh-mesh-normals" offset="1"/>
          <input semantic="TEXCOORD" source="#Cargo_Container_Pole_Mesh-mesh-map-0" offset="2" set="0"/>
          <vcount>4 4 4 4 4 4 4 4 4 4 4 4 4 4 4 4 4 4 4 4 4 4 4 4 4 4 4 4 4 4 4 4 4 4 4 4 4 4 4 4 4 4 4 4 4 4 4 4 4 4 4 4 4 4 4 4 4 4 4 4 4 4 4 4 4 4 4 4 4 4 4 4 4 4 4 4 4 4 4 4 4 4 4 4 4 4 4 4 4 4 4 4 4 4 4 4 4 4 4 4 4 4 4 4 4 4 4 4 4 4 4 4 4 4 4 4 4 4 4 4 4 4 4 4 4 4 4 4 4 4 4 4 4 4 4 4 4 4 4 4 4 4 4 4 4 4 4 4 4 4 4 4 4 4 4 4 4 4 4 4 4 4 4 4 4 4 4 4 4 4 4 4 4 4 4 4 4 4 4 4 4 4 4 4 4 4 4 4 4 4 4 4 4 4 4 4 4 4 4 4 4 4 4 4 4 4 4 4 4 4 4 4 4 4 4 4 4 4 4 4 4 4 4 4 4 4 4 4 4 4 4 4 4 4 4 4 4 4 4 4 4 4 4 4 4 4 4 4 4 4 4 4 4 4 4 4 4 4 4 4 4 4 4 4 4 4 4 4 4 4 4 4 4 4 4 4 4 4 4 4 4 4 4 4 4 4 4 4 4 4 4 4 4 4 4 4 4 4 4 4 4 4 4 4 4 4 4 4 4 4 4 4 4 4 4 4 4 4 4 4 4 4 4 4 4 4 4 4 4 4 4 4 4 4 4 4 4 4 4 4 4 4 4 4 4 4 4 4 4 4 4 4 4 4 4 4 4 4 4 4 4 4 4 4 4 4 4 4 4 4 4 4 4 4 4 4 4 4 4 4 4 4 4 4 4 4 4 4 4 4 4 4 4 4 4 4 4 4 4 4 4 4 4 4 4 4 4 4 4 4 4 4 4 4 4 4 4 4 4 4 4 4 4 4 4 4 4 4 4 4 4 4 4 4 4 4 4 4 4 4 4 4 4 4 4 4 4 4 4 4 4 4 4 4 4 4 4 4 4 4 4 4 4 4 4 4 4 4 4 4 4 4 4 4 4 4 4 4 4 4 4 4 4 4 4 4 4 4 4 4 4 4 4 4 4 4 4 4 4 4 4 4 4 4 4 4 4 4 4 4 4 4 4 4 4 4 4 4 4 4 4 4 4 4 4 4 4 4 4 4 4 4 4 4 4 4 4 4 4 4 4 4 4 4 4 4 4 4 4 4 4 4 4 4 4 4 4 4 4 4 4 4 4 4 4 4 4 4 4 4 4 4 4 4 4 4 4 4 4 4 4 4 4 4 4 4 4 4 4 4 4 4 4 4 4 4 4 4 4 4 4 4 4 4 4 4 4 4 4 4 4 4 4 4 4 4 4 4 4 4 4 4 4 4 4 4 4 4 4 4 4 4 4 4 4 4 4 4 4 4 4 4 4 4 4 4 4 4 4 4 4 4 4 4 4 4 4 4 4 4 4 4 4 4 4 4 4 4 4 4 4 4 4 4 4 4 4 4 4 4 4 4 4 4 4 4 4 4 4 4 4 4 4 4 4 4 4 4 4 4 4 4 4 4 4 4 4 4 4 4 4 4 4 4 4 4 4 4 4 4 4 4 4 4 4 4 4 4 4 4 4 4 4 4 4 4 4 4 4 4 4 4 4 4 4 4 4 4 4 4 4 4 4 4 4 4 4 4 4 4 4 4 4 4 4 4 4 4 4 4 4 4 4 4 4 4 4 4 4 4 4 4 4 4 4 4 4 4 4 4 4 4 4 4 4 4 4 4 4 4 4 4 4 4 4 4 4 4 4 4 4 4 4 4 4 4 4 4 4 4 4 4 4 4 4 4 4 4 4 4 4 4 4 4 4 4 4 4 4 4 4 4 4 4 4 4 4 4 4 4 4 4 4 4 4 4 4 4 4 4 4 4 4 4 4 4 4 4 4 4 4 4 4 4 4 4 4 4 4 4 4 4 4 4 4 4 4 4 4 4 4 4 4 4 4 4 4 4 4 4 4 4 4 4 4 4 4 4 4 4 4 4 4 4 4 4 4 4 4 4 4 4 4 4 4 4 4 4 4 4 4 4 4 4 4 4 4 4 4 4 4 4 4 4 4 4 4 4 4 4 4 4 4 4 4 4 4 4 4 4 4 4 4 4 4 4 4 4 4 4 4 4 4 4 4 4 4 4 4 4 4 4 4 4 4 4 4 4 4 4 4 4 4 4 4 4 4 4 4 4 </vcount>
          <p>54 0 0 51 0 1 3 0 2 12 0 3 80 1 4 14 1 5 5 1 6 79 1 7 53 2 8 35 3 9 8 4 10 44 5 11 65 6 12 64 6 13 5 6 14 14 6 15 37 7 16 69 8 17 11 9 18 28 10 19 77 11 20 74 11 21 7 11 22 15 11 23 71 11 24 66 11 25 9 11 26 16 11 27 81 12 28 55 12 29 45 12 30 20 12 31 23 6 32 32 6 33 10 6 34 17 6 35 33 13 36 50 14 37 43 15 38 27 16 39 35 6 40 23 6 41 17 6 42 8 6 43 69 11 44 71 11 45 16 11 46 11 11 47 73 11 48 77 11 49 15 11 50 6 11 51 63 6 52 65 6 53 14 6 54 4 6 55 78 1 56 4 1 57 14 1 58 80 1 59 57 0 60 54 0 61 12 0 62 0 0 63 48 0 64 41 0 65 25 0 66 18 0 67 81 1 68 20 1 69 24 1 70 83 1 71 52 12 72 44 5 73 8 4 74 60 12 75 72 17 76 36 18 77 28 10 78 11 9 79 51 19 80 19 20 81 27 21 82 34 22 83 66 23 84 46 24 85 42 25 86 9 26 87 83 1 88 24 1 89 21 1 90 82 1 91 41 0 92 38 0 93 19 0 94 25 0 95 62 6 96 61 6 97 64 6 98 65 6 99 8 6 100 17 6 101 62 6 102 60 6 103 3 27 104 51 19 105 34 22 106 22 27 107 37 28 108 46 29 109 50 14 110 33 13 111 0 6 112 12 6 113 59 6 114 58 6 115 12 6 116 3 6 117 22 6 118 59 6 119 60 6 120 62 6 121 65 6 122 63 6 123 17 6 124 10 6 125 61 6 126 62 6 127 59 6 128 22 6 129 32 6 130 23 6 131 22 27 132 34 22 133 30 30 134 32 31 135 2 0 136 13 0 137 41 0 138 48 0 139 13 0 140 1 0 141 38 0 142 41 0 143 18 0 144 25 0 145 54 0 146 57 0 147 25 0 148 19 0 149 51 0 150 54 0 151 32 31 152 30 30 153 26 32 154 10 33 155 58 6 156 59 6 157 23 6 158 35 6 159 19 20 160 38 34 161 33 35 162 27 21 163 39 27 164 29 27 165 21 27 166 79 27 167 10 33 168 26 32 169 31 36 170 61 37 171 61 37 172 31 36 173 39 27 174 64 27 175 1 11 176 13 11 177 70 11 178 68 11 179 68 11 180 70 11 181 71 11 182 69 11 183 13 11 184 2 11 185 67 11 186 70 11 187 70 11 188 67 11 189 66 11 190 71 11 191 33 35 192 68 27 193 69 8 194 37 7 195 38 34 196 1 27 197 68 27 198 33 35 199 11 11 200 16 11 201 76 11 202 72 11 203 72 11 204 76 11 205 77 11 206 73 11 207 16 11 208 9 11 209 75 11 210 76 11 211 76 11 212 75 11 213 74 11 214 77 11 215 40 27 216 36 18 217 72 17 218 73 27 219 40 27 220 73 27 221 6 27 222 82 27 223 20 1 224 78 1 225 80 1 226 24 1 227 24 1 228 80 1 229 79 1 230 21 1 231 64 27 232 39 27 233 79 27 234 5 27 235 15 1 236 83 1 237 82 1 238 6 1 239 7 1 240 81 1 241 83 1 242 15 1 243 29 27 244 40 27 245 82 27 246 21 27 247 74 12 248 55 12 249 81 12 250 7 12 251 45 12 252 56 12 253 78 12 254 20 12 255 9 26 256 42 25 257 47 12 258 75 12 259 75 12 260 47 12 261 55 12 262 74 12 263 67 38 264 50 39 265 46 24 266 66 23 267 48 40 268 18 41 269 43 42 270 50 39 271 2 12 272 48 40 273 50 39 274 67 38 275 18 41 276 57 43 277 49 44 278 43 42 279 49 44 280 58 12 281 35 3 282 53 2 283 57 43 284 0 12 285 58 12 286 49 44 287 56 12 288 52 12 289 60 12 290 63 12 291 78 12 292 56 12 293 63 12 294 4 12 295 27 16 296 43 15 297 49 45 298 34 45 299 34 46 300 49 46 301 53 47 302 30 48 303 30 48 304 53 47 305 44 49 306 26 49 307 26 50 308 44 50 309 52 51 310 31 52 311 31 52 312 52 51 313 56 53 314 39 53 315 39 54 316 56 54 317 45 55 318 29 56 319 29 56 320 45 55 321 55 57 322 40 58 323 40 58 324 55 57 325 47 59 326 36 59 327 36 60 328 47 60 329 42 60 330 28 60 331 28 61 332 42 61 333 46 29 334 37 28 335 86 62 336 87 62 337 84 62 338 85 62 339 84 63 340 87 63 341 89 63 342 88 63 343 88 64 344 89 64 345 91 64 346 90 64 347 94 65 348 93 65 349 92 65 350 95 65 351 92 66 352 96 66 353 97 66 354 95 66 355 96 67 356 98 67 357 99 67 358 97 67 359 85 68 360 84 69 361 92 70 362 93 68 363 86 6 364 85 6 365 93 6 366 94 6 367 87 71 368 86 72 369 94 72 370 95 73 371 84 69 372 88 74 373 96 75 374 92 70 375 89 76 376 87 71 377 95 73 378 97 77 379 90 11 380 91 11 381 99 11 382 98 11 383 88 74 384 90 78 385 98 78 386 96 75 387 91 79 388 89 76 389 97 77 390 99 79 391 101 1 392 102 1 393 108 1 394 107 1 395 104 0 396 105 0 397 111 0 398 110 0 399 102 80 400 103 80 401 109 80 402 108 80 403 100 81 404 101 81 405 107 81 406 106 81 407 105 82 408 100 82 409 106 82 410 111 82 411 103 83 412 104 83 413 110 83 414 109 83 415 106 27 416 109 27 417 110 27 418 111 27 419 107 27 420 108 27 421 109 27 422 106 27 423 113 1 424 114 1 425 120 1 426 119 1 427 116 0 428 117 0 429 123 0 430 122 0 431 114 84 432 115 84 433 121 84 434 120 84 435 112 85 436 113 85 437 119 85 438 118 85 439 117 86 440 112 86 441 118 86 442 123 86 443 115 87 444 116 87 445 122 87 446 121 87 447 118 27 448 121 27 449 122 27 450 123 27 451 119 27 452 120 27 453 121 27 454 118 27 455 126 62 456 127 62 457 124 62 458 125 62 459 124 88 460 127 88 461 129 88 462 128 88 463 128 89 464 129 89 465 131 89 466 130 89 467 134 65 468 133 65 469 132 65 470 135 65 471 132 90 472 136 90 473 137 90 474 135 90 475 136 67 476 138 67 477 139 67 478 137 67 479 125 68 480 124 91 481 132 92 482 133 68 483 126 6 484 125 6 485 133 6 486 134 6 487 127 93 488 126 72 489 134 72 490 135 94 491 124 91 492 128 95 493 136 96 494 132 92 495 129 97 496 127 93 497 135 94 498 137 98 499 130 11 500 131 11 501 139 11 502 138 11 503 128 95 504 130 99 505 138 99 506 136 96 507 131 79 508 129 97 509 137 98 510 139 79 511 141 1 512 142 1 513 148 1 514 147 1 515 144 0 516 145 0 517 151 0 518 150 0 519 142 84 520 143 84 521 149 84 522 148 84 523 140 85 524 141 85 525 147 85 526 146 85 527 145 86 528 140 86 529 146 86 530 151 86 531 143 87 532 144 87 533 150 87 534 149 87 535 146 27 536 149 27 537 150 27 538 151 27 539 147 27 540 148 27 541 149 27 542 146 27 543 153 1 544 154 1 545 160 1 546 159 1 547 156 0 548 157 0 549 163 0 550 162 0 551 154 80 552 155 80 553 161 80 554 160 80 555 152 81 556 153 81 557 159 81 558 158 81 559 157 82 560 152 82 561 158 82 562 163 82 563 155 83 564 156 83 565 162 83 566 161 83 567 158 27 568 161 27 569 162 27 570 163 27 571 159 27 572 160 27 573 161 27 574 158 27 575 177 11 576 168 11 577 167 11 578 179 11 579 178 27 580 179 27 581 167 27 582 171 27 583 164 0 584 169 0 585 166 0 586 170 0 587 176 12 588 165 12 589 168 12 590 177 12 591 168 1 592 165 1 593 171 1 594 167 1 595 184 6 596 164 6 597 170 6 598 186 6 599 176 6 600 172 6 601 174 6 602 178 6 603 180 12 604 172 12 605 173 12 606 181 12 607 182 27 608 183 27 609 175 27 610 174 27 611 181 11 612 173 11 613 175 11 614 183 11 615 165 6 616 176 6 617 178 6 618 171 6 619 172 12 620 176 12 621 177 12 622 173 12 623 174 27 624 175 27 625 179 27 626 178 27 627 173 11 628 177 11 629 179 11 630 175 11 631 185 11 632 181 11 633 183 11 634 187 11 635 186 27 636 187 27 637 183 27 638 182 27 639 184 12 640 180 12 641 181 12 642 185 12 643 172 6 644 180 6 645 182 6 646 174 6 647 164 12 648 184 12 649 185 12 650 169 12 651 170 27 652 166 27 653 187 27 654 186 27 655 169 11 656 185 11 657 187 11 658 166 11 659 180 6 660 184 6 661 186 6 662 182 6 663 242 0 664 239 0 665 191 0 666 200 0 667 268 1 668 202 1 669 193 1 670 267 1 671 241 100 672 223 101 673 196 102 674 232 103 675 253 6 676 252 6 677 193 6 678 202 6 679 225 7 680 257 8 681 199 9 682 216 10 683 265 11 684 262 11 685 195 11 686 203 11 687 259 11 688 254 11 689 197 11 690 204 11 691 269 12 692 243 12 693 233 12 694 208 12 695 211 6 696 220 6 697 198 6 698 205 6 699 221 104 700 238 105 701 231 106 702 215 107 703 223 6 704 211 6 705 205 6 706 196 6 707 257 11 708 259 11 709 204 11 710 199 11 711 261 11 712 265 11 713 203 11 714 194 11 715 251 6 716 253 6 717 202 6 718 192 6 719 266 1 720 192 1 721 202 1 722 268 1 723 245 0 724 242 0 725 200 0 726 188 0 727 236 0 728 229 0 729 213 0 730 206 0 731 269 1 732 208 1 733 212 1 734 271 1 735 240 12 736 232 103 737 196 102 738 248 12 739 260 17 740 224 18 741 216 10 742 199 9 743 239 108 744 207 109 745 215 110 746 222 111 747 254 112 748 234 113 749 230 114 750 197 115 751 271 1 752 212 1 753 209 1 754 270 1 755 229 0 756 226 0 757 207 0 758 213 0 759 250 6 760 249 6 761 252 6 762 253 6 763 196 6 764 205 6 765 250 6 766 248 6 767 191 27 768 239 108 769 222 111 770 210 27 771 225 116 772 234 117 773 238 105 774 221 104 775 188 6 776 200 6 777 247 6 778 246 6 779 200 6 780 191 6 781 210 6 782 247 6 783 248 6 784 250 6 785 253 6 786 251 6 787 205 6 788 198 6 789 249 6 790 250 6 791 247 6 792 210 6 793 220 6 794 211 6 795 210 27 796 222 111 797 218 30 798 220 31 799 190 0 800 201 0 801 229 0 802 236 0 803 201 0 804 189 0 805 226 0 806 229 0 807 206 0 808 213 0 809 242 0 810 245 0 811 213 0 812 207 0 813 239 0 814 242 0 815 220 31 816 218 30 817 214 32 818 198 33 819 246 6 820 247 6 821 211 6 822 223 6 823 207 109 824 226 118 825 221 119 826 215 110 827 227 27 828 217 27 829 209 27 830 267 27 831 198 33 832 214 32 833 219 36 834 249 37 835 249 37 836 219 36 837 227 27 838 252 27 839 189 11 840 201 11 841 258 11 842 256 11 843 256 11 844 258 11 845 259 11 846 257 11 847 201 11 848 190 11 849 255 11 850 258 11 851 258 11 852 255 11 853 254 11 854 259 11 855 221 119 856 256 27 857 257 8 858 225 7 859 226 118 860 189 27 861 256 27 862 221 119 863 199 11 864 204 11 865 264 11 866 260 11 867 260 11 868 264 11 869 265 11 870 261 11 871 204 11 872 197 11 873 263 11 874 264 11 875 264 11 876 263 11 877 262 11 878 265 11 879 228 27 880 224 18 881 260 17 882 261 27 883 228 27 884 261 27 885 194 27 886 270 27 887 208 1 888 266 1 889 268 1 890 212 1 891 212 1 892 268 1 893 267 1 894 209 1 895 252 27 896 227 27 897 267 27 898 193 27 899 203 1 900 271 1 901 270 1 902 194 1 903 195 1 904 269 1 905 271 1 906 203 1 907 217 27 908 228 27 909 270 27 910 209 27 911 262 12 912 243 12 913 269 12 914 195 12 915 233 12 916 244 12 917 266 12 918 208 12 919 197 115 920 230 114 921 235 12 922 263 12 923 263 12 924 235 12 925 243 12 926 262 12 927 255 120 928 238 39 929 234 113 930 254 112 931 236 121 932 206 122 933 231 123 934 238 39 935 190 12 936 236 121 937 238 39 938 255 120 939 206 122 940 245 124 941 237 125 942 231 123 943 237 125 944 246 12 945 223 101 946 241 100 947 245 124 948 188 12 949 246 12 950 237 125 951 244 12 952 240 12 953 248 12 954 251 12 955 266 12 956 244 12 957 251 12 958 192 12 959 215 107 960 231 106 961 237 126 962 222 126 963 222 127 964 237 127 965 241 128 966 218 129 967 218 129 968 241 128 969 232 130 970 214 130 971 214 131 972 232 131 973 240 132 974 219 133 975 219 133 976 240 132 977 244 53 978 227 53 979 227 134 980 244 134 981 233 135 982 217 136 983 217 136 984 233 135 985 243 137 986 228 138 987 228 138 988 243 137 989 235 139 990 224 139 991 224 140 992 235 140 993 230 140 994 216 140 995 216 141 996 230 141 997 234 117 998 225 116 999 326 0 1000 284 0 1001 275 0 1002 323 0 1003 352 1 1004 351 1 1005 277 1 1006 286 1 1007 325 27 1008 316 142 1009 280 143 1010 307 27 1011 337 6 1012 286 6 1013 277 6 1014 336 6 1015 309 12 1016 300 12 1017 283 12 1018 341 12 1019 349 11 1020 287 11 1021 279 11 1022 346 11 1023 343 11 1024 288 11 1025 281 11 1026 338 11 1027 353 144 1028 292 145 1029 317 146 1030 327 147 1031 295 6 1032 289 6 1033 282 6 1034 304 6 1035 305 148 1036 299 149 1037 315 150 1038 322 151 1039 307 6 1040 280 6 1041 289 6 1042 295 6 1043 341 11 1044 283 11 1045 288 11 1046 343 11 1047 345 11 1048 278 11 1049 287 11 1050 349 11 1051 335 6 1052 276 6 1053 286 6 1054 337 6 1055 350 1 1056 352 1 1057 286 1 1058 276 1 1059 329 0 1060 272 0 1061 284 0 1062 326 0 1063 320 0 1064 290 0 1065 297 0 1066 313 0 1067 353 1 1068 355 1 1069 296 1 1070 292 1 1071 324 152 1072 332 153 1073 280 143 1074 316 142 1075 344 12 1076 283 12 1077 300 12 1078 308 12 1079 323 12 1080 306 12 1081 299 12 1082 291 12 1083 338 27 1084 281 27 1085 314 27 1086 318 27 1087 355 1 1088 354 1 1089 293 1 1090 296 1 1091 313 0 1092 297 0 1093 291 0 1094 310 0 1095 334 6 1096 337 6 1097 336 6 1098 333 6 1099 280 6 1100 332 6 1101 334 6 1102 289 6 1103 275 12 1104 294 12 1105 306 12 1106 323 12 1107 309 154 1108 305 148 1109 322 151 1110 318 155 1111 272 6 1112 330 6 1113 331 6 1114 284 6 1115 284 6 1116 331 6 1117 294 6 1118 275 6 1119 332 6 1120 335 6 1121 337 6 1122 334 6 1123 289 6 1124 334 6 1125 333 6 1126 282 6 1127 331 6 1128 295 6 1129 304 6 1130 294 6 1131 294 12 1132 304 12 1133 302 12 1134 306 12 1135 274 0 1136 320 0 1137 313 0 1138 285 0 1139 285 0 1140 313 0 1141 310 0 1142 273 0 1143 290 0 1144 329 0 1145 326 0 1146 297 0 1147 297 0 1148 326 0 1149 323 0 1150 291 0 1151 304 12 1152 282 12 1153 298 12 1154 302 12 1155 330 6 1156 307 6 1157 295 6 1158 331 6 1159 291 12 1160 299 12 1161 305 12 1162 310 12 1163 311 12 1164 351 12 1165 293 12 1166 301 12 1167 282 12 1168 333 12 1169 303 12 1170 298 12 1171 333 12 1172 336 12 1173 311 12 1174 303 12 1175 273 11 1176 340 11 1177 342 11 1178 285 11 1179 340 11 1180 341 11 1181 343 11 1182 342 11 1183 285 11 1184 342 11 1185 339 11 1186 274 11 1187 342 11 1188 343 11 1189 338 11 1190 339 11 1191 305 12 1192 309 12 1193 341 12 1194 340 12 1195 310 12 1196 305 12 1197 340 12 1198 273 12 1199 283 11 1200 344 11 1201 348 11 1202 288 11 1203 344 11 1204 345 11 1205 349 11 1206 348 11 1207 288 11 1208 348 11 1209 347 11 1210 281 11 1211 348 11 1212 349 11 1213 346 11 1214 347 11 1215 312 12 1216 345 12 1217 344 12 1218 308 12 1219 312 12 1220 354 12 1221 278 12 1222 345 12 1223 292 1 1224 296 1 1225 352 1 1226 350 1 1227 296 1 1228 293 1 1229 351 1 1230 352 1 1231 336 12 1232 277 12 1233 351 12 1234 311 12 1235 287 1 1236 278 1 1237 354 1 1238 355 1 1239 279 1 1240 287 1 1241 355 1 1242 353 1 1243 301 12 1244 293 12 1245 354 12 1246 312 12 1247 346 27 1248 279 27 1249 353 144 1250 327 147 1251 317 146 1252 292 145 1253 350 27 1254 328 27 1255 281 27 1256 347 27 1257 319 27 1258 314 27 1259 347 27 1260 346 27 1261 327 147 1262 319 27 1263 339 27 1264 338 27 1265 318 27 1266 322 27 1267 320 27 1268 322 27 1269 315 27 1270 290 27 1271 274 27 1272 339 27 1273 322 27 1274 320 27 1275 290 27 1276 315 27 1277 321 27 1278 329 27 1279 321 27 1280 325 27 1281 307 27 1282 330 27 1283 329 27 1284 321 27 1285 330 27 1286 272 27 1287 328 27 1288 335 27 1289 332 153 1290 324 152 1291 350 27 1292 276 27 1293 335 27 1294 328 27 1295 299 149 1296 306 156 1297 321 156 1298 315 150 1299 306 157 1300 302 158 1301 325 159 1302 321 157 1303 302 158 1304 298 160 1305 316 160 1306 325 159 1307 298 161 1308 303 162 1309 324 163 1310 316 161 1311 303 162 1312 311 164 1313 328 164 1314 324 163 1315 311 165 1316 301 166 1317 317 167 1318 328 165 1319 301 166 1320 312 168 1321 327 169 1322 317 167 1323 312 168 1324 308 170 1325 319 170 1326 327 169 1327 308 171 1328 300 171 1329 314 171 1330 319 171 1331 300 172 1332 309 154 1333 318 155 1334 314 172 1335 358 173 1336 357 173 1337 356 173 1338 359 173 1339 356 174 1340 360 174 1341 361 174 1342 359 174 1343 360 175 1344 362 175 1345 363 175 1346 361 175 1347 366 176 1348 367 176 1349 364 176 1350 365 176 1351 364 177 1352 367 177 1353 369 177 1354 368 177 1355 368 178 1356 369 178 1357 371 178 1358 370 178 1359 357 179 1360 365 179 1361 364 180 1362 356 181 1363 358 6 1364 366 6 1365 365 6 1366 357 6 1367 359 182 1368 367 183 1369 366 184 1370 358 184 1371 356 181 1372 364 180 1373 368 185 1374 360 186 1375 361 187 1376 369 188 1377 367 183 1378 359 182 1379 362 11 1380 370 11 1381 371 11 1382 363 11 1383 360 186 1384 368 185 1385 370 189 1386 362 189 1387 363 190 1388 371 190 1389 369 188 1390 361 187 1391 373 1 1392 379 1 1393 380 1 1394 374 1 1395 376 0 1396 382 0 1397 383 0 1398 377 0 1399 374 80 1400 380 80 1401 381 80 1402 375 80 1403 372 81 1404 378 81 1405 379 81 1406 373 81 1407 377 82 1408 383 82 1409 378 82 1410 372 82 1411 375 83 1412 381 83 1413 382 83 1414 376 83 1415 378 12 1416 383 12 1417 382 12 1418 381 12 1419 379 12 1420 378 12 1421 381 12 1422 380 12 1423 385 1 1424 391 1 1425 392 1 1426 386 1 1427 388 0 1428 394 0 1429 395 0 1430 389 0 1431 386 80 1432 392 80 1433 393 80 1434 387 80 1435 384 81 1436 390 81 1437 391 81 1438 385 81 1439 389 82 1440 395 82 1441 390 82 1442 384 82 1443 387 83 1444 393 83 1445 394 83 1446 388 83 1447 390 12 1448 395 12 1449 394 12 1450 393 12 1451 391 12 1452 390 12 1453 393 12 1454 392 12 1455 398 173 1456 397 173 1457 396 173 1458 399 173 1459 396 191 1460 400 191 1461 401 191 1462 399 191 1463 400 192 1464 402 192 1465 403 192 1466 401 192 1467 406 176 1468 407 176 1469 404 176 1470 405 176 1471 404 193 1472 407 193 1473 409 193 1474 408 193 1475 408 178 1476 409 178 1477 411 178 1478 410 178 1479 397 194 1480 405 194 1481 404 195 1482 396 196 1483 398 6 1484 406 6 1485 405 6 1486 397 6 1487 399 197 1488 407 198 1489 406 184 1490 398 184 1491 396 196 1492 404 195 1493 408 199 1494 400 200 1495 401 201 1496 409 202 1497 407 198 1498 399 197 1499 402 11 1500 410 11 1501 411 11 1502 403 11 1503 400 200 1504 408 199 1505 410 203 1506 402 203 1507 403 204 1508 411 204 1509 409 202 1510 401 201 1511 413 1 1512 419 1 1513 420 1 1514 414 1 1515 416 0 1516 422 0 1517 423 0 1518 417 0 1519 414 80 1520 420 80 1521 421 80 1522 415 80 1523 412 81 1524 418 81 1525 419 81 1526 413 81 1527 417 82 1528 423 82 1529 418 82 1530 412 82 1531 415 83 1532 421 83 1533 422 83 1534 416 83 1535 418 12 1536 423 12 1537 422 12 1538 421 12 1539 419 12 1540 418 12 1541 421 12 1542 420 12 1543 425 1 1544 431 1 1545 432 1 1546 426 1 1547 428 0 1548 434 0 1549 435 0 1550 429 0 1551 426 84 1552 432 84 1553 433 84 1554 427 84 1555 424 85 1556 430 85 1557 431 85 1558 425 85 1559 429 86 1560 435 86 1561 430 86 1562 424 86 1563 427 87 1564 433 87 1565 434 87 1566 428 87 1567 430 12 1568 435 12 1569 434 12 1570 433 12 1571 431 12 1572 430 12 1573 433 12 1574 432 12 1575 449 11 1576 451 11 1577 439 11 1578 440 11 1579 450 12 1580 443 12 1581 439 12 1582 451 12 1583 436 0 1584 442 0 1585 438 0 1586 441 0 1587 448 27 1588 449 27 1589 440 27 1590 437 27 1591 440 1 1592 439 1 1593 443 1 1594 437 1 1595 456 6 1596 458 6 1597 442 6 1598 436 6 1599 448 6 1600 450 6 1601 446 6 1602 444 6 1603 452 27 1604 453 27 1605 445 27 1606 444 27 1607 454 12 1608 446 12 1609 447 12 1610 455 12 1611 453 11 1612 455 11 1613 447 11 1614 445 11 1615 437 6 1616 443 6 1617 450 6 1618 448 6 1619 444 27 1620 445 27 1621 449 27 1622 448 27 1623 446 12 1624 450 12 1625 451 12 1626 447 12 1627 445 11 1628 447 11 1629 451 11 1630 449 11 1631 457 11 1632 459 11 1633 455 11 1634 453 11 1635 458 12 1636 454 12 1637 455 12 1638 459 12 1639 456 27 1640 457 27 1641 453 27 1642 452 27 1643 444 6 1644 446 6 1645 454 6 1646 452 6 1647 436 27 1648 441 27 1649 457 27 1650 456 27 1651 442 12 1652 458 12 1653 459 12 1654 438 12 1655 441 11 1656 438 11 1657 459 11 1658 457 11 1659 452 6 1660 454 6 1661 458 6 1662 456 6 1663 514 0 1664 472 0 1665 463 0 1666 511 0 1667 540 1 1668 539 1 1669 465 1 1670 474 1 1671 513 27 1672 504 142 1673 468 205 1674 495 27 1675 525 6 1676 474 6 1677 465 6 1678 524 6 1679 497 12 1680 488 12 1681 471 12 1682 529 12 1683 537 11 1684 475 11 1685 467 11 1686 534 11 1687 531 11 1688 476 11 1689 469 11 1690 526 11 1691 541 206 1692 480 207 1693 505 208 1694 515 209 1695 483 6 1696 477 6 1697 470 6 1698 492 6 1699 493 210 1700 487 211 1701 503 212 1702 510 213 1703 495 6 1704 468 6 1705 477 6 1706 483 6 1707 529 11 1708 471 11 1709 476 11 1710 531 11 1711 533 11 1712 466 11 1713 475 11 1714 537 11 1715 523 6 1716 464 6 1717 474 6 1718 525 6 1719 538 1 1720 540 1 1721 474 1 1722 464 1 1723 517 0 1724 460 0 1725 472 0 1726 514 0 1727 508 0 1728 478 0 1729 485 0 1730 501 0 1731 541 1 1732 543 1 1733 484 1 1734 480 1 1735 512 152 1736 520 153 1737 468 205 1738 504 142 1739 532 12 1740 471 12 1741 488 12 1742 496 12 1743 511 12 1744 494 12 1745 487 12 1746 479 12 1747 526 27 1748 469 27 1749 502 27 1750 506 27 1751 543 1 1752 542 1 1753 481 1 1754 484 1 1755 501 0 1756 485 0 1757 479 0 1758 498 0 1759 522 6 1760 525 6 1761 524 6 1762 521 6 1763 468 6 1764 520 6 1765 522 6 1766 477 6 1767 463 12 1768 482 12 1769 494 12 1770 511 12 1771 497 214 1772 493 210 1773 510 213 1774 506 215 1775 460 6 1776 518 6 1777 519 6 1778 472 6 1779 472 6 1780 519 6 1781 482 6 1782 463 6 1783 520 6 1784 523 6 1785 525 6 1786 522 6 1787 477 6 1788 522 6 1789 521 6 1790 470 6 1791 519 6 1792 483 6 1793 492 6 1794 482 6 1795 482 12 1796 492 12 1797 490 12 1798 494 12 1799 462 0 1800 508 0 1801 501 0 1802 473 0 1803 473 0 1804 501 0 1805 498 0 1806 461 0 1807 478 0 1808 517 0 1809 514 0 1810 485 0 1811 485 0 1812 514 0 1813 511 0 1814 479 0 1815 492 12 1816 470 12 1817 486 12 1818 490 12 1819 518 6 1820 495 6 1821 483 6 1822 519 6 1823 479 12 1824 487 12 1825 493 12 1826 498 12 1827 499 12 1828 539 12 1829 481 12 1830 489 12 1831 470 12 1832 521 12 1833 491 12 1834 486 12 1835 521 12 1836 524 12 1837 499 12 1838 491 12 1839 461 11 1840 528 11 1841 530 11 1842 473 11 1843 528 11 1844 529 11 1845 531 11 1846 530 11 1847 473 11 1848 530 11 1849 527 11 1850 462 11 1851 530 11 1852 531 11 1853 526 11 1854 527 11 1855 493 12 1856 497 12 1857 529 12 1858 528 12 1859 498 12 1860 493 12 1861 528 12 1862 461 12 1863 471 11 1864 532 11 1865 536 11 1866 476 11 1867 532 11 1868 533 11 1869 537 11 1870 536 11 1871 476 11 1872 536 11 1873 535 11 1874 469 11 1875 536 11 1876 537 11 1877 534 11 1878 535 11 1879 500 12 1880 533 12 1881 532 12 1882 496 12 1883 500 12 1884 542 12 1885 466 12 1886 533 12 1887 480 1 1888 484 1 1889 540 1 1890 538 1 1891 484 1 1892 481 1 1893 539 1 1894 540 1 1895 524 12 1896 465 12 1897 539 12 1898 499 12 1899 475 1 1900 466 1 1901 542 1 1902 543 1 1903 467 1 1904 475 1 1905 543 1 1906 541 1 1907 489 12 1908 481 12 1909 542 12 1910 500 12 1911 534 27 1912 467 27 1913 541 206 1914 515 209 1915 505 208 1916 480 207 1917 538 27 1918 516 27 1919 469 27 1920 535 27 1921 507 27 1922 502 27 1923 535 27 1924 534 27 1925 515 209 1926 507 27 1927 527 27 1928 526 27 1929 506 27 1930 510 27 1931 508 27 1932 510 27 1933 503 27 1934 478 27 1935 462 27 1936 527 27 1937 510 27 1938 508 27 1939 478 27 1940 503 27 1941 509 27 1942 517 27 1943 509 27 1944 513 27 1945 495 27 1946 518 27 1947 517 27 1948 509 27 1949 518 27 1950 460 27 1951 516 27 1952 523 27 1953 520 153 1954 512 152 1955 538 27 1956 464 27 1957 523 27 1958 516 27 1959 487 211 1960 494 216 1961 509 216 1962 503 212 1963 494 217 1964 490 218 1965 513 219 1966 509 217 1967 490 218 1968 486 160 1969 504 160 1970 513 219 1971 486 220 1972 491 221 1973 512 222 1974 504 220 1975 491 221 1976 499 164 1977 516 164 1978 512 222 1979 499 223 1980 489 224 1981 505 225 1982 516 223 1983 489 224 1984 500 226 1985 515 227 1986 505 225 1987 500 226 1988 496 228 1989 507 228 1990 515 227 1991 496 171 1992 488 171 1993 502 171 1994 507 171 1995 488 229 1996 497 214 1997 506 215 1998 502 229 1999 598 0 2000 556 0 2001 547 0 2002 595 0 2003 624 1 2004 623 1 2005 549 1 2006 558 1 2007 597 12 2008 588 230 2009 552 231 2010 579 12 2011 609 11 2012 558 11 2013 549 11 2014 608 11 2015 581 27 2016 572 27 2017 555 27 2018 613 27 2019 621 6 2020 559 6 2021 551 6 2022 618 6 2023 615 6 2024 560 6 2025 553 6 2026 610 6 2027 625 232 2028 564 233 2029 589 234 2030 599 235 2031 567 11 2032 561 11 2033 554 11 2034 576 11 2035 577 236 2036 571 237 2037 587 238 2038 594 239 2039 579 11 2040 552 11 2041 561 11 2042 567 11 2043 613 6 2044 555 6 2045 560 6 2046 615 6 2047 617 6 2048 550 6 2049 559 6 2050 621 6 2051 607 11 2052 548 11 2053 558 11 2054 609 11 2055 622 1 2056 624 1 2057 558 1 2058 548 1 2059 601 0 2060 544 0 2061 556 0 2062 598 0 2063 592 0 2064 562 0 2065 569 0 2066 585 0 2067 625 1 2068 627 1 2069 568 1 2070 564 1 2071 596 240 2072 604 241 2073 552 231 2074 588 230 2075 616 27 2076 555 27 2077 572 27 2078 580 27 2079 595 27 2080 578 27 2081 571 242 2082 563 243 2083 610 12 2084 553 12 2085 586 12 2086 590 12 2087 627 1 2088 626 1 2089 565 1 2090 568 1 2091 585 0 2092 569 0 2093 563 0 2094 582 0 2095 606 11 2096 609 11 2097 608 11 2098 605 11 2099 552 11 2100 604 11 2101 606 11 2102 561 11 2103 547 27 2104 566 27 2105 578 27 2106 595 27 2107 581 244 2108 577 236 2109 594 239 2110 590 245 2111 544 11 2112 602 11 2113 603 11 2114 556 11 2115 556 11 2116 603 11 2117 566 11 2118 547 11 2119 604 11 2120 607 11 2121 609 11 2122 606 11 2123 561 11 2124 606 11 2125 605 11 2126 554 11 2127 603 11 2128 567 11 2129 576 11 2130 566 11 2131 566 27 2132 576 27 2133 574 27 2134 578 27 2135 546 0 2136 592 0 2137 585 0 2138 557 0 2139 557 0 2140 585 0 2141 582 0 2142 545 0 2143 562 0 2144 601 0 2145 598 0 2146 569 0 2147 569 0 2148 598 0 2149 595 0 2150 563 0 2151 576 27 2152 554 246 2153 570 247 2154 574 27 2155 602 11 2156 579 11 2157 567 11 2158 603 11 2159 563 243 2160 571 242 2161 577 248 2162 582 249 2163 583 27 2164 623 27 2165 565 27 2166 573 27 2167 554 246 2168 605 250 2169 575 251 2170 570 247 2171 605 250 2172 608 27 2173 583 27 2174 575 251 2175 545 6 2176 612 6 2177 614 6 2178 557 6 2179 612 6 2180 613 6 2181 615 6 2182 614 6 2183 557 6 2184 614 6 2185 611 6 2186 546 6 2187 614 6 2188 615 6 2189 610 6 2190 611 6 2191 577 248 2192 581 27 2193 613 27 2194 612 27 2195 582 249 2196 577 248 2197 612 27 2198 545 27 2199 555 6 2200 616 6 2201 620 6 2202 560 6 2203 616 6 2204 617 6 2205 621 6 2206 620 6 2207 560 6 2208 620 6 2209 619 6 2210 553 6 2211 620 6 2212 621 6 2213 618 6 2214 619 6 2215 584 27 2216 617 27 2217 616 27 2218 580 27 2219 584 27 2220 626 27 2221 550 27 2222 617 27 2223 564 1 2224 568 1 2225 624 1 2226 622 1 2227 568 1 2228 565 1 2229 623 1 2230 624 1 2231 608 27 2232 549 27 2233 623 27 2234 583 27 2235 559 1 2236 550 1 2237 626 1 2238 627 1 2239 551 1 2240 559 1 2241 627 1 2242 625 1 2243 573 27 2244 565 27 2245 626 27 2246 584 27 2247 618 12 2248 551 12 2249 625 232 2250 599 235 2251 589 234 2252 564 233 2253 622 12 2254 600 12 2255 553 12 2256 619 12 2257 591 12 2258 586 12 2259 619 12 2260 618 12 2261 599 235 2262 591 12 2263 611 12 2264 610 12 2265 590 12 2266 594 12 2267 592 12 2268 594 12 2269 587 12 2270 562 12 2271 546 12 2272 611 12 2273 594 12 2274 592 12 2275 562 12 2276 587 12 2277 593 12 2278 601 12 2279 593 12 2280 597 12 2281 579 12 2282 602 12 2283 601 12 2284 593 12 2285 602 12 2286 544 12 2287 600 12 2288 607 12 2289 604 241 2290 596 240 2291 622 12 2292 548 12 2293 607 12 2294 600 12 2295 571 237 2296 578 252 2297 593 252 2298 587 238 2299 578 253 2300 574 254 2301 597 255 2302 593 253 2303 574 254 2304 570 256 2305 588 256 2306 597 255 2307 570 257 2308 575 258 2309 596 259 2310 588 257 2311 575 258 2312 583 260 2313 600 260 2314 596 259 2315 583 261 2316 573 262 2317 589 263 2318 600 261 2319 573 262 2320 584 264 2321 599 265 2322 589 263 2323 584 264 2324 580 266 2325 591 266 2326 599 265 2327 580 267 2328 572 267 2329 586 267 2330 591 267 2331 572 268 2332 581 244 2333 590 245 2334 586 268 2335 630 269 2336 629 269 2337 628 269 2338 631 269 2339 628 270 2340 632 270 2341 633 270 2342 631 270 2343 632 271 2344 634 271 2345 635 271 2346 633 271 2347 638 272 2348 639 272 2349 636 272 2350 637 272 2351 636 273 2352 639 273 2353 641 273 2354 640 273 2355 640 274 2356 641 274 2357 643 274 2358 642 274 2359 629 275 2360 637 275 2361 636 276 2362 628 277 2363 630 11 2364 638 11 2365 637 11 2366 629 11 2367 631 278 2368 639 279 2369 638 280 2370 630 280 2371 628 277 2372 636 276 2373 640 281 2374 632 282 2375 633 283 2376 641 284 2377 639 279 2378 631 278 2379 634 6 2380 642 6 2381 643 6 2382 635 6 2383 632 282 2384 640 281 2385 642 285 2386 634 285 2387 635 286 2388 643 286 2389 641 284 2390 633 283 2391 645 1 2392 651 1 2393 652 1 2394 646 1 2395 648 0 2396 654 0 2397 655 0 2398 649 0 2399 646 81 2400 652 81 2401 653 81 2402 647 81 2403 644 80 2404 650 80 2405 651 80 2406 645 80 2407 649 83 2408 655 83 2409 650 83 2410 644 83 2411 647 82 2412 653 82 2413 654 82 2414 648 82 2415 650 27 2416 655 27 2417 654 27 2418 653 27 2419 651 27 2420 650 27 2421 653 27 2422 652 27 2423 657 1 2424 663 1 2425 664 1 2426 658 1 2427 660 0 2428 666 0 2429 667 0 2430 661 0 2431 658 85 2432 664 85 2433 665 85 2434 659 85 2435 656 84 2436 662 84 2437 663 84 2438 657 84 2439 661 87 2440 667 87 2441 662 87 2442 656 87 2443 659 86 2444 665 86 2445 666 86 2446 660 86 2447 662 27 2448 667 27 2449 666 27 2450 665 27 2451 663 27 2452 662 27 2453 665 27 2454 664 27 2455 670 269 2456 669 269 2457 668 269 2458 671 269 2459 668 287 2460 672 287 2461 673 287 2462 671 287 2463 672 288 2464 674 288 2465 675 288 2466 673 288 2467 678 272 2468 679 272 2469 676 272 2470 677 272 2471 676 289 2472 679 289 2473 681 289 2474 680 289 2475 680 274 2476 681 274 2477 683 274 2478 682 274 2479 669 290 2480 677 290 2481 676 291 2482 668 292 2483 670 11 2484 678 11 2485 677 11 2486 669 11 2487 671 293 2488 679 294 2489 678 280 2490 670 280 2491 668 292 2492 676 291 2493 680 295 2494 672 296 2495 673 297 2496 681 298 2497 679 294 2498 671 293 2499 674 6 2500 682 6 2501 683 6 2502 675 6 2503 672 296 2504 680 295 2505 682 299 2506 674 299 2507 675 300 2508 683 300 2509 681 298 2510 673 297 2511 685 1 2512 691 1 2513 692 1 2514 686 1 2515 688 0 2516 694 0 2517 695 0 2518 689 0 2519 686 85 2520 692 85 2521 693 85 2522 687 85 2523 684 84 2524 690 84 2525 691 84 2526 685 84 2527 689 87 2528 695 87 2529 690 87 2530 684 87 2531 687 86 2532 693 86 2533 694 86 2534 688 86 2535 690 27 2536 695 27 2537 694 27 2538 693 27 2539 691 27 2540 690 27 2541 693 27 2542 692 27 2543 697 1 2544 703 1 2545 704 1 2546 698 1 2547 700 0 2548 706 0 2549 707 0 2550 701 0 2551 698 81 2552 704 81 2553 705 81 2554 699 81 2555 696 80 2556 702 80 2557 703 80 2558 697 80 2559 701 83 2560 707 83 2561 702 83 2562 696 83 2563 699 82 2564 705 82 2565 706 82 2566 700 82 2567 702 27 2568 707 27 2569 706 27 2570 705 27 2571 703 27 2572 702 27 2573 705 27 2574 704 27 2575 721 6 2576 723 6 2577 711 6 2578 712 6 2579 722 27 2580 715 27 2581 711 27 2582 723 27 2583 708 0 2584 714 0 2585 710 0 2586 713 0 2587 720 12 2588 721 12 2589 712 12 2590 709 12 2591 712 1 2592 711 1 2593 715 1 2594 709 1 2595 728 11 2596 730 11 2597 714 11 2598 708 11 2599 720 11 2600 722 11 2601 718 11 2602 716 11 2603 724 12 2604 725 12 2605 717 12 2606 716 12 2607 726 27 2608 718 27 2609 719 27 2610 727 27 2611 725 6 2612 727 6 2613 719 6 2614 717 6 2615 709 11 2616 715 11 2617 722 11 2618 720 11 2619 716 12 2620 717 12 2621 721 12 2622 720 12 2623 718 27 2624 722 27 2625 723 27 2626 719 27 2627 717 6 2628 719 6 2629 723 6 2630 721 6 2631 729 6 2632 731 6 2633 727 6 2634 725 6 2635 730 27 2636 726 27 2637 727 27 2638 731 27 2639 728 12 2640 729 12 2641 725 12 2642 724 12 2643 716 11 2644 718 11 2645 726 11 2646 724 11 2647 708 12 2648 713 12 2649 729 12 2650 728 12 2651 714 27 2652 730 27 2653 731 27 2654 710 27 2655 713 6 2656 710 6 2657 731 6 2658 729 6 2659 724 11 2660 726 11 2661 730 11 2662 728 11 2663 786 0 2664 744 0 2665 735 0 2666 783 0 2667 812 1 2668 811 1 2669 737 1 2670 746 1 2671 785 12 2672 776 230 2673 740 301 2674 767 12 2675 797 11 2676 746 11 2677 737 11 2678 796 11 2679 769 27 2680 760 27 2681 743 27 2682 801 27 2683 809 6 2684 747 6 2685 739 6 2686 806 6 2687 803 6 2688 748 6 2689 741 6 2690 798 6 2691 813 302 2692 752 303 2693 777 304 2694 787 305 2695 755 11 2696 749 11 2697 742 11 2698 764 11 2699 765 306 2700 759 307 2701 775 308 2702 782 309 2703 767 11 2704 740 11 2705 749 11 2706 755 11 2707 801 6 2708 743 6 2709 748 6 2710 803 6 2711 805 6 2712 738 6 2713 747 6 2714 809 6 2715 795 11 2716 736 11 2717 746 11 2718 797 11 2719 810 1 2720 812 1 2721 746 1 2722 736 1 2723 789 0 2724 732 0 2725 744 0 2726 786 0 2727 780 0 2728 750 0 2729 757 0 2730 773 0 2731 813 1 2732 815 1 2733 756 1 2734 752 1 2735 784 240 2736 792 241 2737 740 301 2738 776 230 2739 804 27 2740 743 27 2741 760 27 2742 768 27 2743 783 27 2744 766 27 2745 759 310 2746 751 311 2747 798 12 2748 741 12 2749 774 12 2750 778 12 2751 815 1 2752 814 1 2753 753 1 2754 756 1 2755 773 0 2756 757 0 2757 751 0 2758 770 0 2759 794 11 2760 797 11 2761 796 11 2762 793 11 2763 740 11 2764 792 11 2765 794 11 2766 749 11 2767 735 27 2768 754 27 2769 766 27 2770 783 27 2771 769 312 2772 765 306 2773 782 309 2774 778 313 2775 732 11 2776 790 11 2777 791 11 2778 744 11 2779 744 11 2780 791 11 2781 754 11 2782 735 11 2783 792 11 2784 795 11 2785 797 11 2786 794 11 2787 749 11 2788 794 11 2789 793 11 2790 742 11 2791 791 11 2792 755 11 2793 764 11 2794 754 11 2795 754 27 2796 764 27 2797 762 27 2798 766 27 2799 734 0 2800 780 0 2801 773 0 2802 745 0 2803 745 0 2804 773 0 2805 770 0 2806 733 0 2807 750 0 2808 789 0 2809 786 0 2810 757 0 2811 757 0 2812 786 0 2813 783 0 2814 751 0 2815 764 27 2816 742 314 2817 758 315 2818 762 27 2819 790 11 2820 767 11 2821 755 11 2822 791 11 2823 751 311 2824 759 310 2825 765 316 2826 770 317 2827 771 27 2828 811 27 2829 753 27 2830 761 27 2831 742 314 2832 793 318 2833 763 319 2834 758 315 2835 793 318 2836 796 27 2837 771 27 2838 763 319 2839 733 6 2840 800 6 2841 802 6 2842 745 6 2843 800 6 2844 801 6 2845 803 6 2846 802 6 2847 745 6 2848 802 6 2849 799 6 2850 734 6 2851 802 6 2852 803 6 2853 798 6 2854 799 6 2855 765 316 2856 769 27 2857 801 27 2858 800 27 2859 770 317 2860 765 316 2861 800 27 2862 733 27 2863 743 6 2864 804 6 2865 808 6 2866 748 6 2867 804 6 2868 805 6 2869 809 6 2870 808 6 2871 748 6 2872 808 6 2873 807 6 2874 741 6 2875 808 6 2876 809 6 2877 806 6 2878 807 6 2879 772 27 2880 805 27 2881 804 27 2882 768 27 2883 772 27 2884 814 27 2885 738 27 2886 805 27 2887 752 1 2888 756 1 2889 812 1 2890 810 1 2891 756 1 2892 753 1 2893 811 1 2894 812 1 2895 796 27 2896 737 27 2897 811 27 2898 771 27 2899 747 1 2900 738 1 2901 814 1 2902 815 1 2903 739 1 2904 747 1 2905 815 1 2906 813 1 2907 761 27 2908 753 27 2909 814 27 2910 772 27 2911 806 12 2912 739 12 2913 813 302 2914 787 305 2915 777 304 2916 752 303 2917 810 12 2918 788 12 2919 741 12 2920 807 12 2921 779 12 2922 774 12 2923 807 12 2924 806 12 2925 787 305 2926 779 12 2927 799 12 2928 798 12 2929 778 12 2930 782 12 2931 780 12 2932 782 12 2933 775 12 2934 750 12 2935 734 12 2936 799 12 2937 782 12 2938 780 12 2939 750 12 2940 775 12 2941 781 12 2942 789 12 2943 781 12 2944 785 12 2945 767 12 2946 790 12 2947 789 12 2948 781 12 2949 790 12 2950 732 12 2951 788 12 2952 795 12 2953 792 241 2954 784 240 2955 810 12 2956 736 12 2957 795 12 2958 788 12 2959 759 307 2960 766 320 2961 781 320 2962 775 308 2963 766 321 2964 762 322 2965 785 323 2966 781 321 2967 762 322 2968 758 256 2969 776 256 2970 785 323 2971 758 324 2972 763 325 2973 784 326 2974 776 324 2975 763 325 2976 771 260 2977 788 260 2978 784 326 2979 771 327 2980 761 328 2981 777 329 2982 788 327 2983 761 328 2984 772 330 2985 787 331 2986 777 329 2987 772 330 2988 768 332 2989 779 332 2990 787 331 2991 768 267 2992 760 267 2993 774 267 2994 779 267 2995 760 333 2996 769 312 2997 778 313 2998 774 333 2999 870 0 3000 867 0 3001 819 0 3002 828 0 3003 896 1 3004 830 1 3005 821 1 3006 895 1 3007 869 334 3008 851 335 3009 824 336 3010 860 337 3011 881 11 3012 880 11 3013 821 11 3014 830 11 3015 853 338 3016 885 339 3017 827 340 3018 844 341 3019 893 6 3020 890 6 3021 823 6 3022 831 6 3023 887 6 3024 882 6 3025 825 6 3026 832 6 3027 897 27 3028 871 27 3029 861 27 3030 836 27 3031 839 11 3032 848 11 3033 826 11 3034 833 11 3035 849 342 3036 866 343 3037 859 344 3038 843 345 3039 851 11 3040 839 11 3041 833 11 3042 824 11 3043 885 6 3044 887 6 3045 832 6 3046 827 6 3047 889 6 3048 893 6 3049 831 6 3050 822 6 3051 879 11 3052 881 11 3053 830 11 3054 820 11 3055 894 1 3056 820 1 3057 830 1 3058 896 1 3059 873 0 3060 870 0 3061 828 0 3062 816 0 3063 864 0 3064 857 0 3065 841 0 3066 834 0 3067 897 1 3068 836 1 3069 840 1 3070 899 1 3071 868 27 3072 860 337 3073 824 336 3074 876 27 3075 888 346 3076 852 347 3077 844 341 3078 827 340 3079 867 348 3080 835 349 3081 843 350 3082 850 351 3083 882 352 3084 862 353 3085 858 354 3086 825 355 3087 899 1 3088 840 1 3089 837 1 3090 898 1 3091 857 0 3092 854 0 3093 835 0 3094 841 0 3095 878 11 3096 877 11 3097 880 11 3098 881 11 3099 824 11 3100 833 11 3101 878 11 3102 876 11 3103 819 12 3104 867 348 3105 850 351 3106 838 12 3107 853 356 3108 862 357 3109 866 343 3110 849 342 3111 816 11 3112 828 11 3113 875 11 3114 874 11 3115 828 11 3116 819 11 3117 838 11 3118 875 11 3119 876 11 3120 878 11 3121 881 11 3122 879 11 3123 833 11 3124 826 11 3125 877 11 3126 878 11 3127 875 11 3128 838 11 3129 848 11 3130 839 11 3131 838 12 3132 850 351 3133 846 358 3134 848 359 3135 818 0 3136 829 0 3137 857 0 3138 864 0 3139 829 0 3140 817 0 3141 854 0 3142 857 0 3143 834 0 3144 841 0 3145 870 0 3146 873 0 3147 841 0 3148 835 0 3149 867 0 3150 870 0 3151 848 359 3152 846 358 3153 842 360 3154 826 361 3155 874 11 3156 875 11 3157 839 11 3158 851 11 3159 835 349 3160 854 362 3161 849 363 3162 843 350 3163 855 12 3164 845 12 3165 837 12 3166 895 12 3167 826 361 3168 842 360 3169 847 12 3170 877 12 3171 877 12 3172 847 12 3173 855 12 3174 880 12 3175 817 6 3176 829 6 3177 886 6 3178 884 6 3179 884 6 3180 886 6 3181 887 6 3182 885 6 3183 829 6 3184 818 6 3185 883 6 3186 886 6 3187 886 6 3188 883 6 3189 882 6 3190 887 6 3191 849 363 3192 884 12 3193 885 339 3194 853 338 3195 854 362 3196 817 12 3197 884 12 3198 849 363 3199 827 6 3200 832 6 3201 892 6 3202 888 6 3203 888 6 3204 892 6 3205 893 6 3206 889 6 3207 832 6 3208 825 6 3209 891 6 3210 892 6 3211 892 6 3212 891 6 3213 890 6 3214 893 6 3215 856 12 3216 852 347 3217 888 346 3218 889 12 3219 856 12 3220 889 12 3221 822 12 3222 898 12 3223 836 1 3224 894 1 3225 896 1 3226 840 1 3227 840 1 3228 896 1 3229 895 1 3230 837 1 3231 880 12 3232 855 12 3233 895 12 3234 821 12 3235 831 1 3236 899 1 3237 898 1 3238 822 1 3239 823 1 3240 897 1 3241 899 1 3242 831 1 3243 845 12 3244 856 12 3245 898 12 3246 837 12 3247 890 27 3248 871 27 3249 897 27 3250 823 27 3251 861 27 3252 872 27 3253 894 27 3254 836 27 3255 825 355 3256 858 354 3257 863 27 3258 891 27 3259 891 27 3260 863 27 3261 871 27 3262 890 27 3263 883 364 3264 866 365 3265 862 353 3266 882 352 3267 864 366 3268 834 367 3269 859 368 3270 866 365 3271 818 27 3272 864 366 3273 866 365 3274 883 364 3275 834 367 3276 873 369 3277 865 370 3278 859 368 3279 865 370 3280 874 27 3281 851 335 3282 869 334 3283 873 369 3284 816 27 3285 874 27 3286 865 370 3287 872 27 3288 868 27 3289 876 27 3290 879 27 3291 894 27 3292 872 27 3293 879 27 3294 820 27 3295 843 345 3296 859 344 3297 865 371 3298 850 371 3299 850 372 3300 865 372 3301 869 373 3302 846 374 3303 846 374 3304 869 373 3305 860 375 3306 842 375 3307 842 376 3308 860 376 3309 868 377 3310 847 378 3311 847 378 3312 868 377 3313 872 379 3314 855 379 3315 855 380 3316 872 380 3317 861 381 3318 845 382 3319 845 382 3320 861 381 3321 871 383 3322 856 384 3323 856 384 3324 871 383 3325 863 385 3326 852 385 3327 852 386 3328 863 386 3329 858 386 3330 844 386 3331 844 387 3332 858 387 3333 862 357 3334 853 356 3335 902 388 3336 903 388 3337 900 388 3338 901 388 3339 900 389 3340 903 389 3341 905 389 3342 904 389 3343 904 390 3344 905 390 3345 907 390 3346 906 390 3347 910 391 3348 909 391 3349 908 391 3350 911 391 3351 908 392 3352 912 392 3353 913 392 3354 911 392 3355 912 393 3356 914 393 3357 915 393 3358 913 393 3359 901 394 3360 900 395 3361 908 396 3362 909 394 3363 902 11 3364 901 11 3365 909 11 3366 910 11 3367 903 397 3368 902 398 3369 910 398 3370 911 399 3371 900 395 3372 904 400 3373 912 401 3374 908 396 3375 905 402 3376 903 397 3377 911 399 3378 913 403 3379 906 6 3380 907 6 3381 915 6 3382 914 6 3383 904 400 3384 906 404 3385 914 404 3386 912 401 3387 907 405 3388 905 402 3389 913 403 3390 915 405 3391 917 1 3392 918 1 3393 924 1 3394 923 1 3395 920 0 3396 921 0 3397 927 0 3398 926 0 3399 918 81 3400 919 81 3401 925 81 3402 924 81 3403 916 80 3404 917 80 3405 923 80 3406 922 80 3407 921 83 3408 916 83 3409 922 83 3410 927 83 3411 919 82 3412 920 82 3413 926 82 3414 925 82 3415 922 12 3416 925 12 3417 926 12 3418 927 12 3419 923 12 3420 924 12 3421 925 12 3422 922 12 3423 929 1 3424 930 1 3425 936 1 3426 935 1 3427 932 0 3428 933 0 3429 939 0 3430 938 0 3431 930 81 3432 931 81 3433 937 81 3434 936 81 3435 928 80 3436 929 80 3437 935 80 3438 934 80 3439 933 83 3440 928 83 3441 934 83 3442 939 83 3443 931 82 3444 932 82 3445 938 82 3446 937 82 3447 934 12 3448 937 12 3449 938 12 3450 939 12 3451 935 12 3452 936 12 3453 937 12 3454 934 12 3455 942 388 3456 943 388 3457 940 388 3458 941 388 3459 940 406 3460 943 406 3461 945 406 3462 944 406 3463 944 407 3464 945 407 3465 947 407 3466 946 407 3467 950 391 3468 949 391 3469 948 391 3470 951 391 3471 948 408 3472 952 408 3473 953 408 3474 951 408 3475 952 393 3476 954 393 3477 955 393 3478 953 393 3479 941 394 3480 940 409 3481 948 410 3482 949 394 3483 942 11 3484 941 11 3485 949 11 3486 950 11 3487 943 411 3488 942 398 3489 950 398 3490 951 412 3491 940 409 3492 944 413 3493 952 414 3494 948 410 3495 945 415 3496 943 411 3497 951 412 3498 953 416 3499 946 6 3500 947 6 3501 955 6 3502 954 6 3503 944 413 3504 946 417 3505 954 417 3506 952 414 3507 947 405 3508 945 415 3509 953 416 3510 955 405 3511 957 1 3512 958 1 3513 964 1 3514 963 1 3515 960 0 3516 961 0 3517 967 0 3518 966 0 3519 958 81 3520 959 81 3521 965 81 3522 964 81 3523 956 80 3524 957 80 3525 963 80 3526 962 80 3527 961 83 3528 956 83 3529 962 83 3530 967 83 3531 959 82 3532 960 82 3533 966 82 3534 965 82 3535 962 12 3536 965 12 3537 966 12 3538 967 12 3539 963 12 3540 964 12 3541 965 12 3542 962 12 3543 969 1 3544 970 1 3545 976 1 3546 975 1 3547 972 0 3548 973 0 3549 979 0 3550 978 0 3551 970 85 3552 971 85 3553 977 85 3554 976 85 3555 968 84 3556 969 84 3557 975 84 3558 974 84 3559 973 87 3560 968 87 3561 974 87 3562 979 87 3563 971 86 3564 972 86 3565 978 86 3566 977 86 3567 974 12 3568 977 12 3569 978 12 3570 979 12 3571 975 12 3572 976 12 3573 977 12 3574 974 12 3575 993 6 3576 984 6 3577 983 6 3578 995 6 3579 994 12 3580 995 12 3581 983 12 3582 987 12 3583 980 0 3584 985 0 3585 982 0 3586 986 0 3587 992 27 3588 981 27 3589 984 27 3590 993 27 3591 984 1 3592 981 1 3593 987 1 3594 983 1 3595 1000 11 3596 980 11 3597 986 11 3598 1002 11 3599 992 11 3600 988 11 3601 990 11 3602 994 11 3603 996 27 3604 988 27 3605 989 27 3606 997 27 3607 998 12 3608 999 12 3609 991 12 3610 990 12 3611 997 6 3612 989 6 3613 991 6 3614 999 6 3615 981 11 3616 992 11 3617 994 11 3618 987 11 3619 988 27 3620 992 27 3621 993 27 3622 989 27 3623 990 12 3624 991 12 3625 995 12 3626 994 12 3627 989 6 3628 993 6 3629 995 6 3630 991 6 3631 1001 6 3632 997 6 3633 999 6 3634 1003 6 3635 1002 12 3636 1003 12 3637 999 12 3638 998 12 3639 1000 27 3640 996 27 3641 997 27 3642 1001 27 3643 988 11 3644 996 11 3645 998 11 3646 990 11 3647 980 27 3648 1000 27 3649 1001 27 3650 985 27 3651 986 12 3652 982 12 3653 1003 12 3654 1002 12 3655 985 6 3656 1001 6 3657 1003 6 3658 982 6 3659 996 11 3660 1000 11 3661 1002 11 3662 998 11 3663 1058 0 3664 1055 0 3665 1007 0 3666 1016 0 3667 1084 1 3668 1018 1 3669 1009 1 3670 1083 1 3671 1057 418 3672 1039 419 3673 1012 420 3674 1048 421 3675 1069 11 3676 1068 11 3677 1009 11 3678 1018 11 3679 1041 338 3680 1073 339 3681 1015 340 3682 1032 341 3683 1081 6 3684 1078 6 3685 1011 6 3686 1019 6 3687 1075 6 3688 1070 6 3689 1013 6 3690 1020 6 3691 1085 27 3692 1059 27 3693 1049 27 3694 1024 27 3695 1027 11 3696 1036 11 3697 1014 11 3698 1021 11 3699 1037 422 3700 1054 423 3701 1047 424 3702 1031 425 3703 1039 11 3704 1027 11 3705 1021 11 3706 1012 11 3707 1073 6 3708 1075 6 3709 1020 6 3710 1015 6 3711 1077 6 3712 1081 6 3713 1019 6 3714 1010 6 3715 1067 11 3716 1069 11 3717 1018 11 3718 1008 11 3719 1082 1 3720 1008 1 3721 1018 1 3722 1084 1 3723 1061 0 3724 1058 0 3725 1016 0 3726 1004 0 3727 1052 0 3728 1045 0 3729 1029 0 3730 1022 0 3731 1085 1 3732 1024 1 3733 1028 1 3734 1087 1 3735 1056 27 3736 1048 421 3737 1012 420 3738 1064 27 3739 1076 346 3740 1040 347 3741 1032 341 3742 1015 340 3743 1055 426 3744 1023 427 3745 1031 428 3746 1038 429 3747 1070 430 3748 1050 431 3749 1046 432 3750 1013 433 3751 1087 1 3752 1028 1 3753 1025 1 3754 1086 1 3755 1045 0 3756 1042 0 3757 1023 0 3758 1029 0 3759 1066 11 3760 1065 11 3761 1068 11 3762 1069 11 3763 1012 11 3764 1021 11 3765 1066 11 3766 1064 11 3767 1007 12 3768 1055 426 3769 1038 429 3770 1026 12 3771 1041 434 3772 1050 435 3773 1054 423 3774 1037 422 3775 1004 11 3776 1016 11 3777 1063 11 3778 1062 11 3779 1016 11 3780 1007 11 3781 1026 11 3782 1063 11 3783 1064 11 3784 1066 11 3785 1069 11 3786 1067 11 3787 1021 11 3788 1014 11 3789 1065 11 3790 1066 11 3791 1063 11 3792 1026 11 3793 1036 11 3794 1027 11 3795 1026 12 3796 1038 429 3797 1034 358 3798 1036 359 3799 1006 0 3800 1017 0 3801 1045 0 3802 1052 0 3803 1017 0 3804 1005 0 3805 1042 0 3806 1045 0 3807 1022 0 3808 1029 0 3809 1058 0 3810 1061 0 3811 1029 0 3812 1023 0 3813 1055 0 3814 1058 0 3815 1036 359 3816 1034 358 3817 1030 360 3818 1014 361 3819 1062 11 3820 1063 11 3821 1027 11 3822 1039 11 3823 1023 427 3824 1042 436 3825 1037 437 3826 1031 428 3827 1043 12 3828 1033 12 3829 1025 12 3830 1083 12 3831 1014 361 3832 1030 360 3833 1035 12 3834 1065 12 3835 1065 12 3836 1035 12 3837 1043 12 3838 1068 12 3839 1005 6 3840 1017 6 3841 1074 6 3842 1072 6 3843 1072 6 3844 1074 6 3845 1075 6 3846 1073 6 3847 1017 6 3848 1006 6 3849 1071 6 3850 1074 6 3851 1074 6 3852 1071 6 3853 1070 6 3854 1075 6 3855 1037 437 3856 1072 12 3857 1073 339 3858 1041 338 3859 1042 436 3860 1005 12 3861 1072 12 3862 1037 437 3863 1015 6 3864 1020 6 3865 1080 6 3866 1076 6 3867 1076 6 3868 1080 6 3869 1081 6 3870 1077 6 3871 1020 6 3872 1013 6 3873 1079 6 3874 1080 6 3875 1080 6 3876 1079 6 3877 1078 6 3878 1081 6 3879 1044 12 3880 1040 347 3881 1076 346 3882 1077 12 3883 1044 12 3884 1077 12 3885 1010 12 3886 1086 12 3887 1024 1 3888 1082 1 3889 1084 1 3890 1028 1 3891 1028 1 3892 1084 1 3893 1083 1 3894 1025 1 3895 1068 12 3896 1043 12 3897 1083 12 3898 1009 12 3899 1019 1 3900 1087 1 3901 1086 1 3902 1010 1 3903 1011 1 3904 1085 1 3905 1087 1 3906 1019 1 3907 1033 12 3908 1044 12 3909 1086 12 3910 1025 12 3911 1078 27 3912 1059 27 3913 1085 27 3914 1011 27 3915 1049 27 3916 1060 27 3917 1082 27 3918 1024 27 3919 1013 433 3920 1046 432 3921 1051 27 3922 1079 27 3923 1079 27 3924 1051 27 3925 1059 27 3926 1078 27 3927 1071 438 3928 1054 365 3929 1050 431 3930 1070 430 3931 1052 439 3932 1022 440 3933 1047 441 3934 1054 365 3935 1006 27 3936 1052 439 3937 1054 365 3938 1071 438 3939 1022 440 3940 1061 442 3941 1053 443 3942 1047 441 3943 1053 443 3944 1062 27 3945 1039 419 3946 1057 418 3947 1061 442 3948 1004 27 3949 1062 27 3950 1053 443 3951 1060 27 3952 1056 27 3953 1064 27 3954 1067 27 3955 1082 27 3956 1060 27 3957 1067 27 3958 1008 27 3959 1031 425 3960 1047 424 3961 1053 444 3962 1038 444 3963 1038 445 3964 1053 445 3965 1057 446 3966 1034 447 3967 1034 447 3968 1057 446 3969 1048 448 3970 1030 448 3971 1030 449 3972 1048 449 3973 1056 450 3974 1035 451 3975 1035 451 3976 1056 450 3977 1060 379 3978 1043 379 3979 1043 452 3980 1060 452 3981 1049 453 3982 1033 454 3983 1033 454 3984 1049 453 3985 1059 455 3986 1044 456 3987 1044 456 3988 1059 455 3989 1051 457 3990 1040 457 3991 1040 458 3992 1051 458 3993 1046 458 3994 1032 458 3995 1032 459 3996 1046 459 3997 1050 435 3998 1041 434 3999</p>
        </polylist>
      </mesh>
    </geometry>
    <geometry id="Cargo_Container_Rings_Mesh-mesh" name="Cargo_Container_Rings_Mesh">
      <mesh>
        <source id="Cargo_Container_Rings_Mesh-mesh-positions">
          <float_array id="Cargo_Container_Rings_Mesh-mesh-positions-array" count="2592">3.1 -0.5359202 0.04999989 3.1 -0.5779202 0.04999989 3.104097 -0.5775167 0.04999989 3.108036 -0.5763217 0.04999989 3.111667 -0.5743811 0.04999989 3.11485 -0.5717694 0.04999989 3.117461 -0.5685871 0.04999989 3.119402 -0.5649566 0.04999989 3.120597 -0.5610171 0.04999989 3.121 -0.5569202 0.04999989 3.120597 -0.5528233 0.04999989 3.119402 -0.5488838 0.04999989 3.117461 -0.5452532 0.04999989 3.11485 -0.5420709 0.04999989 3.111667 -0.5394593 0.04999989 3.108036 -0.5375187 0.04999989 3.104097 -0.5363237 0.04999989 2.999995 -0.5359202 0.04999989 2.999995 -0.5779202 0.04999989 3.1 -0.5359202 0.0999999 3.1 -0.5779202 0.0999999 3.104097 -0.5775167 0.0999999 3.108036 -0.5763217 0.0999999 3.111667 -0.5743811 0.0999999 3.11485 -0.5717694 0.0999999 3.117461 -0.5685871 0.0999999 3.119402 -0.5649566 0.0999999 3.120597 -0.5610171 0.0999999 3.121 -0.5569202 0.0999999 3.120597 -0.5528233 0.0999999 3.119402 -0.5488838 0.0999999 3.117461 -0.5452532 0.0999999 3.11485 -0.5420709 0.0999999 3.111667 -0.5394593 0.0999999 3.108036 -0.5375187 0.0999999 3.104097 -0.5363237 0.0999999 2.999995 -0.5359202 0.0999999 2.999995 -0.5779202 0.0999999 2.999995 -0.6279202 0.04999989 2.999995 -0.6279202 0.0999999 2.999995 -0.4859202 0.04999989 2.999995 -0.4859202 0.0999999 3.100099 -0.5339226 0.04999989 3.100099 -0.5799178 0.04999989 3.104487 -0.5794782 0.04999989 3.108802 -0.5781694 0.04999989 3.112778 -0.576044 0.04999989 3.116264 -0.5731836 0.04999989 3.119124 -0.5696983 0.04999989 3.12125 -0.5657219 0.04999989 3.122558 -0.5614073 0.04999989 3.123 -0.5569202 0.04999989 3.122558 -0.5524331 0.04999989 3.12125 -0.5481185 0.04999989 3.119124 -0.5441421 0.04999989 3.116264 -0.5406568 0.04999989 3.112778 -0.5377964 0.04999989 3.108802 -0.5356709 0.04999989 3.104487 -0.5343621 0.04999989 3.001702 -0.534506 0.04999989 3.001702 -0.5793344 0.04999989 3.100099 -0.5339226 0.0999999 3.100099 -0.5799178 0.0999999 3.104487 -0.5794782 0.0999999 3.108802 -0.5781694 0.0999999 3.112778 -0.576044 0.0999999 3.116264 -0.5731836 0.0999999 3.119124 -0.5696983 0.0999999 3.12125 -0.5657219 0.0999999 3.122558 -0.5614073 0.0999999 3.123 -0.5569202 0.0999999 3.122558 -0.5524331 0.0999999 3.12125 -0.5481185 0.0999999 3.119124 -0.5441421 0.0999999 3.116264 -0.5406568 0.0999999 3.112778 -0.5377964 0.0999999 3.108802 -0.5356709 0.0999999 3.104487 -0.5343621 0.0999999 3.001702 -0.534506 0.0999999 3.001702 -0.5793344 0.0999999 3.001702 -0.6279202 0.04999989 3.001702 -0.6279202 0.0999999 3.001702 -0.4859202 0.04999989 3.001702 -0.4859202 0.0999999 3.001702 -0.5886273 0.07499986 3.001702 -0.5961273 0.08799028 3.001702 -0.6111273 0.08799028 3.001702 -0.6186273 0.07499986 3.001702 -0.6111273 0.06200951 3.001702 -0.5961273 0.06200951 3.004702 -0.5886273 0.07499986 3.004702 -0.5961273 0.08799028 3.004702 -0.6111273 0.08799028 3.004702 -0.6186273 0.07499986 3.004702 -0.6111273 0.06200951 3.004702 -0.5961273 0.06200951 3.001702 -0.4952131 0.07499986 3.001702 -0.5027131 0.08799028 3.001702 -0.5177131 0.08799028 3.001702 -0.5252131 0.07499986 3.001702 -0.5177131 0.06200951 3.001702 -0.5027131 0.06200951 3.004702 -0.4952131 0.07499986 3.004702 -0.5027131 0.08799028 3.004702 -0.5177131 0.08799028 3.004702 -0.5252131 0.07499986 3.004702 -0.5177131 0.06200951 3.004702 -0.5027131 0.06200951 3.1 -0.1645202 0.04999989 3.1 -0.2065201 0.04999989 3.104097 -0.2061167 0.04999989 3.108036 -0.2049216 0.04999989 3.111667 -0.202981 0.04999989 3.11485 -0.2003694 0.04999989 3.117461 -0.1971871 0.04999989 3.119402 -0.1935565 0.04999989 3.120597 -0.189617 0.04999989 3.121 -0.1855202 0.04999989 3.120597 -0.1814233 0.04999989 3.119402 -0.1774838 0.04999989 3.117461 -0.1738532 0.04999989 3.11485 -0.1706709 0.04999989 3.111667 -0.1680593 0.04999989 3.108036 -0.1661187 0.04999989 3.104097 -0.1649237 0.04999989 2.999995 -0.1645202 0.04999989 2.999995 -0.2065201 0.04999989 3.1 -0.1645202 0.0999999 3.1 -0.2065201 0.0999999 3.104097 -0.2061167 0.0999999 3.108036 -0.2049216 0.0999999 3.111667 -0.202981 0.0999999 3.11485 -0.2003694 0.0999999 3.117461 -0.1971871 0.0999999 3.119402 -0.1935565 0.0999999 3.120597 -0.189617 0.0999999 3.121 -0.1855202 0.0999999 3.120597 -0.1814233 0.0999999 3.119402 -0.1774838 0.0999999 3.117461 -0.1738532 0.0999999 3.11485 -0.1706709 0.0999999 3.111667 -0.1680593 0.0999999 3.108036 -0.1661187 0.0999999 3.104097 -0.1649237 0.0999999 2.999995 -0.1645202 0.0999999 2.999995 -0.2065201 0.0999999 2.999995 -0.2565202 0.04999989 2.999995 -0.2565202 0.0999999 2.999995 -0.1145202 0.04999989 2.999995 -0.1145202 0.0999999 3.100099 -0.1625226 0.04999989 3.100099 -0.2085177 0.04999989 3.104487 -0.2080782 0.04999989 3.108802 -0.2067694 0.04999989 3.112778 -0.204644 0.04999989 3.116264 -0.2017836 0.04999989 3.119124 -0.1982983 0.04999989 3.12125 -0.1943219 0.04999989 3.122558 -0.1900072 0.04999989 3.123 -0.1855202 0.04999989 3.122558 -0.1810331 0.04999989 3.12125 -0.1767184 0.04999989 3.119124 -0.1727421 0.04999989 3.116264 -0.1692567 0.04999989 3.112778 -0.1663964 0.04999989 3.108802 -0.1642709 0.04999989 3.104487 -0.1629621 0.04999989 3.001702 -0.163106 0.04999989 3.001702 -0.2079344 0.04999989 3.100099 -0.1625226 0.0999999 3.100099 -0.2085177 0.0999999 3.104487 -0.2080782 0.0999999 3.108802 -0.2067694 0.0999999 3.112778 -0.204644 0.0999999 3.116264 -0.2017836 0.0999999 3.119124 -0.1982983 0.0999999 3.12125 -0.1943219 0.0999999 3.122558 -0.1900072 0.0999999 3.123 -0.1855202 0.0999999 3.122558 -0.1810331 0.0999999 3.12125 -0.1767184 0.0999999 3.119124 -0.1727421 0.0999999 3.116264 -0.1692567 0.0999999 3.112778 -0.1663964 0.0999999 3.108802 -0.1642709 0.0999999 3.104487 -0.1629621 0.0999999 3.001702 -0.163106 0.0999999 3.001702 -0.2079344 0.0999999 3.001702 -0.2565202 0.04999989 3.001702 -0.2565202 0.0999999 3.001702 -0.1145202 0.04999989 3.001702 -0.1145202 0.0999999 3.001702 -0.2172273 0.07499986 3.001702 -0.2247273 0.08799028 3.001702 -0.2397273 0.08799028 3.001702 -0.2472273 0.07499986 3.001702 -0.2397273 0.06200951 3.001702 -0.2247273 0.06200951 3.004702 -0.2172273 0.07499986 3.004702 -0.2247273 0.08799028 3.004702 -0.2397273 0.08799028 3.004702 -0.2472273 0.07499986 3.004702 -0.2397273 0.06200951 3.004702 -0.2247273 0.06200951 3.001702 -0.1238131 0.07499986 3.001702 -0.1313131 0.08799028 3.001702 -0.1463131 0.08799028 3.001702 -0.1538131 0.07499986 3.001702 -0.1463131 0.06200951 3.001702 -0.1313131 0.06200951 3.004702 -0.1238131 0.07499986 3.004702 -0.1313131 0.08799028 3.004702 -0.1463131 0.08799028 3.004702 -0.1538131 0.07499986 3.004702 -0.1463131 0.06200951 3.004702 -0.1313131 0.06200951 3.1 0.2068798 0.04999989 3.1 0.1648797 0.04999989 3.104097 0.1652833 0.04999989 3.108036 0.1664783 0.04999989 3.111667 0.168419 0.04999989 3.11485 0.1710305 0.04999989 3.117461 0.1742128 0.04999989 3.119402 0.1778434 0.04999989 3.120597 0.1817829 0.04999989 3.121 0.1858798 0.04999989 3.120597 0.1899766 0.04999989 3.119402 0.1939162 0.04999989 3.117461 0.1975468 0.04999989 3.11485 0.200729 0.04999989 3.111667 0.2033406 0.04999989 3.108036 0.2052812 0.04999989 3.104097 0.2064763 0.04999989 2.999995 0.2068798 0.04999989 2.999995 0.1648797 0.04999989 3.1 0.2068798 0.0999999 3.1 0.1648797 0.0999999 3.104097 0.1652833 0.0999999 3.108036 0.1664783 0.0999999 3.111667 0.168419 0.0999999 3.11485 0.1710305 0.0999999 3.117461 0.1742128 0.0999999 3.119402 0.1778434 0.0999999 3.120597 0.1817829 0.0999999 3.121 0.1858798 0.0999999 3.120597 0.1899766 0.0999999 3.119402 0.1939162 0.0999999 3.117461 0.1975468 0.0999999 3.11485 0.200729 0.0999999 3.111667 0.2033406 0.0999999 3.108036 0.2052812 0.0999999 3.104097 0.2064763 0.0999999 2.999995 0.2068798 0.0999999 2.999995 0.1648797 0.0999999 2.999995 0.1148798 0.04999989 2.999995 0.1148798 0.0999999 2.999995 0.2568798 0.04999989 2.999995 0.2568798 0.0999999 3.100099 0.2088774 0.04999989 3.100099 0.1628822 0.04999989 3.104487 0.1633217 0.04999989 3.108802 0.1646305 0.04999989 3.112778 0.166756 0.04999989 3.116264 0.1696163 0.04999989 3.119124 0.1731017 0.04999989 3.12125 0.1770781 0.04999989 3.122558 0.1813927 0.04999989 3.123 0.1858798 0.04999989 3.122558 0.1903668 0.04999989 3.12125 0.1946815 0.04999989 3.119124 0.1986579 0.04999989 3.116264 0.2021433 0.04999989 3.112778 0.2050036 0.04999989 3.108802 0.207129 0.04999989 3.104487 0.2084379 0.04999989 3.001702 0.208294 0.04999989 3.001702 0.1634656 0.04999989 3.100099 0.2088774 0.0999999 3.100099 0.1628822 0.0999999 3.104487 0.1633217 0.0999999 3.108802 0.1646305 0.0999999 3.112778 0.166756 0.0999999 3.116264 0.1696163 0.0999999 3.119124 0.1731017 0.0999999 3.12125 0.1770781 0.0999999 3.122558 0.1813927 0.0999999 3.123 0.1858798 0.0999999 3.122558 0.1903668 0.0999999 3.12125 0.1946815 0.0999999 3.119124 0.1986579 0.0999999 3.116264 0.2021433 0.0999999 3.112778 0.2050036 0.0999999 3.108802 0.207129 0.0999999 3.104487 0.2084379 0.0999999 3.001702 0.208294 0.0999999 3.001702 0.1634656 0.0999999 3.001702 0.1148798 0.04999989 3.001702 0.1148798 0.0999999 3.001702 0.2568798 0.04999989 3.001702 0.2568798 0.0999999 3.001702 0.1541727 0.07499986 3.001702 0.1466727 0.08799028 3.001702 0.1316727 0.08799028 3.001702 0.1241727 0.07499986 3.001702 0.1316727 0.06200951 3.001702 0.1466727 0.06200951 3.004702 0.1541727 0.07499986 3.004702 0.1466727 0.08799028 3.004702 0.1316727 0.08799028 3.004702 0.1241727 0.07499986 3.004702 0.1316727 0.06200951 3.004702 0.1466727 0.06200951 3.001702 0.2475869 0.07499986 3.001702 0.2400869 0.08799028 3.001702 0.2250869 0.08799028 3.001702 0.2175869 0.07499986 3.001702 0.2250869 0.06200951 3.001702 0.2400869 0.06200951 3.004702 0.2475869 0.07499986 3.004702 0.2400869 0.08799028 3.004702 0.2250869 0.08799028 3.004702 0.2175869 0.07499986 3.004702 0.2250869 0.06200951 3.004702 0.2400869 0.06200951 3.1 0.5782398 0.04999989 3.1 0.5362398 0.04999989 3.104097 0.5366434 0.04999989 3.108036 0.5378383 0.04999989 3.111667 0.5397791 0.04999989 3.11485 0.5423906 0.04999989 3.117461 0.5455729 0.04999989 3.119402 0.5492035 0.04999989 3.120597 0.5531429 0.04999989 3.121 0.5572399 0.04999989 3.120597 0.5613366 0.04999989 3.119402 0.5652763 0.04999989 3.117461 0.5689069 0.04999989 3.11485 0.5720891 0.04999989 3.111667 0.5747007 0.04999989 3.108036 0.5766412 0.04999989 3.104097 0.5778364 0.04999989 2.999995 0.5782398 0.04999989 2.999995 0.5362398 0.04999989 3.1 0.5782398 0.0999999 3.1 0.5362398 0.0999999 3.104097 0.5366434 0.0999999 3.108036 0.5378383 0.0999999 3.111667 0.5397791 0.0999999 3.11485 0.5423906 0.0999999 3.117461 0.5455729 0.0999999 3.119402 0.5492035 0.0999999 3.120597 0.5531429 0.0999999 3.121 0.5572399 0.0999999 3.120597 0.5613366 0.0999999 3.119402 0.5652763 0.0999999 3.117461 0.5689069 0.0999999 3.11485 0.5720891 0.0999999 3.111667 0.5747007 0.0999999 3.108036 0.5766412 0.0999999 3.104097 0.5778364 0.0999999 2.999995 0.5782398 0.0999999 2.999995 0.5362398 0.0999999 2.999995 0.4862398 0.04999989 2.999995 0.4862398 0.0999999 2.999995 0.6282398 0.04999989 2.999995 0.6282398 0.0999999 3.100099 0.5802375 0.04999989 3.100099 0.5342423 0.04999989 3.104487 0.5346817 0.04999989 3.108802 0.5359906 0.04999989 3.112778 0.5381161 0.04999989 3.116264 0.5409764 0.04999989 3.119124 0.5444617 0.04999989 3.12125 0.5484382 0.04999989 3.122558 0.5527529 0.04999989 3.123 0.5572399 0.04999989 3.122558 0.5617269 0.04999989 3.12125 0.5660416 0.04999989 3.119124 0.5700179 0.04999989 3.116264 0.5735034 0.04999989 3.112778 0.5763637 0.04999989 3.108802 0.5784891 0.04999989 3.104487 0.5797979 0.04999989 3.001702 0.5796541 0.04999989 3.001702 0.5348257 0.04999989 3.100099 0.5802375 0.0999999 3.100099 0.5342423 0.0999999 3.104487 0.5346817 0.0999999 3.108802 0.5359906 0.0999999 3.112778 0.5381161 0.0999999 3.116264 0.5409764 0.0999999 3.119124 0.5444617 0.0999999 3.12125 0.5484382 0.0999999 3.122558 0.5527529 0.0999999 3.123 0.5572399 0.0999999 3.122558 0.5617269 0.0999999 3.12125 0.5660416 0.0999999 3.119124 0.5700179 0.0999999 3.116264 0.5735034 0.0999999 3.112778 0.5763637 0.0999999 3.108802 0.5784891 0.0999999 3.104487 0.5797979 0.0999999 3.001702 0.5796541 0.0999999 3.001702 0.5348257 0.0999999 3.001702 0.4862398 0.04999989 3.001702 0.4862398 0.0999999 3.001702 0.6282398 0.04999989 3.001702 0.6282398 0.0999999 3.001702 0.5255327 0.07499986 3.001702 0.5180327 0.08799028 3.001702 0.5030328 0.08799028 3.001702 0.4955328 0.07499986 3.001702 0.5030328 0.06200951 3.001702 0.5180327 0.06200951 3.004702 0.5255327 0.07499986 3.004702 0.5180327 0.08799028 3.004702 0.5030328 0.08799028 3.004702 0.4955328 0.07499986 3.004702 0.5030328 0.06200951 3.004702 0.5180327 0.06200951 3.001702 0.6189469 0.07499986 3.001702 0.611447 0.08799028 3.001702 0.5964469 0.08799028 3.001702 0.5889469 0.07499986 3.001702 0.5964469 0.06200951 3.001702 0.611447 0.06200951 3.004702 0.6189469 0.07499986 3.004702 0.611447 0.08799028 3.004702 0.5964469 0.08799028 3.004702 0.5889469 0.07499986 3.004702 0.5964469 0.06200951 3.004702 0.611447 0.06200951 -3.099999 -0.5359202 0.04999989 -3.099999 -0.5779202 0.04999989 -3.104096 -0.5775167 0.04999989 -3.108036 -0.5763217 0.04999989 -3.111666 -0.5743811 0.04999989 -3.114849 -0.5717694 0.04999989 -3.11746 -0.5685871 0.04999989 -3.119401 -0.5649566 0.04999989 -3.120596 -0.5610171 0.04999989 -3.120999 -0.5569202 0.04999989 -3.120596 -0.5528233 0.04999989 -3.119401 -0.5488838 0.04999989 -3.11746 -0.5452532 0.04999989 -3.114849 -0.5420709 0.04999989 -3.111666 -0.5394593 0.04999989 -3.108036 -0.5375187 0.04999989 -3.104096 -0.5363237 0.04999989 -2.999994 -0.5359202 0.04999989 -2.999994 -0.5779202 0.04999989 -3.099999 -0.5359202 0.0999999 -3.099999 -0.5779202 0.0999999 -3.104096 -0.5775167 0.0999999 -3.108036 -0.5763217 0.0999999 -3.111666 -0.5743811 0.0999999 -3.114849 -0.5717694 0.0999999 -3.11746 -0.5685871 0.0999999 -3.119401 -0.5649566 0.0999999 -3.120596 -0.5610171 0.0999999 -3.120999 -0.5569202 0.0999999 -3.120596 -0.5528233 0.0999999 -3.119401 -0.5488838 0.0999999 -3.11746 -0.5452532 0.0999999 -3.114849 -0.5420709 0.0999999 -3.111666 -0.5394593 0.0999999 -3.108036 -0.5375187 0.0999999 -3.104096 -0.5363237 0.0999999 -2.999994 -0.5359202 0.0999999 -2.999994 -0.5779202 0.0999999 -2.999994 -0.6279202 0.04999989 -2.999994 -0.6279202 0.0999999 -2.999994 -0.4859202 0.04999989 -2.999994 -0.4859202 0.0999999 -3.100098 -0.5339226 0.04999989 -3.100098 -0.5799178 0.04999989 -3.104486 -0.5794782 0.04999989 -3.108801 -0.5781694 0.04999989 -3.112778 -0.576044 0.04999989 -3.116263 -0.5731836 0.04999989 -3.119123 -0.5696983 0.04999989 -3.121249 -0.5657219 0.04999989 -3.122558 -0.5614073 0.04999989 -3.122999 -0.5569202 0.04999989 -3.122558 -0.5524331 0.04999989 -3.121249 -0.5481185 0.04999989 -3.119123 -0.5441421 0.04999989 -3.116263 -0.5406568 0.04999989 -3.112778 -0.5377964 0.04999989 -3.108801 -0.5356709 0.04999989 -3.104486 -0.5343621 0.04999989 -3.001701 -0.534506 0.04999989 -3.001701 -0.5793344 0.04999989 -3.100098 -0.5339226 0.0999999 -3.100098 -0.5799178 0.0999999 -3.104486 -0.5794782 0.0999999 -3.108801 -0.5781694 0.0999999 -3.112778 -0.576044 0.0999999 -3.116263 -0.5731836 0.0999999 -3.119123 -0.5696983 0.0999999 -3.121249 -0.5657219 0.0999999 -3.122558 -0.5614073 0.0999999 -3.122999 -0.5569202 0.0999999 -3.122558 -0.5524331 0.0999999 -3.121249 -0.5481185 0.0999999 -3.119123 -0.5441421 0.0999999 -3.116263 -0.5406568 0.0999999 -3.112778 -0.5377964 0.0999999 -3.108801 -0.5356709 0.0999999 -3.104486 -0.5343621 0.0999999 -3.001701 -0.534506 0.0999999 -3.001701 -0.5793344 0.0999999 -3.001701 -0.6279202 0.04999989 -3.001701 -0.6279202 0.0999999 -3.001701 -0.4859202 0.04999989 -3.001701 -0.4859202 0.0999999 -3.001701 -0.5886273 0.07499986 -3.001701 -0.5961273 0.08799028 -3.001701 -0.6111273 0.08799028 -3.001701 -0.6186273 0.07499986 -3.001701 -0.6111273 0.06200951 -3.001701 -0.5961273 0.06200951 -3.004701 -0.5886273 0.07499986 -3.004701 -0.5961273 0.08799028 -3.004701 -0.6111273 0.08799028 -3.004701 -0.6186273 0.07499986 -3.004701 -0.6111273 0.06200951 -3.004701 -0.5961273 0.06200951 -3.001701 -0.4952131 0.07499986 -3.001701 -0.5027131 0.08799028 -3.001701 -0.5177131 0.08799028 -3.001701 -0.5252131 0.07499986 -3.001701 -0.5177131 0.06200951 -3.001701 -0.5027131 0.06200951 -3.004701 -0.4952131 0.07499986 -3.004701 -0.5027131 0.08799028 -3.004701 -0.5177131 0.08799028 -3.004701 -0.5252131 0.07499986 -3.004701 -0.5177131 0.06200951 -3.004701 -0.5027131 0.06200951 -3.099999 -0.1645202 0.04999989 -3.099999 -0.2065201 0.04999989 -3.104096 -0.2061167 0.04999989 -3.108036 -0.2049216 0.04999989 -3.111666 -0.202981 0.04999989 -3.114849 -0.2003694 0.04999989 -3.11746 -0.1971871 0.04999989 -3.119401 -0.1935565 0.04999989 -3.120596 -0.189617 0.04999989 -3.120999 -0.1855202 0.04999989 -3.120596 -0.1814233 0.04999989 -3.119401 -0.1774838 0.04999989 -3.11746 -0.1738532 0.04999989 -3.114849 -0.1706709 0.04999989 -3.111666 -0.1680593 0.04999989 -3.108036 -0.1661187 0.04999989 -3.104096 -0.1649237 0.04999989 -2.999994 -0.1645202 0.04999989 -2.999994 -0.2065201 0.04999989 -3.099999 -0.1645202 0.0999999 -3.099999 -0.2065201 0.0999999 -3.104096 -0.2061167 0.0999999 -3.108036 -0.2049216 0.0999999 -3.111666 -0.202981 0.0999999 -3.114849 -0.2003694 0.0999999 -3.11746 -0.1971871 0.0999999 -3.119401 -0.1935565 0.0999999 -3.120596 -0.189617 0.0999999 -3.120999 -0.1855202 0.0999999 -3.120596 -0.1814233 0.0999999 -3.119401 -0.1774838 0.0999999 -3.11746 -0.1738532 0.0999999 -3.114849 -0.1706709 0.0999999 -3.111666 -0.1680593 0.0999999 -3.108036 -0.1661187 0.0999999 -3.104096 -0.1649237 0.0999999 -2.999994 -0.1645202 0.0999999 -2.999994 -0.2065201 0.0999999 -2.999994 -0.2565202 0.04999989 -2.999994 -0.2565202 0.0999999 -2.999994 -0.1145202 0.04999989 -2.999994 -0.1145202 0.0999999 -3.100098 -0.1625226 0.04999989 -3.100098 -0.2085177 0.04999989 -3.104486 -0.2080782 0.04999989 -3.108801 -0.2067694 0.04999989 -3.112778 -0.204644 0.04999989 -3.116263 -0.2017836 0.04999989 -3.119123 -0.1982983 0.04999989 -3.121249 -0.1943219 0.04999989 -3.122558 -0.1900072 0.04999989 -3.122999 -0.1855202 0.04999989 -3.122558 -0.1810331 0.04999989 -3.121249 -0.1767184 0.04999989 -3.119123 -0.1727421 0.04999989 -3.116263 -0.1692567 0.04999989 -3.112778 -0.1663964 0.04999989 -3.108801 -0.1642709 0.04999989 -3.104486 -0.1629621 0.04999989 -3.001701 -0.163106 0.04999989 -3.001701 -0.2079344 0.04999989 -3.100098 -0.1625226 0.0999999 -3.100098 -0.2085177 0.0999999 -3.104486 -0.2080782 0.0999999 -3.108801 -0.2067694 0.0999999 -3.112778 -0.204644 0.0999999 -3.116263 -0.2017836 0.0999999 -3.119123 -0.1982983 0.0999999 -3.121249 -0.1943219 0.0999999 -3.122558 -0.1900072 0.0999999 -3.122999 -0.1855202 0.0999999 -3.122558 -0.1810331 0.0999999 -3.121249 -0.1767184 0.0999999 -3.119123 -0.1727421 0.0999999 -3.116263 -0.1692567 0.0999999 -3.112778 -0.1663964 0.0999999 -3.108801 -0.1642709 0.0999999 -3.104486 -0.1629621 0.0999999 -3.001701 -0.163106 0.0999999 -3.001701 -0.2079344 0.0999999 -3.001701 -0.2565202 0.04999989 -3.001701 -0.2565202 0.0999999 -3.001701 -0.1145202 0.04999989 -3.001701 -0.1145202 0.0999999 -3.001701 -0.2172273 0.07499986 -3.001701 -0.2247273 0.08799028 -3.001701 -0.2397273 0.08799028 -3.001701 -0.2472273 0.07499986 -3.001701 -0.2397273 0.06200951 -3.001701 -0.2247273 0.06200951 -3.004701 -0.2172273 0.07499986 -3.004701 -0.2247273 0.08799028 -3.004701 -0.2397273 0.08799028 -3.004701 -0.2472273 0.07499986 -3.004701 -0.2397273 0.06200951 -3.004701 -0.2247273 0.06200951 -3.001701 -0.1238131 0.07499986 -3.001701 -0.1313131 0.08799028 -3.001701 -0.1463131 0.08799028 -3.001701 -0.1538131 0.07499986 -3.001701 -0.1463131 0.06200951 -3.001701 -0.1313131 0.06200951 -3.004701 -0.1238131 0.07499986 -3.004701 -0.1313131 0.08799028 -3.004701 -0.1463131 0.08799028 -3.004701 -0.1538131 0.07499986 -3.004701 -0.1463131 0.06200951 -3.004701 -0.1313131 0.06200951 -3.099999 0.2068798 0.04999989 -3.099999 0.1648797 0.04999989 -3.104096 0.1652833 0.04999989 -3.108036 0.1664783 0.04999989 -3.111666 0.168419 0.04999989 -3.114849 0.1710305 0.04999989 -3.11746 0.1742128 0.04999989 -3.119401 0.1778434 0.04999989 -3.120596 0.1817829 0.04999989 -3.120999 0.1858798 0.04999989 -3.120596 0.1899766 0.04999989 -3.119401 0.1939162 0.04999989 -3.11746 0.1975468 0.04999989 -3.114849 0.200729 0.04999989 -3.111666 0.2033406 0.04999989 -3.108036 0.2052812 0.04999989 -3.104096 0.2064763 0.04999989 -2.999994 0.2068798 0.04999989 -2.999994 0.1648797 0.04999989 -3.099999 0.2068798 0.0999999 -3.099999 0.1648797 0.0999999 -3.104096 0.1652833 0.0999999 -3.108036 0.1664783 0.0999999 -3.111666 0.168419 0.0999999 -3.114849 0.1710305 0.0999999 -3.11746 0.1742128 0.0999999 -3.119401 0.1778434 0.0999999 -3.120596 0.1817829 0.0999999 -3.120999 0.1858798 0.0999999 -3.120596 0.1899766 0.0999999 -3.119401 0.1939162 0.0999999 -3.11746 0.1975468 0.0999999 -3.114849 0.200729 0.0999999 -3.111666 0.2033406 0.0999999 -3.108036 0.2052812 0.0999999 -3.104096 0.2064763 0.0999999 -2.999994 0.2068798 0.0999999 -2.999994 0.1648797 0.0999999 -2.999994 0.1148798 0.04999989 -2.999994 0.1148798 0.0999999 -2.999994 0.2568798 0.04999989 -2.999994 0.2568798 0.0999999 -3.100098 0.2088774 0.04999989 -3.100098 0.1628822 0.04999989 -3.104486 0.1633217 0.04999989 -3.108801 0.1646305 0.04999989 -3.112778 0.166756 0.04999989 -3.116263 0.1696163 0.04999989 -3.119123 0.1731017 0.04999989 -3.121249 0.1770781 0.04999989 -3.122558 0.1813927 0.04999989 -3.122999 0.1858798 0.04999989 -3.122558 0.1903668 0.04999989 -3.121249 0.1946815 0.04999989 -3.119123 0.1986579 0.04999989 -3.116263 0.2021433 0.04999989 -3.112778 0.2050036 0.04999989 -3.108801 0.207129 0.04999989 -3.104486 0.2084379 0.04999989 -3.001701 0.208294 0.04999989 -3.001701 0.1634656 0.04999989 -3.100098 0.2088774 0.0999999 -3.100098 0.1628822 0.0999999 -3.104486 0.1633217 0.0999999 -3.108801 0.1646305 0.0999999 -3.112778 0.166756 0.0999999 -3.116263 0.1696163 0.0999999 -3.119123 0.1731017 0.0999999 -3.121249 0.1770781 0.0999999 -3.122558 0.1813927 0.0999999 -3.122999 0.1858798 0.0999999 -3.122558 0.1903668 0.0999999 -3.121249 0.1946815 0.0999999 -3.119123 0.1986579 0.0999999 -3.116263 0.2021433 0.0999999 -3.112778 0.2050036 0.0999999 -3.108801 0.207129 0.0999999 -3.104486 0.2084379 0.0999999 -3.001701 0.208294 0.0999999 -3.001701 0.1634656 0.0999999 -3.001701 0.1148798 0.04999989 -3.001701 0.1148798 0.0999999 -3.001701 0.2568798 0.04999989 -3.001701 0.2568798 0.0999999 -3.001701 0.1541727 0.07499986 -3.001701 0.1466727 0.08799028 -3.001701 0.1316727 0.08799028 -3.001701 0.1241727 0.07499986 -3.001701 0.1316727 0.06200951 -3.001701 0.1466727 0.06200951 -3.004701 0.1541727 0.07499986 -3.004701 0.1466727 0.08799028 -3.004701 0.1316727 0.08799028 -3.004701 0.1241727 0.07499986 -3.004701 0.1316727 0.06200951 -3.004701 0.1466727 0.06200951 -3.001701 0.2475869 0.07499986 -3.001701 0.2400869 0.08799028 -3.001701 0.2250869 0.08799028 -3.001701 0.2175869 0.07499986 -3.001701 0.2250869 0.06200951 -3.001701 0.2400869 0.06200951 -3.004701 0.2475869 0.07499986 -3.004701 0.2400869 0.08799028 -3.004701 0.2250869 0.08799028 -3.004701 0.2175869 0.07499986 -3.004701 0.2250869 0.06200951 -3.004701 0.2400869 0.06200951 -3.099999 0.5782398 0.04999989 -3.099999 0.5362398 0.04999989 -3.104096 0.5366434 0.04999989 -3.108036 0.5378383 0.04999989 -3.111666 0.5397791 0.04999989 -3.114849 0.5423906 0.04999989 -3.11746 0.5455729 0.04999989 -3.119401 0.5492035 0.04999989 -3.120596 0.5531429 0.04999989 -3.120999 0.5572399 0.04999989 -3.120596 0.5613366 0.04999989 -3.119401 0.5652763 0.04999989 -3.11746 0.5689069 0.04999989 -3.114849 0.5720891 0.04999989 -3.111666 0.5747007 0.04999989 -3.108036 0.5766412 0.04999989 -3.104096 0.5778364 0.04999989 -2.999994 0.5782398 0.04999989 -2.999994 0.5362398 0.04999989 -3.099999 0.5782398 0.0999999 -3.099999 0.5362398 0.0999999 -3.104096 0.5366434 0.0999999 -3.108036 0.5378383 0.0999999 -3.111666 0.5397791 0.0999999 -3.114849 0.5423906 0.0999999 -3.11746 0.5455729 0.0999999 -3.119401 0.5492035 0.0999999 -3.120596 0.5531429 0.0999999 -3.120999 0.5572399 0.0999999 -3.120596 0.5613366 0.0999999 -3.119401 0.5652763 0.0999999 -3.11746 0.5689069 0.0999999 -3.114849 0.5720891 0.0999999 -3.111666 0.5747007 0.0999999 -3.108036 0.5766412 0.0999999 -3.104096 0.5778364 0.0999999 -2.999994 0.5782398 0.0999999 -2.999994 0.5362398 0.0999999 -2.999994 0.4862398 0.04999989 -2.999994 0.4862398 0.0999999 -2.999994 0.6282398 0.04999989 -2.999994 0.6282398 0.0999999 -3.100098 0.5802375 0.04999989 -3.100098 0.5342423 0.04999989 -3.104486 0.5346817 0.04999989 -3.108801 0.5359906 0.04999989 -3.112778 0.5381161 0.04999989 -3.116263 0.5409764 0.04999989 -3.119123 0.5444617 0.04999989 -3.121249 0.5484382 0.04999989 -3.122558 0.5527529 0.04999989 -3.122999 0.5572399 0.04999989 -3.122558 0.5617269 0.04999989 -3.121249 0.5660416 0.04999989 -3.119123 0.5700179 0.04999989 -3.116263 0.5735034 0.04999989 -3.112778 0.5763637 0.04999989 -3.108801 0.5784891 0.04999989 -3.104486 0.5797979 0.04999989 -3.001701 0.5796541 0.04999989 -3.001701 0.5348257 0.04999989 -3.100098 0.5802375 0.0999999 -3.100098 0.5342423 0.0999999 -3.104486 0.5346817 0.0999999 -3.108801 0.5359906 0.0999999 -3.112778 0.5381161 0.0999999 -3.116263 0.5409764 0.0999999 -3.119123 0.5444617 0.0999999 -3.121249 0.5484382 0.0999999 -3.122558 0.5527529 0.0999999 -3.122999 0.5572399 0.0999999 -3.122558 0.5617269 0.0999999 -3.121249 0.5660416 0.0999999 -3.119123 0.5700179 0.0999999 -3.116263 0.5735034 0.0999999 -3.112778 0.5763637 0.0999999 -3.108801 0.5784891 0.0999999 -3.104486 0.5797979 0.0999999 -3.001701 0.5796541 0.0999999 -3.001701 0.5348257 0.0999999 -3.001701 0.4862398 0.04999989 -3.001701 0.4862398 0.0999999 -3.001701 0.6282398 0.04999989 -3.001701 0.6282398 0.0999999 -3.001701 0.5255327 0.07499986 -3.001701 0.5180327 0.08799028 -3.001701 0.5030328 0.08799028 -3.001701 0.4955328 0.07499986 -3.001701 0.5030328 0.06200951 -3.001701 0.5180327 0.06200951 -3.004701 0.5255327 0.07499986 -3.004701 0.5180327 0.08799028 -3.004701 0.5030328 0.08799028 -3.004701 0.4955328 0.07499986 -3.004701 0.5030328 0.06200951 -3.004701 0.5180327 0.06200951 -3.001701 0.6189469 0.07499986 -3.001701 0.611447 0.08799028 -3.001701 0.5964469 0.08799028 -3.001701 0.5889469 0.07499986 -3.001701 0.5964469 0.06200951 -3.001701 0.611447 0.06200951 -3.004701 0.6189469 0.07499986 -3.004701 0.611447 0.08799028 -3.004701 0.5964469 0.08799028 -3.004701 0.5889469 0.07499986 -3.004701 0.5964469 0.06200951 -3.004701 0.611447 0.06200951</float_array>
          <technique_common>
            <accessor source="#Cargo_Container_Rings_Mesh-mesh-positions-array" count="864" stride="3">
              <param name="X" type="float"/>
              <param name="Y" type="float"/>
              <param name="Z" type="float"/>
            </accessor>
          </technique_common>
        </source>
        <source id="Cargo_Container_Rings_Mesh-mesh-normals">
          <float_array id="Cargo_Container_Rings_Mesh-mesh-normals-array" count="2154">-0.3826881 -0.9238776 0 -0.5555608 -0.831476 0 -0.9807839 0.1950978 0 -0.9238713 0.3827034 0 -0.1951075 -0.980782 0 -1 0 0 -0.1951075 0.980782 0 -0.04906904 0.9987954 0 -0.04906904 -0.9987954 0 -0.9807839 -0.1950978 0 -0.3826881 0.9238776 0 0 -1 0 -0.9238713 -0.3827034 0 -0.5555608 0.831476 0 0 1 0 -0.8314644 -0.5555781 0 -0.7071107 0.7071028 0 -0.7071107 -0.7071028 0 -0.8314644 0.5555781 0 0.3826888 0.9238773 0 0.5555475 0.8314848 0 0.9807888 -0.1950725 0 0.9238851 -0.3826701 0 0.1959096 0.980622 0 1 0 0 0.1959096 -0.980622 0 0.04692983 -0.9988982 0 0.04692983 0.9988982 0 0.9807888 0.1950725 0 0.3826888 -0.9238773 0 -0.005928993 0.9999824 0 0.9238851 0.3826701 0 0.5555475 -0.8314848 0 -0.005928993 -0.9999824 0 0.8314754 0.5555616 0 0.7071034 -0.7071102 0 0.7071034 0.7071102 0 0.8314754 -0.5555616 0 3.15538e-7 0 -1 -5.26829e-7 0 -1 -5.26076e-7 0 -1 3.16016e-7 0 -1 -8.47697e-7 0 -1 -8.47725e-7 0 -1 0 0 -1 -8.47638e-7 0 -1 -8.47689e-7 0 -1 -8.47641e-7 0 -1 -8.47696e-7 0 -1 8.47704e-7 0 -1 8.4772e-7 0 -1 8.47691e-7 0 -1 8.4775e-7 0 -1 8.47697e-7 0 -1 8.47756e-7 0 -1 8.47709e-7 0 -1 8.47726e-7 0 -1 -8.47618e-7 0 -1 -8.47673e-7 0 -1 -8.47615e-7 0 -1 -8.47665e-7 0 -1 -4.23849e-7 0 -1 -4.23862e-7 0 -1 0 0 -1 0 0 -1 3.15538e-7 0 -1 3.16016e-7 0 -1 0 0 -1 0 0 -1 0 0 -1 0 0 -1 -6.41833e-7 0 1 -6.09543e-7 0 1 -6.10532e-7 0 1 -6.42247e-7 0 1 0 0 1 1.6954e-6 0 1 1.69529e-6 0 1 1.69538e-6 0 1 1.69534e-6 0 1 1.69535e-6 0 1 1.69532e-6 0 1 3.39064e-6 0 1 1.69525e-6 0 1 1.69535e-6 0 1 8.47697e-7 0 1 8.47725e-7 0 1 2.05913e-7 0 1 2.04953e-7 0 1 -6.09544e-7 0 1 -6.10533e-7 0 1 -3.06811e-6 0 1 -2.62013e-6 0 1 -3.06811e-6 0 1 -2.62013e-6 0 1 -5.53392e-6 0 1 0 -0.8660368 0.4999803 0 0.8660368 0.4999803 0 0.8660368 -0.4999803 0 -0.8660368 -0.4999803 0 -0.8660357 0.4999822 0 0.8660357 0.4999822 0 0.8660357 -0.4999822 0 -0.8660357 -0.4999822 -0.3826913 -0.9238764 0 -0.5555584 -0.8314775 0 -0.9807838 0.1950982 0 -0.9238726 0.3827002 0 -0.1951074 -0.9807819 0 -0.1951074 0.9807819 0 -0.04906547 0.9987956 0 -0.04906547 -0.9987956 0 -0.9807838 -0.1950982 0 -0.3826913 0.9238764 0 -0.9238726 -0.3827002 0 -0.5555584 0.8314775 0 -0.831465 -0.5555772 0 -0.7071072 0.7071064 0 -0.7071072 -0.7071064 0 -0.831465 0.5555772 0 0.3826918 0.9238761 0 0.5555455 0.8314862 0 0.9807892 -0.1950709 0 0.9238852 -0.3826698 0 0.1959061 0.9806227 0 0.1959061 -0.9806227 0 0.04692327 -0.9988985 0 0.04692327 0.9988985 0 0.9807892 0.1950709 0 0.3826918 -0.9238761 0 -0.005928695 0.9999824 0 0.9238852 0.3826698 0 0.5555455 -0.8314862 0 -0.005928695 -0.9999824 0 0.8314757 0.5555611 0 0.7071031 -0.7071105 0 0.7071031 0.7071105 0 0.8314757 -0.5555611 0 0 0 -1 0 0 -1 0 0 -1 0 0 -1 4.23827e-7 0 -1 4.23808e-7 0 -1 -4.23791e-7 0 -1 -4.23744e-7 0 -1 0 0 -1 0 0 -1 8.47646e-7 0 -1 8.47689e-7 0 -1 8.47709e-7 0 -1 8.47694e-7 0 -1 8.47681e-7 0 -1 8.47741e-7 0 -1 8.47678e-7 0 -1 8.47738e-7 0 -1 8.47707e-7 0 -1 8.47691e-7 0 -1 8.47641e-7 0 -1 8.47683e-7 0 -1 8.47635e-7 0 -1 8.47677e-7 0 -1 4.23832e-7 0 -1 4.2385e-7 0 -1 5.30828e-7 0 -1 5.30624e-7 0 -1 0 0 -1 0 0 -1 1.53878e-6 0 -1 1.31567e-6 0 -1 0 0 -1 0 0 -1 -1.06165e-6 0 1 -2.13941e-7 0 1 -2.14256e-7 0 1 -1.06124e-6 0 1 -8.47658e-7 0 1 -8.47695e-7 0 1 -1.69528e-6 0 1 -1.69531e-6 0 1 0 0 1 0 0 1 1.69527e-6 0 1 1.69535e-6 0 1 8.47625e-7 0 1 8.47656e-7 0 1 0 0 1 0 0 1 -1.06166e-6 0 1 -1.06125e-6 0 1 2.76696e-6 0 -1 0 -0.8660363 0.4999813 0 0.8660363 0.4999813 0 0.8660363 -0.4999813 0 -0.8660363 -0.4999813 0 -0.8660365 0.4999808 0 0.8660365 0.4999808 0 0.8660365 -0.4999808 0 -0.8660365 -0.4999808 -0.3826945 -0.923875 0 -0.5555561 -0.8314791 0 -0.9807841 0.1950964 0 -0.9238735 0.3826983 0 -0.1951143 -0.9807806 0 -0.1951143 0.9807806 0 -0.9807841 -0.1950964 0 -0.3826945 0.923875 0 -0.9238735 -0.3826983 0 -0.5555561 0.8314791 0 -0.8314636 -0.5555791 0 -0.7071036 0.7071101 0 -0.7071036 -0.7071101 0 -0.8314636 0.5555791 0 0.3826947 0.9238749 0 0.5555433 0.8314876 0 0.9807891 -0.1950712 0 0.9238859 -0.3826684 0 0.1959092 0.9806221 0 0.1959092 -0.9806221 0 0.0469231 -0.9988985 0 0.0469231 0.9988985 0 0.9807891 0.1950712 0 0.3826947 -0.9238749 0 0.9238859 0.3826684 0 0.5555433 -0.8314876 0 0.8314778 0.5555582 0 0.7071028 -0.7071108 0 0.7071028 0.7071108 0 0.8314778 -0.5555582 0 0 0 -1 0 0 -1 0 0 -1 0 0 -1 8.47603e-7 0 -1 8.47566e-7 0 -1 0 0 -1 0 0 -1 -1.69531e-6 0 -1 -1.69531e-6 0 -1 0 0 -1 0 0 -1 8.47679e-7 0 -1 8.4774e-7 0 -1 8.47676e-7 0 -1 8.47737e-7 0 -1 0 0 -1 0 0 -1 0 0 -1 0 0 -1 0 0 -1 0 0 -1 -2.13937e-7 0 1 -1.81643e-7 0 1 -1.82006e-7 0 1 -2.14077e-7 0 1 -8.47653e-7 0 1 -8.47606e-7 0 1 -8.47611e-7 0 1 -8.47648e-7 0 1 -1.69539e-6 0 1 -1.69542e-6 0 1 -1.69536e-6 0 1 -1.69548e-6 0 1 -1.69535e-6 0 1 -1.69547e-6 0 1 -1.69538e-6 0 1 -1.69541e-6 0 1 -1.81643e-7 0 1 -1.82005e-7 0 1 -3.06812e-6 0 1 -2.62013e-6 0 1 -5.53392e-6 0 1 -0.3826955 -0.9238746 0 -0.5555502 -0.8314831 0 -0.9807835 0.1950992 0 -0.9238718 0.3827022 0 -0.1951138 -0.9807806 0 -1 -2.84062e-6 0 -0.1951149 0.9807804 0 -0.04908341 0.9987948 0 -0.04905462 -0.9987962 0 -0.9807846 -0.1950938 0 -0.3826934 0.9238754 0 -0.923875 -0.3826944 0 -0.5555621 0.8314751 0 -0.8314612 -0.555583 0 -0.7071028 0.7071108 0 -0.7071042 -0.7071094 0 -0.8314662 0.5555753 0 0.3826834 0.9238796 0 0.5555385 0.8314909 0 0.923887 -0.3826654 0 0.1959162 0.9806206 0 0.1959022 -0.9806234 0 0.04690968 -0.9988992 0 0.04693657 0.9988979 0 0.3827059 -0.9238703 0 0.9238846 0.3826712 0 0.5555481 -0.8314844 0 0.8314784 0.5555571 0 0.7070998 -0.7071138 0 0.7071058 0.7071079 0 0.8314772 -0.5555589 0 0 0 -1 -4.23845e-7 0 -1 -4.23562e-7 0 -1 0 0 -1 -4.23813e-7 0 -1 -4.23833e-7 0 -1 -8.47633e-7 0 -1 -8.47692e-7 0 -1 -8.47639e-7 0 -1 -8.47697e-7 0 -1 -8.47684e-7 0 -1 -8.47671e-7 0 -1 -8.47671e-7 0 -1 -8.4767e-7 0 -1 8.47559e-7 0 -1 8.47552e-7 0 -1 8.47565e-7 0 -1 8.47535e-7 0 -1 0 0 -1 0 0 -1 0 0 -1 0 0 -1 0 0 -1 0 0 -1 0 0 -1 0 0 -1 0 0 1 0 0 1 1.69524e-6 0 1 1.69515e-6 0 1 1.69525e-6 0 1 1.69514e-6 0 1 -1.69548e-6 0 1 -1.69548e-6 0 1 -1.69559e-6 0 1 -1.69534e-6 0 1 -1.69532e-6 0 1 -1.6953e-6 0 1 -1.6953e-6 0 1 -1.6953e-6 0 1 4.27865e-7 0 1 4.28141e-7 0 1 4.17103e-7 0 1 4.17746e-7 0 1 0 0 1 0 0 1 0 0 1 0 0 1 0 -0.8660345 0.4999842 0 0.8660345 0.4999842 0 0.8660345 -0.4999842 0 -0.8660345 -0.4999842 0 -0.8660379 0.4999783 0 0.866039 0.4999764 0 0.866039 -0.4999764 0 -0.8660379 -0.4999783 0.3826881 -0.9238776 0 0.5555608 -0.831476 0 0.9807908 0.1950625 0 0.9238713 0.3827034 0 0.1951041 -0.9807826 0 0.1951041 0.9807826 0 0.04906553 0.9987956 0 0.04906553 -0.9987956 0 0.9807908 -0.1950625 0 0.3826881 0.9238776 0 0.9238713 -0.3827034 0 0.5555608 0.831476 0 0.8314644 -0.5555781 0 0.7071107 0.7071028 0 0.7071107 -0.7071028 0 0.8314644 0.5555781 0 -0.3826767 0.9238824 0 -0.555578 0.8314645 0 -0.9807891 -0.1950713 0 -0.9238842 -0.3826724 0 -0.1958847 0.980627 0 -0.1958847 -0.980627 0 -0.04693317 -0.998898 0 -0.04693317 0.998898 0 -0.9807891 0.1950713 0 -0.3826767 -0.9238824 0 0.005928993 0.9999824 0 -0.9238842 0.3826724 0 -0.555578 -0.8314645 0 0.005928993 -0.9999824 0 -0.8314774 0.5555586 0 -0.7071002 -0.7071134 0 -0.7071002 0.7071134 0 -0.8314774 -0.5555586 0 -4.27893e-7 0 -1 -4.2852e-7 0 -1 4.18989e-7 0 -1 4.19798e-7 0 -1 8.47529e-7 0 -1 8.47749e-7 0 -1 6.35683e-7 0 -1 6.35643e-7 0 -1 4.23722e-7 0 -1 4.23807e-7 0 -1 -9.53559e-7 0 -1 -9.53547e-7 0 -1 -7.41664e-7 0 -1 -7.41655e-7 0 -1 0 0 -1 -7.41664e-7 0 -1 -7.41658e-7 0 -1 -4.23814e-7 0 -1 -4.23795e-7 0 -1 1.05942e-6 0 -1 1.05949e-6 0 -1 8.47584e-7 0 -1 8.47529e-7 0 -1 4.23769e-7 0 -1 4.23879e-7 0 -1 0 0 -1 0 0 -1 -4.28521e-7 0 -1 -4.27893e-7 0 -1 -5.80606e-7 0 -1 -4.97577e-7 0 -1 0 0 1 0 0 1 8.14044e-7 0 1 8.12725e-7 0 1 -8.47743e-7 0 1 -8.47523e-7 0 1 8.47463e-7 0 1 8.47633e-7 0 1 0 0 1 0 0 1 -2.11894e-6 0 1 -2.11898e-6 0 1 -1.27143e-6 0 1 -1.2714e-6 0 1 2.11905e-7 0 1 2.11902e-7 0 1 2.11905e-7 0 1 -2.11904e-7 0 1 -2.11907e-7 0 1 -1.90712e-6 0 1 -1.90708e-6 0 1 -3.81409e-6 0 1 -3.81404e-6 0 1 -1.27123e-6 0 1 -1.27142e-6 0 1 8.47468e-7 0 1 8.47639e-7 0 1 -8.47752e-7 0 1 -8.47532e-7 0 1 0 0 1 0 0 1 8.12731e-7 0 1 8.1405e-7 0 1 1.80065e-6 0 1 1.53084e-6 0 1 2.60892e-6 0 1 3.05863e-6 0 1 5.53392e-6 0 1 -1.03761e-6 0 -1 3.28576e-6 0 1 0.3826913 -0.9238764 0 0.5555584 -0.8314775 0 0.9807907 0.1950628 0 0.9238726 0.3827002 0 0.1951039 -0.9807826 0 0.1951039 0.9807826 0 0.04906189 0.9987958 0 0.04906189 -0.9987958 0 0.9807907 -0.1950628 0 0.3826913 0.9238764 0 0.9238726 -0.3827002 0 0.5555584 0.8314775 0 0.831465 -0.5555772 0 0.7071072 0.7071064 0 0.7071072 -0.7071064 0 0.831465 0.5555772 0 -0.3826796 0.9238812 0 -0.5555759 0.8314659 0 -0.9807894 -0.1950697 0 -0.9238843 -0.382672 0 -0.1958812 0.9806277 0 -0.1958812 -0.9806277 0 -0.04692661 -0.9988985 0 -0.04692661 0.9988985 0 -0.9807894 0.1950697 0 -0.3826796 -0.9238812 0 0.005928695 0.9999824 0 -0.9238843 0.382672 0 -0.5555759 -0.8314659 0 0.005928695 -0.9999824 0 -0.8314778 0.5555582 0 -0.7070999 -0.7071137 0 -0.7070999 0.7071137 0 -0.8314778 -0.5555582 0 0 0 -1 0 0 -1 -4.23829e-7 0 -1 -4.23723e-7 0 -1 0 0 -1 0 0 -1 -2.11913e-7 0 -1 -2.11855e-7 0 -1 -6.35626e-7 0 -1 -6.35699e-7 0 -1 -7.4164e-7 0 -1 -7.41651e-7 0 -1 -7.41657e-7 0 -1 -7.41647e-7 0 -1 0 0 -1 -9.53557e-7 0 -1 -9.53548e-7 0 -1 -1.05948e-6 0 -1 -1.05949e-6 0 -1 -6.35659e-7 0 -1 -6.35683e-7 0 -1 -4.23787e-7 0 -1 -4.23765e-7 0 -1 0 0 -1 0 0 -1 -1.30447e-6 0 -1 -1.5293e-6 0 -1 3.57649e-7 0 -1 3.12667e-7 0 -1 8.47639e-7 0 1 8.47101e-7 0 1 8.47697e-7 0 1 8.47486e-7 0 1 8.47532e-7 0 1 8.4763e-7 0 1 8.47578e-7 0 1 8.47591e-7 0 1 2.11907e-7 0 1 2.11904e-7 0 1 2.11907e-7 0 1 -2.11899e-7 0 1 -2.11901e-7 0 1 1.48325e-6 0 1 1.48327e-6 0 1 8.4745e-7 0 1 8.47745e-7 0 1 -1.69512e-6 0 1 -1.69511e-6 0 1 -1.69511e-6 0 1 0 0 1 0 0 1 8.47641e-7 0 1 8.47102e-7 0 1 0 0 1 0 0 1 6.05273e-7 0 -1 -2.76696e-6 0 -1 -1.72935e-7 0 1 0.3826945 -0.923875 0 0.5555561 -0.8314791 0 0.9807912 0.1950612 0 0.9238735 0.3826983 0 0.1951109 -0.9807812 0 0.1951109 0.9807812 0 0.9807912 -0.1950612 0 0.3826945 0.923875 0 0.9238735 -0.3826983 0 0.5555561 0.8314791 0 0.8314636 -0.5555791 0 0.7071036 0.7071101 0 0.7071036 -0.7071101 0 0.8314636 0.5555791 0 -0.3826825 0.9238799 0 -0.5555737 0.8314673 0 -0.9807894 -0.19507 0 -0.9238849 -0.3826706 0 -0.1958843 0.9806271 0 -0.1958843 -0.9806271 0 -0.04692649 -0.9988985 0 -0.04692649 0.9988985 0 -0.9807894 0.19507 0 -0.3826825 -0.9238799 0 -0.9238849 0.3826706 0 -0.5555737 -0.8314673 0 -0.8314797 0.5555551 0 -0.7070996 -0.7071141 0 -0.7070996 0.7071141 0 -0.8314797 -0.5555551 0 -8.47631e-7 0 -1 -8.47473e-7 0 -1 -4.23753e-7 0 -1 -4.23808e-7 0 -1 1.05948e-6 0 -1 1.05945e-6 0 -1 0 0 -1 0 0 -1 -7.41652e-7 0 -1 -7.41642e-7 0 -1 0 0 -1 -7.41655e-7 0 -1 -7.41648e-7 0 -1 -2.11909e-7 0 -1 -2.1189e-7 0 -1 8.47567e-7 0 -1 -4.2376e-7 0 -1 -4.23816e-7 0 -1 -8.47636e-7 0 -1 -8.47478e-7 0 -1 -4.23743e-7 0 -1 -4.23843e-7 0 -1 -4.23546e-7 0 -1 -4.23819e-7 0 -1 -5.80606e-7 0 -1 -4.97578e-7 0 -1 0 0 1 0 0 1 8.47443e-7 0 1 8.47644e-7 0 1 8.47614e-7 0 1 8.47455e-7 0 1 1.69517e-6 0 1 1.6952e-6 0 1 1.90709e-6 0 1 1.90711e-6 0 1 2.11908e-7 0 1 1.48328e-6 0 1 1.4833e-6 0 1 1.48327e-6 0 1 1.4833e-6 0 1 0 0 1 0 0 1 1.80065e-6 0 1 1.53084e-6 0 1 2.60892e-6 0 1 3.05863e-6 0 1 5.53392e-6 0 1 -1.03761e-6 0 -1 0.3826955 -0.9238746 0 0.5555502 -0.8314831 0 0.9807906 0.1950638 0 0.9238718 0.3827022 0 0.1951103 -0.9807813 0 1 -2.84536e-6 0 0.1951114 0.9807811 0 0.04907989 0.9987949 0 0.0490511 -0.9987963 0 0.9807916 -0.1950584 0 0.3826934 0.9238754 0 0.923875 -0.3826944 0 0.5555621 0.8314751 0 0.8314612 -0.555583 0 0.7071028 0.7071108 0 0.7071042 -0.7071094 0 0.8314662 0.5555753 0 -0.3826712 0.9238846 0 -0.5555689 0.8314707 0 -0.9238861 -0.3826677 0 -0.1958913 0.9806257 0 -0.1958773 -0.9806285 0 -0.04691302 -0.998899 0 -0.0469399 0.9988977 0 -0.3826937 -0.9238753 0 -0.9238837 0.3826735 0 -0.5555785 -0.8314642 0 -0.8314804 0.5555542 0 -0.7070965 -0.7071171 0 -0.7071025 0.7071111 0 -0.8314791 -0.555556 0 4.23534e-7 0 -1 4.23812e-7 0 -1 4.23732e-7 0 -1 4.23835e-7 0 -1 6.3569e-7 0 -1 6.35643e-7 0 -1 4.2373e-7 0 -1 4.23812e-7 0 -1 -5.29753e-7 0 -1 -5.29751e-7 0 -1 -3.17848e-7 0 -1 -3.17868e-7 0 -1 4.23826e-7 0 -1 4.23827e-7 0 -1 6.35712e-7 0 -1 6.35731e-7 0 -1 8.47589e-7 0 -1 8.47597e-7 0 -1 2.12006e-7 0 -1 2.11832e-7 0 -1 -8.47547e-7 0 -1 -4.23812e-7 0 -1 -4.23729e-7 0 -1 3.38702e-7 0 -1 2.90248e-7 0 -1 -8.47483e-7 0 1 -8.47635e-7 0 1 -1.69512e-6 0 1 -4.23835e-7 0 1 -4.23712e-7 0 1 4.23795e-7 0 1 4.23787e-7 0 1 -4.23795e-7 0 1 -4.23821e-7 0 1 1.27148e-6 0 1 1.27147e-6 0 1 2.33101e-6 0 1 2.33092e-6 0 1 2.33087e-6 0 1 2.33085e-6 0 1 2.11884e-6 0 1 2.11904e-6 0 1 4.2377e-7 0 1 4.23776e-7 0 1 -8.55742e-7 0 1 -8.56285e-7 0 1 -8.55747e-7 0 1 -8.57003e-7 0 1 5.80579e-7 0 1 4.97587e-7 0 1 6.05272e-7 0 -1 1.03761e-6 0 1</float_array>
          <technique_common>
            <accessor source="#Cargo_Container_Rings_Mesh-mesh-normals-array" count="718" stride="3">
              <param name="X" type="float"/>
              <param name="Y" type="float"/>
              <param name="Z" type="float"/>
            </accessor>
          </technique_common>
        </source>
        <source id="Cargo_Container_Rings_Mesh-mesh-map-0">
          <float_array id="Cargo_Container_Rings_Mesh-mesh-map-0-array" count="6272">0.6683737 0.8100574 0.6683737 0.8097015 0.6726971 0.8097015 0.6726971 0.8100574 0.6683737 0.8075656 0.6683737 0.8072097 0.6726971 0.8072097 0.6726971 0.8075656 0.6683737 0.8104134 0.6683737 0.8100574 0.6726971 0.8100574 0.6726971 0.8104134 0.6683737 0.8079216 0.6683737 0.8075656 0.6726971 0.8075656 0.6726971 0.8079216 0.6683737 0.8054298 0.6683737 0.8050739 0.6726971 0.8050739 0.6726971 0.8054298 0.6683737 0.8107694 0.6683737 0.8104134 0.6726971 0.8104134 0.6726971 0.8107694 0.6683737 0.8082776 0.6683737 0.8079216 0.6726971 0.8079216 0.6726971 0.8082776 0.6683737 0.8057858 0.6683737 0.8054298 0.6726971 0.8054298 0.6726971 0.8057858 0.3076535 0.7883159 0.3076535 0.7969633 0.30333 0.7969633 0.30333 0.7883159 0.6683737 0.8086336 0.6683737 0.8082776 0.6726971 0.8082776 0.6726971 0.8086335 0.6683737 0.8061417 0.6683737 0.8057858 0.6726971 0.8057858 0.6726971 0.8061417 0.2155929 0.7899466 0.2155929 0.7985939 0.2112694 0.7985939 0.2112694 0.7899466 0.6683737 0.8089895 0.6683737 0.8086336 0.6726971 0.8086335 0.6726971 0.8089895 0.6683737 0.8064977 0.6683737 0.8061417 0.6726971 0.8061417 0.6726971 0.8064977 0.6683737 0.8093455 0.6683737 0.8089895 0.6726971 0.8089895 0.6726971 0.8093455 0.6683737 0.8068537 0.6683737 0.8064977 0.6726971 0.8064977 0.6726971 0.8068537 0.6683737 0.8097015 0.6683737 0.8093455 0.6726971 0.8093455 0.6726971 0.8097015 0.6683737 0.8072097 0.6683737 0.8068537 0.6726971 0.8068537 0.6726971 0.8072097 0.5992273 0.8101536 0.5992273 0.8144771 0.5949038 0.8144771 0.5949038 0.8101536 0.7537927 0.8146017 0.7537927 0.8102782 0.7581161 0.8102782 0.7581161 0.8146017 0.2694556 0.799387 0.2737791 0.799387 0.2737791 0.7997769 0.2694556 0.7997769 0.2694556 0.8021161 0.2737791 0.8021161 0.2737791 0.802506 0.2694556 0.802506 0.2694556 0.7989972 0.2737791 0.7989972 0.2737791 0.799387 0.2694556 0.799387 0.2694556 0.8017262 0.2737791 0.8017262 0.2737791 0.8021161 0.2694556 0.8021161 0.2694556 0.8044553 0.2737791 0.8044553 0.2737791 0.8048368 0.2694556 0.8048368 0.2694556 0.7986158 0.2737791 0.7986158 0.2737791 0.7989972 0.2694556 0.7989972 0.2694556 0.8013364 0.2737791 0.8013364 0.2737791 0.8017262 0.2694556 0.8017262 0.2694556 0.8040655 0.2737791 0.8040655 0.2737791 0.8044553 0.2694556 0.8044553 0.6176526 0.8016505 0.6133292 0.8016505 0.6133292 0.793142 0.6176526 0.793142 0.2694556 0.8009465 0.2737791 0.8009465 0.2737791 0.8013364 0.2694556 0.8013364 0.2694556 0.8036756 0.2737791 0.8036756 0.2737791 0.8040655 0.2694556 0.8040655 0.6246467 0.793142 0.6289702 0.793142 0.6289702 0.8016505 0.6246467 0.8016505 0.2694556 0.8005566 0.2737791 0.8005566 0.2737791 0.8009465 0.2694556 0.8009465 0.2694556 0.8032857 0.2737791 0.8032857 0.2737791 0.8036756 0.2694556 0.8036756 0.2694556 0.8001667 0.2737791 0.8001667 0.2737791 0.8005566 0.2694556 0.8005566 0.2694556 0.8028959 0.2737791 0.8028959 0.2737791 0.8032857 0.2694556 0.8032857 0.2694556 0.7997769 0.2737791 0.7997769 0.2737791 0.8001667 0.2694556 0.8001667 0.2694556 0.802506 0.2737791 0.802506 0.2737791 0.8028959 0.2694556 0.8028959 0.6843682 0.8082446 0.6843682 0.8124458 0.6800447 0.8124458 0.6800447 0.8082446 0.6618428 0.8125956 0.6618428 0.8083944 0.6661663 0.8083944 0.6661663 0.8125956 0.6937206 0.8158619 0.6940748 0.8158271 0.6941086 0.8159967 0.6937291 0.8160347 0.6940748 0.8158271 0.6944155 0.8157237 0.6944816 0.8158835 0.6941086 0.8159967 0.6944155 0.8157237 0.6947294 0.8155559 0.6948255 0.8156997 0.6944816 0.8158835 0.6947294 0.8155559 0.6950046 0.8153301 0.6951268 0.8154524 0.6948255 0.8156997 0.6950046 0.8153301 0.6952304 0.815055 0.6953742 0.815151 0.6951268 0.8154524 0.6952304 0.815055 0.6953982 0.814741 0.695558 0.8148072 0.6953742 0.815151 0.6953982 0.814741 0.6955015 0.8144004 0.6956712 0.8144341 0.695558 0.8148072 0.6955015 0.8144004 0.6955364 0.8140461 0.6957094 0.8140461 0.6956712 0.8144341 0.6955364 0.8140461 0.6955015 0.8136919 0.6956712 0.8136581 0.6957094 0.8140461 0.6955015 0.8136919 0.6953982 0.8133512 0.695558 0.813285 0.6956712 0.8136581 0.6953982 0.8133512 0.6952304 0.8130373 0.6953742 0.8129412 0.695558 0.813285 0.6952304 0.8130373 0.6950046 0.8127621 0.6951268 0.8126398 0.6953742 0.8129412 0.6950046 0.8127621 0.6947294 0.8125362 0.6948255 0.8123925 0.6951268 0.8126398 0.6947294 0.8125362 0.6944155 0.8123685 0.6944816 0.8122087 0.6948255 0.8123925 0.6944155 0.8123685 0.6940748 0.8122652 0.6941086 0.8120955 0.6944816 0.8122087 0.6940748 0.8122652 0.6937206 0.8122302 0.6937291 0.8120575 0.6941086 0.8120955 0.708974 0.7942299 0.7090253 0.7855826 0.7091467 0.785731 0.7091467 0.7942394 0.7075875 0.7855827 0.7076388 0.7942299 0.7074661 0.7942394 0.7074661 0.785731 0.2660927 0.8127613 0.2657384 0.8127264 0.2657469 0.8125537 0.2661264 0.8125917 0.2664333 0.8128646 0.2660927 0.8127613 0.2661264 0.8125917 0.2664995 0.8127049 0.2667472 0.8130324 0.2664333 0.8128646 0.2664995 0.8127049 0.2668433 0.8128886 0.2670224 0.8132582 0.2667472 0.8130324 0.2668433 0.8128886 0.2671447 0.8131359 0.2672482 0.8135334 0.2670224 0.8132582 0.2671447 0.8131359 0.267392 0.8134374 0.267416 0.8138474 0.2672482 0.8135334 0.267392 0.8134374 0.2675758 0.8137812 0.2675194 0.814188 0.267416 0.8138474 0.2675758 0.8137812 0.267689 0.8141543 0.2675542 0.8145422 0.2675194 0.814188 0.267689 0.8141543 0.2677272 0.8145422 0.2675194 0.8148965 0.2675542 0.8145422 0.2677272 0.8145422 0.267689 0.8149302 0.267416 0.8152371 0.2675194 0.8148965 0.267689 0.8149302 0.2675758 0.8153033 0.2672482 0.8155511 0.267416 0.8152371 0.2675758 0.8153033 0.267392 0.8156471 0.2670224 0.8158262 0.2672482 0.8155511 0.267392 0.8156471 0.2671447 0.8159486 0.2667472 0.8160521 0.2670224 0.8158262 0.2671447 0.8159486 0.2668433 0.8161959 0.2664333 0.8162199 0.2667472 0.8160521 0.2668433 0.8161959 0.2664995 0.8163796 0.2660927 0.8163232 0.2664333 0.8162199 0.2664995 0.8163796 0.2661264 0.8164928 0.2657384 0.8163581 0.2660927 0.8163232 0.2661264 0.8164928 0.2657469 0.8165308 0.1995626 0.7853597 0.1996139 0.794007 0.1994412 0.7940165 0.1994412 0.7855081 0.7476 0.7851378 0.7475486 0.793785 0.7474273 0.7936367 0.7474273 0.7851282 0.6843682 0.8125934 0.6800447 0.8125934 0.6800447 0.8124458 0.6843682 0.8124458 0.2081782 0.8012642 0.2081782 0.8055877 0.2080307 0.8055877 0.2080307 0.8013865 0.3077208 0.7751207 0.3077208 0.7707973 0.3078685 0.7709196 0.3078685 0.7751207 0.6618428 0.8082469 0.6661663 0.8082469 0.6661663 0.8083944 0.6618428 0.8083944 0.3078685 0.7651385 0.3078685 0.7694619 0.3077209 0.7694619 0.3077209 0.7652608 0.759599 0.8005555 0.759599 0.804879 0.7594515 0.8047567 0.7594515 0.8005555 0.6246467 0.8140422 0.6246467 0.8127452 0.6249061 0.8127452 0.6249061 0.8140422 0.8152422 0.807945 0.8152422 0.8092421 0.8149828 0.8092421 0.8149828 0.807945 0.6246467 0.8127452 0.6246467 0.8114482 0.6249061 0.8114482 0.6249061 0.8127452 0.8152422 0.8105391 0.8152422 0.8118361 0.8149828 0.8118361 0.8149828 0.8105391 0.8152422 0.8092421 0.8152422 0.8105391 0.8149828 0.8105391 0.8149828 0.8092421 0.6246467 0.8114482 0.6246467 0.8101511 0.6249061 0.8101511 0.6249061 0.8114482 0.8081408 0.7443569 0.8058943 0.7430598 0.8070175 0.7424113 0.8081408 0.7430598 0.8070175 0.7450054 0.8058943 0.7443569 0.8058943 0.7430598 0.8081408 0.7443569 0.2570543 0.8142334 0.2570543 0.8129364 0.2573137 0.8129364 0.2573137 0.8142334 0.1408755 0.8113777 0.1408755 0.8126747 0.1406161 0.8126747 0.1406161 0.8113777 0.2570543 0.8129364 0.2570543 0.8116393 0.2573137 0.8116393 0.2573137 0.8129364 0.1408755 0.8139718 0.1408755 0.8152688 0.1406161 0.8152688 0.1406161 0.8139718 0.1408755 0.8126747 0.1408755 0.8139718 0.1406161 0.8139718 0.1406161 0.8126747 0.2570543 0.8116393 0.2570543 0.8103423 0.2573137 0.8103423 0.2573137 0.8116393 0.8138412 0.7916785 0.8115947 0.7929756 0.8115947 0.7916785 0.8127179 0.79103 0.8138412 0.7929756 0.8127179 0.7936241 0.8115947 0.7929756 0.8138412 0.7916785 0.7361572 0.8099974 0.7361572 0.8096415 0.7404807 0.8096415 0.7404807 0.8099974 0.7361572 0.8075057 0.7361572 0.8071497 0.7404807 0.8071497 0.7404807 0.8075057 0.7361572 0.8103534 0.7361572 0.8099974 0.7404807 0.8099974 0.7404807 0.8103534 0.7361572 0.8078616 0.7361572 0.8075057 0.7404807 0.8075057 0.7404807 0.8078616 0.7361572 0.8053699 0.7361572 0.8050138 0.7404807 0.8050138 0.7404807 0.8053699 0.7361572 0.8107094 0.7361572 0.8103534 0.7404807 0.8103534 0.7404807 0.8107094 0.7361572 0.8082176 0.7361572 0.8078616 0.7404807 0.8078616 0.7404807 0.8082176 0.7361572 0.8057258 0.7361572 0.8053699 0.7404807 0.8053699 0.7404807 0.8057258 0.2737791 0.7886331 0.2737791 0.7972804 0.2694557 0.7972804 0.2694557 0.7886331 0.7361572 0.8085736 0.7361572 0.8082176 0.7404807 0.8082176 0.7404807 0.8085736 0.7361572 0.8060818 0.7361572 0.8057258 0.7404807 0.8057258 0.7404807 0.8060818 0.2269105 0.7899466 0.2269105 0.7985939 0.2225871 0.7985939 0.2225871 0.7899466 0.7361572 0.8089295 0.7361572 0.8085736 0.7404807 0.8085736 0.7404807 0.8089295 0.7361572 0.8064377 0.7361572 0.8060818 0.7404807 0.8060818 0.7404807 0.8064377 0.7361572 0.8092855 0.7361572 0.8089295 0.7404807 0.8089295 0.7404807 0.8092855 0.7361572 0.8067937 0.7361572 0.8064377 0.7404807 0.8064377 0.7404807 0.8067937 0.7361572 0.8096415 0.7361572 0.8092855 0.7404807 0.8092855 0.7404807 0.8096415 0.7361572 0.8071497 0.7361572 0.8067937 0.7404807 0.8067937 0.7404807 0.8071497 0.1978304 0.8153217 0.1935069 0.8153217 0.1935069 0.8109983 0.1978304 0.8109983 0.1869424 0.8110162 0.1912659 0.8110162 0.1912659 0.8153396 0.1869424 0.8153396 0.2169282 0.8007006 0.2212517 0.8007006 0.2212517 0.8010905 0.2169282 0.8010905 0.2169282 0.8034297 0.2212517 0.8034297 0.2212517 0.8038196 0.2169282 0.8038196 0.2169282 0.8003107 0.2212517 0.8003107 0.2212517 0.8007006 0.2169282 0.8007006 0.2169282 0.8030399 0.2212517 0.8030399 0.2212517 0.8034297 0.2169282 0.8034297 0.2169282 0.805769 0.2212517 0.805769 0.2212517 0.8061504 0.2169282 0.8061504 0.2169282 0.7999293 0.2212517 0.7999293 0.2212517 0.8003107 0.2169282 0.8003107 0.2169282 0.80265 0.2212517 0.80265 0.2212517 0.8030399 0.2169282 0.8030399 0.2169282 0.8053791 0.2212517 0.8053791 0.2212517 0.805769 0.2169282 0.805769 0.6233114 0.8016505 0.6189879 0.8016505 0.6189879 0.793142 0.6233114 0.793142 0.2169282 0.8022601 0.2212517 0.8022601 0.2212517 0.80265 0.2169282 0.80265 0.2169282 0.8049892 0.2212517 0.8049892 0.2212517 0.8053791 0.2169282 0.8053791 0.6119938 0.8016505 0.6076704 0.8016505 0.6076704 0.793142 0.6119938 0.793142 0.2169282 0.8018702 0.2212517 0.8018702 0.2212517 0.8022601 0.2169282 0.8022601 0.2169282 0.8045994 0.2212517 0.8045994 0.2212517 0.8049892 0.2169282 0.8049892 0.2169282 0.8014804 0.2212517 0.8014804 0.2212517 0.8018702 0.2169282 0.8018702 0.2169282 0.8042095 0.2212517 0.8042095 0.2212517 0.8045994 0.2169282 0.8045994 0.2169282 0.8010905 0.2212517 0.8010905 0.2212517 0.8014804 0.2169282 0.8014804 0.2169282 0.8038196 0.2212517 0.8038196 0.2212517 0.8042095 0.2169282 0.8042095 0.2599056 0.8130577 0.2599056 0.8088565 0.2642291 0.8088565 0.2642291 0.8130577 0.7467262 0.8132317 0.7467262 0.8090305 0.7510496 0.8090305 0.7510496 0.8132317 0.1713668 0.8154699 0.1717211 0.815435 0.1717548 0.8156046 0.1713753 0.8156427 0.1717211 0.815435 0.1720617 0.8153317 0.1721279 0.8154914 0.1717548 0.8156046 0.1720617 0.8153317 0.1723756 0.8151639 0.1724717 0.8153077 0.1721279 0.8154914 0.1723756 0.8151639 0.1726508 0.8149381 0.1727731 0.8150603 0.1724717 0.8153077 0.1726508 0.8149381 0.1728766 0.8146629 0.1730204 0.814759 0.1727731 0.8150603 0.1728766 0.8146629 0.1730445 0.8143489 0.1732042 0.8144152 0.1730204 0.814759 0.1730445 0.8143489 0.1731477 0.8140083 0.1733174 0.814042 0.1732042 0.8144152 0.1731477 0.8140083 0.1731827 0.8136541 0.1733556 0.8136541 0.1733174 0.814042 0.1731827 0.8136541 0.1731477 0.8132998 0.1733174 0.813266 0.1733556 0.8136541 0.1731477 0.8132998 0.1730445 0.8129591 0.1732042 0.812893 0.1733174 0.813266 0.1730445 0.8129591 0.1728766 0.8126452 0.1730204 0.8125491 0.1732042 0.812893 0.1728766 0.8126452 0.1726508 0.8123701 0.1727731 0.8122478 0.1730204 0.8125491 0.1726508 0.8123701 0.1723756 0.8121442 0.1724717 0.8120005 0.1727731 0.8122478 0.1723756 0.8121442 0.1720617 0.8119764 0.1721279 0.8118166 0.1724717 0.8120005 0.1720617 0.8119764 0.1717211 0.8118731 0.1717548 0.8117035 0.1721279 0.8118166 0.1717211 0.8118731 0.1713668 0.8118382 0.1713753 0.8116655 0.1717548 0.8117035 0.6880045 0.7857441 0.6879532 0.7943914 0.6878318 0.794243 0.6878318 0.7857347 0.7075875 0.7755905 0.7076388 0.7842378 0.7074661 0.7842473 0.7074661 0.7757388 0.1524282 0.8120026 0.1520739 0.8119677 0.1520824 0.811795 0.152462 0.811833 0.1527689 0.812106 0.1524282 0.8120026 0.152462 0.811833 0.152835 0.8119462 0.1530828 0.8122738 0.1527689 0.812106 0.152835 0.8119462 0.1531788 0.8121299 0.1533579 0.8124996 0.1530828 0.8122738 0.1531788 0.8121299 0.1534802 0.8123773 0.1535838 0.8127747 0.1533579 0.8124996 0.1534802 0.8123773 0.1537275 0.8126786 0.1537516 0.8130887 0.1535838 0.8127747 0.1537275 0.8126786 0.1539114 0.8130225 0.1538549 0.8134293 0.1537516 0.8130887 0.1539114 0.8130225 0.1540245 0.8133956 0.1538898 0.8137836 0.1538549 0.8134293 0.1540245 0.8133956 0.1540627 0.8137836 0.1538549 0.8141378 0.1538898 0.8137836 0.1540627 0.8137836 0.1540245 0.8141716 0.1537516 0.8144785 0.1538549 0.8141378 0.1540245 0.8141716 0.1539114 0.8145446 0.1535838 0.8147924 0.1537516 0.8144785 0.1539114 0.8145446 0.1537275 0.8148885 0.1533579 0.8150676 0.1535838 0.8147924 0.1537275 0.8148885 0.1534802 0.8151898 0.1530827 0.8152934 0.1533579 0.8150676 0.1534802 0.8151898 0.1531788 0.8154372 0.1527689 0.8154612 0.1530827 0.8152934 0.1531788 0.8154372 0.152835 0.815621 0.1524282 0.8155645 0.1527689 0.8154612 0.152835 0.815621 0.152462 0.8157342 0.1520739 0.8155994 0.1524282 0.8155645 0.152462 0.8157342 0.1520824 0.8157721 0.7271319 0.7855788 0.7271832 0.7942261 0.7270105 0.7942356 0.7270105 0.7857272 0.7091467 0.7756 0.7090955 0.7842472 0.7089741 0.7840989 0.7089741 0.7755904 0.2599056 0.8087089 0.2642291 0.8087089 0.2642291 0.8088565 0.2599056 0.8088565 0.2081782 0.7899466 0.2081782 0.79427 0.2080307 0.79427 0.2080307 0.7900689 0.7696811 0.7992531 0.7696811 0.7949296 0.7698287 0.7950519 0.7698287 0.7992531 0.7467262 0.8088829 0.7510496 0.8088829 0.7510496 0.8090305 0.7467262 0.8090305 0.2413741 0.790109 0.2413741 0.7944324 0.2412264 0.7944324 0.2412264 0.7902312 0.7271582 0.7955709 0.7271582 0.7998943 0.7270106 0.799772 0.7270106 0.7955709 0.7394813 0.8159359 0.7394813 0.8146388 0.7397407 0.8146388 0.7397407 0.8159359 0.1847305 0.8155565 0.1847305 0.8142595 0.1849899 0.8142595 0.1849899 0.8155565 0.7394813 0.8146388 0.7394813 0.8133417 0.7397407 0.8133417 0.7397407 0.8146388 0.1847305 0.8129624 0.1847305 0.8116654 0.1849899 0.8116654 0.1849899 0.8129624 0.1847305 0.8142595 0.1847305 0.8129624 0.1849899 0.8129624 0.1849899 0.8142595 0.7394813 0.8133417 0.7394813 0.8120447 0.7397407 0.8120447 0.7397407 0.8133417 0.0193541 0.8126099 0.0193541 0.8152039 0.01823085 0.8145554 0.01823085 0.8132584 0.02047735 0.8132584 0.02047735 0.8145554 0.0193541 0.8152039 0.0193541 0.8126099 0.3066542 0.8161277 0.3066542 0.8148306 0.3069136 0.8148306 0.3069136 0.8161277 0.1754309 0.8155566 0.1754309 0.8142595 0.1756903 0.8142595 0.1756903 0.8155566 0.3066542 0.8148306 0.3066542 0.8135336 0.3069136 0.8135336 0.3069136 0.8148306 0.1754309 0.8129625 0.1754309 0.8116655 0.1756903 0.8116655 0.1756903 0.8129625 0.1754309 0.8142595 0.1754309 0.8129625 0.1756903 0.8129625 0.1756903 0.8142595 0.3066542 0.8135336 0.3066542 0.8122366 0.3069136 0.8122366 0.3069136 0.8135336 0.02374488 0.8126099 0.02374488 0.815204 0.02262163 0.8145554 0.02262163 0.8132584 0.02486813 0.8132584 0.02486813 0.8145554 0.02374488 0.815204 0.02374488 0.8126099 0.1617204 0.8096182 0.1617204 0.8092622 0.1660438 0.8092622 0.1660438 0.8096182 0.1617204 0.8071264 0.1617204 0.8067705 0.1660438 0.8067705 0.1660438 0.8071264 0.1617204 0.8099742 0.1617204 0.8096182 0.1660438 0.8096182 0.1660438 0.8099742 0.1617204 0.8074824 0.1617204 0.8071264 0.1660438 0.8071264 0.1660438 0.8074824 0.1617204 0.8049906 0.1617204 0.8046346 0.1660438 0.8046346 0.1660438 0.8049906 0.1617204 0.8103302 0.1617204 0.8099742 0.1660438 0.8099742 0.1660438 0.8103302 0.1617204 0.8078384 0.1617204 0.8074824 0.1660438 0.8074824 0.1660438 0.8078384 0.1617204 0.8053466 0.1617204 0.8049906 0.1660438 0.8049906 0.1660438 0.8053466 0.798069 0.7643994 0.798069 0.7730468 0.7937455 0.7730468 0.7937455 0.7643994 0.1617204 0.8081943 0.1617204 0.8078384 0.1660438 0.8078384 0.1660438 0.8081943 0.1617204 0.8057026 0.1617204 0.8053466 0.1660438 0.8053466 0.1660438 0.8057026 0.2342323 0.7901089 0.2342323 0.7987563 0.2299088 0.7987563 0.2299088 0.7901089 0.1617204 0.8085503 0.1617204 0.8081943 0.1660438 0.8081943 0.1660438 0.8085503 0.1617204 0.8060585 0.1617204 0.8057026 0.1660438 0.8057026 0.1660438 0.8060585 0.1617204 0.8089063 0.1617204 0.8085503 0.1660438 0.8085503 0.1660438 0.8089063 0.1617204 0.8064145 0.1617204 0.8060585 0.1660438 0.8060585 0.1660438 0.8064145 0.1617204 0.8092622 0.1617204 0.8089063 0.1660438 0.8089063 0.1660438 0.8092622 0.1617204 0.8067705 0.1617204 0.8064145 0.1660438 0.8064145 0.1660438 0.8067705 0.5863975 0.8144772 0.5863975 0.8101537 0.5907209 0.8101537 0.5907209 0.8144772 0.7881459 0.8155668 0.7881459 0.8112434 0.7924693 0.8112434 0.7924693 0.8155668 0.2225871 0.8007006 0.2269105 0.8007006 0.2269105 0.8010905 0.2225871 0.8010905 0.2225871 0.8034297 0.2269105 0.8034297 0.2269105 0.8038196 0.2225871 0.8038196 0.2225871 0.8003107 0.2269105 0.8003107 0.2269105 0.8007006 0.2225871 0.8007006 0.2225871 0.8030399 0.2269105 0.8030399 0.2269105 0.8034297 0.2225871 0.8034297 0.2225871 0.8057689 0.2269105 0.8057689 0.2269105 0.8061503 0.2225871 0.8061503 0.2225871 0.7999293 0.2269105 0.7999293 0.2269105 0.8003107 0.2225871 0.8003107 0.2225871 0.80265 0.2269105 0.80265 0.2269105 0.8030399 0.2225871 0.8030399 0.2225871 0.8053791 0.2269105 0.8053791 0.2269105 0.8057689 0.2225871 0.8057689 0.6352766 0.793142 0.6396 0.793142 0.6396 0.8016505 0.6352766 0.8016505 0.2225871 0.8022601 0.2269105 0.8022601 0.2269105 0.80265 0.2225871 0.80265 0.2225871 0.8049892 0.2269105 0.8049892 0.2269105 0.8053791 0.2225871 0.8053791 0.6452589 0.8016505 0.6409354 0.8016505 0.6409354 0.793142 0.6452589 0.793142 0.2225871 0.8018702 0.2269105 0.8018702 0.2269105 0.8022601 0.2225871 0.8022601 0.2225871 0.8045994 0.2269105 0.8045994 0.2269105 0.8049892 0.2225871 0.8049892 0.2225871 0.8014804 0.2269105 0.8014804 0.2269105 0.8018702 0.2225871 0.8018702 0.2225871 0.8042095 0.2269105 0.8042095 0.2269105 0.8045994 0.2225871 0.8045994 0.2225871 0.8010905 0.2269105 0.8010905 0.2269105 0.8014804 0.2225871 0.8014804 0.2225871 0.8038196 0.2269105 0.8038196 0.2269105 0.8042095 0.2225871 0.8042095 0.7638775 0.8077444 0.7638775 0.8119456 0.759554 0.8119456 0.759554 0.8077444 0.7185041 0.8124374 0.7185041 0.8082363 0.7228276 0.8082363 0.7228276 0.8124374 0.7361572 0.8158491 0.7365114 0.8158143 0.7365452 0.8159838 0.7361657 0.8160219 0.7365114 0.8158143 0.7368521 0.8157109 0.7369183 0.8158707 0.7365452 0.8159838 0.7368521 0.8157109 0.737166 0.8155431 0.7372621 0.8156869 0.7369183 0.8158707 0.737166 0.8155431 0.7374412 0.8153173 0.7375635 0.8154396 0.7372621 0.8156869 0.7374412 0.8153173 0.737667 0.8150421 0.7378108 0.8151382 0.7375635 0.8154396 0.737667 0.8150421 0.7378348 0.8147282 0.7379946 0.8147944 0.7378108 0.8151382 0.7378348 0.8147282 0.7379382 0.8143875 0.7381078 0.8144213 0.7379946 0.8147944 0.7379382 0.8143875 0.737973 0.8140333 0.738146 0.8140333 0.7381078 0.8144213 0.737973 0.8140333 0.7379382 0.813679 0.7381078 0.8136453 0.738146 0.8140333 0.7379382 0.813679 0.7378348 0.8133384 0.7379946 0.8132722 0.7381078 0.8136453 0.7378348 0.8133384 0.737667 0.8130245 0.7378108 0.8129284 0.7379946 0.8132722 0.737667 0.8130245 0.7374412 0.8127493 0.7375635 0.812627 0.7378108 0.8129284 0.7374412 0.8127493 0.737166 0.8125235 0.7372621 0.8123797 0.7375635 0.812627 0.737166 0.8125235 0.7368521 0.8123556 0.7369183 0.8121959 0.7372621 0.8123797 0.7368521 0.8123556 0.7365114 0.8122524 0.7365452 0.8120827 0.7369183 0.8121959 0.7365114 0.8122524 0.7361572 0.8122174 0.7361657 0.8120447 0.7365452 0.8120827 0.6880044 0.775752 0.6879532 0.7843993 0.6878318 0.7842509 0.6878318 0.7757425 0.6966723 0.7872 0.6967235 0.7958472 0.6965509 0.7958567 0.6965509 0.7873483 0.08811181 0.8064359 0.08775758 0.806401 0.08776605 0.8062283 0.08814555 0.8062663 0.08845245 0.8065392 0.08811181 0.8064359 0.08814555 0.8062663 0.08851867 0.8063794 0.08876639 0.806707 0.08845245 0.8065392 0.08851867 0.8063794 0.08886247 0.8065632 0.08904159 0.8069329 0.08876639 0.806707 0.08886247 0.8065632 0.08916389 0.8068106 0.08926743 0.807208 0.08904159 0.8069329 0.08916389 0.8068106 0.08941119 0.8071119 0.08943521 0.8075219 0.08926743 0.807208 0.08941119 0.8071119 0.08959496 0.8074558 0.08953857 0.8078626 0.08943521 0.8075219 0.08959496 0.8074558 0.08970814 0.8078289 0.08957344 0.8082169 0.08953857 0.8078626 0.08970814 0.8078289 0.08974635 0.8082169 0.08953857 0.8085711 0.08957344 0.8082169 0.08974635 0.8082169 0.08970814 0.8086048 0.08943521 0.8089118 0.08953857 0.8085711 0.08970814 0.8086048 0.08959496 0.8089779 0.08926743 0.8092257 0.08943521 0.8089118 0.08959496 0.8089779 0.08941119 0.8093218 0.08904159 0.8095009 0.08926743 0.8092257 0.08941119 0.8093218 0.08916389 0.8096231 0.08876639 0.8097267 0.08904159 0.8095009 0.08916389 0.8096231 0.08886247 0.8098705 0.08845245 0.8098945 0.08876639 0.8097267 0.08886247 0.8098705 0.08851867 0.8100543 0.08811181 0.8099978 0.08845245 0.8098945 0.08851867 0.8100543 0.08814555 0.8101674 0.08775758 0.8100327 0.08811181 0.8099978 0.08814555 0.8101674 0.08776605 0.8102054 0.7286399 0.7855788 0.7286912 0.7942261 0.7285185 0.7942355 0.7285185 0.7857272 0.6893398 0.7843899 0.6893911 0.7757426 0.6895125 0.7758909 0.6895125 0.7843993 0.7638775 0.8120931 0.759554 0.8120931 0.759554 0.8119456 0.7638775 0.8119456 0.6879794 0.7957267 0.6879794 0.8000502 0.6878318 0.8000502 0.6878318 0.795849 0.2751395 0.8029485 0.2751395 0.7986251 0.2752872 0.7987473 0.2752872 0.8029485 0.7185041 0.8080886 0.7228276 0.8080886 0.7228276 0.8082363 0.7185041 0.8082363 0.7939523 0.7958758 0.7939523 0.8001992 0.7938047 0.8001992 0.7938047 0.795998 0.2080307 0.7999289 0.2080307 0.7956054 0.2081782 0.7957277 0.2081782 0.7999289 0.815312 0.7785935 0.815312 0.7772965 0.8155714 0.7772965 0.8155714 0.7785935 0.8121918 0.7591575 0.8121918 0.7604546 0.8119324 0.7604546 0.8119324 0.7591575 0.815312 0.7772965 0.815312 0.7759995 0.8155714 0.7759995 0.8155714 0.7772965 0.8121918 0.7617517 0.8121919 0.7630487 0.8119324 0.7630487 0.8119324 0.7617517 0.8121918 0.7604546 0.8121918 0.7617517 0.8119324 0.7617517 0.8119324 0.7604546 0.815312 0.7759995 0.815312 0.7747024 0.8155714 0.7747024 0.8155714 0.7759995 0.007304966 0.8132584 0.005058407 0.8145555 0.005058407 0.8132584 0.006181716 0.8126099 0.007304966 0.8145554 0.006181716 0.815204 0.005058407 0.8145555 0.007304966 0.8132584 0.815312 0.7895762 0.815312 0.7882792 0.8155714 0.7882792 0.8155714 0.7895762 0.2212517 0.8074856 0.2212517 0.8087827 0.2209923 0.8087827 0.2209923 0.8074856 0.815312 0.7882792 0.815312 0.7869821 0.8155714 0.7869821 0.8155714 0.7882792 0.2212517 0.8100798 0.2212517 0.8113768 0.2209923 0.8113768 0.2209923 0.8100798 0.2212517 0.8087827 0.2212517 0.8100798 0.2209923 0.8100798 0.2209923 0.8087827 0.815312 0.7869821 0.815312 0.7856851 0.8155714 0.7856851 0.8155714 0.7869821 0.003723084 0.8132584 0.001476585 0.8145555 0.001476585 0.8132584 0.002599835 0.8126099 0.003723084 0.8145555 0.002599835 0.815204 0.001476585 0.8145555 0.003723084 0.8132584 0.1810132 0.8096181 0.1810132 0.8092622 0.1853367 0.8092622 0.1853367 0.8096181 0.1810132 0.8071264 0.1810132 0.8067704 0.1853367 0.8067704 0.1853367 0.8071264 0.1810132 0.8099741 0.1810132 0.8096181 0.1853367 0.8096181 0.1853367 0.8099741 0.1810132 0.8074823 0.1810132 0.8071264 0.1853367 0.8071264 0.1853367 0.8074823 0.1810132 0.8049905 0.1810132 0.8046346 0.1853367 0.8046346 0.1853367 0.8049905 0.1810132 0.8103301 0.1810132 0.8099741 0.1853367 0.8099741 0.1853367 0.8103301 0.1810132 0.8078383 0.1810132 0.8074823 0.1853367 0.8074823 0.1853367 0.8078383 0.1810132 0.8053465 0.1810132 0.8049905 0.1853367 0.8049905 0.1853367 0.8053465 0.2212517 0.7899466 0.2212517 0.798594 0.2169283 0.798594 0.2169283 0.7899466 0.1810132 0.8081943 0.1810132 0.8078383 0.1853367 0.8078383 0.1853367 0.8081943 0.1810132 0.8057025 0.1810132 0.8053465 0.1853367 0.8053465 0.1853367 0.8057025 0.2398911 0.7901089 0.2398911 0.7987563 0.2355676 0.7987563 0.2355676 0.7901089 0.1810132 0.8085502 0.1810132 0.8081943 0.1853367 0.8081943 0.1853367 0.8085502 0.1810132 0.8060584 0.1810132 0.8057025 0.1853367 0.8057025 0.1853367 0.8060584 0.1810132 0.8089062 0.1810132 0.8085502 0.1853367 0.8085502 0.1853367 0.8089062 0.1810132 0.8064144 0.1810132 0.8060584 0.1853367 0.8060584 0.1853367 0.8064144 0.1810132 0.8092622 0.1810132 0.8089062 0.1853367 0.8089062 0.1853367 0.8092622 0.1810132 0.8067704 0.1810132 0.8064144 0.1853367 0.8064144 0.1853367 0.8067704 0.6551708 0.810151 0.6551708 0.8144745 0.6508474 0.8144745 0.6508474 0.810151 0.6034172 0.814477 0.6034172 0.8101535 0.6077407 0.8101535 0.6077407 0.814477 0.3076535 0.8037484 0.30333 0.8037484 0.30333 0.8033585 0.3076535 0.8033585 0.3076535 0.8010193 0.30333 0.8010193 0.30333 0.8006294 0.3076535 0.8006294 0.3076535 0.8041383 0.30333 0.8041383 0.30333 0.8037484 0.3076535 0.8037484 0.3076535 0.8014091 0.30333 0.8014091 0.30333 0.8010193 0.3076535 0.8010193 0.3076535 0.7986801 0.30333 0.7986801 0.30333 0.7982987 0.3076535 0.7982987 0.3076535 0.8045197 0.30333 0.8045197 0.30333 0.8041383 0.3076535 0.8041383 0.3076535 0.801799 0.30333 0.801799 0.30333 0.8014091 0.3076535 0.8014091 0.3076535 0.79907 0.30333 0.7990699 0.30333 0.7986801 0.3076535 0.7986801 0.6034441 0.8016505 0.5991207 0.8016505 0.5991207 0.793142 0.6034441 0.793142 0.3076535 0.8021889 0.30333 0.8021889 0.30333 0.801799 0.3076535 0.801799 0.3076535 0.7994598 0.30333 0.7994598 0.30333 0.7990699 0.3076535 0.79907 0.2556525 0.7933359 0.2599759 0.7933359 0.2599759 0.8018443 0.2556525 0.8018443 0.3076535 0.8025788 0.30333 0.8025788 0.30333 0.8021889 0.3076535 0.8021889 0.3076535 0.7998496 0.30333 0.7998496 0.30333 0.7994598 0.3076535 0.7994598 0.3076535 0.8029686 0.30333 0.8029686 0.30333 0.8025788 0.3076535 0.8025788 0.3076535 0.8002395 0.30333 0.8002395 0.30333 0.7998496 0.3076535 0.7998496 0.3076535 0.8033585 0.30333 0.8033585 0.30333 0.8029686 0.3076535 0.8029686 0.3076535 0.8006294 0.30333 0.8006294 0.30333 0.8002395 0.3076535 0.8002395 0.7992214 0.7481069 0.7992214 0.7523081 0.7948979 0.7523081 0.7948979 0.7481069 0.2035701 0.8144674 0.2035701 0.8102662 0.2078936 0.8102662 0.2078936 0.8144674 0.2690625 0.816358 0.2694168 0.8163231 0.2694506 0.8164927 0.269071 0.8165308 0.2694168 0.8163231 0.2697575 0.8162198 0.2698236 0.8163796 0.2694506 0.8164927 0.2697575 0.8162198 0.2700713 0.816052 0.2701674 0.8161958 0.2698236 0.8163796 0.2700713 0.816052 0.2703465 0.8158262 0.2704688 0.8159484 0.2701674 0.8161958 0.2703465 0.8158262 0.2705724 0.815551 0.2707161 0.8156471 0.2704688 0.8159484 0.2705724 0.815551 0.2707402 0.8152371 0.2709 0.8153033 0.2707161 0.8156471 0.2707402 0.8152371 0.2708435 0.8148964 0.2710131 0.8149302 0.2709 0.8153033 0.2708435 0.8148964 0.2708784 0.8145422 0.2710513 0.8145422 0.2710131 0.8149302 0.2708784 0.8145422 0.2708435 0.814188 0.2710131 0.8141542 0.2710513 0.8145422 0.2708435 0.814188 0.2707402 0.8138473 0.2709 0.8137811 0.2710131 0.8141542 0.2707402 0.8138473 0.2705724 0.8135334 0.2707161 0.8134373 0.2709 0.8137811 0.2705724 0.8135334 0.2703465 0.8132582 0.2704688 0.8131359 0.2707161 0.8134373 0.2703465 0.8132582 0.2700713 0.8130323 0.2701674 0.8128886 0.2704688 0.8131359 0.2700713 0.8130323 0.2697575 0.8128646 0.2698236 0.8127048 0.2701674 0.8128886 0.2697575 0.8128646 0.2694168 0.8127612 0.2694506 0.8125916 0.2698236 0.8127048 0.2694168 0.8127612 0.2690625 0.8127263 0.269071 0.8125536 0.2694506 0.8125916 0.6699051 0.7857465 0.6698538 0.7943937 0.6697324 0.7942454 0.6697324 0.785737 0.2752359 0.7886332 0.2752872 0.7972803 0.2751145 0.7972897 0.2751145 0.7887815 0.2396942 0.8074697 0.23934 0.8074348 0.2393485 0.8072621 0.239728 0.8073001 0.2400349 0.807573 0.2396942 0.8074697 0.239728 0.8073001 0.240101 0.8074133 0.2403488 0.8077409 0.2400349 0.807573 0.240101 0.8074133 0.2404449 0.8075971 0.240624 0.8079667 0.2403488 0.8077409 0.2404449 0.8075971 0.2407463 0.8078444 0.2408498 0.8082419 0.240624 0.8079667 0.2407463 0.8078444 0.2409936 0.8081458 0.2410176 0.8085558 0.2408498 0.8082419 0.2409936 0.8081458 0.2411774 0.8084896 0.2411209 0.8088964 0.2410176 0.8085558 0.2411774 0.8084896 0.2412906 0.8088627 0.2411558 0.8092507 0.2411209 0.8088964 0.2412906 0.8088627 0.2413288 0.8092507 0.2411209 0.809605 0.2411558 0.8092507 0.2413288 0.8092507 0.2412906 0.8096387 0.2410176 0.8099456 0.2411209 0.809605 0.2412906 0.8096387 0.2411774 0.8100118 0.2408498 0.8102595 0.2410176 0.8099456 0.2411774 0.8100118 0.2409936 0.8103556 0.240624 0.8105347 0.2408498 0.8102595 0.2409936 0.8103556 0.2407463 0.810657 0.2403488 0.8107605 0.240624 0.8105347 0.2407463 0.810657 0.2404449 0.8109043 0.2400349 0.8109283 0.2403488 0.8107605 0.2404449 0.8109043 0.240101 0.8110881 0.2396942 0.8110316 0.2400349 0.8109283 0.240101 0.8110881 0.239728 0.8112013 0.23934 0.8110665 0.2396942 0.8110316 0.239728 0.8112013 0.2393485 0.8112393 0.228379 0.7854859 0.2284302 0.7941331 0.2282575 0.7941427 0.2282575 0.7856342 0.668397 0.7857465 0.6683458 0.7943937 0.6682243 0.7942454 0.6682243 0.785737 0.7992214 0.7524557 0.7948979 0.7524557 0.7948979 0.7523081 0.7992214 0.7523081 0.3078685 0.7425033 0.3078685 0.7468268 0.3077208 0.7468268 0.3077208 0.7426256 0.3077208 0.7524855 0.3077208 0.7481621 0.3078685 0.7482843 0.3078685 0.7524855 0.2035701 0.8101186 0.2078936 0.8101186 0.2078936 0.8102662 0.2035701 0.8102662 0.3077208 0.7581443 0.3077208 0.7538209 0.3078685 0.7538209 0.3078685 0.758022 0.3078684 0.7142093 0.3078684 0.7185328 0.3077208 0.7184105 0.3077208 0.7142093 0.7304984 0.8164443 0.7304984 0.8151473 0.7307578 0.8151473 0.7307578 0.8164443 0.275399 0.8095104 0.275399 0.8108074 0.2751396 0.8108074 0.2751396 0.8095104 0.7304984 0.8151473 0.7304984 0.8138502 0.7307578 0.8138502 0.7307578 0.8151473 0.2753989 0.8121044 0.2753989 0.8134015 0.2751395 0.8134015 0.2751395 0.8121044 0.275399 0.8108074 0.2753989 0.8121044 0.2751395 0.8121044 0.2751396 0.8108074 0.7304984 0.8138502 0.7304984 0.8125532 0.7307578 0.8125532 0.7307578 0.8138502 0.03610831 0.8126099 0.03610831 0.8152039 0.03498506 0.8145554 0.03498506 0.8132584 0.03723162 0.8132584 0.03723162 0.8145554 0.03610831 0.8152039 0.03610831 0.8126099 0.8135273 0.7630487 0.8135273 0.7617516 0.8137867 0.7617516 0.8137867 0.7630487 0.7034764 0.8140146 0.7034764 0.8127176 0.7037359 0.8127176 0.7037359 0.8140146 0.8135273 0.7617516 0.8135273 0.7604545 0.8137867 0.7604545 0.8137867 0.7617516 0.7034764 0.8114206 0.7034764 0.8101235 0.7037359 0.8101235 0.7037359 0.8114206 0.7034764 0.8127176 0.7034764 0.8114206 0.7037359 0.8114206 0.7037359 0.8127176 0.8135273 0.7604545 0.8135273 0.7591575 0.8137867 0.7591575 0.8137867 0.7604545 0.8034358 0.7424113 0.8034358 0.7450053 0.8023125 0.7443568 0.8023125 0.7430598 0.804559 0.7430598 0.804559 0.7443568 0.8034358 0.7450053 0.8034358 0.7424113 0.711516 0.806239 0.7158395 0.806239 0.7158395 0.806595 0.711516 0.806595 0.711516 0.8087308 0.7158395 0.8087308 0.7158395 0.8090867 0.711516 0.8090867 0.711516 0.8058831 0.7158395 0.8058831 0.7158395 0.806239 0.711516 0.806239 0.711516 0.8083748 0.7158395 0.8083748 0.7158395 0.8087308 0.711516 0.8087308 0.711516 0.8108666 0.7158395 0.8108666 0.7158395 0.8112226 0.711516 0.8112226 0.711516 0.805527 0.7158395 0.805527 0.7158395 0.8058831 0.711516 0.8058831 0.711516 0.8080188 0.7158395 0.8080188 0.7158395 0.8083748 0.711516 0.8083748 0.711516 0.8105106 0.7158395 0.8105106 0.7158395 0.8108666 0.711516 0.8108666 0.7987917 0.7624601 0.7944683 0.7624601 0.7944683 0.7538127 0.7987918 0.7538127 0.711516 0.8076629 0.7158395 0.8076629 0.7158395 0.8080188 0.711516 0.8080188 0.711516 0.8101547 0.7158395 0.8101547 0.7158395 0.8105106 0.711516 0.8105106 0.7924103 0.7730467 0.7880868 0.7730467 0.7880868 0.7643993 0.7924103 0.7643993 0.711516 0.8073069 0.7158395 0.8073069 0.7158395 0.8076629 0.711516 0.8076629 0.711516 0.8097987 0.7158395 0.8097987 0.7158395 0.8101547 0.711516 0.8101547 0.711516 0.8069509 0.7158395 0.8069509 0.7158395 0.8073069 0.711516 0.8073069 0.711516 0.8094427 0.7158395 0.8094427 0.7158395 0.8097987 0.711516 0.8097987 0.711516 0.806595 0.7158395 0.806595 0.7158395 0.8069509 0.711516 0.8069509 0.711516 0.8090867 0.7158395 0.8090867 0.7158395 0.8094427 0.711516 0.8094427 0.8045096 0.8145598 0.8001861 0.8145598 0.8001861 0.8102363 0.8045096 0.8102363 0.6868426 0.8102727 0.6911661 0.8102727 0.6911661 0.8145962 0.6868426 0.8145962 0.801683 0.7801522 0.801683 0.7797623 0.8060065 0.7797623 0.8060065 0.7801522 0.801683 0.7774231 0.801683 0.7770332 0.8060065 0.7770332 0.8060065 0.7774231 0.801683 0.780542 0.801683 0.7801522 0.8060065 0.7801522 0.8060065 0.780542 0.801683 0.7778129 0.801683 0.7774231 0.8060065 0.7774231 0.8060065 0.7778129 0.801683 0.7750838 0.801683 0.7747024 0.8060065 0.7747024 0.8060065 0.7750838 0.801683 0.7809234 0.801683 0.780542 0.8060065 0.780542 0.8060065 0.7809234 0.801683 0.7782028 0.801683 0.7778129 0.8060065 0.7778129 0.8060065 0.7782028 0.801683 0.7754737 0.801683 0.7750838 0.8060065 0.7750838 0.8060065 0.7754737 0.206488 0.793107 0.206488 0.8016155 0.2021645 0.8016155 0.2021645 0.793107 0.801683 0.7785927 0.801683 0.7782028 0.8060065 0.7782028 0.8060065 0.7785927 0.801683 0.7758636 0.801683 0.7754737 0.8060065 0.7754737 0.8060065 0.7758636 0.6465942 0.8016504 0.6465942 0.793142 0.6509177 0.793142 0.6509177 0.8016504 0.801683 0.7789825 0.801683 0.7785927 0.8060065 0.7785927 0.8060065 0.7789825 0.801683 0.7762535 0.801683 0.7758636 0.8060065 0.7758636 0.8060065 0.7762535 0.801683 0.7793724 0.801683 0.7789825 0.8060065 0.7789825 0.8060065 0.7793724 0.801683 0.7766433 0.801683 0.7762535 0.8060065 0.7762535 0.8060065 0.7766433 0.801683 0.7797623 0.801683 0.7793724 0.8060065 0.7793724 0.8060065 0.7797623 0.801683 0.7770332 0.801683 0.7766433 0.8060065 0.7766433 0.8060065 0.7770332 0.8093239 0.807945 0.8136474 0.807945 0.8136474 0.8121462 0.8093239 0.8121462 0.7289389 0.813682 0.7246155 0.813682 0.7246155 0.8094809 0.7289389 0.8094809 0.6683737 0.8122774 0.6683822 0.8121047 0.6687617 0.8121427 0.6687279 0.8123124 0.6687279 0.8123124 0.6687617 0.8121427 0.6691348 0.8122559 0.6690686 0.8124157 0.6690686 0.8124157 0.6691348 0.8122559 0.6694787 0.8124397 0.6693825 0.8125835 0.6693825 0.8125835 0.6694787 0.8124397 0.66978 0.812687 0.6696577 0.8128093 0.6696577 0.8128093 0.66978 0.812687 0.6700273 0.8129884 0.6698836 0.8130845 0.6698836 0.8130845 0.6700273 0.8129884 0.6702111 0.8133322 0.6700513 0.8133984 0.6700513 0.8133984 0.6702111 0.8133322 0.6703243 0.8137053 0.6701546 0.8137391 0.6701546 0.8137391 0.6703243 0.8137053 0.6703625 0.8140933 0.6701896 0.8140933 0.6701896 0.8140933 0.6703625 0.8140933 0.6703243 0.8144813 0.6701546 0.8144476 0.6701546 0.8144476 0.6703243 0.8144813 0.6702111 0.8148544 0.6700513 0.8147882 0.6700513 0.8147882 0.6702111 0.8148544 0.6700273 0.8151983 0.6698836 0.8151022 0.6698836 0.8151022 0.6700273 0.8151983 0.66978 0.8154996 0.6696577 0.8153773 0.6696577 0.8153773 0.66978 0.8154996 0.6694787 0.8157469 0.6693825 0.8156031 0.6693825 0.8156031 0.6694787 0.8157469 0.6691348 0.8159307 0.6690686 0.8157709 0.6690686 0.8157709 0.6691348 0.8159307 0.6687617 0.8160439 0.6687279 0.8158743 0.6687279 0.8158743 0.6687617 0.8160439 0.6683822 0.8160819 0.6683737 0.8159092 0.7270104 0.7755961 0.7271831 0.7755866 0.7271831 0.7840951 0.7270617 0.7842434 0.7285698 0.7755865 0.7286912 0.7757348 0.7286912 0.7842433 0.7285185 0.7842338 0.6767214 0.8158742 0.6767551 0.8160438 0.6763756 0.8160818 0.6763671 0.8159091 0.677062 0.8157709 0.6771282 0.8159307 0.6767551 0.8160438 0.6767214 0.8158742 0.677376 0.8156031 0.6774721 0.8157469 0.6771282 0.8159307 0.677062 0.8157709 0.6776511 0.8153772 0.6777734 0.8154996 0.6774721 0.8157469 0.677376 0.8156031 0.677877 0.8151021 0.6780208 0.8151982 0.6777734 0.8154996 0.6776511 0.8153772 0.6780447 0.8147882 0.6782045 0.8148543 0.6780208 0.8151982 0.677877 0.8151021 0.6781481 0.8144475 0.6783177 0.8144813 0.6782045 0.8148543 0.6780447 0.8147882 0.678183 0.8140932 0.6783559 0.8140932 0.6783177 0.8144813 0.6781481 0.8144475 0.6781481 0.813739 0.6783177 0.8137053 0.6783559 0.8140932 0.678183 0.8140932 0.6780447 0.8133984 0.6782045 0.8133322 0.6783177 0.8137053 0.6781481 0.813739 0.677877 0.8130844 0.6780208 0.8129884 0.6782045 0.8133322 0.6780447 0.8133984 0.6776511 0.8128092 0.6777734 0.812687 0.6780208 0.8129884 0.677877 0.8130844 0.677376 0.8125835 0.6774721 0.8124396 0.6777734 0.812687 0.6776511 0.8128092 0.677062 0.8124156 0.6771282 0.8122559 0.6774721 0.8124396 0.677376 0.8125835 0.6767214 0.8123123 0.6767551 0.8121427 0.6771282 0.8122559 0.677062 0.8124156 0.6763671 0.8122774 0.6763756 0.8121047 0.6767551 0.8121427 0.6767214 0.8123123 0.7595728 0.7935614 0.7594514 0.7934131 0.7594514 0.7849047 0.7596241 0.7849142 0.769681 0.7849471 0.7698537 0.7849376 0.7698537 0.7934461 0.7697322 0.7935944 0.8093239 0.8122938 0.8093239 0.8121462 0.8136474 0.8121462 0.8136474 0.8122938 0.3078684 0.7241916 0.3077209 0.7240693 0.3077208 0.7198681 0.3078685 0.7198681 0.3078685 0.7807795 0.3077209 0.7807795 0.3077209 0.7765783 0.3078685 0.776456 0.7289389 0.8093332 0.7289389 0.8094809 0.7246155 0.8094809 0.7246155 0.8093332 0.3078685 0.7864382 0.3077209 0.786316 0.3077209 0.7821148 0.3078685 0.7821148 0.3077209 0.7255268 0.3078685 0.7255268 0.3078685 0.729728 0.3077209 0.7298503 0.600822 0.8140447 0.6005626 0.8140447 0.6005626 0.8127477 0.600822 0.8127477 0.6604827 0.8140421 0.6602233 0.8140421 0.6602233 0.8127451 0.6604827 0.8127451 0.600822 0.8127477 0.6005626 0.8127477 0.6005626 0.8114506 0.600822 0.8114506 0.6604827 0.811448 0.6602233 0.811448 0.6602233 0.810151 0.6604827 0.810151 0.6604827 0.8127451 0.6602233 0.8127451 0.6602233 0.811448 0.6604827 0.811448 0.600822 0.8114506 0.6005626 0.8114506 0.6005626 0.8101536 0.600822 0.8101536 0.8097881 0.7621398 0.8086649 0.7627884 0.8075416 0.7621398 0.8075416 0.7608428 0.8097881 0.7608428 0.8097881 0.7621398 0.8075416 0.7608428 0.8086649 0.7601943 0.2500602 0.8142334 0.2498007 0.8142334 0.2498007 0.8129364 0.2500602 0.8129364 0.5935684 0.8140447 0.593309 0.8140447 0.593309 0.8127477 0.5935684 0.8127477 0.2500602 0.8129364 0.2498007 0.8129364 0.2498007 0.8116393 0.2500602 0.8116393 0.5935684 0.8114506 0.593309 0.8114506 0.593309 0.8101536 0.5935684 0.8101536 0.5935684 0.8127477 0.593309 0.8127477 0.593309 0.8114506 0.5935684 0.8114506 0.2500602 0.8116393 0.2498007 0.8116393 0.2498007 0.8103423 0.2500602 0.8103423 0.7137625 0.8132065 0.7137625 0.8145036 0.7126392 0.8151521 0.7115159 0.8145036 0.7126392 0.812558 0.7137625 0.8132065 0.7115159 0.8145036 0.7115159 0.8132065 0.7348217 0.810506 0.7304983 0.810506 0.7304983 0.81015 0.7348217 0.81015 0.7348217 0.8080142 0.7304983 0.8080142 0.7304983 0.8076582 0.7348217 0.8076582 0.7348217 0.810862 0.7304983 0.810862 0.7304983 0.810506 0.7348217 0.810506 0.7348217 0.8083702 0.7304983 0.8083702 0.7304983 0.8080142 0.7348217 0.8080142 0.7348217 0.8058784 0.7304983 0.8058784 0.7304983 0.8055224 0.7348217 0.8055224 0.7348217 0.8112179 0.7304983 0.8112179 0.7304983 0.810862 0.7348217 0.810862 0.7348217 0.8087261 0.7304983 0.8087261 0.7304983 0.8083702 0.7348217 0.8083702 0.7348217 0.8062343 0.7304983 0.8062343 0.7304983 0.8058784 0.7348217 0.8058784 0.784446 0.7990428 0.7801225 0.7990428 0.7801225 0.7903954 0.784446 0.7903954 0.7348217 0.8090821 0.7304983 0.8090821 0.7304983 0.8087261 0.7348217 0.8087261 0.7348217 0.8065903 0.7304983 0.8065903 0.7304983 0.8062343 0.7348217 0.8062343 0.6768077 0.7958492 0.6724842 0.7958492 0.6724842 0.7872018 0.6768077 0.7872018 0.7348217 0.8094381 0.7304983 0.8094381 0.7304983 0.8090821 0.7348217 0.8090821 0.7348217 0.8069463 0.7304983 0.8069463 0.7304983 0.8065903 0.7348217 0.8065903 0.7348217 0.809794 0.7304983 0.809794 0.7304983 0.8094381 0.7348217 0.8094381 0.7348217 0.8073022 0.7304983 0.8073022 0.7304983 0.8069463 0.7348217 0.8069463 0.7348217 0.81015 0.7304983 0.81015 0.7304983 0.809794 0.7348217 0.809794 0.7348217 0.8076582 0.7304983 0.8076582 0.7304983 0.8073022 0.7348217 0.8073022 0.2472129 0.8146659 0.2428894 0.8146659 0.2428894 0.8103424 0.2472129 0.8103424 0.2513955 0.8103423 0.255719 0.8103423 0.255719 0.8146657 0.2513955 0.8146657 0.8060064 0.7860604 0.8060064 0.7864503 0.801683 0.7864503 0.801683 0.7860604 0.8060064 0.7887895 0.8060064 0.7891794 0.801683 0.7891794 0.801683 0.7887895 0.8060064 0.7856705 0.8060064 0.7860604 0.801683 0.7860604 0.801683 0.7856705 0.8060064 0.7883996 0.8060064 0.7887895 0.801683 0.7887895 0.801683 0.7883996 0.8060064 0.7911288 0.8060064 0.7915102 0.801683 0.7915102 0.801683 0.7911288 0.8060064 0.7852891 0.8060064 0.7856705 0.801683 0.7856705 0.801683 0.7852891 0.8060064 0.7880098 0.8060064 0.7883996 0.801683 0.7883996 0.801683 0.7880098 0.8060064 0.7907389 0.8060064 0.7911288 0.801683 0.7911288 0.801683 0.7907389 0.5864678 0.793142 0.5864678 0.8016505 0.5821443 0.8016505 0.5821443 0.793142 0.8060064 0.7876199 0.8060064 0.7880098 0.801683 0.7880098 0.801683 0.7876199 0.8060064 0.790349 0.8060064 0.7907389 0.801683 0.7907389 0.801683 0.790349 0.6544212 0.8016504 0.6544212 0.793142 0.6587446 0.793142 0.6587446 0.8016504 0.8060064 0.78723 0.8060064 0.7876199 0.801683 0.7876199 0.801683 0.78723 0.8060064 0.7899591 0.8060064 0.790349 0.801683 0.790349 0.801683 0.7899591 0.8060064 0.7868402 0.8060064 0.78723 0.801683 0.78723 0.801683 0.7868402 0.8060064 0.7895693 0.8060064 0.7899591 0.801683 0.7899591 0.801683 0.7895693 0.8060064 0.7864503 0.8060064 0.7868402 0.801683 0.7868402 0.801683 0.7864503 0.8060064 0.7891794 0.8060064 0.7895693 0.801683 0.7895693 0.801683 0.7891794 0.6274942 0.8093673 0.6318176 0.8093673 0.6318176 0.8135685 0.6274942 0.8135685 0.7050712 0.8101235 0.7093947 0.8101235 0.7093947 0.8143246 0.7050712 0.8143246 0.6716979 0.8122774 0.6717063 0.8121047 0.6720858 0.8121427 0.6720521 0.8123124 0.6720521 0.8123124 0.6720858 0.8121427 0.672459 0.8122559 0.6723927 0.8124157 0.6723927 0.8124157 0.672459 0.8122559 0.6728028 0.8124397 0.6727067 0.8125835 0.6727067 0.8125835 0.6728028 0.8124397 0.6731041 0.812687 0.6729819 0.8128093 0.6729819 0.8128093 0.6731041 0.812687 0.6733515 0.8129884 0.6732077 0.8130845 0.6732077 0.8130845 0.6733515 0.8129884 0.6735352 0.8133323 0.6733755 0.8133984 0.6733755 0.8133984 0.6735352 0.8133323 0.6736484 0.8137053 0.6734788 0.8137391 0.6734788 0.8137391 0.6736484 0.8137053 0.6736866 0.8140933 0.6735137 0.8140933 0.6735137 0.8140933 0.6736866 0.8140933 0.6736484 0.8144813 0.6734788 0.8144476 0.6734788 0.8144476 0.6736484 0.8144813 0.6735352 0.8148544 0.6733755 0.8147882 0.6733755 0.8147882 0.6735352 0.8148544 0.6733515 0.8151983 0.6732077 0.8151022 0.6732077 0.8151022 0.6733515 0.8151983 0.6731041 0.8154996 0.6729819 0.8153773 0.6729819 0.8153773 0.6731041 0.8154996 0.6728028 0.8157469 0.6727067 0.8156031 0.6727067 0.8156031 0.6728028 0.8157469 0.672459 0.8159307 0.6723927 0.8157709 0.6723927 0.8157709 0.672459 0.8159307 0.6720858 0.8160439 0.6720521 0.8158743 0.6720521 0.8158743 0.6720858 0.8160439 0.6717063 0.8160819 0.6716979 0.8159092 0.7571113 0.7849142 0.7572839 0.7849047 0.7572839 0.7934132 0.7571625 0.7935614 0.6683458 0.7844016 0.6682244 0.7842532 0.6682244 0.7757448 0.6683971 0.7757543 0.3036843 0.8160061 0.303718 0.8161757 0.3033385 0.8162137 0.30333 0.816041 0.3040249 0.8159028 0.3040911 0.8160625 0.303718 0.8161757 0.3036843 0.8160061 0.3043389 0.8157349 0.304435 0.8158788 0.3040911 0.8160625 0.3040249 0.8159028 0.304614 0.8155092 0.3047363 0.8156314 0.304435 0.8158788 0.3043389 0.8157349 0.3048399 0.815234 0.3049837 0.81533 0.3047363 0.8156314 0.304614 0.8155092 0.3050076 0.81492 0.3051674 0.8149862 0.3049837 0.81533 0.3048399 0.815234 0.305111 0.8145794 0.3052806 0.8146131 0.3051674 0.8149862 0.3050076 0.81492 0.3051459 0.8142251 0.3053188 0.8142251 0.3052806 0.8146131 0.305111 0.8145794 0.305111 0.8138709 0.3052806 0.8138371 0.3053188 0.8142251 0.3051459 0.8142251 0.3050076 0.8135302 0.3051674 0.8134641 0.3052806 0.8138371 0.305111 0.8138709 0.3048399 0.8132163 0.3049837 0.8131202 0.3051674 0.8134641 0.3050076 0.8135302 0.304614 0.8129411 0.3047363 0.8128188 0.3049837 0.8131202 0.3048399 0.8132163 0.3043389 0.8127153 0.304435 0.8125715 0.3047363 0.8128188 0.304614 0.8129411 0.3040249 0.8125475 0.3040911 0.8123877 0.304435 0.8125715 0.3043389 0.8127153 0.3036843 0.8124442 0.303718 0.8122745 0.3040911 0.8123877 0.3040249 0.8125475 0.30333 0.8124093 0.3033385 0.8122366 0.303718 0.8122745 0.3036843 0.8124442 0.6799867 0.7958585 0.6798653 0.7957102 0.6798653 0.7872018 0.680038 0.7872113 0.6707078 0.7757543 0.6708804 0.7757448 0.6708804 0.7842532 0.670759 0.7844015 0.6274942 0.8137161 0.6274942 0.8135685 0.6318176 0.8135685 0.6318176 0.8137161 0.7594515 0.7948968 0.759599 0.7950191 0.759599 0.7992203 0.7594515 0.7992203 0.7076389 0.7998983 0.7074913 0.7998983 0.7074913 0.7956971 0.7076389 0.7955748 0.7050712 0.8144723 0.7050712 0.8143246 0.7093947 0.8143246 0.7093947 0.8144723 0.2680994 0.7976594 0.2679518 0.7975371 0.2679518 0.7933359 0.2680994 0.7933359 0.7938047 0.8015346 0.7939524 0.8015346 0.7939524 0.8057355 0.7938047 0.8058578 0.2726461 0.8164448 0.2723867 0.8164448 0.2723867 0.8151477 0.2726461 0.8151477 0.7155801 0.812558 0.7158395 0.812558 0.7158395 0.813855 0.7155801 0.813855 0.2726461 0.8151477 0.2723867 0.8151477 0.2723867 0.8138507 0.2726461 0.8138507 0.7155801 0.8151521 0.7158395 0.8151521 0.7158395 0.8164491 0.7155801 0.8164491 0.7155801 0.813855 0.7158395 0.813855 0.7158395 0.8151521 0.7155801 0.8151521 0.2726461 0.8138507 0.2723867 0.8138507 0.2723867 0.8125537 0.2726461 0.8125537 0.01496332 0.8126099 0.01608657 0.8132584 0.01608657 0.8145554 0.01496332 0.8152039 0.01384007 0.8132584 0.01496332 0.8126099 0.01496332 0.8152039 0.01384007 0.8145554 0.8155714 0.7843498 0.815312 0.7843498 0.815312 0.7830528 0.8155714 0.7830528 0.8153814 0.7630487 0.815122 0.7630487 0.815122 0.7617516 0.8153814 0.7617516 0.8155714 0.7830528 0.815312 0.7830528 0.815312 0.7817557 0.8155714 0.7817557 0.8153814 0.7604546 0.815122 0.7604546 0.815122 0.7591575 0.8153814 0.7591575 0.8153814 0.7617516 0.815122 0.7617516 0.815122 0.7604546 0.8153814 0.7604546 0.8155714 0.7817557 0.815312 0.7817557 0.815312 0.7804587 0.8155714 0.7804587 0.01057249 0.8126099 0.0116958 0.8132584 0.0116958 0.8145554 0.01057249 0.815204 0.009449243 0.8132584 0.01057249 0.8126099 0.01057249 0.815204 0.009449243 0.8145554 0.6783559 0.8100575 0.6740325 0.8100575 0.6740325 0.8097015 0.6783559 0.8097015 0.6783559 0.8075656 0.6740325 0.8075656 0.6740325 0.8072097 0.6783559 0.8072097 0.6783559 0.8104134 0.6740325 0.8104134 0.6740325 0.8100575 0.6783559 0.8100575 0.6783559 0.8079217 0.6740325 0.8079217 0.6740325 0.8075656 0.6783559 0.8075656 0.6783559 0.8054299 0.6740325 0.8054299 0.6740325 0.8050739 0.6783559 0.8050739 0.6783559 0.8107694 0.6740325 0.8107694 0.6740325 0.8104134 0.6783559 0.8104134 0.6783559 0.8082776 0.6740325 0.8082776 0.6740325 0.8079217 0.6783559 0.8079217 0.6783559 0.8057858 0.6740325 0.8057858 0.6740325 0.8054299 0.6783559 0.8054299 0.7713323 0.7903971 0.7756558 0.7903971 0.7756558 0.7990445 0.7713323 0.7990445 0.6783559 0.8086336 0.6740325 0.8086336 0.6740325 0.8082776 0.6783559 0.8082776 0.6783559 0.8061417 0.6740325 0.8061417 0.6740325 0.8057858 0.6783559 0.8057858 0.7992213 0.7467716 0.7948979 0.7467716 0.7948979 0.7381242 0.7992213 0.7381242 0.6783559 0.8089895 0.6740325 0.8089895 0.6740325 0.8086336 0.6783559 0.8086336 0.6783559 0.8064978 0.6740325 0.8064978 0.6740325 0.8061417 0.6783559 0.8061417 0.6783559 0.8093455 0.6740325 0.8093455 0.6740325 0.8089895 0.6783559 0.8089895 0.6783559 0.8068537 0.6740325 0.8068537 0.6740325 0.8064978 0.6783559 0.8064978 0.6783559 0.8097015 0.6740325 0.8097015 0.6740325 0.8093455 0.6783559 0.8093455 0.6783559 0.8072097 0.6740325 0.8072097 0.6740325 0.8068537 0.6783559 0.8068537 0.7982191 0.814873 0.7938957 0.814873 0.7938957 0.8105496 0.7982191 0.8105496 0.6973258 0.8109546 0.7016493 0.8109546 0.7016493 0.8152781 0.6973258 0.8152781 0.2112694 0.805379 0.2112694 0.8049892 0.2155929 0.8049892 0.2155929 0.805379 0.2112694 0.80265 0.2112694 0.8022601 0.2155929 0.8022601 0.2155929 0.80265 0.2112694 0.8057689 0.2112694 0.805379 0.2155929 0.805379 0.2155929 0.8057689 0.2112694 0.8030399 0.2112694 0.80265 0.2155929 0.80265 0.2155929 0.8030399 0.2112694 0.8003107 0.2112694 0.7999293 0.2155929 0.7999293 0.2155929 0.8003107 0.2112694 0.8061503 0.2112694 0.8057689 0.2155929 0.8057689 0.2155929 0.8061503 0.2112694 0.8034297 0.2112694 0.8030399 0.2155929 0.8030399 0.2155929 0.8034297 0.2112694 0.8007006 0.2112694 0.8003107 0.2155929 0.8003107 0.2155929 0.8007006 0.5921266 0.793142 0.5921266 0.8016505 0.5878031 0.8016505 0.5878031 0.793142 0.2112694 0.8038195 0.2112694 0.8034297 0.2155929 0.8034297 0.2155929 0.8038195 0.2112694 0.8010905 0.2112694 0.8007006 0.2155929 0.8007006 0.2155929 0.8010905 0.2428894 0.8018443 0.2428894 0.7933359 0.2472129 0.7933359 0.2472129 0.8018443 0.2112694 0.8042094 0.2112694 0.8038195 0.2155929 0.8038195 0.2155929 0.8042094 0.2112694 0.8014804 0.2112694 0.8010905 0.2155929 0.8010905 0.2155929 0.8014804 0.2112694 0.8045993 0.2112694 0.8042094 0.2155929 0.8042094 0.2155929 0.8045993 0.2112694 0.8018702 0.2112694 0.8014804 0.2155929 0.8014804 0.2155929 0.8018702 0.2112694 0.8049892 0.2112694 0.8045993 0.2155929 0.8045993 0.2155929 0.8049892 0.2112694 0.8022601 0.2112694 0.8018702 0.2155929 0.8018702 0.2155929 0.8022601 0.6233114 0.8144998 0.6189879 0.8144998 0.6189879 0.8102987 0.6233114 0.8102987 0.6133291 0.8101511 0.6176526 0.8101511 0.6176526 0.8143522 0.6133291 0.8143522 0.8059997 0.8096907 0.8060082 0.8095179 0.8063877 0.8095559 0.806354 0.8097255 0.806354 0.8097255 0.8063877 0.8095559 0.8067608 0.8096691 0.8066946 0.8098289 0.8066946 0.8098289 0.8067608 0.8096691 0.8071047 0.8098529 0.8070085 0.8099967 0.8070085 0.8099967 0.8071047 0.8098529 0.807406 0.8101002 0.8072837 0.8102225 0.8072837 0.8102225 0.807406 0.8101002 0.8076534 0.8104016 0.8075096 0.8104977 0.8075096 0.8104977 0.8076534 0.8104016 0.8078371 0.8107454 0.8076773 0.8108116 0.8076773 0.8108116 0.8078371 0.8107454 0.8079503 0.8111185 0.8077807 0.8111522 0.8077807 0.8111522 0.8079503 0.8111185 0.8079885 0.8115065 0.8078156 0.8115065 0.8078156 0.8115065 0.8079885 0.8115065 0.8079503 0.8118945 0.8077807 0.8118607 0.8077807 0.8118607 0.8079503 0.8118945 0.8078371 0.8122676 0.8076773 0.8122014 0.8076773 0.8122014 0.8078371 0.8122676 0.8076534 0.8126114 0.8075096 0.8125153 0.8075096 0.8125153 0.8076534 0.8126114 0.807406 0.8129128 0.8072837 0.8127905 0.8072837 0.8127905 0.807406 0.8129128 0.8071047 0.8131601 0.8070085 0.8130163 0.8070085 0.8130163 0.8071047 0.8131601 0.8067608 0.8133439 0.8066946 0.8131842 0.8066946 0.8131842 0.8067608 0.8133439 0.8063877 0.8134571 0.806354 0.8132874 0.806354 0.8132874 0.8063877 0.8134571 0.8060082 0.8134951 0.8059997 0.8133224 0.6995351 0.7872096 0.6997078 0.7872 0.6997078 0.7957084 0.6995864 0.7958567 0.6894613 0.7943914 0.6893399 0.7942431 0.6893399 0.7857347 0.6895126 0.7857442 0.08811187 0.8153102 0.08814555 0.8154799 0.08776611 0.8155179 0.08775758 0.8153451 0.08845245 0.8152069 0.08851867 0.8153667 0.08814555 0.8154799 0.08811187 0.8153102 0.08876639 0.8150391 0.08886253 0.8151829 0.08851867 0.8153667 0.08845245 0.8152069 0.08904159 0.8148133 0.08916389 0.8149356 0.08886253 0.8151829 0.08876639 0.8150391 0.08926743 0.8145381 0.08941119 0.8146342 0.08916389 0.8149356 0.08904159 0.8148133 0.08943521 0.8142242 0.08959501 0.8142904 0.08941119 0.8146342 0.08926743 0.8145381 0.08953857 0.8138836 0.0897082 0.8139173 0.08959501 0.8142904 0.08943521 0.8142242 0.08957344 0.8135293 0.08974635 0.8135293 0.0897082 0.8139173 0.08953857 0.8138836 0.08953857 0.813175 0.0897082 0.8131413 0.08974635 0.8135293 0.08957344 0.8135293 0.08943521 0.8128344 0.08959501 0.8127682 0.0897082 0.8131413 0.08953857 0.813175 0.08926743 0.8125205 0.08941119 0.8124244 0.08959501 0.8127682 0.08943521 0.8128344 0.08904159 0.8122453 0.08916389 0.812123 0.08941119 0.8124244 0.08926743 0.8125205 0.08876639 0.8120195 0.08886253 0.8118757 0.08916389 0.812123 0.08904159 0.8122453 0.08845245 0.8118517 0.08851867 0.8116919 0.08886253 0.8118757 0.08876639 0.8120195 0.08811187 0.8117483 0.08814555 0.8115787 0.08851867 0.8116919 0.08845245 0.8118517 0.08775758 0.8117134 0.08776611 0.8115407 0.08814555 0.8115787 0.08811187 0.8117483 0.7467165 0.783774 0.7465952 0.7836257 0.7465952 0.7751172 0.7467678 0.7751267 0.7681729 0.7849471 0.7683456 0.7849376 0.7683456 0.7934461 0.7682242 0.7935944 0.6233114 0.8101511 0.6233114 0.8102987 0.6189879 0.8102987 0.6189879 0.8101511 0.8015398 0.7296675 0.8016874 0.7297898 0.8016874 0.733991 0.8015398 0.733991 0.2680995 0.8033182 0.2679519 0.8033182 0.2679519 0.799117 0.2680995 0.7989947 0.6133291 0.8144998 0.6133291 0.8143522 0.6176526 0.8143522 0.6176526 0.8144998 0.2005766 0.8002699 0.200429 0.8001475 0.200429 0.7959464 0.2005766 0.7959464 0.3077209 0.7311857 0.3078685 0.7311857 0.3078685 0.7353869 0.3077209 0.7355091 0.1556575 0.8156861 0.1553981 0.8156861 0.1553981 0.814389 0.1556575 0.814389 0.165697 0.8155566 0.1654376 0.8155566 0.1654376 0.8142595 0.165697 0.8142595 0.1556575 0.814389 0.1553981 0.814389 0.1553981 0.813092 0.1556575 0.813092 0.165697 0.8129625 0.1654376 0.8129625 0.1654376 0.8116655 0.165697 0.8116655 0.165697 0.8142595 0.1654376 0.8142595 0.1654376 0.8129625 0.165697 0.8129625 0.1556575 0.813092 0.1553981 0.813092 0.1553981 0.8117949 0.1556575 0.8117949 0.2783019 0.710791 0.2783019 0.7120881 0.2771787 0.7127366 0.2760554 0.7120881 0.2771787 0.7101425 0.2783019 0.710791 0.2760554 0.7120881 0.2760554 0.710791 0.8159091 0.7578222 0.8156497 0.7578222 0.8156497 0.7565252 0.8159091 0.7565252 0.1504791 0.8094435 0.1507385 0.8094435 0.1507385 0.8107405 0.1504791 0.8107405 0.8159091 0.7565252 0.8156497 0.7565252 0.8156497 0.7552281 0.8159091 0.7552281 0.1504791 0.8120376 0.1507385 0.8120376 0.1507385 0.8133346 0.1504791 0.8133346 0.1504791 0.8107405 0.1507385 0.8107405 0.1507385 0.8120376 0.1504791 0.8120376 0.8159091 0.7552281 0.8156497 0.7552281 0.8156497 0.7539311 0.8159091 0.7539311 0.02813565 0.8126099 0.02925896 0.8132584 0.02925896 0.8145554 0.02813565 0.8152039 0.0270124 0.8132584 0.02813565 0.8126099 0.02813565 0.8152039 0.0270124 0.8145554 0.1713668 0.8053466 0.1756903 0.8053466 0.1756903 0.8057026 0.1713668 0.8057026 0.1713668 0.8078384 0.1756903 0.8078384 0.1756903 0.8081943 0.1713668 0.8081943 0.1713668 0.8049907 0.1756903 0.8049907 0.1756903 0.8053466 0.1713668 0.8053466 0.1713668 0.8074824 0.1756903 0.8074824 0.1756903 0.8078384 0.1713668 0.8078384 0.1713668 0.8099742 0.1756903 0.8099742 0.1756903 0.8103302 0.1713668 0.8103302 0.1713668 0.8046346 0.1756903 0.8046346 0.1756903 0.8049907 0.1713668 0.8049907 0.1713668 0.8071265 0.1756903 0.8071265 0.1756903 0.8074824 0.1713668 0.8074824 0.1713668 0.8096182 0.1756903 0.8096182 0.1756903 0.8099742 0.1713668 0.8099742 0.7948992 0.7196848 0.7992227 0.7196848 0.7992227 0.7283322 0.7948992 0.7283322 0.1713668 0.8067705 0.1756903 0.8067705 0.1756903 0.8071265 0.1713668 0.8071265 0.1713668 0.8092623 0.1756903 0.8092623 0.1756903 0.8096182 0.1713668 0.8096182 0.7549101 0.7992957 0.7505866 0.7992957 0.7505866 0.7906484 0.7549101 0.7906484 0.1713668 0.8064145 0.1756903 0.8064145 0.1756903 0.8067705 0.1713668 0.8067705 0.1713668 0.8089063 0.1756903 0.8089063 0.1756903 0.8092623 0.1713668 0.8092623 0.1713668 0.8060585 0.1756903 0.8060585 0.1756903 0.8064145 0.1713668 0.8064145 0.1713668 0.8085503 0.1756903 0.8085503 0.1756903 0.8089063 0.1713668 0.8089063 0.1713668 0.8057026 0.1756903 0.8057026 0.1756903 0.8060585 0.1713668 0.8060585 0.1713668 0.8081943 0.1756903 0.8081943 0.1756903 0.8085503 0.1713668 0.8085503 0.6381945 0.810151 0.6381945 0.8144745 0.633871 0.8144745 0.633871 0.810151 0.6451886 0.8144745 0.6451886 0.810151 0.649512 0.810151 0.649512 0.8144745 0.8018829 0.7592625 0.8018829 0.7588726 0.8062064 0.7588726 0.8062064 0.7592625 0.8018829 0.7565333 0.8018829 0.7561435 0.8062064 0.7561435 0.8062064 0.7565333 0.8018829 0.7596523 0.8018829 0.7592625 0.8062064 0.7592625 0.8062064 0.7596523 0.8018829 0.7569232 0.8018829 0.7565333 0.8062064 0.7565333 0.8062064 0.7569232 0.8018829 0.7541941 0.8018829 0.7538127 0.8062064 0.7538127 0.8062064 0.7541941 0.8018829 0.7600337 0.8018829 0.7596523 0.8062064 0.7596523 0.8062064 0.7600337 0.8018829 0.7573131 0.8018829 0.7569232 0.8062064 0.7569232 0.8062064 0.7573131 0.8018829 0.754584 0.8018829 0.7541941 0.8062064 0.7541941 0.8062064 0.754584 0.5977854 0.793142 0.5977854 0.8016505 0.5934619 0.8016505 0.5934619 0.793142 0.8018829 0.757703 0.8018829 0.7573131 0.8062064 0.7573131 0.8062064 0.757703 0.8018829 0.7549738 0.8018829 0.754584 0.8062064 0.754584 0.8062064 0.7549738 0.2485482 0.8018443 0.2485482 0.7933359 0.2528717 0.7933359 0.2528717 0.8018443 0.8018829 0.7580928 0.8018829 0.757703 0.8062064 0.757703 0.8062064 0.7580928 0.8018829 0.7553637 0.8018829 0.7549738 0.8062064 0.7549738 0.8062064 0.7553637 0.8018829 0.7584827 0.8018829 0.7580928 0.8062064 0.7580928 0.8062064 0.7584827 0.8018829 0.7557536 0.8018829 0.7553637 0.8062064 0.7553637 0.8062064 0.7557536 0.8018829 0.7588726 0.8018829 0.7584827 0.8062064 0.7584827 0.8062064 0.7588726 0.8018829 0.7561435 0.8018829 0.7557536 0.8062064 0.7557536 0.8062064 0.7561435 0.7742503 0.811899 0.7699269 0.811899 0.7699269 0.8076978 0.7742503 0.8076978 0.6395298 0.810151 0.6438533 0.810151 0.6438533 0.8143522 0.6395298 0.8143522 0.8136322 0.7953546 0.8136407 0.7951819 0.8140202 0.7952199 0.8139864 0.7953895 0.8139864 0.7953895 0.8140202 0.7952199 0.8143933 0.7953331 0.8143271 0.7954928 0.8143271 0.7954928 0.8143933 0.7953331 0.8147371 0.7955169 0.814641 0.7956607 0.814641 0.7956607 0.8147371 0.7955169 0.8150385 0.7957642 0.8149161 0.7958865 0.8149161 0.7958865 0.8150385 0.7957642 0.8152858 0.7960656 0.815142 0.7961617 0.815142 0.7961617 0.8152858 0.7960656 0.8154696 0.7964094 0.8153098 0.7964756 0.8153098 0.7964756 0.8154696 0.7964094 0.8155828 0.7967825 0.8154131 0.7968162 0.8154131 0.7968162 0.8155828 0.7967825 0.815621 0.7971705 0.815448 0.7971705 0.815448 0.7971705 0.815621 0.7971705 0.8155828 0.7975585 0.8154131 0.7975248 0.8154131 0.7975248 0.8155828 0.7975585 0.8154696 0.7979316 0.8153098 0.7978654 0.8153098 0.7978654 0.8154696 0.7979316 0.8152858 0.7982754 0.815142 0.7981793 0.815142 0.7981793 0.8152858 0.7982754 0.8150385 0.7985768 0.8149161 0.7984545 0.8149161 0.7984545 0.8150385 0.7985768 0.8147371 0.7988241 0.814641 0.7986803 0.814641 0.7986803 0.8147371 0.7988241 0.8143933 0.7990079 0.8143271 0.7988481 0.8143271 0.7988481 0.8143933 0.7990079 0.8140202 0.799121 0.8139864 0.7989515 0.8139864 0.7989515 0.8140202 0.799121 0.8136407 0.7991591 0.8136322 0.7989863 0.678143 0.7872112 0.6783157 0.7872018 0.6783157 0.7957101 0.6781943 0.7958585 0.228379 0.7841505 0.2282575 0.7840022 0.2282575 0.7754937 0.2284302 0.7755032 0.8139865 0.8042638 0.8140203 0.8044335 0.8136408 0.8044715 0.8136323 0.8042988 0.8143272 0.8041605 0.8143934 0.8043203 0.8140203 0.8044335 0.8139865 0.8042638 0.8146411 0.8039927 0.8147372 0.8041365 0.8143934 0.8043203 0.8143272 0.8041605 0.8149163 0.8037669 0.8150386 0.8038892 0.8147372 0.8041365 0.8146411 0.8039927 0.8151421 0.8034917 0.8152859 0.8035878 0.8150386 0.8038892 0.8149163 0.8037669 0.81531 0.8031778 0.8154697 0.8032439 0.8152859 0.8035878 0.8151421 0.8034917 0.8154132 0.8028371 0.8155829 0.8028709 0.8154697 0.8032439 0.81531 0.8031778 0.8154481 0.8024829 0.8156211 0.8024829 0.8155829 0.8028709 0.8154132 0.8028371 0.8154132 0.8021286 0.8155829 0.8020949 0.8156211 0.8024829 0.8154481 0.8024829 0.81531 0.801788 0.8154697 0.8017218 0.8155829 0.8020949 0.8154132 0.8021286 0.8151421 0.801474 0.8152859 0.801378 0.8154697 0.8017218 0.81531 0.801788 0.8149163 0.8011989 0.8150386 0.8010766 0.8152859 0.801378 0.8151421 0.801474 0.8146411 0.8009731 0.8147372 0.8008293 0.8150386 0.8010766 0.8149163 0.8011989 0.8143272 0.8008053 0.8143934 0.8006455 0.8147372 0.8008293 0.8146411 0.8009731 0.8139865 0.8007019 0.8140203 0.8005324 0.8143934 0.8006455 0.8143272 0.8008053 0.8136323 0.8006671 0.8136408 0.8004943 0.8140203 0.8005324 0.8139865 0.8007019 0.2405464 0.7838054 0.240425 0.7836571 0.240425 0.7751485 0.2405977 0.7751581 0.7489352 0.7851379 0.7491079 0.7851284 0.7491079 0.7936368 0.7489865 0.7937851 0.7742503 0.8075502 0.7742503 0.8076978 0.7699269 0.8076978 0.7699269 0.8075502 0.3077208 0.7368445 0.3078684 0.7369668 0.3078684 0.741168 0.3077208 0.741168 0.3078685 0.7638031 0.3077209 0.7638031 0.3077209 0.759602 0.3078685 0.7594797 0.6395298 0.8144998 0.6395298 0.8143522 0.6438533 0.8143522 0.6438533 0.8144998 0.7270104 0.8012297 0.7271581 0.801352 0.7271581 0.8055532 0.7270104 0.8055532 0.769681 0.8005885 0.7698287 0.8005885 0.7698287 0.8047897 0.7696811 0.8049119 0.7323525 0.8164443 0.7320931 0.8164443 0.7320931 0.8151473 0.7323525 0.8151473 0.7339472 0.8164443 0.7336878 0.8164443 0.7336878 0.8151473 0.7339472 0.8151473 0.7323525 0.8151473 0.7320931 0.8151473 0.7320931 0.8138502 0.7323525 0.8138502 0.7339472 0.8138502 0.7336878 0.8138502 0.7336878 0.8125532 0.7339472 0.8125532 0.7339472 0.8151473 0.7336878 0.8151473 0.7336878 0.8138502 0.7339472 0.8138502 0.7323525 0.8138502 0.7320931 0.8138502 0.7320931 0.8125532 0.7323525 0.8125532 0.03252643 0.8126099 0.03364974 0.8132584 0.03364974 0.8145554 0.03252643 0.8152039 0.03140318 0.8132584 0.03252643 0.8126099 0.03252643 0.8152039 0.03140318 0.8145554 0.2753989 0.808175 0.2751395 0.808175 0.2751396 0.8068779 0.2753989 0.8068779 0.1504792 0.8042169 0.1507386 0.8042169 0.1507386 0.805514 0.1504792 0.805514 0.2753989 0.8068779 0.2751396 0.8068779 0.2751396 0.8055809 0.275399 0.8055809 0.1504791 0.806811 0.1507385 0.806811 0.1507385 0.8081081 0.1504791 0.8081081 0.1504792 0.805514 0.1507386 0.805514 0.1507385 0.806811 0.1504791 0.806811 0.275399 0.8055809 0.2751396 0.8055809 0.2751396 0.8042838 0.275399 0.8042838 0.7916303 0.7498832 0.7927536 0.7505317 0.7927536 0.7518288 0.7916303 0.7524774 0.7905071 0.7505317 0.7916303 0.7498832 0.7916303 0.7524774 0.7905071 0.7518288</float_array>
          <technique_common>
            <accessor source="#Cargo_Container_Rings_Mesh-mesh-map-0-array" count="3136" stride="2">
              <param name="S" type="float"/>
              <param name="T" type="float"/>
            </accessor>
          </technique_common>
        </source>
        <vertices id="Cargo_Container_Rings_Mesh-mesh-vertices">
          <input semantic="POSITION" source="#Cargo_Container_Rings_Mesh-mesh-positions"/>
        </vertices>
        <polylist material="Mat_Cargo_Container_Rings-material" count="784">
          <input semantic="VERTEX" source="#Cargo_Container_Rings_Mesh-mesh-vertices" offset="0"/>
          <input semantic="NORMAL" source="#Cargo_Container_Rings_Mesh-mesh-normals" offset="1"/>
          <input semantic="TEXCOORD" source="#Cargo_Container_Rings_Mesh-mesh-map-0" offset="2" set="0"/>
          <vcount>4 4 4 4 4 4 4 4 4 4 4 4 4 4 4 4 4 4 4 4 4 4 4 4 4 4 4 4 4 4 4 4 4 4 4 4 4 4 4 4 4 4 4 4 4 4 4 4 4 4 4 4 4 4 4 4 4 4 4 4 4 4 4 4 4 4 4 4 4 4 4 4 4 4 4 4 4 4 4 4 4 4 4 4 4 4 4 4 4 4 4 4 4 4 4 4 4 4 4 4 4 4 4 4 4 4 4 4 4 4 4 4 4 4 4 4 4 4 4 4 4 4 4 4 4 4 4 4 4 4 4 4 4 4 4 4 4 4 4 4 4 4 4 4 4 4 4 4 4 4 4 4 4 4 4 4 4 4 4 4 4 4 4 4 4 4 4 4 4 4 4 4 4 4 4 4 4 4 4 4 4 4 4 4 4 4 4 4 4 4 4 4 4 4 4 4 4 4 4 4 4 4 4 4 4 4 4 4 4 4 4 4 4 4 4 4 4 4 4 4 4 4 4 4 4 4 4 4 4 4 4 4 4 4 4 4 4 4 4 4 4 4 4 4 4 4 4 4 4 4 4 4 4 4 4 4 4 4 4 4 4 4 4 4 4 4 4 4 4 4 4 4 4 4 4 4 4 4 4 4 4 4 4 4 4 4 4 4 4 4 4 4 4 4 4 4 4 4 4 4 4 4 4 4 4 4 4 4 4 4 4 4 4 4 4 4 4 4 4 4 4 4 4 4 4 4 4 4 4 4 4 4 4 4 4 4 4 4 4 4 4 4 4 4 4 4 4 4 4 4 4 4 4 4 4 4 4 4 4 4 4 4 4 4 4 4 4 4 4 4 4 4 4 4 4 4 4 4 4 4 4 4 4 4 4 4 4 4 4 4 4 4 4 4 4 4 4 4 4 4 4 4 4 4 4 4 4 4 4 4 4 4 4 4 4 4 4 4 4 4 4 4 4 4 4 4 4 4 4 4 4 4 4 4 4 4 4 4 4 4 4 4 4 4 4 4 4 4 4 4 4 4 4 4 4 4 4 4 4 4 4 4 4 4 4 4 4 4 4 4 4 4 4 4 4 4 4 4 4 4 4 4 4 4 4 4 4 4 4 4 4 4 4 4 4 4 4 4 4 4 4 4 4 4 4 4 4 4 4 4 4 4 4 4 4 4 4 4 4 4 4 4 4 4 4 4 4 4 4 4 4 4 4 4 4 4 4 4 4 4 4 4 4 4 4 4 4 4 4 4 4 4 4 4 4 4 4 4 4 4 4 4 4 4 4 4 4 4 4 4 4 4 4 4 4 4 4 4 4 4 4 4 4 4 4 4 4 4 4 4 4 4 4 4 4 4 4 4 4 4 4 4 4 4 4 4 4 4 4 4 4 4 4 4 4 4 4 4 4 4 4 4 4 4 4 4 4 4 4 4 4 4 4 4 4 4 4 4 4 4 4 4 4 4 4 4 4 4 4 4 4 4 4 4 4 4 4 4 4 4 4 4 4 4 4 4 4 4 4 4 4 4 4 4 4 4 4 4 4 4 4 4 4 4 4 4 4 4 4 4 4 4 4 4 4 4 4 4 4 4 4 4 4 4 4 4 4 4 4 4 4 4 4 4 4 4 4 4 4 4 4 4 4 4 4 4 4 4 4 4 4 4 4 4 4 4 4 4 4 4 4 4 4 4 4 4 4 4 4 4 4 4 4 4 4 4 4 4 4 4 4 4 4 4 4 4 4 4 4 4 4 4 4 4 4 4 4 4 4 4 4 4 4 4 </vcount>
          <p>15 0 0 14 1 1 33 1 2 34 0 3 8 2 4 7 3 5 26 3 6 27 2 7 16 4 8 15 0 9 34 0 10 35 4 11 9 5 12 8 2 13 27 2 14 28 5 15 2 6 16 1 7 17 20 7 18 21 6 19 0 8 20 16 4 21 35 4 22 19 8 23 10 9 24 9 5 25 28 5 26 29 9 27 3 10 28 2 6 29 21 6 30 22 10 31 17 11 32 0 8 33 19 8 34 36 11 35 11 12 36 10 9 37 29 9 38 30 12 39 4 13 40 3 10 41 22 10 42 23 13 43 1 7 44 18 14 45 37 14 46 20 7 47 12 15 48 11 12 49 30 12 50 31 15 51 5 16 52 4 13 53 23 13 54 24 16 55 13 17 56 12 15 57 31 15 58 32 17 59 6 18 60 5 16 61 24 16 62 25 18 63 14 1 64 13 17 65 32 17 66 33 1 67 7 3 68 6 18 69 25 18 70 26 3 71 37 5 72 18 5 73 38 5 74 39 5 75 17 5 76 36 5 77 41 5 78 40 5 79 57 19 80 76 19 81 75 20 82 56 20 83 50 21 84 69 21 85 68 22 86 49 22 87 58 23 88 77 23 89 76 19 90 57 19 91 51 24 92 70 24 93 69 21 94 50 21 95 44 25 96 63 25 97 62 26 98 43 26 99 42 27 100 61 27 101 77 23 102 58 23 103 52 28 104 71 28 105 70 24 106 51 24 107 45 29 108 64 29 109 63 25 110 44 25 111 59 30 112 78 30 113 61 27 114 42 27 115 53 31 116 72 31 117 71 28 118 52 28 119 46 32 120 65 32 121 64 29 122 45 29 123 43 26 124 62 26 125 79 33 126 60 33 127 54 34 128 73 34 129 72 31 130 53 31 131 47 35 132 66 35 133 65 32 134 46 32 135 55 36 136 74 36 137 73 34 138 54 34 139 48 37 140 67 37 141 66 35 142 47 35 143 56 20 144 75 20 145 74 36 146 55 36 147 49 22 148 68 22 149 67 37 150 48 37 151 79 24 152 81 24 153 80 24 154 60 24 155 59 24 156 82 24 157 83 24 158 78 24 159 1 38 160 2 39 161 44 40 162 43 41 163 2 39 164 3 42 165 45 43 166 44 40 167 3 42 168 4 44 169 46 44 170 45 43 171 4 44 172 5 45 173 47 46 174 46 44 175 5 45 176 6 47 177 48 48 178 47 46 179 6 47 180 7 49 181 49 50 182 48 48 183 7 49 184 8 51 185 50 52 186 49 50 187 8 51 188 9 44 189 51 44 190 50 52 191 9 44 192 10 53 193 52 54 194 51 44 195 10 53 196 11 55 197 53 56 198 52 54 199 11 55 200 12 57 201 54 58 202 53 56 203 12 57 204 13 59 205 55 60 206 54 58 207 13 59 208 14 44 209 56 44 210 55 60 211 14 44 212 15 61 213 57 62 214 56 44 215 15 61 216 16 63 217 58 64 218 57 62 219 16 63 220 0 65 221 42 66 222 58 64 223 0 65 224 17 67 225 59 68 226 42 66 227 18 69 228 1 38 229 43 41 230 60 70 231 21 71 232 20 72 233 62 73 234 63 74 235 22 75 236 21 71 237 63 74 238 64 75 239 23 75 240 22 75 241 64 75 242 65 75 243 24 75 244 23 75 245 65 75 246 66 75 247 25 76 248 24 75 249 66 75 250 67 77 251 26 78 252 25 76 253 67 77 254 68 79 255 27 75 256 26 78 257 68 79 258 69 75 259 28 75 260 27 75 261 69 75 262 70 75 263 29 75 264 28 75 265 70 75 266 71 75 267 30 80 268 29 75 269 71 75 270 72 81 271 31 82 272 30 80 273 72 81 274 73 82 275 32 83 276 31 82 277 73 82 278 74 84 279 33 75 280 32 83 281 74 84 282 75 75 283 34 85 284 33 75 285 75 75 286 76 86 287 35 87 288 34 85 289 76 86 290 77 88 291 19 89 292 35 87 293 77 88 294 61 90 295 36 91 296 19 89 297 61 90 298 78 92 299 20 72 300 37 93 301 79 94 302 62 73 303 39 11 304 38 11 305 80 11 306 81 11 307 37 93 308 39 95 309 81 95 310 79 94 311 38 44 312 18 69 313 60 70 314 80 44 315 40 14 316 41 14 317 83 14 318 82 14 319 17 67 320 40 44 321 82 44 322 59 68 323 41 95 324 36 91 325 78 92 326 83 95 327 85 75 328 86 75 329 92 75 330 91 75 331 88 44 332 89 44 333 95 44 334 94 44 335 86 96 336 87 96 337 93 96 338 92 96 339 84 97 340 85 97 341 91 97 342 90 97 343 89 98 344 84 98 345 90 98 346 95 98 347 87 99 348 88 99 349 94 99 350 93 99 351 90 24 352 93 24 353 94 24 354 95 24 355 91 24 356 92 24 357 93 24 358 90 24 359 97 75 360 98 75 361 104 75 362 103 75 363 100 44 364 101 44 365 107 44 366 106 44 367 98 100 368 99 100 369 105 100 370 104 100 371 96 101 372 97 101 373 103 101 374 102 101 375 101 102 376 96 102 377 102 102 378 107 102 379 99 103 380 100 103 381 106 103 382 105 103 383 102 24 384 105 24 385 106 24 386 107 24 387 103 24 388 104 24 389 105 24 390 102 24 391 123 104 392 122 105 393 141 105 394 142 104 395 116 106 396 115 107 397 134 107 398 135 106 399 124 108 400 123 104 401 142 104 402 143 108 403 117 5 404 116 106 405 135 106 406 136 5 407 110 109 408 109 110 409 128 110 410 129 109 411 108 111 412 124 108 413 143 108 414 127 111 415 118 112 416 117 5 417 136 5 418 137 112 419 111 113 420 110 109 421 129 109 422 130 113 423 125 11 424 108 111 425 127 111 426 144 11 427 119 114 428 118 112 429 137 112 430 138 114 431 112 115 432 111 113 433 130 113 434 131 115 435 109 110 436 126 14 437 145 14 438 128 110 439 120 116 440 119 114 441 138 114 442 139 116 443 113 117 444 112 115 445 131 115 446 132 117 447 121 118 448 120 116 449 139 116 450 140 118 451 114 119 452 113 117 453 132 117 454 133 119 455 122 105 456 121 118 457 140 118 458 141 105 459 115 107 460 114 119 461 133 119 462 134 107 463 145 5 464 126 5 465 146 5 466 147 5 467 125 5 468 144 5 469 149 5 470 148 5 471 165 120 472 184 120 473 183 121 474 164 121 475 158 122 476 177 122 477 176 123 478 157 123 479 166 124 480 185 124 481 184 120 482 165 120 483 159 24 484 178 24 485 177 122 486 158 122 487 152 125 488 171 125 489 170 126 490 151 126 491 150 127 492 169 127 493 185 124 494 166 124 495 160 128 496 179 128 497 178 24 498 159 24 499 153 129 500 172 129 501 171 125 502 152 125 503 167 130 504 186 130 505 169 127 506 150 127 507 161 131 508 180 131 509 179 128 510 160 128 511 154 132 512 173 132 513 172 129 514 153 129 515 151 126 516 170 126 517 187 133 518 168 133 519 162 134 520 181 134 521 180 131 522 161 131 523 155 135 524 174 135 525 173 132 526 154 132 527 163 136 528 182 136 529 181 134 530 162 134 531 156 137 532 175 137 533 174 135 534 155 135 535 164 121 536 183 121 537 182 136 538 163 136 539 157 123 540 176 123 541 175 137 542 156 137 543 187 24 544 189 24 545 188 24 546 168 24 547 167 24 548 190 24 549 191 24 550 186 24 551 109 138 552 110 139 553 152 140 554 151 141 555 110 139 556 111 142 557 153 143 558 152 140 559 111 142 560 112 144 561 154 145 562 153 143 563 112 144 564 113 146 565 155 147 566 154 145 567 113 146 568 114 148 569 156 149 570 155 147 571 114 148 572 115 150 573 157 151 574 156 149 575 115 150 576 116 152 577 158 153 578 157 151 579 116 152 580 117 44 581 159 44 582 158 153 583 117 44 584 118 154 585 160 155 586 159 44 587 118 154 588 119 156 589 161 157 590 160 155 591 119 156 592 120 158 593 162 159 594 161 157 595 120 158 596 121 160 597 163 161 598 162 159 599 121 160 600 122 44 601 164 44 602 163 161 603 122 44 604 123 162 605 165 163 606 164 44 607 123 162 608 124 164 609 166 165 610 165 163 611 124 164 612 108 166 613 150 167 614 166 165 615 108 166 616 125 168 617 167 169 618 150 167 619 126 170 620 109 138 621 151 141 622 168 171 623 129 172 624 128 173 625 170 174 626 171 175 627 130 176 628 129 172 629 171 175 630 172 177 631 131 75 632 130 176 633 172 177 634 173 75 635 132 75 636 131 75 637 173 75 638 174 75 639 133 75 640 132 75 641 174 75 642 175 75 643 134 75 644 133 75 645 175 75 646 176 75 647 135 75 648 134 75 649 176 75 650 177 75 651 136 75 652 135 75 653 177 75 654 178 75 655 137 75 656 136 75 657 178 75 658 179 75 659 138 178 660 137 75 661 179 75 662 180 179 663 139 180 664 138 178 665 180 179 666 181 181 667 140 182 668 139 180 669 181 181 670 182 183 671 141 184 672 140 182 673 182 183 674 183 185 675 142 186 676 141 184 677 183 185 678 184 187 679 143 188 680 142 186 681 184 187 682 185 189 683 127 173 684 143 188 685 185 189 686 169 174 687 144 75 688 127 173 689 169 174 690 186 75 691 128 173 692 145 75 693 187 75 694 170 174 695 147 11 696 146 11 697 188 11 698 189 11 699 145 75 700 147 75 701 189 75 702 187 75 703 146 44 704 126 170 705 168 171 706 188 44 707 148 14 708 149 14 709 191 14 710 190 14 711 125 168 712 148 190 713 190 190 714 167 169 715 149 75 716 144 75 717 186 75 718 191 75 719 193 75 720 194 75 721 200 75 722 199 75 723 196 44 724 197 44 725 203 44 726 202 44 727 194 191 728 195 191 729 201 191 730 200 191 731 192 192 732 193 192 733 199 192 734 198 192 735 197 193 736 192 193 737 198 193 738 203 193 739 195 194 740 196 194 741 202 194 742 201 194 743 198 24 744 201 24 745 202 24 746 203 24 747 199 24 748 200 24 749 201 24 750 198 24 751 205 75 752 206 75 753 212 75 754 211 75 755 208 44 756 209 44 757 215 44 758 214 44 759 206 195 760 207 195 761 213 195 762 212 195 763 204 196 764 205 196 765 211 196 766 210 196 767 209 197 768 204 197 769 210 197 770 215 197 771 207 198 772 208 198 773 214 198 774 213 198 775 210 24 776 213 24 777 214 24 778 215 24 779 211 24 780 212 24 781 213 24 782 210 24 783 231 199 784 230 200 785 249 200 786 250 199 787 224 201 788 223 202 789 242 202 790 243 201 791 232 203 792 231 199 793 250 199 794 251 203 795 225 5 796 224 201 797 243 201 798 244 5 799 218 204 800 217 7 801 236 7 802 237 204 803 216 8 804 232 203 805 251 203 806 235 8 807 226 205 808 225 5 809 244 5 810 245 205 811 219 206 812 218 204 813 237 204 814 238 206 815 233 11 816 216 8 817 235 8 818 252 11 819 227 207 820 226 205 821 245 205 822 246 207 823 220 208 824 219 206 825 238 206 826 239 208 827 217 7 828 234 14 829 253 14 830 236 7 831 228 209 832 227 207 833 246 207 834 247 209 835 221 210 836 220 208 837 239 208 838 240 210 839 229 211 840 228 209 841 247 209 842 248 211 843 222 212 844 221 210 845 240 210 846 241 212 847 230 200 848 229 211 849 248 211 850 249 200 851 223 202 852 222 212 853 241 212 854 242 202 855 253 5 856 234 5 857 254 5 858 255 5 859 233 5 860 252 5 861 257 5 862 256 5 863 273 213 864 292 213 865 291 214 866 272 214 867 266 215 868 285 215 869 284 216 870 265 216 871 274 217 872 293 217 873 292 213 874 273 213 875 267 24 876 286 24 877 285 215 878 266 215 879 260 218 880 279 218 881 278 219 882 259 219 883 258 220 884 277 220 885 293 217 886 274 217 887 268 221 888 287 221 889 286 24 890 267 24 891 261 222 892 280 222 893 279 218 894 260 218 895 275 30 896 294 30 897 277 220 898 258 220 899 269 223 900 288 223 901 287 221 902 268 221 903 262 224 904 281 224 905 280 222 906 261 222 907 259 219 908 278 219 909 295 33 910 276 33 911 270 225 912 289 225 913 288 223 914 269 223 915 263 226 916 282 226 917 281 224 918 262 224 919 271 227 920 290 227 921 289 225 922 270 225 923 264 228 924 283 228 925 282 226 926 263 226 927 272 214 928 291 214 929 290 227 930 271 227 931 265 216 932 284 216 933 283 228 934 264 228 935 295 24 936 297 24 937 296 24 938 276 24 939 275 24 940 298 24 941 299 24 942 294 24 943 217 229 944 218 230 945 260 231 946 259 232 947 218 230 948 219 44 949 261 44 950 260 231 951 219 44 952 220 233 953 262 234 954 261 44 955 220 233 956 221 235 957 263 236 958 262 234 959 221 235 960 222 237 961 264 238 962 263 236 963 222 237 964 223 239 965 265 240 966 264 238 967 223 239 968 224 241 969 266 242 970 265 240 971 224 241 972 225 44 973 267 44 974 266 242 975 225 44 976 226 243 977 268 244 978 267 44 979 226 243 980 227 245 981 269 246 982 268 244 983 227 245 984 228 237 985 270 238 986 269 246 987 228 237 988 229 235 989 271 236 990 270 238 991 229 235 992 230 233 993 272 234 994 271 236 995 230 233 996 231 44 997 273 44 998 272 234 999 231 44 1000 232 230 1001 274 231 1002 273 44 1003 232 230 1004 216 247 1005 258 248 1006 274 231 1007 216 247 1008 233 69 1009 275 70 1010 258 248 1011 234 249 1012 217 229 1013 259 232 1014 276 250 1015 237 251 1016 236 252 1017 278 253 1018 279 254 1019 238 255 1020 237 251 1021 279 254 1022 280 256 1023 239 257 1024 238 255 1025 280 256 1026 281 258 1027 240 75 1028 239 257 1029 281 258 1030 282 75 1031 241 75 1032 240 75 1033 282 75 1034 283 75 1035 242 259 1036 241 75 1037 283 75 1038 284 260 1039 243 261 1040 242 259 1041 284 260 1042 285 262 1043 244 75 1044 243 261 1045 285 262 1046 286 75 1047 245 263 1048 244 75 1049 286 75 1050 287 264 1051 246 265 1052 245 263 1053 287 264 1054 288 266 1055 247 75 1056 246 265 1057 288 266 1058 289 75 1059 248 75 1060 247 75 1061 289 75 1062 290 75 1063 249 75 1064 248 75 1065 290 75 1066 291 75 1067 250 75 1068 249 75 1069 291 75 1070 292 75 1071 251 251 1072 250 75 1073 292 75 1074 293 254 1075 235 267 1076 251 251 1077 293 254 1078 277 268 1079 252 93 1080 235 267 1081 277 268 1082 294 94 1083 236 252 1084 253 269 1085 295 270 1086 278 253 1087 255 11 1088 254 11 1089 296 11 1090 297 11 1091 253 269 1092 255 271 1093 297 271 1094 295 270 1095 254 44 1096 234 249 1097 276 250 1098 296 44 1099 256 14 1100 257 14 1101 299 14 1102 298 14 1103 233 69 1104 256 44 1105 298 44 1106 275 70 1107 257 95 1108 252 93 1109 294 94 1110 299 95 1111 301 75 1112 302 75 1113 308 75 1114 307 75 1115 304 44 1116 305 44 1117 311 44 1118 310 44 1119 302 195 1120 303 195 1121 309 195 1122 308 195 1123 300 196 1124 301 196 1125 307 196 1126 306 196 1127 305 197 1128 300 197 1129 306 197 1130 311 197 1131 303 198 1132 304 198 1133 310 198 1134 309 198 1135 306 24 1136 309 24 1137 310 24 1138 311 24 1139 307 24 1140 308 24 1141 309 24 1142 306 24 1143 313 75 1144 314 75 1145 320 75 1146 319 75 1147 316 44 1148 317 44 1149 323 44 1150 322 44 1151 314 96 1152 315 96 1153 321 96 1154 320 96 1155 312 97 1156 313 97 1157 319 97 1158 318 97 1159 317 98 1160 312 98 1161 318 98 1162 323 98 1163 315 99 1164 316 99 1165 322 99 1166 321 99 1167 318 24 1168 321 24 1169 322 24 1170 323 24 1171 319 24 1172 320 24 1173 321 24 1174 318 24 1175 339 272 1176 338 273 1177 357 273 1178 358 272 1179 332 274 1180 331 275 1181 350 275 1182 351 274 1183 340 276 1184 339 272 1185 358 272 1186 359 276 1187 333 277 1188 332 274 1189 351 274 1190 352 277 1191 326 278 1192 325 279 1193 344 279 1194 345 278 1195 324 280 1196 340 276 1197 359 276 1198 343 280 1199 334 281 1200 333 277 1201 352 277 1202 353 281 1203 327 282 1204 326 278 1205 345 278 1206 346 282 1207 341 11 1208 324 280 1209 343 280 1210 360 11 1211 335 283 1212 334 281 1213 353 281 1214 354 283 1215 328 284 1216 327 282 1217 346 282 1218 347 284 1219 325 279 1220 342 14 1221 361 14 1222 344 279 1223 336 285 1224 335 283 1225 354 283 1226 355 285 1227 329 286 1228 328 284 1229 347 284 1230 348 286 1231 337 287 1232 336 285 1233 355 285 1234 356 287 1235 330 288 1236 329 286 1237 348 286 1238 349 288 1239 338 273 1240 337 287 1241 356 287 1242 357 273 1243 331 275 1244 330 288 1245 349 288 1246 350 275 1247 361 5 1248 342 5 1249 362 5 1250 363 5 1251 341 5 1252 360 5 1253 365 5 1254 364 5 1255 381 289 1256 400 289 1257 399 290 1258 380 290 1259 374 215 1260 393 215 1261 392 291 1262 373 291 1263 382 292 1264 401 292 1265 400 289 1266 381 289 1267 375 24 1268 394 24 1269 393 215 1270 374 215 1271 368 293 1272 387 293 1273 386 294 1274 367 294 1275 366 295 1276 385 295 1277 401 292 1278 382 292 1279 376 221 1280 395 221 1281 394 24 1282 375 24 1283 369 296 1284 388 296 1285 387 293 1286 368 293 1287 383 30 1288 402 30 1289 385 295 1290 366 295 1291 377 297 1292 396 297 1293 395 221 1294 376 221 1295 370 298 1296 389 298 1297 388 296 1298 369 296 1299 367 294 1300 386 294 1301 403 33 1302 384 33 1303 378 299 1304 397 299 1305 396 297 1306 377 297 1307 371 300 1308 390 300 1309 389 298 1310 370 298 1311 379 301 1312 398 301 1313 397 299 1314 378 299 1315 372 302 1316 391 302 1317 390 300 1318 371 300 1319 380 290 1320 399 290 1321 398 301 1322 379 301 1323 373 291 1324 392 291 1325 391 302 1326 372 302 1327 403 24 1328 405 24 1329 404 24 1330 384 24 1331 383 24 1332 406 24 1333 407 24 1334 402 24 1335 325 303 1336 326 304 1337 368 305 1338 367 306 1339 326 304 1340 327 307 1341 369 308 1342 368 305 1343 327 307 1344 328 44 1345 370 44 1346 369 308 1347 328 44 1348 329 309 1349 371 310 1350 370 44 1351 329 309 1352 330 311 1353 372 312 1354 371 310 1355 330 311 1356 331 44 1357 373 44 1358 372 312 1359 331 44 1360 332 44 1361 374 44 1362 373 44 1363 332 44 1364 333 44 1365 375 44 1366 374 44 1367 333 44 1368 334 44 1369 376 44 1370 375 44 1371 334 44 1372 335 313 1373 377 314 1374 376 44 1375 335 313 1376 336 315 1377 378 316 1378 377 314 1379 336 315 1380 337 317 1381 379 318 1382 378 316 1383 337 317 1384 338 319 1385 380 320 1386 379 318 1387 338 319 1388 339 44 1389 381 44 1390 380 320 1391 339 44 1392 340 321 1393 382 322 1394 381 44 1395 340 321 1396 324 323 1397 366 324 1398 382 322 1399 324 323 1400 341 325 1401 383 326 1402 366 324 1403 342 327 1404 325 303 1405 367 306 1406 384 328 1407 345 75 1408 344 329 1409 386 330 1410 387 75 1411 346 75 1412 345 75 1413 387 75 1414 388 75 1415 347 331 1416 346 75 1417 388 75 1418 389 332 1419 348 333 1420 347 331 1421 389 332 1422 390 334 1423 349 75 1424 348 333 1425 390 334 1426 391 75 1427 350 75 1428 349 75 1429 391 75 1430 392 75 1431 351 75 1432 350 75 1433 392 75 1434 393 75 1435 352 335 1436 351 75 1437 393 75 1438 394 336 1439 353 337 1440 352 335 1441 394 336 1442 395 338 1443 354 339 1444 353 337 1445 395 338 1446 396 340 1447 355 341 1448 354 339 1449 396 340 1450 397 342 1451 356 75 1452 355 341 1453 397 342 1454 398 75 1455 357 75 1456 356 75 1457 398 75 1458 399 75 1459 358 75 1460 357 75 1461 399 75 1462 400 75 1463 359 343 1464 358 75 1465 400 75 1466 401 344 1467 343 345 1468 359 343 1469 401 344 1470 385 346 1471 360 347 1472 343 345 1473 385 346 1474 402 348 1475 344 329 1476 361 349 1477 403 350 1478 386 330 1479 363 11 1480 362 11 1481 404 11 1482 405 11 1483 361 349 1484 363 75 1485 405 75 1486 403 350 1487 362 44 1488 342 327 1489 384 328 1490 404 44 1491 364 14 1492 365 14 1493 407 14 1494 406 14 1495 341 325 1496 364 44 1497 406 44 1498 383 326 1499 365 75 1500 360 347 1501 402 348 1502 407 75 1503 409 75 1504 410 75 1505 416 75 1506 415 75 1507 412 44 1508 413 44 1509 419 44 1510 418 44 1511 410 351 1512 411 351 1513 417 351 1514 416 351 1515 408 352 1516 409 352 1517 415 352 1518 414 352 1519 413 353 1520 408 353 1521 414 353 1522 419 353 1523 411 354 1524 412 354 1525 418 354 1526 417 354 1527 414 24 1528 417 24 1529 418 24 1530 419 24 1531 415 24 1532 416 24 1533 417 24 1534 414 24 1535 421 75 1536 422 75 1537 428 75 1538 427 75 1539 424 44 1540 425 44 1541 431 44 1542 430 44 1543 422 355 1544 423 355 1545 429 355 1546 428 355 1547 420 356 1548 421 356 1549 427 356 1550 426 356 1551 425 357 1552 420 357 1553 426 357 1554 431 357 1555 423 358 1556 424 358 1557 430 358 1558 429 358 1559 426 24 1560 429 24 1561 430 24 1562 431 24 1563 427 24 1564 428 24 1565 429 24 1566 426 24 1567 447 359 1568 466 359 1569 465 360 1570 446 360 1571 440 361 1572 459 361 1573 458 362 1574 439 362 1575 448 363 1576 467 363 1577 466 359 1578 447 359 1579 441 24 1580 460 24 1581 459 361 1582 440 361 1583 434 364 1584 453 364 1585 452 365 1586 433 365 1587 432 366 1588 451 366 1589 467 363 1590 448 363 1591 442 367 1592 461 367 1593 460 24 1594 441 24 1595 435 368 1596 454 368 1597 453 364 1598 434 364 1599 449 11 1600 468 11 1601 451 366 1602 432 366 1603 443 369 1604 462 369 1605 461 367 1606 442 367 1607 436 370 1608 455 370 1609 454 368 1610 435 368 1611 433 365 1612 452 365 1613 469 14 1614 450 14 1615 444 371 1616 463 371 1617 462 369 1618 443 369 1619 437 372 1620 456 372 1621 455 370 1622 436 370 1623 445 373 1624 464 373 1625 463 371 1626 444 371 1627 438 374 1628 457 374 1629 456 372 1630 437 372 1631 446 360 1632 465 360 1633 464 373 1634 445 373 1635 439 362 1636 458 362 1637 457 374 1638 438 374 1639 469 24 1640 471 24 1641 470 24 1642 450 24 1643 449 24 1644 472 24 1645 473 24 1646 468 24 1647 489 375 1648 488 376 1649 507 376 1650 508 375 1651 482 377 1652 481 378 1653 500 378 1654 501 377 1655 490 379 1656 489 375 1657 508 375 1658 509 379 1659 483 5 1660 482 377 1661 501 377 1662 502 5 1663 476 380 1664 475 381 1665 494 381 1666 495 380 1667 474 382 1668 490 379 1669 509 379 1670 493 382 1671 484 383 1672 483 5 1673 502 5 1674 503 383 1675 477 384 1676 476 380 1677 495 380 1678 496 384 1679 491 385 1680 474 382 1681 493 382 1682 510 385 1683 485 386 1684 484 383 1685 503 383 1686 504 386 1687 478 387 1688 477 384 1689 496 384 1690 497 387 1691 475 381 1692 492 388 1693 511 388 1694 494 381 1695 486 389 1696 485 386 1697 504 386 1698 505 389 1699 479 390 1700 478 387 1701 497 387 1702 498 390 1703 487 391 1704 486 389 1705 505 389 1706 506 391 1707 480 392 1708 479 390 1709 498 390 1710 499 392 1711 488 376 1712 487 391 1713 506 391 1714 507 376 1715 481 378 1716 480 392 1717 499 392 1718 500 378 1719 511 5 1720 492 5 1721 512 5 1722 513 5 1723 491 5 1724 510 5 1725 515 5 1726 514 5 1727 433 393 1728 475 394 1729 476 395 1730 434 396 1731 434 396 1732 476 395 1733 477 397 1734 435 398 1735 435 398 1736 477 397 1737 478 44 1738 436 44 1739 436 44 1740 478 44 1741 479 399 1742 437 400 1743 437 400 1744 479 399 1745 480 401 1746 438 402 1747 438 402 1748 480 401 1749 481 403 1750 439 404 1751 439 404 1752 481 403 1753 482 405 1754 440 406 1755 440 406 1756 482 405 1757 483 407 1758 441 407 1759 441 407 1760 483 407 1761 484 408 1762 442 409 1763 442 409 1764 484 408 1765 485 410 1766 443 411 1767 443 411 1768 485 410 1769 486 412 1770 444 413 1771 444 413 1772 486 412 1773 487 414 1774 445 415 1775 445 415 1776 487 414 1777 488 44 1778 446 44 1779 446 44 1780 488 44 1781 489 416 1782 447 417 1783 447 417 1784 489 416 1785 490 418 1786 448 419 1787 448 419 1788 490 418 1789 474 420 1790 432 421 1791 432 421 1792 474 420 1793 491 44 1794 449 44 1795 450 422 1796 492 423 1797 475 394 1798 433 393 1799 453 424 1800 495 425 1801 494 426 1802 452 427 1803 454 428 1804 496 429 1805 495 425 1806 453 424 1807 455 430 1808 497 431 1809 496 429 1810 454 428 1811 456 432 1812 498 433 1813 497 431 1814 455 430 1815 457 434 1816 499 435 1817 498 433 1818 456 432 1819 458 436 1820 500 437 1821 499 435 1822 457 434 1823 459 438 1824 501 439 1825 500 437 1826 458 436 1827 460 440 1828 502 440 1829 501 439 1830 459 438 1831 461 441 1832 503 442 1833 502 440 1834 460 440 1835 462 443 1836 504 444 1837 503 442 1838 461 441 1839 463 445 1840 505 446 1841 504 444 1842 462 443 1843 464 447 1844 506 448 1845 505 446 1846 463 445 1847 465 449 1848 507 450 1849 506 448 1850 464 447 1851 466 451 1852 508 452 1853 507 450 1854 465 449 1855 467 453 1856 509 454 1857 508 452 1858 466 451 1859 451 455 1860 493 456 1861 509 454 1862 467 453 1863 468 457 1864 510 458 1865 493 456 1866 451 455 1867 452 427 1868 494 426 1869 511 459 1870 469 460 1871 471 11 1872 513 11 1873 512 11 1874 470 11 1875 469 460 1876 511 459 1877 513 461 1878 471 461 1879 470 462 1880 512 462 1881 492 423 1882 450 422 1883 472 14 1884 514 14 1885 515 14 1886 473 14 1887 449 44 1888 491 44 1889 514 44 1890 472 44 1891 473 463 1892 515 463 1893 510 458 1894 468 457 1895 517 75 1896 523 75 1897 524 75 1898 518 75 1899 520 44 1900 526 44 1901 527 44 1902 521 44 1903 518 96 1904 524 96 1905 525 96 1906 519 96 1907 516 97 1908 522 97 1909 523 97 1910 517 97 1911 521 98 1912 527 98 1913 522 98 1914 516 98 1915 519 99 1916 525 99 1917 526 99 1918 520 99 1919 522 5 1920 527 5 1921 526 5 1922 525 5 1923 523 5 1924 522 5 1925 525 5 1926 524 5 1927 529 75 1928 535 75 1929 536 75 1930 530 75 1931 532 44 1932 538 44 1933 539 44 1934 533 44 1935 530 100 1936 536 100 1937 537 100 1938 531 100 1939 528 101 1940 534 101 1941 535 101 1942 529 101 1943 533 102 1944 539 102 1945 534 102 1946 528 102 1947 531 103 1948 537 103 1949 538 103 1950 532 103 1951 534 5 1952 539 5 1953 538 5 1954 537 5 1955 535 5 1956 534 5 1957 537 5 1958 536 5 1959 555 464 1960 574 464 1961 573 465 1962 554 465 1963 548 466 1964 567 466 1965 566 467 1966 547 467 1967 556 468 1968 575 468 1969 574 464 1970 555 464 1971 549 24 1972 568 24 1973 567 466 1974 548 466 1975 542 469 1976 561 469 1977 560 470 1978 541 470 1979 540 471 1980 559 471 1981 575 468 1982 556 468 1983 550 472 1984 569 472 1985 568 24 1986 549 24 1987 543 473 1988 562 473 1989 561 469 1990 542 469 1991 557 11 1992 576 11 1993 559 471 1994 540 471 1995 551 474 1996 570 474 1997 569 472 1998 550 472 1999 544 475 2000 563 475 2001 562 473 2002 543 473 2003 541 470 2004 560 470 2005 577 14 2006 558 14 2007 552 476 2008 571 476 2009 570 474 2010 551 474 2011 545 477 2012 564 477 2013 563 475 2014 544 475 2015 553 478 2016 572 478 2017 571 476 2018 552 476 2019 546 479 2020 565 479 2021 564 477 2022 545 477 2023 554 465 2024 573 465 2025 572 478 2026 553 478 2027 547 467 2028 566 467 2029 565 479 2030 546 479 2031 577 24 2032 579 24 2033 578 24 2034 558 24 2035 557 24 2036 580 24 2037 581 24 2038 576 24 2039 597 480 2040 596 481 2041 615 481 2042 616 480 2043 590 482 2044 589 483 2045 608 483 2046 609 482 2047 598 484 2048 597 480 2049 616 480 2050 617 484 2051 591 5 2052 590 482 2053 609 482 2054 610 5 2055 584 485 2056 583 486 2057 602 486 2058 603 485 2059 582 487 2060 598 484 2061 617 484 2062 601 487 2063 592 488 2064 591 5 2065 610 5 2066 611 488 2067 585 489 2068 584 485 2069 603 485 2070 604 489 2071 599 490 2072 582 487 2073 601 487 2074 618 490 2075 593 491 2076 592 488 2077 611 488 2078 612 491 2079 586 492 2080 585 489 2081 604 489 2082 605 492 2083 583 486 2084 600 493 2085 619 493 2086 602 486 2087 594 494 2088 593 491 2089 612 491 2090 613 494 2091 587 495 2092 586 492 2093 605 492 2094 606 495 2095 595 496 2096 594 494 2097 613 494 2098 614 496 2099 588 497 2100 587 495 2101 606 495 2102 607 497 2103 596 481 2104 595 496 2105 614 496 2106 615 481 2107 589 483 2108 588 497 2109 607 497 2110 608 483 2111 619 5 2112 600 5 2113 620 5 2114 621 5 2115 599 5 2116 618 5 2117 623 5 2118 622 5 2119 541 498 2120 583 499 2121 584 44 2122 542 44 2123 542 44 2124 584 44 2125 585 500 2126 543 501 2127 543 501 2128 585 500 2129 586 502 2130 544 503 2131 544 503 2132 586 502 2133 587 504 2134 545 505 2135 545 505 2136 587 504 2137 588 506 2138 546 507 2139 546 507 2140 588 506 2141 589 508 2142 547 509 2143 547 509 2144 589 508 2145 590 510 2146 548 511 2147 548 511 2148 590 510 2149 591 512 2150 549 512 2151 549 512 2152 591 512 2153 592 513 2154 550 514 2155 550 514 2156 592 513 2157 593 515 2158 551 516 2159 551 516 2160 593 515 2161 594 517 2162 552 518 2163 552 518 2164 594 517 2165 595 519 2166 553 520 2167 553 520 2168 595 519 2169 596 44 2170 554 44 2171 554 44 2172 596 44 2173 597 44 2174 555 44 2175 555 44 2176 597 44 2177 598 44 2178 556 44 2179 556 44 2180 598 44 2181 582 521 2182 540 522 2183 540 522 2184 582 521 2185 599 523 2186 557 524 2187 558 525 2188 600 526 2189 583 499 2190 541 498 2191 561 527 2192 603 528 2193 602 75 2194 560 75 2195 562 529 2196 604 530 2197 603 528 2198 561 527 2199 563 75 2200 605 75 2201 604 530 2202 562 529 2203 564 75 2204 606 75 2205 605 75 2206 563 75 2207 565 531 2208 607 532 2209 606 75 2210 564 75 2211 566 533 2212 608 534 2213 607 532 2214 565 531 2215 567 535 2216 609 536 2217 608 534 2218 566 533 2219 568 537 2220 610 537 2221 609 536 2222 567 535 2223 569 538 2224 611 539 2225 610 537 2226 568 537 2227 570 540 2228 612 541 2229 611 539 2230 569 538 2231 571 542 2232 613 543 2233 612 541 2234 570 540 2235 572 544 2236 614 544 2237 613 543 2238 571 542 2239 573 545 2240 615 546 2241 614 544 2242 572 544 2243 574 547 2244 616 548 2245 615 546 2246 573 545 2247 575 549 2248 617 550 2249 616 548 2250 574 547 2251 559 75 2252 601 75 2253 617 550 2254 575 549 2255 576 551 2256 618 552 2257 601 75 2258 559 75 2259 560 75 2260 602 75 2261 619 75 2262 577 75 2263 579 11 2264 621 11 2265 620 11 2266 578 11 2267 577 75 2268 619 75 2269 621 75 2270 579 75 2271 578 553 2272 620 553 2273 600 526 2274 558 525 2275 580 14 2276 622 14 2277 623 14 2278 581 14 2279 557 524 2280 599 523 2281 622 554 2282 580 554 2283 581 555 2284 623 555 2285 618 552 2286 576 551 2287 625 75 2288 631 75 2289 632 75 2290 626 75 2291 628 44 2292 634 44 2293 635 44 2294 629 44 2295 626 191 2296 632 191 2297 633 191 2298 627 191 2299 624 192 2300 630 192 2301 631 192 2302 625 192 2303 629 193 2304 635 193 2305 630 193 2306 624 193 2307 627 194 2308 633 194 2309 634 194 2310 628 194 2311 630 5 2312 635 5 2313 634 5 2314 633 5 2315 631 5 2316 630 5 2317 633 5 2318 632 5 2319 637 75 2320 643 75 2321 644 75 2322 638 75 2323 640 44 2324 646 44 2325 647 44 2326 641 44 2327 638 195 2328 644 195 2329 645 195 2330 639 195 2331 636 196 2332 642 196 2333 643 196 2334 637 196 2335 641 197 2336 647 197 2337 642 197 2338 636 197 2339 639 198 2340 645 198 2341 646 198 2342 640 198 2343 642 5 2344 647 5 2345 646 5 2346 645 5 2347 643 5 2348 642 5 2349 645 5 2350 644 5 2351 663 556 2352 682 556 2353 681 557 2354 662 557 2355 656 558 2356 675 558 2357 674 559 2358 655 559 2359 664 560 2360 683 560 2361 682 556 2362 663 556 2363 657 24 2364 676 24 2365 675 558 2366 656 558 2367 650 561 2368 669 561 2369 668 365 2370 649 365 2371 648 366 2372 667 366 2373 683 560 2374 664 560 2375 658 562 2376 677 562 2377 676 24 2378 657 24 2379 651 563 2380 670 563 2381 669 561 2382 650 561 2383 665 11 2384 684 11 2385 667 366 2386 648 366 2387 659 564 2388 678 564 2389 677 562 2390 658 562 2391 652 565 2392 671 565 2393 670 563 2394 651 563 2395 649 365 2396 668 365 2397 685 14 2398 666 14 2399 660 566 2400 679 566 2401 678 564 2402 659 564 2403 653 567 2404 672 567 2405 671 565 2406 652 565 2407 661 568 2408 680 568 2409 679 566 2410 660 566 2411 654 569 2412 673 569 2413 672 567 2414 653 567 2415 662 557 2416 681 557 2417 680 568 2418 661 568 2419 655 559 2420 674 559 2421 673 569 2422 654 569 2423 685 24 2424 687 24 2425 686 24 2426 666 24 2427 665 24 2428 688 24 2429 689 24 2430 684 24 2431 705 570 2432 704 571 2433 723 571 2434 724 570 2435 698 572 2436 697 573 2437 716 573 2438 717 572 2439 706 574 2440 705 570 2441 724 570 2442 725 574 2443 699 5 2444 698 572 2445 717 572 2446 718 5 2447 692 575 2448 691 576 2449 710 576 2450 711 575 2451 690 577 2452 706 574 2453 725 574 2454 709 577 2455 700 578 2456 699 5 2457 718 5 2458 719 578 2459 693 579 2460 692 575 2461 711 575 2462 712 579 2463 707 385 2464 690 577 2465 709 577 2466 726 385 2467 701 580 2468 700 578 2469 719 578 2470 720 580 2471 694 581 2472 693 579 2473 712 579 2474 713 581 2475 691 576 2476 708 388 2477 727 388 2478 710 576 2479 702 582 2480 701 580 2481 720 580 2482 721 582 2483 695 583 2484 694 581 2485 713 581 2486 714 583 2487 703 584 2488 702 582 2489 721 582 2490 722 584 2491 696 585 2492 695 583 2493 714 583 2494 715 585 2495 704 571 2496 703 584 2497 722 584 2498 723 571 2499 697 573 2500 696 585 2501 715 585 2502 716 573 2503 727 5 2504 708 5 2505 728 5 2506 729 5 2507 707 5 2508 726 5 2509 731 5 2510 730 5 2511 649 44 2512 691 44 2513 692 44 2514 650 44 2515 650 44 2516 692 44 2517 693 44 2518 651 44 2519 651 44 2520 693 44 2521 694 586 2522 652 587 2523 652 587 2524 694 586 2525 695 588 2526 653 589 2527 653 589 2528 695 588 2529 696 590 2530 654 591 2531 654 591 2532 696 590 2533 697 592 2534 655 593 2535 655 593 2536 697 592 2537 698 594 2538 656 595 2539 656 595 2540 698 594 2541 699 596 2542 657 596 2543 657 596 2544 699 596 2545 700 597 2546 658 598 2547 658 598 2548 700 597 2549 701 599 2550 659 600 2551 659 600 2552 701 599 2553 702 601 2554 660 601 2555 660 601 2556 702 601 2557 703 602 2558 661 603 2559 661 603 2560 703 602 2561 704 604 2562 662 605 2563 662 605 2564 704 604 2565 705 606 2566 663 607 2567 663 607 2568 705 606 2569 706 608 2570 664 609 2571 664 609 2572 706 608 2573 690 44 2574 648 44 2575 648 44 2576 690 44 2577 707 44 2578 665 44 2579 666 610 2580 708 611 2581 691 44 2582 649 44 2583 669 75 2584 711 75 2585 710 612 2586 668 613 2587 670 614 2588 712 615 2589 711 75 2590 669 75 2591 671 616 2592 713 617 2593 712 615 2594 670 614 2595 672 75 2596 714 75 2597 713 617 2598 671 616 2599 673 75 2600 715 75 2601 714 75 2602 672 75 2603 674 618 2604 716 619 2605 715 75 2606 673 75 2607 675 620 2608 717 621 2609 716 619 2610 674 618 2611 676 622 2612 718 622 2613 717 621 2614 675 620 2615 677 623 2616 719 624 2617 718 622 2618 676 622 2619 678 625 2620 720 626 2621 719 624 2622 677 623 2623 679 75 2624 721 75 2625 720 626 2626 678 625 2627 680 75 2628 722 75 2629 721 75 2630 679 75 2631 681 75 2632 723 75 2633 722 75 2634 680 75 2635 682 75 2636 724 75 2637 723 75 2638 681 75 2639 683 75 2640 725 75 2641 724 75 2642 682 75 2643 667 627 2644 709 628 2645 725 75 2646 683 75 2647 684 629 2648 726 630 2649 709 628 2650 667 627 2651 668 613 2652 710 612 2653 727 631 2654 685 632 2655 687 11 2656 729 11 2657 728 11 2658 686 11 2659 685 632 2660 727 631 2661 729 633 2662 687 633 2663 686 634 2664 728 634 2665 708 611 2666 666 610 2667 688 14 2668 730 14 2669 731 14 2670 689 14 2671 665 44 2672 707 44 2673 730 44 2674 688 44 2675 689 463 2676 731 463 2677 726 630 2678 684 629 2679 733 75 2680 739 75 2681 740 75 2682 734 75 2683 736 44 2684 742 44 2685 743 44 2686 737 44 2687 734 195 2688 740 195 2689 741 195 2690 735 195 2691 732 196 2692 738 196 2693 739 196 2694 733 196 2695 737 197 2696 743 197 2697 738 197 2698 732 197 2699 735 198 2700 741 198 2701 742 198 2702 736 198 2703 738 5 2704 743 5 2705 742 5 2706 741 5 2707 739 5 2708 738 5 2709 741 5 2710 740 5 2711 745 75 2712 751 75 2713 752 75 2714 746 75 2715 748 44 2716 754 44 2717 755 44 2718 749 44 2719 746 96 2720 752 96 2721 753 96 2722 747 96 2723 744 97 2724 750 97 2725 751 97 2726 745 97 2727 749 98 2728 755 98 2729 750 98 2730 744 98 2731 747 99 2732 753 99 2733 754 99 2734 748 99 2735 750 5 2736 755 5 2737 754 5 2738 753 5 2739 751 5 2740 750 5 2741 753 5 2742 752 5 2743 771 635 2744 790 635 2745 789 636 2746 770 636 2747 764 637 2748 783 637 2749 782 638 2750 763 638 2751 772 639 2752 791 639 2753 790 635 2754 771 635 2755 765 640 2756 784 640 2757 783 637 2758 764 637 2759 758 641 2760 777 641 2761 776 642 2762 757 642 2763 756 643 2764 775 643 2765 791 639 2766 772 639 2767 766 644 2768 785 644 2769 784 640 2770 765 640 2771 759 645 2772 778 645 2773 777 641 2774 758 641 2775 773 11 2776 792 11 2777 775 643 2778 756 643 2779 767 646 2780 786 646 2781 785 644 2782 766 644 2783 760 647 2784 779 647 2785 778 645 2786 759 645 2787 757 642 2788 776 642 2789 793 14 2790 774 14 2791 768 648 2792 787 648 2793 786 646 2794 767 646 2795 761 649 2796 780 649 2797 779 647 2798 760 647 2799 769 650 2800 788 650 2801 787 648 2802 768 648 2803 762 651 2804 781 651 2805 780 649 2806 761 649 2807 770 636 2808 789 636 2809 788 650 2810 769 650 2811 763 638 2812 782 638 2813 781 651 2814 762 651 2815 793 24 2816 795 24 2817 794 24 2818 774 24 2819 773 24 2820 796 24 2821 797 24 2822 792 24 2823 813 652 2824 812 653 2825 831 653 2826 832 652 2827 806 572 2828 805 654 2829 824 654 2830 825 572 2831 814 655 2832 813 652 2833 832 652 2834 833 655 2835 807 5 2836 806 572 2837 825 572 2838 826 5 2839 800 656 2840 799 657 2841 818 657 2842 819 656 2843 798 658 2844 814 655 2845 833 655 2846 817 658 2847 808 578 2848 807 5 2849 826 5 2850 827 578 2851 801 659 2852 800 656 2853 819 656 2854 820 659 2855 815 385 2856 798 658 2857 817 658 2858 834 385 2859 809 660 2860 808 578 2861 827 578 2862 828 660 2863 802 661 2864 801 659 2865 820 659 2866 821 661 2867 799 657 2868 816 388 2869 835 388 2870 818 657 2871 810 662 2872 809 660 2873 828 660 2874 829 662 2875 803 663 2876 802 661 2877 821 661 2878 822 663 2879 811 664 2880 810 662 2881 829 662 2882 830 664 2883 804 665 2884 803 663 2885 822 663 2886 823 665 2887 812 653 2888 811 664 2889 830 664 2890 831 653 2891 805 654 2892 804 665 2893 823 665 2894 824 654 2895 835 5 2896 816 5 2897 836 5 2898 837 5 2899 815 5 2900 834 5 2901 839 5 2902 838 5 2903 757 44 2904 799 44 2905 800 666 2906 758 667 2907 758 667 2908 800 666 2909 801 668 2910 759 669 2911 759 669 2912 801 668 2913 802 44 2914 760 44 2915 760 44 2916 802 44 2917 803 670 2918 761 671 2919 761 671 2920 803 670 2921 804 672 2922 762 673 2923 762 673 2924 804 672 2925 805 674 2926 763 675 2927 763 675 2928 805 674 2929 806 676 2930 764 677 2931 764 677 2932 806 676 2933 807 678 2934 765 679 2935 765 679 2936 807 678 2937 808 680 2938 766 681 2939 766 681 2940 808 680 2941 809 682 2942 767 683 2943 767 683 2944 809 682 2945 810 684 2946 768 685 2947 768 685 2948 810 684 2949 811 686 2950 769 686 2951 769 686 2952 811 686 2953 812 687 2954 770 688 2955 770 688 2956 812 687 2957 813 44 2958 771 44 2959 771 44 2960 813 44 2961 814 44 2962 772 44 2963 772 44 2964 814 44 2965 798 44 2966 756 44 2967 756 44 2968 798 44 2969 815 44 2970 773 44 2971 774 689 2972 816 690 2973 799 44 2974 757 44 2975 777 75 2976 819 75 2977 818 75 2978 776 75 2979 778 75 2980 820 75 2981 819 75 2982 777 75 2983 779 691 2984 821 692 2985 820 75 2986 778 75 2987 780 693 2988 822 693 2989 821 692 2990 779 691 2991 781 694 2992 823 695 2993 822 693 2994 780 693 2995 782 696 2996 824 697 2997 823 695 2998 781 694 2999 783 698 3000 825 699 3001 824 697 3002 782 696 3003 784 700 3004 826 701 3005 825 699 3006 783 698 3007 785 702 3008 827 703 3009 826 701 3010 784 700 3011 786 704 3012 828 705 3013 827 703 3014 785 702 3015 787 706 3016 829 707 3017 828 705 3018 786 704 3019 788 708 3020 830 709 3021 829 707 3022 787 706 3023 789 75 3024 831 75 3025 830 709 3026 788 708 3027 790 75 3028 832 75 3029 831 75 3030 789 75 3031 791 710 3032 833 711 3033 832 75 3034 790 75 3035 775 712 3036 817 713 3037 833 711 3038 791 710 3039 792 714 3040 834 715 3041 817 713 3042 775 712 3043 776 75 3044 818 75 3045 835 75 3046 793 75 3047 795 11 3048 837 11 3049 836 11 3050 794 11 3051 793 75 3052 835 75 3053 837 75 3054 795 75 3055 794 716 3056 836 716 3057 816 690 3058 774 689 3059 796 14 3060 838 14 3061 839 14 3062 797 14 3063 773 44 3064 815 44 3065 838 44 3066 796 44 3067 797 717 3068 839 717 3069 834 715 3070 792 714 3071 841 75 3072 847 75 3073 848 75 3074 842 75 3075 844 44 3076 850 44 3077 851 44 3078 845 44 3079 842 351 3080 848 351 3081 849 351 3082 843 351 3083 840 352 3084 846 352 3085 847 352 3086 841 352 3087 845 353 3088 851 353 3089 846 353 3090 840 353 3091 843 354 3092 849 354 3093 850 354 3094 844 354 3095 846 5 3096 851 5 3097 850 5 3098 849 5 3099 847 5 3100 846 5 3101 849 5 3102 848 5 3103 853 75 3104 859 75 3105 860 75 3106 854 75 3107 856 44 3108 862 44 3109 863 44 3110 857 44 3111 854 355 3112 860 355 3113 861 355 3114 855 355 3115 852 356 3116 858 356 3117 859 356 3118 853 356 3119 857 357 3120 863 357 3121 858 357 3122 852 357 3123 855 358 3124 861 358 3125 862 358 3126 856 358 3127 858 5 3128 863 5 3129 862 5 3130 861 5 3131 859 5 3132 858 5 3133 861 5 3134 860 5 3135</p>
        </polylist>
      </mesh>
    </geometry>
    <geometry id="Cargo_Container_Back_Mesh-mesh" name="Cargo_Container_Back_Mesh">
      <mesh>
        <source id="Cargo_Container_Back_Mesh-mesh-positions">
          <float_array id="Cargo_Container_Back_Mesh-mesh-positions-array" count="360">2.999994 -1.25 -0.975 2.999994 -1.25 1.025 2.999994 1.25 -0.975 2.999994 1.25 1.025 2.949995 -1.25 0.3433333 2.949995 1.25 0.3433333 2.999994 -1.25 0.3083333 2.999994 1.25 0.3083333 2.949995 -1.25 0.4233332 2.949995 1.25 0.4233332 2.999994 -1.25 0.4583333 2.999994 1.25 0.4583333 2.999994 -1.25 -0.3833833 2.999994 -1.25 -0.2332835 2.949995 -1.25 -0.3483601 2.949995 -1.25 -0.2683067 2.999994 1.25 -0.2332835 2.999994 1.25 -0.3833833 2.949995 1.25 -0.2683069 2.949995 1.25 -0.3483601 2.999994 -0.06042915 1.025 2.999994 0.06042927 1.025 2.949995 -0.0352503 1.025 2.949995 0.03525042 1.025 2.999994 0.06042927 -0.975 2.999994 -0.06042915 -0.975 2.949995 0.03525042 -0.975 2.949995 -0.0352503 -0.975 2.949995 -0.06042915 0.3433333 2.949995 0.06042927 0.3433333 2.949995 -0.0352503 0.3433331 2.949995 0.03525042 0.3433331 2.999994 0.06042927 0.3083333 2.999994 -0.06042915 0.3083333 2.949995 0.03525042 0.3083333 2.949995 -0.0352503 0.3083333 2.949995 -0.06042915 0.4233332 2.949995 0.06042927 0.4233332 2.949995 -0.0352503 0.4233331 2.949995 0.03525042 0.4233331 2.999994 0.06042927 0.4583333 2.999994 -0.06042915 0.4583333 2.949995 0.03525042 0.4583333 2.949995 -0.0352503 0.4583333 2.999994 -0.06042915 -0.2332835 2.999994 0.06042927 -0.2332835 2.949995 -0.0352503 -0.2332835 2.949995 0.03525042 -0.2332835 2.949995 0.06042927 -0.2683068 2.949995 -0.06042915 -0.2683068 2.949995 0.03525042 -0.2683069 2.949995 -0.0352503 -0.2683069 2.949995 0.06042927 -0.3483601 2.949995 -0.06042915 -0.3483601 2.949995 0.03525042 -0.3483601 2.949995 -0.0352503 -0.3483601 2.999994 -0.06042915 -0.3833833 2.999994 0.06042927 -0.3833833 2.949995 -0.0352503 -0.3833833 2.949995 0.03525042 -0.3833833 -2.999994 -1.25 -0.975 -2.999994 -1.25 1.025 -2.999994 1.25 -0.975 -2.999994 1.25 1.025 -2.949994 -1.25 0.3433333 -2.949994 1.25 0.3433333 -2.999994 -1.25 0.3083333 -2.999994 1.25 0.3083333 -2.949994 -1.25 0.4233332 -2.949994 1.25 0.4233332 -2.999994 -1.25 0.4583333 -2.999994 1.25 0.4583333 -2.999994 -1.25 -0.3833833 -2.999994 -1.25 -0.2332835 -2.949994 -1.25 -0.3483601 -2.949994 -1.25 -0.2683067 -2.999994 1.25 -0.2332835 -2.999994 1.25 -0.3833833 -2.949994 1.25 -0.2683069 -2.949994 1.25 -0.3483601 -2.999994 -0.06042915 1.025 -2.999994 0.06042927 1.025 -2.949994 -0.0352503 1.025 -2.949994 0.03525042 1.025 -2.999994 0.06042927 -0.975 -2.999994 -0.06042915 -0.975 -2.949994 0.03525042 -0.975 -2.949994 -0.0352503 -0.975 -2.949994 -0.06042915 0.3433333 -2.949994 0.06042927 0.3433333 -2.949994 -0.0352503 0.3433331 -2.949994 0.03525042 0.3433331 -2.999994 0.06042927 0.3083333 -2.999994 -0.06042915 0.3083333 -2.949994 0.03525042 0.3083333 -2.949994 -0.0352503 0.3083333 -2.949994 -0.06042915 0.4233332 -2.949994 0.06042927 0.4233332 -2.949994 -0.0352503 0.4233331 -2.949994 0.03525042 0.4233331 -2.999994 0.06042927 0.4583333 -2.999994 -0.06042915 0.4583333 -2.949994 0.03525042 0.4583333 -2.949994 -0.0352503 0.4583333 -2.999994 -0.06042915 -0.2332835 -2.999994 0.06042927 -0.2332835 -2.949994 -0.0352503 -0.2332835 -2.949994 0.03525042 -0.2332835 -2.949994 0.06042927 -0.2683068 -2.949994 -0.06042915 -0.2683068 -2.949994 0.03525042 -0.2683069 -2.949994 -0.0352503 -0.2683069 -2.949994 0.06042927 -0.3483601 -2.949994 -0.06042915 -0.3483601 -2.949994 0.03525042 -0.3483601 -2.949994 -0.0352503 -0.3483601 -2.999994 -0.06042915 -0.3833833 -2.999994 0.06042927 -0.3833833 -2.949994 -0.0352503 -0.3833833 -2.949994 0.03525042 -0.3833833</float_array>
          <technique_common>
            <accessor source="#Cargo_Container_Back_Mesh-mesh-positions-array" count="120" stride="3">
              <param name="X" type="float"/>
              <param name="Y" type="float"/>
              <param name="Z" type="float"/>
            </accessor>
          </technique_common>
        </source>
        <source id="Cargo_Container_Back_Mesh-mesh-normals">
          <float_array id="Cargo_Container_Back_Mesh-mesh-normals-array" count="165">1 0 0 0.5737183 0 -0.8190528 0.5737189 0 -0.8190524 0.5737178 0 0.8190532 0.5734638 0 -0.8192309 0.5737181 0 0.819053 1 0 0 1 -1.56477e-7 0 1 0 0 0.5734633 0 -0.8192313 0.5734624 0 0.8192319 0.4497684 -0.8931452 0 0.4497684 0.8931452 0 0.6330428 0.628544 0.4518731 0.6330427 -0.628544 0.4518733 0.6330416 0.6285466 -0.4518712 0.6330416 -0.6285465 -0.4518713 0.6329566 -0.6284608 -0.4521097 0.6329566 0.6284608 -0.4521095 0.4497677 -0.8931457 0 0.4497677 0.8931457 0 0.632952 -0.6284656 0.4521093 0.632952 0.6284657 0.4521092 0.4497679 -0.8931455 0 0.449768 0.8931455 0 -1 0 0 -1 1.47971e-6 0 -1 1.47971e-6 0 -0.5737183 0 -0.8190528 -0.5737189 0 -0.8190524 -0.5737178 0 0.8190532 -0.5734638 0 -0.8192309 -0.5737181 0 0.819053 -0.5734633 0 -0.8192313 -0.5734624 0 0.8192319 -1 -1.47971e-6 0 -1 -1.47971e-6 0 -0.4497684 -0.8931452 0 -0.4497684 0.8931452 0 -0.6330407 0.6285473 0.4518716 -0.6330406 -0.6285472 0.4518718 -0.6330425 0.6285453 -0.4518718 -0.6330425 -0.6285452 -0.4518719 -0.6329566 -0.6284608 -0.4521097 -1 -9.86474e-7 0 -1 9.86474e-7 0 -0.6329566 0.6284608 -0.4521095 -1 -9.8647e-7 0 -1 9.8647e-7 0 -0.4497691 -0.8931449 0 -0.4497691 0.8931449 0 -0.6329546 -0.6284617 0.4521112 -0.6329546 0.6284617 0.452111 -0.4497679 -0.8931455 0 -0.449768 0.8931455 0</float_array>
          <technique_common>
            <accessor source="#Cargo_Container_Back_Mesh-mesh-normals-array" count="55" stride="3">
              <param name="X" type="float"/>
              <param name="Y" type="float"/>
              <param name="Z" type="float"/>
            </accessor>
          </technique_common>
        </source>
        <source id="Cargo_Container_Back_Mesh-mesh-map-0">
          <float_array id="Cargo_Container_Back_Mesh-mesh-map-0-array" count="720">0.6853646 0.7183495 0.6853646 0.6172614 0.7335191 0.6172614 0.7335191 0.7183494 0.0466935 0.5872114 0.0466935 0.6882994 6.67684e-4 0.6882994 6.67689e-4 0.5872113 0.6324191 0.5006678 0.6324191 0.6017558 0.5821443 0.6017558 0.5821443 0.5006678 0.1203626 0.8028388 0.1194606 0.7003078 0.1267199 0.7002279 0.1267322 0.8028069 0.09539002 0.6888166 0.09563851 0.5872848 0.1005066 0.587286 0.1005175 0.6898646 0.09539002 0.8028097 0.09543448 0.7013197 0.1004963 0.7003132 0.1005983 0.802812 0.1069662 0.8028377 0.1077547 0.7004541 0.112954 0.7015195 0.111828 0.8028815 0.1267322 0.8028069 0.1267199 0.7002279 0.1318463 0.7012757 0.1315991 0.8028081 0.0466935 0.703805 0.0466935 0.804893 6.67669e-4 0.804893 6.67684e-4 0.703805 0.1077817 0.6897848 0.1068803 0.5872542 0.1120916 0.5872113 0.1129268 0.6887612 0.1005175 0.6898646 0.1005066 0.587286 0.1068803 0.5872542 0.1077817 0.6897848 0.1005983 0.802812 0.1004963 0.7003132 0.1077547 0.7004541 0.1069662 0.8028377 0.1267411 0.6897798 0.1266391 0.5872806 0.1318463 0.5872829 0.1318018 0.6887735 0.1142894 0.6885739 0.1154147 0.5872113 0.1202754 0.587255 0.1194875 0.689639 0.1151524 0.8028816 0.1143166 0.7013311 0.1194606 0.7003078 0.1203626 0.8028388 0.1194875 0.689639 0.1202754 0.587255 0.1266391 0.5872806 0.1267411 0.6897798 0.6324191 0.6172614 0.6324191 0.7183494 0.5821443 0.7183494 0.5821443 0.6172614 0.0466935 0.703805 6.67684e-4 0.703805 6.67684e-4 0.6990477 0.0466935 0.6990477 0.0466935 0.6990477 6.67684e-4 0.6990477 6.67684e-4 0.6930567 0.0466935 0.6930567 0.0466935 0.6930567 6.67684e-4 0.6930567 6.67684e-4 0.6882994 0.0466935 0.6882994 0.1077817 0.6897848 0.1129268 0.6887612 0.1104986 0.6923286 0.1076389 0.6920726 0.1076389 0.6920726 0.1104986 0.6923286 0.1105268 0.6978948 0.1076142 0.6981499 0.1076142 0.6981499 0.1105268 0.6978948 0.112954 0.7015195 0.1077547 0.7004541 0.1005175 0.6898646 0.1077817 0.6897848 0.1076389 0.6920726 0.1006498 0.6920837 0.1006498 0.6920837 0.1076389 0.6920726 0.1076142 0.6981499 0.1006326 0.6981127 0.1006326 0.6981127 0.1076142 0.6981499 0.1077547 0.7004541 0.1004963 0.7003132 0.09539002 0.6888166 0.1005175 0.6898646 0.1006498 0.6920837 0.0977956 0.6923514 0.0977956 0.6923514 0.1006498 0.6920837 0.1006326 0.6981127 0.09783434 0.6978465 0.09783434 0.6978465 0.1006326 0.6981127 0.1004963 0.7003132 0.09543448 0.7013197 0.1267411 0.6897798 0.1318018 0.6887735 0.129401 0.6922461 0.1266047 0.6919802 0.1266047 0.6919802 0.129401 0.6922461 0.1294398 0.6977413 0.1265875 0.6980088 0.1265875 0.6980088 0.1294398 0.6977413 0.1318463 0.7012757 0.1267199 0.7002279 0.1194875 0.689639 0.1267411 0.6897798 0.1266047 0.6919802 0.119628 0.6919431 0.119628 0.6919431 0.1266047 0.6919802 0.1265875 0.6980088 0.1196035 0.69802 0.1196035 0.69802 0.1265875 0.6980088 0.1267199 0.7002279 0.1194606 0.7003078 0.6324191 0.6172614 0.5821443 0.6172614 0.5821443 0.6125041 0.6324191 0.6125041 0.6324191 0.6125041 0.5821443 0.6125041 0.5821443 0.606513 0.6324191 0.606513 0.6324191 0.606513 0.5821443 0.606513 0.5821443 0.6017558 0.6324191 0.6017558 0.1142894 0.6885739 0.1194875 0.689639 0.119628 0.6919431 0.1167175 0.692198 0.1167175 0.692198 0.119628 0.6919431 0.1196035 0.69802 0.1167458 0.6977642 0.1167458 0.6977642 0.1196035 0.69802 0.1194606 0.7003078 0.1143166 0.7013311 0.6853646 0.6017558 0.7335191 0.6017558 0.7335191 0.606513 0.6853646 0.6065131 0.6853646 0.6065131 0.7335191 0.606513 0.7335191 0.6125041 0.6853646 0.6125041 0.6853646 0.6125041 0.7335191 0.6125041 0.7335191 0.6172614 0.6853646 0.6172614 0.6853646 0.6017558 0.6853646 0.5006678 0.7335191 0.5006678 0.7335191 0.6017558 0.7830089 0.7183493 0.7348544 0.7183493 0.7348544 0.6172613 0.7830089 0.6172613 0.09405469 0.8048928 0.04802882 0.8048928 0.04802882 0.7038049 0.09405469 0.7038049 0.6840292 0.7183494 0.6337545 0.7183494 0.6337544 0.6172614 0.6840292 0.6172614 0.1392548 0.5872542 0.1456243 0.587286 0.1456122 0.6898649 0.1383528 0.6897851 0.8019083 0.602273 0.7967808 0.603321 0.7967918 0.5007424 0.8016599 0.5007411 0.8019083 0.7162662 0.7967001 0.7162684 0.7968021 0.6137696 0.8018639 0.6147761 0.7903321 0.7162941 0.7854704 0.7163379 0.7843444 0.6149759 0.7895437 0.6139105 0.1456243 0.587286 0.1504914 0.5872848 0.1507385 0.6888173 0.1456122 0.6898649 0.09405469 0.6882992 0.04802882 0.6882992 0.04802882 0.5872113 0.09405469 0.5872113 0.7895166 0.6032413 0.7843716 0.6022177 0.7852067 0.5006677 0.7904181 0.5007106 0.7967808 0.603321 0.7895166 0.6032413 0.7904181 0.5007106 0.7967918 0.5007424 0.7967001 0.7162684 0.7903321 0.7162941 0.7895437 0.6139105 0.7968021 0.6137696 0.1456333 0.7003131 0.150694 0.7013194 0.1507385 0.8028099 0.1455314 0.8028122 0.1331816 0.701519 0.1383798 0.7004539 0.1391677 0.8028379 0.134307 0.8028816 0.1340447 0.5872113 0.1392548 0.5872542 0.1383528 0.6897851 0.1332089 0.6887618 0.1383798 0.7004539 0.1456333 0.7003131 0.1455314 0.8028122 0.1391677 0.8028379 0.6840292 0.6017557 0.6337544 0.6017557 0.6337544 0.5006677 0.6840292 0.5006677 0.09405469 0.6882992 0.09405469 0.6930565 0.04802882 0.6930565 0.04802882 0.6882992 0.09405469 0.6930565 0.09405469 0.6990476 0.04802882 0.6990476 0.04802882 0.6930565 0.09405469 0.6990476 0.09405469 0.7038049 0.04802882 0.7038049 0.04802882 0.6990476 0.7895166 0.6032413 0.7896595 0.6055291 0.7867997 0.605785 0.7843716 0.6022177 0.7896595 0.6055291 0.7896841 0.6116063 0.7867715 0.6113512 0.7867997 0.605785 0.7896841 0.6116063 0.7895437 0.6139105 0.7843444 0.6149759 0.7867715 0.6113512 0.7967808 0.603321 0.7966485 0.6055402 0.7896595 0.6055291 0.7895166 0.6032413 0.7966485 0.6055402 0.7966659 0.6115692 0.7896841 0.6116063 0.7896595 0.6055291 0.7966659 0.6115692 0.7968021 0.6137696 0.7895437 0.6139105 0.7896841 0.6116063 0.8019083 0.602273 0.7995027 0.6058078 0.7966485 0.6055402 0.7967808 0.603321 0.7995027 0.6058078 0.799464 0.611303 0.7966659 0.6115692 0.7966485 0.6055402 0.799464 0.611303 0.8018639 0.6147761 0.7968021 0.6137696 0.7966659 0.6115692 0.1456333 0.7003131 0.145497 0.6981127 0.1482933 0.6978467 0.150694 0.7013194 0.145497 0.6981127 0.1454798 0.6920841 0.148332 0.6923515 0.1482933 0.6978467 0.1454798 0.6920841 0.1456122 0.6898649 0.1507385 0.6888173 0.148332 0.6923515 0.1383798 0.7004539 0.1385203 0.6981498 0.145497 0.6981127 0.1456333 0.7003131 0.1385203 0.6981498 0.1384957 0.6920729 0.1454798 0.6920841 0.145497 0.6981127 0.1384957 0.6920729 0.1383528 0.6897851 0.1456122 0.6898649 0.1454798 0.6920841 0.6840292 0.6017557 0.6840292 0.606513 0.6337544 0.606513 0.6337544 0.6017557 0.6840292 0.606513 0.6840292 0.6125041 0.6337544 0.6125041 0.6337544 0.606513 0.6840292 0.6125041 0.6840292 0.6172614 0.6337544 0.6172614 0.6337544 0.6125041 0.1331816 0.701519 0.1356098 0.6978948 0.1385203 0.6981498 0.1383798 0.7004539 0.1356098 0.6978948 0.135638 0.6923286 0.1384957 0.6920729 0.1385203 0.6981498 0.135638 0.6923286 0.1332089 0.6887618 0.1383528 0.6897851 0.1384957 0.6920729 0.7830089 0.6017557 0.7830089 0.606513 0.7348544 0.606513 0.7348544 0.6017557 0.7830089 0.606513 0.7830089 0.6125041 0.7348544 0.6125041 0.7348544 0.606513 0.7830089 0.6125041 0.7830089 0.6172613 0.7348544 0.6172613 0.7348544 0.6125041 0.7830089 0.6017557 0.7348544 0.6017557 0.7348544 0.5006677 0.7830089 0.5006677</float_array>
          <technique_common>
            <accessor source="#Cargo_Container_Back_Mesh-mesh-map-0-array" count="360" stride="2">
              <param name="S" type="float"/>
              <param name="T" type="float"/>
            </accessor>
          </technique_common>
        </source>
        <vertices id="Cargo_Container_Back_Mesh-mesh-vertices">
          <input semantic="POSITION" source="#Cargo_Container_Back_Mesh-mesh-positions"/>
        </vertices>
        <polylist material="Mat_Cargo_Container_Back-material" count="90">
          <input semantic="VERTEX" source="#Cargo_Container_Back_Mesh-mesh-vertices" offset="0"/>
          <input semantic="NORMAL" source="#Cargo_Container_Back_Mesh-mesh-normals" offset="1"/>
          <input semantic="TEXCOORD" source="#Cargo_Container_Back_Mesh-mesh-map-0" offset="2" set="0"/>
          <vcount>4 4 4 4 4 4 4 4 4 4 4 4 4 4 4 4 4 4 4 4 4 4 4 4 4 4 4 4 4 4 4 4 4 4 4 4 4 4 4 4 4 4 4 4 4 4 4 4 4 4 4 4 4 4 4 4 4 4 4 4 4 4 4 4 4 4 4 4 4 4 4 4 4 4 4 4 4 4 4 4 4 4 4 4 4 4 4 4 4 4 </vcount>
          <p>10 0 0 41 0 1 20 0 2 1 0 3 13 0 4 44 0 5 33 0 6 6 0 7 0 0 8 25 0 9 56 0 10 12 0 11 4 0 12 28 0 13 36 0 14 8 0 15 44 1 16 13 1 17 15 1 18 49 1 19 16 2 20 45 2 21 48 2 22 18 2 23 19 3 24 52 3 25 57 3 26 17 3 27 8 4 28 36 4 29 41 4 30 10 4 31 45 0 32 16 0 33 7 0 34 32 0 35 53 5 36 14 5 37 12 5 38 56 5 39 49 6 40 15 7 41 14 7 42 53 8 43 18 0 44 48 0 45 52 0 46 19 0 47 37 9 48 9 9 49 11 9 50 40 9 51 32 10 52 7 10 53 5 10 54 29 10 55 6 10 56 33 10 57 28 10 58 4 10 59 29 0 60 5 0 61 9 0 62 37 0 63 24 0 64 2 0 65 17 0 66 57 0 67 45 11 68 32 11 69 34 11 70 47 11 71 47 0 72 34 0 73 35 0 74 46 0 75 46 12 76 35 12 77 33 12 78 44 12 79 53 13 80 56 13 81 58 13 82 55 13 83 55 0 84 58 0 85 59 0 86 54 0 87 54 14 88 59 14 89 57 14 90 52 14 91 49 6 92 53 8 93 55 0 94 51 0 95 51 0 96 55 0 97 54 0 98 50 0 99 50 0 100 54 0 101 52 0 102 48 0 103 44 15 104 49 15 105 51 15 106 46 15 107 46 0 108 51 0 109 50 0 110 47 0 111 47 16 112 50 16 113 48 16 114 45 16 115 37 17 116 40 17 117 42 17 118 39 17 119 39 0 120 42 0 121 43 0 122 38 0 123 38 18 124 43 18 125 41 18 126 36 18 127 29 0 128 37 0 129 39 0 130 31 0 131 31 0 132 39 0 133 38 0 134 30 0 135 30 0 136 38 0 137 36 0 138 28 0 139 24 19 140 57 19 141 59 19 142 26 19 143 26 0 144 59 0 145 58 0 146 27 0 147 27 20 148 58 20 149 56 20 150 25 20 151 32 21 152 29 21 153 31 21 154 34 21 155 34 0 156 31 0 157 30 0 158 35 0 159 35 22 160 30 22 161 28 22 162 33 22 163 40 23 164 21 23 165 23 23 166 42 23 167 42 0 168 23 0 169 22 0 170 43 0 171 43 24 172 22 24 173 20 24 174 41 24 175 40 0 176 11 0 177 3 0 178 21 0 179 70 25 180 61 25 181 80 25 182 101 25 183 73 25 184 66 25 185 93 25 186 104 25 187 60 25 188 72 25 189 116 25 190 85 25 191 64 25 192 68 25 193 96 26 194 88 27 195 104 28 196 109 28 197 75 28 198 73 28 199 76 29 200 78 29 201 108 29 202 105 29 203 79 30 204 77 30 205 117 30 206 112 30 207 68 31 208 70 31 209 101 31 210 96 31 211 105 25 212 92 25 213 67 25 214 76 25 215 113 32 216 116 32 217 72 32 218 74 32 219 109 25 220 113 25 221 74 25 222 75 25 223 78 25 224 79 25 225 112 25 226 108 25 227 97 33 228 100 33 229 71 33 230 69 33 231 92 34 232 89 34 233 65 34 234 67 34 235 66 34 236 64 34 237 88 34 238 93 34 239 89 35 240 97 36 241 69 25 242 65 25 243 84 25 244 117 25 245 77 25 246 62 25 247 105 37 248 107 37 249 94 37 250 92 37 251 107 25 252 106 25 253 95 25 254 94 25 255 106 38 256 104 38 257 93 38 258 95 38 259 113 39 260 115 39 261 118 39 262 116 39 263 115 25 264 114 25 265 119 25 266 118 25 267 114 40 268 112 40 269 117 40 270 119 40 271 109 25 272 111 25 273 115 25 274 113 25 275 111 25 276 110 25 277 114 25 278 115 25 279 110 25 280 108 25 281 112 25 282 114 25 283 104 41 284 106 41 285 111 41 286 109 41 287 106 25 288 107 25 289 110 25 290 111 25 291 107 42 292 105 42 293 108 42 294 110 42 295 97 43 296 99 43 297 102 43 298 100 43 299 99 44 300 98 45 301 103 25 302 102 25 303 98 46 304 96 46 305 101 46 306 103 46 307 89 35 308 91 47 309 99 44 310 97 36 311 91 47 312 90 48 313 98 45 314 99 44 315 90 48 316 88 27 317 96 26 318 98 45 319 84 49 320 86 49 321 119 49 322 117 49 323 86 25 324 87 25 325 118 25 326 119 25 327 87 50 328 85 50 329 116 50 330 118 50 331 92 51 332 94 51 333 91 51 334 89 51 335 94 25 336 95 25 337 90 48 338 91 47 339 95 52 340 93 52 341 88 52 342 90 52 343 100 53 344 102 53 345 83 53 346 81 53 347 102 25 348 103 25 349 82 25 350 83 25 351 103 54 352 101 54 353 80 54 354 82 54 355 100 25 356 81 25 357 63 25 358 71 25 359</p>
        </polylist>
      </mesh>
    </geometry>
    <geometry id="Cargo_Container_Pipes_Mesh-mesh" name="Cargo_Container_Pipes_Mesh">
      <mesh>
        <source id="Cargo_Container_Pipes_Mesh-mesh-positions">
          <float_array id="Cargo_Container_Pipes_Mesh-mesh-positions-array" count="5184">3 0.2029606 1.091267 3 0.1956401 1.098587 3 0.1856401 1.101267 3 0.1756401 1.098587 3 0.1683196 1.091267 3 0.1656401 1.081267 3 0.1683196 1.071267 3 0.1756401 1.063946 3 0.18564 1.061267 3 0.1956401 1.063946 3 0.2029606 1.071267 3 0.2056401 1.081267 3.071305 0.2029606 1.091181 3.072261 0.1956401 1.098439 3.072611 0.1856401 1.101096 3.072261 0.1756401 1.098439 3.071305 0.1683196 1.091181 3.07 0.1656401 1.081267 3.068695 0.1683196 1.071352 3.067739 0.1756401 1.064094 3.067389 0.18564 1.061438 3.067739 0.1956401 1.064094 3.068695 0.2029606 1.071352 3.07 0.2056401 1.081267 3.09 0.2029606 1.085908 3.09366 0.1956401 1.092247 3.095 0.1856401 1.094568 3.09366 0.1756401 1.092247 3.09 0.1683196 1.085908 3.085 0.1656401 1.077247 3.08 0.1683196 1.068587 3.07634 0.1756401 1.062247 3.075 0.18564 1.059927 3.07634 0.1956401 1.062247 3.08 0.2029606 1.068587 3.085 0.2056401 1.077247 3.104641 0.2029606 1.071267 3.110981 0.1956401 1.074927 3.113301 0.1856401 1.076267 3.110981 0.1756401 1.074927 3.104641 0.1683196 1.071267 3.095981 0.1656401 1.066267 3.087321 0.1683196 1.061267 3.080981 0.1756401 1.057606 3.07866 0.18564 1.056267 3.080981 0.19564 1.057606 3.087321 0.2029606 1.061267 3.095981 0.2056401 1.066267 3.109915 0.2029606 1.052572 3.117172 0.1956401 1.053527 3.119829 0.1856401 1.053877 3.117172 0.1756401 1.053527 3.109915 0.1683196 1.052572 3.1 0.1656401 1.051267 3.090085 0.1683196 1.049961 3.082828 0.1756401 1.049006 3.080171 0.18564 1.048656 3.082828 0.19564 1.049006 3.090085 0.2029606 1.049961 3.1 0.2056401 1.051267 3.109915 0.2029606 -1.002572 3.117172 0.1956401 -1.003527 3.119829 0.1856401 -1.003877 3.117172 0.1756401 -1.003527 3.109915 0.1683196 -1.002572 3.1 0.1656401 -1.001267 3.090085 0.1683196 -0.9999615 3.082828 0.1756401 -0.9990059 3.080171 0.18564 -0.9986562 3.082828 0.19564 -0.9990059 3.090085 0.2029606 -0.9999615 3.1 0.2056401 -1.001267 3.104641 0.2029606 -1.021267 3.110981 0.1956401 -1.024927 3.113301 0.1856401 -1.026267 3.110981 0.1756401 -1.024927 3.104641 0.1683196 -1.021267 3.095981 0.1656401 -1.016267 3.087321 0.1683196 -1.011267 3.080981 0.1756401 -1.007606 3.07866 0.18564 -1.006267 3.080981 0.1956401 -1.007606 3.087321 0.2029606 -1.011267 3.095981 0.2056401 -1.016267 3.09 0.2029606 -1.035908 3.09366 0.1956401 -1.042247 3.095 0.1856401 -1.044568 3.09366 0.1756401 -1.042247 3.09 0.1683196 -1.035908 3.085 0.1656401 -1.027247 3.08 0.1683196 -1.018587 3.07634 0.1756401 -1.012247 3.075 0.18564 -1.009927 3.07634 0.1956401 -1.012247 3.08 0.2029606 -1.018587 3.085 0.2056401 -1.027247 3.071305 0.2029606 -1.041181 3.072261 0.1956401 -1.048439 3.072611 0.1856401 -1.051096 3.072261 0.1756401 -1.048439 3.071305 0.1683196 -1.041181 3.07 0.1656401 -1.031267 3.068695 0.1683196 -1.021352 3.067739 0.1756401 -1.014094 3.067389 0.18564 -1.011438 3.067739 0.19564 -1.014094 3.068695 0.2029606 -1.021352 3.07 0.2056401 -1.031267 3 0.2029606 -1.041267 3 0.1956401 -1.048587 3 0.1856401 -1.051267 3 0.1756401 -1.048587 3 0.1683196 -1.041267 3 0.1656401 -1.031267 3 0.1683196 -1.021267 3 0.1756401 -1.013946 3 0.18564 -1.011267 3 0.19564 -1.013946 3 0.2029606 -1.021267 3 0.2056401 -1.031267 3 -0.1683195 1.091267 3 -0.17564 1.098587 3 -0.18564 1.101267 3 -0.19564 1.098587 3 -0.2029605 1.091267 3 -0.20564 1.081267 3 -0.2029605 1.071267 3 -0.19564 1.063946 3 -0.18564 1.061267 3 -0.17564 1.063946 3 -0.1683195 1.071267 3 -0.16564 1.081267 3.071305 -0.1683195 1.091181 3.072261 -0.17564 1.098439 3.072611 -0.18564 1.101096 3.072261 -0.19564 1.098439 3.071305 -0.2029605 1.091181 3.07 -0.20564 1.081267 3.068695 -0.2029605 1.071352 3.067739 -0.19564 1.064094 3.067389 -0.18564 1.061438 3.067739 -0.17564 1.064094 3.068695 -0.1683195 1.071352 3.07 -0.16564 1.081267 3.09 -0.1683195 1.085908 3.09366 -0.17564 1.092247 3.095 -0.18564 1.094568 3.09366 -0.19564 1.092247 3.09 -0.2029605 1.085908 3.085 -0.20564 1.077247 3.08 -0.2029605 1.068587 3.07634 -0.19564 1.062247 3.075 -0.18564 1.059927 3.07634 -0.17564 1.062247 3.08 -0.1683195 1.068587 3.085 -0.16564 1.077247 3.104641 -0.1683195 1.071267 3.110981 -0.17564 1.074927 3.113301 -0.18564 1.076267 3.110981 -0.19564 1.074927 3.104641 -0.2029605 1.071267 3.095981 -0.20564 1.066267 3.087321 -0.2029605 1.061267 3.080981 -0.19564 1.057606 3.07866 -0.18564 1.056267 3.080981 -0.17564 1.057606 3.087321 -0.1683195 1.061267 3.095981 -0.16564 1.066267 3.109915 -0.1683195 1.052572 3.117172 -0.17564 1.053527 3.119829 -0.18564 1.053877 3.117172 -0.19564 1.053527 3.109915 -0.2029605 1.052572 3.1 -0.20564 1.051267 3.090085 -0.2029605 1.049961 3.082828 -0.19564 1.049006 3.080171 -0.18564 1.048656 3.082828 -0.17564 1.049006 3.090085 -0.1683195 1.049961 3.1 -0.16564 1.051267 3.109915 -0.1683195 -1.002572 3.117172 -0.17564 -1.003527 3.119829 -0.18564 -1.003877 3.117172 -0.19564 -1.003527 3.109915 -0.2029605 -1.002572 3.1 -0.20564 -1.001267 3.090085 -0.2029605 -0.9999615 3.082828 -0.19564 -0.9990059 3.080171 -0.18564 -0.9986562 3.082828 -0.17564 -0.9990059 3.090085 -0.1683195 -0.9999615 3.1 -0.16564 -1.001267 3.104641 -0.1683195 -1.021267 3.110981 -0.17564 -1.024927 3.113301 -0.18564 -1.026267 3.110981 -0.19564 -1.024927 3.104641 -0.2029605 -1.021267 3.095981 -0.20564 -1.016267 3.087321 -0.2029605 -1.011267 3.080981 -0.19564 -1.007606 3.07866 -0.18564 -1.006267 3.080981 -0.17564 -1.007606 3.087321 -0.1683195 -1.011267 3.095981 -0.16564 -1.016267 3.09 -0.1683195 -1.035908 3.09366 -0.17564 -1.042247 3.095 -0.18564 -1.044568 3.09366 -0.19564 -1.042247 3.09 -0.2029605 -1.035908 3.085 -0.20564 -1.027247 3.08 -0.2029605 -1.018587 3.07634 -0.19564 -1.012247 3.075 -0.18564 -1.009927 3.07634 -0.17564 -1.012247 3.08 -0.1683195 -1.018587 3.085 -0.16564 -1.027247 3.071305 -0.1683195 -1.041181 3.072261 -0.17564 -1.048439 3.072611 -0.18564 -1.051096 3.072261 -0.19564 -1.048439 3.071305 -0.2029605 -1.041181 3.07 -0.20564 -1.031267 3.068695 -0.2029605 -1.021352 3.067739 -0.19564 -1.014094 3.067389 -0.18564 -1.011438 3.067739 -0.17564 -1.014094 3.068695 -0.1683195 -1.021352 3.07 -0.16564 -1.031267 3 -0.1683195 -1.041267 3 -0.17564 -1.048587 3 -0.18564 -1.051267 3 -0.19564 -1.048587 3 -0.2029605 -1.041267 3 -0.20564 -1.031267 3 -0.2029605 -1.021267 3 -0.19564 -1.013946 3 -0.18564 -1.011267 3 -0.17564 -1.013946 3 -0.1683195 -1.021267 3 -0.16564 -1.031267 3 0.5742407 1.091267 3 0.5669202 1.098587 3 0.5569202 1.101267 3 0.5469202 1.098587 3 0.5395997 1.091267 3 0.5369202 1.081267 3 0.5395997 1.071267 3 0.5469202 1.063946 3 0.5569202 1.061267 3 0.5669202 1.063946 3 0.5742407 1.071267 3 0.5769202 1.081267 3.071305 0.5742407 1.091181 3.072261 0.5669202 1.098439 3.072611 0.5569202 1.101096 3.072261 0.5469202 1.098439 3.071305 0.5395997 1.091181 3.07 0.5369202 1.081267 3.068695 0.5395997 1.071352 3.067739 0.5469202 1.064094 3.067389 0.5569202 1.061438 3.067739 0.5669202 1.064094 3.068695 0.5742407 1.071352 3.07 0.5769202 1.081267 3.09 0.5742407 1.085908 3.09366 0.5669202 1.092247 3.095 0.5569202 1.094568 3.09366 0.5469202 1.092247 3.09 0.5395997 1.085908 3.085 0.5369202 1.077247 3.08 0.5395997 1.068587 3.07634 0.5469202 1.062247 3.075 0.5569202 1.059927 3.07634 0.5669202 1.062247 3.08 0.5742407 1.068587 3.085 0.5769202 1.077247 3.104641 0.5742407 1.071267 3.110981 0.5669202 1.074927 3.113301 0.5569202 1.076267 3.110981 0.5469202 1.074927 3.104641 0.5395997 1.071267 3.095981 0.5369202 1.066267 3.087321 0.5395997 1.061267 3.080981 0.5469202 1.057606 3.07866 0.5569202 1.056267 3.080981 0.5669202 1.057606 3.087321 0.5742407 1.061267 3.095981 0.5769202 1.066267 3.109915 0.5742407 1.052572 3.117172 0.5669202 1.053527 3.119829 0.5569202 1.053877 3.117172 0.5469202 1.053527 3.109915 0.5395997 1.052572 3.1 0.5369202 1.051267 3.090085 0.5395997 1.049961 3.082828 0.5469202 1.049006 3.080171 0.5569202 1.048656 3.082828 0.5669202 1.049006 3.090085 0.5742407 1.049961 3.1 0.5769202 1.051267 3.109915 0.5742407 -1.002572 3.117172 0.5669202 -1.003527 3.119829 0.5569202 -1.003877 3.117172 0.5469202 -1.003527 3.109915 0.5395997 -1.002572 3.1 0.5369202 -1.001267 3.090085 0.5395997 -0.9999615 3.082828 0.5469202 -0.9990059 3.080171 0.5569202 -0.9986562 3.082828 0.5669202 -0.9990059 3.090085 0.5742407 -0.9999615 3.1 0.5769202 -1.001267 3.104641 0.5742407 -1.021267 3.110981 0.5669202 -1.024927 3.113301 0.5569202 -1.026267 3.110981 0.5469202 -1.024927 3.104641 0.5395997 -1.021267 3.095981 0.5369202 -1.016267 3.087321 0.5395997 -1.011267 3.080981 0.5469202 -1.007606 3.07866 0.5569202 -1.006267 3.080981 0.5669202 -1.007606 3.087321 0.5742407 -1.011267 3.095981 0.5769202 -1.016267 3.09 0.5742407 -1.035908 3.09366 0.5669202 -1.042247 3.095 0.5569202 -1.044568 3.09366 0.5469202 -1.042247 3.09 0.5395997 -1.035908 3.085 0.5369202 -1.027247 3.08 0.5395997 -1.018587 3.07634 0.5469202 -1.012247 3.075 0.5569202 -1.009927 3.07634 0.5669202 -1.012247 3.08 0.5742407 -1.018587 3.085 0.5769202 -1.027247 3.071305 0.5742407 -1.041181 3.072261 0.5669202 -1.048439 3.072611 0.5569202 -1.051096 3.072261 0.5469202 -1.048439 3.071305 0.5395997 -1.041181 3.07 0.5369202 -1.031267 3.068695 0.5395997 -1.021352 3.067739 0.5469202 -1.014094 3.067389 0.5569202 -1.011438 3.067739 0.5669202 -1.014094 3.068695 0.5742407 -1.021352 3.07 0.5769202 -1.031267 3 0.5742407 -1.041267 3 0.5669202 -1.048587 3 0.5569202 -1.051267 3 0.5469202 -1.048587 3 0.5395997 -1.041267 3 0.5369202 -1.031267 3 0.5395997 -1.021267 3 0.5469202 -1.013946 3 0.5569202 -1.011267 3 0.5669202 -1.013946 3 0.5742407 -1.021267 3 0.5769202 -1.031267 3 -0.5395997 1.091267 3 -0.5469202 1.098587 3 -0.5569202 1.101267 3 -0.5669202 1.098587 3 -0.5742407 1.091267 3 -0.5769202 1.081267 3 -0.5742407 1.071267 3 -0.5669202 1.063946 3 -0.5569202 1.061267 3 -0.5469202 1.063946 3 -0.5395997 1.071267 3 -0.5369202 1.081267 3.071305 -0.5395997 1.091181 3.072261 -0.5469202 1.098439 3.072611 -0.5569202 1.101096 3.072261 -0.5669202 1.098439 3.071305 -0.5742407 1.091181 3.07 -0.5769202 1.081267 3.068695 -0.5742407 1.071352 3.067739 -0.5669202 1.064094 3.067389 -0.5569202 1.061438 3.067739 -0.5469202 1.064094 3.068695 -0.5395997 1.071352 3.07 -0.5369202 1.081267 3.09 -0.5395997 1.085908 3.09366 -0.5469202 1.092247 3.095 -0.5569202 1.094568 3.09366 -0.5669202 1.092247 3.09 -0.5742407 1.085908 3.085 -0.5769202 1.077247 3.08 -0.5742407 1.068587 3.07634 -0.5669202 1.062247 3.075 -0.5569202 1.059927 3.07634 -0.5469202 1.062247 3.08 -0.5395997 1.068587 3.085 -0.5369202 1.077247 3.104641 -0.5395997 1.071267 3.110981 -0.5469202 1.074927 3.113301 -0.5569202 1.076267 3.110981 -0.5669202 1.074927 3.104641 -0.5742407 1.071267 3.095981 -0.5769202 1.066267 3.087321 -0.5742407 1.061267 3.080981 -0.5669202 1.057606 3.07866 -0.5569202 1.056267 3.080981 -0.5469202 1.057606 3.087321 -0.5395997 1.061267 3.095981 -0.5369202 1.066267 3.109915 -0.5395997 1.052572 3.117172 -0.5469202 1.053527 3.119829 -0.5569202 1.053877 3.117172 -0.5669202 1.053527 3.109915 -0.5742407 1.052572 3.1 -0.5769202 1.051267 3.090085 -0.5742407 1.049961 3.082828 -0.5669202 1.049006 3.080171 -0.5569202 1.048656 3.082828 -0.5469202 1.049006 3.090085 -0.5395997 1.049961 3.1 -0.5369202 1.051267 3.109915 -0.5395997 -1.002572 3.117172 -0.5469202 -1.003527 3.119829 -0.5569202 -1.003877 3.117172 -0.5669202 -1.003527 3.109915 -0.5742407 -1.002572 3.1 -0.5769202 -1.001267 3.090085 -0.5742407 -0.9999615 3.082828 -0.5669202 -0.9990059 3.080171 -0.5569202 -0.9986562 3.082828 -0.5469202 -0.9990059 3.090085 -0.5395997 -0.9999615 3.1 -0.5369202 -1.001267 3.104641 -0.5395997 -1.021267 3.110981 -0.5469202 -1.024927 3.113301 -0.5569202 -1.026267 3.110981 -0.5669202 -1.024927 3.104641 -0.5742407 -1.021267 3.095981 -0.5769202 -1.016267 3.087321 -0.5742407 -1.011267 3.080981 -0.5669202 -1.007606 3.07866 -0.5569202 -1.006267 3.080981 -0.5469202 -1.007606 3.087321 -0.5395997 -1.011267 3.095981 -0.5369202 -1.016267 3.09 -0.5395997 -1.035908 3.09366 -0.5469202 -1.042247 3.095 -0.5569202 -1.044568 3.09366 -0.5669202 -1.042247 3.09 -0.5742407 -1.035908 3.085 -0.5769202 -1.027247 3.08 -0.5742407 -1.018587 3.07634 -0.5669202 -1.012247 3.075 -0.5569202 -1.009927 3.07634 -0.5469202 -1.012247 3.08 -0.5395997 -1.018587 3.085 -0.5369202 -1.027247 3.071305 -0.5395997 -1.041181 3.072261 -0.5469202 -1.048439 3.072611 -0.5569202 -1.051096 3.072261 -0.5669202 -1.048439 3.071305 -0.5742407 -1.041181 3.07 -0.5769202 -1.031267 3.068695 -0.5742407 -1.021352 3.067739 -0.5669202 -1.014094 3.067389 -0.5569202 -1.011438 3.067739 -0.5469202 -1.014094 3.068695 -0.5395997 -1.021352 3.07 -0.5369202 -1.031267 3 -0.5395997 -1.041267 3 -0.5469202 -1.048587 3 -0.5569202 -1.051267 3 -0.5669202 -1.048587 3 -0.5742407 -1.041267 3 -0.5769202 -1.031267 3 -0.5742407 -1.021267 3 -0.5669202 -1.013946 3 -0.5569202 -1.011267 3 -0.5469202 -1.013946 3 -0.5395997 -1.021267 3 -0.5369202 -1.031267 3.117172 -0.5469202 1.003527 3.082828 -0.5469202 0.9990059 3.109915 -0.5395997 1.002572 3.080171 -0.5569202 0.9986561 3.117172 -0.5669202 1.003527 3.1 -0.5369202 1.001267 3.119829 -0.5569202 1.003877 3.090085 -0.5395997 0.9999614 3.1 -0.5769202 1.001267 3.109915 -0.5742407 1.002572 3.082828 -0.5669202 0.9990059 3.090085 -0.5742407 0.9999614 3.109915 -0.1683195 1.004666 3.080171 -0.18564 1.000933 3.117172 -0.17564 1.005577 3.082828 -0.17564 1.001267 3.119829 -0.18564 1.005911 3.090085 -0.1683195 1.002178 3.117172 -0.19564 1.005577 3.1 -0.16564 1.003422 3.109915 -0.2029605 1.004666 3.1 -0.20564 1.003422 3.090085 -0.2029605 1.002178 3.082828 -0.19564 1.001267 3.109915 0.2029606 1.005581 3.080171 0.18564 1.001844 3.117172 0.1956401 1.006492 3.082828 0.19564 1.002178 3.119829 0.1856401 1.006826 3.090085 0.2029606 1.003089 3.117172 0.1756401 1.006492 3.1 0.2056401 1.004335 3.109915 0.1683196 1.005581 3.1 0.1656401 1.004335 3.090085 0.1683196 1.003089 3.082828 0.1756401 1.002178 3.117172 0.5669202 1.00991 3.082828 0.5669202 1.00558 3.109915 0.5742407 1.008995 3.080171 0.5569202 1.005246 3.117172 0.5469202 1.00991 3.1 0.5769202 1.007745 3.119829 0.5569202 1.010245 3.090085 0.5742407 1.006495 3.1 0.5369202 1.007745 3.109915 0.5395997 1.008995 3.082828 0.5469202 1.00558 3.090085 0.5395997 1.006495 3.117172 -0.5469202 0.8035275 3.082828 -0.5469202 0.7990059 3.109915 -0.5395997 0.8025719 3.080171 -0.5569202 0.7986561 3.117172 -0.5669202 0.8035275 3.1 -0.5369202 0.8012667 3.119829 -0.5569202 0.8038772 3.090085 -0.5395997 0.7999615 3.1 -0.5769202 0.8012667 3.109915 -0.5742407 0.8025719 3.082828 -0.5669202 0.7990059 3.090085 -0.5742407 0.7999615 3.109915 -0.1683195 0.8043711 3.080171 -0.18564 0.80102 3.117172 -0.17564 0.8051889 3.082828 -0.17564 0.8013195 3.119829 -0.18564 0.8054882 3.090085 -0.1683195 0.8021371 3.117172 -0.19564 0.8051889 3.1 -0.16564 0.8032541 3.109915 -0.2029605 0.8043711 3.1 -0.20564 0.8032541 3.090085 -0.2029605 0.8021371 3.082828 -0.19564 0.8013195 3.109915 0.2029606 0.8055523 3.080171 0.18564 0.8021968 3.117172 0.1956401 0.8063711 3.082828 0.19564 0.8024964 3.119829 0.1856401 0.8066709 3.090085 0.2029606 0.8033153 3.117172 0.1756401 0.8063711 3.1 0.2056401 0.8044338 3.109915 0.1683196 0.8055523 3.1 0.1656401 0.8044338 3.090085 0.1683196 0.8033153 3.082828 0.1756401 0.8024964 3.117172 0.5669202 0.8072417 3.082828 0.5669202 0.8033631 3.109915 0.5742407 0.806422 3.080171 0.5569202 0.8030632 3.117172 0.5469202 0.8072417 3.1 0.5769202 0.8053024 3.119829 0.5569202 0.8075416 3.090085 0.5742407 0.8041828 3.1 0.5369202 0.8053024 3.109915 0.5395997 0.806422 3.082828 0.5469202 0.8033631 3.090085 0.5395997 0.8041828 3.117172 -0.5469202 -0.9035275 3.082828 -0.5469202 -0.8990059 3.109915 -0.5395997 -0.9025719 3.080171 -0.5569202 -0.8986561 3.117172 -0.5669202 -0.9035275 3.1 -0.5369202 -0.9012667 3.119829 -0.5569202 -0.9038773 3.090085 -0.5395997 -0.8999615 3.1 -0.5769202 -0.9012667 3.109915 -0.5742407 -0.9025719 3.082828 -0.5669202 -0.8990059 3.090085 -0.5742407 -0.8999615 3.109915 -0.1683195 -0.9043287 3.080171 -0.18564 -0.9007873 3.117172 -0.17564 -0.9051929 3.082828 -0.17564 -0.9011036 3.119829 -0.18564 -0.9055092 3.090085 -0.1683195 -0.9019678 3.117172 -0.19564 -0.9051929 3.1 -0.16564 -0.9031482 3.109915 -0.2029605 -0.9043287 3.1 -0.20564 -0.9031482 3.090085 -0.2029605 -0.9019678 3.082828 -0.19564 -0.9011036 3.109915 0.2029606 -0.9074028 3.080171 0.18564 -0.9038497 3.117172 0.1956401 -0.9082699 3.082828 0.19564 -0.9041671 3.119829 0.1856401 -0.9085872 3.090085 0.2029606 -0.9050341 3.117172 0.1756401 -0.9082699 3.1 0.2056401 -0.9062185 3.109915 0.1683196 -0.9074028 3.1 0.1656401 -0.9062185 3.090085 0.1683196 -0.9050341 3.082828 0.1756401 -0.9041671 3.117172 0.5669202 -0.9103258 3.082828 0.5669202 -0.906214 3.109915 0.5742407 -0.9094569 3.080171 0.5569202 -0.9058959 3.117172 0.5469202 -0.9103258 3.1 0.5769202 -0.90827 3.119829 0.5569202 -0.9106439 3.090085 0.5742407 -0.907083 3.1 0.5369202 -0.90827 3.109915 0.5395997 -0.9094569 3.082828 0.5469202 -0.906214 3.090085 0.5395997 -0.907083 3.117172 -0.5469202 -0.7035275 3.082828 -0.5469202 -0.6990059 3.109915 -0.5395997 -0.7025719 3.080171 -0.5569202 -0.6986561 3.117172 -0.5669202 -0.7035275 3.1 -0.5369202 -0.7012667 3.119829 -0.5569202 -0.7038772 3.090085 -0.5395997 -0.6999614 3.1 -0.5769202 -0.7012667 3.109915 -0.5742407 -0.7025719 3.082828 -0.5669202 -0.6990059 3.090085 -0.5742407 -0.6999614 3.109915 -0.1683195 -0.7067086 3.080171 -0.18564 -0.7035391 3.117172 -0.17564 -0.707482 3.082828 -0.17564 -0.7038223 3.119829 -0.18564 -0.7077651 3.090085 -0.1683195 -0.7045957 3.117172 -0.19564 -0.707482 3.1 -0.16564 -0.7056521 3.109915 -0.2029605 -0.7067086 3.1 -0.20564 -0.7056521 3.090085 -0.2029605 -0.7045957 3.082828 -0.19564 -0.7038223 3.109915 0.2029606 -0.7098241 3.080171 0.18564 -0.7066428 3.117172 0.1956401 -0.7106004 3.082828 0.19564 -0.706927 3.119829 0.1856401 -0.7108845 3.090085 0.2029606 -0.7077032 3.117172 0.1756401 -0.7106004 3.1 0.2056401 -0.7087636 3.109915 0.1683196 -0.7098241 3.1 0.1656401 -0.7087636 3.090085 0.1683196 -0.7077032 3.082828 0.1756401 -0.706927 3.117172 0.5669202 -0.7145168 3.082828 0.5669202 -0.7108262 3.109915 0.5742407 -0.7137368 3.080171 0.5569202 -0.7105407 3.117172 0.5469202 -0.7145168 3.1 0.5769202 -0.7126715 3.119829 0.5569202 -0.7148023 3.090085 0.5742407 -0.7116062 3.1 0.5369202 -0.7126715 3.109915 0.5395997 -0.7137368 3.082828 0.5469202 -0.7108262 3.090085 0.5395997 -0.7116062 3.100326 -0.5219237 1.001267 3.082786 -0.5264959 0.9999614 3.069892 -0.5393256 0.9990059 3.065171 -0.5569202 0.9986561 3.069892 -0.5745148 0.9990059 3.082786 -0.5873443 0.9999614 3.100326 -0.5919166 1.001267 3.117701 -0.5870617 1.002572 3.130268 -0.5742358 1.003527 3.134829 -0.5569202 1.003877 3.130268 -0.5396046 1.003527 3.117701 -0.5267787 1.002572 3.100311 -0.1506432 1.003422 3.082774 -0.155222 1.002178 3.069889 -0.1680516 1.001267 3.065171 -0.18564 1.000933 3.069889 -0.2032284 1.001267 3.082774 -0.216058 1.002178 3.100311 -0.2206368 1.003422 3.117689 -0.2157883 1.004666 3.130264 -0.2029624 1.005577 3.134829 -0.18564 1.005911 3.130264 -0.1683176 1.005577 3.117689 -0.1554917 1.004666 3.100311 0.2206369 1.004335 3.082775 0.2160581 1.003089 3.069889 0.2032285 1.002178 3.065171 0.18564 1.001844 3.069889 0.1680516 1.002178 3.082775 0.1552219 1.003089 3.100311 0.1506433 1.004335 3.11769 0.1554919 1.005581 3.130264 0.1683178 1.006492 3.134829 0.1856401 1.006826 3.130264 0.2029623 1.006492 3.11769 0.2157883 1.005581 3.100313 0.5919169 1.007745 3.082775 0.5873388 1.006495 3.069889 0.5745092 1.00558 3.065171 0.5569202 1.005246 3.069889 0.5393312 1.00558 3.082775 0.5265017 1.006495 3.100313 0.5219234 1.007745 3.11769 0.5267725 1.008995 3.130264 0.5395985 1.00991 3.134829 0.5569202 1.010245 3.130264 0.574242 1.00991 3.11769 0.587068 1.008995 3.130108 -0.5393256 0.8035275 3.069733 -0.5396046 0.7990059 3.117215 -0.5264959 0.8025719 3.065171 -0.5569202 0.7986561 3.130108 -0.5745148 0.8035275 3.099674 -0.5219237 0.8012667 3.134829 -0.5569202 0.8038772 3.0823 -0.5267787 0.7999615 3.099674 -0.5919166 0.8012667 3.117215 -0.5873443 0.8025719 3.069733 -0.5742358 0.7990059 3.0823 -0.5870617 0.7999615 3.117249 -0.1552351 0.8043711 3.065171 -0.18564 0.80102 3.130119 -0.1680647 0.8051889 3.069745 -0.1683035 0.8013195 3.134829 -0.18564 0.8054882 3.082334 -0.1554773 0.8021371 3.130119 -0.2032153 0.8051889 3.09972 -0.1506426 0.8032541 3.117249 -0.2160449 0.8043711 3.09972 -0.2206374 0.8032541 3.082334 -0.2158027 0.8021371 3.069745 -0.2029765 0.8013195 3.117249 0.2160452 0.8055523 3.065171 0.18564 0.8021968 3.130119 0.2032156 0.8063711 3.069744 0.2029764 0.8024964 3.134829 0.1856401 0.8066709 3.082334 0.2158026 0.8033153 3.130119 0.1680646 0.8063711 3.09972 0.2206375 0.8044338 3.117249 0.155235 0.8055523 3.09972 0.1506427 0.8044338 3.082334 0.1554775 0.8033153 3.069744 0.1683037 0.8024964 3.130119 0.5744958 0.8072417 3.069744 0.5742564 0.8033631 3.117249 0.5873255 0.806422 3.065171 0.5569202 0.8030632 3.130119 0.5393446 0.8072417 3.09972 0.5919175 0.8053024 3.134829 0.5569202 0.8075416 3.082334 0.5870826 0.8041828 3.09972 0.5219228 0.8053024 3.117249 0.526515 0.806422 3.069744 0.5395839 0.8033631 3.082334 0.5267577 0.8041828 3.130108 -0.5393256 -0.7035275 3.130268 -0.5396046 -0.9035275 3.069733 -0.5396046 -0.6990059 3.069892 -0.5393256 -0.8990059 3.117215 -0.5264959 -0.7025719 3.117701 -0.5267787 -0.9025719 3.065171 -0.5569202 -0.6986561 3.065171 -0.5569202 -0.8986561 3.130108 -0.5745148 -0.7035275 3.130268 -0.5742358 -0.9035275 3.099674 -0.5219237 -0.7012667 3.100326 -0.5219237 -0.9012667 3.134829 -0.5569202 -0.7038772 3.134829 -0.5569202 -0.9038773 3.0823 -0.5267787 -0.6999614 3.082786 -0.5264959 -0.8999615 3.099674 -0.5919166 -0.7012667 3.100326 -0.5919166 -0.9012667 3.117215 -0.5873443 -0.7025719 3.117701 -0.5870617 -0.9025719 3.069733 -0.5742358 -0.6990059 3.069892 -0.5745148 -0.8990059 3.0823 -0.5870617 -0.6999614 3.082786 -0.5873443 -0.8999615 3.11726 -0.1552413 -0.7067086 3.117677 -0.1554844 -0.9043287 3.065171 -0.18564 -0.7035391 3.065171 -0.18564 -0.9007873 3.130123 -0.1680709 -0.707482 3.13026 -0.1683105 -0.9051929 3.069748 -0.1682968 -0.7038223 3.069885 -0.1680582 -0.9011036 3.134829 -0.18564 -0.7077651 3.134829 -0.18564 -0.9055092 3.082346 -0.1554704 -0.7045957 3.082763 -0.1552286 -0.9019678 3.130123 -0.2032091 -0.707482 3.13026 -0.2029695 -0.9051929 3.099736 -0.1506423 -0.7056521 3.100295 -0.1506429 -0.9031482 3.11726 -0.2160387 -0.7067086 3.117677 -0.2157955 -0.9043287 3.099736 -0.2206377 -0.7056521 3.100296 -0.2206371 -0.9031482 3.082346 -0.2158096 -0.7045957 3.082763 -0.2160515 -0.9019678 3.069748 -0.2029833 -0.7038223 3.069885 -0.2032219 -0.9011036 3.117259 0.2160392 -0.7098241 3.117678 0.2157952 -0.9074028 3.065171 0.18564 -0.7066428 3.065171 0.18564 -0.9038497 3.130122 0.2032096 -0.7106004 3.13026 0.2029691 -0.9082699 3.069748 0.2029829 -0.706927 3.069885 0.2032223 -0.9041671 3.134829 0.1856401 -0.7108845 3.134829 0.1856401 -0.9085872 3.082345 0.2158092 -0.7077032 3.082763 0.2160519 -0.9050341 3.130123 0.1680706 -0.7106004 3.13026 0.168311 -0.9082699 3.099735 0.2206377 -0.7087636 3.100296 0.2206372 -0.9062185 3.117259 0.155241 -0.7098241 3.117678 0.155485 -0.9074028 3.099735 0.1506425 -0.7087636 3.100296 0.150643 -0.9062185 3.082345 0.155471 -0.7077032 3.082763 0.1552282 -0.9050341 3.069748 0.1682973 -0.706927 3.069885 0.1680578 -0.9041671 3.130122 0.5744902 -0.7145168 3.13026 0.5742489 -0.9103258 3.069747 0.5742624 -0.7108262 3.069885 0.5745027 -0.906214 3.117259 0.5873199 -0.7137368 3.117679 0.587075 -0.9094569 3.065171 0.5569202 -0.7105407 3.065171 0.5569202 -0.9058959 3.130122 0.5393502 -0.7145168 3.13026 0.5395914 -0.9103258 3.099733 0.5919178 -0.7126715 3.100297 0.5919173 -0.90827 3.134829 0.5569202 -0.7148023 3.134829 0.5569202 -0.9106439 3.082345 0.5870888 -0.7116062 3.082764 0.5873324 -0.907083 3.099733 0.5219226 -0.7126715 3.100297 0.5219232 -0.90827 3.117259 0.5265206 -0.7137368 3.117679 0.5267654 -0.9094569 3.069747 0.539578 -0.7108262 3.069885 0.5393376 -0.906214 3.082345 0.5267516 -0.7116062 3.082764 0.5265081 -0.907083 -3 0.2029606 1.091267 -3 0.1956401 1.098587 -3 0.1856401 1.101267 -3 0.1756401 1.098587 -3 0.1683196 1.091267 -3 0.1656401 1.081267 -3 0.1683196 1.071267 -3 0.1756401 1.063946 -3 0.18564 1.061267 -3 0.1956401 1.063946 -3 0.2029606 1.071267 -3 0.2056401 1.081267 -3.071305 0.2029606 1.091181 -3.072261 0.1956401 1.098439 -3.07261 0.1856401 1.101096 -3.072261 0.1756401 1.098439 -3.071305 0.1683196 1.091181 -3.07 0.1656401 1.081267 -3.068695 0.1683196 1.071352 -3.067739 0.1756401 1.064094 -3.067389 0.18564 1.061438 -3.067739 0.1956401 1.064094 -3.068695 0.2029606 1.071352 -3.07 0.2056401 1.081267 -3.09 0.2029606 1.085908 -3.09366 0.1956401 1.092247 -3.095 0.1856401 1.094568 -3.09366 0.1756401 1.092247 -3.09 0.1683196 1.085908 -3.085 0.1656401 1.077247 -3.08 0.1683196 1.068587 -3.07634 0.1756401 1.062247 -3.075 0.18564 1.059927 -3.07634 0.1956401 1.062247 -3.08 0.2029606 1.068587 -3.085 0.2056401 1.077247 -3.104641 0.2029606 1.071267 -3.11098 0.1956401 1.074927 -3.113301 0.1856401 1.076267 -3.110981 0.1756401 1.074927 -3.104641 0.1683196 1.071267 -3.095981 0.1656401 1.066267 -3.08732 0.1683196 1.061267 -3.080981 0.1756401 1.057606 -3.07866 0.18564 1.056267 -3.080981 0.19564 1.057606 -3.08732 0.2029606 1.061267 -3.095981 0.2056401 1.066267 -3.109914 0.2029606 1.052572 -3.117172 0.1956401 1.053527 -3.119829 0.1856401 1.053877 -3.117172 0.1756401 1.053527 -3.109914 0.1683196 1.052572 -3.1 0.1656401 1.051267 -3.090085 0.1683196 1.049961 -3.082828 0.1756401 1.049006 -3.080171 0.18564 1.048656 -3.082828 0.19564 1.049006 -3.090085 0.2029606 1.049961 -3.1 0.2056401 1.051267 -3.109914 0.2029606 -1.002572 -3.117172 0.1956401 -1.003527 -3.119829 0.1856401 -1.003877 -3.117172 0.1756401 -1.003527 -3.109914 0.1683196 -1.002572 -3.1 0.1656401 -1.001267 -3.090085 0.1683196 -0.9999615 -3.082828 0.1756401 -0.9990059 -3.080171 0.18564 -0.9986562 -3.082828 0.19564 -0.9990059 -3.090085 0.2029606 -0.9999615 -3.1 0.2056401 -1.001267 -3.104641 0.2029606 -1.021267 -3.11098 0.1956401 -1.024927 -3.113301 0.1856401 -1.026267 -3.110981 0.1756401 -1.024927 -3.104641 0.1683196 -1.021267 -3.095981 0.1656401 -1.016267 -3.08732 0.1683196 -1.011267 -3.080981 0.1756401 -1.007606 -3.07866 0.18564 -1.006267 -3.080981 0.1956401 -1.007606 -3.08732 0.2029606 -1.011267 -3.095981 0.2056401 -1.016267 -3.09 0.2029606 -1.035908 -3.09366 0.1956401 -1.042247 -3.095 0.1856401 -1.044568 -3.09366 0.1756401 -1.042247 -3.09 0.1683196 -1.035908 -3.085 0.1656401 -1.027247 -3.08 0.1683196 -1.018587 -3.07634 0.1756401 -1.012247 -3.075 0.18564 -1.009927 -3.07634 0.1956401 -1.012247 -3.08 0.2029606 -1.018587 -3.085 0.2056401 -1.027247 -3.071305 0.2029606 -1.041181 -3.072261 0.1956401 -1.048439 -3.07261 0.1856401 -1.051096 -3.072261 0.1756401 -1.048439 -3.071305 0.1683196 -1.041181 -3.07 0.1656401 -1.031267 -3.068695 0.1683196 -1.021352 -3.067739 0.1756401 -1.014094 -3.067389 0.18564 -1.011438 -3.067739 0.19564 -1.014094 -3.068695 0.2029606 -1.021352 -3.07 0.2056401 -1.031267 -3 0.2029606 -1.041267 -3 0.1956401 -1.048587 -3 0.1856401 -1.051267 -3 0.1756401 -1.048587 -3 0.1683196 -1.041267 -3 0.1656401 -1.031267 -3 0.1683196 -1.021267 -3 0.1756401 -1.013946 -3 0.18564 -1.011267 -3 0.19564 -1.013946 -3 0.2029606 -1.021267 -3 0.2056401 -1.031267 -3 -0.1683195 1.091267 -3 -0.17564 1.098587 -3 -0.18564 1.101267 -3 -0.19564 1.098587 -3 -0.2029605 1.091267 -3 -0.20564 1.081267 -3 -0.2029605 1.071267 -3 -0.19564 1.063946 -3 -0.18564 1.061267 -3 -0.17564 1.063946 -3 -0.1683195 1.071267 -3 -0.16564 1.081267 -3.071305 -0.1683195 1.091181 -3.072261 -0.17564 1.098439 -3.07261 -0.18564 1.101096 -3.072261 -0.19564 1.098439 -3.071305 -0.2029605 1.091181 -3.07 -0.20564 1.081267 -3.068695 -0.2029605 1.071352 -3.067739 -0.19564 1.064094 -3.067389 -0.18564 1.061438 -3.067739 -0.17564 1.064094 -3.068695 -0.1683195 1.071352 -3.07 -0.16564 1.081267 -3.09 -0.1683195 1.085908 -3.09366 -0.17564 1.092247 -3.095 -0.18564 1.094568 -3.09366 -0.19564 1.092247 -3.09 -0.2029605 1.085908 -3.085 -0.20564 1.077247 -3.08 -0.2029605 1.068587 -3.07634 -0.19564 1.062247 -3.075 -0.18564 1.059927 -3.07634 -0.17564 1.062247 -3.08 -0.1683195 1.068587 -3.085 -0.16564 1.077247 -3.104641 -0.1683195 1.071267 -3.11098 -0.17564 1.074927 -3.113301 -0.18564 1.076267 -3.110981 -0.19564 1.074927 -3.104641 -0.2029605 1.071267 -3.095981 -0.20564 1.066267 -3.08732 -0.2029605 1.061267 -3.080981 -0.19564 1.057606 -3.07866 -0.18564 1.056267 -3.080981 -0.17564 1.057606 -3.08732 -0.1683195 1.061267 -3.095981 -0.16564 1.066267 -3.109914 -0.1683195 1.052572 -3.117172 -0.17564 1.053527 -3.119829 -0.18564 1.053877 -3.117172 -0.19564 1.053527 -3.109914 -0.2029605 1.052572 -3.1 -0.20564 1.051267 -3.090085 -0.2029605 1.049961 -3.082828 -0.19564 1.049006 -3.080171 -0.18564 1.048656 -3.082828 -0.17564 1.049006 -3.090085 -0.1683195 1.049961 -3.1 -0.16564 1.051267 -3.109914 -0.1683195 -1.002572 -3.117172 -0.17564 -1.003527 -3.119829 -0.18564 -1.003877 -3.117172 -0.19564 -1.003527 -3.109914 -0.2029605 -1.002572 -3.1 -0.20564 -1.001267 -3.090085 -0.2029605 -0.9999615 -3.082828 -0.19564 -0.9990059 -3.080171 -0.18564 -0.9986562 -3.082828 -0.17564 -0.9990059 -3.090085 -0.1683195 -0.9999615 -3.1 -0.16564 -1.001267 -3.104641 -0.1683195 -1.021267 -3.11098 -0.17564 -1.024927 -3.113301 -0.18564 -1.026267 -3.110981 -0.19564 -1.024927 -3.104641 -0.2029605 -1.021267 -3.095981 -0.20564 -1.016267 -3.08732 -0.2029605 -1.011267 -3.080981 -0.19564 -1.007606 -3.07866 -0.18564 -1.006267 -3.080981 -0.17564 -1.007606 -3.08732 -0.1683195 -1.011267 -3.095981 -0.16564 -1.016267 -3.09 -0.1683195 -1.035908 -3.09366 -0.17564 -1.042247 -3.095 -0.18564 -1.044568 -3.09366 -0.19564 -1.042247 -3.09 -0.2029605 -1.035908 -3.085 -0.20564 -1.027247 -3.08 -0.2029605 -1.018587 -3.07634 -0.19564 -1.012247 -3.075 -0.18564 -1.009927 -3.07634 -0.17564 -1.012247 -3.08 -0.1683195 -1.018587 -3.085 -0.16564 -1.027247 -3.071305 -0.1683195 -1.041181 -3.072261 -0.17564 -1.048439 -3.07261 -0.18564 -1.051096 -3.072261 -0.19564 -1.048439 -3.071305 -0.2029605 -1.041181 -3.07 -0.20564 -1.031267 -3.068695 -0.2029605 -1.021352 -3.067739 -0.19564 -1.014094 -3.067389 -0.18564 -1.011438 -3.067739 -0.17564 -1.014094 -3.068695 -0.1683195 -1.021352 -3.07 -0.16564 -1.031267 -3 -0.1683195 -1.041267 -3 -0.17564 -1.048587 -3 -0.18564 -1.051267 -3 -0.19564 -1.048587 -3 -0.2029605 -1.041267 -3 -0.20564 -1.031267 -3 -0.2029605 -1.021267 -3 -0.19564 -1.013946 -3 -0.18564 -1.011267 -3 -0.17564 -1.013946 -3 -0.1683195 -1.021267 -3 -0.16564 -1.031267 -3 0.5742407 1.091267 -3 0.5669202 1.098587 -3 0.5569202 1.101267 -3 0.5469202 1.098587 -3 0.5395997 1.091267 -3 0.5369202 1.081267 -3 0.5395997 1.071267 -3 0.5469202 1.063946 -3 0.5569202 1.061267 -3 0.5669202 1.063946 -3 0.5742407 1.071267 -3 0.5769202 1.081267 -3.071305 0.5742407 1.091181 -3.072261 0.5669202 1.098439 -3.07261 0.5569202 1.101096 -3.072261 0.5469202 1.098439 -3.071305 0.5395997 1.091181 -3.07 0.5369202 1.081267 -3.068695 0.5395997 1.071352 -3.067739 0.5469202 1.064094 -3.067389 0.5569202 1.061438 -3.067739 0.5669202 1.064094 -3.068695 0.5742407 1.071352 -3.07 0.5769202 1.081267 -3.09 0.5742407 1.085908 -3.09366 0.5669202 1.092247 -3.095 0.5569202 1.094568 -3.09366 0.5469202 1.092247 -3.09 0.5395997 1.085908 -3.085 0.5369202 1.077247 -3.08 0.5395997 1.068587 -3.07634 0.5469202 1.062247 -3.075 0.5569202 1.059927 -3.07634 0.5669202 1.062247 -3.08 0.5742407 1.068587 -3.085 0.5769202 1.077247 -3.104641 0.5742407 1.071267 -3.11098 0.5669202 1.074927 -3.113301 0.5569202 1.076267 -3.110981 0.5469202 1.074927 -3.104641 0.5395997 1.071267 -3.095981 0.5369202 1.066267 -3.08732 0.5395997 1.061267 -3.080981 0.5469202 1.057606 -3.07866 0.5569202 1.056267 -3.080981 0.5669202 1.057606 -3.08732 0.5742407 1.061267 -3.095981 0.5769202 1.066267 -3.109914 0.5742407 1.052572 -3.117172 0.5669202 1.053527 -3.119829 0.5569202 1.053877 -3.117172 0.5469202 1.053527 -3.109914 0.5395997 1.052572 -3.1 0.5369202 1.051267 -3.090085 0.5395997 1.049961 -3.082828 0.5469202 1.049006 -3.080171 0.5569202 1.048656 -3.082828 0.5669202 1.049006 -3.090085 0.5742407 1.049961 -3.1 0.5769202 1.051267 -3.109914 0.5742407 -1.002572 -3.117172 0.5669202 -1.003527 -3.119829 0.5569202 -1.003877 -3.117172 0.5469202 -1.003527 -3.109914 0.5395997 -1.002572 -3.1 0.5369202 -1.001267 -3.090085 0.5395997 -0.9999615 -3.082828 0.5469202 -0.9990059 -3.080171 0.5569202 -0.9986562 -3.082828 0.5669202 -0.9990059 -3.090085 0.5742407 -0.9999615 -3.1 0.5769202 -1.001267 -3.104641 0.5742407 -1.021267 -3.11098 0.5669202 -1.024927 -3.113301 0.5569202 -1.026267 -3.110981 0.5469202 -1.024927 -3.104641 0.5395997 -1.021267 -3.095981 0.5369202 -1.016267 -3.08732 0.5395997 -1.011267 -3.080981 0.5469202 -1.007606 -3.07866 0.5569202 -1.006267 -3.080981 0.5669202 -1.007606 -3.08732 0.5742407 -1.011267 -3.095981 0.5769202 -1.016267 -3.09 0.5742407 -1.035908 -3.09366 0.5669202 -1.042247 -3.095 0.5569202 -1.044568 -3.09366 0.5469202 -1.042247 -3.09 0.5395997 -1.035908 -3.085 0.5369202 -1.027247 -3.08 0.5395997 -1.018587 -3.07634 0.5469202 -1.012247 -3.075 0.5569202 -1.009927 -3.07634 0.5669202 -1.012247 -3.08 0.5742407 -1.018587 -3.085 0.5769202 -1.027247 -3.071305 0.5742407 -1.041181 -3.072261 0.5669202 -1.048439 -3.07261 0.5569202 -1.051096 -3.072261 0.5469202 -1.048439 -3.071305 0.5395997 -1.041181 -3.07 0.5369202 -1.031267 -3.068695 0.5395997 -1.021352 -3.067739 0.5469202 -1.014094 -3.067389 0.5569202 -1.011438 -3.067739 0.5669202 -1.014094 -3.068695 0.5742407 -1.021352 -3.07 0.5769202 -1.031267 -3 0.5742407 -1.041267 -3 0.5669202 -1.048587 -3 0.5569202 -1.051267 -3 0.5469202 -1.048587 -3 0.5395997 -1.041267 -3 0.5369202 -1.031267 -3 0.5395997 -1.021267 -3 0.5469202 -1.013946 -3 0.5569202 -1.011267 -3 0.5669202 -1.013946 -3 0.5742407 -1.021267 -3 0.5769202 -1.031267 -3 -0.5395997 1.091267 -3 -0.5469202 1.098587 -3 -0.5569202 1.101267 -3 -0.5669202 1.098587 -3 -0.5742407 1.091267 -3 -0.5769202 1.081267 -3 -0.5742407 1.071267 -3 -0.5669202 1.063946 -3 -0.5569202 1.061267 -3 -0.5469202 1.063946 -3 -0.5395997 1.071267 -3 -0.5369202 1.081267 -3.071305 -0.5395997 1.091181 -3.072261 -0.5469202 1.098439 -3.07261 -0.5569202 1.101096 -3.072261 -0.5669202 1.098439 -3.071305 -0.5742407 1.091181 -3.07 -0.5769202 1.081267 -3.068695 -0.5742407 1.071352 -3.067739 -0.5669202 1.064094 -3.067389 -0.5569202 1.061438 -3.067739 -0.5469202 1.064094 -3.068695 -0.5395997 1.071352 -3.07 -0.5369202 1.081267 -3.09 -0.5395997 1.085908 -3.09366 -0.5469202 1.092247 -3.095 -0.5569202 1.094568 -3.09366 -0.5669202 1.092247 -3.09 -0.5742407 1.085908 -3.085 -0.5769202 1.077247 -3.08 -0.5742407 1.068587 -3.07634 -0.5669202 1.062247 -3.075 -0.5569202 1.059927 -3.07634 -0.5469202 1.062247 -3.08 -0.5395997 1.068587 -3.085 -0.5369202 1.077247 -3.104641 -0.5395997 1.071267 -3.11098 -0.5469202 1.074927 -3.113301 -0.5569202 1.076267 -3.110981 -0.5669202 1.074927 -3.104641 -0.5742407 1.071267 -3.095981 -0.5769202 1.066267 -3.08732 -0.5742407 1.061267 -3.080981 -0.5669202 1.057606 -3.07866 -0.5569202 1.056267 -3.080981 -0.5469202 1.057606 -3.08732 -0.5395997 1.061267 -3.095981 -0.5369202 1.066267 -3.109914 -0.5395997 1.052572 -3.117172 -0.5469202 1.053527 -3.119829 -0.5569202 1.053877 -3.117172 -0.5669202 1.053527 -3.109914 -0.5742407 1.052572 -3.1 -0.5769202 1.051267 -3.090085 -0.5742407 1.049961 -3.082828 -0.5669202 1.049006 -3.080171 -0.5569202 1.048656 -3.082828 -0.5469202 1.049006 -3.090085 -0.5395997 1.049961 -3.1 -0.5369202 1.051267 -3.109914 -0.5395997 -1.002572 -3.117172 -0.5469202 -1.003527 -3.119829 -0.5569202 -1.003877 -3.117172 -0.5669202 -1.003527 -3.109914 -0.5742407 -1.002572 -3.1 -0.5769202 -1.001267 -3.090085 -0.5742407 -0.9999615 -3.082828 -0.5669202 -0.9990059 -3.080171 -0.5569202 -0.9986562 -3.082828 -0.5469202 -0.9990059 -3.090085 -0.5395997 -0.9999615 -3.1 -0.5369202 -1.001267 -3.104641 -0.5395997 -1.021267 -3.11098 -0.5469202 -1.024927 -3.113301 -0.5569202 -1.026267 -3.110981 -0.5669202 -1.024927 -3.104641 -0.5742407 -1.021267 -3.095981 -0.5769202 -1.016267 -3.08732 -0.5742407 -1.011267 -3.080981 -0.5669202 -1.007606 -3.07866 -0.5569202 -1.006267 -3.080981 -0.5469202 -1.007606 -3.08732 -0.5395997 -1.011267 -3.095981 -0.5369202 -1.016267 -3.09 -0.5395997 -1.035908 -3.09366 -0.5469202 -1.042247 -3.095 -0.5569202 -1.044568 -3.09366 -0.5669202 -1.042247 -3.09 -0.5742407 -1.035908 -3.085 -0.5769202 -1.027247 -3.08 -0.5742407 -1.018587 -3.07634 -0.5669202 -1.012247 -3.075 -0.5569202 -1.009927 -3.07634 -0.5469202 -1.012247 -3.08 -0.5395997 -1.018587 -3.085 -0.5369202 -1.027247 -3.071305 -0.5395997 -1.041181 -3.072261 -0.5469202 -1.048439 -3.07261 -0.5569202 -1.051096 -3.072261 -0.5669202 -1.048439 -3.071305 -0.5742407 -1.041181 -3.07 -0.5769202 -1.031267 -3.068695 -0.5742407 -1.021352 -3.067739 -0.5669202 -1.014094 -3.067389 -0.5569202 -1.011438 -3.067739 -0.5469202 -1.014094 -3.068695 -0.5395997 -1.021352 -3.07 -0.5369202 -1.031267 -3 -0.5395997 -1.041267 -3 -0.5469202 -1.048587 -3 -0.5569202 -1.051267 -3 -0.5669202 -1.048587 -3 -0.5742407 -1.041267 -3 -0.5769202 -1.031267 -3 -0.5742407 -1.021267 -3 -0.5669202 -1.013946 -3 -0.5569202 -1.011267 -3 -0.5469202 -1.013946 -3 -0.5395997 -1.021267 -3 -0.5369202 -1.031267 -3.117172 -0.5469202 1.003527 -3.082828 -0.5469202 0.9990059 -3.109914 -0.5395997 1.002572 -3.080171 -0.5569202 0.9986561 -3.117172 -0.5669202 1.003527 -3.1 -0.5369202 1.001267 -3.119829 -0.5569202 1.003877 -3.090085 -0.5395997 0.9999614 -3.1 -0.5769202 1.001267 -3.109914 -0.5742407 1.002572 -3.082828 -0.5669202 0.9990059 -3.090085 -0.5742407 0.9999614 -3.109914 -0.1683195 1.004666 -3.080171 -0.18564 1.000933 -3.117172 -0.17564 1.005577 -3.082828 -0.17564 1.001267 -3.119829 -0.18564 1.005911 -3.090085 -0.1683195 1.002178 -3.117172 -0.19564 1.005577 -3.1 -0.16564 1.003422 -3.109914 -0.2029605 1.004666 -3.1 -0.20564 1.003422 -3.090085 -0.2029605 1.002178 -3.082828 -0.19564 1.001267 -3.109914 0.2029606 1.005581 -3.080171 0.18564 1.001844 -3.117172 0.1956401 1.006492 -3.082828 0.19564 1.002178 -3.119829 0.1856401 1.006826 -3.090085 0.2029606 1.003089 -3.117172 0.1756401 1.006492 -3.1 0.2056401 1.004335 -3.109914 0.1683196 1.005581 -3.1 0.1656401 1.004335 -3.090085 0.1683196 1.003089 -3.082828 0.1756401 1.002178 -3.117172 0.5669202 1.00991 -3.082828 0.5669202 1.00558 -3.109914 0.5742407 1.008995 -3.080171 0.5569202 1.005246 -3.117172 0.5469202 1.00991 -3.1 0.5769202 1.007745 -3.119829 0.5569202 1.010245 -3.090085 0.5742407 1.006495 -3.1 0.5369202 1.007745 -3.109914 0.5395997 1.008995 -3.082828 0.5469202 1.00558 -3.090085 0.5395997 1.006495 -3.117172 -0.5469202 0.8035275 -3.082828 -0.5469202 0.7990059 -3.109914 -0.5395997 0.8025719 -3.080171 -0.5569202 0.7986561 -3.117172 -0.5669202 0.8035275 -3.1 -0.5369202 0.8012667 -3.119829 -0.5569202 0.8038772 -3.090085 -0.5395997 0.7999615 -3.1 -0.5769202 0.8012667 -3.109914 -0.5742407 0.8025719 -3.082828 -0.5669202 0.7990059 -3.090085 -0.5742407 0.7999615 -3.109914 -0.1683195 0.8043711 -3.080171 -0.18564 0.80102 -3.117172 -0.17564 0.8051889 -3.082828 -0.17564 0.8013195 -3.119829 -0.18564 0.8054882 -3.090085 -0.1683195 0.8021371 -3.117172 -0.19564 0.8051889 -3.1 -0.16564 0.8032541 -3.109914 -0.2029605 0.8043711 -3.1 -0.20564 0.8032541 -3.090085 -0.2029605 0.8021371 -3.082828 -0.19564 0.8013195 -3.109914 0.2029606 0.8055523 -3.080171 0.18564 0.8021968 -3.117172 0.1956401 0.8063711 -3.082828 0.19564 0.8024964 -3.119829 0.1856401 0.8066709 -3.090085 0.2029606 0.8033153 -3.117172 0.1756401 0.8063711 -3.1 0.2056401 0.8044338 -3.109914 0.1683196 0.8055523 -3.1 0.1656401 0.8044338 -3.090085 0.1683196 0.8033153 -3.082828 0.1756401 0.8024964 -3.117172 0.5669202 0.8072417 -3.082828 0.5669202 0.8033631 -3.109914 0.5742407 0.806422 -3.080171 0.5569202 0.8030632 -3.117172 0.5469202 0.8072417 -3.1 0.5769202 0.8053024 -3.119829 0.5569202 0.8075416 -3.090085 0.5742407 0.8041828 -3.1 0.5369202 0.8053024 -3.109914 0.5395997 0.806422 -3.082828 0.5469202 0.8033631 -3.090085 0.5395997 0.8041828 -3.117172 -0.5469202 -0.9035275 -3.082828 -0.5469202 -0.8990059 -3.109914 -0.5395997 -0.9025719 -3.080171 -0.5569202 -0.8986561 -3.117172 -0.5669202 -0.9035275 -3.1 -0.5369202 -0.9012667 -3.119829 -0.5569202 -0.9038773 -3.090085 -0.5395997 -0.8999615 -3.1 -0.5769202 -0.9012667 -3.109914 -0.5742407 -0.9025719 -3.082828 -0.5669202 -0.8990059 -3.090085 -0.5742407 -0.8999615 -3.109914 -0.1683195 -0.9043287 -3.080171 -0.18564 -0.9007873 -3.117172 -0.17564 -0.9051929 -3.082828 -0.17564 -0.9011036 -3.119829 -0.18564 -0.9055092 -3.090085 -0.1683195 -0.9019678 -3.117172 -0.19564 -0.9051929 -3.1 -0.16564 -0.9031482 -3.109914 -0.2029605 -0.9043287 -3.1 -0.20564 -0.9031482 -3.090085 -0.2029605 -0.9019678 -3.082828 -0.19564 -0.9011036 -3.109914 0.2029606 -0.9074028 -3.080171 0.18564 -0.9038497 -3.117172 0.1956401 -0.9082699 -3.082828 0.19564 -0.9041671 -3.119829 0.1856401 -0.9085872 -3.090085 0.2029606 -0.9050341 -3.117172 0.1756401 -0.9082699 -3.1 0.2056401 -0.9062185 -3.109914 0.1683196 -0.9074028 -3.1 0.1656401 -0.9062185 -3.090085 0.1683196 -0.9050341 -3.082828 0.1756401 -0.9041671 -3.117172 0.5669202 -0.9103258 -3.082828 0.5669202 -0.906214 -3.109914 0.5742407 -0.9094569 -3.080171 0.5569202 -0.9058959 -3.117172 0.5469202 -0.9103258 -3.1 0.5769202 -0.90827 -3.119829 0.5569202 -0.9106439 -3.090085 0.5742407 -0.907083 -3.1 0.5369202 -0.90827 -3.109914 0.5395997 -0.9094569 -3.082828 0.5469202 -0.906214 -3.090085 0.5395997 -0.907083 -3.117172 -0.5469202 -0.7035275 -3.082828 -0.5469202 -0.6990059 -3.109914 -0.5395997 -0.7025719 -3.080171 -0.5569202 -0.6986561 -3.117172 -0.5669202 -0.7035275 -3.1 -0.5369202 -0.7012667 -3.119829 -0.5569202 -0.7038772 -3.090085 -0.5395997 -0.6999614 -3.1 -0.5769202 -0.7012667 -3.109914 -0.5742407 -0.7025719 -3.082828 -0.5669202 -0.6990059 -3.090085 -0.5742407 -0.6999614 -3.109914 -0.1683195 -0.7067086 -3.080171 -0.18564 -0.7035391 -3.117172 -0.17564 -0.707482 -3.082828 -0.17564 -0.7038223 -3.119829 -0.18564 -0.7077651 -3.090085 -0.1683195 -0.7045957 -3.117172 -0.19564 -0.707482 -3.1 -0.16564 -0.7056521 -3.109914 -0.2029605 -0.7067086 -3.1 -0.20564 -0.7056521 -3.090085 -0.2029605 -0.7045957 -3.082828 -0.19564 -0.7038223 -3.109914 0.2029606 -0.7098241 -3.080171 0.18564 -0.7066428 -3.117172 0.1956401 -0.7106004 -3.082828 0.19564 -0.706927 -3.119829 0.1856401 -0.7108845 -3.090085 0.2029606 -0.7077032 -3.117172 0.1756401 -0.7106004 -3.1 0.2056401 -0.7087636 -3.109914 0.1683196 -0.7098241 -3.1 0.1656401 -0.7087636 -3.090085 0.1683196 -0.7077032 -3.082828 0.1756401 -0.706927 -3.117172 0.5669202 -0.7145168 -3.082828 0.5669202 -0.7108262 -3.109914 0.5742407 -0.7137368 -3.080171 0.5569202 -0.7105407 -3.117172 0.5469202 -0.7145168 -3.1 0.5769202 -0.7126715 -3.119829 0.5569202 -0.7148023 -3.090085 0.5742407 -0.7116062 -3.1 0.5369202 -0.7126715 -3.109914 0.5395997 -0.7137368 -3.082828 0.5469202 -0.7108262 -3.090085 0.5395997 -0.7116062 -3.100326 -0.5219237 1.001267 -3.082785 -0.5264959 0.9999614 -3.069892 -0.5393256 0.9990059 -3.065171 -0.5569202 0.9986561 -3.069892 -0.5745148 0.9990059 -3.082785 -0.5873443 0.9999614 -3.100326 -0.5919166 1.001267 -3.117701 -0.5870617 1.002572 -3.130268 -0.5742358 1.003527 -3.134829 -0.5569202 1.003877 -3.130268 -0.5396046 1.003527 -3.117701 -0.5267787 1.002572 -3.100311 -0.1506432 1.003422 -3.082774 -0.155222 1.002178 -3.069889 -0.1680516 1.001267 -3.065171 -0.18564 1.000933 -3.069889 -0.2032284 1.001267 -3.082774 -0.216058 1.002178 -3.100311 -0.2206368 1.003422 -3.117689 -0.2157883 1.004666 -3.130264 -0.2029624 1.005577 -3.134829 -0.18564 1.005911 -3.130264 -0.1683176 1.005577 -3.117689 -0.1554917 1.004666 -3.100311 0.2206369 1.004335 -3.082774 0.2160581 1.003089 -3.069889 0.2032285 1.002178 -3.065171 0.18564 1.001844 -3.069889 0.1680516 1.002178 -3.082775 0.1552219 1.003089 -3.100311 0.1506433 1.004335 -3.11769 0.1554919 1.005581 -3.130264 0.1683178 1.006492 -3.134829 0.1856401 1.006826 -3.130264 0.2029623 1.006492 -3.11769 0.2157883 1.005581 -3.100312 0.5919169 1.007745 -3.082775 0.5873388 1.006495 -3.069889 0.5745092 1.00558 -3.065171 0.5569202 1.005246 -3.069889 0.5393312 1.00558 -3.082775 0.5265017 1.006495 -3.100312 0.5219234 1.007745 -3.11769 0.5267725 1.008995 -3.130264 0.5395985 1.00991 -3.134829 0.5569202 1.010245 -3.130264 0.574242 1.00991 -3.11769 0.587068 1.008995 -3.130107 -0.5393256 0.8035275 -3.069733 -0.5396046 0.7990059 -3.117215 -0.5264959 0.8025719 -3.065171 -0.5569202 0.7986561 -3.130107 -0.5745148 0.8035275 -3.099674 -0.5219237 0.8012667 -3.134829 -0.5569202 0.8038772 -3.082299 -0.5267787 0.7999615 -3.099674 -0.5919166 0.8012667 -3.117215 -0.5873443 0.8025719 -3.069733 -0.5742358 0.7990059 -3.082299 -0.5870617 0.7999615 -3.117249 -0.1552351 0.8043711 -3.065171 -0.18564 0.80102 -3.130119 -0.1680647 0.8051889 -3.069744 -0.1683035 0.8013195 -3.134829 -0.18564 0.8054882 -3.082334 -0.1554773 0.8021371 -3.130119 -0.2032153 0.8051889 -3.09972 -0.1506426 0.8032541 -3.117249 -0.2160449 0.8043711 -3.09972 -0.2206374 0.8032541 -3.082334 -0.2158027 0.8021371 -3.069744 -0.2029765 0.8013195 -3.117249 0.2160452 0.8055523 -3.065171 0.18564 0.8021968 -3.130119 0.2032156 0.8063711 -3.069744 0.2029764 0.8024964 -3.134829 0.1856401 0.8066709 -3.082334 0.2158026 0.8033153 -3.130119 0.1680646 0.8063711 -3.09972 0.2206375 0.8044338 -3.117249 0.155235 0.8055523 -3.09972 0.1506427 0.8044338 -3.082334 0.1554775 0.8033153 -3.069744 0.1683037 0.8024964 -3.130119 0.5744958 0.8072417 -3.069744 0.5742564 0.8033631 -3.117249 0.5873255 0.806422 -3.065171 0.5569202 0.8030632 -3.130119 0.5393446 0.8072417 -3.09972 0.5919175 0.8053024 -3.134829 0.5569202 0.8075416 -3.082334 0.5870826 0.8041828 -3.09972 0.5219228 0.8053024 -3.117249 0.526515 0.806422 -3.069744 0.5395839 0.8033631 -3.082334 0.5267577 0.8041828 -3.130107 -0.5393256 -0.7035275 -3.130268 -0.5396046 -0.9035275 -3.069733 -0.5396046 -0.6990059 -3.069892 -0.5393256 -0.8990059 -3.117215 -0.5264959 -0.7025719 -3.117701 -0.5267787 -0.9025719 -3.065171 -0.5569202 -0.6986561 -3.065171 -0.5569202 -0.8986561 -3.130107 -0.5745148 -0.7035275 -3.130268 -0.5742358 -0.9035275 -3.099674 -0.5219237 -0.7012667 -3.100326 -0.5219237 -0.9012667 -3.134829 -0.5569202 -0.7038772 -3.134829 -0.5569202 -0.9038773 -3.082299 -0.5267787 -0.6999614 -3.082785 -0.5264959 -0.8999615 -3.099674 -0.5919166 -0.7012667 -3.100326 -0.5919166 -0.9012667 -3.117215 -0.5873443 -0.7025719 -3.117701 -0.5870617 -0.9025719 -3.069733 -0.5742358 -0.6990059 -3.069892 -0.5745148 -0.8990059 -3.082299 -0.5870617 -0.6999614 -3.082785 -0.5873443 -0.8999615 -3.11726 -0.1552413 -0.7067086 -3.117677 -0.1554844 -0.9043287 -3.065171 -0.18564 -0.7035391 -3.065171 -0.18564 -0.9007873 -3.130123 -0.1680709 -0.707482 -3.130259 -0.1683105 -0.9051929 -3.069748 -0.1682968 -0.7038223 -3.069885 -0.1680582 -0.9011036 -3.134829 -0.18564 -0.7077651 -3.134829 -0.18564 -0.9055092 -3.082346 -0.1554704 -0.7045957 -3.082762 -0.1552286 -0.9019678 -3.130123 -0.2032091 -0.707482 -3.130259 -0.2029695 -0.9051929 -3.099736 -0.1506423 -0.7056521 -3.100295 -0.1506429 -0.9031482 -3.11726 -0.2160387 -0.7067086 -3.117677 -0.2157955 -0.9043287 -3.099736 -0.2206377 -0.7056521 -3.100295 -0.2206371 -0.9031482 -3.082346 -0.2158096 -0.7045957 -3.082763 -0.2160515 -0.9019678 -3.069748 -0.2029833 -0.7038223 -3.069885 -0.2032219 -0.9011036 -3.117259 0.2160392 -0.7098241 -3.117678 0.2157952 -0.9074028 -3.065171 0.18564 -0.7066428 -3.065171 0.18564 -0.9038497 -3.130122 0.2032096 -0.7106004 -3.13026 0.2029691 -0.9082699 -3.069748 0.2029829 -0.706927 -3.069885 0.2032223 -0.9041671 -3.134829 0.1856401 -0.7108845 -3.134829 0.1856401 -0.9085872 -3.082345 0.2158092 -0.7077032 -3.082763 0.2160519 -0.9050341 -3.130122 0.1680706 -0.7106004 -3.13026 0.168311 -0.9082699 -3.099735 0.2206377 -0.7087636 -3.100296 0.2206372 -0.9062185 -3.117259 0.155241 -0.7098241 -3.117678 0.155485 -0.9074028 -3.099735 0.1506425 -0.7087636 -3.100296 0.150643 -0.9062185 -3.082345 0.155471 -0.7077032 -3.082763 0.1552282 -0.9050341 -3.069748 0.1682973 -0.706927 -3.069885 0.1680578 -0.9041671 -3.130122 0.5744902 -0.7145168 -3.13026 0.5742489 -0.9103258 -3.069747 0.5742624 -0.7108262 -3.069885 0.5745027 -0.906214 -3.117259 0.5873199 -0.7137368 -3.117679 0.587075 -0.9094569 -3.065171 0.5569202 -0.7105407 -3.065171 0.5569202 -0.9058959 -3.130122 0.5393502 -0.7145168 -3.13026 0.5395914 -0.9103258 -3.099733 0.5919178 -0.7126715 -3.100297 0.5919173 -0.90827 -3.134829 0.5569202 -0.7148023 -3.134829 0.5569202 -0.9106439 -3.082344 0.5870888 -0.7116062 -3.082764 0.5873324 -0.907083 -3.099733 0.5219226 -0.7126715 -3.100297 0.5219232 -0.90827 -3.117259 0.5265206 -0.7137368 -3.117679 0.5267654 -0.9094569 -3.069747 0.539578 -0.7108262 -3.069885 0.5393376 -0.906214 -3.082344 0.5267516 -0.7116062 -3.082764 0.5265081 -0.907083</float_array>
          <technique_common>
            <accessor source="#Cargo_Container_Pipes_Mesh-mesh-positions-array" count="1728" stride="3">
              <param name="X" type="float"/>
              <param name="Y" type="float"/>
              <param name="Z" type="float"/>
            </accessor>
          </technique_common>
        </source>
        <source id="Cargo_Container_Pipes_Mesh-mesh-normals">
          <float_array id="Cargo_Container_Pipes_Mesh-mesh-normals-array" count="8238">1.57297e-4 0.96565 0.2598464 0.03501939 0.9656906 0.2573235 0.03518861 0.9656879 0.2573105 0.001699626 0.4985008 0.8668877 0.1230768 0.4894897 0.8632798 0.09955221 0.7061213 0.7010578 0.001152813 0.7056282 0.7085814 0.002204954 -3.2413e-7 0.9999976 0.141758 0 0.9899014 0.001699626 -0.4985 0.8668881 0.123078 -0.4894879 0.8632806 0.001152813 -0.7056264 0.7085832 0.09955269 -0.706118 0.7010611 1.57232e-4 -0.96565 0.2598463 0.03518879 -0.9656882 0.2573091 0.03501945 -0.9656909 0.2573221 1.60138e-4 -0.9656448 -0.2598659 -0.0327143 -0.9655864 -0.2580171 -0.03293305 -0.9655824 -0.2580038 0.001811146 -0.4984114 -0.8669389 -0.09151142 -0.5048868 -0.8583211 -0.08088004 -0.7043315 -0.7052487 0.001214504 -0.7055512 -0.7086579 0.002363979 -2.55377e-7 -0.9999973 -0.1002785 1.0142e-6 -0.9949595 0.001811146 0.4984093 -0.86694 -0.09151118 0.5048866 -0.8583213 0.001214504 0.7055482 -0.7086609 -0.08088004 0.7043299 -0.7052502 1.60528e-4 0.9656447 -0.2598662 -0.03293281 0.9655822 -0.2580048 -0.03271418 0.9655861 -0.258018 0.1296107 0.9663012 0.222403 0.1298947 0.9662991 0.2222466 0.4448085 0.4844506 0.7532949 0.3587428 0.7088154 0.6073586 0.5087159 -3.43504e-6 0.8609345 0.4448094 -0.48445 0.7532947 0.3587459 -0.7088088 0.6073643 0.1298953 -0.9662987 0.2222478 0.129611 -0.9663009 0.2224043 -0.1274566 -0.9664089 -0.2231785 -0.1278133 -0.9664066 -0.2229847 -0.4080224 -0.5251239 -0.7468352 -0.3427656 -0.7105849 -0.614476 -0.2028354 2.29025e-6 -0.9792129 -0.4080205 0.5251277 -0.7468336 -0.3427662 0.7105846 -0.6144762 -0.1278149 0.9664062 -0.2229855 -0.1274589 0.9664086 -0.2231788 0.2224035 0.9663015 0.1296088 0.2222464 0.9662992 0.1298941 0.7532971 0.4844456 0.44481 0.6073622 0.7088117 0.358744 0.860935 -3.49305e-6 0.508715 0.7532934 -0.4844517 0.4448097 0.6073567 -0.7088164 0.358744 0.22225 -0.9662982 0.1298951 0.222406 -0.9663004 0.1296118 -0.2231712 -0.9664106 -0.1274566 -0.2229781 -0.9664082 -0.127812 -0.7468369 -0.525124 -0.4080191 -0.6144745 -0.710586 -0.3427663 -0.7071068 7.60292e-6 -0.7071068 -0.7071068 7.61247e-6 -0.7071068 -0.746836 0.525126 -0.4080181 -0.6144756 0.7105848 -0.3427669 -0.222984 0.9664064 -0.1278158 -0.2231779 0.9664089 -0.1274589 0.2578423 0.9655545 0.03495544 0.2578281 0.9655528 0.03511095 0.8638182 0.4887503 0.1222342 0.7018936 0.7053744 0.09895724 0.9900566 1.36981e-7 0.1406699 0.8638155 -0.4887554 0.1222332 0.7018851 -0.7053832 0.09895455 0.2578313 -0.9655519 0.03511005 0.2578455 -0.9655537 0.03495484 -0.2585353 -0.9654449 -0.03279995 -0.2585194 -0.965442 -0.03300756 -0.8587037 -0.5040739 -0.09239834 -0.7059612 -0.7035517 -0.08144789 -0.9792196 0 -0.2028032 -0.9948405 1.35867e-7 -0.1014519 -0.8587043 0.504073 -0.0923981 -0.7059628 0.7035501 -0.08144789 -0.2585242 0.9654406 -0.03301066 -0.25854 0.9654434 -0.03280329 0.2608935 0.9653676 0 0.2578473 0.9655532 -0.03495544 0.257833 0.9655514 -0.03511095 0.8628436 0.5054711 0 0.8638229 0.4887421 -0.1222334 0.7018976 0.7053706 -0.09895575 0.7101639 0.7040364 0 1 1.44415e-7 0 0.9900566 0 -0.1406693 0.8628436 -0.5054709 0 0.8638244 -0.4887396 -0.1222342 0.7101639 -0.7040364 0 0.7019019 -0.7053661 -0.098957 0.2608949 -0.9653673 0 0.2578368 -0.9655504 -0.03510975 0.2578511 -0.9655522 -0.03495448 -0.2608922 -0.965368 0 -0.2585309 -0.9654459 0.03280037 -0.2585151 -0.9654431 0.03300803 -0.8725101 -0.4885962 0 -0.8587056 -0.5040707 0.09239786 -0.7059618 -0.7035512 0.08144789 -0.7101413 -0.7040593 0 -1 2.20234e-7 0 -0.9948406 1.26162e-7 0.1014507 -0.8725103 0.4885957 0 -0.8587063 0.5040696 0.09239774 -0.7101424 0.7040581 0 -0.7059636 0.7035495 0.08144789 -0.2608935 0.9653677 0 -0.2585166 0.9654427 0.03300976 -0.2585324 0.9654456 0.03280246 0.2224028 0.9663015 -0.1296094 0.2222457 0.9662992 -0.1298947 0.7532957 0.4844482 -0.4448097 0.6073578 0.708816 -0.3587428 0.8609354 -3.31893e-6 -0.5087144 0.753296 -0.4844488 -0.4448087 0.6073623 -0.7088117 -0.3587436 0.2222481 -0.9662989 -0.1298929 0.2224041 -0.966301 -0.1296096 -0.223172 -0.9664104 0.1274566 -0.222979 -0.966408 0.1278119 -0.7468349 -0.5251272 0.4080185 -0.6144726 -0.7105872 0.3427671 -0.9792199 0 0.2028011 -0.7468356 0.5251277 0.4080167 -0.6144739 0.7105876 0.3427639 -0.2229819 0.9664069 0.1278162 -0.2231758 0.9664093 0.1274594 0.129611 0.9663007 -0.222405 0.1298951 0.9662985 -0.2222485 0.4448079 0.4844518 -0.7532945 0.3587409 0.7088174 -0.6073573 0.5087158 -3.20815e-6 -0.8609346 0.4448077 -0.4844512 -0.7532949 0.3587426 -0.7088111 -0.6073637 0.1298931 -0.9662991 -0.2222472 0.1296088 -0.9663013 -0.2224038 -0.1274567 -0.9664091 0.2231781 -0.1278135 -0.9664067 0.2229843 -0.4080173 -0.5251287 0.7468346 -0.3427634 -0.7105857 0.6144765 -0.7071056 0 0.707108 -0.7071056 0 0.707108 -0.4080167 0.5251315 0.7468329 -0.3427632 0.71059 0.6144716 -0.1278163 0.9664058 0.2229868 -0.1274603 0.966408 0.2231801 0.03501975 0.9656902 -0.2573248 0.03518903 0.9656875 -0.2573118 0.1230766 0.4894911 -0.8632791 0.09955078 0.7061233 -0.701056 0.1417574 2.53614e-7 -0.9899015 0.1230769 -0.4894865 -0.8632816 0.09955251 -0.7061158 -0.7010633 0.03518867 -0.9656879 -0.2573104 0.03501933 -0.9656907 -0.2573235 -0.03271347 -0.9655864 0.2580171 -0.03293222 -0.9655826 0.2580039 -0.09150886 -0.5048878 0.8583207 -0.08088034 -0.7043315 0.7052487 -0.2028248 -1.76889e-7 0.9792152 -0.100273 -1.26169e-7 0.99496 -0.09150815 0.5048877 0.8583208 -0.08087921 0.7043316 0.7052486 -0.03293281 0.9655822 0.2580048 -0.03271418 0.9655861 0.2580181 1.57232e-4 0.96565 -0.2598464 0.00170058 0.498501 -0.8668875 0.001153469 0.7056282 -0.7085814 0.00220561 2.75019e-7 -0.9999976 0.001699924 -0.4984997 -0.8668882 0.001153469 -0.7056264 -0.7085832 1.57551e-4 -0.96565 -0.2598463 1.60204e-4 -0.9656448 0.2598659 0.001810789 -0.4984114 0.8669389 0.001213848 -0.7055512 0.7086579 0.002363979 0 0.9999973 0.001810431 0.4984092 0.8669402 0.001213192 0.7055476 0.7086616 1.60528e-4 0.9656447 0.2598662 0.001699626 0.4985006 0.8668878 0.1230768 0.4894896 0.8632798 0.09955221 0.706121 0.7010581 0.001152813 0.7056276 0.7085821 0.002204954 0 0.9999976 0.1417581 0 0.9899014 0.001699626 -0.4984998 0.8668882 0.123078 -0.4894878 0.8632807 0.03518879 -0.9656884 0.2573085 0.03501951 -0.9656911 0.2573215 0.001811146 -0.4984117 -0.8669386 -0.09151148 -0.5048869 -0.8583211 -0.08087998 -0.7043318 -0.7052483 0.001214504 -0.7055519 -0.7086573 0.002363979 0 -0.9999973 -0.1002785 1.1986e-6 -0.9949595 0.001811146 0.4984087 -0.8669403 -0.09151118 0.5048864 -0.8583213 0.001214504 0.7055469 -0.7086622 -0.0808801 0.7043296 -0.7052505 1.60528e-4 0.965645 -0.2598651 -0.03293281 0.9655821 -0.258005 -0.03271418 0.9655861 -0.2580183 0.4448084 0.4844505 0.7532951 0.3587426 0.7088152 0.6073589 0.5087158 -3.41393e-6 0.8609346 0.4448093 -0.4844498 0.7532948 0.3587458 -0.7088086 0.6073647 0.1298953 -0.9662989 0.2222472 0.129611 -0.966301 0.2224037 -0.4080223 -0.525124 -0.7468351 -0.3427658 -0.7105852 -0.6144756 -0.4080205 0.525128 -0.7468333 -0.3427664 0.7105851 -0.6144754 -0.1278149 0.9664061 -0.2229863 -0.1274589 0.9664084 -0.2231797 0.2224035 0.9663015 0.1296085 0.2222464 0.9662993 0.1298937 0.753297 0.4844456 0.4448101 0.6073622 0.7088117 0.3587439 0.8609349 -3.53527e-6 0.5087151 0.7532933 -0.4844517 0.4448098 0.6073566 -0.7088163 0.3587442 0.22225 -0.9662982 0.1298952 0.222406 -0.9663004 0.1296119 -0.7468369 -0.5251243 -0.4080187 -0.6144747 -0.7105863 -0.3427653 -0.7071063 7.61232e-6 -0.7071074 -0.7071063 7.63126e-6 -0.7071073 -0.746836 0.5251262 -0.4080178 -0.6144758 0.7105852 -0.3427657 -0.222984 0.9664064 -0.1278156 -0.2231779 0.9664089 -0.1274587 0.2578453 0.9655537 0.03495508 0.257831 0.965552 0.03511065 0.8638164 0.4887537 0.1222336 0.7018973 0.7053706 0.0989567 0.9900565 1.26835e-7 0.1406704 0.8638137 -0.4887588 0.1222327 0.7018888 -0.7053794 0.09895426 0.2578346 -0.965551 0.03511023 0.2578488 -0.9655528 0.03495496 -0.2585356 -0.9654447 -0.03279995 -0.2585198 -0.9654419 -0.03300756 -0.8587022 -0.5040767 -0.09239822 -0.7059533 -0.7035598 -0.08144748 -0.9792194 0 -0.2028035 -0.9948405 0 -0.1014519 -0.8587027 0.5040757 -0.09239822 -0.7059549 0.7035581 -0.08144724 -0.2585244 0.9654406 -0.03301042 -0.2585402 0.9654434 -0.03280305 0.260894 0.9653676 0 0.2578474 0.9655531 -0.03495544 0.2578331 0.9655513 -0.03511095 0.8628542 0.5054531 0 0.8638204 0.4887468 -0.1222333 0.7018971 0.705371 -0.09895551 0.710163 0.7040374 0 1 2.40708e-7 0 0.9900566 1.26834e-7 -0.1406698 0.8628543 -0.5054528 0 0.8638219 -0.4887441 -0.1222339 0.710163 -0.7040374 0 0.7019014 -0.7053666 -0.0989567 0.2608952 -0.9653672 0 0.257837 -0.9655503 -0.03510987 0.2578513 -0.9655522 -0.03495466 -0.2608978 -0.9653665 0 -0.2585338 -0.9654453 0.03279995 -0.2585179 -0.9654424 0.03300756 -0.872491 -0.4886304 0 -0.858704 -0.5040736 0.09239768 -0.7059573 -0.7035558 0.08144748 -0.7101324 -0.7040683 0 -1 2.30229e-7 0 -0.9948406 0 0.1014507 -0.8724911 0.4886299 0 -0.8587047 0.5040724 0.09239768 -0.7101335 0.7040671 0 -0.7059592 0.7035539 0.08144748 -0.2608993 0.9653661 0 -0.2585195 0.965442 0.03300958 -0.2585353 0.9654448 0.03280222 0.2224028 0.9663016 -0.1296088 0.2222457 0.9662993 -0.1298941 0.7532956 0.4844483 -0.4448097 0.607358 0.7088162 -0.3587422 0.8609353 -3.36642e-6 -0.5087146 0.7532959 -0.4844488 -0.4448085 0.6073624 -0.7088118 -0.3587433 0.2222481 -0.9662989 -0.129893 0.2224041 -0.966301 -0.1296097 -0.223172 -0.9664103 0.1274574 -0.222979 -0.9664079 0.1278128 -0.7468352 -0.5251275 0.4080175 -0.6144728 -0.7105875 0.3427662 -0.9792199 0 0.2028011 -0.7468357 0.5251277 0.4080166 -0.614474 0.7105876 0.3427639 -0.2229819 0.9664068 0.127816 -0.2231758 0.9664092 0.1274591 0.1296111 0.9663009 -0.2224043 0.1298952 0.9662988 -0.2222479 0.4448077 0.4844518 -0.7532944 0.3587411 0.7088176 -0.607357 0.5087155 -3.31368e-6 -0.8609347 0.1298931 -0.9662992 -0.2222466 0.1296089 -0.9663015 -0.2224032 -0.1274567 -0.9664088 0.2231793 -0.1278134 -0.9664064 0.2229856 -0.4080177 -0.5251287 0.7468343 -0.3427635 -0.7105854 0.6144766 -0.7071066 0 0.7071071 -0.7071066 0 0.7071071 -0.4080167 0.5251312 0.7468331 -0.342763 0.7105893 0.6144725 -0.1278162 0.9664056 0.2229871 -0.1274603 0.966408 0.2231805 0.1230765 0.4894909 -0.8632791 0.09955078 0.706123 -0.7010564 0.1417574 3.60132e-7 -0.9899014 0.1230769 -0.4894865 -0.8632817 0.03518867 -0.9656881 -0.2573098 0.03501933 -0.9656907 -0.2573229 -0.0915088 -0.5048876 0.8583208 -0.08088022 -0.7043312 0.7052489 -0.2028249 0 0.979215 -0.1002731 1.40727e-7 0.99496 -0.09150815 0.5048871 0.8583213 -0.08087909 0.7043305 0.7052498 -0.03293281 0.9655823 0.2580046 -0.03271418 0.9655861 0.2580178 0.00170058 0.4985008 -0.8668876 0.001153409 0.7056276 -0.7085821 0.00220561 5.99149e-7 -0.9999976 0.001699924 -0.4984996 -0.8668883 0.001810789 -0.4984117 0.8669386 0.001213848 -0.7055519 0.7086573 0.002363979 2.84844e-7 0.9999973 0.001810431 0.4984084 0.8669405 0.001213192 0.7055463 0.7086629 1.60528e-4 0.965645 0.2598651 1.57552e-4 0.9656503 0.2598452 0.03501892 0.9656909 0.2573223 0.03518819 0.9656882 0.2573093 0.001699626 0.4985001 0.866888 0.1230766 0.4894888 0.8632802 0.09955203 0.7061203 0.701059 0.002204954 -3.53596e-7 0.9999976 0.1417573 -4.21e-7 0.9899016 0.001699626 -0.4985008 0.8668876 0.1230772 -0.4894883 0.8632805 0.001152813 -0.7056283 0.7085813 0.09955251 -0.7061184 0.7010608 1.57551e-4 -0.9656507 0.2598439 0.03518766 -0.965689 0.2573067 0.03501838 -0.9656916 0.2573198 1.60204e-4 -0.9656454 -0.2598634 -0.03271347 -0.9655869 -0.2580151 -0.03293222 -0.965583 -0.2580019 0.001811146 -0.4984096 -0.8669399 -0.09151154 -0.5048867 -0.8583212 -0.0808804 -0.7043311 -0.705249 0.001214504 -0.7055473 -0.7086619 0.002363979 -7.5631e-7 -0.9999973 -0.1002786 1.27139e-6 -0.9949595 0.001811146 0.4984103 -0.8669395 -0.09151118 0.5048863 -0.8583213 0.001214504 0.7055496 -0.7086596 -0.08087968 0.704329 -0.7052512 1.60202e-4 0.9656459 -0.2598614 -0.03293222 0.9655833 -0.2580009 -0.03271353 0.9655872 -0.2580141 0.1296102 0.9663018 0.2224006 0.1298942 0.9662997 0.2222442 0.4448082 0.48445 0.7532954 0.3587424 0.7088145 0.6073599 0.508715 -3.65665e-6 0.860935 0.4448083 -0.4844498 0.7532954 0.3587457 -0.7088082 0.6073653 0.1298935 -0.9662999 0.2222435 0.1296092 -0.9663022 0.2224001 -0.1274558 -0.9664092 -0.2231777 -0.1278126 -0.9664068 -0.2229839 -0.4080225 -0.5251247 -0.7468345 -0.3427657 -0.7105862 -0.6144746 -0.2028357 3.30503e-6 -0.9792128 -0.408021 0.525127 -0.7468338 -0.3427662 0.7105832 -0.6144778 -0.1278133 0.9664071 -0.2229822 -0.1274573 0.9664096 -0.2231756 0.2224022 0.9663017 0.129608 0.2222451 0.9662997 0.1298934 0.7532975 0.4844454 0.4448098 0.6073628 0.7088112 0.358744 0.8609349 -3.3928e-6 0.5087152 0.7532935 -0.4844514 0.4448102 0.6073572 -0.7088158 0.3587443 0.2222483 -0.9662991 0.1298912 0.2224043 -0.9663013 0.1296079 -0.2231704 -0.966411 -0.1274549 -0.2229774 -0.9664086 -0.1278103 -0.7468376 -0.5251234 -0.4080187 -0.6144757 -0.7105849 -0.3427662 -0.7071078 7.79088e-6 -0.7071058 -0.7071079 7.79103e-6 -0.7071058 -0.7468363 0.5251263 -0.4080171 -0.6144759 0.710585 -0.3427659 -0.2229815 0.9664071 -0.1278154 -0.2231754 0.9664095 -0.1274585 0.2578412 0.9655548 0.03495657 0.257827 0.9655529 0.03511214 0.8638193 0.4887487 0.1222335 0.7019034 0.7053647 0.09895682 0.9900565 0 0.1406701 0.8638164 -0.4887539 0.1222327 0.7018948 -0.7053736 0.09895443 0.2578296 -0.9655523 0.03510928 0.2578439 -0.9655542 0.03495401 -0.2585352 -0.9654449 -0.03279829 -0.2585193 -0.9654421 -0.03300589 -0.8587056 -0.5040708 -0.0923978 -0.7059617 -0.7035513 -0.08144724 -0.9792197 0 -0.2028029 -0.9948405 0 -0.1014515 -0.8587056 0.5040708 -0.09239792 -0.7059617 0.7035513 -0.08144724 -0.2585226 0.965441 -0.03301191 -0.2585384 0.9654438 -0.03280454 0.2608926 0.9653679 0 0.2578467 0.9655534 -0.03495591 0.2578325 0.9655514 -0.03511142 0.8628211 0.5055095 0 0.863817 0.4887527 -0.1222333 0.7018951 0.7053731 -0.09895563 0.7101578 0.7040426 0 1 0 0 0.9900565 0 -0.1406703 0.8628211 -0.5055095 0 0.8638184 -0.4887501 -0.1222336 0.7101578 -0.7040426 0 0.7018994 -0.7053687 -0.09895628 0.2608926 -0.9653679 0 0.2578351 -0.965551 -0.03510862 0.2578493 -0.9655528 -0.03495335 -0.2608982 -0.9653664 0 -0.2585332 -0.9654455 0.03279829 -0.2585173 -0.9654426 0.03300589 -0.8725142 -0.4885888 0 -0.8587026 -0.504076 0.09239667 -0.705958 -0.7035553 0.08144617 -0.7101312 -0.7040694 0 -1 0 0 -0.9948406 0 0.1014506 -0.8725142 0.4885888 0 -0.8587027 0.504076 0.09239745 -0.7101312 0.7040694 0 -0.7059578 0.7035552 0.08144724 -0.2608982 0.9653664 0 -0.2585173 0.9654425 0.03301024 -0.2585332 0.9654453 0.03280287 0.2224022 0.9663016 -0.1296086 0.2222451 0.9662995 -0.129894 0.7532958 0.4844479 -0.4448099 0.6073585 0.7088155 -0.3587427 0.8609351 -3.57748e-6 -0.5087149 0.7532958 -0.4844488 -0.4448087 0.607363 -0.7088113 -0.3587434 0.2222464 -0.9663 -0.1298887 0.2224024 -0.966302 -0.1296054 -0.2231704 -0.9664108 0.1274567 -0.2229774 -0.9664085 0.1278121 -0.7468369 -0.525126 0.4080166 -0.614476 -0.7105852 0.3427652 -0.97922 0 0.2028006 -0.7468358 0.5251276 0.4080164 -0.6144739 0.7105877 0.3427639 -0.2229795 0.9664076 0.127815 -0.2231734 0.96641 0.1274581 0.1296105 0.9663012 -0.2224031 0.1298946 0.9662991 -0.2222467 0.4448081 0.4844513 -0.7532946 0.3587418 0.7088167 -0.6073577 0.5087156 -3.8255e-6 -0.8609347 0.4448079 -0.4844511 -0.7532949 0.3587433 -0.70881 -0.6073644 0.129892 -0.9663003 -0.222243 0.1296077 -0.9663024 -0.2223995 -0.1274566 -0.966408 0.2231826 -0.1278133 -0.9664056 0.2229888 -0.4080189 -0.525129 0.7468334 -0.3427657 -0.7105862 0.6144746 -0.7071068 0 0.7071068 -0.4080172 0.5251305 0.7468333 -0.3427636 0.7105882 0.6144735 -0.1278154 0.9664065 0.2229835 -0.1274595 0.9664089 0.2231768 0.03501975 0.9656906 -0.2573236 0.03518903 0.9656879 -0.2573106 0.1230767 0.4894903 -0.8632795 0.09955143 0.7061224 -0.7010569 0.1417579 0 -0.9899014 0.1230778 -0.4894868 -0.8632813 0.0995531 -0.7061161 -0.7010629 0.03518855 -0.9656886 -0.257308 0.03501921 -0.9656912 -0.257321 -0.03271412 -0.9655861 0.2580183 -0.03293287 -0.9655821 0.258005 -0.0915091 -0.5048878 0.8583208 -0.08088105 -0.704331 0.7052489 -0.2028249 6.98247e-7 0.979215 -0.1002731 0 0.99496 -0.09150868 0.5048877 0.8583208 -0.0808798 0.7043312 0.705249 -0.03293287 0.9655833 0.2580009 -0.03271424 0.9655872 0.2580141 1.57232e-4 0.9656503 -0.2598452 0.001700222 0.4985004 -0.8668879 0.001152813 0.7056276 -0.7085821 0.002206265 2.65197e-7 -0.9999976 0.001700282 -0.4985006 -0.8668878 0.001152813 -0.7056283 -0.7085813 1.57232e-4 -0.9656507 -0.2598439 1.60529e-4 -0.9656454 0.2598634 0.001810431 -0.4984096 0.8669399 0.001213192 -0.7055473 0.7086619 0.002363979 -7.5631e-7 0.9999973 0.001810431 0.4984103 0.8669395 0.001213192 0.7055496 0.7086596 1.60528e-4 0.9656459 0.2598614 0.001699626 0.4985016 0.8668871 0.1230769 0.4894899 0.8632797 0.09955203 0.7061215 0.7010577 0.001152813 0.7056301 0.7085795 0.1417573 0 0.9899016 0.001699626 -0.4984993 0.8668885 0.1230769 -0.4894872 0.8632811 0.001152813 -0.7056258 0.7085838 0.09955251 -0.7061171 0.701062 0.0351876 -0.9656883 0.2573091 0.03501832 -0.965691 0.2573222 0.001811146 -0.4984122 -0.8669384 -0.09151136 -0.5048862 -0.8583214 -0.08087962 -0.7043304 -0.7052498 0.001214504 -0.7055526 -0.7086566 0.002363979 5.99155e-7 -0.9999973 -0.1002786 1.28595e-6 -0.9949595 0.001811146 0.4984077 -0.866941 -0.09151118 0.504886 -0.8583216 0.001214504 0.7055443 -0.7086648 -0.08088016 0.7043285 -0.7052516 -0.03293216 0.9655829 -0.2580024 -0.03271353 0.9655867 -0.2580156 0.4448084 0.4844502 0.7532952 0.5087156 -3.32951e-6 0.8609346 0.4448086 -0.4844498 0.7532953 0.1298934 -0.9662989 0.2222484 0.1296091 -0.966301 0.222405 -0.4080221 -0.5251228 -0.746836 -0.3427651 -0.7105832 -0.6144784 -0.2028357 1.95509e-6 -0.9792128 -0.4080207 0.5251278 -0.7468332 -0.3427665 0.7105851 -0.6144753 -0.1278131 0.966406 -0.2229872 -0.1274572 0.9664084 -0.2231806 0.2224022 0.9663018 0.1296074 0.2222451 0.9662997 0.1298927 0.7532973 0.4844453 0.44481 0.8609352 -3.59331e-6 0.5087147 0.7532938 -0.4844515 0.4448093 0.2222481 -0.9662988 0.1298943 0.2224042 -0.9663009 0.129611 -0.2231703 -0.9664106 -0.1274575 -0.2229773 -0.9664084 -0.1278128 -0.7468374 -0.5251231 -0.4080191 -0.6144755 -0.7105847 -0.3427672 -0.7071068 7.44316e-6 -0.7071068 -0.7071068 7.4527e-6 -0.7071068 -0.7468361 0.5251263 -0.4080173 -0.6144762 0.7105852 -0.3427649 -0.2229815 0.966407 -0.1278163 -0.2231754 0.9664093 -0.1274595 0.2578431 0.9655543 0.03495591 0.2578289 0.9655525 0.03511148 0.8638176 0.4887515 0.1222338 0.7019001 0.7053679 0.09895682 0.9900565 0 0.1406702 0.8638149 -0.4887566 0.1222325 0.7018916 -0.7053767 0.09895437 0.2578315 -0.9655518 0.03510993 0.2578458 -0.9655537 0.03495466 -0.258535 -0.9654449 -0.03280079 -0.2585191 -0.9654421 -0.03300845 -0.8587051 -0.5040715 -0.09239852 -0.7059572 -0.7035557 -0.08144837 -0.9792194 0 -0.2028036 -0.9948405 0 -0.1014517 -0.8587051 0.5040717 -0.09239786 -0.7059573 0.703556 -0.08144617 -0.2585225 0.9654412 -0.0330094 -0.2585383 0.9654439 -0.03280204 0.2608867 0.9653695 0 0.2578438 0.9655541 -0.03495526 0.2578295 0.9655523 -0.03511077 0.862354 0.5063058 0 0.8638199 0.4887478 -0.1222335 0.7018957 0.7053725 -0.09895563 0.7101591 0.7040413 0 0.9900566 0 -0.1406694 0.862354 -0.5063058 0 0.8638213 -0.4887452 -0.1222332 0.7101591 -0.7040413 0 0.7019 -0.7053681 -0.09895628 0.2608867 -0.9653695 0 0.2578321 -0.9655516 -0.03511118 0.2578464 -0.9655535 -0.03495597 -0.2609015 -0.9653654 0 -0.2585349 -0.9654449 0.03280079 -0.2585189 -0.9654421 0.03300845 -0.8730099 -0.4877025 0 -0.8587055 -0.5040709 0.09239834 -0.7059572 -0.7035557 0.08144837 -0.71013 -0.7040707 0 -0.9948406 0 0.1014506 -0.8730099 0.4877025 0 -0.8587056 0.504071 0.09239763 -0.71013 0.7040707 0 -0.7059572 0.7035558 0.08144724 -0.2609015 0.9653654 0 -0.258519 0.9654421 0.03300851 -0.2585349 0.9654449 0.03280121 0.2224022 0.966302 -0.1296068 0.2222452 0.9662998 -0.1298921 0.7532954 0.4844478 -0.4448105 0.860935 -3.77271e-6 -0.508715 0.7532961 -0.4844489 -0.4448082 0.2222462 -0.966299 -0.1298963 0.2224022 -0.9663012 -0.129613 -0.2231703 -0.9664105 0.1274592 -0.2229773 -0.9664081 0.1278146 -0.7468363 -0.5251257 0.4080181 -0.6144755 -0.7105847 0.3427672 -0.97922 0 0.2028013 -0.7468356 0.5251274 0.408017 -0.6144736 0.7105874 0.3427649 -0.2229796 0.9664076 0.127815 -0.2231734 0.9664099 0.1274582 0.1296105 0.9663015 -0.2224019 0.1298946 0.9662993 -0.2222455 0.4448078 0.4844513 -0.7532948 0.508715 -3.49308e-6 -0.860935 0.4448077 -0.4844509 -0.7532951 0.1298918 -0.9662986 -0.2222504 0.1296075 -0.9663007 -0.2224069 -0.1274566 -0.9664088 0.2231794 -0.1278133 -0.9664064 0.2229856 -0.4080185 -0.5251273 0.7468349 -0.3427651 -0.7105832 0.6144784 -0.4080171 0.5251313 0.7468329 -0.3427636 0.7105896 0.6144719 -0.1278154 0.9664061 0.2229852 -0.1274594 0.9664086 0.2231786 0.123077 0.4894912 -0.8632789 0.09955143 0.7061237 -0.7010556 0.1417579 3.70277e-7 -0.9899014 0.1230775 -0.4894858 -0.8632819 0.0995531 -0.7061149 -0.7010642 0.03518849 -0.9656879 -0.2573105 0.03501915 -0.9656906 -0.2573235 -0.03271418 -0.965587 0.2580151 -0.03293293 -0.965583 0.2580018 -0.09150892 -0.5048874 0.858321 -0.08088028 -0.7043303 0.7052497 -0.2028249 -6.98247e-7 0.979215 -0.1002731 0 0.99496 -0.09150868 0.5048875 0.858321 -0.08088034 0.7043308 0.7052493 0.001700282 0.4985019 -0.866887 0.001152813 0.7056301 -0.7085795 0.001700282 -0.4984991 -0.8668886 0.001152813 -0.7056258 -0.7085838 0.001810431 -0.4984122 0.8669384 0.001213192 -0.7055526 0.7086566 0.002363979 5.99155e-7 0.9999973 0.001810431 0.4984077 0.866941 0.001213192 0.7055443 0.7086648 -0.2609018 0.9653654 0 -0.8730098 0.4877026 0 -0.8730098 -0.4877026 0 -0.2609018 -0.9653654 0 0.7101593 -0.704041 0 0.8623474 -0.506317 0 0.8623474 0.506317 0 0.7101593 0.704041 0 -0.2609025 0.9653652 0 -0.7101254 0.7040753 0 -0.872753 0.4881622 0 -1 2.40496e-7 0 -0.8727529 -0.4881626 0 -0.7101244 -0.7040762 0 -0.2609016 -0.9653655 0 0.2608903 -0.9653685 0 0.710155 -0.7040455 0 0.8625879 -0.5059074 0 1 2.59698e-7 0 0.8625877 0.5059075 0 0.710155 0.7040455 0 0.2608885 0.965369 0 -0.2609021 0.9653654 0 -0.7101413 0.7040592 0 -0.8727602 0.4881492 0 -1 2.50523e-7 0 -0.87276 -0.4881495 0 -0.7101404 -0.7040602 0 -0.2609007 -0.9653657 0 0.2608839 -0.9653702 0 0.7101476 -0.7040529 0 0.8625867 -0.5059093 0 1 2.50074e-7 0 0.8625866 0.5059096 0 0.7101476 0.7040529 0 0.2608825 0.9653706 0 -0.2609022 0.9653654 0 -0.7101389 0.7040616 0 -0.8727809 0.4881123 0 -0.8727809 -0.4881123 0 -0.7101389 -0.7040616 0 -0.2609022 -0.9653654 0 0.2608829 -0.9653705 0 0.7101657 -0.7040346 0 0.8625715 -0.5059354 0 0.8625715 0.5059354 0 0.7101657 0.7040346 0 0.2608829 0.9653705 0 -0.08481478 0.001418173 0.9963957 -0.06487703 0.03541719 0.9972646 -0.06452041 0.03561472 0.9972807 -0.08480805 0.001894414 0.9963956 0.02193886 0.02864909 0.9993488 0.05540925 0.02828097 0.9980632 0.05566179 0.02813023 0.9980534 0.02208244 0.02873009 0.9993433 -0.02542686 -0.03462374 0.9990769 -0.06458818 -0.03525674 0.997289 -0.06423449 -0.0354526 0.997305 -0.02522617 -0.03450226 0.9990862 0.08853507 0.00154674 0.9960719 0.06816053 -0.03455513 0.9970759 0.06854259 -0.03432464 0.9970576 0.08852756 0.002063751 0.9960716 -0.02553862 0.03477752 0.9990688 -0.02533608 0.03465491 0.9990782 0.005207061 0 0.9999865 0.005207061 2.02086e-7 0.9999865 -0.08444255 -0.00140661 0.9964274 -0.08443582 -0.001878619 0.9964272 -0.005975604 0 0.9999822 -0.005975604 0 0.9999822 0.02193921 -0.02864891 0.9993488 0.0220831 -0.02873003 0.9993433 -0.06499779 0.03300333 0.9973396 -0.06534487 0.03279465 0.9973238 -0.02553659 -0.03477776 0.9990687 -0.02533388 -0.03465509 0.9990782 0.05541086 -0.02828091 0.998063 0.05566358 -0.02813011 0.9980533 0.05835562 -0.02973985 -0.9978529 0.07584935 0.001136302 -0.9971187 0.07584464 0.001516878 -0.9971185 0.05863535 -0.02957242 -0.9978414 -0.02575534 0.03353303 0.9991058 -0.02595543 0.03364509 0.9990968 -0.06487381 -0.03541731 0.9972648 -0.06451714 -0.03561484 0.997281 0.07203334 0.0010221 0.9974017 0.07202917 0.001365125 0.9974016 0.02311545 -0.03015816 -0.9992778 0.02327561 -0.03024822 -0.9992714 -0.006119012 -1.81189e-7 0.9999813 -0.006119012 -3.64434e-7 0.9999814 -0.08481067 -0.001418054 0.9963961 -0.08480393 -0.001894295 0.9963959 0.005490183 0 -0.999985 0.005490183 0 -0.999985 -0.02575498 -0.03353339 0.9991058 -0.02595472 -0.03364527 0.9990968 -0.06528484 0.03314512 0.9973161 -0.06563466 0.03293466 0.9973002 0.02311551 0.03015816 -0.9992779 0.02327561 0.03024822 -0.9992714 -0.06499499 -0.03300344 0.9973397 -0.06534194 -0.03279477 0.997324 0.05849462 -0.0298081 -0.9978426 0.07602488 0.001140534 -0.9971053 0.07602018 0.00152266 -0.9971051 0.05877566 -0.02963984 -0.9978311 -0.02586835 0.03367757 0.999098 -0.02607011 0.03379052 0.9990889 0.05835455 0.02973991 -0.9978529 0.05863428 0.02957248 -0.9978414 -0.0844379 0.00140661 0.9964278 -0.08443123 0.001878678 0.9964275 0.02317327 -0.03022432 -0.9992745 0.02333414 -0.0303148 -0.9992681 -0.006136953 0 0.9999812 -0.006136953 0 0.9999812 0.07584774 -0.001136302 -0.9971188 0.07584303 -0.001516878 -0.9971187 0.005503654 0 -0.9999849 0.005503654 0 -0.9999849 -0.02586591 -0.03367739 0.9990981 -0.02606773 -0.03379034 0.999089 0.05803418 -0.03155601 -0.9978157 0.05774736 -0.03171533 -0.9978274 0.02317553 0.03022438 -0.9992744 0.02333641 0.03031486 -0.9992679 -0.06528532 -0.03314495 0.997316 -0.06563532 -0.03293436 0.9973 -0.06130528 0.03339856 -0.9975602 -0.08013093 0.001266658 -0.9967836 -0.08012533 0.00169152 -0.9967834 -0.06098616 0.03357559 -0.9975737 0.02284634 -0.03103572 -0.9992572 0.02268421 -0.03093802 -0.9992639 0.05849754 0.0298081 -0.9978424 0.05877846 0.02963989 -0.9978309 -0.02413296 0.03281992 -0.9991699 -0.02395164 0.03271037 -0.9991779 0.005353629 0 -0.9999857 0.005353629 0 -0.9999858 0.07602769 -0.001140534 -0.9971051 0.07602298 -0.00152266 -0.9971049 -0.00564742 0 -0.9999842 -0.00564742 0 -0.9999842 0.0228486 0.03103572 -0.9992571 0.02268648 0.03093802 -0.9992639 0.05817449 -0.03163391 -0.9978051 0.0578863 -0.03179401 -0.9978169 -0.02413064 -0.03281986 -0.99917 -0.02394926 -0.03271031 -0.9991779 0.05803471 0.03155601 -0.9978158 0.0577479 0.03171527 -0.9978273 -0.06163913 0.03358727 -0.9975332 -0.08057159 0.001280665 -0.996748 -0.08056575 0.001710534 -0.9967479 -0.06131649 0.03376621 -0.9975471 0.0229032 -0.0311042 -0.9992538 0.02274012 -0.03100585 -0.9992605 -0.06130564 -0.03339982 -0.9975601 -0.06098657 -0.03357678 -0.9975737 -0.02426809 0.03300434 -0.9991605 -0.02408516 0.03289383 -0.9991687 0.005365014 0 -0.9999857 0.005365014 0 -0.9999856 -0.08013534 -0.001268863 -0.9967832 -0.0801298 -0.001694381 -0.996783 -0.005683898 0 -0.9999839 -0.005683898 0 -0.9999839 0.0229032 0.0311042 -0.9992538 0.02274012 0.03100585 -0.9992605 -0.06166428 0.03136783 -0.997604 -0.06197696 0.03118026 -0.9975904 -0.02426809 -0.03300434 -0.9991605 -0.0240851 -0.03289383 -0.9991687 0.05817222 0.03163391 -0.9978052 0.05788403 0.03179401 -0.9978169 0.05491566 0.029805 0.9980462 0.07175898 0.001015961 0.9974215 0.07175499 0.001356482 0.9974215 0.05465865 0.02994805 0.9980559 -0.02443063 0.03184068 -0.9991943 -0.02461028 0.03194153 -0.9991867 -0.06163924 -0.03358727 -0.9975332 -0.0613166 -0.03376626 -0.9975471 0.02162373 0.02933222 0.9993359 0.02147787 0.02924448 0.9993416 -0.005800187 0 -0.9999833 -0.005800187 -2.30594e-7 -0.9999833 -0.0805695 -0.001280725 -0.9967483 -0.08056372 -0.001710593 -0.996748 0.005064368 0 0.9999872 0.005064368 0 0.9999872 -0.02442795 -0.03184086 -0.9991944 -0.02460724 -0.03194147 -0.9991869 -0.06200164 0.03153556 -0.9975777 -0.06231737 0.03134614 -0.9975641 0.02162146 -0.02933222 0.999336 0.02147567 -0.02924448 0.9993417 -0.06166422 -0.03136909 -0.9976039 -0.06197679 -0.03118157 -0.9975905 0.05537366 0.03006428 0.9980131 0.07236158 0.001034617 0.9973779 0.07235753 0.001381099 0.9973778 0.0551126 0.03020948 0.9980231 -0.08853888 0.001544594 0.9960716 -0.06771743 0.03703033 0.9970172 -0.06732904 0.03724521 0.9970355 -0.08853119 0.002062678 0.9960713 -0.02456152 0.03201496 -0.9991856 -0.02474302 0.03211677 -0.9991778 0.05491346 -0.02980506 0.9980462 0.05465644 -0.02994811 0.9980561 0.02179956 0.02958327 0.9993246 0.02165138 0.02949404 0.9993305 -0.02665692 0.03633904 0.9989839 -0.02643668 0.03620553 0.9989947 -0.005831599 0 -0.999983 -0.005831599 0 -0.9999831 0.07176017 -0.001015961 0.9974215 0.07175618 -0.001356482 0.9974213 0.005105376 0 0.9999871 0.005105376 0 0.999987 -0.006240129 0 0.9999806 -0.006240129 0 0.9999806 -0.02456355 -0.03201472 -0.9991855 -0.02474504 -0.03211653 -0.9991779 0.05519974 0.02817881 0.9980777 0.05545014 0.02802932 0.998068 0.02179968 -0.02958345 0.9993246 0.0216515 -0.02949422 0.9993305 -0.02665692 -0.03633904 0.9989839 -0.02643668 -0.03620553 0.9989947 -0.06200587 -0.03153532 -0.9975775 -0.06232172 -0.03134584 -0.9975638 -0.08451545 0.00141108 0.9964212 -0.06465333 0.03529131 0.9972836 -0.06429868 0.03548771 0.9972996 -0.08450889 0.001883566 0.996421 0.02185648 0.02854865 0.9993535 0.02199923 0.02862906 0.999348 0.05537384 -0.03006434 0.998013 0.05511271 -0.03020966 0.9980231 -0.06771445 -0.03703045 0.9970173 -0.067326 -0.03724533 0.9970356 -0.02545201 0.03465366 0.9990752 -0.02525103 0.03453207 0.9990846 0.00518459 0 0.9999866 0.00518459 0 0.9999866 0.07236254 -0.001034617 0.9973779 0.07235848 -0.001381099 0.9973778 0.2608907 0.9653683 0 0.8730027 0.4877155 0 0.7101717 0.7040285 0 0.8730027 -0.4877155 0 0.7101717 -0.7040285 0 0.2608907 -0.9653683 0 -0.2609041 -0.9653648 0 -0.862344 -0.5063228 0 -0.7101171 -0.7040838 0 -0.862344 0.5063228 0 -0.7101171 0.7040838 0 -0.2609041 0.9653648 0 0.2608918 0.965368 0 0.8722328 0.4890909 0 0.8719825 0.4895372 0 0.7101544 0.7040461 0 1 1.69989e-7 0 1 1.69816e-7 0 0.872233 -0.4890907 0 0.8719825 -0.4895371 0 0.7101544 -0.7040461 0 0.2608932 -0.9653677 0 -0.2608981 -0.9653664 0 -0.86311 -0.5050162 0 -0.8633527 -0.504601 0 -0.7101324 -0.7040682 0 -1 1.9276e-7 0 -1 1.83302e-7 0 -0.8631104 0.5050154 0 -0.8633533 0.5046002 0 -0.7101339 0.7040668 0 -0.2608994 0.965366 0 0.2608863 0.9653696 0 0.8722411 0.4890761 0 0.8720001 0.4895057 0 0.7101608 0.7040396 0 1 1.79993e-7 0 1 1.69827e-7 0 0.8722412 -0.489076 0 0.8720003 -0.4895056 0 0.7101608 -0.7040396 0 0.2608876 -0.9653692 0 -0.2609071 -0.965364 0 -0.8631043 -0.5050258 0 -0.863337 -0.5046279 0 -0.7101355 -0.704065 0 -1 1.83119e-7 0 -1 1.83291e-7 0 -0.8631047 0.505025 0 -0.8633375 0.5046272 0 -0.710137 0.7040636 0 -0.2609085 0.9653636 0 0.2608802 0.9653713 0 0.8722345 0.4890879 0 0.8720108 0.4894867 0 0.7101588 0.7040416 0 0.8722345 -0.4890879 0 0.8720108 -0.4894867 0 0.7101588 -0.7040416 0 0.2608802 -0.9653713 0 -0.2609 -0.9653659 0 -0.8630933 -0.5050446 0 -0.8633102 -0.5046737 0 -0.7101458 -0.7040547 0 -0.8630933 0.5050446 0 -0.8633102 0.5046737 0 -0.7101458 0.7040547 0 -0.2609 0.9653659 0 -0.2606773 0.965426 5.9097e-5 -0.7098087 0.7043945 1.56433e-4 -0.8706727 0.4918628 1.88592e-4 -0.8643123 0.5029556 1.87344e-4 -1 0 2.13937e-4 -1 0 2.13937e-4 -0.8706722 -0.4918638 1.88723e-4 -0.8643116 -0.5029566 1.87484e-4 -0.7098071 -0.7043961 1.56735e-4 -0.2606743 -0.9654268 5.94431e-5 0.2606744 -0.9654268 -5.94431e-5 0.7098071 -0.7043961 -1.56719e-4 0.8643156 -0.50295 -1.87464e-4 0.8706762 -0.4918567 -1.88703e-4 1 0 -2.13918e-4 1 0 -2.13918e-4 0.8643161 0.502949 -1.87341e-4 0.8706767 0.4918558 -1.88588e-4 0.7098086 0.7043946 -1.56437e-4 0.2606775 0.965426 -5.88635e-5 -0.2602614 0.9655383 5.57867e-5 -0.7096112 0.7045935 1.42155e-4 -0.8701156 0.4928478 1.70346e-4 -0.8643649 0.5028653 1.69362e-4 -1 0 1.93153e-4 -1 0 1.93153e-4 -0.8701152 -0.4928483 1.71359e-4 -0.8643643 -0.5028661 1.70368e-4 -0.7096101 -0.7045946 1.42973e-4 -0.26026 -0.9655387 5.57586e-5 0.2610818 -0.9653168 -5.17884e-5 0.7100296 -0.7041719 -1.40469e-4 0.8648661 -0.5020027 -1.69193e-4 0.8706226 -0.4919515 -1.70248e-4 1 3.01136e-7 -1.93935e-4 1 2.97999e-7 -1.93935e-4 0.8648659 0.5020029 -1.6921e-4 0.8706224 0.4919518 -1.70263e-4 0.7100296 0.7041718 -1.40513e-4 0.2610803 0.9653172 -5.1895e-5 -0.2602659 0.965537 5.55337e-5 -0.7095958 0.704609 1.43813e-4 -0.8701191 0.4928415 1.72437e-4 -0.8643609 0.5028719 1.71436e-4 -1 1.38904e-7 1.95018e-4 -1 1.45548e-7 1.95018e-4 -0.8701189 -0.492842 1.72434e-4 -0.8643607 -0.5028725 1.71433e-4 -0.7095947 -0.7046101 1.43795e-4 -0.2602644 -0.9655374 5.55116e-5 0.2610836 -0.9653162 -5.17455e-5 0.71003 -0.7041714 -1.41368e-4 0.8648633 -0.5020076 -1.69688e-4 0.8706265 -0.4919447 -1.70724e-4 1 1.65137e-7 -1.94004e-4 1 1.68867e-7 -1.94004e-4 0.8648632 0.5020079 -1.69708e-4 0.8706262 0.4919451 -1.70745e-4 0.7100297 0.7041718 -1.41368e-4 0.2610829 0.9653164 -5.17657e-5 -0.2602452 0.9655426 5.49724e-5 -0.7095981 0.7046067 1.41492e-4 -0.8701204 0.4928393 1.69834e-4 -0.8643525 0.5028865 1.6884e-4 -1 0 1.92219e-4 -1 0 1.92219e-4 -0.8701198 -0.4928404 1.69928e-4 -0.8643519 -0.5028877 1.68938e-4 -0.7095964 -0.7046085 1.41675e-4 -0.2602483 -0.9655418 5.54256e-5 0.2610967 -0.9653127 -5.15134e-5 0.7100329 -0.7041685 -1.38889e-4 0.8648597 -0.502014 -1.67588e-4 0.8706329 -0.4919334 -1.68647e-4 1 -4.56554e-7 -1.92363e-4 1 -4.47023e-7 -1.92363e-4 0.8648605 0.5020124 -1.67783e-4 0.8706336 0.491932 -1.68833e-4 0.7100347 0.7041668 -1.39272e-4 0.2610905 0.9653144 -5.12869e-5 -0.2606775 0.965426 -5.9097e-5 -0.709809 0.7043942 -1.56433e-4 -0.8643124 0.5029554 -1.87344e-4 -0.8706728 0.4918627 -1.88591e-4 -1 0 -2.13937e-4 -1 0 -2.13937e-4 -0.8643118 -0.5029565 -1.87484e-4 -0.8706722 -0.4918637 -1.88723e-4 -0.7098073 -0.704396 -1.56735e-4 -0.2606745 -0.9654268 -5.94431e-5 0.2606745 -0.9654268 5.94431e-5 0.7097991 -0.7044042 1.56717e-4 0.8706775 -0.4918543 1.88703e-4 0.8643166 -0.5029481 1.87464e-4 1 0 2.13918e-4 1 0 2.13918e-4 0.870678 0.4918534 1.88588e-4 0.8643172 0.5029472 1.87341e-4 0.7098007 0.7044026 1.56435e-4 0.2606775 0.965426 5.88635e-5 -0.260277 0.965534 -5.34296e-5 -0.7095918 0.704613 -1.37513e-4 -0.8645177 0.5026025 -1.63702e-4 -0.8699694 0.4931057 -1.64598e-4 -1 -7.98076e-6 -1.86569e-4 -1 -7.9921e-6 -1.86569e-4 -0.8645162 -0.5026051 -1.64767e-4 -0.8699679 -0.4931083 -1.65669e-4 -0.7095989 -0.7046059 -1.384e-4 -0.2602754 -0.9655345 -5.3611e-5 0.261072 -0.9653193 4.99177e-5 0.710016 -0.7041856 1.35231e-4 0.8704606 -0.4922381 1.63622e-4 0.8650045 -0.5017643 1.6267e-4 1 1.38979e-7 1.86225e-4 1 1.45792e-7 1.86225e-4 0.8704605 0.4922382 1.63621e-4 0.8650044 0.5017645 1.62669e-4 0.7100159 0.7041857 1.35222e-4 0.2610709 0.9653197 4.95856e-5 -0.2602806 0.9655331 -5.31133e-5 -0.7096014 0.7046034 -1.3712e-4 -0.8645028 0.5026279 -1.63825e-4 -0.8699734 0.4930986 -1.64746e-4 -1 0 -1.86644e-4 -1 0 -1.86644e-4 -0.8645025 -0.5026287 -1.63763e-4 -0.8699731 -0.4930993 -1.64687e-4 -0.7096002 -0.7046046 -1.36997e-4 -0.2602748 -0.9655346 -5.34733e-5 0.2610794 -0.9653174 5.04106e-5 0.710017 -0.7041846 1.35713e-4 0.8704698 -0.4922221 1.63594e-4 0.864995 -0.5017808 1.6266e-4 1 8.38873e-6 1.86292e-4 1 8.38767e-6 1.86292e-4 0.8704683 0.4922245 1.64685e-4 0.8649937 0.5017829 1.63746e-4 0.7100252 0.7041764 1.36646e-4 0.2610744 0.9653187 5.00634e-5 -0.2602836 0.9655323 -5.40088e-5 -0.7096029 0.7046018 -1.38871e-4 -0.8645021 0.5026292 -1.65959e-4 -0.8699937 0.4930629 -1.66898e-4 -1 0 -1.89078e-4 -1 0 -1.89078e-4 -0.8645009 -0.5026313 -1.65929e-4 -0.8699926 -0.4930648 -1.66866e-4 -0.7095996 -0.7046051 -1.38875e-4 -0.2602867 -0.9655314 -5.41652e-5 0.2610626 -0.9653218 5.13198e-5 0.7100092 -0.7041925 1.37571e-4 0.8704679 -0.4922253 1.6575e-4 0.8649719 -0.5018202 1.64803e-4 1 0 1.88106e-4 1 0 1.88106e-4 0.8704683 0.4922245 1.65646e-4 0.8649725 0.5018193 1.64692e-4 0.7100106 0.704191 1.37281e-4 0.2610626 0.9653218 5.10811e-5 0.02702075 -0.03514409 0.999017 0.02724045 -0.03526687 0.9990067 -0.005952835 0 0.9999823 -0.005952835 0 0.9999823 0.07203161 -0.0010221 0.9974019 0.07202744 -0.001365125 0.9974017 0.006424129 0 0.9999794 0.006424129 0 0.9999794 -0.02542459 0.03462368 0.999077 -0.02522385 0.03450226 0.9990863 0.05511492 -0.02991807 0.9980317 0.05485624 -0.03006196 0.9980416 0.0270186 0.03514415 0.9990171 0.02723824 0.03526693 0.9990067 -0.06458806 0.03525668 0.997289 -0.06423443 0.03545254 0.9973049 -0.08039408 0.001274347 -0.9967623 -0.06186699 -0.03146964 -0.9975882 -0.06218147 -0.03128093 -0.9975746 -0.08038842 0.001701951 -0.9967622 0.02170151 -0.0294426 0.9993309 0.02155482 -0.02935433 0.9993367 0.06816118 0.03455537 0.9970758 0.06854325 0.03432494 0.9970576 -0.02451044 -0.03194516 -0.9991891 -0.02469116 -0.03204661 -0.9991814 0.005084931 0 0.9999871 0.005084931 0 0.9999871 0.08853757 -0.001546621 0.9960716 0.08853 -0.002063691 0.9960714 -0.005822658 0 -0.9999831 -0.005822658 0 -0.9999831 0.02169924 0.0294426 0.999331 0.0215525 0.02935433 0.9993368 0.06771874 -0.03703063 0.9970171 0.06733012 -0.03724557 0.9970353 -0.02451044 0.03194516 -0.9991891 -0.02469116 0.03204655 -0.9991814 0.0551154 0.02991801 0.9980317 0.05485677 0.03006196 0.9980417 -0.08853662 0.0015468 -0.9960718 -0.06816023 -0.03455299 -0.997076 -0.06854236 -0.03432261 -0.9970576 -0.08852899 0.002064943 -0.9960715 0.02665448 -0.03633767 0.998984 0.02643471 -0.03620445 0.9989948 -0.06186664 0.03146839 -0.9975883 -0.06218105 0.03127974 -0.9975747 -0.02701836 -0.03514277 -0.9990171 -0.02723848 -0.03526586 -0.9990067 0.006235718 0 0.9999806 0.006235659 0 0.9999806 -0.08039301 -0.001275897 -0.9967625 -0.08038729 -0.001704216 -0.9967623 -0.006424248 0 -0.9999794 -0.006424248 0 -0.9999794 0.02665674 0.03633767 0.998984 0.02643692 0.03620445 0.9989947 -0.06150299 -0.03351235 -0.9975442 -0.06118172 -0.03369057 -0.9975579 -0.02701842 0.03514283 -0.9990171 -0.02723854 0.03526586 -0.9990067 0.0677213 0.03703051 0.9970169 0.0673328 0.03724539 0.9970352 0.07595187 0.00113815 -0.9971109 0.05811709 0.03160017 -0.9978095 0.05782973 0.03175979 -0.9978212 0.07594722 0.001519203 -0.9971108 -0.02421081 -0.0329284 -0.9991645 -0.02402853 -0.03281825 -0.9991725 -0.06815874 0.03455322 -0.997076 -0.06854069 0.03432291 -0.9970577 0.02288031 0.0310738 -0.9992552 0.02271741 0.03097558 -0.999262 -0.005665659 0 -0.999984 -0.005665659 0 -0.999984 -0.08853423 -0.0015468 -0.9960719 -0.08852666 -0.002064943 -0.9960718 0.005360424 0 -0.9999857 0.005360424 0 -0.9999856 -0.02421081 0.0329284 -0.9991645 -0.02402859 0.03281831 -0.9991725 -0.06772005 -0.03703159 -0.9970169 -0.06733167 -0.03724646 -0.9970353 0.02288031 -0.0310738 -0.9992552 0.02271741 -0.03097558 -0.999262 -0.06150376 0.03351163 -0.9975441 -0.06118237 0.03368991 -0.9975579 0.08853542 0.0015468 -0.9960718 0.06771969 0.03703057 -0.997017 0.06733113 0.03724545 -0.9970353 0.08852791 0.002063751 -0.9960716 -0.02665919 -0.03633904 -0.9989839 -0.02643895 -0.03620553 -0.9989946 0.05811661 -0.03160023 -0.9978097 0.0578292 -0.03175985 -0.9978212 0.02665448 0.03633773 -0.998984 0.02643471 0.03620451 -0.9989948 -0.006240129 0 -0.9999806 -0.006240129 0 -0.9999806 0.07595127 -0.00113815 -0.997111 0.07594662 -0.001519203 -0.9971108 0.006235718 0 -0.9999806 0.006235718 0 -0.9999806 -0.02665913 0.03633898 -0.9989839 -0.02643889 0.03620547 -0.9989946 0.05843365 0.02977842 -0.9978471 0.05871438 0.02961033 -0.9978356 0.02665448 -0.03633767 -0.998984 0.02643471 -0.03620445 -0.9989948 -0.06772077 0.03703141 -0.9970169 -0.06733238 0.03724628 -0.9970352 -0.06505286 -0.03303176 0.997335 -0.06540083 -0.03282243 0.9973191 0.02314656 0.0301997 -0.9992759 0.02330702 0.03028994 -0.9992694 0.06771874 -0.03703063 -0.9970171 0.06733012 -0.03724557 -0.9970353 -0.02578198 -0.03356456 0.999104 -0.02598232 -0.03367674 0.999095 0.005496919 0 -0.999985 0.005496919 0 -0.999985 0.0885353 -0.001546621 -0.9960719 0.08852773 -0.002063691 -0.9960716 -0.006128013 0 0.9999812 -0.006128013 0 0.9999812 0.02314662 -0.03019976 -0.9992759 0.02330702 -0.03029 -0.9992694 0.06815904 0.03455537 -0.997076 0.06854104 0.034325 -0.9970577 -0.02577751 0.0335645 0.9991042 -0.02597779 0.03367668 0.9990952 0.05843144 -0.02977842 -0.9978473 0.05871218 -0.02961039 -0.9978357 -0.06816583 -0.03455412 0.9970754 -0.06854796 -0.03432375 0.9970573 0.05566304 -0.02840822 0.9980454 0.05591791 -0.02825593 0.9980355 0.02702093 0.03514415 -0.999017 0.02724057 0.03526693 -0.9990067 -0.06504952 0.03303182 0.9973352 -0.06539756 0.03282248 0.9973194 -0.02702057 -0.03514271 0.9990171 -0.02724075 -0.0352658 0.9990067 0.02204364 -0.0287857 0.9993426 0.02218878 -0.02886742 0.999337 0.006428658 0 -0.9999794 0.006428658 0 -0.9999794 -0.08451652 -0.00141102 0.9964212 -0.0845099 -0.001883506 0.9964209 -0.006424248 0 0.9999794 -0.006424248 0 0.9999794 0.005229532 0 0.9999864 0.005229532 0 0.9999864 0.02702301 -0.03514409 -0.9990169 0.02724272 -0.03526687 -0.9990066 -0.06465548 -0.03529131 0.9972834 -0.06430089 -0.03548771 0.9972994 -0.02701848 0.03514283 0.9990171 -0.0272386 0.03526592 0.9990067 0.02204155 0.02878582 0.9993426 0.02218663 0.0288676 0.9993371 0.06816029 -0.03455507 -0.9970759 0.06854242 -0.03432458 -0.9970576 0.05520087 -0.02817881 0.9980776 0.05545121 -0.02802932 0.998068 -0.02545434 -0.03465372 0.9990752 -0.02525329 -0.03453207 0.9990845 -0.06816434 0.03455436 0.9970756 -0.06854641 0.0343241 0.9970574 0.05566191 0.02840828 0.9980455 0.05591678 0.02825605 0.9980356 0.02185875 -0.02854865 0.9993535 0.0220015 -0.02862912 0.9993481 -0.005957365 0 0.9999823 -0.005957365 0 0.9999823 -0.08853656 -0.001544535 0.9960718 -0.08852881 -0.002062737 0.9960716 -1.57232e-4 0.96565 0.2598465 -0.03518885 0.9656878 0.2573109 -0.03501957 0.9656906 0.2573239 -0.001699626 0.498501 0.8668876 -0.001152813 0.7056288 0.7085809 -0.09955221 0.7061215 0.7010576 -0.1230793 0.4894867 0.8632811 -0.002204954 -6.18793e-7 0.9999976 -0.1417542 8.36925e-7 0.989902 -0.001699626 -0.4984996 0.8668882 -0.1230805 -0.4894838 0.8632826 -0.001152813 -0.7056258 0.7085838 -0.09955263 -0.7061176 0.7010616 -1.57232e-4 -0.9656502 0.2598461 -0.03501951 -0.965691 0.2573219 -0.03518879 -0.9656884 0.2573089 -1.60204e-4 -0.9656447 -0.2598662 0.03293299 -0.965583 -0.2580022 0.03271222 -0.9655869 -0.2580155 -0.001811146 -0.4984121 -0.8669385 -0.001214563 -0.705552 -0.7086572 0.08087682 -0.7043307 -0.7052497 0.09150809 -0.504886 -0.8583219 -0.002363979 -1.86622e-7 -0.9999973 0.1002815 0 -0.9949592 -0.001811146 0.4984096 -0.8669398 0.09150838 0.5048814 -0.8583247 -0.001214563 0.7055482 -0.708661 0.08087772 0.7043234 -0.7052569 -1.60529e-4 0.9656448 -0.2598655 0.0327121 0.9655867 -0.258016 0.03293275 0.9655828 -0.2580026 -0.1298955 0.9662988 0.2222474 -0.1296114 0.9663009 0.2224038 -0.3587513 0.7088065 0.6073639 -0.4448134 0.4844475 0.7532938 -0.5087088 8.37384e-6 0.8609387 -0.4448134 -0.4844408 0.7532982 -0.3587467 -0.7088078 0.6073651 -0.1296115 -0.966301 0.2224031 -0.1298962 -0.9662989 0.2222464 0.1278147 -0.9664073 -0.222981 0.1274587 -0.9664096 -0.2231744 0.3427689 -0.710584 -0.6144754 0.4080201 -0.5251273 -0.746834 0.2028353 0 -0.9792129 0.4080204 0.5251234 -0.7468366 0.3427727 0.7105757 -0.6144828 0.1274583 0.9664097 -0.2231743 0.1278139 0.9664073 -0.222981 -0.2222504 0.9662982 0.1298941 -0.2224072 0.9663004 0.1296092 -0.6073713 0.7088032 0.3587452 -0.7532954 0.4844465 0.4448119 -0.8609368 1.41253e-5 0.5087121 -0.7533019 -0.4844375 0.4448108 -0.6073624 -0.708813 0.3587411 -0.2224078 -0.9663001 0.1296103 -0.222251 -0.966298 0.129895 0.2229813 -0.9664072 -0.1278144 0.2231742 -0.9664096 -0.1274594 0.6144759 -0.7105822 -0.3427716 0.7468335 -0.5251253 -0.4080235 0.7070863 3.91907e-6 -0.7071273 0.7070863 3.92839e-6 -0.7071273 0.7468343 0.525124 -0.4080237 0.6144792 0.7105782 -0.3427741 0.2231744 0.9664096 -0.1274589 0.2229816 0.9664072 -0.1278138 -0.2578371 0.9655503 0.03511035 -0.2578514 0.9655521 0.03495538 -0.7018856 0.7053824 0.09895634 -0.8638225 0.4887431 0.1222339 -0.9900569 7.66067e-6 0.1406677 -0.863825 -0.4887394 0.1222299 -0.7018815 -0.7053871 0.0989511 -0.257852 -0.965552 0.03495538 -0.2578378 -0.9655501 0.03511035 0.2585196 -0.9654418 -0.03301203 0.2585354 -0.9654447 -0.03280502 0.7059563 -0.7035559 -0.08145529 0.8587042 -0.5040723 -0.09240293 0.9792196 0 -0.202803 0.9948405 1.21309e-7 -0.1014517 0.8587048 0.5040713 -0.09240281 0.7059578 0.7035543 -0.08145558 0.2585369 0.9654443 -0.03280544 0.2585211 0.9654414 -0.03301239 -0.2609066 0.965364 0 -0.2578415 0.9655491 -0.03510987 -0.2578557 0.965551 -0.0349549 -0.8628355 0.5054848 0 -0.7101282 0.7040724 0 -0.7018818 0.7053863 -0.09895592 -0.86382 0.4887475 -0.1222336 -1 0 0 -0.9900569 8.07669e-6 -0.1406676 -0.8628356 -0.5054848 0 -0.8638231 -0.4887429 -0.1222298 -0.7101282 -0.7040724 0 -0.7018789 -0.7053899 -0.09895104 -0.260908 -0.9653637 0 -0.257857 -0.9655506 -0.03495526 -0.2578428 -0.9655488 -0.03511023 0.2608959 -0.965367 0 0.2585169 -0.9654425 0.03301149 0.2585328 -0.9654454 0.03280448 0.8725144 -0.4885886 0 0.7101434 -0.7040571 0 0.7059624 -0.7035497 0.08145552 0.8587062 -0.504069 0.09240216 1 2.40254e-7 0 0.9948407 1.31014e-7 0.1014504 0.8725146 0.4885881 0 0.858707 0.5040679 0.09240221 0.7101446 0.7040559 0 0.7059641 0.703548 0.08145582 0.2608972 0.9653667 0 0.2585342 0.9654449 0.0328049 0.2585184 0.9654421 0.03301191 -0.2222477 0.9662989 -0.1298935 -0.2224045 0.9663012 -0.1296087 -0.6073684 0.7088067 -0.3587434 -0.7532933 0.4844507 -0.4448111 -0.8609368 1.52123e-5 -0.508712 -0.7533004 -0.4844417 -0.4448087 -0.6073584 -0.7088184 -0.3587371 -0.2224048 -0.9663012 -0.1296086 -0.222248 -0.9662989 -0.1298933 0.2229804 -0.9664077 0.1278125 0.2231733 -0.96641 0.1274574 0.6144751 -0.7105823 0.342773 0.7468309 -0.5251299 0.4080225 0.97922 0 0.2028011 0.7468336 0.5251247 0.408024 0.6144824 0.7105743 0.3427764 0.223174 0.9664097 0.1274584 0.2229812 0.9664074 0.1278133 -0.1298953 0.9662985 -0.2222486 -0.1296113 0.9663006 -0.2224051 -0.358748 0.7088108 -0.6073608 -0.4448121 0.4844505 -0.7532929 -0.5087084 7.83564e-6 -0.8609389 -0.4448112 -0.4844437 -0.7532976 -0.3587427 -0.708811 -0.6073638 -0.1296098 -0.9663013 -0.222403 -0.1298944 -0.9662992 -0.2222462 0.1278138 -0.9664072 0.2229815 0.1274579 -0.9664096 0.2231749 0.3427665 -0.7105843 0.6144764 0.4080159 -0.5251294 0.7468347 0.7070857 0 0.7071279 0.4080188 0.5251218 0.7468385 0.3427747 0.7105729 0.614485 0.1274583 0.9664098 0.223174 0.1278139 0.9664074 0.2229809 -0.03518921 0.9656874 -0.2573122 -0.03501993 0.9656901 -0.2573252 -0.09955078 0.7061236 -0.7010558 -0.1230788 0.4894886 -0.8632801 -0.1417535 3.49987e-7 -0.9899021 -0.1230792 -0.4894837 -0.8632828 -0.09955245 -0.7061155 -0.7010636 -0.03501933 -0.9656907 -0.2573235 -0.03518867 -0.9656879 -0.2573104 0.03293257 -0.9655824 0.2580041 0.0327118 -0.9655863 0.2580175 0.08087712 -0.7043303 0.7052502 0.09150558 -0.5048857 0.8583224 0.2028248 1.95504e-7 0.979215 0.1002762 0 0.9949597 0.09150612 0.5048812 0.8583249 0.08087831 0.7043231 0.7052572 0.0327121 0.9655869 0.2580156 0.03293275 0.965583 0.2580023 -1.57232e-4 0.96565 -0.2598464 -0.001153409 0.7056286 -0.708581 -0.00170058 0.4985015 -0.8668872 -0.00220561 5.99149e-7 -0.9999976 -0.001699924 -0.4984994 -0.8668884 -0.001153469 -0.7056261 -0.7085835 -1.57551e-4 -0.96565 -0.2598463 -1.60204e-4 -0.9656445 0.2598665 -0.001213848 -0.7055517 0.7086575 -0.001810789 -0.4984118 0.8669385 -0.002363979 0 0.9999973 -0.001810431 0.4984094 0.86694 -0.001213192 0.7055477 0.7086614 -1.60529e-4 0.9656449 0.2598652 -1.57232e-4 0.9656501 0.2598463 -0.03518885 0.9656878 0.2573111 -0.03501957 0.9656904 0.2573242 -0.001699626 0.4985008 0.8668876 -0.001152813 0.7056283 0.7085813 -0.09955221 0.7061213 0.7010578 -0.1230792 0.4894866 0.8632812 -0.002204954 -2.75019e-7 0.9999976 -0.1417542 9.18081e-7 0.989902 -0.001699626 -0.4984999 0.8668881 -0.1230806 -0.489484 0.8632825 -0.001152813 -0.7056263 0.7085833 -0.09955269 -0.7061181 0.701061 -1.57232e-4 -0.96565 0.2598463 -0.03501951 -0.9656911 0.2573218 -0.03518879 -0.9656884 0.2573089 -1.60204e-4 -0.9656448 -0.2598658 0.03293299 -0.9655831 -0.2580016 0.03271222 -0.965587 -0.2580149 -0.001811146 -0.498412 -0.8669385 -0.001214563 -0.7055521 -0.7086571 0.08087682 -0.7043308 -0.7052497 0.09150803 -0.5048859 -0.858322 -0.002363979 1.86622e-7 -0.9999973 0.1002815 2.18369e-7 -0.9949592 -0.001811146 0.4984097 -0.8669397 0.09150838 0.5048814 -0.8583246 -0.001214563 0.7055481 -0.7086611 0.08087772 0.7043233 -0.705257 -1.60529e-4 0.9656448 -0.2598659 0.0327121 0.9655866 -0.2580166 0.03293275 0.9655826 -0.2580032 -0.1298955 0.9662987 0.2222477 -0.1296114 0.9663009 0.2224041 -0.4448133 0.4844475 0.753294 -0.5087087 8.19971e-6 0.8609389 -0.4448136 -0.4844409 0.753298 -0.3587467 -0.7088078 0.6073651 -0.1296116 -0.9663012 0.2224029 -0.1298962 -0.9662989 0.2222462 0.1278146 -0.9664072 -0.222981 0.1274587 -0.9664096 -0.2231744 0.3427686 -0.7105837 -0.6144759 0.40802 -0.5251271 -0.7468342 0.2028353 2.60672e-7 -0.9792129 0.4080203 0.5251234 -0.7468367 0.1274583 0.9664096 -0.2231746 0.1278139 0.9664072 -0.2229815 -0.7532953 0.4844465 0.4448121 -0.8609368 1.40303e-5 0.5087121 -0.753302 -0.4844375 0.4448106 -0.6073624 -0.7088129 0.3587413 0.2229813 -0.9664071 -0.1278152 0.2231741 -0.9664095 -0.1274602 0.6144759 -0.7105822 -0.3427716 0.7468336 -0.5251253 -0.4080233 0.7070861 3.7499e-6 -0.7071275 0.7070861 3.75923e-6 -0.7071275 0.7468342 0.525124 -0.408024 0.6144793 0.7105783 -0.3427736 0.2231744 0.9664096 -0.1274585 0.2229816 0.9664072 -0.1278134 -0.2578409 0.9655492 0.03511035 -0.2578552 0.9655511 0.03495538 -0.7018846 0.7053834 0.09895634 -0.8638185 0.48875 0.1222336 -0.9900568 7.64548e-6 0.1406681 -0.8638211 -0.4887465 0.1222296 -0.7018806 -0.7053881 0.09895116 -0.2578561 -0.9655508 0.03495538 -0.2578418 -0.9655491 0.03511035 0.2585194 -0.9654418 -0.03301244 0.2585352 -0.9654447 -0.03280544 0.7059547 -0.7035574 -0.08145475 0.8587049 -0.5040712 -0.09240263 0.9792194 0 -0.2028036 0.9948405 0 -0.1014518 0.8587054 0.5040703 -0.09240293 0.7059563 0.7035558 -0.08145505 0.2585365 0.9654443 -0.03280502 0.2585206 0.9654416 -0.03301197 -0.2609066 0.965364 0 -0.2578415 0.9655492 -0.03510957 -0.2578557 0.965551 -0.0349546 -0.8628464 0.5054664 0 -0.7101284 0.7040722 0 -0.7018818 0.7053862 -0.09895592 -0.8638175 0.4887518 -0.1222335 -1 2.50335e-7 0 -0.9900568 8.12237e-6 -0.1406679 -0.8628464 -0.5054662 0 -0.8638207 -0.4887472 -0.1222296 -0.7101284 -0.7040722 0 -0.7018789 -0.7053897 -0.09895128 -0.2609079 -0.9653638 0 -0.2578569 -0.9655506 -0.03495526 -0.2578427 -0.9655488 -0.03511023 0.2609014 -0.9653655 0 0.2585197 -0.9654418 0.03301191 0.2585355 -0.9654447 0.0328049 0.8724951 -0.488623 0 0.7101344 -0.7040662 0 0.7059578 -0.7035543 0.08145499 0.8587046 -0.5040719 0.09240186 1 2.30228e-7 0 0.9948407 0 0.1014504 0.8724953 0.4886225 0 0.8587052 0.5040708 0.0924021 0.7101356 0.704065 0 0.7059596 0.7035525 0.08145529 0.2609029 0.9653651 0 0.2585371 0.9654443 0.0328049 0.2585212 0.9654414 0.03301191 -0.2222477 0.966299 -0.1298928 -0.2224045 0.9663013 -0.129608 -0.6073684 0.7088067 -0.3587432 -0.7532932 0.4844506 -0.4448111 -0.8609368 1.51331e-5 -0.5087119 -0.7533006 -0.4844418 -0.4448086 -0.6073583 -0.7088183 -0.3587374 -0.2224047 -0.966301 -0.1296094 -0.222248 -0.9662988 -0.1298941 0.2229803 -0.9664075 0.1278138 0.2231733 -0.9664099 0.1274588 0.6144753 -0.7105824 0.3427724 0.746831 -0.52513 0.4080222 0.7468337 0.5251248 0.408024 0.6144825 0.7105743 0.3427762 -0.1298953 0.9662984 -0.2222487 -0.1296113 0.9663006 -0.2224052 -0.3587481 0.7088109 -0.6073607 -0.4448121 0.4844505 -0.7532927 -0.5087085 7.79342e-6 -0.8609388 -0.4448114 -0.4844439 -0.7532974 -0.3587427 -0.7088112 -0.6073635 -0.1296098 -0.9663013 -0.2224032 -0.1298944 -0.9662991 -0.2222465 0.1278138 -0.9664071 0.2229817 0.1274579 -0.9664096 0.2231751 0.3427665 -0.7105843 0.6144763 0.408016 -0.5251294 0.7468346 0.7070858 0 0.7071278 0.7070858 0 0.7071278 0.4080188 0.5251217 0.7468386 0.3427746 0.7105727 0.6144853 0.1274583 0.9664096 0.2231743 0.1278139 0.9664073 0.2229812 -0.03518921 0.9656873 -0.2573127 -0.03501993 0.96569 -0.2573257 -0.09955084 0.7061232 -0.7010561 -0.1230789 0.4894885 -0.8632802 -0.1417535 4.51432e-7 -0.989902 -0.1230792 -0.4894838 -0.8632828 -0.09955257 -0.7061158 -0.7010633 -0.03501933 -0.9656907 -0.2573229 -0.03518867 -0.9656881 -0.2573099 0.03293257 -0.9655827 0.2580029 0.0327118 -0.9655867 0.2580162 0.08087712 -0.7043306 0.7052498 0.09150558 -0.5048858 0.8583223 0.2028247 2.42052e-7 0.9792151 0.1002761 3.83359e-7 0.9949597 0.09150612 0.504881 0.858325 0.08087837 0.7043228 0.7052575 0.0327121 0.9655866 0.2580165 0.03293275 0.9655826 0.2580032 -0.001153409 0.7056279 -0.7085816 -0.00170058 0.498501 -0.8668875 -0.00220561 7.56302e-7 -0.9999976 -0.001699924 -0.4984993 -0.8668886 -1.60204e-4 -0.965645 0.2598653 -0.001213848 -0.7055523 0.7086568 -0.001810789 -0.4984121 0.8669384 -0.002363979 5.10755e-7 0.9999972 -0.001810431 0.4984093 0.86694 -0.001213192 0.705547 0.7086621 -1.60529e-4 0.9656446 0.2598664 -1.57552e-4 0.9656509 0.2598431 -0.03518831 0.965688 0.2573101 -0.03501909 0.9656907 0.2573231 -0.001699626 0.4985005 0.8668878 -0.001152813 0.7056286 0.7085809 -0.09955203 0.7061207 0.7010585 -0.1230791 0.489486 0.8632816 -0.002204954 -1.20812e-6 0.9999976 -0.1417534 0 0.989902 -0.001699626 -0.4985007 0.8668877 -0.1230798 -0.4894844 0.8632825 -0.001152813 -0.7056272 0.7085824 -0.09955263 -0.7061181 0.7010611 -1.57551e-4 -0.9656505 0.2598447 -0.03501832 -0.9656912 0.2573214 -0.03518766 -0.9656885 0.2573084 -1.60204e-4 -0.9656457 -0.2598627 0.03293216 -0.9655839 -0.2579988 0.03271138 -0.9655877 -0.2580122 -0.001811146 -0.4984106 -0.8669393 -0.001214504 -0.7055485 -0.7086606 0.08087688 -0.7043291 -0.7052513 0.09150797 -0.5048851 -0.8583225 -0.002363979 -7.17021e-7 -0.9999973 0.1002815 0 -0.9949592 -0.001811146 0.498409 -0.8669402 0.09150832 0.5048807 -0.8583251 -0.001214563 0.705547 -0.7086622 0.08087754 0.7043222 -0.7052583 -1.60203e-4 0.9656459 -0.2598617 0.03271144 0.9655874 -0.2580133 0.0329321 0.9655835 -0.2579999 -0.1298949 0.966299 0.2222465 -0.1296108 0.9663013 0.222403 -0.3587507 0.7088053 0.6073657 -0.4448128 0.4844467 0.7532947 -0.5087082 7.8198e-6 0.860939 -0.4448129 -0.4844412 0.7532982 -0.3587467 -0.7088075 0.6073654 -0.1296097 -0.9663019 0.2224006 -0.1298943 -0.9662998 0.2222439 0.1278138 -0.9664078 -0.222979 0.1274579 -0.9664102 -0.2231724 0.3427678 -0.7105826 -0.6144776 0.4080199 -0.5251266 -0.7468346 0.2028353 5.02724e-7 -0.9792129 0.4080199 0.5251224 -0.7468376 0.3427721 0.7105745 -0.6144845 0.1274566 0.9664103 -0.2231727 0.1278122 0.9664079 -0.2229795 -0.2222493 0.9662989 0.1298916 -0.2224061 0.966301 0.1296068 -0.6073715 0.7088022 0.3587468 -0.7532953 0.4844459 0.4448128 -0.8609368 1.40092e-5 0.5087119 -0.7533022 -0.4844372 0.4448105 -0.6073629 -0.7088124 0.3587414 -0.222406 -0.9663009 0.1296082 -0.2222492 -0.9662988 0.1298929 0.2229804 -0.9664075 -0.1278135 0.2231733 -0.9664099 -0.1274585 0.614477 -0.7105808 -0.3427726 0.7468344 -0.5251244 -0.408023 0.7070869 3.38337e-6 -0.7071266 0.707087 3.3833e-6 -0.7071267 0.7468339 0.5251239 -0.4080246 0.614479 0.7105778 -0.3427752 0.223172 0.9664103 -0.1274573 0.2229792 0.966408 -0.1278122 -0.257835 0.965551 0.03510969 -0.2578492 0.9655528 0.03495472 -0.7018902 0.7053777 0.098957 -0.8638203 0.488747 0.1222339 -0.9900568 7.53894e-6 0.1406682 -0.8638228 -0.4887436 0.1222296 -0.7018862 -0.7053824 0.09895151 -0.2578491 -0.9655526 0.03495603 -0.2578349 -0.9655509 0.03511101 0.25852 -0.9654417 -0.03301161 0.2585358 -0.9654445 -0.0328046 0.7059592 -0.7035531 -0.08145338 0.8587038 -0.5040733 -0.0924015 0.9792197 0 -0.2028025 0.9948405 0 -0.1014516 0.8587037 0.5040732 -0.09240269 0.7059591 0.703553 -0.08145558 0.2585358 0.9654445 -0.0328046 0.25852 0.9654417 -0.03301161 -0.2608981 0.9653664 0 -0.2578372 0.9655504 -0.03510922 -0.2578514 0.9655521 -0.03495424 -0.8628258 0.5055013 0 -0.7101368 0.7040637 0 -0.7018866 0.7053814 -0.0989561 -0.8638204 0.4887466 -0.1222336 -0.9900569 7.99553e-6 -0.1406678 -0.8628258 -0.5055013 0 -0.8638236 -0.488742 -0.1222295 -0.7101368 -0.7040637 0 -0.7018837 -0.705385 -0.09895145 -0.2578514 -0.9655521 -0.03495556 -0.2578372 -0.9655503 -0.03511053 0.260902 -0.9653653 0 0.2585192 -0.965442 0.03301149 0.258535 -0.9654448 0.03280448 0.8725186 -0.488581 0 0.7101334 -0.7040672 0 0.7059586 -0.7035537 0.08145362 0.8587033 -0.5040742 0.0924009 0.9948406 0 0.1014502 0.8725186 0.488581 0 0.8587032 0.5040742 0.09240144 0.7101334 0.7040672 0 0.7059586 0.7035536 0.08145475 0.260902 0.9653653 0 0.258535 0.9654448 0.03280448 0.2585192 0.965442 0.03301149 -0.2222471 0.9662993 -0.1298919 -0.222404 0.9663015 -0.1296071 -0.6073687 0.7088057 -0.3587449 -0.7532932 0.4844501 -0.4448118 -0.8609369 1.48746e-5 -0.5087119 -0.7533005 -0.4844416 -0.4448089 -0.6073586 -0.7088175 -0.3587384 -0.2224029 -0.9663017 -0.1296076 -0.2222461 -0.9662995 -0.1298923 0.2229787 -0.9664081 0.1278121 0.2231717 -0.9664105 0.1274571 0.6144784 -0.71058 0.3427718 0.7468328 -0.5251285 0.4080208 0.9792202 0 0.2028003 0.7468338 0.5251246 0.4080238 0.6144824 0.7105742 0.3427765 0.2231715 0.9664105 0.1274572 0.2229787 0.9664081 0.1278121 -0.1298947 0.9662991 -0.2222469 -0.1296107 0.9663012 -0.2224034 -0.3587484 0.7088091 -0.6073626 -0.4448122 0.4844496 -0.7532933 -0.5087087 7.461e-6 -0.8609388 -0.4448115 -0.4844436 -0.7532976 -0.3587433 -0.7088101 -0.6073645 -0.1296086 -0.9663019 -0.2224012 -0.1298933 -0.9662998 -0.2222445 0.1278138 -0.9664073 0.2229813 0.1274579 -0.9664096 0.2231748 0.3427683 -0.7105832 0.6144766 0.4080173 -0.5251289 0.7468343 0.707087 -3.38331e-7 0.7071267 0.707087 -3.38337e-7 0.7071266 0.4080187 0.5251213 0.7468389 0.3427742 0.710572 0.6144863 0.1274575 0.9664103 0.2231723 0.1278131 0.9664079 0.222979 -0.03518921 0.9656878 -0.2573108 -0.03501993 0.9656905 -0.2573238 -0.09955137 0.7061225 -0.7010568 -0.1230792 0.4894876 -0.8632806 -0.141754 0 -0.9899019 -0.1230801 -0.4894841 -0.8632825 -0.09955322 -0.7061162 -0.7010628 -0.03501921 -0.9656911 -0.2573218 -0.03518849 -0.9656884 -0.2573088 0.03293323 -0.9655826 0.2580031 0.03271245 -0.9655867 0.2580165 0.08087754 -0.7043287 0.7052516 0.09150564 -0.504885 0.8583228 0.202825 8.93732e-7 0.979215 0.1002763 0 0.9949597 0.09150624 0.5048814 0.8583248 0.08087825 0.7043228 0.7052575 0.0327121 0.9655874 0.2580134 0.03293281 0.9655835 0.258 -1.57232e-4 0.9656503 -0.2598452 -0.001152813 0.7056279 -0.7085816 -0.001700222 0.4985004 -0.8668879 -0.002206265 0 -0.9999976 -0.001700282 -0.4985004 -0.8668878 -0.001152813 -0.7056279 -0.7085816 -1.57232e-4 -0.9656506 -0.2598439 -1.6053e-4 -0.9656453 0.2598641 -0.001213192 -0.7055477 0.7086614 -0.001810431 -0.4984103 0.8669395 -0.002363979 -6.87555e-7 0.9999972 -0.001810431 0.4984097 0.8669397 -1.60529e-4 0.9656456 0.2598628 -1.57552e-4 0.9656501 0.259846 -0.03518837 0.9656879 0.2573103 -0.03501909 0.9656906 0.2573234 -0.001699626 0.4985017 0.8668872 -0.001152813 0.7056297 0.7085799 -0.09955209 0.7061215 0.7010576 -0.1230794 0.489487 0.8632809 -0.002204954 0 0.9999976 -0.1417534 1.21227e-6 0.989902 -0.001699626 -0.4984995 0.8668884 -0.1230794 -0.4894834 0.863283 -0.001152813 -0.7056261 0.7085835 -0.09955251 -0.7061173 0.7010619 -1.57551e-4 -0.9656512 0.2598417 -0.03501832 -0.9656916 0.2573199 -0.03518766 -0.965689 0.2573069 -1.60204e-4 -0.9656456 -0.259863 0.03293216 -0.9655833 -0.2580006 0.03271138 -0.9655874 -0.2580139 -0.001811146 -0.4984106 -0.8669392 -0.001214504 -0.7055497 -0.7086595 0.08087652 -0.704328 -0.7052525 0.09150791 -0.5048844 -0.8583229 -0.002363979 7.17021e-7 -0.9999973 0.1002815 0 -0.9949592 -0.001811146 0.4984089 -0.8669402 0.0915082 0.5048807 -0.858325 -0.001214504 0.7055459 -0.7086632 0.08087772 0.7043221 -0.7052583 -1.60203e-4 0.9656459 -0.2598614 0.03271144 0.9655879 -0.2580115 0.03293216 0.965584 -0.2579982 -0.1298949 0.9662993 0.2222453 -0.1296108 0.9663015 0.2224017 -0.3587512 0.7088062 0.6073644 -0.4448135 0.4844475 0.7532938 -0.5087078 8.52686e-6 0.8609393 -0.444812 -0.4844405 0.7532992 -0.3587464 -0.7088072 0.607366 -0.1296097 -0.9663017 0.2224018 -0.1298943 -0.9662995 0.222245 0.1278138 -0.9664074 -0.2229806 0.1274579 -0.9664098 -0.223174 0.342768 -0.7105817 -0.6144785 0.4080196 -0.5251259 -0.7468352 0.2028353 -5.02724e-7 -0.9792129 0.4080201 0.5251221 -0.7468377 0.3427714 0.7105737 -0.6144858 0.1274566 0.9664103 -0.2231728 0.1278122 0.966408 -0.2229796 -0.2222492 0.9662988 0.1298929 -0.222406 0.9663009 0.129608 -0.607372 0.7088029 0.3587446 -0.7532957 0.4844463 0.4448119 -0.8609366 1.41728e-5 0.5087125 -0.7533019 -0.4844371 0.4448113 -0.6073628 -0.7088122 0.3587418 -0.222406 -0.9663009 0.1296081 -0.2222492 -0.9662987 0.1298928 0.6144772 -0.7105811 -0.3427715 0.7468343 -0.5251246 -0.4080231 0.7070875 4.21042e-6 -0.7071262 0.7070875 4.21973e-6 -0.7071261 0.7468342 0.5251237 -0.4080243 0.614479 0.7105777 -0.3427753 0.223172 0.9664101 -0.1274591 0.2229791 0.9664078 -0.1278139 -0.2578377 0.9655501 0.03511101 -0.257852 0.9655519 0.03495603 -0.7018899 0.7053781 0.09895592 -0.8638206 0.4887462 0.1222336 -0.9900568 7.51357e-6 0.1406683 -0.8638232 -0.4887428 0.1222297 -0.7018858 -0.7053828 0.09895151 -0.257852 -0.965552 0.03495472 -0.2578378 -0.9655502 0.03510969 0.2585182 -0.9654422 -0.03301161 0.258534 -0.965445 -0.0328046 0.7059537 -0.7035586 -0.08145338 0.8587049 -0.5040714 -0.0924018 0.9792194 0 -0.2028039 0.9948405 0 -0.101452 0.8587049 0.5040714 -0.09240245 0.7059537 0.7035586 -0.08145338 0.258534 0.965445 -0.0328046 0.2585182 0.9654422 -0.03301161 -0.2608992 0.9653661 0 -0.2578377 0.9655502 -0.03511053 -0.2578519 0.9655519 -0.03495556 -0.862353 0.5063075 0 -0.7101251 0.7040755 0 -0.7018808 0.7053873 -0.09895604 -0.8638206 0.4887464 -0.1222337 -0.9900569 8.02088e-6 -0.1406673 -0.862353 -0.5063075 0 -0.8638238 -0.4887419 -0.1222294 -0.7101251 -0.7040755 0 -0.7018778 -0.7053909 -0.09895038 -0.2608992 -0.9653661 0 -0.2578519 -0.9655519 -0.03495556 -0.2578377 -0.9655502 -0.03511053 0.2609051 -0.9653645 0 0.2585207 -0.9654415 0.03301316 0.2585366 -0.9654443 0.03280621 0.8730139 -0.4876953 0 0.710132 -0.7040686 0 0.7059578 -0.7035544 0.08145475 0.8587059 -0.5040694 0.09240198 0.9948406 0 0.1014505 0.8730139 0.4876953 0 0.8587061 0.5040695 0.09240138 0.710132 0.7040686 0 0.7059579 0.7035545 0.08145362 0.2609051 0.9653645 0 0.2585366 0.9654443 0.03280448 0.2585208 0.9654416 0.03301149 -0.2222471 0.9662993 -0.1298919 -0.222404 0.9663015 -0.1296072 -0.607369 0.708806 -0.3587436 -0.7532935 0.4844503 -0.4448111 -0.8609366 1.50382e-5 -0.5087124 -0.7533004 -0.4844417 -0.444809 -0.6073591 -0.7088179 -0.358737 -0.2224029 -0.9663018 -0.1296063 -0.2222462 -0.9662997 -0.129891 0.2229787 -0.9664077 0.1278155 0.2231715 -0.96641 0.1274605 0.6144783 -0.7105801 0.3427717 0.7468321 -0.5251285 0.4080219 0.9792199 0 0.2028017 0.746834 0.5251245 0.4080235 0.6144825 0.7105742 0.3427765 -0.1298948 0.9662989 -0.2222469 -0.1296107 0.9663012 -0.2224034 -0.3587489 0.7088102 -0.607361 -0.4448125 0.4844502 -0.7532927 -0.5087081 7.66151e-6 -0.8609391 -0.444811 -0.4844433 -0.7532981 -0.3587433 -0.7088099 -0.6073645 -0.1296087 -0.9663019 -0.2224012 -0.1298933 -0.9662998 -0.2222445 0.1278137 -0.9664071 0.2229823 0.1274578 -0.9664095 0.2231757 0.3427684 -0.7105826 0.6144772 0.4080168 -0.5251281 0.7468352 0.7070865 5.07496e-7 0.7071272 0.7070865 5.07506e-7 0.7071272 0.4080187 0.525121 0.7468392 0.3427739 0.7105716 0.6144869 0.1274575 0.9664104 0.2231714 0.1278131 0.9664081 0.2229782 -0.03518921 0.9656875 -0.257312 -0.03501993 0.9656902 -0.257325 -0.09955149 0.7061242 -0.7010551 -0.1230793 0.489489 -0.8632799 -0.141754 6.59396e-7 -0.9899019 -0.12308 -0.4894828 -0.8632832 -0.0995531 -0.7061147 -0.7010645 -0.03501915 -0.9656907 -0.257323 -0.03518849 -0.965688 -0.25731 0.03293329 -0.9655829 0.2580024 0.03271251 -0.9655869 0.2580158 0.08087724 -0.7043287 0.7052518 0.09150558 -0.5048848 0.8583229 0.2028244 -2.32743e-7 0.9792152 0.100276 2.32927e-7 0.9949597 0.09150588 0.5048806 0.8583253 0.08087831 0.7043217 0.7052586 0.0327121 0.9655877 0.2580127 0.03293281 0.9655837 0.2579993 -0.001152813 0.7056305 -0.7085791 -0.001700282 0.4985025 -0.8668867 -0.002206265 1.23759e-6 -0.9999976 -0.001700282 -0.4984984 -0.8668891 -0.001152813 -0.7056254 -0.7085841 -0.001213192 -0.7055504 0.7086588 -0.001810431 -0.4984113 0.8669388 -0.002363979 6.87555e-7 0.9999972 -0.001810431 0.4984087 0.8669403 -0.001213192 0.7055451 0.7086641 0.260899 0.9653661 0 0.8730088 0.4877045 0 0.7101259 0.7040748 0 0.8730088 -0.4877045 0 0.7101259 -0.7040748 0 0.260899 -0.9653661 0 -0.2608972 -0.9653666 0 -0.8623511 -0.506311 0 -0.7101406 -0.70406 0 -0.8623511 0.506311 0 -0.7101406 0.70406 0 -0.2608972 0.9653666 0 0.2609009 0.9653656 0 0.8727576 0.4881538 0 0.7101313 0.7040693 0 1 2.40496e-7 0 0.8727575 -0.4881542 0 0.7101303 -0.7040703 0 0.2609 -0.9653659 0 -0.260903 -0.9653651 0 -0.8625895 -0.5059045 0 -0.7101312 -0.7040695 0 -1 2.40458e-7 0 -0.8625894 0.5059048 0 -0.7101312 0.7040695 0 -0.2609012 0.9653655 0 0.2609017 0.9653654 0 0.872761 0.4881477 0 0.7101343 0.7040662 0 1 2.30481e-7 0 0.8727608 -0.4881481 0 0.7101334 -0.7040672 0 0.2609003 -0.9653658 0 -0.2608949 -0.9653673 0 -0.8625928 -0.505899 0 -0.7101331 -0.7040674 0 -1 2.50071e-7 0 -0.8625927 0.5058992 0 -0.7101331 0.7040674 0 -0.2608936 0.9653676 0 0.2609027 0.9653652 0 0.8727765 0.4881203 0 0.7101368 0.7040637 0 0.8727765 -0.4881203 0 0.7101368 -0.7040637 0 0.2609027 -0.9653652 0 -0.2608916 -0.9653681 0 -0.8625711 -0.5059361 0 -0.7101413 -0.7040592 0 -0.8625711 0.5059361 0 -0.2608916 0.9653681 0 0.08481532 0.001417398 0.9963957 0.08480852 0.001892745 0.9963955 0.06451898 0.03561437 0.9972808 0.06487631 0.03541642 0.9972646 -0.02193862 0.02864843 0.9993488 -0.02208262 0.02872961 0.9993433 -0.05566257 0.02813053 0.9980533 -0.05541056 0.02828091 0.9980631 0.02542853 -0.03462386 0.999077 0.02522784 -0.03450244 0.9990862 0.06423628 -0.03545355 0.9973048 0.06459075 -0.03525722 0.9972889 -0.08853662 0.001547276 0.9960718 -0.08852905 0.0020653 0.9960715 -0.06854349 -0.03432488 0.9970575 -0.06816214 -0.03455489 0.9970757 0.02533626 0.03465509 0.9990782 0.02553844 0.0347774 0.9990687 -0.005207836 0 0.9999865 -0.005207836 0 0.9999865 0.08443629 -0.001879334 0.9964271 0.08444297 -0.001407384 0.9964274 0.005976736 0 0.9999822 0.005976736 0 0.9999822 -0.02193951 -0.02864849 0.9993488 -0.02208346 -0.02872961 0.9993433 0.06534421 0.03279477 0.9973238 0.06499725 0.03300338 0.9973396 0.02533519 -0.03465509 0.9990782 0.02553749 -0.03477758 0.9990688 -0.05541068 -0.02828091 0.9980631 -0.05566269 -0.02813053 0.9980533 -0.058357 -0.02974075 -0.9978527 -0.0586366 -0.02957344 -0.9978412 -0.07584583 0.001516103 -0.9971184 -0.0758506 0.001135349 -0.9971186 0.02595466 0.03364521 0.9990968 0.02575492 0.03353333 0.9991058 0.06451714 -0.03561455 0.9972809 0.06487458 -0.0354166 0.9972648 -0.07203197 0.001021742 0.9974019 -0.07202774 0.001364827 0.9974017 -0.02311378 -0.03015822 -0.999278 -0.02327382 -0.03024828 -0.9992715 0.006121218 0 0.9999814 0.006121218 0 0.9999813 0.08480465 -0.001892745 0.9963958 0.08481138 -0.001417398 0.996396 -0.00548923 0 -0.999985 -0.00548923 0 -0.999985 0.02595919 -0.03364521 0.9990966 0.02575951 -0.03353339 0.9991057 0.06563389 0.0329352 0.9973002 0.06528395 0.03314572 0.9973161 -0.02311629 0.03015822 -0.9992779 -0.02327638 0.03024828 -0.9992715 0.06534475 -0.03279602 0.9973237 0.06499779 -0.03300464 0.9973395 -0.05849307 -0.0298078 -0.9978427 -0.05877399 -0.02963966 -0.9978312 -0.07602125 0.001522421 -0.9971051 -0.07602602 0.001140177 -0.9971052 0.02606892 0.03379052 0.9990889 0.02586716 0.03367757 0.999098 -0.05835592 0.02974081 -0.9978528 -0.05863547 0.02957344 -0.9978414 0.08443176 0.001877009 0.9964276 0.0844385 0.001405835 0.9964277 -0.02316927 -0.03022402 -0.9992746 -0.02333009 -0.03031444 -0.9992681 0.006138086 0 0.9999812 0.006138086 0 0.9999812 -0.0758484 -0.001135349 -0.9971188 -0.07584369 -0.001516103 -0.9971186 -0.005502462 0 -0.9999849 -0.005502462 0 -0.9999849 0.0260688 -0.03379034 0.9990889 0.02586704 -0.03367739 0.999098 -0.05803376 -0.03155612 -0.9978159 -0.05774682 -0.03171551 -0.9978274 -0.02317386 0.03022402 -0.9992745 -0.02333462 0.03031444 -0.999268 0.06563705 -0.03293502 0.9972999 0.06528693 -0.0331456 0.9973159 0.06130605 0.0333985 -0.9975602 0.06098634 0.03357583 -0.9975737 0.08012497 0.001691758 -0.9967834 0.08013051 0.001267075 -0.9967836 -0.02284598 -0.0310359 -0.9992572 -0.02268356 -0.03093802 -0.9992639 -0.05849677 0.02980792 -0.9978426 -0.05877751 0.02963984 -0.9978311 0.02413272 0.03281891 -0.99917 0.02395176 0.03270965 -0.9991779 -0.005353152 0 -0.9999857 -0.005353152 0 -0.9999858 -0.07602852 -0.001140177 -0.9971051 -0.07602375 -0.001522421 -0.9971048 0.005646288 0 -0.9999842 0.005646288 0 -0.9999842 -0.02284783 0.03103595 -0.9992572 -0.0226854 0.03093802 -0.9992639 -0.05817455 -0.03163391 -0.9978051 -0.05788636 -0.03179407 -0.9978169 0.02412819 -0.03281891 -0.99917 0.02394723 -0.03270959 -0.9991781 -0.0580337 0.03155612 -0.9978158 -0.05774676 0.03171545 -0.9978274 0.0616396 0.03358781 -0.9975332 0.06131619 0.03376722 -0.9975471 0.08056741 0.001711308 -0.9967478 0.0805732 0.001281499 -0.996748 -0.02290207 -0.0311042 -0.9992538 -0.02273899 -0.03100585 -0.9992606 0.06130492 -0.0333985 -0.9975602 0.06098514 -0.03357583 -0.9975739 0.02426862 0.03300422 -0.9991605 0.0240857 0.03289371 -0.9991686 -0.005363881 0 -0.9999857 -0.005363881 0 -0.9999856 0.08013582 -0.001267492 -0.9967831 0.08013021 -0.001692175 -0.996783 0.005684971 0 -0.9999839 -0.02290207 0.0311042 -0.9992538 -0.02273899 0.03100585 -0.9992606 0.06166416 0.03136914 -0.9976039 0.06197679 0.03118157 -0.9975905 0.02426636 -0.03300422 -0.9991606 0.02408343 -0.03289377 -0.9991687 -0.05817109 0.03163391 -0.9978054 -0.0578829 0.03179401 -0.997817 -0.05491453 0.029805 0.9980462 -0.05465745 0.02994805 0.9980561 -0.07175761 0.00135523 0.9974213 -0.07176166 0.001014649 0.9974213 0.02443021 0.03184086 -0.9991943 0.0246095 0.03194147 -0.9991868 0.06163859 -0.03358787 -0.9975333 0.06131511 -0.03376728 -0.9975472 -0.0216214 0.02933222 0.9993359 -0.02147561 0.02924448 0.9993417 0.005801081 0 -0.9999833 0.005801081 0 -0.9999833 0.0805689 -0.001281499 -0.9967483 0.08056318 -0.001711368 -0.996748 -0.005063772 0 0.9999872 -0.005063772 0 0.9999872 0.02442884 -0.03184139 -0.9991945 0.02460831 -0.03194206 -0.9991868 0.06200283 0.03153556 -0.9975777 0.0623185 0.03134608 -0.997564 -0.02161967 -0.02933222 0.9993359 -0.02147394 -0.02924448 0.9993416 0.06166368 -0.03136986 -0.9976039 0.06197565 -0.03118264 -0.9975904 -0.05537295 0.030065 0.9980131 -0.05511134 0.03021049 0.9980232 -0.07235622 0.001380741 0.9973779 -0.07236033 0.00103414 0.9973781 0.08854126 0.001544952 0.9960714 0.08853358 0.002062976 0.9960711 0.06732988 0.03724676 0.9970354 0.06771916 0.03703147 0.997017 0.02456605 0.03201496 -0.9991855 0.02474749 0.03211677 -0.9991777 -0.05491346 -0.029805 0.9980462 -0.05465638 -0.02994811 0.9980561 -0.02180075 0.02958387 0.9993246 -0.02165269 0.02949476 0.9993305 0.02643615 0.03620535 0.9989947 0.02665627 0.03633886 0.998984 0.005833864 0 -0.999983 0.005833864 0 -0.9999831 -0.07176166 -0.001014649 0.9974213 -0.07175767 -0.00135529 0.9974212 -0.005106508 0 0.9999871 -0.005106508 0 0.999987 0.006237745 0 0.9999806 0.006237745 0 0.9999806 0.02456355 -0.03201472 -0.9991855 0.02474504 -0.03211653 -0.9991779 -0.05519771 0.02817994 0.9980777 -0.05544751 0.02803087 0.998068 -0.02179968 -0.02958399 0.9993246 -0.02165162 -0.02949482 0.9993305 0.02643382 -0.03620535 0.9989948 0.026654 -0.03633886 0.9989841 0.06200689 -0.03153532 -0.9975775 0.06232273 -0.03134578 -0.9975637 0.08451622 0.001410901 0.9964211 0.08450967 0.001883327 0.9964209 0.0642994 0.03548866 0.9972995 0.06465488 0.03529185 0.9972835 -0.02185481 0.02854877 0.9993535 -0.02199763 0.02862924 0.9993481 -0.05537325 -0.03006511 0.998013 -0.05511164 -0.03021067 0.9980231 0.06732559 -0.03724682 0.9970356 0.06771486 -0.03703153 0.9970173 0.02525186 0.03453201 0.9990846 0.02545279 0.03465354 0.9990752 -0.005186378 0 0.9999867 -0.005186378 0 0.9999867 -0.07236301 -0.00103414 0.9973779 -0.0723589 -0.001380741 0.9973778 -0.2608988 0.9653662 0 -0.8730059 0.4877098 0 -0.7101494 0.7040511 0 -0.8730059 -0.4877098 0 -0.7101494 -0.7040511 0 -0.2608988 -0.9653662 0 0.2609034 -0.9653649 0 0.8623476 -0.5063169 0 0.710121 -0.7040797 0 0.8623476 0.5063169 0 0.710121 0.7040797 0 0.2609034 0.9653649 0 -0.2608998 0.9653659 0 -0.872233 0.4890906 0 -0.7101416 0.704059 0 -0.8719827 0.4895369 0 -1 1.59989e-7 0 -1 1.69816e-7 0 -0.8722332 -0.4890904 0 -0.8719828 -0.4895368 0 -0.7101416 -0.704059 0 -0.2609012 -0.9653655 0 0.2608986 -0.9653663 0 0.8631087 -0.5050184 0 0.710136 -0.7040646 0 0.8633515 -0.5046032 0 1 1.73484e-7 0 1 1.64008e-7 0 0.8631091 0.5050175 0 0.863352 0.5046024 0 0.7101374 0.7040631 0 0.2609 0.9653659 0 -0.260905 0.9653645 0 -0.8722364 0.4890846 0 -0.710128 0.7040727 0 -0.8719954 0.4895143 0 -1 1.89992e-7 0 -1 1.79815e-7 0 -0.8722365 -0.4890845 0 -0.8719954 -0.4895141 0 -0.710128 -0.7040727 0 -0.2609063 -0.9653642 0 0.260904 -0.9653648 0 0.8630998 -0.5050335 0 0.7101317 -0.7040688 0 0.8633325 -0.5046355 0 1 1.92758e-7 0 1 1.83291e-7 0 0.8631003 0.5050327 0 0.8633329 0.5046347 0 0.7101331 0.7040674 0 0.2609054 0.9653645 0 -0.2608992 0.9653661 0 -0.8722406 0.4890771 0 -0.7101281 0.7040725 0 -0.8720167 0.4894761 0 -0.8722406 -0.4890771 0 -0.8720167 -0.4894761 0 -0.7101281 -0.7040725 0 -0.2608992 -0.9653661 0 0.2609007 -0.9653657 0 0.8630918 -0.5050472 0 0.7101408 -0.7040598 0 0.8633086 -0.5046763 0 0.8630918 0.5050472 0 0.8633086 0.5046763 0 0.7101408 0.7040598 0 0.2609007 0.9653657 0 0.2606756 0.9654265 5.92415e-5 0.7098195 0.7043836 1.56423e-4 0.8643169 0.5029476 1.87338e-4 0.8706772 0.4918549 1.88586e-4 1 0 2.13925e-4 0.8643164 -0.5029486 1.87443e-4 0.8706766 -0.4918558 1.88683e-4 0.709818 -0.7043852 1.56681e-4 0.2606726 -0.9654273 5.97567e-5 -0.2606715 -0.9654276 -5.97564e-5 -0.7098109 -0.7043923 -1.57582e-4 -0.8706762 -0.4918566 -1.89753e-4 -0.8643155 -0.50295 -1.88507e-4 -1 0 -2.15092e-4 -0.8706768 0.4918557 -1.89623e-4 -0.8643162 0.502949 -1.8837e-4 -0.7098124 0.7043908 -1.57324e-4 -0.2606745 0.9654268 -5.92412e-5 0.260262 0.9655381 5.54691e-5 0.7096021 0.7046027 1.42979e-4 0.8643658 0.5028637 1.70386e-4 0.870117 0.4928454 1.71378e-4 1 0 1.93768e-4 1 0 1.93768e-4 0.8643654 -0.5028644 1.70353e-4 0.8701166 -0.4928461 1.71346e-4 0.7096009 -0.7046038 1.42915e-4 0.2602605 -0.9655385 5.57265e-5 -0.2610818 -0.9653167 -5.2102e-5 -0.71003 -0.7041715 -1.41275e-4 -0.8706216 -0.4919533 -1.70654e-4 -0.8648652 -0.5020042 -1.69618e-4 -1 2.88066e-7 -1.93933e-4 -1 2.91423e-7 -1.93933e-4 -0.8706216 0.4919535 -1.70679e-4 -0.8648651 0.5020044 -1.69644e-4 -0.7100301 0.7041714 -1.41339e-4 -0.2610802 0.9653171 -5.17804e-5 0.2602692 0.9655361 5.55445e-5 0.7095907 0.7046142 1.42135e-4 0.8643625 0.5028695 1.69969e-4 0.8701206 0.4928389 1.70982e-4 1 1.26141e-7 1.93834e-4 1 1.28982e-7 1.93834e-4 0.8643621 -0.5028701 1.70421e-4 0.8701203 -0.4928395 1.71416e-4 0.7095895 -0.7046154 1.42974e-4 0.2602676 -0.9655365 5.58022e-5 -0.261081 -0.965317 -5.21074e-5 -0.7100287 -0.7041727 -1.41398e-4 -0.8706246 -0.491948 -1.70739e-4 -0.8648614 -0.5020107 -1.69704e-4 -1 1.88734e-7 -1.94001e-4 -1 1.84565e-7 -1.94001e-4 -0.8706243 0.4919485 -1.70756e-4 -0.8648613 0.5020112 -1.6972e-4 -0.7100282 0.7041733 -1.41398e-4 -0.2610803 0.9653172 -5.21074e-5 0.2602499 0.9655413 5.47188e-5 0.7096006 0.7046042 1.415e-4 0.8643516 0.5028879 1.68844e-4 0.8701195 0.492841 1.69838e-4 1 0 1.92218e-4 1 0 1.92218e-4 0.864351 -0.502889 1.68911e-4 0.8701189 -0.492842 1.69903e-4 0.7095988 -0.7046059 1.41628e-4 0.2602529 -0.9655405 5.49733e-5 -0.2610976 -0.9653124 -5.11359e-5 -0.7100256 -0.7041758 -1.38921e-4 -0.8706319 -0.4919351 -1.68023e-4 -0.8648585 -0.5020158 -1.66992e-4 -1 -4.27154e-7 -1.91152e-4 -1 -4.46839e-7 -1.91152e-4 -0.8706327 0.4919338 -1.68185e-4 -0.8648594 0.5020142 -1.67158e-4 -0.7100273 0.7041742 -1.39175e-4 -0.2610914 0.9653142 -5.13904e-5 0.260677 0.9654261 -5.92417e-5 0.709816 0.7043871 -1.56423e-4 0.8706764 0.4918563 -1.88586e-4 0.8643161 0.5029491 -1.87338e-4 1 0 -2.13924e-4 1 0 -2.13924e-4 0.8706759 -0.4918574 -1.88682e-4 0.8643155 -0.5029501 -1.87442e-4 0.7098144 -0.7043888 -1.56681e-4 0.260674 -0.9654269 -5.97569e-5 -0.260671 -0.9654277 5.97563e-5 -0.709805 -0.7043983 1.5758e-4 -0.8643139 -0.5029528 1.88506e-4 -0.8706748 -0.4918592 1.89752e-4 -1 0 2.15092e-4 -0.8643145 0.5029517 1.88369e-4 -0.8706754 0.4918582 1.89622e-4 -0.7098066 0.7043967 1.57322e-4 -0.2606741 0.9654269 5.92411e-5 0.2602713 0.9655356 -5.30881e-5 0.709597 0.7046079 -1.36684e-4 0.8699727 0.4930999 -1.64178e-4 0.864521 0.5025969 -1.63265e-4 1 0 -1.85968e-4 1 0 -1.85968e-4 0.8699694 -0.4931057 -1.64584e-4 0.8645175 -0.5026027 -1.63686e-4 0.7095873 -0.7046176 -1.37466e-4 0.2602739 -0.9655348 -5.32846e-5 -0.261074 -0.9653188 4.96124e-5 -0.7100279 -0.7041736 1.34383e-4 -0.8650066 -0.5017606 1.61626e-4 -0.8704622 -0.4922352 1.62571e-4 -1 1.74951e-7 1.85007e-4 -1 1.68761e-7 1.85007e-4 -0.8650064 0.5017609 1.61626e-4 -0.8704621 0.4922354 1.62571e-4 -0.7100278 0.7041738 1.34383e-4 -0.2610729 0.9653191 4.96125e-5 0.260275 0.9655345 -5.33609e-5 0.7096121 0.7045926 -1.37956e-4 0.8699755 0.493095 -1.6517e-4 0.8645052 0.502624 -1.64266e-4 1 0 -1.86641e-4 1 0 -1.86641e-4 0.8699751 -0.4930956 -1.65137e-4 0.8645048 -0.5026247 -1.64232e-4 0.7096109 -0.7045937 -1.37891e-4 0.2602735 -0.9655349 -5.34914e-5 -0.2610734 -0.965319 5.00141e-5 -0.7100285 -0.704173 1.36563e-4 -0.8649937 -0.5017828 1.63695e-4 -0.8704683 -0.4922246 1.64636e-4 -1 3.11016e-7 1.86893e-4 -1 3.07753e-7 1.86893e-4 -0.8649935 0.5017831 1.63738e-4 -0.8704681 0.4922249 1.64678e-4 -0.7100284 0.7041732 1.36629e-4 -0.2610726 0.9653192 5.00793e-5 0.2602782 0.9655337 -5.42629e-5 0.7096091 0.7045956 -1.39725e-4 0.8699975 0.4930562 -1.67331e-4 0.864506 0.5026227 -1.6641e-4 1 0 -1.89077e-4 0.8699964 -0.4930582 -1.67296e-4 0.8645048 -0.5026248 -1.66378e-4 0.7096058 -0.7045989 -1.39725e-4 0.2602813 -0.9655329 -5.45262e-5 -0.2610638 -0.9653216 5.13447e-5 -0.7100121 -0.7041896 1.37594e-4 -0.8649746 -0.5018157 1.64815e-4 -0.8704704 -0.4922208 1.65762e-4 -1 0 1.88098e-4 -0.8649753 0.5018147 1.6471e-4 -0.870471 0.4922198 1.65663e-4 -0.7100136 0.704188 1.3733e-4 -0.2610638 0.9653216 5.10814e-5 -0.02724063 -0.03526693 0.9990066 -0.02702051 -0.03514385 0.999017 0.005952954 0 0.9999823 0.005952954 0 0.9999823 -0.07202768 -0.001364886 0.9974017 -0.07203191 -0.001021742 0.9974018 -0.006424129 0 0.9999794 -0.006424129 0 0.9999794 0.02542418 0.03462386 0.999077 0.02522349 0.03450244 0.9990863 -0.05485522 -0.03006303 0.9980418 -0.05511438 -0.02991884 0.9980317 -0.02723848 0.03526705 0.9990067 -0.02701842 0.03514409 0.9990171 0.06458801 0.0352565 0.9972891 0.06423348 0.0354529 0.997305 0.08039569 0.001275658 -0.9967622 0.08039003 0.001703202 -0.996762 0.06218147 -0.03128093 -0.9975746 0.06186699 -0.03146964 -0.9975882 -0.02155423 -0.02935492 0.9993367 -0.02170085 -0.0294432 0.9993309 -0.06854391 0.03432518 0.9970574 -0.06816256 0.03455507 0.9970757 0.02469223 -0.03204661 -0.9991814 0.02451151 -0.03194516 -0.9991891 -0.005084216 0 0.9999871 -0.005084216 0 0.9999871 -0.08853173 -0.0020653 0.9960712 -0.0885393 -0.001547217 0.9960715 0.005823671 0 -0.9999831 0.005823671 0 -0.9999831 -0.02155268 0.02935498 0.9993367 -0.0216993 0.0294432 0.9993309 -0.06733185 -0.0372473 0.9970352 -0.067721 -0.03703206 0.9970168 0.02469116 0.03204655 -0.9991814 0.02451044 0.03194516 -0.9991891 -0.05485522 0.03006303 0.9980418 -0.05511438 0.02991884 0.9980317 0.08853662 0.001547276 -0.9960718 0.08852905 0.0020653 -0.9960715 0.06854128 -0.03432434 -0.9970577 0.06815987 -0.0345543 -0.9970759 -0.02643597 -0.03620511 0.9989947 -0.02665561 -0.03633826 0.9989841 0.06218165 0.03128099 -0.9975746 0.06186717 0.03146964 -0.9975882 0.02723866 -0.03526645 -0.9990067 0.02701836 -0.03514331 -0.9990171 -0.006236851 0 0.9999806 -0.006236851 0 0.9999806 0.08038783 -0.001703143 -0.9967622 0.08039349 -0.001275658 -0.9967624 0.006424248 0 -0.9999794 0.006424248 0 -0.9999794 -0.02643823 0.03620511 0.9989946 -0.02665787 0.03633826 0.998984 0.06118083 -0.03369146 -0.997558 0.06150293 -0.03351277 -0.9975442 0.02724105 0.03526657 -0.9990067 0.02702075 0.03514343 -0.999017 -0.0673328 0.03724718 0.9970352 -0.06772196 0.037032 0.9970169 -0.07595402 0.001138985 -0.9971107 -0.07594937 0.001520812 -0.9971106 -0.05782967 0.03176045 -0.9978212 -0.05811697 0.03160089 -0.9978095 0.02402681 -0.03281849 -0.9991725 0.02420902 -0.03292858 -0.9991645 0.06854158 0.03432458 -0.9970576 0.06816041 0.03455454 -0.9970758 -0.02271592 0.03097558 -0.999262 -0.02287882 0.0310738 -0.9992553 0.00566554 0 -0.999984 0.00566554 0 -0.999984 0.08852499 -0.0020653 -0.9960719 0.08853256 -0.001547217 -0.9960721 -0.005360066 0 -0.9999856 -0.005360066 0 -0.9999857 0.02402919 0.03281849 -0.9991725 0.02421134 0.03292858 -0.9991644 0.06733113 -0.03724795 -0.9970353 0.06772041 -0.0370326 -0.9970169 -0.02271741 -0.03097558 -0.999262 -0.02288031 -0.03107374 -0.9992552 0.06118309 0.03369146 -0.9975578 0.06150525 0.03351277 -0.9975441 -0.08853447 0.001547217 -0.996072 -0.0885269 0.002065241 -0.9960716 -0.06733053 0.03724724 -0.9970353 -0.06771969 0.037032 -0.997017 0.02643948 -0.03620535 -0.9989946 0.02665966 -0.03633886 -0.9989839 -0.0578286 -0.03176051 -0.9978212 -0.05811589 -0.03160089 -0.9978097 -0.02643489 0.03620517 -0.9989948 -0.02665448 0.03633832 -0.9989841 0.006241142 0 -0.9999806 0.006241142 0 -0.9999805 -0.07594484 -0.001520872 -0.997111 -0.07594949 -0.001138985 -0.997111 -0.006235718 0 -0.9999806 -0.006235718 0 -0.9999806 0.02643948 0.03620529 -0.9989946 0.0266596 0.0363388 -0.9989839 -0.05871123 0.02960956 -0.9978358 -0.05843126 0.02977716 -0.9978473 -0.02643489 -0.03620511 -0.9989948 -0.02665448 -0.03633826 -0.9989841 0.06733214 0.03724783 -0.9970352 0.06772142 0.03703254 -0.9970169 0.06505066 -0.03303313 0.9973351 0.06539791 -0.03282421 0.9973193 -0.02330559 0.03028953 -0.9992695 -0.02314507 0.03019922 -0.9992759 -0.06732857 -0.03724735 -0.9970355 -0.06771773 -0.03703212 -0.997017 0.02577823 -0.0335651 0.9991042 0.02597832 -0.03367716 0.9990951 -0.005495905 0 -0.999985 -0.005495905 0 -0.999985 -0.08852732 -0.00206536 -0.9960716 -0.08853495 -0.001547276 -0.9960719 0.006126761 0 0.9999812 0.006126761 0 0.9999812 -0.02330541 -0.03028953 -0.9992695 -0.0231449 -0.03019928 -0.9992759 -0.06854283 0.03432524 -0.9970575 -0.06816154 0.03455513 -0.9970757 0.02577817 0.0335645 0.9991042 0.02597808 0.0336765 0.9990951 -0.05871242 -0.02960962 -0.9978357 -0.05843245 -0.02977716 -0.9978473 0.06816667 -0.03455543 0.9970753 0.06854814 -0.03432548 0.9970571 -0.05591684 -0.02825689 0.9980355 -0.05566269 -0.02840876 0.9980455 -0.02724194 0.03526717 -0.9990066 -0.02702188 0.03514415 -0.999017 0.06505012 0.03303182 0.9973351 0.06539803 0.0328226 0.9973193 0.02702283 -0.03514331 0.999017 0.02724313 -0.03526645 0.9990066 -0.0221883 -0.0288676 0.999337 -0.0220431 -0.02878576 0.9993426 -0.006427526 0 -0.9999794 -0.006427526 0 -0.9999794 0.084517 -0.001411795 0.9964211 0.08451038 -0.001884222 0.9964208 0.006426513 0 0.9999794 0.006426513 0 0.9999794 -0.005229473 0 0.9999864 -0.005229473 0 0.9999864 -0.02724176 -0.03526687 -0.9990066 -0.02702164 -0.03514385 -0.999017 0.06465584 -0.03529185 0.9972835 0.06430047 -0.03548866 0.9972994 0.02701854 0.03514343 0.9990171 0.02723884 0.03526657 0.9990067 -0.02218616 0.02886772 0.9993371 -0.02204102 0.02878594 0.9993426 -0.0685414 -0.03432488 -0.9970576 -0.06816005 -0.03455489 -0.9970759 -0.05545085 -0.02803093 0.9980679 -0.05520117 -0.02817994 0.9980775 0.02545481 -0.03465354 0.9990752 0.02525389 -0.03453195 0.9990845 0.06816488 0.03455567 0.9970756 0.06854623 0.03432577 0.9970573 -0.05591726 0.02825713 0.9980355 -0.05566304 0.02840894 0.9980454 -0.02200067 -0.0286293 0.9993481 -0.02185785 -0.02854877 0.9993534 0.005958735 0 0.9999822 0.005958735 0 0.9999823 0.08853727 -0.001545011 0.9960717 0.08852952 -0.002063095 0.9960715</float_array>
          <technique_common>
            <accessor source="#Cargo_Container_Pipes_Mesh-mesh-normals-array" count="2746" stride="3">
              <param name="X" type="float"/>
              <param name="Y" type="float"/>
              <param name="Z" type="float"/>
            </accessor>
          </technique_common>
        </source>
        <source id="Cargo_Container_Pipes_Mesh-mesh-map-0">
          <float_array id="Cargo_Container_Pipes_Mesh-mesh-map-0-array" count="13056">0.6756595 0.7719633 0.6780214 0.7773947 0.6772286 0.7777003 0.6748651 0.7723076 0.6764609 0.7716168 0.6788139 0.7771177 0.6780214 0.7773947 0.6756595 0.7719633 0.6772701 0.7712712 0.6796367 0.7768592 0.6788139 0.7771177 0.6764609 0.7716168 0.6961601 0.7855219 0.6984944 0.7799874 0.6993226 0.7802405 0.6969745 0.7858647 0.6953537 0.7851778 0.6976981 0.7797161 0.6984944 0.7799874 0.6961601 0.7855219 0.6945544 0.7848356 0.6968988 0.7794163 0.6976981 0.7797161 0.6953537 0.7851778 0.6937592 0.7844982 0.6960693 0.7791026 0.6968988 0.7794163 0.6945544 0.7848356 0.6929649 0.7841662 0.6952045 0.7788175 0.6960693 0.7791026 0.6937592 0.7844982 0.69216 0.7838321 0.6943385 0.7785937 0.6952045 0.7788175 0.6929649 0.7841662 0.6732848 0.7729805 0.6755391 0.7783038 0.6746733 0.7785258 0.6724842 0.7733163 0.6740746 0.7726469 0.6764048 0.778019 0.6755391 0.7783038 0.6732848 0.7729805 0.6748651 0.7723076 0.6772286 0.7777003 0.6764048 0.778019 0.6740746 0.7726469 0.6780214 0.7773947 0.6784093 0.7788587 0.6775895 0.7789389 0.6772286 0.7777003 0.6788139 0.7771177 0.6792091 0.7787968 0.6784093 0.7788587 0.6780214 0.7773947 0.6796367 0.7768592 0.6800379 0.7787533 0.6792091 0.7787968 0.6788139 0.7771177 0.6984944 0.7799874 0.6988762 0.7782954 0.6997077 0.778334 0.6993226 0.7802405 0.6976981 0.7797161 0.6980817 0.7782434 0.6988762 0.7782954 0.6984944 0.7799874 0.6968988 0.7794163 0.6972492 0.7781715 0.6980817 0.7782434 0.6976981 0.7797161 0.6960693 0.7791026 0.6963433 0.7780894 0.6972492 0.7781715 0.6968988 0.7794163 0.6952045 0.7788175 0.695376 0.7780143 0.6963433 0.7780894 0.6960693 0.7791026 0.6943385 0.7785937 0.6944649 0.7779755 0.695376 0.7780143 0.6952045 0.7788175 0.6755391 0.7783038 0.6757093 0.7791076 0.6747969 0.7791428 0.6746733 0.7785258 0.6764048 0.778019 0.676689 0.779038 0.6757093 0.7791076 0.6755391 0.7783038 0.6772286 0.7777003 0.6775895 0.7789389 0.676689 0.779038 0.6764048 0.778019 0.6784093 0.7788587 0.6782739 0.7804389 0.6774693 0.7802206 0.6775895 0.7789389 0.6792091 0.7787968 0.679046 0.7806347 0.6782739 0.7804389 0.6784093 0.7788587 0.6800379 0.7787533 0.6798293 0.7808331 0.679046 0.7806347 0.6792091 0.7787968 0.6988762 0.7782954 0.6987088 0.776458 0.6994876 0.7762551 0.6997077 0.778334 0.6980817 0.7782434 0.6979345 0.7766654 0.6987088 0.776458 0.6988762 0.7782954 0.6972492 0.7781715 0.697144 0.7768892 0.6979345 0.7766654 0.6980817 0.7782434 0.6963433 0.7780894 0.6962774 0.7771406 0.697144 0.7768892 0.6972492 0.7781715 0.695376 0.7780143 0.6953289 0.7773904 0.6962774 0.7771406 0.6963433 0.7780894 0.6944649 0.7779755 0.6944415 0.7775634 0.6953289 0.7773904 0.695376 0.7780143 0.6757093 0.7791076 0.6756572 0.7797311 0.6747711 0.779555 0.6747969 0.7791428 0.676689 0.779038 0.6765942 0.7799837 0.6756572 0.7797311 0.6757093 0.7791076 0.6775895 0.7789389 0.6774693 0.7802206 0.6765942 0.7799837 0.676689 0.779038 0.6782739 0.7804389 0.6776376 0.7818064 0.6769105 0.7813763 0.6774693 0.7802206 0.679046 0.7806347 0.6783611 0.7822073 0.6776376 0.7818064 0.6782739 0.7804389 0.6798293 0.7808331 0.6791133 0.7825977 0.6783611 0.7822073 0.679046 0.7806347 0.6987088 0.776458 0.6980134 0.7749027 0.6987581 0.7745082 0.6994876 0.7762551 0.6979345 0.7766654 0.6972956 0.775308 0.6980134 0.7749027 0.6987088 0.776458 0.697144 0.7768892 0.6965765 0.7757422 0.6972956 0.775308 0.6979345 0.7766654 0.6962774 0.7771406 0.6958248 0.7761971 0.6965765 0.7757422 0.697144 0.7768892 0.6953289 0.7773904 0.6950268 0.776627 0.6958248 0.7761971 0.6962774 0.7771406 0.6944415 0.7775634 0.6942208 0.7769854 0.6950268 0.776627 0.6953289 0.7773904 0.6756572 0.7797311 0.6753539 0.7804945 0.6745473 0.780134 0.6747711 0.779555 0.6765942 0.7799837 0.6761519 0.7809247 0.6753539 0.7804945 0.6756572 0.7797311 0.6774693 0.7802206 0.6769105 0.7813763 0.6761519 0.7809247 0.6765942 0.7799837 0.6748961 0.7202953 0.678102 0.7274941 0.6773131 0.727804 0.6740735 0.7205511 0.6757179 0.720012 0.6788879 0.7272114 0.678102 0.7274941 0.6748961 0.7202953 0.6765307 0.7196848 0.6797019 0.7269467 0.6788879 0.7272114 0.6757179 0.720012 0.6953435 0.7374713 0.6985197 0.7302664 0.6993352 0.7305318 0.6961569 0.7377992 0.6945211 0.7371873 0.6977318 0.729983 0.6985197 0.7302664 0.6953435 0.7374713 0.6936981 0.7369308 0.6969417 0.7296727 0.6977318 0.729983 0.6945211 0.7371873 0.6928807 0.7366779 0.696124 0.72935 0.6969417 0.7296727 0.6936981 0.7369308 0.692074 0.7364038 0.6952734 0.7290578 0.696124 0.72935 0.6928807 0.7366779 0.6912722 0.7360845 0.6944203 0.7288345 0.6952734 0.7290578 0.692074 0.7364038 0.6724505 0.7210768 0.6756427 0.7284156 0.6747915 0.7286413 0.6716492 0.7213955 0.6732566 0.7208033 0.6764953 0.7281259 0.6756427 0.7284156 0.6724505 0.7210768 0.6740735 0.7205511 0.6773131 0.727804 0.6764953 0.7281259 0.6732566 0.7208033 0.678102 0.7274941 0.6785113 0.72895 0.6776808 0.7290351 0.6773131 0.727804 0.6788879 0.7272114 0.6793071 0.7288828 0.6785113 0.72895 0.678102 0.7274941 0.6797019 0.7269467 0.680115 0.7288172 0.6793071 0.7288828 0.6788879 0.7272114 0.6985197 0.7302664 0.6989412 0.7285941 0.6997491 0.7286559 0.6993352 0.7305318 0.6977318 0.729983 0.6981394 0.7285228 0.6989412 0.7285941 0.6985197 0.7302664 0.6969417 0.7296727 0.6973081 0.7284411 0.6981394 0.7285228 0.6977318 0.729983 0.696124 0.72935 0.6964074 0.7283518 0.6973081 0.7284411 0.6969417 0.7296727 0.6952734 0.7290578 0.6954457 0.7282572 0.6964074 0.7283518 0.696124 0.72935 0.6944203 0.7288345 0.694546 0.7282292 0.6954457 0.7282572 0.6952734 0.7290578 0.6756427 0.7284156 0.6758134 0.7292115 0.6749195 0.7292466 0.6747915 0.7286413 0.6764953 0.7281259 0.6767786 0.7291284 0.6758134 0.7292115 0.6756427 0.7284156 0.6773131 0.727804 0.6776808 0.7290351 0.6767786 0.7291284 0.6764953 0.7281259 0.6785113 0.72895 0.6783865 0.7305298 0.6775925 0.7303169 0.6776808 0.7290351 0.6793071 0.7288828 0.6791642 0.7307227 0.6783865 0.7305298 0.6785113 0.72895 0.680115 0.7288172 0.6799736 0.730903 0.6791642 0.7307227 0.6793071 0.7288828 0.6989412 0.7285941 0.6987785 0.7267541 0.6995872 0.7265696 0.6997491 0.7286559 0.6981394 0.7285228 0.6980066 0.7269428 0.6987785 0.7267541 0.6989412 0.7285941 0.6973081 0.7284411 0.6972138 0.727159 0.6980066 0.7269428 0.6981394 0.7285228 0.6964074 0.7283518 0.696345 0.7274057 0.6972138 0.727159 0.6973081 0.7284411 0.6954457 0.7282572 0.6953942 0.7276359 0.696345 0.7274057 0.6964074 0.7283518 0.694546 0.7282292 0.6945037 0.7278202 0.6953942 0.7276359 0.6954457 0.7282572 0.6758134 0.7292115 0.6757784 0.7298354 0.6748806 0.7296565 0.6749195 0.7292466 0.6767786 0.7291284 0.6767239 0.7300752 0.6757784 0.7298354 0.6758134 0.7292115 0.6776808 0.7290351 0.6775925 0.7303169 0.6767239 0.7300752 0.6767786 0.7291284 0.6783865 0.7305298 0.6777639 0.7319063 0.6770346 0.731475 0.6775925 0.7303169 0.6791642 0.7307227 0.6784977 0.7323095 0.6777639 0.7319063 0.6783865 0.7305298 0.6799736 0.730903 0.6792642 0.7327001 0.6784977 0.7323095 0.6791642 0.7307227 0.6987785 0.7267541 0.6981134 0.7251687 0.6988781 0.7247786 0.6995872 0.7265696 0.6980066 0.7269428 0.6973819 0.7255713 0.6981134 0.7251687 0.6987785 0.7267541 0.6972138 0.727159 0.696654 0.7260026 0.6973819 0.7255713 0.6980066 0.7269428 0.696345 0.7274057 0.6958976 0.7264517 0.696654 0.7260026 0.6972138 0.727159 0.6953942 0.7276359 0.6950946 0.7268742 0.6958976 0.7264517 0.696345 0.7274057 0.6945037 0.7278202 0.6942809 0.7272348 0.6950946 0.7268742 0.6953942 0.7276359 0.6757784 0.7298354 0.6754765 0.7306014 0.67466 0.7302427 0.6748806 0.7296565 0.6767239 0.7300752 0.6762777 0.7310256 0.6754765 0.7306014 0.6757784 0.7298354 0.6775925 0.7303169 0.6770346 0.731475 0.6762777 0.7310256 0.6767239 0.7300752 0.6777639 0.7319063 0.6745461 0.7368547 0.6738223 0.736385 0.6770346 0.731475 0.6784977 0.7323095 0.6752764 0.7373278 0.6745461 0.7368547 0.6777639 0.7319063 0.6792642 0.7327001 0.6760146 0.7378011 0.6752764 0.7373278 0.6784977 0.7323095 0.6981134 0.7251687 0.6948952 0.7201576 0.6956323 0.7196848 0.6988781 0.7247786 0.6973819 0.7255713 0.6941658 0.7206301 0.6948952 0.7201576 0.6981134 0.7251687 0.696654 0.7260026 0.693443 0.7210992 0.6941658 0.7206301 0.6973819 0.7255713 0.6958976 0.7264517 0.6927229 0.7215628 0.693443 0.7210992 0.696654 0.7260026 0.6950946 0.7268742 0.6920027 0.7220206 0.6927229 0.7215628 0.6958976 0.7264517 0.6942809 0.7272348 0.6912722 0.7224823 0.6920027 0.7220206 0.6950946 0.7268742 0.6754765 0.7306014 0.6723804 0.7354627 0.6716492 0.7350006 0.67466 0.7302427 0.6762777 0.7310256 0.6731015 0.7359209 0.6723804 0.7354627 0.6754765 0.7306014 0.6770346 0.731475 0.6738223 0.736385 0.6731015 0.7359209 0.6762777 0.7310256 0.6756669 0.7559727 0.6780396 0.7614164 0.6772445 0.7617216 0.6748704 0.7563188 0.6764703 0.7556245 0.6788341 0.7611393 0.6780396 0.7614164 0.6756669 0.7559727 0.6772817 0.7552773 0.6796594 0.7608805 0.6788341 0.7611393 0.6764703 0.7556245 0.6961008 0.7695877 0.6984767 0.764097 0.6992984 0.764359 0.6969085 0.7699366 0.695301 0.7692378 0.6976854 0.7638168 0.6984767 0.764097 0.6961008 0.7695877 0.6945081 0.7688902 0.6968939 0.7635078 0.6976854 0.7638168 0.695301 0.7692378 0.693719 0.7685476 0.6960715 0.7631857 0.6968939 0.7635078 0.6945081 0.7688902 0.6929306 0.7682107 0.6952072 0.7628973 0.6960715 0.7631857 0.693719 0.7685476 0.6921315 0.7678716 0.6943423 0.7626717 0.6952072 0.7628973 0.6929306 0.7682107 0.6732864 0.7569959 0.6755526 0.7623276 0.6746876 0.7625545 0.6724842 0.7573338 0.6740781 0.7566601 0.6764165 0.7620391 0.6755526 0.7623276 0.6732864 0.7569959 0.6748704 0.7563188 0.6772445 0.7617216 0.6764165 0.7620391 0.6740781 0.7566601 0.6780396 0.7614164 0.6784284 0.7628857 0.6776076 0.7629681 0.6772445 0.7617216 0.6788341 0.7611393 0.6792292 0.7628237 0.6784284 0.7628857 0.6780396 0.7614164 0.6796594 0.7608805 0.6800591 0.7627811 0.6792292 0.7628237 0.6788341 0.7611393 0.6984767 0.764097 0.698879 0.7624197 0.6997076 0.7624666 0.6992984 0.764359 0.6976854 0.7638168 0.6980794 0.7623544 0.698879 0.7624197 0.6984767 0.764097 0.6968939 0.7635078 0.69726 0.7622708 0.6980794 0.7623544 0.6976854 0.7638168 0.6960715 0.7631857 0.69636 0.762168 0.69726 0.7622708 0.6968939 0.7635078 0.6952072 0.7628973 0.6953806 0.7620942 0.69636 0.762168 0.6960715 0.7631857 0.6943423 0.7626717 0.6944685 0.7620553 0.6953806 0.7620942 0.6952072 0.7628973 0.6755526 0.7623276 0.6757268 0.7631302 0.6748158 0.7631718 0.6746876 0.7625545 0.6764165 0.7620391 0.6766955 0.7630521 0.6757268 0.7631302 0.6755526 0.7623276 0.6772445 0.7617216 0.6776076 0.7629681 0.6766955 0.7630521 0.6764165 0.7620391 0.6784284 0.7628857 0.6782934 0.7644653 0.6774899 0.7642492 0.6776076 0.7629681 0.6792292 0.7628237 0.679064 0.7646605 0.6782934 0.7644653 0.6784284 0.7628857 0.6800591 0.7627811 0.6798456 0.7648596 0.679064 0.7646605 0.6792292 0.7628237 0.698879 0.7624197 0.6987236 0.760581 0.6995078 0.7603858 0.6997076 0.7624666 0.6980794 0.7623544 0.6979506 0.7607736 0.6987236 0.760581 0.698879 0.7624197 0.69726 0.7622708 0.6971451 0.7609887 0.6979506 0.7607736 0.6980794 0.7623544 0.69636 0.762168 0.696269 0.7612219 0.6971451 0.7609887 0.69726 0.7622708 0.6953806 0.7620942 0.6953312 0.7614706 0.696269 0.7612219 0.69636 0.762168 0.6944685 0.7620553 0.6944444 0.7616431 0.6953312 0.7614706 0.6953806 0.7620942 0.6757268 0.7631302 0.6756814 0.7637541 0.6747935 0.763584 0.6748158 0.7631718 0.6766955 0.7630521 0.6766292 0.7640007 0.6756814 0.7637541 0.6757268 0.7631302 0.6776076 0.7629681 0.6774899 0.7642492 0.6766292 0.7640007 0.6766955 0.7630521 0.6782934 0.7644653 0.6776593 0.7658268 0.676935 0.7653969 0.6774899 0.7642492 0.679064 0.7646605 0.6783804 0.766227 0.6776593 0.7658268 0.6782934 0.7644653 0.6798456 0.7648596 0.6791297 0.7666164 0.6783804 0.766227 0.679064 0.7646605 0.6987236 0.760581 0.6980451 0.7590053 0.6987991 0.7586179 0.6995078 0.7603858 0.6979506 0.7607736 0.6973198 0.7594034 0.6980451 0.7590053 0.6987236 0.760581 0.6971451 0.7609887 0.6965909 0.7598307 0.6973198 0.7594034 0.6979506 0.7607736 0.696269 0.7612219 0.6958306 0.7602792 0.6965909 0.7598307 0.6971451 0.7609887 0.6953312 0.7614706 0.6950311 0.760706 0.6958306 0.7602792 0.696269 0.7612219 0.6944444 0.7616431 0.6942231 0.7610632 0.6950311 0.760706 0.6953312 0.7614706 0.6756814 0.7637541 0.675382 0.7645188 0.6745743 0.7641631 0.6747935 0.763584 0.6766292 0.7640007 0.6761812 0.7649455 0.675382 0.7645188 0.6756814 0.7637541 0.6774899 0.7642492 0.676935 0.7653969 0.6761812 0.7649455 0.6766292 0.7640007 0.2836958 0.6867048 0.2869576 0.6941504 0.2861676 0.6944554 0.2828726 0.6869558 0.2845185 0.6864265 0.2877448 0.6938725 0.2869576 0.6941504 0.2836958 0.6867048 0.2853325 0.6861042 0.2885601 0.6936128 0.2877448 0.6938725 0.2845185 0.6864265 0.2845185 0.6844465 0.2877448 0.6770005 0.2885601 0.6772602 0.2853325 0.6847688 0.2836958 0.6841682 0.2869576 0.6767227 0.2877448 0.6770005 0.2845185 0.6844465 0.2828726 0.6839172 0.2861676 0.6764176 0.2869576 0.6767227 0.2836958 0.6841682 0.2820553 0.6836698 0.2853493 0.6761001 0.2861676 0.6764176 0.2828726 0.6839172 0.2812485 0.6834009 0.2844981 0.6758137 0.2853493 0.6761001 0.2820553 0.6836698 0.2804462 0.6830871 0.2836442 0.6755964 0.2844981 0.6758137 0.2812485 0.6834009 0.2812485 0.6874721 0.284498 0.6950593 0.2836442 0.6952766 0.2804462 0.6877859 0.2820553 0.6872032 0.2853493 0.6947728 0.284498 0.6950593 0.2812485 0.6874721 0.2828726 0.6869558 0.2861676 0.6944554 0.2853493 0.6947728 0.2820553 0.6872032 0.2869576 0.6941504 0.2873575 0.6956074 0.2865272 0.6956863 0.2861676 0.6944554 0.2877448 0.6938725 0.2881536 0.6955457 0.2873575 0.6956074 0.2869576 0.6941504 0.2885601 0.6936128 0.2889618 0.6954851 0.2881536 0.6955457 0.2877448 0.6938725 0.2877448 0.6770005 0.2881536 0.6753273 0.2889618 0.6753879 0.2885601 0.6772602 0.2869576 0.6767227 0.2873575 0.6752656 0.2881536 0.6753273 0.2877448 0.6770005 0.2861676 0.6764176 0.2865272 0.6751866 0.2873575 0.6752656 0.2869576 0.6767227 0.2853493 0.6761001 0.2856269 0.6751016 0.2865272 0.6751866 0.2861676 0.6764176 0.2844981 0.6758137 0.2846651 0.6750127 0.2856269 0.6751016 0.2853493 0.6761001 0.2836442 0.6755964 0.2837654 0.6749907 0.2846651 0.6750127 0.2844981 0.6758137 0.284498 0.6950593 0.2846651 0.6958603 0.2837654 0.6958823 0.2836442 0.6952766 0.2853493 0.6947728 0.2856269 0.6957714 0.2846651 0.6958603 0.284498 0.6950593 0.2861676 0.6944554 0.2865272 0.6956863 0.2856269 0.6957714 0.2853493 0.6947728 0.2873575 0.6956074 0.2872214 0.697187 0.2864282 0.6969679 0.2865272 0.6956863 0.2881536 0.6955457 0.2879984 0.6973852 0.2872214 0.697187 0.2873575 0.6956074 0.2889618 0.6954851 0.2888072 0.6975709 0.2879984 0.6973852 0.2881536 0.6955457 0.2881536 0.6753273 0.2879984 0.6734877 0.2888073 0.6733021 0.2889618 0.6753879 0.2873575 0.6752656 0.2872214 0.673686 0.2879984 0.6734877 0.2881536 0.6753273 0.2865272 0.6751866 0.2864282 0.6739051 0.2872214 0.673686 0.2873575 0.6752656 0.2856269 0.6751016 0.2855597 0.674156 0.2864282 0.6739051 0.2865272 0.6751866 0.2846651 0.6750127 0.2846097 0.6743916 0.2855597 0.674156 0.2856269 0.6751016 0.2837654 0.6749907 0.2837202 0.674582 0.2846097 0.6743916 0.2846651 0.6750127 0.2846651 0.6958603 0.2846097 0.6964814 0.2837202 0.696291 0.2837654 0.6958823 0.2856269 0.6957714 0.2855597 0.696717 0.2846097 0.6964814 0.2846651 0.6958603 0.2865272 0.6956863 0.2864282 0.6969679 0.2855597 0.696717 0.2856269 0.6957714 0.2872214 0.697187 0.2865889 0.6985608 0.2858616 0.6981242 0.2864282 0.6969679 0.2879984 0.6973852 0.2873208 0.6989694 0.2865889 0.6985608 0.2872214 0.697187 0.2888072 0.6975709 0.2880855 0.6993653 0.2873208 0.6989694 0.2879984 0.6973852 0.2879984 0.6734877 0.2873208 0.6719036 0.2880855 0.6715077 0.2888073 0.6733021 0.2872214 0.673686 0.2865889 0.6723122 0.2873208 0.6719036 0.2879984 0.6734877 0.2864282 0.6739051 0.2858616 0.6727488 0.2865889 0.6723122 0.2872214 0.673686 0.2855597 0.674156 0.2851064 0.6732031 0.2858616 0.6727488 0.2864282 0.6739051 0.2846097 0.6743916 0.284305 0.6736311 0.2851064 0.6732031 0.2855597 0.674156 0.2837202 0.674582 0.2834929 0.6739978 0.284305 0.6736311 0.2846097 0.6743916 0.2846097 0.6964814 0.284305 0.6972419 0.2834929 0.6968752 0.2837202 0.696291 0.2855597 0.696717 0.2851064 0.6976699 0.284305 0.6972419 0.2846097 0.6964814 0.2864282 0.6969679 0.2858616 0.6981242 0.2851064 0.6976699 0.2855597 0.696717 0.2865889 0.6985608 0.2833344 0.7034941 0.2826128 0.7030191 0.2858616 0.6981242 0.2873208 0.6989694 0.2840625 0.7039726 0.2833344 0.7034941 0.2865889 0.6985608 0.2880855 0.6993653 0.2847985 0.7044513 0.2840625 0.7039726 0.2873208 0.6989694 0.2873208 0.6719036 0.2840625 0.6669004 0.2847985 0.6664217 0.2880855 0.6715077 0.2865889 0.6723122 0.2833344 0.6673789 0.2840625 0.6669004 0.2873208 0.6719036 0.2858616 0.6727488 0.2826128 0.6678539 0.2833344 0.6673789 0.2865889 0.6723122 0.2851064 0.6732031 0.2818941 0.6683232 0.2826128 0.6678539 0.2858616 0.6727488 0.284305 0.6736311 0.2811752 0.6687869 0.2818941 0.6683232 0.2851064 0.6732031 0.2834929 0.6739978 0.2804462 0.6692545 0.2811752 0.6687869 0.284305 0.6736311 0.284305 0.6972419 0.2811752 0.7020861 0.2804462 0.7016185 0.2834929 0.6968752 0.2851064 0.6976699 0.2818941 0.7025498 0.2811752 0.7020861 0.284305 0.6972419 0.2858616 0.6981242 0.2826128 0.7030191 0.2818941 0.7025498 0.2851064 0.6976699 0.7849028 0.7387903 0.7871773 0.7442602 0.7863795 0.7445532 0.7841028 0.7391219 0.7857099 0.7384567 0.7879742 0.7439961 0.7871773 0.7442602 0.7849028 0.7387903 0.7865247 0.7381242 0.7888011 0.7437508 0.7879742 0.7439961 0.7857099 0.7384567 0.7857031 0.7337049 0.7879737 0.7281749 0.7887995 0.7284213 0.7865165 0.7340382 0.7848975 0.7333703 0.7871779 0.7279098 0.7879737 0.7281749 0.7857031 0.7337049 0.7840989 0.7330378 0.7863813 0.7276159 0.7871779 0.7279098 0.7848975 0.7333703 0.7833042 0.7327104 0.7855539 0.7273089 0.7863813 0.7276159 0.7840989 0.7330378 0.7825101 0.7323887 0.7846866 0.7270346 0.7855539 0.7273089 0.7833042 0.7327104 0.7817054 0.732065 0.7838156 0.726828 0.7846866 0.7270346 0.7825101 0.7323887 0.7825113 0.7397693 0.7846801 0.7451295 0.7838104 0.7453377 0.7817053 0.7400922 0.7833067 0.7394484 0.7855505 0.7448586 0.7846801 0.7451295 0.7825113 0.7397693 0.7841028 0.7391219 0.7863795 0.7445532 0.7855505 0.7448586 0.7833067 0.7394484 0.7871773 0.7442602 0.7875415 0.7457304 0.7867206 0.7457975 0.7863795 0.7445532 0.7879742 0.7439961 0.7883423 0.7456815 0.7875415 0.7457304 0.7871773 0.7442602 0.7888011 0.7437508 0.7891716 0.7456514 0.7883423 0.7456815 0.7879742 0.7439961 0.7879737 0.7281749 0.7883442 0.7264915 0.7891731 0.7265229 0.7887995 0.7284213 0.7871779 0.7279098 0.787544 0.7264415 0.7883442 0.7264915 0.7879737 0.7281749 0.7863813 0.7276159 0.7867237 0.7263739 0.787544 0.7264415 0.7871779 0.7279098 0.7855539 0.7273089 0.7858237 0.7262909 0.7867237 0.7263739 0.7863813 0.7276159 0.7846866 0.7270346 0.7848466 0.726224 0.7858237 0.7262909 0.7855539 0.7273089 0.7838156 0.726828 0.7839273 0.7262089 0.7848466 0.726224 0.7846866 0.7270346 0.7846801 0.7451295 0.7848373 0.7459363 0.7839242 0.7459568 0.7838104 0.7453377 0.7855505 0.7448586 0.7858185 0.7458823 0.7848373 0.7459363 0.7846801 0.7451295 0.7863795 0.7445532 0.7867206 0.7457975 0.7858185 0.7458823 0.7855505 0.7448586 0.7875415 0.7457304 0.7873811 0.7473082 0.7865801 0.7470772 0.7867206 0.7457975 0.7883423 0.7456815 0.7881495 0.7475162 0.7873811 0.7473082 0.7875415 0.7457304 0.7891716 0.7456514 0.7889291 0.7477272 0.7881495 0.7475162 0.7883423 0.7456815 0.7883442 0.7264915 0.7881543 0.7246566 0.7889346 0.724447 0.7891731 0.7265229 0.787544 0.7264415 0.787385 0.7248638 0.7881543 0.7246566 0.7883442 0.7264915 0.7867237 0.7263739 0.7865829 0.7250944 0.787385 0.7248638 0.787544 0.7264415 0.7858237 0.7262909 0.7857089 0.7253466 0.7865829 0.7250944 0.7867237 0.7263739 0.7848466 0.726224 0.7847689 0.7256014 0.7857089 0.7253466 0.7858237 0.7262909 0.7839273 0.7262089 0.7838917 0.7257966 0.7847689 0.7256014 0.7848466 0.726224 0.7848373 0.7459363 0.7847753 0.7465591 0.7838917 0.7463688 0.7839242 0.7459568 0.7858185 0.7458823 0.7857087 0.7468266 0.7847753 0.7465591 0.7848373 0.7459363 0.7867206 0.7457975 0.7865801 0.7470772 0.7857087 0.7468266 0.7858185 0.7458823 0.7873811 0.7473082 0.7867238 0.7486652 0.7860038 0.7482243 0.7865801 0.7470772 0.7881495 0.7475162 0.7874401 0.7490766 0.7867238 0.7486652 0.7873811 0.7473082 0.7889291 0.7477272 0.788185 0.7494784 0.7874401 0.7490766 0.7881495 0.7475162 0.7881543 0.7246566 0.7874472 0.7230933 0.7881937 0.7226926 0.7889346 0.724447 0.787385 0.7248638 0.7867292 0.7235038 0.7874472 0.7230933 0.7881543 0.7246566 0.7865829 0.7250944 0.7860074 0.7239439 0.7867292 0.7235038 0.787385 0.7248638 0.7857089 0.7253466 0.7852529 0.7244057 0.7860074 0.7239439 0.7865829 0.7250944 0.7847689 0.7256014 0.7844569 0.7248458 0.7852529 0.7244057 0.7857089 0.7253466 0.7838917 0.7257966 0.7836566 0.7252205 0.7844569 0.7248458 0.7847689 0.7256014 0.7847753 0.7465591 0.7844597 0.7473179 0.7836586 0.7469446 0.7838917 0.7463688 0.7857087 0.7468266 0.7852518 0.7477609 0.7844597 0.7473179 0.7847753 0.7465591 0.7865801 0.7470772 0.7860038 0.7482243 0.7852518 0.7477609 0.7857087 0.7468266 0.7043207 0.7203053 0.7075008 0.7273182 0.7067147 0.7276331 0.7035008 0.7205662 0.7051396 0.720017 0.7082841 0.7270306 0.7075008 0.7273182 0.7043207 0.7203053 0.7059491 0.7196848 0.7090956 0.7267607 0.7082841 0.7270306 0.7051396 0.720017 0.7149118 0.7373151 0.7180563 0.7303014 0.7188678 0.7305714 0.7157213 0.7376473 0.7140929 0.7370268 0.717273 0.7300139 0.7180563 0.7303014 0.7149118 0.7373151 0.7132729 0.7367659 0.7164868 0.729699 0.717273 0.7300139 0.7140929 0.7370268 0.7124586 0.7365087 0.7156723 0.7293713 0.7164868 0.729699 0.7132729 0.7367659 0.7116551 0.7362303 0.7148243 0.7290738 0.7156723 0.7293713 0.7124586 0.7365087 0.7108567 0.7359069 0.7139732 0.7288455 0.7148243 0.7290738 0.7116551 0.7362303 0.7018829 0.7211018 0.7050521 0.7282583 0.704201 0.7284866 0.7010846 0.7214252 0.7026865 0.7208234 0.7059001 0.7279609 0.7050521 0.7282583 0.7018829 0.7211018 0.7035008 0.7205662 0.7067147 0.7276331 0.7059001 0.7279609 0.7026865 0.7208234 0.7075008 0.7273182 0.707919 0.72877 0.7070897 0.7288596 0.7067147 0.7276331 0.7082841 0.7270306 0.7087141 0.7286981 0.707919 0.72877 0.7075008 0.7273182 0.7090956 0.7267607 0.7095214 0.7286272 0.7087141 0.7286981 0.7082841 0.7270306 0.7180563 0.7303014 0.7184863 0.728634 0.7192936 0.728705 0.7188678 0.7305714 0.717273 0.7300139 0.7176911 0.7285621 0.7184863 0.728634 0.7180563 0.7303014 0.7164868 0.729699 0.7168619 0.7284726 0.7176911 0.7285621 0.717273 0.7300139 0.7156723 0.7293713 0.7159626 0.728376 0.7168619 0.7284726 0.7164868 0.729699 0.7148243 0.7290738 0.7150017 0.7282747 0.7159626 0.728376 0.7156723 0.7293713 0.7139732 0.7288455 0.7141022 0.7282413 0.7150017 0.7282747 0.7148243 0.7290738 0.7050521 0.7282583 0.7052295 0.7290574 0.70433 0.7290909 0.704201 0.7284866 0.7059001 0.7279609 0.7061904 0.7289561 0.7052295 0.7290574 0.7050521 0.7282583 0.7067147 0.7276331 0.7070897 0.7288596 0.7061904 0.7289561 0.7059001 0.7279609 0.707919 0.72877 0.7078031 0.7303513 0.7070071 0.7301424 0.7070897 0.7288596 0.7087141 0.7286981 0.7085827 0.7305396 0.7078031 0.7303513 0.707919 0.72877 0.7095214 0.7286272 0.7093939 0.7307149 0.7085827 0.7305396 0.7087141 0.7286981 0.7184863 0.728634 0.7183548 0.7267925 0.7191661 0.7266173 0.7192936 0.728705 0.7176911 0.7285621 0.7175753 0.7269808 0.7183548 0.7267925 0.7184863 0.728634 0.7168619 0.7284726 0.7167792 0.7271897 0.7175753 0.7269808 0.7176911 0.7285621 0.7159626 0.728376 0.7159075 0.7274294 0.7167792 0.7271897 0.7168619 0.7284726 0.7150017 0.7282747 0.7149543 0.7276529 0.7159075 0.7274294 0.7159626 0.728376 0.7141022 0.7282413 0.7140622 0.7278319 0.7149543 0.7276529 0.7150017 0.7282747 0.7052295 0.7290574 0.7051821 0.7296792 0.70429 0.7295002 0.70433 0.7290909 0.7061904 0.7289561 0.7061353 0.7299027 0.7051821 0.7296792 0.7052295 0.7290574 0.7070897 0.7288596 0.7070071 0.7301424 0.7061353 0.7299027 0.7061904 0.7289561 0.7078031 0.7303513 0.7071883 0.7317334 0.7064553 0.7313061 0.7070071 0.7301424 0.7085827 0.7305396 0.7079254 0.7321324 0.7071883 0.7317334 0.7078031 0.7303513 0.7093939 0.7307149 0.7086954 0.7325185 0.7079254 0.7321324 0.7085827 0.7305396 0.7183548 0.7267925 0.7176976 0.7251996 0.7184675 0.7248136 0.7191661 0.7266173 0.7175753 0.7269808 0.7169604 0.7255988 0.7176976 0.7251996 0.7183548 0.7267925 0.7167792 0.7271897 0.7162275 0.726026 0.7169604 0.7255988 0.7175753 0.7269808 0.7159075 0.7274294 0.7154664 0.7264707 0.7162275 0.726026 0.7167792 0.7271897 0.7149543 0.7276529 0.7146593 0.7268884 0.7154664 0.7264707 0.7159075 0.7274294 0.7140622 0.7278319 0.7138424 0.7272446 0.7146593 0.7268884 0.7149543 0.7276529 0.7051821 0.7296792 0.7048872 0.7304437 0.7040702 0.7300875 0.70429 0.7295002 0.7061353 0.7299027 0.7056942 0.7308614 0.7048872 0.7304437 0.7051821 0.7296792 0.7070071 0.7301424 0.7064553 0.7313061 0.7056942 0.7308614 0.7061353 0.7299027 0.7071883 0.7317334 0.7039971 0.7367089 0.7032694 0.7362432 0.7064553 0.7313061 0.7079254 0.7321324 0.7047315 0.737178 0.7039971 0.7367089 0.7071883 0.7317334 0.7086954 0.7325185 0.7054737 0.7376473 0.7047315 0.737178 0.7079254 0.7321324 0.7176976 0.7251996 0.7145037 0.7201541 0.7152459 0.7196848 0.7184675 0.7248136 0.7169604 0.7255988 0.7137693 0.7206231 0.7145037 0.7201541 0.7176976 0.7251996 0.7162275 0.726026 0.7130415 0.7210889 0.7137693 0.7206231 0.7169604 0.7255988 0.7154664 0.7264707 0.7123168 0.721549 0.7130415 0.7210889 0.7162275 0.726026 0.7146593 0.7268884 0.7115918 0.7220035 0.7123168 0.721549 0.7154664 0.7264707 0.7138424 0.7272446 0.7108567 0.7224617 0.7115918 0.7220035 0.7146593 0.7268884 0.7048872 0.7304437 0.7018197 0.7353287 0.7010846 0.7348705 0.7040702 0.7300875 0.7056942 0.7308614 0.7025446 0.7357831 0.7018197 0.7353287 0.7048872 0.7304437 0.7064553 0.7313061 0.7032694 0.7362432 0.7025446 0.7357831 0.7056942 0.7308614 0.6756183 0.7398568 0.6780739 0.7452206 0.6772888 0.7455407 0.674834 0.7402151 0.6764094 0.7394962 0.6788587 0.7449288 0.6780739 0.7452206 0.6756183 0.7398568 0.6772084 0.7391363 0.6796736 0.7446543 0.6788587 0.7449288 0.6764094 0.7394962 0.7151394 0.7393401 0.7127053 0.7447903 0.7118892 0.7445191 0.7143377 0.7389827 0.7159333 0.7396983 0.7134903 0.7450791 0.7127053 0.7447903 0.7151394 0.7393401 0.7167204 0.7400543 0.7142761 0.745397 0.7134903 0.7450791 0.7159333 0.7396983 0.7175038 0.7404051 0.7150934 0.7457284 0.7142761 0.745397 0.7167204 0.7400543 0.7182867 0.7407503 0.7159532 0.7460266 0.7150934 0.7457284 0.7175038 0.7404051 0.7190802 0.7410978 0.7168147 0.7462616 0.7159532 0.7460266 0.7182867 0.7407503 0.6732741 0.7409152 0.675615 0.7461718 0.6747612 0.7464052 0.6724842 0.7412645 0.6740537 0.7405681 0.6764729 0.7458738 0.675615 0.7461718 0.6732741 0.7409152 0.674834 0.7402151 0.6772888 0.7455407 0.6764729 0.7458738 0.6740537 0.7405681 0.6780739 0.7452206 0.67849 0.7466741 0.6776723 0.74677 0.6772888 0.7455407 0.6788587 0.7449288 0.6792879 0.746596 0.67849 0.7466741 0.6780739 0.7452206 0.6796736 0.7446543 0.6801149 0.7465348 0.6792879 0.746596 0.6788587 0.7449288 0.7127053 0.7447903 0.7122853 0.7464601 0.7114574 0.7463993 0.7118892 0.7445191 0.7134903 0.7450791 0.7130774 0.7465311 0.7122853 0.7464601 0.7127053 0.7447903 0.7142761 0.745397 0.7138947 0.7466267 0.7130774 0.7465311 0.7134903 0.7450791 0.7150934 0.7457284 0.7147927 0.7467414 0.7138947 0.7466267 0.7142761 0.745397 0.7159532 0.7460266 0.7157707 0.746827 0.7147927 0.7467414 0.7150934 0.7457284 0.7168147 0.7462616 0.716682 0.7468761 0.7157707 0.746827 0.7159532 0.7460266 0.675615 0.7461718 0.6757925 0.7469707 0.6748937 0.7470115 0.6747612 0.7464052 0.6764729 0.7458738 0.6767739 0.7468852 0.6757925 0.7469707 0.675615 0.7461718 0.6772888 0.7455407 0.6776723 0.74677 0.6767739 0.7468852 0.6764729 0.7458738 0.67849 0.7466741 0.6783867 0.7482575 0.6775768 0.7480542 0.6776723 0.74677 0.6792879 0.746596 0.6791639 0.748438 0.6783867 0.7482575 0.67849 0.7466741 0.6801149 0.7465348 0.6799529 0.7486196 0.6791639 0.748438 0.6792879 0.746596 0.7122853 0.7464601 0.7124001 0.7483042 0.7116123 0.7484865 0.7114574 0.7463993 0.7130774 0.7465311 0.7131814 0.7481147 0.7124001 0.7483042 0.7122853 0.7464601 0.7138947 0.7466267 0.7139917 0.7479109 0.7131814 0.7481147 0.7130774 0.7465311 0.7147927 0.7467414 0.7148717 0.7476888 0.7139917 0.7479109 0.7138947 0.7466267 0.7157707 0.746827 0.7158129 0.7474512 0.7148717 0.7476888 0.7147927 0.7467414 0.716682 0.7468761 0.7167017 0.7472885 0.7158129 0.7474512 0.7157707 0.746827 0.6757925 0.7469707 0.6757579 0.7475966 0.6748571 0.7474232 0.6748937 0.7470115 0.6767739 0.7468852 0.6766969 0.7478323 0.6757579 0.7475966 0.6757925 0.7469707 0.6776723 0.74677 0.6775768 0.7480542 0.6766969 0.7478323 0.6767739 0.7468852 0.6783867 0.7482575 0.6777756 0.7496412 0.6770379 0.7492234 0.6775768 0.7480542 0.6791639 0.748438 0.6785101 0.7500295 0.6777756 0.7496412 0.6783867 0.7482575 0.6799529 0.7486196 0.6792737 0.750406 0.6785101 0.7500295 0.6791639 0.748438 0.7124001 0.7483042 0.7130637 0.7498905 0.7123023 0.7502709 0.7116123 0.7484865 0.7131814 0.7481147 0.713797 0.7494988 0.7130637 0.7498905 0.7124001 0.7483042 0.7139917 0.7479109 0.714533 0.7490785 0.713797 0.7494988 0.7131814 0.7481147 0.7148717 0.7476888 0.7152996 0.748638 0.714533 0.7490785 0.7139917 0.7479109 0.7158129 0.7474512 0.7161046 0.7482198 0.7152996 0.748638 0.7148717 0.7476888 0.7167017 0.7472885 0.7169172 0.7478709 0.7161046 0.7482198 0.7158129 0.7474512 0.6757579 0.7475966 0.6754612 0.7483662 0.6746401 0.7480146 0.6748571 0.7474232 0.6766969 0.7478323 0.6762691 0.7487846 0.6754612 0.7483662 0.6757579 0.7475966 0.6775768 0.7480542 0.6770379 0.7492234 0.6762691 0.7487846 0.6766969 0.7478323 0.2837398 0.6075961 0.2870137 0.6152061 0.286221 0.6155063 0.2829098 0.6078323 0.2845683 0.60733 0.2878033 0.6149331 0.2870137 0.6152061 0.2837398 0.6075961 0.2853865 0.6070153 0.288621 0.6146786 0.2878033 0.6149331 0.2845683 0.60733 0.2845621 0.6053643 0.2878053 0.597774 0.288622 0.5980296 0.2853789 0.6056799 0.2837348 0.6050972 0.2870166 0.5975001 0.2878053 0.597774 0.2845621 0.6053643 0.2829061 0.60486 0.286225 0.597199 0.2870166 0.5975001 0.2837348 0.6050972 0.2820834 0.6046261 0.2854053 0.5968858 0.286225 0.597199 0.2829061 0.60486 0.2812723 0.6043682 0.2845528 0.5966038 0.2854053 0.5968858 0.2820834 0.6046261 0.2804674 0.6040608 0.2836979 0.5963908 0.2845528 0.5966038 0.2812723 0.6043682 0.2812736 0.6083221 0.2845439 0.6160966 0.28369 0.6163114 0.2804673 0.6086286 0.2820858 0.6080651 0.2853995 0.6158178 0.2845439 0.6160966 0.2812736 0.6083221 0.2829098 0.6078323 0.286221 0.6155063 0.2853995 0.6158178 0.2820858 0.6080651 0.2870137 0.6152061 0.2874047 0.616667 0.2865734 0.6167417 0.286221 0.6155063 0.2878033 0.6149331 0.2882014 0.6166099 0.2874047 0.616667 0.2870137 0.6152061 0.288621 0.6146786 0.2890101 0.6165546 0.2882014 0.6166099 0.2878033 0.6149331 0.2878053 0.597774 0.2882055 0.5960987 0.2890141 0.5961552 0.288622 0.5980296 0.2870166 0.5975001 0.2874091 0.5960411 0.2882055 0.5960987 0.2878053 0.597774 0.286225 0.597199 0.2865784 0.5959663 0.2874091 0.5960411 0.2870166 0.5975001 0.2854053 0.5968858 0.2856778 0.5958859 0.2865784 0.5959663 0.286225 0.597199 0.2845528 0.5966038 0.2847157 0.5958019 0.2856778 0.5958859 0.2854053 0.5968858 0.2836979 0.5963908 0.2838159 0.5957846 0.2847157 0.5958019 0.2845528 0.5966038 0.2845439 0.6160966 0.2847044 0.6168944 0.2838103 0.6169181 0.28369 0.6163114 0.2853995 0.6158178 0.2856702 0.6168235 0.2847044 0.6168944 0.2845439 0.6160966 0.286221 0.6155063 0.2865734 0.6167417 0.2856702 0.6168235 0.2853995 0.6158178 0.2874047 0.616667 0.28726 0.618245 0.2864689 0.6180221 0.2865734 0.6167417 0.2882014 0.6166099 0.2880351 0.6184478 0.28726 0.618245 0.2874047 0.616667 0.2890101 0.6165546 0.2888421 0.6186383 0.2880351 0.6184478 0.2882014 0.6166099 0.2882055 0.5960987 0.2880409 0.59426 0.2888487 0.5940701 0.2890141 0.5961552 0.2874091 0.5960411 0.287265 0.5944623 0.2880409 0.59426 0.2882055 0.5960987 0.2865784 0.5959663 0.2864729 0.5946854 0.287265 0.5944623 0.2874091 0.5960411 0.2856778 0.5958859 0.2856057 0.5949407 0.2864729 0.5946854 0.2865784 0.5959663 0.2847157 0.5958019 0.2846571 0.5951812 0.2856057 0.5949407 0.2856778 0.5958859 0.2838159 0.5957846 0.2837687 0.5953762 0.2846571 0.5951812 0.2847157 0.5958019 0.2847044 0.6168944 0.2846614 0.6175177 0.2837662 0.6173273 0.2838103 0.6169181 0.2856702 0.6168235 0.2856035 0.6177694 0.2846614 0.6175177 0.2847044 0.6168944 0.2865734 0.6167417 0.2864689 0.6180221 0.2856035 0.6177694 0.2856702 0.6168235 0.28726 0.618245 0.28662 0.6196133 0.2858964 0.6191728 0.2864689 0.6180221 0.2880351 0.6184478 0.2873485 0.6200258 0.28662 0.6196133 0.28726 0.618245 0.2888421 0.6186383 0.2881098 0.6204259 0.2873485 0.6200258 0.2880351 0.6184478 0.2880409 0.59426 0.2873551 0.5926795 0.2881178 0.5922796 0.2888487 0.5940701 0.287265 0.5944623 0.2866254 0.5930917 0.2873551 0.5926795 0.2880409 0.59426 0.2864729 0.5946854 0.2859004 0.593532 0.2866254 0.5930917 0.287265 0.5944623 0.2856057 0.5949407 0.2851476 0.5939902 0.2859004 0.593532 0.2864729 0.5946854 0.2846571 0.5951812 0.2843485 0.5944223 0.2851476 0.5939902 0.2856057 0.5949407 0.2837687 0.5953762 0.2835383 0.5947932 0.2843485 0.5944223 0.2846571 0.5951812 0.2846614 0.6175177 0.2843499 0.6182796 0.2835382 0.6179106 0.2837662 0.6173273 0.2856035 0.6177694 0.2851454 0.6187139 0.2843499 0.6182796 0.2846614 0.6175177 0.2864689 0.6180221 0.2858964 0.6191728 0.2851454 0.6187139 0.2856035 0.6177694 0.28662 0.6196133 0.2833399 0.6245194 0.2826222 0.6240406 0.2858964 0.6191728 0.2873485 0.6200258 0.2840639 0.6250016 0.2833399 0.6245194 0.28662 0.6196133 0.2881098 0.6204259 0.2847959 0.6254843 0.2840639 0.6250016 0.2873485 0.6200258 0.2873551 0.5926795 0.2840713 0.5876934 0.2848048 0.5872109 0.2881178 0.5922796 0.2866254 0.5930917 0.2833457 0.5881756 0.2840713 0.5876934 0.2873551 0.5926795 0.2859004 0.593532 0.2826266 0.5886543 0.2833457 0.5881756 0.2866254 0.5930917 0.2851476 0.5939902 0.2819104 0.5891273 0.2826266 0.5886543 0.2859004 0.593532 0.2843485 0.5944223 0.2811939 0.5895947 0.2819104 0.5891273 0.2851476 0.5939902 0.2835383 0.5947932 0.2804674 0.590066 0.2811939 0.5895947 0.2843485 0.5944223 0.2843499 0.6182796 0.2811925 0.6231001 0.2804673 0.6226288 0.2835382 0.6179106 0.2851454 0.6187139 0.2819076 0.6235674 0.2811925 0.6231001 0.2843499 0.6182796 0.2858964 0.6191728 0.2826222 0.6240406 0.2819076 0.6235674 0.2851454 0.6187139 0.6770379 0.7492234 0.6747857 0.7527487 0.6740074 0.7523904 0.6762691 0.7487846 0.6762691 0.7487846 0.6740074 0.7523904 0.6732399 0.7520146 0.6754612 0.7483662 0.6754612 0.7483662 0.6732399 0.7520146 0.6724842 0.7515935 0.6746401 0.7480146 0.7169172 0.7478709 0.7190802 0.7514249 0.7183296 0.7518477 0.7161046 0.7482198 0.7161046 0.7482198 0.7183296 0.7518477 0.7175668 0.7522257 0.7152996 0.748638 0.7152996 0.748638 0.7175668 0.7522257 0.7167928 0.7525867 0.714533 0.7490785 0.714533 0.7490785 0.7167928 0.7525867 0.7160165 0.7529546 0.713797 0.7494988 0.713797 0.7494988 0.7160165 0.7529546 0.7152472 0.7533506 0.7130637 0.7498905 0.7130637 0.7498905 0.7152472 0.7533506 0.7144938 0.7537891 0.7123023 0.7502709 0.6792737 0.750406 0.6770959 0.753942 0.6763389 0.7535065 0.6785101 0.7500295 0.6785101 0.7500295 0.6763389 0.7535065 0.6755659 0.7531136 0.6777756 0.7496412 0.6777756 0.7496412 0.6755659 0.7531136 0.6747857 0.7527487 0.6770379 0.7492234 0.676935 0.7653969 0.6747371 0.7687012 0.673976 0.7683283 0.6761812 0.7649455 0.6761812 0.7649455 0.673976 0.7683283 0.6732246 0.7679405 0.675382 0.7645188 0.675382 0.7645188 0.6732246 0.7679405 0.6724842 0.7675107 0.6745743 0.7641631 0.6942231 0.7610632 0.6921315 0.7576991 0.6928755 0.7572691 0.6950311 0.760706 0.6950311 0.760706 0.6928755 0.7572691 0.6936306 0.7568814 0.6958306 0.7602792 0.6958306 0.7602792 0.6936306 0.7568814 0.6943957 0.7565088 0.6965909 0.7598307 0.6965909 0.7598307 0.6943957 0.7565088 0.6951624 0.7561292 0.6973198 0.7594034 0.6973198 0.7594034 0.6951624 0.7561292 0.6959225 0.7557228 0.6980451 0.7590053 0.6980451 0.7590053 0.6959225 0.7557228 0.6966677 0.7552765 0.6987991 0.7586179 0.6791297 0.7666164 0.6769954 0.7699359 0.6762549 0.7694888 0.6783804 0.766227 0.6783804 0.766227 0.6762549 0.7694888 0.6754994 0.7690816 0.6776593 0.7658268 0.6776593 0.7658268 0.6754994 0.7690816 0.6747371 0.7687012 0.676935 0.7653969 0.6769105 0.7813763 0.6747436 0.7846249 0.6739802 0.7842494 0.6761519 0.7809247 0.6761519 0.7809247 0.6739802 0.7842494 0.6732266 0.7838589 0.6753539 0.7804945 0.6753539 0.7804945 0.6732266 0.7838589 0.6724842 0.7834264 0.6745473 0.780134 0.6942208 0.7769854 0.69216 0.7737162 0.6928972 0.773284 0.6950268 0.776627 0.6950268 0.776627 0.6928972 0.773284 0.6936455 0.7728934 0.6958248 0.7761971 0.6958248 0.7761971 0.6936455 0.7728934 0.6944032 0.7725174 0.6965765 0.7757422 0.6965765 0.7757422 0.6944032 0.7725174 0.6951617 0.7721335 0.6972956 0.775308 0.6972956 0.775308 0.6951617 0.7721335 0.695913 0.7717226 0.6980134 0.7749027 0.6980134 0.7749027 0.695913 0.7717226 0.6966491 0.771272 0.6987581 0.7745082 0.6791133 0.7825977 0.6770099 0.7858664 0.6762667 0.7854171 0.6783611 0.7822073 0.6783611 0.7822073 0.6762667 0.7854171 0.6755085 0.7850077 0.6776376 0.7818064 0.6776376 0.7818064 0.6755085 0.7850077 0.6747436 0.7846249 0.6769105 0.7813763 0.7860038 0.7482243 0.783946 0.7512007 0.7831892 0.7508137 0.7852518 0.7477609 0.7852518 0.7477609 0.7831892 0.7508137 0.7824416 0.7504128 0.7844597 0.7473179 0.7844597 0.7473179 0.7824416 0.7504128 0.7817053 0.7499706 0.7836586 0.7469446 0.7836566 0.7252205 0.7817054 0.722186 0.7824437 0.7217444 0.7844569 0.7248458 0.7844569 0.7248458 0.7824437 0.7217444 0.7831933 0.7213443 0.7852529 0.7244057 0.7852529 0.7244057 0.7831933 0.7213443 0.7839523 0.7209583 0.7860074 0.7239439 0.7860074 0.7239439 0.7839523 0.7209583 0.784712 0.7205644 0.7867292 0.7235038 0.7867292 0.7235038 0.784712 0.7205644 0.7854646 0.7201442 0.7874472 0.7230933 0.7874472 0.7230933 0.7854646 0.7201442 0.7862021 0.7196848 0.7881937 0.7226926 0.788185 0.7494784 0.7861894 0.7524774 0.785454 0.752017 0.7874401 0.7490766 0.7874401 0.7490766 0.785454 0.752017 0.7847036 0.7515957 0.7867238 0.7486652 0.7867238 0.7486652 0.7847036 0.7515957 0.783946 0.7512007 0.7860038 0.7482243 0.8059216 0.7673161 0.8061455 0.7681488 0.8050753 0.768795 0.8046718 0.7673428 0.117003 0.808568 0.1176135 0.80796 0.1187047 0.80857 0.1176369 0.8096455 0.6085036 0.8073439 0.6091144 0.8067349 0.6101847 0.807381 0.609117 0.8084332 0.7626274 0.803492 0.7624031 0.8026588 0.7634971 0.8020536 0.7638773 0.8035198 0.8061455 0.7681488 0.8067564 0.7687578 0.8061429 0.7698471 0.8050753 0.768795 0.1161698 0.8087918 0.117003 0.808568 0.1176369 0.8096455 0.1161736 0.810042 0.6091144 0.8067349 0.6093383 0.8059023 0.6105882 0.8059288 0.6101847 0.807381 0.8067564 0.7687578 0.8075895 0.7689818 0.8075857 0.770232 0.8061429 0.7698471 0.1225073 0.808568 0.1233404 0.8087919 0.1233367 0.8100421 0.1218733 0.8096455 0.6093383 0.8059023 0.6091141 0.8050698 0.6102073 0.8044633 0.6105882 0.8059288 0.2642291 0.8027911 0.2633959 0.8030152 0.2627825 0.8019258 0.2642252 0.8015409 0.1218967 0.8079601 0.1225073 0.808568 0.1218733 0.8096455 0.1208055 0.8085701 0.1010867 0.8079614 0.1013107 0.8071301 0.1025607 0.8071063 0.1021786 0.8085703 0.6091141 0.8050698 0.6085034 0.8044607 0.60914 0.8033848 0.6102073 0.8044633 0.2633959 0.8030152 0.262785 0.8036241 0.2617148 0.8029779 0.2627825 0.8019258 0.1216728 0.8071293 0.1218967 0.8079601 0.1208055 0.8085701 0.1204228 0.8071067 0.1004761 0.8085697 0.1010867 0.8079614 0.1021786 0.8085703 0.1011109 0.8096467 0.6085034 0.8044607 0.6076704 0.8042359 0.6076755 0.8029857 0.60914 0.8033848 0.262785 0.8036241 0.2625612 0.8044568 0.2613112 0.8044302 0.2617148 0.8029779 0.09964305 0.8087939 0.1004761 0.8085697 0.1011109 0.8096467 0.09964716 0.810044 0.5991207 0.807568 0.5999537 0.8073432 0.6005904 0.8084191 0.5991258 0.8088182 0.2625612 0.8044568 0.2627854 0.8052895 0.2616921 0.8058957 0.2613112 0.8044302 0.1047291 0.8056912 0.103896 0.805467 0.1039001 0.8042169 0.1053639 0.8046141 0.5999537 0.8073432 0.6005644 0.8067342 0.6016576 0.8073405 0.6005904 0.8084191 0.2528392 0.8069244 0.2530632 0.806093 0.2543131 0.8060691 0.2539311 0.8075332 0.2627854 0.8052895 0.2633961 0.8058986 0.2627593 0.8069744 0.2616921 0.8058957 0.1053397 0.8062994 0.1047291 0.8056912 0.1053639 0.8046141 0.1064316 0.8056905 0.6005644 0.8067342 0.6007886 0.8059016 0.6020385 0.8058751 0.6016576 0.8073405 0.2522286 0.8075326 0.2528392 0.8069244 0.2539311 0.8075332 0.2528634 0.8086096 0.2633961 0.8058986 0.2642291 0.8061234 0.2642239 0.8073735 0.2627593 0.8069744 0.1055638 0.8071308 0.1053397 0.8062994 0.1064316 0.8056905 0.1068137 0.8071545 0.2513955 0.8077568 0.2522286 0.8075326 0.2528634 0.8086096 0.2513996 0.8090069 0.8075895 0.7656496 0.8067566 0.7658744 0.8061198 0.7647985 0.8075844 0.7643994 0.10534 0.8079622 0.1055638 0.8071308 0.1068137 0.8071545 0.1064112 0.8086067 0.2479755 0.804654 0.2471424 0.8044298 0.2471466 0.8031797 0.2486103 0.803577 0.8067566 0.7658744 0.8061459 0.7664835 0.8050525 0.7658772 0.8061198 0.7647985 0.8016301 0.8068184 0.8018539 0.8059864 0.8031038 0.8060115 0.8027009 0.8074637 0.1047293 0.8085703 0.10534 0.8079622 0.1064112 0.8086067 0.1053433 0.8096593 0.2485861 0.8052623 0.2479755 0.804654 0.2486103 0.803577 0.249678 0.8046534 0.8061459 0.7664835 0.8059216 0.7673161 0.8046718 0.7673428 0.8050525 0.7658772 0.8010193 0.8074269 0.8016301 0.8068184 0.8027009 0.8074637 0.8016331 0.808516 0.103896 0.8087939 0.1047293 0.8085703 0.1053433 0.8096593 0.1038991 0.8100441 0.2488101 0.8060936 0.2485861 0.8052623 0.249678 0.8046534 0.2500601 0.8061175 0.8001861 0.8076507 0.8010193 0.8074269 0.8016331 0.808516 0.8001896 0.8089008 0.1004763 0.8056905 0.09964305 0.805467 0.09964609 0.8042168 0.1010903 0.8046015 0.2485864 0.8069251 0.2488101 0.8060936 0.2500601 0.8061175 0.2496576 0.8075696 0.6876758 0.8045815 0.6868426 0.8043577 0.6868461 0.8031075 0.6882896 0.8034923 0.101087 0.8062987 0.1004763 0.8056905 0.1010903 0.8046015 0.1021582 0.8056541 0.620432 0.8067332 0.6206558 0.8059011 0.6219057 0.8059265 0.6215026 0.8073786 0.2479757 0.8075333 0.2485864 0.8069251 0.2496576 0.8075696 0.2485897 0.8086223 0.6882867 0.80519 0.6876758 0.8045815 0.6882896 0.8034923 0.6893574 0.8045447 0.1013107 0.8071301 0.101087 0.8062987 0.1021582 0.8056541 0.1025607 0.8071063 0.6198212 0.8073418 0.620432 0.8067332 0.6215026 0.8073786 0.6204349 0.808431 0.2471424 0.8077568 0.2479757 0.8075333 0.2485897 0.8086223 0.2471455 0.809007 0.6885105 0.806022 0.6882867 0.80519 0.6893574 0.8045447 0.6897604 0.8059968 0.618988 0.8075656 0.6198212 0.8073418 0.6204349 0.808431 0.6189914 0.8088158 0.2522287 0.8046534 0.2513955 0.8044298 0.2513986 0.8031796 0.2528427 0.8035644 0.6882864 0.806854 0.6885105 0.806022 0.6897604 0.8059968 0.6893789 0.8074616 0.6155682 0.8044597 0.6147349 0.8042359 0.6147384 0.8029857 0.6161819 0.8033705 0.2528395 0.8052615 0.2522287 0.8046534 0.2528427 0.8035644 0.2539107 0.804617 0.1535179 0.8083782 0.1537415 0.8075473 0.1549915 0.8075698 0.1545895 0.809022 0.6876757 0.8074626 0.6882864 0.806854 0.6893789 0.8074616 0.6883114 0.808539 0.6161789 0.8050683 0.6155682 0.8044597 0.6161819 0.8033705 0.6172496 0.8044229 0.2530632 0.806093 0.2528395 0.8052615 0.2539107 0.804617 0.2543131 0.8060691 0.1529072 0.808986 0.1535179 0.8083782 0.1545895 0.809022 0.1535215 0.8100749 0.6868426 0.8076871 0.6876757 0.8074626 0.6883114 0.808539 0.6868472 0.8089373 0.6164028 0.8059003 0.6161789 0.8050683 0.6172496 0.8044229 0.6176527 0.8058751 0.1520739 0.8092094 0.1529072 0.808986 0.1535215 0.8100749 0.1520767 0.8104595 0.8010191 0.8045458 0.8001861 0.8043213 0.8001907 0.8030711 0.8016549 0.8034693 0.6161786 0.8067324 0.6164028 0.8059003 0.6176527 0.8058751 0.6172713 0.8073399 0.8081751 0.7871586 0.8073418 0.7869353 0.8073446 0.7856851 0.8087894 0.7860698 0.8016298 0.8051544 0.8010191 0.8045458 0.8016549 0.8034693 0.8027223 0.8045467 0.1304023 0.8062983 0.1301786 0.8071293 0.1289287 0.8071066 0.1293307 0.8056545 0.2372357 0.8030087 0.2370117 0.8021755 0.2380815 0.8015286 0.2384855 0.8029809 0.615568 0.807341 0.6161786 0.8067324 0.6172713 0.8073399 0.6162038 0.8084174 0.8087857 0.7877664 0.8081751 0.7871586 0.8087894 0.7860698 0.8098574 0.7871227 0.8018539 0.8059864 0.8016298 0.8051544 0.8027223 0.8045467 0.8031038 0.8060115 0.131013 0.8056905 0.1304023 0.8062983 0.1293307 0.8056545 0.1303988 0.8046016 0.2370117 0.8021755 0.2364009 0.8015661 0.2370141 0.8004767 0.2380815 0.8015286 0.614735 0.8075656 0.615568 0.807341 0.6162038 0.8084174 0.6147396 0.8088157 0.8090094 0.7885973 0.8087857 0.7877664 0.8098574 0.7871227 0.8102594 0.7885748 0.1318463 0.8054671 0.131013 0.8056905 0.1303988 0.8046016 0.1318435 0.8042169 0.2364009 0.8015661 0.2355676 0.8013418 0.2355719 0.8000916 0.2370141 0.8004767 0.619821 0.8044605 0.618988 0.8042359 0.6189926 0.8029858 0.6204568 0.8033841 0.8087855 0.7894281 0.8090094 0.7885973 0.8102594 0.7885748 0.8098767 0.7900382 0.1395189 0.8085687 0.1403522 0.808792 0.1403494 0.8100422 0.1389046 0.8096575 0.2313144 0.8046766 0.2321476 0.8044523 0.2327608 0.8055417 0.2313187 0.8059267 0.6204317 0.8050692 0.619821 0.8044605 0.6204568 0.8033841 0.6215243 0.8044616 0.7081447 0.8058716 0.7079209 0.8050389 0.7089911 0.8043927 0.7093946 0.805845 0.8081749 0.790036 0.8087855 0.7894281 0.8098767 0.7900382 0.8088089 0.7911135 0.1389083 0.8079608 0.1395189 0.8085687 0.1389046 0.8096575 0.1378366 0.8086047 0.2321476 0.8044523 0.2327585 0.8038429 0.2338283 0.8044898 0.2327608 0.8055417 0.6206558 0.8059011 0.6204317 0.8050692 0.6215243 0.8044616 0.6219057 0.8059265 0.7079209 0.8050389 0.70731 0.80443 0.7079234 0.8033406 0.7089911 0.8043927 0.8073418 0.7902598 0.8081749 0.790036 0.8088089 0.7911135 0.8073455 0.79151 0.1386845 0.8071299 0.1389083 0.8079608 0.1378366 0.8086047 0.1374346 0.8071525 0.3050516 0.7127652 0.3050516 0.5873197 0.3059075 0.5874285 0.3059075 0.7126564 0.3041924 0.7128448 0.3041924 0.58724 0.3050516 0.5873197 0.3050516 0.7127652 0.30333 0.7128739 0.30333 0.5872109 0.3041924 0.58724 0.3041924 0.7128448 0.3011323 0.7128448 0.3011323 0.58724 0.3019947 0.5872109 0.3019947 0.7128739 0.3002732 0.7127652 0.3002732 0.5873197 0.3011323 0.58724 0.3011323 0.7128448 0.2994172 0.7126564 0.2994172 0.5874285 0.3002732 0.5873197 0.3002732 0.7127652 0.2985612 0.7125476 0.2985612 0.5875372 0.2994172 0.5874285 0.2994172 0.7126564 0.2977021 0.712468 0.2977021 0.5876169 0.2985612 0.5875372 0.2985612 0.7125476 0.2968397 0.7124388 0.2968397 0.5876461 0.2977021 0.5876169 0.2977021 0.712468 0.3076226 0.712468 0.3076226 0.5876169 0.308485 0.587646 0.308485 0.7124388 0.3067635 0.7125476 0.3067635 0.5875372 0.3076226 0.5876169 0.3076226 0.712468 0.3059075 0.7126564 0.3059075 0.5874285 0.3067635 0.5875372 0.3067635 0.7125476 0.2705722 0.7132396 0.2705722 0.5872994 0.2714281 0.5873874 0.2714281 0.7131465 0.269713 0.7133077 0.269713 0.5872349 0.2705722 0.5872994 0.2705722 0.7132396 0.2688507 0.7133327 0.2688507 0.5872113 0.269713 0.5872349 0.269713 0.7133077 0.3335838 0.7133074 0.3335838 0.5872345 0.3344462 0.587211 0.3344462 0.7133323 0.3327247 0.7132392 0.3327247 0.587299 0.3335838 0.5872345 0.3335838 0.7133074 0.3318687 0.7131461 0.3318687 0.587387 0.3327247 0.587299 0.3327247 0.7132392 0.3310127 0.713053 0.3310127 0.5874751 0.3318687 0.587387 0.3318687 0.7131461 0.3301536 0.7129849 0.3301536 0.5875396 0.3310127 0.5874751 0.3310127 0.713053 0.3292912 0.7129599 0.3292912 0.5875632 0.3301536 0.5875396 0.3301536 0.7129849 0.2731432 0.7129852 0.2731432 0.5875399 0.2740056 0.5875635 0.2740056 0.7129603 0.2722841 0.7130534 0.2722841 0.5874754 0.2731432 0.5875399 0.2731432 0.7129852 0.2714281 0.7131465 0.2714281 0.5873874 0.2722841 0.5874754 0.2722841 0.7130534 0.244611 0.713598 0.244611 0.5872997 0.2454669 0.587388 0.2454669 0.7135047 0.2437518 0.7136662 0.2437518 0.5872349 0.244611 0.5872997 0.244611 0.713598 0.2428894 0.7136912 0.2428894 0.5872113 0.2437518 0.5872349 0.2437518 0.7136662 0.2601627 0.7136662 0.2601627 0.5872349 0.261025 0.5872113 0.261025 0.7136912 0.2593035 0.713598 0.2593035 0.5872997 0.2601627 0.5872349 0.2601627 0.7136662 0.2584475 0.7135047 0.2584475 0.587388 0.2593035 0.5872997 0.2593035 0.713598 0.2575916 0.7134115 0.2575916 0.5874764 0.2584475 0.587388 0.2584475 0.7135047 0.2567324 0.7133433 0.2567324 0.5875411 0.2575916 0.5874764 0.2575916 0.7134115 0.2558701 0.7133183 0.2558701 0.5875648 0.2567324 0.5875411 0.2567324 0.7133433 0.247182 0.7133433 0.247182 0.5875411 0.2480444 0.5875648 0.2480444 0.7133183 0.2463229 0.7134115 0.2463229 0.5874764 0.247182 0.5875411 0.247182 0.7133433 0.2454669 0.7135047 0.2454669 0.587388 0.2463229 0.5874764 0.2463229 0.7134115 0.2186498 0.713997 0.2186498 0.5873001 0.2195057 0.5873889 0.2195057 0.7139037 0.2177906 0.7140653 0.2177906 0.5872351 0.2186498 0.5873001 0.2186498 0.713997 0.2169283 0.7140903 0.2169283 0.5872113 0.2177906 0.5872351 0.2177906 0.7140653 0.2277112 0.7140653 0.2277112 0.5872351 0.2285735 0.5872113 0.2285735 0.7140903 0.2268519 0.713997 0.2268519 0.5873001 0.2277112 0.5872351 0.2277112 0.7140653 0.225996 0.7139037 0.225996 0.5873889 0.2268519 0.5873001 0.2268519 0.713997 0.22514 0.7138104 0.22514 0.5874777 0.225996 0.5873889 0.225996 0.7139037 0.2242809 0.7137421 0.2242809 0.5875427 0.22514 0.5874777 0.22514 0.7138104 0.2234185 0.7137171 0.2234185 0.5875665 0.2242809 0.5875427 0.2242809 0.7137421 0.2212208 0.713742 0.2212208 0.5875427 0.2220832 0.5875665 0.2220832 0.7137171 0.2203617 0.7138104 0.2203617 0.5874777 0.2212208 0.5875427 0.2212208 0.713742 0.2195057 0.7139037 0.2195057 0.5873889 0.2203617 0.5874777 0.2203617 0.7138104 0.7056295 0.7392002 0.705577 0.7558691 0.7040734 0.7559779 0.7041187 0.739309 0.7041187 0.739309 0.7040734 0.7559779 0.7025769 0.7560575 0.7026028 0.7393887 0.7026028 0.7393887 0.7025769 0.7560575 0.7010845 0.7560867 0.7010845 0.7394178 0.6814503 0.7558035 0.6814503 0.7391346 0.6829426 0.7391638 0.6829686 0.7558327 0.6829686 0.7558327 0.6829426 0.7391638 0.6844392 0.7392435 0.6844845 0.7559124 0.6844845 0.7559124 0.6844392 0.7392435 0.6859427 0.7393522 0.6859952 0.7560212 0.6859952 0.7560212 0.6859427 0.7393522 0.6874535 0.739461 0.6874988 0.7561299 0.6874988 0.7561299 0.6874535 0.739461 0.6889694 0.7395406 0.6889953 0.7562096 0.6889953 0.7562096 0.6889694 0.7395406 0.6904878 0.7395699 0.6904878 0.7562387 0.7101219 0.7389826 0.7101219 0.7556515 0.7086037 0.7556806 0.7086296 0.7390118 0.7086296 0.7390118 0.7086037 0.7556806 0.7070878 0.7557603 0.707133 0.7390914 0.707133 0.7390914 0.7070878 0.7557603 0.705577 0.7558691 0.7056295 0.7392002 0.7654532 0.7549933 0.7655007 0.7383104 0.7670047 0.7382173 0.7669638 0.7548896 0.7669638 0.7548896 0.7670047 0.7382173 0.7685027 0.7381491 0.7684792 0.7548136 0.7684792 0.7548136 0.7685027 0.7381491 0.769997 0.7381242 0.769997 0.7547858 0.1906597 0.7655965 0.1906597 0.7489349 0.192154 0.7489598 0.1921774 0.7656243 0.1921774 0.7656243 0.192154 0.7489598 0.193652 0.749028 0.1936929 0.7657002 0.1936929 0.7657002 0.193652 0.749028 0.195156 0.7491211 0.1952035 0.7658039 0.1952035 0.7658039 0.195156 0.7491211 0.1966662 0.7492142 0.1967071 0.7659077 0.1967071 0.7659077 0.1966662 0.7492142 0.1981807 0.7492823 0.1982042 0.7659836 0.1982042 0.7659836 0.1981807 0.7492823 0.1996973 0.7493073 0.1996972 0.7660114 0.7609595 0.7552007 0.7609595 0.7384966 0.762476 0.7384716 0.7624525 0.7551729 0.7624525 0.7551729 0.762476 0.7384716 0.7639905 0.7384035 0.7639495 0.755097 0.7639495 0.755097 0.7639905 0.7384035 0.7655007 0.7383104 0.7654532 0.7549933 0.7654531 0.7733833 0.7655007 0.7567226 0.7670047 0.7566294 0.7669637 0.7732795 0.7669637 0.7732795 0.7670047 0.7566294 0.7685026 0.7565611 0.7684792 0.7732034 0.7684792 0.7732034 0.7685026 0.7565611 0.769997 0.7565361 0.7699969 0.7731757 0.2169283 0.770183 0.2169283 0.7535436 0.2184225 0.7535685 0.218446 0.7702109 0.218446 0.7702109 0.2184225 0.7535685 0.2199205 0.7536368 0.2199615 0.7702869 0.2199615 0.7702869 0.2199205 0.7536368 0.2214245 0.75373 0.221472 0.7703907 0.221472 0.7703907 0.2214245 0.75373 0.2229347 0.7538232 0.2229757 0.7704945 0.2229757 0.7704945 0.2229347 0.7538232 0.2244493 0.7538915 0.2244727 0.7705705 0.2244727 0.7705705 0.2244493 0.7538915 0.2259658 0.7539165 0.2259657 0.7705983 0.7609594 0.7735909 0.7609594 0.7569091 0.7624759 0.7568841 0.7624524 0.7735631 0.7624524 0.7735631 0.7624759 0.7568841 0.7639905 0.7568159 0.7639494 0.7734871 0.7639494 0.7734871 0.7639905 0.7568159 0.7655007 0.7567226 0.7654531 0.7733833 0.2055765 0.7305403 0.2055289 0.7474129 0.2040249 0.7475062 0.2040659 0.7306445 0.2040659 0.7306445 0.2040249 0.7475062 0.2025269 0.7475745 0.2025504 0.7307208 0.2025504 0.7307208 0.2025269 0.7475745 0.2010326 0.7475995 0.2010326 0.7307487 0.1906597 0.7471827 0.1906597 0.7303319 0.192154 0.7303569 0.1921775 0.7472106 0.1921775 0.7472106 0.192154 0.7303569 0.1936519 0.7304252 0.193693 0.7472869 0.193693 0.7472869 0.1936519 0.7304252 0.1951559 0.7305186 0.1952036 0.7473911 0.1952036 0.7473911 0.1951559 0.7305186 0.1966661 0.7306119 0.1967073 0.7474952 0.1967073 0.7474952 0.1966661 0.7306119 0.1981807 0.7306802 0.1982042 0.7475715 0.1982042 0.7475715 0.1981807 0.7306802 0.1996973 0.7307052 0.1996972 0.7475994 0.2100701 0.730332 0.2100701 0.7472262 0.2085536 0.7472512 0.2085772 0.7303599 0.2085772 0.7303599 0.2085536 0.7472512 0.2070391 0.7473195 0.2070803 0.7304362 0.2070803 0.7304362 0.2070391 0.7473195 0.2055289 0.7474129 0.2055765 0.7305403 0.725174 0.7558652 0.7251215 0.7391963 0.7266323 0.739305 0.7266775 0.7559739 0.7266775 0.7559739 0.7266323 0.739305 0.7281482 0.7393847 0.7281741 0.7560536 0.7281741 0.7560536 0.7281482 0.7393847 0.7296665 0.7394138 0.7296665 0.7560827 0.6618428 0.756241 0.6618428 0.7395721 0.6633611 0.739543 0.6633352 0.7562119 0.6633352 0.7562119 0.6633611 0.739543 0.6648771 0.7394633 0.6648318 0.7561323 0.6648318 0.7561323 0.6648771 0.7394633 0.6663878 0.7393546 0.6663354 0.7560235 0.6663354 0.7560235 0.6663878 0.7393546 0.6678913 0.7392458 0.6678461 0.7559147 0.6678461 0.7559147 0.6678913 0.7392458 0.6693879 0.7391661 0.669362 0.755835 0.669362 0.755835 0.6693879 0.7391661 0.6708803 0.7391369 0.6708803 0.7558059 0.720629 0.7556475 0.720629 0.7389786 0.7221214 0.7390078 0.7221473 0.7556767 0.7221473 0.7556767 0.7221214 0.7390078 0.723618 0.7390875 0.7236632 0.7557564 0.7236632 0.7557564 0.723618 0.7390875 0.7251215 0.7391963 0.725174 0.7558652 0.7251265 0.7575942 0.7251715 0.7740545 0.7236611 0.7739561 0.7236223 0.7575062 0.7236223 0.7575062 0.7236611 0.7739561 0.7221461 0.7738841 0.722124 0.7574417 0.722124 0.7574417 0.7221461 0.7738841 0.720629 0.7738577 0.720629 0.7574181 0.6618429 0.7744095 0.6618429 0.7579699 0.66336 0.7579435 0.6633378 0.7743859 0.6633378 0.7743859 0.66336 0.7579435 0.664875 0.7578715 0.6648362 0.7743214 0.6648362 0.7743214 0.664875 0.7578715 0.6663854 0.7577731 0.6663404 0.7742334 0.6663404 0.7742334 0.6663854 0.7577731 0.6678893 0.7576748 0.6678504 0.7741453 0.6678504 0.7741453 0.6678893 0.7576748 0.6693868 0.7576027 0.6693645 0.7740808 0.6693645 0.7740808 0.6693868 0.7576027 0.6708804 0.7575764 0.6708804 0.7740572 0.7296666 0.7577704 0.7296665 0.7742512 0.7281728 0.7742249 0.7281507 0.7577468 0.7281507 0.7577468 0.7281728 0.7742249 0.7266754 0.7741529 0.7266366 0.7576823 0.7266366 0.7576823 0.7266754 0.7741529 0.7251715 0.7740545 0.7251265 0.7575942 0.7758298 0.7198616 0.775875 0.7363184 0.7743645 0.7362196 0.7743257 0.7197732 0.7743257 0.7197732 0.7743645 0.7362196 0.7728495 0.7361474 0.7728273 0.7197085 0.7728273 0.7197085 0.7728495 0.7361474 0.7713324 0.7361209 0.7713324 0.7196848 0.7713323 0.7549552 0.7713323 0.738519 0.7728495 0.7384926 0.7728272 0.7549315 0.7728272 0.7549315 0.7728495 0.7384926 0.7743645 0.7384203 0.7743256 0.7548668 0.7743256 0.7548668 0.7743645 0.7384203 0.775875 0.7383216 0.7758297 0.7547784 0.7758297 0.7547784 0.775875 0.7383216 0.7773788 0.7382229 0.7773398 0.75469 0.7773398 0.75469 0.7773788 0.7382229 0.7788763 0.7381507 0.778854 0.7546253 0.778854 0.7546253 0.7788763 0.7381507 0.7803699 0.7381242 0.7803699 0.7546016 0.7803699 0.7200384 0.7803699 0.7365158 0.7788763 0.7364893 0.778854 0.7200146 0.778854 0.7200146 0.7788763 0.7364893 0.7773788 0.7364171 0.7773399 0.71995 0.7773399 0.71995 0.7773788 0.7364171 0.775875 0.7363184 0.7758298 0.7198616 0.2214255 0.7721113 0.2214709 0.7884134 0.2199605 0.7883144 0.2199214 0.7720225 0.2199214 0.7720225 0.2199605 0.7883144 0.2184454 0.788242 0.2184231 0.7719575 0.2184231 0.7719575 0.2184454 0.788242 0.2169283 0.7882155 0.2169283 0.7719337 0.2065553 0.7886112 0.2065553 0.7723294 0.2080725 0.7723029 0.2080501 0.7885874 0.2080501 0.7885874 0.2080725 0.7723029 0.2095876 0.7722305 0.2095485 0.7885224 0.2095485 0.7885224 0.2095876 0.7722305 0.211098 0.7721316 0.2110526 0.7884336 0.2110526 0.7884336 0.211098 0.7721316 0.2126019 0.7720326 0.2125627 0.7883448 0.2125627 0.7883448 0.2126019 0.7720326 0.2140992 0.7719602 0.2140769 0.7882798 0.2140769 0.7882798 0.2140992 0.7719602 0.2155929 0.7719337 0.2155929 0.788256 0.2259658 0.7722889 0.2259657 0.7886112 0.2244722 0.7885847 0.2244498 0.7722651 0.2244498 0.7722651 0.2244722 0.7885847 0.2229747 0.7885123 0.2229356 0.7722001 0.2229356 0.7722001 0.2229747 0.7885123 0.2214709 0.7884134 0.2214255 0.7721113 0.7624031 0.8026588 0.7617924 0.8020493 0.76243 0.800974 0.7634971 0.8020536 0.6076704 0.8075679 0.6085036 0.8073439 0.609117 0.8084332 0.6076742 0.8088181 0.1176135 0.80796 0.1178375 0.8071292 0.1190874 0.8071066 0.1187047 0.80857 0.7617924 0.8020493 0.7609594 0.8018242 0.760965 0.800574 0.76243 0.800974 0.5999539 0.80446 0.5991207 0.8042359 0.5991245 0.8029858 0.6005674 0.8033707 0.1178375 0.8071292 0.1176137 0.8062983 0.1186854 0.8056545 0.1190874 0.8071066 0.7843756 0.8049631 0.7852085 0.8047379 0.7858461 0.8058133 0.7843812 0.8062133 0.6005647 0.8050689 0.5999539 0.80446 0.6005674 0.8033707 0.601635 0.8044228 0.6539209 0.805901 0.6536967 0.805069 0.6547893 0.8044615 0.6551708 0.8059263 0.1176137 0.8062983 0.1170031 0.8056904 0.1176174 0.8046016 0.1186854 0.8056545 0.7852085 0.8047379 0.7858193 0.8041285 0.7869132 0.8047336 0.7858461 0.8058133 0.6007886 0.8059016 0.6005647 0.8050689 0.601635 0.8044228 0.6020385 0.8058751 0.6536967 0.805069 0.6530861 0.8044604 0.6537219 0.803384 0.6547893 0.8044615 0.1170031 0.8056904 0.1161698 0.8054671 0.1161726 0.8042169 0.1176174 0.8046016 0.7858193 0.8041285 0.7860436 0.8032953 0.7872934 0.8032674 0.7869132 0.8047336 0.6530861 0.8044604 0.652253 0.8042359 0.6522577 0.8029857 0.6537219 0.803384 0.1233404 0.8054672 0.1225071 0.8056905 0.1218928 0.8046017 0.1233376 0.804217 0.7860436 0.8032953 0.7858197 0.802462 0.7868894 0.8018151 0.7872934 0.8032674 0.6452589 0.8042359 0.6444259 0.8044604 0.6437901 0.803384 0.6452543 0.8029858 0.1225071 0.8056905 0.1218965 0.8062983 0.1208248 0.8056545 0.1218928 0.8046017 0.7244252 0.8038363 0.724201 0.8030031 0.7252949 0.802398 0.7256751 0.8038641 0.7858197 0.802462 0.7852087 0.8018527 0.7858219 0.8007633 0.7868894 0.8018151 0.6444259 0.8044604 0.6438152 0.8050691 0.6427226 0.8044615 0.6437901 0.803384 0.1218965 0.8062983 0.1216728 0.8071293 0.1204228 0.8071067 0.1208248 0.8056545 0.724201 0.8030031 0.7235901 0.8023937 0.7242278 0.8013183 0.7252949 0.802398 0.7852087 0.8018527 0.7843756 0.8016284 0.7843798 0.8003782 0.7858219 0.8007633 0.6438152 0.8050691 0.6435911 0.8059011 0.6423412 0.8059263 0.6427226 0.8044615 0.7235901 0.8023937 0.7227572 0.8021685 0.7227628 0.8009184 0.7242278 0.8013183 0.7609594 0.8051589 0.7617926 0.8049346 0.7624058 0.806024 0.7609636 0.8064091 0.6435911 0.8059011 0.6438149 0.8067331 0.6427442 0.8073785 0.6423412 0.8059263 0.7713323 0.8049647 0.7721653 0.8047395 0.7728029 0.8058149 0.7713379 0.8062148 0.7617926 0.8049346 0.7624035 0.8043253 0.7634733 0.8049721 0.7624058 0.806024 0.1923274 0.8067489 0.1921036 0.8059175 0.1931748 0.8052729 0.1935774 0.806725 0.6438149 0.8067331 0.6444257 0.8073416 0.643812 0.8084308 0.6427442 0.8073785 0.7721653 0.8047395 0.7727761 0.8041301 0.77387 0.8047353 0.7728029 0.8058149 0.7624035 0.8043253 0.7626274 0.803492 0.7638773 0.8035198 0.7634733 0.8049721 0.1921036 0.8059175 0.1914929 0.8053093 0.1921069 0.8042203 0.1931748 0.8052729 0.6444257 0.8073416 0.6452589 0.8075655 0.6452555 0.8088156 0.643812 0.8084308 0.7727761 0.8041301 0.7730004 0.8032969 0.7742502 0.803269 0.77387 0.8047353 0.1914929 0.8053093 0.1906597 0.8050857 0.1906628 0.8038356 0.1921069 0.8042203 0.652253 0.8075654 0.6530863 0.8073416 0.6537 0.8084308 0.6522565 0.8088156 0.7730004 0.8032969 0.7727764 0.8024636 0.7738462 0.8018167 0.7742502 0.803269 0.1949127 0.8084126 0.195746 0.8081891 0.1963599 0.8092781 0.1949158 0.8096628 0.6530863 0.8073416 0.6536971 0.8067331 0.6547678 0.8073784 0.6537 0.8084308 0.7768354 0.8032978 0.7770593 0.804131 0.7759895 0.8047779 0.7755855 0.8033256 0.7727764 0.8024636 0.7721655 0.8018543 0.7727787 0.8007648 0.7738462 0.8018167 0.195746 0.8081891 0.1963567 0.807581 0.1974279 0.8082255 0.1963599 0.8092781 0.6536971 0.8067331 0.6539209 0.805901 0.6551708 0.8059263 0.6547678 0.8073784 0.7770593 0.804131 0.7776702 0.8047404 0.777057 0.8058298 0.7759895 0.8047779 0.7721655 0.8018543 0.7713323 0.80163 0.7713366 0.8003798 0.7727787 0.8007648 0.1963567 0.807581 0.1965804 0.8067495 0.1978304 0.8067733 0.1974279 0.8082255 0.7776702 0.8047404 0.7785034 0.8049647 0.7784992 0.8062148 0.777057 0.8058298 0.7227572 0.8055033 0.7235904 0.8052789 0.7242036 0.8063684 0.7227614 0.8067534 0.1965804 0.8067495 0.1963564 0.8059181 0.1974483 0.8053092 0.1978304 0.8067733 0.7801224 0.804963 0.7809556 0.8047387 0.7815688 0.8058281 0.7801266 0.8062132 0.7235904 0.8052789 0.7242013 0.8046696 0.7252711 0.8053165 0.7242036 0.8063684 0.7079205 0.8067041 0.7081447 0.8058716 0.7093946 0.805845 0.7090138 0.8073105 0.1963564 0.8059181 0.1957458 0.8053098 0.1963806 0.8042328 0.1974483 0.8053092 0.7809556 0.8047387 0.7815665 0.8041294 0.7826363 0.8047763 0.7815688 0.8058281 0.7242013 0.8046696 0.7244252 0.8038363 0.7256751 0.8038641 0.7252711 0.8053165 0.7073098 0.8073132 0.7079205 0.8067041 0.7090138 0.8073105 0.7079465 0.8083891 0.1957458 0.8053098 0.1949127 0.8050857 0.1949169 0.8038355 0.1963806 0.8042328 0.7815665 0.8041294 0.7817904 0.8032961 0.7830403 0.8033239 0.7826363 0.8047763 0.7064768 0.807538 0.7073098 0.8073132 0.7079465 0.8083891 0.7064819 0.8087881 0.1906597 0.8084127 0.1914927 0.8081885 0.1921276 0.8092655 0.1906638 0.8096628 0.7817904 0.8032961 0.7815662 0.8024629 0.7826601 0.8018577 0.7830403 0.8033239 0.5829773 0.8044608 0.5821443 0.804236 0.5821494 0.8029859 0.583614 0.8033849 0.1914927 0.8081885 0.1921034 0.8075802 0.1931952 0.8081891 0.1921276 0.8092655 0.2370114 0.803842 0.2372357 0.8030087 0.2384855 0.8029809 0.2381053 0.8044471 0.1301786 0.8071293 0.1304026 0.8079602 0.1293113 0.8085701 0.1289287 0.8071066 0.7815662 0.8024629 0.7809554 0.8018534 0.781593 0.8007781 0.7826601 0.8018577 0.583588 0.8050699 0.5829773 0.8044608 0.583614 0.8033849 0.5846813 0.8044635 0.1921034 0.8075802 0.1923274 0.8067489 0.1935774 0.806725 0.1931952 0.8081891 0.2364006 0.8044514 0.2370114 0.803842 0.2381053 0.8044471 0.2370382 0.8055267 0.1304026 0.8079602 0.1310132 0.8085681 0.1303791 0.8096456 0.1293113 0.8085701 0.7809554 0.8018534 0.7801224 0.8016283 0.780128 0.8003781 0.781593 0.8007781 0.5838122 0.8059025 0.583588 0.8050699 0.5846813 0.8044635 0.5850621 0.805929 0.2355676 0.8046765 0.2364006 0.8044514 0.2370382 0.8055267 0.2355732 0.8059267 0.1310132 0.8085681 0.1318463 0.8087921 0.1318425 0.8100422 0.1303791 0.8096456 0.7785034 0.80163 0.7776705 0.8018551 0.7770329 0.8007798 0.7784978 0.8003798 0.5835884 0.8067351 0.5838122 0.8059025 0.5850621 0.805929 0.5846586 0.8073813 0.2321474 0.801567 0.2313144 0.8013418 0.23132 0.8000917 0.232785 0.8004916 0.1403522 0.8054671 0.139519 0.805691 0.138885 0.8046135 0.1403484 0.8042169 0.7776705 0.8018551 0.7770597 0.8024646 0.7759658 0.8018594 0.7770329 0.8007798 0.1537415 0.8075473 0.1535176 0.8067165 0.1546088 0.8061065 0.1549915 0.8075698 0.5829775 0.807344 0.5835884 0.8067351 0.5846586 0.8073813 0.5835909 0.8084334 0.2327582 0.8021765 0.2321474 0.801567 0.232785 0.8004916 0.2338521 0.8015713 0.139519 0.805691 0.1389085 0.806299 0.1378172 0.805689 0.138885 0.8046135 0.7770597 0.8024646 0.7768354 0.8032978 0.7755855 0.8033256 0.7759658 0.8018594 0.1535176 0.8067165 0.1529071 0.8061086 0.153541 0.8050311 0.1546088 0.8061065 0.5821443 0.8075681 0.5829775 0.807344 0.5835909 0.8084334 0.5821481 0.8088183 0.2329825 0.8030096 0.2327582 0.8021765 0.2338521 0.8015713 0.2342323 0.8030375 0.1389085 0.806299 0.1386845 0.8071299 0.1374346 0.8071525 0.1378172 0.805689 0.1529071 0.8061086 0.1520739 0.8058847 0.1520776 0.8046346 0.153541 0.8050311 0.70731 0.80443 0.7064768 0.8042059 0.7064806 0.8029557 0.7079234 0.8033406 0.2327585 0.8038429 0.2329825 0.8030096 0.2342323 0.8030375 0.2338283 0.8044898 0.7146782 0.7850192 0.7138867 0.7846724 0.7162604 0.7793005 0.7170525 0.7796068 0.7154768 0.785368 0.7146782 0.7850192 0.7170525 0.7796068 0.7178438 0.7798853 0.7162833 0.7857158 0.7154768 0.785368 0.7178438 0.7798853 0.7186653 0.7801462 0.7352244 0.7714589 0.7360286 0.7711125 0.738402 0.7766655 0.7375876 0.7769254 0.7344279 0.7718064 0.7352244 0.7714589 0.7375876 0.7769254 0.7368007 0.7772032 0.7336383 0.7721518 0.7344279 0.7718064 0.7368007 0.7772032 0.7360087 0.777509 0.7328526 0.7724924 0.7336383 0.7721518 0.7360087 0.777509 0.7351852 0.7778279 0.7320678 0.7728274 0.7328526 0.7724924 0.7351852 0.7778279 0.7343259 0.7781161 0.7312725 0.7731646 0.7320678 0.7728274 0.7343259 0.7781161 0.7334703 0.77834 0.7123129 0.783995 0.711516 0.7836571 0.7137185 0.7784715 0.7145769 0.7786924 0.7130994 0.7843309 0.7123129 0.783995 0.7145769 0.7786924 0.7154358 0.7789818 0.7138867 0.7846724 0.7130994 0.7843309 0.7154358 0.7789818 0.7162604 0.7793005 0.7170525 0.7796068 0.7162604 0.7793005 0.7166247 0.778059 0.7174445 0.778142 0.7178438 0.7798853 0.7170525 0.7796068 0.7174445 0.778142 0.7182444 0.7782066 0.7186653 0.7801462 0.7178438 0.7798853 0.7182444 0.7782066 0.7190732 0.7782528 0.7375876 0.7769254 0.738402 0.7766655 0.7388074 0.7785373 0.7379994 0.7785996 0.7368007 0.7772032 0.7375876 0.7769254 0.7379994 0.7785996 0.737203 0.7786636 0.7360087 0.777509 0.7368007 0.7772032 0.737203 0.7786636 0.7363708 0.7787454 0.7351852 0.7778279 0.7360087 0.777509 0.7363708 0.7787454 0.7354652 0.7788356 0.7343259 0.7781161 0.7351852 0.7778279 0.7354652 0.7788356 0.7344951 0.778916 0.7334703 0.77834 0.7343259 0.7781161 0.7344951 0.778916 0.7335968 0.7789487 0.7145769 0.7786924 0.7137185 0.7784715 0.7138422 0.7778628 0.7147465 0.777887 0.7154358 0.7789818 0.7145769 0.7786924 0.7147465 0.777887 0.7157148 0.7779767 0.7162604 0.7793005 0.7154358 0.7789818 0.7157148 0.7779767 0.7166247 0.778059 0.7174445 0.778142 0.7166247 0.778059 0.7165078 0.7767765 0.7173137 0.776561 0.7182444 0.7782066 0.7174445 0.778142 0.7173137 0.776561 0.7180867 0.7763676 0.7190732 0.7782528 0.7182444 0.7782066 0.7180867 0.7763676 0.7188709 0.7761719 0.7379994 0.7785996 0.7388074 0.7785373 0.7386576 0.7806228 0.7378497 0.7804399 0.737203 0.7786636 0.7379994 0.7785996 0.7378497 0.7804399 0.737073 0.7802449 0.7363708 0.7787454 0.737203 0.7786636 0.737073 0.7802449 0.7362787 0.7800301 0.7354652 0.7788356 0.7363708 0.7787454 0.7362787 0.7800301 0.7354078 0.7797857 0.7344951 0.778916 0.7354652 0.7788356 0.7354078 0.7797857 0.7344581 0.7795425 0.7335968 0.7789487 0.7344951 0.778916 0.7344581 0.7795425 0.7335566 0.7793605 0.7147465 0.777887 0.7138422 0.7778628 0.7137982 0.7774518 0.7146915 0.7772635 0.7157148 0.7779767 0.7147465 0.777887 0.7146915 0.7772635 0.715644 0.7770282 0.7166247 0.778059 0.7157148 0.7779767 0.715644 0.7770282 0.7165078 0.7767765 0.7173137 0.776561 0.7165078 0.7767765 0.7159527 0.7756218 0.7166814 0.7751922 0.7180867 0.7763676 0.7173137 0.776561 0.7166814 0.7751922 0.7174069 0.7747926 0.7188709 0.7761719 0.7180867 0.7763676 0.7174069 0.7747926 0.7181612 0.7744044 0.7378497 0.7804399 0.7386576 0.7806228 0.7379421 0.7824129 0.7371803 0.7820224 0.737073 0.7802449 0.7378497 0.7804399 0.7371803 0.7820224 0.7364497 0.7816213 0.7362787 0.7800301 0.737073 0.7802449 0.7364497 0.7816213 0.7357202 0.781191 0.7354078 0.7797857 0.7362787 0.7800301 0.7357202 0.781191 0.7349592 0.7807394 0.7344581 0.7795425 0.7354078 0.7797857 0.7349592 0.7807394 0.7341527 0.7803108 0.7335566 0.7793605 0.7344581 0.7795425 0.7341527 0.7803108 0.7333339 0.7799496 0.7146915 0.7772635 0.7137982 0.7774518 0.7135729 0.7768641 0.7143877 0.7765007 0.715644 0.7770282 0.7146915 0.7772635 0.7143877 0.7765007 0.7151939 0.7760734 0.7165078 0.7767765 0.715644 0.7770282 0.7151939 0.7760734 0.7159527 0.7756218 0.6650854 0.7371898 0.6642639 0.7369334 0.667511 0.7296885 0.668297 0.7300003 0.6659059 0.7374738 0.6650854 0.7371898 0.668297 0.7300003 0.6690821 0.7302852 0.6667174 0.7378016 0.6659059 0.7374738 0.6690821 0.7302852 0.6698945 0.7305521 0.6858657 0.7374709 0.6850523 0.7377993 0.6818708 0.7305316 0.6826897 0.7302647 0.686688 0.7371866 0.6858657 0.7374709 0.6826897 0.7302647 0.6834781 0.7299796 0.687511 0.7369299 0.686688 0.7371866 0.6834781 0.7299796 0.6842649 0.7296668 0.6883285 0.736677 0.687511 0.7369299 0.6842649 0.7296668 0.6850803 0.7293432 0.6891351 0.7364029 0.6883285 0.736677 0.6850803 0.7293432 0.685936 0.7290564 0.6899368 0.7360836 0.6891351 0.7364029 0.685936 0.7290564 0.6867893 0.7288339 0.662643 0.7364066 0.6618429 0.7360875 0.6649889 0.7288523 0.6658402 0.7290773 0.6634481 0.7366806 0.662643 0.7364066 0.6658402 0.7290773 0.6666933 0.7293666 0.6642639 0.7369334 0.6634481 0.7366806 0.6666933 0.7293666 0.667511 0.7296885 0.668297 0.7300003 0.667511 0.7296885 0.6678858 0.7284542 0.6687054 0.7285457 0.6690821 0.7302852 0.668297 0.7300003 0.6687054 0.7285457 0.6695074 0.7286201 0.6698945 0.7305521 0.6690821 0.7302852 0.6695074 0.7286201 0.6703138 0.7286862 0.6826897 0.7302647 0.6818708 0.7305316 0.6814503 0.7286455 0.6822779 0.7285935 0.6834781 0.7299796 0.6826897 0.7302647 0.6822779 0.7285935 0.6830765 0.728524 0.6842649 0.7296668 0.6834781 0.7299796 0.6830765 0.728524 0.6838941 0.7284372 0.6850803 0.7293432 0.6842649 0.7296668 0.6838941 0.7284372 0.6847911 0.7283324 0.685936 0.7290564 0.6850803 0.7293432 0.6847911 0.7283324 0.6857689 0.7282586 0.6867893 0.7288339 0.685936 0.7290564 0.6857689 0.7282586 0.6866643 0.7282288 0.6658402 0.7290773 0.6649889 0.7288523 0.6651159 0.7282474 0.6660101 0.7282814 0.6666933 0.7293666 0.6658402 0.7290773 0.6660101 0.7282814 0.6669771 0.7283632 0.667511 0.7296885 0.6666933 0.7293666 0.6669771 0.7283632 0.6678858 0.7284542 0.6687054 0.7285457 0.6678858 0.7284542 0.6677794 0.7271736 0.6685855 0.726965 0.6695074 0.7286201 0.6687054 0.7285457 0.6685855 0.726965 0.6693581 0.7267799 0.6703138 0.7286862 0.6695074 0.7286201 0.6693581 0.7267799 0.6701691 0.7265993 0.6822779 0.7285935 0.6814503 0.7286455 0.6816353 0.7265632 0.6824227 0.7267538 0.6830765 0.728524 0.6822779 0.7285935 0.6824227 0.7267538 0.683198 0.7269438 0.6838941 0.7284372 0.6830765 0.728524 0.683198 0.7269438 0.6840045 0.7271569 0.6847911 0.7283324 0.6838941 0.7284372 0.6840045 0.7271569 0.6848791 0.7273893 0.6857689 0.7282586 0.6847911 0.7283324 0.6848791 0.7273893 0.6858109 0.7276356 0.6866643 0.7282288 0.6857689 0.7282586 0.6858109 0.7276356 0.6867059 0.7278194 0.6660101 0.7282814 0.6651159 0.7282474 0.6650763 0.7278376 0.6659738 0.7276575 0.6669771 0.7283632 0.6660101 0.7282814 0.6659738 0.7276575 0.6669176 0.7274165 0.6678858 0.7284542 0.6669771 0.7283632 0.6669176 0.7274165 0.6677794 0.7271736 0.6685855 0.726965 0.6677794 0.7271736 0.6672288 0.7260174 0.6679612 0.7255872 0.6693581 0.7267799 0.6685855 0.726965 0.6679612 0.7255872 0.6686961 0.7251859 0.6701691 0.7265993 0.6693581 0.7267799 0.6686961 0.7251859 0.6694647 0.724797 0.6824227 0.7267538 0.6816353 0.7265632 0.6823351 0.724781 0.6830968 0.7251686 0.683198 0.7269438 0.6824227 0.7267538 0.6830968 0.7251686 0.6838282 0.7255691 0.6840045 0.7271569 0.683198 0.7269438 0.6838282 0.7255691 0.6845595 0.7259982 0.6848791 0.7273893 0.6840045 0.7271569 0.6845595 0.7259982 0.6853185 0.726446 0.6858109 0.7276356 0.6848791 0.7273893 0.6853185 0.726446 0.6861156 0.7268724 0.6867059 0.7278194 0.6858109 0.7276356 0.6861156 0.7268724 0.6869294 0.7272337 0.6659738 0.7276575 0.6650763 0.7278376 0.6648547 0.7272511 0.6656711 0.7268915 0.6669176 0.7274165 0.6659738 0.7276575 0.6656711 0.7268915 0.6664717 0.7264668 0.6677794 0.7271736 0.6669176 0.7274165 0.6664717 0.7264668 0.6672288 0.7260174 0.6679612 0.7255872 0.6672288 0.7260174 0.6640198 0.7211006 0.6647449 0.7206308 0.6686961 0.7251859 0.6679612 0.7255872 0.6647449 0.7206308 0.6654768 0.7201579 0.6694647 0.724797 0.6686961 0.7251859 0.6654768 0.7201579 0.6662166 0.7196848 0.6830968 0.7251686 0.6823351 0.724781 0.6855744 0.7196848 0.686312 0.7201566 0.6838282 0.7255691 0.6830968 0.7251686 0.686312 0.7201566 0.6870418 0.7206282 0.6845595 0.7259982 0.6838282 0.7255691 0.6870418 0.7206282 0.6877652 0.7210967 0.6853185 0.726446 0.6845595 0.7259982 0.6877652 0.7210967 0.6884855 0.7215599 0.6861156 0.7268724 0.6853185 0.726446 0.6884855 0.7215599 0.6892061 0.7220175 0.6869294 0.7272337 0.6861156 0.7268724 0.6892061 0.7220175 0.6899368 0.7224791 0.6656711 0.7268915 0.6648547 0.7272511 0.6618429 0.7224853 0.6625754 0.7220231 0.6664717 0.7264668 0.6656711 0.7268915 0.6625754 0.7220231 0.6632977 0.7215646 0.6672288 0.7260174 0.6664717 0.7264668 0.6632977 0.7215646 0.6640198 0.7211006 0.7146874 0.7690884 0.713894 0.7687415 0.7162747 0.7633606 0.7170695 0.7636666 0.7154878 0.7694373 0.7146874 0.7690884 0.7170695 0.7636666 0.7178604 0.7639448 0.7162959 0.7697851 0.7154878 0.7694373 0.7178604 0.7639448 0.7186788 0.7642048 0.7352348 0.7554636 0.7360407 0.755115 0.7384288 0.7606801 0.7376127 0.760942 0.7344365 0.7558131 0.7352348 0.7554636 0.7376127 0.760942 0.736824 0.7612223 0.733645 0.7561606 0.7344365 0.7558131 0.736824 0.7612223 0.7360315 0.7615311 0.7328574 0.7565031 0.733645 0.7561606 0.7360315 0.7615311 0.7352104 0.7618542 0.7320702 0.75684 0.7328574 0.7565031 0.7352104 0.7618542 0.7343475 0.762144 0.7312725 0.7571792 0.7320702 0.75684 0.7343475 0.762144 0.7334836 0.7623707 0.7123156 0.7680627 0.711516 0.7677239 0.713725 0.7625207 0.7145901 0.762747 0.7131044 0.7683993 0.7123156 0.7680627 0.7145901 0.762747 0.7154496 0.7630401 0.713894 0.7687415 0.7131044 0.7683993 0.7154496 0.7630401 0.7162747 0.7633606 0.7170695 0.7636666 0.7162747 0.7633606 0.7166357 0.7621214 0.7174687 0.7621997 0.7178604 0.7639448 0.7170695 0.7636666 0.7174687 0.7621997 0.7182715 0.7622663 0.7186788 0.7642048 0.7178604 0.7639448 0.7182715 0.7622663 0.7190802 0.7623226 0.7376127 0.760942 0.7384288 0.7606801 0.7388365 0.7625562 0.7380287 0.7626156 0.736824 0.7612223 0.7376127 0.760942 0.7380287 0.7626156 0.7372266 0.7626843 0.7360315 0.7615311 0.736824 0.7612223 0.7372266 0.7626843 0.7363941 0.7627635 0.7352104 0.7618542 0.7360315 0.7615311 0.7363941 0.7627635 0.7355001 0.7628701 0.7343475 0.762144 0.7352104 0.7618542 0.7355001 0.7628701 0.7345224 0.7629466 0.7334836 0.7623707 0.7343475 0.762144 0.7345224 0.7629466 0.7336105 0.7629869 0.7145901 0.762747 0.713725 0.7625207 0.7138518 0.7619038 0.7147685 0.7619414 0.7154496 0.7630401 0.7145901 0.762747 0.7147685 0.7619414 0.7157319 0.7620342 0.7162747 0.7633606 0.7154496 0.7630401 0.7157319 0.7620342 0.7166357 0.7621214 0.7174687 0.7621997 0.7166357 0.7621214 0.7165367 0.7608376 0.7173283 0.7606195 0.7182715 0.7622663 0.7174687 0.7621997 0.7173283 0.7606195 0.7180975 0.7604281 0.7190802 0.7623226 0.7182715 0.7622663 0.7180975 0.7604281 0.7189027 0.7602391 0.7380287 0.7626156 0.7388365 0.7625562 0.7386687 0.7646411 0.7378618 0.7644549 0.7372266 0.7626843 0.7380287 0.7626156 0.7378618 0.7644549 0.7370911 0.7642652 0.7363941 0.7627635 0.7372266 0.7626843 0.7370911 0.7642652 0.7362982 0.7640479 0.7355001 0.7628701 0.7363941 0.7627635 0.7362982 0.7640479 0.7354151 0.7638173 0.7345224 0.7629466 0.7355001 0.7628701 0.7354151 0.7638173 0.7344745 0.7635704 0.7336105 0.7629869 0.7345224 0.7629466 0.7344745 0.7635704 0.733587 0.7633993 0.7147685 0.7619414 0.7138518 0.7619038 0.7138269 0.7614914 0.7147091 0.7613176 0.7157319 0.7620342 0.7147685 0.7619414 0.7147091 0.7613176 0.7156664 0.7610863 0.7166357 0.7621214 0.7157319 0.7620342 0.7156664 0.7610863 0.7165367 0.7608376 0.7173283 0.7606195 0.7165367 0.7608376 0.7159775 0.7596822 0.716703 0.7592527 0.7180975 0.7604281 0.7173283 0.7606195 0.716703 0.7592527 0.7174284 0.7588526 0.7189027 0.7602391 0.7180975 0.7604281 0.7174284 0.7588526 0.7181851 0.7584627 0.7378618 0.7644549 0.7386687 0.7646411 0.7379557 0.7664256 0.7371958 0.7660368 0.7370911 0.7642652 0.7378618 0.7644549 0.7371958 0.7660368 0.7364677 0.765638 0.7362982 0.7640479 0.7370911 0.7642652 0.7364677 0.765638 0.7357392 0.7652104 0.7354151 0.7638173 0.7362982 0.7640479 0.7357392 0.7652104 0.7349771 0.7647624 0.7344745 0.7635704 0.7354151 0.7638173 0.7349771 0.7647624 0.7341755 0.7643363 0.733587 0.7633993 0.7344745 0.7635704 0.7341755 0.7643363 0.7333661 0.7639797 0.7147091 0.7613176 0.7138269 0.7614914 0.7136062 0.7609115 0.7144142 0.760555 0.7156664 0.7610863 0.7147091 0.7613176 0.7144142 0.760555 0.7152195 0.760132 0.7165367 0.7608376 0.7156664 0.7610863 0.7152195 0.760132 0.7159775 0.7596822 0.2331773 0.733169 0.2323493 0.7329193 0.2356312 0.7253698 0.2364256 0.7256742 0.2340048 0.7334464 0.2331773 0.733169 0.2364256 0.7256742 0.2372199 0.7259508 0.234824 0.7337678 0.2340048 0.7334464 0.2372199 0.7259508 0.2380452 0.7262091 0.2213589 0.733448 0.2205404 0.7337688 0.2173255 0.7262172 0.2181479 0.7259591 0.2221859 0.7331714 0.2213589 0.733448 0.2181479 0.7259591 0.2189383 0.7256826 0.2230133 0.7329223 0.2221859 0.7331714 0.2189383 0.7256826 0.2197278 0.7253783 0.2238352 0.7326768 0.2230133 0.7329223 0.2197278 0.7253783 0.220546 0.7250623 0.2246463 0.7324097 0.2238352 0.7326768 0.220546 0.7250623 0.2214056 0.7247821 0.225453 0.7320974 0.2246463 0.7324097 0.2214056 0.7247821 0.2222685 0.7245649 0.2307159 0.7324057 0.2299089 0.7320929 0.2330982 0.7245571 0.2339537 0.7247734 0.2315272 0.7326732 0.2307159 0.7324057 0.2339537 0.7247734 0.234812 0.7250533 0.2323493 0.7329193 0.2315272 0.7326732 0.234812 0.7250533 0.2356312 0.7253698 0.2364256 0.7256742 0.2356312 0.7253698 0.2359834 0.7241375 0.236814 0.7242081 0.2372199 0.7259508 0.2364256 0.7256742 0.236814 0.7242081 0.237613 0.7242677 0.2380452 0.7262091 0.2372199 0.7259508 0.237613 0.7242677 0.2384428 0.7243081 0.2181479 0.7259591 0.2173255 0.7262172 0.2169283 0.7243266 0.2177573 0.7242817 0.2189383 0.7256826 0.2181479 0.7259591 0.2177573 0.7242817 0.2185506 0.7242255 0.2197278 0.7253783 0.2189383 0.7256826 0.2185506 0.7242255 0.219368 0.7241456 0.220546 0.7250623 0.2197278 0.7253783 0.219368 0.7241456 0.2202644 0.7240482 0.2214056 0.7247821 0.220546 0.7250623 0.2202644 0.7240482 0.2212392 0.7239811 0.2222685 0.7245649 0.2214056 0.7247821 0.2212392 0.7239811 0.2221481 0.7239503 0.2339537 0.7247734 0.2330982 0.7245571 0.2332194 0.7239505 0.2341148 0.7239739 0.234812 0.7250533 0.2339537 0.7247734 0.2341148 0.7239739 0.2350916 0.72404 0.2356312 0.7253698 0.234812 0.7250533 0.2350916 0.72404 0.2359834 0.7241375 0.236814 0.7242081 0.2359834 0.7241375 0.2358764 0.7228575 0.236667 0.7226312 0.237613 0.7242677 0.236814 0.7242081 0.236667 0.7226312 0.2374392 0.7224316 0.2384428 0.7243081 0.237613 0.7242677 0.2374392 0.7224316 0.2382221 0.72223 0.2177573 0.7242817 0.2169283 0.7243266 0.2171224 0.7222448 0.2179067 0.7224423 0.2185506 0.7242255 0.2177573 0.7242817 0.2179067 0.7224423 0.2186839 0.7226468 0.219368 0.7241456 0.2185506 0.7242255 0.2186839 0.7226468 0.2194888 0.7228664 0.2202644 0.7240482 0.219368 0.7241456 0.2194888 0.7228664 0.2203611 0.7231053 0.2212392 0.7239811 0.2202644 0.7240482 0.2203611 0.7231053 0.2212935 0.7233603 0.2221481 0.7239503 0.2212392 0.7239811 0.2212935 0.7233603 0.2221758 0.7235401 0.2341148 0.7239739 0.2332194 0.7239505 0.2331753 0.7235415 0.2340684 0.7233515 0.2350916 0.72404 0.2341148 0.7239739 0.2340684 0.7233515 0.2349988 0.7230977 0.2359834 0.7241375 0.2350916 0.72404 0.2349988 0.7230977 0.2358764 0.7228575 0.236667 0.7226312 0.2358764 0.7228575 0.2353039 0.7217057 0.2360258 0.7212699 0.2374392 0.7224316 0.236667 0.7226312 0.2360258 0.7212699 0.2367494 0.7208624 0.2382221 0.72223 0.2374392 0.7224316 0.2367494 0.7208624 0.2375029 0.7204677 0.2179067 0.7224423 0.2171224 0.7222448 0.2178451 0.7204719 0.2186014 0.7208681 0.2186839 0.7226468 0.2179067 0.7224423 0.2186014 0.7208681 0.2193281 0.721277 0.2194888 0.7228664 0.2186839 0.7226468 0.2193281 0.721277 0.2200542 0.7217133 0.2203611 0.7231053 0.2194888 0.7228664 0.2200542 0.7217133 0.2208076 0.7221683 0.2212935 0.7233603 0.2203611 0.7231053 0.2208076 0.7221683 0.2215993 0.7226001 0.2221758 0.7235401 0.2212935 0.7233603 0.2215993 0.7226001 0.2224025 0.7229645 0.2340684 0.7233515 0.2331753 0.7235415 0.2329487 0.7229585 0.2337582 0.7225918 0.2349988 0.7230977 0.2340684 0.7233515 0.2337582 0.7225918 0.2345507 0.7221596 0.2358764 0.7228575 0.2349988 0.7230977 0.2345507 0.7221596 0.2353039 0.7217057 0.2360258 0.7212699 0.2353039 0.7217057 0.2320593 0.7168528 0.2327752 0.7163794 0.2367494 0.7208624 0.2360258 0.7212699 0.2327752 0.7163794 0.2334973 0.7159027 0.2375029 0.7204677 0.2367494 0.7208624 0.2334973 0.7159027 0.234227 0.7154256 0.2186014 0.7208681 0.2178451 0.7204719 0.221136 0.7154256 0.2218663 0.7159048 0.2193281 0.721277 0.2186014 0.7208681 0.2218663 0.7159048 0.2225888 0.7163838 0.2200542 0.7217133 0.2193281 0.721277 0.2225888 0.7163838 0.2233047 0.7168595 0.2208076 0.7221683 0.2200542 0.7217133 0.2233047 0.7168595 0.2240175 0.7173298 0.2215993 0.7226001 0.2208076 0.7221683 0.2240175 0.7173298 0.2247304 0.7177942 0.2224025 0.7229645 0.2215993 0.7226001 0.2247304 0.7177942 0.225453 0.7182624 0.2337582 0.7225918 0.2329487 0.7229585 0.2299089 0.7182499 0.2306326 0.7177834 0.2345507 0.7221596 0.2337582 0.7225918 0.2306326 0.7177834 0.2313461 0.7173209 0.2353039 0.7217057 0.2345507 0.7221596 0.2313461 0.7173209 0.2320593 0.7168528 0.7832888 0.7883862 0.7824965 0.7880508 0.7847973 0.7826713 0.7855919 0.7829686 0.7840881 0.7887236 0.7832888 0.7883862 0.7855919 0.7829686 0.7863821 0.7832378 0.7848949 0.78906 0.7840881 0.7887236 0.7863821 0.7832378 0.7871987 0.7834887 0.7752888 0.7750389 0.7760936 0.7747024 0.7783987 0.7802595 0.7775846 0.7805109 0.7744916 0.7753765 0.7752888 0.7750389 0.7775846 0.7805109 0.7767974 0.7807804 0.7737011 0.775712 0.7744916 0.7753765 0.7767974 0.7807804 0.776005 0.7810784 0.7729146 0.7760425 0.7737011 0.775712 0.776005 0.7810784 0.7751834 0.7813906 0.7721287 0.7763673 0.7729146 0.7760425 0.7751834 0.7813906 0.774322 0.7816687 0.7713323 0.7766938 0.7721287 0.7763673 0.774322 0.7816687 0.7734615 0.7818762 0.7809205 0.7873959 0.7801224 0.7870696 0.7822501 0.781876 0.7831115 0.7820829 0.7817081 0.7877205 0.7809205 0.7873959 0.7831115 0.7820829 0.783974 0.7823601 0.7824965 0.7880508 0.7817081 0.7877205 0.783974 0.7823601 0.7847973 0.7826713 0.7855919 0.7829686 0.7847973 0.7826713 0.7851416 0.7814375 0.7859744 0.7815044 0.7863821 0.7832378 0.7855919 0.7829686 0.7859744 0.7815044 0.7867769 0.7815628 0.7871987 0.7834887 0.7863821 0.7832378 0.7867769 0.7815628 0.7875846 0.7816129 0.7775846 0.7805109 0.7783987 0.7802595 0.7787871 0.7821283 0.7779793 0.7821834 0.7767974 0.7807804 0.7775846 0.7805109 0.7779793 0.7821834 0.7771834 0.7822384 0.776005 0.7810784 0.7767974 0.7807804 0.7771834 0.7822384 0.7763519 0.7823091 0.7751834 0.7813906 0.776005 0.7810784 0.7763519 0.7823091 0.7754589 0.7824016 0.774322 0.7816687 0.7751834 0.7813906 0.7754589 0.7824016 0.7744807 0.7824764 0.7734615 0.7818762 0.774322 0.7816687 0.7744807 0.7824764 0.7735743 0.782486 0.7831115 0.7820829 0.7822501 0.781876 0.7823628 0.7812659 0.7832691 0.7812746 0.783974 0.7823601 0.7831115 0.7820829 0.7832691 0.7812746 0.7842477 0.7813475 0.7847973 0.7826713 0.783974 0.7823601 0.7842477 0.7813475 0.7851416 0.7814375 0.7859744 0.7815044 0.7851416 0.7814375 0.7850261 0.7801535 0.7858179 0.7799241 0.7867769 0.7815628 0.7859744 0.7815044 0.7858179 0.7799241 0.7865878 0.7797241 0.7875846 0.7816129 0.7867769 0.7815628 0.7865878 0.7797241 0.7873942 0.7795281 0.7779793 0.7821834 0.7787871 0.7821283 0.7786206 0.7842144 0.7778124 0.7840235 0.7771834 0.7822384 0.7779793 0.7821834 0.7778124 0.7840235 0.7770357 0.7838197 0.7763519 0.7823091 0.7771834 0.7822384 0.7770357 0.7838197 0.7762417 0.7835935 0.7754589 0.7824016 0.7763519 0.7823091 0.7762417 0.7835935 0.7753567 0.7833492 0.7744807 0.7824764 0.7754589 0.7824016 0.7753567 0.7833492 0.7744142 0.7831 0.7735743 0.782486 0.7744807 0.7824764 0.7744142 0.7831 0.7735228 0.7828967 0.7832691 0.7812746 0.7823628 0.7812659 0.782311 0.7808554 0.7832018 0.7806514 0.7842477 0.7813475 0.7832691 0.7812746 0.7832018 0.7806514 0.784143 0.7804005 0.7851416 0.7814375 0.7842477 0.7813475 0.784143 0.7804005 0.7850261 0.7801535 0.7858179 0.7799241 0.7850261 0.7801535 0.7844492 0.7789921 0.7851752 0.7785539 0.7865878 0.7797241 0.7858179 0.7799241 0.7851752 0.7785539 0.7859008 0.778145 0.7873942 0.7795281 0.7865878 0.7797241 0.7859008 0.778145 0.7866585 0.7777458 0.7778124 0.7840235 0.7786206 0.7842144 0.777886 0.7860061 0.777125 0.7856067 0.7770357 0.7838197 0.7778124 0.7840235 0.777125 0.7856067 0.7763956 0.7851977 0.7762417 0.7835935 0.7770357 0.7838197 0.7763956 0.7851977 0.7756665 0.7847595 0.7753567 0.7833492 0.7762417 0.7835935 0.7756665 0.7847595 0.7749033 0.7843 0.7744142 0.7831 0.7753567 0.7833492 0.7749033 0.7843 0.7740987 0.7838606 0.7735228 0.7828967 0.7744142 0.7831 0.7740987 0.7838606 0.7732861 0.7834835 0.7832018 0.7806514 0.782311 0.7808554 0.7820745 0.7802694 0.7828857 0.779892 0.784143 0.7804005 0.7832018 0.7806514 0.7828857 0.779892 0.7836884 0.7794522 0.7850261 0.7801535 0.784143 0.7804005 0.7836884 0.7794522 0.7844492 0.7789921 0.7238792 0.7370226 0.7230557 0.7367619 0.7262647 0.7296591 0.7270541 0.7299742 0.7247017 0.737311 0.7238792 0.7370226 0.7270541 0.7299742 0.7278437 0.7302615 0.7255154 0.7376434 0.7247017 0.737311 0.7278437 0.7302615 0.7286643 0.730531 0.7347613 0.7373079 0.7339385 0.7376358 0.7308266 0.7304407 0.7316553 0.7301784 0.7355929 0.7370243 0.7347613 0.7373079 0.7316553 0.7301784 0.7324522 0.7298977 0.736425 0.7367685 0.7355929 0.7370243 0.7324522 0.7298977 0.7332491 0.7295894 0.7372515 0.7365163 0.736425 0.7367685 0.7332491 0.7295894 0.7340731 0.7292686 0.7380673 0.7362424 0.7372515 0.7365163 0.7340731 0.7292686 0.7349309 0.7289773 0.7388783 0.7359228 0.7380673 0.7362424 0.7349309 0.7289773 0.7357922 0.7287469 0.7214309 0.7362269 0.720629 0.7359036 0.7237448 0.7288109 0.724599 0.7290362 0.7222379 0.736505 0.7214309 0.7362269 0.724599 0.7290362 0.7254508 0.7293305 0.7230557 0.7367619 0.7222379 0.736505 0.7254508 0.7293305 0.7262647 0.7296591 0.7270541 0.7299742 0.7262647 0.7296591 0.7266331 0.7284334 0.7274622 0.7285147 0.7278437 0.7302615 0.7270541 0.7299742 0.7274622 0.7285147 0.7282601 0.7285853 0.7286643 0.730531 0.7278437 0.7302615 0.7282601 0.7285853 0.7290891 0.7286373 0.7316553 0.7301784 0.7308266 0.7304407 0.7304245 0.7285303 0.7312559 0.7284882 0.7324522 0.7298977 0.7316553 0.7301784 0.7312559 0.7284882 0.7320562 0.7284253 0.7332491 0.7295894 0.7324522 0.7298977 0.7320562 0.7284253 0.732888 0.7283486 0.7340731 0.7292686 0.7332491 0.7295894 0.732888 0.7283486 0.7337911 0.7282603 0.7349309 0.7289773 0.7340731 0.7292686 0.7337911 0.7282603 0.7347537 0.7281783 0.7357922 0.7287469 0.7349309 0.7289773 0.7347537 0.7281783 0.7356607 0.7281323 0.724599 0.7290362 0.7237448 0.7288109 0.7238717 0.7282059 0.7247729 0.7282346 0.7254508 0.7293305 0.724599 0.7290362 0.7247729 0.7282346 0.7257446 0.7283269 0.7262647 0.7296591 0.7254508 0.7293305 0.7257446 0.7283269 0.7266331 0.7284334 0.7274622 0.7285147 0.7266331 0.7284334 0.7265415 0.7271519 0.7273361 0.7269353 0.7282601 0.7285853 0.7274622 0.7285147 0.7273361 0.7269353 0.7281116 0.7267461 0.7290891 0.7286373 0.7282601 0.7285853 0.7281116 0.7267461 0.728898 0.7265555 0.7312559 0.7284882 0.7304245 0.7285303 0.7306456 0.7264533 0.7314262 0.726653 0.7320562 0.7284253 0.7312559 0.7284882 0.7314262 0.726653 0.7321968 0.7268489 0.732888 0.7283486 0.7320562 0.7284253 0.7321968 0.7268489 0.7329863 0.7270687 0.7337911 0.7282603 0.732888 0.7283486 0.7329863 0.7270687 0.7338509 0.7273144 0.7347537 0.7281783 0.7337911 0.7282603 0.7338509 0.7273144 0.734796 0.7275566 0.7356607 0.7281323 0.7347537 0.7281783 0.734796 0.7275566 0.7356805 0.7277221 0.7247729 0.7282346 0.7238717 0.7282059 0.7238296 0.7277969 0.7247189 0.7276135 0.7257446 0.7283269 0.7247729 0.7282346 0.7247189 0.7276135 0.7256584 0.7273823 0.7266331 0.7284334 0.7257446 0.7283269 0.7256584 0.7273823 0.7265415 0.7271519 0.7273361 0.7269353 0.7265415 0.7271519 0.7259839 0.7259895 0.7267129 0.7255633 0.7281116 0.7267461 0.7273361 0.7269353 0.7267129 0.7255633 0.7274431 0.7251654 0.728898 0.7265555 0.7281116 0.7267461 0.7274431 0.7251654 0.7282032 0.7247809 0.7314262 0.726653 0.7306456 0.7264533 0.7313582 0.7247021 0.7321077 0.7250915 0.7321968 0.7268489 0.7314262 0.726653 0.7321077 0.7250915 0.7328283 0.7254939 0.7329863 0.7270687 0.7321968 0.7268489 0.7328283 0.7254939 0.7335477 0.7259246 0.7338509 0.7273144 0.7329863 0.7270687 0.7335477 0.7259246 0.7342965 0.726373 0.734796 0.7275566 0.7338509 0.7273144 0.7342965 0.726373 0.7350906 0.7267943 0.7356805 0.7277221 0.734796 0.7275566 0.7350906 0.7267943 0.7358958 0.7271459 0.7247189 0.7276135 0.7238296 0.7277969 0.723608 0.7272109 0.7244212 0.7268527 0.7256584 0.7273823 0.7247189 0.7276135 0.7244212 0.7268527 0.7252228 0.7264329 0.7265415 0.7271519 0.7256584 0.7273823 0.7252228 0.7264329 0.7259839 0.7259895 0.7267129 0.7255633 0.7259839 0.7259895 0.7228024 0.7210835 0.7235261 0.7206195 0.7274431 0.7251654 0.7267129 0.7255633 0.7235261 0.7206195 0.724256 0.7201523 0.7282032 0.7247809 0.7274431 0.7251654 0.724256 0.7201523 0.7249936 0.7196848 0.7321077 0.7250915 0.7313582 0.7247021 0.7345808 0.7196848 0.7353069 0.7201541 0.7328283 0.7254939 0.7321077 0.7250915 0.7353069 0.7201541 0.7360256 0.720623 0.7335477 0.7259246 0.7328283 0.7254939 0.7360256 0.720623 0.7367382 0.7210886 0.7342965 0.726373 0.7335477 0.7259246 0.7367382 0.7210886 0.737448 0.7215485 0.7350906 0.7267943 0.7342965 0.726373 0.737448 0.7215485 0.7381581 0.7220026 0.7358958 0.7271459 0.7350906 0.7267943 0.7381581 0.7220026 0.7388783 0.7224603 0.7244212 0.7268527 0.723608 0.7272109 0.720629 0.7224527 0.7213603 0.7219955 0.7252228 0.7264329 0.7244212 0.7268527 0.7213603 0.7219955 0.7220814 0.7215422 0.7259839 0.7259895 0.7252228 0.7264329 0.7220814 0.7215422 0.7228024 0.7210835 0.6952809 0.7532267 0.6944932 0.7528712 0.6969342 0.7475265 0.6977233 0.7478433 0.6960754 0.7535844 0.6952809 0.7532267 0.6977233 0.7478433 0.6985091 0.7481316 0.6968775 0.7539412 0.6960754 0.7535844 0.6985091 0.7481316 0.6993223 0.7484019 0.7351809 0.7393301 0.7359758 0.7389712 0.7384362 0.7444605 0.7376303 0.7447351 0.7343935 0.73969 0.7351809 0.7393301 0.7376303 0.7447351 0.7368517 0.7450271 0.7336127 0.7400474 0.7343935 0.73969 0.7368517 0.7450271 0.7360699 0.745347 0.7328357 0.7403999 0.7336127 0.7400474 0.7360699 0.745347 0.7352533 0.745679 0.7320592 0.7407469 0.7328357 0.7403999 0.7352533 0.745679 0.7343995 0.7459801 0.7312725 0.741096 0.7320592 0.7407469 0.7343995 0.7459801 0.7335486 0.7462163 0.6929258 0.7521758 0.6921316 0.7518286 0.6943955 0.746661 0.6952568 0.7468964 0.6937092 0.7525207 0.6929258 0.7521758 0.6952568 0.7468964 0.6961165 0.747195 0.6944932 0.7528712 0.6937092 0.7525207 0.6961165 0.747195 0.6969342 0.7475265 0.6977233 0.7478433 0.6969342 0.7475265 0.6973092 0.746298 0.6981408 0.7463855 0.6985091 0.7481316 0.6977233 0.7478433 0.6981408 0.7463855 0.6989422 0.7464625 0.6993223 0.7484019 0.6985091 0.7481316 0.6989422 0.7464625 0.6997492 0.7465302 0.7376303 0.7447351 0.7384362 0.7444605 0.7388783 0.7463137 0.7380728 0.7463935 0.7368517 0.7450271 0.7376303 0.7447351 0.7380728 0.7463935 0.737278 0.7464734 0.7360699 0.745347 0.7368517 0.7450271 0.737278 0.7464734 0.7364598 0.7465773 0.7352533 0.745679 0.7360699 0.745347 0.7364598 0.7465773 0.7355503 0.7466814 0.7343995 0.7459801 0.7352533 0.745679 0.7355503 0.7466814 0.7345805 0.7467765 0.7335486 0.7462163 0.7343995 0.7459801 0.7345805 0.7467765 0.7336832 0.746822 0.6952568 0.7468964 0.6943955 0.746661 0.6945286 0.7460462 0.6954399 0.7460959 0.6961165 0.747195 0.6952568 0.7468964 0.6954399 0.7460959 0.6964165 0.7461823 0.6969342 0.7475265 0.6961165 0.747195 0.6964165 0.7461823 0.6973092 0.746298 0.6981408 0.7463855 0.6973092 0.746298 0.6972263 0.7450127 0.6980214 0.7448035 0.6989422 0.7464625 0.6981408 0.7463855 0.6980214 0.7448035 0.6987941 0.7446216 0.6997492 0.7465302 0.6989422 0.7464625 0.6987941 0.7446216 0.6996032 0.7444436 0.7380728 0.7463935 0.7388783 0.7463137 0.73878 0.7484036 0.737966 0.7482376 0.737278 0.7464734 0.7380728 0.7463935 0.737966 0.7482376 0.737185 0.7480578 0.7364598 0.7465773 0.737278 0.7464734 0.737185 0.7480578 0.7363733 0.7478625 0.7355503 0.7466814 0.7364598 0.7465773 0.7363733 0.7478625 0.7355045 0.747632 0.7345805 0.7467765 0.7355503 0.7466814 0.7355045 0.747632 0.7345525 0.7474034 0.7336832 0.746822 0.7345805 0.7467765 0.7345525 0.7474034 0.7336486 0.7472342 0.6954399 0.7460959 0.6945286 0.7460462 0.6945094 0.7456338 0.6953984 0.7454717 0.6964165 0.7461823 0.6954399 0.7460959 0.6953984 0.7454717 0.696341 0.7452345 0.6973092 0.746298 0.6964165 0.7461823 0.696341 0.7452345 0.6972263 0.7450127 0.6980214 0.7448035 0.6972263 0.7450127 0.6966788 0.7438449 0.6974115 0.7434242 0.6987941 0.7446216 0.6980214 0.7448035 0.6974115 0.7434242 0.698144 0.7430325 0.6996032 0.7444436 0.6987941 0.7446216 0.698144 0.7430325 0.6989083 0.7426511 0.737966 0.7482376 0.73878 0.7484036 0.7380973 0.7502195 0.7373238 0.7498414 0.737185 0.7480578 0.737966 0.7482376 0.7373238 0.7498414 0.7365822 0.7494521 0.7363733 0.7478625 0.737185 0.7480578 0.7365822 0.7494521 0.7358404 0.7490333 0.7355045 0.747632 0.7363733 0.7478625 0.7358404 0.7490333 0.7350713 0.7485933 0.7345525 0.7474034 0.7355045 0.747632 0.7350713 0.7485933 0.7342583 0.7481768 0.7336486 0.7472342 0.7345525 0.7474034 0.7342583 0.7481768 0.7334334 0.747827 0.6953984 0.7454717 0.6945094 0.7456338 0.6942945 0.7450513 0.6951072 0.7447029 0.696341 0.7452345 0.6953984 0.7454717 0.6951072 0.7447029 0.6959125 0.7442852 0.6972263 0.7450127 0.696341 0.7452345 0.6959125 0.7442852 0.6966788 0.7438449 0.2837466 0.6447088 0.2829151 0.6444739 0.2862242 0.6367853 0.2870144 0.6370849 0.2845766 0.6449738 0.2837466 0.6447088 0.2870144 0.6370849 0.2878031 0.6373573 0.2853962 0.6452872 0.2845766 0.6449738 0.2878031 0.6373573 0.2886202 0.6376109 0.2848862 0.6647722 0.2840642 0.6650863 0.2808335 0.6573856 0.2816586 0.6571317 0.2857184 0.6645067 0.2848862 0.6647722 0.2816586 0.6571317 0.2824528 0.6568588 0.286552 0.6642715 0.2857184 0.6645067 0.2824528 0.6568588 0.2832453 0.6565577 0.2873798 0.6640398 0.286552 0.6642715 0.2832453 0.6565577 0.2840654 0.6562454 0.2881962 0.6637838 0.2873798 0.6640398 0.2840654 0.6562454 0.2849241 0.6559671 0.2890064 0.663478 0.2881962 0.6637838 0.2849241 0.6559671 0.2857897 0.6557563 0.2812753 0.6439862 0.2804675 0.6436806 0.2836817 0.6359816 0.2845439 0.6361969 0.2820893 0.6442422 0.2812753 0.6439862 0.2845439 0.6361969 0.285402 0.6364751 0.2829151 0.6444739 0.2820893 0.6442422 0.285402 0.6364751 0.2862242 0.6367853 0.2870144 0.6370849 0.2862242 0.6367853 0.2865815 0.6355469 0.2874011 0.6356272 0.2878031 0.6373573 0.2870144 0.6370849 0.2874011 0.6356272 0.2881983 0.6356839 0.2886202 0.6376109 0.2878031 0.6373573 0.2881983 0.6356839 0.2890064 0.6357397 0.2816586 0.6571317 0.2808335 0.6573856 0.2804463 0.6554892 0.2812752 0.6554518 0.2824528 0.6568588 0.2816586 0.6571317 0.2812752 0.6554518 0.2820747 0.655396 0.2832453 0.6565577 0.2824528 0.6568588 0.2820747 0.655396 0.2828931 0.6553227 0.2840654 0.6562454 0.2832453 0.6565577 0.2828931 0.6553227 0.2837893 0.6552341 0.2849241 0.6559671 0.2840654 0.6562454 0.2837893 0.6552341 0.2847604 0.6551616 0.2857897 0.6557563 0.2849241 0.6559671 0.2847604 0.6551616 0.2856747 0.6551414 0.2845439 0.6361969 0.2836817 0.6359816 0.2838011 0.6353665 0.2847091 0.6353968 0.285402 0.6364751 0.2845439 0.6361969 0.2847091 0.6353968 0.2856731 0.6354669 0.2862242 0.6367853 0.285402 0.6364751 0.2856731 0.6354669 0.2865815 0.6355469 0.2874011 0.6356272 0.2865815 0.6355469 0.2864581 0.6342681 0.2872614 0.6340493 0.2881983 0.6356839 0.2874011 0.6356272 0.2872614 0.6340493 0.2880356 0.6338464 0.2890064 0.6357397 0.2881983 0.6356839 0.2880356 0.6338464 0.2888433 0.6336563 0.2812752 0.6554518 0.2804463 0.6554892 0.2806699 0.6534119 0.2814527 0.6536164 0.2820747 0.655396 0.2812752 0.6554518 0.2814527 0.6536164 0.2822238 0.6538195 0.2828931 0.6553227 0.2820747 0.655396 0.2822238 0.6538195 0.2830262 0.6540459 0.2837893 0.6552341 0.2828931 0.6553227 0.2830262 0.6540459 0.2838983 0.654293 0.2847604 0.6551616 0.2837893 0.6552341 0.2838983 0.654293 0.2848342 0.6545416 0.2856747 0.6551414 0.2847604 0.6551616 0.2848342 0.6545416 0.2857077 0.6547313 0.2847091 0.6353968 0.2838011 0.6353665 0.2837734 0.6349561 0.2846572 0.6347756 0.2856731 0.6354669 0.2847091 0.6353968 0.2846572 0.6347756 0.2856003 0.6345212 0.2865815 0.6355469 0.2856731 0.6354669 0.2856003 0.6345212 0.2864581 0.6342681 0.2872614 0.6340493 0.2864581 0.6342681 0.2858914 0.6331203 0.2866166 0.6326795 0.2880356 0.6338464 0.2872614 0.6340493 0.2866166 0.6326795 0.2873448 0.6322661 0.2888433 0.6336563 0.2880356 0.6338464 0.2873448 0.6322661 0.2881062 0.6318645 0.2814527 0.6536164 0.2806699 0.6534119 0.2813996 0.6516471 0.2821525 0.6520462 0.2822238 0.6538195 0.2814527 0.6536164 0.2821525 0.6520462 0.2828754 0.6524575 0.2830262 0.6540459 0.2822238 0.6538195 0.2828754 0.6524575 0.2835983 0.6528969 0.2838983 0.654293 0.2830262 0.6540459 0.2835983 0.6528969 0.2843494 0.6533544 0.2848342 0.6545416 0.2838983 0.654293 0.2843494 0.6533544 0.2851405 0.6537879 0.2857077 0.6547313 0.2848342 0.6545416 0.2851405 0.6537879 0.2859389 0.6541578 0.2846572 0.6347756 0.2837734 0.6349561 0.283546 0.634381 0.2843497 0.6340144 0.2856003 0.6345212 0.2846572 0.6347756 0.2843497 0.6340144 0.2851426 0.6335803 0.2864581 0.6342681 0.2856003 0.6345212 0.2851426 0.6335803 0.2858914 0.6331203 0.2866166 0.6326795 0.2858914 0.6331203 0.2826131 0.6282686 0.2833282 0.627788 0.2873448 0.6322661 0.2866166 0.6326795 0.2833282 0.627788 0.2840502 0.627304 0.2881062 0.6318645 0.2873448 0.6322661 0.2840502 0.627304 0.2847801 0.6268196 0.2821525 0.6520462 0.2813996 0.6516471 0.2847068 0.6466225 0.2854339 0.6471042 0.2828754 0.6524575 0.2821525 0.6520462 0.2854339 0.6471042 0.2861534 0.6475855 0.2835983 0.6528969 0.2828754 0.6524575 0.2861534 0.6475855 0.2868664 0.6480634 0.2843494 0.6533544 0.2835983 0.6528969 0.2868664 0.6480634 0.2875764 0.648536 0.2851405 0.6537879 0.2843494 0.6533544 0.2875764 0.648536 0.2882865 0.649003 0.2859389 0.6541578 0.2851405 0.6537879 0.2882865 0.649003 0.2890064 0.6494737 0.2843497 0.6340144 0.283546 0.634381 0.2804675 0.6296846 0.2811892 0.6292122 0.2851426 0.6335803 0.2843497 0.6340144 0.2811892 0.6292122 0.2819012 0.6287434 0.2858914 0.6331203 0.2851426 0.6335803 0.2819012 0.6287434 0.2826131 0.6282686 0.6966788 0.7438449 0.6959125 0.7442852 0.6936439 0.7406994 0.6944173 0.7403383 0.6959125 0.7442852 0.6951072 0.7447029 0.6928817 0.7410774 0.6936439 0.7406994 0.6951072 0.7447029 0.6942945 0.7450513 0.6921316 0.7415002 0.6928817 0.7410774 0.7334334 0.747827 0.7342583 0.7481768 0.7320316 0.7518445 0.7312725 0.7514224 0.7342583 0.7481768 0.7350713 0.7485933 0.7328027 0.7522212 0.7320316 0.7518445 0.7350713 0.7485933 0.7358404 0.7490333 0.7335846 0.7525807 0.7328027 0.7522212 0.7358404 0.7490333 0.7365822 0.7494521 0.7343687 0.752947 0.7335846 0.7525807 0.7365822 0.7494521 0.7373238 0.7498414 0.7351461 0.7533418 0.7343687 0.752947 0.7373238 0.7498414 0.7380973 0.7502195 0.7359082 0.7537798 0.7351461 0.7533418 0.6989083 0.7426511 0.698144 0.7430325 0.6959615 0.7395737 0.6967144 0.7391346 0.698144 0.7430325 0.6974115 0.7434242 0.6951928 0.7399702 0.6959615 0.7395737 0.6974115 0.7434242 0.6966788 0.7438449 0.6944173 0.7403383 0.6951928 0.7399702 0.7159775 0.7596822 0.7152195 0.760132 0.7130143 0.756732 0.7137787 0.7563594 0.7152195 0.760132 0.7144142 0.760555 0.7122595 0.7571195 0.7130143 0.756732 0.7144142 0.760555 0.7136062 0.7609115 0.711516 0.7575492 0.7122595 0.7571195 0.7333661 0.7639797 0.7341755 0.7643363 0.7320179 0.7677806 0.7312725 0.7673501 0.7341755 0.7643363 0.7349771 0.7647624 0.7327744 0.7681687 0.7320179 0.7677806 0.7349771 0.7647624 0.7357392 0.7652104 0.733541 0.7685416 0.7327744 0.7681687 0.7357392 0.7652104 0.7364677 0.765638 0.7343093 0.7689221 0.733541 0.7685416 0.7364677 0.765638 0.7371958 0.7660368 0.7350711 0.7693294 0.7343093 0.7689221 0.7371958 0.7660368 0.7379557 0.7664256 0.7358185 0.7697771 0.7350711 0.7693294 0.7181851 0.7584627 0.7174284 0.7588526 0.7153037 0.7555719 0.7160483 0.7551243 0.7174284 0.7588526 0.716703 0.7592527 0.7145445 0.7559792 0.7153037 0.7555719 0.716703 0.7592527 0.7159775 0.7596822 0.7137787 0.7563594 0.7145445 0.7559792 0.7159527 0.7756218 0.7151939 0.7760734 0.7130222 0.772728 0.7137901 0.772355 0.7151939 0.7760734 0.7143877 0.7765007 0.7122638 0.7731164 0.7130222 0.772728 0.7143877 0.7765007 0.7135729 0.7768641 0.711516 0.7735474 0.7122638 0.7731164 0.7333339 0.7799496 0.7341527 0.7803108 0.7320221 0.7837067 0.7312725 0.7832747 0.7341527 0.7803108 0.7349592 0.7807394 0.7327825 0.7840961 0.7320221 0.7837067 0.7349592 0.7807394 0.7357202 0.781191 0.7335522 0.7844704 0.7327825 0.7840961 0.7357202 0.781191 0.7364497 0.7816213 0.734323 0.7848525 0.7335522 0.7844704 0.7364497 0.7816213 0.7371803 0.7820224 0.7350873 0.7852616 0.734323 0.7848525 0.7371803 0.7820224 0.7379421 0.7824129 0.7358371 0.7857112 0.7350873 0.7852616 0.7181612 0.7744044 0.7174069 0.7747926 0.7153203 0.7715675 0.7160668 0.7711204 0.7174069 0.7747926 0.7166814 0.7751922 0.7145587 0.7719746 0.7153203 0.7715675 0.7166814 0.7751922 0.7159527 0.7756218 0.7137901 0.772355 0.7145587 0.7719746 0.7844492 0.7789921 0.7836884 0.7794522 0.7816272 0.7763582 0.782394 0.7759734 0.7836884 0.7794522 0.7828857 0.779892 0.7808693 0.7767575 0.7816272 0.7763582 0.7828857 0.779892 0.7820745 0.7802694 0.7801225 0.777199 0.7808693 0.7767575 0.7732861 0.7834835 0.7740987 0.7838606 0.7720813 0.7870047 0.7713323 0.7865628 0.7740987 0.7838606 0.7749033 0.7843 0.7728414 0.7874043 0.7720813 0.7870047 0.7749033 0.7843 0.7756665 0.7847595 0.7736106 0.7877894 0.7728414 0.7874043 0.7756665 0.7847595 0.7763956 0.7851977 0.7743807 0.7881823 0.7736106 0.7877894 0.7763956 0.7851977 0.777125 0.7856067 0.775144 0.7886021 0.7743807 0.7881823 0.777125 0.7856067 0.777886 0.7860061 0.7758929 0.7890617 0.775144 0.7886021 0.7866585 0.7777458 0.7859008 0.778145 0.783922 0.7751614 0.784668 0.7747024 0.7859008 0.778145 0.7851752 0.7785539 0.7831615 0.7755807 0.783922 0.7751614 0.7851752 0.7785539 0.7844492 0.7789921 0.782394 0.7759734 0.7831615 0.7755807 0.8067387 0.8052666 0.8079886 0.8052933 0.8075851 0.8067455 0.8065149 0.8060994 0.143772 0.808568 0.1431381 0.8096455 0.1420702 0.8085701 0.1431614 0.80796 0.6042504 0.8044599 0.6048638 0.8033707 0.6059315 0.8044227 0.6048613 0.8050689 0.7440099 0.803682 0.7452598 0.8036541 0.7448796 0.8051204 0.7437857 0.8045151 0.8065149 0.8060994 0.8075851 0.8067455 0.8065174 0.8077976 0.805904 0.8067082 0.1446051 0.8087919 0.1446014 0.810042 0.1431381 0.8096455 0.143772 0.808568 0.6048613 0.8050689 0.6059315 0.8044227 0.606335 0.805875 0.6050851 0.8059015 0.805904 0.8067082 0.8065174 0.8077976 0.8050746 0.8081825 0.8050708 0.8069323 0.1267602 0.8056911 0.1261262 0.8046136 0.1275896 0.804217 0.1275933 0.8054672 0.6050851 0.8059015 0.606335 0.805875 0.6059542 0.8073405 0.6048609 0.8067341 0.8050708 0.7964321 0.8050747 0.7951819 0.8065174 0.7955669 0.805904 0.7966562 0.1261497 0.806299 0.1250584 0.805689 0.1261262 0.8046136 0.1267602 0.8056911 0.2006094 0.8059182 0.2017012 0.8053093 0.2020834 0.8067734 0.2008334 0.8067496 0.6048609 0.8067341 0.6059542 0.8073405 0.6048868 0.8084191 0.6042502 0.8073431 0.805904 0.7966562 0.8065174 0.7955669 0.8075851 0.7966189 0.8065149 0.7972652 0.1259257 0.8071299 0.1246757 0.8071524 0.1250584 0.805689 0.1261497 0.806299 0.1999988 0.80531 0.2006336 0.804233 0.2017012 0.8053093 0.2006094 0.8059182 0.6042502 0.8073431 0.6048868 0.8084191 0.6034223 0.8088181 0.6034172 0.807568 0.8065149 0.7972652 0.8075851 0.7966189 0.8079887 0.7980712 0.8067387 0.7980979 0.1991657 0.8050858 0.1991698 0.8038356 0.2006336 0.804233 0.1999988 0.80531 0.5906506 0.804236 0.5906558 0.8029859 0.5921203 0.8033849 0.5914837 0.8044608 0.8067387 0.7980979 0.8079887 0.7980712 0.8076078 0.7995367 0.8065145 0.7989305 0.09622311 0.8085697 0.0968579 0.8096467 0.09539413 0.8100441 0.09539002 0.8087939 0.5914837 0.8044608 0.5921203 0.8033849 0.5931876 0.8044635 0.5920944 0.8050699 0.7967755 0.8071316 0.7956836 0.8077405 0.7953014 0.8062764 0.7965514 0.8063002 0.8065145 0.7989305 0.8076078 0.7995367 0.8065406 0.8006154 0.8059038 0.7995395 0.0968337 0.8079614 0.0979256 0.8085703 0.0968579 0.8096467 0.09622311 0.8085697 0.5920944 0.8050699 0.5931876 0.8044635 0.5935685 0.805929 0.5923185 0.8059024 0.7973861 0.8077399 0.7967512 0.8088169 0.7956836 0.8077405 0.7967755 0.8071316 0.8059038 0.7995395 0.8065406 0.8006154 0.805076 0.8010146 0.8050708 0.7997644 0.09705775 0.80713 0.09830766 0.8071063 0.0979256 0.8085703 0.0968337 0.8079614 0.7982192 0.807964 0.798215 0.8092142 0.7967512 0.8088169 0.7973861 0.8077399 0.8050708 0.8036001 0.805076 0.8023499 0.8065405 0.802749 0.8059037 0.8038249 0.096834 0.8062987 0.09790521 0.8056541 0.09830766 0.8071063 0.09705775 0.80713 0.2437225 0.8075326 0.2443574 0.8086096 0.2428936 0.8090069 0.2428894 0.8077568 0.8059037 0.8038249 0.8065405 0.802749 0.8076078 0.8038277 0.8065145 0.804434 0.7566424 0.8051958 0.7577131 0.8045504 0.7581161 0.8060026 0.7568662 0.8060278 0.09622329 0.8056905 0.09683728 0.8046015 0.09790521 0.8056541 0.096834 0.8062987 0.2443331 0.8069244 0.245425 0.8075331 0.2443574 0.8086096 0.2437225 0.8075326 0.8065145 0.804434 0.8076078 0.8038277 0.8079886 0.8052933 0.8067387 0.8052666 0.7560316 0.8045873 0.7566453 0.8034981 0.7577131 0.8045504 0.7566424 0.8051958 0.09539002 0.805467 0.09539312 0.8042168 0.09683728 0.8046015 0.09622329 0.8056905 0.2445572 0.8060929 0.2458071 0.8060691 0.245425 0.8075331 0.2443331 0.8069244 0.7551984 0.8043634 0.7552018 0.8031132 0.7566453 0.8034981 0.7560316 0.8045873 0.1999989 0.8081892 0.200613 0.8092781 0.1991688 0.8096628 0.1991657 0.8084127 0.2443334 0.8052614 0.2454046 0.8046169 0.2458071 0.8060691 0.2445572 0.8060929 0.7662612 0.8075019 0.766875 0.808591 0.7654314 0.8089758 0.765428 0.8077257 0.2006097 0.807581 0.2016809 0.8082255 0.200613 0.8092781 0.1999989 0.8081892 0.6246851 0.8050683 0.6257557 0.8044229 0.6261588 0.8058751 0.6249088 0.8059003 0.2437227 0.8046533 0.2443367 0.8035643 0.2454046 0.8046169 0.2443334 0.8052614 0.766872 0.8068933 0.7679427 0.8075386 0.766875 0.808591 0.7662612 0.8075019 0.2008334 0.8067496 0.2020834 0.8067734 0.2016809 0.8082255 0.2006097 0.807581 0.6240742 0.8044597 0.6246879 0.8033705 0.6257557 0.8044229 0.6246851 0.8050683 0.2428894 0.8044297 0.2428925 0.8031796 0.2443367 0.8035643 0.2437227 0.8046533 0.7670958 0.8060613 0.7683457 0.8060864 0.7679427 0.8075386 0.766872 0.8068933 0.623241 0.8042359 0.6232445 0.8029857 0.6246879 0.8033705 0.6240742 0.8044597 0.7973859 0.8048606 0.7967719 0.8037716 0.7982161 0.8033869 0.7982192 0.8046371 0.7668717 0.8052294 0.7679643 0.8046218 0.7683457 0.8060864 0.7670958 0.8060613 0.6474275 0.8073418 0.6480412 0.8084309 0.6465978 0.8088157 0.6465943 0.8075656 0.7967752 0.8054687 0.795704 0.8048242 0.7967719 0.8037716 0.7973859 0.8048606 0.8087857 0.7767837 0.8098574 0.77614 0.8102594 0.7775921 0.8090094 0.7776146 0.7662611 0.8046207 0.7668967 0.8035442 0.7679643 0.8046218 0.7668717 0.8052294 0.6480383 0.8067332 0.649109 0.8073787 0.6480412 0.8084309 0.6474275 0.8073418 0.7965514 0.8063002 0.7953014 0.8062764 0.795704 0.8048242 0.7967752 0.8054687 0.808175 0.7761759 0.8087893 0.775087 0.8098574 0.77614 0.8087857 0.7767837 0.765428 0.8043962 0.7654326 0.8031461 0.7668967 0.8035442 0.7662611 0.8046207 0.6482621 0.8059011 0.649512 0.8059264 0.649109 0.8073787 0.6480383 0.8067332 0.8073418 0.7759526 0.8073445 0.7747024 0.8087893 0.775087 0.808175 0.7761759 0.7560314 0.8074684 0.7566671 0.8085448 0.755203 0.8089429 0.7551984 0.8076928 0.648038 0.8050692 0.6491306 0.8044616 0.649512 0.8059264 0.6482621 0.8059011 0.1467738 0.8085685 0.1473881 0.8096573 0.1459432 0.810042 0.1459405 0.8087918 0.7566421 0.8068597 0.7577346 0.8074674 0.7566671 0.8085448 0.7560314 0.8074684 0.1096227 0.8079607 0.108551 0.8086045 0.108149 0.8071524 0.109399 0.8071298 0.6635109 0.8039944 0.6647607 0.8040223 0.6643568 0.8054746 0.6632869 0.8048278 0.6474273 0.8044604 0.6480631 0.803384 0.6491306 0.8044616 0.648038 0.8050692 0.1473844 0.8079607 0.1484561 0.8086044 0.1473881 0.8096573 0.1467738 0.8085685 0.7568662 0.8060278 0.7581161 0.8060026 0.7577346 0.8074674 0.7566421 0.8068597 0.1102334 0.8085685 0.1096191 0.8096575 0.108551 0.8086045 0.1096227 0.8079607 0.6632869 0.8048278 0.6643568 0.8054746 0.6632893 0.8065266 0.662676 0.805437 0.6465943 0.8042359 0.6465989 0.8029858 0.6480631 0.803384 0.6474273 0.8044604 0.1476081 0.8071298 0.1488581 0.8071523 0.1484561 0.8086044 0.1473844 0.8079607 0.1110666 0.8087919 0.1110638 0.810042 0.1096191 0.8096575 0.1102334 0.8085685 0.662676 0.805437 0.6632893 0.8065266 0.6618471 0.8069116 0.6618429 0.8056614 0.6240741 0.8073411 0.6247099 0.8084174 0.6232457 0.8088157 0.623241 0.8075656 0.1473842 0.806299 0.1484754 0.8056889 0.1488581 0.8071523 0.1476081 0.8071298 0.135266 0.8056904 0.1346517 0.8046016 0.1360964 0.8042169 0.1360992 0.8054671 0.7040024 0.8055071 0.7039982 0.8067573 0.702556 0.8063722 0.7031692 0.8052828 0.6246847 0.8067324 0.6257774 0.8073399 0.6247099 0.8084174 0.6240741 0.8073411 0.5880654 0.8059025 0.5893153 0.805929 0.5889118 0.8073813 0.5878416 0.806735 0.1467736 0.8056911 0.1474075 0.8046135 0.1484754 0.8056889 0.1473842 0.806299 0.1346553 0.8062983 0.1335837 0.8056545 0.1346517 0.8046016 0.135266 0.8056904 0.7031692 0.8052828 0.702556 0.8063722 0.7014885 0.8053203 0.7025583 0.8046734 0.6249088 0.8059003 0.6261588 0.8058751 0.6257774 0.8073399 0.6246847 0.8067324 0.5878416 0.806735 0.5889118 0.8073813 0.5878441 0.8084333 0.5872307 0.8073441 0.1459405 0.8054671 0.1459442 0.804217 0.1474075 0.8046135 0.1467736 0.8056911 0.1344316 0.8071293 0.1331816 0.8071066 0.1335837 0.8056545 0.1346553 0.8062983 0.2937828 0.7127652 0.2929269 0.7126564 0.2929269 0.5874285 0.2937828 0.5873197 0.294642 0.7128448 0.2937828 0.7127652 0.2937828 0.5873197 0.294642 0.58724 0.2955044 0.7128739 0.294642 0.7128448 0.294642 0.58724 0.2955044 0.5872109 0.3106827 0.7128448 0.3098204 0.7128739 0.3098204 0.5872109 0.3106827 0.58724 0.3115419 0.7127652 0.3106827 0.7128448 0.3106827 0.58724 0.3115419 0.5873197 0.3123978 0.7126564 0.3115419 0.7127652 0.3115419 0.5873197 0.3123978 0.5874285 0.3132538 0.7125476 0.3123978 0.7126564 0.3123978 0.5874285 0.3132538 0.5875372 0.3141129 0.712468 0.3132538 0.7125476 0.3132538 0.5875372 0.3141129 0.5876169 0.3149753 0.7124388 0.3141129 0.712468 0.3141129 0.5876169 0.3149753 0.587646 0.2912118 0.7124679 0.2903494 0.7124388 0.2903494 0.5876461 0.2912118 0.5876169 0.2920709 0.7125476 0.2912118 0.7124679 0.2912118 0.5876169 0.2920709 0.5875372 0.2929269 0.7126564 0.2920709 0.7125476 0.2920709 0.5875372 0.2929269 0.5874285 0.3197441 0.7132392 0.3188881 0.7131461 0.3188881 0.587387 0.3197441 0.587299 0.3206033 0.7133074 0.3197441 0.7132392 0.3197441 0.587299 0.3206033 0.5872345 0.3214656 0.7133323 0.3206033 0.7133074 0.3206033 0.5872345 0.3214656 0.587211 0.3236633 0.7133074 0.3228009 0.7133323 0.3228009 0.587211 0.3236633 0.5872345 0.3245224 0.7132392 0.3236633 0.7133074 0.3236633 0.5872345 0.3245224 0.587299 0.3253784 0.7131461 0.3245224 0.7132392 0.3245224 0.587299 0.3253784 0.587387 0.3262344 0.713053 0.3253784 0.7131461 0.3253784 0.587387 0.3262344 0.5874751 0.3270936 0.7129849 0.3262344 0.713053 0.3262344 0.5874751 0.3270936 0.5875396 0.3279559 0.7129599 0.3270936 0.7129849 0.3270936 0.5875396 0.3279559 0.5875632 0.317173 0.7129849 0.3163107 0.7129599 0.3163107 0.5875632 0.317173 0.5875396 0.3180322 0.713053 0.317173 0.7129849 0.317173 0.5875396 0.3180322 0.5874751 0.3188881 0.7131461 0.3180322 0.713053 0.3180322 0.5874751 0.3188881 0.587387 0.2657938 0.713598 0.2649378 0.7135047 0.2649378 0.587388 0.2657938 0.5872997 0.266653 0.7136662 0.2657938 0.713598 0.2657938 0.5872997 0.266653 0.5872349 0.2675153 0.7136912 0.266653 0.7136662 0.266653 0.5872349 0.2675153 0.5872113 0.2502421 0.7136662 0.2493797 0.7136912 0.2493797 0.5872113 0.2502421 0.5872349 0.2511013 0.713598 0.2502421 0.7136662 0.2502421 0.5872349 0.2511013 0.5872997 0.2519572 0.7135047 0.2511013 0.713598 0.2511013 0.5872997 0.2519572 0.587388 0.2528132 0.7134115 0.2519572 0.7135047 0.2519572 0.587388 0.2528132 0.5874764 0.2536724 0.7133433 0.2528132 0.7134115 0.2528132 0.5874764 0.2536724 0.5875411 0.2545347 0.7133183 0.2536724 0.7133433 0.2536724 0.5875411 0.2545347 0.5875648 0.2632227 0.7133433 0.2623603 0.7133183 0.2623603 0.5875648 0.2632227 0.5875411 0.2640818 0.7134115 0.2632227 0.7133433 0.2632227 0.5875411 0.2640818 0.5874764 0.2649378 0.7135047 0.2640818 0.7134115 0.2640818 0.5874764 0.2649378 0.587388 0.2333422 0.713997 0.2324863 0.7139037 0.2324863 0.5873889 0.2333422 0.5873001 0.2342014 0.7140653 0.2333422 0.713997 0.2333422 0.5873001 0.2342014 0.5872351 0.2350638 0.7140903 0.2342014 0.7140653 0.2342014 0.5872351 0.2350638 0.5872113 0.2372615 0.7140653 0.2363991 0.7140903 0.2363991 0.5872113 0.2372615 0.5872351 0.2381206 0.713997 0.2372615 0.7140653 0.2372615 0.5872351 0.2381206 0.5873001 0.2389766 0.7139037 0.2381206 0.713997 0.2381206 0.5873001 0.2389766 0.5873889 0.2398325 0.7138104 0.2389766 0.7139037 0.2389766 0.5873889 0.2398325 0.5874777 0.2406917 0.713742 0.2398325 0.7138104 0.2398325 0.5874777 0.2406917 0.5875427 0.2415541 0.7137171 0.2406917 0.713742 0.2406917 0.5875427 0.2415541 0.5875664 0.2307712 0.713742 0.2299088 0.7137171 0.2299088 0.5875665 0.2307712 0.5875427 0.2316303 0.7138103 0.2307712 0.713742 0.2307712 0.5875427 0.2316303 0.5874777 0.2324863 0.7139037 0.2316303 0.7138103 0.2316303 0.5874777 0.2324863 0.5873889 0.7550791 0.7199024 0.7565899 0.7200112 0.7566351 0.7366801 0.7551316 0.7365713 0.7565899 0.7200112 0.7581058 0.7200908 0.7581316 0.7367598 0.7566351 0.7366801 0.7581058 0.7200908 0.7596241 0.72012 0.7596241 0.7367889 0.7581316 0.7367598 0.749251 0.7549565 0.7477327 0.7549856 0.7477586 0.7383167 0.749251 0.7382876 0.7477327 0.7549856 0.7462168 0.7550653 0.7462621 0.7383964 0.7477586 0.7383167 0.7462168 0.7550653 0.744706 0.7551741 0.7447586 0.7385052 0.7462621 0.7383964 0.744706 0.7551741 0.7432025 0.7552829 0.7432478 0.738614 0.7447586 0.7385052 0.7432025 0.7552829 0.7417059 0.7553625 0.7417319 0.7386936 0.7432478 0.738614 0.7417059 0.7553625 0.7402135 0.7553917 0.7402136 0.7387228 0.7417319 0.7386936 0.7505866 0.7196848 0.752079 0.7197139 0.7521049 0.7363829 0.7505866 0.7363537 0.752079 0.7197139 0.7535756 0.7197936 0.7536208 0.7364626 0.7521049 0.7363829 0.7535756 0.7197936 0.7550791 0.7199024 0.7551316 0.7365713 0.7536208 0.7364626 0.7655032 0.7365539 0.7639926 0.7364501 0.7639517 0.7197779 0.7654557 0.719871 0.7639926 0.7364501 0.7624771 0.7363743 0.7624537 0.7197098 0.7639517 0.7197779 0.7624771 0.7363743 0.7609595 0.7363464 0.7609594 0.7196848 0.7624537 0.7197098 0.2100701 0.7655966 0.2085525 0.7656244 0.2085759 0.7489598 0.2100701 0.7489349 0.2085525 0.7656244 0.207037 0.7657003 0.2070779 0.749028 0.2085759 0.7489598 0.207037 0.7657003 0.2055263 0.765804 0.2055739 0.7491211 0.2070779 0.749028 0.2055263 0.765804 0.2040227 0.7659077 0.2040637 0.7492142 0.2055739 0.7491211 0.2040227 0.7659077 0.2025256 0.7659837 0.2025491 0.7492824 0.2040637 0.7492142 0.2025256 0.7659837 0.2010326 0.7660114 0.2010326 0.7493073 0.2025491 0.7492824 0.769997 0.7367613 0.7685039 0.7367336 0.7684805 0.7200323 0.769997 0.7200571 0.7685039 0.7367336 0.7670069 0.7366576 0.7669659 0.7199641 0.7684805 0.7200323 0.7670069 0.7366576 0.7655032 0.7365539 0.7654557 0.719871 0.7669659 0.7199641 0.7447575 0.7735741 0.7432469 0.7734703 0.743206 0.7568203 0.7447099 0.7569135 0.7432469 0.7734703 0.7417314 0.7733944 0.741708 0.756752 0.743206 0.7568203 0.7417314 0.7733944 0.7402136 0.7733665 0.7402136 0.756727 0.741708 0.756752 0.2389463 0.7703455 0.2374286 0.7703733 0.2374521 0.753731 0.2389464 0.7537059 0.2374286 0.7703733 0.2359131 0.7704493 0.2359541 0.7537992 0.2374521 0.753731 0.2359131 0.7704493 0.2344025 0.7705531 0.2344501 0.7538924 0.2359541 0.7537992 0.2344025 0.7705531 0.2328988 0.7706569 0.2329398 0.7539857 0.2344501 0.7538924 0.2328988 0.7706569 0.2314018 0.7707329 0.2314254 0.7540539 0.2329398 0.7539857 0.2314018 0.7707329 0.2299088 0.7707607 0.2299088 0.7540789 0.2314254 0.7540539 0.7492512 0.7737818 0.7477582 0.773754 0.7477347 0.757075 0.7492512 0.7570999 0.7477582 0.773754 0.7462612 0.773678 0.7462202 0.7570067 0.7477347 0.757075 0.7462612 0.773678 0.7447575 0.7735741 0.7447099 0.7569135 0.7462202 0.7570067 0.7447073 0.7198932 0.7462179 0.7199973 0.746259 0.736859 0.744755 0.7367657 0.7462179 0.7199973 0.7477334 0.7200736 0.7477569 0.7369273 0.746259 0.736859 0.7477334 0.7200736 0.7492512 0.7201015 0.7492512 0.7369523 0.7477569 0.7369273 0.2389463 0.751954 0.2374286 0.7519819 0.237452 0.7351282 0.2389464 0.7351032 0.2374286 0.7519819 0.235913 0.7520582 0.2359542 0.7351965 0.237452 0.7351282 0.235913 0.7520582 0.2344024 0.7521623 0.2344502 0.7352898 0.2359542 0.7351965 0.2344024 0.7521623 0.2328988 0.7522665 0.23294 0.7353832 0.2344502 0.7352898 0.2328988 0.7522665 0.2314018 0.7523428 0.2314254 0.7354515 0.23294 0.7353832 0.2314018 0.7523428 0.2299088 0.7523707 0.2299088 0.7354764 0.2314254 0.7354515 0.7402137 0.7196848 0.7417067 0.7197127 0.7417302 0.736604 0.7402136 0.736579 0.7417067 0.7197127 0.7432036 0.7197889 0.7432448 0.7366723 0.7417302 0.736604 0.7432036 0.7197889 0.7447073 0.7198932 0.744755 0.7367657 0.7432448 0.7366723 0.7551316 0.7385053 0.7566351 0.7383965 0.7565898 0.7550653 0.755079 0.7551741 0.7566351 0.7383965 0.7581316 0.7383168 0.7581058 0.7549857 0.7565898 0.7550653 0.7581316 0.7383168 0.7596241 0.7382876 0.759624 0.7549566 0.7581058 0.7549857 0.2259657 0.7522083 0.2244733 0.7521792 0.2244475 0.7355102 0.2259658 0.7355394 0.2244733 0.7521792 0.2229768 0.7520995 0.2229315 0.7354306 0.2244475 0.7355102 0.2229768 0.7520995 0.2214732 0.7519907 0.2214208 0.7353218 0.2229315 0.7354306 0.2214732 0.7519907 0.2199624 0.7518819 0.2199172 0.735213 0.2214208 0.7353218 0.2199624 0.7518819 0.2184466 0.7518022 0.2184206 0.7351334 0.2199172 0.735213 0.2184466 0.7518022 0.2169283 0.7517731 0.2169283 0.7351042 0.2184206 0.7351334 0.7505865 0.7387229 0.7521049 0.7386937 0.752079 0.7553626 0.7505866 0.7553917 0.7521049 0.7386937 0.7536208 0.738614 0.7535755 0.7552829 0.752079 0.7553626 0.7536208 0.738614 0.7551316 0.7385053 0.755079 0.7551741 0.7535755 0.7552829 0.7056246 0.7575981 0.7071288 0.75751 0.70709 0.7739599 0.7055796 0.7740584 0.7071288 0.75751 0.7086272 0.7574456 0.708605 0.7738879 0.70709 0.7739599 0.7086272 0.7574456 0.7101221 0.757422 0.7101221 0.7738615 0.708605 0.7738879 0.6904879 0.7744072 0.6889929 0.7743836 0.6889708 0.7579413 0.6904879 0.7579676 0.6889929 0.7743836 0.6874945 0.7743191 0.6874557 0.7578693 0.6889708 0.7579413 0.6874945 0.7743191 0.6859903 0.774231 0.6859453 0.7577708 0.6874557 0.7578693 0.6859903 0.774231 0.6844803 0.774143 0.6844415 0.7576724 0.6859453 0.7577708 0.6844803 0.774143 0.6829662 0.7740786 0.682944 0.7576004 0.6844415 0.7576724 0.6829662 0.7740786 0.6814503 0.774055 0.6814503 0.757574 0.682944 0.7576004 0.7010846 0.7577742 0.7026004 0.7577506 0.7025783 0.7742288 0.7010846 0.7742552 0.7026004 0.7577506 0.7041146 0.7576861 0.7040757 0.7741568 0.7025783 0.7742288 0.7041146 0.7576861 0.7056246 0.7575981 0.7055796 0.7740584 0.7040757 0.7741568 0.7758724 0.7567129 0.7773767 0.7566245 0.7773377 0.7730709 0.7758273 0.7731696 0.7773767 0.7566245 0.778875 0.7565598 0.7788528 0.7729986 0.7773377 0.7730709 0.778875 0.7565598 0.7803699 0.7565361 0.7803699 0.7729722 0.7788528 0.7729986 0.7596241 0.773558 0.7581292 0.7735343 0.758107 0.7570954 0.7596241 0.7571219 0.7581292 0.7735343 0.7566309 0.7734696 0.756592 0.7570231 0.758107 0.7570954 0.7566309 0.7734696 0.7551267 0.7733812 0.7550816 0.7569244 0.756592 0.7570231 0.7551267 0.7733812 0.7536167 0.7732928 0.7535777 0.7568257 0.7550816 0.7569244 0.7536167 0.7732928 0.7521026 0.7732281 0.7520803 0.7567534 0.7535777 0.7568257 0.7521026 0.7732281 0.7505866 0.7732044 0.7505866 0.7567269 0.7520803 0.7567534 0.7713323 0.7568897 0.7728483 0.756866 0.772826 0.7733406 0.7713323 0.7733671 0.7728483 0.756866 0.7743625 0.7568013 0.7743234 0.7732683 0.772826 0.7733406 0.7743625 0.7568013 0.7758724 0.7567129 0.7758273 0.7731696 0.7743234 0.7732683 0.234449 0.7722736 0.2359532 0.7721849 0.2359141 0.7884768 0.2344037 0.7885757 0.2359532 0.7721849 0.2374516 0.7721198 0.2374293 0.7884044 0.2359141 0.7884768 0.2374516 0.7721198 0.2389464 0.772096 0.2389464 0.7883778 0.2374293 0.7884044 0.1996973 0.7840244 0.1982024 0.7840005 0.1981801 0.767716 0.1996973 0.7677425 0.1982024 0.7840005 0.196704 0.7839356 0.1966651 0.7676436 0.1981801 0.767716 0.196704 0.7839356 0.1951999 0.7838467 0.1951546 0.7675446 0.1966651 0.7676436 0.1951999 0.7838467 0.1936898 0.7837579 0.1936507 0.7674458 0.1951546 0.7675446 0.1936898 0.7837579 0.1921757 0.7836929 0.1921533 0.7673733 0.1936507 0.7674458 0.1921757 0.7836929 0.1906597 0.7836691 0.1906597 0.7673468 0.1921533 0.7673733 0.2299088 0.7724512 0.2314249 0.7724274 0.2314025 0.788747 0.2299088 0.7887735 0.2314249 0.7724274 0.232939 0.7723624 0.2328999 0.7886746 0.2314025 0.788747 0.232939 0.7723624 0.234449 0.7722736 0.2344037 0.7885757 0.2328999 0.7886746 0.7437857 0.8045151 0.7448796 0.8051204 0.7438125 0.8062 0.7431749 0.8051247 0.6034172 0.8042359 0.603421 0.8029857 0.6048638 0.8033707 0.6042504 0.8044599 0.1431614 0.80796 0.1420702 0.8085701 0.1416875 0.8071067 0.1429375 0.8071293 0.7431749 0.8051247 0.7438125 0.8062 0.7423475 0.8065999 0.7423419 0.8053497 0.5914838 0.807344 0.5920973 0.8084333 0.5906545 0.8088182 0.5906506 0.807568 0.1429375 0.8071293 0.1416875 0.8071067 0.1420896 0.8056545 0.1431612 0.8062983 0.630392 0.8025972 0.6303976 0.801347 0.6318625 0.801747 0.6312249 0.8028224 0.5920947 0.806735 0.5931649 0.8073812 0.5920973 0.8084333 0.5914838 0.807344 0.657756 0.805901 0.6565061 0.8059263 0.6568875 0.8044615 0.6579802 0.8050691 0.1431612 0.8062983 0.1420896 0.8056545 0.1431576 0.8046017 0.1437718 0.8056905 0.6312249 0.8028224 0.6318625 0.801747 0.6329296 0.8028267 0.6318357 0.8034318 0.5923185 0.8059024 0.5935685 0.805929 0.5931649 0.8073812 0.5920947 0.806735 0.6579802 0.8050691 0.6568875 0.8044615 0.6579551 0.803384 0.6585908 0.8044604 0.1437718 0.8056905 0.1431576 0.8046017 0.1446024 0.804217 0.1446051 0.8054671 0.6318357 0.8034318 0.6329296 0.8028267 0.6333099 0.8042928 0.63206 0.804265 0.6585908 0.8044604 0.6579551 0.803384 0.6594192 0.8029857 0.6594238 0.8042359 0.1275933 0.8087919 0.1275905 0.8100421 0.1261458 0.8096574 0.1267601 0.8085686 0.63206 0.804265 0.6333099 0.8042928 0.6329059 0.8057451 0.6318361 0.8050982 0.6352767 0.8042359 0.6352813 0.8029857 0.6367455 0.803384 0.6361097 0.8044604 0.1267601 0.8085686 0.1261458 0.8096574 0.1250777 0.8086046 0.1261494 0.8079608 0.6827002 0.8039923 0.6814503 0.8040201 0.6818305 0.8025539 0.6829245 0.8031591 0.6318361 0.8050982 0.6329059 0.8057451 0.6318384 0.806797 0.6312252 0.8057076 0.6361097 0.8044604 0.6367455 0.803384 0.637813 0.8044615 0.6367204 0.8050691 0.1261494 0.8079608 0.1250777 0.8086046 0.1246757 0.8071524 0.1259257 0.8071299 0.6829245 0.8031591 0.6818305 0.8025539 0.6828976 0.8014743 0.6835352 0.8025496 0.6312252 0.8057076 0.6318384 0.806797 0.6303962 0.807182 0.630392 0.8059319 0.6367204 0.8050691 0.637813 0.8044615 0.6381944 0.8059263 0.6369445 0.8059011 0.6835352 0.8025496 0.6828976 0.8014743 0.6843626 0.8010743 0.6843682 0.8023244 0.7423419 0.8020151 0.7423462 0.8007649 0.7437883 0.8011499 0.7431751 0.8022394 0.6369445 0.8059011 0.6381944 0.8059263 0.6377914 0.8073785 0.6367207 0.8067331 0.8040683 0.7475908 0.8040739 0.7463407 0.8055388 0.7467406 0.8049013 0.747816 0.7431751 0.8022394 0.7437883 0.8011499 0.7448558 0.8022018 0.743786 0.8028487 0.2573202 0.8060936 0.2585701 0.8061175 0.2581677 0.8075696 0.2570965 0.806925 0.6367207 0.8067331 0.6377914 0.8073785 0.6367236 0.8084309 0.6361099 0.8073416 0.8049013 0.747816 0.8055388 0.7467406 0.8066059 0.7478203 0.805512 0.7484255 0.743786 0.8028487 0.7448558 0.8022018 0.7452598 0.8036541 0.7440099 0.803682 0.2570965 0.806925 0.2581677 0.8075696 0.2570998 0.8086223 0.2564857 0.8075332 0.6361099 0.8073416 0.6367236 0.8084309 0.6352801 0.8088157 0.6352767 0.8075655 0.805512 0.7484255 0.8066059 0.7478203 0.8069862 0.7492865 0.8057363 0.7492586 0.2564857 0.8075332 0.2570998 0.8086223 0.2556556 0.8090069 0.2556525 0.8077567 0.6594238 0.8075654 0.6594204 0.8088156 0.6579769 0.8084308 0.6585906 0.8073416 0.8057363 0.7492586 0.8069862 0.7492865 0.8065822 0.7507388 0.8055124 0.7500919 0.7895517 0.8053308 0.7895548 0.8040807 0.7909989 0.8044654 0.790385 0.8055544 0.6585906 0.8073416 0.6579769 0.8084308 0.6569091 0.8073785 0.6579799 0.8067331 0.7522546 0.8035491 0.7535045 0.8035769 0.7531005 0.8050292 0.7520307 0.8043823 0.8055124 0.7500919 0.8065822 0.7507388 0.8055146 0.7517907 0.8049014 0.7507013 0.790385 0.8055544 0.7909989 0.8044654 0.7920669 0.805518 0.7909957 0.8061626 0.6579799 0.8067331 0.6569091 0.8073785 0.6565061 0.8059263 0.657756 0.805901 0.7520307 0.8043823 0.7531005 0.8050292 0.7520329 0.8060811 0.7514197 0.8049916 0.8049014 0.7507013 0.8055146 0.7517907 0.8040725 0.7521758 0.8040683 0.7509256 0.7909957 0.8061626 0.7920669 0.805518 0.7924693 0.8069701 0.7912194 0.806994 0.7514197 0.8049916 0.7520329 0.8060811 0.7505908 0.8064661 0.7505866 0.805216 0.6843682 0.8056591 0.684364 0.8069093 0.6829218 0.8065243 0.683535 0.8054348 0.7912194 0.806994 0.7924693 0.8069701 0.7920873 0.8084343 0.7909954 0.8078253 0.718504 0.8021685 0.7185082 0.8009184 0.7199504 0.8013033 0.7193372 0.8023927 0.683535 0.8054348 0.6829218 0.8065243 0.6818543 0.8054724 0.6829241 0.8048256 0.5878412 0.8050699 0.5889345 0.8044635 0.5893153 0.805929 0.5880654 0.8059025 0.7909954 0.8078253 0.7920873 0.8084343 0.7910196 0.8095106 0.7903848 0.8084336 0.7193372 0.8023927 0.7199504 0.8013033 0.7210179 0.8023552 0.7199481 0.8030021 0.6829241 0.8048256 0.6818543 0.8054724 0.6814503 0.8040201 0.6827002 0.8039923 0.5872305 0.8044608 0.5878672 0.803385 0.5889345 0.8044635 0.5878412 0.8050699 0.7903848 0.8084336 0.7910196 0.8095106 0.7895558 0.809908 0.7895517 0.8086578 0.7199481 0.8030021 0.7210179 0.8023552 0.7214218 0.8038076 0.720172 0.8038354 0.5863975 0.804236 0.5864026 0.8029859 0.5878672 0.803385 0.5872305 0.8044608 0.2556525 0.8044298 0.2556566 0.8031796 0.2571204 0.803577 0.2564856 0.804654 0.720172 0.8038354 0.7214218 0.8038076 0.7210416 0.8052738 0.7199477 0.8046686 0.2044031 0.8073083 0.2050398 0.8083842 0.2035753 0.8087832 0.2035701 0.8075331 0.2564856 0.804654 0.2571204 0.803577 0.2581881 0.8046534 0.2570962 0.8052623 0.6632866 0.8031613 0.6643805 0.8025561 0.6647607 0.8040223 0.6635109 0.8039944 0.109399 0.8071298 0.108149 0.8071524 0.1085317 0.8056889 0.109623 0.8062989 0.7199477 0.8046686 0.7210416 0.8052738 0.7199745 0.8063533 0.7193369 0.8052781 0.2050139 0.8066992 0.2061071 0.8073055 0.2050398 0.8083842 0.2044031 0.8073083 0.2570962 0.8052623 0.2581881 0.8046534 0.2585701 0.8061175 0.2573202 0.8060936 0.6626758 0.8025518 0.6633134 0.8014765 0.6643805 0.8025561 0.6632866 0.8031613 0.109623 0.8062989 0.1085317 0.8056889 0.1095995 0.8046134 0.1102335 0.805691 0.7193369 0.8052781 0.7199745 0.8063533 0.7185096 0.8067534 0.718504 0.8055032 0.2052381 0.8058666 0.206488 0.8058401 0.2061071 0.8073055 0.2050139 0.8066992 0.6618429 0.8023267 0.6618485 0.8010765 0.6633134 0.8014765 0.6626758 0.8025518 0.1102335 0.805691 0.1095995 0.8046134 0.1110629 0.8042168 0.1110666 0.805467 0.7505866 0.8018813 0.7505922 0.8006311 0.7520571 0.8010311 0.7514195 0.8021064 0.2050142 0.8050339 0.2060844 0.8043878 0.206488 0.8058401 0.2052381 0.8058666 0.7031694 0.8023976 0.7025318 0.8013222 0.7039968 0.8009223 0.7040024 0.8021724 0.1360992 0.808792 0.1360955 0.8100422 0.1346321 0.8096456 0.1352661 0.8085681 0.7514195 0.8021064 0.7520571 0.8010311 0.7531242 0.8021107 0.7520303 0.8027159 0.8090094 0.7776146 0.8102594 0.7775921 0.8098766 0.7790555 0.8087854 0.7784454 0.2044034 0.8044251 0.2050168 0.8033357 0.2060844 0.8043878 0.2050142 0.8050339 0.7025586 0.803007 0.7014647 0.8024018 0.7025318 0.8013222 0.7031694 0.8023976 0.1352661 0.8085681 0.1346321 0.8096456 0.1335642 0.8085701 0.1346555 0.8079602 0.7520303 0.8027159 0.7531242 0.8021107 0.7535045 0.8035769 0.7522546 0.8035491 0.8087854 0.7784454 0.8098766 0.7790555 0.8088088 0.7801308 0.8081749 0.7790533 0.2035701 0.804201 0.203574 0.8029508 0.2050168 0.8033357 0.2044034 0.8044251 0.7023344 0.8038402 0.7010845 0.803868 0.7014647 0.8024018 0.7025586 0.803007 0.1346555 0.8079602 0.1335642 0.8085701 0.1331816 0.8071066 0.1344316 0.8071293 0.8081749 0.7790533 0.8088088 0.7801308 0.8073455 0.7805274 0.8073418 0.7792772 0.5872307 0.8073441 0.5878441 0.8084333 0.5864014 0.8088183 0.5863975 0.807568 0.7025583 0.8046734 0.7014885 0.8053203 0.7010845 0.803868 0.7023344 0.8038402</float_array>
          <technique_common>
            <accessor source="#Cargo_Container_Pipes_Mesh-mesh-map-0-array" count="6528" stride="2">
              <param name="S" type="float"/>
              <param name="T" type="float"/>
            </accessor>
          </technique_common>
        </source>
        <vertices id="Cargo_Container_Pipes_Mesh-mesh-vertices">
          <input semantic="POSITION" source="#Cargo_Container_Pipes_Mesh-mesh-positions"/>
        </vertices>
        <polylist material="Mat_Cargo_Container_Pipes-material" count="1632">
          <input semantic="VERTEX" source="#Cargo_Container_Pipes_Mesh-mesh-vertices" offset="0"/>
          <input semantic="NORMAL" source="#Cargo_Container_Pipes_Mesh-mesh-normals" offset="1"/>
          <input semantic="TEXCOORD" source="#Cargo_Container_Pipes_Mesh-mesh-map-0" offset="2" set="0"/>
          <vcount>4 4 4 4 4 4 4 4 4 4 4 4 4 4 4 4 4 4 4 4 4 4 4 4 4 4 4 4 4 4 4 4 4 4 4 4 4 4 4 4 4 4 4 4 4 4 4 4 4 4 4 4 4 4 4 4 4 4 4 4 4 4 4 4 4 4 4 4 4 4 4 4 4 4 4 4 4 4 4 4 4 4 4 4 4 4 4 4 4 4 4 4 4 4 4 4 4 4 4 4 4 4 4 4 4 4 4 4 4 4 4 4 4 4 4 4 4 4 4 4 4 4 4 4 4 4 4 4 4 4 4 4 4 4 4 4 4 4 4 4 4 4 4 4 4 4 4 4 4 4 4 4 4 4 4 4 4 4 4 4 4 4 4 4 4 4 4 4 4 4 4 4 4 4 4 4 4 4 4 4 4 4 4 4 4 4 4 4 4 4 4 4 4 4 4 4 4 4 4 4 4 4 4 4 4 4 4 4 4 4 4 4 4 4 4 4 4 4 4 4 4 4 4 4 4 4 4 4 4 4 4 4 4 4 4 4 4 4 4 4 4 4 4 4 4 4 4 4 4 4 4 4 4 4 4 4 4 4 4 4 4 4 4 4 4 4 4 4 4 4 4 4 4 4 4 4 4 4 4 4 4 4 4 4 4 4 4 4 4 4 4 4 4 4 4 4 4 4 4 4 4 4 4 4 4 4 4 4 4 4 4 4 4 4 4 4 4 4 4 4 4 4 4 4 4 4 4 4 4 4 4 4 4 4 4 4 4 4 4 4 4 4 4 4 4 4 4 4 4 4 4 4 4 4 4 4 4 4 4 4 4 4 4 4 4 4 4 4 4 4 4 4 4 4 4 4 4 4 4 4 4 4 4 4 4 4 4 4 4 4 4 4 4 4 4 4 4 4 4 4 4 4 4 4 4 4 4 4 4 4 4 4 4 4 4 4 4 4 4 4 4 4 4 4 4 4 4 4 4 4 4 4 4 4 4 4 4 4 4 4 4 4 4 4 4 4 4 4 4 4 4 4 4 4 4 4 4 4 4 4 4 4 4 4 4 4 4 4 4 4 4 4 4 4 4 4 4 4 4 4 4 4 4 4 4 4 4 4 4 4 4 4 4 4 4 4 4 4 4 4 4 4 4 4 4 4 4 4 4 4 4 4 4 4 4 4 4 4 4 4 4 4 4 4 4 4 4 4 4 4 4 4 4 4 4 4 4 4 4 4 4 4 4 4 4 4 4 4 4 4 4 4 4 4 4 4 4 4 4 4 4 4 4 4 4 4 4 4 4 4 4 4 4 4 4 4 4 4 4 4 4 4 4 4 4 4 4 4 4 4 4 4 4 4 4 4 4 4 4 4 4 4 4 4 4 4 4 4 4 4 4 4 4 4 4 4 4 4 4 4 4 4 4 4 4 4 4 4 4 4 4 4 4 4 4 4 4 4 4 4 4 4 4 4 4 4 4 4 4 4 4 4 4 4 4 4 4 4 4 4 4 4 4 4 4 4 4 4 4 4 4 4 4 4 4 4 4 4 4 4 4 4 4 4 4 4 4 4 4 4 4 4 4 4 4 4 4 4 4 4 4 4 4 4 4 4 4 4 4 4 4 4 4 4 4 4 4 4 4 4 4 4 4 4 4 4 4 4 4 4 4 4 4 4 4 4 4 4 4 4 4 4 4 4 4 4 4 4 4 4 4 4 4 4 4 4 4 4 4 4 4 4 4 4 4 4 4 4 4 4 4 4 4 4 4 4 4 4 4 4 4 4 4 4 4 4 4 4 4 4 4 4 4 4 4 4 4 4 4 4 4 4 4 4 4 4 4 4 4 4 4 4 4 4 4 4 4 4 4 4 4 4 4 4 4 4 4 4 4 4 4 4 4 4 4 4 4 4 4 4 4 4 4 4 4 4 4 4 4 4 4 4 4 4 4 4 4 4 4 4 4 4 4 4 4 4 4 4 4 4 4 4 4 4 4 4 4 4 4 4 4 4 4 4 4 4 4 4 4 4 4 4 4 4 4 4 4 4 4 4 4 4 4 4 4 4 4 4 4 4 4 4 4 4 4 4 4 4 4 4 4 4 4 4 4 4 4 4 4 4 4 4 4 4 4 4 4 4 4 4 4 4 4 4 4 4 4 4 4 4 4 4 4 4 4 4 4 4 4 4 4 4 4 4 4 4 4 4 4 4 4 4 4 4 4 4 4 4 4 4 4 4 4 4 4 4 4 4 4 4 4 4 4 4 4 4 4 4 4 4 4 4 4 4 4 4 4 4 4 4 4 4 4 4 4 4 4 4 4 4 4 4 4 4 4 4 4 4 4 4 4 4 4 4 4 4 4 4 4 4 4 4 4 4 4 4 4 4 4 4 4 4 4 4 4 4 4 4 4 4 4 4 4 4 4 4 4 4 4 4 4 4 4 4 4 4 4 4 4 4 4 4 4 4 4 4 4 4 4 4 4 4 4 4 4 4 4 4 4 4 4 4 4 4 4 4 4 4 4 4 4 4 4 4 4 4 4 4 4 4 4 4 4 4 4 4 4 4 4 4 4 4 4 4 4 4 4 4 4 4 4 4 4 4 4 4 4 4 4 4 4 4 4 4 4 4 4 4 4 4 4 4 4 4 4 4 4 4 4 4 4 4 4 4 4 4 4 4 4 4 4 4 4 4 4 4 4 4 4 4 4 4 4 4 4 4 4 4 4 4 4 4 4 4 4 4 4 4 4 4 4 4 4 4 4 4 4 4 4 4 4 4 4 4 4 4 4 4 4 4 4 4 4 4 4 4 4 4 4 4 4 4 4 4 4 4 4 4 4 4 4 4 4 4 4 4 4 4 4 4 4 4 4 4 4 4 4 4 4 4 4 4 4 4 4 4 4 4 4 4 4 4 4 4 4 4 4 4 4 4 4 4 4 4 4 4 4 4 4 4 4 4 4 4 4 4 4 4 4 4 4 4 4 4 4 4 4 4 4 4 4 4 4 4 4 4 4 4 4 4 4 4 4 4 4 4 4 4 4 4 4 4 4 4 4 4 4 4 4 4 4 4 4 4 4 4 4 4 4 4 4 4 4 4 4 4 4 4 4 4 4 4 4 4 4 4 4 4 4 4 4 4 4 4 4 4 4 4 4 4 4 4 4 4 4 4 4 4 4 4 4 4 4 4 4 4 4 4 4 4 4 4 4 4 4 4 4 4 4 4 4 4 4 4 4 4 4 4 4 4 4 4 4 4 4 4 4 4 4 4 4 4 4 4 4 4 4 4 4 4 4 4 4 4 4 4 4 4 4 4 4 4 4 4 4 4 4 4 4 4 4 4 4 4 4 4 4 4 4 4 4 4 4 4 4 4 4 4 4 4 4 4 4 4 4 4 4 4 4 4 4 4 4 4 4 4 4 4 4 4 4 4 4 4 4 4 4 4 4 4 4 4 4 4 4 4 4 4 4 4 4 4 4 4 4 4 4 4 4 4 4 4 4 4 4 4 4 4 4 4 4 4 4 4 4 4 4 4 4 4 4 4 4 4 4 4 4 4 4 4 4 4 4 4 4 4 4 4 4 4 4 4 4 4 4 4 4 4 4 4 4 4 4 4 4 4 4 4 4 4 4 4 4 4 4 4 4 4 4 4 4 4 4 4 4 4 4 4 4 4 4 4 4 4 4 4 4 4 4 4 4 4 </vcount>
          <p>0 0 0 12 1 1 23 2 2 11 0 3 1 3 4 13 4 5 12 5 6 0 6 7 2 7 8 14 8 9 13 4 10 1 3 11 3 9 12 15 10 13 14 8 14 2 7 15 4 11 16 16 12 17 15 10 18 3 9 19 5 13 20 17 14 21 16 15 22 4 13 23 6 16 24 18 17 25 17 18 26 5 16 27 7 19 28 19 20 29 18 21 30 6 22 31 8 23 32 20 24 33 19 20 34 7 19 35 9 25 36 21 26 37 20 24 38 8 23 39 10 27 40 22 28 41 21 26 42 9 25 43 11 29 44 23 30 45 22 31 46 10 29 47 12 1 48 24 32 49 35 33 50 23 2 51 13 4 52 25 34 53 24 35 54 12 5 55 14 8 56 26 36 57 25 34 58 13 4 59 15 10 60 27 37 61 26 36 62 14 8 63 16 12 64 28 38 65 27 37 66 15 10 67 17 14 68 29 39 69 28 40 70 16 15 71 18 17 72 30 41 73 29 42 74 17 18 75 19 20 76 31 43 77 30 44 78 18 21 79 20 24 80 32 45 81 31 43 82 19 20 83 21 26 84 33 46 85 32 45 86 20 24 87 22 28 88 34 47 89 33 46 90 21 26 91 23 30 92 35 48 93 34 49 94 22 31 95 24 32 96 36 50 97 47 51 98 35 33 99 25 34 100 37 52 101 36 53 102 24 35 103 26 36 104 38 54 105 37 52 106 25 34 107 27 37 108 39 55 109 38 54 110 26 36 111 28 38 112 40 56 113 39 55 114 27 37 115 29 39 116 41 57 117 40 58 118 28 40 119 30 41 120 42 59 121 41 60 122 29 42 123 31 43 124 43 61 125 42 62 126 30 44 127 32 63 128 44 64 129 43 61 130 31 43 131 33 46 132 45 65 133 44 64 134 32 63 135 34 47 136 46 66 137 45 65 138 33 46 139 35 48 140 47 67 141 46 68 142 34 49 143 36 50 144 48 69 145 59 70 146 47 51 147 37 52 148 49 71 149 48 72 150 36 53 151 38 54 152 50 73 153 49 71 154 37 52 155 39 55 156 51 74 157 50 73 158 38 54 159 40 56 160 52 75 161 51 74 162 39 55 163 41 57 164 53 76 165 52 77 166 40 58 167 42 59 168 54 78 169 53 79 170 41 60 171 43 61 172 55 80 173 54 81 174 42 62 175 44 82 176 56 83 177 55 80 178 43 61 179 45 65 180 57 84 181 56 83 182 44 82 183 46 66 184 58 85 185 57 84 186 45 65 187 47 67 188 59 86 189 58 87 190 46 68 191 600 88 192 60 89 193 71 90 194 607 88 195 602 91 196 61 92 197 60 93 198 600 94 199 604 95 200 62 96 201 61 92 202 602 91 203 606 97 204 63 98 205 62 96 206 604 95 207 608 99 208 64 100 209 63 98 210 606 97 211 609 101 212 65 102 213 64 103 214 608 101 215 610 104 216 66 105 217 65 106 218 609 104 219 611 107 220 67 108 221 66 109 222 610 110 223 601 111 224 68 112 225 67 108 226 611 107 227 603 113 228 69 114 229 68 112 230 601 111 231 605 115 232 70 116 233 69 114 234 603 113 235 607 117 236 71 118 237 70 119 238 605 117 239 60 89 240 72 120 241 83 121 242 71 90 243 61 92 244 73 122 245 72 123 246 60 93 247 62 96 248 74 124 249 73 122 250 61 92 251 63 98 252 75 125 253 74 124 254 62 96 255 64 100 256 76 126 257 75 125 258 63 98 259 65 102 260 77 127 261 76 128 262 64 103 263 66 105 264 78 129 265 77 130 266 65 106 267 67 108 268 79 131 269 78 132 270 66 109 271 68 112 272 80 133 273 79 131 274 67 108 275 69 114 276 81 134 277 80 133 278 68 112 279 70 116 280 82 135 281 81 134 282 69 114 283 71 118 284 83 136 285 82 137 286 70 119 287 72 120 288 84 138 289 95 139 290 83 121 291 73 122 292 85 140 293 84 141 294 72 123 295 74 124 296 86 142 297 85 140 298 73 122 299 75 125 300 87 143 301 86 142 302 74 124 303 76 126 304 88 144 305 87 143 306 75 125 307 77 127 308 89 145 309 88 146 310 76 128 311 78 129 312 90 147 313 89 148 314 77 130 315 79 131 316 91 149 317 90 150 318 78 132 319 80 151 320 92 152 321 91 149 322 79 131 323 81 134 324 93 153 325 92 152 326 80 151 327 82 135 328 94 154 329 93 153 330 81 134 331 83 136 332 95 155 333 94 156 334 82 137 335 84 138 336 96 157 337 107 158 338 95 139 339 85 140 340 97 159 341 96 160 342 84 141 343 86 142 344 98 161 345 97 159 346 85 140 347 87 143 348 99 162 349 98 161 350 86 142 351 88 144 352 100 163 353 99 162 354 87 143 355 89 145 356 101 164 357 100 165 358 88 146 359 90 147 360 102 166 361 101 167 362 89 148 363 91 149 364 103 168 365 102 169 366 90 150 367 92 170 368 104 171 369 103 168 370 91 149 371 93 153 372 105 172 373 104 171 374 92 170 375 94 154 376 106 173 377 105 172 378 93 153 379 95 155 380 107 174 381 106 175 382 94 156 383 96 157 384 108 176 385 119 176 386 107 158 387 97 159 388 109 177 389 108 178 390 96 160 391 98 161 392 110 179 393 109 177 394 97 159 395 99 162 396 111 180 397 110 179 398 98 161 399 100 163 400 112 181 401 111 180 402 99 162 403 101 164 404 113 182 405 112 182 406 100 165 407 102 166 408 114 183 409 113 183 410 101 167 411 103 168 412 115 184 413 114 185 414 102 169 415 104 171 416 116 186 417 115 184 418 103 168 419 105 172 420 117 187 421 116 186 422 104 171 423 106 173 424 118 188 425 117 187 426 105 172 427 107 174 428 119 189 429 118 189 430 106 175 431 120 0 432 132 1 433 143 2 434 131 0 435 121 190 436 133 191 437 132 192 438 120 193 439 122 194 440 134 195 441 133 191 442 121 190 443 123 196 444 135 197 445 134 195 446 122 194 447 124 11 448 136 12 449 135 197 450 123 196 451 125 13 452 137 198 453 136 199 454 124 13 455 126 16 456 138 17 457 137 18 458 125 16 459 127 200 460 139 201 461 138 202 462 126 203 463 128 204 464 140 205 465 139 201 466 127 200 467 129 206 468 141 207 469 140 205 470 128 204 471 130 208 472 142 209 473 141 207 474 129 206 475 131 210 476 143 211 477 142 212 478 130 210 479 132 1 480 144 32 481 155 33 482 143 2 483 133 191 484 145 213 485 144 214 486 132 192 487 134 195 488 146 215 489 145 213 490 133 191 491 135 197 492 147 216 493 146 215 494 134 195 495 136 12 496 148 217 497 147 216 498 135 197 499 137 198 500 149 218 501 148 219 502 136 199 503 138 17 504 150 41 505 149 42 506 137 18 507 139 201 508 151 220 509 150 221 510 138 202 511 140 205 512 152 45 513 151 220 514 139 201 515 141 207 516 153 222 517 152 45 518 140 205 519 142 209 520 154 223 521 153 222 522 141 207 523 143 211 524 155 224 525 154 225 526 142 212 527 144 32 528 156 226 529 167 227 530 155 33 531 145 213 532 157 228 533 156 229 534 144 214 535 146 215 536 158 230 537 157 228 538 145 213 539 147 216 540 159 231 541 158 230 542 146 215 543 148 217 544 160 232 545 159 231 546 147 216 547 149 218 548 161 233 549 160 234 550 148 219 551 150 41 552 162 59 553 161 60 554 149 42 555 151 220 556 163 235 557 162 236 558 150 221 559 152 237 560 164 238 561 163 235 562 151 220 563 153 222 564 165 239 565 164 238 566 152 237 567 154 223 568 166 240 569 165 239 570 153 222 571 155 224 572 167 241 573 166 242 574 154 225 575 156 226 576 168 243 577 179 244 578 167 227 579 157 228 580 169 245 581 168 246 582 156 229 583 158 230 584 170 247 585 169 245 586 157 228 587 159 231 588 171 248 589 170 247 590 158 230 591 160 232 592 172 249 593 171 248 594 159 231 595 161 233 596 173 250 597 172 251 598 160 234 599 162 59 600 174 252 601 173 253 602 161 60 603 163 235 604 175 254 605 174 255 606 162 236 607 164 256 608 176 257 609 175 254 610 163 235 611 165 239 612 177 258 613 176 257 614 164 256 615 166 240 616 178 259 617 177 258 618 165 239 619 167 241 620 179 260 621 178 261 622 166 242 623 588 262 624 180 263 625 191 264 626 595 262 627 590 265 628 181 266 629 180 267 630 588 268 631 592 269 632 182 270 633 181 266 634 590 265 635 594 271 636 183 272 637 182 270 638 592 269 639 596 273 640 184 274 641 183 272 642 594 271 643 597 275 644 185 276 645 184 277 646 596 275 647 598 278 648 186 279 649 185 280 650 597 278 651 599 281 652 187 282 653 186 283 654 598 284 655 589 285 656 188 286 657 187 282 658 599 281 659 591 287 660 189 288 661 188 286 662 589 285 663 593 289 664 190 290 665 189 288 666 591 287 667 595 291 668 191 292 669 190 293 670 593 291 671 180 263 672 192 294 673 203 295 674 191 264 675 181 266 676 193 296 677 192 297 678 180 267 679 182 270 680 194 298 681 193 296 682 181 266 683 183 272 684 195 299 685 194 298 686 182 270 687 184 274 688 196 300 689 195 299 690 183 272 691 185 276 692 197 301 693 196 302 694 184 277 695 186 279 696 198 303 697 197 304 698 185 280 699 187 282 700 199 305 701 198 306 702 186 283 703 188 286 704 200 307 705 199 305 706 187 282 707 189 288 708 201 308 709 200 307 710 188 286 711 190 290 712 202 309 713 201 308 714 189 288 715 191 292 716 203 310 717 202 311 718 190 293 719 192 294 720 204 312 721 215 313 722 203 295 723 193 296 724 205 314 725 204 315 726 192 297 727 194 298 728 206 316 729 205 314 730 193 296 731 195 299 732 207 143 733 206 316 734 194 298 735 196 300 736 208 144 737 207 143 738 195 299 739 197 301 740 209 317 741 208 318 742 196 302 743 198 303 744 210 319 745 209 320 746 197 304 747 199 305 748 211 321 749 210 322 750 198 306 751 200 323 752 212 324 753 211 321 754 199 305 755 201 308 756 213 325 757 212 324 758 200 323 759 202 309 760 214 326 761 213 325 762 201 308 763 203 310 764 215 327 765 214 328 766 202 311 767 204 312 768 216 157 769 227 158 770 215 313 771 205 314 772 217 329 773 216 330 774 204 315 775 206 316 776 218 331 777 217 329 778 205 314 779 207 143 780 219 332 781 218 331 782 206 316 783 208 144 784 220 163 785 219 332 786 207 143 787 209 317 788 221 333 789 220 334 790 208 318 791 210 319 792 222 166 793 221 167 794 209 320 795 211 321 796 223 335 797 222 336 798 210 322 799 212 337 800 224 338 801 223 335 802 211 321 803 213 325 804 225 339 805 224 338 806 212 337 807 214 326 808 226 340 809 225 339 810 213 325 811 215 327 812 227 341 813 226 342 814 214 328 815 216 157 816 228 176 817 239 176 818 227 158 819 217 329 820 229 343 821 228 344 822 216 330 823 218 331 824 230 345 825 229 343 826 217 329 827 219 332 828 231 346 829 230 345 830 218 331 831 220 163 832 232 181 833 231 346 834 219 332 835 221 333 836 233 182 837 232 182 838 220 334 839 222 166 840 234 183 841 233 183 842 221 167 843 223 335 844 235 347 845 234 348 846 222 336 847 224 338 848 236 349 849 235 347 850 223 335 851 225 339 852 237 350 853 236 349 854 224 338 855 226 340 856 238 351 857 237 350 858 225 339 859 227 341 860 239 352 861 238 352 862 226 342 863 240 353 864 252 354 865 263 355 866 251 353 867 241 356 868 253 357 869 252 358 870 240 193 871 242 359 872 254 360 873 253 357 874 241 356 875 243 361 876 255 362 877 254 360 878 242 359 879 244 363 880 256 364 881 255 362 882 243 361 883 245 365 884 257 366 885 256 367 886 244 365 887 246 368 888 258 369 889 257 370 890 245 368 891 247 371 892 259 372 893 258 373 894 246 374 895 248 375 896 260 376 897 259 372 898 247 371 899 249 377 900 261 378 901 260 376 902 248 375 903 250 379 904 262 380 905 261 378 906 249 377 907 251 381 908 263 382 909 262 383 910 250 381 911 252 354 912 264 384 913 275 385 914 263 355 915 253 357 916 265 386 917 264 387 918 252 358 919 254 360 920 266 388 921 265 386 922 253 357 923 255 362 924 267 389 925 266 388 926 254 360 927 256 364 928 268 390 929 267 389 930 255 362 931 257 366 932 269 391 933 268 392 934 256 367 935 258 369 936 270 393 937 269 394 938 257 370 939 259 372 940 271 395 941 270 396 942 258 373 943 260 376 944 272 397 945 271 395 946 259 372 947 261 378 948 273 398 949 272 397 950 260 376 951 262 380 952 274 399 953 273 398 954 261 378 955 263 382 956 275 400 957 274 401 958 262 383 959 264 384 960 276 402 961 287 403 962 275 385 963 265 386 964 277 404 965 276 405 966 264 387 967 266 388 968 278 406 969 277 404 970 265 386 971 267 389 972 279 407 973 278 406 974 266 388 975 268 390 976 280 408 977 279 407 978 267 389 979 269 391 980 281 409 981 280 410 982 268 392 983 270 393 984 282 411 985 281 412 986 269 394 987 271 395 988 283 413 989 282 414 990 270 396 991 272 415 992 284 416 993 283 413 994 271 395 995 273 398 996 285 417 997 284 416 998 272 415 999 274 399 1000 286 418 1001 285 417 1002 273 398 1003 275 400 1004 287 419 1005 286 420 1006 274 401 1007 276 402 1008 288 421 1009 299 422 1010 287 403 1011 277 404 1012 289 423 1013 288 424 1014 276 405 1015 278 406 1016 290 425 1017 289 423 1018 277 404 1019 279 407 1020 291 426 1021 290 425 1022 278 406 1023 280 408 1024 292 427 1025 291 426 1026 279 407 1027 281 409 1028 293 428 1029 292 429 1030 280 410 1031 282 411 1032 294 430 1033 293 431 1034 281 412 1035 283 413 1036 295 432 1037 294 433 1038 282 414 1039 284 434 1040 296 435 1041 295 432 1042 283 413 1043 285 417 1044 297 436 1045 296 435 1046 284 434 1047 286 418 1048 298 437 1049 297 436 1050 285 417 1051 287 419 1052 299 438 1053 298 439 1054 286 420 1055 614 440 1056 300 441 1057 311 442 1058 617 440 1059 612 443 1060 301 444 1061 300 445 1062 614 446 1063 618 447 1064 302 448 1065 301 444 1066 612 443 1067 616 449 1068 303 450 1069 302 448 1070 618 447 1071 621 451 1072 304 452 1073 303 450 1074 616 449 1075 620 453 1076 305 454 1077 304 455 1078 621 453 1079 623 456 1080 306 457 1081 305 458 1082 620 456 1083 622 459 1084 307 460 1085 306 461 1086 623 462 1087 615 463 1088 308 464 1089 307 460 1090 622 459 1091 613 465 1092 309 466 1093 308 464 1094 615 463 1095 619 467 1096 310 468 1097 309 466 1098 613 465 1099 617 469 1100 311 470 1101 310 471 1102 619 469 1103 300 441 1104 312 472 1105 323 473 1106 311 442 1107 301 444 1108 313 474 1109 312 475 1110 300 445 1111 302 448 1112 314 476 1113 313 474 1114 301 444 1115 303 450 1116 315 477 1117 314 476 1118 302 448 1119 304 452 1120 316 478 1121 315 477 1122 303 450 1123 305 454 1124 317 479 1125 316 480 1126 304 455 1127 306 457 1128 318 481 1129 317 482 1130 305 458 1131 307 460 1132 319 483 1133 318 484 1134 306 461 1135 308 464 1136 320 485 1137 319 483 1138 307 460 1139 309 466 1140 321 486 1141 320 485 1142 308 464 1143 310 468 1144 322 487 1145 321 486 1146 309 466 1147 311 470 1148 323 488 1149 322 489 1150 310 471 1151 312 472 1152 324 490 1153 335 491 1154 323 473 1155 313 474 1156 325 492 1157 324 493 1158 312 475 1159 314 476 1160 326 494 1161 325 492 1162 313 474 1163 315 477 1164 327 495 1165 326 494 1166 314 476 1167 316 478 1168 328 496 1169 327 495 1170 315 477 1171 317 479 1172 329 497 1173 328 498 1174 316 480 1175 318 481 1176 330 499 1177 329 500 1178 317 482 1179 319 483 1180 331 501 1181 330 502 1182 318 484 1183 320 503 1184 332 503 1185 331 501 1186 319 483 1187 321 486 1188 333 504 1189 332 503 1190 320 503 1191 322 487 1192 334 505 1193 333 504 1194 321 486 1195 323 488 1196 335 506 1197 334 507 1198 322 489 1199 324 490 1200 336 508 1201 347 509 1202 335 491 1203 325 492 1204 337 510 1205 336 511 1206 324 493 1207 326 494 1208 338 512 1209 337 510 1210 325 492 1211 327 495 1212 339 513 1213 338 512 1214 326 494 1215 328 496 1216 340 514 1217 339 513 1218 327 495 1219 329 497 1220 341 515 1221 340 516 1222 328 498 1223 330 499 1224 342 517 1225 341 518 1226 329 500 1227 331 501 1228 343 519 1229 342 520 1230 330 502 1231 332 521 1232 344 522 1233 343 519 1234 331 501 1235 333 504 1236 345 523 1237 344 522 1238 332 521 1239 334 505 1240 346 524 1241 345 523 1242 333 504 1243 335 506 1244 347 525 1245 346 526 1246 334 507 1247 336 508 1248 348 527 1249 359 527 1250 347 509 1251 337 510 1252 349 528 1253 348 529 1254 336 511 1255 338 512 1256 350 530 1257 349 528 1258 337 510 1259 339 513 1260 351 531 1261 350 530 1262 338 512 1263 340 514 1264 352 532 1265 351 531 1266 339 513 1267 341 515 1268 353 533 1269 352 533 1270 340 516 1271 342 517 1272 354 534 1273 353 534 1274 341 518 1275 343 519 1276 355 535 1277 354 536 1278 342 520 1279 344 522 1280 356 537 1281 355 535 1282 343 519 1283 345 523 1284 357 538 1285 356 537 1286 344 522 1287 346 524 1288 358 539 1289 357 538 1290 345 523 1291 347 525 1292 359 540 1293 358 540 1294 346 526 1295 360 353 1296 372 354 1297 383 355 1298 371 353 1299 361 541 1300 373 542 1301 372 543 1302 360 544 1303 362 359 1304 374 545 1305 373 542 1306 361 541 1307 363 546 1308 375 547 1309 374 545 1310 362 359 1311 364 548 1312 376 549 1313 375 547 1314 363 546 1315 365 365 1316 377 550 1317 376 551 1318 364 365 1319 366 368 1320 378 369 1321 377 370 1322 365 368 1323 367 552 1324 379 553 1325 378 554 1326 366 555 1327 368 556 1328 380 557 1329 379 553 1330 367 552 1331 369 558 1332 381 559 1333 380 557 1334 368 556 1335 370 560 1336 382 561 1337 381 559 1338 369 558 1339 371 381 1340 383 562 1341 382 563 1342 370 381 1343 372 354 1344 384 384 1345 395 385 1346 383 355 1347 373 542 1348 385 564 1349 384 387 1350 372 543 1351 374 545 1352 386 565 1353 385 564 1354 373 542 1355 375 547 1356 387 566 1357 386 565 1358 374 545 1359 376 549 1360 388 390 1361 387 566 1362 375 547 1363 377 550 1364 389 567 1365 388 568 1366 376 551 1367 378 369 1368 390 393 1369 389 394 1370 377 370 1371 379 553 1372 391 569 1373 390 570 1374 378 554 1375 380 557 1376 392 571 1377 391 569 1378 379 553 1379 381 559 1380 393 572 1381 392 571 1382 380 557 1383 382 561 1384 394 573 1385 393 572 1386 381 559 1387 383 562 1388 395 574 1389 394 575 1390 382 563 1391 384 384 1392 396 576 1393 407 577 1394 395 385 1395 385 564 1396 397 578 1397 396 405 1398 384 387 1399 386 565 1400 398 579 1401 397 578 1402 385 564 1403 387 566 1404 399 580 1405 398 579 1406 386 565 1407 388 390 1408 400 408 1409 399 580 1410 387 566 1411 389 567 1412 401 581 1413 400 582 1414 388 568 1415 390 393 1416 402 583 1417 401 584 1418 389 394 1419 391 569 1420 403 585 1421 402 586 1422 390 570 1423 392 587 1424 404 588 1425 403 585 1426 391 569 1427 393 572 1428 405 589 1429 404 588 1430 392 587 1431 394 573 1432 406 590 1433 405 589 1434 393 572 1435 395 574 1436 407 591 1437 406 592 1438 394 575 1439 396 576 1440 408 593 1441 419 594 1442 407 577 1443 397 578 1444 409 595 1445 408 596 1446 396 405 1447 398 579 1448 410 597 1449 409 595 1450 397 578 1451 399 580 1452 411 598 1453 410 597 1454 398 579 1455 400 408 1456 412 599 1457 411 598 1458 399 580 1459 401 581 1460 413 600 1461 412 601 1462 400 582 1463 402 583 1464 414 602 1465 413 603 1466 401 584 1467 403 585 1468 415 604 1469 414 605 1470 402 586 1471 404 606 1472 416 607 1473 415 604 1474 403 585 1475 405 589 1476 417 608 1477 416 607 1478 404 606 1479 406 590 1480 418 609 1481 417 608 1482 405 589 1483 407 591 1484 419 610 1485 418 611 1486 406 592 1487 578 612 1488 420 613 1489 431 614 1490 581 612 1491 576 615 1492 421 616 1493 420 617 1494 578 618 1495 582 447 1496 422 619 1497 421 616 1498 576 615 1499 580 620 1500 423 621 1501 422 619 1502 582 447 1503 585 622 1504 424 623 1505 423 621 1506 580 620 1507 584 624 1508 425 625 1509 424 626 1510 585 624 1511 587 627 1512 426 628 1513 425 629 1514 584 627 1515 586 630 1516 427 631 1517 426 632 1518 587 633 1519 579 463 1520 428 634 1521 427 631 1522 586 630 1523 577 635 1524 429 636 1525 428 634 1526 579 463 1527 583 637 1528 430 638 1529 429 636 1530 577 635 1531 581 639 1532 431 640 1533 430 641 1534 583 639 1535 420 613 1536 432 642 1537 443 643 1538 431 614 1539 421 616 1540 433 644 1541 432 475 1542 420 617 1543 422 619 1544 434 645 1545 433 644 1546 421 616 1547 423 621 1548 435 646 1549 434 645 1550 422 619 1551 424 623 1552 436 478 1553 435 646 1554 423 621 1555 425 625 1556 437 647 1557 436 648 1558 424 626 1559 426 628 1560 438 649 1561 437 650 1562 425 629 1563 427 631 1564 439 651 1565 438 652 1566 426 632 1567 428 634 1568 440 653 1569 439 651 1570 427 631 1571 429 636 1572 441 654 1573 440 653 1574 428 634 1575 430 638 1576 442 655 1577 441 654 1578 429 636 1579 431 640 1580 443 656 1581 442 657 1582 430 641 1583 432 642 1584 444 658 1585 455 659 1586 443 643 1587 433 644 1588 445 660 1589 444 493 1590 432 475 1591 434 645 1592 446 661 1593 445 660 1594 433 644 1595 435 646 1596 447 662 1597 446 661 1598 434 645 1599 436 478 1600 448 496 1601 447 662 1602 435 646 1603 437 647 1604 449 663 1605 448 664 1606 436 648 1607 438 649 1608 450 665 1609 449 666 1610 437 650 1611 439 651 1612 451 667 1613 450 668 1614 438 652 1615 440 503 1616 452 503 1617 451 667 1618 439 651 1619 441 654 1620 453 669 1621 452 503 1622 440 503 1623 442 655 1624 454 670 1625 453 669 1626 441 654 1627 443 656 1628 455 671 1629 454 672 1630 442 657 1631 444 658 1632 456 508 1633 467 509 1634 455 659 1635 445 660 1636 457 673 1637 456 674 1638 444 493 1639 446 661 1640 458 675 1641 457 673 1642 445 660 1643 447 662 1644 459 676 1645 458 675 1646 446 661 1647 448 496 1648 460 677 1649 459 676 1650 447 662 1651 449 663 1652 461 678 1653 460 679 1654 448 664 1655 450 665 1656 462 680 1657 461 681 1658 449 666 1659 451 667 1660 463 682 1661 462 683 1662 450 668 1663 452 684 1664 464 685 1665 463 682 1666 451 667 1667 453 669 1668 465 686 1669 464 685 1670 452 684 1671 454 670 1672 466 687 1673 465 686 1674 453 669 1675 455 671 1676 467 525 1677 466 526 1678 454 672 1679 456 508 1680 468 527 1681 479 527 1682 467 509 1683 457 673 1684 469 688 1685 468 689 1686 456 674 1687 458 675 1688 470 530 1689 469 688 1690 457 673 1691 459 676 1692 471 690 1693 470 530 1694 458 675 1695 460 677 1696 472 691 1697 471 690 1698 459 676 1699 461 678 1700 473 533 1701 472 533 1702 460 679 1703 462 680 1704 474 534 1705 473 534 1706 461 681 1707 463 682 1708 475 692 1709 474 693 1710 462 683 1711 464 685 1712 476 694 1713 475 692 1714 463 682 1715 465 686 1716 477 695 1717 476 694 1718 464 685 1719 466 687 1720 478 696 1721 477 695 1722 465 686 1723 467 525 1724 479 540 1725 478 540 1726 466 526 1727 419 610 1728 485 697 1729 487 697 1730 418 611 1731 418 609 1732 487 637 1733 481 698 1734 417 608 1735 417 608 1736 481 698 1737 483 463 1738 416 607 1739 416 607 1740 483 463 1741 490 699 1742 415 604 1743 415 604 1744 490 699 1745 491 633 1746 414 605 1747 414 602 1748 491 700 1749 488 700 1750 413 603 1751 413 600 1752 488 624 1753 489 624 1754 412 601 1755 412 599 1756 489 701 1757 484 702 1758 411 598 1759 411 598 1760 484 702 1761 486 447 1762 410 597 1763 410 597 1764 486 447 1765 480 703 1766 409 595 1767 409 595 1768 480 703 1769 482 704 1770 408 596 1771 408 593 1772 482 612 1773 485 612 1774 419 594 1775 179 260 1776 499 705 1777 497 705 1778 178 261 1779 178 259 1780 497 706 1781 495 707 1782 177 258 1783 177 258 1784 495 707 1785 493 708 1786 176 257 1787 176 257 1788 493 708 1789 503 709 1790 175 254 1791 175 254 1792 503 709 1793 502 710 1794 174 255 1795 174 252 1796 502 711 1797 501 711 1798 173 253 1799 173 250 1800 501 712 1801 500 712 1802 172 251 1803 172 249 1804 500 713 1805 498 714 1806 171 248 1807 171 248 1808 498 714 1809 496 715 1810 170 247 1811 170 247 1812 496 715 1813 494 716 1814 169 245 1815 169 245 1816 494 716 1817 492 717 1818 168 246 1819 168 243 1820 492 718 1821 499 718 1822 179 244 1823 59 86 1824 511 719 1825 509 719 1826 58 87 1827 58 85 1828 509 720 1829 507 721 1830 57 84 1831 57 84 1832 507 721 1833 505 722 1834 56 83 1835 56 83 1836 505 722 1837 515 723 1838 55 80 1839 55 80 1840 515 723 1841 514 724 1842 54 81 1843 54 78 1844 514 725 1845 513 725 1846 53 79 1847 53 76 1848 513 726 1849 512 726 1850 52 77 1851 52 75 1852 512 727 1853 510 728 1854 51 74 1855 51 74 1856 510 728 1857 508 729 1858 50 73 1859 50 73 1860 508 729 1861 506 730 1862 49 71 1863 49 71 1864 506 730 1865 504 731 1866 48 72 1867 48 69 1868 504 732 1869 511 732 1870 59 70 1871 299 438 1872 521 733 1873 523 733 1874 298 439 1875 298 437 1876 523 734 1877 517 735 1878 297 436 1879 297 436 1880 517 735 1881 519 463 1882 296 435 1883 296 435 1884 519 463 1885 526 736 1886 295 432 1887 295 432 1888 526 736 1889 527 737 1890 294 433 1891 294 430 1892 527 738 1893 524 738 1894 293 431 1895 293 428 1896 524 739 1897 525 739 1898 292 429 1899 292 427 1900 525 740 1901 520 741 1902 291 426 1903 291 426 1904 520 741 1905 522 447 1906 290 425 1907 290 425 1908 522 447 1909 516 742 1910 289 423 1911 289 423 1912 516 742 1913 518 743 1914 288 424 1915 288 421 1916 518 744 1917 521 744 1918 299 422 1919 521 745 1920 518 746 1921 719 747 1922 708 748 1923 654 749 1924 656 750 1925 832 751 1926 828 752 1927 498 753 1928 500 754 1929 691 755 1930 692 756 1931 629 757 1932 626 758 1933 772 759 1934 778 760 1935 518 746 1936 516 761 1937 718 762 1938 719 747 1939 652 763 1940 654 749 1941 828 752 1942 824 764 1943 500 754 1944 501 765 1945 690 766 1946 691 755 1947 516 761 1948 522 767 1949 717 768 1950 718 762 1951 650 769 1952 652 763 1953 824 764 1954 820 770 1955 501 765 1956 502 771 1957 689 772 1958 690 766 1959 522 767 1960 520 773 1961 716 774 1962 717 768 1963 648 775 1964 650 769 1965 820 770 1966 816 776 1967 540 777 1968 547 778 1969 739 779 1970 732 780 1971 502 771 1972 503 781 1973 688 782 1974 689 772 1975 520 773 1976 525 783 1977 715 784 1978 716 774 1979 655 785 1980 648 775 1981 816 776 1982 830 786 1983 542 787 1984 540 777 1985 732 780 1986 734 788 1987 503 781 1988 493 789 1989 687 790 1990 688 782 1991 525 783 1992 524 791 1993 714 792 1994 715 784 1995 544 793 1996 542 787 1997 734 788 1998 736 794 1999 493 789 2000 495 795 2001 686 796 2002 687 790 2003 524 791 2004 527 797 2005 713 798 2006 714 792 2007 546 799 2008 544 793 2009 736 794 2010 738 800 2011 495 795 2012 497 801 2013 685 802 2014 686 796 2015 566 803 2016 569 804 2017 761 805 2018 758 806 2019 527 797 2020 526 807 2021 712 808 2022 713 798 2023 548 809 2024 546 799 2025 738 800 2026 740 810 2027 497 801 2028 499 811 2029 684 812 2030 685 802 2031 564 813 2032 566 803 2033 758 806 2034 756 814 2035 526 807 2036 519 815 2037 711 816 2038 712 808 2039 549 817 2040 548 809 2041 740 810 2042 741 818 2043 570 819 2044 564 813 2045 756 814 2046 762 820 2047 519 815 2048 517 821 2049 710 822 2050 711 816 2051 550 823 2052 549 817 2053 741 818 2054 742 824 2055 568 825 2056 570 819 2057 762 820 2058 760 826 2059 517 821 2060 523 827 2061 709 828 2062 710 822 2063 588 829 2064 595 830 2065 807 831 2066 793 832 2067 551 833 2068 550 823 2069 742 824 2070 743 834 2071 573 835 2072 568 825 2073 760 826 2074 765 836 2075 523 827 2076 521 745 2077 708 748 2078 709 828 2079 590 837 2080 588 829 2081 793 832 2082 797 838 2083 541 839 2084 551 833 2085 743 834 2086 733 840 2087 572 841 2088 573 835 2089 765 836 2090 764 842 2091 592 843 2092 590 837 2093 797 838 2094 801 844 2095 543 845 2096 541 839 2097 733 840 2098 735 846 2099 575 847 2100 572 841 2101 764 842 2102 767 848 2103 594 849 2104 592 843 2105 801 844 2106 805 850 2107 545 851 2108 543 845 2109 735 846 2110 737 852 2111 614 853 2112 617 854 2113 851 855 2114 845 856 2115 574 857 2116 575 847 2117 767 848 2118 766 858 2119 596 859 2120 594 849 2121 805 850 2122 809 860 2123 547 778 2124 545 851 2125 737 852 2126 739 779 2127 612 861 2128 614 853 2129 845 856 2130 841 862 2131 567 863 2132 574 857 2133 766 858 2134 759 864 2135 597 865 2136 596 859 2137 809 860 2138 811 866 2139 618 867 2140 612 861 2141 841 862 2142 853 868 2143 565 869 2144 567 863 2145 759 864 2146 757 870 2147 598 871 2148 597 865 2149 811 866 2150 813 872 2151 616 873 2152 618 867 2153 853 868 2154 849 874 2155 571 875 2156 565 869 2157 757 870 2158 763 876 2159 641 877 2160 643 878 2161 806 879 2162 802 880 2163 599 881 2164 598 871 2165 813 872 2166 815 882 2167 621 883 2168 616 873 2169 849 874 2170 859 884 2171 569 804 2172 571 875 2173 763 876 2174 761 805 2175 639 885 2176 641 877 2177 802 880 2178 798 886 2179 589 887 2180 599 881 2181 815 882 2182 795 888 2183 620 889 2184 621 883 2185 859 884 2186 857 890 2187 637 891 2188 639 885 2189 798 886 2190 794 892 2191 591 893 2192 589 887 2193 795 888 2194 799 894 2195 623 895 2196 620 889 2197 857 890 2198 863 896 2199 647 897 2200 637 891 2201 794 892 2202 814 898 2203 593 899 2204 591 893 2205 799 894 2206 803 900 2207 667 901 2208 665 902 2209 850 903 2210 854 904 2211 485 905 2212 482 906 2213 683 907 2214 672 908 2215 622 909 2216 623 895 2217 863 896 2218 861 910 2219 646 911 2220 647 897 2221 814 898 2222 812 912 2223 595 830 2224 593 899 2225 803 900 2226 807 831 2227 661 913 2228 667 901 2229 854 904 2230 842 914 2231 482 906 2232 480 915 2233 682 916 2234 683 907 2235 615 917 2236 622 909 2237 861 910 2238 847 918 2239 645 919 2240 646 911 2241 812 912 2242 810 920 2243 663 921 2244 661 913 2245 842 914 2246 846 922 2247 480 915 2248 486 923 2249 681 924 2250 682 916 2251 613 925 2252 615 917 2253 847 918 2254 843 926 2255 644 927 2256 645 919 2257 810 920 2258 808 928 2259 670 929 2260 663 921 2261 846 922 2262 860 930 2263 486 923 2264 484 931 2265 680 932 2266 681 924 2267 619 933 2268 613 925 2269 843 926 2270 855 934 2271 511 935 2272 504 936 2273 707 937 2274 696 938 2275 642 939 2276 644 927 2277 808 928 2278 804 940 2279 671 941 2280 670 929 2281 860 930 2282 862 942 2283 484 931 2284 489 943 2285 679 944 2286 680 932 2287 617 854 2288 619 933 2289 855 934 2290 851 855 2291 504 936 2292 506 945 2293 706 946 2294 707 937 2295 640 947 2296 642 939 2297 804 940 2298 800 948 2299 668 949 2300 671 941 2301 862 942 2302 856 950 2303 530 951 2304 626 951 2305 629 951 2306 533 951 2307 528 952 2308 624 952 2309 626 953 2310 530 953 2311 534 447 2312 630 447 2313 624 952 2314 528 952 2315 532 954 2316 628 954 2317 630 447 2318 534 447 2319 537 955 2320 633 955 2321 628 954 2322 532 954 2323 536 956 2324 632 956 2325 633 956 2326 537 956 2327 539 957 2328 635 957 2329 632 957 2330 536 957 2331 538 958 2332 634 958 2333 635 959 2334 539 959 2335 531 463 2336 627 463 2337 634 958 2338 538 958 2339 529 960 2340 625 960 2341 627 463 2342 531 463 2343 535 961 2344 631 961 2345 625 960 2346 529 960 2347 533 962 2348 629 962 2349 631 962 2350 535 962 2351 540 963 2352 636 963 2353 643 963 2354 547 963 2355 542 964 2356 638 965 2357 636 966 2358 540 966 2359 544 967 2360 640 968 2361 638 965 2362 542 964 2363 546 969 2364 642 970 2365 640 968 2366 544 967 2367 548 971 2368 644 971 2369 642 970 2370 546 969 2371 549 972 2372 645 972 2373 644 972 2374 548 972 2375 550 973 2376 646 973 2377 645 973 2378 549 973 2379 551 974 2380 647 975 2381 646 976 2382 550 976 2383 541 977 2384 637 978 2385 647 975 2386 551 974 2387 543 979 2388 639 980 2389 637 978 2390 541 977 2391 545 981 2392 641 981 2393 639 980 2394 543 979 2395 547 982 2396 643 982 2397 641 982 2398 545 982 2399 552 983 2400 648 983 2401 655 983 2402 559 983 2403 554 984 2404 650 985 2405 648 986 2406 552 986 2407 556 987 2408 652 988 2409 650 985 2410 554 984 2411 558 989 2412 654 990 2413 652 988 2414 556 987 2415 560 991 2416 656 991 2417 654 990 2418 558 989 2419 561 992 2420 657 992 2421 656 992 2422 560 992 2423 562 993 2424 658 993 2425 657 993 2426 561 993 2427 563 994 2428 659 995 2429 658 996 2430 562 996 2431 553 997 2432 649 998 2433 659 995 2434 563 994 2435 555 999 2436 651 1000 2437 649 998 2438 553 997 2439 557 1001 2440 653 1001 2441 651 1000 2442 555 999 2443 559 1002 2444 655 1002 2445 653 1002 2446 557 1002 2447 566 1003 2448 662 1003 2449 665 1003 2450 569 1003 2451 564 1004 2452 660 1005 2453 662 1006 2454 566 1006 2455 570 447 2456 666 447 2457 660 1005 2458 564 1004 2459 568 1007 2460 664 1008 2461 666 447 2462 570 447 2463 573 1009 2464 669 1009 2465 664 1008 2466 568 1007 2467 572 1010 2468 668 1010 2469 669 1010 2470 573 1010 2471 575 1011 2472 671 1011 2473 668 1011 2474 572 1011 2475 574 1012 2476 670 1013 2477 671 1014 2478 575 1014 2479 567 463 2480 663 463 2481 670 1013 2482 574 1012 2483 565 1015 2484 661 1016 2485 663 463 2486 567 463 2487 571 1017 2488 667 1017 2489 661 1016 2490 565 1015 2491 569 1018 2492 665 1018 2493 667 1018 2494 571 1018 2495 672 1019 2496 725 1019 2497 727 1019 2498 673 1019 2499 673 1020 2500 727 1020 2501 721 1021 2502 674 1022 2503 674 1022 2504 721 1021 2505 723 1023 2506 675 1024 2507 675 1024 2508 723 1023 2509 730 1025 2510 676 1026 2511 676 1026 2512 730 1025 2513 731 1027 2514 677 1027 2515 677 1028 2516 731 1028 2517 728 1028 2518 678 1028 2519 678 1029 2520 728 1029 2521 729 1029 2522 679 1029 2523 679 1030 2524 729 1030 2525 724 1031 2526 680 1032 2527 680 1032 2528 724 1031 2529 726 1033 2530 681 1034 2531 681 1034 2532 726 1033 2533 720 1035 2534 682 1036 2535 682 1036 2536 720 1035 2537 722 1037 2538 683 1037 2539 683 1038 2540 722 1038 2541 725 1038 2542 672 1038 2543 684 1039 2544 739 1039 2545 737 1039 2546 685 1039 2547 685 1040 2548 737 1040 2549 735 1041 2550 686 1042 2551 686 1042 2552 735 1041 2553 733 1043 2554 687 1044 2555 687 1044 2556 733 1043 2557 743 1045 2558 688 1046 2559 688 1046 2560 743 1045 2561 742 1047 2562 689 1047 2563 689 1048 2564 742 1048 2565 741 1048 2566 690 1048 2567 690 1049 2568 741 1049 2569 740 1049 2570 691 1049 2571 691 1050 2572 740 1050 2573 738 1051 2574 692 1052 2575 692 1052 2576 738 1051 2577 736 1053 2578 693 1054 2579 693 1054 2580 736 1053 2581 734 1055 2582 694 1056 2583 694 1056 2584 734 1055 2585 732 1057 2586 695 1057 2587 695 1058 2588 732 1058 2589 739 1058 2590 684 1058 2591 696 1059 2592 751 1059 2593 749 1059 2594 697 1059 2595 697 1060 2596 749 1060 2597 747 1061 2598 698 1062 2599 698 1062 2600 747 1061 2601 745 1063 2602 699 1064 2603 699 1064 2604 745 1063 2605 755 1065 2606 700 1066 2607 700 1066 2608 755 1065 2609 754 1067 2610 701 1067 2611 701 1068 2612 754 1068 2613 753 1068 2614 702 1068 2615 702 1069 2616 753 1069 2617 752 1069 2618 703 1069 2619 703 1070 2620 752 1070 2621 750 1071 2622 704 1072 2623 704 1072 2624 750 1071 2625 748 1073 2626 705 1074 2627 705 1074 2628 748 1073 2629 746 1075 2630 706 1076 2631 706 1076 2632 746 1075 2633 744 1077 2634 707 1077 2635 707 1078 2636 744 1078 2637 751 1078 2638 696 1078 2639 708 1079 2640 761 1079 2641 763 1079 2642 709 1079 2643 709 1080 2644 763 1080 2645 757 1081 2646 710 1082 2647 710 1082 2648 757 1081 2649 759 1083 2650 711 1084 2651 711 1084 2652 759 1083 2653 766 1085 2654 712 1086 2655 712 1086 2656 766 1085 2657 767 1087 2658 713 1087 2659 713 1088 2660 767 1088 2661 764 1088 2662 714 1088 2663 714 1089 2664 764 1089 2665 765 1089 2666 715 1089 2667 715 1090 2668 765 1090 2669 760 1091 2670 716 1092 2671 716 1092 2672 760 1091 2673 762 1093 2674 717 1094 2675 717 1094 2676 762 1093 2677 756 1095 2678 718 1096 2679 718 1096 2680 756 1095 2681 758 1097 2682 719 1097 2683 719 1098 2684 758 1098 2685 761 1098 2686 708 1098 2687 778 1099 2688 779 1099 2689 783 1099 2690 782 1099 2691 782 1100 2692 783 1100 2693 771 1101 2694 770 1102 2695 770 1102 2696 771 1101 2697 775 1103 2698 774 1104 2699 774 1104 2700 775 1103 2701 789 1105 2702 788 1106 2703 788 1106 2704 789 1105 2705 791 1107 2706 790 1107 2707 790 1108 2708 791 1108 2709 785 1108 2710 784 1108 2711 784 1109 2712 785 1109 2713 787 1109 2714 786 1109 2715 786 1110 2716 787 1110 2717 777 1111 2718 776 1112 2719 776 1112 2720 777 1111 2721 781 1113 2722 780 1114 2723 780 1114 2724 781 1113 2725 769 1115 2726 768 1116 2727 768 1116 2728 769 1115 2729 773 1117 2730 772 1117 2731 772 1118 2732 773 1118 2733 779 1118 2734 778 1118 2735 806 1119 2736 807 1119 2737 803 1119 2738 802 1119 2739 802 1120 2740 803 1120 2741 799 1121 2742 798 1122 2743 798 1122 2744 799 1121 2745 795 1123 2746 794 1124 2747 794 1124 2748 795 1123 2749 815 1125 2750 814 1126 2751 814 1126 2752 815 1125 2753 813 1127 2754 812 1127 2755 812 1128 2756 813 1128 2757 811 1128 2758 810 1128 2759 810 1129 2760 811 1129 2761 809 1129 2762 808 1129 2763 808 1130 2764 809 1130 2765 805 1131 2766 804 1132 2767 804 1132 2768 805 1131 2769 801 1133 2770 800 1134 2771 800 1134 2772 801 1133 2773 797 1135 2774 796 1136 2775 796 1136 2776 797 1135 2777 793 1137 2778 792 1137 2779 792 1138 2780 793 1138 2781 807 1138 2782 806 1138 2783 830 1139 2784 831 1139 2785 827 1139 2786 826 1139 2787 826 1140 2788 827 1140 2789 823 1141 2790 822 1142 2791 822 1142 2792 823 1141 2793 819 1143 2794 818 1144 2795 818 1144 2796 819 1143 2797 839 1145 2798 838 1146 2799 838 1146 2800 839 1145 2801 837 1147 2802 836 1147 2803 836 1148 2804 837 1148 2805 835 1148 2806 834 1148 2807 834 1149 2808 835 1149 2809 833 1149 2810 832 1149 2811 832 1150 2812 833 1150 2813 829 1151 2814 828 1152 2815 828 1152 2816 829 1151 2817 825 1153 2818 824 1154 2819 824 1154 2820 825 1153 2821 821 1155 2822 820 1156 2823 820 1156 2824 821 1155 2825 817 1157 2826 816 1157 2827 816 1158 2828 817 1158 2829 831 1158 2830 830 1158 2831 850 1159 2832 851 1159 2833 855 1159 2834 854 1159 2835 854 1160 2836 855 1160 2837 843 1161 2838 842 1162 2839 842 1162 2840 843 1161 2841 847 1163 2842 846 1164 2843 846 1164 2844 847 1163 2845 861 1165 2846 860 1166 2847 860 1166 2848 861 1165 2849 863 1167 2850 862 1167 2851 862 1168 2852 863 1168 2853 857 1168 2854 856 1168 2855 856 1169 2856 857 1169 2857 859 1169 2858 858 1169 2859 858 1170 2860 859 1170 2861 849 1171 2862 848 1172 2863 848 1172 2864 849 1171 2865 853 1173 2866 852 1174 2867 852 1174 2868 853 1173 2869 841 1175 2870 840 1176 2871 840 1176 2872 841 1175 2873 845 1177 2874 844 1177 2875 844 1178 2876 845 1178 2877 851 1178 2878 850 1178 2879 626 758 2880 624 1179 2881 768 1180 2882 772 759 2883 496 1181 2884 498 753 2885 692 756 2886 693 1182 2887 656 750 2888 657 1183 2889 834 1184 2890 832 751 2891 624 1179 2892 630 1185 2893 780 1186 2894 768 1180 2895 494 1187 2896 496 1181 2897 693 1182 2898 694 1188 2899 657 1183 2900 658 1189 2901 836 1190 2902 834 1184 2903 630 1185 2904 628 1191 2905 776 1192 2906 780 1186 2907 492 1193 2908 494 1187 2909 694 1188 2910 695 1194 2911 607 1195 2912 605 1196 2913 827 1197 2914 831 1198 2915 658 1189 2916 659 1199 2917 838 1200 2918 836 1190 2919 628 1191 2920 633 1201 2921 786 1202 2922 776 1192 2923 499 811 2924 492 1193 2925 695 1194 2926 684 812 2927 605 1196 2928 603 1203 2929 823 1204 2930 827 1197 2931 659 1199 2932 649 1205 2933 818 1206 2934 838 1200 2935 633 1201 2936 632 1207 2937 784 1208 2938 786 1202 2939 603 1203 2940 601 1209 2941 819 1210 2942 823 1204 2943 649 1205 2944 651 1211 2945 822 1212 2946 818 1206 2947 632 1207 2948 635 1213 2949 790 1214 2950 784 1208 2951 601 1209 2952 611 1215 2953 839 1216 2954 819 1210 2955 651 1211 2956 653 1217 2957 826 1218 2958 822 1212 2959 581 1219 2960 583 1220 2961 783 1221 2962 779 1222 2963 635 1213 2964 634 1223 2965 788 1224 2966 790 1214 2967 611 1215 2968 610 1225 2969 837 1226 2970 839 1216 2971 653 1217 2972 655 785 2973 830 786 2974 826 1218 2975 583 1220 2976 577 1227 2977 771 1228 2978 783 1221 2979 634 1223 2980 627 1229 2981 774 1230 2982 788 1224 2983 610 1225 2984 609 1231 2985 835 1232 2986 837 1226 2987 577 1227 2988 579 1233 2989 775 1234 2990 771 1228 2991 627 1229 2992 625 1235 2993 770 1236 2994 774 1230 2995 609 1231 2996 608 1237 2997 833 1238 2998 835 1232 2999 579 1233 3000 586 1239 3001 789 1240 3002 775 1234 3003 625 1235 3004 631 1241 3005 782 1242 3006 770 1236 3007 559 1243 3008 557 1244 3009 749 1245 3010 751 1246 3011 608 1237 3012 606 1247 3013 829 1248 3014 833 1238 3015 586 1239 3016 587 1249 3017 791 1250 3018 789 1240 3019 631 1241 3020 629 757 3021 778 760 3022 782 1242 3023 557 1244 3024 555 1251 3025 747 1252 3026 749 1245 3027 606 1247 3028 604 1253 3029 825 1254 3030 829 1248 3031 587 1249 3032 584 1255 3033 785 1256 3034 791 1250 3035 555 1251 3036 553 1257 3037 745 1258 3038 747 1252 3039 604 1253 3040 602 1259 3041 821 1260 3042 825 1254 3043 584 1255 3044 585 1261 3045 787 1262 3046 785 1256 3047 553 1257 3048 563 1263 3049 755 1264 3050 745 1258 3051 602 1259 3052 600 1265 3053 817 1266 3054 821 1260 3055 533 1267 3056 535 1268 3057 727 1269 3058 725 1270 3059 585 1261 3060 580 1271 3061 777 1272 3062 787 1262 3063 563 1263 3064 562 1273 3065 754 1274 3066 755 1264 3067 600 1265 3068 607 1195 3069 831 1198 3070 817 1266 3071 535 1268 3072 529 1275 3073 721 1276 3074 727 1269 3075 580 1271 3076 582 1277 3077 781 1278 3078 777 1272 3079 562 1273 3080 561 1279 3081 753 1280 3082 754 1274 3083 529 1275 3084 531 1281 3085 723 1282 3086 721 1276 3087 582 1277 3088 576 1283 3089 769 1284 3090 781 1278 3091 561 1279 3092 560 1285 3093 752 1286 3094 753 1280 3095 531 1281 3096 538 1287 3097 730 1288 3098 723 1282 3099 576 1283 3100 578 1289 3101 773 1290 3102 769 1284 3103 509 1291 3104 511 935 3105 696 938 3106 697 1292 3107 560 1285 3108 558 1293 3109 750 1294 3110 752 1286 3111 538 1287 3112 539 1295 3113 731 1296 3114 730 1288 3115 578 1289 3116 581 1219 3117 779 1222 3118 773 1290 3119 507 1297 3120 509 1291 3121 697 1292 3122 698 1298 3123 558 1293 3124 556 1299 3125 748 1300 3126 750 1294 3127 539 1295 3128 536 1301 3129 728 1302 3130 731 1296 3131 505 1303 3132 507 1297 3133 698 1298 3134 699 1304 3135 556 1299 3136 554 1305 3137 746 1306 3138 748 1300 3139 536 1301 3140 537 1307 3141 729 1308 3142 728 1302 3143 515 1309 3144 505 1303 3145 699 1304 3146 700 1310 3147 554 1305 3148 552 1311 3149 744 1312 3150 746 1306 3151 487 1313 3152 485 905 3153 672 908 3154 673 1314 3155 665 902 3156 662 1315 3157 844 1316 3158 850 903 3159 537 1307 3160 532 1317 3161 724 1318 3162 729 1308 3163 514 1319 3164 515 1309 3165 700 1310 3166 701 1320 3167 552 1311 3168 559 1243 3169 751 1246 3170 744 1312 3171 481 1321 3172 487 1313 3173 673 1314 3174 674 1322 3175 662 1315 3176 660 1323 3177 840 1324 3178 844 1316 3179 532 1317 3180 534 1325 3181 726 1326 3182 724 1318 3183 513 1327 3184 514 1319 3185 701 1320 3186 702 1328 3187 483 1329 3188 481 1321 3189 674 1322 3190 675 1330 3191 660 1323 3192 666 1331 3193 852 1332 3194 840 1324 3195 534 1325 3196 528 1333 3197 720 1334 3198 726 1326 3199 512 1335 3200 513 1327 3201 702 1328 3202 703 1336 3203 490 1337 3204 483 1329 3205 675 1330 3206 676 1338 3207 666 1331 3208 664 1339 3209 848 1340 3210 852 1332 3211 528 1333 3212 530 1341 3213 722 1342 3214 720 1334 3215 643 878 3216 636 1343 3217 792 1344 3218 806 879 3219 510 1345 3220 512 1335 3221 703 1336 3222 704 1346 3223 491 1347 3224 490 1337 3225 676 1338 3226 677 1348 3227 664 1339 3228 669 1349 3229 858 1350 3230 848 1340 3231 530 1341 3232 533 1267 3233 725 1270 3234 722 1342 3235 636 1343 3236 638 1351 3237 796 1352 3238 792 1344 3239 508 1353 3240 510 1345 3241 704 1346 3242 705 1354 3243 488 1355 3244 491 1347 3245 677 1348 3246 678 1356 3247 669 1349 3248 668 949 3249 856 950 3250 858 1350 3251 638 1351 3252 640 947 3253 800 948 3254 796 1352 3255 506 945 3256 508 1353 3257 705 1354 3258 706 946 3259 489 943 3260 488 1355 3261 678 1356 3262 679 944 3263 864 1357 3264 875 1357 3265 887 1358 3266 876 1359 3267 865 1360 3268 864 1361 3269 876 1362 3270 877 1363 3271 866 1364 3272 865 1360 3273 877 1363 3274 878 1365 3275 867 1366 3276 866 1364 3277 878 1365 3278 879 1367 3279 868 1368 3280 867 1366 3281 879 1367 3282 880 1369 3283 869 1370 3284 868 1370 3285 880 1371 3286 881 1372 3287 870 1373 3288 869 1373 3289 881 1374 3290 882 1375 3291 871 1376 3292 870 1377 3293 882 1378 3294 883 1379 3295 872 1380 3296 871 1376 3297 883 1379 3298 884 1381 3299 873 1382 3300 872 1380 3301 884 1381 3302 885 1383 3303 874 1384 3304 873 1382 3305 885 1383 3306 886 1385 3307 875 1386 3308 874 1386 3309 886 1387 3310 887 1388 3311 876 1359 3312 887 1358 3313 899 1389 3314 888 1390 3315 877 1363 3316 876 1362 3317 888 1391 3318 889 1392 3319 878 1365 3320 877 1363 3321 889 1392 3322 890 1393 3323 879 1367 3324 878 1365 3325 890 1393 3326 891 1394 3327 880 1369 3328 879 1367 3329 891 1394 3330 892 1395 3331 881 1372 3332 880 1371 3333 892 1396 3334 893 1397 3335 882 1375 3336 881 1374 3337 893 1398 3338 894 1399 3339 883 1379 3340 882 1378 3341 894 1400 3342 895 1401 3343 884 1381 3344 883 1379 3345 895 1401 3346 896 1402 3347 885 1383 3348 884 1381 3349 896 1402 3350 897 1403 3351 886 1385 3352 885 1383 3353 897 1403 3354 898 1404 3355 887 1388 3356 886 1387 3357 898 1405 3358 899 1406 3359 888 1390 3360 899 1389 3361 911 1407 3362 900 1408 3363 889 1392 3364 888 1391 3365 900 1409 3366 901 1410 3367 890 1393 3368 889 1392 3369 901 1410 3370 902 1411 3371 891 1394 3372 890 1393 3373 902 1411 3374 903 1412 3375 892 1395 3376 891 1394 3377 903 1412 3378 904 1413 3379 893 1397 3380 892 1396 3381 904 1414 3382 905 1415 3383 894 1399 3384 893 1398 3385 905 1416 3386 906 1417 3387 895 1401 3388 894 1400 3389 906 1418 3390 907 1419 3391 896 1420 3392 895 1401 3393 907 1419 3394 908 1421 3395 897 1403 3396 896 1420 3397 908 1421 3398 909 1422 3399 898 1404 3400 897 1403 3401 909 1422 3402 910 1423 3403 899 1406 3404 898 1405 3405 910 1424 3406 911 1425 3407 900 1408 3408 911 1407 3409 923 1426 3410 912 1427 3411 901 1410 3412 900 1409 3413 912 1428 3414 913 1429 3415 902 1411 3416 901 1410 3417 913 1429 3418 914 1430 3419 903 1412 3420 902 1411 3421 914 1430 3422 915 1431 3423 904 1413 3424 903 1412 3425 915 1431 3426 916 1432 3427 905 1415 3428 904 1414 3429 916 1433 3430 917 1434 3431 906 1417 3432 905 1416 3433 917 1435 3434 918 1436 3435 907 1419 3436 906 1418 3437 918 1437 3438 919 1438 3439 908 1439 3440 907 1419 3441 919 1438 3442 920 1440 3443 909 1422 3444 908 1439 3445 920 1440 3446 921 1441 3447 910 1423 3448 909 1422 3449 921 1441 3450 922 1442 3451 911 1425 3452 910 1424 3453 922 1443 3454 923 1444 3455 1464 1445 3456 1471 1445 3457 935 1446 3458 924 1447 3459 1466 1448 3460 1464 1449 3461 924 1450 3462 925 1451 3463 1468 1452 3464 1466 1448 3465 925 1451 3466 926 1453 3467 1470 1454 3468 1468 1452 3469 926 1453 3470 927 1455 3471 1472 1456 3472 1470 1454 3473 927 1455 3474 928 1457 3475 1473 1458 3476 1472 1458 3477 928 1459 3478 929 1460 3479 1474 1461 3480 1473 1461 3481 929 1462 3482 930 1463 3483 1475 1464 3484 1474 1465 3485 930 1466 3486 931 1467 3487 1465 1468 3488 1475 1464 3489 931 1467 3490 932 1469 3491 1467 1470 3492 1465 1468 3493 932 1469 3494 933 1471 3495 1469 1472 3496 1467 1470 3497 933 1471 3498 934 1473 3499 1471 1474 3500 1469 1474 3501 934 1475 3502 935 1476 3503 924 1447 3504 935 1446 3505 947 1477 3506 936 1478 3507 925 1451 3508 924 1450 3509 936 1479 3510 937 1480 3511 926 1453 3512 925 1451 3513 937 1480 3514 938 1481 3515 927 1455 3516 926 1453 3517 938 1481 3518 939 1482 3519 928 1457 3520 927 1455 3521 939 1482 3522 940 1483 3523 929 1460 3524 928 1459 3525 940 1484 3526 941 1485 3527 930 1463 3528 929 1462 3529 941 1486 3530 942 1487 3531 931 1467 3532 930 1466 3533 942 1488 3534 943 1489 3535 932 1469 3536 931 1467 3537 943 1489 3538 944 1490 3539 933 1471 3540 932 1469 3541 944 1490 3542 945 1491 3543 934 1473 3544 933 1471 3545 945 1491 3546 946 1492 3547 935 1476 3548 934 1475 3549 946 1493 3550 947 1494 3551 936 1478 3552 947 1477 3553 959 1495 3554 948 1496 3555 937 1480 3556 936 1479 3557 948 1497 3558 949 1498 3559 938 1481 3560 937 1480 3561 949 1498 3562 950 1499 3563 939 1482 3564 938 1481 3565 950 1499 3566 951 1500 3567 940 1483 3568 939 1482 3569 951 1500 3570 952 1501 3571 941 1485 3572 940 1484 3573 952 1502 3574 953 1503 3575 942 1487 3576 941 1486 3577 953 1504 3578 954 1505 3579 943 1489 3580 942 1488 3581 954 1506 3582 955 1507 3583 944 1508 3584 943 1489 3585 955 1507 3586 956 1508 3587 945 1491 3588 944 1508 3589 956 1508 3590 957 1509 3591 946 1492 3592 945 1491 3593 957 1509 3594 958 1510 3595 947 1494 3596 946 1493 3597 958 1511 3598 959 1512 3599 948 1496 3600 959 1495 3601 971 1513 3602 960 1514 3603 949 1498 3604 948 1497 3605 960 1515 3606 961 1516 3607 950 1499 3608 949 1498 3609 961 1516 3610 962 1517 3611 951 1500 3612 950 1499 3613 962 1517 3614 963 1518 3615 952 1501 3616 951 1500 3617 963 1518 3618 964 1519 3619 953 1503 3620 952 1502 3621 964 1520 3622 965 1521 3623 954 1505 3624 953 1504 3625 965 1522 3626 966 1523 3627 955 1507 3628 954 1506 3629 966 1524 3630 967 1525 3631 956 1526 3632 955 1507 3633 967 1525 3634 968 1527 3635 957 1509 3636 956 1526 3637 968 1527 3638 969 1528 3639 958 1510 3640 957 1509 3641 969 1528 3642 970 1529 3643 959 1512 3644 958 1511 3645 970 1530 3646 971 1531 3647 960 1514 3648 971 1513 3649 983 1532 3650 972 1532 3651 961 1516 3652 960 1515 3653 972 1533 3654 973 1534 3655 962 1517 3656 961 1516 3657 973 1534 3658 974 1535 3659 963 1518 3660 962 1517 3661 974 1535 3662 975 1536 3663 964 1519 3664 963 1518 3665 975 1536 3666 976 1537 3667 965 1521 3668 964 1520 3669 976 1538 3670 977 1538 3671 966 1523 3672 965 1522 3673 977 1539 3674 978 1539 3675 967 1525 3676 966 1524 3677 978 1540 3678 979 1541 3679 968 1527 3680 967 1525 3681 979 1541 3682 980 1542 3683 969 1528 3684 968 1527 3685 980 1542 3686 981 1543 3687 970 1529 3688 969 1528 3689 981 1543 3690 982 1544 3691 971 1531 3692 970 1530 3693 982 1545 3694 983 1545 3695 984 1546 3696 995 1546 3697 1007 1547 3698 996 1548 3699 985 1549 3700 984 1550 3701 996 1551 3702 997 1552 3703 986 1553 3704 985 1549 3705 997 1552 3706 998 1554 3707 987 1555 3708 986 1553 3709 998 1554 3710 999 1556 3711 988 1557 3712 987 1555 3713 999 1556 3714 1000 1558 3715 989 1559 3716 988 1559 3717 1000 1560 3718 1001 1561 3719 990 1562 3720 989 1562 3721 1001 1563 3722 1002 1564 3723 991 1565 3724 990 1566 3725 1002 1567 3726 1003 1568 3727 992 1569 3728 991 1565 3729 1003 1568 3730 1004 1570 3731 993 1571 3732 992 1569 3733 1004 1570 3734 1005 1572 3735 994 1573 3736 993 1571 3737 1005 1572 3738 1006 1574 3739 995 1575 3740 994 1575 3741 1006 1576 3742 1007 1577 3743 996 1548 3744 1007 1547 3745 1019 1578 3746 1008 1579 3747 997 1552 3748 996 1551 3749 1008 1391 3750 1009 1580 3751 998 1554 3752 997 1552 3753 1009 1580 3754 1010 1581 3755 999 1556 3756 998 1554 3757 1010 1581 3758 1011 1582 3759 1000 1558 3760 999 1556 3761 1011 1582 3762 1012 1583 3763 1001 1561 3764 1000 1560 3765 1012 1584 3766 1013 1585 3767 1002 1564 3768 1001 1563 3769 1013 1586 3770 1014 1587 3771 1003 1568 3772 1002 1567 3773 1014 1588 3774 1015 1589 3775 1004 1570 3776 1003 1568 3777 1015 1589 3778 1016 1590 3779 1005 1572 3780 1004 1570 3781 1016 1590 3782 1017 1591 3783 1006 1574 3784 1005 1572 3785 1017 1591 3786 1018 1404 3787 1007 1577 3788 1006 1576 3789 1018 1592 3790 1019 1593 3791 1008 1579 3792 1019 1578 3793 1031 1407 3794 1020 1408 3795 1009 1580 3796 1008 1391 3797 1020 1409 3798 1021 1594 3799 1010 1581 3800 1009 1580 3801 1021 1594 3802 1022 1595 3803 1011 1582 3804 1010 1581 3805 1022 1595 3806 1023 1596 3807 1012 1583 3808 1011 1582 3809 1023 1596 3810 1024 1597 3811 1013 1585 3812 1012 1584 3813 1024 1414 3814 1025 1415 3815 1014 1587 3816 1013 1586 3817 1025 1598 3818 1026 1599 3819 1015 1589 3820 1014 1588 3821 1026 1600 3822 1027 1601 3823 1016 1602 3824 1015 1589 3825 1027 1601 3826 1028 1603 3827 1017 1591 3828 1016 1602 3829 1028 1603 3830 1029 1604 3831 1018 1404 3832 1017 1591 3833 1029 1604 3834 1030 1605 3835 1019 1593 3836 1018 1592 3837 1030 1606 3838 1031 1607 3839 1020 1408 3840 1031 1407 3841 1043 1608 3842 1032 1609 3843 1021 1594 3844 1020 1409 3845 1032 1610 3846 1033 1611 3847 1022 1595 3848 1021 1594 3849 1033 1611 3850 1034 1612 3851 1023 1596 3852 1022 1595 3853 1034 1612 3854 1035 1613 3855 1024 1597 3856 1023 1596 3857 1035 1613 3858 1036 1614 3859 1025 1415 3860 1024 1414 3861 1036 1615 3862 1037 1616 3863 1026 1599 3864 1025 1598 3865 1037 1617 3866 1038 1618 3867 1027 1601 3868 1026 1600 3869 1038 1619 3870 1039 1620 3871 1028 1621 3872 1027 1601 3873 1039 1620 3874 1040 1622 3875 1029 1604 3876 1028 1621 3877 1040 1622 3878 1041 1623 3879 1030 1605 3880 1029 1604 3881 1041 1623 3882 1042 1624 3883 1031 1607 3884 1030 1606 3885 1042 1625 3886 1043 1626 3887 1452 1627 3888 1459 1627 3889 1055 1628 3890 1044 1629 3891 1454 1630 3892 1452 1631 3893 1044 1632 3894 1045 1633 3895 1456 1634 3896 1454 1630 3897 1045 1633 3898 1046 1635 3899 1458 1636 3900 1456 1634 3901 1046 1635 3902 1047 1637 3903 1460 1638 3904 1458 1636 3905 1047 1637 3906 1048 1639 3907 1461 1640 3908 1460 1640 3909 1048 1641 3910 1049 1642 3911 1462 1643 3912 1461 1643 3913 1049 1644 3914 1050 1645 3915 1463 1646 3916 1462 1647 3917 1050 1648 3918 1051 1649 3919 1453 1650 3920 1463 1646 3921 1051 1649 3922 1052 1651 3923 1455 1652 3924 1453 1650 3925 1052 1651 3926 1053 1653 3927 1457 1654 3928 1455 1652 3929 1053 1653 3930 1054 1655 3931 1459 1656 3932 1457 1656 3933 1054 1657 3934 1055 1658 3935 1044 1629 3936 1055 1628 3937 1067 1659 3938 1056 1660 3939 1045 1633 3940 1044 1632 3941 1056 1661 3942 1057 1662 3943 1046 1635 3944 1045 1633 3945 1057 1662 3946 1058 1663 3947 1047 1637 3948 1046 1635 3949 1058 1663 3950 1059 1664 3951 1048 1639 3952 1047 1637 3953 1059 1664 3954 1060 1665 3955 1049 1642 3956 1048 1641 3957 1060 1666 3958 1061 1667 3959 1050 1645 3960 1049 1644 3961 1061 1668 3962 1062 1669 3963 1051 1649 3964 1050 1648 3965 1062 1670 3966 1063 1671 3967 1052 1651 3968 1051 1649 3969 1063 1671 3970 1064 1490 3971 1053 1653 3972 1052 1651 3973 1064 1490 3974 1065 1672 3975 1054 1655 3976 1053 1653 3977 1065 1672 3978 1066 1673 3979 1055 1658 3980 1054 1657 3981 1066 1493 3982 1067 1494 3983 1056 1660 3984 1067 1659 3985 1079 1674 3986 1068 1675 3987 1057 1662 3988 1056 1661 3989 1068 1676 3990 1069 1677 3991 1058 1663 3992 1057 1662 3993 1069 1677 3994 1070 1678 3995 1059 1664 3996 1058 1663 3997 1070 1678 3998 1071 1679 3999 1060 1665 4000 1059 1664 4001 1071 1679 4002 1072 1680 4003 1061 1667 4004 1060 1666 4005 1072 1681 4006 1073 1682 4007 1062 1669 4008 1061 1668 4009 1073 1683 4010 1074 1684 4011 1063 1671 4012 1062 1670 4013 1074 1685 4014 1075 1686 4015 1064 1687 4016 1063 1671 4017 1075 1686 4018 1076 1688 4019 1065 1672 4020 1064 1687 4021 1076 1688 4022 1077 1689 4023 1066 1673 4024 1065 1672 4025 1077 1689 4026 1078 1690 4027 1067 1494 4028 1066 1493 4029 1078 1691 4030 1079 1692 4031 1068 1675 4032 1079 1674 4033 1091 1693 4034 1080 1694 4035 1069 1677 4036 1068 1676 4037 1080 1695 4038 1081 1696 4039 1070 1678 4040 1069 1677 4041 1081 1696 4042 1082 1697 4043 1071 1679 4044 1070 1678 4045 1082 1697 4046 1083 1698 4047 1072 1680 4048 1071 1679 4049 1083 1698 4050 1084 1699 4051 1073 1682 4052 1072 1681 4053 1084 1700 4054 1085 1701 4055 1074 1684 4056 1073 1683 4057 1085 1702 4058 1086 1703 4059 1075 1686 4060 1074 1685 4061 1086 1704 4062 1087 1705 4063 1076 1706 4064 1075 1686 4065 1087 1705 4066 1088 1707 4067 1077 1689 4068 1076 1706 4069 1088 1707 4070 1089 1708 4071 1078 1690 4072 1077 1689 4073 1089 1708 4074 1090 1709 4075 1079 1692 4076 1078 1691 4077 1090 1710 4078 1091 1711 4079 1080 1694 4080 1091 1693 4081 1103 1532 4082 1092 1532 4083 1081 1696 4084 1080 1695 4085 1092 1712 4086 1093 1713 4087 1082 1697 4088 1081 1696 4089 1093 1713 4090 1094 1714 4091 1083 1698 4092 1082 1697 4093 1094 1714 4094 1095 1715 4095 1084 1699 4096 1083 1698 4097 1095 1715 4098 1096 1537 4099 1085 1701 4100 1084 1700 4101 1096 1538 4102 1097 1538 4103 1086 1703 4104 1085 1702 4105 1097 1716 4106 1098 1716 4107 1087 1705 4108 1086 1704 4109 1098 1717 4110 1099 1718 4111 1088 1707 4112 1087 1705 4113 1099 1718 4114 1100 1719 4115 1089 1708 4116 1088 1707 4117 1100 1719 4118 1101 1720 4119 1090 1709 4120 1089 1708 4121 1101 1720 4122 1102 1721 4123 1091 1711 4124 1090 1710 4125 1102 1722 4126 1103 1722 4127 1104 1723 4128 1115 1723 4129 1127 1724 4130 1116 1725 4131 1105 1726 4132 1104 1727 4133 1116 1728 4134 1117 1729 4135 1106 1730 4136 1105 1726 4137 1117 1729 4138 1118 1731 4139 1107 1732 4140 1106 1730 4141 1118 1731 4142 1119 1733 4143 1108 1734 4144 1107 1732 4145 1119 1733 4146 1120 1735 4147 1109 1736 4148 1108 1736 4149 1120 1737 4150 1121 1738 4151 1110 1739 4152 1109 1739 4153 1121 1740 4154 1122 1741 4155 1111 1742 4156 1110 1743 4157 1122 1744 4158 1123 1745 4159 1112 1746 4160 1111 1742 4161 1123 1745 4162 1124 1747 4163 1113 1748 4164 1112 1746 4165 1124 1747 4166 1125 1749 4167 1114 1750 4168 1113 1748 4169 1125 1749 4170 1126 1751 4171 1115 1752 4172 1114 1752 4173 1126 1753 4174 1127 1754 4175 1116 1725 4176 1127 1724 4177 1139 1755 4178 1128 1756 4179 1117 1729 4180 1116 1728 4181 1128 1757 4182 1129 1758 4183 1118 1731 4184 1117 1729 4185 1129 1758 4186 1130 1759 4187 1119 1733 4188 1118 1731 4189 1130 1759 4190 1131 1760 4191 1120 1735 4192 1119 1733 4193 1131 1760 4194 1132 1761 4195 1121 1738 4196 1120 1737 4197 1132 1762 4198 1133 1763 4199 1122 1741 4200 1121 1740 4201 1133 1764 4202 1134 1765 4203 1123 1745 4204 1122 1744 4205 1134 1766 4206 1135 1767 4207 1124 1747 4208 1123 1745 4209 1135 1767 4210 1136 1768 4211 1125 1749 4212 1124 1747 4213 1136 1768 4214 1137 1769 4215 1126 1751 4216 1125 1749 4217 1137 1769 4218 1138 1770 4219 1127 1754 4220 1126 1753 4221 1138 1771 4222 1139 1772 4223 1128 1756 4224 1139 1755 4225 1151 1773 4226 1140 1774 4227 1129 1758 4228 1128 1757 4229 1140 1775 4230 1141 1776 4231 1130 1759 4232 1129 1758 4233 1141 1776 4234 1142 1777 4235 1131 1760 4236 1130 1759 4237 1142 1777 4238 1143 1778 4239 1132 1761 4240 1131 1760 4241 1143 1778 4242 1144 1779 4243 1133 1763 4244 1132 1762 4245 1144 1780 4246 1145 1781 4247 1134 1765 4248 1133 1764 4249 1145 1782 4250 1146 1783 4251 1135 1767 4252 1134 1766 4253 1146 1784 4254 1147 1785 4255 1136 1786 4256 1135 1767 4257 1147 1785 4258 1148 1787 4259 1137 1769 4260 1136 1786 4261 1148 1787 4262 1149 1788 4263 1138 1770 4264 1137 1769 4265 1149 1788 4266 1150 1789 4267 1139 1772 4268 1138 1771 4269 1150 1790 4270 1151 1791 4271 1140 1774 4272 1151 1773 4273 1163 1792 4274 1152 1793 4275 1141 1776 4276 1140 1775 4277 1152 1794 4278 1153 1795 4279 1142 1777 4280 1141 1776 4281 1153 1795 4282 1154 1796 4283 1143 1778 4284 1142 1777 4285 1154 1796 4286 1155 1797 4287 1144 1779 4288 1143 1778 4289 1155 1797 4290 1156 1798 4291 1145 1781 4292 1144 1780 4293 1156 1799 4294 1157 1800 4295 1146 1783 4296 1145 1782 4297 1157 1801 4298 1158 1802 4299 1147 1785 4300 1146 1784 4301 1158 1803 4302 1159 1804 4303 1148 1805 4304 1147 1785 4305 1159 1804 4306 1160 1806 4307 1149 1788 4308 1148 1805 4309 1160 1806 4310 1161 1807 4311 1150 1789 4312 1149 1788 4313 1161 1807 4314 1162 1808 4315 1151 1791 4316 1150 1790 4317 1162 1809 4318 1163 1810 4319 1478 1811 4320 1481 1811 4321 1175 1812 4322 1164 1813 4323 1476 1814 4324 1478 1815 4325 1164 1816 4326 1165 1817 4327 1482 463 4328 1476 1814 4329 1165 1817 4330 1166 1818 4331 1480 1819 4332 1482 463 4333 1166 1818 4334 1167 1820 4335 1485 1821 4336 1480 1819 4337 1167 1820 4338 1168 1822 4339 1484 973 4340 1485 973 4341 1168 1823 4342 1169 1824 4343 1487 1825 4344 1484 1825 4345 1169 1826 4346 1170 1827 4347 1486 1828 4348 1487 1829 4349 1170 1830 4350 1171 1831 4351 1479 447 4352 1486 1828 4353 1171 1831 4354 1172 1832 4355 1477 1833 4356 1479 447 4357 1172 1832 4358 1173 1834 4359 1483 1835 4360 1477 1833 4361 1173 1834 4362 1174 1836 4363 1481 1837 4364 1483 1837 4365 1174 1838 4366 1175 1839 4367 1164 1813 4368 1175 1812 4369 1187 1840 4370 1176 1841 4371 1165 1817 4372 1164 1816 4373 1176 1842 4374 1177 1843 4375 1166 1818 4376 1165 1817 4377 1177 1843 4378 1178 1844 4379 1167 1820 4380 1166 1818 4381 1178 1844 4382 1179 1845 4383 1168 1822 4384 1167 1820 4385 1179 1845 4386 1180 1846 4387 1169 1824 4388 1168 1823 4389 1180 1847 4390 1181 1848 4391 1170 1827 4392 1169 1826 4393 1181 1849 4394 1182 1850 4395 1171 1831 4396 1170 1830 4397 1182 1851 4398 1183 1852 4399 1172 1832 4400 1171 1831 4401 1183 1852 4402 1184 1853 4403 1173 1834 4404 1172 1832 4405 1184 1853 4406 1185 1854 4407 1174 1836 4408 1173 1834 4409 1185 1854 4410 1186 1855 4411 1175 1839 4412 1174 1838 4413 1186 1856 4414 1187 1857 4415 1176 1841 4416 1187 1840 4417 1199 1858 4418 1188 1859 4419 1177 1843 4420 1176 1842 4421 1188 1860 4422 1189 1861 4423 1178 1844 4424 1177 1843 4425 1189 1861 4426 1190 1862 4427 1179 1845 4428 1178 1844 4429 1190 1862 4430 1191 1863 4431 1180 1846 4432 1179 1845 4433 1191 1863 4434 1192 1864 4435 1181 1848 4436 1180 1847 4437 1192 1865 4438 1193 1866 4439 1182 1850 4440 1181 1849 4441 1193 1867 4442 1194 1868 4443 1183 1852 4444 1182 1851 4445 1194 1869 4446 1195 1870 4447 1184 1871 4448 1183 1852 4449 1195 1870 4450 1196 1872 4451 1185 1854 4452 1184 1871 4453 1196 1872 4454 1197 1873 4455 1186 1855 4456 1185 1854 4457 1197 1873 4458 1198 1874 4459 1187 1857 4460 1186 1856 4461 1198 1875 4462 1199 1876 4463 1188 1859 4464 1199 1858 4465 1211 1877 4466 1200 1878 4467 1189 1861 4468 1188 1860 4469 1200 1879 4470 1201 1880 4471 1190 1862 4472 1189 1861 4473 1201 1880 4474 1202 1881 4475 1191 1863 4476 1190 1862 4477 1202 1881 4478 1203 1882 4479 1192 1864 4480 1191 1863 4481 1203 1882 4482 1204 1883 4483 1193 1866 4484 1192 1865 4485 1204 1884 4486 1205 1885 4487 1194 1868 4488 1193 1867 4489 1205 1886 4490 1206 1887 4491 1195 1870 4492 1194 1869 4493 1206 1888 4494 1207 1889 4495 1196 1890 4496 1195 1870 4497 1207 1889 4498 1208 1891 4499 1197 1873 4500 1196 1890 4501 1208 1891 4502 1209 1892 4503 1198 1874 4504 1197 1873 4505 1209 1892 4506 1210 1893 4507 1199 1876 4508 1198 1875 4509 1210 1894 4510 1211 1895 4511 1200 1878 4512 1211 1877 4513 1223 1896 4514 1212 1896 4515 1201 1880 4516 1200 1879 4517 1212 1897 4518 1213 1898 4519 1202 1881 4520 1201 1880 4521 1213 1898 4522 1214 1899 4523 1203 1882 4524 1202 1881 4525 1214 1899 4526 1215 1900 4527 1204 1883 4528 1203 1882 4529 1215 1900 4530 1216 1901 4531 1205 1885 4532 1204 1884 4533 1216 1902 4534 1217 1902 4535 1206 1887 4536 1205 1886 4537 1217 1903 4538 1218 1903 4539 1207 1889 4540 1206 1888 4541 1218 1904 4542 1219 1905 4543 1208 1891 4544 1207 1889 4545 1219 1905 4546 1220 1906 4547 1209 1892 4548 1208 1891 4549 1220 1906 4550 1221 1907 4551 1210 1893 4552 1209 1892 4553 1221 1907 4554 1222 1544 4555 1211 1895 4556 1210 1894 4557 1222 1908 4558 1223 1908 4559 1224 1909 4560 1235 1909 4561 1247 1910 4562 1236 1911 4563 1225 1912 4564 1224 1913 4565 1236 1914 4566 1237 1915 4567 1226 1916 4568 1225 1912 4569 1237 1915 4570 1238 1917 4571 1227 1918 4572 1226 1916 4573 1238 1917 4574 1239 1919 4575 1228 1920 4576 1227 1918 4577 1239 1919 4578 1240 1921 4579 1229 1922 4580 1228 1922 4581 1240 1923 4582 1241 1924 4583 1230 1925 4584 1229 1925 4585 1241 1926 4586 1242 1927 4587 1231 1928 4588 1230 1929 4589 1242 1930 4590 1243 1931 4591 1232 1932 4592 1231 1928 4593 1243 1931 4594 1244 1933 4595 1233 1934 4596 1232 1932 4597 1244 1933 4598 1245 1935 4599 1234 1936 4600 1233 1934 4601 1245 1935 4602 1246 1937 4603 1235 1938 4604 1234 1938 4605 1246 1939 4606 1247 1940 4607 1236 1911 4608 1247 1910 4609 1259 1941 4610 1248 1942 4611 1237 1915 4612 1236 1914 4613 1248 1943 4614 1249 1944 4615 1238 1917 4616 1237 1915 4617 1249 1944 4618 1250 1945 4619 1239 1919 4620 1238 1917 4621 1250 1945 4622 1251 1946 4623 1240 1921 4624 1239 1919 4625 1251 1946 4626 1252 1947 4627 1241 1924 4628 1240 1923 4629 1252 1948 4630 1253 1949 4631 1242 1927 4632 1241 1926 4633 1253 1950 4634 1254 1951 4635 1243 1931 4636 1242 1930 4637 1254 1952 4638 1255 1953 4639 1244 1933 4640 1243 1931 4641 1255 1953 4642 1256 1954 4643 1245 1935 4644 1244 1933 4645 1256 1954 4646 1257 1955 4647 1246 1937 4648 1245 1935 4649 1257 1955 4650 1258 1956 4651 1247 1940 4652 1246 1939 4653 1258 1957 4654 1259 1958 4655 1248 1942 4656 1259 1941 4657 1271 1959 4658 1260 1960 4659 1249 1944 4660 1248 1943 4661 1260 1961 4662 1261 1962 4663 1250 1945 4664 1249 1944 4665 1261 1962 4666 1262 1963 4667 1251 1946 4668 1250 1945 4669 1262 1963 4670 1263 1964 4671 1252 1947 4672 1251 1946 4673 1263 1964 4674 1264 1965 4675 1253 1949 4676 1252 1948 4677 1264 1966 4678 1265 1967 4679 1254 1951 4680 1253 1950 4681 1265 1782 4682 1266 1783 4683 1255 1953 4684 1254 1952 4685 1266 1968 4686 1267 1969 4687 1256 1970 4688 1255 1953 4689 1267 1969 4690 1268 1971 4691 1257 1955 4692 1256 1970 4693 1268 1971 4694 1269 1972 4695 1258 1956 4696 1257 1955 4697 1269 1972 4698 1270 1973 4699 1259 1958 4700 1258 1957 4701 1270 1974 4702 1271 1975 4703 1260 1960 4704 1271 1959 4705 1283 1976 4706 1272 1977 4707 1261 1962 4708 1260 1961 4709 1272 1978 4710 1273 1979 4711 1262 1963 4712 1261 1962 4713 1273 1979 4714 1274 1980 4715 1263 1964 4716 1262 1963 4717 1274 1980 4718 1275 1981 4719 1264 1965 4720 1263 1964 4721 1275 1981 4722 1276 1982 4723 1265 1967 4724 1264 1966 4725 1276 1983 4726 1277 1984 4727 1266 1783 4728 1265 1782 4729 1277 1985 4730 1278 1986 4731 1267 1969 4732 1266 1968 4733 1278 1987 4734 1279 1988 4735 1268 1989 4736 1267 1969 4737 1279 1988 4738 1280 1990 4739 1269 1972 4740 1268 1989 4741 1280 1990 4742 1281 1991 4743 1270 1973 4744 1269 1972 4745 1281 1991 4746 1282 1992 4747 1271 1975 4748 1270 1974 4749 1282 1993 4750 1283 1994 4751 1442 1995 4752 1445 1995 4753 1295 1996 4754 1284 1997 4755 1440 1998 4756 1442 1999 4757 1284 2000 4758 1285 2001 4759 1446 463 4760 1440 1998 4761 1285 2001 4762 1286 2002 4763 1444 2003 4764 1446 463 4765 1286 2002 4766 1287 2004 4767 1449 2005 4768 1444 2003 4769 1287 2004 4770 1288 2006 4771 1448 2007 4772 1449 2007 4773 1288 2008 4774 1289 2009 4775 1451 2010 4776 1448 2010 4777 1289 2011 4778 1290 2012 4779 1450 2013 4780 1451 2014 4781 1290 2015 4782 1291 2016 4783 1443 447 4784 1450 2013 4785 1291 2016 4786 1292 2017 4787 1441 2018 4788 1443 447 4789 1292 2017 4790 1293 2019 4791 1447 2020 4792 1441 2018 4793 1293 2019 4794 1294 2021 4795 1445 2022 4796 1447 2022 4797 1294 2023 4798 1295 2024 4799 1284 1997 4800 1295 1996 4801 1307 2025 4802 1296 2026 4803 1285 2001 4804 1284 2000 4805 1296 2027 4806 1297 2028 4807 1286 2002 4808 1285 2001 4809 1297 2028 4810 1298 2029 4811 1287 2004 4812 1286 2002 4813 1298 2029 4814 1299 2030 4815 1288 2006 4816 1287 2004 4817 1299 2030 4818 1300 2031 4819 1289 2009 4820 1288 2008 4821 1300 2032 4822 1301 2033 4823 1290 2012 4824 1289 2011 4825 1301 2034 4826 1302 2035 4827 1291 2016 4828 1290 2015 4829 1302 2036 4830 1303 2037 4831 1292 2017 4832 1291 2016 4833 1303 2037 4834 1304 2038 4835 1293 2019 4836 1292 2017 4837 1304 2038 4838 1305 2039 4839 1294 2021 4840 1293 2019 4841 1305 2039 4842 1306 2040 4843 1295 2024 4844 1294 2023 4845 1306 1856 4846 1307 1857 4847 1296 2026 4848 1307 2025 4849 1319 2041 4850 1308 2042 4851 1297 2028 4852 1296 2027 4853 1308 2043 4854 1309 2044 4855 1298 2029 4856 1297 2028 4857 1309 2044 4858 1310 2045 4859 1299 2030 4860 1298 2029 4861 1310 2045 4862 1311 2046 4863 1300 2031 4864 1299 2030 4865 1311 2046 4866 1312 2047 4867 1301 2033 4868 1300 2032 4869 1312 2048 4870 1313 2049 4871 1302 2035 4872 1301 2034 4873 1313 2050 4874 1314 2051 4875 1303 2037 4876 1302 2036 4877 1314 2052 4878 1315 2053 4879 1304 2054 4880 1303 2037 4881 1315 2053 4882 1316 2055 4883 1305 2039 4884 1304 2054 4885 1316 2055 4886 1317 2056 4887 1306 2040 4888 1305 2039 4889 1317 2056 4890 1318 2057 4891 1307 1857 4892 1306 1856 4893 1318 2058 4894 1319 2059 4895 1308 2042 4896 1319 2041 4897 1331 2060 4898 1320 2061 4899 1309 2044 4900 1308 2043 4901 1320 2062 4902 1321 2063 4903 1310 2045 4904 1309 2044 4905 1321 2063 4906 1322 2064 4907 1311 2046 4908 1310 2045 4909 1322 2064 4910 1323 2065 4911 1312 2047 4912 1311 2046 4913 1323 2065 4914 1324 2066 4915 1313 2049 4916 1312 2048 4917 1324 2067 4918 1325 2068 4919 1314 2051 4920 1313 2050 4921 1325 2069 4922 1326 2070 4923 1315 2053 4924 1314 2052 4925 1326 2071 4926 1327 2072 4927 1316 2073 4928 1315 2053 4929 1327 2072 4930 1328 2074 4931 1317 2056 4932 1316 2073 4933 1328 2074 4934 1329 2075 4935 1318 2057 4936 1317 2056 4937 1329 2075 4938 1330 2076 4939 1319 2059 4940 1318 2058 4941 1330 2077 4942 1331 2078 4943 1320 2061 4944 1331 2060 4945 1343 1896 4946 1332 1896 4947 1321 2063 4948 1320 2062 4949 1332 2079 4950 1333 2080 4951 1322 2064 4952 1321 2063 4953 1333 2080 4954 1334 2081 4955 1323 2065 4956 1322 2064 4957 1334 2081 4958 1335 2082 4959 1324 2066 4960 1323 2065 4961 1335 2082 4962 1336 2083 4963 1325 2068 4964 1324 2067 4965 1336 1902 4966 1337 1902 4967 1326 2070 4968 1325 2069 4969 1337 1903 4970 1338 1903 4971 1327 2072 4972 1326 2071 4973 1338 2084 4974 1339 2085 4975 1328 2074 4976 1327 2072 4977 1339 2085 4978 1340 2086 4979 1329 2075 4980 1328 2074 4981 1340 2086 4982 1341 2087 4983 1330 2076 4984 1329 2075 4985 1341 2087 4986 1342 2088 4987 1331 2078 4988 1330 2077 4989 1342 1908 4990 1343 1908 4991 1283 1994 4992 1282 1993 4993 1351 2089 4994 1349 2089 4995 1282 1992 4996 1281 1991 4997 1345 2090 4998 1351 2091 4999 1281 1991 5000 1280 1990 5001 1347 447 5002 1345 2090 5003 1280 1990 5004 1279 1988 5005 1354 2092 5006 1347 447 5007 1279 1988 5008 1278 1987 5009 1355 2093 5010 1354 2092 5011 1278 1986 5012 1277 1985 5013 1352 2094 5014 1355 2094 5015 1277 1984 5016 1276 1983 5017 1353 2095 5018 1352 2095 5019 1276 1982 5020 1275 1981 5021 1348 2096 5022 1353 2097 5023 1275 1981 5024 1274 1980 5025 1350 463 5026 1348 2096 5027 1274 1980 5028 1273 1979 5029 1344 2098 5030 1350 463 5031 1273 1979 5032 1272 1978 5033 1346 2099 5034 1344 2098 5035 1272 1977 5036 1283 1976 5037 1349 2100 5038 1346 2100 5039 1043 1626 5040 1042 1625 5041 1361 2101 5042 1363 2101 5043 1042 1624 5044 1041 1623 5045 1359 2102 5046 1361 2103 5047 1041 1623 5048 1040 1622 5049 1357 2104 5050 1359 2102 5051 1040 1622 5052 1039 1620 5053 1367 2105 5054 1357 2104 5055 1039 1620 5056 1038 1619 5057 1366 2106 5058 1367 2105 5059 1038 1618 5060 1037 1617 5061 1365 2107 5062 1366 2107 5063 1037 1616 5064 1036 1615 5065 1364 2108 5066 1365 2108 5067 1036 1614 5068 1035 1613 5069 1362 2109 5070 1364 2110 5071 1035 1613 5072 1034 1612 5073 1360 2111 5074 1362 2109 5075 1034 1612 5076 1033 1611 5077 1358 2112 5078 1360 2111 5079 1033 1611 5080 1032 1610 5081 1356 2113 5082 1358 2112 5083 1032 1609 5084 1043 1608 5085 1363 2114 5086 1356 2114 5087 923 1444 5088 922 1443 5089 1373 2115 5090 1375 2115 5091 922 1442 5092 921 1441 5093 1371 2116 5094 1373 2117 5095 921 1441 5096 920 1440 5097 1369 2118 5098 1371 2116 5099 920 1440 5100 919 1438 5101 1379 2119 5102 1369 2118 5103 919 1438 5104 918 1437 5105 1378 2120 5106 1379 2119 5107 918 1436 5108 917 1435 5109 1377 2121 5110 1378 2121 5111 917 1434 5112 916 1433 5113 1376 2122 5114 1377 2122 5115 916 1432 5116 915 1431 5117 1374 2123 5118 1376 2124 5119 915 1431 5120 914 1430 5121 1372 2125 5122 1374 2123 5123 914 1430 5124 913 1429 5125 1370 2126 5126 1372 2125 5127 913 1429 5128 912 1428 5129 1368 2127 5130 1370 2126 5131 912 1427 5132 923 1426 5133 1375 2128 5134 1368 2128 5135 1163 1810 5136 1162 1809 5137 1387 2129 5138 1385 2129 5139 1162 1808 5140 1161 1807 5141 1381 2130 5142 1387 2131 5143 1161 1807 5144 1160 1806 5145 1383 447 5146 1381 2130 5147 1160 1806 5148 1159 1804 5149 1390 2132 5150 1383 447 5151 1159 1804 5152 1158 1803 5153 1391 2133 5154 1390 2132 5155 1158 1802 5156 1157 1801 5157 1388 2134 5158 1391 2134 5159 1157 1800 5160 1156 1799 5161 1389 2135 5162 1388 2135 5163 1156 1798 5164 1155 1797 5165 1384 2136 5166 1389 2137 5167 1155 1797 5168 1154 1796 5169 1386 463 5170 1384 2136 5171 1154 1796 5172 1153 1795 5173 1380 2138 5174 1386 463 5175 1153 1795 5176 1152 1794 5177 1382 720 5178 1380 2138 5179 1152 1793 5180 1163 1792 5181 1385 2139 5182 1382 2139 5183 1385 2140 5184 1572 2141 5185 1583 2142 5186 1382 2143 5187 1518 2144 5188 1692 2145 5189 1696 2146 5190 1520 2147 5191 1362 2148 5192 1556 2149 5193 1555 2150 5194 1364 2151 5195 1493 2152 5196 1642 2153 5197 1636 2154 5198 1490 2155 5199 1382 2143 5200 1583 2142 5201 1582 2156 5202 1380 2157 5203 1516 2158 5204 1688 2159 5205 1692 2145 5206 1518 2144 5207 1364 2151 5208 1555 2150 5209 1554 2160 5210 1365 2161 5211 1380 2157 5212 1582 2156 5213 1581 2162 5214 1386 2163 5215 1514 2164 5216 1684 2165 5217 1688 2159 5218 1516 2158 5219 1365 2161 5220 1554 2160 5221 1553 2166 5222 1366 2167 5223 1386 2163 5224 1581 2162 5225 1580 2168 5226 1384 2169 5227 1512 2170 5228 1680 2171 5229 1684 2165 5230 1514 2164 5231 1404 2172 5232 1596 2173 5233 1603 2174 5234 1411 2175 5235 1366 2167 5236 1553 2166 5237 1552 2176 5238 1367 2177 5239 1384 2169 5240 1580 2168 5241 1579 2178 5242 1389 2179 5243 1519 2180 5244 1694 2181 5245 1680 2171 5246 1512 2170 5247 1406 2182 5248 1598 2183 5249 1596 2173 5250 1404 2172 5251 1367 2177 5252 1552 2176 5253 1551 2184 5254 1357 2185 5255 1389 2179 5256 1579 2178 5257 1578 2186 5258 1388 2187 5259 1408 2188 5260 1600 2189 5261 1598 2183 5262 1406 2182 5263 1357 2185 5264 1551 2184 5265 1550 2190 5266 1359 2191 5267 1388 2187 5268 1578 2186 5269 1577 2192 5270 1391 2193 5271 1410 2194 5272 1602 2195 5273 1600 2189 5274 1408 2188 5275 1359 2191 5276 1550 2190 5277 1549 2196 5278 1361 2197 5279 1430 2198 5280 1622 2199 5281 1625 2200 5282 1433 2201 5283 1391 2193 5284 1577 2192 5285 1576 2202 5286 1390 2203 5287 1412 2204 5288 1604 2205 5289 1602 2195 5290 1410 2194 5291 1361 2197 5292 1549 2196 5293 1548 2206 5294 1363 2207 5295 1428 2208 5296 1620 2209 5297 1622 2199 5298 1430 2198 5299 1390 2203 5300 1576 2202 5301 1575 2210 5302 1383 2211 5303 1413 2212 5304 1605 2213 5305 1604 2205 5306 1412 2204 5307 1434 2214 5308 1626 2215 5309 1620 2209 5310 1428 2208 5311 1383 2211 5312 1575 2210 5313 1574 2216 5314 1381 2217 5315 1414 2218 5316 1606 2219 5317 1605 2213 5318 1413 2212 5319 1432 2220 5320 1624 2221 5321 1626 2215 5322 1434 2214 5323 1381 2217 5324 1574 2216 5325 1573 2222 5326 1387 2223 5327 1452 2224 5328 1657 2225 5329 1671 2226 5330 1459 2227 5331 1415 2228 5332 1607 2229 5333 1606 2219 5334 1414 2218 5335 1437 2230 5336 1629 2231 5337 1624 2221 5338 1432 2220 5339 1387 2223 5340 1573 2222 5341 1572 2141 5342 1385 2140 5343 1454 2232 5344 1661 2233 5345 1657 2225 5346 1452 2224 5347 1405 2234 5348 1597 2235 5349 1607 2229 5350 1415 2228 5351 1436 2236 5352 1628 2237 5353 1629 2231 5354 1437 2230 5355 1456 2238 5356 1665 2239 5357 1661 2233 5358 1454 2232 5359 1407 2240 5360 1599 2241 5361 1597 2235 5362 1405 2234 5363 1439 2242 5364 1631 2243 5365 1628 2237 5366 1436 2236 5367 1458 2244 5368 1669 2245 5369 1665 2239 5370 1456 2238 5371 1409 2246 5372 1601 2247 5373 1599 2241 5374 1407 2240 5375 1478 2248 5376 1709 2249 5377 1715 2250 5378 1481 2251 5379 1438 2252 5380 1630 2253 5381 1631 2243 5382 1439 2242 5383 1460 2254 5384 1673 2255 5385 1669 2245 5386 1458 2244 5387 1411 2175 5388 1603 2174 5389 1601 2247 5390 1409 2246 5391 1476 2256 5392 1705 2257 5393 1709 2249 5394 1478 2248 5395 1431 2258 5396 1623 2259 5397 1630 2253 5398 1438 2252 5399 1461 2260 5400 1675 2261 5401 1673 2255 5402 1460 2254 5403 1482 2262 5404 1717 2262 5405 1705 2257 5406 1476 2256 5407 1429 2263 5408 1621 2264 5409 1623 2259 5410 1431 2258 5411 1462 2265 5412 1677 2266 5413 1675 2261 5414 1461 2260 5415 1480 2267 5416 1713 2268 5417 1717 2262 5418 1482 2262 5419 1435 2269 5420 1627 2270 5421 1621 2264 5422 1429 2263 5423 1505 2271 5424 1666 2272 5425 1670 2273 5426 1507 2274 5427 1463 2275 5428 1679 2276 5429 1677 2266 5430 1462 2265 5431 1485 2277 5432 1723 2278 5433 1713 2268 5434 1480 2267 5435 1433 2201 5436 1625 2200 5437 1627 2270 5438 1435 2269 5439 1503 2279 5440 1662 2280 5441 1666 2272 5442 1505 2271 5443 1453 2281 5444 1659 2282 5445 1679 2276 5446 1463 2275 5447 1484 2283 5448 1721 2284 5449 1723 2278 5450 1485 2277 5451 1501 2285 5452 1658 2286 5453 1662 2280 5454 1503 2279 5455 1455 2287 5456 1663 2288 5457 1659 2282 5458 1453 2281 5459 1487 2289 5460 1727 2290 5461 1721 2284 5462 1484 2283 5463 1511 2291 5464 1678 2292 5465 1658 2286 5466 1501 2285 5467 1457 2293 5468 1667 2294 5469 1663 2288 5470 1455 2287 5471 1531 2295 5472 1718 2296 5473 1714 2297 5474 1529 2298 5475 1349 2299 5476 1536 2300 5477 1547 2301 5478 1346 2302 5479 1486 2303 5480 1725 2304 5481 1727 2290 5482 1487 2289 5483 1510 2305 5484 1676 2306 5485 1678 2292 5486 1511 2291 5487 1459 2227 5488 1671 2226 5489 1667 2294 5490 1457 2293 5491 1525 2307 5492 1706 2308 5493 1718 2296 5494 1531 2295 5495 1346 2302 5496 1547 2301 5497 1546 2309 5498 1344 2310 5499 1479 2311 5500 1711 2312 5501 1725 2304 5502 1486 2303 5503 1509 2313 5504 1674 2314 5505 1676 2306 5506 1510 2305 5507 1527 2315 5508 1710 2316 5509 1706 2308 5510 1525 2307 5511 1344 2310 5512 1546 2309 5513 1545 2317 5514 1350 2318 5515 1477 2319 5516 1707 2320 5517 1711 2312 5518 1479 2311 5519 1508 2321 5520 1672 2322 5521 1674 2314 5522 1509 2313 5523 1534 2323 5524 1724 2324 5525 1710 2316 5526 1527 2315 5527 1350 2318 5528 1545 2317 5529 1544 2325 5530 1348 2326 5531 1483 2327 5532 1719 2328 5533 1707 2320 5534 1477 2319 5535 1375 2329 5536 1560 2330 5537 1571 2331 5538 1368 2332 5539 1506 2333 5540 1668 2334 5541 1672 2322 5542 1508 2321 5543 1535 2335 5544 1726 2336 5545 1724 2324 5546 1534 2323 5547 1348 2326 5548 1544 2325 5549 1543 2337 5550 1353 2338 5551 1481 2251 5552 1715 2250 5553 1719 2328 5554 1483 2327 5555 1368 2332 5556 1571 2331 5557 1570 2339 5558 1370 2340 5559 1504 2341 5560 1664 2342 5561 1668 2334 5562 1506 2333 5563 1532 2343 5564 1720 2344 5565 1726 2336 5566 1535 2335 5567 1394 2345 5568 1397 2345 5569 1493 2345 5570 1490 2345 5571 1392 2346 5572 1394 2347 5573 1490 2347 5574 1488 2346 5575 1398 463 5576 1392 2346 5577 1488 2346 5578 1494 463 5579 1396 2348 5580 1398 463 5581 1494 463 5582 1492 2348 5583 1401 2349 5584 1396 2348 5585 1492 2348 5586 1497 2349 5587 1400 2350 5588 1401 2350 5589 1497 2350 5590 1496 2350 5591 1403 2351 5592 1400 2351 5593 1496 2351 5594 1499 2351 5595 1402 2352 5596 1403 2353 5597 1499 2353 5598 1498 2352 5599 1395 447 5600 1402 2352 5601 1498 2352 5602 1491 447 5603 1393 2354 5604 1395 447 5605 1491 447 5606 1489 2354 5607 1399 2355 5608 1393 2354 5609 1489 2354 5610 1495 2355 5611 1397 2356 5612 1399 2356 5613 1495 2356 5614 1493 2356 5615 1404 2357 5616 1411 2357 5617 1507 2357 5618 1500 2357 5619 1406 2358 5620 1404 2359 5621 1500 2359 5622 1502 2360 5623 1408 2361 5624 1406 2358 5625 1502 2360 5626 1504 2362 5627 1410 2363 5628 1408 2361 5629 1504 2362 5630 1506 2364 5631 1412 2365 5632 1410 2363 5633 1506 2364 5634 1508 2365 5635 1413 2366 5636 1412 2366 5637 1508 2366 5638 1509 2366 5639 1414 2367 5640 1413 2367 5641 1509 2367 5642 1510 2367 5643 1415 2368 5644 1414 2369 5645 1510 2369 5646 1511 2370 5647 1405 2371 5648 1415 2368 5649 1511 2370 5650 1501 2372 5651 1407 2373 5652 1405 2371 5653 1501 2372 5654 1503 2374 5655 1409 2375 5656 1407 2373 5657 1503 2374 5658 1505 2375 5659 1411 2376 5660 1409 2376 5661 1505 2376 5662 1507 2376 5663 1416 2377 5664 1423 2377 5665 1519 2377 5666 1512 2377 5667 1418 2378 5668 1416 2379 5669 1512 2379 5670 1514 2380 5671 1420 2381 5672 1418 2378 5673 1514 2380 5674 1516 2382 5675 1422 2383 5676 1420 2381 5677 1516 2382 5678 1518 2384 5679 1424 2385 5680 1422 2383 5681 1518 2384 5682 1520 2385 5683 1425 2386 5684 1424 2386 5685 1520 2386 5686 1521 2386 5687 1426 2387 5688 1425 2387 5689 1521 2387 5690 1522 2387 5691 1427 2388 5692 1426 2389 5693 1522 2389 5694 1523 2390 5695 1417 2391 5696 1427 2388 5697 1523 2390 5698 1513 2392 5699 1419 2393 5700 1417 2391 5701 1513 2392 5702 1515 2394 5703 1421 2395 5704 1419 2393 5705 1515 2394 5706 1517 2395 5707 1423 2396 5708 1421 2396 5709 1517 2396 5710 1519 2396 5711 1430 2397 5712 1433 2397 5713 1529 2397 5714 1526 2397 5715 1428 2398 5716 1430 2399 5717 1526 2399 5718 1524 2400 5719 1434 463 5720 1428 2398 5721 1524 2400 5722 1530 463 5723 1432 2401 5724 1434 463 5725 1530 463 5726 1528 2402 5727 1437 2403 5728 1432 2401 5729 1528 2402 5730 1533 2403 5731 1436 2404 5732 1437 2404 5733 1533 2404 5734 1532 2404 5735 1439 2405 5736 1436 2405 5737 1532 2405 5738 1535 2405 5739 1438 2406 5740 1439 2407 5741 1535 2407 5742 1534 2408 5743 1431 447 5744 1438 2406 5745 1534 2408 5746 1527 447 5747 1429 2409 5748 1431 447 5749 1527 447 5750 1525 2410 5751 1435 2411 5752 1429 2409 5753 1525 2410 5754 1531 2411 5755 1433 2412 5756 1435 2412 5757 1531 2412 5758 1529 2412 5759 1536 2413 5760 1537 2413 5761 1591 2413 5762 1589 2413 5763 1537 2414 5764 1538 2415 5765 1585 2416 5766 1591 2414 5767 1538 2415 5768 1539 2417 5769 1587 2417 5770 1585 2416 5771 1539 2417 5772 1540 2418 5773 1594 2419 5774 1587 2417 5775 1540 2418 5776 1541 2420 5777 1595 2420 5778 1594 2419 5779 1541 2421 5780 1542 2421 5781 1592 2421 5782 1595 2421 5783 1542 2422 5784 1543 2422 5785 1593 2422 5786 1592 2422 5787 1543 2423 5788 1544 2424 5789 1588 2425 5790 1593 2423 5791 1544 2424 5792 1545 2426 5793 1590 2426 5794 1588 2425 5795 1545 2426 5796 1546 2427 5797 1584 2428 5798 1590 2426 5799 1546 2427 5800 1547 2429 5801 1586 2429 5802 1584 2428 5803 1547 2430 5804 1536 2430 5805 1589 2430 5806 1586 2430 5807 1548 2431 5808 1549 2431 5809 1601 2431 5810 1603 2431 5811 1549 2432 5812 1550 2433 5813 1599 2434 5814 1601 2432 5815 1550 2433 5816 1551 2435 5817 1597 2436 5818 1599 2434 5819 1551 2435 5820 1552 2437 5821 1607 2438 5822 1597 2436 5823 1552 2437 5824 1553 2439 5825 1606 2439 5826 1607 2438 5827 1553 2440 5828 1554 2440 5829 1605 2440 5830 1606 2440 5831 1554 2441 5832 1555 2441 5833 1604 2441 5834 1605 2441 5835 1555 2442 5836 1556 2443 5837 1602 2444 5838 1604 2442 5839 1556 2443 5840 1557 2445 5841 1600 2446 5842 1602 2444 5843 1557 2445 5844 1558 2447 5845 1598 2448 5846 1600 2446 5847 1558 2447 5848 1559 2449 5849 1596 2449 5850 1598 2448 5851 1559 2450 5852 1548 2450 5853 1603 2450 5854 1596 2450 5855 1560 2451 5856 1561 2451 5857 1613 2451 5858 1615 2451 5859 1561 2452 5860 1562 2453 5861 1611 2454 5862 1613 2452 5863 1562 2453 5864 1563 2455 5865 1609 2456 5866 1611 2454 5867 1563 2455 5868 1564 2457 5869 1619 2458 5870 1609 2456 5871 1564 2457 5872 1565 2459 5873 1618 2459 5874 1619 2458 5875 1565 2460 5876 1566 2460 5877 1617 2460 5878 1618 2460 5879 1566 2461 5880 1567 2461 5881 1616 2461 5882 1617 2461 5883 1567 2462 5884 1568 2463 5885 1614 2464 5886 1616 2462 5887 1568 2463 5888 1569 2465 5889 1612 2466 5890 1614 2464 5891 1569 2465 5892 1570 2467 5893 1610 2468 5894 1612 2466 5895 1570 2467 5896 1571 2469 5897 1608 2469 5898 1610 2468 5899 1571 2470 5900 1560 2470 5901 1615 2470 5902 1608 2470 5903 1572 2471 5904 1573 2471 5905 1627 2471 5906 1625 2471 5907 1573 2472 5908 1574 2473 5909 1621 2474 5910 1627 2472 5911 1574 2473 5912 1575 2475 5913 1623 2476 5914 1621 2474 5915 1575 2475 5916 1576 2477 5917 1630 2478 5918 1623 2476 5919 1576 2477 5920 1577 2479 5921 1631 2479 5922 1630 2478 5923 1577 2480 5924 1578 2480 5925 1628 2480 5926 1631 2480 5927 1578 2481 5928 1579 2481 5929 1629 2481 5930 1628 2481 5931 1579 2482 5932 1580 2483 5933 1624 2484 5934 1629 2482 5935 1580 2483 5936 1581 2485 5937 1626 2486 5938 1624 2484 5939 1581 2485 5940 1582 2487 5941 1620 2488 5942 1626 2486 5943 1582 2487 5944 1583 2489 5945 1622 2489 5946 1620 2488 5947 1583 2490 5948 1572 2490 5949 1625 2490 5950 1622 2490 5951 1642 2491 5952 1646 2491 5953 1647 2491 5954 1643 2491 5955 1646 2492 5956 1634 2493 5957 1635 2494 5958 1647 2492 5959 1634 2493 5960 1638 2495 5961 1639 2496 5962 1635 2494 5963 1638 2495 5964 1652 2497 5965 1653 2498 5966 1639 2496 5967 1652 2497 5968 1654 2499 5969 1655 2499 5970 1653 2498 5971 1654 2500 5972 1648 2500 5973 1649 2500 5974 1655 2500 5975 1648 2501 5976 1650 2501 5977 1651 2501 5978 1649 2501 5979 1650 2502 5980 1640 2503 5981 1641 2504 5982 1651 2502 5983 1640 2503 5984 1644 2505 5985 1645 2505 5986 1641 2504 5987 1644 2505 5988 1632 2506 5989 1633 2507 5990 1645 2505 5991 1632 2506 5992 1636 2508 5993 1637 2508 5994 1633 2507 5995 1636 2509 5996 1642 2509 5997 1643 2509 5998 1637 2509 5999 1670 2510 6000 1666 2510 6001 1667 2510 6002 1671 2510 6003 1666 2511 6004 1662 2512 6005 1663 2513 6006 1667 2511 6007 1662 2512 6008 1658 2514 6009 1659 2515 6010 1663 2513 6011 1658 2514 6012 1678 2516 6013 1679 2517 6014 1659 2515 6015 1678 2516 6016 1676 2518 6017 1677 2518 6018 1679 2517 6019 1676 2519 6020 1674 2519 6021 1675 2519 6022 1677 2519 6023 1674 2520 6024 1672 2520 6025 1673 2520 6026 1675 2520 6027 1672 2521 6028 1668 2522 6029 1669 2523 6030 1673 2521 6031 1668 2522 6032 1664 2524 6033 1665 2525 6034 1669 2523 6035 1664 2524 6036 1660 2526 6037 1661 2527 6038 1665 2525 6039 1660 2526 6040 1656 2528 6041 1657 2528 6042 1661 2527 6043 1656 2529 6044 1670 2529 6045 1671 2529 6046 1657 2529 6047 1694 2530 6048 1690 2530 6049 1691 2530 6050 1695 2530 6051 1690 2531 6052 1686 2532 6053 1687 2533 6054 1691 2531 6055 1686 2532 6056 1682 2534 6057 1683 2535 6058 1687 2533 6059 1682 2534 6060 1702 2536 6061 1703 2537 6062 1683 2535 6063 1702 2536 6064 1700 2538 6065 1701 2538 6066 1703 2537 6067 1700 2539 6068 1698 2539 6069 1699 2539 6070 1701 2539 6071 1698 2540 6072 1696 2540 6073 1697 2540 6074 1699 2540 6075 1696 2541 6076 1692 2542 6077 1693 2543 6078 1697 2541 6079 1692 2542 6080 1688 2544 6081 1689 2545 6082 1693 2543 6083 1688 2544 6084 1684 2546 6085 1685 2547 6086 1689 2545 6087 1684 2546 6088 1680 2548 6089 1681 2548 6090 1685 2547 6091 1680 2549 6092 1694 2549 6093 1695 2549 6094 1681 2549 6095 1714 2550 6096 1718 2550 6097 1719 2550 6098 1715 2550 6099 1718 2551 6100 1706 2552 6101 1707 2553 6102 1719 2551 6103 1706 2552 6104 1710 2554 6105 1711 2554 6106 1707 2553 6107 1710 2554 6108 1724 2555 6109 1725 2556 6110 1711 2554 6111 1724 2555 6112 1726 2557 6113 1727 2557 6114 1725 2556 6115 1726 2558 6116 1720 2558 6117 1721 2558 6118 1727 2558 6119 1720 2559 6120 1722 2559 6121 1723 2559 6122 1721 2559 6123 1722 2560 6124 1712 2561 6125 1713 2562 6126 1723 2560 6127 1712 2561 6128 1716 2563 6129 1717 2563 6130 1713 2562 6131 1716 2563 6132 1704 2564 6133 1705 2565 6134 1717 2563 6135 1704 2564 6136 1708 2566 6137 1709 2566 6138 1705 2565 6139 1708 2567 6140 1714 2567 6141 1715 2567 6142 1709 2567 6143 1490 2155 6144 1636 2154 6145 1632 2568 6146 1488 2569 6147 1360 2570 6148 1557 2571 6149 1556 2149 6150 1362 2148 6151 1520 2147 6152 1696 2146 6153 1698 2572 6154 1521 2573 6155 1488 2569 6156 1632 2568 6157 1644 2574 6158 1494 2575 6159 1358 2576 6160 1558 2577 6161 1557 2571 6162 1360 2570 6163 1521 2573 6164 1698 2572 6165 1700 2578 6166 1522 2579 6167 1494 2575 6168 1644 2574 6169 1640 2580 6170 1492 2581 6171 1356 2582 6172 1559 2583 6173 1558 2577 6174 1358 2576 6175 1471 2584 6176 1695 2585 6177 1691 2586 6178 1469 2587 6179 1522 2579 6180 1700 2578 6181 1702 2588 6182 1523 2589 6183 1492 2581 6184 1640 2580 6185 1650 2590 6186 1497 2591 6187 1363 2207 6188 1548 2206 6189 1559 2583 6190 1356 2582 6191 1469 2587 6192 1691 2586 6193 1687 2592 6194 1467 2593 6195 1523 2589 6196 1702 2588 6197 1682 2594 6198 1513 2595 6199 1497 2591 6200 1650 2590 6201 1648 2596 6202 1496 2597 6203 1467 2593 6204 1687 2592 6205 1683 2598 6206 1465 2599 6207 1513 2595 6208 1682 2594 6209 1686 2600 6210 1515 2601 6211 1496 2597 6212 1648 2596 6213 1654 2602 6214 1499 2603 6215 1465 2599 6216 1683 2598 6217 1703 2604 6218 1475 2605 6219 1515 2601 6220 1686 2600 6221 1690 2606 6222 1517 2607 6223 1445 2608 6224 1643 2609 6225 1647 2610 6226 1447 2611 6227 1499 2603 6228 1654 2602 6229 1652 2612 6230 1498 2613 6231 1475 2605 6232 1703 2604 6233 1701 2614 6234 1474 2615 6235 1517 2607 6236 1690 2606 6237 1694 2181 6238 1519 2180 6239 1447 2611 6240 1647 2610 6241 1635 2616 6242 1441 2617 6243 1498 2613 6244 1652 2612 6245 1638 2618 6246 1491 2619 6247 1474 2615 6248 1701 2614 6249 1699 2620 6250 1473 2621 6251 1441 2617 6252 1635 2616 6253 1639 2622 6254 1443 2623 6255 1491 2619 6256 1638 2618 6257 1634 2624 6258 1489 2625 6259 1473 2621 6260 1699 2620 6261 1697 2626 6262 1472 2627 6263 1443 2623 6264 1639 2622 6265 1653 2628 6266 1450 2629 6267 1489 2625 6268 1634 2624 6269 1646 2630 6270 1495 2631 6271 1423 2632 6272 1615 2633 6273 1613 2634 6274 1421 2635 6275 1472 2627 6276 1697 2626 6277 1693 2636 6278 1470 2637 6279 1450 2629 6280 1653 2628 6281 1655 2638 6282 1451 2639 6283 1495 2631 6284 1646 2630 6285 1642 2153 6286 1493 2152 6287 1421 2635 6288 1613 2634 6289 1611 2640 6290 1419 2641 6291 1470 2637 6292 1693 2636 6293 1689 2642 6294 1468 2643 6295 1451 2639 6296 1655 2638 6297 1649 2644 6298 1448 2645 6299 1419 2641 6300 1611 2640 6301 1609 2646 6302 1417 2647 6303 1468 2643 6304 1689 2642 6305 1685 2648 6306 1466 2649 6307 1448 2645 6308 1649 2644 6309 1651 2650 6310 1449 2651 6311 1417 2647 6312 1609 2646 6313 1619 2652 6314 1427 2653 6315 1466 2649 6316 1685 2648 6317 1681 2654 6318 1464 2655 6319 1397 2656 6320 1589 2657 6321 1591 2658 6322 1399 2659 6323 1449 2651 6324 1651 2650 6325 1641 2660 6326 1444 2661 6327 1427 2653 6328 1619 2652 6329 1618 2662 6330 1426 2663 6331 1464 2655 6332 1681 2654 6333 1695 2585 6334 1471 2584 6335 1399 2659 6336 1591 2658 6337 1585 2664 6338 1393 2665 6339 1444 2661 6340 1641 2660 6341 1645 2666 6342 1446 2667 6343 1426 2663 6344 1618 2662 6345 1617 2668 6346 1425 2669 6347 1393 2665 6348 1585 2664 6349 1587 2670 6350 1395 2671 6351 1446 2667 6352 1645 2666 6353 1633 2672 6354 1440 2673 6355 1425 2669 6356 1617 2668 6357 1616 2674 6358 1424 2675 6359 1395 2671 6360 1587 2670 6361 1594 2676 6362 1402 2677 6363 1440 2673 6364 1633 2672 6365 1637 2678 6366 1442 2679 6367 1373 2680 6368 1561 2681 6369 1560 2330 6370 1375 2329 6371 1424 2675 6372 1616 2674 6373 1614 2682 6374 1422 2683 6375 1402 2677 6376 1594 2676 6377 1595 2684 6378 1403 2685 6379 1442 2679 6380 1637 2678 6381 1643 2609 6382 1445 2608 6383 1371 2686 6384 1562 2687 6385 1561 2681 6386 1373 2680 6387 1422 2683 6388 1614 2682 6389 1612 2688 6390 1420 2689 6391 1403 2685 6392 1595 2684 6393 1592 2690 6394 1400 2691 6395 1369 2692 6396 1563 2693 6397 1562 2687 6398 1371 2686 6399 1420 2689 6400 1612 2688 6401 1610 2694 6402 1418 2695 6403 1400 2691 6404 1592 2690 6405 1593 2696 6406 1401 2697 6407 1379 2698 6408 1564 2699 6409 1563 2693 6410 1369 2692 6411 1418 2695 6412 1610 2694 6413 1608 2700 6414 1416 2701 6415 1351 2702 6416 1537 2703 6417 1536 2300 6418 1349 2299 6419 1529 2298 6420 1714 2297 6421 1708 2704 6422 1526 2705 6423 1401 2697 6424 1593 2696 6425 1588 2706 6426 1396 2707 6427 1378 2708 6428 1565 2709 6429 1564 2699 6430 1379 2698 6431 1416 2701 6432 1608 2700 6433 1615 2633 6434 1423 2632 6435 1345 2710 6436 1538 2711 6437 1537 2703 6438 1351 2702 6439 1526 2705 6440 1708 2704 6441 1704 2712 6442 1524 2713 6443 1396 2707 6444 1588 2706 6445 1590 2714 6446 1398 2715 6447 1377 2716 6448 1566 2717 6449 1565 2709 6450 1378 2708 6451 1347 2718 6452 1539 2719 6453 1538 2711 6454 1345 2710 6455 1524 2713 6456 1704 2712 6457 1716 2720 6458 1530 2721 6459 1398 2715 6460 1590 2714 6461 1584 2722 6462 1392 2723 6463 1376 2724 6464 1567 2725 6465 1566 2717 6466 1377 2716 6467 1354 2726 6468 1540 2727 6469 1539 2719 6470 1347 2718 6471 1530 2721 6472 1716 2720 6473 1712 2728 6474 1528 2729 6475 1392 2723 6476 1584 2722 6477 1586 2730 6478 1394 2731 6479 1507 2274 6480 1670 2273 6481 1656 2732 6482 1500 2733 6483 1374 2734 6484 1568 2735 6485 1567 2725 6486 1376 2724 6487 1355 2736 6488 1541 2737 6489 1540 2727 6490 1354 2726 6491 1528 2729 6492 1712 2728 6493 1722 2738 6494 1533 2739 6495 1394 2731 6496 1586 2730 6497 1589 2657 6498 1397 2656 6499 1500 2733 6500 1656 2732 6501 1660 2740 6502 1502 2741 6503 1372 2742 6504 1569 2743 6505 1568 2735 6506 1374 2734 6507 1352 2744 6508 1542 2745 6509 1541 2737 6510 1355 2736 6511 1533 2739 6512 1722 2738 6513 1720 2344 6514 1532 2343 6515 1502 2741 6516 1660 2740 6517 1664 2342 6518 1504 2341 6519 1370 2340 6520 1570 2339 6521 1569 2743 6522 1372 2742 6523 1353 2338 6524 1543 2337 6525 1542 2745 6526 1352 2744 6527</p>
        </polylist>
      </mesh>
    </geometry>
    <geometry id="Cargo_Container_Mesh-mesh" name="Cargo_Container_Mesh">
      <mesh>
        <source id="Cargo_Container_Mesh-mesh-positions">
          <float_array id="Cargo_Container_Mesh-mesh-positions-array" count="1284">3 -1.25 -0.975 3 -1.25 1.025 2.895 -1.3 -0.975 2.895 -1.3 1.025 2.805001 -1.3 -0.975 2.805001 -1.3 1.025 2.700001 -1.25 -0.975 2.700001 -1.25 1.025 2.93 -1.25 -0.975 2.93 -1.25 1.025 2.77 -1.25 -0.975 2.77 -1.25 1.025 2.595 -1.3 -0.975 2.595 -1.3 1.025 2.505001 -1.3 -0.975 2.505001 -1.3 1.025 2.400001 -1.25 -0.975 2.400001 -1.25 1.025 2.630001 -1.25 -0.975 2.630001 -1.25 1.025 2.470001 -1.25 -0.975 2.470001 -1.25 1.025 2.295001 -1.3 -0.975 2.295001 -1.3 1.025 2.205001 -1.3 -0.975 2.205001 -1.3 1.025 2.100001 -1.25 -0.975 2.100001 -1.25 1.025 2.330001 -1.25 -0.975 2.330001 -1.25 1.025 2.170001 -1.25 -0.975 2.170001 -1.25 1.025 1.995001 -1.3 -0.975 1.995001 -1.3 1.025 1.905001 -1.3 -0.975 1.905001 -1.3 1.025 1.800001 -1.25 -0.975 1.800001 -1.25 1.025 2.030001 -1.25 -0.975 2.030001 -1.25 1.025 1.870001 -1.25 -0.975 1.870001 -1.25 1.025 1.695001 -1.3 -0.975 1.695001 -1.3 1.025 1.605002 -1.3 -0.975 1.605002 -1.3 1.025 1.500002 -1.25 -0.975 1.500002 -1.25 1.025 1.730002 -1.25 -0.975 1.730002 -1.25 1.025 1.570002 -1.25 -0.975 1.570002 -1.25 1.025 1.395002 -1.3 -0.975 1.395002 -1.3 1.025 1.305002 -1.3 -0.975 1.305002 -1.3 1.025 1.200002 -1.25 -0.975 1.200002 -1.25 1.025 1.430002 -1.25 -0.975 1.430002 -1.25 1.025 1.270002 -1.25 -0.975 1.270002 -1.25 1.025 1.095002 -1.3 -0.975 1.095002 -1.3 1.025 1.005002 -1.3 -0.975 1.005002 -1.3 1.025 0.9000023 -1.25 -0.975 0.9000023 -1.25 1.025 1.130002 -1.25 -0.975 1.130002 -1.25 1.025 0.9700022 -1.25 -0.975 0.9700022 -1.25 1.025 0.7950023 -1.3 -0.975 0.7950023 -1.3 1.025 0.7050026 -1.3 -0.975 0.7050026 -1.3 1.025 0.6000026 -1.25 -0.975 0.6000026 -1.25 1.025 0.8300024 -1.25 -0.975 0.8300024 -1.25 1.025 0.6700025 -1.25 -0.975 0.6700025 -1.25 1.025 0.4950026 -1.3 -0.975 0.4950026 -1.3 1.025 0.405003 -1.3 -0.975 0.405003 -1.3 1.025 0.3000029 -1.25 -0.975 0.3000029 -1.25 1.025 0.5300027 -1.25 -0.975 0.5300027 -1.25 1.025 0.3700029 -1.25 -0.975 0.3700029 -1.25 1.025 0.1950029 -1.3 -0.975 0.1950029 -1.3 1.025 0.1050032 -1.3 -0.975 0.1050032 -1.3 1.025 3.35276e-7 -1.25 -0.975 3.35276e-7 -1.25 1.025 0.2300029 -1.25 -0.975 0.2300029 -1.25 1.025 0.07000309 -1.25 -0.975 0.07000309 -1.25 1.025 -0.1049968 -1.3 -0.975 -0.1049968 -1.3 1.025 -0.1949964 -1.3 -0.975 -0.1949964 -1.3 1.025 -0.2999965 -1.25 -0.975 -0.2999965 -1.25 1.025 -0.06999671 -1.25 -0.975 -0.06999671 -1.25 1.025 -0.2299965 -1.25 -0.975 -0.2299965 -1.25 1.025 -0.4049965 -1.3 -0.975 -0.4049965 -1.3 1.025 -0.4949963 -1.3 -0.975 -0.4949963 -1.3 1.025 -0.5999963 -1.25 -0.975 -0.5999963 -1.25 1.025 -0.3699964 -1.25 -0.975 -0.3699964 -1.25 1.025 -0.5299963 -1.25 -0.975 -0.5299963 -1.25 1.025 -0.7049963 -1.3 -0.975 -0.7049963 -1.3 1.025 -0.794996 -1.3 -0.975 -0.794996 -1.3 1.025 -0.899996 -1.25 -0.975 -0.899996 -1.25 1.025 -0.6699962 -1.25 -0.975 -0.6699962 -1.25 1.025 -0.8299961 -1.25 -0.975 -0.8299961 -1.25 1.025 -1.004996 -1.3 -0.975 -1.004996 -1.3 1.025 -1.094996 -1.3 -0.975 -1.094996 -1.3 1.025 -1.199996 -1.25 -0.975 -1.199996 -1.25 1.025 -0.9699959 -1.25 -0.975 -0.9699959 -1.25 1.025 -1.129996 -1.25 -0.975 -1.129996 -1.25 1.025 -1.304996 -1.3 -0.975 -1.304996 -1.3 1.025 -1.394995 -1.3 -0.975 -1.394995 -1.3 1.025 -1.499995 -1.25 -0.975 -1.499995 -1.25 1.025 -1.269996 -1.25 -0.975 -1.269996 -1.25 1.025 -1.429995 -1.25 -0.975 -1.429995 -1.25 1.025 -1.604995 -1.3 -0.975 -1.604995 -1.3 1.025 -1.694995 -1.3 -0.975 -1.694995 -1.3 1.025 -1.799995 -1.25 -0.975 -1.799995 -1.25 1.025 -1.569995 -1.25 -0.975 -1.569995 -1.25 1.025 -1.729995 -1.25 -0.975 -1.729995 -1.25 1.025 -1.904995 -1.3 -0.975 -1.904995 -1.3 1.025 -1.994995 -1.3 -0.975 -1.994995 -1.3 1.025 -2.099995 -1.25 -0.975 -2.099995 -1.25 1.025 -1.869995 -1.25 -0.975 -1.869995 -1.25 1.025 -2.029995 -1.25 -0.975 -2.029995 -1.25 1.025 -2.204995 -1.3 -0.975 -2.204995 -1.3 1.025 -2.294995 -1.3 -0.975 -2.294995 -1.3 1.025 -2.399995 -1.25 -0.975 -2.399995 -1.25 1.025 -2.169995 -1.25 -0.975 -2.169995 -1.25 1.025 -2.329995 -1.25 -0.975 -2.329995 -1.25 1.025 -2.504995 -1.3 -0.975 -2.504995 -1.3 1.025 -2.594994 -1.3 -0.975 -2.594994 -1.3 1.025 -2.699994 -1.25 -0.975 -2.699994 -1.25 1.025 -2.469995 -1.25 -0.975 -2.469995 -1.25 1.025 -2.629994 -1.25 -0.975 -2.629994 -1.25 1.025 -2.804994 -1.3 -0.975 -2.804994 -1.3 1.025 -2.894994 -1.3 -0.975 -2.894994 -1.3 1.025 -2.999994 -1.25 -0.975 -2.999994 -1.25 1.025 -2.769994 -1.25 -0.975 -2.769994 -1.25 1.025 -2.929994 -1.25 -0.975 -2.929994 -1.25 1.025 3 1.25 -0.975 3 1.25 1.025 2.895 1.3 -0.975 2.895 1.3 1.025 2.805001 1.3 -0.975 2.805001 1.3 1.025 2.700001 1.25 -0.975 2.700001 1.25 1.025 2.93 1.25 -0.975 2.93 1.25 1.025 2.77 1.25 -0.975 2.77 1.25 1.025 2.595 1.3 -0.975 2.595 1.3 1.025 2.505001 1.3 -0.975 2.505001 1.3 1.025 2.400001 1.25 -0.975 2.400001 1.25 1.025 2.630001 1.25 -0.975 2.630001 1.25 1.025 2.470001 1.25 -0.975 2.470001 1.25 1.025 2.295001 1.3 -0.975 2.295001 1.3 1.025 2.205001 1.3 -0.975 2.205001 1.3 1.025 2.100001 1.25 -0.975 2.100001 1.25 1.025 2.330001 1.25 -0.975 2.330001 1.25 1.025 2.170001 1.25 -0.975 2.170001 1.25 1.025 1.995001 1.3 -0.975 1.995001 1.3 1.025 1.905001 1.3 -0.975 1.905001 1.3 1.025 1.800001 1.25 -0.975 1.800001 1.25 1.025 2.030001 1.25 -0.975 2.030001 1.25 1.025 1.870001 1.25 -0.975 1.870001 1.25 1.025 1.695001 1.3 -0.975 1.695001 1.3 1.025 1.605002 1.3 -0.975 1.605002 1.3 1.025 1.500002 1.25 -0.975 1.500002 1.25 1.025 1.730002 1.25 -0.975 1.730002 1.25 1.025 1.570002 1.25 -0.975 1.570002 1.25 1.025 1.395002 1.3 -0.975 1.395002 1.3 1.025 1.305002 1.3 -0.975 1.305002 1.3 1.025 1.200002 1.25 -0.975 1.200002 1.25 1.025 1.430002 1.25 -0.975 1.430002 1.25 1.025 1.270002 1.25 -0.975 1.270002 1.25 1.025 1.095002 1.3 -0.975 1.095002 1.3 1.025 1.005002 1.3 -0.975 1.005002 1.3 1.025 0.9000023 1.25 -0.975 0.9000023 1.25 1.025 1.130002 1.25 -0.975 1.130002 1.25 1.025 0.9700022 1.25 -0.975 0.9700022 1.25 1.025 0.7950023 1.3 -0.975 0.7950023 1.3 1.025 0.7050026 1.3 -0.975 0.7050026 1.3 1.025 0.6000026 1.25 -0.975 0.6000026 1.25 1.025 0.8300024 1.25 -0.975 0.8300024 1.25 1.025 0.6700025 1.25 -0.975 0.6700025 1.25 1.025 0.4950026 1.3 -0.975 0.4950026 1.3 1.025 0.405003 1.3 -0.975 0.405003 1.3 1.025 0.3000029 1.25 -0.975 0.3000029 1.25 1.025 0.5300027 1.25 -0.975 0.5300027 1.25 1.025 0.3700029 1.25 -0.975 0.3700029 1.25 1.025 0.1950029 1.3 -0.975 0.1950029 1.3 1.025 0.1050032 1.3 -0.975 0.1050032 1.3 1.025 3.35276e-7 1.25 -0.975 3.35276e-7 1.25 1.025 0.2300029 1.25 -0.975 0.2300029 1.25 1.025 0.07000309 1.25 -0.975 0.07000309 1.25 1.025 -0.1049968 1.3 -0.975 -0.1049968 1.3 1.025 -0.1949964 1.3 -0.975 -0.1949964 1.3 1.025 -0.2999965 1.25 -0.975 -0.2999965 1.25 1.025 -0.06999671 1.25 -0.975 -0.06999671 1.25 1.025 -0.2299965 1.25 -0.975 -0.2299965 1.25 1.025 -0.4049965 1.3 -0.975 -0.4049965 1.3 1.025 -0.4949963 1.3 -0.975 -0.4949963 1.3 1.025 -0.5999963 1.25 -0.975 -0.5999963 1.25 1.025 -0.3699964 1.25 -0.975 -0.3699964 1.25 1.025 -0.5299963 1.25 -0.975 -0.5299963 1.25 1.025 -0.7049963 1.3 -0.975 -0.7049963 1.3 1.025 -0.794996 1.3 -0.975 -0.794996 1.3 1.025 -0.899996 1.25 -0.975 -0.899996 1.25 1.025 -0.6699962 1.25 -0.975 -0.6699962 1.25 1.025 -0.8299961 1.25 -0.975 -0.8299961 1.25 1.025 -1.004996 1.3 -0.975 -1.004996 1.3 1.025 -1.094996 1.3 -0.975 -1.094996 1.3 1.025 -1.199996 1.25 -0.975 -1.199996 1.25 1.025 -0.9699959 1.25 -0.975 -0.9699959 1.25 1.025 -1.129996 1.25 -0.975 -1.129996 1.25 1.025 -1.304996 1.3 -0.975 -1.304996 1.3 1.025 -1.394995 1.3 -0.975 -1.394995 1.3 1.025 -1.499995 1.25 -0.975 -1.499995 1.25 1.025 -1.269996 1.25 -0.975 -1.269996 1.25 1.025 -1.429995 1.25 -0.975 -1.429995 1.25 1.025 -1.604995 1.3 -0.975 -1.604995 1.3 1.025 -1.694995 1.3 -0.975 -1.694995 1.3 1.025 -1.799995 1.25 -0.975 -1.799995 1.25 1.025 -1.569995 1.25 -0.975 -1.569995 1.25 1.025 -1.729995 1.25 -0.975 -1.729995 1.25 1.025 -1.904995 1.3 -0.975 -1.904995 1.3 1.025 -1.994995 1.3 -0.975 -1.994995 1.3 1.025 -2.099995 1.25 -0.975 -2.099995 1.25 1.025 -1.869995 1.25 -0.975 -1.869995 1.25 1.025 -2.029995 1.25 -0.975 -2.029995 1.25 1.025 -2.204995 1.3 -0.975 -2.204995 1.3 1.025 -2.294995 1.3 -0.975 -2.294995 1.3 1.025 -2.399995 1.25 -0.975 -2.399995 1.25 1.025 -2.169995 1.25 -0.975 -2.169995 1.25 1.025 -2.329995 1.25 -0.975 -2.329995 1.25 1.025 -2.504995 1.3 -0.975 -2.504995 1.3 1.025 -2.594994 1.3 -0.975 -2.594994 1.3 1.025 -2.699994 1.25 -0.975 -2.699994 1.25 1.025 -2.469995 1.25 -0.975 -2.469995 1.25 1.025 -2.629994 1.25 -0.975 -2.629994 1.25 1.025 -2.804994 1.3 -0.975 -2.804994 1.3 1.025 -2.894994 1.3 -0.975 -2.894994 1.3 1.025 -2.999994 1.25 -0.975 -2.999994 1.25 1.025 -2.769994 1.25 -0.975 -2.769994 1.25 1.025 -2.929994 1.25 -0.975 -2.929994 1.25 1.025 -3 -1.3 1.025 -3 1.3 1.025 3 1.3 1.025 3 -1.3 1.025 -3 -1.3 1.125 -3 1.3 1.125 3 1.3 1.125 3 -1.3 1.125 -3 -1.3 -1.075 -3 1.3 -1.075 3 1.3 -1.075 3 -1.3 -1.075 -3 -1.3 -0.9750002 -3 1.3 -0.9750002 3 1.3 -0.9750002 3 -1.3 -0.9750002 3.06 0.7529903 -1.075 3.06 -0.7529902 -1.075 2.96 0.7529903 -1.075 2.96 -0.7529902 -1.075 3.06 -0.7529902 -1.125 3.06 0.7529903 -1.125 2.96 -0.7529902 -1.125 2.96 0.7529903 -1.125</float_array>
          <technique_common>
            <accessor source="#Cargo_Container_Mesh-mesh-positions-array" count="428" stride="3">
              <param name="X" type="float"/>
              <param name="Y" type="float"/>
              <param name="Z" type="float"/>
            </accessor>
          </technique_common>
        </source>
        <source id="Cargo_Container_Mesh-mesh-normals">
          <float_array id="Cargo_Container_Mesh-mesh-normals-array" count="48">0.819231 -0.5734637 0 0 -1 0 -0.819231 -0.5734637 0 0.819232 -0.5734624 0 -0.8192315 -0.573463 0 0.819231 0.5734637 0 0 1 0 -0.819231 0.5734637 0 0.819232 0.5734624 0 -0.8192315 0.573463 0 0 0 -1 0 0 1 1 0 0 -1 0 0 1 0 0 -1 0 0</float_array>
          <technique_common>
            <accessor source="#Cargo_Container_Mesh-mesh-normals-array" count="16" stride="3">
              <param name="X" type="float"/>
              <param name="Y" type="float"/>
              <param name="Z" type="float"/>
            </accessor>
          </technique_common>
        </source>
        <source id="Cargo_Container_Mesh-mesh-map-0">
          <float_array id="Cargo_Container_Mesh-mesh-map-0-array" count="1744">0.1682246 0.006485402 0.3344461 0.006485342 0.3344461 0.01155781 0.1682246 0.01155781 0.1682246 0.01155781 0.3344461 0.01155781 0.3344461 0.01903778 0.1682246 0.01903784 0.1682246 0.02411025 0.3344461 0.02411025 0.3344461 0.02992802 0.1682246 0.02992802 0.1682246 6.67676e-4 0.3344461 6.67669e-4 0.3344461 0.006485342 0.1682246 0.006485402 0.1682246 0.01903784 0.3344461 0.01903778 0.3344461 0.02411025 0.1682246 0.02411025 0.1682246 0.03574579 0.3344461 0.03574573 0.3344461 0.04081821 0.1682246 0.04081821 0.1682246 0.04081821 0.3344461 0.04081821 0.3344461 0.04829818 0.1682246 0.04829823 0.1682246 0.05337065 0.3344461 0.05337065 0.3344461 0.05918842 0.1682246 0.05918842 0.1682246 0.02992802 0.3344461 0.02992802 0.3344461 0.03574573 0.1682246 0.03574579 0.1682246 0.04829823 0.3344461 0.04829818 0.3344461 0.05337065 0.1682246 0.05337065 0.1682246 0.06500619 0.3344461 0.06500613 0.3344461 0.07007867 0.1682246 0.07007867 0.1682246 0.07007867 0.3344461 0.07007867 0.3344461 0.07755857 0.1682246 0.07755863 0.1682246 0.08263105 0.3344461 0.08263105 0.3344461 0.08844882 0.1682246 0.08844882 0.1682246 0.05918842 0.3344461 0.05918842 0.3344461 0.06500613 0.1682246 0.06500619 0.1682246 0.07755863 0.3344461 0.07755857 0.3344461 0.08263105 0.1682246 0.08263105 0.1682246 0.09426659 0.3344461 0.09426653 0.3344461 0.09933906 0.1682246 0.09933906 0.1682246 0.09933906 0.3344461 0.09933906 0.3344461 0.106819 0.1682246 0.106819 0.1682246 0.1118915 0.3344461 0.1118915 0.3344461 0.1177092 0.1682246 0.1177092 0.1682246 0.08844882 0.3344461 0.08844882 0.3344461 0.09426653 0.1682246 0.09426659 0.1682246 0.106819 0.3344461 0.106819 0.3344461 0.1118915 0.1682246 0.1118915 0.1682246 0.1235269 0.3344461 0.1235269 0.3344461 0.1285994 0.1682246 0.1285994 0.1682246 0.1285994 0.3344461 0.1285994 0.3344461 0.1360794 0.1682246 0.1360794 0.1682246 0.1411519 0.3344461 0.1411519 0.3344461 0.1469696 0.1682246 0.1469696 0.1682246 0.1177092 0.3344461 0.1177092 0.3344461 0.1235269 0.1682246 0.1235269 0.1682246 0.1360794 0.3344461 0.1360794 0.3344461 0.1411519 0.1682246 0.1411519 0.1682246 0.1527873 0.3344461 0.1527873 0.3344461 0.1578598 0.1682246 0.1578598 0.1682246 0.1578598 0.3344461 0.1578598 0.3344461 0.1653398 0.1682246 0.1653398 0.1682246 0.1704123 0.3344461 0.1704123 0.3344461 0.17623 0.1682246 0.17623 0.1682246 0.1469696 0.3344461 0.1469696 0.3344461 0.1527873 0.1682246 0.1527873 0.1682246 0.1653398 0.3344461 0.1653398 0.3344461 0.1704123 0.1682246 0.1704123 0.1682246 0.1820477 0.3344461 0.1820477 0.3344461 0.1871202 0.1682246 0.1871202 0.1682246 0.1871202 0.3344461 0.1871202 0.3344461 0.1946002 0.1682246 0.1946002 0.1682246 0.1996726 0.3344461 0.1996726 0.3344461 0.2054904 0.1682246 0.2054904 0.1682246 0.17623 0.3344461 0.17623 0.3344461 0.1820477 0.1682246 0.1820477 0.1682246 0.1946002 0.3344461 0.1946002 0.3344461 0.1996726 0.1682246 0.1996726 0.1682246 0.2113081 0.3344461 0.2113081 0.3344462 0.2163806 0.1682246 0.2163806 0.1682246 0.2163806 0.3344462 0.2163806 0.3344462 0.2238606 0.1682246 0.2238606 0.1682246 0.228933 0.3344462 0.228933 0.3344462 0.2347508 0.1682246 0.2347508 0.1682246 0.2054904 0.3344461 0.2054904 0.3344461 0.2113081 0.1682246 0.2113081 0.1682246 0.2238606 0.3344462 0.2238606 0.3344462 0.228933 0.1682246 0.228933 0.1682246 0.2405685 0.3344462 0.2405685 0.3344462 0.245641 0.1682246 0.245641 0.1682246 0.245641 0.3344462 0.245641 0.3344462 0.253121 0.1682246 0.253121 0.1682246 0.2581934 0.3344462 0.2581934 0.3344462 0.2640112 0.1682246 0.2640112 0.1682246 0.2347508 0.3344462 0.2347508 0.3344462 0.2405685 0.1682246 0.2405685 0.1682246 0.253121 0.3344462 0.253121 0.3344462 0.2581934 0.1682246 0.2581934 0.1682246 0.2698289 0.3344462 0.2698289 0.3344462 0.2749014 0.1682246 0.2749015 0.1682246 0.2749015 0.3344462 0.2749014 0.3344462 0.2823814 0.1682246 0.2823814 0.1682246 0.2874538 0.3344462 0.2874538 0.3344462 0.2932718 0.1682246 0.2932718 0.1682246 0.2640112 0.3344462 0.2640112 0.3344462 0.2698289 0.1682246 0.2698289 0.1682246 0.2823814 0.3344462 0.2823814 0.3344462 0.2874538 0.1682246 0.2874538 0.1682246 0.2990893 0.3344462 0.2990893 0.3344462 0.3041618 0.1682246 0.3041618 0.1682246 0.3041618 0.3344462 0.3041618 0.3344462 0.3116418 0.1682246 0.3116418 0.1682246 0.3167142 0.3344462 0.3167142 0.3344462 0.322532 0.1682246 0.322532 0.1682246 0.2932718 0.3344462 0.2932718 0.3344462 0.2990893 0.1682246 0.2990893 0.1682246 0.3116418 0.3344462 0.3116418 0.3344462 0.3167142 0.1682246 0.3167142 0.1682246 0.3283497 0.3344462 0.3283497 0.3344462 0.3334222 0.1682246 0.3334222 0.1682246 0.3334222 0.3344462 0.3334222 0.3344462 0.3409022 0.1682246 0.3409022 0.1682246 0.3459746 0.3344462 0.3459746 0.3344462 0.3517923 0.1682246 0.3517924 0.1682246 0.322532 0.3344462 0.322532 0.3344462 0.3283497 0.1682246 0.3283497 0.1682246 0.3409022 0.3344462 0.3409022 0.3344462 0.3459746 0.1682246 0.3459746 0.1682246 0.3576101 0.3344462 0.3576101 0.3344462 0.3626826 0.1682246 0.3626826 0.1682246 0.3626826 0.3344462 0.3626826 0.3344462 0.3701626 0.1682246 0.3701626 0.1682246 0.375235 0.3344462 0.375235 0.3344462 0.3810527 0.1682246 0.3810528 0.1682246 0.3517924 0.3344462 0.3517923 0.3344462 0.3576101 0.1682246 0.3576101 0.1682246 0.3701626 0.3344462 0.3701626 0.3344462 0.375235 0.1682246 0.375235 0.1682246 0.3868705 0.3344462 0.3868705 0.3344462 0.391943 0.1682246 0.391943 0.1682246 0.391943 0.3344462 0.391943 0.3344462 0.399423 0.1682246 0.399423 0.1682246 0.4044954 0.3344462 0.4044954 0.3344462 0.4103131 0.1682246 0.4103132 0.1682246 0.3810528 0.3344462 0.3810527 0.3344462 0.3868705 0.1682246 0.3868705 0.1682246 0.399423 0.3344462 0.399423 0.3344462 0.4044954 0.1682246 0.4044954 0.1682246 0.4161309 0.3344462 0.4161309 0.3344462 0.4212034 0.1682246 0.4212034 0.1682246 0.4212034 0.3344462 0.4212034 0.3344462 0.4286834 0.1682246 0.4286834 0.1682246 0.4337558 0.3344462 0.4337558 0.3344462 0.4395735 0.1682246 0.4395735 0.1682246 0.4103132 0.3344462 0.4103131 0.3344462 0.4161309 0.1682246 0.4161309 0.1682246 0.4286834 0.3344462 0.4286834 0.3344462 0.4337558 0.1682246 0.4337558 0.1682246 0.4453913 0.3344462 0.4453913 0.3344462 0.4504638 0.1682246 0.4504638 0.1682246 0.4504638 0.3344462 0.4504638 0.3344462 0.4579437 0.1682246 0.4579437 0.1682246 0.4630162 0.3344462 0.4630162 0.3344462 0.4688339 0.1682246 0.468834 0.1682246 0.4395735 0.3344462 0.4395735 0.3344462 0.4453913 0.1682246 0.4453913 0.1682246 0.4579437 0.3344462 0.4579437 0.3344462 0.4630162 0.1682246 0.4630162 0.1682246 0.4746517 0.3344462 0.4746517 0.3344462 0.4797242 0.1682246 0.4797242 0.1682246 0.4797242 0.3344462 0.4797242 0.3344462 0.4872041 0.1682246 0.4872041 0.1682246 0.4922766 0.3344462 0.4922766 0.3344462 0.4980943 0.1682246 0.4980944 0.1682246 0.468834 0.3344462 0.4688339 0.3344462 0.4746517 0.1682246 0.4746517 0.1682246 0.4872041 0.3344462 0.4872041 0.3344462 0.4922766 0.1682246 0.4922766 0.1682246 0.5039121 0.3344462 0.5039121 0.3344462 0.5089846 0.1682246 0.5089846 0.1682246 0.5089846 0.3344462 0.5089846 0.3344462 0.5164645 0.1682246 0.5164645 0.1682246 0.521537 0.3344462 0.521537 0.3344462 0.5273548 0.1682246 0.5273548 0.1682246 0.4980944 0.3344462 0.4980943 0.3344462 0.5039121 0.1682246 0.5039121 0.1682246 0.5164645 0.3344462 0.5164645 0.3344462 0.521537 0.1682246 0.521537 0.1682246 0.5331725 0.3344462 0.5331725 0.3344462 0.538245 0.1682246 0.538245 0.1682246 0.538245 0.3344462 0.538245 0.3344462 0.5457249 0.1682246 0.5457249 0.1682246 0.5507974 0.3344462 0.5507974 0.3344462 0.5566151 0.1682246 0.5566151 0.1682246 0.5273548 0.3344462 0.5273548 0.3344462 0.5331725 0.1682246 0.5331725 0.1682246 0.5457249 0.3344462 0.5457249 0.3344462 0.5507974 0.1682246 0.5507974 0.1682246 0.562433 0.3344462 0.5624329 0.3344462 0.5675054 0.1682246 0.5675054 0.1682246 0.5675054 0.3344462 0.5675054 0.3344462 0.5749853 0.1682246 0.5749853 0.1682246 0.5800578 0.3344462 0.5800578 0.3344462 0.5858755 0.1682246 0.5858755 0.1682246 0.5566151 0.3344462 0.5566151 0.3344462 0.5624329 0.1682246 0.562433 0.1682246 0.5749853 0.3344462 0.5749853 0.3344462 0.5800578 0.1682246 0.5800578 0.1668892 0.006485402 0.1668892 0.01155787 6.67674e-4 0.01155793 6.67685e-4 0.006485462 0.1668892 0.01155787 0.1668893 0.01903784 6.67674e-4 0.01903784 6.67674e-4 0.01155793 0.1668892 0.02411037 0.1668892 0.02992808 6.67674e-4 0.02992808 6.67674e-4 0.02411031 0.1668892 6.67676e-4 0.1668892 0.006485402 6.67685e-4 0.006485462 6.67685e-4 6.67683e-4 0.1668893 0.01903784 0.1668892 0.02411037 6.67674e-4 0.02411031 6.67674e-4 0.01903784 0.1668892 0.03574585 0.1668892 0.04081833 6.6768e-4 0.04081833 6.67675e-4 0.03574585 0.1668892 0.04081833 0.1668892 0.04829823 6.67675e-4 0.04829829 6.6768e-4 0.04081833 0.1668892 0.05337077 0.1668893 0.05918848 6.67676e-4 0.05918848 6.67675e-4 0.05337077 0.1668892 0.02992808 0.1668892 0.03574585 6.67675e-4 0.03574585 6.67674e-4 0.02992808 0.1668892 0.04829823 0.1668892 0.05337077 6.67675e-4 0.05337077 6.67675e-4 0.04829829 0.1668893 0.06500625 0.1668892 0.07007873 6.67676e-4 0.07007879 6.67676e-4 0.06500625 0.1668892 0.07007873 0.1668893 0.07755869 6.67682e-4 0.07755869 6.67676e-4 0.07007879 0.1668892 0.08263117 0.1668892 0.08844894 6.67682e-4 0.08844894 6.67682e-4 0.08263117 0.1668893 0.05918848 0.1668893 0.06500625 6.67676e-4 0.06500625 6.67676e-4 0.05918848 0.1668893 0.07755869 0.1668892 0.08263117 6.67682e-4 0.08263117 6.67682e-4 0.07755869 0.1668893 0.09426665 0.1668892 0.09933912 6.67682e-4 0.09933912 6.67682e-4 0.09426665 0.1668892 0.09933912 0.1668893 0.1068191 6.67689e-4 0.1068191 6.67682e-4 0.09933912 0.1668893 0.1118916 0.1668893 0.1177093 6.67678e-4 0.1177093 6.67683e-4 0.1118916 0.1668892 0.08844894 0.1668893 0.09426665 6.67682e-4 0.09426665 6.67682e-4 0.08844894 0.1668893 0.1068191 0.1668893 0.1118916 6.67683e-4 0.1118916 6.67689e-4 0.1068191 0.1668893 0.1235271 0.1668893 0.1285995 6.67684e-4 0.1285995 6.6769e-4 0.1235271 0.1668893 0.1285995 0.1668893 0.1360795 6.67691e-4 0.1360795 6.67684e-4 0.1285995 0.1668893 0.141152 0.1668893 0.1469697 6.67691e-4 0.1469697 6.67687e-4 0.141152 0.1668893 0.1177093 0.1668893 0.1235271 6.6769e-4 0.1235271 6.67678e-4 0.1177093 0.1668893 0.1360795 0.1668893 0.141152 6.67687e-4 0.141152 6.67691e-4 0.1360795 0.1668893 0.1527875 0.1668893 0.1578599 6.67691e-4 0.15786 6.67694e-4 0.1527875 0.1668893 0.1578599 0.1668893 0.1653399 6.67692e-4 0.1653399 6.67691e-4 0.15786 0.1668893 0.1704124 0.1668893 0.1762301 6.67695e-4 0.1762301 6.67692e-4 0.1704124 0.1668893 0.1469697 0.1668893 0.1527875 6.67694e-4 0.1527875 6.67691e-4 0.1469697 0.1668893 0.1653399 0.1668893 0.1704124 6.67692e-4 0.1704124 6.67692e-4 0.1653399 0.1668893 0.1820479 0.1668893 0.1871204 6.67694e-4 0.1871204 6.67695e-4 0.1820479 0.1668893 0.1871204 0.1668893 0.1946003 6.67696e-4 0.1946003 6.67694e-4 0.1871204 0.1668893 0.1996728 0.1668893 0.2054905 6.67696e-4 0.2054905 6.67696e-4 0.1996728 0.1668893 0.1762301 0.1668893 0.1820479 6.67695e-4 0.1820479 6.67695e-4 0.1762301 0.1668893 0.1946003 0.1668893 0.1996728 6.67696e-4 0.1996728 6.67696e-4 0.1946003 0.1668893 0.2113083 0.1668893 0.2163808 6.67698e-4 0.2163808 6.67699e-4 0.2113083 0.1668893 0.2163808 0.1668893 0.2238607 6.677e-4 0.2238608 6.67698e-4 0.2163808 0.1668893 0.2289332 0.1668893 0.2347509 6.677e-4 0.2347509 6.677e-4 0.2289332 0.1668893 0.2054905 0.1668893 0.2113083 6.67699e-4 0.2113083 6.67696e-4 0.2054905 0.1668893 0.2238607 0.1668893 0.2289332 6.677e-4 0.2289332 6.677e-4 0.2238608 0.1668893 0.2405687 0.1668893 0.2456412 6.67702e-4 0.2456412 6.67702e-4 0.2405687 0.1668893 0.2456412 0.1668893 0.2531211 6.67702e-4 0.2531211 6.67702e-4 0.2456412 0.1668893 0.2581936 0.1668893 0.2640114 6.67705e-4 0.2640114 6.67702e-4 0.2581936 0.1668893 0.2347509 0.1668893 0.2405687 6.67702e-4 0.2405687 6.677e-4 0.2347509 0.1668893 0.2531211 0.1668893 0.2581936 6.67702e-4 0.2581936 6.67702e-4 0.2531211 0.1668893 0.2698291 0.1668893 0.2749016 6.67706e-4 0.2749016 6.67705e-4 0.2698292 0.1668893 0.2749016 0.1668893 0.2823815 6.67706e-4 0.2823816 6.67706e-4 0.2749016 0.1668893 0.287454 0.1668893 0.293272 6.67709e-4 0.293272 6.67706e-4 0.2874541 0.1668893 0.2640114 0.1668893 0.2698291 6.67705e-4 0.2698292 6.67705e-4 0.2640114 0.1668893 0.2823815 0.1668893 0.287454 6.67706e-4 0.2874541 6.67706e-4 0.2823816 0.1668893 0.2990896 0.1668893 0.304162 6.67712e-4 0.304162 6.67709e-4 0.2990896 0.1668893 0.304162 0.1668893 0.3116419 6.67712e-4 0.311642 6.67712e-4 0.304162 0.1668893 0.3167145 0.1668893 0.3225322 6.67713e-4 0.3225322 6.6771e-4 0.3167145 0.1668893 0.293272 0.1668893 0.2990896 6.67709e-4 0.2990896 6.67709e-4 0.293272 0.1668893 0.3116419 0.1668893 0.3167145 6.6771e-4 0.3167145 6.67712e-4 0.311642 0.1668893 0.32835 0.1668893 0.3334224 6.67716e-4 0.3334224 6.67713e-4 0.32835 0.1668893 0.3334224 0.1668893 0.3409023 6.67716e-4 0.3409024 6.67716e-4 0.3334224 0.1668893 0.3459749 0.1668893 0.3517926 6.67717e-4 0.3517926 6.67717e-4 0.3459749 0.1668893 0.3225322 0.1668893 0.32835 6.67713e-4 0.32835 6.67713e-4 0.3225322 0.1668893 0.3409023 0.1668893 0.3459749 6.67717e-4 0.3459749 6.67716e-4 0.3409024 0.1668893 0.3576104 0.1668893 0.3626828 6.67717e-4 0.3626828 6.67712e-4 0.3576104 0.1668893 0.3626828 0.1668893 0.3701628 6.67718e-4 0.3701628 6.67717e-4 0.3626828 0.1668893 0.3752353 0.1668893 0.381053 6.67723e-4 0.381053 6.67713e-4 0.3752353 0.1668893 0.3517926 0.1668893 0.3576104 6.67712e-4 0.3576104 6.67717e-4 0.3517926 0.1668893 0.3701628 0.1668893 0.3752353 6.67713e-4 0.3752353 6.67718e-4 0.3701628 0.1668893 0.3868708 0.1668893 0.3919432 6.67713e-4 0.3919433 6.67718e-4 0.3868708 0.1668893 0.3919432 0.1668893 0.3994232 6.67719e-4 0.3994233 6.67713e-4 0.3919433 0.1668893 0.4044957 0.1668893 0.4103134 6.67731e-4 0.4103134 6.67719e-4 0.4044957 0.1668893 0.381053 0.1668893 0.3868708 6.67718e-4 0.3868708 6.67723e-4 0.381053 0.1668893 0.3994232 0.1668893 0.4044957 6.67719e-4 0.4044957 6.67719e-4 0.3994233 0.1668893 0.4161311 0.1668893 0.4212037 6.67725e-4 0.4212037 6.6772e-4 0.4161312 0.1668893 0.4212037 0.1668893 0.4286836 6.6772e-4 0.4286836 6.67725e-4 0.4212037 0.1668893 0.4337561 0.1668893 0.4395738 6.67726e-4 0.4395738 6.6772e-4 0.4337561 0.1668893 0.4103134 0.1668893 0.4161311 6.6772e-4 0.4161312 6.67731e-4 0.4103134 0.1668893 0.4286836 0.1668893 0.4337561 6.6772e-4 0.4337561 6.6772e-4 0.4286836 0.1668893 0.4453916 0.1668893 0.4504641 6.67726e-4 0.4504641 6.67726e-4 0.4453916 0.1668893 0.4504641 0.1668893 0.457944 6.67739e-4 0.457944 6.67726e-4 0.4504641 0.1668893 0.4630165 0.1668893 0.4688342 6.67727e-4 0.4688342 6.6774e-4 0.4630165 0.1668893 0.4395738 0.1668893 0.4453916 6.67726e-4 0.4453916 6.67726e-4 0.4395738 0.1668893 0.457944 0.1668893 0.4630165 6.6774e-4 0.4630165 6.67739e-4 0.457944 0.1668893 0.474652 0.1668893 0.4797245 6.67728e-4 0.4797245 6.67727e-4 0.474652 0.1668893 0.4797245 0.1668893 0.4872044 6.67741e-4 0.4872044 6.67728e-4 0.4797245 0.1668893 0.4922769 0.1668893 0.4980946 6.67741e-4 0.4980947 6.67728e-4 0.4922769 0.1668893 0.4688342 0.1668893 0.474652 6.67727e-4 0.474652 6.67727e-4 0.4688342 0.1668893 0.4872044 0.1668893 0.4922769 6.67728e-4 0.4922769 6.67741e-4 0.4872044 0.1668893 0.5039125 0.1668893 0.5089849 6.67729e-4 0.5089849 6.67729e-4 0.5039125 0.1668893 0.5089849 0.1668893 0.5164648 6.67742e-4 0.5164649 6.67729e-4 0.5089849 0.1668893 0.5215374 0.1668893 0.5273551 6.6773e-4 0.5273551 6.67729e-4 0.5215374 0.1668893 0.4980946 0.1668893 0.5039125 6.67729e-4 0.5039125 6.67741e-4 0.4980947 0.1668893 0.5164648 0.1668893 0.5215374 6.67729e-4 0.5215374 6.67742e-4 0.5164649 0.1668893 0.5331728 0.1668893 0.5382453 6.6773e-4 0.5382453 6.67743e-4 0.5331729 0.1668893 0.5382453 0.1668893 0.5457252 6.67743e-4 0.5457253 6.6773e-4 0.5382453 0.1668893 0.5507978 0.1668893 0.5566155 6.67744e-4 0.5566155 6.67744e-4 0.5507978 0.1668893 0.5273551 0.1668893 0.5331728 6.67743e-4 0.5331729 6.6773e-4 0.5273551 0.1668893 0.5457252 0.1668893 0.5507978 6.67744e-4 0.5507978 6.67743e-4 0.5457253 0.1668893 0.5624333 0.1668893 0.5675057 6.67731e-4 0.5675058 6.67744e-4 0.5624333 0.1668893 0.5675057 0.1668893 0.5749857 6.67755e-4 0.5749857 6.67731e-4 0.5675058 0.1668893 0.5800582 0.1668893 0.5858759 6.67745e-4 0.5858759 6.67745e-4 0.5800582 0.1668893 0.5566155 0.1668893 0.5624333 6.67744e-4 0.5624333 6.67744e-4 0.5566155 0.1668893 0.5749857 0.1668893 0.5800582 6.67745e-4 0.5800582 6.67755e-4 0.5749857 0.3357815 0.4993323 0.3357816 6.67704e-4 0.5518696 6.67745e-4 0.5518696 0.4993323 0.9867163 0.4993323 0.7706283 0.4993323 0.7706284 6.67696e-4 0.9867163 6.67685e-4 0.9880517 0.4993324 0.9880518 6.67685e-4 0.9963628 6.67686e-4 0.9963628 0.4993324 0.553205 0.9993323 0.553205 0.5006676 0.5615161 0.5006676 0.5615161 0.9993323 0.1713668 0.8032992 0.1713668 0.5872112 0.1796779 0.5872112 0.1796779 0.8032992 0.1810132 0.8032992 0.1810132 0.5872113 0.1893243 0.5872113 0.1893243 0.8032992 0.553205 0.4993323 0.553205 6.67704e-4 0.769293 6.67745e-4 0.769293 0.4993323 0.5518695 0.9993323 0.3357815 0.9993323 0.3357816 0.5006677 0.5518695 0.5006677 0.5711625 0.5006676 0.5711625 0.9993322 0.5628514 0.9993323 0.5628514 0.5006676 0.5724979 0.9993322 0.5724979 0.5006677 0.5808089 0.5006677 0.5808089 0.9993322 0.152074 0.8032993 0.1520739 0.5872113 0.160385 0.5872113 0.160385 0.8032993 0.1700314 0.5872113 0.1700314 0.8032993 0.1617204 0.8032993 0.1617204 0.5872113 0.2031263 0.7206855 0.1948152 0.7206855 0.1948152 0.5955223 0.2031263 0.5955223 0.2072818 0.7206855 0.2072818 0.5955223 0.2155929 0.5955223 0.2155929 0.7206855 0.2031263 0.7289965 0.2031263 0.7206855 0.2072818 0.7206855 0.2072818 0.7289965 0.2031263 0.7206855 0.2031263 0.5955223 0.2072818 0.5955223 0.2072818 0.7206855 0.2031263 0.5955223 0.2031263 0.5872112 0.2072818 0.5872112 0.2072818 0.5955223 0.1948152 0.5955223 0.1948152 0.7206855 0.1906597 0.7206855 0.1906597 0.5955223</float_array>
          <technique_common>
            <accessor source="#Cargo_Container_Mesh-mesh-map-0-array" count="872" stride="2">
              <param name="S" type="float"/>
              <param name="T" type="float"/>
            </accessor>
          </technique_common>
        </source>
        <vertices id="Cargo_Container_Mesh-mesh-vertices">
          <input semantic="POSITION" source="#Cargo_Container_Mesh-mesh-positions"/>
        </vertices>
        <polylist material="Mat_Cargo_Container-material" count="218">
          <input semantic="VERTEX" source="#Cargo_Container_Mesh-mesh-vertices" offset="0"/>
          <input semantic="NORMAL" source="#Cargo_Container_Mesh-mesh-normals" offset="1"/>
          <input semantic="TEXCOORD" source="#Cargo_Container_Mesh-mesh-map-0" offset="2" set="0"/>
          <vcount>4 4 4 4 4 4 4 4 4 4 4 4 4 4 4 4 4 4 4 4 4 4 4 4 4 4 4 4 4 4 4 4 4 4 4 4 4 4 4 4 4 4 4 4 4 4 4 4 4 4 4 4 4 4 4 4 4 4 4 4 4 4 4 4 4 4 4 4 4 4 4 4 4 4 4 4 4 4 4 4 4 4 4 4 4 4 4 4 4 4 4 4 4 4 4 4 4 4 4 4 4 4 4 4 4 4 4 4 4 4 4 4 4 4 4 4 4 4 4 4 4 4 4 4 4 4 4 4 4 4 4 4 4 4 4 4 4 4 4 4 4 4 4 4 4 4 4 4 4 4 4 4 4 4 4 4 4 4 4 4 4 4 4 4 4 4 4 4 4 4 4 4 4 4 4 4 4 4 4 4 4 4 4 4 4 4 4 4 4 4 4 4 4 4 4 4 4 4 4 4 4 4 4 4 4 4 4 4 4 4 4 4 4 4 4 4 4 4 </vcount>
          <p>8 0 0 9 0 1 3 0 2 2 0 3 2 1 4 3 1 5 5 1 6 4 1 7 10 1 8 11 1 9 7 1 10 6 1 11 0 1 12 1 1 13 9 1 14 8 1 15 4 2 16 5 2 17 11 2 18 10 2 19 18 0 20 19 0 21 13 0 22 12 0 23 12 1 24 13 1 25 15 1 26 14 1 27 20 1 28 21 1 29 17 1 30 16 1 31 6 1 32 7 1 33 19 1 34 18 1 35 14 2 36 15 2 37 21 2 38 20 2 39 28 0 40 29 0 41 23 0 42 22 0 43 22 1 44 23 1 45 25 1 46 24 1 47 30 1 48 31 1 49 27 1 50 26 1 51 16 1 52 17 1 53 29 1 54 28 1 55 24 2 56 25 2 57 31 2 58 30 2 59 38 3 60 39 3 61 33 3 62 32 3 63 32 1 64 33 1 65 35 1 66 34 1 67 40 1 68 41 1 69 37 1 70 36 1 71 26 1 72 27 1 73 39 1 74 38 1 75 34 2 76 35 2 77 41 2 78 40 2 79 48 0 80 49 0 81 43 0 82 42 0 83 42 1 84 43 1 85 45 1 86 44 1 87 50 1 88 51 1 89 47 1 90 46 1 91 36 1 92 37 1 93 49 1 94 48 1 95 44 2 96 45 2 97 51 2 98 50 2 99 58 0 100 59 0 101 53 0 102 52 0 103 52 1 104 53 1 105 55 1 106 54 1 107 60 1 108 61 1 109 57 1 110 56 1 111 46 1 112 47 1 113 59 1 114 58 1 115 54 2 116 55 2 117 61 2 118 60 2 119 68 0 120 69 0 121 63 0 122 62 0 123 62 1 124 63 1 125 65 1 126 64 1 127 70 1 128 71 1 129 67 1 130 66 1 131 56 1 132 57 1 133 69 1 134 68 1 135 64 4 136 65 4 137 71 4 138 70 4 139 78 0 140 79 0 141 73 0 142 72 0 143 72 1 144 73 1 145 75 1 146 74 1 147 80 1 148 81 1 149 77 1 150 76 1 151 66 1 152 67 1 153 79 1 154 78 1 155 74 2 156 75 2 157 81 2 158 80 2 159 88 0 160 89 0 161 83 0 162 82 0 163 82 1 164 83 1 165 85 1 166 84 1 167 90 1 168 91 1 169 87 1 170 86 1 171 76 1 172 77 1 173 89 1 174 88 1 175 84 2 176 85 2 177 91 2 178 90 2 179 98 0 180 99 0 181 93 0 182 92 0 183 92 1 184 93 1 185 95 1 186 94 1 187 100 1 188 101 1 189 97 1 190 96 1 191 86 1 192 87 1 193 99 1 194 98 1 195 94 2 196 95 2 197 101 2 198 100 2 199 108 0 200 109 0 201 103 0 202 102 0 203 102 1 204 103 1 205 105 1 206 104 1 207 110 1 208 111 1 209 107 1 210 106 1 211 96 1 212 97 1 213 109 1 214 108 1 215 104 2 216 105 2 217 111 2 218 110 2 219 118 0 220 119 0 221 113 0 222 112 0 223 112 1 224 113 1 225 115 1 226 114 1 227 120 1 228 121 1 229 117 1 230 116 1 231 106 1 232 107 1 233 119 1 234 118 1 235 114 2 236 115 2 237 121 2 238 120 2 239 128 0 240 129 0 241 123 0 242 122 0 243 122 1 244 123 1 245 125 1 246 124 1 247 130 1 248 131 1 249 127 1 250 126 1 251 116 1 252 117 1 253 129 1 254 128 1 255 124 2 256 125 2 257 131 2 258 130 2 259 138 0 260 139 0 261 133 0 262 132 0 263 132 1 264 133 1 265 135 1 266 134 1 267 140 1 268 141 1 269 137 1 270 136 1 271 126 1 272 127 1 273 139 1 274 138 1 275 134 2 276 135 2 277 141 2 278 140 2 279 148 0 280 149 0 281 143 0 282 142 0 283 142 1 284 143 1 285 145 1 286 144 1 287 150 1 288 151 1 289 147 1 290 146 1 291 136 1 292 137 1 293 149 1 294 148 1 295 144 2 296 145 2 297 151 2 298 150 2 299 158 0 300 159 0 301 153 0 302 152 0 303 152 1 304 153 1 305 155 1 306 154 1 307 160 1 308 161 1 309 157 1 310 156 1 311 146 1 312 147 1 313 159 1 314 158 1 315 154 2 316 155 2 317 161 2 318 160 2 319 168 0 320 169 0 321 163 0 322 162 0 323 162 1 324 163 1 325 165 1 326 164 1 327 170 1 328 171 1 329 167 1 330 166 1 331 156 1 332 157 1 333 169 1 334 168 1 335 164 2 336 165 2 337 171 2 338 170 2 339 178 0 340 179 0 341 173 0 342 172 0 343 172 1 344 173 1 345 175 1 346 174 1 347 180 1 348 181 1 349 177 1 350 176 1 351 166 1 352 167 1 353 179 1 354 178 1 355 174 2 356 175 2 357 181 2 358 180 2 359 188 0 360 189 0 361 183 0 362 182 0 363 182 1 364 183 1 365 185 1 366 184 1 367 190 1 368 191 1 369 187 1 370 186 1 371 176 1 372 177 1 373 189 1 374 188 1 375 184 2 376 185 2 377 191 2 378 190 2 379 198 0 380 199 0 381 193 0 382 192 0 383 192 1 384 193 1 385 195 1 386 194 1 387 200 1 388 201 1 389 197 1 390 196 1 391 186 1 392 187 1 393 199 1 394 198 1 395 194 2 396 195 2 397 201 2 398 200 2 399 210 5 400 204 5 401 205 5 402 211 5 403 204 6 404 206 6 405 207 6 406 205 6 407 212 6 408 208 6 409 209 6 410 213 6 411 202 6 412 210 6 413 211 6 414 203 6 415 206 7 416 212 7 417 213 7 418 207 7 419 220 5 420 214 5 421 215 5 422 221 5 423 214 6 424 216 6 425 217 6 426 215 6 427 222 6 428 218 6 429 219 6 430 223 6 431 208 6 432 220 6 433 221 6 434 209 6 435 216 7 436 222 7 437 223 7 438 217 7 439 230 5 440 224 5 441 225 5 442 231 5 443 224 6 444 226 6 445 227 6 446 225 6 447 232 6 448 228 6 449 229 6 450 233 6 451 218 6 452 230 6 453 231 6 454 219 6 455 226 7 456 232 7 457 233 7 458 227 7 459 240 8 460 234 8 461 235 8 462 241 8 463 234 6 464 236 6 465 237 6 466 235 6 467 242 6 468 238 6 469 239 6 470 243 6 471 228 6 472 240 6 473 241 6 474 229 6 475 236 7 476 242 7 477 243 7 478 237 7 479 250 5 480 244 5 481 245 5 482 251 5 483 244 6 484 246 6 485 247 6 486 245 6 487 252 6 488 248 6 489 249 6 490 253 6 491 238 6 492 250 6 493 251 6 494 239 6 495 246 7 496 252 7 497 253 7 498 247 7 499 260 5 500 254 5 501 255 5 502 261 5 503 254 6 504 256 6 505 257 6 506 255 6 507 262 6 508 258 6 509 259 6 510 263 6 511 248 6 512 260 6 513 261 6 514 249 6 515 256 7 516 262 7 517 263 7 518 257 7 519 270 5 520 264 5 521 265 5 522 271 5 523 264 6 524 266 6 525 267 6 526 265 6 527 272 6 528 268 6 529 269 6 530 273 6 531 258 6 532 270 6 533 271 6 534 259 6 535 266 9 536 272 9 537 273 9 538 267 9 539 280 5 540 274 5 541 275 5 542 281 5 543 274 6 544 276 6 545 277 6 546 275 6 547 282 6 548 278 6 549 279 6 550 283 6 551 268 6 552 280 6 553 281 6 554 269 6 555 276 7 556 282 7 557 283 7 558 277 7 559 290 5 560 284 5 561 285 5 562 291 5 563 284 6 564 286 6 565 287 6 566 285 6 567 292 6 568 288 6 569 289 6 570 293 6 571 278 6 572 290 6 573 291 6 574 279 6 575 286 7 576 292 7 577 293 7 578 287 7 579 300 5 580 294 5 581 295 5 582 301 5 583 294 6 584 296 6 585 297 6 586 295 6 587 302 6 588 298 6 589 299 6 590 303 6 591 288 6 592 300 6 593 301 6 594 289 6 595 296 7 596 302 7 597 303 7 598 297 7 599 310 5 600 304 5 601 305 5 602 311 5 603 304 6 604 306 6 605 307 6 606 305 6 607 312 6 608 308 6 609 309 6 610 313 6 611 298 6 612 310 6 613 311 6 614 299 6 615 306 7 616 312 7 617 313 7 618 307 7 619 320 5 620 314 5 621 315 5 622 321 5 623 314 6 624 316 6 625 317 6 626 315 6 627 322 6 628 318 6 629 319 6 630 323 6 631 308 6 632 320 6 633 321 6 634 309 6 635 316 7 636 322 7 637 323 7 638 317 7 639 330 5 640 324 5 641 325 5 642 331 5 643 324 6 644 326 6 645 327 6 646 325 6 647 332 6 648 328 6 649 329 6 650 333 6 651 318 6 652 330 6 653 331 6 654 319 6 655 326 7 656 332 7 657 333 7 658 327 7 659 340 5 660 334 5 661 335 5 662 341 5 663 334 6 664 336 6 665 337 6 666 335 6 667 342 6 668 338 6 669 339 6 670 343 6 671 328 6 672 340 6 673 341 6 674 329 6 675 336 7 676 342 7 677 343 7 678 337 7 679 350 5 680 344 5 681 345 5 682 351 5 683 344 6 684 346 6 685 347 6 686 345 6 687 352 6 688 348 6 689 349 6 690 353 6 691 338 6 692 350 6 693 351 6 694 339 6 695 346 7 696 352 7 697 353 7 698 347 7 699 360 5 700 354 5 701 355 5 702 361 5 703 354 6 704 356 6 705 357 6 706 355 6 707 362 6 708 358 6 709 359 6 710 363 6 711 348 6 712 360 6 713 361 6 714 349 6 715 356 7 716 362 7 717 363 7 718 357 7 719 370 5 720 364 5 721 365 5 722 371 5 723 364 6 724 366 6 725 367 6 726 365 6 727 372 6 728 368 6 729 369 6 730 373 6 731 358 6 732 370 6 733 371 6 734 359 6 735 366 7 736 372 7 737 373 7 738 367 7 739 380 5 740 374 5 741 375 5 742 381 5 743 374 6 744 376 6 745 377 6 746 375 6 747 382 6 748 378 6 749 379 6 750 383 6 751 368 6 752 380 6 753 381 6 754 369 6 755 376 7 756 382 7 757 383 7 758 377 7 759 390 5 760 384 5 761 385 5 762 391 5 763 384 6 764 386 6 765 387 6 766 385 6 767 392 6 768 388 6 769 389 6 770 393 6 771 378 6 772 390 6 773 391 6 774 379 6 775 386 7 776 392 7 777 393 7 778 387 7 779 400 5 780 394 5 781 395 5 782 401 5 783 394 6 784 396 6 785 397 6 786 395 6 787 402 6 788 398 6 789 399 6 790 403 6 791 388 6 792 400 6 793 401 6 794 389 6 795 396 7 796 402 7 797 403 7 798 397 7 799 407 10 800 404 10 801 405 10 802 406 10 803 411 11 804 410 11 805 409 11 806 408 11 807 406 6 808 405 6 809 409 6 810 410 6 811 404 1 812 407 1 813 411 1 814 408 1 815 407 12 816 406 12 817 410 12 818 411 12 819 405 13 820 404 13 821 408 13 822 409 13 823 415 10 824 412 10 825 413 10 826 414 10 827 419 11 828 418 11 829 417 11 830 416 11 831 414 6 832 413 6 833 417 6 834 418 6 835 412 1 836 415 1 837 419 1 838 416 1 839 415 12 840 414 12 841 418 12 842 419 12 843 413 13 844 412 13 845 416 13 846 417 13 847 420 11 848 422 11 849 423 11 850 421 11 851 425 10 852 424 10 853 426 10 854 427 10 855 422 6 856 420 6 857 425 6 858 427 6 859 420 14 860 421 14 861 424 14 862 425 14 863 421 1 864 423 1 865 426 1 866 424 1 867 423 15 868 422 15 869 427 15 870 426 15 871</p>
        </polylist>
      </mesh>
    </geometry>
  </library_geometries>
  <library_visual_scenes>
    <visual_scene id="Scene" name="Scene">
      <node id="Cargo_Container_Pole_Mesh" name="Cargo_Container_Pole_Mesh" type="NODE">
        <matrix sid="transform">1 0 0 0 0 1 0 0 0 0 1 1.125 0 0 0 1</matrix>
        <instance_geometry url="#Cargo_Container_Pole_Mesh-mesh" name="Cargo_Container_Pole_Mesh">
          <bind_material>
            <technique_common>
              <instance_material symbol="Mat_Cargo_Container_Pole-material" target="#Mat_Cargo_Container_Pole-material">
                <bind_vertex_input semantic="UVMap" input_semantic="TEXCOORD" input_set="0"/>
              </instance_material>
            </technique_common>
          </bind_material>
        </instance_geometry>
      </node>
      <node id="Cargo_Container_Rings_Mesh" name="Cargo_Container_Rings_Mesh" type="NODE">
        <matrix sid="transform">1 0 0 0 0 1 0 0 0 0 1 1.125 0 0 0 1</matrix>
        <instance_geometry url="#Cargo_Container_Rings_Mesh-mesh" name="Cargo_Container_Rings_Mesh">
          <bind_material>
            <technique_common>
              <instance_material symbol="Mat_Cargo_Container_Rings-material" target="#Mat_Cargo_Container_Rings-material">
                <bind_vertex_input semantic="UVMap" input_semantic="TEXCOORD" input_set="0"/>
              </instance_material>
            </technique_common>
          </bind_material>
        </instance_geometry>
      </node>
      <node id="Cargo_Container_Back_Mesh" name="Cargo_Container_Back_Mesh" type="NODE">
        <matrix sid="transform">1 0 0 0 0 1 0 0 0 0 1 1.125 0 0 0 1</matrix>
        <instance_geometry url="#Cargo_Container_Back_Mesh-mesh" name="Cargo_Container_Back_Mesh">
          <bind_material>
            <technique_common>
              <instance_material symbol="Mat_Cargo_Container_Back-material" target="#Mat_Cargo_Container_Back-material">
                <bind_vertex_input semantic="UVMap" input_semantic="TEXCOORD" input_set="0"/>
              </instance_material>
            </technique_common>
          </bind_material>
        </instance_geometry>
      </node>
      <node id="Cargo_Container_Pipes_Mesh" name="Cargo_Container_Pipes_Mesh" type="NODE">
        <matrix sid="transform">1 0 0 0 0 1 0 0 0 0 1 1.125 0 0 0 1</matrix>
        <instance_geometry url="#Cargo_Container_Pipes_Mesh-mesh" name="Cargo_Container_Pipes_Mesh">
          <bind_material>
            <technique_common>
              <instance_material symbol="Mat_Cargo_Container_Pipes-material" target="#Mat_Cargo_Container_Pipes-material">
                <bind_vertex_input semantic="UVMap" input_semantic="TEXCOORD" input_set="0"/>
              </instance_material>
            </technique_common>
          </bind_material>
        </instance_geometry>
      </node>
      <node id="Cargo_Container_Mesh" name="Cargo_Container_Mesh" type="NODE">
        <matrix sid="transform">1 0 0 0 0 1 0 0 0 0 1 1.125 0 0 0 1</matrix>
        <instance_geometry url="#Cargo_Container_Mesh-mesh" name="Cargo_Container_Mesh">
          <bind_material>
            <technique_common>
              <instance_material symbol="Mat_Cargo_Container-material" target="#Mat_Cargo_Container-material">
                <bind_vertex_input semantic="UVMap" input_semantic="TEXCOORD" input_set="0"/>
              </instance_material>
            </technique_common>
          </bind_material>
        </instance_geometry>
      </node>
    </visual_scene>
  </library_visual_scenes>
  <scene>
    <instance_visual_scene url="#Scene"/>
  </scene>
</COLLADA>