[0.051s] Invoking command in '/home/user/data/drones_ship_ws/build/aquabot_gz': CMAKE_PREFIX_PATH=${CMAKE_PREFIX_PATH}:/home/user/data/drones_ship_ws/install/ros_gz_crazyflie_control:/opt/ros/jazzy DEBUGINFOD_URLS=https://debuginfod.ubuntu.com /usr/bin/cmake --build /home/user/data/drones_ship_ws/build/aquabot_gz -- -j20 -l20
[0.140s] [ 10%] Built target ScoringPlugin
[0.156s] [ 21%] Built target Waves
[0.200s] [ 36%] Built target WindturbinesInspectionScoringPlugin
[0.206s] [ 47%] Built target SimpleHydrodynamics
[0.206s] [ 57%] Built target Surface
[0.209s] [ 68%] Built target PublisherPlugin
[0.210s] [ 78%] Built target WaveVisual
[0.214s] [ 89%] Built target AcousticPingerPlugin
[0.215s] [100%] Built target USVWind
[0.490s] Invoked command in '/home/user/data/drones_ship_ws/build/aquabot_gz' returned '0': CMAKE_PREFIX_PATH=${CMAKE_PREFIX_PATH}:/home/user/data/drones_ship_ws/install/ros_gz_crazyflie_control:/opt/ros/jazzy DEBUGINFOD_URLS=https://debuginfod.ubuntu.com /usr/bin/cmake --build /home/user/data/drones_ship_ws/build/aquabot_gz -- -j20 -l20
[0.492s] Invoking command in '/home/user/data/drones_ship_ws/build/aquabot_gz': CMAKE_PREFIX_PATH=${CMAKE_PREFIX_PATH}:/home/user/data/drones_ship_ws/install/ros_gz_crazyflie_control:/opt/ros/jazzy DEBUGINFOD_URLS=https://debuginfod.ubuntu.com /usr/bin/cmake --install /home/user/data/drones_ship_ws/build/aquabot_gz
[0.516s] -- Install configuration: ""
[0.516s] -- Up-to-date: /home/user/data/drones_ship_ws/install/aquabot_gz/share/aquabot_gz/environment/resource_paths.dsv
[0.516s] -- Up-to-date: /home/user/data/drones_ship_ws/install/aquabot_gz/lib/libWaves.so
[0.516s] -- Up-to-date: /home/user/data/drones_ship_ws/install/aquabot_gz/lib/libScoringPlugin.so
[0.516s] -- Up-to-date: /home/user/data/drones_ship_ws/install/aquabot_gz/share/aquabot_gz/rviz
[0.517s] -- Up-to-date: /home/user/data/drones_ship_ws/install/aquabot_gz/share/aquabot_gz/rviz/system_rviz.rviz
[0.517s] -- Up-to-date: /home/user/data/drones_ship_ws/install/aquabot_gz/share/aquabot_gz/rviz/aquabot.rviz
[0.517s] -- Up-to-date: /home/user/data/drones_ship_ws/install/aquabot_gz/share/aquabot_gz/config
[0.517s] -- Up-to-date: /home/user/data/drones_ship_ws/install/aquabot_gz/share/aquabot_gz/config/ros_gz_drone3_bridge.yaml
[0.517s] -- Up-to-date: /home/user/data/drones_ship_ws/install/aquabot_gz/share/aquabot_gz/config/ros_gz_drone1_bridge.yaml
[0.517s] -- Up-to-date: /home/user/data/drones_ship_ws/install/aquabot_gz/share/aquabot_gz/config/ros_gz_drone2_bridge.yaml
[0.517s] -- Up-to-date: /home/user/data/drones_ship_ws/install/aquabot_gz/share/aquabot_gz/config/ros_gz_crazyflie_bridge.yaml
[0.517s] -- Up-to-date: /home/user/data/drones_ship_ws/install/aquabot_gz/share/aquabot_gz/config/ros_gz_aquabot_bridge .yaml
[0.517s] -- Up-to-date: /home/user/data/drones_ship_ws/install/aquabot_gz/share/aquabot_gz/models
[0.517s] -- Up-to-date: /home/user/data/drones_ship_ws/install/aquabot_gz/share/aquabot_gz/models/aquabot_marker_1_KO
[0.518s] -- Up-to-date: /home/user/data/drones_ship_ws/install/aquabot_gz/share/aquabot_gz/models/aquabot_marker_1_KO/materials
[0.518s] -- Up-to-date: /home/user/data/drones_ship_ws/install/aquabot_gz/share/aquabot_gz/models/aquabot_marker_1_KO/materials/textures
[0.518s] -- Up-to-date: /home/user/data/drones_ship_ws/install/aquabot_gz/share/aquabot_gz/models/aquabot_marker_1_KO/materials/textures/aquabot_marker_1_KO.png
[0.518s] -- Up-to-date: /home/user/data/drones_ship_ws/install/aquabot_gz/share/aquabot_gz/models/aquabot_marker_1_KO/materials/textures/Marker0.png
[0.518s] -- Up-to-date: /home/user/data/drones_ship_ws/install/aquabot_gz/share/aquabot_gz/models/aquabot_marker_1_KO/model.sdf
[0.518s] -- Up-to-date: /home/user/data/drones_ship_ws/install/aquabot_gz/share/aquabot_gz/models/aquabot_marker_1_KO/meshes
[0.518s] -- Up-to-date: /home/user/data/drones_ship_ws/install/aquabot_gz/share/aquabot_gz/models/aquabot_marker_1_KO/meshes/Marker0.dae
[0.518s] -- Up-to-date: /home/user/data/drones_ship_ws/install/aquabot_gz/share/aquabot_gz/models/aquabot_marker_1_KO/model.config
[0.518s] -- Up-to-date: /home/user/data/drones_ship_ws/install/aquabot_gz/share/aquabot_gz/models/aquabot_windturbine_rotor
[0.518s] -- Up-to-date: /home/user/data/drones_ship_ws/install/aquabot_gz/share/aquabot_gz/models/aquabot_windturbine_rotor/mesh
[0.519s] -- Up-to-date: /home/user/data/drones_ship_ws/install/aquabot_gz/share/aquabot_gz/models/aquabot_windturbine_rotor/mesh/rotor.dae
[0.519s] -- Up-to-date: /home/user/data/drones_ship_ws/install/aquabot_gz/share/aquabot_gz/models/aquabot_windturbine_rotor/model.sdf
[0.519s] -- Up-to-date: /home/user/data/drones_ship_ws/install/aquabot_gz/share/aquabot_gz/models/aquabot_windturbine_rotor/model.config
[0.519s] -- Up-to-date: /home/user/data/drones_ship_ws/install/aquabot_gz/share/aquabot_gz/models/aquabot_marker_7_KO
[0.519s] -- Up-to-date: /home/user/data/drones_ship_ws/install/aquabot_gz/share/aquabot_gz/models/aquabot_marker_7_KO/materials
[0.519s] -- Up-to-date: /home/user/data/drones_ship_ws/install/aquabot_gz/share/aquabot_gz/models/aquabot_marker_7_KO/materials/textures
[0.519s] -- Up-to-date: /home/user/data/drones_ship_ws/install/aquabot_gz/share/aquabot_gz/models/aquabot_marker_7_KO/materials/textures/aquabot_marker_7_KO.png
[0.519s] -- Up-to-date: /home/user/data/drones_ship_ws/install/aquabot_gz/share/aquabot_gz/models/aquabot_marker_7_KO/materials/textures/Marker0.png
[0.519s] -- Up-to-date: /home/user/data/drones_ship_ws/install/aquabot_gz/share/aquabot_gz/models/aquabot_marker_7_KO/model.sdf
[0.519s] -- Up-to-date: /home/user/data/drones_ship_ws/install/aquabot_gz/share/aquabot_gz/models/aquabot_marker_7_KO/meshes
[0.520s] -- Up-to-date: /home/user/data/drones_ship_ws/install/aquabot_gz/share/aquabot_gz/models/aquabot_marker_7_KO/meshes/Marker0.dae
[0.520s] -- Up-to-date: /home/user/data/drones_ship_ws/install/aquabot_gz/share/aquabot_gz/models/aquabot_marker_7_KO/model.config
[0.520s] -- Up-to-date: /home/user/data/drones_ship_ws/install/aquabot_gz/share/aquabot_gz/models/aquabot_greenboat
[0.520s] -- Up-to-date: /home/user/data/drones_ship_ws/install/aquabot_gz/share/aquabot_gz/models/aquabot_greenboat/mesh
[0.520s] -- Up-to-date: /home/user/data/drones_ship_ws/install/aquabot_gz/share/aquabot_gz/models/aquabot_greenboat/mesh/greenboat.dae
[0.520s] -- Up-to-date: /home/user/data/drones_ship_ws/install/aquabot_gz/share/aquabot_gz/models/aquabot_greenboat/model.sdf
[0.520s] -- Up-to-date: /home/user/data/drones_ship_ws/install/aquabot_gz/share/aquabot_gz/models/aquabot_greenboat/model.config
[0.520s] -- Up-to-date: /home/user/data/drones_ship_ws/install/aquabot_gz/share/aquabot_gz/models/aquabot_marker_9_KO
[0.520s] -- Up-to-date: /home/user/data/drones_ship_ws/install/aquabot_gz/share/aquabot_gz/models/aquabot_marker_9_KO/materials
[0.520s] -- Up-to-date: /home/user/data/drones_ship_ws/install/aquabot_gz/share/aquabot_gz/models/aquabot_marker_9_KO/materials/textures
[0.520s] -- Up-to-date: /home/user/data/drones_ship_ws/install/aquabot_gz/share/aquabot_gz/models/aquabot_marker_9_KO/materials/textures/Marker0.png
[0.521s] -- Up-to-date: /home/user/data/drones_ship_ws/install/aquabot_gz/share/aquabot_gz/models/aquabot_marker_9_KO/materials/textures/aquabot_marker_9_KO.png
[0.521s] -- Up-to-date: /home/user/data/drones_ship_ws/install/aquabot_gz/share/aquabot_gz/models/aquabot_marker_9_KO/model.sdf
[0.521s] -- Up-to-date: /home/user/data/drones_ship_ws/install/aquabot_gz/share/aquabot_gz/models/aquabot_marker_9_KO/meshes
[0.521s] -- Up-to-date: /home/user/data/drones_ship_ws/install/aquabot_gz/share/aquabot_gz/models/aquabot_marker_9_KO/meshes/Marker0.dae
[0.521s] -- Up-to-date: /home/user/data/drones_ship_ws/install/aquabot_gz/share/aquabot_gz/models/aquabot_marker_9_KO/model.config
[0.521s] -- Up-to-date: /home/user/data/drones_ship_ws/install/aquabot_gz/share/aquabot_gz/models/aquabot_lighthouse_island
[0.521s] -- Up-to-date: /home/user/data/drones_ship_ws/install/aquabot_gz/share/aquabot_gz/models/aquabot_lighthouse_island/model.sdf
[0.521s] -- Up-to-date: /home/user/data/drones_ship_ws/install/aquabot_gz/share/aquabot_gz/models/aquabot_lighthouse_island/model.config
[0.522s] -- Up-to-date: /home/user/data/drones_ship_ws/install/aquabot_gz/share/aquabot_gz/models/aquabot_rock_island_1
[0.522s] -- Up-to-date: /home/user/data/drones_ship_ws/install/aquabot_gz/share/aquabot_gz/models/aquabot_rock_island_1/model.sdf
[0.522s] -- Up-to-date: /home/user/data/drones_ship_ws/install/aquabot_gz/share/aquabot_gz/models/aquabot_rock_island_1/model.config
[0.522s] -- Up-to-date: /home/user/data/drones_ship_ws/install/aquabot_gz/share/aquabot_gz/models/crazyflie
[0.522s] -- Up-to-date: /home/user/data/drones_ship_ws/install/aquabot_gz/share/aquabot_gz/models/crazyflie/gazebo
[0.522s] -- Up-to-date: /home/user/data/drones_ship_ws/install/aquabot_gz/share/aquabot_gz/models/crazyflie/gazebo/crazyflie
[0.522s] -- Up-to-date: /home/user/data/drones_ship_ws/install/aquabot_gz/share/aquabot_gz/models/crazyflie/gazebo/crazyflie/drone1.sdf
[0.522s] -- Up-to-date: /home/user/data/drones_ship_ws/install/aquabot_gz/share/aquabot_gz/models/crazyflie/gazebo/crazyflie/drone3.sdf
[0.522s] -- Up-to-date: /home/user/data/drones_ship_ws/install/aquabot_gz/share/aquabot_gz/models/crazyflie/gazebo/crazyflie/model.sdf
[0.523s] -- Up-to-date: /home/user/data/drones_ship_ws/install/aquabot_gz/share/aquabot_gz/models/crazyflie/gazebo/crazyflie/drone1.config
[0.523s] -- Up-to-date: /home/user/data/drones_ship_ws/install/aquabot_gz/share/aquabot_gz/models/crazyflie/gazebo/crazyflie/model.config
[0.523s] -- Up-to-date: /home/user/data/drones_ship_ws/install/aquabot_gz/share/aquabot_gz/models/crazyflie/gazebo/crazyflie/drone3.config
[0.523s] -- Up-to-date: /home/user/data/drones_ship_ws/install/aquabot_gz/share/aquabot_gz/models/crazyflie/gazebo/crazyflie/drone2.sdf
[0.523s] -- Up-to-date: /home/user/data/drones_ship_ws/install/aquabot_gz/share/aquabot_gz/models/crazyflie/gazebo/crazyflie/drone2.config
[0.523s] -- Up-to-date: /home/user/data/drones_ship_ws/install/aquabot_gz/share/aquabot_gz/models/crazyflie/rviz
[0.523s] -- Up-to-date: /home/user/data/drones_ship_ws/install/aquabot_gz/share/aquabot_gz/models/crazyflie/rviz/urdf
[0.523s] -- Up-to-date: /home/user/data/drones_ship_ws/install/aquabot_gz/share/aquabot_gz/models/crazyflie/rviz/urdf/crazyflie.urdf.xacro
[0.523s] -- Up-to-date: /home/user/data/drones_ship_ws/install/aquabot_gz/share/aquabot_gz/models/crazyflie/rviz/urdf/drone1.urdf.xacro
[0.524s] -- Up-to-date: /home/user/data/drones_ship_ws/install/aquabot_gz/share/aquabot_gz/models/crazyflie/rviz/urdf/crazyflie2.urdf.xacro
[0.524s] -- Up-to-date: /home/user/data/drones_ship_ws/install/aquabot_gz/share/aquabot_gz/models/crazyflie/rviz/urdf/drone2.urdf.xacro
[0.524s] -- Up-to-date: /home/user/data/drones_ship_ws/install/aquabot_gz/share/aquabot_gz/models/crazyflie/rviz/urdf/drone3.urdf.xacro
[0.524s] -- Up-to-date: /home/user/data/drones_ship_ws/install/aquabot_gz/share/aquabot_gz/models/aquabot_marker_8_KO
[0.524s] -- Up-to-date: /home/user/data/drones_ship_ws/install/aquabot_gz/share/aquabot_gz/models/aquabot_marker_8_KO/materials
[0.524s] -- Up-to-date: /home/user/data/drones_ship_ws/install/aquabot_gz/share/aquabot_gz/models/aquabot_marker_8_KO/materials/textures
[0.524s] -- Up-to-date: /home/user/data/drones_ship_ws/install/aquabot_gz/share/aquabot_gz/models/aquabot_marker_8_KO/materials/textures/Marker0.png
[0.524s] -- Up-to-date: /home/user/data/drones_ship_ws/install/aquabot_gz/share/aquabot_gz/models/aquabot_marker_8_KO/materials/textures/aquabot_marker_8_KO.png
[0.524s] -- Up-to-date: /home/user/data/drones_ship_ws/install/aquabot_gz/share/aquabot_gz/models/aquabot_marker_8_KO/model.sdf
[0.524s] -- Up-to-date: /home/user/data/drones_ship_ws/install/aquabot_gz/share/aquabot_gz/models/aquabot_marker_8_KO/meshes
[0.525s] -- Up-to-date: /home/user/data/drones_ship_ws/install/aquabot_gz/share/aquabot_gz/models/aquabot_marker_8_KO/meshes/Marker0.dae
[0.525s] -- Up-to-date: /home/user/data/drones_ship_ws/install/aquabot_gz/share/aquabot_gz/models/aquabot_marker_8_KO/model.config
[0.525s] -- Up-to-date: /home/user/data/drones_ship_ws/install/aquabot_gz/share/aquabot_gz/models/coast_waves
[0.525s] -- Up-to-date: /home/user/data/drones_ship_ws/install/aquabot_gz/share/aquabot_gz/models/coast_waves/materials
[0.525s] -- Up-to-date: /home/user/data/drones_ship_ws/install/aquabot_gz/share/aquabot_gz/models/coast_waves/materials/textures
[0.525s] -- Up-to-date: /home/user/data/drones_ship_ws/install/aquabot_gz/share/aquabot_gz/models/coast_waves/materials/textures/skybox_lowres.dds
[0.525s] -- Up-to-date: /home/user/data/drones_ship_ws/install/aquabot_gz/share/aquabot_gz/models/coast_waves/materials/textures/wave_normals.dds
[0.525s] -- Up-to-date: /home/user/data/drones_ship_ws/install/aquabot_gz/share/aquabot_gz/models/coast_waves/materials/programs
[0.526s] -- Up-to-date: /home/user/data/drones_ship_ws/install/aquabot_gz/share/aquabot_gz/models/coast_waves/materials/programs/GerstnerWaves_fs_330.glsl
[0.526s] -- Up-to-date: /home/user/data/drones_ship_ws/install/aquabot_gz/share/aquabot_gz/models/coast_waves/materials/programs/GerstnerWaves_vs_330.glsl
[0.526s] -- Up-to-date: /home/user/data/drones_ship_ws/install/aquabot_gz/share/aquabot_gz/models/coast_waves/model.sdf
[0.526s] -- Up-to-date: /home/user/data/drones_ship_ws/install/aquabot_gz/share/aquabot_gz/models/coast_waves/meshes
[0.526s] -- Up-to-date: /home/user/data/drones_ship_ws/install/aquabot_gz/share/aquabot_gz/models/coast_waves/meshes/waterlow.dae
[0.526s] -- Up-to-date: /home/user/data/drones_ship_ws/install/aquabot_gz/share/aquabot_gz/models/coast_waves/model.config
[0.526s] -- Up-to-date: /home/user/data/drones_ship_ws/install/aquabot_gz/share/aquabot_gz/models/aquabot_grass
[0.526s] -- Up-to-date: /home/user/data/drones_ship_ws/install/aquabot_gz/share/aquabot_gz/models/aquabot_grass/mesh
[0.526s] -- Up-to-date: /home/user/data/drones_ship_ws/install/aquabot_gz/share/aquabot_gz/models/aquabot_grass/mesh/grass.dae
[0.526s] -- Up-to-date: /home/user/data/drones_ship_ws/install/aquabot_gz/share/aquabot_gz/models/aquabot_grass/model.sdf
[0.527s] -- Up-to-date: /home/user/data/drones_ship_ws/install/aquabot_gz/share/aquabot_gz/models/aquabot_grass/model.config
[0.527s] -- Up-to-date: /home/user/data/drones_ship_ws/install/aquabot_gz/share/aquabot_gz/models/models2
[0.527s] -- Up-to-date: /home/user/data/drones_ship_ws/install/aquabot_gz/share/aquabot_gz/models/models2/crazyflie
[0.527s] -- Up-to-date: /home/user/data/drones_ship_ws/install/aquabot_gz/share/aquabot_gz/models/models2/crazyflie/model.sdf
[0.527s] -- Up-to-date: /home/user/data/drones_ship_ws/install/aquabot_gz/share/aquabot_gz/models/models2/crazyflie/meshes
[0.527s] -- Up-to-date: /home/user/data/drones_ship_ws/install/aquabot_gz/share/aquabot_gz/models/models2/crazyflie/meshes/cw_prop.dae
[0.527s] -- Up-to-date: /home/user/data/drones_ship_ws/install/aquabot_gz/share/aquabot_gz/models/models2/crazyflie/meshes/cf2_assembly.dae
[0.527s] -- Up-to-date: /home/user/data/drones_ship_ws/install/aquabot_gz/share/aquabot_gz/models/models2/crazyflie/meshes/ccw_prop.dae
[0.528s] -- Up-to-date: /home/user/data/drones_ship_ws/install/aquabot_gz/share/aquabot_gz/models/models2/crazyflie/model.config
[0.528s] -- Up-to-date: /home/user/data/drones_ship_ws/install/aquabot_gz/share/aquabot_gz/models/models2/crazy2fly_base
[0.528s] -- Up-to-date: /home/user/data/drones_ship_ws/install/aquabot_gz/share/aquabot_gz/models/models2/crazy2fly_base/model.sdf
[0.528s] -- Up-to-date: /home/user/data/drones_ship_ws/install/aquabot_gz/share/aquabot_gz/models/models2/crazy2fly_base/urdf
[0.528s] -- Up-to-date: /home/user/data/drones_ship_ws/install/aquabot_gz/share/aquabot_gz/models/models2/crazy2fly_base/urdf/crazy2fly_base.urdf.xacro
[0.528s] -- Up-to-date: /home/user/data/drones_ship_ws/install/aquabot_gz/share/aquabot_gz/models/models2/crazy2fly_base/urdf/rpi5.xacro
[0.528s] -- Up-to-date: /home/user/data/drones_ship_ws/install/aquabot_gz/share/aquabot_gz/models/models2/crazy2fly_base/urdf/c2f_propeller.xacro
[0.528s] -- Up-to-date: /home/user/data/drones_ship_ws/install/aquabot_gz/share/aquabot_gz/models/models2/crazy2fly_base/urdf/inertia.xacro
[0.528s] -- Up-to-date: /home/user/data/drones_ship_ws/install/aquabot_gz/share/aquabot_gz/models/models2/crazy2fly_base/urdf/c2f_materials.xacro
[0.528s] -- Up-to-date: /home/user/data/drones_ship_ws/install/aquabot_gz/share/aquabot_gz/models/models2/crazy2fly_base/urdf/c2f_frame.xacro
[0.528s] -- Up-to-date: /home/user/data/drones_ship_ws/install/aquabot_gz/share/aquabot_gz/models/models2/crazy2fly_base/urdf/c2f_motor.xacro
[0.529s] -- Up-to-date: /home/user/data/drones_ship_ws/install/aquabot_gz/share/aquabot_gz/models/models2/crazy2fly_base/urdf/c2f_battery.xacro
[0.529s] -- Up-to-date: /home/user/data/drones_ship_ws/install/aquabot_gz/share/aquabot_gz/models/models2/crazy2fly_base/urdf/pixhawk5X.xacro
[0.529s] -- Up-to-date: /home/user/data/drones_ship_ws/install/aquabot_gz/share/aquabot_gz/models/models2/crazy2fly_base/meshes
[0.529s] -- Up-to-date: /home/user/data/drones_ship_ws/install/aquabot_gz/share/aquabot_gz/models/models2/crazy2fly_base/meshes/pixhawk5X.obj
[0.529s] -- Up-to-date: /home/user/data/drones_ship_ws/install/aquabot_gz/share/aquabot_gz/models/models2/crazy2fly_base/meshes/raspberryPi5.obj
[0.529s] -- Up-to-date: /home/user/data/drones_ship_ws/install/aquabot_gz/share/aquabot_gz/models/models2/crazy2fly_base/meshes/pixhawk5X.mtl
[0.529s] -- Up-to-date: /home/user/data/drones_ship_ws/install/aquabot_gz/share/aquabot_gz/models/models2/crazy2fly_base/meshes/crazy2fly_body.dae
[0.529s] -- Up-to-date: /home/user/data/drones_ship_ws/install/aquabot_gz/share/aquabot_gz/models/models2/crazy2fly_base/meshes/propeller_8x4_CCW.mtl
[0.529s] -- Up-to-date: /home/user/data/drones_ship_ws/install/aquabot_gz/share/aquabot_gz/models/models2/crazy2fly_base/meshes/prop_ccw.dae
[0.529s] -- Up-to-date: /home/user/data/drones_ship_ws/install/aquabot_gz/share/aquabot_gz/models/models2/crazy2fly_base/meshes/c2f_frame.obj
[0.530s] -- Up-to-date: /home/user/data/drones_ship_ws/install/aquabot_gz/share/aquabot_gz/models/models2/crazy2fly_base/meshes/c2f_motor.mtl
[0.530s] -- Up-to-date: /home/user/data/drones_ship_ws/install/aquabot_gz/share/aquabot_gz/models/models2/crazy2fly_base/meshes/propeller_8x4_CCW.obj
[0.530s] -- Up-to-date: /home/user/data/drones_ship_ws/install/aquabot_gz/share/aquabot_gz/models/models2/crazy2fly_base/meshes/propeller_8x4_CW.mtl
[0.530s] -- Up-to-date: /home/user/data/drones_ship_ws/install/aquabot_gz/share/aquabot_gz/models/models2/crazy2fly_base/meshes/colored_c2f_full.dae
[0.530s] -- Up-to-date: /home/user/data/drones_ship_ws/install/aquabot_gz/share/aquabot_gz/models/models2/crazy2fly_base/meshes/c2f_motor.obj
[0.530s] -- Up-to-date: /home/user/data/drones_ship_ws/install/aquabot_gz/share/aquabot_gz/models/models2/crazy2fly_base/meshes/c2f_frame.mtl
[0.530s] -- Up-to-date: /home/user/data/drones_ship_ws/install/aquabot_gz/share/aquabot_gz/models/models2/crazy2fly_base/meshes/raspberryPi5.mtl
[0.530s] -- Up-to-date: /home/user/data/drones_ship_ws/install/aquabot_gz/share/aquabot_gz/models/models2/crazy2fly_base/meshes/propeller_8x4_CW.obj
[0.531s] -- Up-to-date: /home/user/data/drones_ship_ws/install/aquabot_gz/share/aquabot_gz/models/models2/crazy2fly_base/meshes/prop_cw.dae
[0.531s] -- Up-to-date: /home/user/data/drones_ship_ws/install/aquabot_gz/share/aquabot_gz/models/models2/crazy2fly_base/model.config
[0.531s] -- Up-to-date: /home/user/data/drones_ship_ws/install/aquabot_gz/share/aquabot_gz/models/models2/crazy2fly
[0.531s] -- Up-to-date: /home/user/data/drones_ship_ws/install/aquabot_gz/share/aquabot_gz/models/models2/crazy2fly/model.sdf
[0.531s] -- Up-to-date: /home/user/data/drones_ship_ws/install/aquabot_gz/share/aquabot_gz/models/models2/crazy2fly/urdf
[0.531s] -- Up-to-date: /home/user/data/drones_ship_ws/install/aquabot_gz/share/aquabot_gz/models/models2/crazy2fly/urdf/crazy2fly.urdf.xacro
[0.531s] -- Up-to-date: /home/user/data/drones_ship_ws/install/aquabot_gz/share/aquabot_gz/models/models2/crazy2fly/model.config
[0.531s] -- Up-to-date: /home/user/data/drones_ship_ws/install/aquabot_gz/share/aquabot_gz/models/aquabot_island
[0.531s] -- Up-to-date: /home/user/data/drones_ship_ws/install/aquabot_gz/share/aquabot_gz/models/aquabot_island/model.sdf
[0.532s] -- Up-to-date: /home/user/data/drones_ship_ws/install/aquabot_gz/share/aquabot_gz/models/aquabot_island/model.config
[0.532s] -- Up-to-date: /home/user/data/drones_ship_ws/install/aquabot_gz/share/aquabot_gz/models/aquabot_regatta_no_obstacles_world
[0.532s] -- Up-to-date: /home/user/data/drones_ship_ws/install/aquabot_gz/share/aquabot_gz/models/aquabot_regatta_no_obstacles_world/model.sdf
[0.532s] -- Up-to-date: /home/user/data/drones_ship_ws/install/aquabot_gz/share/aquabot_gz/models/aquabot_regatta_no_obstacles_world/model.config
[0.532s] -- Up-to-date: /home/user/data/drones_ship_ws/install/aquabot_gz/share/aquabot_gz/models/aquabot_marker_4_KO
[0.532s] -- Up-to-date: /home/user/data/drones_ship_ws/install/aquabot_gz/share/aquabot_gz/models/aquabot_marker_4_KO/materials
[0.532s] -- Up-to-date: /home/user/data/drones_ship_ws/install/aquabot_gz/share/aquabot_gz/models/aquabot_marker_4_KO/materials/textures
[0.532s] -- Up-to-date: /home/user/data/drones_ship_ws/install/aquabot_gz/share/aquabot_gz/models/aquabot_marker_4_KO/materials/textures/aquabot_marker_4_KO.png
[0.532s] -- Up-to-date: /home/user/data/drones_ship_ws/install/aquabot_gz/share/aquabot_gz/models/aquabot_marker_4_KO/materials/textures/Marker0.png
[0.533s] -- Up-to-date: /home/user/data/drones_ship_ws/install/aquabot_gz/share/aquabot_gz/models/aquabot_marker_4_KO/model.sdf
[0.533s] -- Up-to-date: /home/user/data/drones_ship_ws/install/aquabot_gz/share/aquabot_gz/models/aquabot_marker_4_KO/meshes
[0.533s] -- Up-to-date: /home/user/data/drones_ship_ws/install/aquabot_gz/share/aquabot_gz/models/aquabot_marker_4_KO/meshes/Marker0.dae
[0.533s] -- Up-to-date: /home/user/data/drones_ship_ws/install/aquabot_gz/share/aquabot_gz/models/aquabot_marker_4_KO/model.config
[0.533s] -- Up-to-date: /home/user/data/drones_ship_ws/install/aquabot_gz/share/aquabot_gz/models/aquabot_marker_2_OK
[0.534s] -- Up-to-date: /home/user/data/drones_ship_ws/install/aquabot_gz/share/aquabot_gz/models/aquabot_marker_2_OK/materials
[0.536s] -- Up-to-date: /home/user/data/drones_ship_ws/install/aquabot_gz/share/aquabot_gz/models/aquabot_marker_2_OK/materials/textures
[0.536s] -- Up-to-date: /home/user/data/drones_ship_ws/install/aquabot_gz/share/aquabot_gz/models/aquabot_marker_2_OK/materials/textures/aquabot_marker_2_OK.png
[0.536s] -- Up-to-date: /home/user/data/drones_ship_ws/install/aquabot_gz/share/aquabot_gz/models/aquabot_marker_2_OK/materials/textures/Marker0.png
[0.536s] -- Up-to-date: /home/user/data/drones_ship_ws/install/aquabot_gz/share/aquabot_gz/models/aquabot_marker_2_OK/model.sdf
[0.536s] -- Up-to-date: /home/user/data/drones_ship_ws/install/aquabot_gz/share/aquabot_gz/models/aquabot_marker_2_OK/meshes
[0.536s] -- Up-to-date: /home/user/data/drones_ship_ws/install/aquabot_gz/share/aquabot_gz/models/aquabot_marker_2_OK/meshes/Marker0.dae
[0.536s] -- Up-to-date: /home/user/data/drones_ship_ws/install/aquabot_gz/share/aquabot_gz/models/aquabot_marker_2_OK/model.config
[0.536s] -- Up-to-date: /home/user/data/drones_ship_ws/install/aquabot_gz/share/aquabot_gz/models/aquabot_marker_2_KO
[0.537s] -- Up-to-date: /home/user/data/drones_ship_ws/install/aquabot_gz/share/aquabot_gz/models/aquabot_marker_2_KO/materials
[0.537s] -- Up-to-date: /home/user/data/drones_ship_ws/install/aquabot_gz/share/aquabot_gz/models/aquabot_marker_2_KO/materials/textures
[0.537s] -- Up-to-date: /home/user/data/drones_ship_ws/install/aquabot_gz/share/aquabot_gz/models/aquabot_marker_2_KO/materials/textures/aquabot_marker_2_KO.png
[0.537s] -- Up-to-date: /home/user/data/drones_ship_ws/install/aquabot_gz/share/aquabot_gz/models/aquabot_marker_2_KO/materials/textures/Marker0.png
[0.537s] -- Up-to-date: /home/user/data/drones_ship_ws/install/aquabot_gz/share/aquabot_gz/models/aquabot_marker_2_KO/model.sdf
[0.537s] -- Up-to-date: /home/user/data/drones_ship_ws/install/aquabot_gz/share/aquabot_gz/models/aquabot_marker_2_KO/meshes
[0.537s] -- Up-to-date: /home/user/data/drones_ship_ws/install/aquabot_gz/share/aquabot_gz/models/aquabot_marker_2_KO/meshes/Marker0.dae
[0.537s] -- Up-to-date: /home/user/data/drones_ship_ws/install/aquabot_gz/share/aquabot_gz/models/aquabot_marker_2_KO/model.config
[0.538s] -- Up-to-date: /home/user/data/drones_ship_ws/install/aquabot_gz/share/aquabot_gz/models/aquabot_sapling
[0.538s] -- Up-to-date: /home/user/data/drones_ship_ws/install/aquabot_gz/share/aquabot_gz/models/aquabot_sapling/mesh
[0.538s] -- Up-to-date: /home/user/data/drones_ship_ws/install/aquabot_gz/share/aquabot_gz/models/aquabot_sapling/mesh/sapling.dae
[0.538s] -- Up-to-date: /home/user/data/drones_ship_ws/install/aquabot_gz/share/aquabot_gz/models/aquabot_sapling/model.sdf
[0.538s] -- Up-to-date: /home/user/data/drones_ship_ws/install/aquabot_gz/share/aquabot_gz/models/aquabot_sapling/model.config
[0.538s] -- Up-to-date: /home/user/data/drones_ship_ws/install/aquabot_gz/share/aquabot_gz/models/aquabot_marker_4_OK
[0.538s] -- Up-to-date: /home/user/data/drones_ship_ws/install/aquabot_gz/share/aquabot_gz/models/aquabot_marker_4_OK/materials
[0.538s] -- Up-to-date: /home/user/data/drones_ship_ws/install/aquabot_gz/share/aquabot_gz/models/aquabot_marker_4_OK/materials/textures
[0.539s] -- Up-to-date: /home/user/data/drones_ship_ws/install/aquabot_gz/share/aquabot_gz/models/aquabot_marker_4_OK/materials/textures/aquabot_marker_4_OK.png
[0.539s] -- Up-to-date: /home/user/data/drones_ship_ws/install/aquabot_gz/share/aquabot_gz/models/aquabot_marker_4_OK/materials/textures/Marker0.png
[0.539s] -- Up-to-date: /home/user/data/drones_ship_ws/install/aquabot_gz/share/aquabot_gz/models/aquabot_marker_4_OK/model.sdf
[0.539s] -- Up-to-date: /home/user/data/drones_ship_ws/install/aquabot_gz/share/aquabot_gz/models/aquabot_marker_4_OK/meshes
[0.539s] -- Up-to-date: /home/user/data/drones_ship_ws/install/aquabot_gz/share/aquabot_gz/models/aquabot_marker_4_OK/meshes/Marker0.dae
[0.539s] -- Up-to-date: /home/user/data/drones_ship_ws/install/aquabot_gz/share/aquabot_gz/models/aquabot_marker_4_OK/model.config
[0.539s] -- Up-to-date: /home/user/data/drones_ship_ws/install/aquabot_gz/share/aquabot_gz/models/aquabot_sonar_buoy
[0.539s] -- Up-to-date: /home/user/data/drones_ship_ws/install/aquabot_gz/share/aquabot_gz/models/aquabot_sonar_buoy/mesh
[0.539s] -- Up-to-date: /home/user/data/drones_ship_ws/install/aquabot_gz/share/aquabot_gz/models/aquabot_sonar_buoy/mesh/sonar_buoy.dae
[0.539s] -- Up-to-date: /home/user/data/drones_ship_ws/install/aquabot_gz/share/aquabot_gz/models/aquabot_sonar_buoy/model.sdf
[0.540s] -- Up-to-date: /home/user/data/drones_ship_ws/install/aquabot_gz/share/aquabot_gz/models/aquabot_sonar_buoy/model.config
[0.540s] -- Up-to-date: /home/user/data/drones_ship_ws/install/aquabot_gz/share/aquabot_gz/models/aquabot_rock
[0.540s] -- Up-to-date: /home/user/data/drones_ship_ws/install/aquabot_gz/share/aquabot_gz/models/aquabot_rock/mesh
[0.540s] -- Up-to-date: /home/user/data/drones_ship_ws/install/aquabot_gz/share/aquabot_gz/models/aquabot_rock/mesh/rock.dae
[0.540s] -- Up-to-date: /home/user/data/drones_ship_ws/install/aquabot_gz/share/aquabot_gz/models/aquabot_rock/model.sdf
[0.540s] -- Up-to-date: /home/user/data/drones_ship_ws/install/aquabot_gz/share/aquabot_gz/models/aquabot_rock/model.config
[0.540s] -- Up-to-date: /home/user/data/drones_ship_ws/install/aquabot_gz/share/aquabot_gz/models/aquabot_marker_8_OK
[0.540s] -- Up-to-date: /home/user/data/drones_ship_ws/install/aquabot_gz/share/aquabot_gz/models/aquabot_marker_8_OK/materials
[0.540s] -- Up-to-date: /home/user/data/drones_ship_ws/install/aquabot_gz/share/aquabot_gz/models/aquabot_marker_8_OK/materials/textures
[0.540s] -- Up-to-date: /home/user/data/drones_ship_ws/install/aquabot_gz/share/aquabot_gz/models/aquabot_marker_8_OK/materials/textures/Marker0.png
[0.540s] -- Up-to-date: /home/user/data/drones_ship_ws/install/aquabot_gz/share/aquabot_gz/models/aquabot_marker_8_OK/materials/textures/aquabot_marker_8_OK.png
[0.541s] -- Up-to-date: /home/user/data/drones_ship_ws/install/aquabot_gz/share/aquabot_gz/models/aquabot_marker_8_OK/model.sdf
[0.541s] -- Up-to-date: /home/user/data/drones_ship_ws/install/aquabot_gz/share/aquabot_gz/models/aquabot_marker_8_OK/meshes
[0.541s] -- Up-to-date: /home/user/data/drones_ship_ws/install/aquabot_gz/share/aquabot_gz/models/aquabot_marker_8_OK/meshes/Marker0.dae
[0.541s] -- Up-to-date: /home/user/data/drones_ship_ws/install/aquabot_gz/share/aquabot_gz/models/aquabot_marker_8_OK/model.config
[0.541s] -- Up-to-date: /home/user/data/drones_ship_ws/install/aquabot_gz/share/aquabot_gz/models/aquabot_marker_6_KO
[0.541s] -- Up-to-date: /home/user/data/drones_ship_ws/install/aquabot_gz/share/aquabot_gz/models/aquabot_marker_6_KO/materials
[0.541s] -- Up-to-date: /home/user/data/drones_ship_ws/install/aquabot_gz/share/aquabot_gz/models/aquabot_marker_6_KO/materials/textures
[0.541s] -- Up-to-date: /home/user/data/drones_ship_ws/install/aquabot_gz/share/aquabot_gz/models/aquabot_marker_6_KO/materials/textures/aquabot_marker_6_KO.png
[0.541s] -- Up-to-date: /home/user/data/drones_ship_ws/install/aquabot_gz/share/aquabot_gz/models/aquabot_marker_6_KO/materials/textures/Marker0.png
[0.541s] -- Up-to-date: /home/user/data/drones_ship_ws/install/aquabot_gz/share/aquabot_gz/models/aquabot_marker_6_KO/model.sdf
[0.542s] -- Up-to-date: /home/user/data/drones_ship_ws/install/aquabot_gz/share/aquabot_gz/models/aquabot_marker_6_KO/meshes
[0.542s] -- Up-to-date: /home/user/data/drones_ship_ws/install/aquabot_gz/share/aquabot_gz/models/aquabot_marker_6_KO/meshes/Marker0.dae
[0.542s] -- Up-to-date: /home/user/data/drones_ship_ws/install/aquabot_gz/share/aquabot_gz/models/aquabot_marker_6_KO/model.config
[0.542s] -- Up-to-date: /home/user/data/drones_ship_ws/install/aquabot_gz/share/aquabot_gz/models/aniskm-vessel-e
[0.542s] -- Up-to-date: /home/user/data/drones_ship_ws/install/aquabot_gz/share/aquabot_gz/models/aniskm-vessel-e/1.png
[0.542s] -- Up-to-date: /home/user/data/drones_ship_ws/install/aquabot_gz/share/aquabot_gz/models/aniskm-vessel-e/materials
[0.542s] -- Up-to-date: /home/user/data/drones_ship_ws/install/aquabot_gz/share/aquabot_gz/models/aniskm-vessel-e/materials/textures
[0.542s] -- Up-to-date: /home/user/data/drones_ship_ws/install/aquabot_gz/share/aquabot_gz/models/aniskm-vessel-e/materials/textures/Boat05_Normal.png
[0.542s] -- Up-to-date: /home/user/data/drones_ship_ws/install/aquabot_gz/share/aquabot_gz/models/aniskm-vessel-e/materials/textures/Boat05_Roughness.jpg
[0.543s] -- Up-to-date: /home/user/data/drones_ship_ws/install/aquabot_gz/share/aquabot_gz/models/aniskm-vessel-e/materials/textures/Boat05_Metalness.png
[0.543s] -- Up-to-date: /home/user/data/drones_ship_ws/install/aquabot_gz/share/aquabot_gz/models/aniskm-vessel-e/materials/textures/Boat05_Albedo.jpg
[0.543s] -- Up-to-date: /home/user/data/drones_ship_ws/install/aquabot_gz/share/aquabot_gz/models/aniskm-vessel-e/model.sdf
[0.543s] -- Up-to-date: /home/user/data/drones_ship_ws/install/aquabot_gz/share/aquabot_gz/models/aniskm-vessel-e/meshes
[0.543s] -- Up-to-date: /home/user/data/drones_ship_ws/install/aquabot_gz/share/aquabot_gz/models/aniskm-vessel-e/meshes/Boat05.dae
[0.543s] -- Up-to-date: /home/user/data/drones_ship_ws/install/aquabot_gz/share/aquabot_gz/models/aniskm-vessel-e/model.config
[0.544s] -- Up-to-date: /home/user/data/drones_ship_ws/install/aquabot_gz/share/aquabot_gz/models/aquabot_marker_0_KO
[0.544s] -- Up-to-date: /home/user/data/drones_ship_ws/install/aquabot_gz/share/aquabot_gz/models/aquabot_marker_0_KO/materials
[0.544s] -- Up-to-date: /home/user/data/drones_ship_ws/install/aquabot_gz/share/aquabot_gz/models/aquabot_marker_0_KO/materials/textures
[0.544s] -- Up-to-date: /home/user/data/drones_ship_ws/install/aquabot_gz/share/aquabot_gz/models/aquabot_marker_0_KO/materials/textures/aquabot_marker_0_KO.png
[0.544s] -- Up-to-date: /home/user/data/drones_ship_ws/install/aquabot_gz/share/aquabot_gz/models/aquabot_marker_0_KO/materials/textures/Marker0.png
[0.544s] -- Up-to-date: /home/user/data/drones_ship_ws/install/aquabot_gz/share/aquabot_gz/models/aquabot_marker_0_KO/model.sdf
[0.544s] -- Up-to-date: /home/user/data/drones_ship_ws/install/aquabot_gz/share/aquabot_gz/models/aquabot_marker_0_KO/meshes
[0.544s] -- Up-to-date: /home/user/data/drones_ship_ws/install/aquabot_gz/share/aquabot_gz/models/aquabot_marker_0_KO/meshes/Marker0.dae
[0.544s] -- Up-to-date: /home/user/data/drones_ship_ws/install/aquabot_gz/share/aquabot_gz/models/aquabot_marker_0_KO/model.config
[0.544s] -- Up-to-date: /home/user/data/drones_ship_ws/install/aquabot_gz/share/aquabot_gz/models/aquabot_tree
[0.545s] -- Up-to-date: /home/user/data/drones_ship_ws/install/aquabot_gz/share/aquabot_gz/models/aquabot_tree/mesh
[0.545s] -- Up-to-date: /home/user/data/drones_ship_ws/install/aquabot_gz/share/aquabot_gz/models/aquabot_tree/mesh/tree.dae
[0.545s] -- Up-to-date: /home/user/data/drones_ship_ws/install/aquabot_gz/share/aquabot_gz/models/aquabot_tree/model.sdf
[0.545s] -- Up-to-date: /home/user/data/drones_ship_ws/install/aquabot_gz/share/aquabot_gz/models/aquabot_tree/model.config
[0.545s] -- Up-to-date: /home/user/data/drones_ship_ws/install/aquabot_gz/share/aquabot_gz/models/aquabot_marker_1_OK
[0.545s] -- Up-to-date: /home/user/data/drones_ship_ws/install/aquabot_gz/share/aquabot_gz/models/aquabot_marker_1_OK/materials
[0.545s] -- Up-to-date: /home/user/data/drones_ship_ws/install/aquabot_gz/share/aquabot_gz/models/aquabot_marker_1_OK/materials/textures
[0.545s] -- Up-to-date: /home/user/data/drones_ship_ws/install/aquabot_gz/share/aquabot_gz/models/aquabot_marker_1_OK/materials/textures/aquabot_marker_1_OK.png
[0.545s] -- Up-to-date: /home/user/data/drones_ship_ws/install/aquabot_gz/share/aquabot_gz/models/aquabot_marker_1_OK/materials/textures/Marker0.png
[0.545s] -- Up-to-date: /home/user/data/drones_ship_ws/install/aquabot_gz/share/aquabot_gz/models/aquabot_marker_1_OK/model.sdf
[0.546s] -- Up-to-date: /home/user/data/drones_ship_ws/install/aquabot_gz/share/aquabot_gz/models/aquabot_marker_1_OK/meshes
[0.546s] -- Up-to-date: /home/user/data/drones_ship_ws/install/aquabot_gz/share/aquabot_gz/models/aquabot_marker_1_OK/meshes/Marker0.dae
[0.546s] -- Up-to-date: /home/user/data/drones_ship_ws/install/aquabot_gz/share/aquabot_gz/models/aquabot_marker_1_OK/model.config
[0.546s] -- Up-to-date: /home/user/data/drones_ship_ws/install/aquabot_gz/share/aquabot_gz/models/meshes
[0.546s] -- Up-to-date: /home/user/data/drones_ship_ws/install/aquabot_gz/share/aquabot_gz/models/meshes/blender_files
[0.546s] -- Up-to-date: /home/user/data/drones_ship_ws/install/aquabot_gz/share/aquabot_gz/models/meshes/blender_files/motor_mount.blend
[0.546s] -- Up-to-date: /home/user/data/drones_ship_ws/install/aquabot_gz/share/aquabot_gz/models/meshes/blender_files/cw_prop.blend
[0.546s] -- Up-to-date: /home/user/data/drones_ship_ws/install/aquabot_gz/share/aquabot_gz/models/meshes/blender_files/cf_body.blend
[0.546s] -- Up-to-date: /home/user/data/drones_ship_ws/install/aquabot_gz/share/aquabot_gz/models/meshes/blender_files/cf2_assembly.blend
[0.546s] -- Up-to-date: /home/user/data/drones_ship_ws/install/aquabot_gz/share/aquabot_gz/models/meshes/blender_files/battery_holder.blend
[0.546s] -- Up-to-date: /home/user/data/drones_ship_ws/install/aquabot_gz/share/aquabot_gz/models/meshes/blender_files/battery.blend
[0.547s] -- Up-to-date: /home/user/data/drones_ship_ws/install/aquabot_gz/share/aquabot_gz/models/meshes/blender_files/pin_headers.blend
[0.547s] -- Up-to-date: /home/user/data/drones_ship_ws/install/aquabot_gz/share/aquabot_gz/models/meshes/collada_files
[0.547s] -- Up-to-date: /home/user/data/drones_ship_ws/install/aquabot_gz/share/aquabot_gz/models/meshes/collada_files/cw_prop.dae
[0.547s] -- Up-to-date: /home/user/data/drones_ship_ws/install/aquabot_gz/share/aquabot_gz/models/meshes/collada_files/cf2_assembly.dae
[0.547s] -- Up-to-date: /home/user/data/drones_ship_ws/install/aquabot_gz/share/aquabot_gz/models/meshes/collada_files/ccw_prop.dae
[0.547s] -- Up-to-date: /home/user/data/drones_ship_ws/install/aquabot_gz/share/aquabot_gz/models/meshes/collada_files/cf2_assembly_with_props.dae
[0.547s] -- Up-to-date: /home/user/data/drones_ship_ws/install/aquabot_gz/share/aquabot_gz/models/meshes/stl_files
[0.547s] -- Up-to-date: /home/user/data/drones_ship_ws/install/aquabot_gz/share/aquabot_gz/models/meshes/stl_files/4_motormounts.stl
[0.547s] -- Up-to-date: /home/user/data/drones_ship_ws/install/aquabot_gz/share/aquabot_gz/models/meshes/stl_files/ccw_prop.stl
[0.547s] -- Up-to-date: /home/user/data/drones_ship_ws/install/aquabot_gz/share/aquabot_gz/models/meshes/stl_files/cf_body.stl
[0.548s] -- Up-to-date: /home/user/data/drones_ship_ws/install/aquabot_gz/share/aquabot_gz/models/meshes/stl_files/cw_prop.stl
[0.548s] -- Up-to-date: /home/user/data/drones_ship_ws/install/aquabot_gz/share/aquabot_gz/models/meshes/stl_files/battery.stl
[0.548s] -- Up-to-date: /home/user/data/drones_ship_ws/install/aquabot_gz/share/aquabot_gz/models/meshes/stl_files/pin_headers.stl
[0.548s] -- Up-to-date: /home/user/data/drones_ship_ws/install/aquabot_gz/share/aquabot_gz/models/meshes/stl_files/4_motors.stl
[0.548s] -- Up-to-date: /home/user/data/drones_ship_ws/install/aquabot_gz/share/aquabot_gz/models/meshes/stl_files/motor_mount.stl
[0.548s] -- Up-to-date: /home/user/data/drones_ship_ws/install/aquabot_gz/share/aquabot_gz/models/meshes/stl_files/battery_holder.stl
[0.548s] -- Up-to-date: /home/user/data/drones_ship_ws/install/aquabot_gz/share/aquabot_gz/models/meshes/stl_files/2_pinheaders.stl
[0.548s] -- Up-to-date: /home/user/data/drones_ship_ws/install/aquabot_gz/share/aquabot_gz/models/meshes/stl_files/cf2_assembly.stl
[0.548s] -- Up-to-date: /home/user/data/drones_ship_ws/install/aquabot_gz/share/aquabot_gz/models/meshes/textures
[0.548s] -- Up-to-date: /home/user/data/drones_ship_ws/install/aquabot_gz/share/aquabot_gz/models/meshes/textures/fast_helix.png
[0.548s] -- Up-to-date: /home/user/data/drones_ship_ws/install/aquabot_gz/share/aquabot_gz/models/aquabot_regatta_world
[0.549s] -- Up-to-date: /home/user/data/drones_ship_ws/install/aquabot_gz/share/aquabot_gz/models/aquabot_regatta_world/model.sdf
[0.549s] -- Up-to-date: /home/user/data/drones_ship_ws/install/aquabot_gz/share/aquabot_gz/models/aquabot_regatta_world/model.config
[0.549s] -- Up-to-date: /home/user/data/drones_ship_ws/install/aquabot_gz/share/aquabot_gz/models/aquabot_marker_0_OK
[0.549s] -- Up-to-date: /home/user/data/drones_ship_ws/install/aquabot_gz/share/aquabot_gz/models/aquabot_marker_0_OK/materials
[0.549s] -- Up-to-date: /home/user/data/drones_ship_ws/install/aquabot_gz/share/aquabot_gz/models/aquabot_marker_0_OK/materials/textures
[0.549s] -- Up-to-date: /home/user/data/drones_ship_ws/install/aquabot_gz/share/aquabot_gz/models/aquabot_marker_0_OK/materials/textures/aquabot_marker_0_OK.png
[0.549s] -- Up-to-date: /home/user/data/drones_ship_ws/install/aquabot_gz/share/aquabot_gz/models/aquabot_marker_0_OK/materials/textures/Marker0.png
[0.549s] -- Up-to-date: /home/user/data/drones_ship_ws/install/aquabot_gz/share/aquabot_gz/models/aquabot_marker_0_OK/model.sdf
[0.549s] -- Up-to-date: /home/user/data/drones_ship_ws/install/aquabot_gz/share/aquabot_gz/models/aquabot_marker_0_OK/meshes
[0.549s] -- Up-to-date: /home/user/data/drones_ship_ws/install/aquabot_gz/share/aquabot_gz/models/aquabot_marker_0_OK/meshes/Marker0.dae
[0.549s] -- Up-to-date: /home/user/data/drones_ship_ws/install/aquabot_gz/share/aquabot_gz/models/aquabot_marker_0_OK/model.config
[0.550s] -- Up-to-date: /home/user/data/drones_ship_ws/install/aquabot_gz/share/aquabot_gz/models/aquabot_marker_5_KO
[0.550s] -- Up-to-date: /home/user/data/drones_ship_ws/install/aquabot_gz/share/aquabot_gz/models/aquabot_marker_5_KO/materials
[0.550s] -- Up-to-date: /home/user/data/drones_ship_ws/install/aquabot_gz/share/aquabot_gz/models/aquabot_marker_5_KO/materials/textures
[0.550s] -- Up-to-date: /home/user/data/drones_ship_ws/install/aquabot_gz/share/aquabot_gz/models/aquabot_marker_5_KO/materials/textures/Marker0.png
[0.550s] -- Up-to-date: /home/user/data/drones_ship_ws/install/aquabot_gz/share/aquabot_gz/models/aquabot_marker_5_KO/materials/textures/aquabot_marker_5_KO.png
[0.550s] -- Up-to-date: /home/user/data/drones_ship_ws/install/aquabot_gz/share/aquabot_gz/models/aquabot_marker_5_KO/model.sdf
[0.550s] -- Up-to-date: /home/user/data/drones_ship_ws/install/aquabot_gz/share/aquabot_gz/models/aquabot_marker_5_KO/meshes
[0.550s] -- Up-to-date: /home/user/data/drones_ship_ws/install/aquabot_gz/share/aquabot_gz/models/aquabot_marker_5_KO/meshes/Marker0.dae
[0.551s] -- Up-to-date: /home/user/data/drones_ship_ws/install/aquabot_gz/share/aquabot_gz/models/aquabot_marker_5_KO/model.config
[0.551s] -- Up-to-date: /home/user/data/drones_ship_ws/install/aquabot_gz/share/aquabot_gz/models/aquabot_windturbine_main
[0.551s] -- Up-to-date: /home/user/data/drones_ship_ws/install/aquabot_gz/share/aquabot_gz/models/aquabot_windturbine_main/mesh
[0.551s] -- Up-to-date: /home/user/data/drones_ship_ws/install/aquabot_gz/share/aquabot_gz/models/aquabot_windturbine_main/mesh/main.dae
[0.551s] -- Up-to-date: /home/user/data/drones_ship_ws/install/aquabot_gz/share/aquabot_gz/models/aquabot_windturbine_main/model.sdf
[0.551s] -- Up-to-date: /home/user/data/drones_ship_ws/install/aquabot_gz/share/aquabot_gz/models/aquabot_windturbine_main/model.config
[0.551s] -- Up-to-date: /home/user/data/drones_ship_ws/install/aquabot_gz/share/aquabot_gz/models/iris
[0.551s] -- Up-to-date: /home/user/data/drones_ship_ws/install/aquabot_gz/share/aquabot_gz/models/iris/iris_test_old.sdf
[0.551s] -- Up-to-date: /home/user/data/drones_ship_ws/install/aquabot_gz/share/aquabot_gz/models/iris/iris_test.sdf
[0.551s] -- Up-to-date: /home/user/data/drones_ship_ws/install/aquabot_gz/share/aquabot_gz/models/iris/iris_world.sdf
[0.552s] -- Up-to-date: /home/user/data/drones_ship_ws/install/aquabot_gz/share/aquabot_gz/models/iris/iris.sdf
[0.552s] -- Up-to-date: /home/user/data/drones_ship_ws/install/aquabot_gz/share/aquabot_gz/models/iris/meshes
[0.552s] -- Up-to-date: /home/user/data/drones_ship_ws/install/aquabot_gz/share/aquabot_gz/models/iris/meshes/iris_prop_ccw.dae
[0.552s] -- Up-to-date: /home/user/data/drones_ship_ws/install/aquabot_gz/share/aquabot_gz/models/iris/meshes/iris_prop_cw.dae
[0.552s] -- Up-to-date: /home/user/data/drones_ship_ws/install/aquabot_gz/share/aquabot_gz/models/iris/meshes/iris.stl
[0.552s] -- Up-to-date: /home/user/data/drones_ship_ws/install/aquabot_gz/share/aquabot_gz/models/iris/model.config
[0.552s] -- Up-to-date: /home/user/data/drones_ship_ws/install/aquabot_gz/share/aquabot_gz/models/iris/iris_orig.sdf
[0.552s] -- Up-to-date: /home/user/data/drones_ship_ws/install/aquabot_gz/share/aquabot_gz/models/wamv
[0.552s] -- Up-to-date: /home/user/data/drones_ship_ws/install/aquabot_gz/share/aquabot_gz/models/wamv/wamv.sdf
[0.552s] -- Up-to-date: /home/user/data/drones_ship_ws/install/aquabot_gz/share/aquabot_gz/models/wamv/materials
[0.552s] -- Up-to-date: /home/user/data/drones_ship_ws/install/aquabot_gz/share/aquabot_gz/models/wamv/materials/WAM-V_Normal.png
[0.553s] -- Up-to-date: /home/user/data/drones_ship_ws/install/aquabot_gz/share/aquabot_gz/models/wamv/materials/WAM-V_Roughness.png
[0.553s] -- Up-to-date: /home/user/data/drones_ship_ws/install/aquabot_gz/share/aquabot_gz/models/wamv/materials/WamV.png
[0.553s] -- Up-to-date: /home/user/data/drones_ship_ws/install/aquabot_gz/share/aquabot_gz/models/wamv/materials/WAM-V_Metalness.png
[0.553s] -- Up-to-date: /home/user/data/drones_ship_ws/install/aquabot_gz/share/aquabot_gz/models/wamv/materials/WAM-V_Albedo.png
[0.553s] -- Up-to-date: /home/user/data/drones_ship_ws/install/aquabot_gz/share/aquabot_gz/models/wamv/meshes
[0.553s] -- Up-to-date: /home/user/data/drones_ship_ws/install/aquabot_gz/share/aquabot_gz/models/wamv/meshes/propeller.dae
[0.553s] -- Up-to-date: /home/user/data/drones_ship_ws/install/aquabot_gz/share/aquabot_gz/models/wamv/meshes/engine.dae
[0.553s] -- Up-to-date: /home/user/data/drones_ship_ws/install/aquabot_gz/share/aquabot_gz/models/wamv/meshes/WAMV.dae
[0.553s] -- Up-to-date: /home/user/data/drones_ship_ws/install/aquabot_gz/share/aquabot_gz/models/wamv/model.config
[0.553s] -- Up-to-date: /home/user/data/drones_ship_ws/install/aquabot_gz/share/aquabot_gz/models/aquabot_marker_7_OK
[0.553s] -- Up-to-date: /home/user/data/drones_ship_ws/install/aquabot_gz/share/aquabot_gz/models/aquabot_marker_7_OK/materials
[0.554s] -- Up-to-date: /home/user/data/drones_ship_ws/install/aquabot_gz/share/aquabot_gz/models/aquabot_marker_7_OK/materials/textures
[0.554s] -- Up-to-date: /home/user/data/drones_ship_ws/install/aquabot_gz/share/aquabot_gz/models/aquabot_marker_7_OK/materials/textures/aquabot_marker_7_OK.png
[0.555s] -- Up-to-date: /home/user/data/drones_ship_ws/install/aquabot_gz/share/aquabot_gz/models/aquabot_marker_7_OK/materials/textures/Marker0.png
[0.555s] -- Up-to-date: /home/user/data/drones_ship_ws/install/aquabot_gz/share/aquabot_gz/models/aquabot_marker_7_OK/model.sdf
[0.555s] -- Up-to-date: /home/user/data/drones_ship_ws/install/aquabot_gz/share/aquabot_gz/models/aquabot_marker_7_OK/meshes
[0.555s] -- Up-to-date: /home/user/data/drones_ship_ws/install/aquabot_gz/share/aquabot_gz/models/aquabot_marker_7_OK/meshes/Marker0.dae
[0.555s] -- Up-to-date: /home/user/data/drones_ship_ws/install/aquabot_gz/share/aquabot_gz/models/aquabot_marker_7_OK/model.config
[0.555s] -- Up-to-date: /home/user/data/drones_ship_ws/install/aquabot_gz/share/aquabot_gz/models/aquabot_lighthouse
[0.555s] -- Up-to-date: /home/user/data/drones_ship_ws/install/aquabot_gz/share/aquabot_gz/models/aquabot_lighthouse/mesh
[0.555s] -- Up-to-date: /home/user/data/drones_ship_ws/install/aquabot_gz/share/aquabot_gz/models/aquabot_lighthouse/mesh/lighthouse.dae
[0.555s] -- Up-to-date: /home/user/data/drones_ship_ws/install/aquabot_gz/share/aquabot_gz/models/aquabot_lighthouse/model.sdf
[0.555s] -- Up-to-date: /home/user/data/drones_ship_ws/install/aquabot_gz/share/aquabot_gz/models/aquabot_lighthouse/model.config
[0.555s] -- Up-to-date: /home/user/data/drones_ship_ws/install/aquabot_gz/share/aquabot_gz/models/aquabot_marker_3_KO
[0.555s] -- Up-to-date: /home/user/data/drones_ship_ws/install/aquabot_gz/share/aquabot_gz/models/aquabot_marker_3_KO/materials
[0.556s] -- Up-to-date: /home/user/data/drones_ship_ws/install/aquabot_gz/share/aquabot_gz/models/aquabot_marker_3_KO/materials/textures
[0.556s] -- Up-to-date: /home/user/data/drones_ship_ws/install/aquabot_gz/share/aquabot_gz/models/aquabot_marker_3_KO/materials/textures/aquabot_marker_3_KO.png
[0.556s] -- Up-to-date: /home/user/data/drones_ship_ws/install/aquabot_gz/share/aquabot_gz/models/aquabot_marker_3_KO/materials/textures/Marker0.png
[0.556s] -- Up-to-date: /home/user/data/drones_ship_ws/install/aquabot_gz/share/aquabot_gz/models/aquabot_marker_3_KO/model.sdf
[0.556s] -- Up-to-date: /home/user/data/drones_ship_ws/install/aquabot_gz/share/aquabot_gz/models/aquabot_marker_3_KO/meshes
[0.556s] -- Up-to-date: /home/user/data/drones_ship_ws/install/aquabot_gz/share/aquabot_gz/models/aquabot_marker_3_KO/meshes/Marker0.dae
[0.556s] -- Up-to-date: /home/user/data/drones_ship_ws/install/aquabot_gz/share/aquabot_gz/models/aquabot_marker_3_KO/model.config
[0.556s] -- Up-to-date: /home/user/data/drones_ship_ws/install/aquabot_gz/share/aquabot_gz/models/aquabot_marker_3_OK
[0.556s] -- Up-to-date: /home/user/data/drones_ship_ws/install/aquabot_gz/share/aquabot_gz/models/aquabot_marker_3_OK/materials
[0.556s] -- Up-to-date: /home/user/data/drones_ship_ws/install/aquabot_gz/share/aquabot_gz/models/aquabot_marker_3_OK/materials/textures
[0.556s] -- Up-to-date: /home/user/data/drones_ship_ws/install/aquabot_gz/share/aquabot_gz/models/aquabot_marker_3_OK/materials/textures/aquabot_marker_3_OK.png
[0.557s] -- Up-to-date: /home/user/data/drones_ship_ws/install/aquabot_gz/share/aquabot_gz/models/aquabot_marker_3_OK/materials/textures/Marker0.png
[0.557s] -- Up-to-date: /home/user/data/drones_ship_ws/install/aquabot_gz/share/aquabot_gz/models/aquabot_marker_3_OK/model.sdf
[0.557s] -- Up-to-date: /home/user/data/drones_ship_ws/install/aquabot_gz/share/aquabot_gz/models/aquabot_marker_3_OK/meshes
[0.557s] -- Up-to-date: /home/user/data/drones_ship_ws/install/aquabot_gz/share/aquabot_gz/models/aquabot_marker_3_OK/meshes/Marker0.dae
[0.557s] -- Up-to-date: /home/user/data/drones_ship_ws/install/aquabot_gz/share/aquabot_gz/models/aquabot_marker_3_OK/model.config
[0.557s] -- Up-to-date: /home/user/data/drones_ship_ws/install/aquabot_gz/share/aquabot_gz/models/aquabot_redboat
[0.557s] -- Up-to-date: /home/user/data/drones_ship_ws/install/aquabot_gz/share/aquabot_gz/models/aquabot_redboat/mesh
[0.557s] -- Up-to-date: /home/user/data/drones_ship_ws/install/aquabot_gz/share/aquabot_gz/models/aquabot_redboat/mesh/redboat.dae
[0.557s] -- Up-to-date: /home/user/data/drones_ship_ws/install/aquabot_gz/share/aquabot_gz/models/aquabot_redboat/model.sdf
[0.557s] -- Up-to-date: /home/user/data/drones_ship_ws/install/aquabot_gz/share/aquabot_gz/models/aquabot_redboat/model.config
[0.558s] -- Up-to-date: /home/user/data/drones_ship_ws/install/aquabot_gz/share/aquabot_gz/models/aquabot_marker_6_OK
[0.558s] -- Up-to-date: /home/user/data/drones_ship_ws/install/aquabot_gz/share/aquabot_gz/models/aquabot_marker_6_OK/materials
[0.558s] -- Up-to-date: /home/user/data/drones_ship_ws/install/aquabot_gz/share/aquabot_gz/models/aquabot_marker_6_OK/materials/textures
[0.558s] -- Up-to-date: /home/user/data/drones_ship_ws/install/aquabot_gz/share/aquabot_gz/models/aquabot_marker_6_OK/materials/textures/aquabot_marker_6_OK.png
[0.558s] -- Up-to-date: /home/user/data/drones_ship_ws/install/aquabot_gz/share/aquabot_gz/models/aquabot_marker_6_OK/materials/textures/Marker0.png
[0.558s] -- Up-to-date: /home/user/data/drones_ship_ws/install/aquabot_gz/share/aquabot_gz/models/aquabot_marker_6_OK/model.sdf
[0.558s] -- Up-to-date: /home/user/data/drones_ship_ws/install/aquabot_gz/share/aquabot_gz/models/aquabot_marker_6_OK/meshes
[0.558s] -- Up-to-date: /home/user/data/drones_ship_ws/install/aquabot_gz/share/aquabot_gz/models/aquabot_marker_6_OK/meshes/Marker0.dae
[0.558s] -- Up-to-date: /home/user/data/drones_ship_ws/install/aquabot_gz/share/aquabot_gz/models/aquabot_marker_6_OK/model.config
[0.558s] -- Up-to-date: /home/user/data/drones_ship_ws/install/aquabot_gz/share/aquabot_gz/models/aquabot_marker_9_OK
[0.558s] -- Up-to-date: /home/user/data/drones_ship_ws/install/aquabot_gz/share/aquabot_gz/models/aquabot_marker_9_OK/materials
[0.559s] -- Up-to-date: /home/user/data/drones_ship_ws/install/aquabot_gz/share/aquabot_gz/models/aquabot_marker_9_OK/materials/textures
[0.559s] -- Up-to-date: /home/user/data/drones_ship_ws/install/aquabot_gz/share/aquabot_gz/models/aquabot_marker_9_OK/materials/textures/aquabot_marker_9_OK.png
[0.559s] -- Up-to-date: /home/user/data/drones_ship_ws/install/aquabot_gz/share/aquabot_gz/models/aquabot_marker_9_OK/materials/textures/Marker0.png
[0.559s] -- Up-to-date: /home/user/data/drones_ship_ws/install/aquabot_gz/share/aquabot_gz/models/aquabot_marker_9_OK/model.sdf
[0.559s] -- Up-to-date: /home/user/data/drones_ship_ws/install/aquabot_gz/share/aquabot_gz/models/aquabot_marker_9_OK/meshes
[0.559s] -- Up-to-date: /home/user/data/drones_ship_ws/install/aquabot_gz/share/aquabot_gz/models/aquabot_marker_9_OK/meshes/Marker0.dae
[0.559s] -- Up-to-date: /home/user/data/drones_ship_ws/install/aquabot_gz/share/aquabot_gz/models/aquabot_marker_9_OK/model.config
[0.559s] -- Up-to-date: /home/user/data/drones_ship_ws/install/aquabot_gz/share/aquabot_gz/models/aquabot_marker_5_OK
[0.559s] -- Up-to-date: /home/user/data/drones_ship_ws/install/aquabot_gz/share/aquabot_gz/models/aquabot_marker_5_OK/materials
[0.559s] -- Up-to-date: /home/user/data/drones_ship_ws/install/aquabot_gz/share/aquabot_gz/models/aquabot_marker_5_OK/materials/textures
[0.559s] -- Up-to-date: /home/user/data/drones_ship_ws/install/aquabot_gz/share/aquabot_gz/models/aquabot_marker_5_OK/materials/textures/aquabot_marker_5_OK.png
[0.560s] -- Up-to-date: /home/user/data/drones_ship_ws/install/aquabot_gz/share/aquabot_gz/models/aquabot_marker_5_OK/materials/textures/Marker0.png
[0.560s] -- Up-to-date: /home/user/data/drones_ship_ws/install/aquabot_gz/share/aquabot_gz/models/aquabot_marker_5_OK/model.sdf
[0.560s] -- Up-to-date: /home/user/data/drones_ship_ws/install/aquabot_gz/share/aquabot_gz/models/aquabot_marker_5_OK/meshes
[0.560s] -- Up-to-date: /home/user/data/drones_ship_ws/install/aquabot_gz/share/aquabot_gz/models/aquabot_marker_5_OK/meshes/Marker0.dae
[0.560s] -- Up-to-date: /home/user/data/drones_ship_ws/install/aquabot_gz/share/aquabot_gz/models/aquabot_marker_5_OK/model.config
[0.560s] -- Up-to-date: /home/user/data/drones_ship_ws/install/aquabot_gz/share/aquabot_gz/models/crazy2fly
[0.560s] -- Up-to-date: /home/user/data/drones_ship_ws/install/aquabot_gz/share/aquabot_gz/models/crazy2fly/model.sdf
[0.560s] -- Up-to-date: /home/user/data/drones_ship_ws/install/aquabot_gz/share/aquabot_gz/models/crazy2fly/urdf
[0.560s] -- Up-to-date: /home/user/data/drones_ship_ws/install/aquabot_gz/share/aquabot_gz/models/crazy2fly/urdf/crazy2fly.urdf.xacro
[0.561s] -- Up-to-date: /home/user/data/drones_ship_ws/install/aquabot_gz/share/aquabot_gz/models/crazy2fly/model.config
[0.561s] -- Up-to-date: /home/user/data/drones_ship_ws/install/aquabot_gz/lib/libPublisherPlugin.so
[0.561s] -- Up-to-date: /home/user/data/drones_ship_ws/install/aquabot_gz/lib/libAcousticPingerPlugin.so
[0.561s] -- Up-to-date: /home/user/data/drones_ship_ws/install/aquabot_gz/lib/libSimpleHydrodynamics.so
[0.561s] -- Up-to-date: /home/user/data/drones_ship_ws/install/aquabot_gz/lib/libSurface.so
[0.561s] -- Up-to-date: /home/user/data/drones_ship_ws/install/aquabot_gz/lib/libUSVWind.so
[0.561s] -- Up-to-date: /home/user/data/drones_ship_ws/install/aquabot_gz/lib/libWaveVisual.so
[0.561s] -- Up-to-date: /home/user/data/drones_ship_ws/install/aquabot_gz/lib/libWindturbinesInspectionScoringPlugin.so
[0.561s] -- Up-to-date: /home/user/data/drones_ship_ws/install/aquabot_gz/share/aquabot_gz/launch
[0.561s] -- Up-to-date: /home/user/data/drones_ship_ws/install/aquabot_gz/share/aquabot_gz/launch/system_gazebo_launch.py
[0.562s] -- Up-to-date: /home/user/data/drones_ship_ws/install/aquabot_gz/share/aquabot_gz/launch/system_launch.py
[0.562s] -- Up-to-date: /home/user/data/drones_ship_ws/install/aquabot_gz/share/aquabot_gz/launch/system_rviz_launch.py
[0.562s] -- Up-to-date: /home/user/data/drones_ship_ws/install/aquabot_gz/share/aquabot_gz/launch/Crazyflie_empty_world.launch.py
[0.562s] -- Up-to-date: /home/user/data/drones_ship_ws/install/aquabot_gz/share/aquabot_gz/launch/turbines_launch.py
[0.562s] -- Up-to-date: /home/user/data/drones_ship_ws/install/aquabot_gz/share/aquabot_gz/launch/full_system_launch.py
[0.562s] -- Up-to-date: /home/user/data/drones_ship_ws/install/aquabot_gz/share/aquabot_gz/models
[0.562s] -- Up-to-date: /home/user/data/drones_ship_ws/install/aquabot_gz/share/aquabot_gz/models/aquabot_marker_1_KO
[0.562s] -- Up-to-date: /home/user/data/drones_ship_ws/install/aquabot_gz/share/aquabot_gz/models/aquabot_marker_1_KO/materials
[0.562s] -- Up-to-date: /home/user/data/drones_ship_ws/install/aquabot_gz/share/aquabot_gz/models/aquabot_marker_1_KO/materials/textures
[0.562s] -- Up-to-date: /home/user/data/drones_ship_ws/install/aquabot_gz/share/aquabot_gz/models/aquabot_marker_1_KO/materials/textures/aquabot_marker_1_KO.png
[0.562s] -- Up-to-date: /home/user/data/drones_ship_ws/install/aquabot_gz/share/aquabot_gz/models/aquabot_marker_1_KO/materials/textures/Marker0.png
[0.563s] -- Up-to-date: /home/user/data/drones_ship_ws/install/aquabot_gz/share/aquabot_gz/models/aquabot_marker_1_KO/model.sdf
[0.563s] -- Up-to-date: /home/user/data/drones_ship_ws/install/aquabot_gz/share/aquabot_gz/models/aquabot_marker_1_KO/meshes
[0.563s] -- Up-to-date: /home/user/data/drones_ship_ws/install/aquabot_gz/share/aquabot_gz/models/aquabot_marker_1_KO/meshes/Marker0.dae
[0.563s] -- Up-to-date: /home/user/data/drones_ship_ws/install/aquabot_gz/share/aquabot_gz/models/aquabot_marker_1_KO/model.config
[0.563s] -- Up-to-date: /home/user/data/drones_ship_ws/install/aquabot_gz/share/aquabot_gz/models/aquabot_windturbine_rotor
[0.563s] -- Up-to-date: /home/user/data/drones_ship_ws/install/aquabot_gz/share/aquabot_gz/models/aquabot_windturbine_rotor/mesh
[0.563s] -- Up-to-date: /home/user/data/drones_ship_ws/install/aquabot_gz/share/aquabot_gz/models/aquabot_windturbine_rotor/mesh/rotor.dae
[0.563s] -- Up-to-date: /home/user/data/drones_ship_ws/install/aquabot_gz/share/aquabot_gz/models/aquabot_windturbine_rotor/model.sdf
[0.563s] -- Up-to-date: /home/user/data/drones_ship_ws/install/aquabot_gz/share/aquabot_gz/models/aquabot_windturbine_rotor/model.config
[0.563s] -- Up-to-date: /home/user/data/drones_ship_ws/install/aquabot_gz/share/aquabot_gz/models/aquabot_marker_7_KO
[0.564s] -- Up-to-date: /home/user/data/drones_ship_ws/install/aquabot_gz/share/aquabot_gz/models/aquabot_marker_7_KO/materials
[0.564s] -- Up-to-date: /home/user/data/drones_ship_ws/install/aquabot_gz/share/aquabot_gz/models/aquabot_marker_7_KO/materials/textures
[0.564s] -- Up-to-date: /home/user/data/drones_ship_ws/install/aquabot_gz/share/aquabot_gz/models/aquabot_marker_7_KO/materials/textures/aquabot_marker_7_KO.png
[0.564s] -- Up-to-date: /home/user/data/drones_ship_ws/install/aquabot_gz/share/aquabot_gz/models/aquabot_marker_7_KO/materials/textures/Marker0.png
[0.564s] -- Up-to-date: /home/user/data/drones_ship_ws/install/aquabot_gz/share/aquabot_gz/models/aquabot_marker_7_KO/model.sdf
[0.564s] -- Up-to-date: /home/user/data/drones_ship_ws/install/aquabot_gz/share/aquabot_gz/models/aquabot_marker_7_KO/meshes
[0.564s] -- Up-to-date: /home/user/data/drones_ship_ws/install/aquabot_gz/share/aquabot_gz/models/aquabot_marker_7_KO/meshes/Marker0.dae
[0.564s] -- Up-to-date: /home/user/data/drones_ship_ws/install/aquabot_gz/share/aquabot_gz/models/aquabot_marker_7_KO/model.config
[0.564s] -- Up-to-date: /home/user/data/drones_ship_ws/install/aquabot_gz/share/aquabot_gz/models/aquabot_greenboat
[0.564s] -- Up-to-date: /home/user/data/drones_ship_ws/install/aquabot_gz/share/aquabot_gz/models/aquabot_greenboat/mesh
[0.564s] -- Up-to-date: /home/user/data/drones_ship_ws/install/aquabot_gz/share/aquabot_gz/models/aquabot_greenboat/mesh/greenboat.dae
[0.565s] -- Up-to-date: /home/user/data/drones_ship_ws/install/aquabot_gz/share/aquabot_gz/models/aquabot_greenboat/model.sdf
[0.565s] -- Up-to-date: /home/user/data/drones_ship_ws/install/aquabot_gz/share/aquabot_gz/models/aquabot_greenboat/model.config
[0.565s] -- Up-to-date: /home/user/data/drones_ship_ws/install/aquabot_gz/share/aquabot_gz/models/aquabot_marker_9_KO
[0.565s] -- Up-to-date: /home/user/data/drones_ship_ws/install/aquabot_gz/share/aquabot_gz/models/aquabot_marker_9_KO/materials
[0.565s] -- Up-to-date: /home/user/data/drones_ship_ws/install/aquabot_gz/share/aquabot_gz/models/aquabot_marker_9_KO/materials/textures
[0.565s] -- Up-to-date: /home/user/data/drones_ship_ws/install/aquabot_gz/share/aquabot_gz/models/aquabot_marker_9_KO/materials/textures/Marker0.png
[0.565s] -- Up-to-date: /home/user/data/drones_ship_ws/install/aquabot_gz/share/aquabot_gz/models/aquabot_marker_9_KO/materials/textures/aquabot_marker_9_KO.png
[0.565s] -- Up-to-date: /home/user/data/drones_ship_ws/install/aquabot_gz/share/aquabot_gz/models/aquabot_marker_9_KO/model.sdf
[0.565s] -- Up-to-date: /home/user/data/drones_ship_ws/install/aquabot_gz/share/aquabot_gz/models/aquabot_marker_9_KO/meshes
[0.565s] -- Up-to-date: /home/user/data/drones_ship_ws/install/aquabot_gz/share/aquabot_gz/models/aquabot_marker_9_KO/meshes/Marker0.dae
[0.565s] -- Up-to-date: /home/user/data/drones_ship_ws/install/aquabot_gz/share/aquabot_gz/models/aquabot_marker_9_KO/model.config
[0.566s] -- Up-to-date: /home/user/data/drones_ship_ws/install/aquabot_gz/share/aquabot_gz/models/aquabot_lighthouse_island
[0.566s] -- Up-to-date: /home/user/data/drones_ship_ws/install/aquabot_gz/share/aquabot_gz/models/aquabot_lighthouse_island/model.sdf
[0.566s] -- Up-to-date: /home/user/data/drones_ship_ws/install/aquabot_gz/share/aquabot_gz/models/aquabot_lighthouse_island/model.config
[0.566s] -- Up-to-date: /home/user/data/drones_ship_ws/install/aquabot_gz/share/aquabot_gz/models/aquabot_rock_island_1
[0.566s] -- Up-to-date: /home/user/data/drones_ship_ws/install/aquabot_gz/share/aquabot_gz/models/aquabot_rock_island_1/model.sdf
[0.566s] -- Up-to-date: /home/user/data/drones_ship_ws/install/aquabot_gz/share/aquabot_gz/models/aquabot_rock_island_1/model.config
[0.566s] -- Up-to-date: /home/user/data/drones_ship_ws/install/aquabot_gz/share/aquabot_gz/models/crazyflie
[0.566s] -- Up-to-date: /home/user/data/drones_ship_ws/install/aquabot_gz/share/aquabot_gz/models/crazyflie/gazebo
[0.566s] -- Up-to-date: /home/user/data/drones_ship_ws/install/aquabot_gz/share/aquabot_gz/models/crazyflie/gazebo/crazyflie
[0.566s] -- Up-to-date: /home/user/data/drones_ship_ws/install/aquabot_gz/share/aquabot_gz/models/crazyflie/gazebo/crazyflie/drone1.sdf
[0.566s] -- Up-to-date: /home/user/data/drones_ship_ws/install/aquabot_gz/share/aquabot_gz/models/crazyflie/gazebo/crazyflie/drone3.sdf
[0.567s] -- Up-to-date: /home/user/data/drones_ship_ws/install/aquabot_gz/share/aquabot_gz/models/crazyflie/gazebo/crazyflie/model.sdf
[0.567s] -- Up-to-date: /home/user/data/drones_ship_ws/install/aquabot_gz/share/aquabot_gz/models/crazyflie/gazebo/crazyflie/drone1.config
[0.567s] -- Up-to-date: /home/user/data/drones_ship_ws/install/aquabot_gz/share/aquabot_gz/models/crazyflie/gazebo/crazyflie/model.config
[0.567s] -- Up-to-date: /home/user/data/drones_ship_ws/install/aquabot_gz/share/aquabot_gz/models/crazyflie/gazebo/crazyflie/drone3.config
[0.567s] -- Up-to-date: /home/user/data/drones_ship_ws/install/aquabot_gz/share/aquabot_gz/models/crazyflie/gazebo/crazyflie/drone2.sdf
[0.567s] -- Up-to-date: /home/user/data/drones_ship_ws/install/aquabot_gz/share/aquabot_gz/models/crazyflie/gazebo/crazyflie/drone2.config
[0.567s] -- Up-to-date: /home/user/data/drones_ship_ws/install/aquabot_gz/share/aquabot_gz/models/crazyflie/rviz
[0.567s] -- Up-to-date: /home/user/data/drones_ship_ws/install/aquabot_gz/share/aquabot_gz/models/crazyflie/rviz/urdf
[0.567s] -- Up-to-date: /home/user/data/drones_ship_ws/install/aquabot_gz/share/aquabot_gz/models/crazyflie/rviz/urdf/crazyflie.urdf.xacro
[0.567s] -- Up-to-date: /home/user/data/drones_ship_ws/install/aquabot_gz/share/aquabot_gz/models/crazyflie/rviz/urdf/drone1.urdf.xacro
[0.568s] -- Up-to-date: /home/user/data/drones_ship_ws/install/aquabot_gz/share/aquabot_gz/models/crazyflie/rviz/urdf/crazyflie2.urdf.xacro
[0.568s] -- Up-to-date: /home/user/data/drones_ship_ws/install/aquabot_gz/share/aquabot_gz/models/crazyflie/rviz/urdf/drone2.urdf.xacro
[0.568s] -- Up-to-date: /home/user/data/drones_ship_ws/install/aquabot_gz/share/aquabot_gz/models/crazyflie/rviz/urdf/drone3.urdf.xacro
[0.568s] -- Up-to-date: /home/user/data/drones_ship_ws/install/aquabot_gz/share/aquabot_gz/models/aquabot_marker_8_KO
[0.568s] -- Up-to-date: /home/user/data/drones_ship_ws/install/aquabot_gz/share/aquabot_gz/models/aquabot_marker_8_KO/materials
[0.568s] -- Up-to-date: /home/user/data/drones_ship_ws/install/aquabot_gz/share/aquabot_gz/models/aquabot_marker_8_KO/materials/textures
[0.568s] -- Up-to-date: /home/user/data/drones_ship_ws/install/aquabot_gz/share/aquabot_gz/models/aquabot_marker_8_KO/materials/textures/Marker0.png
[0.568s] -- Up-to-date: /home/user/data/drones_ship_ws/install/aquabot_gz/share/aquabot_gz/models/aquabot_marker_8_KO/materials/textures/aquabot_marker_8_KO.png
[0.568s] -- Up-to-date: /home/user/data/drones_ship_ws/install/aquabot_gz/share/aquabot_gz/models/aquabot_marker_8_KO/model.sdf
[0.568s] -- Up-to-date: /home/user/data/drones_ship_ws/install/aquabot_gz/share/aquabot_gz/models/aquabot_marker_8_KO/meshes
[0.568s] -- Up-to-date: /home/user/data/drones_ship_ws/install/aquabot_gz/share/aquabot_gz/models/aquabot_marker_8_KO/meshes/Marker0.dae
[0.569s] -- Up-to-date: /home/user/data/drones_ship_ws/install/aquabot_gz/share/aquabot_gz/models/aquabot_marker_8_KO/model.config
[0.569s] -- Up-to-date: /home/user/data/drones_ship_ws/install/aquabot_gz/share/aquabot_gz/models/coast_waves
[0.569s] -- Up-to-date: /home/user/data/drones_ship_ws/install/aquabot_gz/share/aquabot_gz/models/coast_waves/materials
[0.569s] -- Up-to-date: /home/user/data/drones_ship_ws/install/aquabot_gz/share/aquabot_gz/models/coast_waves/materials/textures
[0.569s] -- Up-to-date: /home/user/data/drones_ship_ws/install/aquabot_gz/share/aquabot_gz/models/coast_waves/materials/textures/skybox_lowres.dds
[0.569s] -- Up-to-date: /home/user/data/drones_ship_ws/install/aquabot_gz/share/aquabot_gz/models/coast_waves/materials/textures/wave_normals.dds
[0.569s] -- Up-to-date: /home/user/data/drones_ship_ws/install/aquabot_gz/share/aquabot_gz/models/coast_waves/materials/programs
[0.569s] -- Up-to-date: /home/user/data/drones_ship_ws/install/aquabot_gz/share/aquabot_gz/models/coast_waves/materials/programs/GerstnerWaves_fs_330.glsl
[0.569s] -- Up-to-date: /home/user/data/drones_ship_ws/install/aquabot_gz/share/aquabot_gz/models/coast_waves/materials/programs/GerstnerWaves_vs_330.glsl
[0.569s] -- Up-to-date: /home/user/data/drones_ship_ws/install/aquabot_gz/share/aquabot_gz/models/coast_waves/model.sdf
[0.569s] -- Up-to-date: /home/user/data/drones_ship_ws/install/aquabot_gz/share/aquabot_gz/models/coast_waves/meshes
[0.570s] -- Up-to-date: /home/user/data/drones_ship_ws/install/aquabot_gz/share/aquabot_gz/models/coast_waves/meshes/waterlow.dae
[0.570s] -- Up-to-date: /home/user/data/drones_ship_ws/install/aquabot_gz/share/aquabot_gz/models/coast_waves/model.config
[0.570s] -- Up-to-date: /home/user/data/drones_ship_ws/install/aquabot_gz/share/aquabot_gz/models/aquabot_grass
[0.570s] -- Up-to-date: /home/user/data/drones_ship_ws/install/aquabot_gz/share/aquabot_gz/models/aquabot_grass/mesh
[0.570s] -- Up-to-date: /home/user/data/drones_ship_ws/install/aquabot_gz/share/aquabot_gz/models/aquabot_grass/mesh/grass.dae
[0.570s] -- Up-to-date: /home/user/data/drones_ship_ws/install/aquabot_gz/share/aquabot_gz/models/aquabot_grass/model.sdf
[0.570s] -- Up-to-date: /home/user/data/drones_ship_ws/install/aquabot_gz/share/aquabot_gz/models/aquabot_grass/model.config
[0.570s] -- Up-to-date: /home/user/data/drones_ship_ws/install/aquabot_gz/share/aquabot_gz/models/models2
[0.570s] -- Up-to-date: /home/user/data/drones_ship_ws/install/aquabot_gz/share/aquabot_gz/models/models2/crazyflie
[0.570s] -- Up-to-date: /home/user/data/drones_ship_ws/install/aquabot_gz/share/aquabot_gz/models/models2/crazyflie/model.sdf
[0.570s] -- Up-to-date: /home/user/data/drones_ship_ws/install/aquabot_gz/share/aquabot_gz/models/models2/crazyflie/meshes
[0.571s] -- Up-to-date: /home/user/data/drones_ship_ws/install/aquabot_gz/share/aquabot_gz/models/models2/crazyflie/meshes/cw_prop.dae
[0.571s] -- Up-to-date: /home/user/data/drones_ship_ws/install/aquabot_gz/share/aquabot_gz/models/models2/crazyflie/meshes/cf2_assembly.dae
[0.571s] -- Up-to-date: /home/user/data/drones_ship_ws/install/aquabot_gz/share/aquabot_gz/models/models2/crazyflie/meshes/ccw_prop.dae
[0.571s] -- Up-to-date: /home/user/data/drones_ship_ws/install/aquabot_gz/share/aquabot_gz/models/models2/crazyflie/model.config
[0.571s] -- Up-to-date: /home/user/data/drones_ship_ws/install/aquabot_gz/share/aquabot_gz/models/models2/crazy2fly_base
[0.571s] -- Up-to-date: /home/user/data/drones_ship_ws/install/aquabot_gz/share/aquabot_gz/models/models2/crazy2fly_base/model.sdf
[0.571s] -- Up-to-date: /home/user/data/drones_ship_ws/install/aquabot_gz/share/aquabot_gz/models/models2/crazy2fly_base/urdf
[0.571s] -- Up-to-date: /home/user/data/drones_ship_ws/install/aquabot_gz/share/aquabot_gz/models/models2/crazy2fly_base/urdf/crazy2fly_base.urdf.xacro
[0.571s] -- Up-to-date: /home/user/data/drones_ship_ws/install/aquabot_gz/share/aquabot_gz/models/models2/crazy2fly_base/urdf/rpi5.xacro
[0.571s] -- Up-to-date: /home/user/data/drones_ship_ws/install/aquabot_gz/share/aquabot_gz/models/models2/crazy2fly_base/urdf/c2f_propeller.xacro
[0.571s] -- Up-to-date: /home/user/data/drones_ship_ws/install/aquabot_gz/share/aquabot_gz/models/models2/crazy2fly_base/urdf/inertia.xacro
[0.572s] -- Up-to-date: /home/user/data/drones_ship_ws/install/aquabot_gz/share/aquabot_gz/models/models2/crazy2fly_base/urdf/c2f_materials.xacro
[0.572s] -- Up-to-date: /home/user/data/drones_ship_ws/install/aquabot_gz/share/aquabot_gz/models/models2/crazy2fly_base/urdf/c2f_frame.xacro
[0.572s] -- Up-to-date: /home/user/data/drones_ship_ws/install/aquabot_gz/share/aquabot_gz/models/models2/crazy2fly_base/urdf/c2f_motor.xacro
[0.572s] -- Up-to-date: /home/user/data/drones_ship_ws/install/aquabot_gz/share/aquabot_gz/models/models2/crazy2fly_base/urdf/c2f_battery.xacro
[0.572s] -- Up-to-date: /home/user/data/drones_ship_ws/install/aquabot_gz/share/aquabot_gz/models/models2/crazy2fly_base/urdf/pixhawk5X.xacro
[0.572s] -- Up-to-date: /home/user/data/drones_ship_ws/install/aquabot_gz/share/aquabot_gz/models/models2/crazy2fly_base/meshes
[0.572s] -- Up-to-date: /home/user/data/drones_ship_ws/install/aquabot_gz/share/aquabot_gz/models/models2/crazy2fly_base/meshes/pixhawk5X.obj
[0.572s] -- Up-to-date: /home/user/data/drones_ship_ws/install/aquabot_gz/share/aquabot_gz/models/models2/crazy2fly_base/meshes/raspberryPi5.obj
[0.572s] -- Up-to-date: /home/user/data/drones_ship_ws/install/aquabot_gz/share/aquabot_gz/models/models2/crazy2fly_base/meshes/pixhawk5X.mtl
[0.572s] -- Up-to-date: /home/user/data/drones_ship_ws/install/aquabot_gz/share/aquabot_gz/models/models2/crazy2fly_base/meshes/crazy2fly_body.dae
[0.572s] -- Up-to-date: /home/user/data/drones_ship_ws/install/aquabot_gz/share/aquabot_gz/models/models2/crazy2fly_base/meshes/propeller_8x4_CCW.mtl
[0.573s] -- Up-to-date: /home/user/data/drones_ship_ws/install/aquabot_gz/share/aquabot_gz/models/models2/crazy2fly_base/meshes/prop_ccw.dae
[0.573s] -- Up-to-date: /home/user/data/drones_ship_ws/install/aquabot_gz/share/aquabot_gz/models/models2/crazy2fly_base/meshes/c2f_frame.obj
[0.573s] -- Up-to-date: /home/user/data/drones_ship_ws/install/aquabot_gz/share/aquabot_gz/models/models2/crazy2fly_base/meshes/c2f_motor.mtl
[0.573s] -- Up-to-date: /home/user/data/drones_ship_ws/install/aquabot_gz/share/aquabot_gz/models/models2/crazy2fly_base/meshes/propeller_8x4_CCW.obj
[0.573s] -- Up-to-date: /home/user/data/drones_ship_ws/install/aquabot_gz/share/aquabot_gz/models/models2/crazy2fly_base/meshes/propeller_8x4_CW.mtl
[0.573s] -- Up-to-date: /home/user/data/drones_ship_ws/install/aquabot_gz/share/aquabot_gz/models/models2/crazy2fly_base/meshes/colored_c2f_full.dae
[0.573s] -- Up-to-date: /home/user/data/drones_ship_ws/install/aquabot_gz/share/aquabot_gz/models/models2/crazy2fly_base/meshes/c2f_motor.obj
[0.573s] -- Up-to-date: /home/user/data/drones_ship_ws/install/aquabot_gz/share/aquabot_gz/models/models2/crazy2fly_base/meshes/c2f_frame.mtl
[0.573s] -- Up-to-date: /home/user/data/drones_ship_ws/install/aquabot_gz/share/aquabot_gz/models/models2/crazy2fly_base/meshes/raspberryPi5.mtl
[0.573s] -- Up-to-date: /home/user/data/drones_ship_ws/install/aquabot_gz/share/aquabot_gz/models/models2/crazy2fly_base/meshes/propeller_8x4_CW.obj
[0.574s] -- Up-to-date: /home/user/data/drones_ship_ws/install/aquabot_gz/share/aquabot_gz/models/models2/crazy2fly_base/meshes/prop_cw.dae
[0.574s] -- Up-to-date: /home/user/data/drones_ship_ws/install/aquabot_gz/share/aquabot_gz/models/models2/crazy2fly_base/model.config
[0.574s] -- Up-to-date: /home/user/data/drones_ship_ws/install/aquabot_gz/share/aquabot_gz/models/models2/crazy2fly
[0.574s] -- Up-to-date: /home/user/data/drones_ship_ws/install/aquabot_gz/share/aquabot_gz/models/models2/crazy2fly/model.sdf
[0.574s] -- Up-to-date: /home/user/data/drones_ship_ws/install/aquabot_gz/share/aquabot_gz/models/models2/crazy2fly/urdf
[0.574s] -- Up-to-date: /home/user/data/drones_ship_ws/install/aquabot_gz/share/aquabot_gz/models/models2/crazy2fly/urdf/crazy2fly.urdf.xacro
[0.574s] -- Up-to-date: /home/user/data/drones_ship_ws/install/aquabot_gz/share/aquabot_gz/models/models2/crazy2fly/model.config
[0.574s] -- Up-to-date: /home/user/data/drones_ship_ws/install/aquabot_gz/share/aquabot_gz/models/aquabot_island
[0.574s] -- Up-to-date: /home/user/data/drones_ship_ws/install/aquabot_gz/share/aquabot_gz/models/aquabot_island/model.sdf
[0.575s] -- Up-to-date: /home/user/data/drones_ship_ws/install/aquabot_gz/share/aquabot_gz/models/aquabot_island/model.config
[0.575s] -- Up-to-date: /home/user/data/drones_ship_ws/install/aquabot_gz/share/aquabot_gz/models/aquabot_regatta_no_obstacles_world
[0.575s] -- Up-to-date: /home/user/data/drones_ship_ws/install/aquabot_gz/share/aquabot_gz/models/aquabot_regatta_no_obstacles_world/model.sdf
[0.575s] -- Up-to-date: /home/user/data/drones_ship_ws/install/aquabot_gz/share/aquabot_gz/models/aquabot_regatta_no_obstacles_world/model.config
[0.575s] -- Up-to-date: /home/user/data/drones_ship_ws/install/aquabot_gz/share/aquabot_gz/models/aquabot_marker_4_KO
[0.575s] -- Up-to-date: /home/user/data/drones_ship_ws/install/aquabot_gz/share/aquabot_gz/models/aquabot_marker_4_KO/materials
[0.575s] -- Up-to-date: /home/user/data/drones_ship_ws/install/aquabot_gz/share/aquabot_gz/models/aquabot_marker_4_KO/materials/textures
[0.575s] -- Up-to-date: /home/user/data/drones_ship_ws/install/aquabot_gz/share/aquabot_gz/models/aquabot_marker_4_KO/materials/textures/aquabot_marker_4_KO.png
[0.575s] -- Up-to-date: /home/user/data/drones_ship_ws/install/aquabot_gz/share/aquabot_gz/models/aquabot_marker_4_KO/materials/textures/Marker0.png
[0.575s] -- Up-to-date: /home/user/data/drones_ship_ws/install/aquabot_gz/share/aquabot_gz/models/aquabot_marker_4_KO/model.sdf
[0.576s] -- Up-to-date: /home/user/data/drones_ship_ws/install/aquabot_gz/share/aquabot_gz/models/aquabot_marker_4_KO/meshes
[0.576s] -- Up-to-date: /home/user/data/drones_ship_ws/install/aquabot_gz/share/aquabot_gz/models/aquabot_marker_4_KO/meshes/Marker0.dae
[0.576s] -- Up-to-date: /home/user/data/drones_ship_ws/install/aquabot_gz/share/aquabot_gz/models/aquabot_marker_4_KO/model.config
[0.576s] -- Up-to-date: /home/user/data/drones_ship_ws/install/aquabot_gz/share/aquabot_gz/models/aquabot_marker_2_OK
[0.576s] -- Up-to-date: /home/user/data/drones_ship_ws/install/aquabot_gz/share/aquabot_gz/models/aquabot_marker_2_OK/materials
[0.576s] -- Up-to-date: /home/user/data/drones_ship_ws/install/aquabot_gz/share/aquabot_gz/models/aquabot_marker_2_OK/materials/textures
[0.576s] -- Up-to-date: /home/user/data/drones_ship_ws/install/aquabot_gz/share/aquabot_gz/models/aquabot_marker_2_OK/materials/textures/aquabot_marker_2_OK.png
[0.576s] -- Up-to-date: /home/user/data/drones_ship_ws/install/aquabot_gz/share/aquabot_gz/models/aquabot_marker_2_OK/materials/textures/Marker0.png
[0.576s] -- Up-to-date: /home/user/data/drones_ship_ws/install/aquabot_gz/share/aquabot_gz/models/aquabot_marker_2_OK/model.sdf
[0.576s] -- Up-to-date: /home/user/data/drones_ship_ws/install/aquabot_gz/share/aquabot_gz/models/aquabot_marker_2_OK/meshes
[0.576s] -- Up-to-date: /home/user/data/drones_ship_ws/install/aquabot_gz/share/aquabot_gz/models/aquabot_marker_2_OK/meshes/Marker0.dae
[0.577s] -- Up-to-date: /home/user/data/drones_ship_ws/install/aquabot_gz/share/aquabot_gz/models/aquabot_marker_2_OK/model.config
[0.577s] -- Up-to-date: /home/user/data/drones_ship_ws/install/aquabot_gz/share/aquabot_gz/models/aquabot_marker_2_KO
[0.577s] -- Up-to-date: /home/user/data/drones_ship_ws/install/aquabot_gz/share/aquabot_gz/models/aquabot_marker_2_KO/materials
[0.577s] -- Up-to-date: /home/user/data/drones_ship_ws/install/aquabot_gz/share/aquabot_gz/models/aquabot_marker_2_KO/materials/textures
[0.577s] -- Up-to-date: /home/user/data/drones_ship_ws/install/aquabot_gz/share/aquabot_gz/models/aquabot_marker_2_KO/materials/textures/aquabot_marker_2_KO.png
[0.577s] -- Up-to-date: /home/user/data/drones_ship_ws/install/aquabot_gz/share/aquabot_gz/models/aquabot_marker_2_KO/materials/textures/Marker0.png
[0.577s] -- Up-to-date: /home/user/data/drones_ship_ws/install/aquabot_gz/share/aquabot_gz/models/aquabot_marker_2_KO/model.sdf
[0.577s] -- Up-to-date: /home/user/data/drones_ship_ws/install/aquabot_gz/share/aquabot_gz/models/aquabot_marker_2_KO/meshes
[0.577s] -- Up-to-date: /home/user/data/drones_ship_ws/install/aquabot_gz/share/aquabot_gz/models/aquabot_marker_2_KO/meshes/Marker0.dae
[0.577s] -- Up-to-date: /home/user/data/drones_ship_ws/install/aquabot_gz/share/aquabot_gz/models/aquabot_marker_2_KO/model.config
[0.578s] -- Up-to-date: /home/user/data/drones_ship_ws/install/aquabot_gz/share/aquabot_gz/models/aquabot_sapling
[0.578s] -- Up-to-date: /home/user/data/drones_ship_ws/install/aquabot_gz/share/aquabot_gz/models/aquabot_sapling/mesh
[0.578s] -- Up-to-date: /home/user/data/drones_ship_ws/install/aquabot_gz/share/aquabot_gz/models/aquabot_sapling/mesh/sapling.dae
[0.578s] -- Up-to-date: /home/user/data/drones_ship_ws/install/aquabot_gz/share/aquabot_gz/models/aquabot_sapling/model.sdf
[0.578s] -- Up-to-date: /home/user/data/drones_ship_ws/install/aquabot_gz/share/aquabot_gz/models/aquabot_sapling/model.config
[0.578s] -- Up-to-date: /home/user/data/drones_ship_ws/install/aquabot_gz/share/aquabot_gz/models/aquabot_marker_4_OK
[0.578s] -- Up-to-date: /home/user/data/drones_ship_ws/install/aquabot_gz/share/aquabot_gz/models/aquabot_marker_4_OK/materials
[0.578s] -- Up-to-date: /home/user/data/drones_ship_ws/install/aquabot_gz/share/aquabot_gz/models/aquabot_marker_4_OK/materials/textures
[0.578s] -- Up-to-date: /home/user/data/drones_ship_ws/install/aquabot_gz/share/aquabot_gz/models/aquabot_marker_4_OK/materials/textures/aquabot_marker_4_OK.png
[0.578s] -- Up-to-date: /home/user/data/drones_ship_ws/install/aquabot_gz/share/aquabot_gz/models/aquabot_marker_4_OK/materials/textures/Marker0.png
[0.578s] -- Up-to-date: /home/user/data/drones_ship_ws/install/aquabot_gz/share/aquabot_gz/models/aquabot_marker_4_OK/model.sdf
[0.579s] -- Up-to-date: /home/user/data/drones_ship_ws/install/aquabot_gz/share/aquabot_gz/models/aquabot_marker_4_OK/meshes
[0.579s] -- Up-to-date: /home/user/data/drones_ship_ws/install/aquabot_gz/share/aquabot_gz/models/aquabot_marker_4_OK/meshes/Marker0.dae
[0.579s] -- Up-to-date: /home/user/data/drones_ship_ws/install/aquabot_gz/share/aquabot_gz/models/aquabot_marker_4_OK/model.config
[0.579s] -- Up-to-date: /home/user/data/drones_ship_ws/install/aquabot_gz/share/aquabot_gz/models/aquabot_sonar_buoy
[0.579s] -- Up-to-date: /home/user/data/drones_ship_ws/install/aquabot_gz/share/aquabot_gz/models/aquabot_sonar_buoy/mesh
[0.579s] -- Up-to-date: /home/user/data/drones_ship_ws/install/aquabot_gz/share/aquabot_gz/models/aquabot_sonar_buoy/mesh/sonar_buoy.dae
[0.579s] -- Up-to-date: /home/user/data/drones_ship_ws/install/aquabot_gz/share/aquabot_gz/models/aquabot_sonar_buoy/model.sdf
[0.579s] -- Up-to-date: /home/user/data/drones_ship_ws/install/aquabot_gz/share/aquabot_gz/models/aquabot_sonar_buoy/model.config
[0.579s] -- Up-to-date: /home/user/data/drones_ship_ws/install/aquabot_gz/share/aquabot_gz/models/aquabot_rock
[0.579s] -- Up-to-date: /home/user/data/drones_ship_ws/install/aquabot_gz/share/aquabot_gz/models/aquabot_rock/mesh
[0.579s] -- Up-to-date: /home/user/data/drones_ship_ws/install/aquabot_gz/share/aquabot_gz/models/aquabot_rock/mesh/rock.dae
[0.580s] -- Up-to-date: /home/user/data/drones_ship_ws/install/aquabot_gz/share/aquabot_gz/models/aquabot_rock/model.sdf
[0.580s] -- Up-to-date: /home/user/data/drones_ship_ws/install/aquabot_gz/share/aquabot_gz/models/aquabot_rock/model.config
[0.580s] -- Up-to-date: /home/user/data/drones_ship_ws/install/aquabot_gz/share/aquabot_gz/models/aquabot_marker_8_OK
[0.580s] -- Up-to-date: /home/user/data/drones_ship_ws/install/aquabot_gz/share/aquabot_gz/models/aquabot_marker_8_OK/materials
[0.580s] -- Up-to-date: /home/user/data/drones_ship_ws/install/aquabot_gz/share/aquabot_gz/models/aquabot_marker_8_OK/materials/textures
[0.580s] -- Up-to-date: /home/user/data/drones_ship_ws/install/aquabot_gz/share/aquabot_gz/models/aquabot_marker_8_OK/materials/textures/Marker0.png
[0.580s] -- Up-to-date: /home/user/data/drones_ship_ws/install/aquabot_gz/share/aquabot_gz/models/aquabot_marker_8_OK/materials/textures/aquabot_marker_8_OK.png
[0.580s] -- Up-to-date: /home/user/data/drones_ship_ws/install/aquabot_gz/share/aquabot_gz/models/aquabot_marker_8_OK/model.sdf
[0.580s] -- Up-to-date: /home/user/data/drones_ship_ws/install/aquabot_gz/share/aquabot_gz/models/aquabot_marker_8_OK/meshes
[0.581s] -- Up-to-date: /home/user/data/drones_ship_ws/install/aquabot_gz/share/aquabot_gz/models/aquabot_marker_8_OK/meshes/Marker0.dae
[0.581s] -- Up-to-date: /home/user/data/drones_ship_ws/install/aquabot_gz/share/aquabot_gz/models/aquabot_marker_8_OK/model.config
[0.581s] -- Up-to-date: /home/user/data/drones_ship_ws/install/aquabot_gz/share/aquabot_gz/models/aquabot_marker_6_KO
[0.581s] -- Up-to-date: /home/user/data/drones_ship_ws/install/aquabot_gz/share/aquabot_gz/models/aquabot_marker_6_KO/materials
[0.581s] -- Up-to-date: /home/user/data/drones_ship_ws/install/aquabot_gz/share/aquabot_gz/models/aquabot_marker_6_KO/materials/textures
[0.581s] -- Up-to-date: /home/user/data/drones_ship_ws/install/aquabot_gz/share/aquabot_gz/models/aquabot_marker_6_KO/materials/textures/aquabot_marker_6_KO.png
[0.581s] -- Up-to-date: /home/user/data/drones_ship_ws/install/aquabot_gz/share/aquabot_gz/models/aquabot_marker_6_KO/materials/textures/Marker0.png
[0.581s] -- Up-to-date: /home/user/data/drones_ship_ws/install/aquabot_gz/share/aquabot_gz/models/aquabot_marker_6_KO/model.sdf
[0.581s] -- Up-to-date: /home/user/data/drones_ship_ws/install/aquabot_gz/share/aquabot_gz/models/aquabot_marker_6_KO/meshes
[0.581s] -- Up-to-date: /home/user/data/drones_ship_ws/install/aquabot_gz/share/aquabot_gz/models/aquabot_marker_6_KO/meshes/Marker0.dae
[0.581s] -- Up-to-date: /home/user/data/drones_ship_ws/install/aquabot_gz/share/aquabot_gz/models/aquabot_marker_6_KO/model.config
[0.582s] -- Up-to-date: /home/user/data/drones_ship_ws/install/aquabot_gz/share/aquabot_gz/models/aniskm-vessel-e
[0.582s] -- Up-to-date: /home/user/data/drones_ship_ws/install/aquabot_gz/share/aquabot_gz/models/aniskm-vessel-e/1.png
[0.582s] -- Up-to-date: /home/user/data/drones_ship_ws/install/aquabot_gz/share/aquabot_gz/models/aniskm-vessel-e/materials
[0.582s] -- Up-to-date: /home/user/data/drones_ship_ws/install/aquabot_gz/share/aquabot_gz/models/aniskm-vessel-e/materials/textures
[0.582s] -- Up-to-date: /home/user/data/drones_ship_ws/install/aquabot_gz/share/aquabot_gz/models/aniskm-vessel-e/materials/textures/Boat05_Normal.png
[0.582s] -- Up-to-date: /home/user/data/drones_ship_ws/install/aquabot_gz/share/aquabot_gz/models/aniskm-vessel-e/materials/textures/Boat05_Roughness.jpg
[0.582s] -- Up-to-date: /home/user/data/drones_ship_ws/install/aquabot_gz/share/aquabot_gz/models/aniskm-vessel-e/materials/textures/Boat05_Metalness.png
[0.582s] -- Up-to-date: /home/user/data/drones_ship_ws/install/aquabot_gz/share/aquabot_gz/models/aniskm-vessel-e/materials/textures/Boat05_Albedo.jpg
[0.582s] -- Up-to-date: /home/user/data/drones_ship_ws/install/aquabot_gz/share/aquabot_gz/models/aniskm-vessel-e/model.sdf
[0.582s] -- Up-to-date: /home/user/data/drones_ship_ws/install/aquabot_gz/share/aquabot_gz/models/aniskm-vessel-e/meshes
[0.582s] -- Up-to-date: /home/user/data/drones_ship_ws/install/aquabot_gz/share/aquabot_gz/models/aniskm-vessel-e/meshes/Boat05.dae
[0.583s] -- Up-to-date: /home/user/data/drones_ship_ws/install/aquabot_gz/share/aquabot_gz/models/aniskm-vessel-e/model.config
[0.583s] -- Up-to-date: /home/user/data/drones_ship_ws/install/aquabot_gz/share/aquabot_gz/models/aquabot_marker_0_KO
[0.583s] -- Up-to-date: /home/user/data/drones_ship_ws/install/aquabot_gz/share/aquabot_gz/models/aquabot_marker_0_KO/materials
[0.583s] -- Up-to-date: /home/user/data/drones_ship_ws/install/aquabot_gz/share/aquabot_gz/models/aquabot_marker_0_KO/materials/textures
[0.583s] -- Up-to-date: /home/user/data/drones_ship_ws/install/aquabot_gz/share/aquabot_gz/models/aquabot_marker_0_KO/materials/textures/aquabot_marker_0_KO.png
[0.583s] -- Up-to-date: /home/user/data/drones_ship_ws/install/aquabot_gz/share/aquabot_gz/models/aquabot_marker_0_KO/materials/textures/Marker0.png
[0.583s] -- Up-to-date: /home/user/data/drones_ship_ws/install/aquabot_gz/share/aquabot_gz/models/aquabot_marker_0_KO/model.sdf
[0.584s] -- Up-to-date: /home/user/data/drones_ship_ws/install/aquabot_gz/share/aquabot_gz/models/aquabot_marker_0_KO/meshes
[0.584s] -- Up-to-date: /home/user/data/drones_ship_ws/install/aquabot_gz/share/aquabot_gz/models/aquabot_marker_0_KO/meshes/Marker0.dae
[0.584s] -- Up-to-date: /home/user/data/drones_ship_ws/install/aquabot_gz/share/aquabot_gz/models/aquabot_marker_0_KO/model.config
[0.584s] -- Up-to-date: /home/user/data/drones_ship_ws/install/aquabot_gz/share/aquabot_gz/models/aquabot_tree
[0.584s] -- Up-to-date: /home/user/data/drones_ship_ws/install/aquabot_gz/share/aquabot_gz/models/aquabot_tree/mesh
[0.584s] -- Up-to-date: /home/user/data/drones_ship_ws/install/aquabot_gz/share/aquabot_gz/models/aquabot_tree/mesh/tree.dae
[0.584s] -- Up-to-date: /home/user/data/drones_ship_ws/install/aquabot_gz/share/aquabot_gz/models/aquabot_tree/model.sdf
[0.584s] -- Up-to-date: /home/user/data/drones_ship_ws/install/aquabot_gz/share/aquabot_gz/models/aquabot_tree/model.config
[0.584s] -- Up-to-date: /home/user/data/drones_ship_ws/install/aquabot_gz/share/aquabot_gz/models/aquabot_marker_1_OK
[0.584s] -- Up-to-date: /home/user/data/drones_ship_ws/install/aquabot_gz/share/aquabot_gz/models/aquabot_marker_1_OK/materials
[0.585s] -- Up-to-date: /home/user/data/drones_ship_ws/install/aquabot_gz/share/aquabot_gz/models/aquabot_marker_1_OK/materials/textures
[0.585s] -- Up-to-date: /home/user/data/drones_ship_ws/install/aquabot_gz/share/aquabot_gz/models/aquabot_marker_1_OK/materials/textures/aquabot_marker_1_OK.png
[0.585s] -- Up-to-date: /home/user/data/drones_ship_ws/install/aquabot_gz/share/aquabot_gz/models/aquabot_marker_1_OK/materials/textures/Marker0.png
[0.585s] -- Up-to-date: /home/user/data/drones_ship_ws/install/aquabot_gz/share/aquabot_gz/models/aquabot_marker_1_OK/model.sdf
[0.585s] -- Up-to-date: /home/user/data/drones_ship_ws/install/aquabot_gz/share/aquabot_gz/models/aquabot_marker_1_OK/meshes
[0.585s] -- Up-to-date: /home/user/data/drones_ship_ws/install/aquabot_gz/share/aquabot_gz/models/aquabot_marker_1_OK/meshes/Marker0.dae
[0.585s] -- Up-to-date: /home/user/data/drones_ship_ws/install/aquabot_gz/share/aquabot_gz/models/aquabot_marker_1_OK/model.config
[0.585s] -- Up-to-date: /home/user/data/drones_ship_ws/install/aquabot_gz/share/aquabot_gz/models/meshes
[0.585s] -- Up-to-date: /home/user/data/drones_ship_ws/install/aquabot_gz/share/aquabot_gz/models/meshes/blender_files
[0.585s] -- Up-to-date: /home/user/data/drones_ship_ws/install/aquabot_gz/share/aquabot_gz/models/meshes/blender_files/motor_mount.blend
[0.585s] -- Up-to-date: /home/user/data/drones_ship_ws/install/aquabot_gz/share/aquabot_gz/models/meshes/blender_files/cw_prop.blend
[0.586s] -- Up-to-date: /home/user/data/drones_ship_ws/install/aquabot_gz/share/aquabot_gz/models/meshes/blender_files/cf_body.blend
[0.586s] -- Up-to-date: /home/user/data/drones_ship_ws/install/aquabot_gz/share/aquabot_gz/models/meshes/blender_files/cf2_assembly.blend
[0.586s] -- Up-to-date: /home/user/data/drones_ship_ws/install/aquabot_gz/share/aquabot_gz/models/meshes/blender_files/battery_holder.blend
[0.586s] -- Up-to-date: /home/user/data/drones_ship_ws/install/aquabot_gz/share/aquabot_gz/models/meshes/blender_files/battery.blend
[0.586s] -- Up-to-date: /home/user/data/drones_ship_ws/install/aquabot_gz/share/aquabot_gz/models/meshes/blender_files/pin_headers.blend
[0.586s] -- Up-to-date: /home/user/data/drones_ship_ws/install/aquabot_gz/share/aquabot_gz/models/meshes/collada_files
[0.586s] -- Up-to-date: /home/user/data/drones_ship_ws/install/aquabot_gz/share/aquabot_gz/models/meshes/collada_files/cw_prop.dae
[0.586s] -- Up-to-date: /home/user/data/drones_ship_ws/install/aquabot_gz/share/aquabot_gz/models/meshes/collada_files/cf2_assembly.dae
[0.587s] -- Up-to-date: /home/user/data/drones_ship_ws/install/aquabot_gz/share/aquabot_gz/models/meshes/collada_files/ccw_prop.dae
[0.587s] -- Up-to-date: /home/user/data/drones_ship_ws/install/aquabot_gz/share/aquabot_gz/models/meshes/collada_files/cf2_assembly_with_props.dae
[0.587s] -- Up-to-date: /home/user/data/drones_ship_ws/install/aquabot_gz/share/aquabot_gz/models/meshes/stl_files
[0.587s] -- Up-to-date: /home/user/data/drones_ship_ws/install/aquabot_gz/share/aquabot_gz/models/meshes/stl_files/4_motormounts.stl
[0.587s] -- Up-to-date: /home/user/data/drones_ship_ws/install/aquabot_gz/share/aquabot_gz/models/meshes/stl_files/ccw_prop.stl
[0.587s] -- Up-to-date: /home/user/data/drones_ship_ws/install/aquabot_gz/share/aquabot_gz/models/meshes/stl_files/cf_body.stl
[0.587s] -- Up-to-date: /home/user/data/drones_ship_ws/install/aquabot_gz/share/aquabot_gz/models/meshes/stl_files/cw_prop.stl
[0.587s] -- Up-to-date: /home/user/data/drones_ship_ws/install/aquabot_gz/share/aquabot_gz/models/meshes/stl_files/battery.stl
[0.587s] -- Up-to-date: /home/user/data/drones_ship_ws/install/aquabot_gz/share/aquabot_gz/models/meshes/stl_files/pin_headers.stl
[0.587s] -- Up-to-date: /home/user/data/drones_ship_ws/install/aquabot_gz/share/aquabot_gz/models/meshes/stl_files/4_motors.stl
[0.587s] -- Up-to-date: /home/user/data/drones_ship_ws/install/aquabot_gz/share/aquabot_gz/models/meshes/stl_files/motor_mount.stl
[0.588s] -- Up-to-date: /home/user/data/drones_ship_ws/install/aquabot_gz/share/aquabot_gz/models/meshes/stl_files/battery_holder.stl
[0.588s] -- Up-to-date: /home/user/data/drones_ship_ws/install/aquabot_gz/share/aquabot_gz/models/meshes/stl_files/2_pinheaders.stl
[0.588s] -- Up-to-date: /home/user/data/drones_ship_ws/install/aquabot_gz/share/aquabot_gz/models/meshes/stl_files/cf2_assembly.stl
[0.588s] -- Up-to-date: /home/user/data/drones_ship_ws/install/aquabot_gz/share/aquabot_gz/models/meshes/textures
[0.588s] -- Up-to-date: /home/user/data/drones_ship_ws/install/aquabot_gz/share/aquabot_gz/models/meshes/textures/fast_helix.png
[0.588s] -- Up-to-date: /home/user/data/drones_ship_ws/install/aquabot_gz/share/aquabot_gz/models/aquabot_regatta_world
[0.588s] -- Up-to-date: /home/user/data/drones_ship_ws/install/aquabot_gz/share/aquabot_gz/models/aquabot_regatta_world/model.sdf
[0.588s] -- Up-to-date: /home/user/data/drones_ship_ws/install/aquabot_gz/share/aquabot_gz/models/aquabot_regatta_world/model.config
[0.588s] -- Up-to-date: /home/user/data/drones_ship_ws/install/aquabot_gz/share/aquabot_gz/models/aquabot_marker_0_OK
[0.588s] -- Up-to-date: /home/user/data/drones_ship_ws/install/aquabot_gz/share/aquabot_gz/models/aquabot_marker_0_OK/materials
[0.589s] -- Up-to-date: /home/user/data/drones_ship_ws/install/aquabot_gz/share/aquabot_gz/models/aquabot_marker_0_OK/materials/textures
[0.589s] -- Up-to-date: /home/user/data/drones_ship_ws/install/aquabot_gz/share/aquabot_gz/models/aquabot_marker_0_OK/materials/textures/aquabot_marker_0_OK.png
[0.589s] -- Up-to-date: /home/user/data/drones_ship_ws/install/aquabot_gz/share/aquabot_gz/models/aquabot_marker_0_OK/materials/textures/Marker0.png
[0.589s] -- Up-to-date: /home/user/data/drones_ship_ws/install/aquabot_gz/share/aquabot_gz/models/aquabot_marker_0_OK/model.sdf
[0.589s] -- Up-to-date: /home/user/data/drones_ship_ws/install/aquabot_gz/share/aquabot_gz/models/aquabot_marker_0_OK/meshes
[0.589s] -- Up-to-date: /home/user/data/drones_ship_ws/install/aquabot_gz/share/aquabot_gz/models/aquabot_marker_0_OK/meshes/Marker0.dae
[0.589s] -- Up-to-date: /home/user/data/drones_ship_ws/install/aquabot_gz/share/aquabot_gz/models/aquabot_marker_0_OK/model.config
[0.589s] -- Up-to-date: /home/user/data/drones_ship_ws/install/aquabot_gz/share/aquabot_gz/models/aquabot_marker_5_KO
[0.589s] -- Up-to-date: /home/user/data/drones_ship_ws/install/aquabot_gz/share/aquabot_gz/models/aquabot_marker_5_KO/materials
[0.589s] -- Up-to-date: /home/user/data/drones_ship_ws/install/aquabot_gz/share/aquabot_gz/models/aquabot_marker_5_KO/materials/textures
[0.589s] -- Up-to-date: /home/user/data/drones_ship_ws/install/aquabot_gz/share/aquabot_gz/models/aquabot_marker_5_KO/materials/textures/Marker0.png
[0.590s] -- Up-to-date: /home/user/data/drones_ship_ws/install/aquabot_gz/share/aquabot_gz/models/aquabot_marker_5_KO/materials/textures/aquabot_marker_5_KO.png
[0.590s] -- Up-to-date: /home/user/data/drones_ship_ws/install/aquabot_gz/share/aquabot_gz/models/aquabot_marker_5_KO/model.sdf
[0.590s] -- Up-to-date: /home/user/data/drones_ship_ws/install/aquabot_gz/share/aquabot_gz/models/aquabot_marker_5_KO/meshes
[0.590s] -- Up-to-date: /home/user/data/drones_ship_ws/install/aquabot_gz/share/aquabot_gz/models/aquabot_marker_5_KO/meshes/Marker0.dae
[0.590s] -- Up-to-date: /home/user/data/drones_ship_ws/install/aquabot_gz/share/aquabot_gz/models/aquabot_marker_5_KO/model.config
[0.590s] -- Up-to-date: /home/user/data/drones_ship_ws/install/aquabot_gz/share/aquabot_gz/models/aquabot_windturbine_main
[0.590s] -- Up-to-date: /home/user/data/drones_ship_ws/install/aquabot_gz/share/aquabot_gz/models/aquabot_windturbine_main/mesh
[0.591s] -- Up-to-date: /home/user/data/drones_ship_ws/install/aquabot_gz/share/aquabot_gz/models/aquabot_windturbine_main/mesh/main.dae
[0.591s] -- Up-to-date: /home/user/data/drones_ship_ws/install/aquabot_gz/share/aquabot_gz/models/aquabot_windturbine_main/model.sdf
[0.591s] -- Up-to-date: /home/user/data/drones_ship_ws/install/aquabot_gz/share/aquabot_gz/models/aquabot_windturbine_main/model.config
[0.591s] -- Up-to-date: /home/user/data/drones_ship_ws/install/aquabot_gz/share/aquabot_gz/models/iris
[0.591s] -- Up-to-date: /home/user/data/drones_ship_ws/install/aquabot_gz/share/aquabot_gz/models/iris/iris_test_old.sdf
[0.591s] -- Up-to-date: /home/user/data/drones_ship_ws/install/aquabot_gz/share/aquabot_gz/models/iris/iris_test.sdf
[0.591s] -- Up-to-date: /home/user/data/drones_ship_ws/install/aquabot_gz/share/aquabot_gz/models/iris/iris_world.sdf
[0.591s] -- Up-to-date: /home/user/data/drones_ship_ws/install/aquabot_gz/share/aquabot_gz/models/iris/iris.sdf
[0.591s] -- Up-to-date: /home/user/data/drones_ship_ws/install/aquabot_gz/share/aquabot_gz/models/iris/meshes
[0.591s] -- Up-to-date: /home/user/data/drones_ship_ws/install/aquabot_gz/share/aquabot_gz/models/iris/meshes/iris_prop_ccw.dae
[0.591s] -- Up-to-date: /home/user/data/drones_ship_ws/install/aquabot_gz/share/aquabot_gz/models/iris/meshes/iris_prop_cw.dae
[0.592s] -- Up-to-date: /home/user/data/drones_ship_ws/install/aquabot_gz/share/aquabot_gz/models/iris/meshes/iris.stl
[0.592s] -- Up-to-date: /home/user/data/drones_ship_ws/install/aquabot_gz/share/aquabot_gz/models/iris/model.config
[0.592s] -- Up-to-date: /home/user/data/drones_ship_ws/install/aquabot_gz/share/aquabot_gz/models/iris/iris_orig.sdf
[0.592s] -- Up-to-date: /home/user/data/drones_ship_ws/install/aquabot_gz/share/aquabot_gz/models/wamv
[0.592s] -- Up-to-date: /home/user/data/drones_ship_ws/install/aquabot_gz/share/aquabot_gz/models/wamv/wamv.sdf
[0.592s] -- Up-to-date: /home/user/data/drones_ship_ws/install/aquabot_gz/share/aquabot_gz/models/wamv/materials
[0.592s] -- Up-to-date: /home/user/data/drones_ship_ws/install/aquabot_gz/share/aquabot_gz/models/wamv/materials/WAM-V_Normal.png
[0.592s] -- Up-to-date: /home/user/data/drones_ship_ws/install/aquabot_gz/share/aquabot_gz/models/wamv/materials/WAM-V_Roughness.png
[0.592s] -- Up-to-date: /home/user/data/drones_ship_ws/install/aquabot_gz/share/aquabot_gz/models/wamv/materials/WamV.png
[0.592s] -- Up-to-date: /home/user/data/drones_ship_ws/install/aquabot_gz/share/aquabot_gz/models/wamv/materials/WAM-V_Metalness.png
[0.592s] -- Up-to-date: /home/user/data/drones_ship_ws/install/aquabot_gz/share/aquabot_gz/models/wamv/materials/WAM-V_Albedo.png
[0.593s] -- Up-to-date: /home/user/data/drones_ship_ws/install/aquabot_gz/share/aquabot_gz/models/wamv/meshes
[0.593s] -- Up-to-date: /home/user/data/drones_ship_ws/install/aquabot_gz/share/aquabot_gz/models/wamv/meshes/propeller.dae
[0.593s] -- Up-to-date: /home/user/data/drones_ship_ws/install/aquabot_gz/share/aquabot_gz/models/wamv/meshes/engine.dae
[0.593s] -- Up-to-date: /home/user/data/drones_ship_ws/install/aquabot_gz/share/aquabot_gz/models/wamv/meshes/WAMV.dae
[0.593s] -- Up-to-date: /home/user/data/drones_ship_ws/install/aquabot_gz/share/aquabot_gz/models/wamv/model.config
[0.593s] -- Up-to-date: /home/user/data/drones_ship_ws/install/aquabot_gz/share/aquabot_gz/models/aquabot_marker_7_OK
[0.593s] -- Up-to-date: /home/user/data/drones_ship_ws/install/aquabot_gz/share/aquabot_gz/models/aquabot_marker_7_OK/materials
[0.593s] -- Up-to-date: /home/user/data/drones_ship_ws/install/aquabot_gz/share/aquabot_gz/models/aquabot_marker_7_OK/materials/textures
[0.593s] -- Up-to-date: /home/user/data/drones_ship_ws/install/aquabot_gz/share/aquabot_gz/models/aquabot_marker_7_OK/materials/textures/aquabot_marker_7_OK.png
[0.593s] -- Up-to-date: /home/user/data/drones_ship_ws/install/aquabot_gz/share/aquabot_gz/models/aquabot_marker_7_OK/materials/textures/Marker0.png
[0.594s] -- Up-to-date: /home/user/data/drones_ship_ws/install/aquabot_gz/share/aquabot_gz/models/aquabot_marker_7_OK/model.sdf
[0.594s] -- Up-to-date: /home/user/data/drones_ship_ws/install/aquabot_gz/share/aquabot_gz/models/aquabot_marker_7_OK/meshes
[0.594s] -- Up-to-date: /home/user/data/drones_ship_ws/install/aquabot_gz/share/aquabot_gz/models/aquabot_marker_7_OK/meshes/Marker0.dae
[0.594s] -- Up-to-date: /home/user/data/drones_ship_ws/install/aquabot_gz/share/aquabot_gz/models/aquabot_marker_7_OK/model.config
[0.594s] -- Up-to-date: /home/user/data/drones_ship_ws/install/aquabot_gz/share/aquabot_gz/models/aquabot_lighthouse
[0.594s] -- Up-to-date: /home/user/data/drones_ship_ws/install/aquabot_gz/share/aquabot_gz/models/aquabot_lighthouse/mesh
[0.594s] -- Up-to-date: /home/user/data/drones_ship_ws/install/aquabot_gz/share/aquabot_gz/models/aquabot_lighthouse/mesh/lighthouse.dae
[0.594s] -- Up-to-date: /home/user/data/drones_ship_ws/install/aquabot_gz/share/aquabot_gz/models/aquabot_lighthouse/model.sdf
[0.594s] -- Up-to-date: /home/user/data/drones_ship_ws/install/aquabot_gz/share/aquabot_gz/models/aquabot_lighthouse/model.config
[0.594s] -- Up-to-date: /home/user/data/drones_ship_ws/install/aquabot_gz/share/aquabot_gz/models/aquabot_marker_3_KO
[0.594s] -- Up-to-date: /home/user/data/drones_ship_ws/install/aquabot_gz/share/aquabot_gz/models/aquabot_marker_3_KO/materials
[0.595s] -- Up-to-date: /home/user/data/drones_ship_ws/install/aquabot_gz/share/aquabot_gz/models/aquabot_marker_3_KO/materials/textures
[0.595s] -- Up-to-date: /home/user/data/drones_ship_ws/install/aquabot_gz/share/aquabot_gz/models/aquabot_marker_3_KO/materials/textures/aquabot_marker_3_KO.png
[0.595s] -- Up-to-date: /home/user/data/drones_ship_ws/install/aquabot_gz/share/aquabot_gz/models/aquabot_marker_3_KO/materials/textures/Marker0.png
[0.595s] -- Up-to-date: /home/user/data/drones_ship_ws/install/aquabot_gz/share/aquabot_gz/models/aquabot_marker_3_KO/model.sdf
[0.595s] -- Up-to-date: /home/user/data/drones_ship_ws/install/aquabot_gz/share/aquabot_gz/models/aquabot_marker_3_KO/meshes
[0.595s] -- Up-to-date: /home/user/data/drones_ship_ws/install/aquabot_gz/share/aquabot_gz/models/aquabot_marker_3_KO/meshes/Marker0.dae
[0.595s] -- Up-to-date: /home/user/data/drones_ship_ws/install/aquabot_gz/share/aquabot_gz/models/aquabot_marker_3_KO/model.config
[0.595s] -- Up-to-date: /home/user/data/drones_ship_ws/install/aquabot_gz/share/aquabot_gz/models/aquabot_marker_3_OK
[0.595s] -- Up-to-date: /home/user/data/drones_ship_ws/install/aquabot_gz/share/aquabot_gz/models/aquabot_marker_3_OK/materials
[0.595s] -- Up-to-date: /home/user/data/drones_ship_ws/install/aquabot_gz/share/aquabot_gz/models/aquabot_marker_3_OK/materials/textures
[0.596s] -- Up-to-date: /home/user/data/drones_ship_ws/install/aquabot_gz/share/aquabot_gz/models/aquabot_marker_3_OK/materials/textures/aquabot_marker_3_OK.png
[0.596s] -- Up-to-date: /home/user/data/drones_ship_ws/install/aquabot_gz/share/aquabot_gz/models/aquabot_marker_3_OK/materials/textures/Marker0.png
[0.596s] -- Up-to-date: /home/user/data/drones_ship_ws/install/aquabot_gz/share/aquabot_gz/models/aquabot_marker_3_OK/model.sdf
[0.596s] -- Up-to-date: /home/user/data/drones_ship_ws/install/aquabot_gz/share/aquabot_gz/models/aquabot_marker_3_OK/meshes
[0.596s] -- Up-to-date: /home/user/data/drones_ship_ws/install/aquabot_gz/share/aquabot_gz/models/aquabot_marker_3_OK/meshes/Marker0.dae
[0.596s] -- Up-to-date: /home/user/data/drones_ship_ws/install/aquabot_gz/share/aquabot_gz/models/aquabot_marker_3_OK/model.config
[0.596s] -- Up-to-date: /home/user/data/drones_ship_ws/install/aquabot_gz/share/aquabot_gz/models/aquabot_redboat
[0.596s] -- Up-to-date: /home/user/data/drones_ship_ws/install/aquabot_gz/share/aquabot_gz/models/aquabot_redboat/mesh
[0.596s] -- Up-to-date: /home/user/data/drones_ship_ws/install/aquabot_gz/share/aquabot_gz/models/aquabot_redboat/mesh/redboat.dae
[0.596s] -- Up-to-date: /home/user/data/drones_ship_ws/install/aquabot_gz/share/aquabot_gz/models/aquabot_redboat/model.sdf
[0.596s] -- Up-to-date: /home/user/data/drones_ship_ws/install/aquabot_gz/share/aquabot_gz/models/aquabot_redboat/model.config
[0.597s] -- Up-to-date: /home/user/data/drones_ship_ws/install/aquabot_gz/share/aquabot_gz/models/aquabot_marker_6_OK
[0.597s] -- Up-to-date: /home/user/data/drones_ship_ws/install/aquabot_gz/share/aquabot_gz/models/aquabot_marker_6_OK/materials
[0.597s] -- Up-to-date: /home/user/data/drones_ship_ws/install/aquabot_gz/share/aquabot_gz/models/aquabot_marker_6_OK/materials/textures
[0.597s] -- Up-to-date: /home/user/data/drones_ship_ws/install/aquabot_gz/share/aquabot_gz/models/aquabot_marker_6_OK/materials/textures/aquabot_marker_6_OK.png
[0.597s] -- Up-to-date: /home/user/data/drones_ship_ws/install/aquabot_gz/share/aquabot_gz/models/aquabot_marker_6_OK/materials/textures/Marker0.png
[0.597s] -- Up-to-date: /home/user/data/drones_ship_ws/install/aquabot_gz/share/aquabot_gz/models/aquabot_marker_6_OK/model.sdf
[0.597s] -- Up-to-date: /home/user/data/drones_ship_ws/install/aquabot_gz/share/aquabot_gz/models/aquabot_marker_6_OK/meshes
[0.597s] -- Up-to-date: /home/user/data/drones_ship_ws/install/aquabot_gz/share/aquabot_gz/models/aquabot_marker_6_OK/meshes/Marker0.dae
[0.597s] -- Up-to-date: /home/user/data/drones_ship_ws/install/aquabot_gz/share/aquabot_gz/models/aquabot_marker_6_OK/model.config
[0.597s] -- Up-to-date: /home/user/data/drones_ship_ws/install/aquabot_gz/share/aquabot_gz/models/aquabot_marker_9_OK
[0.597s] -- Up-to-date: /home/user/data/drones_ship_ws/install/aquabot_gz/share/aquabot_gz/models/aquabot_marker_9_OK/materials
[0.598s] -- Up-to-date: /home/user/data/drones_ship_ws/install/aquabot_gz/share/aquabot_gz/models/aquabot_marker_9_OK/materials/textures
[0.598s] -- Up-to-date: /home/user/data/drones_ship_ws/install/aquabot_gz/share/aquabot_gz/models/aquabot_marker_9_OK/materials/textures/aquabot_marker_9_OK.png
[0.598s] -- Up-to-date: /home/user/data/drones_ship_ws/install/aquabot_gz/share/aquabot_gz/models/aquabot_marker_9_OK/materials/textures/Marker0.png
[0.598s] -- Up-to-date: /home/user/data/drones_ship_ws/install/aquabot_gz/share/aquabot_gz/models/aquabot_marker_9_OK/model.sdf
[0.598s] -- Up-to-date: /home/user/data/drones_ship_ws/install/aquabot_gz/share/aquabot_gz/models/aquabot_marker_9_OK/meshes
[0.598s] -- Up-to-date: /home/user/data/drones_ship_ws/install/aquabot_gz/share/aquabot_gz/models/aquabot_marker_9_OK/meshes/Marker0.dae
[0.598s] -- Up-to-date: /home/user/data/drones_ship_ws/install/aquabot_gz/share/aquabot_gz/models/aquabot_marker_9_OK/model.config
[0.598s] -- Up-to-date: /home/user/data/drones_ship_ws/install/aquabot_gz/share/aquabot_gz/models/aquabot_marker_5_OK
[0.598s] -- Up-to-date: /home/user/data/drones_ship_ws/install/aquabot_gz/share/aquabot_gz/models/aquabot_marker_5_OK/materials
[0.598s] -- Up-to-date: /home/user/data/drones_ship_ws/install/aquabot_gz/share/aquabot_gz/models/aquabot_marker_5_OK/materials/textures
[0.599s] -- Up-to-date: /home/user/data/drones_ship_ws/install/aquabot_gz/share/aquabot_gz/models/aquabot_marker_5_OK/materials/textures/aquabot_marker_5_OK.png
[0.599s] -- Up-to-date: /home/user/data/drones_ship_ws/install/aquabot_gz/share/aquabot_gz/models/aquabot_marker_5_OK/materials/textures/Marker0.png
[0.599s] -- Up-to-date: /home/user/data/drones_ship_ws/install/aquabot_gz/share/aquabot_gz/models/aquabot_marker_5_OK/model.sdf
[0.599s] -- Up-to-date: /home/user/data/drones_ship_ws/install/aquabot_gz/share/aquabot_gz/models/aquabot_marker_5_OK/meshes
[0.599s] -- Up-to-date: /home/user/data/drones_ship_ws/install/aquabot_gz/share/aquabot_gz/models/aquabot_marker_5_OK/meshes/Marker0.dae
[0.599s] -- Up-to-date: /home/user/data/drones_ship_ws/install/aquabot_gz/share/aquabot_gz/models/aquabot_marker_5_OK/model.config
[0.599s] -- Up-to-date: /home/user/data/drones_ship_ws/install/aquabot_gz/share/aquabot_gz/models/crazy2fly
[0.599s] -- Up-to-date: /home/user/data/drones_ship_ws/install/aquabot_gz/share/aquabot_gz/models/crazy2fly/model.sdf
[0.599s] -- Up-to-date: /home/user/data/drones_ship_ws/install/aquabot_gz/share/aquabot_gz/models/crazy2fly/urdf
[0.599s] -- Up-to-date: /home/user/data/drones_ship_ws/install/aquabot_gz/share/aquabot_gz/models/crazy2fly/urdf/crazy2fly.urdf.xacro
[0.599s] -- Up-to-date: /home/user/data/drones_ship_ws/install/aquabot_gz/share/aquabot_gz/models/crazy2fly/model.config
[0.600s] -- Up-to-date: /home/user/data/drones_ship_ws/install/aquabot_gz/share/aquabot_gz/worlds
[0.600s] -- Up-to-date: /home/user/data/drones_ship_ws/install/aquabot_gz/share/aquabot_gz/worlds/aquabot_windturbines_medium_new.sdf
[0.600s] -- Up-to-date: /home/user/data/drones_ship_ws/install/aquabot_gz/share/aquabot_gz/worlds/crazyflie_empty.world
[0.600s] -- Up-to-date: /home/user/data/drones_ship_ws/install/aquabot_gz/share/aquabot_gz/worlds/aquabot_windturbines_hard.sdf
[0.600s] -- Up-to-date: /home/user/data/drones_ship_ws/install/aquabot_gz/share/aquabot_gz/worlds/aquabot_windturbines_easy.sdf
[0.600s] -- Up-to-date: /home/user/data/drones_ship_ws/install/aquabot_gz/share/aquabot_gz/worlds/quadcopter.sdf
[0.600s] -- Up-to-date: /home/user/data/drones_ship_ws/install/aquabot_gz/share/aquabot_gz/worlds/aquabot_windturbines_medium.sdf
[0.600s] -- Up-to-date: /home/user/data/drones_ship_ws/install/aquabot_gz/share/aquabot_gz/scripts
[0.600s] -- Up-to-date: /home/user/data/drones_ship_ws/install/aquabot_gz/share/aquabot_gz/scripts/crazyflie_odom_tf.py
[0.600s] -- Up-to-date: /home/user/data/drones_ship_ws/install/aquabot_gz/share/aquabot_gz/scripts/fake_odom.py
[0.600s] -- Up-to-date: /home/user/data/drones_ship_ws/install/aquabot_gz/share/aquabot_gz/scripts/aquabot_odom_tf.py
[0.601s] -- Up-to-date: /home/user/data/drones_ship_ws/install/aquabot_gz/share/aquabot_gz/scripts/geodesic_center_publisher.py
[0.601s] -- Up-to-date: /home/user/data/drones_ship_ws/install/aquabot_gz/lib/aquabot_gz/crazyflie_odom_tf.py
[0.601s] -- Up-to-date: /home/user/data/drones_ship_ws/install/aquabot_gz/lib/aquabot_gz/aquabot_odom_tf.py
[0.601s] -- Up-to-date: /home/user/data/drones_ship_ws/install/aquabot_gz/lib/aquabot_gz/fake_odom.py
[0.601s] -- Up-to-date: /home/user/data/drones_ship_ws/install/aquabot_gz/lib/aquabot_gz/geodesic_center_publisher.py
[0.601s] -- Up-to-date: /home/user/data/drones_ship_ws/install/aquabot_gz/share/ament_index/resource_index/package_run_dependencies/aquabot_gz
[0.601s] -- Up-to-date: /home/user/data/drones_ship_ws/install/aquabot_gz/share/ament_index/resource_index/parent_prefix_path/aquabot_gz
[0.601s] -- Up-to-date: /home/user/data/drones_ship_ws/install/aquabot_gz/share/aquabot_gz/environment/ament_prefix_path.sh
[0.601s] -- Up-to-date: /home/user/data/drones_ship_ws/install/aquabot_gz/share/aquabot_gz/environment/ament_prefix_path.dsv
[0.601s] -- Up-to-date: /home/user/data/drones_ship_ws/install/aquabot_gz/share/aquabot_gz/environment/path.sh
[0.601s] -- Up-to-date: /home/user/data/drones_ship_ws/install/aquabot_gz/share/aquabot_gz/environment/path.dsv
[0.602s] -- Up-to-date: /home/user/data/drones_ship_ws/install/aquabot_gz/share/aquabot_gz/local_setup.bash
[0.602s] -- Up-to-date: /home/user/data/drones_ship_ws/install/aquabot_gz/share/aquabot_gz/local_setup.sh
[0.602s] -- Up-to-date: /home/user/data/drones_ship_ws/install/aquabot_gz/share/aquabot_gz/local_setup.zsh
[0.602s] -- Up-to-date: /home/user/data/drones_ship_ws/install/aquabot_gz/share/aquabot_gz/local_setup.dsv
[0.602s] -- Installing: /home/user/data/drones_ship_ws/install/aquabot_gz/share/aquabot_gz/package.dsv
[0.602s] -- Up-to-date: /home/user/data/drones_ship_ws/install/aquabot_gz/share/ament_index/resource_index/packages/aquabot_gz
[0.602s] -- Up-to-date: /home/user/data/drones_ship_ws/install/aquabot_gz/share/aquabot_gz/cmake/aquabot_gzConfig.cmake
[0.602s] -- Up-to-date: /home/user/data/drones_ship_ws/install/aquabot_gz/share/aquabot_gz/cmake/aquabot_gzConfig-version.cmake
[0.602s] -- Up-to-date: /home/user/data/drones_ship_ws/install/aquabot_gz/share/aquabot_gz/package.xml
[0.713s] Invoked command in '/home/user/data/drones_ship_ws/build/aquabot_gz' returned '0': CMAKE_PREFIX_PATH=${CMAKE_PREFIX_PATH}:/home/user/data/drones_ship_ws/install/ros_gz_crazyflie_control:/opt/ros/jazzy DEBUGINFOD_URLS=https://debuginfod.ubuntu.com /usr/bin/cmake --install /home/user/data/drones_ship_ws/build/aquabot_gz
