# WaveFront *.obj file (generated by Autodesk ATF)

mtllib c2f_motor.mtl

g Lynxmotion2830

v 0.002000 0.038000 -0.000000
v 0.001989 0.038000 0.000209
v 0.001956 0.038000 0.000416
v 0.001902 0.038000 0.000618
v 0.001827 0.038000 0.000813
v 0.001732 0.038000 0.001000
v 0.001618 0.038000 0.001176
v 0.001486 0.038000 0.001338
v 0.001338 0.038000 0.001486
v 0.001176 0.038000 0.001618
v 0.001000 0.038000 0.001732
v 0.000813 0.038000 0.001827
v 0.000618 0.038000 0.001902
v 0.000416 0.038000 0.001956
v 0.000209 0.038000 0.001989
v -0.000000 0.038000 0.002000
v -0.000209 0.038000 0.001989
v -0.000416 0.038000 0.001956
v -0.000618 0.038000 0.001902
v -0.000813 0.038000 0.001827
v -0.001000 0.038000 0.001732
v -0.001176 0.038000 0.001618
v -0.001338 0.038000 0.001486
v -0.001486 0.038000 0.001338
v -0.001618 0.038000 0.001176
v -0.001732 0.038000 0.001000
v -0.001827 0.038000 0.000813
v -0.001902 0.038000 0.000618
v -0.001956 0.038000 0.000416
v -0.001989 0.038000 0.000209
v -0.002000 0.038000 0.000000
v -0.001989 0.038000 -0.000209
v -0.001956 0.038000 -0.000416
v -0.001902 0.038000 -0.000618
v -0.001827 0.038000 -0.000813
v -0.001732 0.038000 -0.001000
v -0.001618 0.038000 -0.001176
v -0.001486 0.038000 -0.001338
v -0.001338 0.038000 -0.001486
v -0.001176 0.038000 -0.001618
v -0.001000 0.038000 -0.001732
v -0.000813 0.038000 -0.001827
v -0.000618 0.038000 -0.001902
v -0.000416 0.038000 -0.001956
v -0.000209 0.038000 -0.001989
v -0.000000 0.038000 -0.002000
v 0.000209 0.038000 -0.001989
v 0.000416 0.038000 -0.001956
v 0.000618 0.038000 -0.001902
v 0.000813 0.038000 -0.001827
v 0.001000 0.038000 -0.001732
v 0.001176 0.038000 -0.001618
v 0.001338 0.038000 -0.001486
v 0.001486 0.038000 -0.001338
v 0.001618 0.038000 -0.001176
v 0.001732 0.038000 -0.001000
v 0.001827 0.038000 -0.000813
v 0.001902 0.038000 -0.000618
v 0.001956 0.038000 -0.000416
v 0.001989 0.038000 -0.000209
v 0.002000 0.030000 -0.000000
v 0.001989 0.030000 -0.000209
v 0.001956 0.030000 -0.000416
v 0.001902 0.030000 -0.000618
v 0.001827 0.030000 -0.000813
v 0.001732 0.030000 -0.001000
v 0.001618 0.030000 -0.001176
v 0.001486 0.030000 -0.001338
v 0.001338 0.030000 -0.001486
v 0.001176 0.030000 -0.001618
v 0.001000 0.030000 -0.001732
v 0.000813 0.030000 -0.001827
v 0.000618 0.030000 -0.001902
v 0.000416 0.030000 -0.001956
v 0.000209 0.030000 -0.001989
v -0.000000 0.030000 -0.002000
v -0.000209 0.030000 -0.001989
v -0.000416 0.030000 -0.001956
v -0.000618 0.030000 -0.001902
v -0.000813 0.030000 -0.001827
v -0.001000 0.030000 -0.001732
v -0.001176 0.030000 -0.001618
v -0.001338 0.030000 -0.001486
v -0.001486 0.030000 -0.001338
v -0.001618 0.030000 -0.001176
v -0.001732 0.030000 -0.001000
v -0.001827 0.030000 -0.000813
v -0.001902 0.030000 -0.000618
v -0.001956 0.030000 -0.000416
v -0.001989 0.030000 -0.000209
v -0.002000 0.030000 0.000000
v -0.001989 0.030000 0.000209
v -0.001956 0.030000 0.000416
v -0.001902 0.030000 0.000618
v -0.001827 0.030000 0.000813
v -0.001732 0.030000 0.001000
v -0.001618 0.030000 0.001176
v -0.001486 0.030000 0.001338
v -0.001338 0.030000 0.001486
v -0.001176 0.030000 0.001618
v -0.001000 0.030000 0.001732
v -0.000813 0.030000 0.001827
v -0.000618 0.030000 0.001902
v -0.000416 0.030000 0.001956
v -0.000209 0.030000 0.001989
v -0.000000 0.030000 0.002000
v 0.000209 0.030000 0.001989
v 0.000416 0.030000 0.001956
v 0.000618 0.030000 0.001902
v 0.000813 0.030000 0.001827
v 0.001000 0.030000 0.001732
v 0.001176 0.030000 0.001618
v 0.001338 0.030000 0.001486
v 0.001486 0.030000 0.001338
v 0.001618 0.030000 0.001176
v 0.001732 0.030000 0.001000
v 0.001827 0.030000 0.000813
v 0.001902 0.030000 0.000618
v 0.001956 0.030000 0.000416
v 0.001989 0.030000 0.000209
v 0.002000 0.034000 -0.000000
v 0.001989 0.034000 0.000209
v 0.001956 0.034000 0.000416
v 0.001902 0.034000 0.000618
v 0.001827 0.034000 0.000813
v 0.001732 0.034000 0.001000
v 0.001618 0.034000 0.001176
v 0.001486 0.034000 0.001338
v 0.001338 0.034000 0.001486
v 0.001176 0.034000 0.001618
v 0.001000 0.034000 0.001732
v 0.000813 0.034000 0.001827
v 0.000618 0.034000 0.001902
v 0.000416 0.034000 0.001956
v 0.000209 0.034000 0.001989
v -0.000000 0.034000 0.002000
v -0.000209 0.034000 0.001989
v -0.000416 0.034000 0.001956
v -0.000618 0.034000 0.001902
v -0.000813 0.034000 0.001827
v -0.001000 0.034000 0.001732
v -0.001176 0.034000 0.001618
v -0.001338 0.034000 0.001486
v -0.001486 0.034000 0.001338
v -0.001618 0.034000 0.001176
v -0.001732 0.034000 0.001000
v -0.001827 0.034000 0.000813
v -0.001902 0.034000 0.000618
v -0.001956 0.034000 0.000416
v -0.001989 0.034000 0.000209
v -0.002000 0.034000 0.000000
v -0.001989 0.034000 -0.000209
v -0.001956 0.034000 -0.000416
v -0.001902 0.034000 -0.000618
v -0.001827 0.034000 -0.000813
v -0.001732 0.034000 -0.001000
v -0.001618 0.034000 -0.001176
v -0.001486 0.034000 -0.001338
v -0.001338 0.034000 -0.001486
v -0.001176 0.034000 -0.001618
v -0.001000 0.034000 -0.001732
v -0.000813 0.034000 -0.001827
v -0.000618 0.034000 -0.001902
v -0.000416 0.034000 -0.001956
v -0.000209 0.034000 -0.001989
v -0.000000 0.034000 -0.002000
v 0.000209 0.034000 -0.001989
v 0.000416 0.034000 -0.001956
v 0.000618 0.034000 -0.001902
v 0.000813 0.034000 -0.001827
v 0.001000 0.034000 -0.001732
v 0.001176 0.034000 -0.001618
v 0.001338 0.034000 -0.001486
v 0.001486 0.034000 -0.001338
v 0.001618 0.034000 -0.001176
v 0.001732 0.034000 -0.001000
v 0.001827 0.034000 -0.000813
v 0.001902 0.034000 -0.000618
v 0.001956 0.034000 -0.000416
v 0.001989 0.034000 -0.000209
v 0.006500 0.002000 -0.000000
v 0.006511 0.002000 0.000181
v 0.006544 0.002000 0.000359
v 0.006597 0.002000 0.000532
v 0.006672 0.002000 0.000697
v 0.006766 0.002000 0.000852
v 0.006877 0.002000 0.000995
v 0.007005 0.002000 0.001123
v 0.007148 0.002000 0.001234
v 0.007303 0.002000 0.001328
v 0.007468 0.002000 0.001403
v 0.007641 0.002000 0.001456
v 0.007819 0.002000 0.001489
v 0.008000 0.002000 0.001500
v 0.008181 0.002000 0.001489
v 0.008359 0.002000 0.001456
v 0.008532 0.002000 0.001403
v 0.008697 0.002000 0.001328
v 0.008852 0.002000 0.001234
v 0.008995 0.002000 0.001123
v 0.009123 0.002000 0.000995
v 0.009234 0.002000 0.000852
v 0.009328 0.002000 0.000697
v 0.009403 0.002000 0.000532
v 0.009456 0.002000 0.000359
v 0.009489 0.002000 0.000181
v 0.009500 0.002000 0.000000
v 0.009489 0.002000 -0.000181
v 0.009456 0.002000 -0.000359
v 0.009403 0.002000 -0.000532
v 0.009328 0.002000 -0.000697
v 0.009234 0.002000 -0.000852
v 0.009123 0.002000 -0.000995
v 0.008995 0.002000 -0.001123
v 0.008852 0.002000 -0.001234
v 0.008697 0.002000 -0.001328
v 0.008532 0.002000 -0.001403
v 0.008359 0.002000 -0.001456
v 0.008181 0.002000 -0.001489
v 0.008000 0.002000 -0.001500
v 0.007819 0.002000 -0.001489
v 0.007641 0.002000 -0.001456
v 0.007468 0.002000 -0.001403
v 0.007303 0.002000 -0.001328
v 0.007148 0.002000 -0.001234
v 0.007005 0.002000 -0.001123
v 0.006877 0.002000 -0.000995
v 0.006766 0.002000 -0.000852
v 0.006672 0.002000 -0.000697
v 0.006597 0.002000 -0.000532
v 0.006544 0.002000 -0.000359
v 0.006511 0.002000 -0.000181
v 0.006500 0.000000 -0.000000
v 0.006511 0.000000 -0.000181
v 0.006544 0.000000 -0.000359
v 0.006597 0.000000 -0.000532
v 0.006672 0.000000 -0.000697
v 0.006766 0.000000 -0.000852
v 0.006877 0.000000 -0.000995
v 0.007005 0.000000 -0.001123
v 0.007148 0.000000 -0.001234
v 0.007303 0.000000 -0.001328
v 0.007468 0.000000 -0.001403
v 0.007641 0.000000 -0.001456
v 0.007819 0.000000 -0.001489
v 0.008000 0.000000 -0.001500
v 0.008181 0.000000 -0.001489
v 0.008359 0.000000 -0.001456
v 0.008532 0.000000 -0.001403
v 0.008697 0.000000 -0.001328
v 0.008852 0.000000 -0.001234
v 0.008995 0.000000 -0.001123
v 0.009123 0.000000 -0.000995
v 0.009234 0.000000 -0.000852
v 0.009328 0.000000 -0.000697
v 0.009403 0.000000 -0.000532
v 0.009456 0.000000 -0.000359
v 0.009489 0.000000 -0.000181
v 0.009500 0.000000 0.000000
v 0.009489 0.000000 0.000181
v 0.009456 0.000000 0.000359
v 0.009403 0.000000 0.000532
v 0.009328 0.000000 0.000697
v 0.009234 0.000000 0.000852
v 0.009123 0.000000 0.000995
v 0.008995 0.000000 0.001123
v 0.008852 0.000000 0.001234
v 0.008697 0.000000 0.001328
v 0.008532 0.000000 0.001403
v 0.008359 0.000000 0.001456
v 0.008181 0.000000 0.001489
v 0.008000 0.000000 0.001500
v 0.007819 0.000000 0.001489
v 0.007641 0.000000 0.001456
v 0.007468 0.000000 0.001403
v 0.007303 0.000000 0.001328
v 0.007148 0.000000 0.001234
v 0.007005 0.000000 0.001123
v 0.006877 0.000000 0.000995
v 0.006766 0.000000 0.000852
v 0.006672 0.000000 0.000697
v 0.006597 0.000000 0.000532
v 0.006544 0.000000 0.000359
v 0.006511 0.000000 0.000181
v -0.001464 0.002000 -0.009500
v -0.001453 0.002000 -0.009319
v -0.001421 0.002000 -0.009141
v -0.001367 0.002000 -0.008968
v -0.001293 0.002000 -0.008803
v -0.001199 0.002000 -0.008648
v -0.001087 0.002000 -0.008505
v -0.000959 0.002000 -0.008377
v -0.000816 0.002000 -0.008265
v -0.000661 0.002000 -0.008172
v -0.000496 0.002000 -0.008097
v -0.000323 0.002000 -0.008044
v -0.000145 0.002000 -0.008011
v 0.000036 0.002000 -0.008000
v 0.000216 0.002000 -0.008011
v 0.000395 0.002000 -0.008044
v 0.000568 0.002000 -0.008097
v 0.000733 0.002000 -0.008172
v 0.000888 0.002000 -0.008265
v 0.001030 0.002000 -0.008377
v 0.001158 0.002000 -0.008505
v 0.001270 0.002000 -0.008648
v 0.001364 0.002000 -0.008803
v 0.001438 0.002000 -0.008968
v 0.001492 0.002000 -0.009141
v 0.001525 0.002000 -0.009319
v 0.001536 0.002000 -0.009500
v 0.001525 0.002000 -0.009681
v 0.001492 0.002000 -0.009859
v 0.001438 0.002000 -0.010032
v 0.001364 0.002000 -0.010197
v 0.001270 0.002000 -0.010352
v 0.001158 0.002000 -0.010495
v 0.001030 0.002000 -0.010623
v 0.000888 0.002000 -0.010734
v 0.000733 0.002000 -0.010828
v 0.000568 0.002000 -0.010902
v 0.000395 0.002000 -0.010956
v 0.000216 0.002000 -0.010989
v 0.000036 0.002000 -0.011000
v -0.000145 0.002000 -0.010989
v -0.000323 0.002000 -0.010956
v -0.000496 0.002000 -0.010902
v -0.000661 0.002000 -0.010828
v -0.000816 0.002000 -0.010734
v -0.000959 0.002000 -0.010623
v -0.001087 0.002000 -0.010495
v -0.001199 0.002000 -0.010352
v -0.001293 0.002000 -0.010197
v -0.001367 0.002000 -0.010032
v -0.001421 0.002000 -0.009859
v -0.001453 0.002000 -0.009681
v -0.001464 0.000000 -0.009500
v -0.001453 0.000000 -0.009681
v -0.001421 0.000000 -0.009859
v -0.001367 0.000000 -0.010032
v -0.001293 0.000000 -0.010197
v -0.001199 0.000000 -0.010352
v -0.001087 0.000000 -0.010495
v -0.000959 0.000000 -0.010623
v -0.000816 0.000000 -0.010734
v -0.000661 0.000000 -0.010828
v -0.000496 0.000000 -0.010902
v -0.000323 0.000000 -0.010956
v -0.000145 0.000000 -0.010989
v 0.000036 0.000000 -0.011000
v 0.000216 0.000000 -0.010989
v 0.000395 0.000000 -0.010956
v 0.000568 0.000000 -0.010902
v 0.000733 0.000000 -0.010828
v 0.000888 0.000000 -0.010734
v 0.001030 0.000000 -0.010623
v 0.001158 0.000000 -0.010495
v 0.001270 0.000000 -0.010352
v 0.001364 0.000000 -0.010197
v 0.001438 0.000000 -0.010032
v 0.001492 0.000000 -0.009859
v 0.001525 0.000000 -0.009681
v 0.001536 0.000000 -0.009500
v 0.001525 0.000000 -0.009319
v 0.001492 0.000000 -0.009141
v 0.001438 0.000000 -0.008968
v 0.001364 0.000000 -0.008803
v 0.001270 0.000000 -0.008648
v 0.001158 0.000000 -0.008505
v 0.001030 0.000000 -0.008377
v 0.000888 0.000000 -0.008265
v 0.000733 0.000000 -0.008172
v 0.000568 0.000000 -0.008097
v 0.000395 0.000000 -0.008044
v 0.000216 0.000000 -0.008011
v 0.000036 0.000000 -0.008000
v -0.000145 0.000000 -0.008011
v -0.000323 0.000000 -0.008044
v -0.000496 0.000000 -0.008097
v -0.000661 0.000000 -0.008172
v -0.000816 0.000000 -0.008265
v -0.000959 0.000000 -0.008377
v -0.001087 0.000000 -0.008505
v -0.001199 0.000000 -0.008648
v -0.001293 0.000000 -0.008803
v -0.001367 0.000000 -0.008968
v -0.001421 0.000000 -0.009141
v -0.001453 0.000000 -0.009319
v -0.001528 0.002000 0.009500
v -0.001517 0.002000 0.009681
v -0.001484 0.002000 0.009859
v -0.001430 0.002000 0.010032
v -0.001356 0.002000 0.010197
v -0.001262 0.002000 0.010352
v -0.001151 0.002000 0.010495
v -0.001023 0.002000 0.010623
v -0.000880 0.002000 0.010734
v -0.000725 0.002000 0.010828
v -0.000560 0.002000 0.010902
v -0.000387 0.002000 0.010956
v -0.000209 0.002000 0.010989
v -0.000028 0.002000 0.011000
v 0.000153 0.002000 0.010989
v 0.000331 0.002000 0.010956
v 0.000504 0.002000 0.010902
v 0.000669 0.002000 0.010828
v 0.000824 0.002000 0.010734
v 0.000967 0.002000 0.010623
v 0.001095 0.002000 0.010495
v 0.001207 0.002000 0.010352
v 0.001300 0.002000 0.010197
v 0.001375 0.002000 0.010032
v 0.001429 0.002000 0.009859
v 0.001461 0.002000 0.009681
v 0.001472 0.002000 0.009500
v 0.001461 0.002000 0.009319
v 0.001429 0.002000 0.009141
v 0.001375 0.002000 0.008968
v 0.001300 0.002000 0.008803
v 0.001207 0.002000 0.008648
v 0.001095 0.002000 0.008505
v 0.000967 0.002000 0.008377
v 0.000824 0.002000 0.008265
v 0.000669 0.002000 0.008172
v 0.000504 0.002000 0.008097
v 0.000331 0.002000 0.008044
v 0.000153 0.002000 0.008011
v -0.000028 0.002000 0.008000
v -0.000209 0.002000 0.008011
v -0.000387 0.002000 0.008044
v -0.000560 0.002000 0.008097
v -0.000725 0.002000 0.008172
v -0.000880 0.002000 0.008265
v -0.001023 0.002000 0.008377
v -0.001151 0.002000 0.008505
v -0.001262 0.002000 0.008648
v -0.001356 0.002000 0.008803
v -0.001430 0.002000 0.008968
v -0.001484 0.002000 0.009141
v -0.001517 0.002000 0.009319
v -0.001528 0.000000 0.009500
v -0.001517 0.000000 0.009319
v -0.001484 0.000000 0.009141
v -0.001430 0.000000 0.008968
v -0.001356 0.000000 0.008803
v -0.001262 0.000000 0.008648
v -0.001151 0.000000 0.008505
v -0.001023 0.000000 0.008377
v -0.000880 0.000000 0.008265
v -0.000725 0.000000 0.008172
v -0.000560 0.000000 0.008097
v -0.000387 0.000000 0.008044
v -0.000209 0.000000 0.008011
v -0.000028 0.000000 0.008000
v 0.000153 0.000000 0.008011
v 0.000331 0.000000 0.008044
v 0.000504 0.000000 0.008097
v 0.000669 0.000000 0.008172
v 0.000824 0.000000 0.008265
v 0.000967 0.000000 0.008377
v 0.001095 0.000000 0.008505
v 0.001207 0.000000 0.008648
v 0.001300 0.000000 0.008803
v 0.001375 0.000000 0.008968
v 0.001429 0.000000 0.009141
v 0.001461 0.000000 0.009319
v 0.001472 0.000000 0.009500
v 0.001461 0.000000 0.009681
v 0.001429 0.000000 0.009859
v 0.001375 0.000000 0.010032
v 0.001300 0.000000 0.010197
v 0.001207 0.000000 0.010352
v 0.001095 0.000000 0.010495
v 0.000967 0.000000 0.010623
v 0.000824 0.000000 0.010734
v 0.000669 0.000000 0.010828
v 0.000504 0.000000 0.010902
v 0.000331 0.000000 0.010956
v 0.000153 0.000000 0.010989
v -0.000028 0.000000 0.011000
v -0.000209 0.000000 0.010989
v -0.000387 0.000000 0.010956
v -0.000560 0.000000 0.010902
v -0.000725 0.000000 0.010828
v -0.000880 0.000000 0.010734
v -0.001023 0.000000 0.010623
v -0.001151 0.000000 0.010495
v -0.001262 0.000000 0.010352
v -0.001356 0.000000 0.010197
v -0.001430 0.000000 0.010032
v -0.001484 0.000000 0.009859
v -0.001517 0.000000 0.009681
v -0.009500 0.002000 -0.000000
v -0.009489 0.002000 0.000181
v -0.009456 0.002000 0.000359
v -0.009403 0.002000 0.000532
v -0.009328 0.002000 0.000697
v -0.009234 0.002000 0.000852
v -0.009123 0.002000 0.000995
v -0.008995 0.002000 0.001123
v -0.008852 0.002000 0.001234
v -0.008697 0.002000 0.001328
v -0.008532 0.002000 0.001403
v -0.008359 0.002000 0.001456
v -0.008181 0.002000 0.001489
v -0.008000 0.002000 0.001500
v -0.007819 0.002000 0.001489
v -0.007641 0.002000 0.001456
v -0.007468 0.002000 0.001403
v -0.007303 0.002000 0.001328
v -0.007148 0.002000 0.001234
v -0.007005 0.002000 0.001123
v -0.006877 0.002000 0.000995
v -0.006766 0.002000 0.000852
v -0.006672 0.002000 0.000697
v -0.006597 0.002000 0.000532
v -0.006544 0.002000 0.000359
v -0.006511 0.002000 0.000181
v -0.006500 0.002000 0.000000
v -0.006511 0.002000 -0.000181
v -0.006544 0.002000 -0.000359
v -0.006597 0.002000 -0.000532
v -0.006672 0.002000 -0.000697
v -0.006766 0.002000 -0.000852
v -0.006877 0.002000 -0.000995
v -0.007005 0.002000 -0.001123
v -0.007148 0.002000 -0.001234
v -0.007303 0.002000 -0.001328
v -0.007468 0.002000 -0.001403
v -0.007641 0.002000 -0.001456
v -0.007819 0.002000 -0.001489
v -0.008000 0.002000 -0.001500
v -0.008181 0.002000 -0.001489
v -0.008359 0.002000 -0.001456
v -0.008532 0.002000 -0.001403
v -0.008697 0.002000 -0.001328
v -0.008852 0.002000 -0.001234
v -0.008995 0.002000 -0.001123
v -0.009123 0.002000 -0.000995
v -0.009234 0.002000 -0.000852
v -0.009328 0.002000 -0.000697
v -0.009403 0.002000 -0.000532
v -0.009456 0.002000 -0.000359
v -0.009489 0.002000 -0.000181
v -0.009500 0.000000 -0.000000
v -0.009489 0.000000 -0.000181
v -0.009456 0.000000 -0.000359
v -0.009403 0.000000 -0.000532
v -0.009328 0.000000 -0.000697
v -0.009234 0.000000 -0.000852
v -0.009123 0.000000 -0.000995
v -0.008995 0.000000 -0.001123
v -0.008852 0.000000 -0.001234
v -0.008697 0.000000 -0.001328
v -0.008532 0.000000 -0.001403
v -0.008359 0.000000 -0.001456
v -0.008181 0.000000 -0.001489
v -0.008000 0.000000 -0.001500
v -0.007819 0.000000 -0.001489
v -0.007641 0.000000 -0.001456
v -0.007468 0.000000 -0.001403
v -0.007303 0.000000 -0.001328
v -0.007148 0.000000 -0.001234
v -0.007005 0.000000 -0.001123
v -0.006877 0.000000 -0.000995
v -0.006766 0.000000 -0.000852
v -0.006672 0.000000 -0.000697
v -0.006597 0.000000 -0.000532
v -0.006544 0.000000 -0.000359
v -0.006511 0.000000 -0.000181
v -0.006500 0.000000 0.000000
v -0.006511 0.000000 0.000181
v -0.006544 0.000000 0.000359
v -0.006597 0.000000 0.000532
v -0.006672 0.000000 0.000697
v -0.006766 0.000000 0.000852
v -0.006877 0.000000 0.000995
v -0.007005 0.000000 0.001123
v -0.007148 0.000000 0.001234
v -0.007303 0.000000 0.001328
v -0.007468 0.000000 0.001403
v -0.007641 0.000000 0.001456
v -0.007819 0.000000 0.001489
v -0.008000 0.000000 0.001500
v -0.008181 0.000000 0.001489
v -0.008359 0.000000 0.001456
v -0.008532 0.000000 0.001403
v -0.008697 0.000000 0.001328
v -0.008852 0.000000 0.001234
v -0.008995 0.000000 0.001123
v -0.009123 0.000000 0.000995
v -0.009234 0.000000 0.000852
v -0.009328 0.000000 0.000697
v -0.009403 0.000000 0.000532
v -0.009456 0.000000 0.000359
v -0.009489 0.000000 0.000181
v -0.001000 -0.001000 -0.000000
v -0.000989 -0.001000 0.000146
v -0.000958 -0.001000 0.000288
v -0.000905 -0.001000 0.000424
v -0.000834 -0.001000 0.000552
v -0.000745 -0.001000 0.000667
v -0.000640 -0.001000 0.000769
v -0.000521 -0.001000 0.000854
v -0.000391 -0.001000 0.000920
v -0.000253 -0.001000 0.000967
v -0.000109 -0.001000 0.000994
v 0.000037 -0.001000 0.000999
v 0.000182 -0.001000 0.000983
v 0.000323 -0.001000 0.000946
v 0.000457 -0.001000 0.000889
v 0.000582 -0.001000 0.000813
v 0.000694 -0.001000 0.000720
v 0.000791 -0.001000 0.000611
v 0.000872 -0.001000 0.000489
v 0.000934 -0.001000 0.000357
v 0.000976 -0.001000 0.000217
v 0.000997 -0.001000 0.000073
v 0.000997 -0.001000 -0.000073
v 0.000976 -0.001000 -0.000217
v 0.000934 -0.001000 -0.000357
v 0.000872 -0.001000 -0.000489
v 0.000791 -0.001000 -0.000611
v 0.000694 -0.001000 -0.000720
v 0.000582 -0.001000 -0.000813
v 0.000457 -0.001000 -0.000889
v 0.000323 -0.001000 -0.000946
v 0.000182 -0.001000 -0.000983
v 0.000037 -0.001000 -0.000999
v -0.000109 -0.001000 -0.000994
v -0.000253 -0.001000 -0.000967
v -0.000391 -0.001000 -0.000920
v -0.000521 -0.001000 -0.000854
v -0.000640 -0.001000 -0.000769
v -0.000745 -0.001000 -0.000667
v -0.000834 -0.001000 -0.000552
v -0.000905 -0.001000 -0.000424
v -0.000958 -0.001000 -0.000288
v -0.000989 -0.001000 -0.000146
v -0.001000 0.000000 -0.000000
v -0.000989 0.000000 -0.000146
v -0.000958 0.000000 -0.000288
v -0.000905 0.000000 -0.000424
v -0.000834 0.000000 -0.000552
v -0.000745 0.000000 -0.000667
v -0.000640 0.000000 -0.000769
v -0.000521 0.000000 -0.000854
v -0.000391 0.000000 -0.000920
v -0.000253 0.000000 -0.000967
v -0.000109 0.000000 -0.000994
v 0.000037 0.000000 -0.000999
v 0.000182 0.000000 -0.000983
v 0.000323 0.000000 -0.000946
v 0.000457 0.000000 -0.000889
v 0.000582 0.000000 -0.000813
v 0.000694 0.000000 -0.000720
v 0.000791 0.000000 -0.000611
v 0.000872 0.000000 -0.000489
v 0.000934 0.000000 -0.000357
v 0.000976 0.000000 -0.000217
v 0.000997 0.000000 -0.000073
v 0.000997 0.000000 0.000073
v 0.000976 0.000000 0.000217
v 0.000934 0.000000 0.000357
v 0.000872 0.000000 0.000489
v 0.000791 0.000000 0.000611
v 0.000694 0.000000 0.000720
v 0.000582 0.000000 0.000813
v 0.000457 0.000000 0.000889
v 0.000323 0.000000 0.000946
v 0.000182 0.000000 0.000983
v 0.000037 0.000000 0.000999
v -0.000109 0.000000 0.000994
v -0.000253 0.000000 0.000967
v -0.000391 0.000000 0.000920
v -0.000521 0.000000 0.000854
v -0.000640 0.000000 0.000769
v -0.000745 0.000000 0.000667
v -0.000834 0.000000 0.000552
v -0.000905 0.000000 0.000424
v -0.000958 0.000000 0.000288
v -0.000989 0.000000 0.000146
v 0.013521 0.028000 0.002500
v 0.009682 0.028000 0.002500
v 0.009682 0.023000 0.002500
v 0.013521 0.023000 0.002500
v 0.009540 0.028000 0.002525
v 0.009404 0.028000 0.002550
v 0.009276 0.028000 0.002573
v 0.009154 0.028000 0.002596
v 0.009038 0.028000 0.002619
v 0.008927 0.028000 0.002640
v 0.008721 0.028000 0.002682
v 0.008533 0.028000 0.002722
v 0.008362 0.028000 0.002761
v 0.008204 0.028000 0.002798
v 0.008059 0.028000 0.002834
v 0.007925 0.028000 0.002870
v 0.007801 0.028000 0.002904
v 0.007686 0.028000 0.002938
v 0.007580 0.028000 0.002972
v 0.007481 0.028000 0.003005
v 0.007388 0.028000 0.003038
v 0.007302 0.028000 0.003071
v 0.007222 0.028000 0.003104
v 0.007077 0.028000 0.003170
v 0.006949 0.028000 0.003237
v 0.006838 0.028000 0.003305
v 0.006740 0.028000 0.003375
v 0.006655 0.028000 0.003448
v 0.006581 0.028000 0.003524
v 0.006517 0.028000 0.003604
v 0.006462 0.028000 0.003688
v 0.006416 0.028000 0.003778
v 0.006379 0.028000 0.003874
v 0.006350 0.028000 0.003977
v 0.006329 0.028000 0.004088
v 0.006316 0.028000 0.004209
v 0.006311 0.028000 0.004342
v 0.006316 0.028000 0.004487
v 0.006330 0.028000 0.004649
v 0.006341 0.028000 0.004737
v 0.006354 0.028000 0.004829
v 0.006371 0.028000 0.004928
v 0.006390 0.028000 0.005032
v 0.006413 0.028000 0.005143
v 0.006440 0.028000 0.005262
v 0.006470 0.028000 0.005389
v 0.006505 0.028000 0.005526
v 0.006544 0.028000 0.005673
v 0.006589 0.028000 0.005831
v 0.006639 0.028000 0.006003
v 0.006696 0.028000 0.006190
v 0.006760 0.028000 0.006394
v 0.006795 0.028000 0.006503
v 0.006832 0.028000 0.006617
v 0.006872 0.028000 0.006737
v 0.006914 0.028000 0.006863
v 0.006959 0.028000 0.006996
v 0.007006 0.028000 0.007135
v 0.007006 0.023000 0.007135
v 0.006959 0.023000 0.006996
v 0.006914 0.023000 0.006863
v 0.006872 0.023000 0.006737
v 0.006832 0.023000 0.006617
v 0.006795 0.023000 0.006503
v 0.006760 0.023000 0.006394
v 0.006696 0.023000 0.006190
v 0.006639 0.023000 0.006003
v 0.006589 0.023000 0.005831
v 0.006544 0.023000 0.005673
v 0.006505 0.023000 0.005526
v 0.006470 0.023000 0.005389
v 0.006440 0.023000 0.005262
v 0.006413 0.023000 0.005143
v 0.006390 0.023000 0.005032
v 0.006371 0.023000 0.004928
v 0.006354 0.023000 0.004829
v 0.006341 0.023000 0.004737
v 0.006330 0.023000 0.004649
v 0.006316 0.023000 0.004487
v 0.006311 0.023000 0.004342
v 0.006316 0.023000 0.004209
v 0.006329 0.023000 0.004088
v 0.006350 0.023000 0.003977
v 0.006379 0.023000 0.003874
v 0.006416 0.023000 0.003778
v 0.006462 0.023000 0.003688
v 0.006517 0.023000 0.003604
v 0.006581 0.023000 0.003524
v 0.006655 0.023000 0.003448
v 0.006740 0.023000 0.003375
v 0.006838 0.023000 0.003305
v 0.006949 0.023000 0.003237
v 0.007077 0.023000 0.003170
v 0.007222 0.023000 0.003104
v 0.007302 0.023000 0.003071
v 0.007388 0.023000 0.003038
v 0.007481 0.023000 0.003005
v 0.007580 0.023000 0.002972
v 0.007686 0.023000 0.002938
v 0.007801 0.023000 0.002904
v 0.007925 0.023000 0.002870
v 0.008059 0.023000 0.002834
v 0.008204 0.023000 0.002798
v 0.008362 0.023000 0.002761
v 0.008533 0.023000 0.002722
v 0.008721 0.023000 0.002682
v 0.008927 0.023000 0.002640
v 0.009038 0.023000 0.002619
v 0.009154 0.023000 0.002596
v 0.009276 0.023000 0.002573
v 0.009404 0.023000 0.002550
v 0.009540 0.023000 0.002525
v 0.008925 0.028000 0.010459
v 0.008925 0.023000 0.010459
v 0.009315 0.023000 0.010114
v 0.009691 0.023000 0.009754
v 0.010053 0.023000 0.009380
v 0.010401 0.023000 0.008993
v 0.010734 0.023000 0.008593
v 0.011052 0.023000 0.008180
v 0.011354 0.023000 0.007756
v 0.011639 0.023000 0.007321
v 0.011908 0.023000 0.006875
v 0.012160 0.023000 0.006419
v 0.012394 0.023000 0.005954
v 0.012610 0.023000 0.005481
v 0.012809 0.023000 0.005000
v 0.012989 0.023000 0.004511
v 0.013150 0.023000 0.004016
v 0.013293 0.023000 0.003516
v 0.013416 0.023000 0.003010
v -0.004595 0.028000 -0.012959
v -0.002676 0.028000 -0.009635
v -0.002676 0.023000 -0.009635
v -0.004595 0.023000 -0.012959
v -0.002583 0.028000 -0.009524
v -0.002494 0.028000 -0.009419
v -0.002409 0.028000 -0.009320
v -0.002328 0.028000 -0.009225
v -0.002251 0.028000 -0.009136
v -0.002177 0.028000 -0.009051
v -0.002038 0.028000 -0.008894
v -0.001909 0.028000 -0.008751
v -0.001790 0.028000 -0.008622
v -0.001679 0.028000 -0.008504
v -0.001575 0.028000 -0.008396
v -0.001477 0.028000 -0.008298
v -0.001385 0.028000 -0.008208
v -0.001298 0.028000 -0.008126
v -0.001216 0.028000 -0.008050
v -0.001138 0.028000 -0.007981
v -0.001063 0.028000 -0.007917
v -0.000992 0.028000 -0.007859
v -0.000923 0.028000 -0.007806
v -0.000793 0.028000 -0.007713
v -0.000672 0.028000 -0.007637
v -0.000557 0.028000 -0.007574
v -0.000447 0.028000 -0.007525
v -0.000342 0.028000 -0.007487
v -0.000239 0.028000 -0.007461
v -0.000137 0.028000 -0.007446
v -0.000037 0.028000 -0.007440
v 0.000064 0.028000 -0.007446
v 0.000165 0.028000 -0.007461
v 0.000269 0.028000 -0.007487
v 0.000376 0.028000 -0.007525
v 0.000487 0.028000 -0.007574
v 0.000604 0.028000 -0.007637
v 0.000728 0.028000 -0.007713
v 0.000861 0.028000 -0.007806
v 0.000932 0.028000 -0.007859
v 0.001005 0.028000 -0.007917
v 0.001082 0.028000 -0.007981
v 0.001163 0.028000 -0.008050
v 0.001248 0.028000 -0.008126
v 0.001337 0.028000 -0.008208
v 0.001432 0.028000 -0.008298
v 0.001533 0.028000 -0.008396
v 0.001641 0.028000 -0.008504
v 0.001756 0.028000 -0.008622
v 0.001879 0.028000 -0.008751
v 0.002013 0.028000 -0.008894
v 0.002157 0.028000 -0.009051
v 0.002234 0.028000 -0.009136
v 0.002315 0.028000 -0.009225
v 0.002399 0.028000 -0.009320
v 0.002487 0.028000 -0.009419
v 0.002579 0.028000 -0.009524
v 0.002676 0.028000 -0.009635
v 0.002676 0.023000 -0.009635
v 0.002579 0.023000 -0.009524
v 0.002487 0.023000 -0.009419
v 0.002399 0.023000 -0.009320
v 0.002315 0.023000 -0.009225
v 0.002234 0.023000 -0.009136
v 0.002157 0.023000 -0.009051
v 0.002013 0.023000 -0.008894
v 0.001879 0.023000 -0.008751
v 0.001756 0.023000 -0.008622
v 0.001641 0.023000 -0.008504
v 0.001533 0.023000 -0.008396
v 0.001432 0.023000 -0.008298
v 0.001337 0.023000 -0.008208
v 0.001248 0.023000 -0.008126
v 0.001163 0.023000 -0.008050
v 0.001082 0.023000 -0.007981
v 0.001005 0.023000 -0.007917
v 0.000932 0.023000 -0.007859
v 0.000861 0.023000 -0.007806
v 0.000728 0.023000 -0.007713
v 0.000604 0.023000 -0.007637
v 0.000487 0.023000 -0.007574
v 0.000376 0.023000 -0.007525
v 0.000269 0.023000 -0.007487
v 0.000165 0.023000 -0.007461
v 0.000064 0.023000 -0.007446
v -0.000037 0.023000 -0.007440
v -0.000137 0.023000 -0.007446
v -0.000239 0.023000 -0.007461
v -0.000342 0.023000 -0.007487
v -0.000447 0.023000 -0.007525
v -0.000557 0.023000 -0.007574
v -0.000672 0.023000 -0.007637
v -0.000793 0.023000 -0.007713
v -0.000923 0.023000 -0.007806
v -0.000992 0.023000 -0.007859
v -0.001063 0.023000 -0.007917
v -0.001138 0.023000 -0.007981
v -0.001216 0.023000 -0.008050
v -0.001298 0.023000 -0.008126
v -0.001385 0.023000 -0.008208
v -0.001477 0.023000 -0.008298
v -0.001575 0.023000 -0.008396
v -0.001679 0.023000 -0.008504
v -0.001790 0.023000 -0.008622
v -0.001909 0.023000 -0.008751
v -0.002038 0.023000 -0.008894
v -0.002177 0.023000 -0.009051
v -0.002251 0.023000 -0.009136
v -0.002328 0.023000 -0.009225
v -0.002409 0.023000 -0.009320
v -0.002494 0.023000 -0.009419
v -0.002583 0.023000 -0.009524
v 0.004595 0.028000 -0.012959
v 0.004595 0.023000 -0.012959
v 0.004101 0.023000 -0.013124
v 0.003602 0.023000 -0.013270
v 0.003097 0.023000 -0.013397
v 0.002588 0.023000 -0.013504
v 0.002074 0.023000 -0.013593
v 0.001558 0.023000 -0.013661
v 0.001040 0.023000 -0.013711
v 0.000520 0.023000 -0.013740
v 0.000000 0.023000 -0.013750
v -0.000520 0.023000 -0.013740
v -0.001040 0.023000 -0.013711
v -0.001558 0.023000 -0.013661
v -0.002074 0.023000 -0.013593
v -0.002588 0.023000 -0.013504
v -0.003097 0.023000 -0.013397
v -0.003602 0.023000 -0.013270
v -0.004101 0.023000 -0.013124
v 0.009682 0.028000 -0.002500
v 0.013521 0.028000 -0.002500
v 0.013521 0.023000 -0.002500
v 0.009682 0.023000 -0.002500
v 0.008925 0.028000 -0.010459
v 0.007006 0.028000 -0.007135
v 0.007006 0.023000 -0.007135
v 0.008925 0.023000 -0.010459
v 0.006957 0.028000 -0.006999
v 0.006910 0.028000 -0.006869
v 0.006866 0.028000 -0.006746
v 0.006825 0.028000 -0.006629
v 0.006786 0.028000 -0.006517
v 0.006750 0.028000 -0.006411
v 0.006683 0.028000 -0.006212
v 0.006624 0.028000 -0.006029
v 0.006572 0.028000 -0.005861
v 0.006525 0.028000 -0.005706
v 0.006484 0.028000 -0.005562
v 0.006448 0.028000 -0.005428
v 0.006416 0.028000 -0.005304
v 0.006388 0.028000 -0.005187
v 0.006364 0.028000 -0.005078
v 0.006343 0.028000 -0.004976
v 0.006325 0.028000 -0.004879
v 0.006311 0.028000 -0.004788
v 0.006299 0.028000 -0.004702
v 0.006283 0.028000 -0.004544
v 0.006278 0.028000 -0.004400
v 0.006281 0.028000 -0.004269
v 0.006293 0.028000 -0.004150
v 0.006313 0.028000 -0.004039
v 0.006342 0.028000 -0.003937
v 0.006379 0.028000 -0.003842
v 0.006425 0.028000 -0.003752
v 0.006480 0.028000 -0.003668
v 0.006544 0.028000 -0.003587
v 0.006619 0.028000 -0.003511
v 0.006705 0.028000 -0.003437
v 0.006803 0.028000 -0.003365
v 0.006916 0.028000 -0.003295
v 0.007044 0.028000 -0.003226
v 0.007191 0.028000 -0.003157
v 0.007272 0.028000 -0.003123
v 0.007359 0.028000 -0.003088
v 0.007453 0.028000 -0.003053
v 0.007553 0.028000 -0.003018
v 0.007661 0.028000 -0.002982
v 0.007777 0.028000 -0.002946
v 0.007902 0.028000 -0.002909
v 0.008038 0.028000 -0.002870
v 0.008185 0.028000 -0.002831
v 0.008344 0.028000 -0.002790
v 0.008518 0.028000 -0.002748
v 0.008709 0.028000 -0.002704
v 0.008917 0.028000 -0.002657
v 0.009029 0.028000 -0.002633
v 0.009147 0.028000 -0.002608
v 0.009270 0.028000 -0.002582
v 0.009401 0.028000 -0.002556
v 0.009538 0.028000 -0.002528
v 0.009538 0.023000 -0.002528
v 0.009401 0.023000 -0.002556
v 0.009270 0.023000 -0.002582
v 0.009147 0.023000 -0.002608
v 0.009029 0.023000 -0.002633
v 0.008917 0.023000 -0.002657
v 0.008709 0.023000 -0.002704
v 0.008518 0.023000 -0.002748
v 0.008344 0.023000 -0.002790
v 0.008185 0.023000 -0.002831
v 0.008038 0.023000 -0.002870
v 0.007902 0.023000 -0.002909
v 0.007777 0.023000 -0.002946
v 0.007661 0.023000 -0.002982
v 0.007553 0.023000 -0.003018
v 0.007453 0.023000 -0.003053
v 0.007359 0.023000 -0.003088
v 0.007272 0.023000 -0.003123
v 0.007191 0.023000 -0.003157
v 0.007044 0.023000 -0.003226
v 0.006916 0.023000 -0.003295
v 0.006803 0.023000 -0.003365
v 0.006705 0.023000 -0.003437
v 0.006619 0.023000 -0.003511
v 0.006544 0.023000 -0.003587
v 0.006480 0.023000 -0.003668
v 0.006425 0.023000 -0.003752
v 0.006379 0.023000 -0.003842
v 0.006342 0.023000 -0.003937
v 0.006313 0.023000 -0.004039
v 0.006293 0.023000 -0.004150
v 0.006281 0.023000 -0.004269
v 0.006278 0.023000 -0.004400
v 0.006283 0.023000 -0.004544
v 0.006299 0.023000 -0.004702
v 0.006311 0.023000 -0.004788
v 0.006325 0.023000 -0.004879
v 0.006343 0.023000 -0.004976
v 0.006364 0.023000 -0.005078
v 0.006388 0.023000 -0.005187
v 0.006416 0.023000 -0.005304
v 0.006448 0.023000 -0.005428
v 0.006484 0.023000 -0.005562
v 0.006525 0.023000 -0.005706
v 0.006572 0.023000 -0.005861
v 0.006624 0.023000 -0.006029
v 0.006683 0.023000 -0.006212
v 0.006750 0.023000 -0.006411
v 0.006786 0.023000 -0.006517
v 0.006825 0.023000 -0.006629
v 0.006866 0.023000 -0.006746
v 0.006910 0.023000 -0.006869
v 0.006957 0.023000 -0.006999
v 0.013416 0.023000 -0.003010
v 0.013293 0.023000 -0.003516
v 0.013150 0.023000 -0.004016
v 0.012989 0.023000 -0.004511
v 0.012809 0.023000 -0.005000
v 0.012610 0.023000 -0.005481
v 0.012394 0.023000 -0.005954
v 0.012160 0.023000 -0.006419
v 0.011908 0.023000 -0.006875
v 0.011639 0.023000 -0.007321
v 0.011354 0.023000 -0.007756
v 0.011052 0.023000 -0.008180
v 0.010734 0.023000 -0.008593
v 0.010401 0.023000 -0.008993
v 0.010053 0.023000 -0.009380
v 0.009691 0.023000 -0.009754
v 0.009315 0.023000 -0.010114
v -0.008925 0.028000 0.010459
v -0.007006 0.028000 0.007135
v -0.007006 0.023000 0.007135
v -0.008925 0.023000 0.010459
v -0.006957 0.028000 0.006999
v -0.006910 0.028000 0.006869
v -0.006866 0.028000 0.006746
v -0.006825 0.028000 0.006629
v -0.006786 0.028000 0.006517
v -0.006750 0.028000 0.006411
v -0.006683 0.028000 0.006212
v -0.006624 0.028000 0.006029
v -0.006572 0.028000 0.005861
v -0.006525 0.028000 0.005706
v -0.006484 0.028000 0.005562
v -0.006448 0.028000 0.005428
v -0.006416 0.028000 0.005304
v -0.006388 0.028000 0.005187
v -0.006364 0.028000 0.005078
v -0.006343 0.028000 0.004976
v -0.006325 0.028000 0.004879
v -0.006311 0.028000 0.004788
v -0.006299 0.028000 0.004702
v -0.006283 0.028000 0.004544
v -0.006278 0.028000 0.004400
v -0.006281 0.028000 0.004269
v -0.006293 0.028000 0.004150
v -0.006313 0.028000 0.004039
v -0.006342 0.028000 0.003937
v -0.006379 0.028000 0.003842
v -0.006425 0.028000 0.003752
v -0.006480 0.028000 0.003668
v -0.006544 0.028000 0.003587
v -0.006619 0.028000 0.003511
v -0.006705 0.028000 0.003437
v -0.006803 0.028000 0.003365
v -0.006916 0.028000 0.003295
v -0.007044 0.028000 0.003226
v -0.007191 0.028000 0.003157
v -0.007272 0.028000 0.003123
v -0.007359 0.028000 0.003088
v -0.007453 0.028000 0.003053
v -0.007553 0.028000 0.003018
v -0.007661 0.028000 0.002982
v -0.007777 0.028000 0.002946
v -0.007902 0.028000 0.002909
v -0.008038 0.028000 0.002870
v -0.008185 0.028000 0.002831
v -0.008344 0.028000 0.002790
v -0.008518 0.028000 0.002748
v -0.008709 0.028000 0.002704
v -0.008917 0.028000 0.002657
v -0.009029 0.028000 0.002633
v -0.009147 0.028000 0.002608
v -0.009270 0.028000 0.002582
v -0.009401 0.028000 0.002556
v -0.009538 0.028000 0.002528
v -0.009682 0.028000 0.002500
v -0.009682 0.023000 0.002500
v -0.009538 0.023000 0.002528
v -0.009401 0.023000 0.002556
v -0.009270 0.023000 0.002582
v -0.009147 0.023000 0.002608
v -0.009029 0.023000 0.002633
v -0.008917 0.023000 0.002657
v -0.008709 0.023000 0.002704
v -0.008518 0.023000 0.002748
v -0.008344 0.023000 0.002790
v -0.008185 0.023000 0.002831
v -0.008038 0.023000 0.002870
v -0.007902 0.023000 0.002909
v -0.007777 0.023000 0.002946
v -0.007661 0.023000 0.002982
v -0.007553 0.023000 0.003018
v -0.007453 0.023000 0.003053
v -0.007359 0.023000 0.003088
v -0.007272 0.023000 0.003123
v -0.007191 0.023000 0.003157
v -0.007044 0.023000 0.003226
v -0.006916 0.023000 0.003295
v -0.006803 0.023000 0.003365
v -0.006705 0.023000 0.003437
v -0.006619 0.023000 0.003511
v -0.006544 0.023000 0.003587
v -0.006480 0.023000 0.003668
v -0.006425 0.023000 0.003752
v -0.006379 0.023000 0.003842
v -0.006342 0.023000 0.003937
v -0.006313 0.023000 0.004039
v -0.006293 0.023000 0.004150
v -0.006281 0.023000 0.004269
v -0.006278 0.023000 0.004400
v -0.006283 0.023000 0.004544
v -0.006299 0.023000 0.004702
v -0.006311 0.023000 0.004788
v -0.006325 0.023000 0.004879
v -0.006343 0.023000 0.004976
v -0.006364 0.023000 0.005078
v -0.006388 0.023000 0.005187
v -0.006416 0.023000 0.005304
v -0.006448 0.023000 0.005428
v -0.006484 0.023000 0.005562
v -0.006525 0.023000 0.005706
v -0.006572 0.023000 0.005861
v -0.006624 0.023000 0.006029
v -0.006683 0.023000 0.006212
v -0.006750 0.023000 0.006411
v -0.006786 0.023000 0.006517
v -0.006825 0.023000 0.006629
v -0.006866 0.023000 0.006746
v -0.006910 0.023000 0.006869
v -0.006957 0.023000 0.006999
v -0.013521 0.028000 0.002500
v -0.013521 0.023000 0.002500
v -0.013416 0.023000 0.003010
v -0.013293 0.023000 0.003516
v -0.013150 0.023000 0.004016
v -0.012989 0.023000 0.004511
v -0.012809 0.023000 0.005000
v -0.012610 0.023000 0.005481
v -0.012394 0.023000 0.005954
v -0.012160 0.023000 0.006419
v -0.011908 0.023000 0.006875
v -0.011639 0.023000 0.007321
v -0.011354 0.023000 0.007756
v -0.011052 0.023000 0.008180
v -0.010734 0.023000 0.008593
v -0.010401 0.023000 0.008993
v -0.010053 0.023000 0.009380
v -0.009691 0.023000 0.009754
v -0.009315 0.023000 0.010114
v -0.013521 0.028000 -0.002500
v -0.009682 0.028000 -0.002500
v -0.009682 0.023000 -0.002500
v -0.013521 0.023000 -0.002500
v -0.009540 0.028000 -0.002525
v -0.009404 0.028000 -0.002550
v -0.009276 0.028000 -0.002573
v -0.009154 0.028000 -0.002596
v -0.009038 0.028000 -0.002619
v -0.008927 0.028000 -0.002640
v -0.008721 0.028000 -0.002682
v -0.008533 0.028000 -0.002722
v -0.008362 0.028000 -0.002761
v -0.008204 0.028000 -0.002798
v -0.008059 0.028000 -0.002834
v -0.007925 0.028000 -0.002870
v -0.007801 0.028000 -0.002904
v -0.007686 0.028000 -0.002938
v -0.007580 0.028000 -0.002972
v -0.007481 0.028000 -0.003005
v -0.007388 0.028000 -0.003038
v -0.007302 0.028000 -0.003071
v -0.007222 0.028000 -0.003104
v -0.007077 0.028000 -0.003170
v -0.006949 0.028000 -0.003237
v -0.006838 0.028000 -0.003305
v -0.006740 0.028000 -0.003375
v -0.006655 0.028000 -0.003448
v -0.006581 0.028000 -0.003524
v -0.006517 0.028000 -0.003604
v -0.006462 0.028000 -0.003688
v -0.006416 0.028000 -0.003778
v -0.006379 0.028000 -0.003874
v -0.006350 0.028000 -0.003977
v -0.006329 0.028000 -0.004088
v -0.006316 0.028000 -0.004209
v -0.006311 0.028000 -0.004342
v -0.006316 0.028000 -0.004487
v -0.006330 0.028000 -0.004649
v -0.006341 0.028000 -0.004737
v -0.006354 0.028000 -0.004829
v -0.006371 0.028000 -0.004928
v -0.006390 0.028000 -0.005032
v -0.006413 0.028000 -0.005143
v -0.006440 0.028000 -0.005262
v -0.006470 0.028000 -0.005389
v -0.006505 0.028000 -0.005526
v -0.006544 0.028000 -0.005673
v -0.006589 0.028000 -0.005831
v -0.006639 0.028000 -0.006003
v -0.006696 0.028000 -0.006190
v -0.006760 0.028000 -0.006394
v -0.006795 0.028000 -0.006503
v -0.006832 0.028000 -0.006617
v -0.006872 0.028000 -0.006737
v -0.006914 0.028000 -0.006863
v -0.006959 0.028000 -0.006996
v -0.007006 0.028000 -0.007135
v -0.007006 0.023000 -0.007135
v -0.006959 0.023000 -0.006996
v -0.006914 0.023000 -0.006863
v -0.006872 0.023000 -0.006737
v -0.006832 0.023000 -0.006617
v -0.006795 0.023000 -0.006503
v -0.006760 0.023000 -0.006394
v -0.006696 0.023000 -0.006190
v -0.006639 0.023000 -0.006003
v -0.006589 0.023000 -0.005831
v -0.006544 0.023000 -0.005673
v -0.006505 0.023000 -0.005526
v -0.006470 0.023000 -0.005389
v -0.006440 0.023000 -0.005262
v -0.006413 0.023000 -0.005143
v -0.006390 0.023000 -0.005032
v -0.006371 0.023000 -0.004928
v -0.006354 0.023000 -0.004829
v -0.006341 0.023000 -0.004737
v -0.006330 0.023000 -0.004649
v -0.006316 0.023000 -0.004487
v -0.006311 0.023000 -0.004342
v -0.006316 0.023000 -0.004209
v -0.006329 0.023000 -0.004088
v -0.006350 0.023000 -0.003977
v -0.006379 0.023000 -0.003874
v -0.006416 0.023000 -0.003778
v -0.006462 0.023000 -0.003688
v -0.006517 0.023000 -0.003604
v -0.006581 0.023000 -0.003524
v -0.006655 0.023000 -0.003448
v -0.006740 0.023000 -0.003375
v -0.006838 0.023000 -0.003305
v -0.006949 0.023000 -0.003237
v -0.007077 0.023000 -0.003170
v -0.007222 0.023000 -0.003104
v -0.007302 0.023000 -0.003071
v -0.007388 0.023000 -0.003038
v -0.007481 0.023000 -0.003005
v -0.007580 0.023000 -0.002972
v -0.007686 0.023000 -0.002938
v -0.007801 0.023000 -0.002904
v -0.007925 0.023000 -0.002870
v -0.008059 0.023000 -0.002834
v -0.008204 0.023000 -0.002798
v -0.008362 0.023000 -0.002761
v -0.008533 0.023000 -0.002722
v -0.008721 0.023000 -0.002682
v -0.008927 0.023000 -0.002640
v -0.009038 0.023000 -0.002619
v -0.009154 0.023000 -0.002596
v -0.009276 0.023000 -0.002573
v -0.009404 0.023000 -0.002550
v -0.009540 0.023000 -0.002525
v -0.008925 0.028000 -0.010459
v -0.008925 0.023000 -0.010459
v -0.009315 0.023000 -0.010114
v -0.009691 0.023000 -0.009754
v -0.010053 0.023000 -0.009380
v -0.010401 0.023000 -0.008993
v -0.010734 0.023000 -0.008593
v -0.011052 0.023000 -0.008180
v -0.011354 0.023000 -0.007756
v -0.011639 0.023000 -0.007321
v -0.011908 0.023000 -0.006875
v -0.012160 0.023000 -0.006419
v -0.012394 0.023000 -0.005954
v -0.012610 0.023000 -0.005481
v -0.012809 0.023000 -0.005000
v -0.012989 0.023000 -0.004511
v -0.013150 0.023000 -0.004016
v -0.013293 0.023000 -0.003516
v -0.013416 0.023000 -0.003010
v 0.004595 0.028000 0.012959
v 0.002676 0.028000 0.009635
v 0.002676 0.023000 0.009635
v 0.004595 0.023000 0.012959
v 0.002583 0.028000 0.009524
v 0.002494 0.028000 0.009419
v 0.002409 0.028000 0.009320
v 0.002328 0.028000 0.009225
v 0.002251 0.028000 0.009136
v 0.002177 0.028000 0.009051
v 0.002038 0.028000 0.008894
v 0.001909 0.028000 0.008751
v 0.001790 0.028000 0.008622
v 0.001679 0.028000 0.008504
v 0.001575 0.028000 0.008396
v 0.001477 0.028000 0.008298
v 0.001385 0.028000 0.008208
v 0.001298 0.028000 0.008126
v 0.001216 0.028000 0.008050
v 0.001138 0.028000 0.007981
v 0.001063 0.028000 0.007917
v 0.000992 0.028000 0.007859
v 0.000923 0.028000 0.007806
v 0.000793 0.028000 0.007713
v 0.000672 0.028000 0.007637
v 0.000557 0.028000 0.007574
v 0.000447 0.028000 0.007525
v 0.000342 0.028000 0.007487
v 0.000239 0.028000 0.007461
v 0.000137 0.028000 0.007446
v 0.000037 0.028000 0.007440
v -0.000064 0.028000 0.007446
v -0.000165 0.028000 0.007461
v -0.000269 0.028000 0.007487
v -0.000376 0.028000 0.007525
v -0.000487 0.028000 0.007574
v -0.000604 0.028000 0.007637
v -0.000728 0.028000 0.007713
v -0.000861 0.028000 0.007806
v -0.000932 0.028000 0.007859
v -0.001005 0.028000 0.007917
v -0.001082 0.028000 0.007981
v -0.001163 0.028000 0.008050
v -0.001248 0.028000 0.008126
v -0.001337 0.028000 0.008208
v -0.001432 0.028000 0.008298
v -0.001533 0.028000 0.008396
v -0.001641 0.028000 0.008504
v -0.001756 0.028000 0.008622
v -0.001879 0.028000 0.008751
v -0.002013 0.028000 0.008894
v -0.002157 0.028000 0.009051
v -0.002234 0.028000 0.009136
v -0.002315 0.028000 0.009225
v -0.002399 0.028000 0.009320
v -0.002487 0.028000 0.009419
v -0.002579 0.028000 0.009524
v -0.002676 0.028000 0.009635
v -0.002676 0.023000 0.009635
v -0.002579 0.023000 0.009524
v -0.002487 0.023000 0.009419
v -0.002399 0.023000 0.009320
v -0.002315 0.023000 0.009225
v -0.002234 0.023000 0.009136
v -0.002157 0.023000 0.009051
v -0.002013 0.023000 0.008894
v -0.001879 0.023000 0.008751
v -0.001756 0.023000 0.008622
v -0.001641 0.023000 0.008504
v -0.001533 0.023000 0.008396
v -0.001432 0.023000 0.008298
v -0.001337 0.023000 0.008208
v -0.001248 0.023000 0.008126
v -0.001163 0.023000 0.008050
v -0.001082 0.023000 0.007981
v -0.001005 0.023000 0.007917
v -0.000932 0.023000 0.007859
v -0.000861 0.023000 0.007806
v -0.000728 0.023000 0.007713
v -0.000604 0.023000 0.007637
v -0.000487 0.023000 0.007574
v -0.000376 0.023000 0.007525
v -0.000269 0.023000 0.007487
v -0.000165 0.023000 0.007461
v -0.000064 0.023000 0.007446
v 0.000037 0.023000 0.007440
v 0.000137 0.023000 0.007446
v 0.000239 0.023000 0.007461
v 0.000342 0.023000 0.007487
v 0.000447 0.023000 0.007525
v 0.000557 0.023000 0.007574
v 0.000672 0.023000 0.007637
v 0.000793 0.023000 0.007713
v 0.000923 0.023000 0.007806
v 0.000992 0.023000 0.007859
v 0.001063 0.023000 0.007917
v 0.001138 0.023000 0.007981
v 0.001216 0.023000 0.008050
v 0.001298 0.023000 0.008126
v 0.001385 0.023000 0.008208
v 0.001477 0.023000 0.008298
v 0.001575 0.023000 0.008396
v 0.001679 0.023000 0.008504
v 0.001790 0.023000 0.008622
v 0.001909 0.023000 0.008751
v 0.002038 0.023000 0.008894
v 0.002177 0.023000 0.009051
v 0.002251 0.023000 0.009136
v 0.002328 0.023000 0.009225
v 0.002409 0.023000 0.009320
v 0.002494 0.023000 0.009419
v 0.002583 0.023000 0.009524
v -0.004595 0.028000 0.012959
v -0.004595 0.023000 0.012959
v -0.004101 0.023000 0.013124
v -0.003602 0.023000 0.013270
v -0.003097 0.023000 0.013397
v -0.002588 0.023000 0.013504
v -0.002074 0.023000 0.013593
v -0.001558 0.023000 0.013661
v -0.001040 0.023000 0.013711
v -0.000520 0.023000 0.013740
v -0.000000 0.023000 0.013750
v 0.000520 0.023000 0.013740
v 0.001040 0.023000 0.013711
v 0.001558 0.023000 0.013661
v 0.002074 0.023000 0.013593
v 0.002588 0.023000 0.013504
v 0.003097 0.023000 0.013397
v 0.003602 0.023000 0.013270
v 0.004101 0.023000 0.013124
v 0.004500 0.028000 -0.000000
v 0.004489 0.028000 0.000314
v 0.004456 0.028000 0.000626
v 0.004402 0.028000 0.000936
v 0.004326 0.028000 0.001240
v 0.004229 0.028000 0.001539
v 0.004111 0.028000 0.001830
v 0.003973 0.028000 0.002113
v 0.003816 0.028000 0.002385
v 0.003641 0.028000 0.002645
v 0.003447 0.028000 0.002893
v 0.003237 0.028000 0.003126
v 0.003011 0.028000 0.003344
v 0.002770 0.028000 0.003546
v 0.002516 0.028000 0.003731
v 0.002250 0.028000 0.003897
v 0.001973 0.028000 0.004045
v 0.001686 0.028000 0.004172
v 0.001391 0.028000 0.004280
v 0.001089 0.028000 0.004366
v 0.000781 0.028000 0.004432
v 0.000470 0.028000 0.004475
v 0.000157 0.028000 0.004497
v -0.000157 0.028000 0.004497
v -0.000470 0.028000 0.004475
v -0.000781 0.028000 0.004432
v -0.001089 0.028000 0.004366
v -0.001391 0.028000 0.004280
v -0.001686 0.028000 0.004172
v -0.001973 0.028000 0.004045
v -0.002250 0.028000 0.003897
v -0.002516 0.028000 0.003731
v -0.002770 0.028000 0.003546
v -0.003011 0.028000 0.003344
v -0.003237 0.028000 0.003126
v -0.003447 0.028000 0.002893
v -0.003641 0.028000 0.002645
v -0.003816 0.028000 0.002385
v -0.003973 0.028000 0.002113
v -0.004111 0.028000 0.001830
v -0.004229 0.028000 0.001539
v -0.004326 0.028000 0.001240
v -0.004402 0.028000 0.000936
v -0.004456 0.028000 0.000626
v -0.004489 0.028000 0.000314
v -0.004500 0.028000 0.000000
v -0.004489 0.028000 -0.000314
v -0.004456 0.028000 -0.000626
v -0.004402 0.028000 -0.000936
v -0.004326 0.028000 -0.001240
v -0.004229 0.028000 -0.001539
v -0.004111 0.028000 -0.001830
v -0.003973 0.028000 -0.002113
v -0.003816 0.028000 -0.002385
v -0.003641 0.028000 -0.002645
v -0.003447 0.028000 -0.002893
v -0.003237 0.028000 -0.003126
v -0.003011 0.028000 -0.003344
v -0.002770 0.028000 -0.003546
v -0.002516 0.028000 -0.003731
v -0.002250 0.028000 -0.003897
v -0.001973 0.028000 -0.004045
v -0.001686 0.028000 -0.004172
v -0.001391 0.028000 -0.004280
v -0.001089 0.028000 -0.004366
v -0.000781 0.028000 -0.004432
v -0.000470 0.028000 -0.004475
v -0.000157 0.028000 -0.004497
v 0.000157 0.028000 -0.004497
v 0.000470 0.028000 -0.004475
v 0.000781 0.028000 -0.004432
v 0.001089 0.028000 -0.004366
v 0.001391 0.028000 -0.004280
v 0.001686 0.028000 -0.004172
v 0.001973 0.028000 -0.004045
v 0.002250 0.028000 -0.003897
v 0.002516 0.028000 -0.003731
v 0.002770 0.028000 -0.003546
v 0.003011 0.028000 -0.003344
v 0.003237 0.028000 -0.003126
v 0.003447 0.028000 -0.002893
v 0.003641 0.028000 -0.002645
v 0.003816 0.028000 -0.002385
v 0.003973 0.028000 -0.002113
v 0.004111 0.028000 -0.001830
v 0.004229 0.028000 -0.001539
v 0.004326 0.028000 -0.001240
v 0.004402 0.028000 -0.000936
v 0.004456 0.028000 -0.000626
v 0.004489 0.028000 -0.000314
v 0.013603 0.028000 0.002004
v 0.013667 0.028000 0.001505
v 0.013713 0.028000 0.001005
v 0.013741 0.028000 0.000503
v 0.013750 0.028000 0.000000
v 0.013741 0.028000 -0.000503
v 0.013713 0.028000 -0.001005
v 0.013667 0.028000 -0.001505
v 0.013603 0.028000 -0.002004
v 0.008537 0.028000 -0.010779
v 0.008137 0.028000 -0.011084
v 0.007727 0.028000 -0.011374
v 0.007306 0.028000 -0.011649
v 0.006875 0.028000 -0.011908
v 0.006435 0.028000 -0.012151
v 0.005987 0.028000 -0.012378
v 0.005530 0.028000 -0.012589
v 0.005066 0.028000 -0.012783
v -0.005066 0.028000 -0.012783
v -0.005530 0.028000 -0.012589
v -0.005987 0.028000 -0.012378
v -0.006435 0.028000 -0.012151
v -0.006875 0.028000 -0.011908
v -0.007306 0.028000 -0.011649
v -0.007727 0.028000 -0.011374
v -0.008137 0.028000 -0.011084
v -0.008537 0.028000 -0.010779
v -0.013603 0.028000 -0.002004
v -0.013667 0.028000 -0.001505
v -0.013713 0.028000 -0.001005
v -0.013741 0.028000 -0.000503
v -0.013750 0.028000 0.000000
v -0.013741 0.028000 0.000503
v -0.013713 0.028000 0.001005
v -0.013667 0.028000 0.001505
v -0.013603 0.028000 0.002004
v -0.008537 0.028000 0.010779
v -0.008137 0.028000 0.011084
v -0.007727 0.028000 0.011374
v -0.007306 0.028000 0.011649
v -0.006875 0.028000 0.011908
v -0.006435 0.028000 0.012151
v -0.005987 0.028000 0.012378
v -0.005530 0.028000 0.012589
v -0.005066 0.028000 0.012783
v 0.005066 0.028000 0.012783
v 0.005530 0.028000 0.012589
v 0.005987 0.028000 0.012378
v 0.006435 0.028000 0.012151
v 0.006875 0.028000 0.011908
v 0.007306 0.028000 0.011649
v 0.007727 0.028000 0.011374
v 0.008137 0.028000 0.011084
v 0.008537 0.028000 0.010779
v 0.004500 0.030000 -0.000000
v 0.004489 0.030000 0.000314
v 0.004456 0.030000 0.000626
v 0.004402 0.030000 0.000936
v 0.004326 0.030000 0.001240
v 0.004229 0.030000 0.001539
v 0.004111 0.030000 0.001830
v 0.003973 0.030000 0.002113
v 0.003816 0.030000 0.002385
v 0.003641 0.030000 0.002645
v 0.003447 0.030000 0.002893
v 0.003237 0.030000 0.003126
v 0.003011 0.030000 0.003344
v 0.002770 0.030000 0.003546
v 0.002516 0.030000 0.003731
v 0.002250 0.030000 0.003897
v 0.001973 0.030000 0.004045
v 0.001686 0.030000 0.004172
v 0.001391 0.030000 0.004280
v 0.001089 0.030000 0.004366
v 0.000781 0.030000 0.004432
v 0.000470 0.030000 0.004475
v 0.000157 0.030000 0.004497
v -0.000157 0.030000 0.004497
v -0.000470 0.030000 0.004475
v -0.000781 0.030000 0.004432
v -0.001089 0.030000 0.004366
v -0.001391 0.030000 0.004280
v -0.001686 0.030000 0.004172
v -0.001973 0.030000 0.004045
v -0.002250 0.030000 0.003897
v -0.002516 0.030000 0.003731
v -0.002770 0.030000 0.003546
v -0.003011 0.030000 0.003344
v -0.003237 0.030000 0.003126
v -0.003447 0.030000 0.002893
v -0.003641 0.030000 0.002645
v -0.003816 0.030000 0.002385
v -0.003973 0.030000 0.002113
v -0.004111 0.030000 0.001830
v -0.004229 0.030000 0.001539
v -0.004326 0.030000 0.001240
v -0.004402 0.030000 0.000936
v -0.004456 0.030000 0.000626
v -0.004489 0.030000 0.000314
v -0.004500 0.030000 0.000000
v -0.004489 0.030000 -0.000314
v -0.004456 0.030000 -0.000626
v -0.004402 0.030000 -0.000936
v -0.004326 0.030000 -0.001240
v -0.004229 0.030000 -0.001539
v -0.004111 0.030000 -0.001830
v -0.003973 0.030000 -0.002113
v -0.003816 0.030000 -0.002385
v -0.003641 0.030000 -0.002645
v -0.003447 0.030000 -0.002893
v -0.003237 0.030000 -0.003126
v -0.003011 0.030000 -0.003344
v -0.002770 0.030000 -0.003546
v -0.002516 0.030000 -0.003731
v -0.002250 0.030000 -0.003897
v -0.001973 0.030000 -0.004045
v -0.001686 0.030000 -0.004172
v -0.001391 0.030000 -0.004280
v -0.001089 0.030000 -0.004366
v -0.000781 0.030000 -0.004432
v -0.000470 0.030000 -0.004475
v -0.000157 0.030000 -0.004497
v 0.000157 0.030000 -0.004497
v 0.000470 0.030000 -0.004475
v 0.000781 0.030000 -0.004432
v 0.001089 0.030000 -0.004366
v 0.001391 0.030000 -0.004280
v 0.001686 0.030000 -0.004172
v 0.001973 0.030000 -0.004045
v 0.002250 0.030000 -0.003897
v 0.002516 0.030000 -0.003731
v 0.002770 0.030000 -0.003546
v 0.003011 0.030000 -0.003344
v 0.003237 0.030000 -0.003126
v 0.003447 0.030000 -0.002893
v 0.003641 0.030000 -0.002645
v 0.003816 0.030000 -0.002385
v 0.003973 0.030000 -0.002113
v 0.004111 0.030000 -0.001830
v 0.004229 0.030000 -0.001539
v 0.004326 0.030000 -0.001240
v 0.004402 0.030000 -0.000936
v 0.004456 0.030000 -0.000626
v 0.004489 0.030000 -0.000314
v -0.013750 0.000000 0.000000
v -0.013739 0.000000 0.000550
v -0.013706 0.000000 0.001099
v -0.013651 0.000000 0.001647
v -0.013574 0.000000 0.002192
v -0.013476 0.000000 0.002733
v -0.013355 0.000000 0.003270
v -0.013214 0.000000 0.003802
v -0.013051 0.000000 0.004327
v -0.012868 0.000000 0.004846
v -0.012664 0.000000 0.005357
v -0.012439 0.000000 0.005859
v -0.012195 0.000000 0.006352
v -0.011931 0.000000 0.006835
v -0.011648 0.000000 0.007307
v -0.011346 0.000000 0.007767
v -0.011026 0.000000 0.008215
v -0.010689 0.000000 0.008650
v -0.010334 0.000000 0.009070
v -0.009963 0.000000 0.009477
v -0.009576 0.000000 0.009868
v -0.009173 0.000000 0.010243
v -0.008756 0.000000 0.010602
v -0.008325 0.000000 0.010943
v -0.007880 0.000000 0.011268
v -0.007423 0.000000 0.011574
v -0.006954 0.000000 0.011862
v -0.006474 0.000000 0.012130
v -0.005984 0.000000 0.012380
v -0.005484 0.000000 0.012609
v -0.004975 0.000000 0.012819
v -0.004458 0.000000 0.013007
v -0.003934 0.000000 0.013175
v -0.003403 0.000000 0.013322
v -0.002868 0.000000 0.013448
v -0.002327 0.000000 0.013552
v -0.001783 0.000000 0.013634
v -0.001236 0.000000 0.013694
v -0.000688 0.000000 0.013733
v -0.000138 0.000000 0.013749
v 0.000413 0.000000 0.013744
v 0.000962 0.000000 0.013716
v 0.001510 0.000000 0.013667
v 0.002056 0.000000 0.013595
v 0.002598 0.000000 0.013502
v 0.003136 0.000000 0.013388
v 0.003669 0.000000 0.013251
v 0.004197 0.000000 0.013094
v 0.004717 0.000000 0.012916
v 0.005230 0.000000 0.012716
v 0.005735 0.000000 0.012497
v 0.006230 0.000000 0.012258
v 0.006716 0.000000 0.011999
v 0.007190 0.000000 0.011720
v 0.007653 0.000000 0.011423
v 0.008104 0.000000 0.011108
v 0.008542 0.000000 0.010775
v 0.008966 0.000000 0.010424
v 0.009376 0.000000 0.010057
v 0.009771 0.000000 0.009674
v 0.010150 0.000000 0.009275
v 0.010513 0.000000 0.008862
v 0.010860 0.000000 0.008434
v 0.011188 0.000000 0.007993
v 0.011499 0.000000 0.007539
v 0.011792 0.000000 0.007073
v 0.012065 0.000000 0.006595
v 0.012319 0.000000 0.006107
v 0.012554 0.000000 0.005609
v 0.012768 0.000000 0.005103
v 0.012962 0.000000 0.004588
v 0.013135 0.000000 0.004065
v 0.013287 0.000000 0.003537
v 0.013418 0.000000 0.003002
v 0.013528 0.000000 0.002463
v 0.013615 0.000000 0.001920
v 0.013681 0.000000 0.001373
v 0.013725 0.000000 0.000825
v 0.013747 0.000000 0.000275
v 0.013747 0.000000 -0.000275
v 0.013725 0.000000 -0.000825
v 0.013681 0.000000 -0.001373
v 0.013615 0.000000 -0.001920
v 0.013528 0.000000 -0.002463
v 0.013418 0.000000 -0.003002
v 0.013287 0.000000 -0.003537
v 0.013135 0.000000 -0.004065
v 0.012962 0.000000 -0.004588
v 0.012768 0.000000 -0.005103
v 0.012554 0.000000 -0.005609
v 0.012319 0.000000 -0.006107
v 0.012065 0.000000 -0.006595
v 0.011792 0.000000 -0.007073
v 0.011499 0.000000 -0.007539
v 0.011188 0.000000 -0.007993
v 0.010860 0.000000 -0.008434
v 0.010513 0.000000 -0.008862
v 0.010150 0.000000 -0.009275
v 0.009771 0.000000 -0.009674
v 0.009376 0.000000 -0.010057
v 0.008966 0.000000 -0.010424
v 0.008542 0.000000 -0.010775
v 0.008104 0.000000 -0.011108
v 0.007653 0.000000 -0.011423
v 0.007190 0.000000 -0.011720
v 0.006716 0.000000 -0.011999
v 0.006230 0.000000 -0.012258
v 0.005735 0.000000 -0.012497
v 0.005230 0.000000 -0.012716
v 0.004717 0.000000 -0.012916
v 0.004197 0.000000 -0.013094
v 0.003669 0.000000 -0.013251
v 0.003136 0.000000 -0.013388
v 0.002598 0.000000 -0.013502
v 0.002056 0.000000 -0.013595
v 0.001510 0.000000 -0.013667
v 0.000962 0.000000 -0.013716
v 0.000413 0.000000 -0.013744
v -0.000138 0.000000 -0.013749
v -0.000688 0.000000 -0.013733
v -0.001236 0.000000 -0.013694
v -0.001783 0.000000 -0.013634
v -0.002327 0.000000 -0.013552
v -0.002868 0.000000 -0.013448
v -0.003403 0.000000 -0.013322
v -0.003934 0.000000 -0.013175
v -0.004458 0.000000 -0.013007
v -0.004975 0.000000 -0.012819
v -0.005484 0.000000 -0.012609
v -0.005984 0.000000 -0.012380
v -0.006474 0.000000 -0.012130
v -0.006954 0.000000 -0.011862
v -0.007423 0.000000 -0.011574
v -0.007880 0.000000 -0.011268
v -0.008325 0.000000 -0.010943
v -0.008756 0.000000 -0.010602
v -0.009173 0.000000 -0.010243
v -0.009576 0.000000 -0.009868
v -0.009963 0.000000 -0.009477
v -0.010334 0.000000 -0.009070
v -0.010689 0.000000 -0.008650
v -0.011026 0.000000 -0.008215
v -0.011346 0.000000 -0.007767
v -0.011648 0.000000 -0.007307
v -0.011931 0.000000 -0.006835
v -0.012195 0.000000 -0.006352
v -0.012439 0.000000 -0.005859
v -0.012664 0.000000 -0.005357
v -0.012868 0.000000 -0.004846
v -0.013051 0.000000 -0.004327
v -0.013214 0.000000 -0.003802
v -0.013355 0.000000 -0.003270
v -0.013476 0.000000 -0.002733
v -0.013574 0.000000 -0.002192
v -0.013651 0.000000 -0.001647
v -0.013706 0.000000 -0.001099
v -0.013739 0.000000 -0.000550
v -0.013750 0.018667 0.000000
v -0.013750 0.009333 0.000000
v 0.008542 0.018667 0.010775
v 0.008542 0.009333 0.010775
v 0.008966 0.009333 0.010424
v 0.008966 0.018667 0.010424
v 0.008104 0.018667 0.011108
v 0.008104 0.009333 0.011108
v 0.007653 0.018667 0.011423
v 0.007653 0.009333 0.011423
v 0.007190 0.018667 0.011720
v 0.007190 0.009333 0.011720
v 0.006716 0.018667 0.011999
v 0.006716 0.009333 0.011999
v 0.006230 0.018667 0.012258
v 0.006230 0.009333 0.012258
v 0.005735 0.018667 0.012497
v 0.005735 0.009333 0.012497
v 0.005230 0.018667 0.012716
v 0.005230 0.009333 0.012716
v 0.004717 0.018667 0.012916
v 0.004717 0.009333 0.012916
v 0.004197 0.018667 0.013094
v 0.004197 0.009333 0.013094
v 0.003669 0.018667 0.013251
v 0.003669 0.009333 0.013251
v 0.003136 0.018667 0.013388
v 0.003136 0.009333 0.013388
v 0.002598 0.018667 0.013502
v 0.002598 0.009333 0.013502
v 0.002056 0.018667 0.013595
v 0.002056 0.009333 0.013595
v 0.001510 0.018667 0.013667
v 0.001510 0.009333 0.013667
v 0.000962 0.018667 0.013716
v 0.000962 0.009333 0.013716
v 0.000413 0.018667 0.013744
v 0.000413 0.009333 0.013744
v -0.000138 0.018667 0.013749
v -0.000138 0.009333 0.013749
v -0.000688 0.018667 0.013733
v -0.000688 0.009333 0.013733
v -0.001236 0.018667 0.013694
v -0.001236 0.009333 0.013694
v -0.001783 0.018667 0.013634
v -0.001783 0.009333 0.013634
v -0.002327 0.018667 0.013552
v -0.002327 0.009333 0.013552
v -0.002868 0.018667 0.013448
v -0.002868 0.009333 0.013448
v -0.003403 0.018667 0.013322
v -0.003403 0.009333 0.013322
v -0.003934 0.018667 0.013175
v -0.003934 0.009333 0.013175
v -0.004458 0.018667 0.013007
v -0.004458 0.009333 0.013007
v -0.004975 0.018667 0.012819
v -0.004975 0.009333 0.012819
v -0.005484 0.018667 0.012609
v -0.005484 0.009333 0.012609
v -0.005986 0.018667 0.012379
v -0.005985 0.009333 0.012379
v -0.006474 0.018667 0.012130
v -0.006474 0.009333 0.012130
v -0.006954 0.018667 0.011862
v -0.006954 0.009333 0.011862
v -0.007423 0.018667 0.011574
v -0.007423 0.009333 0.011574
v -0.007880 0.018667 0.011268
v -0.007880 0.009333 0.011268
v -0.008325 0.018667 0.010943
v -0.008325 0.009333 0.010943
v -0.008756 0.018667 0.010602
v -0.008756 0.009333 0.010602
v -0.009173 0.018667 0.010243
v -0.009173 0.009333 0.010243
v -0.009576 0.018667 0.009868
v -0.009576 0.009333 0.009868
v -0.009963 0.018667 0.009477
v -0.009963 0.009333 0.009477
v -0.010334 0.018667 0.009070
v -0.010334 0.009333 0.009070
v -0.010689 0.018667 0.008650
v -0.010689 0.009333 0.008650
v -0.011026 0.018667 0.008215
v -0.011026 0.009333 0.008215
v -0.011346 0.018667 0.007767
v -0.011346 0.009333 0.007767
v -0.011648 0.018667 0.007307
v -0.011648 0.009333 0.007307
v -0.011931 0.018667 0.006835
v -0.011931 0.009333 0.006835
v -0.012195 0.018667 0.006352
v -0.012195 0.009333 0.006352
v -0.012439 0.018667 0.005859
v -0.012439 0.009333 0.005859
v -0.012664 0.018667 0.005357
v -0.012664 0.009333 0.005357
v -0.012868 0.018667 0.004846
v -0.012868 0.009333 0.004846
v -0.013051 0.018667 0.004327
v -0.013051 0.009333 0.004327
v -0.013214 0.018667 0.003802
v -0.013214 0.009333 0.003802
v -0.013355 0.018667 0.003270
v -0.013355 0.009333 0.003270
v -0.013476 0.018667 0.002733
v -0.013476 0.009333 0.002733
v -0.013574 0.018667 0.002192
v -0.013574 0.009333 0.002192
v -0.013651 0.018667 0.001647
v -0.013651 0.009333 0.001647
v -0.013706 0.018667 0.001099
v -0.013706 0.009333 0.001099
v -0.013739 0.018667 0.000550
v -0.013739 0.009333 0.000550
v -0.013739 0.018667 -0.000550
v -0.013739 0.009333 -0.000550
v -0.013706 0.018667 -0.001099
v -0.013706 0.009333 -0.001099
v -0.013651 0.018667 -0.001647
v -0.013651 0.009333 -0.001647
v -0.013574 0.018667 -0.002192
v -0.013574 0.009333 -0.002192
v -0.013476 0.018667 -0.002733
v -0.013476 0.009333 -0.002733
v -0.013355 0.018667 -0.003270
v -0.013355 0.009333 -0.003270
v -0.013214 0.018667 -0.003802
v -0.013214 0.009333 -0.003802
v -0.013051 0.018667 -0.004327
v -0.013051 0.009333 -0.004327
v -0.012868 0.018667 -0.004846
v -0.012868 0.009333 -0.004846
v -0.012664 0.018667 -0.005357
v -0.012664 0.009333 -0.005357
v -0.012439 0.018667 -0.005859
v -0.012439 0.009333 -0.005859
v -0.012195 0.018667 -0.006352
v -0.012195 0.009333 -0.006352
v -0.011931 0.018667 -0.006835
v -0.011931 0.009333 -0.006835
v -0.011648 0.018667 -0.007307
v -0.011648 0.009333 -0.007307
v -0.011346 0.018667 -0.007767
v -0.011346 0.009333 -0.007767
v -0.011026 0.018667 -0.008215
v -0.011026 0.009333 -0.008215
v -0.010689 0.018667 -0.008650
v -0.010689 0.009333 -0.008650
v -0.010334 0.018667 -0.009070
v -0.010334 0.009333 -0.009070
v -0.009963 0.018667 -0.009477
v -0.009963 0.009333 -0.009477
v -0.009576 0.018667 -0.009868
v -0.009576 0.009333 -0.009868
v -0.009173 0.018667 -0.010243
v -0.009173 0.009333 -0.010243
v -0.008756 0.018667 -0.010602
v -0.008756 0.009333 -0.010602
v -0.008325 0.018667 -0.010943
v -0.008325 0.009333 -0.010943
v -0.007880 0.018667 -0.011268
v -0.007880 0.009333 -0.011268
v -0.007423 0.018667 -0.011574
v -0.007423 0.009333 -0.011574
v -0.006954 0.018667 -0.011862
v -0.006954 0.009333 -0.011862
v -0.006474 0.018667 -0.012130
v -0.006474 0.009333 -0.012130
v -0.005986 0.018667 -0.012379
v -0.005985 0.009333 -0.012379
v -0.005484 0.018667 -0.012609
v -0.005484 0.009333 -0.012609
v -0.004975 0.018667 -0.012819
v -0.004975 0.009333 -0.012819
v -0.004458 0.018667 -0.013007
v -0.004458 0.009333 -0.013007
v -0.003934 0.018667 -0.013175
v -0.003934 0.009333 -0.013175
v -0.003403 0.018667 -0.013322
v -0.003403 0.009333 -0.013322
v -0.002868 0.018667 -0.013448
v -0.002868 0.009333 -0.013448
v -0.002327 0.018667 -0.013552
v -0.002327 0.009333 -0.013552
v -0.001783 0.018667 -0.013634
v -0.001783 0.009333 -0.013634
v -0.001236 0.018667 -0.013694
v -0.001236 0.009333 -0.013694
v -0.000688 0.018667 -0.013733
v -0.000688 0.009333 -0.013733
v -0.000138 0.018667 -0.013749
v -0.000138 0.009333 -0.013749
v 0.000413 0.018667 -0.013744
v 0.000413 0.009333 -0.013744
v 0.000962 0.018667 -0.013716
v 0.000962 0.009333 -0.013716
v 0.001510 0.018667 -0.013667
v 0.001510 0.009333 -0.013667
v 0.002056 0.018667 -0.013595
v 0.002056 0.009333 -0.013595
v 0.002598 0.018667 -0.013502
v 0.002598 0.009333 -0.013502
v 0.003136 0.018667 -0.013388
v 0.003136 0.009333 -0.013388
v 0.003669 0.018667 -0.013251
v 0.003669 0.009333 -0.013251
v 0.004197 0.018667 -0.013094
v 0.004197 0.009333 -0.013094
v 0.004717 0.018667 -0.012916
v 0.004717 0.009333 -0.012916
v 0.005230 0.018667 -0.012716
v 0.005230 0.009333 -0.012716
v 0.005735 0.018667 -0.012497
v 0.005735 0.009333 -0.012497
v 0.006230 0.018667 -0.012258
v 0.006230 0.009333 -0.012258
v 0.006716 0.018667 -0.011999
v 0.006716 0.009333 -0.011999
v 0.007190 0.018667 -0.011720
v 0.007190 0.009333 -0.011720
v 0.007653 0.018667 -0.011423
v 0.007653 0.009333 -0.011423
v 0.008104 0.018667 -0.011108
v 0.008104 0.009333 -0.011108
v 0.008542 0.018667 -0.010775
v 0.008542 0.009333 -0.010775
v 0.008966 0.018667 -0.010424
v 0.008966 0.009333 -0.010424
v 0.009376 0.018667 -0.010057
v 0.009376 0.009333 -0.010057
v 0.009771 0.018667 -0.009674
v 0.009771 0.009333 -0.009674
v 0.010150 0.018667 -0.009275
v 0.010150 0.009333 -0.009275
v 0.010513 0.018667 -0.008862
v 0.010513 0.009333 -0.008862
v 0.010860 0.018667 -0.008434
v 0.010860 0.009333 -0.008434
v 0.011188 0.018667 -0.007993
v 0.011188 0.009333 -0.007993
v 0.011499 0.018667 -0.007539
v 0.011499 0.009333 -0.007539
v 0.011792 0.018667 -0.007073
v 0.011792 0.009333 -0.007073
v 0.012065 0.018667 -0.006595
v 0.012065 0.009333 -0.006595
v 0.012319 0.018667 -0.006107
v 0.012319 0.009333 -0.006107
v 0.012554 0.018667 -0.005609
v 0.012554 0.009333 -0.005609
v 0.012768 0.018667 -0.005103
v 0.012768 0.009333 -0.005103
v 0.012962 0.018667 -0.004588
v 0.012962 0.009333 -0.004588
v 0.013135 0.018667 -0.004065
v 0.013135 0.009333 -0.004065
v 0.013287 0.018667 -0.003537
v 0.013287 0.009333 -0.003537
v 0.013418 0.018667 -0.003002
v 0.013418 0.009333 -0.003002
v 0.013528 0.018667 -0.002463
v 0.013528 0.009333 -0.002463
v 0.013615 0.018667 -0.001920
v 0.013615 0.009333 -0.001920
v 0.013681 0.018667 -0.001373
v 0.013681 0.009333 -0.001373
v 0.013725 0.018667 -0.000825
v 0.013725 0.009333 -0.000825
v 0.013747 0.018667 -0.000275
v 0.013747 0.009333 -0.000275
v 0.013747 0.018667 0.000275
v 0.013747 0.009333 0.000275
v 0.013725 0.018667 0.000825
v 0.013725 0.009333 0.000825
v 0.013681 0.018667 0.001373
v 0.013681 0.009333 0.001373
v 0.013615 0.018667 0.001920
v 0.013615 0.009333 0.001920
v 0.013528 0.018667 0.002463
v 0.013528 0.009333 0.002463
v 0.013418 0.018667 0.003002
v 0.013418 0.009333 0.003002
v 0.013287 0.018667 0.003537
v 0.013287 0.009333 0.003537
v 0.013135 0.018667 0.004065
v 0.013135 0.009333 0.004065
v 0.012962 0.018667 0.004588
v 0.012962 0.009333 0.004588
v 0.012768 0.018667 0.005103
v 0.012768 0.009333 0.005103
v 0.012554 0.018667 0.005609
v 0.012554 0.009333 0.005609
v 0.012319 0.018667 0.006107
v 0.012319 0.009333 0.006107
v 0.012065 0.018667 0.006595
v 0.012065 0.009333 0.006595
v 0.011792 0.018667 0.007073
v 0.011792 0.009333 0.007073
v 0.011499 0.018667 0.007539
v 0.011499 0.009333 0.007539
v 0.011188 0.018667 0.007993
v 0.011188 0.009333 0.007993
v 0.010860 0.018667 0.008434
v 0.010860 0.009333 0.008434
v 0.010513 0.018667 0.008862
v 0.010513 0.009333 0.008862
v 0.010150 0.018667 0.009275
v 0.010150 0.009333 0.009275
v 0.009771 0.018667 0.009674
v 0.009771 0.009333 0.009674
v 0.009376 0.018667 0.010057
v 0.009376 0.009333 0.010057
vt -0.800000 0.607375 0.000000
vt -0.400000 0.607375 0.000000
vt -0.800000 0.628319 0.000000
vt -0.400000 0.628319 0.000000
vt -0.800000 -0.628319 0.000000
vt -0.400000 -0.628319 0.000000
vt -0.800000 -0.607375 0.000000
vt -0.400000 -0.607375 0.000000
vt -0.800000 -0.586431 0.000000
vt -0.400000 -0.586431 0.000000
vt -0.800000 -0.565487 0.000000
vt -0.400000 -0.565487 0.000000
vt -0.800000 -0.544543 0.000000
vt -0.400000 -0.544543 0.000000
vt -0.800000 -0.523599 0.000000
vt -0.400000 -0.523599 0.000000
vt -0.800000 -0.502655 0.000000
vt -0.400000 -0.502655 0.000000
vt -0.800000 -0.481711 0.000000
vt -0.400000 -0.481711 0.000000
vt -0.800000 -0.460767 0.000000
vt -0.400000 -0.460767 0.000000
vt -0.800000 -0.439823 0.000000
vt -0.400000 -0.439823 0.000000
vt -0.800000 -0.418879 0.000000
vt -0.400000 -0.418879 0.000000
vt -0.800000 -0.397935 0.000000
vt -0.400000 -0.397935 0.000000
vt -0.800000 -0.376991 0.000000
vt -0.400000 -0.376991 0.000000
vt -0.800000 -0.356047 0.000000
vt -0.400000 -0.356047 0.000000
vt -0.800000 -0.335103 0.000000
vt -0.400000 -0.335103 0.000000
vt -0.800000 -0.314159 0.000000
vt -0.400000 -0.314159 0.000000
vt -0.800000 -0.293215 0.000000
vt -0.400000 -0.293215 0.000000
vt -0.800000 -0.272271 0.000000
vt -0.400000 -0.272271 0.000000
vt -0.800000 -0.251327 0.000000
vt -0.400000 -0.251327 0.000000
vt -0.800000 -0.230383 0.000000
vt -0.400000 -0.230383 0.000000
vt -0.800000 -0.209440 0.000000
vt -0.400000 -0.209440 0.000000
vt -0.800000 -0.188496 0.000000
vt -0.400000 -0.188496 0.000000
vt -0.800000 -0.167552 0.000000
vt -0.400000 -0.167552 0.000000
vt -0.800000 -0.146608 0.000000
vt -0.400000 -0.146608 0.000000
vt -0.800000 -0.125664 0.000000
vt -0.400000 -0.125664 0.000000
vt -0.800000 -0.104720 0.000000
vt -0.400000 -0.104720 0.000000
vt -0.800000 -0.083776 0.000000
vt -0.400000 -0.083776 0.000000
vt -0.800000 -0.062832 0.000000
vt -0.400000 -0.062832 0.000000
vt -0.800000 -0.041888 0.000000
vt -0.400000 -0.041888 0.000000
vt -0.800000 -0.020944 0.000000
vt -0.400000 -0.020944 0.000000
vt -0.800000 0.000000 0.000000
vt -0.400000 0.000000 0.000000
vt -0.800000 0.020944 0.000000
vt -0.400000 0.020944 0.000000
vt -0.800000 0.041888 0.000000
vt -0.400000 0.041888 0.000000
vt -0.800000 0.062832 0.000000
vt -0.400000 0.062832 0.000000
vt -0.800000 0.083776 0.000000
vt -0.400000 0.083776 0.000000
vt -0.800000 0.104720 0.000000
vt -0.400000 0.104720 0.000000
vt -0.800000 0.125664 0.000000
vt -0.400000 0.125664 0.000000
vt -0.800000 0.146608 0.000000
vt -0.400000 0.146608 0.000000
vt -0.800000 0.167552 0.000000
vt -0.400000 0.167552 0.000000
vt -0.800000 0.188496 0.000000
vt -0.400000 0.188496 0.000000
vt -0.800000 0.209440 0.000000
vt -0.400000 0.209440 0.000000
vt -0.800000 0.230383 0.000000
vt -0.400000 0.230383 0.000000
vt -0.800000 0.251327 0.000000
vt -0.400000 0.251327 0.000000
vt -0.800000 0.272271 0.000000
vt -0.400000 0.272271 0.000000
vt -0.800000 0.293215 0.000000
vt -0.400000 0.293215 0.000000
vt -0.800000 0.314159 0.000000
vt -0.400000 0.314159 0.000000
vt -0.800000 0.335103 0.000000
vt -0.400000 0.335103 0.000000
vt -0.800000 0.356047 0.000000
vt -0.400000 0.356047 0.000000
vt -0.800000 0.376991 0.000000
vt -0.400000 0.376991 0.000000
vt -0.800000 0.397935 0.000000
vt -0.400000 0.397935 0.000000
vt -0.800000 0.418879 0.000000
vt -0.400000 0.418879 0.000000
vt -0.800000 0.439823 0.000000
vt -0.400000 0.439823 0.000000
vt -0.800000 0.460767 0.000000
vt -0.400000 0.460767 0.000000
vt -0.800000 0.481711 0.000000
vt -0.400000 0.481711 0.000000
vt -0.800000 0.502655 0.000000
vt -0.400000 0.502655 0.000000
vt -0.800000 0.523599 0.000000
vt -0.400000 0.523599 0.000000
vt -0.800000 0.544543 0.000000
vt -0.400000 0.544543 0.000000
vt -0.800000 0.565487 0.000000
vt -0.400000 0.565487 0.000000
vt -0.800000 0.586431 0.000000
vt -0.400000 0.586431 0.000000
vt -0.000000 -0.607375 0.000000
vt -0.000000 -0.628319 0.000000
vt -0.000000 0.628319 0.000000
vt -0.000000 0.607375 0.000000
vt -0.000000 0.586431 0.000000
vt -0.000000 0.565487 0.000000
vt -0.000000 0.544543 0.000000
vt -0.000000 0.523599 0.000000
vt -0.000000 0.502655 0.000000
vt -0.000000 0.481711 0.000000
vt -0.000000 0.460767 0.000000
vt -0.000000 0.439823 0.000000
vt -0.000000 0.418879 0.000000
vt -0.000000 0.397935 0.000000
vt -0.000000 0.376991 0.000000
vt -0.000000 0.356047 0.000000
vt -0.000000 0.335103 0.000000
vt -0.000000 0.314159 0.000000
vt -0.000000 0.293215 0.000000
vt -0.000000 0.272271 0.000000
vt -0.000000 0.251327 0.000000
vt -0.000000 0.230383 0.000000
vt -0.000000 0.209440 0.000000
vt -0.000000 0.188496 0.000000
vt -0.000000 0.167552 0.000000
vt -0.000000 0.146608 0.000000
vt -0.000000 0.125664 0.000000
vt -0.000000 0.104720 0.000000
vt -0.000000 0.083776 0.000000
vt -0.000000 0.062832 0.000000
vt -0.000000 0.041888 0.000000
vt -0.000000 0.020944 0.000000
vt -0.000000 0.000000 0.000000
vt -0.000000 -0.020944 0.000000
vt -0.000000 -0.041888 0.000000
vt -0.000000 -0.062832 0.000000
vt -0.000000 -0.083776 0.000000
vt -0.000000 -0.104720 0.000000
vt -0.000000 -0.125664 0.000000
vt -0.000000 -0.146608 0.000000
vt -0.000000 -0.167552 0.000000
vt -0.000000 -0.188496 0.000000
vt -0.000000 -0.209440 0.000000
vt -0.000000 -0.230383 0.000000
vt -0.000000 -0.251327 0.000000
vt -0.000000 -0.272271 0.000000
vt -0.000000 -0.293215 0.000000
vt -0.000000 -0.314159 0.000000
vt -0.000000 -0.335103 0.000000
vt -0.000000 -0.356047 0.000000
vt -0.000000 -0.376991 0.000000
vt -0.000000 -0.397935 0.000000
vt -0.000000 -0.418879 0.000000
vt -0.000000 -0.439823 0.000000
vt -0.000000 -0.460767 0.000000
vt -0.000000 -0.481711 0.000000
vt -0.000000 -0.502655 0.000000
vt -0.000000 -0.523599 0.000000
vt -0.000000 -0.544543 0.000000
vt -0.000000 -0.565487 0.000000
vt -0.000000 -0.586431 0.000000
vt -0.198904 -0.020906 0.000000
vt 0.198904 -0.020906 0.000000
vt -0.200000 -0.000000 0.000000
vt 0.200000 0.000000 0.000000
vt -0.198904 0.020906 0.000000
vt 0.198904 0.020906 0.000000
vt -0.195630 0.041582 0.000000
vt 0.195630 0.041582 0.000000
vt -0.190211 0.061803 0.000000
vt 0.190211 0.061803 0.000000
vt -0.182709 0.081347 0.000000
vt 0.182709 0.081347 0.000000
vt -0.173205 0.100000 0.000000
vt 0.173205 0.100000 0.000000
vt -0.161803 0.117557 0.000000
vt 0.161803 0.117557 0.000000
vt -0.148629 0.133826 0.000000
vt 0.148629 0.133826 0.000000
vt -0.133826 0.148629 0.000000
vt 0.133826 0.148629 0.000000
vt -0.117557 0.161803 0.000000
vt 0.117557 0.161803 0.000000
vt -0.100000 0.173205 0.000000
vt 0.100000 0.173205 0.000000
vt -0.081347 0.182709 0.000000
vt 0.081347 0.182709 0.000000
vt -0.061803 0.190211 0.000000
vt 0.061803 0.190211 0.000000
vt -0.041582 0.195630 0.000000
vt 0.041582 0.195630 0.000000
vt -0.020906 0.198904 0.000000
vt 0.020906 0.198904 0.000000
vt 0.000000 0.200000 0.000000
vt 0.195630 -0.041582 0.000000
vt -0.195630 -0.041582 0.000000
vt 0.190211 -0.061803 0.000000
vt -0.190211 -0.061803 0.000000
vt 0.182709 -0.081347 0.000000
vt -0.182709 -0.081347 0.000000
vt 0.173205 -0.100000 0.000000
vt -0.173205 -0.100000 0.000000
vt 0.161803 -0.117557 0.000000
vt -0.161803 -0.117557 0.000000
vt 0.148629 -0.133826 0.000000
vt -0.148629 -0.133826 0.000000
vt 0.133826 -0.148629 0.000000
vt -0.133826 -0.148629 0.000000
vt 0.117557 -0.161803 0.000000
vt -0.117557 -0.161803 0.000000
vt 0.100000 -0.173205 0.000000
vt -0.100000 -0.173205 0.000000
vt 0.081347 -0.182709 0.000000
vt -0.081347 -0.182709 0.000000
vt 0.061803 -0.190211 0.000000
vt -0.061803 -0.190211 0.000000
vt 0.041582 -0.195630 0.000000
vt -0.041582 -0.195630 0.000000
vt 0.020906 -0.198904 0.000000
vt -0.020906 -0.198904 0.000000
vt 0.000000 -0.200000 0.000000
vt 0.200000 -0.453114 0.000000
vt 0.000000 -0.453114 0.000000
vt 0.200000 -0.471239 0.000000
vt 0.000000 -0.471239 0.000000
vt 0.200000 0.471239 0.000000
vt 0.000000 0.471239 0.000000
vt 0.200000 0.453114 0.000000
vt 0.000000 0.453114 0.000000
vt 0.200000 0.434990 0.000000
vt 0.000000 0.434990 0.000000
vt 0.200000 0.416865 0.000000
vt 0.000000 0.416865 0.000000
vt 0.200000 0.398741 0.000000
vt 0.000000 0.398741 0.000000
vt 0.200000 0.380616 0.000000
vt 0.000000 0.380616 0.000000
vt 0.200000 0.362491 0.000000
vt 0.000000 0.362491 0.000000
vt 0.200000 0.344367 0.000000
vt 0.000000 0.344367 0.000000
vt 0.200000 0.326242 0.000000
vt 0.000000 0.326242 0.000000
vt 0.200000 0.308118 0.000000
vt 0.000000 0.308118 0.000000
vt 0.200000 0.289993 0.000000
vt 0.000000 0.289993 0.000000
vt 0.200000 0.271869 0.000000
vt 0.000000 0.271869 0.000000
vt 0.200000 0.253744 0.000000
vt 0.000000 0.253744 0.000000
vt 0.200000 0.235619 0.000000
vt 0.000000 0.235619 0.000000
vt 0.200000 0.217495 0.000000
vt 0.000000 0.217495 0.000000
vt 0.200000 0.199370 0.000000
vt 0.000000 0.199370 0.000000
vt 0.200000 0.181246 0.000000
vt 0.000000 0.181246 0.000000
vt 0.200000 0.163121 0.000000
vt 0.000000 0.163121 0.000000
vt 0.200000 0.144997 0.000000
vt 0.000000 0.144997 0.000000
vt 0.200000 0.126872 0.000000
vt 0.000000 0.126872 0.000000
vt 0.200000 0.108747 0.000000
vt 0.000000 0.108747 0.000000
vt 0.200000 0.090623 0.000000
vt 0.000000 0.090623 0.000000
vt 0.200000 0.072498 0.000000
vt 0.000000 0.072498 0.000000
vt 0.200000 0.054374 0.000000
vt 0.000000 0.054374 0.000000
vt 0.200000 0.036249 0.000000
vt 0.000000 0.036249 0.000000
vt 0.200000 0.018125 0.000000
vt 0.000000 0.018125 0.000000
vt 0.200000 0.000000 0.000000
vt 0.000000 0.000000 0.000000
vt 0.200000 -0.018125 0.000000
vt 0.000000 -0.018125 0.000000
vt 0.200000 -0.036249 0.000000
vt 0.000000 -0.036249 0.000000
vt 0.200000 -0.054374 0.000000
vt 0.000000 -0.054374 0.000000
vt 0.200000 -0.072498 0.000000
vt 0.000000 -0.072498 0.000000
vt 0.200000 -0.090623 0.000000
vt 0.000000 -0.090623 0.000000
vt 0.200000 -0.108747 0.000000
vt 0.000000 -0.108747 0.000000
vt 0.200000 -0.126872 0.000000
vt 0.000000 -0.126872 0.000000
vt 0.200000 -0.144997 0.000000
vt 0.000000 -0.144997 0.000000
vt 0.200000 -0.163121 0.000000
vt 0.000000 -0.163121 0.000000
vt 0.200000 -0.181246 0.000000
vt 0.000000 -0.181246 0.000000
vt 0.200000 -0.199370 0.000000
vt 0.000000 -0.199370 0.000000
vt 0.200000 -0.217495 0.000000
vt 0.000000 -0.217495 0.000000
vt 0.200000 -0.235619 0.000000
vt 0.000000 -0.235619 0.000000
vt 0.200000 -0.253744 0.000000
vt 0.000000 -0.253744 0.000000
vt 0.200000 -0.271869 0.000000
vt 0.000000 -0.271869 0.000000
vt 0.200000 -0.289993 0.000000
vt 0.000000 -0.289993 0.000000
vt 0.200000 -0.308118 0.000000
vt 0.000000 -0.308118 0.000000
vt 0.200000 -0.326242 0.000000
vt 0.000000 -0.326242 0.000000
vt 0.200000 -0.344367 0.000000
vt 0.000000 -0.344367 0.000000
vt 0.200000 -0.362491 0.000000
vt 0.000000 -0.362491 0.000000
vt 0.200000 -0.380616 0.000000
vt 0.000000 -0.380616 0.000000
vt 0.200000 -0.398741 0.000000
vt 0.000000 -0.398741 0.000000
vt 0.200000 -0.416865 0.000000
vt 0.000000 -0.416865 0.000000
vt 0.200000 -0.434990 0.000000
vt 0.000000 -0.434990 0.000000
vt -0.148906 -0.018081 0.000000
vt 0.148906 -0.018081 0.000000
vt -0.150000 -0.000000 0.000000
vt 0.150000 0.000000 0.000000
vt -0.148906 0.018081 0.000000
vt 0.148906 0.018081 0.000000
vt -0.145641 0.035897 0.000000
vt 0.145641 0.035897 0.000000
vt -0.140252 0.053191 0.000000
vt 0.140252 0.053191 0.000000
vt -0.132818 0.069708 0.000000
vt 0.132818 0.069708 0.000000
vt -0.123448 0.085210 0.000000
vt 0.123448 0.085210 0.000000
vt -0.112277 0.099468 0.000000
vt 0.112277 0.099468 0.000000
vt -0.099468 0.112277 0.000000
vt 0.099468 0.112277 0.000000
vt -0.085210 0.123448 0.000000
vt 0.085210 0.123448 0.000000
vt -0.069708 0.132818 0.000000
vt 0.069708 0.132818 0.000000
vt -0.053191 0.140252 0.000000
vt 0.053191 0.140252 0.000000
vt -0.035897 0.145641 0.000000
vt 0.035897 0.145641 0.000000
vt -0.018081 0.148906 0.000000
vt 0.018081 0.148906 0.000000
vt 0.000000 0.150000 0.000000
vt 0.145641 -0.035897 0.000000
vt -0.145641 -0.035897 0.000000
vt 0.140252 -0.053191 0.000000
vt -0.140252 -0.053191 0.000000
vt 0.132818 -0.069708 0.000000
vt -0.132818 -0.069708 0.000000
vt 0.123448 -0.085210 0.000000
vt -0.123448 -0.085210 0.000000
vt 0.112277 -0.099468 0.000000
vt -0.112277 -0.099468 0.000000
vt 0.099468 -0.112277 0.000000
vt -0.099468 -0.112277 0.000000
vt 0.085210 -0.123448 0.000000
vt -0.085210 -0.123448 0.000000
vt 0.069708 -0.132818 0.000000
vt -0.069708 -0.132818 0.000000
vt 0.053191 -0.140252 0.000000
vt -0.053191 -0.140252 0.000000
vt 0.035897 -0.145641 0.000000
vt -0.035897 -0.145641 0.000000
vt 0.018081 -0.148906 0.000000
vt -0.018081 -0.148906 0.000000
vt 0.000000 -0.150000 0.000000
vt 0.200000 -0.453114 0.000000
vt 0.000000 -0.453114 0.000000
vt 0.200000 -0.471239 0.000000
vt 0.000000 -0.471239 0.000000
vt 0.200000 0.471239 0.000000
vt 0.000000 0.471239 0.000000
vt 0.200000 0.453114 0.000000
vt 0.000000 0.453114 0.000000
vt 0.200000 0.434990 0.000000
vt 0.000000 0.434990 0.000000
vt 0.200000 0.416865 0.000000
vt 0.000000 0.416865 0.000000
vt 0.200000 0.398741 0.000000
vt 0.000000 0.398741 0.000000
vt 0.200000 0.380616 0.000000
vt 0.000000 0.380616 0.000000
vt 0.200000 0.362491 0.000000
vt 0.000000 0.362491 0.000000
vt 0.200000 0.344367 0.000000
vt 0.000000 0.344367 0.000000
vt 0.200000 0.326242 0.000000
vt 0.000000 0.326242 0.000000
vt 0.200000 0.308118 0.000000
vt 0.000000 0.308118 0.000000
vt 0.200000 0.289993 0.000000
vt 0.000000 0.289993 0.000000
vt 0.200000 0.271869 0.000000
vt 0.000000 0.271869 0.000000
vt 0.200000 0.253744 0.000000
vt 0.000000 0.253744 0.000000
vt 0.200000 0.235619 0.000000
vt 0.000000 0.235619 0.000000
vt 0.200000 0.217495 0.000000
vt 0.000000 0.217495 0.000000
vt 0.200000 0.199370 0.000000
vt 0.000000 0.199370 0.000000
vt 0.200000 0.181246 0.000000
vt 0.000000 0.181246 0.000000
vt 0.200000 0.163121 0.000000
vt 0.000000 0.163121 0.000000
vt 0.200000 0.144997 0.000000
vt 0.000000 0.144997 0.000000
vt 0.200000 0.126872 0.000000
vt 0.000000 0.126872 0.000000
vt 0.200000 0.108747 0.000000
vt 0.000000 0.108747 0.000000
vt 0.200000 0.090623 0.000000
vt 0.000000 0.090623 0.000000
vt 0.200000 0.072498 0.000000
vt 0.000000 0.072498 0.000000
vt 0.200000 0.054374 0.000000
vt 0.000000 0.054374 0.000000
vt 0.200000 0.036249 0.000000
vt 0.000000 0.036249 0.000000
vt 0.200000 0.018125 0.000000
vt 0.000000 0.018125 0.000000
vt 0.200000 0.000000 0.000000
vt 0.000000 0.000000 0.000000
vt 0.200000 -0.018125 0.000000
vt 0.000000 -0.018125 0.000000
vt 0.200000 -0.036249 0.000000
vt 0.000000 -0.036249 0.000000
vt 0.200000 -0.054374 0.000000
vt 0.000000 -0.054374 0.000000
vt 0.200000 -0.072498 0.000000
vt 0.000000 -0.072498 0.000000
vt 0.200000 -0.090623 0.000000
vt 0.000000 -0.090623 0.000000
vt 0.200000 -0.108747 0.000000
vt 0.000000 -0.108747 0.000000
vt 0.200000 -0.126872 0.000000
vt 0.000000 -0.126872 0.000000
vt 0.200000 -0.144997 0.000000
vt 0.000000 -0.144997 0.000000
vt 0.200000 -0.163121 0.000000
vt 0.000000 -0.163121 0.000000
vt 0.200000 -0.181246 0.000000
vt 0.000000 -0.181246 0.000000
vt 0.200000 -0.199370 0.000000
vt 0.000000 -0.199370 0.000000
vt 0.200000 -0.217495 0.000000
vt 0.000000 -0.217495 0.000000
vt 0.200000 -0.235619 0.000000
vt 0.000000 -0.235619 0.000000
vt 0.200000 -0.253744 0.000000
vt 0.000000 -0.253744 0.000000
vt 0.200000 -0.271869 0.000000
vt 0.000000 -0.271869 0.000000
vt 0.200000 -0.289993 0.000000
vt 0.000000 -0.289993 0.000000
vt 0.200000 -0.308118 0.000000
vt 0.000000 -0.308118 0.000000
vt 0.200000 -0.326242 0.000000
vt 0.000000 -0.326242 0.000000
vt 0.200000 -0.344367 0.000000
vt 0.000000 -0.344367 0.000000
vt 0.200000 -0.362491 0.000000
vt 0.000000 -0.362491 0.000000
vt 0.200000 -0.380616 0.000000
vt 0.000000 -0.380616 0.000000
vt 0.200000 -0.398741 0.000000
vt 0.000000 -0.398741 0.000000
vt 0.200000 -0.416865 0.000000
vt 0.000000 -0.416865 0.000000
vt 0.200000 -0.434990 0.000000
vt 0.000000 -0.434990 0.000000
vt -0.148906 -0.018081 0.000000
vt 0.148906 -0.018081 0.000000
vt -0.150000 0.000000 0.000000
vt 0.150000 0.000000 0.000000
vt -0.148906 0.018081 0.000000
vt 0.148906 0.018081 0.000000
vt -0.145641 0.035897 0.000000
vt 0.145641 0.035897 0.000000
vt -0.140252 0.053191 0.000000
vt 0.140252 0.053191 0.000000
vt -0.132818 0.069708 0.000000
vt 0.132818 0.069708 0.000000
vt -0.123448 0.085210 0.000000
vt 0.123448 0.085210 0.000000
vt -0.112277 0.099468 0.000000
vt 0.112277 0.099468 0.000000
vt -0.099468 0.112277 0.000000
vt 0.099468 0.112277 0.000000
vt -0.085210 0.123448 0.000000
vt 0.085210 0.123448 0.000000
vt -0.069708 0.132818 0.000000
vt 0.069708 0.132818 0.000000
vt -0.053191 0.140252 0.000000
vt 0.053191 0.140252 0.000000
vt -0.035897 0.145641 0.000000
vt 0.035897 0.145641 0.000000
vt -0.018081 0.148906 0.000000
vt 0.018081 0.148906 0.000000
vt 0.000000 0.150000 0.000000
vt 0.145641 -0.035897 0.000000
vt -0.145641 -0.035897 0.000000
vt 0.140252 -0.053191 0.000000
vt -0.140252 -0.053191 0.000000
vt 0.132818 -0.069708 0.000000
vt -0.132818 -0.069708 0.000000
vt 0.123448 -0.085210 0.000000
vt -0.123448 -0.085210 0.000000
vt 0.112277 -0.099468 0.000000
vt -0.112277 -0.099468 0.000000
vt 0.099468 -0.112277 0.000000
vt -0.099468 -0.112277 0.000000
vt 0.085210 -0.123448 0.000000
vt -0.085210 -0.123448 0.000000
vt 0.069708 -0.132818 0.000000
vt -0.069708 -0.132818 0.000000
vt 0.053191 -0.140252 0.000000
vt -0.053191 -0.140252 0.000000
vt 0.035897 -0.145641 0.000000
vt -0.035897 -0.145641 0.000000
vt 0.018081 -0.148906 0.000000
vt -0.018081 -0.148906 0.000000
vt 0.000000 -0.150000 0.000000
vt 0.200000 -0.453114 0.000000
vt 0.000000 -0.453114 0.000000
vt 0.200000 -0.471239 0.000000
vt 0.000000 -0.471239 0.000000
vt 0.200000 0.471239 0.000000
vt 0.000000 0.471239 0.000000
vt 0.200000 0.453114 0.000000
vt 0.000000 0.453114 0.000000
vt 0.200000 0.434990 0.000000
vt 0.000000 0.434990 0.000000
vt 0.200000 0.416865 0.000000
vt 0.000000 0.416865 0.000000
vt 0.200000 0.398741 0.000000
vt 0.000000 0.398741 0.000000
vt 0.200000 0.380616 0.000000
vt 0.000000 0.380616 0.000000
vt 0.200000 0.362491 0.000000
vt 0.000000 0.362491 0.000000
vt 0.200000 0.344367 0.000000
vt 0.000000 0.344367 0.000000
vt 0.200000 0.326242 0.000000
vt 0.000000 0.326242 0.000000
vt 0.200000 0.308118 0.000000
vt 0.000000 0.308118 0.000000
vt 0.200000 0.289993 0.000000
vt 0.000000 0.289993 0.000000
vt 0.200000 0.271869 0.000000
vt 0.000000 0.271869 0.000000
vt 0.200000 0.253744 0.000000
vt 0.000000 0.253744 0.000000
vt 0.200000 0.235619 0.000000
vt 0.000000 0.235619 0.000000
vt 0.200000 0.217495 0.000000
vt 0.000000 0.217495 0.000000
vt 0.200000 0.199370 0.000000
vt 0.000000 0.199370 0.000000
vt 0.200000 0.181246 0.000000
vt 0.000000 0.181246 0.000000
vt 0.200000 0.163121 0.000000
vt 0.000000 0.163121 0.000000
vt 0.200000 0.144997 0.000000
vt 0.000000 0.144997 0.000000
vt 0.200000 0.126872 0.000000
vt 0.000000 0.126872 0.000000
vt 0.200000 0.108747 0.000000
vt 0.000000 0.108747 0.000000
vt 0.200000 0.090623 0.000000
vt 0.000000 0.090623 0.000000
vt 0.200000 0.072498 0.000000
vt 0.000000 0.072498 0.000000
vt 0.200000 0.054374 0.000000
vt 0.000000 0.054374 0.000000
vt 0.200000 0.036249 0.000000
vt 0.000000 0.036249 0.000000
vt 0.200000 0.018125 0.000000
vt 0.000000 0.018125 0.000000
vt 0.200000 0.000000 0.000000
vt 0.000000 0.000000 0.000000
vt 0.200000 -0.018125 0.000000
vt 0.000000 -0.018125 0.000000
vt 0.200000 -0.036249 0.000000
vt 0.000000 -0.036249 0.000000
vt 0.200000 -0.054374 0.000000
vt 0.000000 -0.054374 0.000000
vt 0.200000 -0.072498 0.000000
vt 0.000000 -0.072498 0.000000
vt 0.200000 -0.090623 0.000000
vt 0.000000 -0.090623 0.000000
vt 0.200000 -0.108747 0.000000
vt 0.000000 -0.108747 0.000000
vt 0.200000 -0.126872 0.000000
vt 0.000000 -0.126872 0.000000
vt 0.200000 -0.144997 0.000000
vt 0.000000 -0.144997 0.000000
vt 0.200000 -0.163121 0.000000
vt 0.000000 -0.163121 0.000000
vt 0.200000 -0.181246 0.000000
vt 0.000000 -0.181246 0.000000
vt 0.200000 -0.199370 0.000000
vt 0.000000 -0.199370 0.000000
vt 0.200000 -0.217495 0.000000
vt 0.000000 -0.217495 0.000000
vt 0.200000 -0.235619 0.000000
vt 0.000000 -0.235619 0.000000
vt 0.200000 -0.253744 0.000000
vt 0.000000 -0.253744 0.000000
vt 0.200000 -0.271869 0.000000
vt 0.000000 -0.271869 0.000000
vt 0.200000 -0.289993 0.000000
vt 0.000000 -0.289993 0.000000
vt 0.200000 -0.308118 0.000000
vt 0.000000 -0.308118 0.000000
vt 0.200000 -0.326242 0.000000
vt 0.000000 -0.326242 0.000000
vt 0.200000 -0.344367 0.000000
vt 0.000000 -0.344367 0.000000
vt 0.200000 -0.362491 0.000000
vt 0.000000 -0.362491 0.000000
vt 0.200000 -0.380616 0.000000
vt 0.000000 -0.380616 0.000000
vt 0.200000 -0.398741 0.000000
vt 0.000000 -0.398741 0.000000
vt 0.200000 -0.416865 0.000000
vt 0.000000 -0.416865 0.000000
vt 0.200000 -0.434990 0.000000
vt 0.000000 -0.434990 0.000000
vt -0.148906 -0.018081 0.000000
vt 0.148906 -0.018081 0.000000
vt -0.150000 0.000000 0.000000
vt 0.150000 0.000000 0.000000
vt -0.148906 0.018081 0.000000
vt 0.148906 0.018081 0.000000
vt -0.145641 0.035897 0.000000
vt 0.145641 0.035897 0.000000
vt -0.140252 0.053191 0.000000
vt 0.140252 0.053191 0.000000
vt -0.132818 0.069708 0.000000
vt 0.132818 0.069708 0.000000
vt -0.123448 0.085210 0.000000
vt 0.123448 0.085210 0.000000
vt -0.112277 0.099468 0.000000
vt 0.112277 0.099468 0.000000
vt -0.099468 0.112277 0.000000
vt 0.099468 0.112277 0.000000
vt -0.085210 0.123448 0.000000
vt 0.085210 0.123448 0.000000
vt -0.069708 0.132818 0.000000
vt 0.069708 0.132818 0.000000
vt -0.053191 0.140252 0.000000
vt 0.053191 0.140252 0.000000
vt -0.035897 0.145641 0.000000
vt 0.035897 0.145641 0.000000
vt -0.018081 0.148906 0.000000
vt 0.018081 0.148906 0.000000
vt 0.000000 0.150000 0.000000
vt 0.145641 -0.035897 0.000000
vt -0.145641 -0.035897 0.000000
vt 0.140252 -0.053191 0.000000
vt -0.140252 -0.053191 0.000000
vt 0.132818 -0.069708 0.000000
vt -0.132818 -0.069708 0.000000
vt 0.123448 -0.085210 0.000000
vt -0.123448 -0.085210 0.000000
vt 0.112277 -0.099468 0.000000
vt -0.112277 -0.099468 0.000000
vt 0.099468 -0.112277 0.000000
vt -0.099468 -0.112277 0.000000
vt 0.085210 -0.123448 0.000000
vt -0.085210 -0.123448 0.000000
vt 0.069708 -0.132818 0.000000
vt -0.069708 -0.132818 0.000000
vt 0.053191 -0.140252 0.000000
vt -0.053191 -0.140252 0.000000
vt 0.035897 -0.145641 0.000000
vt -0.035897 -0.145641 0.000000
vt 0.018081 -0.148906 0.000000
vt -0.018081 -0.148906 0.000000
vt 0.000000 -0.150000 0.000000
vt 0.200000 -0.453114 0.000000
vt 0.000000 -0.453114 0.000000
vt 0.200000 -0.471239 0.000000
vt 0.000000 -0.471239 0.000000
vt 0.200000 0.471239 0.000000
vt 0.000000 0.471239 0.000000
vt 0.200000 0.453114 0.000000
vt 0.000000 0.453114 0.000000
vt 0.200000 0.434990 0.000000
vt 0.000000 0.434990 0.000000
vt 0.200000 0.416865 0.000000
vt 0.000000 0.416865 0.000000
vt 0.200000 0.398741 0.000000
vt 0.000000 0.398741 0.000000
vt 0.200000 0.380616 0.000000
vt 0.000000 0.380616 0.000000
vt 0.200000 0.362491 0.000000
vt 0.000000 0.362491 0.000000
vt 0.200000 0.344367 0.000000
vt 0.000000 0.344367 0.000000
vt 0.200000 0.326242 0.000000
vt 0.000000 0.326242 0.000000
vt 0.200000 0.308118 0.000000
vt 0.000000 0.308118 0.000000
vt 0.200000 0.289993 0.000000
vt 0.000000 0.289993 0.000000
vt 0.200000 0.271869 0.000000
vt 0.000000 0.271869 0.000000
vt 0.200000 0.253744 0.000000
vt 0.000000 0.253744 0.000000
vt 0.200000 0.235619 0.000000
vt 0.000000 0.235619 0.000000
vt 0.200000 0.217495 0.000000
vt 0.000000 0.217495 0.000000
vt 0.200000 0.199370 0.000000
vt 0.000000 0.199370 0.000000
vt 0.200000 0.181246 0.000000
vt 0.000000 0.181246 0.000000
vt 0.200000 0.163121 0.000000
vt 0.000000 0.163121 0.000000
vt 0.200000 0.144997 0.000000
vt 0.000000 0.144997 0.000000
vt 0.200000 0.126872 0.000000
vt 0.000000 0.126872 0.000000
vt 0.200000 0.108747 0.000000
vt 0.000000 0.108747 0.000000
vt 0.200000 0.090623 0.000000
vt 0.000000 0.090623 0.000000
vt 0.200000 0.072498 0.000000
vt 0.000000 0.072498 0.000000
vt 0.200000 0.054374 0.000000
vt 0.000000 0.054374 0.000000
vt 0.200000 0.036249 0.000000
vt 0.000000 0.036249 0.000000
vt 0.200000 0.018125 0.000000
vt 0.000000 0.018125 0.000000
vt 0.200000 0.000000 0.000000
vt 0.000000 0.000000 0.000000
vt 0.200000 -0.018125 0.000000
vt 0.000000 -0.018125 0.000000
vt 0.200000 -0.036249 0.000000
vt 0.000000 -0.036249 0.000000
vt 0.200000 -0.054374 0.000000
vt 0.000000 -0.054374 0.000000
vt 0.200000 -0.072498 0.000000
vt 0.000000 -0.072498 0.000000
vt 0.200000 -0.090623 0.000000
vt 0.000000 -0.090623 0.000000
vt 0.200000 -0.108747 0.000000
vt 0.000000 -0.108747 0.000000
vt 0.200000 -0.126872 0.000000
vt 0.000000 -0.126872 0.000000
vt 0.200000 -0.144997 0.000000
vt 0.000000 -0.144997 0.000000
vt 0.200000 -0.163121 0.000000
vt 0.000000 -0.163121 0.000000
vt 0.200000 -0.181246 0.000000
vt 0.000000 -0.181246 0.000000
vt 0.200000 -0.199370 0.000000
vt 0.000000 -0.199370 0.000000
vt 0.200000 -0.217495 0.000000
vt 0.000000 -0.217495 0.000000
vt 0.200000 -0.235619 0.000000
vt 0.000000 -0.235619 0.000000
vt 0.200000 -0.253744 0.000000
vt 0.000000 -0.253744 0.000000
vt 0.200000 -0.271869 0.000000
vt 0.000000 -0.271869 0.000000
vt 0.200000 -0.289993 0.000000
vt 0.000000 -0.289993 0.000000
vt 0.200000 -0.308118 0.000000
vt 0.000000 -0.308118 0.000000
vt 0.200000 -0.326242 0.000000
vt 0.000000 -0.326242 0.000000
vt 0.200000 -0.344367 0.000000
vt 0.000000 -0.344367 0.000000
vt 0.200000 -0.362491 0.000000
vt 0.000000 -0.362491 0.000000
vt 0.200000 -0.380616 0.000000
vt 0.000000 -0.380616 0.000000
vt 0.200000 -0.398741 0.000000
vt 0.000000 -0.398741 0.000000
vt 0.200000 -0.416865 0.000000
vt 0.000000 -0.416865 0.000000
vt 0.200000 -0.434990 0.000000
vt 0.000000 -0.434990 0.000000
vt -0.148906 -0.018081 0.000000
vt 0.148906 -0.018081 0.000000
vt -0.150000 -0.000000 0.000000
vt 0.150000 0.000000 0.000000
vt -0.148906 0.018081 0.000000
vt 0.148906 0.018081 0.000000
vt -0.145641 0.035897 0.000000
vt 0.145641 0.035897 0.000000
vt -0.140252 0.053191 0.000000
vt 0.140252 0.053191 0.000000
vt -0.132818 0.069708 0.000000
vt 0.132818 0.069708 0.000000
vt -0.123448 0.085210 0.000000
vt 0.123448 0.085210 0.000000
vt -0.112277 0.099468 0.000000
vt 0.112277 0.099468 0.000000
vt -0.099468 0.112277 0.000000
vt 0.099468 0.112277 0.000000
vt -0.085210 0.123448 0.000000
vt 0.085210 0.123448 0.000000
vt -0.069708 0.132818 0.000000
vt 0.069708 0.132818 0.000000
vt -0.053191 0.140252 0.000000
vt 0.053191 0.140252 0.000000
vt -0.035897 0.145641 0.000000
vt 0.035897 0.145641 0.000000
vt -0.018081 0.148906 0.000000
vt 0.018081 0.148906 0.000000
vt 0.000000 0.150000 0.000000
vt 0.145641 -0.035897 0.000000
vt -0.145641 -0.035897 0.000000
vt 0.140252 -0.053191 0.000000
vt -0.140252 -0.053191 0.000000
vt 0.132818 -0.069708 0.000000
vt -0.132818 -0.069708 0.000000
vt 0.123448 -0.085210 0.000000
vt -0.123448 -0.085210 0.000000
vt 0.112277 -0.099468 0.000000
vt -0.112277 -0.099468 0.000000
vt 0.099468 -0.112277 0.000000
vt -0.099468 -0.112277 0.000000
vt 0.085210 -0.123448 0.000000
vt -0.085210 -0.123448 0.000000
vt 0.069708 -0.132818 0.000000
vt -0.069708 -0.132818 0.000000
vt 0.053191 -0.140252 0.000000
vt -0.053191 -0.140252 0.000000
vt 0.035897 -0.145641 0.000000
vt -0.035897 -0.145641 0.000000
vt 0.018081 -0.148906 0.000000
vt -0.018081 -0.148906 0.000000
vt 0.000000 -0.150000 0.000000
vt -0.100000 0.299547 0.000000
vt -0.000000 0.299547 0.000000
vt -0.100000 0.314159 0.000000
vt 0.000000 0.314159 0.000000
vt -0.100000 -0.314159 0.000000
vt 0.000000 -0.314159 0.000000
vt -0.100000 -0.299547 0.000000
vt 0.000000 -0.299547 0.000000
vt -0.100000 -0.284935 0.000000
vt 0.000000 -0.284935 0.000000
vt -0.100000 -0.270323 0.000000
vt 0.000000 -0.270323 0.000000
vt -0.100000 -0.255711 0.000000
vt 0.000000 -0.255711 0.000000
vt -0.100000 -0.241099 0.000000
vt 0.000000 -0.241099 0.000000
vt -0.100000 -0.226487 0.000000
vt 0.000000 -0.226487 0.000000
vt -0.100000 -0.211875 0.000000
vt 0.000000 -0.211875 0.000000
vt -0.100000 -0.197263 0.000000
vt 0.000000 -0.197263 0.000000
vt -0.100000 -0.182651 0.000000
vt 0.000000 -0.182651 0.000000
vt -0.100000 -0.168039 0.000000
vt 0.000000 -0.168039 0.000000
vt -0.100000 -0.153427 0.000000
vt -0.000000 -0.153427 0.000000
vt -0.100000 -0.138815 0.000000
vt -0.000000 -0.138815 0.000000
vt -0.100000 -0.124203 0.000000
vt -0.000000 -0.124203 0.000000
vt -0.100000 -0.109590 0.000000
vt -0.000000 -0.109590 0.000000
vt -0.100000 -0.094978 0.000000
vt -0.000000 -0.094978 0.000000
vt -0.100000 -0.080366 0.000000
vt -0.000000 -0.080366 0.000000
vt -0.100000 -0.065754 0.000000
vt -0.000000 -0.065754 0.000000
vt -0.100000 -0.051142 0.000000
vt -0.000000 -0.051142 0.000000
vt -0.100000 -0.036530 0.000000
vt -0.000000 -0.036530 0.000000
vt -0.100000 -0.021918 0.000000
vt -0.000000 -0.021918 0.000000
vt -0.100000 -0.007306 0.000000
vt -0.000000 -0.007306 0.000000
vt -0.100000 0.007306 0.000000
vt -0.000000 0.007306 0.000000
vt -0.100000 0.021918 0.000000
vt -0.000000 0.021918 0.000000
vt -0.100000 0.036530 0.000000
vt -0.000000 0.036530 0.000000
vt -0.100000 0.051142 0.000000
vt -0.000000 0.051142 0.000000
vt -0.100000 0.065754 0.000000
vt -0.000000 0.065754 0.000000
vt -0.100000 0.080366 0.000000
vt -0.000000 0.080366 0.000000
vt -0.100000 0.094978 0.000000
vt -0.000000 0.094978 0.000000
vt -0.100000 0.109590 0.000000
vt -0.000000 0.109590 0.000000
vt -0.100000 0.124203 0.000000
vt -0.000000 0.124203 0.000000
vt -0.100000 0.138815 0.000000
vt -0.000000 0.138815 0.000000
vt -0.100000 0.153427 0.000000
vt -0.000000 0.153427 0.000000
vt -0.100000 0.168039 0.000000
vt -0.000000 0.168039 0.000000
vt -0.100000 0.182651 0.000000
vt -0.000000 0.182651 0.000000
vt -0.100000 0.197263 0.000000
vt -0.000000 0.197263 0.000000
vt -0.100000 0.211875 0.000000
vt -0.000000 0.211875 0.000000
vt -0.100000 0.226487 0.000000
vt -0.000000 0.226487 0.000000
vt -0.100000 0.241099 0.000000
vt -0.000000 0.241099 0.000000
vt -0.100000 0.255711 0.000000
vt -0.000000 0.255711 0.000000
vt -0.100000 0.270323 0.000000
vt -0.000000 0.270323 0.000000
vt -0.100000 0.284935 0.000000
vt -0.000000 0.284935 0.000000
vt -0.100000 -0.000000 0.000000
vt -0.098934 -0.014560 0.000000
vt -0.098934 0.014560 0.000000
vt -0.095760 0.028810 0.000000
vt -0.095760 -0.028810 0.000000
vt -0.090545 0.042446 0.000000
vt -0.083400 0.055177 0.000000
vt -0.074477 0.066732 0.000000
vt -0.090545 -0.042446 0.000000
vt -0.063967 0.076865 0.000000
vt -0.052094 0.085359 0.000000
vt -0.039110 0.092035 0.000000
vt -0.025293 0.096748 0.000000
vt -0.010937 0.099400 0.000000
vt 0.003652 0.099933 0.000000
vt 0.018164 0.098337 0.000000
vt 0.032288 0.094644 0.000000
vt 0.045724 0.088934 0.000000
vt 0.058186 0.081329 0.000000
vt 0.069407 0.071990 0.000000
vt 0.079150 0.061117 0.000000
vt 0.087205 0.048942 0.000000
vt 0.093402 0.035723 0.000000
vt 0.097608 0.021743 0.000000
vt 0.099733 0.007300 0.000000
vt 0.099733 -0.007300 0.000000
vt 0.097608 -0.021743 0.000000
vt 0.093402 -0.035723 0.000000
vt 0.087205 -0.048942 0.000000
vt -0.083400 -0.055177 0.000000
vt 0.079150 -0.061117 0.000000
vt -0.074477 -0.066732 0.000000
vt 0.069407 -0.071990 0.000000
vt -0.063967 -0.076865 0.000000
vt 0.058186 -0.081329 0.000000
vt -0.052094 -0.085359 0.000000
vt 0.045724 -0.088934 0.000000
vt -0.039110 -0.092035 0.000000
vt 0.032288 -0.094644 0.000000
vt -0.025293 -0.096748 0.000000
vt 0.018164 -0.098337 0.000000
vt -0.010937 -0.099400 0.000000
vt 0.003652 -0.099933 0.000000
vt -0.383836 0.000000 0.000000
vt -0.000000 0.000000 0.000000
vt -0.383836 0.500000 0.000000
vt -0.000000 0.500000 0.000000
vt 0.002509 0.000000 0.000000
vt -0.000000 0.500000 0.000000
vt 0.002509 0.500000 0.000000
vt 0.005018 0.000000 0.000000
vt 0.005018 0.500000 0.000000
vt 0.007527 0.000000 0.000000
vt 0.007527 0.500000 0.000000
vt 0.010036 0.000000 0.000000
vt 0.010036 0.500000 0.000000
vt 0.012544 0.000000 0.000000
vt 0.012544 0.500000 0.000000
vt 0.015053 0.000000 0.000000
vt 0.015053 0.500000 0.000000
vt 0.020071 0.000000 0.000000
vt 0.020071 0.500000 0.000000
vt 0.025089 0.000000 0.000000
vt 0.025089 0.500000 0.000000
vt 0.030107 0.000000 0.000000
vt 0.030107 0.500000 0.000000
vt 0.035125 0.000000 0.000000
vt 0.035125 0.500000 0.000000
vt 0.040142 0.000000 0.000000
vt 0.040142 0.500000 0.000000
vt 0.045160 0.000000 0.000000
vt 0.045160 0.500000 0.000000
vt 0.050178 0.000000 0.000000
vt 0.050178 0.500000 0.000000
vt 0.055196 0.000000 0.000000
vt 0.055196 0.500000 0.000000
vt 0.060213 0.000000 0.000000
vt 0.060213 0.500000 0.000000
vt 0.065231 0.000000 0.000000
vt 0.065231 0.500000 0.000000
vt 0.070249 0.000000 0.000000
vt 0.070249 0.500000 0.000000
vt 0.075267 0.000000 0.000000
vt 0.075267 0.500000 0.000000
vt 0.080285 0.000000 0.000000
vt 0.080285 0.500000 0.000000
vt 0.090320 0.000000 0.000000
vt 0.090320 0.500000 0.000000
vt 0.100356 0.000000 0.000000
vt 0.100356 0.500000 0.000000
vt 0.110391 0.000000 0.000000
vt 0.110391 0.500000 0.000000
vt 0.120427 0.000000 0.000000
vt 0.120427 0.500000 0.000000
vt 0.130463 0.000000 0.000000
vt 0.130463 0.500000 0.000000
vt 0.140498 0.000000 0.000000
vt 0.140498 0.500000 0.000000
vt 0.150534 0.000000 0.000000
vt 0.150534 0.500000 0.000000
vt 0.160569 0.000000 0.000000
vt 0.160569 0.500000 0.000000
vt 0.170605 0.000000 0.000000
vt 0.170605 0.500000 0.000000
vt 0.180640 0.000000 0.000000
vt 0.180640 0.500000 0.000000
vt 0.190676 0.000000 0.000000
vt 0.190676 0.500000 0.000000
vt 0.200712 0.000000 0.000000
vt 0.200712 0.500000 0.000000
vt 0.210747 0.000000 0.000000
vt 0.210747 0.500000 0.000000
vt 0.220783 0.000000 0.000000
vt 0.220783 0.500000 0.000000
vt 0.230818 0.000000 0.000000
vt 0.230818 0.500000 0.000000
vt 0.240854 0.000000 0.000000
vt 0.240854 0.500000 0.000000
vt 0.245872 0.000000 0.000000
vt 0.245872 0.500000 0.000000
vt 0.250890 0.000000 0.000000
vt 0.250890 0.500000 0.000000
vt 0.255907 0.000000 0.000000
vt 0.255907 0.500000 0.000000
vt 0.260925 0.000000 0.000000
vt 0.260925 0.500000 0.000000
vt 0.265943 0.000000 0.000000
vt 0.265943 0.500000 0.000000
vt 0.270961 0.000000 0.000000
vt 0.270961 0.500000 0.000000
vt 0.275979 0.000000 0.000000
vt 0.275979 0.500000 0.000000
vt 0.280996 0.000000 0.000000
vt 0.280996 0.500000 0.000000
vt 0.286014 0.000000 0.000000
vt 0.286014 0.500000 0.000000
vt 0.291032 0.000000 0.000000
vt 0.291032 0.500000 0.000000
vt 0.296050 0.000000 0.000000
vt 0.296050 0.500000 0.000000
vt 0.301067 0.000000 0.000000
vt 0.301067 0.500000 0.000000
vt 0.306085 0.000000 0.000000
vt 0.306085 0.500000 0.000000
vt 0.308594 0.000000 0.000000
vt 0.308594 0.500000 0.000000
vt 0.311103 0.000000 0.000000
vt 0.311103 0.500000 0.000000
vt 0.313612 0.000000 0.000000
vt 0.313612 0.500000 0.000000
vt 0.316121 0.000000 0.000000
vt 0.316121 0.500000 0.000000
vt 0.318630 0.000000 0.000000
vt 0.318630 0.500000 0.000000
vt 0.321139 0.000000 0.000000
vt 0.321139 0.500000 0.000000
vt -0.383836 -0.000000 0.000000
vt 0.000000 0.000000 0.000000
vt -0.383836 0.500000 0.000000
vt -0.000000 0.500000 0.000000
vt 0.066263 0.397969 0.000000
vt 0.027311 0.363433 0.000000
vt 0.258181 0.065557 0.000000
vt -0.010307 0.327447 0.000000
vt -0.046535 0.290064 0.000000
vt -0.081323 0.251335 0.000000
vt -0.114619 0.211318 0.000000
vt -0.146377 0.170069 0.000000
vt -0.176550 0.127648 0.000000
vt 0.262953 0.051597 0.000000
vt 0.267433 0.038343 0.000000
vt -0.205097 0.084114 0.000000
vt 0.271642 0.025743 0.000000
vt 0.275599 0.013749 0.000000
vt 0.279321 0.002318 0.000000
vt 0.282823 -0.008590 0.000000
vt -0.231974 0.039531 0.000000
vt 0.289224 -0.028975 0.000000
vt 0.294900 -0.047654 0.000000
vt 0.263872 -0.324307 0.000000
vt 0.299931 -0.064837 0.000000
vt 0.304388 -0.080700 0.000000
vt 0.308326 -0.095393 0.000000
vt 0.311797 -0.109043 0.000000
vt 0.314840 -0.121761 0.000000
vt 0.317493 -0.133643 0.000000
vt 0.319786 -0.144771 0.000000
vt 0.321746 -0.155218 0.000000
vt 0.323394 -0.165047 0.000000
vt 0.324751 -0.174315 0.000000
vt 0.325833 -0.183072 0.000000
vt 0.327229 -0.199222 0.000000
vt 0.275015 -0.317485 0.000000
vt 0.327675 -0.213798 0.000000
vt 0.284776 -0.310462 0.000000
vt 0.327233 -0.227041 0.000000
vt 0.293306 -0.303179 0.000000
vt 0.325948 -0.239150 0.000000
vt 0.300727 -0.295576 0.000000
vt 0.323843 -0.250288 0.000000
vt 0.307134 -0.287590 0.000000
vt 0.320925 -0.260593 0.000000
vt 0.317186 -0.270180 0.000000
vt 0.312602 -0.279150 0.000000
vt -0.257145 -0.006037 0.000000
vt -0.280573 -0.052525 0.000000
vt -0.302225 -0.099867 0.000000
vt -0.322068 -0.147995 0.000000
vt -0.340076 -0.196839 0.000000
vt -0.356222 -0.246330 0.000000
vt -0.370483 -0.296396 0.000000
vt -0.382839 -0.346967 0.000000
vt 0.251156 -0.330985 0.000000
vt 0.236627 -0.337580 0.000000
vt 0.228593 -0.340866 0.000000
vt 0.219986 -0.344155 0.000000
vt 0.210756 -0.347458 0.000000
vt -0.393271 -0.397969 0.000000
vt 0.200846 -0.350782 0.000000
vt 0.190189 -0.354140 0.000000
vt 0.178712 -0.357543 0.000000
vt 0.166327 -0.361004 0.000000
vt 0.152936 -0.364537 0.000000
vt 0.138424 -0.368158 0.000000
vt 0.122657 -0.371886 0.000000
vt 0.105478 -0.375742 0.000000
vt 0.086703 -0.379751 0.000000
vt 0.066114 -0.383940 0.000000
vt 0.055060 -0.386113 0.000000
vt 0.043450 -0.388345 0.000000
vt 0.031243 -0.390640 0.000000
vt 0.018394 -0.393005 0.000000
vt 0.004853 -0.395445 0.000000
vt -0.009435 -0.397969 0.000000
vt -0.383836 0.000000 0.000000
vt -0.000000 0.000000 0.000000
vt -0.383836 0.500000 0.000000
vt 0.000000 0.500000 0.000000
vt 0.002509 0.000000 0.000000
vt -0.000000 0.500000 0.000000
vt 0.002509 0.500000 0.000000
vt 0.005018 0.000000 0.000000
vt 0.005018 0.500000 0.000000
vt 0.007527 0.000000 0.000000
vt 0.007527 0.500000 0.000000
vt 0.010036 0.000000 0.000000
vt 0.010036 0.500000 0.000000
vt 0.012544 0.000000 0.000000
vt 0.012544 0.500000 0.000000
vt 0.015053 0.000000 0.000000
vt 0.015053 0.500000 0.000000
vt 0.020071 0.000000 0.000000
vt 0.020071 0.500000 0.000000
vt 0.025089 0.000000 0.000000
vt 0.025089 0.500000 0.000000
vt 0.030107 0.000000 0.000000
vt 0.030107 0.500000 0.000000
vt 0.035125 0.000000 0.000000
vt 0.035125 0.500000 0.000000
vt 0.040142 0.000000 0.000000
vt 0.040142 0.500000 0.000000
vt 0.045160 0.000000 0.000000
vt 0.045160 0.500000 0.000000
vt 0.050178 0.000000 0.000000
vt 0.050178 0.500000 0.000000
vt 0.055196 0.000000 0.000000
vt 0.055196 0.500000 0.000000
vt 0.060213 0.000000 0.000000
vt 0.060213 0.500000 0.000000
vt 0.065231 0.000000 0.000000
vt 0.065231 0.500000 0.000000
vt 0.070249 0.000000 0.000000
vt 0.070249 0.500000 0.000000
vt 0.075267 0.000000 0.000000
vt 0.075267 0.500000 0.000000
vt 0.080285 0.000000 0.000000
vt 0.080285 0.500000 0.000000
vt 0.090320 0.000000 0.000000
vt 0.090320 0.500000 0.000000
vt 0.100356 0.000000 0.000000
vt 0.100356 0.500000 0.000000
vt 0.110391 0.000000 0.000000
vt 0.110391 0.500000 0.000000
vt 0.120427 0.000000 0.000000
vt 0.120427 0.500000 0.000000
vt 0.130463 0.000000 0.000000
vt 0.130463 0.500000 0.000000
vt 0.140498 0.000000 0.000000
vt 0.140498 0.500000 0.000000
vt 0.150534 0.000000 0.000000
vt 0.150534 0.500000 0.000000
vt 0.160569 0.000000 0.000000
vt 0.160569 0.500000 0.000000
vt 0.170605 0.000000 0.000000
vt 0.170605 0.500000 0.000000
vt 0.180640 0.000000 0.000000
vt 0.180640 0.500000 0.000000
vt 0.190676 0.000000 0.000000
vt 0.190676 0.500000 0.000000
vt 0.200712 0.000000 0.000000
vt 0.200712 0.500000 0.000000
vt 0.210747 0.000000 0.000000
vt 0.210747 0.500000 0.000000
vt 0.220783 0.000000 0.000000
vt 0.220783 0.500000 0.000000
vt 0.230818 0.000000 0.000000
vt 0.230818 0.500000 0.000000
vt 0.240854 0.000000 0.000000
vt 0.240854 0.500000 0.000000
vt 0.245872 0.000000 0.000000
vt 0.245872 0.500000 0.000000
vt 0.250890 0.000000 0.000000
vt 0.250890 0.500000 0.000000
vt 0.255907 0.000000 0.000000
vt 0.255907 0.500000 0.000000
vt 0.260925 0.000000 0.000000
vt 0.260925 0.500000 0.000000
vt 0.265943 0.000000 0.000000
vt 0.265943 0.500000 0.000000
vt 0.270961 0.000000 0.000000
vt 0.270961 0.500000 0.000000
vt 0.275979 0.000000 0.000000
vt 0.275979 0.500000 0.000000
vt 0.280996 0.000000 0.000000
vt 0.280996 0.500000 0.000000
vt 0.286014 0.000000 0.000000
vt 0.286014 0.500000 0.000000
vt 0.291032 0.000000 0.000000
vt 0.291032 0.500000 0.000000
vt 0.296050 0.000000 0.000000
vt 0.296050 0.500000 0.000000
vt 0.301067 0.000000 0.000000
vt 0.301067 0.500000 0.000000
vt 0.306085 0.000000 0.000000
vt 0.306085 0.500000 0.000000
vt 0.308594 0.000000 0.000000
vt 0.308594 0.500000 0.000000
vt 0.311103 0.000000 0.000000
vt 0.311103 0.500000 0.000000
vt 0.313612 0.000000 0.000000
vt 0.313612 0.500000 0.000000
vt 0.316121 0.000000 0.000000
vt 0.316121 0.500000 0.000000
vt 0.318630 0.000000 0.000000
vt 0.318630 0.500000 0.000000
vt 0.321139 0.000000 0.000000
vt 0.321139 0.500000 0.000000
vt -0.383836 0.000000 0.000000
vt -0.000000 0.000000 0.000000
vt -0.383836 0.500000 0.000000
vt -0.000000 0.500000 0.000000
vt -0.459535 -0.283448 0.000000
vt -0.410149 -0.299914 0.000000
vt -0.267617 0.048964 0.000000
vt -0.360176 -0.314499 0.000000
vt -0.309687 -0.327182 0.000000
vt -0.258753 -0.337945 0.000000
vt -0.207449 -0.346771 0.000000
vt -0.155848 -0.353650 0.000000
vt -0.104023 -0.358570 0.000000
vt -0.052049 -0.361525 0.000000
vt 0.000000 -0.362511 0.000000
vt 0.267617 0.048964 0.000000
vt 0.052049 -0.361525 0.000000
vt 0.104023 -0.358570 0.000000
vt 0.155848 -0.353650 0.000000
vt 0.207449 -0.346771 0.000000
vt 0.258753 -0.337945 0.000000
vt 0.309687 -0.327182 0.000000
vt 0.360176 -0.314499 0.000000
vt 0.410149 -0.299914 0.000000
vt 0.459535 -0.283448 0.000000
vt -0.257913 0.060076 0.000000
vt 0.258287 0.060076 0.000000
vt -0.248675 0.070583 0.000000
vt 0.249403 0.070583 0.000000
vt -0.239867 0.080528 0.000000
vt 0.240931 0.080528 0.000000
vt -0.231459 0.089952 0.000000
vt 0.232840 0.089952 0.000000
vt -0.223420 0.098891 0.000000
vt 0.225102 0.098891 0.000000
vt -0.215724 0.107378 0.000000
vt 0.217693 0.107378 0.000000
vt -0.201271 0.123113 0.000000
vt 0.203770 0.123113 0.000000
vt -0.187932 0.137368 0.000000
vt 0.190911 0.137368 0.000000
vt -0.175567 0.150317 0.000000
vt 0.178982 0.150317 0.000000
vt -0.164057 0.162108 0.000000
vt 0.167870 0.162108 0.000000
vt -0.153303 0.172865 0.000000
vt 0.157478 0.172865 0.000000
vt -0.143216 0.182696 0.000000
vt 0.147723 0.182696 0.000000
vt -0.133724 0.191691 0.000000
vt 0.138534 0.191691 0.000000
vt -0.124760 0.199929 0.000000
vt 0.129848 0.199929 0.000000
vt -0.116270 0.207479 0.000000
vt 0.121612 0.207479 0.000000
vt -0.108202 0.214399 0.000000
vt 0.113777 0.214399 0.000000
vt -0.100514 0.220742 0.000000
vt 0.106303 0.220742 0.000000
vt -0.093166 0.226551 0.000000
vt 0.099150 0.226551 0.000000
vt -0.086124 0.231866 0.000000
vt 0.092287 0.231866 0.000000
vt -0.072835 0.241151 0.000000
vt 0.079312 0.241151 0.000000
vt -0.060435 0.248824 0.000000
vt 0.067170 0.248824 0.000000
vt -0.048745 0.255064 0.000000
vt 0.055691 0.255064 0.000000
vt -0.037616 0.260005 0.000000
vt 0.044728 0.260005 0.000000
vt -0.026917 0.263751 0.000000
vt 0.034155 0.263751 0.000000
vt -0.016534 0.266376 0.000000
vt 0.023861 0.266376 0.000000
vt -0.006362 0.267931 0.000000
vt 0.013741 0.267931 0.000000
vt 0.003698 0.268447 0.000000
vt -0.383836 0.000000 0.000000
vt 0.000000 0.000000 0.000000
vt -0.383836 0.500000 0.000000
vt -0.000000 0.500000 0.000000
vt -0.383836 0.000000 0.000000
vt -0.000000 0.000000 0.000000
vt -0.383836 0.500000 0.000000
vt -0.000000 0.500000 0.000000
vt 0.002509 0.000000 0.000000
vt -0.000000 0.500000 0.000000
vt 0.002509 0.500000 0.000000
vt 0.005018 0.000000 0.000000
vt 0.005018 0.500000 0.000000
vt 0.007527 0.000000 0.000000
vt 0.007527 0.500000 0.000000
vt 0.010036 0.000000 0.000000
vt 0.010036 0.500000 0.000000
vt 0.012544 0.000000 0.000000
vt 0.012544 0.500000 0.000000
vt 0.015053 0.000000 0.000000
vt 0.015053 0.500000 0.000000
vt 0.020071 0.000000 0.000000
vt 0.020071 0.500000 0.000000
vt 0.025089 0.000000 0.000000
vt 0.025089 0.500000 0.000000
vt 0.030107 0.000000 0.000000
vt 0.030107 0.500000 0.000000
vt 0.035125 0.000000 0.000000
vt 0.035125 0.500000 0.000000
vt 0.040142 0.000000 0.000000
vt 0.040142 0.500000 0.000000
vt 0.045160 0.000000 0.000000
vt 0.045160 0.500000 0.000000
vt 0.050178 0.000000 0.000000
vt 0.050178 0.500000 0.000000
vt 0.055196 0.000000 0.000000
vt 0.055196 0.500000 0.000000
vt 0.060213 0.000000 0.000000
vt 0.060213 0.500000 0.000000
vt 0.065231 0.000000 0.000000
vt 0.065231 0.500000 0.000000
vt 0.070249 0.000000 0.000000
vt 0.070249 0.500000 0.000000
vt 0.075267 0.000000 0.000000
vt 0.075267 0.500000 0.000000
vt 0.080285 0.000000 0.000000
vt 0.080285 0.500000 0.000000
vt 0.090320 0.000000 0.000000
vt 0.090320 0.500000 0.000000
vt 0.100356 0.000000 0.000000
vt 0.100356 0.500000 0.000000
vt 0.110391 0.000000 0.000000
vt 0.110391 0.500000 0.000000
vt 0.120427 0.000000 0.000000
vt 0.120427 0.500000 0.000000
vt 0.130463 0.000000 0.000000
vt 0.130463 0.500000 0.000000
vt 0.140498 0.000000 0.000000
vt 0.140498 0.500000 0.000000
vt 0.150534 0.000000 0.000000
vt 0.150534 0.500000 0.000000
vt 0.160569 0.000000 0.000000
vt 0.160569 0.500000 0.000000
vt 0.170605 0.000000 0.000000
vt 0.170605 0.500000 0.000000
vt 0.180640 0.000000 0.000000
vt 0.180640 0.500000 0.000000
vt 0.190676 0.000000 0.000000
vt 0.190676 0.500000 0.000000
vt 0.200712 0.000000 0.000000
vt 0.200712 0.500000 0.000000
vt 0.210747 0.000000 0.000000
vt 0.210747 0.500000 0.000000
vt 0.220783 0.000000 0.000000
vt 0.220783 0.500000 0.000000
vt 0.230818 0.000000 0.000000
vt 0.230818 0.500000 0.000000
vt 0.240854 0.000000 0.000000
vt 0.240854 0.500000 0.000000
vt 0.245872 0.000000 0.000000
vt 0.245872 0.500000 0.000000
vt 0.250890 0.000000 0.000000
vt 0.250890 0.500000 0.000000
vt 0.255907 0.000000 0.000000
vt 0.255907 0.500000 0.000000
vt 0.260925 0.000000 0.000000
vt 0.260925 0.500000 0.000000
vt 0.265943 0.000000 0.000000
vt 0.265943 0.500000 0.000000
vt 0.270961 0.000000 0.000000
vt 0.270961 0.500000 0.000000
vt 0.275979 0.000000 0.000000
vt 0.275979 0.500000 0.000000
vt 0.280996 0.000000 0.000000
vt 0.280996 0.500000 0.000000
vt 0.286014 0.000000 0.000000
vt 0.286014 0.500000 0.000000
vt 0.291032 0.000000 0.000000
vt 0.291032 0.500000 0.000000
vt 0.296050 0.000000 0.000000
vt 0.296050 0.500000 0.000000
vt 0.301067 0.000000 0.000000
vt 0.301067 0.500000 0.000000
vt 0.306085 0.000000 0.000000
vt 0.306085 0.500000 0.000000
vt 0.308594 0.000000 0.000000
vt 0.308594 0.500000 0.000000
vt 0.311103 0.000000 0.000000
vt 0.311103 0.500000 0.000000
vt 0.313612 0.000000 0.000000
vt 0.313612 0.500000 0.000000
vt 0.316121 0.000000 0.000000
vt 0.316121 0.500000 0.000000
vt 0.318630 0.000000 0.000000
vt 0.318630 0.500000 0.000000
vt 0.321139 0.000000 0.000000
vt 0.321139 0.500000 0.000000
vt 0.063622 -0.397969 0.000000
vt 0.255540 -0.065557 0.000000
vt -0.207738 -0.084114 0.000000
vt 0.260499 -0.051921 0.000000
vt -0.234616 -0.039531 0.000000
vt 0.265156 -0.038974 0.000000
vt 0.269532 -0.026665 0.000000
vt 0.273648 -0.014946 0.000000
vt 0.277520 -0.003775 0.000000
vt -0.259787 0.006037 0.000000
vt 0.281166 0.006885 0.000000
vt 0.287832 0.026811 0.000000
vt 0.293748 0.045074 0.000000
vt -0.283215 0.052525 0.000000
vt 0.298997 0.061879 0.000000
vt 0.303652 0.077398 0.000000
vt 0.307772 0.091777 0.000000
vt -0.304866 0.099867 0.000000
vt 0.311408 0.105140 0.000000
vt 0.314604 0.117596 0.000000
vt 0.317396 0.129237 0.000000
vt 0.319816 0.140145 0.000000
vt -0.324710 0.147995 0.000000
vt 0.321892 0.150390 0.000000
vt 0.323647 0.160034 0.000000
vt 0.325101 0.169132 0.000000
vt 0.326273 0.177734 0.000000
vt 0.327826 0.193613 0.000000
vt 0.328401 0.207965 0.000000
vt 0.085311 0.377587 0.000000
vt 0.064457 0.382236 0.000000
vt -0.342718 0.196839 0.000000
vt 0.053259 0.384656 0.000000
vt 0.041499 0.387149 0.000000
vt 0.328064 0.221026 0.000000
vt 0.285691 0.304303 0.000000
vt 0.275847 0.311470 0.000000
vt 0.264598 0.318474 0.000000
vt 0.294284 0.296910 0.000000
vt 0.326862 0.232991 0.000000
vt 0.301749 0.289231 0.000000
vt 0.308182 0.281199 0.000000
vt 0.324820 0.244020 0.000000
vt 0.321946 0.254248 0.000000
vt 0.318233 0.263790 0.000000
vt 0.313658 0.272745 0.000000
vt 0.251752 0.325377 0.000000
vt 0.237068 0.332242 0.000000
vt 0.228943 0.335683 0.000000
vt 0.220238 0.339142 0.000000
vt 0.210902 0.342629 0.000000
vt 0.200875 0.346156 0.000000
vt 0.190091 0.349734 0.000000
vt 0.178475 0.353378 0.000000
vt 0.165939 0.357101 0.000000
vt 0.152382 0.360921 0.000000
vt 0.137689 0.364856 0.000000
vt 0.121723 0.368928 0.000000
vt 0.104326 0.373162 0.000000
vt 0.029133 0.389719 0.000000
vt 0.016117 0.392374 0.000000
vt 0.002399 0.395121 0.000000
vt -0.012077 0.397969 0.000000
vt -0.358864 0.246330 0.000000
vt -0.373125 0.296396 0.000000
vt -0.385480 0.346967 0.000000
vt -0.395913 0.397969 0.000000
vt -0.179192 -0.127648 0.000000
vt -0.149018 -0.170069 0.000000
vt -0.117261 -0.211318 0.000000
vt -0.083964 -0.251335 0.000000
vt -0.049177 -0.290064 0.000000
vt -0.012949 -0.327447 0.000000
vt 0.024669 -0.363433 0.000000
vt -0.383836 0.000000 0.000000
vt -0.000000 0.000000 0.000000
vt -0.383836 0.500000 0.000000
vt -0.000000 0.500000 0.000000
vt 0.002509 0.000000 0.000000
vt -0.000000 0.500000 0.000000
vt 0.002509 0.500000 0.000000
vt 0.005018 0.000000 0.000000
vt 0.005018 0.500000 0.000000
vt 0.007527 0.000000 0.000000
vt 0.007527 0.500000 0.000000
vt 0.010036 0.000000 0.000000
vt 0.010036 0.500000 0.000000
vt 0.012544 0.000000 0.000000
vt 0.012544 0.500000 0.000000
vt 0.015053 0.000000 0.000000
vt 0.015053 0.500000 0.000000
vt 0.020071 0.000000 0.000000
vt 0.020071 0.500000 0.000000
vt 0.025089 0.000000 0.000000
vt 0.025089 0.500000 0.000000
vt 0.030107 0.000000 0.000000
vt 0.030107 0.500000 0.000000
vt 0.035125 0.000000 0.000000
vt 0.035125 0.500000 0.000000
vt 0.040142 0.000000 0.000000
vt 0.040142 0.500000 0.000000
vt 0.045160 0.000000 0.000000
vt 0.045160 0.500000 0.000000
vt 0.050178 0.000000 0.000000
vt 0.050178 0.500000 0.000000
vt 0.055196 0.000000 0.000000
vt 0.055196 0.500000 0.000000
vt 0.060213 0.000000 0.000000
vt 0.060213 0.500000 0.000000
vt 0.065231 0.000000 0.000000
vt 0.065231 0.500000 0.000000
vt 0.070249 0.000000 0.000000
vt 0.070249 0.500000 0.000000
vt 0.075267 0.000000 0.000000
vt 0.075267 0.500000 0.000000
vt 0.080285 0.000000 0.000000
vt 0.080285 0.500000 0.000000
vt 0.090320 0.000000 0.000000
vt 0.090320 0.500000 0.000000
vt 0.100356 0.000000 0.000000
vt 0.100356 0.500000 0.000000
vt 0.110391 0.000000 0.000000
vt 0.110391 0.500000 0.000000
vt 0.120427 0.000000 0.000000
vt 0.120427 0.500000 0.000000
vt 0.130463 0.000000 0.000000
vt 0.130463 0.500000 0.000000
vt 0.140498 0.000000 0.000000
vt 0.140498 0.500000 0.000000
vt 0.150534 0.000000 0.000000
vt 0.150534 0.500000 0.000000
vt 0.160569 0.000000 0.000000
vt 0.160569 0.500000 0.000000
vt 0.170605 0.000000 0.000000
vt 0.170605 0.500000 0.000000
vt 0.180640 0.000000 0.000000
vt 0.180640 0.500000 0.000000
vt 0.190676 0.000000 0.000000
vt 0.190676 0.500000 0.000000
vt 0.200712 0.000000 0.000000
vt 0.200712 0.500000 0.000000
vt 0.210747 0.000000 0.000000
vt 0.210747 0.500000 0.000000
vt 0.220783 0.000000 0.000000
vt 0.220783 0.500000 0.000000
vt 0.230818 0.000000 0.000000
vt 0.230818 0.500000 0.000000
vt 0.240854 0.000000 0.000000
vt 0.240854 0.500000 0.000000
vt 0.245872 0.000000 0.000000
vt 0.245872 0.500000 0.000000
vt 0.250890 0.000000 0.000000
vt 0.250890 0.500000 0.000000
vt 0.255907 0.000000 0.000000
vt 0.255907 0.500000 0.000000
vt 0.260925 0.000000 0.000000
vt 0.260925 0.500000 0.000000
vt 0.265943 0.000000 0.000000
vt 0.265943 0.500000 0.000000
vt 0.270961 0.000000 0.000000
vt 0.270961 0.500000 0.000000
vt 0.275979 0.000000 0.000000
vt 0.275979 0.500000 0.000000
vt 0.280996 0.000000 0.000000
vt 0.280996 0.500000 0.000000
vt 0.286014 0.000000 0.000000
vt 0.286014 0.500000 0.000000
vt 0.291032 0.000000 0.000000
vt 0.291032 0.500000 0.000000
vt 0.296050 0.000000 0.000000
vt 0.296050 0.500000 0.000000
vt 0.301067 0.000000 0.000000
vt 0.301067 0.500000 0.000000
vt 0.306085 0.000000 0.000000
vt 0.306085 0.500000 0.000000
vt 0.308594 0.000000 0.000000
vt 0.308594 0.500000 0.000000
vt 0.311103 0.000000 0.000000
vt 0.311103 0.500000 0.000000
vt 0.313612 0.000000 0.000000
vt 0.313612 0.500000 0.000000
vt 0.316121 0.000000 0.000000
vt 0.316121 0.500000 0.000000
vt 0.318630 0.000000 0.000000
vt 0.318630 0.500000 0.000000
vt 0.321139 0.000000 0.000000
vt 0.321139 0.500000 0.000000
vt -0.383836 0.000000 0.000000
vt -0.000000 0.000000 0.000000
vt -0.383836 0.500000 0.000000
vt -0.000000 0.500000 0.000000
vt 0.012077 -0.397969 0.000000
vt 0.395913 -0.397969 0.000000
vt -0.002399 -0.395121 0.000000
vt -0.016117 -0.392374 0.000000
vt -0.029133 -0.389719 0.000000
vt -0.041499 -0.387149 0.000000
vt -0.053259 -0.384656 0.000000
vt -0.064457 -0.382236 0.000000
vt -0.085311 -0.377587 0.000000
vt -0.104326 -0.373162 0.000000
vt -0.121723 -0.368928 0.000000
vt -0.137689 -0.364856 0.000000
vt -0.152382 -0.360921 0.000000
vt -0.165939 -0.357101 0.000000
vt -0.178475 -0.353378 0.000000
vt -0.190091 -0.349734 0.000000
vt 0.385480 -0.346967 0.000000
vt -0.200875 -0.346156 0.000000
vt -0.210902 -0.342629 0.000000
vt -0.220238 -0.339142 0.000000
vt -0.228943 -0.335683 0.000000
vt -0.237068 -0.332242 0.000000
vt -0.251752 -0.325377 0.000000
vt -0.264598 -0.318474 0.000000
vt 0.373125 -0.296396 0.000000
vt 0.358864 -0.246330 0.000000
vt 0.342718 -0.196839 0.000000
vt 0.324710 -0.147995 0.000000
vt 0.304866 -0.099867 0.000000
vt 0.283215 -0.052525 0.000000
vt 0.259787 -0.006037 0.000000
vt -0.293748 -0.045074 0.000000
vt 0.234616 0.039531 0.000000
vt -0.287832 -0.026811 0.000000
vt -0.281166 -0.006885 0.000000
vt -0.277520 0.003775 0.000000
vt 0.207738 0.084114 0.000000
vt -0.273648 0.014946 0.000000
vt -0.269532 0.026665 0.000000
vt -0.265156 0.038974 0.000000
vt 0.179192 0.127648 0.000000
vt -0.260499 0.051921 0.000000
vt -0.255540 0.065557 0.000000
vt 0.149018 0.170069 0.000000
vt 0.117261 0.211318 0.000000
vt 0.083964 0.251335 0.000000
vt 0.049177 0.290064 0.000000
vt 0.012949 0.327447 0.000000
vt -0.024669 0.363433 0.000000
vt -0.063622 0.397969 0.000000
vt -0.298997 -0.061879 0.000000
vt -0.303652 -0.077398 0.000000
vt -0.307772 -0.091777 0.000000
vt -0.311408 -0.105140 0.000000
vt -0.314604 -0.117596 0.000000
vt -0.317396 -0.129237 0.000000
vt -0.319816 -0.140145 0.000000
vt -0.321892 -0.150390 0.000000
vt -0.323647 -0.160034 0.000000
vt -0.325101 -0.169132 0.000000
vt -0.326273 -0.177734 0.000000
vt -0.327826 -0.193613 0.000000
vt -0.275847 -0.311470 0.000000
vt -0.328401 -0.207965 0.000000
vt -0.285691 -0.304303 0.000000
vt -0.328064 -0.221026 0.000000
vt -0.294284 -0.296910 0.000000
vt -0.326862 -0.232991 0.000000
vt -0.301749 -0.289231 0.000000
vt -0.308182 -0.281199 0.000000
vt -0.324820 -0.244020 0.000000
vt -0.321946 -0.254248 0.000000
vt -0.318233 -0.263790 0.000000
vt -0.313658 -0.272745 0.000000
vt -0.383836 0.000000 0.000000
vt -0.000000 0.000000 0.000000
vt -0.383836 0.500000 0.000000
vt 0.000000 0.500000 0.000000
vt 0.002509 0.000000 0.000000
vt -0.000000 0.500000 0.000000
vt 0.002509 0.500000 0.000000
vt 0.005018 0.000000 0.000000
vt 0.005018 0.500000 0.000000
vt 0.007527 0.000000 0.000000
vt 0.007527 0.500000 0.000000
vt 0.010036 0.000000 0.000000
vt 0.010036 0.500000 0.000000
vt 0.012544 0.000000 0.000000
vt 0.012544 0.500000 0.000000
vt 0.015053 0.000000 0.000000
vt 0.015053 0.500000 0.000000
vt 0.020071 0.000000 0.000000
vt 0.020071 0.500000 0.000000
vt 0.025089 0.000000 0.000000
vt 0.025089 0.500000 0.000000
vt 0.030107 0.000000 0.000000
vt 0.030107 0.500000 0.000000
vt 0.035125 0.000000 0.000000
vt 0.035125 0.500000 0.000000
vt 0.040142 0.000000 0.000000
vt 0.040142 0.500000 0.000000
vt 0.045160 0.000000 0.000000
vt 0.045160 0.500000 0.000000
vt 0.050178 0.000000 0.000000
vt 0.050178 0.500000 0.000000
vt 0.055196 0.000000 0.000000
vt 0.055196 0.500000 0.000000
vt 0.060213 0.000000 0.000000
vt 0.060213 0.500000 0.000000
vt 0.065231 0.000000 0.000000
vt 0.065231 0.500000 0.000000
vt 0.070249 0.000000 0.000000
vt 0.070249 0.500000 0.000000
vt 0.075267 0.000000 0.000000
vt 0.075267 0.500000 0.000000
vt 0.080285 0.000000 0.000000
vt 0.080285 0.500000 0.000000
vt 0.090320 0.000000 0.000000
vt 0.090320 0.500000 0.000000
vt 0.100356 0.000000 0.000000
vt 0.100356 0.500000 0.000000
vt 0.110391 0.000000 0.000000
vt 0.110391 0.500000 0.000000
vt 0.120427 0.000000 0.000000
vt 0.120427 0.500000 0.000000
vt 0.130463 0.000000 0.000000
vt 0.130463 0.500000 0.000000
vt 0.140498 0.000000 0.000000
vt 0.140498 0.500000 0.000000
vt 0.150534 0.000000 0.000000
vt 0.150534 0.500000 0.000000
vt 0.160569 0.000000 0.000000
vt 0.160569 0.500000 0.000000
vt 0.170605 0.000000 0.000000
vt 0.170605 0.500000 0.000000
vt 0.180640 0.000000 0.000000
vt 0.180640 0.500000 0.000000
vt 0.190676 0.000000 0.000000
vt 0.190676 0.500000 0.000000
vt 0.200712 0.000000 0.000000
vt 0.200712 0.500000 0.000000
vt 0.210747 0.000000 0.000000
vt 0.210747 0.500000 0.000000
vt 0.220783 0.000000 0.000000
vt 0.220783 0.500000 0.000000
vt 0.230818 0.000000 0.000000
vt 0.230818 0.500000 0.000000
vt 0.240854 0.000000 0.000000
vt 0.240854 0.500000 0.000000
vt 0.245872 0.000000 0.000000
vt 0.245872 0.500000 0.000000
vt 0.250890 0.000000 0.000000
vt 0.250890 0.500000 0.000000
vt 0.255907 0.000000 0.000000
vt 0.255907 0.500000 0.000000
vt 0.260925 0.000000 0.000000
vt 0.260925 0.500000 0.000000
vt 0.265943 0.000000 0.000000
vt 0.265943 0.500000 0.000000
vt 0.270961 0.000000 0.000000
vt 0.270961 0.500000 0.000000
vt 0.275979 0.000000 0.000000
vt 0.275979 0.500000 0.000000
vt 0.280996 0.000000 0.000000
vt 0.280996 0.500000 0.000000
vt 0.286014 0.000000 0.000000
vt 0.286014 0.500000 0.000000
vt 0.291032 0.000000 0.000000
vt 0.291032 0.500000 0.000000
vt 0.296050 0.000000 0.000000
vt 0.296050 0.500000 0.000000
vt 0.301067 0.000000 0.000000
vt 0.301067 0.500000 0.000000
vt 0.306085 0.000000 0.000000
vt 0.306085 0.500000 0.000000
vt 0.308594 0.000000 0.000000
vt 0.308594 0.500000 0.000000
vt 0.311103 0.000000 0.000000
vt 0.311103 0.500000 0.000000
vt 0.313612 0.000000 0.000000
vt 0.313612 0.500000 0.000000
vt 0.316121 0.000000 0.000000
vt 0.316121 0.500000 0.000000
vt 0.318630 0.000000 0.000000
vt 0.318630 0.500000 0.000000
vt 0.321139 0.000000 0.000000
vt 0.321139 0.500000 0.000000
vt -0.383836 0.000000 0.000000
vt -0.000000 0.000000 0.000000
vt -0.383836 0.500000 0.000000
vt -0.000000 0.500000 0.000000
vt -0.262953 -0.051597 0.000000
vt -0.258181 -0.065557 0.000000
vt 0.205097 -0.084114 0.000000
vt -0.066263 -0.397969 0.000000
vt 0.176550 -0.127648 0.000000
vt 0.146377 -0.170069 0.000000
vt 0.114619 -0.211318 0.000000
vt 0.081323 -0.251335 0.000000
vt 0.046535 -0.290064 0.000000
vt 0.010307 -0.327447 0.000000
vt -0.027311 -0.363433 0.000000
vt 0.231974 -0.039531 0.000000
vt -0.267433 -0.038343 0.000000
vt -0.271642 -0.025743 0.000000
vt -0.275599 -0.013749 0.000000
vt -0.279321 -0.002318 0.000000
vt 0.257145 0.006037 0.000000
vt -0.282823 0.008590 0.000000
vt -0.289224 0.028975 0.000000
vt -0.294900 0.047654 0.000000
vt 0.280573 0.052525 0.000000
vt -0.299931 0.064837 0.000000
vt -0.304388 0.080700 0.000000
vt -0.308326 0.095393 0.000000
vt 0.302225 0.099867 0.000000
vt -0.311797 0.109043 0.000000
vt -0.314840 0.121761 0.000000
vt -0.317493 0.133643 0.000000
vt -0.319786 0.144771 0.000000
vt 0.322068 0.147995 0.000000
vt -0.321746 0.155218 0.000000
vt -0.323394 0.165047 0.000000
vt -0.324751 0.174315 0.000000
vt -0.325833 0.183072 0.000000
vt 0.340076 0.196839 0.000000
vt -0.327229 0.199222 0.000000
vt -0.327675 0.213798 0.000000
vt -0.086703 0.379751 0.000000
vt -0.105478 0.375742 0.000000
vt 0.356222 0.246330 0.000000
vt 0.009435 0.397969 0.000000
vt -0.004853 0.395445 0.000000
vt -0.018394 0.393005 0.000000
vt 0.370483 0.296396 0.000000
vt 0.382839 0.346967 0.000000
vt 0.393271 0.397969 0.000000
vt -0.031243 0.390640 0.000000
vt -0.043450 0.388345 0.000000
vt -0.055060 0.386113 0.000000
vt -0.066114 0.383940 0.000000
vt -0.122657 0.371886 0.000000
vt -0.138424 0.368158 0.000000
vt -0.152936 0.364537 0.000000
vt -0.327233 0.227041 0.000000
vt -0.166327 0.361004 0.000000
vt -0.178712 0.357543 0.000000
vt -0.190189 0.354140 0.000000
vt -0.200846 0.350782 0.000000
vt -0.210756 0.347458 0.000000
vt -0.219986 0.344155 0.000000
vt -0.228593 0.340866 0.000000
vt -0.236627 0.337580 0.000000
vt -0.251156 0.330985 0.000000
vt -0.263872 0.324307 0.000000
vt -0.275015 0.317485 0.000000
vt -0.284776 0.310462 0.000000
vt -0.293306 0.303179 0.000000
vt -0.325948 0.239150 0.000000
vt -0.300727 0.295576 0.000000
vt -0.323843 0.250288 0.000000
vt -0.307134 0.287590 0.000000
vt -0.320925 0.260593 0.000000
vt -0.317186 0.270180 0.000000
vt -0.312602 0.279150 0.000000
vt -0.383836 0.000000 0.000000
vt -0.000000 0.000000 0.000000
vt -0.383836 0.500000 0.000000
vt -0.000000 0.500000 0.000000
vt 0.002509 0.000000 0.000000
vt -0.000000 0.500000 0.000000
vt 0.002509 0.500000 0.000000
vt 0.005018 0.000000 0.000000
vt 0.005018 0.500000 0.000000
vt 0.007527 0.000000 0.000000
vt 0.007527 0.500000 0.000000
vt 0.010036 0.000000 0.000000
vt 0.010036 0.500000 0.000000
vt 0.012544 0.000000 0.000000
vt 0.012544 0.500000 0.000000
vt 0.015053 0.000000 0.000000
vt 0.015053 0.500000 0.000000
vt 0.020071 0.000000 0.000000
vt 0.020071 0.500000 0.000000
vt 0.025089 0.000000 0.000000
vt 0.025089 0.500000 0.000000
vt 0.030107 0.000000 0.000000
vt 0.030107 0.500000 0.000000
vt 0.035125 0.000000 0.000000
vt 0.035125 0.500000 0.000000
vt 0.040142 0.000000 0.000000
vt 0.040142 0.500000 0.000000
vt 0.045160 0.000000 0.000000
vt 0.045160 0.500000 0.000000
vt 0.050178 0.000000 0.000000
vt 0.050178 0.500000 0.000000
vt 0.055196 0.000000 0.000000
vt 0.055196 0.500000 0.000000
vt 0.060213 0.000000 0.000000
vt 0.060213 0.500000 0.000000
vt 0.065231 0.000000 0.000000
vt 0.065231 0.500000 0.000000
vt 0.070249 0.000000 0.000000
vt 0.070249 0.500000 0.000000
vt 0.075267 0.000000 0.000000
vt 0.075267 0.500000 0.000000
vt 0.080285 0.000000 0.000000
vt 0.080285 0.500000 0.000000
vt 0.090320 0.000000 0.000000
vt 0.090320 0.500000 0.000000
vt 0.100356 0.000000 0.000000
vt 0.100356 0.500000 0.000000
vt 0.110391 0.000000 0.000000
vt 0.110391 0.500000 0.000000
vt 0.120427 0.000000 0.000000
vt 0.120427 0.500000 0.000000
vt 0.130463 0.000000 0.000000
vt 0.130463 0.500000 0.000000
vt 0.140498 0.000000 0.000000
vt 0.140498 0.500000 0.000000
vt 0.150534 0.000000 0.000000
vt 0.150534 0.500000 0.000000
vt 0.160569 0.000000 0.000000
vt 0.160569 0.500000 0.000000
vt 0.170605 0.000000 0.000000
vt 0.170605 0.500000 0.000000
vt 0.180640 0.000000 0.000000
vt 0.180640 0.500000 0.000000
vt 0.190676 0.000000 0.000000
vt 0.190676 0.500000 0.000000
vt 0.200712 0.000000 0.000000
vt 0.200712 0.500000 0.000000
vt 0.210747 0.000000 0.000000
vt 0.210747 0.500000 0.000000
vt 0.220783 0.000000 0.000000
vt 0.220783 0.500000 0.000000
vt 0.230818 0.000000 0.000000
vt 0.230818 0.500000 0.000000
vt 0.240854 0.000000 0.000000
vt 0.240854 0.500000 0.000000
vt 0.245872 0.000000 0.000000
vt 0.245872 0.500000 0.000000
vt 0.250890 0.000000 0.000000
vt 0.250890 0.500000 0.000000
vt 0.255907 0.000000 0.000000
vt 0.255907 0.500000 0.000000
vt 0.260925 0.000000 0.000000
vt 0.260925 0.500000 0.000000
vt 0.265943 0.000000 0.000000
vt 0.265943 0.500000 0.000000
vt 0.270961 0.000000 0.000000
vt 0.270961 0.500000 0.000000
vt 0.275979 0.000000 0.000000
vt 0.275979 0.500000 0.000000
vt 0.280996 0.000000 0.000000
vt 0.280996 0.500000 0.000000
vt 0.286014 0.000000 0.000000
vt 0.286014 0.500000 0.000000
vt 0.291032 0.000000 0.000000
vt 0.291032 0.500000 0.000000
vt 0.296050 0.000000 0.000000
vt 0.296050 0.500000 0.000000
vt 0.301067 0.000000 0.000000
vt 0.301067 0.500000 0.000000
vt 0.306085 0.000000 0.000000
vt 0.306085 0.500000 0.000000
vt 0.308594 0.000000 0.000000
vt 0.308594 0.500000 0.000000
vt 0.311103 0.000000 0.000000
vt 0.311103 0.500000 0.000000
vt 0.313612 0.000000 0.000000
vt 0.313612 0.500000 0.000000
vt 0.316121 0.000000 0.000000
vt 0.316121 0.500000 0.000000
vt 0.318630 0.000000 0.000000
vt 0.318630 0.500000 0.000000
vt 0.321139 0.000000 0.000000
vt 0.321139 0.500000 0.000000
vt -0.383836 0.000000 0.000000
vt -0.000000 0.000000 0.000000
vt -0.383836 0.500000 0.000000
vt -0.000000 0.500000 0.000000
vt 0.459535 0.283448 0.000000
vt 0.410149 0.299914 0.000000
vt 0.267617 -0.048964 0.000000
vt 0.360176 0.314499 0.000000
vt 0.309687 0.327182 0.000000
vt 0.258753 0.337945 0.000000
vt 0.207449 0.346771 0.000000
vt 0.155848 0.353650 0.000000
vt 0.104023 0.358570 0.000000
vt 0.052049 0.361525 0.000000
vt -0.000000 0.362511 0.000000
vt -0.267617 -0.048964 0.000000
vt -0.052049 0.361525 0.000000
vt -0.104023 0.358570 0.000000
vt -0.155848 0.353650 0.000000
vt -0.207449 0.346771 0.000000
vt -0.258753 0.337945 0.000000
vt -0.309687 0.327182 0.000000
vt -0.360176 0.314499 0.000000
vt -0.410149 0.299914 0.000000
vt -0.459535 0.283448 0.000000
vt 0.257913 -0.060076 0.000000
vt -0.258287 -0.060076 0.000000
vt 0.248675 -0.070583 0.000000
vt -0.249403 -0.070583 0.000000
vt 0.239867 -0.080528 0.000000
vt -0.240931 -0.080528 0.000000
vt 0.231459 -0.089952 0.000000
vt -0.232840 -0.089952 0.000000
vt 0.223420 -0.098891 0.000000
vt -0.225102 -0.098891 0.000000
vt 0.215724 -0.107378 0.000000
vt -0.217693 -0.107378 0.000000
vt 0.201271 -0.123113 0.000000
vt -0.203770 -0.123113 0.000000
vt 0.187932 -0.137368 0.000000
vt -0.190911 -0.137368 0.000000
vt 0.175567 -0.150317 0.000000
vt -0.178982 -0.150317 0.000000
vt 0.164057 -0.162108 0.000000
vt -0.167870 -0.162108 0.000000
vt 0.153303 -0.172865 0.000000
vt -0.157478 -0.172865 0.000000
vt 0.143216 -0.182696 0.000000
vt -0.147723 -0.182696 0.000000
vt 0.133724 -0.191691 0.000000
vt -0.138534 -0.191691 0.000000
vt 0.124760 -0.199929 0.000000
vt -0.129848 -0.199929 0.000000
vt 0.116270 -0.207479 0.000000
vt -0.121612 -0.207479 0.000000
vt 0.108202 -0.214399 0.000000
vt -0.113777 -0.214399 0.000000
vt 0.100514 -0.220742 0.000000
vt -0.106303 -0.220742 0.000000
vt 0.093166 -0.226551 0.000000
vt -0.099150 -0.226551 0.000000
vt 0.086124 -0.231866 0.000000
vt -0.092287 -0.231866 0.000000
vt 0.072835 -0.241151 0.000000
vt -0.079312 -0.241151 0.000000
vt 0.060435 -0.248824 0.000000
vt -0.067170 -0.248824 0.000000
vt 0.048745 -0.255064 0.000000
vt -0.055691 -0.255064 0.000000
vt 0.037616 -0.260005 0.000000
vt -0.044728 -0.260005 0.000000
vt 0.026917 -0.263751 0.000000
vt -0.034155 -0.263751 0.000000
vt 0.016534 -0.266376 0.000000
vt -0.023861 -0.266376 0.000000
vt 0.006362 -0.267931 0.000000
vt -0.013741 -0.267931 0.000000
vt -0.003698 -0.268447 0.000000
vt 0.448904 -0.031390 0.000000
vt 0.805875 -0.283432 0.000000
vt 0.450000 0.000000 0.000000
vt 0.820387 -0.279811 0.000000
vt 0.836154 -0.276083 0.000000
vt 0.445621 -0.062628 0.000000
vt 0.768621 -0.293828 0.000000
vt 0.780099 -0.290426 0.000000
vt 0.792484 -0.286965 0.000000
vt 0.440166 -0.093560 0.000000
vt 0.738825 -0.303813 0.000000
vt 0.748055 -0.300511 0.000000
vt 0.757965 -0.297186 0.000000
vt 0.432568 -0.124037 0.000000
vt 0.707655 -0.316983 0.000000
vt 0.722183 -0.310388 0.000000
vt 0.730218 -0.307103 0.000000
vt 0.694939 -0.323662 0.000000
vt 0.422862 -0.153909 0.000000
vt 0.683795 -0.330483 0.000000
vt 0.674034 -0.337507 0.000000
vt 0.411095 -0.183031 0.000000
vt 0.665504 -0.344790 0.000000
vt 0.658083 -0.352393 0.000000
vt 0.397326 -0.211262 0.000000
vt 0.651676 -0.360379 0.000000
vt 0.646209 -0.368819 0.000000
vt 0.381622 -0.238464 0.000000
vt 0.641625 -0.377788 0.000000
vt 0.364058 -0.264503 0.000000
vt 0.637886 -0.387376 0.000000
vt 0.634968 -0.397680 0.000000
vt 0.344720 -0.289254 0.000000
vt 0.632863 -0.408818 0.000000
vt 0.631577 -0.420927 0.000000
vt 0.323703 -0.312596 0.000000
vt 0.631136 -0.434171 0.000000
vt 0.301109 -0.334415 0.000000
vt 0.631581 -0.448747 0.000000
vt 0.632978 -0.464897 0.000000
vt 0.277048 -0.354605 0.000000
vt 0.634060 -0.473653 0.000000
vt 0.635417 -0.482921 0.000000
vt 0.637065 -0.492751 0.000000
vt 0.639024 -0.503198 0.000000
vt 0.251637 -0.373067 0.000000
vt 0.641317 -0.514326 0.000000
vt 0.643970 -0.526207 0.000000
vt 0.647014 -0.538926 0.000000
vt 0.225000 -0.389711 0.000000
vt 0.650484 -0.552576 0.000000
vt 0.654423 -0.567268 0.000000
vt 0.197267 -0.404457 0.000000
vt 0.658879 -0.583131 0.000000
vt 0.663911 -0.600314 0.000000
vt 0.003698 -0.744043 0.000000
vt 0.669586 -0.618994 0.000000
vt 0.675987 -0.639379 0.000000
vt 0.679490 -0.650287 0.000000
vt 0.683212 -0.661718 0.000000
vt 0.687169 -0.673712 0.000000
vt 0.691378 -0.686312 0.000000
vt 0.695858 -0.699566 0.000000
vt 0.700629 -0.713525 0.000000
vt 0.013741 -0.744558 0.000000
vt 0.023861 -0.746113 0.000000
vt 0.168573 -0.417233 0.000000
vt 0.139058 -0.427975 0.000000
vt 0.108865 -0.436633 0.000000
vt 0.078142 -0.443163 0.000000
vt 0.047038 -0.447535 0.000000
vt 0.015705 -0.449726 0.000000
vt -0.015705 -0.449726 0.000000
vt -0.644761 -0.542828 0.000000
vt -0.648397 -0.556192 0.000000
vt -0.047038 -0.447535 0.000000
vt -0.628343 -0.454356 0.000000
vt -0.629896 -0.470235 0.000000
vt -0.631068 -0.478836 0.000000
vt -0.078142 -0.443163 0.000000
vt -0.108865 -0.436633 0.000000
vt -0.139058 -0.427975 0.000000
vt -0.168573 -0.417233 0.000000
vt -0.197267 -0.404457 0.000000
vt -0.225000 -0.389711 0.000000
vt -0.251637 -0.373067 0.000000
vt -0.277048 -0.354605 0.000000
vt -0.301109 -0.334415 0.000000
vt -0.627768 -0.440004 0.000000
vt -0.323703 -0.312596 0.000000
vt -0.628105 -0.426942 0.000000
vt -0.629307 -0.414977 0.000000
vt -0.344720 -0.289254 0.000000
vt -0.631349 -0.403949 0.000000
vt -0.364058 -0.264503 0.000000
vt -0.634223 -0.393721 0.000000
vt -0.637936 -0.384179 0.000000
vt -0.381622 -0.238464 0.000000
vt -0.642511 -0.375224 0.000000
vt -0.647987 -0.366769 0.000000
vt -0.654420 -0.358738 0.000000
vt -0.661885 -0.351058 0.000000
vt -0.670478 -0.343666 0.000000
vt -0.680323 -0.336498 0.000000
vt -0.691571 -0.329494 0.000000
vt -0.704417 -0.322592 0.000000
vt -0.719101 -0.315726 0.000000
vt -0.727226 -0.312285 0.000000
vt -0.735931 -0.308826 0.000000
vt -0.745267 -0.305339 0.000000
vt -0.755294 -0.301812 0.000000
vt -0.766078 -0.298234 0.000000
vt -0.777694 -0.294591 0.000000
vt -0.790230 -0.290868 0.000000
vt -0.803787 -0.287048 0.000000
vt -0.818480 -0.283113 0.000000
vt -0.834446 -0.279041 0.000000
vt -0.851843 -0.274807 0.000000
vt -0.870858 -0.270382 0.000000
vt -0.891712 -0.265733 0.000000
vt -0.902910 -0.263312 0.000000
vt -0.914670 -0.260820 0.000000
vt -0.927036 -0.258250 0.000000
vt -0.940052 -0.255595 0.000000
vt -0.953770 -0.252848 0.000000
vt -0.968246 -0.250000 0.000000
vt -0.397326 -0.211262 0.000000
vt -0.411095 -0.183031 0.000000
vt -0.422862 -0.153909 0.000000
vt -0.432568 -0.124037 0.000000
vt -0.440166 -0.093560 0.000000
vt -0.445621 -0.062628 0.000000
vt -0.448904 -0.031390 0.000000
vt -0.450000 0.000000 0.000000
vt -0.448904 0.031390 0.000000
vt -0.805875 0.283432 0.000000
vt -0.820387 0.279811 0.000000
vt -0.836154 0.276083 0.000000
vt -0.445621 0.062628 0.000000
vt -0.768621 0.293828 0.000000
vt -0.780099 0.290426 0.000000
vt -0.792484 0.286965 0.000000
vt -0.440166 0.093560 0.000000
vt -0.738825 0.303813 0.000000
vt -0.748055 0.300511 0.000000
vt -0.757965 0.297186 0.000000
vt -0.432568 0.124037 0.000000
vt -0.707655 0.316983 0.000000
vt -0.722183 0.310388 0.000000
vt -0.730218 0.307103 0.000000
vt -0.694939 0.323662 0.000000
vt -0.422862 0.153909 0.000000
vt -0.683795 0.330483 0.000000
vt -0.674034 0.337507 0.000000
vt -0.411095 0.183031 0.000000
vt -0.665504 0.344790 0.000000
vt -0.658083 0.352393 0.000000
vt -0.397326 0.211262 0.000000
vt -0.651676 0.360379 0.000000
vt -0.646209 0.368819 0.000000
vt -0.381622 0.238464 0.000000
vt -0.641625 0.377788 0.000000
vt -0.364058 0.264503 0.000000
vt -0.637886 0.387376 0.000000
vt -0.634968 0.397680 0.000000
vt -0.344720 0.289254 0.000000
vt -0.632863 0.408818 0.000000
vt -0.631577 0.420927 0.000000
vt -0.323703 0.312596 0.000000
vt -0.631136 0.434171 0.000000
vt -0.301109 0.334415 0.000000
vt -0.631581 0.448747 0.000000
vt -0.632978 0.464897 0.000000
vt -0.277048 0.354605 0.000000
vt -0.634060 0.473653 0.000000
vt -0.635417 0.482921 0.000000
vt -0.637065 0.492751 0.000000
vt -0.639024 0.503198 0.000000
vt -0.251637 0.373067 0.000000
vt -0.641317 0.514326 0.000000
vt -0.643970 0.526207 0.000000
vt -0.647014 0.538926 0.000000
vt -0.225000 0.389711 0.000000
vt -0.650484 0.552576 0.000000
vt -0.654423 0.567268 0.000000
vt -0.197267 0.404457 0.000000
vt -0.658879 0.583131 0.000000
vt -0.663911 0.600314 0.000000
vt -0.003698 0.744043 0.000000
vt -0.669586 0.618994 0.000000
vt -0.675987 0.639379 0.000000
vt -0.679490 0.650287 0.000000
vt -0.683212 0.661718 0.000000
vt -0.687169 0.673712 0.000000
vt -0.691378 0.686312 0.000000
vt -0.695858 0.699566 0.000000
vt -0.700629 0.713525 0.000000
vt -0.013741 0.744558 0.000000
vt -0.023861 0.746113 0.000000
vt -0.168573 0.417233 0.000000
vt -0.139058 0.427975 0.000000
vt -0.108865 0.436633 0.000000
vt -0.078142 0.443163 0.000000
vt -0.047038 0.447535 0.000000
vt -0.015705 0.449726 0.000000
vt 0.015705 0.449726 0.000000
vt 0.006362 0.744558 0.000000
vt 0.016534 0.746113 0.000000
vt 0.026917 0.748738 0.000000
vt 0.037616 0.752484 0.000000
vt 0.048745 0.757426 0.000000
vt 0.060435 0.763665 0.000000
vt 0.072835 0.771339 0.000000
vt 0.086124 0.780623 0.000000
vt 0.093166 0.785939 0.000000
vt 0.100514 0.791748 0.000000
vt 0.636353 0.507824 0.000000
vt 0.108202 0.798090 0.000000
vt 0.638774 0.518731 0.000000
vt 0.116270 0.805010 0.000000
vt 0.641565 0.530373 0.000000
vt 0.124760 0.812560 0.000000
vt 0.644761 0.542828 0.000000
vt 0.133724 0.820798 0.000000
vt 0.648397 0.556192 0.000000
vt 0.143216 0.829793 0.000000
vt 0.652517 0.570570 0.000000
vt 0.153303 0.839624 0.000000
vt 0.657172 0.586089 0.000000
vt 0.164057 0.850381 0.000000
vt 0.662421 0.602894 0.000000
vt 0.175567 0.862172 0.000000
vt 0.187932 0.875121 0.000000
vt 0.668337 0.621158 0.000000
vt 0.201271 0.889376 0.000000
vt 0.675003 0.641083 0.000000
vt 0.678649 0.651744 0.000000
vt 0.047038 0.447535 0.000000
vt 0.628343 0.454356 0.000000
vt 0.629896 0.470235 0.000000
vt 0.631068 0.478836 0.000000
vt 0.078142 0.443163 0.000000
vt 0.108865 0.436633 0.000000
vt 0.139058 0.427975 0.000000
vt 0.168573 0.417233 0.000000
vt 0.197267 0.404457 0.000000
vt 0.225000 0.389711 0.000000
vt 0.251637 0.373067 0.000000
vt 0.277048 0.354605 0.000000
vt 0.301109 0.334415 0.000000
vt 0.627768 0.440004 0.000000
vt 0.323703 0.312596 0.000000
vt 0.628105 0.426942 0.000000
vt 0.629307 0.414977 0.000000
vt 0.344720 0.289254 0.000000
vt 0.631349 0.403949 0.000000
vt 0.364058 0.264503 0.000000
vt 0.634223 0.393721 0.000000
vt 0.637936 0.384179 0.000000
vt 0.381622 0.238464 0.000000
vt 0.642511 0.375224 0.000000
vt 0.647987 0.366769 0.000000
vt 0.654420 0.358738 0.000000
vt 0.661885 0.351058 0.000000
vt 0.670478 0.343666 0.000000
vt 0.680323 0.336498 0.000000
vt 0.691571 0.329494 0.000000
vt 0.704417 0.322592 0.000000
vt 0.719101 0.315726 0.000000
vt 0.727226 0.312285 0.000000
vt 0.735931 0.308826 0.000000
vt 0.745267 0.305339 0.000000
vt 0.755294 0.301812 0.000000
vt 0.766078 0.298234 0.000000
vt 0.777694 0.294591 0.000000
vt 0.790230 0.290868 0.000000
vt 0.803787 0.287048 0.000000
vt 0.818480 0.283113 0.000000
vt 0.834446 0.279041 0.000000
vt 0.851843 0.274807 0.000000
vt 0.870858 0.270382 0.000000
vt 0.891712 0.265733 0.000000
vt 0.902910 0.263312 0.000000
vt 0.914670 0.260820 0.000000
vt 0.927036 0.258250 0.000000
vt 0.940052 0.255595 0.000000
vt 0.953770 0.252848 0.000000
vt 0.968246 0.250000 0.000000
vt 0.397326 0.211262 0.000000
vt 0.411095 0.183031 0.000000
vt 0.422862 0.153909 0.000000
vt 0.432568 0.124037 0.000000
vt 0.440166 0.093560 0.000000
vt 0.445621 0.062628 0.000000
vt 0.448904 0.031390 0.000000
vt 0.892547 -1.045937 0.000000
vt 0.853712 -1.077868 0.000000
vt 0.813736 -1.108359 0.000000
vt 0.772672 -1.137367 0.000000
vt 0.730574 -1.164855 0.000000
vt 0.267617 -0.963525 0.000000
vt 0.687500 -1.190785 0.000000
vt 0.643507 -1.215123 0.000000
vt 0.598653 -1.237837 0.000000
vt 0.552999 -1.258895 0.000000
vt 0.506605 -1.278271 0.000000
vt 0.459535 -1.295937 0.000000
vt 0.853333 -0.272227 0.000000
vt 0.872107 -0.268218 0.000000
vt 0.892696 -0.264028 0.000000
vt 0.903751 -0.261855 0.000000
vt 0.915361 -0.259624 0.000000
vt 0.927568 -0.257328 0.000000
vt 0.940417 -0.254964 0.000000
vt 0.953958 -0.252523 0.000000
vt 0.968246 -0.250000 0.000000
vt 1.375000 -0.000000 0.000000
vt 1.374081 0.050268 0.000000
vt 1.352082 -0.250000 0.000000
vt 1.360318 -0.200402 0.000000
vt 1.366735 -0.150537 0.000000
vt 1.371324 -0.100470 0.000000
vt 1.374081 -0.050268 0.000000
vt 1.371324 0.100470 0.000000
vt 1.366735 0.150537 0.000000
vt 1.360318 0.200402 0.000000
vt 1.352082 0.250000 0.000000
vt 0.632522 0.487935 0.000000
vt 0.634278 0.497579 0.000000
vt 0.215724 0.905112 0.000000
vt 0.682521 0.662914 0.000000
vt 0.223420 0.913599 0.000000
vt 0.686637 0.674633 0.000000
vt 0.231459 0.922538 0.000000
vt 0.691013 0.686943 0.000000
vt 0.239867 0.931962 0.000000
vt 0.695670 0.699890 0.000000
vt 0.248675 0.941907 0.000000
vt 0.700629 0.713525 0.000000
vt 0.257913 0.952413 0.000000
vt 0.267617 0.963525 0.000000
vt 0.730574 1.164855 0.000000
vt 0.687500 1.190785 0.000000
vt 0.892547 1.045937 0.000000
vt 0.853712 1.077868 0.000000
vt 0.813736 1.108359 0.000000
vt 0.772672 1.137367 0.000000
vt 0.643507 1.215123 0.000000
vt 0.598653 1.237837 0.000000
vt 0.552999 1.258895 0.000000
vt 0.506605 1.278271 0.000000
vt 0.459535 1.295937 0.000000
vt -0.034155 0.748738 0.000000
vt -0.044728 0.752484 0.000000
vt -0.055691 0.757426 0.000000
vt -0.067170 0.763665 0.000000
vt -0.079312 0.771339 0.000000
vt -0.092287 0.780623 0.000000
vt -0.099150 0.785939 0.000000
vt -0.106303 0.791748 0.000000
vt -0.113777 0.798090 0.000000
vt -0.121612 0.805010 0.000000
vt -0.129848 0.812560 0.000000
vt -0.138534 0.820798 0.000000
vt -0.147723 0.829793 0.000000
vt -0.157478 0.839624 0.000000
vt -0.167870 0.850381 0.000000
vt -0.178982 0.862172 0.000000
vt -0.190911 0.875121 0.000000
vt -0.203770 0.889376 0.000000
vt -0.217693 0.905112 0.000000
vt -0.225102 0.913599 0.000000
vt -0.232840 0.922538 0.000000
vt -0.240931 0.931962 0.000000
vt -0.249403 0.941907 0.000000
vt -0.258287 0.952413 0.000000
vt -0.267617 0.963525 0.000000
vt -0.730574 1.164855 0.000000
vt -0.772672 1.137367 0.000000
vt -0.459535 1.295937 0.000000
vt -0.506605 1.278271 0.000000
vt -0.552999 1.258895 0.000000
vt -0.598653 1.237837 0.000000
vt -0.643507 1.215123 0.000000
vt -0.687500 1.190785 0.000000
vt -0.813736 1.108359 0.000000
vt -0.853712 1.077868 0.000000
vt -0.892547 1.045937 0.000000
vt -0.853333 0.272227 0.000000
vt -0.872107 0.268218 0.000000
vt -0.892696 0.264028 0.000000
vt -0.903751 0.261855 0.000000
vt -0.915361 0.259624 0.000000
vt -0.927568 0.257328 0.000000
vt -0.940417 0.254964 0.000000
vt -0.953958 0.252523 0.000000
vt -0.968246 0.250000 0.000000
vt -1.375000 -0.000000 0.000000
vt -1.374081 -0.050268 0.000000
vt -1.352082 0.250000 0.000000
vt -1.360318 0.200402 0.000000
vt -1.366735 0.150537 0.000000
vt -1.371324 0.100470 0.000000
vt -1.374081 0.050268 0.000000
vt -1.371324 -0.100470 0.000000
vt -1.366735 -0.150537 0.000000
vt -1.360318 -0.200402 0.000000
vt -1.352082 -0.250000 0.000000
vt -0.632522 -0.487935 0.000000
vt -0.634278 -0.497579 0.000000
vt -0.636353 -0.507824 0.000000
vt -0.638774 -0.518731 0.000000
vt -0.641565 -0.530373 0.000000
vt -0.652517 -0.570570 0.000000
vt -0.657172 -0.586089 0.000000
vt -0.662421 -0.602894 0.000000
vt -0.668337 -0.621158 0.000000
vt -0.675003 -0.641083 0.000000
vt -0.678649 -0.651744 0.000000
vt -0.682521 -0.662914 0.000000
vt -0.686637 -0.674633 0.000000
vt -0.691013 -0.686943 0.000000
vt -0.695670 -0.699890 0.000000
vt -0.700629 -0.713525 0.000000
vt -0.006362 -0.744558 0.000000
vt -0.016534 -0.746113 0.000000
vt -0.026917 -0.748738 0.000000
vt -0.892547 -1.045937 0.000000
vt -0.037616 -0.752484 0.000000
vt -0.048745 -0.757426 0.000000
vt -0.060435 -0.763665 0.000000
vt -0.072835 -0.771339 0.000000
vt -0.086124 -0.780623 0.000000
vt -0.093166 -0.785939 0.000000
vt -0.100514 -0.791748 0.000000
vt -0.108202 -0.798090 0.000000
vt -0.116270 -0.805010 0.000000
vt -0.124760 -0.812560 0.000000
vt -0.133724 -0.820798 0.000000
vt -0.143216 -0.829793 0.000000
vt -0.153303 -0.839624 0.000000
vt -0.164057 -0.850381 0.000000
vt -0.175567 -0.862172 0.000000
vt -0.187932 -0.875121 0.000000
vt -0.201271 -0.889376 0.000000
vt -0.215724 -0.905112 0.000000
vt -0.223420 -0.913599 0.000000
vt -0.231459 -0.922538 0.000000
vt -0.239867 -0.931962 0.000000
vt -0.248675 -0.941907 0.000000
vt -0.257913 -0.952413 0.000000
vt -0.267617 -0.963525 0.000000
vt -0.459535 -1.295937 0.000000
vt -0.853712 -1.077868 0.000000
vt -0.813736 -1.108359 0.000000
vt -0.772672 -1.137367 0.000000
vt -0.730574 -1.164855 0.000000
vt -0.687500 -1.190785 0.000000
vt -0.643507 -1.215123 0.000000
vt -0.598653 -1.237837 0.000000
vt -0.552999 -1.258895 0.000000
vt -0.506605 -1.278271 0.000000
vt 0.034155 -0.748738 0.000000
vt 0.044728 -0.752484 0.000000
vt 0.055691 -0.757426 0.000000
vt 0.067170 -0.763665 0.000000
vt 0.079312 -0.771339 0.000000
vt 0.092287 -0.780623 0.000000
vt 0.099150 -0.785939 0.000000
vt 0.106303 -0.791748 0.000000
vt 0.113777 -0.798090 0.000000
vt 0.121612 -0.805010 0.000000
vt 0.129848 -0.812560 0.000000
vt 0.138534 -0.820798 0.000000
vt 0.147723 -0.829793 0.000000
vt 0.157478 -0.839624 0.000000
vt 0.167870 -0.850381 0.000000
vt 0.178982 -0.862172 0.000000
vt 0.190911 -0.875121 0.000000
vt 0.203770 -0.889376 0.000000
vt 0.217693 -0.905112 0.000000
vt 0.225102 -0.913599 0.000000
vt 0.232840 -0.922538 0.000000
vt 0.240931 -0.931962 0.000000
vt 0.249403 -0.941907 0.000000
vt 0.258287 -0.952413 0.000000
vt -0.200000 1.382301 0.000000
vt -0.000000 1.382301 0.000000
vt -0.200000 1.413717 0.000000
vt -0.000000 1.413717 0.000000
vt -0.200000 -1.413717 0.000000
vt -0.000000 -1.413717 0.000000
vt -0.200000 -1.382301 0.000000
vt -0.000000 -1.382301 0.000000
vt -0.200000 -1.350885 0.000000
vt -0.000000 -1.350885 0.000000
vt -0.200000 -1.319469 0.000000
vt -0.000000 -1.319469 0.000000
vt -0.200000 -1.288053 0.000000
vt -0.000000 -1.288053 0.000000
vt -0.200000 -1.256637 0.000000
vt -0.000000 -1.256637 0.000000
vt -0.200000 -1.225221 0.000000
vt -0.000000 -1.225221 0.000000
vt -0.200000 -1.193805 0.000000
vt -0.000000 -1.193805 0.000000
vt -0.200000 -1.162389 0.000000
vt -0.000000 -1.162389 0.000000
vt -0.200000 -1.130973 0.000000
vt -0.000000 -1.130973 0.000000
vt -0.200000 -1.099557 0.000000
vt -0.000000 -1.099557 0.000000
vt -0.200000 -1.068142 0.000000
vt -0.000000 -1.068142 0.000000
vt -0.200000 -1.036726 0.000000
vt -0.000000 -1.036726 0.000000
vt -0.200000 -1.005310 0.000000
vt -0.000000 -1.005310 0.000000
vt -0.200000 -0.973894 0.000000
vt -0.000000 -0.973894 0.000000
vt -0.200000 -0.942478 0.000000
vt -0.000000 -0.942478 0.000000
vt -0.200000 -0.911062 0.000000
vt -0.000000 -0.911062 0.000000
vt -0.200000 -0.879646 0.000000
vt -0.000000 -0.879646 0.000000
vt -0.200000 -0.848230 0.000000
vt -0.000000 -0.848230 0.000000
vt -0.200000 -0.816814 0.000000
vt -0.000000 -0.816814 0.000000
vt -0.200000 -0.785398 0.000000
vt -0.000000 -0.785398 0.000000
vt -0.200000 -0.753982 0.000000
vt -0.000000 -0.753982 0.000000
vt -0.200000 -0.722566 0.000000
vt -0.000000 -0.722566 0.000000
vt -0.200000 -0.691150 0.000000
vt -0.000000 -0.691150 0.000000
vt -0.200000 -0.659734 0.000000
vt -0.000000 -0.659734 0.000000
vt -0.200000 -0.628319 0.000000
vt -0.000000 -0.628319 0.000000
vt -0.200000 -0.596903 0.000000
vt -0.000000 -0.596903 0.000000
vt -0.200000 -0.565487 0.000000
vt -0.000000 -0.565487 0.000000
vt -0.200000 -0.534071 0.000000
vt -0.000000 -0.534071 0.000000
vt -0.200000 -0.502655 0.000000
vt -0.000000 -0.502655 0.000000
vt -0.200000 -0.471239 0.000000
vt -0.000000 -0.471239 0.000000
vt -0.200000 -0.439823 0.000000
vt -0.000000 -0.439823 0.000000
vt -0.200000 -0.408407 0.000000
vt -0.000000 -0.408407 0.000000
vt -0.200000 -0.376991 0.000000
vt -0.000000 -0.376991 0.000000
vt -0.200000 -0.345575 0.000000
vt -0.000000 -0.345575 0.000000
vt -0.200000 -0.314159 0.000000
vt -0.000000 -0.314159 0.000000
vt -0.200000 -0.282743 0.000000
vt -0.000000 -0.282743 0.000000
vt -0.200000 -0.251327 0.000000
vt -0.000000 -0.251327 0.000000
vt -0.200000 -0.219911 0.000000
vt -0.000000 -0.219911 0.000000
vt -0.200000 -0.188496 0.000000
vt -0.000000 -0.188496 0.000000
vt -0.200000 -0.157080 0.000000
vt -0.000000 -0.157080 0.000000
vt -0.200000 -0.125664 0.000000
vt -0.000000 -0.125664 0.000000
vt -0.200000 -0.094248 0.000000
vt -0.000000 -0.094248 0.000000
vt -0.200000 -0.062832 0.000000
vt -0.000000 -0.062832 0.000000
vt -0.200000 -0.031416 0.000000
vt -0.000000 -0.031416 0.000000
vt -0.200000 0.000000 0.000000
vt -0.000000 0.000000 0.000000
vt -0.200000 0.031416 0.000000
vt -0.000000 0.031416 0.000000
vt -0.200000 0.062832 0.000000
vt -0.000000 0.062832 0.000000
vt -0.200000 0.094248 0.000000
vt -0.000000 0.094248 0.000000
vt -0.200000 0.125664 0.000000
vt -0.000000 0.125664 0.000000
vt -0.200000 0.157080 0.000000
vt -0.000000 0.157080 0.000000
vt -0.200000 0.188496 0.000000
vt -0.000000 0.188496 0.000000
vt -0.200000 0.219911 0.000000
vt -0.000000 0.219911 0.000000
vt -0.200000 0.251327 0.000000
vt -0.000000 0.251327 0.000000
vt -0.200000 0.282743 0.000000
vt -0.000000 0.282743 0.000000
vt -0.200000 0.314159 0.000000
vt -0.000000 0.314159 0.000000
vt -0.200000 0.345575 0.000000
vt -0.000000 0.345575 0.000000
vt -0.200000 0.376991 0.000000
vt -0.000000 0.376991 0.000000
vt -0.200000 0.408407 0.000000
vt -0.000000 0.408407 0.000000
vt -0.200000 0.439823 0.000000
vt -0.000000 0.439823 0.000000
vt -0.200000 0.471239 0.000000
vt -0.000000 0.471239 0.000000
vt -0.200000 0.502655 0.000000
vt -0.000000 0.502655 0.000000
vt -0.200000 0.534071 0.000000
vt -0.000000 0.534071 0.000000
vt -0.200000 0.565487 0.000000
vt -0.000000 0.565487 0.000000
vt -0.200000 0.596903 0.000000
vt -0.000000 0.596903 0.000000
vt -0.200000 0.628319 0.000000
vt -0.000000 0.628319 0.000000
vt -0.200000 0.659734 0.000000
vt -0.000000 0.659734 0.000000
vt -0.200000 0.691150 0.000000
vt -0.000000 0.691150 0.000000
vt -0.200000 0.722566 0.000000
vt -0.000000 0.722566 0.000000
vt -0.200000 0.753982 0.000000
vt -0.000000 0.753982 0.000000
vt -0.200000 0.785398 0.000000
vt -0.000000 0.785398 0.000000
vt -0.200000 0.816814 0.000000
vt -0.000000 0.816814 0.000000
vt -0.200000 0.848230 0.000000
vt -0.000000 0.848230 0.000000
vt -0.200000 0.879646 0.000000
vt -0.000000 0.879646 0.000000
vt -0.200000 0.911062 0.000000
vt -0.000000 0.911062 0.000000
vt -0.200000 0.942478 0.000000
vt -0.000000 0.942478 0.000000
vt -0.200000 0.973894 0.000000
vt -0.000000 0.973894 0.000000
vt -0.200000 1.005310 0.000000
vt -0.000000 1.005310 0.000000
vt -0.200000 1.036726 0.000000
vt -0.000000 1.036726 0.000000
vt -0.200000 1.068142 0.000000
vt -0.000000 1.068142 0.000000
vt -0.200000 1.099557 0.000000
vt -0.000000 1.099557 0.000000
vt -0.200000 1.130973 0.000000
vt -0.000000 1.130973 0.000000
vt -0.200000 1.162389 0.000000
vt -0.000000 1.162389 0.000000
vt -0.200000 1.193805 0.000000
vt -0.000000 1.193805 0.000000
vt -0.200000 1.225221 0.000000
vt -0.000000 1.225221 0.000000
vt -0.200000 1.256637 0.000000
vt -0.000000 1.256637 0.000000
vt -0.200000 1.288053 0.000000
vt -0.000000 1.288053 0.000000
vt -0.200000 1.319469 0.000000
vt -0.000000 1.319469 0.000000
vt -0.200000 1.350885 0.000000
vt -0.000000 1.350885 0.000000
vt -0.198904 0.020906 0.000000
vt -0.448904 0.031390 0.000000
vt -0.200000 -0.000000 0.000000
vt -0.450000 -0.000000 0.000000
vt -0.448904 -0.031390 0.000000
vt -0.445621 0.062628 0.000000
vt -0.195630 0.041582 0.000000
vt -0.440166 0.093560 0.000000
vt -0.432568 0.124037 0.000000
vt -0.190211 0.061803 0.000000
vt -0.422862 0.153909 0.000000
vt -0.182709 0.081347 0.000000
vt -0.411095 0.183031 0.000000
vt -0.397326 0.211262 0.000000
vt -0.173205 0.100000 0.000000
vt -0.381622 0.238464 0.000000
vt -0.161803 0.117557 0.000000
vt -0.364058 0.264503 0.000000
vt -0.344720 0.289254 0.000000
vt -0.148629 0.133826 0.000000
vt -0.323703 0.312596 0.000000
vt -0.133826 0.148629 0.000000
vt -0.301109 0.334415 0.000000
vt -0.277048 0.354605 0.000000
vt -0.117557 0.161803 0.000000
vt -0.251637 0.373067 0.000000
vt -0.100000 0.173205 0.000000
vt -0.225000 0.389711 0.000000
vt -0.197267 0.404457 0.000000
vt -0.081347 0.182709 0.000000
vt -0.168573 0.417233 0.000000
vt -0.061803 0.190211 0.000000
vt -0.139058 0.427975 0.000000
vt -0.108865 0.436633 0.000000
vt -0.041582 0.195630 0.000000
vt -0.078142 0.443163 0.000000
vt -0.020906 0.198904 0.000000
vt -0.047038 0.447535 0.000000
vt -0.015705 0.449726 0.000000
vt 0.000000 0.200000 0.000000
vt 0.015705 0.449726 0.000000
vt 0.020906 0.198904 0.000000
vt 0.047038 0.447535 0.000000
vt 0.078142 0.443163 0.000000
vt 0.041582 0.195630 0.000000
vt 0.108865 0.436633 0.000000
vt 0.061803 0.190211 0.000000
vt 0.139058 0.427975 0.000000
vt 0.168573 0.417233 0.000000
vt 0.081347 0.182709 0.000000
vt 0.197267 0.404457 0.000000
vt 0.100000 0.173205 0.000000
vt 0.225000 0.389711 0.000000
vt 0.251637 0.373067 0.000000
vt 0.117557 0.161803 0.000000
vt 0.277048 0.354605 0.000000
vt 0.133826 0.148629 0.000000
vt 0.301109 0.334415 0.000000
vt 0.323703 0.312596 0.000000
vt 0.148629 0.133826 0.000000
vt 0.344720 0.289254 0.000000
vt 0.161803 0.117557 0.000000
vt 0.364058 0.264503 0.000000
vt 0.381622 0.238464 0.000000
vt 0.173205 0.100000 0.000000
vt 0.397326 0.211262 0.000000
vt 0.182709 0.081347 0.000000
vt 0.411095 0.183031 0.000000
vt 0.422862 0.153909 0.000000
vt 0.190211 0.061803 0.000000
vt 0.432568 0.124037 0.000000
vt 0.195630 0.041582 0.000000
vt 0.440166 0.093560 0.000000
vt 0.445621 0.062628 0.000000
vt 0.198904 0.020906 0.000000
vt 0.448904 0.031390 0.000000
vt 0.200000 0.000000 0.000000
vt 0.450000 0.000000 0.000000
vt 0.448904 -0.031390 0.000000
vt 0.198904 -0.020906 0.000000
vt 0.445621 -0.062628 0.000000
vt 0.195630 -0.041582 0.000000
vt 0.440166 -0.093560 0.000000
vt 0.432568 -0.124037 0.000000
vt 0.190211 -0.061803 0.000000
vt 0.422862 -0.153909 0.000000
vt 0.182709 -0.081347 0.000000
vt 0.411095 -0.183031 0.000000
vt 0.397326 -0.211262 0.000000
vt 0.173205 -0.100000 0.000000
vt 0.381622 -0.238464 0.000000
vt 0.161803 -0.117557 0.000000
vt 0.364058 -0.264503 0.000000
vt 0.344720 -0.289254 0.000000
vt 0.148629 -0.133826 0.000000
vt 0.323703 -0.312596 0.000000
vt 0.133826 -0.148629 0.000000
vt 0.117557 -0.161803 0.000000
vt 0.100000 -0.173205 0.000000
vt 0.081347 -0.182709 0.000000
vt 0.301109 -0.334415 0.000000
vt 0.277048 -0.354605 0.000000
vt 0.251637 -0.373067 0.000000
vt 0.225000 -0.389711 0.000000
vt 0.197267 -0.404457 0.000000
vt 0.168573 -0.417233 0.000000
vt 0.061803 -0.190211 0.000000
vt 0.139058 -0.427975 0.000000
vt 0.108865 -0.436633 0.000000
vt 0.041582 -0.195630 0.000000
vt 0.078142 -0.443163 0.000000
vt 0.020906 -0.198904 0.000000
vt 0.047038 -0.447535 0.000000
vt 0.015705 -0.449726 0.000000
vt 0.000000 -0.200000 0.000000
vt -0.015705 -0.449726 0.000000
vt -0.020906 -0.198904 0.000000
vt -0.047038 -0.447535 0.000000
vt -0.078142 -0.443163 0.000000
vt -0.041582 -0.195630 0.000000
vt -0.108865 -0.436633 0.000000
vt -0.061803 -0.190211 0.000000
vt -0.139058 -0.427975 0.000000
vt -0.168573 -0.417233 0.000000
vt -0.081347 -0.182709 0.000000
vt -0.197267 -0.404457 0.000000
vt -0.100000 -0.173205 0.000000
vt -0.225000 -0.389711 0.000000
vt -0.251637 -0.373067 0.000000
vt -0.117557 -0.161803 0.000000
vt -0.277048 -0.354605 0.000000
vt -0.133826 -0.148629 0.000000
vt -0.301109 -0.334415 0.000000
vt -0.323703 -0.312596 0.000000
vt -0.148629 -0.133826 0.000000
vt -0.344720 -0.289254 0.000000
vt -0.161803 -0.117557 0.000000
vt -0.364058 -0.264503 0.000000
vt -0.381622 -0.238464 0.000000
vt -0.173205 -0.100000 0.000000
vt -0.397326 -0.211262 0.000000
vt -0.182709 -0.081347 0.000000
vt -0.411095 -0.183031 0.000000
vt -0.422862 -0.153909 0.000000
vt -0.190211 -0.061803 0.000000
vt -0.432568 -0.124037 0.000000
vt -0.195630 -0.041582 0.000000
vt -0.440166 -0.093560 0.000000
vt -0.445621 -0.062628 0.000000
vt -0.198904 -0.020906 0.000000
vt -2.800000 -1.188498 0.000000
vt -1.866667 -1.238128 0.000000
vt -2.300000 -1.188498 0.000000
vt -1.866667 -1.183100 0.000000
vt -2.300000 -1.136437 0.000000
vt -1.866667 -1.128072 0.000000
vt -2.300000 -1.084376 0.000000
vt -1.866667 -1.073044 0.000000
vt -2.300000 -1.032315 0.000000
vt -1.866667 -1.018016 0.000000
vt -2.300000 -0.980254 0.000000
vt -1.866667 -0.962988 0.000000
vt -2.300000 -0.928193 0.000000
vt -1.866667 -0.907960 0.000000
vt -2.300000 -0.876132 0.000000
vt -1.866667 -0.852932 0.000000
vt -2.300000 -0.824071 0.000000
vt -1.866667 -0.797905 0.000000
vt -2.300000 -0.772009 0.000000
vt -1.866667 -0.742877 0.000000
vt -2.300000 -0.719948 0.000000
vt -1.866667 -0.687849 0.000000
vt -2.300000 -0.667887 0.000000
vt -1.866667 -0.632821 0.000000
vt -2.300000 -0.615826 0.000000
vt -1.866667 -0.577793 0.000000
vt -2.300000 -0.563765 0.000000
vt -1.866667 -0.522765 0.000000
vt -2.300000 -0.511704 0.000000
vt -1.866667 -0.467737 0.000000
vt -2.300000 -0.459643 0.000000
vt -1.866667 -0.412709 0.000000
vt -2.300000 -0.407582 0.000000
vt -1.866667 -0.357681 0.000000
vt -2.300000 -0.355521 0.000000
vt -1.866667 -0.302653 0.000000
vt -2.300000 -0.303459 0.000000
vt -2.300000 -0.251398 0.000000
vt -1.866667 -0.247626 0.000000
vt -2.800000 -0.251398 0.000000
vt -2.800000 -0.201119 0.000000
vt -1.866667 -0.192598 0.000000
vt -2.800000 -0.150839 0.000000
vt -1.866667 -0.137570 0.000000
vt -2.800000 -0.100559 0.000000
vt -1.866667 -0.082542 0.000000
vt -2.800000 -0.050280 0.000000
vt -1.866667 -0.027514 0.000000
vt -2.800000 -0.000000 0.000000
vt -1.866667 0.027514 0.000000
vt -2.800000 0.050280 0.000000
vt -1.866667 0.082542 0.000000
vt -2.800000 0.100559 0.000000
vt -1.866667 0.137570 0.000000
vt -2.800000 0.150839 0.000000
vt -1.866667 0.192598 0.000000
vt -2.800000 0.201119 0.000000
vt -1.866667 0.247626 0.000000
vt -2.800000 0.251398 0.000000
vt -2.300000 0.251398 0.000000
vt -1.866667 0.302653 0.000000
vt -2.300000 0.303459 0.000000
vt -2.300000 0.355521 0.000000
vt -1.866667 0.357681 0.000000
vt -2.300000 0.407582 0.000000
vt -1.866667 0.412709 0.000000
vt -2.300000 0.459643 0.000000
vt -1.866667 0.467737 0.000000
vt -2.300000 0.511704 0.000000
vt -1.866667 0.522765 0.000000
vt -2.300000 0.563765 0.000000
vt -1.866667 0.577793 0.000000
vt -2.300000 0.615826 0.000000
vt -1.866667 0.632821 0.000000
vt -2.300000 0.667887 0.000000
vt -1.866667 0.687849 0.000000
vt -2.300000 0.719948 0.000000
vt -1.866667 0.742877 0.000000
vt -2.300000 0.772009 0.000000
vt -1.866667 0.797905 0.000000
vt -2.300000 0.824071 0.000000
vt -1.866667 0.852932 0.000000
vt -2.300000 0.876132 0.000000
vt -1.866667 0.907960 0.000000
vt -2.300000 0.928193 0.000000
vt -1.866667 0.962988 0.000000
vt -2.300000 0.980254 0.000000
vt -1.866667 1.018016 0.000000
vt -2.300000 1.032315 0.000000
vt -1.866667 1.073044 0.000000
vt -2.300000 1.084376 0.000000
vt -1.866667 1.128072 0.000000
vt -2.300000 1.136437 0.000000
vt -1.866667 1.183100 0.000000
vt -2.300000 1.188498 0.000000
vt -1.866667 1.238128 0.000000
vt -2.800000 1.188498 0.000000
vt -2.800000 1.238778 0.000000
vt -2.800000 1.289058 0.000000
vt -1.866667 1.293156 0.000000
vt -2.800000 1.339337 0.000000
vt -1.866667 1.348183 0.000000
vt -2.800000 1.389617 0.000000
vt -1.866667 1.403211 0.000000
vt -2.800000 1.439897 0.000000
vt -1.866667 1.458239 0.000000
vt -2.800000 1.490176 0.000000
vt -1.866667 1.513267 0.000000
vt -2.800000 1.540456 0.000000
vt -1.866667 1.568295 0.000000
vt -2.800000 1.590736 0.000000
vt -1.866667 1.623323 0.000000
vt -2.800000 1.641015 0.000000
vt -1.866667 1.678351 0.000000
vt -2.800000 1.691295 0.000000
vt -2.300000 1.691295 0.000000
vt -1.866667 1.733379 0.000000
vt -2.300000 1.743356 0.000000
vt -1.866667 1.788407 0.000000
vt -2.300000 1.795417 0.000000
vt -1.866667 1.843435 0.000000
vt -2.300000 1.847478 0.000000
vt -1.866667 1.898462 0.000000
vt -2.300000 1.899539 0.000000
vt -2.300000 1.951601 0.000000
vt -1.866667 1.953490 0.000000
vt -2.300000 2.003662 0.000000
vt -1.866667 2.008518 0.000000
vt -2.300000 2.055723 0.000000
vt -1.866667 2.063546 0.000000
vt -2.300000 2.107784 0.000000
vt -1.866667 2.118574 0.000000
vt -2.300000 2.159845 0.000000
vt -1.866667 2.173602 0.000000
vt -2.300000 2.211906 0.000000
vt -1.866667 2.228630 0.000000
vt -2.300000 2.263967 0.000000
vt -1.866667 2.283658 0.000000
vt -2.300000 2.316028 0.000000
vt -1.866667 2.338686 0.000000
vt -2.300000 2.368089 0.000000
vt -1.866667 2.393714 0.000000
vt -2.300000 2.420151 0.000000
vt -1.866667 2.448741 0.000000
vt -2.300000 2.472212 0.000000
vt -1.866667 2.503769 0.000000
vt -2.300000 2.524273 0.000000
vt -1.866667 2.558797 0.000000
vt -2.300000 2.576334 0.000000
vt -1.866667 2.613825 0.000000
vt -2.300000 2.628395 0.000000
vt -1.866667 2.668853 0.000000
vt -2.800000 2.628395 0.000000
vt -2.800000 2.678675 0.000000
vt -1.866667 2.723881 0.000000
vt -2.800000 2.728954 0.000000
vt -1.866667 2.779126 0.000000
vt -2.800000 2.779234 0.000000
vt -2.800000 2.829514 0.000000
vt -1.866667 2.833937 0.000000
vt -2.800000 2.879793 0.000000
vt -1.866667 2.888965 0.000000
vt -2.800000 2.930073 0.000000
vt -1.866667 2.943992 0.000000
vt -2.800000 2.980353 0.000000
vt -1.866667 2.999020 0.000000
vt -2.800000 3.030632 0.000000
vt -1.866667 3.054048 0.000000
vt -2.800000 3.080912 0.000000
vt -1.866667 3.109076 0.000000
vt -2.800000 3.131192 0.000000
vt -2.300000 3.131192 0.000000
vt -1.866667 3.164104 0.000000
vt -2.300000 3.183253 0.000000
vt -1.866667 3.219132 0.000000
vt -2.300000 3.235314 0.000000
vt -1.866667 3.274160 0.000000
vt -2.300000 3.287375 0.000000
vt -1.866667 3.329188 0.000000
vt -2.300000 3.339436 0.000000
vt -1.866667 3.384216 0.000000
vt -2.300000 3.391497 0.000000
vt -1.866667 3.439244 0.000000
vt -2.300000 3.443558 0.000000
vt -1.866667 3.494271 0.000000
vt -2.300000 3.495619 0.000000
vt -2.300000 3.547680 0.000000
vt -1.866667 3.549299 0.000000
vt -2.300000 3.599742 0.000000
vt -1.866667 3.604327 0.000000
vt -2.300000 3.651803 0.000000
vt -1.866667 3.659355 0.000000
vt -2.300000 3.703864 0.000000
vt -1.866667 3.714383 0.000000
vt -2.300000 3.755925 0.000000
vt -1.866667 3.769411 0.000000
vt -2.300000 3.807986 0.000000
vt -1.866667 3.824439 0.000000
vt -2.300000 3.860047 0.000000
vt -1.866667 3.879467 0.000000
vt -2.300000 3.912108 0.000000
vt -1.866667 3.934495 0.000000
vt -2.300000 3.964169 0.000000
vt -1.866667 3.989523 0.000000
vt -2.300000 4.016230 0.000000
vt -1.866667 4.044550 0.000000
vt -2.300000 4.068292 0.000000
vt -1.866667 4.099578 0.000000
vt -2.800000 4.068292 0.000000
vt -2.800000 4.118571 0.000000
vt -1.866667 4.154606 0.000000
vt -2.800000 4.168851 0.000000
vt -1.866667 4.209634 0.000000
vt -2.800000 4.219131 0.000000
vt -1.866667 4.264662 0.000000
vt -2.800000 4.269410 0.000000
vt -1.866667 4.319690 0.000000
vt -2.800000 4.319690 0.000000
vt -2.800000 -4.319690 0.000000
vt -1.866667 -4.319690 0.000000
vt -2.800000 -4.269410 0.000000
vt -1.866667 -4.264662 0.000000
vt -2.800000 -4.219131 0.000000
vt -1.866667 -4.209634 0.000000
vt -2.800000 -4.168851 0.000000
vt -1.866667 -4.154606 0.000000
vt -2.800000 -4.118571 0.000000
vt -1.866667 -4.099578 0.000000
vt -2.800000 -4.068292 0.000000
vt -2.300000 -4.068292 0.000000
vt -1.866667 -4.044550 0.000000
vt -2.300000 -4.016230 0.000000
vt -1.866667 -3.989523 0.000000
vt -2.300000 -3.964169 0.000000
vt -1.866667 -3.934495 0.000000
vt -2.300000 -3.912108 0.000000
vt -1.866667 -3.879467 0.000000
vt -2.300000 -3.860047 0.000000
vt -1.866667 -3.824439 0.000000
vt -2.300000 -3.807986 0.000000
vt -1.866667 -3.769411 0.000000
vt -2.300000 -3.755925 0.000000
vt -1.866667 -3.714383 0.000000
vt -2.300000 -3.703864 0.000000
vt -1.866667 -3.659355 0.000000
vt -2.300000 -3.651803 0.000000
vt -1.866667 -3.604327 0.000000
vt -2.300000 -3.599742 0.000000
vt -1.866667 -3.549299 0.000000
vt -2.300000 -3.547680 0.000000
vt -1.866667 -3.494271 0.000000
vt -2.300000 -3.495619 0.000000
vt -2.300000 -3.443558 0.000000
vt -1.866667 -3.439244 0.000000
vt -2.300000 -3.391497 0.000000
vt -1.866667 -3.384216 0.000000
vt -2.300000 -3.339436 0.000000
vt -1.866667 -3.329188 0.000000
vt -2.300000 -3.287375 0.000000
vt -1.866667 -3.274160 0.000000
vt -2.300000 -3.235314 0.000000
vt -1.866667 -3.219132 0.000000
vt -2.300000 -3.183253 0.000000
vt -1.866667 -3.164104 0.000000
vt -2.300000 -3.131192 0.000000
vt -1.866667 -3.109076 0.000000
vt -2.800000 -3.131192 0.000000
vt -2.800000 -3.080912 0.000000
vt -1.866667 -3.054048 0.000000
vt -2.800000 -3.030632 0.000000
vt -1.866667 -2.999020 0.000000
vt -2.800000 -2.980353 0.000000
vt -1.866667 -2.943992 0.000000
vt -2.800000 -2.930073 0.000000
vt -1.866667 -2.888965 0.000000
vt -2.800000 -2.879793 0.000000
vt -1.866667 -2.833937 0.000000
vt -2.800000 -2.829514 0.000000
vt -1.866667 -2.779126 0.000000
vt -2.800000 -2.779234 0.000000
vt -2.800000 -2.728954 0.000000
vt -1.866667 -2.723881 0.000000
vt -2.800000 -2.678675 0.000000
vt -1.866667 -2.668853 0.000000
vt -2.800000 -2.628395 0.000000
vt -2.300000 -2.628395 0.000000
vt -1.866667 -2.613825 0.000000
vt -2.300000 -2.576334 0.000000
vt -1.866667 -2.558797 0.000000
vt -2.300000 -2.524273 0.000000
vt -1.866667 -2.503769 0.000000
vt -2.300000 -2.472212 0.000000
vt -1.866667 -2.448741 0.000000
vt -2.300000 -2.420151 0.000000
vt -1.866667 -2.393714 0.000000
vt -2.300000 -2.368089 0.000000
vt -1.866667 -2.338686 0.000000
vt -2.300000 -2.316028 0.000000
vt -1.866667 -2.283658 0.000000
vt -2.300000 -2.263967 0.000000
vt -1.866667 -2.228630 0.000000
vt -2.300000 -2.211906 0.000000
vt -1.866667 -2.173602 0.000000
vt -2.300000 -2.159845 0.000000
vt -1.866667 -2.118574 0.000000
vt -2.300000 -2.107784 0.000000
vt -1.866667 -2.063546 0.000000
vt -2.300000 -2.055723 0.000000
vt -1.866667 -2.008518 0.000000
vt -2.300000 -2.003662 0.000000
vt -1.866667 -1.953490 0.000000
vt -2.300000 -1.951601 0.000000
vt -1.866667 -1.898462 0.000000
vt -2.300000 -1.899539 0.000000
vt -2.300000 -1.847478 0.000000
vt -1.866667 -1.843435 0.000000
vt -2.300000 -1.795417 0.000000
vt -1.866667 -1.788407 0.000000
vt -2.300000 -1.743356 0.000000
vt -1.866667 -1.733379 0.000000
vt -2.300000 -1.691295 0.000000
vt -1.866667 -1.678351 0.000000
vt -2.800000 -1.691295 0.000000
vt -2.800000 -1.641015 0.000000
vt -1.866667 -1.623323 0.000000
vt -2.800000 -1.590736 0.000000
vt -1.866667 -1.568295 0.000000
vt -2.800000 -1.540456 0.000000
vt -1.866667 -1.513267 0.000000
vt -2.800000 -1.490176 0.000000
vt -1.866667 -1.458239 0.000000
vt -2.800000 -1.439897 0.000000
vt -1.866667 -1.403211 0.000000
vt -2.800000 -1.389617 0.000000
vt -1.866667 -1.348183 0.000000
vt -2.800000 -1.339337 0.000000
vt -1.866667 -1.293156 0.000000
vt -2.800000 -1.289058 0.000000
vt -2.800000 -1.238778 0.000000
vt -0.000000 -4.264662 0.000000
vt -0.933333 -4.264662 0.000000
vt -0.000000 -4.319690 0.000000
vt -0.933333 -4.319690 0.000000
vt -0.000000 4.319690 0.000000
vt -0.933333 4.319690 0.000000
vt -0.000000 4.264662 0.000000
vt -0.933333 4.264662 0.000000
vt -0.000000 4.209634 0.000000
vt -0.933333 4.209634 0.000000
vt -0.000000 4.154606 0.000000
vt -0.933333 4.154606 0.000000
vt -0.000000 4.099578 0.000000
vt -0.933333 4.099578 0.000000
vt -0.000000 4.044550 0.000000
vt -0.933333 4.044550 0.000000
vt -0.000000 3.989523 0.000000
vt -0.933333 3.989523 0.000000
vt -0.000000 3.934495 0.000000
vt -0.933333 3.934495 0.000000
vt -0.000000 3.879467 0.000000
vt -0.933333 3.879467 0.000000
vt -0.000000 3.824439 0.000000
vt -0.933333 3.824439 0.000000
vt -0.000000 3.769411 0.000000
vt -0.933333 3.769411 0.000000
vt -0.000000 3.714383 0.000000
vt -0.933333 3.714383 0.000000
vt -0.000000 3.659355 0.000000
vt -0.933333 3.659355 0.000000
vt -0.000000 3.604327 0.000000
vt -0.933333 3.604327 0.000000
vt -0.000000 3.549299 0.000000
vt -0.933333 3.549299 0.000000
vt -0.000000 3.494271 0.000000
vt -0.933333 3.494271 0.000000
vt -0.000000 3.439244 0.000000
vt -0.933333 3.439244 0.000000
vt -0.000000 3.384216 0.000000
vt -0.933333 3.384216 0.000000
vt -0.000000 3.329188 0.000000
vt -0.933333 3.329188 0.000000
vt -0.000000 3.274160 0.000000
vt -0.933333 3.274160 0.000000
vt -0.000000 3.219132 0.000000
vt -0.933333 3.219132 0.000000
vt -0.000000 3.164104 0.000000
vt -0.933333 3.164104 0.000000
vt -0.000000 3.109076 0.000000
vt -0.933333 3.109076 0.000000
vt -0.000000 3.054048 0.000000
vt -0.933333 3.054048 0.000000
vt -0.000000 2.999020 0.000000
vt -0.933333 2.999020 0.000000
vt -0.000000 2.943992 0.000000
vt -0.933333 2.943992 0.000000
vt -0.000000 2.888965 0.000000
vt -0.933333 2.888965 0.000000
vt -0.000000 2.833937 0.000000
vt -0.933333 2.833937 0.000000
vt -0.933333 2.779017 0.000000
vt -0.933333 -4.209634 0.000000
vt -0.000000 -4.209634 0.000000
vt -0.933333 -4.154606 0.000000
vt -0.000000 -4.154606 0.000000
vt -0.933333 -4.099578 0.000000
vt -0.000000 -4.099578 0.000000
vt -0.933333 -4.044550 0.000000
vt -0.000000 -4.044550 0.000000
vt -0.933333 -3.989523 0.000000
vt -0.000000 -3.989523 0.000000
vt -0.933333 -3.934495 0.000000
vt -0.000000 -3.934495 0.000000
vt -0.933333 -3.879467 0.000000
vt -0.000000 -3.879467 0.000000
vt -0.933333 -3.824439 0.000000
vt -0.000000 -3.824439 0.000000
vt -0.933333 -3.769411 0.000000
vt -0.000000 -3.769411 0.000000
vt -0.933333 -3.714383 0.000000
vt -0.000000 -3.714383 0.000000
vt -0.933333 -3.659355 0.000000
vt -0.000000 -3.659355 0.000000
vt -0.933333 -3.604327 0.000000
vt -0.000000 -3.604327 0.000000
vt -0.933333 -3.549299 0.000000
vt -0.000000 -3.549299 0.000000
vt -0.933333 -3.494271 0.000000
vt -0.000000 -3.494271 0.000000
vt -0.933333 -3.439244 0.000000
vt -0.000000 -3.439244 0.000000
vt -0.933333 -3.384216 0.000000
vt -0.000000 -3.384216 0.000000
vt -0.933333 -3.329188 0.000000
vt -0.000000 -3.329188 0.000000
vt -0.933333 -3.274160 0.000000
vt -0.000000 -3.274160 0.000000
vt -0.933333 -3.219132 0.000000
vt -0.000000 -3.219132 0.000000
vt -0.933333 -3.164104 0.000000
vt -0.000000 -3.164104 0.000000
vt -0.933333 -3.109076 0.000000
vt -0.000000 -3.109076 0.000000
vt -0.933333 -3.054048 0.000000
vt -0.000000 -3.054048 0.000000
vt -0.933333 -2.999020 0.000000
vt -0.000000 -2.999020 0.000000
vt -0.933333 -2.943992 0.000000
vt -0.000000 -2.943992 0.000000
vt -0.933333 -2.888965 0.000000
vt -0.000000 -2.888965 0.000000
vt -0.933333 -2.833937 0.000000
vt -0.000000 -2.833937 0.000000
vt -0.933333 -2.779017 0.000000
vt -0.000000 -2.778909 0.000000
vt -0.933333 -2.723881 0.000000
vt -0.000000 -2.723881 0.000000
vt -0.933333 -2.668853 0.000000
vt -0.000000 -2.668853 0.000000
vt -0.933333 -2.613825 0.000000
vt -0.000000 -2.613825 0.000000
vt -0.933333 -2.558797 0.000000
vt -0.000000 -2.558797 0.000000
vt -0.933333 -2.503769 0.000000
vt -0.000000 -2.503769 0.000000
vt -0.933333 -2.448741 0.000000
vt -0.000000 -2.448741 0.000000
vt -0.933333 -2.393714 0.000000
vt -0.000000 -2.393714 0.000000
vt -0.933333 -2.338686 0.000000
vt -0.000000 -2.338686 0.000000
vt -0.933333 -2.283658 0.000000
vt -0.000000 -2.283658 0.000000
vt -0.933333 -2.228630 0.000000
vt -0.000000 -2.228630 0.000000
vt -0.933333 -2.173602 0.000000
vt -0.000000 -2.173602 0.000000
vt -0.933333 -2.118574 0.000000
vt -0.000000 -2.118574 0.000000
vt -0.933333 -2.063546 0.000000
vt -0.000000 -2.063546 0.000000
vt -0.933333 -2.008518 0.000000
vt -0.000000 -2.008518 0.000000
vt -0.933333 -1.953490 0.000000
vt -0.000000 -1.953490 0.000000
vt -0.933333 -1.898462 0.000000
vt -0.000000 -1.898462 0.000000
vt -0.933333 -1.843435 0.000000
vt -0.000000 -1.843435 0.000000
vt -0.933333 -1.788407 0.000000
vt -0.000000 -1.788407 0.000000
vt -0.933333 -1.733379 0.000000
vt -0.000000 -1.733379 0.000000
vt -0.933333 -1.678351 0.000000
vt -0.000000 -1.678351 0.000000
vt -0.933333 -1.623323 0.000000
vt -0.000000 -1.623323 0.000000
vt -0.933333 -1.568295 0.000000
vt -0.000000 -1.568295 0.000000
vt -0.933333 -1.513267 0.000000
vt -0.000000 -1.513267 0.000000
vt -0.933333 -1.458239 0.000000
vt -0.000000 -1.458239 0.000000
vt -0.933333 -1.403211 0.000000
vt -0.000000 -1.403211 0.000000
vt -0.933333 -1.348183 0.000000
vt -0.000000 -1.348183 0.000000
vt -0.933333 -1.293156 0.000000
vt -0.000000 -1.293156 0.000000
vt -0.933333 -1.238128 0.000000
vt -0.000000 -1.238128 0.000000
vt -0.933333 -1.183100 0.000000
vt -0.000000 -1.183100 0.000000
vt -0.933333 -1.128072 0.000000
vt -0.000000 -1.128072 0.000000
vt -0.933333 -1.073044 0.000000
vt -0.000000 -1.073044 0.000000
vt -0.933333 -1.018016 0.000000
vt -0.000000 -1.018016 0.000000
vt -0.933333 -0.962988 0.000000
vt -0.000000 -0.962988 0.000000
vt -0.933333 -0.907960 0.000000
vt -0.000000 -0.907960 0.000000
vt -0.933333 -0.852932 0.000000
vt -0.000000 -0.852932 0.000000
vt -0.933333 -0.797905 0.000000
vt -0.000000 -0.797905 0.000000
vt -0.933333 -0.742877 0.000000
vt -0.000000 -0.742877 0.000000
vt -0.933333 -0.687849 0.000000
vt -0.000000 -0.687849 0.000000
vt -0.933333 -0.632821 0.000000
vt -0.000000 -0.632821 0.000000
vt -0.933333 -0.577793 0.000000
vt -0.000000 -0.577793 0.000000
vt -0.933333 -0.522765 0.000000
vt -0.000000 -0.522765 0.000000
vt -0.933333 -0.467737 0.000000
vt -0.000000 -0.467737 0.000000
vt -0.933333 -0.412709 0.000000
vt -0.000000 -0.412709 0.000000
vt -0.933333 -0.357681 0.000000
vt -0.000000 -0.357681 0.000000
vt -0.933333 -0.302653 0.000000
vt -0.000000 -0.302653 0.000000
vt -0.933333 -0.247626 0.000000
vt -0.000000 -0.247626 0.000000
vt -0.933333 -0.192598 0.000000
vt -0.000000 -0.192598 0.000000
vt -0.933333 -0.137570 0.000000
vt -0.000000 -0.137570 0.000000
vt -0.933333 -0.082542 0.000000
vt -0.000000 -0.082542 0.000000
vt -0.933333 -0.027514 0.000000
vt -0.000000 -0.027514 0.000000
vt -0.933333 0.027514 0.000000
vt -0.000000 0.027514 0.000000
vt -0.933333 0.082542 0.000000
vt -0.000000 0.082542 0.000000
vt -0.933333 0.137570 0.000000
vt -0.000000 0.137570 0.000000
vt -0.933333 0.192598 0.000000
vt -0.000000 0.192598 0.000000
vt -0.933333 0.247626 0.000000
vt -0.000000 0.247626 0.000000
vt -0.933333 0.302653 0.000000
vt -0.000000 0.302653 0.000000
vt -0.933333 0.357681 0.000000
vt -0.000000 0.357681 0.000000
vt -0.933333 0.412709 0.000000
vt -0.000000 0.412709 0.000000
vt -0.933333 0.467737 0.000000
vt -0.000000 0.467737 0.000000
vt -0.933333 0.522765 0.000000
vt -0.000000 0.522765 0.000000
vt -0.933333 0.577793 0.000000
vt -0.000000 0.577793 0.000000
vt -0.933333 0.632821 0.000000
vt -0.000000 0.632821 0.000000
vt -0.933333 0.687849 0.000000
vt -0.000000 0.687849 0.000000
vt -0.933333 0.742877 0.000000
vt -0.000000 0.742877 0.000000
vt -0.933333 0.797905 0.000000
vt -0.000000 0.797905 0.000000
vt -0.933333 0.852932 0.000000
vt -0.000000 0.852932 0.000000
vt -0.933333 0.907960 0.000000
vt -0.000000 0.907960 0.000000
vt -0.933333 0.962988 0.000000
vt -0.000000 0.962988 0.000000
vt -0.933333 1.018016 0.000000
vt -0.000000 1.018016 0.000000
vt -0.933333 1.073044 0.000000
vt -0.000000 1.073044 0.000000
vt -0.933333 1.128072 0.000000
vt -0.000000 1.128072 0.000000
vt -0.933333 1.183100 0.000000
vt -0.000000 1.183100 0.000000
vt -0.933333 1.238128 0.000000
vt -0.000000 1.238128 0.000000
vt -0.933333 1.293156 0.000000
vt -0.000000 1.293156 0.000000
vt -0.933333 1.348183 0.000000
vt -0.000000 1.348183 0.000000
vt -0.933333 1.403211 0.000000
vt -0.000000 1.403211 0.000000
vt -0.933333 1.458239 0.000000
vt -0.000000 1.458239 0.000000
vt -0.933333 1.513267 0.000000
vt -0.000000 1.513267 0.000000
vt -0.933333 1.568295 0.000000
vt -0.000000 1.568295 0.000000
vt -0.933333 1.623323 0.000000
vt -0.000000 1.623323 0.000000
vt -0.933333 1.678351 0.000000
vt -0.000000 1.678351 0.000000
vt -0.933333 1.733379 0.000000
vt -0.000000 1.733379 0.000000
vt -0.933333 1.788407 0.000000
vt -0.000000 1.788407 0.000000
vt -0.933333 1.843435 0.000000
vt -0.000000 1.843435 0.000000
vt -0.933333 1.898462 0.000000
vt -0.000000 1.898462 0.000000
vt -0.933333 1.953490 0.000000
vt -0.000000 1.953490 0.000000
vt -0.933333 2.008518 0.000000
vt -0.000000 2.008518 0.000000
vt -0.933333 2.063546 0.000000
vt -0.000000 2.063546 0.000000
vt -0.933333 2.118574 0.000000
vt -0.000000 2.118574 0.000000
vt -0.933333 2.173602 0.000000
vt -0.000000 2.173602 0.000000
vt -0.933333 2.228630 0.000000
vt -0.000000 2.228630 0.000000
vt -0.933333 2.283658 0.000000
vt -0.000000 2.283658 0.000000
vt -0.933333 2.338686 0.000000
vt -0.000000 2.338686 0.000000
vt -0.933333 2.393714 0.000000
vt -0.000000 2.393714 0.000000
vt -0.933333 2.448741 0.000000
vt -0.000000 2.448741 0.000000
vt -0.933333 2.503769 0.000000
vt -0.000000 2.503769 0.000000
vt -0.933333 2.558797 0.000000
vt -0.000000 2.558797 0.000000
vt -0.933333 2.613825 0.000000
vt -0.000000 2.613825 0.000000
vt -0.933333 2.668853 0.000000
vt -0.000000 2.668853 0.000000
vt -0.933333 2.723881 0.000000
vt -0.000000 2.723881 0.000000
vt -0.000000 2.778909 0.000000
vt -0.651094 -0.018081 0.000000
vt -0.099733 -0.007300 0.000000
vt -0.650000 0.000000 0.000000
vt -0.099733 0.007300 0.000000
vt -0.651094 0.018081 0.000000
vt -0.097608 0.021743 0.000000
vt -0.654359 0.035897 0.000000
vt -0.093402 0.035723 0.000000
vt -0.659748 0.053191 0.000000
vt -0.087205 0.048942 0.000000
vt -0.667182 0.069708 0.000000
vt -0.079150 0.061117 0.000000
vt -0.676552 0.085210 0.000000
vt -0.069407 0.071990 0.000000
vt -0.687723 0.099468 0.000000
vt -0.058186 0.081329 0.000000
vt -0.700532 0.112277 0.000000
vt -0.003567 0.799993 0.000000
vt -0.714790 0.123448 0.000000
vt -0.730292 0.132818 0.000000
vt -0.746809 0.140252 0.000000
vt -1.118832 0.799275 0.000000
vt -0.764103 0.145641 0.000000
vt -0.781920 0.148906 0.000000
vt -0.800000 0.150000 0.000000
vt -1.149914 0.753871 0.000000
vt -0.818081 0.148906 0.000000
vt -1.179156 0.707260 0.000000
vt -1.206509 0.659516 0.000000
vt -0.097608 -0.021743 0.000000
vt -0.654359 -0.035897 0.000000
vt -0.093402 -0.035723 0.000000
vt -0.659748 -0.053191 0.000000
vt -0.087205 -0.048942 0.000000
vt -0.667182 -0.069708 0.000000
vt -0.079150 -0.061117 0.000000
vt -0.676552 -0.085210 0.000000
vt -0.069407 -0.071990 0.000000
vt -0.687723 -0.099468 0.000000
vt -0.058186 -0.081329 0.000000
vt -0.700532 -0.112277 0.000000
vt -0.045724 -0.088934 0.000000
vt -0.032288 -0.094644 0.000000
vt -0.018164 -0.098337 0.000000
vt -0.003652 -0.099933 0.000000
vt -0.714790 -0.123448 0.000000
vt -0.730292 -0.132818 0.000000
vt -0.746809 -0.140252 0.000000
vt -0.764103 -0.145641 0.000000
vt -0.781920 -0.148906 0.000000
vt -0.800000 -0.150000 0.000000
vt 0.800000 -0.150000 0.000000
vt 0.781920 -0.148906 0.000000
vt 0.010937 -0.099400 0.000000
vt 0.764103 -0.145641 0.000000
vt 0.746809 -0.140252 0.000000
vt -0.818081 -0.148906 0.000000
vt -1.149914 -0.753871 0.000000
vt -1.118832 -0.799275 0.000000
vt -1.085957 -0.843399 0.000000
vt -0.835897 -0.145641 0.000000
vt -1.206509 -0.659516 0.000000
vt -1.179156 -0.707260 0.000000
vt -1.231930 -0.610716 0.000000
vt -0.853191 -0.140252 0.000000
vt -1.255378 -0.560938 0.000000
vt -1.276816 -0.510262 0.000000
vt -0.869708 -0.132818 0.000000
vt -1.296209 -0.458768 0.000000
vt -0.885210 -0.123448 0.000000
vt -1.313526 -0.406540 0.000000
vt -0.899468 -0.112277 0.000000
vt -1.328740 -0.353661 0.000000
vt -0.912277 -0.099468 0.000000
vt -1.341826 -0.300215 0.000000
vt -0.923448 -0.085210 0.000000
vt -1.352763 -0.246289 0.000000
vt -0.932818 -0.069708 0.000000
vt -1.361533 -0.191968 0.000000
vt -0.940252 -0.053191 0.000000
vt -1.368124 -0.137340 0.000000
vt -0.945641 -0.035897 0.000000
vt -1.372523 -0.082492 0.000000
vt -0.948906 -0.018081 0.000000
vt -1.374725 -0.027512 0.000000
vt -0.950000 0.000000 0.000000
vt -1.374725 0.027512 0.000000
vt -0.948906 0.018081 0.000000
vt -1.372523 0.082492 0.000000
vt -0.945641 0.035897 0.000000
vt -1.368124 0.137340 0.000000
vt -0.940252 0.053191 0.000000
vt -1.361533 0.191968 0.000000
vt -0.932818 0.069708 0.000000
vt -1.352763 0.246289 0.000000
vt -0.923448 0.085210 0.000000
vt -1.341826 0.300215 0.000000
vt -0.912277 0.099468 0.000000
vt -1.328740 0.353661 0.000000
vt -0.899468 0.112277 0.000000
vt -1.313526 0.406540 0.000000
vt -0.885210 0.123448 0.000000
vt -1.296209 0.458768 0.000000
vt -0.869708 0.132818 0.000000
vt -1.276816 0.510262 0.000000
vt -0.853191 0.140252 0.000000
vt -1.255378 0.560938 0.000000
vt -1.231930 0.610716 0.000000
vt -0.835897 0.145641 0.000000
vt 0.145339 0.931913 0.000000
vt 0.647412 1.213047 0.000000
vt 0.146433 0.949993 0.000000
vt 0.598360 1.237978 0.000000
vt 0.548350 1.260927 0.000000
vt 0.695427 1.186173 0.000000
vt 0.142074 0.914096 0.000000
vt 0.742329 1.157399 0.000000
vt 0.788041 1.126772 0.000000
vt 0.136685 0.896803 0.000000
vt 0.832492 1.094341 0.000000
vt 0.875610 1.060157 0.000000
vt 0.129251 0.880285 0.000000
vt 0.917325 1.024275 0.000000
vt 0.746809 0.140252 0.000000
vt 0.957571 0.986753 0.000000
vt 0.764103 0.145641 0.000000
vt 0.996284 0.947651 0.000000
vt 1.033402 0.907031 0.000000
vt 0.781920 0.148906 0.000000
vt 1.068864 0.864959 0.000000
vt 1.102615 0.821502 0.000000
vt 0.800000 0.150000 0.000000
vt 1.134600 0.776729 0.000000
vt 1.164768 0.730712 0.000000
vt 0.818081 0.148906 0.000000
vt 1.193071 0.683525 0.000000
vt 0.835897 0.145641 0.000000
vt 1.219463 0.635243 0.000000
vt 1.243903 0.585944 0.000000
vt 1.266350 0.535707 0.000000
vt 1.286770 0.484612 0.000000
vt 1.305128 0.432741 0.000000
vt 1.321397 0.380177 0.000000
vt 1.335550 0.327004 0.000000
vt 0.853191 0.140252 0.000000
vt 1.347564 0.273307 0.000000
vt 0.869708 0.132818 0.000000
vt 0.885210 0.123448 0.000000
vt 0.119881 0.864784 0.000000
vt 0.730292 0.132818 0.000000
vt 0.108710 0.850525 0.000000
vt 0.714790 0.123448 0.000000
vt 0.095901 0.837717 0.000000
vt 0.700532 0.112277 0.000000
vt 0.081643 0.826546 0.000000
vt 0.063967 0.076865 0.000000
vt 0.052094 0.085359 0.000000
vt 0.066142 0.817175 0.000000
vt 0.039110 0.092035 0.000000
vt 0.049624 0.809741 0.000000
vt 0.025293 0.096748 0.000000
vt 0.032330 0.804352 0.000000
vt 0.014514 0.801087 0.000000
vt 0.010937 0.099400 0.000000
vt -0.003652 0.099933 0.000000
vt -0.018164 0.098337 0.000000
vt -0.032288 0.094644 0.000000
vt -0.045724 0.088934 0.000000
vt -0.021647 0.801087 0.000000
vt -0.039464 0.804352 0.000000
vt -0.056758 0.809741 0.000000
vt -0.073275 0.817175 0.000000
vt -0.088777 0.826546 0.000000
vt -0.103035 0.837717 0.000000
vt -0.115844 0.850525 0.000000
vt -1.085957 0.843399 0.000000
vt -0.127015 0.864784 0.000000
vt -1.051343 0.886173 0.000000
vt -1.015046 0.927527 0.000000
vt -0.977123 0.967396 0.000000
vt -0.136385 0.880285 0.000000
vt -0.937636 1.005716 0.000000
vt -0.896647 1.042425 0.000000
vt -0.143819 0.896803 0.000000
vt -0.854222 1.077465 0.000000
vt -0.810429 1.110779 0.000000
vt -0.149208 0.914096 0.000000
vt -0.152473 0.931913 0.000000
vt -0.153567 0.949993 0.000000
vt -0.152473 0.968074 0.000000
vt -0.149208 0.985891 0.000000
vt -0.143819 1.003184 0.000000
vt -0.136385 1.019702 0.000000
vt -0.127015 1.035203 0.000000
vt -0.115844 1.049462 0.000000
vt -0.103035 1.062270 0.000000
vt -0.088777 1.073441 0.000000
vt -0.073275 1.082812 0.000000
vt -0.056758 1.090246 0.000000
vt -0.039464 1.095635 0.000000
vt -0.021647 1.098900 0.000000
vt -0.003567 1.099993 0.000000
vt -0.765338 1.142314 0.000000
vt -0.719022 1.172021 0.000000
vt -0.671554 1.199850 0.000000
vt -0.623011 1.225758 0.000000
vt -0.573470 1.249703 0.000000
vt -0.523011 1.271647 0.000000
vt -0.471714 1.291554 0.000000
vt -0.419662 1.309393 0.000000
vt -0.366937 1.325135 0.000000
vt -0.313625 1.338755 0.000000
vt -0.259811 1.350231 0.000000
vt -0.205581 1.359545 0.000000
vt -0.151021 1.366681 0.000000
vt -0.096220 1.371629 0.000000
vt -0.041265 1.374381 0.000000
vt 0.013757 1.374931 0.000000
vt 0.014514 1.098900 0.000000
vt 0.068756 1.373280 0.000000
vt 0.032330 1.095635 0.000000
vt 0.049624 1.090246 0.000000
vt 0.123646 1.369429 0.000000
vt 0.066142 1.082812 0.000000
vt 0.178337 1.363386 0.000000
vt 0.081643 1.073441 0.000000
vt 0.232743 1.355159 0.000000
vt 0.095901 1.062270 0.000000
vt 0.108710 1.049462 0.000000
vt 0.286776 1.344762 0.000000
vt 0.119881 1.035203 0.000000
vt 0.340349 1.332211 0.000000
vt 0.129251 1.019702 0.000000
vt 0.393378 1.317527 0.000000
vt 0.136685 1.003184 0.000000
vt 0.445777 1.300734 0.000000
vt 0.142074 0.985891 0.000000
vt 0.497462 1.281857 0.000000
vt 0.145339 0.968074 0.000000
vt 0.151695 -0.968076 0.000000
vt 0.598360 -1.237978 0.000000
vt 0.152789 -0.949996 0.000000
vt 0.647412 -1.213047 0.000000
vt 0.151695 -0.931915 0.000000
vt 0.695427 -1.186173 0.000000
vt 0.148430 -0.914099 0.000000
vt 0.742329 -1.157399 0.000000
vt 0.788041 -1.126772 0.000000
vt 0.148430 -0.985893 0.000000
vt 0.497462 -1.281857 0.000000
vt 0.548350 -1.260927 0.000000
vt 0.445777 -1.300734 0.000000
vt 0.143041 -1.003187 0.000000
vt 0.393378 -1.317527 0.000000
vt 0.135607 -1.019704 0.000000
vt 0.340349 -1.332211 0.000000
vt 0.126237 -1.035206 0.000000
vt 0.286776 -1.344762 0.000000
vt 0.115066 -1.049464 0.000000
vt 0.102257 -1.062273 0.000000
vt 0.232743 -1.355159 0.000000
vt 0.087999 -1.073443 0.000000
vt 0.178337 -1.363386 0.000000
vt 0.072497 -1.082814 0.000000
vt 0.123646 -1.369429 0.000000
vt 0.055980 -1.090248 0.000000
vt 0.038686 -1.095637 0.000000
vt 0.068756 -1.373280 0.000000
vt 0.020869 -1.098902 0.000000
vt 0.013757 -1.374931 0.000000
vt 0.002789 -1.099996 0.000000
vt -0.041265 -1.374381 0.000000
vt -0.096220 -1.371629 0.000000
vt -0.151021 -1.366681 0.000000
vt -0.205581 -1.359545 0.000000
vt -0.259811 -1.350231 0.000000
vt -0.313625 -1.338755 0.000000
vt -0.366937 -1.325135 0.000000
vt -0.419662 -1.309393 0.000000
vt -0.471714 -1.291554 0.000000
vt -0.523011 -1.271647 0.000000
vt -0.573470 -1.249703 0.000000
vt -0.623011 -1.225758 0.000000
vt -0.671554 -1.199850 0.000000
vt -0.719022 -1.172021 0.000000
vt -0.765338 -1.142314 0.000000
vt -0.810429 -1.110779 0.000000
vt -0.015292 -1.098902 0.000000
vt -0.033108 -1.095637 0.000000
vt -0.050402 -1.090248 0.000000
vt -0.066920 -1.082814 0.000000
vt -0.082421 -1.073443 0.000000
vt -0.096679 -1.062273 0.000000
vt -0.109488 -1.049464 0.000000
vt -0.120659 -1.035206 0.000000
vt -0.130029 -1.019704 0.000000
vt -0.137464 -1.003187 0.000000
vt -0.142852 -0.985893 0.000000
vt -0.146117 -0.968076 0.000000
vt -0.147211 -0.949996 0.000000
vt -0.146117 -0.931915 0.000000
vt -0.142852 -0.914099 0.000000
vt -0.137464 -0.896805 0.000000
vt -0.854222 -1.077465 0.000000
vt -0.130029 -0.880287 0.000000
vt -0.896647 -1.042425 0.000000
vt -0.937636 -1.005716 0.000000
vt -0.977123 -0.967396 0.000000
vt -1.015046 -0.927527 0.000000
vt -1.051343 -0.886173 0.000000
vt -0.120659 -0.864786 0.000000
vt -0.109488 -0.850528 0.000000
vt -0.096679 -0.837719 0.000000
vt -0.082421 -0.826548 0.000000
vt -0.066920 -0.817178 0.000000
vt -0.050402 -0.809743 0.000000
vt -0.033108 -0.804355 0.000000
vt -0.015292 -0.801090 0.000000
vt 0.002789 -0.799996 0.000000
vt 0.020869 -0.801090 0.000000
vt 0.038686 -0.804355 0.000000
vt 1.365102 -0.164687 0.000000
vt 0.055980 -0.809743 0.000000
vt 0.072497 -0.817178 0.000000
vt 0.087999 -0.826548 0.000000
vt 1.347564 -0.273307 0.000000
vt 1.357420 -0.219173 0.000000
vt 0.102257 -0.837719 0.000000
vt 1.266350 -0.535707 0.000000
vt 1.286770 -0.484612 0.000000
vt 1.305128 -0.432741 0.000000
vt 0.115066 -0.850528 0.000000
vt 1.164768 -0.730712 0.000000
vt 1.193071 -0.683525 0.000000
vt 1.219463 -0.635243 0.000000
vt 0.126237 -0.864786 0.000000
vt 1.068864 -0.864959 0.000000
vt 1.102615 -0.821502 0.000000
vt 1.134600 -0.776729 0.000000
vt 0.135607 -0.880287 0.000000
vt 0.957571 -0.986753 0.000000
vt 0.996284 -0.947651 0.000000
vt 1.033402 -0.907031 0.000000
vt 0.143041 -0.896805 0.000000
vt 0.875610 -1.060157 0.000000
vt 0.917325 -1.024275 0.000000
vt 0.832492 -1.094341 0.000000
vt 0.948906 0.018081 0.000000
vt 0.950000 0.000000 0.000000
vt 1.375000 -0.000000 0.000000
vt 0.948906 -0.018081 0.000000
vt 1.373899 -0.055013 0.000000
vt 0.945641 -0.035897 0.000000
vt 1.370598 -0.109938 0.000000
vt 0.940252 -0.053191 0.000000
vt 0.932818 -0.069708 0.000000
vt 0.923448 -0.085210 0.000000
vt 0.912277 -0.099468 0.000000
vt 0.899468 -0.112277 0.000000
vt 0.885210 -0.123448 0.000000
vt 0.869708 -0.132818 0.000000
vt 0.853191 -0.140252 0.000000
vt 0.835897 -0.145641 0.000000
vt 0.818081 -0.148906 0.000000
vt 0.025293 -0.096748 0.000000
vt 0.730292 -0.132818 0.000000
vt 0.039110 -0.092035 0.000000
vt 0.714790 -0.123448 0.000000
vt 0.052094 -0.085359 0.000000
vt 0.700532 -0.112277 0.000000
vt 0.063967 -0.076865 0.000000
vt 0.687723 -0.099468 0.000000
vt 0.074477 -0.066732 0.000000
vt 0.676552 -0.085210 0.000000
vt 0.083400 -0.055177 0.000000
vt 0.667182 -0.069708 0.000000
vt 0.090545 -0.042446 0.000000
vt 0.659748 -0.053191 0.000000
vt 0.095760 -0.028810 0.000000
vt 0.654359 -0.035897 0.000000
vt 0.098934 -0.014560 0.000000
vt 0.651094 -0.018081 0.000000
vt 0.100000 0.000000 0.000000
vt 0.650000 0.000000 0.000000
vt 0.651094 0.018081 0.000000
vt 0.098934 0.014560 0.000000
vt 0.654359 0.035897 0.000000
vt 0.095760 0.028810 0.000000
vt 0.659748 0.053191 0.000000
vt 0.090545 0.042446 0.000000
vt 0.667182 0.069708 0.000000
vt 0.083400 0.055177 0.000000
vt 0.676552 0.085210 0.000000
vt 0.074477 0.066732 0.000000
vt 0.687723 0.099468 0.000000
vt 0.899468 0.112277 0.000000
vt 0.912277 0.099468 0.000000
vt 0.923448 0.085210 0.000000
vt 1.357420 0.219173 0.000000
vt 0.932818 0.069708 0.000000
vt 1.365102 0.164687 0.000000
vt 0.940252 0.053191 0.000000
vt 1.370598 0.109938 0.000000
vt 0.945641 0.035897 0.000000
vt 1.373899 0.055013 0.000000
vt 1.243903 -0.585944 0.000000
vt 1.321397 -0.380177 0.000000
vt 1.335550 -0.327004 0.000000
vn 99.452190 -0.000000 10.452846
vn 99.452190 -0.000000 10.452846
vn 100.000000 -0.000000 0.000000
vn 100.000000 -0.000000 0.000000
vn 99.452190 0.000000 -10.452846
vn 99.452190 0.000000 -10.452846
vn 97.814760 0.000000 -20.791169
vn 97.814760 0.000000 -20.791169
vn 95.105652 0.000000 -30.901699
vn 95.105652 0.000000 -30.901699
vn 91.354546 0.000000 -40.673664
vn 91.354546 0.000000 -40.673664
vn 86.602540 0.000000 -50.000000
vn 86.602540 0.000000 -50.000000
vn 80.901699 0.000000 -58.778525
vn 80.901699 0.000000 -58.778525
vn 74.314483 0.000000 -66.913061
vn 74.314483 0.000000 -66.913061
vn 66.913061 0.000000 -74.314483
vn 66.913061 0.000000 -74.314483
vn 58.778525 0.000000 -80.901699
vn 58.778525 0.000000 -80.901699
vn 50.000000 0.000000 -86.602540
vn 50.000000 0.000000 -86.602540
vn 40.673664 0.000000 -91.354546
vn 40.673664 0.000000 -91.354546
vn 30.901699 0.000000 -95.105652
vn 30.901699 0.000000 -95.105652
vn 20.791169 0.000000 -97.814760
vn 20.791169 0.000000 -97.814760
vn 10.452846 0.000000 -99.452190
vn 10.452846 0.000000 -99.452190
vn -0.000000 0.000000 -100.000000
vn -0.000000 0.000000 -100.000000
vn -10.452846 0.000000 -99.452190
vn -10.452846 0.000000 -99.452190
vn -20.791169 0.000000 -97.814760
vn -20.791169 0.000000 -97.814760
vn -30.901699 0.000000 -95.105652
vn -30.901699 0.000000 -95.105652
vn -40.673664 0.000000 -91.354546
vn -40.673664 0.000000 -91.354546
vn -50.000000 0.000000 -86.602540
vn -50.000000 0.000000 -86.602540
vn -58.778525 0.000000 -80.901699
vn -58.778525 0.000000 -80.901699
vn -66.913061 0.000000 -74.314483
vn -66.913061 0.000000 -74.314483
vn -74.314483 0.000000 -66.913061
vn -74.314483 0.000000 -66.913061
vn -80.901699 0.000000 -58.778525
vn -80.901699 0.000000 -58.778525
vn -86.602540 0.000000 -50.000000
vn -86.602540 0.000000 -50.000000
vn -91.354546 0.000000 -40.673664
vn -91.354546 0.000000 -40.673664
vn -95.105652 0.000000 -30.901699
vn -95.105652 0.000000 -30.901699
vn -97.814760 0.000000 -20.791169
vn -97.814760 0.000000 -20.791169
vn -99.452190 0.000000 -10.452846
vn -99.452190 0.000000 -10.452846
vn -100.000000 0.000000 0.000000
vn -100.000000 0.000000 0.000000
vn -99.452190 0.000000 10.452846
vn -99.452190 0.000000 10.452846
vn -97.814760 0.000000 20.791169
vn -97.814760 0.000000 20.791169
vn -95.105652 0.000000 30.901699
vn -95.105652 0.000000 30.901699
vn -91.354546 0.000000 40.673664
vn -91.354546 0.000000 40.673664
vn -86.602540 0.000000 50.000000
vn -86.602540 0.000000 50.000000
vn -80.901699 0.000000 58.778525
vn -80.901699 0.000000 58.778525
vn -74.314483 0.000000 66.913061
vn -74.314483 0.000000 66.913061
vn -66.913061 0.000000 74.314483
vn -66.913061 0.000000 74.314483
vn -58.778525 0.000000 80.901699
vn -58.778525 0.000000 80.901699
vn -50.000000 0.000000 86.602540
vn -50.000000 0.000000 86.602540
vn -40.673664 0.000000 91.354546
vn -40.673664 0.000000 91.354546
vn -30.901699 0.000000 95.105652
vn -30.901699 0.000000 95.105652
vn -20.791169 0.000000 97.814760
vn -20.791169 0.000000 97.814760
vn -10.452846 0.000000 99.452190
vn -10.452846 0.000000 99.452190
vn -0.000000 0.000000 100.000000
vn -0.000000 0.000000 100.000000
vn 10.452846 -0.000000 99.452190
vn 10.452846 -0.000000 99.452190
vn 20.791169 -0.000000 97.814760
vn 20.791169 -0.000000 97.814760
vn 30.901699 -0.000000 95.105652
vn 30.901699 -0.000000 95.105652
vn 40.673664 -0.000000 91.354546
vn 40.673664 -0.000000 91.354546
vn 50.000000 -0.000000 86.602540
vn 50.000000 -0.000000 86.602540
vn 58.778525 -0.000000 80.901699
vn 58.778525 -0.000000 80.901699
vn 66.913061 -0.000000 74.314483
vn 66.913061 -0.000000 74.314483
vn 74.314483 -0.000000 66.913061
vn 74.314483 -0.000000 66.913061
vn 80.901699 -0.000000 58.778525
vn 80.901699 -0.000000 58.778525
vn 86.602540 -0.000000 50.000000
vn 86.602540 -0.000000 50.000000
vn 91.354546 -0.000000 40.673664
vn 91.354546 -0.000000 40.673664
vn 95.105652 -0.000000 30.901699
vn 95.105652 -0.000000 30.901699
vn 97.814760 -0.000000 20.791169
vn 97.814760 -0.000000 20.791169
vn 99.452190 0.000000 -10.452846
vn 100.000000 0.000000 -0.000000
vn 99.452190 -0.000000 10.452846
vn 97.814760 -0.000000 20.791169
vn 95.105652 -0.000000 30.901699
vn 91.354546 -0.000000 40.673664
vn 86.602540 -0.000000 50.000000
vn 80.901699 -0.000000 58.778525
vn 74.314483 -0.000000 66.913061
vn 66.913061 -0.000000 74.314483
vn 58.778525 -0.000000 80.901699
vn 50.000000 -0.000000 86.602540
vn 40.673664 -0.000000 91.354546
vn 30.901699 -0.000000 95.105652
vn 20.791169 -0.000000 97.814760
vn 10.452846 -0.000000 99.452190
vn -0.000000 0.000000 100.000000
vn -10.452846 0.000000 99.452190
vn -20.791169 0.000000 97.814760
vn -30.901699 0.000000 95.105652
vn -40.673664 0.000000 91.354546
vn -50.000000 0.000000 86.602540
vn -58.778525 0.000000 80.901699
vn -66.913061 0.000000 74.314483
vn -74.314483 0.000000 66.913061
vn -80.901699 0.000000 58.778525
vn -86.602540 0.000000 50.000000
vn -91.354546 0.000000 40.673664
vn -95.105652 0.000000 30.901699
vn -97.814760 0.000000 20.791169
vn -99.452190 0.000000 10.452846
vn -100.000000 0.000000 0.000000
vn -99.452190 0.000000 -10.452846
vn -97.814760 0.000000 -20.791169
vn -95.105652 0.000000 -30.901699
vn -91.354546 0.000000 -40.673664
vn -86.602540 0.000000 -50.000000
vn -80.901699 0.000000 -58.778525
vn -74.314483 0.000000 -66.913061
vn -66.913061 0.000000 -74.314483
vn -58.778525 0.000000 -80.901699
vn -50.000000 0.000000 -86.602540
vn -40.673664 0.000000 -91.354546
vn -30.901699 0.000000 -95.105652
vn -20.791169 0.000000 -97.814760
vn -10.452846 0.000000 -99.452190
vn -0.000000 0.000000 -100.000000
vn 10.452846 0.000000 -99.452190
vn 20.791169 0.000000 -97.814760
vn 30.901699 0.000000 -95.105652
vn 40.673664 0.000000 -91.354546
vn 50.000000 0.000000 -86.602540
vn 58.778525 0.000000 -80.901699
vn 66.913061 0.000000 -74.314483
vn 74.314483 0.000000 -66.913061
vn 80.901699 0.000000 -58.778525
vn 86.602540 0.000000 -50.000000
vn 91.354546 0.000000 -40.673664
vn 95.105652 0.000000 -30.901699
vn 97.814760 0.000000 -20.791169
vn 0.000000 100.000000 0.000000
vn 0.000000 100.000000 0.000000
vn 0.000000 100.000000 0.000000
vn 0.000000 100.000000 0.000000
vn 0.000000 100.000000 0.000000
vn 0.000000 100.000000 0.000000
vn 0.000000 100.000000 0.000000
vn 0.000000 100.000000 0.000000
vn 0.000000 100.000000 0.000000
vn 0.000000 100.000000 0.000000
vn 0.000000 100.000000 0.000000
vn 0.000000 100.000000 0.000000
vn 0.000000 100.000000 0.000000
vn 0.000000 100.000000 0.000000
vn 0.000000 100.000000 0.000000
vn 0.000000 100.000000 0.000000
vn 0.000000 100.000000 0.000000
vn 0.000000 100.000000 0.000000
vn 0.000000 100.000000 0.000000
vn 0.000000 100.000000 0.000000
vn 0.000000 100.000000 0.000000
vn 0.000000 100.000000 0.000000
vn 0.000000 100.000000 0.000000
vn 0.000000 100.000000 0.000000
vn 0.000000 100.000000 0.000000
vn 0.000000 100.000000 0.000000
vn 0.000000 100.000000 0.000000
vn 0.000000 100.000000 0.000000
vn 0.000000 100.000000 0.000000
vn 0.000000 100.000000 0.000000
vn 0.000000 100.000000 0.000000
vn 0.000000 100.000000 0.000000
vn 0.000000 100.000000 0.000000
vn 0.000000 100.000000 0.000000
vn 0.000000 100.000000 0.000000
vn 0.000000 100.000000 0.000000
vn 0.000000 100.000000 0.000000
vn 0.000000 100.000000 0.000000
vn 0.000000 100.000000 0.000000
vn 0.000000 100.000000 0.000000
vn 0.000000 100.000000 0.000000
vn 0.000000 100.000000 0.000000
vn 0.000000 100.000000 0.000000
vn 0.000000 100.000000 0.000000
vn 0.000000 100.000000 0.000000
vn 0.000000 100.000000 0.000000
vn 0.000000 100.000000 0.000000
vn 0.000000 100.000000 0.000000
vn 0.000000 100.000000 0.000000
vn 0.000000 100.000000 0.000000
vn 0.000000 100.000000 0.000000
vn 0.000000 100.000000 0.000000
vn 0.000000 100.000000 0.000000
vn 0.000000 100.000000 0.000000
vn 0.000000 100.000000 0.000000
vn 0.000000 100.000000 0.000000
vn 0.000000 100.000000 0.000000
vn 0.000000 100.000000 0.000000
vn 0.000000 100.000000 0.000000
vn 0.000000 100.000000 0.000000
vn 99.270887 0.000000 -12.053668
vn 99.270887 0.000000 -12.053668
vn 100.000000 0.000000 -0.000000
vn 100.000000 0.000000 -0.000000
vn 99.270887 -0.000000 12.053668
vn 99.270887 -0.000000 12.053668
vn 97.094182 -0.000000 23.931566
vn 97.094182 -0.000000 23.931566
vn 93.501624 -0.000000 35.460489
vn 93.501624 -0.000000 35.460489
vn 88.545603 -0.000000 46.472317
vn 88.545603 -0.000000 46.472317
vn 82.298387 -0.000000 56.806475
vn 82.298387 -0.000000 56.806475
vn 74.851075 -0.000000 66.312266
vn 74.851075 -0.000000 66.312266
vn 66.312266 -0.000000 74.851075
vn 66.312266 -0.000000 74.851075
vn 56.806475 -0.000000 82.298387
vn 56.806475 -0.000000 82.298387
vn 46.472317 -0.000000 88.545603
vn 46.472317 -0.000000 88.545603
vn 35.460489 -0.000000 93.501624
vn 35.460489 -0.000000 93.501624
vn 23.931566 -0.000000 97.094182
vn 23.931566 -0.000000 97.094182
vn 12.053668 -0.000000 99.270887
vn 12.053668 -0.000000 99.270887
vn -0.000000 0.000000 100.000000
vn -0.000000 0.000000 100.000000
vn -12.053668 0.000000 99.270887
vn -12.053668 0.000000 99.270887
vn -23.931566 0.000000 97.094182
vn -23.931566 0.000000 97.094182
vn -35.460489 0.000000 93.501624
vn -35.460489 0.000000 93.501624
vn -46.472317 0.000000 88.545603
vn -46.472317 0.000000 88.545603
vn -56.806475 0.000000 82.298387
vn -56.806475 0.000000 82.298387
vn -66.312266 0.000000 74.851075
vn -66.312266 0.000000 74.851075
vn -74.851075 0.000000 66.312266
vn -74.851075 0.000000 66.312266
vn -82.298387 0.000000 56.806475
vn -82.298387 0.000000 56.806475
vn -88.545603 0.000000 46.472317
vn -88.545603 0.000000 46.472317
vn -93.501624 0.000000 35.460489
vn -93.501624 0.000000 35.460489
vn -97.094182 0.000000 23.931566
vn -97.094182 0.000000 23.931566
vn -99.270887 0.000000 12.053668
vn -99.270887 0.000000 12.053668
vn -100.000000 0.000000 0.000000
vn -100.000000 0.000000 0.000000
vn -99.270887 0.000000 -12.053668
vn -99.270887 0.000000 -12.053668
vn -97.094182 0.000000 -23.931566
vn -97.094182 0.000000 -23.931566
vn -93.501624 0.000000 -35.460489
vn -93.501624 0.000000 -35.460489
vn -88.545603 0.000000 -46.472317
vn -88.545603 0.000000 -46.472317
vn -82.298387 0.000000 -56.806475
vn -82.298387 0.000000 -56.806475
vn -74.851075 0.000000 -66.312266
vn -74.851075 0.000000 -66.312266
vn -66.312266 0.000000 -74.851075
vn -66.312266 0.000000 -74.851075
vn -56.806475 0.000000 -82.298387
vn -56.806475 0.000000 -82.298387
vn -46.472317 0.000000 -88.545603
vn -46.472317 0.000000 -88.545603
vn -35.460489 0.000000 -93.501624
vn -35.460489 0.000000 -93.501624
vn -23.931566 0.000000 -97.094182
vn -23.931566 0.000000 -97.094182
vn -12.053668 0.000000 -99.270887
vn -12.053668 0.000000 -99.270887
vn -0.000000 0.000000 -100.000000
vn -0.000000 0.000000 -100.000000
vn 12.053668 0.000000 -99.270887
vn 12.053668 0.000000 -99.270887
vn 23.931566 0.000000 -97.094182
vn 23.931566 0.000000 -97.094182
vn 35.460489 0.000000 -93.501624
vn 35.460489 0.000000 -93.501624
vn 46.472317 0.000000 -88.545603
vn 46.472317 0.000000 -88.545603
vn 56.806475 0.000000 -82.298387
vn 56.806475 0.000000 -82.298387
vn 66.312266 0.000000 -74.851075
vn 66.312266 0.000000 -74.851075
vn 74.851075 0.000000 -66.312266
vn 74.851075 0.000000 -66.312266
vn 82.298387 0.000000 -56.806475
vn 82.298387 0.000000 -56.806475
vn 88.545603 0.000000 -46.472317
vn 88.545603 0.000000 -46.472317
vn 93.501624 0.000000 -35.460489
vn 93.501624 0.000000 -35.460489
vn 97.094182 0.000000 -23.931566
vn 97.094182 0.000000 -23.931566
vn 0.000000 -100.000000 0.000000
vn 0.000000 -100.000000 0.000000
vn 0.000000 -100.000000 0.000000
vn 0.000000 -100.000000 0.000000
vn 0.000000 -100.000000 0.000000
vn 0.000000 -100.000000 0.000000
vn 0.000000 -100.000000 0.000000
vn 0.000000 -100.000000 0.000000
vn 0.000000 -100.000000 0.000000
vn 0.000000 -100.000000 0.000000
vn 0.000000 -100.000000 0.000000
vn 0.000000 -100.000000 0.000000
vn 0.000000 -100.000000 0.000000
vn 0.000000 -100.000000 0.000000
vn 0.000000 -100.000000 0.000000
vn 0.000000 -100.000000 0.000000
vn 0.000000 -100.000000 0.000000
vn 0.000000 -100.000000 0.000000
vn 0.000000 -100.000000 0.000000
vn 0.000000 -100.000000 0.000000
vn 0.000000 -100.000000 0.000000
vn 0.000000 -100.000000 0.000000
vn 0.000000 -100.000000 0.000000
vn 0.000000 -100.000000 0.000000
vn 0.000000 -100.000000 0.000000
vn 0.000000 -100.000000 0.000000
vn 0.000000 -100.000000 0.000000
vn 0.000000 -100.000000 0.000000
vn 0.000000 -100.000000 0.000000
vn 0.000000 -100.000000 0.000000
vn 0.000000 -100.000000 0.000000
vn 0.000000 -100.000000 0.000000
vn 0.000000 -100.000000 0.000000
vn 0.000000 -100.000000 0.000000
vn 0.000000 -100.000000 0.000000
vn 0.000000 -100.000000 0.000000
vn 0.000000 -100.000000 0.000000
vn 0.000000 -100.000000 0.000000
vn 0.000000 -100.000000 0.000000
vn 0.000000 -100.000000 0.000000
vn 0.000000 -100.000000 0.000000
vn 0.000000 -100.000000 0.000000
vn 0.000000 -100.000000 0.000000
vn 0.000000 -100.000000 0.000000
vn 0.000000 -100.000000 0.000000
vn 0.000000 -100.000000 0.000000
vn 0.000000 -100.000000 0.000000
vn 0.000000 -100.000000 0.000000
vn 0.000000 -100.000000 0.000000
vn 0.000000 -100.000000 0.000000
vn 0.000000 -100.000000 0.000000
vn 0.000000 -100.000000 0.000000
vn 99.270887 0.000000 -12.053668
vn 99.270887 0.000000 -12.053668
vn 100.000000 0.000000 -0.000000
vn 100.000000 0.000000 -0.000000
vn 99.270887 -0.000000 12.053668
vn 99.270887 -0.000000 12.053668
vn 97.094182 -0.000000 23.931566
vn 97.094182 -0.000000 23.931566
vn 93.501624 -0.000000 35.460489
vn 93.501624 -0.000000 35.460489
vn 88.545603 -0.000000 46.472317
vn 88.545603 -0.000000 46.472317
vn 82.298387 -0.000000 56.806475
vn 82.298387 -0.000000 56.806475
vn 74.851075 -0.000000 66.312266
vn 74.851075 -0.000000 66.312266
vn 66.312266 -0.000000 74.851075
vn 66.312266 -0.000000 74.851075
vn 56.806475 -0.000000 82.298387
vn 56.806475 -0.000000 82.298387
vn 46.472317 -0.000000 88.545603
vn 46.472317 -0.000000 88.545603
vn 35.460489 -0.000000 93.501624
vn 35.460489 -0.000000 93.501624
vn 23.931566 -0.000000 97.094182
vn 23.931566 -0.000000 97.094182
vn 12.053668 -0.000000 99.270887
vn 12.053668 -0.000000 99.270887
vn -0.000000 0.000000 100.000000
vn -0.000000 0.000000 100.000000
vn -12.053668 0.000000 99.270887
vn -12.053668 0.000000 99.270887
vn -23.931566 0.000000 97.094182
vn -23.931566 0.000000 97.094182
vn -35.460489 0.000000 93.501624
vn -35.460489 0.000000 93.501624
vn -46.472317 0.000000 88.545603
vn -46.472317 0.000000 88.545603
vn -56.806475 0.000000 82.298387
vn -56.806475 0.000000 82.298387
vn -66.312266 0.000000 74.851075
vn -66.312266 0.000000 74.851075
vn -74.851075 0.000000 66.312266
vn -74.851075 0.000000 66.312266
vn -82.298387 0.000000 56.806475
vn -82.298387 0.000000 56.806475
vn -88.545603 0.000000 46.472317
vn -88.545603 0.000000 46.472317
vn -93.501624 0.000000 35.460489
vn -93.501624 0.000000 35.460489
vn -97.094182 0.000000 23.931566
vn -97.094182 0.000000 23.931566
vn -99.270887 0.000000 12.053668
vn -99.270887 0.000000 12.053668
vn -100.000000 0.000000 0.000000
vn -100.000000 0.000000 0.000000
vn -99.270887 0.000000 -12.053668
vn -99.270887 0.000000 -12.053668
vn -97.094182 0.000000 -23.931566
vn -97.094182 0.000000 -23.931566
vn -93.501624 0.000000 -35.460489
vn -93.501624 0.000000 -35.460489
vn -88.545603 0.000000 -46.472317
vn -88.545603 0.000000 -46.472317
vn -82.298387 0.000000 -56.806475
vn -82.298387 0.000000 -56.806475
vn -74.851075 0.000000 -66.312266
vn -74.851075 0.000000 -66.312266
vn -66.312266 0.000000 -74.851075
vn -66.312266 0.000000 -74.851075
vn -56.806475 0.000000 -82.298387
vn -56.806475 0.000000 -82.298387
vn -46.472317 0.000000 -88.545603
vn -46.472317 0.000000 -88.545603
vn -35.460489 0.000000 -93.501624
vn -35.460489 0.000000 -93.501624
vn -23.931566 0.000000 -97.094182
vn -23.931566 0.000000 -97.094182
vn -12.053668 0.000000 -99.270887
vn -12.053668 0.000000 -99.270887
vn -0.000000 0.000000 -100.000000
vn -0.000000 0.000000 -100.000000
vn 12.053668 0.000000 -99.270887
vn 12.053668 0.000000 -99.270887
vn 23.931566 0.000000 -97.094182
vn 23.931566 0.000000 -97.094182
vn 35.460489 0.000000 -93.501624
vn 35.460489 0.000000 -93.501624
vn 46.472317 0.000000 -88.545603
vn 46.472317 0.000000 -88.545603
vn 56.806475 0.000000 -82.298387
vn 56.806475 0.000000 -82.298387
vn 66.312266 0.000000 -74.851075
vn 66.312266 0.000000 -74.851075
vn 74.851075 0.000000 -66.312266
vn 74.851075 0.000000 -66.312266
vn 82.298387 0.000000 -56.806475
vn 82.298387 0.000000 -56.806475
vn 88.545603 0.000000 -46.472317
vn 88.545603 0.000000 -46.472317
vn 93.501624 0.000000 -35.460489
vn 93.501624 0.000000 -35.460489
vn 97.094182 0.000000 -23.931566
vn 97.094182 0.000000 -23.931566
vn 0.000000 -100.000000 0.000000
vn 0.000000 -100.000000 0.000000
vn 0.000000 -100.000000 0.000000
vn 0.000000 -100.000000 0.000000
vn 0.000000 -100.000000 0.000000
vn 0.000000 -100.000000 0.000000
vn 0.000000 -100.000000 0.000000
vn 0.000000 -100.000000 0.000000
vn 0.000000 -100.000000 0.000000
vn 0.000000 -100.000000 0.000000
vn 0.000000 -100.000000 0.000000
vn 0.000000 -100.000000 0.000000
vn 0.000000 -100.000000 0.000000
vn 0.000000 -100.000000 0.000000
vn 0.000000 -100.000000 0.000000
vn 0.000000 -100.000000 0.000000
vn 0.000000 -100.000000 0.000000
vn 0.000000 -100.000000 0.000000
vn 0.000000 -100.000000 0.000000
vn 0.000000 -100.000000 0.000000
vn 0.000000 -100.000000 0.000000
vn 0.000000 -100.000000 0.000000
vn 0.000000 -100.000000 0.000000
vn 0.000000 -100.000000 0.000000
vn 0.000000 -100.000000 0.000000
vn 0.000000 -100.000000 0.000000
vn 0.000000 -100.000000 0.000000
vn 0.000000 -100.000000 0.000000
vn 0.000000 -100.000000 0.000000
vn 0.000000 -100.000000 0.000000
vn 0.000000 -100.000000 0.000000
vn 0.000000 -100.000000 0.000000
vn 0.000000 -100.000000 0.000000
vn 0.000000 -100.000000 0.000000
vn 0.000000 -100.000000 0.000000
vn 0.000000 -100.000000 0.000000
vn 0.000000 -100.000000 0.000000
vn 0.000000 -100.000000 0.000000
vn 0.000000 -100.000000 0.000000
vn 0.000000 -100.000000 0.000000
vn 0.000000 -100.000000 0.000000
vn 0.000000 -100.000000 0.000000
vn 0.000000 -100.000000 0.000000
vn 0.000000 -100.000000 0.000000
vn 0.000000 -100.000000 0.000000
vn 0.000000 -100.000000 0.000000
vn 0.000000 -100.000000 0.000000
vn 0.000000 -100.000000 0.000000
vn 0.000000 -100.000000 0.000000
vn 0.000000 -100.000000 0.000000
vn 0.000000 -100.000000 0.000000
vn 0.000000 -100.000000 0.000000
vn 99.270887 0.000000 -12.053668
vn 99.270887 0.000000 -12.053668
vn 100.000000 0.000000 -0.000000
vn 100.000000 0.000000 -0.000000
vn 99.270887 -0.000000 12.053668
vn 99.270887 -0.000000 12.053668
vn 97.094182 -0.000000 23.931566
vn 97.094182 -0.000000 23.931566
vn 93.501624 -0.000000 35.460489
vn 93.501624 -0.000000 35.460489
vn 88.545603 -0.000000 46.472317
vn 88.545603 -0.000000 46.472317
vn 82.298387 -0.000000 56.806475
vn 82.298387 -0.000000 56.806475
vn 74.851075 -0.000000 66.312266
vn 74.851075 -0.000000 66.312266
vn 66.312266 -0.000000 74.851075
vn 66.312266 -0.000000 74.851075
vn 56.806475 -0.000000 82.298387
vn 56.806475 -0.000000 82.298387
vn 46.472317 -0.000000 88.545603
vn 46.472317 -0.000000 88.545603
vn 35.460489 -0.000000 93.501624
vn 35.460489 -0.000000 93.501624
vn 23.931566 -0.000000 97.094182
vn 23.931566 -0.000000 97.094182
vn 12.053668 -0.000000 99.270887
vn 12.053668 -0.000000 99.270887
vn -0.000000 0.000000 100.000000
vn -0.000000 0.000000 100.000000
vn -12.053668 0.000000 99.270887
vn -12.053668 0.000000 99.270887
vn -23.931566 0.000000 97.094182
vn -23.931566 0.000000 97.094182
vn -35.460489 0.000000 93.501624
vn -35.460489 0.000000 93.501624
vn -46.472317 0.000000 88.545603
vn -46.472317 0.000000 88.545603
vn -56.806475 0.000000 82.298387
vn -56.806475 0.000000 82.298387
vn -66.312266 0.000000 74.851075
vn -66.312266 0.000000 74.851075
vn -74.851075 0.000000 66.312266
vn -74.851075 0.000000 66.312266
vn -82.298387 0.000000 56.806475
vn -82.298387 0.000000 56.806475
vn -88.545603 0.000000 46.472317
vn -88.545603 0.000000 46.472317
vn -93.501624 0.000000 35.460489
vn -93.501624 0.000000 35.460489
vn -97.094182 0.000000 23.931566
vn -97.094182 0.000000 23.931566
vn -99.270887 0.000000 12.053668
vn -99.270887 0.000000 12.053668
vn -100.000000 0.000000 0.000000
vn -100.000000 0.000000 0.000000
vn -99.270887 0.000000 -12.053668
vn -99.270887 0.000000 -12.053668
vn -97.094182 0.000000 -23.931566
vn -97.094182 0.000000 -23.931566
vn -93.501624 0.000000 -35.460489
vn -93.501624 0.000000 -35.460489
vn -88.545603 0.000000 -46.472317
vn -88.545603 0.000000 -46.472317
vn -82.298387 0.000000 -56.806475
vn -82.298387 0.000000 -56.806475
vn -74.851075 0.000000 -66.312266
vn -74.851075 0.000000 -66.312266
vn -66.312266 0.000000 -74.851075
vn -66.312266 0.000000 -74.851075
vn -56.806475 0.000000 -82.298387
vn -56.806475 0.000000 -82.298387
vn -46.472317 0.000000 -88.545603
vn -46.472317 0.000000 -88.545603
vn -35.460489 0.000000 -93.501624
vn -35.460489 0.000000 -93.501624
vn -23.931566 0.000000 -97.094182
vn -23.931566 0.000000 -97.094182
vn -12.053668 0.000000 -99.270887
vn -12.053668 0.000000 -99.270887
vn -0.000000 0.000000 -100.000000
vn -0.000000 0.000000 -100.000000
vn 12.053668 0.000000 -99.270887
vn 12.053668 0.000000 -99.270887
vn 23.931566 0.000000 -97.094182
vn 23.931566 0.000000 -97.094182
vn 35.460489 0.000000 -93.501624
vn 35.460489 0.000000 -93.501624
vn 46.472317 0.000000 -88.545603
vn 46.472317 0.000000 -88.545603
vn 56.806475 0.000000 -82.298387
vn 56.806475 0.000000 -82.298387
vn 66.312266 0.000000 -74.851075
vn 66.312266 0.000000 -74.851075
vn 74.851075 0.000000 -66.312266
vn 74.851075 0.000000 -66.312266
vn 82.298387 0.000000 -56.806475
vn 82.298387 0.000000 -56.806475
vn 88.545603 0.000000 -46.472317
vn 88.545603 0.000000 -46.472317
vn 93.501624 0.000000 -35.460489
vn 93.501624 0.000000 -35.460489
vn 97.094182 0.000000 -23.931566
vn 97.094182 0.000000 -23.931566
vn 0.000000 -100.000000 0.000000
vn 0.000000 -100.000000 0.000000
vn 0.000000 -100.000000 0.000000
vn 0.000000 -100.000000 0.000000
vn 0.000000 -100.000000 0.000000
vn 0.000000 -100.000000 0.000000
vn 0.000000 -100.000000 0.000000
vn 0.000000 -100.000000 0.000000
vn 0.000000 -100.000000 0.000000
vn 0.000000 -100.000000 0.000000
vn 0.000000 -100.000000 0.000000
vn 0.000000 -100.000000 0.000000
vn 0.000000 -100.000000 0.000000
vn 0.000000 -100.000000 0.000000
vn 0.000000 -100.000000 0.000000
vn 0.000000 -100.000000 0.000000
vn 0.000000 -100.000000 0.000000
vn 0.000000 -100.000000 0.000000
vn 0.000000 -100.000000 0.000000
vn 0.000000 -100.000000 0.000000
vn 0.000000 -100.000000 0.000000
vn 0.000000 -100.000000 0.000000
vn 0.000000 -100.000000 0.000000
vn 0.000000 -100.000000 0.000000
vn 0.000000 -100.000000 0.000000
vn 0.000000 -100.000000 0.000000
vn 0.000000 -100.000000 0.000000
vn 0.000000 -100.000000 0.000000
vn 0.000000 -100.000000 0.000000
vn 0.000000 -100.000000 0.000000
vn 0.000000 -100.000000 0.000000
vn 0.000000 -100.000000 0.000000
vn 0.000000 -100.000000 0.000000
vn 0.000000 -100.000000 0.000000
vn 0.000000 -100.000000 0.000000
vn 0.000000 -100.000000 0.000000
vn 0.000000 -100.000000 0.000000
vn 0.000000 -100.000000 0.000000
vn 0.000000 -100.000000 0.000000
vn 0.000000 -100.000000 0.000000
vn 0.000000 -100.000000 0.000000
vn 0.000000 -100.000000 0.000000
vn 0.000000 -100.000000 0.000000
vn 0.000000 -100.000000 0.000000
vn 0.000000 -100.000000 0.000000
vn 0.000000 -100.000000 0.000000
vn 0.000000 -100.000000 0.000000
vn 0.000000 -100.000000 0.000000
vn 0.000000 -100.000000 0.000000
vn 0.000000 -100.000000 0.000000
vn 0.000000 -100.000000 0.000000
vn 0.000000 -100.000000 0.000000
vn 99.270887 0.000000 -12.053668
vn 99.270887 0.000000 -12.053668
vn 100.000000 0.000000 -0.000000
vn 100.000000 0.000000 -0.000000
vn 99.270887 -0.000000 12.053668
vn 99.270887 -0.000000 12.053668
vn 97.094182 -0.000000 23.931566
vn 97.094182 -0.000000 23.931566
vn 93.501624 -0.000000 35.460489
vn 93.501624 -0.000000 35.460489
vn 88.545603 -0.000000 46.472317
vn 88.545603 -0.000000 46.472317
vn 82.298387 -0.000000 56.806475
vn 82.298387 -0.000000 56.806475
vn 74.851075 -0.000000 66.312266
vn 74.851075 -0.000000 66.312266
vn 66.312266 -0.000000 74.851075
vn 66.312266 -0.000000 74.851075
vn 56.806475 -0.000000 82.298387
vn 56.806475 -0.000000 82.298387
vn 46.472317 -0.000000 88.545603
vn 46.472317 -0.000000 88.545603
vn 35.460489 -0.000000 93.501624
vn 35.460489 -0.000000 93.501624
vn 23.931566 -0.000000 97.094182
vn 23.931566 -0.000000 97.094182
vn 12.053668 -0.000000 99.270887
vn 12.053668 -0.000000 99.270887
vn -0.000000 0.000000 100.000000
vn -0.000000 0.000000 100.000000
vn -12.053668 0.000000 99.270887
vn -12.053668 0.000000 99.270887
vn -23.931566 0.000000 97.094182
vn -23.931566 0.000000 97.094182
vn -35.460489 0.000000 93.501624
vn -35.460489 0.000000 93.501624
vn -46.472317 0.000000 88.545603
vn -46.472317 0.000000 88.545603
vn -56.806475 0.000000 82.298387
vn -56.806475 0.000000 82.298387
vn -66.312266 0.000000 74.851075
vn -66.312266 0.000000 74.851075
vn -74.851075 0.000000 66.312266
vn -74.851075 0.000000 66.312266
vn -82.298387 0.000000 56.806475
vn -82.298387 0.000000 56.806475
vn -88.545603 0.000000 46.472317
vn -88.545603 0.000000 46.472317
vn -93.501624 0.000000 35.460489
vn -93.501624 0.000000 35.460489
vn -97.094182 0.000000 23.931566
vn -97.094182 0.000000 23.931566
vn -99.270887 0.000000 12.053668
vn -99.270887 0.000000 12.053668
vn -100.000000 0.000000 0.000000
vn -100.000000 0.000000 0.000000
vn -99.270887 0.000000 -12.053668
vn -99.270887 0.000000 -12.053668
vn -97.094182 0.000000 -23.931566
vn -97.094182 0.000000 -23.931566
vn -93.501624 0.000000 -35.460489
vn -93.501624 0.000000 -35.460489
vn -88.545603 0.000000 -46.472317
vn -88.545603 0.000000 -46.472317
vn -82.298387 0.000000 -56.806475
vn -82.298387 0.000000 -56.806475
vn -74.851075 0.000000 -66.312266
vn -74.851075 0.000000 -66.312266
vn -66.312266 0.000000 -74.851075
vn -66.312266 0.000000 -74.851075
vn -56.806475 0.000000 -82.298387
vn -56.806475 0.000000 -82.298387
vn -46.472317 0.000000 -88.545603
vn -46.472317 0.000000 -88.545603
vn -35.460489 0.000000 -93.501624
vn -35.460489 0.000000 -93.501624
vn -23.931566 0.000000 -97.094182
vn -23.931566 0.000000 -97.094182
vn -12.053668 0.000000 -99.270887
vn -12.053668 0.000000 -99.270887
vn -0.000000 0.000000 -100.000000
vn -0.000000 0.000000 -100.000000
vn 12.053668 0.000000 -99.270887
vn 12.053668 0.000000 -99.270887
vn 23.931566 0.000000 -97.094182
vn 23.931566 0.000000 -97.094182
vn 35.460489 0.000000 -93.501624
vn 35.460489 0.000000 -93.501624
vn 46.472317 0.000000 -88.545603
vn 46.472317 0.000000 -88.545603
vn 56.806475 0.000000 -82.298387
vn 56.806475 0.000000 -82.298387
vn 66.312266 0.000000 -74.851075
vn 66.312266 0.000000 -74.851075
vn 74.851075 0.000000 -66.312266
vn 74.851075 0.000000 -66.312266
vn 82.298387 0.000000 -56.806475
vn 82.298387 0.000000 -56.806475
vn 88.545603 0.000000 -46.472317
vn 88.545603 0.000000 -46.472317
vn 93.501624 0.000000 -35.460489
vn 93.501624 0.000000 -35.460489
vn 97.094182 0.000000 -23.931566
vn 97.094182 0.000000 -23.931566
vn 0.000000 -100.000000 0.000000
vn 0.000000 -100.000000 0.000000
vn 0.000000 -100.000000 0.000000
vn 0.000000 -100.000000 0.000000
vn 0.000000 -100.000000 0.000000
vn 0.000000 -100.000000 0.000000
vn 0.000000 -100.000000 0.000000
vn 0.000000 -100.000000 0.000000
vn 0.000000 -100.000000 0.000000
vn 0.000000 -100.000000 0.000000
vn 0.000000 -100.000000 0.000000
vn 0.000000 -100.000000 0.000000
vn 0.000000 -100.000000 0.000000
vn 0.000000 -100.000000 0.000000
vn 0.000000 -100.000000 0.000000
vn 0.000000 -100.000000 0.000000
vn 0.000000 -100.000000 0.000000
vn 0.000000 -100.000000 0.000000
vn 0.000000 -100.000000 0.000000
vn 0.000000 -100.000000 0.000000
vn 0.000000 -100.000000 0.000000
vn 0.000000 -100.000000 0.000000
vn 0.000000 -100.000000 0.000000
vn 0.000000 -100.000000 0.000000
vn 0.000000 -100.000000 0.000000
vn 0.000000 -100.000000 0.000000
vn 0.000000 -100.000000 0.000000
vn 0.000000 -100.000000 0.000000
vn 0.000000 -100.000000 0.000000
vn 0.000000 -100.000000 0.000000
vn 0.000000 -100.000000 0.000000
vn 0.000000 -100.000000 0.000000
vn 0.000000 -100.000000 0.000000
vn 0.000000 -100.000000 0.000000
vn 0.000000 -100.000000 0.000000
vn 0.000000 -100.000000 0.000000
vn 0.000000 -100.000000 0.000000
vn 0.000000 -100.000000 0.000000
vn 0.000000 -100.000000 0.000000
vn 0.000000 -100.000000 0.000000
vn 0.000000 -100.000000 0.000000
vn 0.000000 -100.000000 0.000000
vn 0.000000 -100.000000 0.000000
vn 0.000000 -100.000000 0.000000
vn 0.000000 -100.000000 0.000000
vn 0.000000 -100.000000 0.000000
vn 0.000000 -100.000000 0.000000
vn 0.000000 -100.000000 0.000000
vn 0.000000 -100.000000 0.000000
vn 0.000000 -100.000000 0.000000
vn 0.000000 -100.000000 0.000000
vn 0.000000 -100.000000 0.000000
vn -98.934337 0.000000 14.560117
vn -98.934337 0.000000 14.560117
vn -100.000000 0.000000 0.000000
vn -100.000000 0.000000 0.000000
vn -98.934337 0.000000 -14.560117
vn -98.934337 0.000000 -14.560117
vn -95.760060 0.000000 -28.809910
vn -95.760060 0.000000 -28.809910
vn -90.544824 0.000000 -42.445670
vn -90.544824 0.000000 -42.445670
vn -83.399782 0.000000 -55.176774
vn -83.399782 0.000000 -55.176774
vn -74.477218 0.000000 -66.731881
vn -74.477218 0.000000 -66.731881
vn -63.967302 0.000000 -76.864714
vn -63.967302 0.000000 -76.864714
vn -52.094034 0.000000 -85.359309
vn -52.094034 0.000000 -85.359309
vn -39.110472 0.000000 -92.034618
vn -39.110472 0.000000 -92.034618
vn -25.293338 0.000000 -96.748370
vn -25.293338 0.000000 -96.748370
vn -10.937121 0.000000 -99.400098
vn -10.937121 0.000000 -99.400098
vn 3.652202 0.000000 -99.933285
vn 3.652202 0.000000 -99.933285
vn 18.163685 0.000000 -98.336568
vn 18.163685 0.000000 -98.336568
vn 32.288040 0.000000 -94.643977
vn 32.288040 0.000000 -94.643977
vn 45.724232 0.000000 -88.934215
vn 45.724232 0.000000 -88.934215
vn 58.185892 0.000000 -81.328974
vn 58.185892 0.000000 -81.328974
vn 69.407420 0.000000 -71.990347
vn 69.407420 0.000000 -71.990347
vn 79.149649 0.000000 -61.117371
vn 79.149649 0.000000 -61.117371
vn 87.204941 0.000000 -48.941785
vn 87.204941 0.000000 -48.941785
vn 93.401611 0.000000 -35.723089
vn 93.401611 0.000000 -35.723089
vn 97.607588 0.000000 -21.743018
vn 97.607588 0.000000 -21.743018
vn 99.733228 0.000000 -7.299531
vn 99.733228 0.000000 -7.299531
vn 99.733228 0.000000 7.299531
vn 99.733228 0.000000 7.299531
vn 97.607588 0.000000 21.743018
vn 97.607588 0.000000 21.743018
vn 93.401611 0.000000 35.723089
vn 93.401611 0.000000 35.723089
vn 87.204941 0.000000 48.941785
vn 87.204941 0.000000 48.941785
vn 79.149649 0.000000 61.117371
vn 79.149649 0.000000 61.117371
vn 69.407420 0.000000 71.990347
vn 69.407420 0.000000 71.990347
vn 58.185892 0.000000 81.328974
vn 58.185892 0.000000 81.328974
vn 45.724232 0.000000 88.934215
vn 45.724232 0.000000 88.934215
vn 32.288040 0.000000 94.643977
vn 32.288040 0.000000 94.643977
vn 18.163685 0.000000 98.336568
vn 18.163685 0.000000 98.336568
vn 3.652202 0.000000 99.933285
vn 3.652202 0.000000 99.933285
vn -10.937121 0.000000 99.400098
vn -10.937121 0.000000 99.400098
vn -25.293338 0.000000 96.748370
vn -25.293338 0.000000 96.748370
vn -39.110472 0.000000 92.034618
vn -39.110472 0.000000 92.034618
vn -52.094034 0.000000 85.359309
vn -52.094034 0.000000 85.359309
vn -63.967302 0.000000 76.864714
vn -63.967302 0.000000 76.864714
vn -74.477218 0.000000 66.731881
vn -74.477218 0.000000 66.731881
vn -83.399782 0.000000 55.176774
vn -83.399782 0.000000 55.176774
vn -90.544824 0.000000 42.445670
vn -90.544824 0.000000 42.445670
vn -95.760060 0.000000 28.809910
vn -95.760060 0.000000 28.809910
vn 0.000000 -100.000000 0.000000
vn 0.000000 -100.000000 0.000000
vn 0.000000 -100.000000 0.000000
vn 0.000000 -100.000000 0.000000
vn 0.000000 -100.000000 0.000000
vn 0.000000 -100.000000 0.000000
vn 0.000000 -100.000000 0.000000
vn 0.000000 -100.000000 0.000000
vn 0.000000 -100.000000 0.000000
vn 0.000000 -100.000000 0.000000
vn 0.000000 -100.000000 0.000000
vn 0.000000 -100.000000 0.000000
vn 0.000000 -100.000000 0.000000
vn 0.000000 -100.000000 0.000000
vn 0.000000 -100.000000 0.000000
vn 0.000000 -100.000000 0.000000
vn 0.000000 -100.000000 0.000000
vn 0.000000 -100.000000 0.000000
vn 0.000000 -100.000000 0.000000
vn 0.000000 -100.000000 0.000000
vn 0.000000 -100.000000 0.000000
vn 0.000000 -100.000000 0.000000
vn 0.000000 -100.000000 0.000000
vn 0.000000 -100.000000 0.000000
vn 0.000000 -100.000000 0.000000
vn 0.000000 -100.000000 0.000000
vn 0.000000 -100.000000 0.000000
vn 0.000000 -100.000000 0.000000
vn 0.000000 -100.000000 0.000000
vn 0.000000 -100.000000 0.000000
vn 0.000000 -100.000000 0.000000
vn 0.000000 -100.000000 0.000000
vn 0.000000 -100.000000 0.000000
vn 0.000000 -100.000000 0.000000
vn 0.000000 -100.000000 0.000000
vn 0.000000 -100.000000 0.000000
vn 0.000000 -100.000000 0.000000
vn 0.000000 -100.000000 0.000000
vn 0.000000 -100.000000 0.000000
vn 0.000000 -100.000000 0.000000
vn 0.000000 -100.000000 0.000000
vn 0.000000 -100.000000 0.000000
vn 0.000000 -100.000000 0.000000
vn -0.000000 0.000000 100.000000
vn -0.000000 0.000000 100.000000
vn -0.000000 0.000000 100.000000
vn -0.000000 0.000000 100.000000
vn 17.223870 0.000000 98.505524
vn 17.562728 0.000000 98.445673
vn 17.223870 0.000000 98.505524
vn 17.562728 0.000000 98.445673
vn 17.917282 0.000000 98.381762
vn 17.917282 0.000000 98.381762
vn 18.288051 0.000000 98.313515
vn 18.288051 0.000000 98.313515
vn 18.675571 0.000000 98.240638
vn 18.675571 0.000000 98.240638
vn 19.080397 0.000000 98.162816
vn 19.080397 0.000000 98.162816
vn 19.503099 0.000000 98.079708
vn 19.503099 0.000000 98.079708
vn 20.404505 0.000000 97.896150
vn 20.404505 0.000000 97.896150
vn 21.384708 0.000000 97.686715
vn 21.384708 0.000000 97.686715
vn 22.448904 0.000000 97.447661
vn 22.448904 0.000000 97.447661
vn 23.602557 0.000000 97.174685
vn 23.602557 0.000000 97.174685
vn 24.851375 0.000000 96.862837
vn 24.851375 0.000000 96.862837
vn 26.201277 0.000000 96.506441
vn 26.201277 0.000000 96.506441
vn 27.658337 0.000000 96.098993
vn 27.658337 0.000000 96.098993
vn 29.228709 0.000000 95.633062
vn 29.228709 0.000000 95.633062
vn 30.918517 0.000000 95.100186
vn 30.918517 0.000000 95.100186
vn 32.733717 0.000000 94.490760
vn 32.733717 0.000000 94.490760
vn 34.679904 0.000000 93.793946
vn 34.679904 0.000000 93.793946
vn 36.762077 0.000000 92.997579
vn 36.762077 0.000000 92.997579
vn 38.984337 0.000000 92.088118
vn 38.984337 0.000000 92.088118
vn 43.858749 0.000000 89.868850
vn 43.858749 0.000000 89.868850
vn 49.302252 0.000000 87.001655
vn 49.302252 0.000000 87.001655
vn 55.269166 0.000000 83.338582
vn 55.269166 0.000000 83.338582
vn 61.650360 0.000000 78.735209
vn 61.650360 0.000000 78.735209
vn 68.259058 0.000000 73.080100
vn 68.259058 0.000000 73.080100
vn 74.831221 0.000000 66.334670
vn 74.831221 0.000000 66.334670
vn 81.050883 0.000000 58.572642
vn 81.050883 0.000000 58.572642
vn 86.602540 0.000000 50.000000
vn 86.602540 0.000000 50.000000
vn 91.236539 0.000000 40.937683
vn 91.236539 0.000000 40.937683
vn 94.820531 0.000000 31.765812
vn 94.820531 0.000000 31.765812
vn 97.354278 0.000000 22.850481
vn 97.354278 0.000000 22.850481
vn 98.945598 0.000000 14.483393
vn 98.945598 0.000000 14.483393
vn 99.764877 0.000000 6.853420
vn 99.764877 0.000000 6.853420
vn 99.999988 0.000000 0.049624
vn 99.999988 0.000000 0.049624
vn 99.824791 0.000000 -5.917010
vn 99.824791 0.000000 -5.917010
vn 99.383512 0.000000 -11.086816
vn 99.383512 0.000000 -11.086816
vn 99.098987 0.000000 -13.393686
vn 99.098987 0.000000 -13.393686
vn 98.787023 0.000000 -15.528172
vn 98.787023 0.000000 -15.528172
vn 98.456763 0.000000 -17.500455
vn 98.456763 0.000000 -17.500455
vn 98.115797 0.000000 -19.320724
vn 98.115797 0.000000 -19.320724
vn 97.770359 0.000000 -20.998975
vn 97.770359 0.000000 -20.998975
vn 97.425505 0.000000 -22.544865
vn 97.425505 0.000000 -22.544865
vn 97.085290 0.000000 -23.967614
vn 97.085290 0.000000 -23.967614
vn 96.752913 0.000000 -25.275953
vn 96.752913 0.000000 -25.275953
vn 96.430862 0.000000 -26.478083
vn 96.430862 0.000000 -26.478083
vn 96.121024 0.000000 -27.581674
vn 96.121024 0.000000 -27.581674
vn 95.824793 0.000000 -28.593863
vn 95.824793 0.000000 -28.593863
vn 95.543155 0.000000 -29.521272
vn 95.543155 0.000000 -29.521272
vn 95.276761 0.000000 -30.370032
vn 95.276761 0.000000 -30.370032
vn 95.149408 0.000000 -30.766705
vn 95.149408 0.000000 -30.766705
vn 95.025991 0.000000 -31.145804
vn 95.025991 0.000000 -31.145804
vn 94.906522 0.000000 -31.507969
vn 94.906522 0.000000 -31.507969
vn 94.791005 0.000000 -31.853813
vn 94.791005 0.000000 -31.853813
vn 94.679432 0.000000 -32.183926
vn 94.679432 0.000000 -32.183926
vn 94.571789 0.000000 -32.498873
vn 94.571789 0.000000 -32.498873
vn 86.602540 0.000000 -50.000000
vn 86.602540 0.000000 -50.000000
vn 86.602540 0.000000 -50.000000
vn 86.602540 0.000000 -50.000000
vn 0.000000 100.000000 0.000000
vn 0.000000 100.000000 0.000000
vn 0.000000 100.000000 0.000000
vn 0.000000 100.000000 0.000000
vn 0.000000 100.000000 0.000000
vn 0.000000 100.000000 0.000000
vn 0.000000 100.000000 0.000000
vn 0.000000 100.000000 0.000000
vn 0.000000 100.000000 0.000000
vn 0.000000 100.000000 0.000000
vn 0.000000 100.000000 0.000000
vn 0.000000 100.000000 0.000000
vn 0.000000 100.000000 0.000000
vn 0.000000 100.000000 0.000000
vn 0.000000 100.000000 0.000000
vn 0.000000 100.000000 0.000000
vn 0.000000 100.000000 0.000000
vn 0.000000 100.000000 0.000000
vn 0.000000 100.000000 0.000000
vn 0.000000 100.000000 0.000000
vn 0.000000 100.000000 0.000000
vn 0.000000 100.000000 0.000000
vn 0.000000 100.000000 0.000000
vn 0.000000 100.000000 0.000000
vn 0.000000 100.000000 0.000000
vn 0.000000 100.000000 0.000000
vn 0.000000 100.000000 0.000000
vn 0.000000 100.000000 0.000000
vn 0.000000 100.000000 0.000000
vn 0.000000 100.000000 0.000000
vn 0.000000 100.000000 0.000000
vn 0.000000 100.000000 0.000000
vn 0.000000 100.000000 0.000000
vn 0.000000 100.000000 0.000000
vn 0.000000 100.000000 0.000000
vn 0.000000 100.000000 0.000000
vn 0.000000 100.000000 0.000000
vn 0.000000 100.000000 0.000000
vn 0.000000 100.000000 0.000000
vn 0.000000 100.000000 0.000000
vn 0.000000 100.000000 0.000000
vn 0.000000 100.000000 0.000000
vn 0.000000 100.000000 0.000000
vn 0.000000 100.000000 0.000000
vn 0.000000 100.000000 0.000000
vn 0.000000 100.000000 0.000000
vn 0.000000 100.000000 0.000000
vn 0.000000 100.000000 0.000000
vn 0.000000 100.000000 0.000000
vn 0.000000 100.000000 0.000000
vn 0.000000 100.000000 0.000000
vn 0.000000 100.000000 0.000000
vn 0.000000 100.000000 0.000000
vn 0.000000 100.000000 0.000000
vn 0.000000 100.000000 0.000000
vn 0.000000 100.000000 0.000000
vn 0.000000 100.000000 0.000000
vn 0.000000 100.000000 0.000000
vn 0.000000 100.000000 0.000000
vn 0.000000 100.000000 0.000000
vn 0.000000 100.000000 0.000000
vn 0.000000 100.000000 0.000000
vn 0.000000 100.000000 0.000000
vn 0.000000 100.000000 0.000000
vn 0.000000 100.000000 0.000000
vn 0.000000 100.000000 0.000000
vn 0.000000 100.000000 0.000000
vn 0.000000 100.000000 0.000000
vn 0.000000 100.000000 0.000000
vn 0.000000 100.000000 0.000000
vn 0.000000 100.000000 0.000000
vn 0.000000 100.000000 0.000000
vn 0.000000 100.000000 0.000000
vn 0.000000 100.000000 0.000000
vn 86.602540 0.000000 -50.000000
vn 86.602540 0.000000 -50.000000
vn 86.602540 0.000000 -50.000000
vn 86.602540 0.000000 -50.000000
vn 76.696352 0.000000 -64.169071
vn 76.475090 0.000000 -64.432605
vn 76.696352 0.000000 -64.169071
vn 76.475090 0.000000 -64.432605
vn 76.242464 0.000000 -64.707702
vn 76.242464 0.000000 -64.707702
vn 75.997976 0.000000 -64.994674
vn 75.997976 0.000000 -64.994674
vn 75.741103 0.000000 -65.293838
vn 75.741103 0.000000 -65.293838
vn 75.471294 0.000000 -65.605517
vn 75.471294 0.000000 -65.605517
vn 75.187969 0.000000 -65.930034
vn 75.187969 0.000000 -65.930034
vn 74.578300 0.000000 -66.618895
vn 74.578300 0.000000 -66.618895
vn 73.906823 0.000000 -67.363058
vn 73.906823 0.000000 -67.363058
vn 73.167698 0.000000 -68.165152
vn 73.167698 0.000000 -68.165152
vn 72.354467 0.000000 -69.027756
vn 72.354467 0.000000 -69.027756
vn 71.459990 0.000000 -69.953340
vn 71.459990 0.000000 -69.953340
vn 70.476391 0.000000 -70.944192
vn 70.476391 0.000000 -70.944192
vn 69.395000 0.000000 -72.002319
vn 69.395000 0.000000 -72.002319
vn 68.206307 0.000000 -73.129335
vn 68.206307 0.000000 -73.129335
vn 66.899918 0.000000 -74.326314
vn 66.899918 0.000000 -74.326314
vn 65.464540 0.000000 -75.593611
vn 65.464540 0.000000 -75.593611
vn 63.887988 0.000000 -76.930651
vn 63.887988 0.000000 -76.930651
vn 62.157227 0.000000 -78.335682
vn 62.157227 0.000000 -78.335682
vn 60.258481 0.000000 -79.805485
vn 60.258481 0.000000 -79.805485
vn 55.899333 0.000000 -82.917215
vn 55.899333 0.000000 -82.917215
vn 50.694517 0.000000 -86.197830
vn 50.694517 0.000000 -86.197830
vn 44.538747 0.000000 -89.533793
vn 44.538747 0.000000 -89.533793
vn 37.361511 0.000000 -92.758382
vn 37.361511 0.000000 -92.758382
vn 29.159693 0.000000 -95.654128
vn 29.159693 0.000000 -95.654128
vn 20.031899 0.000000 -97.973073
vn 20.031899 0.000000 -97.973073
vn 10.199955 0.000000 -99.478445
vn 10.199955 0.000000 -99.478445
vn 0.000000 0.000000 -100.000000
vn 0.000000 0.000000 -100.000000
vn -10.165196 0.000000 -99.482002
vn -10.165196 0.000000 -99.482002
vn -19.900265 0.000000 -97.999895
vn -19.900265 0.000000 -97.999895
vn -28.888042 0.000000 -95.736519
vn -28.888042 0.000000 -95.736519
vn -36.929812 0.000000 -92.931098
vn -36.929812 0.000000 -92.931098
vn -43.947202 0.000000 -89.825628
vn -43.947202 0.000000 -89.825628
vn -49.957018 0.000000 -86.627342
vn -49.957018 0.000000 -86.627342
vn -55.036676 0.000000 -83.492301
vn -55.036676 0.000000 -83.492301
vn -59.293220 0.000000 -80.525238
vn -59.293220 0.000000 -80.525238
vn -61.148766 0.000000 -79.125397
vn -61.148766 0.000000 -79.125397
vn -62.841303 0.000000 -77.787985
vn -62.841303 0.000000 -77.787985
vn -64.384220 0.000000 -76.515830
vn -64.384220 0.000000 -76.515830
vn -65.790136 0.000000 -75.310411
vn -65.790136 0.000000 -75.310411
vn -67.070825 0.000000 -74.172127
vn -67.070825 0.000000 -74.172127
vn -68.237178 0.000000 -73.100530
vn -68.237178 0.000000 -73.100530
vn -69.299208 0.000000 -72.094520
vn -69.299208 0.000000 -72.094520
vn -70.266074 0.000000 -71.152504
vn -70.266074 0.000000 -71.152504
vn -71.146124 0.000000 -70.272534
vn -71.146124 0.000000 -70.272534
vn -71.946942 0.000000 -69.452412
vn -71.946942 0.000000 -69.452412
vn -72.675408 0.000000 -68.689774
vn -72.675408 0.000000 -68.689774
vn -73.337749 0.000000 -67.982163
vn -73.337749 0.000000 -67.982163
vn -73.939600 0.000000 -67.327079
vn -73.939600 0.000000 -67.327079
vn -74.219452 0.000000 -67.018452
vn -74.219452 0.000000 -67.018452
vn -74.486053 0.000000 -66.722020
vn -74.486053 0.000000 -66.722020
vn -74.739962 0.000000 -66.437475
vn -74.739962 0.000000 -66.437475
vn -74.981714 0.000000 -66.164512
vn -74.981714 0.000000 -66.164512
vn -75.211813 0.000000 -65.902831
vn -75.211813 0.000000 -65.902831
vn -75.430744 0.000000 -65.652135
vn -75.430744 0.000000 -65.652135
vn -86.602540 0.000000 -50.000000
vn -86.602540 0.000000 -50.000000
vn -86.602540 0.000000 -50.000000
vn -86.602540 0.000000 -50.000000
vn 0.000000 100.000000 0.000000
vn 0.000000 100.000000 0.000000
vn 0.000000 100.000000 0.000000
vn 0.000000 100.000000 0.000000
vn 0.000000 100.000000 0.000000
vn 0.000000 100.000000 0.000000
vn 0.000000 100.000000 0.000000
vn 0.000000 100.000000 0.000000
vn 0.000000 100.000000 0.000000
vn 0.000000 100.000000 0.000000
vn 0.000000 100.000000 0.000000
vn 0.000000 100.000000 0.000000
vn 0.000000 100.000000 0.000000
vn 0.000000 100.000000 0.000000
vn 0.000000 100.000000 0.000000
vn 0.000000 100.000000 0.000000
vn 0.000000 100.000000 0.000000
vn 0.000000 100.000000 0.000000
vn 0.000000 100.000000 0.000000
vn 0.000000 100.000000 0.000000
vn 0.000000 100.000000 0.000000
vn 0.000000 100.000000 0.000000
vn 0.000000 100.000000 0.000000
vn 0.000000 100.000000 0.000000
vn 0.000000 100.000000 0.000000
vn 0.000000 100.000000 0.000000
vn 0.000000 100.000000 0.000000
vn 0.000000 100.000000 0.000000
vn 0.000000 100.000000 0.000000
vn 0.000000 100.000000 0.000000
vn 0.000000 100.000000 0.000000
vn 0.000000 100.000000 0.000000
vn 0.000000 100.000000 0.000000
vn 0.000000 100.000000 0.000000
vn 0.000000 100.000000 0.000000
vn 0.000000 100.000000 0.000000
vn 0.000000 100.000000 0.000000
vn 0.000000 100.000000 0.000000
vn 0.000000 100.000000 0.000000
vn 0.000000 100.000000 0.000000
vn 0.000000 100.000000 0.000000
vn 0.000000 100.000000 0.000000
vn 0.000000 100.000000 0.000000
vn 0.000000 100.000000 0.000000
vn 0.000000 100.000000 0.000000
vn 0.000000 100.000000 0.000000
vn 0.000000 100.000000 0.000000
vn 0.000000 100.000000 0.000000
vn 0.000000 100.000000 0.000000
vn 0.000000 100.000000 0.000000
vn 0.000000 100.000000 0.000000
vn 0.000000 100.000000 0.000000
vn 0.000000 100.000000 0.000000
vn 0.000000 100.000000 0.000000
vn 0.000000 100.000000 0.000000
vn 0.000000 100.000000 0.000000
vn 0.000000 100.000000 0.000000
vn 0.000000 100.000000 0.000000
vn 0.000000 100.000000 0.000000
vn 0.000000 100.000000 0.000000
vn 0.000000 100.000000 0.000000
vn 0.000000 100.000000 0.000000
vn 0.000000 100.000000 0.000000
vn 0.000000 100.000000 0.000000
vn 0.000000 100.000000 0.000000
vn 0.000000 100.000000 0.000000
vn 0.000000 100.000000 0.000000
vn 0.000000 100.000000 0.000000
vn 0.000000 100.000000 0.000000
vn 0.000000 100.000000 0.000000
vn 0.000000 100.000000 0.000000
vn 0.000000 100.000000 0.000000
vn 0.000000 100.000000 0.000000
vn 0.000000 100.000000 0.000000
vn 0.000000 0.000000 -100.000000
vn 0.000000 0.000000 -100.000000
vn 0.000000 0.000000 -100.000000
vn 0.000000 0.000000 -100.000000
vn 86.602540 0.000000 50.000000
vn 86.602540 0.000000 50.000000
vn 86.602540 0.000000 50.000000
vn 86.602540 0.000000 50.000000
vn 93.920221 0.000000 34.336454
vn 94.037818 0.000000 34.013068
vn 93.920221 0.000000 34.336454
vn 94.037818 0.000000 34.013068
vn 94.159746 0.000000 33.674060
vn 94.159746 0.000000 33.674060
vn 94.286027 0.000000 33.318841
vn 94.286027 0.000000 33.318841
vn 94.416674 0.000000 32.946800
vn 94.416674 0.000000 32.946800
vn 94.551691 0.000000 32.557299
vn 94.551691 0.000000 32.557299
vn 94.691068 0.000000 32.149674
vn 94.691068 0.000000 32.149674
vn 94.982805 0.000000 31.277255
vn 94.982805 0.000000 31.277255
vn 95.291531 0.000000 30.323657
vn 95.291531 0.000000 30.323657
vn 95.616602 0.000000 29.282510
vn 95.616602 0.000000 29.282510
vn 95.957024 0.000000 28.146929
vn 95.957024 0.000000 28.146929
vn 96.311365 0.000000 26.909497
vn 96.311365 0.000000 26.909497
vn 96.677668 0.000000 25.562249
vn 96.677668 0.000000 25.562249
vn 97.053337 0.000000 24.096674
vn 97.053337 0.000000 24.096674
vn 97.435016 0.000000 22.503727
vn 97.435016 0.000000 22.503727
vn 97.818435 0.000000 20.773871
vn 97.818435 0.000000 20.773871
vn 98.198257 0.000000 18.897150
vn 98.198257 0.000000 18.897150
vn 98.567892 0.000000 16.863295
vn 98.567892 0.000000 16.863295
vn 98.919304 0.000000 14.661897
vn 98.919304 0.000000 14.661897
vn 99.242818 0.000000 12.282633
vn 99.242818 0.000000 12.282633
vn 99.758081 0.000000 6.951634
vn 99.758081 0.000000 6.951634
vn 99.996769 0.000000 0.803825
vn 99.996769 0.000000 0.803825
vn 99.807912 0.000000 -6.195210
vn 99.807912 0.000000 -6.195210
vn 99.011871 0.000000 -14.023174
vn 99.011871 0.000000 -14.023174
vn 97.418752 0.000000 -22.574029
vn 97.418752 0.000000 -22.574029
vn 94.863119 0.000000 -31.638403
vn 94.863119 0.000000 -31.638403
vn 91.250838 0.000000 -40.905802
vn 91.250838 0.000000 -40.905802
vn 86.602540 0.000000 -50.000000
vn 86.602540 0.000000 -50.000000
vn 81.071343 0.000000 -58.544319
vn 81.071343 0.000000 -58.544319
vn 74.920266 0.000000 -66.234083
vn 74.920266 0.000000 -66.234083
vn 68.466236 0.000000 -72.886038
vn 68.466236 0.000000 -72.886038
vn 62.015785 0.000000 -78.447705
vn 62.015785 0.000000 -78.447705
vn 55.817674 0.000000 -82.972208
vn 55.817674 0.000000 -82.972208
vn 50.042969 0.000000 -86.577718
vn 50.042969 0.000000 -86.577718
vn 44.788115 0.000000 -89.409310
vn 44.788115 0.000000 -89.409310
vn 40.090292 0.000000 -91.612054
vn 40.090292 0.000000 -91.612054
vn 37.950221 0.000000 -92.519083
vn 37.950221 0.000000 -92.519083
vn 35.945720 0.000000 -93.316157
vn 35.945720 0.000000 -93.316157
vn 34.072543 0.000000 -94.016285
vn 34.072543 0.000000 -94.016285
vn 32.325661 0.000000 -94.631135
vn 32.325661 0.000000 -94.631135
vn 30.699534 0.000000 -95.171102
vn 30.699534 0.000000 -95.171102
vn 29.188327 0.000000 -95.645395
vn 29.188327 0.000000 -95.645395
vn 27.786082 0.000000 -96.062134
vn 27.786082 0.000000 -96.062134
vn 26.486839 0.000000 -96.428457
vn 26.486839 0.000000 -96.428457
vn 25.284738 0.000000 -96.750618
vn 25.284738 0.000000 -96.750618
vn 24.174082 0.000000 -97.034086
vn 24.174082 0.000000 -97.034086
vn 23.149385 0.000000 -97.283637
vn 23.149385 0.000000 -97.283637
vn 22.205406 0.000000 -97.503436
vn 22.205406 0.000000 -97.503436
vn 21.337161 0.000000 -97.697111
vn 21.337161 0.000000 -97.697111
vn 20.929956 0.000000 -97.785157
vn 20.929956 0.000000 -97.785157
vn 20.539938 0.000000 -97.867824
vn 20.539938 0.000000 -97.867824
vn 20.166560 0.000000 -97.945443
vn 20.166560 0.000000 -97.945443
vn 19.809291 0.000000 -98.018325
vn 19.809291 0.000000 -98.018325
vn 19.467619 0.000000 -98.086757
vn 19.467619 0.000000 -98.086757
vn 19.141045 0.000000 -98.151008
vn 19.141045 0.000000 -98.151008
vn 0.000000 100.000000 0.000000
vn 0.000000 100.000000 0.000000
vn 0.000000 100.000000 0.000000
vn 0.000000 100.000000 0.000000
vn 0.000000 100.000000 0.000000
vn 0.000000 100.000000 0.000000
vn 0.000000 100.000000 0.000000
vn 0.000000 100.000000 0.000000
vn 0.000000 100.000000 0.000000
vn 0.000000 100.000000 0.000000
vn 0.000000 100.000000 0.000000
vn 0.000000 100.000000 0.000000
vn 0.000000 100.000000 0.000000
vn 0.000000 100.000000 0.000000
vn 0.000000 100.000000 0.000000
vn 0.000000 100.000000 0.000000
vn 0.000000 100.000000 0.000000
vn 0.000000 100.000000 0.000000
vn 0.000000 100.000000 0.000000
vn 0.000000 100.000000 0.000000
vn 0.000000 100.000000 0.000000
vn 0.000000 100.000000 0.000000
vn 0.000000 100.000000 0.000000
vn 0.000000 100.000000 0.000000
vn 0.000000 100.000000 0.000000
vn 0.000000 100.000000 0.000000
vn 0.000000 100.000000 0.000000
vn 0.000000 100.000000 0.000000
vn 0.000000 100.000000 0.000000
vn 0.000000 100.000000 0.000000
vn 0.000000 100.000000 0.000000
vn 0.000000 100.000000 0.000000
vn 0.000000 100.000000 0.000000
vn 0.000000 100.000000 0.000000
vn 0.000000 100.000000 0.000000
vn 0.000000 100.000000 0.000000
vn 0.000000 100.000000 0.000000
vn 0.000000 100.000000 0.000000
vn 0.000000 100.000000 0.000000
vn 0.000000 100.000000 0.000000
vn 0.000000 100.000000 0.000000
vn 0.000000 100.000000 0.000000
vn 0.000000 100.000000 0.000000
vn 0.000000 100.000000 0.000000
vn 0.000000 100.000000 0.000000
vn 0.000000 100.000000 0.000000
vn 0.000000 100.000000 0.000000
vn 0.000000 100.000000 0.000000
vn 0.000000 100.000000 0.000000
vn 0.000000 100.000000 0.000000
vn 0.000000 100.000000 0.000000
vn 0.000000 100.000000 0.000000
vn 0.000000 100.000000 0.000000
vn 0.000000 100.000000 0.000000
vn 0.000000 100.000000 0.000000
vn 0.000000 100.000000 0.000000
vn 0.000000 100.000000 0.000000
vn 0.000000 100.000000 0.000000
vn 0.000000 100.000000 0.000000
vn 0.000000 100.000000 0.000000
vn 0.000000 100.000000 0.000000
vn 0.000000 100.000000 0.000000
vn 0.000000 100.000000 0.000000
vn 0.000000 100.000000 0.000000
vn 0.000000 100.000000 0.000000
vn 0.000000 100.000000 0.000000
vn 0.000000 100.000000 0.000000
vn 0.000000 100.000000 0.000000
vn 0.000000 100.000000 0.000000
vn 0.000000 100.000000 0.000000
vn 0.000000 100.000000 0.000000
vn 0.000000 100.000000 0.000000
vn 0.000000 100.000000 0.000000
vn 0.000000 100.000000 0.000000
vn -86.602540 0.000000 -50.000000
vn -86.602540 0.000000 -50.000000
vn -86.602540 0.000000 -50.000000
vn -86.602540 0.000000 -50.000000
vn -93.920221 0.000000 -34.336454
vn -94.037818 0.000000 -34.013068
vn -93.920221 0.000000 -34.336454
vn -94.037818 0.000000 -34.013068
vn -94.159746 0.000000 -33.674060
vn -94.159746 0.000000 -33.674060
vn -94.286027 0.000000 -33.318841
vn -94.286027 0.000000 -33.318841
vn -94.416674 0.000000 -32.946800
vn -94.416674 0.000000 -32.946800
vn -94.551691 0.000000 -32.557299
vn -94.551691 0.000000 -32.557299
vn -94.691068 0.000000 -32.149674
vn -94.691068 0.000000 -32.149674
vn -94.982805 0.000000 -31.277255
vn -94.982805 0.000000 -31.277255
vn -95.291531 0.000000 -30.323657
vn -95.291531 0.000000 -30.323657
vn -95.616602 0.000000 -29.282510
vn -95.616602 0.000000 -29.282510
vn -95.957024 0.000000 -28.146929
vn -95.957024 0.000000 -28.146929
vn -96.311365 0.000000 -26.909497
vn -96.311365 0.000000 -26.909497
vn -96.677668 0.000000 -25.562249
vn -96.677668 0.000000 -25.562249
vn -97.053337 0.000000 -24.096674
vn -97.053337 0.000000 -24.096674
vn -97.435016 0.000000 -22.503727
vn -97.435016 0.000000 -22.503727
vn -97.818435 0.000000 -20.773871
vn -97.818435 0.000000 -20.773871
vn -98.198257 0.000000 -18.897150
vn -98.198257 0.000000 -18.897150
vn -98.567892 0.000000 -16.863295
vn -98.567892 0.000000 -16.863295
vn -98.919304 0.000000 -14.661897
vn -98.919304 0.000000 -14.661897
vn -99.242818 0.000000 -12.282633
vn -99.242818 0.000000 -12.282633
vn -99.758081 0.000000 -6.951634
vn -99.758081 0.000000 -6.951634
vn -99.996769 0.000000 -0.803825
vn -99.996769 0.000000 -0.803825
vn -99.807912 0.000000 6.195210
vn -99.807912 0.000000 6.195210
vn -99.011871 0.000000 14.023174
vn -99.011871 0.000000 14.023174
vn -97.418752 0.000000 22.574029
vn -97.418752 0.000000 22.574029
vn -94.863119 0.000000 31.638403
vn -94.863119 0.000000 31.638403
vn -91.250838 0.000000 40.905802
vn -91.250838 0.000000 40.905802
vn -86.602540 0.000000 50.000000
vn -86.602540 0.000000 50.000000
vn -81.071343 0.000000 58.544319
vn -81.071343 0.000000 58.544319
vn -74.920266 0.000000 66.234083
vn -74.920266 0.000000 66.234083
vn -68.466236 0.000000 72.886038
vn -68.466236 0.000000 72.886038
vn -62.015785 0.000000 78.447705
vn -62.015785 0.000000 78.447705
vn -55.817674 0.000000 82.972208
vn -55.817674 0.000000 82.972208
vn -50.042969 0.000000 86.577718
vn -50.042969 0.000000 86.577718
vn -44.788115 0.000000 89.409310
vn -44.788115 0.000000 89.409310
vn -40.090292 0.000000 91.612054
vn -40.090292 0.000000 91.612054
vn -37.950221 0.000000 92.519083
vn -37.950221 0.000000 92.519083
vn -35.945720 0.000000 93.316157
vn -35.945720 0.000000 93.316157
vn -34.072543 0.000000 94.016285
vn -34.072543 0.000000 94.016285
vn -32.325661 0.000000 94.631135
vn -32.325661 0.000000 94.631135
vn -30.699534 0.000000 95.171102
vn -30.699534 0.000000 95.171102
vn -29.188327 0.000000 95.645395
vn -29.188327 0.000000 95.645395
vn -27.786082 0.000000 96.062134
vn -27.786082 0.000000 96.062134
vn -26.486839 0.000000 96.428457
vn -26.486839 0.000000 96.428457
vn -25.284738 0.000000 96.750618
vn -25.284738 0.000000 96.750618
vn -24.174082 0.000000 97.034086
vn -24.174082 0.000000 97.034086
vn -23.149385 0.000000 97.283637
vn -23.149385 0.000000 97.283637
vn -22.205406 0.000000 97.503436
vn -22.205406 0.000000 97.503436
vn -21.337161 0.000000 97.697111
vn -21.337161 0.000000 97.697111
vn -20.929956 0.000000 97.785157
vn -20.929956 0.000000 97.785157
vn -20.539938 0.000000 97.867824
vn -20.539938 0.000000 97.867824
vn -20.166560 0.000000 97.945443
vn -20.166560 0.000000 97.945443
vn -19.809291 0.000000 98.018325
vn -19.809291 0.000000 98.018325
vn -19.467619 0.000000 98.086757
vn -19.467619 0.000000 98.086757
vn -19.141045 0.000000 98.151008
vn -19.141045 0.000000 98.151008
vn -0.000000 0.000000 100.000000
vn -0.000000 0.000000 100.000000
vn -0.000000 0.000000 100.000000
vn -0.000000 0.000000 100.000000
vn 0.000000 100.000000 0.000000
vn 0.000000 100.000000 0.000000
vn 0.000000 100.000000 0.000000
vn 0.000000 100.000000 0.000000
vn 0.000000 100.000000 0.000000
vn 0.000000 100.000000 0.000000
vn 0.000000 100.000000 0.000000
vn 0.000000 100.000000 0.000000
vn 0.000000 100.000000 0.000000
vn 0.000000 100.000000 0.000000
vn 0.000000 100.000000 0.000000
vn 0.000000 100.000000 0.000000
vn 0.000000 100.000000 0.000000
vn 0.000000 100.000000 0.000000
vn 0.000000 100.000000 0.000000
vn 0.000000 100.000000 0.000000
vn 0.000000 100.000000 0.000000
vn 0.000000 100.000000 0.000000
vn 0.000000 100.000000 0.000000
vn 0.000000 100.000000 0.000000
vn 0.000000 100.000000 0.000000
vn 0.000000 100.000000 0.000000
vn 0.000000 100.000000 0.000000
vn 0.000000 100.000000 0.000000
vn 0.000000 100.000000 0.000000
vn 0.000000 100.000000 0.000000
vn 0.000000 100.000000 0.000000
vn 0.000000 100.000000 0.000000
vn 0.000000 100.000000 0.000000
vn 0.000000 100.000000 0.000000
vn 0.000000 100.000000 0.000000
vn 0.000000 100.000000 0.000000
vn 0.000000 100.000000 0.000000
vn 0.000000 100.000000 0.000000
vn 0.000000 100.000000 0.000000
vn 0.000000 100.000000 0.000000
vn 0.000000 100.000000 0.000000
vn 0.000000 100.000000 0.000000
vn 0.000000 100.000000 0.000000
vn 0.000000 100.000000 0.000000
vn 0.000000 100.000000 0.000000
vn 0.000000 100.000000 0.000000
vn 0.000000 100.000000 0.000000
vn 0.000000 100.000000 0.000000
vn 0.000000 100.000000 0.000000
vn 0.000000 100.000000 0.000000
vn 0.000000 100.000000 0.000000
vn 0.000000 100.000000 0.000000
vn 0.000000 100.000000 0.000000
vn 0.000000 100.000000 0.000000
vn 0.000000 100.000000 0.000000
vn 0.000000 100.000000 0.000000
vn 0.000000 100.000000 0.000000
vn 0.000000 100.000000 0.000000
vn 0.000000 100.000000 0.000000
vn 0.000000 100.000000 0.000000
vn 0.000000 100.000000 0.000000
vn 0.000000 100.000000 0.000000
vn 0.000000 100.000000 0.000000
vn 0.000000 100.000000 0.000000
vn 0.000000 100.000000 0.000000
vn 0.000000 100.000000 0.000000
vn 0.000000 100.000000 0.000000
vn 0.000000 100.000000 0.000000
vn 0.000000 100.000000 0.000000
vn 0.000000 100.000000 0.000000
vn 0.000000 100.000000 0.000000
vn 0.000000 100.000000 0.000000
vn 0.000000 100.000000 0.000000
vn 0.000000 100.000000 0.000000
vn 0.000000 100.000000 0.000000
vn 0.000000 100.000000 0.000000
vn 0.000000 100.000000 0.000000
vn 0.000000 100.000000 0.000000
vn 0.000000 0.000000 -100.000000
vn 0.000000 0.000000 -100.000000
vn 0.000000 0.000000 -100.000000
vn 0.000000 0.000000 -100.000000
vn -17.223870 0.000000 -98.505524
vn -17.562728 0.000000 -98.445673
vn -17.223870 0.000000 -98.505524
vn -17.562728 0.000000 -98.445673
vn -17.917282 0.000000 -98.381762
vn -17.917282 0.000000 -98.381762
vn -18.288051 0.000000 -98.313515
vn -18.288051 0.000000 -98.313515
vn -18.675571 0.000000 -98.240638
vn -18.675571 0.000000 -98.240638
vn -19.080397 0.000000 -98.162816
vn -19.080397 0.000000 -98.162816
vn -19.503099 0.000000 -98.079708
vn -19.503099 0.000000 -98.079708
vn -20.404505 0.000000 -97.896150
vn -20.404505 0.000000 -97.896150
vn -21.384708 0.000000 -97.686715
vn -21.384708 0.000000 -97.686715
vn -22.448904 0.000000 -97.447661
vn -22.448904 0.000000 -97.447661
vn -23.602557 0.000000 -97.174685
vn -23.602557 0.000000 -97.174685
vn -24.851375 0.000000 -96.862837
vn -24.851375 0.000000 -96.862837
vn -26.201277 0.000000 -96.506441
vn -26.201277 0.000000 -96.506441
vn -27.658337 0.000000 -96.098993
vn -27.658337 0.000000 -96.098993
vn -29.228709 0.000000 -95.633062
vn -29.228709 0.000000 -95.633062
vn -30.918517 0.000000 -95.100186
vn -30.918517 0.000000 -95.100186
vn -32.733717 0.000000 -94.490760
vn -32.733717 0.000000 -94.490760
vn -34.679904 0.000000 -93.793946
vn -34.679904 0.000000 -93.793946
vn -36.762077 0.000000 -92.997579
vn -36.762077 0.000000 -92.997579
vn -38.984337 0.000000 -92.088118
vn -38.984337 0.000000 -92.088118
vn -43.858749 0.000000 -89.868850
vn -43.858749 0.000000 -89.868850
vn -49.302252 0.000000 -87.001655
vn -49.302252 0.000000 -87.001655
vn -55.269166 0.000000 -83.338582
vn -55.269166 0.000000 -83.338582
vn -61.650360 0.000000 -78.735209
vn -61.650360 0.000000 -78.735209
vn -68.259058 0.000000 -73.080100
vn -68.259058 0.000000 -73.080100
vn -74.831221 0.000000 -66.334670
vn -74.831221 0.000000 -66.334670
vn -81.050883 0.000000 -58.572642
vn -81.050883 0.000000 -58.572642
vn -86.602540 0.000000 -50.000000
vn -86.602540 0.000000 -50.000000
vn -91.236539 0.000000 -40.937683
vn -91.236539 0.000000 -40.937683
vn -94.820531 0.000000 -31.765812
vn -94.820531 0.000000 -31.765812
vn -97.354278 0.000000 -22.850481
vn -97.354278 0.000000 -22.850481
vn -98.945598 0.000000 -14.483393
vn -98.945598 0.000000 -14.483393
vn -99.764877 0.000000 -6.853420
vn -99.764877 0.000000 -6.853420
vn -99.999988 0.000000 -0.049624
vn -99.999988 0.000000 -0.049624
vn -99.824791 0.000000 5.917010
vn -99.824791 0.000000 5.917010
vn -99.383512 0.000000 11.086816
vn -99.383512 0.000000 11.086816
vn -99.098987 0.000000 13.393686
vn -99.098987 0.000000 13.393686
vn -98.787023 0.000000 15.528172
vn -98.787023 0.000000 15.528172
vn -98.456763 0.000000 17.500455
vn -98.456763 0.000000 17.500455
vn -98.115797 0.000000 19.320724
vn -98.115797 0.000000 19.320724
vn -97.770359 0.000000 20.998975
vn -97.770359 0.000000 20.998975
vn -97.425505 0.000000 22.544865
vn -97.425505 0.000000 22.544865
vn -97.085290 0.000000 23.967614
vn -97.085290 0.000000 23.967614
vn -96.752913 0.000000 25.275953
vn -96.752913 0.000000 25.275953
vn -96.430862 0.000000 26.478083
vn -96.430862 0.000000 26.478083
vn -96.121024 0.000000 27.581674
vn -96.121024 0.000000 27.581674
vn -95.824793 0.000000 28.593863
vn -95.824793 0.000000 28.593863
vn -95.543155 0.000000 29.521272
vn -95.543155 0.000000 29.521272
vn -95.276761 0.000000 30.370032
vn -95.276761 0.000000 30.370032
vn -95.149408 0.000000 30.766705
vn -95.149408 0.000000 30.766705
vn -95.025991 0.000000 31.145804
vn -95.025991 0.000000 31.145804
vn -94.906522 0.000000 31.507969
vn -94.906522 0.000000 31.507969
vn -94.791005 0.000000 31.853813
vn -94.791005 0.000000 31.853813
vn -94.679432 0.000000 32.183926
vn -94.679432 0.000000 32.183926
vn -94.571789 0.000000 32.498873
vn -94.571789 0.000000 32.498873
vn -86.602540 0.000000 50.000000
vn -86.602540 0.000000 50.000000
vn -86.602540 0.000000 50.000000
vn -86.602540 0.000000 50.000000
vn 0.000000 100.000000 0.000000
vn 0.000000 100.000000 0.000000
vn 0.000000 100.000000 0.000000
vn 0.000000 100.000000 0.000000
vn 0.000000 100.000000 0.000000
vn 0.000000 100.000000 0.000000
vn 0.000000 100.000000 0.000000
vn 0.000000 100.000000 0.000000
vn 0.000000 100.000000 0.000000
vn 0.000000 100.000000 0.000000
vn 0.000000 100.000000 0.000000
vn 0.000000 100.000000 0.000000
vn 0.000000 100.000000 0.000000
vn 0.000000 100.000000 0.000000
vn 0.000000 100.000000 0.000000
vn 0.000000 100.000000 0.000000
vn 0.000000 100.000000 0.000000
vn 0.000000 100.000000 0.000000
vn 0.000000 100.000000 0.000000
vn 0.000000 100.000000 0.000000
vn 0.000000 100.000000 0.000000
vn 0.000000 100.000000 0.000000
vn 0.000000 100.000000 0.000000
vn 0.000000 100.000000 0.000000
vn 0.000000 100.000000 0.000000
vn 0.000000 100.000000 0.000000
vn 0.000000 100.000000 0.000000
vn 0.000000 100.000000 0.000000
vn 0.000000 100.000000 0.000000
vn 0.000000 100.000000 0.000000
vn 0.000000 100.000000 0.000000
vn 0.000000 100.000000 0.000000
vn 0.000000 100.000000 0.000000
vn 0.000000 100.000000 0.000000
vn 0.000000 100.000000 0.000000
vn 0.000000 100.000000 0.000000
vn 0.000000 100.000000 0.000000
vn 0.000000 100.000000 0.000000
vn 0.000000 100.000000 0.000000
vn 0.000000 100.000000 0.000000
vn 0.000000 100.000000 0.000000
vn 0.000000 100.000000 0.000000
vn 0.000000 100.000000 0.000000
vn 0.000000 100.000000 0.000000
vn 0.000000 100.000000 0.000000
vn 0.000000 100.000000 0.000000
vn 0.000000 100.000000 0.000000
vn 0.000000 100.000000 0.000000
vn 0.000000 100.000000 0.000000
vn 0.000000 100.000000 0.000000
vn 0.000000 100.000000 0.000000
vn 0.000000 100.000000 0.000000
vn 0.000000 100.000000 0.000000
vn 0.000000 100.000000 0.000000
vn 0.000000 100.000000 0.000000
vn 0.000000 100.000000 0.000000
vn 0.000000 100.000000 0.000000
vn 0.000000 100.000000 0.000000
vn 0.000000 100.000000 0.000000
vn 0.000000 100.000000 0.000000
vn 0.000000 100.000000 0.000000
vn 0.000000 100.000000 0.000000
vn 0.000000 100.000000 0.000000
vn 0.000000 100.000000 0.000000
vn 0.000000 100.000000 0.000000
vn 0.000000 100.000000 0.000000
vn 0.000000 100.000000 0.000000
vn 0.000000 100.000000 0.000000
vn 0.000000 100.000000 0.000000
vn 0.000000 100.000000 0.000000
vn 0.000000 100.000000 0.000000
vn 0.000000 100.000000 0.000000
vn 0.000000 100.000000 0.000000
vn 0.000000 100.000000 0.000000
vn -86.602540 0.000000 50.000000
vn -86.602540 0.000000 50.000000
vn -86.602540 0.000000 50.000000
vn -86.602540 0.000000 50.000000
vn -76.696352 0.000000 64.169071
vn -76.475090 0.000000 64.432605
vn -76.696352 0.000000 64.169071
vn -76.475090 0.000000 64.432605
vn -76.242464 0.000000 64.707702
vn -76.242464 0.000000 64.707702
vn -75.997976 0.000000 64.994674
vn -75.997976 0.000000 64.994674
vn -75.741103 0.000000 65.293838
vn -75.741103 0.000000 65.293838
vn -75.471294 0.000000 65.605517
vn -75.471294 0.000000 65.605517
vn -75.187969 0.000000 65.930034
vn -75.187969 0.000000 65.930034
vn -74.578300 0.000000 66.618895
vn -74.578300 0.000000 66.618895
vn -73.906823 0.000000 67.363058
vn -73.906823 0.000000 67.363058
vn -73.167698 0.000000 68.165152
vn -73.167698 0.000000 68.165152
vn -72.354467 0.000000 69.027756
vn -72.354467 0.000000 69.027756
vn -71.459990 0.000000 69.953340
vn -71.459990 0.000000 69.953340
vn -70.476391 0.000000 70.944192
vn -70.476391 0.000000 70.944192
vn -69.395000 0.000000 72.002319
vn -69.395000 0.000000 72.002319
vn -68.206307 0.000000 73.129335
vn -68.206307 0.000000 73.129335
vn -66.899918 0.000000 74.326314
vn -66.899918 0.000000 74.326314
vn -65.464540 0.000000 75.593611
vn -65.464540 0.000000 75.593611
vn -63.887988 0.000000 76.930651
vn -63.887988 0.000000 76.930651
vn -62.157227 0.000000 78.335682
vn -62.157227 0.000000 78.335682
vn -60.258481 0.000000 79.805485
vn -60.258481 0.000000 79.805485
vn -55.899333 0.000000 82.917215
vn -55.899333 0.000000 82.917215
vn -50.694517 0.000000 86.197830
vn -50.694517 0.000000 86.197830
vn -44.538747 0.000000 89.533793
vn -44.538747 0.000000 89.533793
vn -37.361511 0.000000 92.758382
vn -37.361511 0.000000 92.758382
vn -29.159693 0.000000 95.654128
vn -29.159693 0.000000 95.654128
vn -20.031899 0.000000 97.973073
vn -20.031899 0.000000 97.973073
vn -10.199955 0.000000 99.478445
vn -10.199955 0.000000 99.478445
vn -0.000000 0.000000 100.000000
vn -0.000000 0.000000 100.000000
vn 10.165196 0.000000 99.482002
vn 10.165196 0.000000 99.482002
vn 19.900265 0.000000 97.999895
vn 19.900265 0.000000 97.999895
vn 28.888042 0.000000 95.736519
vn 28.888042 0.000000 95.736519
vn 36.929812 0.000000 92.931098
vn 36.929812 0.000000 92.931098
vn 43.947202 0.000000 89.825628
vn 43.947202 0.000000 89.825628
vn 49.957018 0.000000 86.627342
vn 49.957018 0.000000 86.627342
vn 55.036676 0.000000 83.492301
vn 55.036676 0.000000 83.492301
vn 59.293220 0.000000 80.525238
vn 59.293220 0.000000 80.525238
vn 61.148766 0.000000 79.125397
vn 61.148766 0.000000 79.125397
vn 62.841303 0.000000 77.787985
vn 62.841303 0.000000 77.787985
vn 64.384220 0.000000 76.515830
vn 64.384220 0.000000 76.515830
vn 65.790136 0.000000 75.310411
vn 65.790136 0.000000 75.310411
vn 67.070825 0.000000 74.172127
vn 67.070825 0.000000 74.172127
vn 68.237178 0.000000 73.100530
vn 68.237178 0.000000 73.100530
vn 69.299208 0.000000 72.094520
vn 69.299208 0.000000 72.094520
vn 70.266074 0.000000 71.152504
vn 70.266074 0.000000 71.152504
vn 71.146124 0.000000 70.272534
vn 71.146124 0.000000 70.272534
vn 71.946942 0.000000 69.452412
vn 71.946942 0.000000 69.452412
vn 72.675408 0.000000 68.689774
vn 72.675408 0.000000 68.689774
vn 73.337749 0.000000 67.982163
vn 73.337749 0.000000 67.982163
vn 73.939600 0.000000 67.327079
vn 73.939600 0.000000 67.327079
vn 74.219452 0.000000 67.018452
vn 74.219452 0.000000 67.018452
vn 74.486053 0.000000 66.722020
vn 74.486053 0.000000 66.722020
vn 74.739962 0.000000 66.437475
vn 74.739962 0.000000 66.437475
vn 74.981714 0.000000 66.164512
vn 74.981714 0.000000 66.164512
vn 75.211813 0.000000 65.902831
vn 75.211813 0.000000 65.902831
vn 75.430744 0.000000 65.652135
vn 75.430744 0.000000 65.652135
vn 86.602540 0.000000 50.000000
vn 86.602540 0.000000 50.000000
vn 86.602540 0.000000 50.000000
vn 86.602540 0.000000 50.000000
vn 0.000000 100.000000 0.000000
vn 0.000000 100.000000 0.000000
vn 0.000000 100.000000 0.000000
vn 0.000000 100.000000 0.000000
vn 0.000000 100.000000 0.000000
vn 0.000000 100.000000 0.000000
vn 0.000000 100.000000 0.000000
vn 0.000000 100.000000 0.000000
vn 0.000000 100.000000 0.000000
vn 0.000000 100.000000 0.000000
vn 0.000000 100.000000 0.000000
vn 0.000000 100.000000 0.000000
vn 0.000000 100.000000 0.000000
vn 0.000000 100.000000 0.000000
vn 0.000000 100.000000 0.000000
vn 0.000000 100.000000 0.000000
vn 0.000000 100.000000 0.000000
vn 0.000000 100.000000 0.000000
vn 0.000000 100.000000 0.000000
vn 0.000000 100.000000 0.000000
vn 0.000000 100.000000 0.000000
vn 0.000000 100.000000 0.000000
vn 0.000000 100.000000 0.000000
vn 0.000000 100.000000 0.000000
vn 0.000000 100.000000 0.000000
vn 0.000000 100.000000 0.000000
vn 0.000000 100.000000 0.000000
vn 0.000000 100.000000 0.000000
vn 0.000000 100.000000 0.000000
vn 0.000000 100.000000 0.000000
vn 0.000000 100.000000 0.000000
vn 0.000000 100.000000 0.000000
vn 0.000000 100.000000 0.000000
vn 0.000000 100.000000 0.000000
vn 0.000000 100.000000 0.000000
vn 0.000000 100.000000 0.000000
vn 0.000000 100.000000 0.000000
vn 0.000000 100.000000 0.000000
vn 0.000000 100.000000 0.000000
vn 0.000000 100.000000 0.000000
vn 0.000000 100.000000 0.000000
vn 0.000000 100.000000 0.000000
vn 0.000000 100.000000 0.000000
vn 0.000000 100.000000 0.000000
vn 0.000000 100.000000 0.000000
vn 0.000000 100.000000 0.000000
vn 0.000000 100.000000 0.000000
vn 0.000000 100.000000 0.000000
vn 0.000000 100.000000 0.000000
vn 0.000000 100.000000 0.000000
vn 0.000000 100.000000 0.000000
vn 0.000000 100.000000 0.000000
vn 0.000000 100.000000 0.000000
vn 0.000000 100.000000 0.000000
vn 0.000000 100.000000 0.000000
vn 0.000000 100.000000 0.000000
vn 0.000000 100.000000 0.000000
vn 0.000000 100.000000 0.000000
vn 0.000000 100.000000 0.000000
vn 0.000000 100.000000 0.000000
vn 0.000000 100.000000 0.000000
vn 0.000000 100.000000 0.000000
vn 0.000000 100.000000 0.000000
vn 0.000000 100.000000 0.000000
vn 0.000000 100.000000 0.000000
vn 0.000000 100.000000 0.000000
vn 0.000000 100.000000 0.000000
vn 0.000000 100.000000 0.000000
vn 0.000000 100.000000 0.000000
vn 0.000000 100.000000 0.000000
vn 0.000000 100.000000 0.000000
vn 0.000000 100.000000 0.000000
vn 0.000000 100.000000 0.000000
vn 0.000000 100.000000 0.000000
vn 0.000000 100.000000 0.000000
vn 0.000000 100.000000 0.000000
vn 0.000000 100.000000 0.000000
vn 0.000000 100.000000 0.000000
vn 0.000000 100.000000 0.000000
vn 0.000000 100.000000 0.000000
vn 0.000000 100.000000 0.000000
vn 0.000000 100.000000 0.000000
vn 0.000000 100.000000 0.000000
vn 0.000000 100.000000 0.000000
vn 0.000000 100.000000 0.000000
vn 0.000000 100.000000 0.000000
vn 0.000000 100.000000 0.000000
vn 0.000000 100.000000 0.000000
vn 0.000000 100.000000 0.000000
vn 0.000000 100.000000 0.000000
vn 0.000000 100.000000 0.000000
vn 0.000000 100.000000 0.000000
vn 0.000000 100.000000 0.000000
vn 0.000000 100.000000 0.000000
vn 0.000000 100.000000 0.000000
vn 0.000000 100.000000 0.000000
vn 0.000000 100.000000 0.000000
vn 0.000000 100.000000 0.000000
vn 0.000000 100.000000 0.000000
vn 0.000000 100.000000 0.000000
vn 0.000000 100.000000 0.000000
vn 0.000000 100.000000 0.000000
vn 0.000000 100.000000 0.000000
vn 0.000000 100.000000 0.000000
vn 0.000000 100.000000 0.000000
vn 0.000000 100.000000 0.000000
vn 0.000000 100.000000 0.000000
vn 0.000000 100.000000 0.000000
vn 0.000000 100.000000 0.000000
vn 0.000000 100.000000 0.000000
vn 0.000000 100.000000 0.000000
vn 0.000000 100.000000 0.000000
vn 0.000000 100.000000 0.000000
vn 0.000000 100.000000 0.000000
vn 0.000000 100.000000 0.000000
vn 0.000000 100.000000 0.000000
vn 0.000000 100.000000 0.000000
vn 0.000000 100.000000 0.000000
vn 0.000000 100.000000 0.000000
vn 0.000000 100.000000 0.000000
vn 0.000000 100.000000 0.000000
vn 0.000000 100.000000 0.000000
vn 0.000000 100.000000 0.000000
vn 0.000000 100.000000 0.000000
vn 0.000000 100.000000 0.000000
vn 0.000000 100.000000 0.000000
vn 0.000000 100.000000 0.000000
vn 0.000000 100.000000 0.000000
vn 0.000000 100.000000 0.000000
vn 0.000000 100.000000 0.000000
vn 0.000000 100.000000 0.000000
vn 0.000000 100.000000 0.000000
vn 0.000000 100.000000 0.000000
vn 0.000000 100.000000 0.000000
vn 0.000000 100.000000 0.000000
vn 0.000000 100.000000 0.000000
vn 0.000000 100.000000 0.000000
vn 0.000000 100.000000 0.000000
vn 0.000000 100.000000 0.000000
vn 0.000000 100.000000 0.000000
vn 0.000000 100.000000 0.000000
vn 0.000000 100.000000 0.000000
vn 0.000000 100.000000 0.000000
vn 0.000000 100.000000 0.000000
vn 0.000000 100.000000 0.000000
vn 0.000000 100.000000 0.000000
vn 0.000000 100.000000 0.000000
vn 0.000000 100.000000 0.000000
vn 0.000000 100.000000 0.000000
vn 0.000000 100.000000 0.000000
vn 0.000000 100.000000 0.000000
vn 0.000000 100.000000 0.000000
vn 0.000000 100.000000 0.000000
vn 0.000000 100.000000 0.000000
vn 0.000000 100.000000 0.000000
vn 0.000000 100.000000 0.000000
vn 0.000000 100.000000 0.000000
vn 0.000000 100.000000 0.000000
vn 0.000000 100.000000 0.000000
vn 0.000000 100.000000 0.000000
vn 0.000000 100.000000 0.000000
vn 0.000000 100.000000 0.000000
vn 0.000000 100.000000 0.000000
vn 0.000000 100.000000 0.000000
vn 0.000000 100.000000 0.000000
vn 0.000000 100.000000 0.000000
vn 0.000000 100.000000 0.000000
vn 0.000000 100.000000 0.000000
vn 0.000000 100.000000 0.000000
vn 0.000000 100.000000 0.000000
vn 0.000000 100.000000 0.000000
vn 0.000000 100.000000 0.000000
vn 0.000000 100.000000 0.000000
vn 0.000000 100.000000 0.000000
vn 0.000000 100.000000 0.000000
vn 0.000000 100.000000 0.000000
vn 0.000000 100.000000 0.000000
vn 0.000000 100.000000 0.000000
vn 0.000000 100.000000 0.000000
vn 0.000000 100.000000 0.000000
vn 0.000000 100.000000 0.000000
vn 0.000000 100.000000 0.000000
vn 0.000000 100.000000 0.000000
vn 0.000000 100.000000 0.000000
vn 0.000000 100.000000 0.000000
vn 0.000000 100.000000 0.000000
vn 0.000000 100.000000 0.000000
vn 0.000000 100.000000 0.000000
vn 0.000000 100.000000 0.000000
vn 0.000000 100.000000 0.000000
vn 0.000000 100.000000 0.000000
vn 0.000000 100.000000 0.000000
vn 0.000000 100.000000 0.000000
vn 0.000000 100.000000 0.000000
vn 0.000000 100.000000 0.000000
vn 0.000000 100.000000 0.000000
vn 0.000000 100.000000 0.000000
vn 0.000000 100.000000 0.000000
vn 0.000000 100.000000 0.000000
vn 0.000000 100.000000 0.000000
vn 0.000000 100.000000 0.000000
vn 0.000000 100.000000 0.000000
vn 0.000000 100.000000 0.000000
vn 0.000000 100.000000 0.000000
vn 0.000000 100.000000 0.000000
vn 0.000000 100.000000 0.000000
vn 0.000000 100.000000 0.000000
vn 0.000000 100.000000 0.000000
vn 0.000000 100.000000 0.000000
vn 0.000000 100.000000 0.000000
vn 0.000000 100.000000 0.000000
vn 0.000000 100.000000 0.000000
vn 0.000000 100.000000 0.000000
vn 0.000000 100.000000 0.000000
vn 0.000000 100.000000 0.000000
vn 0.000000 100.000000 0.000000
vn 0.000000 100.000000 0.000000
vn 0.000000 100.000000 0.000000
vn 0.000000 100.000000 0.000000
vn 0.000000 100.000000 0.000000
vn 0.000000 100.000000 0.000000
vn 0.000000 100.000000 0.000000
vn 0.000000 100.000000 0.000000
vn 0.000000 100.000000 0.000000
vn 0.000000 100.000000 0.000000
vn 0.000000 100.000000 0.000000
vn 0.000000 100.000000 0.000000
vn 0.000000 100.000000 0.000000
vn 0.000000 100.000000 0.000000
vn 0.000000 100.000000 0.000000
vn 0.000000 100.000000 0.000000
vn 0.000000 100.000000 0.000000
vn 0.000000 100.000000 0.000000
vn 0.000000 100.000000 0.000000
vn 0.000000 100.000000 0.000000
vn 0.000000 100.000000 0.000000
vn 0.000000 100.000000 0.000000
vn 0.000000 100.000000 0.000000
vn 0.000000 100.000000 0.000000
vn 0.000000 100.000000 0.000000
vn 0.000000 100.000000 0.000000
vn 0.000000 100.000000 0.000000
vn 0.000000 100.000000 0.000000
vn 0.000000 100.000000 0.000000
vn 0.000000 100.000000 0.000000
vn 0.000000 100.000000 0.000000
vn 0.000000 100.000000 0.000000
vn 0.000000 100.000000 0.000000
vn 0.000000 100.000000 0.000000
vn 0.000000 100.000000 0.000000
vn 0.000000 100.000000 0.000000
vn 0.000000 100.000000 0.000000
vn 0.000000 100.000000 0.000000
vn 0.000000 100.000000 0.000000
vn 0.000000 100.000000 0.000000
vn 0.000000 100.000000 0.000000
vn 0.000000 100.000000 0.000000
vn 0.000000 100.000000 0.000000
vn 0.000000 100.000000 0.000000
vn 0.000000 100.000000 0.000000
vn 0.000000 100.000000 0.000000
vn 0.000000 100.000000 0.000000
vn 0.000000 100.000000 0.000000
vn 0.000000 100.000000 0.000000
vn 0.000000 100.000000 0.000000
vn 0.000000 100.000000 0.000000
vn 0.000000 100.000000 0.000000
vn 0.000000 100.000000 0.000000
vn 0.000000 100.000000 0.000000
vn 0.000000 100.000000 0.000000
vn 0.000000 100.000000 0.000000
vn 0.000000 100.000000 0.000000
vn 0.000000 100.000000 0.000000
vn 0.000000 100.000000 0.000000
vn 0.000000 100.000000 0.000000
vn 0.000000 100.000000 0.000000
vn 0.000000 100.000000 0.000000
vn 0.000000 100.000000 0.000000
vn 0.000000 100.000000 0.000000
vn 0.000000 100.000000 0.000000
vn 0.000000 100.000000 0.000000
vn 0.000000 100.000000 0.000000
vn 0.000000 100.000000 0.000000
vn 0.000000 100.000000 0.000000
vn 0.000000 100.000000 0.000000
vn 0.000000 100.000000 0.000000
vn 0.000000 100.000000 0.000000
vn 0.000000 100.000000 0.000000
vn 0.000000 100.000000 0.000000
vn 0.000000 100.000000 0.000000
vn 0.000000 100.000000 0.000000
vn 0.000000 100.000000 0.000000
vn 0.000000 100.000000 0.000000
vn 0.000000 100.000000 0.000000
vn 0.000000 100.000000 0.000000
vn 0.000000 100.000000 0.000000
vn 0.000000 100.000000 0.000000
vn 0.000000 100.000000 0.000000
vn 0.000000 100.000000 0.000000
vn 0.000000 100.000000 0.000000
vn 0.000000 100.000000 0.000000
vn 0.000000 100.000000 0.000000
vn 0.000000 100.000000 0.000000
vn 0.000000 100.000000 0.000000
vn 0.000000 100.000000 0.000000
vn 0.000000 100.000000 0.000000
vn 0.000000 100.000000 0.000000
vn 0.000000 100.000000 0.000000
vn 0.000000 100.000000 0.000000
vn 0.000000 100.000000 0.000000
vn 0.000000 100.000000 0.000000
vn 0.000000 100.000000 0.000000
vn 0.000000 100.000000 0.000000
vn 0.000000 100.000000 0.000000
vn 0.000000 100.000000 0.000000
vn 0.000000 100.000000 0.000000
vn 0.000000 100.000000 0.000000
vn 0.000000 100.000000 0.000000
vn 0.000000 100.000000 0.000000
vn 0.000000 100.000000 0.000000
vn 0.000000 100.000000 0.000000
vn 0.000000 100.000000 0.000000
vn 0.000000 100.000000 0.000000
vn 0.000000 100.000000 0.000000
vn 0.000000 100.000000 0.000000
vn 0.000000 100.000000 0.000000
vn 0.000000 100.000000 0.000000
vn 0.000000 100.000000 0.000000
vn 0.000000 100.000000 0.000000
vn 0.000000 100.000000 0.000000
vn 0.000000 100.000000 0.000000
vn 0.000000 100.000000 0.000000
vn 0.000000 100.000000 0.000000
vn 0.000000 100.000000 0.000000
vn 0.000000 100.000000 0.000000
vn 0.000000 100.000000 0.000000
vn 0.000000 100.000000 0.000000
vn 0.000000 100.000000 0.000000
vn 0.000000 100.000000 0.000000
vn 0.000000 100.000000 0.000000
vn 0.000000 100.000000 0.000000
vn 0.000000 100.000000 0.000000
vn 0.000000 100.000000 0.000000
vn 0.000000 100.000000 0.000000
vn 0.000000 100.000000 0.000000
vn 0.000000 100.000000 0.000000
vn 0.000000 100.000000 0.000000
vn 0.000000 100.000000 0.000000
vn 0.000000 100.000000 0.000000
vn 0.000000 100.000000 0.000000
vn 0.000000 100.000000 0.000000
vn 0.000000 100.000000 0.000000
vn 0.000000 100.000000 0.000000
vn 0.000000 100.000000 0.000000
vn 0.000000 100.000000 0.000000
vn 0.000000 100.000000 0.000000
vn 0.000000 100.000000 0.000000
vn 0.000000 100.000000 0.000000
vn 0.000000 100.000000 0.000000
vn 0.000000 100.000000 0.000000
vn 0.000000 100.000000 0.000000
vn 0.000000 100.000000 0.000000
vn 0.000000 100.000000 0.000000
vn 0.000000 100.000000 0.000000
vn 0.000000 100.000000 0.000000
vn 0.000000 100.000000 0.000000
vn 0.000000 100.000000 0.000000
vn 0.000000 100.000000 0.000000
vn 0.000000 100.000000 0.000000
vn 0.000000 100.000000 0.000000
vn 0.000000 100.000000 0.000000
vn 0.000000 100.000000 0.000000
vn 0.000000 100.000000 0.000000
vn 0.000000 100.000000 0.000000
vn 0.000000 100.000000 0.000000
vn 0.000000 100.000000 0.000000
vn 0.000000 100.000000 0.000000
vn 0.000000 100.000000 0.000000
vn 0.000000 100.000000 0.000000
vn 0.000000 100.000000 0.000000
vn 0.000000 100.000000 0.000000
vn 0.000000 100.000000 0.000000
vn 0.000000 100.000000 0.000000
vn 0.000000 100.000000 0.000000
vn 0.000000 100.000000 0.000000
vn 0.000000 100.000000 0.000000
vn 0.000000 100.000000 0.000000
vn 0.000000 100.000000 0.000000
vn 0.000000 100.000000 0.000000
vn 0.000000 100.000000 0.000000
vn 0.000000 100.000000 0.000000
vn 0.000000 100.000000 0.000000
vn 0.000000 100.000000 0.000000
vn 0.000000 100.000000 0.000000
vn 0.000000 100.000000 0.000000
vn 0.000000 100.000000 0.000000
vn 0.000000 100.000000 0.000000
vn 0.000000 100.000000 0.000000
vn 0.000000 100.000000 0.000000
vn 0.000000 100.000000 0.000000
vn 0.000000 100.000000 0.000000
vn 0.000000 100.000000 0.000000
vn 0.000000 100.000000 0.000000
vn 0.000000 100.000000 0.000000
vn 0.000000 100.000000 0.000000
vn 0.000000 100.000000 0.000000
vn 0.000000 100.000000 0.000000
vn 0.000000 100.000000 0.000000
vn 0.000000 100.000000 0.000000
vn 0.000000 100.000000 0.000000
vn 0.000000 100.000000 0.000000
vn 0.000000 100.000000 0.000000
vn 0.000000 100.000000 0.000000
vn 0.000000 100.000000 0.000000
vn 0.000000 100.000000 0.000000
vn 0.000000 100.000000 0.000000
vn 0.000000 100.000000 0.000000
vn 0.000000 100.000000 0.000000
vn 0.000000 100.000000 0.000000
vn 0.000000 100.000000 0.000000
vn 0.000000 100.000000 0.000000
vn 0.000000 100.000000 0.000000
vn 0.000000 100.000000 0.000000
vn 0.000000 100.000000 0.000000
vn 0.000000 100.000000 0.000000
vn 0.000000 100.000000 0.000000
vn 0.000000 100.000000 0.000000
vn 0.000000 100.000000 0.000000
vn 0.000000 100.000000 0.000000
vn 0.000000 100.000000 0.000000
vn 0.000000 100.000000 0.000000
vn 0.000000 100.000000 0.000000
vn 0.000000 100.000000 0.000000
vn 0.000000 100.000000 0.000000
vn 0.000000 100.000000 0.000000
vn 0.000000 100.000000 0.000000
vn 0.000000 100.000000 0.000000
vn 0.000000 100.000000 0.000000
vn 0.000000 100.000000 0.000000
vn 0.000000 100.000000 0.000000
vn 0.000000 100.000000 0.000000
vn 0.000000 100.000000 0.000000
vn 0.000000 100.000000 0.000000
vn 0.000000 100.000000 0.000000
vn 0.000000 100.000000 0.000000
vn 0.000000 100.000000 0.000000
vn 0.000000 100.000000 0.000000
vn 0.000000 100.000000 0.000000
vn 0.000000 100.000000 0.000000
vn 0.000000 100.000000 0.000000
vn 0.000000 100.000000 0.000000
vn 0.000000 100.000000 0.000000
vn 0.000000 100.000000 0.000000
vn 0.000000 100.000000 0.000000
vn 0.000000 100.000000 0.000000
vn 0.000000 100.000000 0.000000
vn 0.000000 100.000000 0.000000
vn 0.000000 100.000000 0.000000
vn 0.000000 100.000000 0.000000
vn 0.000000 100.000000 0.000000
vn 0.000000 100.000000 0.000000
vn 0.000000 100.000000 0.000000
vn 0.000000 100.000000 0.000000
vn 0.000000 100.000000 0.000000
vn 0.000000 100.000000 0.000000
vn 0.000000 100.000000 0.000000
vn 0.000000 100.000000 0.000000
vn 0.000000 100.000000 0.000000
vn 0.000000 100.000000 0.000000
vn 0.000000 100.000000 0.000000
vn 0.000000 100.000000 0.000000
vn 0.000000 100.000000 0.000000
vn 0.000000 100.000000 0.000000
vn 0.000000 100.000000 0.000000
vn 0.000000 100.000000 0.000000
vn 0.000000 100.000000 0.000000
vn 0.000000 100.000000 0.000000
vn 0.000000 100.000000 0.000000
vn 0.000000 100.000000 0.000000
vn 0.000000 100.000000 0.000000
vn 0.000000 100.000000 0.000000
vn 0.000000 100.000000 0.000000
vn 0.000000 100.000000 0.000000
vn 0.000000 100.000000 0.000000
vn 0.000000 100.000000 0.000000
vn 0.000000 100.000000 0.000000
vn 0.000000 100.000000 0.000000
vn 0.000000 100.000000 0.000000
vn 0.000000 100.000000 0.000000
vn 0.000000 100.000000 0.000000
vn 0.000000 100.000000 0.000000
vn 0.000000 100.000000 0.000000
vn 0.000000 100.000000 0.000000
vn 0.000000 100.000000 0.000000
vn 0.000000 100.000000 0.000000
vn 0.000000 100.000000 0.000000
vn 0.000000 100.000000 0.000000
vn 0.000000 100.000000 0.000000
vn 0.000000 100.000000 0.000000
vn 0.000000 100.000000 0.000000
vn 0.000000 100.000000 0.000000
vn 0.000000 100.000000 0.000000
vn 0.000000 100.000000 0.000000
vn 0.000000 100.000000 0.000000
vn 0.000000 100.000000 0.000000
vn 0.000000 100.000000 0.000000
vn 0.000000 100.000000 0.000000
vn 0.000000 100.000000 0.000000
vn 0.000000 100.000000 0.000000
vn 0.000000 100.000000 0.000000
vn 0.000000 100.000000 0.000000
vn 0.000000 100.000000 0.000000
vn 0.000000 100.000000 0.000000
vn 0.000000 100.000000 0.000000
vn 0.000000 100.000000 0.000000
vn 0.000000 100.000000 0.000000
vn 0.000000 100.000000 0.000000
vn 0.000000 100.000000 0.000000
vn 0.000000 100.000000 0.000000
vn 0.000000 100.000000 0.000000
vn 0.000000 100.000000 0.000000
vn 0.000000 100.000000 0.000000
vn 0.000000 100.000000 0.000000
vn 0.000000 100.000000 0.000000
vn 0.000000 100.000000 0.000000
vn 0.000000 100.000000 0.000000
vn 0.000000 100.000000 0.000000
vn 0.000000 100.000000 0.000000
vn 0.000000 100.000000 0.000000
vn 0.000000 100.000000 0.000000
vn 0.000000 100.000000 0.000000
vn 0.000000 100.000000 0.000000
vn 0.000000 100.000000 0.000000
vn 0.000000 100.000000 0.000000
vn 0.000000 100.000000 0.000000
vn 0.000000 100.000000 0.000000
vn 0.000000 100.000000 0.000000
vn 0.000000 100.000000 0.000000
vn 0.000000 100.000000 0.000000
vn 0.000000 100.000000 0.000000
vn 0.000000 100.000000 0.000000
vn 0.000000 100.000000 0.000000
vn 0.000000 100.000000 0.000000
vn 0.000000 100.000000 0.000000
vn 0.000000 100.000000 0.000000
vn 0.000000 100.000000 0.000000
vn 0.000000 100.000000 0.000000
vn 0.000000 100.000000 0.000000
vn 0.000000 100.000000 0.000000
vn 0.000000 100.000000 0.000000
vn 0.000000 100.000000 0.000000
vn 0.000000 100.000000 0.000000
vn 0.000000 100.000000 0.000000
vn 0.000000 100.000000 0.000000
vn 0.000000 100.000000 0.000000
vn 0.000000 100.000000 0.000000
vn 0.000000 100.000000 0.000000
vn 0.000000 100.000000 0.000000
vn 0.000000 100.000000 0.000000
vn 0.000000 100.000000 0.000000
vn 99.756405 -0.000000 6.975647
vn 99.756405 -0.000000 6.975647
vn 100.000000 -0.000000 0.000000
vn 100.000000 -0.000000 0.000000
vn 99.756405 0.000000 -6.975647
vn 99.756405 0.000000 -6.975647
vn 99.026807 0.000000 -13.917310
vn 99.026807 0.000000 -13.917310
vn 97.814760 0.000000 -20.791169
vn 97.814760 0.000000 -20.791169
vn 96.126170 0.000000 -27.563736
vn 96.126170 0.000000 -27.563736
vn 93.969262 0.000000 -34.202014
vn 93.969262 0.000000 -34.202014
vn 91.354546 0.000000 -40.673664
vn 91.354546 0.000000 -40.673664
vn 88.294759 0.000000 -46.947156
vn 88.294759 0.000000 -46.947156
vn 84.804810 0.000000 -52.991926
vn 84.804810 0.000000 -52.991926
vn 80.901699 0.000000 -58.778525
vn 80.901699 0.000000 -58.778525
vn 76.604444 0.000000 -64.278761
vn 76.604444 0.000000 -64.278761
vn 71.933980 0.000000 -69.465837
vn 71.933980 0.000000 -69.465837
vn 66.913061 0.000000 -74.314483
vn 66.913061 0.000000 -74.314483
vn 61.566148 0.000000 -78.801075
vn 61.566148 0.000000 -78.801075
vn 55.919290 0.000000 -82.903757
vn 55.919290 0.000000 -82.903757
vn 50.000000 0.000000 -86.602540
vn 50.000000 0.000000 -86.602540
vn 43.837115 0.000000 -89.879405
vn 43.837115 0.000000 -89.879405
vn 37.460659 0.000000 -92.718385
vn 37.460659 0.000000 -92.718385
vn 30.901699 0.000000 -95.105652
vn 30.901699 0.000000 -95.105652
vn 24.192190 0.000000 -97.029573
vn 24.192190 0.000000 -97.029573
vn 17.364818 0.000000 -98.480775
vn 17.364818 0.000000 -98.480775
vn 10.452846 0.000000 -99.452190
vn 10.452846 0.000000 -99.452190
vn 3.489950 0.000000 -99.939083
vn 3.489950 0.000000 -99.939083
vn -3.489950 0.000000 -99.939083
vn -3.489950 0.000000 -99.939083
vn -10.452846 0.000000 -99.452190
vn -10.452846 0.000000 -99.452190
vn -17.364818 0.000000 -98.480775
vn -17.364818 0.000000 -98.480775
vn -24.192190 0.000000 -97.029573
vn -24.192190 0.000000 -97.029573
vn -30.901699 0.000000 -95.105652
vn -30.901699 0.000000 -95.105652
vn -37.460659 0.000000 -92.718385
vn -37.460659 0.000000 -92.718385
vn -43.837115 0.000000 -89.879405
vn -43.837115 0.000000 -89.879405
vn -50.000000 0.000000 -86.602540
vn -50.000000 0.000000 -86.602540
vn -55.919290 0.000000 -82.903757
vn -55.919290 0.000000 -82.903757
vn -61.566148 0.000000 -78.801075
vn -61.566148 0.000000 -78.801075
vn -66.913061 0.000000 -74.314483
vn -66.913061 0.000000 -74.314483
vn -71.933980 0.000000 -69.465837
vn -71.933980 0.000000 -69.465837
vn -76.604444 0.000000 -64.278761
vn -76.604444 0.000000 -64.278761
vn -80.901699 0.000000 -58.778525
vn -80.901699 0.000000 -58.778525
vn -84.804810 0.000000 -52.991926
vn -84.804810 0.000000 -52.991926
vn -88.294759 0.000000 -46.947156
vn -88.294759 0.000000 -46.947156
vn -91.354546 0.000000 -40.673664
vn -91.354546 0.000000 -40.673664
vn -93.969262 0.000000 -34.202014
vn -93.969262 0.000000 -34.202014
vn -96.126170 0.000000 -27.563736
vn -96.126170 0.000000 -27.563736
vn -97.814760 0.000000 -20.791169
vn -97.814760 0.000000 -20.791169
vn -99.026807 0.000000 -13.917310
vn -99.026807 0.000000 -13.917310
vn -99.756405 0.000000 -6.975647
vn -99.756405 0.000000 -6.975647
vn -100.000000 0.000000 0.000000
vn -100.000000 0.000000 0.000000
vn -99.756405 0.000000 6.975647
vn -99.756405 0.000000 6.975647
vn -99.026807 0.000000 13.917310
vn -99.026807 0.000000 13.917310
vn -97.814760 0.000000 20.791169
vn -97.814760 0.000000 20.791169
vn -96.126170 0.000000 27.563736
vn -96.126170 0.000000 27.563736
vn -93.969262 0.000000 34.202014
vn -93.969262 0.000000 34.202014
vn -91.354546 0.000000 40.673664
vn -91.354546 0.000000 40.673664
vn -88.294759 0.000000 46.947156
vn -88.294759 0.000000 46.947156
vn -84.804810 0.000000 52.991926
vn -84.804810 0.000000 52.991926
vn -80.901699 0.000000 58.778525
vn -80.901699 0.000000 58.778525
vn -76.604444 0.000000 64.278761
vn -76.604444 0.000000 64.278761
vn -71.933980 0.000000 69.465837
vn -71.933980 0.000000 69.465837
vn -66.913061 0.000000 74.314483
vn -66.913061 0.000000 74.314483
vn -61.566148 0.000000 78.801075
vn -61.566148 0.000000 78.801075
vn -55.919290 0.000000 82.903757
vn -55.919290 0.000000 82.903757
vn -50.000000 0.000000 86.602540
vn -50.000000 0.000000 86.602540
vn -43.837115 0.000000 89.879405
vn -43.837115 0.000000 89.879405
vn -37.460659 0.000000 92.718385
vn -37.460659 0.000000 92.718385
vn -30.901699 0.000000 95.105652
vn -30.901699 0.000000 95.105652
vn -24.192190 0.000000 97.029573
vn -24.192190 0.000000 97.029573
vn -17.364818 0.000000 98.480775
vn -17.364818 0.000000 98.480775
vn -10.452846 0.000000 99.452190
vn -10.452846 0.000000 99.452190
vn -3.489950 0.000000 99.939083
vn -3.489950 0.000000 99.939083
vn 3.489950 -0.000000 99.939083
vn 3.489950 -0.000000 99.939083
vn 10.452846 -0.000000 99.452190
vn 10.452846 -0.000000 99.452190
vn 17.364818 -0.000000 98.480775
vn 17.364818 -0.000000 98.480775
vn 24.192190 -0.000000 97.029573
vn 24.192190 -0.000000 97.029573
vn 30.901699 -0.000000 95.105652
vn 30.901699 -0.000000 95.105652
vn 37.460659 -0.000000 92.718385
vn 37.460659 -0.000000 92.718385
vn 43.837115 -0.000000 89.879405
vn 43.837115 -0.000000 89.879405
vn 50.000000 -0.000000 86.602540
vn 50.000000 -0.000000 86.602540
vn 55.919290 -0.000000 82.903757
vn 55.919290 -0.000000 82.903757
vn 61.566148 -0.000000 78.801075
vn 61.566148 -0.000000 78.801075
vn 66.913061 -0.000000 74.314483
vn 66.913061 -0.000000 74.314483
vn 71.933980 -0.000000 69.465837
vn 71.933980 -0.000000 69.465837
vn 76.604444 -0.000000 64.278761
vn 76.604444 -0.000000 64.278761
vn 80.901699 -0.000000 58.778525
vn 80.901699 -0.000000 58.778525
vn 84.804810 -0.000000 52.991926
vn 84.804810 -0.000000 52.991926
vn 88.294759 -0.000000 46.947156
vn 88.294759 -0.000000 46.947156
vn 91.354546 -0.000000 40.673664
vn 91.354546 -0.000000 40.673664
vn 93.969262 -0.000000 34.202014
vn 93.969262 -0.000000 34.202014
vn 96.126170 -0.000000 27.563736
vn 96.126170 -0.000000 27.563736
vn 97.814760 -0.000000 20.791169
vn 97.814760 -0.000000 20.791169
vn 99.026807 -0.000000 13.917310
vn 99.026807 -0.000000 13.917310
vn 0.000000 100.000000 0.000000
vn 0.000000 100.000000 0.000000
vn 0.000000 100.000000 0.000000
vn 0.000000 100.000000 0.000000
vn 0.000000 100.000000 0.000000
vn 0.000000 100.000000 0.000000
vn 0.000000 100.000000 0.000000
vn 0.000000 100.000000 0.000000
vn 0.000000 100.000000 0.000000
vn 0.000000 100.000000 0.000000
vn 0.000000 100.000000 0.000000
vn 0.000000 100.000000 0.000000
vn 0.000000 100.000000 0.000000
vn 0.000000 100.000000 0.000000
vn 0.000000 100.000000 0.000000
vn 0.000000 100.000000 0.000000
vn 0.000000 100.000000 0.000000
vn 0.000000 100.000000 0.000000
vn 0.000000 100.000000 0.000000
vn 0.000000 100.000000 0.000000
vn 0.000000 100.000000 0.000000
vn 0.000000 100.000000 0.000000
vn 0.000000 100.000000 0.000000
vn 0.000000 100.000000 0.000000
vn 0.000000 100.000000 0.000000
vn 0.000000 100.000000 0.000000
vn 0.000000 100.000000 0.000000
vn 0.000000 100.000000 0.000000
vn 0.000000 100.000000 0.000000
vn 0.000000 100.000000 0.000000
vn 0.000000 100.000000 0.000000
vn 0.000000 100.000000 0.000000
vn 0.000000 100.000000 0.000000
vn 0.000000 100.000000 0.000000
vn 0.000000 100.000000 0.000000
vn 0.000000 100.000000 0.000000
vn 0.000000 100.000000 0.000000
vn 0.000000 100.000000 0.000000
vn 0.000000 100.000000 0.000000
vn 0.000000 100.000000 0.000000
vn 0.000000 100.000000 0.000000
vn 0.000000 100.000000 0.000000
vn 0.000000 100.000000 0.000000
vn 0.000000 100.000000 0.000000
vn 0.000000 100.000000 0.000000
vn 0.000000 100.000000 0.000000
vn 0.000000 100.000000 0.000000
vn 0.000000 100.000000 0.000000
vn 0.000000 100.000000 0.000000
vn 0.000000 100.000000 0.000000
vn 0.000000 100.000000 0.000000
vn 0.000000 100.000000 0.000000
vn 0.000000 100.000000 0.000000
vn 0.000000 100.000000 0.000000
vn 0.000000 100.000000 0.000000
vn 0.000000 100.000000 0.000000
vn 0.000000 100.000000 0.000000
vn 0.000000 100.000000 0.000000
vn 0.000000 100.000000 0.000000
vn 0.000000 100.000000 0.000000
vn 0.000000 100.000000 0.000000
vn 0.000000 100.000000 0.000000
vn 0.000000 100.000000 0.000000
vn 0.000000 100.000000 0.000000
vn 0.000000 100.000000 0.000000
vn 0.000000 100.000000 0.000000
vn 0.000000 100.000000 0.000000
vn 0.000000 100.000000 0.000000
vn 0.000000 100.000000 0.000000
vn 0.000000 100.000000 0.000000
vn 0.000000 100.000000 0.000000
vn 0.000000 100.000000 0.000000
vn 0.000000 100.000000 0.000000
vn 0.000000 100.000000 0.000000
vn 0.000000 100.000000 0.000000
vn 0.000000 100.000000 0.000000
vn 0.000000 100.000000 0.000000
vn 0.000000 100.000000 0.000000
vn 0.000000 100.000000 0.000000
vn 0.000000 100.000000 0.000000
vn 0.000000 100.000000 0.000000
vn 0.000000 100.000000 0.000000
vn 0.000000 100.000000 0.000000
vn 0.000000 100.000000 0.000000
vn 0.000000 100.000000 0.000000
vn 0.000000 100.000000 0.000000
vn 0.000000 100.000000 0.000000
vn 0.000000 100.000000 0.000000
vn 0.000000 100.000000 0.000000
vn 0.000000 100.000000 0.000000
vn 0.000000 100.000000 0.000000
vn 0.000000 100.000000 0.000000
vn 0.000000 100.000000 0.000000
vn 0.000000 100.000000 0.000000
vn 0.000000 100.000000 0.000000
vn 0.000000 100.000000 0.000000
vn 0.000000 100.000000 0.000000
vn 0.000000 100.000000 0.000000
vn 0.000000 100.000000 0.000000
vn 0.000000 100.000000 0.000000
vn 0.000000 100.000000 0.000000
vn 0.000000 100.000000 0.000000
vn 0.000000 100.000000 0.000000
vn 0.000000 100.000000 0.000000
vn 0.000000 100.000000 0.000000
vn 0.000000 100.000000 0.000000
vn 0.000000 100.000000 0.000000
vn 0.000000 100.000000 0.000000
vn 0.000000 100.000000 0.000000
vn 0.000000 100.000000 0.000000
vn 0.000000 100.000000 0.000000
vn 0.000000 100.000000 0.000000
vn 0.000000 100.000000 0.000000
vn 0.000000 100.000000 0.000000
vn 0.000000 100.000000 0.000000
vn 0.000000 100.000000 0.000000
vn 0.000000 100.000000 0.000000
vn 0.000000 100.000000 0.000000
vn 0.000000 100.000000 0.000000
vn 0.000000 100.000000 0.000000
vn 0.000000 100.000000 0.000000
vn 0.000000 100.000000 0.000000
vn 0.000000 100.000000 0.000000
vn 0.000000 100.000000 0.000000
vn 0.000000 100.000000 0.000000
vn 0.000000 100.000000 0.000000
vn 0.000000 100.000000 0.000000
vn 0.000000 100.000000 0.000000
vn 0.000000 100.000000 0.000000
vn 0.000000 100.000000 0.000000
vn 0.000000 100.000000 0.000000
vn 0.000000 100.000000 0.000000
vn 0.000000 100.000000 0.000000
vn 0.000000 100.000000 0.000000
vn 0.000000 100.000000 0.000000
vn 0.000000 100.000000 0.000000
vn 0.000000 100.000000 0.000000
vn 0.000000 100.000000 0.000000
vn 0.000000 100.000000 0.000000
vn 0.000000 100.000000 0.000000
vn 0.000000 100.000000 0.000000
vn 0.000000 100.000000 0.000000
vn 0.000000 100.000000 0.000000
vn 0.000000 100.000000 0.000000
vn 0.000000 100.000000 0.000000
vn 0.000000 100.000000 0.000000
vn 0.000000 100.000000 0.000000
vn 0.000000 100.000000 0.000000
vn 0.000000 100.000000 0.000000
vn 0.000000 100.000000 0.000000
vn 64.912525 -0.000000 76.068155
vn 62.125232 -0.000000 78.361059
vn 64.912525 -0.000000 76.068155
vn 65.210683 -0.000000 75.812709
vn 67.745454 -0.000000 73.556465
vn 68.191705 -0.000000 73.142951
vn 70.481276 -0.000000 70.939339
vn 71.063525 -0.000000 70.356062
vn 73.116070 -0.000000 68.220527
vn 73.821542 -0.000000 67.456504
vn 75.646058 -0.000000 65.403928
vn 76.461341 -0.000000 64.448920
vn 78.067615 -0.000000 62.493579
vn 78.978694 -0.000000 61.338128
vn 80.377270 -0.000000 59.493651
vn 81.369570 -0.000000 58.129107
vn 82.571711 -0.000000 56.408444
vn 83.630139 -0.000000 54.826999
vn 84.647793 -0.000000 53.242381
vn 85.756783 -0.000000 51.437090
vn 86.602540 -0.000000 50.000000
vn 87.746095 -0.000000 47.964808
vn 88.433151 -0.000000 46.685949
vn 89.594889 -0.000000 44.415716
vn 90.137001 -0.000000 43.304977
vn 91.300205 -0.000000 40.795496
vn 91.711648 -0.000000 39.861932
vn 92.859313 -0.000000 37.109945
vn 93.154835 -0.000000 36.361749
vn 94.269714 -0.000000 33.364967
vn 94.464493 -0.000000 32.809444
vn 95.529151 -0.000000 29.566557
vn 95.638745 -0.000000 29.210110
vn 96.635607 -0.000000 25.720799
vn 96.675907 -0.000000 25.568906
vn 97.587309 -0.000000 21.833852
vn 97.574494 -0.000000 21.891052
vn 98.333217 -0.000000 18.181818
vn 98.382734 -0.000000 17.911940
vn 98.333217 -0.000000 18.181818
vn 98.932188 -0.000000 14.574712
vn 99.020608 -0.000000 13.961343
vn 99.398887 -0.000000 10.948118
vn 99.499910 -0.000000 9.988388
vn 99.732690 -0.000000 7.306888
vn 99.819871 -0.000000 5.999438
vn 99.933150 -0.000000 3.655888
vn 99.979980 -0.000000 2.000881
vn 100.000000 -0.000000 0.000000
vn 99.979980 0.000000 -2.000881
vn 99.933150 0.000000 -3.655888
vn 99.819871 0.000000 -5.999438
vn 99.732690 0.000000 -7.306888
vn 99.499910 0.000000 -9.988388
vn 99.398887 0.000000 -10.948118
vn 99.020608 0.000000 -13.961343
vn 98.932188 0.000000 -14.574712
vn 98.382734 0.000000 -17.911940
vn 98.333217 0.000000 -18.181818
vn 98.333217 0.000000 -18.181818
vn 97.587309 0.000000 -21.833852
vn 97.574494 0.000000 -21.891052
vn 96.675907 0.000000 -25.568906
vn 96.635607 0.000000 -25.720799
vn 95.638745 0.000000 -29.210110
vn 95.529151 0.000000 -29.566557
vn 94.464493 0.000000 -32.809444
vn 94.269714 0.000000 -33.364967
vn 93.154835 0.000000 -36.361749
vn 92.859313 0.000000 -37.109945
vn 91.711648 0.000000 -39.861932
vn 91.300205 0.000000 -40.795496
vn 90.137001 0.000000 -43.304977
vn 89.594889 0.000000 -44.415716
vn 88.433151 0.000000 -46.685949
vn 87.746095 0.000000 -47.964808
vn 86.602540 0.000000 -50.000000
vn 85.756783 0.000000 -51.437090
vn 84.647793 0.000000 -53.242381
vn 83.630139 0.000000 -54.826999
vn 82.571711 0.000000 -56.408444
vn 81.369570 0.000000 -58.129107
vn 80.377270 0.000000 -59.493651
vn 78.978694 0.000000 -61.338128
vn 78.067615 0.000000 -62.493579
vn 76.461341 0.000000 -64.448920
vn 75.646058 0.000000 -65.403928
vn 73.821542 0.000000 -67.456504
vn 73.116070 0.000000 -68.220527
vn 71.063525 0.000000 -70.356062
vn 70.481276 0.000000 -70.939339
vn 68.191705 0.000000 -73.142951
vn 67.745454 0.000000 -73.556465
vn 65.210683 0.000000 -75.812709
vn 64.912525 0.000000 -76.068155
vn 62.125232 0.000000 -78.361059
vn 64.912525 0.000000 -76.068155
vn 62.088164 0.000000 -78.390432
vn 59.180792 0.000000 -80.607902
vn 58.940293 0.000000 -80.783921
vn 56.194295 0.000000 -82.717599
vn 55.660966 0.000000 -83.077415
vn 53.132667 0.000000 -84.716703
vn 52.292504 0.000000 -85.237868
vn 50.000000 0.000000 -86.602540
vn 48.840299 0.000000 -87.261820
vn 46.800483 0.000000 -88.372591
vn 45.309881 0.000000 -89.146030
vn 43.538394 0.000000 -90.024487
vn 41.706904 0.000000 -90.887481
vn 40.218095 0.000000 -91.556020
vn 38.037137 0.000000 -92.483384
vn 36.844023 0.000000 -92.965144
vn 34.306456 0.000000 -93.931183
vn 33.420692 0.000000 -94.249973
vn 33.420692 0.000000 -94.249973
vn 30.520837 0.000000 -95.228559
vn 29.829040 0.000000 -95.447516
vn 26.686342 0.000000 -96.373436
vn 26.194631 0.000000 -96.508245
vn 22.809111 0.000000 -97.363979
vn 22.522675 0.000000 -97.430637
vn 18.895353 0.000000 -98.198603
vn 18.818434 0.000000 -98.213372
vn 15.087219 0.000000 -98.855328
vn 14.951336 0.000000 -98.875971
vn 11.334378 0.000000 -99.355583
vn 10.983376 0.000000 -99.394997
vn 7.565290 0.000000 -99.713421
vn 6.997827 0.000000 -99.754852
vn 3.785358 0.000000 -99.928330
vn 3.001071 0.000000 -99.954958
vn 0.000000 0.000000 -100.000000
vn -1.000491 0.000000 -99.994995
vn -3.785358 0.000000 -99.928330
vn -5.000450 0.000000 -99.874899
vn -7.565290 0.000000 -99.713421
vn -8.992401 0.000000 -99.594863
vn -11.334378 0.000000 -99.355583
vn -12.969952 0.000000 -99.155334
vn -15.087219 0.000000 -98.855328
vn -16.926733 0.000000 -98.557018
vn -18.818434 0.000000 -98.213372
vn -20.856407 0.000000 -97.800871
vn -22.522675 0.000000 -97.430637
vn -24.752682 0.000000 -96.888104
vn -26.194631 0.000000 -96.508245
vn -28.609317 0.000000 -95.820180
vn -29.829040 0.000000 -95.447516
vn -32.420137 0.000000 -94.598809
vn -33.420692 0.000000 -94.249973
vn -36.179039 0.000000 -93.225947
vn -33.420692 0.000000 -94.249973
vn -36.844023 0.000000 -92.965144
vn -39.880004 0.000000 -91.703791
vn -40.218095 0.000000 -91.556020
vn -43.531298 0.000000 -90.027918
vn -43.538394 0.000000 -90.024487
vn -46.800483 0.000000 -88.372591
vn -47.084516 0.000000 -88.221586
vn -50.000000 0.000000 -86.602540
vn -50.576527 0.000000 -86.267114
vn -53.132667 0.000000 -84.716703
vn -53.987543 0.000000 -84.174493
vn -56.194295 0.000000 -82.717599
vn -57.312103 0.000000 -81.947073
vn -59.180792 0.000000 -80.607902
vn -60.544883 0.000000 -79.588423
vn -62.088164 0.000000 -78.390432
vn -63.680706 0.000000 -77.102319
vn -64.912525 0.000000 -76.068155
vn -64.912525 0.000000 -76.068155
vn -66.714550 0.000000 -74.492743
vn -67.745454 0.000000 -73.556465
vn -69.641557 0.000000 -71.763874
vn -70.481276 0.000000 -70.939339
vn -72.457039 0.000000 -68.920081
vn -73.116070 0.000000 -68.220527
vn -75.156488 0.000000 -65.965918
vn -75.646058 0.000000 -65.403928
vn -77.735580 0.000000 -62.906118
vn -78.067615 0.000000 -62.493579
vn -80.190186 0.000000 -59.745578
vn -80.377270 0.000000 -59.493651
vn -82.516374 0.000000 -56.489362
vn -82.571711 0.000000 -56.408444
vn -84.647793 0.000000 -53.242381
vn -84.710420 0.000000 -53.142683
vn -86.602540 0.000000 -50.000000
vn -86.768810 0.000000 -49.710901
vn -88.433151 0.000000 -46.685949
vn -88.688247 0.000000 -46.199511
vn -90.137001 0.000000 -43.304977
vn -90.465658 0.000000 -42.614137
vn -91.711648 0.000000 -39.861932
vn -92.098197 0.000000 -38.960520
vn -93.154835 0.000000 -36.361749
vn -93.583248 0.000000 -35.244512
vn -94.464493 0.000000 -32.809444
vn -94.918435 0.000000 -31.472063
vn -95.638745 0.000000 -29.210110
vn -96.101618 0.000000 -27.649213
vn -96.675907 0.000000 -25.568906
vn -97.130903 0.000000 -23.782087
vn -97.574494 0.000000 -21.891052
vn -98.004642 0.000000 -19.876875
vn -98.333217 0.000000 -18.181818
vn -98.721435 0.000000 -15.939832
vn -98.333217 0.000000 -18.181818
vn -98.932188 0.000000 -14.574712
vn -99.280135 0.000000 -11.977264
vn -99.398887 0.000000 -10.948118
vn -99.679846 0.000000 -7.995514
vn -99.732690 0.000000 -7.306888
vn -99.919930 0.000000 -4.000961
vn -99.933150 0.000000 -3.655888
vn -100.000000 0.000000 -0.000000
vn -100.000000 0.000000 -0.000000
vn -99.933150 0.000000 3.655888
vn -99.919930 0.000000 4.000961
vn -99.732690 0.000000 7.306888
vn -99.679846 0.000000 7.995514
vn -99.398887 0.000000 10.948118
vn -99.280135 0.000000 11.977264
vn -98.932188 0.000000 14.574712
vn -98.721435 0.000000 15.939832
vn -98.333217 0.000000 18.181818
vn -98.333217 0.000000 18.181818
vn -98.004642 0.000000 19.876875
vn -97.574494 0.000000 21.891052
vn -97.130903 0.000000 23.782087
vn -96.675907 0.000000 25.568906
vn -96.101618 0.000000 27.649213
vn -95.638745 0.000000 29.210110
vn -94.918435 0.000000 31.472063
vn -94.464493 0.000000 32.809444
vn -93.583248 0.000000 35.244512
vn -93.154835 0.000000 36.361749
vn -92.098197 0.000000 38.960520
vn -91.711648 0.000000 39.861932
vn -90.465658 0.000000 42.614137
vn -90.137001 0.000000 43.304977
vn -88.688247 0.000000 46.199511
vn -88.433151 0.000000 46.685949
vn -86.768810 0.000000 49.710901
vn -86.602540 0.000000 50.000000
vn -84.710420 0.000000 53.142683
vn -84.647793 0.000000 53.242381
vn -82.516374 0.000000 56.489362
vn -82.571711 0.000000 56.408444
vn -80.377270 0.000000 59.493651
vn -80.190186 0.000000 59.745578
vn -78.067615 0.000000 62.493579
vn -77.735580 0.000000 62.906118
vn -75.646058 0.000000 65.403928
vn -75.156488 0.000000 65.965918
vn -73.116070 0.000000 68.220527
vn -72.457039 0.000000 68.920081
vn -70.481276 0.000000 70.939339
vn -69.641557 0.000000 71.763874
vn -67.745454 0.000000 73.556465
vn -66.714550 0.000000 74.492743
vn -64.912525 0.000000 76.068155
vn -63.680706 0.000000 77.102319
vn -64.912525 0.000000 76.068155
vn -62.088164 0.000000 78.390432
vn -60.544883 0.000000 79.588423
vn -59.180792 0.000000 80.607902
vn -57.312103 0.000000 81.947073
vn -56.194295 0.000000 82.717599
vn -53.987543 0.000000 84.174493
vn -53.132667 0.000000 84.716703
vn -50.576527 0.000000 86.267114
vn -50.000000 0.000000 86.602540
vn -47.084516 0.000000 88.221586
vn -46.800483 0.000000 88.372591
vn -43.531298 0.000000 90.027918
vn -43.538394 0.000000 90.024487
vn -40.218095 0.000000 91.556020
vn -39.880004 0.000000 91.703791
vn -36.844023 0.000000 92.965144
vn -36.179039 0.000000 93.225947
vn -33.420692 0.000000 94.249973
vn -33.420692 0.000000 94.249973
vn -32.420137 0.000000 94.598809
vn -29.829040 0.000000 95.447516
vn -28.609317 0.000000 95.820180
vn -26.194631 0.000000 96.508245
vn -24.752682 0.000000 96.888104
vn -22.522675 0.000000 97.430637
vn -20.856407 0.000000 97.800871
vn -18.818434 0.000000 98.213372
vn -16.926733 0.000000 98.557018
vn -15.087219 0.000000 98.855328
vn -12.969952 0.000000 99.155334
vn -11.334378 0.000000 99.355583
vn -8.992401 0.000000 99.594863
vn -7.565290 0.000000 99.713421
vn -5.000450 0.000000 99.874899
vn -3.785358 0.000000 99.928330
vn -1.000491 0.000000 99.994995
vn -0.000000 0.000000 100.000000
vn 3.001071 -0.000000 99.954958
vn 3.785358 -0.000000 99.928330
vn 6.997827 -0.000000 99.754852
vn 7.565290 -0.000000 99.713421
vn 10.983376 -0.000000 99.394997
vn 11.334378 -0.000000 99.355583
vn 14.951336 -0.000000 98.875971
vn 15.087219 -0.000000 98.855328
vn 18.895353 -0.000000 98.198603
vn 18.818434 -0.000000 98.213372
vn 22.522675 -0.000000 97.430637
vn 22.809111 -0.000000 97.363979
vn 26.194631 -0.000000 96.508245
vn 26.686342 -0.000000 96.373436
vn 29.829040 -0.000000 95.447516
vn 30.520837 -0.000000 95.228559
vn 33.420692 -0.000000 94.249973
vn 34.306456 -0.000000 93.931183
vn 33.420692 -0.000000 94.249973
vn 36.844023 -0.000000 92.965144
vn 38.037137 -0.000000 92.483384
vn 40.218095 -0.000000 91.556020
vn 41.706904 -0.000000 90.887481
vn 43.538394 -0.000000 90.024487
vn 45.309881 -0.000000 89.146030
vn 46.800483 -0.000000 88.372591
vn 48.840299 -0.000000 87.261820
vn 50.000000 -0.000000 86.602540
vn 52.292504 -0.000000 85.237868
vn 53.132667 -0.000000 84.716703
vn 55.660966 -0.000000 83.077415
vn 56.194295 -0.000000 82.717599
vn 58.940293 -0.000000 80.783921
vn 59.180792 -0.000000 80.607902
vn 62.088164 -0.000000 78.390432
vn -99.919930 0.000000 4.000961
vn -99.919930 0.000000 4.000961
vn -100.000000 0.000000 0.000000
vn -100.000000 0.000000 0.000000
vn -99.919930 0.000000 -4.000961
vn -99.919930 0.000000 -4.000961
vn -99.679846 0.000000 -7.995514
vn -99.679846 0.000000 -7.995514
vn -99.280135 0.000000 -11.977264
vn -99.280135 0.000000 -11.977264
vn -98.721435 0.000000 -15.939832
vn -98.721435 0.000000 -15.939832
vn -98.004642 0.000000 -19.876875
vn -98.004642 0.000000 -19.876875
vn -97.130903 0.000000 -23.782087
vn -97.130903 0.000000 -23.782087
vn -96.101618 0.000000 -27.649213
vn -96.101618 0.000000 -27.649213
vn -94.918435 0.000000 -31.472063
vn -94.918435 0.000000 -31.472063
vn -93.583248 0.000000 -35.244512
vn -93.583248 0.000000 -35.244512
vn -92.098197 0.000000 -38.960520
vn -92.098197 0.000000 -38.960520
vn -90.465658 0.000000 -42.614137
vn -90.465658 0.000000 -42.614137
vn -88.688247 0.000000 -46.199511
vn -88.688247 0.000000 -46.199511
vn -86.768810 0.000000 -49.710901
vn -86.768810 0.000000 -49.710901
vn -84.710420 0.000000 -53.142683
vn -84.710420 0.000000 -53.142683
vn -82.516374 0.000000 -56.489362
vn -82.516374 0.000000 -56.489362
vn -80.190186 0.000000 -59.745578
vn -80.190186 0.000000 -59.745578
vn -77.735580 0.000000 -62.906118
vn -77.735580 0.000000 -62.906118
vn -75.156488 0.000000 -65.965918
vn -75.156488 0.000000 -65.965918
vn -72.457039 0.000000 -68.920081
vn -72.457039 0.000000 -68.920081
vn -69.641557 0.000000 -71.763874
vn -69.641557 0.000000 -71.763874
vn -66.714550 0.000000 -74.492743
vn -66.714550 0.000000 -74.492743
vn -63.680706 0.000000 -77.102319
vn -63.680706 0.000000 -77.102319
vn -60.544883 0.000000 -79.588423
vn -60.544883 0.000000 -79.588423
vn -57.312103 0.000000 -81.947073
vn -57.312103 0.000000 -81.947073
vn -53.987543 0.000000 -84.174493
vn -53.987543 0.000000 -84.174493
vn -50.576527 0.000000 -86.267114
vn -50.576527 0.000000 -86.267114
vn -47.084516 0.000000 -88.221586
vn -47.084516 0.000000 -88.221586
vn -43.524202 0.000000 -90.031349
vn -99.679846 0.000000 7.995514
vn -99.679846 0.000000 7.995514
vn -99.280135 0.000000 11.977264
vn -99.280135 0.000000 11.977264
vn -98.721435 0.000000 15.939832
vn -98.721435 0.000000 15.939832
vn -98.004642 0.000000 19.876875
vn -98.004642 0.000000 19.876875
vn -97.130903 0.000000 23.782087
vn -97.130903 0.000000 23.782087
vn -96.101618 0.000000 27.649213
vn -96.101618 0.000000 27.649213
vn -94.918435 0.000000 31.472063
vn -94.918435 0.000000 31.472063
vn -93.583248 0.000000 35.244512
vn -93.583248 0.000000 35.244512
vn -92.098197 0.000000 38.960520
vn -92.098197 0.000000 38.960520
vn -90.465658 0.000000 42.614137
vn -90.465658 0.000000 42.614137
vn -88.688247 0.000000 46.199511
vn -88.688247 0.000000 46.199511
vn -86.768810 0.000000 49.710901
vn -86.768810 0.000000 49.710901
vn -84.710420 0.000000 53.142683
vn -84.710420 0.000000 53.142683
vn -82.516374 0.000000 56.489362
vn -82.516374 0.000000 56.489362
vn -80.190186 0.000000 59.745578
vn -80.190186 0.000000 59.745578
vn -77.735580 0.000000 62.906118
vn -77.735580 0.000000 62.906118
vn -75.156488 0.000000 65.965918
vn -75.156488 0.000000 65.965918
vn -72.457039 0.000000 68.920081
vn -72.457039 0.000000 68.920081
vn -69.641557 0.000000 71.763874
vn -69.641557 0.000000 71.763874
vn -66.714550 0.000000 74.492743
vn -66.714550 0.000000 74.492743
vn -63.680706 0.000000 77.102319
vn -63.680706 0.000000 77.102319
vn -60.544883 0.000000 79.588423
vn -60.544883 0.000000 79.588423
vn -57.312103 0.000000 81.947073
vn -57.312103 0.000000 81.947073
vn -53.987543 0.000000 84.174493
vn -53.987543 0.000000 84.174493
vn -50.576527 0.000000 86.267114
vn -50.576527 0.000000 86.267114
vn -47.084516 0.000000 88.221586
vn -47.084516 0.000000 88.221586
vn -43.524202 0.000000 90.031349
vn -43.517105 0.000000 90.034780
vn -39.880004 0.000000 91.703791
vn -39.880004 0.000000 91.703791
vn -36.179039 0.000000 93.225947
vn -36.179039 0.000000 93.225947
vn -32.420137 0.000000 94.598809
vn -32.420137 0.000000 94.598809
vn -28.609317 0.000000 95.820180
vn -28.609317 0.000000 95.820180
vn -24.752682 0.000000 96.888104
vn -24.752682 0.000000 96.888104
vn -20.856407 0.000000 97.800871
vn -20.856407 0.000000 97.800871
vn -16.926733 0.000000 98.557018
vn -16.926733 0.000000 98.557018
vn -12.969952 0.000000 99.155334
vn -12.969952 0.000000 99.155334
vn -8.992401 0.000000 99.594863
vn -8.992401 0.000000 99.594863
vn -5.000450 0.000000 99.874899
vn -5.000450 0.000000 99.874899
vn -1.000491 0.000000 99.994995
vn -1.000491 0.000000 99.994995
vn 3.001071 -0.000000 99.954958
vn 3.001071 -0.000000 99.954958
vn 6.997827 -0.000000 99.754852
vn 6.997827 -0.000000 99.754852
vn 10.983376 -0.000000 99.394997
vn 10.983376 -0.000000 99.394997
vn 14.951336 -0.000000 98.875971
vn 14.951336 -0.000000 98.875971
vn 18.895353 -0.000000 98.198603
vn 18.895353 -0.000000 98.198603
vn 22.809111 -0.000000 97.363979
vn 22.809111 -0.000000 97.363979
vn 26.686342 -0.000000 96.373436
vn 26.686342 -0.000000 96.373436
vn 30.520837 -0.000000 95.228559
vn 30.520837 -0.000000 95.228559
vn 34.306456 -0.000000 93.931183
vn 34.306456 -0.000000 93.931183
vn 38.037137 -0.000000 92.483384
vn 38.037137 -0.000000 92.483384
vn 41.706904 -0.000000 90.887481
vn 41.706904 -0.000000 90.887481
vn 45.309881 -0.000000 89.146030
vn 45.309881 -0.000000 89.146030
vn 48.840299 -0.000000 87.261820
vn 48.840299 -0.000000 87.261820
vn 52.292504 -0.000000 85.237868
vn 52.292504 -0.000000 85.237868
vn 55.660966 -0.000000 83.077415
vn 55.660966 -0.000000 83.077415
vn 58.940293 -0.000000 80.783921
vn 58.940293 -0.000000 80.783921
vn 62.125232 -0.000000 78.361059
vn 62.125232 -0.000000 78.361059
vn 65.210683 -0.000000 75.812709
vn 65.210683 -0.000000 75.812709
vn 68.191705 -0.000000 73.142951
vn 68.191705 -0.000000 73.142951
vn 71.063525 -0.000000 70.356062
vn 71.063525 -0.000000 70.356062
vn 73.821542 -0.000000 67.456504
vn 73.821542 -0.000000 67.456504
vn 76.461341 -0.000000 64.448920
vn 76.461341 -0.000000 64.448920
vn 78.978694 -0.000000 61.338128
vn 78.978694 -0.000000 61.338128
vn 81.369570 -0.000000 58.129107
vn 81.369570 -0.000000 58.129107
vn 83.630139 -0.000000 54.826999
vn 83.630139 -0.000000 54.826999
vn 85.756783 -0.000000 51.437090
vn 85.756783 -0.000000 51.437090
vn 87.746095 -0.000000 47.964808
vn 87.746095 -0.000000 47.964808
vn 89.594889 -0.000000 44.415716
vn 89.594889 -0.000000 44.415716
vn 91.300205 -0.000000 40.795496
vn 91.300205 -0.000000 40.795496
vn 92.859313 -0.000000 37.109945
vn 92.859313 -0.000000 37.109945
vn 94.269714 -0.000000 33.364967
vn 94.269714 -0.000000 33.364967
vn 95.529151 -0.000000 29.566557
vn 95.529151 -0.000000 29.566557
vn 96.635607 -0.000000 25.720799
vn 96.635607 -0.000000 25.720799
vn 97.587309 -0.000000 21.833852
vn 97.587309 -0.000000 21.833852
vn 98.382734 -0.000000 17.911940
vn 98.382734 -0.000000 17.911940
vn 99.020608 -0.000000 13.961343
vn 99.020608 -0.000000 13.961343
vn 99.499910 -0.000000 9.988388
vn 99.499910 -0.000000 9.988388
vn 99.819871 -0.000000 5.999438
vn 99.819871 -0.000000 5.999438
vn 99.979980 -0.000000 2.000881
vn 99.979980 -0.000000 2.000881
vn 99.979980 0.000000 -2.000881
vn 99.979980 0.000000 -2.000881
vn 99.819871 0.000000 -5.999438
vn 99.819871 0.000000 -5.999438
vn 99.499910 0.000000 -9.988388
vn 99.499910 0.000000 -9.988388
vn 99.020608 0.000000 -13.961343
vn 99.020608 0.000000 -13.961343
vn 98.382734 0.000000 -17.911940
vn 98.382734 0.000000 -17.911940
vn 97.587309 0.000000 -21.833852
vn 97.587309 0.000000 -21.833852
vn 96.635607 0.000000 -25.720799
vn 96.635607 0.000000 -25.720799
vn 95.529151 0.000000 -29.566557
vn 95.529151 0.000000 -29.566557
vn 94.269714 0.000000 -33.364967
vn 94.269714 0.000000 -33.364967
vn 92.859313 0.000000 -37.109945
vn 92.859313 0.000000 -37.109945
vn 91.300205 0.000000 -40.795496
vn 91.300205 0.000000 -40.795496
vn 89.594889 0.000000 -44.415716
vn 89.594889 0.000000 -44.415716
vn 87.746095 0.000000 -47.964808
vn 87.746095 0.000000 -47.964808
vn 85.756783 0.000000 -51.437090
vn 85.756783 0.000000 -51.437090
vn 83.630139 0.000000 -54.826999
vn 83.630139 0.000000 -54.826999
vn 81.369570 0.000000 -58.129107
vn 81.369570 0.000000 -58.129107
vn 78.978694 0.000000 -61.338128
vn 78.978694 0.000000 -61.338128
vn 76.461341 0.000000 -64.448920
vn 76.461341 0.000000 -64.448920
vn 73.821542 0.000000 -67.456504
vn 73.821542 0.000000 -67.456504
vn 71.063525 0.000000 -70.356062
vn 71.063525 0.000000 -70.356062
vn 68.191705 0.000000 -73.142951
vn 68.191705 0.000000 -73.142951
vn 65.210683 0.000000 -75.812709
vn 65.210683 0.000000 -75.812709
vn 62.125232 0.000000 -78.361059
vn 62.125232 0.000000 -78.361059
vn 58.940293 0.000000 -80.783921
vn 58.940293 0.000000 -80.783921
vn 55.660966 0.000000 -83.077415
vn 55.660966 0.000000 -83.077415
vn 52.292504 0.000000 -85.237868
vn 52.292504 0.000000 -85.237868
vn 48.840299 0.000000 -87.261820
vn 48.840299 0.000000 -87.261820
vn 45.309881 0.000000 -89.146030
vn 45.309881 0.000000 -89.146030
vn 41.706904 0.000000 -90.887481
vn 41.706904 0.000000 -90.887481
vn 38.037137 0.000000 -92.483384
vn 38.037137 0.000000 -92.483384
vn 34.306456 0.000000 -93.931183
vn 34.306456 0.000000 -93.931183
vn 30.520837 0.000000 -95.228559
vn 30.520837 0.000000 -95.228559
vn 26.686342 0.000000 -96.373436
vn 26.686342 0.000000 -96.373436
vn 22.809111 0.000000 -97.363979
vn 22.809111 0.000000 -97.363979
vn 18.895353 0.000000 -98.198603
vn 18.895353 0.000000 -98.198603
vn 14.951336 0.000000 -98.875971
vn 14.951336 0.000000 -98.875971
vn 10.983376 0.000000 -99.394997
vn 10.983376 0.000000 -99.394997
vn 6.997827 0.000000 -99.754852
vn 6.997827 0.000000 -99.754852
vn 3.001071 0.000000 -99.954958
vn 3.001071 0.000000 -99.954958
vn -1.000491 0.000000 -99.994995
vn -1.000491 0.000000 -99.994995
vn -5.000450 0.000000 -99.874899
vn -5.000450 0.000000 -99.874899
vn -8.992401 0.000000 -99.594863
vn -8.992401 0.000000 -99.594863
vn -12.969952 0.000000 -99.155334
vn -12.969952 0.000000 -99.155334
vn -16.926733 0.000000 -98.557018
vn -16.926733 0.000000 -98.557018
vn -20.856407 0.000000 -97.800871
vn -20.856407 0.000000 -97.800871
vn -24.752682 0.000000 -96.888104
vn -24.752682 0.000000 -96.888104
vn -28.609317 0.000000 -95.820180
vn -28.609317 0.000000 -95.820180
vn -32.420137 0.000000 -94.598809
vn -32.420137 0.000000 -94.598809
vn -36.179039 0.000000 -93.225947
vn -36.179039 0.000000 -93.225947
vn -39.880004 0.000000 -91.703791
vn -39.880004 0.000000 -91.703791
vn -43.517105 0.000000 -90.034780
vn 0.000000 -100.000000 0.000000
vn 0.000000 -100.000000 0.000000
vn 0.000000 -100.000000 0.000000
vn 0.000000 -100.000000 0.000000
vn 0.000000 -100.000000 0.000000
vn 0.000000 -100.000000 0.000000
vn 0.000000 -100.000000 0.000000
vn 0.000000 -100.000000 0.000000
vn 0.000000 -100.000000 0.000000
vn 0.000000 -100.000000 0.000000
vn 0.000000 -100.000000 0.000000
vn 0.000000 -100.000000 0.000000
vn 0.000000 -100.000000 0.000000
vn 0.000000 -100.000000 0.000000
vn 0.000000 -100.000000 0.000000
vn 0.000000 -100.000000 0.000000
vn 0.000000 -100.000000 0.000000
vn 0.000000 -100.000000 0.000000
vn 0.000000 -100.000000 0.000000
vn 0.000000 -100.000000 0.000000
vn 0.000000 -100.000000 0.000000
vn 0.000000 -100.000000 0.000000
vn 0.000000 -100.000000 0.000000
vn 0.000000 -100.000000 0.000000
vn 0.000000 -100.000000 0.000000
vn 0.000000 -100.000000 0.000000
vn 0.000000 -100.000000 0.000000
vn 0.000000 -100.000000 0.000000
vn 0.000000 -100.000000 0.000000
vn 0.000000 -100.000000 0.000000
vn 0.000000 -100.000000 0.000000
vn 0.000000 -100.000000 0.000000
vn 0.000000 -100.000000 0.000000
vn 0.000000 -100.000000 0.000000
vn 0.000000 -100.000000 0.000000
vn 0.000000 -100.000000 0.000000
vn 0.000000 -100.000000 0.000000
vn 0.000000 -100.000000 0.000000
vn 0.000000 -100.000000 0.000000
vn 0.000000 -100.000000 0.000000
vn 0.000000 -100.000000 0.000000
vn 0.000000 -100.000000 0.000000
vn 0.000000 -100.000000 0.000000
vn 0.000000 -100.000000 0.000000
vn 0.000000 -100.000000 0.000000
vn 0.000000 -100.000000 0.000000
vn 0.000000 -100.000000 0.000000
vn 0.000000 -100.000000 0.000000
vn 0.000000 -100.000000 0.000000
vn 0.000000 -100.000000 0.000000
vn 0.000000 -100.000000 0.000000
vn 0.000000 -100.000000 0.000000
vn 0.000000 -100.000000 0.000000
vn 0.000000 -100.000000 0.000000
vn 0.000000 -100.000000 0.000000
vn 0.000000 -100.000000 0.000000
vn 0.000000 -100.000000 0.000000
vn 0.000000 -100.000000 0.000000
vn 0.000000 -100.000000 0.000000
vn 0.000000 -100.000000 0.000000
vn 0.000000 -100.000000 0.000000
vn 0.000000 -100.000000 0.000000
vn 0.000000 -100.000000 0.000000
vn 0.000000 -100.000000 0.000000
vn 0.000000 -100.000000 0.000000
vn 0.000000 -100.000000 0.000000
vn 0.000000 -100.000000 0.000000
vn 0.000000 -100.000000 0.000000
vn 0.000000 -100.000000 0.000000
vn 0.000000 -100.000000 0.000000
vn 0.000000 -100.000000 0.000000
vn 0.000000 -100.000000 0.000000
vn 0.000000 -100.000000 0.000000
vn 0.000000 -100.000000 0.000000
vn 0.000000 -100.000000 0.000000
vn 0.000000 -100.000000 0.000000
vn 0.000000 -100.000000 0.000000
vn 0.000000 -100.000000 0.000000
vn 0.000000 -100.000000 0.000000
vn 0.000000 -100.000000 0.000000
vn 0.000000 -100.000000 0.000000
vn 0.000000 -100.000000 0.000000
vn 0.000000 -100.000000 0.000000
vn 0.000000 -100.000000 0.000000
vn 0.000000 -100.000000 0.000000
vn 0.000000 -100.000000 0.000000
vn 0.000000 -100.000000 0.000000
vn 0.000000 -100.000000 0.000000
vn 0.000000 -100.000000 0.000000
vn 0.000000 -100.000000 0.000000
vn 0.000000 -100.000000 0.000000
vn 0.000000 -100.000000 0.000000
vn 0.000000 -100.000000 0.000000
vn 0.000000 -100.000000 0.000000
vn 0.000000 -100.000000 0.000000
vn 0.000000 -100.000000 0.000000
vn 0.000000 -100.000000 0.000000
vn 0.000000 -100.000000 0.000000
vn 0.000000 -100.000000 0.000000
vn 0.000000 -100.000000 0.000000
vn 0.000000 -100.000000 0.000000
vn 0.000000 -100.000000 0.000000
vn 0.000000 -100.000000 0.000000
vn 0.000000 -100.000000 0.000000
vn 0.000000 -100.000000 0.000000
vn 0.000000 -100.000000 0.000000
vn 0.000000 -100.000000 0.000000
vn 0.000000 -100.000000 0.000000
vn 0.000000 -100.000000 0.000000
vn 0.000000 -100.000000 0.000000
vn 0.000000 -100.000000 0.000000
vn 0.000000 -100.000000 0.000000
vn 0.000000 -100.000000 0.000000
vn 0.000000 -100.000000 0.000000
vn 0.000000 -100.000000 0.000000
vn 0.000000 -100.000000 0.000000
vn 0.000000 -100.000000 0.000000
vn 0.000000 -100.000000 0.000000
vn 0.000000 -100.000000 0.000000
vn 0.000000 -100.000000 0.000000
vn 0.000000 -100.000000 0.000000
vn 0.000000 -100.000000 0.000000
vn 0.000000 -100.000000 0.000000
vn 0.000000 -100.000000 0.000000
vn 0.000000 -100.000000 0.000000
vn 0.000000 -100.000000 0.000000
vn 0.000000 -100.000000 0.000000
vn 0.000000 -100.000000 0.000000
vn 0.000000 -100.000000 0.000000
vn 0.000000 -100.000000 0.000000
vn 0.000000 -100.000000 0.000000
vn 0.000000 -100.000000 0.000000
vn 0.000000 -100.000000 0.000000
vn 0.000000 -100.000000 0.000000
vn 0.000000 -100.000000 0.000000
vn 0.000000 -100.000000 0.000000
vn 0.000000 -100.000000 0.000000
vn 0.000000 -100.000000 0.000000
vn 0.000000 -100.000000 0.000000
vn 0.000000 -100.000000 0.000000
vn 0.000000 -100.000000 0.000000
vn 0.000000 -100.000000 0.000000
vn 0.000000 -100.000000 0.000000
vn 0.000000 -100.000000 0.000000
vn 0.000000 -100.000000 0.000000
vn 0.000000 -100.000000 0.000000
vn 0.000000 -100.000000 0.000000
vn 0.000000 -100.000000 0.000000
vn 0.000000 -100.000000 0.000000
vn 0.000000 -100.000000 0.000000
vn 0.000000 -100.000000 0.000000
vn 0.000000 -100.000000 0.000000
vn 0.000000 -100.000000 0.000000
vn 0.000000 -100.000000 0.000000
vn 0.000000 -100.000000 0.000000
vn 0.000000 -100.000000 0.000000
vn 0.000000 -100.000000 0.000000
vn 0.000000 -100.000000 0.000000
vn 0.000000 -100.000000 0.000000
vn 0.000000 -100.000000 0.000000
vn 0.000000 -100.000000 0.000000
vn 0.000000 -100.000000 0.000000
vn 0.000000 -100.000000 0.000000
vn 0.000000 -100.000000 0.000000
vn 0.000000 -100.000000 0.000000
vn 0.000000 -100.000000 0.000000
vn 0.000000 -100.000000 0.000000
vn 0.000000 -100.000000 0.000000
vn 0.000000 -100.000000 0.000000
vn 0.000000 -100.000000 0.000000
vn 0.000000 -100.000000 0.000000
vn 0.000000 -100.000000 0.000000
vn 0.000000 -100.000000 0.000000
vn 0.000000 -100.000000 0.000000
vn 0.000000 -100.000000 0.000000
vn 0.000000 -100.000000 0.000000
vn 0.000000 -100.000000 0.000000
vn 0.000000 -100.000000 0.000000
vn 0.000000 -100.000000 0.000000
vn 0.000000 -100.000000 0.000000
vn 0.000000 -100.000000 0.000000
vn 0.000000 -100.000000 0.000000
vn 0.000000 -100.000000 0.000000
vn 0.000000 -100.000000 0.000000
vn 0.000000 -100.000000 0.000000
vn 0.000000 -100.000000 0.000000
vn 0.000000 -100.000000 0.000000
vn 0.000000 -100.000000 0.000000
vn 0.000000 -100.000000 0.000000
vn 0.000000 -100.000000 0.000000
vn 0.000000 -100.000000 0.000000
vn 0.000000 -100.000000 0.000000
vn 0.000000 -100.000000 0.000000
vn 0.000000 -100.000000 0.000000
vn 0.000000 -100.000000 0.000000
vn 0.000000 -100.000000 0.000000
vn 0.000000 -100.000000 0.000000
vn 0.000000 -100.000000 0.000000
vn 0.000000 -100.000000 0.000000
vn 0.000000 -100.000000 0.000000
vn 0.000000 -100.000000 0.000000
vn 0.000000 -100.000000 0.000000
vn 0.000000 -100.000000 0.000000
vn 0.000000 -100.000000 0.000000
vn 0.000000 -100.000000 0.000000
vn 0.000000 -100.000000 0.000000
vn 0.000000 -100.000000 0.000000
vn 0.000000 -100.000000 0.000000
vn 0.000000 -100.000000 0.000000
vn 0.000000 -100.000000 0.000000
vn 0.000000 -100.000000 0.000000
vn 0.000000 -100.000000 0.000000
vn 0.000000 -100.000000 0.000000
vn 0.000000 -100.000000 0.000000
vn 0.000000 -100.000000 0.000000
vn 0.000000 -100.000000 0.000000
vn 0.000000 -100.000000 0.000000
vn 0.000000 -100.000000 0.000000
vn 0.000000 -100.000000 0.000000
vn 0.000000 -100.000000 0.000000
vn 0.000000 -100.000000 0.000000
vn 0.000000 -100.000000 0.000000
vn 0.000000 -100.000000 0.000000
vn 0.000000 -100.000000 0.000000
vn 0.000000 -100.000000 0.000000
vn 0.000000 -100.000000 0.000000
vn 0.000000 -100.000000 0.000000
vn 0.000000 -100.000000 0.000000
vn 0.000000 -100.000000 0.000000
vn 0.000000 -100.000000 0.000000
vn 0.000000 -100.000000 0.000000
vn 0.000000 -100.000000 0.000000
vn 0.000000 -100.000000 0.000000
vn 0.000000 -100.000000 0.000000
vn 0.000000 -100.000000 0.000000
vn 0.000000 -100.000000 0.000000
vn 0.000000 -100.000000 0.000000
vn 0.000000 -100.000000 0.000000
vn 0.000000 -100.000000 0.000000
vn 0.000000 -100.000000 0.000000
vn 0.000000 -100.000000 0.000000
vn 0.000000 -100.000000 0.000000
vn 0.000000 -100.000000 0.000000
vn 0.000000 -100.000000 0.000000
vn 0.000000 -100.000000 0.000000
vn 0.000000 -100.000000 0.000000
vn 0.000000 -100.000000 0.000000
vn 0.000000 -100.000000 0.000000
vn 0.000000 -100.000000 0.000000
vn 0.000000 -100.000000 0.000000
vn 0.000000 -100.000000 0.000000
vn 0.000000 -100.000000 0.000000
vn 0.000000 -100.000000 0.000000
vn 0.000000 -100.000000 0.000000
vn 0.000000 -100.000000 0.000000
vn 0.000000 -100.000000 0.000000
vn 0.000000 -100.000000 0.000000
vn 0.000000 -100.000000 0.000000
vn 0.000000 -100.000000 0.000000
vn 0.000000 -100.000000 0.000000
vn 0.000000 -100.000000 0.000000
vn 0.000000 -100.000000 0.000000
vn 0.000000 -100.000000 0.000000
vn 0.000000 -100.000000 0.000000
vn 0.000000 -100.000000 0.000000
vn 0.000000 -100.000000 0.000000
vn 0.000000 -100.000000 0.000000
vn 0.000000 -100.000000 0.000000
vn 0.000000 -100.000000 0.000000
vn 0.000000 -100.000000 0.000000
vn 0.000000 -100.000000 0.000000
vn 0.000000 -100.000000 0.000000
vn 0.000000 -100.000000 0.000000
vn 0.000000 -100.000000 0.000000
vn 0.000000 -100.000000 0.000000
vn 0.000000 -100.000000 0.000000
vn 0.000000 -100.000000 0.000000
vn 0.000000 -100.000000 0.000000
vn 0.000000 -100.000000 0.000000
vn 0.000000 -100.000000 0.000000
vn 0.000000 -100.000000 0.000000
vn 0.000000 -100.000000 0.000000
vn 0.000000 -100.000000 0.000000
vn 0.000000 -100.000000 0.000000
vn 0.000000 -100.000000 0.000000
vn 0.000000 -100.000000 0.000000
vn 0.000000 -100.000000 0.000000
vn 0.000000 -100.000000 0.000000
vn 0.000000 -100.000000 0.000000
vn 0.000000 -100.000000 0.000000
vn 0.000000 -100.000000 0.000000
vn 0.000000 -100.000000 0.000000
vn 0.000000 -100.000000 0.000000
vn 0.000000 -100.000000 0.000000
vn 0.000000 -100.000000 0.000000
vn 0.000000 -100.000000 0.000000
vn 0.000000 -100.000000 0.000000
vn 0.000000 -100.000000 0.000000
vn 0.000000 -100.000000 0.000000
vn 0.000000 -100.000000 0.000000
vn 0.000000 -100.000000 0.000000
vn 0.000000 -100.000000 0.000000
vn 0.000000 -100.000000 0.000000
vn 0.000000 -100.000000 0.000000
vn 0.000000 -100.000000 0.000000
vn 0.000000 -100.000000 0.000000
vn 0.000000 -100.000000 0.000000
vn 0.000000 -100.000000 0.000000
vn 0.000000 -100.000000 0.000000
vn 0.000000 -100.000000 0.000000
vn 0.000000 -100.000000 0.000000
vn 0.000000 -100.000000 0.000000
vn 0.000000 -100.000000 0.000000
vn 0.000000 -100.000000 0.000000
vn 0.000000 -100.000000 0.000000
vn 0.000000 -100.000000 0.000000
vn 0.000000 -100.000000 0.000000
vn 0.000000 -100.000000 0.000000
vn 0.000000 -100.000000 0.000000
vn 0.000000 -100.000000 0.000000
vn 0.000000 -100.000000 0.000000
vn 0.000000 -100.000000 0.000000
vn 0.000000 -100.000000 0.000000
vn 0.000000 -100.000000 0.000000
vn 0.000000 -100.000000 0.000000
vn 0.000000 -100.000000 0.000000
vn 0.000000 -100.000000 0.000000
vn 0.000000 -100.000000 0.000000
vn 0.000000 -100.000000 0.000000
vn 0.000000 -100.000000 0.000000
vn 0.000000 -100.000000 0.000000
vn 0.000000 -100.000000 0.000000
vn 0.000000 -100.000000 0.000000
vn 0.000000 -100.000000 0.000000
vn 0.000000 -100.000000 0.000000
vn 0.000000 -100.000000 0.000000
vn 0.000000 -100.000000 0.000000
vn 0.000000 -100.000000 0.000000
vn 0.000000 -100.000000 0.000000
vn 0.000000 -100.000000 0.000000
vn 0.000000 -100.000000 0.000000
vn 0.000000 -100.000000 0.000000
vn 0.000000 -100.000000 0.000000
vn 0.000000 -100.000000 0.000000
vn 0.000000 -100.000000 0.000000
vn 0.000000 -100.000000 0.000000
vn 0.000000 -100.000000 0.000000
vn 0.000000 -100.000000 0.000000
vn 0.000000 -100.000000 0.000000
vn 0.000000 -100.000000 0.000000
vn 0.000000 -100.000000 0.000000
vn 0.000000 -100.000000 0.000000
vn 0.000000 -100.000000 0.000000
vn 0.000000 -100.000000 0.000000
vn 0.000000 -100.000000 0.000000
vn 0.000000 -100.000000 0.000000
vn 0.000000 -100.000000 0.000000
vn 0.000000 -100.000000 0.000000
vn 0.000000 -100.000000 0.000000
vn 0.000000 -100.000000 0.000000
vn 0.000000 -100.000000 0.000000
vn 0.000000 -100.000000 0.000000
vn 0.000000 -100.000000 0.000000
vn 0.000000 -100.000000 0.000000
vn 0.000000 -100.000000 0.000000
vn 0.000000 -100.000000 0.000000
vn 0.000000 -100.000000 0.000000
vn 0.000000 -100.000000 0.000000
vn 0.000000 -100.000000 0.000000
vn 0.000000 -100.000000 0.000000
vn 0.000000 -100.000000 0.000000
vn 0.000000 -100.000000 0.000000
vn 0.000000 -100.000000 0.000000
vn 0.000000 -100.000000 0.000000
vn 0.000000 -100.000000 0.000000
vn 0.000000 -100.000000 0.000000
vn 0.000000 -100.000000 0.000000
vn 0.000000 -100.000000 0.000000
vn 0.000000 -100.000000 0.000000
vn 0.000000 -100.000000 0.000000
vn 0.000000 -100.000000 0.000000
vn 0.000000 -100.000000 0.000000
vn 0.000000 -100.000000 0.000000
vn 0.000000 -100.000000 0.000000
vn 0.000000 -100.000000 0.000000
vn 0.000000 -100.000000 0.000000
vn 0.000000 -100.000000 0.000000
vn 0.000000 -100.000000 0.000000
vn 0.000000 -100.000000 0.000000
vn 0.000000 -100.000000 0.000000
vn 0.000000 -100.000000 0.000000
vn 0.000000 -100.000000 0.000000
vn 0.000000 -100.000000 0.000000
vn 0.000000 -100.000000 0.000000
vn 0.000000 -100.000000 0.000000
vn 0.000000 -100.000000 0.000000
vn 0.000000 -100.000000 0.000000
vn 0.000000 -100.000000 0.000000
vn 0.000000 -100.000000 0.000000
vn 0.000000 -100.000000 0.000000
vn 0.000000 -100.000000 0.000000
vn 0.000000 -100.000000 0.000000
vn 0.000000 -100.000000 0.000000
vn 0.000000 -100.000000 0.000000
vn 0.000000 -100.000000 0.000000
vn 0.000000 -100.000000 0.000000
vn 0.000000 -100.000000 0.000000
vn 0.000000 -100.000000 0.000000
usemtl Matériau_de_base_-_Métal
f 2/1/1 122/2/2 1/3/3
f 1/3/3 122/2/2 121/4/4
f 1/5/3 121/6/4 60/7/5
f 60/7/5 121/6/4 180/8/6
f 60/7/5 180/8/6 59/9/7
f 59/9/7 180/8/6 179/10/8
f 59/9/7 179/10/8 58/11/9
f 58/11/9 179/10/8 178/12/10
f 58/11/9 178/12/10 57/13/11
f 57/13/11 178/12/10 177/14/12
f 57/13/11 177/14/12 56/15/13
f 56/15/13 177/14/12 176/16/14
f 56/15/13 176/16/14 55/17/15
f 55/17/15 176/16/14 175/18/16
f 55/17/15 175/18/16 54/19/17
f 54/19/17 175/18/16 174/20/18
f 54/19/17 174/20/18 53/21/19
f 53/21/19 174/20/18 173/22/20
f 53/21/19 173/22/20 52/23/21
f 52/23/21 173/22/20 172/24/22
f 52/23/21 172/24/22 51/25/23
f 51/25/23 172/24/22 171/26/24
f 51/25/23 171/26/24 50/27/25
f 50/27/25 171/26/24 170/28/26
f 50/27/25 170/28/26 49/29/27
f 49/29/27 170/28/26 169/30/28
f 49/29/27 169/30/28 48/31/29
f 48/31/29 169/30/28 168/32/30
f 48/31/29 168/32/30 47/33/31
f 47/33/31 168/32/30 167/34/32
f 47/33/31 167/34/32 46/35/33
f 46/35/33 167/34/32 166/36/34
f 46/35/33 166/36/34 45/37/35
f 45/37/35 166/36/34 165/38/36
f 45/37/35 165/38/36 44/39/37
f 44/39/37 165/38/36 164/40/38
f 44/39/37 164/40/38 43/41/39
f 43/41/39 164/40/38 163/42/40
f 43/41/39 163/42/40 42/43/41
f 42/43/41 163/42/40 162/44/42
f 42/43/41 162/44/42 41/45/43
f 41/45/43 162/44/42 161/46/44
f 41/45/43 161/46/44 40/47/45
f 40/47/45 161/46/44 160/48/46
f 40/47/45 160/48/46 39/49/47
f 39/49/47 160/48/46 159/50/48
f 39/49/47 159/50/48 38/51/49
f 38/51/49 159/50/48 158/52/50
f 38/51/49 158/52/50 37/53/51
f 37/53/51 158/52/50 157/54/52
f 37/53/51 157/54/52 36/55/53
f 36/55/53 157/54/52 156/56/54
f 36/55/53 156/56/54 35/57/55
f 35/57/55 156/56/54 155/58/56
f 35/57/55 155/58/56 34/59/57
f 34/59/57 155/58/56 154/60/58
f 34/59/57 154/60/58 33/61/59
f 33/61/59 154/60/58 153/62/60
f 33/61/59 153/62/60 32/63/61
f 32/63/61 153/62/60 152/64/62
f 32/63/61 152/64/62 31/65/63
f 31/65/63 152/64/62 151/66/64
f 31/65/63 151/66/64 30/67/65
f 30/67/65 151/66/64 150/68/66
f 30/67/65 150/68/66 29/69/67
f 29/69/67 150/68/66 149/70/68
f 29/69/67 149/70/68 28/71/69
f 28/71/69 149/70/68 148/72/70
f 28/71/69 148/72/70 27/73/71
f 27/73/71 148/72/70 147/74/72
f 27/73/71 147/74/72 26/75/73
f 26/75/73 147/74/72 146/76/74
f 26/75/73 146/76/74 25/77/75
f 25/77/75 146/76/74 145/78/76
f 25/77/75 145/78/76 24/79/77
f 24/79/77 145/78/76 144/80/78
f 24/79/77 144/80/78 23/81/79
f 23/81/79 144/80/78 143/82/80
f 23/81/79 143/82/80 22/83/81
f 22/83/81 143/82/80 142/84/82
f 22/83/81 142/84/82 21/85/83
f 21/85/83 142/84/82 141/86/84
f 21/85/83 141/86/84 20/87/85
f 20/87/85 141/86/84 140/88/86
f 20/87/85 140/88/86 19/89/87
f 19/89/87 140/88/86 139/90/88
f 19/89/87 139/90/88 18/91/89
f 18/91/89 139/90/88 138/92/90
f 18/91/89 138/92/90 17/93/91
f 17/93/91 138/92/90 137/94/92
f 17/93/91 137/94/92 16/95/93
f 16/95/93 137/94/92 136/96/94
f 16/95/93 136/96/94 15/97/95
f 15/97/95 136/96/94 135/98/96
f 15/97/95 135/98/96 14/99/97
f 14/99/97 135/98/96 134/100/98
f 14/99/97 134/100/98 13/101/99
f 13/101/99 134/100/98 133/102/100
f 13/101/99 133/102/100 12/103/101
f 12/103/101 133/102/100 132/104/102
f 12/103/101 132/104/102 11/105/103
f 11/105/103 132/104/102 131/106/104
f 11/105/103 131/106/104 10/107/105
f 10/107/105 131/106/104 130/108/106
f 10/107/105 130/108/106 9/109/107
f 9/109/107 130/108/106 129/110/108
f 9/109/107 129/110/108 8/111/109
f 8/111/109 129/110/108 128/112/110
f 8/111/109 128/112/110 7/113/111
f 7/113/111 128/112/110 127/114/112
f 7/113/111 127/114/112 6/115/113
f 6/115/113 127/114/112 126/116/114
f 6/115/113 126/116/114 5/117/115
f 5/117/115 126/116/114 125/118/116
f 5/117/115 125/118/116 4/119/117
f 4/119/117 125/118/116 124/120/118
f 4/119/117 124/120/118 3/121/119
f 3/121/119 124/120/118 123/122/120
f 3/121/119 123/122/120 2/1/1
f 2/1/1 123/122/120 122/2/2
f 62/123/121 180/8/6 61/124/122
f 61/124/122 180/8/6 121/6/4
f 61/125/122 121/4/4 120/126/123
f 120/126/123 121/4/4 122/2/2
f 120/126/123 122/2/2 119/127/124
f 119/127/124 122/2/2 123/122/120
f 119/127/124 123/122/120 118/128/125
f 118/128/125 123/122/120 124/120/118
f 118/128/125 124/120/118 117/129/126
f 117/129/126 124/120/118 125/118/116
f 117/129/126 125/118/116 116/130/127
f 116/130/127 125/118/116 126/116/114
f 116/130/127 126/116/114 115/131/128
f 115/131/128 126/116/114 127/114/112
f 115/131/128 127/114/112 114/132/129
f 114/132/129 127/114/112 128/112/110
f 114/132/129 128/112/110 113/133/130
f 113/133/130 128/112/110 129/110/108
f 113/133/130 129/110/108 112/134/131
f 112/134/131 129/110/108 130/108/106
f 112/134/131 130/108/106 111/135/132
f 111/135/132 130/108/106 131/106/104
f 111/135/132 131/106/104 110/136/133
f 110/136/133 131/106/104 132/104/102
f 110/136/133 132/104/102 109/137/134
f 109/137/134 132/104/102 133/102/100
f 109/137/134 133/102/100 108/138/135
f 108/138/135 133/102/100 134/100/98
f 108/138/135 134/100/98 107/139/136
f 107/139/136 134/100/98 135/98/96
f 107/139/136 135/98/96 106/140/137
f 106/140/137 135/98/96 136/96/94
f 106/140/137 136/96/94 105/141/138
f 105/141/138 136/96/94 137/94/92
f 105/141/138 137/94/92 104/142/139
f 104/142/139 137/94/92 138/92/90
f 104/142/139 138/92/90 103/143/140
f 103/143/140 138/92/90 139/90/88
f 103/143/140 139/90/88 102/144/141
f 102/144/141 139/90/88 140/88/86
f 102/144/141 140/88/86 101/145/142
f 101/145/142 140/88/86 141/86/84
f 101/145/142 141/86/84 100/146/143
f 100/146/143 141/86/84 142/84/82
f 100/146/143 142/84/82 99/147/144
f 99/147/144 142/84/82 143/82/80
f 99/147/144 143/82/80 98/148/145
f 98/148/145 143/82/80 144/80/78
f 98/148/145 144/80/78 97/149/146
f 97/149/146 144/80/78 145/78/76
f 97/149/146 145/78/76 96/150/147
f 96/150/147 145/78/76 146/76/74
f 96/150/147 146/76/74 95/151/148
f 95/151/148 146/76/74 147/74/72
f 95/151/148 147/74/72 94/152/149
f 94/152/149 147/74/72 148/72/70
f 94/152/149 148/72/70 93/153/150
f 93/153/150 148/72/70 149/70/68
f 93/153/150 149/70/68 92/154/151
f 92/154/151 149/70/68 150/68/66
f 92/154/151 150/68/66 91/155/152
f 91/155/152 150/68/66 151/66/64
f 91/155/152 151/66/64 90/156/153
f 90/156/153 151/66/64 152/64/62
f 90/156/153 152/64/62 89/157/154
f 89/157/154 152/64/62 153/62/60
f 89/157/154 153/62/60 88/158/155
f 88/158/155 153/62/60 154/60/58
f 88/158/155 154/60/58 87/159/156
f 87/159/156 154/60/58 155/58/56
f 87/159/156 155/58/56 86/160/157
f 86/160/157 155/58/56 156/56/54
f 86/160/157 156/56/54 85/161/158
f 85/161/158 156/56/54 157/54/52
f 85/161/158 157/54/52 84/162/159
f 84/162/159 157/54/52 158/52/50
f 84/162/159 158/52/50 83/163/160
f 83/163/160 158/52/50 159/50/48
f 83/163/160 159/50/48 82/164/161
f 82/164/161 159/50/48 160/48/46
f 82/164/161 160/48/46 81/165/162
f 81/165/162 160/48/46 161/46/44
f 81/165/162 161/46/44 80/166/163
f 80/166/163 161/46/44 162/44/42
f 80/166/163 162/44/42 79/167/164
f 79/167/164 162/44/42 163/42/40
f 79/167/164 163/42/40 78/168/165
f 78/168/165 163/42/40 164/40/38
f 78/168/165 164/40/38 77/169/166
f 77/169/166 164/40/38 165/38/36
f 77/169/166 165/38/36 76/170/167
f 76/170/167 165/38/36 166/36/34
f 76/170/167 166/36/34 75/171/168
f 75/171/168 166/36/34 167/34/32
f 75/171/168 167/34/32 74/172/169
f 74/172/169 167/34/32 168/32/30
f 74/172/169 168/32/30 73/173/170
f 73/173/170 168/32/30 169/30/28
f 73/173/170 169/30/28 72/174/171
f 72/174/171 169/30/28 170/28/26
f 72/174/171 170/28/26 71/175/172
f 71/175/172 170/28/26 171/26/24
f 71/175/172 171/26/24 70/176/173
f 70/176/173 171/26/24 172/24/22
f 70/176/173 172/24/22 69/177/174
f 69/177/174 172/24/22 173/22/20
f 69/177/174 173/22/20 68/178/175
f 68/178/175 173/22/20 174/20/18
f 68/178/175 174/20/18 67/179/176
f 67/179/176 174/20/18 175/18/16
f 67/179/176 175/18/16 66/180/177
f 66/180/177 175/18/16 176/16/14
f 66/180/177 176/16/14 65/181/178
f 65/181/178 176/16/14 177/14/12
f 65/181/178 177/14/12 64/182/179
f 64/182/179 177/14/12 178/12/10
f 64/182/179 178/12/10 63/183/180
f 63/183/180 178/12/10 179/10/8
f 63/183/180 179/10/8 62/123/121
f 62/123/121 179/10/8 180/8/6
f 60/184/181 32/185/182 1/186/183
f 1/186/183 32/185/182 31/187/184
f 1/186/183 31/187/184 2/188/185
f 2/188/185 31/187/184 30/189/186
f 2/188/185 30/189/186 3/190/187
f 3/190/187 30/189/186 29/191/188
f 3/190/187 29/191/188 4/192/189
f 4/192/189 29/191/188 28/193/190
f 4/192/189 28/193/190 5/194/191
f 5/194/191 28/193/190 27/195/192
f 5/194/191 27/195/192 6/196/193
f 6/196/193 27/195/192 26/197/194
f 6/196/193 26/197/194 7/198/195
f 7/198/195 26/197/194 25/199/196
f 7/198/195 25/199/196 8/200/197
f 8/200/197 25/199/196 24/201/198
f 8/200/197 24/201/198 9/202/199
f 9/202/199 24/201/198 23/203/200
f 9/202/199 23/203/200 10/204/201
f 10/204/201 23/203/200 22/205/202
f 10/204/201 22/205/202 11/206/203
f 11/206/203 22/205/202 21/207/204
f 11/206/203 21/207/204 12/208/205
f 12/208/205 21/207/204 20/209/206
f 12/208/205 20/209/206 13/210/207
f 13/210/207 20/209/206 19/211/208
f 13/210/207 19/211/208 14/212/209
f 14/212/209 19/211/208 18/213/210
f 14/212/209 18/213/210 15/214/211
f 15/214/211 18/213/210 17/215/212
f 15/214/211 17/215/212 16/216/213
f 32/185/182 60/184/181 33/217/214
f 33/217/214 60/184/181 59/218/215
f 33/217/214 59/218/215 34/219/216
f 34/219/216 59/218/215 58/220/217
f 34/219/216 58/220/217 35/221/218
f 35/221/218 58/220/217 57/222/219
f 35/221/218 57/222/219 36/223/220
f 36/223/220 57/222/219 56/224/221
f 36/223/220 56/224/221 37/225/222
f 37/225/222 56/224/221 55/226/223
f 37/225/222 55/226/223 38/227/224
f 38/227/224 55/226/223 54/228/225
f 38/227/224 54/228/225 39/229/226
f 39/229/226 54/228/225 53/230/227
f 39/229/226 53/230/227 40/231/228
f 40/231/228 53/230/227 52/232/229
f 40/231/228 52/232/229 41/233/230
f 41/233/230 52/232/229 51/234/231
f 41/233/230 51/234/231 42/235/232
f 42/235/232 51/234/231 50/236/233
f 42/235/232 50/236/233 43/237/234
f 43/237/234 50/236/233 49/238/235
f 43/237/234 49/238/235 44/239/236
f 44/239/236 49/238/235 48/240/237
f 44/239/236 48/240/237 45/241/238
f 45/241/238 48/240/237 47/242/239
f 45/241/238 47/242/239 46/243/240
f 182/244/241 284/245/242 181/246/243
f 181/246/243 284/245/242 233/247/244
f 181/248/243 233/249/244 232/250/245
f 232/250/245 233/249/244 234/251/246
f 232/250/245 234/251/246 231/252/247
f 231/252/247 234/251/246 235/253/248
f 231/252/247 235/253/248 230/254/249
f 230/254/249 235/253/248 236/255/250
f 230/254/249 236/255/250 229/256/251
f 229/256/251 236/255/250 237/257/252
f 229/256/251 237/257/252 228/258/253
f 228/258/253 237/257/252 238/259/254
f 228/258/253 238/259/254 227/260/255
f 227/260/255 238/259/254 239/261/256
f 227/260/255 239/261/256 226/262/257
f 226/262/257 239/261/256 240/263/258
f 226/262/257 240/263/258 225/264/259
f 225/264/259 240/263/258 241/265/260
f 225/264/259 241/265/260 224/266/261
f 224/266/261 241/265/260 242/267/262
f 224/266/261 242/267/262 223/268/263
f 223/268/263 242/267/262 243/269/264
f 223/268/263 243/269/264 222/270/265
f 222/270/265 243/269/264 244/271/266
f 222/270/265 244/271/266 221/272/267
f 221/272/267 244/271/266 245/273/268
f 221/272/267 245/273/268 220/274/269
f 220/274/269 245/273/268 246/275/270
f 220/274/269 246/275/270 219/276/271
f 219/276/271 246/275/270 247/277/272
f 219/276/271 247/277/272 218/278/273
f 218/278/273 247/277/272 248/279/274
f 218/278/273 248/279/274 217/280/275
f 217/280/275 248/279/274 249/281/276
f 217/280/275 249/281/276 216/282/277
f 216/282/277 249/281/276 250/283/278
f 216/282/277 250/283/278 215/284/279
f 215/284/279 250/283/278 251/285/280
f 215/284/279 251/285/280 214/286/281
f 214/286/281 251/285/280 252/287/282
f 214/286/281 252/287/282 213/288/283
f 213/288/283 252/287/282 253/289/284
f 213/288/283 253/289/284 212/290/285
f 212/290/285 253/289/284 254/291/286
f 212/290/285 254/291/286 211/292/287
f 211/292/287 254/291/286 255/293/288
f 211/292/287 255/293/288 210/294/289
f 210/294/289 255/293/288 256/295/290
f 210/294/289 256/295/290 209/296/291
f 209/296/291 256/295/290 257/297/292
f 209/296/291 257/297/292 208/298/293
f 208/298/293 257/297/292 258/299/294
f 208/298/293 258/299/294 207/300/295
f 207/300/295 258/299/294 259/301/296
f 207/300/295 259/301/296 206/302/297
f 206/302/297 259/301/296 260/303/298
f 206/302/297 260/303/298 205/304/299
f 205/304/299 260/303/298 261/305/300
f 205/304/299 261/305/300 204/306/301
f 204/306/301 261/305/300 262/307/302
f 204/306/301 262/307/302 203/308/303
f 203/308/303 262/307/302 263/309/304
f 203/308/303 263/309/304 202/310/305
f 202/310/305 263/309/304 264/311/306
f 202/310/305 264/311/306 201/312/307
f 201/312/307 264/311/306 265/313/308
f 201/312/307 265/313/308 200/314/309
f 200/314/309 265/313/308 266/315/310
f 200/314/309 266/315/310 199/316/311
f 199/316/311 266/315/310 267/317/312
f 199/316/311 267/317/312 198/318/313
f 198/318/313 267/317/312 268/319/314
f 198/318/313 268/319/314 197/320/315
f 197/320/315 268/319/314 269/321/316
f 197/320/315 269/321/316 196/322/317
f 196/322/317 269/321/316 270/323/318
f 196/322/317 270/323/318 195/324/319
f 195/324/319 270/323/318 271/325/320
f 195/324/319 271/325/320 194/326/321
f 194/326/321 271/325/320 272/327/322
f 194/326/321 272/327/322 193/328/323
f 193/328/323 272/327/322 273/329/324
f 193/328/323 273/329/324 192/330/325
f 192/330/325 273/329/324 274/331/326
f 192/330/325 274/331/326 191/332/327
f 191/332/327 274/331/326 275/333/328
f 191/332/327 275/333/328 190/334/329
f 190/334/329 275/333/328 276/335/330
f 190/334/329 276/335/330 189/336/331
f 189/336/331 276/335/330 277/337/332
f 189/336/331 277/337/332 188/338/333
f 188/338/333 277/337/332 278/339/334
f 188/338/333 278/339/334 187/340/335
f 187/340/335 278/339/334 279/341/336
f 187/340/335 279/341/336 186/342/337
f 186/342/337 279/341/336 280/343/338
f 186/342/337 280/343/338 185/344/339
f 185/344/339 280/343/338 281/345/340
f 185/344/339 281/345/340 184/346/341
f 184/346/341 281/345/340 282/347/342
f 184/346/341 282/347/342 183/348/343
f 183/348/343 282/347/342 283/349/344
f 183/348/343 283/349/344 182/244/241
f 182/244/241 283/349/344 284/245/242
f 232/350/345 208/351/346 181/352/347
f 181/352/347 208/351/346 207/353/348
f 181/352/347 207/353/348 182/354/349
f 182/354/349 207/353/348 206/355/350
f 182/354/349 206/355/350 183/356/351
f 183/356/351 206/355/350 205/357/352
f 183/356/351 205/357/352 184/358/353
f 184/358/353 205/357/352 204/359/354
f 184/358/353 204/359/354 185/360/355
f 185/360/355 204/359/354 203/361/356
f 185/360/355 203/361/356 186/362/357
f 186/362/357 203/361/356 202/363/358
f 186/362/357 202/363/358 187/364/359
f 187/364/359 202/363/358 201/365/360
f 187/364/359 201/365/360 188/366/361
f 188/366/361 201/365/360 200/367/362
f 188/366/361 200/367/362 189/368/363
f 189/368/363 200/367/362 199/369/364
f 189/368/363 199/369/364 190/370/365
f 190/370/365 199/369/364 198/371/366
f 190/370/365 198/371/366 191/372/367
f 191/372/367 198/371/366 197/373/368
f 191/372/367 197/373/368 192/374/369
f 192/374/369 197/373/368 196/375/370
f 192/374/369 196/375/370 193/376/371
f 193/376/371 196/375/370 195/377/372
f 193/376/371 195/377/372 194/378/373
f 208/351/346 232/350/345 209/379/374
f 209/379/374 232/350/345 231/380/375
f 209/379/374 231/380/375 210/381/376
f 210/381/376 231/380/375 230/382/377
f 210/381/376 230/382/377 211/383/378
f 211/383/378 230/382/377 229/384/379
f 211/383/378 229/384/379 212/385/380
f 212/385/380 229/384/379 228/386/381
f 212/385/380 228/386/381 213/387/382
f 213/387/382 228/386/381 227/388/383
f 213/387/382 227/388/383 214/389/384
f 214/389/384 227/388/383 226/390/385
f 214/389/384 226/390/385 215/391/386
f 215/391/386 226/390/385 225/392/387
f 215/391/386 225/392/387 216/393/388
f 216/393/388 225/392/387 224/394/389
f 216/393/388 224/394/389 217/395/390
f 217/395/390 224/394/389 223/396/391
f 217/395/390 223/396/391 218/397/392
f 218/397/392 223/396/391 222/398/393
f 218/397/392 222/398/393 219/399/394
f 219/399/394 222/398/393 221/400/395
f 219/399/394 221/400/395 220/401/396
f 286/402/397 388/403/398 285/404/399
f 285/404/399 388/403/398 337/405/400
f 285/406/399 337/407/400 336/408/401
f 336/408/401 337/407/400 338/409/402
f 336/408/401 338/409/402 335/410/403
f 335/410/403 338/409/402 339/411/404
f 335/410/403 339/411/404 334/412/405
f 334/412/405 339/411/404 340/413/406
f 334/412/405 340/413/406 333/414/407
f 333/414/407 340/413/406 341/415/408
f 333/414/407 341/415/408 332/416/409
f 332/416/409 341/415/408 342/417/410
f 332/416/409 342/417/410 331/418/411
f 331/418/411 342/417/410 343/419/412
f 331/418/411 343/419/412 330/420/413
f 330/420/413 343/419/412 344/421/414
f 330/420/413 344/421/414 329/422/415
f 329/422/415 344/421/414 345/423/416
f 329/422/415 345/423/416 328/424/417
f 328/424/417 345/423/416 346/425/418
f 328/424/417 346/425/418 327/426/419
f 327/426/419 346/425/418 347/427/420
f 327/426/419 347/427/420 326/428/421
f 326/428/421 347/427/420 348/429/422
f 326/428/421 348/429/422 325/430/423
f 325/430/423 348/429/422 349/431/424
f 325/430/423 349/431/424 324/432/425
f 324/432/425 349/431/424 350/433/426
f 324/432/425 350/433/426 323/434/427
f 323/434/427 350/433/426 351/435/428
f 323/434/427 351/435/428 322/436/429
f 322/436/429 351/435/428 352/437/430
f 322/436/429 352/437/430 321/438/431
f 321/438/431 352/437/430 353/439/432
f 321/438/431 353/439/432 320/440/433
f 320/440/433 353/439/432 354/441/434
f 320/440/433 354/441/434 319/442/435
f 319/442/435 354/441/434 355/443/436
f 319/442/435 355/443/436 318/444/437
f 318/444/437 355/443/436 356/445/438
f 318/444/437 356/445/438 317/446/439
f 317/446/439 356/445/438 357/447/440
f 317/446/439 357/447/440 316/448/441
f 316/448/441 357/447/440 358/449/442
f 316/448/441 358/449/442 315/450/443
f 315/450/443 358/449/442 359/451/444
f 315/450/443 359/451/444 314/452/445
f 314/452/445 359/451/444 360/453/446
f 314/452/445 360/453/446 313/454/447
f 313/454/447 360/453/446 361/455/448
f 313/454/447 361/455/448 312/456/449
f 312/456/449 361/455/448 362/457/450
f 312/456/449 362/457/450 311/458/451
f 311/458/451 362/457/450 363/459/452
f 311/458/451 363/459/452 310/460/453
f 310/460/453 363/459/452 364/461/454
f 310/460/453 364/461/454 309/462/455
f 309/462/455 364/461/454 365/463/456
f 309/462/455 365/463/456 308/464/457
f 308/464/457 365/463/456 366/465/458
f 308/464/457 366/465/458 307/466/459
f 307/466/459 366/465/458 367/467/460
f 307/466/459 367/467/460 306/468/461
f 306/468/461 367/467/460 368/469/462
f 306/468/461 368/469/462 305/470/463
f 305/470/463 368/469/462 369/471/464
f 305/470/463 369/471/464 304/472/465
f 304/472/465 369/471/464 370/473/466
f 304/472/465 370/473/466 303/474/467
f 303/474/467 370/473/466 371/475/468
f 303/474/467 371/475/468 302/476/469
f 302/476/469 371/475/468 372/477/470
f 302/476/469 372/477/470 301/478/471
f 301/478/471 372/477/470 373/479/472
f 301/478/471 373/479/472 300/480/473
f 300/480/473 373/479/472 374/481/474
f 300/480/473 374/481/474 299/482/475
f 299/482/475 374/481/474 375/483/476
f 299/482/475 375/483/476 298/484/477
f 298/484/477 375/483/476 376/485/478
f 298/484/477 376/485/478 297/486/479
f 297/486/479 376/485/478 377/487/480
f 297/486/479 377/487/480 296/488/481
f 296/488/481 377/487/480 378/489/482
f 296/488/481 378/489/482 295/490/483
f 295/490/483 378/489/482 379/491/484
f 295/490/483 379/491/484 294/492/485
f 294/492/485 379/491/484 380/493/486
f 294/492/485 380/493/486 293/494/487
f 293/494/487 380/493/486 381/495/488
f 293/494/487 381/495/488 292/496/489
f 292/496/489 381/495/488 382/497/490
f 292/496/489 382/497/490 291/498/491
f 291/498/491 382/497/490 383/499/492
f 291/498/491 383/499/492 290/500/493
f 290/500/493 383/499/492 384/501/494
f 290/500/493 384/501/494 289/502/495
f 289/502/495 384/501/494 385/503/496
f 289/502/495 385/503/496 288/504/497
f 288/504/497 385/503/496 386/505/498
f 288/504/497 386/505/498 287/506/499
f 287/506/499 386/505/498 387/507/500
f 287/506/499 387/507/500 286/402/397
f 286/402/397 387/507/500 388/403/398
f 336/508/501 312/509/502 285/510/503
f 285/510/503 312/509/502 311/511/504
f 285/510/503 311/511/504 286/512/505
f 286/512/505 311/511/504 310/513/506
f 286/512/505 310/513/506 287/514/507
f 287/514/507 310/513/506 309/515/508
f 287/514/507 309/515/508 288/516/509
f 288/516/509 309/515/508 308/517/510
f 288/516/509 308/517/510 289/518/511
f 289/518/511 308/517/510 307/519/512
f 289/518/511 307/519/512 290/520/513
f 290/520/513 307/519/512 306/521/514
f 290/520/513 306/521/514 291/522/515
f 291/522/515 306/521/514 305/523/516
f 291/522/515 305/523/516 292/524/517
f 292/524/517 305/523/516 304/525/518
f 292/524/517 304/525/518 293/526/519
f 293/526/519 304/525/518 303/527/520
f 293/526/519 303/527/520 294/528/521
f 294/528/521 303/527/520 302/529/522
f 294/528/521 302/529/522 295/530/523
f 295/530/523 302/529/522 301/531/524
f 295/530/523 301/531/524 296/532/525
f 296/532/525 301/531/524 300/533/526
f 296/532/525 300/533/526 297/534/527
f 297/534/527 300/533/526 299/535/528
f 297/534/527 299/535/528 298/536/529
f 312/509/502 336/508/501 313/537/530
f 313/537/530 336/508/501 335/538/531
f 313/537/530 335/538/531 314/539/532
f 314/539/532 335/538/531 334/540/533
f 314/539/532 334/540/533 315/541/534
f 315/541/534 334/540/533 333/542/535
f 315/541/534 333/542/535 316/543/536
f 316/543/536 333/542/535 332/544/537
f 316/543/536 332/544/537 317/545/538
f 317/545/538 332/544/537 331/546/539
f 317/545/538 331/546/539 318/547/540
f 318/547/540 331/546/539 330/548/541
f 318/547/540 330/548/541 319/549/542
f 319/549/542 330/548/541 329/550/543
f 319/549/542 329/550/543 320/551/544
f 320/551/544 329/550/543 328/552/545
f 320/551/544 328/552/545 321/553/546
f 321/553/546 328/552/545 327/554/547
f 321/553/546 327/554/547 322/555/548
f 322/555/548 327/554/547 326/556/549
f 322/555/548 326/556/549 323/557/550
f 323/557/550 326/556/549 325/558/551
f 323/557/550 325/558/551 324/559/552
f 390/560/553 492/561/554 389/562/555
f 389/562/555 492/561/554 441/563/556
f 389/564/555 441/565/556 440/566/557
f 440/566/557 441/565/556 442/567/558
f 440/566/557 442/567/558 439/568/559
f 439/568/559 442/567/558 443/569/560
f 439/568/559 443/569/560 438/570/561
f 438/570/561 443/569/560 444/571/562
f 438/570/561 444/571/562 437/572/563
f 437/572/563 444/571/562 445/573/564
f 437/572/563 445/573/564 436/574/565
f 436/574/565 445/573/564 446/575/566
f 436/574/565 446/575/566 435/576/567
f 435/576/567 446/575/566 447/577/568
f 435/576/567 447/577/568 434/578/569
f 434/578/569 447/577/568 448/579/570
f 434/578/569 448/579/570 433/580/571
f 433/580/571 448/579/570 449/581/572
f 433/580/571 449/581/572 432/582/573
f 432/582/573 449/581/572 450/583/574
f 432/582/573 450/583/574 431/584/575
f 431/584/575 450/583/574 451/585/576
f 431/584/575 451/585/576 430/586/577
f 430/586/577 451/585/576 452/587/578
f 430/586/577 452/587/578 429/588/579
f 429/588/579 452/587/578 453/589/580
f 429/588/579 453/589/580 428/590/581
f 428/590/581 453/589/580 454/591/582
f 428/590/581 454/591/582 427/592/583
f 427/592/583 454/591/582 455/593/584
f 427/592/583 455/593/584 426/594/585
f 426/594/585 455/593/584 456/595/586
f 426/594/585 456/595/586 425/596/587
f 425/596/587 456/595/586 457/597/588
f 425/596/587 457/597/588 424/598/589
f 424/598/589 457/597/588 458/599/590
f 424/598/589 458/599/590 423/600/591
f 423/600/591 458/599/590 459/601/592
f 423/600/591 459/601/592 422/602/593
f 422/602/593 459/601/592 460/603/594
f 422/602/593 460/603/594 421/604/595
f 421/604/595 460/603/594 461/605/596
f 421/604/595 461/605/596 420/606/597
f 420/606/597 461/605/596 462/607/598
f 420/606/597 462/607/598 419/608/599
f 419/608/599 462/607/598 463/609/600
f 419/608/599 463/609/600 418/610/601
f 418/610/601 463/609/600 464/611/602
f 418/610/601 464/611/602 417/612/603
f 417/612/603 464/611/602 465/613/604
f 417/612/603 465/613/604 416/614/605
f 416/614/605 465/613/604 466/615/606
f 416/614/605 466/615/606 415/616/607
f 415/616/607 466/615/606 467/617/608
f 415/616/607 467/617/608 414/618/609
f 414/618/609 467/617/608 468/619/610
f 414/618/609 468/619/610 413/620/611
f 413/620/611 468/619/610 469/621/612
f 413/620/611 469/621/612 412/622/613
f 412/622/613 469/621/612 470/623/614
f 412/622/613 470/623/614 411/624/615
f 411/624/615 470/623/614 471/625/616
f 411/624/615 471/625/616 410/626/617
f 410/626/617 471/625/616 472/627/618
f 410/626/617 472/627/618 409/628/619
f 409/628/619 472/627/618 473/629/620
f 409/628/619 473/629/620 408/630/621
f 408/630/621 473/629/620 474/631/622
f 408/630/621 474/631/622 407/632/623
f 407/632/623 474/631/622 475/633/624
f 407/632/623 475/633/624 406/634/625
f 406/634/625 475/633/624 476/635/626
f 406/634/625 476/635/626 405/636/627
f 405/636/627 476/635/626 477/637/628
f 405/636/627 477/637/628 404/638/629
f 404/638/629 477/637/628 478/639/630
f 404/638/629 478/639/630 403/640/631
f 403/640/631 478/639/630 479/641/632
f 403/640/631 479/641/632 402/642/633
f 402/642/633 479/641/632 480/643/634
f 402/642/633 480/643/634 401/644/635
f 401/644/635 480/643/634 481/645/636
f 401/644/635 481/645/636 400/646/637
f 400/646/637 481/645/636 482/647/638
f 400/646/637 482/647/638 399/648/639
f 399/648/639 482/647/638 483/649/640
f 399/648/639 483/649/640 398/650/641
f 398/650/641 483/649/640 484/651/642
f 398/650/641 484/651/642 397/652/643
f 397/652/643 484/651/642 485/653/644
f 397/652/643 485/653/644 396/654/645
f 396/654/645 485/653/644 486/655/646
f 396/654/645 486/655/646 395/656/647
f 395/656/647 486/655/646 487/657/648
f 395/656/647 487/657/648 394/658/649
f 394/658/649 487/657/648 488/659/650
f 394/658/649 488/659/650 393/660/651
f 393/660/651 488/659/650 489/661/652
f 393/660/651 489/661/652 392/662/653
f 392/662/653 489/661/652 490/663/654
f 392/662/653 490/663/654 391/664/655
f 391/664/655 490/663/654 491/665/656
f 391/664/655 491/665/656 390/560/553
f 390/560/553 491/665/656 492/561/554
f 440/666/657 416/667/658 389/668/659
f 389/668/659 416/667/658 415/669/660
f 389/668/659 415/669/660 390/670/661
f 390/670/661 415/669/660 414/671/662
f 390/670/661 414/671/662 391/672/663
f 391/672/663 414/671/662 413/673/664
f 391/672/663 413/673/664 392/674/665
f 392/674/665 413/673/664 412/675/666
f 392/674/665 412/675/666 393/676/667
f 393/676/667 412/675/666 411/677/668
f 393/676/667 411/677/668 394/678/669
f 394/678/669 411/677/668 410/679/670
f 394/678/669 410/679/670 395/680/671
f 395/680/671 410/679/670 409/681/672
f 395/680/671 409/681/672 396/682/673
f 396/682/673 409/681/672 408/683/674
f 396/682/673 408/683/674 397/684/675
f 397/684/675 408/683/674 407/685/676
f 397/684/675 407/685/676 398/686/677
f 398/686/677 407/685/676 406/687/678
f 398/686/677 406/687/678 399/688/679
f 399/688/679 406/687/678 405/689/680
f 399/688/679 405/689/680 400/690/681
f 400/690/681 405/689/680 404/691/682
f 400/690/681 404/691/682 401/692/683
f 401/692/683 404/691/682 403/693/684
f 401/692/683 403/693/684 402/694/685
f 416/667/658 440/666/657 417/695/686
f 417/695/686 440/666/657 439/696/687
f 417/695/686 439/696/687 418/697/688
f 418/697/688 439/696/687 438/698/689
f 418/697/688 438/698/689 419/699/690
f 419/699/690 438/698/689 437/700/691
f 419/699/690 437/700/691 420/701/692
f 420/701/692 437/700/691 436/702/693
f 420/701/692 436/702/693 421/703/694
f 421/703/694 436/702/693 435/704/695
f 421/703/694 435/704/695 422/705/696
f 422/705/696 435/704/695 434/706/697
f 422/705/696 434/706/697 423/707/698
f 423/707/698 434/706/697 433/708/699
f 423/707/698 433/708/699 424/709/700
f 424/709/700 433/708/699 432/710/701
f 424/709/700 432/710/701 425/711/702
f 425/711/702 432/710/701 431/712/703
f 425/711/702 431/712/703 426/713/704
f 426/713/704 431/712/703 430/714/705
f 426/713/704 430/714/705 427/715/706
f 427/715/706 430/714/705 429/716/707
f 427/715/706 429/716/707 428/717/708
f 494/718/709 596/719/710 493/720/711
f 493/720/711 596/719/710 545/721/712
f 493/722/711 545/723/712 544/724/713
f 544/724/713 545/723/712 546/725/714
f 544/724/713 546/725/714 543/726/715
f 543/726/715 546/725/714 547/727/716
f 543/726/715 547/727/716 542/728/717
f 542/728/717 547/727/716 548/729/718
f 542/728/717 548/729/718 541/730/719
f 541/730/719 548/729/718 549/731/720
f 541/730/719 549/731/720 540/732/721
f 540/732/721 549/731/720 550/733/722
f 540/732/721 550/733/722 539/734/723
f 539/734/723 550/733/722 551/735/724
f 539/734/723 551/735/724 538/736/725
f 538/736/725 551/735/724 552/737/726
f 538/736/725 552/737/726 537/738/727
f 537/738/727 552/737/726 553/739/728
f 537/738/727 553/739/728 536/740/729
f 536/740/729 553/739/728 554/741/730
f 536/740/729 554/741/730 535/742/731
f 535/742/731 554/741/730 555/743/732
f 535/742/731 555/743/732 534/744/733
f 534/744/733 555/743/732 556/745/734
f 534/744/733 556/745/734 533/746/735
f 533/746/735 556/745/734 557/747/736
f 533/746/735 557/747/736 532/748/737
f 532/748/737 557/747/736 558/749/738
f 532/748/737 558/749/738 531/750/739
f 531/750/739 558/749/738 559/751/740
f 531/750/739 559/751/740 530/752/741
f 530/752/741 559/751/740 560/753/742
f 530/752/741 560/753/742 529/754/743
f 529/754/743 560/753/742 561/755/744
f 529/754/743 561/755/744 528/756/745
f 528/756/745 561/755/744 562/757/746
f 528/756/745 562/757/746 527/758/747
f 527/758/747 562/757/746 563/759/748
f 527/758/747 563/759/748 526/760/749
f 526/760/749 563/759/748 564/761/750
f 526/760/749 564/761/750 525/762/751
f 525/762/751 564/761/750 565/763/752
f 525/762/751 565/763/752 524/764/753
f 524/764/753 565/763/752 566/765/754
f 524/764/753 566/765/754 523/766/755
f 523/766/755 566/765/754 567/767/756
f 523/766/755 567/767/756 522/768/757
f 522/768/757 567/767/756 568/769/758
f 522/768/757 568/769/758 521/770/759
f 521/770/759 568/769/758 569/771/760
f 521/770/759 569/771/760 520/772/761
f 520/772/761 569/771/760 570/773/762
f 520/772/761 570/773/762 519/774/763
f 519/774/763 570/773/762 571/775/764
f 519/774/763 571/775/764 518/776/765
f 518/776/765 571/775/764 572/777/766
f 518/776/765 572/777/766 517/778/767
f 517/778/767 572/777/766 573/779/768
f 517/778/767 573/779/768 516/780/769
f 516/780/769 573/779/768 574/781/770
f 516/780/769 574/781/770 515/782/771
f 515/782/771 574/781/770 575/783/772
f 515/782/771 575/783/772 514/784/773
f 514/784/773 575/783/772 576/785/774
f 514/784/773 576/785/774 513/786/775
f 513/786/775 576/785/774 577/787/776
f 513/786/775 577/787/776 512/788/777
f 512/788/777 577/787/776 578/789/778
f 512/788/777 578/789/778 511/790/779
f 511/790/779 578/789/778 579/791/780
f 511/790/779 579/791/780 510/792/781
f 510/792/781 579/791/780 580/793/782
f 510/792/781 580/793/782 509/794/783
f 509/794/783 580/793/782 581/795/784
f 509/794/783 581/795/784 508/796/785
f 508/796/785 581/795/784 582/797/786
f 508/796/785 582/797/786 507/798/787
f 507/798/787 582/797/786 583/799/788
f 507/798/787 583/799/788 506/800/789
f 506/800/789 583/799/788 584/801/790
f 506/800/789 584/801/790 505/802/791
f 505/802/791 584/801/790 585/803/792
f 505/802/791 585/803/792 504/804/793
f 504/804/793 585/803/792 586/805/794
f 504/804/793 586/805/794 503/806/795
f 503/806/795 586/805/794 587/807/796
f 503/806/795 587/807/796 502/808/797
f 502/808/797 587/807/796 588/809/798
f 502/808/797 588/809/798 501/810/799
f 501/810/799 588/809/798 589/811/800
f 501/810/799 589/811/800 500/812/801
f 500/812/801 589/811/800 590/813/802
f 500/812/801 590/813/802 499/814/803
f 499/814/803 590/813/802 591/815/804
f 499/814/803 591/815/804 498/816/805
f 498/816/805 591/815/804 592/817/806
f 498/816/805 592/817/806 497/818/807
f 497/818/807 592/817/806 593/819/808
f 497/818/807 593/819/808 496/820/809
f 496/820/809 593/819/808 594/821/810
f 496/820/809 594/821/810 495/822/811
f 495/822/811 594/821/810 595/823/812
f 495/822/811 595/823/812 494/718/709
f 494/718/709 595/823/812 596/719/710
f 544/824/813 520/825/814 493/826/815
f 493/826/815 520/825/814 519/827/816
f 493/826/815 519/827/816 494/828/817
f 494/828/817 519/827/816 518/829/818
f 494/828/817 518/829/818 495/830/819
f 495/830/819 518/829/818 517/831/820
f 495/830/819 517/831/820 496/832/821
f 496/832/821 517/831/820 516/833/822
f 496/832/821 516/833/822 497/834/823
f 497/834/823 516/833/822 515/835/824
f 497/834/823 515/835/824 498/836/825
f 498/836/825 515/835/824 514/837/826
f 498/836/825 514/837/826 499/838/827
f 499/838/827 514/837/826 513/839/828
f 499/838/827 513/839/828 500/840/829
f 500/840/829 513/839/828 512/841/830
f 500/840/829 512/841/830 501/842/831
f 501/842/831 512/841/830 511/843/832
f 501/842/831 511/843/832 502/844/833
f 502/844/833 511/843/832 510/845/834
f 502/844/833 510/845/834 503/846/835
f 503/846/835 510/845/834 509/847/836
f 503/846/835 509/847/836 504/848/837
f 504/848/837 509/847/836 508/849/838
f 504/848/837 508/849/838 505/850/839
f 505/850/839 508/849/838 507/851/840
f 505/850/839 507/851/840 506/852/841
f 520/825/814 544/824/813 521/853/842
f 521/853/842 544/824/813 543/854/843
f 521/853/842 543/854/843 522/855/844
f 522/855/844 543/854/843 542/856/845
f 522/855/844 542/856/845 523/857/846
f 523/857/846 542/856/845 541/858/847
f 523/857/846 541/858/847 524/859/848
f 524/859/848 541/858/847 540/860/849
f 524/859/848 540/860/849 525/861/850
f 525/861/850 540/860/849 539/862/851
f 525/861/850 539/862/851 526/863/852
f 526/863/852 539/862/851 538/864/853
f 526/863/852 538/864/853 527/865/854
f 527/865/854 538/864/853 537/866/855
f 527/865/854 537/866/855 528/867/856
f 528/867/856 537/866/855 536/868/857
f 528/867/856 536/868/857 529/869/858
f 529/869/858 536/868/857 535/870/859
f 529/869/858 535/870/859 530/871/860
f 530/871/860 535/870/859 534/872/861
f 530/871/860 534/872/861 531/873/862
f 531/873/862 534/872/861 533/874/863
f 531/873/862 533/874/863 532/875/864
f 598/876/865 682/877/866 597/878/867
f 597/878/867 682/877/866 640/879/868
f 597/880/867 640/881/868 639/882/869
f 639/882/869 640/881/868 641/883/870
f 639/882/869 641/883/870 638/884/871
f 638/884/871 641/883/870 642/885/872
f 638/884/871 642/885/872 637/886/873
f 637/886/873 642/885/872 643/887/874
f 637/886/873 643/887/874 636/888/875
f 636/888/875 643/887/874 644/889/876
f 636/888/875 644/889/876 635/890/877
f 635/890/877 644/889/876 645/891/878
f 635/890/877 645/891/878 634/892/879
f 634/892/879 645/891/878 646/893/880
f 634/892/879 646/893/880 633/894/881
f 633/894/881 646/893/880 647/895/882
f 633/894/881 647/895/882 632/896/883
f 632/896/883 647/895/882 648/897/884
f 632/896/883 648/897/884 631/898/885
f 631/898/885 648/897/884 649/899/886
f 631/898/885 649/899/886 630/900/887
f 630/900/887 649/899/886 650/901/888
f 630/900/887 650/901/888 629/902/889
f 629/902/889 650/901/888 651/903/890
f 629/902/889 651/903/890 628/904/891
f 628/904/891 651/903/890 652/905/892
f 628/904/891 652/905/892 627/906/893
f 627/906/893 652/905/892 653/907/894
f 627/906/893 653/907/894 626/908/895
f 626/908/895 653/907/894 654/909/896
f 626/908/895 654/909/896 625/910/897
f 625/910/897 654/909/896 655/911/898
f 625/910/897 655/911/898 624/912/899
f 624/912/899 655/911/898 656/913/900
f 624/912/899 656/913/900 623/914/901
f 623/914/901 656/913/900 657/915/902
f 623/914/901 657/915/902 622/916/903
f 622/916/903 657/915/902 658/917/904
f 622/916/903 658/917/904 621/918/905
f 621/918/905 658/917/904 659/919/906
f 621/918/905 659/919/906 620/920/907
f 620/920/907 659/919/906 660/921/908
f 620/920/907 660/921/908 619/922/909
f 619/922/909 660/921/908 661/923/910
f 619/922/909 661/923/910 618/924/911
f 618/924/911 661/923/910 662/925/912
f 618/924/911 662/925/912 617/926/913
f 617/926/913 662/925/912 663/927/914
f 617/926/913 663/927/914 616/928/915
f 616/928/915 663/927/914 664/929/916
f 616/928/915 664/929/916 615/930/917
f 615/930/917 664/929/916 665/931/918
f 615/930/917 665/931/918 614/932/919
f 614/932/919 665/931/918 666/933/920
f 614/932/919 666/933/920 613/934/921
f 613/934/921 666/933/920 667/935/922
f 613/934/921 667/935/922 612/936/923
f 612/936/923 667/935/922 668/937/924
f 612/936/923 668/937/924 611/938/925
f 611/938/925 668/937/924 669/939/926
f 611/938/925 669/939/926 610/940/927
f 610/940/927 669/939/926 670/941/928
f 610/940/927 670/941/928 609/942/929
f 609/942/929 670/941/928 671/943/930
f 609/942/929 671/943/930 608/944/931
f 608/944/931 671/943/930 672/945/932
f 608/944/931 672/945/932 607/946/933
f 607/946/933 672/945/932 673/947/934
f 607/946/933 673/947/934 606/948/935
f 606/948/935 673/947/934 674/949/936
f 606/948/935 674/949/936 605/950/937
f 605/950/937 674/949/936 675/951/938
f 605/950/937 675/951/938 604/952/939
f 604/952/939 675/951/938 676/953/940
f 604/952/939 676/953/940 603/954/941
f 603/954/941 676/953/940 677/955/942
f 603/954/941 677/955/942 602/956/943
f 602/956/943 677/955/942 678/957/944
f 602/956/943 678/957/944 601/958/945
f 601/958/945 678/957/944 679/959/946
f 601/958/945 679/959/946 600/960/947
f 600/960/947 679/959/946 680/961/948
f 600/960/947 680/961/948 599/962/949
f 599/962/949 680/961/948 681/963/950
f 599/962/949 681/963/950 598/876/865
f 598/876/865 681/963/950 682/877/866
f 597/964/951 639/965/952 598/966/953
f 598/966/953 639/965/952 599/967/954
f 599/967/954 639/965/952 638/968/955
f 599/967/954 638/968/955 600/969/956
f 600/969/956 638/968/955 601/970/957
f 601/970/957 638/968/955 602/971/958
f 602/971/958 638/968/955 637/972/959
f 602/971/958 637/972/959 603/973/960
f 603/973/960 637/972/959 604/974/961
f 604/974/961 637/972/959 605/975/962
f 605/975/962 637/972/959 606/976/963
f 606/976/963 637/972/959 607/977/964
f 607/977/964 637/972/959 608/978/965
f 608/978/965 637/972/959 609/979/966
f 609/979/966 637/972/959 610/980/967
f 610/980/967 637/972/959 611/981/968
f 611/981/968 637/972/959 612/982/969
f 612/982/969 637/972/959 613/983/970
f 613/983/970 637/972/959 614/984/971
f 614/984/971 637/972/959 615/985/972
f 615/985/972 637/972/959 616/986/973
f 616/986/973 637/972/959 617/987/974
f 617/987/974 637/972/959 618/988/975
f 618/988/975 637/972/959 619/989/976
f 619/989/976 637/972/959 620/990/977
f 620/990/977 637/972/959 621/991/978
f 621/991/978 637/972/959 622/992/979
f 622/992/979 637/972/959 636/993/980
f 622/992/979 636/993/980 623/994/981
f 623/994/981 636/993/980 635/995/982
f 623/994/981 635/995/982 624/996/983
f 624/996/983 635/995/982 634/997/984
f 624/996/983 634/997/984 625/998/985
f 625/998/985 634/997/984 633/999/986
f 625/998/985 633/999/986 626/1000/987
f 626/1000/987 633/999/986 632/1001/988
f 626/1000/987 632/1001/988 627/1002/989
f 627/1002/989 632/1001/988 631/1003/990
f 627/1002/989 631/1003/990 628/1004/991
f 628/1004/991 631/1003/990 630/1005/992
f 628/1004/991 630/1005/992 629/1006/993
f 683/1007/994 684/1008/995 686/1009/996
f 686/1009/996 684/1008/995 685/1010/997
f 684/1008/998 687/1011/999 685/1012/1000
f 685/1012/1000 687/1011/999 794/1013/1001
f 794/1013/1001 687/1011/999 688/1014/1002
f 794/1013/1001 688/1014/1002 793/1015/1003
f 793/1015/1003 688/1014/1002 689/1016/1004
f 793/1015/1003 689/1016/1004 792/1017/1005
f 792/1017/1005 689/1016/1004 690/1018/1006
f 792/1017/1005 690/1018/1006 791/1019/1007
f 791/1019/1007 690/1018/1006 691/1020/1008
f 791/1019/1007 691/1020/1008 790/1021/1009
f 790/1021/1009 691/1020/1008 692/1022/1010
f 790/1021/1009 692/1022/1010 789/1023/1011
f 789/1023/1011 692/1022/1010 693/1024/1012
f 789/1023/1011 693/1024/1012 788/1025/1013
f 788/1025/1013 693/1024/1012 694/1026/1014
f 788/1025/1013 694/1026/1014 787/1027/1015
f 787/1027/1015 694/1026/1014 695/1028/1016
f 787/1027/1015 695/1028/1016 786/1029/1017
f 786/1029/1017 695/1028/1016 696/1030/1018
f 786/1029/1017 696/1030/1018 785/1031/1019
f 785/1031/1019 696/1030/1018 697/1032/1020
f 785/1031/1019 697/1032/1020 784/1033/1021
f 784/1033/1021 697/1032/1020 698/1034/1022
f 784/1033/1021 698/1034/1022 783/1035/1023
f 783/1035/1023 698/1034/1022 699/1036/1024
f 783/1035/1023 699/1036/1024 782/1037/1025
f 782/1037/1025 699/1036/1024 700/1038/1026
f 782/1037/1025 700/1038/1026 781/1039/1027
f 781/1039/1027 700/1038/1026 701/1040/1028
f 781/1039/1027 701/1040/1028 780/1041/1029
f 780/1041/1029 701/1040/1028 702/1042/1030
f 780/1041/1029 702/1042/1030 779/1043/1031
f 779/1043/1031 702/1042/1030 703/1044/1032
f 779/1043/1031 703/1044/1032 778/1045/1033
f 778/1045/1033 703/1044/1032 704/1046/1034
f 778/1045/1033 704/1046/1034 777/1047/1035
f 777/1047/1035 704/1046/1034 705/1048/1036
f 777/1047/1035 705/1048/1036 776/1049/1037
f 776/1049/1037 705/1048/1036 706/1050/1038
f 776/1049/1037 706/1050/1038 775/1051/1039
f 775/1051/1039 706/1050/1038 707/1052/1040
f 775/1051/1039 707/1052/1040 774/1053/1041
f 774/1053/1041 707/1052/1040 708/1054/1042
f 774/1053/1041 708/1054/1042 773/1055/1043
f 773/1055/1043 708/1054/1042 709/1056/1044
f 773/1055/1043 709/1056/1044 772/1057/1045
f 772/1057/1045 709/1056/1044 710/1058/1046
f 772/1057/1045 710/1058/1046 771/1059/1047
f 771/1059/1047 710/1058/1046 711/1060/1048
f 771/1059/1047 711/1060/1048 770/1061/1049
f 770/1061/1049 711/1060/1048 712/1062/1050
f 770/1061/1049 712/1062/1050 769/1063/1051
f 769/1063/1051 712/1062/1050 713/1064/1052
f 769/1063/1051 713/1064/1052 768/1065/1053
f 768/1065/1053 713/1064/1052 714/1066/1054
f 768/1065/1053 714/1066/1054 767/1067/1055
f 767/1067/1055 714/1066/1054 715/1068/1056
f 767/1067/1055 715/1068/1056 766/1069/1057
f 766/1069/1057 715/1068/1056 716/1070/1058
f 766/1069/1057 716/1070/1058 765/1071/1059
f 765/1071/1059 716/1070/1058 717/1072/1060
f 765/1071/1059 717/1072/1060 764/1073/1061
f 764/1073/1061 717/1072/1060 718/1074/1062
f 764/1073/1061 718/1074/1062 763/1075/1063
f 763/1075/1063 718/1074/1062 719/1076/1064
f 763/1075/1063 719/1076/1064 762/1077/1065
f 762/1077/1065 719/1076/1064 720/1078/1066
f 762/1077/1065 720/1078/1066 761/1079/1067
f 761/1079/1067 720/1078/1066 721/1080/1068
f 761/1079/1067 721/1080/1068 760/1081/1069
f 760/1081/1069 721/1080/1068 722/1082/1070
f 760/1081/1069 722/1082/1070 759/1083/1071
f 759/1083/1071 722/1082/1070 723/1084/1072
f 759/1083/1071 723/1084/1072 758/1085/1073
f 758/1085/1073 723/1084/1072 724/1086/1074
f 758/1085/1073 724/1086/1074 757/1087/1075
f 757/1087/1075 724/1086/1074 725/1088/1076
f 757/1087/1075 725/1088/1076 756/1089/1077
f 756/1089/1077 725/1088/1076 726/1090/1078
f 756/1089/1077 726/1090/1078 755/1091/1079
f 755/1091/1079 726/1090/1078 727/1092/1080
f 755/1091/1079 727/1092/1080 754/1093/1081
f 754/1093/1081 727/1092/1080 728/1094/1082
f 754/1093/1081 728/1094/1082 753/1095/1083
f 753/1095/1083 728/1094/1082 729/1096/1084
f 753/1095/1083 729/1096/1084 752/1097/1085
f 752/1097/1085 729/1096/1084 730/1098/1086
f 752/1097/1085 730/1098/1086 751/1099/1087
f 751/1099/1087 730/1098/1086 731/1100/1088
f 751/1099/1087 731/1100/1088 750/1101/1089
f 750/1101/1089 731/1100/1088 732/1102/1090
f 750/1101/1089 732/1102/1090 749/1103/1091
f 749/1103/1091 732/1102/1090 733/1104/1092
f 749/1103/1091 733/1104/1092 748/1105/1093
f 748/1105/1093 733/1104/1092 734/1106/1094
f 748/1105/1093 734/1106/1094 747/1107/1095
f 747/1107/1095 734/1106/1094 735/1108/1096
f 747/1107/1095 735/1108/1096 746/1109/1097
f 746/1109/1097 735/1108/1096 736/1110/1098
f 746/1109/1097 736/1110/1098 745/1111/1099
f 745/1111/1099 736/1110/1098 737/1112/1100
f 745/1111/1099 737/1112/1100 744/1113/1101
f 744/1113/1101 737/1112/1100 738/1114/1102
f 744/1113/1101 738/1114/1102 743/1115/1103
f 743/1115/1103 738/1114/1102 739/1116/1104
f 743/1115/1103 739/1116/1104 742/1117/1105
f 742/1117/1105 739/1116/1104 740/1118/1106
f 742/1117/1105 740/1118/1106 741/1119/1107
f 740/1120/1108 795/1121/1109 741/1122/1110
f 741/1122/1110 795/1121/1109 796/1123/1111
f 796/1124/1112 797/1125/1113 741/1126/1114
f 741/1126/1114 797/1125/1113 798/1127/1115
f 741/1126/1114 798/1127/1115 799/1128/1116
f 799/1128/1116 800/1129/1117 741/1126/1114
f 741/1126/1114 800/1129/1117 801/1130/1118
f 741/1126/1114 801/1130/1118 802/1131/1119
f 802/1131/1119 803/1132/1120 741/1126/1114
f 741/1126/1114 803/1132/1120 742/1133/1121
f 742/1133/1121 803/1132/1120 743/1134/1122
f 743/1134/1122 803/1132/1120 804/1135/1123
f 743/1134/1122 804/1135/1123 744/1136/1124
f 744/1136/1124 804/1135/1123 745/1137/1125
f 745/1137/1125 804/1135/1123 746/1138/1126
f 746/1138/1126 804/1135/1123 747/1139/1127
f 747/1139/1127 804/1135/1123 805/1140/1128
f 747/1139/1127 805/1140/1128 748/1141/1129
f 748/1141/1129 805/1140/1128 749/1142/1130
f 749/1142/1130 805/1140/1128 774/1143/1131
f 749/1142/1130 774/1143/1131 750/1144/1132
f 750/1144/1132 774/1143/1131 751/1145/1133
f 751/1145/1133 774/1143/1131 752/1146/1134
f 752/1146/1134 774/1143/1131 753/1147/1135
f 753/1147/1135 774/1143/1131 754/1148/1136
f 754/1148/1136 774/1143/1131 755/1149/1137
f 755/1149/1137 774/1143/1131 756/1150/1138
f 756/1150/1138 774/1143/1131 757/1151/1139
f 757/1151/1139 774/1143/1131 758/1152/1140
f 758/1152/1140 774/1143/1131 759/1153/1141
f 759/1153/1141 774/1143/1131 760/1154/1142
f 760/1154/1142 774/1143/1131 761/1155/1143
f 761/1155/1143 774/1143/1131 773/1156/1144
f 761/1155/1143 773/1156/1144 762/1157/1145
f 762/1157/1145 773/1156/1144 772/1158/1146
f 762/1157/1145 772/1158/1146 763/1159/1147
f 763/1159/1147 772/1158/1146 771/1160/1148
f 763/1159/1147 771/1160/1148 764/1161/1149
f 764/1161/1149 771/1160/1148 770/1162/1150
f 764/1161/1149 770/1162/1150 765/1163/1151
f 765/1163/1151 770/1162/1150 769/1164/1152
f 765/1163/1151 769/1164/1152 766/1165/1153
f 766/1165/1153 769/1164/1152 767/1166/1154
f 767/1166/1154 769/1164/1152 768/1167/1155
f 805/1140/1128 806/1168/1156 774/1143/1131
f 774/1143/1131 806/1168/1156 807/1169/1157
f 774/1143/1131 807/1169/1157 808/1170/1158
f 808/1170/1158 809/1171/1159 774/1143/1131
f 774/1143/1131 809/1171/1159 810/1172/1160
f 774/1143/1131 810/1172/1160 811/1173/1161
f 811/1173/1161 812/1174/1162 774/1143/1131
f 774/1143/1131 812/1174/1162 813/1175/1163
f 774/1143/1131 813/1175/1163 775/1176/1164
f 775/1176/1164 813/1175/1163 776/1177/1165
f 776/1177/1165 813/1175/1163 777/1178/1166
f 777/1178/1166 813/1175/1163 778/1179/1167
f 778/1179/1167 813/1175/1163 779/1180/1168
f 779/1180/1168 813/1175/1163 686/1181/1169
f 779/1180/1168 686/1181/1169 780/1182/1170
f 780/1182/1170 686/1181/1169 781/1183/1171
f 781/1183/1171 686/1181/1169 782/1184/1172
f 782/1184/1172 686/1181/1169 783/1185/1173
f 783/1185/1173 686/1181/1169 784/1186/1174
f 784/1186/1174 686/1181/1169 785/1187/1175
f 785/1187/1175 686/1181/1169 786/1188/1176
f 786/1188/1176 686/1181/1169 787/1189/1177
f 787/1189/1177 686/1181/1169 788/1190/1178
f 788/1190/1178 686/1181/1169 789/1191/1179
f 789/1191/1179 686/1181/1169 790/1192/1180
f 790/1192/1180 686/1181/1169 791/1193/1181
f 791/1193/1181 686/1181/1169 792/1194/1182
f 792/1194/1182 686/1181/1169 793/1195/1183
f 793/1195/1183 686/1181/1169 794/1196/1184
f 794/1196/1184 686/1181/1169 685/1197/1185
f 814/1198/1186 815/1199/1187 817/1200/1188
f 817/1200/1188 815/1199/1187 816/1201/1189
f 815/1199/1190 818/1202/1191 816/1203/1192
f 816/1203/1192 818/1202/1191 925/1204/1193
f 925/1204/1193 818/1202/1191 819/1205/1194
f 925/1204/1193 819/1205/1194 924/1206/1195
f 924/1206/1195 819/1205/1194 820/1207/1196
f 924/1206/1195 820/1207/1196 923/1208/1197
f 923/1208/1197 820/1207/1196 821/1209/1198
f 923/1208/1197 821/1209/1198 922/1210/1199
f 922/1210/1199 821/1209/1198 822/1211/1200
f 922/1210/1199 822/1211/1200 921/1212/1201
f 921/1212/1201 822/1211/1200 823/1213/1202
f 921/1212/1201 823/1213/1202 920/1214/1203
f 920/1214/1203 823/1213/1202 824/1215/1204
f 920/1214/1203 824/1215/1204 919/1216/1205
f 919/1216/1205 824/1215/1204 825/1217/1206
f 919/1216/1205 825/1217/1206 918/1218/1207
f 918/1218/1207 825/1217/1206 826/1219/1208
f 918/1218/1207 826/1219/1208 917/1220/1209
f 917/1220/1209 826/1219/1208 827/1221/1210
f 917/1220/1209 827/1221/1210 916/1222/1211
f 916/1222/1211 827/1221/1210 828/1223/1212
f 916/1222/1211 828/1223/1212 915/1224/1213
f 915/1224/1213 828/1223/1212 829/1225/1214
f 915/1224/1213 829/1225/1214 914/1226/1215
f 914/1226/1215 829/1225/1214 830/1227/1216
f 914/1226/1215 830/1227/1216 913/1228/1217
f 913/1228/1217 830/1227/1216 831/1229/1218
f 913/1228/1217 831/1229/1218 912/1230/1219
f 912/1230/1219 831/1229/1218 832/1231/1220
f 912/1230/1219 832/1231/1220 911/1232/1221
f 911/1232/1221 832/1231/1220 833/1233/1222
f 911/1232/1221 833/1233/1222 910/1234/1223
f 910/1234/1223 833/1233/1222 834/1235/1224
f 910/1234/1223 834/1235/1224 909/1236/1225
f 909/1236/1225 834/1235/1224 835/1237/1226
f 909/1236/1225 835/1237/1226 908/1238/1227
f 908/1238/1227 835/1237/1226 836/1239/1228
f 908/1238/1227 836/1239/1228 907/1240/1229
f 907/1240/1229 836/1239/1228 837/1241/1230
f 907/1240/1229 837/1241/1230 906/1242/1231
f 906/1242/1231 837/1241/1230 838/1243/1232
f 906/1242/1231 838/1243/1232 905/1244/1233
f 905/1244/1233 838/1243/1232 839/1245/1234
f 905/1244/1233 839/1245/1234 904/1246/1235
f 904/1246/1235 839/1245/1234 840/1247/1236
f 904/1246/1235 840/1247/1236 903/1248/1237
f 903/1248/1237 840/1247/1236 841/1249/1238
f 903/1248/1237 841/1249/1238 902/1250/1239
f 902/1250/1239 841/1249/1238 842/1251/1240
f 902/1250/1239 842/1251/1240 901/1252/1241
f 901/1252/1241 842/1251/1240 843/1253/1242
f 901/1252/1241 843/1253/1242 900/1254/1243
f 900/1254/1243 843/1253/1242 844/1255/1244
f 900/1254/1243 844/1255/1244 899/1256/1245
f 899/1256/1245 844/1255/1244 845/1257/1246
f 899/1256/1245 845/1257/1246 898/1258/1247
f 898/1258/1247 845/1257/1246 846/1259/1248
f 898/1258/1247 846/1259/1248 897/1260/1249
f 897/1260/1249 846/1259/1248 847/1261/1250
f 897/1260/1249 847/1261/1250 896/1262/1251
f 896/1262/1251 847/1261/1250 848/1263/1252
f 896/1262/1251 848/1263/1252 895/1264/1253
f 895/1264/1253 848/1263/1252 849/1265/1254
f 895/1264/1253 849/1265/1254 894/1266/1255
f 894/1266/1255 849/1265/1254 850/1267/1256
f 894/1266/1255 850/1267/1256 893/1268/1257
f 893/1268/1257 850/1267/1256 851/1269/1258
f 893/1268/1257 851/1269/1258 892/1270/1259
f 892/1270/1259 851/1269/1258 852/1271/1260
f 892/1270/1259 852/1271/1260 891/1272/1261
f 891/1272/1261 852/1271/1260 853/1273/1262
f 891/1272/1261 853/1273/1262 890/1274/1263
f 890/1274/1263 853/1273/1262 854/1275/1264
f 890/1274/1263 854/1275/1264 889/1276/1265
f 889/1276/1265 854/1275/1264 855/1277/1266
f 889/1276/1265 855/1277/1266 888/1278/1267
f 888/1278/1267 855/1277/1266 856/1279/1268
f 888/1278/1267 856/1279/1268 887/1280/1269
f 887/1280/1269 856/1279/1268 857/1281/1270
f 887/1280/1269 857/1281/1270 886/1282/1271
f 886/1282/1271 857/1281/1270 858/1283/1272
f 886/1282/1271 858/1283/1272 885/1284/1273
f 885/1284/1273 858/1283/1272 859/1285/1274
f 885/1284/1273 859/1285/1274 884/1286/1275
f 884/1286/1275 859/1285/1274 860/1287/1276
f 884/1286/1275 860/1287/1276 883/1288/1277
f 883/1288/1277 860/1287/1276 861/1289/1278
f 883/1288/1277 861/1289/1278 882/1290/1279
f 882/1290/1279 861/1289/1278 862/1291/1280
f 882/1290/1279 862/1291/1280 881/1292/1281
f 881/1292/1281 862/1291/1280 863/1293/1282
f 881/1292/1281 863/1293/1282 880/1294/1283
f 880/1294/1283 863/1293/1282 864/1295/1284
f 880/1294/1283 864/1295/1284 879/1296/1285
f 879/1296/1285 864/1295/1284 865/1297/1286
f 879/1296/1285 865/1297/1286 878/1298/1287
f 878/1298/1287 865/1297/1286 866/1299/1288
f 878/1298/1287 866/1299/1288 877/1300/1289
f 877/1300/1289 866/1299/1288 867/1301/1290
f 877/1300/1289 867/1301/1290 876/1302/1291
f 876/1302/1291 867/1301/1290 868/1303/1292
f 876/1302/1291 868/1303/1292 875/1304/1293
f 875/1304/1293 868/1303/1292 869/1305/1294
f 875/1304/1293 869/1305/1294 874/1306/1295
f 874/1306/1295 869/1305/1294 870/1307/1296
f 874/1306/1295 870/1307/1296 873/1308/1297
f 873/1308/1297 870/1307/1296 871/1309/1298
f 873/1308/1297 871/1309/1298 872/1310/1299
f 871/1311/1300 926/1312/1301 872/1313/1302
f 872/1313/1302 926/1312/1301 927/1314/1303
f 927/1315/1304 928/1316/1305 872/1317/1306
f 872/1317/1306 928/1316/1305 929/1318/1307
f 872/1317/1306 929/1318/1307 930/1319/1308
f 930/1319/1308 931/1320/1309 872/1317/1306
f 872/1317/1306 931/1320/1309 932/1321/1310
f 872/1317/1306 932/1321/1310 933/1322/1311
f 933/1322/1311 934/1323/1312 872/1317/1306
f 872/1317/1306 934/1323/1312 935/1324/1313
f 872/1317/1306 935/1324/1313 936/1325/1314
f 872/1317/1306 936/1325/1314 816/1326/1315
f 816/1326/1315 936/1325/1314 937/1327/1316
f 816/1326/1315 937/1327/1316 938/1328/1317
f 938/1328/1317 939/1329/1318 816/1326/1315
f 816/1326/1315 939/1329/1318 940/1330/1319
f 816/1326/1315 940/1330/1319 941/1331/1320
f 941/1331/1320 942/1332/1321 816/1326/1315
f 816/1326/1315 942/1332/1321 943/1333/1322
f 816/1326/1315 943/1333/1322 944/1334/1323
f 944/1334/1323 817/1335/1324 816/1326/1315
f 872/1317/1306 816/1326/1315 873/1336/1325
f 873/1336/1325 816/1326/1315 925/1337/1326
f 873/1336/1325 925/1337/1326 874/1338/1327
f 874/1338/1327 925/1337/1326 924/1339/1328
f 874/1338/1327 924/1339/1328 875/1340/1329
f 875/1340/1329 924/1339/1328 923/1341/1330
f 875/1340/1329 923/1341/1330 876/1342/1331
f 876/1342/1331 923/1341/1330 922/1343/1332
f 876/1342/1331 922/1343/1332 877/1344/1333
f 877/1344/1333 922/1343/1332 921/1345/1334
f 877/1344/1333 921/1345/1334 878/1346/1335
f 878/1346/1335 921/1345/1334 920/1347/1336
f 878/1346/1335 920/1347/1336 879/1348/1337
f 879/1348/1337 920/1347/1336 919/1349/1338
f 879/1348/1337 919/1349/1338 880/1350/1339
f 880/1350/1339 919/1349/1338 918/1351/1340
f 880/1350/1339 918/1351/1340 881/1352/1341
f 881/1352/1341 918/1351/1340 917/1353/1342
f 881/1352/1341 917/1353/1342 882/1354/1343
f 882/1354/1343 917/1353/1342 916/1355/1344
f 882/1354/1343 916/1355/1344 883/1356/1345
f 883/1356/1345 916/1355/1344 915/1357/1346
f 883/1356/1345 915/1357/1346 884/1358/1347
f 884/1358/1347 915/1357/1346 914/1359/1348
f 884/1358/1347 914/1359/1348 885/1360/1349
f 885/1360/1349 914/1359/1348 913/1361/1350
f 885/1360/1349 913/1361/1350 886/1362/1351
f 886/1362/1351 913/1361/1350 912/1363/1352
f 886/1362/1351 912/1363/1352 887/1364/1353
f 887/1364/1353 912/1363/1352 911/1365/1354
f 887/1364/1353 911/1365/1354 888/1366/1355
f 888/1366/1355 911/1365/1354 910/1367/1356
f 888/1366/1355 910/1367/1356 889/1368/1357
f 889/1368/1357 910/1367/1356 909/1369/1358
f 889/1368/1357 909/1369/1358 890/1370/1359
f 890/1370/1359 909/1369/1358 908/1371/1360
f 890/1370/1359 908/1371/1360 891/1372/1361
f 891/1372/1361 908/1371/1360 907/1373/1362
f 891/1372/1361 907/1373/1362 892/1374/1363
f 892/1374/1363 907/1373/1362 906/1375/1364
f 892/1374/1363 906/1375/1364 893/1376/1365
f 893/1376/1365 906/1375/1364 905/1377/1366
f 893/1376/1365 905/1377/1366 894/1378/1367
f 894/1378/1367 905/1377/1366 904/1379/1368
f 894/1378/1367 904/1379/1368 895/1380/1369
f 895/1380/1369 904/1379/1368 903/1381/1370
f 895/1380/1369 903/1381/1370 896/1382/1371
f 896/1382/1371 903/1381/1370 902/1383/1372
f 896/1382/1371 902/1383/1372 897/1384/1373
f 897/1384/1373 902/1383/1372 901/1385/1374
f 897/1384/1373 901/1385/1374 898/1386/1375
f 898/1386/1375 901/1385/1374 900/1387/1376
f 898/1386/1375 900/1387/1376 899/1388/1377
f 945/1389/1378 946/1390/1379 948/1391/1380
f 948/1391/1380 946/1390/1379 947/1392/1381
f 949/1393/1382 950/1394/1383 952/1395/1384
f 952/1395/1384 950/1394/1383 951/1396/1385
f 950/1394/1386 953/1397/1387 951/1398/1388
f 951/1398/1388 953/1397/1387 1058/1399/1389
f 1058/1399/1389 953/1397/1387 954/1400/1390
f 1058/1399/1389 954/1400/1390 1057/1401/1391
f 1057/1401/1391 954/1400/1390 955/1402/1392
f 1057/1401/1391 955/1402/1392 1056/1403/1393
f 1056/1403/1393 955/1402/1392 956/1404/1394
f 1056/1403/1393 956/1404/1394 1055/1405/1395
f 1055/1405/1395 956/1404/1394 957/1406/1396
f 1055/1405/1395 957/1406/1396 1054/1407/1397
f 1054/1407/1397 957/1406/1396 958/1408/1398
f 1054/1407/1397 958/1408/1398 1053/1409/1399
f 1053/1409/1399 958/1408/1398 959/1410/1400
f 1053/1409/1399 959/1410/1400 1052/1411/1401
f 1052/1411/1401 959/1410/1400 960/1412/1402
f 1052/1411/1401 960/1412/1402 1051/1413/1403
f 1051/1413/1403 960/1412/1402 961/1414/1404
f 1051/1413/1403 961/1414/1404 1050/1415/1405
f 1050/1415/1405 961/1414/1404 962/1416/1406
f 1050/1415/1405 962/1416/1406 1049/1417/1407
f 1049/1417/1407 962/1416/1406 963/1418/1408
f 1049/1417/1407 963/1418/1408 1048/1419/1409
f 1048/1419/1409 963/1418/1408 964/1420/1410
f 1048/1419/1409 964/1420/1410 1047/1421/1411
f 1047/1421/1411 964/1420/1410 965/1422/1412
f 1047/1421/1411 965/1422/1412 1046/1423/1413
f 1046/1423/1413 965/1422/1412 966/1424/1414
f 1046/1423/1413 966/1424/1414 1045/1425/1415
f 1045/1425/1415 966/1424/1414 967/1426/1416
f 1045/1425/1415 967/1426/1416 1044/1427/1417
f 1044/1427/1417 967/1426/1416 968/1428/1418
f 1044/1427/1417 968/1428/1418 1043/1429/1419
f 1043/1429/1419 968/1428/1418 969/1430/1420
f 1043/1429/1419 969/1430/1420 1042/1431/1421
f 1042/1431/1421 969/1430/1420 970/1432/1422
f 1042/1431/1421 970/1432/1422 1041/1433/1423
f 1041/1433/1423 970/1432/1422 971/1434/1424
f 1041/1433/1423 971/1434/1424 1040/1435/1425
f 1040/1435/1425 971/1434/1424 972/1436/1426
f 1040/1435/1425 972/1436/1426 1039/1437/1427
f 1039/1437/1427 972/1436/1426 973/1438/1428
f 1039/1437/1427 973/1438/1428 1038/1439/1429
f 1038/1439/1429 973/1438/1428 974/1440/1430
f 1038/1439/1429 974/1440/1430 1037/1441/1431
f 1037/1441/1431 974/1440/1430 975/1442/1432
f 1037/1441/1431 975/1442/1432 1036/1443/1433
f 1036/1443/1433 975/1442/1432 976/1444/1434
f 1036/1443/1433 976/1444/1434 1035/1445/1435
f 1035/1445/1435 976/1444/1434 977/1446/1436
f 1035/1445/1435 977/1446/1436 1034/1447/1437
f 1034/1447/1437 977/1446/1436 978/1448/1438
f 1034/1447/1437 978/1448/1438 1033/1449/1439
f 1033/1449/1439 978/1448/1438 979/1450/1440
f 1033/1449/1439 979/1450/1440 1032/1451/1441
f 1032/1451/1441 979/1450/1440 980/1452/1442
f 1032/1451/1441 980/1452/1442 1031/1453/1443
f 1031/1453/1443 980/1452/1442 981/1454/1444
f 1031/1453/1443 981/1454/1444 1030/1455/1445
f 1030/1455/1445 981/1454/1444 982/1456/1446
f 1030/1455/1445 982/1456/1446 1029/1457/1447
f 1029/1457/1447 982/1456/1446 983/1458/1448
f 1029/1457/1447 983/1458/1448 1028/1459/1449
f 1028/1459/1449 983/1458/1448 984/1460/1450
f 1028/1459/1449 984/1460/1450 1027/1461/1451
f 1027/1461/1451 984/1460/1450 985/1462/1452
f 1027/1461/1451 985/1462/1452 1026/1463/1453
f 1026/1463/1453 985/1462/1452 986/1464/1454
f 1026/1463/1453 986/1464/1454 1025/1465/1455
f 1025/1465/1455 986/1464/1454 987/1466/1456
f 1025/1465/1455 987/1466/1456 1024/1467/1457
f 1024/1467/1457 987/1466/1456 988/1468/1458
f 1024/1467/1457 988/1468/1458 1023/1469/1459
f 1023/1469/1459 988/1468/1458 989/1470/1460
f 1023/1469/1459 989/1470/1460 1022/1471/1461
f 1022/1471/1461 989/1470/1460 990/1472/1462
f 1022/1471/1461 990/1472/1462 1021/1473/1463
f 1021/1473/1463 990/1472/1462 991/1474/1464
f 1021/1473/1463 991/1474/1464 1020/1475/1465
f 1020/1475/1465 991/1474/1464 992/1476/1466
f 1020/1475/1465 992/1476/1466 1019/1477/1467
f 1019/1477/1467 992/1476/1466 993/1478/1468
f 1019/1477/1467 993/1478/1468 1018/1479/1469
f 1018/1479/1469 993/1478/1468 994/1480/1470
f 1018/1479/1469 994/1480/1470 1017/1481/1471
f 1017/1481/1471 994/1480/1470 995/1482/1472
f 1017/1481/1471 995/1482/1472 1016/1483/1473
f 1016/1483/1473 995/1482/1472 996/1484/1474
f 1016/1483/1473 996/1484/1474 1015/1485/1475
f 1015/1485/1475 996/1484/1474 997/1486/1476
f 1015/1485/1475 997/1486/1476 1014/1487/1477
f 1014/1487/1477 997/1486/1476 998/1488/1478
f 1014/1487/1477 998/1488/1478 1013/1489/1479
f 1013/1489/1479 998/1488/1478 999/1490/1480
f 1013/1489/1479 999/1490/1480 1012/1491/1481
f 1012/1491/1481 999/1490/1480 1000/1492/1482
f 1012/1491/1481 1000/1492/1482 1011/1493/1483
f 1011/1493/1483 1000/1492/1482 1001/1494/1484
f 1011/1493/1483 1001/1494/1484 1010/1495/1485
f 1010/1495/1485 1001/1494/1484 1002/1496/1486
f 1010/1495/1485 1002/1496/1486 1009/1497/1487
f 1009/1497/1487 1002/1496/1486 1003/1498/1488
f 1009/1497/1487 1003/1498/1488 1008/1499/1489
f 1008/1499/1489 1003/1498/1488 1004/1500/1490
f 1008/1499/1489 1004/1500/1490 1007/1501/1491
f 1007/1501/1491 1004/1500/1490 1005/1502/1492
f 1007/1501/1491 1005/1502/1492 1006/1503/1493
f 1006/1503/1493 1005/1502/1492 945/1504/1494
f 1006/1503/1493 945/1504/1494 948/1505/1495
f 952/1506/1496 951/1507/1497 1068/1508/1498
f 1068/1508/1498 951/1507/1497 1058/1509/1499
f 1068/1508/1498 1058/1509/1499 1067/1510/1500
f 1067/1510/1500 1058/1509/1499 1057/1511/1501
f 1067/1510/1500 1057/1511/1501 1056/1512/1502
f 1056/1512/1502 1055/1513/1503 1067/1510/1500
f 1067/1510/1500 1055/1513/1503 1054/1514/1504
f 1067/1510/1500 1054/1514/1504 1066/1515/1505
f 1066/1515/1505 1054/1514/1504 1053/1516/1506
f 1066/1515/1505 1053/1516/1506 1052/1517/1507
f 1052/1517/1507 1051/1518/1508 1066/1515/1505
f 1066/1515/1505 1051/1518/1508 1065/1519/1509
f 1065/1519/1509 1051/1518/1508 1050/1520/1510
f 1065/1519/1509 1050/1520/1510 1049/1521/1511
f 1049/1521/1511 1048/1522/1512 1065/1519/1509
f 1065/1519/1509 1048/1522/1512 1064/1523/1513
f 1064/1523/1513 1048/1522/1512 1047/1524/1514
f 1064/1523/1513 1047/1524/1514 1046/1525/1515
f 1046/1525/1515 1045/1526/1516 1064/1523/1513
f 1064/1523/1513 1045/1526/1516 1044/1527/1517
f 1064/1523/1513 1044/1527/1517 1063/1528/1518
f 1063/1528/1518 1044/1527/1517 1043/1529/1519
f 1063/1528/1518 1043/1529/1519 1042/1530/1520
f 1042/1530/1520 1041/1531/1521 1063/1528/1518
f 1063/1528/1518 1041/1531/1521 1040/1532/1522
f 1063/1528/1518 1040/1532/1522 1039/1533/1523
f 1038/1534/1524 1012/1535/1525 1039/1533/1523
f 1039/1533/1523 1012/1535/1525 1011/1536/1526
f 1039/1533/1523 1011/1536/1526 1062/1537/1527
f 1062/1537/1527 1011/1536/1526 1010/1538/1528
f 1062/1537/1527 1010/1538/1528 1009/1539/1529
f 1037/1540/1530 1028/1541/1531 1038/1534/1524
f 1038/1534/1524 1028/1541/1531 1027/1542/1532
f 1038/1534/1524 1027/1542/1532 1026/1543/1533
f 1028/1541/1531 1037/1540/1530 1029/1544/1534
f 1029/1544/1534 1037/1540/1530 1036/1545/1535
f 1029/1544/1534 1036/1545/1535 1030/1546/1536
f 1030/1546/1536 1036/1545/1535 1031/1547/1537
f 1031/1547/1537 1036/1545/1535 1035/1548/1538
f 1031/1547/1537 1035/1548/1538 1034/1549/1539
f 1033/1550/1540 1032/1551/1541 1034/1549/1539
f 1034/1549/1539 1032/1551/1541 1031/1547/1537
f 1026/1543/1533 1025/1552/1542 1038/1534/1524
f 1038/1534/1524 1025/1552/1542 1024/1553/1543
f 1038/1534/1524 1024/1553/1543 1023/1554/1544
f 1023/1554/1544 1022/1555/1545 1038/1534/1524
f 1038/1534/1524 1022/1555/1545 1021/1556/1546
f 1038/1534/1524 1021/1556/1546 1020/1557/1547
f 1020/1557/1547 1019/1558/1548 1038/1534/1524
f 1038/1534/1524 1019/1558/1548 1018/1559/1549
f 1038/1534/1524 1018/1559/1549 1017/1560/1550
f 1017/1560/1550 1016/1561/1551 1038/1534/1524
f 1038/1534/1524 1016/1561/1551 1015/1562/1552
f 1038/1534/1524 1015/1562/1552 1014/1563/1553
f 1014/1563/1553 1013/1564/1554 1038/1534/1524
f 1038/1534/1524 1013/1564/1554 1012/1535/1525
f 1009/1539/1529 1008/1565/1555 1062/1537/1527
f 1062/1537/1527 1008/1565/1555 1007/1566/1556
f 1062/1537/1527 1007/1566/1556 1006/1567/1557
f 1006/1567/1557 948/1568/1558 1062/1537/1527
f 1062/1537/1527 948/1568/1558 1061/1569/1559
f 1061/1569/1559 948/1568/1558 1060/1570/1560
f 1060/1570/1560 948/1568/1558 1059/1571/1561
f 1059/1571/1561 948/1568/1558 947/1572/1562
f 1062/1537/1527 1063/1528/1518 1039/1533/1523
f 1068/1508/1498 1069/1573/1563 952/1506/1496
f 952/1506/1496 1069/1573/1563 1070/1574/1564
f 952/1506/1496 1070/1574/1564 1071/1575/1565
f 1071/1575/1565 1072/1576/1566 952/1506/1496
f 952/1506/1496 1072/1576/1566 1073/1577/1567
f 952/1506/1496 1073/1577/1567 1074/1578/1568
f 1074/1578/1568 1075/1579/1569 952/1506/1496
f 1076/1580/1570 1077/1581/1571 1079/1582/1572
f 1079/1582/1572 1077/1581/1571 1078/1583/1573
f 1077/1581/1574 1080/1584/1575 1078/1585/1576
f 1078/1585/1576 1080/1584/1575 1187/1586/1577
f 1187/1586/1577 1080/1584/1575 1081/1587/1578
f 1187/1586/1577 1081/1587/1578 1186/1588/1579
f 1186/1588/1579 1081/1587/1578 1082/1589/1580
f 1186/1588/1579 1082/1589/1580 1185/1590/1581
f 1185/1590/1581 1082/1589/1580 1083/1591/1582
f 1185/1590/1581 1083/1591/1582 1184/1592/1583
f 1184/1592/1583 1083/1591/1582 1084/1593/1584
f 1184/1592/1583 1084/1593/1584 1183/1594/1585
f 1183/1594/1585 1084/1593/1584 1085/1595/1586
f 1183/1594/1585 1085/1595/1586 1182/1596/1587
f 1182/1596/1587 1085/1595/1586 1086/1597/1588
f 1182/1596/1587 1086/1597/1588 1181/1598/1589
f 1181/1598/1589 1086/1597/1588 1087/1599/1590
f 1181/1598/1589 1087/1599/1590 1180/1600/1591
f 1180/1600/1591 1087/1599/1590 1088/1601/1592
f 1180/1600/1591 1088/1601/1592 1179/1602/1593
f 1179/1602/1593 1088/1601/1592 1089/1603/1594
f 1179/1602/1593 1089/1603/1594 1178/1604/1595
f 1178/1604/1595 1089/1603/1594 1090/1605/1596
f 1178/1604/1595 1090/1605/1596 1177/1606/1597
f 1177/1606/1597 1090/1605/1596 1091/1607/1598
f 1177/1606/1597 1091/1607/1598 1176/1608/1599
f 1176/1608/1599 1091/1607/1598 1092/1609/1600
f 1176/1608/1599 1092/1609/1600 1175/1610/1601
f 1175/1610/1601 1092/1609/1600 1093/1611/1602
f 1175/1610/1601 1093/1611/1602 1174/1612/1603
f 1174/1612/1603 1093/1611/1602 1094/1613/1604
f 1174/1612/1603 1094/1613/1604 1173/1614/1605
f 1173/1614/1605 1094/1613/1604 1095/1615/1606
f 1173/1614/1605 1095/1615/1606 1172/1616/1607
f 1172/1616/1607 1095/1615/1606 1096/1617/1608
f 1172/1616/1607 1096/1617/1608 1171/1618/1609
f 1171/1618/1609 1096/1617/1608 1097/1619/1610
f 1171/1618/1609 1097/1619/1610 1170/1620/1611
f 1170/1620/1611 1097/1619/1610 1098/1621/1612
f 1170/1620/1611 1098/1621/1612 1169/1622/1613
f 1169/1622/1613 1098/1621/1612 1099/1623/1614
f 1169/1622/1613 1099/1623/1614 1168/1624/1615
f 1168/1624/1615 1099/1623/1614 1100/1625/1616
f 1168/1624/1615 1100/1625/1616 1167/1626/1617
f 1167/1626/1617 1100/1625/1616 1101/1627/1618
f 1167/1626/1617 1101/1627/1618 1166/1628/1619
f 1166/1628/1619 1101/1627/1618 1102/1629/1620
f 1166/1628/1619 1102/1629/1620 1165/1630/1621
f 1165/1630/1621 1102/1629/1620 1103/1631/1622
f 1165/1630/1621 1103/1631/1622 1164/1632/1623
f 1164/1632/1623 1103/1631/1622 1104/1633/1624
f 1164/1632/1623 1104/1633/1624 1163/1634/1625
f 1163/1634/1625 1104/1633/1624 1105/1635/1626
f 1163/1634/1625 1105/1635/1626 1162/1636/1627
f 1162/1636/1627 1105/1635/1626 1106/1637/1628
f 1162/1636/1627 1106/1637/1628 1161/1638/1629
f 1161/1638/1629 1106/1637/1628 1107/1639/1630
f 1161/1638/1629 1107/1639/1630 1160/1640/1631
f 1160/1640/1631 1107/1639/1630 1108/1641/1632
f 1160/1640/1631 1108/1641/1632 1159/1642/1633
f 1159/1642/1633 1108/1641/1632 1109/1643/1634
f 1159/1642/1633 1109/1643/1634 1158/1644/1635
f 1158/1644/1635 1109/1643/1634 1110/1645/1636
f 1158/1644/1635 1110/1645/1636 1157/1646/1637
f 1157/1646/1637 1110/1645/1636 1111/1647/1638
f 1157/1646/1637 1111/1647/1638 1156/1648/1639
f 1156/1648/1639 1111/1647/1638 1112/1649/1640
f 1156/1648/1639 1112/1649/1640 1155/1650/1641
f 1155/1650/1641 1112/1649/1640 1113/1651/1642
f 1155/1650/1641 1113/1651/1642 1154/1652/1643
f 1154/1652/1643 1113/1651/1642 1114/1653/1644
f 1154/1652/1643 1114/1653/1644 1153/1654/1645
f 1153/1654/1645 1114/1653/1644 1115/1655/1646
f 1153/1654/1645 1115/1655/1646 1152/1656/1647
f 1152/1656/1647 1115/1655/1646 1116/1657/1648
f 1152/1656/1647 1116/1657/1648 1151/1658/1649
f 1151/1658/1649 1116/1657/1648 1117/1659/1650
f 1151/1658/1649 1117/1659/1650 1150/1660/1651
f 1150/1660/1651 1117/1659/1650 1118/1661/1652
f 1150/1660/1651 1118/1661/1652 1149/1662/1653
f 1149/1662/1653 1118/1661/1652 1119/1663/1654
f 1149/1662/1653 1119/1663/1654 1148/1664/1655
f 1148/1664/1655 1119/1663/1654 1120/1665/1656
f 1148/1664/1655 1120/1665/1656 1147/1666/1657
f 1147/1666/1657 1120/1665/1656 1121/1667/1658
f 1147/1666/1657 1121/1667/1658 1146/1668/1659
f 1146/1668/1659 1121/1667/1658 1122/1669/1660
f 1146/1668/1659 1122/1669/1660 1145/1670/1661
f 1145/1670/1661 1122/1669/1660 1123/1671/1662
f 1145/1670/1661 1123/1671/1662 1144/1672/1663
f 1144/1672/1663 1123/1671/1662 1124/1673/1664
f 1144/1672/1663 1124/1673/1664 1143/1674/1665
f 1143/1674/1665 1124/1673/1664 1125/1675/1666
f 1143/1674/1665 1125/1675/1666 1142/1676/1667
f 1142/1676/1667 1125/1675/1666 1126/1677/1668
f 1142/1676/1667 1126/1677/1668 1141/1678/1669
f 1141/1678/1669 1126/1677/1668 1127/1679/1670
f 1141/1678/1669 1127/1679/1670 1140/1680/1671
f 1140/1680/1671 1127/1679/1670 1128/1681/1672
f 1140/1680/1671 1128/1681/1672 1139/1682/1673
f 1139/1682/1673 1128/1681/1672 1129/1683/1674
f 1139/1682/1673 1129/1683/1674 1138/1684/1675
f 1138/1684/1675 1129/1683/1674 1130/1685/1676
f 1138/1684/1675 1130/1685/1676 1137/1686/1677
f 1137/1686/1677 1130/1685/1676 1131/1687/1678
f 1137/1686/1677 1131/1687/1678 1136/1688/1679
f 1136/1688/1679 1131/1687/1678 1132/1689/1680
f 1136/1688/1679 1132/1689/1680 1135/1690/1681
f 1135/1690/1681 1132/1689/1680 1133/1691/1682
f 1135/1690/1681 1133/1691/1682 1134/1692/1683
f 1133/1693/1684 1188/1694/1685 1134/1695/1686
f 1134/1695/1686 1188/1694/1685 1189/1696/1687
f 1134/1697/1688 1189/1698/1689 1135/1699/1690
f 1135/1699/1690 1189/1698/1689 1136/1700/1691
f 1136/1700/1691 1189/1698/1689 1137/1701/1692
f 1137/1701/1692 1189/1698/1689 1138/1702/1693
f 1138/1702/1693 1189/1698/1689 1139/1703/1694
f 1139/1703/1694 1189/1698/1689 1140/1704/1695
f 1140/1704/1695 1189/1698/1689 1141/1705/1696
f 1141/1705/1696 1189/1698/1689 1142/1706/1697
f 1142/1706/1697 1189/1698/1689 1143/1707/1698
f 1143/1707/1698 1189/1698/1689 1144/1708/1699
f 1144/1708/1699 1189/1698/1689 1145/1709/1700
f 1145/1709/1700 1189/1698/1689 1146/1710/1701
f 1146/1710/1701 1189/1698/1689 1147/1711/1702
f 1147/1711/1702 1189/1698/1689 1148/1712/1703
f 1148/1712/1703 1189/1698/1689 1190/1713/1704
f 1148/1712/1703 1190/1713/1704 1149/1714/1705
f 1149/1714/1705 1190/1713/1704 1150/1715/1706
f 1150/1715/1706 1190/1713/1704 1151/1716/1707
f 1151/1716/1707 1190/1713/1704 1152/1717/1708
f 1152/1717/1708 1190/1713/1704 1153/1718/1709
f 1153/1718/1709 1190/1713/1704 1154/1719/1710
f 1154/1719/1710 1190/1713/1704 1155/1720/1711
f 1155/1720/1711 1190/1713/1704 1191/1721/1712
f 1155/1720/1711 1191/1721/1712 1192/1722/1713
f 1192/1722/1713 1193/1723/1714 1155/1720/1711
f 1155/1720/1711 1193/1723/1714 1194/1724/1715
f 1155/1720/1711 1194/1724/1715 1195/1725/1716
f 1195/1725/1716 1196/1726/1717 1155/1720/1711
f 1155/1720/1711 1196/1726/1717 1197/1727/1718
f 1155/1720/1711 1197/1727/1718 1180/1728/1719
f 1180/1728/1719 1197/1727/1718 1198/1729/1720
f 1180/1728/1719 1198/1729/1720 1181/1730/1721
f 1181/1730/1721 1198/1729/1720 1182/1731/1722
f 1182/1731/1722 1198/1729/1720 1183/1732/1723
f 1183/1732/1723 1198/1729/1720 1199/1733/1724
f 1183/1732/1723 1199/1733/1724 1184/1734/1725
f 1184/1734/1725 1199/1733/1724 1185/1735/1726
f 1185/1735/1726 1199/1733/1724 1186/1736/1727
f 1186/1736/1727 1199/1733/1724 1200/1737/1728
f 1186/1736/1727 1200/1737/1728 1187/1738/1729
f 1187/1738/1729 1200/1737/1728 1078/1739/1730
f 1078/1739/1730 1200/1737/1728 1201/1740/1731
f 1078/1739/1730 1201/1740/1731 1202/1741/1732
f 1202/1741/1732 1203/1742/1733 1078/1739/1730
f 1078/1739/1730 1203/1742/1733 1204/1743/1734
f 1078/1739/1730 1204/1743/1734 1205/1744/1735
f 1205/1744/1735 1206/1745/1736 1078/1739/1730
f 1078/1739/1730 1206/1745/1736 1079/1746/1737
f 1180/1728/1719 1179/1747/1738 1155/1720/1711
f 1155/1720/1711 1179/1747/1738 1178/1748/1739
f 1155/1720/1711 1178/1748/1739 1177/1749/1740
f 1177/1749/1740 1176/1750/1741 1155/1720/1711
f 1155/1720/1711 1176/1750/1741 1175/1751/1742
f 1155/1720/1711 1175/1751/1742 1174/1752/1743
f 1174/1752/1743 1173/1753/1744 1155/1720/1711
f 1155/1720/1711 1173/1753/1744 1172/1754/1745
f 1155/1720/1711 1172/1754/1745 1171/1755/1746
f 1171/1755/1746 1170/1756/1747 1155/1720/1711
f 1155/1720/1711 1170/1756/1747 1169/1757/1748
f 1155/1720/1711 1169/1757/1748 1168/1758/1749
f 1155/1720/1711 1168/1758/1749 1156/1759/1750
f 1156/1759/1750 1168/1758/1749 1167/1760/1751
f 1156/1759/1750 1167/1760/1751 1157/1761/1752
f 1157/1761/1752 1167/1760/1751 1166/1762/1753
f 1157/1761/1752 1166/1762/1753 1158/1763/1754
f 1158/1763/1754 1166/1762/1753 1165/1764/1755
f 1158/1763/1754 1165/1764/1755 1159/1765/1756
f 1159/1765/1756 1165/1764/1755 1160/1766/1757
f 1160/1766/1757 1165/1764/1755 1164/1767/1758
f 1160/1766/1757 1164/1767/1758 1163/1768/1759
f 1162/1769/1760 1161/1770/1761 1163/1768/1759
f 1163/1768/1759 1161/1770/1761 1160/1766/1757
f 1207/1771/1762 1208/1772/1763 1210/1773/1764
f 1210/1773/1764 1208/1772/1763 1209/1774/1765
f 1208/1772/1766 1211/1775/1767 1209/1776/1768
f 1209/1776/1768 1211/1775/1767 1318/1777/1769
f 1318/1777/1769 1211/1775/1767 1212/1778/1770
f 1318/1777/1769 1212/1778/1770 1317/1779/1771
f 1317/1779/1771 1212/1778/1770 1213/1780/1772
f 1317/1779/1771 1213/1780/1772 1316/1781/1773
f 1316/1781/1773 1213/1780/1772 1214/1782/1774
f 1316/1781/1773 1214/1782/1774 1315/1783/1775
f 1315/1783/1775 1214/1782/1774 1215/1784/1776
f 1315/1783/1775 1215/1784/1776 1314/1785/1777
f 1314/1785/1777 1215/1784/1776 1216/1786/1778
f 1314/1785/1777 1216/1786/1778 1313/1787/1779
f 1313/1787/1779 1216/1786/1778 1217/1788/1780
f 1313/1787/1779 1217/1788/1780 1312/1789/1781
f 1312/1789/1781 1217/1788/1780 1218/1790/1782
f 1312/1789/1781 1218/1790/1782 1311/1791/1783
f 1311/1791/1783 1218/1790/1782 1219/1792/1784
f 1311/1791/1783 1219/1792/1784 1310/1793/1785
f 1310/1793/1785 1219/1792/1784 1220/1794/1786
f 1310/1793/1785 1220/1794/1786 1309/1795/1787
f 1309/1795/1787 1220/1794/1786 1221/1796/1788
f 1309/1795/1787 1221/1796/1788 1308/1797/1789
f 1308/1797/1789 1221/1796/1788 1222/1798/1790
f 1308/1797/1789 1222/1798/1790 1307/1799/1791
f 1307/1799/1791 1222/1798/1790 1223/1800/1792
f 1307/1799/1791 1223/1800/1792 1306/1801/1793
f 1306/1801/1793 1223/1800/1792 1224/1802/1794
f 1306/1801/1793 1224/1802/1794 1305/1803/1795
f 1305/1803/1795 1224/1802/1794 1225/1804/1796
f 1305/1803/1795 1225/1804/1796 1304/1805/1797
f 1304/1805/1797 1225/1804/1796 1226/1806/1798
f 1304/1805/1797 1226/1806/1798 1303/1807/1799
f 1303/1807/1799 1226/1806/1798 1227/1808/1800
f 1303/1807/1799 1227/1808/1800 1302/1809/1801
f 1302/1809/1801 1227/1808/1800 1228/1810/1802
f 1302/1809/1801 1228/1810/1802 1301/1811/1803
f 1301/1811/1803 1228/1810/1802 1229/1812/1804
f 1301/1811/1803 1229/1812/1804 1300/1813/1805
f 1300/1813/1805 1229/1812/1804 1230/1814/1806
f 1300/1813/1805 1230/1814/1806 1299/1815/1807
f 1299/1815/1807 1230/1814/1806 1231/1816/1808
f 1299/1815/1807 1231/1816/1808 1298/1817/1809
f 1298/1817/1809 1231/1816/1808 1232/1818/1810
f 1298/1817/1809 1232/1818/1810 1297/1819/1811
f 1297/1819/1811 1232/1818/1810 1233/1820/1812
f 1297/1819/1811 1233/1820/1812 1296/1821/1813
f 1296/1821/1813 1233/1820/1812 1234/1822/1814
f 1296/1821/1813 1234/1822/1814 1295/1823/1815
f 1295/1823/1815 1234/1822/1814 1235/1824/1816
f 1295/1823/1815 1235/1824/1816 1294/1825/1817
f 1294/1825/1817 1235/1824/1816 1236/1826/1818
f 1294/1825/1817 1236/1826/1818 1293/1827/1819
f 1293/1827/1819 1236/1826/1818 1237/1828/1820
f 1293/1827/1819 1237/1828/1820 1292/1829/1821
f 1292/1829/1821 1237/1828/1820 1238/1830/1822
f 1292/1829/1821 1238/1830/1822 1291/1831/1823
f 1291/1831/1823 1238/1830/1822 1239/1832/1824
f 1291/1831/1823 1239/1832/1824 1290/1833/1825
f 1290/1833/1825 1239/1832/1824 1240/1834/1826
f 1290/1833/1825 1240/1834/1826 1289/1835/1827
f 1289/1835/1827 1240/1834/1826 1241/1836/1828
f 1289/1835/1827 1241/1836/1828 1288/1837/1829
f 1288/1837/1829 1241/1836/1828 1242/1838/1830
f 1288/1837/1829 1242/1838/1830 1287/1839/1831
f 1287/1839/1831 1242/1838/1830 1243/1840/1832
f 1287/1839/1831 1243/1840/1832 1286/1841/1833
f 1286/1841/1833 1243/1840/1832 1244/1842/1834
f 1286/1841/1833 1244/1842/1834 1285/1843/1835
f 1285/1843/1835 1244/1842/1834 1245/1844/1836
f 1285/1843/1835 1245/1844/1836 1284/1845/1837
f 1284/1845/1837 1245/1844/1836 1246/1846/1838
f 1284/1845/1837 1246/1846/1838 1283/1847/1839
f 1283/1847/1839 1246/1846/1838 1247/1848/1840
f 1283/1847/1839 1247/1848/1840 1282/1849/1841
f 1282/1849/1841 1247/1848/1840 1248/1850/1842
f 1282/1849/1841 1248/1850/1842 1281/1851/1843
f 1281/1851/1843 1248/1850/1842 1249/1852/1844
f 1281/1851/1843 1249/1852/1844 1280/1853/1845
f 1280/1853/1845 1249/1852/1844 1250/1854/1846
f 1280/1853/1845 1250/1854/1846 1279/1855/1847
f 1279/1855/1847 1250/1854/1846 1251/1856/1848
f 1279/1855/1847 1251/1856/1848 1278/1857/1849
f 1278/1857/1849 1251/1856/1848 1252/1858/1850
f 1278/1857/1849 1252/1858/1850 1277/1859/1851
f 1277/1859/1851 1252/1858/1850 1253/1860/1852
f 1277/1859/1851 1253/1860/1852 1276/1861/1853
f 1276/1861/1853 1253/1860/1852 1254/1862/1854
f 1276/1861/1853 1254/1862/1854 1275/1863/1855
f 1275/1863/1855 1254/1862/1854 1255/1864/1856
f 1275/1863/1855 1255/1864/1856 1274/1865/1857
f 1274/1865/1857 1255/1864/1856 1256/1866/1858
f 1274/1865/1857 1256/1866/1858 1273/1867/1859
f 1273/1867/1859 1256/1866/1858 1257/1868/1860
f 1273/1867/1859 1257/1868/1860 1272/1869/1861
f 1272/1869/1861 1257/1868/1860 1258/1870/1862
f 1272/1869/1861 1258/1870/1862 1271/1871/1863
f 1271/1871/1863 1258/1870/1862 1259/1872/1864
f 1271/1871/1863 1259/1872/1864 1270/1873/1865
f 1270/1873/1865 1259/1872/1864 1260/1874/1866
f 1270/1873/1865 1260/1874/1866 1269/1875/1867
f 1269/1875/1867 1260/1874/1866 1261/1876/1868
f 1269/1875/1867 1261/1876/1868 1268/1877/1869
f 1268/1877/1869 1261/1876/1868 1262/1878/1870
f 1268/1877/1869 1262/1878/1870 1267/1879/1871
f 1267/1879/1871 1262/1878/1870 1263/1880/1872
f 1267/1879/1871 1263/1880/1872 1266/1881/1873
f 1266/1881/1873 1263/1880/1872 1264/1882/1874
f 1266/1881/1873 1264/1882/1874 1265/1883/1875
f 1264/1884/1876 1319/1885/1877 1265/1886/1878
f 1265/1886/1878 1319/1885/1877 1320/1887/1879
f 1266/1888/1880 1265/1889/1881 1328/1890/1882
f 1328/1890/1882 1265/1889/1881 1320/1891/1883
f 1328/1890/1882 1320/1891/1883 1327/1892/1884
f 1327/1892/1884 1320/1891/1883 1326/1893/1885
f 1326/1893/1885 1320/1891/1883 1325/1894/1886
f 1325/1894/1886 1320/1891/1883 1324/1895/1887
f 1324/1895/1887 1320/1891/1883 1323/1896/1888
f 1323/1896/1888 1320/1891/1883 1322/1897/1889
f 1322/1897/1889 1320/1891/1883 1321/1898/1890
f 1328/1890/1882 1329/1899/1891 1266/1888/1880
f 1266/1888/1880 1329/1899/1891 1267/1900/1892
f 1267/1900/1892 1329/1899/1891 1268/1901/1893
f 1268/1901/1893 1329/1899/1891 1269/1902/1894
f 1269/1902/1894 1329/1899/1891 1270/1903/1895
f 1270/1903/1895 1329/1899/1891 1330/1904/1896
f 1270/1903/1895 1330/1904/1896 1271/1905/1897
f 1271/1905/1897 1330/1904/1896 1272/1906/1898
f 1272/1906/1898 1330/1904/1896 1273/1907/1899
f 1273/1907/1899 1330/1904/1896 1331/1908/1900
f 1273/1907/1899 1331/1908/1900 1274/1909/1901
f 1274/1909/1901 1331/1908/1900 1275/1910/1902
f 1275/1910/1902 1331/1908/1900 1276/1911/1903
f 1276/1911/1903 1331/1908/1900 1332/1912/1904
f 1276/1911/1903 1332/1912/1904 1277/1913/1905
f 1277/1913/1905 1332/1912/1904 1278/1914/1906
f 1278/1914/1906 1332/1912/1904 1279/1915/1907
f 1279/1915/1907 1332/1912/1904 1280/1916/1908
f 1280/1916/1908 1332/1912/1904 1333/1917/1909
f 1280/1916/1908 1333/1917/1909 1281/1918/1910
f 1281/1918/1910 1333/1917/1909 1282/1919/1911
f 1282/1919/1911 1333/1917/1909 1283/1920/1912
f 1283/1920/1912 1333/1917/1909 1284/1921/1913
f 1284/1921/1913 1333/1917/1909 1334/1922/1914
f 1284/1921/1913 1334/1922/1914 1285/1923/1915
f 1285/1923/1915 1334/1922/1914 1286/1924/1916
f 1286/1924/1916 1334/1922/1914 1312/1925/1917
f 1286/1924/1916 1312/1925/1917 1311/1926/1918
f 1335/1927/1919 1209/1928/1920 1334/1922/1914
f 1334/1922/1914 1209/1928/1920 1318/1929/1921
f 1334/1922/1914 1318/1929/1921 1317/1930/1922
f 1335/1927/1919 1336/1931/1923 1209/1928/1920
f 1209/1928/1920 1336/1931/1923 1337/1932/1924
f 1209/1928/1920 1337/1932/1924 1210/1933/1925
f 1317/1930/1922 1316/1934/1926 1334/1922/1914
f 1334/1922/1914 1316/1934/1926 1315/1935/1927
f 1334/1922/1914 1315/1935/1927 1314/1936/1928
f 1314/1936/1928 1313/1937/1929 1334/1922/1914
f 1334/1922/1914 1313/1937/1929 1312/1925/1917
f 1311/1926/1918 1310/1938/1930 1286/1924/1916
f 1286/1924/1916 1310/1938/1930 1309/1939/1931
f 1286/1924/1916 1309/1939/1931 1308/1940/1932
f 1286/1924/1916 1308/1940/1932 1287/1941/1933
f 1287/1941/1933 1308/1940/1932 1307/1942/1934
f 1287/1941/1933 1307/1942/1934 1306/1943/1935
f 1306/1943/1935 1305/1944/1936 1287/1941/1933
f 1287/1941/1933 1305/1944/1936 1304/1945/1937
f 1287/1941/1933 1304/1945/1937 1303/1946/1938
f 1303/1946/1938 1302/1947/1939 1287/1941/1933
f 1287/1941/1933 1302/1947/1939 1301/1948/1940
f 1287/1941/1933 1301/1948/1940 1300/1949/1941
f 1300/1949/1941 1299/1950/1942 1287/1941/1933
f 1287/1941/1933 1299/1950/1942 1298/1951/1943
f 1287/1941/1933 1298/1951/1943 1297/1952/1944
f 1297/1952/1944 1296/1953/1945 1287/1941/1933
f 1287/1941/1933 1296/1953/1945 1295/1954/1946
f 1287/1941/1933 1295/1954/1946 1288/1955/1947
f 1288/1955/1947 1295/1954/1946 1294/1956/1948
f 1288/1955/1947 1294/1956/1948 1289/1957/1949
f 1289/1957/1949 1294/1956/1948 1293/1958/1950
f 1289/1957/1949 1293/1958/1950 1290/1959/1951
f 1290/1959/1951 1293/1958/1950 1291/1960/1952
f 1291/1960/1952 1293/1958/1950 1292/1961/1953
f 1338/1962/1954 1339/1963/1955 1341/1964/1956
f 1341/1964/1956 1339/1963/1955 1340/1965/1957
f 1339/1963/1958 1342/1966/1959 1340/1967/1960
f 1340/1967/1960 1342/1966/1959 1449/1968/1961
f 1449/1968/1961 1342/1966/1959 1343/1969/1962
f 1449/1968/1961 1343/1969/1962 1448/1970/1963
f 1448/1970/1963 1343/1969/1962 1344/1971/1964
f 1448/1970/1963 1344/1971/1964 1447/1972/1965
f 1447/1972/1965 1344/1971/1964 1345/1973/1966
f 1447/1972/1965 1345/1973/1966 1446/1974/1967
f 1446/1974/1967 1345/1973/1966 1346/1975/1968
f 1446/1974/1967 1346/1975/1968 1445/1976/1969
f 1445/1976/1969 1346/1975/1968 1347/1977/1970
f 1445/1976/1969 1347/1977/1970 1444/1978/1971
f 1444/1978/1971 1347/1977/1970 1348/1979/1972
f 1444/1978/1971 1348/1979/1972 1443/1980/1973
f 1443/1980/1973 1348/1979/1972 1349/1981/1974
f 1443/1980/1973 1349/1981/1974 1442/1982/1975
f 1442/1982/1975 1349/1981/1974 1350/1983/1976
f 1442/1982/1975 1350/1983/1976 1441/1984/1977
f 1441/1984/1977 1350/1983/1976 1351/1985/1978
f 1441/1984/1977 1351/1985/1978 1440/1986/1979
f 1440/1986/1979 1351/1985/1978 1352/1987/1980
f 1440/1986/1979 1352/1987/1980 1439/1988/1981
f 1439/1988/1981 1352/1987/1980 1353/1989/1982
f 1439/1988/1981 1353/1989/1982 1438/1990/1983
f 1438/1990/1983 1353/1989/1982 1354/1991/1984
f 1438/1990/1983 1354/1991/1984 1437/1992/1985
f 1437/1992/1985 1354/1991/1984 1355/1993/1986
f 1437/1992/1985 1355/1993/1986 1436/1994/1987
f 1436/1994/1987 1355/1993/1986 1356/1995/1988
f 1436/1994/1987 1356/1995/1988 1435/1996/1989
f 1435/1996/1989 1356/1995/1988 1357/1997/1990
f 1435/1996/1989 1357/1997/1990 1434/1998/1991
f 1434/1998/1991 1357/1997/1990 1358/1999/1992
f 1434/1998/1991 1358/1999/1992 1433/2000/1993
f 1433/2000/1993 1358/1999/1992 1359/2001/1994
f 1433/2000/1993 1359/2001/1994 1432/2002/1995
f 1432/2002/1995 1359/2001/1994 1360/2003/1996
f 1432/2002/1995 1360/2003/1996 1431/2004/1997
f 1431/2004/1997 1360/2003/1996 1361/2005/1998
f 1431/2004/1997 1361/2005/1998 1430/2006/1999
f 1430/2006/1999 1361/2005/1998 1362/2007/2000
f 1430/2006/1999 1362/2007/2000 1429/2008/2001
f 1429/2008/2001 1362/2007/2000 1363/2009/2002
f 1429/2008/2001 1363/2009/2002 1428/2010/2003
f 1428/2010/2003 1363/2009/2002 1364/2011/2004
f 1428/2010/2003 1364/2011/2004 1427/2012/2005
f 1427/2012/2005 1364/2011/2004 1365/2013/2006
f 1427/2012/2005 1365/2013/2006 1426/2014/2007
f 1426/2014/2007 1365/2013/2006 1366/2015/2008
f 1426/2014/2007 1366/2015/2008 1425/2016/2009
f 1425/2016/2009 1366/2015/2008 1367/2017/2010
f 1425/2016/2009 1367/2017/2010 1424/2018/2011
f 1424/2018/2011 1367/2017/2010 1368/2019/2012
f 1424/2018/2011 1368/2019/2012 1423/2020/2013
f 1423/2020/2013 1368/2019/2012 1369/2021/2014
f 1423/2020/2013 1369/2021/2014 1422/2022/2015
f 1422/2022/2015 1369/2021/2014 1370/2023/2016
f 1422/2022/2015 1370/2023/2016 1421/2024/2017
f 1421/2024/2017 1370/2023/2016 1371/2025/2018
f 1421/2024/2017 1371/2025/2018 1420/2026/2019
f 1420/2026/2019 1371/2025/2018 1372/2027/2020
f 1420/2026/2019 1372/2027/2020 1419/2028/2021
f 1419/2028/2021 1372/2027/2020 1373/2029/2022
f 1419/2028/2021 1373/2029/2022 1418/2030/2023
f 1418/2030/2023 1373/2029/2022 1374/2031/2024
f 1418/2030/2023 1374/2031/2024 1417/2032/2025
f 1417/2032/2025 1374/2031/2024 1375/2033/2026
f 1417/2032/2025 1375/2033/2026 1416/2034/2027
f 1416/2034/2027 1375/2033/2026 1376/2035/2028
f 1416/2034/2027 1376/2035/2028 1415/2036/2029
f 1415/2036/2029 1376/2035/2028 1377/2037/2030
f 1415/2036/2029 1377/2037/2030 1414/2038/2031
f 1414/2038/2031 1377/2037/2030 1378/2039/2032
f 1414/2038/2031 1378/2039/2032 1413/2040/2033
f 1413/2040/2033 1378/2039/2032 1379/2041/2034
f 1413/2040/2033 1379/2041/2034 1412/2042/2035
f 1412/2042/2035 1379/2041/2034 1380/2043/2036
f 1412/2042/2035 1380/2043/2036 1411/2044/2037
f 1411/2044/2037 1380/2043/2036 1381/2045/2038
f 1411/2044/2037 1381/2045/2038 1410/2046/2039
f 1410/2046/2039 1381/2045/2038 1382/2047/2040
f 1410/2046/2039 1382/2047/2040 1409/2048/2041
f 1409/2048/2041 1382/2047/2040 1383/2049/2042
f 1409/2048/2041 1383/2049/2042 1408/2050/2043
f 1408/2050/2043 1383/2049/2042 1384/2051/2044
f 1408/2050/2043 1384/2051/2044 1407/2052/2045
f 1407/2052/2045 1384/2051/2044 1385/2053/2046
f 1407/2052/2045 1385/2053/2046 1406/2054/2047
f 1406/2054/2047 1385/2053/2046 1386/2055/2048
f 1406/2054/2047 1386/2055/2048 1405/2056/2049
f 1405/2056/2049 1386/2055/2048 1387/2057/2050
f 1405/2056/2049 1387/2057/2050 1404/2058/2051
f 1404/2058/2051 1387/2057/2050 1388/2059/2052
f 1404/2058/2051 1388/2059/2052 1403/2060/2053
f 1403/2060/2053 1388/2059/2052 1389/2061/2054
f 1403/2060/2053 1389/2061/2054 1402/2062/2055
f 1402/2062/2055 1389/2061/2054 1390/2063/2056
f 1402/2062/2055 1390/2063/2056 1401/2064/2057
f 1401/2064/2057 1390/2063/2056 1391/2065/2058
f 1401/2064/2057 1391/2065/2058 1400/2066/2059
f 1400/2066/2059 1391/2065/2058 1392/2067/2060
f 1400/2066/2059 1392/2067/2060 1399/2068/2061
f 1399/2068/2061 1392/2067/2060 1393/2069/2062
f 1399/2068/2061 1393/2069/2062 1398/2070/2063
f 1398/2070/2063 1393/2069/2062 1394/2071/2064
f 1398/2070/2063 1394/2071/2064 1397/2072/2065
f 1397/2072/2065 1394/2071/2064 1395/2073/2066
f 1397/2072/2065 1395/2073/2066 1396/2074/2067
f 1395/2075/2068 1450/2076/2069 1396/2077/2070
f 1396/2077/2070 1450/2076/2069 1451/2078/2071
f 1451/2079/2072 1452/2080/2073 1396/2081/2074
f 1396/2081/2074 1452/2080/2073 1453/2082/2075
f 1396/2081/2074 1453/2082/2075 1454/2083/2076
f 1454/2083/2076 1455/2084/2077 1396/2081/2074
f 1396/2081/2074 1455/2084/2077 1456/2085/2078
f 1396/2081/2074 1456/2085/2078 1457/2086/2079
f 1457/2086/2079 1458/2087/2080 1396/2081/2074
f 1396/2081/2074 1458/2087/2080 1459/2088/2081
f 1396/2081/2074 1459/2088/2081 1460/2089/2082
f 1396/2081/2074 1460/2089/2082 1340/2090/2083
f 1340/2090/2083 1460/2089/2082 1461/2091/2084
f 1340/2090/2083 1461/2091/2084 1462/2092/2085
f 1462/2092/2085 1463/2093/2086 1340/2090/2083
f 1340/2090/2083 1463/2093/2086 1464/2094/2087
f 1340/2090/2083 1464/2094/2087 1465/2095/2088
f 1465/2095/2088 1466/2096/2089 1340/2090/2083
f 1340/2090/2083 1466/2096/2089 1467/2097/2090
f 1340/2090/2083 1467/2097/2090 1468/2098/2091
f 1468/2098/2091 1341/2099/2092 1340/2090/2083
f 1396/2081/2074 1340/2090/2083 1397/2100/2093
f 1397/2100/2093 1340/2090/2083 1449/2101/2094
f 1397/2100/2093 1449/2101/2094 1398/2102/2095
f 1398/2102/2095 1449/2101/2094 1448/2103/2096
f 1398/2102/2095 1448/2103/2096 1399/2104/2097
f 1399/2104/2097 1448/2103/2096 1447/2105/2098
f 1399/2104/2097 1447/2105/2098 1400/2106/2099
f 1400/2106/2099 1447/2105/2098 1446/2107/2100
f 1400/2106/2099 1446/2107/2100 1401/2108/2101
f 1401/2108/2101 1446/2107/2100 1445/2109/2102
f 1401/2108/2101 1445/2109/2102 1402/2110/2103
f 1402/2110/2103 1445/2109/2102 1444/2111/2104
f 1402/2110/2103 1444/2111/2104 1403/2112/2105
f 1403/2112/2105 1444/2111/2104 1443/2113/2106
f 1403/2112/2105 1443/2113/2106 1404/2114/2107
f 1404/2114/2107 1443/2113/2106 1442/2115/2108
f 1404/2114/2107 1442/2115/2108 1405/2116/2109
f 1405/2116/2109 1442/2115/2108 1441/2117/2110
f 1405/2116/2109 1441/2117/2110 1406/2118/2111
f 1406/2118/2111 1441/2117/2110 1440/2119/2112
f 1406/2118/2111 1440/2119/2112 1407/2120/2113
f 1407/2120/2113 1440/2119/2112 1439/2121/2114
f 1407/2120/2113 1439/2121/2114 1408/2122/2115
f 1408/2122/2115 1439/2121/2114 1438/2123/2116
f 1408/2122/2115 1438/2123/2116 1409/2124/2117
f 1409/2124/2117 1438/2123/2116 1437/2125/2118
f 1409/2124/2117 1437/2125/2118 1410/2126/2119
f 1410/2126/2119 1437/2125/2118 1436/2127/2120
f 1410/2126/2119 1436/2127/2120 1411/2128/2121
f 1411/2128/2121 1436/2127/2120 1435/2129/2122
f 1411/2128/2121 1435/2129/2122 1412/2130/2123
f 1412/2130/2123 1435/2129/2122 1434/2131/2124
f 1412/2130/2123 1434/2131/2124 1413/2132/2125
f 1413/2132/2125 1434/2131/2124 1433/2133/2126
f 1413/2132/2125 1433/2133/2126 1414/2134/2127
f 1414/2134/2127 1433/2133/2126 1432/2135/2128
f 1414/2134/2127 1432/2135/2128 1415/2136/2129
f 1415/2136/2129 1432/2135/2128 1431/2137/2130
f 1415/2136/2129 1431/2137/2130 1416/2138/2131
f 1416/2138/2131 1431/2137/2130 1430/2139/2132
f 1416/2138/2131 1430/2139/2132 1417/2140/2133
f 1417/2140/2133 1430/2139/2132 1429/2141/2134
f 1417/2140/2133 1429/2141/2134 1418/2142/2135
f 1418/2142/2135 1429/2141/2134 1428/2143/2136
f 1418/2142/2135 1428/2143/2136 1419/2144/2137
f 1419/2144/2137 1428/2143/2136 1427/2145/2138
f 1419/2144/2137 1427/2145/2138 1420/2146/2139
f 1420/2146/2139 1427/2145/2138 1426/2147/2140
f 1420/2146/2139 1426/2147/2140 1421/2148/2141
f 1421/2148/2141 1426/2147/2140 1425/2149/2142
f 1421/2148/2141 1425/2149/2142 1422/2150/2143
f 1422/2150/2143 1425/2149/2142 1424/2151/2144
f 1422/2150/2143 1424/2151/2144 1423/2152/2145
f 1470/2153/2146 697/2154/2147 1469/2155/2148
f 1469/2155/2148 697/2154/2147 696/2156/2149
f 1469/2155/2148 696/2156/2149 695/2157/2150
f 1471/2158/2151 700/2159/2152 1470/2153/2146
f 1470/2153/2146 700/2159/2152 699/2160/2153
f 1470/2153/2146 699/2160/2153 698/2161/2154
f 1472/2162/2155 703/2163/2156 1471/2158/2151
f 1471/2158/2151 703/2163/2156 702/2164/2157
f 1471/2158/2151 702/2164/2157 701/2165/2158
f 1473/2166/2159 706/2167/2160 1472/2162/2155
f 1472/2162/2155 706/2167/2160 705/2168/2161
f 1472/2162/2155 705/2168/2161 704/2169/2162
f 706/2167/2160 1473/2166/2159 707/2170/2163
f 707/2170/2163 1473/2166/2159 1474/2171/2164
f 707/2170/2163 1474/2171/2164 708/2172/2165
f 708/2172/2165 1474/2171/2164 709/2173/2166
f 709/2173/2166 1474/2171/2164 1475/2174/2167
f 709/2173/2166 1475/2174/2167 710/2175/2168
f 710/2175/2168 1475/2174/2167 711/2176/2169
f 711/2176/2169 1475/2174/2167 1476/2177/2170
f 711/2176/2169 1476/2177/2170 712/2178/2171
f 712/2178/2171 1476/2177/2170 713/2179/2172
f 713/2179/2172 1476/2177/2170 1477/2180/2173
f 713/2179/2172 1477/2180/2173 714/2181/2174
f 714/2181/2174 1477/2180/2173 1478/2182/2175
f 714/2181/2174 1478/2182/2175 715/2183/2176
f 715/2183/2176 1478/2182/2175 716/2184/2177
f 716/2184/2177 1478/2182/2175 1479/2185/2178
f 716/2184/2177 1479/2185/2178 717/2186/2179
f 717/2186/2179 1479/2185/2178 718/2187/2180
f 718/2187/2180 1479/2185/2178 1480/2188/2181
f 718/2187/2180 1480/2188/2181 719/2189/2182
f 719/2189/2182 1480/2188/2181 1481/2190/2183
f 719/2189/2182 1481/2190/2183 720/2191/2184
f 720/2191/2184 1481/2190/2183 721/2192/2185
f 721/2192/2185 1481/2190/2183 1482/2193/2186
f 721/2192/2185 1482/2193/2186 722/2194/2187
f 722/2194/2187 1482/2193/2186 723/2195/2188
f 723/2195/2188 1482/2193/2186 724/2196/2189
f 724/2196/2189 1482/2193/2186 725/2197/2190
f 725/2197/2190 1482/2193/2186 1483/2198/2191
f 725/2197/2190 1483/2198/2191 726/2199/2192
f 726/2199/2192 1483/2198/2191 727/2200/2193
f 727/2200/2193 1483/2198/2191 728/2201/2194
f 728/2201/2194 1483/2198/2191 1484/2202/2195
f 728/2201/2194 1484/2202/2195 729/2203/2196
f 729/2203/2196 1484/2202/2195 730/2204/2197
f 730/2204/2197 1484/2202/2195 1485/2205/2198
f 730/2204/2197 1485/2205/2198 731/2206/2199
f 731/2206/2199 1485/2205/2198 732/2207/2200
f 732/2207/2200 1485/2205/2198 1368/2208/2201
f 732/2207/2200 1368/2208/2201 733/2209/2202
f 733/2209/2202 1368/2208/2201 734/2210/2203
f 734/2210/2203 1368/2208/2201 735/2211/2204
f 735/2211/2204 1368/2208/2201 736/2212/2205
f 736/2212/2205 1368/2208/2201 737/2213/2206
f 737/2213/2206 1368/2208/2201 738/2214/2207
f 738/2214/2207 1368/2208/2201 739/2215/2208
f 739/2215/2208 1368/2208/2201 740/2216/2209
f 740/2216/2209 1368/2208/2201 1367/2217/2210
f 740/2216/2209 1367/2217/2210 1366/2218/2211
f 1485/2205/2198 1486/2219/2212 1368/2208/2201
f 1368/2208/2201 1486/2219/2212 1487/2220/2213
f 1368/2208/2201 1487/2220/2213 1488/2221/2214
f 1488/2221/2214 1489/2222/2215 1368/2208/2201
f 1368/2208/2201 1489/2222/2215 1490/2223/2216
f 1368/2208/2201 1490/2223/2216 1491/2224/2217
f 1491/2224/2217 1492/2225/2218 1368/2208/2201
f 1368/2208/2201 1492/2225/2218 1091/2226/2219
f 1368/2208/2201 1091/2226/2219 1090/2227/2220
f 1493/2228/2221 1099/2229/2222 1492/2225/2218
f 1492/2225/2218 1099/2229/2222 1098/2230/2223
f 1492/2225/2218 1098/2230/2223 1097/2231/2224
f 1493/2228/2221 1494/2232/2225 1099/2229/2222
f 1099/2229/2222 1494/2232/2225 1495/2233/2226
f 1099/2229/2222 1495/2233/2226 1496/2234/2227
f 1496/2234/2227 1497/2235/2228 1099/2229/2222
f 1099/2229/2222 1497/2235/2228 1498/2236/2229
f 1099/2229/2222 1498/2236/2229 1499/2237/2230
f 1499/2237/2230 1500/2238/2231 1099/2229/2222
f 1099/2229/2222 1500/2238/2231 1501/2239/2232
f 1099/2229/2222 1501/2239/2232 1502/2240/2233
f 1099/2229/2222 1502/2240/2233 1100/2241/2234
f 1100/2241/2234 1502/2240/2233 1503/2242/2235
f 1100/2241/2234 1503/2242/2235 1101/2243/2236
f 1101/2243/2236 1503/2242/2235 1102/2244/2237
f 1102/2244/2237 1503/2242/2235 1504/2245/2238
f 1102/2244/2237 1504/2245/2238 1103/2246/2239
f 1103/2246/2239 1504/2245/2238 1505/2247/2240
f 1103/2246/2239 1505/2247/2240 1104/2248/2241
f 1104/2248/2241 1505/2247/2240 1105/2249/2242
f 1105/2249/2242 1505/2247/2240 1506/2250/2243
f 1105/2249/2242 1506/2250/2243 1106/2251/2244
f 1106/2251/2244 1506/2250/2243 1107/2252/2245
f 1107/2252/2245 1506/2250/2243 1108/2253/2246
f 1108/2253/2246 1506/2250/2243 1109/2254/2247
f 1109/2254/2247 1506/2250/2243 1110/2255/2248
f 1110/2255/2248 1506/2250/2243 1111/2256/2249
f 1111/2256/2249 1506/2250/2243 1112/2257/2250
f 1112/2257/2250 1506/2250/2243 1113/2258/2251
f 1113/2258/2251 1506/2250/2243 1114/2259/2252
f 1114/2259/2252 1506/2250/2243 1115/2260/2253
f 1115/2260/2253 1506/2250/2243 1116/2261/2254
f 1116/2261/2254 1506/2250/2243 1117/2262/2255
f 1117/2262/2255 1506/2250/2243 1118/2263/2256
f 1118/2263/2256 1506/2250/2243 1119/2264/2257
f 1119/2264/2257 1506/2250/2243 1120/2265/2258
f 1120/2265/2258 1506/2250/2243 1121/2266/2259
f 1121/2266/2259 1506/2250/2243 1122/2267/2260
f 1122/2267/2260 1506/2250/2243 1123/2268/2261
f 1123/2268/2261 1506/2250/2243 1124/2269/2262
f 1124/2269/2262 1506/2250/2243 1125/2270/2263
f 1125/2270/2263 1506/2250/2243 1126/2271/2264
f 1126/2271/2264 1506/2250/2243 1127/2272/2265
f 1127/2272/2265 1506/2250/2243 1128/2273/2266
f 1128/2273/2266 1506/2250/2243 1129/2274/2267
f 1129/2274/2267 1506/2250/2243 1130/2275/2268
f 1130/2275/2268 1506/2250/2243 1131/2276/2269
f 1131/2276/2269 1506/2250/2243 1132/2277/2270
f 1132/2277/2270 1506/2250/2243 1133/2278/2271
f 1133/2278/2271 1506/2250/2243 1507/2279/2272
f 1133/2278/2271 1507/2279/2272 1508/2280/2273
f 1508/2280/2273 1509/2281/2274 1133/2278/2271
f 1133/2278/2271 1509/2281/2274 1510/2282/2275
f 1133/2278/2271 1510/2282/2275 1511/2283/2276
f 1511/2283/2276 1512/2284/2277 1133/2278/2271
f 1133/2278/2271 1512/2284/2277 1513/2285/2278
f 1133/2278/2271 1513/2285/2278 1514/2286/2279
f 1515/2287/2280 1221/2288/2281 1514/2286/2279
f 1514/2286/2279 1221/2288/2281 1220/2289/2282
f 1514/2286/2279 1220/2289/2282 1219/2290/2283
f 1516/2291/2284 1224/2292/2285 1515/2287/2280
f 1515/2287/2280 1224/2292/2285 1223/2293/2286
f 1515/2287/2280 1223/2293/2286 1222/2294/2287
f 1517/2295/2288 1227/2296/2289 1516/2291/2284
f 1516/2291/2284 1227/2296/2289 1226/2297/2290
f 1516/2291/2284 1226/2297/2290 1225/2298/2291
f 1518/2299/2292 1230/2300/2293 1517/2295/2288
f 1517/2295/2288 1230/2300/2293 1229/2301/2294
f 1517/2295/2288 1229/2301/2294 1228/2302/2295
f 1230/2300/2293 1518/2299/2292 1231/2303/2296
f 1231/2303/2296 1518/2299/2292 1519/2304/2297
f 1231/2303/2296 1519/2304/2297 1232/2305/2298
f 1232/2305/2298 1519/2304/2297 1233/2306/2299
f 1233/2306/2299 1519/2304/2297 1520/2307/2300
f 1233/2306/2299 1520/2307/2300 1234/2308/2301
f 1234/2308/2301 1520/2307/2300 1235/2309/2302
f 1235/2309/2302 1520/2307/2300 1521/2310/2303
f 1235/2309/2302 1521/2310/2303 1236/2311/2304
f 1236/2311/2304 1521/2310/2303 1237/2312/2305
f 1237/2312/2305 1521/2310/2303 1522/2313/2306
f 1237/2312/2305 1522/2313/2306 1238/2314/2307
f 1238/2314/2307 1522/2313/2306 1523/2315/2308
f 1238/2314/2307 1523/2315/2308 1239/2316/2309
f 1239/2316/2309 1523/2315/2308 1240/2317/2310
f 1240/2317/2310 1523/2315/2308 1524/2318/2311
f 1240/2317/2310 1524/2318/2311 1241/2319/2312
f 1241/2319/2312 1524/2318/2311 1242/2320/2313
f 1242/2320/2313 1524/2318/2311 1525/2321/2314
f 1242/2320/2313 1525/2321/2314 1243/2322/2315
f 1243/2322/2315 1525/2321/2314 1526/2323/2316
f 1243/2322/2315 1526/2323/2316 1244/2324/2317
f 1244/2324/2317 1526/2323/2316 1245/2325/2318
f 1245/2325/2318 1526/2323/2316 1527/2326/2319
f 1245/2325/2318 1527/2326/2319 1246/2327/2320
f 1246/2327/2320 1527/2326/2319 1247/2328/2321
f 1247/2328/2321 1527/2326/2319 1248/2329/2322
f 1248/2329/2322 1527/2326/2319 1249/2330/2323
f 1249/2330/2323 1527/2326/2319 1528/2331/2324
f 1249/2330/2323 1528/2331/2324 1250/2332/2325
f 1250/2332/2325 1528/2331/2324 1251/2333/2326
f 1251/2333/2326 1528/2331/2324 1252/2334/2327
f 1252/2334/2327 1528/2331/2324 1529/2335/2328
f 1252/2334/2327 1529/2335/2328 1253/2336/2329
f 1253/2336/2329 1529/2335/2328 1254/2337/2330
f 1254/2337/2330 1529/2335/2328 1530/2338/2331
f 1254/2337/2330 1530/2338/2331 1255/2339/2332
f 1255/2339/2332 1530/2338/2331 1256/2340/2333
f 1256/2340/2333 1530/2338/2331 844/2341/2334
f 1256/2340/2333 844/2341/2334 1257/2342/2335
f 1257/2342/2335 844/2341/2334 1258/2343/2336
f 1258/2343/2336 844/2341/2334 1259/2344/2337
f 1259/2344/2337 844/2341/2334 1260/2345/2338
f 1260/2345/2338 844/2341/2334 1261/2346/2339
f 1261/2346/2339 844/2341/2334 1262/2347/2340
f 1262/2347/2340 844/2341/2334 1263/2348/2341
f 1263/2348/2341 844/2341/2334 1264/2349/2342
f 1264/2349/2342 844/2341/2334 843/2350/2343
f 1264/2349/2342 843/2350/2343 842/2351/2344
f 1530/2338/2331 1531/2352/2345 844/2341/2334
f 844/2341/2334 1531/2352/2345 1532/2353/2346
f 844/2341/2334 1532/2353/2346 1533/2354/2347
f 1533/2354/2347 1534/2355/2348 844/2341/2334
f 844/2341/2334 1534/2355/2348 1535/2356/2349
f 844/2341/2334 1535/2356/2349 1536/2357/2350
f 1536/2357/2350 1537/2358/2351 844/2341/2334
f 844/2341/2334 1537/2358/2351 845/2359/2352
f 845/2359/2352 1537/2358/2351 846/2360/2353
f 846/2360/2353 1537/2358/2351 847/2361/2354
f 847/2361/2354 1537/2358/2351 848/2362/2355
f 848/2362/2355 1537/2358/2351 849/2363/2356
f 849/2363/2356 1537/2358/2351 850/2364/2357
f 850/2364/2357 1537/2358/2351 851/2365/2358
f 851/2365/2358 1537/2358/2351 852/2366/2359
f 852/2366/2359 1537/2358/2351 853/2367/2360
f 853/2367/2360 1537/2358/2351 854/2368/2361
f 854/2368/2361 1537/2358/2351 967/2369/2362
f 854/2368/2361 967/2369/2362 855/2370/2363
f 855/2370/2363 967/2369/2362 966/2371/2364
f 855/2370/2363 966/2371/2364 856/2372/2365
f 856/2372/2365 966/2371/2364 965/2373/2366
f 856/2372/2365 965/2373/2366 857/2374/2367
f 857/2374/2367 965/2373/2366 964/2375/2368
f 857/2374/2367 964/2375/2368 858/2376/2369
f 858/2376/2369 964/2375/2368 963/2377/2370
f 858/2376/2369 963/2377/2370 859/2378/2371
f 859/2378/2371 963/2377/2370 962/2379/2372
f 859/2378/2371 962/2379/2372 860/2380/2373
f 860/2380/2373 962/2379/2372 961/2381/2374
f 860/2380/2373 961/2381/2374 861/2382/2375
f 861/2382/2375 961/2381/2374 960/2383/2376
f 861/2382/2375 960/2383/2376 862/2384/2377
f 862/2384/2377 960/2383/2376 863/2385/2378
f 863/2385/2378 960/2383/2376 959/2386/2379
f 863/2385/2378 959/2386/2379 864/2387/2380
f 864/2387/2380 959/2386/2379 958/2388/2381
f 864/2387/2380 958/2388/2381 957/2389/2382
f 1538/2390/2383 972/2391/2384 1537/2358/2351
f 1537/2358/2351 972/2391/2384 971/2392/2385
f 1537/2358/2351 971/2392/2385 970/2393/2386
f 1538/2390/2383 1539/2394/2387 972/2391/2384
f 972/2391/2384 1539/2394/2387 1540/2395/2388
f 972/2391/2384 1540/2395/2388 1541/2396/2389
f 1541/2396/2389 1542/2397/2390 972/2391/2384
f 972/2391/2384 1542/2397/2390 1543/2398/2391
f 972/2391/2384 1543/2398/2391 1544/2399/2392
f 1544/2399/2392 1545/2400/2393 972/2391/2384
f 972/2391/2384 1545/2400/2393 1546/2401/2394
f 972/2391/2384 1546/2401/2394 1547/2402/2395
f 972/2391/2384 1547/2402/2395 973/2403/2396
f 973/2403/2396 1547/2402/2395 1548/2404/2397
f 973/2403/2396 1548/2404/2397 974/2405/2398
f 974/2405/2398 1548/2404/2397 975/2406/2399
f 975/2406/2399 1548/2404/2397 1549/2407/2400
f 975/2406/2399 1549/2407/2400 976/2408/2401
f 976/2408/2401 1549/2407/2400 1550/2409/2402
f 976/2408/2401 1550/2409/2402 977/2410/2403
f 977/2410/2403 1550/2409/2402 978/2411/2404
f 978/2411/2404 1550/2409/2402 1551/2412/2405
f 978/2411/2404 1551/2412/2405 979/2413/2406
f 979/2413/2406 1551/2412/2405 980/2414/2407
f 980/2414/2407 1551/2412/2405 981/2415/2408
f 981/2415/2408 1551/2412/2405 982/2416/2409
f 982/2416/2409 1551/2412/2405 983/2417/2410
f 983/2417/2410 1551/2412/2405 984/2418/2411
f 984/2418/2411 1551/2412/2405 985/2419/2412
f 985/2419/2412 1551/2412/2405 986/2420/2413
f 986/2420/2413 1551/2412/2405 987/2421/2414
f 987/2421/2414 1551/2412/2405 988/2422/2415
f 988/2422/2415 1551/2412/2405 989/2423/2416
f 989/2423/2416 1551/2412/2405 990/2424/2417
f 990/2424/2417 1551/2412/2405 991/2425/2418
f 991/2425/2418 1551/2412/2405 992/2426/2419
f 992/2426/2419 1551/2412/2405 993/2427/2420
f 993/2427/2420 1551/2412/2405 994/2428/2421
f 994/2428/2421 1551/2412/2405 995/2429/2422
f 995/2429/2422 1551/2412/2405 996/2430/2423
f 996/2430/2423 1551/2412/2405 997/2431/2424
f 997/2431/2424 1551/2412/2405 998/2432/2425
f 998/2432/2425 1551/2412/2405 999/2433/2426
f 999/2433/2426 1551/2412/2405 1000/2434/2427
f 1000/2434/2427 1551/2412/2405 1001/2435/2428
f 1001/2435/2428 1551/2412/2405 1002/2436/2429
f 1002/2436/2429 1551/2412/2405 1003/2437/2430
f 1003/2437/2430 1551/2412/2405 1004/2438/2431
f 1004/2438/2431 1551/2412/2405 1005/2439/2432
f 1005/2439/2432 1551/2412/2405 945/2440/2433
f 945/2440/2433 1551/2412/2405 1552/2441/2434
f 945/2440/2433 1552/2441/2434 1553/2442/2435
f 1553/2442/2435 1554/2443/2436 945/2440/2433
f 945/2440/2433 1554/2443/2436 1555/2444/2437
f 945/2440/2433 1555/2444/2437 1556/2445/2438
f 1556/2445/2438 1557/2446/2439 945/2440/2433
f 945/2440/2433 1557/2446/2439 1558/2447/2440
f 945/2440/2433 1558/2447/2440 1469/2155/2148
f 795/2448/2441 740/2216/2209 1612/2449/2442
f 1612/2449/2442 740/2216/2209 1611/2450/2443
f 1611/2450/2443 740/2216/2209 1610/2451/2444
f 1610/2451/2444 740/2216/2209 1609/2452/2445
f 1609/2452/2445 740/2216/2209 1339/2453/2446
f 1609/2452/2445 1339/2453/2446 1608/2454/2447
f 1608/2454/2447 1339/2453/2446 1607/2455/2448
f 1607/2455/2448 1339/2453/2446 1606/2456/2449
f 1606/2456/2449 1339/2453/2446 1605/2457/2450
f 1605/2457/2450 1339/2453/2446 1604/2458/2451
f 1604/2458/2451 1339/2453/2446 1338/2459/2452
f 704/2169/2162 703/2163/2156 1472/2162/2155
f 701/2165/2158 700/2159/2152 1471/2158/2151
f 698/2161/2154 697/2154/2147 1470/2153/2146
f 1469/2155/2148 695/2157/2150 945/2440/2433
f 945/2440/2433 695/2157/2150 694/2460/2453
f 945/2440/2433 694/2460/2453 693/2461/2454
f 693/2461/2454 692/2462/2455 945/2440/2433
f 945/2440/2433 692/2462/2455 691/2463/2456
f 945/2440/2433 691/2463/2456 690/2464/2457
f 690/2464/2457 689/2465/2458 945/2440/2433
f 945/2440/2433 689/2465/2458 688/2466/2459
f 945/2440/2433 688/2466/2459 687/2467/2460
f 687/2467/2460 684/2468/2461 945/2440/2433
f 945/2440/2433 684/2468/2461 1563/2469/2462
f 945/2440/2433 1563/2469/2462 1564/2470/2463
f 683/2471/2464 1559/2472/2465 684/2468/2461
f 684/2468/2461 1559/2472/2465 1560/2473/2466
f 684/2468/2461 1560/2473/2466 1561/2474/2467
f 1561/2474/2467 1562/2475/2468 684/2468/2461
f 684/2468/2461 1562/2475/2468 1563/2469/2462
f 1564/2470/2463 1565/2476/2469 945/2440/2433
f 945/2440/2433 1565/2476/2469 1566/2477/2470
f 945/2440/2433 1566/2477/2470 1567/2478/2471
f 1567/2478/2471 946/2479/2472 945/2440/2433
f 970/2393/2386 969/2480/2473 1537/2358/2351
f 1537/2358/2351 969/2480/2473 968/2481/2474
f 1537/2358/2351 968/2481/2474 967/2369/2362
f 864/2387/2380 957/2389/2382 865/2482/2475
f 865/2482/2475 957/2389/2382 956/2483/2476
f 865/2482/2475 956/2483/2476 866/2484/2477
f 866/2484/2477 956/2483/2476 955/2485/2478
f 866/2484/2477 955/2485/2478 867/2486/2479
f 867/2486/2479 955/2485/2478 954/2487/2480
f 867/2486/2479 954/2487/2480 868/2488/2481
f 868/2488/2481 954/2487/2480 953/2489/2482
f 868/2488/2481 953/2489/2482 869/2490/2483
f 869/2490/2483 953/2489/2482 950/2491/2484
f 869/2490/2483 950/2491/2484 870/2492/2485
f 870/2492/2485 950/2491/2484 871/2493/2486
f 871/2493/2486 950/2491/2484 1571/2494/2487
f 871/2493/2486 1571/2494/2487 1572/2495/2488
f 949/2496/2489 1568/2497/2490 950/2491/2484
f 950/2491/2484 1568/2497/2490 1569/2498/2491
f 950/2491/2484 1569/2498/2491 1570/2499/2492
f 1570/2499/2492 1571/2494/2487 950/2491/2484
f 1572/2495/2488 1573/2500/2493 871/2493/2486
f 871/2493/2486 1573/2500/2493 1574/2501/2494
f 871/2493/2486 1574/2501/2494 1575/2502/2495
f 1575/2502/2495 1576/2503/2496 871/2493/2486
f 871/2493/2486 1576/2503/2496 926/2504/2497
f 842/2351/2344 841/2505/2498 1264/2349/2342
f 1264/2349/2342 841/2505/2498 840/2506/2499
f 1264/2349/2342 840/2506/2499 839/2507/2500
f 839/2507/2500 838/2508/2501 1264/2349/2342
f 1264/2349/2342 838/2508/2501 837/2509/2502
f 1264/2349/2342 837/2509/2502 836/2510/2503
f 836/2510/2503 835/2511/2504 1264/2349/2342
f 1264/2349/2342 835/2511/2504 834/2512/2505
f 1264/2349/2342 834/2512/2505 833/2513/2506
f 833/2513/2506 832/2514/2507 1264/2349/2342
f 1264/2349/2342 832/2514/2507 831/2515/2508
f 1264/2349/2342 831/2515/2508 830/2516/2509
f 830/2516/2509 829/2517/2510 1264/2349/2342
f 1264/2349/2342 829/2517/2510 828/2518/2511
f 1264/2349/2342 828/2518/2511 827/2519/2512
f 827/2519/2512 826/2520/2513 1264/2349/2342
f 1264/2349/2342 826/2520/2513 825/2521/2514
f 1264/2349/2342 825/2521/2514 824/2522/2515
f 824/2522/2515 823/2523/2516 1264/2349/2342
f 1264/2349/2342 823/2523/2516 822/2524/2517
f 1264/2349/2342 822/2524/2517 821/2525/2518
f 821/2525/2518 820/2526/2519 1264/2349/2342
f 1264/2349/2342 820/2526/2519 819/2527/2520
f 1264/2349/2342 819/2527/2520 818/2528/2521
f 818/2528/2521 815/2529/2522 1264/2349/2342
f 1264/2349/2342 815/2529/2522 1582/2530/2523
f 1264/2349/2342 1582/2530/2523 1583/2531/2524
f 814/2532/2525 1577/2533/2526 815/2529/2522
f 815/2529/2522 1577/2533/2526 1578/2534/2527
f 815/2529/2522 1578/2534/2527 1579/2535/2528
f 1579/2535/2528 1580/2536/2529 815/2529/2522
f 815/2529/2522 1580/2536/2529 1581/2537/2530
f 815/2529/2522 1581/2537/2530 1582/2530/2523
f 1583/2531/2524 1584/2538/2531 1264/2349/2342
f 1264/2349/2342 1584/2538/2531 1585/2539/2532
f 1264/2349/2342 1585/2539/2532 1319/2540/2533
f 1228/2302/2295 1227/2296/2289 1517/2295/2288
f 1225/2298/2291 1224/2292/2285 1516/2291/2284
f 1222/2294/2287 1221/2288/2281 1515/2287/2280
f 1514/2286/2279 1219/2290/2283 1133/2278/2271
f 1133/2278/2271 1219/2290/2283 1218/2541/2534
f 1133/2278/2271 1218/2541/2534 1217/2542/2535
f 1217/2542/2535 1216/2543/2536 1133/2278/2271
f 1133/2278/2271 1216/2543/2536 1215/2544/2537
f 1133/2278/2271 1215/2544/2537 1214/2545/2538
f 1214/2545/2538 1213/2546/2539 1133/2278/2271
f 1133/2278/2271 1213/2546/2539 1212/2547/2540
f 1133/2278/2271 1212/2547/2540 1211/2548/2541
f 1211/2548/2541 1208/2549/2542 1133/2278/2271
f 1133/2278/2271 1208/2549/2542 1590/2550/2543
f 1133/2278/2271 1590/2550/2543 1591/2551/2544
f 1207/2552/2545 1586/2553/2546 1208/2549/2542
f 1208/2549/2542 1586/2553/2546 1587/2554/2547
f 1208/2549/2542 1587/2554/2547 1588/2555/2548
f 1588/2555/2548 1589/2556/2549 1208/2549/2542
f 1208/2549/2542 1589/2556/2549 1590/2550/2543
f 1591/2551/2544 1592/2557/2550 1133/2278/2271
f 1133/2278/2271 1592/2557/2550 1593/2558/2551
f 1133/2278/2271 1593/2558/2551 1594/2559/2552
f 1594/2559/2552 1188/2560/2553 1133/2278/2271
f 1097/2231/2224 1096/2561/2554 1492/2225/2218
f 1492/2225/2218 1096/2561/2554 1095/2562/2555
f 1492/2225/2218 1095/2562/2555 1094/2563/2556
f 1094/2563/2556 1093/2564/2557 1492/2225/2218
f 1492/2225/2218 1093/2564/2557 1092/2565/2558
f 1492/2225/2218 1092/2565/2558 1091/2226/2219
f 1090/2227/2220 1089/2566/2559 1368/2208/2201
f 1368/2208/2201 1089/2566/2559 1088/2567/2560
f 1368/2208/2201 1088/2567/2560 1087/2568/2561
f 1087/2568/2561 1086/2569/2562 1368/2208/2201
f 1368/2208/2201 1086/2569/2562 1085/2570/2563
f 1368/2208/2201 1085/2570/2563 1084/2571/2564
f 1084/2571/2564 1083/2572/2565 1368/2208/2201
f 1368/2208/2201 1083/2572/2565 1082/2573/2566
f 1368/2208/2201 1082/2573/2566 1081/2574/2567
f 1081/2574/2567 1080/2575/2568 1368/2208/2201
f 1368/2208/2201 1080/2575/2568 1077/2576/2569
f 1368/2208/2201 1077/2576/2569 1369/2577/2570
f 1369/2577/2570 1077/2576/2569 1370/2578/2571
f 1370/2578/2571 1077/2576/2569 1371/2579/2572
f 1371/2579/2572 1077/2576/2569 1076/2580/2573
f 1371/2579/2572 1076/2580/2573 1372/2581/2574
f 1372/2581/2574 1076/2580/2573 1373/2582/2575
f 1373/2582/2575 1076/2580/2573 1374/2583/2576
f 1374/2583/2576 1076/2580/2573 1375/2584/2577
f 1375/2584/2577 1076/2580/2573 1376/2585/2578
f 1376/2585/2578 1076/2580/2573 1377/2586/2579
f 1377/2586/2579 1076/2580/2573 1378/2587/2580
f 1378/2587/2580 1076/2580/2573 1379/2588/2581
f 1379/2588/2581 1076/2580/2573 1380/2589/2582
f 1380/2589/2582 1076/2580/2573 1381/2590/2583
f 1381/2590/2583 1076/2580/2573 1382/2591/2584
f 1382/2591/2584 1076/2580/2573 1383/2592/2585
f 1383/2592/2585 1076/2580/2573 1384/2593/2586
f 1384/2593/2586 1076/2580/2573 1385/2594/2587
f 1385/2594/2587 1076/2580/2573 1386/2595/2588
f 1386/2595/2588 1076/2580/2573 1387/2596/2589
f 1387/2596/2589 1076/2580/2573 1388/2597/2590
f 1388/2597/2590 1076/2580/2573 1389/2598/2591
f 1389/2598/2591 1076/2580/2573 1390/2599/2592
f 1390/2599/2592 1076/2580/2573 1391/2600/2593
f 1391/2600/2593 1076/2580/2573 1392/2601/2594
f 1392/2601/2594 1076/2580/2573 1393/2602/2595
f 1393/2602/2595 1076/2580/2573 1394/2603/2596
f 1394/2603/2596 1076/2580/2573 1395/2604/2597
f 1395/2604/2597 1076/2580/2573 1450/2605/2598
f 1450/2605/2598 1076/2580/2573 1595/2606/2599
f 1450/2605/2598 1595/2606/2599 1596/2607/2600
f 1596/2607/2600 1597/2608/2601 1450/2605/2598
f 1450/2605/2598 1597/2608/2601 1598/2609/2602
f 1450/2605/2598 1598/2609/2602 1599/2610/2603
f 1599/2610/2603 1600/2611/2604 1450/2605/2598
f 1450/2605/2598 1600/2611/2604 1601/2612/2605
f 1450/2605/2598 1601/2612/2605 1602/2613/2606
f 1602/2613/2606 1603/2614/2607 1450/2605/2598
f 1366/2218/2211 1365/2615/2608 740/2216/2209
f 740/2216/2209 1365/2615/2608 1364/2616/2609
f 740/2216/2209 1364/2616/2609 1363/2617/2610
f 1363/2617/2610 1362/2618/2611 740/2216/2209
f 740/2216/2209 1362/2618/2611 1361/2619/2612
f 740/2216/2209 1361/2619/2612 1360/2620/2613
f 1360/2620/2613 1359/2621/2614 740/2216/2209
f 740/2216/2209 1359/2621/2614 1358/2622/2615
f 740/2216/2209 1358/2622/2615 1357/2623/2616
f 1357/2623/2616 1356/2624/2617 740/2216/2209
f 740/2216/2209 1356/2624/2617 1355/2625/2618
f 740/2216/2209 1355/2625/2618 1354/2626/2619
f 1354/2626/2619 1353/2627/2620 740/2216/2209
f 740/2216/2209 1353/2627/2620 1352/2628/2621
f 740/2216/2209 1352/2628/2621 1351/2629/2622
f 1351/2629/2622 1350/2630/2623 740/2216/2209
f 740/2216/2209 1350/2630/2623 1349/2631/2624
f 740/2216/2209 1349/2631/2624 1348/2632/2625
f 1348/2632/2625 1347/2633/2626 740/2216/2209
f 740/2216/2209 1347/2633/2626 1346/2634/2627
f 740/2216/2209 1346/2634/2627 1345/2635/2628
f 1345/2635/2628 1344/2636/2629 740/2216/2209
f 740/2216/2209 1344/2636/2629 1343/2637/2630
f 740/2216/2209 1343/2637/2630 1342/2638/2631
f 1342/2638/2631 1339/2453/2446 740/2216/2209
f 1614/2639/2632 1470/2640/2633 1613/2641/2634
f 1613/2641/2634 1470/2640/2633 1469/2642/2635
f 1613/2643/2634 1469/2644/2635 1702/2645/2636
f 1702/2645/2636 1469/2644/2635 1558/2646/2637
f 1702/2645/2636 1558/2646/2637 1701/2647/2638
f 1701/2647/2638 1558/2646/2637 1557/2648/2639
f 1701/2647/2638 1557/2648/2639 1700/2649/2640
f 1700/2649/2640 1557/2648/2639 1556/2650/2641
f 1700/2649/2640 1556/2650/2641 1699/2651/2642
f 1699/2651/2642 1556/2650/2641 1555/2652/2643
f 1699/2651/2642 1555/2652/2643 1698/2653/2644
f 1698/2653/2644 1555/2652/2643 1554/2654/2645
f 1698/2653/2644 1554/2654/2645 1697/2655/2646
f 1697/2655/2646 1554/2654/2645 1553/2656/2647
f 1697/2655/2646 1553/2656/2647 1696/2657/2648
f 1696/2657/2648 1553/2656/2647 1552/2658/2649
f 1696/2657/2648 1552/2658/2649 1695/2659/2650
f 1695/2659/2650 1552/2658/2649 1551/2660/2651
f 1695/2659/2650 1551/2660/2651 1694/2661/2652
f 1694/2661/2652 1551/2660/2651 1550/2662/2653
f 1694/2661/2652 1550/2662/2653 1693/2663/2654
f 1693/2663/2654 1550/2662/2653 1549/2664/2655
f 1693/2663/2654 1549/2664/2655 1692/2665/2656
f 1692/2665/2656 1549/2664/2655 1548/2666/2657
f 1692/2665/2656 1548/2666/2657 1691/2667/2658
f 1691/2667/2658 1548/2666/2657 1547/2668/2659
f 1691/2667/2658 1547/2668/2659 1690/2669/2660
f 1690/2669/2660 1547/2668/2659 1546/2670/2661
f 1690/2669/2660 1546/2670/2661 1689/2671/2662
f 1689/2671/2662 1546/2670/2661 1545/2672/2663
f 1689/2671/2662 1545/2672/2663 1688/2673/2664
f 1688/2673/2664 1545/2672/2663 1544/2674/2665
f 1688/2673/2664 1544/2674/2665 1687/2675/2666
f 1687/2675/2666 1544/2674/2665 1543/2676/2667
f 1687/2675/2666 1543/2676/2667 1686/2677/2668
f 1686/2677/2668 1543/2676/2667 1542/2678/2669
f 1686/2677/2668 1542/2678/2669 1685/2679/2670
f 1685/2679/2670 1542/2678/2669 1541/2680/2671
f 1685/2679/2670 1541/2680/2671 1684/2681/2672
f 1684/2681/2672 1541/2680/2671 1540/2682/2673
f 1684/2681/2672 1540/2682/2673 1683/2683/2674
f 1683/2683/2674 1540/2682/2673 1539/2684/2675
f 1683/2683/2674 1539/2684/2675 1682/2685/2676
f 1682/2685/2676 1539/2684/2675 1538/2686/2677
f 1682/2685/2676 1538/2686/2677 1681/2687/2678
f 1681/2687/2678 1538/2686/2677 1537/2688/2679
f 1681/2687/2678 1537/2688/2679 1680/2689/2680
f 1680/2689/2680 1537/2688/2679 1536/2690/2681
f 1680/2689/2680 1536/2690/2681 1679/2691/2682
f 1679/2691/2682 1536/2690/2681 1535/2692/2683
f 1679/2691/2682 1535/2692/2683 1678/2693/2684
f 1678/2693/2684 1535/2692/2683 1534/2694/2685
f 1678/2693/2684 1534/2694/2685 1677/2695/2686
f 1677/2695/2686 1534/2694/2685 1533/2696/2687
f 1677/2695/2686 1533/2696/2687 1676/2697/2688
f 1676/2697/2688 1533/2696/2687 1532/2698/2689
f 1676/2697/2688 1532/2698/2689 1675/2699/2690
f 1675/2699/2690 1532/2698/2689 1531/2700/2691
f 1675/2699/2690 1531/2700/2691 1674/2701/2692
f 1674/2701/2692 1531/2700/2691 1530/2702/2693
f 1674/2701/2692 1530/2702/2693 1673/2703/2694
f 1673/2703/2694 1530/2702/2693 1529/2704/2695
f 1673/2703/2694 1529/2704/2695 1672/2705/2696
f 1672/2705/2696 1529/2704/2695 1528/2706/2697
f 1672/2705/2696 1528/2706/2697 1671/2707/2698
f 1671/2707/2698 1528/2706/2697 1527/2708/2699
f 1671/2707/2698 1527/2708/2699 1670/2709/2700
f 1670/2709/2700 1527/2708/2699 1526/2710/2701
f 1670/2709/2700 1526/2710/2701 1669/2711/2702
f 1669/2711/2702 1526/2710/2701 1525/2712/2703
f 1669/2711/2702 1525/2712/2703 1668/2713/2704
f 1668/2713/2704 1525/2712/2703 1524/2714/2705
f 1668/2713/2704 1524/2714/2705 1667/2715/2706
f 1667/2715/2706 1524/2714/2705 1523/2716/2707
f 1667/2715/2706 1523/2716/2707 1666/2717/2708
f 1666/2717/2708 1523/2716/2707 1522/2718/2709
f 1666/2717/2708 1522/2718/2709 1665/2719/2710
f 1665/2719/2710 1522/2718/2709 1521/2720/2711
f 1665/2719/2710 1521/2720/2711 1664/2721/2712
f 1664/2721/2712 1521/2720/2711 1520/2722/2713
f 1664/2721/2712 1520/2722/2713 1663/2723/2714
f 1663/2723/2714 1520/2722/2713 1519/2724/2715
f 1663/2723/2714 1519/2724/2715 1662/2725/2716
f 1662/2725/2716 1519/2724/2715 1518/2726/2717
f 1662/2725/2716 1518/2726/2717 1661/2727/2718
f 1661/2727/2718 1518/2726/2717 1517/2728/2719
f 1661/2727/2718 1517/2728/2719 1660/2729/2720
f 1660/2729/2720 1517/2728/2719 1516/2730/2721
f 1660/2729/2720 1516/2730/2721 1659/2731/2722
f 1659/2731/2722 1516/2730/2721 1515/2732/2723
f 1659/2731/2722 1515/2732/2723 1658/2733/2724
f 1658/2733/2724 1515/2732/2723 1514/2734/2725
f 1658/2733/2724 1514/2734/2725 1657/2735/2726
f 1657/2735/2726 1514/2734/2725 1513/2736/2727
f 1657/2735/2726 1513/2736/2727 1656/2737/2728
f 1656/2737/2728 1513/2736/2727 1512/2738/2729
f 1656/2737/2728 1512/2738/2729 1655/2739/2730
f 1655/2739/2730 1512/2738/2729 1511/2740/2731
f 1655/2739/2730 1511/2740/2731 1654/2741/2732
f 1654/2741/2732 1511/2740/2731 1510/2742/2733
f 1654/2741/2732 1510/2742/2733 1653/2743/2734
f 1653/2743/2734 1510/2742/2733 1509/2744/2735
f 1653/2743/2734 1509/2744/2735 1652/2745/2736
f 1652/2745/2736 1509/2744/2735 1508/2746/2737
f 1652/2745/2736 1508/2746/2737 1651/2747/2738
f 1651/2747/2738 1508/2746/2737 1507/2748/2739
f 1651/2747/2738 1507/2748/2739 1650/2749/2740
f 1650/2749/2740 1507/2748/2739 1506/2750/2741
f 1650/2749/2740 1506/2750/2741 1649/2751/2742
f 1649/2751/2742 1506/2750/2741 1505/2752/2743
f 1649/2751/2742 1505/2752/2743 1648/2753/2744
f 1648/2753/2744 1505/2752/2743 1504/2754/2745
f 1648/2753/2744 1504/2754/2745 1647/2755/2746
f 1647/2755/2746 1504/2754/2745 1503/2756/2747
f 1647/2755/2746 1503/2756/2747 1646/2757/2748
f 1646/2757/2748 1503/2756/2747 1502/2758/2749
f 1646/2757/2748 1502/2758/2749 1645/2759/2750
f 1645/2759/2750 1502/2758/2749 1501/2760/2751
f 1645/2759/2750 1501/2760/2751 1644/2761/2752
f 1644/2761/2752 1501/2760/2751 1500/2762/2753
f 1644/2761/2752 1500/2762/2753 1643/2763/2754
f 1643/2763/2754 1500/2762/2753 1499/2764/2755
f 1643/2763/2754 1499/2764/2755 1642/2765/2756
f 1642/2765/2756 1499/2764/2755 1498/2766/2757
f 1642/2765/2756 1498/2766/2757 1641/2767/2758
f 1641/2767/2758 1498/2766/2757 1497/2768/2759
f 1641/2767/2758 1497/2768/2759 1640/2769/2760
f 1640/2769/2760 1497/2768/2759 1496/2770/2761
f 1640/2769/2760 1496/2770/2761 1639/2771/2762
f 1639/2771/2762 1496/2770/2761 1495/2772/2763
f 1639/2771/2762 1495/2772/2763 1638/2773/2764
f 1638/2773/2764 1495/2772/2763 1494/2774/2765
f 1638/2773/2764 1494/2774/2765 1637/2775/2766
f 1637/2775/2766 1494/2774/2765 1493/2776/2767
f 1637/2775/2766 1493/2776/2767 1636/2777/2768
f 1636/2777/2768 1493/2776/2767 1492/2778/2769
f 1636/2777/2768 1492/2778/2769 1635/2779/2770
f 1635/2779/2770 1492/2778/2769 1491/2780/2771
f 1635/2779/2770 1491/2780/2771 1634/2781/2772
f 1634/2781/2772 1491/2780/2771 1490/2782/2773
f 1634/2781/2772 1490/2782/2773 1633/2783/2774
f 1633/2783/2774 1490/2782/2773 1489/2784/2775
f 1633/2783/2774 1489/2784/2775 1632/2785/2776
f 1632/2785/2776 1489/2784/2775 1488/2786/2777
f 1632/2785/2776 1488/2786/2777 1631/2787/2778
f 1631/2787/2778 1488/2786/2777 1487/2788/2779
f 1631/2787/2778 1487/2788/2779 1630/2789/2780
f 1630/2789/2780 1487/2788/2779 1486/2790/2781
f 1630/2789/2780 1486/2790/2781 1629/2791/2782
f 1629/2791/2782 1486/2790/2781 1485/2792/2783
f 1629/2791/2782 1485/2792/2783 1628/2793/2784
f 1628/2793/2784 1485/2792/2783 1484/2794/2785
f 1628/2793/2784 1484/2794/2785 1627/2795/2786
f 1627/2795/2786 1484/2794/2785 1483/2796/2787
f 1627/2795/2786 1483/2796/2787 1626/2797/2788
f 1626/2797/2788 1483/2796/2787 1482/2798/2789
f 1626/2797/2788 1482/2798/2789 1625/2799/2790
f 1625/2799/2790 1482/2798/2789 1481/2800/2791
f 1625/2799/2790 1481/2800/2791 1624/2801/2792
f 1624/2801/2792 1481/2800/2791 1480/2802/2793
f 1624/2801/2792 1480/2802/2793 1623/2803/2794
f 1623/2803/2794 1480/2802/2793 1479/2804/2795
f 1623/2803/2794 1479/2804/2795 1622/2805/2796
f 1622/2805/2796 1479/2804/2795 1478/2806/2797
f 1622/2805/2796 1478/2806/2797 1621/2807/2798
f 1621/2807/2798 1478/2806/2797 1477/2808/2799
f 1621/2807/2798 1477/2808/2799 1620/2809/2800
f 1620/2809/2800 1477/2808/2799 1476/2810/2801
f 1620/2809/2800 1476/2810/2801 1619/2811/2802
f 1619/2811/2802 1476/2810/2801 1475/2812/2803
f 1619/2811/2802 1475/2812/2803 1618/2813/2804
f 1618/2813/2804 1475/2812/2803 1474/2814/2805
f 1618/2813/2804 1474/2814/2805 1617/2815/2806
f 1617/2815/2806 1474/2814/2805 1473/2816/2807
f 1617/2815/2806 1473/2816/2807 1616/2817/2808
f 1616/2817/2808 1473/2816/2807 1472/2818/2809
f 1616/2817/2808 1472/2818/2809 1615/2819/2810
f 1615/2819/2810 1472/2818/2809 1471/2820/2811
f 1615/2819/2810 1471/2820/2811 1614/2639/2632
f 1614/2639/2632 1471/2820/2811 1470/2640/2633
f 120/2821/2812 1614/2822/2813 61/2823/2814
f 61/2823/2814 1614/2822/2813 1613/2824/2815
f 61/2823/2814 1613/2824/2815 1702/2825/2816
f 1614/2822/2813 120/2821/2812 1615/2826/2817
f 1615/2826/2817 120/2821/2812 119/2827/2818
f 1615/2826/2817 119/2827/2818 1616/2828/2819
f 1616/2828/2819 119/2827/2818 1617/2829/2820
f 1617/2829/2820 119/2827/2818 118/2830/2821
f 1617/2829/2820 118/2830/2821 1618/2831/2822
f 1618/2831/2822 118/2830/2821 117/2832/2823
f 1618/2831/2822 117/2832/2823 1619/2833/2824
f 1619/2833/2824 117/2832/2823 1620/2834/2825
f 1620/2834/2825 117/2832/2823 116/2835/2826
f 1620/2834/2825 116/2835/2826 1621/2836/2827
f 1621/2836/2827 116/2835/2826 115/2837/2828
f 1621/2836/2827 115/2837/2828 1622/2838/2829
f 1622/2838/2829 115/2837/2828 1623/2839/2830
f 1623/2839/2830 115/2837/2828 114/2840/2831
f 1623/2839/2830 114/2840/2831 1624/2841/2832
f 1624/2841/2832 114/2840/2831 113/2842/2833
f 1624/2841/2832 113/2842/2833 1625/2843/2834
f 1625/2843/2834 113/2842/2833 1626/2844/2835
f 1626/2844/2835 113/2842/2833 112/2845/2836
f 1626/2844/2835 112/2845/2836 1627/2846/2837
f 1627/2846/2837 112/2845/2836 111/2847/2838
f 1627/2846/2837 111/2847/2838 1628/2848/2839
f 1628/2848/2839 111/2847/2838 1629/2849/2840
f 1629/2849/2840 111/2847/2838 110/2850/2841
f 1629/2849/2840 110/2850/2841 1630/2851/2842
f 1630/2851/2842 110/2850/2841 109/2852/2843
f 1630/2851/2842 109/2852/2843 1631/2853/2844
f 1631/2853/2844 109/2852/2843 1632/2854/2845
f 1632/2854/2845 109/2852/2843 108/2855/2846
f 1632/2854/2845 108/2855/2846 1633/2856/2847
f 1633/2856/2847 108/2855/2846 107/2857/2848
f 1633/2856/2847 107/2857/2848 1634/2858/2849
f 1634/2858/2849 107/2857/2848 1635/2859/2850
f 1635/2859/2850 107/2857/2848 106/2860/2851
f 1635/2859/2850 106/2860/2851 1636/2861/2852
f 1636/2861/2852 106/2860/2851 105/2862/2853
f 1636/2861/2852 105/2862/2853 1637/2863/2854
f 1637/2863/2854 105/2862/2853 1638/2864/2855
f 1638/2864/2855 105/2862/2853 104/2865/2856
f 1638/2864/2855 104/2865/2856 1639/2866/2857
f 1639/2866/2857 104/2865/2856 103/2867/2858
f 1639/2866/2857 103/2867/2858 1640/2868/2859
f 1640/2868/2859 103/2867/2858 1641/2869/2860
f 1641/2869/2860 103/2867/2858 102/2870/2861
f 1641/2869/2860 102/2870/2861 1642/2871/2862
f 1642/2871/2862 102/2870/2861 101/2872/2863
f 1642/2871/2862 101/2872/2863 1643/2873/2864
f 1643/2873/2864 101/2872/2863 1644/2874/2865
f 1644/2874/2865 101/2872/2863 100/2875/2866
f 1644/2874/2865 100/2875/2866 1645/2876/2867
f 1645/2876/2867 100/2875/2866 99/2877/2868
f 1645/2876/2867 99/2877/2868 1646/2878/2869
f 1646/2878/2869 99/2877/2868 1647/2879/2870
f 1647/2879/2870 99/2877/2868 98/2880/2871
f 1647/2879/2870 98/2880/2871 1648/2881/2872
f 1648/2881/2872 98/2880/2871 97/2882/2873
f 1648/2881/2872 97/2882/2873 1649/2883/2874
f 1649/2883/2874 97/2882/2873 1650/2884/2875
f 1650/2884/2875 97/2882/2873 96/2885/2876
f 1650/2884/2875 96/2885/2876 1651/2886/2877
f 1651/2886/2877 96/2885/2876 95/2887/2878
f 1651/2886/2877 95/2887/2878 1652/2888/2879
f 1652/2888/2879 95/2887/2878 1653/2889/2880
f 1653/2889/2880 95/2887/2878 94/2890/2881
f 1653/2889/2880 94/2890/2881 1654/2891/2882
f 1654/2891/2882 94/2890/2881 93/2892/2883
f 1654/2891/2882 93/2892/2883 1655/2893/2884
f 1655/2893/2884 93/2892/2883 1656/2894/2885
f 1656/2894/2885 93/2892/2883 92/2895/2886
f 1656/2894/2885 92/2895/2886 1657/2896/2887
f 1657/2896/2887 92/2895/2886 91/2897/2888
f 1657/2896/2887 91/2897/2888 1658/2898/2889
f 1658/2898/2889 91/2897/2888 1659/2899/2890
f 1659/2899/2890 91/2897/2888 90/2900/2891
f 1659/2899/2890 90/2900/2891 1660/2901/2892
f 1660/2901/2892 90/2900/2891 89/2902/2893
f 1660/2901/2892 89/2902/2893 1661/2903/2894
f 1661/2903/2894 89/2902/2893 1662/2904/2895
f 1662/2904/2895 89/2902/2893 88/2905/2896
f 1662/2904/2895 88/2905/2896 1663/2906/2897
f 1663/2906/2897 88/2905/2896 87/2907/2898
f 1663/2906/2897 87/2907/2898 1664/2908/2899
f 1664/2908/2899 87/2907/2898 1665/2909/2900
f 1665/2909/2900 87/2907/2898 86/2910/2901
f 1665/2909/2900 86/2910/2901 1666/2911/2902
f 1666/2911/2902 86/2910/2901 85/2912/2903
f 1666/2911/2902 85/2912/2903 1667/2913/2904
f 1667/2913/2904 85/2912/2903 1668/2914/2905
f 1668/2914/2905 85/2912/2903 84/2915/2906
f 1668/2914/2905 84/2915/2906 1669/2916/2907
f 1669/2916/2907 84/2915/2906 83/2917/2908
f 1669/2916/2907 83/2917/2908 82/2918/2909
f 82/2918/2909 81/2919/2910 1669/2916/2907
f 1669/2916/2907 81/2919/2910 80/2920/2911
f 1669/2916/2907 80/2920/2911 1670/2921/2912
f 1670/2921/2912 80/2920/2911 1671/2922/2913
f 1671/2922/2913 80/2920/2911 1672/2923/2914
f 1672/2923/2914 80/2920/2911 1673/2924/2915
f 1673/2924/2915 80/2920/2911 1674/2925/2916
f 1674/2925/2916 80/2920/2911 1675/2926/2917
f 1675/2926/2917 80/2920/2911 79/2927/2918
f 1675/2926/2917 79/2927/2918 1676/2928/2919
f 1676/2928/2919 79/2927/2918 1677/2929/2920
f 1677/2929/2920 79/2927/2918 78/2930/2921
f 1677/2929/2920 78/2930/2921 1678/2931/2922
f 1678/2931/2922 78/2930/2921 77/2932/2923
f 1678/2931/2922 77/2932/2923 1679/2933/2924
f 1679/2933/2924 77/2932/2923 1680/2934/2925
f 1680/2934/2925 77/2932/2923 76/2935/2926
f 1680/2934/2925 76/2935/2926 1681/2936/2927
f 1681/2936/2927 76/2935/2926 75/2937/2928
f 1681/2936/2927 75/2937/2928 1682/2938/2929
f 1682/2938/2929 75/2937/2928 1683/2939/2930
f 1683/2939/2930 75/2937/2928 74/2940/2931
f 1683/2939/2930 74/2940/2931 1684/2941/2932
f 1684/2941/2932 74/2940/2931 73/2942/2933
f 1684/2941/2932 73/2942/2933 1685/2943/2934
f 1685/2943/2934 73/2942/2933 1686/2944/2935
f 1686/2944/2935 73/2942/2933 72/2945/2936
f 1686/2944/2935 72/2945/2936 1687/2946/2937
f 1687/2946/2937 72/2945/2936 71/2947/2938
f 1687/2946/2937 71/2947/2938 1688/2948/2939
f 1688/2948/2939 71/2947/2938 1689/2949/2940
f 1689/2949/2940 71/2947/2938 70/2950/2941
f 1689/2949/2940 70/2950/2941 1690/2951/2942
f 1690/2951/2942 70/2950/2941 69/2952/2943
f 1690/2951/2942 69/2952/2943 1691/2953/2944
f 1691/2953/2944 69/2952/2943 1692/2954/2945
f 1692/2954/2945 69/2952/2943 68/2955/2946
f 1692/2954/2945 68/2955/2946 1693/2956/2947
f 1693/2956/2947 68/2955/2946 67/2957/2948
f 1693/2956/2947 67/2957/2948 1694/2958/2949
f 1694/2958/2949 67/2957/2948 1695/2959/2950
f 1695/2959/2950 67/2957/2948 66/2960/2951
f 1695/2959/2950 66/2960/2951 1696/2961/2952
f 1696/2961/2952 66/2960/2951 65/2962/2953
f 1696/2961/2952 65/2962/2953 1697/2963/2954
f 1697/2963/2954 65/2962/2953 1698/2964/2955
f 1698/2964/2955 65/2962/2953 64/2965/2956
f 1698/2964/2955 64/2965/2956 1699/2966/2957
f 1699/2966/2957 64/2965/2956 63/2967/2958
f 1699/2966/2957 63/2967/2958 1700/2968/2959
f 1700/2968/2959 63/2967/2958 1701/2969/2960
f 1701/2969/2960 63/2967/2958 62/2970/2961
f 1701/2969/2960 62/2970/2961 1702/2825/2816
f 1702/2825/2816 62/2970/2961 61/2823/2814
f 795/2971/2962 1862/2972/2963 796/2973/2964
f 796/2973/2964 1862/2972/2963 1865/2974/2965
f 796/2973/2964 1865/2974/2965 797/2975/2966
f 797/2975/2966 1865/2974/2965 2172/2976/2967
f 797/2975/2966 2172/2976/2967 798/2977/2968
f 798/2977/2968 2172/2976/2967 2170/2978/2969
f 798/2977/2968 2170/2978/2969 799/2979/2970
f 799/2979/2970 2170/2978/2969 2168/2980/2971
f 799/2979/2970 2168/2980/2971 800/2981/2972
f 800/2981/2972 2168/2980/2971 2166/2982/2973
f 800/2981/2972 2166/2982/2973 801/2983/2974
f 801/2983/2974 2166/2982/2973 2164/2984/2975
f 801/2983/2974 2164/2984/2975 802/2985/2976
f 802/2985/2976 2164/2984/2975 2162/2986/2977
f 802/2985/2976 2162/2986/2977 803/2987/2978
f 803/2987/2978 2162/2986/2977 2160/2988/2979
f 803/2987/2978 2160/2988/2979 804/2989/2980
f 804/2989/2980 2160/2988/2979 2158/2990/2981
f 804/2989/2980 2158/2990/2981 805/2991/2982
f 805/2991/2982 2158/2990/2981 2156/2992/2983
f 805/2991/2982 2156/2992/2983 806/2993/2984
f 806/2993/2984 2156/2992/2983 2154/2994/2985
f 806/2993/2984 2154/2994/2985 807/2995/2986
f 807/2995/2986 2154/2994/2985 2152/2996/2987
f 807/2995/2986 2152/2996/2987 808/2997/2988
f 808/2997/2988 2152/2996/2987 2150/2998/2989
f 808/2997/2988 2150/2998/2989 809/2999/2990
f 809/2999/2990 2150/2998/2989 2148/3000/2991
f 809/2999/2990 2148/3000/2991 810/3001/2992
f 810/3001/2992 2148/3000/2991 2146/3002/2993
f 810/3001/2992 2146/3002/2993 811/3003/2994
f 811/3003/2994 2146/3002/2993 2144/3004/2995
f 811/3003/2994 2144/3004/2995 812/3005/2996
f 812/3005/2996 2144/3004/2995 2142/3006/2997
f 812/3005/2996 2142/3006/2997 813/3007/2998
f 813/3007/2998 2142/3006/2997 686/3008/2999
f 686/3008/2999 2142/3006/2997 2140/3009/3000
f 686/3008/2999 2140/3009/3000 683/3010/3001
f 683/3010/3001 2140/3009/3000 1559/3011/3002
f 1559/3011/3002 2140/3009/3000 2138/3012/3003
f 1559/3011/3002 2138/3012/3003 1560/3013/3004
f 1560/3013/3004 2138/3012/3003 2136/3014/3005
f 1560/3013/3004 2136/3014/3005 1561/3015/3006
f 1561/3015/3006 2136/3014/3005 2134/3016/3007
f 1561/3015/3006 2134/3016/3007 1562/3017/3008
f 1562/3017/3008 2134/3016/3007 2132/3018/3009
f 1562/3017/3008 2132/3018/3009 1563/3019/3010
f 1563/3019/3010 2132/3018/3009 2130/3020/3011
f 1563/3019/3010 2130/3020/3011 1564/3021/3012
f 1564/3021/3012 2130/3020/3011 2128/3022/3013
f 1564/3021/3012 2128/3022/3013 1565/3023/3014
f 1565/3023/3014 2128/3022/3013 2126/3024/3015
f 1565/3023/3014 2126/3024/3015 1566/3025/3016
f 1566/3025/3016 2126/3024/3015 2124/3026/3017
f 1566/3025/3016 2124/3026/3017 1567/3027/3018
f 1567/3027/3018 2124/3026/3017 2122/3028/3019
f 1567/3027/3018 2122/3028/3019 946/3029/3020
f 946/3029/3020 2122/3028/3019 947/3030/3021
f 947/3030/3021 2122/3028/3019 2120/3031/3022
f 947/3030/3021 2120/3031/3022 1059/3032/3023
f 1059/3032/3023 2120/3031/3022 1060/3033/3024
f 1060/3033/3024 2120/3031/3022 2118/3034/3025
f 1060/3033/3024 2118/3034/3025 1061/3035/3026
f 1061/3035/3026 2118/3034/3025 2116/3036/3027
f 1061/3035/3026 2116/3036/3027 1062/3037/3028
f 1062/3037/3028 2116/3036/3027 2114/3038/3029
f 1062/3037/3028 2114/3038/3029 1063/3039/3030
f 1063/3039/3030 2114/3038/3029 2112/3040/3031
f 1063/3039/3030 2112/3040/3031 1064/3041/3032
f 1064/3041/3032 2112/3040/3031 2110/3042/3033
f 1064/3041/3032 2110/3042/3033 1065/3043/3034
f 1065/3043/3034 2110/3042/3033 2108/3044/3035
f 1065/3043/3034 2108/3044/3035 1066/3045/3036
f 1066/3045/3036 2108/3044/3035 2106/3046/3037
f 1066/3045/3036 2106/3046/3037 1067/3047/3038
f 1067/3047/3038 2106/3046/3037 2104/3048/3039
f 1067/3047/3038 2104/3048/3039 1068/3049/3040
f 1068/3049/3040 2104/3048/3039 2102/3050/3041
f 1068/3049/3040 2102/3050/3041 1069/3051/3042
f 1069/3051/3042 2102/3050/3041 2100/3052/3043
f 1069/3051/3042 2100/3052/3043 1070/3053/3044
f 1070/3053/3044 2100/3052/3043 2098/3054/3045
f 1070/3053/3044 2098/3054/3045 1071/3055/3046
f 1071/3055/3046 2098/3054/3045 2096/3056/3047
f 1071/3055/3046 2096/3056/3047 1072/3057/3048
f 1072/3057/3048 2096/3056/3047 2094/3058/3049
f 1072/3057/3048 2094/3058/3049 1073/3059/3050
f 1073/3059/3050 2094/3058/3049 2092/3060/3051
f 1073/3059/3050 2092/3060/3051 1074/3061/3052
f 1074/3061/3052 2092/3060/3051 2090/3062/3053
f 1074/3061/3052 2090/3062/3053 1075/3063/3054
f 1075/3063/3054 2090/3062/3053 2088/3064/3055
f 1075/3063/3054 2088/3064/3055 952/3065/3056
f 952/3065/3056 2088/3064/3055 2086/3066/3057
f 952/3065/3056 2086/3066/3057 949/3067/3058
f 949/3067/3058 2086/3066/3057 1568/3068/3059
f 1568/3068/3059 2086/3066/3057 1569/3069/3060
f 1569/3069/3060 2086/3066/3057 2084/3070/3061
f 1569/3069/3060 2084/3070/3061 1570/3071/3062
f 1570/3071/3062 2084/3070/3061 2082/3072/3063
f 1570/3071/3062 2082/3072/3063 1571/3073/3064
f 1571/3073/3064 2082/3072/3063 2080/3074/3065
f 1571/3073/3064 2080/3074/3065 1572/3075/3066
f 1572/3075/3066 2080/3074/3065 2078/3076/3067
f 1572/3075/3066 2078/3076/3067 1573/3077/3068
f 1573/3077/3068 2078/3076/3067 2076/3078/3069
f 1573/3077/3068 2076/3078/3069 1574/3079/3070
f 1574/3079/3070 2076/3078/3069 2074/3080/3071
f 1574/3079/3070 2074/3080/3071 1575/3081/3072
f 1575/3081/3072 2074/3080/3071 2072/3082/3073
f 1575/3081/3072 2072/3082/3073 1576/3083/3074
f 1576/3083/3074 2072/3082/3073 2070/3084/3075
f 1576/3083/3074 2070/3084/3075 926/3085/3076
f 926/3085/3076 2070/3084/3075 927/3086/3077
f 927/3086/3077 2070/3084/3075 2068/3087/3078
f 927/3086/3077 2068/3087/3078 928/3088/3079
f 928/3088/3079 2068/3087/3078 2066/3089/3080
f 928/3088/3079 2066/3089/3080 929/3090/3081
f 929/3090/3081 2066/3089/3080 2064/3091/3082
f 929/3090/3081 2064/3091/3082 930/3092/3083
f 930/3092/3083 2064/3091/3082 2062/3093/3084
f 930/3092/3083 2062/3093/3084 931/3094/3085
f 931/3094/3085 2062/3093/3084 932/3095/3086
f 932/3095/3086 2062/3093/3084 2060/3096/3087
f 932/3095/3086 2060/3096/3087 933/3097/3088
f 933/3097/3088 2060/3096/3087 2058/3098/3089
f 933/3097/3088 2058/3098/3089 934/3099/3090
f 934/3099/3090 2058/3098/3089 2056/3100/3091
f 934/3099/3090 2056/3100/3091 935/3101/3092
f 935/3101/3092 2056/3100/3091 2054/3102/3093
f 935/3101/3092 2054/3102/3093 936/3103/3094
f 936/3103/3094 2054/3102/3093 2052/3104/3095
f 936/3103/3094 2052/3104/3095 937/3105/3096
f 937/3105/3096 2052/3104/3095 2050/3106/3097
f 937/3105/3096 2050/3106/3097 938/3107/3098
f 938/3107/3098 2050/3106/3097 2048/3108/3099
f 938/3107/3098 2048/3108/3099 939/3109/3100
f 939/3109/3100 2048/3108/3099 2046/3110/3101
f 939/3109/3100 2046/3110/3101 940/3111/3102
f 940/3111/3102 2046/3110/3101 2044/3112/3103
f 940/3111/3102 2044/3112/3103 941/3113/3104
f 941/3113/3104 2044/3112/3103 2042/3114/3105
f 941/3113/3104 2042/3114/3105 942/3115/3106
f 942/3115/3106 2042/3114/3105 2040/3116/3107
f 942/3115/3106 2040/3116/3107 943/3117/3108
f 943/3117/3108 2040/3116/3107 2038/3118/3109
f 943/3117/3108 2038/3118/3109 944/3119/3110
f 944/3119/3110 2038/3118/3109 2036/3120/3111
f 944/3119/3110 2036/3120/3111 817/3121/3112
f 817/3121/3112 2036/3120/3111 2034/3122/3113
f 817/3121/3112 2034/3122/3113 814/3123/3114
f 814/3123/3114 2034/3122/3113 1577/3124/3115
f 1577/3124/3115 2034/3122/3113 2032/3125/3116
f 1577/3124/3115 2032/3125/3116 1578/3126/3117
f 1578/3126/3117 2032/3125/3116 2030/3127/3118
f 1578/3126/3117 2030/3127/3118 1579/3128/3119
f 1579/3128/3119 2030/3127/3118 1580/3129/3120
f 1580/3129/3120 2030/3127/3118 2028/3130/3121
f 1580/3129/3120 2028/3130/3121 1581/3131/3122
f 1581/3131/3122 2028/3130/3121 2026/3132/3123
f 1581/3131/3122 2026/3132/3123 1582/3133/3124
f 1582/3133/3124 2026/3132/3123 2024/3134/3125
f 1582/3133/3124 2024/3134/3125 1583/3135/3126
f 1583/3135/3126 2024/3134/3125 2022/3136/3127
f 1583/3135/3126 2022/3136/3127 1584/3137/3128
f 1584/3137/3128 2022/3136/3127 2020/3138/3129
f 1584/3137/3128 2020/3138/3129 1585/3139/3130
f 1585/3139/3130 2020/3138/3129 2018/3140/3131
f 1585/3139/3130 2018/3140/3131 1319/3141/3132
f 1319/3141/3132 2018/3140/3131 1320/3142/3133
f 1320/3142/3133 2018/3140/3131 2016/3143/3134
f 1320/3142/3133 2016/3143/3134 1321/3144/3135
f 1321/3144/3135 2016/3143/3134 2014/3145/3136
f 1321/3144/3135 2014/3145/3136 1322/3146/3137
f 1322/3146/3137 2014/3145/3136 2012/3147/3138
f 1322/3146/3137 2012/3147/3138 1323/3148/3139
f 1323/3148/3139 2012/3147/3138 2010/3149/3140
f 1323/3148/3139 2010/3149/3140 1324/3150/3141
f 1324/3150/3141 2010/3149/3140 2008/3151/3142
f 1324/3150/3141 2008/3151/3142 1325/3152/3143
f 1325/3152/3143 2008/3151/3142 2006/3153/3144
f 1325/3152/3143 2006/3153/3144 1326/3154/3145
f 1326/3154/3145 2006/3153/3144 2004/3155/3146
f 1326/3154/3145 2004/3155/3146 1327/3156/3147
f 1327/3156/3147 2004/3155/3146 1328/3157/3148
f 1328/3157/3148 2004/3155/3146 2002/3158/3149
f 1328/3157/3148 2002/3158/3149 1329/3159/3150
f 1329/3159/3150 2002/3158/3149 2000/3160/3151
f 1329/3159/3150 2000/3160/3151 1330/3161/3152
f 1330/3161/3152 2000/3160/3151 1998/3162/3153
f 1330/3161/3152 1998/3162/3153 1331/3163/3154
f 1331/3163/3154 1998/3162/3153 1996/3164/3155
f 1331/3163/3154 1996/3164/3155 1332/3165/3156
f 1332/3165/3156 1996/3164/3155 1994/3166/3157
f 1332/3165/3156 1994/3166/3157 1333/3167/3158
f 1333/3167/3158 1994/3166/3157 1992/3168/3159
f 1333/3167/3158 1992/3168/3159 1334/3169/3160
f 1334/3169/3160 1992/3168/3159 1990/3170/3161
f 1334/3169/3160 1990/3170/3161 1335/3171/3162
f 1335/3171/3162 1990/3170/3161 1988/3172/3163
f 1335/3171/3162 1988/3172/3163 1336/3173/3164
f 1336/3173/3164 1988/3172/3163 1986/3174/3165
f 1336/3173/3164 1986/3174/3165 1337/3175/3166
f 1337/3175/3166 1986/3174/3165 1984/3176/3167
f 1337/3175/3166 1984/3176/3167 1210/3177/3168
f 1210/3177/3168 1984/3176/3167 1982/3178/3169
f 1210/3177/3168 1982/3178/3169 1207/3179/3170
f 1207/3179/3170 1982/3178/3169 1586/3180/3171
f 1586/3180/3171 1982/3178/3169 1980/3181/3172
f 1586/3180/3171 1980/3181/3172 1587/3182/3173
f 1587/3182/3173 1980/3181/3172 1978/3183/3174
f 1587/3182/3173 1978/3183/3174 1588/3184/3175
f 1588/3184/3175 1978/3183/3174 1976/3185/3176
f 1588/3184/3175 1976/3185/3176 1589/3186/3177
f 1589/3186/3177 1976/3185/3176 1860/3187/3178
f 1589/3186/3177 1860/3187/3178 1590/3188/3179
f 1590/3189/3179 1860/3190/3178 1591/3191/3180
f 1591/3191/3180 1860/3190/3178 1974/3192/3181
f 1591/3191/3180 1974/3192/3181 1592/3193/3182
f 1592/3193/3182 1974/3192/3181 1972/3194/3183
f 1592/3193/3182 1972/3194/3183 1593/3195/3184
f 1593/3195/3184 1972/3194/3183 1970/3196/3185
f 1593/3195/3184 1970/3196/3185 1594/3197/3186
f 1594/3197/3186 1970/3196/3185 1968/3198/3187
f 1594/3197/3186 1968/3198/3187 1188/3199/3188
f 1188/3199/3188 1968/3198/3187 1189/3200/3189
f 1189/3200/3189 1968/3198/3187 1966/3201/3190
f 1189/3200/3189 1966/3201/3190 1190/3202/3191
f 1190/3202/3191 1966/3201/3190 1964/3203/3192
f 1190/3202/3191 1964/3203/3192 1191/3204/3193
f 1191/3204/3193 1964/3203/3192 1962/3205/3194
f 1191/3204/3193 1962/3205/3194 1192/3206/3195
f 1192/3206/3195 1962/3205/3194 1960/3207/3196
f 1192/3206/3195 1960/3207/3196 1193/3208/3197
f 1193/3208/3197 1960/3207/3196 1958/3209/3198
f 1193/3208/3197 1958/3209/3198 1194/3210/3199
f 1194/3210/3199 1958/3209/3198 1956/3211/3200
f 1194/3210/3199 1956/3211/3200 1195/3212/3201
f 1195/3212/3201 1956/3211/3200 1954/3213/3202
f 1195/3212/3201 1954/3213/3202 1196/3214/3203
f 1196/3214/3203 1954/3213/3202 1952/3215/3204
f 1196/3214/3203 1952/3215/3204 1197/3216/3205
f 1197/3216/3205 1952/3215/3204 1950/3217/3206
f 1197/3216/3205 1950/3217/3206 1198/3218/3207
f 1198/3218/3207 1950/3217/3206 1948/3219/3208
f 1198/3218/3207 1948/3219/3208 1199/3220/3209
f 1199/3220/3209 1948/3219/3208 1946/3221/3210
f 1199/3220/3209 1946/3221/3210 1200/3222/3211
f 1200/3222/3211 1946/3221/3210 1201/3223/3212
f 1201/3223/3212 1946/3221/3210 1944/3224/3213
f 1201/3223/3212 1944/3224/3213 1202/3225/3214
f 1202/3225/3214 1944/3224/3213 1942/3226/3215
f 1202/3225/3214 1942/3226/3215 1203/3227/3216
f 1203/3227/3216 1942/3226/3215 1940/3228/3217
f 1203/3227/3216 1940/3228/3217 1204/3229/3218
f 1204/3229/3218 1940/3228/3217 1938/3230/3219
f 1204/3229/3218 1938/3230/3219 1205/3231/3220
f 1205/3231/3220 1938/3230/3219 1936/3232/3221
f 1205/3231/3220 1936/3232/3221 1206/3233/3222
f 1206/3233/3222 1936/3232/3221 1934/3234/3223
f 1206/3233/3222 1934/3234/3223 1079/3235/3224
f 1079/3235/3224 1934/3234/3223 1932/3236/3225
f 1079/3235/3224 1932/3236/3225 1076/3237/3226
f 1076/3237/3226 1932/3236/3225 1595/3238/3227
f 1595/3238/3227 1932/3236/3225 1930/3239/3228
f 1595/3238/3227 1930/3239/3228 1596/3240/3229
f 1596/3240/3229 1930/3239/3228 1928/3241/3230
f 1596/3240/3229 1928/3241/3230 1597/3242/3231
f 1597/3242/3231 1928/3241/3230 1926/3243/3232
f 1597/3242/3231 1926/3243/3232 1598/3244/3233
f 1598/3244/3233 1926/3243/3232 1924/3245/3234
f 1598/3244/3233 1924/3245/3234 1599/3246/3235
f 1599/3246/3235 1924/3245/3234 1922/3247/3236
f 1599/3246/3235 1922/3247/3236 1600/3248/3237
f 1600/3248/3237 1922/3247/3236 1920/3249/3238
f 1600/3248/3237 1920/3249/3238 1601/3250/3239
f 1601/3250/3239 1920/3249/3238 1602/3251/3240
f 1602/3251/3240 1920/3249/3238 1918/3252/3241
f 1602/3251/3240 1918/3252/3241 1603/3253/3242
f 1603/3253/3242 1918/3252/3241 1916/3254/3243
f 1603/3253/3242 1916/3254/3243 1450/3255/3244
f 1450/3255/3244 1916/3254/3243 1451/3256/3245
f 1451/3256/3245 1916/3254/3243 1914/3257/3246
f 1451/3256/3245 1914/3257/3246 1452/3258/3247
f 1452/3258/3247 1914/3257/3246 1912/3259/3248
f 1452/3258/3247 1912/3259/3248 1453/3260/3249
f 1453/3260/3249 1912/3259/3248 1910/3261/3250
f 1453/3260/3249 1910/3261/3250 1454/3262/3251
f 1454/3262/3251 1910/3261/3250 1908/3263/3252
f 1454/3262/3251 1908/3263/3252 1455/3264/3253
f 1455/3264/3253 1908/3263/3252 1906/3265/3254
f 1455/3264/3253 1906/3265/3254 1456/3266/3255
f 1456/3266/3255 1906/3265/3254 1904/3267/3256
f 1456/3266/3255 1904/3267/3256 1457/3268/3257
f 1457/3268/3257 1904/3267/3256 1902/3269/3258
f 1457/3268/3257 1902/3269/3258 1458/3270/3259
f 1458/3270/3259 1902/3269/3258 1900/3271/3260
f 1458/3270/3259 1900/3271/3260 1459/3272/3261
f 1459/3272/3261 1900/3271/3260 1898/3273/3262
f 1459/3272/3261 1898/3273/3262 1460/3274/3263
f 1460/3274/3263 1898/3273/3262 1896/3275/3264
f 1460/3274/3263 1896/3275/3264 1461/3276/3265
f 1461/3276/3265 1896/3275/3264 1894/3277/3266
f 1461/3276/3265 1894/3277/3266 1462/3278/3267
f 1462/3278/3267 1894/3277/3266 1892/3279/3268
f 1462/3278/3267 1892/3279/3268 1463/3280/3269
f 1463/3280/3269 1892/3279/3268 1890/3281/3270
f 1463/3280/3269 1890/3281/3270 1464/3282/3271
f 1464/3282/3271 1890/3281/3270 1888/3283/3272
f 1464/3282/3271 1888/3283/3272 1465/3284/3273
f 1465/3284/3273 1888/3283/3272 1466/3285/3274
f 1466/3285/3274 1888/3283/3272 1886/3286/3275
f 1466/3285/3274 1886/3286/3275 1467/3287/3276
f 1467/3287/3276 1886/3286/3275 1884/3288/3277
f 1467/3287/3276 1884/3288/3277 1468/3289/3278
f 1468/3289/3278 1884/3288/3277 1882/3290/3279
f 1468/3289/3278 1882/3290/3279 1341/3291/3280
f 1341/3291/3280 1882/3290/3279 1880/3292/3281
f 1341/3291/3280 1880/3292/3281 1338/3293/3282
f 1338/3293/3282 1880/3292/3281 1604/3294/3283
f 1604/3294/3283 1880/3292/3281 1878/3295/3284
f 1604/3294/3283 1878/3295/3284 1605/3296/3285
f 1605/3296/3285 1878/3295/3284 1876/3297/3286
f 1605/3296/3285 1876/3297/3286 1606/3298/3287
f 1606/3298/3287 1876/3297/3286 1874/3299/3288
f 1606/3298/3287 1874/3299/3288 1607/3300/3289
f 1607/3300/3289 1874/3299/3288 1872/3301/3290
f 1607/3300/3289 1872/3301/3290 1608/3302/3291
f 1608/3302/3291 1872/3301/3290 1870/3303/3292
f 1608/3302/3291 1870/3303/3292 1609/3304/3293
f 1609/3304/3293 1870/3303/3292 1868/3305/3294
f 1609/3304/3293 1868/3305/3294 1610/3306/3295
f 1610/3306/3295 1868/3305/3294 1866/3307/3296
f 1610/3306/3295 1866/3307/3296 1611/3308/3297
f 1611/3308/3297 1866/3307/3296 1862/2972/2963
f 1611/3308/3297 1862/2972/2963 1612/3309/3298
f 1612/3309/3298 1862/2972/2963 795/2971/2962
f 1704/3310/3299 1975/3311/3300 1703/3312/3301
f 1703/3312/3301 1975/3311/3300 1861/3313/3302
f 1703/3314/3301 1861/3315/3302 1859/3316/3303
f 1859/3316/3303 1861/3315/3302 1977/3317/3304
f 1859/3316/3303 1977/3317/3304 1858/3318/3305
f 1858/3318/3305 1977/3317/3304 1979/3319/3306
f 1858/3318/3305 1979/3319/3306 1857/3320/3307
f 1857/3320/3307 1979/3319/3306 1981/3321/3308
f 1857/3320/3307 1981/3321/3308 1856/3322/3309
f 1856/3322/3309 1981/3321/3308 1983/3323/3310
f 1856/3322/3309 1983/3323/3310 1855/3324/3311
f 1855/3324/3311 1983/3323/3310 1985/3325/3312
f 1855/3324/3311 1985/3325/3312 1854/3326/3313
f 1854/3326/3313 1985/3325/3312 1987/3327/3314
f 1854/3326/3313 1987/3327/3314 1853/3328/3315
f 1853/3328/3315 1987/3327/3314 1989/3329/3316
f 1853/3328/3315 1989/3329/3316 1852/3330/3317
f 1852/3330/3317 1989/3329/3316 1991/3331/3318
f 1852/3330/3317 1991/3331/3318 1851/3332/3319
f 1851/3332/3319 1991/3331/3318 1993/3333/3320
f 1851/3332/3319 1993/3333/3320 1850/3334/3321
f 1850/3334/3321 1993/3333/3320 1995/3335/3322
f 1850/3334/3321 1995/3335/3322 1849/3336/3323
f 1849/3336/3323 1995/3335/3322 1997/3337/3324
f 1849/3336/3323 1997/3337/3324 1848/3338/3325
f 1848/3338/3325 1997/3337/3324 1999/3339/3326
f 1848/3338/3325 1999/3339/3326 1847/3340/3327
f 1847/3340/3327 1999/3339/3326 2001/3341/3328
f 1847/3340/3327 2001/3341/3328 1846/3342/3329
f 1846/3342/3329 2001/3341/3328 2003/3343/3330
f 1846/3342/3329 2003/3343/3330 1845/3344/3331
f 1845/3344/3331 2003/3343/3330 2005/3345/3332
f 1845/3344/3331 2005/3345/3332 1844/3346/3333
f 1844/3346/3333 2005/3345/3332 2007/3347/3334
f 1844/3346/3333 2007/3347/3334 1843/3348/3335
f 1843/3348/3335 2007/3347/3334 2009/3349/3336
f 1843/3348/3335 2009/3349/3336 1842/3350/3337
f 1842/3350/3337 2009/3349/3336 2011/3351/3338
f 1842/3350/3337 2011/3351/3338 1841/3352/3339
f 1841/3352/3339 2011/3351/3338 2013/3353/3340
f 1841/3352/3339 2013/3353/3340 1840/3354/3341
f 1840/3354/3341 2013/3353/3340 2015/3355/3342
f 1840/3354/3341 2015/3355/3342 1839/3356/3343
f 1839/3356/3343 2015/3355/3342 2017/3357/3344
f 1839/3356/3343 2017/3357/3344 1838/3358/3345
f 1838/3358/3345 2017/3357/3344 2019/3359/3346
f 1838/3358/3345 2019/3359/3346 1837/3360/3347
f 1837/3360/3347 2019/3359/3346 2021/3361/3348
f 1837/3360/3347 2021/3361/3348 1836/3362/3349
f 1836/3362/3349 2021/3361/3348 2023/3363/3350
f 1836/3362/3349 2023/3363/3350 1835/3364/3351
f 1835/3364/3351 2023/3363/3350 2025/3365/3352
f 1835/3364/3351 2025/3365/3352 1834/3366/3353
f 1834/3366/3353 2025/3365/3352 2027/3367/3354
f 1834/3366/3353 2027/3367/3354 1833/3368/3355
f 1833/3368/3355 2027/3367/3354 2029/3369/3356
f 1833/3368/3355 2029/3369/3356 2031/3370/3357
f 2031/3370/3357 2029/3369/3356 2030/3127/3118
f 2031/3370/3357 2030/3127/3118 2032/3125/3116
f 1975/3311/3300 1704/3310/3299 1973/3371/3358
f 1973/3371/3358 1704/3310/3299 1705/3372/3359
f 1973/3371/3358 1705/3372/3359 1971/3373/3360
f 1971/3373/3360 1705/3372/3359 1706/3374/3361
f 1971/3373/3360 1706/3374/3361 1969/3375/3362
f 1969/3375/3362 1706/3374/3361 1707/3376/3363
f 1969/3375/3362 1707/3376/3363 1967/3377/3364
f 1967/3377/3364 1707/3376/3363 1708/3378/3365
f 1967/3377/3364 1708/3378/3365 1965/3379/3366
f 1965/3379/3366 1708/3378/3365 1709/3380/3367
f 1965/3379/3366 1709/3380/3367 1963/3381/3368
f 1963/3381/3368 1709/3380/3367 1710/3382/3369
f 1963/3381/3368 1710/3382/3369 1961/3383/3370
f 1961/3383/3370 1710/3382/3369 1711/3384/3371
f 1961/3383/3370 1711/3384/3371 1959/3385/3372
f 1959/3385/3372 1711/3384/3371 1712/3386/3373
f 1959/3385/3372 1712/3386/3373 1957/3387/3374
f 1957/3387/3374 1712/3386/3373 1713/3388/3375
f 1957/3387/3374 1713/3388/3375 1955/3389/3376
f 1955/3389/3376 1713/3388/3375 1714/3390/3377
f 1955/3389/3376 1714/3390/3377 1953/3391/3378
f 1953/3391/3378 1714/3390/3377 1715/3392/3379
f 1953/3391/3378 1715/3392/3379 1951/3393/3380
f 1951/3393/3380 1715/3392/3379 1716/3394/3381
f 1951/3393/3380 1716/3394/3381 1949/3395/3382
f 1949/3395/3382 1716/3394/3381 1717/3396/3383
f 1949/3395/3382 1717/3396/3383 1947/3397/3384
f 1947/3397/3384 1717/3396/3383 1718/3398/3385
f 1947/3397/3384 1718/3398/3385 1945/3399/3386
f 1945/3399/3386 1718/3398/3385 1719/3400/3387
f 1945/3399/3386 1719/3400/3387 1943/3401/3388
f 1943/3401/3388 1719/3400/3387 1720/3402/3389
f 1943/3401/3388 1720/3402/3389 1941/3403/3390
f 1941/3403/3390 1720/3402/3389 1721/3404/3391
f 1941/3403/3390 1721/3404/3391 1939/3405/3392
f 1939/3405/3392 1721/3404/3391 1722/3406/3393
f 1939/3405/3392 1722/3406/3393 1937/3407/3394
f 1937/3407/3394 1722/3406/3393 1723/3408/3395
f 1937/3407/3394 1723/3408/3395 1935/3409/3396
f 1935/3409/3396 1723/3408/3395 1724/3410/3397
f 1935/3409/3396 1724/3410/3397 1933/3411/3398
f 1933/3411/3398 1724/3410/3397 1725/3412/3399
f 1933/3411/3398 1725/3412/3399 1931/3413/3400
f 1931/3413/3400 1725/3412/3399 1726/3414/3401
f 1931/3413/3400 1726/3414/3401 1929/3415/3402
f 1929/3415/3402 1726/3414/3401 1727/3416/3403
f 1929/3415/3402 1727/3416/3403 1927/3417/3404
f 1927/3417/3404 1727/3416/3403 1728/3418/3405
f 1927/3417/3404 1728/3418/3405 1925/3419/3406
f 1925/3419/3406 1728/3418/3405 1729/3420/3407
f 1925/3419/3406 1729/3420/3407 1923/3421/3408
f 1923/3421/3408 1729/3420/3407 1730/3422/3409
f 1923/3421/3408 1730/3422/3409 1921/3423/3410
f 1921/3423/3410 1730/3422/3409 1731/3424/3411
f 1921/3423/3410 1731/3424/3411 1919/3425/3412
f 1919/3425/3412 1731/3424/3411 1732/3426/3413
f 1919/3425/3412 1732/3426/3413 1917/3427/3414
f 1917/3427/3414 1732/3426/3413 1733/3428/3415
f 1917/3427/3414 1733/3428/3415 1915/3429/3416
f 1915/3429/3416 1733/3428/3415 1734/3430/3417
f 1915/3429/3416 1734/3430/3417 1913/3431/3418
f 1913/3431/3418 1734/3430/3417 1735/3432/3419
f 1913/3431/3418 1735/3432/3419 1911/3433/3420
f 1911/3433/3420 1735/3432/3419 1736/3434/3421
f 1911/3433/3420 1736/3434/3421 1909/3435/3422
f 1909/3435/3422 1736/3434/3421 1737/3436/3423
f 1909/3435/3422 1737/3436/3423 1907/3437/3424
f 1907/3437/3424 1737/3436/3423 1738/3438/3425
f 1907/3437/3424 1738/3438/3425 1905/3439/3426
f 1905/3439/3426 1738/3438/3425 1739/3440/3427
f 1905/3439/3426 1739/3440/3427 1903/3441/3428
f 1903/3441/3428 1739/3440/3427 1740/3442/3429
f 1903/3441/3428 1740/3442/3429 1901/3443/3430
f 1901/3443/3430 1740/3442/3429 1741/3444/3431
f 1901/3443/3430 1741/3444/3431 1899/3445/3432
f 1899/3445/3432 1741/3444/3431 1742/3446/3433
f 1899/3445/3432 1742/3446/3433 1897/3447/3434
f 1897/3447/3434 1742/3446/3433 1743/3448/3435
f 1897/3447/3434 1743/3448/3435 1895/3449/3436
f 1895/3449/3436 1743/3448/3435 1744/3450/3437
f 1895/3449/3436 1744/3450/3437 1893/3451/3438
f 1893/3451/3438 1744/3450/3437 1745/3452/3439
f 1893/3451/3438 1745/3452/3439 1891/3453/3440
f 1891/3453/3440 1745/3452/3439 1746/3454/3441
f 1891/3453/3440 1746/3454/3441 1889/3455/3442
f 1889/3455/3442 1746/3454/3441 1747/3456/3443
f 1889/3455/3442 1747/3456/3443 1887/3457/3444
f 1887/3457/3444 1747/3456/3443 1748/3458/3445
f 1887/3457/3444 1748/3458/3445 1885/3459/3446
f 1885/3459/3446 1748/3458/3445 1749/3460/3447
f 1885/3459/3446 1749/3460/3447 1883/3461/3448
f 1883/3461/3448 1749/3460/3447 1750/3462/3449
f 1883/3461/3448 1750/3462/3449 1881/3463/3450
f 1881/3463/3450 1750/3462/3449 1751/3464/3451
f 1881/3463/3450 1751/3464/3451 1879/3465/3452
f 1879/3465/3452 1751/3464/3451 1752/3466/3453
f 1879/3465/3452 1752/3466/3453 1877/3467/3454
f 1877/3467/3454 1752/3466/3453 1753/3468/3455
f 1877/3467/3454 1753/3468/3455 1875/3469/3456
f 1875/3469/3456 1753/3468/3455 1754/3470/3457
f 1875/3469/3456 1754/3470/3457 1873/3471/3458
f 1873/3471/3458 1754/3470/3457 1755/3472/3459
f 1873/3471/3458 1755/3472/3459 1871/3473/3460
f 1871/3473/3460 1755/3472/3459 1756/3474/3461
f 1871/3473/3460 1756/3474/3461 1869/3475/3462
f 1869/3475/3462 1756/3474/3461 1757/3476/3463
f 1869/3475/3462 1757/3476/3463 1867/3477/3464
f 1867/3477/3464 1757/3476/3463 1758/3478/3465
f 1867/3477/3464 1758/3478/3465 1863/3479/3466
f 1863/3479/3466 1758/3478/3465 1759/3480/3467
f 1863/3479/3466 1759/3480/3467 1864/3481/3468
f 1864/3481/3468 1759/3480/3467 1760/3482/3469
f 1864/3481/3468 1760/3482/3469 2173/3483/3470
f 2173/3483/3470 1760/3482/3469 1761/3484/3471
f 2173/3483/3470 1761/3484/3471 2171/3485/3472
f 2171/3485/3472 1761/3484/3471 1762/3486/3473
f 2171/3485/3472 1762/3486/3473 2169/3487/3474
f 2169/3487/3474 1762/3486/3473 1763/3488/3475
f 2169/3487/3474 1763/3488/3475 2167/3489/3476
f 2167/3489/3476 1763/3488/3475 1764/3490/3477
f 2167/3489/3476 1764/3490/3477 2165/3491/3478
f 2165/3491/3478 1764/3490/3477 1765/3492/3479
f 2165/3491/3478 1765/3492/3479 2163/3493/3480
f 2163/3493/3480 1765/3492/3479 1766/3494/3481
f 2163/3493/3480 1766/3494/3481 2161/3495/3482
f 2161/3495/3482 1766/3494/3481 1767/3496/3483
f 2161/3495/3482 1767/3496/3483 2159/3497/3484
f 2159/3497/3484 1767/3496/3483 1768/3498/3485
f 2159/3497/3484 1768/3498/3485 2157/3499/3486
f 2157/3499/3486 1768/3498/3485 1769/3500/3487
f 2157/3499/3486 1769/3500/3487 2155/3501/3488
f 2155/3501/3488 1769/3500/3487 1770/3502/3489
f 2155/3501/3488 1770/3502/3489 2153/3503/3490
f 2153/3503/3490 1770/3502/3489 1771/3504/3491
f 2153/3503/3490 1771/3504/3491 2151/3505/3492
f 2151/3505/3492 1771/3504/3491 1772/3506/3493
f 2151/3505/3492 1772/3506/3493 2149/3507/3494
f 2149/3507/3494 1772/3506/3493 1773/3508/3495
f 2149/3507/3494 1773/3508/3495 2147/3509/3496
f 2147/3509/3496 1773/3508/3495 1774/3510/3497
f 2147/3509/3496 1774/3510/3497 2145/3511/3498
f 2145/3511/3498 1774/3510/3497 1775/3512/3499
f 2145/3511/3498 1775/3512/3499 2143/3513/3500
f 2143/3513/3500 1775/3512/3499 1776/3514/3501
f 2143/3513/3500 1776/3514/3501 2141/3515/3502
f 2141/3515/3502 1776/3514/3501 1777/3516/3503
f 2141/3515/3502 1777/3516/3503 2139/3517/3504
f 2139/3517/3504 1777/3516/3503 1778/3518/3505
f 2139/3517/3504 1778/3518/3505 2137/3519/3506
f 2137/3519/3506 1778/3518/3505 1779/3520/3507
f 2137/3519/3506 1779/3520/3507 2135/3521/3508
f 2135/3521/3508 1779/3520/3507 1780/3522/3509
f 2135/3521/3508 1780/3522/3509 2133/3523/3510
f 2133/3523/3510 1780/3522/3509 1781/3524/3511
f 2133/3523/3510 1781/3524/3511 2131/3525/3512
f 2131/3525/3512 1781/3524/3511 1782/3526/3513
f 2131/3525/3512 1782/3526/3513 2129/3527/3514
f 2129/3527/3514 1782/3526/3513 1783/3528/3515
f 2129/3527/3514 1783/3528/3515 2127/3529/3516
f 2127/3529/3516 1783/3528/3515 1784/3530/3517
f 2127/3529/3516 1784/3530/3517 2125/3531/3518
f 2125/3531/3518 1784/3530/3517 1785/3532/3519
f 2125/3531/3518 1785/3532/3519 2123/3533/3520
f 2123/3533/3520 1785/3532/3519 1786/3534/3521
f 2123/3533/3520 1786/3534/3521 2121/3535/3522
f 2121/3535/3522 1786/3534/3521 1787/3536/3523
f 2121/3535/3522 1787/3536/3523 2119/3537/3524
f 2119/3537/3524 1787/3536/3523 1788/3538/3525
f 2119/3537/3524 1788/3538/3525 2117/3539/3526
f 2117/3539/3526 1788/3538/3525 1789/3540/3527
f 2117/3539/3526 1789/3540/3527 2115/3541/3528
f 2115/3541/3528 1789/3540/3527 1790/3542/3529
f 2115/3541/3528 1790/3542/3529 2113/3543/3530
f 2113/3543/3530 1790/3542/3529 1791/3544/3531
f 2113/3543/3530 1791/3544/3531 2111/3545/3532
f 2111/3545/3532 1791/3544/3531 1792/3546/3533
f 2111/3545/3532 1792/3546/3533 2109/3547/3534
f 2109/3547/3534 1792/3546/3533 1793/3548/3535
f 2109/3547/3534 1793/3548/3535 2107/3549/3536
f 2107/3549/3536 1793/3548/3535 1794/3550/3537
f 2107/3549/3536 1794/3550/3537 2105/3551/3538
f 2105/3551/3538 1794/3550/3537 1795/3552/3539
f 2105/3551/3538 1795/3552/3539 2103/3553/3540
f 2103/3553/3540 1795/3552/3539 1796/3554/3541
f 2103/3553/3540 1796/3554/3541 2101/3555/3542
f 2101/3555/3542 1796/3554/3541 1797/3556/3543
f 2101/3555/3542 1797/3556/3543 2099/3557/3544
f 2099/3557/3544 1797/3556/3543 1798/3558/3545
f 2099/3557/3544 1798/3558/3545 2097/3559/3546
f 2097/3559/3546 1798/3558/3545 1799/3560/3547
f 2097/3559/3546 1799/3560/3547 2095/3561/3548
f 2095/3561/3548 1799/3560/3547 1800/3562/3549
f 2095/3561/3548 1800/3562/3549 2093/3563/3550
f 2093/3563/3550 1800/3562/3549 1801/3564/3551
f 2093/3563/3550 1801/3564/3551 2091/3565/3552
f 2091/3565/3552 1801/3564/3551 1802/3566/3553
f 2091/3565/3552 1802/3566/3553 2089/3567/3554
f 2089/3567/3554 1802/3566/3553 1803/3568/3555
f 2089/3567/3554 1803/3568/3555 2087/3569/3556
f 2087/3569/3556 1803/3568/3555 1804/3570/3557
f 2087/3569/3556 1804/3570/3557 2085/3571/3558
f 2085/3571/3558 1804/3570/3557 1805/3572/3559
f 2085/3571/3558 1805/3572/3559 2083/3573/3560
f 2083/3573/3560 1805/3572/3559 1806/3574/3561
f 2083/3573/3560 1806/3574/3561 2081/3575/3562
f 2081/3575/3562 1806/3574/3561 1807/3576/3563
f 2081/3575/3562 1807/3576/3563 2079/3577/3564
f 2079/3577/3564 1807/3576/3563 1808/3578/3565
f 2079/3577/3564 1808/3578/3565 2077/3579/3566
f 2077/3579/3566 1808/3578/3565 1809/3580/3567
f 2077/3579/3566 1809/3580/3567 2075/3581/3568
f 2075/3581/3568 1809/3580/3567 1810/3582/3569
f 2075/3581/3568 1810/3582/3569 2073/3583/3570
f 2073/3583/3570 1810/3582/3569 1811/3584/3571
f 2073/3583/3570 1811/3584/3571 2071/3585/3572
f 2071/3585/3572 1811/3584/3571 1812/3586/3573
f 2071/3585/3572 1812/3586/3573 2069/3587/3574
f 2069/3587/3574 1812/3586/3573 1813/3588/3575
f 2069/3587/3574 1813/3588/3575 2067/3589/3576
f 2067/3589/3576 1813/3588/3575 1814/3590/3577
f 2067/3589/3576 1814/3590/3577 2065/3591/3578
f 2065/3591/3578 1814/3590/3577 1815/3592/3579
f 2065/3591/3578 1815/3592/3579 2063/3593/3580
f 2063/3593/3580 1815/3592/3579 1816/3594/3581
f 2063/3593/3580 1816/3594/3581 2061/3595/3582
f 2061/3595/3582 1816/3594/3581 1817/3596/3583
f 2061/3595/3582 1817/3596/3583 2059/3597/3584
f 2059/3597/3584 1817/3596/3583 1818/3598/3585
f 2059/3597/3584 1818/3598/3585 2057/3599/3586
f 2057/3599/3586 1818/3598/3585 1819/3600/3587
f 2057/3599/3586 1819/3600/3587 2055/3601/3588
f 2055/3601/3588 1819/3600/3587 1820/3602/3589
f 2055/3601/3588 1820/3602/3589 2053/3603/3590
f 2053/3603/3590 1820/3602/3589 1821/3604/3591
f 2053/3603/3590 1821/3604/3591 2051/3605/3592
f 2051/3605/3592 1821/3604/3591 1822/3606/3593
f 2051/3605/3592 1822/3606/3593 2049/3607/3594
f 2049/3607/3594 1822/3606/3593 1823/3608/3595
f 2049/3607/3594 1823/3608/3595 2047/3609/3596
f 2047/3609/3596 1823/3608/3595 1824/3610/3597
f 2047/3609/3596 1824/3610/3597 2045/3611/3598
f 2045/3611/3598 1824/3610/3597 1825/3612/3599
f 2045/3611/3598 1825/3612/3599 2043/3613/3600
f 2043/3613/3600 1825/3612/3599 1826/3614/3601
f 2043/3613/3600 1826/3614/3601 2041/3615/3602
f 2041/3615/3602 1826/3614/3601 1827/3616/3603
f 2041/3615/3602 1827/3616/3603 2039/3617/3604
f 2039/3617/3604 1827/3616/3603 1828/3618/3605
f 2039/3617/3604 1828/3618/3605 2037/3619/3606
f 2037/3619/3606 1828/3618/3605 1829/3620/3607
f 2037/3619/3606 1829/3620/3607 2035/3621/3608
f 2035/3621/3608 1829/3620/3607 1830/3622/3609
f 2035/3621/3608 1830/3622/3609 2033/3623/3610
f 2033/3623/3610 1830/3622/3609 1831/3624/3611
f 2033/3623/3610 1831/3624/3611 1832/3625/3612
f 2033/3623/3610 1832/3625/3612 2031/3370/3357
f 2031/3370/3357 1832/3625/3612 1833/3368/3355
f 1860/3190/3178 1861/3313/3302 1974/3192/3181
f 1974/3192/3181 1861/3313/3302 1975/3311/3300
f 1974/3192/3181 1975/3311/3300 1972/3194/3183
f 1972/3194/3183 1975/3311/3300 1973/3371/3358
f 1972/3194/3183 1973/3371/3358 1970/3196/3185
f 1970/3196/3185 1973/3371/3358 1971/3373/3360
f 1970/3196/3185 1971/3373/3360 1968/3198/3187
f 1968/3198/3187 1971/3373/3360 1969/3375/3362
f 1968/3198/3187 1969/3375/3362 1966/3201/3190
f 1966/3201/3190 1969/3375/3362 1967/3377/3364
f 1966/3201/3190 1967/3377/3364 1964/3203/3192
f 1964/3203/3192 1967/3377/3364 1965/3379/3366
f 1964/3203/3192 1965/3379/3366 1962/3205/3194
f 1962/3205/3194 1965/3379/3366 1963/3381/3368
f 1962/3205/3194 1963/3381/3368 1960/3207/3196
f 1960/3207/3196 1963/3381/3368 1961/3383/3370
f 1960/3207/3196 1961/3383/3370 1958/3209/3198
f 1958/3209/3198 1961/3383/3370 1959/3385/3372
f 1958/3209/3198 1959/3385/3372 1956/3211/3200
f 1956/3211/3200 1959/3385/3372 1957/3387/3374
f 1956/3211/3200 1957/3387/3374 1954/3213/3202
f 1954/3213/3202 1957/3387/3374 1955/3389/3376
f 1954/3213/3202 1955/3389/3376 1952/3215/3204
f 1952/3215/3204 1955/3389/3376 1953/3391/3378
f 1952/3215/3204 1953/3391/3378 1950/3217/3206
f 1950/3217/3206 1953/3391/3378 1951/3393/3380
f 1950/3217/3206 1951/3393/3380 1948/3219/3208
f 1948/3219/3208 1951/3393/3380 1949/3395/3382
f 1948/3219/3208 1949/3395/3382 1946/3221/3210
f 1946/3221/3210 1949/3395/3382 1947/3397/3384
f 1946/3221/3210 1947/3397/3384 1944/3224/3213
f 1944/3224/3213 1947/3397/3384 1945/3399/3386
f 1944/3224/3213 1945/3399/3386 1942/3226/3215
f 1942/3226/3215 1945/3399/3386 1943/3401/3388
f 1942/3226/3215 1943/3401/3388 1940/3228/3217
f 1940/3228/3217 1943/3401/3388 1941/3403/3390
f 1940/3228/3217 1941/3403/3390 1938/3230/3219
f 1938/3230/3219 1941/3403/3390 1939/3405/3392
f 1938/3230/3219 1939/3405/3392 1936/3232/3221
f 1936/3232/3221 1939/3405/3392 1937/3407/3394
f 1936/3232/3221 1937/3407/3394 1934/3234/3223
f 1934/3234/3223 1937/3407/3394 1935/3409/3396
f 1934/3234/3223 1935/3409/3396 1932/3236/3225
f 1932/3236/3225 1935/3409/3396 1933/3411/3398
f 1932/3236/3225 1933/3411/3398 1930/3239/3228
f 1930/3239/3228 1933/3411/3398 1931/3413/3400
f 1930/3239/3228 1931/3413/3400 1928/3241/3230
f 1928/3241/3230 1931/3413/3400 1929/3415/3402
f 1928/3241/3230 1929/3415/3402 1926/3243/3232
f 1926/3243/3232 1929/3415/3402 1927/3417/3404
f 1926/3243/3232 1927/3417/3404 1924/3245/3234
f 1924/3245/3234 1927/3417/3404 1925/3419/3406
f 1924/3245/3234 1925/3419/3406 1922/3247/3236
f 1922/3247/3236 1925/3419/3406 1923/3421/3408
f 1922/3247/3236 1923/3421/3408 1920/3249/3238
f 1920/3249/3238 1923/3421/3408 1921/3423/3410
f 1920/3249/3238 1921/3423/3410 1918/3252/3241
f 1918/3252/3241 1921/3423/3410 1919/3425/3412
f 1918/3252/3241 1919/3425/3412 1916/3254/3243
f 1916/3254/3243 1919/3425/3412 1917/3427/3414
f 1916/3254/3243 1917/3427/3414 1914/3257/3246
f 1914/3257/3246 1917/3427/3414 1915/3429/3416
f 1914/3257/3246 1915/3429/3416 1912/3259/3248
f 1912/3259/3248 1915/3429/3416 1913/3431/3418
f 1912/3259/3248 1913/3431/3418 1910/3261/3250
f 1910/3261/3250 1913/3431/3418 1911/3433/3420
f 1910/3261/3250 1911/3433/3420 1908/3263/3252
f 1908/3263/3252 1911/3433/3420 1909/3435/3422
f 1908/3263/3252 1909/3435/3422 1906/3265/3254
f 1906/3265/3254 1909/3435/3422 1907/3437/3424
f 1906/3265/3254 1907/3437/3424 1904/3267/3256
f 1904/3267/3256 1907/3437/3424 1905/3439/3426
f 1904/3267/3256 1905/3439/3426 1902/3269/3258
f 1902/3269/3258 1905/3439/3426 1903/3441/3428
f 1902/3269/3258 1903/3441/3428 1900/3271/3260
f 1900/3271/3260 1903/3441/3428 1901/3443/3430
f 1900/3271/3260 1901/3443/3430 1898/3273/3262
f 1898/3273/3262 1901/3443/3430 1899/3445/3432
f 1898/3273/3262 1899/3445/3432 1896/3275/3264
f 1896/3275/3264 1899/3445/3432 1897/3447/3434
f 1896/3275/3264 1897/3447/3434 1894/3277/3266
f 1894/3277/3266 1897/3447/3434 1895/3449/3436
f 1894/3277/3266 1895/3449/3436 1892/3279/3268
f 1892/3279/3268 1895/3449/3436 1893/3451/3438
f 1892/3279/3268 1893/3451/3438 1890/3281/3270
f 1890/3281/3270 1893/3451/3438 1891/3453/3440
f 1890/3281/3270 1891/3453/3440 1888/3283/3272
f 1888/3283/3272 1891/3453/3440 1889/3455/3442
f 1888/3283/3272 1889/3455/3442 1886/3286/3275
f 1886/3286/3275 1889/3455/3442 1887/3457/3444
f 1886/3286/3275 1887/3457/3444 1884/3288/3277
f 1884/3288/3277 1887/3457/3444 1885/3459/3446
f 1884/3288/3277 1885/3459/3446 1882/3290/3279
f 1882/3290/3279 1885/3459/3446 1883/3461/3448
f 1882/3290/3279 1883/3461/3448 1880/3292/3281
f 1880/3292/3281 1883/3461/3448 1881/3463/3450
f 1880/3292/3281 1881/3463/3450 1878/3295/3284
f 1878/3295/3284 1881/3463/3450 1879/3465/3452
f 1878/3295/3284 1879/3465/3452 1876/3297/3286
f 1876/3297/3286 1879/3465/3452 1877/3467/3454
f 1876/3297/3286 1877/3467/3454 1874/3299/3288
f 1874/3299/3288 1877/3467/3454 1875/3469/3456
f 1874/3299/3288 1875/3469/3456 1872/3301/3290
f 1872/3301/3290 1875/3469/3456 1873/3471/3458
f 1872/3301/3290 1873/3471/3458 1870/3303/3292
f 1870/3303/3292 1873/3471/3458 1871/3473/3460
f 1870/3303/3292 1871/3473/3460 1868/3305/3294
f 1868/3305/3294 1871/3473/3460 1869/3475/3462
f 1868/3305/3294 1869/3475/3462 1866/3307/3296
f 1866/3307/3296 1869/3475/3462 1867/3477/3464
f 1866/3307/3296 1867/3477/3464 1862/2972/2963
f 1862/2972/2963 1867/3477/3464 1863/3479/3466
f 1862/2972/2963 1863/3479/3466 1865/2974/2965
f 1865/2974/2965 1863/3479/3466 1864/3481/3468
f 1865/2974/2965 1864/3481/3468 2172/2976/2967
f 2172/2976/2967 1864/3481/3468 2173/3483/3470
f 2172/2976/2967 2173/3483/3470 2170/2978/2969
f 2170/2978/2969 2173/3483/3470 2171/3485/3472
f 2170/2978/2969 2171/3485/3472 2168/2980/2971
f 2168/2980/2971 2171/3485/3472 2169/3487/3474
f 2168/2980/2971 2169/3487/3474 2166/2982/2973
f 2166/2982/2973 2169/3487/3474 2167/3489/3476
f 2166/2982/2973 2167/3489/3476 2164/2984/2975
f 2164/2984/2975 2167/3489/3476 2165/3491/3478
f 2164/2984/2975 2165/3491/3478 2162/2986/2977
f 2162/2986/2977 2165/3491/3478 2163/3493/3480
f 2162/2986/2977 2163/3493/3480 2160/2988/2979
f 2160/2988/2979 2163/3493/3480 2161/3495/3482
f 2160/2988/2979 2161/3495/3482 2158/2990/2981
f 2158/2990/2981 2161/3495/3482 2159/3497/3484
f 2158/2990/2981 2159/3497/3484 2156/2992/2983
f 2156/2992/2983 2159/3497/3484 2157/3499/3486
f 2156/2992/2983 2157/3499/3486 2154/2994/2985
f 2154/2994/2985 2157/3499/3486 2155/3501/3488
f 2154/2994/2985 2155/3501/3488 2152/2996/2987
f 2152/2996/2987 2155/3501/3488 2153/3503/3490
f 2152/2996/2987 2153/3503/3490 2150/2998/2989
f 2150/2998/2989 2153/3503/3490 2151/3505/3492
f 2150/2998/2989 2151/3505/3492 2148/3000/2991
f 2148/3000/2991 2151/3505/3492 2149/3507/3494
f 2148/3000/2991 2149/3507/3494 2146/3002/2993
f 2146/3002/2993 2149/3507/3494 2147/3509/3496
f 2146/3002/2993 2147/3509/3496 2144/3004/2995
f 2144/3004/2995 2147/3509/3496 2145/3511/3498
f 2144/3004/2995 2145/3511/3498 2142/3006/2997
f 2142/3006/2997 2145/3511/3498 2143/3513/3500
f 2142/3006/2997 2143/3513/3500 2140/3009/3000
f 2140/3009/3000 2143/3513/3500 2141/3515/3502
f 2140/3009/3000 2141/3515/3502 2138/3012/3003
f 2138/3012/3003 2141/3515/3502 2139/3517/3504
f 2138/3012/3003 2139/3517/3504 2136/3014/3005
f 2136/3014/3005 2139/3517/3504 2137/3519/3506
f 2136/3014/3005 2137/3519/3506 2134/3016/3007
f 2134/3016/3007 2137/3519/3506 2135/3521/3508
f 2134/3016/3007 2135/3521/3508 2132/3018/3009
f 2132/3018/3009 2135/3521/3508 2133/3523/3510
f 2132/3018/3009 2133/3523/3510 2130/3020/3011
f 2130/3020/3011 2133/3523/3510 2131/3525/3512
f 2130/3020/3011 2131/3525/3512 2128/3022/3013
f 2128/3022/3013 2131/3525/3512 2129/3527/3514
f 2128/3022/3013 2129/3527/3514 2126/3024/3015
f 2126/3024/3015 2129/3527/3514 2127/3529/3516
f 2126/3024/3015 2127/3529/3516 2124/3026/3017
f 2124/3026/3017 2127/3529/3516 2125/3531/3518
f 2124/3026/3017 2125/3531/3518 2122/3028/3019
f 2122/3028/3019 2125/3531/3518 2123/3533/3520
f 2122/3028/3019 2123/3533/3520 2120/3031/3022
f 2120/3031/3022 2123/3533/3520 2121/3535/3522
f 2120/3031/3022 2121/3535/3522 2118/3034/3025
f 2118/3034/3025 2121/3535/3522 2119/3537/3524
f 2118/3034/3025 2119/3537/3524 2116/3036/3027
f 2116/3036/3027 2119/3537/3524 2117/3539/3526
f 2116/3036/3027 2117/3539/3526 2114/3038/3029
f 2114/3038/3029 2117/3539/3526 2115/3541/3528
f 2114/3038/3029 2115/3541/3528 2112/3040/3031
f 2112/3040/3031 2115/3541/3528 2113/3543/3530
f 2112/3040/3031 2113/3543/3530 2110/3042/3033
f 2110/3042/3033 2113/3543/3530 2111/3545/3532
f 2110/3042/3033 2111/3545/3532 2108/3044/3035
f 2108/3044/3035 2111/3545/3532 2109/3547/3534
f 2108/3044/3035 2109/3547/3534 2106/3046/3037
f 2106/3046/3037 2109/3547/3534 2107/3549/3536
f 2106/3046/3037 2107/3549/3536 2104/3048/3039
f 2104/3048/3039 2107/3549/3536 2105/3551/3538
f 2104/3048/3039 2105/3551/3538 2102/3050/3041
f 2102/3050/3041 2105/3551/3538 2103/3553/3540
f 2102/3050/3041 2103/3553/3540 2100/3052/3043
f 2100/3052/3043 2103/3553/3540 2101/3555/3542
f 2100/3052/3043 2101/3555/3542 2098/3054/3045
f 2098/3054/3045 2101/3555/3542 2099/3557/3544
f 2098/3054/3045 2099/3557/3544 2096/3056/3047
f 2096/3056/3047 2099/3557/3544 2097/3559/3546
f 2096/3056/3047 2097/3559/3546 2094/3058/3049
f 2094/3058/3049 2097/3559/3546 2095/3561/3548
f 2094/3058/3049 2095/3561/3548 2092/3060/3051
f 2092/3060/3051 2095/3561/3548 2093/3563/3550
f 2092/3060/3051 2093/3563/3550 2090/3062/3053
f 2090/3062/3053 2093/3563/3550 2091/3565/3552
f 2090/3062/3053 2091/3565/3552 2088/3064/3055
f 2088/3064/3055 2091/3565/3552 2089/3567/3554
f 2088/3064/3055 2089/3567/3554 2086/3066/3057
f 2086/3066/3057 2089/3567/3554 2087/3569/3556
f 2086/3066/3057 2087/3569/3556 2084/3070/3061
f 2084/3070/3061 2087/3569/3556 2085/3571/3558
f 2084/3070/3061 2085/3571/3558 2082/3072/3063
f 2082/3072/3063 2085/3571/3558 2083/3573/3560
f 2082/3072/3063 2083/3573/3560 2080/3074/3065
f 2080/3074/3065 2083/3573/3560 2081/3575/3562
f 2080/3074/3065 2081/3575/3562 2078/3076/3067
f 2078/3076/3067 2081/3575/3562 2079/3577/3564
f 2078/3076/3067 2079/3577/3564 2076/3078/3069
f 2076/3078/3069 2079/3577/3564 2077/3579/3566
f 2076/3078/3069 2077/3579/3566 2074/3080/3071
f 2074/3080/3071 2077/3579/3566 2075/3581/3568
f 2074/3080/3071 2075/3581/3568 2072/3082/3073
f 2072/3082/3073 2075/3581/3568 2073/3583/3570
f 2072/3082/3073 2073/3583/3570 2070/3084/3075
f 2070/3084/3075 2073/3583/3570 2071/3585/3572
f 2070/3084/3075 2071/3585/3572 2068/3087/3078
f 2068/3087/3078 2071/3585/3572 2069/3587/3574
f 2068/3087/3078 2069/3587/3574 2066/3089/3080
f 2066/3089/3080 2069/3587/3574 2067/3589/3576
f 2066/3089/3080 2067/3589/3576 2064/3091/3082
f 2064/3091/3082 2067/3589/3576 2065/3591/3578
f 2064/3091/3082 2065/3591/3578 2062/3093/3084
f 2062/3093/3084 2065/3591/3578 2063/3593/3580
f 2062/3093/3084 2063/3593/3580 2060/3096/3087
f 2060/3096/3087 2063/3593/3580 2061/3595/3582
f 2060/3096/3087 2061/3595/3582 2058/3098/3089
f 2058/3098/3089 2061/3595/3582 2059/3597/3584
f 2058/3098/3089 2059/3597/3584 2056/3100/3091
f 2056/3100/3091 2059/3597/3584 2057/3599/3586
f 2056/3100/3091 2057/3599/3586 2054/3102/3093
f 2054/3102/3093 2057/3599/3586 2055/3601/3588
f 2054/3102/3093 2055/3601/3588 2052/3104/3095
f 2052/3104/3095 2055/3601/3588 2053/3603/3590
f 2052/3104/3095 2053/3603/3590 2050/3106/3097
f 2050/3106/3097 2053/3603/3590 2051/3605/3592
f 2050/3106/3097 2051/3605/3592 2048/3108/3099
f 2048/3108/3099 2051/3605/3592 2049/3607/3594
f 2048/3108/3099 2049/3607/3594 2046/3110/3101
f 2046/3110/3101 2049/3607/3594 2047/3609/3596
f 2046/3110/3101 2047/3609/3596 2044/3112/3103
f 2044/3112/3103 2047/3609/3596 2045/3611/3598
f 2044/3112/3103 2045/3611/3598 2042/3114/3105
f 2042/3114/3105 2045/3611/3598 2043/3613/3600
f 2042/3114/3105 2043/3613/3600 2040/3116/3107
f 2040/3116/3107 2043/3613/3600 2041/3615/3602
f 2040/3116/3107 2041/3615/3602 2038/3118/3109
f 2038/3118/3109 2041/3615/3602 2039/3617/3604
f 2038/3118/3109 2039/3617/3604 2036/3120/3111
f 2036/3120/3111 2039/3617/3604 2037/3619/3606
f 2036/3120/3111 2037/3619/3606 2034/3122/3113
f 2034/3122/3113 2037/3619/3606 2035/3621/3608
f 2034/3122/3113 2035/3621/3608 2032/3125/3116
f 2032/3125/3116 2035/3621/3608 2033/3623/3610
f 2032/3125/3116 2033/3623/3610 2031/3370/3357
f 1861/3315/3302 1860/3187/3178 1977/3317/3304
f 1977/3317/3304 1860/3187/3178 1976/3185/3176
f 1977/3317/3304 1976/3185/3176 1979/3319/3306
f 1979/3319/3306 1976/3185/3176 1978/3183/3174
f 1979/3319/3306 1978/3183/3174 1981/3321/3308
f 1981/3321/3308 1978/3183/3174 1980/3181/3172
f 1981/3321/3308 1980/3181/3172 1983/3323/3310
f 1983/3323/3310 1980/3181/3172 1982/3178/3169
f 1983/3323/3310 1982/3178/3169 1985/3325/3312
f 1985/3325/3312 1982/3178/3169 1984/3176/3167
f 1985/3325/3312 1984/3176/3167 1987/3327/3314
f 1987/3327/3314 1984/3176/3167 1986/3174/3165
f 1987/3327/3314 1986/3174/3165 1989/3329/3316
f 1989/3329/3316 1986/3174/3165 1988/3172/3163
f 1989/3329/3316 1988/3172/3163 1991/3331/3318
f 1991/3331/3318 1988/3172/3163 1990/3170/3161
f 1991/3331/3318 1990/3170/3161 1993/3333/3320
f 1993/3333/3320 1990/3170/3161 1992/3168/3159
f 1993/3333/3320 1992/3168/3159 1995/3335/3322
f 1995/3335/3322 1992/3168/3159 1994/3166/3157
f 1995/3335/3322 1994/3166/3157 1997/3337/3324
f 1997/3337/3324 1994/3166/3157 1996/3164/3155
f 1997/3337/3324 1996/3164/3155 1999/3339/3326
f 1999/3339/3326 1996/3164/3155 1998/3162/3153
f 1999/3339/3326 1998/3162/3153 2001/3341/3328
f 2001/3341/3328 1998/3162/3153 2000/3160/3151
f 2001/3341/3328 2000/3160/3151 2003/3343/3330
f 2003/3343/3330 2000/3160/3151 2002/3158/3149
f 2003/3343/3330 2002/3158/3149 2005/3345/3332
f 2005/3345/3332 2002/3158/3149 2004/3155/3146
f 2005/3345/3332 2004/3155/3146 2007/3347/3334
f 2007/3347/3334 2004/3155/3146 2006/3153/3144
f 2007/3347/3334 2006/3153/3144 2009/3349/3336
f 2009/3349/3336 2006/3153/3144 2008/3151/3142
f 2009/3349/3336 2008/3151/3142 2011/3351/3338
f 2011/3351/3338 2008/3151/3142 2010/3149/3140
f 2011/3351/3338 2010/3149/3140 2013/3353/3340
f 2013/3353/3340 2010/3149/3140 2012/3147/3138
f 2013/3353/3340 2012/3147/3138 2015/3355/3342
f 2015/3355/3342 2012/3147/3138 2014/3145/3136
f 2015/3355/3342 2014/3145/3136 2017/3357/3344
f 2017/3357/3344 2014/3145/3136 2016/3143/3134
f 2017/3357/3344 2016/3143/3134 2019/3359/3346
f 2019/3359/3346 2016/3143/3134 2018/3140/3131
f 2019/3359/3346 2018/3140/3131 2021/3361/3348
f 2021/3361/3348 2018/3140/3131 2020/3138/3129
f 2021/3361/3348 2020/3138/3129 2023/3363/3350
f 2023/3363/3350 2020/3138/3129 2022/3136/3127
f 2023/3363/3350 2022/3136/3127 2025/3365/3352
f 2025/3365/3352 2022/3136/3127 2024/3134/3125
f 2025/3365/3352 2024/3134/3125 2027/3367/3354
f 2027/3367/3354 2024/3134/3125 2026/3132/3123
f 2027/3367/3354 2026/3132/3123 2029/3369/3356
f 2029/3369/3356 2026/3132/3123 2028/3130/3121
f 2029/3369/3356 2028/3130/3121 2030/3127/3118
f 284/3626/3613 662/3627/3614 233/3628/3615
f 233/3628/3615 662/3627/3614 661/3629/3616
f 233/3628/3615 661/3629/3616 234/3630/3617
f 234/3630/3617 661/3629/3616 660/3631/3618
f 234/3630/3617 660/3631/3618 235/3632/3619
f 235/3632/3619 660/3631/3618 659/3633/3620
f 235/3632/3619 659/3633/3620 236/3634/3621
f 236/3634/3621 659/3633/3620 658/3635/3622
f 236/3634/3621 658/3635/3622 237/3636/3623
f 237/3636/3623 658/3635/3622 657/3637/3624
f 237/3636/3623 657/3637/3624 238/3638/3625
f 238/3638/3625 657/3637/3624 656/3639/3626
f 238/3638/3625 656/3639/3626 239/3640/3627
f 239/3640/3627 656/3639/3626 655/3641/3628
f 239/3640/3627 655/3641/3628 240/3642/3629
f 240/3642/3629 655/3641/3628 376/3643/3630
f 240/3642/3629 376/3643/3630 241/3644/3631
f 241/3644/3631 376/3643/3630 242/3645/3632
f 242/3645/3632 376/3643/3630 243/3646/3633
f 243/3646/3633 376/3643/3630 1797/3647/3634
f 243/3646/3633 1797/3647/3634 244/3648/3635
f 244/3648/3635 1797/3647/3634 245/3649/3636
f 245/3649/3636 1797/3647/3634 246/3650/3637
f 246/3650/3637 1797/3647/3634 1796/3651/3638
f 246/3650/3637 1796/3651/3638 247/3652/3639
f 247/3652/3639 1796/3651/3638 1795/3653/3640
f 247/3652/3639 1795/3653/3640 1794/3654/3641
f 662/3627/3614 284/3626/3613 663/3655/3642
f 663/3655/3642 284/3626/3613 283/3656/3643
f 663/3655/3642 283/3656/3643 664/3657/3644
f 664/3657/3644 283/3656/3643 282/3658/3645
f 664/3657/3644 282/3658/3645 665/3659/3646
f 665/3659/3646 282/3658/3645 281/3660/3647
f 665/3659/3646 281/3660/3647 666/3661/3648
f 666/3661/3648 281/3660/3647 280/3662/3649
f 666/3661/3648 280/3662/3649 667/3663/3650
f 667/3663/3650 280/3662/3649 279/3664/3651
f 667/3663/3650 279/3664/3651 668/3665/3652
f 668/3665/3652 279/3664/3651 278/3666/3653
f 668/3665/3652 278/3666/3653 669/3667/3654
f 669/3667/3654 278/3666/3653 670/3668/3655
f 670/3668/3655 278/3666/3653 671/3669/3656
f 671/3669/3656 278/3666/3653 672/3670/3657
f 672/3670/3657 278/3666/3653 277/3671/3658
f 672/3670/3657 277/3671/3658 276/3672/3659
f 276/3672/3659 275/3673/3660 672/3670/3657
f 672/3670/3657 275/3673/3660 274/3674/3661
f 672/3670/3657 274/3674/3661 273/3675/3662
f 272/3676/3663 584/3677/3664 273/3675/3662
f 273/3675/3662 584/3677/3664 583/3678/3665
f 273/3675/3662 583/3678/3665 672/3670/3657
f 672/3670/3657 583/3678/3665 673/3679/3666
f 673/3679/3666 583/3678/3665 582/3680/3667
f 673/3679/3666 582/3680/3667 581/3681/3668
f 271/3682/3669 1767/3683/3670 272/3676/3663
f 272/3676/3663 1767/3683/3670 1766/3684/3671
f 272/3676/3663 1766/3684/3671 1765/3685/3672
f 270/3686/3673 1769/3687/3674 271/3682/3669
f 271/3682/3669 1769/3687/3674 1768/3688/3675
f 271/3682/3669 1768/3688/3675 1767/3683/3670
f 1769/3687/3674 270/3686/3673 1770/3689/3676
f 1770/3689/3676 270/3686/3673 269/3690/3677
f 1770/3689/3676 269/3690/3677 1771/3691/3678
f 1771/3691/3678 269/3690/3677 1772/3692/3679
f 1772/3692/3679 269/3690/3677 268/3693/3680
f 1772/3692/3679 268/3693/3680 1773/3694/3681
f 1773/3694/3681 268/3693/3680 267/3695/3682
f 1773/3694/3681 267/3695/3682 1774/3696/3683
f 1774/3696/3683 267/3695/3682 266/3697/3684
f 1774/3696/3683 266/3697/3684 1775/3698/3685
f 1775/3698/3685 266/3697/3684 265/3699/3686
f 1775/3698/3685 265/3699/3686 1776/3700/3687
f 1776/3700/3687 265/3699/3686 264/3701/3688
f 1776/3700/3687 264/3701/3688 1777/3702/3689
f 1777/3702/3689 264/3701/3688 263/3703/3690
f 1777/3702/3689 263/3703/3690 1778/3704/3691
f 1778/3704/3691 263/3703/3690 262/3705/3692
f 1778/3704/3691 262/3705/3692 1779/3706/3693
f 1779/3706/3693 262/3705/3692 261/3707/3694
f 1779/3706/3693 261/3707/3694 1780/3708/3695
f 1780/3708/3695 261/3707/3694 260/3709/3696
f 1780/3708/3695 260/3709/3696 1781/3710/3697
f 1781/3710/3697 260/3709/3696 259/3711/3698
f 1781/3710/3697 259/3711/3698 1782/3712/3699
f 1782/3712/3699 259/3711/3698 258/3713/3700
f 1782/3712/3699 258/3713/3700 1783/3714/3701
f 1783/3714/3701 258/3713/3700 257/3715/3702
f 1783/3714/3701 257/3715/3702 1784/3716/3703
f 1784/3716/3703 257/3715/3702 256/3717/3704
f 1784/3716/3703 256/3717/3704 1785/3718/3705
f 1785/3718/3705 256/3717/3704 255/3719/3706
f 1785/3718/3705 255/3719/3706 1786/3720/3707
f 1786/3720/3707 255/3719/3706 254/3721/3708
f 1786/3720/3707 254/3721/3708 1787/3722/3709
f 1787/3722/3709 254/3721/3708 253/3723/3710
f 1787/3722/3709 253/3723/3710 1788/3724/3711
f 1788/3724/3711 253/3723/3710 252/3725/3712
f 1788/3724/3711 252/3725/3712 1789/3726/3713
f 1789/3726/3713 252/3725/3712 251/3727/3714
f 1789/3726/3713 251/3727/3714 1790/3728/3715
f 1790/3728/3715 251/3727/3714 250/3729/3716
f 1790/3728/3715 250/3729/3716 1791/3730/3717
f 1791/3730/3717 250/3729/3716 249/3731/3718
f 1791/3730/3717 249/3731/3718 1792/3732/3719
f 1792/3732/3719 249/3731/3718 1793/3733/3720
f 1793/3733/3720 249/3731/3718 248/3734/3721
f 1793/3733/3720 248/3734/3721 1794/3654/3641
f 1794/3654/3641 248/3734/3721 247/3652/3639
f 388/3735/3722 1833/3736/3723 337/3737/3724
f 337/3737/3724 1833/3736/3723 1832/3738/3725
f 337/3737/3724 1832/3738/3725 1831/3739/3726
f 1833/3736/3723 388/3735/3722 1834/3740/3727
f 1834/3740/3727 388/3735/3722 387/3741/3728
f 1834/3740/3727 387/3741/3728 1835/3742/3729
f 1835/3742/3729 387/3741/3728 1836/3743/3730
f 1836/3743/3730 387/3741/3728 386/3744/3731
f 1836/3743/3730 386/3744/3731 1837/3745/3732
f 1837/3745/3732 386/3744/3731 1838/3746/3733
f 1838/3746/3733 386/3744/3731 385/3747/3734
f 1838/3746/3733 385/3747/3734 1839/3748/3735
f 1839/3748/3735 385/3747/3734 561/3749/3736
f 1839/3748/3735 561/3749/3736 1840/3750/3737
f 1840/3750/3737 561/3749/3736 560/3751/3738
f 1840/3750/3737 560/3751/3738 1841/3752/3739
f 1841/3752/3739 560/3751/3738 1842/3753/3740
f 1842/3753/3740 560/3751/3738 559/3754/3741
f 1842/3753/3740 559/3754/3741 1843/3755/3742
f 1843/3755/3742 559/3754/3741 1844/3756/3743
f 1844/3756/3743 559/3754/3741 558/3757/3744
f 1844/3756/3743 558/3757/3744 1845/3758/3745
f 1845/3758/3745 558/3757/3744 1846/3759/3746
f 1846/3759/3746 558/3757/3744 557/3760/3747
f 1846/3759/3746 557/3760/3747 1847/3761/3748
f 1847/3761/3748 557/3760/3747 556/3762/3749
f 1847/3761/3748 556/3762/3749 1848/3763/3750
f 1848/3763/3750 556/3762/3749 1849/3764/3751
f 1849/3764/3751 556/3762/3749 1850/3765/3752
f 1850/3765/3752 556/3762/3749 1851/3766/3753
f 1851/3766/3753 556/3762/3749 1852/3767/3754
f 1852/3767/3754 556/3762/3749 1853/3768/3755
f 1853/3768/3755 556/3762/3749 1854/3769/3756
f 1854/3769/3756 556/3762/3749 555/3770/3757
f 1854/3769/3756 555/3770/3757 1855/3771/3758
f 1855/3771/3758 555/3770/3757 554/3772/3759
f 1855/3771/3758 554/3772/3759 553/3773/3760
f 385/3747/3734 384/3774/3761 561/3749/3736
f 561/3749/3736 384/3774/3761 562/3775/3762
f 562/3775/3762 384/3774/3761 383/3776/3763
f 562/3775/3762 383/3776/3763 563/3777/3764
f 563/3777/3764 383/3776/3763 382/3778/3765
f 563/3777/3764 382/3778/3765 564/3779/3766
f 564/3779/3766 382/3778/3765 381/3780/3767
f 564/3779/3766 381/3780/3767 646/3781/3768
f 646/3781/3768 381/3780/3767 647/3782/3769
f 647/3782/3769 381/3780/3767 380/3783/3770
f 647/3782/3769 380/3783/3770 648/3784/3771
f 648/3784/3771 380/3783/3770 379/3785/3772
f 648/3784/3771 379/3785/3772 649/3786/3773
f 649/3786/3773 379/3785/3772 378/3787/3774
f 649/3786/3773 378/3787/3774 377/3788/3775
f 649/3786/3773 377/3788/3775 650/3789/3776
f 650/3789/3776 377/3788/3775 376/3643/3630
f 650/3789/3776 376/3643/3630 651/3790/3777
f 651/3790/3777 376/3643/3630 652/3791/3778
f 652/3791/3778 376/3643/3630 653/3792/3779
f 653/3792/3779 376/3643/3630 654/3793/3780
f 654/3793/3780 376/3643/3630 655/3641/3628
f 376/3643/3630 375/3794/3781 1797/3647/3634
f 1797/3647/3634 375/3794/3781 374/3795/3782
f 1797/3647/3634 374/3795/3782 373/3796/3783
f 373/3796/3783 372/3797/3784 1797/3647/3634
f 1797/3647/3634 372/3797/3784 371/3798/3785
f 1797/3647/3634 371/3798/3785 370/3799/3786
f 370/3799/3786 369/3800/3787 1797/3647/3634
f 1797/3647/3634 369/3800/3787 1798/3801/3788
f 1798/3801/3788 369/3800/3787 368/3802/3789
f 1798/3801/3788 368/3802/3789 1799/3803/3790
f 1799/3803/3790 368/3802/3789 1800/3804/3791
f 1800/3804/3791 368/3802/3789 1801/3805/3792
f 1801/3805/3792 368/3802/3789 367/3806/3793
f 1801/3805/3792 367/3806/3793 1802/3807/3794
f 1802/3807/3794 367/3806/3793 1803/3808/3795
f 1803/3808/3795 367/3806/3793 366/3809/3796
f 1803/3808/3795 366/3809/3796 1804/3810/3797
f 1804/3810/3797 366/3809/3796 1805/3811/3798
f 1805/3811/3798 366/3809/3796 365/3812/3799
f 1805/3811/3798 365/3812/3799 364/3813/3800
f 364/3813/3800 363/3814/3801 1805/3811/3798
f 1805/3811/3798 363/3814/3801 362/3815/3802
f 1805/3811/3798 362/3815/3802 361/3816/3803
f 361/3816/3803 360/3817/3804 1805/3811/3798
f 1805/3811/3798 360/3817/3804 359/3818/3805
f 1805/3811/3798 359/3818/3805 358/3819/3806
f 358/3819/3806 357/3820/3807 1805/3811/3798
f 1805/3811/3798 357/3820/3807 356/3821/3808
f 1805/3811/3798 356/3821/3808 355/3822/3809
f 355/3822/3809 354/3823/3810 1805/3811/3798
f 1805/3811/3798 354/3823/3810 353/3824/3811
f 1805/3811/3798 353/3824/3811 352/3825/3812
f 352/3825/3812 351/3826/3813 1805/3811/3798
f 1805/3811/3798 351/3826/3813 350/3827/3814
f 1805/3811/3798 350/3827/3814 1806/3828/3815
f 1806/3828/3815 350/3827/3814 1807/3829/3816
f 1807/3829/3816 350/3827/3814 1808/3830/3817
f 1808/3830/3817 350/3827/3814 1809/3831/3818
f 1809/3831/3818 350/3827/3814 1810/3832/3819
f 1810/3832/3819 350/3827/3814 1811/3833/3820
f 1811/3833/3820 350/3827/3814 1812/3834/3821
f 1812/3834/3821 350/3827/3814 1813/3835/3822
f 1813/3835/3822 350/3827/3814 1814/3836/3823
f 1814/3836/3823 350/3827/3814 1815/3837/3824
f 1815/3837/3824 350/3827/3814 1816/3838/3825
f 1816/3838/3825 350/3827/3814 1817/3839/3826
f 1817/3839/3826 350/3827/3814 1818/3840/3827
f 1818/3840/3827 350/3827/3814 1819/3841/3828
f 1819/3841/3828 350/3827/3814 1820/3842/3829
f 1820/3842/3829 350/3827/3814 1821/3843/3830
f 1821/3843/3830 350/3827/3814 349/3844/3831
f 1821/3843/3830 349/3844/3831 1822/3845/3832
f 1822/3845/3832 349/3844/3831 348/3846/3833
f 1822/3845/3832 348/3846/3833 347/3847/3834
f 1822/3845/3832 347/3847/3834 1823/3848/3835
f 1823/3848/3835 347/3847/3834 346/3849/3836
f 1823/3848/3835 346/3849/3836 1824/3850/3837
f 1824/3850/3837 346/3849/3836 345/3851/3838
f 1824/3850/3837 345/3851/3838 1825/3852/3839
f 1825/3852/3839 345/3851/3838 344/3853/3840
f 1825/3852/3839 344/3853/3840 343/3854/3841
f 1825/3852/3839 343/3854/3841 1826/3855/3842
f 1826/3855/3842 343/3854/3841 342/3856/3843
f 1826/3855/3842 342/3856/3843 1827/3857/3844
f 1827/3857/3844 342/3856/3843 341/3858/3845
f 1827/3857/3844 341/3858/3845 1828/3859/3846
f 1828/3859/3846 341/3858/3845 340/3860/3847
f 1828/3859/3846 340/3860/3847 1829/3861/3848
f 1829/3861/3848 340/3860/3847 339/3862/3849
f 1829/3861/3848 339/3862/3849 1830/3863/3850
f 1830/3863/3850 339/3862/3849 338/3864/3851
f 1830/3863/3850 338/3864/3851 1831/3739/3726
f 1831/3739/3726 338/3864/3851 337/3737/3724
f 492/3865/3852 1731/3866/3853 441/3867/3854
f 441/3867/3854 1731/3866/3853 1730/3868/3855
f 441/3867/3854 1730/3868/3855 442/3869/3856
f 442/3869/3856 1730/3868/3855 1729/3870/3857
f 442/3869/3856 1729/3870/3857 443/3871/3858
f 443/3871/3858 1729/3870/3857 1728/3872/3859
f 443/3871/3858 1728/3872/3859 1727/3873/3860
f 491/3874/3861 1733/3875/3862 492/3865/3852
f 492/3865/3852 1733/3875/3862 1732/3876/3863
f 492/3865/3852 1732/3876/3863 1731/3866/3853
f 1733/3875/3862 491/3874/3861 1734/3877/3864
f 1734/3877/3864 491/3874/3861 490/3878/3865
f 1734/3877/3864 490/3878/3865 1735/3879/3866
f 1735/3879/3866 490/3878/3865 489/3880/3867
f 1735/3879/3866 489/3880/3867 1736/3881/3868
f 1736/3881/3868 489/3880/3867 488/3882/3869
f 1736/3881/3868 488/3882/3869 1737/3883/3870
f 1737/3883/3870 488/3882/3869 487/3884/3871
f 1737/3883/3870 487/3884/3871 486/3885/3872
f 1737/3883/3870 486/3885/3872 1738/3886/3873
f 1738/3886/3873 486/3885/3872 485/3887/3874
f 1738/3886/3873 485/3887/3874 1739/3888/3875
f 1739/3888/3875 485/3887/3874 484/3889/3876
f 1739/3888/3875 484/3889/3876 1740/3890/3877
f 1740/3890/3877 484/3889/3876 483/3891/3878
f 1740/3890/3877 483/3891/3878 482/3892/3879
f 1740/3890/3877 482/3892/3879 1741/3893/3880
f 1741/3893/3880 482/3892/3879 481/3894/3881
f 1741/3893/3880 481/3894/3881 1742/3895/3882
f 1742/3895/3882 481/3894/3881 480/3896/3883
f 1742/3895/3882 480/3896/3883 1743/3897/3884
f 1743/3897/3884 480/3896/3883 1744/3898/3885
f 1744/3898/3885 480/3896/3883 1745/3899/3886
f 1745/3899/3886 480/3896/3883 1746/3900/3887
f 1746/3900/3887 480/3896/3883 1747/3901/3888
f 1747/3901/3888 480/3896/3883 1748/3902/3889
f 1748/3902/3889 480/3896/3883 1749/3903/3890
f 1749/3903/3890 480/3896/3883 1750/3904/3891
f 1750/3904/3891 480/3896/3883 1751/3905/3892
f 1751/3905/3892 480/3896/3883 1752/3906/3893
f 1752/3906/3893 480/3896/3883 1753/3907/3894
f 1753/3907/3894 480/3896/3883 1754/3908/3895
f 1754/3908/3895 480/3896/3883 1755/3909/3896
f 1755/3909/3896 480/3896/3883 1756/3910/3897
f 1756/3910/3897 480/3896/3883 1757/3911/3898
f 1757/3911/3898 480/3896/3883 1758/3912/3899
f 1758/3912/3899 480/3896/3883 479/3913/3900
f 1758/3912/3899 479/3913/3900 478/3914/3901
f 478/3914/3901 477/3915/3902 1758/3912/3899
f 1758/3912/3899 477/3915/3902 476/3916/3903
f 1758/3912/3899 476/3916/3903 475/3917/3904
f 475/3917/3904 474/3918/3905 1758/3912/3899
f 1758/3912/3899 474/3918/3905 473/3919/3906
f 1758/3912/3899 473/3919/3906 472/3920/3907
f 472/3920/3907 471/3921/3908 1758/3912/3899
f 1758/3912/3899 471/3921/3908 470/3922/3909
f 1758/3912/3899 470/3922/3909 469/3923/3910
f 469/3923/3910 468/3924/3911 1758/3912/3899
f 1758/3912/3899 468/3924/3911 467/3925/3912
f 1758/3912/3899 467/3925/3912 466/3926/3913
f 466/3926/3913 465/3927/3914 1758/3912/3899
f 1758/3912/3899 465/3927/3914 464/3928/3915
f 1758/3912/3899 464/3928/3915 1759/3929/3916
f 1759/3929/3916 464/3928/3915 463/3930/3917
f 1759/3929/3916 463/3930/3917 1760/3931/3918
f 1760/3931/3918 463/3930/3917 1761/3932/3919
f 1761/3932/3919 463/3930/3917 272/3676/3663
f 1761/3932/3919 272/3676/3663 1762/3933/3920
f 1762/3933/3920 272/3676/3663 1763/3934/3921
f 1763/3934/3921 272/3676/3663 1764/3935/3922
f 1764/3935/3922 272/3676/3663 1765/3685/3672
f 463/3930/3917 462/3936/3923 272/3676/3663
f 272/3676/3663 462/3936/3923 461/3937/3924
f 272/3676/3663 461/3937/3924 460/3938/3925
f 460/3938/3925 459/3939/3926 272/3676/3663
f 272/3676/3663 459/3939/3926 458/3940/3927
f 272/3676/3663 458/3940/3927 457/3941/3928
f 457/3941/3928 456/3942/3929 272/3676/3663
f 272/3676/3663 456/3942/3929 455/3943/3930
f 272/3676/3663 455/3943/3930 454/3944/3931
f 454/3944/3931 453/3945/3932 272/3676/3663
f 272/3676/3663 453/3945/3932 452/3946/3933
f 272/3676/3663 452/3946/3933 1706/3947/3934
f 1706/3947/3934 452/3946/3933 451/3948/3935
f 1706/3947/3934 451/3948/3935 450/3949/3936
f 449/3950/3937 1708/3951/3938 450/3949/3936
f 450/3949/3936 1708/3951/3938 1707/3952/3939
f 450/3949/3936 1707/3952/3939 1706/3947/3934
f 448/3953/3940 1713/3954/3941 449/3950/3937
f 449/3950/3937 1713/3954/3941 1712/3955/3942
f 449/3950/3937 1712/3955/3942 1711/3956/3943
f 447/3957/3944 1717/3958/3945 448/3953/3940
f 448/3953/3940 1717/3958/3945 1716/3959/3946
f 448/3953/3940 1716/3959/3946 1715/3960/3947
f 446/3961/3948 1720/3962/3949 447/3957/3944
f 447/3957/3944 1720/3962/3949 1719/3963/3950
f 447/3957/3944 1719/3963/3950 1718/3964/3951
f 445/3965/3952 1723/3966/3953 446/3961/3948
f 446/3961/3948 1723/3966/3953 1722/3967/3954
f 446/3961/3948 1722/3967/3954 1721/3968/3955
f 444/3969/3956 1725/3970/3957 445/3965/3952
f 445/3965/3952 1725/3970/3957 1724/3971/3958
f 445/3965/3952 1724/3971/3958 1723/3966/3953
f 443/3871/3858 1727/3873/3860 444/3969/3956
f 444/3969/3956 1727/3873/3860 1726/3972/3959
f 444/3969/3956 1726/3972/3959 1725/3970/3957
f 546/3973/3960 545/3974/3961 1703/3975/3962
f 1703/3975/3962 545/3974/3961 596/3976/3963
f 1703/3975/3962 596/3976/3963 1704/3977/3964
f 1704/3977/3964 596/3976/3963 595/3978/3965
f 1704/3977/3964 595/3978/3965 1705/3979/3966
f 1705/3979/3966 595/3978/3965 594/3980/3967
f 1705/3979/3966 594/3980/3967 1706/3947/3934
f 1706/3947/3934 594/3980/3967 593/3981/3968
f 1706/3947/3934 593/3981/3968 592/3982/3969
f 592/3982/3969 591/3983/3970 1706/3947/3934
f 1706/3947/3934 591/3983/3970 590/3984/3971
f 1706/3947/3934 590/3984/3971 589/3985/3972
f 589/3985/3972 588/3986/3973 1706/3947/3934
f 1706/3947/3934 588/3986/3973 587/3987/3974
f 1706/3947/3934 587/3987/3974 586/3988/3975
f 586/3988/3975 585/3989/3976 1706/3947/3934
f 1706/3947/3934 585/3989/3976 584/3677/3664
f 1706/3947/3934 584/3677/3664 272/3676/3663
f 673/3679/3666 581/3681/3668 674/3990/3977
f 674/3990/3977 581/3681/3668 580/3991/3978
f 674/3990/3977 580/3991/3978 675/3992/3979
f 675/3992/3979 580/3991/3978 579/3993/3980
f 675/3992/3979 579/3993/3980 676/3994/3981
f 676/3994/3981 579/3993/3980 578/3995/3982
f 676/3994/3981 578/3995/3982 677/3996/3983
f 677/3996/3983 578/3995/3982 577/3997/3984
f 677/3996/3983 577/3997/3984 678/3998/3985
f 678/3998/3985 577/3997/3984 576/3999/3986
f 678/3998/3985 576/3999/3986 679/4000/3987
f 679/4000/3987 576/3999/3986 575/4001/3988
f 679/4000/3987 575/4001/3988 680/4002/3989
f 680/4002/3989 575/4001/3988 574/4003/3990
f 680/4002/3989 574/4003/3990 681/4004/3991
f 681/4004/3991 574/4003/3990 573/4005/3992
f 681/4004/3991 573/4005/3992 682/4006/3993
f 682/4006/3993 573/4005/3992 572/4007/3994
f 682/4006/3993 572/4007/3994 640/4008/3995
f 640/4008/3995 572/4007/3994 571/4009/3996
f 640/4008/3995 571/4009/3996 570/4010/3997
f 640/4008/3995 570/4010/3997 641/4011/3998
f 641/4011/3998 570/4010/3997 569/4012/3999
f 641/4011/3998 569/4012/3999 642/4013/4000
f 642/4013/4000 569/4012/3999 568/4014/4001
f 642/4013/4000 568/4014/4001 643/4015/4002
f 643/4015/4002 568/4014/4001 567/4016/4003
f 643/4015/4002 567/4016/4003 644/4017/4004
f 644/4017/4004 567/4016/4003 566/4018/4005
f 644/4017/4004 566/4018/4005 645/4019/4006
f 645/4019/4006 566/4018/4005 565/4020/4007
f 645/4019/4006 565/4020/4007 646/3781/3768
f 646/3781/3768 565/4020/4007 564/3779/3766
f 553/3773/3760 552/4021/4008 1855/3771/3758
f 1855/3771/3758 552/4021/4008 551/4022/4009
f 1855/3771/3758 551/4022/4009 550/4023/4010
f 1855/3771/3758 550/4023/4010 1856/4024/4011
f 1856/4024/4011 550/4023/4010 549/4025/4012
f 1856/4024/4011 549/4025/4012 1857/4026/4013
f 1857/4026/4013 549/4025/4012 548/4027/4014
f 1857/4026/4013 548/4027/4014 1858/4028/4015
f 1858/4028/4015 548/4027/4014 547/4029/4016
f 1858/4028/4015 547/4029/4016 1859/4030/4017
f 1859/4030/4017 547/4029/4016 546/3973/3960
f 1859/4030/4017 546/3973/3960 1703/3975/3962
f 1721/3968/3955 1720/3962/3949 446/3961/3948
f 1718/3964/3951 1717/3958/3945 447/3957/3944
f 1715/3960/3947 1714/4031/4018 448/3953/3940
f 448/3953/3940 1714/4031/4018 1713/3954/3941
f 1711/3956/3943 1710/4032/4019 449/3950/3937
f 449/3950/3937 1710/4032/4019 1709/4033/4020
f 449/3950/3937 1709/4033/4020 1708/3951/3938
# 2173 vertices
# 4033 texture params
# 4020 normals
# 4342 facets

# 1 groups
