stamp,drone,source,x,y,z,qx,qy,qz,qw,yaw,vx,vy,vz
0.020000,drone3,raw,1.000000,0.600000,1.697648,0.000000,-0.000000,0.000000,1.000000,0.000000,83.333333,50.000000,141.470667
0.020000,drone2,raw,1.000000,0.000000,1.697648,0.000000,-0.000000,0.000000,1.000000,0.000000,83.333333,0.000000,141.470667
0.020000,drone1,raw,1.000000,-0.600000,1.697648,0.000000,-0.000000,0.000000,1.000000,0.000000,83.333333,-50.000000,141.470667
0.040000,drone3,raw,1.000000,0.600000,1.691376,0.000000,-0.000000,0.000000,1.000000,0.000000,31.250000,18.750000,52.855500
0.040000,drone2,raw,1.000000,0.000000,1.691376,0.000000,-0.000000,0.000000,1.000000,0.000000,31.250000,0.000000,52.855500
0.040000,drone1,raw,1.000000,-0.600000,1.691376,0.000000,-0.000000,0.000000,1.000000,0.000000,31.250000,-18.750000,52.855500
0.060000,drone2,raw,1.000000,0.000000,1.681184,0.000000,-0.000000,0.000000,1.000000,0.000000,-0.000000,0.000000,-0.411600
0.060000,drone1,raw,1.000000,-0.600000,1.681184,0.000000,-0.000000,0.000000,1.000000,0.000000,-0.000000,-0.000000,-0.411600
0.060000,drone3,raw,1.000000,0.600000,1.681184,0.000000,-0.000000,0.000000,1.000000,0.000000,-0.000000,-0.000000,-0.411600
0.080000,drone3,raw,1.000000,0.600000,1.667072,0.000000,-0.000000,0.000000,1.000000,0.000000,-0.000000,-0.000000,-0.607600
0.080000,drone2,raw,1.000000,0.000000,1.667072,0.000000,-0.000000,0.000000,1.000000,0.000000,-0.000000,-0.000000,-0.607600
0.080000,drone1,raw,1.000000,-0.600000,1.667072,0.000000,-0.000000,0.000000,1.000000,0.000000,-0.000000,-0.000000,-0.607600
0.100000,drone3,raw,1.000000,0.600000,1.649040,0.000000,-0.000000,0.000000,1.000000,0.000000,-0.000000,-0.000000,-0.803600
0.100000,drone2,raw,1.000000,0.000000,1.649040,0.000000,-0.000000,0.000000,1.000000,0.000000,-0.000000,-0.000000,-0.803600
0.100000,drone1,raw,1.000000,-0.600000,1.649040,0.000000,-0.000000,0.000000,1.000000,0.000000,-0.000000,-0.000000,-0.803600
0.120000,drone1,raw,1.000000,-0.600000,1.627088,0.000000,-0.000000,0.000000,1.000000,0.000000,-0.000000,-0.000000,-0.999600
0.120000,drone2,raw,1.000000,0.000000,1.627088,0.000000,-0.000000,0.000000,1.000000,0.000000,-0.000000,-0.000000,-0.999600
0.120000,drone3,raw,1.000000,0.600000,1.627088,0.000000,-0.000000,0.000000,1.000000,0.000000,-0.000000,-0.000000,-0.999600
0.140000,drone3,raw,1.000000,0.600000,1.601216,0.000000,-0.000000,0.000000,1.000000,0.000000,-0.000000,-0.000000,-1.195600
0.140000,drone1,raw,1.000000,-0.600000,1.601216,0.000000,-0.000000,0.000000,1.000000,0.000000,-0.000000,-0.000000,-1.195600
0.140000,drone2,raw,1.000000,0.000000,1.601216,0.000000,-0.000000,0.000000,1.000000,0.000000,-0.000000,-0.000000,-1.195600
0.160000,drone3,raw,1.000000,0.600000,1.571424,0.000000,-0.000000,0.000000,1.000000,0.000000,-0.000000,-0.000000,-1.391600
0.160000,drone2,raw,1.000000,0.000000,1.571424,0.000000,-0.000000,0.000000,1.000000,0.000000,-0.000000,-0.000000,-1.391600
0.160000,drone1,raw,1.000000,-0.600000,1.571424,0.000000,-0.000000,0.000000,1.000000,0.000000,-0.000000,-0.000000,-1.391600
0.180000,drone2,raw,1.000000,0.000000,1.537712,0.000000,-0.000000,0.000000,1.000000,0.000000,-0.000000,-0.000000,-1.587600
0.180000,drone3,raw,1.000000,0.600000,1.537712,0.000000,-0.000000,0.000000,1.000000,0.000000,-0.000000,-0.000000,-1.587600
0.180000,drone1,raw,1.000000,-0.600000,1.537712,0.000000,-0.000000,0.000000,1.000000,0.000000,-0.000000,-0.000000,-1.587600
0.200000,drone2,raw,1.000000,0.000000,1.500080,0.000000,-0.000000,0.000000,1.000000,0.000000,-0.000000,-0.000000,-1.783600
0.200000,drone3,raw,1.000000,0.600000,1.500080,0.000000,-0.000000,0.000000,1.000000,0.000000,-0.000000,-0.000000,-1.783600
0.200000,drone1,raw,1.000000,-0.600000,1.500080,0.000000,-0.000000,0.000000,1.000000,0.000000,-0.000000,-0.000000,-1.783600
0.220000,drone2,raw,1.000000,0.000000,1.458528,0.000000,-0.000000,0.000000,1.000000,0.000000,-0.000000,-0.000000,-1.979600
0.220000,drone3,raw,1.000000,0.600000,1.458528,0.000000,-0.000000,0.000000,1.000000,0.000000,-0.000000,-0.000000,-1.979600
0.220000,drone1,raw,1.000000,-0.600000,1.458528,0.000000,-0.000000,0.000000,1.000000,0.000000,-0.000000,-0.000000,-1.979600
0.240000,drone1,raw,0.999500,-0.600002,1.418566,0.000000,-0.000159,-0.000000,1.000000,-0.000000,-0.012527,-0.000044,-2.037843
0.240000,drone3,raw,0.999500,0.599998,1.418567,0.000001,-0.000159,-0.000000,1.000000,-0.000000,-0.012527,-0.000044,-2.037810
0.240000,drone2,raw,0.999005,-0.000003,1.423838,0.000001,-0.000316,-0.000000,1.000000,-0.000000,-0.024966,-0.000088,-1.906030
0.260000,drone1,raw,0.996897,-0.600011,1.400496,0.000003,-0.000987,-0.000000,1.000000,-0.000000,-0.078192,-0.000274,-1.450710
0.260000,drone3,raw,0.996897,0.599989,1.400504,0.000003,-0.000987,-0.000000,1.000000,-0.000000,-0.078188,-0.000274,-1.450504
0.260000,drone2,raw,0.996393,-0.000013,1.405771,0.000004,-0.001143,-0.000000,0.999999,-0.000000,-0.090986,-0.000319,-1.318810
0.280000,drone3,raw,0.994206,0.599980,1.385226,0.000006,-0.001841,-0.000000,0.999998,-0.000000,-0.134069,-0.000470,-0.833258
0.280000,drone2,raw,0.993693,-0.000022,1.390488,0.000007,-0.001997,-0.000000,0.999998,-0.000000,-0.134770,-0.000472,-0.833431
0.280000,drone1,raw,0.994206,-0.600020,1.385210,0.000006,-0.001841,-0.000000,0.999998,-0.000000,-0.134075,-0.000469,-0.833607
0.300000,drone2,raw,0.991037,-0.000031,1.378479,0.000010,-0.002836,-0.000000,0.999996,-0.000000,-0.136643,-0.000481,-0.681736
0.300000,drone3,raw,0.991559,0.599970,1.373221,0.000009,-0.002679,-0.000000,0.999996,-0.000000,-0.135987,-0.000478,-0.681560
0.300000,drone1,raw,0.991558,-0.600030,1.373199,0.000009,-0.002679,-0.000000,0.999996,-0.000000,-0.135992,-0.000478,-0.681913
0.320000,drone3,raw,0.989096,0.599961,1.364868,0.000012,-0.003457,-0.000000,0.999994,-0.000000,-0.130456,-0.000470,-0.508241
0.320000,drone2,raw,0.988566,-0.000041,1.370121,0.000013,-0.003613,-0.000000,0.999993,-0.000001,-0.131037,-0.000472,-0.508413
0.320000,drone1,raw,0.989095,-0.600039,1.364839,0.000012,-0.003457,-0.000000,0.999994,-0.000000,-0.130461,-0.000470,-0.508588
0.340000,drone1,raw,0.986957,-0.600047,1.360384,0.000015,-0.004130,-0.000000,0.999991,-0.000001,-0.117190,-0.000449,-0.319555
0.340000,drone3,raw,0.986957,0.599953,1.360420,0.000015,-0.004130,-0.000000,0.999991,-0.000001,-0.117186,-0.000450,-0.319223
0.340000,drone2,raw,0.986421,-0.000049,1.365670,0.000015,-0.004287,-0.000000,0.999991,-0.000001,-0.117664,-0.000451,-0.319388
0.360000,drone2,raw,0.984686,-0.000057,1.365269,0.000018,-0.004829,-0.000000,0.999988,-0.000001,-0.097977,-0.000404,-0.120485
0.360000,drone3,raw,0.985228,0.599945,1.360022,0.000017,-0.004673,-0.000000,0.999989,-0.000001,-0.097623,-0.000403,-0.120335
0.360000,drone1,raw,0.985228,-0.600055,1.359981,0.000017,-0.004673,-0.000000,0.999989,-0.000001,-0.097627,-0.000403,-0.120635
0.380000,drone1,raw,0.983814,-0.600060,1.363702,0.000019,-0.005115,-0.000000,0.999987,-0.000001,-0.077727,-0.000304,0.083681
0.380000,drone2,raw,0.983268,-0.000062,1.368991,0.000019,-0.005271,-0.000000,0.999986,-0.000001,-0.077953,-0.000305,0.083796
0.380000,drone3,raw,0.983814,0.599940,1.363747,0.000019,-0.005115,-0.000000,0.999987,-0.000001,-0.077725,-0.000304,0.083912
0.400000,drone1,raw,0.982749,-0.600063,1.371440,0.000019,-0.005446,-0.000000,0.999985,-0.000001,-0.058969,-0.000187,0.287096
0.400000,drone2,raw,0.982199,-0.000065,1.376730,0.000020,-0.005603,-0.000000,0.999984,-0.000001,-0.059077,-0.000187,0.287169
0.400000,drone3,raw,0.982749,0.599937,1.371487,0.000020,-0.005446,-0.000000,0.999985,-0.000001,-0.058969,-0.000187,0.287244
0.420000,drone2,raw,0.981723,-0.000066,1.388176,0.000021,-0.005748,-0.000000,0.999983,-0.000001,-0.033224,-0.000098,0.480007
0.420000,drone1,raw,0.982274,-0.600064,1.382885,0.000020,-0.005592,-0.000000,0.999984,-0.000001,-0.033254,-0.000098,0.479964
0.420000,drone3,raw,0.982274,0.599936,1.382934,0.000020,-0.005592,-0.000000,0.999984,-0.000001,-0.033255,-0.000098,0.480052
0.440000,drone3,raw,0.982639,0.599931,1.397664,0.000022,-0.005472,-0.000000,0.999985,-0.000001,0.004500,-0.000127,0.654414
0.440000,drone1,raw,0.982639,-0.600069,1.397613,0.000021,-0.005472,-0.000000,0.999985,-0.000001,0.004500,-0.000127,0.654299
0.440000,drone2,raw,0.982089,-0.000071,1.402904,0.000022,-0.005628,-0.000000,0.999984,-0.000001,0.004704,-0.000127,0.654354
0.460000,drone3,raw,0.983863,0.599922,1.415241,0.000025,-0.005081,-0.000000,0.999987,-0.000001,0.048419,-0.000298,0.807217
0.460000,drone2,raw,0.983317,-0.000080,1.420478,0.000025,-0.005237,-0.000000,0.999986,-0.000001,0.048810,-0.000298,0.807089
0.460000,drone1,raw,0.983863,-0.600078,1.415183,0.000024,-0.005081,-0.000000,0.999987,-0.000001,0.048414,-0.000298,0.806966
0.480000,drone3,raw,0.985884,0.599909,1.435178,0.000029,-0.004439,-0.000000,0.999990,-0.000001,0.090423,-0.000514,0.937013
0.480000,drone1,raw,0.985883,-0.600091,1.435110,0.000028,-0.004439,-0.000000,0.999990,-0.000001,0.090412,-0.000515,0.936589
0.480000,drone2,raw,0.985345,-0.000093,1.440411,0.000029,-0.004595,-0.000000,0.999989,-0.000001,0.090989,-0.000515,0.936798
0.500000,drone1,raw,0.988576,-0.600109,1.456870,0.000034,-0.003584,-0.000000,0.999994,-0.000001,0.126799,-0.000714,1.041128
0.500000,drone3,raw,0.988577,0.599891,1.456952,0.000034,-0.003584,-0.000000,0.999994,-0.000001,0.126815,-0.000713,1.041715
0.500000,drone2,raw,0.988047,-0.000111,1.462179,0.000035,-0.003740,-0.000000,0.999993,-0.000001,0.127534,-0.000715,1.041418
0.520000,drone3,raw,0.991772,0.599871,1.480015,0.000041,-0.002571,-0.000001,0.999997,-0.000001,0.154920,-0.000863,1.119883
0.520000,drone2,raw,0.991252,-0.000131,1.485235,0.000041,-0.002727,-0.000001,0.999996,-0.000001,0.155758,-0.000866,1.119523
0.520000,drone1,raw,0.991770,-0.600129,1.479918,0.000040,-0.002571,-0.000001,0.999997,-0.000001,0.154900,-0.000864,1.119168
0.540000,drone3,raw,0.995265,0.599850,1.503817,0.000048,-0.001462,-0.000001,0.999999,-0.000002,0.172917,-0.000943,1.170808
0.540000,drone1,raw,0.995264,-0.600150,1.503703,0.000047,-0.001462,-0.000001,0.999999,-0.000002,0.172894,-0.000944,1.170018
0.540000,drone2,raw,0.994757,-0.000153,1.509030,0.000048,-0.001618,-0.000001,0.999999,-0.000002,0.173837,-0.000946,1.170411
0.560000,drone3,raw,0.998844,0.599829,1.527811,0.000054,-0.000326,-0.000001,1.000000,-0.000002,0.180024,-0.000946,1.194435
0.560000,drone2,raw,0.998348,-0.000174,1.533018,0.000055,-0.000482,-0.000001,1.000000,-0.000002,0.180983,-0.000949,1.194029
0.560000,drone1,raw,0.998842,-0.600171,1.527682,0.000054,-0.000326,-0.000001,1.000000,-0.000002,0.179999,-0.000947,1.193626
0.580000,drone1,raw,1.002302,-0.600191,1.551327,0.000060,0.000773,-0.000001,1.000000,-0.000002,0.176501,-0.000881,1.190520
0.580000,drone2,raw,1.001820,-0.000193,1.556672,0.000061,0.000617,-0.000001,1.000000,-0.000002,0.177481,-0.000882,1.190906
0.580000,drone3,raw,1.002305,0.599809,1.551472,0.000060,0.000773,-0.000001,1.000000,-0.000002,0.176526,-0.000880,1.191293
0.600000,drone1,raw,1.005466,-0.600208,1.574141,0.000065,0.001778,-0.000001,0.999998,-0.000002,0.163624,-0.000764,1.161761
0.600000,drone3,raw,1.005469,0.599792,1.574299,0.000066,0.001778,-0.000001,0.999998,-0.000002,0.163647,-0.000762,1.162456
0.600000,drone2,raw,1.004995,-0.000210,1.579494,0.000066,0.001622,-0.000001,0.999999,-0.000002,0.164559,-0.000765,1.162109
0.620000,drone3,raw,1.008199,0.599779,1.595831,0.000070,0.002645,-0.000001,0.999996,-0.000002,0.143296,-0.000619,1.109502
0.620000,drone2,raw,1.007734,-0.000224,1.601021,0.000071,0.002489,-0.000001,0.999997,-0.000002,0.144132,-0.000621,1.109206
0.620000,drone1,raw,1.008196,-0.600221,1.595663,0.000070,0.002645,-0.000001,0.999996,-0.000002,0.143276,-0.000620,1.108909
0.640000,drone2,raw,1.009943,-0.000235,1.620839,0.000074,0.003187,-0.000001,0.999995,-0.000002,0.118480,-0.000477,1.034236
0.640000,drone3,raw,1.010400,0.599768,1.615652,0.000074,0.003343,-0.000001,0.999994,-0.000002,0.117746,-0.000476,1.034477
0.640000,drone1,raw,1.010396,-0.600232,1.615476,0.000073,0.003343,-0.000001,0.999994,-0.000002,0.117731,-0.000477,1.033991
0.660000,drone2,raw,1.011571,-0.000244,1.638584,0.000077,0.003700,-0.000001,0.999993,-0.000002,0.089919,-0.000355,0.939648
0.660000,drone3,raw,1.012023,0.599759,1.633400,0.000077,0.003856,-0.000001,0.999993,-0.000002,0.089305,-0.000353,0.939841
0.660000,drone1,raw,1.012019,-0.600241,1.633216,0.000076,0.003856,-0.000001,0.999993,-0.000002,0.089295,-0.000354,0.939450
0.680000,drone2,raw,1.012608,-0.000251,1.653950,0.000080,0.004024,-0.000001,0.999992,-0.000002,0.060516,-0.000268,0.828233
0.680000,drone1,raw,1.013052,-0.600248,1.648579,0.000079,0.004180,-0.000001,0.999991,-0.000002,0.060028,-0.000268,0.828072
0.680000,drone3,raw,1.013056,0.599752,1.648769,0.000079,0.004180,-0.000001,0.999991,-0.000002,0.060033,-0.000267,0.828390
0.700000,drone1,raw,1.013515,-0.600254,1.661320,0.000081,0.004322,-0.000001,0.999991,-0.000002,0.031551,-0.000224,0.702879
0.700000,drone3,raw,1.013519,0.599746,1.661515,0.000081,0.004322,-0.000001,0.999991,-0.000002,0.031552,-0.000223,0.703155
0.700000,drone2,raw,1.013072,-0.000257,1.666693,0.000082,0.004165,-0.000001,0.999991,-0.000002,0.031900,-0.000224,0.703018
0.720000,drone1,raw,1.013445,-0.600261,1.671258,0.000083,0.004292,-0.000001,0.999991,-0.000002,0.004957,-0.000224,0.567023
0.720000,drone3,raw,1.013449,0.599739,1.671458,0.000084,0.004292,-0.000001,0.999991,-0.000002,0.004955,-0.000223,0.567285
0.720000,drone2,raw,1.013002,-0.000263,1.676633,0.000084,0.004136,-0.000001,0.999991,-0.000002,0.005168,-0.000224,0.567155
0.740000,drone2,raw,1.012448,-0.000270,1.683651,0.000086,0.003951,-0.000001,0.999992,-0.000002,-0.019094,-0.000264,0.423797
0.740000,drone3,raw,1.012897,0.599732,1.678478,0.000086,0.004107,-0.000001,0.999992,-0.000002,-0.019178,-0.000263,0.423935
0.740000,drone1,raw,1.012893,-0.600268,1.678272,0.000085,0.004107,-0.000001,0.999992,-0.000002,-0.019173,-0.000264,0.423657
0.760000,drone3,raw,1.011914,0.599724,1.682517,0.000089,0.003785,-0.000001,0.999993,-0.000002,-0.040662,-0.000338,0.276156
0.760000,drone2,raw,1.011462,-0.000279,1.687686,0.000089,0.003629,-0.000001,0.999993,-0.000002,-0.040700,-0.000339,0.275998
0.760000,drone1,raw,1.011910,-0.600276,1.682304,0.000088,0.003784,-0.000001,0.999993,-0.000002,-0.040655,-0.000339,0.275837
0.780000,drone2,raw,1.010097,-0.000289,1.688734,0.000093,0.003185,-0.000001,0.999995,-0.000002,-0.059709,-0.000444,0.126661
0.780000,drone1,raw,1.010550,-0.600286,1.683348,0.000090,0.003335,-0.000001,0.999994,-0.000002,-0.059548,-0.000442,0.126462
0.780000,drone3,raw,1.010554,0.599714,1.683570,0.000092,0.003341,-0.000001,0.999994,-0.000002,-0.059557,-0.000442,0.126849
0.800000,drone2,raw,1.008408,-0.000302,1.686846,0.000097,0.002639,-0.000001,0.999997,-0.000002,-0.076253,-0.000572,-0.021460
0.800000,drone3,raw,1.008870,0.599701,1.681687,0.000096,0.002790,-0.000001,0.999996,-0.000002,-0.075997,-0.000570,-0.021244
0.800000,drone1,raw,1.008867,-0.600299,1.681455,0.000091,0.002778,-0.000001,0.999996,-0.000002,-0.075987,-0.000570,-0.021712
0.820000,drone3,raw,1.006919,0.599686,1.676969,0.000101,0.002149,-0.000001,0.999998,-0.000002,-0.090037,-0.000716,-0.165495
0.820000,drone2,raw,1.006450,-0.000316,1.682123,0.000102,0.002007,-0.000001,0.999998,-0.000002,-0.090385,-0.000718,-0.165734
0.820000,drone1,raw,1.006915,-0.600314,1.676726,0.000091,0.002132,-0.000001,0.999998,-0.000002,-0.090030,-0.000713,-0.166044
0.840000,drone2,raw,1.004284,-0.000334,1.674718,0.000107,0.001309,-0.000001,0.999999,-0.000002,-0.101985,-0.000875,-0.303583
0.840000,drone3,raw,1.004760,0.599669,1.669571,0.000107,0.001439,-0.000001,0.999999,-0.000002,-0.101562,-0.000872,-0.303318
0.840000,drone1,raw,1.004757,-0.600331,1.669313,0.000091,0.001415,-0.000001,0.999999,-0.000002,-0.101562,-0.000864,-0.303951
0.860000,drone3,raw,1.002463,0.599649,1.659696,0.000114,0.000680,-0.000001,1.000000,-0.000003,-0.110283,-0.001027,-0.432124
0.860000,drone2,raw,1.001979,-0.000354,1.664837,0.000114,0.000569,-0.000001,1.000000,-0.000002,-0.110759,-0.001031,-0.432417
0.860000,drone1,raw,1.002460,-0.600351,1.659424,0.000090,0.000652,-0.000001,1.000000,-0.000003,-0.110293,-0.001012,-0.432841
0.880000,drone3,raw,1.000104,0.599627,1.647605,0.000121,-0.000101,-0.000002,1.000000,-0.000003,-0.115810,-0.001171,-0.549266
0.880000,drone2,raw,0.999612,-0.000376,1.652739,0.000121,-0.000191,-0.000001,1.000000,-0.000002,-0.116313,-0.001175,-0.549584
0.880000,drone1,raw,1.000101,-0.600373,1.647316,0.000089,-0.000135,-0.000001,1.000000,-0.000003,-0.115831,-0.001144,-0.550057
0.900000,drone1,raw,0.997761,-0.600396,1.633307,0.000087,-0.000917,-0.000001,1.000000,-0.000003,-0.117798,-0.001245,-0.652880
0.900000,drone3,raw,0.997764,0.599604,1.633613,0.000129,-0.000879,-0.000002,1.000000,-0.000004,-0.117764,-0.001288,-0.652037
0.900000,drone2,raw,0.997265,-0.000399,1.638740,0.000128,-0.000943,-0.000001,1.000000,-0.000003,-0.118263,-0.001292,-0.652370
0.920000,drone2,raw,0.995019,-0.000423,1.623208,0.000136,-0.001661,-0.000001,0.999999,-0.000003,-0.116368,-0.001369,-0.738050
0.920000,drone1,raw,0.995523,-0.600420,1.617764,0.000084,-0.001669,-0.000001,0.999999,-0.000003,-0.115950,-0.001301,-0.738582
0.920000,drone3,raw,0.995525,0.599580,1.618088,0.000137,-0.001627,-0.000002,0.999999,-0.000004,-0.115904,-0.001365,-0.737715
0.940000,drone2,raw,0.992951,-0.000446,1.606565,0.000143,-0.002320,-0.000001,0.999997,-0.000003,-0.110628,-0.001395,-0.803991
0.940000,drone1,raw,0.993462,-0.600443,1.601111,0.000080,-0.002366,-0.000002,0.999997,-0.000003,-0.110286,-0.001305,-0.804527
0.940000,drone3,raw,0.993464,0.599557,1.601451,0.000144,-0.002321,-0.000002,0.999997,-0.000004,-0.110229,-0.001393,-0.803672
0.960000,drone2,raw,0.991126,-0.000468,1.589277,0.000150,-0.002902,-0.000001,0.999996,-0.000003,-0.101354,-0.001368,-0.847802
0.960000,drone1,raw,0.991643,-0.600465,1.583812,0.000074,-0.002988,-0.000002,0.999996,-0.000004,-0.101113,-0.001254,-0.848324
0.960000,drone3,raw,0.991645,0.599535,1.584169,0.000152,-0.002939,-0.000002,0.999996,-0.000005,-0.101045,-0.001367,-0.847517
0.980000,drone2,raw,0.989588,-0.000487,1.571845,0.000156,-0.003390,-0.000001,0.999994,-0.000003,-0.089177,-0.001291,-0.867514
0.980000,drone1,raw,0.990111,-0.600484,1.566370,0.000067,-0.003520,-0.000002,0.999994,-0.000004,-0.089053,-0.001153,-0.868008
0.980000,drone3,raw,0.990112,0.599516,1.566740,0.000158,-0.003467,-0.000002,0.999994,-0.000005,-0.088977,-0.001291,-0.867280
1.000000,drone2,raw,0.988361,-0.000504,1.554787,0.000162,-0.003779,-0.000001,0.999993,-0.000004,-0.075001,-0.001177,-0.861769
1.000000,drone1,raw,0.988888,-0.600501,1.549303,0.000057,-0.003955,-0.000002,0.999992,-0.000004,-0.075003,-0.001017,-0.862225
1.000000,drone3,raw,0.988889,0.599499,1.549685,0.000164,-0.003899,-0.000002,0.999992,-0.000005,-0.074919,-0.001177,-0.861599
1.020000,drone2,raw,0.987444,-0.000518,1.538628,0.000166,-0.004068,-0.000001,0.999992,-0.000004,-0.059906,-0.001043,-0.829992
1.020000,drone1,raw,0.987973,-0.600515,1.533135,0.000047,-0.004293,-0.000002,0.999991,-0.000004,-0.060028,-0.000865,-0.830409
1.020000,drone3,raw,0.987975,0.599485,1.533527,0.000168,-0.004234,-0.000002,0.999991,-0.000005,-0.059942,-0.001044,-0.829891
1.040000,drone2,raw,0.986812,-0.000530,1.523872,0.000170,-0.004266,-0.000001,0.999991,-0.000004,-0.045011,-0.000911,-0.772531
1.040000,drone3,raw,0.987345,0.599473,1.518771,0.000172,-0.004480,-0.000002,0.999990,-0.000005,-0.045153,-0.000912,-0.772495
1.040000,drone1,raw,0.987344,-0.600527,1.518372,0.000034,-0.004542,-0.000002,0.999990,-0.000004,-0.045239,-0.000722,-0.772916
1.060000,drone2,raw,0.986426,-0.000541,1.510989,0.000173,-0.004385,-0.000001,0.999990,-0.000004,-0.031335,-0.000800,-0.690736
1.060000,drone1,raw,0.986959,-0.600537,1.505481,0.000021,-0.004715,-0.000002,0.999989,-0.000004,-0.031641,-0.000610,-0.691102
1.060000,drone3,raw,0.986960,0.599462,1.505886,0.000176,-0.004650,-0.000002,0.999989,-0.000006,-0.031558,-0.000802,-0.690753
1.080000,drone2,raw,0.986232,-0.000551,1.500387,0.000176,-0.004442,-0.000001,0.999990,-0.000004,-0.019662,-0.000727,-0.586973
1.080000,drone1,raw,0.986765,-0.600548,1.494872,0.000007,-0.004829,-0.000002,0.999988,-0.000005,-0.020011,-0.000546,-0.587337
1.080000,drone3,raw,0.986766,0.599452,1.495283,0.000179,-0.004761,-0.000002,0.999989,-0.000006,-0.019935,-0.000728,-0.587027
1.100000,drone1,raw,0.986706,-0.600559,1.486880,-0.000008,-0.004901,-0.000002,0.999988,-0.000005,-0.010800,-0.000538,-0.464942
1.100000,drone3,raw,0.986707,0.599441,1.487298,0.000183,-0.004830,-0.000002,0.999988,-0.000007,-0.010735,-0.000698,-0.464630
1.100000,drone2,raw,0.986173,-0.000562,1.492403,0.000179,-0.004456,-0.000001,0.999990,-0.000004,-0.010453,-0.000697,-0.464561
1.120000,drone3,raw,0.986730,0.599429,1.482174,0.000187,-0.004875,-0.000003,0.999988,-0.000007,-0.004050,-0.000709,-0.327705
1.120000,drone2,raw,0.986196,-0.000575,1.487281,0.000183,-0.004444,-0.000001,0.999990,-0.000004,-0.003804,-0.000709,-0.327641
1.120000,drone1,raw,0.986729,-0.600571,1.481749,-0.000023,-0.004948,-0.000003,0.999988,-0.000005,-0.004101,-0.000585,-0.328057
1.140000,drone2,raw,0.986259,-0.000590,1.485164,0.000188,-0.004418,-0.000001,0.999990,-0.000004,0.000541,-0.000754,-0.180992
1.140000,drone1,raw,0.986792,-0.600586,1.479622,-0.000038,-0.004985,-0.000003,0.999988,-0.000005,0.000343,-0.000678,-0.181456
1.140000,drone3,raw,0.986793,0.599414,1.480057,0.000192,-0.004910,-0.000003,0.999988,-0.000008,0.000377,-0.000752,-0.181037
1.160000,drone3,raw,0.986865,0.599397,1.480983,0.000197,-0.004943,-0.000003,0.999988,-0.000009,0.003083,-0.000810,-0.029820
1.160000,drone1,raw,0.986864,-0.600603,1.480537,-0.000052,-0.005021,-0.000003,0.999987,-0.000005,0.003069,-0.000798,-0.030321
1.160000,drone2,raw,0.986332,-0.000607,1.486090,0.000193,-0.004390,-0.000001,0.999990,-0.000004,0.003121,-0.000813,-0.029805
1.180000,drone2,raw,0.986403,-0.000626,1.489988,0.000199,-0.004362,-0.000001,0.999990,-0.000004,0.004659,-0.000868,0.120570
1.180000,drone1,raw,0.986935,-0.600623,1.484424,-0.000067,-0.005059,-0.000003,0.999987,-0.000006,0.004792,-0.000926,0.120003
1.180000,drone3,raw,0.986936,0.599377,1.484882,0.000203,-0.004979,-0.000004,0.999988,-0.000009,0.004786,-0.000863,0.120586
1.200000,drone1,raw,0.987008,-0.600643,1.491110,-0.000081,-0.005098,-0.000003,0.999987,-0.000005,0.006289,-0.001040,0.264263
1.200000,drone3,raw,0.987010,0.599357,1.491581,0.000210,-0.005016,-0.000004,0.999987,-0.000010,0.006257,-0.000895,0.264916
1.200000,drone2,raw,0.986477,-0.000647,1.496687,0.000205,-0.004334,-0.000001,0.999991,-0.000004,0.005934,-0.000901,0.264876
1.220000,drone2,raw,0.986572,-0.000669,1.505918,0.000212,-0.004299,-0.000001,0.999991,-0.000005,0.007664,-0.000900,0.398193
1.220000,drone3,raw,0.987104,0.599335,1.500814,0.000216,-0.005049,-0.000004,0.999987,-0.000011,0.008204,-0.000892,0.398243
1.220000,drone1,raw,0.987103,-0.600665,1.500328,-0.000091,-0.005133,-0.000002,0.999987,-0.000003,0.008260,-0.001122,0.397536
1.240000,drone2,raw,0.986715,-0.000690,1.517336,0.000219,-0.004250,-0.000001,0.999991,-0.000005,0.010395,-0.000856,0.516163
1.240000,drone3,raw,0.987248,0.599314,1.512233,0.000223,-0.005069,-0.000005,0.999987,-0.000011,0.011160,-0.000848,0.516205
1.240000,drone1,raw,0.987246,-0.600686,1.511732,-0.000097,-0.005154,-0.000002,0.999987,-0.000003,0.011237,-0.001160,0.515466
1.260000,drone1,raw,0.987470,-0.600706,1.524911,-0.000099,-0.005153,-0.000002,0.999987,-0.000002,0.015510,-0.001150,0.614450
1.260000,drone3,raw,0.987472,0.599293,1.525427,0.000230,-0.005065,-0.000005,0.999987,-0.000012,0.015415,-0.000764,0.615188
1.260000,drone2,raw,0.986940,-0.000711,1.530529,0.000225,-0.004176,-0.000002,0.999991,-0.000005,0.014426,-0.000774,0.615174
1.280000,drone3,raw,0.987806,0.599275,1.539939,0.000236,-0.005029,-0.000005,0.999987,-0.000013,0.020976,-0.000649,0.692468
1.280000,drone1,raw,0.987805,-0.600724,1.539410,-0.000098,-0.005118,-0.000002,0.999987,-0.000002,0.021087,-0.001097,0.691759
1.280000,drone2,raw,0.987276,-0.000729,1.545041,0.000231,-0.004068,-0.000002,0.999992,-0.000005,0.019779,-0.000660,0.692500
1.300000,drone2,raw,0.987746,-0.000746,1.560392,0.000236,-0.003919,-0.000002,0.999992,-0.000005,0.026202,-0.000530,0.746380
1.300000,drone3,raw,0.988275,0.599259,1.555288,0.000241,-0.004952,-0.000005,0.999988,-0.000013,0.027580,-0.000520,0.746290
1.300000,drone1,raw,0.988274,-0.600741,1.554746,-0.000094,-0.005043,-0.000001,0.999987,-0.000002,0.027704,-0.001009,0.745630
1.320000,drone2,raw,0.988363,-0.000760,1.576092,0.000241,-0.003724,-0.000002,0.999993,-0.000005,0.033218,-0.000401,0.776043
1.320000,drone1,raw,0.988888,-0.600755,1.570434,-0.000082,-0.004932,-0.000001,0.999988,-0.000002,0.034877,-0.000903,0.775290
1.320000,drone3,raw,0.988890,0.599244,1.570986,0.000246,-0.004832,-0.000006,0.999988,-0.000014,0.034744,-0.000392,0.775887
1.340000,drone3,raw,0.989648,0.599232,1.586560,0.000250,-0.004668,-0.000006,0.999989,-0.000014,0.041838,-0.000280,0.781439
1.340000,drone2,raw,0.989124,-0.000773,1.591669,0.000245,-0.003485,-0.000002,0.999994,-0.000005,0.040210,-0.000290,0.781659
1.340000,drone1,raw,0.989646,-0.600767,1.585997,-0.000062,-0.004784,-0.000001,0.999989,-0.000002,0.041986,-0.000786,0.780906
1.360000,drone3,raw,0.990533,0.599221,1.601562,0.000254,-0.004467,-0.000006,0.999990,-0.000015,0.048184,-0.000200,0.763968
1.360000,drone2,raw,0.990012,-0.000783,1.606674,0.000248,-0.003206,-0.000002,0.999995,-0.000005,0.046503,-0.000209,0.764247
1.360000,drone1,raw,0.990531,-0.600778,1.600990,-0.000043,-0.004593,-0.000002,0.999989,-0.000003,0.048349,-0.000673,0.763477
1.380000,drone3,raw,0.991516,0.599211,1.615586,0.000257,-0.004236,-0.000007,0.999991,-0.000015,0.053145,-0.000157,0.725204
1.380000,drone2,raw,0.990998,-0.000794,1.620703,0.000252,-0.002897,-0.000002,0.999996,-0.000005,0.051464,-0.000167,0.725529
1.380000,drone1,raw,0.991514,-0.600788,1.615004,-0.000025,-0.004368,-0.000002,0.999990,-0.000003,0.053316,-0.000586,0.724725
1.400000,drone3,raw,0.992556,0.599201,1.628276,0.000261,-0.003989,-0.000007,0.999992,-0.000016,0.056196,-0.000155,0.667411
1.400000,drone2,raw,0.992041,-0.000804,1.633397,0.000255,-0.002571,-0.000002,0.999997,-0.000005,0.054571,-0.000166,0.667766
1.400000,drone1,raw,0.992553,-0.600798,1.627685,-0.000008,-0.004122,-0.000001,0.999992,-0.000003,0.056359,-0.000530,0.666922
1.420000,drone3,raw,0.993606,0.599191,1.639332,0.000264,-0.003740,-0.000007,0.999993,-0.000016,0.056976,-0.000193,0.593218
1.420000,drone2,raw,0.993095,-0.000814,1.644457,0.000258,-0.002242,-0.000002,0.999997,-0.000005,0.055463,-0.000203,0.593587
1.420000,drone1,raw,0.993604,-0.600808,1.638730,0.000009,-0.003868,-0.000001,0.999993,-0.000002,0.057120,-0.000509,0.592702
1.440000,drone3,raw,0.994617,0.599180,1.648510,0.000268,-0.003502,-0.000007,0.999994,-0.000016,0.055299,-0.000262,0.505454
1.440000,drone2,raw,0.994109,-0.000825,1.653639,0.000262,-0.001925,-0.000002,0.999998,-0.000004,0.053954,-0.000271,0.505826
1.440000,drone1,raw,0.994614,-0.600819,1.647898,0.000026,-0.003624,-0.000001,0.999993,-0.000002,0.055415,-0.000520,0.504901
1.460000,drone3,raw,0.995538,0.599168,1.655626,0.000273,-0.003289,-0.000007,0.999995,-0.000016,0.051145,-0.000353,0.407012
1.460000,drone1,raw,0.995535,-0.600831,1.655002,0.000042,-0.003406,-0.000001,0.999994,-0.000002,0.051230,-0.000551,0.406426
1.460000,drone2,raw,0.995033,-0.000837,1.660760,0.000266,-0.001638,-0.000002,0.999999,-0.000004,0.050021,-0.000360,0.407386
1.480000,drone3,raw,0.996322,0.599155,1.660552,0.000277,-0.003117,-0.000007,0.999995,-0.000016,0.044624,-0.000456,0.300765
1.480000,drone2,raw,0.995820,-0.000850,1.665690,0.000271,-0.001395,-0.000002,0.999999,-0.000004,0.043773,-0.000462,0.301132
1.480000,drone1,raw,0.996319,-0.600844,1.659915,0.000058,-0.003227,-0.000001,0.999995,-0.000002,0.044680,-0.000595,0.300148
1.500000,drone2,raw,0.996428,-0.000864,1.668357,0.000275,-0.001208,-0.000002,0.999999,-0.000004,0.035408,-0.000567,0.189826
1.500000,drone1,raw,0.996925,-0.600858,1.662564,0.000073,-0.003103,-0.000001,0.999995,-0.000002,0.035974,-0.000646,0.188830
1.500000,drone3,raw,0.996928,0.599141,1.663214,0.000282,-0.002998,-0.000007,0.999995,-0.000016,0.035943,-0.000562,0.189477
1.520000,drone1,raw,0.997315,-0.600872,1.662926,0.000089,-0.003044,-0.000001,0.999995,-0.000002,0.025371,-0.000696,0.075096
1.520000,drone3,raw,0.997318,0.599127,1.663589,0.000287,-0.002944,-0.000007,0.999996,-0.000016,0.025363,-0.000664,0.075767
1.520000,drone2,raw,0.996820,-0.000878,1.668736,0.000280,-0.001091,-0.000002,0.999999,-0.000004,0.025178,-0.000668,0.076090
1.540000,drone3,raw,0.997464,0.599112,1.661701,0.000292,-0.002966,-0.000007,0.999996,-0.000016,0.013172,-0.000756,-0.037896
1.540000,drone1,raw,0.997461,-0.600887,1.661024,0.000104,-0.003061,-0.000001,0.999995,-0.000002,0.013160,-0.000741,-0.038580
1.540000,drone2,raw,0.996965,-0.000893,1.666854,0.000285,-0.001051,-0.000002,0.999999,-0.000004,0.013362,-0.000758,-0.037605
1.560000,drone3,raw,0.997342,0.599097,1.657622,0.000298,-0.003069,-0.000007,0.999995,-0.000016,-0.000318,-0.000834,-0.149184
1.560000,drone2,raw,0.996843,-0.000908,1.662779,0.000290,-0.001096,-0.000002,0.999999,-0.000004,0.000261,-0.000834,-0.148927
1.560000,drone1,raw,0.997338,-0.600902,1.656931,0.000118,-0.003160,-0.000001,0.999995,-0.000002,-0.000346,-0.000778,-0.149869
1.580000,drone3,raw,0.996937,0.599082,1.651462,0.000303,-0.003259,-0.000007,0.999995,-0.000016,-0.014759,-0.000895,-0.255902
1.580000,drone2,raw,0.996437,-0.000923,1.656625,0.000295,-0.001232,-0.000002,0.999999,-0.000004,-0.013787,-0.000894,-0.255682
1.580000,drone1,raw,0.996934,-0.600917,1.650758,0.000132,-0.003345,-0.000001,0.999994,-0.000002,-0.014799,-0.000804,-0.256576
1.600000,drone2,raw,0.995744,-0.000937,1.648545,0.000300,-0.001457,-0.000002,0.999999,-0.000004,-0.028381,-0.000936,-0.355798
1.600000,drone1,raw,0.996244,-0.600931,1.642658,0.000145,-0.003620,-0.000001,0.999993,-0.000003,-0.029790,-0.000818,-0.356632
1.600000,drone3,raw,0.996246,0.599068,1.643375,0.000308,-0.003538,-0.000007,0.999994,-0.000017,-0.029742,-0.000939,-0.355982
1.620000,drone2,raw,0.994770,-0.000951,1.638727,0.000304,-0.001772,-0.000001,0.999998,-0.000004,-0.043043,-0.000960,-0.447335
1.620000,drone1,raw,0.995273,-0.600944,1.632821,0.000158,-0.003980,-0.000001,0.999992,-0.000003,-0.044830,-0.000820,-0.448099
1.620000,drone3,raw,0.995275,0.599055,1.633550,0.000312,-0.003902,-0.000007,0.999992,-0.000017,-0.044775,-0.000965,-0.447484
1.640000,drone2,raw,0.993533,-0.000963,1.627396,0.000309,-0.002169,-0.000001,0.999998,-0.000004,-0.057208,-0.000969,-0.528494
1.640000,drone1,raw,0.994042,-0.600957,1.621472,0.000170,-0.004421,-0.000001,0.999990,-0.000003,-0.059343,-0.000812,-0.529183
1.640000,drone3,raw,0.994043,0.599042,1.622212,0.000316,-0.004347,-0.000007,0.999991,-0.000017,-0.059286,-0.000975,-0.528611
1.660000,drone3,raw,0.992582,0.599031,1.609616,0.000320,-0.004861,-0.000007,0.999988,-0.000017,-0.072628,-0.000973,-0.597731
1.660000,drone2,raw,0.992067,-0.000974,1.614809,0.000312,-0.002638,-0.000001,0.999996,-0.000004,-0.070239,-0.000965,-0.597641
1.660000,drone1,raw,0.992581,-0.600968,1.608865,0.000181,-0.004931,-0.000000,0.999988,-0.000003,-0.072685,-0.000797,-0.598255
1.680000,drone3,raw,0.990937,0.599021,1.596043,0.000324,-0.005430,-0.000007,0.999985,-0.000017,-0.084114,-0.000962,-0.653417
1.680000,drone2,raw,0.990417,-0.000985,1.601245,0.000316,-0.003164,-0.000001,0.999995,-0.000004,-0.081457,-0.000953,-0.653348
1.680000,drone1,raw,0.990937,-0.600978,1.595284,0.000191,-0.005497,-0.000000,0.999985,-0.000003,-0.084169,-0.000779,-0.653892
1.700000,drone3,raw,0.989165,0.599011,1.581797,0.000327,-0.006036,-0.000006,0.999982,-0.000017,-0.093071,-0.000947,-0.694484
1.700000,drone2,raw,0.988639,-0.000994,1.587009,0.000319,-0.003729,-0.000001,0.999993,-0.000004,-0.090199,-0.000936,-0.694427
1.700000,drone1,raw,0.989166,-0.600988,1.581029,0.000201,-0.006099,-0.000000,0.999981,-0.000003,-0.093123,-0.000762,-0.694914
1.720000,drone3,raw,0.987333,0.599002,1.567196,0.000330,-0.006657,-0.000006,0.999978,-0.000017,-0.098908,-0.000932,-0.720034
1.720000,drone1,raw,0.987335,-0.600997,1.566420,0.000210,-0.006718,-0.000000,0.999977,-0.000003,-0.098956,-0.000749,-0.720427
1.720000,drone2,raw,0.986800,-0.001003,1.572418,0.000322,-0.004312,-0.000001,0.999991,-0.000004,-0.095877,-0.000920,-0.719979
1.740000,drone1,raw,0.985514,-0.601005,1.551782,0.000218,-0.007330,0.000000,0.999973,-0.000003,-0.101225,-0.000743,-0.729862
1.740000,drone3,raw,0.985510,0.598994,1.552566,0.000333,-0.007272,-0.000006,0.999974,-0.000017,-0.101181,-0.000920,-0.729494
1.740000,drone2,raw,0.984972,-0.001012,1.557798,0.000324,-0.004890,-0.000000,0.999988,-0.000004,-0.098055,-0.000908,-0.729431
1.760000,drone3,raw,0.983770,0.598985,1.538234,0.000335,-0.007858,-0.000006,0.999969,-0.000017,-0.099653,-0.000913,-0.722656
1.760000,drone2,raw,0.983226,-0.001020,1.543478,0.000327,-0.005440,-0.000000,0.999985,-0.000004,-0.096498,-0.000901,-0.722572
1.760000,drone1,raw,0.983774,-0.601014,1.537444,0.00022,,-0.007912,0.000000,0.999969,-0.000003,-0.099693,-0.000747,-0.723010
1.780000,drone2,raw,0.981630,-0.001029,1.529777,0.000329,-0.005942,0.000000,0.999982,-0.000004,-0.091220,-0.000899,-0.699585
1.780000,drone1,raw,0.982185,-0.601023,1.523724,0.000235,-0.008444,0.000001,0.999964,-0.000003,-0.094370,-0.000757,-0.700056
1.780000,drone3,raw,0.982179,0.598976,1.524521,0.000338,-0.008392,-0.000006,0.999965,-0.000017,-0.094333,-0.000911,-0.699702
1.800000,drone2,raw,0.980242,-0.001039,1.516998,0.000332,-0.006375,0.000000,0.999980,-0.000004,-0.082488,-0.000898,-0.661065
1.800000,drone1,raw,0.980802,-0.601032,1.510926,0.000243,-0.008907,0.000001,0.999960,-0.000003,-0.085522,-0.000771,-0.661592
1.800000,drone3,raw,0.980797,0.598967,1.511731,0.000341,-0.008858,-0.000006,0.999961,-0.000017,-0.085487,-0.000909,-0.661229
1.820000,drone3,raw,0.979667,0.598957,1.500143,0.000344,-0.009240,-0.000006,0.999957,-0.000017,-0.073624,-0.000904,-0.608259
1.820000,drone2,raw,0.979109,-0.001049,1.505421,0.000335,-0.006728,0.000000,0.999977,-0.000004,-0.070809,-0.000894,-0.608033
1.820000,drone1,raw,0.979673,-0.601042,1.499330,0.000250,-0.009287,0.000001,0.999957,-0.000003,-0.073657,-0.000783,-0.608636
1.840000,drone3,raw,0.978820,0.598946,1.490002,0.000347,-0.009530,-0.000005,0.999955,-0.000018,-0.059449,-0.000889,-0.542231
1.840000,drone2,raw,0.978259,-0.001060,1.495292,0.000338,-0.006989,0.000000,0.999976,-0.000004,-0.056884,-0.000881,-0.541931
1.840000,drone1,raw,0.978827,-0.601053,1.489181,0.000258,-0.009575,0.000001,0.999954,-0.000003,-0.059480,-0.000787,-0.542623
1.860000,drone3,raw,0.978269,0.598935,1.481513,0.000350,-0.009725,-0.000005,0.999953,-0.000018,-0.043798,-0.000860,-0.464986
1.860000,drone1,raw,0.978277,-0.601064,1.480684,0.000266,-0.009767,0.000001,0.999952,-0.000003,-0.043828,-0.000776,-0.465389
1.860000,drone2,raw,0.977706,-0.001071,1.486816,0.000341,-0.007156,0.000000,0.999974,-0.000004,-0.041547,-0.000853,-0.464601
1.880000,drone3,raw,0.978012,0.598924,1.474834,0.000354,-0.009824,-0.000005,0.999952,-0.000018,-0.027567,-0.000811,-0.378728
1.880000,drone2,raw,0.977448,-0.001082,1.480149,0.000344,-0.007230,0.000000,0.999974,-0.000004,-0.025686,-0.000805,-0.378250
1.880000,drone1,raw,0.978019,-0.601075,1.473997,0.000273,-0.009865,0.000001,0.999951,-0.000003,-0.027596,-0.000746,-0.379133
1.900000,drone2,raw,0.977465,-0.001092,1.475395,0.000347,-0.007216,0.000000,0.999974,-0.000004,-0.010167,-0.000737,-0.285394
1.900000,drone1,raw,0.978036,-0.601085,1.469222,0.000280,-0.009874,0.000001,0.999951,-0.000003,-0.011661,-0.000694,-0.286367
1.900000,drone3,raw,0.978029,0.598914,1.470068,0.000357,-0.009835,-0.000005,0.999952,-0.000018,-0.011633,-0.000741,-0.285970
1.920000,drone3,raw,0.978289,0.598904,1.467260,0.000359,-0.009767,-0.000006,0.999952,-0.000018,0.003209,-0.000650,-0.189460
1.920000,drone1,raw,0.978296,-0.601095,1.466407,0.000286,-0.009804,0.000001,0.999952,-0.000003,0.003184,-0.000621,-0.189837
1.920000,drone2,raw,0.977726,-0.001102,1.472601,0.000350,-0.007125,0.000000,0.999975,-0.000004,0.004228,-0.000648,-0.188785
1.940000,drone3,raw,0.978753,0.598894,1.466397,0.000362,-0.009634,-0.000006,0.999954,-0.000018,0.016304,-0.000543,-0.092096
1.940000,drone2,raw,0.978191,-0.001111,1.471752,0.000353,-0.006969,0.000000,0.999976,-0.000004,0.016855,-0.000543,-0.091326
1.940000,drone1,raw,0.978760,-0.601104,1.465538,0.000293,-0.009669,0.000001,0.999953,-0.000003,0.016282,-0.000529,-0.092443
1.960000,drone3,raw,0.979374,0.598886,1.467407,0.000364,-0.009450,-0.000006,0.999955,-0.000018,0.027171,-0.000425,0.003173
1.960000,drone2,raw,0.978814,-0.001119,1.472777,0.000355,-0.006764,0.000000,0.999977,-0.000004,0.027249,-0.000427,0.004029
1.960000,drone1,raw,0.979380,-0.601112,1.466543,0.000298,-0.009484,0.000001,0.999955,-0.000003,0.027152,-0.000425,0.002864
1.980000,drone3,raw,0.980104,0.598880,1.470161,0.000366,-0.009231,-0.000006,0.999957,-0.000018,0.035526,-0.000304,0.093441
1.980000,drone2,raw,0.979546,-0.001126,1.475546,0.000357,-0.006525,0.000000,0.999979,-0.000004,0.035142,-0.000307,0.094372
1.980000,drone1,raw,0.980110,-0.601119,1.469291,0.000303,-0.009263,0.000001,0.999957,-0.000003,0.035511,-0.000316,0.093173
2.000000,drone3,raw,0.980896,0.598874,1.474475,0.000368,-0.008992,-0.000006,0.999960,-0.000018,0.041285,-0.000188,0.175957
2.000000,drone2,raw,0.980341,-0.001132,1.479875,0.000358,-0.006266,0.000000,0.999980,-0.000004,0.040466,-0.000193,0.176948
2.000000,drone1,raw,0.980902,-0.601125,1.473601,0.000308,-0.009022,0.000001,0.999959,-0.000003,0.041274,-0.000210,0.175731
2.020000,drone3,raw,0.981707,0.598869,1.480120,0.000369,-0.008746,-0.000006,0.999962,-0.000018,0.044539,-0.000084,0.248228
2.020000,drone1,raw,0.981713,-0.601130,1.479243,0.000312,-0.008774,0.000001,0.999961,-0.000003,0.044532,-0.000114,0.248038
2.020000,drone2,raw,0.981155,-0.001137,1.485537,0.000359,-0.006002,-0.000000,0.999982,-0.000004,0.043327,-0.000090,0.249263
2.040000,drone3,raw,0.982502,0.598865,1.486829,0.000370,-0.008504,-0.000006,0.999964,-0.000018,0.045524,0.000001,0.308116
2.040000,drone2,raw,0.981952,-0.001141,1.492263,0.000360,-0.005743,-0.000000,0.999983,-0.000004,0.043975,-0.000006,0.309178
2.040000,drone1,raw,0.982507,-0.601134,1.485949,0.000316,-0.008532,0.000001,0.999964,-0.000003,0.045521,-0.000034,0.307955
2.060000,drone3,raw,0.983250,0.598861,1.494305,0.000371,-0.008278,-0.000006,0.999966,-0.000018,0.044577,0.000066,0.353920
2.060000,drone2,raw,0.982703,-0.001145,1.499755,0.000361,-0.005500,-0.000000,0.999985,-0.000004,0.042759,0.000058,0.354993
2.060000,drone1,raw,0.983255,-0.601138,1.493423,0.000319,-0.008304,0.000001,0.999965,-0.000003,0.044577,0.000027,0.353780
2.080000,drone3,raw,0.983931,0.598858,1.502233,0.000372,-0.008072,-0.000006,0.999967,-0.000018,0.042092,0.000108,0.384439
2.080000,drone2,raw,0.983387,-0.001148,1.507700,0.000362,-0.005278,-0.000000,0.999986,-0.000004,0.040084,0.000099,0.385510
2.080000,drone1,raw,0.983936,-0.601141,1.501347,0.000323,-0.008097,0.000001,0.999967,-0.000003,0.042095,0.000068,0.384311
2.100000,drone2,raw,0.983989,-0.001152,1.515773,0.000363,-0.005083,-0.000000,0.999987,-0.000004,0.036362,0.000120,0.400069
2.100000,drone1,raw,0.984536,-0.601145,1.509401,0.000326,-0.007915,0.000001,0.999969,-0.000003,0.038481,0.000089,0.398888
2.100000,drone3,raw,0.984532,0.598854,1.510289,0.000373,-0.007892,-0.000006,0.999969,-0.000018,0.038476,0.000128,0.399012
2.120000,drone3,raw,0.985045,0.598851,1.518153,0.000374,-0.007739,-0.000006,0.999970,-0.000018,0.034109,0.000131,0.397524
2.120000,drone1,raw,0.985049,-0.601148,1.517263,0.000329,-0.007762,0.000001,0.999970,-0.000003,0.034116,0.000093,0.397400
2.120000,drone2,raw,0.984504,-0.001155,1.523654,0.000364,-0.004917,-0.000000,0.999988,-0.000004,0.031977,0.000122,0.398561
2.140000,drone3,raw,0.985469,0.598848,1.525520,0.000374,-0.007615,-0.000006,0.999971,-0.000018,0.029319,0.000119,0.380389
2.140000,drone2,raw,0.984930,-0.001158,1.531039,0.000365,-0.004779,-0.000000,0.999989,-0.000004,0.027258,0.000111,0.381403
2.140000,drone1,raw,0.985473,-0.601151,1.524628,0.000332,-0.007636,0.000001,0.999971,-0.000003,0.029327,0.000085,0.380263
2.160000,drone3,raw,0.985807,0.598844,1.532107,0.000375,-0.007518,-0.000006,0.999972,-0.000018,0.024361,0.000098,0.348506
2.160000,drone2,raw,0.985269,-0.001162,1.537642,0.000366,-0.004670,-0.000000,0.999989,-0.000004,0.022455,0.000090,0.349494
2.160000,drone1,raw,0.985811,-0.601154,1.531211,0.000335,-0.007538,0.000001,0.999972,-0.000003,0.024369,0.000068,0.348379
2.180000,drone3,raw,0.986063,0.598841,1.537658,0.000376,-0.007446,-0.000006,0.999972,-0.000018,0.019410,0.000071,0.303192
2.180000,drone2,raw,0.985526,-0.001165,1.543211,0.000367,-0.004596,-0.000000,0.999989,-0.000004,0.017741,0.000064,0.304150
2.180000,drone1,raw,0.986067,-0.601157,1.536761,0.000338,-0.007465,0.000001,0.999972,-0.000003,0.019419,0.000047,0.303068
2.200000,drone2,raw,0.985706,-0.001168,1.547527,0.000367,-0.004556,-0.000000,0.999990,-0.000004,0.013210,0.000036,0.247023
2.200000,drone1,raw,0.986247,-0.601160,1.541058,0.000341,-0.007417,0.000001,0.999972,-0.000003,0.014577,0.000023,0.245983
2.200000,drone3,raw,0.986243,0.598839,1.541958,0.000377,-0.007399,-0.000006,0.999973,-0.000018,0.014568,0.000042,0.246099
2.220000,drone3,raw,0.986352,0.598836,1.544829,0.000378,-0.007373,-0.000006,0.999973,-0.000018,0.009871,0.000012,0.179132
2.220000,drone2,raw,0.985815,-0.001170,1.550415,0.000368,-0.004548,-0.000000,0.999990,-0.000004,0.008885,0.000008,0.180026
2.220000,drone1,raw,0.986356,-0.601162,1.543927,0.000343,-0.007391,0.000001,0.999973,-0.000003,0.009879,-0.000001,0.179030
2.240000,drone2,raw,0.985857,-0.001171,1.551738,0.000368,-0.004570,-0.000000,0.999989,-0.000004,0.004736,-0.000019,0.105228
2.240000,drone1,raw,0.986398,-0.601164,1.545232,0.000345,-0.007385,0.000001,0.999973,-0.000003,0.005313,-0.000024,0.104278
2.240000,drone3,raw,0.986394,0.598835,1.546135,0.000378,-0.007369,-0.000006,0.999973,-0.000018,0.005305,-0.000016,0.104359
2.260000,drone3,raw,0.986371,0.598834,1.545787,0.000379,-0.007385,-0.000006,0.999973,-0.000018,0.000825,-0.000044,0.023941
2.260000,drone2,raw,0.985834,-0.001172,1.551407,0.000369,-0.004621,-0.000000,0.999989,-0.000004,0.000698,-0.000044,0.024789
2.260000,drone1,raw,0.986375,-0.601165,1.544883,0.000347,-0.007400,0.000001,0.999973,-0.000002,0.000832,-0.000045,0.023885
2.280000,drone2,raw,0.985747,-0.001172,1.549373,0.000369,-0.004699,-0.000000,0.999989,-0.000004,-0.003308,-0.000068,-0.059108
2.280000,drone3,raw,0.986284,0.598834,1.543736,0.000379,-0.007420,-0.000006,0.999972,-0.000017,-0.003634,-0.000070,-0.059937
2.280000,drone1,raw,0.986288,-0.601165,1.542832,0.000349,-0.007435,0.000001,0.999972,-0.000002,-0.003627,-0.000066,-0.059964
2.300000,drone2,raw,0.985594,-0.001172,1.545632,0.000369,-0.004805,0.000000,0.999988,-0.000004,-0.007364,-0.000092,-0.144298
2.300000,drone1,raw,0.986136,-0.601164,1.539074,0.000350,-0.007490,0.000001,0.999972,-0.000002,-0.008130,-0.000086,-0.145105
2.300000,drone3,raw,0.986132,0.598835,1.539978,0.000378,-0.007476,-0.000006,0.999972,-0.000017,-0.008137,-0.000095,-0.145111
2.320000,drone3,raw,0.985912,0.598836,1.534551,0.000378,-0.007552,-0.000006,0.999971,-0.000017,-0.012738,-0.000120,-0.229469
2.320000,drone1,raw,0.985917,-0.601163,1.533648,0.000351,-0.007565,0.000002,0.999971,-0.000002,-0.012730,-0.000107,-0.229432
2.320000,drone2,raw,0.985374,-0.001170,1.540222,0.000368,-0.004939,0.000000,0.999988,-0.000003,-0.011542,-0.000115,-0.228672
2.340000,drone2,raw,0.985082,-0.001168,1.533218,0.000367,-0.005101,0.000000,0.999987,-0.000003,-0.015891,-0.000139,-0.310203
2.340000,drone3,raw,0.985621,0.598838,1.527530,0.000377,-0.007649,-0.000006,0.999971,-0.000017,-0.017472,-0.000146,-0.310985
2.340000,drone1,raw,0.985627,-0.601161,1.526629,0.000351,-0.007662,0.000002,0.999971,-0.000002,-0.017465,-0.000129,-0.310918
2.360000,drone3,raw,0.985256,0.598841,1.519029,0.000376,-0.007770,-0.000006,0.999970,-0.000017,-0.022348,-0.000172,-0.387735
2.360000,drone1,raw,0.985262,-0.601158,1.518130,0.000352,-0.007782,0.000002,0.999970,-0.000002,-0.022340,-0.000152,-0.387640
2.360000,drone2,raw,0.984716,-0.001165,1.524735,0.000366,-0.005293,0.000000,0.999986,-0.000004,-0.020430,-0.000164,-0.386969
2.380000,drone1,raw,0.984819,-0.601155,1.508302,0.000352,-0.007925,0.000002,0.999969,-0.000002,-0.027330,-0.000176,-0.457802
2.380000,drone3,raw,0.984813,0.598844,1.509198,0.000375,-0.007914,-0.000005,0.999969,-0.000017,-0.027338,-0.000199,-0.457921
2.380000,drone2,raw,0.984271,-0.001162,1.514922,0.000365,-0.005514,0.000000,0.999985,-0.000004,-0.025143,-0.000189,-0.457172
2.400000,drone2,raw,0.983747,-0.001159,1.503957,0.000364,-0.005766,0.000000,0.999983,-0.000004,-0.029971,-0.000215,-0.519168
2.400000,drone3,raw,0.984291,0.598847,1.498215,0.000374,-0.008081,-0.000005,0.999967,-0.000017,-0.032377,-0.000226,-0.519900
2.400000,drone1,raw,0.984298,-0.601151,1.497322,0.000352,-0.008092,0.000002,0.999967,-0.000002,-0.032368,-0.000201,-0.519762
2.420000,drone3,raw,0.983690,0.598851,1.486288,0.000372,-0.008273,-0.000005,0.999966,-0.000017,-0.037355,-0.000251,-0.572219
2.420000,drone1,raw,0.983697,-0.601148,1.485398,0.000351,-0.008283,0.000002,0.999966,-0.000002,-0.037345,-0.000226,-0.572066
2.420000,drone2,raw,0.983144,-0.001155,1.492047,0.000363,-0.006046,0.000000,0.999982,-0.000004,-0.034809,-0.000239,-0.571504
2.440000,drone3,raw,0.983014,0.598855,1.473645,0.000371,-0.008487,-0.000005,0.999964,-0.000017,-0.042121,-0.000274,-0.613652
2.440000,drone1,raw,0.983022,-0.601144,1.472758,0.000351,-0.008497,0.000002,0.999964,-0.000001,-0.042110,-0.000248,-0.613487
2.440000,drone2,raw,0.982466,-0.001151,1.479421,0.000361,-0.006355,0.000000,0.999980,-0.000004,-0.039509,-0.000261,-0.612953
2.460000,drone3,raw,0.982269,0.598858,1.460530,0.000369,-0.008721,-0.000005,0.999962,-0.000016,-0.046487,-0.000292,-0.643241
2.460000,drone2,raw,0.981718,-0.001148,1.466324,0.000360,-0.006689,0.000001,0.999978,-0.000004,-0.043879,-0.000278,-0.642554
2.460000,drone1,raw,0.982277,-0.601140,1.459647,0.000350,-0.008730,0.000002,0.999962,-0.000001,-0.046475,-0.000265,-0.643067
2.480000,drone1,raw,0.981476,-0.601137,1.446320,0.000350,-0.008980,0.000003,0.999960,-0.000001,-0.050221,-0.000276,-0.660155
2.480000,drone3,raw,0.981467,0.598862,1.447200,0.000368,-0.008971,-0.000005,0.999960,-0.000016,-0.050234,-0.000301,-0.660335
2.480000,drone2,raw,0.980913,-0.001144,1.453011,0.000359,-0.007040,0.000001,0.999975,-0.000004,-0.047695,-0.000287,-0.659667
2.500000,drone3,raw,0.980623,0.598866,1.433911,0.000366,-0.009234,-0.000005,0.999957,-0.000016,-0.053125,-0.000301,-0.664626
2.500000,drone2,raw,0.980066,-0.001140,1.439739,0.000357,-0.007397,0.000001,0.999973,-0.000004,-0.050709,-0.000287,-0.663988
2.500000,drone1,raw,0.980632,-0.601133,1.433036,0.000349,-0.009243,0.000003,0.999957,-0.000001,-0.053112,-0.000277,-0.664438
2.520000,drone3,raw,0.979756,0.598870,1.420917,0.000364,-0.009502,-0.000005,0.999955,-0.000016,-0.054928,-0.000289,-0.656164
2.520000,drone1,raw,0.979766,-0.601129,1.420046,0.000348,-0.009510,0.000003,0.999955,-0.000001,-0.054914,-0.000265,-0.655966
2.520000,drone2,raw,0.979196,-0.001136,1.426760,0.000356,-0.007755,0.000001,0.999970,-0.000004,-0.052674,-0.000276,-0.655555
2.540000,drone3,raw,0.978890,0.598874,1.408459,0.000363,-0.009768,-0.000005,0.999952,-0.000016,-0.055430,-0.000263,-0.635368
2.540000,drone1,raw,0.978900,-0.601125,1.407592,0.000347,-0.009776,0.000003,0.999952,-0.000001,-0.055414,-0.000241,-0.635157
2.540000,drone2,raw,0.978327,-0.001132,1.414317,0.000354,-0.008107,0.000001,0.999967,-0.000004,-0.053367,-0.000250,-0.634780
2.560000,drone3,raw,0.978051,0.598878,1.396759,0.000361,-0.010025,-0.000005,0.999950,-0.000016,-0.054459,-0.000222,-0.603017
2.560000,drone2,raw,0.977484,-0.001128,1.402632,0.000353,-0.008445,0.000001,0.999964,-0.000004,-0.052609,-0.000211,-0.602442
2.560000,drone1,raw,0.978061,-0.601120,1.395896,0.000346,-0.010032,0.000003,0.999950,-0.000001,-0.054444,-0.000203,-0.602789
2.580000,drone3,raw,0.977264,0.598883,1.386013,0.000358,-0.010263,-0.000004,0.999947,-0.000016,-0.051907,-0.000169,-0.560228
2.580000,drone1,raw,0.977275,-0.601115,1.385155,0.000344,-0.010270,0.000003,0.999947,-0.000001,-0.051892,-0.000151,-0.559979
2.580000,drone2,raw,0.976695,-0.001123,1.391900,0.000351,-0.008760,0.000001,0.999962,-0.000005,-0.050282,-0.000158,-0.559658
2.600000,drone3,raw,0.976559,0.598889,1.376387,0.000356,-0.010474,-0.000004,0.999945,-0.000016,-0.047744,-0.000103,-0.508417
2.600000,drone2,raw,0.975987,-0.001117,1.382289,0.000349,-0.009045,0.000001,0.999959,-0.000005,-0.046346,-0.000094,-0.507844
2.600000,drone1,raw,0.976570,-0.601110,1.375535,0.000342,-0.010481,0.000003,0.999945,-0.000001,-0.047730,-0.000088,-0.508144
2.620000,drone3,raw,0.975960,0.598895,1.368011,0.000353,-0.010651,-0.000004,0.999943,-0.000016,-0.042024,-0.000028,-0.449251
2.620000,drone2,raw,0.975386,-0.001111,1.373927,0.000347,-0.009292,0.000001,0.999957,-0.000005,-0.040852,-0.000020,-0.448669
2.620000,drone1,raw,0.975971,-0.601104,1.367166,0.000340,-0.010657,0.000003,0.999943,-0.000001,-0.042011,-0.000015,-0.448951
2.640000,drone3,raw,0.975491,0.598902,1.360977,0.000350,-0.010785,-0.000004,0.999942,-0.000016,-0.034897,0.000053,-0.384587
2.640000,drone2,raw,0.974915,-0.001104,1.366906,0.000344,-0.009493,0.000001,0.999955,-0.000005,-0.033940,0.000060,-0.383992
2.640000,drone1,raw,0.975502,-0.601097,1.360139,0.000338,-0.009493,0.000001,0.999955,-0.000005,-0.033940,0.000060,-0.383992
2.660000,drone2,raw,0.974592,-0.001097,1.361278,0.000341,-0.009643,0.000001,0.999953,-0.000005,-0.025841,0.000142,-0.315799
2.660000,drone1,raw,0.975181,-0.601089,1.354504,0.000336,-0.010878,0.000003,0.999941,-0.000001,-0.026589,0.000144,-0.316054
2.660000,drone3,raw,0.975170,0.598909,1.355335,0.000347,-0.010872,-0.000004,0.999941,-0.000016,-0.026597,0.000136,-0.316410
2.680000,drone3,raw,0.975008,0.598918,1.351094,0.000344,-0.010908,-0.000004,0.999940,-0.000016,-0.017439,0.000217,-0.246765
2.680000,drone1,raw,0.975019,-0.601081,1.350271,0.000333,-0.010913,0.000003,0.999940,-0.000001,-0.017432,0.000223,-0.246383
2.680000,drone2,raw,0.974430,-0.001088,1.357050,0.000338,-0.009739,0.000001,0.999953,-0.000005,-0.016863,0.000223,-0.246138
2.700000,drone3,raw,0.975013,0.598926,1.348222,0.000340,-0.010891,-0.000004,0.999941,-0.000016,-0.007794,0.000295,-0.177689
2.700000,drone2,raw,0.974435,-0.001080,1.354191,0.000335,-0.009779,0.000001,0.999952,-0.000005,-0.007378,0.000299,-0.177048
2.700000,drone1,raw,0.975024,-0.601073,1.347407,0.000330,-0.010896,0.000003,0.999941,-0.000001,-0.007790,0.000299,-0.177284
2.720000,drone3,raw,0.975182,0.598935,1.346651,0.000337,-0.010821,-0.000004,0.999941,-0.000016,0.001925,0.000367,-0.111150
2.720000,drone2,raw,0.974605,-0.001071,1.352632,0.000331,-0.009764,0.000001,0.999952,-0.000005,0.002205,0.000370,-0.110497
2.720000,drone1,raw,0.975193,-0.601064,1.345844,0.000327,-0.010826,0.000003,0.999941,-0.000001,0.001925,0.000369,-0.110726
2.740000,drone3,raw,0.975507,0.598945,1.346273,0.000333,-0.010703,-0.000004,0.999943,-0.000016,0.011290,0.000430,-0.048984
2.740000,drone1,raw,0.975517,-0.601054,1.345476,0.000323,-0.010707,0.000003,0.999943,-0.000001,0.011288,0.000431,-0.048543
2.740000,drone2,raw,0.974931,-0.001061,1.352268,0.000328,-0.009697,0.000001,0.999953,-0.000005,0.011457,0.000433,-0.048322
2.760000,drone1,raw,0.975982,-0.601044,1.346166,0.000320,-0.010544,0.000003,0.999944,-0.000000,0.019884,0.000486,0.007610
2.760000,drone2,raw,0.975397,-0.001051,1.352961,0.000324,-0.009584,0.000001,0.999954,-0.000005,0.019967,0.000488,0.007822
2.760000,drone3,raw,0.975972,0.598954,1.346954,0.000329,-0.010540,-0.000004,0.999944,-0.000016,0.019889,0.000486,0.007156
2.780000,drone3,raw,0.976554,0.598965,1.348529,0.000325,-0.010340,-0.000004,0.999946,-0.000015,0.027352,0.000534,0.055837
2.780000,drone2,raw,0.975982,-0.001041,1.354548,0.000321,-0.009430,0.000001,0.999955,-0.000005,0.027362,0.000536,0.056504
2.780000,drone1,raw,0.976564,-0.601034,1.347751,0.000316,-0.010344,0.000003,0.999946,-0.000000,0.027345,0.000533,0.056303
2.800000,drone3,raw,0.977227,0.598975,1.350816,0.000321,-0.010111,-0.000004,0.999949,-0.000015,0.033374,0.000576,0.095885
2.800000,drone1,raw,0.977237,-0.601024,1.350047,0.000313,-0.010115,0.000003,0.999949,-0.000000,0.033366,0.000573,0.096362
2.800000,drone2,raw,0.976658,-0.001031,1.356847,0.000317,-0.009246,0.000001,0.999957,-0.000005,0.033337,0.000577,0.096549
2.820000,drone3,raw,0.977961,0.598986,1.353615,0.000317,-0.009863,-0.000004,0.999951,-0.000015,0.037739,0.000611,0.126406
2.820000,drone1,raw,0.977970,-0.601013,1.352856,0.000309,-0.009867,0.000003,0.999951,-0.000000,0.037729,0.000608,0.126894
2.820000,drone2,raw,0.977395,-0.001020,1.359658,0.000313,-0.009041,0.000000,0.999959,-0.000005,0.037672,0.000612,0.127064
2.840000,drone3,raw,0.978725,0.598997,1.356718,0.000313,-0.009606,-0.000005,0.999954,-0.000015,0.040323,0.000641,0.146801
2.840000,drone2,raw,0.978161,-0.001009,1.362773,0.000309,-0.008825,0.000000,0.999961,-0.000005,0.040242,0.000642,0.147450
2.840000,drone1,raw,0.978733,-0.601002,1.355969,0.000305,-0.009610,0.000003,0.999954,0.000000,0.040313,0.000638,0.147301
2.860000,drone2,raw,0.978925,-0.000997,1.365982,0.000305,-0.008607,0.000000,0.999963,-0.000005,0.041021,0.000669,0.157407
2.860000,drone1,raw,0.979493,-0.600990,1.359177,0.000301,-0.009354,0.000003,0.999956,0.000000,0.041094,0.000664,0.157283
2.860000,drone3,raw,0.979485,0.599008,1.359916,0.000308,-0.009351,-0.000005,0.999956,-0.000015,0.041104,0.000667,0.156768
2.880000,drone3,raw,0.980214,0.599021,1.363000,0.000304,-0.009105,-0.000005,0.999958,-0.000015,0.040149,0.000690,0.156304
2.880000,drone2,raw,0.979656,-0.000985,1.369077,0.000300,-0.008398,0.000000,0.999965,-0.000004,0.040076,0.000691,0.156932
2.880000,drone1,raw,0.980221,-0.600978,1.362272,0.000297,-0.009109,0.000003,0.999958,0.000000,0.040141,0.000687,0.156836
2.900000,drone3,raw,0.980883,0.599033,1.365770,0.000299,-0.008879,-0.000005,0.999961,-0.000015,0.037609,0.000709,0.145684
2.900000,drone1,raw,0.980891,-0.600966,1.365053,0.000293,-0.008882,0.000003,0.999961,0.000001,0.037603,0.000706,0.146234
2.900000,drone2,raw,0.980328,-0.000972,1.371858,0.000296,-0.008207,0.000000,0.999966,-0.000004,0.037553,0.000710,0.146300
2.920000,drone2,raw,0.980920,-0.000959,1.374140,0.000291,-0.008039,0.000000,0.999968,-0.000004,0.033663,0.000726,0.126047
2.920000,drone1,raw,0.981479,-0.600952,1.367335,0.000288,-0.008681,0.000003,0.999962,0.000001,0.033690,0.000722,0.126014
2.920000,drone3,raw,0.981472,0.599047,1.368040,0.000294,-0.008678,-0.000005,0.999962,-0.000014,0.033695,0.000724,0.125444
2.940000,drone3,raw,0.981963,0.599060,1.369643,0.000289,-0.008509,-0.000005,0.999964,-0.000014,0.028660,0.000736,0.096351
2.940000,drone2,raw,0.981412,-0.000945,1.375754,0.000286,-0.007901,0.000000,0.999969,-0.000004,0.028656,0.000738,0.096942
2.940000,drone1,raw,0.981970,-0.600938,1.368950,0.000283,-0.008512,0.000003,0.999964,0.000001,0.028658,0.000734,0.096943
2.960000,drone3,raw,0.982343,0.599075,1.370431,0.000284,-0.008374,-0.000005,0.999965,-0.000014,0.022781,0.000743,0.059375
2.960000,drone2,raw,0.981794,-0.000930,1.376553,0.000281,-0.007796,0.000000,0.999970,-0.000004,0.022808,0.000746,0.059955
2.960000,drone1,raw,0.982349,-0.600924,1.369750,0.000278,-0.008377,0.000003,0.999965,0.000001,0.022782,0.000742,0.059989
2.980000,drone3,raw,0.982605,0.599090,1.370280,0.000279,-0.008277,-0.000005,0.999966,-0.000014,0.016335,0.000746,0.015650
2.980000,drone1,raw,0.982612,-0.600909,1.369613,0.000273,-0.008280,0.000003,0.999966,0.000001,0.016339,0.000746,0.016285
2.980000,drone2,raw,0.982058,-0.000915,1.376413,0.000276,-0.007727,0.000000,0.999970,-0.000004,0.016394,0.000750,0.016218
3.000000,drone3,raw,0.982748,0.599105,1.369095,0.000273,-0.008218,-0.000005,0.999966,-0.000014,0.009591,0.000746,-0.033563
3.000000,drone1,raw,0.982755,-0.600893,1.368441,0.000268,-0.008220,0.000003,0.999966,0.000001,0.009598,0.000746,-0.032907
3.000000,drone2,raw,0.982201,-0.000900,1.375239,0.000270,-0.007695,0.000000,0.999970,-0.000004,0.009682,0.000750,-0.033005
3.020000,drone1,raw,0.982781,-0.600877,1.366166,0.000262,-0.008198,0.000003,0.999966,0.000002,0.002804,0.000743,-0.086230
3.020000,drone2,raw,0.982227,-0.000884,1.372961,0.000265,-0.007698,0.000000,0.999970,-0.000003,0.002917,0.000746,-0.086358
3.020000,drone3,raw,0.982774,0.599121,1.366806,0.000267,-0.008196,-0.000005,0.999966,-0.000013,0.002795,0.000742,-0.086905
3.040000,drone2,raw,0.982142,-0.000867,1.369540,0.000259,-0.007735,0.000000,0.999970,-0.000003,-0.003685,0.000741,-0.142422
3.040000,drone3,raw,0.982689,0.599138,1.363375,0.000262,-0.008208,-0.000004,0.999966,-0.000013,-0.003836,0.000736,-0.142960
3.040000,drone1,raw,0.982695,-0.600861,1.362748,0.000257,-0.008211,0.000003,0.999966,0.000002,-0.003825,0.000737,-0.142267
3.060000,drone2,raw,0.981954,-0.000850,1.364966,0.000253,-0.007803,0.000000,0.999970,-0.000003,-0.009937,0.000733,-0.199751
3.060000,drone3,raw,0.982501,0.599155,1.358789,0.000256,-0.008253,-0.000004,0.999966,-0.000013,-0.010114,0.000728,-0.200280
3.060000,drone1,raw,0.982508,-0.600844,1.358177,0.000251,-0.008255,0.000003,0.999966,0.000002,-0.010100,0.000730,-0.199571
3.080000,drone2,raw,0.981675,-0.000833,1.359256,0.000247,-0.007898,0.000000,0.999969,-0.000003,-0.015681,0.000726,-0.256896
3.080000,drone1,raw,0.982231,-0.600827,1.352471,0.000245,-0.008328,0.000003,0.999965,0.000002,-0.015866,0.000723,-0.256693
3.080000,drone3,raw,0.982224,0.599172,1.353069,0.000249,-0.008326,-0.000004,0.999965,-0.000013,-0.015881,0.000720,-0.257418
3.100000,drone2,raw,0.981320,-0.000815,1.352457,0.000241,-0.008015,0.000001,0.999968,-0.000003,-0.020790,0.000719,-0.312430
3.100000,drone1,raw,0.981877,-0.600809,1.345677,0.000239,-0.008424,0.000003,0.999964,0.000003,-0.020994,0.000716,-0.312206
3.100000,drone3,raw,0.981870,0.599190,1.346259,0.000243,-0.008422,-0.000004,0.999965,-0.000013,-0.021011,0.000713,-0.312945
3.120000,drone3,raw,0.981455,0.599207,1.338434,0.000237,-0.008538,-0.000004,0.999964,-0.000012,-0.025404,0.000708,-0.365484
3.120000,drone2,raw,0.980903,-0.000797,1.344643,0.000235,-0.008151,0.000001,0.999967,-0.000003,-0.025167,0.000714,-0.364973
3.120000,drone1,raw,0.981462,-0.600792,1.337867,0.000233,-0.008539,0.000003,0.999964,0.000003,-0.025387,0.000712,-0.364730
3.140000,drone3,raw,0.980994,0.599226,1.329693,0.000230,-0.008667,-0.000004,0.999962,-0.000012,-0.028992,0.000707,-0.413725
3.140000,drone1,raw,0.981001,-0.600773,1.329141,0.000227,-0.008668,0.000003,0.999962,0.000003,-0.028974,0.000710,-0.412956
3.140000,drone2,raw,0.980441,-0.000779,1.335912,0.000228,-0.008299,0.000001,0.999966,-0.000002,-0.028743,0.000713,-0.413216
3.160000,drone3,raw,0.980503,0.599244,1.320157,0.000224,-0.008804,-0.000004,0.999961,-0.000012,-0.031734,0.000709,-0.456455
3.160000,drone1,raw,0.980510,-0.600755,1.319621,0.000220,-0.008806,0.000004,0.999961,0.000003,-0.031716,0.000713,-0.455671
3.160000,drone2,raw,0.979948,-0.000760,1.326386,0.000222,-0.008454,0.000001,0.999964,-0.000002,-0.031477,0.000716,-0.455948
3.180000,drone3,raw,0.979997,0.599263,1.309969,0.000217,-0.008946,-0.000004,0.999960,-0.000012,-0.033616,0.000716,-0.492585
3.180000,drone1,raw,0.980004,-0.600736,1.309449,0.000214,-0.008947,0.000004,0.999960,0.000003,-0.033598,0.000720,-0.491785
3.180000,drone2,raw,0.979440,-0.000741,1.316209,0.000215,-0.008613,0.000001,0.999963,-0.000002,-0.033354,0.000723,-0.492078
3.200000,drone2,raw,0.978932,-0.000722,1.305539,0.000208,-0.008770,0.000001,0.999962,-0.000002,-0.034387,0.000735,-0.520669
3.200000,drone1,raw,0.979498,-0.600717,1.298785,0.000207,-0.009088,0.000004,0.999959,0.000004,-0.034632,0.000732,-0.520362
3.200000,drone3,raw,0.979490,0.599282,1.299288,0.000210,-0.009087,-0.000004,0.999959,-0.000012,-0.034650,0.000728,-0.521178
3.220000,drone3,raw,0.978996,0.599302,1.288288,0.000203,-0.009223,-0.000004,0.999957,-0.000011,-0.034874,0.000745,-0.541478
3.220000,drone2,raw,0.978436,-0.000702,1.294549,0.000201,-0.008922,0.000001,0.999960,-0.000002,-0.034613,0.000752,-0.540967
3.220000,drone1,raw,0.979004,-0.600697,1.287801,0.000200,-0.009224,0.000004,0.999957,0.000004,-0.034856,0.000749,-0.540647
3.240000,drone3,raw,0.978525,0.599322,1.277149,0.000196,-0.009350,-0.000004,0.999956,-0.000011,-0.034344,0.000766,-0.552941
3.240000,drone1,raw,0.978533,-0.600677,1.276680,0.000193,-0.009352,0.000004,0.999956,0.000004,-0.034326,0.000770,-0.552093
3.240000,drone2,raw,0.977964,-0.000682,1.283421,0.000194,-0.009064,0.000001,0.999959,-0.000001,-0.034089,0.000773,-0.552426
3.260000,drone2,raw,0.977524,-0.000662,1.272339,0.000187,-0.009194,0.000001,0.999958,-0.000001,-0.032887,0.000799,-0.554738
3.260000,drone3,raw,0.978087,0.599342,1.266057,0.000189,-0.009467,-0.000004,0.999955,-0.000011,-0.033133,0.000792,-0.555258
3.260000,drone1,raw,0.978095,-0.600657,1.265605,0.000186,-0.009468,0.000004,0.999955,0.000004,-0.033117,0.000796,-0.554393
3.280000,drone2,raw,0.977124,-0.000641,1.261488,0.000180,-0.009310,0.000001,0.999957,-0.000001,-0.031090,0.000828,-0.547849
3.280000,drone1,raw,0.977696,-0.600636,1.254760,0.000179,-0.009571,0.000004,0.999954,0.000004,-0.031309,0.000824,-0.547494
3.280000,drone3,raw,0.977688,0.599363,1.255194,0.000181,-0.009569,-0.000004,0.999954,-0.000011,-0.031325,0.000821,-0.548375
3.300000,drone3,raw,0.977335,0.599384,1.244738,0.000174,-0.009657,-0.000004,0.999953,-0.000011,-0.029004,0.000852,-0.532507
3.300000,drone2,raw,0.976769,-0.000620,1.251043,0.000172,-0.009411,0.000001,0.999956,-0.000001,-0.028783,0.000859,-0.531977
3.300000,drone1,raw,0.977343,-0.600615,1.244322,0.000171,-0.009658,0.000004,0.999953,0.000005,-0.028988,0.000856,-0.531611
3.320000,drone3,raw,0.977031,0.599406,1.234852,0.000166,-0.009728,-0.000004,0.999953,-0.000010,-0.026252,0.000886,-0.508141
3.320000,drone2,raw,0.976464,-0.000598,1.241168,0.000165,-0.009493,0.000001,0.999955,-0.000001,-0.026046,0.000892,-0.507606
3.320000,drone1,raw,0.977039,-0.600593,1.234455,0.000164,-0.009729,0.000004,0.999953,0.000005,-0.026237,0.000889,-0.507230
3.340000,drone3,raw,0.976780,0.599427,1.225683,0.000158,-0.009781,-0.000004,0.999952,-0.000010,-0.023142,0.000920,-0.476025
3.340000,drone1,raw,0.976787,-0.600572,1.225304,0.000156,-0.009782,0.000004,0.999952,0.000005,-0.023128,0.000923,-0.475100
3.340000,drone2,raw,0.976213,-0.000577,1.232009,0.000157,-0.009558,0.000001,0.999954,-0.000001,-0.022953,0.000927,-0.475484
3.360000,drone3,raw,0.976584,0.599449,1.217354,0.000151,-0.009816,-0.000003,0.999952,-0.000010,-0.019738,0.000955,-0.437147
3.360000,drone2,raw,0.976016,-0.000554,1.223692,0.000149,-0.009604,0.000001,0.999954,-0.000000,-0.019565,0.000962,-0.436602
3.360000,drone1,raw,0.976591,-0.600550,1.216994,0.000148,-0.009817,0.000004,0.999952,0.000005,-0.019724,0.000957,-0.436209
3.380000,drone2,raw,0.975877,-0.000532,1.216314,0.000141,-0.009631,0.000001,0.999954,-0.000000,-0.015932,0.000996,-0.392158
3.380000,drone1,raw,0.976452,-0.600527,1.209624,0.000140,-0.009833,0.000004,0.999952,0.000005,-0.016075,0.000992,-0.391758
3.380000,drone3,raw,0.976445,0.599472,1.209965,0.000143,-0.009832,-0.000003,0.999952,-0.000010,-0.016088,0.000990,-0.392708
3.400000,drone2,raw,0.975797,-0.000509,1.209944,0.000133,-0.009638,0.000001,0.999954,0.000000,-0.012093,0.001031,-0.343520
3.400000,drone1,raw,0.976372,-0.600505,1.203263,0.000132,-0.009830,0.000004,0.999952,0.000006,-0.012221,0.001026,-0.343113
3.400000,drone3,raw,0.976365,0.599494,1.203584,0.000134,-0.009829,-0.000003,0.999952,-0.000009,-0.012234,0.001024,-0.344075
3.420000,drone3,raw,0.976347,0.599517,1.198251,0.000126,-0.009807,-0.000003,0.999952,-0.000009,-0.008211,0.001058,-0.292735
3.420000,drone2,raw,0.975779,-0.000486,1.204622,0.000125,-0.009625,0.000001,0.999954,0.000000,-0.008084,0.001065,-0.292176
3.420000,drone1,raw,0.976354,-0.600482,1.197949,0.000124,-0.009807,0.000004,0.999952,0.000006,-0.008199,0.001060,-0.291762
3.440000,drone1,raw,0.976398,-0.600459,1.193691,0.000116,-0.009764,0.000004,0.999952,0.000006,-0.004045,0.001092,-0.239257
3.440000,drone3,raw,0.976391,0.599540,1.193973,0.000118,-0.009763,-0.000003,0.999952,-0.000009,-0.004057,0.001091,-0.240243
3.440000,drone2,raw,0.975824,-0.000463,1.200356,0.000117,-0.009590,0.000001,0.999954,0.000001,-0.003942,0.001097,-0.239679
3.460000,drone3,raw,0.976501,0.599564,1.190727,0.000110,-0.009699,-0.000003,0.999953,-0.000009,0.000185,0.001123,-0.188158
3.460000,drone2,raw,0.975934,-0.000439,1.197121,0.000108,-0.009535,0.000001,0.999955,0.000001,0.000291,0.001129,-0.187589
3.460000,drone1,raw,0.976508,-0.600435,1.190464,0.000108,-0.009700,0.000004,0.999953,0.000006,0.000197,0.001124,-0.187161
3.480000,drone1,raw,0.976683,-0.600411,1.188216,0.000099,-0.009615,0.000004,0.999954,0.000007,0.004470,0.001154,-0.136985
3.480000,drone2,raw,0.976111,-0.000415,1.194863,0.000100,-0.009458,0.000001,0.999955,0.000001,0.004558,0.001160,-0.137421
3.480000,drone3,raw,0.976677,0.599588,1.188458,0.000101,-0.009614,-0.000003,0.999954,-0.000009,0.004458,0.001154,-0.137995
3.500000,drone3,raw,0.976918,0.599612,1.187087,0.000093,-0.009508,-0.000003,0.999955,-0.000008,0.008689,0.001183,-0.091167
3.500000,drone2,raw,0.976354,-0.000391,1.193504,0.000091,-0.009359,0.000001,0.999956,0.000001,0.008786,0.001188,-0.090588
3.500000,drone1,raw,0.976925,-0.600387,1.186866,0.000091,-0.009509,0.000004,0.999955,0.000007,0.008701,0.001183,-0.090144
3.520000,drone2,raw,0.976662,-0.000366,1.192939,0.000083,-0.009240,0.000001,0.999957,0.000001,0.012884,0.001215,-0.048356
3.520000,drone1,raw,0.977232,-0.600363,1.186310,0.000082,-0.009383,0.000004,0.999956,0.000007,0.012799,0.001210,-0.047906
3.520000,drone3,raw,0.977225,0.599636,1.186510,0.000084,-0.009382,-0.000003,0.999956,-0.000008,0.012787,0.001210,-0.048941
3.540000,drone3,raw,0.977594,0.599661,1.186604,0.000075,-0.009236,-0.000003,0.999957,-0.00000,0.016745,0.001240,-0.011809
3.540000,drone3,raw,0.977594,0.599661,1.186604,0.000075,-0.009236,-0.000003,0.999957,-0.000008,0.016647,0.001234,-0.012399
3.540000,drone1,raw,0.977600,-0.600338,1.186424,0.000073,-0.009236,0.000004,0.999957,0.000007,0.016658,0.001234,-0.011350
3.560000,drone2,raw,0.977459,-0.000316,1.193681,0.000065,-0.008944,0.000002,0.999960,0.000002,0.020252,0.001262,0.018188
3.560000,drone1,raw,0.978024,-0.600313,1.187071,0.000065,-0.009073,0.000004,0.999959,0.000008,0.020161,0.001256,0.018654
3.560000,drone3,raw,0.978018,0.599687,1.187229,0.000066,-0.009072,-0.000003,0.999959,-0.000008,0.020149,0.001257,0.017592
3.580000,drone2,raw,0.977934,-0.000290,1.194701,0.000056,-0.008771,0.000002,0.999962,0.000002,0.023282,0.001282,0.040999
3.580000,drone3,raw,0.978491,0.599712,1.188236,0.000057,-0.008893,-0.000003,0.999960,-0.000007,0.023174,0.001276,0.040398
3.580000,drone1,raw,0.978497,-0.600287,1.188100,0.000056,-0.008894,0.000004,0.999960,0.000008,0.023186,0.001276,0.041472
3.600000,drone1,raw,0.979008,-0.600261,1.189357,0.000047,-0.008703,0.000004,0.999962,0.000008,0.025616,0.001293,0.056713
3.600000,drone3,raw,0.979003,0.599738,1.189472,0.000048,-0.008702,-0.000003,0.999962,-0.000007,0.025603,0.001293,0.055628
3.600000,drone2,raw,0.978448,-0.000264,1.195948,0.000047,-0.008587,0.000002,0.999963,0.000002,0.025717,0.001299,0.056232
3.620000,drone2,raw,0.978989,-0.000238,1.197269,0.000038,-0.008393,0.000002,0.999965,0.000003,0.027453,0.001313,0.063738
3.620000,drone1,raw,0.979546,-0.600235,1.190687,0.000037,-0.008504,0.000004,0.999964,0.000008,0.027346,0.001307,0.064226
3.620000,drone3,raw,0.979541,0.599764,1.190780,0.000039,-0.008503,-0.000003,0.999964,-0.000007,0.027333,0.001308,0.063129
3.640000,drone3,raw,0.980091,0.599791,1.192010,0.000030,-0.008301,-0.000003,0.999966,-0.000007,0.028283,0.001320,0.062983
3.640000,drone2,raw,0.979542,-0.000212,1.198511,0.000029,-0.008196,0.000002,0.999966,0.000003,0.028407,0.001326,0.063594
3.640000,drone1,raw,0.980097,-0.600208,1.191940,0.000028,-0.008301,0.000005,0.999966,0.000009,0.028296,0.001319,0.064089
3.660000,drone1,raw,0.980645,-0.600182,1.192970,0.000019,-0.008099,0.000005,0.999967,0.000009,0.028412,0.001330,0.056597
3.660000,drone2,raw,0.980093,-0.000185,1.199531,0.000019,-0.007999,0.000002,0.999968,0.000003,0.028526,0.001336,0.056095
3.660000,drone3,raw,0.980640,0.599817,1.193018,0.000020,-0.008099,-0.000003,0.999967,-0.000006,0.028398,0.001331,0.055482
3.680000,drone2,raw,0.980627,-0.000158,1.200197,0.000010,-0.007808,0.000002,0.999970,0.000003,0.027788,0.001346,0.041724
3.680000,drone1,raw,0.981176,-0.600155,1.193647,0.000010,-0.007903,0.000005,0.999969,0.000009,0.027673,0.001340,0.042233
3.680000,drone3,raw,0.981171,0.599844,1.193672,0.000011,-0.007902,-0.000003,0.999969,-0.000006,0.027659,0.001341,0.041109
3.700000,drone2,raw,0.981128,-0.000131,1.200392,0.000000,-0.007626,0.000002,0.999971,0.000004,0.026208,0.001356,0.021129
3.700000,drone1,raw,0.981675,-0.600128,1.193852,0.000000,-0.007717,0.000005,0.999970,0.000009,0.026094,0.001350,0.021644
3.700000,drone3,raw,0.981670,0.599871,1.193855,0.000001,-0.007716,-0.000003,0.999970,-0.000006,0.026080,0.001350,0.020513
3.720000,drone2,raw,0.981583,-0.000103,1.200015,-0.000009,-0.007459,0.000002,0.999972,0.000004,0.023834,0.001366,-0.004906
3.720000,drone1,raw,0.982127,-0.600101,1.193486,-0.000009,-0.007545,0.000005,0.999972,0.000010,0.023724,0.001360,-0.004384
3.720000,drone3,raw,0.982122,0.599899,1.193466,-0.000008,-0.007545,-0.000003,0.999972,-0.000006,0.023709,0.001360,-0.005523
3.740000,drone2,raw,0.981979,-0.000075,1.198985,-0.000019,-0.007311,0.000002,0.999973,0.000004,0.020747,0.001377,-0.035492
3.740000,drone3,raw,0.982516,0.599926,1.192423,-0.000018,-0.007392,-0.000003,0.999973,-0.000005,0.020627,0.001371,-0.036109
3.740000,drone1,raw,0.982521,-0.600073,1.192466,-0.000019,-0.007393,0.000005,0.999973,0.000010,0.020642,0.001371,-0.034963
3.760000,drone2,raw,0.982305,-0.000048,1.197239,-0.000028,-0.007184,0.000002,0.999974,0.000004,0.017053,0.001390,-0.069662
3.760000,drone1,raw,0.982846,-0.600045,1.190731,-0.000028,-0.007262,0.000005,0.999974,0.000010,0.016956,0.001384,-0.069126
3.760000,drone3,raw,0.982841,0.599954,1.190665,-0.000027,-0.007262,-0.000003,0.999974,-0.000005,0.016941,0.001384,-0.070279
3.780000,drone1,raw,0.983095,-0.600017,1.188240,-0.000038,-0.007156,0.000005,0.999974,0.000010,0.012796,0.001399,-0.105851
3.780000,drone2,raw,0.982555,-0.000020,1.194737,-0.000038,-0.007082,0.000002,0.999975,0.000005,0.012883,0.001405,-0.106395
3.780000,drone3,raw,0.983089,0.599982,1.188150,-0.000037,-0.007155,-0.000003,0.999974,-0.000005,0.012780,0.001399,-0.107014
3.800000,drone1,raw,0.983261,-0.599989,1.184973,-0.000048,-0.007075,0.000005,0.999975,0.000011,0.008308,0.001416,-0.144096
3.800000,drone3,raw,0.983256,0.600010,1.184859,-0.000047,-0.007075,-0.000003,0.999975,-0.000005,0.008292,0.001416,-0.145267
3.800000,drone2,raw,0.982722,0.000009,1.191459,-0.000048,-0.007005,0.000002,0.999975,0.000005,0.008383,0.001423,-0.144647
3.820000,drone1,raw,0.983344,-0.599961,1.180930,-0.000058,-0.007021,0.000005,0.999975,0.000011,0.003649,0.001436,-0.182808
3.820000,drone3,raw,0.983339,0.600038,1.180793,-0.000057,-0.007020,-0.000003,0.999975,-0.000004,0.003633,0.001436,-0.183989
3.820000,drone2,raw,0.982806,0.000037,1.187405,-0.000058,-0.006954,0.000002,0.999976,0.000005,0.003711,0.001442,-0.183368
3.840000,drone2,raw,0.982807,0.000066,1.182598,-0.000068,-0.006929,0.000002,0.999976,0.000005,-0.000969,0.001465,-0.221525
3.840000,drone1,raw,0.983344,-0.599932,1.176135,-0.000068,-0.006993,0.000005,0.999976,0.000011,-0.001017,0.001458,-0.220957
3.840000,drone3,raw,0.983339,0.600067,1.175974,-0.000067,-0.006992,-0.000002,0.999976,-0.000004,-0.001033,0.001458,-0.222148
3.860000,drone2,raw,0.982729,0.000096,1.177078,-0.000078,-0.006928,0.000002,0.999976,0.000006,-0.005493,0.001489,-0.258120
3.860000,drone1,raw,0.983267,-0.599903,1.170626,-0.000078,-0.006989,0.000005,0.999976,0.000011,-0.005528,0.001482,-0.257545
3.860000,drone3,raw,0.983262,0.600096,1.170441,-0.000077,-0.006989,-0.000002,0.999976,-0.000004,-0.005544,0.001482,-0.258746
3.880000,drone2,raw,0.982581,0.000125,1.170905,-0.000088,-0.006950,0.000002,0.999976,0.000006,-0.009703,0.001514,-0.292212
3.880000,drone1,raw,0.983119,-0.599873,1.164465,-0.000088,-0.007007,0.000005,0.999975,0.000012,-0.009726,0.001508,-0.291629
3.880000,drone3,raw,0.983113,0.600126,1.164256,-0.000087,-0.007007,-0.000002,0.999975,-0.000003,-0.009742,0.001507,-0.292840
3.900000,drone1,raw,0.982909,-0.599844,1.157727,-0.000098,-0.007045,0.000005,0.999975,0.000012,-0.013462,0.001534,-0.322337
3.900000,drone3,raw,0.982904,0.600155,1.157493,-0.000097,-0.007044,-0.000002,0.999975,-0.000003,-0.013478,0.001533,-0.323558
3.900000,drone2,raw,0.982371,0.000155,1.164155,-0.000098,-0.006990,0.000002,0.999976,0.000006,-0.013451,0.001540,-0.322928
3.920000,drone2,raw,0.982112,0.000185,1.156918,-0.000108,-0.007045,0.000002,0.999975,0.000007,-0.016604,0.001566,-0.349481
3.920000,drone1,raw,0.982651,-0.599814,1.150502,-0.000108,-0.007097,0.000005,0.999975,0.000012,-0.016605,0.001559,-0.348884
3.920000,drone3,raw,0.982646,0.600185,1.150243,-0.000107,-0.007097,-0.000002,0.999975,-0.000003,-0.016620,0.001559,-0.350114
3.940000,drone1,raw,0.982358,-0.599784,1.142894,-0.000119,-0.007160,0.000005,0.999974,0.000012,-0.019045,0.001584,-0.370588
3.940000,drone3,raw,0.982353,0.600215,1.142610,-0.000118,-0.007160,-0.000002,0.999974,-0.000003,-0.019060,0.001583,-0.371827
3.940000,drone2,raw,0.981819,0.000215,1.149298,-0.000119,-0.007111,0.000003,0.999975,0.000007,-0.019052,0.001591,-0.371192
3.960000,drone2,raw,0.981505,0.000246,1.141408,-0.000129,-0.007182,0.000003,0.999974,0.000007,-0.020712,0.001614,-0.387495
3.960000,drone1,raw,0.982045,-0.599753,1.135016,-0.000129,-0.007230,0.000005,0.999974,0.000013,-0.020699,0.001607,-0.386886
3.960000,drone3,raw,0.982040,0.600246,1.134708,-0.000128,-0.007229,-0.000002,0.999974,-0.000002,-0.020714,0.001606,-0.388132
3.980000,drone2,raw,0.981186,0.000276,1.133369,-0.000139,-0.007255,0.000003,0.999974,0.000007,-0.021533,0.001634,-0.397959
3.980000,drone1,raw,0.981728,-0.599723,1.126989,-0.000139,-0.007300,0.000006,0.999973,0.000013,-0.021517,0.001628,-0.397347
3.980000,drone3,raw,0.981723,0.600276,1.126656,-0.000139,-0.007299,-0.000002,0.999973,-0.000002,-0.021532,0.001627,-0.398598
4.000000,drone3,raw,0.981416,0.600307,1.118579,-0.000149,-0.007366,-0.000002,0.999973,-0.000002,-0.021498,0.001644,-0.402940
4.000000,drone1,raw,0.981421,-0.599692,1.118938,-0.000150,-0.007366,0.000006,0.999973,0.000013,-0.021483,0.001645,-0.401683
4.000000,drone2,raw,0.980878,0.000307,1.125305,-0.000150,-0.007323,0.000003,0.999973,0.000008,-0.021500,0.001652,-0.402299
4.020000,drone2,raw,0.980596,0.000338,1.117343,-0.000160,-0.007383,0.000003,0.999973,0.000008,-0.020631,0.001666,-0.400384
4.020000,drone1,raw,0.981139,-0.599661,1.110988,-0.000160,-0.007424,0.000006,0.999972,0.000014,-0.020617,0.001660,-0.399766
4.020000,drone3,raw,0.981134,0.600338,1.110604,-0.000160,-0.007423,-0.000002,0.999972,-0.000001,-0.020632,0.001659,-0.401026
4.040000,drone2,raw,0.980351,0.000369,1.109606,-0.000171,-0.007430,0.000003,0.999972,0.000008,-0.018982,0.001677,-0.392247
4.040000,drone1,raw,0.980895,-0.599630,1.103263,-0.000171,-0.007469,0.000006,0.999972,0.000014,-0.018972,0.001671,-0.391628
4.040000,drone3,raw,0.980890,0.600369,1.102854,-0.000170,-0.007469,-0.000002,0.999972,-0.000001,-0.018987,0.001670,-0.392889
4.060000,drone1,raw,0.980699,-0.599599,1.095881,-0.000181,-0.007498,0.000006,0.999972,0.000014,-0.016633,0.001678,-0.377466
4.060000,drone3,raw,0.980694,0.600400,1.095447,-0.000181,-0.007498,-0.000002,0.999972,-0.000001,-0.016650,0.001677,-0.378729
4.060000,drone2,raw,0.980155,0.000400,1.102211,-0.000181,-0.007462,0.000003,0.999972,0.000009,-0.016637,0.001685,-0.378086
4.080000,drone1,raw,0.980561,-0.599568,1.088951,-0.000192,-0.007509,0.000006,0.999972,0.000015,-0.013712,0.001683,-0.357646
4.080000,drone2,raw,0.980017,0.000432,1.095269,-0.000192,-0.007474,0.000003,0.999972,0.000009,-0.013707,0.001689,-0.358265
4.080000,drone3,raw,0.980556,0.600431,1.088491,-0.000191,-0.007509,-0.000002,0.999972,-0.000001,-0.013729,0.001682,-0.358909
4.100000,drone2,raw,0.979941,0.000463,1.088874,-0.000202,-0.007467,0.000003,0.999972,0.000009,-0.010323,0.001691,-0.333308
4.100000,drone3,raw,0.980481,0.600462,1.082084,-0.000202,-0.007500,-0.000002,0.999972,-0.000000,-0.010354,0.001683,-0.333953
4.100000,drone1,raw,0.980485,-0.599537,1.082569,-0.000202,-0.007500,0.000006,0.999972,0.000015,-0.010336,0.001684,-0.332689
4.120000,drone2,raw,0.979933,0.000494,1.083111,-0.000213,-0.007437,0.000003,0.999972,0.000009,-0.006623,0.001690,-0.303882
4.120000,drone3,raw,0.980472,0.600493,1.076307,-0.000212,-0.007469,-0.000002,0.999972,0.000000,-0.006666,0.001682,-0.304528
4.120000,drone1,raw,0.980477,-0.599506,1.076818,-0.000213,-0.007469,0.000006,0.999972,0.000015,-0.006646,0.001683,-0.303263
4.140000,drone2,raw,0.979992,0.000526,1.078043,-0.000224,-0.007386,0.000003,0.999973,0.000010,-0.002750,0.001686,-0.270785
4.140000,drone3,raw,0.980531,0.600525,1.071226,-0.000223,-0.007416,-0.000001,0.999972,0.000000,-0.002805,0.001679,-0.271432
4.140000,drone1,raw,0.980535,-0.599474,1.071762,-0.000223,-0.007416,0.000006,0.999972,0.000015,-0.002784,0.001679,-0.270165
4.160000,drone2,raw,0.980118,0.000557,1.073716,-0.000234,-0.007314,0.000003,0.999973,0.000010,0.001158,0.001681,-0.234918
4.160000,drone1,raw,0.980660,-0.599443,1.067447,-0.000234,-0.007342,0.000006,0.999973,0.000016,0.001114,0.001674,-0.234298
4.160000,drone3,raw,0.980655,0.600556,1.066886,-0.000233,-0.007342,-0.000001,0.999973,0.000001,0.001092,0.001674,-0.235567
4.180000,drone2,raw,0.980307,0.000589,1.070156,-0.000245,-0.007221,0.000003,0.999974,0.000010,0.004977,0.001673,-0.197263
4.180000,drone1,raw,0.980848,-0.599411,1.063900,-0.000245,-0.007249,0.000006,0.999974,0.000016,0.004923,0.001666,-0.196642
4.180000,drone3,raw,0.980843,0.600588,1.063313,-0.000244,-0.007248,-0.000001,0.999974,0.000001,0.004900,0.001666,-0.197913
4.200000,drone1,raw,0.981093,-0.599380,1.061124,-0.000255,-0.007136,0.000006,0.999975,0.000016,0.008536,0.001657,-0.158226
4.200000,drone2,raw,0.980554,0.000621,1.067367,-0.000255,-0.007110,0.000004,0.999975,0.000011,0.008600,0.001664,-0.158848
4.200000,drone3,raw,0.981088,0.600619,1.060512,-0.000255,-0.007136,-0.000001,0.999975,0.000001,0.008512,0.001657,-0.159500
4.220000,drone2,raw,0.980853,0.000653,1.065334,-0.000266,-0.006983,0.000004,0.999976,0.000011,0.011940,0.001653,-0.120717
4.220000,drone1,raw,0.981391,-0.599348,1.059103,-0.000266,-0.007007,0.000006,0.999975,0.000017,0.011867,0.001646,-0.120094
4.220000,drone3,raw,0.981386,0.600651,1.058466,-0.000265,-0.007007,-0.000001,0.999975,0.000002,0.011842,0.001646,-0.121371
4.240000,drone2,raw,0.981198,0.000685,1.064020,-0.000277,-0.006841,0.000004,0.999977,0.000011,0.014931,0.001641,-0.083893
4.240000,drone1,raw,0.981734,-0.599316,1.057802,-0.000277,-0.006864,0.000007,0.999976,0.000017,0.014851,0.001634,-0.083269
4.240000,drone3,raw,0.981729,0.600683,1.057138,-0.000276,-0.006864,-0.000001,0.999976,0.000002,0.014824,0.001634,-0.084549
4.260000,drone3,raw,0.982110,0.600715,1.056475,-0.000287,-0.006708,-0.000001,0.999977,0.000002,0.017414,0.001620,-0.050005
4.260000,drone2,raw,0.981581,0.000717,1.063370,-0.000287,-0.006686,0.000004,0.999978,0.000012,0.017528,0.001627,-0.049347
4.260000,drone1,raw,0.982115,-0.599284,1.057164,-0.000287,-0.006709,0.000007,0.999977,0.000017,0.017441,0.001620,-0.048723
4.280000,drone1,raw,0.982528,-0.599252,1.057119,-0.000298,-0.006543,0.000007,0.999979,0.000018,0.019613,0.001605,-0.017341
4.280000,drone3,raw,0.982522,0.600747,1.056404,-0.000297,-0.006543,-0.000001,0.999979,0.000002,0.019585,0.001605,-0.018624
4.280000,drone2,raw,0.981996,0.000749,1.063312,-0.000298,-0.006522,0.000004,0.999979,0.000012,0.019705,0.001612,-0.017966
4.300000,drone2,raw,0.982434,0.000781,1.063760,-0.000309,-0.006351,0.000004,0.999980,0.000012,0.021452,0.001597,0.009478
4.300000,drone1,raw,0.982964,-0.599220,1.057405,-0.000309,-0.006371,0.000007,0.999980,0.000018,0.021282,0.001592,0.005753
4.300000,drone3,raw,0.982958,0.600778,1.056839,-0.000308,-0.006370,-0.000001,0.999980,0.000003,0.021326,0.001590,0.008819
4.320000,drone1,raw,0.983417,-0.599189,1.058283,-0.000319,-0.006193,0.000007,0.999981,0.000018,0.022595,0.001576,0.028833
4.320000,drone3,raw,0.983411,0.600810,1.057516,-0.000319,-0.006193,-0.000000,0.999981,0.000003,0.022569,0.001577,0.027506
4.320000,drone2,raw,0.982890,0.000813,1.064617,-0.000319,-0.006174,0.000004,0.999981,0.000012,0.022769,0.001581,0.032345
4.340000,drone1,raw,0.983881,-0.599157,1.059464,-0.000330,-0.006012,0.000007,0.999982,0.000018,0.023563,0.001558,0.051190
4.340000,drone3,raw,0.983874,0.600842,1.058671,-0.000329,-0.006012,-0.000000,0.999982,0.000003,0.023464,0.001562,0.045518
4.340000,drone2,raw,0.983356,0.000845,1.065778,-0.000330,-0.005993,0.000004,0.999982,0.000013,0.023667,0.001565,0.050150
4.360000,drone2,raw,0.983827,0.000877,1.067132,-0.000341,-0.005812,0.000005,0.999983,0.000013,0.024161,0.001553,0.062575
4.360000,drone3,raw,0.984342,0.600874,1.060020,-0.000340,-0.005829,-0.000000,0.999983,0.000004,0.024026,0.001546,0.062319
4.360000,drone1,raw,0.984349,-0.599125,1.060838,-0.000341,-0.005829,0.000007,0.999983,0.000019,0.024057,0.001545,0.063593
4.380000,drone1,raw,0.984815,-0.599093,1.062294,-0.000351,-0.005648,0.000007,0.999984,0.000019,0.024165,0.001534,0.070466
4.380000,drone2,raw,0.984295,0.000908,1.068568,-0.000351,-0.005631,0.000005,0.999984,0.000013,0.024270,0.001542,0.069468
4.380000,drone3,raw,0.984808,0.600905,1.061450,-0.000351,-0.005648,-0.000000,0.999984,0.000004,0.024135,0.001535,0.069195
4.400000,drone3,raw,0.985265,0.600937,1.062853,-0.000361,-0.005469,0.000000,0.999985,0.000004,0.023880,0.001527,0.070559
4.400000,drone1,raw,0.985273,-0.599062,1.063722,-0.000362,-0.005469,0.000008,0.999985,0.000019,0.023910,0.001527,0.071827
4.400000,drone2,raw,0.984755,0.000940,1.069976,-0.000362,-0.005453,0.000005,0.999985,0.000013,0.024013,0.001534,0.070848
4.420000,drone2,raw,0.985202,0.000971,1.071253,-0.000372,-0.005280,0.000005,0.999986,0.000014,0.023412,0.001530,0.066894
4.420000,drone1,raw,0.985717,-0.599031,1.065018,-0.000372,-0.005295,0.000008,0.999986,0.000019,0.023311,0.001523,0.067854
4.420000,drone3,raw,0.98571,-0.599031,1.065018,-0.000372,-0.005295,0.000008,0.999986,0.000019,0.023311,0.001523,0.067854
4.440000,drone3,raw,0.986135,0.600999,1.065166,-0.000382,-0.005127,0.000000,0.999987,0.000004,0.022361,0.001523,0.057614
4.440000,drone1,raw,0.986143,-0.598999,1.066086,-0.000383,-0.005127,0.000008,0.999987,0.000020,0.022391,0.001523,0.058876
4.440000,drone2,raw,0.985630,0.001003,1.072303,-0.000383,-0.005112,0.000005,0.999987,0.000014,0.022489,0.001530,0.057934
4.460000,drone3,raw,0.986537,0.601031,1.065896,-0.000393,-0.004966,0.000000,0.999988,0.000005,0.021143,0.001528,0.044093
4.460000,drone1,raw,0.986546,-0.598968,1.066841,-0.000393,-0.004966,0.000008,0.999988,0.000020,0.021171,0.001527,0.045351
4.460000,drone2,raw,0.986035,0.001034,1.073039,-0.000394,-0.004953,0.000005,0.999988,0.000014,0.021265,0.001534,0.044426
4.480000,drone3,raw,0.986911,0.601062,1.066238,-0.000403,-0.004815,0.000001,0.999988,0.000005,0.019650,0.001536,0.026598
4.480000,drone2,raw,0.986410,0.001065,1.073388,-0.000404,-0.004802,0.000005,0.999988,0.000014,0.019767,0.001543,0.026944
4.480000,drone1,raw,0.986919,-0.598937,1.067208,-0.000404,-0.004815,0.000008,0.999988,0.000020,0.019678,0.001536,0.027854
4.500000,drone3,raw,0.987251,0.601093,1.066134,-0.000414,-0.004674,0.000001,0.999989,0.000005,0.017911,0.001549,0.005794
4.500000,drone1,raw,0.987260,-0.598906,1.067129,-0.000414,-0.004674,0.000008,0.999989,0.000020,0.017938,0.001549,0.007047
4.500000,drone2,raw,0.986753,0.001097,1.073292,-0.000414,-0.004662,0.000005,0.999989,0.000015,0.018022,0.001556,0.006152
4.520000,drone3,raw,0.987555,0.601124,1.065540,-0.000424,-0.004545,0.000001,0.999990,0.000005,0.015958,0.001565,-0.017587
4.520000,drone2,raw,0.987059,0.001128,1.072706,-0.000425,-0.004534,0.000005,0.999990,0.000015,0.016062,0.001572,-0.017216
4.520000,drone1,raw,0.987565,-0.598875,1.066561,-0.000425,-0.004545,0.000008,0.999990,0.000020,0.015984,0.001565,-0.016336
4.540000,drone3,raw,0.987820,0.601155,1.064429,-0.000435,-0.004429,0.000001,0.999990,0.000006,0.013829,0.001584,-0.042763
4.540000,drone2,raw,0.987325,0.001159,1.071602,-0.000435,-0.004418,0.000006,0.999990,0.000015,0.013924,0.001591,-0.042382
4.540000,drone1,raw,0.987829,-0.598844,1.065474,-0.000435,-0.004429,0.000008,0.999990,0.000021,0.013854,0.001584,-0.041515
4.560000,drone3,raw,0.988042,0.601186,1.062787,-0.000445,-0.004326,0.000001,0.999991,0.000006,0.011565,0.001606,-0.068931
4.560000,drone1,raw,0.988052,-0.598813,1.063857,-0.000446,-0.004326,0.000009,0.999991,0.000021,0.011589,0.001606,-0.067684
4.560000,drone2,raw,0.987549,0.001190,1.069968,-0.000446,-0.004316,0.000006,0.999991,0.000015,0.011651,0.001613,-0.068539
4.580000,drone3,raw,0.988221,0.601216,1.060621,-0.000455,-0.004237,0.000001,0.999991,0.000006,0.009216,0.001628,-0.095280
4.580000,drone2,raw,0.987729,0.001221,1.067810,-0.000456,-0.004227,0.000006,0.999991,0.000015,0.009292,0.001635,-0.094879
4.580000,drone1,raw,0.988231,-0.598782,1.061716,-0.000456,-0.004237,0.000009,0.999991,0.000021,0.009238,0.001628,-0.094037
4.600000,drone3,raw,0.988357,0.601247,1.057949,-0.000466,-0.004162,0.000001,0.999991,0.000006,0.006835,0.001651,-0.121018
4.600000,drone2,raw,0.987866,0.001252,1.065146,-0.000466,-0.004153,0.000006,0.999991,0.000016,0.006903,0.001658,-0.120608
4.600000,drone1,raw,0.988367,-0.598751,1.059069,-0.000466,-0.004162,0.000009,0.999991,0.000021,0.006856,0.001651,-0.119778
4.620000,drone2,raw,0.987959,0.001283,1.062013,-0.000477,-0.004092,0.000006,0.999992,0.000016,0.004543,0.001680,-0.144968
4.620000,drone1,raw,0.988459,-0.598721,1.055951,-0.000477,-0.004101,0.000009,0.999991,0.000021,0.004504,0.001673,-0.144149
4.620000,drone3,raw,0.988449,0.601278,1.054807,-0.000476,-0.004101,0.000001,0.999991,0.000006,0.004485,0.001673,-0.145386
4.640000,drone3,raw,0.988501,0.601309,1.051243,-0.000486,-0.004053,0.000001,0.999992,0.000007,0.002228,0.001694,-0.167676
4.640000,drone2,raw,0.988012,0.001313,1.058457,-0.000487,-0.004044,0.000006,0.999992,0.000016,0.002276,0.001701,-0.167251
4.640000,drone1,raw,0.988511,-0.598690,1.052412,-0.000487,-0.004053,0.000009,0.999992,0.000022,0.002246,0.001694,-0.166444
4.660000,drone1,raw,0.988526,-0.598659,1.048511,-0.000497,-0.004016,0.000009,0.999992,0.000022,0.000149,0.001712,-0.186021
4.660000,drone3,raw,0.988515,0.601339,1.047317,-0.000497,-0.004016,0.000001,0.999992,0.000007,0.000132,0.001712,-0.187247
4.660000,drone2,raw,0.988026,0.001344,1.054540,-0.000497,-0.004008,0.000006,0.999992,0.000016,0.000172,0.001719,-0.186816
4.680000,drone3,raw,0.988497,0.601370,1.043101,-0.000507,-0.003990,0.000001,0.999992,0.000007,-0.001736,0.001727,-0.203541
4.680000,drone2,raw,0.988009,0.001375,1.050333,-0.000507,-0.003983,0.000006,0.999992,0.000016,-0.001704,0.001734,-0.203104
4.680000,drone1,raw,0.988507,-0.598629,1.044319,-0.000507,-0.003990,0.000009,0.999992,0.000022,-0.001720,0.001727,-0.202321
4.700000,drone2,raw,0.987964,0.001405,1.045913,-0.000517,-0.003965,0.000006,0.999992,0.000017,-0.003285,0.001745,-0.215650
4.700000,drone3,raw,0.988452,0.601400,1.038673,-0.000517,-0.003973,0.000002,0.999992,0.000007,-0.003310,0.001738,-0.216091
4.700000,drone1,raw,0.988462,-0.598599,1.039915,-0.000517,-0.003973,0.000009,0.999992,0.000022,-0.003295,0.001739,-0.214878
4.720000,drone2,raw,0.987899,0.001435,1.041368,-0.000527,-0.003954,0.000006,0.999992,0.000017,-0.004510,0.001752,-0.224090
4.720000,drone1,raw,0.988398,-0.598568,1.035384,-0.000527,-0.003961,0.000009,0.999992,0.000023,-0.004516,0.001746,-0.223330
4.720000,drone3,raw,0.988387,0.601430,1.034118,-0.000527,-0.003961,0.000002,0.999992,0.000007,-0.004530,0.001745,-0.224536
4.740000,drone3,raw,0.988310,0.601460,1.029526,-0.000537,-0.003954,0.000002,0.999992,0.000008,-0.005345,0.001748,-0.228626
4.740000,drone2,raw,0.987823,0.001466,1.036785,-0.000537,-0.003947,0.000006,0.999992,0.000017,-0.005328,0.001755,-0.228178
4.740000,drone1,raw,0.988321,-0.598538,1.030816,-0.000537,-0.003954,0.000009,0.999992,0.000023,-0.005331,0.001748,-0.227429
4.760000,drone3,raw,0.988230,0.601490,1.024987,-0.000547,-0.003947,0.000002,0.999992,0.000008,-0.005715,0.001745,-0.228232
4.760000,drone1,raw,0.988241,-0.598508,1.026301,-0.000547,-0.003947,0.000009,0.999992,0.000023,-0.005701,0.001745,-0.227043
4.760000,drone2,raw,0.987743,0.001496,1.032255,-0.000547,-0.003941,0.000006,0.999992,0.000017,-0.005700,0.001752,-0.227780
4.780000,drone3,raw,0.988156,0.601520,1.020591,-0.000557,-0.003938,0.000002,0.999992,0.000008,-0.005614,0.001736,-0.223342
4.780000,drone2,raw,0.987669,0.001526,1.027868,-0.000557,-0.003932,0.000007,0.999992,0.000017,-0.005599,0.001743,-0.222888
4.780000,drone1,raw,0.988167,-0.598479,1.021928,-0.000557,-0.003938,0.000009,0.999992,0.000023,-0.005600,0.001737,-0.222162
4.800000,drone3,raw,0.988096,0.601549,1.016423,-0.000566,-0.003925,0.000002,0.999992,0.000008,-0.005034,0.001723,-0.214069
4.800000,drone1,raw,0.988108,-0.598449,1.017784,-0.000567,-0.003925,0.000009,0.999992,0.000023,-0.005020,0.001723,-0.212898
4.800000,drone2,raw,0.987610,0.001555,1.023709,-0.000567,-0.003919,0.000007,0.999992,0.000018,-0.005017,0.001729,-0.213612
4.820000,drone3,raw,0.988060,0.601579,1.012564,-0.000576,-0.003905,0.000002,0.999992,0.000008,-0.003986,0.001703,-0.200640
4.820000,drone2,raw,0.987573,0.001585,1.019860,-0.000576,-0.003899,0.000007,0.999992,0.000018,-0.003965,0.001710,-0.200182
4.820000,drone1,raw,0.988071,-0.598420,1.013948,-0.000576,-0.003905,0.000010,0.999992,0.000024,-0.003971,0.001703,-0.199479
4.840000,drone1,raw,0.988065,-0.598390,1.010493,-0.000586,-0.003874,0.000010,0.999992,0.000024,-0.002482,0.001679,-0.182244
4.840000,drone2,raw,0.987568,0.001614,1.016391,-0.000586,-0.003869,0.000007,0.999992,0.000018,-0.002471,0.001685,-0.182936
4.840000,drone3,raw,0.988054,0.601608,1.009087,-0.000585,-0.003874,0.000002,0.999992,0.000009,-0.002498,0.001678,-0.183396
4.860000,drone3,raw,0.988085,0.601637,1.006053,-0.000595,-0.003832,0.000002,0.999992,0.000009,-0.000618,0.001648,-0.162776
4.860000,drone1,raw,0.988097,-0.598361,1.007482,-0.000595,-0.003832,0.000010,0.999992,0.000024,-0.000600,0.001648,-0.161633
4.860000,drone2,raw,0.987600,0.001644,1.013367,-0.000596,-0.003827,0.000007,0.999993,0.000018,-0.000583,0.001655,-0.162314
4.880000,drone3,raw,0.988160,0.601666,1.003515,-0.000604,-0.003776,0.000002,0.999993,0.000009,0.001592,0.001613,-0.139308
4.880000,drone2,raw,0.987676,0.001672,1.010838,-0.000605,-0.003771,0.000007,0.999993,0.000019,0.001636,0.001620,-0.138845
4.880000,drone1,raw,0.988172,-0.598332,1.004967,-0.000605,-0.003776,0.000010,0.999993,0.000024,0.001611,0.001613,-0.138175
4.900000,drone3,raw,0.988282,0.601695,1.001511,-0.000614,-0.003704,0.000002,0.999993,0.000009,0.004053,0.001574,-0.113593
4.900000,drone2,raw,0.987798,0.001701,1.008843,-0.000614,-0.003700,0.000007,0.999993,0.000019,0.004107,0.001580,-0.113129
4.900000,drone1,raw,0.988294,-0.598304,1.002985,-0.000614,-0.003704,0.000010,0.999993,0.000024,0.004075,0.001574,-0.112470
4.920000,drone3,raw,0.988453,0.601723,1.000066,-0.000623,-0.003618,0.000002,0.999993,0.000009,0.006679,0.001530,-0.086286
4.920000,drone2,raw,0.987971,0.001730,1.007407,-0.000624,-0.003613,0.000007,0.999993,0.000019,0.006744,0.001536,-0.085822
4.920000,drone1,raw,0.988465,-0.598275,1.001562,-0.000623,-0.003618,0.000010,0.999993,0.000025,0.006702,0.001530,-0.085174
4.940000,drone3,raw,0.988674,0.601751,0.999190,-0.000632,-0.003515,0.000003,0.999994,0.000010,0.009376,0.001483,-0.058077
4.940000,drone2,raw,0.988193,0.001758,1.006541,-0.000633,-0.003511,0.000007,0.999994,0.000019,0.009451,0.001489,-0.057614
4.940000,drone1,raw,0.988687,-0.598247,1.000708,-0.000633,-0.003515,0.000010,0.999994,0.000025,0.009401,0.001483,-0.056977
4.960000,drone3,raw,0.988943,0.601779,0.998882,-0.000641,-0.003397,0.000003,0.999994,0.000010,0.012048,0.001433,-0.029673
4.960000,drone2,raw,0.988464,0.001786,1.006242,-0.000642,-0.003393,0.000007,0.999994,0.000019,0.012135,0.001439,-0.029210
4.960000,drone1,raw,0.988956,-0.598219,1.000422,-0.000642,-0.003397,0.000010,0.999994,0.000025,0.012076,0.001433,-0.028584
4.980000,drone3,raw,0.989258,0.601806,0.999123,-0.000650,-0.003264,0.000003,0.999994,0.000010,0.014606,0.001382,-0.001772
4.980000,drone2,raw,0.988782,0.001813,1.006493,-0.000651,-0.003261,0.000008,0.999994,0.000019,0.014703,0.001388,-0.001310
4.980000,drone1,raw,0.989272,-0.598192,1.000685,-0.000650,-0.003264,0.000010,0.999994,0.000025,0.014636,0.001382,-0.000695
5.000000,drone2,raw,0.989141,0.001841,1.007263,-0.000659,-0.003115,0.000008,0.999995,0.000020,0.017071,0.001336,0.025411
5.000000,drone1,raw,0.989630,-0.598165,1.001467,-0.000659,-0.003119,0.000011,0.999995,0.000025,0.016995,0.001330,0.026015
5.000000,drone3,raw,0.989615,0.601833,0.999884,-0.000659,-0.003119,0.000003,0.999995,0.000010,0.016964,0.001330,0.024951
5.020000,drone3,raw,0.990008,0.601860,1.001123,-0.000668,-0.002961,0.000003,0.999995,0.000010,0.019049,0.001279,0.049866
5.020000,drone1,raw,0.990023,-0.598138,1.002726,-0.000668,-0.002961,0.000011,0.999995,0.000025,0.019082,0.001278,0.050918
5.020000,drone2,raw,0.989536,0.001867,1.008510,-0.000668,-0.002958,0.000008,0.999995,0.000020,0.019165,0.001284,0.050325
5.040000,drone3,raw,0.990430,0.601886,1.002785,-0.000676,-0.002795,0.000003,0.999996,0.000010,0.020801,0.001229,0.072408
5.040000,drone1,raw,0.990446,-0.598112,1.004409,-0.000677,-0.002795,0.000011,0.999996,0.000026,0.020835,0.001228,0.073447
5.040000,drone2,raw,0.989961,0.001894,1.010182,-0.000677,-0.002792,0.000008,0.999996,0.000020,0.020924,0.001234,0.072864
5.060000,drone1,raw,0.990891,-0.598086,1.006455,-0.000685,-0.002622,0.000011,0.999996,0.000026,0.022211,0.001180,0.093114
5.060000,drone3,raw,0.990875,0.601912,1.004811,-0.000685,-0.002622,0.000003,0.999996,0.000011,0.022177,0.001181,0.092089
5.060000,drone2,raw,0.990408,0.001920,1.012217,-0.000685,-0.002619,0.000008,0.999996,0.000020,0.022305,0.001186,0.092541
5.080000,drone3,raw,0.991334,0.601938,1.007131,-0.000693,-0.002444,0.000004,0.999997,0.000011,0.023148,0.001136,0.108509
5.080000,drone2,raw,0.990869,0.001946,1.014545,-0.000694,-0.002441,0.000008,0.999997,0.000020,0.023281,0.001141,0.108959
5.080000,drone1,raw,0.991350,-0.598060,1.008795,-0.000693,-0.002444,0.000011,0.999997,0.000026,0.023183,0.001135,0.109520
5.100000,drone3,raw,0.991799,0.601963,1.009670,-0.000701,-0.002264,0.000004,0.999997,0.000011,0.023705,0.001095,0.121372
5.100000,drone2,raw,0.991338,0.001971,1.017094,-0.000702,-0.002262,0.000009,0.999997,0.000020,0.023840,0.001100,0.121818
5.100000,drone1,raw,0.991817,-0.598035,1.011355,-0.000702,-0.002264,0.000011,0.999997,0.000026,0.023741,0.001095,0.122370
5.120000,drone3,raw,0.992264,0.601987,1.012354,-0.000709,-0.002085,0.000004,0.999998,0.000011,0.023853,0.001059,0.130487
5.120000,drone1,raw,0.992282,-0.598011,1.014058,-0.000710,-0.002085,0.000011,0.999998,0.000026,0.023888,0.001058,0.131470
5.120000,drone2,raw,0.991805,0.001995,1.019787,-0.000710,-0.002082,0.000009,0.999998,0.000020,0.023988,0.001064,0.130929
5.140000,drone3,raw,0.992721,0.602012,1.015105,-0.000717,-0.001908,0.000004,0.999998,0.000011,0.023611,0.001027,0.135770
5.140000,drone2,raw,0.992265,0.002020,1.022546,-0.000718,-0.001906,0.000009,0.999998,0.000020,0.023744,0.001032,0.136208
5.140000,drone1,raw,0.992740,-0.597986,1.016828,-0.000718,-0.001908,0.000012,0.999998,0.000026,0.023645,0.001026,0.136740
5.160000,drone1,raw,0.993183,-0.597963,1.019589,-0.000726,-0.001736,0.000012,0.999998,0.000026,0.023042,0.001000,0.138205
5.160000,drone3,raw,0.993164,0.602035,1.017848,-0.000725,-0.001736,0.000004,0.999998,0.000011,0.023009,0.001000,0.137250
5.160000,drone2,raw,0.992710,0.002044,1.025297,-0.000726,-0.001734,0.000009,0.999998,0.000020,0.023139,0.001005,0.137683
5.180000,drone3,raw,0.993586,0.602059,1.020510,-0.000733,-0.001571,0.000004,0.999998,0.000011,0.022088,0.000979,0.135057
5.180000,drone2,raw,0.993135,0.002067,1.027968,-0.000734,-0.001569,0.000009,0.999999,0.000020,0.022214,0.000984,0.135485
5.180000,drone1,raw,0.993606,-0.597939,1.022271,-0.000734,-0.001571,0.000012,0.999998,0.000026,0.022119,0.000979,0.135998
5.200000,drone2,raw,0.993535,0.002090,1.030488,-0.000741,-0.001577,0.000009,0.999998,0.000021,0.021037,0.000968,0.129714
5.200000,drone1,raw,0.994004,-0.597916,1.024806,-0.000741,-0.001414,0.000012,0.999999,0.000026,0.020925,0.000963,0.130347
5.200000,drone3,raw,0.993984,0.602081,1.023027,-0.000741,-0.001414,0.000004,0.999999,0.000011,0.020895,0.000963,0.129420
5.220000,drone3,raw,0.994352,0.602104,1.025339,-0.000748,-0.001266,0.000005,0.999999,0.000011,0.019483,0.000952,0.120660
5.220000,drone1,raw,0.994373,-0.597894,1.027136,-0.000749,-0.001266,0.000012,0.999999,0.000026,0.019511,0.000951,0.121573
5.220000,drone2,raw,0.993905,0.002112,1.032809,-0.000749,-0.001421,0.000000,0.999999,0.000002,0.019636,0.000952,0.120952
5.240000,drone3,raw,0.994689,0.602126,1.027396,-0.000756,-0.001128,0.000005,0.999999,0.000011,0.017903,0.000945,0.109173
5.240000,drone2,raw,0.994244,0.002135,1.034874,-0.000756,-0.001276,0.000009,0.999999,0.000021,0.018044,0.000950,0.109592
5.240000,drone1,raw,0.994710,-0.597872,1.029210,-0.000756,-0.001128,0.000012,0.999999,0.000026,0.017929,0.000945,0.110071
5.260000,drone3,raw,0.994992,0.602147,1.029157,-0.000763,-0.001001,0.000005,0.999999,0.000011,0.016209,0.000942,0.095421
5.260000,drone1,raw,0.995013,-0.597850,1.030989,-0.000764,-0.001001,0.000012,0.999999,0.000026,0.016232,0.000941,0.096304
5.260000,drone2,raw,0.994549,0.002156,1.036644,-0.000764,-0.001142,0.000019,0.999999,0.000040,0.016336,0.000956,0.095834
5.280000,drone3,raw,0.995260,0.602168,1.030593,-0.000770,-0.000886,0.000005,0.999999,0.000011,0.014452,0.000942,0.079917
5.280000,drone2,raw,0.994819,0.002177,1.038088,-0.000771,-0.001020,0.000010,0.999999,0.000021,0.014565,0.000946,0.080324
5.280000,drone1,raw,0.995282,-0.597829,1.032443,-0.000771,-0.000886,0.000012,0.999999,0.000026,0.014473,0.000942,0.080785
5.300000,drone3,raw,0.995495,0.602189,1.031686,-0.000777,-0.000782,0.000005,0.999999,0.000011,0.012680,0.000944,0.063210
5.300000,drone2,raw,0.995055,0.002198,1.039189,-0.000778,-0.000909,0.000000,0.999999,0.000002,0.012779,0.000939,0.063611
5.300000,drone1,raw,0.995517,-0.597809,1.033553,-0.000778,-0.000782,0.000012,0.999999,0.000026,0.012699,0.000944,0.064062
5.320000,drone3,raw,0.995695,0.602209,1.032429,-0.000784,-0.000688,0.000005,0.999999,0.000011,0.010937,0.000948,0.045870
5.320000,drone2,raw,0.995257,0.002218,1.039940,-0.000785,,-0.000688,0.000012,0.999999,0.000026,0.010954,0.000948,0.046707
5.320000,drone3,raw,0.995695,0.602209,1.032429,-0.000784,-0.000688,0.000005,0.999999,0.000011,0.010937,0.000948,0.045870
5.340000,drone3,raw,0.995863,0.602229,1.032826,-0.000791,-0.000605,0.000005,1.000000,0.000011,0.009263,0.000952,0.028475
5.340000,drone2,raw,0.995426,0.002238,1.040344,-0.000792,-0.000720,0.000019,0.999999,0.000040,0.009335,0.000966,0.028863
5.340000,drone1,raw,0.995886,-0.597769,1.034725,-0.000791,-0.000605,0.000013,1.000000,0.000026,0.009277,0.000952,0.029295
5.360000,drone3,raw,0.996002,0.602248,1.032893,-0.000798,-0.000532,0.000005,1.000000,0.000011,0.007692,0.000956,0.011592
5.360000,drone1,raw,0.996025,-0.597750,1.034808,-0.000798,-0.000531,0.000013,1.000000,0.000026,0.007705,0.000956,0.012395
5.360000,drone2,raw,0.995566,0.002257,1.040419,-0.000798,-0.000641,0.000010,0.999999,0.000021,0.007753,0.000961,0.011972
5.380000,drone3,raw,0.996114,0.602267,1.032656,-0.000804,-0.000467,0.000005,1.000000,0.000011,0.006256,0.000959,-0.004234
5.380000,drone2,raw,0.995679,0.002276,1.040190,-0.000805,-0.000571,0.000000,1.000000,0.000002,0.006306,0.000954,-0.003861
5.380000,drone1,raw,0.996137,-0.597731,1.034587,-0.000805,-0.000467,0.000013,1.000000,0.000026,0.006266,0.000959,-0.003448
5.400000,drone2,raw,0.995768,0.002295,1.039694,-0.000811,-0.000509,0.000010,1.000000,0.000020,0.005020,0.000964,-0.018130
5.400000,drone1,raw,0.996225,-0.597712,1.034099,-0.000811,-0.000410,0.000013,1.000000,0.000026,0.004988,0.000960,-0.017727
5.400000,drone3,raw,0.996202,0.602285,1.032153,-0.000810,-0.000410,0.000005,1.000000,0.000011,0.004979,0.000960,-0.018496
5.420000,drone3,raw,0.996270,0.602303,1.031427,-0.000817,-0.000359,0.000005,1.000000,0.000011,0.003883,0.000957,-0.030732
5.420000,drone1,raw,0.996294,-0.597694,1.033388,-0.000817,-0.000359,0.000013,1.000000,0.000026,0.003890,0.000957,-0.029981
5.420000,drone2,raw,0.995837,0.002313,1.038975,-0.000817,-0.000453,0.000019,1.000000,0.000039,0.003916,0.000971,-0.030375
5.440000,drone3,raw,0.996323,0.602321,1.030531,-0.000823,-0.000314,0.000005,1.000000,0.000011,0.002986,0.000951,-0.040547
5.440000,drone2,raw,0.995890,0.002330,1.038086,-0.000823,-0.000403,0.000010,1.000000,0.000020,0.003013,0.000955,-0.040197
5.440000,drone1,raw,0.996346,-0.597677,1.032506,-0.000823,-0.000314,0.000013,1.000000,0.000026,0.002992,0.000951,-0.039814
5.460000,drone3,raw,0.996363,0.602338,1.029523,-0.000829,-0.000272,0.000005,1.000000,0.000010,0.002299,0.000941,-0.047612
5.460000,drone2,raw,0.995931,0.002347,1.037084,-0.000829,-0.000357,0.000001,1.000000,0.000002,0.002322,0.000936,-0.047270
5.460000,drone1,raw,0.996387,-0.597660,1.031512,-0.000829,-0.000272,0.000013,1.000000,0.000026,0.002304,0.000941,-0.046897
5.480000,drone2,raw,0.995965,0.002364,1.036032,-0.000835,-0.000314,0.000010,1.000000,0.000020,0.001852,0.000929,-0.051345
5.480000,drone3,raw,0.996397,0.602354,1.028464,-0.000834,-0.000233,0.000005,1.000000,0.000010,0.001832,0.000925,-0.051678
5.480000,drone1,raw,0.996421,-0.597643,1.030467,-0.000835,-0.000233,0.000013,1.000000,0.000026,0.001837,0.000925,-0.050982
5.500000,drone1,raw,0.996452,-0.597627,1.029436,-0.000840,-0.000195,0.000013,1.000000,0.000026,0.001595,0.000905,-0.051907
5.500000,drone3,raw,0.996428,0.602370,1.027419,-0.000840,-0.000195,0.000005,1.000000,0.000010,0.001591,0.000905,-0.052585
5.500000,drone2,raw,0.995997,0.002381,1.034994,-0.000840,-0.000272,0.000019,1.000000,0.000039,0.001609,0.000917,-0.052260
5.520000,drone3,raw,0.996461,0.602386,1.026454,-0.000845,-0.000156,0.000005,1.000000,0.000010,0.001575,0.000878,-0.050257
5.520000,drone1,raw,0.996484,-0.597611,1.028483,-0.000846,-0.000156,0.000013,1.000000,0.000025,0.001579,0.000878,-0.049599
5.520000,drone2,raw,0.996030,0.002396,1.034035,-0.000846,-0.000229,0.000010,1.000000,0.000020,0.001594,0.000881,-0.049942
5.540000,drone3,raw,0.996500,0.602401,1.025631,-0.000851,-0.000115,0.000005,1.000000,0.000010,0.001781,0.000845,-0.044716
5.540000,drone2,raw,0.996070,0.002411,1.033218,-0.000851,-0.000185,0.000000,1.000000,0.000001,0.001803,0.000839,-0.044409
5.540000,drone1,raw,0.996524,-0.597596,1.027673,-0.000851,-0.000115,0.000013,1.000000,0.000025,0.001785,0.000845,-0.044077
5.560000,drone2,raw,0.996120,0.002426,1.032604,-0.000856,-0.000138,0.000010,1.000000,0.000020,0.002229,0.000810,-0.035772
5.560000,drone3,raw,0.996549,0.602416,1.025011,-0.000856,-0.000071,0.000005,1.000000,0.000010,0.002204,0.000806,-0.036069
5.560000,drone1,raw,0.996573,-0.597582,1.027065,-0.000856,-0.000071,0.000013,1.000000,0.000025,0.002208,0.000806,-0.035450
5.580000,drone3,raw,0.996613,0.602430,1.024650,-0.000861,-0.000023,0.000005,1.000000,0.000010,0.002829,0.000762,-0.024514
5.580000,drone1,raw,0.996637,-0.597567,1.026716,-0.000861,-0.000023,0.000013,1.000000,0.000025,0.002834,0.000762,-0.023914
5.580000,drone2,raw,0.996184,0.002440,1.032249,-0.000861,-0.000086,0.000019,1.000000,0.000039,0.002859,0.000774,-0.024225
5.600000,drone2,raw,0.996267,0.002454,1.032202,-0.000866,-0.000029,0.000010,1.000000,0.000020,0.003677,0.000715,-0.010047
5.600000,drone1,raw,0.996719,-0.597554,1.026675,-0.000866,0.000031,0.000013,1.000000,0.000025,0.003648,0.000712,-0.009747
5.600000,drone3,raw,0.996695,0.602444,1.024598,-0.000865,0.000031,0.000005,1.000000,0.000010,0.003642,0.000712,-0.010326
5.620000,drone3,raw,0.996798,0.602457,1.024896,-0.000870,0.000092,0.000005,1.000000,0.000010,0.004621,0.000657,0.006144
5.620000,drone1,raw,0.996822,-0.597541,1.026984,-0.000870,0.000092,0.000013,1.000000,0.000025,0.004628,0.000657,0.006703
5.620000,drone2,raw,0.996371,0.002467,1.032505,-0.000870,0.000035,0.000001,1.000000,0.000001,0.004663,0.000651,0.006414
5.640000,drone3,raw,0.996925,0.602469,1.025577,-0.000874,0.000160,0.000005,1.000000,0.000010,0.005742,0.000597,0.024488
5.640000,drone2,raw,0.996499,0.002480,1.033192,-0.000875,0.000106,0.000010,1.000000,0.000019,0.005791,0.000600,0.024748
5.640000,drone1,raw,0.996949,-0.597528,1.027676,-0.000875,0.000160,0.000013,1.000000,0.000025,0.005749,0.000597,0.025026
5.660000,drone3,raw,0.997077,0.602481,1.026666,-0.000878,0.000237,0.000005,1.000000,0.000010,0.006973,0.000534,0.044247
5.660000,drone2,raw,0.996652,0.002492,1.034285,-0.000879,0.000185,0.000019,1.000000,0.000038,0.007030,0.000546,0.044497
5.660000,drone1,raw,0.997102,-0.597516,1.028775,-0.000879,0.000237,0.000013,1.000000,0.000025,0.006982,0.000534,0.044764
5.680000,drone3,raw,0.997257,0.602492,1.028174,-0.000882,0.000322,0.000005,1.000000,0.000010,0.008282,0.000468,0.064930
5.680000,drone2,raw,0.996834,0.002503,1.035798,-0.000883,0.000273,0.000010,1.000000,0.000019,0.008347,0.000470,0.065171
5.680000,drone1,raw,0.997282,-0.597505,1.030293,-0.000883,0.000322,0.000013,1.000000,0.000025,0.008293,0.000467,0.065427
5.700000,drone3,raw,0.997465,0.602503,1.030106,-0.000886,0.000416,0.000005,1.000000,0.000009,0.009632,0.000399,0.086029
5.700000,drone2,raw,0.997043,0.002514,1.037735,-0.000887,0.000369,0.000001,1.000000,0.000001,0.009705,0.000393,0.086259
5.700000,drone1,raw,0.997490,-0.597494,1.032234,-0.000887,0.000416,0.000013,1.000000,0.000025,0.009644,0.000399,0.086503
5.720000,drone3,raw,0.997700,0.602513,1.032455,-0.000890,0.000519,0.000005,0.999999,0.000009,0.010983,0.000330,0.107030
5.720000,drone2,raw,0.997279,0.002524,1.040088,-0.000891,0.000474,0.000010,0.999999,0.000019,0.011064,0.000332,0.107250
5.720000,drone1,raw,0.997726,-0.597484,1.034592,-0.000890,0.000519,0.000013,0.999999,0.000024,0.010996,0.000330,0.107482
5.740000,drone3,raw,0.997962,0.602523,1.035203,-0.000894,0.000630,0.000005,0.999999,0.000009,0.012294,0.000261,0.127434
5.740000,drone2,raw,0.997543,0.002534,1.042840,-0.000894,0.000588,0.000019,0.999999,0.000038,0.012383,0.000272,0.127644
5.740000,drone1,raw,0.997988,-0.597475,1.037349,-0.000894,0.000630,0.000013,0.999999,0.000024,0.012308,0.000261,0.127865
5.760000,drone1,raw,0.998275,-0.597466,1.040478,-0.000897,0.000749,0.000013,0.999999,0.000024,0.013539,0.000192,0.147178
5.760000,drone2,raw,0.997831,0.002542,1.045966,-0.000897,0.000709,0.000010,0.999999,0.000019,0.013620,0.000194,0.146969
5.760000,drone3,raw,0.998249,0.602531,1.038325,-0.000897,0.000749,0.000005,0.999999,0.000009,0.013524,0.000193,0.146769
5.780000,drone3,raw,0.998558,0.602540,1.041786,-0.000900,0.000875,0.000005,0.999999,0.000009,0.014634,0.000126,0.164604
5.780000,drone1,raw,0.998584,-0.597458,1.043947,-0.000900,0.000875,0.000013,0.999999,0.000024,0.014650,0.000126,0.164991
5.780000,drone2,raw,0.998142,0.002550,1.049431,-0.000901,0.000837,0.000001,0.999999,-0.000000,0.014735,0.000119,0.164793
5.800000,drone3,raw,0.998885,0.602547,1.045546,-0.000903,0.001007,0.000005,0.999999,0.000009,0.015585,0.000062,0.180559
5.800000,drone2,raw,0.998471,0.002558,1.053194,-0.000904,0.000971,0.000010,0.999999,0.000018,0.015692,0.000064,0.180738
5.800000,drone1,raw,0.998912,-0.597450,1.047714,-0.000903,0.001007,0.000013,0.999999,0.000024,0.015602,0.000062,0.180924
5.820000,drone3,raw,0.999228,0.602554,1.049558,-0.000906,0.001144,0.000005,0.999999,0.000008,0.016346,0.000001,0.194317
5.820000,drone2,raw,0.998816,0.002565,1.057209,-0.000906,0.001110,0.000019,0.999999,0.000037,0.016457,0.000012,0.194486
5.820000,drone1,raw,0.999255,-0.597444,1.051732,-0.000906,0.001144,0.000013,0.999999,0.000024,0.016363,0.000001,0.194660
5.840000,drone3,raw,0.999580,0.602560,1.053770,-0.000908,0.001284,0.000005,0.999999,0.000008,0.016890,-0.000055,0.205631
5.840000,drone2,raw,0.999170,0.002571,1.061398,-0.000909,0.001626,0.000008,0.999998,0.000014,0.016988,-0.000055,0.205140
5.840000,drone1,raw,0.999607,-0.597437,1.055951,-0.000909,0.001284,0.000013,0.999999,0.000023,0.016907,-0.000056,0.205952
5.860000,drone1,raw,0.999966,-0.597432,1.060315,-0.000911,0.001426,0.000013,0.999999,0.000023,0.017213,-0.000108,0.214625
5.860000,drone2,raw,0.999530,0.002576,1.065758,-0.000911,0.001636,0.000010,0.999998,0.000017,0.017221,-0.000111,0.213775
5.860000,drone3,raw,0.999938,0.602565,1.058129,-0.000911,0.001426,0.000005,0.999999,0.000008,0.017196,-0.000108,0.214327
5.880000,drone1,raw,1.000324,-0.597428,1.064772,-0.000913,0.001568,0.000013,0.999998,0.000023,0.017269,-0.000156,0.220583
5.880000,drone3,raw,1.000296,0.602569,1.062580,-0.000913,0.001568,0.000005,0.999998,0.000008,0.017254,-0.000156,0.220308
5.880000,drone2,raw,0.999890,0.002581,1.070213,-0.000913,0.001768,0.000022,0.999998,0.000041,0.017241,-0.000148,0.220434
5.900000,drone3,raw,1.000648,0.602573,1.067069,-0.000915,0.001708,0.000005,0.999998,0.000007,0.017057,-0.000199,0.223555
5.900000,drone2,raw,1.000244,0.002584,1.074706,-0.000916,0.001898,0.000010,0.999998,0.000016,0.017068,-0.000198,0.223756
5.900000,drone1,raw,1.000677,-0.597424,1.069266,-0.000915,0.001708,0.000013,0.999998,0.000023,0.017072,-0.000199,0.223808
5.920000,drone2,raw,1.000589,0.002587,1.079183,-0.000917,0.002025,-0.000002,0.999998,-0.000008,0.016626,-0.000248,0.224309
5.920000,drone1,raw,1.001020,-0.597421,1.073744,-0.000917,0.001845,0.000013,0.999998,0.000022,0.016627,-0.000238,0.224354
5.920000,drone3,raw,1.000991,0.602576,1.071543,-0.000917,0.001845,0.000005,0.999998,0.000007,0.016613,-0.000237,0.224123
5.940000,drone3,raw,1.001319,0.602579,1.075952,-0.000918,0.001977,0.000005,0.999998,0.000007,0.015933,-0.000271,0.222140
5.940000,drone1,raw,1.001348,-0.597418,1.078157,-0.000919,0.001977,0.000013,0.999998,0.000022,0.015945,-0.000271,0.222348
5.940000,drone2,raw,1.000918,0.002590,1.083596,-0.000919,0.002149,0.000010,0.999997,0.000016,0.015947,-0.000270,0.222311
5.960000,drone3,raw,1.001627,0.602580,1.080252,-0.000920,0.002103,0.000005,0.999997,0.000006,0.015039,-0.000300,0.217798
5.960000,drone2,raw,1.001229,0.002592,1.087899,-0.000920,0.002266,0.000022,0.999997,0.000040,0.015054,-0.000288,0.217954
5.960000,drone1,raw,1.001656,-0.597417,1.082461,-0.000920,0.002103,0.000013,0.999997,0.000022,0.015049,-0.000301,0.217983
5.980000,drone3,raw,1.001913,0.602581,1.084404,-0.000921,0.002221,0.000005,0.999997,0.000006,0.013957,-0.000325,0.211346
5.980000,drone2,raw,1.001516,0.002592,1.092053,-0.000922,0.002376,0.000010,0.999997,0.000015,0.013973,-0.000325,0.211488
5.980000,drone1,raw,1.001942,-0.597416,1.086615,-0.000922,0.002221,0.000013,0.999997,0.000021,0.013965,-0.000326,0.211508
6.000000,drone2,raw,1.001777,0.002592,1.096025,-0.000923,0.002479,-0.000002,0.999997,-0.000009,0.012737,-0.000358,0.203213
6.000000,drone3,raw,1.002172,0.602581,1.088373,-0.000922,0.002331,0.000005,0.999997,0.000006,0.012722,-0.000347,0.203086
6.000000,drone1,raw,1.002202,-0.597416,1.090587,-0.000923,0.002331,0.000013,0.999997,0.000021,0.012728,-0.000347,0.203225
6.020000,drone2,raw,1.002010,0.002592,1.099789,-0.000924,0.002573,0.000010,0.999996,0.000015,0.011384,-0.000365,0.193470
6.020000,drone1,raw,1.002433,-0.597416,1.094352,-0.000923,0.002432,0.000013,0.999997,0.000021,0.011373,-0.000366,0.193474
6.020000,drone3,raw,1.002404,0.602581,1.092136,-0.000923,0.002432,0.000005,0.999997,0.000006,0.011370,-0.000365,0.193358
6.040000,drone2,raw,1.002213,0.002591,1.103328,-0.000924,0.002657,0.000022,0.999996,0.000039,0.009953,-0.000369,0.182630
6.040000,drone1,raw,1.002635,-0.597417,1.097890,-0.000924,0.002524,0.000012,0.999996,0.000020,0.009942,-0.000382,0.182626
6.040000,drone3,raw,1.002605,0.602580,1.095673,-0.000924,0.002524,0.000005,0.999996,0.000005,0.009941,-0.000381,0.182533
6.060000,drone2,raw,1.002386,0.002589,1.106631,-0.000925,0.002733,0.000009,0.999996,0.000014,0.008487,-0.000396,0.171085
6.060000,drone1,raw,1.002807,-0.597419,1.101193,-0.000925,0.002606,0.000012,0.999996,0.000020,0.008475,-0.000396,0.171073
6.060000,drone3,raw,1.002777,0.602578,1.098974,-0.000924,0.002606,0.000005,0.999996,0.000005,0.008477,-0.000396,0.171003
6.080000,drone3,raw,1.002919,0.602575,1.102038,-0.000924,0.002678,0.000005,0.999996,0.000004,0.007019,-0.000409,0.159170
6.080000,drone1,raw,1.002949,-0.597422,1.104257,-0.000925,0.002678,0.000012,0.999996,0.000020,0.007014,-0.000409,0.159216
6.080000,drone2,raw,1.002529,0.002586,1.109696,-0.000925,0.002799,-0.000003,0.999996,-0.000011,0.007026,-0.000421,0.159237
6.100000,drone3,raw,1.003033,0.602572,1.104870,-0.000925,0.002741,0.000005,0.999996,0.000004,0.005605,-0.000422,0.147434
6.100000,drone2,raw,1.002643,0.002583,1.112529,-0.000925,0.002856,0.000009,0.999995,0.000013,0.005611,-0.000423,0.147487
6.100000,drone1,raw,1.003062,-0.597425,1.107090,-0.000925,0.002741,0.000012,0.999996,0.000019,0.005598,-0.000423,0.147456
6.120000,drone3,raw,1.003120,0.602568,1.107484,-0.000924,0.002796,0.000004,0.999996,0.000004,0.004274,-0.000436,0.136186
6.120000,drone2,raw,1.002731,0.002579,1.115144,-0.000925,0.002905,0.000021,0.999995,0.000037,0.004276,-0.000425,0.136225
6.120000,drone1,raw,1.003149,-0.597429,1.109704,-0.000925,0.002796,0.000012,0.999996,0.000019,0.004265,-0.000436,0.136185
6.140000,drone3,raw,1.003184,0.602563,1.109901,-0.000924,0.002843,0.000004,0.999996,0.000003,0.003057,-0.000452,0.125798
6.140000,drone2,raw,1.002795,0.002574,1.117561,-0.000925,0.002947,0.000009,0.999995,0.000012,0.003057,-0.000452,0.125822
6.140000,drone1,raw,1.003212,-0.597434,1.112120,-0.000925,0.002843,0.000012,0.999996,0.000018,0.003045,-0.000452,0.125773
6.160000,drone3,raw,1.003226,0.602558,1.112148,-0.000924,0.002883,0.000004,0.999995,0.000003,0.001982,-0.000469,0.116611
6.160000,drone2,raw,1.002837,0.002569,1.119808,-0.000924,0.002982,-0.000003,0.999995,-0.000012,0.001980,-0.000481,0.116621
6.160000,drone1,raw,1.003254,-0.597439,1.114366,-0.000924,0.002883,0.000012,0.999995,0.000018,0.001969,-0.000469,0.116562
6.180000,drone3,raw,1.003252,0.602552,1.114258,-0.000923,0.002917,0.000004,0.999995,0.000003,0.001071,-0.000489,0.108929
6.180000,drone2,raw,1.002863,0.002563,1.121918,-0.000923,0.003011,0.000009,0.999995,0.000012,0.001067,-0.000489,0.108925
6.180000,drone1,raw,1.003280,-0.597446,1.116474,-0.000923,0.002917,0.000012,0.999995,0.000018,0.001057,-0.000489,0.108856
6.200000,drone1,raw,1.003291,-0.597452,1.118482,-0.000922,0.002948,0.000011,0.999995,0.000017,0.000326,-0.000512,0.102914
6.200000,drone3,raw,1.003264,0.602545,1.116269,-0.000922,0.002948,0.000004,0.999995,0.000002,0.000341,-0.000512,0.103012
6.200000,drone2,raw,1.002876,0.002556,1.123927,-0.000923,0.003037,0.000021,0.999995,0.000036,0.000336,-0.000501,0.102994
6.220000,drone3,raw,1.003267,0.602537,1.118221,-0.000921,0.002975,0.000004,0.999995,0.000002,-0.000198,-0.000538,0.099068
6.220000,drone1,raw,1.003294,-0.597460,1.120432,-0.000921,0.002975,0.000011,0.999995,0.000017,-0.000215,-0.000538,0.098946
6.220000,drone2,raw,1.002879,0.002549,1.125879,-0.000921,0.003060,0.000008,0.999995,0.000011,-0.000205,-0.000539,0.099035
6.240000,drone3,raw,1.003265,0.602529,1.120159,-0.000920,0.003001,0.000003,0.999995,0.000001,-0.000545,-0.000569,0.097247
6.240000,drone2,raw,1.002877,0.002540,1.127816,-0.000920,0.003082,-0.000004,0.999995,-0.000014,-0.000553,-0.000582,0.097202
6.240000,drone1,raw,1.003292,-0.597468,1.122366,-0.000920,0.003001,0.000011,0.999995,0.000017,-0.000562,-0.000569,0.097101
6.260000,drone3,raw,1.003262,0.602520,1.122127,-0.000918,0.003026,0.000003,0.999995,0.000001,-0.000701,-0.000604,0.097643
6.260000,drone2,raw,1.002875,0.002531,1.129782,-0.000919,0.003103,0.000008,0.999995,0.000010,-0.000709,-0.000605,0.097584
6.260000,drone1,raw,1.003289,-0.597477,1.124331,-0.000918,0.003026,0.000011,0.999995,0.000016,-0.000719,-0.000604,0.097472
6.280000,drone2,raw,1.002875,0.002522,1.131824,-0.000917,0.003126,0.000020,0.999995,0.000034,-0.000683,-0.000632,0.100211
6.280000,drone1,raw,1.003289,-0.597486,1.126370,-0.000917,0.003053,0.000011,0.999995,0.000016,-0.000694,-0.000643,0.100088
6.280000,drone3,raw,1.003262,0.602511,1.124170,-0.000916,0.003053,0.000003,0.999995,0.000001,-0.000676,-0.000643,0.100284
6.300000,drone2,raw,1.002882,0.002512,1.133984,-0.000915,0.003150,0.000008,0.999995,0.000009,-0.000489,-0.000687,0.105048
6.300000,drone3,raw,1.003269,0.602501,1.126332,-0.000914,0.003081,0.000003,0.999995,0.000000,-0.000483,-0.000686,0.105135
6.300000,drone1,raw,1.003295,-0.597497,1.128527,-0.000915,0.003081,0.000011,0.999995,0.000015,-0.000501,-0.000686,0.104914
6.320000,drone2,raw,1.002897,0.002501,1.136304,-0.000913,0.003178,-0.000005,0.999995,-0.000015,-0.000146,-0.000746,0.112001
6.320000,drone1,raw,1.003310,-0.597507,1.130844,-0.000913,0.003112,0.000010,0.999995,0.000015,-0.000159,-0.000733,0.111855
6.320000,drone3,raw,1.003284,0.602490,1.128654,-0.000912,0.003112,0.000003,0.999995,-0.000000,-0.000141,-0.000733,0.112100
6.340000,drone1,raw,1.003337,-0.597519,1.133358,-0.000910,0.003147,0.000010,0.999995,0.000015,0.000311,-0.000784,0.120755
6.340000,drone3,raw,1.003312,0.602478,1.131173,-0.000910,0.003147,0.000003,0.999995,-0.000001,0.000328,-0.000784,0.121026
6.340000,drone2,raw,1.002925,0.002489,1.138821,-0.000910,0.003210,0.000007,0.999994,0.000009,0.000325,-0.000786,0.120912
6.360000,drone3,raw,1.003354,0.602466,1.133922,-0.000907,0.003187,0.000002,0.999995,-0.000001,0.000900,-0.000838,0.131701
6.360000,drone1,raw,1.003378,-0.597531,1.136100,-0.000908,0.003187,0.000010,0.999995,0.000014,0.000884,-0.000838,0.131405
6.360000,drone2,raw,1.002967,0.002477,1.141567,-0.000908,0.003247,0.000019,0.999994,0.000033,0.000900,-0.000828,0.131574
6.380000,drone3,raw,1.003411,0.602453,1.136927,-0.000905,0.003231,0.000002,0.999994,-0.000001,0.001549,-0.000895,0.143868
6.380000,drone1,raw,1.003435,-0.597544,1.139099,-0.000905,0.003231,0.000010,0.999994,0.000014,0.001534,-0.000896,0.143548
6.380000,drone2,raw,1.003025,0.002464,1.144569,-0.000905,0.003288,0.000007,0.999994,0.000008,0.001552,-0.000897,0.143728
6.400000,drone1,raw,1.003508,-0.597558,1.142375,-0.000902,0.003281,0.000010,0.999994,0.000013,0.002235,-0.000955,0.156885
6.400000,drone2,raw,1.003099,0.002450,1.147849,-0.000902,0.003335,-0.000005,0.999994,-0.000017,0.002255,-0.000969,0.157077
6.400000,drone3,raw,1.003484,0.602439,1.140210,-0.000902,0.003281,0.000002,0.999994,-0.000002,0.002249,-0.000955,0.157230
6.420000,drone3,raw,1.003575,0.602424,1.143785,-0.000898,0.003337,0.000002,0.999994,-0.000002,0.002974,-0.001016,0.171457
6.420000,drone2,raw,1.003190,0.002435,1.151420,-0.000899,0.003388,0.000007,0.999994,0.000007,0.002983,-0.001018,0.171292
6.420000,drone1,raw,1.003599,-0.597573,1.145942,-0.000899,0.003337,0.000009,0.999994,0.000013,0.002960,-0.001016,0.171088
6.440000,drone3,raw,1.003682,0.602409,1.147657,-0.000895,0.003397,0.000002,0.999994,-0.000003,0.003699,-0.001079,0.186200
6.440000,drone1,raw,1.003706,-0.597588,1.149806,-0.000895,0.003398,0.000009,0.999994,0.000012,0.003685,-0.001079,0.185806
6.440000,drone2,raw,1.003298,0.002420,1.155289,-0.000896,0.003446,0.000019,0.999994,0.000031,0.003711,-0.001069,0.186022
6.460000,drone3,raw,1.003806,0.602393,1.151827,-0.000891,0.003464,0.000002,0.999994,-0.000003,0.004398,-0.001141,0.201097
6.460000,drone2,raw,1.003422,0.002404,1.159455,-0.000892,0.003510,0.000006,0.999993,0.000006,0.004414,-0.001144,0.200906
6.460000,drone1,raw,1.003829,-0.597604,1.153967,-0.000892,0.003464,0.000009,0.999994,0.000012,0.004386,-0.001142,0.200678
6.480000,drone3,raw,1.003944,0.602376,1.156287,-0.000888,0.003535,0.000001,0.999993,-0.000004,0.005052,-0.001204,0.215788
6.480000,drone2,raw,1.003561,0.002387,1.163911,-0.000888,0.003579,-0.000006,0.999993,-0.000018,0.005071,-0.001218,0.215584
6.480000,drone1,raw,1.003967,-0.597621,1.158418,-0.000888,0.003535,0.000009,0.999993,0.000012,0.005040,-0.001204,0.215344
6.500000,drone3,raw,1.004096,0.602359,1.161023,-0.000884,0.003610,0.000001,0.999993,-0.000004,0.005639,-0.001266,0.229923
6.500000,drone2,raw,1.003714,0.002369,1.168642,-0.000884,0.003652,0.000006,0.999993,0.000005,0.005661,-0.001268,0.229706
6.500000,drone1,raw,1.004119,-0.597638,1.163144,-0.000884,0.003610,0.000009,0.999993,0.000011,0.005628,-0.001266,0.229454
6.520000,drone2,raw,1.003879,0.002351,1.173627,-0.000880,0.003729,0.000018,0.999993,0.000029,0.006168,-0.001317,0.242944
6.520000,drone3,raw,1.004260,0.602341,1.166012,-0.000879,0.003689,0.000001,0.999993,-0.000004,0.006143,-0.001326,0.243174
6.520000,drone1,raw,1.004283,-0.597657,1.168123,-0.000880,0.003689,0.000009,0.999993,0.000011,0.006132,-0.001326,0.242680
6.540000,drone3,raw,1.004434,0.602321,1.171230,-0.000875,0.003772,0.000001,0.999993,-0.000005,0.006548,-0.001384,0.255243
6.540000,drone2,raw,1.004054,0.002332,1.178839,-0.000876,0.003810,0.000006,0.999992,0.000004,0.006575,-0.001387,0.255000
6.540000,drone1,raw,1.004456,-0.597676,1.173331,-0.000875,0.003772,0.000008,0.999993,0.000010,0.006537,-0.001384,0.254724
6.560000,drone3,raw,1.004614,0.602302,1.176645,-0.000870,0.003857,0.000001,0.999992,-0.000005,0.006842,-0.001439,0.265872
6.560000,drone2,raw,1.004235,0.002312,1.184249,-0.000871,0.003893,-0.000007,0.999992,-0.000020,0.006871,-0.001454,0.265616
6.560000,drone1,raw,1.004636,-0.597696,1.178734,-0.000871,0.003857,0.000008,0.999992,0.000010,0.006831,-0.001439,0.265328
6.580000,drone2,raw,1.004421,0.002291,1.189820,-0.000866,0.003978,0.000005,0.999992,0.000004,0.007045,-0.001495,0.274578
6.580000,drone3,raw,1.004799,0.602281,1.182222,-0.000865,0.003943,0.000000,0.999992,-0.000006,0.007014,-0.001491,0.274847
6.580000,drone1,raw,1.004821,-0.597716,1.184299,-0.000866,0.003943,0.000008,0.999992,0.000009,0.007003,-0.001492,0.274278
6.600000,drone1,raw,1.005007,-0.597738,1.189988,-0.000861,0.004030,0.000008,0.999992,0.000009,0.007048,-0.001541,0.281413
6.600000,drone3,raw,1.004986,0.602259,1.187923,-0.000860,0.004030,0.000000,0.999992,-0.000006,0.007059,-0.001540,0.282006
6.600000,drone2,raw,1.004609,0.002270,1.195515,-0.000861,0.004063,0.000017,0.999991,0.000027,0.007091,-0.001532,0.281724
6.620000,drone2,raw,1.004795,0.002247,1.201295,-0.000856,0.004148,0.000005,0.999991,0.000003,0.007003,-0.001589,0.286946
6.620000,drone1,raw,1.005192,-0.597760,1.195762,-0.000856,0.004117,0.000008,0.999991,0.000008,0.006959,-0.001586,0.286623
6.620000,drone3,raw,1.005171,0.602237,1.193709,-0.000855,0.004117,0.000000,0.999991,-0.000007,0.006971,-0.001585,0.287241
6.640000,drone3,raw,1.005352,0.602214,1.199540,-0.000850,0.004202,-0.000000,0.999991,-0.000007,0.006748,-0.001627,0.290500
6.640000,drone2,raw,1.004976,0.002224,1.207121,-0.000850,0.004232,-0.000007,0.999991,-0.000022,0.006781,-0.001643,0.290193
6.640000,drone1,raw,1.005372,-0.597783,1.201580,-0.000850,0.004202,0.000007,0.999991,0.000008,0.006736,-0.001627,0.289858
6.660000,drone3,raw,1.005525,0.602190,1.205378,-0.000844,0.004286,-0.000000,0.999990,-0.000008,0.006393,-0.001665,0.291788
6.660000,drone2,raw,1.005151,0.002201,1.212952,-0.000845,0.004314,0.000004,0.999990,0.000002,0.006424,-0.001669,0.291469
6.660000,drone1,raw,1.005545,-0.597807,1.207404,-0.000844,0.004286,0.00000,,0.999990,0.000007,0.006379,-0.001665,0.291122
6.680000,drone3,raw,1.005688,0.602166,1.211184,-0.000838,0.004366,-0.000001,0.999990,-0.000008,0.005908,-0.001699,0.291163
6.680000,drone2,raw,1.005314,0.002176,1.218751,-0.000839,0.004392,0.000016,0.999990,0.000025,0.005938,-0.001692,0.290831
6.680000,drone1,raw,1.005707,-0.597832,1.213197,-0.000839,0.004366,0.000007,0.999990,0.000007,0.005893,-0.001700,0.290473
6.700000,drone1,raw,1.005857,-0.597857,1.218923,-0.000833,0.004442,0.000007,0.999990,0.000006,0.005284,-0.001731,0.288019
6.700000,drone2,raw,1.005465,0.002150,1.224485,-0.000833,0.004467,0.000004,0.999990,0.000000,0.005328,-0.001734,0.288388
6.700000,drone3,raw,1.005838,0.602141,1.216925,-0.000832,0.004442,-0.000001,0.999990,-0.000009,0.005300,-0.001730,0.288734
6.700000,drone2,ekf,0.954901,-0.023038,1.225073,-0.000835,0.004438,0.000004,0.999990,0.000001,0.155104,0.108176,0.019161
6.700000,drone2,ekf,0.960555,-0.020119,1.226777,-0.000835,0.004438,0.000004,0.999990,0.000001,0.167966,0.114816,0.019428
6.700000,drone2,ekf,0.965037,-0.017806,1.228169,-0.000833,0.004467,0.000004,0.999990,0.000000,0.178160,0.120078,0.019647
6.700000,drone2,ekf,0.968676,-0.015927,1.229326,-0.000833,0.004467,0.000004,0.999990,0.000000,0.186439,0.124351,0.019828
6.720000,drone1,raw,1.005991,-0.597883,1.224551,-0.000826,0.004513,0.000007,0.999989,0.000006,0.004563,-0.001758,0.283917
6.720000,drone3,raw,1.005972,0.602115,1.222569,-0.000826,0.004513,-0.000001,0.999989,-0.000010,0.004580,-0.001758,0.284656
6.720000,drone2,raw,1.005600,0.002124,1.230121,-0.000827,0.004537,-0.000008,0.999989,-0.000024,0.004606,-0.001774,0.284298
6.740000,drone3,raw,1.006089,0.602088,1.228088,-0.000819,0.004578,-0.000001,0.999989,-0.000010,0.003761,-0.001783,0.279125
6.740000,drone2,raw,1.005718,0.002097,1.235633,-0.000820,0.004601,0.000003,0.999989,-0.000001,0.003783,-0.001787,0.278754
6.740000,drone1,raw,1.006107,-0.597910,1.230056,-0.000820,0.004578,0.000006,0.999989,0.000005,0.003742,-0.001783,0.278363
6.752000,drone2,ekf,0.981062,-0.008115,1.231716,-0.000816,0.004637,-0.000009,0.999989,-0.000025,0.191771,0.129604,0.005847
6.752000,drone2,ekf,0.983399,-0.007077,1.233513,-0.000816,0.004637,-0.000009,0.999989,-0.000025,0.199701,0.133128,0.006152
6.752000,drone2,ekf,0.985305,-0.006230,1.235066,-0.000816,0.004637,-0.000009,0.999989,-0.000025,0.206169,0.136002,0.006415
6.752000,drone2,ekf,0.986889,-0.005526,1.236420,-0.000816,0.004637,-0.000009,0.999989,-0.000025,0.211545,0.138391,0.006645
6.760000,drone1,raw,1.006204,-0.597937,1.235413,-0.000813,0.004638,0.000006,0.999989,0.000005,0.002836,-0.001806,0.271586
6.760000,drone2,raw,1.005816,0.002070,1.240999,-0.000813,0.004660,0.000015,0.999989,0.000023,0.002875,-0.001798,0.271989
6.760000,drone3,raw,1.006187,0.602060,1.233462,-0.000813,0.004638,-0.000002,0.999989,-0.000011,0.002856,-0.001806,0.272372
6.764000,drone3,ekf,0.091663,0.054694,0.110827,-0.000813,0.004638,-0.000002,0.999989,-0.000011,0.009105,-0.002576,-0.002749
6.764000,drone3,ekf,0.167828,0.100475,0.203490,-0.000813,0.004638,-0.000002,0.999989,-0.000011,0.012904,-0.000293,0.001873
6.764000,drone3,ekf,0.232282,0.139195,0.282939,-0.000813,0.004638,-0.000002,0.999989,-0.000011,0.016118,0.001638,0.005835
6.764000,drone3,ekf,0.287513,0.172373,0.351018,-0.000813,0.004638,-0.000002,0.999989,-0.000011,0.018873,0.003293,0.009231
6.764000,drone3,ekf,0.335367,0.201120,0.410005,-0.000813,0.004638,-0.000002,0.999989,-0.000011,0.021260,0.004727,0.012173
6.764000,drone3,ekf,0.377229,0.226268,0.461607,-0.000813,0.004638,-0.000002,0.999989,-0.000011,0.023348,0.005981,0.014746
6.764000,drone3,ekf,0.414179,0.248450,0.507978,-0.000813,0.004638,-0.000002,0.999989,-0.000011,0.025190,0.007087,0.017059
6.764000,drone3,ekf,0.447017,0.268163,0.549189,-0.000813,0.004638,-0.000002,0.999989,-0.000011,0.026828,0.008070,0.019115
6.764000,drone3,ekf,0.476394,0.285798,0.586057,-0.000813,0.004638,-0.000002,0.999989,-0.000011,0.028293,0.008950,0.020953
6.764000,drone3,ekf,0.502829,0.301668,0.619233,-0.000813,0.004638,-0.000002,0.999989,-0.000011,0.029612,0.009741,0.022608
6.780000,drone3,raw,1.006263,0.602032,1.238673,-0.000806,0.004691,-0.000002,0.999989,-0.000011,0.001885,-0.001826,0.264654
6.780000,drone2,raw,1.005892,0.002041,1.246203,-0.000807,0.004712,0.000003,0.999989,-0.000002,0.001900,-0.001831,0.264258
6.780000,drone1,raw,1.006280,-0.597966,1.240608,-0.000806,0.004691,0.000006,0.999989,0.000004,0.001864,-0.001827,0.263844
6.800000,drone3,raw,1.006317,0.602003,1.243711,-0.000799,0.004737,-0.000002,0.999988,-0.000012,0.000866,-0.001846,0.256246
6.800000,drone2,raw,1.005947,0.002012,1.251232,-0.000800,0.004756,-0.000009,0.999988,-0.000026,0.000877,-0.001862,0.255838
6.800000,drone1,raw,1.006334,-0.597995,1.245629,-0.000799,0.004737,0.000006,0.999988,0.000003,0.000843,-0.001846,0.255412
6.800000,drone3,ekf,0.527532,0.316033,0.650082,-0.000799,0.004737,-0.000002,0.999988,-0.000012,0.021558,-0.000367,0.005633
6.800000,drone1,ekf,0.527135,-0.315001,0.650878,-0.000802,0.004719,0.000006,0.999989,0.000004,0.015986,-0.030420,0.005351
6.800000,drone1,ekf,0.548996,-0.327987,0.678905,-0.000799,0.004737,0.000006,0.999988,0.000003,0.018948,-0.032180,0.009139
6.800000,drone3,ekf,0.549375,0.329158,0.678057,-0.000799,0.004737,-0.000002,0.999988,-0.000012,0.024517,0.001411,0.009415
6.800000,drone2,ekf,0.997563,0.000769,1.237491,-0.000802,0.004739,0.000015,0.999988,0.000022,0.208718,0.128544,-0.019452
6.800000,drone1,ekf,0.568943,-0.339837,0.704478,-0.000799,0.004737,0.000006,0.999988,0.000003,0.021650,-0.033785,0.012596
6.800000,drone2,ekf,0.998212,0.000893,1.239281,-0.000800,0.004756,-0.000009,0.999988,-0.000026,0.211240,0.129024,-0.019109
6.800000,drone1,ekf,0.587217,-0.350692,0.727906,-0.000799,0.004737,0.000006,0.999988,0.000003,0.024126,-0.035256,0.015763
6.800000,drone3,ekf,0.569305,0.341135,0.703584,-0.000799,0.004737,-0.000002,0.999988,-0.000012,0.027217,0.003034,0.012865
6.800000,drone2,ekf,0.998746,0.000994,1.240877,-0.000800,0.004756,-0.000009,0.999988,-0.000026,0.213316,0.129420,-0.018803
6.800000,drone2,ekf,0.999193,0.001080,1.242308,-0.000800,0.004756,-0.000009,0.999988,-0.000026,0.215055,0.129751,-0.018529
6.800000,drone3,ekf,0.587563,0.352106,0.726969,-0.000799,0.004737,-0.000002,0.999988,-0.000012,0.029690,0.004520,0.016026
6.820000,drone3,raw,1.006350,0.601973,1.248571,-0.000792,0.004775,-0.000002,0.999988,-0.000012,-0.000179,-0.001864,0.247437
6.820000,drone2,raw,1.005980,0.001982,1.256083,-0.000792,0.004794,0.000002,0.999988,-0.000003,-0.000173,-0.001869,0.247016
6.820000,drone1,raw,1.006365,-0.598025,1.250471,-0.000792,0.004776,0.000005,0.999988,0.000003,-0.000203,-0.001865,0.246579
6.840000,drone3,raw,1.006359,0.601943,1.253252,-0.000784,0.004807,-0.000003,0.999988,-0.000013,-0.001227,-0.001883,0.238517
6.840000,drone1,raw,1.006374,-0.598055,1.255135,-0.000785,0.004807,0.000005,0.999988,0.000002,-0.001253,-0.001883,0.237636
6.840000,drone2,raw,1.005989,0.001952,1.260756,-0.000785,0.004825,0.000014,0.999988,0.000021,-0.001226,-0.001876,0.238084
6.852000,drone3,ekf,0.605775,0.362548,0.749451,-0.000784,0.004807,-0.000003,0.999988,-0.000013,0.026243,0.005780,0.006768
6.852000,drone2,ekf,1.009107,0.007267,1.241781,-0.000785,0.004825,0.000014,0.999988,0.000021,0.199675,0.128946,-0.049286
6.852000,drone1,ekf,0.604525,-0.362926,0.750725,-0.000785,0.004807,0.000005,0.999988,0.000002,0.007830,-0.043717,0.012769
6.852000,drone2,ekf,1.008632,0.006745,1.243645,-0.000785,0.004825,0.000014,0.999988,0.000021,0.197797,0.126879,-0.048862
6.852000,drone1,ekf,0.620329,-0.372239,0.771440,-0.000785,0.004807,0.000005,0.999988,0.000002,0.012397,-0.046409,0.018717
6.852000,drone3,ekf,0.621528,0.372030,0.770142,-0.000780,0.004823,-0.000003,0.999988,-0.000013,0.030796,0.008521,0.012708
6.852000,drone2,ekf,1.008242,0.006315,1.245340,-0.000780,0.004840,0.000002,0.999988,-0.000004,0.196257,0.125183,-0.048477
6.852000,drone1,ekf,0.634931,-0.380844,0.790581,-0.000780,0.004823,0.000005,0.999988,0.000002,0.016617,-0.048896,0.024213
6.852000,drone3,ekf,0.636085,0.380792,0.789261,-0.000780,0.004823,-0.000003,0.999988,-0.000013,0.035003,0.011053,0.018198
6.852000,drone2,ekf,1.007917,0.005957,1.246886,-0.000780,0.004840,0.000002,0.999988,-0.000004,0.194970,0.123766,-0.048125
6.852000,drone1,ekf,0.648465,-0.388820,0.808321,-0.000780,0.004823,0.000005,0.999988,0.000002,0.020529,-0.051201,0.029306
6.852000,drone3,ekf,0.649576,0.388913,0.806981,-0.000780,0.004823,-0.000003,0.999988,-0.000013,0.038902,0.013400,0.023286
6.860000,drone2,raw,1.005978,0.001920,1.265257,-0.000777,0.004849,0.000002,0.999988,-0.000004,-0.002261,-0.001906,0.229327
6.860000,drone1,raw,1.006362,-0.598086,1.259627,-0.000777,0.004832,0.000005,0.999988,0.000002,-0.002285,-0.001901,0.228868
6.860000,drone3,raw,1.006348,0.601911,1.257762,-0.000777,0.004832,-0.000003,0.999988,-0.000013,-0.002258,-0.001901,0.229773
6.880000,drone3,raw,1.006315,0.601880,1.262112,-0.000769,0.004850,-0.000003,0.999988,-0.000014,-0.003247,-0.001919,0.221479
6.880000,drone2,raw,1.005945,0.001888,1.269598,-0.000769,0.004867,-0.000010,0.999988,-0.000028,-0.003255,-0.001936,0.221021
6.880000,drone1,raw,1.006329,-0.598118,1.263958,-0.000769,0.004851,0.000004,0.999988,0.000001,-0.003276,-0.001919,0.220551
6.900000,drone1,raw,1.006276,-0.598151,1.268145,-0.000761,0.004863,0.000004,0.999988,0.000001,-0.004204,-0.001939,0.212940
6.900000,drone2,raw,1.005893,0.001856,1.273795,-0.000761,0.004878,0.000001,0.999988,-0.000005,-0.004186,-0.001944,0.213422
6.900000,drone3,raw,1.006264,0.601847,1.266319,-0.000761,0.004863,-0.000003,0.999988,-0.000014,-0.004174,-0.001939,0.213892
6.900000,drone2,ekf,1.015273,0.011185,1.245151,-0.000765,0.004874,0.000001,0.999988,-0.000005,0.175822,0.127867,-0.078369
6.900000,drone3,ekf,0.663713,0.397635,0.825210,-0.000764,0.004859,-0.000003,0.999988,-0.000014,0.031024,0.023299,0.025324
6.900000,drone2,ekf,1.014204,0.010287,1.247036,-0.000761,0.004878,0.000001,0.999988,-0.000005,0.171764,0.124459,-0.077852
6.900000,drone3,ekf,0.675731,0.404861,0.841372,-0.000761,0.004863,-0.000003,0.999988,-0.000014,0.036478,0.026579,0.032569
6.900000,drone2,ekf,1.013323,0.009548,1.248772,-0.000761,0.004878,0.000001,0.999988,-0.000005,0.168420,0.121651,-0.077376
6.900000,drone3,ekf,0.686931,0.411595,0.856434,-0.000761,0.004863,-0.000003,0.999988,-0.000014,0.041561,0.029635,0.039320
6.900000,drone2,ekf,1.012585,0.008928,1.250378,-0.000761,0.004878,0.000001,0.999988,-0.000005,0.165618,0.119297,-0.076936
6.900000,drone1,ekf,0.662351,-0.398930,0.826084,-0.000764,0.004859,0.000004,0.999988,0.000001,0.024737,-0.056107,0.014881
6.900000,drone3,ekf,0.697393,0.417885,0.870503,-0.000761,0.004863,-0.000003,0.999988,-0.000014,0.046309,0.032489,0.045627
6.900000,drone1,ekf,0.674418,-0.405978,0.842280,-0.000761,0.004863,0.000004,0.999988,0.000001,0.030213,-0.059306,0.022141
6.900000,drone1,ekf,0.685663,-0.412545,0.857373,-0.000761,0.004863,0.000004,0.999988,0.000001,0.035317,-0.062287,0.028906
6.900000,drone1,ekf,0.696167,-0.418680,0.871472,-0.000761,0.004863,0.000004,0.999988,0.000001,0.040084,-0.065071,0.035226
6.920000,drone3,raw,1.006195,0.601814,1.270404,-0.000752,0.004870,-0.000004,0.999988,-0.000015,-0.005018,-0.001959,0.207244
6.920000,drone2,raw,1.005824,0.001823,1.277870,-0.000753,0.004884,0.000013,0.999988,0.000019,-0.005034,-0.001953,0.206761
6.920000,drone1,raw,1.006207,-0.598184,1.272210,-0.000753,0.004870,0.000004,0.999988,0.000000,-0.005049,-0.001959,0.206268
6.940000,drone1,raw,1.006123,-0.598218,1.276177,-0.000744,0.004872,0.000003,0.999988,-0.000000,-0.005795,-0.001981,0.200735
6.940000,drone3,raw,1.006112,0.601780,1.274390,-0.000744,0.004872,-0.000004,0.999988,-0.000015,-0.005763,-0.001981,0.201734
6.940000,drone2,raw,1.005741,0.001788,1.281846,-0.000745,0.004886,0.000001,0.999988,-0.000006,-0.005782,-0.001987,0.201239
6.952000,drone3,ekf,0.709742,0.425722,0.887269,-0.000739,0.004871,-0.000004,0.999988,-0.000016,0.046499,0.036131,0.058766
6.952000,drone2,ekf,1.018959,0.013931,1.247767,-0.000745,0.004886,0.000001,0.999988,-0.000006,0.150406,0.118778,-0.089940
6.952000,drone1,ekf,0.708117,-0.428625,0.886498,-0.000739,0.004871,0.000003,0.999988,-0.000001,0.037761,-0.080860,0.023659
6.952000,drone3,ekf,0.719349,0.431486,0.900524,-0.000739,0.004871,-0.000004,0.999988,-0.000016,0.052730,0.039869,0.067194
6.952000,drone3,ekf,0.728350,0.436886,0.912943,-0.000739,0.004871,-0.000004,0.999988,-0.000016,0.058567,0.043371,0.075089
6.952000,drone2,ekf,1.017525,0.012768,1.249717,-0.000739,0.004885,0.000013,0.999988,0.000018,0.145330,0.114663,-0.089278
6.952000,drone1,ekf,0.717777,-0.434178,0.899836,-0.000739,0.004871,0.000003,0.999988,-0.000001,0.044026,-0.084461,0.032139
6.952000,drone3,ekf,0.736799,0.441955,0.924602,-0.000739,0.004871,-0.000004,0.999988,-0.000016,0.064046,0.046658,0.082502
6.952000,drone2,ekf,1.016341,0.011809,1.251531,-0.000739,0.004885,0.000013,0.999988,0.000018,0.141142,0.111267,-0.088661
6.952000,drone1,ekf,0.726828,-0.439380,0.912332,-0.000739,0.004871,0.000003,0.999988,-0.000001,0.049895,-0.087834,0.040084
6.952000,drone2,ekf,1.015348,0.011003,1.253223,-0.000739,0.004885,0.000013,0.999988,0.000018,0.137627,0.108418,-0.088087
6.952000,drone1,ekf,0.735325,-0.444263,0.924064,-0.000739,0.004871,0.000003,0.999988,-0.000001,0.055405,-0.091001,0.047543
6.960000,drone3,raw,1.006016,0.601745,1.278307,-0.000735,0.004870,-0.000004,0.999988,-0.000016,-0.006394,-0.002005,0.197528
6.960000,drone2,raw,1.005645,0.001754,1.285753,-0.000736,0.004883,-0.000012,0.999988,-0.000030,-0.006415,-0.002023,0.197021
6.960000,drone1,raw,1.006026,-0.598252,1.280073,-0.000736,0.004870,0.000003,0.999988,-0.000001,-0.006426,-0.002005,0.196506
6.980000,drone3,raw,1.005912,0.601710,1.282183,-0.000727,0.004866,-0.000005,0.999988,-0.000017,-0.006899,-0.002031,0.194753
6.980000,drone2,raw,1.005540,0.001718,1.289618,-0.000727,0.004878,0.000000,0.999988,-0.000007,-0.006923,-0.002036,0.194235
6.980000,drone1,raw,1.005921,-0.598288,1.283928,-0.000727,0.004866,0.000003,0.999988,-0.000001,-0.006932,-0.002031,0.193709
7.000000,drone3,raw,1.005801,0.601674,1.286049,-0.000718,0.004859,-0.000005,0.999988,-0.000017,-0.007272,-0.002058,0.193494
7.000000,drone2,raw,1.005428,0.001683,1.293474,-0.000718,0.004871,0.000012,0.999988,0.000017,-0.007297,-0.002052,0.192964
7.000000,drone1,raw,1.005809,-0.598324,1.287772,-0.000718,0.004859,0.000003,0.999988,-0.000002,-0.007305,-0.002058,0.192427
7.000000,drone2,ekf,1.020895,0.014601,1.250863,-0.000722,0.004874,-0.000012,0.999988,-0.000031,0.149133,0.100182,-0.092094
7.000000,drone1,ekf,0.746288,-0.452418,0.938207,-0.000722,0.004862,0.000003,0.999988,-0.000002,0.058886,-0.073516,0.053693
7.000000,drone3,ekf,0.747845,0.448145,0.939496,-0.000718,0.004859,-0.000005,0.999988,-0.000017,0.061633,0.027537,0.071313
7.000000,drone2,ekf,1.019329,0.013425,1.252828,-0.000722,0.004874,-0.000012,0.999988,-0.000031,0.143985,0.096315,-0.091281
7.000000,drone1,ekf,0.754241,-0.456939,0.949501,-0.000718,0.004859,0.000003,0.999988,-0.000002,0.065510,-0.077282,0.062844
7.000000,drone3,ekf,0.755750,0.452903,0.950697,-0.000718,0.004859,-0.000005,0.999988,-0.000017,0.068217,0.031500,0.080389
7.000000,drone2,ekf,1.018026,0.012446,1.254668,-0.000718,0.004871,0.000012,0.999988,0.000017,0.139698,0.093095,-0.090519
7.000000,drone1,ekf,0.761718,-0.461189,0.960120,-0.000718,0.004859,0.000003,0.999988,-0.000002,0.071739,-0.080823,0.071448
7.000000,drone3,ekf,0.763181,0.457376,0.961229,-0.000718,0.004859,-0.000005,0.999988,-0.000017,0.074408,0.035226,0.088923
7.000000,drone2,ekf,1.016924,0.011618,1.256396,-0.000718,0.004871,0.000012,0.999988,0.000017,0.136072,0.090371,-0.089803
7.000000,drone1,ekf,0.768760,-0.465193,0.970123,-0.000718,0.004859,0.000003,0.999988,-0.000002,0.077605,-0.084158,0.079554
7.000000,drone3,ekf,0.770181,0.461589,0.971150,-0.000718,0.004859,-0.000005,0.999988,-0.000017,0.080239,0.038736,0.096962
7.020000,drone2,raw,1.005314,0.001646,1.297351,-0.000709,0.004863,-0.000001,0.999988,-0.000008,-0.007536,-0.002093,0.193249
7.020000,drone1,raw,1.005694,-0.598360,1.291638,-0.000709,0.004852,0.000002,0.999988,-0.000002,-0.007543,-0.002087,0.192701
7.020000,drone3,raw,1.005687,0.601638,1.289937,-0.000709,0.004852,-0.000005,0.999988,-0.000018,-0.007511,-0.002087,0.193791
7.040000,drone3,raw,1.005572,0.601601,1.293878,-0.000699,0.004844,-0.000006,0.999988,-0.000018,-0.007616,-0.002118,0.195641
7.040000,drone2,raw,1.005198,0.001608,1.301280,-0.000700,0.004855,-0.000013,0.999988,-0.000033,-0.007641,-0.002136,0.195088
7.040000,drone1,raw,1.005579,-0.598397,1.295556,-0.000700,0.004844,0.000002,0.999988,-0.000003,-0.007649,-0.002118,0.194529
7.052000,drone3,ekf,0.781206,0.468114,0.986841,-0.000693,0.004840,-0.000006,0.999988,-0.000018,0.082298,0.047297,0.111847
7.052000,drone1,ekf,0.779675,-0.474984,0.985822,-0.000700,0.004844,0.000002,0.999988,-0.000003,0.079283,-0.115984,0.110445
7.052000,drone3,ekf,0.787902,0.472151,0.996628,-0.000693,0.004840,-0.000006,0.999988,-0.000018,0.089165,0.051437,0.121526
7.052000,drone2,ekf,1.021335,0.014853,1.255053,-0.000700,0.004855,-0.000013,0.999988,-0.000033,0.115883,0.085171,-0.065672
7.052000,drone1,ekf,0.786417,-0.478718,0.995689,-0.000694,0.004840,0.000002,0.999988,-0.000003,0.086198,-0.119813,0.120203
7.052000,drone3,ekf,0.794207,0.475952,1.005846,-0.000693,0.004840,-0.000006,0.999988,-0.000018,0.095632,0.055335,0.130641
7.052000,drone1,ekf,0.792766,-0.482233,1.004983,-0.000694,0.004840,0.000002,0.999988,-0.000003,0.092709,-0.123418,0.129393
7.052000,drone3,ekf,0.800155,0.479537,1.014542,-0.000693,0.004840,-0.000006,0.999988,-0.000018,0.101731,0.059011,0.139242
7.052000,drone2,ekf,1.019756,0.013685,1.257053,-0.000694,0.004851,-0.000001,0.999988,-0.000009,0.111095,0.081629,-0.064655
7.052000,drone1,ekf,0.798755,-0.485549,1.013751,-0.000694,0.004840,0.000002,0.999988,-0.000003,0.098851,-0.126818,0.138065
7.052000,drone2,ekf,1.018434,0.012706,1.258935,-0.000694,0.004851,-0.000001,0.999988,-0.000009,0.107084,0.078662,-0.063698
7.052000,drone2,ekf,1.017309,0.011874,1.260710,-0.000694,0.004851,-0.000001,0.999988,-0.000009,0.103673,0.076139,-0.062796
7.060000,drone3,raw,1.005460,0.601563,1.297900,-0.000690,0.004838,-0.000006,0.999988,-0.000019,-0.007594,-0.002151,0.198998
7.060000,drone1,raw,1.005466,-0.598435,1.299556,-0.000690,0.004838,0.000002,0.999988,-0.000003,-0.007627,-0.002151,0.197863
7.060000,drone2,raw,1.005086,0.001571,1.305291,-0.000690,0.004848,-0.000001,0.999988,-0.000009,-0.007619,-0.002157,0.198433
7.080000,drone2,raw,1.004978,0.001532,1.309411,-0.000680,0.004842,0.000011,0.999988,0.000015,-0.007480,-0.002180,0.203197
7.080000,drone1,raw,1.005358,-0.598474,1.303664,-0.000680,0.004833,0.000001,0.999988,-0.000004,-0.007488,-0.002185,0.202616
7.080000,drone3,raw,1.005353,0.601524,1.302031,-0.000680,0.004833,-0.000006,0.999988,-0.000019,-0.007456,-0.002185,0.203772
7.100000,drone2,raw,1.004877,0.001493,1.313664,-0.000671,0.004839,-0.000002,0.999988,-0.000010,-0.007237,-0.002228,0.209251
7.100000,drone3,raw,1.005253,0.601485,1.306296,-0.000670,0.004830,-0.000007,0.999988,-0.000020,-0.007215,-0.002221,0.209837
7.100000,drone1,raw,1.005257,-0.598513,1.307904,-0.000670,0.004830,0.000001,0.999988,-0.000005,-0.007246,-0.002221,0.208659
7.100000,drone2,ekf,1.020405,0.014578,1.260407,-0.000671,0.004839,-0.000002,0.999988,-0.000010,0.095284,0.079667,-0.049388
7.100000,drone1,ekf,0.809803,-0.494948,1.030329,-0.000670,0.004830,0.000001,0.999988,-0.000005,0.110044,-0.131205,0.163516
7.100000,drone3,ekf,0.811593,0.485052,1.031409,-0.000670,0.004830,-0.000007,0.999988,-0.000020,0.119272,0.042277,0.171189
7.100000,drone2,ekf,1.018979,0.013496,1.262415,-0.000671,0.004839,-0.000002,0.999988,-0.000010,0.091263,0.076617,-0.048173
7.100000,drone1,ekf,0.815555,-0.498042,1.039018,-0.000670,0.004830,0.000001,0.999988,-0.000005,0.116873,-0.134878,0.173384
7.100000,drone2,ekf,1.017771,0.012580,1.264312,-0.000671,0.004839,-0.000002,0.999988,-0.000010,0.087856,0.074034,-0.047025
7.100000,drone1,ekf,0.820975,-0.500958,1.047209,-0.000670,0.004830,0.000001,0.999988,-0.000005,0.123308,-0.138340,0.182687
7.100000,drone3,ekf,0.817291,0.488530,1.040019,-0.000670,0.004830,-0.000007,0.999988,-0.000020,0.126038,0.046406,0.180967
7.100000,drone2,ekf,1.016735,0.011795,1.266107,-0.000671,0.004839,-0.000002,0.999988,-0.000010,0.084934,0.071818,-0.045938
7.100000,drone1,ekf,0.826091,-0.503710,1.054945,-0.000670,0.004830,0.000001,0.999988,-0.000005,0.129383,-0.141608,0.191472
7.100000,drone3,ekf,0.822661,0.491807,1.048136,-0.000670,0.004830,-0.000007,0.999988,-0.000020,0.132413,0.050297,0.190185
7.100000,drone3,ekf,0.827730,0.494900,1.055801,-0.000670,0.004830,-0.000007,0.999988,-0.000020,0.138432,0.053970,0.198890
7.120000,drone3,raw,1.005161,0.601446,1.310715,-0.000660,0.004830,-0.000007,0.999988,-0.000020,-0.006888,-0.002258,0.217030
7.120000,drone2,raw,1.004786,0.001453,1.318070,-0.000660,0.004839,-0.000014,0.999988,-0.000035,-0.006909,-0.002276,0.216433
7.120000,drone1,raw,1.005164,-0.598552,1.312299,-0.000660,0.004831,0.000001,0.999988,-0.000005,-0.006920,-0.002258,0.215830
7.140000,drone3,raw,1.005080,0.601405,1.315304,-0.000650,0.004834,-0.000007,0.999988,-0.000021,-0.006497,-0.002295,0.225159
7.140000,drone2,raw,1.004704,0.001413,1.322648,-0.000650,0.004843,-0.000002,0.999988,-0.000011,-0.006514,-0.002302,0.224551
7.140000,drone1,raw,1.005082,-0.598593,1.316864,-0.000650,0.004834,0.000000,0.999988,-0.000006,-0.006527,-0.002295,0.223937
7.152000,drone3,ekf,0.840227,0.501856,1.074925,-0.000643,0.004838,-0.000007,0.999988,-0.000021,0.147047,0.076440,0.220115
7.152000,drone2,ekf,1.020046,0.014480,1.267185,-0.000650,0.004843,-0.000002,0.999988,-0.000011,0.090390,0.072084,-0.019655
7.152000,drone1,ekf,0.838989,-0.513244,1.075401,-0.000650,0.004834,0.000000,0.999988,-0.000006,0.154059,-0.134139,0.245122
7.152000,drone1,ekf,0.843926,-0.515828,1.083165,-0.000650,0.004834,0.000000,0.999988,-0.000006,0.160662,-0.137595,0.254972
7.152000,drone2,ekf,1.018692,0.013444,1.269247,-0.000650,0.004843,-0.000002,0.999988,-0.000011,0.086849,0.069375,-0.018176
7.152000,drone3,ekf,0.845126,0.504867,1.082657,-0.000643,0.004838,-0.000007,0.999988,-0.000021,0.153600,0.080466,0.229925
7.152000,drone1,ekf,0.848575,-0.518262,1.090482,-0.000644,0.004838,0.000000,0.999988,-0.000006,0.166879,-0.140850,0.264255
7.152000,drone2,ekf,1.017538,0.012561,1.271200,-0.000644,0.004846,-0.000015,0.999988,-0.000035,0.083828,0.067064,-0.016776
7.152000,drone1,ekf,0.852960,-0.520558,1.097389,-0.000644,0.004838,0.000000,0.999988,-0.000006,0.172744,-0.143921,0.273017
7.152000,drone3,ekf,0.849740,0.507702,1.089944,-0.000643,0.004838,-0.000007,0.999988,-0.000021,0.159770,0.084259,0.239169
7.152000,drone2,ekf,1.016541,0.011798,1.273052,-0.000644,0.004846,-0.000015,0.999988,-0.000035,0.081220,0.065068,-0.015448
7.152000,drone3,ekf,0.854092,0.510377,1.096823,-0.000643,0.004838,-0.000007,0.999988,-0.000021,0.165591,0.087836,0.247896
7.160000,drone3,raw,1.005009,0.601365,1.320077,-0.000639,0.004842,-0.000007,0.999988,-0.000021,-0.006060,-0.002333,0.234006
7.160000,drone2,raw,1.004633,0.001372,1.327408,-0.000640,0.004850,0.000009,0.999988,0.000012,-0.006075,-0.002328,0.233387
7.160000,drone1,raw,1.005011,-0.598634,1.321612,-0.000640,0.004842,0.000000,0.999988,-0.000006,-0.006090,-0.002333,0.232763
7.180000,drone1,raw,1.004951,-0.598675,1.326549,-0.000629,0.004853,-0.000000,0.999988,-0.000007,-0.005631,-0.002371,0.242072
7.180000,drone3,raw,1.004950,0.601323,1.325040,-0.000629,0.004853,-0.000008,0.999988,-0.000022,-0.005602,-0.002371,0.243336
7.180000,drone2,raw,1.004573,0.001330,1.332358,-0.000629,0.004860,-0.000003,0.999988,-0.000012,-0.005614,-0.002378,0.242707
7.200000,drone1,raw,1.004902,-0.598717,1.331678,-0.000618,0.004867,-0.000001,0.999988,-0.000007,-0.005172,-0.002409,0.251619
7.200000,drone2,raw,1.004525,0.001287,1.337500,-0.000618,0.004875,-0.000015,0.999988,-0.000037,-0.005153,-0.002428,0.252265
7.200000,drone3,raw,1.004902,0.601281,1.330195,-0.000618,0.004867,-0.000008,0.999988,-0.000022,-0.005143,-0.002409,0.252904
7.200000,drone2,ekf,1.019619,0.013685,1.275918,-0.000623,0.004868,0.000009,0.999988,0.000012,0.091019,0.059151,0.015738
7.200000,drone1,ekf,0.865978,-0.529627,1.119201,-0.000622,0.004861,-0.000000,0.999988,-0.000007,0.185062,-0.145155,0.312121
7.200000,drone1,ekf,0.870153,-0.531750,1.126074,-0.000618,0.004867,-0.000001,0.999988,-0.000007,0.191115,-0.148232,0.321505
7.200000,drone1,ekf,0.874081,-0.533746,1.132547,-0.000618,0.004867,-0.000001,0.999988,-0.000007,0.196811,-0.151127,0.330345
7.200000,drone1,ekf,0.877784,-0.535629,1.138656,-0.000618,0.004867,-0.000001,0.999988,-0.000007,0.202180,-0.153856,0.338686
7.200000,drone3,ekf,0.865848,0.517237,1.116848,-0.000618,0.004867,-0.000008,0.999988,-0.000022,0.158680,0.089709,0.274350
7.200000,drone2,ekf,1.018372,0.012767,1.277999,-0.000618,0.004875,-0.000015,0.999988,-0.000037,0.087964,0.056898,0.017450
7.200000,drone3,ekf,0.870027,0.519815,1.123747,-0.000618,0.004867,-0.000008,0.999988,-0.000022,0.164739,0.093448,0.283770
7.200000,drone2,ekf,1.017298,0.011975,1.279974,-0.000618,0.004875,-0.000015,0.999988,-0.000037,0.085331,0.054957,0.019074
7.200000,drone3,ekf,0.873959,0.522241,1.130245,-0.000618,0.004867,-0.000008,0.999988,-0.000022,0.170440,0.096966,0.292643
7.200000,drone2,ekf,1.016363,0.011285,1.281850,-0.000618,0.004875,-0.000015,0.999988,-0.000037,0.083039,0.053267,0.020616
7.200000,drone3,ekf,0.877665,0.524528,1.136376,-0.000618,0.004867,-0.000008,0.999988,-0.000022,0.175815,0.100282,0.301016
7.220000,drone2,raw,1.004487,0.001245,1.342832,-0.000607,0.004893,-0.000004,0.999988,-0.000013,-0.004713,-0.002453,0.261810
7.220000,drone1,raw,1.004863,-0.598760,1.336996,-0.000607,0.004886,-0.000001,0.999988,-0.000008,-0.004734,-0.002446,0.261154
7.220000,drone3,raw,1.004864,0.601238,1.335540,-0.000607,0.004886,-0.000008,0.999988,-0.000023,-0.004706,-0.002446,0.262460
7.240000,drone1,raw,1.004834,-0.598803,1.342497,-0.000596,0.004907,-0.000001,0.999988,-0.000008,-0.004337,-0.002482,0.270429
7.240000,drone3,raw,1.004836,0.601195,1.341066,-0.000596,0.004907,-0.000009,0.999988,-0.000023,-0.004309,-0.002482,0.271756
7.240000,drone2,raw,1.004459,0.001201,1.348345,-0.000596,0.004914,0.000008,0.999988,0.000010,-0.004314,-0.002477,0.271096
7.252000,drone3,ekf,0.889671,0.532509,1.160112,-0.000596,0.004907,-0.000009,0.999988,-0.000023,0.163653,0.112368,0.339230
7.252000,drone2,ekf,1.018375,0.013181,1.286767,-0.000596,0.004914,0.000008,0.999988,0.000010,0.060550,0.053229,0.053205
7.252000,drone1,ekf,0.891084,-0.545519,1.163333,-0.000596,0.004907,-0.000001,0.999988,-0.000008,0.189375,-0.158214,0.358386
7.252000,drone3,ekf,0.893233,0.534687,1.166298,-0.000589,0.004922,-0.000009,0.999988,-0.000023,0.169151,0.115730,0.348156
7.252000,drone1,ekf,0.894602,-0.547214,1.169463,-0.000596,0.004907,-0.000001,0.999988,-0.000008,0.194805,-0.160830,0.367232
7.252000,drone3,ekf,0.896579,0.536733,1.172116,-0.000589,0.004922,-0.000009,0.999988,-0.000023,0.174315,0.118887,0.356551
7.252000,drone1,ekf,0.897905,-0.548806,1.175229,-0.000589,0.004922,-0.000001,0.999988,-0.000008,0.199904,-0.163287,0.375552
7.252000,drone2,ekf,1.017266,0.012330,1.288910,-0.000596,0.004914,0.000008,0.999988,0.000010,0.058006,0.051277,0.055206
7.252000,drone3,ekf,0.899727,0.538658,1.177598,-0.000589,0.004922,-0.000009,0.999988,-0.000023,0.179174,0.121858,0.364461
7.252000,drone1,ekf,0.901014,-0.550303,1.180662,-0.000589,0.004922,-0.000001,0.999988,-0.000008,0.204702,-0.165598,0.383392
7.252000,drone2,ekf,1.016305,0.011593,1.290944,-0.000589,0.004928,-0.000004,0.999988,-0.000014,0.055799,0.049584,0.057105
7.252000,drone2,ekf,1.015463,0.010947,1.292877,-0.000589,0.004928,-0.000004,0.999988,-0.000014,0.053866,0.048101,0.058911
7.260000,drone1,raw,1.004813,-0.598847,1.348166,-0.000585,0.004932,-0.000001,0.999988,-0.000009,-0.003998,-0.002517,0.279209
7.260000,drone3,raw,1.004815,0.601151,1.346763,-0.000584,0.004932,-0.000009,0.999988,-0.000024,-0.003972,-0.002516,0.280556
7.260000,drone2,raw,1.004438,0.001157,1.354028,-0.000585,0.004938,-0.000004,0.999988,-0.000014,-0.003974,-0.002524,0.279885
7.280000,drone3,raw,1.004801,0.601106,1.352613,-0.000573,0.004958,-0.000009,0.999988,-0.000024,-0.003707,-0.002549,0.288640
7.280000,drone2,raw,1.004424,0.001112,1.359865,-0.000573,0.004964,-0.000016,0.999988,-0.000039,-0.003707,-0.002569,0.287959
7.280000,drone1,raw,1.004798,-0.598892,1.353988,-0.000573,0.004958,-0.000002,0.999988,-0.000009,-0.003734,-0.002550,0.287272
7.300000,drone3,raw,1.004792,0.601061,1.358596,-0.000561,0.004986,-0.000010,0.999987,-0.000025,-0.003528,-0.002581,0.295810
7.300000,drone1,raw,1.004787,-0.598937,1.359944,-0.000562,0.004986,-0.000002,0.999987,-0.000010,-0.003554,-0.002581,0.294423
7.300000,drone2,ekf,1.016193,0.012482,1.298801,-0.000566,0.004980,-0.000005,0.999987,-0.000015,0.034533,0.048356,0.077962
7.300000,drone3,ekf,0.911352,0.546349,1.201989,-0.000566,0.004975,-0.000009,0.999987,-0.000024,0.181584,0.123637,0.396152
7.300000,drone2,raw,1.004414,0.001067,1.365834,-0.000562,0.004992,-0.000005,0.999987,-0.000015,-0.003527,-0.002588,0.295119
7.300000,drone2,ekf,1.015295,0.011723,1.300977,-0.000566,0.004980,-0.000005,0.999987,-0.000015,0.032585,0.046707,0.080205
7.300000,drone1,ekf,0.913711,-0.559665,1.205825,-0.000566,0.004975,-0.000002,0.999987,-0.000009,0.205468,-0.168655,0.413833
7.300000,drone3,ekf,0.914301,0.548131,1.207417,-0.000561,0.004986,-0.000010,0.999987,-0.000025,0.186321,0.126499,0.404251
7.300000,drone2,ekf,1.014509,0.011058,1.303044,-0.000562,0.004992,-0.000005,0.999987,-0.000015,0.030880,0.045265,0.082336
7.300000,drone1,ekf,0.916584,-0.560949,1.211176,-0.000566,0.004975,-0.000002,0.999987,-0.000009,0.210084,-0.170717,0.421817
7.300000,drone3,ekf,0.917067,0.549802,1.212518,-0.000561,0.004986,-0.000010,0.999987,-0.000025,0.190763,0.129182,0.411861
7.300000,drone2,ekf,1.013816,0.010471,1.305010,-0.000562,0.004992,-0.000005,0.999987,-0.000015,0.029376,0.043992,0.084362
7.300000,drone1,ekf,0.919279,-0.562153,1.216203,-0.000562,0.004986,-0.000002,0.999987,-0.000010,0.214411,-0.172651,0.429318
7.300000,drone3,ekf,0.919666,0.551372,1.217319,-0.000561,0.004986,-0.000010,0.999987,-0.000025,0.194937,0.131703,0.419024
7.300000,drone1,ekf,0.921811,-0.563285,1.220936,-0.000562,0.004986,-0.000002,0.999987,-0.000010,0.218477,-0.174468,0.436378
7.320000,drone3,raw,1.004784,0.601015,1.364690,-0.000549,0.005015,-0.000010,0.999987,-0.000025,-0.003444,-0.002610,0.301897
7.320000,drone2,raw,1.004407,0.001021,1.371913,-0.000550,0.005020,0.000007,0.999987,0.000008,-0.003441,-0.002606,0.301197
7.320000,drone1,raw,1.004779,-0.598983,1.366009,-0.000550,0.005015,-0.000002,0.999987,-0.000010,-0.003470,-0.002610,0.300491
7.340000,drone3,raw,1.004776,0.600969,1.370868,-0.000537,0.005044,-0.000010,0.999987,-0.000026,-0.003459,-0.002637,0.306766
7.340000,drone2,raw,1.004399,0.000975,1.378077,-0.000538,0.005049,-0.000005,0.999987,-0.000016,-0.003456,-0.002645,0.306055
7.340000,drone1,raw,1.004771,-0.599029,1.372158,-0.000538,0.005044,-0.000003,0.999987,-0.000011,-0.003485,-0.002637,0.305340
7.352000,drone3,ekf,0.932604,0.559658,1.244613,-0.000537,0.005044,-0.000010,0.999987,-0.000026,0.204499,0.132955,0.435190
7.352000,drone1,ekf,0.935114,-0.573184,1.248896,-0.000538,0.005044,-0.000003,0.999987,-0.000011,0.213097,-0.173677,0.449833
7.352000,drone2,ekf,1.015007,0.012001,1.312236,-0.000538,0.005049,-0.000005,0.999987,-0.000016,0.038387,0.043302,0.095764
7.352000,drone1,ekf,0.937382,-0.574070,1.253539,-0.000538,0.005044,-0.000003,0.999987,-0.000011,0.216844,-0.175140,0.456911
7.352000,drone3,ekf,0.934957,0.561060,1.249353,-0.000530,0.005061,-0.000010,0.999987,-0.000026,0.208385,0.135270,0.442416
7.352000,drone1,ekf,0.939505,-0.574899,1.257893,-0.000531,0.005061,-0.000003,0.999987,-0.000011,0.220349,-0.176509,0.463549
7.352000,drone2,ekf,1.014222,0.011296,1.314498,-0.000538,0.005049,-0.000005,0.999987,-0.000016,0.036776,0.041856,0.098309
7.352000,drone1,ekf,0.941494,-0.575676,1.261984,-0.000531,0.005061,-0.000003,0.999987,-0.000011,0.223634,-0.177792,0.469786
7.352000,drone3,ekf,0.937157,0.562371,1.253798,-0.000530,0.005061,-0.000010,0.999987,-0.000026,0.212019,0.137436,0.449192
7.352000,drone2,ekf,1.013530,0.010676,1.316645,-0.000531,0.005066,0.000006,0.999987,0.000008,0.035358,0.040584,0.100724
7.352000,drone3,ekf,0.939220,0.563601,1.257974,-0.000530,0.005061,-0.000010,0.999987,-0.000026,0.215426,0.139466,0.455559
7.352000,drone2,ekf,1.012917,0.010126,1.318686,-0.000531,0.005066,0.000006,0.999987,0.000008,0.034101,0.039457,0.103021
7.360000,drone3,raw,1.004766,0.600922,1.377103,-0.000525,0.005073,-0.000010,0.999987,-0.000026,-0.003576,-0.002662,0.310313
7.360000,drone2,raw,1.004389,0.000927,1.384298,-0.000526,0.005077,-0.000018,0.999987,-0.000041,-0.003573,-0.002682,0.309593
7.360000,drone1,raw,1.004760,-0.599076,1.378365,-0.000526,0.005073,-0.000003,0.999987,-0.000011,-0.003602,-0.002662,0.308868
7.380000,drone2,raw,1.004374,0.000880,1.390548,-0.000514,0.005104,-0.000006,0.999987,-0.000017,-0.003793,-0.002693,0.311746
7.380000,drone1,raw,1.004744,-0.599124,1.384600,-0.000513,0.005100,-0.000003,0.999987,-0.000011,-0.003821,-0.002685,0.311012
7.380000,drone3,raw,1.004751,0.600875,1.383368,-0.000513,0.005100,-0.000011,0.999987,-0.000027,-0.003795,-0.002685,0.312476
7.400000,drone3,raw,1.004730,0.600827,1.389633,-0.000501,0.005125,-0.000011,0.999987,-0.000027,-0.004112,-0.002706,0.313229
7.400000,drone1,raw,1.004721,-0.599172,1.390836,-0.000501,0.005125,-0.000003,0.999987,-0.000012,-0.004138,-0.002706,0.311747
7.400000,drone1,ekf,0.954699,-0.584409,1.288316,-0.000506,0.005115,-0.000003,0.999987,-0.000012,0.241137,-0.171103,0.467554
7.400000,drone2,ekf,1.012752,0.011478,1.325910,-0.000506,0.005120,-0.000018,0.999987,-0.000041,0.009607,0.041926,0.102579
7.400000,drone1,ekf,0.956352,-0.584937,1.292240,-0.000506,0.005115,-0.000003,0.999987,-0.000012,0.243909,-0.171988,0.473596
7.400000,drone2,ekf,1.012143,0.010836,1.328224,-0.000506,0.005120,-0.000018,0.999987,-0.000041,0.008418,0.040673,0.105357
7.400000,drone1,ekf,0.957895,-0.585430,1.295916,-0.000501,0.005125,-0.000003,0.999987,-0.000012,0.246497,-0.172814,0.479255
7.400000,drone2,ekf,1.011604,0.010268,1.330419,-0.000501,0.005129,0.000006,0.999987,0.000006,0.007364,0.039562,0.107993
7.400000,drone1,ekf,0.959340,-0.585891,1.299366,-0.000501,0.005125,-0.000003,0.999987,-0.000012,0.248920,-0.173588,0.484567
7.400000,drone2,ekf,1.011123,0.009761,1.332505,-0.000501,0.005129,0.000006,0.999987,0.000006,0.006424,0.038571,0.110498
7.400000,drone3,ekf,0.951981,0.571103,1.284291,-0.000506,0.005115,-0.000011,0.999987,-0.000027,0.229956,0.134898,0.465342
7.400000,drone3,ekf,0.953727,0.572143,1.288307,-0.000501,0.005125,-0.000011,0.999987,-0.000027,0.232884,0.136643,0.471526
7.400000,drone3,ekf,0.955357,0.573115,1.292070,-0.000501,0.005125,-0.000011,0.999987,-0.000027,0.235618,0.138273,0.477319
7.400000,drone2,raw,1.004352,0.000832,1.396799,-0.000501,0.005129,0.000006,0.999987,0.000006,-0.004111,-0.002702,0.312491
7.400000,drone3,ekf,0.956883,0.574024,1.295601,-0.000501,0.005125,-0.000011,0.999987,-0.000027,0.238177,0.139798,0.482755
7.420000,drone1,raw,1.004690,-0.599220,1.397045,-0.000488,0.005147,-0.000004,0.999987,-0.000012,-0.004547,-0.002725,0.311087
7.420000,drone2,raw,1.004321,0.000783,1.403023,-0.000489,0.005151,-0.000007,0.999987,-0.000018,-0.004522,-0.002734,0.311840
7.420000,drone3,raw,1.004699,0.600778,1.395720,-0.000488,0.005147,-0.000011,0.999987,-0.000028,-0.004472,-0.002720,0.308783
7.440000,drone3,raw,1.004657,0.600729,1.401914,-0.000475,0.005166,-0.000012,0.999987,-0.000028,-0.004966,-0.002737,0.306984
7.440000,drone1,raw,1.004647,-0.599269,1.403201,-0.000476,0.005166,-0.000004,0.999987,-0.000013,-0.005041,-0.002742,0.309083
7.440000,drone2,raw,1.004279,0.000734,1.409194,-0.000476,0.005170,-0.000019,0.999987,-0.000042,-0.005017,-0.002762,0.309845
7.452000,drone3,ekf,0.970808,0.582461,1.322969,-0.000468,0.005176,-0.000012,0.999986,-0.000028,0.246310,0.149576,0.462501
7.452000,drone2,ekf,1.010789,0.010686,1.340003,-0.000468,0.005180,-0.000007,0.999986,-0.000019,0.002950,0.029141,0.098282
7.452000,drone1,ekf,0.973085,-0.594381,1.328417,-0.000476,0.005166,-0.000004,0.999987,-0.000013,0.244388,-0.159528,0.497532
7.452000,drone3,ekf,0.971946,0.583131,1.326335,-0.000468,0.005176,-0.000012,0.999986,-0.000028,0.248234,0.150710,0.467695
7.452000,drone1,ekf,0.974142,-0.594579,1.331642,-0.000468,0.005176,-0.000004,0.999986,-0.000013,0.246175,-0.159863,0.502509
7.452000,drone3,ekf,0.973006,0.583756,1.329481,-0.000468,0.005176,-0.000012,0.999986,-0.000028,0.250026,0.151767,0.472551
7.452000,drone2,ekf,1.010312,0.010108,1.342422,-0.000468,0.005180,-0.000007,0.999986,-0.000019,0.002062,0.028064,0.101353
7.452000,drone3,ekf,0.973996,0.584340,1.332429,-0.000468,0.005176,-0.000012,0.999986,-0.000028,0.251700,0.152754,0.477101
7.452000,drone1,ekf,0.975126,-0.594763,1.334656,-0.000468,0.005176,-0.000004,0.999986,-0.000013,0.247840,-0.160175,0.507162
7.452000,drone2,ekf,1.009888,0.009593,1.344715,-0.000468,0.005180,-0.000007,0.999986,-0.000019,0.001270,0.027105,0.104263
7.452000,drone1,ekf,0.976046,-0.594936,1.337481,-0.000468,0.005176,-0.000004,0.999986,-0.000013,0.249394,-0.160466,0.511522
7.452000,drone2,ekf,1.009507,0.009132,1.346891,-0.000468,0.005180,-0.000007,0.999986,-0.000019,0.000562,0.026245,0.107025
7.460000,drone3,raw,1.004603,0.600680,1.408031,-0.000462,0.005182,-0.000012,0.999986,-0.000029,-0.005584,-0.002756,0.307722
7.460000,drone1,raw,1.004592,-0.599319,1.409279,-0.000463,0.005182,-0.000004,0.999986,-0.000013,-0.005610,-0.002757,0.305822
7.460000,drone2,raw,1.004225,0.000684,1.415288,-0.000463,0.005185,-0.000007,0.999986,-0.000019,-0.005588,-0.002765,0.306592
7.480000,drone3,raw,1.004535,0.600630,1.414049,-0.000449,0.005192,-0.000012,0.999986,-0.000029,-0.006216,-0.002770,0.303321
7.480000,drone2,raw,1.004156,0.000634,1.421284,-0.000450,0.005196,0.000005,0.999986,0.000005,-0.006223,-0.002767,0.302200
7.480000,drone1,raw,1.004522,-0.599369,1.415259,-0.000450,0.005192,-0.000005,0.999986,-0.000014,-0.006242,-0.002770,0.301421
7.500000,drone3,raw,1.004451,0.600579,1.419950,-0.000436,0.005198,-0.000012,0.999986,-0.000029,-0.006900,-0.002783,0.297927
7.500000,drone1,raw,1.004438,-0.599420,1.421123,-0.000437,0.005198,-0.000005,0.999986,-0.000014,-0.006926,-0.002783,0.296027
7.500000,drone3,ekf,0.986066,0.591662,1.357469,-0.000436,0.005198,-0.000012,0.999986,-0.000029,0.239026,0.145388,0.465319
7.500000,drone2,ekf,1.008545,0.009036,1.354053,-0.000442,0.005200,-0.000008,0.999986,-0.000020,-0.012798,0.007936,0.098315
7.500000,drone3,ekf,0.986668,0.592010,1.360191,-0.000436,0.005198,-0.000012,0.999986,-0.000029,0.240047,0.145977,0.469508
7.500000,drone3,ekf,0.987229,0.592333,1.362733,-0.000436,0.005198,-0.000012,0.999986,-0.000029,0.240997,0.146524,0.473420
7.500000,drone2,ekf,1.008206,0.008571,1.356519,-0.000437,0.005202,-0.000008,0.999986,-0.000020,-0.013405,0.007104,0.101570
7.500000,drone3,ekf,0.987752,0.592634,1.365113,-0.000436,0.005198,-0.000012,0.999986,-0.000029,0.241883,0.147034,0.477083
7.500000,drone2,ekf,1.007902,0.008154,1.358855,-0.000437,0.005202,-0.000008,0.999986,-0.000020,-0.013948,0.006360,0.104652
7.500000,drone2,ekf,1.007629,0.007780,1.361069,-0.000437,0.005202,-0.000008,0.999986,-0.000020,-0.014437,0.005689,0.107574
7.500000,drone2,raw,1.004072,0.000583,1.427163,-0.000437,0.005202,-0.000008,0.999986,-0.000020,-0.006910,-0.002792,0.296814
7.500000,drone1,ekf,0.989002,-0.602763,1.363426,-0.000442,0.005197,-0.000005,0.999986,-0.000014,0.259688,-0.165059,0.487541
7.500000,drone1,ekf,0.989498,-0.602667,1.365985,-0.000437,0.005198,-0.000005,0.999986,-0.000014,0.260529,-0.164896,0.491479
7.500000,drone1,ekf,0.989960,-0.602578,1.368375,-0.000437,0.005198,-0.000005,0.999986,-0.000014,0.261311,-0.164744,0.495157
7.500000,drone1,ekf,0.990390,-0.602494,1.370613,-0.000437,0.005198,-0.000005,0.999986,-0.000014,0.262040,-0.164603,0.498600
7.520000,drone3,raw,1.004351,0.600528,1.425720,-0.000423,0.005200,-0.000013,0.999986,-0.000030,-0.007623,-0.002794,0.291710
7.520000,drone2,raw,1.003971,0.000532,1.432911,-0.000424,0.005203,-0.000020,0.999986,-0.000044,-0.007636,-0.002815,0.290603
7.520000,drone1,raw,1.004337,-0.599471,1.426854,-0.000423,0.005199,-0.000005,0.999986,-0.000015,-0.007649,-0.002794,0.289808
7.540000,drone3,raw,1.004235,0.600477,1.431348,-0.000409,0.005195,-0.000013,0.999986,-0.000030,-0.008371,-0.002805,0.284855
7.540000,drone1,raw,1.004220,-0.599522,1.432444,-0.000410,0.005195,-0.000005,0.999986,-0.000015,-0.008398,-0.002805,0.282952
7.540000,drone2,raw,1.003854,0.000480,1.438516,-0.000410,0.005198,-0.000008,0.999986,-0.000021,-0.008387,-0.002814,0.283756
7.552000,drone2,ekf,1.005660,0.007396,1.367464,-0.000410,0.005198,-0.000008,0.999986,-0.000021,-0.034137,-0.000142,0.074258
7.552000,drone1,ekf,1.003464,-0.610370,1.397963,-0.000410,0.005195,-0.000005,0.999986,-0.000015,0.252119,-0.158579,0.489416
7.552000,drone3,ekf,1.000884,0.600189,1.391177,-0.000401,0.005190,-0.000013,0.999986,-0.000031,0.251428,0.144618,0.460885
7.552000,drone1,ekf,1.003427,-0.609993,1.399884,-0.000402,0.005190,-0.000006,0.999986,-0.000015,0.252056,-0.157943,0.492350
7.552000,drone2,ekf,1.005471,0.007027,1.370037,-0.000410,0.005198,-0.000008,0.999986,-0.000021,-0.034463,-0.000776,0.077763
7.552000,drone1,ekf,1.003392,-0.609644,1.401675,-0.000402,0.005190,-0.000006,0.999986,-0.000015,0.251998,-0.157352,0.495087
7.552000,drone3,ekf,1.000943,0.600225,1.393297,-0.000401,0.005190,-0.000013,0.999986,-0.000031,0.251528,0.144678,0.464123
7.552000,drone1,ekf,1.003360,-0.609319,1.403351,-0.000402,0.005190,-0.000006,0.999986,-0.000015,0.251943,-0.156803,0.497646
7.552000,drone2,ekf,1.005300,0.006696,1.372470,-0.000402,0.005193,-0.000020,0.999986,-0.000045,-0.034756,-0.001346,0.081076
7.552000,drone3,ekf,1.000998,0.600258,1.395274,-0.000401,0.005190,-0.000013,0.999986,-0.000031,0.251621,0.144734,0.467143
7.552000,drone2,ekf,1.005146,0.006396,1.374774,-0.000402,0.005193,-0.000020,0.999986,-0.000045,-0.035021,-0.001862,0.084214
7.552000,drone3,ekf,1.001049,0.600289,1.397122,-0.000401,0.005190,-0.000013,0.999986,-0.000031,0.251707,0.144786,0.469967
7.560000,drone2,raw,1.003720,0.000428,1.443973,-0.000396,0.005189,0.000003,0.999986,0.000003,-0.009151,-0.002813,0.276471
7.560000,drone1,raw,1.004085,-0.599574,1.437884,-0.000396,0.005186,-0.000006,0.999986,-0.000016,-0.009158,-0.002815,0.275659
7.560000,drone3,raw,1.004101,0.600425,1.436826,-0.000396,0.005186,-0.000013,0.999986,-0.000031,-0.009131,-0.002815,0.277565
7.580000,drone2,raw,1.003569,0.000375,1.449278,-0.000383,0.005174,-0.000009,0.999987,-0.000022,-0.009914,-0.002834,0.268955
7.580000,drone3,raw,1.003951,0.600372,1.442153,-0.000382,0.005171,-0.000014,0.999987,-0.000031,-0.009890,-0.002824,0.270044
7.580000,drone1,raw,1.003935,-0.599627,1.443026,-0.000383,0.005171,-0.000006,0.999987,-0.000016,-0.009862,-0.002822,0.264479
7.600000,drone3,raw,1.003784,0.600319,1.447330,-0.000368,0.005151,-0.000014,0.999987,-0.000032,-0.010635,-0.002834,0.262500
7.600000,drone2,raw,1.003402,0.000322,1.454434,-0.000369,0.005154,-0.000021,0.999987,-0.000046,-0.010661,-0.002855,0.261417
7.600000,drone1,raw,1.003767,-0.599680,1.448172,-0.000369,0.005151,-0.000006,0.999987,-0.000016,-0.010606,-0.002831,0.257112
7.600000,drone2,ekf,1.002541,0.006163,1.380521,-0.000374,0.005162,0.000003,0.999987,0.000002,-0.053383,0.001452,0.065904
7.600000,drone1,ekf,1.014455,-0.616796,1.426885,-0.000374,0.005160,-0.000006,0.999987,-0.000016,0.240768,-0.168554,0.462137
7.600000,drone3,ekf,1.012712,0.606324,1.420462,-0.000368,0.005151,-0.000014,0.999987,-0.000032,0.251233,0.129858,0.454017
7.600000,drone1,ekf,1.013991,-0.616179,1.428241,-0.000374,0.005160,-0.000006,0.999987,-0.000016,0.239987,-0.167515,0.464189
7.600000,drone2,ekf,1.002500,0.005867,1.383131,-0.000369,0.005154,-0.000021,0.999987,-0.000046,-0.053452,0.000960,0.069533
7.600000,drone1,ekf,1.013560,-0.615606,1.429505,-0.000369,0.005151,-0.000006,0.999987,-0.000016,0.239261,-0.166551,0.466103
7.600000,drone3,ekf,1.012314,0.606125,1.422014,-0.000368,0.005151,-0.000014,0.999987,-0.000032,0.250562,0.129523,0.456365
7.600000,drone1,ekf,1.013159,-0.615074,1.430687,-0.000369,0.005151,-0.000006,0.999987,-0.000016,0.238587,-0.165655,0.467891
7.600000,drone2,ekf,1.002462,0.005599,1.385596,-0.000369,0.005154,-0.000021,0.999987,-0.000046,-0.053515,0.000516,0.072960
7.600000,drone3,ekf,1.011945,0.605941,1.423460,-0.000368,0.005151,-0.000014,0.999987,-0.000032,0.249940,0.129212,0.458554
7.600000,drone2,ekf,1.002428,0.005357,1.387928,-0.000369,0.005154,-0.000021,0.999987,-0.000046,-0.053572,0.000112,0.076202
7.600000,drone3,ekf,1.011601,0.605769,1.424812,-0.000368,0.005151,-0.000014,0.999987,-0.000032,0.249362,0.128923,0.460600
7.620000,drone3,raw,1.003602,0.600266,1.452363,-0.000354,0.005127,-0.000014,0.999987,-0.000032,-0.011351,-0.002844,0.255137
7.620000,drone1,raw,1.003584,-0.599733,1.453174,-0.000355,0.005127,-0.000007,0.999987,-0.000017,-0.011378,-0.002844,0.253572
7.620000,drone2,raw,1.003219,0.000269,1.459445,-0.000355,0.005129,-0.000009,0.999987,-0.000023,-0.011381,-0.002853,0.254058
7.640000,drone3,raw,1.003405,0.600212,1.457260,-0.000340,0.005097,-0.000014,0.999987,-0.000032,-0.012029,-0.002853,0.248148
7.640000,drone2,raw,1.003021,0.000215,1.464321,-0.000341,0.005099,0.000002,0.999987,0.000001,-0.012062,-0.002851,0.247072
7.640000,drone1,raw,1.003386,-0.599787,1.458039,-0.000341,0.005097,-0.000007,0.999987,-0.000017,-0.012056,-0.002853,0.246561
7.652000,drone3,ekf,1.023956,0.611574,1.448385,-0.000332,0.005077,-0.000015,0.999987,-0.000033,0.253913,0.119436,0.433526
7.652000,drone2,ekf,1.000084,0.005604,1.394360,-0.000332,0.005080,-0.000010,0.999987,-0.000023,-0.046164,0.009960,0.073386
7.652000,drone1,ekf,1.025582,-0.622690,1.455009,-0.000341,0.005097,-0.000007,0.999987,-0.000017,0.256404,-0.162644,0.451900
7.652000,drone3,ekf,1.023099,0.611164,1.449423,-0.000332,0.005077,-0.000015,0.999987,-0.000033,0.252479,0.118750,0.435078
7.652000,drone2,ekf,1.000140,0.005337,1.397017,-0.000332,0.005080,-0.000010,0.999987,-0.000023,-0.046075,0.009531,0.077136
7.652000,drone1,ekf,1.024661,-0.621838,1.455838,-0.000341,0.005097,-0.000007,0.999987,-0.000017,0.254865,-0.161221,0.453140
7.652000,drone3,ekf,1.022304,0.610784,1.450389,-0.000332,0.005077,-0.000015,0.999987,-0.000033,0.251151,0.118115,0.436524
7.652000,drone3,ekf,1.021567,0.610432,1.451292,-0.000332,0.005077,-0.000015,0.999987,-0.000033,0.249917,0.117526,0.437874
7.652000,drone2,ekf,1.000190,0.005096,1.399523,-0.000332,0.005080,-0.000010,0.999987,-0.000023,-0.045994,0.009143,0.080672
7.652000,drone1,ekf,1.023808,-0.621050,1.456610,-0.000332,0.005078,-0.000007,0.999987,-0.000018,0.253439,-0.159903,0.454295
7.652000,drone2,ekf,1.000236,0.004876,1.401888,-0.000332,0.005080,-0.000010,0.999987,-0.000023,-0.045920,0.008789,0.084010
7.652000,drone1,ekf,1.023016,-0.620318,1.457331,-0.000332,0.005078,-0.000007,0.999987,-0.000018,0.252115,-0.158679,0.455374
7.660000,drone3,raw,1.003194,0.600158,1.462036,-0.000326,0.005063,-0.000015,0.999987,-0.000033,-0.012656,-0.002863,0.241710
7.660000,drone2,raw,1.002809,0.000160,1.469075,-0.000326,0.005066,-0.000010,0.999987,-0.000023,-0.012692,-0.002872,0.240638
7.660000,drone1,raw,1.003175,-0.599841,1.462782,-0.000326,0.005064,-0.000007,0.999987,-0.000018,-0.012683,-0.002863,0.240103
7.680000,drone1,raw,1.002951,-0.599896,1.467419,-0.000312,0.005026,-0.000007,0.999987,-0.000018,-0.013250,-0.002872,0.234356
7.680000,drone2,raw,1.002586,0.000105,1.473722,-0.000312,0.005028,-0.000022,0.999987,-0.000048,-0.013261,-0.002893,0.234913
7.680000,drone3,raw,1.002971,0.600103,1.466705,-0.000312,0.005026,-0.000015,0.999987,-0.000033,-0.013223,-0.002872,0.235982
7.700000,drone3,raw,1.002738,0.600048,1.471285,-0.000297,0.004985,-0.000015,0.999988,-0.000034,-0.013722,-0.002882,0.231100
7.700000,drone2,raw,1.002351,0.000050,1.478281,-0.000298,0.004987,-0.000011,0.999988,-0.000024,-0.013762,-0.002891,0.230034
7.700000,drone1,raw,1.002717,-0.599951,1.471966,-0.000297,0.004985,-0.000008,0.999988,-0.000018,-0.013748,-0.002882,0.229455
7.700000,drone3,ekf,1.032516,0.616353,1.472139,-0.000297,0.004985,-0.000015,0.999988,-0.000034,0.253313,0.135853,0.422038
7.700000,drone1,ekf,1.033509,-0.627800,1.478657,-0.000297,0.004985,-0.000008,0.999988,-0.000018,0.244609,-0.177643,0.436336
7.700000,drone2,ekf,0.998114,0.004619,1.408597,-0.000303,0.005004,-0.000010,0.999987,-0.000024,-0.046773,-0.000774,0.085881
7.700000,drone1,ekf,1.032257,-0.626753,1.479039,-0.000297,0.004985,-0.000008,0.999988,-0.000018,0.242530,-0.175904,0.436901
7.700000,drone3,ekf,1.031303,0.615751,1.472729,-0.000297,0.004985,-0.000015,0.999988,-0.000034,0.251299,0.134854,0.422910
7.700000,drone1,ekf,1.031098,-0.625784,1.479395,-0.000297,0.004985,-0.000008,0.999988,-0.000018,0.240606,-0.174294,0.437427
7.700000,drone2,ekf,0.998235,0.004403,1.411206,-0.000298,0.004987,-0.000011,0.999988,-0.000024,-0.046584,-0.001111,0.089594
7.700000,drone1,ekf,1.030022,-0.624883,1.479727,-0.000297,0.004985,-0.000008,0.999988,-0.000018,0.238820,-0.172800,0.437917
7.700000,drone3,ekf,1.030180,0.615195,1.473278,-0.000297,0.004985,-0.000015,0.999988,-0.000034,0.249435,0.133930,0.423721
7.700000,drone2,ekf,0.998345,0.004207,1.413,0.,-0.000298,0.004987,-0.000011,0.999988,-0.000024,-0.046412,-0.001418,0.093092
7.700000,drone3,ekf,1.029138,0.614678,1.473790,-0.000297,0.004985,-0.000015,0.999988,-0.000034,0.247704,0.133072,0.424479
7.700000,drone2,ekf,0.998445,0.004028,1.415982,-0.000298,0.004987,-0.000011,0.999988,-0.000024,-0.046255,-0.001698,0.096392
7.720000,drone3,raw,1.002496,0.599993,1.475797,-0.000282,0.004942,-0.000016,0.999988,-0.000034,-0.014145,-0.002891,0.227172
7.720000,drone1,raw,1.002474,-0.600006,1.476444,-0.000283,0.004942,-0.000008,0.999988,-0.000019,-0.014171,-0.002891,0.225509
7.720000,drone2,raw,1.002108,-0.000005,1.482772,-0.000283,0.004944,0.000001,0.999988,-0.000001,-0.014187,-0.002889,0.226109
7.740000,drone3,raw,1.002247,0.599937,1.480261,-0.000268,0.004896,-0.000016,0.999988,-0.000034,-0.014487,-0.002901,0.224277
7.740000,drone1,raw,1.002224,-0.600062,1.480875,-0.000268,0.004896,-0.000008,0.999988,-0.000019,-0.014513,-0.002901,0.222596
7.740000,drone2,raw,1.001858,-0.000061,1.487215,-0.000268,0.004898,-0.000011,0.999988,-0.000025,-0.014531,-0.002911,0.223216
7.752000,drone1,ekf,1.040487,-0.632695,1.500367,-0.000268,0.004896,-0.000008,0.999988,-0.000019,0.231187,-0.174053,0.396526
7.752000,drone2,ekf,0.995560,0.003336,1.423601,-0.000268,0.004898,-0.000011,0.999988,-0.000025,-0.059487,-0.010236,0.097658
7.752000,drone3,ekf,1.040468,0.620542,1.496191,-0.000259,0.004868,-0.000016,0.999988,-0.000035,0.247798,0.127676,0.427918
7.752000,drone1,ekf,1.038917,-0.631446,1.500387,-0.000268,0.004896,-0.000008,0.999988,-0.000019,0.228602,-0.171996,0.396556
7.752000,drone2,ekf,0.995765,0.003179,1.426176,-0.000268,0.004898,-0.000011,0.999988,-0.000025,-0.059174,-0.010476,0.101340
7.752000,drone1,ekf,1.037465,-0.630290,1.500407,-0.000259,0.004868,-0.000008,0.999988,-0.000019,0.226212,-0.170094,0.396584
7.752000,drone3,ekf,1.038900,0.619762,1.496340,-0.000259,0.004868,-0.000016,0.999988,-0.000035,0.245216,0.126391,0.428136
7.752000,drone1,ekf,1.036119,-0.629219,1.500425,-0.000259,0.004868,-0.000008,0.999988,-0.000019,0.223996,-0.168330,0.396610
7.752000,drone2,ekf,0.995952,0.003035,1.428598,-0.000259,0.004870,0.000001,0.999988,-0.000001,-0.058888,-0.010695,0.104802
7.752000,drone3,ekf,1.037450,0.619040,1.496479,-0.000259,0.004868,-0.000016,0.999988,-0.000035,0.242828,0.125202,0.428339
7.752000,drone2,ekf,0.996123,0.002904,1.430879,-0.000259,0.004870,0.000001,0.999988,-0.000001,-0.058627,-0.010895,0.108063
7.752000,drone3,ekf,1.036105,0.618371,1.496609,-0.000259,0.004868,-0.000016,0.999988,-0.000035,0.240614,0.124100,0.428528
7.760000,drone3,raw,1.001993,0.599881,1.484701,-0.000253,0.004849,-0.000016,0.999988,-0.000035,-0.014746,-0.002911,0.222463
7.760000,drone1,raw,1.001970,-0.600118,1.485280,-0.000253,0.004849,-0.000009,0.999988,-0.000020,-0.014771,-0.002911,0.220765
7.760000,drone2,raw,1.001603,-0.000117,1.491634,-0.000254,0.004851,-0.000023,0.999988,-0.000049,-0.014790,-0.002933,0.221404
7.780000,drone3,raw,1.001736,0.599825,1.489137,-0.000238,0.004801,-0.000016,0.999988,-0.000035,-0.014920,-0.002921,0.221747
7.780000,drone2,raw,1.001345,-0.000174,1.496048,-0.000239,0.004803,-0.000012,0.999988,-0.000026,-0.014964,-0.002931,0.220689
7.780000,drone1,raw,1.001712,-0.600174,1.489682,-0.000238,0.004801,-0.000009,0.999988,-0.000020,-0.014944,-0.002921,0.220031
7.800000,drone3,raw,1.001478,0.599768,1.493591,-0.000223,0.004753,-0.000017,0.999989,-0.000035,-0.015009,-0.002931,0.222112
7.800000,drone1,raw,1.001453,-0.600231,1.494101,-0.000223,0.004753,-0.000009,0.999989,-0.000020,-0.015033,-0.002931,0.220380
7.800000,drone2,raw,1.001086,-0.000230,1.500481,-0.000223,0.004754,0.000000,0.999989,-0.000002,-0.015054,-0.002930,0.221056
7.800000,drone1,ekf,1.044218,-0.635168,1.519403,-0.000229,0.004772,-0.000009,0.999989,-0.000020,0.204954,-0.151858,0.401262
7.800000,drone3,ekf,1.045710,0.623542,1.517312,-0.000223,0.004753,-0.000017,0.999989,-0.000035,0.237538,0.126532,0.436011
7.800000,drone2,ekf,0.993102,0.002180,1.438380,-0.000230,0.004774,-0.000024,0.999989,-0.000050,-0.068878,-0.012810,0.104934
7.800000,drone3,ekf,1.043913,0.622639,1.517086,-0.000223,0.004753,-0.000017,0.999989,-0.000035,0.234600,0.125056,0.435686
7.800000,drone1,ekf,1.042478,-0.633828,1.519121,-0.000223,0.004753,-0.000009,0.999989,-0.000020,0.202111,-0.149667,0.400855
7.800000,drone2,ekf,0.993381,0.002073,1.440860,-0.000230,0.004774,-0.000024,0.999989,-0.000050,-0.068461,-0.012969,0.108483
7.800000,drone3,ekf,1.042252,0.621804,1.516877,-0.000223,0.004753,-0.000017,0.999989,-0.000035,0.231884,0.123691,0.435383
7.800000,drone1,ekf,1.040869,-0.632588,1.518858,-0.000223,0.004753,-0.000009,0.999989,-0.000020,0.199482,-0.147642,0.400477
7.800000,drone3,ekf,1.040710,0.621030,1.516681,-0.000223,0.004753,-0.000017,0.999989,-0.000035,0.229366,0.122426,0.435101
7.800000,drone2,ekf,0.993637,0.001976,1.443190,-0.000223,0.004754,0.000000,0.999989,-0.000002,-0.068080,-0.013114,0.111818
7.800000,drone1,ekf,1.039378,-0.631439,1.518614,-0.000223,0.004753,-0.000009,0.999989,-0.000020,0.197043,-0.145763,0.400123
7.800000,drone2,ekf,0.993872,0.001886,1.445384,-0.000223,0.004754,0.000000,0.999989,-0.000002,-0.067729,-0.013248,0.114957
7.820000,drone3,raw,1.001221,0.599711,1.498083,-0.000208,0.004705,-0.000017,0.999989,-0.000036,-0.015018,-0.002941,0.223514
7.820000,drone2,raw,1.000827,-0.000288,1.504952,-0.000208,0.004706,-0.000012,0.999989,-0.000026,-0.015062,-0.002952,0.222459
7.820000,drone1,raw,1.001195,-0.600288,1.498558,-0.000208,0.004705,-0.000009,0.999989,-0.000021,-0.015041,-0.002941,0.221766
7.840000,drone3,raw,1.000965,0.599654,1.502631,-0.000193,0.004658,-0.000017,0.999989,-0.000036,-0.014952,-0.002951,0.225875
7.840000,drone2,raw,1.000571,-0.000346,1.509479,-0.000193,0.004659,-0.000024,0.999989,-0.000050,-0.014995,-0.002973,0.224821
7.840000,drone1,raw,1.000938,-0.600345,1.503071,-0.000193,0.004658,-0.000010,0.999989,-0.000021,-0.014974,-0.002951,0.224112
7.852000,drone3,ekf,1.050172,0.626189,1.538996,-0.000183,0.004630,-0.000017,0.999989,-0.000036,0.220565,0.118791,0.440310
7.852000,drone2,ekf,0.991169,0.000809,1.454946,-0.000193,0.004659,-0.000024,0.999989,-0.000050,-0.058354,-0.019711,0.138570
7.852000,drone1,ekf,1.048028,-0.637535,1.539053,-0.000193,0.004658,-0.000010,0.999989,-0.000021,0.203355,-0.144807,0.403981
7.852000,drone3,ekf,1.048153,0.625166,1.538414,-0.000183,0.004630,-0.000017,0.999989,-0.000036,0.217291,0.117132,0.439480
7.852000,drone2,ekf,0.991497,0.000758,1.457329,-0.000193,0.004659,-0.000024,0.999989,-0.000050,-0.057875,-0.019786,0.141975
7.852000,drone1,ekf,1.046092,-0.636092,1.538484,-0.000193,0.004658,-0.000010,0.999989,-0.000021,0.200217,-0.142468,0.403170
7.852000,drone3,ekf,1.046288,0.624221,1.537873,-0.000183,0.004630,-0.000017,0.999989,-0.000036,0.214266,0.115599,0.438708
7.852000,drone2,ekf,0.991798,0.000711,1.459565,-0.000184,0.004631,-0.000013,0.999989,-0.000027,-0.057435,-0.019855,0.145169
7.852000,drone1,ekf,1.044304,-0.634760,1.537954,-0.000184,0.004630,-0.000010,0.999989,-0.000021,0.197317,-0.140308,0.402415
7.852000,drone3,ekf,1.044559,0.623345,1.537367,-0.000183,0.004630,-0.000017,0.999989,-0.000036,0.211463,0.114178,0.437987
7.852000,drone2,ekf,0.992074,0.000668,1.461666,-0.000184,0.004631,-0.000013,0.999989,-0.000027,-0.057031,-0.019918,0.148172
7.852000,drone1,ekf,1.042647,-0.633525,1.537460,-0.000184,0.004630,-0.000010,0.999989,-0.000021,0.194630,-0.138305,0.401711
7.860000,drone3,raw,1.000713,0.599596,1.507251,-0.000177,0.004612,-0.000017,0.999989,-0.000036,-0.014818,-0.002961,0.229094
7.860000,drone2,raw,1.000318,-0.000403,1.514079,-0.000178,0.004613,-0.000013,0.999989,-0.000027,-0.014860,-0.002971,0.228041
7.860000,drone1,raw,1.000686,-0.600403,1.507655,-0.000178,0.004612,-0.000010,0.999989,-0.000021,-0.014839,-0.002961,0.227316
7.880000,drone1,raw,1.000438,-0.600461,1.512326,-0.000162,0.004567,-0.000010,0.999990,-0.000022,-0.014646,-0.002970,0.231254
7.880000,drone2,raw,1.000070,-0.000461,1.518764,-0.000162,0.004568,-0.000001,0.999990,-0.000003,-0.014666,-0.002969,0.231994
7.880000,drone3,raw,1.000466,0.599539,1.511958,-0.000162,0.004567,-0.000018,0.999990,-0.000037,-0.014625,-0.002970,0.233047
7.900000,drone3,raw,1.000225,0.599480,1.516760,-0.000146,0.00452-0.,-0.0000,0.999990,-0.000037,-0.014386,-0.002978,0.237587
7.900000,drone2,raw,0.999827,-0.000520,1.523545,-0.000147,0.004526,-0.000013,0.999990,-0.000027,-0.014425,-0.002989,0.236536
7.900000,drone1,ekf,1.049319,-0.638042,1.556767,-0.000153,0.004542,-0.000010,0.999990,-0.000022,0.180770,-0.124382,0.418853
7.900000,drone3,ekf,1.052528,0.628035,1.558626,-0.000152,0.004541,-0.000018,0.999990,-0.000037,0.210402,0.120610,0.461142
7.900000,drone1,raw,1.000195,-0.600519,1.517092,-0.000147,0.004525,-0.000010,0.999990,-0.000022,-0.014406,-0.002978,0.235780
7.900000,drone1,ekf,1.047317,-0.636591,1.555973,-0.000147,0.004525,-0.000010,0.999990,-0.000022,0.177545,-0.122045,0.417732
7.900000,drone1,ekf,1.045467,-0.635249,1.555233,-0.000147,0.004525,-0.000010,0.999990,-0.000022,0.174565,-0.119885,0.416688
7.900000,drone3,ekf,1.050400,0.626937,1.557753,-0.000146,0.004525,-0.000018,0.999990,-0.000037,0.206976,0.118842,0.459911
7.900000,drone1,ekf,1.043752,-0.634006,1.554542,-0.000147,0.004525,-0.000010,0.999990,-0.000022,0.171802,-0.117883,0.415714
7.900000,drone3,ekf,1.048434,0.625923,1.556940,-0.000146,0.004525,-0.000018,0.999990,-0.000037,0.203809,0.117209,0.458764
7.900000,drone3,ekf,1.046612,0.624983,1.556181,-0.000146,0.004525,-0.000018,0.999990,-0.000037,0.200874,0.115694,0.457694
7.900000,drone2,ekf,0.988778,-0.000638,1.471434,-0.000153,0.004543,-0.000013,0.999990,-0.000027,-0.076994,-0.027299,0.157076
7.900000,drone2,ekf,0.989171,-0.000632,1.473672,-0.000147,0.004526,-0.000013,0.999990,-0.000027,-0.076429,-0.027292,0.160263
7.900000,drone2,ekf,0.989533,-0.000628,1.475770,-0.000147,0.004526,-0.000013,0.999990,-0.000027,-0.075910,-0.027285,0.163251
7.900000,drone2,ekf,0.989866,-0.000623,1.477741,-0.000147,0.004526,-0.000013,0.999990,-0.000027,-0.075431,-0.027279,0.166058
7.920000,drone3,raw,0.999989,0.599422,1.521665,-0.000131,0.004484,-0.000018,0.999990,-0.000037,-0.014112,-0.002986,0.242556
7.920000,drone2,raw,0.999591,-0.000579,1.528429,-0.000131,0.004486,-0.000025,0.999990,-0.000052,-0.014149,-0.003008,0.241505
7.920000,drone1,raw,0.999960,-0.600577,1.521960,-0.000131,0.004485,-0.000010,0.999990,-0.000022,-0.014131,-0.002986,0.240736
7.940000,drone3,raw,0.999761,0.599363,1.526676,-0.000115,0.004446,-0.000018,0.999990,-0.000038,-0.013816,-0.002993,0.247783
7.940000,drone2,raw,0.999362,-0.000637,1.533419,-0.000115,0.004447,-0.000014,0.999990,-0.000028,-0.013852,-0.003003,0.246732
7.940000,drone1,raw,0.999730,-0.600636,1.526934,-0.000115,0.004446,-0.000011,0.999990,-0.000022,-0.013835,-0.002993,0.245950
7.952000,drone3,ekf,1.055176,0.629079,1.579201,-0.000115,0.004446,-0.000018,0.999990,-0.000038,0.208206,0.100851,0.464735
7.952000,drone2,ekf,0.986050,-0.001598,1.489836,-0.000115,0.004447,-0.000014,0.999990,-0.000028,-0.082571,-0.019492,0.192605
7.952000,drone1,ekf,1.051405,-0.638495,1.576323,-0.000115,0.004446,-0.000011,0.999990,-0.000022,0.187858,-0.114547,0.438766
7.952000,drone2,ekf,0.986524,-0.001560,1.491935,-0.000115,0.004447,-0.000014,0.999990,-0.000028,-0.081901,-0.019438,0.195578
7.952000,drone3,ekf,1.052904,0.627926,1.578053,-0.000115,0.004446,-0.000018,0.999990,-0.000038,0.204571,0.099006,0.463132
7.952000,drone1,ekf,1.049282,-0.637021,1.575286,-0.000115,0.004446,-0.000011,0.999990,-0.000022,0.184460,-0.112189,0.437319
7.952000,drone2,ekf,0.986960,-0.001525,1.493900,-0.000106,0.004426,-0.000026,0.999990,-0.000052,-0.081284,-0.019388,0.198364
7.952000,drone3,ekf,1.050806,0.626861,1.576985,-0.000105,0.004425,-0.000018,0.999990,-0.000038,0.201214,0.097302,0.461640
7.952000,drone1,ekf,1.047320,-0.635660,1.574322,-0.000106,0.004425,-0.000011,0.999990,-0.000023,0.181322,-0.110011,0.435972
7.952000,drone2,ekf,0.987363,-0.001492,1.495744,-0.000106,0.004426,-0.000026,0.999990,-0.000052,-0.080714,-0.019342,0.200978
7.952000,drone3,ekf,1.048861,0.625874,1.575988,-0.000105,0.004425,-0.000018,0.999990,-0.000038,0.198104,0.095723,0.460248
7.952000,drone1,ekf,1.045503,-0.634399,1.573422,-0.000106,0.004425,-0.000011,0.999990,-0.000023,0.178415,-0.107994,0.434715
7.960000,drone1,raw,0.999508,-0.600695,1.532014,-0.000099,0.004411,-0.000011,0.999990,-0.000023,-0.013531,-0.002998,0.251248
7.960000,drone2,raw,0.999139,-0.000696,1.538515,-0.000100,0.004412,-0.000002,0.999990,-0.000005,-0.013547,-0.002997,0.252043
7.960000,drone3,raw,0.999539,0.599304,1.531793,-0.000099,0.004411,-0.000018,0.999990,-0.000038,-0.013514,-0.002998,0.253094
7.980000,drone1,raw,0.999291,-0.600754,1.537197,-0.000084,0.004377,-0.000011,0.999990,-0.000023,-0.013235,-0.003003,0.256454
7.980000,drone2,raw,0.998922,-0.000756,1.543714,-0.000084,0.004378,-0.000014,0.999990,-0.000029,-0.013250,-0.003014,0.257261
7.980000,drone3,raw,0.999323,0.599245,1.537013,-0.000083,0.004377,-0.000019,0.999990,-0.000038,-0.013218,-0.003003,0.258312
8.000000,drone3,raw,0.999113,0.599186,1.542328,-0.000067,0.004345,-0.000019,0.999991,-0.000038,-0.012943,-0.003007,0.263266
8.000000,drone2,raw,0.998712,-0.000816,1.549008,-0.000068,0.004346,-0.000026,0.999991,-0.000053,-0.012973,-0.003029,0.262216
8.000000,drone1,raw,0.999081,-0.600813,1.542474,-0.000068,0.004345,-0.000011,0.999991,-0.000023,-0.012959,-0.003007,0.261397
8.000000,drone3,ekf,1.055892,0.629543,1.596443,-0.000067,0.004345,-0.000019,0.999991,-0.000038,0.194646,0.100883,0.453407
8.000000,drone1,ekf,1.050940,-0.637805,1.592933,-0.000074,0.004358,-0.000011,0.999991,-0.000023,0.157398,-0.100864,0.431033
8.000000,drone3,ekf,1.053585,0.628373,1.595141,-0.000067,0.004345,-0.000019,0.999991,-0.000038,0.190976,0.099022,0.451604
8.000000,drone3,ekf,1.051454,0.627292,1.593928,-0.000067,0.004345,-0.000019,0.999991,-0.000038,0.187586,0.097302,0.449925
8.000000,drone1,ekf,1.048828,-0.636373,1.591761,-0.000068,0.004345,-0.000011,0.999991,-0.000023,0.154038,-0.098586,0.429410
8.000000,drone3,ekf,1.049479,0.626290,1.592795,-0.000067,0.004345,-0.000019,0.999991,-0.000038,0.184443,0.095708,0.448357
8.000000,drone1,ekf,1.046876,-0.635050,1.590669,-0.000068,0.004345,-0.000011,0.999991,-0.000023,0.150932,-0.096481,0.427898
8.000000,drone1,ekf,1.045067,-0.633824,1.589649,-0.000068,0.004345,-0.000011,0.999991,-0.000023,0.148053,-0.094530,0.426486
8.000000,drone2,ekf,0.984706,-0.001808,1.508650,-0.000074,0.004359,-0.000002,0.999990,-0.000005,-0.065777,-0.007432,0.229337
8.000000,drone2,ekf,0.985199,-0.001769,1.510551,-0.000068,0.004346,-0.000026,0.999991,-0.000053,-0.065088,-0.007377,0.232018
8.000000,drone2,ekf,0.985655,-0.001732,1.512331,-0.000068,0.004346,-0.000026,0.999991,-0.000053,-0.064451,-0.007325,0.234528
8.000000,drone2,ekf,0.986077,-0.001698,1.514001,-0.000068,0.004346,-0.000026,0.999991,-0.000053,-0.063862,-0.007278,0.236883
8.020000,drone3,raw,0.998908,0.599126,1.547728,-0.000051,0.004315,-0.000019,0.999991,-0.000039,-0.012701,-0.003010,0.267797
8.020000,drone2,raw,0.998506,-0.000875,1.554388,-0.000052,0.004316,-0.000014,0.999991,-0.000029,-0.012730,-0.003020,0.266747
8.020000,drone1,raw,0.998875,-0.600873,1.547837,-0.000052,0.004315,-0.000012,0.999991,-0.000023,-0.012717,-0.003010,0.265916
8.040000,drone3,raw,0.998707,0.599066,1.553202,-0.000035,0.004286,-0.000019,0.999991,-0.000039,-0.012506,-0.003011,0.271755
8.040000,drone2,raw,0.998304,-0.000935,1.559840,-0.000036,0.004287,-0.000003,0.999991,-0.000006,-0.012533,-0.003010,0.270705
8.040000,drone1,raw,0.998673,-0.600933,1.553273,-0.000035,0.004286,-0.000012,0.999991,-0.000024,-0.012520,-0.003011,0.269864
8.052000,drone3,ekf,1.056216,0.630247,1.614791,-0.000035,0.004286,-0.000019,0.999991,-0.000039,0.174666,0.099300,0.450917
8.052000,drone2,ekf,0.983079,-0.001370,1.529735,-0.000036,0.004287,-0.000003,0.999991,-0.000006,-0.067899,0.005995,0.270186
8.052000,drone1,ekf,1.050410,-0.637215,1.611605,-0.000035,0.004286,-0.000012,0.999991,-0.000024,0.143469,-0.092233,0.447931
8.052000,drone1,ekf,1.048286,-0.635805,1.610268,-0.000035,0.004286,-0.000012,0.999991,-0.000024,0.140108,-0.090002,0.446095
8.052000,drone3,ekf,1.053864,0.629037,1.613339,-0.000025,0.004269,-0.000019,0.999991,-0.000039,0.170943,0.097385,0.448923
8.052000,drone2,ekf,0.983609,-0.001354,1.531431,-0.000036,0.004287,-0.000003,0.999991,-0.000006,-0.067168,0.006017,0.272562
8.052000,drone1,ekf,1.046324,-0.634503,1.609023,-0.000026,0.004270,-0.000012,,-0,-0.0,-0.000024,0.137004,-0.087941,0.444386
8.052000,drone3,ekf,1.051690,0.627919,1.611987,-0.000025,0.004269,-0.000019,0.999991,-0.000039,0.167504,0.095615,0.447067
8.052000,drone2,ekf,0.984098,-0.001340,1.533017,-0.000026,0.004270,-0.000015,0.999991,-0.000029,-0.066492,0.006037,0.274785
8.052000,drone1,ekf,1.044507,-0.633296,1.607860,-0.000026,0.004270,-0.000012,0.999991,-0.000024,0.134127,-0.086032,0.442790
8.052000,drone3,ekf,1.049677,0.626883,1.610725,-0.000025,0.004269,-0.000019,0.999991,-0.000039,0.164318,0.093976,0.445333
8.052000,drone2,ekf,0.984552,-0.001326,1.534504,-0.000026,0.004270,-0.000015,0.999991,-0.000029,-0.065865,0.006056,0.276869
8.060000,drone3,raw,0.998508,0.599007,1.558733,-0.000019,0.004258,-0.000019,0.999991,-0.000039,-0.012366,-0.003012,0.275011
8.060000,drone2,raw,0.998104,-0.000995,1.565350,-0.000019,0.004259,-0.000015,0.999991,-0.000030,-0.012392,-0.003023,0.273962
8.060000,drone1,raw,0.998473,-0.600993,1.558766,-0.000019,0.004258,-0.000012,0.999991,-0.000024,-0.012380,-0.003012,0.273110
8.080000,drone3,raw,0.998310,0.598946,1.564304,-0.000003,0.004231,-0.000020,0.999991,-0.000039,-0.012290,-0.003012,0.277457
8.080000,drone2,raw,0.997905,-0.001056,1.570900,-0.000003,0.004232,-0.000027,0.999991,-0.000054,-0.012315,-0.003034,0.276407
8.080000,drone1,raw,0.998275,-0.601053,1.564298,-0.000003,0.004231,-0.000012,0.999991,-0.000024,-0.012303,-0.003012,0.275546
8.100000,drone1,raw,0.998075,-0.601113,1.569853,0.000013,0.004203,-0.000012,0.999991,-0.000024,-0.012297,-0.003011,0.277086
8.100000,drone3,raw,0.998111,0.598886,1.569897,0.000014,0.004203,-0.000020,0.999991,-0.000039,-0.012284,-0.003011,0.279006
8.100000,drone2,raw,0.997706,-0.001116,1.576472,0.000013,0.004204,-0.000015,0.999991,-0.000030,-0.012309,-0.003022,0.277956
8.100000,drone3,ekf,1.055115,0.629757,1.630519,0.000014,0.004203,-0.000020,0.999991,-0.000039,0.161578,0.084697,0.444216
8.100000,drone1,ekf,1.048666,-0.636381,1.627261,0.000007,0.004214,-0.000012,0.999991,-0.000024,0.129664,-0.092705,0.433635
8.100000,drone3,ekf,1.052804,0.628569,1.629000,0.000014,0.004203,-0.000020,0.999991,-0.000039,0.157937,0.082826,0.442143
8.100000,drone2,ekf,0.981943,-0.000941,1.550362,0.000007,0.004215,-0.000015,0.999991,-0.000030,-0.065779,0.008161,0.300107
8.100000,drone1,ekf,1.046608,-0.635020,1.625854,0.000013,0.004203,-0.000012,0.999991,-0.000024,0.126421,-0.090561,0.431716
8.100000,drone3,ekf,1.050669,0.627471,1.627583,0.000014,0.004203,-0.000020,0.999991,-0.000039,0.154573,0.081096,0.440211
8.100000,drone1,ekf,1.044706,-0.633763,1.624543,0.000013,0.004203,-0.000012,0.999991,-0.000024,0.123424,-0.088579,0.429928
8.100000,drone3,ekf,1.048690,0.626454,1.626260,0.000014,0.004203,-0.000020,0.999991,-0.000039,0.151453,0.079493,0.438406
8.100000,drone2,ekf,0.982485,-0.000948,1.551815,0.000007,0.004215,-0.000015,0.999991,-0.000030,-0.065036,0.008151,0.302132
8.100000,drone1,ekf,1.042943,-0.632597,1.623318,0.000013,0.004203,-0.000012,0.999991,-0.000024,0.120646,-0.086742,0.428258
8.100000,drone2,ekf,0.982987,-0.000955,1.553174,0.000013,0.004204,-0.000015,0.999991,-0.000030,-0.064349,0.008143,0.304026
8.100000,drone2,ekf,0.983453,-0.000960,1.554448,0.000013,0.004204,-0.000015,0.999991,-0.000030,-0.063711,0.008135,0.305802
8.120000,drone3,raw,0.997909,0.598826,1.575492,0.000030,0.004175,-0.000020,0.999991,-0.000040,-0.012353,-0.003009,0.279599
8.120000,drone2,raw,0.997504,-0.001177,1.582046,0.000029,0.004176,-0.000003,0.999991,-0.000006,-0.012378,-0.003008,0.278549
8.120000,drone1,raw,0.997873,-0.601173,1.575409,0.000030,0.004175,-0.000012,0.999991,-0.000025,-0.012365,-0.003009,0.277671
8.140000,drone2,raw,0.997298,-0.001238,1.587602,0.000046,0.004146,-0.000015,0.999991,-0.000030,-0.012522,-0.003018,0.278153
8.140000,drone1,raw,0.997668,-0.601234,1.580947,0.000046,0.004146,-0.000013,0.999991,-0.000025,-0.012508,-0.003007,0.277266
8.140000,drone3,raw,0.997704,0.598765,1.581069,0.000046,0.004145,-0.000020,0.999991,-0.000040,-0.012497,-0.003007,0.279202
8.152000,drone2,ekf,0.980257,-0.000499,1.572246,0.000046,0.004146,-0.000015,0.999991,-0.000030,-0.072684,0.009455,0.318983
8.152000,drone1,ekf,1.046990,-0.635191,1.644015,0.000046,0.004146,-0.000013,0.999991,-0.000025,0.116616,-0.075074,0.426676
8.152000,drone3,ekf,1.053617,0.629269,1.647555,0.000056,0.004127,-0.000020,0.999991,-0.000040,0.138529,0.076777,0.440472
8.152000,drone2,ekf,0.980836,-0.000528,1.573464,0.000046,0.004146,-0.000015,0.999991,-0.000030,-0.071896,0.009415,0.320669
8.152000,drone1,ekf,1.044969,-0.633878,1.642525,0.000046,0.004146,-0.000013,0.999991,-0.000025,0.113443,-0.073013,0.424655
8.152000,drone3,ekf,1.051335,0.628089,1.645945,0.000056,0.004127,-0.000020,0.999991,-0.000040,0.134948,0.074925,0.438290
8.152000,drone1,ekf,1.043100,-0.632665,1.641136,0.000056,0.004127,-0.000013,0.999991,-0.000025,0.110512,-0.071109,0.422773
8.152000,drone1,ekf,1.041369,-0.631540,1.639838,0.000056,0.004127,-0.000013,0.999991,-0.000025,0.107795,-0.069344,0.421014
8.152000,drone3,ekf,1.049226,0.626999,1.644444,0.000056,0.004127,-0.000020,0.999991,-0.000040,0.131638,0.073214,0.436256
8.152000,drone3,ekf,1.047272,0.625989,1.643043,0.000056,0.004127,-0.000020,0.999991,-0.000040,0.128571,0.071629,0.434356
8.152000,drone2,ekf,0.981374,-0.000556,1.574602,0.000046,0.004146,-0.000015,0.999991,-0.000030,-0.071166,0.009377,0.322245
8.152000,drone2,ekf,0.981873,-0.000581,1.575668,0.000046,0.004146,-0.000015,0.999991,-0.000030,-0.070488,0.009343,0.323721
8.160000,drone3,raw,0.997493,0.598704,1.586608,0.000063,0.004114,-0.000020,0.999992,-0.000040,-0.012716,-0.003004,0.277810
8.160000,drone2,raw,0.997086,-0.001299,1.593120,0.000062,0.004115,-0.000027,0.999992,-0.000054,-0.012742,-0.003027,0.276760
8.160000,drone1,raw,0.997456,-0.601295,1.586447,0.000062,0.004114,-0.000013,0.999992,-0.000025,-0.012726,-0.003004,0.275865
8.180000,drone3,raw,0.997274,0.598644,1.592090,0.000079,0.004081,-0.000020,0.999992,-0.000040,-0.013006,-0.003001,0.275440
8.180000,drone2,raw,0.996867,-0.001359,1.598582,0.000079,0.004081,-0.000016,0.999992,-0.000031,-0.013033,-0.003012,0.274391
8.180000,drone1,raw,0.997237,-0.601355,1.591891,0.000079,0.004081,-0.000013,0.999992,-0.000025,-0.013016,-0.003001,0.273489
8.200000,drone3,raw,0.997047,0.598583,1.597497,0.000096,0.004044,-0.000021,0.999992,-0.000040,-0.013363,-0.002998,0.272140
8.200000,drone2,raw,0.996639,-0.001420,1.603968,0.000095,0.004045,-0.000004,0.999992,-0.000007,-0.013390,-0.002998,0.271090
8.200000,drone1,raw,0.997009,-0.601416,1.597259,0.000095,0.004045,-0.000013,0.999992,-0.000025,-0.013371,-0.002998,0.270181
8.200000,drone1,ekf,1.044754,-0.633361,1.657476,0.000089,0.004059,-0.000013,0.999992,-0.000025,0.111051,-0.063554,0.398696
8.200000,drone2,ekf,0.979060,-0.000818,1.592463,0.000089,0.004060,-0.000028,0.999992,-0.000054,-0.071060,-0.004464,0.329598
8.200000,drone1,ekf,1.042816,-0.632136,1.655985,0.000089,0.004059,-0.000013,0.999992,-0.000025,0.108019,-0.061638,0.396684
8.200000,drone3,ekf,1.050693,0.629062,1.660984,0.000096,0.004044,-0.000021,0.999992,-0.000040,0.116655,0.088447,0.407404
8.200000,drone1,ekf,1.041023,-0.631004,1.654595,0.000095,0.004045,-0.000013,0.999992,-0.000025,0.105215,-0.059867,0.394808
8.200000,drone2,ekf,0.979653,-0.000841,1.593436,0.000089,0.004060,-0.000028,0.999992,-0.000054,-0.070260,-0.004494,0.330939
8.200000,drone1,ekf,1.039361,-0.629954,1.653295,0.000095,0.004045,-0.000013,0.999992,-0.000025,0.102615,-0.058224,0.393055
8.200000,drone3,ekf,1.048524,0.627894,1.659380,0.000096,0.004044,-0.000021,0.999992,-0.000040,0.113261,0.086620,0.405239
8.200000,drone2,ekf,0.980202,-0.000862,1.594347,0.000095,0.004045,-0.000004,0.999992,-0.000007,-0.069517,-0.004523,0.332193
8.200000,drone3,ekf,1.046517,0.626815,1.657883,0.000096,0.004044,-0.000021,0.999992,-0.000040,0.110123,0.084931,0.403220
8.200000,drone2,ekf,0.980714,-0.000882,1.595199,0.000095,0.004045,-0.000004,0.999992,-0.000007,-0.068826,-0.004549,0.333368
8.200000,drone3,ekf,1.044657,0.625813,1.656483,0.000096,0.004044,-0.000021,0.999992,-0.000040,0.107213,0.083364,0.401332
8.220000,drone1,raw,0.996771,-0.601477,1.602535,0.000112,0.004005,-0.000013,0.999992,-0.000025,-0.013786,-0.002995,0.266012
8.220000,drone2,raw,0.99,-,0.629062,1.,1.609263,0.000112,0.004006,-0.000016,0.999992,-0.000031,-0.013807,-0.003006,0.266927
8.220000,drone3,raw,0.996810,0.598522,1.602813,0.000112,0.004005,-0.000021,0.999992,-0.000040,-0.013778,-0.002995,0.267977
8.240000,drone3,raw,0.996562,0.598461,1.608023,0.000129,0.003962,-0.000021,0.999992,-0.000041,-0.014243,-0.002991,0.263042
8.240000,drone2,raw,0.996152,-0.001543,1.614452,0.000129,0.003963,-0.000028,0.999992,-0.000055,-0.014273,-0.003014,0.261992
8.240000,drone1,raw,0.996523,-0.601538,1.607706,0.000129,0.003962,-0.000013,0.999992,-0.000025,-0.014250,-0.002991,0.261070
8.252000,drone2,ekf,0.978617,-0.001580,1.612382,0.000129,0.003963,-0.000028,0.999992,-0.000055,-0.051520,-0.013433,0.315776
8.252000,drone1,ekf,1.043070,-0.631858,1.671757,0.000129,0.003962,-0.000013,0.999992,-0.000025,0.107862,-0.058947,0.384248
8.252000,drone3,ekf,1.048448,0.628721,1.674378,0.000129,0.003962,-0.000021,0.999992,-0.000041,0.113484,0.078269,0.374867
8.252000,drone2,ekf,0.979197,-0.001581,1.613146,0.000139,0.003935,-0.000016,0.999992,-0.000031,-0.050741,-0.013433,0.316824
8.252000,drone1,ekf,1.041165,-0.630693,1.670237,0.000139,0.003935,-0.000013,0.999992,-0.000026,0.104891,-0.057131,0.382207
8.252000,drone3,ekf,1.046333,0.627556,1.672779,0.000139,0.003935,-0.000021,0.999992,-0.000041,0.110185,0.076452,0.372719
8.252000,drone2,ekf,0.979735,-0.001581,1.613861,0.000139,0.003935,-0.000016,0.999992,-0.000031,-0.050017,-0.013433,0.317803
8.252000,drone1,ekf,1.039404,-0.629617,1.668820,0.000139,0.003935,-0.000013,0.999992,-0.000026,0.102145,-0.055453,0.380304
8.252000,drone3,ekf,1.044378,0.626479,1.671288,0.000139,0.003935,-0.000021,0.999992,-0.000041,0.107136,0.074772,0.370716
8.252000,drone2,ekf,0.980236,-0.001581,1.614530,0.000139,0.003935,-0.000016,0.999992,-0.000031,-0.049343,-0.013434,0.318720
8.252000,drone1,ekf,1.037771,-0.628620,1.667496,0.000139,0.003935,-0.000013,0.999992,-0.000026,0.099599,-0.053897,0.378525
8.252000,drone3,ekf,1.042565,0.625480,1.669894,0.000139,0.003935,-0.000021,0.999992,-0.000041,0.104309,0.073215,0.368844
8.260000,drone3,raw,0.996302,0.598400,1.613115,0.000146,0.003916,-0.000021,0.999992,-0.000041,-0.014747,-0.002987,0.257442
8.260000,drone2,raw,0.995891,-0.001604,1.619523,0.000145,0.003916,-0.000016,0.999992,-0.000031,-0.014780,-0.002999,0.256392
8.260000,drone1,raw,0.996262,-0.601599,1.612758,0.000145,0.003916,-0.000013,0.999992,-0.000026,-0.014753,-0.002987,0.255464
8.280000,drone2,raw,0.995617,-0.001665,1.624466,0.000162,0.003866,-0.000004,0.999993,-0.000008,-0.015316,-0.002983,0.250250
8.280000,drone1,raw,0.995989,-0.601661,1.617683,0.000162,0.003865,-0.000013,0.999993,-0.000026,-0.015286,-0.002984,0.249317
8.280000,drone3,raw,0.996029,0.598339,1.618080,0.000163,0.003865,-0.000021,0.999993,-0.000041,-0.015281,-0.002984,0.251301
8.300000,drone3,raw,0.995744,0.598277,1.622910,0.000179,0.003811,-0.000021,0.999993,-0.000041,-0.015831,-0.002980,0.244752
8.300000,drone1,raw,0.995704,-0.601722,1.622473,0.000179,0.003811,-0.000014,0.999993,-0.000026,-0.015835,-0.002980,0.242764
8.300000,drone2,raw,0.995331,-0.001727,1.629276,0.000179,0.003811,-0.000016,0.999993,-0.000031,-0.015868,-0.002991,0.243702
8.300000,drone1,ekf,1.040541,-0.628955,1.682742,0.000172,0.003833,-0.000014,0.999993,-0.000026,0.095693,-0.028625,0.348593
8.300000,drone3,ekf,1.045369,0.627306,1.684772,0.000173,0.003833,-0.000021,0.999993,-0.000041,0.100291,0.061162,0.342076
8.300000,drone1,ekf,1.038725,-0.627919,1.681263,0.000172,0.003833,-0.000014,0.999993,-0.000026,0.092867,-0.027014,0.346613
8.300000,drone1,ekf,1.037044,-0.626962,1.679883,0.000179,0.003811,-0.000014,0.999993,-0.000026,0.090252,-0.025524,0.344765
8.300000,drone2,ekf,0.978221,-0.002257,1.629618,0.000172,0.003833,-0.000016,0.999993,-0.000031,-0.053747,-0.014488,0.302274
8.300000,drone3,ekf,1.043365,0.626199,1.683238,0.000179,0.003811,-0.000021,0.999993,-0.000041,0.097174,0.059441,0.340023
8.300000,drone1,ekf,1.035486,-0.626073,1.678592,0.000179,0.003811,-0.000014,0.999993,-0.000026,0.087827,-0.024142,0.343037
8.300000,drone3,ekf,1.041512,0.625176,1.681807,0.000179,0.003811,-0.000021,0.999993,-0.000041,0.094290,0.057849,0.338106
8.300000,drone2,ekf,0.978781,-0.002238,1.630194,0.000179,0.003811,-0.000016,0.999993,-0.000031,-0.052998,-0.014463,0.303061
8.300000,drone3,ekf,1.039793,0.624227,1.680468,0.000179,0.003811,-0.000021,0.999993,-0.000041,0.091616,0.056372,0.336313
8.300000,drone2,ekf,0.979301,-0.002221,1.630734,0.000179,0.003811,-0.000016,0.999993,-0.000031,-0.052301,-0.014439,0.303797
8.300000,drone2,ekf,0.979786,-0.002204,1.631239,0.000179,0.003811,-0.000016,0.999993,-0.000031,-0.051652,-0.014417,0.304486
8.320000,drone3,raw,0.995446,0.598216,1.627602,0.000196,0.003752,-0.000021,0.999993,-0.000041,-0.016387,-0.002976,0.237939
8.320000,drone2,raw,0.995033,-0.001789,1.633947,0.000195,0.003752,-0.000028,0.999993,-0.000055,-0.016426,-0.002999,0.236889
8.320000,drone1,raw,0.995405,-0.601783,1.627125,0.000196,0.003752,-0.000014,0.999993,-0.000026,-0.016390,-0.002976,0.235945
8.340000,drone2,raw,0.994721,-0.001850,1.638479,0.000212,0.003690,-0.000017,0.999993,-0.000032,-0.016977,-0.002983,0.229956
8.340000,drone1,raw,0.995095,-0.601844,1.631638,0.000212,0.003690,-0.000014,0.999993,-0.000026,-0.016938,-0.002972,0.229008
8.340000,drone3,raw,0.995136,0.598155,1.632155,0.000213,0.003689,-0.000021,0.999993,-0.000041,-0.016936,-0.002972,0.231005
8.352000,drone3,ekf,1.042035,0.625582,1.693976,0.000223,0.003650,-0.000021,0.999993,-0.000041,0.079778,0.046177,0.287485
8.352000,drone2,ekf,0.976842,-0.002408,1.646462,0.000212,0.003690,-0.000017,0.999993,-0.000032,-0.067736,-0.004272,0.284873
8.352000,drone1,ekf,1.037186,-0.626696,1.693712,0.000223,0.003650,-0.000014,0.999993,-0.000026,0.065753,-0.030090,0.318665
8.352000,drone3,ekf,1.040123,0.624533,1.692535,0.000223,0.003650,-0.000021,0.999993,-0.000041,0.076809,0.044549,0.285560
8.352000,drone2,ekf,0.977419,-0.002389,1.646873,0.000222,0.003651,-0.000028,0.999993,-0.000055,-0.066966,-0.004247,0.285431
8.352000,drone1,ekf,1.035462,-0.625751,1.692261,0.000223,0.003650,-0.000014,0.999993,-0.000026,0.063077,-0.028623,0.316727
8.352000,drone2,ekf,0.977955,-0.002372,1.647257,0.000222,0.003651,-0.000028,0.999993,-0.000055,-0.066250,-0.004224,0.285952
8.352000,drone3,ekf,1.038355,0.623563,1.691189,0.000223,0.003650,-0.000021,0.999993,-0.000041,0.074065,0.043043,0.283764
8.352000,drone1,ekf,1.033868,-0.624878,1.690907,0.000223,0.003650,-0.000014,0.999993,-0.000026,0.060603,-0.027267,0.314919
8.352000,drone2,ekf,0.978456,-0.002356,1.647616,0.000222,0.003651,-0.000028,0.999993,-0.000055,-0.065582,-0.004203,0.286440
8.352000,drone3,ekf,1.036715,0.622663,1.689931,0.000223,0.003650,-0.000021,0.999993,-0.000041,0.071520,0.041646,0.282084
8.352000,drone1,ekf,1.032390,-0.624068,1.689640,0.000223,0.003650,-0.000014,0.999993,-0.000026,0.058309,-0.026010,0.313228
8.360000,drone2,raw,0.994398,-0.001911,1.642873,0.000229,0.003624,-0.000005,0.999993,-0.000008,-0.017510,-0.002967,0.223048
8.360000,drone3,raw,0.994813,0.598094,1.636571,0.000230,0.003623,-0.000021,0.999993,-0.000041,-0.017467,-0.002968,0.224098
8.360000,drone1,raw,0.994772,-0.601906,1.636014,0.000229,0.003623,-0.000014,0.999993,-0.000026,-0.017468,-0.002968,0.222097
8.380000,drone1,raw,0.994438,-0.601967,1.640257,0.000246,0.003553,-0.000014,0.999994,-0.000026,-0.017971,-0.002963,0.215352
8.380000,drone2,raw,0.994063,-0.001973,1.647136,0.000246,0.003554,-0.000017,0.999994,-0.000032,-0.018015,-0.002974,0.216307
8.380000,drone3,raw,0.994480,0.598032,1.640854,0.000247,0.003553,-0.000021,0.999994,-0.000041,-0.017970,-0.002963,0.217356
8.400000,drone1,raw,0.994094,-0.602028,1.644375,0.000263,0.003480,-0.000014,0.999994,-0.000026,-0.018435,-0.002958,0.208907
8.400000,drone2,raw,0.993718,-0.002035,1.651273,0.000263,0.003480,-0.000029,0.999994,-0.000055,-0.018483,-0.002981,0.209865
8.400000,drone3,ekf,1.038463,0.624297,1.701414,0.000257,0.003510,-0.000022,0.999994,-0.000041,0.073814,0.054875,0.267143
8.400000,drone2,ekf,0.976191,-0.001731,1.660619,0.000256,0.003510,-0.000005,0.999994,-0.000008,-0.058982,0.013253,0.265189
8.400000,drone1,ekf,1.033650,-0.624569,1.702673,0.000256,0.003510,-0.000014,0.999994,-0.0000-0,-0.002967,0.223048,0.300793
8.400000,drone3,ekf,1.036674,0.623301,1.700080,0.000263,0.003480,-0.000022,0.999994,-0.000041,0.071042,0.053331,0.265366
8.400000,drone2,ekf,0.976753,-0.001743,1.660892,0.000256,0.003510,-0.000005,0.999994,-0.000008,-0.058233,0.013238,0.265559
8.400000,drone1,ekf,1.032046,-0.623721,1.701274,0.000256,0.003510,-0.000014,0.999994,-0.000026,0.057274,-0.026875,0.298929
8.400000,drone3,ekf,1.035019,0.622379,1.698834,0.000263,0.003480,-0.000022,0.999994,-0.000041,0.068477,0.051903,0.263706
8.400000,drone2,ekf,0.977277,-0.001753,1.661147,0.000263,0.003480,-0.000029,0.999994,-0.000055,-0.057536,0.013224,0.265904
8.400000,drone1,ekf,1.030562,-0.622936,1.699968,0.000263,0.003480,-0.000014,0.999994,-0.000026,0.054975,-0.025658,0.297189
8.400000,drone3,ekf,1.033483,0.621524,1.697669,0.000263,0.003480,-0.000022,0.999994,-0.000041,0.066097,0.050577,0.262152
8.400000,drone2,ekf,0.977765,-0.001763,1.661386,0.000263,0.003480,-0.000029,0.999994,-0.000055,-0.056884,0.013211,0.266227
8.400000,drone1,ekf,1.029186,-0.622208,1.698745,0.000263,0.003480,-0.000014,0.999994,-0.000026,0.052841,-0.024529,0.295560
8.400000,drone3,raw,0.994136,0.597971,1.645012,0.000263,0.003480,-0.000022,0.999994,-0.000041,-0.018436,-0.002959,0.210914
8.420000,drone2,raw,0.993364,-0.002096,1.655294,0.000280,0.003404,-0.000017,0.999994,-0.000032,-0.018904,-0.002965,0.203844
8.420000,drone3,raw,0.993783,0.597910,1.649055,0.000280,0.003404,-0.000022,0.999994,-0.000041,-0.018855,-0.002954,0.204891
8.420000,drone1,raw,0.993741,-0.602089,1.648378,0.000280,0.003404,-0.000014,0.999994,-0.000026,-0.018853,-0.002953,0.202882
8.440000,drone2,raw,0.993001,-0.002157,1.659212,0.000297,0.003325,-0.000005,0.999994,-0.000008,-0.019271,-0.002948,0.198350
8.440000,drone1,raw,0.993379,-0.602150,1.652276,0.000297,0.003325,-0.000014,0.999994,-0.000026,-0.019219,-0.002948,0.197385
8.440000,drone3,raw,0.993421,0.597849,1.652993,0.000297,0.003325,-0.000022,0.999994,-0.000041,-0.019222,-0.002948,0.199397
8.452000,drone3,ekf,1.035360,0.622738,1.709778,0.000307,0.003277,-0.000022,0.999995,-0.000041,0.068925,0.041494,0.257274
8.452000,drone1,ekf,1.030764,-0.622926,1.711609,0.000297,0.003325,-0.000014,0.999994,-0.000026,0.059766,-0.028798,0.273466
8.452000,drone3,ekf,1.033649,0.621793,1.708509,0.000307,0.003277,-0.000022,0.999995,-0.000041,0.066277,0.040031,0.255585
8.452000,drone1,ekf,1.029230,-0.622145,1.710251,0.000307,0.003277,-0.000014,0.999995,-0.000026,0.057392,-0.027589,0.271659
8.452000,drone2,ekf,0.975152,-0.000554,1.674800,0.000297,0.003325,-0.000005,0.999994,-0.000008,-0.061113,0.024375,0.255269
8.452000,drone3,ekf,1.032065,0.620918,1.707323,0.000307,0.003277,-0.000022,0.999995,-0.000041,0.063828,0.038678,0.254008
8.452000,drone1,ekf,1.027811,-0.621422,1.708984,0.000307,0.003277,-0.000014,0.999995,-0.000026,0.055197,-0.026471,0.269973
8.452000,drone3,ekf,1.030597,0.620107,1.706214,0.000307,0.003277,-0.000022,0.999995,-0.000041,0.061556,0.037423,0.252532
8.452000,drone1,ekf,1.026494,-0.620751,1.707797,0.000307,0.003277,-0.000014,0.999995,-0.000026,0.053161,-0.025434,0.268394
8.452000,drone2,ekf,0.975715,-0.000613,1.674941,0.000297,0.003325,-0.000005,0.999994,-0.000008,-0.060363,0.024297,0.255458
8.452000,drone2,ekf,0.976240,-0.000667,1.675073,0.000307,0.003277,-0.000017,0.999995,-0.000032,-0.059665,0.024225,0.255636
8.452000,drone2,ekf,0.976730,-0.000718,1.675196,0.000307,0.003277,-0.000017,0.999995,-0.000032,-0.059012,0.024157,0.255801
8.460000,drone3,raw,0.993053,0.597788,1.656840,0.000314,0.003244,-0.000022,0.999995,-0.000041,-0.019530,-0.002942,0.194519
8.460000,drone1,raw,0.993011,-0.602211,1.656083,0.000314,0.003244,-0.000014,0.999995,-0.000026,-0.019526,-0.002942,0.192506
8.460000,drone2,raw,0.992632,-0.002219,1.663038,0.000313,0.003244,-0.000017,0.999995,-0.000032,-0.019581,-0.002953,0.193473
8.480000,drone2,raw,0.992257,-0.002280,1.666788,0.000330,0.003162,-0.000029,0.999995,-0.000056,-0.019828,-0.002958,0.189284
8.480000,drone1,raw,0.992637,-0.602272,1.659813,0.000330,0.003161,-0.000014,0.999995,-0.000026,-0.019771,-0.002935,0.188314
8.480000,drone3,raw,0.992679,0.597726,1.660611,0.000331,0.003161,-0.000022,0.999995,-0.000041,-0.019776,-0.002935,0.190328
8.500000,drone2,raw,0.991878,-0.002341,1.670476,0.000347,0.003078,-0.000017,0.999995,-0.000032,-0.020011,-0.002939,0.185831
8.500000,drone3,raw,0.992302,0.597665,1.664320,0.000348,0.003077,-0.000022,0.999995,-0.000041,-0.019959,-0.002928,0.186874
8.500000,drone3,ekf,1.031794,0.620297,1.716782,0.000341,0.003111,-0.000022,0.999995,-0.000041,0.058276,0.021730,0.245070
8.500000,drone2,ekf,0.973672,0.000481,1.687081,0.000340,0.003111,-0.000017,0.999995,-0.000032,-0.075795,0.027062,0.247027
8.500000,drone1,ekf,1.026656,-0.620937,1.718551,0.000341,0.003111,-0.000014,0.999995,-0.000026,0.032575,-0.018336,0.250787
8.500000,drone2,ekf,0.974248,0.000382,1.687108,0.000347,0.003078,-0.000017,0.999995,-0.000032,-0.075029,0.026930,0.247065
8.500000,drone1,ekf,1.025258,-0.620245,1.717272,0.000347,0.003077,-0.000014,0.999995,-0.000026,0.030416,-0.017267,0.249088
8.500000,drone3,ekf,1.030199,0.619448,1.715592,0.000348,0.003077,-0.000022,0.999995,-0.000041,0.055813,0.020418,0.243488
8.500000,drone3,ekf,1.028723,0.618662,1.714480,0.000348,0.003077,-0.000022,0.999995,-0.000041,0.053532,0.019203,0.242009
8.500000,drone2,ekf,0.974785,0.000289,1.687134,0.000347,0.003078,-0.000017,0.999995,-0.000032,-0.074315,0.026808,0.247099
8.500000,drone1,ekf,1.023964,-0.619604,1.716077,0.000347,0.003077,-0.000014,0.999995,-0.000026,0.028417,-0.016277,0.247499
8.500000,drone1,raw,0.992259,-0.602333,1.663482,0.000347,0.003077,-0.000014,0.999995,-0.000026,-0.019953,-0.002928,0.184860
8.500000,drone3,ekf,1.027353,0.617932,1.713438,0.000348,0.003077,-0.000022,0.999995,-0.000041,0.051416,0.018076,0.240625
8.500000,drone2,ekf,0.975287,0.000203,1.687158,0.000347,0.003078,-0.000017,0.999995,-0.000032,-0.073648,0.026693,0.247132
8.500000,drone1,ekf,1.022764,-0.619009,1.714958,0.000347,0.003077,-0.000014,0.999995,-0.000026,0.026563,-0.015358,0.246012
8.520000,drone2,raw,0.991497,-0.002402,1.674119,0.000364,0.002993,-0.000005,0.999995,-0.000008,-0.020129,-0.002919,0.183143
8.520000,drone1,raw,0.991879,-0.602394,1.667105,0.000364,0.002992,-0.000014,0.999995,-0.000026,-0.020069,-0.002919,0.182170
8.520000,drone3,raw,0.991922,0.597605,1.667983,0.000365,0.002992,-0.000022,0.999995,-0.000041,-0.020076,-0.002919,0.184184
8.540000,drone2,raw,0.991114,-0.002463,1.677725,0.000381,0.002734,-0.000017,0.999996,-0.000032,-0.020157,-0.002921,0.181094
8.540000,drone1,raw,0.991497,-0.602455,1.670697,0.000381,0.002907,-0.000014,0.999996,-0.000026,-0.020123,-0.002910,0.180250
8.540000,drone3,raw,0.991540,0.597544,1.671615,0.000381,0.002907,-0.000022,0.999996,-0.000041,-0.020131,-0.002910,0.182264
8.552000,drone3,ekf,1.027801,0.617080,1.723315,0.000392,0.002856,-0.000022,0.999996,-0.000041,0.037098,-0.002313,0.210933
8.552000,drone2,ekf,0.972497,0.001302,1.699641,0.000381,0.002734,-0.000017,0.999996,-0.000032,-0.064839,0.023702,0.241571
8.552000,drone1,ekf,1.022510,-0.619267,1.727585,0.000391,0.002856,-0.000014,0.999996,-0.000026,0.019689,-0.016936,0.267219
8.552000,drone3,ekf,1.026316,0.616346,1.722222,0.000392,0.002856,-0.000022,0.999996,-0.000041,0.034808,-0.003446,0.209481
8.552000,drone2,ekf,0.973078,0.001169,1.699562,0.000391,0.002688,-0.000015,0.999996,-0.000028,-0.064067,0.023525,0.241465
8.552000,drone1,ekf,1.021229,-0.618643,1.726314,0.000391,0.002856,-0.000014,0.999996,-0.000026,0.017713,-0.015973,0.265531
8.552000,drone3,ekf,1.024943,0.615667,1.721201,0.000392,0.002856,-0.000022,0.999996,-0.000041,0.032689,-0.004493,0.208124
8.552000,drone1,ekf,1.020044,-0.618066,1.725127,0.000391,0.002856,-0.000014,0.999996,-0.000026,0.015885,-0.015083,0.263955
8.552000,drone2,ekf,0.973620,0.001044,1.699488,0.000391,0.002688,-0.000015,0.999996,-0.000028,-0.063347,0.023360,0.241366
8.552000,drone3,ekf,1.023668,0.615037,1.720245,0.000392,0.002856,-0.000022,0.999996,-0.000041,0.030723,-0.005465,0.206854
8.552000,drone1,ekf,1.018944,-0.617530,1.724016,0.000391,0.002856,-0.000014,0.999996,-0.000026,0.014189,-0.014256,0.262478
8.552000,drone2,ekf,0.974127,0.000928,1.699419,0.000391,0.00268,,-0.000017,0.999996,-0.000028,-0.062674,0.023206,0.241273
8.560000,drone3,raw,0.991159,0.597483,1.675231,0.000398,0.002822,-0.000022,0.999996,-0.000041,-0.020125,-0.002900,0.181095
8.560000,drone2,raw,0.990732,-0.002524,1.681320,0.000398,0.002657,-0.000019,0.999996,-0.000036,-0.020121,-0.002917,0.179937
8.560000,drone1,raw,0.991116,-0.602516,1.674272,0.000398,0.002822,-0.000014,0.999996,-0.000026,-0.020116,-0.002899,0.179082
8.580000,drone3,raw,0.990778,0.597423,1.678845,0.000415,0.002737,-0.000022,0.999996,-0.000041,-0.020062,-0.002888,0.180639
8.580000,drone2,raw,0.990350,-0.002585,1.684914,0.000415,0.002580,-0.000017,0.999997,-0.000032,-0.020054,-0.002899,0.179622
8.580000,drone1,raw,0.990735,-0.602576,1.677846,0.000415,0.002737,-0.000014,0.999996,-0.000026,-0.020052,-0.002888,0.178627
8.600000,drone3,raw,0.990400,0.597362,1.682469,0.000432,0.002653,-0.000022,0.999996,-0.000041,-0.019948,-0.002875,0.180837
8.600000,drone2,raw,0.989971,-0.002645,1.688517,0.000431,0.002504,-0.000015,0.999997,-0.000028,-0.019942,-0.002884,0.179822
8.600000,drone3,ekf,1.022876,0.613588,1.728385,0.000432,0.002653,-0.000022,0.999996,-0.000041,0.011082,-0.017644,0.189698
8.600000,drone2,ekf,0.971750,0.001671,1.710387,0.000425,0.002534,-0.000019,0.999997,-0.000036,-0.061426,0.018598,0.231633
8.600000,drone3,ekf,1.021558,0.612989,1.727423,0.000432,0.002653,-0.000022,0.999996,-0.000041,0.009051,-0.018567,0.188421
8.600000,drone1,ekf,1.018061,-0.617295,1.736269,0.000425,0.002687,-0.000014,0.999996,-0.000026,0.005336,-0.006335,0.281698
8.600000,drone2,ekf,0.972318,0.001521,1.710237,0.000425,0.002534,-0.000019,0.999997,-0.000036,-0.060671,0.018399,0.231432
8.600000,drone3,ekf,1.020337,0.612434,1.726523,0.000432,0.002653,-0.000022,0.999996,-0.000041,0.007170,-0.019422,0.187226
8.600000,drone2,ekf,0.972849,0.001381,1.710098,0.000431,0.002504,-0.000015,0.999997,-0.000028,-0.059966,0.018214,0.231245
8.600000,drone3,ekf,1.019204,0.611919,1.725681,0.000432,0.002653,-0.000022,0.999996,-0.000041,0.005424,-0.020215,0.186107
8.600000,drone2,ekf,0.973345,0.001251,1.709966,0.000431,0.002504,-0.000015,0.999997,-0.000028,-0.059306,0.018040,0.231070
8.600000,drone1,ekf,1.016927,-0.616757,1.735006,0.000432,0.002653,-0.000014,0.999996,-0.000026,0.003588,-0.005507,0.280020
8.600000,drone1,raw,0.990357,-0.602637,1.681430,0.000432,0.002653,-0.000014,0.999996,-0.000026,-0.019937,-0.002875,0.178827
8.600000,drone1,ekf,1.015876,-0.616260,1.733825,0.000432,0.002653,-0.000014,0.999996,-0.000026,0.001969,-0.004740,0.278452
8.600000,drone1,ekf,1.014901,-0.615798,1.732719,0.000432,0.002653,-0.000014,0.999996,-0.000026,0.000467,-0.004028,0.276982
8.620000,drone1,raw,0.989982,-0.602697,1.685034,0.000448,0.002570,-0.000014,0.999997,-0.000026,-0.019778,-0.002861,0.179605
8.620000,drone3,raw,0.990025,0.597302,1.686114,0.000449,0.002570,-0.000022,0.999997,-0.000041,-0.019789,-0.002861,0.181613
8.620000,drone2,raw,0.989595,-0.002706,1.692141,0.000448,0.002428,-0.000017,0.999997,-0.000032,-0.019785,-0.002872,0.180599
8.640000,drone2,raw,0.989223,-0.002766,1.695795,0.000465,0.002353,-0.000019,0.999997,-0.000036,-0.019590,-0.002859,0.181860
8.640000,drone1,raw,0.989611,-0.602757,1.688668,0.000465,0.002488,-0.000014,0.999997,-0.000026,-0.019581,-0.002846,0.180868
8.640000,drone3,raw,0.989654,0.597242,1.689788,0.000466,0.002488,-0.000022,0.999997,-0.000041,-0.019593,-0.002846,0.182873
8.652000,drone2,ekf,0.970555,0.001603,1.722457,0.000465,0.002353,-0.000019,0.999997,-0.000036,-0.064733,0.009709,0.244770
8.652000,drone1,ekf,1.013431,-0.615304,1.745274,0.000465,0.002488,-0.000014,0.999997,-0.000026,-0.009132,0.000740,0.265497
8.652000,drone3,ekf,1.017985,0.609435,1.734919,0.000476,0.002439,-0.000022,0.999997,-0.000041,-0.000949,-0.039201,0.194224
8.652000,drone1,ekf,1.012433,-0.614847,1.744021,0.000465,0.002488,-0.000014,0.999997,-0.000026,-0.010667,0.001443,0.263833
8.652000,drone2,ekf,0.971131,0.001450,1.722220,0.000475,0.002308,-0.000017,0.999997,-0.000032,-0.063967,0.009506,0.244452
8.652000,drone1,ekf,1.011509,-0.614425,1.742851,0.000475,0.002439,-0.000014,0.999997,-0.000026,-0.012088,0.002093,0.262279
8.652000,drone2,ekf,0.971669,0.001308,1.721997,0.000475,0.002308,-0.000017,0.999997,-0.000032,-0.063252,0.009317,0.244155
8.652000,drone1,ekf,1.010652,-0.614032,1.741755,0.000475,0.002439,-0.000014,0.999997,-0.000026,-0.013407,0.002696,0.260823
8.652000,drone3,ekf,1.016812,0.608987,1.734056,0.000476,0.002439,-0.000022,0.999997,-0.000041,-0.002753,-0.039889,0.193078
8.652000,drone2,ekf,0.972172,0.001174,1.721789,0.000475,0.002308,-0.000017,0.999997,-0.000032,-0.062584,0.009140,0.243877
8.652000,drone3,ekf,1.015727,0.608573,1.733249,0.000476,0.002439,-0.000022,0.999997,-0.000041,-0.004422,-0.040526,0.192007
8.652000,drone3,ekf,1.014720,0.608189,1.732494,0.000476,0.002439,-0.000022,0.999997,-0.000041,-0.005971,-0.041117,0.191004
8.660000,drone3,raw,0.989287,0.597182,1.693498,0.000482,0.002407,-0.000022,0.999997,-0.000041,-0.019369,-0.002830,0.184512
8.660000,drone2,raw,0.988855,-0.002826,1.699485,0.000482,0.002279,-0.000017,0.999997,-0.000032,-0.019366,-0.002841,0.183502
8.660000,drone1,raw,0.989244,-0.602817,1.692338,0.000482,0.002407,-0.000014,0.999997,-0.000026,-0.019356,-0.002830,0.182510
8.680000,drone3,raw,0.988925,0.597122,1.697248,0.000499,0.002328,-0.000022,0.999997,-0.000041,-0.019124,-0.002813,0.186416
8.680000,drone2,raw,0.988491,-0.002886,1.703215,0.000498,0.002206,-0.000015,0.999997,-0.000028,-0.019122,-0.002822,0.185407
8.680000,drone1,raw,0.988882,-0.602877,1.696048,0.000499,0.002328,-0.000014,0.999997,-0.000026,-0.019110,-0.002813,0.184417
8.700000,drone1,raw,0.988525,-0.602936,1.699800,0.000515,0.002250,-0.000014,0.999997,-0.000026,-0.018854,-0.002795,0.186468
8.700000,drone2,raw,0.988133,-0.002946,1.706986,0.000515,0.002134,-0.000017,0.999998,-0.000032,-0.018867,-0.002806,0.187456
8.700000,drone2,ekf,0.968781,0.001566,1.733597,0.000508,0.002163,-0.000017,0.999998,-0.000032,-0.083231,0.011401,0.252434
8.700000,drone1,ekf,1.009045,-0.612832,1.753341,0.000509,0.002281,-0.000014,0.999997,-0.000026,-0.015586,0.017628,0.266774
8.700000,drone3,ekf,1.013435,0.605421,1.740781,0.000509,0.002281,-0.000022,0.999997,-0.000041,-0.005389,-0.051490,0.188328
8.700000,drone2,ekf,0.969383,0.001411,1.733288,0.000508,0.002163,-0.000017,0.999998,-0.000032,-0.082432,0.011195,0.252022
8.700000,drone1,ekf,1.008190,-0.612480,1.752127,0.000509,0.002281,-0.000014,0.999997,-0.000026,-0.016900,0.018169,0.265161
8.700000,drone3,ekf,1.012413,0.605126,1.740031,0.000516,0.002250,-0.000022,0.999997,-0.000041,-0.006960,-0.051944,0.187332
8.700000,drone2,ekf,0.969944,0.001266,1.732999,0.000515,0.002134,-0.000017,0.999998,-0.000032,-0.081685,0.011002,0.251637
8.700000,drone1,ekf,1.007398,-0.612153,1.750992,0.000515,0.002250,-0.000014,0.999997,-0.000026,-0.018117,0.018671,0.263653
8.700000,drone2,ekf,0.970470,0.001131,1.732729,0.000515,0.002134,-0.000017,0.999998,-0.000032,-0.080986,0.010822,0.251276
8.700000,drone3,ekf,1.011466,0.604853,1.739329,0.000516,0.002250,-0.000022,0.999997,-0.000041,-0.008414,-0.052364,0.186400
8.700000,drone1,ekf,1.006662,-0.611850,1.749929,0.000515,0.002250,-0.000014,0.999997,-0.000026,-0.019247,0.019137,0.262241
8.700000,drone3,ekf,1.010587,0.604599,1.738672,0.000516,0.002250,-0.000022,0.999997,-0.000041,-0.009765,-0.052754,0.185528
8.700000,drone3,raw,0.988567,0.597062,1.701039,0.000516,0.002250,-0.000022,0.999997,-0.000041,-0.018868,-0.002795,0.188462
8.720000,drone3,raw,0.988214,0.597003,1.704872,0.000532,0.002174,-0.000022,0.999997,-0.000041,-0.018611,-0.002776,0.190527
8.720000,drone1,raw,0.988172,-0.602995,1.703593,0.000532,0.002174,-0.000014,0.999997,-0.000026,-0.018596,-0.002776,0.188537
8.720000,drone2,raw,0.987779,-0.003006,1.710799,0.000532,0.002064,-0.000019,0.999998,-0.000036,-0.018610,-0.002789,0.189523
8.740000,drone3,raw,0.987866,0.596944,1.708742,0.000549,0.002099,-0.000022,0.999998,-0.000041,-0.018361,-0.002756,0.192488
8.740000,drone2,raw,0.987430,-0.003065,1.714648,0.000548,0.001995,-0.000017,0.999998,-0.000031,-0.018361,-0.002767,0.191487
8.740000,drone1,raw,0.987824,-0.603055,1.707423,0.000548,0.002099,-0.000014,0.999998,-0.000026,-0.018345,-0.002756,0.190503
8.752000,drone3,e,,0.604853,1.739329,,1.746199,0.000549,0.002099,-0.000022,0.999998,-0.000041,-0.006158,-0.033891,0.156201
8.752000,drone2,ekf,0.966674,0.001924,1.746427,0.000548,0.001995,-0.000017,0.999998,-0.000031,-0.085348,0.018572,0.271215
8.752000,drone1,ekf,1.004659,-0.609907,1.762420,0.000548,0.002099,-0.000014,0.999998,-0.000026,-0.024628,0.032863,0.263042
8.752000,drone3,ekf,1.008460,0.602446,1.745602,0.000559,0.002055,-0.000021,0.999998,-0.000041,-0.007546,-0.034191,0.155408
8.752000,drone2,ekf,0.967317,0.001751,1.746022,0.000548,0.001995,-0.000017,0.999998,-0.000031,-0.084493,0.018342,0.270674
8.752000,drone1,ekf,1.003934,-0.609671,1.761230,0.000558,0.002055,-0.000014,0.999998,-0.000026,-0.025741,0.033223,0.261462
8.752000,drone3,ekf,1.007622,0.602266,1.745044,0.000559,0.002055,-0.000021,0.999998,-0.000041,-0.008831,-0.034468,0.154667
8.752000,drone2,ekf,0.967917,0.001590,1.745642,0.000558,0.001953,-0.000019,0.999998,-0.000036,-0.083694,0.018127,0.270168
8.752000,drone2,ekf,0.968479,0.001439,1.745287,0.000558,0.001953,-0.000019,0.999998,-0.000036,-0.082947,0.017927,0.269694
8.752000,drone1,ekf,1.003262,-0.609453,1.760119,0.000558,0.002055,-0.000014,0.999998,-0.000026,-0.026770,0.033558,0.259985
8.752000,drone3,ekf,1.006844,0.602098,1.744521,0.000559,0.002055,-0.000021,0.999998,-0.000041,-0.010024,-0.034726,0.153972
8.752000,drone1,ekf,1.002639,-0.609251,1.759077,0.000558,0.002055,-0.000014,0.999998,-0.000026,-0.027726,0.033868,0.258602
8.760000,drone3,raw,0.987522,0.596885,1.712644,0.000565,0.002026,-0.000021,0.999998,-0.000041,-0.018127,-0.002736,0.194225
8.760000,drone2,raw,0.987085,-0.003124,1.718530,0.000565,0.001926,-0.000015,0.999998,-0.000027,-0.018127,-0.002745,0.193227
8.760000,drone1,raw,0.987480,-0.603113,1.711286,0.000565,0.002026,-0.000014,0.999998,-0.000025,-0.018111,-0.002736,0.192246
8.780000,drone3,raw,0.987181,0.596826,1.716570,0.000582,0.001953,-0.000021,0.999998,-0.000040,-0.017918,-0.002716,0.195629
8.780000,drone2,raw,0.986743,-0.003183,1.722436,0.000581,0.001859,-0.000017,0.999998,-0.000031,-0.017918,-0.002727,0.194634
8.780000,drone1,raw,0.987139,-0.603172,1.715172,0.000581,0.001954,-0.000014,0.999998,-0.000025,-0.017901,-0.002716,0.193655
8.800000,drone3,raw,0.986843,0.596768,1.720510,0.000598,0.001882,-0.000021,0.999998,-0.000040,-0.017740,-0.002695,0.196599
8.800000,drone1,raw,0.986801,-0.603230,1.719073,0.000598,0.001882,-0.000014,0.999998,-0.000025,-0.017722,-0.002695,0.194631
8.800000,drone1,ekf,1.000754,-0.607578,1.769737,0.000591,0.001910,-0.000014,0.999998,-0.000025,-0.026700,0.031952,0.245352
8.800000,drone2,raw,0.986404,-0.003241,1.726357,0.000598,0.001792,-0.000019,0.999998,-0.000035,-0.017742,-0.002708,0.195607
8.800000,drone1,ekf,1.000153,-0.607439,1.768623,0.000591,0.001910,-0.000014,0.999998,-0.000025,-0.027621,0.032165,0.243872
8.800000,drone2,ekf,0.965203,0.001532,1.758127,0.000591,0.001818,-0.000015,0.999998,-0.000027,-0.082050,0.005345,0.277546
8.800000,drone1,ekf,0.999595,-0.607310,1.767582,0.000598,0.001882,-0.000014,0.999998,-0.000025,-0.028474,0.032362,0.242488
8.800000,drone3,ekf,1.004623,0.600765,1.752092,0.000598,0.001882,-0.000021,0.999998,-0.000040,-0.030646,-0.025099,0.167640
8.800000,drone1,ekf,0.999078,-0.607191,1.766606,0.000598,0.001882,-0.000014,0.999998,-0.000025,-0.029267,0.032546,0.241191
8.800000,drone2,ekf,0.965863,0.001369,1.757646,0.000598,0.001792,-0.000019,0.999998,-0.000035,-0.081172,0.005128,0.276905
8.800000,drone3,ekf,1.003875,0.600638,1.751618,0.000598,0.001882,-0.000021,0.999998,-0.000040,-0.031791,-0.025294,0.167009
8.800000,drone3,ekf,1.003182,0.600520,1.751174,0.000598,0.001882,-0.000021,0.999998,-0.000040,-0.032853,-0.025475,0.166420
8.800000,drone2,ekf,0.966479,0.001217,1.757196,0.000598,0.001792,-0.000019,0.999998,-0.000035,-0.080352,0.004926,0.276306
8.800000,drone3,ekf,1.002538,0.600410,1.750759,0.000598,0.001882,-0.000021,0.999998,-0.000040,-0.033839,-0.025643,0.165867
8.800000,drone2,ekf,0.967056,0.001075,1.756775,0.000598,0.001792,-0.000019,0.999998,-0.000035,-0.079584,0.004736,0.275744
8.820000,drone3,raw,0.986507,0.596710,1.724454,0.000615,0.001811,-0.000021,0.999998,-0.000040,-0.017602,-0.002675,0.197047
8.820000,drone2,raw,0.986067,-0.003300,1.730281,0.000614,0.001725,-0.000017,0.999998,-0.000031,-0.017604,-0.002686,0.196059
8.820000,drone1,raw,0.986465,-0.603288,1.722978,0.000614,0.001811,-0.000014,0.999998,-0.000025,-0.017583,-0.002675,0.195086
8.840000,drone2,raw,0.985731,-0.003358,1.734196,0.000630,0.001659,-0.000014,0.999998,-0.000027,-0.017510,-0.002663,0.195918
8.840000,drone3,raw,0.986171,0.596652,1.728389,0.000631,0.001740,-0.000021,0.999998,-0.000040,-0.017507,-0.002654,0.196902
8.840000,drone1,raw,0.986130,-0.603346,1.726874,0.000630,0.001740,-0.000014,0.999998,-0.000025,-0.017487,-0.002654,0.194948
8.852000,drone3,ekf,1.000477,0.599018,1.758850,0.000641,0.001698,-0.000021,0.999998,-0.000040,-0.027640,-0.025496,0.162496
8.852000,drone2,ekf,0.962376,0.001282,1.770749,0.000630,0.001659,-0.000014,0.999998,-0.000027,-0.103960,0.007051,0.279570
8.852000,drone1,ekf,0.997336,-0.604746,1.777316,0.000630,0.001740,-0.000014,0.999998,-0.000025,-0.023796,0.046528,0.225760
8.852000,drone3,ekf,0.999852,0.598951,1.758490,0.000641,0.001698,-0.000021,0.999998,-0.000040,-0.028597,-0.025598,0.162018
8.852000,drone1,ekf,0.996829,-0.604722,1.776283,0.000630,0.001740,-0.000014,0.999998,-0.000025,-0.024570,0.046566,0.224388
8.852000,drone3,ekf,0.999272,0.598889,1.758154,0.000641,0.001698,-0.000021,0.999998,-0.000040,-0.029483,-0.025693,0.161572
8.852000,drone2,ekf,0.963103,0.001122,1.770184,0.000630,0.001659,-0.000014,0.999998,-0.000027,-0.102992,0.006838,0.278817
8.852000,drone1,ekf,0.996360,-0.604698,1.775318,0.000640,0.001698,-0.000013,0.999998,-0.000025,-0.025287,0.046601,0.223104
8.852000,drone3,ekf,0.998734,0.598832,1.757840,0.000641,0.001698,-0.000021,0.999998,-0.000040,-0.030306,-0.025780,0.161153
8.852000,drone1,ekf,0.995925,-0.604677,1.774414,0.000640,0.001698,-0.000013,0.999998,-0.000025,-0.025953,0.046634,0.221902
8.852000,drone2,ekf,0.963783,0.000972,1.769655,0.000630,0.001659,-0.000014,0.999998,-0.000027,-0.102087,0.006639,0.278114
8.852000,drone2,ekf,0.964419,0.000833,1.769160,0.000630,0.001659,-0.000014,0.999998,-0.000027,-0.101239,0.006452,0.277454
8.860000,drone1,raw,0.985795,-0.603403,1.730747,0.000647,0.001669,-0.000013,0.999998,-0.000025,-0.017439,-0.002634,0.194163
8.860000,drone2,raw,0.985394,-0.003415,1.738088,0.000647,0.001592,-0.000016,0.999999,-0.000031,-0.017464,-0.002645,0.195129
8.860000,drone3,raw,0.985835,0.596595,1.732301,0.000647,0.001669,-0.000021,0.999998,-0.000040,-0.017460,-0.002634,0.196110
8.880000,drone2,raw,0.985056,-0.003473,1.741944,0.000663,0.001524,-0.000018,0.999999,-0.000035,-0.017470,-0.002627,0.193658
8.880000,drone1,raw,0.985458,-0.603461,1.734584,0.000663,0.001598,-0.000013,0.999999,-0.000025,-0.017443,-0.002614,0.192695
8.880000,drone3,raw,0.985498,0.596538,1.736176,0.000663,0.001598,-0.000021,0.999999,-0.000040,-0.017464,-0.002614,0.194634
8.900000,drone2,raw,0.984716,-0.003530,1.745750,0.000679,0.001455,-0.000016,0.999999,-0.000030,-0.017528,-0.002606,0.191485
8.900000,drone1,raw,0.985119,-0.603517,1.738370,0.000679,0.001526,-0.000013,0.999999,-0.000024,-0.017498,-0.002595,0.190526
8.900000,drone3,raw,0.985159,0.596481,1.740001,0.000679,0.001526,-0.000021,0.999999,-0.000039,-0.017521,-0.002595,0.192458
8.900000,drone3,ekf,0.996879,0.598053,1.764479,0.000679,0.001526,-0.000021,0.999999,-0.000039,-0.027900,-0.015499,0.143254
8.900000,drone1,ekf,0.993892,-0.602130,1.783478,0.000673,0.001555,-0.000013,0.999999,-0.000024,-0.033944,0.054754,0.208169
8.900000,drone2,ekf,0.960219,0.001258,1.781508,0.000672,0.001483,-0.000016,0.999999,-0.000030,-0.103529,0.012259,0.270063
8.900000,drone3,ekf,0.996364,0.598019,1.764244,0.000679,0.001526,-0.000021,0.999999,-0.000039,-0.028686,-0.015552,0.142940
8.900000,drone1,ekf,0.993489,-0.602210,1.782553,0.000679,0.001526,-0.000013,0.999999,-0.000024,-0.034559,0.054631,0.206938
8.900000,drone3,ekf,0.995887,0.597987,1.764023,0.000679,0.001526,-0.000021,0.999999,-0.000039,-0.029414,-0.015601,0.142647
8.900000,drone2,ekf,0.960986,0.001095,1.780895,0.000679,0.001455,-0.000016,0.999999,-0.000030,,-,-0.002614,0.194,0.269246
8.900000,drone1,ekf,0.993117,-0.602284,1.781688,0.000679,0.001526,-0.000013,0.999999,-0.000024,-0.035128,0.054517,0.205786
8.900000,drone3,ekf,0.995444,0.597957,1.763817,0.000679,0.001526,-0.000021,0.999999,-0.000039,-0.030091,-0.015647,0.142372
8.900000,drone1,ekf,0.992770,-0.602354,1.780877,0.000679,0.001526,-0.000013,0.999999,-0.000024,-0.035657,0.054411,0.204707
8.900000,drone2,ekf,0.961703,0.000943,1.780322,0.000679,0.001455,-0.000016,0.999999,-0.000030,-0.101551,0.011839,0.268482
8.900000,drone2,ekf,0.962375,0.000801,1.779784,0.000679,0.001455,-0.000016,0.999999,-0.000030,-0.100656,0.011650,0.267766
8.920000,drone3,raw,0.984816,0.596424,1.743762,0.000695,0.001452,-0.000021,0.999999,-0.000039,-0.017629,-0.002577,0.189583
8.920000,drone1,raw,0.984776,-0.603574,1.742092,0.000695,0.001452,-0.000013,0.999999,-0.000024,-0.017606,-0.002577,0.187660
8.920000,drone2,raw,0.984373,-0.003586,1.749491,0.000695,0.001386,-0.000014,0.999999,-0.000026,-0.017639,-0.002585,0.188614
8.940000,drone3,raw,0.984469,0.596368,1.747444,0.000711,0.001377,-0.000021,0.999999,-0.000039,-0.017789,-0.002559,0.186029
8.940000,drone2,raw,0.984025,-0.003643,1.753154,0.000711,0.001314,-0.000016,0.999999,-0.000030,-0.017801,-0.002569,0.185065
8.940000,drone1,raw,0.984430,-0.603630,1.745736,0.000711,0.001377,-0.000013,0.999999,-0.000024,-0.017764,-0.002559,0.184114
8.952000,drone3,ekf,0.992981,0.597692,1.769665,0.000721,0.001332,-0.000020,0.999999,-0.000039,-0.039647,-0.004574,0.114166
8.952000,drone2,ekf,0.958205,0.001862,1.792014,0.000711,0.001314,-0.000016,0.999999,-0.000030,-0.095679,0.024025,0.247618
8.952000,drone1,ekf,0.990565,-0.599186,1.790138,0.000711,0.001377,-0.000013,0.999999,-0.000024,-0.036440,0.064728,0.194105
8.952000,drone3,ekf,0.992579,0.597666,1.769577,0.000721,0.001332,-0.000020,0.999999,-0.000039,-0.040260,-0.004614,0.114049
8.952000,drone2,ekf,0.959012,0.001674,1.791366,0.000711,0.001314,-0.000016,0.999999,-0.000030,-0.094603,0.023774,0.246755
8.952000,drone1,ekf,0.990254,-0.599386,1.789305,0.000720,0.001332,-0.000013,0.999999,-0.000024,-0.036914,0.064424,0.192995
8.956000,drone2,ekf,0.959411,0.001586,1.791705,0.000720,0.001270,-0.000014,0.999999,-0.000026,-0.092878,0.023070,0.244993
8.956000,drone1,ekf,0.989824,-0.599324,1.789265,0.000720,0.001332,-0.000013,0.999999,-0.000024,-0.036185,0.064161,0.192268
8.956000,drone3,ekf,0.992042,0.597625,1.769930,0.000721,0.001332,-0.000020,0.999999,-0.000039,-0.041923,-0.004117,0.112607
8.956000,drone2,ekf,0.960136,0.001416,1.791102,0.000720,0.001270,-0.000014,0.999999,-0.000026,-0.091911,0.022844,0.244190
8.956000,drone1,ekf,0.989558,-0.599506,1.788504,0.000720,0.001332,-0.000013,0.999999,-0.000024,-0.036590,0.063884,0.191254
8.956000,drone3,ekf,0.991698,0.597602,1.769838,0.000721,0.001332,-0.000020,0.999999,-0.000039,-0.042447,-0.004151,0.112484
8.960000,drone3,raw,0.984116,0.596312,1.751037,0.000727,0.001301,-0.000020,0.999999,-0.000039,-0.017996,-0.002541,0.181834
8.960000,drone2,raw,0.983671,-0.003699,1.756727,0.000727,0.001241,-0.000018,0.999999,-0.000034,-0.018010,-0.002554,0.180875
8.960000,drone1,raw,0.984077,-0.603686,1.749291,0.000727,0.001301,-0.000013,0.999999,-0.000024,-0.017970,-0.002541,0.179929
8.980000,drone3,raw,0.983757,0.596257,1.754528,0.000743,0.001222,-0.000020,0.999999,-0.000039,-0.018246,-0.002525,0.177052
8.980000,drone2,raw,0.983312,-0.003754,1.760200,0.000742,0.001165,-0.000016,0.999999,-0.000029,-0.018262,-0.002535,0.176098
8.980000,drone1,raw,0.983719,-0.603741,1.752744,0.000743,0.001222,-0.000013,0.999999,-0.000024,-0.018219,-0.002525,0.175157
9.000000,drone3,raw,0.983392,0.596202,1.757908,0.000759,0.001141,-0.000020,0.999999,-0.000038,-0.018534,-0.002509,0.171751
9.000000,drone2,raw,0.982945,-0.003810,1.763561,0.000758,0.001087,-0.000013,0.999999,-0.000025,-0.018553,-0.002517,0.170802
9.000000,drone1,raw,0.983354,-0.603796,1.756087,0.000758,0.001141,-0.000013,0.999999,-0.000023,-0.018506,-0.002509,0.169866
9.000000,drone1,ekf,0.988561,-0.597064,1.795837,0.000752,0.001174,-0.000013,0.999999,-0.000023,-0.016567,0.062004,0.183725
9.000000,drone1,ekf,0.988295,-0.597348,1.795093,0.000752,0.001174,-0.000013,0.999999,-0.000023,-0.016971,0.061573,0.182734
9.000000,drone3,ekf,0.989811,0.597077,1.774217,0.000759,0.001141,-0.000020,0.999999,-0.000038,-0.035740,-0.011757,0.098665
9.000000,drone2,ekf,0.956801,0.002165,1.800942,0.000752,0.001118,-0.000018,0.999999,-0.000033,-0.094569,0.021642,0.238911
9.000000,drone1,ekf,0.988049,-0.597610,1.794396,0.000758,0.001141,-0.000013,0.999999,-0.000023,-0.017346,0.061174,0.181807
9.000000,drone3,ekf,0.989499,0.597069,1.774254,0.000759,0.001141,-0.000020,0.999999,-0.000038,-0.036214,-0.011769,0.098715
9.000000,drone2,ekf,0.957619,0.001963,1.800277,0.000752,0.001118,-0.000018,0.999999,-0.000033,-0.093477,0.021373,0.238024
9.000000,drone1,ekf,0.987820,-0.597854,1.793744,0.000758,0.001141,-0.000013,0.999999,-0.000023,-0.017694,0.060803,0.180938
9.000000,drone2,ekf,0.958385,0.001774,1.799654,0.000752,0.001118,-0.000018,0.999999,-0.000033,-0.092456,0.021121,0.237195
9.000000,drone3,ekf,0.989210,0.597061,1.774289,0.000759,0.001141,-0.000020,0.999999,-0.000038,-0.036654,-0.011781,0.098761
9.000000,drone2,ekf,0.959102,0.001597,1.799070,0.000752,0.001118,-0.000018,0.999999,-0.000033,-0.091499,0.020885,0.236417
9.000000,drone3,ekf,0.988942,0.597054,1.774321,0.000759,0.001141,-0.000020,0.999999,-0.000038,-0.037062,-0.011791,0.098805
9.020000,drone3,raw,0.983018,0.596147,1.761170,0.000774,0.001058,-0.000020,0.999999,-0.000038,-0.018852,-0.002494,0.166012
9.020000,drone2,raw,0.982571,-0.003864,1.766803,0.000769,0.001052,-0.000015,0.999999,-0.000029,-0.018876,-0.002501,0.165046
9.020000,drone1,raw,0.982981,-0.603851,1.759311,0.000774,0.001058,-0.000012,0.999999,-0.000023,-0.018823,-0.002493,0.164138
9.040000,drone3,raw,0.982637,0.596093,1.764307,0.000790,0.000972,-0.000020,0.999999,-0.000038,-0.019194,-0.002479,0.159925
9.040000,drone2,raw,0.982189,-0.003919,1.769921,0.000785,0.000967,-0.000018,0.999999,-0.000034,-0.019228,-0.002489,0.158964
9.040000,drone1,raw,0.982600,-0.603905,1.762411,0.000789,0.000972,-0.000012,0.999999,-0.000023,-0.019163,-0.002479,0.158061
9.052000,drone3,ekf,0.987067,0.596131,1.778462,0.000799,0.000919,-0.000020,0.999999,-0.000038,-0.031323,-0.018180,0.076357
9.052000,drone2,ekf,0.955351,0.002023,1.809718,0.000785,0.000967,-0.000018,0.999999,-0.000034,-0.088200,0.012065,0.218004
9.052000,drone1,ekf,0.986377,-0.594894,1.801358,0.000789,0.000972,-0.000012,0.999999,-0.000023,-0.023514,0.064084,0.159102
9.052000,drone3,ekf,0.986821,0.596154,1.778633,0.000799,0.000919,-0.000020,0.999999,-0.000038,-0.031697,-0.018146,0.076584
9.052000,drone2,ekf,0.956189,0.001820,1.809029,0.000785,0.000967,-0.000018,0.999999,-0.000034,-0.087082,0.011794,0.217086
9.052000,drone3,ekf,0.986593,0.596174,1.778792,0.000799,0.000919,-0.000020,0.999999,-0.000038,-0.032043,-0.018115,0.076796
9.052000,drone2,ekf,0.956972,0.001630,1.808384,0.000794,0.000914,-0.000015,0.999999,-0.000028,-0.086036,0.011541,0.216228
9.052000,drone1,ekf,0.986156,-0.595267,1.800697,0.000799,0.000919,-0.000012,0.999999,-0.000023,-0.023850,0.063517,0.158222
9.052000,drone3,ekf,0.986381,0.596194,1.778941,0.000799,0.000919,-0.000020,0.999999,-0.000038,-0.032365,-0.018085,0.076995
9.052000,drone2,ekf,0.957705,0.001453,1.807780,0.000794,0.000914,-0.000015,0.999999,-0.000028,-0.085057,0.011304,0.215423
9.052000,drone1,ekf,0.985951,-0.595612,1.800079,0.000799,0.000919,-0.000012,0.999999,-0.000023,-0.024161,0.062992,0.157399
9.052000,drone1,ekf,0.985760,-0.595933,1.799500,0.000799,0.000919,-0.000012,0.999999,-0.000023,-0.024451,0.062505,0.156628
9.060000,drone3,raw,0.982248,0.596039,1.767315,0.000805,0.000883,-0.000020,0.999999,-0.000038,-0.019550,-0.002465,0.153587
9.060000,drone2,raw,0.981799,-0.003973,1.772910,0.000800,0.000878,-0.000015,0.999999,-0.000028,-0.019590,-0.002476,0.152655
9.060000,drone1,raw,0.982212,-0.603959,1.765382,0.000805,0.000883,-0.000012,0.999999,-0.000023,-0.019519,-0.002464,0.151734
9.080000,drone3,raw,0.981851,0.595985,1.770192,0.000821,0.000792,-0.000019,0.999999,-0.000037,-0.019913,-0.002451,0.147098
9.080000,drone1,raw,0.981815,-0.604012,1.768222,0,0.000914,-0.000,-0.000012,0.999999,-0.000022,-0.019881,-0.002450,0.145257
9.080000,drone2,raw,0.981401,-0.004027,1.775769,0.000816,0.000787,-0.000012,0.999999,-0.000023,-0.019955,-0.002459,0.146172
9.100000,drone2,raw,0.980995,-0.004080,1.778497,0.000831,0.000694,-0.000014,0.999999,-0.000028,-0.020316,-0.002448,0.139643
9.100000,drone1,raw,0.981411,-0.604065,1.770932,0.000835,0.000698,-0.000012,0.999999,-0.000022,-0.020240,-0.002437,0.138734
9.100000,drone2,ekf,0.954391,0.002194,1.816279,0.000825,0.000731,-0.000014,0.999999,-0.000028,-0.086432,0.019858,0.191238
9.100000,drone1,ekf,0.985608,-0.593356,1.806439,0.000829,0.000736,-0.000012,0.999999,-0.000022,0.001584,0.062744,0.157147
9.100000,drone3,ekf,0.984585,0.594638,1.782388,0.000836,0.000698,-0.000019,0.999999,-0.000037,-0.033506,-0.033952,0.066246
9.100000,drone2,ekf,0.955223,0.001982,1.815600,0.000825,0.000731,-0.000014,0.999999,-0.000028,-0.085320,0.019575,0.190335
9.100000,drone3,ekf,0.984398,0.594712,1.782653,0.000836,0.000698,-0.000019,0.999999,-0.000037,-0.033790,-0.033840,0.066600
9.100000,drone1,ekf,0.985381,-0.593789,1.805837,0.000829,0.000736,-0.000012,0.999999,-0.000022,0.001239,0.062086,0.156344
9.100000,drone2,ekf,0.956001,0.001785,1.814966,0.000831,0.000694,-0.000014,0.999999,-0.000028,-0.084280,0.019311,0.189489
9.100000,drone3,ekf,0.984225,0.594781,1.782902,0.000836,0.000698,-0.000019,0.999999,-0.000037,-0.034052,-0.033736,0.066932
9.100000,drone2,ekf,0.956730,0.001599,1.814371,0.000831,0.000694,-0.000014,0.999999,-0.000028,-0.083306,0.019063,0.188697
9.100000,drone3,ekf,0.984064,0.594845,1.783135,0.000836,0.000698,-0.000019,0.999999,-0.000037,-0.034297,-0.033640,0.067242
9.100000,drone1,ekf,0.985171,-0.594191,1.805273,0.000835,0.000698,-0.000012,0.999999,-0.000022,0.000920,0.061477,0.155593
9.100000,drone1,ekf,0.984975,-0.594564,1.804745,0.000835,0.000698,-0.000012,0.999999,-0.000022,0.000623,0.060911,0.154889
9.100000,drone3,raw,0.981446,0.595932,1.772938,0.000836,0.000698,-0.000019,0.999999,-0.000037,-0.020274,-0.002437,0.140563
9.120000,drone3,raw,0.981034,0.595879,1.775556,0.000851,0.000602,-0.000019,0.999999,-0.000037,-0.020623,-0.002423,0.134082
9.120000,drone1,raw,0.980999,-0.604118,1.773514,0.000850,0.000602,-0.000011,0.999999,-0.000022,-0.020588,-0.002423,0.132265
9.120000,drone2,raw,0.980582,-0.004133,1.781097,0.000847,0.000598,-0.000017,0.999999,-0.000033,-0.020666,-0.002436,0.133168
9.140000,drone3,raw,0.980614,0.595827,1.778049,0.000866,0.000503,-0.000019,0.999999,-0.000037,-0.020952,-0.002409,0.127754
9.140000,drone2,raw,0.980161,-0.004185,1.783572,0.000862,0.000499,-0.000014,1.000000,-0.000027,-0.020997,-0.002419,0.126846
9.140000,drone1,raw,0.980580,-0.604170,1.775971,0.000865,0.000503,-0.000011,0.999999,-0.000021,-0.020916,-0.002409,0.125950
9.152000,drone1,ekf,0.984903,-0.591982,1.811274,0.000865,0.000503,-0.000011,0.999999,-0.000021,0.003267,0.059099,0.136122
9.152000,drone3,ekf,0.981571,0.593244,1.786243,0.000875,0.000443,-0.000019,1.000000,-0.000036,-0.045730,-0.033125,0.052911
9.152000,drone2,ekf,0.954205,0.002140,1.822632,0.000862,0.000499,-0.000014,1.000000,-0.000027,-0.063988,0.014530,0.171854
9.152000,drone1,ekf,0.984660,-0.592475,1.810722,0.000865,0.000503,-0.000011,0.999999,-0.000021,0.002900,0.058353,0.135387
9.152000,drone2,ekf,0.955010,0.001925,1.821955,0.000862,0.000499,-0.000014,1.000000,-0.000027,-0.062912,0.014241,0.170952
9.152000,drone3,ekf,0.981457,0.593366,1.786600,0.000875,0.000443,-0.000019,1.000000,-0.000036,-0.045904,-0.032940,0.053387
9.152000,drone2,ekf,0.955763,0.001723,1.821322,0.000871,0.000439,-0.000017,1.000000,-0.000032,-0.061905,0.013972,0.170109
9.152000,drone1,ekf,0.984435,-0.592932,1.810207,0.000874,0.000443,-0.000011,1.000000,-0.000021,0.002559,0.057662,0.134700
9.152000,drone2,ekf,0.956468,0.001535,1.820729,0.000871,0.000439,-0.000017,1.000000,-0.000032,-0.060962,0.013720,0.169318
9.152000,drone1,ekf,0.984226,-0.593356,1.809724,0.000874,0.000443,-0.000011,1.000000,-0.000021,0.002243,0.057020,0.134056
9.152000,drone3,ekf,0.981350,0.593479,1.786934,0.000875,0.000443,-0.000019,1.000000,-0.000036,-0.046065,-0.032769,0.053833
9.152000,drone3,ekf,0.981252,0.593584,1.787247,0.000875,0.000443,-0.000019,1.000000,-0.000036,-0.046214,-0.032610,0.054250
9.160000,drone3,raw,0.980188,0.595775,1.780424,0.000881,0.000402,-0.000019,1.000000,-0.000036,-0.021254,-0.002394,0.121669
9.160000,drone2,raw,0.979734,-0.004237,1.785928,0.000877,0.000398,-0.000011,1.000000,-0.000022,-0.021300,-0.002402,0.120768
9.160000,drone1,raw,0.980155,-0.604222,1.778310,0.000880,0.000402,-0.000011,1.000000,-0.000021,-0.021216,-0.002394,0.119878
9.180000,drone3,raw,0.979757,0.595724,1.782686,0.000896,0.000300,-0.000018,1.000000,-0.000036,-0.021521,-0.002379,0.115910
9.180000,drone1,raw,0.979725,-0.604274,1.780537,0.000895,0.000300,-0.000011,1.000000,-0.000021,-0.021482,-0.002379,0.114132
9.180000,drone2,raw,0.979302,-0.004289,1.788173,0.000892,0.000296,-0.000014,1.000000,-0.000027,-0.021568,-0.002390,0.115015
9.200000,drone3,raw,0.979321,0.595673,1.784846,0.000910,0.000195,-0.000018,1.000000,-0.000036,-0.021748,-0.002363,0.110548
9.200000,drone1,raw,0.979289,-0.604324,1.782662,0.000910,0.000195,-0.000010,1.000000,-0.000021,-0.021708,-0.002363,0.108785
9.200000,drone2,raw,0.978865,-0.004340,1.790315,0.000907,0.000192,-0.000016,1.000000,-0.000032,-0.021795,-0.002376,0.109661
9.200000,drone2,ekf,0.954431,0.002009,1.827474,0.000901,0.000234,-0.000011,1.000000,-0.000021,-0.058267,0.014348,0.154259
9.200000,drone1,ekf,0.983569,-0.591064,1.815718,0.000910,0.000195,-0.000010,1.000000,-0.000021,-0.008886,0.058790,0.135738
9.200000,drone3,ekf,0.978747,0.592165,1.789391,0.000910,0.000195,-0.000018,1.000000,-0.000036,-0.051216,-0.032863,0.035705
9.200000,drone1,ekf,0.983339,-0.591593,1.815197,0.000910,0.000195,-0.000010,1.000000,-0.000021,-0.009233,0.057992,0.135043
9.200000,drone2,ekf,0.955189,0.001795,1.826817,0.000907,0.000192,-0.000016,1.000000,-0.000032,-0.057253,0.014062,0.153383
9.200000,drone3,ekf,0.978700,0.592322,1.789820,0.000910,0.000195,-0.000018,1.000000,-0.000036,-0.051286,-0.032625,0.036278
9.200000,drone2,ekf,0.955897,0.001595,1.826202,0.000907,0.000192,-0.000016,1.000000,-0.000032,-0.056305,0.013794,0.152564
9.200000,drone1,ekf,0.983126,-0.592083,1.814710,0.000910,0.000195,-0.000010,1.000000,-0.000021,-0.009555,0.057251,0.134394
9.200000,drone3,ekf,0.978657,0.592468,1.790221,0.000910,0.000195,-0.000018,1.000000,-0.000036,-0.051352,-0.032405,0.036813
9.200000,drone2,ekf,0.956561,0.001408,1.825626,0.000907,0.000192,-0.000016,1.000000,-0.000032,-0.055416,0.013543,0.151795
9.200000,drone3,ekf,0.978617,0.592603,1.790597,0.000910,0.000195,-0.000018,1.000000,-0.000036,-0.051412,-0.032200,0.037315
9.200000,drone1,ekf,0.982928,-0.592538,1.814254,0.000910,0.000195,-0.000010,1.000000,-0.000021,-0.009855,0.056563,0.133785
9.220000,drone3,raw,0.978881,0.595622,1.786912,0.000925,0.000090,-0.000018,1.000000,-0.000035,-0.021930,-0.002347,0.105643
9.220000,drone1,raw,0.978851,-0.604375,1.784693,0.000924,0.000090,-0.000010,1.000000,-0.000020,-0.021889,-0.002346,0.103894
9.220000,drone2,raw,0.978424,-0.004391,1.792364,0.000921,0.000087,-0.000013,1.000000,-0.000026,-0.021977,-0.002357,0.104762
9.240000,drone3,raw,0.978439,0.595572,1.788895,0.000939,-0.000016,-0.000018,1.000000,-0.000035,-0.022063,-0.002329,0.101238
9.240000,drone2,raw,0.977981,-0.004441,1.794330,0.000936,-0.000020,-0.000010,1.000000,-0.000021,-0.022111,-0.002336,0.100366
9.240000,drone1,raw,0.978409,-0.604425,1.786642,0.000939,-0.000016,-0.000010,1.000000,-0.000020,-0.022021,-0.002329,0.099504
9.252000,drone2,ekf,0.954743,0.002613,1.832606,0.000936,-0.000020,-0.000010,1.000000,-0.000021,-0.048629,0.027771,0.146884
9.252000,drone1,ekf,0.982958,-0.589941,1.820331,0.000939,-0.000016,-0.000010,1.000000,-0.000020,0.005413,0.061041,0.126587
9.252000,drone3,ekf,0.975969,0.590991,1.792092,0.000948,-0.000081,-0.000017,1.000000,-0.000035,-0.051193,-0.034792,0.018871
9.252000,drone2,ekf,0.955455,0.002373,1.831946,0.000944,-0.000084,-0.000013,1.000000,-0.000025,-0.047675,0.027450,0.146005
9.252000,drone1,ekf,0.982707,-0.590519,1.819825,0.000947,-0.000081,-0.000010,1.000000,-0.000020,0.005034,0.060169,0.125912,raw,0.978851,-0.604375,1.784693,0.000924,0.000090,-0.000010,1.000000,-0.000020,-0.021889,-0.002346,0.103894
9.220000,drone3,raw,0.978881,0.595622,1.786912,0.000925,0.000090,-0.000018,1.000000,-0.000035,-0.021930,-0.002347,0.105643
9.220000,drone2,raw,0.978424,-0.004391,1.792364,0.000921,0.000087,-0.000013,1.000000,-0.000026,-0.021977,-0.002357,0.104762
9.240000,drone2,raw,0.977981,-0.004441,1.794330,0.000936,-0.000020,-0.000010,1.000000,-0.000021,-0.022111,-0.002336,0.100366
9.240000,drone1,raw,0.978409,-0.604425,1.786642,0.000939,-0.000016,-0.000010,1.000000,-0.000020,-0.022021,-0.002329,0.099504
9.240000,drone3,raw,0.978439,0.595572,1.788895,0.000939,-0.000016,-0.000018,1.000000,-0.000035,-0.022063,-0.002329,0.101238
9.252000,drone2,ekf,0.954743,0.002613,1.832606,0.000936,-0.000020,-0.000010,1.000000,-0.000021,-0.048629,0.027771,0.146884
9.252000,drone1,ekf,0.982958,-0.589941,1.820331,0.000939,-0.000016,-0.000010,1.000000,-0.000020,0.005413,0.061041,0.126587
9.252000,drone3,ekf,0.975969,0.590991,1.792092,0.000948,-0.000081,-0.000017,1.000000,-0.000035,-0.051193,-0.034792,0.018871
9.252000,drone2,ekf,0.955455,0.002373,1.831946,0.000944,-0.000084,-0.000013,1.000000,-0.000025,-0.047675,0.027450,0.146005
9.252000,drone1,ekf,0.982707,-0.590519,1.819825,0.000947,-0.000081,-0.000010,1.000000,-0.000020,0.005034,0.060169,0.125912
9.252000,drone3,ekf,0.975984,0.591188,1.792607,0.000948,-0.000081,-0.000017,1.000000,-0.000035,-0.051171,-0.034494,0.019558
9.252000,drone3,ekf,0.975998,0.591371,1.793088,0.000948,-0.000081,-0.000017,1.000000,-0.000035,-0.051150,-0.034218,0.020201
9.252000,drone2,ekf,0.956120,0.002149,1.831329,0.000944,-0.000084,-0.000013,1.000000,-0.000025,-0.046784,0.027150,0.145182
9.252000,drone3,ekf,0.976010,0.591542,1.793540,0.000948,-0.000081,-0.000017,1.000000,-0.000035,-0.051131,-0.033961,0.020803
9.252000,drone1,ekf,0.982474,-0.591055,1.819351,0.000947,-0.000081,-0.000010,1.000000,-0.000020,0.004682,0.059360,0.125279
9.252000,drone2,ekf,0.956744,0.001939,1.830751,0.000944,-0.000084,-0.000013,1.000000,-0.000025,-0.045948,0.026869,0.144411
9.252000,drone1,ekf,0.982257,-0.591554,1.818907,0.000947,-0.000081,-0.000010,1.000000,-0.000020,0.004355,0.058609,0.124687
9.260000,drone1,raw,0.977966,-0.604475,1.788519,0.000953,-0.000123,-0.000010,1.000000,-0.000020,-0.022102,-0.002310,0.095647
9.260000,drone2,raw,0.977536,-0.004491,1.796223,0.000950,-0.000126,-0.000013,1.000000,-0.000025,-0.022193,-0.002320,0.096500
9.260000,drone3,raw,0.977995,0.595523,1.790807,0.000953,-0.000123,-0.000017,1.000000,-0.000035,-0.022145,-0.002310,0.097366
9.280000,drone2,raw,0.977091,-0.004540,1.798056,0.000964,-0.000233,-0.000015,1.000000,-0.000030,-0.022224,-0.002302,0.093182
9.280000,drone1,raw,0.977523,-0.604524,1.790335,0.000967,-0.000231,-0.000009,1.000000,-0.000019,-0.022133,-0.002289,0.092336
9.280000,drone3,raw,0.977551,0.595473,1.792657,0.000967,-0.000231,-0.000017,1.000000,-0.000034,-0.022176,-0.002290,0.094039
9.300000,drone3,raw,0.977107,0.595425,1.794456,0.000981,-0.000338,-0.000017,0.999999,-0.000034,-0.022156,-0.002268,0.091257
9.300000,drone2,raw,0.976647,-0.004589,1.799839,0.000979,-0.000340,-0.000012,0.999999,-0.000025,-0.022204,-0.002278,0.090408
9.300000,drone1,raw,0.977080,-0.604572,1.792101,0.000981,-0.000338,-0.000009,0.999999,-0.000019,-0.022112,-0.002268,0.089570
9.300000,drone1,ekf,0.981672,-0.589273,1.824065,0.000975,-0.000295,-0.000009,0.999999,-0.000019,-0.007131,0.060136,0.117564
9.300000,drone3,ekf,0.973314,0.590530,1.794662,0.000981,-0.000338,-0.000017,0.999999,-0.000034,-0.057719,-0.025451,0.011411
9.300000,drone2,ekf,0.955245,0.002657,1.836969,0.000973,-0.000298,-0.000012,0.999999,-0.000025,-0.044914,0.020055,0.143244
9.300000,drone1,ekf,0.981431,-0.589876,1.823581,0.000975,-0.000295,-0.000009,0.999999,-0.000019,-0.007495,0.059227,0.116918
9.300000,drone3,ekf,0.973388,0.590738,1.795236,0.000981,-0.000338,-0.000017,0.999999,-0.000034,-0.057608,-0.025136,0.012176
9.300000,drone1,ekf,0.981207,-0.590436,1.823128,0.000981,-0.000338,-0.000009,0.999999,-0.000019,-0.007832,0.058384,0.116313
9.300000,drone2,ekf,0.955900,0.002414,1.836313,0.000979,-0.000340,-0.000012,0.999999,-0.000025,-0.044036,0.019729,0.142369
9.300000,drone3,ekf,0.973457,0.590932,1.795772,0.000981,-0.000338,-0.000017,0.999999,-0.000034,-0.057504,-0.024844,0.012892
9.300000,drone1,ekf,0.980998,-0.590957,1.822703,0.000981,-0.000338,-0.000009,0.999999,-0.000019,-0.008146,0.057600,0.115747
9.300000,drone3,ekf,0.973521,0.591112,1.796275,0.000981,-0.000338,-0.000017,0.999999,-0.000034,-0.057408,-0.024573,0.013563
9.300000,drone2,ekf,0.956513,0.002186,1.835699,0.000979,-0.000340,-0.000012,0.999999,-0.000025,-0.043214,0.019423,0.141550
9.300000,drone2,ekf,0.957087,0.001972,1.835123,0.000979,-0.000340,-0.000012,0.999999,-0.000025,-0.042445,0.019137,0.140783
9.320000,drone2,raw,0.976203,-0.004637,1.801582,0.000993,-0.000447,-0.000009,0.999999,-0.000019,-0.022136,-0.002252,0.088163
9.320000,drone1,raw,0.976639,-0.604620,1.793827,0.000995,-0.000445,-0.000009,0.999999,-0.000019,-0.022044,-0.002245,0.087334
9.320000,drone3,raw,0.976665,0.595377,1.796216,0.000995,-0.000445,-0.000016,0.999999,-0.000034,-0.022088,-0.002245,0.089004
9.340000,drone2,raw,0.975763,-0.004685,1.803295,0.001006,-0.000553,-0.000011,0.999999,-0.000024,-0.022022,-0.002230,0.086416
9.340000,drone1,raw,0.976200,-0.604668,1.795524,0.001009,-0.000551,-0.000009,0.999999,-0.000018,-0.021931,-0.002221,0.085595
9.340000,drone3,raw,0.976225,0.595329,1.797945,0.001009,-0.000551,-0.000016,0.999999,-0.000034,-0.021975,-0.002221,0.087249
9.352000,drone2,ekf,0.956432,0.003713,1.840417,0.001006,-0.000553,-0.000011,0.999999,-0.000024,-0.023725,0.038942,0.113790
9.352000,drone3,ekf,0.971978,0.591005,1.797863,0.001017,-0.000614,-0.000016,0.999999,-0.000033,-0.031239,-0.005658,0.018639
9.352000,drone1,ekf,0.980715,-0.589552,1.827673,0.001017,-0.000614,-0.000008,0.999999,-0.000018,-0.000647,0.038524,0.104366
9.352000,drone3,ekf,0.972060,0.591192,1.798483,0.001017,-0.000614,-0.000016,0.999999,-0.000033,-0.031116,-0.005377,0.019467
9.352000,drone1,ekf,0.980466,-0.590153,1.827214,0.001017,-0.000614,-0.000008,0.999999,-0.000018,-0.001023,0.037622,0.103753
9.352000,drone2,ekf,0.957012,0.003428,1.839792,0.001015,-0.000616,-0.000009,0.999999,-0.000019,-0.022947,0.038560,0.112956
9.352000,drone3,ekf,0.972135,0.591365,1.799063,0.001017,-0.000614,-0.000016,0.999999,-0.000033,-0.031003,-0.005116,0.020242
9.352000,drone1,ekf,0.980234,-0.590709,1.826784,0.001017,-0.000614,-0.000008,0.999999,-0.000018,-0.001371,0.036785,0.103179
9.352000,drone3,ekf,0.972205,0.591527,1.799607,0.001017,-0.000614,-0.000016,0.999999,-0.000033,-0.030897,-0.004874,0.020968
9.352000,drone1,ekf,0.980018,-0.591227,1.826382,0.001017,-0.000614,-0.000008,0.999999,-0.000018,-0.001695,0.036007,0.102642
9.352000,drone2,ekf,0.957554,0.003162,1.839207,0.001015,-0.000616,-0.000009,0.999999,-0.000019,-0.022220,0.038202,0.112176
9.352000,drone2,ekf,0.958062,0.002912,1.838659,0.001015,-0.000616,-0.000009,0.999999,-0.000019,-0.021539,0.037868,0.111445
9.360000,drone2,raw,0.975325,-0.004732,1.804986,0.001020,-0.000658,-0.000014,0.999999,-0.000029,-0.021869,-0.002207,0.085123
9.360000,drone1,raw,0.975764,-0.604715,1.797198,0.001022,-0.000656,-0.000008,0.999999,-0.000018,-0.021777,-0.002195,0.084310
9.360000,drone3,raw,0.975788,0.595282,1.799653,0.001023,-0.000656,-0.000016,0.999999,-0.000033,-0.021823,-0.002196,0.085946
9.380000,drone2,raw,0.974891,-0.004779,1.806662,0.001034,-0.000762,-0.000011,0.999999,-0.000023,-0.021681,-0.002178,0.084225
9.380000,drone1,raw,0.975332,-0.604761,1.798859,0.001036,-0.000760,-0.000008,0.999999,-0.000018,-0.021590,-0.002169,0.083422
9.380000,drone3,raw,0.975355,0.595235,1.801345,0.001036,-0.000760,-0.000016,0.999999,-0.000033,-0.021635,-0.002169,0.085040
9.400000,drone2,raw,0.974461,-0.004825,1.808331,0.001047,-0.000865,-0.000008,0.999999,-0.000018,-0.021464,-0.002148,0.083658
9.400000,drone3,raw,0.974926,0.595189,1.803030,0.001049,-0.000863,-0.000015,0.999999,-0.000033,-0.021420,-0.002141,0.084464
9.400000,drone1,raw,0.974904,-0.604807,1.800511,0.001049,-0.000863,-0.000008,0.999999,-0.000017,-0.021374,-0.002141,0.082863
9.400000,drone1,ekf,0.90.957,-0.590098,1.830,0.002868,1.842040,0.001047,-0.000865,-0.000008,0.999999,-0.000018,-0.022029,0.020704,0.115713
9.420000,drone3,raw,0.974502,0.595144,1.804709,0.001062,-0.000964,-0.000015,0.999999,-0.000032,-0.021183,-0.002113,0.084141
9.420000,drone2,raw,0.974036,-0.004871,1.809995,0.001060,-0.000966,-0.000010,0.999999,-0.000023,-0.021227,-0.002121,0.083344
9.420000,drone1,raw,0.974480,-0.604853,1.802160,0.001062,-0.000964,-0.000007,0.999999,-0.000017,-0.021137,-0.002112,0.082559
9.440000,drone3,raw,0.974082,0.595099,1.806387,0.001075,-0.001064,-0.000015,0.999999,-0.000032,-0.020933,-0.002083,0.083991
9.440000,drone2,raw,0.973615,-0.004916,1.811657,0.001073,-0.001066,-0.000013,0.999999,-0.000028,-0.020976,-0.002094,0.083204
9.440000,drone1,raw,0.974062,-0.604898,1.803807,0.001075,-0.001064,-0.000007,0.999999,-0.000017,-0.020887,-0.002083,0.082427
9.452000,drone2,ekf,0.957498,0.003415,1.846847,0.001073,-0.001066,-0.000013,0.999999,-0.000028,-0.035089,0.015942,0.103221
9.452000,drone1,ekf,0.977348,-0.590783,1.833766,0.001075,-0.001064,-0.000007,0.999999,-0.000017,-0.026143,0.028682,0.088268
9.452000,drone2,ekf,0.957970,0.003133,1.846286,0.001073,-0.001066,-0.000013,0.999999,-0.000028,-0.034456,0.015562,0.102472
9.452000,drone1,ekf,0.977145,-0.591344,1.833380,0.001075,-0.001064,-0.000007,0.999999,-0.000017,-0.026447,0.027842,0.087752
9.452000,drone2,ekf,0.958411,0.002869,1.845762,0.001081,-0.001126,-0.000010,0.999999,-0.000022,-0.033864,0.015208,0.101772
9.452000,drone1,ekf,0.976957,-0.591864,1.833018,0.001083,-0.001124,-0.000007,0.999999,-0.000016,-0.026728,0.027063,0.087269
9.452000,drone1,ekf,0.976782,-0.592348,1.832679,0.001083,-0.001124,-0.000007,0.999999,-0.000016,-0.026990,0.026339,0.086816
9.452000,drone2,ekf,0.958824,0.002621,1.845270,0.001081,-0.001126,-0.000010,0.999999,-0.000022,-0.033309,0.014875,0.101115
9.452000,drone3,ekf,0.970550,0.590219,1.804978,0.001075,-0.001064,-0.000015,0.999999,-0.000032,-0.016762,-0.025322,0.023748
9.452000,drone3,ekf,0.970604,0.590426,1.805642,0.001083,-0.001124,-0.000015,0.999999,-0.000032,-0.016681,-0.025011,0.024635
9.452000,drone3,ekf,0.970654,0.590618,1.806263,0.001083,-0.001124,-0.000015,0.999999,-0.000032,-0.016606,-0.024723,0.025465
9.452000,drone3,ekf,0.970701,0.590797,1.806845,0.001083,-0.001124,-0.000015,0.999999,-0.000032,-0.016536,-0.024455,0.026242
9.460000,drone3,raw,0.973668,0.595054,1.808064,0.001088,-0.001163,-0.000014,0.999999,-0.000031,-0.020678,-0.002053,0.083928
9.460000,drone1,raw,0.973648,-0.604942,1.805453,0.001088,-0.001163,-0.000007,0.999999,-0.000016,-0.020631,-0.002053,0.082383
9.460000,drone2,raw,0.973200,-0.004961,1.813319,0.001086,-0.001165,-0.000010,0.999999,-0.000022,-0.020719,-0.002062,0.083150
9.480000,drone3,raw,0.973258,0.595011,1.809740,0.001101,-0.001260,-0.000014,0.999999,-0.000031,-0.020423,-0.002022,0.083865
9.480000,drone1,raw,0.973239,-0.604986,1.807098,0.001100,-0.001260,-0.000007,0.999999,-0.000016,-0.020377,-0.002022,0.082341
9.480000,drone2,raw,0.972789,-0.005004,1.814979,0.001099,-0.001262,-0.000007,0.999999,-0.000017,-0.020464,-0.002028,0.083098
9.500000,drone3,raw,0.972852,0.594967,1.811411,0.001113,-0.001356,-0.000014,0.999998,-0.000031,-0.020178,-0.001992,0.083719
9.500000,drone2,raw,0.972383,-0.005048,1.816635,0.001111,-0.001358,-0.000009,0.999998,-0.000021,-0.020217,-0.002000,0.082961
9.500000,drone1,raw,0.972835,-0.605029,1.808739,0.001113,-0.001356,-0.000006,0.999998,-0.000016,-0.020131,-0.001991,0.082214
9.500000,drone3,ekf,0.970654,0.589247,1.809027,0.001113,-0.001356,-0.000014,0.999998,-0.000031,-0.001262,-0.037274,0.031678
9.500000,drone2,ekf,0.956940,0.002580,1.849230,0.001111,-0.001358,-0.000009,0.999998,-0.000021,-0.048741,0.004495,0.093064
9.500000,drone1,ekf,0.975529,-0.591752,1.836140,0.001113,-0.001356,-0.000006,0.999998,-0.000016,-0.022550,0.023376,0.079032
9.500000,drone3,ekf,0.970667,0.589485,1.809686,0.001113,-0.001356,-0.000014,0.999998,-0.000031,-0.001242,-0.036918,0.032559
9.500000,drone2,ekf,0.957395,0.002323,1.848726,0.001111,-0.001358,-0.000009,0.999998,-0.000021,-0.048131,0.004150,0.092390
9.500000,drone1,ekf,0.975359,-0.592276,1.835808,0.001113,-0.001356,-0.000006,0.999998,-0.000016,-0.022804,0.022592,0.078588
9.500000,drone3,ekf,0.970679,0.589706,1.810303,0.001113,-0.001356,-0.000014,0.999998,-0.000031,-0.001224,-0.036588,0.033383
9.500000,drone2,ekf,0.957820,0.002083,1.848253,0.001111,-0.001358,-0.000009,0.999998,-0.000021,-0.047559,0.003828,0.091759
9.500000,drone1,ekf,0.975201,-0.592763,1.835497,0.001113,-0.001356,-0.000006,0.999998,-0.000016,-0.023040,0.021865,0.078173
9.500000,drone3,ekf,0.970690,0.589912,1.810882,0.001113,-0.001356,-0.000014,0.999998,-0.000031,-0.001207,-0.036280,0.034156
9.500000,drone2,ekf,0.958219,0.001858,1.847810,0.001111,-0.001358,-0.000009,0.999998,-0.000021,-0.047024,0.003526,0.091168
9.500000,drone1,ekf,0.975054,-0.593215,1.835206,0.001113,-0.001356,-0.000006,0.999998,-0.000016,-0.023259,0.021188,0.077784
9.520000,drone3,raw,0.972450,0.594925,1.813074,0.001126,-0.001451,-0.000014,0.999998,-0.000030,-0.019948,-0.001961,0.083406
9.520000,drone2,raw,0.971981,-0.005091,1.818283,0.001124,-0.001452,-0.000011,0.999998,-0.000026,-0.019987,-0.001972,0.082659
9.520000,drone1,raw,0.972434,-0.605071,1.810373,0.001125,-0.001451,-0.000006,0.999998,-0.000015,-0.019901,-0.001961,0.081921
9.540000,drone3,raw,0.972053,0.594883,1.814723,0.001138,-0.001544,-0.000013,0.999998,-0.000030,-0.019740,-0.001930,0.082851
9.540000,drone2,raw,0.971582,-0.005133,1.819917,0.001136,-0.001546,-0.000009,0.999998,-0.000021,-0.019778,-0.001938,0.082114
9.540000,drone1,raw,0.972037,-0.605113,1.811992,0.001137,-0.001544,-0.000006,0.999998,-0.000015,-0.019693,-0.001930,0.081387
9.552000,drone3,ekf,0.970963,0.588997,1.812919,0.001145,-0.001600,-0.000013,0.999998,-0.000030,0.005981,-0.022287,0.026202
9.552000,drone2,ekf,0.955084,0.001981,1.852127,0.001136,-0.001546,-0.000009,0.999998,-0.000021,-0.069578,0.006997,0.091875
9.552000,drone1,ekf,0.973757,-0.592337,1.838894,0.001137,-0.001544,-0.000006,0.999998,-0.000015,-0.022193,0.026638,0.076400
9.552000,drone2,ekf,0.955569,0.001739,1.851664,0.001136,-0.001546,-0.000009,0.999998,-0.000021,-0.068927,0.006672,0.091257
9.552000,drone3,ekf,0.970926,0.589241,1.813596,0.001145,-0.001600,-0.000013,0.999998,-0.000030,0.005925,-0.021922,0.027106
9.552000,drone3,ekf,0.970891,0.589468,1.814228,0.001145,-0.001600,-0.000013,0.999998,-0.000030,0.005872,-0.021583,0.027952
9.552000,drone2,ekf,0.956022,0.001513,1.851232,0.001143,-0.001602,-0.000011,0.999998,-0.000026,-0.068318,0.006369,0.090680
9.552000,drone1,ekf,0.973614,-0.592846,1.838609,0.001137,-0.001544,-0.000006,0.999998,-0.000015,-0.022407,0.025879,0.076019
9.552000,drone3,ekf,0.970858,0.589679,1.814821,0.001145,-0.001600,-0.000013,0.999998,-0.000030,0.005824,-0.021269,0.028744
9.552000,drone2,ekf,0.956446,0.001301,1.850827,0.001143,-0.001602,-0.000011,0.999998,-0.000026,-0.067748,0.006084,0.090139
9.552000,drone1,ekf,0.973481,-0.593318,1.838343,0.001144,-0.001600,-0.000006,0.999998,-0.000015,-0.022605,0.025175,0.075663
9.552000,drone1,ekf,0.973358,-0.593757,1.838093,0.001144,-0.001600,-0.000006,0.999998,-0.000015,-0.022790,0.024520,0.075329
9.560000,drone3,raw,0.971658,0.594841,1.816351,0.001150,-0.001637,-0.000013,0.999998,-0.000030,-0.019559,-0.001900,0.081986
9.560000,drone2,raw,0.971187,-0.005174,1.821530,0.001148,-0.001639,-0.000006,0.999998,-0.000015,-0.019596,-0.001905,0.081260
9.560000,drone1,raw,0.971644,-0.605155,1.813592,0.001149,-0.001637,-0.000005,0.999998,-0.000015,-0.019512,-0.001899,0.080543
9.580000,drone3,raw,0.971266,0.594801,1.817950,0.001161,-0.001729,-0.000013,0.999998,-0.000029,-0.019411,-0.001870,0.080753
9.580000,drone2,raw,0.970794,-0.005215,1.823116,0.001160,-0.001731,-0.000008,0.999998,-0.000020,-0.019447,-0.001878,0.080037
9.580000,drone1,raw,0.971252,-0.605195,1.815163,0.001161,-0.001729,-0.000005,0.999998,-0.000014,-0.019363,-0.001870,0.079330
9.600000,drone3,raw,0.970875,0.594760,1.819512,0.001173,-0.001821,-0.000012,0.999998,-0.000029,-0.019297,-0.001841,0.079103
9.600000,drone2,raw,0.970402,-0.005255,1.824663,0.001171,-0.001822,-0.000010,0.999998,-0.000025,-0.019333,-0.001851,0.078398
9.600000,drone1,r,1.838343,0.001144,-0,1.816697,0.001173,-0.001821,-0.000005,0.999998,-0.000014,-0.019249,-0.001840,0.077702
9.600000,drone3,ekf,0.971638,0.588626,1.816717,0.001173,-0.001821,-0.000012,0.999998,-0.000029,0.018303,-0.027229,0.025426
9.600000,drone1,ekf,0.972233,-0.592925,1.841539,0.001168,-0.001784,-0.000005,0.999998,-0.000014,-0.020900,0.027501,0.076957
9.600000,drone2,ekf,0.953976,0.002096,1.853670,0.001167,-0.001786,-0.000005,0.999998,-0.000015,-0.061647,0.021721,0.067289
9.600000,drone1,ekf,0.972113,-0.593412,1.841292,0.001168,-0.001784,-0.000005,0.999998,-0.000014,-0.021080,0.026777,0.076627
9.600000,drone3,ekf,0.971540,0.588879,1.817390,0.001173,-0.001821,-0.000012,0.999998,-0.000029,0.018157,-0.026853,0.026326
9.600000,drone2,ekf,0.954463,0.001848,1.853285,0.001167,-0.001786,-0.000005,0.999998,-0.000015,-0.060991,0.021388,0.066774
9.600000,drone1,ekf,0.972001,-0.593863,1.841061,0.001173,-0.001821,-0.000005,0.999998,-0.000014,-0.021247,0.026104,0.076318
9.600000,drone2,ekf,0.954919,0.001617,1.852924,0.001171,-0.001822,-0.000010,0.999998,-0.000025,-0.060378,0.021076,0.066292
9.600000,drone1,ekf,0.971897,-0.594283,1.840844,0.001173,-0.001821,-0.000005,0.999998,-0.000014,-0.021402,0.025478,0.076029
9.600000,drone3,ekf,0.971450,0.589113,1.818020,0.001173,-0.001821,-0.000012,0.999998,-0.000029,0.018022,-0.026503,0.027168
9.600000,drone2,ekf,0.955346,0.001400,1.852586,0.001171,-0.001822,-0.000010,0.999998,-0.000025,-0.059804,0.020785,0.065840
9.600000,drone3,ekf,0.971365,0.589332,1.818611,0.001173,-0.001821,-0.000012,0.999998,-0.000029,0.017896,-0.026178,0.027957
9.620000,drone3,raw,0.970485,0.594721,1.821027,0.001184,-0.001912,-0.000012,0.999997,-0.000029,-0.019222,-0.001812,0.077003
9.620000,drone2,raw,0.970012,-0.005295,1.826165,0.001183,-0.001914,-0.000007,0.999997,-0.000019,-0.019258,-0.001820,0.076309
9.620000,drone1,raw,0.970474,-0.605275,1.818185,0.001184,-0.001912,-0.000004,0.999997,-0.000013,-0.019174,-0.001812,0.075623
9.640000,drone3,raw,0.970096,0.594682,1.822486,0.001196,-0.002004,-0.000012,0.999997,-0.000028,-0.019187,-0.001785,0.074428
9.640000,drone2,raw,0.969622,-0.005334,1.827610,0.001194,-0.002005,-0.000004,0.999997,-0.000014,-0.019222,-0.001790,0.073745
9.640000,drone1,raw,0.970086,-0.605314,1.819617,0.001195,-0.002004,-0.000004,0.999997,-0.000013,-0.019137,-0.001784,0.073071
9.652000,drone3,ekf,0.971542,0.588969,1.819698,0.001196,-0.002004,-0.000012,0.999997,-0.000028,0.005950,-0.011531,0.007384
9.652000,drone2,ekf,0.953880,0.002150,1.855546,0.001194,-0.002005,-0.000004,0.999997,-0.000014,-0.036987,0.019301,0.063131
9.652000,drone1,ekf,0.971133,-0.592746,1.843904,0.001195,-0.002004,-0.000004,0.999997,-0.000013,-0.012430,0.039132,0.062707
9.652000,drone1,ekf,0.971015,-0.593246,1.843702,0.001195,-0.002004,-0.000004,0.999997,-0.000013,-0.012605,0.038390,0.062437
9.652000,drone3,ekf,0.971409,0.589206,1.820403,0.001202,-0.002059,-0.000011,0.999997,-0.000028,0.005753,-0.011179,0.008327
9.652000,drone2,ekf,0.954339,0.001896,1.855222,0.001194,-0.002005,-0.000004,0.999997,-0.000014,-0.036370,0.018959,0.062699
9.652000,drone3,ekf,0.971286,0.589426,1.821062,0.001202,-0.002059,-0.000011,0.999997,-0.000028,0.005569,-0.010851,0.009208
9.652000,drone1,ekf,0.970906,-0.593709,1.843513,0.001202,-0.002059,-0.000004,0.999997,-0.000013,-0.012768,0.037701,0.062185
9.652000,drone3,ekf,0.971171,0.589631,1.821680,0.001202,-0.002059,-0.000011,0.999997,-0.000028,0.005399,-0.010547,0.010034
9.652000,drone2,ekf,0.954768,0.001658,1.854919,0.001201,-0.002060,-0.000007,0.999997,-0.000018,-0.035793,0.018639,0.062294
9.652000,drone1,ekf,0.970804,-0.594140,1.843336,0.001202,-0.002059,-0.000004,0.999997,-0.000013,-0.012919,0.037061,0.061948
9.652000,drone2,ekf,0.955170,0.001435,1.854635,0.001201,-0.002060,-0.000007,0.999997,-0.000018,-0.035252,0.018340,0.061915
9.660000,drone2,raw,0.969232,-0.005372,1.828990,0.001205,-0.002097,-0.000007,0.999997,-0.000018,-0.019226,-0.001765,0.070700
9.660000,drone1,raw,0.969697,-0.605352,1.820983,0.001206,-0.002096,-0.000004,0.999997,-0.000013,-0.019141,-0.001758,0.070037
9.660000,drone3,raw,0.969706,0.594644,1.823879,0.001207,-0.002096,-0.000011,0.999997,-0.000028,-0.019191,-0.001758,0.071371
9.680000,drone3,raw,0.969315,0.594606,1.825196,0.001218,-0.002188,-0.000011,0.999997,-0.000027,-0.019235,-0.001733,0.067836
9.680000,drone2,raw,0.968840,-0.005410,1.830294,0.001216,-0.002189,-0.000009,0.999997,-0.000023,-0.019270,-0.001742,0.067176
9.680000,drone1,raw,0.969308,-0.605390,1.822274,0.001217,-0.002188,-0.000003,0.999997,-0.000012,-0.019184,-0.001732,0.066524
9.700000,drone3,raw,0.968923,0.594569,1.826429,0.001228,-0.002281,-0.000011,0.999997,-0.000027,-0.019316,-0.001708,0.063840
9.700000,drone2,raw,0.968447,-0.005447,1.831514,0.001227,-0.002282,-0.000006,0.999997,-0.000017,-0.019351,-0.001715,0.063191
9.700000,drone1,raw,0.968916,-0.605426,1.823481,0.001228,-0.002281,-0.000003,0.999997,-0.000012,-0.019265,-0.001708,0.062551
9.700000,drone3,ekf,0.970724,0.589087,1.823272,0.001224,-0.002243,-0.000011,0.999997,-0.000027,-0.006452,-0.016082,0.018845
9.700000,drone1,ekf,0.970427,-0.592488,1.846440,0.001224,-0.002243,-0.000003,0.999997,-0.000012,-0.005221,0.045043,0.068529
9.700000,drone2,ekf,0.952794,0.002190,1.856068,0.001223,-0.002245,-0.000006,0.999997,-0.000018,-0.059142,0.021104,0.034805
9.700000,drone1,ekf,0.970301,-0.592996,1.846256,0.001228,-0.002281,-0.000003,0.999997,-0.000012,-0.005408,0.044289,0.068283
9.700000,drone3,ekf,0.970588,0.589315,1.823958,0.001228,-0.002281,-0.000011,0.999997,-0.000027,-0.006655,-0.015744,0.019761
9.700000,drone2,ekf,0.953255,0.001933,1.855831,0.001223,-0.002245,-0.000006,0.999997,-0.000018,-0.058521,0.020758,0.034488
9.700000,drone1,ekf,0.970184,-0.593468,1.846083,0.001228,-0.002281,-0.000003,0.999997,-0.000012,-0.005581,0.043588,0.068052
9.700000,drone3,ekf,0.970461,0.589526,1.824599,0.001228,-0.002281,-0.000011,0.999997,-0.000027,-0.006844,-0.015430,0.020618
9.700000,drone1,ekf,0.970075,-0.593908,1.845922,0.001228,-0.002281,-0.000003,0.999997,-0.000012,-0.005743,0.042936,0.067836
9.700000,drone3,ekf,0.970343,0.589723,1.825200,0.001228,-0.002281,-0.000011,0.999997,-0.000027,-0.007019,-0.015138,0.021422
9.700000,drone2,ekf,0.953687,0.001692,1.855609,0.001227,-0.002282,-0.000006,0.999997,-0.000017,-0.057941,0.020434,0.034191
9.700000,drone2,ekf,0.954091,0.001467,1.855400,0.001227,-0.002282,-0.000006,0.999997,-0.000017,-0.057397,0.020131,0.033913
9.720000,drone3,raw,0.968527,0.594533,1.827569,0.001239,-0.002375,-0.000010,0.999996,-0.000027,-0.019432,-0.001685,0.059412
9.720000,drone2,raw,0.968051,-0.005484,1.832641,0.001237,-0.002376,-0.000003,0.999996,-0.000012,-0.019467,-0.001689,0.058775
9.720000,drone1,raw,0.968522,-0.605463,1.824596,0.001238,-0.002375,-0.000003,0.999996,-0.000011,-0.019380,-0.001685,0.058146
9.740000,drone3,raw,0.968129,0.594497,1.828608,0.001249,-0.002469,-0.000010,0.999996,-0.000026,-0.019579,-0.001663,0.054593
9.740000,drone2,raw,0.967652,-0.005519,1.833668,0.001248,-0.002470,-0.000005,0.999996,-0.000017,-0.019614,-0.001669,0.053967
9.740000,drone1,raw,0.968125,-0.605498,1.825612,0.001248,-0.002469,-0.000002,0.999996,-0.000011,-0.019527,-0.001662,0.053351
9.752000,drone3,ekf,0.969340,0.588657,1.826374,0.001249,-0.002469,-0.000010,0.999996,-0.000026,-0.016899,-0.025121,0.009573
9.752000,drone2,ekf,0.952244,0.003001,1.855806,0.001248,-0.002470,-0.000005,0.999996,-0.000017,-0.044095,0.035055,0.010460
9.752000,drone1,ekf,0.970635,-0.591509,1.848468,0.001248,-0.002469,-0.000002,0.999996,-0.000011,0.014074,0.056679,0.052096
9.752000,drone3,ekf,0.969215,0.588898,1.827051,0.001255,-0.002527,-0.000010,0.999996,-0.000026,-0.017083,-0.024764,0.010479
9.752000,drone2,ekf,0.952691,0.002712,1.855667,0.001248,-0.002470,-0.000005,0.999996,-0.000017,-0.043493,0.034666,0.010274
9.752000,drone1,ekf,0.970462,-0.592060,1.848305,0.001255,-0.002527,-0.000002,0.999996,-0.000011,0.013818,0.055863,0.051878
9.756000,drone3,ekf,0.969025,0.589026,1.827726,0.001255,-0.002527,-0.000010,0.999996,-0.000026,-0.019351,-0.025195,0.009816
9.752000,drone2,ekf,0.953109,0.002441,1.855537,0.001254,-0.002528,-0.000003,0.999996,-0.000011,-0.042930,0.034302,0.010101
9.756000,drone3,ekf,0.968919,0.589,0.001248,-0.002470,-,-0.002527,-0.000010,0.999996,-0.000026,-0.019508,-0.024878,0.010616
9.752000,drone2,ekf,0.953501,0.002188,1.855416,0.001254,-0.002528,-0.000003,0.999996,-0.000011,-0.042403,0.033961,0.009938
9.752000,drone1,ekf,0.970302,-0.592571,1.848152,0.001255,-0.002527,-0.000002,0.999996,-0.000011,0.013580,0.055106,0.051674
9.752000,drone1,ekf,0.970152,-0.593047,1.848009,0.001255,-0.002527,-0.000002,0.999996,-0.000011,0.013359,0.054401,0.051483
9.760000,drone2,raw,0.967249,-0.005554,1.834590,0.001258,-0.002566,-0.000008,0.999996,-0.000022,-0.019789,-0.001650,0.048820
9.760000,drone1,raw,0.967724,-0.605533,1.826521,0.001259,-0.002565,-0.000002,0.999996,-0.000011,-0.019700,-0.001641,0.048215
9.760000,drone3,raw,0.967727,0.594462,1.829542,0.001259,-0.002565,-0.000010,0.999996,-0.000026,-0.019753,-0.001641,0.049433
9.780000,drone3,raw,0.967322,0.594428,1.830364,0.001269,-0.002663,-0.000009,0.999996,-0.000025,-0.019949,-0.001621,0.043992
9.780000,drone1,raw,0.967320,-0.605567,1.827319,0.001268,-0.002663,-0.000002,0.999996,-0.000010,-0.019895,-0.001620,0.042797
9.780000,drone2,raw,0.966843,-0.005589,1.835400,0.001268,-0.002664,-0.000005,0.999996,-0.000016,-0.019985,-0.001627,0.043390
9.800000,drone3,raw,0.966913,0.594394,1.831071,0.001278,-0.002761,-0.000009,0.999995,-0.000025,-0.020161,-0.001601,0.038333
9.800000,drone2,raw,0.966434,-0.005622,1.836095,0.001277,-0.002762,-0.000002,0.999995,-0.000010,-0.020198,-0.001604,0.037743
9.800000,drone1,raw,0.966912,-0.605601,1.828003,0.001278,-0.002761,-0.000001,0.999995,-0.000010,-0.020107,-0.001600,0.037163
9.800000,drone3,ekf,0.968389,0.588195,1.828864,0.001278,-0.002761,-0.000009,0.999995,-0.000025,-0.009172,-0.029567,-0.002727
9.800000,drone2,ekf,0.952076,0.003100,1.856133,0.001273,-0.002723,-0.000007,0.999995,-0.000021,-0.038413,0.025131,0.016756
9.800000,drone1,ekf,0.969965,-0.591088,1.850186,0.001274,-0.002722,-0.000001,0.999995,-0.000010,-0.000075,0.052620,0.048671
9.800000,drone2,ekf,0.952494,0.002806,1.856046,0.001273,-0.002723,-0.000007,0.999995,-0.000021,-0.037850,0.024735,0.016640
9.800000,drone3,ekf,0.968265,0.588448,1.829517,0.001278,-0.002761,-0.000009,0.999995,-0.000025,-0.009356,-0.029192,-0.001854
9.800000,drone2,ekf,0.952884,0.002531,1.855964,0.001273,-0.002723,-0.000007,0.999995,-0.000021,-0.037325,0.024365,0.016531
9.800000,drone1,ekf,0.969782,-0.591653,1.850028,0.001278,-0.002761,-0.000001,0.999995,-0.000010,-0.000346,0.051784,0.048459
9.800000,drone2,ekf,0.953250,0.002274,1.855888,0.001277,-0.002762,-0.000002,0.999995,-0.000010,-0.036832,0.024018,0.016429
9.800000,drone3,ekf,0.968149,0.588683,1.830128,0.001278,-0.002761,-0.000009,0.999995,-0.000025,-0.009527,-0.028844,-0.001037
9.800000,drone1,ekf,0.969612,-0.592178,1.849880,0.001278,-0.002761,-0.000001,0.999995,-0.000010,-0.000597,0.051007,0.048261
9.800000,drone3,ekf,0.968041,0.588902,1.830702,0.001278,-0.002761,-0.000009,0.999995,-0.000025,-0.009687,-0.028520,-0.000271
9.800000,drone1,ekf,0.969454,-0.592666,1.849741,0.001278,-0.002761,-0.000001,0.999995,-0.000010,-0.000832,0.050284,0.048075
9.820000,drone3,raw,0.966499,0.594361,1.831660,0.001288,-0.002862,-0.000009,0.999995,-0.000024,-0.020384,-0.001581,0.032527
9.820000,drone2,raw,0.966020,-0.005656,1.836673,0.001287,-0.002862,-0.000004,0.999995,-0.000015,-0.020421,-0.001587,0.031949
9.820000,drone1,raw,0.966500,-0.605634,1.828570,0.001287,-0.002861,-0.000001,0.999995,-0.000009,-0.020328,-0.001581,0.031381
9.840000,drone3,raw,0.966082,0.594329,1.832132,0.001297,-0.002963,-0.000008,0.999995,-0.000024,-0.020610,-0.001562,0.026646
9.840000,drone2,raw,0.965602,-0.005688,1.837133,0.001296,-0.002964,-0.000006,0.999995,-0.000020,-0.020648,-0.001571,0.026081
9.840000,drone1,raw,0.966084,-0.605666,1.829019,0.001297,-0.002963,-0.000001,0.999995,-0.000009,-0.020554,-0.001562,0.025525
9.852000,drone3,ekf,0.967253,0.587300,1.831657,0.001303,-0.003024,-0.000008,0.999995,-0.000024,-0.012799,-0.036274,0.006739
9.852000,drone2,ekf,0.951741,0.003368,1.856034,0.001296,-0.002964,-0.000006,0.999995,-0.000020,-0.036584,0.026947,0.003620
9.852000,drone1,ekf,0.969241,-0.590415,1.850943,0.001297,-0.002963,-0.000001,0.999995,-0.000009,-0.000312,0.054726,0.025878
9.856000,drone2,ekf,0.952000,0.003159,1.856005,0.001301,-0.003025,-0.000003,0.999995,-0.000014,-0.035828,0.025898,0.003336
9.856000,drone3,ekf,0.967077,0.587444,1.832294,0.001303,-0.003024,-0.000008,0.999995,-0.000024,-0.013342,-0.036842,0.007024
9.856000,drone1,ekf,0.969037,-0.590806,1.850895,0.001302,-0.003024,-0.000000,0.999995,-0.000009,-0.001435,0.054090,0.024931
9.856000,drone2,ekf,0.952377,0.002866,1.855965,0.001301,-0.003025,-0.000003,0.999995,-0.000014,-0.035321,0.025503,0.003283
9.856000,drone2,ekf,0.952730,0.002591,1.855927,0.001301,-0.003025,-0.000003,0.999995,-0.000014,-0.034845,0.025133,0.003232
9.856000,drone3,ekf,0.966964,0.587716,1.832866,0.001303,-0.003024,-0.000008,0.999995,-0.000024,-0.013510,-0.036440,0.007788
9.856000,drone1,ekf,0.968852,-0.591373,1.850757,0.001302,-0.003024,-0.000000,0.999995,-0.000009,-0.001708,0.053253,0.024745
9.856000,drone3,ekf,0.966858,0.587969,1.833402,0.001303,-0.003024,-0.000008,0.999995,-0.000024,-0.013666,-0.036067,0.008503
9.856000,drone1,ekf,0.968680,-0.591899,1.850627,0.001302,-0.003024,-0.000000,0.999995,-0.000009,-0.001962,0.052475,0.024572
9.860000,drone2,raw,0.965180,-0.005720,1.837476,0.001305,-0.003066,-0.000003,0.999994,-0.000014,-0.020873,-0.001549,0.020210
9.860000,drone1,raw,0.965664,-0.605698,1.829351,0.001306,-0.003066,-0.000000,0.999994,-0.000009,-0.020778,-0.001543,0.019667
9.860000,drone3,raw,0.965661,0.594298,1.832485,0.001306,-0.003066,-0.000008,0.999994,-0.000024,-0.020835,-0.001543,0.020763
9.880000,drone3,raw,0.965237,0.594267,1.832724,0.001315,-0.003170,-0.000007,0.999994,-0.000023,-0.021050,-0.001524,0.014949
9.880000,drone2,raw,0.964755,-0.005750,1.837704,0.001314,-0.003170,-0.000000,0.999994,-0.000009,-0.021090,-0.001527,0.014410
9.880000,drone1,raw,0.965241,-0.605728,1.829569,0.001315,-0.003170,0.000000,0.999994,-0.000008,-0.020993,-0.001523,0.013879
9.900000,drone3,raw,0.964809,0.594236,1.832851,0.001324,-0.003275,-0.000007,0.999994,-0.000023,-0.021252,-0.001504,0.009274
9.900000,drone2,raw,0.964326,-0.005781,1.837820,0.001322,-0.003275,-0.000002,0.999994,-0.000013,-0.021292,-0.001510,0.008747
9.900000,drone1,raw,0.964814,-0.605759,1.829675,0.001323,-0.003275,0.000000,0.999994,-0.000008,-0.021194,-0.001504,0.008230
9.900000,drone3,ekf,0.966211,0.586908,1.833467,0.001324,-0.003275,-0.000007,0.999994,-0.000023,-0.011895,-0.030843,-0.011337
9.900000,drone2,ekf,0.951933,0.004158,1.855640,0.001319,-0.003233,-0.000002,0.999994,-0.000013,-0.026152,0.043274,-0.006230
9.900000,drone3,ekf,0.966089,0.587202,1.834026,0.001324,-0.003275,-0.000007,0.999994,-0.000023,-0.012075,-0.030410,-0.010590
9.900000,drone2,ekf,0.952284,0.003823,1.855627,0.001319,-0.003233,-0.000002,0.999994,-0.000013,-0.025679,0.042824,-0.006247
9.900000,drone1,ekf,0.968684,-0.590303,1.851830,0.001320,-0.003232,0.000000,0.999994,-0.000008,0.004976,0.049991,0.030951
9.900000,drone3,ekf,0.965976,0.587475,1.834549,0.001324,-0.003275,-0.000007,0.999994,-0.000023,-0.012242,-0.030008,-0.009892
9.900000,drone3,ekf,0.965871,0.587729,1.835039,0.001324,-0.003275,-0.000007,0.999994,-0.000023,-0.012397,-0.029634,-0.009237
9.900000,drone2,ekf,0.952613,0.003511,1.855614,0.001322,-0.003275,-0.000002,0.999994,-0.000013,-0.025237,0.042403,-0.006264
9.900000,drone1,ekf,0.968471,-0.590901,1.851672,0.001320,-0.003232,0.000000,0.999994,-0.000008,0.004663,0.049110,0.030740
9.900000,drone2,ekf,0.952921,0.003218,1.855603,0.001322,-0.003275,-0.000002,0.999994,-0.000013,-0.024822,0.042008,-0.006279
9.900000,drone1,ekf,0.968273,-0.591456,1.851525,0.001323,-0.003275,0.000000,0.999994,-0.000008,0.004371,0.048292,0.030544
9.900000,drone1,ekf,0.968089,-0.591973,1.851387,0.001323,-0.003275,0.000000,0.999994,-0.000008,0.004100,0.047530,0.030359
9.920000,drone3,raw,0.964378,0.594207,1.832870,0.001332,-0.003380,-0.000007,0.999993,-0.000022,-0.021433,-0.001484,0.003799
9.920000,drone1,raw,0.964385,-0.605788,1.829674,0.001332,-0.003380,0.000001,0.999993,-0.000007,-0.021375,-0.001484,0.002781
9.920000,drone2,raw,0.963895,-0.005811,1.83,-0.003233,-0.000002,0.,-0.000005,0.999993,-0.000018,-0.021473,-0.001492,0.003285
9.940000,drone3,raw,0.963946,0.594178,1.832788,0.001340,-0.003487,-0.000006,0.999993,-0.000022,-0.021590,-0.001464,-0.001418
9.940000,drone2,raw,0.963461,-0.005839,1.837738,0.001339,-0.003488,-0.000002,0.999993,-0.000012,-0.021630,-0.001469,-0.001918
9.940000,drone1,raw,0.963954,-0.605817,1.829573,0.001340,-0.003487,0.000001,0.999993,-0.000007,-0.021531,-0.001464,-0.002409
9.952000,drone3,ekf,0.966201,0.586916,1.833571,0.001345,-0.003551,-0.000006,0.999993,-0.000022,0.009492,-0.021221,-0.038833
9.952000,drone2,ekf,0.951559,0.005368,1.854413,0.001339,-0.003488,-0.000002,0.999993,-0.000012,-0.032476,0.048627,-0.023301
9.952000,drone1,ekf,0.967953,-0.591020,1.852570,0.001340,-0.003487,0.000001,0.999993,-0.000007,0.001768,0.029380,0.026392
9.952000,drone1,ekf,0.967724,-0.591596,1.852380,0.001344,-0.003551,0.000001,0.999993,-0.000007,0.001431,0.028532,0.026138
9.952000,drone2,ekf,0.951886,0.004988,1.854434,0.001339,-0.003488,-0.000002,0.999993,-0.000012,-0.032035,0.048116,-0.023272
9.952000,drone1,ekf,0.967512,-0.592132,1.852202,0.001344,-0.003551,0.000001,0.999993,-0.000007,0.001119,0.027744,0.025900
9.952000,drone3,ekf,0.966037,0.587208,1.834125,0.001345,-0.003551,-0.000006,0.999993,-0.000022,0.009251,-0.020792,-0.038094
9.952000,drone1,ekf,0.967315,-0.592630,1.852035,0.001344,-0.003551,0.000001,0.999993,-0.000007,0.000828,0.027010,0.025678
9.952000,drone2,ekf,0.952193,0.004633,1.854455,0.001344,-0.003552,-0.000004,0.999993,-0.000018,-0.031622,0.047638,-0.023245
9.952000,drone3,ekf,0.965885,0.587479,1.834642,0.001345,-0.003551,-0.000006,0.999993,-0.000022,0.009027,-0.020393,-0.037403
9.952000,drone2,ekf,0.952480,0.004300,1.854474,0.001344,-0.003552,-0.000004,0.999993,-0.000018,-0.031235,0.047190,-0.023220
9.952000,drone3,ekf,0.965743,0.587732,1.835127,0.001345,-0.003551,-0.000006,0.999993,-0.000022,0.008818,-0.020021,-0.036756
9.960000,drone3,raw,0.963511,0.594150,1.832611,0.001348,-0.003594,-0.000006,0.999993,-0.000022,-0.021717,-0.001443,-0.006328
9.960000,drone2,raw,0.963026,-0.005868,1.837551,0.001347,-0.003595,0.000001,0.999993,-0.000007,-0.021757,-0.001445,-0.006815
9.960000,drone1,raw,0.963521,-0.605845,1.829376,0.001348,-0.003594,0.000002,0.999993,-0.000006,-0.021658,-0.001442,-0.007293
9.980000,drone3,raw,0.963076,0.594122,1.832346,0.001356,-0.003702,-0.000006,0.999992,-0.000021,-0.021811,-0.001420,-0.010892
9.980000,drone2,raw,0.962591,-0.005895,1.837277,0.001355,-0.003703,-0.000001,0.999992,-0.000012,-0.021852,-0.001425,-0.011366
9.980000,drone1,raw,0.963087,-0.605872,1.829093,0.001355,-0.003702,0.000002,0.999992,-0.000006,-0.021752,-0.001420,-0.011830
10.000000,drone3,raw,0.962641,0.594096,1.832001,0.001363,-0.003810,-0.000005,0.999992,-0.000021,-0.021869,-0.001397,-0.015082
10.000000,drone1,raw,0.962653,-0.605899,1.828730,0.001363,-0.003810,0.000002,0.999992,-0.000006,-0.021810,-0.001397,-0.015993
10.000000,drone2,raw,0.962155,-0.005922,1.836923,0.001362,-0.003810,-0.000003,0.999992,-0.000017,-0.021910,-0.001404,-0.015542
10.000000,drone1,ekf,0.966781,-0.592202,1.853446,0.001360,-0.003767,0.000002,0.999992,-0.000006,-0.006466,0.020031,0.034464
10.000000,drone2,ekf,0.950841,0.006681,1.853286,0.001359,-0.003767,0.000002,0.999992,-0.000006,-0.040708,0.058445,-0.025473
10.000000,drone3,ekf,0.965177,0.586827,1.833285,0.001363,-0.003810,-0.000005,0.999992,-0.000021,-0.008388,-0.024923,-0.049601
10.000000,drone1,ekf,0.966559,-0.592733,1.853204,0.001360,-0.003767,0.000002,0.999992,-0.000006,-0.006793,0.019250,0.034140
10.000000,drone3,ekf,0.965013,0.587118,1.833822,0.001363,-0.003810,-0.000005,0.999992,-0.000021,-0.008628,-0.024496,-0.048884
10.000000,drone2,ekf,0.951156,0.006257,1.853322,0.001359,-0.003767,0.000002,0.999992,-0.000006,-0.040284,0.057873,-0.025426
10.000000,drone1,ekf,0.966352,-0.593226,1.852977,0.001363,-0.003810,0.000002,0.999992,-0.000006,-0.007096,0.018524,0.033836
10.000000,drone3,ekf,0.964861,0.587388,1.834324,0.001363,-0.003810,-0.000005,0.999992,-0.000021,-0.008852,-0.024099,-0.048213
10.000000,drone1,ekf,0.966160,-0.593686,1.852764,0.001363,-0.003810,0.000002,0.999992,-0.000006,-0.007379,0.017848,0.033552
10.000000,drone2,ekf,0.951450,0.005860,1.853355,0.001362,-0.003810,-0.000003,0.999992,-0.000017,-0.039887,0.057339,-0.025382
10.000000,drone3,ekf,0.964719,0.587639,1.834795,0.001363,-0.003810,-0.000005,0.999992,-0.000021,-0.009060,-0.023729,-0.047584
10.000000,drone2,ekf,0.951726,0.005489,1.853386,0.001362,-0.003810,-0.000003,0.999992,-0.000017,-0.039515,0.056838,-0.025340
10.020000,drone3,raw,0.962207,0.594070,1.831584,0.001370,-0.003917,-0.000005,0.999991,-0.000020,-0.021890,-0.001373,-0.018877
10.020000,drone2,raw,0.961719,-0.005948,1.836497,0.001369,-0.003918,-0.000000,0.999991,-0.000011,-0.021931,-0.001377,-0.019324
10.020000,drone1,raw,0.962220,-0.605925,1.828296,0.001370,-0.003917,0.000003,0.999991,-0.000005,-0.021831,-0.001372,-0.019761
10.040000,drone2,raw,0.961285,-0.005973,1.836007,0.001377,-0.004025,0.000003,0.999991,-0.000005,-0.021914,-0.001349,-0.022704
10.040000,drone1,raw,0.961788,-0.605950,1.827798,0.001377,-0.004024,0.000003,0.999991,-0.000005,-0.021814,-0.001347,-0.023127
10.040000,drone3,raw,0.961773,0.594044,1.831103,0.001377,-0.004024,-0.000004,0.999991,-0.000020,-0.021873,-0.001347,-0.022271
10.052000,drone3,ekf,0.964764,0.587550,1.832664,0.001382,-0.004088,-0.000004,0.999991,-0.000020,0.004521,-0.006750,-0.050961
10.052000,drone2,ekf,0.950764,0.008306,1.851671,0.001377,-0.004025,0.000003,0.999991,-0.000005,-0.023895,0.063449,-0.033895
10.052000,drone1,ekf,0.966402,-0.592201,1.853641,0.001377,-0.004024,0.000003,0.999991,-0.000005,0.009474,0.038840,0.022490
10.052000,drone3,ekf,0.964573,0.587813,1.833184,0.001382,-0.004088,-0.000004,0.999991,-0.000020,0.004241,-0.006364,-0.050266
10.052000,drone2,ekf,0.951045,0.007823,1.851719,0.001377,-0.004025,0.000003,0.999991,-0.000005,-0.023516,0.062797,-0.033831
10.052000,drone1,ekf,0.966151,-0.592737,1.853349,0.001377,-0.004024,0.000003,0.999991,-0.000005,0.009105,0.038053,0.022099
10.052000,drone3,ekf,0.964395,0.588057,1.833670,0.001382,-0.004088,-0.000004,0.999991,-0.000020,0.003980,-0.006006,-0.049616
10.052000,drone2,ekf,0.951307,0.007371,1.851764,0.001381,-0.004089,0.000001,0.999991,-0.000010,-0.023162,0.062188,-0.033771
10.052000,drone3,ekf,0.964230,0.588284,1.834126,0.001382,-0.004088,-0.000004,0.999991,-0.000020,0.003737,-0.005672,-0.049007
10.052000,drone2,ekf,0.951553,0.006947,1.851807,0.001381,-0.004089,0.000001,0.999991,-0.000010,-0.022830,0.061617,-0.033715
10.052000,drone1,ekf,0.965918,-0.593235,1.853075,0.001381,-0.004088,0.000003,0.999991,-0.000005,0.008763,0.037322,0.021734
10.052000,drone1,ekf,0.965701,-0.593699,1.852819,0.001381,-0.004088,0.000003,0.999991,-0.000005,0.008444,0.036641,0.021391
10.060000,drone2,raw,0.960853,-0.005998,1.835462,0.001383,-0.004131,0.000001,0.999991,-0.000010,-0.021859,-0.001324,-0.025686
10.060000,drone1,raw,0.961358,-0.605975,1.827245,0.001384,-0.004131,0.000003,0.999991,-0.000004,-0.021759,-0.001320,-0.026095
10.060000,drone3,raw,0.961342,0.594020,1.830566,0.001384,-0.004131,-0.000004,0.999991,-0.000020,-0.021819,-0.001320,-0.025267
10.080000,drone2,raw,0.960424,-0.006022,1.834869,0.001390,-0.004237,-0.000002,0.999990,-0.000015,-0.021768,-0.001299,-0.028283
10.080000,drone3,raw,0.960913,0.593996,1.829981,0.001391,-0.004237,-0.000004,0.999990,-0.000019,-0.021728,-0.001292,-0.027879
10.080000,drone1,raw,0.960931,-0.605999,1.826644,0.001390,-0.004237,0.000004,0.999990,-0.000004,-0.021669,-0.001292,-0.028678
10.100000,drone3,raw,0.960488,0.593973,1.829354,0.001397,-0.004342,-0.000003,0.999990,-0.000019,-0.021603,-0.001263,-0.030131
10.100000,drone2,raw,0.959998,-0.006046,1.834234,0.001396,-0.004342,0.000001,0.999990,-0.000009,-0.021643,-0.001267,-0.030521
10.100000,drone1,raw,0.960507,-0.606022,1.826001,0.001397,-0.004342,0.000004,0.999990,-0.000004,-0.021544,-0.001263,-0.030902
10.100000,drone2,ekf,0.951187,0.009654,1.849291,0.001394,-0.004300,0.000001,0.999990,-0.000009,-0.012451,0.067410,-0.054048
10.100000,drone1,ekf,0.965583,-0.592514,1.853194,0.001394,-0.004300,0.000004,0.999990,-0.000004,0.002910,0.035613,0.01462-0.605975,1.827245,0.000.964946,0.588476,1.831463,0.001397,-0.004342,-0.000003,0.999990,-0.000019,0.019810,-0.000717,-0.066134
10.100000,drone3,ekf,0.964712,0.588701,1.831972,0.001397,-0.004342,-0.000003,0.999990,-0.000019,0.019466,-0.000387,-0.065453
10.100000,drone1,ekf,0.965326,-0.593037,1.852869,0.001394,-0.004300,0.000004,0.999990,-0.000004,0.002533,0.034846,0.014189
10.100000,drone2,ekf,0.951417,0.009126,1.849370,0.001394,-0.004300,0.000001,0.999990,-0.000009,-0.012140,0.066698,-0.053943
10.100000,drone3,ekf,0.964494,0.588910,1.832449,0.001397,-0.004342,-0.000003,0.999990,-0.000019,0.019147,-0.000081,-0.064816
10.100000,drone1,ekf,0.965087,-0.593523,1.852565,0.001397,-0.004342,0.000004,0.999990,-0.000004,0.002183,0.034133,0.013783
10.100000,drone3,ekf,0.964291,0.589104,1.832896,0.001397,-0.004342,-0.000003,0.999990,-0.000019,0.018849,0.000205,-0.064219
10.100000,drone2,ekf,0.951633,0.008632,1.849444,0.001396,-0.004342,0.000001,0.999990,-0.000009,-0.011849,0.066032,-0.053844
10.100000,drone1,ekf,0.964864,-0.593976,1.852280,0.001397,-0.004342,0.000004,0.999990,-0.000004,0.001856,0.033469,0.013402
10.100000,drone2,ekf,0.951835,0.008169,1.849513,0.001396,-0.004342,0.000001,0.999990,-0.000009,-0.011577,0.065407,-0.053752
10.120000,drone3,raw,0.960067,0.593950,1.828537,0.001403,-0.004445,-0.000003,0.999989,-0.000018,-0.021486,-0.001244,-0.035905
10.120000,drone2,raw,0.959576,-0.006068,1.833564,0.001402,-0.004446,0.000004,0.999989,-0.000004,-0.021487,-0.001235,-0.032432
10.120000,drone1,raw,0.960087,-0.606044,1.825324,0.001403,-0.004445,0.000005,0.999989,-0.000003,-0.021390,-0.001233,-0.032798
10.140000,drone3,raw,0.959649,0.593928,1.827852,0.001409,-0.004547,-0.000003,0.999989,-0.000018,-0.021304,-0.001213,-0.037357
10.140000,drone2,raw,0.959158,-0.006090,1.832864,0.001408,-0.004548,0.000002,0.999989,-0.000008,-0.021305,-0.001206,-0.034057
10.140000,drone1,raw,0.959671,-0.606066,1.824617,0.001409,-0.004547,0.000005,0.999989,-0.000003,-0.021208,-0.001202,-0.034410
10.152000,drone2,ekf,0.951813,0.010733,1.846424,0.001408,-0.004548,0.000002,0.999989,-0.000008,-0.003756,0.060227,-0.061602
10.152000,drone1,ekf,0.964960,-0.592746,1.852504,0.001409,-0.004547,0.000005,0.999989,-0.000003,0.007123,0.033589,0.011316
10.152000,drone3,ekf,0.964729,0.590424,1.829398,0.001412,-0.004608,-0.000002,0.999988,-0.000018,0.013553,0.022469,-0.077197
10.152000,drone2,ekf,0.951987,0.010164,1.846539,0.001408,-0.004548,0.000002,0.999989,-0.000008,-0.003521,0.059459,-0.061448
10.152000,drone1,ekf,0.964685,-0.593265,1.852140,0.001409,-0.004547,0.000005,0.999989,-0.000003,0.006720,0.032829,0.010828
10.152000,drone3,ekf,0.964461,0.590576,1.829915,0.001412,-0.004608,-0.000002,0.999988,-0.000018,0.013161,0.022692,-0.076506
10.152000,drone2,ekf,0.952150,0.009631,1.846646,0.001412,-0.004608,0.000005,0.999988,-0.000003,-0.003302,0.058740,-0.061305
10.152000,drone1,ekf,0.964429,-0.593747,1.851798,0.001412,-0.004608,0.000005,0.999988,-0.000003,0.006345,0.032123,0.010373
10.152000,drone3,ekf,0.964213,0.590717,1.830398,0.001412,-0.004608,-0.000002,0.999988,-0.000018,0.012797,0.022899,-0.075859
10.152000,drone3,ekf,0.963981,0.590849,1.830852,0.001412,-0.004608,-0.000002,0.999988,-0.000018,0.012457,0.023092,-0.075254
10.152000,drone2,ekf,0.952302,0.009133,1.846747,0.001412,-0.004608,0.000005,0.999988,-0.000003,-0.003096,0.058068,-0.061170
10.152000,drone1,ekf,0.964190,-0.594196,1.851479,0.001412,-0.004608,0.000005,0.999988,-0.000003,0.005996,0.031465,0.009945
10.160000,drone3,raw,0.959237,0.593907,1.827140,0.001415,-0.004648,-0.000002,0.999988,-0.000018,-0.021061,-0.001169,-0.034732
10.160000,drone2,raw,0.958745,-0.006111,1.832138,0.001414,-0.004649,-0.000000,0.999988,-0.000013,-0.021101,-0.001175,-0.035447
10.160000,drone1,raw,0.959260,-0.606087,1.823885,0.001414,-0.004648,0.000005,0.999988,-0.000002,-0.021005,-0.001169,-0.035785
10.180000,drone3,raw,0.958829,0.593887,1.826405,0.001420,-0.004748,-0.000002,0.999988,-0.000017,-0.020842,-0.001136,-0.035972
10.180000,drone2,raw,0.958336,-0.006131,1.831390,0.001419,-0.004748,0.000003,0.999988,-0.000008,-0.020880,-0.001140,-0.036654
10.180000,drone1,raw,0.958853,-0.606107,1.823130,0.001419,-0.004748,0.000006,0.999988,-0.000002,-0.020786,-0.001136,-0.036977
10.200000,drone3,raw,0.958426,0.593867,1.825649,0.001425,-0.004845,-0.000001,0.999987,-0.000017,-0.020611,-0.001103,-0.037086
10.200000,drone1,raw,0.958452,-0.606127,1.822355,0.001425,-0.004845,0.000006,0.999987,-0.000002,-0.020556,-0.001103,-0.038044
10.200000,drone2,raw,0.957933,-0.006151,1.830621,0.001424,-0.004846,0.000006,0.999987,-0.000002,-0.020649,-0.001104,-0.037736
10.200000,drone1,ekf,0.964064,-0.592795,1.851561,0.001423,-0.004806,0.000006,0.999987,-0.000002,0.003154,0.039957,0.009918
10.200000,drone2,ekf,0.953131,0.011394,1.844565,0.001424,-0.004846,0.000006,0.999987,-0.000002,0.015259,0.059443,-0.047871
10.200000,drone1,ekf,0.963788,-0.593310,1.851169,0.001423,-0.004806,0.000006,0.999987,-0.000002,0.002749,0.039203,0.009393
10.200000,drone2,ekf,0.953227,0.010804,1.844681,0.001424,-0.004846,0.000006,0.999987,-0.000002,0.015388,0.058646,-0.047717
10.200000,drone3,ekf,0.964677,0.592564,1.828289,0.001425,-0.004845,-0.000001,0.999987,-0.000017,0.020757,0.034259,-0.063656
10.200000,drone1,ekf,0.963531,-0.593789,1.850802,0.001425,-0.004845,0.000006,0.999987,-0.000002,0.002373,0.038502,0.008903
10.200000,drone2,ekf,0.953316,0.010252,1.844789,0.001424,-0.004846,0.000006,0.999987,-0.000002,0.015509,0.057901,-0.047572
10.200000,drone1,ekf,0.963291,-0.594235,1.850458,0.001425,-0.004845,0.000006,0.999987,-0.000002,0.002022,0.037849,0.008443
10.200000,drone2,ekf,0.953400,0.009734,1.844891,0.001424,-0.004846,0.000006,0.999987,-0.000002,0.015623,0.057203,-0.047436
10.200000,drone3,ekf,0.964377,0.592635,1.828782,0.001425,-0.004845,-0.000001,0.999987,-0.000017,0.020318,0.034362,-0.062998
10.200000,drone3,ekf,0.964098,0.592701,1.829242,0.001425,-0.004845,-0.000001,0.999987,-0.000017,0.019910,0.034459,-0.062383
10.200000,drone3,ekf,0.963839,0.592763,1.829674,0.001425,-0.004845,-0.000001,0.999987,-0.000017,0.019530,0.034549,-0.061806
10.220000,drone3,raw,0.958029,0.593848,1.824872,0.001430,-0.004942,-0.000001,0.999987,-0.000016,-0.020376,-0.001069,-0.038134
10.220000,drone2,raw,0.957535,-0.006170,1.829832,0.001429,-0.004942,0.000004,0.999987,-0.000007,-0.020413,-0.001072,-0.038753
10.220000,drone1,raw,0.958056,-0.606146,1.821561,0.001429,-0.004941,0.000006,0.999987,-0.000001,-0.020321,-0.001069,-0.039047
10.240000,drone3,raw,0.957636,0.593830,1.824074,0.001434,-0.005036,-0.000001,0.999986,-0.000016,-0.020142,-0.001035,-0.039178
10.240000,drone1,raw,0.957664,-0.606164,1.820746,0.001434,-0.005036,0.000007,0.999986,-0.000001,-0.020087,-0.001035,-0.040044
10.240000,drone2,raw,0.957142,-0.006188,1.829022,0.001434,-0.005036,0.000001,0.999986,-0.000012,-0.020178,-0.001041,-0.039766
10.252000,drone3,ekf,0.964763,0.595267,1.826484,0.001437,-0.005092,-0.000001,0.999986,-0.000016,0.024332,0.048742,-0.070656
10.252000,drone1,ekf,0.963642,-0.592880,1.850342,0.001437,-0.005092,0.000007,0.999986,-0.000001,0.012493,0.035968,0.005911
10.252000,drone3,ekf,0.964421,0.595238,1.826970,0.001437,-0.005092,-0.000001,0.999986,-0.000016,0.023832,0.048698,-0.070006
10.252000,drone2,ekf,0.954077,0.011528,1.842488,0.001436,-0.005092,0.000004,0.999986,-0.000006,0.012448,0.046006,-0.048441
10.252000,drone1,ekf,0.963342,-0.593396,1.849918,0.001437,-0.005092,0.000007,0.999986,-0.000001,0.012055,0.035213,0.005344
10.252000,drone1,ekf,0.963063,-0.593875,1.849521,0.001437,-0.005092,0.000007,0.999986,-0.000001,0.011647,0.034512,0.004814
10.252000,drone3,ekf,0.964103,0.595210,1.827425,0.001437,-0.005092,-0.000001,0.999986,-0.000016,0.023367,0.048658,-0.069398
10.252000,drone2,ekf,0.954107,0.010928,1.842604,0.001436,-0.005092,0.000004,0.999986,-0.000006,0.012488,0.045196,-0.048287
10.252000,drone1,ekf,0.962804,-0.594322,1.849149,0.001437,-0.005092,0.000007,0.999986,-0.000001,0.011268,0.033859,0.004317
10.252000,drone3,ekf,0.963807,0.595184,1.827851,0.001437,-0.005092,-0.000001,0.999986,-0.000016,0.022934,0.048620,-0.068829
10.252000,drone2,ekf,0.954135,0.010368,1.842712,0.001436,-0.005092,0.000004,0.999986,-0.000006,0.012525,-0.070656
10.252000,drone1,e,drone2,ekf,0.954161,0.009842,1.842814,0.001436,-0.005092,0.000004,0.999986,-0.000006,0.012560,0.043730,-0.048006
10.260000,drone3,raw,0.957249,0.593813,1.823253,0.001439,-0.005129,-0.000000,0.999986,-0.000016,-0.019915,-0.001001,-0.040275
10.260000,drone2,raw,0.956754,-0.006205,1.828190,0.001438,-0.005129,0.000004,0.999986,-0.000006,-0.019950,-0.001004,-0.040833
10.260000,drone1,raw,0.957278,-0.606181,1.819909,0.001438,-0.005129,0.000007,0.999986,-0.000001,-0.019860,-0.001001,-0.041097
10.280000,drone2,raw,0.956370,-0.006222,1.827334,0.001442,-0.005221,0.000007,0.999985,-0.000001,-0.019734,-0.000967,-0.042011
10.280000,drone1,raw,0.956896,-0.606198,1.819047,0.001442,-0.005221,0.000007,0.999985,-0.000000,-0.019646,-0.000967,-0.042260
10.280000,drone3,raw,0.956865,0.593796,1.822406,0.001443,-0.005221,-0.000000,0.999985,-0.000015,-0.019700,-0.000967,-0.041482
10.300000,drone3,raw,0.956486,0.593781,1.821530,0.001447,-0.005311,0.000000,0.999985,-0.000015,-0.019502,-0.000934,-0.042852
10.300000,drone2,raw,0.955990,-0.006238,1.826448,0.001446,-0.005311,0.000005,0.999985,-0.000005,-0.019536,-0.000936,-0.043352
10.300000,drone1,raw,0.956518,-0.606213,1.818157,0.001446,-0.005311,0.000008,0.999985,0.000000,-0.019449,-0.000933,-0.043586
10.300000,drone2,ekf,0.955115,0.011771,1.840994,0.001444,-0.005275,0.000005,0.999985,-0.000006,0.020651,0.052850,-0.039902
10.300000,drone2,ekf,0.955079,0.011165,1.841090,0.001446,-0.005311,0.000005,0.999985,-0.000005,0.020602,0.052031,-0.039774
10.300000,drone1,ekf,0.963611,-0.593214,1.848596,0.001445,-0.005275,0.000008,0.999985,0.000000,0.023730,0.033571,-0.002480
10.300000,drone3,ekf,0.964431,0.598179,1.825130,0.001447,-0.005311,0.000000,0.999985,-0.000015,0.020561,0.065268,-0.066299
10.300000,drone2,ekf,0.955045,0.010598,1.841180,0.001446,-0.005311,0.000005,0.999985,-0.000005,0.020556,0.051266,-0.039654
10.300000,drone1,ekf,0.963281,-0.593716,1.848163,0.001445,-0.005275,0.000008,0.999985,0.000000,0.023248,0.032838,-0.003059
10.300000,drone3,ekf,0.964070,0.598042,1.825590,0.001447,-0.005311,0.000000,0.999985,-0.000015,0.020033,0.065068,-0.065684
10.300000,drone2,ekf,0.955013,0.010066,1.841264,0.001446,-0.005311,0.000005,0.999985,-0.000005,0.020513,0.050548,-0.039542
10.300000,drone1,ekf,0.962974,-0.594182,1.847757,0.001446,-0.005311,0.000008,0.999985,0.000000,0.022799,0.032157,-0.003601
10.300000,drone3,ekf,0.963734,0.597914,1.826021,0.001447,-0.005311,0.000000,0.999985,-0.000015,0.019543,0.064881,-0.065109
10.300000,drone1,ekf,0.962688,-0.594617,1.847377,0.001446,-0.005311,0.000008,0.999985,0.000000,0.022381,0.031522,-0.004109
10.300000,drone3,ekf,0.963421,0.597795,1.826425,0.001447,-0.005311,0.000000,0.999985,-0.000015,0.019085,0.064707,-0.064569
10.320000,drone1,raw,0.956144,-0.606228,1.817234,0.001450,-0.005400,0.000008,0.999984,0.000001,-0.019273,-0.000900,-0.045121
10.320000,drone3,raw,0.956111,0.593766,1.820621,0.001450,-0.005400,0.000001,0.999984,-0.000014,-0.019327,-0.000901,-0.044430
10.320000,drone2,raw,0.955615,-0.006253,1.825529,0.001450,-0.005401,0.000003,0.999984,-0.000010,-0.019359,-0.000905,-0.044902
10.340000,drone3,raw,0.955740,0.593751,1.819672,0.001454,-0.005489,0.000001,0.999984,-0.000014,-0.019176,-0.000868,-0.046255
10.340000,drone1,raw,0.955774,-0.606243,1.816273,0.001453,-0.005488,0.000008,0.999984,0.000001,-0.019123,-0.000868,-0.046904
10.340000,drone2,raw,0.955242,-0.006267,1.824572,0.001453,-0.005489,0.000006,0.999984,-0.000005,-0.019208,-0.000870,-0.046701
10.352000,drone2,ekf,0.956454,0.011394,1.839107,0.001453,-0.005489,0.000006,0.999984,-0.000005,0.029895,0.037014,-0.042958
10.352000,drone1,ekf,0.964145,-0.593193,1.845844,0.001453,-0.005488,0.000008,0.999984,0.000001,0.035453,0.037098,-0.021288
10.352000,drone2,ekf,0.956339,0.010796,1.839183,0.001453,-0.005489,0.000006,0.999984,-0.000005,0.029740,0.036206,-0.042855
10.352000,drone1,ekf,0.963758,-0.593699,1.845418,0.001453,-0.005488,0.000008,0.999984,0.000001,0.034888,0.036359,-0.021858
10.352000,drone3,ekf,0.963973,0.600821,1.823347,0.001455,-0.005541,0.000001,0.999984,-0.000014,0.017945,0.062721,-0.067636
10.352000,drone2,ekf,0.956232,0.010237,1.839255,0.001455,-0.005541,0.000003,0.999984,-0.000010,0.029596,0.035450,-0.042759
10.352000,drone1,ekf,0.963399,-0.594170,1.845018,0.001455,-0.005541,0.000009,0.999984,0.000001,0.034364,0.035673,-0.022392
10.352000,drone3,ekf,0.963591,0.600585,1.823787,0.001455,-0.005541,0.000001,0.999984,-0.000014,0.017387,0.062377,-0.067048
10.352000,drone3,ekf,0.963236,0.600365,1.824199,0.001455,-0.005541,0.000001,0.999984,-0.000014,0.016870,0.062056,-0.066497
10.352000,drone2,ekf,0.956131,0.009713,1.839323,0.001455,-0.005541,0.000003,0.999984,-0.000010,0.029460,0.034743,-0.042669
10.352000,drone1,ekf,0.963064,-0.594608,1.844644,0.001455,-0.005541,0.000009,0.999984,0.000001,0.033875,0.035033,-0.022892
10.352000,drone3,ekf,0.962906,0.600161,1.824586,0.001455,-0.005541,0.000001,0.999984,-0.000014,0.016387,0.061758,-0.065981
10.360000,drone3,raw,0.955370,0.593738,1.818678,0.001457,-0.005576,0.000001,0.999983,-0.000014,-0.019054,-0.000836,-0.048360
10.360000,drone2,raw,0.954873,-0.006281,1.823570,0.001456,-0.005576,0.000008,0.999983,0.000001,-0.019085,-0.000836,-0.048779
10.360000,drone1,raw,0.955406,-0.606256,1.815267,0.001456,-0.005576,0.000009,0.999983,0.000001,-0.019001,-0.000836,-0.048966
10.380000,drone2,raw,0.954505,-0.006293,1.822517,0.001459,-0.005663,0.000006,0.999983,-0.000004,-0.018993,-0.000806,-0.051159
10.380000,drone3,raw,0.955004,0.593725,1.817633,0.001459,-0.005662,0.000002,0.999983,-0.000013,-0.018962,-0.000805,-0.050767
10.380000,drone1,raw,0.955040,-0.606269,1.814056,0.001459,-0.005662,0.000009,0.999983,0.000002,-0.018955,-0.000817,-0.055195
10.400000,drone2,raw,0.954140,-0.006305,1.821407,0.001461,-0.005749,0.000004,0.999982,-0.000009,-0.018933,-0.000779,-0.053855
10.400000,drone3,raw,0.954639,0.593713,1.816530,0.001462,-0.005748,0.000002,0.999982,-0.000013,-0.018902,-0.000775,-0.053490
10.400000,drone3,ekf,0.963714,0.602249,1.821522,0.001461,-0.005714,0.000002,0.999983,-0.000013,0.025254,0.049512,-0.072465
10.400000,drone2,ekf,0.956919,0.011442,1.836972,0.001460,-0.005714,0.000009,0.999983,0.000001,0.019726,0.048508,-0.050259
10.400000,drone1,ekf,0.964604,-0.593984,1.842743,0.001461,-0.005714,0.000009,0.999983,0.000002,0.041153,0.022926,-0.031016
10.400000,drone3,ekf,0.963312,0.601961,1.821936,0.001462,-0.005748,0.000002,0.999982,-0.000013,0.024668,0.049092,-0.071912
10.400000,drone2,ekf,0.956759,0.010844,1.837034,0.001460,-0.005714,0.000009,0.999983,0.000001,0.019511,0.047700,-0.050176
10.400000,drone1,raw,0.954676,-0.606281,1.812951,0.001462,-0.005748,0.000009,0.999982,0.000002,-0.018894,-0.000787,-0.057687
10.400000,drone1,ekf,0.964171,-0.594459,1.842331,0.001461,-0.005714,0.000009,0.999983,0.000002,0.040521,0.022233,-0.031566
10.400000,drone3,ekf,0.962938,0.601693,1.822324,0.001462,-0.005748,0.000002,0.999982,-0.000013,0.024123,0.048703,-0.071394
10.400000,drone2,ekf,0.956610,0.010284,1.837092,0.001460,-0.005714,0.000009,0.999983,0.000001,0.019309,0.046944,-0.050099
10.400000,drone1,ekf,0.963768,-0.594901,1.841945,0.001462,-0.005748,0.000009,0.999982,0.000002,0.039934,0.021589,-0.032081
10.400000,drone3,ekf,0.962590,0.601444,1.822687,0.001462,-0.005748,0.000002,0.999982,-0.000013,0.023615,0.048339,-0.070909
10.400000,drone1,ekf,0.963393,-0.595313,1.841584,0.001462,-0.005748,0.000009,0.999982,0.000002,0.039387,0.020989,-0.032564
10.400000,drone2,ekf,0.956470,0.009760,1.837146,0.001461,-0.005749,0.000004,0.999982,-0.000009,0.019121,0.046236,-0.050026
10.420000,drone3,raw,0.954275,0.593702,1.815363,0.001464,-0.005834,0.000002,0.999982,-0.000013,-0.018873,-0.000746,-0.056532
10.420000,drone2,raw,0.953776,-0.006317,1.820234,0.001464,-0.005834,0.000007,0.999982,-0.000003,-0.018903,-0.000747,-0.056873
10.420000,drone1,raw,0.954314,-0.606292,1.811782,0.001464,-0.005834,0.000010,0.999982,0.000003,-0.018819,-0.000745,-0.056645
10.440000,drone3,raw,0.953912,0.593691,1.814125,0.001466,-0.005920,0.000003,0.999981,-0.000012,-0.018875,-0.000717,-0.059890
10.440000,drone2,raw,0.953412,-0.006327,1.818985,0.001466,-0.006093,0.000019,0.999980,0.000021,-0.018914,-0.000711,-0.,drone1,ekf,0.963768,-0,raw,0.953952,-0.606303,1.810543,0.001466,-0.005919,0.000010,0.999981,0.000003,-0.018821,-0.000717,-0.059980
10.452000,drone3,ekf,0.962902,0.604379,1.819005,0.001467,-0.005971,0.000003,0.999981,-0.000012,0.013856,0.063497,-0.078363
10.452000,drone2,ekf,0.956967,0.011838,1.833900,0.001466,-0.006093,0.000019,0.999980,0.000021,0.013281,0.051765,-0.063528
10.452000,drone1,ekf,0.965505,-0.593719,1.838260,0.001466,-0.005919,0.000010,0.999981,0.000003,0.050264,0.040005,-0.056807
10.452000,drone3,ekf,0.962493,0.604011,1.819399,0.001467,-0.005971,0.000003,0.999981,-0.000012,0.013260,0.062961,-0.077837
10.452000,drone2,ekf,0.956773,0.011223,1.833958,0.001466,-0.006093,0.000019,0.999980,0.000021,0.013018,0.050933,-0.063451
10.452000,drone1,ekf,0.965002,-0.594207,1.837890,0.001467,-0.005971,0.000010,0.999981,0.000003,0.049532,0.039294,-0.057302
10.452000,drone3,ekf,0.962113,0.603669,1.819767,0.001467,-0.005971,0.000003,0.999981,-0.000012,0.012707,0.062463,-0.077344
10.452000,drone1,ekf,0.964535,-0.594661,1.837543,0.001467,-0.005971,0.000010,0.999981,0.000003,0.048851,0.038634,-0.057766
10.452000,drone2,ekf,0.956591,0.010647,1.834012,0.001467,-0.006140,0.000007,0.999980,-0.000003,0.012773,0.050155,-0.063379
10.452000,drone1,ekf,0.964099,-0.595083,1.837218,0.001467,-0.005971,0.000010,0.999981,0.000003,0.048217,0.038018,-0.058200
10.452000,drone3,ekf,0.961759,0.603350,1.820112,0.001467,-0.005971,0.000003,0.999981,-0.000012,0.012191,0.061999,-0.076883
10.452000,drone2,ekf,0.956421,0.010108,1.834063,0.001467,-0.006140,0.000007,0.999980,-0.000003,0.012543,0.049427,-0.063311
10.460000,drone3,raw,0.953549,0.593682,1.812812,0.001468,-0.006005,0.000003,0.999981,-0.000012,-0.018906,-0.000690,-0.063550
10.460000,drone2,raw,0.953048,-0.006337,1.817666,0.001513,-0.006147,0.000008,0.999980,-0.000003,-0.018956,-0.000691,-0.063972
10.460000,drone1,raw,0.953590,-0.606312,1.809229,0.001468,-0.006005,0.000010,0.999981,0.000003,-0.018853,-0.000689,-0.063617
10.480000,drone2,raw,0.952685,-0.006346,1.816265,0.001467,-0.006203,-0.000004,0.999980,-0.000026,-0.019014,-0.000677,-0.067759
10.480000,drone1,raw,0.953228,-0.606321,1.807833,0.001469,-0.006090,0.000011,0.999980,0.000004,-0.018911,-0.000663,-0.067532
10.480000,drone3,raw,0.953186,0.593673,1.811417,0.001470,-0.006090,0.000003,0.999980,-0.000011,-0.018965,-0.000663,-0.067489
10.500000,drone3,raw,0.952822,0.593665,1.809936,0.001471,-0.006176,0.000004,0.999980,-0.000011,-0.019047,-0.000637,-0.071678
10.500000,drone2,raw,0.952321,-0.006354,1.814780,0.001468,-0.006283,0.000008,0.999979,-0.000002,-0.019094,-0.000638,-0.071914
10.500000,drone1,raw,0.952865,-0.606329,1.806352,0.001470,-0.006176,0.000011,0.999980,0.000004,-0.018994,-0.000637,-0.071696
10.500000,drone3,ekf,0.962125,0.605647,1.816443,0.001471,-0.006176,0.000004,0.999980,-0.000011,0.016190,0.056455,-0.084033
10.500000,drone2,ekf,0.957242,0.011599,1.830547,0.001468,-0.006251,0.000008,0.999979,-0.000002,0.021957,0.043705,-0.074396
10.500000,drone1,ekf,0.965905,-0.593217,1.832632,0.001470,-0.006142,0.000011,0.999980,0.000004,0.049014,0.049397,-0.089378
10.500000,drone2,ekf,0.957010,0.010994,1.830602,0.001468,-0.006251,0.000008,0.999979,-0.000002,0.021643,0.042887,-0.074322
10.500000,drone1,ekf,0.965359,-0.593721,1.832337,0.001470,-0.006142,0.000011,0.999980,0.000004,0.048220,0.048665,-0.089772
10.500000,drone3,ekf,0.961715,0.605234,1.816807,0.001471,-0.006176,0.000004,0.999980,-0.000011,0.015593,0.055855,-0.083547
10.500000,drone1,ekf,0.964851,-0.594189,1.832061,0.001470,-0.006176,0.000011,0.999980,0.000004,0.047482,0.047983,-0.090141
10.500000,drone2,ekf,0.956793,0.010428,1.830654,0.001468,-0.006283,0.000008,0.999979,-0.000002,0.021350,0.042122,-0.074253
10.500000,drone1,ekf,0.964378,-0.594626,1.831802,0.001470,-0.006176,0.000011,0.999980,0.000004,0.046793,0.047348,-0.090487
10.500000,drone3,ekf,0.961334,0.604851,1.817147,0.001471,-0.006176,0.000004,0.999980,-0.000011,0.015039,0.055298,-0.083092
10.500000,drone2,ekf,0.956590,0.009898,1.830702,0.001468,-0.006283,0.000008,0.999979,-0.000002,0.021075,0.041405,-0.074189
10.500000,drone3,ekf,0.960978,0.604493,1.817466,0.001471,-0.006176,0.000004,0.999980,-0.000011,0.014522,0.054778,-0.082666
10.520000,drone3,raw,0.952457,0.593657,1.808364,0.001472,-0.006262,0.000004,0.999979,-0.000011,-0.019150,-0.000612,-0.076080
10.520000,drone2,raw,0.951955,-0.006361,1.813205,0.001469,-0.006364,0.000020,0.999979,0.000022,-0.019196,-0.000600,-0.076281
10.520000,drone1,raw,0.952502,-0.606337,1.804781,0.001471,-0.006262,0.000011,0.999979,0.000004,-0.019096,-0.000611,-0.076074
10.540000,drone3,raw,0.952092,0.593651,1.806700,0.001472,-0.006348,0.000004,0.999979,-0.000010,-0.019268,-0.000587,-0.080653
10.540000,drone2,raw,0.951589,-0.006368,1.811537,0.001470,-0.006445,0.000009,0.999978,-0.000001,-0.019315,-0.000587,-0.080832
10.540000,drone1,raw,0.952137,-0.606343,1.803117,0.001472,-0.006348,0.000012,0.999979,0.000005,-0.019215,-0.000586,-0.080621
10.552000,drone2,ekf,0.957579,0.011838,1.826100,0.001470,-0.006445,0.000009,0.999978,-0.000001,0.024330,0.049160,-0.089673
10.552000,drone1,ekf,0.965691,-0.593094,1.825937,0.001472,-0.006348,0.000012,0.999979,0.000005,0.036280,0.039266,-0.108654
10.552000,drone3,ekf,0.960852,0.606887,1.813419,0.001473,-0.006400,0.000004,0.999978,-0.000010,0.005238,0.054853,-0.084029
10.552000,drone1,ekf,0.965116,-0.593605,1.825722,0.001472,-0.006348,0.000012,0.999979,0.000005,0.035444,0.038523,-0.108942
10.552000,drone3,ekf,0.960451,0.606427,1.813743,0.001473,-0.006400,0.000004,0.999978,-0.000010,0.004656,0.054184,-0.083596
10.552000,drone2,ekf,0.957302,0.011221,1.826161,0.001471,-0.006494,0.000021,0.999978,0.000022,0.023955,0.048325,-0.089592
10.552000,drone1,ekf,0.964581,-0.594080,1.825520,0.001472,-0.006400,0.000012,0.999978,0.000005,0.034667,0.037832,-0.109211
10.552000,drone1,ekf,0.964083,-0.594523,1.825331,0.001472,-0.006400,0.000012,0.999978,0.000005,0.033943,0.037189,-0.109464
10.552000,drone3,ekf,0.960079,0.605999,1.814045,0.001473,-0.006400,0.000004,0.999978,-0.000010,0.004116,0.053562,-0.083192
10.552000,drone2,ekf,0.957043,0.010644,1.826218,0.001471,-0.006494,0.000021,0.999978,0.000022,0.023605,0.047545,-0.089516
10.552000,drone3,ekf,0.959732,0.605600,1.814329,0.001473,-0.006400,0.000004,0.999978,-0.000010,0.003612,0.052983,-0.082813
10.552000,drone2,ekf,0.956800,0.010103,1.826271,0.001471,-0.006494,0.000021,0.999978,0.000022,0.023277,0.046815,-0.089445
10.560000,drone2,raw,0.951222,-0.006374,1.809774,0.001471,-0.006527,-0.000003,0.999978,-0.000025,-0.019446,-0.000574,-0.085507
10.560000,drone1,raw,0.951771,-0.606349,1.801359,0.001472,-0.006435,0.000012,0.999978,0.000005,-0.019346,-0.000562,-0.085293
10.560000,drone3,raw,0.951725,0.593645,1.804941,0.001473,-0.006435,0.000005,0.999978,-0.000010,-0.019399,-0.000562,-0.085350
10.580000,drone3,raw,0.951357,0.593640,1.803085,0.001473,-0.006521,0.000005,0.999978,-0.000010,-0.019536,-0.000538,-0.090122
10.580000,drone2,raw,0.950853,-0.006379,1.807917,0.001471,-0.006609,0.000009,0.999977,-0.000001,-0.019583,-0.000538,-0.090257
10.580000,drone1,raw,0.951404,-0.606354,1.799506,0.001473,-0.006521,0.000012,0.999978,0.000006,-0.019483,-0.000538,-0.090039
10.600000,drone1,raw,0.951036,-0.606358,1.797557,0.001473,-0.006609,0.000013,0.999977,0.000006,-0.019622,-0.000514,-0.094809
10.600000,drone3,raw,0.950988,0.593635,1.801134,0.001473,-0.006609,0.000005,0.999977,-0.000009,-0.019675,-0.000514,-0.094919
10.600000,drone1,ekf,0.964504,-0.593641,1.819497,0.001473,-0.006574,0.000013,0.999977,0.000006,0.020479,0.028588,-0.118395
10.600000,drone2,ekf,0.957955,0.012639,1.820903,0.001471,-0.006659,-0.000002,0.999977,-0.000024,0.030695,0.066228,-0.113564
10.600000,drone3,ekf,0.960218,0.607471,1.809925,0.001473,-0.006574,0.000005,0.999977,-0.000009,0.018610,0.048978,-0.097748
10.600000,drone1,ekf,0.963943,-0.594129,1.819347,0.001473,-0.006574,0.000013,0.999977,0.000006,0.019666,0.027879,-0.118596
10.600000,drone2,ekf,0.957636,0.011998,1.820985,0.001471,-0.006659,-0.000002,0.999977,-0.000024,0.030265,0.065361,-0.113454
10.600000,drone3,ekf,0.959811,0.606992,1.810213,0.001473,-0.006609,0.000005,0.999977,-0.000009,0.018019,0.048283,-0.097364
10.600000,dro-0.006379,1.807917,0.00147,1.819206,0.001473,-0.006609,0.000013,0.999977,0.000006,0.018909,0.027219,-0.118784
10.600000,drone3,ekf,0.959432,0.606547,1.810482,0.001473,-0.006609,0.000005,0.999977,-0.000009,0.017470,0.047636,-0.097004
10.600000,drone2,ekf,0.957339,0.011398,1.821063,0.001471,-0.006692,0.000021,0.999977,0.000023,0.029862,0.064550,-0.113350
10.600000,drone1,ekf,0.962936,-0.595007,1.819074,0.001473,-0.006609,0.000013,0.999977,0.000006,0.018203,0.026605,-0.118960
10.600000,drone3,ekf,0.959080,0.606132,1.810734,0.001473,-0.006609,0.000005,0.999977,-0.000009,0.016957,0.047034,-0.096667
10.600000,drone2,ekf,0.957060,0.010836,1.821135,0.001471,-0.006692,0.000021,0.999977,0.000023,0.029485,0.063790,-0.113253
10.600000,drone2,raw,0.950483,-0.006383,1.805963,0.001471,-0.006692,0.000021,0.999977,0.000023,-0.019723,-0.000502,-0.095032
10.620000,drone3,raw,0.950617,0.593632,1.799088,0.001473,-0.006696,0.000005,0.999976,-0.000009,-0.019811,-0.000491,-0.099688
10.620000,drone1,raw,0.950667,-0.606362,1.795514,0.001472,-0.006696,0.000013,0.999976,0.000006,-0.019758,-0.000490,-0.099552
10.620000,drone2,raw,0.950112,-0.006387,1.803915,0.001471,-0.006776,0.000010,0.999976,0.000000,-0.019859,-0.000490,-0.099779
10.640000,drone2,raw,0.949741,-0.006390,1.801775,0.001470,-0.006859,-0.000001,0.999975,-0.000023,-0.019987,-0.000477,-0.104450
10.640000,drone3,raw,0.950246,0.593629,1.796949,0.001472,-0.006784,0.000006,0.999976,-0.000008,-0.019939,-0.000467,-0.104379
10.640000,drone1,raw,0.950296,-0.606365,1.793378,0.001472,-0.006784,0.000013,0.999976,0.000007,-0.019886,-0.000466,-0.104216
10.652000,drone1,ekf,0.963514,-0.594378,1.812567,0.001472,-0.006784,0.000013,0.999976,0.000007,0.021908,0.020989,-0.123147
10.652000,drone3,ekf,0.960183,0.608350,1.804773,0.001471,-0.006837,0.000006,0.999976,-0.000008,0.029711,0.052482,-0.119948
10.652000,drone2,ekf,0.958211,0.012965,1.815035,0.001470,-0.006859,-0.000001,0.999975,-0.000023,0.029063,0.053533,-0.119131
10.652000,drone1,ekf,0.962952,-0.594842,1.812464,0.001472,-0.006784,0.000013,0.999976,0.000007,0.021092,0.020316,-0.123286
10.652000,drone3,ekf,0.959740,0.607836,1.805050,0.001471,-0.006837,0.000006,0.999976,-0.000008,0.029068,0.051737,-0.119578
10.652000,drone2,ekf,0.957849,0.012309,1.815130,0.001470,-0.006859,-0.000001,0.999975,-0.000023,0.028575,0.052645,-0.119004
10.652000,drone1,ekf,0.962429,-0.595273,1.812367,0.001471,-0.006837,0.000013,0.999976,0.000007,0.020334,0.019690,-0.123415
10.652000,drone1,ekf,0.961941,-0.595676,1.812276,0.001471,-0.006837,0.000013,0.999976,0.000007,0.019627,0.019106,-0.123536
10.652000,drone2,ekf,0.957511,0.011695,1.815219,0.001470,-0.006910,0.000011,0.999975,0.000001,0.028118,0.051816,-0.118885
10.652000,drone3,ekf,0.959328,0.607359,1.805309,0.001471,-0.006837,0.000006,0.999976,-0.000008,0.028471,0.051045,-0.119232
10.652000,drone2,ekf,0.957195,0.011120,1.815302,0.001470,-0.006910,0.000011,0.999975,0.000001,0.027690,0.051039,-0.118774
10.652000,drone3,ekf,0.958944,0.606914,1.805552,0.001471,-0.006837,0.000006,0.999976,-0.000008,0.027914,0.050400,-0.118907
10.660000,drone2,raw,0.949368,-0.006391,1.799545,0.001469,-0.006943,0.000011,0.999975,0.000001,-0.020103,-0.000441,-0.108995
10.660000,drone3,raw,0.949874,0.593627,1.794719,0.001471,-0.006872,0.000006,0.999975,-0.000008,-0.020055,-0.000442,-0.108945
10.660000,drone1,raw,0.949926,-0.606367,1.791153,0.001471,-0.006872,0.000014,0.999975,0.000007,-0.020003,-0.000442,-0.108755
10.680000,drone3,raw,0.949502,0.593626,1.792404,0.001470,-0.006959,0.000006,0.999975,-0.000008,-0.020155,-0.000417,-0.113342
10.680000,drone2,raw,0.948996,-0.006392,1.797229,0.001468,-0.007028,0.000023,0.999974,0.000025,-0.020203,-0.000405,-0.113371
10.680000,drone1,raw,0.949555,-0.606368,1.788842,0.001469,-0.006959,0.000014,0.999975,0.000007,-0.020103,-0.000417,-0.113124
10.700000,drone3,raw,0.949131,0.593625,1.790007,0.001468,-0.007047,0.000007,0.999974,-0.000007,-0.020235,-0.000392,-0.117531
10.700000,drone3,ekf,0.959540,0.609608,1.799654,0.001469,-0.007012,0.000007,0.999974,-0.000008,0.021804,0.067725,-0.128286
10.700000,drone1,raw,0.949184,-0.606369,1.786451,0.001468,-0.007047,0.000014,0.999974,0.000008,-0.020182,-0.000391,-0.117285
10.700000,drone1,ekf,0.961530,-0.594860,1.805909,0.001469,-0.007012,0.000014,0.999974,0.000008,0.002277,0.026254,-0.131234
10.700000,drone2,raw,0.948623,-0.006393,1.794832,0.001467,-0.007112,0.000011,0.999974,0.000002,-0.020283,-0.000390,-0.117539
10.700000,drone3,ekf,0.959091,0.609053,1.799913,0.001468,-0.007047,0.000007,0.999974,-0.000007,0.021153,0.066920,-0.127939
10.700000,drone1,ekf,0.961011,-0.595304,1.805841,0.001468,-0.007047,0.000014,0.999974,0.000008,0.001525,0.025611,-0.131325
10.700000,drone3,ekf,0.958673,0.608536,1.800155,0.001468,-0.007047,0.000007,0.999974,-0.000007,0.020547,0.066171,-0.127616
10.700000,drone2,ekf,0.957513,0.013235,1.809528,0.001467,-0.007078,0.000011,0.999974,0.000002,0.014284,0.057884,-0.122192
10.700000,drone1,ekf,0.960528,-0.595716,1.805778,0.001468,-0.007047,0.000014,0.999974,0.000008,0.000824,0.025013,-0.131409
10.700000,drone3,ekf,0.958284,0.608054,1.800382,0.001468,-0.007047,0.000007,0.999974,-0.000007,0.019982,0.065473,-0.127312
10.700000,drone2,ekf,0.957146,0.012573,1.809619,0.001467,-0.007078,0.000011,0.999974,0.000002,0.013789,0.056989,-0.122070
10.700000,drone1,ekf,0.960077,-0.596101,1.805718,0.001468,-0.007047,0.000014,0.999974,0.000008,0.000172,0.024455,-0.131489
10.700000,drone2,ekf,0.956804,0.011954,1.809704,0.001467,-0.007112,0.000011,0.999974,0.000002,0.013325,0.056152,-0.121957
10.700000,drone2,ekf,0.956483,0.011374,1.809784,0.001467,-0.007112,0.000011,0.999974,0.000002,0.012891,0.055367,-0.121850
10.720000,drone3,raw,0.948759,0.593625,1.787534,0.001467,-0.007135,0.000007,0.999973,-0.000007,-0.020292,-0.000366,-0.121478
10.720000,drone2,raw,0.948251,-0.006393,1.792359,0.001465,-0.007196,-0.000000,0.999973,-0.000022,-0.020339,-0.000376,-0.121466
10.720000,drone1,raw,0.948814,-0.606369,1.783983,0.001466,-0.007135,0.000014,0.999973,0.000008,-0.020240,-0.000365,-0.121204
10.740000,drone3,raw,0.948389,0.593626,1.784990,0.001465,-0.007222,0.000007,0.999973,-0.000007,-0.020323,-0.000339,-0.125157
10.740000,drone2,raw,0.947881,-0.006392,1.789816,0.001463,-0.007280,0.000012,0.999972,0.000002,-0.020370,-0.000337,-0.125125
10.740000,drone1,raw,0.948444,-0.606368,1.781446,0.001464,-0.007221,0.000015,0.999973,0.000008,-0.020271,-0.000338,-0.124854
10.752000,drone3,ekf,0.960879,0.610951,1.794135,0.001463,-0.007273,0.000007,0.999972,-0.000007,0.060180,0.067351,-0.124455
10.752000,drone2,ekf,0.957679,0.014058,1.802852,0.001463,-0.007280,0.000012,0.999972,0.000002,0.030816,0.064933,-0.135125
10.752000,drone1,ekf,0.960323,-0.595371,1.797560,0.001463,-0.007273,0.000015,0.999972,0.000009,0.014569,0.022232,-0.156732
10.752000,drone1,ekf,0.959810,-0.595798,1.797552,0.001463,-0.007273,0.000015,0.999972,0.000009,0.013826,0.021614,-0.156743
10.752000,drone3,ekf,0.960344,0.610345,1.794360,0.001463,-0.007273,0.000007,0.999972,-0.000007,0.059405,0.066472,-0.124154
10.752000,drone2,ekf,0.957272,0.013365,1.802946,0.001463,-0.007280,0.000012,0.999972,0.000002,0.030265,0.063995,-0.134998
10.752000,drone1,ekf,0.959333,-0.596195,1.797544,0.001463,-0.007273,0.000015,0.999972,0.000009,0.013135,0.021039,-0.156754
10.752000,drone2,ekf,0.956892,0.012716,1.803035,0.001462,-0.007330,0.000000,0.999972,-0.000021,0.029751,0.063118,-0.134880
10.752000,drone3,ekf,0.959847,0.609780,1.794571,0.001463,-0.007273,0.000007,0.999972,-0.000007,0.058684,0.065655,-0.123873
10.752000,drone1,ekf,0.958889,-0.596565,1.797537,0.001463,-0.007273,0.000015,0.999972,0.000009,0.012491,0.020502,-0.156763
10.752000,drone2,ekf,0.956536,0.012109,1.803118,0.001462,-0.007330,0.000000,0.999972,-0.000021,0.029269,0.062297,-0.134769
10.752000,drone3,ekf,0.959383,0.609254,1.794768,0.001463,-0.007273,0.000007,0.999972,-0.000007,0.058012,0.064893,-0.123610
10.760000,drone3,raw,0.948021,0.593628,1.782381,0.001462,-0.007308,0.000007,0.999972,-0.000006,-0.020327,-0.000311,-0.128548
10.760000,drone2,raw,0.947511,-0.006390,1.787208,0.001461,-0.007364,0.000024,0.999972,0.000026,-0.020374,-0.000297,-0.128496
10.760000,drone1,raw,0.948077,-0.606366,1.77884,-0.007273,0.000007,00.000015,0.999972,0.000009,-0.020276,-0.000310,-0.128217
10.780000,drone2,raw,0.947144,-0.006388,1.784542,0.001458,-0.007447,0.000012,0.999971,0.000003,-0.020349,-0.000280,-0.131567
10.780000,drone1,raw,0.947711,-0.606364,1.776183,0.001459,-0.007393,0.000015,0.999972,0.000009,-0.020252,-0.000281,-0.131279
10.780000,drone3,raw,0.947654,0.593631,1.779713,0.001460,-0.007393,0.000008,0.999972,-0.000006,-0.020303,-0.000282,-0.131640
10.800000,drone3,raw,0.947290,0.593634,1.776992,0.001457,-0.007478,0.000008,0.999971,-0.000006,-0.020250,-0.000252,-0.134427
10.800000,drone2,raw,0.946780,-0.006385,1.781823,0.001456,-0.007529,0.000001,0.999971,-0.000020,-0.020295,-0.000261,-0.134336
10.800000,drone1,raw,0.947348,-0.606360,1.773471,0.001457,-0.007478,0.000016,0.999971,0.000009,-0.020200,-0.000252,-0.134038
10.800000,drone1,ekf,0.958347,-0.595720,1.789913,0.001458,-0.007444,0.000015,0.999971,0.000009,-0.001471,0.026213,-0.159512
10.800000,drone2,ekf,0.957887,0.014871,1.796561,0.001457,-0.007496,0.000024,0.999971,0.000027,0.037381,0.072519,-0.138484
10.800000,drone3,ekf,0.961936,0.612178,1.788101,0.001457,-0.007478,0.000008,0.999971,-0.000006,0.065773,0.074427,-0.143299
10.800000,drone2,ekf,0.957446,0.014154,1.796650,0.001456,-0.007529,0.000001,0.999971,-0.000020,0.036784,0.071549,-0.138365
10.800000,drone1,ekf,0.957876,-0.596131,1.789946,0.001458,-0.007444,0.000015,0.999971,0.000009,-0.002151,0.025618,-0.159469
10.800000,drone3,ekf,0.961334,0.611531,1.788311,0.001457,-0.007478,0.000008,0.999971,-0.000006,0.064902,0.073491,-0.143018
10.800000,drone2,ekf,0.957033,0.013483,1.796734,0.001456,-0.007529,0.000001,0.999971,-0.000020,0.036225,0.070642,-0.138253
10.800000,drone3,ekf,0.960775,0.610929,1.788508,0.001457,-0.007478,0.000008,0.999971,-0.000006,0.064092,0.072620,-0.142755
10.800000,drone1,ekf,0.957439,-0.596514,1.789976,0.001458,-0.007444,0.000015,0.999971,0.000009,-0.002784,0.025064,-0.159428
10.800000,drone2,ekf,0.956646,0.012855,1.796812,0.001456,-0.007529,0.000001,0.999971,-0.000020,0.035702,0.069792,-0.138148
10.800000,drone3,ekf,0.960252,0.610368,1.788692,0.001457,-0.007478,0.000008,0.999971,-0.000006,0.063336,0.071808,-0.142509
10.800000,drone1,ekf,0.957031,-0.596871,1.790005,0.001457,-0.007478,0.000016,0.999971,0.000009,-0.003374,0.024547,-0.159389
10.820000,drone3,raw,0.946930,0.593638,1.774225,0.001454,-0.007562,0.000008,0.999970,-0.000005,-0.020170,-0.000221,-0.136915
10.820000,drone1,raw,0.946988,-0.606357,1.770712,0.001454,-0.007562,0.000016,0.999970,0.000010,-0.020120,-0.000221,-0.136496
10.820000,drone2,raw,0.946418,-0.006381,1.779058,0.001453,-0.007610,0.000013,0.999970,0.000004,-0.020214,-0.000219,-0.136804
10.840000,drone1,raw,0.946632,-0.606352,1.767913,0.001450,-0.007644,0.000016,0.999970,0.000010,-0.020013,-0.000189,-0.138665
10.840000,drone3,raw,0.946572,0.593642,1.771416,0.001451,-0.007644,0.000009,0.999970,-0.000005,-0.020062,-0.000190,-0.139114
10.840000,drone2,raw,0.946060,-0.006376,1.776252,0.001449,-0.007690,0.000025,0.999969,0.000027,-0.020106,-0.000175,-0.138983
10.852000,drone3,ekf,0.963351,0.613074,1.781560,0.001451,-0.007644,0.000009,0.999970,-0.000005,0.072815,0.065112,-0.140740
10.852000,drone2,ekf,0.958377,0.015165,1.789602,0.001449,-0.007690,0.000025,0.999969,0.000027,0.042733,0.058434,-0.140177
10.852000,drone1,ekf,0.956567,-0.595938,1.782537,0.001450,-0.007644,0.000016,0.999970,0.000010,-0.000463,0.025700,-0.144331
10.852000,drone2,ekf,0.957885,0.014434,1.789682,0.001449,-0.007690,0.000025,0.999969,0.000027,0.042066,0.057445,-0.140071
10.852000,drone1,ekf,0.956125,-0.596343,1.782573,0.001450,-0.007644,0.000016,0.999970,0.000010,-0.001101,0.025114,-0.144281
10.852000,drone3,ekf,0.962661,0.612392,1.781747,0.001448,-0.007693,0.000009,0.999969,-0.000005,0.071817,0.064126,-0.140490
10.852000,drone2,ekf,0.957424,0.013751,1.789756,0.001447,-0.007737,0.000013,0.999969,0.000004,0.041444,0.056521,-0.139972
10.852000,drone1,ekf,0.955715,-0.596720,1.782608,0.001448,-0.007693,0.000016,0.999969,0.000010,-0.001695,0.024569,-0.144235
10.852000,drone3,ekf,0.962019,0.611757,1.781922,0.001448,-0.007693,0.000009,0.999969,-0.000005,0.070889,0.063209,-0.140257
10.852000,drone2,ekf,0.956993,0.013111,1.789826,0.001447,-0.007737,0.000013,0.999969,0.000004,0.040861,0.055656,-0.139879
10.852000,drone1,ekf,0.955332,-0.597071,1.782640,0.001448,-0.007693,0.000016,0.999969,0.000010,-0.002249,0.024062,-0.144192
10.852000,drone3,ekf,0.961421,0.611166,1.782085,0.001448,-0.007693,0.000009,0.999969,-0.000005,0.070024,0.062354,-0.140038
10.860000,drone1,raw,0.946279,-0.606346,1.765078,0.001447,-0.007725,0.000016,0.999969,0.000010,-0.019882,-0.000157,-0.140564
10.860000,drone3,raw,0.946219,0.593648,1.768572,0.001447,-0.007725,0.000009,0.999969,-0.000005,-0.019930,-0.000157,-0.141042
10.860000,drone2,raw,0.945706,-0.006370,1.773411,0.001446,-0.007768,0.000013,0.999969,0.000005,-0.019973,-0.000154,-0.140892
10.880000,drone2,raw,0.945356,-0.006364,1.770538,0.001442,-0.007846,0.000002,0.999968,-0.000019,-0.019817,-0.000132,-0.142555
10.880000,drone1,raw,0.945931,-0.606340,1.762212,0.001443,-0.007804,0.000017,0.999969,0.000011,-0.019728,-0.000123,-0.142216
10.880000,drone3,raw,0.945870,0.593654,1.765696,0.001443,-0.007804,0.000009,0.999969,-0.000004,-0.019775,-0.000124,-0.142724
10.900000,drone3,raw,0.945525,0.593661,1.762793,0.001439,-0.007882,0.000009,0.999968,-0.000004,-0.019601,-0.000090,-0.144191
10.900000,drone2,raw,0.945011,-0.006357,1.767639,0.001438,-0.007922,0.000014,0.999968,0.000005,-0.019642,-0.000086,-0.144002
10.900000,drone3,ekf,0.964051,0.613561,1.775250,0.001439,-0.007882,0.000009,0.999968,-0.000004,0.070275,0.064409,-0.145847
10.900000,drone1,raw,0.945587,-0.606333,1.759320,0.001438,-0.007882,0.000017,0.999968,0.000011,-0.019555,-0.000089,-0.143652
10.900000,drone1,ekf,0.954595,-0.596182,1.775516,0.001440,-0.007851,0.000017,0.999968,0.000011,-0.007029,0.026744,-0.149283
10.900000,drone2,ekf,0.959166,0.014943,1.783900,0.001439,-0.007891,0.000014,0.999968,0.000005,0.056640,0.053180,-0.124268
10.900000,drone1,ekf,0.954197,-0.596575,1.775557,0.001438,-0.007882,0.000017,0.999968,0.000011,-0.007604,0.026176,-0.149228
10.900000,drone3,ekf,0.963310,0.612866,1.775416,0.001439,-0.007882,0.000009,0.999968,-0.000004,0.069205,0.063405,-0.145626
10.900000,drone3,ekf,0.962621,0.612220,1.775571,0.001439,-0.007882,0.000009,0.999968,-0.000004,0.068208,0.062471,-0.145420
10.900000,drone2,ekf,0.958621,0.014224,1.783938,0.001438,-0.007922,0.000014,0.999968,0.000005,0.055903,0.052208,-0.124216
10.900000,drone1,ekf,0.953827,-0.596940,1.775595,0.001438,-0.007882,0.000017,0.999968,0.000011,-0.008139,0.025648,-0.149177
10.900000,drone3,ekf,0.961978,0.611617,1.775716,0.001439,-0.007882,0.000009,0.999968,-0.000004,0.067279,0.061600,-0.145226
10.900000,drone1,ekf,0.953482,-0.597281,1.775631,0.001438,-0.007882,0.000017,0.999968,0.000011,-0.008638,0.025155,-0.149129
10.900000,drone2,ekf,0.958112,0.013552,1.783974,0.001438,-0.007922,0.000014,0.999968,0.000005,0.055214,0.051298,-0.124168
10.900000,drone2,ekf,0.957635,0.012922,1.784008,0.001438,-0.007922,0.000014,0.999968,0.000005,0.054568,0.050446,-0.124122
10.920000,drone3,raw,0.945185,0.593668,1.759865,0.001434,-0.007959,0.000010,0.999967,-0.000004,-0.019412,-0.000055,-0.145476
10.920000,drone2,raw,0.944671,-0.006349,1.764716,0.001433,-0.007996,0.000026,0.999967,0.000029,-0.019451,-0.000040,-0.145269
10.920000,drone1,raw,0.945248,-0.606326,1.756405,0.001434,-0.007959,0.000017,0.999967,0.000011,-0.019366,-0.000055,-0.144908
10.940000,drone3,raw,0.944850,0.593677,1.756916,0.001430,-0.008033,0.000010,0.999967,-0.000003,-0.019210,-0.000020,-0.146620
10.940000,drone2,raw,0.944335,-0.006341,1.761772,0.001429,-0.008069,0.000014,0.999966,0.000006,-0.019248,-0.000016,-0.146393
10.940000,drone1,raw,0.944913,-0.606318,1.753468,0.001429,-0.008033,0.000017,0.999967,0.000012,-0.019165,-0.000020,-0.146021
10.952000,drone2,ekf,0.960917,0.014050,1.778106,0.001425,-0.008112,0.000026,0.999966,0.000029,0.075334,0.034949,-0.113072
10.952000,drone3,ekf,0.964988,0.614124,1.767606,0.001427,-0.008077,0.000010,0.999966,-0.000003,0.073435,0.061956,-0.159133
10.952000,drone1,ekf,0.952743,-0.595932,1.767794,0.001426,-0,0.999968,0.000005,0.0552,0.000012,-0.007218,0.033681,-0.151563
10.952000,drone2,ekf,0.960280,0.013358,1.778083,0.001425,-0.008112,0.000026,0.999966,0.000029,0.074472,0.034013,-0.113103
10.952000,drone2,ekf,0.959685,0.012711,1.778061,0.001425,-0.008112,0.000026,0.999966,0.000029,0.073667,0.033138,-0.113132
10.952000,drone3,ekf,0.964178,0.613406,1.767772,0.001427,-0.008077,0.000010,0.999966,-0.000003,0.072264,0.060920,-0.158912
10.952000,drone1,ekf,0.952379,-0.596335,1.767838,0.001426,-0.008077,0.000017,0.999966,0.000012,-0.007744,0.033099,-0.151503
10.952000,drone2,ekf,0.959128,0.012105,1.778041,0.001425,-0.008112,0.000026,0.999966,0.000029,0.072912,0.032319,-0.113159
10.952000,drone3,ekf,0.963424,0.612739,1.767927,0.001427,-0.008077,0.000010,0.999966,-0.000003,0.071176,0.059956,-0.158705
10.952000,drone1,ekf,0.952040,-0.596710,1.767880,0.001426,-0.008077,0.000017,0.999966,0.000012,-0.008233,0.032558,-0.151448
10.952000,drone3,ekf,0.962721,0.612116,1.768073,0.001427,-0.008077,0.000010,0.999966,-0.000003,0.070161,0.059058,-0.158510
10.952000,drone1,ekf,0.951724,-0.597060,1.767919,0.001426,-0.008077,0.000017,0.999966,0.000012,-0.008690,0.032053,-0.151396
10.960000,drone3,raw,0.944520,0.593686,1.753947,0.001425,-0.008106,0.000010,0.999966,-0.000003,-0.019000,0.000015,-0.147662
10.960000,drone2,raw,0.944004,-0.006332,1.758808,0.001424,-0.008140,0.000003,0.999966,-0.000017,-0.019037,0.000008,-0.147417
10.960000,drone1,raw,0.944584,-0.606308,1.750512,0.001424,-0.008106,0.000018,0.999966,0.000012,-0.018956,0.000016,-0.147032
10.980000,drone3,raw,0.944195,0.593696,1.750959,0.001419,-0.008177,0.000010,0.999966,-0.000003,-0.018787,0.000051,-0.148645
10.980000,drone1,raw,0.944260,-0.606299,1.747537,0.001419,-0.008177,0.000018,0.999966,0.000012,-0.018744,0.000051,-0.147985
10.980000,drone2,raw,0.943679,-0.006322,1.755825,0.001418,-0.008209,0.000015,0.999965,0.000007,-0.018823,0.000055,-0.148382
11.000000,drone3,raw,0.943875,0.593706,1.747951,0.001414,-0.008246,0.000010,0.999965,-0.000003,-0.018575,0.000087,-0.149612
11.000000,drone1,raw,0.943940,-0.606288,1.744544,0.001413,-0.008246,0.000018,0.999965,0.000013,-0.018532,0.000087,-0.148922
11.000000,drone3,ekf,0.965548,0.614428,1.760593,0.001416,-0.008219,0.000010,0.999965,-0.000003,0.076731,0.063270,-0.159155
11.000000,drone3,ekf,0.964695,0.613705,1.760752,0.001414,-0.008246,0.000010,0.999965,-0.000003,0.075499,0.062227,-0.158942
11.000000,drone1,ekf,0.951405,-0.595567,1.760818,0.001416,-0.008219,0.000018,0.999965,0.000013,0.000500,0.039728,-0.148731
11.000000,drone2,ekf,0.961981,0.012894,1.772686,0.001415,-0.008250,0.000003,0.999965,-0.000017,0.073963,0.029988,-0.109862
11.000000,drone3,ekf,0.963901,0.613032,1.760901,0.001414,-0.008246,0.000010,0.999965,-0.000003,0.074353,0.061256,-0.158743
11.000000,drone2,raw,0.943358,-0.006311,1.752823,0.001413,-0.008277,0.000027,0.999965,0.000030,-0.018609,0.000102,-0.149330
11.000000,drone3,ekf,0.963160,0.612405,1.761041,0.001414,-0.008246,0.000010,0.999965,-0.000003,0.073285,0.060350,-0.158556
11.000000,drone2,ekf,0.961285,0.012246,1.772605,0.001415,-0.008250,0.000003,0.999965,-0.000017,0.073022,0.029110,-0.109971
11.000000,drone1,ekf,0.951063,-0.595980,1.760856,0.001416,-0.008219,0.000018,0.999965,0.000013,0.000006,0.039132,-0.148680
11.000000,drone2,ekf,0.960635,0.011639,1.772529,0.001413,-0.008277,0.000027,0.999965,0.000030,0.072142,0.028290,-0.110073
11.000000,drone1,ekf,0.950745,-0.596364,1.760892,0.001413,-0.008246,0.000018,0.999965,0.000013,-0.000453,0.038578,-0.148632
11.000000,drone2,ekf,0.960025,0.011071,1.772457,0.001413,-0.008277,0.000027,0.999965,0.000030,0.071318,0.027521,-0.110168
11.000000,drone1,ekf,0.950448,-0.596722,1.760925,0.001413,-0.008246,0.000018,0.999965,0.000013,-0.000881,0.038061,-0.148587
11.020000,drone3,raw,0.943560,0.593718,1.744924,0.001408,-0.008314,0.000011,0.999964,-0.000002,-0.018367,0.000123,-0.150605
11.020000,drone2,raw,0.943043,-0.006300,1.749801,0.001407,-0.008343,0.000015,0.999964,0.000007,-0.018400,0.000127,-0.150305
11.020000,drone1,raw,0.943626,-0.606277,1.741531,0.001408,-0.008314,0.000018,0.999964,0.000013,-0.018325,0.000123,-0.149884
11.040000,drone3,raw,0.943250,0.593730,1.741874,0.001402,-0.008380,0.000011,0.999964,-0.000002,-0.018168,0.000158,-0.151661
11.040000,drone1,raw,0.943316,-0.606265,1.738496,0.001402,-0.008380,0.000018,0.999964,0.000013,-0.018127,0.000159,-0.150910
11.040000,drone2,raw,0.942732,-0.006288,1.746758,0.001401,-0.008408,0.000004,0.999964,-0.000016,-0.018200,0.000151,-0.151343
11.052000,drone3,ekf,0.965857,0.614561,1.752725,0.001398,-0.008419,0.000011,0.999964,-0.000002,0.069088,0.055476,-0.162956
11.052000,drone2,ekf,0.964891,0.011711,1.765403,0.001401,-0.008408,0.000004,0.999964,-0.000016,0.109399,0.024030,-0.133702
11.052000,drone1,ekf,0.949417,-0.594528,1.752525,0.001402,-0.008380,0.000018,0.999964,0.000013,-0.014045,0.050852,-0.162553
11.052000,drone3,ekf,0.964959,0.613831,1.752884,0.001398,-0.008419,0.000011,0.999964,-0.000002,0.067793,0.054423,-0.162744
11.052000,drone2,ekf,0.964065,0.011100,1.765300,0.001401,-0.008408,0.000004,0.999964,-0.000016,0.108281,0.023203,-0.133839
11.052000,drone3,ekf,0.964123,0.613152,1.753032,0.001398,-0.008419,0.000011,0.999964,-0.000002,0.066589,0.053443,-0.162546
11.052000,drone1,ekf,0.949116,-0.594979,1.752577,0.001402,-0.008380,0.000018,0.999964,0.000013,-0.014479,0.050201,-0.162483
11.052000,drone2,ekf,0.963293,0.010529,1.765204,0.001397,-0.008446,0.000016,0.999963,0.000008,0.107237,0.022430,-0.133967
11.052000,drone3,ekf,0.963344,0.612519,1.753171,0.001398,-0.008419,0.000011,0.999964,-0.000002,0.065465,0.052530,-0.162361
11.052000,drone2,ekf,0.962571,0.009994,1.765115,0.001397,-0.008446,0.000016,0.999963,0.000008,0.106259,0.021706,-0.134087
11.052000,drone1,ekf,0.948836,-0.595399,1.752626,0.001398,-0.008419,0.000018,0.999964,0.000013,-0.014883,0.049596,-0.162418
11.052000,drone1,ekf,0.948575,-0.595791,1.752672,0.001398,-0.008419,0.000018,0.999964,0.000013,-0.015259,0.049031,-0.162356
11.060000,drone3,raw,0.942943,0.593743,1.738800,0.001396,-0.008445,0.000011,0.999963,-0.000002,-0.017982,0.000194,-0.152818
11.060000,drone1,raw,0.943010,-0.606252,1.735438,0.001395,-0.008445,0.000019,0.999963,0.000014,-0.017941,0.000194,-0.152036
11.060000,drone2,raw,0.942425,-0.006275,1.743691,0.001395,-0.008471,0.000016,0.999963,0.000008,-0.018013,0.000198,-0.152482
11.080000,drone3,raw,0.942641,0.593756,1.735698,0.001389,-0.008508,0.000011,0.999963,-0.000001,-0.017812,0.000229,-0.154107
11.080000,drone1,raw,0.942709,-0.606238,1.732353,0.001389,-0.008508,0.000019,0.999963,0.000014,-0.017772,0.000229,-0.153295
11.080000,drone2,raw,0.942122,-0.006261,1.740597,0.001388,-0.008533,0.000027,0.999963,0.000031,-0.017842,0.000245,-0.153753
11.100000,drone3,raw,0.942343,0.593770,1.732566,0.001382,-0.008569,0.000011,0.999962,-0.000001,-0.017659,0.000264,-0.155555
11.100000,drone1,raw,0.942411,-0.606224,1.729238,0.001382,-0.008569,0.000019,0.999962,0.000014,-0.017620,0.000264,-0.154712
11.100000,drone1,ekf,0.948088,-0.594426,1.745162,0.001384,-0.008545,0.000019,0.999963,0.000014,-0.004347,0.037845,-0.157510
11.100000,drone3,ekf,0.965596,0.613259,1.745141,0.001382,-0.008569,0.000011,0.999962,-0.000001,0.065897,0.029591,-0.170649
11.100000,drone2,raw,0.941823,-0.006247,1.737472,0.001381,-0.008593,0.000016,0.999962,0.000008,-0.017689,0.000268,-0.155183
11.100000,drone2,ekf,0.967657,0.010537,1.758419,0.001384,-0.008569,0.000016,0.999962,0.000008,0.125570,0.023147,-0.137044
11.100000,drone3,ekf,0.964687,0.612582,1.745303,0.001382,-0.008569,0.000011,0.999962,-0.000001,0.064587,0.028614,-0.170433
11.100000,drone2,ekf,0.966718,0.009969,1.758301,0.001381,-0.008593,0.000016,0.999962,0.000008,0.124299,0.022379,-0.137201
11.100000,drone3,ekf,0.963841,0.611951,1.745454,0.001382,-0.008569,0.000011,0.999962,-0.000001,0.063368,0.027706,-0.170231
11.100000,drone2,ekf,0.965840,0.009439,1.758192,0.001381,-0.008593,0.000016,0.999962,0.000008,0.123111,0.021662,-0.137348
11.100000,drone3,ekf,0.963051,0.611363,1.745596,0.001382,-0.008569,0.000011,0.999962,-0.000001,0.062231,0.026858,-0.170042
11.100000,drone1,ekf,0.947810,-0.594877,1.745211,0.001382,-0.008569,0.000019,0.999962,0.000014,-0.004747,0.,-0.154712
11.100000,drone,drone2,ekf,0.965017,0.008942,1.758089,0.001381,-0.008593,0.000016,0.999962,0.000008,0.121998,0.020989,-0.137485
11.100000,drone1,ekf,0.947552,-0.595297,1.745258,0.001382,-0.008569,0.000019,0.999962,0.000014,-0.005119,0.036590,-0.157381
11.100000,drone1,ekf,0.947311,-0.595688,1.745302,0.001382,-0.008569,0.000019,0.999962,0.000014,-0.005466,0.036026,-0.157323
11.120000,drone3,raw,0.942048,0.593785,1.729400,0.001375,-0.008630,0.000012,0.999962,-0.000001,-0.017528,0.000298,-0.157183
11.120000,drone2,raw,0.941528,-0.006232,1.734314,0.001374,-0.008653,0.000005,0.999962,-0.000015,-0.017556,0.000291,-0.156793
11.120000,drone1,raw,0.942117,-0.606209,1.726090,0.001374,-0.008630,0.000019,0.999962,0.000014,-0.017489,0.000298,-0.156309
11.140000,drone2,raw,0.941236,-0.006216,1.731117,0.001367,-0.008711,0.000016,0.999961,0.000009,-0.017446,0.000337,-0.158598
11.140000,drone1,raw,0.941825,-0.606194,1.722903,0.001367,-0.008689,0.000019,0.999961,0.000015,-0.017380,0.000332,-0.158101
11.140000,drone3,raw,0.941756,0.593801,1.726195,0.001368,-0.008689,0.000012,0.999961,-0.000000,-0.017418,0.000332,-0.159005
11.152000,drone3,ekf,0.966226,0.611276,1.736089,0.001363,-0.008724,0.000012,0.999961,-0.000000,0.079538,0.009971,-0.186408
11.152000,drone2,ekf,0.970516,0.010133,1.750035,0.001362,-0.008745,0.000005,0.999961,-0.000014,0.126196,0.033546,-0.152676
11.152000,drone1,ekf,0.945359,-0.593128,1.735503,0.001362,-0.008724,0.000019,0.999961,0.000015,-0.033555,0.058787,-0.190299
11.152000,drone3,ekf,0.965262,0.610668,1.736276,0.001363,-0.008724,0.000012,0.999961,-0.000000,0.078150,0.009096,-0.186158
11.152000,drone2,ekf,0.969449,0.009578,1.749920,0.001362,-0.008745,0.000005,0.999961,-0.000014,0.124752,0.032795,-0.152830
11.152000,drone1,ekf,0.945151,-0.593627,1.735600,0.001362,-0.008724,0.000019,0.999961,0.000015,-0.033854,0.058069,-0.190170
11.152000,drone3,ekf,0.964365,0.610103,1.736451,0.001363,-0.008724,0.000012,0.999961,-0.000000,0.076858,0.008282,-0.185925
11.152000,drone2,ekf,0.968451,0.009059,1.749812,0.001362,-0.008745,0.000005,0.999961,-0.000014,0.123402,0.032092,-0.152974
11.152000,drone1,ekf,0.944958,-0.594090,1.735690,0.001362,-0.008724,0.000019,0.999961,0.000015,-0.034133,0.057401,-0.190049
11.152000,drone3,ekf,0.963529,0.609575,1.736615,0.001363,-0.008724,0.000012,0.999961,-0.000000,0.075654,0.007523,-0.185706
11.152000,drone2,ekf,0.967518,0.008573,1.749712,0.001362,-0.008745,0.000005,0.999961,-0.000014,0.122138,0.031434,-0.153108
11.152000,drone1,ekf,0.944777,-0.594523,1.735775,0.001362,-0.008724,0.000019,0.999961,0.000015,-0.034393,0.056778,-0.189936
11.160000,drone3,raw,0.941467,0.593818,1.722948,0.001360,-0.008748,0.000012,0.999961,-0.000000,-0.017332,0.000365,-0.161031
11.160000,drone1,raw,0.941536,-0.606177,1.719675,0.001359,-0.008748,0.000019,0.999961,0.000015,-0.017294,0.000365,-0.160096
11.160000,drone2,raw,0.940946,-0.006199,1.727879,0.001359,-0.008768,0.000028,0.999961,0.000032,-0.017359,0.000382,-0.160606
11.180000,drone2,raw,0.940658,-0.006182,1.724594,0.001351,-0.008825,0.000017,0.999960,0.000010,-0.017294,0.000403,-0.162820
11.180000,drone1,raw,0.941250,-0.606160,1.716401,0.001351,-0.008805,0.000020,0.999960,0.000015,-0.017231,0.000398,-0.162296
11.180000,drone3,raw,0.941180,0.593835,1.719654,0.001352,-0.008805,0.000012,0.999960,0.000000,-0.017268,0.000397,-0.163262
11.200000,drone3,raw,0.940895,0.593853,1.716309,0.001344,-0.008862,0.000012,0.999960,0.000001,-0.017228,0.000429,-0.165694
11.200000,drone1,raw,0.940965,-0.606142,1.713076,0.001343,-0.008862,0.000020,0.999960,0.000016,-0.017191,0.000430,-0.164698
11.200000,drone2,raw,0.940372,-0.006165,1.721258,0.001343,-0.008880,0.000005,0.999960,-0.000013,-0.017253,0.000424,-0.165235
11.200000,drone2,ekf,0.972453,0.009834,1.741567,0.001343,-0.008880,0.000005,0.999960,-0.000013,0.126851,0.037561,-0.167669
11.200000,drone3,ekf,0.966425,0.610280,1.727854,0.001344,-0.008862,0.000012,0.999960,0.000001,0.081010,0.026518,-0.186615
11.200000,drone2,ekf,0.971303,0.009293,1.741471,0.001343,-0.008880,0.000005,0.999960,-0.000013,0.125294,0.036829,-0.167797
11.200000,drone2,ekf,0.970228,0.008787,1.741381,0.001343,-0.008880,0.000005,0.999960,-0.000013,0.123839,0.036145,-0.167917
11.200000,drone3,ekf,0.965435,0.609713,1.728050,0.001344,-0.008862,0.000012,0.999960,0.000001,0.079586,0.025702,-0.186353
11.200000,drone2,ekf,0.969221,0.008314,1.741297,0.001343,-0.008880,0.000005,0.999960,-0.000013,0.122476,0.035503,-0.168030
11.200000,drone3,ekf,0.964514,0.609186,1.728233,0.001344,-0.008862,0.000012,0.999960,0.000001,0.078260,0.024944,-0.186108
11.200000,drone3,ekf,0.963654,0.608694,1.728404,0.001344,-0.008862,0.000012,0.999960,0.000001,0.077023,0.024235,-0.185879
11.200000,drone1,ekf,0.942579,-0.591253,1.726679,0.001346,-0.008839,0.000020,0.999960,0.000016,-0.043050,0.079838,-0.192158
11.200000,drone1,ekf,0.942447,-0.591814,1.726806,0.001343,-0.008862,0.000020,0.999960,0.000016,-0.043240,0.079030,-0.191988
11.200000,drone1,ekf,0.942325,-0.592337,1.726925,0.001343,-0.008862,0.000020,0.999960,0.000016,-0.043416,0.078279,-0.191829
11.200000,drone1,ekf,0.942211,-0.592824,1.727037,0.001343,-0.008862,0.000020,0.999960,0.000016,-0.043580,0.077578,-0.191680
11.220000,drone2,raw,0.940088,-0.006146,1.717869,0.001334,-0.008936,0.000017,0.999959,0.000010,-0.017233,0.000467,-0.167840
11.220000,drone1,raw,0.940682,-0.606124,1.709698,0.001335,-0.008918,0.000020,0.999959,0.000016,-0.017172,0.000461,-0.167289
11.220000,drone3,raw,0.940611,0.593871,1.712910,0.001335,-0.008918,0.000012,0.999959,0.000001,-0.017208,0.000461,-0.168316
11.240000,drone2,raw,0.939805,-0.006126,1.714422,0.001325,-0.008990,0.000029,0.999959,0.000034,-0.017233,0.000510,-0.170619
11.240000,drone3,raw,0.940329,0.593891,1.709453,0.001326,-0.008973,0.000012,0.999959,0.000001,-0.017209,0.000492,-0.171112
11.240000,drone1,raw,0.940399,-0.606104,1.706263,0.001326,-0.008973,0.000020,0.999959,0.000016,-0.017172,0.000492,-0.170054
11.252000,drone3,ekf,0.966585,0.609243,1.718587,0.001321,-0.009006,0.000013,0.999959,0.000001,0.076054,0.020719,-0.192768
11.252000,drone2,ekf,0.975236,0.009002,1.732004,0.001325,-0.008990,0.000029,0.999959,0.000034,0.140133,0.023092,-0.177252
11.252000,drone1,ekf,0.940529,-0.589077,1.716650,0.001326,-0.008973,0.000020,0.999959,0.000016,-0.030721,0.084330,-0.202918
11.252000,drone1,ekf,0.940444,-0.589718,1.716816,0.001321,-0.009006,0.000020,0.999959,0.000017,-0.030843,0.083409,-0.202697
11.252000,drone3,ekf,0.965558,0.608713,1.718794,0.001321,-0.009006,0.000013,0.999959,0.000001,0.074576,0.019957,-0.192491
11.252000,drone2,ekf,0.973960,0.008488,1.731929,0.001320,-0.009023,0.000017,0.999958,0.000011,0.138406,0.022396,-0.177353
11.252000,drone1,ekf,0.940365,-0.590314,1.716971,0.001321,-0.009006,0.000020,0.999959,0.000017,-0.030957,0.082552,-0.202490
11.252000,drone1,ekf,0.940291,-0.590870,1.717116,0.001321,-0.009006,0.000020,0.999959,0.000017,-0.031063,0.081753,-0.202296
11.252000,drone3,ekf,0.964602,0.608219,1.718988,0.001321,-0.009006,0.000013,0.999959,0.000001,0.073202,0.019247,-0.192232
11.252000,drone2,ekf,0.972768,0.008008,1.731858,0.001320,-0.009023,0.000017,0.999958,0.000011,0.136792,0.021746,-0.177448
11.252000,drone3,ekf,0.963711,0.607759,1.719170,0.001321,-0.009006,0.000013,0.999959,0.000001,0.071920,0.018585,-0.191989
11.252000,drone2,ekf,0.971652,0.007558,1.731792,0.001320,-0.009023,0.000017,0.999958,0.000011,0.135280,0.021137,-0.177536
11.260000,drone3,raw,0.940047,0.593911,1.705936,0.001317,-0.009028,0.000013,0.999958,0.000001,-0.017227,0.000523,-0.174060
11.260000,drone2,raw,0.939523,-0.006106,1.710916,0.001317,-0.009044,0.000017,0.999958,0.000011,-0.017251,0.000529,-0.173549
11.260000,drone1,raw,0.940118,-0.606084,1.702768,0.001317,-0.009028,0.000020,0.999958,0.000017,-0.017191,0.000523,-0.172971
11.280000,drone3,raw,0.939767,0.593931,1.702357,0.001308,-0.009083,0.000013,0.999958,0.000002,-0.017259,0.000553,-0.177132
11.280000,drone2,raw,0.939242,-0.006086,1.707347,0.001307,-0.009098,0.000006,0.999958,-0.000012,-0.017283,0.000548,-0.176605
11.280000,drone1,raw,0.939838,-0.606064,1.699211,0.001308,-0.009083,0.000020,0.999958,0.000017,-0.017223,0.000553,-0.176014
11.300000,drone3,raw,0.939486,0,1.718988,0.00132-0.009006-0.009137,0.000013,0.999957,0.000002,-0.017303,0.000583,-0.180300
11.300000,drone2,raw,0.938961,-0.006064,1.703714,0.001298,-0.009151,0.000018,0.999957,0.000012,-0.017326,0.000589,-0.179756
11.300000,drone1,ekf,0.939070,-0.587476,1.706810,0.001302,-0.009115,0.000020,0.999958,0.000017,-0.024264,0.085163,-0.219018
11.300000,drone2,ekf,0.976950,0.007468,1.722925,0.001298,-0.009151,0.000018,0.999957,0.000012,0.138562,0.007679,-0.183485
11.300000,drone1,ekf,0.939014,-0.588168,1.707017,0.001302,-0.009115,0.000020,0.999958,0.000017,-0.024345,0.084168,-0.218742
11.300000,drone2,ekf,0.975600,0.007010,1.722865,0.001298,-0.009151,0.000018,0.999957,0.000012,0.136735,0.007060,-0.183565
11.300000,drone2,ekf,0.974338,0.006582,1.722809,0.001298,-0.009151,0.000018,0.999957,0.000012,0.135027,0.006480,-0.183639
11.300000,drone3,ekf,0.966762,0.607876,1.709772,0.001299,-0.009137,0.000013,0.999957,0.000002,0.085517,0.012373,-0.200211
11.300000,drone1,ekf,0.938961,-0.588812,1.707210,0.001298,-0.009137,0.000020,0.999957,0.000017,-0.024421,0.083242,-0.218484
11.300000,drone2,ekf,0.973157,0.006181,1.722757,0.001298,-0.009151,0.000018,0.999957,0.000012,0.133427,0.005937,-0.183709
11.300000,drone3,ekf,0.965711,0.607400,1.709984,0.001299,-0.009137,0.000013,0.999957,0.000002,0.084006,0.011688,-0.199928
11.300000,drone1,ekf,0.938912,-0.589413,1.707391,0.001298,-0.009137,0.000020,0.999957,0.000017,-0.024491,0.082378,-0.218242
11.300000,drone3,ekf,0.964732,0.606957,1.710182,0.001299,-0.009137,0.000013,0.999957,0.000002,0.082599,0.011051,-0.199663
11.300000,drone3,ekf,0.963819,0.606543,1.710368,0.001299,-0.009137,0.000013,0.999957,0.000002,0.081287,0.010457,-0.199414
11.300000,drone1,raw,0.939558,-0.606042,1.695591,0.001298,-0.009137,0.000020,0.999957,0.000017,-0.017267,0.000583,-0.179151
11.320000,drone3,raw,0.939207,0.593975,1.695004,0.001289,-0.009191,0.000013,0.999957,0.000002,-0.017355,0.000613,-0.183530
11.320000,drone2,raw,0.938681,-0.006041,1.700017,0.001288,-0.009204,0.000029,0.999957,0.000035,-0.017378,0.000631,-0.182970
11.320000,drone1,raw,0.939278,-0.606020,1.691906,0.001288,-0.009191,0.000021,0.999957,0.000018,-0.017320,0.000613,-0.182351
11.340000,drone2,raw,0.938401,-0.006019,1.696254,0.001278,-0.009257,0.000018,0.999956,0.000012,-0.017434,0.000649,-0.186210
11.340000,drone3,raw,0.938927,0.593998,1.691230,0.001279,-0.009244,0.000013,0.999956,0.000003,-0.017411,0.000642,-0.186787
11.340000,drone1,raw,0.939000,-0.605998,1.688156,0.001278,-0.009244,0.000021,0.999956,0.000018,-0.017376,0.000643,-0.185578
11.352000,drone3,ekf,0.967237,0.606027,1.700272,0.001273,-0.009276,0.000013,0.999956,0.000003,0.086823,-0.002065,-0.198068
11.352000,drone1,ekf,0.937848,-0.586006,1.697092,0.001272,-0.009276,0.000021,0.999956,0.000018,-0.019715,0.079826,-0.202048
11.352000,drone2,ekf,0.979404,0.006070,1.712646,0.001278,-0.009257,0.000018,0.999956,0.000012,0.148240,0.005754,-0.193632
11.352000,drone3,ekf,0.966137,0.605618,1.700476,0.001273,-0.009276,0.000013,0.999956,0.000003,0.085243,-0.002653,-0.197796
11.352000,drone3,ekf,0.965114,0.605237,1.700666,0.001273,-0.009276,0.000013,0.999956,0.000003,0.083773,-0.003201,-0.197542
11.352000,drone1,ekf,0.937810,-0.586752,1.697300,0.001272,-0.009276,0.000021,0.999956,0.000018,-0.019770,0.078754,-0.201771
11.352000,drone2,ekf,0.977939,0.005659,1.712604,0.001278,-0.009257,0.000018,0.999956,0.000012,0.146257,0.005197,-0.193688
11.352000,drone3,ekf,0.964159,0.604881,1.700845,0.001273,-0.009276,0.000013,0.999956,0.000003,0.082402,-0.003712,-0.197303
11.352000,drone1,ekf,0.937773,-0.587447,1.697494,0.001272,-0.009276,0.000021,0.999956,0.000018,-0.019822,0.077756,-0.201511
11.352000,drone2,ekf,0.976570,0.005276,1.712565,0.001272,-0.009289,0.000030,0.999956,0.000035,0.144403,0.004677,-0.193741
11.352000,drone1,ekf,0.937740,-0.588094,1.697677,0.001272,-0.009276,0.000021,0.999956,0.000018,-0.019871,0.076826,-0.201268
11.352000,drone2,ekf,0.975288,0.004916,1.712528,0.001272,-0.009289,0.000030,0.999956,0.000035,0.142667,0.004191,-0.193790
11.360000,drone3,raw,0.938649,0.594021,1.687391,0.001268,-0.009297,0.000013,0.999956,0.000003,-0.017468,0.000672,-0.190034
11.360000,drone1,raw,0.938721,-0.605974,1.684342,0.001268,-0.009297,0.000021,0.999956,0.000018,-0.017433,0.000673,-0.188796
11.360000,drone2,raw,0.938122,-0.005995,1.692427,0.001268,-0.009310,0.000006,0.999956,-0.000011,-0.017490,0.000668,-0.189442
11.380000,drone2,raw,0.937843,-0.005971,1.688537,0.001257,-0.009362,0.000018,0.999955,0.000013,-0.017543,0.000709,-0.192628
11.380000,drone1,raw,0.938443,-0.605950,1.680466,0.001257,-0.009350,0.000021,0.999955,0.000018,-0.017487,0.000702,-0.191968
11.380000,drone3,raw,0.938371,0.594045,1.683489,0.001258,-0.009350,0.000013,0.999955,0.000003,-0.017521,0.000702,-0.193237
11.400000,drone2,raw,0.937565,-0.005946,1.684586,0.001246,-0.009413,0.000030,0.999955,0.000036,-0.017590,0.000751,-0.195734
11.400000,drone3,raw,0.938093,0.594070,1.679525,0.001247,-0.009402,0.000014,0.999955,0.000004,-0.017568,0.000732,-0.196359
11.400000,drone1,raw,0.938166,-0.605925,1.676528,0.001247,-0.009402,0.000021,0.999955,0.000019,-0.017534,0.000733,-0.195061
11.400000,drone2,ekf,0.981443,0.004270,1.702432,0.001251,-0.009392,0.000007,0.999955,-0.000010,0.160581,-0.006230,-0.210025
11.400000,drone1,ekf,0.936582,-0.585389,1.687195,0.001251,-0.009381,0.000021,0.999955,0.000019,-0.023759,0.072262,-0.223059
11.400000,drone3,ekf,0.967462,0.604463,1.691327,0.001247,-0.009402,0.000014,0.999955,0.000004,0.092309,-0.001425,-0.202205
11.400000,drone2,ekf,0.979895,0.003924,1.702418,0.001251,-0.009392,0.000007,0.999955,-0.000010,0.158484,-0.006698,-0.210044
11.400000,drone1,ekf,0.936565,-0.586151,1.687420,0.001251,-0.009381,0.000021,0.999955,0.000019,-0.023784,0.071168,-0.222759
11.400000,drone3,ekf,0.966337,0.604114,1.691514,0.001247,-0.009402,0.000014,0.999955,0.000004,0.090694,-0.001926,-0.201955
11.400000,drone3,ekf,0.965290,0.603789,1.691689,0.001247,-0.009402,0.000014,0.999955,0.000004,0.089190,-0.002393,-0.201721
11.400000,drone2,ekf,0.978447,0.003600,1.702405,0.001246,-0.009413,0.000030,0.999955,0.000036,0.156524,-0.007136,-0.210061
11.400000,drone1,ekf,0.936549,-0.586860,1.687631,0.001247,-0.009402,0.000021,0.999955,0.000019,-0.023807,0.070151,-0.222478
11.400000,drone3,ekf,0.964313,0.603486,1.691853,0.001247,-0.009402,0.000014,0.999955,0.000004,0.087787,-0.002828,-0.201502
11.400000,drone2,ekf,0.977091,0.003297,1.702393,0.001246,-0.009413,0.000030,0.999955,0.000036,0.154688,-0.007547,-0.210078
11.400000,drone1,ekf,0.936534,-0.587521,1.687828,0.001247,-0.009402,0.000021,0.999955,0.000019,-0.023829,0.069201,-0.222214
11.420000,drone3,raw,0.937817,0.594096,1.675503,0.001236,-0.009453,0.000014,0.999955,0.000004,-0.017604,0.000763,-0.199368
11.420000,drone2,raw,0.937288,-0.005920,1.680577,0.001235,-0.009464,0.000018,0.999954,0.000013,-0.017626,0.000770,-0.198727
11.420000,drone1,raw,0.937889,-0.605900,1.672532,0.001235,-0.009453,0.000021,0.999955,0.000019,-0.017570,0.000763,-0.198040
11.440000,drone2,raw,0.937012,-0.005894,1.676511,0.001224,-0.009515,0.000007,0.999954,-0.000010,-0.017648,0.000790,-0.201577
11.440000,drone1,raw,0.937614,-0.605874,1.668481,0.001224,-0.009504,0.000021,0.999954,0.000019,-0.017594,0.000794,-0.200876
11.440000,drone3,raw,0.937541,0.594122,1.671424,0.001225,-0.009504,0.000014,0.999954,0.000004,-0.017627,0.000793,-0.202233
11.452000,drone1,ekf,0.935259,-0.585250,1.676644,0.001224,-0.009504,0.000021,0.999954,0.000019,-0.024595,0.058405,-0.219447
11.452000,drone3,ekf,0.968370,0.602742,1.681463,0.001225,-0.009504,0.000014,0.999954,0.000004,0.100824,-0.008811,-0.202972
11.452000,drone2,ekf,0.984350,0.002336,1.692237,0.001224,-0.009515,0.000007,0.999954,-0.000010,0.171824,-0.013110,-0.194813
11.452000,drone1,ekf,0.935263,-0.586018,1.676872,0.001224,-0.009504,0.000021,0.999954,0.000019,-0.024589,0.057303,-0.219143
11.452000,drone2,ekf,0.982670,0.002056,1.692211,0.001224,-0.009515,0.000007,0.999954,-0.000010,0.169549,-0.013490,-0.194847
11.452000,drone3,ekf,0.967181,0.602456,1.681627,0.001218,-0.009535,0.000014,0.999954,0.000004,0.099117,-0.009222,-0.202752
11.452000,drone1,ekf,0.935267,-0.586732,1.677085,0.001217,-0.009535,0.000021,0.9,-0.017570,0.0007,-0.198040
11.42,-0.218858
11.452000,drone1,ekf,0.935271,-0.587399,1.677285,0.001217,-0.009535,0.000021,0.999954,0.000020,-0.024578,0.055321,-0.218591
11.452000,drone2,ekf,0.981100,0.001795,1.692187,0.001217,-0.009544,0.000019,0.999954,0.000014,0.167423,-0.013844,-0.194879
11.452000,drone3,ekf,0.966074,0.602189,1.681781,0.001218,-0.009535,0.000014,0.999954,0.000004,0.097529,-0.009604,-0.202547
11.452000,drone2,ekf,0.979630,0.001549,1.692164,0.001217,-0.009544,0.000019,0.999954,0.000014,0.165432,-0.014176,-0.194909
11.452000,drone3,ekf,0.965042,0.601941,1.681925,0.001218,-0.009535,0.000014,0.999954,0.000004,0.096048,-0.009961,-0.202354
11.460000,drone1,raw,0.937340,-0.605847,1.664379,0.001213,-0.009555,0.000021,0.999954,0.000020,-0.017601,0.000825,-0.203541
11.460000,drone3,raw,0.937267,0.594149,1.667294,0.001213,-0.009555,0.000014,0.999954,0.000005,-0.017634,0.000825,-0.204928
11.460000,drone2,raw,0.936737,-0.005867,1.672395,0.001212,-0.009564,0.000019,0.999954,0.000014,-0.017655,0.000832,-0.204255
11.480000,drone2,raw,0.936465,-0.005839,1.668230,0.001200,-0.009613,0.000030,0.999953,0.000037,-0.017643,0.000876,-0.206741
11.480000,drone1,raw,0.937068,-0.605819,1.660229,0.001201,-0.009604,0.000022,0.999953,0.000020,-0.017590,0.000857,-0.206013
11.480000,drone3,raw,0.936995,0.594176,1.663115,0.001201,-0.009604,0.000014,0.999953,0.000005,-0.017622,0.000856,-0.207429
11.500000,drone3,raw,0.936725,0.594205,1.658893,0.001189,-0.009652,0.000014,0.999953,0.000005,-0.017591,0.000888,-0.209719
11.500000,drone2,raw,0.936194,-0.005811,1.664022,0.001188,-0.009661,0.000019,0.999953,0.000015,-0.017611,0.000897,-0.209015
11.500000,drone1,raw,0.936798,-0.605791,1.656036,0.001189,-0.009652,0.000022,0.999953,0.000020,-0.017558,0.000889,-0.208273
11.500000,drone3,ekf,0.968842,0.601653,1.671940,0.001194,-0.009633,0.000014,0.999953,0.000005,0.104708,-0.000910,-0.211062
11.500000,drone1,ekf,0.933870,-0.584844,1.667227,0.001193,-0.009633,0.000022,0.999953,0.000020,-0.029837,0.069431,-0.213876
11.500000,drone2,ekf,0.985884,0.000761,1.682726,0.001193,-0.009642,0.000019,0.999953,0.000014,0.166743,-0.011769,-0.195739
11.500000,drone3,ekf,0.967620,0.601410,1.672086,0.001189,-0.009652,0.000014,0.999953,0.000005,0.102955,-0.001259,-0.210867
11.500000,drone2,ekf,0.984139,0.000538,1.682683,0.001193,-0.009642,0.000019,0.999953,0.000014,0.164380,-0.012071,-0.195796
11.500000,drone1,ekf,0.933900,-0.585619,1.667434,0.001193,-0.009633,0.000022,0.999953,0.000020,-0.029793,0.068320,-0.213598
11.500000,drone3,ekf,0.966483,0.601183,1.672222,0.001189,-0.009652,0.000014,0.999953,0.000005,0.101324,-0.001584,-0.210685
11.500000,drone3,ekf,0.965421,0.600972,1.672350,0.001189,-0.009652,0.000014,0.999953,0.000005,0.099801,-0.001887,-0.210515
11.500000,drone2,ekf,0.982508,0.000329,1.682643,0.001188,-0.009661,0.000019,0.999953,0.000015,0.162170,-0.012354,-0.195850
11.500000,drone1,ekf,0.933929,-0.586340,1.667629,0.001189,-0.009652,0.000022,0.999953,0.000020,-0.029752,0.067285,-0.213339
11.500000,drone2,ekf,0.980980,0.000134,1.682606,0.001188,-0.009661,0.000019,0.999953,0.000015,0.160101,-0.012619,-0.195900
11.500000,drone1,ekf,0.933956,-0.587014,1.667811,0.001189,-0.009652,0.000022,0.999953,0.000020,-0.029714,0.066319,-0.213096
11.520000,drone3,raw,0.936457,0.594233,1.654632,0.001177,-0.009700,0.000014,0.999952,0.000005,-0.017538,0.000921,-0.211784
11.520000,drone2,raw,0.935926,-0.005782,1.659775,0.001176,-0.009708,0.000007,0.999952,-0.000008,-0.017557,0.000918,-0.211066
11.520000,drone1,raw,0.936531,-0.605763,1.651805,0.001176,-0.009700,0.000022,0.999952,0.000021,-0.017506,0.000921,-0.210310
11.540000,drone3,raw,0.936192,0.594263,1.650337,0.001164,-0.009746,0.000014,0.999952,0.000006,-0.017463,0.000954,-0.213618
11.540000,drone2,raw,0.935660,-0.005753,1.655495,0.001164,-0.009754,0.000019,0.999952,0.000015,-0.017482,0.000963,-0.212884
11.540000,drone1,raw,0.936266,-0.605733,1.647540,0.001164,-0.009746,0.000022,0.999952,0.000021,-0.017431,0.000955,-0.212115
11.552000,drone2,ekf,0.987649,-0.000030,1.672603,0.001164,-0.009754,0.000019,0.999952,0.000015,0.163505,0.000593,-0.190904
11.552000,drone1,ekf,0.932660,-0.584567,1.656300,0.001164,-0.009746,0.000022,0.999952,0.000021,-0.025854,0.062128,-0.225279
11.552000,drone3,ekf,0.969735,0.601044,1.661152,0.001157,-0.009773,0.000014,0.999952,0.000006,0.107601,0.005605,-0.217922
11.552000,drone2,ekf,0.985811,-0.000225,1.672527,0.001164,-0.009754,0.000019,0.999952,0.000015,0.161016,0.000329,-0.191005
11.552000,drone1,ekf,0.932710,-0.585354,1.656503,0.001164,-0.009746,0.000022,0.999952,0.000021,-0.025784,0.061001,-0.225007
11.552000,drone3,ekf,0.968450,0.600825,1.661287,0.001157,-0.009773,0.000014,0.999952,0.000006,0.105759,0.005290,-0.217742
11.552000,drone2,ekf,0.984094,-0.000407,1.672456,0.001156,-0.009781,0.000007,0.999951,-0.000008,0.158690,0.000082,-0.191100
11.552000,drone1,ekf,0.932756,-0.586085,1.656694,0.001156,-0.009773,0.000022,0.999952,0.000021,-0.025718,0.059952,-0.224752
11.552000,drone3,ekf,0.967254,0.600620,1.661413,0.001157,-0.009773,0.000014,0.999952,0.000006,0.104045,0.004997,-0.217574
11.552000,drone2,ekf,0.982485,-0.000578,1.672389,0.001156,-0.009781,0.000007,0.999951,-0.000008,0.156512,-0.000149,-0.191189
11.552000,drone1,ekf,0.932798,-0.586768,1.656873,0.001156,-0.009773,0.000022,0.999952,0.000021,-0.025657,0.058973,-0.224513
11.552000,drone3,ekf,0.966138,0.600429,1.661530,0.001157,-0.009773,0.000014,0.999952,0.000006,0.102445,0.004723,-0.217417
11.560000,drone1,raw,0.936004,-0.605703,1.643246,0.001151,-0.009791,0.000022,0.999951,0.000021,-0.017335,0.000988,-0.213687
11.560000,drone3,raw,0.935931,0.594293,1.646011,0.001151,-0.009791,0.000014,0.999951,0.000006,-0.017366,0.000988,-0.215219
11.560000,drone2,raw,0.935398,-0.005722,1.651185,0.001151,-0.009799,0.000031,0.999951,0.000039,-0.017384,0.001008,-0.214470
11.580000,drone3,raw,0.935672,0.594324,1.641661,0.001138,-0.009835,0.000014,0.999951,0.000006,-0.017248,0.001022,-0.216589
11.580000,drone2,raw,0.935139,-0.005691,1.646850,0.001138,-0.009842,0.000019,0.999951,0.000016,-0.017265,0.001031,-0.215825
11.580000,drone1,raw,0.935746,-0.605673,1.638927,0.001138,-0.009835,0.000022,0.999951,0.000021,-0.017217,0.001022,-0.215029
11.600000,drone2,raw,0.934884,-0.005660,1.642495,0.001125,-0.009884,0.000008,0.999951,-0.000007,-0.017125,0.001054,-0.216959
11.600000,drone3,raw,0.935418,0.594355,1.637290,0.001125,-0.009877,0.000014,0.999951,0.000007,-0.017109,0.001056,-0.217738
11.600000,drone3,ekf,0.970609,0.600103,1.651324,0.001131,-0.009860,0.000014,0.999951,0.000007,0.120945,-0.002985,-0.214982
11.600000,drone2,ekf,0.988158,-0.000728,1.662562,0.001130,-0.009867,0.000031,0.999951,0.000039,0.157159,0.000379,-0.202892
11.600000,drone3,ekf,0.969278,0.599921,1.651437,0.001125,-0.009877,0.000014,0.999951,0.000007,0.119039,-0.003246,-0.214831
11.600000,drone2,ekf,0.986291,-0.000896,1.662474,0.001130,-0.009867,0.000031,0.999951,0.000039,0.154631,0.000151,-0.203010
11.600000,drone2,ekf,0.984547,-0.001053,1.662392,0.001125,-0.009884,0.000008,0.999951,-0.000007,0.152268,-0.000061,-0.203120
11.600000,drone3,ekf,0.968040,0.599752,1.651543,0.001125,-0.009877,0.000014,0.999951,0.000007,0.117264,-0.003489,-0.214690
11.600000,drone3,ekf,0.966884,0.599593,1.651642,0.001125,-0.009877,0.000014,0.999951,0.000007,0.115608,-0.003716,-0.214558
11.600000,drone2,ekf,0.982912,-0.001200,1.662314,0.001125,-0.009884,0.000008,0.999951,-0.000007,0.150055,-0.000260,-0.203224
11.600000,drone1,ekf,0.932295,-0.584734,1.645495,0.001130,-0.009860,0.000022,0.999951,0.000022,-0.011320,0.058520,-0.241571
11.600000,drone1,ekf,0.932335,-0.585507,1.645712,0.001125,-0.009877,0.000022,0.999951,0.000022,-0.011263,0.057413,-0.241281
11.600000,drone1,ekf,0.932372,-0.586226,1.645915,0.001125,-0.009877,0.000022,0.999951,0.000022,-0.011209,0.056382,-0.241010
11.600000,drone1,ekf,0.932407,-0.586898,1.646105,0.001125,-0.009877,0.000022,0.999951,0.000022,-0.011160,0.055420,-0.240755
11.600000,drone1,raw,0.935491,-0.605641,1.634588,0.001125,-0.009877,0.000022,0.999951,0.000022,-0.017079,0.001057,-0.216150
11.620000,drone3,raw,0.935167,0.594387,1.632902,0.001112,-0.009918,0.000014,0.999950,0.000007,-0.016952,0.001092,-0.21,drone2,ekf,0.986291,-0.000896,1.6,-0.005628,1.638123,0.001111,-0.009924,0.000019,0.999950,0.000016,-0.016967,0.001101,-0.217886
11.620000,drone1,raw,0.935240,-0.605609,1.630233,0.001111,-0.009917,0.000022,0.999950,0.000022,-0.016922,0.001092,-0.217064
11.640000,drone3,raw,0.934921,0.594419,1.628502,0.001098,-0.009956,0.000015,0.999950,0.000007,-0.016778,0.001127,-0.219431
11.640000,drone2,raw,0.934386,-0.005595,1.633738,0.001097,-0.009963,0.000031,0.999950,0.000040,-0.016792,0.001148,-0.218623
11.640000,drone1,raw,0.934994,-0.605577,1.625865,0.001097,-0.009956,0.000022,0.999950,0.000022,-0.016748,0.001127,-0.217787
11.652000,drone3,ekf,0.970766,0.598947,1.639342,0.001090,-0.009979,0.000015,0.999950,0.000007,0.100858,-0.009762,-0.239071
11.652000,drone1,ekf,0.932289,-0.584258,1.634448,0.001089,-0.009979,0.000022,0.999950,0.000023,-0.002588,0.065921,-0.228179
11.652000,drone3,ekf,0.969400,0.598809,1.639473,0.001090,-0.009979,0.000015,0.999950,0.000007,0.098902,-0.009961,-0.238895
11.652000,drone1,ekf,0.932307,-0.585049,1.634656,0.001089,-0.009979,0.000022,0.999950,0.000023,-0.002564,0.064789,-0.227901
11.652000,drone3,ekf,0.968129,0.598680,1.639597,0.001090,-0.009979,0.000015,0.999950,0.000007,0.097082,-0.010145,-0.238730
11.652000,drone2,ekf,0.989230,-0.000785,1.651354,0.001097,-0.009963,0.000031,0.999950,0.000040,0.158596,0.011121,-0.208950
11.652000,drone1,ekf,0.932323,-0.585785,1.634850,0.001089,-0.009979,0.000022,0.999950,0.000023,-0.002541,0.063735,-0.227641
11.652000,drone3,ekf,0.966942,0.598560,1.639712,0.001090,-0.009979,0.000015,0.999950,0.000007,0.095383,-0.010318,-0.238576
11.652000,drone1,ekf,0.932338,-0.586471,1.635033,0.001089,-0.009979,0.000022,0.999950,0.000023,-0.002519,0.062752,-0.227397
11.652000,drone2,ekf,0.987295,-0.000949,1.651260,0.001089,-0.009985,0.000019,0.999950,0.000017,0.155975,0.010899,-0.209076
11.652000,drone2,ekf,0.985487,-0.001102,1.651171,0.001089,-0.009985,0.000019,0.999950,0.000017,0.153526,0.010691,-0.209195
11.652000,drone2,ekf,0.983794,-0.001245,1.651088,0.001089,-0.009985,0.000019,0.999950,0.000017,0.151233,0.010497,-0.209306
11.660000,drone3,raw,0.934679,0.594453,1.624091,0.001084,-0.009994,0.000015,0.999949,0.000008,-0.016589,0.001163,-0.220015
11.660000,drone2,raw,0.934144,-0.005562,1.629344,0.001083,-0.010000,0.000019,0.999949,0.000017,-0.016602,0.001172,-0.219192
11.660000,drone1,raw,0.934752,-0.605544,1.621488,0.001083,-0.009994,0.000022,0.999949,0.000023,-0.016560,0.001163,-0.218344
11.680000,drone3,raw,0.934442,0.594487,1.619672,0.001070,-0.010029,0.000015,0.999949,0.000008,-0.016388,0.001199,-0.220456
11.680000,drone2,raw,0.933906,-0.005528,1.624942,0.001069,-0.010035,0.000008,0.999949,-0.000006,-0.016401,0.001197,-0.219619
11.680000,drone1,raw,0.934515,-0.605510,1.617103,0.001069,-0.010029,0.000022,0.999949,0.000023,-0.016360,0.001199,-0.218758
11.700000,drone3,raw,0.934209,0.594521,1.615248,0.001055,-0.010063,0.000015,0.999949,0.000008,-0.016179,0.001235,-0.220782
11.700000,drone3,ekf,0.970302,0.597446,1.628280,0.001055,-0.010063,0.000015,0.999949,0.000008,0.098420,-0.021515,-0.241231
11.700000,drone2,raw,0.933673,-0.005493,1.620536,0.001055,-0.010068,0.000019,0.999949,0.000018,-0.016190,0.001245,-0.219931
11.700000,drone2,ekf,0.989691,-0.000749,1.640440,0.001060,-0.010055,0.000019,0.999949,0.000018,0.163776,0.013708,-0.220104
11.700000,drone1,raw,0.934282,-0.605476,1.612714,0.001055,-0.010063,0.000022,0.999949,0.000023,-0.016151,0.001235,-0.219057
11.700000,drone1,ekf,0.932115,-0.584489,1.623662,0.001061,-0.010050,0.000022,0.999949,0.000023,-0.004693,0.057481,-0.241399
11.700000,drone3,ekf,0.968940,0.597364,1.628426,0.001055,-0.010063,0.000015,0.999949,0.000008,0.096472,-0.021631,-0.241035
11.700000,drone2,ekf,0.987731,-0.000911,1.640357,0.001060,-0.010055,0.000019,0.999949,0.000018,0.161122,0.013490,-0.220214
11.700000,drone1,ekf,0.932118,-0.585264,1.623877,0.001061,-0.010050,0.000022,0.999949,0.000023,-0.004689,0.056372,-0.241111
11.700000,drone3,ekf,0.967673,0.597289,1.628563,0.001055,-0.010063,0.000015,0.999949,0.000008,0.094658,-0.021739,-0.240852
11.700000,drone2,ekf,0.985900,-0.001062,1.640280,0.001055,-0.010068,0.000019,0.999949,0.000018,0.158641,0.013285,-0.220318
11.700000,drone1,ekf,0.932121,-0.585985,1.624079,0.001055,-0.010063,0.000022,0.999949,0.000023,-0.004685,0.055339,-0.240842
11.700000,drone3,ekf,0.966490,0.597218,1.628691,0.001055,-0.010063,0.000015,0.999949,0.000008,0.092964,-0.021840,-0.240681
11.700000,drone1,ekf,0.932124,-0.586658,1.624268,0.001055,-0.010063,0.000022,0.999949,0.000023,-0.004681,0.054376,-0.240589
11.700000,drone2,ekf,0.984184,-0.001203,1.640207,0.001055,-0.010068,0.000019,0.999949,0.000018,0.156317,0.013094,-0.220414
11.720000,drone3,raw,0.933981,0.594556,1.610820,0.001041,-0.010095,0.000015,0.999949,0.000009,-0.015964,0.001271,-0.221023
11.720000,drone1,raw,0.934054,-0.605441,1.608322,0.001040,-0.010095,0.000022,0.999949,0.000024,-0.015937,0.001271,-0.219271
11.720000,drone2,raw,0.933444,-0.005458,1.616125,0.001040,-0.010100,0.000031,0.999948,0.000041,-0.015974,0.001292,-0.220158
11.740000,drone3,raw,0.933758,0.594592,1.606389,0.001026,-0.010125,0.000015,0.999948,0.000009,-0.015747,0.001307,-0.221208
11.740000,drone2,raw,0.933221,-0.005422,1.611712,0.001025,-0.010130,0.000020,0.999948,0.000018,-0.015756,0.001317,-0.220329
11.740000,drone1,raw,0.933831,-0.605405,1.603926,0.001025,-0.010125,0.000022,0.999948,0.000024,-0.015720,0.001308,-0.219429
11.752000,drone3,ekf,0.969430,0.596418,1.617507,0.001017,-0.010142,0.000015,0.999948,0.000009,0.082584,-0.014607,-0.217410
11.752000,drone2,ekf,0.990762,-0.001169,1.628245,0.001025,-0.010130,0.000020,0.999948,0.000018,0.165355,0.003430,-0.228913
11.752000,drone1,ekf,0.932014,-0.585281,1.612564,0.001025,-0.010125,0.000022,0.999948,0.000024,-0.001845,0.040797,-0.229037
11.752000,drone3,ekf,0.968072,0.596376,1.617629,0.001017,-0.010142,0.000015,0.999948,0.000009,0.080641,-0.014667,-0.217247
11.752000,drone2,ekf,0.988735,-0.001314,1.628186,0.001025,-0.010130,0.000020,0.999948,0.000018,0.162610,0.003234,-0.228992
11.752000,drone1,ekf,0.931999,-0.586028,1.612769,0.001025,-0.010125,0.000022,0.999948,0.000024,-0.001866,0.039729,-0.228762
11.752000,drone3,ekf,0.966808,0.596338,1.617743,0.001017,-0.010142,0.000015,0.999948,0.000009,0.078833,-0.014722,-0.217095
11.752000,drone3,ekf,0.965629,0.596302,1.617850,0.001017,-0.010142,0.000015,0.999948,0.000009,0.077146,-0.014773,-0.216952
11.752000,drone2,ekf,0.986842,-0.001449,1.628131,0.001016,-0.010147,0.000031,0.999948,0.000042,0.160046,0.003050,-0.229065
11.752000,drone1,ekf,0.931986,-0.586723,1.612962,0.001016,-0.010142,0.000022,0.999948,0.000024,-0.001885,0.038734,-0.228505
11.752000,drone2,ekf,0.985069,-0.001576,1.628079,0.001016,-0.010147,0.000031,0.999948,0.000042,0.157644,0.002878,-0.229134
11.752000,drone1,ekf,0.931974,-0.587372,1.613142,0.001016,-0.010142,0.000022,0.999948,0.000024,-0.001902,0.037806,-0.228264
11.760000,drone3,raw,0.933540,0.594628,1.601955,0.001011,-0.010153,0.000015,0.999948,0.000009,-0.015530,0.001344,-0.221368
11.760000,drone1,raw,0.933612,-0.605369,1.599528,0.001010,-0.010153,0.000022,0.999948,0.000024,-0.015503,0.001344,-0.219563
11.760000,drone2,raw,0.933002,-0.005386,1.607295,0.001010,-0.010158,0.000008,0.999948,-0.000005,-0.015538,0.001342,-0.220475
11.780000,drone2,raw,0.932787,-0.005349,1.602876,0.000995,-0.010184,0.000020,0.999948,0.000019,-0.015324,0.001390,-0.220625
11.780000,drone1,raw,0.933398,-0.605332,1.595128,0.000995,-0.010180,0.000022,0.999948,0.000025,-0.015290,0.001380,-0.219700
11.780000,drone3,raw,0.933326,0.594665,1.597517,0.000995,-0.010180,0.000015,0.999948,0.000009,-0.015317,0.001380,-0.221531
11.800000,drone1,raw,0.933188,-0.605295,1.590723,0.000979,-0.010205,0.000022,0.999947,0.000025,-0.015084,0.001416,-0.219868
11.800000,drone3,raw,0.933116,0.594702,1.593076,0.000980,-0.010205,0.000015,0.999947,0.000010,-0.015110,0.001415,-0.221725
11.800000,drone2,raw,0.932577,-0.005311,1.598453,0.000979,-0.010209,0.000031,0.999947,0.000042,-0.015116,0.001437,-0.220806
11.800000,drone2,ekf,0.990494,-0.001499,1.617364,0.000985,-0.010200,0.000008,0.999947,-0.000004,0.155283,0.004334,-0.222195
11.800000,drone1,ekf,0.931975,-0.,0.001011,-0.010153,0.000015,0.999,0.000022,0.999948,0.000025,0.000672,0.033566,-0.226359
11.800000,drone2,ekf,0.988470,-0.001628,1.617315,0.000985,-0.010200,0.000008,0.999947,-0.000004,0.152541,0.004158,-0.222261
11.800000,drone1,ekf,0.931944,-0.587157,1.602656,0.000979,-0.010205,0.000022,0.999947,0.000025,0.000627,0.032570,-0.226106
11.800000,drone2,ekf,0.986578,-0.001750,1.617268,0.000979,-0.010209,0.000031,0.999947,0.000042,0.149978,0.003993,-0.222323
11.800000,drone2,ekf,0.984806,-0.001864,1.617225,0.000979,-0.010209,0.000031,0.999947,0.000042,0.147577,0.003839,-0.222381
11.800000,drone1,ekf,0.931915,-0.587806,1.602833,0.000979,-0.010205,0.000022,0.999947,0.000025,0.000586,0.031641,-0.225869
11.800000,drone1,ekf,0.931888,-0.588412,1.602999,0.000979,-0.010205,0.000022,0.999947,0.000025,0.000547,0.030775,-0.225648
11.800000,drone3,ekf,0.968593,0.596012,1.607502,0.000986,-0.010195,0.000015,0.999948,0.000010,0.089703,-0.005538,-0.217665
11.800000,drone3,ekf,0.967255,0.595989,1.607602,0.000980,-0.010205,0.000015,0.999947,0.000010,0.087790,-0.005572,-0.217532
11.800000,drone3,ekf,0.966009,0.595967,1.607696,0.000980,-0.010205,0.000015,0.999947,0.000010,0.086008,-0.005603,-0.217407
11.800000,drone3,ekf,0.964846,0.595947,1.607783,0.000980,-0.010205,0.000015,0.999947,0.000010,0.084345,-0.005632,-0.217290
11.820000,drone1,raw,0.932982,-0.605257,1.586314,0.000964,-0.010228,0.000022,0.999947,0.000025,-0.014886,0.001451,-0.220093
11.820000,drone3,raw,0.932911,0.594740,1.588628,0.000964,-0.010228,0.000015,0.999947,0.000010,-0.014912,0.001451,-0.221975
11.820000,drone2,raw,0.932371,-0.005273,1.594024,0.000963,-0.010232,0.000020,0.999947,0.000020,-0.014917,0.001462,-0.221043
11.840000,drone3,raw,0.932709,0.594779,1.584173,0.000948,-0.010250,0.000015,0.999947,0.000010,-0.014725,0.001486,-0.222304
11.840000,drone2,raw,0.932169,-0.005235,1.589588,0.000948,-0.010254,0.000008,0.999947,-0.000003,-0.014729,0.001486,-0.221358
11.840000,drone1,raw,0.932780,-0.605218,1.581898,0.000948,-0.010250,0.000023,0.999947,0.000026,-0.014700,0.001487,-0.220396
11.852000,drone2,ekf,0.990049,-0.002011,1.605549,0.000948,-0.010254,0.000008,0.999947,-0.000003,0.139899,-0.000721,-0.223761
11.852000,drone1,ekf,0.931986,-0.586965,1.591820,0.000948,-0.010250,0.000023,0.999947,0.000026,0.002848,0.040832,-0.218093
11.852000,drone3,ekf,0.967936,0.596010,1.597257,0.000938,-0.010263,0.000015,0.999947,0.000011,0.085127,0.001603,-0.203497
11.852000,drone2,ekf,0.988011,-0.002121,1.605508,0.000948,-0.010254,0.000008,0.999947,-0.000003,0.137138,-0.000870,-0.223815
11.852000,drone2,ekf,0.986107,-0.002223,1.605471,0.000938,-0.010266,0.000020,0.999947,0.000020,0.134559,-0.001009,-0.223866
11.852000,drone3,ekf,0.966596,0.595990,1.597312,0.000938,-0.010263,0.000015,0.999947,0.000011,0.083212,0.001574,-0.203422
11.852000,drone1,ekf,0.931935,-0.587644,1.591982,0.000938,-0.010263,0.000023,0.999947,0.000026,0.002775,0.039862,-0.217877
11.852000,drone2,ekf,0.984324,-0.002319,1.605435,0.000938,-0.010266,0.000020,0.999947,0.000020,0.132143,-0.001139,-0.223913
11.852000,drone3,ekf,0.965348,0.595972,1.597364,0.000938,-0.010263,0.000015,0.999947,0.000011,0.081429,0.001548,-0.203353
11.852000,drone1,ekf,0.931888,-0.588276,1.592134,0.000938,-0.010263,0.000023,0.999947,0.000026,0.002708,0.038959,-0.217674
11.852000,drone3,ekf,0.964184,0.595955,1.597413,0.000938,-0.010263,0.000015,0.999947,0.000011,0.079765,0.001523,-0.203288
11.852000,drone1,ekf,0.931844,-0.588866,1.592276,0.000938,-0.010263,0.000023,0.999947,0.000026,0.002646,0.038116,-0.217484
11.860000,drone3,raw,0.932511,0.594818,1.579709,0.000932,-0.010271,0.000015,0.999947,0.000011,-0.014551,0.001521,-0.222729
11.860000,drone2,raw,0.931971,-0.005195,1.585143,0.000931,-0.010274,0.000020,0.999947,0.000020,-0.014554,0.001532,-0.221771
11.860000,drone1,raw,0.932582,-0.605179,1.577472,0.000931,-0.010271,0.000023,0.999947,0.000026,-0.014526,0.001522,-0.220797
11.880000,drone3,raw,0.932317,0.594858,1.575233,0.000916,-0.010290,0.000015,0.999947,0.000011,-0.014392,0.001556,-0.223265
11.880000,drone2,raw,0.931776,-0.005155,1.580687,0.000915,-0.010293,0.000031,0.999947,0.000044,-0.014394,0.001578,-0.222294
11.880000,drone1,raw,0.932388,-0.605140,1.573035,0.000915,-0.010290,0.000023,0.999947,0.000026,-0.014367,0.001556,-0.221308
11.900000,drone3,raw,0.932126,0.594898,1.570743,0.000899,-0.010307,0.000015,0.999946,0.000011,-0.014248,0.001590,-0.223922
11.900000,drone2,raw,0.931585,-0.005115,1.576216,0.000898,-0.010311,0.000020,0.999946,0.000021,-0.014249,0.001601,-0.222939
11.900000,drone1,raw,0.932196,-0.605100,1.568585,0.000898,-0.010307,0.000023,0.999946,0.000027,-0.014224,0.001591,-0.221941
11.900000,drone1,ekf,0.931746,-0.587944,1.581348,0.000898,-0.010307,0.000023,0.999946,0.000027,-0.000835,0.032498,-0.230908
11.900000,drone3,ekf,0.967368,0.595894,1.587461,0.000899,-0.010307,0.000015,0.999946,0.000011,0.094090,-0.001018,-0.207814
11.900000,drone2,ekf,0.989322,-0.002327,1.594299,0.000905,-0.010304,0.000020,0.999947,0.000021,0.146272,0.001839,-0.231538
11.900000,drone1,ekf,0.931688,-0.588581,1.581503,0.000898,-0.010307,0.000023,0.999946,0.000027,-0.000918,0.031588,-0.230701
11.900000,drone2,ekf,0.987304,-0.002422,1.594277,0.000898,-0.010311,0.000020,0.999946,0.000021,0.143537,0.001710,-0.231567
11.900000,drone1,ekf,0.931633,-0.589173,1.581648,0.000898,-0.010307,0.000023,0.999946,0.000027,-0.000996,0.030742,-0.230507
11.900000,drone3,ekf,0.966040,0.595881,1.587485,0.000899,-0.010307,0.000015,0.999946,0.000011,0.092192,-0.001036,-0.207783
11.900000,drone1,ekf,0.931583,-0.589727,1.581784,0.000898,-0.010307,0.000023,0.999946,0.000027,-0.001068,0.029951,-0.230325
11.900000,drone3,ekf,0.964803,0.595870,1.587507,0.000899,-0.010307,0.000015,0.999946,0.000011,0.090425,-0.001052,-0.207754
11.900000,drone2,ekf,0.985417,-0.002511,1.594257,0.000898,-0.010311,0.000020,0.999946,0.000021,0.140982,0.001589,-0.231595
11.900000,drone3,ekf,0.963648,0.595860,1.587527,0.000899,-0.010307,0.000015,0.999946,0.000011,0.088775,-0.001067,-0.207726
11.900000,drone2,ekf,0.983650,-0.002595,1.594237,0.000898,-0.010311,0.000020,0.999946,0.000021,0.138587,0.001476,-0.231621
11.920000,drone3,raw,0.931938,0.594939,1.566235,0.000882,-0.010324,0.000015,0.999946,0.000012,-0.014120,0.001624,-0.224706
11.920000,drone2,raw,0.931396,-0.005074,1.571729,0.000882,-0.010327,0.000008,0.999946,-0.000002,-0.014121,0.001624,-0.223710
11.920000,drone1,raw,0.932007,-0.605059,1.564118,0.000882,-0.010324,0.000023,0.999946,0.000027,-0.014096,0.001625,-0.222701
11.940000,drone3,raw,0.931752,0.594980,1.561708,0.000865,-0.010339,0.000015,0.999946,0.000012,-0.014008,0.001658,-0.225618
11.940000,drone2,raw,0.931210,-0.005032,1.567222,0.000865,-0.010342,0.000020,0.999946,0.000022,-0.014008,0.001669,-0.224610
11.940000,drone1,raw,0.931821,-0.605017,1.559632,0.000865,-0.010339,0.000023,0.999946,0.000027,-0.013984,0.001658,-0.223589
11.952000,drone1,ekf,0.931621,-0.588839,1.568758,0.000865,-0.010339,0.000023,0.999946,0.000027,0.002103,0.028641,-0.254102
11.952000,drone2,ekf,0.989290,-0.002799,1.581802,0.000865,-0.010342,0.000020,0.999946,0.000022,0.147667,-0.002463,-0.239216
11.952000,drone3,ekf,0.967219,0.596146,1.577387,0.000855,-0.010348,0.000015,0.999946,0.000012,0.094505,0.005842,-0.194378
11.952000,drone3,ekf,0.965872,0.596129,1.577354,0.000855,-0.010348,0.000015,0.999946,0.000012,0.092581,0.005817,-0.194422
11.952000,drone3,ekf,0.964618,0.596113,1.577323,0.000855,-0.010348,0.000015,0.999946,0.000012,0.090790,0.005794,-0.194464
11.952000,drone3,ekf,0.963448,0.596097,1.577294,0.000855,-0.010348,0.000015,0.999946,0.000012,0.089119,0.005773,-0.194502
11.952000,drone1,ekf,0.931550,-0.589443,1.568945,0.000854,-0.010348,0.000023,0.999946,0.000028,0.002001,0.027778,-0.253851
11.952000,drone2,ekf,0.987245,-0.002875,1.581807,0.000854,-0.010351,0.000008,0.999946,-0.000001,0.144897,-0.002567,-0.239210
11.952000,drone1,ekf,0.931483,-0.590005,1.569120,0.000854,-0.010348,0.000023,0.999946,0.000028,0.001906,0.026976,-0.253617
11.952000,drone2,ekf,0.985335,-0.002946,1.581811,0.000854,-0.010351,0.000008,0.999946,-0.000001,0.142308,-0.002663,-0.239205
11.952000,drone1,ekf,0.931421,-0.590530,1.569285,0.000854,-0.010348,0.000023,0.999946,0,0.002103,0.028641,-0.254102
11.952
11.952000,drone2,ekf,0.983546,-0.003012,1.581814,0.000854,-0.010351,0.000008,0.999946,-0.000001,0.139884,-0.002753,-0.239200
11.960000,drone1,raw,0.931638,-0.604976,1.555124,0.000848,-0.010353,0.000023,0.999946,0.000028,-0.013888,0.001691,-0.224600
11.960000,drone2,raw,0.931026,-0.004990,1.562694,0.000847,-0.010356,0.000031,0.999946,0.000045,-0.013911,0.001714,-0.225633
11.960000,drone3,raw,0.931569,0.595022,1.557160,0.000848,-0.010353,0.000015,0.999946,0.000013,-0.013912,0.001691,-0.226653
11.980000,drone3,raw,0.931388,0.595064,1.552587,0.000831,-0.010367,0.000015,0.999946,0.000013,-0.013830,0.001724,-0.227804
11.980000,drone2,raw,0.930845,-0.004947,1.558142,0.000830,-0.010369,0.000020,0.999946,0.000022,-0.013829,0.001735,-0.226772
11.980000,drone1,raw,0.931456,-0.604933,1.550593,0.000830,-0.010367,0.000023,0.999946,0.000028,-0.013806,0.001724,-0.225728
12.000000,drone3,raw,0.931208,0.595107,1.547988,0.000813,-0.010379,0.000015,0.999946,0.000013,-0.013762,0.001756,-0.229058
12.000000,drone2,raw,0.930665,-0.004904,1.553564,0.000813,-0.010382,0.000008,0.999946,-0.000000,-0.013759,0.001757,-0.228014
12.000000,drone1,raw,0.931277,-0.604890,1.546037,0.000813,-0.010379,0.000023,0.999946,0.000028,-0.013738,0.001757,-0.226959
12.000000,drone2,ekf,0.988289,-0.002711,1.570437,0.000819,-0.010377,0.000031,0.999946,0.000046,0.140894,0.007853,-0.237404
12.000000,drone1,ekf,0.931984,-0.589453,1.556829,0.000820,-0.010374,0.000023,0.999946,0.000028,0.013811,0.034429,-0.264101
12.000000,drone3,ekf,0.966850,0.596131,1.567522,0.000813,-0.010379,0.000015,0.999946,0.000013,0.098896,0.000961,-0.202126
12.000000,drone2,ekf,0.986275,-0.002786,1.570456,0.000819,-0.010377,0.000031,0.999946,0.000046,0.138164,0.007751,-0.237379
12.000000,drone1,ekf,0.931885,-0.590028,1.557050,0.000820,-0.010374,0.000023,0.999946,0.000028,0.013669,0.033609,-0.263806
12.000000,drone3,ekf,0.965508,0.596118,1.567451,0.000813,-0.010379,0.000015,0.999946,0.000013,0.096982,0.000942,-0.202220
12.000000,drone2,ekf,0.984392,-0.002856,1.570473,0.000813,-0.010382,0.000008,0.999946,-0.000000,0.135612,0.007656,-0.237357
12.000000,drone2,ekf,0.982628,-0.002922,1.570489,0.000813,-0.010382,0.000008,0.999946,-0.000000,0.133222,0.007567,-0.237335
12.000000,drone1,ekf,0.931792,-0.590563,1.557256,0.000813,-0.010379,0.000023,0.999946,0.000028,0.013537,0.032846,-0.263530
12.000000,drone3,ekf,0.964259,0.596105,1.567385,0.000813,-0.010379,0.000015,0.999946,0.000013,0.095199,0.000925,-0.202308
12.000000,drone3,ekf,0.963093,0.596094,1.567324,0.000813,-0.010379,0.000015,0.999946,0.000013,0.093534,0.000909,-0.202391
12.000000,drone1,ekf,0.931706,-0.591063,1.557450,0.000813,-0.010379,0.000023,0.999946,0.000028,0.013414,0.032132,-0.263271
12.020000,drone3,raw,0.931031,0.595151,1.543362,0.000795,-0.010391,0.000015,0.999946,0.000014,-0.013705,0.001788,-0.230400
12.020000,drone2,raw,0.930488,-0.004860,1.548959,0.000795,-0.010393,0.000020,0.999946,0.000023,-0.013702,0.001800,-0.229344
12.020000,drone1,raw,0.931099,-0.604847,1.541453,0.000795,-0.010391,0.000023,0.999946,0.000029,-0.013681,0.001789,-0.228279
12.040000,drone3,raw,0.930855,0.595195,1.538706,0.000777,-0.010402,0.000015,0.999946,0.000014,-0.013658,0.001820,-0.231810
12.040000,drone2,raw,0.930311,-0.004816,1.544325,0.000777,-0.010404,0.000031,0.999946,0.000046,-0.013654,0.001844,-0.230743
12.040000,drone1,raw,0.930922,-0.604803,1.536841,0.000777,-0.010401,0.000023,0.999946,0.000029,-0.013633,0.001821,-0.229667
12.052000,drone3,ekf,0.967329,0.596439,1.557523,0.000777,-0.010402,0.000015,0.999946,0.000014,0.107942,0.007013,-0.185781
12.052000,drone2,ekf,0.986707,-0.002344,1.558220,0.000777,-0.010404,0.000031,0.999946,0.000046,0.116563,0.012719,-0.236401
12.052000,drone1,ekf,0.932515,-0.588897,1.544403,0.000777,-0.010401,0.000023,0.999946,0.000029,0.018148,0.053031,-0.255447
12.052000,drone3,ekf,0.965947,0.596419,1.557382,0.000767,-0.010408,0.000015,0.999946,0.000014,0.105971,0.006985,-0.185969
12.052000,drone2,ekf,0.984719,-0.002428,1.558245,0.000766,-0.010410,0.000020,0.999946,0.000024,0.113870,0.012605,-0.236369
12.052000,drone1,ekf,0.932380,-0.589490,1.544640,0.000766,-0.010408,0.000023,0.999946,0.000029,0.017955,0.052184,-0.255130
12.052000,drone3,ekf,0.964661,0.596401,1.557250,0.000767,-0.010408,0.000015,0.999946,0.000014,0.104136,0.006959,-0.186145
12.052000,drone2,ekf,0.982862,-0.002507,1.558268,0.000766,-0.010410,0.000020,0.999946,0.000024,0.111353,0.012498,-0.236338
12.052000,drone1,ekf,0.932254,-0.590042,1.544862,0.000766,-0.010408,0.000023,0.999946,0.000029,0.017776,0.051396,-0.254834
12.052000,drone3,ekf,0.963460,0.596383,1.557127,0.000767,-0.010408,0.000015,0.999946,0.000014,0.102423,0.006934,-0.186310
12.052000,drone2,ekf,0.981123,-0.002581,1.558289,0.000766,-0.010410,0.000020,0.999946,0.000024,0.108997,0.012399,-0.236309
12.052000,drone1,ekf,0.932136,-0.590558,1.545070,0.000766,-0.010408,0.000023,0.999946,0.000029,0.017608,0.050661,-0.254557
12.060000,drone2,raw,0.930136,-0.004772,1.539662,0.000759,-0.010414,0.000020,0.999945,0.000024,-0.013613,0.001864,-0.232190
12.060000,drone3,raw,0.930680,0.595239,1.534022,0.000759,-0.010412,0.000015,0.999946,0.000014,-0.013618,0.001852,-0.233267
12.060000,drone1,raw,0.930747,-0.604759,1.532200,0.000759,-0.010411,0.000023,0.999946,0.000030,-0.013593,0.001852,-0.231102
12.080000,drone3,raw,0.930507,0.595284,1.529307,0.000741,-0.010421,0.000015,0.999945,0.000015,-0.013582,0.001884,-0.234748
12.080000,drone1,raw,0.930574,-0.604714,1.527529,0.000741,-0.010421,0.000023,0.999945,0.000030,-0.013558,0.001884,-0.232562
12.080000,drone2,raw,0.929963,-0.004727,1.534970,0.000741,-0.010423,0.000008,0.999945,0.000001,-0.013577,0.001885,-0.233659
12.100000,drone2,raw,0.929791,-0.004681,1.530248,0.000722,-0.010431,0.000020,0.999945,0.000025,-0.013544,0.001927,-0.235128
12.100000,drone1,raw,0.930402,-0.604668,1.522830,0.000722,-0.010429,0.000023,0.999945,0.000030,-0.013525,0.001915,-0.234020
12.100000,drone3,ekf,0.967172,0.596162,1.548308,0.000730,-0.010426,0.000015,0.999945,0.000015,0.106207,-0.004487,-0.179324
12.100000,drone2,ekf,0.984412,-0.002074,1.547201,0.000729,-0.010428,0.000020,0.999945,0.000024,0.108478,0.012403,-0.231325
12.100000,drone1,ekf,0.933253,-0.588537,1.532855,0.000730,-0.010426,0.000023,0.999945,0.000030,0.026926,0.054602,-0.259628
12.100000,drone3,ekf,0.965789,0.596156,1.548098,0.000723,-0.010429,0.000015,0.999945,0.000015,0.104236,-0.004495,-0.179605
12.100000,drone2,ekf,0.982498,-0.002163,1.547217,0.000729,-0.010428,0.000020,0.999945,0.000024,0.105885,0.012283,-0.231304
12.100000,drone1,ekf,0.933077,-0.589136,1.533101,0.000730,-0.010426,0.000023,0.999945,0.000030,0.026676,0.053748,-0.259299
12.100000,drone3,raw,0.930335,0.595330,1.524563,0.000723,-0.010429,0.000015,0.999945,0.000015,-0.013549,0.001915,-0.236228
12.100000,drone3,ekf,0.964502,0.596150,1.547901,0.000723,-0.010429,0.000015,0.999945,0.000015,0.102400,-0.004503,-0.179869
12.100000,drone2,ekf,0.980710,-0.002247,1.547231,0.000722,-0.010431,0.000020,0.999945,0.000025,0.103461,0.012170,-0.231285
12.100000,drone1,ekf,0.932914,-0.589693,1.533331,0.000722,-0.010429,0.000023,0.999945,0.000030,0.026443,0.052953,-0.258991
12.100000,drone2,ekf,0.979034,-0.002324,1.547245,0.000722,-0.010431,0.000020,0.999945,0.000025,0.101190,0.012064,-0.231266
12.100000,drone1,ekf,0.932762,-0.590214,1.533548,0.000722,-0.010429,0.000023,0.999945,0.000030,0.026225,0.052211,-0.258702
12.100000,drone3,ekf,0.963300,0.596145,1.547716,0.000723,-0.010429,0.000015,0.999945,0.000015,0.100685,-0.004511,-0.180115
12.120000,drone3,raw,0.930165,0.595376,1.519791,0.000704,-0.010437,0.000015,0.999945,0.000016,-0.013515,0.001946,-0.237680
12.120000,drone2,raw,0.929620,-0.004634,1.525498,0.000703,-0.010439,0.000031,0.999945,0.000048,-0.013509,0.001970,-0.236570
12.120000,drone1,raw,0.930231,-0.604622,1.518102,0.000703,-0.010437,0.000023,0.999945,0.000031,-0.013491,0.001947,-0.235452
12.140000,drone3,raw,0.929996,0.595422,1.514991,0.000685,-0.010444,0.000015,0.999945,0.000016,-0.013478,0.001977,-0.239081
12.140000,drone2,raw,0.929451,-0.004588,1.520720,0.000685,-0.010446,0.000020,0.999945,0.000025,-0.013472,0.001990,-0.237960
12.140000,drone1,raw,-0.002324,1.547245,0.000722,-0.01043,-0.010444,0.000023,0.999945,0.000031,-0.013454,0.001978,-0.236832
12.152000,drone3,ekf,0.967415,0.595535,1.538397,0.000674,-0.010448,0.000015,0.999945,0.000016,0.106250,-0.012115,-0.173507
12.152000,drone2,ekf,0.982457,-0.001790,1.534562,0.000685,-0.010446,0.000020,0.999945,0.000025,0.101724,0.012104,-0.244349
12.152000,drone1,ekf,0.934279,-0.587457,1.519960,0.000685,-0.010444,0.000023,0.999945,0.000031,0.033563,0.065219,-0.266404
12.152000,drone2,ekf,0.980584,-0.001885,1.534586,0.000685,-0.010446,0.000020,0.999945,0.000025,0.099186,0.011975,-0.244318
12.152000,drone1,ekf,0.934050,-0.588092,1.520226,0.000685,-0.010444,0.000023,0.999945,0.000031,0.033237,0.064313,-0.266048
12.152000,drone3,ekf,0.966001,0.595556,1.538100,0.000674,-0.010448,0.000015,0.999945,0.000016,0.104235,-0.012085,-0.173904
12.152000,drone2,ekf,0.978834,-0.001973,1.534608,0.000673,-0.010450,0.000031,0.999945,0.000049,0.096815,0.011855,-0.244289
12.152000,drone2,ekf,0.977196,-0.002056,1.534628,0.000673,-0.010450,0.000031,0.999945,0.000049,0.094594,0.011743,-0.244261
12.152000,drone1,ekf,0.933837,-0.588685,1.520475,0.000673,-0.010448,0.000023,0.999945,0.000031,0.032933,0.063469,-0.265716
12.152000,drone3,ekf,0.964684,0.595575,1.537822,0.000674,-0.010448,0.000015,0.999945,0.000016,0.102358,-0.012058,-0.174275
12.152000,drone1,ekf,0.933639,-0.589237,1.520708,0.000673,-0.010448,0.000023,0.999945,0.000031,0.032650,0.062681,-0.265404
12.152000,drone3,ekf,0.963456,0.595593,1.537561,0.000674,-0.010448,0.000015,0.999945,0.000016,0.100607,-0.012032,-0.174623
12.160000,drone3,raw,0.929829,0.595469,1.510166,0.000666,-0.010450,0.000015,0.999945,0.000016,-0.013436,0.002008,-0.240405
12.160000,drone2,raw,0.929283,-0.004541,1.515918,0.000666,-0.010452,0.000008,0.999945,0.000003,-0.013429,0.002010,-0.239274
12.160000,drone1,raw,0.929893,-0.604529,1.508567,0.000666,-0.010450,0.000023,0.999945,0.000031,-0.013411,0.002009,-0.238136
12.180000,drone2,raw,0.929117,-0.004493,1.511092,0.000646,-0.010457,0.000020,0.999945,0.000026,-0.013377,0.002052,-0.240489
12.180000,drone1,raw,0.929727,-0.604481,1.503765,0.000647,-0.010456,0.000023,0.999945,0.000032,-0.013360,0.002040,-0.239341
12.180000,drone3,raw,0.929663,0.595517,1.505317,0.000647,-0.010456,0.000015,0.999945,0.000017,-0.013385,0.002040,-0.241629
12.200000,drone2,raw,0.928953,-0.004444,1.506246,0.000627,-0.010462,0.000031,0.999945,0.000050,-0.013315,0.002095,-0.241583
12.200000,drone1,raw,0.929563,-0.604434,1.498942,0.000627,-0.010460,0.000023,0.999945,0.000032,-0.013299,0.002071,-0.240426
12.200000,drone2,ekf,0.979696,-0.001604,1.521550,0.000627,-0.010462,0.000031,0.999945,0.000050,0.089330,0.011451,-0.273942
12.200000,drone1,ekf,0.935820,-0.586417,1.508212,0.000635,-0.010458,0.000023,0.999945,0.000032,0.051642,0.072635,-0.266008
12.200000,drone2,ekf,0.977913,-0.001701,1.521620,0.000627,-0.010462,0.000031,0.999945,0.000050,0.086913,0.011320,-0.273848
12.200000,drone3,ekf,0.967642,0.595355,1.528137,0.000628,-0.010460,0.000015,0.999945,0.000017,0.117032,-0.005610,-0.189184
12.200000,drone2,ekf,0.976247,-0.001791,1.521686,0.000627,-0.010462,0.000031,0.999945,0.000050,0.084655,0.011197,-0.273760
12.200000,drone1,ekf,0.935524,-0.587082,1.508483,0.000627,-0.010460,0.000023,0.999945,0.000032,0.051220,0.071688,-0.265645
12.200000,drone2,ekf,0.974686,-0.001876,1.521748,0.000627,-0.010462,0.000031,0.999945,0.000050,0.082539,0.011082,-0.273677
12.200000,drone3,ekf,0.966214,0.595386,1.527795,0.000628,-0.010460,0.000015,0.999945,0.000017,0.114998,-0.005566,-0.189641
12.200000,drone1,ekf,0.935249,-0.587701,1.508737,0.000627,-0.010460,0.000023,0.999945,0.000032,0.050827,0.070805,-0.265306
12.200000,drone3,raw,0.929499,0.595565,1.500447,0.000628,-0.010460,0.000015,0.999945,0.000017,-0.013323,0.002071,-0.242733
12.200000,drone3,ekf,0.964885,0.595415,1.527475,0.000628,-0.010460,0.000015,0.999945,0.000017,0.113103,-0.005524,-0.190069
12.200000,drone1,ekf,0.934991,-0.588279,1.508975,0.000627,-0.010460,0.000023,0.999945,0.000032,0.050460,0.069982,-0.264988
12.200000,drone3,ekf,0.963643,0.595442,1.527175,0.000628,-0.010460,0.000015,0.999945,0.000017,0.111334,-0.005486,-0.190470
12.220000,drone3,raw,0.929337,0.595613,1.495560,0.000608,-0.010464,0.000015,0.999945,0.000017,-0.013250,0.002102,-0.243698
12.220000,drone2,raw,0.928790,-0.004396,1.501382,0.000608,-0.010465,0.000020,0.999945,0.000027,-0.013241,0.002115,-0.242538
12.220000,drone1,raw,0.929400,-0.604385,1.494101,0.000608,-0.010464,0.000023,0.999945,0.000033,-0.013225,0.002102,-0.241372
12.240000,drone3,raw,0.929177,0.595662,1.490658,0.000589,-0.010466,0.000015,0.999945,0.000018,-0.013163,0.002133,-0.244509
12.240000,drone2,raw,0.928630,-0.004347,1.496503,0.000588,-0.010467,0.000008,0.999945,0.000004,-0.013153,0.002135,-0.243339
12.240000,drone1,raw,0.929240,-0.604337,1.489246,0.000588,-0.010466,0.000023,0.999945,0.000033,-0.013138,0.002133,-0.242164
12.252000,drone1,ekf,0.938124,-0.585443,1.495047,0.000588,-0.010466,0.000023,0.999945,0.000033,0.067811,0.067931,-0.273441
12.252000,drone3,ekf,0.968064,0.595558,1.516834,0.000577,-0.010467,0.000015,0.999945,0.000018,0.113096,0.001692,-0.191348
12.252000,drone2,ekf,0.977328,-0.002344,1.508102,0.000576,-0.010468,0.000020,0.999945,0.000028,0.083917,-0.007713,-0.264273
12.252000,drone1,ekf,0.937729,-0.586142,1.495339,0.000576,-0.010467,0.000023,0.999945,0.000033,0.067249,0.066936,-0.273052
12.252000,drone3,ekf,0.966599,0.595587,1.516442,0.000577,-0.010467,0.000015,0.999945,0.000018,0.111010,0.001733,-0.191872
12.252000,drone2,ekf,0.975602,-0.002412,1.508199,0.000576,-0.010468,0.000020,0.999945,0.000028,0.081577,-0.007805,-0.264144
12.252000,drone1,ekf,0.937362,-0.586792,1.495611,0.000576,-0.010467,0.000023,0.999945,0.000033,0.066725,0.066010,-0.272688
12.252000,drone3,ekf,0.965235,0.595614,1.516076,0.000577,-0.010467,0.000015,0.999945,0.000018,0.109067,0.001771,-0.192361
12.252000,drone2,ekf,0.973989,-0.002476,1.508290,0.000576,-0.010468,0.000020,0.999945,0.000028,0.079390,-0.007890,-0.264023
12.252000,drone1,ekf,0.937019,-0.587399,1.495867,0.000576,-0.010467,0.000023,0.999945,0.000033,0.066237,0.065146,-0.272347
12.252000,drone3,ekf,0.963962,0.595638,1.515733,0.000577,-0.010467,0.000015,0.999945,0.000018,0.107254,0.001806,-0.192820
12.252000,drone2,ekf,0.972478,-0.002535,1.508374,0.000576,-0.010468,0.000020,0.999945,0.000028,0.077343,-0.007971,-0.263909
12.260000,drone3,raw,0.929020,0.595711,1.485745,0.000569,-0.010467,0.000015,0.999945,0.000018,-0.013060,0.002164,-0.245154
12.260000,drone2,raw,0.928473,-0.004298,1.491614,0.000568,-0.010469,0.000020,0.999945,0.000028,-0.013050,0.002177,-0.243975
12.260000,drone1,raw,0.929082,-0.604287,1.484381,0.000568,-0.010467,0.000023,0.999945,0.000033,-0.013035,0.002164,-0.242790
12.280000,drone3,raw,0.928865,0.595761,1.480825,0.000549,-0.010468,0.000015,0.999945,0.000019,-0.012942,0.002194,-0.245624
12.280000,drone1,raw,0.928927,-0.604238,1.479508,0.000549,-0.010468,0.000023,0.999945,0.000034,-0.012917,0.002195,-0.243243
12.280000,drone2,raw,0.928318,-0.004247,1.486717,0.000548,-0.010469,0.000031,0.999945,0.000051,-0.012931,0.002219,-0.244436
12.300000,drone2,raw,0.928166,-0.004197,1.481817,0.000528,-0.010468,0.000020,0.999945,0.000029,-0.012795,0.002239,-0.244718
12.300000,drone1,raw,0.928775,-0.604188,1.474632,0.000528,-0.010467,0.000023,0.999945,0.000034,-0.012782,0.002226,-0.243517
12.300000,drone2,ekf,0.974862,-0.003297,1.495221,0.000536,-0.010468,0.000020,0.999945,0.000029,0.084067,-0.015230,-0.276833
12.300000,drone3,raw,0.928713,0.595811,1.475900,0.000529,-0.010467,0.000015,0.999945,0.000019,-0.012807,0.002225,-0.245915
12.300000,drone1,ekf,0.940128,-0.584703,1.483044,0.000537,-0.010467,0.000023,0.999945,0.000034,0.074732,0.071129,-0.273413
12.300000,drone3,ekf,0.968408,0.595494,1.506369,0.000537,-0.010467,0.000015,0.999945,0.000019,0.123576,-0.003740,-0.185988
12.300000,drone2,ekf,0.973216,-0.003328,1.495354,0.000528,-0.010468,0.000020,0.999945,0.000029,0.081835,-0.015272,-0.276654
12.300000,drone1,ekf,0.939652,-0.585419,1.483344,0.000528,-0.010467,0.000023,0.999945,0.000034,0.074054,0.070110,-0.273012
12.300000,drone2,ekf,0.971677,-0.003358,1.495480,0.000528,-0.010468,0.000020,0.999,-0.012942,0.002194,-0.245624
1,-0.276487
12.300000,drone3,ekf,0.966927,0.595529,1.505935,0.000529,-0.010467,0.000015,0.999945,0.000019,0.121467,-0.003690,-0.186569
12.300000,drone2,ekf,0.970236,-0.003385,1.495597,0.000528,-0.010468,0.000020,0.999945,0.000029,0.077795,-0.015349,-0.276330
12.300000,drone1,ekf,0.939208,-0.586086,1.483624,0.000528,-0.010467,0.000023,0.999945,0.000034,0.073422,0.069160,-0.272637
12.300000,drone1,ekf,0.938793,-0.586709,1.483888,0.000528,-0.010467,0.000023,0.999945,0.000034,0.072832,0.068273,-0.272286
12.300000,drone3,ekf,0.965547,0.595561,1.505528,0.000529,-0.010467,0.000015,0.999945,0.000019,0.119503,-0.003644,-0.187112
12.300000,drone3,ekf,0.964259,0.595592,1.505147,0.000529,-0.010467,0.000015,0.999945,0.000019,0.117669,-0.003600,-0.187622
12.320000,drone1,raw,0.928626,-0.604137,1.469755,0.000508,-0.010464,0.000023,0.999945,0.000035,-0.012631,0.002257,-0.243612
12.320000,drone3,raw,0.928565,0.595861,1.470975,0.000509,-0.010464,0.000015,0.999945,0.000020,-0.012657,0.002256,-0.246027
12.320000,drone2,raw,0.928017,-0.004147,1.476916,0.000508,-0.010465,0.000008,0.999945,0.000006,-0.012644,0.002259,-0.244822
12.340000,drone3,raw,0.928420,0.595912,1.466054,0.000488,-0.010461,0.000015,0.999945,0.000020,-0.012491,0.002287,-0.245963
12.340000,drone2,raw,0.927872,-0.004095,1.472019,0.000488,-0.010462,0.000020,0.999945,0.000030,-0.012476,0.002300,-0.244749
12.340000,drone1,raw,0.928480,-0.604086,1.464882,0.000488,-0.010461,0.000023,0.999945,0.000035,-0.012465,0.002287,-0.243531
12.352000,drone3,ekf,0.969247,0.595484,1.494821,0.000488,-0.010461,0.000015,0.999945,0.000020,0.125302,-0.002851,-0.189389
12.352000,drone2,ekf,0.973201,-0.003920,1.481744,0.000488,-0.010462,0.000020,0.999945,0.000030,0.087939,-0.010192,-0.269459
12.352000,drone3,ekf,0.967715,0.595524,1.494342,0.000476,-0.010458,0.000015,0.999945,0.000020,0.123122,-0.002794,-0.190029
12.352000,drone2,ekf,0.971589,-0.003926,1.481904,0.000476,-0.010459,0.000008,0.999945,0.000007,0.085753,-0.010200,-0.269246
12.352000,drone3,ekf,0.966288,0.595561,1.493895,0.000476,-0.010458,0.000015,0.999945,0.000020,0.121092,-0.002741,-0.190627
12.352000,drone2,ekf,0.970083,-0.003931,1.482053,0.000476,-0.010459,0.000008,0.999945,0.000007,0.083712,-0.010207,-0.269047
12.352000,drone3,ekf,0.964956,0.595596,1.493475,0.000476,-0.010458,0.000015,0.999945,0.000020,0.119196,-0.002691,-0.191188
12.352000,drone2,ekf,0.968673,-0.003936,1.482192,0.000476,-0.010459,0.000008,0.999945,0.000007,0.081800,-0.010214,-0.268860
12.352000,drone1,ekf,0.943059,-0.583816,1.469594,0.000476,-0.010458,0.000023,0.999945,0.000035,0.093469,0.069964,-0.281159
12.352000,drone1,ekf,0.942462,-0.584562,1.469922,0.000476,-0.010458,0.000023,0.999945,0.000035,0.092619,0.068901,-0.280721
12.352000,drone1,ekf,0.941906,-0.585258,1.470229,0.000476,-0.010458,0.000023,0.999945,0.000035,0.091828,0.067912,-0.280312
12.352000,drone1,ekf,0.941387,-0.585907,1.470516,0.000476,-0.010458,0.000023,0.999945,0.000035,0.091090,0.066988,-0.279928
12.360000,drone3,raw,0.928278,0.595964,1.461138,0.000468,-0.010455,0.000015,0.999945,0.000020,-0.012310,0.002317,-0.245730
12.360000,drone2,raw,0.927730,-0.004044,1.467128,0.000467,-0.010456,0.000031,0.999945,0.000053,-0.012294,0.002342,-0.244508
12.360000,drone1,raw,0.928338,-0.604035,1.460016,0.000467,-0.010455,0.000023,0.999945,0.000036,-0.012284,0.002318,-0.243281
12.380000,drone3,raw,0.928140,0.596015,1.456232,0.000447,-0.010449,0.000015,0.999945,0.000021,-0.012115,0.002348,-0.245338
12.380000,drone2,raw,0.927592,-0.003992,1.462246,0.000447,-0.010450,0.000020,0.999945,0.000030,-0.012098,0.002362,-0.244108
12.380000,drone1,raw,0.928200,-0.603983,1.455159,0.000447,-0.010449,0.000023,0.999945,0.000036,-0.012089,0.002348,-0.242874
12.400000,drone3,raw,0.928007,0.596068,1.451338,0.000427,-0.010440,0.000015,0.999945,0.000021,-0.011908,0.002378,-0.244801
12.400000,drone1,raw,0.928066,-0.603931,1.450315,0.000426,-0.010440,0.000023,0.999945,0.000037,-0.011882,0.002378,-0.242321
12.400000,drone2,raw,0.927458,-0.003940,1.457377,0.000426,-0.010441,0.000008,0.999945,0.000008,-0.011891,0.002381,-0.243562
12.400000,drone2,ekf,0.971284,-0.003857,1.470161,0.000434,-0.010445,0.000031,0.999945,0.000054,0.086763,0.001727,-0.253876
12.400000,drone1,ekf,0.945486,-0.583126,1.456911,0.000434,-0.010444,0.000023,0.999945,0.000036,0.099820,0.073856,-0.290968
12.400000,drone3,ekf,0.969764,0.594956,1.482912,0.000427,-0.010440,0.000015,0.999945,0.000021,0.132613,-0.014668,-0.210205
12.400000,drone2,ekf,0.969734,-0.003860,1.470316,0.000426,-0.010441,0.000008,0.999945,0.000008,0.084662,0.001723,-0.253669
12.400000,drone2,ekf,0.968286,-0.003863,1.470460,0.000426,-0.010441,0.000008,0.999945,0.000008,0.082698,0.001718,-0.253476
12.400000,drone1,ekf,0.944795,-0.583888,1.457272,0.000426,-0.010440,0.000023,0.999945,0.000037,0.098837,0.072772,-0.290486
12.400000,drone3,ekf,0.968211,0.595019,1.482441,0.000427,-0.010440,0.000015,0.999945,0.000021,0.130404,-0.014578,-0.210835
12.400000,drone2,ekf,0.966929,-0.003866,1.470596,0.000426,-0.010441,0.000008,0.999945,0.000008,0.080858,0.001714,-0.253295
12.400000,drone1,ekf,0.944151,-0.584598,1.457609,0.000426,-0.010440,0.000023,0.999945,0.000037,0.097922,0.071762,-0.290036
12.400000,drone3,ekf,0.966765,0.595078,1.482000,0.000427,-0.010440,0.000015,0.999945,0.000021,0.128346,-0.014494,-0.211425
12.400000,drone1,ekf,0.943550,-0.585261,1.457925,0.000426,-0.010440,0.000023,0.999945,0.000037,0.097067,0.070819,-0.289613
12.400000,drone3,ekf,0.965414,0.595133,1.481586,0.000427,-0.010440,0.000015,0.999945,0.000021,0.126424,-0.014416,-0.211977
12.420000,drone2,raw,0.927328,-0.003887,1.452523,0.000405,-0.010432,0.000020,0.999946,0.000031,-0.011672,0.002422,-0.242889
12.420000,drone1,raw,0.927935,-0.603879,1.445486,0.000405,-0.010431,0.000023,0.999946,0.000037,-0.011665,0.002408,-0.241640
12.420000,drone3,raw,0.927877,0.596120,1.446459,0.000406,-0.010431,0.000015,0.999946,0.000022,-0.011691,0.002408,-0.244135
12.440000,drone3,raw,0.927751,0.596173,1.441597,0.000385,-0.010419,0.000015,0.999946,0.000022,-0.011466,0.002437,-0.243358
12.440000,drone2,raw,0.927203,-0.003833,1.447686,0.000384,-0.010420,0.000031,0.999946,0.000055,-0.011446,0.002462,-0.242104
12.440000,drone1,raw,0.927809,-0.603826,1.440674,0.000384,-0.010419,0.000023,0.999946,0.000037,-0.011439,0.002438,-0.240848
12.452000,drone3,ekf,0.971182,0.594685,1.469487,0.000385,-0.010419,0.000015,0.999946,0.000022,0.142056,-0.010106,-0.224086
12.452000,drone2,ekf,0.971146,-0.004021,1.457878,0.000384,-0.010420,0.000031,0.999946,0.000055,0.111104,-0.003106,-0.247353
12.452000,drone1,ekf,0.948571,-0.583232,1.443350,0.000384,-0.010419,0.000023,0.999946,0.000037,0.112192,0.053540,-0.287925
12.452000,drone3,ekf,0.969559,0.594763,1.469039,0.000372,-0.010412,0.000015,0.999946,0.000023,0.139748,-0.009995,-0.224684
12.452000,drone1,ekf,0.947755,-0.583990,1.443747,0.000384,-0.010419,0.000023,0.999946,0.000037,0.111032,0.052464,-0.287394
12.452000,drone2,ekf,0.969581,-0.004014,1.458023,0.000372,-0.010412,0.000020,0.999946,0.000032,0.108982,-0.003097,-0.247159
12.452000,drone3,ekf,0.968047,0.594836,1.468620,0.000372,-0.010412,0.000015,0.999946,0.000023,0.137599,-0.009891,-0.225244
12.452000,drone1,ekf,0.946995,-0.584695,1.444119,0.000372,-0.010412,0.000023,0.999946,0.000038,0.109951,0.051461,-0.286897
12.452000,drone2,ekf,0.968119,-0.004008,1.458159,0.000372,-0.010412,0.000020,0.999946,0.000032,0.107000,-0.003088,-0.246978
12.452000,drone3,ekf,0.966636,0.594904,1.468227,0.000372,-0.010412,0.000015,0.999946,0.000023,0.135592,-0.009795,-0.225769
12.452000,drone1,ekf,0.946285,-0.585353,1.444467,0.000372,-0.010412,0.000023,0.999946,0.000038,0.108943,0.050524,-0.286432
12.452000,drone2,ekf,0.966751,-0.004002,1.458286,0.000372,-0.010412,0.000020,0.999946,0.000032,0.105144,-0.003080,-0.246808
12.460000,drone3,raw,0.927630,0.596226,1.436752,0.000364,-0.010406,0.000015,0.999946,0.000023,-0.011234,0.002466,-0.242490
12.460000,drone2,raw,0.927081,-0.003780,1.442867,0.000363,-0.010407,0.000020,0.999946,0.000032,-0.011213,0.002481,-0.241229
12.460000,drone1,raw,0.927687,-0.603773,1.435880,0.000363,-0.010406,0.000023,0.999946,0.000038,-0.011208,0.002467,-0.239966
12.480ekf,0.969581,-0.004014,1.458023,,1.431928,0.000343,-0.010391,0.000015,0.999946,0.000023,-0.010999,0.002495,-0.241552
12.480000,drone2,raw,0.926964,-0.003727,1.438068,0.000342,-0.010392,0.000008,0.999946,0.000010,-0.010977,0.002498,-0.240284
12.480000,drone1,raw,0.927569,-0.603719,1.431106,0.000342,-0.010391,0.000023,0.999946,0.000038,-0.010972,0.002496,-0.239015
12.500000,drone3,raw,0.927399,0.596334,1.427123,0.000321,-0.010375,0.000015,0.999946,0.000024,-0.010762,0.002524,-0.240566
12.500000,drone1,raw,0.927456,-0.603665,1.426353,0.000321,-0.010375,0.000023,0.999946,0.000039,-0.010735,0.002524,-0.238015
12.500000,drone2,raw,0.926850,-0.003672,1.433288,0.000321,-0.010376,0.000020,0.999946,0.000033,-0.010739,0.002538,-0.239291
12.500000,drone3,ekf,0.972001,0.593714,1.457517,0.000330,-0.010382,0.000015,0.999946,0.000023,0.146287,-0.027233,-0.214110
12.500000,drone2,ekf,0.970682,-0.003984,1.447247,0.000329,-0.010383,0.000020,0.999946,0.000033,0.114284,0.000154,-0.232402
12.500000,drone1,ekf,0.950732,-0.584208,1.431416,0.000329,-0.010382,0.000023,0.999946,0.000039,0.111392,0.038769,-0.280502
12.500000,drone3,ekf,0.970349,0.593830,1.457085,0.000321,-0.010375,0.000015,0.999946,0.000024,0.143938,-0.027068,-0.214687
12.500000,drone2,ekf,0.969132,-0.003974,1.447362,0.000329,-0.010383,0.000020,0.999946,0.000033,0.112183,0.000168,-0.232248
12.500000,drone1,ekf,0.949835,-0.584922,1.431827,0.000329,-0.010382,0.000023,0.999946,0.000039,0.110116,0.037754,-0.279952
12.500000,drone3,ekf,0.968810,0.593939,1.456681,0.000321,-0.010375,0.000015,0.999946,0.000024,0.141750,-0.026913,-0.215227
12.500000,drone2,ekf,0.967684,-0.003965,1.447470,0.000321,-0.010376,0.000020,0.999946,0.000033,0.110218,0.000181,-0.232104
12.500000,drone3,ekf,0.967373,0.594041,1.456302,0.000321,-0.010375,0.000015,0.999946,0.000024,0.139707,-0.026769,-0.215733
12.500000,drone2,ekf,0.966327,-0.003956,1.447571,0.000321,-0.010376,0.000020,0.999946,0.000033,0.108378,0.000192,-0.231969
12.500000,drone1,ekf,0.948999,-0.585587,1.432212,0.000321,-0.010375,0.000023,0.999946,0.000039,0.108928,0.036809,-0.279437
12.500000,drone1,ekf,0.948218,-0.586208,1.432574,0.000321,-0.010375,0.000023,0.999946,0.000039,0.107818,0.035927,-0.278955
12.520000,drone3,raw,0.927290,0.596388,1.422339,0.000300,-0.010357,0.000015,0.999946,0.000024,-0.010526,0.002552,-0.239552
12.520000,drone2,raw,0.926741,-0.003617,1.428530,0.000299,-0.010358,0.000031,0.999946,0.000057,-0.010502,0.002577,-0.238271
12.520000,drone1,raw,0.927346,-0.603611,1.421620,0.000299,-0.010357,0.000023,0.999946,0.000039,-0.010499,0.002552,-0.236989
12.540000,drone3,raw,0.927185,0.596442,1.417575,0.000278,-0.010338,0.000015,0.999947,0.000025,-0.010294,0.002579,-0.238533
12.540000,drone2,raw,0.926636,-0.003563,1.423792,0.000278,-0.010339,0.000020,0.999947,0.000034,-0.010268,0.002594,-0.237245
12.540000,drone1,raw,0.927240,-0.603557,1.416908,0.000278,-0.010338,0.000023,0.999947,0.000040,-0.010266,0.002580,-0.235957
12.552000,drone3,ekf,0.972935,0.593589,1.445113,0.000278,-0.010338,0.000015,0.999947,0.000025,0.139635,-0.011125,-0.206844
12.552000,drone2,ekf,0.971011,-0.005132,1.435359,0.000278,-0.010339,0.000020,0.999947,0.000034,0.120369,-0.023646,-0.236782
12.552000,drone1,ekf,0.953684,-0.584628,1.419051,0.000278,-0.010338,0.000023,0.999947,0.000040,0.124614,0.043757,-0.268053
12.552000,drone2,ekf,0.969433,-0.005078,1.435461,0.000278,-0.010339,0.000020,0.999947,0.000034,0.118228,-0.023572,-0.236647
12.552000,drone3,ekf,0.971231,0.593715,1.444678,0.000265,-0.010326,0.000015,0.999947,0.000025,0.137214,-0.010945,-0.207424
12.552000,drone2,ekf,0.967957,-0.005028,1.435555,0.000265,-0.010326,0.000031,0.999947,0.000057,0.116228,-0.023504,-0.236520
12.552000,drone1,ekf,0.952667,-0.585325,1.419468,0.000265,-0.010326,0.000023,0.999947,0.000040,0.123169,0.042766,-0.267496
12.552000,drone2,ekf,0.966576,-0.004981,1.435644,0.000265,-0.010326,0.000031,0.999947,0.000057,0.114355,-0.023440,-0.236402
12.552000,drone3,ekf,0.969644,0.593834,1.444272,0.000265,-0.010326,0.000015,0.999947,0.000025,0.134960,-0.010777,-0.207966
12.552000,drone1,ekf,0.951720,-0.585975,1.419859,0.000265,-0.010326,0.000023,0.999947,0.000040,0.121823,0.041843,-0.266974
12.552000,drone1,ekf,0.950836,-0.586581,1.420224,0.000265,-0.010326,0.000023,0.999947,0.000040,0.120567,0.040982,-0.266486
12.552000,drone3,ekf,0.968163,0.593944,1.443892,0.000265,-0.010326,0.000015,0.999947,0.000025,0.132855,-0.010621,-0.208474
12.560000,drone3,raw,0.927084,0.596497,1.412832,0.000257,-0.010317,0.000015,0.999947,0.000025,-0.010066,0.002607,-0.237526
12.560000,drone1,raw,0.927139,-0.603502,1.412216,0.000256,-0.010317,0.000023,0.999947,0.000040,-0.010038,0.002607,-0.234939
12.560000,drone2,raw,0.926535,-0.003508,1.419075,0.000256,-0.010318,0.000009,0.999947,0.000012,-0.010039,0.002610,-0.236233
12.580000,drone3,raw,0.926987,0.596553,1.408107,0.000235,-0.010295,0.000015,0.999947,0.000026,-0.009845,0.002633,-0.236550
12.580000,drone2,raw,0.926438,-0.003452,1.414376,0.000234,-0.010295,0.000020,0.999947,0.000035,-0.009817,0.002648,-0.235251
12.580000,drone1,raw,0.927041,-0.603447,1.407544,0.000235,-0.010295,0.000023,0.999947,0.000041,-0.009816,0.002634,-0.233951
12.600000,drone3,raw,0.926893,0.596608,1.403401,0.000213,-0.010271,0.000015,0.999947,0.000026,-0.009632,0.002660,-0.235620
12.600000,drone2,raw,0.926344,-0.003396,1.409696,0.000213,-0.010271,0.000031,0.999947,0.000058,-0.009603,0.002685,-0.234315
12.600000,drone1,raw,0.926947,-0.603391,1.402890,0.000213,-0.010271,0.000023,0.999947,0.000041,-0.009603,0.002660,-0.233010
12.600000,drone3,ekf,0.973510,0.593183,1.433244,0.000222,-0.010280,0.000015,0.999947,0.000026,0.147368,-0.018877,-0.213196
12.600000,drone2,ekf,0.971082,-0.006499,1.425004,0.000222,-0.010281,0.000009,0.999947,0.000013,0.126897,-0.033821,-0.223127
12.600000,drone3,ekf,0.971788,0.593329,1.432830,0.000213,-0.010271,0.000015,0.999947,0.000026,0.144922,-0.018670,-0.213749
12.600000,drone2,ekf,0.969502,-0.006395,1.425075,0.000213,-0.010271,0.000031,0.999947,0.000058,0.124754,-0.033680,-0.223033
12.600000,drone1,ekf,0.955515,-0.584991,1.407824,0.000222,-0.010280,0.000023,0.999947,0.000041,0.120127,0.047231,-0.267026
12.600000,drone2,ekf,0.968025,-0.006297,1.425141,0.000213,-0.010271,0.000031,0.999947,0.000058,0.122751,-0.033547,-0.222945
12.600000,drone3,ekf,0.970184,0.593464,1.432443,0.000213,-0.010271,0.000015,0.999947,0.000026,0.142644,-0.018478,-0.214266
12.600000,drone1,ekf,0.954432,-0.585667,1.408240,0.000213,-0.010271,0.000023,0.999947,0.000041,0.118588,0.046272,-0.266470
12.600000,drone2,ekf,0.966641,-0.006206,1.425202,0.000213,-0.010271,0.000031,0.999947,0.000058,0.120874,-0.033423,-0.222863
12.600000,drone3,ekf,0.968685,0.593590,1.432080,0.000213,-0.010271,0.000015,0.999947,0.000026,0.140516,-0.018299,-0.214751
12.600000,drone1,ekf,0.953422,-0.586296,1.408629,0.000213,-0.010271,0.000023,0.999947,0.000041,0.117154,0.045378,-0.265950
12.600000,drone1,ekf,0.952479,-0.586884,1.408994,0.000213,-0.010271,0.000023,0.999947,0.000041,0.115815,0.044543,-0.265463
12.620000,drone3,raw,0.926802,0.596664,1.398712,0.000191,-0.010246,0.000015,0.999947,0.000027,-0.009429,0.002685,-0.234749
12.620000,drone1,raw,0.926856,-0.603335,1.398253,0.000191,-0.010246,0.000023,0.999947,0.000042,-0.009400,0.002686,-0.232128
12.620000,drone2,raw,0.926254,-0.003340,1.405033,0.000191,-0.010246,0.000020,0.999947,0.000036,-0.009399,0.002700,-0.233439
12.640000,drone3,raw,0.926715,0.596720,1.394038,0.000169,-0.010219,0.000015,0.999948,0.000027,-0.009236,0.002711,-0.233946
12.640000,drone2,raw,0.926167,-0.003284,1.400385,0.000169,-0.010220,0.000009,0.999948,0.000014,-0.009205,0.002714,-0.232631
12.640000,drone1,raw,0.926768,-0.603279,1.393632,0.000169,-0.010219,0.000023,0.999948,0.000042,-0.009207,0.002711,-0.231316
12.652000,drone3,ekf,0.974677,0.593424,1.419782,0.000156,-0.010203,0.000015,0.999948,0.000027,0.149371,-0.005930,-0.229362
12.652000,drone2,ekf,0.971815,-0.007959,1.413155,0.000169,-0.010220,0.000009,0.999948,0.000014,0.130601,-0.036765,-0.232875
12.652000,drone1,ekf,0.957825,-0.585764,1.395423,0.000169,-0.010219,0.000023,0.999948,0.000042,0.125427,0.033936,-0.269240
12.652000,drone2,ekf,0.970193,-0.007799,1.413218,0.00015,0.000023,0.999947,0.000041,0,0.000037,0.128402,-0.036548,-0.232791
12.652000,drone1,ekf,0.956646,-0.586410,1.395854,0.000156,-0.010203,0.000023,0.999948,0.000043,0.123752,0.033018,-0.268664
12.652000,drone3,ekf,0.972897,0.593567,1.419409,0.000156,-0.010203,0.000015,0.999948,0.000027,0.146843,-0.005727,-0.229859
12.652000,drone2,ekf,0.968678,-0.007650,1.413276,0.000156,-0.010203,0.000020,0.999948,0.000037,0.126347,-0.036346,-0.232713
12.652000,drone1,ekf,0.955547,-0.587012,1.396257,0.000156,-0.010203,0.000023,0.999948,0.000043,0.122192,0.032164,-0.268126
12.652000,drone3,ekf,0.971238,0.593700,1.419061,0.000156,-0.010203,0.000015,0.999948,0.000027,0.144488,-0.005539,-0.230324
12.652000,drone2,ekf,0.967259,-0.007510,1.413331,0.000156,-0.010203,0.000020,0.999948,0.000037,0.124423,-0.036157,-0.232640
12.652000,drone1,ekf,0.954521,-0.587574,1.396635,0.000156,-0.010203,0.000023,0.999948,0.000043,0.120736,0.031366,-0.267622
12.652000,drone3,ekf,0.969690,0.593824,1.418735,0.000156,-0.010203,0.000015,0.999948,0.000027,0.142290,-0.005363,-0.230760
12.660000,drone3,raw,0.926631,0.596776,1.389377,0.000147,-0.010192,0.000015,0.999948,0.000028,-0.009055,0.002735,-0.233219
12.660000,drone2,raw,0.926082,-0.003227,1.395752,0.000147,-0.010192,0.000020,0.999948,0.000037,-0.009023,0.002750,-0.231899
12.660000,drone1,raw,0.926683,-0.603223,1.389025,0.000147,-0.010192,0.000023,0.999948,0.000043,-0.009025,0.002736,-0.230579
12.680000,drone3,raw,0.926549,0.596833,1.384729,0.000125,-0.010163,0.000015,0.999948,0.000028,-0.008885,0.002760,-0.232571
12.680000,drone2,raw,0.926001,-0.003170,1.391130,0.000125,-0.010163,0.000032,0.999948,0.000060,-0.008852,0.002785,-0.231246
12.680000,drone1,raw,0.926601,-0.603166,1.384430,0.000125,-0.010163,0.000023,0.999948,0.000043,-0.008855,0.002760,-0.229922
12.700000,drone1,raw,0.926522,-0.603109,1.379846,0.000103,-0.010133,0.000023,0.999949,0.000044,-0.008696,0.002784,-0.229344
12.700000,drone1,ekf,0.958878,-0.587232,1.384715,0.000111,-0.010145,0.000023,0.999949,0.000044,0.116182,0.019376,-0.257052
12.700000,drone3,ekf,0.975346,0.593641,1.408806,0.000103,-0.010133,0.000015,0.999949,0.000029,0.155444,-0.006710,-0.198990
12.700000,drone2,ekf,0.972259,-0.007798,1.402886,0.000102,-0.010134,0.000020,0.999949,0.000038,0.138312,-0.009282,-0.218348
12.700000,drone3,raw,0.926470,0.596890,1.380092,0.000103,-0.010133,0.000015,0.999949,0.000029,-0.008727,0.002783,-0.232003
12.700000,drone1,ekf,0.957662,-0.587817,1.385133,0.000111,-0.010145,0.000023,0.999949,0.000044,0.114455,0.018544,-0.256493
12.700000,drone3,ekf,0.973546,0.593780,1.408430,0.000103,-0.010133,0.000015,0.999949,0.000029,0.152889,-0.006512,-0.199493
12.700000,drone2,ekf,0.970625,-0.007640,1.402921,0.000102,-0.010134,0.000020,0.999949,0.000038,0.136095,-0.009068,-0.218301
12.700000,drone1,ekf,0.956528,-0.588363,1.385525,0.000103,-0.010133,0.000023,0.999949,0.000044,0.112846,0.017770,-0.255971
12.700000,drone3,ekf,0.971869,0.593909,1.408078,0.000103,-0.010133,0.000015,0.999949,0.000029,0.150509,-0.006328,-0.199963
12.700000,drone2,ekf,0.969097,-0.007492,1.402954,0.000102,-0.010134,0.000020,0.999949,0.000038,0.134023,-0.008868,-0.218257
12.700000,drone1,ekf,0.955470,-0.588873,1.385891,0.000103,-0.010133,0.000023,0.999949,0.000044,0.111344,0.017046,-0.255481
12.700000,drone3,ekf,0.970302,0.594030,1.407748,0.000103,-0.010133,0.000015,0.999949,0.000029,0.148285,-0.006157,-0.200404
12.700000,drone2,raw,0.925922,-0.003113,1.386520,0.000102,-0.010134,0.000020,0.999949,0.000038,-0.008692,0.002798,-0.230673
12.700000,drone2,ekf,0.967666,-0.007354,1.402985,0.000102,-0.010134,0.000020,0.999949,0.000038,0.132082,-0.008680,-0.218216
12.720000,drone2,raw,0.925846,-0.003056,1.381918,0.000080,-0.010103,0.000009,0.999949,0.000016,-0.008544,0.002810,-0.230176
12.720000,drone1,raw,0.926445,-0.603052,1.375271,0.000080,-0.010102,0.000023,0.999949,0.000044,-0.008548,0.002807,-0.228844
12.720000,drone3,raw,0.926394,0.596947,1.375464,0.000081,-0.010102,0.000015,0.999949,0.000029,-0.008579,0.002807,-0.231510
12.740000,drone2,raw,0.925772,-0.002998,1.377325,0.000058,-0.010071,0.000020,0.999949,0.000039,-0.008406,0.002844,-0.229750
12.740000,drone1,raw,0.926370,-0.602995,1.370704,0.000058,-0.010071,0.000023,0.999949,0.000045,-0.008411,0.002830,-0.228414
12.740000,drone3,raw,0.926319,0.597005,1.370844,0.000059,-0.010071,0.000015,0.999949,0.000030,-0.008442,0.002829,-0.231088
12.752000,drone2,ekf,0.972716,-0.007544,1.391803,0.000058,-0.010071,0.000020,0.999949,0.000039,0.129062,-0.006632,-0.215153
12.752000,drone1,ekf,0.960466,-0.589303,1.373531,0.000058,-0.010071,0.000023,0.999949,0.000045,0.120751,0.001501,-0.245315
12.752000,drone2,ekf,0.971051,-0.007388,1.391809,0.000058,-0.010071,0.000020,0.999949,0.000039,0.126804,-0.006421,-0.215145
12.752000,drone1,ekf,0.959180,-0.589813,1.373928,0.000058,-0.010071,0.000023,0.999949,0.000045,0.118926,0.000777,-0.244784
12.752000,drone2,ekf,0.969495,-0.007243,1.391815,0.000045,-0.010052,0.000009,0.999949,0.000017,0.124693,-0.006224,-0.215137
12.752000,drone2,ekf,0.968038,-0.007107,1.391821,0.000045,-0.010052,0.000009,0.999949,0.000017,0.122717,-0.006040,-0.215129
12.752000,drone1,ekf,0.957982,-0.590288,1.374299,0.000045,-0.010051,0.000023,0.999949,0.000045,0.117227,0.000104,-0.244288
12.752000,drone1,ekf,0.956864,-0.590732,1.374648,0.000045,-0.010051,0.000023,0.999949,0.000045,0.115640,-0.000525,-0.243823
12.752000,drone3,ekf,0.976143,0.593742,1.396941,0.000045,-0.010051,0.000015,0.999949,0.000030,0.147689,-0.008250,-0.200469
12.752000,drone3,ekf,0.974298,0.593884,1.396558,0.000045,-0.010051,0.000015,0.999949,0.000030,0.145072,-0.008050,-0.200981
12.752000,drone3,ekf,0.972580,0.594016,1.396200,0.000045,-0.010051,0.000015,0.999949,0.000030,0.142634,-0.007863,-0.201460
12.752000,drone3,ekf,0.970975,0.594139,1.395864,0.000045,-0.010051,0.000015,0.999949,0.000030,0.140358,-0.007688,-0.201909
12.760000,drone2,raw,0.925700,-0.002940,1.372738,0.000035,-0.010038,0.000032,0.999950,0.000063,-0.008277,0.002878,-0.229386
12.760000,drone1,raw,0.926297,-0.602937,1.366144,0.000036,-0.010038,0.000023,0.999950,0.000045,-0.008282,0.002852,-0.228046
12.760000,drone3,raw,0.926247,0.597062,1.366230,0.000036,-0.010038,0.000015,0.999950,0.000030,-0.008314,0.002852,-0.230728
12.780000,drone1,raw,0.926226,-0.602879,1.361590,0.000013,-0.010004,0.000023,0.999950,0.000046,-0.008162,0.002874,-0.227728
12.780000,drone3,raw,0.926177,0.597120,1.361622,0.000014,-0.010005,0.000016,0.999950,0.000031,-0.008194,0.002874,-0.230417
12.780000,drone2,raw,0.925629,-0.002882,1.368157,0.000013,-0.010005,0.000020,0.999950,0.000040,-0.008156,0.002889,-0.229072
12.800000,drone3,raw,0.926108,0.597178,1.357020,-0.000009,-0.009970,0.000016,0.999950,0.000031,-0.008080,0.002895,-0.230143
12.800000,drone2,raw,0.925561,-0.002823,1.363581,-0.000009,-0.009971,0.000009,0.999950,0.000018,-0.008042,0.002899,-0.228795
12.800000,drone1,raw,0.926157,-0.602821,1.357042,-0.000009,-0.009970,0.000023,0.999950,0.000047,-0.008048,0.002895,-0.227448
12.800000,drone2,ekf,0.972882,-0.007574,1.381196,-0.000000,-0.009984,0.000032,0.999950,0.000063,0.135766,-0.013079,-0.221218
12.800000,drone3,ekf,0.976267,0.593914,1.386250,0.000000,-0.009984,0.000016,0.999950,0.000031,0.148772,-0.007608,-0.192065
12.800000,drone1,ekf,0.961618,-0.591078,1.363613,-0.000000,-0.009984,0.000023,0.999950,0.000046,0.126733,0.001950,-0.237427
12.800000,drone2,ekf,0.971214,-0.007414,1.381190,-0.000000,-0.009984,0.000032,0.999950,0.000063,0.133504,-0.012861,-0.221227
12.800000,drone3,ekf,0.974423,0.594053,1.385857,-0.000009,-0.009970,0.000016,0.999950,0.000031,0.146157,-0.007410,-0.192590
12.800000,drone1,ekf,0.960293,-0.591517,1.363975,-0.000009,-0.009970,0.000023,0.999950,0.000047,0.124854,0.001327,-0.236944
12.800000,drone2,ekf,0.969656,-0.007264,1.381184,-0.000009,-0.009971,0.000009,0.999950,0.000018,0.131389,-0.012658,-0.221235
12.800000,drone1,ekf,0.959059,-0.591927,1.364313,-0.000009,-0.009970,0.000023,0.999950,0.000047,0.123103,0.000747,-0.236493
12.800000,drone3,ekf,0.972705,0.594183,1.385489,-0.000009,-0.009970,0.000016,0.999950,0.000031,0.143720,-0.007226,-0.193082
12.800000,drone2,ekf,0.968196,-0.007124,1.381178,-0.000009,-0.009971,0.000009,0.999950,0.002895,-0.227448
12.800,drone3,raw,
12.800000,drone1,ekf,0.957905,-0.592309,1.364630,-0.000009,-0.009970,0.000023,0.999950,0.000047,0.121468,0.000205,-0.236069
12.800000,drone3,ekf,0.971100,0.594305,1.385144,-0.000009,-0.009970,0.000016,0.999950,0.000031,0.141444,-0.007054,-0.193543
12.820000,drone3,raw,0.926041,0.597237,1.352422,-0.000031,-0.009935,0.000016,0.999951,0.000032,-0.007972,0.002916,-0.229891
12.820000,drone2,raw,0.925494,-0.002765,1.359011,-0.000032,-0.009936,0.000020,0.999951,0.000041,-0.007933,0.002931,-0.228539
12.820000,drone1,raw,0.926090,-0.602763,1.352498,-0.000032,-0.009935,0.000023,0.999951,0.000047,-0.007939,0.002916,-0.227189
12.840000,drone3,raw,0.925976,0.597295,1.347830,-0.000054,-0.009899,0.000016,0.999951,0.000032,-0.007867,0.002936,-0.229642
12.840000,drone2,raw,0.925429,-0.002706,1.354446,-0.000055,-0.009900,0.000032,0.999951,0.000065,-0.007827,0.002962,-0.228288
12.840000,drone1,raw,0.926024,-0.602704,1.347960,-0.000054,-0.009899,0.000023,0.999951,0.000048,-0.007833,0.002936,-0.226935
12.852000,drone2,ekf,0.973338,-0.006951,1.369536,-0.000055,-0.009900,0.000032,0.999951,0.000065,0.131448,0.000536,-0.223628
12.852000,drone1,ekf,0.962876,-0.593106,1.353455,-0.000054,-0.009899,0.000023,0.999951,0.000048,0.122091,-0.008353,-0.220819
12.852000,drone3,ekf,0.976867,0.594602,1.374546,-0.000054,-0.009899,0.000016,0.999951,0.000032,0.146973,0.003379,-0.196073
12.852000,drone2,ekf,0.971640,-0.006806,1.369522,-0.000068,-0.009878,0.000020,0.999951,0.000042,0.129145,0.000733,-0.223646
12.852000,drone1,ekf,0.961493,-0.593470,1.353763,-0.000054,-0.009899,0.000023,0.999951,0.000048,0.120131,-0.008869,-0.220407
12.852000,drone3,ekf,0.974987,0.594723,1.374142,-0.000067,-0.009878,0.000016,0.999951,0.000033,0.144306,0.003551,-0.196612
12.852000,drone2,ekf,0.970053,-0.006670,1.369510,-0.000068,-0.009878,0.000020,0.999951,0.000042,0.126993,0.000917,-0.223663
12.852000,drone1,ekf,0.960205,-0.593809,1.354052,-0.000068,-0.009878,0.000023,0.999951,0.000048,0.118306,-0.009350,-0.220022
12.852000,drone3,ekf,0.973235,0.594836,1.373765,-0.000067,-0.009878,0.000016,0.999951,0.000033,0.141822,0.003711,-0.197116
12.852000,drone2,ekf,0.968568,-0.006543,1.369498,-0.000068,-0.009878,0.000020,0.999951,0.000042,0.124978,0.001090,-0.223679
12.852000,drone1,ekf,0.959003,-0.594126,1.354322,-0.000068,-0.009878,0.000023,0.999951,0.000048,0.116601,-0.009799,-0.219660
12.852000,drone3,ekf,0.971599,0.594942,1.373411,-0.000067,-0.009878,0.000016,0.999951,0.000033,0.139503,0.003861,-0.197589
12.860000,drone2,raw,0.925366,-0.002647,1.349886,-0.000077,-0.009863,0.000021,0.999951,0.000043,-0.007722,0.002971,-0.228024
12.860000,drone1,raw,0.925960,-0.602645,1.343427,-0.000077,-0.009863,0.000023,0.999951,0.000048,-0.007729,0.002956,-0.226669
12.860000,drone3,raw,0.925912,0.597354,1.343242,-0.000076,-0.009863,0.000016,0.999951,0.000033,-0.007762,0.002956,-0.229381
12.880000,drone3,raw,0.925850,0.597413,1.338662,-0.000099,-0.009826,0.000016,0.999952,0.000034,-0.007658,0.002976,-0.229089
12.880000,drone1,raw,0.925898,-0.602586,1.338901,-0.000100,-0.009826,0.000023,0.999952,0.000049,-0.007624,0.002976,-0.226372
12.880000,drone2,raw,0.925304,-0.002588,1.345332,-0.000100,-0.009826,0.000009,0.999952,0.000020,-0.007617,0.002980,-0.227729
12.900000,drone3,raw,0.925790,0.597472,1.334088,-0.000122,-0.009787,0.000016,0.999952,0.000034,-0.007551,0.002995,-0.228748
12.900000,drone2,raw,0.925244,-0.002528,1.340786,-0.000122,-0.009788,0.000021,0.999952,0.000044,-0.007509,0.003010,-0.227387
12.900000,drone1,raw,0.925837,-0.602527,1.334382,-0.000122,-0.009787,0.000023,0.999952,0.000049,-0.007516,0.002995,-0.226028
12.900000,drone3,ekf,0.976759,0.594999,1.363576,-0.000113,-0.009803,0.000016,0.999952,0.000034,0.146588,-0.001140,-0.196498
12.900000,drone2,ekf,0.973786,-0.006689,1.358846,-0.000113,-0.009803,0.000021,0.999952,0.000043,0.144410,-0.005983,-0.221468
12.900000,drone3,ekf,0.974888,0.595111,1.363174,-0.000122,-0.009787,0.000016,0.999952,0.000034,0.143936,-0.000981,-0.197035
12.900000,drone2,ekf,0.972077,-0.006548,1.358825,-0.000113,-0.009803,0.000021,0.999952,0.000043,0.142092,-0.005793,-0.221496
12.900000,drone3,ekf,0.973144,0.595215,1.362798,-0.000122,-0.009787,0.000016,0.999952,0.000034,0.141466,-0.000834,-0.197538
12.900000,drone2,ekf,0.970480,-0.006417,1.358805,-0.000122,-0.009788,0.000021,0.999952,0.000044,0.139925,-0.005614,-0.221523
12.900000,drone3,ekf,0.971516,0.595312,1.362446,-0.000122,-0.009787,0.000016,0.999952,0.000034,0.139158,-0.000696,-0.198009
12.900000,drone2,ekf,0.968984,-0.006294,1.358786,-0.000122,-0.009788,0.000021,0.999952,0.000044,0.137895,-0.005447,-0.221548
12.900000,drone1,ekf,0.963352,-0.594997,1.343805,-0.000113,-0.009803,0.000023,0.999952,0.000049,0.119768,-0.012095,-0.224655
12.900000,drone1,ekf,0.961955,-0.595287,1.344072,-0.000122,-0.009787,0.000023,0.999952,0.000049,0.117790,-0.012506,-0.224299
12.900000,drone1,ekf,0.960654,-0.595558,1.344321,-0.000122,-0.009787,0.000023,0.999952,0.000049,0.115946,-0.012889,-0.223966
12.900000,drone1,ekf,0.959439,-0.595810,1.344555,-0.000122,-0.009787,0.000023,0.999952,0.000049,0.114224,-0.013247,-0.223654
12.920000,drone3,raw,0.925732,0.597531,1.329524,-0.000145,-0.009749,0.000016,0.999952,0.000035,-0.007440,0.003013,-0.228342
12.920000,drone2,raw,0.925186,-0.002469,1.336249,-0.000145,-0.009749,0.000032,0.999952,0.000067,-0.007397,0.003039,-0.226979
12.920000,drone1,raw,0.925778,-0.602468,1.329872,-0.000145,-0.009749,0.000024,0.999952,0.000050,-0.007405,0.003013,-0.225618
12.940000,drone3,raw,0.925675,0.597590,1.324970,-0.000167,-0.009709,0.000016,0.999953,0.000035,-0.007323,0.003031,-0.227855
12.940000,drone2,raw,0.925130,-0.002409,1.331722,-0.000168,-0.009709,0.000021,0.999953,0.000045,-0.007280,0.003046,-0.226490
12.940000,drone1,raw,0.925721,-0.602409,1.325373,-0.000168,-0.009709,0.000024,0.999953,0.000050,-0.007288,0.003031,-0.225128
12.952000,drone3,ekf,0.976578,0.595062,1.350640,-0.000181,-0.009685,0.000016,0.999953,0.000036,0.133395,-0.007027,-0.219986
12.952000,drone2,ekf,0.974847,-0.006470,1.347753,-0.000168,-0.009709,0.000021,0.999953,0.000045,0.146491,-0.006063,-0.211327
12.952000,drone1,ekf,0.963944,-0.596391,1.332987,-0.000181,-0.009685,0.000024,0.999953,0.000051,0.114057,-0.006629,-0.227025
12.952000,drone1,ekf,0.962515,-0.596627,1.333225,-0.000181,-0.009685,0.000024,0.999953,0.000051,0.112031,-0.006964,-0.226707
12.952000,drone3,ekf,0.974699,0.595178,1.350272,-0.000181,-0.009685,0.000016,0.999953,0.000036,0.130732,-0.006863,-0.220477
12.952000,drone2,ekf,0.973088,-0.006331,1.347709,-0.000182,-0.009685,0.000032,0.999953,0.000068,0.144104,-0.005874,-0.211386
12.952000,drone1,ekf,0.961183,-0.596848,1.333448,-0.000181,-0.009685,0.000024,0.999953,0.000051,0.110144,-0.007276,-0.226409
12.952000,drone3,ekf,0.972948,0.595285,1.349929,-0.000181,-0.009685,0.000016,0.999953,0.000036,0.128252,-0.006711,-0.220936
12.952000,drone1,ekf,0.959939,-0.597054,1.333657,-0.000181,-0.009685,0.000024,0.999953,0.000051,0.108382,-0.007568,-0.226130
12.952000,drone2,ekf,0.971444,-0.006201,1.347668,-0.000182,-0.009685,0.000032,0.999953,0.000068,0.141874,-0.005698,-0.211441
12.952000,drone3,ekf,0.971313,0.595386,1.349607,-0.000181,-0.009685,0.000016,0.999953,0.000036,0.125936,-0.006568,-0.221366
12.952000,drone2,ekf,0.969905,-0.006079,1.347629,-0.000182,-0.009685,0.000032,0.999953,0.000068,0.139786,-0.005532,-0.211493
12.960000,drone3,raw,0.925620,0.597650,1.320429,-0.000190,-0.009669,0.000016,0.999953,0.000036,-0.007200,0.003048,-0.227272
12.960000,drone1,raw,0.925666,-0.602349,1.320886,-0.000191,-0.009669,0.000024,0.999953,0.000051,-0.007164,0.003048,-0.224542
12.960000,drone2,raw,0.925075,-0.002349,1.327209,-0.000191,-0.009669,0.000009,0.999953,0.000023,-0.007155,0.003052,-0.225906
12.980000,drone2,raw,0.925023,-0.002289,1.322710,-0.000213,-0.009628,0.000021,0.999954,0.000046,-0.007023,0.003080,-0.225214
12.980000,drone1,raw,0.925613,-0.602290,1.316415,-0.000213,-0.009627,0.000024,0.999954,0.000052,-0.007031,0.003065,-0.223849
12.980000,drone3,raw,0.925567,0.597709,1.315903,-0.000213,-0.009627,0.000016,0.999954,0.000036,-0.007068,0.003065,-0.226581
13.000000,drone2,raw,0.924973,-0.002229,1.318229,-0.000236,-0.0,0.000036,0.128252,-0.006711,-0.2-0.006881,0.003107,-0.224404
13.000000,drone3,raw,0.925517,0.597769,1.311395,-0.000236,-0.009585,0.000016,0.999954,0.000037,-0.006926,0.003081,-0.225772
13.000000,drone1,raw,0.925562,-0.602230,1.311961,-0.000236,-0.009585,0.000024,0.999954,0.000052,-0.006889,0.003081,-0.223038
13.000000,drone3,ekf,0.976118,0.594612,1.339040,-0.000236,-0.009585,0.000016,0.999954,0.000037,0.138873,-0.018968,-0.213028
13.000000,drone2,ekf,0.975476,-0.006170,1.337509,-0.000227,-0.009602,0.000010,0.999954,0.000024,0.153138,-0.004670,-0.209535
13.000000,drone1,ekf,0.964347,-0.597792,1.322557,-0.000227,-0.009602,0.000024,0.999954,0.000052,0.121902,-0.011615,-0.236003
13.000000,drone3,ekf,0.974261,0.594748,1.338699,-0.000236,-0.009585,0.000016,0.999954,0.000037,0.136243,-0.018776,-0.213483
13.000000,drone2,ekf,0.973701,-0.006036,1.337447,-0.000227,-0.009602,0.000010,0.999954,0.000024,0.150729,-0.004489,-0.209618
13.000000,drone1,ekf,0.962907,-0.597973,1.322784,-0.000227,-0.009602,0.000024,0.999954,0.000052,0.119863,-0.011871,-0.235699
13.000000,drone3,ekf,0.972531,0.594874,1.338381,-0.000236,-0.009585,0.000016,0.999954,0.000037,0.133793,-0.018596,-0.213909
13.000000,drone1,ekf,0.961565,-0.598141,1.322997,-0.000236,-0.009585,0.000024,0.999954,0.000052,0.117963,-0.012110,-0.235415
13.000000,drone3,ekf,0.970915,0.594993,1.338082,-0.000236,-0.009585,0.000016,0.999954,0.000037,0.131505,-0.018429,-0.214308
13.000000,drone2,ekf,0.972042,-0.005912,1.337389,-0.000236,-0.009585,0.000032,0.999954,0.000069,0.148478,-0.004320,-0.209695
13.000000,drone1,ekf,0.960312,-0.598299,1.323196,-0.000236,-0.009585,0.000024,0.999954,0.000052,0.116188,-0.012332,-0.235149
13.000000,drone2,ekf,0.970488,-0.005795,1.337335,-0.000236,-0.009585,0.000032,0.999954,0.000069,0.146370,-0.004162,-0.209768
13.020000,drone1,raw,0.925514,-0.602170,1.307527,-0.000259,-0.009542,0.000024,0.999954,0.000053,-0.006738,0.003097,-0.222102
13.020000,drone3,raw,0.925469,0.597829,1.306906,-0.000258,-0.009542,0.000016,0.999954,0.000038,-0.006775,0.003096,-0.224837
13.020000,drone2,raw,0.924925,-0.002169,1.313768,-0.000259,-0.009542,0.000021,0.999954,0.000047,-0.006729,0.003112,-0.223468
13.040000,drone3,raw,0.925423,0.597889,1.302440,-0.000281,-0.009498,0.000016,0.999955,0.000038,-0.006614,0.003111,-0.223771
13.040000,drone1,raw,0.925468,-0.602110,1.303116,-0.000282,-0.009498,0.000024,0.999955,0.000053,-0.006576,0.003111,-0.221036
13.040000,drone2,raw,0.924880,-0.002109,1.309329,-0.000282,-0.009498,0.000010,0.999955,0.000025,-0.006566,0.003115,-0.222402
13.052000,drone1,ekf,0.965602,-0.598834,1.311269,-0.000295,-0.009471,0.000024,0.999955,0.000054,0.130413,-0.007634,-0.233629
13.052000,drone2,ekf,0.976369,-0.005172,1.325899,-0.000282,-0.009498,0.000010,0.999955,0.000025,0.147986,0.009965,-0.218758
13.052000,drone1,ekf,0.964106,-0.598973,1.311491,-0.000295,-0.009471,0.000024,0.999955,0.000054,0.128295,-0.007831,-0.233332
13.052000,drone1,ekf,0.962712,-0.599103,1.311699,-0.000295,-0.009471,0.000024,0.999955,0.000054,0.126322,-0.008014,-0.233054
13.052000,drone2,ekf,0.974550,-0.005066,1.325839,-0.000296,-0.009471,0.000021,0.999955,0.000048,0.145517,0.010108,-0.218839
13.052000,drone3,ekf,0.974631,0.594453,1.327036,-0.000295,-0.009471,0.000016,0.999955,0.000039,0.106303,-0.013205,-0.206105
13.052000,drone1,ekf,0.961411,-0.599224,1.311894,-0.000295,-0.009471,0.000024,0.999955,0.000054,0.124480,-0.008186,-0.232794
13.052000,drone2,ekf,0.972850,-0.004967,1.325783,-0.000296,-0.009471,0.000021,0.999955,0.000048,0.143211,0.010242,-0.218914
13.052000,drone3,ekf,0.972813,0.594601,1.326706,-0.000295,-0.009471,0.000016,0.999955,0.000039,0.103729,-0.012996,-0.206545
13.052000,drone3,ekf,0.971120,0.594739,1.326398,-0.000295,-0.009471,0.000016,0.999955,0.000039,0.101332,-0.012801,-0.206957
13.052000,drone2,ekf,0.971259,-0.004875,1.325730,-0.000296,-0.009471,0.000021,0.999955,0.000048,0.141052,0.010368,-0.218985
13.052000,drone3,ekf,0.969539,0.594868,1.326109,-0.000295,-0.009471,0.000016,0.999955,0.000039,0.099094,-0.012619,-0.207343
13.060000,drone2,raw,0.924838,-0.002049,1.304916,-0.000305,-0.009453,0.000021,0.999955,0.000048,-0.006393,0.003140,-0.221202
13.060000,drone1,raw,0.925425,-0.602050,1.298731,-0.000305,-0.009453,0.000024,0.999955,0.000054,-0.006403,0.003125,-0.219836
13.060000,drone3,raw,0.925380,0.597949,1.298000,-0.000304,-0.009453,0.000017,0.999955,0.000039,-0.006442,0.003125,-0.222572
13.080000,drone3,raw,0.925340,0.598009,1.293587,-0.000327,-0.009406,0.000017,0.999956,0.000039,-0.006259,0.003138,-0.221239
13.080000,drone2,raw,0.924798,-0.001988,1.300531,-0.000328,-0.009406,0.000033,0.999956,0.000072,-0.006210,0.003165,-0.219870
13.080000,drone1,raw,0.925384,-0.601990,1.294373,-0.000327,-0.009406,0.000024,0.999956,0.000055,-0.006220,0.003139,-0.218504
13.100000,drone3,raw,0.925303,0.598069,1.289206,-0.000350,-0.009359,0.000017,0.999956,0.000040,-0.006067,0.003151,-0.219777
13.100000,drone2,raw,0.924761,-0.001928,1.296177,-0.000350,-0.009359,0.000021,0.999956,0.000050,-0.006016,0.003166,-0.218408
13.100000,drone1,raw,0.925347,-0.601930,1.290046,-0.000350,-0.009359,0.000024,0.999956,0.000055,-0.006027,0.003151,-0.217042
13.100000,drone3,ekf,0.972573,0.594243,1.316043,-0.000340,-0.009378,0.000017,0.999956,0.000040,0.099494,-0.016338,-0.203160
13.100000,drone1,ekf,0.965305,-0.600195,1.300880,-0.000341,-0.009378,0.000024,0.999956,0.000055,0.112034,-0.018451,-0.234050
13.100000,drone2,ekf,0.976359,-0.004638,1.314882,-0.000341,-0.009378,0.000021,0.999956,0.000049,0.144100,0.003030,-0.225111
13.100000,drone2,ekf,0.974547,-0.004546,1.314839,-0.000341,-0.009378,0.000021,0.999956,0.000049,0.141641,0.003155,-0.225168
13.100000,drone1,ekf,0.963825,-0.600280,1.301099,-0.000341,-0.009378,0.000024,0.999956,0.000055,0.109940,-0.018572,-0.233756
13.100000,drone3,ekf,0.970835,0.594403,1.315729,-0.000350,-0.009359,0.000017,0.999956,0.000040,0.097035,-0.016112,-0.203579
13.100000,drone2,ekf,0.972853,-0.004460,1.314799,-0.000350,-0.009359,0.000021,0.999956,0.000050,0.139343,0.003271,-0.225221
13.100000,drone2,ekf,0.971267,-0.004379,1.314762,-0.000350,-0.009359,0.000021,0.999956,0.000050,0.137191,0.003380,-0.225271
13.100000,drone1,ekf,0.962446,-0.600360,1.301304,-0.000350,-0.009359,0.000024,0.999956,0.000055,0.107988,-0.018684,-0.233482
13.100000,drone3,ekf,0.969216,0.594552,1.315436,-0.000350,-0.009359,0.000017,0.999956,0.000040,0.094744,-0.015902,-0.203971
13.100000,drone3,ekf,0.967703,0.594690,1.315161,-0.000350,-0.009359,0.000017,0.999956,0.000040,0.092603,-0.015705,-0.204339
13.100000,drone1,ekf,0.961158,-0.600434,1.301497,-0.000350,-0.009359,0.000024,0.999956,0.000055,0.106165,-0.018789,-0.233225
13.120000,drone3,raw,0.925269,0.598129,1.284857,-0.000372,-0.009310,0.000017,0.999957,0.000041,-0.005865,0.003163,-0.218190
13.120000,drone2,raw,0.924728,-0.001867,1.291856,-0.000373,-0.009311,0.000010,0.999957,0.000027,-0.005814,0.003167,-0.216822
13.120000,drone1,raw,0.925313,-0.601870,1.285752,-0.000373,-0.009310,0.000024,0.999957,0.000056,-0.005825,0.003163,-0.215457
13.140000,drone3,raw,0.925238,0.598190,1.280543,-0.000395,-0.009261,0.000017,0.999957,0.000041,-0.005655,0.003174,-0.216488
13.140000,drone2,raw,0.924697,-0.001807,1.287569,-0.000396,-0.009261,0.000022,0.999957,0.000051,-0.005602,0.003189,-0.215120
13.140000,drone1,raw,0.925282,-0.601809,1.281493,-0.000396,-0.009261,0.000025,0.999957,0.000056,-0.005614,0.003174,-0.213757
13.152000,drone3,ekf,0.971179,0.594130,1.330034,-0.000409,-0.009230,0.000017,0.999957,0.000042,0.099444,-0.014034,0.308362
13.152000,drone2,ekf,0.977088,-0.004991,1.302561,-0.000396,-0.009261,0.000022,0.999957,0.000051,0.147417,-0.013859,-0.234551
13.152000,drone1,ekf,0.964465,-0.601223,1.289420,-0.000396,-0.009261,0.000025,0.999957,0.000056,0.091614,-0.014346,-0.236718
13.152000,drone2,ekf,0.975239,-0.004881,1.302557,-0.000396,-0.009261,0.000022,0.999957,0.000051,0.144907,-0.013710,-0.234556
13.152000,drone1,ekf,0.963004,-0.601267,1.289653,-0.000396,-0.009261,0.000025,0.999957,0.000056,0.089547,-0.014408,-0.236406
13.152000,drone3,ekf,0.969479,0.594300,1.328868,-0.000409,-0.009230,0.000017,0.999957,0.000042,0.097039,-0.013793,0.306805
13.152000,drone2,ekf,0.973511,-0.0047,-0.009310,0.000024,0.99,0.000040.000010,0.999957,0.000028,0.142563,-0.013571,-0.234562
13.152000,drone1,ekf,0.961644,-0.601307,1.289871,-0.000409,-0.009230,0.000025,0.999957,0.000057,0.087622,-0.014466,-0.236115
13.152000,drone3,ekf,0.967896,0.594459,1.327779,-0.000409,-0.009230,0.000017,0.999957,0.000042,0.094798,-0.013569,0.305350
13.152000,drone2,ekf,0.971893,-0.004682,1.302549,-0.000409,-0.009230,0.000010,0.999957,0.000028,0.140367,-0.013440,-0.234566
13.152000,drone1,ekf,0.960373,-0.601345,1.290075,-0.000409,-0.009230,0.000025,0.999957,0.000057,0.085824,-0.014519,-0.235843
13.152000,drone3,ekf,0.966417,0.594606,1.326757,-0.000409,-0.009230,0.000017,0.999957,0.000042,0.092706,-0.013360,0.303985
13.160000,drone3,raw,0.925210,0.598250,1.276113,-0.000418,-0.009210,0.000017,0.999958,0.000042,-0.005514,0.003187,-0.218519
13.160000,drone2,raw,0.924670,-0.001746,1.283320,-0.000419,-0.009210,0.000033,0.999957,0.000074,-0.005384,0.003210,-0.213313
13.160000,drone1,raw,0.925254,-0.601749,1.277271,-0.000418,-0.009210,0.000025,0.999958,0.000057,-0.005397,0.003184,-0.211950
13.180000,drone3,raw,0.925186,0.598310,1.271884,-0.000441,-0.009158,0.000017,0.999958,0.000042,-0.005292,0.003197,-0.216429
13.180000,drone2,raw,0.924647,-0.001685,1.279110,-0.000441,-0.009158,0.000022,0.999958,0.000052,-0.005160,0.003209,-0.211412
13.180000,drone1,raw,0.925229,-0.601689,1.273088,-0.000441,-0.009158,0.000025,0.999958,0.000058,-0.005173,0.003194,-0.210051
13.200000,drone3,raw,0.925165,0.598371,1.267694,-0.000463,-0.009104,0.000017,0.999958,0.000043,-0.004988,0.003202,-0.210428
13.200000,drone2,raw,0.924626,-0.001625,1.274941,-0.000464,-0.009104,0.000011,0.999958,0.000030,-0.004931,0.003207,-0.209431
13.200000,drone1,raw,0.925208,-0.601628,1.268946,-0.000464,-0.009104,0.000025,0.999958,0.000058,-0.004945,0.003203,-0.208072
13.200000,drone2,ekf,0.976768,-0.005062,1.291961,-0.000455,-0.009126,0.000033,0.999958,0.000075,0.139779,-0.010338,-0.220861
13.200000,drone3,ekf,0.969116,0.593939,1.339994,-0.000454,-0.009126,0.000017,0.999958,0.000043,0.090064,-0.017675,0.313947
13.200000,drone1,ekf,0.963302,-0.601620,1.279842,-0.000455,-0.009126,0.000025,0.999958,0.000058,0.090540,-0.005211,-0.217722
13.200000,drone3,ekf,0.967497,0.594120,1.338166,-0.000463,-0.009104,0.000017,0.999958,0.000043,0.087774,-0.017419,0.311505
13.200000,drone2,ekf,0.974937,-0.004945,1.291975,-0.000464,-0.009104,0.000011,0.999958,0.000030,0.137295,-0.010180,-0.220843
13.200000,drone3,ekf,0.965988,0.594289,1.336456,-0.000463,-0.009104,0.000017,0.999958,0.000043,0.085640,-0.017181,0.309220
13.200000,drone1,ekf,0.961889,-0.601644,1.280060,-0.000464,-0.009104,0.000025,0.999958,0.000058,0.088541,-0.005245,-0.217432
13.200000,drone3,ekf,0.964578,0.594446,1.334852,-0.000463,-0.009104,0.000017,0.999958,0.000043,0.083646,-0.016958,0.307078
13.200000,drone2,ekf,0.973227,-0.004836,1.291987,-0.000464,-0.009104,0.000011,0.999958,0.000030,0.134973,-0.010032,-0.220826
13.200000,drone1,ekf,0.960573,-0.601666,1.280263,-0.000464,-0.009104,0.000025,0.999958,0.000058,0.086679,-0.005277,-0.217160
13.200000,drone2,ekf,0.971624,-0.004734,1.291999,-0.000464,-0.009104,0.000011,0.999958,0.000030,0.132798,-0.009894,-0.220811
13.200000,drone1,ekf,0.959342,-0.601687,1.280454,-0.000464,-0.009104,0.000025,0.999958,0.000058,0.084939,-0.005307,-0.216906
13.220000,drone2,raw,0.924610,-0.001564,1.270813,-0.000486,-0.009050,0.000022,0.999959,0.000053,-0.004700,0.003226,-0.207385
13.220000,drone3,raw,0.925147,0.598431,1.263546,-0.000486,-0.009050,0.000017,0.999959,0.000044,-0.004757,0.003210,-0.208398
13.220000,drone1,raw,0.925191,-0.601568,1.264845,-0.000486,-0.009050,0.000025,0.999959,0.000059,-0.004714,0.003211,-0.206028
13.240000,drone3,raw,0.925133,0.598491,1.259439,-0.000508,-0.008994,0.000018,0.999959,0.000044,-0.004525,0.003217,-0.206316
13.240000,drone2,raw,0.924596,-0.001503,1.266727,-0.000509,-0.008994,0.000034,0.999959,0.000077,-0.004467,0.003244,-0.205288
13.240000,drone1,raw,0.925177,-0.601507,1.260787,-0.000509,-0.008994,0.000025,0.999959,0.000059,-0.004481,0.003218,-0.203933
13.252000,drone3,ekf,0.967808,0.595099,1.348577,-0.000522,-0.008960,0.000018,0.999960,0.000045,0.092459,0.009738,0.311571
13.252000,drone2,ekf,0.977633,-0.005470,1.281245,-0.000523,-0.008960,0.000022,0.999960,0.000054,0.151427,-0.016773,-0.207109
13.252000,drone3,ekf,0.966226,0.595245,1.346094,-0.000522,-0.008960,0.000018,0.999960,0.000045,0.090221,0.009945,0.308253
13.252000,drone3,ekf,0.964751,0.595382,1.343771,-0.000522,-0.008960,0.000018,0.999960,0.000045,0.088136,0.010138,0.305150
13.252000,drone3,ekf,0.963374,0.595509,1.341594,-0.000522,-0.008960,0.000018,0.999960,0.000045,0.086190,0.010318,0.302242
13.252000,drone1,ekf,0.962276,-0.601894,1.270317,-0.000509,-0.008994,0.000025,0.999959,0.000059,0.082969,-0.003810,-0.198459
13.252000,drone1,ekf,0.960890,-0.601903,1.270500,-0.000523,-0.008960,0.000025,0.999960,0.000060,0.081010,-0.003822,-0.198214
13.252000,drone1,ekf,0.959600,-0.601912,1.270672,-0.000523,-0.008960,0.000025,0.999960,0.000060,0.079186,-0.003834,-0.197985
13.252000,drone1,ekf,0.958395,-0.601919,1.270833,-0.000523,-0.008960,0.000025,0.999960,0.000060,0.077482,-0.003845,-0.197770
13.252000,drone2,ekf,0.975762,-0.005333,1.281261,-0.000523,-0.008960,0.000022,0.999960,0.000054,0.148888,-0.016588,-0.207088
13.252000,drone2,ekf,0.974014,-0.005206,1.281276,-0.000523,-0.008960,0.000022,0.999960,0.000054,0.146516,-0.016415,-0.207068
13.252000,drone2,ekf,0.972378,-0.005086,1.281290,-0.000523,-0.008960,0.000022,0.999960,0.000054,0.144295,-0.016253,-0.207050
13.260000,drone3,raw,0.925122,0.598552,1.255376,-0.000531,-0.008937,0.000018,0.999960,0.000045,-0.004294,0.003223,-0.204199
13.260000,drone1,raw,0.925166,-0.601447,1.256771,-0.000532,-0.008937,0.000025,0.999960,0.000060,-0.004250,0.003224,-0.201804
13.260000,drone2,raw,0.924586,-0.001443,1.262685,-0.000532,-0.008937,0.000022,0.999960,0.000054,-0.004235,0.003239,-0.203157
13.280000,drone3,raw,0.925115,0.598612,1.251355,-0.000554,-0.008879,0.000018,0.999960,0.000045,-0.004065,0.003229,-0.202061
13.280000,drone2,raw,0.924580,-0.001383,1.258685,-0.000554,-0.008879,0.000011,0.999960,0.000032,-0.004004,0.003233,-0.201006
13.280000,drone1,raw,0.925159,-0.601387,1.252799,-0.000554,-0.008878,0.000025,0.999960,0.000061,-0.004020,0.003229,-0.199656
13.300000,drone3,raw,0.925110,0.598672,1.247377,-0.000576,-0.008819,0.000018,0.999961,0.000046,-0.003839,0.003233,-0.199917
13.300000,drone1,raw,0.925154,-0.601327,1.248869,-0.000577,-0.008819,0.000026,0.999961,0.000061,-0.003793,0.003234,-0.197504
13.300000,drone2,raw,0.924576,-0.001322,1.254729,-0.000577,-0.008819,0.000023,0.999961,0.000056,-0.003777,0.003248,-0.198851
13.300000,drone2,ekf,0.976845,-0.007009,1.271210,-0.000568,-0.008843,0.000023,0.999961,0.000055,0.131379,-0.044083,-0.210643
13.300000,drone1,ekf,0.960349,-0.602808,1.262184,-0.000568,-0.008843,0.000025,0.999961,0.000061,0.068060,-0.019113,-0.183029
13.300000,drone3,ekf,0.966981,0.596142,1.353794,-0.000576,-0.008819,0.000018,0.999961,0.000046,0.107414,0.010808,0.316080
13.300000,drone2,ekf,0.975010,-0.006816,1.271242,-0.000568,-0.008843,0.000023,0.999961,0.000055,0.128889,-0.043821,-0.210601
13.300000,drone1,ekf,0.959039,-0.602780,1.262321,-0.000577,-0.008819,0.000026,0.999961,0.000061,0.066209,-0.019073,-0.182846
13.300000,drone3,ekf,0.965437,0.596256,1.350829,-0.000576,-0.008819,0.000018,0.999961,0.000046,0.105231,0.010969,0.312119
13.300000,drone2,ekf,0.973296,-0.006636,1.271271,-0.000577,-0.008819,0.000023,0.999961,0.000056,0.126562,-0.043576,-0.210562
13.300000,drone1,ekf,0.957818,-0.602753,1.262449,-0.000577,-0.008819,0.000026,0.999961,0.000061,0.064484,-0.019036,-0.182675
13.300000,drone1,ekf,0.956678,-0.602729,1.262569,-0.000577,-0.008819,0.000026,0.999961,0.000061,0.062872,-0.019001,-0.182515
13.300000,drone2,ekf,0.971690,-0.006467,1.271299,-0.000577,-0.008819,0.000023,0.999961,0.000056,0.124382,-0.043347,-0.210525
13.300000,drone3,ekf,0.963997,0.596363,1.348056,-0.000576,-0.008819,0.000018,0.999961,0.000046,0.103196,0.011120,0.308414
13.300000,drone3,ekf,0.962652,0.596462,1.345456,-0.000576,-0.008819,0.000018,0.999961,0.000046,0.101295,0.011260,0.304940
13.320000,drone3,raw,0.9,1.353794,-0.000576,-0.008819,0.0,-0.008759,0.000018,0.999961,0.000047,-0.003618,0.003237,-0.197781
13.320000,drone2,raw,0.924576,-0.001261,1.250816,-0.000599,-0.008759,0.000034,0.999961,0.000079,-0.003555,0.003263,-0.196704
13.320000,drone1,raw,0.925153,-0.601266,1.244983,-0.000599,-0.008759,0.000026,0.999961,0.000062,-0.003572,0.003237,-0.195360
13.340000,drone3,raw,0.925111,0.598792,1.239549,-0.000621,-0.008697,0.000018,0.999962,0.000047,-0.003403,0.003240,-0.195666
13.340000,drone2,raw,0.924579,-0.001201,1.246945,-0.000621,-0.008697,0.000023,0.999962,0.000057,-0.003340,0.003255,-0.194579
13.340000,drone1,raw,0.925155,-0.601206,1.241138,-0.000621,-0.008697,0.000026,0.999962,0.000063,-0.003357,0.003240,-0.193239
13.352000,drone3,ekf,0.966326,0.596676,1.358038,-0.000634,-0.008660,0.000018,0.999962,0.000048,0.099959,0.002170,0.308355
13.352000,drone2,ekf,0.977226,-0.008731,1.260595,-0.000621,-0.008697,0.000023,0.999962,0.000057,0.142092,-0.048479,-0.206777
13.352000,drone1,ekf,0.959253,-0.602863,1.253160,-0.000621,-0.008697,0.000026,0.999962,0.000063,0.074003,-0.003288,-0.182939
13.352000,drone3,ekf,0.964796,0.596777,1.354575,-0.000634,-0.008660,0.000018,0.999962,0.000048,0.097798,0.002313,0.303730
13.352000,drone1,ekf,0.957975,-0.602827,1.253265,-0.000635,-0.008660,0.000026,0.999962,0.000063,0.072198,-0.003237,-0.182800
13.352000,drone2,ekf,0.975369,-0.008473,1.260644,-0.000621,-0.008697,0.000023,0.999962,0.000057,0.139571,-0.048129,-0.206711
13.352000,drone3,ekf,0.963372,0.596871,1.351338,-0.000634,-0.008660,0.000018,0.999962,0.000048,0.095785,0.002447,0.299404
13.352000,drone1,ekf,0.956785,-0.602794,1.253362,-0.000635,-0.008660,0.000026,0.999962,0.000063,0.070517,-0.003189,-0.182670
13.352000,drone2,ekf,0.973634,-0.008232,1.260690,-0.000635,-0.008660,0.000034,0.999962,0.000080,0.137216,-0.047803,-0.206650
13.352000,drone3,ekf,0.962041,0.596960,1.348303,-0.000634,-0.008660,0.000018,0.999962,0.000048,0.093905,0.002571,0.295350
13.352000,drone1,ekf,0.955674,-0.602762,1.253453,-0.000635,-0.008660,0.000026,0.999962,0.000063,0.068946,-0.003145,-0.182548
13.352000,drone2,ekf,0.972010,-0.008007,1.260734,-0.000635,-0.008660,0.000034,0.999962,0.000080,0.135010,-0.047496,-0.206592
13.360000,drone1,raw,0.925160,-0.601146,1.237336,-0.000644,-0.008635,0.000026,0.999963,0.000063,-0.003148,0.003242,-0.191149
13.360000,drone3,raw,0.925116,0.598852,1.235698,-0.000643,-0.008635,0.000018,0.999963,0.000048,-0.003196,0.003242,-0.193582
13.360000,drone2,raw,0.924585,-0.001141,1.243115,-0.000644,-0.008635,0.000012,0.999963,0.000035,-0.003131,0.003246,-0.192486
13.380000,drone3,raw,0.925124,0.598912,1.231887,-0.000665,-0.008571,0.000019,0.999963,0.000049,-0.002996,0.003243,-0.191538
13.380000,drone2,raw,0.924593,-0.001080,1.239326,-0.000666,-0.008571,0.000023,0.999963,0.000058,-0.002930,0.003258,-0.190434
13.380000,drone1,raw,0.925168,-0.601086,1.233573,-0.000666,-0.008571,0.000026,0.999963,0.000064,-0.002948,0.003244,-0.189101
13.400000,drone3,raw,0.925134,0.598972,1.228115,-0.000687,-0.008507,0.000019,0.999964,0.000049,-0.002805,0.003244,-0.189541
13.400000,drone1,raw,0.925178,-0.601026,1.229850,-0.000688,-0.008507,0.000026,0.999964,0.000064,-0.002757,0.003245,-0.187101
13.400000,drone2,raw,0.924604,-0.001020,1.235577,-0.000688,-0.008507,0.000035,0.999964,0.000081,-0.002739,0.003270,-0.188430
13.400000,drone1,ekf,0.957875,-0.603003,1.245011,-0.000679,-0.008533,0.000026,0.999963,0.000064,0.071363,-0.005980,-0.177468
13.400000,drone3,ekf,0.964981,0.596736,1.358841,-0.000687,-0.008507,0.000019,0.999964,0.000049,0.092006,-0.006832,0.298378
13.400000,drone1,ekf,0.956655,-0.602957,1.245086,-0.000679,-0.008533,0.000026,0.999963,0.000064,0.069639,-0.005915,-0.177368
13.400000,drone2,ekf,0.976864,-0.010374,1.251137,-0.000679,-0.008533,0.000012,0.999963,0.000036,0.139450,-0.055927,-0.201218
13.400000,drone1,ekf,0.955517,-0.602914,1.245156,-0.000688,-0.008507,0.000026,0.999964,0.000064,0.068032,-0.005855,-0.177273
13.400000,drone3,ekf,0.963509,0.596840,1.355067,-0.000687,-0.008507,0.000019,0.999964,0.000049,0.089926,-0.006685,0.293336
13.400000,drone1,ekf,0.954454,-0.602874,1.245223,-0.000688,-0.008507,0.000026,0.999964,0.000064,0.066531,-0.005798,-0.177185
13.400000,drone2,ekf,0.975030,-0.010057,1.251199,-0.000688,-0.008507,0.000035,0.999964,0.000081,0.136960,-0.055497,-0.201135
13.400000,drone3,ekf,0.962137,0.596936,1.351536,-0.000687,-0.008507,0.000019,0.999964,0.000049,0.087988,-0.006548,0.288619
13.400000,drone2,ekf,0.973316,-0.009761,1.251257,-0.000688,-0.008507,0.000035,0.999964,0.000081,0.134633,-0.055095,-0.201058
13.400000,drone3,ekf,0.960856,0.597027,1.348226,-0.000687,-0.008507,0.000019,0.999964,0.000049,0.086177,-0.006421,0.284196
13.400000,drone2,ekf,0.971711,-0.009483,1.251312,-0.000688,-0.008507,0.000035,0.999964,0.000081,0.132454,-0.054718,-0.200985
13.420000,drone3,raw,0.925146,0.599031,1.224382,-0.000710,-0.008442,0.000019,0.999964,0.000050,-0.002623,0.003244,-0.187596
13.420000,drone1,raw,0.925191,-0.600967,1.226166,-0.000710,-0.008441,0.000027,0.999964,0.000065,-0.002574,0.003245,-0.185154
13.420000,drone2,raw,0.924618,-0.000960,1.231866,-0.000710,-0.008442,0.000024,0.999964,0.000059,-0.002556,0.003259,-0.186478
13.440000,drone3,raw,0.925161,0.599091,1.220686,-0.000732,-0.008376,0.000019,0.999965,0.000050,-0.002450,0.003244,-0.185705
13.440000,drone1,raw,0.925206,-0.600907,1.222519,-0.000732,-0.008375,0.000027,0.999965,0.000066,-0.002401,0.003244,-0.183262
13.440000,drone2,raw,0.924634,-0.000901,1.228193,-0.000732,-0.008376,0.000013,0.999965,0.000037,-0.002382,0.003248,-0.184581
13.452000,drone3,ekf,0.964686,0.597978,1.358284,-0.000745,-0.008336,0.000019,0.999965,0.000051,0.101809,0.017034,0.272021
13.452000,drone2,ekf,0.976440,-0.011380,1.240544,-0.000745,-0.008520,0.000024,0.999963,0.000061,0.126014,-0.043344,-0.208929
13.452000,drone1,ekf,0.955941,-0.603299,1.236980,-0.000745,-0.008335,0.000027,0.999965,0.000066,0.050791,-0.009354,-0.159020
13.452000,drone3,ekf,0.963218,0.598044,1.354185,-0.000745,-0.008336,0.000019,0.999965,0.000051,0.099736,0.017127,0.266546
13.452000,drone2,ekf,0.974612,-0.011022,1.240640,-0.000745,-0.008520,0.000024,0.999963,0.000061,0.123532,-0.042858,-0.208800
13.452000,drone1,ekf,0.954784,-0.603236,1.237006,-0.000745,-0.008335,0.000027,0.999965,0.000066,0.049157,-0.009266,-0.158985
13.452000,drone2,ekf,0.972904,-0.010687,1.240730,-0.000745,-0.008520,0.000024,0.999963,0.000061,0.121213,-0.042404,-0.208680
13.452000,drone1,ekf,0.953706,-0.603178,1.237031,-0.000745,-0.008335,0.000027,0.999965,0.000066,0.047634,-0.009184,-0.158951
13.452000,drone3,ekf,0.961851,0.598106,1.350353,-0.000745,-0.008336,0.000019,0.999965,0.000051,0.097805,0.017213,0.261425
13.452000,drone2,ekf,0.971304,-0.010374,1.240815,-0.000745,-0.008520,0.000024,0.999963,0.000061,0.119041,-0.041979,-0.208567
13.452000,drone1,ekf,0.952699,-0.603124,1.237054,-0.000745,-0.008335,0.000027,0.999965,0.000066,0.046212,-0.009108,-0.158920
13.452000,drone3,ekf,0.960573,0.598163,1.346761,-0.000745,-0.008336,0.000019,0.999965,0.000051,0.096001,0.017294,0.256627
13.460000,drone3,raw,0.925178,0.599150,1.217027,-0.000753,-0.008309,0.000019,0.999965,0.000051,-0.002287,0.003242,-0.183868
13.460000,drone2,raw,0.924652,-0.000841,1.224551,-0.000754,-0.008489,0.000024,0.999964,0.000061,-0.002252,0.003257,-0.182876
13.460000,drone1,raw,0.925223,-0.600848,1.218909,-0.000754,-0.008309,0.000027,0.999965,0.000066,-0.002237,0.003243,-0.181425
13.480000,drone2,raw,0.924671,-0.000781,1.220949,-0.000776,-0.008413,0.000025,0.999964,0.000064,-0.002128,0.003261,-0.181079
13.480000,drone1,raw,0.925242,-0.600788,1.215333,-0.000776,-0.008241,0.000027,0.999966,0.000067,-0.002082,0.003241,-0.179640
13.480000,drone3,raw,0.925197,0.599210,1.213402,-0.000775,-0.008241,0.000019,0.999966,0.000052,-0.002132,0.003241,-0.182082
13.500000,drone2,raw,0.924693,-0.000722,1.217382,-0.000798,-0.008336,0.000025,0.999965,0.000062,-0.001977,0.003253,-0.179193
13.500000,drone1,raw,0.925263,-0.600729,1.211792,-0.000798,-0.008173,0.000027,0.999966,0.000067,-0.001935,0.003238,-0.177903
13.500000,drone3,raw,0.925217,0.599269,1.209812,-0.000797,-0.008173,0.000020,0.999966,0.000052,-0.001985,0.003238,-0.180344
13.500000,0.598163,1.346761,-0.000,-0.001.231629,-0.000789,-0.008367,0.000024,0.999965,0.000062,0.106015,-0.033617,-0.193584
13.500000,drone3,ekf,0.963698,0.598324,1.354459,-0.000797,-0.008173,0.000020,0.999966,0.000052,0.094822,0.002127,0.248916
13.500000,drone1,ekf,0.954684,-0.603280,1.230209,-0.000789,-0.008200,0.000027,0.999966,0.000067,0.064423,-0.004625,-0.141912
13.500000,drone1,ekf,0.953580,-0.603214,1.230176,-0.000798,-0.008173,0.000027,0.999966,0.000067,0.062864,-0.004531,-0.141956
13.500000,drone2,ekf,0.972877,-0.011248,1.231735,-0.000798,-0.008336,0.000025,0.999965,0.000062,0.103631,-0.033115,-0.193443
13.500000,drone3,ekf,0.962276,0.598382,1.350222,-0.000797,-0.008173,0.000020,0.999966,0.000052,0.092813,0.002210,0.243255
13.500000,drone1,ekf,0.952551,-0.603152,1.230145,-0.000798,-0.008173,0.000027,0.999966,0.000067,0.061410,-0.004444,-0.141998
13.500000,drone2,ekf,0.971236,-0.010903,1.231834,-0.000798,-0.008336,0.000025,0.999965,0.000062,0.101404,-0.032647,-0.193311
13.500000,drone1,ekf,0.951589,-0.603094,1.230116,-0.000798,-0.008173,0.000027,0.999966,0.000067,0.060053,-0.004363,-0.142037
13.500000,drone3,ekf,0.960949,0.598437,1.346257,-0.000797,-0.008173,0.000020,0.999966,0.000052,0.090941,0.002287,0.237958
13.500000,drone2,ekf,0.969699,-0.010580,1.231926,-0.000798,-0.008336,0.000025,0.999965,0.000062,0.099317,-0.032208,-0.193187
13.500000,drone3,ekf,0.959710,0.598488,1.342540,-0.000797,-0.008173,0.000020,0.999966,0.000052,0.089192,0.002358,0.232992
13.520000,drone3,raw,0.925240,0.599327,1.206256,-0.000819,-0.008105,0.000020,0.999967,0.000053,-0.001846,0.003234,-0.178646
13.520000,drone1,raw,0.925285,-0.600670,1.208284,-0.000819,-0.008104,0.000027,0.999967,0.000068,-0.001795,0.003235,-0.176208
13.520000,drone2,raw,0.924716,-0.000663,1.213849,-0.000819,-0.008260,0.000024,0.999966,0.000061,-0.001833,0.003248,-0.177493
13.540000,drone3,raw,0.925263,0.599386,1.202733,-0.000840,-0.008035,0.000020,0.999967,0.000054,-0.001713,0.003230,-0.176980
13.540000,drone2,raw,0.924741,-0.000604,1.210349,-0.000841,-0.008183,0.000025,0.999966,0.000064,-0.001697,0.003245,-0.175826
13.540000,drone1,raw,0.925309,-0.600611,1.204810,-0.000841,-0.008035,0.000028,0.999967,0.000069,-0.001663,0.003231,-0.174546
13.552000,drone2,ekf,0.973011,-0.011605,1.222314,-0.000841,-0.008183,0.000025,0.999966,0.000064,0.096436,-0.026913,-0.187023
13.552000,drone1,ekf,0.954539,-0.602797,1.223095,-0.000841,-0.008035,0.000028,0.999967,0.000069,0.077864,0.004662,-0.133135
13.552000,drone2,ekf,0.971303,-0.011228,1.222427,-0.000841,-0.008183,0.000025,0.999966,0.000064,0.094118,-0.026403,-0.186872
13.552000,drone1,ekf,0.953436,-0.602742,1.222997,-0.000854,-0.007994,0.000028,0.999968,0.000069,0.076308,0.004740,-0.133266
13.552000,drone2,ekf,0.969708,-0.010877,1.222533,-0.000854,-0.008137,0.000024,0.999967,0.000062,0.091952,-0.025926,-0.186731
13.552000,drone1,ekf,0.952409,-0.602690,1.222905,-0.000854,-0.007994,0.000028,0.999968,0.000069,0.074858,0.004812,-0.133388
13.552000,drone2,ekf,0.968214,-0.010548,1.222632,-0.000854,-0.008137,0.000024,0.999967,0.000062,0.089923,-0.025479,-0.186599
13.552000,drone1,ekf,0.951449,-0.602643,1.222819,-0.000854,-0.007994,0.000028,0.999968,0.000069,0.073504,0.004880,-0.133503
13.552000,drone3,ekf,0.962320,0.599035,1.349709,-0.000853,-0.007994,0.000020,0.999968,0.000054,0.076621,0.009771,0.222422
13.552000,drone3,ekf,0.960941,0.599074,1.345300,-0.000853,-0.007994,0.000020,0.999968,0.000054,0.074675,0.009826,0.216532
13.552000,drone3,ekf,0.959656,0.599110,1.341177,-0.000853,-0.007994,0.000020,0.999968,0.000054,0.072861,0.009877,0.211024
13.552000,drone3,ekf,0.958455,0.599144,1.337312,-0.000853,-0.007994,0.000020,0.999968,0.000054,0.071167,0.009925,0.205861
13.560000,drone3,raw,0.925289,0.599445,1.199242,-0.000862,-0.007966,0.000020,0.999968,0.000054,-0.001587,0.003225,-0.175338
13.560000,drone2,raw,0.924768,-0.000545,1.206882,-0.000862,-0.008106,0.000026,0.999967,0.000066,-0.001566,0.003241,-0.174183
13.560000,drone1,raw,0.925335,-0.600553,1.201368,-0.000862,-0.007966,0.000028,0.999968,0.000069,-0.001535,0.003226,-0.172908
13.580000,drone1,raw,0.925362,-0.600494,1.197958,-0.000883,-0.007895,0.000028,0.999968,0.000070,-0.001413,0.003220,-0.171283
13.580000,drone2,raw,0.924795,-0.000486,1.203447,-0.000884,-0.008029,0.000025,0.999967,0.000065,-0.001441,0.003234,-0.172552
13.580000,drone3,raw,0.925316,0.599503,1.195784,-0.000883,-0.007895,0.000020,0.999968,0.000055,-0.001464,0.003220,-0.173707
13.600000,drone3,raw,0.925344,0.599561,1.192359,-0.000904,-0.007825,0.000021,0.999969,0.000055,-0.001345,0.003213,-0.172077
13.600000,drone2,raw,0.924825,-0.000428,1.200045,-0.000905,-0.007952,0.000025,0.999968,0.000064,-0.001318,0.003226,-0.170922
13.600000,drone1,raw,0.925390,-0.600436,1.194581,-0.000905,-0.007825,0.000028,0.999969,0.000071,-0.001293,0.003213,-0.169659
13.600000,drone3,ekf,0.960612,0.599776,1.342542,-0.000904,-0.007825,0.000021,0.999969,0.000055,0.072273,0.012781,0.201333
13.600000,drone2,ekf,0.971790,-0.010430,1.214126,-0.000896,-0.007983,0.000026,0.999968,0.000067,0.109072,-0.004617,-0.179517
13.600000,drone1,ekf,0.953032,-0.602696,1.215723,-0.000905,-0.007825,0.000028,0.999969,0.000071,0.054710,-0.002275,-0.145245
13.600000,drone1,ekf,0.951991,-0.602639,1.215599,-0.000905,-0.007825,0.000028,0.999969,0.000071,0.053242,-0.002196,-0.145410
13.600000,drone3,ekf,0.959304,0.599794,1.338120,-0.000904,-0.007825,0.000021,0.999969,0.000055,0.070427,0.012806,0.195425
13.600000,drone2,ekf,0.970135,-0.010091,1.214238,-0.000896,-0.007983,0.000026,0.999968,0.000067,0.106825,-0.004157,-0.179369
13.600000,drone1,ekf,0.951021,-0.602587,1.215484,-0.000905,-0.007825,0.000028,0.999969,0.000071,0.051873,-0.002122,-0.145565
13.600000,drone3,ekf,0.958084,0.599810,1.333983,-0.000904,-0.007825,0.000021,0.999969,0.000055,0.068706,0.012830,0.189898
13.600000,drone2,ekf,0.968589,-0.009774,1.214342,-0.000905,-0.007952,0.000025,0.999968,0.000064,0.104725,-0.003727,-0.179230
13.600000,drone1,ekf,0.950115,-0.602538,1.215375,-0.000905,-0.007825,0.000028,0.999969,0.000071,0.050594,-0.002053,-0.145710
13.600000,drone3,ekf,0.956944,0.599826,1.330104,-0.000904,-0.007825,0.000021,0.999969,0.000055,0.067098,0.012852,0.184716
13.600000,drone2,ekf,0.967140,-0.009477,1.214439,-0.000905,-0.007952,0.000025,0.999968,0.000064,0.102758,-0.003323,-0.179099
13.620000,drone2,raw,0.924855,-0.000370,1.196675,-0.000926,-0.007874,0.000026,0.999969,0.000066,-0.001198,0.003220,-0.169280
13.620000,drone1,raw,0.925420,-0.600378,1.191237,-0.000926,-0.007754,0.000028,0.999970,0.000071,-0.001175,0.003206,-0.168024
13.620000,drone3,raw,0.925373,0.599619,1.188967,-0.000925,-0.007754,0.000021,0.999970,0.000056,-0.001228,0.003206,-0.170435
13.640000,drone2,raw,0.924887,-0.000312,1.193340,-0.000947,-0.007797,0.000027,0.999969,0.000069,-0.001079,0.003213,-0.167615
13.640000,drone3,raw,0.925404,0.599676,1.185608,-0.000946,-0.007682,0.000021,0.999970,0.000057,-0.001112,0.003198,-0.168768
13.640000,drone1,raw,0.925451,-0.600321,1.187771,-0.000947,-0.007682,0.000029,0.999970,0.000072,-0.001121,0.003206,-0.170240
13.652000,drone2,ekf,0.970773,-0.009802,1.205456,-0.000947,-0.007797,0.000027,0.999969,0.000069,0.101064,-0.012490,-0.174887
13.652000,drone1,ekf,0.951071,-0.602770,1.207266,-0.000947,-0.007682,0.000029,0.999970,0.000072,0.037074,-0.005688,-0.153346
13.652000,drone2,ekf,0.969147,-0.009477,1.205567,-0.000959,-0.007750,0.000026,0.999970,0.000067,0.098856,-0.012049,-0.174738
13.652000,drone2,ekf,0.967628,-0.009174,1.205671,-0.000959,-0.007750,0.000026,0.999970,0.000067,0.096792,-0.011637,-0.174599
13.652000,drone1,ekf,0.950097,-0.602705,1.207131,-0.000959,-0.007639,0.000029,0.999970,0.000072,0.035700,-0.005597,-0.153527
13.652000,drone2,ekf,0.966205,-0.008890,1.205769,-0.000959,-0.007750,0.000026,0.999970,0.000067,0.094861,-0.011251,-0.174469
13.652000,drone1,ekf,0.949190,-0.602645,1.207004,-0.000959,-0.007639,0.000029,0.999970,0.000072,0.034420,-0.005512,-0.153696
13.652000,drone3,ekf,0.958222,0.599869,1.335159,-0.000959,-0.007639,0.000021,0.999970,0.000057,0.048129,0.000451,0.183358
13.652000,drone1,ekf,0.948342,-0.602589,1.206886,-0.000959,-0.007639,0.000029,0.999970,0.000072,0.033224,-0.005433,-0.153854
13.652,-0.600321,1.187771,-0.000947,-0,1.330667,-0.000959,-0.007639,0.000021,0.999970,0.000057,0.046396,0.000479,0.177357
13.652000,drone3,ekf,0.955850,0.599908,1.326466,-0.000959,-0.007639,0.000021,0.999970,0.000057,0.044782,0.000505,0.171745
13.652000,drone3,ekf,0.954781,0.599925,1.322529,-0.000959,-0.007639,0.000021,0.999970,0.000057,0.043274,0.000530,0.166485
13.660000,drone3,raw,0.925436,0.599734,1.182284,-0.000967,-0.007610,0.000021,0.999971,0.000057,-0.000995,0.003189,-0.167065
13.660000,drone2,raw,0.924920,-0.000254,1.190039,-0.000968,-0.007719,0.000026,0.999970,0.000067,-0.000959,0.003203,-0.165913
13.660000,drone1,raw,0.925483,-0.600263,1.184503,-0.000968,-0.007610,0.000029,0.999971,0.000072,-0.001005,0.003196,-0.168356
13.680000,drone3,raw,0.925469,0.599791,1.178996,-0.000988,-0.007538,0.000021,0.999971,0.000058,-0.000876,0.003179,-0.165314
13.680000,drone1,raw,0.925517,-0.600206,1.181269,-0.000988,-0.007537,0.000029,0.999971,0.000073,-0.000824,0.003178,-0.162559
13.680000,drone2,raw,0.924955,-0.000197,1.186773,-0.000988,-0.007641,0.000025,0.999970,0.000066,-0.000837,0.003191,-0.164165
13.700000,drone2,raw,0.924991,-0.000140,1.183545,-0.001009,-0.007563,0.000027,0.999971,0.000068,-0.000714,0.003182,-0.162358
13.700000,drone3,raw,0.925504,0.599848,1.175744,-0.001008,-0.007465,0.000022,0.999972,0.000058,-0.000755,0.003168,-0.163504
13.700000,drone1,raw,0.925552,-0.600149,1.178072,-0.001009,-0.007465,0.000029,0.999972,0.000074,-0.000702,0.003168,-0.160777
13.700000,drone3,ekf,0.955679,0.599161,1.325711,-0.001008,-0.007465,0.000022,0.999972,0.000058,0.042274,-0.016951,0.158512
13.700000,drone2,ekf,0.969427,-0.008967,1.197798,-0.001001,-0.007595,0.000026,0.999971,0.000068,0.099895,-0.007870,-0.168257
13.700000,drone1,ekf,0.949189,-0.602281,1.199634,-0.001001,-0.007494,0.000029,0.999971,0.000073,0.036421,0.005333,-0.148211
13.700000,drone3,ekf,0.954550,0.599211,1.321296,-0.001008,-0.007465,0.000022,0.999972,0.000058,0.040683,-0.016881,0.152614
13.700000,drone2,ekf,0.967858,-0.008667,1.197904,-0.001001,-0.007595,0.000026,0.999971,0.000068,0.097764,-0.007463,-0.168116
13.700000,drone1,ekf,0.948290,-0.602229,1.199496,-0.001009,-0.007465,0.000029,0.999972,0.000074,0.035153,0.005406,-0.148395
13.700000,drone3,ekf,0.953498,0.599257,1.317166,-0.001008,-0.007465,0.000022,0.999972,0.000058,0.039199,-0.016816,0.147096
13.700000,drone2,ekf,0.966391,-0.008387,1.198003,-0.001009,-0.007563,0.000027,0.999971,0.000068,0.095772,-0.007082,-0.167984
13.700000,drone1,ekf,0.947452,-0.602181,1.199367,-0.001009,-0.007465,0.000029,0.999972,0.000074,0.033972,0.005474,-0.148568
13.700000,drone3,ekf,0.952515,0.599300,1.313293,-0.001008,-0.007465,0.000022,0.999972,0.000058,0.037813,-0.016755,0.141922
13.700000,drone2,ekf,0.965017,-0.008125,1.198095,-0.001009,-0.007563,0.000027,0.999971,0.000068,0.093907,-0.006726,-0.167860
13.700000,drone1,ekf,0.946669,-0.602136,1.199246,-0.001009,-0.007465,0.000029,0.999972,0.000074,0.032867,0.005538,-0.148729
13.720000,drone3,raw,0.925540,0.599904,1.172531,-0.001029,-0.007391,0.000022,0.999972,0.000059,-0.000630,0.003156,-0.161625
13.720000,drone2,raw,0.925028,-0.000083,1.180354,-0.001030,-0.007485,0.000028,0.999971,0.000071,-0.000587,0.003171,-0.160482
13.720000,drone1,raw,0.925589,-0.600093,1.174912,-0.001029,-0.007391,0.000029,0.999972,0.000074,-0.000577,0.003156,-0.158927
13.740000,drone3,raw,0.925578,0.599960,1.169357,-0.001049,-0.007317,0.000022,0.999973,0.000060,-0.000501,0.003143,-0.159670
13.740000,drone2,raw,0.925067,-0.000027,1.177204,-0.001050,-0.007407,0.000027,0.999972,0.000069,-0.000455,0.003157,-0.158531
13.740000,drone1,raw,0.925627,-0.600037,1.171792,-0.001050,-0.007317,0.000030,0.999973,0.000075,-0.000448,0.003143,-0.157000
13.752000,drone3,ekf,0.952020,0.598276,1.316559,-0.001061,-0.007273,0.000022,0.999973,0.000060,0.009681,-0.021356,0.147371
13.752000,drone2,ekf,0.967913,-0.007970,1.190779,-0.001062,-0.007359,0.000028,0.999972,0.000072,0.084883,-0.002247,-0.141972
13.752000,drone3,ekf,0.951018,0.598362,1.312150,-0.001061,-0.007273,0.000022,0.999973,0.000060,0.008269,-0.021234,0.141481
13.752000,drone2,ekf,0.966390,-0.007698,1.190845,-0.001062,-0.007359,0.000028,0.999972,0.000072,0.082815,-0.001877,-0.141883
13.752000,drone1,ekf,0.948169,-0.602580,1.190700,-0.001050,-0.007317,0.000030,0.999973,0.000075,0.045430,-0.009830,-0.162200
13.752000,drone3,ekf,0.950084,0.598443,1.308026,-0.001061,-0.007273,0.000022,0.999973,0.000060,0.006953,-0.021121,0.135972
13.752000,drone2,ekf,0.964968,-0.007443,1.190907,-0.001062,-0.007359,0.000028,0.999972,0.000072,0.080884,-0.001531,-0.141800
13.752000,drone3,ekf,0.949212,0.598518,1.304162,-0.001061,-0.007273,0.000022,0.999973,0.000060,0.005723,-0.021015,0.130809
13.752000,drone2,ekf,0.963636,-0.007205,1.190965,-0.001062,-0.007359,0.000028,0.999972,0.000072,0.079075,-0.001207,-0.141723
13.752000,drone1,ekf,0.947305,-0.602512,1.190588,-0.001050,-0.007317,0.000030,0.999973,0.000075,0.044211,-0.009734,-0.162349
13.752000,drone1,ekf,0.946500,-0.602449,1.190484,-0.001062,-0.007273,0.000030,0.999973,0.000075,0.043076,-0.009645,-0.162489
13.752000,drone1,ekf,0.945748,-0.602390,1.190386,-0.001062,-0.007273,0.000030,0.999973,0.000075,0.042016,-0.009562,-0.162620
13.760000,drone3,raw,0.925618,0.600016,1.166226,-0.001069,-0.007243,0.000022,0.999973,0.000060,-0.000367,0.003130,-0.157632
13.760000,drone2,raw,0.925108,0.000030,1.174095,-0.001070,-0.007328,0.000026,0.999973,0.000068,-0.000319,0.003142,-0.156497
13.760000,drone1,raw,0.925667,-0.599981,1.168713,-0.001070,-0.007243,0.000030,0.999973,0.000075,-0.000314,0.003130,-0.154989
13.780000,drone3,raw,0.925659,0.600071,1.163137,-0.001089,-0.007168,0.000023,0.999974,0.000061,-0.000228,0.003115,-0.155505
13.780000,drone2,raw,0.925151,0.000085,1.171028,-0.001096,-0.007203,0.000027,0.999973,0.000070,-0.000173,0.003127,-0.154397
13.780000,drone1,raw,0.925708,-0.599925,1.165677,-0.001090,-0.007168,0.000030,0.999974,0.000076,-0.000175,0.003115,-0.152890
13.800000,drone1,raw,0.925752,-0.599870,1.162685,-0.001110,-0.007092,0.000030,0.999974,0.000077,-0.000030,0.003100,-0.150701
13.800000,drone3,ekf,0.948320,0.596606,1.305948,-0.001109,-0.007092,0.000023,0.999974,0.000061,-0.000573,-0.042949,0.126573
13.800000,drone2,ekf,0.966734,-0.007454,1.184651,-0.001108,-0.007156,0.000026,0.999974,0.000068,0.095271,-0.010577,-0.132091
13.800000,drone1,ekf,0.947220,-0.602193,1.182707,-0.001102,-0.007122,0.000030,0.999974,0.000076,0.047841,0.002874,-0.158166
13.800000,drone1,ekf,0.946398,-0.602134,1.182620,-0.001110,-0.007092,0.000030,0.999974,0.000077,0.046682,0.002957,-0.158282
13.800000,drone3,ekf,0.947458,0.596755,1.301670,-0.001109,-0.007092,0.000023,0.999974,0.000061,-0.001788,-0.042739,0.120858
13.800000,drone2,ekf,0.965264,-0.007196,1.184677,-0.001108,-0.007156,0.000026,0.999974,0.000068,0.093274,-0.010226,-0.132056
13.800000,drone1,ekf,0.945631,-0.602080,1.182539,-0.001110,-0.007092,0.000030,0.999974,0.000077,0.045602,0.003034,-0.158390
13.800000,drone1,ekf,0.944915,-0.602029,1.182463,-0.001110,-0.007092,0.000030,0.999974,0.000077,0.044593,0.003106,-0.158491
13.800000,drone3,raw,0.925702,0.600127,1.160094,-0.001109,-0.007092,0.000023,0.999974,0.000061,-0.000084,0.003100,-0.153288
13.800000,drone2,ekf,0.963889,-0.006955,1.184701,-0.001116,-0.007125,0.000029,0.999974,0.000074,0.091407,-0.009899,-0.132024
13.800000,drone3,ekf,0.946654,0.596894,1.297667,-0.001109,-0.007092,0.000023,0.999974,0.000061,-0.002921,-0.042543,0.115511
13.800000,drone3,ekf,0.945903,0.597024,1.293915,-0.001109,-0.007092,0.000023,0.999974,0.000061,-0.003980,-0.042360,0.110498
13.800000,drone2,ekf,0.962601,-0.006729,1.184724,-0.001116,-0.007125,0.000029,0.999974,0.000074,0.089658,-0.009592,-0.131993
13.800000,drone2,raw,0.925195,0.000141,1.168008,-0.001116,-0.007125,0.000029,0.999974,0.000074,-0.000019,0.003113,-0.152184
13.820000,drone2,raw,0.925241,0.000196,1.165034,-0.001135,-0.007048,0.000028,0.999975,0.000072,0.000133,0.003098,-0.149856
13.820000,drone3,raw,0.925747,0.600181,1.157099,-0.001129,-0.007016,0.000023,0.999975,0.000062,0.000066,0.003083,-0.150979
13.820000,drone1,raw,0.925797,-0.599815,1.159740,-0.001130,-0.007016,0.000031,0.999975,0.000077,0.000120,0.003083,-0.148419
,ekf,0.944915,-0.602029,1.182463,-0.00,1.154152,-0.001149,-0.006939,0.000023,0.999975,0.000062,0.000221,0.003066,-0.148578
13.840000,drone1,raw,0.925845,-0.599760,1.156844,-0.001149,-0.006939,0.000031,0.999975,0.000078,0.000275,0.003066,-0.146046
13.840000,drone2,raw,0.925290,0.000251,1.162110,-0.001154,-0.006969,0.000027,0.999975,0.000069,0.000289,0.003079,-0.147462
13.852000,drone3,ekf,0.944804,0.594946,1.295065,-0.001160,-0.006893,0.000023,0.999976,0.000063,-0.006970,-0.044062,0.102541
13.852000,drone2,ekf,0.965532,-0.007365,1.177611,-0.001154,-0.006969,0.000027,0.999975,0.000069,0.083857,-0.017241,-0.136914
13.852000,drone1,ekf,0.946817,-0.601772,1.173855,-0.001149,-0.006939,0.000031,0.999975,0.000078,0.052055,0.004001,-0.164712
13.852000,drone3,ekf,0.944066,0.595159,1.290871,-0.001160,-0.006893,0.000023,0.999976,0.000063,-0.008011,-0.043761,0.096938
13.852000,drone1,ekf,0.946009,-0.601723,1.173811,-0.001161,-0.006893,0.000031,0.999976,0.000078,0.050917,0.004070,-0.164771
13.852000,drone3,ekf,0.943378,0.595358,1.286948,-0.001160,-0.006893,0.000023,0.999976,0.000063,-0.008980,-0.043480,0.091698
13.852000,drone2,ekf,0.964099,-0.007103,1.177617,-0.001154,-0.006969,0.000027,0.999975,0.000069,0.081910,-0.016886,-0.136906
13.852000,drone1,ekf,0.945257,-0.601677,1.173771,-0.001161,-0.006893,0.000031,0.999976,0.000078,0.049857,0.004135,-0.164825
13.852000,drone3,ekf,0.942735,0.595544,1.283273,-0.001160,-0.006893,0.000023,0.999976,0.000063,-0.009886,-0.043218,0.086787
13.852000,drone2,ekf,0.962759,-0.006859,1.177623,-0.001166,-0.006922,0.000028,0.999975,0.000072,0.080091,-0.016554,-0.136898
13.852000,drone1,ekf,0.944554,-0.601634,1.173732,-0.001161,-0.006893,0.000031,0.999976,0.000078,0.048866,0.004195,-0.164876
13.852000,drone2,ekf,0.961505,-0.006630,1.177629,-0.001166,-0.006922,0.000028,0.999975,0.000072,0.078387,-0.016243,-0.136890
13.860000,drone3,raw,0.925844,0.600290,1.151256,-0.001168,-0.006862,0.000024,0.999976,0.000063,0.000380,0.003047,-0.146090
13.860000,drone1,raw,0.925894,-0.599706,1.153997,-0.001169,-0.006862,0.000031,0.999976,0.000078,0.000435,0.003047,-0.143586
13.860000,drone2,raw,0.925340,0.000305,1.159235,-0.001174,-0.006890,0.000028,0.999976,0.000073,0.000450,0.003061,-0.144980
13.880000,drone2,raw,0.925393,0.000359,1.156414,-0.001193,-0.006811,0.000030,0.999976,0.000076,0.000615,0.003043,-0.142415
13.880000,drone1,raw,0.925946,-0.599653,1.151203,-0.001188,-0.006784,0.000031,0.999976,0.000079,0.000599,0.003027,-0.141042
13.880000,drone3,raw,0.925895,0.600343,1.148412,-0.001187,-0.006784,0.000024,0.999976,0.000064,0.000544,0.003027,-0.143519
13.900000,drone3,raw,0.925949,0.600397,1.145621,-0.001206,-0.006705,0.000024,0.999977,0.000064,0.000712,0.003006,-0.140870
13.900000,drone3,ekf,0.942154,0.593526,1.283517,-0.001206,-0.006705,0.000024,0.999977,0.000064,0.001209,-0.047620,0.088915
13.900000,drone2,raw,0.925447,0.000412,1.153645,-0.001211,-0.006731,0.000029,0.999977,0.000074,0.000784,0.003020,-0.139774
13.900000,drone2,ekf,0.963718,-0.007133,1.171711,-0.001204,-0.006763,0.000029,0.999976,0.000074,0.074502,-0.015834,-0.122849
13.900000,drone1,raw,0.926000,-0.599599,1.148461,-0.001207,-0.006705,0.000032,0.999977,0.000079,0.000767,0.003006,-0.138422
13.900000,drone1,ekf,0.946227,-0.601306,1.166333,-0.001199,-0.006737,0.000031,0.999977,0.000079,0.051103,0.006062,-0.153845
13.900000,drone3,ekf,0.941518,0.593793,1.279504,-0.001206,-0.006705,0.000024,0.999977,0.000064,0.000312,-0.047244,0.083554
13.900000,drone2,ekf,0.962358,-0.006877,1.171689,-0.001204,-0.006763,0.000029,0.999976,0.000074,0.072655,-0.015486,-0.122878
13.900000,drone1,ekf,0.945449,-0.601269,1.166318,-0.001207,-0.006705,0.000032,0.999977,0.000079,0.050008,0.006114,-0.153865
13.900000,drone3,ekf,0.940924,0.594041,1.275750,-0.001206,-0.006705,0.000024,0.999977,0.000064,-0.000524,-0.046894,0.078538
13.900000,drone2,ekf,0.961087,-0.006637,1.171669,-0.001211,-0.006731,0.000029,0.999977,0.000074,0.070928,-0.015160,-0.122904
13.900000,drone1,ekf,0.944724,-0.601234,1.166304,-0.001207,-0.006705,0.000032,0.999977,0.000079,0.048987,0.006163,-0.153883
13.900000,drone3,ekf,0.940370,0.594274,1.272230,-0.001206,-0.006705,0.000024,0.999977,0.000064,-0.001305,-0.046567,0.073836
13.900000,drone2,ekf,0.959896,-0.006412,1.171650,-0.001211,-0.006731,0.000029,0.999977,0.000074,0.069311,-0.014855,-0.122929
13.900000,drone1,ekf,0.944047,-0.601202,1.166291,-0.001207,-0.006705,0.000032,0.999977,0.000079,0.048032,0.006209,-0.153901
13.920000,drone3,raw,0.926004,0.600449,1.142886,-0.001225,-0.006626,0.000024,0.999977,0.000065,0.000882,0.002984,-0.138152
13.920000,drone1,raw,0.926056,-0.599546,1.145774,-0.001226,-0.006626,0.000032,0.999977,0.000080,0.000938,0.002984,-0.135732
13.920000,drone2,raw,0.925504,0.000465,1.150932,-0.001230,-0.006650,0.000028,0.999977,0.000071,0.000955,0.002996,-0.137064
13.940000,drone3,raw,0.926062,0.600502,1.140207,-0.001244,-0.006546,0.000024,0.999978,0.000065,0.001054,0.002960,-0.135375
13.940000,drone2,raw,0.925564,0.000518,1.148274,-0.001249,-0.006569,0.000029,0.999978,0.000075,0.001128,0.002974,-0.134294
13.940000,drone1,raw,0.926115,-0.599494,1.143143,-0.001244,-0.006546,0.000032,0.999978,0.000080,0.001110,0.002960,-0.132983
13.952000,drone3,ekf,0.941075,0.592439,1.271570,-0.001244,-0.006546,0.000024,0.999978,0.000065,0.024999,-0.041246,0.061513
13.952000,drone2,ekf,0.962583,-0.006971,1.165423,-0.001249,-0.006569,0.000029,0.999978,0.000075,0.077041,-0.015673,-0.118921
13.952000,drone1,ekf,0.945664,-0.600413,1.159173,-0.001244,-0.006546,0.000032,0.999978,0.000080,0.045603,0.014969,-0.136789
13.952000,drone3,ekf,0.940479,0.592750,1.267702,-0.001255,-0.006497,0.000025,0.999978,0.000066,0.024159,-0.040808,0.056345
13.952000,drone2,ekf,0.961259,-0.006713,1.165380,-0.001260,-0.006520,0.000028,0.999978,0.000072,0.075243,-0.015324,-0.118979
13.952000,drone1,ekf,0.944908,-0.600402,1.159167,-0.001244,-0.006546,0.000032,0.999978,0.000080,0.044538,0.014984,-0.136796
13.952000,drone3,ekf,0.939923,0.593040,1.264084,-0.001255,-0.006497,0.000025,0.999978,0.000066,0.023376,-0.040399,0.051511
13.952000,drone2,ekf,0.960023,-0.006473,1.165340,-0.001260,-0.006520,0.000028,0.999978,0.000072,0.073564,-0.014998,-0.119033
13.952000,drone1,ekf,0.944203,-0.600392,1.159162,-0.001256,-0.006497,0.000032,0.999978,0.000081,0.043546,0.014998,-0.136803
13.952000,drone3,ekf,0.939404,0.593311,1.260693,-0.001255,-0.006497,0.000025,0.999978,0.000066,0.022645,-0.040018,0.046981
13.952000,drone2,ekf,0.958865,-0.006248,1.165302,-0.001260,-0.006520,0.000028,0.999978,0.000072,0.071991,-0.014692,-0.119083
13.952000,drone1,ekf,0.943545,-0.600383,1.159158,-0.001256,-0.006497,0.000032,0.999978,0.000081,0.042618,0.015011,-0.136809
13.960000,drone3,raw,0.926123,0.600554,1.137585,-0.001263,-0.006465,0.000025,0.999978,0.000066,0.001227,0.002936,-0.132547
13.960000,drone1,raw,0.926176,-0.599442,1.140568,-0.001263,-0.006465,0.000032,0.999978,0.000081,0.001283,0.002936,-0.130183
13.960000,drone2,raw,0.925626,0.000570,1.145674,-0.001267,-0.006487,0.000031,0.999978,0.000079,0.001302,0.002951,-0.131475
13.980000,drone1,raw,0.926239,-0.599390,1.138050,-0.001281,-0.006383,0.000033,0.999979,0.000081,0.001456,0.002911,-0.127345
13.980000,drone2,raw,0.925690,0.000622,1.143130,-0.001285,-0.006404,0.000030,0.999979,0.000076,0.001476,0.002924,-0.128617
13.980000,drone3,raw,0.926185,0.600605,1.135021,-0.001281,-0.006383,0.000025,0.999979,0.000066,0.001400,0.002911,-0.129681
14.000000,drone2,raw,0.925756,0.000673,1.140645,-0.001303,-0.006321,0.000029,0.999979,0.000074,0.001648,0.002896,-0.125731
14.000000,drone1,raw,0.926304,-0.599339,1.135589,-0.001300,-0.006301,0.000033,0.999979,0.000082,0.001627,0.002885,-0.124479
14.000000,drone3,raw,0.926250,0.600656,1.132515,-0.001299,-0.006301,0.000025,0.999979,0.000067,0.001571,0.002885,-0.126786
14.000000,drone3,ekf,0.939525,0.592219,1.260226,-0.001292,-0.006334,0.000025,0.999979,0.000067,0.013669,-0.029479,0.067019
14.000000,drone2,ekf,0.961002,-0.007263,1.160100,-0.001296,-0.006355,0.000031,0.999979,0.000079,0.070778,-0.026789,-0.106960
14.000000,drone1,ekf,0.944935,-0.599961,1.153111,-0.001292,-0.006334,0.000033,0.999979,0.000082,0.044020,0.008810,-0.125896
14.000000,drone1,ek0.000570,1.145674,-0.001267,-0.006487,0,-0.006334,0.000033,0.999979,0.000082,0.043005,0.008809,-0.125901
14.000000,drone3,ekf,0.938992,0.592540,1.256552,-0.001299,-0.006301,0.000025,0.999979,0.000067,0.012919,-0.029026,0.062111
14.000000,drone2,ekf,0.959744,-0.006993,1.160032,-0.001296,-0.006355,0.000031,0.999979,0.000079,0.069070,-0.026422,-0.107050
14.000000,drone1,ekf,0.943542,-0.599963,1.153105,-0.001300,-0.006301,0.000033,0.999979,0.000082,0.042059,0.008808,-0.125905
14.000000,drone3,ekf,0.938495,0.592840,1.253116,-0.001299,-0.006301,0.000025,0.999979,0.000067,0.012219,-0.028604,0.057519
14.000000,drone2,ekf,0.958569,-0.006741,1.159969,-0.001303,-0.006321,0.000029,0.999979,0.000074,0.067473,-0.026079,-0.107135
14.000000,drone1,ekf,0.942914,-0.599963,1.153102,-0.001300,-0.006301,0.000033,0.999979,0.000082,0.041174,0.008806,-0.125909
14.000000,drone3,ekf,0.938031,0.593120,1.249893,-0.001299,-0.006301,0.000025,0.999979,0.000067,0.011565,-0.028209,0.053215
14.000000,drone2,ekf,0.957468,-0.006505,1.159909,-0.001303,-0.006321,0.000029,0.999979,0.000074,0.065978,-0.025758,-0.107214
14.020000,drone3,raw,0.926317,0.600706,1.130067,-0.001317,-0.006219,0.000025,0.999980,0.000067,0.001739,0.002857,-0.123874
14.020000,drone2,raw,0.925824,0.000724,1.138218,-0.001321,-0.006238,0.000030,0.999980,0.000077,0.001817,0.002870,-0.122829
14.020000,drone1,raw,0.926372,-0.599289,1.133187,-0.001318,-0.006219,0.000033,0.999980,0.000083,0.001796,0.002857,-0.121596
14.040000,drone1,raw,0.926442,-0.599239,1.130842,-0.001335,-0.006135,0.000033,0.999980,0.000083,0.001961,0.002829,-0.118707
14.040000,drone3,raw,0.926386,0.600756,1.127677,-0.001335,-0.006135,0.000026,0.999980,0.000068,0.001904,0.002829,-0.120957
14.040000,drone2,raw,0.925895,0.000774,1.135849,-0.001339,-0.006153,0.000032,0.999980,0.000081,0.001983,0.002843,-0.119921
14.052000,drone3,ekf,0.938391,0.591398,1.249392,-0.001345,-0.006085,0.000026,0.999981,0.000068,0.016321,-0.039967,0.058241
14.052000,drone2,ekf,0.960435,-0.007279,1.154134,-0.001339,-0.006153,0.000032,0.999980,0.000081,0.080807,-0.020186,-0.109622
14.052000,drone1,ekf,0.945331,-0.599152,1.147614,-0.001335,-0.006135,0.000033,0.999980,0.000083,0.060511,0.016080,-0.105084
14.052000,drone3,ekf,0.937902,0.591755,1.245852,-0.001345,-0.006085,0.000026,0.999981,0.000068,0.015632,-0.039465,0.053512
14.052000,drone2,ekf,0.959197,-0.007002,1.154058,-0.001339,-0.006153,0.000032,0.999980,0.000081,0.079124,-0.019811,-0.109723
14.052000,drone1,ekf,0.944599,-0.599177,1.147589,-0.001335,-0.006135,0.000033,0.999980,0.000083,0.059481,0.016046,-0.105116
14.052000,drone3,ekf,0.937446,0.592087,1.242542,-0.001345,-0.006085,0.000026,0.999981,0.000068,0.014990,-0.038997,0.049090
14.052000,drone2,ekf,0.958039,-0.006744,1.153988,-0.001349,-0.006103,0.000031,0.999980,0.000078,0.077552,-0.019460,-0.109818
14.052000,drone3,ekf,0.937020,0.592398,1.239439,-0.001345,-0.006085,0.000026,0.999981,0.000068,0.014391,-0.038560,0.044945
14.052000,drone2,ekf,0.956956,-0.006502,1.153922,-0.001349,-0.006103,0.000031,0.999980,0.000078,0.076080,-0.019131,-0.109906
14.052000,drone1,ekf,0.943917,-0.599200,1.147566,-0.001346,-0.006085,0.000033,0.999981,0.000083,0.058521,0.016013,-0.105147
14.052000,drone1,ekf,0.943279,-0.599221,1.147545,-0.001346,-0.006085,0.000033,0.999981,0.000083,0.057624,0.015983,-0.105175
14.060000,drone3,raw,0.926458,0.600806,1.125346,-0.001352,-0.006052,0.000026,0.999981,0.000068,0.002065,0.002800,-0.118044
14.060000,drone2,raw,0.925968,0.000824,1.133539,-0.001356,-0.006069,0.000031,0.999981,0.000078,0.002144,0.002813,-0.117018
14.060000,drone1,raw,0.926513,-0.599189,1.128555,-0.001353,-0.006051,0.000034,0.999981,0.000084,0.002122,0.002800,-0.115823
14.080000,drone3,raw,0.926531,0.600855,1.123073,-0.001370,-0.005967,0.000026,0.999981,0.000069,0.002220,0.002771,-0.115146
14.080000,drone2,raw,0.926042,0.000873,1.131285,-0.001373,-0.005983,0.000030,0.999981,0.000076,0.002300,0.002781,-0.114130
14.080000,drone1,raw,0.926587,-0.599140,1.126325,-0.001370,-0.005967,0.000034,0.999981,0.000084,0.002277,0.002771,-0.112954
14.100000,drone3,raw,0.926606,0.600903,1.120856,-0.001387,-0.005882,0.000027,0.999982,0.000069,0.002368,0.002740,-0.112271
14.100000,drone1,raw,0.926663,-0.599092,1.124152,-0.001387,-0.005882,0.000034,0.999982,0.000085,0.002425,0.002740,-0.110108
14.100000,drone2,ekf,0.960774,-0.007198,1.149494,-0.001383,-0.005932,0.000031,0.999981,0.000079,0.105381,-0.020264,-0.090168
14.100000,drone1,ekf,0.946108,-0.599078,1.142635,-0.001381,-0.005916,0.000034,0.999982,0.000084,0.074571,0.003471,-0.101560
14.100000,drone3,ekf,0.937489,0.590484,1.238268,-0.001380,-0.005916,0.000026,0.999982,0.000069,0.019147,-0.048035,0.045172
14.100000,drone2,ekf,0.959537,-0.006921,1.149395,-0.001383,-0.005932,0.000031,0.999981,0.000079,0.103700,-0.019888,-0.090301
14.100000,drone2,ekf,0.958381,-0.006663,1.149302,-0.001390,-0.005898,0.000031,0.999982,0.000079,0.102130,-0.019537,-0.090425
14.100000,drone1,ekf,0.945360,-0.599101,1.142600,-0.001387,-0.005882,0.000034,0.999982,0.000085,0.073518,0.003438,-0.101607
14.100000,drone3,ekf,0.937041,0.590875,1.234937,-0.001387,-0.005882,0.000027,0.999982,0.000069,0.018516,-0.047485,0.040722
14.100000,drone2,ekf,0.957298,-0.006421,1.149215,-0.001390,-0.005898,0.000031,0.999982,0.000079,0.100658,-0.019209,-0.090541
14.100000,drone3,ekf,0.936622,0.591240,1.231821,-0.001387,-0.005882,0.000027,0.999982,0.000069,0.017927,-0.046972,0.036559
14.100000,drone1,ekf,0.944662,-0.599122,1.142567,-0.001387,-0.005882,0.000034,0.999982,0.000085,0.072536,0.003408,-0.101651
14.100000,drone3,ekf,0.936232,0.591580,1.228900,-0.001387,-0.005882,0.000027,0.999982,0.000069,0.017377,-0.046493,0.032656
14.100000,drone1,ekf,0.944010,-0.599142,1.142536,-0.001387,-0.005882,0.000034,0.999982,0.000085,0.071618,0.003380,-0.101692
14.100000,drone2,raw,0.926119,0.000922,1.129089,-0.001390,-0.005898,0.000031,0.999982,0.000079,0.002449,0.002752,-0.111266
14.120000,drone2,raw,0.926197,0.000970,1.126949,-0.001407,-0.005812,0.000033,0.999982,0.000083,0.002591,0.002722,-0.108432
14.120000,drone1,raw,0.926740,-0.599044,1.122035,-0.001404,-0.005797,0.000034,0.999982,0.000085,0.002567,0.002709,-0.107293
14.120000,drone3,raw,0.926683,0.600951,1.118697,-0.001404,-0.005797,0.000027,0.999982,0.000070,0.002510,0.002709,-0.109427
14.140000,drone2,raw,0.926277,0.001017,1.124865,-0.001424,-0.005725,0.000032,0.999983,0.000080,0.002726,0.002689,-0.105636
14.140000,drone3,raw,0.926761,0.600998,1.116593,-0.001421,-0.005711,0.000027,0.999983,0.000070,0.002644,0.002677,-0.106619
14.140000,drone1,raw,0.926819,-0.598996,1.119973,-0.001421,-0.005711,0.000035,0.999983,0.000085,0.002701,0.002677,-0.104515
14.152000,drone2,ekf,0.961249,-0.007019,1.144578,-0.001424,-0.005725,0.000032,0.999983,0.000080,0.100003,-0.016793,-0.086900
14.152000,drone1,ekf,0.946952,-0.598985,1.138391,-0.001421,-0.005711,0.000035,0.999983,0.000085,0.071439,0.003451,-0.078293
14.152000,drone3,ekf,0.936573,0.588658,1.227956,-0.001431,-0.005659,0.000027,0.999983,0.000071,0.014441,-0.065046,0.042971
14.152000,drone2,ekf,0.959996,-0.006743,1.144461,-0.001424,-0.005725,0.000032,0.999983,0.000080,0.098301,-0.016418,-0.087057
14.152000,drone2,ekf,0.958825,-0.006485,1.144351,-0.001434,-0.005673,0.000034,0.999983,0.000083,0.096710,-0.016067,-0.087204
14.152000,drone1,ekf,0.946178,-0.599007,1.138317,-0.001421,-0.005711,0.000035,0.999983,0.000085,0.070349,0.003420,-0.078391
14.152000,drone3,ekf,0.936161,0.589120,1.224769,-0.001431,-0.005659,0.000027,0.999983,0.000071,0.013863,-0.064396,0.038713
14.152000,drone2,ekf,0.957730,-0.006244,1.144248,-0.001434,-0.005673,0.000034,0.999983,0.000083,0.095221,-0.015739,-0.087342
14.152000,drone1,ekf,0.945456,-0.599027,1.138248,-0.001431,-0.005659,0.000035,0.999983,0.000086,0.069334,0.003391,-0.078484
14.152000,drone3,ekf,0.935778,0.589550,1.221788,-0.001431,-0.005659,0.000027,0.999983,0.000071,0.013324,-0.063791,0.034731
14.152000,drone1,ekf,0.944781,-0.599046,1.138183,-0.001431,-0.005659,0.000035,0.999983,0.000086,0.068385,0.003365,-0.078570
14.152000,drone3,ekf,0.935420,0.589952,1.218994,-0.001431,-0.005659,0.000027,0.999983,0.000071,0.012820,-0.063225,0.030999
14.160000,drone3,raw,0.926841,0.601045,1.1,-0.005659,0.000027,0.999983,0.000071,0.014441,-0.065046,0.042971
14.152000,drone2,ekf,0.959996,-0.006743,1.144461,-0.001424,-0.005725,0.000032,0.999983,0.000080,0.098301,-0.016418,-0.087057
14.152000,drone2,ekf,0.958825,-0.006485,1.144351,-0.001434,-0.005673,0.000034,0.999983,0.000083,0.096710,-0.016067,-0.087204
14.152000,drone1,ekf,0.946178,-0.599007,1.138317,-0.001421,-0.005711,0.000035,0.999983,0.000085,0.070349,0.003420,-0.078391
14.152000,drone3,ekf,0.936161,0.589120,1.224769,-0.001431,-0.005659,0.000027,0.999983,0.000071,0.013863,-0.064396,0.038713
14.152000,drone2,ekf,0.957730,-0.006244,1.144248,-0.001434,-0.005673,0.000034,0.999983,0.000083,0.095221,-0.015739,-0.087342
14.152000,drone1,ekf,0.945456,-0.599027,1.138248,-0.001431,-0.005659,0.000035,0.999983,0.000086,0.069334,0.003391,-0.078484
14.152000,drone3,ekf,0.935778,0.589550,1.221788,-0.001431,-0.005659,0.000027,0.999983,0.000071,0.013324,-0.063791,0.034731
14.152000,drone1,ekf,0.944781,-0.599046,1.138183,-0.001431,-0.005659,0.000035,0.999983,0.000086,0.068385,0.003365,-0.078570
14.152000,drone3,ekf,0.935420,0.589952,1.218994,-0.001431,-0.005659,0.000027,0.999983,0.000071,0.012820,-0.063225,0.030999
14.160000,drone3,raw,0.926841,0.601045,1.114544,-0.001437,-0.005625,0.000027,0.999983,0.000071,0.002770,0.002644,-0.103854
14.160000,drone1,raw,0.926900,-0.598949,1.117965,-0.001438,-0.005625,0.000035,0.999983,0.000086,0.002827,0.002644,-0.101779
14.160000,drone2,raw,0.926358,0.001064,1.122835,-0.001440,-0.005638,0.000031,0.999983,0.000078,0.002853,0.002654,-0.102881
14.180000,drone1,raw,0.926982,-0.598903,1.116010,-0.001454,-0.005538,0.000035,0.999984,0.000086,0.002946,0.002611,-0.099088
14.180000,drone2,raw,0.926441,0.001111,1.120860,-0.001456,-0.005551,0.000032,0.999984,0.000081,0.002971,0.002622,-0.100172
14.180000,drone3,raw,0.926922,0.601091,1.112549,-0.001453,-0.005538,0.000028,0.999984,0.000071,0.002889,0.002611,-0.101132
14.200000,drone3,raw,0.927004,0.601137,1.110607,-0.001470,-0.005452,0.000028,0.999984,0.000072,0.002999,0.002576,-0.098457
14.200000,drone1,raw,0.927065,-0.598858,1.114108,-0.001470,-0.005452,0.000035,0.999984,0.000087,0.003056,0.002576,-0.096443
14.200000,drone1,ekf,0.946632,-0.598453,1.135153,-0.001464,-0.005486,0.000035,0.999984,0.000087,0.054260,0.013112,-0.060603
14.200000,drone2,raw,0.926525,0.001157,1.118936,-0.001472,-0.005464,0.000034,0.999984,0.000084,0.003082,0.002589,-0.097508
14.200000,drone2,ekf,0.961231,-0.007061,1.140617,-0.001466,-0.005499,0.000031,0.999984,0.000078,0.098817,-0.022867,-0.072674
14.200000,drone3,ekf,0.935740,0.588102,1.217267,-0.001463,-0.005486,0.000028,0.999984,0.000071,0.014449,-0.048618,0.026110
14.200000,drone1,ekf,0.945880,-0.598490,1.135033,-0.001470,-0.005452,0.000035,0.999984,0.000087,0.053203,0.013061,-0.060764
14.200000,drone1,ekf,0.945179,-0.598524,1.134920,-0.001470,-0.005452,0.000035,0.999984,0.000087,0.052217,0.013013,-0.060915
14.200000,drone2,ekf,0.959993,-0.006781,1.140475,-0.001466,-0.005499,0.000031,0.999984,0.000078,0.097134,-0.022487,-0.072863
14.200000,drone1,ekf,0.944524,-0.598556,1.134814,-0.001470,-0.005452,0.000035,0.999984,0.000087,0.051296,0.012968,-0.061056
14.200000,drone2,ekf,0.958835,-0.006520,1.140343,-0.001472,-0.005464,0.000034,0.999984,0.000084,0.095561,-0.022132,-0.073040
14.200000,drone2,ekf,0.957751,-0.006275,1.140218,-0.001472,-0.005464,0.000034,0.999984,0.000084,0.094088,-0.021799,-0.073207
14.200000,drone3,ekf,0.935367,0.588585,1.214294,-0.001470,-0.005452,0.000028,0.999984,0.000072,0.013925,-0.047939,0.022139
14.200000,drone3,ekf,0.935020,0.589034,1.211514,-0.001470,-0.005452,0.000028,0.999984,0.000072,0.013436,-0.047306,0.018423
14.200000,drone3,ekf,0.934695,0.589455,1.208906,-0.001470,-0.005452,0.000028,0.999984,0.000072,0.012980,-0.046715,0.014940
14.220000,drone2,raw,0.926609,0.001202,1.117065,-0.001488,-0.005376,0.000033,0.999984,0.000082,0.003184,0.002552,-0.094890
14.220000,drone1,raw,0.927149,-0.598813,1.112258,-0.001486,-0.005365,0.000036,0.999985,0.000087,0.003158,0.002541,-0.093843
14.220000,drone3,raw,0.927088,0.601181,1.108717,-0.001485,-0.005365,0.000028,0.999985,0.000072,0.003101,0.002541,-0.095827
14.240000,drone3,raw,0.927172,0.601226,1.106879,-0.001501,-0.005278,0.000028,0.999985,0.000073,0.003195,0.002506,-0.093241
14.240000,drone2,raw,0.926695,0.001246,1.115245,-0.001504,-0.005289,0.000032,0.999985,0.000079,0.003279,0.002515,-0.092317
14.240000,drone1,raw,0.927234,-0.598768,1.110458,-0.001502,-0.005278,0.000036,0.999985,0.000088,0.003252,0.002506,-0.091288
14.252000,drone1,ekf,0.946380,-0.598593,1.131500,-0.001502,-0.005278,0.000036,0.999985,0.000088,0.049861,-0.000177,-0.060719
14.252000,drone3,ekf,0.935761,0.587956,1.207187,-0.001510,-0.005225,0.000028,0.999985,0.000073,0.027549,-0.038306,0.020871
14.252000,drone2,ekf,0.961455,-0.007488,1.136467,-0.001504,-0.005289,0.000032,0.999985,0.000079,0.095117,-0.029075,-0.069016
14.252000,drone1,ekf,0.945641,-0.598620,1.131344,-0.001502,-0.005278,0.000036,0.999985,0.000088,0.048822,-0.000216,-0.060928
14.252000,drone3,ekf,0.935394,0.588450,1.204376,-0.001510,-0.005225,0.000028,0.999985,0.000073,0.027032,-0.037611,0.017115
14.252000,drone1,ekf,0.944952,-0.598646,1.131198,-0.001511,-0.005225,0.000036,0.999985,0.000088,0.047853,-0.000252,-0.061124
14.252000,drone2,ekf,0.960210,-0.007188,1.136304,-0.001504,-0.005289,0.000032,0.999985,0.000079,0.093425,-0.028668,-0.069234
14.252000,drone1,ekf,0.944309,-0.598670,1.131060,-0.001511,-0.005225,0.000036,0.999985,0.000088,0.046949,-0.000286,-0.061307
14.252000,drone3,ekf,0.935052,0.588911,1.201746,-0.001510,-0.005225,0.000028,0.999985,0.000073,0.026551,-0.036964,0.013602
14.252000,drone2,ekf,0.959047,-0.006908,1.136152,-0.001513,-0.005236,0.000033,0.999985,0.000082,0.091844,-0.028287,-0.069438
14.252000,drone3,ekf,0.934732,0.589341,1.199281,-0.001510,-0.005225,0.000028,0.999985,0.000073,0.026101,-0.036359,0.010309
14.252000,drone2,ekf,0.957958,-0.006646,1.136009,-0.001513,-0.005236,0.000033,0.999985,0.000082,0.090364,-0.027931,-0.069628
14.260000,drone2,raw,0.926782,0.001290,1.113475,-0.001519,-0.005201,0.000033,0.999985,0.000083,0.003366,0.002480,-0.089784
14.260000,drone1,raw,0.927320,-0.598724,1.108708,-0.001517,-0.005190,0.000036,0.999985,0.000088,0.003339,0.002469,-0.088773
14.260000,drone3,raw,0.927257,0.601269,1.105091,-0.001516,-0.005190,0.000029,0.999985,0.000073,0.003283,0.002469,-0.090696
14.280000,drone2,raw,0.926869,0.001333,1.111755,-0.001534,-0.005113,0.000035,0.999986,0.000086,0.003447,0.002444,-0.087287
14.280000,drone1,raw,0.927406,-0.598681,1.107008,-0.001532,-0.005103,0.000036,0.999986,0.000089,0.003419,0.002432,-0.086295
14.280000,drone3,raw,0.927343,0.601312,1.103352,-0.001532,-0.005103,0.000029,0.999986,0.000073,0.003363,0.002432,-0.088186
14.300000,drone3,raw,0.927430,0.601355,1.101664,-0.001547,-0.005016,0.000029,0.999986,0.000074,0.003437,0.002394,-0.085706
14.300000,drone2,raw,0.926958,0.001376,1.110084,-0.001549,-0.005025,0.000034,0.999986,0.000083,0.003521,0.002404,-0.084821
14.300000,drone3,ekf,0.935185,0.587915,1.197274,-0.001547,-0.005016,0.000029,0.999986,0.000074,0.016491,-0.040076,0.012579
14.300000,drone2,ekf,0.961718,-0.007791,1.131864,-0.001543,-0.005060,0.000034,0.999986,0.000083,0.104238,-0.030384,-0.083328
14.300000,drone1,raw,0.927494,-0.598639,1.105356,-0.001547,-0.005016,0.000037,0.999986,0.000089,0.003493,0.002394,-0.083846
14.300000,drone1,ekf,0.945895,-0.599194,1.127918,-0.001541,-0.005051,0.000037,0.999986,0.000089,0.047889,-0.010844,-0.061881
14.300000,drone2,ekf,0.960478,-0.007479,1.131718,-0.001543,-0.005060,0.000034,0.999986,0.000083,0.102553,-0.029960,-0.083522
14.300000,drone2,ekf,0.959319,-0.007188,1.131583,-0.001549,-0.005025,0.000034,0.999986,0.000083,0.100978,-0.029564,-0.083703
14.300000,drone3,ekf,0.934847,0.588411,1.194669,-0.001547,-0.005016,0.000029,0.999986,0.000074,0.016017,-0.039378,0.009100
14.300000,drone3,ekf,0.934532,0.588874,1.192233,-0.001547,-0.005016,0.000029,0.999986,0.000074,0.015574,-0.038727,0.005844
14.300000,drone3,ekf,0.934238,0.589307,1.189949,-0.001547,-0.005016,0.000029,0.999986,0.000074,0.015161,-0.038119,0.002793
14.300000,drone2,ekf,0.958234,-0.006915,1.131455,-0.001549,-0.005025,0.000034999986,0.000074,0.015161,-0.038119,