stamp_ns,node_ns,src_drone_ns,fused_id,class_id,frame,x,y,z,cov00,cov01,cov02,cov10,cov11,cov12,cov20,cov21,cov22
9796000000,/,drone2,0,-1,world,-0.783159,-0.127427,0.000000,1.228291e-01,0.000000e+00,0.000000e+00,0.000000e+00,1.228291e-01,0.000000e+00,0.000000e+00,0.000000e+00,4.402927e-01
9868000000,/,drone2,0,-1,world,-0.571705,-0.015934,0.000000,1.131478e-01,0.000000e+00,0.000000e+00,0.000000e+00,1.131478e-01,0.000000e+00,0.000000e+00,0.000000e+00,3.832890e-01
9944000000,/,drone2,0,-1,world,-0.491486,0.026363,0.000000,1.094750e-01,0.000000e+00,0.000000e+00,0.000000e+00,1.094750e-01,0.000000e+00,0.000000e+00,0.000000e+00,3.632702e-01
10036000000,/,drone2,0,-1,world,-0.467111,0.039215,0.000000,1.083590e-01,0.000000e+00,0.000000e+00,0.000000e+00,1.083590e-01,0.000000e+00,0.000000e+00,0.000000e+00,3.573485e-01
10112000000,/,drone2,0,-1,world,-0.875654,-0.150992,0.000000,3.992510e-01,0.000000e+00,0.000000e+00,0.000000e+00,3.992510e-01,0.000000e+00,0.000000e+00,0.000000e+00,1.279298e+00
10196000000,/,drone2,0,-1,world,-0.875718,-0.150530,0.000000,4.046124e-01,0.000000e+00,0.000000e+00,0.000000e+00,4.046124e-01,0.000000e+00,0.000000e+00,0.000000e+00,1.293217e+00
10264000000,/,drone2,0,-1,world,-0.875704,-0.150304,0.000000,4.069642e-01,0.000000e+00,0.000000e+00,0.000000e+00,4.069642e-01,0.000000e+00,0.000000e+00,0.000000e+00,1.299285e+00
10364000000,/,drone2,0,-1,world,-0.875681,-0.150195,0.000000,4.080170e-01,0.000000e+00,0.000000e+00,0.000000e+00,4.080170e-01,0.000000e+00,0.000000e+00,0.000000e+00,1.301992e+00
10452000000,/,drone2,0,-1,world,-0.875664,-0.150142,0.000000,4.084924e-01,0.000000e+00,0.000000e+00,0.000000e+00,4.084924e-01,0.000000e+00,0.000000e+00,0.000000e+00,1.303211e+00
10520000000,/,drone2,0,-1,world,-0.951919,-0.066213,0.000000,4.344622e-01,0.000000e+00,0.000000e+00,0.000000e+00,4.344622e-01,0.000000e+00,0.000000e+00,0.000000e+00,1.440023e+00
10600000000,/,drone2,0,-1,world,-0.967683,-0.048815,0.000000,4.398307e-01,0.000000e+00,0.000000e+00,0.000000e+00,4.398307e-01,0.000000e+00,0.000000e+00,0.000000e+00,1.469663e+00
10700000000,/,drone2,0,-1,world,-0.971469,-0.044651,0.000000,4.411200e-01,0.000000e+00,0.000000e+00,0.000000e+00,4.411200e-01,0.000000e+00,0.000000e+00,0.000000e+00,1.476847e+00
10784000000,/,drone2,0,-1,world,-0.972406,-0.043623,0.000000,4.414393e-01,0.000000e+00,0.000000e+00,0.000000e+00,4.414393e-01,0.000000e+00,0.000000e+00,0.000000e+00,1.478629e+00
10868000000,/,drone2,0,-1,world,-0.972640,-0.043368,0.000000,4.415189e-01,0.000000e+00,0.000000e+00,0.000000e+00,4.415189e-01,0.000000e+00,0.000000e+00,0.000000e+00,1.479074e+00
10952000000,/,drone1,0,-1,world,-0.934329,0.120949,0.000000,1.571911e+00,0.000000e+00,0.000000e+00,0.000000e+00,1.571911e+00,0.000000e+00,0.000000e+00,0.000000e+00,1.947824e+00
11028000000,/,drone1,0,-1,world,-0.935609,0.117234,0.000000,1.540440e+00,0.000000e+00,0.000000e+00,0.000000e+00,1.540440e+00,0.000000e+00,0.000000e+00,0.000000e+00,1.943187e+00
11112000000,/,drone1,0,-1,world,-0.935927,0.116364,0.000000,1.532804e+00,0.000000e+00,0.000000e+00,0.000000e+00,1.532804e+00,0.000000e+00,0.000000e+00,0.000000e+00,1.942046e+00
11200000000,/,drone1,0,-1,world,-0.936004,0.116169,0.000000,1.531015e+00,0.000000e+00,0.000000e+00,0.000000e+00,1.531015e+00,0.000000e+00,0.000000e+00,0.000000e+00,1.941780e+00
11300000000,/,drone1,0,-1,world,-0.936022,0.116126,0.000000,1.530599e+00,0.000000e+00,0.000000e+00,0.000000e+00,1.530599e+00,0.000000e+00,0.000000e+00,0.000000e+00,1.941719e+00
11396000000,/,drone1,0,-1,world,-0.936027,0.116117,0.000000,1.530502e+00,0.000000e+00,0.000000e+00,0.000000e+00,1.530502e+00,0.000000e+00,0.000000e+00,0.000000e+00,1.941705e+00
11492000000,/,drone1,0,-1,world,-0.936028,0.116115,0.000000,1.530480e+00,0.000000e+00,0.000000e+00,0.000000e+00,1.530480e+00,0.000000e+00,0.000000e+00,0.000000e+00,1.941702e+00
11584000000,/,drone1,0,-1,world,-0.936028,0.116114,0.000000,1.530475e+00,0.000000e+00,0.000000e+00,0.000000e+00,1.530475e+00,0.000000e+00,0.000000e+00,0.000000e+00,1.941701e+00
11672000000,/,drone1,0,-1,world,-0.928919,0.136577,0.000000,1.704918e+00,0.000000e+00,0.000000e+00,0.000000e+00,1.704918e+00,0.000000e+00,0.000000e+00,0.000000e+00,1.965723e+00
11768000000,/,drone1,0,-1,world,-0.934082,0.121429,0.000000,1.577222e+00,0.000000e+00,0.000000e+00,0.000000e+00,1.577222e+00,0.000000e+00,0.000000e+00,0.000000e+00,1.948546e+00
11848000000,/,drone1,0,-1,world,-0.935545,0.117345,0.000000,1.541771e+00,0.000000e+00,0.000000e+00,0.000000e+00,1.541771e+00,0.000000e+00,0.000000e+00,0.000000e+00,1.943372e+00
11948000000,/,drone1,0,-1,world,-0.935911,0.116387,0.000000,1.533119e+00,0.000000e+00,0.000000e+00,0.000000e+00,1.533119e+00,0.000000e+00,0.000000e+00,0.000000e+00,1.942089e+00
12028000000,/,drone1,0,-1,world,-0.898818,0.120273,0.000000,1.524035e+00,0.000000e+00,0.000000e+00,0.000000e+00,1.524035e+00,0.000000e+00,0.000000e+00,0.000000e+00,1.946094e+00
12112000000,/,drone1,0,-1,world,-0.889134,0.121320,0.000000,1.521896e+00,0.000000e+00,0.000000e+00,0.000000e+00,1.521896e+00,0.000000e+00,0.000000e+00,0.000000e+00,1.947186e+00
12200000000,/,drone1,0,-1,world,-0.886616,0.121600,0.000000,1.521391e+00,0.000000e+00,0.000000e+00,0.000000e+00,1.521391e+00,0.000000e+00,0.000000e+00,0.000000e+00,1.947478e+00
12300000000,/,drone1,0,-1,world,-0.871563,0.117672,0.000000,1.476805e+00,0.000000e+00,0.000000e+00,0.000000e+00,1.476805e+00,0.000000e+00,0.000000e+00,0.000000e+00,1.926872e+00
12400000000,/,drone1,0,-1,world,-0.899286,0.127640,0.000000,1.537874e+00,0.000000e+00,0.000000e+00,0.000000e+00,1.537874e+00,0.000000e+00,0.000000e+00,0.000000e+00,1.939880e+00
12496000000,/,drone1,0,-1,world,-0.907508,0.130389,0.000000,1.554070e+00,0.000000e+00,0.000000e+00,0.000000e+00,1.554070e+00,0.000000e+00,0.000000e+00,0.000000e+00,1.943277e+00
12600000000,/,drone1,0,-1,world,-0.913484,0.132897,0.000000,1.567255e+00,0.000000e+00,0.000000e+00,0.000000e+00,1.567255e+00,0.000000e+00,0.000000e+00,0.000000e+00,1.945001e+00
12696000000,/,drone1,0,-1,world,-0.915445,0.133686,0.000000,1.571262e+00,0.000000e+00,0.000000e+00,0.000000e+00,1.571262e+00,0.000000e+00,0.000000e+00,0.000000e+00,1.945512e+00
12772000000,/,drone1,0,-1,world,-0.916592,0.134625,0.000000,1.576325e+00,0.000000e+00,0.000000e+00,0.000000e+00,1.576325e+00,0.000000e+00,0.000000e+00,0.000000e+00,1.945951e+00
12868000000,/,drone1,0,-1,world,-0.919206,0.135442,0.000000,1.581278e+00,0.000000e+00,0.000000e+00,0.000000e+00,1.581278e+00,0.000000e+00,0.000000e+00,0.000000e+00,1.946816e+00
12952000000,/,drone1,0,-1,world,-0.920102,0.135710,0.000000,1.582867e+00,0.000000e+00,0.000000e+00,0.000000e+00,1.582867e+00,0.000000e+00,0.000000e+00,0.000000e+00,1.947095e+00
13044000000,/,drone1,0,-1,world,-0.920411,0.135798,0.000000,1.583379e+00,0.000000e+00,0.000000e+00,0.000000e+00,1.583379e+00,0.000000e+00,0.000000e+00,0.000000e+00,1.947186e+00
13152000000,/,drone1,0,-1,world,-0.898681,0.143981,0.000000,1.569512e+00,0.000000e+00,0.000000e+00,0.000000e+00,1.569512e+00,0.000000e+00,0.000000e+00,0.000000e+00,1.953031e+00
13252000000,/,drone1,0,-1,world,-0.895486,0.147313,0.000000,1.568629e+00,0.000000e+00,0.000000e+00,0.000000e+00,1.568629e+00,0.000000e+00,0.000000e+00,0.000000e+00,1.956328e+00
13336000000,/,drone1,0,-1,world,-0.894390,0.148452,0.000000,1.568299e+00,0.000000e+00,0.000000e+00,0.000000e+00,1.568299e+00,0.000000e+00,0.000000e+00,0.000000e+00,1.957457e+00
13432000000,/,drone1,0,-1,world,-0.904651,0.160010,0.000000,1.704046e+00,0.000000e+00,0.000000e+00,0.000000e+00,1.704046e+00,0.000000e+00,0.000000e+00,0.000000e+00,1.958686e+00
13536000000,/,drone1,0,-1,world,-0.909598,0.167189,0.000000,1.812549e+00,0.000000e+00,0.000000e+00,0.000000e+00,1.812549e+00,0.000000e+00,0.000000e+00,0.000000e+00,1.969533e+00
13644000000,/,drone1,0,-1,world,-0.911793,0.166903,0.000000,1.795401e+00,0.000000e+00,0.000000e+00,0.000000e+00,1.795401e+00,0.000000e+00,0.000000e+00,0.000000e+00,1.962239e+00
13728000000,/,drone1,0,-1,world,-0.907241,0.170176,0.000000,1.857420e+00,0.000000e+00,0.000000e+00,0.000000e+00,1.857420e+00,0.000000e+00,0.000000e+00,0.000000e+00,1.971038e+00
13804000000,/,drone1,0,-1,world,-0.900812,0.169499,0.000000,1.844159e+00,0.000000e+00,0.000000e+00,0.000000e+00,1.844159e+00,0.000000e+00,0.000000e+00,0.000000e+00,1.965865e+00
13900000000,/,drone1,0,-1,world,-0.897986,0.169204,0.000000,1.838367e+00,0.000000e+00,0.000000e+00,0.000000e+00,1.838367e+00,0.000000e+00,0.000000e+00,0.000000e+00,1.963584e+00
14000000000,/,drone1,0,-1,world,-0.893804,0.169318,0.000000,1.834073e+00,0.000000e+00,0.000000e+00,0.000000e+00,1.834073e+00,0.000000e+00,0.000000e+00,0.000000e+00,1.959727e+00
14092000000,/,drone1,0,-1,world,-0.898566,0.170244,0.000000,1.845697e+00,0.000000e+00,0.000000e+00,0.000000e+00,1.845697e+00,0.000000e+00,0.000000e+00,0.000000e+00,1.960673e+00
14192000000,/,drone1,0,-1,world,-0.880242,0.166813,0.000000,1.821229e+00,0.000000e+00,0.000000e+00,0.000000e+00,1.821229e+00,0.000000e+00,0.000000e+00,0.000000e+00,1.954980e+00
14288000000,/,drone1,0,-1,world,-0.879354,0.167776,0.000000,1.828291e+00,0.000000e+00,0.000000e+00,0.000000e+00,1.828291e+00,0.000000e+00,0.000000e+00,0.000000e+00,1.956738e+00
14368000000,/,drone1,0,-1,world,-0.878971,0.168179,0.000000,1.831227e+00,0.000000e+00,0.000000e+00,0.000000e+00,1.831227e+00,0.000000e+00,0.000000e+00,0.000000e+00,1.957465e+00
14456000000,/,drone1,0,-1,world,-0.878805,0.168348,0.000000,1.832453e+00,0.000000e+00,0.000000e+00,0.000000e+00,1.832453e+00,0.000000e+00,0.000000e+00,0.000000e+00,1.957767e+00
14556000000,/,drone1,0,-1,world,-0.878733,0.168419,0.000000,1.832965e+00,0.000000e+00,0.000000e+00,0.000000e+00,1.832965e+00,0.000000e+00,0.000000e+00,0.000000e+00,1.957894e+00
14636000000,/,drone1,0,-1,world,-0.869461,0.166546,0.000000,1.801529e+00,0.000000e+00,0.000000e+00,0.000000e+00,1.801529e+00,0.000000e+00,0.000000e+00,0.000000e+00,1.949333e+00
14728000000,/,drone1,0,-1,world,-0.874902,0.168526,0.000000,1.841946e+00,0.000000e+00,0.000000e+00,0.000000e+00,1.841946e+00,0.000000e+00,0.000000e+00,0.000000e+00,1.960586e+00
14820000000,/,drone1,0,-1,world,-0.882194,0.168598,0.000000,1.847686e+00,0.000000e+00,0.000000e+00,0.000000e+00,1.847686e+00,0.000000e+00,0.000000e+00,0.000000e+00,1.962109e+00
14904000000,/,drone1,0,-1,world,-0.886047,0.169370,0.000000,1.865944e+00,0.000000e+00,0.000000e+00,0.000000e+00,1.865944e+00,0.000000e+00,0.000000e+00,0.000000e+00,1.967004e+00
15000000000,/,drone1,0,-1,world,-0.888892,0.170028,0.000000,1.880092e+00,0.000000e+00,0.000000e+00,0.000000e+00,1.880092e+00,0.000000e+00,0.000000e+00,0.000000e+00,1.970693e+00
15096000000,/,drone1,0,-1,world,-0.889935,0.170403,0.000000,1.888584e+00,0.000000e+00,0.000000e+00,0.000000e+00,1.888584e+00,0.000000e+00,0.000000e+00,0.000000e+00,1.972769e+00
15168000000,/,drone1,0,-1,world,-0.890386,0.170566,0.000000,1.892301e+00,0.000000e+00,0.000000e+00,0.000000e+00,1.892301e+00,0.000000e+00,0.000000e+00,0.000000e+00,1.973673e+00
15244000000,/,drone1,0,-1,world,-0.890582,0.170637,0.000000,1.893937e+00,0.000000e+00,0.000000e+00,0.000000e+00,1.893937e+00,0.000000e+00,0.000000e+00,0.000000e+00,1.974070e+00
15316000000,/,drone1,0,-1,world,-0.890667,0.170668,0.000000,1.894658e+00,0.000000e+00,0.000000e+00,0.000000e+00,1.894658e+00,0.000000e+00,0.000000e+00,0.000000e+00,1.974245e+00
15400000000,/,drone1,0,-1,world,-0.890704,0.170681,0.000000,1.894976e+00,0.000000e+00,0.000000e+00,0.000000e+00,1.894976e+00,0.000000e+00,0.000000e+00,0.000000e+00,1.974322e+00
15480000000,/,drone1,0,-1,world,-0.890721,0.170687,0.000000,1.895116e+00,0.000000e+00,0.000000e+00,0.000000e+00,1.895116e+00,0.000000e+00,0.000000e+00,0.000000e+00,1.974356e+00
15560000000,/,drone1,0,-1,world,-0.890728,0.170690,0.000000,1.895178e+00,0.000000e+00,0.000000e+00,0.000000e+00,1.895178e+00,0.000000e+00,0.000000e+00,0.000000e+00,1.974371e+00
15644000000,/,drone1,0,-1,world,-0.890731,0.170691,0.000000,1.895206e+00,0.000000e+00,0.000000e+00,0.000000e+00,1.895206e+00,0.000000e+00,0.000000e+00,0.000000e+00,1.974377e+00
15708000000,/,drone1,0,-1,world,-0.890732,0.170692,0.000000,1.895218e+00,0.000000e+00,0.000000e+00,0.000000e+00,1.895218e+00,0.000000e+00,0.000000e+00,0.000000e+00,1.974380e+00
15808000000,/,drone1,0,-1,world,-0.890733,0.170692,0.000000,1.895223e+00,0.000000e+00,0.000000e+00,0.000000e+00,1.895223e+00,0.000000e+00,0.000000e+00,0.000000e+00,1.974382e+00
15900000000,/,drone1,0,-1,world,-0.890733,0.170692,0.000000,1.895226e+00,0.000000e+00,0.000000e+00,0.000000e+00,1.895226e+00,0.000000e+00,0.000000e+00,0.000000e+00,1.974382e+00
16000000000,/,drone1,0,-1,world,-0.889511,0.171217,0.000000,1.906469e+00,0.000000e+00,0.000000e+00,0.000000e+00,1.906469e+00,0.000000e+00,0.000000e+00,0.000000e+00,1.977491e+00
16104000000,/,drone1,0,-1,world,-0.890176,0.170923,0.000000,1.900215e+00,0.000000e+00,0.000000e+00,0.000000e+00,1.900215e+00,0.000000e+00,0.000000e+00,0.000000e+00,1.975766e+00
16200000000,/,drone1,0,-1,world,-0.890480,0.170793,0.000000,1.897434e+00,0.000000e+00,0.000000e+00,0.000000e+00,1.897434e+00,0.000000e+00,0.000000e+00,0.000000e+00,1.974996e+00
16300000000,/,drone1,0,-1,world,-0.890618,0.170736,0.000000,1.896203e+00,0.000000e+00,0.000000e+00,0.000000e+00,1.896203e+00,0.000000e+00,0.000000e+00,0.000000e+00,1.974654e+00
16400000000,/,drone1,0,-1,world,-0.890681,0.170711,0.000000,1.895658e+00,0.000000e+00,0.000000e+00,0.000000e+00,1.895658e+00,0.000000e+00,0.000000e+00,0.000000e+00,1.974503e+00
16492000000,/,drone1,0,-1,world,-0.890710,0.170700,0.000000,1.895418e+00,0.000000e+00,0.000000e+00,0.000000e+00,1.895418e+00,0.000000e+00,0.000000e+00,0.000000e+00,1.974436e+00
16568000000,/,drone1,0,-1,world,-0.890723,0.170696,0.000000,1.895312e+00,0.000000e+00,0.000000e+00,0.000000e+00,1.895312e+00,0.000000e+00,0.000000e+00,0.000000e+00,1.974406e+00
16656000000,/,drone1,0,-1,world,-0.889507,0.171218,0.000000,1.906506e+00,0.000000e+00,0.000000e+00,0.000000e+00,1.906506e+00,0.000000e+00,0.000000e+00,0.000000e+00,1.977501e+00
16744000000,/,drone1,0,-1,world,-0.888957,0.171444,0.000000,1.911390e+00,0.000000e+00,0.000000e+00,0.000000e+00,1.911390e+00,0.000000e+00,0.000000e+00,0.000000e+00,1.978844e+00
16832000000,/,drone1,0,-1,world,-0.889922,0.171024,0.000000,1.902412e+00,0.000000e+00,0.000000e+00,0.000000e+00,1.902412e+00,0.000000e+00,0.000000e+00,0.000000e+00,1.976374e+00
16932000000,/,drone1,0,-1,world,-0.890364,0.170838,0.000000,1.898410e+00,0.000000e+00,0.000000e+00,0.000000e+00,1.898410e+00,0.000000e+00,0.000000e+00,0.000000e+00,1.975267e+00
17000000000,/,drone1,0,-1,world,-0.889345,0.171279,0.000000,1.907853e+00,0.000000e+00,0.000000e+00,0.000000e+00,1.907853e+00,0.000000e+00,0.000000e+00,0.000000e+00,1.977873e+00
17096000000,/,drone1,0,-1,world,-0.890101,0.170951,0.000000,1.900832e+00,0.000000e+00,0.000000e+00,0.000000e+00,1.900832e+00,0.000000e+00,0.000000e+00,0.000000e+00,1.975937e+00
17184000000,/,drone1,0,-1,world,-0.890446,0.170806,0.000000,1.897708e+00,0.000000e+00,0.000000e+00,0.000000e+00,1.897708e+00,0.000000e+00,0.000000e+00,0.000000e+00,1.975072e+00
17256000000,/,drone1,0,-1,world,-0.890603,0.170742,0.000000,1.896324e+00,0.000000e+00,0.000000e+00,0.000000e+00,1.896324e+00,0.000000e+00,0.000000e+00,0.000000e+00,1.974688e+00
17324000000,/,drone1,0,-1,world,-0.890674,0.170714,0.000000,1.895712e+00,0.000000e+00,0.000000e+00,0.000000e+00,1.895712e+00,0.000000e+00,0.000000e+00,0.000000e+00,1.974518e+00
17400000000,/,drone1,0,-1,world,-0.890706,0.170701,0.000000,1.895441e+00,0.000000e+00,0.000000e+00,0.000000e+00,1.895441e+00,0.000000e+00,0.000000e+00,0.000000e+00,1.974442e+00
17492000000,/,drone1,0,-1,world,-0.890721,0.170696,0.000000,1.895322e+00,0.000000e+00,0.000000e+00,0.000000e+00,1.895322e+00,0.000000e+00,0.000000e+00,0.000000e+00,1.974409e+00
17580000000,/,drone1,0,-1,world,-0.890728,0.170694,0.000000,1.895269e+00,0.000000e+00,0.000000e+00,0.000000e+00,1.895269e+00,0.000000e+00,0.000000e+00,0.000000e+00,1.974394e+00
17656000000,/,drone1,0,-1,world,-0.890731,0.170693,0.000000,1.895246e+00,0.000000e+00,0.000000e+00,0.000000e+00,1.895246e+00,0.000000e+00,0.000000e+00,0.000000e+00,1.974388e+00
17740000000,/,drone1,0,-1,world,-0.890732,0.170692,0.000000,1.895236e+00,0.000000e+00,0.000000e+00,0.000000e+00,1.895236e+00,0.000000e+00,0.000000e+00,0.000000e+00,1.974385e+00
17812000000,/,drone1,0,-1,world,-0.890733,0.170692,0.000000,1.895231e+00,0.000000e+00,0.000000e+00,0.000000e+00,1.895231e+00,0.000000e+00,0.000000e+00,0.000000e+00,1.974384e+00
17900000000,/,drone1,0,-1,world,-0.890733,0.170692,0.000000,1.895229e+00,0.000000e+00,0.000000e+00,0.000000e+00,1.895229e+00,0.000000e+00,0.000000e+00,0.000000e+00,1.974383e+00
17988000000,/,drone1,0,-1,world,-0.890733,0.170692,0.000000,1.895228e+00,0.000000e+00,0.000000e+00,0.000000e+00,1.895228e+00,0.000000e+00,0.000000e+00,0.000000e+00,1.974383e+00
18072000000,/,drone1,0,-1,world,-0.889511,0.171217,0.000000,1.906470e+00,0.000000e+00,0.000000e+00,0.000000e+00,1.906470e+00,0.000000e+00,0.000000e+00,0.000000e+00,1.977491e+00
18148000000,/,drone1,0,-1,world,-0.890176,0.170923,0.000000,1.900215e+00,0.000000e+00,0.000000e+00,0.000000e+00,1.900215e+00,0.000000e+00,0.000000e+00,0.000000e+00,1.975766e+00
18216000000,/,drone1,0,-1,world,-0.889260,0.171316,0.000000,1.908640e+00,0.000000e+00,0.000000e+00,0.000000e+00,1.908640e+00,0.000000e+00,0.000000e+00,0.000000e+00,1.978089e+00
18300000000,/,drone1,0,-1,world,-0.888845,0.171487,0.000000,1.912326e+00,0.000000e+00,0.000000e+00,0.000000e+00,1.912326e+00,0.000000e+00,0.000000e+00,0.000000e+00,1.979102e+00
18400000000,/,drone1,0,-1,world,-0.889871,0.171043,0.000000,1.902832e+00,0.000000e+00,0.000000e+00,0.000000e+00,1.902832e+00,0.000000e+00,0.000000e+00,0.000000e+00,1.976490e+00
18484000000,/,drone1,0,-1,world,-0.890341,0.170846,0.000000,1.898596e+00,0.000000e+00,0.000000e+00,0.000000e+00,1.898596e+00,0.000000e+00,0.000000e+00,0.000000e+00,1.975318e+00
18572000000,/,drone1,0,-1,world,-0.890555,0.170760,0.000000,1.896717e+00,0.000000e+00,0.000000e+00,0.000000e+00,1.896717e+00,0.000000e+00,0.000000e+00,0.000000e+00,1.974797e+00
18644000000,/,drone1,0,-1,world,-0.890653,0.170722,0.000000,1.895886e+00,0.000000e+00,0.000000e+00,0.000000e+00,1.895886e+00,0.000000e+00,0.000000e+00,0.000000e+00,1.974566e+00
18720000000,/,drone1,0,-1,world,-0.889475,0.171229,0.000000,1.906755e+00,0.000000e+00,0.000000e+00,0.000000e+00,1.906755e+00,0.000000e+00,0.000000e+00,0.000000e+00,1.977570e+00
18812000000,/,drone1,0,-1,world,-0.890160,0.170929,0.000000,1.900343e+00,0.000000e+00,0.000000e+00,0.000000e+00,1.900343e+00,0.000000e+00,0.000000e+00,0.000000e+00,1.975801e+00
18900000000,/,drone1,0,-1,world,-0.890473,0.170796,0.000000,1.897491e+00,0.000000e+00,0.000000e+00,0.000000e+00,1.897491e+00,0.000000e+00,0.000000e+00,0.000000e+00,1.975012e+00
18976000000,/,drone1,0,-1,world,-0.890615,0.170738,0.000000,1.896228e+00,0.000000e+00,0.000000e+00,0.000000e+00,1.896228e+00,0.000000e+00,0.000000e+00,0.000000e+00,1.974661e+00
19064000000,/,drone1,0,-1,world,-0.890680,0.170712,0.000000,1.895670e+00,0.000000e+00,0.000000e+00,0.000000e+00,1.895670e+00,0.000000e+00,0.000000e+00,0.000000e+00,1.974506e+00
19144000000,/,drone1,0,-1,world,-0.890709,0.170701,0.000000,1.895423e+00,0.000000e+00,0.000000e+00,0.000000e+00,1.895423e+00,0.000000e+00,0.000000e+00,0.000000e+00,1.974437e+00
19208000000,/,drone1,0,-1,world,-0.890722,0.170696,0.000000,1.895314e+00,0.000000e+00,0.000000e+00,0.000000e+00,1.895314e+00,0.000000e+00,0.000000e+00,0.000000e+00,1.974407e+00
19308000000,/,drone1,0,-1,world,-0.890728,0.170694,0.000000,1.895266e+00,0.000000e+00,0.000000e+00,0.000000e+00,1.895266e+00,0.000000e+00,0.000000e+00,0.000000e+00,1.974393e+00
19400000000,/,drone1,0,-1,world,-0.890731,0.170693,0.000000,1.895244e+00,0.000000e+00,0.000000e+00,0.000000e+00,1.895244e+00,0.000000e+00,0.000000e+00,0.000000e+00,1.974387e+00
19484000000,/,drone1,0,-1,world,-0.889510,0.171217,0.000000,1.906477e+00,0.000000e+00,0.000000e+00,0.000000e+00,1.906477e+00,0.000000e+00,0.000000e+00,0.000000e+00,1.977493e+00
19572000000,/,drone1,0,-1,world,-0.890176,0.170923,0.000000,1.900218e+00,0.000000e+00,0.000000e+00,0.000000e+00,1.900218e+00,0.000000e+00,0.000000e+00,0.000000e+00,1.975767e+00
19648000000,/,drone1,0,-1,world,-0.890480,0.170794,0.000000,1.897436e+00,0.000000e+00,0.000000e+00,0.000000e+00,1.897436e+00,0.000000e+00,0.000000e+00,0.000000e+00,1.974996e+00
19736000000,/,drone1,0,-1,world,-0.889397,0.171260,0.000000,1.907429e+00,0.000000e+00,0.000000e+00,0.000000e+00,1.907429e+00,0.000000e+00,0.000000e+00,0.000000e+00,1.977756e+00
19836000000,/,drone1,0,-1,world,-0.890124,0.170942,0.000000,1.900643e+00,0.000000e+00,0.000000e+00,0.000000e+00,1.900643e+00,0.000000e+00,0.000000e+00,0.000000e+00,1.975885e+00
19924000000,/,drone1,0,-1,world,-0.890457,0.170802,0.000000,1.897624e+00,0.000000e+00,0.000000e+00,0.000000e+00,1.897624e+00,0.000000e+00,0.000000e+00,0.000000e+00,1.975049e+00
19992000000,/,drone1,0,-1,world,-0.890608,0.170740,0.000000,1.896287e+00,0.000000e+00,0.000000e+00,0.000000e+00,1.896287e+00,0.000000e+00,0.000000e+00,0.000000e+00,1.974677e+00
20076000000,/,drone1,0,-1,world,-0.890676,0.170713,0.000000,1.895696e+00,0.000000e+00,0.000000e+00,0.000000e+00,1.895696e+00,0.000000e+00,0.000000e+00,0.000000e+00,1.974513e+00
20164000000,/,drone1,0,-1,world,-0.890707,0.170701,0.000000,1.895434e+00,0.000000e+00,0.000000e+00,0.000000e+00,1.895434e+00,0.000000e+00,0.000000e+00,0.000000e+00,1.974440e+00
20240000000,/,drone1,0,-1,world,-0.890722,0.170696,0.000000,1.895319e+00,0.000000e+00,0.000000e+00,0.000000e+00,1.895319e+00,0.000000e+00,0.000000e+00,0.000000e+00,1.974408e+00
20308000000,/,drone1,0,-1,world,-0.890728,0.170694,0.000000,1.895268e+00,0.000000e+00,0.000000e+00,0.000000e+00,1.895268e+00,0.000000e+00,0.000000e+00,0.000000e+00,1.974394e+00
20400000000,/,drone1,0,-1,world,-0.890731,0.170693,0.000000,1.895245e+00,0.000000e+00,0.000000e+00,0.000000e+00,1.895245e+00,0.000000e+00,0.000000e+00,0.000000e+00,1.974388e+00
20496000000,/,drone1,0,-1,world,-0.855863,0.161217,0.000000,1.799875e+00,0.000000e+00,0.000000e+00,0.000000e+00,1.799875e+00,0.000000e+00,0.000000e+00,0.000000e+00,1.949703e+00
20596000000,/,drone1,0,-1,world,-0.820947,0.151717,0.000000,1.704169e+00,0.000000e+00,0.000000e+00,0.000000e+00,1.704169e+00,0.000000e+00,0.000000e+00,0.000000e+00,1.922869e+00
20660000000,/,drone1,0,-1,world,-0.785993,0.142192,0.000000,1.608114e+00,0.000000e+00,0.000000e+00,0.000000e+00,1.608114e+00,0.000000e+00,0.000000e+00,0.000000e+00,1.893586e+00
20728000000,/,drone1,0,-1,world,-0.751019,0.132643,0.000000,1.511698e+00,0.000000e+00,0.000000e+00,0.000000e+00,1.511698e+00,0.000000e+00,0.000000e+00,0.000000e+00,1.861501e+00
20800000000,/,drone1,0,-1,world,-0.716048,0.123074,0.000000,1.414914e+00,0.000000e+00,0.000000e+00,0.000000e+00,1.414914e+00,0.000000e+00,0.000000e+00,0.000000e+00,1.826189e+00
20900000000,/,drone1,0,-1,world,-0.681119,0.113487,0.000000,1.317762e+00,0.000000e+00,0.000000e+00,0.000000e+00,1.317762e+00,0.000000e+00,0.000000e+00,0.000000e+00,1.787138e+00
20992000000,/,drone1,0,-1,world,-0.646285,0.103890,0.000000,1.220253e+00,0.000000e+00,0.000000e+00,0.000000e+00,1.220253e+00,0.000000e+00,0.000000e+00,0.000000e+00,1.743726e+00
21088000000,/,drone1,0,-1,world,-0.611629,0.094293,0.000000,1.122419e+00,0.000000e+00,0.000000e+00,0.000000e+00,1.122419e+00,0.000000e+00,0.000000e+00,0.000000e+00,1.695197e+00
21156000000,/,drone1,0,-1,world,-0.577275,0.084715,0.000000,1.024324e+00,0.000000e+00,0.000000e+00,0.000000e+00,1.024324e+00,0.000000e+00,0.000000e+00,0.000000e+00,1.640626e+00
21244000000,/,drone1,0,-1,world,-0.543415,0.075183,0.000000,9.260862e-01,0.000000e+00,0.000000e+00,0.000000e+00,9.260862e-01,0.000000e+00,0.000000e+00,0.000000e+00,1.578890e+00
21316000000,/,drone1,0,-1,world,-0.510347,0.065744,0.000000,8.279184e-01,0.000000e+00,0.000000e+00,0.000000e+00,8.279184e-01,0.000000e+00,0.000000e+00,0.000000e+00,1.508638e+00
21392000000,/,drone1,0,-1,world,-0.478552,0.056471,0.000000,7.301912e-01,0.000000e+00,0.000000e+00,0.000000e+00,7.301912e-01,0.000000e+00,0.000000e+00,0.000000e+00,1.428301e+00
21460000000,/,drone1,0,-1,world,-0.448805,0.047490,0.000000,6.335549e-01,0.000000e+00,0.000000e+00,0.000000e+00,6.335549e-01,0.000000e+00,0.000000e+00,0.000000e+00,1.336205e+00
21548000000,/,drone1,0,-1,world,-0.422379,0.039009,0.000000,5.391528e-01,0.000000e+00,0.000000e+00,0.000000e+00,5.391528e-01,0.000000e+00,0.000000e+00,0.000000e+00,1.230957e+00
21624000000,/,drone1,0,-1,world,-0.401299,0.031371,0.000000,4.489924e-01,0.000000e+00,0.000000e+00,0.000000e+00,4.489924e-01,0.000000e+00,0.000000e+00,0.000000e+00,1.112492e+00
21704000000,/,drone1,0,-1,world,-0.388422,0.025095,0.000000,3.664970e-01,0.000000e+00,0.000000e+00,0.000000e+00,3.664970e-01,0.000000e+00,0.000000e+00,0.000000e+00,9.844073e-01
21800000000,/,drone1,0,-1,world,-0.386325,0.020774,0.000000,2.969178e-01,0.000000e+00,0.000000e+00,0.000000e+00,2.969178e-01,0.000000e+00,0.000000e+00,0.000000e+00,8.577213e-01
21896000000,/,drone1,0,-1,world,-0.393438,0.018586,0.000000,2.462154e-01,0.000000e+00,0.000000e+00,0.000000e+00,2.462154e-01,0.000000e+00,0.000000e+00,0.000000e+00,7.520709e-01
21972000000,/,drone1,0,-1,world,-0.401504,0.017748,0.000000,2.167139e-01,0.000000e+00,0.000000e+00,0.000000e+00,2.167139e-01,0.000000e+00,0.000000e+00,0.000000e+00,6.845735e-01
22048000000,/,drone1,0,-1,world,-0.404286,0.017282,0.000000,2.035252e-01,0.000000e+00,0.000000e+00,0.000000e+00,2.035252e-01,0.000000e+00,0.000000e+00,0.000000e+00,6.529348e-01
22132000000,/,drone1,0,-1,world,-0.403689,0.016936,0.000000,1.987544e-01,0.000000e+00,0.000000e+00,0.000000e+00,1.987544e-01,0.000000e+00,0.000000e+00,0.000000e+00,6.413436e-01
22212000000,/,drone1,0,-1,world,-0.402659,0.016731,0.000000,1.972132e-01,0.000000e+00,0.000000e+00,0.000000e+00,1.972132e-01,0.000000e+00,0.000000e+00,0.000000e+00,6.376210e-01
22300000000,/,drone1,0,-1,world,-0.402026,0.016633,0.000000,1.967367e-01,0.000000e+00,0.000000e+00,0.000000e+00,1.967367e-01,0.000000e+00,0.000000e+00,0.000000e+00,6.364862e-01
22344000000,/,drone1,0,-1,world,-0.401726,0.016591,0.000000,1.965915e-01,0.000000e+00,0.000000e+00,0.000000e+00,1.965915e-01,0.000000e+00,0.000000e+00,0.000000e+00,6.361465e-01
22408000000,/,drone1,0,-1,world,-0.401601,0.016574,0.000000,1.965474e-01,0.000000e+00,0.000000e+00,0.000000e+00,1.965474e-01,0.000000e+00,0.000000e+00,0.000000e+00,6.360455e-01
22500000000,/,drone1,0,-1,world,-0.401551,0.016568,0.000000,1.965340e-01,0.000000e+00,0.000000e+00,0.000000e+00,1.965340e-01,0.000000e+00,0.000000e+00,0.000000e+00,6.360156e-01
22584000000,/,drone1,0,-1,world,-0.401533,0.016566,0.000000,1.965300e-01,0.000000e+00,0.000000e+00,0.000000e+00,1.965300e-01,0.000000e+00,0.000000e+00,0.000000e+00,6.360067e-01
22672000000,/,drone1,0,-1,world,-0.401526,0.016565,0.000000,1.965287e-01,0.000000e+00,0.000000e+00,0.000000e+00,1.965287e-01,0.000000e+00,0.000000e+00,0.000000e+00,6.360041e-01
22740000000,/,drone1,0,-1,world,-0.401524,0.016565,0.000000,1.965284e-01,0.000000e+00,0.000000e+00,0.000000e+00,1.965284e-01,0.000000e+00,0.000000e+00,0.000000e+00,6.360033e-01
22828000000,/,drone1,0,-1,world,-0.401523,0.016564,0.000000,1.965282e-01,0.000000e+00,0.000000e+00,0.000000e+00,1.965282e-01,0.000000e+00,0.000000e+00,0.000000e+00,6.360031e-01
22904000000,/,drone1,0,-1,world,-0.401522,0.016564,0.000000,1.965282e-01,0.000000e+00,0.000000e+00,0.000000e+00,1.965282e-01,0.000000e+00,0.000000e+00,0.000000e+00,6.360030e-01
23000000000,/,drone1,0,-1,world,-0.401522,0.016564,0.000000,1.965282e-01,0.000000e+00,0.000000e+00,0.000000e+00,1.965282e-01,0.000000e+00,0.000000e+00,0.000000e+00,6.360030e-01
23084000000,/,drone1,0,-1,world,-0.401522,0.016564,0.000000,1.965282e-01,0.000000e+00,0.000000e+00,0.000000e+00,1.965282e-01,0.000000e+00,0.000000e+00,0.000000e+00,6.360030e-01
23168000000,/,drone1,0,-1,world,-0.401522,0.016564,0.000000,1.965282e-01,0.000000e+00,0.000000e+00,0.000000e+00,1.965282e-01,0.000000e+00,0.000000e+00,0.000000e+00,6.360030e-01
23268000000,/,drone1,0,-1,world,-0.401522,0.016564,0.000000,1.965282e-01,0.000000e+00,0.000000e+00,0.000000e+00,1.965282e-01,0.000000e+00,0.000000e+00,0.000000e+00,6.360030e-01
23340000000,/,drone1,0,-1,world,-0.401522,0.016564,0.000000,1.965282e-01,0.000000e+00,0.000000e+00,0.000000e+00,1.965282e-01,0.000000e+00,0.000000e+00,0.000000e+00,6.360030e-01
23432000000,/,drone1,0,-1,world,-0.401522,0.016564,0.000000,1.965282e-01,0.000000e+00,0.000000e+00,0.000000e+00,1.965282e-01,0.000000e+00,0.000000e+00,0.000000e+00,6.360030e-01
23532000000,/,drone1,0,-1,world,-0.401522,0.016564,0.000000,1.965282e-01,0.000000e+00,0.000000e+00,0.000000e+00,1.965282e-01,0.000000e+00,0.000000e+00,0.000000e+00,6.360030e-01
23600000000,/,drone1,0,-1,world,-0.401522,0.016564,0.000000,1.965282e-01,0.000000e+00,0.000000e+00,0.000000e+00,1.965282e-01,0.000000e+00,0.000000e+00,0.000000e+00,6.360030e-01
23688000000,/,drone1,0,-1,world,-0.401522,0.016564,0.000000,1.965282e-01,0.000000e+00,0.000000e+00,0.000000e+00,1.965282e-01,0.000000e+00,0.000000e+00,0.000000e+00,6.360030e-01
23772000000,/,drone1,0,-1,world,-0.401522,0.016564,0.000000,1.965282e-01,0.000000e+00,0.000000e+00,0.000000e+00,1.965282e-01,0.000000e+00,0.000000e+00,0.000000e+00,6.360030e-01
23860000000,/,drone1,0,-1,world,-0.600610,0.037431,0.000000,1.753502e-01,0.000000e+00,0.000000e+00,0.000000e+00,1.753502e-01,0.000000e+00,0.000000e+00,0.000000e+00,5.712744e-01
23932000000,/,drone1,0,-1,world,-0.774823,0.055691,0.000000,1.568183e-01,0.000000e+00,0.000000e+00,0.000000e+00,1.568183e-01,0.000000e+00,0.000000e+00,0.000000e+00,5.139164e-01
24004000000,/,drone1,0,-1,world,-0.916409,0.070531,0.000000,1.417571e-01,0.000000e+00,0.000000e+00,0.000000e+00,1.417571e-01,0.000000e+00,0.000000e+00,0.000000e+00,4.667994e-01
24100000000,/,drone1,0,-1,world,-1.021248,0.081520,0.000000,1.306048e-01,0.000000e+00,0.000000e+00,0.000000e+00,1.306048e-01,0.000000e+00,0.000000e+00,0.000000e+00,4.316168e-01
24192000000,/,drone1,0,-1,world,-1.091297,0.088862,0.000000,1.231534e-01,0.000000e+00,0.000000e+00,0.000000e+00,1.231534e-01,0.000000e+00,0.000000e+00,0.000000e+00,4.079686e-01
24256000000,/,drone1,0,-1,world,-1.133798,0.093316,0.000000,1.186323e-01,0.000000e+00,0.000000e+00,0.000000e+00,1.186323e-01,0.000000e+00,0.000000e+00,0.000000e+00,3.935649e-01
24344000000,/,drone1,0,-1,world,-1.157696,0.095821,0.000000,1.160902e-01,0.000000e+00,0.000000e+00,0.000000e+00,1.160902e-01,0.000000e+00,0.000000e+00,0.000000e+00,3.854476e-01
24420000000,/,drone1,0,-1,world,-1.170460,0.097159,0.000000,1.147324e-01,0.000000e+00,0.000000e+00,0.000000e+00,1.147324e-01,0.000000e+00,0.000000e+00,0.000000e+00,3.811064e-01
24500000000,/,drone1,0,-1,world,-1.177071,0.097852,0.000000,1.140291e-01,0.000000e+00,0.000000e+00,0.000000e+00,1.140291e-01,0.000000e+00,0.000000e+00,0.000000e+00,3.788564e-01
24588000000,/,drone1,0,-1,world,-1.180438,0.098205,0.000000,1.136710e-01,0.000000e+00,0.000000e+00,0.000000e+00,1.136710e-01,0.000000e+00,0.000000e+00,0.000000e+00,3.777103e-01
24652000000,/,drone1,0,-1,world,-1.180438,0.098205,0.000000,1.136710e-01,0.000000e+00,0.000000e+00,0.000000e+00,1.136710e-01,0.000000e+00,0.000000e+00,0.000000e+00,3.777103e-01
24740000000,/,drone1,0,-1,world,-1.180438,0.098205,0.000000,1.136710e-01,0.000000e+00,0.000000e+00,0.000000e+00,1.136710e-01,0.000000e+00,0.000000e+00,0.000000e+00,3.777103e-01
24816000000,/,drone1,0,-1,world,-1.180438,0.098205,0.000000,1.136710e-01,0.000000e+00,0.000000e+00,0.000000e+00,1.136710e-01,0.000000e+00,0.000000e+00,0.000000e+00,3.777103e-01
24900000000,/,drone1,0,-1,world,-1.180438,0.098205,0.000000,1.136710e-01,0.000000e+00,0.000000e+00,0.000000e+00,1.136710e-01,0.000000e+00,0.000000e+00,0.000000e+00,3.777103e-01
24984000000,/,drone1,0,-1,world,-1.180438,0.098205,0.000000,1.136710e-01,0.000000e+00,0.000000e+00,0.000000e+00,1.136710e-01,0.000000e+00,0.000000e+00,0.000000e+00,3.777103e-01
25064000000,/,drone1,0,-1,world,-1.180438,0.098205,0.000000,1.136710e-01,0.000000e+00,0.000000e+00,0.000000e+00,1.136710e-01,0.000000e+00,0.000000e+00,0.000000e+00,3.777103e-01
25148000000,/,drone1,0,-1,world,-1.180438,0.098205,0.000000,1.136710e-01,0.000000e+00,0.000000e+00,0.000000e+00,1.136710e-01,0.000000e+00,0.000000e+00,0.000000e+00,3.777103e-01
25212000000,/,drone1,0,-1,world,-1.180438,0.098205,0.000000,1.136710e-01,0.000000e+00,0.000000e+00,0.000000e+00,1.136710e-01,0.000000e+00,0.000000e+00,0.000000e+00,3.777103e-01
25296000000,/,drone1,0,-1,world,-1.180438,0.098205,0.000000,1.136710e-01,0.000000e+00,0.000000e+00,0.000000e+00,1.136710e-01,0.000000e+00,0.000000e+00,0.000000e+00,3.777103e-01
25380000000,/,drone1,0,-1,world,-1.180438,0.098205,0.000000,1.136710e-01,0.000000e+00,0.000000e+00,0.000000e+00,1.136710e-01,0.000000e+00,0.000000e+00,0.000000e+00,3.777103e-01
25456000000,/,drone1,0,-1,world,-1.180438,0.098205,0.000000,1.136710e-01,0.000000e+00,0.000000e+00,0.000000e+00,1.136710e-01,0.000000e+00,0.000000e+00,0.000000e+00,3.777103e-01
25544000000,/,drone1,0,-1,world,-1.180438,0.098205,0.000000,1.136710e-01,0.000000e+00,0.000000e+00,0.000000e+00,1.136710e-01,0.000000e+00,0.000000e+00,0.000000e+00,3.777103e-01
25612000000,/,drone1,0,-1,world,-1.180438,0.098205,0.000000,1.136710e-01,0.000000e+00,0.000000e+00,0.000000e+00,1.136710e-01,0.000000e+00,0.000000e+00,0.000000e+00,3.777103e-01
25676000000,/,drone1,0,-1,world,-1.180438,0.098205,0.000000,1.136710e-01,0.000000e+00,0.000000e+00,0.000000e+00,1.136710e-01,0.000000e+00,0.000000e+00,0.000000e+00,3.777103e-01
25740000000,/,drone1,0,-1,world,-1.180438,0.098205,0.000000,1.136710e-01,0.000000e+00,0.000000e+00,0.000000e+00,1.136710e-01,0.000000e+00,0.000000e+00,0.000000e+00,3.777103e-01
25820000000,/,drone1,0,-1,world,-1.180438,0.098205,0.000000,1.136710e-01,0.000000e+00,0.000000e+00,0.000000e+00,1.136710e-01,0.000000e+00,0.000000e+00,0.000000e+00,3.777103e-01
25908000000,/,drone1,0,-1,world,-1.180438,0.098205,0.000000,1.136710e-01,0.000000e+00,0.000000e+00,0.000000e+00,1.136710e-01,0.000000e+00,0.000000e+00,0.000000e+00,3.777103e-01
26000000000,/,drone1,0,-1,world,-1.180438,0.098205,0.000000,1.136710e-01,0.000000e+00,0.000000e+00,0.000000e+00,1.136710e-01,0.000000e+00,0.000000e+00,0.000000e+00,3.777103e-01
26072000000,/,drone1,0,-1,world,-1.180438,0.098205,0.000000,1.136710e-01,0.000000e+00,0.000000e+00,0.000000e+00,1.136710e-01,0.000000e+00,0.000000e+00,0.000000e+00,3.777103e-01
26152000000,/,drone1,0,-1,world,-1.180438,0.098205,0.000000,1.136710e-01,0.000000e+00,0.000000e+00,0.000000e+00,1.136710e-01,0.000000e+00,0.000000e+00,0.000000e+00,3.777103e-01
26236000000,/,drone1,0,-1,world,-1.180438,0.098205,0.000000,1.136710e-01,0.000000e+00,0.000000e+00,0.000000e+00,1.136710e-01,0.000000e+00,0.000000e+00,0.000000e+00,3.777103e-01
26320000000,/,drone1,0,-1,world,-1.180438,0.098205,0.000000,1.136710e-01,0.000000e+00,0.000000e+00,0.000000e+00,1.136710e-01,0.000000e+00,0.000000e+00,0.000000e+00,3.777103e-01
26416000000,/,drone1,0,-1,world,-1.180438,0.098205,0.000000,1.136710e-01,0.000000e+00,0.000000e+00,0.000000e+00,1.136710e-01,0.000000e+00,0.000000e+00,0.000000e+00,3.777103e-01
26500000000,/,drone1,0,-1,world,-1.180438,0.098205,0.000000,1.136710e-01,0.000000e+00,0.000000e+00,0.000000e+00,1.136710e-01,0.000000e+00,0.000000e+00,0.000000e+00,3.777103e-01
26576000000,/,drone1,0,-1,world,-1.180438,0.098205,0.000000,1.136710e-01,0.000000e+00,0.000000e+00,0.000000e+00,1.136710e-01,0.000000e+00,0.000000e+00,0.000000e+00,3.777103e-01
26668000000,/,drone1,0,-1,world,-1.180438,0.098205,0.000000,1.136710e-01,0.000000e+00,0.000000e+00,0.000000e+00,1.136710e-01,0.000000e+00,0.000000e+00,0.000000e+00,3.777103e-01
26748000000,/,drone1,0,-1,world,-1.180438,0.098205,0.000000,1.136710e-01,0.000000e+00,0.000000e+00,0.000000e+00,1.136710e-01,0.000000e+00,0.000000e+00,0.000000e+00,3.777103e-01
26832000000,/,drone1,0,-1,world,-1.180438,0.098205,0.000000,1.136710e-01,0.000000e+00,0.000000e+00,0.000000e+00,1.136710e-01,0.000000e+00,0.000000e+00,0.000000e+00,3.777103e-01
26908000000,/,drone1,0,-1,world,-1.180438,0.098205,0.000000,1.136710e-01,0.000000e+00,0.000000e+00,0.000000e+00,1.136710e-01,0.000000e+00,0.000000e+00,0.000000e+00,3.777103e-01
27000000000,/,drone1,0,-1,world,-1.180438,0.098205,0.000000,1.136710e-01,0.000000e+00,0.000000e+00,0.000000e+00,1.136710e-01,0.000000e+00,0.000000e+00,0.000000e+00,3.777103e-01
27092000000,/,drone1,0,-1,world,-1.180438,0.098205,0.000000,1.136710e-01,0.000000e+00,0.000000e+00,0.000000e+00,1.136710e-01,0.000000e+00,0.000000e+00,0.000000e+00,3.777103e-01
27156000000,/,drone1,0,-1,world,-1.180438,0.098205,0.000000,1.136710e-01,0.000000e+00,0.000000e+00,0.000000e+00,1.136710e-01,0.000000e+00,0.000000e+00,0.000000e+00,3.777103e-01
27232000000,/,drone1,0,-1,world,-1.180438,0.098205,0.000000,1.136710e-01,0.000000e+00,0.000000e+00,0.000000e+00,1.136710e-01,0.000000e+00,0.000000e+00,0.000000e+00,3.777103e-01
27312000000,/,drone1,0,-1,world,-1.180438,0.098205,0.000000,1.136710e-01,0.000000e+00,0.000000e+00,0.000000e+00,1.136710e-01,0.000000e+00,0.000000e+00,0.000000e+00,3.777103e-01
27400000000,/,drone1,0,-1,world,-1.180438,0.098205,0.000000,1.136710e-01,0.000000e+00,0.000000e+00,0.000000e+00,1.136710e-01,0.000000e+00,0.000000e+00,0.000000e+00,3.777103e-01
27480000000,/,drone1,0,-1,world,-1.180438,0.098205,0.000000,1.136710e-01,0.000000e+00,0.000000e+00,0.000000e+00,1.136710e-01,0.000000e+00,0.000000e+00,0.000000e+00,3.777103e-01
27556000000,/,drone1,0,-1,world,-1.180438,0.098205,0.000000,1.136710e-01,0.000000e+00,0.000000e+00,0.000000e+00,1.136710e-01,0.000000e+00,0.000000e+00,0.000000e+00,3.777103e-01
27636000000,/,drone1,0,-1,world,-1.180438,0.098205,0.000000,1.136710e-01,0.000000e+00,0.000000e+00,0.000000e+00,1.136710e-01,0.000000e+00,0.000000e+00,0.000000e+00,3.777103e-01
27716000000,/,drone1,0,-1,world,-1.180438,0.098205,0.000000,1.136710e-01,0.000000e+00,0.000000e+00,0.000000e+00,1.136710e-01,0.000000e+00,0.000000e+00,0.000000e+00,3.777103e-01
27796000000,/,drone1,0,-1,world,-1.180438,0.098205,0.000000,1.136710e-01,0.000000e+00,0.000000e+00,0.000000e+00,1.136710e-01,0.000000e+00,0.000000e+00,0.000000e+00,3.777103e-01
27884000000,/,drone1,0,-1,world,-1.180438,0.098205,0.000000,1.136710e-01,0.000000e+00,0.000000e+00,0.000000e+00,1.136710e-01,0.000000e+00,0.000000e+00,0.000000e+00,3.777103e-01
27964000000,/,drone1,0,-1,world,-1.180438,0.098205,0.000000,1.136710e-01,0.000000e+00,0.000000e+00,0.000000e+00,1.136710e-01,0.000000e+00,0.000000e+00,0.000000e+00,3.777103e-01
28044000000,/,drone1,0,-1,world,-1.180438,0.098205,0.000000,1.136710e-01,0.000000e+00,0.000000e+00,0.000000e+00,1.136710e-01,0.000000e+00,0.000000e+00,0.000000e+00,3.777103e-01
28116000000,/,drone1,0,-1,world,-1.180438,0.098205,0.000000,1.136710e-01,0.000000e+00,0.000000e+00,0.000000e+00,1.136710e-01,0.000000e+00,0.000000e+00,0.000000e+00,3.777103e-01
28200000000,/,drone1,0,-1,world,-1.180438,0.098205,0.000000,1.136710e-01,0.000000e+00,0.000000e+00,0.000000e+00,1.136710e-01,0.000000e+00,0.000000e+00,0.000000e+00,3.777103e-01
28292000000,/,drone1,0,-1,world,-1.180438,0.098205,0.000000,1.136710e-01,0.000000e+00,0.000000e+00,0.000000e+00,1.136710e-01,0.000000e+00,0.000000e+00,0.000000e+00,3.777103e-01
28372000000,/,drone1,0,-1,world,-1.180438,0.098205,0.000000,1.136710e-01,0.000000e+00,0.000000e+00,0.000000e+00,1.136710e-01,0.000000e+00,0.000000e+00,0.000000e+00,3.777103e-01
28448000000,/,drone1,0,-1,world,-1.180438,0.098205,0.000000,1.136710e-01,0.000000e+00,0.000000e+00,0.000000e+00,1.136710e-01,0.000000e+00,0.000000e+00,0.000000e+00,3.777103e-01
28528000000,/,drone1,0,-1,world,-1.180438,0.098205,0.000000,1.136710e-01,0.000000e+00,0.000000e+00,0.000000e+00,1.136710e-01,0.000000e+00,0.000000e+00,0.000000e+00,3.777103e-01
28612000000,/,drone1,0,-1,world,-1.180438,0.098205,0.000000,1.136710e-01,0.000000e+00,0.000000e+00,0.000000e+00,1.136710e-01,0.000000e+00,0.000000e+00,0.000000e+00,3.777103e-01
28708000000,/,drone1,0,-1,world,-1.180438,0.098205,0.000000,1.136710e-01,0.000000e+00,0.000000e+00,0.000000e+00,1.136710e-01,0.000000e+00,0.000000e+00,0.000000e+00,3.777103e-01
28812000000,/,drone1,0,-1,world,-1.180438,0.098205,0.000000,1.136710e-01,0.000000e+00,0.000000e+00,0.000000e+00,1.136710e-01,0.000000e+00,0.000000e+00,0.000000e+00,3.777103e-01
28900000000,/,drone1,0,-1,world,-1.180438,0.098205,0.000000,1.136710e-01,0.000000e+00,0.000000e+00,0.000000e+00,1.136710e-01,0.000000e+00,0.000000e+00,0.000000e+00,3.777103e-01
28992000000,/,drone1,0,-1,world,-1.180438,0.098205,0.000000,1.136710e-01,0.000000e+00,0.000000e+00,0.000000e+00,1.136710e-01,0.000000e+00,0.000000e+00,0.000000e+00,3.777103e-01
29076000000,/,drone1,0,-1,world,-1.180438,0.098205,0.000000,1.136710e-01,0.000000e+00,0.000000e+00,0.000000e+00,1.136710e-01,0.000000e+00,0.000000e+00,0.000000e+00,3.777103e-01
29164000000,/,drone1,0,-1,world,-1.180438,0.098205,0.000000,1.136710e-01,0.000000e+00,0.000000e+00,0.000000e+00,1.136710e-01,0.000000e+00,0.000000e+00,0.000000e+00,3.777103e-01
29240000000,/,drone1,0,-1,world,-1.180438,0.098205,0.000000,1.136710e-01,0.000000e+00,0.000000e+00,0.000000e+00,1.136710e-01,0.000000e+00,0.000000e+00,0.000000e+00,3.777103e-01
29304000000,/,drone1,0,-1,world,-1.180438,0.098205,0.000000,1.136710e-01,0.000000e+00,0.000000e+00,0.000000e+00,1.136710e-01,0.000000e+00,0.000000e+00,0.000000e+00,3.777103e-01
29400000000,/,drone1,0,-1,world,-1.180438,0.098205,0.000000,1.136710e-01,0.000000e+00,0.000000e+00,0.000000e+00,1.136710e-01,0.000000e+00,0.000000e+00,0.000000e+00,3.777103e-01
29480000000,/,drone1,0,-1,world,-1.180438,0.098205,0.000000,1.136710e-01,0.000000e+00,0.000000e+00,0.000000e+00,1.136710e-01,0.000000e+00,0.000000e+00,0.000000e+00,3.777103e-01
49800000000,/,drone1,1,-1,world,-4.073134,0.047951,0.000000,2.000000e+00,0.000000e+00,0.000000e+00,0.000000e+00,2.000000e+00,0.000000e+00,0.000000e+00,0.000000e+00,2.000000e+00
49876000000,/,drone1,1,-1,world,-4.073134,0.047951,0.000000,2.000000e+00,0.000000e+00,0.000000e+00,0.000000e+00,2.000000e+00,0.000000e+00,0.000000e+00,0.000000e+00,2.000000e+00
49960000000,/,drone1,1,-1,world,-4.073134,0.047951,0.000000,2.000000e+00,0.000000e+00,0.000000e+00,0.000000e+00,2.000000e+00,0.000000e+00,0.000000e+00,0.000000e+00,2.000000e+00
50016000000,/,drone1,1,-1,world,-4.076058,0.049781,0.000000,1.852802e+00,0.000000e+00,0.000000e+00,0.000000e+00,1.852802e+00,0.000000e+00,0.000000e+00,0.000000e+00,1.961634e+00
50100000000,/,drone1,1,-1,world,-4.078952,0.051594,0.000000,1.707071e+00,0.000000e+00,0.000000e+00,0.000000e+00,1.707071e+00,0.000000e+00,0.000000e+00,0.000000e+00,1.918935e+00
50176000000,/,drone1,1,-1,world,-4.081810,0.053383,0.000000,1.563199e+00,0.000000e+00,0.000000e+00,0.000000e+00,1.563199e+00,0.000000e+00,0.000000e+00,0.000000e+00,1.871274e+00
50240000000,/,drone1,1,-1,world,-4.084621,0.055143,0.000000,1.421709e+00,0.000000e+00,0.000000e+00,0.000000e+00,1.421709e+00,0.000000e+00,0.000000e+00,0.000000e+00,1.817955e+00
50324000000,/,drone1,1,-1,world,-4.084552,0.055727,0.000000,1.352243e+00,0.000000e+00,0.000000e+00,0.000000e+00,1.352243e+00,0.000000e+00,0.000000e+00,0.000000e+00,1.788812e+00
50400000000,/,drone1,1,-1,world,-4.084483,0.056313,0.000000,1.282630e+00,0.000000e+00,0.000000e+00,0.000000e+00,1.282630e+00,0.000000e+00,0.000000e+00,0.000000e+00,1.757517e+00
50492000000,/,drone1,1,-1,world,-4.084414,0.056900,0.000000,1.212889e+00,0.000000e+00,0.000000e+00,0.000000e+00,1.212889e+00,0.000000e+00,0.000000e+00,0.000000e+00,1.723831e+00
50560000000,/,drone1,1,-1,world,-4.084345,0.057488,0.000000,1.143048e+00,0.000000e+00,0.000000e+00,0.000000e+00,1.143048e+00,0.000000e+00,0.000000e+00,0.000000e+00,1.687487e+00
50640000000,/,drone1,1,-1,world,-4.084276,0.058076,0.000000,1.073151e+00,0.000000e+00,0.000000e+00,0.000000e+00,1.073151e+00,0.000000e+00,0.000000e+00,0.000000e+00,1.648181e+00
50700000000,/,drone1,1,-1,world,-4.084207,0.058664,0.000000,1.003257e+00,0.000000e+00,0.000000e+00,0.000000e+00,1.003257e+00,0.000000e+00,0.000000e+00,0.000000e+00,1.605574e+00
50800000000,/,drone1,1,-1,world,-4.084137,0.059251,0.000000,9.334531e-01,0.000000e+00,0.000000e+00,0.000000e+00,9.334531e-01,0.000000e+00,0.000000e+00,0.000000e+00,1.559292e+00
50876000000,/,drone1,1,-1,world,-4.084069,0.059837,0.000000,8.638631e-01,0.000000e+00,0.000000e+00,0.000000e+00,8.638631e-01,0.000000e+00,0.000000e+00,0.000000e+00,1.508932e+00
50952000000,/,drone1,1,-1,world,-4.084000,0.060419,0.000000,7.946634e-01,0.000000e+00,0.000000e+00,0.000000e+00,7.946634e-01,0.000000e+00,0.000000e+00,0.000000e+00,1.454077e+00
51020000000,/,drone1,1,-1,world,-4.083932,0.060996,0.000000,7.261064e-01,0.000000e+00,0.000000e+00,0.000000e+00,7.261064e-01,0.000000e+00,0.000000e+00,0.000000e+00,1.394332e+00
51100000000,/,drone1,1,-1,world,-4.083865,0.061565,0.000000,6.585525e-01,0.000000e+00,0.000000e+00,0.000000e+00,6.585525e-01,0.000000e+00,0.000000e+00,0.000000e+00,1.329386e+00
51188000000,/,drone1,1,-1,world,-4.083800,0.062120,0.000000,5.925159e-01,0.000000e+00,0.000000e+00,0.000000e+00,5.925159e-01,0.000000e+00,0.000000e+00,0.000000e+00,1.259128e+00
51268000000,/,drone1,1,-1,world,-4.083737,0.062657,0.000000,5.287244e-01,0.000000e+00,0.000000e+00,0.000000e+00,5.287244e-01,0.000000e+00,0.000000e+00,0.000000e+00,1.183848e+00
51352000000,/,drone1,1,-1,world,-4.083677,0.063166,0.000000,4.681870e-01,0.000000e+00,0.000000e+00,0.000000e+00,4.681870e-01,0.000000e+00,0.000000e+00,0.000000e+00,1.104538e+00
51444000000,/,drone1,1,-1,world,-4.083622,0.063637,0.000000,4.122459e-01,0.000000e+00,0.000000e+00,0.000000e+00,4.122459e-01,0.000000e+00,0.000000e+00,0.000000e+00,1.023289e+00
51524000000,/,drone1,1,-1,world,-4.083572,0.064055,0.000000,3.625463e-01,0.000000e+00,0.000000e+00,0.000000e+00,3.625463e-01,0.000000e+00,0.000000e+00,0.000000e+00,9.436509e-01
51612000000,/,drone1,1,-1,world,-4.083531,0.064407,0.000000,3.208107e-01,0.000000e+00,0.000000e+00,0.000000e+00,3.208107e-01,0.000000e+00,0.000000e+00,0.000000e+00,8.705413e-01
51700000000,/,drone1,1,-1,world,-4.083499,0.064680,0.000000,2.883231e-01,0.000000e+00,0.000000e+00,0.000000e+00,2.883231e-01,0.000000e+00,0.000000e+00,0.000000e+00,8.091790e-01
51784000000,/,drone1,1,-1,world,-4.083476,0.064874,0.000000,2.652676e-01,0.000000e+00,0.000000e+00,0.000000e+00,2.652676e-01,0.000000e+00,0.000000e+00,0.000000e+00,7.630185e-01
51864000000,/,drone1,1,-1,world,-4.083461,0.064999,0.000000,2.504345e-01,0.000000e+00,0.000000e+00,0.000000e+00,2.504345e-01,0.000000e+00,0.000000e+00,0.000000e+00,7.320849e-01
51944000000,/,drone1,1,-1,world,-4.083453,0.065072,0.000000,2.416959e-01,0.000000e+00,0.000000e+00,0.000000e+00,2.416959e-01,0.000000e+00,0.000000e+00,0.000000e+00,7.133848e-01
52016000000,/,drone1,1,-1,world,-4.083448,0.065113,0.000000,2.368796e-01,0.000000e+00,0.000000e+00,0.000000e+00,2.368796e-01,0.000000e+00,0.000000e+00,0.000000e+00,7.029226e-01
52108000000,/,drone1,1,-1,world,-4.083445,0.065134,0.000000,2.343380e-01,0.000000e+00,0.000000e+00,0.000000e+00,2.343380e-01,0.000000e+00,0.000000e+00,0.000000e+00,6.973561e-01
52200000000,/,drone1,1,-1,world,-4.083444,0.065145,0.000000,2.330304e-01,0.000000e+00,0.000000e+00,0.000000e+00,2.330304e-01,0.000000e+00,0.000000e+00,0.000000e+00,6.944799e-01
52276000000,/,drone1,1,-1,world,-4.083443,0.065151,0.000000,2.323669e-01,0.000000e+00,0.000000e+00,0.000000e+00,2.323669e-01,0.000000e+00,0.000000e+00,0.000000e+00,6.930173e-01
52360000000,/,drone1,1,-1,world,-4.083443,0.065154,0.000000,2.320327e-01,0.000000e+00,0.000000e+00,0.000000e+00,2.320327e-01,0.000000e+00,0.000000e+00,0.000000e+00,6.922797e-01
52448000000,/,drone1,1,-1,world,-4.083443,0.065155,0.000000,2.318649e-01,0.000000e+00,0.000000e+00,0.000000e+00,2.318649e-01,0.000000e+00,0.000000e+00,0.000000e+00,6.919093e-01
52540000000,/,drone1,1,-1,world,-4.083443,0.065156,0.000000,2.317809e-01,0.000000e+00,0.000000e+00,0.000000e+00,2.317809e-01,0.000000e+00,0.000000e+00,0.000000e+00,6.917237e-01
52620000000,/,drone1,1,-1,world,-4.083443,0.065156,0.000000,2.317388e-01,0.000000e+00,0.000000e+00,0.000000e+00,2.317388e-01,0.000000e+00,0.000000e+00,0.000000e+00,6.916308e-01
52724000000,/,drone1,1,-1,world,-4.083443,0.065156,0.000000,2.317178e-01,0.000000e+00,0.000000e+00,0.000000e+00,2.317178e-01,0.000000e+00,0.000000e+00,0.000000e+00,6.915843e-01
52836000000,/,drone1,1,-1,world,-4.083443,0.065156,0.000000,2.317073e-01,0.000000e+00,0.000000e+00,0.000000e+00,2.317073e-01,0.000000e+00,0.000000e+00,0.000000e+00,6.915610e-01
52928000000,/,drone1,1,-1,world,-4.083443,0.065156,0.000000,2.317020e-01,0.000000e+00,0.000000e+00,0.000000e+00,2.317020e-01,0.000000e+00,0.000000e+00,0.000000e+00,6.915494e-01
53032000000,/,drone1,1,-1,world,-4.083443,0.065156,0.000000,2.316994e-01,0.000000e+00,0.000000e+00,0.000000e+00,2.316994e-01,0.000000e+00,0.000000e+00,0.000000e+00,6.915436e-01
53112000000,/,drone1,1,-1,world,-4.083443,0.065156,0.000000,2.316981e-01,0.000000e+00,0.000000e+00,0.000000e+00,2.316981e-01,0.000000e+00,0.000000e+00,0.000000e+00,6.915407e-01
53200000000,/,drone1,1,-1,world,-4.083443,0.065156,0.000000,2.316974e-01,0.000000e+00,0.000000e+00,0.000000e+00,2.316974e-01,0.000000e+00,0.000000e+00,0.000000e+00,6.915393e-01
53300000000,/,drone1,1,-1,world,-4.083443,0.065156,0.000000,2.316971e-01,0.000000e+00,0.000000e+00,0.000000e+00,2.316971e-01,0.000000e+00,0.000000e+00,0.000000e+00,6.915385e-01
53400000000,/,drone1,1,-1,world,-4.083443,0.065156,0.000000,2.316969e-01,0.000000e+00,0.000000e+00,0.000000e+00,2.316969e-01,0.000000e+00,0.000000e+00,0.000000e+00,6.915382e-01
53500000000,/,drone1,1,-1,world,-4.083443,0.065156,0.000000,2.316968e-01,0.000000e+00,0.000000e+00,0.000000e+00,2.316968e-01,0.000000e+00,0.000000e+00,0.000000e+00,6.915380e-01
53596000000,/,drone1,1,-1,world,-4.083443,0.065156,0.000000,2.316968e-01,0.000000e+00,0.000000e+00,0.000000e+00,2.316968e-01,0.000000e+00,0.000000e+00,0.000000e+00,6.915379e-01
53692000000,/,drone1,1,-1,world,-4.083443,0.065156,0.000000,2.316968e-01,0.000000e+00,0.000000e+00,0.000000e+00,2.316968e-01,0.000000e+00,0.000000e+00,0.000000e+00,6.915378e-01
53788000000,/,drone1,1,-1,world,-4.083443,0.065156,0.000000,2.316968e-01,0.000000e+00,0.000000e+00,0.000000e+00,2.316968e-01,0.000000e+00,0.000000e+00,0.000000e+00,6.915378e-01
53872000000,/,drone1,1,-1,world,-4.083443,0.065156,0.000000,2.316968e-01,0.000000e+00,0.000000e+00,0.000000e+00,2.316968e-01,0.000000e+00,0.000000e+00,0.000000e+00,6.915378e-01
53968000000,/,drone1,1,-1,world,-4.083443,0.065156,0.000000,2.316967e-01,0.000000e+00,0.000000e+00,0.000000e+00,2.316967e-01,0.000000e+00,0.000000e+00,0.000000e+00,6.915378e-01
54052000000,/,drone1,1,-1,world,-4.083443,0.065156,0.000000,2.316967e-01,0.000000e+00,0.000000e+00,0.000000e+00,2.316967e-01,0.000000e+00,0.000000e+00,0.000000e+00,6.915378e-01
54132000000,/,drone1,1,-1,world,-4.083443,0.065156,0.000000,2.316967e-01,0.000000e+00,0.000000e+00,0.000000e+00,2.316967e-01,0.000000e+00,0.000000e+00,0.000000e+00,6.915378e-01
54248000000,/,drone1,1,-1,world,-4.083443,0.065156,0.000000,2.316967e-01,0.000000e+00,0.000000e+00,0.000000e+00,2.316967e-01,0.000000e+00,0.000000e+00,0.000000e+00,6.915378e-01
54352000000,/,drone1,1,-1,world,-4.083443,0.065156,0.000000,2.316967e-01,0.000000e+00,0.000000e+00,0.000000e+00,2.316967e-01,0.000000e+00,0.000000e+00,0.000000e+00,6.915378e-01
54452000000,/,drone1,1,-1,world,-4.083443,0.065156,0.000000,2.316967e-01,0.000000e+00,0.000000e+00,0.000000e+00,2.316967e-01,0.000000e+00,0.000000e+00,0.000000e+00,6.915378e-01
54548000000,/,drone1,1,-1,world,-4.083443,0.065156,0.000000,2.316967e-01,0.000000e+00,0.000000e+00,0.000000e+00,2.316967e-01,0.000000e+00,0.000000e+00,0.000000e+00,6.915378e-01
54600000000,/,drone1,1,-1,world,-4.083443,0.065156,0.000000,2.316967e-01,0.000000e+00,0.000000e+00,0.000000e+00,2.316967e-01,0.000000e+00,0.000000e+00,0.000000e+00,6.915378e-01
54700000000,/,drone1,1,-1,world,-4.083443,0.065156,0.000000,2.316967e-01,0.000000e+00,0.000000e+00,0.000000e+00,2.316967e-01,0.000000e+00,0.000000e+00,0.000000e+00,6.915378e-01
54788000000,/,drone1,1,-1,world,-4.083443,0.065156,0.000000,2.316967e-01,0.000000e+00,0.000000e+00,0.000000e+00,2.316967e-01,0.000000e+00,0.000000e+00,0.000000e+00,6.915378e-01
54880000000,/,drone1,1,-1,world,-4.083443,0.065156,0.000000,2.316967e-01,0.000000e+00,0.000000e+00,0.000000e+00,2.316967e-01,0.000000e+00,0.000000e+00,0.000000e+00,6.915378e-01
54948000000,/,drone1,1,-1,world,-4.083443,0.065156,0.000000,2.316967e-01,0.000000e+00,0.000000e+00,0.000000e+00,2.316967e-01,0.000000e+00,0.000000e+00,0.000000e+00,6.915378e-01
55012000000,/,drone1,1,-1,world,-4.083443,0.065156,0.000000,2.316967e-01,0.000000e+00,0.000000e+00,0.000000e+00,2.316967e-01,0.000000e+00,0.000000e+00,0.000000e+00,6.915378e-01
55100000000,/,drone1,1,-1,world,-4.083443,0.065156,0.000000,2.316967e-01,0.000000e+00,0.000000e+00,0.000000e+00,2.316967e-01,0.000000e+00,0.000000e+00,0.000000e+00,6.915378e-01
55172000000,/,drone1,1,-1,world,-4.083443,0.065156,0.000000,2.316967e-01,0.000000e+00,0.000000e+00,0.000000e+00,2.316967e-01,0.000000e+00,0.000000e+00,0.000000e+00,6.915378e-01
55244000000,/,drone1,1,-1,world,-4.083443,0.065156,0.000000,2.316967e-01,0.000000e+00,0.000000e+00,0.000000e+00,2.316967e-01,0.000000e+00,0.000000e+00,0.000000e+00,6.915378e-01
55308000000,/,drone1,1,-1,world,-4.083443,0.065156,0.000000,2.316967e-01,0.000000e+00,0.000000e+00,0.000000e+00,2.316967e-01,0.000000e+00,0.000000e+00,0.000000e+00,6.915378e-01
55388000000,/,drone1,1,-1,world,-4.083443,0.065156,0.000000,2.316967e-01,0.000000e+00,0.000000e+00,0.000000e+00,2.316967e-01,0.000000e+00,0.000000e+00,0.000000e+00,6.915378e-01
55476000000,/,drone1,1,-1,world,-4.083443,0.065156,0.000000,2.316967e-01,0.000000e+00,0.000000e+00,0.000000e+00,2.316967e-01,0.000000e+00,0.000000e+00,0.000000e+00,6.915378e-01
55564000000,/,drone1,1,-1,world,-4.083443,0.065156,0.000000,2.316967e-01,0.000000e+00,0.000000e+00,0.000000e+00,2.316967e-01,0.000000e+00,0.000000e+00,0.000000e+00,6.915378e-01
55640000000,/,drone1,1,-1,world,-4.083443,0.065156,0.000000,2.316967e-01,0.000000e+00,0.000000e+00,0.000000e+00,2.316967e-01,0.000000e+00,0.000000e+00,0.000000e+00,6.915378e-01
55704000000,/,drone1,1,-1,world,-4.083443,0.065156,0.000000,2.316967e-01,0.000000e+00,0.000000e+00,0.000000e+00,2.316967e-01,0.000000e+00,0.000000e+00,0.000000e+00,6.915378e-01
55804000000,/,drone1,1,-1,world,-4.083443,0.065156,0.000000,2.316967e-01,0.000000e+00,0.000000e+00,0.000000e+00,2.316967e-01,0.000000e+00,0.000000e+00,0.000000e+00,6.915378e-01
55912000000,/,drone1,1,-1,world,-4.083443,0.065156,0.000000,2.316967e-01,0.000000e+00,0.000000e+00,0.000000e+00,2.316967e-01,0.000000e+00,0.000000e+00,0.000000e+00,6.915378e-01
56004000000,/,drone1,1,-1,world,-4.083443,0.065156,0.000000,2.316967e-01,0.000000e+00,0.000000e+00,0.000000e+00,2.316967e-01,0.000000e+00,0.000000e+00,0.000000e+00,6.915378e-01
56108000000,/,drone1,1,-1,world,-4.083443,0.065156,0.000000,2.316967e-01,0.000000e+00,0.000000e+00,0.000000e+00,2.316967e-01,0.000000e+00,0.000000e+00,0.000000e+00,6.915378e-01
56200000000,/,drone1,1,-1,world,-4.083443,0.065156,0.000000,2.316967e-01,0.000000e+00,0.000000e+00,0.000000e+00,2.316967e-01,0.000000e+00,0.000000e+00,0.000000e+00,6.915378e-01
56308000000,/,drone1,1,-1,world,-4.083443,0.065156,0.000000,2.316967e-01,0.000000e+00,0.000000e+00,0.000000e+00,2.316967e-01,0.000000e+00,0.000000e+00,0.000000e+00,6.915378e-01
56400000000,/,drone1,1,-1,world,-4.083443,0.065156,0.000000,2.316967e-01,0.000000e+00,0.000000e+00,0.000000e+00,2.316967e-01,0.000000e+00,0.000000e+00,0.000000e+00,6.915378e-01
56500000000,/,drone1,1,-1,world,-4.083443,0.065156,0.000000,2.316967e-01,0.000000e+00,0.000000e+00,0.000000e+00,2.316967e-01,0.000000e+00,0.000000e+00,0.000000e+00,6.915378e-01
56588000000,/,drone1,1,-1,world,-4.083443,0.065156,0.000000,2.316967e-01,0.000000e+00,0.000000e+00,0.000000e+00,2.316967e-01,0.000000e+00,0.000000e+00,0.000000e+00,6.915378e-01
56668000000,/,drone1,1,-1,world,-4.083443,0.065156,0.000000,2.316967e-01,0.000000e+00,0.000000e+00,0.000000e+00,2.316967e-01,0.000000e+00,0.000000e+00,0.000000e+00,6.915378e-01
56744000000,/,drone1,1,-1,world,-4.083443,0.065156,0.000000,2.316967e-01,0.000000e+00,0.000000e+00,0.000000e+00,2.316967e-01,0.000000e+00,0.000000e+00,0.000000e+00,6.915378e-01
56804000000,/,drone1,1,-1,world,-4.083443,0.065156,0.000000,2.316967e-01,0.000000e+00,0.000000e+00,0.000000e+00,2.316967e-01,0.000000e+00,0.000000e+00,0.000000e+00,6.915378e-01
56892000000,/,drone1,1,-1,world,-4.083443,0.065156,0.000000,2.316967e-01,0.000000e+00,0.000000e+00,0.000000e+00,2.316967e-01,0.000000e+00,0.000000e+00,0.000000e+00,6.915378e-01
56960000000,/,drone1,1,-1,world,-4.083443,0.065156,0.000000,2.316967e-01,0.000000e+00,0.000000e+00,0.000000e+00,2.316967e-01,0.000000e+00,0.000000e+00,0.000000e+00,6.915378e-01
57040000000,/,drone1,1,-1,world,-4.083443,0.065156,0.000000,2.316967e-01,0.000000e+00,0.000000e+00,0.000000e+00,2.316967e-01,0.000000e+00,0.000000e+00,0.000000e+00,6.915378e-01
57120000000,/,drone1,1,-1,world,-4.083443,0.065156,0.000000,2.316967e-01,0.000000e+00,0.000000e+00,0.000000e+00,2.316967e-01,0.000000e+00,0.000000e+00,0.000000e+00,6.915378e-01
57200000000,/,drone1,1,-1,world,-4.083443,0.065156,0.000000,2.316967e-01,0.000000e+00,0.000000e+00,0.000000e+00,2.316967e-01,0.000000e+00,0.000000e+00,0.000000e+00,6.915378e-01
57292000000,/,drone1,1,-1,world,-4.083443,0.065156,0.000000,2.316967e-01,0.000000e+00,0.000000e+00,0.000000e+00,2.316967e-01,0.000000e+00,0.000000e+00,0.000000e+00,6.915378e-01
57372000000,/,drone1,1,-1,world,-4.083443,0.065156,0.000000,2.316967e-01,0.000000e+00,0.000000e+00,0.000000e+00,2.316967e-01,0.000000e+00,0.000000e+00,0.000000e+00,6.915378e-01
57456000000,/,drone1,1,-1,world,-4.083443,0.065156,0.000000,2.316967e-01,0.000000e+00,0.000000e+00,0.000000e+00,2.316967e-01,0.000000e+00,0.000000e+00,0.000000e+00,6.915378e-01
57520000000,/,drone1,1,-1,world,-4.083443,0.065156,0.000000,2.316967e-01,0.000000e+00,0.000000e+00,0.000000e+00,2.316967e-01,0.000000e+00,0.000000e+00,0.000000e+00,6.915378e-01
57600000000,/,drone1,1,-1,world,-4.083443,0.065156,0.000000,2.316967e-01,0.000000e+00,0.000000e+00,0.000000e+00,2.316967e-01,0.000000e+00,0.000000e+00,0.000000e+00,6.915378e-01
57696000000,/,drone1,1,-1,world,-4.083443,0.065156,0.000000,2.316967e-01,0.000000e+00,0.000000e+00,0.000000e+00,2.316967e-01,0.000000e+00,0.000000e+00,0.000000e+00,6.915378e-01
57784000000,/,drone1,1,-1,world,-4.083443,0.065156,0.000000,2.316967e-01,0.000000e+00,0.000000e+00,0.000000e+00,2.316967e-01,0.000000e+00,0.000000e+00,0.000000e+00,6.915378e-01
57852000000,/,drone1,1,-1,world,-4.083443,0.065156,0.000000,2.316967e-01,0.000000e+00,0.000000e+00,0.000000e+00,2.316967e-01,0.000000e+00,0.000000e+00,0.000000e+00,6.915378e-01
57952000000,/,drone1,1,-1,world,-4.083443,0.065156,0.000000,2.316967e-01,0.000000e+00,0.000000e+00,0.000000e+00,2.316967e-01,0.000000e+00,0.000000e+00,0.000000e+00,6.915378e-01
58036000000,/,drone1,1,-1,world,-4.083443,0.065156,0.000000,2.316967e-01,0.000000e+00,0.000000e+00,0.000000e+00,2.316967e-01,0.000000e+00,0.000000e+00,0.000000e+00,6.915378e-01
58116000000,/,drone1,1,-1,world,-4.083443,0.065156,0.000000,2.316967e-01,0.000000e+00,0.000000e+00,0.000000e+00,2.316967e-01,0.000000e+00,0.000000e+00,0.000000e+00,6.915378e-01
58204000000,/,drone1,1,-1,world,-4.083443,0.065156,0.000000,2.316967e-01,0.000000e+00,0.000000e+00,0.000000e+00,2.316967e-01,0.000000e+00,0.000000e+00,0.000000e+00,6.915378e-01
58300000000,/,drone1,1,-1,world,-4.083443,0.065156,0.000000,2.316967e-01,0.000000e+00,0.000000e+00,0.000000e+00,2.316967e-01,0.000000e+00,0.000000e+00,0.000000e+00,6.915378e-01
58380000000,/,drone1,1,-1,world,-4.083443,0.065156,0.000000,2.316967e-01,0.000000e+00,0.000000e+00,0.000000e+00,2.316967e-01,0.000000e+00,0.000000e+00,0.000000e+00,6.915378e-01
58480000000,/,drone1,1,-1,world,-4.083443,0.065156,0.000000,2.316967e-01,0.000000e+00,0.000000e+00,0.000000e+00,2.316967e-01,0.000000e+00,0.000000e+00,0.000000e+00,6.915378e-01
58572000000,/,drone1,1,-1,world,-4.083443,0.065156,0.000000,2.316967e-01,0.000000e+00,0.000000e+00,0.000000e+00,2.316967e-01,0.000000e+00,0.000000e+00,0.000000e+00,6.915378e-01
58660000000,/,drone1,1,-1,world,-4.083443,0.065156,0.000000,2.316967e-01,0.000000e+00,0.000000e+00,0.000000e+00,2.316967e-01,0.000000e+00,0.000000e+00,0.000000e+00,6.915378e-01
58752000000,/,drone1,1,-1,world,-4.083443,0.065156,0.000000,2.316967e-01,0.000000e+00,0.000000e+00,0.000000e+00,2.316967e-01,0.000000e+00,0.000000e+00,0.000000e+00,6.915378e-01
58840000000,/,drone1,1,-1,world,-4.083443,0.065156,0.000000,2.316967e-01,0.000000e+00,0.000000e+00,0.000000e+00,2.316967e-01,0.000000e+00,0.000000e+00,0.000000e+00,6.915378e-01
58932000000,/,drone1,1,-1,world,-4.083443,0.065156,0.000000,2.316967e-01,0.000000e+00,0.000000e+00,0.000000e+00,2.316967e-01,0.000000e+00,0.000000e+00,0.000000e+00,6.915378e-01
59032000000,/,drone1,1,-1,world,-4.083443,0.065156,0.000000,2.316967e-01,0.000000e+00,0.000000e+00,0.000000e+00,2.316967e-01,0.000000e+00,0.000000e+00,0.000000e+00,6.915378e-01
59132000000,/,drone1,1,-1,world,-4.083443,0.065156,0.000000,2.316967e-01,0.000000e+00,0.000000e+00,0.000000e+00,2.316967e-01,0.000000e+00,0.000000e+00,0.000000e+00,6.915378e-01
59224000000,/,drone1,1,-1,world,-4.083443,0.065156,0.000000,2.316967e-01,0.000000e+00,0.000000e+00,0.000000e+00,2.316967e-01,0.000000e+00,0.000000e+00,0.000000e+00,6.915378e-01
59308000000,/,drone1,1,-1,world,-4.083443,0.065156,0.000000,2.316967e-01,0.000000e+00,0.000000e+00,0.000000e+00,2.316967e-01,0.000000e+00,0.000000e+00,0.000000e+00,6.915378e-01
59428000000,/,drone1,1,-1,world,-4.083443,0.065156,0.000000,2.316967e-01,0.000000e+00,0.000000e+00,0.000000e+00,2.316967e-01,0.000000e+00,0.000000e+00,0.000000e+00,6.915378e-01
59524000000,/,drone1,1,-1,world,-4.083443,0.065156,0.000000,2.316967e-01,0.000000e+00,0.000000e+00,0.000000e+00,2.316967e-01,0.000000e+00,0.000000e+00,0.000000e+00,6.915378e-01
59608000000,/,drone1,1,-1,world,-4.083443,0.065156,0.000000,2.316967e-01,0.000000e+00,0.000000e+00,0.000000e+00,2.316967e-01,0.000000e+00,0.000000e+00,0.000000e+00,6.915378e-01
59704000000,/,drone1,1,-1,world,-4.083443,0.065156,0.000000,2.316967e-01,0.000000e+00,0.000000e+00,0.000000e+00,2.316967e-01,0.000000e+00,0.000000e+00,0.000000e+00,6.915378e-01
59800000000,/,drone1,1,-1,world,-4.083443,0.065156,0.000000,2.316967e-01,0.000000e+00,0.000000e+00,0.000000e+00,2.316967e-01,0.000000e+00,0.000000e+00,0.000000e+00,6.915378e-01
59896000000,/,drone1,1,-1,world,-4.083443,0.065156,0.000000,2.316967e-01,0.000000e+00,0.000000e+00,0.000000e+00,2.316967e-01,0.000000e+00,0.000000e+00,0.000000e+00,6.915378e-01
59996000000,/,drone1,1,-1,world,-4.083443,0.065156,0.000000,2.316967e-01,0.000000e+00,0.000000e+00,0.000000e+00,2.316967e-01,0.000000e+00,0.000000e+00,0.000000e+00,6.915378e-01
60096000000,/,drone1,1,-1,world,-4.083443,0.065156,0.000000,2.316967e-01,0.000000e+00,0.000000e+00,0.000000e+00,2.316967e-01,0.000000e+00,0.000000e+00,0.000000e+00,6.915378e-01
60172000000,/,drone1,1,-1,world,-4.083443,0.065156,0.000000,2.316967e-01,0.000000e+00,0.000000e+00,0.000000e+00,2.316967e-01,0.000000e+00,0.000000e+00,0.000000e+00,6.915378e-01
60260000000,/,drone1,1,-1,world,-4.083443,0.065156,0.000000,2.316967e-01,0.000000e+00,0.000000e+00,0.000000e+00,2.316967e-01,0.000000e+00,0.000000e+00,0.000000e+00,6.915378e-01
60352000000,/,drone1,1,-1,world,-4.083443,0.065156,0.000000,2.316967e-01,0.000000e+00,0.000000e+00,0.000000e+00,2.316967e-01,0.000000e+00,0.000000e+00,0.000000e+00,6.915378e-01
60456000000,/,drone1,1,-1,world,-4.083443,0.065156,0.000000,2.316967e-01,0.000000e+00,0.000000e+00,0.000000e+00,2.316967e-01,0.000000e+00,0.000000e+00,0.000000e+00,6.915378e-01
60552000000,/,drone1,1,-1,world,-4.083443,0.065156,0.000000,2.316967e-01,0.000000e+00,0.000000e+00,0.000000e+00,2.316967e-01,0.000000e+00,0.000000e+00,0.000000e+00,6.915378e-01
60636000000,/,drone1,1,-1,world,-4.083443,0.065156,0.000000,2.316967e-01,0.000000e+00,0.000000e+00,0.000000e+00,2.316967e-01,0.000000e+00,0.000000e+00,0.000000e+00,6.915378e-01
60716000000,/,drone1,1,-1,world,-3.906917,0.066455,0.000000,1.931896e+00,0.000000e+00,0.000000e+00,0.000000e+00,1.931896e+00,0.000000e+00,0.000000e+00,0.000000e+00,1.982672e+00
60808000000,/,drone1,1,-1,world,-3.903305,0.066482,0.000000,1.966686e+00,0.000000e+00,0.000000e+00,0.000000e+00,1.966686e+00,0.000000e+00,0.000000e+00,0.000000e+00,1.991636e+00
60904000000,/,drone1,1,-1,world,-3.901557,0.066495,0.000000,1.983518e+00,0.000000e+00,0.000000e+00,0.000000e+00,1.983518e+00,0.000000e+00,0.000000e+00,0.000000e+00,1.995888e+00
60988000000,/,drone1,1,-1,world,-3.900697,0.066501,0.000000,1.991801e+00,0.000000e+00,0.000000e+00,0.000000e+00,1.991801e+00,0.000000e+00,0.000000e+00,0.000000e+00,1.997961e+00
61060000000,/,drone1,1,-1,world,-3.900270,0.066504,0.000000,1.995911e+00,0.000000e+00,0.000000e+00,0.000000e+00,1.995911e+00,0.000000e+00,0.000000e+00,0.000000e+00,1.998985e+00
61132000000,/,drone1,1,-1,world,-3.900058,0.066506,0.000000,1.997958e+00,0.000000e+00,0.000000e+00,0.000000e+00,1.997958e+00,0.000000e+00,0.000000e+00,0.000000e+00,1.999493e+00
61216000000,/,drone1,1,-1,world,-3.899952,0.066507,0.000000,1.998980e+00,0.000000e+00,0.000000e+00,0.000000e+00,1.998980e+00,0.000000e+00,0.000000e+00,0.000000e+00,1.999747e+00
61300000000,/,drone1,1,-1,world,-3.899899,0.066507,0.000000,1.999490e+00,0.000000e+00,0.000000e+00,0.000000e+00,1.999490e+00,0.000000e+00,0.000000e+00,0.000000e+00,1.999874e+00
61376000000,/,drone1,1,-1,world,-3.899872,0.066507,0.000000,1.999745e+00,0.000000e+00,0.000000e+00,0.000000e+00,1.999745e+00,0.000000e+00,0.000000e+00,0.000000e+00,1.999937e+00
61448000000,/,drone1,1,-1,world,-3.899859,0.066507,0.000000,1.999873e+00,0.000000e+00,0.000000e+00,0.000000e+00,1.999873e+00,0.000000e+00,0.000000e+00,0.000000e+00,1.999968e+00
61512000000,/,drone1,1,-1,world,-3.899852,0.066507,0.000000,1.999936e+00,0.000000e+00,0.000000e+00,0.000000e+00,1.999936e+00,0.000000e+00,0.000000e+00,0.000000e+00,1.999984e+00
61588000000,/,drone1,1,-1,world,-3.899849,0.066507,0.000000,1.999968e+00,0.000000e+00,0.000000e+00,0.000000e+00,1.999968e+00,0.000000e+00,0.000000e+00,0.000000e+00,1.999992e+00
61676000000,/,drone1,1,-1,world,-3.899847,0.066507,0.000000,1.999984e+00,0.000000e+00,0.000000e+00,0.000000e+00,1.999984e+00,0.000000e+00,0.000000e+00,0.000000e+00,1.999996e+00
61732000000,/,drone1,1,-1,world,-3.899847,0.066507,0.000000,1.999992e+00,0.000000e+00,0.000000e+00,0.000000e+00,1.999992e+00,0.000000e+00,0.000000e+00,0.000000e+00,1.999998e+00
61812000000,/,drone1,1,-1,world,-3.899846,0.066507,0.000000,1.999996e+00,0.000000e+00,0.000000e+00,0.000000e+00,1.999996e+00,0.000000e+00,0.000000e+00,0.000000e+00,1.999999e+00
61900000000,/,drone1,1,-1,world,-3.899846,0.066507,0.000000,1.999998e+00,0.000000e+00,0.000000e+00,0.000000e+00,1.999998e+00,0.000000e+00,0.000000e+00,0.000000e+00,2.000000e+00
61976000000,/,drone1,1,-1,world,-3.899846,0.066507,0.000000,1.999999e+00,0.000000e+00,0.000000e+00,0.000000e+00,1.999999e+00,0.000000e+00,0.000000e+00,0.000000e+00,2.000000e+00
62044000000,/,drone1,1,-1,world,-3.899846,0.066507,0.000000,2.000000e+00,0.000000e+00,0.000000e+00,0.000000e+00,2.000000e+00,0.000000e+00,0.000000e+00,0.000000e+00,2.000000e+00
62112000000,/,drone1,1,-1,world,-3.899846,0.066507,0.000000,2.000000e+00,0.000000e+00,0.000000e+00,0.000000e+00,2.000000e+00,0.000000e+00,0.000000e+00,0.000000e+00,2.000000e+00
62176000000,/,drone1,1,-1,world,-3.899846,0.066507,0.000000,2.000000e+00,0.000000e+00,0.000000e+00,0.000000e+00,2.000000e+00,0.000000e+00,0.000000e+00,0.000000e+00,2.000000e+00
62224000000,/,drone1,1,-1,world,-3.899846,0.066507,0.000000,2.000000e+00,0.000000e+00,0.000000e+00,0.000000e+00,2.000000e+00,0.000000e+00,0.000000e+00,0.000000e+00,2.000000e+00
62300000000,/,drone1,1,-1,world,-3.899846,0.066507,0.000000,2.000000e+00,0.000000e+00,0.000000e+00,0.000000e+00,2.000000e+00,0.000000e+00,0.000000e+00,0.000000e+00,2.000000e+00
62384000000,/,drone1,1,-1,world,-3.899846,0.066507,0.000000,2.000000e+00,0.000000e+00,0.000000e+00,0.000000e+00,2.000000e+00,0.000000e+00,0.000000e+00,0.000000e+00,2.000000e+00
62464000000,/,drone1,1,-1,world,-3.899846,0.066507,0.000000,2.000000e+00,0.000000e+00,0.000000e+00,0.000000e+00,2.000000e+00,0.000000e+00,0.000000e+00,0.000000e+00,2.000000e+00
62536000000,/,drone1,1,-1,world,-3.899846,0.066507,0.000000,2.000000e+00,0.000000e+00,0.000000e+00,0.000000e+00,2.000000e+00,0.000000e+00,0.000000e+00,0.000000e+00,2.000000e+00
62616000000,/,drone1,1,-1,world,-3.899846,0.066507,0.000000,2.000000e+00,0.000000e+00,0.000000e+00,0.000000e+00,2.000000e+00,0.000000e+00,0.000000e+00,0.000000e+00,2.000000e+00
62700000000,/,drone1,1,-1,world,-3.899846,0.066507,0.000000,2.000000e+00,0.000000e+00,0.000000e+00,0.000000e+00,2.000000e+00,0.000000e+00,0.000000e+00,0.000000e+00,2.000000e+00
62788000000,/,drone1,1,-1,world,-3.899846,0.066507,0.000000,2.000000e+00,0.000000e+00,0.000000e+00,0.000000e+00,2.000000e+00,0.000000e+00,0.000000e+00,0.000000e+00,2.000000e+00
62872000000,/,drone1,1,-1,world,-3.899846,0.066507,0.000000,2.000000e+00,0.000000e+00,0.000000e+00,0.000000e+00,2.000000e+00,0.000000e+00,0.000000e+00,0.000000e+00,2.000000e+00
62952000000,/,drone1,1,-1,world,-3.899846,0.066507,0.000000,2.000000e+00,0.000000e+00,0.000000e+00,0.000000e+00,2.000000e+00,0.000000e+00,0.000000e+00,0.000000e+00,2.000000e+00
63032000000,/,drone1,1,-1,world,-3.899846,0.066507,0.000000,2.000000e+00,0.000000e+00,0.000000e+00,0.000000e+00,2.000000e+00,0.000000e+00,0.000000e+00,0.000000e+00,2.000000e+00
63132000000,/,drone1,1,-1,world,-3.899846,0.066507,0.000000,2.000000e+00,0.000000e+00,0.000000e+00,0.000000e+00,2.000000e+00,0.000000e+00,0.000000e+00,0.000000e+00,2.000000e+00
63200000000,/,drone1,1,-1,world,-3.899846,0.066507,0.000000,2.000000e+00,0.000000e+00,0.000000e+00,0.000000e+00,2.000000e+00,0.000000e+00,0.000000e+00,0.000000e+00,2.000000e+00
63300000000,/,drone1,1,-1,world,-3.899846,0.066507,0.000000,2.000000e+00,0.000000e+00,0.000000e+00,0.000000e+00,2.000000e+00,0.000000e+00,0.000000e+00,0.000000e+00,2.000000e+00
63388000000,/,drone1,1,-1,world,-3.899846,0.066507,0.000000,2.000000e+00,0.000000e+00,0.000000e+00,0.000000e+00,2.000000e+00,0.000000e+00,0.000000e+00,0.000000e+00,2.000000e+00
63460000000,/,drone1,1,-1,world,-3.899846,0.066507,0.000000,2.000000e+00,0.000000e+00,0.000000e+00,0.000000e+00,2.000000e+00,0.000000e+00,0.000000e+00,0.000000e+00,2.000000e+00
63532000000,/,drone1,1,-1,world,-3.899846,0.066507,0.000000,2.000000e+00,0.000000e+00,0.000000e+00,0.000000e+00,2.000000e+00,0.000000e+00,0.000000e+00,0.000000e+00,2.000000e+00
63604000000,/,drone1,1,-1,world,-3.899846,0.066507,0.000000,2.000000e+00,0.000000e+00,0.000000e+00,0.000000e+00,2.000000e+00,0.000000e+00,0.000000e+00,0.000000e+00,2.000000e+00
63696000000,/,drone1,1,-1,world,-3.899846,0.066507,0.000000,2.000000e+00,0.000000e+00,0.000000e+00,0.000000e+00,2.000000e+00,0.000000e+00,0.000000e+00,0.000000e+00,2.000000e+00
63780000000,/,drone1,1,-1,world,-3.899846,0.066507,0.000000,2.000000e+00,0.000000e+00,0.000000e+00,0.000000e+00,2.000000e+00,0.000000e+00,0.000000e+00,0.000000e+00,2.000000e+00
63852000000,/,drone1,1,-1,world,-3.899846,0.066507,0.000000,2.000000e+00,0.000000e+00,0.000000e+00,0.000000e+00,2.000000e+00,0.000000e+00,0.000000e+00,0.000000e+00,2.000000e+00
63932000000,/,drone1,1,-1,world,-3.899846,0.066507,0.000000,2.000000e+00,0.000000e+00,0.000000e+00,0.000000e+00,2.000000e+00,0.000000e+00,0.000000e+00,0.000000e+00,2.000000e+00
64020000000,/,drone1,1,-1,world,-3.899846,0.066507,0.000000,2.000000e+00,0.000000e+00,0.000000e+00,0.000000e+00,2.000000e+00,0.000000e+00,0.000000e+00,0.000000e+00,2.000000e+00
64100000000,/,drone1,1,-1,world,-3.899846,0.066507,0.000000,2.000000e+00,0.000000e+00,0.000000e+00,0.000000e+00,2.000000e+00,0.000000e+00,0.000000e+00,0.000000e+00,2.000000e+00
64192000000,/,drone1,1,-1,world,-3.899846,0.066507,0.000000,2.000000e+00,0.000000e+00,0.000000e+00,0.000000e+00,2.000000e+00,0.000000e+00,0.000000e+00,0.000000e+00,2.000000e+00
64264000000,/,drone1,1,-1,world,-3.899846,0.066507,0.000000,2.000000e+00,0.000000e+00,0.000000e+00,0.000000e+00,2.000000e+00,0.000000e+00,0.000000e+00,0.000000e+00,2.000000e+00
64352000000,/,drone1,1,-1,world,-3.899846,0.066507,0.000000,2.000000e+00,0.000000e+00,0.000000e+00,0.000000e+00,2.000000e+00,0.000000e+00,0.000000e+00,0.000000e+00,2.000000e+00
64420000000,/,drone1,1,-1,world,-3.899846,0.066507,0.000000,2.000000e+00,0.000000e+00,0.000000e+00,0.000000e+00,2.000000e+00,0.000000e+00,0.000000e+00,0.000000e+00,2.000000e+00
64516000000,/,drone1,1,-1,world,-3.899846,0.066507,0.000000,2.000000e+00,0.000000e+00,0.000000e+00,0.000000e+00,2.000000e+00,0.000000e+00,0.000000e+00,0.000000e+00,2.000000e+00
64600000000,/,drone1,1,-1,world,-3.899846,0.066507,0.000000,2.000000e+00,0.000000e+00,0.000000e+00,0.000000e+00,2.000000e+00,0.000000e+00,0.000000e+00,0.000000e+00,2.000000e+00
64700000000,/,drone1,1,-1,world,-3.899846,0.066507,0.000000,2.000000e+00,0.000000e+00,0.000000e+00,0.000000e+00,2.000000e+00,0.000000e+00,0.000000e+00,0.000000e+00,2.000000e+00
64768000000,/,drone1,1,-1,world,-3.899846,0.066507,0.000000,2.000000e+00,0.000000e+00,0.000000e+00,0.000000e+00,2.000000e+00,0.000000e+00,0.000000e+00,0.000000e+00,2.000000e+00
64856000000,/,drone1,1,-1,world,-3.899846,0.066507,0.000000,2.000000e+00,0.000000e+00,0.000000e+00,0.000000e+00,2.000000e+00,0.000000e+00,0.000000e+00,0.000000e+00,2.000000e+00
64940000000,/,drone1,1,-1,world,-3.899846,0.066507,0.000000,2.000000e+00,0.000000e+00,0.000000e+00,0.000000e+00,2.000000e+00,0.000000e+00,0.000000e+00,0.000000e+00,2.000000e+00
65012000000,/,drone1,1,-1,world,-3.899846,0.066507,0.000000,2.000000e+00,0.000000e+00,0.000000e+00,0.000000e+00,2.000000e+00,0.000000e+00,0.000000e+00,0.000000e+00,2.000000e+00
65100000000,/,drone1,1,-1,world,-3.899846,0.066507,0.000000,2.000000e+00,0.000000e+00,0.000000e+00,0.000000e+00,2.000000e+00,0.000000e+00,0.000000e+00,0.000000e+00,2.000000e+00
65176000000,/,drone1,1,-1,world,-3.899846,0.066507,0.000000,2.000000e+00,0.000000e+00,0.000000e+00,0.000000e+00,2.000000e+00,0.000000e+00,0.000000e+00,0.000000e+00,2.000000e+00
65264000000,/,drone1,1,-1,world,-3.899846,0.066507,0.000000,2.000000e+00,0.000000e+00,0.000000e+00,0.000000e+00,2.000000e+00,0.000000e+00,0.000000e+00,0.000000e+00,2.000000e+00
65344000000,/,drone1,1,-1,world,-3.899846,0.066507,0.000000,2.000000e+00,0.000000e+00,0.000000e+00,0.000000e+00,2.000000e+00,0.000000e+00,0.000000e+00,0.000000e+00,2.000000e+00
65408000000,/,drone1,1,-1,world,-3.899846,0.066507,0.000000,2.000000e+00,0.000000e+00,0.000000e+00,0.000000e+00,2.000000e+00,0.000000e+00,0.000000e+00,0.000000e+00,2.000000e+00
65500000000,/,drone1,1,-1,world,-3.899846,0.066507,0.000000,2.000000e+00,0.000000e+00,0.000000e+00,0.000000e+00,2.000000e+00,0.000000e+00,0.000000e+00,0.000000e+00,2.000000e+00
65572000000,/,drone1,1,-1,world,-3.899846,0.066507,0.000000,2.000000e+00,0.000000e+00,0.000000e+00,0.000000e+00,2.000000e+00,0.000000e+00,0.000000e+00,0.000000e+00,2.000000e+00
65652000000,/,drone1,1,-1,world,-3.899846,0.066507,0.000000,2.000000e+00,0.000000e+00,0.000000e+00,0.000000e+00,2.000000e+00,0.000000e+00,0.000000e+00,0.000000e+00,2.000000e+00
65728000000,/,drone1,1,-1,world,-3.899846,0.066507,0.000000,2.000000e+00,0.000000e+00,0.000000e+00,0.000000e+00,2.000000e+00,0.000000e+00,0.000000e+00,0.000000e+00,2.000000e+00
65804000000,/,drone1,1,-1,world,-3.899846,0.066507,0.000000,2.000000e+00,0.000000e+00,0.000000e+00,0.000000e+00,2.000000e+00,0.000000e+00,0.000000e+00,0.000000e+00,2.000000e+00
65900000000,/,drone1,1,-1,world,-3.899846,0.066507,0.000000,2.000000e+00,0.000000e+00,0.000000e+00,0.000000e+00,2.000000e+00,0.000000e+00,0.000000e+00,0.000000e+00,2.000000e+00
65972000000,/,drone1,1,-1,world,-3.899846,0.066507,0.000000,2.000000e+00,0.000000e+00,0.000000e+00,0.000000e+00,2.000000e+00,0.000000e+00,0.000000e+00,0.000000e+00,2.000000e+00
66068000000,/,drone1,1,-1,world,-3.899846,0.066507,0.000000,2.000000e+00,0.000000e+00,0.000000e+00,0.000000e+00,2.000000e+00,0.000000e+00,0.000000e+00,0.000000e+00,2.000000e+00
66152000000,/,drone1,1,-1,world,-3.899846,0.066507,0.000000,2.000000e+00,0.000000e+00,0.000000e+00,0.000000e+00,2.000000e+00,0.000000e+00,0.000000e+00,0.000000e+00,2.000000e+00
66232000000,/,drone1,1,-1,world,-3.899846,0.066507,0.000000,2.000000e+00,0.000000e+00,0.000000e+00,0.000000e+00,2.000000e+00,0.000000e+00,0.000000e+00,0.000000e+00,2.000000e+00
66308000000,/,drone1,1,-1,world,-3.907771,0.064762,0.000000,1.762052e+00,0.000000e+00,0.000000e+00,0.000000e+00,1.762052e+00,0.000000e+00,0.000000e+00,0.000000e+00,1.977744e+00
66400000000,/,drone1,1,-1,world,-3.915283,0.063109,0.000000,1.536532e+00,0.000000e+00,0.000000e+00,0.000000e+00,1.536532e+00,0.000000e+00,0.000000e+00,0.000000e+00,1.950961e+00
66492000000,/,drone1,1,-1,world,-3.922295,0.061565,0.000000,1.326018e+00,0.000000e+00,0.000000e+00,0.000000e+00,1.326018e+00,0.000000e+00,0.000000e+00,0.000000e+00,1.918730e+00
66564000000,/,drone1,1,-1,world,-3.928704,0.060154,0.000000,1.133611e+00,0.000000e+00,0.000000e+00,0.000000e+00,1.133611e+00,0.000000e+00,0.000000e+00,0.000000e+00,1.880248e+00
66648000000,/,drone1,1,-1,world,-3.934391,0.058901,0.000000,9.628641e-01,0.000000e+00,0.000000e+00,0.000000e+00,9.628641e-01,0.000000e+00,0.000000e+00,0.000000e+00,1.835264e+00
66728000000,/,drone1,1,-1,world,-3.939235,0.057835,0.000000,8.174432e-01,0.000000e+00,0.000000e+00,0.000000e+00,8.174432e-01,0.000000e+00,0.000000e+00,0.000000e+00,1.784831e+00
66800000000,/,drone1,1,-1,world,-3.943135,0.056976,0.000000,7.003470e-01,0.000000e+00,0.000000e+00,0.000000e+00,7.003470e-01,0.000000e+00,0.000000e+00,0.000000e+00,1.732136e+00
66900000000,/,drone1,1,-1,world,-3.946056,0.056333,0.000000,6.126749e-01,0.000000e+00,0.000000e+00,0.000000e+00,6.126749e-01,0.000000e+00,0.000000e+00,0.000000e+00,1.682513e+00
66992000000,/,drone1,1,-1,world,-3.948061,0.055892,0.000000,5.524648e-01,0.000000e+00,0.000000e+00,0.000000e+00,5.524648e-01,0.000000e+00,0.000000e+00,0.000000e+00,1.641571e+00
67068000000,/,drone1,1,-1,world,-3.949320,0.055615,0.000000,5.146763e-01,0.000000e+00,0.000000e+00,0.000000e+00,5.146763e-01,0.000000e+00,0.000000e+00,0.000000e+00,1.612260e+00
67156000000,/,drone1,1,-1,world,-3.950049,0.055454,0.000000,4.927831e-01,0.000000e+00,0.000000e+00,0.000000e+00,4.927831e-01,0.000000e+00,0.000000e+00,0.000000e+00,1.593776e+00
67224000000,/,drone1,1,-1,world,-3.950447,0.055366,0.000000,4.808386e-01,0.000000e+00,0.000000e+00,0.000000e+00,4.808386e-01,0.000000e+00,0.000000e+00,0.000000e+00,1.583176e+00
67300000000,/,drone1,1,-1,world,-3.950656,0.055321,0.000000,4.745713e-01,0.000000e+00,0.000000e+00,0.000000e+00,4.745713e-01,0.000000e+00,0.000000e+00,0.000000e+00,1.577460e+00
67388000000,/,drone1,1,-1,world,-3.950763,0.055297,0.000000,4.713567e-01,0.000000e+00,0.000000e+00,0.000000e+00,4.713567e-01,0.000000e+00,0.000000e+00,0.000000e+00,1.574486e+00
67448000000,/,drone1,1,-1,world,-3.867897,0.052887,0.000000,4.492816e-01,0.000000e+00,0.000000e+00,0.000000e+00,4.492816e-01,0.000000e+00,0.000000e+00,0.000000e+00,1.519988e+00
67532000000,/,drone1,1,-1,world,-3.820466,0.051507,0.000000,4.366460e-01,0.000000e+00,0.000000e+00,0.000000e+00,4.366460e-01,0.000000e+00,0.000000e+00,0.000000e+00,1.488161e+00
67620000000,/,drone1,1,-1,world,-3.794830,0.050762,0.000000,4.298166e-01,0.000000e+00,0.000000e+00,0.000000e+00,4.298166e-01,0.000000e+00,0.000000e+00,0.000000e+00,1.470762e+00
67716000000,/,drone1,1,-1,world,-3.781459,0.050373,0.000000,4.262544e-01,0.000000e+00,0.000000e+00,0.000000e+00,4.262544e-01,0.000000e+00,0.000000e+00,0.000000e+00,1.461631e+00
67800000000,/,drone1,1,-1,world,-3.774624,0.050174,0.000000,4.244336e-01,0.000000e+00,0.000000e+00,0.000000e+00,4.244336e-01,0.000000e+00,0.000000e+00,0.000000e+00,1.456949e+00
67900000000,/,drone1,1,-1,world,-3.771167,0.050074,0.000000,4.235128e-01,0.000000e+00,0.000000e+00,0.000000e+00,4.235128e-01,0.000000e+00,0.000000e+00,0.000000e+00,1.454578e+00
67984000000,/,drone1,1,-1,world,-3.769429,0.050023,0.000000,4.230498e-01,0.000000e+00,0.000000e+00,0.000000e+00,4.230498e-01,0.000000e+00,0.000000e+00,0.000000e+00,1.453384e+00
68048000000,/,drone1,1,-1,world,-3.768558,0.049998,0.000000,4.228176e-01,0.000000e+00,0.000000e+00,0.000000e+00,4.228176e-01,0.000000e+00,0.000000e+00,0.000000e+00,1.452785e+00
68112000000,/,drone1,1,-1,world,-3.768121,0.049985,0.000000,4.227014e-01,0.000000e+00,0.000000e+00,0.000000e+00,4.227014e-01,0.000000e+00,0.000000e+00,0.000000e+00,1.452486e+00
68184000000,/,drone1,1,-1,world,-3.767903,0.049979,0.000000,4.226432e-01,0.000000e+00,0.000000e+00,0.000000e+00,4.226432e-01,0.000000e+00,0.000000e+00,0.000000e+00,1.452336e+00
68276000000,/,drone1,1,-1,world,-3.767794,0.049975,0.000000,4.226141e-01,0.000000e+00,0.000000e+00,0.000000e+00,4.226141e-01,0.000000e+00,0.000000e+00,0.000000e+00,1.452260e+00
68352000000,/,drone1,1,-1,world,-3.774129,0.054755,0.000000,3.998194e-01,0.000000e+00,0.000000e+00,0.000000e+00,3.998194e-01,0.000000e+00,0.000000e+00,0.000000e+00,1.364724e+00
68352000000,/,drone1,2,-1,world,6.102816,-5.694752,0.000000,2.000000e+00,0.000000e+00,0.000000e+00,0.000000e+00,2.000000e+00,0.000000e+00,0.000000e+00,0.000000e+00,2.000000e+00
68440000000,/,drone1,1,-1,world,-3.777987,0.057666,0.000000,3.859356e-01,0.000000e+00,0.000000e+00,0.000000e+00,3.859356e-01,0.000000e+00,0.000000e+00,0.000000e+00,1.311980e+00
68440000000,/,drone1,2,-1,world,6.102816,-5.694752,0.000000,2.000000e+00,0.000000e+00,0.000000e+00,0.000000e+00,2.000000e+00,0.000000e+00,0.000000e+00,0.000000e+00,2.000000e+00
68508000000,/,drone1,1,-1,world,-3.780161,0.059307,0.000000,3.781123e-01,0.000000e+00,0.000000e+00,0.000000e+00,3.781123e-01,0.000000e+00,0.000000e+00,0.000000e+00,1.282448e+00
68508000000,/,drone1,2,-1,world,6.102816,-5.694752,0.000000,2.000000e+00,0.000000e+00,0.000000e+00,0.000000e+00,2.000000e+00,0.000000e+00,0.000000e+00,0.000000e+00,2.000000e+00
68604000000,/,drone1,1,-1,world,-3.781324,0.060184,0.000000,3.739291e-01,0.000000e+00,0.000000e+00,0.000000e+00,3.739291e-01,0.000000e+00,0.000000e+00,0.000000e+00,1.266712e+00
68604000000,/,drone1,2,-1,world,6.102743,-5.695660,0.000000,1.853318e+00,0.000000e+00,0.000000e+00,0.000000e+00,1.853318e+00,0.000000e+00,0.000000e+00,0.000000e+00,1.961605e+00
68700000000,/,drone1,1,-1,world,-3.794999,0.058598,0.000000,3.399215e-01,0.000000e+00,0.000000e+00,0.000000e+00,3.399215e-01,0.000000e+00,0.000000e+00,0.000000e+00,1.153210e+00
68700000000,/,drone1,2,-1,world,6.103130,-5.696060,0.000000,1.782060e+00,0.000000e+00,0.000000e+00,0.000000e+00,1.782060e+00,0.000000e+00,0.000000e+00,0.000000e+00,1.941048e+00
68760000000,/,drone1,1,-1,world,-3.804858,0.057454,0.000000,3.154066e-01,0.000000e+00,0.000000e+00,0.000000e+00,3.154066e-01,0.000000e+00,0.000000e+00,0.000000e+00,1.071183e+00
68760000000,/,drone1,2,-1,world,6.103517,-5.696462,0.000000,1.710634e+00,0.000000e+00,0.000000e+00,0.000000e+00,1.710634e+00,0.000000e+00,0.000000e+00,0.000000e+00,1.919206e+00
68828000000,/,drone1,1,-1,world,-3.811267,0.056710,0.000000,2.994680e-01,0.000000e+00,0.000000e+00,0.000000e+00,2.994680e-01,0.000000e+00,0.000000e+00,0.000000e+00,1.017757e+00
68828000000,/,drone1,2,-1,world,6.103906,-5.696864,0.000000,1.639039e+00,0.000000e+00,0.000000e+00,0.000000e+00,1.639039e+00,0.000000e+00,0.000000e+00,0.000000e+00,1.895956e+00
68904000000,/,drone1,1,-1,world,-3.815067,0.056270,0.000000,2.900183e-01,0.000000e+00,0.000000e+00,0.000000e+00,2.900183e-01,0.000000e+00,0.000000e+00,0.000000e+00,9.860477e-01
68904000000,/,drone1,2,-1,world,6.104295,-5.697268,0.000000,1.567277e+00,0.000000e+00,0.000000e+00,0.000000e+00,1.567277e+00,0.000000e+00,0.000000e+00,0.000000e+00,1.871156e+00
68988000000,/,drone1,1,-1,world,-3.733154,0.054622,0.000000,2.611952e-01,0.000000e+00,0.000000e+00,0.000000e+00,2.611952e-01,0.000000e+00,0.000000e+00,0.000000e+00,8.937137e-01
68988000000,/,drone1,2,-1,world,6.104602,-5.697435,0.000000,1.520207e+00,0.000000e+00,0.000000e+00,0.000000e+00,1.520207e+00,0.000000e+00,0.000000e+00,0.000000e+00,1.853139e+00
69060000000,/,drone1,1,-1,world,-3.671148,0.053375,0.000000,2.393769e-01,0.000000e+00,0.000000e+00,0.000000e+00,2.393769e-01,0.000000e+00,0.000000e+00,0.000000e+00,8.230323e-01
69060000000,/,drone1,2,-1,world,6.104909,-5.697603,0.000000,1.472943e+00,0.000000e+00,0.000000e+00,0.000000e+00,1.472943e+00,0.000000e+00,0.000000e+00,0.000000e+00,1.834268e+00
69152000000,/,drone1,1,-1,world,-3.628747,0.052522,0.000000,2.244569e-01,0.000000e+00,0.000000e+00,0.000000e+00,2.244569e-01,0.000000e+00,0.000000e+00,0.000000e+00,7.743022e-01
69152000000,/,drone1,2,-1,world,6.105219,-5.697772,0.000000,1.425476e+00,0.000000e+00,0.000000e+00,0.000000e+00,1.425476e+00,0.000000e+00,0.000000e+00,0.000000e+00,1.814479e+00
69244000000,/,drone1,1,-1,world,-3.602489,0.051994,0.000000,2.152176e-01,0.000000e+00,0.000000e+00,0.000000e+00,2.152176e-01,0.000000e+00,0.000000e+00,0.000000e+00,7.439628e-01
69244000000,/,drone1,2,-1,world,6.105529,-5.697941,0.000000,1.377799e+00,0.000000e+00,0.000000e+00,0.000000e+00,1.377799e+00,0.000000e+00,0.000000e+00,0.000000e+00,1.793699e+00
69336000000,/,drone1,1,-1,world,-3.587500,0.051692,0.000000,2.099434e-01,0.000000e+00,0.000000e+00,0.000000e+00,2.099434e-01,0.000000e+00,0.000000e+00,0.000000e+00,7.265877e-01
69336000000,/,drone1,2,-1,world,6.105841,-5.698112,0.000000,1.329904e+00,0.000000e+00,0.000000e+00,0.000000e+00,1.329904e+00,0.000000e+00,0.000000e+00,0.000000e+00,1.771850e+00
69436000000,/,drone1,1,-1,world,-3.579417,0.051530,0.000000,2.070991e-01,0.000000e+00,0.000000e+00,0.000000e+00,2.070991e-01,0.000000e+00,0.000000e+00,0.000000e+00,7.172003e-01
69436000000,/,drone1,2,-1,world,6.106155,-5.698283,0.000000,1.281784e+00,0.000000e+00,0.000000e+00,0.000000e+00,1.281784e+00,0.000000e+00,0.000000e+00,0.000000e+00,1.748844e+00
69532000000,/,drone1,1,-1,world,-3.575207,0.051445,0.000000,2.056176e-01,0.000000e+00,0.000000e+00,0.000000e+00,2.056176e-01,0.000000e+00,0.000000e+00,0.000000e+00,7.123062e-01
69532000000,/,drone1,2,-1,world,6.106470,-5.698455,0.000000,1.233430e+00,0.000000e+00,0.000000e+00,0.000000e+00,1.233430e+00,0.000000e+00,0.000000e+00,0.000000e+00,1.724583e+00
69600000000,/,drone1,1,-1,world,-3.573056,0.051402,0.000000,2.048610e-01,0.000000e+00,0.000000e+00,0.000000e+00,2.048610e-01,0.000000e+00,0.000000e+00,0.000000e+00,7.098053e-01
69600000000,/,drone1,2,-1,world,6.106786,-5.698627,0.000000,1.184835e+00,0.000000e+00,0.000000e+00,0.000000e+00,1.184835e+00,0.000000e+00,0.000000e+00,0.000000e+00,1.698958e+00
69696000000,/,drone1,1,-1,world,-3.571970,0.051380,0.000000,2.044785e-01,0.000000e+00,0.000000e+00,0.000000e+00,2.044785e-01,0.000000e+00,0.000000e+00,0.000000e+00,7.085409e-01
69696000000,/,drone1,2,-1,world,6.107104,-5.698801,0.000000,1.135993e+00,0.000000e+00,0.000000e+00,0.000000e+00,1.135993e+00,0.000000e+00,0.000000e+00,0.000000e+00,1.671849e+00
69772000000,/,drone1,1,-1,world,-3.571423,0.051369,0.000000,2.042863e-01,0.000000e+00,0.000000e+00,0.000000e+00,2.042863e-01,0.000000e+00,0.000000e+00,0.000000e+00,7.079051e-01
69772000000,/,drone1,2,-1,world,6.107424,-5.698975,0.000000,1.086897e+00,0.000000e+00,0.000000e+00,0.000000e+00,1.086897e+00,0.000000e+00,0.000000e+00,0.000000e+00,1.643120e+00
69852000000,/,drone1,1,-1,world,-3.571149,0.051363,0.000000,2.041899e-01,0.000000e+00,0.000000e+00,0.000000e+00,2.041899e-01,0.000000e+00,0.000000e+00,0.000000e+00,7.075863e-01
69852000000,/,drone1,2,-1,world,6.107745,-5.699151,0.000000,1.037543e+00,0.000000e+00,0.000000e+00,0.000000e+00,1.037543e+00,0.000000e+00,0.000000e+00,0.000000e+00,1.612620e+00
69916000000,/,drone1,1,-1,world,-3.571012,0.051361,0.000000,2.041416e-01,0.000000e+00,0.000000e+00,0.000000e+00,2.041416e-01,0.000000e+00,0.000000e+00,0.000000e+00,7.074267e-01
69916000000,/,drone1,2,-1,world,6.108069,-5.699327,0.000000,9.879286e-01,0.000000e+00,0.000000e+00,0.000000e+00,9.879286e-01,0.000000e+00,0.000000e+00,0.000000e+00,1.580180e+00
70000000000,/,drone1,1,-1,world,-3.570943,0.051359,0.000000,2.041174e-01,0.000000e+00,0.000000e+00,0.000000e+00,2.041174e-01,0.000000e+00,0.000000e+00,0.000000e+00,7.073468e-01
70000000000,/,drone1,2,-1,world,6.094204,-5.473213,0.000000,1.669259e+00,0.000000e+00,0.000000e+00,0.000000e+00,1.669259e+00,0.000000e+00,0.000000e+00,0.000000e+00,1.902056e+00
70060000000,/,drone1,1,-1,world,-3.570909,0.051359,0.000000,2.041054e-01,0.000000e+00,0.000000e+00,0.000000e+00,2.041054e-01,0.000000e+00,0.000000e+00,0.000000e+00,7.073069e-01
70060000000,/,drone1,2,-1,world,6.091347,-5.426292,0.000000,1.807471e+00,0.000000e+00,0.000000e+00,0.000000e+00,1.807471e+00,0.000000e+00,0.000000e+00,0.000000e+00,1.945981e+00
70128000000,/,drone1,1,-1,world,-3.570892,0.051358,0.000000,2.040993e-01,0.000000e+00,0.000000e+00,0.000000e+00,2.040993e-01,0.000000e+00,0.000000e+00,0.000000e+00,7.072869e-01
70128000000,/,drone1,2,-1,world,6.090177,-5.407066,0.000000,1.863919e+00,0.000000e+00,0.000000e+00,0.000000e+00,1.863919e+00,0.000000e+00,0.000000e+00,0.000000e+00,1.962557e+00
70200000000,/,drone1,1,-1,world,-3.570883,0.051358,0.000000,2.040963e-01,0.000000e+00,0.000000e+00,0.000000e+00,2.040963e-01,0.000000e+00,0.000000e+00,0.000000e+00,7.072769e-01
70200000000,/,drone1,2,-1,world,6.096819,-5.424886,0.000000,1.742258e+00,0.000000e+00,0.000000e+00,0.000000e+00,1.742258e+00,0.000000e+00,0.000000e+00,0.000000e+00,1.951077e+00
70264000000,/,drone1,1,-1,world,-3.570879,0.051358,0.000000,2.040948e-01,0.000000e+00,0.000000e+00,0.000000e+00,2.040948e-01,0.000000e+00,0.000000e+00,0.000000e+00,7.072719e-01
70264000000,/,drone1,2,-1,world,6.099640,-5.432398,0.000000,1.690796e+00,0.000000e+00,0.000000e+00,0.000000e+00,1.690796e+00,0.000000e+00,0.000000e+00,0.000000e+00,1.945833e+00
70324000000,/,drone1,1,-1,world,-3.570877,0.051358,0.000000,2.040940e-01,0.000000e+00,0.000000e+00,0.000000e+00,2.040940e-01,0.000000e+00,0.000000e+00,0.000000e+00,7.072694e-01
70324000000,/,drone1,2,-1,world,6.100761,-5.435350,0.000000,1.670461e+00,0.000000e+00,0.000000e+00,0.000000e+00,1.670461e+00,0.000000e+00,0.000000e+00,0.000000e+00,1.943721e+00
70400000000,/,drone1,1,-1,world,-3.662601,0.067793,0.000000,3.718798e-01,0.000000e+00,0.000000e+00,0.000000e+00,3.718798e-01,0.000000e+00,0.000000e+00,0.000000e+00,1.227460e+00
70400000000,/,drone1,2,-1,world,6.096703,-5.416989,0.000000,1.757999e+00,0.000000e+00,0.000000e+00,0.000000e+00,1.757999e+00,0.000000e+00,0.000000e+00,0.000000e+00,1.955868e+00
70484000000,/,drone1,1,-1,world,-3.675606,0.070123,0.000000,3.956695e-01,0.000000e+00,0.000000e+00,0.000000e+00,3.956695e-01,0.000000e+00,0.000000e+00,0.000000e+00,1.297239e+00
70484000000,/,drone1,2,-1,world,6.095048,-5.409509,0.000000,1.793558e+00,0.000000e+00,0.000000e+00,0.000000e+00,1.793558e+00,0.000000e+00,0.000000e+00,0.000000e+00,1.960461e+00
70552000000,/,drone1,1,-1,world,-3.681129,0.071113,0.000000,4.057721e-01,0.000000e+00,0.000000e+00,0.000000e+00,4.057721e-01,0.000000e+00,0.000000e+00,0.000000e+00,1.326590e+00
70552000000,/,drone1,2,-1,world,6.092460,-5.401981,0.000000,1.835454e+00,0.000000e+00,0.000000e+00,0.000000e+00,1.835454e+00,0.000000e+00,0.000000e+00,0.000000e+00,1.966951e+00
70600000000,/,drone1,1,-1,world,-3.683706,0.071575,0.000000,4.104865e-01,0.000000e+00,0.000000e+00,0.000000e+00,4.104865e-01,0.000000e+00,0.000000e+00,0.000000e+00,1.340230e+00
70600000000,/,drone1,2,-1,world,6.091314,-5.398656,0.000000,1.853945e+00,0.000000e+00,0.000000e+00,0.000000e+00,1.853945e+00,0.000000e+00,0.000000e+00,0.000000e+00,1.969727e+00
70676000000,/,drone1,1,-1,world,-3.684954,0.071798,0.000000,4.127691e-01,0.000000e+00,0.000000e+00,0.000000e+00,4.127691e-01,0.000000e+00,0.000000e+00,0.000000e+00,1.346821e+00
70676000000,/,drone1,2,-1,world,6.097518,-5.408603,0.000000,1.624414e+00,0.000000e+00,0.000000e+00,0.000000e+00,1.624414e+00,0.000000e+00,0.000000e+00,0.000000e+00,1.909779e+00
70728000000,/,drone1,1,-1,world,-3.685568,0.071908,0.000000,4.138929e-01,0.000000e+00,0.000000e+00,0.000000e+00,4.138929e-01,0.000000e+00,0.000000e+00,0.000000e+00,1.350063e+00
70728000000,/,drone1,2,-1,world,6.103573,-5.418712,0.000000,1.399415e+00,0.000000e+00,0.000000e+00,0.000000e+00,1.399415e+00,0.000000e+00,0.000000e+00,0.000000e+00,1.837190e+00
70808000000,/,drone1,1,-1,world,-3.685873,0.071963,0.000000,4.144504e-01,0.000000e+00,0.000000e+00,0.000000e+00,4.144504e-01,0.000000e+00,0.000000e+00,0.000000e+00,1.351671e+00
70808000000,/,drone1,2,-1,world,6.109406,-5.429073,0.000000,1.181050e+00,0.000000e+00,0.000000e+00,0.000000e+00,1.181050e+00,0.000000e+00,0.000000e+00,0.000000e+00,1.748518e+00
70888000000,/,drone1,1,-1,world,-3.686025,0.071990,0.000000,4.147281e-01,0.000000e+00,0.000000e+00,0.000000e+00,4.147281e-01,0.000000e+00,0.000000e+00,0.000000e+00,1.352472e+00
70888000000,/,drone1,2,-1,world,6.111573,-5.443783,0.000000,1.016467e+00,0.000000e+00,0.000000e+00,0.000000e+00,1.016467e+00,0.000000e+00,0.000000e+00,0.000000e+00,1.663873e+00
70920000000,/,drone1,1,-1,world,-3.686100,0.072004,0.000000,4.148667e-01,0.000000e+00,0.000000e+00,0.000000e+00,4.148667e-01,0.000000e+00,0.000000e+00,0.000000e+00,1.352871e+00
70920000000,/,drone1,2,-1,world,6.113696,-5.458811,0.000000,8.548315e-01,0.000000e+00,0.000000e+00,0.000000e+00,8.548315e-01,0.000000e+00,0.000000e+00,0.000000e+00,1.561405e+00
70984000000,/,drone1,1,-1,world,-3.686138,0.072011,0.000000,4.149360e-01,0.000000e+00,0.000000e+00,0.000000e+00,4.149360e-01,0.000000e+00,0.000000e+00,0.000000e+00,1.353071e+00
70984000000,/,drone1,2,-1,world,6.115738,-5.474293,0.000000,6.987126e-01,0.000000e+00,0.000000e+00,0.000000e+00,6.987126e-01,0.000000e+00,0.000000e+00,0.000000e+00,1.437205e+00
71040000000,/,drone1,1,-1,world,-3.686157,0.072014,0.000000,4.149706e-01,0.000000e+00,0.000000e+00,0.000000e+00,4.149706e-01,0.000000e+00,0.000000e+00,0.000000e+00,1.353170e+00
71040000000,/,drone1,2,-1,world,6.117724,-5.475998,0.000000,5.560554e-01,0.000000e+00,0.000000e+00,0.000000e+00,5.560554e-01,0.000000e+00,0.000000e+00,0.000000e+00,1.290768e+00
71116000000,/,drone1,1,-1,world,-3.686167,0.072016,0.000000,4.149879e-01,0.000000e+00,0.000000e+00,0.000000e+00,4.149879e-01,0.000000e+00,0.000000e+00,0.000000e+00,1.353220e+00
71116000000,/,drone1,2,-1,world,6.118924,-5.504142,0.000000,4.399750e-01,0.000000e+00,0.000000e+00,0.000000e+00,4.399750e-01,0.000000e+00,0.000000e+00,0.000000e+00,1.138928e+00
71200000000,/,drone1,1,-1,world,-3.686171,0.072017,0.000000,4.149965e-01,0.000000e+00,0.000000e+00,0.000000e+00,4.149965e-01,0.000000e+00,0.000000e+00,0.000000e+00,1.353245e+00
71200000000,/,drone1,2,-1,world,6.120392,-5.530617,0.000000,3.407546e-01,0.000000e+00,0.000000e+00,0.000000e+00,3.407546e-01,0.000000e+00,0.000000e+00,0.000000e+00,9.700616e-01
71292000000,/,drone1,1,-1,world,-3.686174,0.072017,0.000000,4.150009e-01,0.000000e+00,0.000000e+00,0.000000e+00,4.150009e-01,0.000000e+00,0.000000e+00,0.000000e+00,1.353258e+00
71292000000,/,drone1,2,-1,world,6.126439,-5.593279,0.000000,3.047152e-01,0.000000e+00,0.000000e+00,0.000000e+00,3.047152e-01,0.000000e+00,0.000000e+00,0.000000e+00,9.172007e-01
71364000000,/,drone1,1,-1,world,-3.686175,0.072017,0.000000,4.150030e-01,0.000000e+00,0.000000e+00,0.000000e+00,4.150030e-01,0.000000e+00,0.000000e+00,0.000000e+00,1.353264e+00
71364000000,/,drone1,2,-1,world,6.128562,-5.616369,0.000000,2.926012e-01,0.000000e+00,0.000000e+00,0.000000e+00,2.926012e-01,0.000000e+00,0.000000e+00,0.000000e+00,8.989014e-01
71436000000,/,drone1,1,-1,world,-3.686175,0.072017,0.000000,4.150041e-01,0.000000e+00,0.000000e+00,0.000000e+00,4.150041e-01,0.000000e+00,0.000000e+00,0.000000e+00,1.353267e+00
71436000000,/,drone1,2,-1,world,6.129844,-5.636065,0.000000,2.859855e-01,0.000000e+00,0.000000e+00,0.000000e+00,2.859855e-01,0.000000e+00,0.000000e+00,0.000000e+00,8.936841e-01
71512000000,/,drone1,1,-1,world,-3.686176,0.072017,0.000000,4.150046e-01,0.000000e+00,0.000000e+00,0.000000e+00,4.150046e-01,0.000000e+00,0.000000e+00,0.000000e+00,1.353268e+00
71512000000,/,drone1,2,-1,world,6.130255,-5.642584,0.000000,2.839859e-01,0.000000e+00,0.000000e+00,0.000000e+00,2.839859e-01,0.000000e+00,0.000000e+00,0.000000e+00,8.923341e-01
71600000000,/,drone1,1,-1,world,-3.686176,0.072017,0.000000,4.150049e-01,0.000000e+00,0.000000e+00,0.000000e+00,4.150049e-01,0.000000e+00,0.000000e+00,0.000000e+00,1.353269e+00
71600000000,/,drone1,2,-1,world,6.087759,-5.669407,0.000000,1.897960e+00,0.000000e+00,0.000000e+00,0.000000e+00,1.897960e+00,0.000000e+00,0.000000e+00,0.000000e+00,1.978191e+00
71672000000,/,drone1,1,-1,world,-3.686176,0.072017,0.000000,4.150050e-01,0.000000e+00,0.000000e+00,0.000000e+00,4.150050e-01,0.000000e+00,0.000000e+00,0.000000e+00,1.353270e+00
71672000000,/,drone1,2,-1,world,6.090024,-5.668487,0.000000,1.814624e+00,0.000000e+00,0.000000e+00,0.000000e+00,1.814624e+00,0.000000e+00,0.000000e+00,0.000000e+00,1.958761e+00
71744000000,/,drone1,1,-1,world,-3.686176,0.072017,0.000000,4.150051e-01,0.000000e+00,0.000000e+00,0.000000e+00,4.150051e-01,0.000000e+00,0.000000e+00,0.000000e+00,1.353270e+00
71744000000,/,drone1,2,-1,world,6.092876,-5.664790,0.000000,1.512943e+00,0.000000e+00,0.000000e+00,0.000000e+00,1.512943e+00,0.000000e+00,0.000000e+00,0.000000e+00,1.865168e+00
71800000000,/,drone1,1,-1,world,-3.686176,0.072017,0.000000,4.150051e-01,0.000000e+00,0.000000e+00,0.000000e+00,4.150051e-01,0.000000e+00,0.000000e+00,0.000000e+00,1.353270e+00
71800000000,/,drone1,2,-1,world,6.097215,-5.659978,0.000000,1.284118e+00,0.000000e+00,0.000000e+00,0.000000e+00,1.284118e+00,0.000000e+00,0.000000e+00,0.000000e+00,1.777940e+00
71876000000,/,drone1,1,-1,world,-3.686176,0.072017,0.000000,4.150052e-01,0.000000e+00,0.000000e+00,0.000000e+00,4.150052e-01,0.000000e+00,0.000000e+00,0.000000e+00,1.353270e+00
71876000000,/,drone1,2,-1,world,6.100638,-5.655197,0.000000,1.056903e+00,0.000000e+00,0.000000e+00,0.000000e+00,1.056903e+00,0.000000e+00,0.000000e+00,0.000000e+00,1.665227e+00
71944000000,/,drone1,1,-1,world,-3.686176,0.072017,0.000000,4.150052e-01,0.000000e+00,0.000000e+00,0.000000e+00,4.150052e-01,0.000000e+00,0.000000e+00,0.000000e+00,1.353270e+00
71944000000,/,drone1,2,-1,world,6.105382,-5.648474,0.000000,8.474592e-01,0.000000e+00,0.000000e+00,0.000000e+00,8.474592e-01,0.000000e+00,0.000000e+00,0.000000e+00,1.529233e+00
72016000000,/,drone1,1,-1,world,-3.686176,0.072017,0.000000,4.150052e-01,0.000000e+00,0.000000e+00,0.000000e+00,4.150052e-01,0.000000e+00,0.000000e+00,0.000000e+00,1.353270e+00
72016000000,/,drone1,2,-1,world,6.109520,-5.642987,0.000000,6.465147e-01,0.000000e+00,0.000000e+00,0.000000e+00,6.465147e-01,0.000000e+00,0.000000e+00,0.000000e+00,1.355219e+00
72100000000,/,drone1,1,-1,world,-3.686176,0.072017,0.000000,4.150052e-01,0.000000e+00,0.000000e+00,0.000000e+00,4.150052e-01,0.000000e+00,0.000000e+00,0.000000e+00,1.353270e+00
72100000000,/,drone1,2,-1,world,6.114064,-5.639043,0.000000,4.747512e-01,0.000000e+00,0.000000e+00,0.000000e+00,4.747512e-01,0.000000e+00,0.000000e+00,0.000000e+00,1.153321e+00
72140000000,/,drone1,1,-1,world,-3.686176,0.072017,0.000000,4.150052e-01,0.000000e+00,0.000000e+00,0.000000e+00,4.150052e-01,0.000000e+00,0.000000e+00,0.000000e+00,1.353270e+00
72140000000,/,drone1,2,-1,world,6.117826,-5.638031,0.000000,3.413147e-01,0.000000e+00,0.000000e+00,0.000000e+00,3.413147e-01,0.000000e+00,0.000000e+00,0.000000e+00,9.471324e-01
72204000000,/,drone1,1,-1,world,-3.686176,0.072017,0.000000,4.150052e-01,0.000000e+00,0.000000e+00,0.000000e+00,4.150052e-01,0.000000e+00,0.000000e+00,0.000000e+00,1.353270e+00
72204000000,/,drone1,2,-1,world,6.125050,-5.649325,0.000000,2.902703e-01,0.000000e+00,0.000000e+00,0.000000e+00,2.902703e-01,0.000000e+00,0.000000e+00,0.000000e+00,8.780842e-01
72292000000,/,drone1,1,-1,world,-3.686176,0.072017,0.000000,4.150052e-01,0.000000e+00,0.000000e+00,0.000000e+00,4.150052e-01,0.000000e+00,0.000000e+00,0.000000e+00,1.353270e+00
72292000000,/,drone1,2,-1,world,6.120019,-5.648399,0.000000,2.569880e-01,0.000000e+00,0.000000e+00,0.000000e+00,2.569880e-01,0.000000e+00,0.000000e+00,0.000000e+00,7.920522e-01
72364000000,/,drone1,1,-1,world,-3.686176,0.072017,0.000000,4.150052e-01,0.000000e+00,0.000000e+00,0.000000e+00,4.150052e-01,0.000000e+00,0.000000e+00,0.000000e+00,1.353270e+00
72364000000,/,drone1,2,-1,world,6.121458,-5.648647,0.000000,2.517275e-01,0.000000e+00,0.000000e+00,0.000000e+00,2.517275e-01,0.000000e+00,0.000000e+00,0.000000e+00,7.747374e-01
72416000000,/,drone1,1,-1,world,-3.686176,0.072017,0.000000,4.150052e-01,0.000000e+00,0.000000e+00,0.000000e+00,4.150052e-01,0.000000e+00,0.000000e+00,0.000000e+00,1.353270e+00
72416000000,/,drone1,2,-1,world,6.120860,-5.654860,0.000000,2.495456e-01,0.000000e+00,0.000000e+00,0.000000e+00,2.495456e-01,0.000000e+00,0.000000e+00,0.000000e+00,7.705543e-01
72500000000,/,drone1,1,-1,world,-3.686176,0.072017,0.000000,4.150052e-01,0.000000e+00,0.000000e+00,0.000000e+00,4.150052e-01,0.000000e+00,0.000000e+00,0.000000e+00,1.353270e+00
72500000000,/,drone1,2,-1,world,6.123996,-5.666647,0.000000,2.765334e-01,0.000000e+00,0.000000e+00,0.000000e+00,2.765334e-01,0.000000e+00,0.000000e+00,0.000000e+00,8.421816e-01
72568000000,/,drone1,1,-1,world,-3.686176,0.072017,0.000000,4.150052e-01,0.000000e+00,0.000000e+00,0.000000e+00,4.150052e-01,0.000000e+00,0.000000e+00,0.000000e+00,1.353270e+00
72568000000,/,drone1,2,-1,world,6.124178,-5.666877,0.000000,2.775783e-01,0.000000e+00,0.000000e+00,0.000000e+00,2.775783e-01,0.000000e+00,0.000000e+00,0.000000e+00,8.529427e-01
72636000000,/,drone1,1,-1,world,-3.686176,0.072017,0.000000,4.150052e-01,0.000000e+00,0.000000e+00,0.000000e+00,4.150052e-01,0.000000e+00,0.000000e+00,0.000000e+00,1.353270e+00
72636000000,/,drone1,2,-1,world,6.125248,-5.668250,0.000000,2.763063e-01,0.000000e+00,0.000000e+00,0.000000e+00,2.763063e-01,0.000000e+00,0.000000e+00,0.000000e+00,8.599725e-01
72728000000,/,drone1,1,-1,world,-3.686176,0.072017,0.000000,4.150052e-01,0.000000e+00,0.000000e+00,0.000000e+00,4.150052e-01,0.000000e+00,0.000000e+00,0.000000e+00,1.353270e+00
72728000000,/,drone1,2,-1,world,6.118461,-5.663027,0.000000,2.543335e-01,0.000000e+00,0.000000e+00,0.000000e+00,2.543335e-01,0.000000e+00,0.000000e+00,0.000000e+00,7.836280e-01
72788000000,/,drone1,1,-1,world,-3.686176,0.072017,0.000000,4.150052e-01,0.000000e+00,0.000000e+00,0.000000e+00,4.150052e-01,0.000000e+00,0.000000e+00,0.000000e+00,1.353270e+00
72788000000,/,drone1,2,-1,world,6.117778,-5.661600,0.000000,2.496927e-01,0.000000e+00,0.000000e+00,0.000000e+00,2.496927e-01,0.000000e+00,0.000000e+00,0.000000e+00,7.745551e-01
72868000000,/,drone1,1,-1,world,-3.686176,0.072017,0.000000,4.150052e-01,0.000000e+00,0.000000e+00,0.000000e+00,4.150052e-01,0.000000e+00,0.000000e+00,0.000000e+00,1.353270e+00
72868000000,/,drone1,2,-1,world,6.117669,-5.661406,0.000000,2.488647e-01,0.000000e+00,0.000000e+00,0.000000e+00,2.488647e-01,0.000000e+00,0.000000e+00,0.000000e+00,7.731897e-01
72932000000,/,drone1,1,-1,world,-3.686176,0.072017,0.000000,4.150052e-01,0.000000e+00,0.000000e+00,0.000000e+00,4.150052e-01,0.000000e+00,0.000000e+00,0.000000e+00,1.353270e+00
72932000000,/,drone1,2,-1,world,6.117360,-5.662675,0.000000,2.489013e-01,0.000000e+00,0.000000e+00,0.000000e+00,2.489013e-01,0.000000e+00,0.000000e+00,0.000000e+00,7.731403e-01
73032000000,/,drone1,1,-1,world,-3.686176,0.072017,0.000000,4.150052e-01,0.000000e+00,0.000000e+00,0.000000e+00,4.150052e-01,0.000000e+00,0.000000e+00,0.000000e+00,1.353270e+00
73032000000,/,drone1,2,-1,world,6.117461,-5.662468,0.000000,2.489669e-01,0.000000e+00,0.000000e+00,0.000000e+00,2.489669e-01,0.000000e+00,0.000000e+00,0.000000e+00,7.716358e-01
73100000000,/,drone1,1,-1,world,-3.686176,0.072017,0.000000,4.150052e-01,0.000000e+00,0.000000e+00,0.000000e+00,4.150052e-01,0.000000e+00,0.000000e+00,0.000000e+00,1.353270e+00
73100000000,/,drone1,2,-1,world,6.117484,-5.662427,0.000000,2.489870e-01,0.000000e+00,0.000000e+00,0.000000e+00,2.489870e-01,0.000000e+00,0.000000e+00,0.000000e+00,7.713336e-01
73196000000,/,drone1,1,-1,world,-3.686176,0.072017,0.000000,4.150052e-01,0.000000e+00,0.000000e+00,0.000000e+00,4.150052e-01,0.000000e+00,0.000000e+00,0.000000e+00,1.353270e+00
73196000000,/,drone1,2,-1,world,6.124265,-5.670838,0.000000,2.731863e-01,0.000000e+00,0.000000e+00,0.000000e+00,2.731863e-01,0.000000e+00,0.000000e+00,0.000000e+00,8.534327e-01
73252000000,/,drone1,1,-1,world,-3.686176,0.072017,0.000000,4.150052e-01,0.000000e+00,0.000000e+00,0.000000e+00,4.150052e-01,0.000000e+00,0.000000e+00,0.000000e+00,1.353270e+00
73252000000,/,drone1,2,-1,world,6.125158,-5.671029,0.000000,2.757010e-01,0.000000e+00,0.000000e+00,0.000000e+00,2.757010e-01,0.000000e+00,0.000000e+00,0.000000e+00,8.622076e-01
73328000000,/,drone1,1,-1,world,-3.686176,0.072017,0.000000,4.150052e-01,0.000000e+00,0.000000e+00,0.000000e+00,4.150052e-01,0.000000e+00,0.000000e+00,0.000000e+00,1.353270e+00
73328000000,/,drone1,2,-1,world,6.119247,-5.663932,0.000000,2.547771e-01,0.000000e+00,0.000000e+00,0.000000e+00,2.547771e-01,0.000000e+00,0.000000e+00,0.000000e+00,7.908817e-01
73400000000,/,drone1,1,-1,world,-3.686176,0.072017,0.000000,4.150052e-01,0.000000e+00,0.000000e+00,0.000000e+00,4.150052e-01,0.000000e+00,0.000000e+00,0.000000e+00,1.353270e+00
73400000000,/,drone1,2,-1,world,6.124451,-5.670723,0.000000,2.735963e-01,0.000000e+00,0.000000e+00,0.000000e+00,2.735963e-01,0.000000e+00,0.000000e+00,0.000000e+00,8.548813e-01
73500000000,/,drone1,1,-1,world,-3.686176,0.072017,0.000000,4.150052e-01,0.000000e+00,0.000000e+00,0.000000e+00,4.150052e-01,0.000000e+00,0.000000e+00,0.000000e+00,1.353270e+00
73500000000,/,drone1,2,-1,world,6.125193,-5.670985,0.000000,2.757624e-01,0.000000e+00,0.000000e+00,0.000000e+00,2.757624e-01,0.000000e+00,0.000000e+00,0.000000e+00,8.624304e-01
73580000000,/,drone1,1,-1,world,-3.686176,0.072017,0.000000,4.150052e-01,0.000000e+00,0.000000e+00,0.000000e+00,4.150052e-01,0.000000e+00,0.000000e+00,0.000000e+00,1.353270e+00
73580000000,/,drone1,2,-1,world,6.125333,-5.670938,0.000000,2.760987e-01,0.000000e+00,0.000000e+00,0.000000e+00,2.760987e-01,0.000000e+00,0.000000e+00,0.000000e+00,8.636256e-01
73656000000,/,drone1,1,-1,world,-3.686176,0.072017,0.000000,4.150052e-01,0.000000e+00,0.000000e+00,0.000000e+00,4.150052e-01,0.000000e+00,0.000000e+00,0.000000e+00,1.353270e+00
73656000000,/,drone1,2,-1,world,6.100952,-5.653522,0.000000,2.911562e-01,0.000000e+00,0.000000e+00,0.000000e+00,2.911562e-01,0.000000e+00,0.000000e+00,0.000000e+00,8.818429e-01
73724000000,/,drone1,1,-1,world,-3.686176,0.072017,0.000000,4.150052e-01,0.000000e+00,0.000000e+00,0.000000e+00,4.150052e-01,0.000000e+00,0.000000e+00,0.000000e+00,1.353270e+00
73724000000,/,drone1,2,-1,world,6.097053,-5.650605,0.000000,2.934062e-01,0.000000e+00,0.000000e+00,0.000000e+00,2.934062e-01,0.000000e+00,0.000000e+00,0.000000e+00,8.841703e-01
73800000000,/,drone1,1,-1,world,-3.686176,0.072017,0.000000,4.150052e-01,0.000000e+00,0.000000e+00,0.000000e+00,4.150052e-01,0.000000e+00,0.000000e+00,0.000000e+00,1.353270e+00
73800000000,/,drone1,2,-1,world,6.099820,-5.652008,0.000000,2.695336e-01,0.000000e+00,0.000000e+00,0.000000e+00,2.695336e-01,0.000000e+00,0.000000e+00,0.000000e+00,8.470175e-01
73900000000,/,drone1,1,-1,world,-3.686176,0.072017,0.000000,4.150052e-01,0.000000e+00,0.000000e+00,0.000000e+00,4.150052e-01,0.000000e+00,0.000000e+00,0.000000e+00,1.353270e+00
73900000000,/,drone1,2,-1,world,6.098615,-5.635285,0.000000,2.751081e-01,0.000000e+00,0.000000e+00,0.000000e+00,2.751081e-01,0.000000e+00,0.000000e+00,0.000000e+00,8.579138e-01
73980000000,/,drone1,1,-1,world,-3.686176,0.072017,0.000000,4.150052e-01,0.000000e+00,0.000000e+00,0.000000e+00,4.150052e-01,0.000000e+00,0.000000e+00,0.000000e+00,1.353270e+00
73980000000,/,drone1,2,-1,world,6.098457,-5.633254,0.000000,2.757824e-01,0.000000e+00,0.000000e+00,0.000000e+00,2.757824e-01,0.000000e+00,0.000000e+00,0.000000e+00,8.592308e-01
74056000000,/,drone1,1,-1,world,-3.686176,0.072017,0.000000,4.150052e-01,0.000000e+00,0.000000e+00,0.000000e+00,4.150052e-01,0.000000e+00,0.000000e+00,0.000000e+00,1.353270e+00
74056000000,/,drone1,2,-1,world,6.097959,-5.632385,0.000000,2.650784e-01,0.000000e+00,0.000000e+00,0.000000e+00,2.650784e-01,0.000000e+00,0.000000e+00,0.000000e+00,8.330271e-01
74132000000,/,drone1,1,-1,world,-3.686176,0.072017,0.000000,4.150052e-01,0.000000e+00,0.000000e+00,0.000000e+00,4.150052e-01,0.000000e+00,0.000000e+00,0.000000e+00,1.353270e+00
74132000000,/,drone1,2,-1,world,6.097580,-5.643001,0.000000,2.528692e-01,0.000000e+00,0.000000e+00,0.000000e+00,2.528692e-01,0.000000e+00,0.000000e+00,0.000000e+00,8.109760e-01
74200000000,/,drone1,1,-1,world,-3.689111,-0.107009,0.000000,1.615548e+00,0.000000e+00,0.000000e+00,0.000000e+00,1.615548e+00,0.000000e+00,0.000000e+00,0.000000e+00,1.942167e+00
74200000000,/,drone1,2,-1,world,6.113045,-5.658511,0.000000,2.750366e-01,0.000000e+00,0.000000e+00,0.000000e+00,2.750366e-01,0.000000e+00,0.000000e+00,0.000000e+00,8.747716e-01
74284000000,/,drone1,1,-1,world,-3.694022,-0.082178,0.000000,1.297472e+00,0.000000e+00,0.000000e+00,0.000000e+00,1.297472e+00,0.000000e+00,0.000000e+00,0.000000e+00,1.848853e+00
74284000000,/,drone1,2,-1,world,6.099193,-5.648530,0.000000,2.535366e-01,0.000000e+00,0.000000e+00,0.000000e+00,2.535366e-01,0.000000e+00,0.000000e+00,0.000000e+00,8.162294e-01
74328000000,/,drone1,1,-1,world,-3.701372,-0.071056,0.000000,1.008224e+00,0.000000e+00,0.000000e+00,0.000000e+00,1.008224e+00,0.000000e+00,0.000000e+00,0.000000e+00,1.714356e+00
74328000000,/,drone1,2,-1,world,6.088248,-5.621032,0.000000,2.341305e-01,0.000000e+00,0.000000e+00,0.000000e+00,2.341305e-01,0.000000e+00,0.000000e+00,0.000000e+00,7.525077e-01
74416000000,/,drone1,1,-1,world,-3.699975,-0.038177,0.000000,8.024583e-01,0.000000e+00,0.000000e+00,0.000000e+00,8.024583e-01,0.000000e+00,0.000000e+00,0.000000e+00,1.612446e+00
74416000000,/,drone1,2,-1,world,6.112494,-5.662711,0.000000,2.723314e-01,0.000000e+00,0.000000e+00,0.000000e+00,2.723314e-01,0.000000e+00,0.000000e+00,0.000000e+00,8.667318e-01
74500000000,/,drone1,1,-1,world,-3.698612,-0.010028,0.000000,6.318446e-01,0.000000e+00,0.000000e+00,0.000000e+00,6.318446e-01,0.000000e+00,0.000000e+00,0.000000e+00,1.496220e+00
74500000000,/,drone1,2,-1,world,6.100809,-5.657251,0.000000,2.518424e-01,0.000000e+00,0.000000e+00,0.000000e+00,2.518424e-01,0.000000e+00,0.000000e+00,0.000000e+00,8.080651e-01
74564000000,/,drone1,1,-1,world,-3.697301,0.011780,0.000000,5.081098e-01,0.000000e+00,0.000000e+00,0.000000e+00,5.081098e-01,0.000000e+00,0.000000e+00,0.000000e+00,1.384363e+00
74564000000,/,drone1,2,-1,world,6.114184,-5.668059,0.000000,2.732470e-01,0.000000e+00,0.000000e+00,0.000000e+00,2.732470e-01,0.000000e+00,0.000000e+00,0.000000e+00,8.701493e-01
74636000000,/,drone1,1,-1,world,-3.696136,0.026219,0.000000,4.359891e-01,0.000000e+00,0.000000e+00,0.000000e+00,4.359891e-01,0.000000e+00,0.000000e+00,0.000000e+00,1.305023e+00
74636000000,/,drone1,2,-1,world,6.101155,-5.658317,0.000000,2.520325e-01,0.000000e+00,0.000000e+00,0.000000e+00,2.520325e-01,0.000000e+00,0.000000e+00,0.000000e+00,8.087673e-01
74704000000,/,drone1,1,-1,world,-3.694234,0.036818,0.000000,4.059953e-01,0.000000e+00,0.000000e+00,0.000000e+00,4.059953e-01,0.000000e+00,0.000000e+00,0.000000e+00,1.269547e+00
74704000000,/,drone1,2,-1,world,6.099473,-5.657478,0.000000,2.484736e-01,0.000000e+00,0.000000e+00,0.000000e+00,2.484736e-01,0.000000e+00,0.000000e+00,0.000000e+00,7.974930e-01
74780000000,/,drone1,1,-1,world,-3.693374,0.041443,0.000000,3.947505e-01,0.000000e+00,0.000000e+00,0.000000e+00,3.947505e-01,0.000000e+00,0.000000e+00,0.000000e+00,1.256598e+00
74780000000,/,drone1,2,-1,world,6.114622,-5.668760,0.000000,2.730812e-01,0.000000e+00,0.000000e+00,0.000000e+00,2.730812e-01,0.000000e+00,0.000000e+00,0.000000e+00,8.687934e-01
74848000000,/,drone1,1,-1,world,-3.767307,0.028463,0.000000,4.187441e-01,0.000000e+00,0.000000e+00,0.000000e+00,4.187441e-01,0.000000e+00,0.000000e+00,0.000000e+00,1.427446e+00
74848000000,/,drone1,2,-1,world,6.120322,-5.714825,0.000000,3.696197e-01,0.000000e+00,0.000000e+00,0.000000e+00,3.696197e-01,0.000000e+00,0.000000e+00,0.000000e+00,1.259904e+00
74912000000,/,drone1,1,-1,world,-3.786669,0.024539,0.000000,4.244527e-01,0.000000e+00,0.000000e+00,0.000000e+00,4.244527e-01,0.000000e+00,0.000000e+00,0.000000e+00,1.473666e+00
74912000000,/,drone1,2,-1,world,6.119165,-5.716830,0.000000,3.743461e-01,0.000000e+00,0.000000e+00,0.000000e+00,3.743461e-01,0.000000e+00,0.000000e+00,0.000000e+00,1.284492e+00
74992000000,/,drone1,1,-1,world,-3.792915,0.023150,0.000000,4.261591e-01,0.000000e+00,0.000000e+00,0.000000e+00,4.261591e-01,0.000000e+00,0.000000e+00,0.000000e+00,1.488328e+00
74992000000,/,drone1,2,-1,world,6.117657,-5.713021,0.000000,3.769538e-01,0.000000e+00,0.000000e+00,0.000000e+00,3.769538e-01,0.000000e+00,0.000000e+00,0.000000e+00,1.253569e+00
75072000000,/,drone1,1,-1,world,-3.795032,0.022642,0.000000,4.266964e-01,0.000000e+00,0.000000e+00,0.000000e+00,4.266964e-01,0.000000e+00,0.000000e+00,0.000000e+00,1.493150e+00
75072000000,/,drone1,2,-1,world,6.128084,-5.731566,0.000000,4.113775e-01,0.000000e+00,0.000000e+00,0.000000e+00,4.113775e-01,0.000000e+00,0.000000e+00,0.000000e+00,1.400097e+00
75144000000,/,drone1,1,-1,world,-3.795760,0.022455,0.000000,4.268682e-01,0.000000e+00,0.000000e+00,0.000000e+00,4.268682e-01,0.000000e+00,0.000000e+00,0.000000e+00,1.494753e+00
75144000000,/,drone1,2,-1,world,6.119756,-5.716403,0.000000,3.854564e-01,0.000000e+00,0.000000e+00,0.000000e+00,3.854564e-01,0.000000e+00,0.000000e+00,0.000000e+00,1.280067e+00
75232000000,/,drone1,1,-1,world,-3.796012,0.022386,0.000000,4.269232e-01,0.000000e+00,0.000000e+00,0.000000e+00,4.269232e-01,0.000000e+00,0.000000e+00,0.000000e+00,1.495288e+00
75232000000,/,drone1,2,-1,world,6.117730,-5.712801,0.000000,3.792293e-01,0.000000e+00,0.000000e+00,0.000000e+00,3.792293e-01,0.000000e+00,0.000000e+00,0.000000e+00,1.251952e+00
75308000000,/,drone1,1,-1,world,-3.796099,0.022361,0.000000,4.269409e-01,0.000000e+00,0.000000e+00,0.000000e+00,4.269409e-01,0.000000e+00,0.000000e+00,0.000000e+00,1.495467e+00
75308000000,/,drone1,2,-1,world,6.128075,-5.731477,0.000000,4.116930e-01,0.000000e+00,0.000000e+00,0.000000e+00,4.116930e-01,0.000000e+00,0.000000e+00,0.000000e+00,1.399274e+00
75388000000,/,drone1,1,-1,world,-3.796130,0.022352,0.000000,4.269466e-01,0.000000e+00,0.000000e+00,0.000000e+00,4.269466e-01,0.000000e+00,0.000000e+00,0.000000e+00,1.495527e+00
75388000000,/,drone1,2,-1,world,6.119753,-5.716379,0.000000,3.855371e-01,0.000000e+00,0.000000e+00,0.000000e+00,3.855371e-01,0.000000e+00,0.000000e+00,0.000000e+00,1.279893e+00
75444000000,/,drone1,1,-1,world,-3.796140,0.022349,0.000000,4.269484e-01,0.000000e+00,0.000000e+00,0.000000e+00,4.269484e-01,0.000000e+00,0.000000e+00,0.000000e+00,1.495547e+00
75444000000,/,drone1,2,-1,world,6.117729,-5.712794,0.000000,3.792466e-01,0.000000e+00,0.000000e+00,0.000000e+00,3.792466e-01,0.000000e+00,0.000000e+00,0.000000e+00,1.251910e+00
75512000000,/,drone1,1,-1,world,-3.796144,0.022348,0.000000,4.269489e-01,0.000000e+00,0.000000e+00,0.000000e+00,4.269489e-01,0.000000e+00,0.000000e+00,0.000000e+00,1.495553e+00
75512000000,/,drone1,2,-1,world,6.137341,-5.711475,0.000000,3.792884e-01,0.000000e+00,0.000000e+00,0.000000e+00,3.792884e-01,0.000000e+00,0.000000e+00,0.000000e+00,1.259749e+00
75600000000,/,drone1,1,-1,world,-3.796145,0.022347,0.000000,4.269491e-01,0.000000e+00,0.000000e+00,0.000000e+00,4.269491e-01,0.000000e+00,0.000000e+00,0.000000e+00,1.495556e+00
75600000000,/,drone1,2,-1,world,6.141508,-5.711178,0.000000,3.792718e-01,0.000000e+00,0.000000e+00,0.000000e+00,3.792718e-01,0.000000e+00,0.000000e+00,0.000000e+00,1.261319e+00
75676000000,/,drone1,1,-1,world,-3.796145,0.022347,0.000000,4.269492e-01,0.000000e+00,0.000000e+00,0.000000e+00,4.269492e-01,0.000000e+00,0.000000e+00,0.000000e+00,1.495556e+00
75676000000,/,drone1,2,-1,world,6.144828,-5.718156,0.000000,3.737597e-01,0.000000e+00,0.000000e+00,0.000000e+00,3.737597e-01,0.000000e+00,0.000000e+00,0.000000e+00,1.276029e+00
75736000000,/,drone1,1,-1,world,-3.796146,0.022347,0.000000,4.269492e-01,0.000000e+00,0.000000e+00,0.000000e+00,4.269492e-01,0.000000e+00,0.000000e+00,0.000000e+00,1.495557e+00
75736000000,/,drone1,2,-1,world,6.146731,-5.722601,0.000000,3.770045e-01,0.000000e+00,0.000000e+00,0.000000e+00,3.770045e-01,0.000000e+00,0.000000e+00,0.000000e+00,1.299717e+00
75804000000,/,drone1,1,-1,world,-3.796146,0.022347,0.000000,4.269492e-01,0.000000e+00,0.000000e+00,0.000000e+00,4.269492e-01,0.000000e+00,0.000000e+00,0.000000e+00,1.495557e+00
75804000000,/,drone1,2,-1,world,6.146079,-5.725830,0.000000,3.837407e-01,0.000000e+00,0.000000e+00,0.000000e+00,3.837407e-01,0.000000e+00,0.000000e+00,0.000000e+00,1.329589e+00
75884000000,/,drone1,1,-1,world,-3.796146,0.022347,0.000000,4.269492e-01,0.000000e+00,0.000000e+00,0.000000e+00,4.269492e-01,0.000000e+00,0.000000e+00,0.000000e+00,1.495557e+00
75884000000,/,drone1,2,-1,world,6.144064,-5.728231,0.000000,3.897667e-01,0.000000e+00,0.000000e+00,0.000000e+00,3.897667e-01,0.000000e+00,0.000000e+00,0.000000e+00,1.352256e+00
75964000000,/,drone1,1,-1,world,-3.796146,0.022347,0.000000,4.269492e-01,0.000000e+00,0.000000e+00,0.000000e+00,4.269492e-01,0.000000e+00,0.000000e+00,0.000000e+00,1.495557e+00
75964000000,/,drone1,2,-1,world,6.143464,-5.728861,0.000000,3.913947e-01,0.000000e+00,0.000000e+00,0.000000e+00,3.913947e-01,0.000000e+00,0.000000e+00,0.000000e+00,1.358397e+00
76036000000,/,drone1,1,-1,world,-3.796146,0.022347,0.000000,4.269492e-01,0.000000e+00,0.000000e+00,0.000000e+00,4.269492e-01,0.000000e+00,0.000000e+00,0.000000e+00,1.495557e+00
76036000000,/,drone1,2,-1,world,6.143278,-5.729032,0.000000,3.918541e-01,0.000000e+00,0.000000e+00,0.000000e+00,3.918541e-01,0.000000e+00,0.000000e+00,0.000000e+00,1.360132e+00
76132000000,/,drone1,1,-1,world,-3.796146,0.022347,0.000000,4.269492e-01,0.000000e+00,0.000000e+00,0.000000e+00,4.269492e-01,0.000000e+00,0.000000e+00,0.000000e+00,1.495557e+00
76132000000,/,drone1,2,-1,world,6.141499,-5.730689,0.000000,3.976847e-01,0.000000e+00,0.000000e+00,0.000000e+00,3.976847e-01,0.000000e+00,0.000000e+00,0.000000e+00,1.383703e+00
76232000000,/,drone1,1,-1,world,-3.796146,0.022347,0.000000,4.269492e-01,0.000000e+00,0.000000e+00,0.000000e+00,4.269492e-01,0.000000e+00,0.000000e+00,0.000000e+00,1.495557e+00
76232000000,/,drone1,2,-1,world,6.140927,-5.731137,0.000000,3.994055e-01,0.000000e+00,0.000000e+00,0.000000e+00,3.994055e-01,0.000000e+00,0.000000e+00,0.000000e+00,1.390737e+00
76312000000,/,drone1,1,-1,world,-3.796146,0.022347,0.000000,4.269492e-01,0.000000e+00,0.000000e+00,0.000000e+00,4.269492e-01,0.000000e+00,0.000000e+00,0.000000e+00,1.495557e+00
76312000000,/,drone1,2,-1,world,6.140736,-5.731262,0.000000,3.999343e-01,0.000000e+00,0.000000e+00,0.000000e+00,3.999343e-01,0.000000e+00,0.000000e+00,0.000000e+00,1.392917e+00
76396000000,/,drone1,1,-1,world,-3.796146,0.022347,0.000000,4.269492e-01,0.000000e+00,0.000000e+00,0.000000e+00,4.269492e-01,0.000000e+00,0.000000e+00,0.000000e+00,1.495557e+00
76396000000,/,drone1,2,-1,world,6.140672,-5.731296,0.000000,4.000986e-01,0.000000e+00,0.000000e+00,0.000000e+00,4.000986e-01,0.000000e+00,0.000000e+00,0.000000e+00,1.393600e+00
76464000000,/,drone1,1,-1,world,-3.796146,0.022347,0.000000,4.269492e-01,0.000000e+00,0.000000e+00,0.000000e+00,4.269492e-01,0.000000e+00,0.000000e+00,0.000000e+00,1.495557e+00
76464000000,/,drone1,2,-1,world,6.139745,-5.736165,0.000000,4.139910e-01,0.000000e+00,0.000000e+00,0.000000e+00,4.139910e-01,0.000000e+00,0.000000e+00,0.000000e+00,1.439371e+00
76560000000,/,drone1,1,-1,world,-3.796146,0.022347,0.000000,4.269492e-01,0.000000e+00,0.000000e+00,0.000000e+00,4.269492e-01,0.000000e+00,0.000000e+00,0.000000e+00,1.495557e+00
76560000000,/,drone1,2,-1,world,6.139456,-5.737293,0.000000,4.176259e-01,0.000000e+00,0.000000e+00,0.000000e+00,4.176259e-01,0.000000e+00,0.000000e+00,0.000000e+00,1.451067e+00
76632000000,/,drone1,1,-1,world,-3.796146,0.022347,0.000000,4.269492e-01,0.000000e+00,0.000000e+00,0.000000e+00,4.269492e-01,0.000000e+00,0.000000e+00,0.000000e+00,1.495557e+00
76632000000,/,drone1,2,-1,world,6.140694,-5.732503,0.000000,4.033169e-01,0.000000e+00,0.000000e+00,0.000000e+00,4.033169e-01,0.000000e+00,0.000000e+00,0.000000e+00,1.392933e+00
76708000000,/,drone1,1,-1,world,-3.796146,0.022347,0.000000,4.269492e-01,0.000000e+00,0.000000e+00,0.000000e+00,4.269492e-01,0.000000e+00,0.000000e+00,0.000000e+00,1.495557e+00
76708000000,/,drone1,2,-1,world,6.141144,-5.730941,0.000000,3.984248e-01,0.000000e+00,0.000000e+00,0.000000e+00,3.984248e-01,0.000000e+00,0.000000e+00,0.000000e+00,1.373179e+00
76800000000,/,drone1,1,-1,world,-3.796146,0.022347,0.000000,4.269492e-01,0.000000e+00,0.000000e+00,0.000000e+00,4.269492e-01,0.000000e+00,0.000000e+00,0.000000e+00,1.495557e+00
76800000000,/,drone1,2,-1,world,6.146934,-5.744548,0.000000,3.979362e-01,0.000000e+00,0.000000e+00,0.000000e+00,3.979362e-01,0.000000e+00,0.000000e+00,0.000000e+00,1.386827e+00
76900000000,/,drone1,1,-1,world,-3.796146,0.022347,0.000000,4.269492e-01,0.000000e+00,0.000000e+00,0.000000e+00,4.269492e-01,0.000000e+00,0.000000e+00,0.000000e+00,1.495557e+00
76900000000,/,drone1,2,-1,world,6.151278,-5.736876,0.000000,3.132073e-01,0.000000e+00,0.000000e+00,0.000000e+00,3.132073e-01,0.000000e+00,0.000000e+00,0.000000e+00,1.103542e+00
76976000000,/,drone1,1,-1,world,-3.796146,0.022347,0.000000,4.269492e-01,0.000000e+00,0.000000e+00,0.000000e+00,4.269492e-01,0.000000e+00,0.000000e+00,0.000000e+00,1.495557e+00
76976000000,/,drone1,2,-1,world,6.155511,-5.723839,0.000000,2.483165e-01,0.000000e+00,0.000000e+00,0.000000e+00,2.483165e-01,0.000000e+00,0.000000e+00,0.000000e+00,8.677790e-01
77032000000,/,drone1,1,-1,world,-3.796146,0.022347,0.000000,4.269492e-01,0.000000e+00,0.000000e+00,0.000000e+00,4.269492e-01,0.000000e+00,0.000000e+00,0.000000e+00,1.495557e+00
77032000000,/,drone1,2,-1,world,6.159059,-5.703892,0.000000,1.883741e-01,0.000000e+00,0.000000e+00,0.000000e+00,1.883741e-01,0.000000e+00,0.000000e+00,0.000000e+00,6.435762e-01
77100000000,/,drone1,1,-1,world,-3.796146,0.022347,0.000000,4.269492e-01,0.000000e+00,0.000000e+00,0.000000e+00,4.269492e-01,0.000000e+00,0.000000e+00,0.000000e+00,1.495557e+00
77100000000,/,drone1,2,-1,world,6.161448,-5.699643,0.000000,1.651313e-01,0.000000e+00,0.000000e+00,0.000000e+00,1.651313e-01,0.000000e+00,0.000000e+00,0.000000e+00,5.595474e-01
77200000000,/,drone1,1,-1,world,-3.796146,0.022347,0.000000,4.269492e-01,0.000000e+00,0.000000e+00,0.000000e+00,4.269492e-01,0.000000e+00,0.000000e+00,0.000000e+00,1.495557e+00
77200000000,/,drone1,2,-1,world,6.159341,-5.680317,0.000000,2.794676e-01,0.000000e+00,0.000000e+00,0.000000e+00,2.794676e-01,0.000000e+00,0.000000e+00,0.000000e+00,8.064500e-01
77288000000,/,drone1,1,-1,world,-3.796146,0.022347,0.000000,4.269492e-01,0.000000e+00,0.000000e+00,0.000000e+00,4.269492e-01,0.000000e+00,0.000000e+00,0.000000e+00,1.495557e+00
77288000000,/,drone1,2,-1,world,6.158642,-5.677342,0.000000,2.834601e-01,0.000000e+00,0.000000e+00,0.000000e+00,2.834601e-01,0.000000e+00,0.000000e+00,0.000000e+00,8.132016e-01
77348000000,/,drone1,1,-1,world,-3.796146,0.022347,0.000000,4.269492e-01,0.000000e+00,0.000000e+00,0.000000e+00,4.269492e-01,0.000000e+00,0.000000e+00,0.000000e+00,1.495557e+00
77348000000,/,drone1,2,-1,world,6.157620,-5.672512,0.000000,2.841157e-01,0.000000e+00,0.000000e+00,0.000000e+00,2.841157e-01,0.000000e+00,0.000000e+00,0.000000e+00,8.095821e-01
77400000000,/,drone1,1,-1,world,-3.796146,0.022347,0.000000,4.269492e-01,0.000000e+00,0.000000e+00,0.000000e+00,4.269492e-01,0.000000e+00,0.000000e+00,0.000000e+00,1.495557e+00
77400000000,/,drone1,2,-1,world,6.143032,-5.677477,0.000000,2.299773e-01,0.000000e+00,0.000000e+00,0.000000e+00,2.299773e-01,0.000000e+00,0.000000e+00,0.000000e+00,7.038479e-01
77488000000,/,drone1,1,-1,world,-3.796146,0.022347,0.000000,4.269492e-01,0.000000e+00,0.000000e+00,0.000000e+00,4.269492e-01,0.000000e+00,0.000000e+00,0.000000e+00,1.495557e+00
77488000000,/,drone1,2,-1,world,6.147709,-5.695685,0.000000,1.982916e-01,0.000000e+00,0.000000e+00,0.000000e+00,1.982916e-01,0.000000e+00,0.000000e+00,0.000000e+00,6.300524e-01
77552000000,/,drone1,1,-1,world,-3.796146,0.022347,0.000000,4.269492e-01,0.000000e+00,0.000000e+00,0.000000e+00,4.269492e-01,0.000000e+00,0.000000e+00,0.000000e+00,1.495557e+00
77552000000,/,drone1,2,-1,world,6.119493,-5.575209,0.000000,3.321590e-01,0.000000e+00,0.000000e+00,0.000000e+00,3.321590e-01,0.000000e+00,0.000000e+00,0.000000e+00,1.085049e+00
77624000000,/,drone1,1,-1,world,-3.796146,0.022347,0.000000,4.269492e-01,0.000000e+00,0.000000e+00,0.000000e+00,4.269492e-01,0.000000e+00,0.000000e+00,0.000000e+00,1.495557e+00
77624000000,/,drone1,2,-1,world,6.118905,-5.576246,0.000000,3.326569e-01,0.000000e+00,0.000000e+00,0.000000e+00,3.326569e-01,0.000000e+00,0.000000e+00,0.000000e+00,1.088104e+00
77716000000,/,drone1,1,-1,world,-3.796146,0.022347,0.000000,4.269492e-01,0.000000e+00,0.000000e+00,0.000000e+00,4.269492e-01,0.000000e+00,0.000000e+00,0.000000e+00,1.495557e+00
77716000000,/,drone1,2,-1,world,6.121683,-5.580564,0.000000,3.299330e-01,0.000000e+00,0.000000e+00,0.000000e+00,3.299330e-01,0.000000e+00,0.000000e+00,0.000000e+00,1.083298e+00
77800000000,/,drone1,1,-1,world,-3.796146,0.022347,0.000000,4.269492e-01,0.000000e+00,0.000000e+00,0.000000e+00,4.269492e-01,0.000000e+00,0.000000e+00,0.000000e+00,1.495557e+00
77800000000,/,drone1,2,-1,world,6.117732,-5.568289,0.000000,3.346519e-01,0.000000e+00,0.000000e+00,0.000000e+00,3.346519e-01,0.000000e+00,0.000000e+00,0.000000e+00,1.104805e+00
77880000000,/,drone1,1,-1,world,-3.796146,0.022347,0.000000,4.269492e-01,0.000000e+00,0.000000e+00,0.000000e+00,4.269492e-01,0.000000e+00,0.000000e+00,0.000000e+00,1.495557e+00
77880000000,/,drone1,2,-1,world,6.119399,-5.569033,0.000000,3.346732e-01,0.000000e+00,0.000000e+00,0.000000e+00,3.346732e-01,0.000000e+00,0.000000e+00,0.000000e+00,1.107907e+00
77960000000,/,drone1,1,-1,world,-3.796146,0.022347,0.000000,4.269492e-01,0.000000e+00,0.000000e+00,0.000000e+00,4.269492e-01,0.000000e+00,0.000000e+00,0.000000e+00,1.495557e+00
77960000000,/,drone1,2,-1,world,6.139023,-5.599681,0.000000,3.336984e-01,0.000000e+00,0.000000e+00,0.000000e+00,3.336984e-01,0.000000e+00,0.000000e+00,0.000000e+00,1.046807e+00
78044000000,/,drone1,1,-1,world,-3.796146,0.022347,0.000000,4.269492e-01,0.000000e+00,0.000000e+00,0.000000e+00,4.269492e-01,0.000000e+00,0.000000e+00,0.000000e+00,1.495557e+00
78044000000,/,drone1,2,-1,world,6.135853,-5.596101,0.000000,3.295847e-01,0.000000e+00,0.000000e+00,0.000000e+00,3.295847e-01,0.000000e+00,0.000000e+00,0.000000e+00,1.032914e+00
78128000000,/,drone1,1,-1,world,-3.796146,0.022347,0.000000,4.269492e-01,0.000000e+00,0.000000e+00,0.000000e+00,4.269492e-01,0.000000e+00,0.000000e+00,0.000000e+00,1.495557e+00
78128000000,/,drone1,2,-1,world,6.142523,-5.602518,0.000000,3.344845e-01,0.000000e+00,0.000000e+00,0.000000e+00,3.344845e-01,0.000000e+00,0.000000e+00,0.000000e+00,1.035554e+00
78212000000,/,drone1,1,-1,world,-3.796146,0.022347,0.000000,4.269492e-01,0.000000e+00,0.000000e+00,0.000000e+00,4.269492e-01,0.000000e+00,0.000000e+00,0.000000e+00,1.495557e+00
78212000000,/,drone1,2,-1,world,6.134613,-5.587926,0.000000,3.288925e-01,0.000000e+00,0.000000e+00,0.000000e+00,3.288925e-01,0.000000e+00,0.000000e+00,0.000000e+00,1.044775e+00
78308000000,/,drone1,1,-1,world,-3.796146,0.022347,0.000000,4.269492e-01,0.000000e+00,0.000000e+00,0.000000e+00,4.269492e-01,0.000000e+00,0.000000e+00,0.000000e+00,1.495557e+00
78308000000,/,drone1,2,-1,world,6.132797,-5.584506,0.000000,3.277840e-01,0.000000e+00,0.000000e+00,0.000000e+00,3.277840e-01,0.000000e+00,0.000000e+00,0.000000e+00,1.047410e+00
78408000000,/,drone1,1,-1,world,-3.796146,0.022347,0.000000,4.269492e-01,0.000000e+00,0.000000e+00,0.000000e+00,4.269492e-01,0.000000e+00,0.000000e+00,0.000000e+00,1.495557e+00
78408000000,/,drone1,2,-1,world,6.130592,-5.576067,0.000000,3.288892e-01,0.000000e+00,0.000000e+00,0.000000e+00,3.288892e-01,0.000000e+00,0.000000e+00,0.000000e+00,1.061935e+00
78500000000,/,drone1,1,-1,world,-3.796146,0.022347,0.000000,4.269492e-01,0.000000e+00,0.000000e+00,0.000000e+00,4.269492e-01,0.000000e+00,0.000000e+00,0.000000e+00,1.495557e+00
78500000000,/,drone1,2,-1,world,6.130117,-5.574228,0.000000,3.290317e-01,0.000000e+00,0.000000e+00,0.000000e+00,3.290317e-01,0.000000e+00,0.000000e+00,0.000000e+00,1.064947e+00
78600000000,/,drone1,1,-1,world,-3.796146,0.022347,0.000000,4.269492e-01,0.000000e+00,0.000000e+00,0.000000e+00,4.269492e-01,0.000000e+00,0.000000e+00,0.000000e+00,1.495557e+00
78600000000,/,drone1,2,-1,world,6.130012,-5.573816,0.000000,3.290450e-01,0.000000e+00,0.000000e+00,0.000000e+00,3.290450e-01,0.000000e+00,0.000000e+00,0.000000e+00,1.065587e+00
78684000000,/,drone1,1,-1,world,-3.796146,0.022347,0.000000,4.269492e-01,0.000000e+00,0.000000e+00,0.000000e+00,4.269492e-01,0.000000e+00,0.000000e+00,0.000000e+00,1.495557e+00
78684000000,/,drone1,2,-1,world,6.145540,-5.627170,0.000000,3.113014e-01,0.000000e+00,0.000000e+00,0.000000e+00,3.113014e-01,0.000000e+00,0.000000e+00,0.000000e+00,9.646473e-01
78784000000,/,drone1,1,-1,world,-3.796146,0.022347,0.000000,4.269492e-01,0.000000e+00,0.000000e+00,0.000000e+00,4.269492e-01,0.000000e+00,0.000000e+00,0.000000e+00,1.495557e+00
78784000000,/,drone1,2,-1,world,6.165018,-5.638565,0.000000,2.942859e-01,0.000000e+00,0.000000e+00,0.000000e+00,2.942859e-01,0.000000e+00,0.000000e+00,0.000000e+00,9.155070e-01
78872000000,/,drone1,1,-1,world,-3.796146,0.022347,0.000000,4.269492e-01,0.000000e+00,0.000000e+00,0.000000e+00,4.269492e-01,0.000000e+00,0.000000e+00,0.000000e+00,1.495557e+00
78872000000,/,drone1,2,-1,world,6.140010,-5.669724,0.000000,2.830559e-01,0.000000e+00,0.000000e+00,0.000000e+00,2.830559e-01,0.000000e+00,0.000000e+00,0.000000e+00,8.566989e-01
78968000000,/,drone1,1,-1,world,-3.796146,0.022347,0.000000,4.269492e-01,0.000000e+00,0.000000e+00,0.000000e+00,4.269492e-01,0.000000e+00,0.000000e+00,0.000000e+00,1.495557e+00
78968000000,/,drone1,2,-1,world,6.135894,-5.674974,0.000000,2.814835e-01,0.000000e+00,0.000000e+00,0.000000e+00,2.814835e-01,0.000000e+00,0.000000e+00,0.000000e+00,8.480075e-01
79036000000,/,drone1,1,-1,world,-3.796146,0.022347,0.000000,4.269492e-01,0.000000e+00,0.000000e+00,0.000000e+00,4.269492e-01,0.000000e+00,0.000000e+00,0.000000e+00,1.495557e+00
79036000000,/,drone1,2,-1,world,6.135293,-5.675752,0.000000,2.812890e-01,0.000000e+00,0.000000e+00,0.000000e+00,2.812890e-01,0.000000e+00,0.000000e+00,0.000000e+00,8.468342e-01
79112000000,/,drone1,1,-1,world,-3.796146,0.022347,0.000000,4.269492e-01,0.000000e+00,0.000000e+00,0.000000e+00,4.269492e-01,0.000000e+00,0.000000e+00,0.000000e+00,1.495557e+00
79112000000,/,drone1,2,-1,world,6.133953,-5.686004,0.000000,2.779380e-01,0.000000e+00,0.000000e+00,0.000000e+00,2.779380e-01,0.000000e+00,0.000000e+00,0.000000e+00,8.303533e-01
79200000000,/,drone1,1,-1,world,-3.796146,0.022347,0.000000,4.269492e-01,0.000000e+00,0.000000e+00,0.000000e+00,4.269492e-01,0.000000e+00,0.000000e+00,0.000000e+00,1.495557e+00
79200000000,/,drone1,2,-1,world,6.156953,-5.693731,0.000000,2.553728e-01,0.000000e+00,0.000000e+00,0.000000e+00,2.553728e-01,0.000000e+00,0.000000e+00,0.000000e+00,7.671153e-01
79268000000,/,drone1,1,-1,world,-3.796146,0.022347,0.000000,4.269492e-01,0.000000e+00,0.000000e+00,0.000000e+00,4.269492e-01,0.000000e+00,0.000000e+00,0.000000e+00,1.495557e+00
79268000000,/,drone1,2,-1,world,6.137105,-5.690150,0.000000,2.762184e-01,0.000000e+00,0.000000e+00,0.000000e+00,2.762184e-01,0.000000e+00,0.000000e+00,0.000000e+00,8.186327e-01
79356000000,/,drone1,1,-1,world,-3.796146,0.022347,0.000000,4.269492e-01,0.000000e+00,0.000000e+00,0.000000e+00,4.269492e-01,0.000000e+00,0.000000e+00,0.000000e+00,1.495557e+00
79356000000,/,drone1,2,-1,world,6.157535,-5.694484,0.000000,2.550437e-01,0.000000e+00,0.000000e+00,0.000000e+00,2.550437e-01,0.000000e+00,0.000000e+00,0.000000e+00,7.650829e-01
79444000000,/,drone1,1,-1,world,-3.796146,0.022347,0.000000,4.269492e-01,0.000000e+00,0.000000e+00,0.000000e+00,4.269492e-01,0.000000e+00,0.000000e+00,0.000000e+00,1.495557e+00
79444000000,/,drone1,2,-1,world,6.137159,-5.690248,0.000000,2.761982e-01,0.000000e+00,0.000000e+00,0.000000e+00,2.761982e-01,0.000000e+00,0.000000e+00,0.000000e+00,8.184296e-01
79536000000,/,drone1,1,-1,world,-3.796146,0.022347,0.000000,4.269492e-01,0.000000e+00,0.000000e+00,0.000000e+00,4.269492e-01,0.000000e+00,0.000000e+00,0.000000e+00,1.495557e+00
79536000000,/,drone1,2,-1,world,6.135569,-5.694115,0.000000,2.773207e-01,0.000000e+00,0.000000e+00,0.000000e+00,2.773207e-01,0.000000e+00,0.000000e+00,0.000000e+00,8.205803e-01
79644000000,/,drone1,1,-1,world,-3.796146,0.022347,0.000000,4.269492e-01,0.000000e+00,0.000000e+00,0.000000e+00,4.269492e-01,0.000000e+00,0.000000e+00,0.000000e+00,1.495557e+00
79644000000,/,drone1,2,-1,world,6.135342,-5.694686,0.000000,2.774634e-01,0.000000e+00,0.000000e+00,0.000000e+00,2.774634e-01,0.000000e+00,0.000000e+00,0.000000e+00,8.208387e-01
79748000000,/,drone1,1,-1,world,-3.796146,0.022347,0.000000,4.269492e-01,0.000000e+00,0.000000e+00,0.000000e+00,4.269492e-01,0.000000e+00,0.000000e+00,0.000000e+00,1.495557e+00
79748000000,/,drone1,2,-1,world,6.134378,-5.694684,0.000000,2.779813e-01,0.000000e+00,0.000000e+00,0.000000e+00,2.779813e-01,0.000000e+00,0.000000e+00,0.000000e+00,8.193193e-01
79848000000,/,drone1,1,-1,world,-3.796146,0.022347,0.000000,4.269492e-01,0.000000e+00,0.000000e+00,0.000000e+00,4.269492e-01,0.000000e+00,0.000000e+00,0.000000e+00,1.495557e+00
79848000000,/,drone1,2,-1,world,6.134499,-5.695833,0.000000,2.780202e-01,0.000000e+00,0.000000e+00,0.000000e+00,2.780202e-01,0.000000e+00,0.000000e+00,0.000000e+00,8.185376e-01
79944000000,/,drone1,1,-1,world,-3.796146,0.022347,0.000000,4.269492e-01,0.000000e+00,0.000000e+00,0.000000e+00,4.269492e-01,0.000000e+00,0.000000e+00,0.000000e+00,1.495557e+00
79944000000,/,drone1,2,-1,world,6.134516,-5.696010,0.000000,2.780281e-01,0.000000e+00,0.000000e+00,0.000000e+00,2.780281e-01,0.000000e+00,0.000000e+00,0.000000e+00,8.184229e-01
80052000000,/,drone1,1,-1,world,-3.796146,0.022347,0.000000,4.269492e-01,0.000000e+00,0.000000e+00,0.000000e+00,4.269492e-01,0.000000e+00,0.000000e+00,0.000000e+00,1.495557e+00
80052000000,/,drone1,2,-1,world,6.134615,-5.698044,0.000000,2.778617e-01,0.000000e+00,0.000000e+00,0.000000e+00,2.778617e-01,0.000000e+00,0.000000e+00,0.000000e+00,8.185022e-01
80140000000,/,drone1,1,-1,world,-3.796146,0.022347,0.000000,4.269492e-01,0.000000e+00,0.000000e+00,0.000000e+00,4.269492e-01,0.000000e+00,0.000000e+00,0.000000e+00,1.495557e+00
80140000000,/,drone1,2,-1,world,6.134630,-5.698374,0.000000,2.778381e-01,0.000000e+00,0.000000e+00,0.000000e+00,2.778381e-01,0.000000e+00,0.000000e+00,0.000000e+00,8.185231e-01
80224000000,/,drone1,1,-1,world,-3.796146,0.022347,0.000000,4.269492e-01,0.000000e+00,0.000000e+00,0.000000e+00,4.269492e-01,0.000000e+00,0.000000e+00,0.000000e+00,1.495557e+00
80224000000,/,drone1,2,-1,world,6.133975,-5.698169,0.000000,2.779841e-01,0.000000e+00,0.000000e+00,0.000000e+00,2.779841e-01,0.000000e+00,0.000000e+00,0.000000e+00,8.179737e-01
80320000000,/,drone1,1,-1,world,-3.796146,0.022347,0.000000,4.269492e-01,0.000000e+00,0.000000e+00,0.000000e+00,4.269492e-01,0.000000e+00,0.000000e+00,0.000000e+00,1.495557e+00
80320000000,/,drone1,2,-1,world,6.132602,-5.700052,0.000000,2.778850e-01,0.000000e+00,0.000000e+00,0.000000e+00,2.778850e-01,0.000000e+00,0.000000e+00,0.000000e+00,8.183503e-01
80404000000,/,drone1,1,-1,world,-3.796146,0.022347,0.000000,4.269492e-01,0.000000e+00,0.000000e+00,0.000000e+00,4.269492e-01,0.000000e+00,0.000000e+00,0.000000e+00,1.495557e+00
80404000000,/,drone1,2,-1,world,6.130805,-5.800969,0.000000,3.999621e-01,0.000000e+00,0.000000e+00,0.000000e+00,3.999621e-01,0.000000e+00,0.000000e+00,0.000000e+00,1.310138e+00
80500000000,/,drone1,1,-1,world,-3.796146,0.022347,0.000000,4.269492e-01,0.000000e+00,0.000000e+00,0.000000e+00,4.269492e-01,0.000000e+00,0.000000e+00,0.000000e+00,1.495557e+00
80500000000,/,drone1,2,-1,world,6.125736,-5.780174,0.000000,3.803337e-01,0.000000e+00,0.000000e+00,0.000000e+00,3.803337e-01,0.000000e+00,0.000000e+00,0.000000e+00,1.215280e+00
80596000000,/,drone1,1,-1,world,-3.796146,0.022347,0.000000,4.269492e-01,0.000000e+00,0.000000e+00,0.000000e+00,4.269492e-01,0.000000e+00,0.000000e+00,0.000000e+00,1.495557e+00
80596000000,/,drone1,2,-1,world,6.124464,-5.775120,0.000000,3.755971e-01,0.000000e+00,0.000000e+00,0.000000e+00,3.755971e-01,0.000000e+00,0.000000e+00,0.000000e+00,1.192964e+00
80688000000,/,drone1,1,-1,world,-3.796146,0.022347,0.000000,4.269492e-01,0.000000e+00,0.000000e+00,0.000000e+00,4.269492e-01,0.000000e+00,0.000000e+00,0.000000e+00,1.495557e+00
80688000000,/,drone1,2,-1,world,6.124111,-5.774872,0.000000,3.752393e-01,0.000000e+00,0.000000e+00,0.000000e+00,3.752393e-01,0.000000e+00,0.000000e+00,0.000000e+00,1.190038e+00
80768000000,/,drone1,1,-1,world,-3.796146,0.022347,0.000000,4.269492e-01,0.000000e+00,0.000000e+00,0.000000e+00,4.269492e-01,0.000000e+00,0.000000e+00,0.000000e+00,1.495557e+00
80768000000,/,drone1,2,-1,world,6.123942,-5.775167,0.000000,3.755023e-01,0.000000e+00,0.000000e+00,0.000000e+00,3.755023e-01,0.000000e+00,0.000000e+00,0.000000e+00,1.190441e+00
80852000000,/,drone1,1,-1,world,-3.796146,0.022347,0.000000,4.269492e-01,0.000000e+00,0.000000e+00,0.000000e+00,4.269492e-01,0.000000e+00,0.000000e+00,0.000000e+00,1.495557e+00
80852000000,/,drone1,2,-1,world,6.123901,-5.775231,0.000000,3.755588e-01,0.000000e+00,0.000000e+00,0.000000e+00,3.755588e-01,0.000000e+00,0.000000e+00,0.000000e+00,1.190512e+00
80932000000,/,drone1,1,-1,world,-3.796146,0.022347,0.000000,4.269492e-01,0.000000e+00,0.000000e+00,0.000000e+00,4.269492e-01,0.000000e+00,0.000000e+00,0.000000e+00,1.495557e+00
80932000000,/,drone1,2,-1,world,6.123757,-5.775260,0.000000,3.755325e-01,0.000000e+00,0.000000e+00,0.000000e+00,3.755325e-01,0.000000e+00,0.000000e+00,0.000000e+00,1.189957e+00
81012000000,/,drone1,1,-1,world,-3.796146,0.022347,0.000000,4.269492e-01,0.000000e+00,0.000000e+00,0.000000e+00,4.269492e-01,0.000000e+00,0.000000e+00,0.000000e+00,1.495557e+00
81012000000,/,drone1,2,-1,world,6.123723,-5.775268,0.000000,3.755280e-01,0.000000e+00,0.000000e+00,0.000000e+00,3.755280e-01,0.000000e+00,0.000000e+00,0.000000e+00,1.189834e+00
81100000000,/,drone1,1,-1,world,-3.824539,-0.025050,0.000000,4.499758e-01,0.000000e+00,0.000000e+00,0.000000e+00,4.499758e-01,0.000000e+00,0.000000e+00,0.000000e+00,1.587163e+00
81100000000,/,drone1,2,-1,world,6.111980,-5.781230,0.000000,3.345827e-01,0.000000e+00,0.000000e+00,0.000000e+00,3.345827e-01,0.000000e+00,0.000000e+00,0.000000e+00,1.047774e+00
81188000000,/,drone1,1,-1,world,-3.830691,-0.035252,0.000000,4.550082e-01,0.000000e+00,0.000000e+00,0.000000e+00,4.550082e-01,0.000000e+00,0.000000e+00,0.000000e+00,1.607406e+00
81188000000,/,drone1,2,-1,world,6.108714,-5.783735,0.000000,3.234679e-01,0.000000e+00,0.000000e+00,0.000000e+00,3.234679e-01,0.000000e+00,0.000000e+00,0.000000e+00,1.010332e+00
81268000000,/,drone1,1,-1,world,-3.832179,-0.037716,0.000000,4.562293e-01,0.000000e+00,0.000000e+00,0.000000e+00,4.562293e-01,0.000000e+00,0.000000e+00,0.000000e+00,1.612332e+00
81268000000,/,drone1,2,-1,world,6.108009,-5.784684,0.000000,3.212049e-01,0.000000e+00,0.000000e+00,0.000000e+00,3.212049e-01,0.000000e+00,0.000000e+00,0.000000e+00,1.003035e+00
81328000000,/,drone1,1,-1,world,-3.832548,-0.038325,0.000000,4.565323e-01,0.000000e+00,0.000000e+00,0.000000e+00,4.565323e-01,0.000000e+00,0.000000e+00,0.000000e+00,1.613556e+00
81328000000,/,drone1,2,-1,world,6.106463,-5.760793,0.000000,2.909375e-01,0.000000e+00,0.000000e+00,0.000000e+00,2.909375e-01,0.000000e+00,0.000000e+00,0.000000e+00,8.916347e-01
81412000000,/,drone1,1,-1,world,-3.832640,-0.038477,0.000000,4.566079e-01,0.000000e+00,0.000000e+00,0.000000e+00,4.566079e-01,0.000000e+00,0.000000e+00,0.000000e+00,1.613861e+00
81412000000,/,drone1,2,-1,world,6.106202,-5.754379,0.000000,2.837577e-01,0.000000e+00,0.000000e+00,0.000000e+00,2.837577e-01,0.000000e+00,0.000000e+00,0.000000e+00,8.651375e-01
81500000000,/,drone1,1,-1,world,-3.855103,-0.098696,0.000000,4.598971e-01,0.000000e+00,0.000000e+00,0.000000e+00,4.598971e-01,0.000000e+00,0.000000e+00,0.000000e+00,1.608680e+00
81500000000,/,drone1,2,-1,world,6.105465,-5.738128,0.000000,2.801674e-01,0.000000e+00,0.000000e+00,0.000000e+00,2.801674e-01,0.000000e+00,0.000000e+00,0.000000e+00,8.446848e-01
81580000000,/,drone1,1,-1,world,-3.838295,-0.053613,0.000000,4.574515e-01,0.000000e+00,0.000000e+00,0.000000e+00,4.574515e-01,0.000000e+00,0.000000e+00,0.000000e+00,1.612628e+00
81580000000,/,drone1,2,-1,world,6.106058,-5.750273,0.000000,2.818538e-01,0.000000e+00,0.000000e+00,0.000000e+00,2.818538e-01,0.000000e+00,0.000000e+00,0.000000e+00,8.567250e-01
81648000000,/,drone1,1,-1,world,-3.834077,-0.042301,0.000000,4.568378e-01,0.000000e+00,0.000000e+00,0.000000e+00,4.568378e-01,0.000000e+00,0.000000e+00,0.000000e+00,1.613628e+00
81648000000,/,drone1,2,-1,world,6.106155,-5.752393,0.000000,2.821227e-01,0.000000e+00,0.000000e+00,0.000000e+00,2.821227e-01,0.000000e+00,0.000000e+00,0.000000e+00,8.587778e-01
81728000000,/,drone1,1,-1,world,-3.833022,-0.039471,0.000000,4.566843e-01,0.000000e+00,0.000000e+00,0.000000e+00,4.566843e-01,0.000000e+00,0.000000e+00,0.000000e+00,1.613879e+00
81728000000,/,drone1,2,-1,world,6.102168,-5.804151,0.000000,2.652739e-01,0.000000e+00,0.000000e+00,0.000000e+00,2.652739e-01,0.000000e+00,0.000000e+00,0.000000e+00,8.458165e-01
81800000000,/,drone1,1,-1,world,-3.832758,-0.038763,0.000000,4.566459e-01,0.000000e+00,0.000000e+00,0.000000e+00,4.566459e-01,0.000000e+00,0.000000e+00,0.000000e+00,1.613942e+00
81800000000,/,drone1,2,-1,world,6.105537,-5.761520,0.000000,2.794683e-01,0.000000e+00,0.000000e+00,0.000000e+00,2.794683e-01,0.000000e+00,0.000000e+00,0.000000e+00,8.574347e-01
81908000000,/,drone1,1,-1,world,-3.832692,-0.038586,0.000000,4.566363e-01,0.000000e+00,0.000000e+00,0.000000e+00,4.566363e-01,0.000000e+00,0.000000e+00,0.000000e+00,1.613958e+00
81908000000,/,drone1,2,-1,world,6.090392,-5.768742,0.000000,2.910604e-01,0.000000e+00,0.000000e+00,0.000000e+00,2.910604e-01,0.000000e+00,0.000000e+00,0.000000e+00,8.698986e-01
82000000000,/,drone1,1,-1,world,-3.832676,-0.038542,0.000000,4.566339e-01,0.000000e+00,0.000000e+00,0.000000e+00,4.566339e-01,0.000000e+00,0.000000e+00,0.000000e+00,1.613962e+00
82000000000,/,drone1,2,-1,world,6.068697,-5.829310,0.000000,2.875665e-01,0.000000e+00,0.000000e+00,0.000000e+00,2.875665e-01,0.000000e+00,0.000000e+00,0.000000e+00,8.722479e-01
82080000000,/,drone1,1,-1,world,-3.832672,-0.038531,0.000000,4.566333e-01,0.000000e+00,0.000000e+00,0.000000e+00,4.566333e-01,0.000000e+00,0.000000e+00,0.000000e+00,1.613963e+00
82080000000,/,drone1,2,-1,world,6.084037,-5.780503,0.000000,2.923591e-01,0.000000e+00,0.000000e+00,0.000000e+00,2.923591e-01,0.000000e+00,0.000000e+00,0.000000e+00,8.722030e-01
82176000000,/,drone1,1,-1,world,-3.832671,-0.038528,0.000000,4.566331e-01,0.000000e+00,0.000000e+00,0.000000e+00,4.566331e-01,0.000000e+00,0.000000e+00,0.000000e+00,1.613963e+00
82176000000,/,drone1,2,-1,world,6.084420,-5.752822,0.000000,2.818743e-01,0.000000e+00,0.000000e+00,0.000000e+00,2.818743e-01,0.000000e+00,0.000000e+00,0.000000e+00,8.345615e-01
82264000000,/,drone1,1,-1,world,-3.832670,-0.038527,0.000000,4.566331e-01,0.000000e+00,0.000000e+00,0.000000e+00,4.566331e-01,0.000000e+00,0.000000e+00,0.000000e+00,1.613963e+00
82264000000,/,drone1,2,-1,world,6.084717,-5.746717,0.000000,2.799526e-01,0.000000e+00,0.000000e+00,0.000000e+00,2.799526e-01,0.000000e+00,0.000000e+00,0.000000e+00,8.274468e-01
82332000000,/,drone1,1,-1,world,-3.832670,-0.038527,0.000000,4.566331e-01,0.000000e+00,0.000000e+00,0.000000e+00,4.566331e-01,0.000000e+00,0.000000e+00,0.000000e+00,1.613963e+00
82332000000,/,drone1,2,-1,world,6.069399,-5.719813,0.000000,2.921812e-01,0.000000e+00,0.000000e+00,0.000000e+00,2.921812e-01,0.000000e+00,0.000000e+00,0.000000e+00,8.551826e-01
82404000000,/,drone1,1,-1,world,-3.832670,-0.038527,0.000000,4.566331e-01,0.000000e+00,0.000000e+00,0.000000e+00,4.566331e-01,0.000000e+00,0.000000e+00,0.000000e+00,1.613963e+00
82404000000,/,drone1,2,-1,world,6.067078,-5.716001,0.000000,2.938869e-01,0.000000e+00,0.000000e+00,0.000000e+00,2.938869e-01,0.000000e+00,0.000000e+00,0.000000e+00,8.590168e-01
82504000000,/,drone1,1,-1,world,-3.832670,-0.038527,0.000000,4.566331e-01,0.000000e+00,0.000000e+00,0.000000e+00,4.566331e-01,0.000000e+00,0.000000e+00,0.000000e+00,1.613963e+00
82504000000,/,drone1,2,-1,world,6.051260,-5.750999,0.000000,2.612640e-01,0.000000e+00,0.000000e+00,0.000000e+00,2.612640e-01,0.000000e+00,0.000000e+00,0.000000e+00,7.933426e-01
82604000000,/,drone1,1,-1,world,-3.832670,-0.038527,0.000000,4.566331e-01,0.000000e+00,0.000000e+00,0.000000e+00,4.566331e-01,0.000000e+00,0.000000e+00,0.000000e+00,1.613963e+00
82604000000,/,drone1,2,-1,world,6.064658,-5.797331,0.000000,4.087224e-01,0.000000e+00,0.000000e+00,0.000000e+00,4.087224e-01,0.000000e+00,0.000000e+00,0.000000e+00,1.396657e+00
82700000000,/,drone1,1,-1,world,-3.832670,-0.038527,0.000000,4.566331e-01,0.000000e+00,0.000000e+00,0.000000e+00,4.566331e-01,0.000000e+00,0.000000e+00,0.000000e+00,1.613963e+00
82700000000,/,drone1,2,-1,world,6.049219,-5.793097,0.000000,3.106108e-01,0.000000e+00,0.000000e+00,0.000000e+00,3.106108e-01,0.000000e+00,0.000000e+00,0.000000e+00,1.066524e+00
82788000000,/,drone1,1,-1,world,-3.832670,-0.038527,0.000000,4.566331e-01,0.000000e+00,0.000000e+00,0.000000e+00,4.566331e-01,0.000000e+00,0.000000e+00,0.000000e+00,1.613963e+00
82788000000,/,drone1,2,-1,world,6.045797,-5.794799,0.000000,2.688423e-01,0.000000e+00,0.000000e+00,0.000000e+00,2.688423e-01,0.000000e+00,0.000000e+00,0.000000e+00,9.295405e-01
82864000000,/,drone1,1,-1,world,-3.832670,-0.038527,0.000000,4.566331e-01,0.000000e+00,0.000000e+00,0.000000e+00,4.566331e-01,0.000000e+00,0.000000e+00,0.000000e+00,1.613963e+00
82864000000,/,drone1,2,-1,world,6.045101,-5.803392,0.000000,2.549856e-01,0.000000e+00,0.000000e+00,0.000000e+00,2.549856e-01,0.000000e+00,0.000000e+00,0.000000e+00,8.932145e-01
82980000000,/,drone1,1,-1,world,-3.832670,-0.038527,0.000000,4.566331e-01,0.000000e+00,0.000000e+00,0.000000e+00,4.566331e-01,0.000000e+00,0.000000e+00,0.000000e+00,1.613963e+00
82980000000,/,drone1,2,-1,world,6.045502,-5.805137,0.000000,2.528793e-01,0.000000e+00,0.000000e+00,0.000000e+00,2.528793e-01,0.000000e+00,0.000000e+00,0.000000e+00,8.882742e-01
83072000000,/,drone1,1,-1,world,-3.832670,-0.038527,0.000000,4.566331e-01,0.000000e+00,0.000000e+00,0.000000e+00,4.566331e-01,0.000000e+00,0.000000e+00,0.000000e+00,1.613963e+00
83072000000,/,drone1,2,-1,world,6.045637,-5.805440,0.000000,2.525958e-01,0.000000e+00,0.000000e+00,0.000000e+00,2.525958e-01,0.000000e+00,0.000000e+00,0.000000e+00,8.877138e-01
83172000000,/,drone1,1,-1,world,-3.832670,-0.038527,0.000000,4.566331e-01,0.000000e+00,0.000000e+00,0.000000e+00,4.566331e-01,0.000000e+00,0.000000e+00,0.000000e+00,1.613963e+00
83172000000,/,drone1,2,-1,world,6.045667,-5.805490,0.000000,2.525581e-01,0.000000e+00,0.000000e+00,0.000000e+00,2.525581e-01,0.000000e+00,0.000000e+00,0.000000e+00,8.876551e-01
83276000000,/,drone1,1,-1,world,-3.832670,-0.038527,0.000000,4.566331e-01,0.000000e+00,0.000000e+00,0.000000e+00,4.566331e-01,0.000000e+00,0.000000e+00,0.000000e+00,1.613963e+00
83276000000,/,drone1,2,-1,world,6.024455,-5.821937,0.000000,2.337742e-01,0.000000e+00,0.000000e+00,0.000000e+00,2.337742e-01,0.000000e+00,0.000000e+00,0.000000e+00,8.030276e-01
83376000000,/,drone1,1,-1,world,-3.832670,-0.038527,0.000000,4.566331e-01,0.000000e+00,0.000000e+00,0.000000e+00,4.566331e-01,0.000000e+00,0.000000e+00,0.000000e+00,1.613963e+00
83376000000,/,drone1,2,-1,world,5.999186,-5.817483,0.000000,1.855620e-01,0.000000e+00,0.000000e+00,0.000000e+00,1.855620e-01,0.000000e+00,0.000000e+00,0.000000e+00,6.213867e-01
83480000000,/,drone1,1,-1,world,-3.832670,-0.038527,0.000000,4.566331e-01,0.000000e+00,0.000000e+00,0.000000e+00,4.566331e-01,0.000000e+00,0.000000e+00,0.000000e+00,1.613963e+00
83480000000,/,drone1,2,-1,world,5.993174,-5.816175,0.000000,1.726068e-01,0.000000e+00,0.000000e+00,0.000000e+00,1.726068e-01,0.000000e+00,0.000000e+00,0.000000e+00,5.745217e-01
83564000000,/,drone1,1,-1,world,-3.832670,-0.038527,0.000000,4.566331e-01,0.000000e+00,0.000000e+00,0.000000e+00,4.566331e-01,0.000000e+00,0.000000e+00,0.000000e+00,1.613963e+00
83564000000,/,drone1,2,-1,world,5.992084,-5.815274,0.000000,1.706484e-01,0.000000e+00,0.000000e+00,0.000000e+00,1.706484e-01,0.000000e+00,0.000000e+00,0.000000e+00,5.674475e-01
83668000000,/,drone1,1,-1,world,-3.832670,-0.038527,0.000000,4.566331e-01,0.000000e+00,0.000000e+00,0.000000e+00,4.566331e-01,0.000000e+00,0.000000e+00,0.000000e+00,1.613963e+00
83668000000,/,drone1,2,-1,world,5.942263,-5.826315,0.000000,2.909220e-01,0.000000e+00,0.000000e+00,0.000000e+00,2.909220e-01,0.000000e+00,0.000000e+00,0.000000e+00,9.009597e-01
83776000000,/,drone1,1,-1,world,-3.832670,-0.038527,0.000000,4.566331e-01,0.000000e+00,0.000000e+00,0.000000e+00,4.566331e-01,0.000000e+00,0.000000e+00,0.000000e+00,1.613963e+00
83776000000,/,drone1,2,-1,world,5.950692,-5.860136,0.000000,2.803040e-01,0.000000e+00,0.000000e+00,0.000000e+00,2.803040e-01,0.000000e+00,0.000000e+00,0.000000e+00,8.708619e-01
83856000000,/,drone1,1,-1,world,-3.832670,-0.038527,0.000000,4.566331e-01,0.000000e+00,0.000000e+00,0.000000e+00,4.566331e-01,0.000000e+00,0.000000e+00,0.000000e+00,1.613963e+00
83856000000,/,drone1,2,-1,world,5.952183,-5.866666,0.000000,2.785647e-01,0.000000e+00,0.000000e+00,0.000000e+00,2.785647e-01,0.000000e+00,0.000000e+00,0.000000e+00,8.658010e-01
83940000000,/,drone1,1,-1,world,-3.832670,-0.038527,0.000000,4.566331e-01,0.000000e+00,0.000000e+00,0.000000e+00,4.566331e-01,0.000000e+00,0.000000e+00,0.000000e+00,1.613963e+00
83940000000,/,drone1,2,-1,world,5.952426,-5.867829,0.000000,2.783031e-01,0.000000e+00,0.000000e+00,0.000000e+00,2.783031e-01,0.000000e+00,0.000000e+00,0.000000e+00,8.650189e-01
84024000000,/,drone1,1,-1,world,-3.832670,-0.038527,0.000000,4.566331e-01,0.000000e+00,0.000000e+00,0.000000e+00,4.566331e-01,0.000000e+00,0.000000e+00,0.000000e+00,1.613963e+00
84024000000,/,drone1,2,-1,world,5.952466,-5.868033,0.000000,2.782644e-01,0.000000e+00,0.000000e+00,0.000000e+00,2.782644e-01,0.000000e+00,0.000000e+00,0.000000e+00,8.648995e-01
84112000000,/,drone1,1,-1,world,-3.832670,-0.038527,0.000000,4.566331e-01,0.000000e+00,0.000000e+00,0.000000e+00,4.566331e-01,0.000000e+00,0.000000e+00,0.000000e+00,1.613963e+00
84112000000,/,drone1,2,-1,world,5.952268,-5.880960,0.000000,2.749353e-01,0.000000e+00,0.000000e+00,0.000000e+00,2.749353e-01,0.000000e+00,0.000000e+00,0.000000e+00,8.539788e-01
84212000000,/,drone1,1,-1,world,-3.832670,-0.038527,0.000000,4.566331e-01,0.000000e+00,0.000000e+00,0.000000e+00,4.566331e-01,0.000000e+00,0.000000e+00,0.000000e+00,1.613963e+00
84212000000,/,drone1,2,-1,world,5.952204,-5.883617,0.000000,2.744546e-01,0.000000e+00,0.000000e+00,0.000000e+00,2.744546e-01,0.000000e+00,0.000000e+00,0.000000e+00,8.522647e-01
84316000000,/,drone1,1,-1,world,-3.862551,-0.118663,0.000000,4.609878e-01,0.000000e+00,0.000000e+00,0.000000e+00,4.609878e-01,0.000000e+00,0.000000e+00,0.000000e+00,1.606985e+00
84316000000,/,drone1,2,-1,world,5.952188,-5.884139,0.000000,2.743886e-01,0.000000e+00,0.000000e+00,0.000000e+00,2.743886e-01,0.000000e+00,0.000000e+00,0.000000e+00,8.520020e-01
84400000000,/,drone1,1,-1,world,-3.877376,-0.158424,0.000000,4.631484e-01,0.000000e+00,0.000000e+00,0.000000e+00,4.631484e-01,0.000000e+00,0.000000e+00,0.000000e+00,1.603594e+00
84400000000,/,drone1,2,-1,world,5.952184,-5.884240,0.000000,2.743798e-01,0.000000e+00,0.000000e+00,0.000000e+00,2.743798e-01,0.000000e+00,0.000000e+00,0.000000e+00,8.519614e-01
84496000000,/,drone1,1,-1,world,-3.884761,-0.178227,0.000000,4.642246e-01,0.000000e+00,0.000000e+00,0.000000e+00,4.642246e-01,0.000000e+00,0.000000e+00,0.000000e+00,1.601922e+00
84496000000,/,drone1,2,-1,world,5.952183,-5.884259,0.000000,2.743786e-01,0.000000e+00,0.000000e+00,0.000000e+00,2.743786e-01,0.000000e+00,0.000000e+00,0.000000e+00,8.519550e-01
84564000000,/,drone1,1,-1,world,-3.888446,-0.188110,0.000000,4.647616e-01,0.000000e+00,0.000000e+00,0.000000e+00,4.647616e-01,0.000000e+00,0.000000e+00,0.000000e+00,1.601092e+00
84564000000,/,drone1,2,-1,world,5.952183,-5.884262,0.000000,2.743784e-01,0.000000e+00,0.000000e+00,0.000000e+00,2.743784e-01,0.000000e+00,0.000000e+00,0.000000e+00,8.519540e-01
84648000000,/,drone1,1,-1,world,-3.890287,-0.193047,0.000000,4.650299e-01,0.000000e+00,0.000000e+00,0.000000e+00,4.650299e-01,0.000000e+00,0.000000e+00,0.000000e+00,1.600678e+00
84648000000,/,drone1,2,-1,world,5.927786,-5.857675,0.000000,3.606660e-01,0.000000e+00,0.000000e+00,0.000000e+00,3.606660e-01,0.000000e+00,0.000000e+00,0.000000e+00,1.094582e+00
84732000000,/,drone1,1,-1,world,-3.891207,-0.195514,0.000000,4.651639e-01,0.000000e+00,0.000000e+00,0.000000e+00,4.651639e-01,0.000000e+00,0.000000e+00,0.000000e+00,1.600471e+00
84732000000,/,drone1,2,-1,world,5.912288,-5.841740,0.000000,3.782121e-01,0.000000e+00,0.000000e+00,0.000000e+00,3.782121e-01,0.000000e+00,0.000000e+00,0.000000e+00,1.171134e+00
84812000000,/,drone1,1,-1,world,-3.891666,-0.196748,0.000000,4.652310e-01,0.000000e+00,0.000000e+00,0.000000e+00,4.652310e-01,0.000000e+00,0.000000e+00,0.000000e+00,1.600368e+00
84812000000,/,drone1,2,-1,world,5.910455,-5.839571,0.000000,3.801720e-01,0.000000e+00,0.000000e+00,0.000000e+00,3.801720e-01,0.000000e+00,0.000000e+00,0.000000e+00,1.179799e+00
84908000000,/,drone1,1,-1,world,-3.891896,-0.197364,0.000000,4.652645e-01,0.000000e+00,0.000000e+00,0.000000e+00,4.652645e-01,0.000000e+00,0.000000e+00,0.000000e+00,1.600317e+00
84908000000,/,drone1,2,-1,world,5.910208,-5.839248,0.000000,3.804185e-01,0.000000e+00,0.000000e+00,0.000000e+00,3.804185e-01,0.000000e+00,0.000000e+00,0.000000e+00,1.180887e+00
85000000000,/,drone1,1,-1,world,-3.892011,-0.197673,0.000000,4.652812e-01,0.000000e+00,0.000000e+00,0.000000e+00,4.652812e-01,0.000000e+00,0.000000e+00,0.000000e+00,1.600291e+00
85000000000,/,drone1,2,-1,world,5.910175,-5.839201,0.000000,3.804500e-01,0.000000e+00,0.000000e+00,0.000000e+00,3.804500e-01,0.000000e+00,0.000000e+00,0.000000e+00,1.181025e+00
85076000000,/,drone1,1,-1,world,-3.892069,-0.197827,0.000000,4.652896e-01,0.000000e+00,0.000000e+00,0.000000e+00,4.652896e-01,0.000000e+00,0.000000e+00,0.000000e+00,1.600278e+00
85076000000,/,drone1,2,-1,world,5.910170,-5.839194,0.000000,3.804540e-01,0.000000e+00,0.000000e+00,0.000000e+00,3.804540e-01,0.000000e+00,0.000000e+00,0.000000e+00,1.181043e+00
85144000000,/,drone1,1,-1,world,-3.892098,-0.197904,0.000000,4.652938e-01,0.000000e+00,0.000000e+00,0.000000e+00,4.652938e-01,0.000000e+00,0.000000e+00,0.000000e+00,1.600272e+00
85144000000,/,drone1,2,-1,world,5.910169,-5.839193,0.000000,3.804545e-01,0.000000e+00,0.000000e+00,0.000000e+00,3.804545e-01,0.000000e+00,0.000000e+00,0.000000e+00,1.181045e+00
85240000000,/,drone1,1,-1,world,-3.892112,-0.197942,0.000000,4.652959e-01,0.000000e+00,0.000000e+00,0.000000e+00,4.652959e-01,0.000000e+00,0.000000e+00,0.000000e+00,1.600268e+00
85240000000,/,drone1,2,-1,world,5.888780,-5.836264,0.000000,3.436128e-01,0.000000e+00,0.000000e+00,0.000000e+00,3.436128e-01,0.000000e+00,0.000000e+00,0.000000e+00,1.110703e+00
85312000000,/,drone1,1,-1,world,-3.892119,-0.197962,0.000000,4.652969e-01,0.000000e+00,0.000000e+00,0.000000e+00,4.652969e-01,0.000000e+00,0.000000e+00,0.000000e+00,1.600267e+00
85312000000,/,drone1,2,-1,world,5.885501,-5.836469,0.000000,3.378934e-01,0.000000e+00,0.000000e+00,0.000000e+00,3.378934e-01,0.000000e+00,0.000000e+00,0.000000e+00,1.099677e+00
85404000000,/,drone1,1,-1,world,-3.892123,-0.197971,0.000000,4.652974e-01,0.000000e+00,0.000000e+00,0.000000e+00,4.652974e-01,0.000000e+00,0.000000e+00,0.000000e+00,1.600266e+00
85404000000,/,drone1,2,-1,world,5.882986,-5.839790,0.000000,3.169114e-01,0.000000e+00,0.000000e+00,0.000000e+00,3.169114e-01,0.000000e+00,0.000000e+00,0.000000e+00,1.039780e+00
85500000000,/,drone1,1,-1,world,-3.892124,-0.197976,0.000000,4.652977e-01,0.000000e+00,0.000000e+00,0.000000e+00,4.652977e-01,0.000000e+00,0.000000e+00,0.000000e+00,1.600266e+00
85500000000,/,drone1,2,-1,world,5.880840,-5.834956,0.000000,3.160164e-01,0.000000e+00,0.000000e+00,0.000000e+00,3.160164e-01,0.000000e+00,0.000000e+00,0.000000e+00,1.041979e+00
85572000000,/,drone1,1,-1,world,-3.892125,-0.197978,0.000000,4.652978e-01,0.000000e+00,0.000000e+00,0.000000e+00,4.652978e-01,0.000000e+00,0.000000e+00,0.000000e+00,1.600265e+00
85572000000,/,drone1,2,-1,world,5.880527,-5.834253,0.000000,3.158905e-01,0.000000e+00,0.000000e+00,0.000000e+00,3.158905e-01,0.000000e+00,0.000000e+00,0.000000e+00,1.042316e+00
85636000000,/,drone1,1,-1,world,-3.892126,-0.197980,0.000000,4.652979e-01,0.000000e+00,0.000000e+00,0.000000e+00,4.652979e-01,0.000000e+00,0.000000e+00,0.000000e+00,1.600265e+00
85636000000,/,drone1,2,-1,world,5.887066,-5.849808,0.000000,3.094000e-01,0.000000e+00,0.000000e+00,0.000000e+00,3.094000e-01,0.000000e+00,0.000000e+00,0.000000e+00,1.020641e+00
85712000000,/,drone1,1,-1,world,-3.892126,-0.197980,0.000000,4.652979e-01,0.000000e+00,0.000000e+00,0.000000e+00,4.652979e-01,0.000000e+00,0.000000e+00,0.000000e+00,1.600265e+00
85712000000,/,drone1,2,-1,world,5.894472,-5.877759,0.000000,3.409305e-01,0.000000e+00,0.000000e+00,0.000000e+00,3.409305e-01,0.000000e+00,0.000000e+00,0.000000e+00,1.119931e+00
85804000000,/,drone1,1,-1,world,-3.892126,-0.197980,0.000000,4.652980e-01,0.000000e+00,0.000000e+00,0.000000e+00,4.652980e-01,0.000000e+00,0.000000e+00,0.000000e+00,1.600265e+00
85804000000,/,drone1,2,-1,world,5.889406,-5.857019,0.000000,3.138181e-01,0.000000e+00,0.000000e+00,0.000000e+00,3.138181e-01,0.000000e+00,0.000000e+00,0.000000e+00,1.034379e+00
85888000000,/,drone1,1,-1,world,-3.892126,-0.197981,0.000000,4.652980e-01,0.000000e+00,0.000000e+00,0.000000e+00,4.652980e-01,0.000000e+00,0.000000e+00,0.000000e+00,1.600265e+00
85888000000,/,drone1,2,-1,world,5.891085,-5.861189,0.000000,3.076906e-01,0.000000e+00,0.000000e+00,0.000000e+00,3.076906e-01,0.000000e+00,0.000000e+00,0.000000e+00,1.016005e+00
85968000000,/,drone1,1,-1,world,-3.892126,-0.197981,0.000000,4.652980e-01,0.000000e+00,0.000000e+00,0.000000e+00,4.652980e-01,0.000000e+00,0.000000e+00,0.000000e+00,1.600265e+00
85968000000,/,drone1,2,-1,world,5.898100,-5.888586,0.000000,3.401622e-01,0.000000e+00,0.000000e+00,0.000000e+00,3.401622e-01,0.000000e+00,0.000000e+00,0.000000e+00,1.117684e+00
86048000000,/,drone1,1,-1,world,-3.892126,-0.197981,0.000000,4.652980e-01,0.000000e+00,0.000000e+00,0.000000e+00,4.652980e-01,0.000000e+00,0.000000e+00,0.000000e+00,1.600265e+00
86048000000,/,drone1,2,-1,world,5.895234,-5.872763,0.000000,3.144021e-01,0.000000e+00,0.000000e+00,0.000000e+00,3.144021e-01,0.000000e+00,0.000000e+00,0.000000e+00,1.026530e+00
86132000000,/,drone1,1,-1,world,-3.892126,-0.197981,0.000000,4.652980e-01,0.000000e+00,0.000000e+00,0.000000e+00,4.652980e-01,0.000000e+00,0.000000e+00,0.000000e+00,1.600265e+00
86132000000,/,drone1,2,-1,world,5.894051,-5.872552,0.000000,3.107777e-01,0.000000e+00,0.000000e+00,0.000000e+00,3.107777e-01,0.000000e+00,0.000000e+00,0.000000e+00,9.955642e-01
86232000000,/,drone1,1,-1,world,-3.892126,-0.197981,0.000000,4.652980e-01,0.000000e+00,0.000000e+00,0.000000e+00,4.652980e-01,0.000000e+00,0.000000e+00,0.000000e+00,1.600265e+00
86232000000,/,drone1,2,-1,world,5.893503,-5.876253,0.000000,3.108815e-01,0.000000e+00,0.000000e+00,0.000000e+00,3.108815e-01,0.000000e+00,0.000000e+00,0.000000e+00,1.002311e+00
86300000000,/,drone1,1,-1,world,-3.892126,-0.197981,0.000000,4.652980e-01,0.000000e+00,0.000000e+00,0.000000e+00,4.652980e-01,0.000000e+00,0.000000e+00,0.000000e+00,1.600265e+00
86300000000,/,drone1,2,-1,world,5.898643,-5.894604,0.000000,3.412871e-01,0.000000e+00,0.000000e+00,0.000000e+00,3.412871e-01,0.000000e+00,0.000000e+00,0.000000e+00,1.109290e+00
86388000000,/,drone1,1,-1,world,-3.892126,-0.197981,0.000000,4.652980e-01,0.000000e+00,0.000000e+00,0.000000e+00,4.652980e-01,0.000000e+00,0.000000e+00,0.000000e+00,1.600265e+00
86388000000,/,drone1,2,-1,world,5.894457,-5.880618,0.000000,3.173827e-01,0.000000e+00,0.000000e+00,0.000000e+00,3.173827e-01,0.000000e+00,0.000000e+00,0.000000e+00,1.026524e+00
86464000000,/,drone1,1,-1,world,-3.892126,-0.197981,0.000000,4.652980e-01,0.000000e+00,0.000000e+00,0.000000e+00,4.652980e-01,0.000000e+00,0.000000e+00,0.000000e+00,1.600265e+00
86464000000,/,drone1,2,-1,world,5.899223,-5.894362,0.000000,3.415745e-01,0.000000e+00,0.000000e+00,0.000000e+00,3.415745e-01,0.000000e+00,0.000000e+00,0.000000e+00,1.112942e+00
86540000000,/,drone1,1,-1,world,-3.892126,-0.197981,0.000000,4.652980e-01,0.000000e+00,0.000000e+00,0.000000e+00,4.652980e-01,0.000000e+00,0.000000e+00,0.000000e+00,1.600265e+00
86540000000,/,drone1,2,-1,world,5.896588,-5.882917,0.000000,3.208335e-01,0.000000e+00,0.000000e+00,0.000000e+00,3.208335e-01,0.000000e+00,0.000000e+00,0.000000e+00,1.043736e+00
86620000000,/,drone1,1,-1,world,-3.892126,-0.197981,0.000000,4.652980e-01,0.000000e+00,0.000000e+00,0.000000e+00,4.652980e-01,0.000000e+00,0.000000e+00,0.000000e+00,1.600265e+00
86620000000,/,drone1,2,-1,world,5.899839,-5.895026,0.000000,3.421820e-01,0.000000e+00,0.000000e+00,0.000000e+00,3.421820e-01,0.000000e+00,0.000000e+00,0.000000e+00,1.111887e+00
86700000000,/,drone1,1,-1,world,-3.892126,-0.197981,0.000000,4.652980e-01,0.000000e+00,0.000000e+00,0.000000e+00,4.652980e-01,0.000000e+00,0.000000e+00,0.000000e+00,1.600265e+00
86700000000,/,drone1,2,-1,world,5.897044,-5.882618,0.000000,3.197801e-01,0.000000e+00,0.000000e+00,0.000000e+00,3.197801e-01,0.000000e+00,0.000000e+00,0.000000e+00,1.030284e+00
86796000000,/,drone1,1,-1,world,-3.892126,-0.197981,0.000000,4.652980e-01,0.000000e+00,0.000000e+00,0.000000e+00,4.652980e-01,0.000000e+00,0.000000e+00,0.000000e+00,1.600265e+00
86796000000,/,drone1,2,-1,world,5.899601,-5.880839,0.000000,3.162852e-01,0.000000e+00,0.000000e+00,0.000000e+00,3.162852e-01,0.000000e+00,0.000000e+00,0.000000e+00,1.019974e+00
86876000000,/,drone1,1,-1,world,-3.892126,-0.197981,0.000000,4.652980e-01,0.000000e+00,0.000000e+00,0.000000e+00,4.652980e-01,0.000000e+00,0.000000e+00,0.000000e+00,1.600265e+00
86876000000,/,drone1,2,-1,world,5.900239,-5.880539,0.000000,3.156007e-01,0.000000e+00,0.000000e+00,0.000000e+00,3.156007e-01,0.000000e+00,0.000000e+00,0.000000e+00,1.018031e+00
86964000000,/,drone1,1,-1,world,-3.892126,-0.197981,0.000000,4.652980e-01,0.000000e+00,0.000000e+00,0.000000e+00,4.652980e-01,0.000000e+00,0.000000e+00,0.000000e+00,1.600265e+00
86964000000,/,drone1,2,-1,world,5.900394,-5.880493,0.000000,3.154709e-01,0.000000e+00,0.000000e+00,0.000000e+00,3.154709e-01,0.000000e+00,0.000000e+00,0.000000e+00,1.017681e+00
87056000000,/,drone1,1,-1,world,-3.892126,-0.197981,0.000000,4.652980e-01,0.000000e+00,0.000000e+00,0.000000e+00,4.652980e-01,0.000000e+00,0.000000e+00,0.000000e+00,1.600265e+00
87056000000,/,drone1,2,-1,world,5.906653,-5.879966,0.000000,3.148373e-01,0.000000e+00,0.000000e+00,0.000000e+00,3.148373e-01,0.000000e+00,0.000000e+00,0.000000e+00,1.011312e+00
87136000000,/,drone1,1,-1,world,-3.892126,-0.197981,0.000000,4.652980e-01,0.000000e+00,0.000000e+00,0.000000e+00,4.652980e-01,0.000000e+00,0.000000e+00,0.000000e+00,1.600265e+00
87136000000,/,drone1,2,-1,world,5.908116,-5.879885,0.000000,3.147431e-01,0.000000e+00,0.000000e+00,0.000000e+00,3.147431e-01,0.000000e+00,0.000000e+00,0.000000e+00,1.010019e+00
87220000000,/,drone1,1,-1,world,-3.892126,-0.197981,0.000000,4.652980e-01,0.000000e+00,0.000000e+00,0.000000e+00,4.652980e-01,0.000000e+00,0.000000e+00,0.000000e+00,1.600265e+00
87220000000,/,drone1,2,-1,world,5.908455,-5.879875,0.000000,3.147311e-01,0.000000e+00,0.000000e+00,0.000000e+00,3.147311e-01,0.000000e+00,0.000000e+00,0.000000e+00,1.009754e+00
87300000000,/,drone1,1,-1,world,-3.892126,-0.197981,0.000000,4.652980e-01,0.000000e+00,0.000000e+00,0.000000e+00,4.652980e-01,0.000000e+00,0.000000e+00,0.000000e+00,1.600265e+00
87300000000,/,drone1,2,-1,world,5.906036,-5.894877,0.000000,3.418956e-01,0.000000e+00,0.000000e+00,0.000000e+00,3.418956e-01,0.000000e+00,0.000000e+00,0.000000e+00,1.107573e+00
87388000000,/,drone1,1,-1,world,-3.892126,-0.197981,0.000000,4.652980e-01,0.000000e+00,0.000000e+00,0.000000e+00,4.652980e-01,0.000000e+00,0.000000e+00,0.000000e+00,1.600265e+00
87388000000,/,drone1,2,-1,world,5.907871,-5.882940,0.000000,3.208865e-01,0.000000e+00,0.000000e+00,0.000000e+00,3.208865e-01,0.000000e+00,0.000000e+00,0.000000e+00,1.031819e+00
87460000000,/,drone1,1,-1,world,-3.892126,-0.197981,0.000000,4.652980e-01,0.000000e+00,0.000000e+00,0.000000e+00,4.652980e-01,0.000000e+00,0.000000e+00,0.000000e+00,1.600265e+00
87460000000,/,drone1,2,-1,world,5.908395,-5.880362,0.000000,3.158982e-01,0.000000e+00,0.000000e+00,0.000000e+00,3.158982e-01,0.000000e+00,0.000000e+00,0.000000e+00,1.013908e+00
87548000000,/,drone1,1,-1,world,-3.892126,-0.197981,0.000000,4.652980e-01,0.000000e+00,0.000000e+00,0.000000e+00,4.652980e-01,0.000000e+00,0.000000e+00,0.000000e+00,1.600265e+00
87548000000,/,drone1,2,-1,world,5.897075,-5.852162,0.000000,3.378947e-01,0.000000e+00,0.000000e+00,0.000000e+00,3.378947e-01,0.000000e+00,0.000000e+00,0.000000e+00,1.032026e+00
87616000000,/,drone1,1,-1,world,-3.892126,-0.197981,0.000000,4.652980e-01,0.000000e+00,0.000000e+00,0.000000e+00,4.652980e-01,0.000000e+00,0.000000e+00,0.000000e+00,1.600265e+00
87616000000,/,drone1,2,-1,world,5.895800,-5.848994,0.000000,3.405007e-01,0.000000e+00,0.000000e+00,0.000000e+00,3.405007e-01,0.000000e+00,0.000000e+00,0.000000e+00,1.033780e+00
87704000000,/,drone1,1,-1,world,-3.892126,-0.197981,0.000000,4.652980e-01,0.000000e+00,0.000000e+00,0.000000e+00,4.652980e-01,0.000000e+00,0.000000e+00,0.000000e+00,1.600265e+00
87704000000,/,drone1,2,-1,world,5.902507,-5.867041,0.000000,3.279638e-01,0.000000e+00,0.000000e+00,0.000000e+00,3.279638e-01,0.000000e+00,0.000000e+00,0.000000e+00,1.004802e+00
87800000000,/,drone1,1,-1,world,-3.892126,-0.197981,0.000000,4.652980e-01,0.000000e+00,0.000000e+00,0.000000e+00,4.652980e-01,0.000000e+00,0.000000e+00,0.000000e+00,1.600265e+00
87800000000,/,drone1,2,-1,world,5.903566,-5.870084,0.000000,3.262452e-01,0.000000e+00,0.000000e+00,0.000000e+00,3.262452e-01,0.000000e+00,0.000000e+00,0.000000e+00,1.001153e+00
87876000000,/,drone1,1,-1,world,-3.892126,-0.197981,0.000000,4.652980e-01,0.000000e+00,0.000000e+00,0.000000e+00,4.652980e-01,0.000000e+00,0.000000e+00,0.000000e+00,1.600265e+00
87876000000,/,drone1,2,-1,world,5.903721,-5.870555,0.000000,3.260276e-01,0.000000e+00,0.000000e+00,0.000000e+00,3.260276e-01,0.000000e+00,0.000000e+00,0.000000e+00,1.000748e+00
87956000000,/,drone1,1,-1,world,-3.892126,-0.197981,0.000000,4.652980e-01,0.000000e+00,0.000000e+00,0.000000e+00,4.652980e-01,0.000000e+00,0.000000e+00,0.000000e+00,1.600265e+00
87956000000,/,drone1,2,-1,world,5.903509,-5.875183,0.000000,3.252299e-01,0.000000e+00,0.000000e+00,0.000000e+00,3.252299e-01,0.000000e+00,0.000000e+00,0.000000e+00,9.974300e-01
88036000000,/,drone1,1,-1,world,-3.892126,-0.197981,0.000000,4.652980e-01,0.000000e+00,0.000000e+00,0.000000e+00,4.652980e-01,0.000000e+00,0.000000e+00,0.000000e+00,1.600265e+00
88036000000,/,drone1,2,-1,world,5.903479,-5.875902,0.000000,3.251322e-01,0.000000e+00,0.000000e+00,0.000000e+00,3.251322e-01,0.000000e+00,0.000000e+00,0.000000e+00,9.970205e-01
88112000000,/,drone1,1,-1,world,-3.892126,-0.197981,0.000000,4.652980e-01,0.000000e+00,0.000000e+00,0.000000e+00,4.652980e-01,0.000000e+00,0.000000e+00,0.000000e+00,1.600265e+00
88112000000,/,drone1,2,-1,world,5.902272,-5.878290,0.000000,3.251847e-01,0.000000e+00,0.000000e+00,0.000000e+00,3.251847e-01,0.000000e+00,0.000000e+00,0.000000e+00,9.949200e-01
88200000000,/,drone1,1,-1,world,-3.892126,-0.197981,0.000000,4.652980e-01,0.000000e+00,0.000000e+00,0.000000e+00,4.652980e-01,0.000000e+00,0.000000e+00,0.000000e+00,1.600265e+00
88200000000,/,drone1,2,-1,world,5.902088,-5.878660,0.000000,3.251978e-01,0.000000e+00,0.000000e+00,0.000000e+00,3.251978e-01,0.000000e+00,0.000000e+00,0.000000e+00,9.946201e-01
88276000000,/,drone1,1,-1,world,-3.892126,-0.197981,0.000000,4.652980e-01,0.000000e+00,0.000000e+00,0.000000e+00,4.652980e-01,0.000000e+00,0.000000e+00,0.000000e+00,1.600265e+00
88276000000,/,drone1,2,-1,world,5.892846,-5.861150,0.000000,3.065816e-01,0.000000e+00,0.000000e+00,0.000000e+00,3.065816e-01,0.000000e+00,0.000000e+00,0.000000e+00,9.285793e-01
88360000000,/,drone1,1,-1,world,-3.892126,-0.197981,0.000000,4.652980e-01,0.000000e+00,0.000000e+00,0.000000e+00,4.652980e-01,0.000000e+00,0.000000e+00,0.000000e+00,1.600265e+00
88360000000,/,drone1,2,-1,world,5.900552,-5.879517,0.000000,3.230447e-01,0.000000e+00,0.000000e+00,0.000000e+00,3.230447e-01,0.000000e+00,0.000000e+00,0.000000e+00,9.864804e-01
88440000000,/,drone1,1,-1,world,-3.892126,-0.197981,0.000000,4.652980e-01,0.000000e+00,0.000000e+00,0.000000e+00,4.652980e-01,0.000000e+00,0.000000e+00,0.000000e+00,1.600265e+00
88440000000,/,drone1,2,-1,world,5.901419,-5.883963,0.000000,3.249814e-01,0.000000e+00,0.000000e+00,0.000000e+00,3.249814e-01,0.000000e+00,0.000000e+00,0.000000e+00,9.927380e-01
88520000000,/,drone1,1,-1,world,-3.892126,-0.197981,0.000000,4.652980e-01,0.000000e+00,0.000000e+00,0.000000e+00,4.652980e-01,0.000000e+00,0.000000e+00,0.000000e+00,1.600265e+00
88520000000,/,drone1,2,-1,world,5.900770,-5.901019,0.000000,3.486386e-01,0.000000e+00,0.000000e+00,0.000000e+00,3.486386e-01,0.000000e+00,0.000000e+00,0.000000e+00,1.101453e+00
88608000000,/,drone1,1,-1,world,-3.892126,-0.197981,0.000000,4.652980e-01,0.000000e+00,0.000000e+00,0.000000e+00,4.652980e-01,0.000000e+00,0.000000e+00,0.000000e+00,1.600265e+00
88608000000,/,drone1,2,-1,world,5.901261,-5.887557,0.000000,3.293686e-01,0.000000e+00,0.000000e+00,0.000000e+00,3.293686e-01,0.000000e+00,0.000000e+00,0.000000e+00,1.012280e+00
88704000000,/,drone1,1,-1,world,-3.892126,-0.197981,0.000000,4.652980e-01,0.000000e+00,0.000000e+00,0.000000e+00,4.652980e-01,0.000000e+00,0.000000e+00,0.000000e+00,1.600265e+00
88704000000,/,drone1,2,-1,world,5.901500,-5.885198,0.000000,3.258890e-01,0.000000e+00,0.000000e+00,0.000000e+00,3.258890e-01,0.000000e+00,0.000000e+00,0.000000e+00,9.964357e-01
88796000000,/,drone1,1,-1,world,-3.892126,-0.197981,0.000000,4.652980e-01,0.000000e+00,0.000000e+00,0.000000e+00,4.652980e-01,0.000000e+00,0.000000e+00,0.000000e+00,1.600265e+00
88796000000,/,drone1,2,-1,world,5.901398,-5.886019,0.000000,3.256439e-01,0.000000e+00,0.000000e+00,0.000000e+00,3.256439e-01,0.000000e+00,0.000000e+00,0.000000e+00,9.938069e-01
88872000000,/,drone1,1,-1,world,-3.892126,-0.197981,0.000000,4.652980e-01,0.000000e+00,0.000000e+00,0.000000e+00,4.652980e-01,0.000000e+00,0.000000e+00,0.000000e+00,1.600265e+00
88872000000,/,drone1,2,-1,world,5.901383,-5.886176,0.000000,3.256131e-01,0.000000e+00,0.000000e+00,0.000000e+00,3.256131e-01,0.000000e+00,0.000000e+00,0.000000e+00,9.933903e-01
88932000000,/,drone1,1,-1,world,-3.892126,-0.197981,0.000000,4.652980e-01,0.000000e+00,0.000000e+00,0.000000e+00,4.652980e-01,0.000000e+00,0.000000e+00,0.000000e+00,1.600265e+00
88932000000,/,drone1,2,-1,world,5.828758,-5.961476,0.000000,3.737802e-01,0.000000e+00,0.000000e+00,0.000000e+00,3.737802e-01,0.000000e+00,0.000000e+00,0.000000e+00,1.203802e+00
89004000000,/,drone1,1,-1,world,-3.892126,-0.197981,0.000000,4.652980e-01,0.000000e+00,0.000000e+00,0.000000e+00,4.652980e-01,0.000000e+00,0.000000e+00,0.000000e+00,1.600265e+00
89004000000,/,drone1,2,-1,world,5.820402,-5.969019,0.000000,3.779267e-01,0.000000e+00,0.000000e+00,0.000000e+00,3.779267e-01,0.000000e+00,0.000000e+00,0.000000e+00,1.222847e+00
89084000000,/,drone1,1,-1,world,-3.892126,-0.197981,0.000000,4.652980e-01,0.000000e+00,0.000000e+00,0.000000e+00,4.652980e-01,0.000000e+00,0.000000e+00,0.000000e+00,1.600265e+00
89084000000,/,drone1,2,-1,world,5.791060,-6.009529,0.000000,4.122439e-01,0.000000e+00,0.000000e+00,0.000000e+00,4.122439e-01,0.000000e+00,0.000000e+00,0.000000e+00,1.396629e+00
89136000000,/,drone1,1,-1,world,-3.892126,-0.197981,0.000000,4.652980e-01,0.000000e+00,0.000000e+00,0.000000e+00,4.652980e-01,0.000000e+00,0.000000e+00,0.000000e+00,1.600265e+00
89136000000,/,drone1,2,-1,world,5.787005,-6.014317,0.000000,4.162910e-01,0.000000e+00,0.000000e+00,0.000000e+00,4.162910e-01,0.000000e+00,0.000000e+00,0.000000e+00,1.419000e+00
89208000000,/,drone1,1,-1,world,-3.892126,-0.197981,0.000000,4.652980e-01,0.000000e+00,0.000000e+00,0.000000e+00,4.652980e-01,0.000000e+00,0.000000e+00,0.000000e+00,1.600265e+00
89208000000,/,drone1,2,-1,world,5.811043,-5.980543,0.000000,3.872374e-01,0.000000e+00,0.000000e+00,0.000000e+00,3.872374e-01,0.000000e+00,0.000000e+00,0.000000e+00,1.268751e+00
89280000000,/,drone1,1,-1,world,-3.892126,-0.197981,0.000000,4.652980e-01,0.000000e+00,0.000000e+00,0.000000e+00,4.652980e-01,0.000000e+00,0.000000e+00,0.000000e+00,1.600265e+00
89280000000,/,drone1,2,-1,world,5.830178,-5.946177,0.000000,3.096809e-01,0.000000e+00,0.000000e+00,0.000000e+00,3.096809e-01,0.000000e+00,0.000000e+00,0.000000e+00,9.755946e-01
89368000000,/,drone1,1,-1,world,-3.892126,-0.197981,0.000000,4.652980e-01,0.000000e+00,0.000000e+00,0.000000e+00,4.652980e-01,0.000000e+00,0.000000e+00,0.000000e+00,1.600265e+00
89368000000,/,drone1,2,-1,world,5.838826,-5.934419,0.000000,2.828012e-01,0.000000e+00,0.000000e+00,0.000000e+00,2.828012e-01,0.000000e+00,0.000000e+00,0.000000e+00,8.775764e-01
89432000000,/,drone1,1,-1,world,-3.892126,-0.197981,0.000000,4.652980e-01,0.000000e+00,0.000000e+00,0.000000e+00,4.652980e-01,0.000000e+00,0.000000e+00,0.000000e+00,1.600265e+00
89432000000,/,drone1,2,-1,world,5.840333,-5.933127,0.000000,2.776128e-01,0.000000e+00,0.000000e+00,0.000000e+00,2.776128e-01,0.000000e+00,0.000000e+00,0.000000e+00,8.593958e-01
89532000000,/,drone1,1,-1,world,-3.892126,-0.197981,0.000000,4.652980e-01,0.000000e+00,0.000000e+00,0.000000e+00,4.652980e-01,0.000000e+00,0.000000e+00,0.000000e+00,1.600265e+00
89532000000,/,drone1,2,-1,world,5.840464,-5.933191,0.000000,2.768184e-01,0.000000e+00,0.000000e+00,0.000000e+00,2.768184e-01,0.000000e+00,0.000000e+00,0.000000e+00,8.567715e-01
89596000000,/,drone1,1,-1,world,-3.892126,-0.197981,0.000000,4.652980e-01,0.000000e+00,0.000000e+00,0.000000e+00,4.652980e-01,0.000000e+00,0.000000e+00,0.000000e+00,1.600265e+00
89596000000,/,drone1,2,-1,world,5.810342,-5.917424,0.000000,2.957889e-01,0.000000e+00,0.000000e+00,0.000000e+00,2.957889e-01,0.000000e+00,0.000000e+00,0.000000e+00,9.052093e-01
89672000000,/,drone1,1,-1,world,-3.892126,-0.197981,0.000000,4.652980e-01,0.000000e+00,0.000000e+00,0.000000e+00,4.652980e-01,0.000000e+00,0.000000e+00,0.000000e+00,1.600265e+00
89672000000,/,drone1,2,-1,world,5.807297,-5.916043,0.000000,2.978001e-01,0.000000e+00,0.000000e+00,0.000000e+00,2.978001e-01,0.000000e+00,0.000000e+00,0.000000e+00,9.103776e-01
89736000000,/,drone1,1,-1,world,-3.892126,-0.197981,0.000000,4.652980e-01,0.000000e+00,0.000000e+00,0.000000e+00,4.652980e-01,0.000000e+00,0.000000e+00,0.000000e+00,1.600265e+00
89736000000,/,drone1,2,-1,world,5.824100,-5.929752,0.000000,2.807174e-01,0.000000e+00,0.000000e+00,0.000000e+00,2.807174e-01,0.000000e+00,0.000000e+00,0.000000e+00,8.699987e-01
89828000000,/,drone1,1,-1,world,-3.892126,-0.197981,0.000000,4.652980e-01,0.000000e+00,0.000000e+00,0.000000e+00,4.652980e-01,0.000000e+00,0.000000e+00,0.000000e+00,1.600265e+00
89828000000,/,drone1,2,-1,world,5.826610,-5.932253,0.000000,2.782264e-01,0.000000e+00,0.000000e+00,0.000000e+00,2.782264e-01,0.000000e+00,0.000000e+00,0.000000e+00,8.642780e-01
89908000000,/,drone1,1,-1,world,-3.892126,-0.197981,0.000000,4.652980e-01,0.000000e+00,0.000000e+00,0.000000e+00,4.652980e-01,0.000000e+00,0.000000e+00,0.000000e+00,1.600265e+00
89908000000,/,drone1,2,-1,world,5.755387,-6.001787,0.000000,3.641210e-01,0.000000e+00,0.000000e+00,0.000000e+00,3.641210e-01,0.000000e+00,0.000000e+00,0.000000e+00,1.268088e+00
90004000000,/,drone1,1,-1,world,-3.892126,-0.197981,0.000000,4.652980e-01,0.000000e+00,0.000000e+00,0.000000e+00,4.652980e-01,0.000000e+00,0.000000e+00,0.000000e+00,1.600265e+00
90004000000,/,drone1,2,-1,world,5.754912,-5.991526,0.000000,4.046296e-01,0.000000e+00,0.000000e+00,0.000000e+00,4.046296e-01,0.000000e+00,0.000000e+00,0.000000e+00,1.416022e+00
90100000000,/,drone1,1,-1,world,-3.892126,-0.197981,0.000000,4.652980e-01,0.000000e+00,0.000000e+00,0.000000e+00,4.652980e-01,0.000000e+00,0.000000e+00,0.000000e+00,1.600265e+00
90100000000,/,drone1,2,-1,world,5.754406,-5.989933,0.000000,4.089937e-01,0.000000e+00,0.000000e+00,0.000000e+00,4.089937e-01,0.000000e+00,0.000000e+00,0.000000e+00,1.432279e+00
90180000000,/,drone1,1,-1,world,-3.892126,-0.197981,0.000000,4.652980e-01,0.000000e+00,0.000000e+00,0.000000e+00,4.652980e-01,0.000000e+00,0.000000e+00,0.000000e+00,1.600265e+00
90180000000,/,drone1,2,-1,world,5.754260,-5.989625,0.000000,4.096510e-01,0.000000e+00,0.000000e+00,0.000000e+00,4.096510e-01,0.000000e+00,0.000000e+00,0.000000e+00,1.434769e+00
90264000000,/,drone1,1,-1,world,-3.892126,-0.197981,0.000000,4.652980e-01,0.000000e+00,0.000000e+00,0.000000e+00,4.652980e-01,0.000000e+00,0.000000e+00,0.000000e+00,1.600265e+00
90264000000,/,drone1,2,-1,world,5.754225,-5.989564,0.000000,4.097534e-01,0.000000e+00,0.000000e+00,0.000000e+00,4.097534e-01,0.000000e+00,0.000000e+00,0.000000e+00,1.435164e+00
90356000000,/,drone1,1,-1,world,-3.892126,-0.197981,0.000000,4.652980e-01,0.000000e+00,0.000000e+00,0.000000e+00,4.652980e-01,0.000000e+00,0.000000e+00,0.000000e+00,1.600265e+00
90356000000,/,drone1,2,-1,world,5.689068,-6.049763,0.000000,4.022379e-01,0.000000e+00,0.000000e+00,0.000000e+00,4.022379e-01,0.000000e+00,0.000000e+00,0.000000e+00,1.352515e+00
90436000000,/,drone1,1,-1,world,-3.892126,-0.197981,0.000000,4.652980e-01,0.000000e+00,0.000000e+00,0.000000e+00,4.652980e-01,0.000000e+00,0.000000e+00,0.000000e+00,1.600265e+00
90436000000,/,drone1,2,-1,world,5.676521,-6.061424,0.000000,4.009754e-01,0.000000e+00,0.000000e+00,0.000000e+00,4.009754e-01,0.000000e+00,0.000000e+00,0.000000e+00,1.337913e+00
90516000000,/,drone1,1,-1,world,-3.892126,-0.197981,0.000000,4.652980e-01,0.000000e+00,0.000000e+00,0.000000e+00,4.652980e-01,0.000000e+00,0.000000e+00,0.000000e+00,1.600265e+00
90516000000,/,drone1,2,-1,world,5.714749,-6.021853,0.000000,4.197642e-01,0.000000e+00,0.000000e+00,0.000000e+00,4.197642e-01,0.000000e+00,0.000000e+00,0.000000e+00,1.427567e+00
90600000000,/,drone1,1,-1,world,-3.892126,-0.197981,0.000000,4.652980e-01,0.000000e+00,0.000000e+00,0.000000e+00,4.652980e-01,0.000000e+00,0.000000e+00,0.000000e+00,1.600265e+00
90600000000,/,drone1,2,-1,world,5.667187,-6.043386,0.000000,3.567354e-01,0.000000e+00,0.000000e+00,0.000000e+00,3.567354e-01,0.000000e+00,0.000000e+00,0.000000e+00,1.209171e+00
90688000000,/,drone1,1,-1,world,-3.892126,-0.197981,0.000000,4.652980e-01,0.000000e+00,0.000000e+00,0.000000e+00,4.652980e-01,0.000000e+00,0.000000e+00,0.000000e+00,1.600265e+00
90688000000,/,drone1,2,-1,world,5.654263,-6.050450,0.000000,3.405969e-01,0.000000e+00,0.000000e+00,0.000000e+00,3.405969e-01,0.000000e+00,0.000000e+00,0.000000e+00,1.153175e+00
90744000000,/,drone1,1,-1,world,-3.892126,-0.197981,0.000000,4.652980e-01,0.000000e+00,0.000000e+00,0.000000e+00,4.652980e-01,0.000000e+00,0.000000e+00,0.000000e+00,1.600265e+00
90744000000,/,drone1,2,-1,world,5.620934,-6.098801,0.000000,3.442340e-01,0.000000e+00,0.000000e+00,0.000000e+00,3.442340e-01,0.000000e+00,0.000000e+00,0.000000e+00,1.129496e+00
90828000000,/,drone1,1,-1,world,-3.892126,-0.197981,0.000000,4.652980e-01,0.000000e+00,0.000000e+00,0.000000e+00,4.652980e-01,0.000000e+00,0.000000e+00,0.000000e+00,1.600265e+00
90828000000,/,drone1,2,-1,world,5.624044,-6.076973,0.000000,3.159818e-01,0.000000e+00,0.000000e+00,0.000000e+00,3.159818e-01,0.000000e+00,0.000000e+00,0.000000e+00,1.045654e+00
90912000000,/,drone1,1,-1,world,-3.892126,-0.197981,0.000000,4.652980e-01,0.000000e+00,0.000000e+00,0.000000e+00,4.652980e-01,0.000000e+00,0.000000e+00,0.000000e+00,1.600265e+00
90912000000,/,drone1,2,-1,world,5.621654,-6.047343,0.000000,2.318954e-01,0.000000e+00,0.000000e+00,0.000000e+00,2.318954e-01,0.000000e+00,0.000000e+00,0.000000e+00,7.896275e-01
91000000000,/,drone1,1,-1,world,-3.892126,-0.197981,0.000000,4.652980e-01,0.000000e+00,0.000000e+00,0.000000e+00,4.652980e-01,0.000000e+00,0.000000e+00,0.000000e+00,1.600265e+00
91000000000,/,drone1,2,-1,world,5.626969,-6.024129,0.000000,1.920038e-01,0.000000e+00,0.000000e+00,0.000000e+00,1.920038e-01,0.000000e+00,0.000000e+00,0.000000e+00,6.618542e-01
91076000000,/,drone1,1,-1,world,-3.892126,-0.197981,0.000000,4.652980e-01,0.000000e+00,0.000000e+00,0.000000e+00,4.652980e-01,0.000000e+00,0.000000e+00,0.000000e+00,1.600265e+00
91076000000,/,drone1,2,-1,world,5.631471,-6.010746,0.000000,1.815155e-01,0.000000e+00,0.000000e+00,0.000000e+00,1.815155e-01,0.000000e+00,0.000000e+00,0.000000e+00,6.263890e-01
91128000000,/,drone1,1,-1,world,-3.892126,-0.197981,0.000000,4.652980e-01,0.000000e+00,0.000000e+00,0.000000e+00,4.652980e-01,0.000000e+00,0.000000e+00,0.000000e+00,1.600265e+00
91128000000,/,drone1,2,-1,world,5.632641,-6.006820,0.000000,1.801690e-01,0.000000e+00,0.000000e+00,0.000000e+00,1.801690e-01,0.000000e+00,0.000000e+00,0.000000e+00,6.178143e-01
91208000000,/,drone1,1,-1,world,-3.892126,-0.197981,0.000000,4.652980e-01,0.000000e+00,0.000000e+00,0.000000e+00,4.652980e-01,0.000000e+00,0.000000e+00,0.000000e+00,1.600265e+00
91208000000,/,drone1,2,-1,world,5.623484,-6.003852,0.000000,1.763585e-01,0.000000e+00,0.000000e+00,0.000000e+00,1.763585e-01,0.000000e+00,0.000000e+00,0.000000e+00,5.827969e-01
91300000000,/,drone1,1,-1,world,-3.892126,-0.197981,0.000000,4.652980e-01,0.000000e+00,0.000000e+00,0.000000e+00,4.652980e-01,0.000000e+00,0.000000e+00,0.000000e+00,1.600265e+00
91300000000,/,drone1,2,-1,world,5.622090,-6.003434,0.000000,1.758181e-01,0.000000e+00,0.000000e+00,0.000000e+00,1.758181e-01,0.000000e+00,0.000000e+00,0.000000e+00,5.777024e-01
91376000000,/,drone1,1,-1,world,-3.892126,-0.197981,0.000000,4.652980e-01,0.000000e+00,0.000000e+00,0.000000e+00,4.652980e-01,0.000000e+00,0.000000e+00,0.000000e+00,1.600265e+00
91376000000,/,drone1,2,-1,world,5.621894,-6.003376,0.000000,1.757482e-01,0.000000e+00,0.000000e+00,0.000000e+00,1.757482e-01,0.000000e+00,0.000000e+00,0.000000e+00,5.769953e-01
91432000000,/,drone1,1,-1,world,-3.892126,-0.197981,0.000000,4.652980e-01,0.000000e+00,0.000000e+00,0.000000e+00,4.652980e-01,0.000000e+00,0.000000e+00,0.000000e+00,1.600265e+00
91432000000,/,drone1,2,-1,world,5.616652,-6.016916,0.000000,1.638723e-01,0.000000e+00,0.000000e+00,0.000000e+00,1.638723e-01,0.000000e+00,0.000000e+00,0.000000e+00,5.392777e-01
91500000000,/,drone1,1,-1,world,-3.892126,-0.197981,0.000000,4.652980e-01,0.000000e+00,0.000000e+00,0.000000e+00,4.652980e-01,0.000000e+00,0.000000e+00,0.000000e+00,1.600265e+00
91500000000,/,drone1,2,-1,world,5.605291,-6.011705,0.000000,1.786589e-01,0.000000e+00,0.000000e+00,0.000000e+00,1.786589e-01,0.000000e+00,0.000000e+00,0.000000e+00,5.548949e-01
91592000000,/,drone1,1,-1,world,-3.892126,-0.197981,0.000000,4.652980e-01,0.000000e+00,0.000000e+00,0.000000e+00,4.652980e-01,0.000000e+00,0.000000e+00,0.000000e+00,1.600265e+00
91592000000,/,drone1,2,-1,world,5.591281,-6.036977,0.000000,1.721794e-01,0.000000e+00,0.000000e+00,0.000000e+00,1.721794e-01,0.000000e+00,0.000000e+00,0.000000e+00,5.270573e-01
91648000000,/,drone1,1,-1,world,-3.892126,-0.197981,0.000000,4.652980e-01,0.000000e+00,0.000000e+00,0.000000e+00,4.652980e-01,0.000000e+00,0.000000e+00,0.000000e+00,1.600265e+00
91648000000,/,drone1,2,-1,world,5.587873,-6.038788,0.000000,1.824607e-01,0.000000e+00,0.000000e+00,0.000000e+00,1.824607e-01,0.000000e+00,0.000000e+00,0.000000e+00,5.478461e-01
91708000000,/,drone1,1,-1,world,-3.892126,-0.197981,0.000000,4.652980e-01,0.000000e+00,0.000000e+00,0.000000e+00,4.652980e-01,0.000000e+00,0.000000e+00,0.000000e+00,1.600265e+00
91708000000,/,drone1,2,-1,world,5.597418,-6.016362,0.000000,1.978623e-01,0.000000e+00,0.000000e+00,0.000000e+00,1.978623e-01,0.000000e+00,0.000000e+00,0.000000e+00,5.902046e-01
91808000000,/,drone1,1,-1,world,-3.892126,-0.197981,0.000000,4.652980e-01,0.000000e+00,0.000000e+00,0.000000e+00,4.652980e-01,0.000000e+00,0.000000e+00,0.000000e+00,1.600265e+00
91808000000,/,drone1,2,-1,world,5.568064,-6.012981,0.000000,1.680542e-01,0.000000e+00,0.000000e+00,0.000000e+00,1.680542e-01,0.000000e+00,0.000000e+00,0.000000e+00,5.208110e-01
91900000000,/,drone1,1,-1,world,-3.892126,-0.197981,0.000000,4.652980e-01,0.000000e+00,0.000000e+00,0.000000e+00,4.652980e-01,0.000000e+00,0.000000e+00,0.000000e+00,1.600265e+00
91900000000,/,drone1,2,-1,world,5.562541,-6.012174,0.000000,1.625688e-01,0.000000e+00,0.000000e+00,0.000000e+00,1.625688e-01,0.000000e+00,0.000000e+00,0.000000e+00,5.075159e-01
91984000000,/,drone1,1,-1,world,-3.892126,-0.197981,0.000000,4.652980e-01,0.000000e+00,0.000000e+00,0.000000e+00,4.652980e-01,0.000000e+00,0.000000e+00,0.000000e+00,1.600265e+00
91984000000,/,drone1,2,-1,world,5.561468,-6.010476,0.000000,1.523939e-01,0.000000e+00,0.000000e+00,0.000000e+00,1.523939e-01,0.000000e+00,0.000000e+00,0.000000e+00,4.811065e-01
92048000000,/,drone1,1,-1,world,-3.892126,-0.197981,0.000000,4.652980e-01,0.000000e+00,0.000000e+00,0.000000e+00,4.652980e-01,0.000000e+00,0.000000e+00,0.000000e+00,1.600265e+00
92048000000,/,drone1,2,-1,world,5.561799,-6.009193,0.000000,1.483131e-01,0.000000e+00,0.000000e+00,0.000000e+00,1.483131e-01,0.000000e+00,0.000000e+00,0.000000e+00,4.684854e-01
92120000000,/,drone1,1,-1,world,-3.892126,-0.197981,0.000000,4.652980e-01,0.000000e+00,0.000000e+00,0.000000e+00,4.652980e-01,0.000000e+00,0.000000e+00,0.000000e+00,1.600265e+00
92120000000,/,drone1,2,-1,world,5.510093,-5.927559,0.000000,3.627680e-01,0.000000e+00,0.000000e+00,0.000000e+00,3.627680e-01,0.000000e+00,0.000000e+00,0.000000e+00,1.198746e+00
92204000000,/,drone1,1,-1,world,-3.892126,-0.197981,0.000000,4.652980e-01,0.000000e+00,0.000000e+00,0.000000e+00,4.652980e-01,0.000000e+00,0.000000e+00,0.000000e+00,1.600265e+00
92204000000,/,drone1,2,-1,world,5.508607,-5.934151,0.000000,3.590829e-01,0.000000e+00,0.000000e+00,0.000000e+00,3.590829e-01,0.000000e+00,0.000000e+00,0.000000e+00,1.180659e+00
92300000000,/,drone1,1,-1,world,-3.892126,-0.197981,0.000000,4.652980e-01,0.000000e+00,0.000000e+00,0.000000e+00,4.652980e-01,0.000000e+00,0.000000e+00,0.000000e+00,1.600265e+00
92300000000,/,drone1,2,-1,world,5.508110,-5.936193,0.000000,3.580092e-01,0.000000e+00,0.000000e+00,0.000000e+00,3.580092e-01,0.000000e+00,0.000000e+00,0.000000e+00,1.175292e+00
92392000000,/,drone1,1,-1,world,-3.892126,-0.197981,0.000000,4.652980e-01,0.000000e+00,0.000000e+00,0.000000e+00,4.652980e-01,0.000000e+00,0.000000e+00,0.000000e+00,1.600265e+00
92392000000,/,drone1,2,-1,world,5.504813,-5.966416,0.000000,2.693784e-01,0.000000e+00,0.000000e+00,0.000000e+00,2.693784e-01,0.000000e+00,0.000000e+00,0.000000e+00,8.782295e-01
92456000000,/,drone1,1,-1,world,-3.892126,-0.197981,0.000000,4.652980e-01,0.000000e+00,0.000000e+00,0.000000e+00,4.652980e-01,0.000000e+00,0.000000e+00,0.000000e+00,1.600265e+00
92456000000,/,drone1,2,-1,world,5.502141,-5.985263,0.000000,2.178921e-01,0.000000e+00,0.000000e+00,0.000000e+00,2.178921e-01,0.000000e+00,0.000000e+00,0.000000e+00,7.079607e-01
92516000000,/,drone1,1,-1,world,-3.892126,-0.197981,0.000000,4.652980e-01,0.000000e+00,0.000000e+00,0.000000e+00,4.652980e-01,0.000000e+00,0.000000e+00,0.000000e+00,1.600265e+00
92516000000,/,drone1,2,-1,world,5.500896,-5.990580,0.000000,2.006936e-01,0.000000e+00,0.000000e+00,0.000000e+00,2.006936e-01,0.000000e+00,0.000000e+00,0.000000e+00,6.517458e-01
92608000000,/,drone1,1,-1,world,-3.892126,-0.197981,0.000000,4.652980e-01,0.000000e+00,0.000000e+00,0.000000e+00,4.652980e-01,0.000000e+00,0.000000e+00,0.000000e+00,1.600265e+00
92608000000,/,drone1,2,-1,world,5.504859,-6.032557,0.000000,1.734585e-01,0.000000e+00,0.000000e+00,0.000000e+00,1.734585e-01,0.000000e+00,0.000000e+00,0.000000e+00,5.470269e-01
92692000000,/,drone1,1,-1,world,-3.892126,-0.197981,0.000000,4.652980e-01,0.000000e+00,0.000000e+00,0.000000e+00,4.652980e-01,0.000000e+00,0.000000e+00,0.000000e+00,1.600265e+00
92692000000,/,drone1,2,-1,world,5.495881,-6.020445,0.000000,1.643866e-01,0.000000e+00,0.000000e+00,0.000000e+00,1.643866e-01,0.000000e+00,0.000000e+00,0.000000e+00,5.193281e-01
92748000000,/,drone1,1,-1,world,-3.892126,-0.197981,0.000000,4.652980e-01,0.000000e+00,0.000000e+00,0.000000e+00,4.652980e-01,0.000000e+00,0.000000e+00,0.000000e+00,1.600265e+00
92748000000,/,drone1,2,-1,world,5.493913,-6.018046,0.000000,1.635192e-01,0.000000e+00,0.000000e+00,0.000000e+00,1.635192e-01,0.000000e+00,0.000000e+00,0.000000e+00,5.146457e-01
92832000000,/,drone1,1,-1,world,-3.892126,-0.197981,0.000000,4.652980e-01,0.000000e+00,0.000000e+00,0.000000e+00,4.652980e-01,0.000000e+00,0.000000e+00,0.000000e+00,1.600265e+00
92832000000,/,drone1,2,-1,world,5.493578,-6.017586,0.000000,1.634136e-01,0.000000e+00,0.000000e+00,0.000000e+00,1.634136e-01,0.000000e+00,0.000000e+00,0.000000e+00,5.140486e-01
92896000000,/,drone1,1,-1,world,-3.892126,-0.197981,0.000000,4.652980e-01,0.000000e+00,0.000000e+00,0.000000e+00,4.652980e-01,0.000000e+00,0.000000e+00,0.000000e+00,1.600265e+00
92896000000,/,drone1,2,-1,world,5.493524,-6.017505,0.000000,1.634011e-01,0.000000e+00,0.000000e+00,0.000000e+00,1.634011e-01,0.000000e+00,0.000000e+00,0.000000e+00,5.139732e-01
92964000000,/,drone1,1,-1,world,-3.892126,-0.197981,0.000000,4.652980e-01,0.000000e+00,0.000000e+00,0.000000e+00,4.652980e-01,0.000000e+00,0.000000e+00,0.000000e+00,1.600265e+00
92964000000,/,drone1,2,-1,world,5.495414,-6.019790,0.000000,1.610660e-01,0.000000e+00,0.000000e+00,0.000000e+00,1.610660e-01,0.000000e+00,0.000000e+00,0.000000e+00,4.956110e-01
93052000000,/,drone1,1,-1,world,-3.892126,-0.197981,0.000000,4.652980e-01,0.000000e+00,0.000000e+00,0.000000e+00,4.652980e-01,0.000000e+00,0.000000e+00,0.000000e+00,1.600265e+00
93052000000,/,drone1,2,-1,world,5.499548,-6.021327,0.000000,1.712009e-01,0.000000e+00,0.000000e+00,0.000000e+00,1.712009e-01,0.000000e+00,0.000000e+00,0.000000e+00,5.113618e-01
93112000000,/,drone1,1,-1,world,-3.892126,-0.197981,0.000000,4.652980e-01,0.000000e+00,0.000000e+00,0.000000e+00,4.652980e-01,0.000000e+00,0.000000e+00,0.000000e+00,1.600265e+00
93112000000,/,drone1,2,-1,world,5.500247,-6.022062,0.000000,1.723474e-01,0.000000e+00,0.000000e+00,0.000000e+00,1.723474e-01,0.000000e+00,0.000000e+00,0.000000e+00,5.127467e-01
93200000000,/,drone1,1,-1,world,-3.892126,-0.197981,0.000000,4.652980e-01,0.000000e+00,0.000000e+00,0.000000e+00,4.652980e-01,0.000000e+00,0.000000e+00,0.000000e+00,1.600265e+00
93200000000,/,drone1,2,-1,world,5.528559,-6.098406,0.000000,3.432452e-01,0.000000e+00,0.000000e+00,0.000000e+00,3.432452e-01,0.000000e+00,0.000000e+00,0.000000e+00,1.063516e+00
93288000000,/,drone1,1,-1,world,-3.892126,-0.197981,0.000000,4.652980e-01,0.000000e+00,0.000000e+00,0.000000e+00,4.652980e-01,0.000000e+00,0.000000e+00,0.000000e+00,1.600265e+00
93288000000,/,drone1,2,-1,world,5.528400,-6.098060,0.000000,3.447003e-01,0.000000e+00,0.000000e+00,0.000000e+00,3.447003e-01,0.000000e+00,0.000000e+00,0.000000e+00,1.067937e+00
93360000000,/,drone1,1,-1,world,-3.892126,-0.197981,0.000000,4.652980e-01,0.000000e+00,0.000000e+00,0.000000e+00,4.652980e-01,0.000000e+00,0.000000e+00,0.000000e+00,1.600265e+00
93360000000,/,drone1,2,-1,world,5.528346,-6.097930,0.000000,3.449461e-01,0.000000e+00,0.000000e+00,0.000000e+00,3.449461e-01,0.000000e+00,0.000000e+00,0.000000e+00,1.068669e+00
93412000000,/,drone1,1,-1,world,-3.892126,-0.197981,0.000000,4.652980e-01,0.000000e+00,0.000000e+00,0.000000e+00,4.652980e-01,0.000000e+00,0.000000e+00,0.000000e+00,1.600265e+00
93412000000,/,drone1,2,-1,world,5.528331,-6.097893,0.000000,3.449883e-01,0.000000e+00,0.000000e+00,0.000000e+00,3.449883e-01,0.000000e+00,0.000000e+00,0.000000e+00,1.068791e+00
93500000000,/,drone1,1,-1,world,-3.892126,-0.197981,0.000000,4.652980e-01,0.000000e+00,0.000000e+00,0.000000e+00,4.652980e-01,0.000000e+00,0.000000e+00,0.000000e+00,1.600265e+00
93500000000,/,drone1,2,-1,world,5.528327,-6.097883,0.000000,3.449956e-01,0.000000e+00,0.000000e+00,0.000000e+00,3.449956e-01,0.000000e+00,0.000000e+00,0.000000e+00,1.068811e+00
93592000000,/,drone1,1,-1,world,-3.892126,-0.197981,0.000000,4.652980e-01,0.000000e+00,0.000000e+00,0.000000e+00,4.652980e-01,0.000000e+00,0.000000e+00,0.000000e+00,1.600265e+00
93592000000,/,drone1,2,-1,world,5.528326,-6.097880,0.000000,3.449968e-01,0.000000e+00,0.000000e+00,0.000000e+00,3.449968e-01,0.000000e+00,0.000000e+00,0.000000e+00,1.068814e+00
93660000000,/,drone1,1,-1,world,-3.892126,-0.197981,0.000000,4.652980e-01,0.000000e+00,0.000000e+00,0.000000e+00,4.652980e-01,0.000000e+00,0.000000e+00,0.000000e+00,1.600265e+00
93660000000,/,drone1,2,-1,world,5.528326,-6.097880,0.000000,3.449970e-01,0.000000e+00,0.000000e+00,0.000000e+00,3.449970e-01,0.000000e+00,0.000000e+00,0.000000e+00,1.068815e+00
93732000000,/,drone1,1,-1,world,-3.892126,-0.197981,0.000000,4.652980e-01,0.000000e+00,0.000000e+00,0.000000e+00,4.652980e-01,0.000000e+00,0.000000e+00,0.000000e+00,1.600265e+00
93732000000,/,drone1,2,-1,world,5.528326,-6.097880,0.000000,3.449971e-01,0.000000e+00,0.000000e+00,0.000000e+00,3.449971e-01,0.000000e+00,0.000000e+00,0.000000e+00,1.068815e+00
93800000000,/,drone1,1,-1,world,-3.892126,-0.197981,0.000000,4.652980e-01,0.000000e+00,0.000000e+00,0.000000e+00,4.652980e-01,0.000000e+00,0.000000e+00,0.000000e+00,1.600265e+00
93800000000,/,drone1,2,-1,world,5.528326,-6.097880,0.000000,3.449971e-01,0.000000e+00,0.000000e+00,0.000000e+00,3.449971e-01,0.000000e+00,0.000000e+00,0.000000e+00,1.068815e+00
93880000000,/,drone1,1,-1,world,-3.892126,-0.197981,0.000000,4.652980e-01,0.000000e+00,0.000000e+00,0.000000e+00,4.652980e-01,0.000000e+00,0.000000e+00,0.000000e+00,1.600265e+00
93880000000,/,drone1,2,-1,world,5.528326,-6.097880,0.000000,3.449971e-01,0.000000e+00,0.000000e+00,0.000000e+00,3.449971e-01,0.000000e+00,0.000000e+00,0.000000e+00,1.068815e+00
93928000000,/,drone1,1,-1,world,-3.892126,-0.197981,0.000000,4.652980e-01,0.000000e+00,0.000000e+00,0.000000e+00,4.652980e-01,0.000000e+00,0.000000e+00,0.000000e+00,1.600265e+00
93928000000,/,drone1,2,-1,world,5.510409,-6.080074,0.000000,2.534036e-01,0.000000e+00,0.000000e+00,0.000000e+00,2.534036e-01,0.000000e+00,0.000000e+00,0.000000e+00,8.266268e-01
93996000000,/,drone1,1,-1,world,-3.892126,-0.197981,0.000000,4.652980e-01,0.000000e+00,0.000000e+00,0.000000e+00,4.652980e-01,0.000000e+00,0.000000e+00,0.000000e+00,1.600265e+00
93996000000,/,drone1,2,-1,world,5.501425,-6.045308,0.000000,1.963748e-01,0.000000e+00,0.000000e+00,0.000000e+00,1.963748e-01,0.000000e+00,0.000000e+00,0.000000e+00,6.234259e-01
94072000000,/,drone1,1,-1,world,-3.892126,-0.197981,0.000000,4.652980e-01,0.000000e+00,0.000000e+00,0.000000e+00,4.652980e-01,0.000000e+00,0.000000e+00,0.000000e+00,1.600265e+00
94072000000,/,drone1,2,-1,world,5.476881,-5.957878,0.000000,1.959956e-01,0.000000e+00,0.000000e+00,0.000000e+00,1.959956e-01,0.000000e+00,0.000000e+00,0.000000e+00,6.282203e-01
94120000000,/,drone1,1,-1,world,-3.892126,-0.197981,0.000000,4.652980e-01,0.000000e+00,0.000000e+00,0.000000e+00,4.652980e-01,0.000000e+00,0.000000e+00,0.000000e+00,1.600265e+00
94120000000,/,drone1,2,-1,world,5.493217,-6.012071,0.000000,1.749999e-01,0.000000e+00,0.000000e+00,0.000000e+00,1.749999e-01,0.000000e+00,0.000000e+00,0.000000e+00,5.457634e-01
94200000000,/,drone1,1,-1,world,-3.892126,-0.197981,0.000000,4.652980e-01,0.000000e+00,0.000000e+00,0.000000e+00,4.652980e-01,0.000000e+00,0.000000e+00,0.000000e+00,1.600265e+00
94200000000,/,drone1,2,-1,world,5.496076,-6.014753,0.000000,1.698846e-01,0.000000e+00,0.000000e+00,0.000000e+00,1.698846e-01,0.000000e+00,0.000000e+00,0.000000e+00,5.228584e-01
94284000000,/,drone1,1,-1,world,-3.892126,-0.197981,0.000000,4.652980e-01,0.000000e+00,0.000000e+00,0.000000e+00,4.652980e-01,0.000000e+00,0.000000e+00,0.000000e+00,1.600265e+00
94284000000,/,drone1,2,-1,world,5.505905,-6.027236,0.000000,1.625195e-01,0.000000e+00,0.000000e+00,0.000000e+00,1.625195e-01,0.000000e+00,0.000000e+00,0.000000e+00,5.092457e-01
94332000000,/,drone1,1,-1,world,-3.892126,-0.197981,0.000000,4.652980e-01,0.000000e+00,0.000000e+00,0.000000e+00,4.652980e-01,0.000000e+00,0.000000e+00,0.000000e+00,1.600265e+00
94332000000,/,drone1,2,-1,world,5.499679,-6.009218,0.000000,1.681258e-01,0.000000e+00,0.000000e+00,0.000000e+00,1.681258e-01,0.000000e+00,0.000000e+00,0.000000e+00,5.117943e-01
94400000000,/,drone1,1,-1,world,-3.892126,-0.197981,0.000000,4.652980e-01,0.000000e+00,0.000000e+00,0.000000e+00,4.652980e-01,0.000000e+00,0.000000e+00,0.000000e+00,1.600265e+00
94400000000,/,drone1,2,-1,world,5.586244,-6.033013,0.000000,3.657254e-01,0.000000e+00,0.000000e+00,0.000000e+00,3.657254e-01,0.000000e+00,0.000000e+00,0.000000e+00,1.144660e+00
94488000000,/,drone1,1,-1,world,-3.892126,-0.197981,0.000000,4.652980e-01,0.000000e+00,0.000000e+00,0.000000e+00,4.652980e-01,0.000000e+00,0.000000e+00,0.000000e+00,1.600265e+00
94488000000,/,drone1,2,-1,world,5.585382,-6.029730,0.000000,3.661107e-01,0.000000e+00,0.000000e+00,0.000000e+00,3.661107e-01,0.000000e+00,0.000000e+00,0.000000e+00,1.147980e+00
94548000000,/,drone1,1,-1,world,-3.892126,-0.197981,0.000000,4.652980e-01,0.000000e+00,0.000000e+00,0.000000e+00,4.652980e-01,0.000000e+00,0.000000e+00,0.000000e+00,1.600265e+00
94548000000,/,drone1,2,-1,world,5.585153,-6.028907,0.000000,3.661787e-01,0.000000e+00,0.000000e+00,0.000000e+00,3.661787e-01,0.000000e+00,0.000000e+00,0.000000e+00,1.148721e+00
94616000000,/,drone1,1,-1,world,-3.892126,-0.197981,0.000000,4.652980e-01,0.000000e+00,0.000000e+00,0.000000e+00,4.652980e-01,0.000000e+00,0.000000e+00,0.000000e+00,1.600265e+00
94616000000,/,drone1,2,-1,world,5.585093,-6.028700,0.000000,3.661900e-01,0.000000e+00,0.000000e+00,0.000000e+00,3.661900e-01,0.000000e+00,0.000000e+00,0.000000e+00,1.148888e+00
94704000000,/,drone1,1,-1,world,-3.892126,-0.197981,0.000000,4.652980e-01,0.000000e+00,0.000000e+00,0.000000e+00,4.652980e-01,0.000000e+00,0.000000e+00,0.000000e+00,1.600265e+00
94704000000,/,drone1,2,-1,world,5.581840,-6.030851,0.000000,3.507065e-01,0.000000e+00,0.000000e+00,0.000000e+00,3.507065e-01,0.000000e+00,0.000000e+00,0.000000e+00,1.101720e+00
94780000000,/,drone1,1,-1,world,-3.892126,-0.197981,0.000000,4.652980e-01,0.000000e+00,0.000000e+00,0.000000e+00,4.652980e-01,0.000000e+00,0.000000e+00,0.000000e+00,1.600265e+00
94780000000,/,drone1,2,-1,world,5.584786,-6.029552,0.000000,3.633915e-01,0.000000e+00,0.000000e+00,0.000000e+00,3.633915e-01,0.000000e+00,0.000000e+00,0.000000e+00,1.140319e+00
94844000000,/,drone1,1,-1,world,-3.892126,-0.197981,0.000000,4.652980e-01,0.000000e+00,0.000000e+00,0.000000e+00,4.652980e-01,0.000000e+00,0.000000e+00,0.000000e+00,1.600265e+00
94844000000,/,drone1,2,-1,world,5.585081,-6.028930,0.000000,3.656322e-01,0.000000e+00,0.000000e+00,0.000000e+00,3.656322e-01,0.000000e+00,0.000000e+00,0.000000e+00,1.147196e+00
94904000000,/,drone1,1,-1,world,-3.892126,-0.197981,0.000000,4.652980e-01,0.000000e+00,0.000000e+00,0.000000e+00,4.652980e-01,0.000000e+00,0.000000e+00,0.000000e+00,1.600265e+00
94904000000,/,drone1,2,-1,world,5.581843,-6.030924,0.000000,3.505561e-01,0.000000e+00,0.000000e+00,0.000000e+00,3.505561e-01,0.000000e+00,0.000000e+00,0.000000e+00,1.101261e+00
94980000000,/,drone1,1,-1,world,-3.892126,-0.197981,0.000000,4.652980e-01,0.000000e+00,0.000000e+00,0.000000e+00,4.652980e-01,0.000000e+00,0.000000e+00,0.000000e+00,1.600265e+00
94980000000,/,drone1,2,-1,world,5.584792,-6.029573,0.000000,3.633678e-01,0.000000e+00,0.000000e+00,0.000000e+00,3.633678e-01,0.000000e+00,0.000000e+00,0.000000e+00,1.140246e+00
95044000000,/,drone1,1,-1,world,-3.892126,-0.197981,0.000000,4.652980e-01,0.000000e+00,0.000000e+00,0.000000e+00,4.652980e-01,0.000000e+00,0.000000e+00,0.000000e+00,1.600265e+00
95044000000,/,drone1,2,-1,world,5.585083,-6.028935,0.000000,3.656276e-01,0.000000e+00,0.000000e+00,0.000000e+00,3.656276e-01,0.000000e+00,0.000000e+00,0.000000e+00,1.147181e+00
95112000000,/,drone1,1,-1,world,-3.892126,-0.197981,0.000000,4.652980e-01,0.000000e+00,0.000000e+00,0.000000e+00,4.652980e-01,0.000000e+00,0.000000e+00,0.000000e+00,1.600265e+00
95112000000,/,drone1,2,-1,world,5.585091,-6.028721,0.000000,3.660773e-01,0.000000e+00,0.000000e+00,0.000000e+00,3.660773e-01,0.000000e+00,0.000000e+00,0.000000e+00,1.148576e+00
95200000000,/,drone1,1,-1,world,-3.892126,-0.197981,0.000000,4.652980e-01,0.000000e+00,0.000000e+00,0.000000e+00,4.652980e-01,0.000000e+00,0.000000e+00,0.000000e+00,1.600265e+00
95200000000,/,drone1,2,-1,world,5.585080,-6.028657,0.000000,3.661686e-01,0.000000e+00,0.000000e+00,0.000000e+00,3.661686e-01,0.000000e+00,0.000000e+00,0.000000e+00,1.148862e+00
95272000000,/,drone1,1,-1,world,-3.892126,-0.197981,0.000000,4.652980e-01,0.000000e+00,0.000000e+00,0.000000e+00,4.652980e-01,0.000000e+00,0.000000e+00,0.000000e+00,1.600265e+00
95272000000,/,drone1,2,-1,world,5.609276,-6.017404,0.000000,3.351113e-01,0.000000e+00,0.000000e+00,0.000000e+00,3.351113e-01,0.000000e+00,0.000000e+00,0.000000e+00,1.097723e+00
95340000000,/,drone1,1,-1,world,-3.892126,-0.197981,0.000000,4.652980e-01,0.000000e+00,0.000000e+00,0.000000e+00,4.652980e-01,0.000000e+00,0.000000e+00,0.000000e+00,1.600265e+00
95340000000,/,drone1,2,-1,world,5.617375,-6.014853,0.000000,3.271823e-01,0.000000e+00,0.000000e+00,0.000000e+00,3.271823e-01,0.000000e+00,0.000000e+00,0.000000e+00,1.085757e+00
95404000000,/,drone1,1,-1,world,-3.892126,-0.197981,0.000000,4.652980e-01,0.000000e+00,0.000000e+00,0.000000e+00,4.652980e-01,0.000000e+00,0.000000e+00,0.000000e+00,1.600265e+00
95404000000,/,drone1,2,-1,world,5.635234,-6.006115,0.000000,2.665253e-01,0.000000e+00,0.000000e+00,0.000000e+00,2.665253e-01,0.000000e+00,0.000000e+00,0.000000e+00,8.934570e-01
95504000000,/,drone1,2,-1,world,5.646808,-6.004991,0.000000,2.455073e-01,0.000000e+00,0.000000e+00,0.000000e+00,2.455073e-01,0.000000e+00,0.000000e+00,0.000000e+00,8.270706e-01
95604000000,/,drone1,2,-1,world,5.618121,-6.049860,0.000000,2.982784e-01,0.000000e+00,0.000000e+00,0.000000e+00,2.982784e-01,0.000000e+00,0.000000e+00,0.000000e+00,8.944134e-01
95704000000,/,drone1,2,-1,world,5.640446,-6.026085,0.000000,2.858779e-01,0.000000e+00,0.000000e+00,0.000000e+00,2.858779e-01,0.000000e+00,0.000000e+00,0.000000e+00,8.997701e-01
95820000000,/,drone1,2,-1,world,5.647796,-6.008883,0.000000,2.614025e-01,0.000000e+00,0.000000e+00,0.000000e+00,2.614025e-01,0.000000e+00,0.000000e+00,0.000000e+00,8.702488e-01
95900000000,/,drone1,2,-1,world,5.656139,-6.016498,0.000000,2.530977e-01,0.000000e+00,0.000000e+00,0.000000e+00,2.530977e-01,0.000000e+00,0.000000e+00,0.000000e+00,8.452757e-01
95988000000,/,drone1,2,-1,world,5.657378,-6.017724,0.000000,2.519774e-01,0.000000e+00,0.000000e+00,0.000000e+00,2.519774e-01,0.000000e+00,0.000000e+00,0.000000e+00,8.418667e-01
96044000000,/,drone1,2,-1,world,5.662591,-6.012183,0.000000,2.441715e-01,0.000000e+00,0.000000e+00,0.000000e+00,2.441715e-01,0.000000e+00,0.000000e+00,0.000000e+00,8.221811e-01
96132000000,/,drone1,2,-1,world,5.663531,-6.011551,0.000000,2.431274e-01,0.000000e+00,0.000000e+00,0.000000e+00,2.431274e-01,0.000000e+00,0.000000e+00,0.000000e+00,8.196483e-01
96200000000,/,drone1,2,-1,world,5.635313,-6.027808,0.000000,2.282372e-01,0.000000e+00,0.000000e+00,0.000000e+00,2.282372e-01,0.000000e+00,0.000000e+00,0.000000e+00,7.601074e-01
96268000000,/,drone1,2,-1,world,5.619945,-6.018012,0.000000,3.209878e-01,0.000000e+00,0.000000e+00,0.000000e+00,3.209878e-01,0.000000e+00,0.000000e+00,0.000000e+00,1.022589e+00
96332000000,/,drone1,2,-1,world,5.617836,-6.015501,0.000000,3.250275e-01,0.000000e+00,0.000000e+00,0.000000e+00,3.250275e-01,0.000000e+00,0.000000e+00,0.000000e+00,1.032805e+00
96400000000,/,drone1,2,-1,world,5.617574,-6.016110,0.000000,3.261407e-01,0.000000e+00,0.000000e+00,0.000000e+00,3.261407e-01,0.000000e+00,0.000000e+00,0.000000e+00,1.032810e+00
96488000000,/,drone1,2,-1,world,5.617521,-6.016190,0.000000,3.262926e-01,0.000000e+00,0.000000e+00,0.000000e+00,3.262926e-01,0.000000e+00,0.000000e+00,0.000000e+00,1.032723e+00
96560000000,/,drone1,2,-1,world,5.613984,-6.017847,0.000000,3.269228e-01,0.000000e+00,0.000000e+00,0.000000e+00,3.269228e-01,0.000000e+00,0.000000e+00,0.000000e+00,1.031503e+00
96612000000,/,drone1,2,-1,world,5.599581,-6.030913,0.000000,2.991888e-01,0.000000e+00,0.000000e+00,0.000000e+00,2.991888e-01,0.000000e+00,0.000000e+00,0.000000e+00,9.405384e-01
96700000000,/,drone1,2,-1,world,5.612037,-6.017170,0.000000,3.230893e-01,0.000000e+00,0.000000e+00,0.000000e+00,3.230893e-01,0.000000e+00,0.000000e+00,0.000000e+00,1.022352e+00
96792000000,/,drone1,2,-1,world,5.613271,-6.014565,0.000000,3.252820e-01,0.000000e+00,0.000000e+00,0.000000e+00,3.252820e-01,0.000000e+00,0.000000e+00,0.000000e+00,1.030418e+00
96864000000,/,drone1,2,-1,world,5.600497,-6.023583,0.000000,2.977040e-01,0.000000e+00,0.000000e+00,0.000000e+00,2.977040e-01,0.000000e+00,0.000000e+00,0.000000e+00,9.453400e-01
96940000000,/,drone1,2,-1,world,5.612179,-6.016134,0.000000,3.229016e-01,0.000000e+00,0.000000e+00,0.000000e+00,3.229016e-01,0.000000e+00,0.000000e+00,0.000000e+00,1.023229e+00
97000000000,/,drone1,2,-1,world,5.613296,-6.014387,0.000000,3.252510e-01,0.000000e+00,0.000000e+00,0.000000e+00,3.252510e-01,0.000000e+00,0.000000e+00,0.000000e+00,1.030576e+00
97084000000,/,drone1,2,-1,world,5.613440,-6.014016,0.000000,3.255449e-01,0.000000e+00,0.000000e+00,0.000000e+00,3.255449e-01,0.000000e+00,0.000000e+00,0.000000e+00,1.031509e+00
97152000000,/,drone1,2,-1,world,5.613459,-6.013942,0.000000,3.255826e-01,0.000000e+00,0.000000e+00,0.000000e+00,3.255826e-01,0.000000e+00,0.000000e+00,0.000000e+00,1.031631e+00
97220000000,/,drone1,2,-1,world,5.578905,-6.045670,0.000000,3.063117e-01,0.000000e+00,0.000000e+00,0.000000e+00,3.063117e-01,0.000000e+00,0.000000e+00,0.000000e+00,9.442517e-01
97300000000,/,drone1,2,-1,world,5.600019,-6.029509,0.000000,3.279910e-01,0.000000e+00,0.000000e+00,0.000000e+00,3.279910e-01,0.000000e+00,0.000000e+00,0.000000e+00,1.021845e+00
97368000000,/,drone1,2,-1,world,5.602377,-6.027083,0.000000,3.302168e-01,0.000000e+00,0.000000e+00,0.000000e+00,3.302168e-01,0.000000e+00,0.000000e+00,0.000000e+00,1.030162e+00
97420000000,/,drone1,2,-1,world,5.602695,-6.026678,0.000000,3.304931e-01,0.000000e+00,0.000000e+00,0.000000e+00,3.304931e-01,0.000000e+00,0.000000e+00,0.000000e+00,1.031231e+00
97500000000,/,drone1,2,-1,world,5.602739,-6.026611,0.000000,3.305280e-01,0.000000e+00,0.000000e+00,0.000000e+00,3.305280e-01,0.000000e+00,0.000000e+00,0.000000e+00,1.031371e+00
97584000000,/,drone1,2,-1,world,5.584040,-6.038320,0.000000,2.989754e-01,0.000000e+00,0.000000e+00,0.000000e+00,2.989754e-01,0.000000e+00,0.000000e+00,0.000000e+00,9.405154e-01
97640000000,/,drone1,2,-1,world,5.546819,-6.056968,0.000000,3.610517e-01,0.000000e+00,0.000000e+00,0.000000e+00,3.610517e-01,0.000000e+00,0.000000e+00,0.000000e+00,1.184998e+00
97712000000,/,drone1,2,-1,world,5.542985,-6.056956,0.000000,3.644566e-01,0.000000e+00,0.000000e+00,0.000000e+00,3.644566e-01,0.000000e+00,0.000000e+00,0.000000e+00,1.200802e+00
97800000000,/,drone1,2,-1,world,5.523317,-6.059040,0.000000,2.761857e-01,0.000000e+00,0.000000e+00,0.000000e+00,2.761857e-01,0.000000e+00,0.000000e+00,0.000000e+00,9.267570e-01
97876000000,/,drone1,2,-1,world,5.514798,-6.061111,0.000000,2.145187e-01,0.000000e+00,0.000000e+00,0.000000e+00,2.145187e-01,0.000000e+00,0.000000e+00,0.000000e+00,7.224182e-01
97948000000,/,drone1,2,-1,world,5.501630,-6.071679,0.000000,2.011909e-01,0.000000e+00,0.000000e+00,0.000000e+00,2.011909e-01,0.000000e+00,0.000000e+00,0.000000e+00,6.746644e-01
98012000000,/,drone1,2,-1,world,5.499691,-6.073254,0.000000,1.992437e-01,0.000000e+00,0.000000e+00,0.000000e+00,1.992437e-01,0.000000e+00,0.000000e+00,0.000000e+00,6.677019e-01
98100000000,/,drone1,2,-1,world,5.489997,-6.083455,0.000000,2.014619e-01,0.000000e+00,0.000000e+00,0.000000e+00,2.014619e-01,0.000000e+00,0.000000e+00,0.000000e+00,6.724503e-01
98176000000,/,drone1,2,-1,world,5.471095,-6.113110,0.000000,2.082907e-01,0.000000e+00,0.000000e+00,0.000000e+00,2.082907e-01,0.000000e+00,0.000000e+00,0.000000e+00,6.624050e-01
98236000000,/,drone1,2,-1,world,5.484008,-6.090265,0.000000,1.947839e-01,0.000000e+00,0.000000e+00,0.000000e+00,1.947839e-01,0.000000e+00,0.000000e+00,0.000000e+00,6.345575e-01
98300000000,/,drone1,2,-1,world,5.474566,-6.012807,0.000000,3.366849e-01,0.000000e+00,0.000000e+00,0.000000e+00,3.366849e-01,0.000000e+00,0.000000e+00,0.000000e+00,1.121341e+00
98380000000,/,drone1,2,-1,world,5.466618,-6.023617,0.000000,3.353181e-01,0.000000e+00,0.000000e+00,0.000000e+00,3.353181e-01,0.000000e+00,0.000000e+00,0.000000e+00,1.097877e+00
98440000000,/,drone1,2,-1,world,5.464807,-6.025946,0.000000,3.351608e-01,0.000000e+00,0.000000e+00,0.000000e+00,3.351608e-01,0.000000e+00,0.000000e+00,0.000000e+00,1.093161e+00
98508000000,/,drone1,2,-1,world,5.443933,-6.076659,0.000000,2.550294e-01,0.000000e+00,0.000000e+00,0.000000e+00,2.550294e-01,0.000000e+00,0.000000e+00,0.000000e+00,8.191012e-01
98572000000,/,drone1,2,-1,world,5.429620,-6.115341,0.000000,2.114915e-01,0.000000e+00,0.000000e+00,0.000000e+00,2.114915e-01,0.000000e+00,0.000000e+00,0.000000e+00,6.661133e-01
98652000000,/,drone1,2,-1,world,5.426609,-6.124090,0.000000,2.020312e-01,0.000000e+00,0.000000e+00,0.000000e+00,2.020312e-01,0.000000e+00,0.000000e+00,0.000000e+00,6.334662e-01
98712000000,/,drone1,2,-1,world,5.426148,-6.125226,0.000000,2.006781e-01,0.000000e+00,0.000000e+00,0.000000e+00,2.006781e-01,0.000000e+00,0.000000e+00,0.000000e+00,6.288797e-01
98792000000,/,drone1,2,-1,world,5.426566,-6.136353,0.000000,1.952941e-01,0.000000e+00,0.000000e+00,0.000000e+00,1.952941e-01,0.000000e+00,0.000000e+00,0.000000e+00,6.067427e-01
98872000000,/,drone1,2,-1,world,5.429874,-6.160138,0.000000,2.063043e-01,0.000000e+00,0.000000e+00,0.000000e+00,2.063043e-01,0.000000e+00,0.000000e+00,0.000000e+00,6.350781e-01
98940000000,/,drone1,2,-1,world,5.428042,-6.146124,0.000000,1.949819e-01,0.000000e+00,0.000000e+00,0.000000e+00,1.949819e-01,0.000000e+00,0.000000e+00,0.000000e+00,6.009497e-01
99024000000,/,drone1,2,-1,world,5.427814,-6.144246,0.000000,1.933689e-01,0.000000e+00,0.000000e+00,0.000000e+00,1.933689e-01,0.000000e+00,0.000000e+00,0.000000e+00,5.960304e-01
99120000000,/,drone1,2,-1,world,5.425868,-6.147145,0.000000,1.929179e-01,0.000000e+00,0.000000e+00,0.000000e+00,1.929179e-01,0.000000e+00,0.000000e+00,0.000000e+00,5.921985e-01
99200000000,/,drone1,2,-1,world,5.389146,-6.211061,0.000000,2.788989e-01,0.000000e+00,0.000000e+00,0.000000e+00,2.788989e-01,0.000000e+00,0.000000e+00,0.000000e+00,8.526723e-01
99264000000,/,drone1,2,-1,world,5.375586,-6.236956,0.000000,3.111918e-01,0.000000e+00,0.000000e+00,0.000000e+00,3.111918e-01,0.000000e+00,0.000000e+00,0.000000e+00,9.459591e-01
99352000000,/,drone1,2,-1,world,5.377879,-6.190523,0.000000,2.668524e-01,0.000000e+00,0.000000e+00,0.000000e+00,2.668524e-01,0.000000e+00,0.000000e+00,0.000000e+00,8.093657e-01
99436000000,/,drone1,2,-1,world,5.357328,-6.207147,0.000000,2.302634e-01,0.000000e+00,0.000000e+00,0.000000e+00,2.302634e-01,0.000000e+00,0.000000e+00,0.000000e+00,7.174902e-01
99500000000,/,drone1,2,-1,world,5.352119,-6.212864,0.000000,2.228232e-01,0.000000e+00,0.000000e+00,0.000000e+00,2.228232e-01,0.000000e+00,0.000000e+00,0.000000e+00,6.991623e-01
99592000000,/,drone1,2,-1,world,5.346564,-6.205467,0.000000,1.940639e-01,0.000000e+00,0.000000e+00,0.000000e+00,1.940639e-01,0.000000e+00,0.000000e+00,0.000000e+00,6.118562e-01
99664000000,/,drone1,2,-1,world,5.295772,-6.254149,0.000000,1.825234e-01,0.000000e+00,0.000000e+00,0.000000e+00,1.825234e-01,0.000000e+00,0.000000e+00,0.000000e+00,5.833099e-01
99732000000,/,drone1,2,-1,world,5.336765,-6.207815,0.000000,1.772921e-01,0.000000e+00,0.000000e+00,0.000000e+00,1.772921e-01,0.000000e+00,0.000000e+00,0.000000e+00,5.565986e-01
99808000000,/,drone1,2,-1,world,5.353919,-6.156170,0.000000,1.674105e-01,0.000000e+00,0.000000e+00,0.000000e+00,1.674105e-01,0.000000e+00,0.000000e+00,0.000000e+00,5.168601e-01
99900000000,/,drone1,2,-1,world,5.347457,-6.182449,0.000000,1.676823e-01,0.000000e+00,0.000000e+00,0.000000e+00,1.676823e-01,0.000000e+00,0.000000e+00,0.000000e+00,5.206018e-01
99992000000,/,drone1,2,-1,world,5.331801,-6.184572,0.000000,1.722049e-01,0.000000e+00,0.000000e+00,0.000000e+00,1.722049e-01,0.000000e+00,0.000000e+00,0.000000e+00,5.313338e-01
100060000000,/,drone1,2,-1,world,5.329919,-6.184912,0.000000,1.727390e-01,0.000000e+00,0.000000e+00,0.000000e+00,1.727390e-01,0.000000e+00,0.000000e+00,0.000000e+00,5.326098e-01
100124000000,/,drone1,2,-1,world,5.329990,-6.183488,0.000000,1.666587e-01,0.000000e+00,0.000000e+00,0.000000e+00,1.666587e-01,0.000000e+00,0.000000e+00,0.000000e+00,5.158266e-01
100200000000,/,drone1,2,-1,world,5.294542,-6.206489,0.000000,1.747371e-01,0.000000e+00,0.000000e+00,0.000000e+00,1.747371e-01,0.000000e+00,0.000000e+00,0.000000e+00,5.281971e-01
100300000000,/,drone1,2,-1,world,5.201463,-6.275479,0.000000,1.768451e-01,0.000000e+00,0.000000e+00,0.000000e+00,1.768451e-01,0.000000e+00,0.000000e+00,0.000000e+00,5.292013e-01
100388000000,/,drone1,2,-1,world,5.275955,-6.211499,0.000000,1.710106e-01,0.000000e+00,0.000000e+00,0.000000e+00,1.710106e-01,0.000000e+00,0.000000e+00,0.000000e+00,5.185526e-01
100448000000,/,drone1,2,-1,world,5.287177,-6.206232,0.000000,1.691363e-01,0.000000e+00,0.000000e+00,0.000000e+00,1.691363e-01,0.000000e+00,0.000000e+00,0.000000e+00,5.147162e-01
100520000000,/,drone1,2,-1,world,5.291285,-6.200864,0.000000,1.667203e-01,0.000000e+00,0.000000e+00,0.000000e+00,1.667203e-01,0.000000e+00,0.000000e+00,0.000000e+00,5.086759e-01
100600000000,/,drone1,2,-1,world,5.291929,-6.200149,0.000000,1.664094e-01,0.000000e+00,0.000000e+00,0.000000e+00,1.664094e-01,0.000000e+00,0.000000e+00,0.000000e+00,5.078989e-01
100684000000,/,drone1,2,-1,world,5.292023,-6.200057,0.000000,1.663705e-01,0.000000e+00,0.000000e+00,0.000000e+00,1.663705e-01,0.000000e+00,0.000000e+00,0.000000e+00,5.078018e-01
100720000000,/,drone1,2,-1,world,5.294734,-6.170883,0.000000,1.662337e-01,0.000000e+00,0.000000e+00,0.000000e+00,1.662337e-01,0.000000e+00,0.000000e+00,0.000000e+00,5.083996e-01
100800000000,/,drone1,2,-1,world,5.292383,-6.196330,0.000000,1.663483e-01,0.000000e+00,0.000000e+00,0.000000e+00,1.663483e-01,0.000000e+00,0.000000e+00,0.000000e+00,5.078659e-01
100856000000,/,drone1,2,-1,world,5.194618,-6.264213,0.000000,1.606903e-01,0.000000e+00,0.000000e+00,0.000000e+00,1.606903e-01,0.000000e+00,0.000000e+00,0.000000e+00,4.895093e-01
100900000000,/,drone1,2,-1,world,5.181343,-6.273488,0.000000,1.599226e-01,0.000000e+00,0.000000e+00,0.000000e+00,1.599226e-01,0.000000e+00,0.000000e+00,0.000000e+00,4.870228e-01
100956000000,/,drone1,2,-1,world,5.179668,-6.274661,0.000000,1.598258e-01,0.000000e+00,0.000000e+00,0.000000e+00,1.598258e-01,0.000000e+00,0.000000e+00,0.000000e+00,4.867093e-01
101000000000,/,drone1,2,-1,world,5.279006,-6.208827,0.000000,1.656079e-01,0.000000e+00,0.000000e+00,0.000000e+00,1.656079e-01,0.000000e+00,0.000000e+00,0.000000e+00,5.053378e-01
101048000000,/,drone1,2,-1,world,5.192702,-6.265989,0.000000,1.605841e-01,0.000000e+00,0.000000e+00,0.000000e+00,1.605841e-01,0.000000e+00,0.000000e+00,0.000000e+00,4.891493e-01
101132000000,/,drone1,2,-1,world,5.280419,-6.207875,0.000000,1.656899e-01,0.000000e+00,0.000000e+00,0.000000e+00,1.656899e-01,0.000000e+00,0.000000e+00,0.000000e+00,5.056033e-01
101228000000,/,drone1,2,-1,world,5.192903,-6.265853,0.000000,1.605958e-01,0.000000e+00,0.000000e+00,0.000000e+00,1.605958e-01,0.000000e+00,0.000000e+00,0.000000e+00,4.891869e-01
101312000000,/,drone1,2,-1,world,5.181125,-6.273697,0.000000,1.599106e-01,0.000000e+00,0.000000e+00,0.000000e+00,1.599106e-01,0.000000e+00,0.000000e+00,0.000000e+00,4.869818e-01
101388000000,/,drone1,2,-1,world,5.179641,-6.274688,0.000000,1.598243e-01,0.000000e+00,0.000000e+00,0.000000e+00,1.598243e-01,0.000000e+00,0.000000e+00,0.000000e+00,4.867041e-01
101468000000,/,drone1,2,-1,world,5.058885,-6.338006,0.000000,2.686252e-01,0.000000e+00,0.000000e+00,0.000000e+00,2.686252e-01,0.000000e+00,0.000000e+00,0.000000e+00,7.917764e-01
101540000000,/,drone1,2,-1,world,5.006663,-6.312183,0.000000,4.061124e-01,0.000000e+00,0.000000e+00,0.000000e+00,4.061124e-01,0.000000e+00,0.000000e+00,0.000000e+00,1.313350e+00
101608000000,/,drone1,2,-1,world,5.004635,-6.308512,0.000000,4.146232e-01,0.000000e+00,0.000000e+00,0.000000e+00,4.146232e-01,0.000000e+00,0.000000e+00,0.000000e+00,1.350578e+00
101668000000,/,drone1,2,-1,world,5.014146,-6.297986,0.000000,4.100164e-01,0.000000e+00,0.000000e+00,0.000000e+00,4.100164e-01,0.000000e+00,0.000000e+00,0.000000e+00,1.362561e+00
101712000000,/,drone1,2,-1,world,5.016419,-6.295477,0.000000,4.090054e-01,0.000000e+00,0.000000e+00,0.000000e+00,4.090054e-01,0.000000e+00,0.000000e+00,0.000000e+00,1.365766e+00
101808000000,/,drone1,2,-1,world,5.016957,-6.294883,0.000000,4.087830e-01,0.000000e+00,0.000000e+00,0.000000e+00,4.087830e-01,0.000000e+00,0.000000e+00,0.000000e+00,1.366583e+00
101884000000,/,drone1,2,-1,world,5.017085,-6.294743,0.000000,4.087337e-01,0.000000e+00,0.000000e+00,0.000000e+00,4.087337e-01,0.000000e+00,0.000000e+00,0.000000e+00,1.366786e+00
101972000000,/,drone1,2,-1,world,5.018439,-6.284153,0.000000,4.139522e-01,0.000000e+00,0.000000e+00,0.000000e+00,4.139522e-01,0.000000e+00,0.000000e+00,0.000000e+00,1.374070e+00
102040000000,/,drone1,2,-1,world,5.018625,-6.282526,0.000000,4.146856e-01,0.000000e+00,0.000000e+00,0.000000e+00,4.146856e-01,0.000000e+00,0.000000e+00,0.000000e+00,1.374897e+00
102124000000,/,drone1,2,-1,world,5.018651,-6.282271,0.000000,4.147913e-01,0.000000e+00,0.000000e+00,0.000000e+00,4.147913e-01,0.000000e+00,0.000000e+00,0.000000e+00,1.374988e+00
102204000000,/,drone1,2,-1,world,5.019677,-6.287953,0.000000,4.069673e-01,0.000000e+00,0.000000e+00,0.000000e+00,4.069673e-01,0.000000e+00,0.000000e+00,0.000000e+00,1.363760e+00
102272000000,/,drone1,2,-1,world,5.019892,-6.288997,0.000000,4.058363e-01,0.000000e+00,0.000000e+00,0.000000e+00,4.058363e-01,0.000000e+00,0.000000e+00,0.000000e+00,1.362689e+00
102348000000,/,drone1,2,-1,world,5.017567,-6.291520,0.000000,4.056703e-01,0.000000e+00,0.000000e+00,0.000000e+00,4.056703e-01,0.000000e+00,0.000000e+00,0.000000e+00,1.362757e+00
102440000000,/,drone1,2,-1,world,5.017120,-6.292006,0.000000,4.056436e-01,0.000000e+00,0.000000e+00,0.000000e+00,4.056436e-01,0.000000e+00,0.000000e+00,0.000000e+00,1.362788e+00
102532000000,/,drone1,2,-1,world,5.017035,-6.292099,0.000000,4.056392e-01,0.000000e+00,0.000000e+00,0.000000e+00,4.056392e-01,0.000000e+00,0.000000e+00,0.000000e+00,1.362796e+00
102628000000,/,drone1,2,-1,world,5.000042,-6.314559,0.000000,3.720368e-01,0.000000e+00,0.000000e+00,0.000000e+00,3.720368e-01,0.000000e+00,0.000000e+00,0.000000e+00,1.240277e+00
102700000000,/,drone1,2,-1,world,5.022390,-6.314842,0.000000,3.618354e-01,0.000000e+00,0.000000e+00,0.000000e+00,3.618354e-01,0.000000e+00,0.000000e+00,0.000000e+00,1.231911e+00
102780000000,/,drone1,2,-1,world,5.026555,-6.314929,0.000000,3.603023e-01,0.000000e+00,0.000000e+00,0.000000e+00,3.603023e-01,0.000000e+00,0.000000e+00,0.000000e+00,1.231534e+00
102868000000,/,drone1,2,-1,world,5.006936,-6.323375,0.000000,2.774427e-01,0.000000e+00,0.000000e+00,0.000000e+00,2.774427e-01,0.000000e+00,0.000000e+00,0.000000e+00,9.511755e-01
102948000000,/,drone1,2,-1,world,5.001410,-6.327265,0.000000,2.524246e-01,0.000000e+00,0.000000e+00,0.000000e+00,2.524246e-01,0.000000e+00,0.000000e+00,0.000000e+00,8.672926e-01
103048000000,/,drone1,2,-1,world,5.000515,-6.328249,0.000000,2.484325e-01,0.000000e+00,0.000000e+00,0.000000e+00,2.484325e-01,0.000000e+00,0.000000e+00,0.000000e+00,8.540092e-01
103132000000,/,drone1,2,-1,world,4.978657,-6.362231,0.000000,3.281162e-01,0.000000e+00,0.000000e+00,0.000000e+00,3.281162e-01,0.000000e+00,0.000000e+00,0.000000e+00,1.113496e+00
103236000000,/,drone1,2,-1,world,4.978942,-6.361974,0.000000,3.316006e-01,0.000000e+00,0.000000e+00,0.000000e+00,3.316006e-01,0.000000e+00,0.000000e+00,0.000000e+00,1.125793e+00
103320000000,/,drone1,2,-1,world,4.979077,-6.361792,0.000000,3.320086e-01,0.000000e+00,0.000000e+00,0.000000e+00,3.320086e-01,0.000000e+00,0.000000e+00,0.000000e+00,1.127319e+00
103400000000,/,drone1,2,-1,world,4.979109,-6.361746,0.000000,3.320578e-01,0.000000e+00,0.000000e+00,0.000000e+00,3.320578e-01,0.000000e+00,0.000000e+00,0.000000e+00,1.127517e+00
103500000000,/,drone1,2,-1,world,4.956944,-6.392297,0.000000,3.671047e-01,0.000000e+00,0.000000e+00,0.000000e+00,3.671047e-01,0.000000e+00,0.000000e+00,0.000000e+00,1.226602e+00
103600000000,/,drone1,2,-1,world,4.961658,-6.390364,0.000000,3.744373e-01,0.000000e+00,0.000000e+00,0.000000e+00,3.744373e-01,0.000000e+00,0.000000e+00,0.000000e+00,1.228831e+00
103700000000,/,drone1,2,-1,world,4.992015,-6.355739,0.000000,3.485468e-01,0.000000e+00,0.000000e+00,0.000000e+00,3.485468e-01,0.000000e+00,0.000000e+00,0.000000e+00,1.132738e+00
103772000000,/,drone1,2,-1,world,4.966162,-6.386042,0.000000,3.725883e-01,0.000000e+00,0.000000e+00,0.000000e+00,3.725883e-01,0.000000e+00,0.000000e+00,0.000000e+00,1.217684e+00
103852000000,/,drone1,2,-1,world,4.992892,-6.354910,0.000000,3.481845e-01,0.000000e+00,0.000000e+00,0.000000e+00,3.481845e-01,0.000000e+00,0.000000e+00,0.000000e+00,1.130665e+00
103916000000,/,drone1,2,-1,world,4.997345,-6.349900,0.000000,3.442409e-01,0.000000e+00,0.000000e+00,0.000000e+00,3.442409e-01,0.000000e+00,0.000000e+00,0.000000e+00,1.116582e+00
103984000000,/,drone1,2,-1,world,5.057047,-6.319144,0.000000,3.208158e-01,0.000000e+00,0.000000e+00,0.000000e+00,3.208158e-01,0.000000e+00,0.000000e+00,0.000000e+00,1.048250e+00
104052000000,/,drone1,2,-1,world,5.067536,-6.314318,0.000000,3.171435e-01,0.000000e+00,0.000000e+00,0.000000e+00,3.171435e-01,0.000000e+00,0.000000e+00,0.000000e+00,1.037734e+00
104132000000,/,drone1,2,-1,world,5.069123,-6.313682,0.000000,3.166604e-01,0.000000e+00,0.000000e+00,0.000000e+00,3.166604e-01,0.000000e+00,0.000000e+00,0.000000e+00,1.036406e+00
104220000000,/,drone1,2,-1,world,5.070591,-6.264089,0.000000,3.497008e-01,0.000000e+00,0.000000e+00,0.000000e+00,3.497008e-01,0.000000e+00,0.000000e+00,0.000000e+00,1.147731e+00
104304000000,/,drone1,2,-1,world,5.086853,-6.242017,0.000000,3.277460e-01,0.000000e+00,0.000000e+00,0.000000e+00,3.277460e-01,0.000000e+00,0.000000e+00,0.000000e+00,1.093866e+00
104376000000,/,drone1,2,-1,world,5.079051,-6.229328,0.000000,3.315847e-01,0.000000e+00,0.000000e+00,0.000000e+00,3.315847e-01,0.000000e+00,0.000000e+00,0.000000e+00,1.093616e+00
104432000000,/,drone1,2,-1,world,5.082536,-6.262312,0.000000,2.875995e-01,0.000000e+00,0.000000e+00,0.000000e+00,2.875995e-01,0.000000e+00,0.000000e+00,0.000000e+00,9.480253e-01
104512000000,/,drone1,2,-1,world,5.099215,-6.281401,0.000000,2.671223e-01,0.000000e+00,0.000000e+00,0.000000e+00,2.671223e-01,0.000000e+00,0.000000e+00,0.000000e+00,9.004684e-01
104596000000,/,drone1,2,-1,world,5.083271,-6.265219,0.000000,2.745700e-01,0.000000e+00,0.000000e+00,0.000000e+00,2.745700e-01,0.000000e+00,0.000000e+00,0.000000e+00,8.978781e-01
104672000000,/,drone1,2,-1,world,5.081275,-6.263117,0.000000,2.754855e-01,0.000000e+00,0.000000e+00,0.000000e+00,2.754855e-01,0.000000e+00,0.000000e+00,0.000000e+00,8.974992e-01
104744000000,/,drone1,2,-1,world,5.081018,-6.262836,0.000000,2.756010e-01,0.000000e+00,0.000000e+00,0.000000e+00,2.756010e-01,0.000000e+00,0.000000e+00,0.000000e+00,8.974425e-01
104820000000,/,drone1,2,-1,world,5.167032,-6.232064,0.000000,3.594566e-01,0.000000e+00,0.000000e+00,0.000000e+00,3.594566e-01,0.000000e+00,0.000000e+00,0.000000e+00,1.180493e+00
104908000000,/,drone1,2,-1,world,5.172734,-6.228343,0.000000,3.638577e-01,0.000000e+00,0.000000e+00,0.000000e+00,3.638577e-01,0.000000e+00,0.000000e+00,0.000000e+00,1.196933e+00
105000000000,/,drone1,2,-1,world,5.178043,-6.220680,0.000000,2.815956e-01,0.000000e+00,0.000000e+00,0.000000e+00,2.815956e-01,0.000000e+00,0.000000e+00,0.000000e+00,9.589434e-01
105076000000,/,drone1,2,-1,world,5.181709,-6.220538,0.000000,2.598373e-01,0.000000e+00,0.000000e+00,0.000000e+00,2.598373e-01,0.000000e+00,0.000000e+00,0.000000e+00,8.930899e-01
105152000000,/,drone1,2,-1,world,5.183004,-6.217714,0.000000,2.315141e-01,0.000000e+00,0.000000e+00,0.000000e+00,2.315141e-01,0.000000e+00,0.000000e+00,0.000000e+00,7.944927e-01
105232000000,/,drone1,2,-1,world,5.172925,-6.214258,0.000000,2.141374e-01,0.000000e+00,0.000000e+00,0.000000e+00,2.141374e-01,0.000000e+00,0.000000e+00,0.000000e+00,7.341365e-01
105308000000,/,drone1,2,-1,world,5.157878,-6.212216,0.000000,2.076482e-01,0.000000e+00,0.000000e+00,0.000000e+00,2.076482e-01,0.000000e+00,0.000000e+00,0.000000e+00,7.110473e-01
105400000000,/,drone1,2,-1,world,5.155388,-6.211511,0.000000,2.067162e-01,0.000000e+00,0.000000e+00,0.000000e+00,2.067162e-01,0.000000e+00,0.000000e+00,0.000000e+00,7.077902e-01
105460000000,/,drone1,2,-1,world,5.154997,-6.211346,0.000000,2.065920e-01,0.000000e+00,0.000000e+00,0.000000e+00,2.065920e-01,0.000000e+00,0.000000e+00,0.000000e+00,7.073655e-01
105532000000,/,drone1,2,-1,world,5.154937,-6.211313,0.000000,2.065756e-01,0.000000e+00,0.000000e+00,0.000000e+00,2.065756e-01,0.000000e+00,0.000000e+00,0.000000e+00,7.073109e-01
105628000000,/,drone1,2,-1,world,5.187801,-6.256354,0.000000,3.059891e-01,0.000000e+00,0.000000e+00,0.000000e+00,3.059891e-01,0.000000e+00,0.000000e+00,0.000000e+00,9.908538e-01
105700000000,/,drone1,2,-1,world,5.189530,-6.261752,0.000000,3.150551e-01,0.000000e+00,0.000000e+00,0.000000e+00,3.150551e-01,0.000000e+00,0.000000e+00,0.000000e+00,1.008943e+00
105768000000,/,drone1,2,-1,world,5.189787,-6.262558,0.000000,3.165726e-01,0.000000e+00,0.000000e+00,0.000000e+00,3.165726e-01,0.000000e+00,0.000000e+00,0.000000e+00,1.011808e+00
105848000000,/,drone1,2,-1,world,5.185018,-6.263308,0.000000,3.148647e-01,0.000000e+00,0.000000e+00,0.000000e+00,3.148647e-01,0.000000e+00,0.000000e+00,0.000000e+00,9.950639e-01
105900000000,/,drone1,2,-1,world,5.169559,-6.239926,0.000000,2.453321e-01,0.000000e+00,0.000000e+00,0.000000e+00,2.453321e-01,0.000000e+00,0.000000e+00,0.000000e+00,8.015738e-01
105900000000,/,drone1,2,-1,world,5.165218,-6.233641,0.000000,2.244660e-01,0.000000e+00,0.000000e+00,0.000000e+00,2.244660e-01,0.000000e+00,0.000000e+00,0.000000e+00,7.402590e-01
105900000000,/,drone1,2,-1,world,5.164174,-6.231800,0.000000,2.206897e-01,0.000000e+00,0.000000e+00,0.000000e+00,2.206897e-01,0.000000e+00,0.000000e+00,0.000000e+00,7.292523e-01
105900000000,/,drone1,2,-1,world,5.167642,-6.179311,0.000000,3.076439e-01,0.000000e+00,0.000000e+00,0.000000e+00,3.076439e-01,0.000000e+00,0.000000e+00,0.000000e+00,1.008512e+00
105900000000,/,drone1,2,-1,world,5.175113,-6.223344,0.000000,2.459130e-01,0.000000e+00,0.000000e+00,0.000000e+00,2.459130e-01,0.000000e+00,0.000000e+00,0.000000e+00,8.082641e-01
105900000000,/,drone1,2,-1,world,5.177360,-6.259837,0.000000,2.115410e-01,0.000000e+00,0.000000e+00,0.000000e+00,2.115410e-01,0.000000e+00,0.000000e+00,0.000000e+00,6.916938e-01
105900000000,/,drone1,2,-1,world,5.174839,-6.269228,0.000000,2.070689e-01,0.000000e+00,0.000000e+00,0.000000e+00,2.070689e-01,0.000000e+00,0.000000e+00,0.000000e+00,6.616618e-01
105900000000,/,drone1,2,-1,world,5.174520,-6.270831,0.000000,2.064702e-01,0.000000e+00,0.000000e+00,0.000000e+00,2.064702e-01,0.000000e+00,0.000000e+00,0.000000e+00,6.575402e-01
105900000000,/,drone1,2,-1,world,5.184637,-6.277997,0.000000,1.816020e-01,0.000000e+00,0.000000e+00,0.000000e+00,1.816020e-01,0.000000e+00,0.000000e+00,0.000000e+00,5.892159e-01
105900000000,/,drone1,2,-1,world,5.191504,-6.283839,0.000000,1.758714e-01,0.000000e+00,0.000000e+00,0.000000e+00,1.758714e-01,0.000000e+00,0.000000e+00,0.000000e+00,5.820615e-01
105900000000,/,drone1,2,-1,world,5.191504,-6.283839,0.000000,1.758714e-01,0.000000e+00,0.000000e+00,0.000000e+00,1.758714e-01,0.000000e+00,0.000000e+00,0.000000e+00,5.820615e-01
105900000000,/,drone1,2,-1,world,5.191504,-6.283839,0.000000,1.758714e-01,0.000000e+00,0.000000e+00,0.000000e+00,1.758714e-01,0.000000e+00,0.000000e+00,0.000000e+00,5.820615e-01
105900000000,/,drone1,2,-1,world,5.191504,-6.283839,0.000000,1.758714e-01,0.000000e+00,0.000000e+00,0.000000e+00,1.758714e-01,0.000000e+00,0.000000e+00,0.000000e+00,5.820615e-01
105900000000,/,drone1,2,-1,world,5.191504,-6.283839,0.000000,1.758714e-01,0.000000e+00,0.000000e+00,0.000000e+00,1.758714e-01,0.000000e+00,0.000000e+00,0.000000e+00,5.820615e-01
105900000000,/,drone1,2,-1,world,5.191504,-6.283839,0.000000,1.758714e-01,0.000000e+00,0.000000e+00,0.000000e+00,1.758714e-01,0.000000e+00,0.000000e+00,0.000000e+00,5.820615e-01
105900000000,/,drone1,2,-1,world,5.191504,-6.283839,0.000000,1.758714e-01,0.000000e+00,0.000000e+00,0.000000e+00,1.758714e-01,0.000000e+00,0.000000e+00,0.000000e+00,5.820615e-01
105900000000,/,drone1,2,-1,world,5.191504,-6.283839,0.000000,1.758714e-01,0.000000e+00,0.000000e+00,0.000000e+00,1.758714e-01,0.000000e+00,0.000000e+00,0.000000e+00,5.820615e-01
