[0.123s] DEBUG:colcon:Command line arguments: ['/usr/bin/colcon', 'build']
[0.123s] DEBUG:colcon:Parsed command line arguments: Namespace(log_base=None, log_level=None, verb_name='build', build_base='build', install_base='install', merge_install=False, symlink_install=False, test_result_base=None, continue_on_error=False, executor='parallel', parallel_workers=20, event_handlers=None, ignore_user_meta=False, metas=['./colcon.meta'], base_paths=['.'], packages_ignore=None, packages_ignore_regex=None, paths=None, packages_up_to=None, packages_up_to_regex=None, packages_above=None, packages_above_and_dependencies=None, packages_above_depth=None, packages_select_by_dep=None, packages_skip_by_dep=None, packages_skip_up_to=None, packages_select_build_failed=False, packages_skip_build_finished=False, packages_select_test_failures=False, packages_skip_test_passed=False, packages_select=None, packages_skip=None, packages_select_regex=None, packages_skip_regex=None, packages_start=None, packages_end=None, allow_overriding=[], cmake_args=None, cmake_target=None, cmake_target_skip_unavailable=False, cmake_clean_cache=False, cmake_clean_first=False, cmake_force_configure=False, ament_cmake_args=None, catkin_cmake_args=None, catkin_skip_building_tests=False, mixin_files=None, mixin=None, verb_parser=<colcon_mixin.mixin.mixin_argument.MixinArgumentDecorator object at 0x71a9dd1b2f90>, verb_extension=<colcon_core.verb.build.BuildVerb object at 0x71a9dd2db7d0>, main=<bound method BuildVerb.main of <colcon_core.verb.build.BuildVerb object at 0x71a9dd2db7d0>>, mixin_verb=('build',))
[0.160s] Level 1:colcon.colcon_core.package_discovery:discover_packages(colcon_meta) check parameters
[0.160s] Level 1:colcon.colcon_core.package_discovery:discover_packages(recursive) check parameters
[0.160s] Level 1:colcon.colcon_core.package_discovery:discover_packages(ignore) check parameters
[0.160s] Level 1:colcon.colcon_core.package_discovery:discover_packages(path) check parameters
[0.160s] Level 1:colcon.colcon_core.package_discovery:discover_packages(colcon_meta) discover
[0.160s] Level 1:colcon.colcon_core.package_discovery:discover_packages(recursive) discover
[0.160s] INFO:colcon.colcon_core.package_discovery:Crawling recursively for packages in '/home/user/data/drones_ship_ws'
[0.160s] Level 1:colcon.colcon_core.package_identification:_identify(.) by extensions ['ignore', 'ignore_ament_install']
[0.160s] Level 1:colcon.colcon_core.package_identification:_identify(.) by extension 'ignore'
[0.160s] Level 1:colcon.colcon_core.package_identification:_identify(.) by extension 'ignore_ament_install'
[0.160s] Level 1:colcon.colcon_core.package_identification:_identify(.) by extensions ['colcon_pkg']
[0.160s] Level 1:colcon.colcon_core.package_identification:_identify(.) by extension 'colcon_pkg'
[0.160s] Level 1:colcon.colcon_core.package_identification:_identify(.) by extensions ['colcon_meta']
[0.160s] Level 1:colcon.colcon_core.package_identification:_identify(.) by extension 'colcon_meta'
[0.161s] Level 1:colcon.colcon_core.package_identification:_identify(.) by extensions ['ros']
[0.161s] Level 1:colcon.colcon_core.package_identification:_identify(.) by extension 'ros'
[0.185s] Level 1:colcon.colcon_core.package_identification:_identify(.) by extensions ['cmake', 'python']
[0.185s] Level 1:colcon.colcon_core.package_identification:_identify(.) by extension 'cmake'
[0.185s] Level 1:colcon.colcon_core.package_identification:_identify(.) by extension 'python'
[0.185s] Level 1:colcon.colcon_core.package_identification:_identify(.) by extensions ['python_setup_py']
[0.185s] Level 1:colcon.colcon_core.package_identification:_identify(.) by extension 'python_setup_py'
[0.185s] Level 1:colcon.colcon_core.package_identification:_identify(build) by extensions ['ignore', 'ignore_ament_install']
[0.185s] Level 1:colcon.colcon_core.package_identification:_identify(build) by extension 'ignore'
[0.185s] Level 1:colcon.colcon_core.package_identification:_identify(build) ignored
[0.185s] Level 1:colcon.colcon_core.package_identification:_identify(install) by extensions ['ignore', 'ignore_ament_install']
[0.186s] Level 1:colcon.colcon_core.package_identification:_identify(install) by extension 'ignore'
[0.186s] Level 1:colcon.colcon_core.package_identification:_identify(install) ignored
[0.186s] Level 1:colcon.colcon_core.package_identification:_identify(log) by extensions ['ignore', 'ignore_ament_install']
[0.186s] Level 1:colcon.colcon_core.package_identification:_identify(log) by extension 'ignore'
[0.186s] Level 1:colcon.colcon_core.package_identification:_identify(log) ignored
[0.186s] Level 1:colcon.colcon_core.package_identification:_identify(src) by extensions ['ignore', 'ignore_ament_install']
[0.186s] Level 1:colcon.colcon_core.package_identification:_identify(src) by extension 'ignore'
[0.186s] Level 1:colcon.colcon_core.package_identification:_identify(src) by extension 'ignore_ament_install'
[0.186s] Level 1:colcon.colcon_core.package_identification:_identify(src) by extensions ['colcon_pkg']
[0.186s] Level 1:colcon.colcon_core.package_identification:_identify(src) by extension 'colcon_pkg'
[0.186s] Level 1:colcon.colcon_core.package_identification:_identify(src) by extensions ['colcon_meta']
[0.186s] Level 1:colcon.colcon_core.package_identification:_identify(src) by extension 'colcon_meta'
[0.186s] Level 1:colcon.colcon_core.package_identification:_identify(src) by extensions ['ros']
[0.186s] Level 1:colcon.colcon_core.package_identification:_identify(src) by extension 'ros'
[0.186s] Level 1:colcon.colcon_core.package_identification:_identify(src) by extensions ['cmake', 'python']
[0.186s] Level 1:colcon.colcon_core.package_identification:_identify(src) by extension 'cmake'
[0.186s] Level 1:colcon.colcon_core.package_identification:_identify(src) by extension 'python'
[0.186s] Level 1:colcon.colcon_core.package_identification:_identify(src) by extensions ['python_setup_py']
[0.186s] Level 1:colcon.colcon_core.package_identification:_identify(src) by extension 'python_setup_py'
[0.187s] Level 1:colcon.colcon_core.package_identification:_identify(src/drone_ship) by extensions ['ignore', 'ignore_ament_install']
[0.187s] Level 1:colcon.colcon_core.package_identification:_identify(src/drone_ship) by extension 'ignore'
[0.187s] Level 1:colcon.colcon_core.package_identification:_identify(src/drone_ship) by extension 'ignore_ament_install'
[0.187s] Level 1:colcon.colcon_core.package_identification:_identify(src/drone_ship) by extensions ['colcon_pkg']
[0.187s] Level 1:colcon.colcon_core.package_identification:_identify(src/drone_ship) by extension 'colcon_pkg'
[0.187s] Level 1:colcon.colcon_core.package_identification:_identify(src/drone_ship) by extensions ['colcon_meta']
[0.187s] Level 1:colcon.colcon_core.package_identification:_identify(src/drone_ship) by extension 'colcon_meta'
[0.187s] Level 1:colcon.colcon_core.package_identification:_identify(src/drone_ship) by extensions ['ros']
[0.187s] Level 1:colcon.colcon_core.package_identification:_identify(src/drone_ship) by extension 'ros'
[0.187s] Level 1:colcon.colcon_core.package_identification:_identify(src/drone_ship) by extensions ['cmake', 'python']
[0.187s] Level 1:colcon.colcon_core.package_identification:_identify(src/drone_ship) by extension 'cmake'
[0.187s] Level 1:colcon.colcon_core.package_identification:_identify(src/drone_ship) by extension 'python'
[0.187s] Level 1:colcon.colcon_core.package_identification:_identify(src/drone_ship) by extensions ['python_setup_py']
[0.187s] Level 1:colcon.colcon_core.package_identification:_identify(src/drone_ship) by extension 'python_setup_py'
[0.187s] Level 1:colcon.colcon_core.package_identification:_identify(src/drone_ship/aquabot_description) by extensions ['ignore', 'ignore_ament_install']
[0.187s] Level 1:colcon.colcon_core.package_identification:_identify(src/drone_ship/aquabot_description) by extension 'ignore'
[0.187s] Level 1:colcon.colcon_core.package_identification:_identify(src/drone_ship/aquabot_description) by extension 'ignore_ament_install'
[0.187s] Level 1:colcon.colcon_core.package_identification:_identify(src/drone_ship/aquabot_description) by extensions ['colcon_pkg']
[0.187s] Level 1:colcon.colcon_core.package_identification:_identify(src/drone_ship/aquabot_description) by extension 'colcon_pkg'
[0.187s] Level 1:colcon.colcon_core.package_identification:_identify(src/drone_ship/aquabot_description) by extensions ['colcon_meta']
[0.188s] Level 1:colcon.colcon_core.package_identification:_identify(src/drone_ship/aquabot_description) by extension 'colcon_meta'
[0.188s] Level 1:colcon.colcon_core.package_identification:_identify(src/drone_ship/aquabot_description) by extensions ['ros']
[0.188s] Level 1:colcon.colcon_core.package_identification:_identify(src/drone_ship/aquabot_description) by extension 'ros'
[0.190s] DEBUG:colcon.colcon_core.package_identification:Package 'src/drone_ship/aquabot_description' with type 'ros.ament_cmake' and name 'aquabot_description'
[0.190s] Level 1:colcon.colcon_core.package_identification:_identify(src/drone_ship/aquabot_ekf) by extensions ['ignore', 'ignore_ament_install']
[0.190s] Level 1:colcon.colcon_core.package_identification:_identify(src/drone_ship/aquabot_ekf) by extension 'ignore'
[0.190s] Level 1:colcon.colcon_core.package_identification:_identify(src/drone_ship/aquabot_ekf) by extension 'ignore_ament_install'
[0.190s] Level 1:colcon.colcon_core.package_identification:_identify(src/drone_ship/aquabot_ekf) by extensions ['colcon_pkg']
[0.190s] Level 1:colcon.colcon_core.package_identification:_identify(src/drone_ship/aquabot_ekf) by extension 'colcon_pkg'
[0.190s] Level 1:colcon.colcon_core.package_identification:_identify(src/drone_ship/aquabot_ekf) by extensions ['colcon_meta']
[0.190s] Level 1:colcon.colcon_core.package_identification:_identify(src/drone_ship/aquabot_ekf) by extension 'colcon_meta'
[0.190s] Level 1:colcon.colcon_core.package_identification:_identify(src/drone_ship/aquabot_ekf) by extensions ['ros']
[0.190s] Level 1:colcon.colcon_core.package_identification:_identify(src/drone_ship/aquabot_ekf) by extension 'ros'
[0.191s] DEBUG:colcon.colcon_core.package_identification:Package 'src/drone_ship/aquabot_ekf' with type 'ros.ament_cmake' and name 'aquabot_ekf'
[0.191s] Level 1:colcon.colcon_core.package_identification:_identify(src/drone_ship/aquabot_gz) by extensions ['ignore', 'ignore_ament_install']
[0.191s] Level 1:colcon.colcon_core.package_identification:_identify(src/drone_ship/aquabot_gz) by extension 'ignore'
[0.191s] Level 1:colcon.colcon_core.package_identification:_identify(src/drone_ship/aquabot_gz) by extension 'ignore_ament_install'
[0.191s] Level 1:colcon.colcon_core.package_identification:_identify(src/drone_ship/aquabot_gz) by extensions ['colcon_pkg']
[0.191s] Level 1:colcon.colcon_core.package_identification:_identify(src/drone_ship/aquabot_gz) by extension 'colcon_pkg'
[0.192s] Level 1:colcon.colcon_core.package_identification:_identify(src/drone_ship/aquabot_gz) by extensions ['colcon_meta']
[0.192s] Level 1:colcon.colcon_core.package_identification:_identify(src/drone_ship/aquabot_gz) by extension 'colcon_meta'
[0.192s] Level 1:colcon.colcon_core.package_identification:_identify(src/drone_ship/aquabot_gz) by extensions ['ros']
[0.192s] Level 1:colcon.colcon_core.package_identification:_identify(src/drone_ship/aquabot_gz) by extension 'ros'
[0.195s] DEBUG:colcon.colcon_core.package_identification:Package 'src/drone_ship/aquabot_gz' with type 'ros.ament_cmake' and name 'aquabot_gz'
[0.195s] Level 1:colcon.colcon_core.package_identification:_identify(src/drone_ship/aquabot_motion) by extensions ['ignore', 'ignore_ament_install']
[0.195s] Level 1:colcon.colcon_core.package_identification:_identify(src/drone_ship/aquabot_motion) by extension 'ignore'
[0.195s] Level 1:colcon.colcon_core.package_identification:_identify(src/drone_ship/aquabot_motion) by extension 'ignore_ament_install'
[0.195s] Level 1:colcon.colcon_core.package_identification:_identify(src/drone_ship/aquabot_motion) by extensions ['colcon_pkg']
[0.195s] Level 1:colcon.colcon_core.package_identification:_identify(src/drone_ship/aquabot_motion) by extension 'colcon_pkg'
[0.195s] Level 1:colcon.colcon_core.package_identification:_identify(src/drone_ship/aquabot_motion) by extensions ['colcon_meta']
[0.195s] Level 1:colcon.colcon_core.package_identification:_identify(src/drone_ship/aquabot_motion) by extension 'colcon_meta'
[0.195s] Level 1:colcon.colcon_core.package_identification:_identify(src/drone_ship/aquabot_motion) by extensions ['ros']
[0.195s] Level 1:colcon.colcon_core.package_identification:_identify(src/drone_ship/aquabot_motion) by extension 'ros'
[0.196s] DEBUG:colcon.colcon_core.package_identification:Package 'src/drone_ship/aquabot_motion' with type 'ros.ament_cmake' and name 'aquabot_motion'
[0.196s] Level 1:colcon.colcon_core.package_identification:_identify(src/drone_ship/build) by extensions ['ignore', 'ignore_ament_install']
[0.196s] Level 1:colcon.colcon_core.package_identification:_identify(src/drone_ship/build) by extension 'ignore'
[0.196s] Level 1:colcon.colcon_core.package_identification:_identify(src/drone_ship/build) by extension 'ignore_ament_install'
[0.196s] Level 1:colcon.colcon_core.package_identification:_identify(src/drone_ship/build) by extensions ['colcon_pkg']
[0.196s] Level 1:colcon.colcon_core.package_identification:_identify(src/drone_ship/build) by extension 'colcon_pkg'
[0.196s] Level 1:colcon.colcon_core.package_identification:_identify(src/drone_ship/build) by extensions ['colcon_meta']
[0.196s] Level 1:colcon.colcon_core.package_identification:_identify(src/drone_ship/build) by extension 'colcon_meta'
[0.196s] Level 1:colcon.colcon_core.package_identification:_identify(src/drone_ship/build) by extensions ['ros']
[0.196s] Level 1:colcon.colcon_core.package_identification:_identify(src/drone_ship/build) by extension 'ros'
[0.196s] Level 1:colcon.colcon_core.package_identification:_identify(src/drone_ship/build) by extensions ['cmake', 'python']
[0.196s] Level 1:colcon.colcon_core.package_identification:_identify(src/drone_ship/build) by extension 'cmake'
[0.196s] Level 1:colcon.colcon_core.package_identification:_identify(src/drone_ship/build) by extension 'python'
[0.196s] Level 1:colcon.colcon_core.package_identification:_identify(src/drone_ship/build) by extensions ['python_setup_py']
[0.196s] Level 1:colcon.colcon_core.package_identification:_identify(src/drone_ship/build) by extension 'python_setup_py'
[0.196s] Level 1:colcon.colcon_core.package_identification:_identify(src/drone_ship/build/CMakeFiles) by extensions ['ignore', 'ignore_ament_install']
[0.196s] Level 1:colcon.colcon_core.package_identification:_identify(src/drone_ship/build/CMakeFiles) by extension 'ignore'
[0.196s] Level 1:colcon.colcon_core.package_identification:_identify(src/drone_ship/build/CMakeFiles) by extension 'ignore_ament_install'
[0.196s] Level 1:colcon.colcon_core.package_identification:_identify(src/drone_ship/build/CMakeFiles) by extensions ['colcon_pkg']
[0.197s] Level 1:colcon.colcon_core.package_identification:_identify(src/drone_ship/build/CMakeFiles) by extension 'colcon_pkg'
[0.197s] Level 1:colcon.colcon_core.package_identification:_identify(src/drone_ship/build/CMakeFiles) by extensions ['colcon_meta']
[0.197s] Level 1:colcon.colcon_core.package_identification:_identify(src/drone_ship/build/CMakeFiles) by extension 'colcon_meta'
[0.197s] Level 1:colcon.colcon_core.package_identification:_identify(src/drone_ship/build/CMakeFiles) by extensions ['ros']
[0.197s] Level 1:colcon.colcon_core.package_identification:_identify(src/drone_ship/build/CMakeFiles) by extension 'ros'
[0.197s] Level 1:colcon.colcon_core.package_identification:_identify(src/drone_ship/build/CMakeFiles) by extensions ['cmake', 'python']
[0.197s] Level 1:colcon.colcon_core.package_identification:_identify(src/drone_ship/build/CMakeFiles) by extension 'cmake'
[0.197s] Level 1:colcon.colcon_core.package_identification:_identify(src/drone_ship/build/CMakeFiles) by extension 'python'
[0.197s] Level 1:colcon.colcon_core.package_identification:_identify(src/drone_ship/build/CMakeFiles) by extensions ['python_setup_py']
[0.197s] Level 1:colcon.colcon_core.package_identification:_identify(src/drone_ship/build/CMakeFiles) by extension 'python_setup_py'
[0.197s] Level 1:colcon.colcon_core.package_identification:_identify(src/drone_ship/build/CMakeFiles/3.28.3) by extensions ['ignore', 'ignore_ament_install']
[0.197s] Level 1:colcon.colcon_core.package_identification:_identify(src/drone_ship/build/CMakeFiles/3.28.3) by extension 'ignore'
[0.197s] Level 1:colcon.colcon_core.package_identification:_identify(src/drone_ship/build/CMakeFiles/3.28.3) by extension 'ignore_ament_install'
[0.197s] Level 1:colcon.colcon_core.package_identification:_identify(src/drone_ship/build/CMakeFiles/3.28.3) by extensions ['colcon_pkg']
[0.197s] Level 1:colcon.colcon_core.package_identification:_identify(src/drone_ship/build/CMakeFiles/3.28.3) by extension 'colcon_pkg'
[0.197s] Level 1:colcon.colcon_core.package_identification:_identify(src/drone_ship/build/CMakeFiles/3.28.3) by extensions ['colcon_meta']
[0.197s] Level 1:colcon.colcon_core.package_identification:_identify(src/drone_ship/build/CMakeFiles/3.28.3) by extension 'colcon_meta'
[0.197s] Level 1:colcon.colcon_core.package_identification:_identify(src/drone_ship/build/CMakeFiles/3.28.3) by extensions ['ros']
[0.197s] Level 1:colcon.colcon_core.package_identification:_identify(src/drone_ship/build/CMakeFiles/3.28.3) by extension 'ros'
[0.197s] Level 1:colcon.colcon_core.package_identification:_identify(src/drone_ship/build/CMakeFiles/3.28.3) by extensions ['cmake', 'python']
[0.197s] Level 1:colcon.colcon_core.package_identification:_identify(src/drone_ship/build/CMakeFiles/3.28.3) by extension 'cmake'
[0.198s] Level 1:colcon.colcon_core.package_identification:_identify(src/drone_ship/build/CMakeFiles/3.28.3) by extension 'python'
[0.198s] Level 1:colcon.colcon_core.package_identification:_identify(src/drone_ship/build/CMakeFiles/3.28.3) by extensions ['python_setup_py']
[0.198s] Level 1:colcon.colcon_core.package_identification:_identify(src/drone_ship/build/CMakeFiles/3.28.3) by extension 'python_setup_py'
[0.198s] Level 1:colcon.colcon_core.package_identification:_identify(src/drone_ship/build/CMakeFiles/3.28.3/CompilerIdC) by extensions ['ignore', 'ignore_ament_install']
[0.198s] Level 1:colcon.colcon_core.package_identification:_identify(src/drone_ship/build/CMakeFiles/3.28.3/CompilerIdC) by extension 'ignore'
[0.198s] Level 1:colcon.colcon_core.package_identification:_identify(src/drone_ship/build/CMakeFiles/3.28.3/CompilerIdC) by extension 'ignore_ament_install'
[0.198s] Level 1:colcon.colcon_core.package_identification:_identify(src/drone_ship/build/CMakeFiles/3.28.3/CompilerIdC) by extensions ['colcon_pkg']
[0.198s] Level 1:colcon.colcon_core.package_identification:_identify(src/drone_ship/build/CMakeFiles/3.28.3/CompilerIdC) by extension 'colcon_pkg'
[0.198s] Level 1:colcon.colcon_core.package_identification:_identify(src/drone_ship/build/CMakeFiles/3.28.3/CompilerIdC) by extensions ['colcon_meta']
[0.198s] Level 1:colcon.colcon_core.package_identification:_identify(src/drone_ship/build/CMakeFiles/3.28.3/CompilerIdC) by extension 'colcon_meta'
[0.198s] Level 1:colcon.colcon_core.package_identification:_identify(src/drone_ship/build/CMakeFiles/3.28.3/CompilerIdC) by extensions ['ros']
[0.198s] Level 1:colcon.colcon_core.package_identification:_identify(src/drone_ship/build/CMakeFiles/3.28.3/CompilerIdC) by extension 'ros'
[0.198s] Level 1:colcon.colcon_core.package_identification:_identify(src/drone_ship/build/CMakeFiles/3.28.3/CompilerIdC) by extensions ['cmake', 'python']
[0.198s] Level 1:colcon.colcon_core.package_identification:_identify(src/drone_ship/build/CMakeFiles/3.28.3/CompilerIdC) by extension 'cmake'
[0.198s] Level 1:colcon.colcon_core.package_identification:_identify(src/drone_ship/build/CMakeFiles/3.28.3/CompilerIdC) by extension 'python'
[0.198s] Level 1:colcon.colcon_core.package_identification:_identify(src/drone_ship/build/CMakeFiles/3.28.3/CompilerIdC) by extensions ['python_setup_py']
[0.198s] Level 1:colcon.colcon_core.package_identification:_identify(src/drone_ship/build/CMakeFiles/3.28.3/CompilerIdC) by extension 'python_setup_py'
[0.198s] Level 1:colcon.colcon_core.package_identification:_identify(src/drone_ship/build/CMakeFiles/3.28.3/CompilerIdC/tmp) by extensions ['ignore', 'ignore_ament_install']
[0.198s] Level 1:colcon.colcon_core.package_identification:_identify(src/drone_ship/build/CMakeFiles/3.28.3/CompilerIdC/tmp) by extension 'ignore'
[0.199s] Level 1:colcon.colcon_core.package_identification:_identify(src/drone_ship/build/CMakeFiles/3.28.3/CompilerIdC/tmp) by extension 'ignore_ament_install'
[0.199s] Level 1:colcon.colcon_core.package_identification:_identify(src/drone_ship/build/CMakeFiles/3.28.3/CompilerIdC/tmp) by extensions ['colcon_pkg']
[0.199s] Level 1:colcon.colcon_core.package_identification:_identify(src/drone_ship/build/CMakeFiles/3.28.3/CompilerIdC/tmp) by extension 'colcon_pkg'
[0.199s] Level 1:colcon.colcon_core.package_identification:_identify(src/drone_ship/build/CMakeFiles/3.28.3/CompilerIdC/tmp) by extensions ['colcon_meta']
[0.199s] Level 1:colcon.colcon_core.package_identification:_identify(src/drone_ship/build/CMakeFiles/3.28.3/CompilerIdC/tmp) by extension 'colcon_meta'
[0.199s] Level 1:colcon.colcon_core.package_identification:_identify(src/drone_ship/build/CMakeFiles/3.28.3/CompilerIdC/tmp) by extensions ['ros']
[0.199s] Level 1:colcon.colcon_core.package_identification:_identify(src/drone_ship/build/CMakeFiles/3.28.3/CompilerIdC/tmp) by extension 'ros'
[0.199s] Level 1:colcon.colcon_core.package_identification:_identify(src/drone_ship/build/CMakeFiles/3.28.3/CompilerIdC/tmp) by extensions ['cmake', 'python']
[0.199s] Level 1:colcon.colcon_core.package_identification:_identify(src/drone_ship/build/CMakeFiles/3.28.3/CompilerIdC/tmp) by extension 'cmake'
[0.199s] Level 1:colcon.colcon_core.package_identification:_identify(src/drone_ship/build/CMakeFiles/3.28.3/CompilerIdC/tmp) by extension 'python'
[0.199s] Level 1:colcon.colcon_core.package_identification:_identify(src/drone_ship/build/CMakeFiles/3.28.3/CompilerIdC/tmp) by extensions ['python_setup_py']
[0.199s] Level 1:colcon.colcon_core.package_identification:_identify(src/drone_ship/build/CMakeFiles/3.28.3/CompilerIdC/tmp) by extension 'python_setup_py'
[0.199s] Level 1:colcon.colcon_core.package_identification:_identify(src/drone_ship/build/CMakeFiles/3.28.3/CompilerIdCXX) by extensions ['ignore', 'ignore_ament_install']
[0.199s] Level 1:colcon.colcon_core.package_identification:_identify(src/drone_ship/build/CMakeFiles/3.28.3/CompilerIdCXX) by extension 'ignore'
[0.199s] Level 1:colcon.colcon_core.package_identification:_identify(src/drone_ship/build/CMakeFiles/3.28.3/CompilerIdCXX) by extension 'ignore_ament_install'
[0.199s] Level 1:colcon.colcon_core.package_identification:_identify(src/drone_ship/build/CMakeFiles/3.28.3/CompilerIdCXX) by extensions ['colcon_pkg']
[0.199s] Level 1:colcon.colcon_core.package_identification:_identify(src/drone_ship/build/CMakeFiles/3.28.3/CompilerIdCXX) by extension 'colcon_pkg'
[0.199s] Level 1:colcon.colcon_core.package_identification:_identify(src/drone_ship/build/CMakeFiles/3.28.3/CompilerIdCXX) by extensions ['colcon_meta']
[0.199s] Level 1:colcon.colcon_core.package_identification:_identify(src/drone_ship/build/CMakeFiles/3.28.3/CompilerIdCXX) by extension 'colcon_meta'
[0.199s] Level 1:colcon.colcon_core.package_identification:_identify(src/drone_ship/build/CMakeFiles/3.28.3/CompilerIdCXX) by extensions ['ros']
[0.199s] Level 1:colcon.colcon_core.package_identification:_identify(src/drone_ship/build/CMakeFiles/3.28.3/CompilerIdCXX) by extension 'ros'
[0.199s] Level 1:colcon.colcon_core.package_identification:_identify(src/drone_ship/build/CMakeFiles/3.28.3/CompilerIdCXX) by extensions ['cmake', 'python']
[0.200s] Level 1:colcon.colcon_core.package_identification:_identify(src/drone_ship/build/CMakeFiles/3.28.3/CompilerIdCXX) by extension 'cmake'
[0.200s] Level 1:colcon.colcon_core.package_identification:_identify(src/drone_ship/build/CMakeFiles/3.28.3/CompilerIdCXX) by extension 'python'
[0.200s] Level 1:colcon.colcon_core.package_identification:_identify(src/drone_ship/build/CMakeFiles/3.28.3/CompilerIdCXX) by extensions ['python_setup_py']
[0.200s] Level 1:colcon.colcon_core.package_identification:_identify(src/drone_ship/build/CMakeFiles/3.28.3/CompilerIdCXX) by extension 'python_setup_py'
[0.200s] Level 1:colcon.colcon_core.package_identification:_identify(src/drone_ship/build/CMakeFiles/3.28.3/CompilerIdCXX/tmp) by extensions ['ignore', 'ignore_ament_install']
[0.200s] Level 1:colcon.colcon_core.package_identification:_identify(src/drone_ship/build/CMakeFiles/3.28.3/CompilerIdCXX/tmp) by extension 'ignore'
[0.200s] Level 1:colcon.colcon_core.package_identification:_identify(src/drone_ship/build/CMakeFiles/3.28.3/CompilerIdCXX/tmp) by extension 'ignore_ament_install'
[0.200s] Level 1:colcon.colcon_core.package_identification:_identify(src/drone_ship/build/CMakeFiles/3.28.3/CompilerIdCXX/tmp) by extensions ['colcon_pkg']
[0.200s] Level 1:colcon.colcon_core.package_identification:_identify(src/drone_ship/build/CMakeFiles/3.28.3/CompilerIdCXX/tmp) by extension 'colcon_pkg'
[0.200s] Level 1:colcon.colcon_core.package_identification:_identify(src/drone_ship/build/CMakeFiles/3.28.3/CompilerIdCXX/tmp) by extensions ['colcon_meta']
[0.200s] Level 1:colcon.colcon_core.package_identification:_identify(src/drone_ship/build/CMakeFiles/3.28.3/CompilerIdCXX/tmp) by extension 'colcon_meta'
[0.200s] Level 1:colcon.colcon_core.package_identification:_identify(src/drone_ship/build/CMakeFiles/3.28.3/CompilerIdCXX/tmp) by extensions ['ros']
[0.200s] Level 1:colcon.colcon_core.package_identification:_identify(src/drone_ship/build/CMakeFiles/3.28.3/CompilerIdCXX/tmp) by extension 'ros'
[0.200s] Level 1:colcon.colcon_core.package_identification:_identify(src/drone_ship/build/CMakeFiles/3.28.3/CompilerIdCXX/tmp) by extensions ['cmake', 'python']
[0.200s] Level 1:colcon.colcon_core.package_identification:_identify(src/drone_ship/build/CMakeFiles/3.28.3/CompilerIdCXX/tmp) by extension 'cmake'
[0.200s] Level 1:colcon.colcon_core.package_identification:_identify(src/drone_ship/build/CMakeFiles/3.28.3/CompilerIdCXX/tmp) by extension 'python'
[0.200s] Level 1:colcon.colcon_core.package_identification:_identify(src/drone_ship/build/CMakeFiles/3.28.3/CompilerIdCXX/tmp) by extensions ['python_setup_py']
[0.200s] Level 1:colcon.colcon_core.package_identification:_identify(src/drone_ship/build/CMakeFiles/3.28.3/CompilerIdCXX/tmp) by extension 'python_setup_py'
[0.200s] Level 1:colcon.colcon_core.package_identification:_identify(src/drone_ship/build/CMakeFiles/CMakeScratch) by extensions ['ignore', 'ignore_ament_install']
[0.200s] Level 1:colcon.colcon_core.package_identification:_identify(src/drone_ship/build/CMakeFiles/CMakeScratch) by extension 'ignore'
[0.201s] Level 1:colcon.colcon_core.package_identification:_identify(src/drone_ship/build/CMakeFiles/CMakeScratch) by extension 'ignore_ament_install'
[0.201s] Level 1:colcon.colcon_core.package_identification:_identify(src/drone_ship/build/CMakeFiles/CMakeScratch) by extensions ['colcon_pkg']
[0.201s] Level 1:colcon.colcon_core.package_identification:_identify(src/drone_ship/build/CMakeFiles/CMakeScratch) by extension 'colcon_pkg'
[0.201s] Level 1:colcon.colcon_core.package_identification:_identify(src/drone_ship/build/CMakeFiles/CMakeScratch) by extensions ['colcon_meta']
[0.201s] Level 1:colcon.colcon_core.package_identification:_identify(src/drone_ship/build/CMakeFiles/CMakeScratch) by extension 'colcon_meta'
[0.201s] Level 1:colcon.colcon_core.package_identification:_identify(src/drone_ship/build/CMakeFiles/CMakeScratch) by extensions ['ros']
[0.201s] Level 1:colcon.colcon_core.package_identification:_identify(src/drone_ship/build/CMakeFiles/CMakeScratch) by extension 'ros'
[0.201s] Level 1:colcon.colcon_core.package_identification:_identify(src/drone_ship/build/CMakeFiles/CMakeScratch) by extensions ['cmake', 'python']
[0.201s] Level 1:colcon.colcon_core.package_identification:_identify(src/drone_ship/build/CMakeFiles/CMakeScratch) by extension 'cmake'
[0.201s] Level 1:colcon.colcon_core.package_identification:_identify(src/drone_ship/build/CMakeFiles/CMakeScratch) by extension 'python'
[0.201s] Level 1:colcon.colcon_core.package_identification:_identify(src/drone_ship/build/CMakeFiles/CMakeScratch) by extensions ['python_setup_py']
[0.201s] Level 1:colcon.colcon_core.package_identification:_identify(src/drone_ship/build/CMakeFiles/CMakeScratch) by extension 'python_setup_py'
[0.201s] Level 1:colcon.colcon_core.package_identification:_identify(src/drone_ship/build/CMakeFiles/pkgRedirects) by extensions ['ignore', 'ignore_ament_install']
[0.201s] Level 1:colcon.colcon_core.package_identification:_identify(src/drone_ship/build/CMakeFiles/pkgRedirects) by extension 'ignore'
[0.201s] Level 1:colcon.colcon_core.package_identification:_identify(src/drone_ship/build/CMakeFiles/pkgRedirects) by extension 'ignore_ament_install'
[0.201s] Level 1:colcon.colcon_core.package_identification:_identify(src/drone_ship/build/CMakeFiles/pkgRedirects) by extensions ['colcon_pkg']
[0.201s] Level 1:colcon.colcon_core.package_identification:_identify(src/drone_ship/build/CMakeFiles/pkgRedirects) by extension 'colcon_pkg'
[0.201s] Level 1:colcon.colcon_core.package_identification:_identify(src/drone_ship/build/CMakeFiles/pkgRedirects) by extensions ['colcon_meta']
[0.201s] Level 1:colcon.colcon_core.package_identification:_identify(src/drone_ship/build/CMakeFiles/pkgRedirects) by extension 'colcon_meta'
[0.201s] Level 1:colcon.colcon_core.package_identification:_identify(src/drone_ship/build/CMakeFiles/pkgRedirects) by extensions ['ros']
[0.201s] Level 1:colcon.colcon_core.package_identification:_identify(src/drone_ship/build/CMakeFiles/pkgRedirects) by extension 'ros'
[0.201s] Level 1:colcon.colcon_core.package_identification:_identify(src/drone_ship/build/CMakeFiles/pkgRedirects) by extensions ['cmake', 'python']
[0.202s] Level 1:colcon.colcon_core.package_identification:_identify(src/drone_ship/build/CMakeFiles/pkgRedirects) by extension 'cmake'
[0.202s] Level 1:colcon.colcon_core.package_identification:_identify(src/drone_ship/build/CMakeFiles/pkgRedirects) by extension 'python'
[0.202s] Level 1:colcon.colcon_core.package_identification:_identify(src/drone_ship/build/CMakeFiles/pkgRedirects) by extensions ['python_setup_py']
[0.202s] Level 1:colcon.colcon_core.package_identification:_identify(src/drone_ship/build/CMakeFiles/pkgRedirects) by extension 'python_setup_py'
[0.202s] Level 1:colcon.colcon_core.package_identification:_identify(src/drone_ship/crazyflie_control) by extensions ['ignore', 'ignore_ament_install']
[0.202s] Level 1:colcon.colcon_core.package_identification:_identify(src/drone_ship/crazyflie_control) by extension 'ignore'
[0.202s] Level 1:colcon.colcon_core.package_identification:_identify(src/drone_ship/crazyflie_control) by extension 'ignore_ament_install'
[0.202s] Level 1:colcon.colcon_core.package_identification:_identify(src/drone_ship/crazyflie_control) by extensions ['colcon_pkg']
[0.202s] Level 1:colcon.colcon_core.package_identification:_identify(src/drone_ship/crazyflie_control) by extension 'colcon_pkg'
[0.202s] Level 1:colcon.colcon_core.package_identification:_identify(src/drone_ship/crazyflie_control) by extensions ['colcon_meta']
[0.202s] Level 1:colcon.colcon_core.package_identification:_identify(src/drone_ship/crazyflie_control) by extension 'colcon_meta'
[0.202s] Level 1:colcon.colcon_core.package_identification:_identify(src/drone_ship/crazyflie_control) by extensions ['ros']
[0.202s] Level 1:colcon.colcon_core.package_identification:_identify(src/drone_ship/crazyflie_control) by extension 'ros'
[0.203s] DEBUG:colcon.colcon_core.package_identification:Package 'src/drone_ship/crazyflie_control' with type 'ros.ament_cmake' and name 'crazyflie_control'
[0.203s] Level 1:colcon.colcon_core.package_identification:_identify(src/drone_ship/crazyflie_ekf) by extensions ['ignore', 'ignore_ament_install']
[0.203s] Level 1:colcon.colcon_core.package_identification:_identify(src/drone_ship/crazyflie_ekf) by extension 'ignore'
[0.203s] Level 1:colcon.colcon_core.package_identification:_identify(src/drone_ship/crazyflie_ekf) by extension 'ignore_ament_install'
[0.203s] Level 1:colcon.colcon_core.package_identification:_identify(src/drone_ship/crazyflie_ekf) by extensions ['colcon_pkg']
[0.203s] Level 1:colcon.colcon_core.package_identification:_identify(src/drone_ship/crazyflie_ekf) by extension 'colcon_pkg'
[0.203s] Level 1:colcon.colcon_core.package_identification:_identify(src/drone_ship/crazyflie_ekf) by extensions ['colcon_meta']
[0.203s] Level 1:colcon.colcon_core.package_identification:_identify(src/drone_ship/crazyflie_ekf) by extension 'colcon_meta'
[0.203s] Level 1:colcon.colcon_core.package_identification:_identify(src/drone_ship/crazyflie_ekf) by extensions ['ros']
[0.203s] Level 1:colcon.colcon_core.package_identification:_identify(src/drone_ship/crazyflie_ekf) by extension 'ros'
[0.204s] DEBUG:colcon.colcon_core.package_identification:Package 'src/drone_ship/crazyflie_ekf' with type 'ros.ament_cmake' and name 'crazyflie_ekf'
[0.204s] Level 1:colcon.colcon_core.package_identification:_identify(src/drone_ship/crazyflie_yolo) by extensions ['ignore', 'ignore_ament_install']
[0.204s] Level 1:colcon.colcon_core.package_identification:_identify(src/drone_ship/crazyflie_yolo) by extension 'ignore'
[0.204s] Level 1:colcon.colcon_core.package_identification:_identify(src/drone_ship/crazyflie_yolo) by extension 'ignore_ament_install'
[0.204s] Level 1:colcon.colcon_core.package_identification:_identify(src/drone_ship/crazyflie_yolo) by extensions ['colcon_pkg']
[0.204s] Level 1:colcon.colcon_core.package_identification:_identify(src/drone_ship/crazyflie_yolo) by extension 'colcon_pkg'
[0.204s] Level 1:colcon.colcon_core.package_identification:_identify(src/drone_ship/crazyflie_yolo) by extensions ['colcon_meta']
[0.204s] Level 1:colcon.colcon_core.package_identification:_identify(src/drone_ship/crazyflie_yolo) by extension 'colcon_meta'
[0.204s] Level 1:colcon.colcon_core.package_identification:_identify(src/drone_ship/crazyflie_yolo) by extensions ['ros']
[0.204s] Level 1:colcon.colcon_core.package_identification:_identify(src/drone_ship/crazyflie_yolo) by extension 'ros'
[0.206s] DEBUG:colcon.colcon_core.package_identification:Package 'src/drone_ship/crazyflie_yolo' with type 'ros.ament_cmake' and name 'crazyflie_yolo'
[0.206s] Level 1:colcon.colcon_core.package_identification:_identify(src/drone_ship/ros_gz_crazyflie) by extensions ['ignore', 'ignore_ament_install']
[0.206s] Level 1:colcon.colcon_core.package_identification:_identify(src/drone_ship/ros_gz_crazyflie) by extension 'ignore'
[0.206s] Level 1:colcon.colcon_core.package_identification:_identify(src/drone_ship/ros_gz_crazyflie) by extension 'ignore_ament_install'
[0.206s] Level 1:colcon.colcon_core.package_identification:_identify(src/drone_ship/ros_gz_crazyflie) by extensions ['colcon_pkg']
[0.206s] Level 1:colcon.colcon_core.package_identification:_identify(src/drone_ship/ros_gz_crazyflie) by extension 'colcon_pkg'
[0.206s] Level 1:colcon.colcon_core.package_identification:_identify(src/drone_ship/ros_gz_crazyflie) by extensions ['colcon_meta']
[0.206s] Level 1:colcon.colcon_core.package_identification:_identify(src/drone_ship/ros_gz_crazyflie) by extension 'colcon_meta'
[0.206s] Level 1:colcon.colcon_core.package_identification:_identify(src/drone_ship/ros_gz_crazyflie) by extensions ['ros']
[0.206s] Level 1:colcon.colcon_core.package_identification:_identify(src/drone_ship/ros_gz_crazyflie) by extension 'ros'
[0.206s] Level 1:colcon.colcon_core.package_identification:_identify(src/drone_ship/ros_gz_crazyflie) by extensions ['cmake', 'python']
[0.206s] Level 1:colcon.colcon_core.package_identification:_identify(src/drone_ship/ros_gz_crazyflie) by extension 'cmake'
[0.206s] Level 1:colcon.colcon_core.package_identification:_identify(src/drone_ship/ros_gz_crazyflie) by extension 'python'
[0.206s] Level 1:colcon.colcon_core.package_identification:_identify(src/drone_ship/ros_gz_crazyflie) by extensions ['python_setup_py']
[0.206s] Level 1:colcon.colcon_core.package_identification:_identify(src/drone_ship/ros_gz_crazyflie) by extension 'python_setup_py'
[0.206s] Level 1:colcon.colcon_core.package_identification:_identify(src/drone_ship/ros_gz_crazyflie/ros_gz_crazyflie_bringup) by extensions ['ignore', 'ignore_ament_install']
[0.206s] Level 1:colcon.colcon_core.package_identification:_identify(src/drone_ship/ros_gz_crazyflie/ros_gz_crazyflie_bringup) by extension 'ignore'
[0.207s] Level 1:colcon.colcon_core.package_identification:_identify(src/drone_ship/ros_gz_crazyflie/ros_gz_crazyflie_bringup) by extension 'ignore_ament_install'
[0.207s] Level 1:colcon.colcon_core.package_identification:_identify(src/drone_ship/ros_gz_crazyflie/ros_gz_crazyflie_bringup) by extensions ['colcon_pkg']
[0.207s] Level 1:colcon.colcon_core.package_identification:_identify(src/drone_ship/ros_gz_crazyflie/ros_gz_crazyflie_bringup) by extension 'colcon_pkg'
[0.207s] Level 1:colcon.colcon_core.package_identification:_identify(src/drone_ship/ros_gz_crazyflie/ros_gz_crazyflie_bringup) by extensions ['colcon_meta']
[0.207s] Level 1:colcon.colcon_core.package_identification:_identify(src/drone_ship/ros_gz_crazyflie/ros_gz_crazyflie_bringup) by extension 'colcon_meta'
[0.207s] Level 1:colcon.colcon_core.package_identification:_identify(src/drone_ship/ros_gz_crazyflie/ros_gz_crazyflie_bringup) by extensions ['ros']
[0.207s] Level 1:colcon.colcon_core.package_identification:_identify(src/drone_ship/ros_gz_crazyflie/ros_gz_crazyflie_bringup) by extension 'ros'
[0.207s] DEBUG:colcon.colcon_core.package_identification:Package 'src/drone_ship/ros_gz_crazyflie/ros_gz_crazyflie_bringup' with type 'ros.ament_cmake' and name 'ros_gz_crazyflie_bringup'
[0.207s] Level 1:colcon.colcon_core.package_identification:_identify(src/drone_ship/ros_gz_crazyflie/ros_gz_crazyflie_control) by extensions ['ignore', 'ignore_ament_install']
[0.208s] Level 1:colcon.colcon_core.package_identification:_identify(src/drone_ship/ros_gz_crazyflie/ros_gz_crazyflie_control) by extension 'ignore'
[0.208s] Level 1:colcon.colcon_core.package_identification:_identify(src/drone_ship/ros_gz_crazyflie/ros_gz_crazyflie_control) by extension 'ignore_ament_install'
[0.208s] Level 1:colcon.colcon_core.package_identification:_identify(src/drone_ship/ros_gz_crazyflie/ros_gz_crazyflie_control) by extensions ['colcon_pkg']
[0.208s] Level 1:colcon.colcon_core.package_identification:_identify(src/drone_ship/ros_gz_crazyflie/ros_gz_crazyflie_control) by extension 'colcon_pkg'
[0.208s] Level 1:colcon.colcon_core.package_identification:_identify(src/drone_ship/ros_gz_crazyflie/ros_gz_crazyflie_control) by extensions ['colcon_meta']
[0.208s] Level 1:colcon.colcon_core.package_identification:_identify(src/drone_ship/ros_gz_crazyflie/ros_gz_crazyflie_control) by extension 'colcon_meta'
[0.208s] Level 1:colcon.colcon_core.package_identification:_identify(src/drone_ship/ros_gz_crazyflie/ros_gz_crazyflie_control) by extensions ['ros']
[0.208s] Level 1:colcon.colcon_core.package_identification:_identify(src/drone_ship/ros_gz_crazyflie/ros_gz_crazyflie_control) by extension 'ros'
[0.208s] DEBUG:colcon.colcon_core.package_identification:Package 'src/drone_ship/ros_gz_crazyflie/ros_gz_crazyflie_control' with type 'ros.ament_python' and name 'ros_gz_crazyflie_control'
[0.208s] Level 1:colcon.colcon_core.package_identification:_identify(src/drone_ship/ros_gz_crazyflie/ros_gz_crazyflie_gazebo) by extensions ['ignore', 'ignore_ament_install']
[0.208s] Level 1:colcon.colcon_core.package_identification:_identify(src/drone_ship/ros_gz_crazyflie/ros_gz_crazyflie_gazebo) by extension 'ignore'
[0.208s] Level 1:colcon.colcon_core.package_identification:_identify(src/drone_ship/ros_gz_crazyflie/ros_gz_crazyflie_gazebo) by extension 'ignore_ament_install'
[0.208s] Level 1:colcon.colcon_core.package_identification:_identify(src/drone_ship/ros_gz_crazyflie/ros_gz_crazyflie_gazebo) by extensions ['colcon_pkg']
[0.208s] Level 1:colcon.colcon_core.package_identification:_identify(src/drone_ship/ros_gz_crazyflie/ros_gz_crazyflie_gazebo) by extension 'colcon_pkg'
[0.209s] Level 1:colcon.colcon_core.package_identification:_identify(src/drone_ship/ros_gz_crazyflie/ros_gz_crazyflie_gazebo) by extensions ['colcon_meta']
[0.209s] Level 1:colcon.colcon_core.package_identification:_identify(src/drone_ship/ros_gz_crazyflie/ros_gz_crazyflie_gazebo) by extension 'colcon_meta'
[0.209s] Level 1:colcon.colcon_core.package_identification:_identify(src/drone_ship/ros_gz_crazyflie/ros_gz_crazyflie_gazebo) by extensions ['ros']
[0.209s] Level 1:colcon.colcon_core.package_identification:_identify(src/drone_ship/ros_gz_crazyflie/ros_gz_crazyflie_gazebo) by extension 'ros'
[0.209s] DEBUG:colcon.colcon_core.package_identification:Package 'src/drone_ship/ros_gz_crazyflie/ros_gz_crazyflie_gazebo' with type 'ros.ament_cmake' and name 'ros_gz_crazyflie_gazebo'
[0.209s] Level 1:colcon.colcon_core.package_identification:_identify(src/vrx) by extensions ['ignore', 'ignore_ament_install']
[0.209s] Level 1:colcon.colcon_core.package_identification:_identify(src/vrx) by extension 'ignore'
[0.209s] Level 1:colcon.colcon_core.package_identification:_identify(src/vrx) by extension 'ignore_ament_install'
[0.209s] Level 1:colcon.colcon_core.package_identification:_identify(src/vrx) by extensions ['colcon_pkg']
[0.209s] Level 1:colcon.colcon_core.package_identification:_identify(src/vrx) by extension 'colcon_pkg'
[0.209s] Level 1:colcon.colcon_core.package_identification:_identify(src/vrx) by extensions ['colcon_meta']
[0.209s] Level 1:colcon.colcon_core.package_identification:_identify(src/vrx) by extension 'colcon_meta'
[0.209s] Level 1:colcon.colcon_core.package_identification:_identify(src/vrx) by extensions ['ros']
[0.209s] Level 1:colcon.colcon_core.package_identification:_identify(src/vrx) by extension 'ros'
[0.210s] Level 1:colcon.colcon_core.package_identification:_identify(src/vrx) by extensions ['cmake', 'python']
[0.210s] Level 1:colcon.colcon_core.package_identification:_identify(src/vrx) by extension 'cmake'
[0.210s] Level 1:colcon.colcon_core.package_identification:_identify(src/vrx) by extension 'python'
[0.210s] Level 1:colcon.colcon_core.package_identification:_identify(src/vrx) by extensions ['python_setup_py']
[0.210s] Level 1:colcon.colcon_core.package_identification:_identify(src/vrx) by extension 'python_setup_py'
[0.210s] Level 1:colcon.colcon_core.package_identification:_identify(src/vrx/images) by extensions ['ignore', 'ignore_ament_install']
[0.210s] Level 1:colcon.colcon_core.package_identification:_identify(src/vrx/images) by extension 'ignore'
[0.210s] Level 1:colcon.colcon_core.package_identification:_identify(src/vrx/images) by extension 'ignore_ament_install'
[0.210s] Level 1:colcon.colcon_core.package_identification:_identify(src/vrx/images) by extensions ['colcon_pkg']
[0.210s] Level 1:colcon.colcon_core.package_identification:_identify(src/vrx/images) by extension 'colcon_pkg'
[0.210s] Level 1:colcon.colcon_core.package_identification:_identify(src/vrx/images) by extensions ['colcon_meta']
[0.210s] Level 1:colcon.colcon_core.package_identification:_identify(src/vrx/images) by extension 'colcon_meta'
[0.210s] Level 1:colcon.colcon_core.package_identification:_identify(src/vrx/images) by extensions ['ros']
[0.210s] Level 1:colcon.colcon_core.package_identification:_identify(src/vrx/images) by extension 'ros'
[0.210s] Level 1:colcon.colcon_core.package_identification:_identify(src/vrx/images) by extensions ['cmake', 'python']
[0.210s] Level 1:colcon.colcon_core.package_identification:_identify(src/vrx/images) by extension 'cmake'
[0.210s] Level 1:colcon.colcon_core.package_identification:_identify(src/vrx/images) by extension 'python'
[0.210s] Level 1:colcon.colcon_core.package_identification:_identify(src/vrx/images) by extensions ['python_setup_py']
[0.210s] Level 1:colcon.colcon_core.package_identification:_identify(src/vrx/images) by extension 'python_setup_py'
[0.210s] Level 1:colcon.colcon_core.package_identification:_identify(src/vrx/vrx_gz) by extensions ['ignore', 'ignore_ament_install']
[0.210s] Level 1:colcon.colcon_core.package_identification:_identify(src/vrx/vrx_gz) by extension 'ignore'
[0.210s] Level 1:colcon.colcon_core.package_identification:_identify(src/vrx/vrx_gz) by extension 'ignore_ament_install'
[0.211s] Level 1:colcon.colcon_core.package_identification:_identify(src/vrx/vrx_gz) by extensions ['colcon_pkg']
[0.211s] Level 1:colcon.colcon_core.package_identification:_identify(src/vrx/vrx_gz) by extension 'colcon_pkg'
[0.211s] Level 1:colcon.colcon_core.package_identification:_identify(src/vrx/vrx_gz) by extensions ['colcon_meta']
[0.211s] Level 1:colcon.colcon_core.package_identification:_identify(src/vrx/vrx_gz) by extension 'colcon_meta'
[0.211s] Level 1:colcon.colcon_core.package_identification:_identify(src/vrx/vrx_gz) by extensions ['ros']
[0.211s] Level 1:colcon.colcon_core.package_identification:_identify(src/vrx/vrx_gz) by extension 'ros'
[0.211s] DEBUG:colcon.colcon_core.package_identification:Package 'src/vrx/vrx_gz' with type 'ros.ament_cmake' and name 'vrx_gz'
[0.211s] Level 1:colcon.colcon_core.package_identification:_identify(src/vrx/vrx_ros) by extensions ['ignore', 'ignore_ament_install']
[0.211s] Level 1:colcon.colcon_core.package_identification:_identify(src/vrx/vrx_ros) by extension 'ignore'
[0.211s] Level 1:colcon.colcon_core.package_identification:_identify(src/vrx/vrx_ros) by extension 'ignore_ament_install'
[0.211s] Level 1:colcon.colcon_core.package_identification:_identify(src/vrx/vrx_ros) by extensions ['colcon_pkg']
[0.212s] Level 1:colcon.colcon_core.package_identification:_identify(src/vrx/vrx_ros) by extension 'colcon_pkg'
[0.212s] Level 1:colcon.colcon_core.package_identification:_identify(src/vrx/vrx_ros) by extensions ['colcon_meta']
[0.212s] Level 1:colcon.colcon_core.package_identification:_identify(src/vrx/vrx_ros) by extension 'colcon_meta'
[0.212s] Level 1:colcon.colcon_core.package_identification:_identify(src/vrx/vrx_ros) by extensions ['ros']
[0.212s] Level 1:colcon.colcon_core.package_identification:_identify(src/vrx/vrx_ros) by extension 'ros'
[0.213s] DEBUG:colcon.colcon_core.package_identification:Package 'src/vrx/vrx_ros' with type 'ros.ament_cmake' and name 'vrx_ros'
[0.213s] Level 1:colcon.colcon_core.package_identification:_identify(src/vrx/vrx_urdf) by extensions ['ignore', 'ignore_ament_install']
[0.213s] Level 1:colcon.colcon_core.package_identification:_identify(src/vrx/vrx_urdf) by extension 'ignore'
[0.213s] Level 1:colcon.colcon_core.package_identification:_identify(src/vrx/vrx_urdf) by extension 'ignore_ament_install'
[0.213s] Level 1:colcon.colcon_core.package_identification:_identify(src/vrx/vrx_urdf) by extensions ['colcon_pkg']
[0.213s] Level 1:colcon.colcon_core.package_identification:_identify(src/vrx/vrx_urdf) by extension 'colcon_pkg'
[0.213s] Level 1:colcon.colcon_core.package_identification:_identify(src/vrx/vrx_urdf) by extensions ['colcon_meta']
[0.213s] Level 1:colcon.colcon_core.package_identification:_identify(src/vrx/vrx_urdf) by extension 'colcon_meta'
[0.213s] Level 1:colcon.colcon_core.package_identification:_identify(src/vrx/vrx_urdf) by extensions ['ros']
[0.213s] Level 1:colcon.colcon_core.package_identification:_identify(src/vrx/vrx_urdf) by extension 'ros'
[0.213s] Level 1:colcon.colcon_core.package_identification:_identify(src/vrx/vrx_urdf) by extensions ['cmake', 'python']
[0.213s] Level 1:colcon.colcon_core.package_identification:_identify(src/vrx/vrx_urdf) by extension 'cmake'
[0.213s] Level 1:colcon.colcon_core.package_identification:_identify(src/vrx/vrx_urdf) by extension 'python'
[0.213s] Level 1:colcon.colcon_core.package_identification:_identify(src/vrx/vrx_urdf) by extensions ['python_setup_py']
[0.213s] Level 1:colcon.colcon_core.package_identification:_identify(src/vrx/vrx_urdf) by extension 'python_setup_py'
[0.213s] Level 1:colcon.colcon_core.package_identification:_identify(src/vrx/vrx_urdf/vrx_gazebo) by extensions ['ignore', 'ignore_ament_install']
[0.213s] Level 1:colcon.colcon_core.package_identification:_identify(src/vrx/vrx_urdf/vrx_gazebo) by extension 'ignore'
[0.213s] Level 1:colcon.colcon_core.package_identification:_identify(src/vrx/vrx_urdf/vrx_gazebo) by extension 'ignore_ament_install'
[0.213s] Level 1:colcon.colcon_core.package_identification:_identify(src/vrx/vrx_urdf/vrx_gazebo) by extensions ['colcon_pkg']
[0.213s] Level 1:colcon.colcon_core.package_identification:_identify(src/vrx/vrx_urdf/vrx_gazebo) by extension 'colcon_pkg'
[0.214s] Level 1:colcon.colcon_core.package_identification:_identify(src/vrx/vrx_urdf/vrx_gazebo) by extensions ['colcon_meta']
[0.214s] Level 1:colcon.colcon_core.package_identification:_identify(src/vrx/vrx_urdf/vrx_gazebo) by extension 'colcon_meta'
[0.214s] Level 1:colcon.colcon_core.package_identification:_identify(src/vrx/vrx_urdf/vrx_gazebo) by extensions ['ros']
[0.214s] Level 1:colcon.colcon_core.package_identification:_identify(src/vrx/vrx_urdf/vrx_gazebo) by extension 'ros'
[0.214s] DEBUG:colcon.colcon_core.package_identification:Package 'src/vrx/vrx_urdf/vrx_gazebo' with type 'ros.ament_cmake' and name 'vrx_gazebo'
[0.214s] Level 1:colcon.colcon_core.package_identification:_identify(src/vrx/vrx_urdf/wamv_description) by extensions ['ignore', 'ignore_ament_install']
[0.214s] Level 1:colcon.colcon_core.package_identification:_identify(src/vrx/vrx_urdf/wamv_description) by extension 'ignore'
[0.214s] Level 1:colcon.colcon_core.package_identification:_identify(src/vrx/vrx_urdf/wamv_description) by extension 'ignore_ament_install'
[0.214s] Level 1:colcon.colcon_core.package_identification:_identify(src/vrx/vrx_urdf/wamv_description) by extensions ['colcon_pkg']
[0.214s] Level 1:colcon.colcon_core.package_identification:_identify(src/vrx/vrx_urdf/wamv_description) by extension 'colcon_pkg'
[0.214s] Level 1:colcon.colcon_core.package_identification:_identify(src/vrx/vrx_urdf/wamv_description) by extensions ['colcon_meta']
[0.214s] Level 1:colcon.colcon_core.package_identification:_identify(src/vrx/vrx_urdf/wamv_description) by extension 'colcon_meta'
[0.214s] Level 1:colcon.colcon_core.package_identification:_identify(src/vrx/vrx_urdf/wamv_description) by extensions ['ros']
[0.214s] Level 1:colcon.colcon_core.package_identification:_identify(src/vrx/vrx_urdf/wamv_description) by extension 'ros'
[0.215s] DEBUG:colcon.colcon_core.package_identification:Package 'src/vrx/vrx_urdf/wamv_description' with type 'ros.ament_cmake' and name 'wamv_description'
[0.215s] Level 1:colcon.colcon_core.package_identification:_identify(src/vrx/vrx_urdf/wamv_gazebo) by extensions ['ignore', 'ignore_ament_install']
[0.215s] Level 1:colcon.colcon_core.package_identification:_identify(src/vrx/vrx_urdf/wamv_gazebo) by extension 'ignore'
[0.215s] Level 1:colcon.colcon_core.package_identification:_identify(src/vrx/vrx_urdf/wamv_gazebo) by extension 'ignore_ament_install'
[0.215s] Level 1:colcon.colcon_core.package_identification:_identify(src/vrx/vrx_urdf/wamv_gazebo) by extensions ['colcon_pkg']
[0.215s] Level 1:colcon.colcon_core.package_identification:_identify(src/vrx/vrx_urdf/wamv_gazebo) by extension 'colcon_pkg'
[0.215s] Level 1:colcon.colcon_core.package_identification:_identify(src/vrx/vrx_urdf/wamv_gazebo) by extensions ['colcon_meta']
[0.215s] Level 1:colcon.colcon_core.package_identification:_identify(src/vrx/vrx_urdf/wamv_gazebo) by extension 'colcon_meta'
[0.215s] Level 1:colcon.colcon_core.package_identification:_identify(src/vrx/vrx_urdf/wamv_gazebo) by extensions ['ros']
[0.215s] Level 1:colcon.colcon_core.package_identification:_identify(src/vrx/vrx_urdf/wamv_gazebo) by extension 'ros'
[0.216s] DEBUG:colcon.colcon_core.package_identification:Package 'src/vrx/vrx_urdf/wamv_gazebo' with type 'ros.ament_cmake' and name 'wamv_gazebo'
[0.216s] Level 1:colcon.colcon_core.package_discovery:discover_packages(recursive) using defaults
[0.216s] Level 1:colcon.colcon_core.package_discovery:discover_packages(ignore) discover
[0.216s] Level 1:colcon.colcon_core.package_discovery:discover_packages(ignore) using defaults
[0.216s] Level 1:colcon.colcon_core.package_discovery:discover_packages(path) discover
[0.216s] Level 1:colcon.colcon_core.package_discovery:discover_packages(path) using defaults
[0.235s] Level 1:colcon.colcon_core.package_discovery:discover_packages(prefix_path) check parameters
[0.235s] Level 1:colcon.colcon_core.package_discovery:discover_packages(prefix_path) discover
[0.238s] DEBUG:colcon.colcon_installed_package_information.package_discovery:Found 15 installed packages in /home/user/data/drones_ship_ws/install
[0.241s] DEBUG:colcon.colcon_installed_package_information.package_discovery:Found 539 installed packages in /opt/ros/jazzy
[0.242s] Level 1:colcon.colcon_core.package_discovery:discover_packages(prefix_path) using defaults
[0.330s] Level 5:colcon.colcon_core.verb:set package 'aquabot_ekf' build argument 'cmake_args' from command line to 'None'
[0.330s] Level 5:colcon.colcon_core.verb:set package 'aquabot_ekf' build argument 'cmake_target' from command line to 'None'
[0.330s] Level 5:colcon.colcon_core.verb:set package 'aquabot_ekf' build argument 'cmake_target_skip_unavailable' from command line to 'False'
[0.330s] Level 5:colcon.colcon_core.verb:set package 'aquabot_ekf' build argument 'cmake_clean_cache' from command line to 'False'
[0.330s] Level 5:colcon.colcon_core.verb:set package 'aquabot_ekf' build argument 'cmake_clean_first' from command line to 'False'
[0.330s] Level 5:colcon.colcon_core.verb:set package 'aquabot_ekf' build argument 'cmake_force_configure' from command line to 'False'
[0.330s] Level 5:colcon.colcon_core.verb:set package 'aquabot_ekf' build argument 'ament_cmake_args' from command line to 'None'
[0.330s] Level 5:colcon.colcon_core.verb:set package 'aquabot_ekf' build argument 'catkin_cmake_args' from command line to 'None'
[0.330s] Level 5:colcon.colcon_core.verb:set package 'aquabot_ekf' build argument 'catkin_skip_building_tests' from command line to 'False'
[0.331s] DEBUG:colcon.colcon_core.verb:Building package 'aquabot_ekf' with the following arguments: {'ament_cmake_args': None, 'build_base': '/home/user/data/drones_ship_ws/build/aquabot_ekf', 'catkin_cmake_args': None, 'catkin_skip_building_tests': False, 'cmake_args': None, 'cmake_clean_cache': False, 'cmake_clean_first': False, 'cmake_force_configure': False, 'cmake_target': None, 'cmake_target_skip_unavailable': False, 'install_base': '/home/user/data/drones_ship_ws/install/aquabot_ekf', 'merge_install': False, 'path': '/home/user/data/drones_ship_ws/src/drone_ship/aquabot_ekf', 'symlink_install': False, 'test_result_base': None}
[0.331s] Level 5:colcon.colcon_core.verb:set package 'aquabot_gz' build argument 'cmake_args' from command line to 'None'
[0.331s] Level 5:colcon.colcon_core.verb:set package 'aquabot_gz' build argument 'cmake_target' from command line to 'None'
[0.331s] Level 5:colcon.colcon_core.verb:set package 'aquabot_gz' build argument 'cmake_target_skip_unavailable' from command line to 'False'
[0.331s] Level 5:colcon.colcon_core.verb:set package 'aquabot_gz' build argument 'cmake_clean_cache' from command line to 'False'
[0.331s] Level 5:colcon.colcon_core.verb:set package 'aquabot_gz' build argument 'cmake_clean_first' from command line to 'False'
[0.331s] Level 5:colcon.colcon_core.verb:set package 'aquabot_gz' build argument 'cmake_force_configure' from command line to 'False'
[0.331s] Level 5:colcon.colcon_core.verb:set package 'aquabot_gz' build argument 'ament_cmake_args' from command line to 'None'
[0.331s] Level 5:colcon.colcon_core.verb:set package 'aquabot_gz' build argument 'catkin_cmake_args' from command line to 'None'
[0.331s] Level 5:colcon.colcon_core.verb:set package 'aquabot_gz' build argument 'catkin_skip_building_tests' from command line to 'False'
[0.331s] DEBUG:colcon.colcon_core.verb:Building package 'aquabot_gz' with the following arguments: {'ament_cmake_args': None, 'build_base': '/home/user/data/drones_ship_ws/build/aquabot_gz', 'catkin_cmake_args': None, 'catkin_skip_building_tests': False, 'cmake_args': None, 'cmake_clean_cache': False, 'cmake_clean_first': False, 'cmake_force_configure': False, 'cmake_target': None, 'cmake_target_skip_unavailable': False, 'install_base': '/home/user/data/drones_ship_ws/install/aquabot_gz', 'merge_install': False, 'path': '/home/user/data/drones_ship_ws/src/drone_ship/aquabot_gz', 'symlink_install': False, 'test_result_base': None}
[0.331s] Level 5:colcon.colcon_core.verb:set package 'aquabot_motion' build argument 'cmake_args' from command line to 'None'
[0.331s] Level 5:colcon.colcon_core.verb:set package 'aquabot_motion' build argument 'cmake_target' from command line to 'None'
[0.331s] Level 5:colcon.colcon_core.verb:set package 'aquabot_motion' build argument 'cmake_target_skip_unavailable' from command line to 'False'
[0.331s] Level 5:colcon.colcon_core.verb:set package 'aquabot_motion' build argument 'cmake_clean_cache' from command line to 'False'
[0.331s] Level 5:colcon.colcon_core.verb:set package 'aquabot_motion' build argument 'cmake_clean_first' from command line to 'False'
[0.331s] Level 5:colcon.colcon_core.verb:set package 'aquabot_motion' build argument 'cmake_force_configure' from command line to 'False'
[0.331s] Level 5:colcon.colcon_core.verb:set package 'aquabot_motion' build argument 'ament_cmake_args' from command line to 'None'
[0.331s] Level 5:colcon.colcon_core.verb:set package 'aquabot_motion' build argument 'catkin_cmake_args' from command line to 'None'
[0.331s] Level 5:colcon.colcon_core.verb:set package 'aquabot_motion' build argument 'catkin_skip_building_tests' from command line to 'False'
[0.331s] DEBUG:colcon.colcon_core.verb:Building package 'aquabot_motion' with the following arguments: {'ament_cmake_args': None, 'build_base': '/home/user/data/drones_ship_ws/build/aquabot_motion', 'catkin_cmake_args': None, 'catkin_skip_building_tests': False, 'cmake_args': None, 'cmake_clean_cache': False, 'cmake_clean_first': False, 'cmake_force_configure': False, 'cmake_target': None, 'cmake_target_skip_unavailable': False, 'install_base': '/home/user/data/drones_ship_ws/install/aquabot_motion', 'merge_install': False, 'path': '/home/user/data/drones_ship_ws/src/drone_ship/aquabot_motion', 'symlink_install': False, 'test_result_base': None}
[0.332s] Level 5:colcon.colcon_core.verb:set package 'crazyflie_control' build argument 'cmake_args' from command line to 'None'
[0.332s] Level 5:colcon.colcon_core.verb:set package 'crazyflie_control' build argument 'cmake_target' from command line to 'None'
[0.332s] Level 5:colcon.colcon_core.verb:set package 'crazyflie_control' build argument 'cmake_target_skip_unavailable' from command line to 'False'
[0.332s] Level 5:colcon.colcon_core.verb:set package 'crazyflie_control' build argument 'cmake_clean_cache' from command line to 'False'
[0.332s] Level 5:colcon.colcon_core.verb:set package 'crazyflie_control' build argument 'cmake_clean_first' from command line to 'False'
[0.332s] Level 5:colcon.colcon_core.verb:set package 'crazyflie_control' build argument 'cmake_force_configure' from command line to 'False'
[0.332s] Level 5:colcon.colcon_core.verb:set package 'crazyflie_control' build argument 'ament_cmake_args' from command line to 'None'
[0.332s] Level 5:colcon.colcon_core.verb:set package 'crazyflie_control' build argument 'catkin_cmake_args' from command line to 'None'
[0.332s] Level 5:colcon.colcon_core.verb:set package 'crazyflie_control' build argument 'catkin_skip_building_tests' from command line to 'False'
[0.332s] DEBUG:colcon.colcon_core.verb:Building package 'crazyflie_control' with the following arguments: {'ament_cmake_args': None, 'build_base': '/home/user/data/drones_ship_ws/build/crazyflie_control', 'catkin_cmake_args': None, 'catkin_skip_building_tests': False, 'cmake_args': None, 'cmake_clean_cache': False, 'cmake_clean_first': False, 'cmake_force_configure': False, 'cmake_target': None, 'cmake_target_skip_unavailable': False, 'install_base': '/home/user/data/drones_ship_ws/install/crazyflie_control', 'merge_install': False, 'path': '/home/user/data/drones_ship_ws/src/drone_ship/crazyflie_control', 'symlink_install': False, 'test_result_base': None}
[0.332s] Level 5:colcon.colcon_core.verb:set package 'crazyflie_ekf' build argument 'cmake_args' from command line to 'None'
[0.332s] Level 5:colcon.colcon_core.verb:set package 'crazyflie_ekf' build argument 'cmake_target' from command line to 'None'
[0.332s] Level 5:colcon.colcon_core.verb:set package 'crazyflie_ekf' build argument 'cmake_target_skip_unavailable' from command line to 'False'
[0.332s] Level 5:colcon.colcon_core.verb:set package 'crazyflie_ekf' build argument 'cmake_clean_cache' from command line to 'False'
[0.332s] Level 5:colcon.colcon_core.verb:set package 'crazyflie_ekf' build argument 'cmake_clean_first' from command line to 'False'
[0.332s] Level 5:colcon.colcon_core.verb:set package 'crazyflie_ekf' build argument 'cmake_force_configure' from command line to 'False'
[0.332s] Level 5:colcon.colcon_core.verb:set package 'crazyflie_ekf' build argument 'ament_cmake_args' from command line to 'None'
[0.332s] Level 5:colcon.colcon_core.verb:set package 'crazyflie_ekf' build argument 'catkin_cmake_args' from command line to 'None'
[0.332s] Level 5:colcon.colcon_core.verb:set package 'crazyflie_ekf' build argument 'catkin_skip_building_tests' from command line to 'False'
[0.332s] DEBUG:colcon.colcon_core.verb:Building package 'crazyflie_ekf' with the following arguments: {'ament_cmake_args': None, 'build_base': '/home/user/data/drones_ship_ws/build/crazyflie_ekf', 'catkin_cmake_args': None, 'catkin_skip_building_tests': False, 'cmake_args': None, 'cmake_clean_cache': False, 'cmake_clean_first': False, 'cmake_force_configure': False, 'cmake_target': None, 'cmake_target_skip_unavailable': False, 'install_base': '/home/user/data/drones_ship_ws/install/crazyflie_ekf', 'merge_install': False, 'path': '/home/user/data/drones_ship_ws/src/drone_ship/crazyflie_ekf', 'symlink_install': False, 'test_result_base': None}
[0.333s] Level 5:colcon.colcon_core.verb:set package 'crazyflie_yolo' build argument 'cmake_args' from command line to 'None'
[0.333s] Level 5:colcon.colcon_core.verb:set package 'crazyflie_yolo' build argument 'cmake_target' from command line to 'None'
[0.333s] Level 5:colcon.colcon_core.verb:set package 'crazyflie_yolo' build argument 'cmake_target_skip_unavailable' from command line to 'False'
[0.333s] Level 5:colcon.colcon_core.verb:set package 'crazyflie_yolo' build argument 'cmake_clean_cache' from command line to 'False'
[0.333s] Level 5:colcon.colcon_core.verb:set package 'crazyflie_yolo' build argument 'cmake_clean_first' from command line to 'False'
[0.333s] Level 5:colcon.colcon_core.verb:set package 'crazyflie_yolo' build argument 'cmake_force_configure' from command line to 'False'
[0.333s] Level 5:colcon.colcon_core.verb:set package 'crazyflie_yolo' build argument 'ament_cmake_args' from command line to 'None'
[0.333s] Level 5:colcon.colcon_core.verb:set package 'crazyflie_yolo' build argument 'catkin_cmake_args' from command line to 'None'
[0.333s] Level 5:colcon.colcon_core.verb:set package 'crazyflie_yolo' build argument 'catkin_skip_building_tests' from command line to 'False'
[0.333s] DEBUG:colcon.colcon_core.verb:Building package 'crazyflie_yolo' with the following arguments: {'ament_cmake_args': None, 'build_base': '/home/user/data/drones_ship_ws/build/crazyflie_yolo', 'catkin_cmake_args': None, 'catkin_skip_building_tests': False, 'cmake_args': None, 'cmake_clean_cache': False, 'cmake_clean_first': False, 'cmake_force_configure': False, 'cmake_target': None, 'cmake_target_skip_unavailable': False, 'install_base': '/home/user/data/drones_ship_ws/install/crazyflie_yolo', 'merge_install': False, 'path': '/home/user/data/drones_ship_ws/src/drone_ship/crazyflie_yolo', 'symlink_install': False, 'test_result_base': None}
[0.333s] Level 5:colcon.colcon_core.verb:set package 'ros_gz_crazyflie_control' build argument 'cmake_args' from command line to 'None'
[0.333s] Level 5:colcon.colcon_core.verb:set package 'ros_gz_crazyflie_control' build argument 'cmake_target' from command line to 'None'
[0.333s] Level 5:colcon.colcon_core.verb:set package 'ros_gz_crazyflie_control' build argument 'cmake_target_skip_unavailable' from command line to 'False'
[0.333s] Level 5:colcon.colcon_core.verb:set package 'ros_gz_crazyflie_control' build argument 'cmake_clean_cache' from command line to 'False'
[0.333s] Level 5:colcon.colcon_core.verb:set package 'ros_gz_crazyflie_control' build argument 'cmake_clean_first' from command line to 'False'
[0.333s] Level 5:colcon.colcon_core.verb:set package 'ros_gz_crazyflie_control' build argument 'cmake_force_configure' from command line to 'False'
[0.333s] Level 5:colcon.colcon_core.verb:set package 'ros_gz_crazyflie_control' build argument 'ament_cmake_args' from command line to 'None'
[0.333s] Level 5:colcon.colcon_core.verb:set package 'ros_gz_crazyflie_control' build argument 'catkin_cmake_args' from command line to 'None'
[0.333s] Level 5:colcon.colcon_core.verb:set package 'ros_gz_crazyflie_control' build argument 'catkin_skip_building_tests' from command line to 'False'
[0.333s] DEBUG:colcon.colcon_core.verb:Building package 'ros_gz_crazyflie_control' with the following arguments: {'ament_cmake_args': None, 'build_base': '/home/user/data/drones_ship_ws/build/ros_gz_crazyflie_control', 'catkin_cmake_args': None, 'catkin_skip_building_tests': False, 'cmake_args': None, 'cmake_clean_cache': False, 'cmake_clean_first': False, 'cmake_force_configure': False, 'cmake_target': None, 'cmake_target_skip_unavailable': False, 'install_base': '/home/user/data/drones_ship_ws/install/ros_gz_crazyflie_control', 'merge_install': False, 'path': '/home/user/data/drones_ship_ws/src/drone_ship/ros_gz_crazyflie/ros_gz_crazyflie_control', 'symlink_install': False, 'test_result_base': None}
[0.333s] Level 5:colcon.colcon_core.verb:set package 'ros_gz_crazyflie_gazebo' build argument 'cmake_args' from command line to 'None'
[0.333s] Level 5:colcon.colcon_core.verb:set package 'ros_gz_crazyflie_gazebo' build argument 'cmake_target' from command line to 'None'
[0.334s] Level 5:colcon.colcon_core.verb:set package 'ros_gz_crazyflie_gazebo' build argument 'cmake_target_skip_unavailable' from command line to 'False'
[0.334s] Level 5:colcon.colcon_core.verb:set package 'ros_gz_crazyflie_gazebo' build argument 'cmake_clean_cache' from command line to 'False'
[0.334s] Level 5:colcon.colcon_core.verb:set package 'ros_gz_crazyflie_gazebo' build argument 'cmake_clean_first' from command line to 'False'
[0.334s] Level 5:colcon.colcon_core.verb:set package 'ros_gz_crazyflie_gazebo' build argument 'cmake_force_configure' from command line to 'False'
[0.334s] Level 5:colcon.colcon_core.verb:set package 'ros_gz_crazyflie_gazebo' build argument 'ament_cmake_args' from command line to 'None'
[0.334s] Level 5:colcon.colcon_core.verb:set package 'ros_gz_crazyflie_gazebo' build argument 'catkin_cmake_args' from command line to 'None'
[0.334s] Level 5:colcon.colcon_core.verb:set package 'ros_gz_crazyflie_gazebo' build argument 'catkin_skip_building_tests' from command line to 'False'
[0.334s] DEBUG:colcon.colcon_core.verb:Building package 'ros_gz_crazyflie_gazebo' with the following arguments: {'ament_cmake_args': None, 'build_base': '/home/user/data/drones_ship_ws/build/ros_gz_crazyflie_gazebo', 'catkin_cmake_args': None, 'catkin_skip_building_tests': False, 'cmake_args': None, 'cmake_clean_cache': False, 'cmake_clean_first': False, 'cmake_force_configure': False, 'cmake_target': None, 'cmake_target_skip_unavailable': False, 'install_base': '/home/user/data/drones_ship_ws/install/ros_gz_crazyflie_gazebo', 'merge_install': False, 'path': '/home/user/data/drones_ship_ws/src/drone_ship/ros_gz_crazyflie/ros_gz_crazyflie_gazebo', 'symlink_install': False, 'test_result_base': None}
[0.334s] Level 5:colcon.colcon_core.verb:set package 'vrx_gazebo' build argument 'cmake_args' from command line to 'None'
[0.334s] Level 5:colcon.colcon_core.verb:set package 'vrx_gazebo' build argument 'cmake_target' from command line to 'None'
[0.334s] Level 5:colcon.colcon_core.verb:set package 'vrx_gazebo' build argument 'cmake_target_skip_unavailable' from command line to 'False'
[0.334s] Level 5:colcon.colcon_core.verb:set package 'vrx_gazebo' build argument 'cmake_clean_cache' from command line to 'False'
[0.334s] Level 5:colcon.colcon_core.verb:set package 'vrx_gazebo' build argument 'cmake_clean_first' from command line to 'False'
[0.334s] Level 5:colcon.colcon_core.verb:set package 'vrx_gazebo' build argument 'cmake_force_configure' from command line to 'False'
[0.334s] Level 5:colcon.colcon_core.verb:set package 'vrx_gazebo' build argument 'ament_cmake_args' from command line to 'None'
[0.334s] Level 5:colcon.colcon_core.verb:set package 'vrx_gazebo' build argument 'catkin_cmake_args' from command line to 'None'
[0.334s] Level 5:colcon.colcon_core.verb:set package 'vrx_gazebo' build argument 'catkin_skip_building_tests' from command line to 'False'
[0.334s] DEBUG:colcon.colcon_core.verb:Building package 'vrx_gazebo' with the following arguments: {'ament_cmake_args': None, 'build_base': '/home/user/data/drones_ship_ws/build/vrx_gazebo', 'catkin_cmake_args': None, 'catkin_skip_building_tests': False, 'cmake_args': None, 'cmake_clean_cache': False, 'cmake_clean_first': False, 'cmake_force_configure': False, 'cmake_target': None, 'cmake_target_skip_unavailable': False, 'install_base': '/home/user/data/drones_ship_ws/install/vrx_gazebo', 'merge_install': False, 'path': '/home/user/data/drones_ship_ws/src/vrx/vrx_urdf/vrx_gazebo', 'symlink_install': False, 'test_result_base': None}
[0.334s] Level 5:colcon.colcon_core.verb:set package 'vrx_ros' build argument 'cmake_args' from command line to 'None'
[0.334s] Level 5:colcon.colcon_core.verb:set package 'vrx_ros' build argument 'cmake_target' from command line to 'None'
[0.334s] Level 5:colcon.colcon_core.verb:set package 'vrx_ros' build argument 'cmake_target_skip_unavailable' from command line to 'False'
[0.334s] Level 5:colcon.colcon_core.verb:set package 'vrx_ros' build argument 'cmake_clean_cache' from command line to 'False'
[0.334s] Level 5:colcon.colcon_core.verb:set package 'vrx_ros' build argument 'cmake_clean_first' from command line to 'False'
[0.334s] Level 5:colcon.colcon_core.verb:set package 'vrx_ros' build argument 'cmake_force_configure' from command line to 'False'
[0.334s] Level 5:colcon.colcon_core.verb:set package 'vrx_ros' build argument 'ament_cmake_args' from command line to 'None'
[0.334s] Level 5:colcon.colcon_core.verb:set package 'vrx_ros' build argument 'catkin_cmake_args' from command line to 'None'
[0.334s] Level 5:colcon.colcon_core.verb:set package 'vrx_ros' build argument 'catkin_skip_building_tests' from command line to 'False'
[0.335s] DEBUG:colcon.colcon_core.verb:Building package 'vrx_ros' with the following arguments: {'ament_cmake_args': None, 'build_base': '/home/user/data/drones_ship_ws/build/vrx_ros', 'catkin_cmake_args': None, 'catkin_skip_building_tests': False, 'cmake_args': None, 'cmake_clean_cache': False, 'cmake_clean_first': False, 'cmake_force_configure': False, 'cmake_target': None, 'cmake_target_skip_unavailable': False, 'install_base': '/home/user/data/drones_ship_ws/install/vrx_ros', 'merge_install': False, 'path': '/home/user/data/drones_ship_ws/src/vrx/vrx_ros', 'symlink_install': False, 'test_result_base': None}
[0.335s] Level 5:colcon.colcon_core.verb:set package 'aquabot_description' build argument 'cmake_args' from command line to 'None'
[0.335s] Level 5:colcon.colcon_core.verb:set package 'aquabot_description' build argument 'cmake_target' from command line to 'None'
[0.335s] Level 5:colcon.colcon_core.verb:set package 'aquabot_description' build argument 'cmake_target_skip_unavailable' from command line to 'False'
[0.335s] Level 5:colcon.colcon_core.verb:set package 'aquabot_description' build argument 'cmake_clean_cache' from command line to 'False'
[0.335s] Level 5:colcon.colcon_core.verb:set package 'aquabot_description' build argument 'cmake_clean_first' from command line to 'False'
[0.335s] Level 5:colcon.colcon_core.verb:set package 'aquabot_description' build argument 'cmake_force_configure' from command line to 'False'
[0.335s] Level 5:colcon.colcon_core.verb:set package 'aquabot_description' build argument 'ament_cmake_args' from command line to 'None'
[0.335s] Level 5:colcon.colcon_core.verb:set package 'aquabot_description' build argument 'catkin_cmake_args' from command line to 'None'
[0.335s] Level 5:colcon.colcon_core.verb:set package 'aquabot_description' build argument 'catkin_skip_building_tests' from command line to 'False'
[0.335s] DEBUG:colcon.colcon_core.verb:Building package 'aquabot_description' with the following arguments: {'ament_cmake_args': None, 'build_base': '/home/user/data/drones_ship_ws/build/aquabot_description', 'catkin_cmake_args': None, 'catkin_skip_building_tests': False, 'cmake_args': None, 'cmake_clean_cache': False, 'cmake_clean_first': False, 'cmake_force_configure': False, 'cmake_target': None, 'cmake_target_skip_unavailable': False, 'install_base': '/home/user/data/drones_ship_ws/install/aquabot_description', 'merge_install': False, 'path': '/home/user/data/drones_ship_ws/src/drone_ship/aquabot_description', 'symlink_install': False, 'test_result_base': None}
[0.335s] Level 5:colcon.colcon_core.verb:set package 'ros_gz_crazyflie_bringup' build argument 'cmake_args' from command line to 'None'
[0.335s] Level 5:colcon.colcon_core.verb:set package 'ros_gz_crazyflie_bringup' build argument 'cmake_target' from command line to 'None'
[0.335s] Level 5:colcon.colcon_core.verb:set package 'ros_gz_crazyflie_bringup' build argument 'cmake_target_skip_unavailable' from command line to 'False'
[0.335s] Level 5:colcon.colcon_core.verb:set package 'ros_gz_crazyflie_bringup' build argument 'cmake_clean_cache' from command line to 'False'
[0.335s] Level 5:colcon.colcon_core.verb:set package 'ros_gz_crazyflie_bringup' build argument 'cmake_clean_first' from command line to 'False'
[0.335s] Level 5:colcon.colcon_core.verb:set package 'ros_gz_crazyflie_bringup' build argument 'cmake_force_configure' from command line to 'False'
[0.335s] Level 5:colcon.colcon_core.verb:set package 'ros_gz_crazyflie_bringup' build argument 'ament_cmake_args' from command line to 'None'
[0.335s] Level 5:colcon.colcon_core.verb:set package 'ros_gz_crazyflie_bringup' build argument 'catkin_cmake_args' from command line to 'None'
[0.335s] Level 5:colcon.colcon_core.verb:set package 'ros_gz_crazyflie_bringup' build argument 'catkin_skip_building_tests' from command line to 'False'
[0.335s] DEBUG:colcon.colcon_core.verb:Building package 'ros_gz_crazyflie_bringup' with the following arguments: {'ament_cmake_args': None, 'build_base': '/home/user/data/drones_ship_ws/build/ros_gz_crazyflie_bringup', 'catkin_cmake_args': None, 'catkin_skip_building_tests': False, 'cmake_args': None, 'cmake_clean_cache': False, 'cmake_clean_first': False, 'cmake_force_configure': False, 'cmake_target': None, 'cmake_target_skip_unavailable': False, 'install_base': '/home/user/data/drones_ship_ws/install/ros_gz_crazyflie_bringup', 'merge_install': False, 'path': '/home/user/data/drones_ship_ws/src/drone_ship/ros_gz_crazyflie/ros_gz_crazyflie_bringup', 'symlink_install': False, 'test_result_base': None}
[0.336s] Level 5:colcon.colcon_core.verb:set package 'vrx_gz' build argument 'cmake_args' from command line to 'None'
[0.336s] Level 5:colcon.colcon_core.verb:set package 'vrx_gz' build argument 'cmake_target' from command line to 'None'
[0.336s] Level 5:colcon.colcon_core.verb:set package 'vrx_gz' build argument 'cmake_target_skip_unavailable' from command line to 'False'
[0.336s] Level 5:colcon.colcon_core.verb:set package 'vrx_gz' build argument 'cmake_clean_cache' from command line to 'False'
[0.336s] Level 5:colcon.colcon_core.verb:set package 'vrx_gz' build argument 'cmake_clean_first' from command line to 'False'
[0.336s] Level 5:colcon.colcon_core.verb:set package 'vrx_gz' build argument 'cmake_force_configure' from command line to 'False'
[0.336s] Level 5:colcon.colcon_core.verb:set package 'vrx_gz' build argument 'ament_cmake_args' from command line to 'None'
[0.336s] Level 5:colcon.colcon_core.verb:set package 'vrx_gz' build argument 'catkin_cmake_args' from command line to 'None'
[0.336s] Level 5:colcon.colcon_core.verb:set package 'vrx_gz' build argument 'catkin_skip_building_tests' from command line to 'False'
[0.336s] DEBUG:colcon.colcon_core.verb:Building package 'vrx_gz' with the following arguments: {'ament_cmake_args': None, 'build_base': '/home/user/data/drones_ship_ws/build/vrx_gz', 'catkin_cmake_args': None, 'catkin_skip_building_tests': False, 'cmake_args': None, 'cmake_clean_cache': False, 'cmake_clean_first': False, 'cmake_force_configure': False, 'cmake_target': None, 'cmake_target_skip_unavailable': False, 'install_base': '/home/user/data/drones_ship_ws/install/vrx_gz', 'merge_install': False, 'path': '/home/user/data/drones_ship_ws/src/vrx/vrx_gz', 'symlink_install': False, 'test_result_base': None}
[0.336s] Level 5:colcon.colcon_core.verb:set package 'wamv_description' build argument 'cmake_args' from command line to 'None'
[0.336s] Level 5:colcon.colcon_core.verb:set package 'wamv_description' build argument 'cmake_target' from command line to 'None'
[0.336s] Level 5:colcon.colcon_core.verb:set package 'wamv_description' build argument 'cmake_target_skip_unavailable' from command line to 'False'
[0.336s] Level 5:colcon.colcon_core.verb:set package 'wamv_description' build argument 'cmake_clean_cache' from command line to 'False'
[0.336s] Level 5:colcon.colcon_core.verb:set package 'wamv_description' build argument 'cmake_clean_first' from command line to 'False'
[0.336s] Level 5:colcon.colcon_core.verb:set package 'wamv_description' build argument 'cmake_force_configure' from command line to 'False'
[0.336s] Level 5:colcon.colcon_core.verb:set package 'wamv_description' build argument 'ament_cmake_args' from command line to 'None'
[0.336s] Level 5:colcon.colcon_core.verb:set package 'wamv_description' build argument 'catkin_cmake_args' from command line to 'None'
[0.336s] Level 5:colcon.colcon_core.verb:set package 'wamv_description' build argument 'catkin_skip_building_tests' from command line to 'False'
[0.336s] DEBUG:colcon.colcon_core.verb:Building package 'wamv_description' with the following arguments: {'ament_cmake_args': None, 'build_base': '/home/user/data/drones_ship_ws/build/wamv_description', 'catkin_cmake_args': None, 'catkin_skip_building_tests': False, 'cmake_args': None, 'cmake_clean_cache': False, 'cmake_clean_first': False, 'cmake_force_configure': False, 'cmake_target': None, 'cmake_target_skip_unavailable': False, 'install_base': '/home/user/data/drones_ship_ws/install/wamv_description', 'merge_install': False, 'path': '/home/user/data/drones_ship_ws/src/vrx/vrx_urdf/wamv_description', 'symlink_install': False, 'test_result_base': None}
[0.337s] Level 5:colcon.colcon_core.verb:set package 'wamv_gazebo' build argument 'cmake_args' from command line to 'None'
[0.337s] Level 5:colcon.colcon_core.verb:set package 'wamv_gazebo' build argument 'cmake_target' from command line to 'None'
[0.337s] Level 5:colcon.colcon_core.verb:set package 'wamv_gazebo' build argument 'cmake_target_skip_unavailable' from command line to 'False'
[0.337s] Level 5:colcon.colcon_core.verb:set package 'wamv_gazebo' build argument 'cmake_clean_cache' from command line to 'False'
[0.337s] Level 5:colcon.colcon_core.verb:set package 'wamv_gazebo' build argument 'cmake_clean_first' from command line to 'False'
[0.337s] Level 5:colcon.colcon_core.verb:set package 'wamv_gazebo' build argument 'cmake_force_configure' from command line to 'False'
[0.337s] Level 5:colcon.colcon_core.verb:set package 'wamv_gazebo' build argument 'ament_cmake_args' from command line to 'None'
[0.337s] Level 5:colcon.colcon_core.verb:set package 'wamv_gazebo' build argument 'catkin_cmake_args' from command line to 'None'
[0.337s] Level 5:colcon.colcon_core.verb:set package 'wamv_gazebo' build argument 'catkin_skip_building_tests' from command line to 'False'
[0.337s] DEBUG:colcon.colcon_core.verb:Building package 'wamv_gazebo' with the following arguments: {'ament_cmake_args': None, 'build_base': '/home/user/data/drones_ship_ws/build/wamv_gazebo', 'catkin_cmake_args': None, 'catkin_skip_building_tests': False, 'cmake_args': None, 'cmake_clean_cache': False, 'cmake_clean_first': False, 'cmake_force_configure': False, 'cmake_target': None, 'cmake_target_skip_unavailable': False, 'install_base': '/home/user/data/drones_ship_ws/install/wamv_gazebo', 'merge_install': False, 'path': '/home/user/data/drones_ship_ws/src/vrx/vrx_urdf/wamv_gazebo', 'symlink_install': False, 'test_result_base': None}
[0.337s] INFO:colcon.colcon_core.executor:Executing jobs using 'parallel' executor
[0.338s] DEBUG:colcon.colcon_parallel_executor.executor.parallel:run_until_complete
[0.338s] INFO:colcon.colcon_ros.task.ament_cmake.build:Building ROS package in '/home/user/data/drones_ship_ws/src/vrx/vrx_urdf/vrx_gazebo' with build type 'ament_cmake'
[0.338s] INFO:colcon.colcon_cmake.task.cmake.build:Building CMake package in '/home/user/data/drones_ship_ws/src/vrx/vrx_urdf/vrx_gazebo'
[0.340s] INFO:colcon.colcon_core.plugin_system:Skipping extension 'colcon_core.shell.bat': Not used on non-Windows systems
[0.341s] INFO:colcon.colcon_core.shell:Skip shell extension 'powershell' for command environment: Not usable outside of PowerShell
[0.341s] DEBUG:colcon.colcon_core.shell:Skip shell extension 'dsv' for command environment
[0.346s] INFO:colcon.colcon_ros.task.ament_cmake.build:Building ROS package in '/home/user/data/drones_ship_ws/src/drone_ship/ros_gz_crazyflie/ros_gz_crazyflie_gazebo' with build type 'ament_cmake'
[0.347s] INFO:colcon.colcon_cmake.task.cmake.build:Building CMake package in '/home/user/data/drones_ship_ws/src/drone_ship/ros_gz_crazyflie/ros_gz_crazyflie_gazebo'
[0.347s] INFO:colcon.colcon_core.shell:Skip shell extension 'powershell' for command environment: Not usable outside of PowerShell
[0.347s] DEBUG:colcon.colcon_core.shell:Skip shell extension 'dsv' for command environment
[0.352s] INFO:colcon.colcon_ros.task.ament_cmake.build:Building ROS package in '/home/user/data/drones_ship_ws/src/vrx/vrx_ros' with build type 'ament_cmake'
[0.352s] INFO:colcon.colcon_cmake.task.cmake.build:Building CMake package in '/home/user/data/drones_ship_ws/src/vrx/vrx_ros'
[0.352s] INFO:colcon.colcon_core.shell:Skip shell extension 'powershell' for command environment: Not usable outside of PowerShell
[0.352s] DEBUG:colcon.colcon_core.shell:Skip shell extension 'dsv' for command environment
[0.358s] INFO:colcon.colcon_ros.task.ament_cmake.build:Building ROS package in '/home/user/data/drones_ship_ws/src/drone_ship/aquabot_ekf' with build type 'ament_cmake'
[0.358s] INFO:colcon.colcon_cmake.task.cmake.build:Building CMake package in '/home/user/data/drones_ship_ws/src/drone_ship/aquabot_ekf'
[0.358s] INFO:colcon.colcon_core.shell:Skip shell extension 'powershell' for command environment: Not usable outside of PowerShell
[0.358s] DEBUG:colcon.colcon_core.shell:Skip shell extension 'dsv' for command environment
[0.363s] INFO:colcon.colcon_ros.task.ament_cmake.build:Building ROS package in '/home/user/data/drones_ship_ws/src/drone_ship/aquabot_gz' with build type 'ament_cmake'
[0.363s] INFO:colcon.colcon_cmake.task.cmake.build:Building CMake package in '/home/user/data/drones_ship_ws/src/drone_ship/aquabot_gz'
[0.363s] INFO:colcon.colcon_core.shell:Skip shell extension 'powershell' for command environment: Not usable outside of PowerShell
[0.363s] DEBUG:colcon.colcon_core.shell:Skip shell extension 'dsv' for command environment
[0.369s] INFO:colcon.colcon_ros.task.ament_cmake.build:Building ROS package in '/home/user/data/drones_ship_ws/src/drone_ship/aquabot_motion' with build type 'ament_cmake'
[0.369s] INFO:colcon.colcon_cmake.task.cmake.build:Building CMake package in '/home/user/data/drones_ship_ws/src/drone_ship/aquabot_motion'
[0.369s] INFO:colcon.colcon_core.shell:Skip shell extension 'powershell' for command environment: Not usable outside of PowerShell
[0.369s] DEBUG:colcon.colcon_core.shell:Skip shell extension 'dsv' for command environment
[0.374s] INFO:colcon.colcon_ros.task.ament_cmake.build:Building ROS package in '/home/user/data/drones_ship_ws/src/drone_ship/crazyflie_control' with build type 'ament_cmake'
[0.374s] INFO:colcon.colcon_cmake.task.cmake.build:Building CMake package in '/home/user/data/drones_ship_ws/src/drone_ship/crazyflie_control'
[0.374s] INFO:colcon.colcon_core.shell:Skip shell extension 'powershell' for command environment: Not usable outside of PowerShell
[0.374s] DEBUG:colcon.colcon_core.shell:Skip shell extension 'dsv' for command environment
[0.380s] INFO:colcon.colcon_ros.task.ament_cmake.build:Building ROS package in '/home/user/data/drones_ship_ws/src/drone_ship/crazyflie_ekf' with build type 'ament_cmake'
[0.380s] INFO:colcon.colcon_cmake.task.cmake.build:Building CMake package in '/home/user/data/drones_ship_ws/src/drone_ship/crazyflie_ekf'
[0.380s] INFO:colcon.colcon_core.shell:Skip shell extension 'powershell' for command environment: Not usable outside of PowerShell
[0.380s] DEBUG:colcon.colcon_core.shell:Skip shell extension 'dsv' for command environment
[0.385s] INFO:colcon.colcon_ros.task.ament_cmake.build:Building ROS package in '/home/user/data/drones_ship_ws/src/drone_ship/crazyflie_yolo' with build type 'ament_cmake'
[0.385s] INFO:colcon.colcon_cmake.task.cmake.build:Building CMake package in '/home/user/data/drones_ship_ws/src/drone_ship/crazyflie_yolo'
[0.385s] INFO:colcon.colcon_core.shell:Skip shell extension 'powershell' for command environment: Not usable outside of PowerShell
[0.385s] DEBUG:colcon.colcon_core.shell:Skip shell extension 'dsv' for command environment
[0.391s] INFO:colcon.colcon_ros.task.ament_python.build:Building ROS package in '/home/user/data/drones_ship_ws/src/drone_ship/ros_gz_crazyflie/ros_gz_crazyflie_control' with build type 'ament_python'
[0.391s] Level 1:colcon.colcon_core.shell:create_environment_hook('ros_gz_crazyflie_control', 'ament_prefix_path')
[0.391s] INFO:colcon.colcon_core.shell:Creating environment hook '/home/user/data/drones_ship_ws/install/ros_gz_crazyflie_control/share/ros_gz_crazyflie_control/hook/ament_prefix_path.ps1'
[0.391s] INFO:colcon.colcon_core.shell:Creating environment descriptor '/home/user/data/drones_ship_ws/install/ros_gz_crazyflie_control/share/ros_gz_crazyflie_control/hook/ament_prefix_path.dsv'
[0.392s] INFO:colcon.colcon_core.shell:Creating environment hook '/home/user/data/drones_ship_ws/install/ros_gz_crazyflie_control/share/ros_gz_crazyflie_control/hook/ament_prefix_path.sh'
[0.393s] INFO:colcon.colcon_core.shell:Skip shell extension 'powershell' for command environment: Not usable outside of PowerShell
[0.393s] DEBUG:colcon.colcon_core.shell:Skip shell extension 'dsv' for command environment
[0.403s] DEBUG:colcon.colcon_core.event_handler.log_command:Invoking command in '/home/user/data/drones_ship_ws/build/vrx_gazebo': CMAKE_PREFIX_PATH=${CMAKE_PREFIX_PATH}:/home/user/data/drones_ship_ws/install/ros_gz_crazyflie_control:/opt/ros/jazzy DEBUGINFOD_URLS=https://debuginfod.ubuntu.com /usr/bin/cmake --build /home/user/data/drones_ship_ws/build/vrx_gazebo -- -j20 -l20
[0.405s] DEBUG:colcon.colcon_core.event_handler.log_command:Invoking command in '/home/user/data/drones_ship_ws/build/ros_gz_crazyflie_gazebo': CMAKE_PREFIX_PATH=${CMAKE_PREFIX_PATH}:/home/user/data/drones_ship_ws/install/ros_gz_crazyflie_control:/opt/ros/jazzy DEBUGINFOD_URLS=https://debuginfod.ubuntu.com /usr/bin/cmake --build /home/user/data/drones_ship_ws/build/ros_gz_crazyflie_gazebo -- -j20 -l20
[0.407s] DEBUG:colcon.colcon_core.event_handler.log_command:Invoking command in '/home/user/data/drones_ship_ws/build/vrx_ros': CMAKE_PREFIX_PATH=${CMAKE_PREFIX_PATH}:/home/user/data/drones_ship_ws/install/ros_gz_crazyflie_control:/opt/ros/jazzy DEBUGINFOD_URLS=https://debuginfod.ubuntu.com /usr/bin/cmake --build /home/user/data/drones_ship_ws/build/vrx_ros -- -j20 -l20
[0.409s] DEBUG:colcon.colcon_core.event_handler.log_command:Invoking command in '/home/user/data/drones_ship_ws/build/aquabot_ekf': CMAKE_PREFIX_PATH=${CMAKE_PREFIX_PATH}:/home/user/data/drones_ship_ws/install/ros_gz_crazyflie_control:/opt/ros/jazzy DEBUGINFOD_URLS=https://debuginfod.ubuntu.com /usr/bin/cmake --build /home/user/data/drones_ship_ws/build/aquabot_ekf -- -j20 -l20
[0.411s] DEBUG:colcon.colcon_core.event_handler.log_command:Invoking command in '/home/user/data/drones_ship_ws/build/aquabot_gz': CMAKE_PREFIX_PATH=${CMAKE_PREFIX_PATH}:/home/user/data/drones_ship_ws/install/ros_gz_crazyflie_control:/opt/ros/jazzy DEBUGINFOD_URLS=https://debuginfod.ubuntu.com /usr/bin/cmake --build /home/user/data/drones_ship_ws/build/aquabot_gz -- -j20 -l20
[0.427s] DEBUG:colcon.colcon_core.event_handler.log_command:Invoking command in '/home/user/data/drones_ship_ws/build/aquabot_motion': CMAKE_PREFIX_PATH=${CMAKE_PREFIX_PATH}:/home/user/data/drones_ship_ws/install/ros_gz_crazyflie_control:/opt/ros/jazzy DEBUGINFOD_URLS=https://debuginfod.ubuntu.com /usr/bin/cmake --build /home/user/data/drones_ship_ws/build/aquabot_motion -- -j20 -l20
[0.430s] DEBUG:colcon.colcon_core.event_handler.log_command:Invoking command in '/home/user/data/drones_ship_ws/build/crazyflie_control': CMAKE_PREFIX_PATH=${CMAKE_PREFIX_PATH}:/home/user/data/drones_ship_ws/install/ros_gz_crazyflie_control:/opt/ros/jazzy DEBUGINFOD_URLS=https://debuginfod.ubuntu.com /usr/bin/cmake --build /home/user/data/drones_ship_ws/build/crazyflie_control -- -j20 -l20
[0.432s] DEBUG:colcon.colcon_core.event_handler.log_command:Invoking command in '/home/user/data/drones_ship_ws/build/crazyflie_ekf': CMAKE_PREFIX_PATH=${CMAKE_PREFIX_PATH}:/home/user/data/drones_ship_ws/install/ros_gz_crazyflie_control:/opt/ros/jazzy DEBUGINFOD_URLS=https://debuginfod.ubuntu.com /usr/bin/cmake --build /home/user/data/drones_ship_ws/build/crazyflie_ekf -- -j20 -l20
[0.435s] DEBUG:colcon.colcon_core.event_handler.log_command:Invoking command in '/home/user/data/drones_ship_ws/build/crazyflie_yolo': CMAKE_PREFIX_PATH=${CMAKE_PREFIX_PATH}:/home/user/data/drones_ship_ws/install/ros_gz_crazyflie_control:/opt/ros/jazzy DEBUGINFOD_URLS=https://debuginfod.ubuntu.com /usr/bin/cmake --build /home/user/data/drones_ship_ws/build/crazyflie_yolo -- -j20 -l20
[0.651s] INFO:colcon.colcon_core.task.python.build:Building Python package in '/home/user/data/drones_ship_ws/src/drone_ship/ros_gz_crazyflie/ros_gz_crazyflie_control'
[0.651s] INFO:colcon.colcon_core.shell:Skip shell extension 'powershell' for command environment: Not usable outside of PowerShell
[0.651s] DEBUG:colcon.colcon_core.shell:Skip shell extension 'dsv' for command environment
[0.659s] DEBUG:colcon.colcon_core.event_handler.log_command:Invoked command in '/home/user/data/drones_ship_ws/build/ros_gz_crazyflie_gazebo' returned '0': CMAKE_PREFIX_PATH=${CMAKE_PREFIX_PATH}:/home/user/data/drones_ship_ws/install/ros_gz_crazyflie_control:/opt/ros/jazzy DEBUGINFOD_URLS=https://debuginfod.ubuntu.com /usr/bin/cmake --build /home/user/data/drones_ship_ws/build/ros_gz_crazyflie_gazebo -- -j20 -l20
[0.678s] DEBUG:colcon.colcon_core.event_handler.log_command:Invoking command in '/home/user/data/drones_ship_ws/build/ros_gz_crazyflie_gazebo': CMAKE_PREFIX_PATH=${CMAKE_PREFIX_PATH}:/home/user/data/drones_ship_ws/install/ros_gz_crazyflie_control:/opt/ros/jazzy DEBUGINFOD_URLS=https://debuginfod.ubuntu.com /usr/bin/cmake --install /home/user/data/drones_ship_ws/build/ros_gz_crazyflie_gazebo
[0.678s] DEBUG:colcon.colcon_core.event_handler.log_command:Invoked command in '/home/user/data/drones_ship_ws/build/aquabot_motion' returned '0': CMAKE_PREFIX_PATH=${CMAKE_PREFIX_PATH}:/home/user/data/drones_ship_ws/install/ros_gz_crazyflie_control:/opt/ros/jazzy DEBUGINFOD_URLS=https://debuginfod.ubuntu.com /usr/bin/cmake --build /home/user/data/drones_ship_ws/build/aquabot_motion -- -j20 -l20
[0.679s] DEBUG:colcon.colcon_core.event_handler.log_command:Invoking command in '/home/user/data/drones_ship_ws/build/aquabot_motion': CMAKE_PREFIX_PATH=${CMAKE_PREFIX_PATH}:/home/user/data/drones_ship_ws/install/ros_gz_crazyflie_control:/opt/ros/jazzy DEBUGINFOD_URLS=https://debuginfod.ubuntu.com /usr/bin/cmake --install /home/user/data/drones_ship_ws/build/aquabot_motion
[0.680s] DEBUG:colcon.colcon_core.event_handler.log_command:Invoked command in '/home/user/data/drones_ship_ws/build/aquabot_ekf' returned '0': CMAKE_PREFIX_PATH=${CMAKE_PREFIX_PATH}:/home/user/data/drones_ship_ws/install/ros_gz_crazyflie_control:/opt/ros/jazzy DEBUGINFOD_URLS=https://debuginfod.ubuntu.com /usr/bin/cmake --build /home/user/data/drones_ship_ws/build/aquabot_ekf -- -j20 -l20
[0.680s] DEBUG:colcon.colcon_core.event_handler.log_command:Invoking command in '/home/user/data/drones_ship_ws/build/aquabot_ekf': CMAKE_PREFIX_PATH=${CMAKE_PREFIX_PATH}:/home/user/data/drones_ship_ws/install/ros_gz_crazyflie_control:/opt/ros/jazzy DEBUGINFOD_URLS=https://debuginfod.ubuntu.com /usr/bin/cmake --install /home/user/data/drones_ship_ws/build/aquabot_ekf
[0.681s] DEBUG:colcon.colcon_core.event_handler.log_command:Invoked command in '/home/user/data/drones_ship_ws/build/aquabot_gz' returned '0': CMAKE_PREFIX_PATH=${CMAKE_PREFIX_PATH}:/home/user/data/drones_ship_ws/install/ros_gz_crazyflie_control:/opt/ros/jazzy DEBUGINFOD_URLS=https://debuginfod.ubuntu.com /usr/bin/cmake --build /home/user/data/drones_ship_ws/build/aquabot_gz -- -j20 -l20
[0.682s] DEBUG:colcon.colcon_core.event_handler.log_command:Invoking command in '/home/user/data/drones_ship_ws/build/aquabot_gz': CMAKE_PREFIX_PATH=${CMAKE_PREFIX_PATH}:/home/user/data/drones_ship_ws/install/ros_gz_crazyflie_control:/opt/ros/jazzy DEBUGINFOD_URLS=https://debuginfod.ubuntu.com /usr/bin/cmake --install /home/user/data/drones_ship_ws/build/aquabot_gz
[0.682s] DEBUG:colcon.colcon_core.event_handler.log_command:Invoked command in '/home/user/data/drones_ship_ws/build/vrx_ros' returned '0': CMAKE_PREFIX_PATH=${CMAKE_PREFIX_PATH}:/home/user/data/drones_ship_ws/install/ros_gz_crazyflie_control:/opt/ros/jazzy DEBUGINFOD_URLS=https://debuginfod.ubuntu.com /usr/bin/cmake --build /home/user/data/drones_ship_ws/build/vrx_ros -- -j20 -l20
[0.683s] DEBUG:colcon.colcon_core.event_handler.log_command:Invoking command in '/home/user/data/drones_ship_ws/build/vrx_ros': CMAKE_PREFIX_PATH=${CMAKE_PREFIX_PATH}:/home/user/data/drones_ship_ws/install/ros_gz_crazyflie_control:/opt/ros/jazzy DEBUGINFOD_URLS=https://debuginfod.ubuntu.com /usr/bin/cmake --install /home/user/data/drones_ship_ws/build/vrx_ros
[0.684s] DEBUG:colcon.colcon_core.event_handler.log_command:Invoked command in '/home/user/data/drones_ship_ws/build/crazyflie_control' returned '0': CMAKE_PREFIX_PATH=${CMAKE_PREFIX_PATH}:/home/user/data/drones_ship_ws/install/ros_gz_crazyflie_control:/opt/ros/jazzy DEBUGINFOD_URLS=https://debuginfod.ubuntu.com /usr/bin/cmake --build /home/user/data/drones_ship_ws/build/crazyflie_control -- -j20 -l20
[0.685s] DEBUG:colcon.colcon_core.event_handler.log_command:Invoking command in '/home/user/data/drones_ship_ws/build/crazyflie_control': CMAKE_PREFIX_PATH=${CMAKE_PREFIX_PATH}:/home/user/data/drones_ship_ws/install/ros_gz_crazyflie_control:/opt/ros/jazzy DEBUGINFOD_URLS=https://debuginfod.ubuntu.com /usr/bin/cmake --install /home/user/data/drones_ship_ws/build/crazyflie_control
[0.685s] DEBUG:colcon.colcon_core.event_handler.log_command:Invoked command in '/home/user/data/drones_ship_ws/build/crazyflie_ekf' returned '0': CMAKE_PREFIX_PATH=${CMAKE_PREFIX_PATH}:/home/user/data/drones_ship_ws/install/ros_gz_crazyflie_control:/opt/ros/jazzy DEBUGINFOD_URLS=https://debuginfod.ubuntu.com /usr/bin/cmake --build /home/user/data/drones_ship_ws/build/crazyflie_ekf -- -j20 -l20
[0.687s] DEBUG:colcon.colcon_core.event_handler.log_command:Invoking command in '/home/user/data/drones_ship_ws/build/crazyflie_ekf': CMAKE_PREFIX_PATH=${CMAKE_PREFIX_PATH}:/home/user/data/drones_ship_ws/install/ros_gz_crazyflie_control:/opt/ros/jazzy DEBUGINFOD_URLS=https://debuginfod.ubuntu.com /usr/bin/cmake --install /home/user/data/drones_ship_ws/build/crazyflie_ekf
[0.725s] Level 1:colcon.colcon_core.environment:create_environment_scripts_only(ros_gz_crazyflie_gazebo)
[0.734s] DEBUG:colcon.colcon_core.event_handler.log_command:Invoked command in '/home/user/data/drones_ship_ws/build/ros_gz_crazyflie_gazebo' returned '0': CMAKE_PREFIX_PATH=${CMAKE_PREFIX_PATH}:/home/user/data/drones_ship_ws/install/ros_gz_crazyflie_control:/opt/ros/jazzy DEBUGINFOD_URLS=https://debuginfod.ubuntu.com /usr/bin/cmake --install /home/user/data/drones_ship_ws/build/ros_gz_crazyflie_gazebo
[0.735s] Level 1:colcon.colcon_core.environment:checking '/home/user/data/drones_ship_ws/install/ros_gz_crazyflie_gazebo' for CMake module files
[0.736s] Level 1:colcon.colcon_core.environment:checking '/home/user/data/drones_ship_ws/install/ros_gz_crazyflie_gazebo' for CMake config files
[0.736s] Level 1:colcon.colcon_core.shell:create_environment_hook('ros_gz_crazyflie_gazebo', 'cmake_prefix_path')
[0.736s] INFO:colcon.colcon_core.shell:Creating environment hook '/home/user/data/drones_ship_ws/install/ros_gz_crazyflie_gazebo/share/ros_gz_crazyflie_gazebo/hook/cmake_prefix_path.ps1'
[0.736s] INFO:colcon.colcon_core.shell:Creating environment descriptor '/home/user/data/drones_ship_ws/install/ros_gz_crazyflie_gazebo/share/ros_gz_crazyflie_gazebo/hook/cmake_prefix_path.dsv'
[0.737s] INFO:colcon.colcon_core.shell:Creating environment hook '/home/user/data/drones_ship_ws/install/ros_gz_crazyflie_gazebo/share/ros_gz_crazyflie_gazebo/hook/cmake_prefix_path.sh'
[0.737s] Level 1:colcon.colcon_core.environment:checking '/home/user/data/drones_ship_ws/install/ros_gz_crazyflie_gazebo/bin'
[0.737s] Level 1:colcon.colcon_core.environment:checking '/home/user/data/drones_ship_ws/install/ros_gz_crazyflie_gazebo/lib/pkgconfig/ros_gz_crazyflie_gazebo.pc'
[0.737s] Level 1:colcon.colcon_core.environment:checking '/home/user/data/drones_ship_ws/install/ros_gz_crazyflie_gazebo/lib/python3.12/site-packages'
[0.737s] Level 1:colcon.colcon_core.environment:checking '/home/user/data/drones_ship_ws/install/ros_gz_crazyflie_gazebo/bin'
[0.738s] INFO:colcon.colcon_core.shell:Creating package script '/home/user/data/drones_ship_ws/install/ros_gz_crazyflie_gazebo/share/ros_gz_crazyflie_gazebo/package.ps1'
[0.738s] INFO:colcon.colcon_core.shell:Creating package descriptor '/home/user/data/drones_ship_ws/install/ros_gz_crazyflie_gazebo/share/ros_gz_crazyflie_gazebo/package.dsv'
[0.739s] INFO:colcon.colcon_core.shell:Creating package script '/home/user/data/drones_ship_ws/install/ros_gz_crazyflie_gazebo/share/ros_gz_crazyflie_gazebo/package.sh'
[0.740s] INFO:colcon.colcon_core.shell:Creating package script '/home/user/data/drones_ship_ws/install/ros_gz_crazyflie_gazebo/share/ros_gz_crazyflie_gazebo/package.bash'
[0.740s] INFO:colcon.colcon_core.shell:Creating package script '/home/user/data/drones_ship_ws/install/ros_gz_crazyflie_gazebo/share/ros_gz_crazyflie_gazebo/package.zsh'
[0.741s] Level 1:colcon.colcon_core.environment:create_file_with_runtime_dependencies(/home/user/data/drones_ship_ws/install/ros_gz_crazyflie_gazebo/share/colcon-core/packages/ros_gz_crazyflie_gazebo)
[0.742s] Level 1:colcon.colcon_core.environment:create_environment_scripts_only(ros_gz_crazyflie_gazebo)
[0.742s] Level 1:colcon.colcon_core.environment:checking '/home/user/data/drones_ship_ws/install/ros_gz_crazyflie_gazebo' for CMake module files
[0.742s] Level 1:colcon.colcon_core.environment:checking '/home/user/data/drones_ship_ws/install/ros_gz_crazyflie_gazebo' for CMake config files
[0.743s] Level 1:colcon.colcon_core.shell:create_environment_hook('ros_gz_crazyflie_gazebo', 'cmake_prefix_path')
[0.743s] INFO:colcon.colcon_core.shell:Creating environment hook '/home/user/data/drones_ship_ws/install/ros_gz_crazyflie_gazebo/share/ros_gz_crazyflie_gazebo/hook/cmake_prefix_path.ps1'
[0.743s] INFO:colcon.colcon_core.shell:Creating environment descriptor '/home/user/data/drones_ship_ws/install/ros_gz_crazyflie_gazebo/share/ros_gz_crazyflie_gazebo/hook/cmake_prefix_path.dsv'
[0.744s] INFO:colcon.colcon_core.shell:Creating environment hook '/home/user/data/drones_ship_ws/install/ros_gz_crazyflie_gazebo/share/ros_gz_crazyflie_gazebo/hook/cmake_prefix_path.sh'
[0.744s] Level 1:colcon.colcon_core.environment:checking '/home/user/data/drones_ship_ws/install/ros_gz_crazyflie_gazebo/bin'
[0.744s] Level 1:colcon.colcon_core.environment:checking '/home/user/data/drones_ship_ws/install/ros_gz_crazyflie_gazebo/lib/pkgconfig/ros_gz_crazyflie_gazebo.pc'
[0.745s] Level 1:colcon.colcon_core.environment:checking '/home/user/data/drones_ship_ws/install/ros_gz_crazyflie_gazebo/lib/python3.12/site-packages'
[0.745s] Level 1:colcon.colcon_core.environment:checking '/home/user/data/drones_ship_ws/install/ros_gz_crazyflie_gazebo/bin'
[0.745s] INFO:colcon.colcon_core.shell:Creating package script '/home/user/data/drones_ship_ws/install/ros_gz_crazyflie_gazebo/share/ros_gz_crazyflie_gazebo/package.ps1'
[0.746s] INFO:colcon.colcon_core.shell:Creating package descriptor '/home/user/data/drones_ship_ws/install/ros_gz_crazyflie_gazebo/share/ros_gz_crazyflie_gazebo/package.dsv'
[0.746s] INFO:colcon.colcon_core.shell:Creating package script '/home/user/data/drones_ship_ws/install/ros_gz_crazyflie_gazebo/share/ros_gz_crazyflie_gazebo/package.sh'
[0.747s] INFO:colcon.colcon_core.shell:Creating package script '/home/user/data/drones_ship_ws/install/ros_gz_crazyflie_gazebo/share/ros_gz_crazyflie_gazebo/package.bash'
[0.747s] INFO:colcon.colcon_core.shell:Creating package script '/home/user/data/drones_ship_ws/install/ros_gz_crazyflie_gazebo/share/ros_gz_crazyflie_gazebo/package.zsh'
[0.748s] Level 1:colcon.colcon_core.environment:create_file_with_runtime_dependencies(/home/user/data/drones_ship_ws/install/ros_gz_crazyflie_gazebo/share/colcon-core/packages/ros_gz_crazyflie_gazebo)
[0.748s] Level 1:colcon.colcon_core.environment:create_environment_scripts_only(crazyflie_ekf)
[0.748s] Level 1:colcon.colcon_core.environment:checking '/home/user/data/drones_ship_ws/install/crazyflie_ekf' for CMake module files
[0.749s] DEBUG:colcon.colcon_core.event_handler.log_command:Invoked command in '/home/user/data/drones_ship_ws/build/crazyflie_ekf' returned '0': CMAKE_PREFIX_PATH=${CMAKE_PREFIX_PATH}:/home/user/data/drones_ship_ws/install/ros_gz_crazyflie_control:/opt/ros/jazzy DEBUGINFOD_URLS=https://debuginfod.ubuntu.com /usr/bin/cmake --install /home/user/data/drones_ship_ws/build/crazyflie_ekf
[0.749s] Level 1:colcon.colcon_core.environment:checking '/home/user/data/drones_ship_ws/install/crazyflie_ekf' for CMake config files
[0.750s] Level 1:colcon.colcon_core.shell:create_environment_hook('crazyflie_ekf', 'cmake_prefix_path')
[0.750s] INFO:colcon.colcon_core.shell:Creating environment hook '/home/user/data/drones_ship_ws/install/crazyflie_ekf/share/crazyflie_ekf/hook/cmake_prefix_path.ps1'
[0.751s] INFO:colcon.colcon_core.shell:Creating environment descriptor '/home/user/data/drones_ship_ws/install/crazyflie_ekf/share/crazyflie_ekf/hook/cmake_prefix_path.dsv'
[0.751s] INFO:colcon.colcon_core.shell:Creating environment hook '/home/user/data/drones_ship_ws/install/crazyflie_ekf/share/crazyflie_ekf/hook/cmake_prefix_path.sh'
[0.752s] Level 1:colcon.colcon_core.environment:checking '/home/user/data/drones_ship_ws/install/crazyflie_ekf/lib'
[0.752s] Level 1:colcon.colcon_core.environment:checking '/home/user/data/drones_ship_ws/install/crazyflie_ekf/bin'
[0.752s] Level 1:colcon.colcon_core.environment:checking '/home/user/data/drones_ship_ws/install/crazyflie_ekf/lib/pkgconfig/crazyflie_ekf.pc'
[0.752s] Level 1:colcon.colcon_core.environment:checking '/home/user/data/drones_ship_ws/install/crazyflie_ekf/lib/python3.12/site-packages'
[0.752s] Level 1:colcon.colcon_core.environment:checking '/home/user/data/drones_ship_ws/install/crazyflie_ekf/bin'
[0.753s] INFO:colcon.colcon_core.shell:Creating package script '/home/user/data/drones_ship_ws/install/crazyflie_ekf/share/crazyflie_ekf/package.ps1'
[0.753s] INFO:colcon.colcon_core.shell:Creating package descriptor '/home/user/data/drones_ship_ws/install/crazyflie_ekf/share/crazyflie_ekf/package.dsv'
[0.753s] INFO:colcon.colcon_core.shell:Creating package script '/home/user/data/drones_ship_ws/install/crazyflie_ekf/share/crazyflie_ekf/package.sh'
[0.754s] INFO:colcon.colcon_core.shell:Creating package script '/home/user/data/drones_ship_ws/install/crazyflie_ekf/share/crazyflie_ekf/package.bash'
[0.754s] INFO:colcon.colcon_core.shell:Creating package script '/home/user/data/drones_ship_ws/install/crazyflie_ekf/share/crazyflie_ekf/package.zsh'
[0.755s] Level 1:colcon.colcon_core.environment:create_file_with_runtime_dependencies(/home/user/data/drones_ship_ws/install/crazyflie_ekf/share/colcon-core/packages/crazyflie_ekf)
[0.755s] Level 1:colcon.colcon_core.environment:create_environment_scripts_only(crazyflie_ekf)
[0.755s] Level 1:colcon.colcon_core.environment:checking '/home/user/data/drones_ship_ws/install/crazyflie_ekf' for CMake module files
[0.756s] Level 1:colcon.colcon_core.environment:checking '/home/user/data/drones_ship_ws/install/crazyflie_ekf' for CMake config files
[0.757s] Level 1:colcon.colcon_core.shell:create_environment_hook('crazyflie_ekf', 'cmake_prefix_path')
[0.757s] INFO:colcon.colcon_core.shell:Creating environment hook '/home/user/data/drones_ship_ws/install/crazyflie_ekf/share/crazyflie_ekf/hook/cmake_prefix_path.ps1'
[0.757s] INFO:colcon.colcon_core.shell:Creating environment descriptor '/home/user/data/drones_ship_ws/install/crazyflie_ekf/share/crazyflie_ekf/hook/cmake_prefix_path.dsv'
[0.758s] INFO:colcon.colcon_core.shell:Creating environment hook '/home/user/data/drones_ship_ws/install/crazyflie_ekf/share/crazyflie_ekf/hook/cmake_prefix_path.sh'
[0.759s] Level 1:colcon.colcon_core.environment:checking '/home/user/data/drones_ship_ws/install/crazyflie_ekf/lib'
[0.759s] Level 1:colcon.colcon_core.environment:checking '/home/user/data/drones_ship_ws/install/crazyflie_ekf/bin'
[0.759s] Level 1:colcon.colcon_core.environment:checking '/home/user/data/drones_ship_ws/install/crazyflie_ekf/lib/pkgconfig/crazyflie_ekf.pc'
[0.759s] Level 1:colcon.colcon_core.environment:checking '/home/user/data/drones_ship_ws/install/crazyflie_ekf/lib/python3.12/site-packages'
[0.759s] Level 1:colcon.colcon_core.environment:checking '/home/user/data/drones_ship_ws/install/crazyflie_ekf/bin'
[0.760s] INFO:colcon.colcon_core.shell:Creating package script '/home/user/data/drones_ship_ws/install/crazyflie_ekf/share/crazyflie_ekf/package.ps1'
[0.760s] INFO:colcon.colcon_core.shell:Creating package descriptor '/home/user/data/drones_ship_ws/install/crazyflie_ekf/share/crazyflie_ekf/package.dsv'
[0.761s] INFO:colcon.colcon_core.shell:Creating package script '/home/user/data/drones_ship_ws/install/crazyflie_ekf/share/crazyflie_ekf/package.sh'
[0.761s] INFO:colcon.colcon_core.shell:Creating package script '/home/user/data/drones_ship_ws/install/crazyflie_ekf/share/crazyflie_ekf/package.bash'
[0.762s] INFO:colcon.colcon_core.shell:Creating package script '/home/user/data/drones_ship_ws/install/crazyflie_ekf/share/crazyflie_ekf/package.zsh'
[0.762s] Level 1:colcon.colcon_core.environment:create_file_with_runtime_dependencies(/home/user/data/drones_ship_ws/install/crazyflie_ekf/share/colcon-core/packages/crazyflie_ekf)
[0.763s] Level 1:colcon.colcon_core.environment:create_environment_scripts_only(aquabot_motion)
[0.763s] Level 1:colcon.colcon_core.environment:checking '/home/user/data/drones_ship_ws/install/aquabot_motion' for CMake module files
[0.764s] DEBUG:colcon.colcon_core.event_handler.log_command:Invoked command in '/home/user/data/drones_ship_ws/build/aquabot_motion' returned '0': CMAKE_PREFIX_PATH=${CMAKE_PREFIX_PATH}:/home/user/data/drones_ship_ws/install/ros_gz_crazyflie_control:/opt/ros/jazzy DEBUGINFOD_URLS=https://debuginfod.ubuntu.com /usr/bin/cmake --install /home/user/data/drones_ship_ws/build/aquabot_motion
[0.764s] Level 1:colcon.colcon_core.environment:checking '/home/user/data/drones_ship_ws/install/aquabot_motion' for CMake config files
[0.765s] Level 1:colcon.colcon_core.shell:create_environment_hook('aquabot_motion', 'cmake_prefix_path')
[0.765s] INFO:colcon.colcon_core.shell:Creating environment hook '/home/user/data/drones_ship_ws/install/aquabot_motion/share/aquabot_motion/hook/cmake_prefix_path.ps1'
[0.766s] INFO:colcon.colcon_core.shell:Creating environment descriptor '/home/user/data/drones_ship_ws/install/aquabot_motion/share/aquabot_motion/hook/cmake_prefix_path.dsv'
[0.766s] INFO:colcon.colcon_core.shell:Creating environment hook '/home/user/data/drones_ship_ws/install/aquabot_motion/share/aquabot_motion/hook/cmake_prefix_path.sh'
[0.767s] Level 1:colcon.colcon_core.environment:checking '/home/user/data/drones_ship_ws/install/aquabot_motion/lib'
[0.767s] Level 1:colcon.colcon_core.environment:checking '/home/user/data/drones_ship_ws/install/aquabot_motion/bin'
[0.767s] Level 1:colcon.colcon_core.environment:checking '/home/user/data/drones_ship_ws/install/aquabot_motion/lib/pkgconfig/aquabot_motion.pc'
[0.767s] Level 1:colcon.colcon_core.environment:checking '/home/user/data/drones_ship_ws/install/aquabot_motion/lib/python3.12/site-packages'
[0.767s] Level 1:colcon.colcon_core.environment:checking '/home/user/data/drones_ship_ws/install/aquabot_motion/bin'
[0.768s] INFO:colcon.colcon_core.shell:Creating package script '/home/user/data/drones_ship_ws/install/aquabot_motion/share/aquabot_motion/package.ps1'
[0.768s] INFO:colcon.colcon_core.shell:Creating package descriptor '/home/user/data/drones_ship_ws/install/aquabot_motion/share/aquabot_motion/package.dsv'
[0.768s] INFO:colcon.colcon_core.shell:Creating package script '/home/user/data/drones_ship_ws/install/aquabot_motion/share/aquabot_motion/package.sh'
[0.769s] INFO:colcon.colcon_core.shell:Creating package script '/home/user/data/drones_ship_ws/install/aquabot_motion/share/aquabot_motion/package.bash'
[0.769s] INFO:colcon.colcon_core.shell:Creating package script '/home/user/data/drones_ship_ws/install/aquabot_motion/share/aquabot_motion/package.zsh'
[0.770s] Level 1:colcon.colcon_core.environment:create_file_with_runtime_dependencies(/home/user/data/drones_ship_ws/install/aquabot_motion/share/colcon-core/packages/aquabot_motion)
[0.770s] Level 1:colcon.colcon_core.environment:create_environment_scripts_only(aquabot_motion)
[0.770s] Level 1:colcon.colcon_core.environment:checking '/home/user/data/drones_ship_ws/install/aquabot_motion' for CMake module files
[0.770s] Level 1:colcon.colcon_core.environment:checking '/home/user/data/drones_ship_ws/install/aquabot_motion' for CMake config files
[0.771s] Level 1:colcon.colcon_core.shell:create_environment_hook('aquabot_motion', 'cmake_prefix_path')
[0.771s] INFO:colcon.colcon_core.shell:Creating environment hook '/home/user/data/drones_ship_ws/install/aquabot_motion/share/aquabot_motion/hook/cmake_prefix_path.ps1'
[0.771s] INFO:colcon.colcon_core.shell:Creating environment descriptor '/home/user/data/drones_ship_ws/install/aquabot_motion/share/aquabot_motion/hook/cmake_prefix_path.dsv'
[0.771s] INFO:colcon.colcon_core.shell:Creating environment hook '/home/user/data/drones_ship_ws/install/aquabot_motion/share/aquabot_motion/hook/cmake_prefix_path.sh'
[0.772s] Level 1:colcon.colcon_core.environment:checking '/home/user/data/drones_ship_ws/install/aquabot_motion/lib'
[0.772s] Level 1:colcon.colcon_core.environment:checking '/home/user/data/drones_ship_ws/install/aquabot_motion/bin'
[0.772s] Level 1:colcon.colcon_core.environment:checking '/home/user/data/drones_ship_ws/install/aquabot_motion/lib/pkgconfig/aquabot_motion.pc'
[0.772s] Level 1:colcon.colcon_core.environment:checking '/home/user/data/drones_ship_ws/install/aquabot_motion/lib/python3.12/site-packages'
[0.772s] Level 1:colcon.colcon_core.environment:checking '/home/user/data/drones_ship_ws/install/aquabot_motion/bin'
[0.772s] INFO:colcon.colcon_core.shell:Creating package script '/home/user/data/drones_ship_ws/install/aquabot_motion/share/aquabot_motion/package.ps1'
[0.773s] INFO:colcon.colcon_core.shell:Creating package descriptor '/home/user/data/drones_ship_ws/install/aquabot_motion/share/aquabot_motion/package.dsv'
[0.773s] INFO:colcon.colcon_core.shell:Creating package script '/home/user/data/drones_ship_ws/install/aquabot_motion/share/aquabot_motion/package.sh'
[0.773s] INFO:colcon.colcon_core.shell:Creating package script '/home/user/data/drones_ship_ws/install/aquabot_motion/share/aquabot_motion/package.bash'
[0.774s] INFO:colcon.colcon_core.shell:Creating package script '/home/user/data/drones_ship_ws/install/aquabot_motion/share/aquabot_motion/package.zsh'
[0.774s] Level 1:colcon.colcon_core.environment:create_file_with_runtime_dependencies(/home/user/data/drones_ship_ws/install/aquabot_motion/share/colcon-core/packages/aquabot_motion)
[0.774s] Level 1:colcon.colcon_core.environment:create_environment_scripts_only(aquabot_ekf)
[0.774s] Level 1:colcon.colcon_core.environment:checking '/home/user/data/drones_ship_ws/install/aquabot_ekf' for CMake module files
[0.775s] DEBUG:colcon.colcon_core.event_handler.log_command:Invoked command in '/home/user/data/drones_ship_ws/build/aquabot_ekf' returned '0': CMAKE_PREFIX_PATH=${CMAKE_PREFIX_PATH}:/home/user/data/drones_ship_ws/install/ros_gz_crazyflie_control:/opt/ros/jazzy DEBUGINFOD_URLS=https://debuginfod.ubuntu.com /usr/bin/cmake --install /home/user/data/drones_ship_ws/build/aquabot_ekf
[0.776s] Level 1:colcon.colcon_core.environment:checking '/home/user/data/drones_ship_ws/install/aquabot_ekf' for CMake config files
[0.776s] Level 1:colcon.colcon_core.shell:create_environment_hook('aquabot_ekf', 'cmake_prefix_path')
[0.776s] INFO:colcon.colcon_core.shell:Creating environment hook '/home/user/data/drones_ship_ws/install/aquabot_ekf/share/aquabot_ekf/hook/cmake_prefix_path.ps1'
[0.777s] INFO:colcon.colcon_core.shell:Creating environment descriptor '/home/user/data/drones_ship_ws/install/aquabot_ekf/share/aquabot_ekf/hook/cmake_prefix_path.dsv'
[0.777s] INFO:colcon.colcon_core.shell:Creating environment hook '/home/user/data/drones_ship_ws/install/aquabot_ekf/share/aquabot_ekf/hook/cmake_prefix_path.sh'
[0.778s] Level 1:colcon.colcon_core.environment:checking '/home/user/data/drones_ship_ws/install/aquabot_ekf/lib'
[0.778s] Level 1:colcon.colcon_core.environment:checking '/home/user/data/drones_ship_ws/install/aquabot_ekf/bin'
[0.778s] Level 1:colcon.colcon_core.environment:checking '/home/user/data/drones_ship_ws/install/aquabot_ekf/lib/pkgconfig/aquabot_ekf.pc'
[0.778s] Level 1:colcon.colcon_core.environment:checking '/home/user/data/drones_ship_ws/install/aquabot_ekf/lib/python3.12/site-packages'
[0.779s] Level 1:colcon.colcon_core.environment:checking '/home/user/data/drones_ship_ws/install/aquabot_ekf/bin'
[0.779s] INFO:colcon.colcon_core.shell:Creating package script '/home/user/data/drones_ship_ws/install/aquabot_ekf/share/aquabot_ekf/package.ps1'
[0.779s] INFO:colcon.colcon_core.shell:Creating package descriptor '/home/user/data/drones_ship_ws/install/aquabot_ekf/share/aquabot_ekf/package.dsv'
[0.780s] INFO:colcon.colcon_core.shell:Creating package script '/home/user/data/drones_ship_ws/install/aquabot_ekf/share/aquabot_ekf/package.sh'
[0.780s] INFO:colcon.colcon_core.shell:Creating package script '/home/user/data/drones_ship_ws/install/aquabot_ekf/share/aquabot_ekf/package.bash'
[0.781s] INFO:colcon.colcon_core.shell:Creating package script '/home/user/data/drones_ship_ws/install/aquabot_ekf/share/aquabot_ekf/package.zsh'
[0.781s] Level 1:colcon.colcon_core.environment:create_file_with_runtime_dependencies(/home/user/data/drones_ship_ws/install/aquabot_ekf/share/colcon-core/packages/aquabot_ekf)
[0.782s] Level 1:colcon.colcon_core.environment:create_environment_scripts_only(aquabot_ekf)
[0.782s] Level 1:colcon.colcon_core.environment:checking '/home/user/data/drones_ship_ws/install/aquabot_ekf' for CMake module files
[0.783s] Level 1:colcon.colcon_core.environment:checking '/home/user/data/drones_ship_ws/install/aquabot_ekf' for CMake config files
[0.783s] Level 1:colcon.colcon_core.shell:create_environment_hook('aquabot_ekf', 'cmake_prefix_path')
[0.783s] INFO:colcon.colcon_core.shell:Creating environment hook '/home/user/data/drones_ship_ws/install/aquabot_ekf/share/aquabot_ekf/hook/cmake_prefix_path.ps1'
[0.784s] INFO:colcon.colcon_core.shell:Creating environment descriptor '/home/user/data/drones_ship_ws/install/aquabot_ekf/share/aquabot_ekf/hook/cmake_prefix_path.dsv'
[0.784s] INFO:colcon.colcon_core.shell:Creating environment hook '/home/user/data/drones_ship_ws/install/aquabot_ekf/share/aquabot_ekf/hook/cmake_prefix_path.sh'
[0.785s] Level 1:colcon.colcon_core.environment:checking '/home/user/data/drones_ship_ws/install/aquabot_ekf/lib'
[0.785s] Level 1:colcon.colcon_core.environment:checking '/home/user/data/drones_ship_ws/install/aquabot_ekf/bin'
[0.785s] Level 1:colcon.colcon_core.environment:checking '/home/user/data/drones_ship_ws/install/aquabot_ekf/lib/pkgconfig/aquabot_ekf.pc'
[0.785s] Level 1:colcon.colcon_core.environment:checking '/home/user/data/drones_ship_ws/install/aquabot_ekf/lib/python3.12/site-packages'
[0.785s] Level 1:colcon.colcon_core.environment:checking '/home/user/data/drones_ship_ws/install/aquabot_ekf/bin'
[0.785s] INFO:colcon.colcon_core.shell:Creating package script '/home/user/data/drones_ship_ws/install/aquabot_ekf/share/aquabot_ekf/package.ps1'
[0.785s] INFO:colcon.colcon_core.shell:Creating package descriptor '/home/user/data/drones_ship_ws/install/aquabot_ekf/share/aquabot_ekf/package.dsv'
[0.786s] INFO:colcon.colcon_core.shell:Creating package script '/home/user/data/drones_ship_ws/install/aquabot_ekf/share/aquabot_ekf/package.sh'
[0.786s] INFO:colcon.colcon_core.shell:Creating package script '/home/user/data/drones_ship_ws/install/aquabot_ekf/share/aquabot_ekf/package.bash'
[0.786s] INFO:colcon.colcon_core.shell:Creating package script '/home/user/data/drones_ship_ws/install/aquabot_ekf/share/aquabot_ekf/package.zsh'
[0.787s] Level 1:colcon.colcon_core.environment:create_file_with_runtime_dependencies(/home/user/data/drones_ship_ws/install/aquabot_ekf/share/colcon-core/packages/aquabot_ekf)
[0.787s] Level 1:colcon.colcon_core.environment:create_environment_scripts_only(vrx_ros)
[0.787s] Level 1:colcon.colcon_core.environment:checking '/home/user/data/drones_ship_ws/install/vrx_ros' for CMake module files
[0.788s] DEBUG:colcon.colcon_core.event_handler.log_command:Invoked command in '/home/user/data/drones_ship_ws/build/vrx_ros' returned '0': CMAKE_PREFIX_PATH=${CMAKE_PREFIX_PATH}:/home/user/data/drones_ship_ws/install/ros_gz_crazyflie_control:/opt/ros/jazzy DEBUGINFOD_URLS=https://debuginfod.ubuntu.com /usr/bin/cmake --install /home/user/data/drones_ship_ws/build/vrx_ros
[0.788s] Level 1:colcon.colcon_core.environment:checking '/home/user/data/drones_ship_ws/install/vrx_ros' for CMake config files
[0.788s] Level 1:colcon.colcon_core.shell:create_environment_hook('vrx_ros', 'cmake_prefix_path')
[0.788s] INFO:colcon.colcon_core.shell:Creating environment hook '/home/user/data/drones_ship_ws/install/vrx_ros/share/vrx_ros/hook/cmake_prefix_path.ps1'
[0.788s] INFO:colcon.colcon_core.shell:Creating environment descriptor '/home/user/data/drones_ship_ws/install/vrx_ros/share/vrx_ros/hook/cmake_prefix_path.dsv'
[0.789s] INFO:colcon.colcon_core.shell:Creating environment hook '/home/user/data/drones_ship_ws/install/vrx_ros/share/vrx_ros/hook/cmake_prefix_path.sh'
[0.789s] Level 1:colcon.colcon_core.environment:checking '/home/user/data/drones_ship_ws/install/vrx_ros/lib'
[0.789s] Level 1:colcon.colcon_core.environment:checking '/home/user/data/drones_ship_ws/install/vrx_ros/bin'
[0.789s] Level 1:colcon.colcon_core.environment:checking '/home/user/data/drones_ship_ws/install/vrx_ros/lib/pkgconfig/vrx_ros.pc'
[0.789s] Level 1:colcon.colcon_core.environment:checking '/home/user/data/drones_ship_ws/install/vrx_ros/lib/python3.12/site-packages'
[0.790s] Level 1:colcon.colcon_core.environment:checking '/home/user/data/drones_ship_ws/install/vrx_ros/bin'
[0.790s] INFO:colcon.colcon_core.shell:Creating package script '/home/user/data/drones_ship_ws/install/vrx_ros/share/vrx_ros/package.ps1'
[0.790s] INFO:colcon.colcon_core.shell:Creating package descriptor '/home/user/data/drones_ship_ws/install/vrx_ros/share/vrx_ros/package.dsv'
[0.790s] INFO:colcon.colcon_core.shell:Creating package script '/home/user/data/drones_ship_ws/install/vrx_ros/share/vrx_ros/package.sh'
[0.791s] INFO:colcon.colcon_core.shell:Creating package script '/home/user/data/drones_ship_ws/install/vrx_ros/share/vrx_ros/package.bash'
[0.791s] INFO:colcon.colcon_core.shell:Creating package script '/home/user/data/drones_ship_ws/install/vrx_ros/share/vrx_ros/package.zsh'
[0.791s] Level 1:colcon.colcon_core.environment:create_file_with_runtime_dependencies(/home/user/data/drones_ship_ws/install/vrx_ros/share/colcon-core/packages/vrx_ros)
[0.792s] Level 1:colcon.colcon_core.environment:create_environment_scripts_only(vrx_ros)
[0.792s] Level 1:colcon.colcon_core.environment:checking '/home/user/data/drones_ship_ws/install/vrx_ros' for CMake module files
[0.792s] Level 1:colcon.colcon_core.environment:checking '/home/user/data/drones_ship_ws/install/vrx_ros' for CMake config files
[0.792s] Level 1:colcon.colcon_core.shell:create_environment_hook('vrx_ros', 'cmake_prefix_path')
[0.792s] INFO:colcon.colcon_core.shell:Creating environment hook '/home/user/data/drones_ship_ws/install/vrx_ros/share/vrx_ros/hook/cmake_prefix_path.ps1'
[0.793s] INFO:colcon.colcon_core.shell:Creating environment descriptor '/home/user/data/drones_ship_ws/install/vrx_ros/share/vrx_ros/hook/cmake_prefix_path.dsv'
[0.793s] INFO:colcon.colcon_core.shell:Creating environment hook '/home/user/data/drones_ship_ws/install/vrx_ros/share/vrx_ros/hook/cmake_prefix_path.sh'
[0.793s] Level 1:colcon.colcon_core.environment:checking '/home/user/data/drones_ship_ws/install/vrx_ros/lib'
[0.793s] Level 1:colcon.colcon_core.environment:checking '/home/user/data/drones_ship_ws/install/vrx_ros/bin'
[0.793s] Level 1:colcon.colcon_core.environment:checking '/home/user/data/drones_ship_ws/install/vrx_ros/lib/pkgconfig/vrx_ros.pc'
[0.794s] Level 1:colcon.colcon_core.environment:checking '/home/user/data/drones_ship_ws/install/vrx_ros/lib/python3.12/site-packages'
[0.794s] Level 1:colcon.colcon_core.environment:checking '/home/user/data/drones_ship_ws/install/vrx_ros/bin'
[0.794s] INFO:colcon.colcon_core.shell:Creating package script '/home/user/data/drones_ship_ws/install/vrx_ros/share/vrx_ros/package.ps1'
[0.794s] INFO:colcon.colcon_core.shell:Creating package descriptor '/home/user/data/drones_ship_ws/install/vrx_ros/share/vrx_ros/package.dsv'
[0.794s] INFO:colcon.colcon_core.shell:Creating package script '/home/user/data/drones_ship_ws/install/vrx_ros/share/vrx_ros/package.sh'
[0.795s] INFO:colcon.colcon_core.shell:Creating package script '/home/user/data/drones_ship_ws/install/vrx_ros/share/vrx_ros/package.bash'
[0.795s] INFO:colcon.colcon_core.shell:Creating package script '/home/user/data/drones_ship_ws/install/vrx_ros/share/vrx_ros/package.zsh'
[0.795s] Level 1:colcon.colcon_core.environment:create_file_with_runtime_dependencies(/home/user/data/drones_ship_ws/install/vrx_ros/share/colcon-core/packages/vrx_ros)
[0.796s] INFO:colcon.colcon_ros.task.ament_cmake.build:Building ROS package in '/home/user/data/drones_ship_ws/src/drone_ship/ros_gz_crazyflie/ros_gz_crazyflie_bringup' with build type 'ament_cmake'
[0.796s] INFO:colcon.colcon_cmake.task.cmake.build:Building CMake package in '/home/user/data/drones_ship_ws/src/drone_ship/ros_gz_crazyflie/ros_gz_crazyflie_bringup'
[0.796s] INFO:colcon.colcon_core.shell:Skip shell extension 'powershell' for command environment: Not usable outside of PowerShell
[0.796s] DEBUG:colcon.colcon_core.shell:Skip shell extension 'dsv' for command environment
[0.800s] INFO:colcon.colcon_ros.task.ament_cmake.build:Building ROS package in '/home/user/data/drones_ship_ws/src/vrx/vrx_gz' with build type 'ament_cmake'
[0.800s] INFO:colcon.colcon_cmake.task.cmake.build:Building CMake package in '/home/user/data/drones_ship_ws/src/vrx/vrx_gz'
[0.800s] INFO:colcon.colcon_core.shell:Skip shell extension 'powershell' for command environment: Not usable outside of PowerShell
[0.801s] DEBUG:colcon.colcon_core.shell:Skip shell extension 'dsv' for command environment
[0.804s] Level 1:colcon.colcon_core.environment:create_environment_scripts_only(crazyflie_control)
[0.805s] Level 1:colcon.colcon_core.environment:checking '/home/user/data/drones_ship_ws/install/crazyflie_control' for CMake module files
[0.805s] DEBUG:colcon.colcon_core.event_handler.log_command:Invoked command in '/home/user/data/drones_ship_ws/build/crazyflie_control' returned '0': CMAKE_PREFIX_PATH=${CMAKE_PREFIX_PATH}:/home/user/data/drones_ship_ws/install/ros_gz_crazyflie_control:/opt/ros/jazzy DEBUGINFOD_URLS=https://debuginfod.ubuntu.com /usr/bin/cmake --install /home/user/data/drones_ship_ws/build/crazyflie_control
[0.806s] Level 1:colcon.colcon_core.environment:checking '/home/user/data/drones_ship_ws/install/crazyflie_control' for CMake config files
[0.806s] Level 1:colcon.colcon_core.shell:create_environment_hook('crazyflie_control', 'cmake_prefix_path')
[0.807s] INFO:colcon.colcon_core.shell:Creating environment hook '/home/user/data/drones_ship_ws/install/crazyflie_control/share/crazyflie_control/hook/cmake_prefix_path.ps1'
[0.807s] INFO:colcon.colcon_core.shell:Creating environment descriptor '/home/user/data/drones_ship_ws/install/crazyflie_control/share/crazyflie_control/hook/cmake_prefix_path.dsv'
[0.807s] INFO:colcon.colcon_core.shell:Creating environment hook '/home/user/data/drones_ship_ws/install/crazyflie_control/share/crazyflie_control/hook/cmake_prefix_path.sh'
[0.808s] Level 1:colcon.colcon_core.environment:checking '/home/user/data/drones_ship_ws/install/crazyflie_control/lib'
[0.808s] Level 1:colcon.colcon_core.environment:checking '/home/user/data/drones_ship_ws/install/crazyflie_control/bin'
[0.808s] Level 1:colcon.colcon_core.environment:checking '/home/user/data/drones_ship_ws/install/crazyflie_control/lib/pkgconfig/crazyflie_control.pc'
[0.809s] Level 1:colcon.colcon_core.environment:checking '/home/user/data/drones_ship_ws/install/crazyflie_control/lib/python3.12/site-packages'
[0.809s] Level 1:colcon.colcon_core.environment:checking '/home/user/data/drones_ship_ws/install/crazyflie_control/bin'
[0.809s] INFO:colcon.colcon_core.shell:Creating package script '/home/user/data/drones_ship_ws/install/crazyflie_control/share/crazyflie_control/package.ps1'
[0.810s] INFO:colcon.colcon_core.shell:Creating package descriptor '/home/user/data/drones_ship_ws/install/crazyflie_control/share/crazyflie_control/package.dsv'
[0.810s] INFO:colcon.colcon_core.shell:Creating package script '/home/user/data/drones_ship_ws/install/crazyflie_control/share/crazyflie_control/package.sh'
[0.811s] INFO:colcon.colcon_core.shell:Creating package script '/home/user/data/drones_ship_ws/install/crazyflie_control/share/crazyflie_control/package.bash'
[0.812s] INFO:colcon.colcon_core.shell:Creating package script '/home/user/data/drones_ship_ws/install/crazyflie_control/share/crazyflie_control/package.zsh'
[0.812s] Level 1:colcon.colcon_core.environment:create_file_with_runtime_dependencies(/home/user/data/drones_ship_ws/install/crazyflie_control/share/colcon-core/packages/crazyflie_control)
[0.813s] Level 1:colcon.colcon_core.environment:create_environment_scripts_only(crazyflie_control)
[0.813s] Level 1:colcon.colcon_core.environment:checking '/home/user/data/drones_ship_ws/install/crazyflie_control' for CMake module files
[0.813s] Level 1:colcon.colcon_core.environment:checking '/home/user/data/drones_ship_ws/install/crazyflie_control' for CMake config files
[0.814s] Level 1:colcon.colcon_core.shell:create_environment_hook('crazyflie_control', 'cmake_prefix_path')
[0.814s] INFO:colcon.colcon_core.shell:Creating environment hook '/home/user/data/drones_ship_ws/install/crazyflie_control/share/crazyflie_control/hook/cmake_prefix_path.ps1'
[0.815s] INFO:colcon.colcon_core.shell:Creating environment descriptor '/home/user/data/drones_ship_ws/install/crazyflie_control/share/crazyflie_control/hook/cmake_prefix_path.dsv'
[0.815s] INFO:colcon.colcon_core.shell:Creating environment hook '/home/user/data/drones_ship_ws/install/crazyflie_control/share/crazyflie_control/hook/cmake_prefix_path.sh'
[0.816s] Level 1:colcon.colcon_core.environment:checking '/home/user/data/drones_ship_ws/install/crazyflie_control/lib'
[0.816s] Level 1:colcon.colcon_core.environment:checking '/home/user/data/drones_ship_ws/install/crazyflie_control/bin'
[0.816s] Level 1:colcon.colcon_core.environment:checking '/home/user/data/drones_ship_ws/install/crazyflie_control/lib/pkgconfig/crazyflie_control.pc'
[0.816s] Level 1:colcon.colcon_core.environment:checking '/home/user/data/drones_ship_ws/install/crazyflie_control/lib/python3.12/site-packages'
[0.816s] Level 1:colcon.colcon_core.environment:checking '/home/user/data/drones_ship_ws/install/crazyflie_control/bin'
[0.817s] INFO:colcon.colcon_core.shell:Creating package script '/home/user/data/drones_ship_ws/install/crazyflie_control/share/crazyflie_control/package.ps1'
[0.817s] INFO:colcon.colcon_core.shell:Creating package descriptor '/home/user/data/drones_ship_ws/install/crazyflie_control/share/crazyflie_control/package.dsv'
[0.818s] INFO:colcon.colcon_core.shell:Creating package script '/home/user/data/drones_ship_ws/install/crazyflie_control/share/crazyflie_control/package.sh'
[0.818s] INFO:colcon.colcon_core.shell:Creating package script '/home/user/data/drones_ship_ws/install/crazyflie_control/share/crazyflie_control/package.bash'
[0.819s] INFO:colcon.colcon_core.shell:Creating package script '/home/user/data/drones_ship_ws/install/crazyflie_control/share/crazyflie_control/package.zsh'
[0.819s] Level 1:colcon.colcon_core.environment:create_file_with_runtime_dependencies(/home/user/data/drones_ship_ws/install/crazyflie_control/share/colcon-core/packages/crazyflie_control)
[0.819s] Level 1:colcon.colcon_core.environment:create_environment_scripts_only(aquabot_gz)
[0.820s] Level 1:colcon.colcon_core.environment:checking '/home/user/data/drones_ship_ws/install/aquabot_gz' for CMake module files
[0.820s] DEBUG:colcon.colcon_core.event_handler.log_command:Invoked command in '/home/user/data/drones_ship_ws/build/aquabot_gz' returned '0': CMAKE_PREFIX_PATH=${CMAKE_PREFIX_PATH}:/home/user/data/drones_ship_ws/install/ros_gz_crazyflie_control:/opt/ros/jazzy DEBUGINFOD_URLS=https://debuginfod.ubuntu.com /usr/bin/cmake --install /home/user/data/drones_ship_ws/build/aquabot_gz
[0.821s] Level 1:colcon.colcon_core.environment:checking '/home/user/data/drones_ship_ws/install/aquabot_gz' for CMake config files
[0.828s] Level 1:colcon.colcon_core.shell:create_environment_hook('aquabot_gz', 'cmake_prefix_path')
[0.828s] INFO:colcon.colcon_core.shell:Creating environment hook '/home/user/data/drones_ship_ws/install/aquabot_gz/share/aquabot_gz/hook/cmake_prefix_path.ps1'
[0.829s] INFO:colcon.colcon_core.shell:Creating environment descriptor '/home/user/data/drones_ship_ws/install/aquabot_gz/share/aquabot_gz/hook/cmake_prefix_path.dsv'
[0.829s] INFO:colcon.colcon_core.shell:Creating environment hook '/home/user/data/drones_ship_ws/install/aquabot_gz/share/aquabot_gz/hook/cmake_prefix_path.sh'
[0.830s] Level 1:colcon.colcon_core.environment:checking '/home/user/data/drones_ship_ws/install/aquabot_gz/lib'
[0.830s] Level 1:colcon.colcon_core.shell:create_environment_hook('aquabot_gz', 'ld_library_path_lib')
[0.830s] INFO:colcon.colcon_core.shell:Creating environment hook '/home/user/data/drones_ship_ws/install/aquabot_gz/share/aquabot_gz/hook/ld_library_path_lib.ps1'
[0.830s] INFO:colcon.colcon_core.shell:Creating environment descriptor '/home/user/data/drones_ship_ws/install/aquabot_gz/share/aquabot_gz/hook/ld_library_path_lib.dsv'
[0.831s] INFO:colcon.colcon_core.shell:Creating environment hook '/home/user/data/drones_ship_ws/install/aquabot_gz/share/aquabot_gz/hook/ld_library_path_lib.sh'
[0.831s] Level 1:colcon.colcon_core.environment:checking '/home/user/data/drones_ship_ws/install/aquabot_gz/bin'
[0.831s] Level 1:colcon.colcon_core.environment:checking '/home/user/data/drones_ship_ws/install/aquabot_gz/lib/pkgconfig/aquabot_gz.pc'
[0.832s] Level 1:colcon.colcon_core.environment:checking '/home/user/data/drones_ship_ws/install/aquabot_gz/lib/python3.12/site-packages'
[0.832s] Level 1:colcon.colcon_core.environment:checking '/home/user/data/drones_ship_ws/install/aquabot_gz/bin'
[0.832s] INFO:colcon.colcon_core.shell:Creating package script '/home/user/data/drones_ship_ws/install/aquabot_gz/share/aquabot_gz/package.ps1'
[0.833s] INFO:colcon.colcon_core.shell:Creating package descriptor '/home/user/data/drones_ship_ws/install/aquabot_gz/share/aquabot_gz/package.dsv'
[0.833s] INFO:colcon.colcon_core.shell:Creating package script '/home/user/data/drones_ship_ws/install/aquabot_gz/share/aquabot_gz/package.sh'
[0.834s] INFO:colcon.colcon_core.shell:Creating package script '/home/user/data/drones_ship_ws/install/aquabot_gz/share/aquabot_gz/package.bash'
[0.834s] INFO:colcon.colcon_core.shell:Creating package script '/home/user/data/drones_ship_ws/install/aquabot_gz/share/aquabot_gz/package.zsh'
[0.835s] Level 1:colcon.colcon_core.environment:create_file_with_runtime_dependencies(/home/user/data/drones_ship_ws/install/aquabot_gz/share/colcon-core/packages/aquabot_gz)
[0.835s] Level 1:colcon.colcon_core.environment:create_environment_scripts_only(aquabot_gz)
[0.836s] Level 1:colcon.colcon_core.environment:checking '/home/user/data/drones_ship_ws/install/aquabot_gz' for CMake module files
[0.836s] Level 1:colcon.colcon_core.environment:checking '/home/user/data/drones_ship_ws/install/aquabot_gz' for CMake config files
[0.842s] Level 1:colcon.colcon_core.shell:create_environment_hook('aquabot_gz', 'cmake_prefix_path')
[0.843s] INFO:colcon.colcon_core.shell:Creating environment hook '/home/user/data/drones_ship_ws/install/aquabot_gz/share/aquabot_gz/hook/cmake_prefix_path.ps1'
[0.843s] INFO:colcon.colcon_core.shell:Creating environment descriptor '/home/user/data/drones_ship_ws/install/aquabot_gz/share/aquabot_gz/hook/cmake_prefix_path.dsv'
[0.843s] INFO:colcon.colcon_core.shell:Creating environment hook '/home/user/data/drones_ship_ws/install/aquabot_gz/share/aquabot_gz/hook/cmake_prefix_path.sh'
[0.844s] Level 1:colcon.colcon_core.environment:checking '/home/user/data/drones_ship_ws/install/aquabot_gz/lib'
[0.844s] Level 1:colcon.colcon_core.shell:create_environment_hook('aquabot_gz', 'ld_library_path_lib')
[0.844s] INFO:colcon.colcon_core.shell:Creating environment hook '/home/user/data/drones_ship_ws/install/aquabot_gz/share/aquabot_gz/hook/ld_library_path_lib.ps1'
[0.845s] INFO:colcon.colcon_core.shell:Creating environment descriptor '/home/user/data/drones_ship_ws/install/aquabot_gz/share/aquabot_gz/hook/ld_library_path_lib.dsv'
[0.845s] INFO:colcon.colcon_core.shell:Creating environment hook '/home/user/data/drones_ship_ws/install/aquabot_gz/share/aquabot_gz/hook/ld_library_path_lib.sh'
[0.845s] Level 1:colcon.colcon_core.environment:checking '/home/user/data/drones_ship_ws/install/aquabot_gz/bin'
[0.845s] Level 1:colcon.colcon_core.environment:checking '/home/user/data/drones_ship_ws/install/aquabot_gz/lib/pkgconfig/aquabot_gz.pc'
[0.846s] Level 1:colcon.colcon_core.environment:checking '/home/user/data/drones_ship_ws/install/aquabot_gz/lib/python3.12/site-packages'
[0.846s] Level 1:colcon.colcon_core.environment:checking '/home/user/data/drones_ship_ws/install/aquabot_gz/bin'
[0.846s] INFO:colcon.colcon_core.shell:Creating package script '/home/user/data/drones_ship_ws/install/aquabot_gz/share/aquabot_gz/package.ps1'
[0.847s] INFO:colcon.colcon_core.shell:Creating package descriptor '/home/user/data/drones_ship_ws/install/aquabot_gz/share/aquabot_gz/package.dsv'
[0.847s] INFO:colcon.colcon_core.shell:Creating package script '/home/user/data/drones_ship_ws/install/aquabot_gz/share/aquabot_gz/package.sh'
[0.848s] INFO:colcon.colcon_core.shell:Creating package script '/home/user/data/drones_ship_ws/install/aquabot_gz/share/aquabot_gz/package.bash'
[0.848s] INFO:colcon.colcon_core.shell:Creating package script '/home/user/data/drones_ship_ws/install/aquabot_gz/share/aquabot_gz/package.zsh'
[0.849s] Level 1:colcon.colcon_core.environment:create_file_with_runtime_dependencies(/home/user/data/drones_ship_ws/install/aquabot_gz/share/colcon-core/packages/aquabot_gz)
[0.852s] DEBUG:colcon.colcon_core.event_handler.log_command:Invoking command in '/home/user/data/drones_ship_ws/build/ros_gz_crazyflie_bringup': CMAKE_PREFIX_PATH=/home/user/data/drones_ship_ws/install/ros_gz_crazyflie_gazebo:/home/user/data/drones_ship_ws/install/wamv_gazebo:/home/user/data/drones_ship_ws/install/wamv_description:/home/user/data/drones_ship_ws/install/vrx_gz:/home/user/data/drones_ship_ws/install/vrx_ros:/home/user/data/drones_ship_ws/install/aquabot_description:/home/user/data/drones_ship_ws/install/vrx_gazebo:/home/user/data/drones_ship_ws/install/ros_gz_crazyflie_bringup:/home/user/data/drones_ship_ws/install/crazyflie_yolo:/home/user/data/drones_ship_ws/install/crazyflie_ekf:/home/user/data/drones_ship_ws/install/crazyflie_control:/home/user/data/drones_ship_ws/install/aquabot_motion:/home/user/data/drones_ship_ws/install/aquabot_gz:/home/user/data/drones_ship_ws/install/aquabot_ekf:/opt/ros/jazzy/opt/gz_sim_vendor:/opt/ros/jazzy/opt/gz_sensors_vendor:/opt/ros/jazzy/opt/gz_physics_vendor:/opt/ros/jazzy/opt/sdformat_vendor:/opt/ros/jazzy/opt/gz_gui_vendor:/opt/ros/jazzy/opt/gz_transport_vendor:/opt/ros/jazzy/opt/gz_rendering_vendor:/opt/ros/jazzy/opt/gz_plugin_vendor:/opt/ros/jazzy/opt/gz_fuel_tools_vendor:/opt/ros/jazzy/opt/gz_msgs_vendor:/opt/ros/jazzy/opt/gz_common_vendor:/opt/ros/jazzy/opt/gz_math_vendor:/opt/ros/jazzy/opt/gz_utils_vendor:/opt/ros/jazzy/opt/gz_tools_vendor:/opt/ros/jazzy/opt/gz_ogre_next_vendor:/opt/ros/jazzy/opt/gz_dartsim_vendor:/opt/ros/jazzy/opt/gz_cmake_vendor:/home/user/data/drones_ship_ws/install/ros_gz_crazyflie_control:/opt/ros/jazzy DEBUGINFOD_URLS=https://debuginfod.ubuntu.com /usr/bin/cmake --build /home/user/data/drones_ship_ws/build/ros_gz_crazyflie_bringup -- -j20 -l20
[0.854s] DEBUG:colcon.colcon_core.event_handler.log_command:Invoking command in '/home/user/data/drones_ship_ws/build/vrx_gz': CMAKE_PREFIX_PATH=/home/user/data/drones_ship_ws/install/vrx_ros:/home/user/data/drones_ship_ws/install/wamv_gazebo:/home/user/data/drones_ship_ws/install/wamv_description:/home/user/data/drones_ship_ws/install/vrx_gz:/home/user/data/drones_ship_ws/install/aquabot_description:/home/user/data/drones_ship_ws/install/vrx_gazebo:/home/user/data/drones_ship_ws/install/ros_gz_crazyflie_bringup:/home/user/data/drones_ship_ws/install/ros_gz_crazyflie_gazebo:/home/user/data/drones_ship_ws/install/crazyflie_yolo:/home/user/data/drones_ship_ws/install/crazyflie_ekf:/home/user/data/drones_ship_ws/install/crazyflie_control:/home/user/data/drones_ship_ws/install/aquabot_motion:/home/user/data/drones_ship_ws/install/aquabot_gz:/home/user/data/drones_ship_ws/install/aquabot_ekf:/opt/ros/jazzy/opt/gz_sim_vendor:/opt/ros/jazzy/opt/gz_sensors_vendor:/opt/ros/jazzy/opt/gz_physics_vendor:/opt/ros/jazzy/opt/sdformat_vendor:/opt/ros/jazzy/opt/gz_gui_vendor:/opt/ros/jazzy/opt/gz_transport_vendor:/opt/ros/jazzy/opt/gz_rendering_vendor:/opt/ros/jazzy/opt/gz_plugin_vendor:/opt/ros/jazzy/opt/gz_fuel_tools_vendor:/opt/ros/jazzy/opt/gz_msgs_vendor:/opt/ros/jazzy/opt/gz_common_vendor:/opt/ros/jazzy/opt/gz_math_vendor:/opt/ros/jazzy/opt/gz_utils_vendor:/opt/ros/jazzy/opt/gz_tools_vendor:/opt/ros/jazzy/opt/gz_ogre_next_vendor:/opt/ros/jazzy/opt/gz_dartsim_vendor:/opt/ros/jazzy/opt/gz_cmake_vendor:/home/user/data/drones_ship_ws/install/ros_gz_crazyflie_control:/opt/ros/jazzy DEBUGINFOD_URLS=https://debuginfod.ubuntu.com /usr/bin/cmake --build /home/user/data/drones_ship_ws/build/vrx_gz -- -j20 -l20
[0.863s] DEBUG:colcon.colcon_core.event_handler.log_command:Invoked command in '/home/user/data/drones_ship_ws/build/vrx_gazebo' returned '0': CMAKE_PREFIX_PATH=${CMAKE_PREFIX_PATH}:/home/user/data/drones_ship_ws/install/ros_gz_crazyflie_control:/opt/ros/jazzy DEBUGINFOD_URLS=https://debuginfod.ubuntu.com /usr/bin/cmake --build /home/user/data/drones_ship_ws/build/vrx_gazebo -- -j20 -l20
[0.863s] DEBUG:colcon.colcon_core.event_handler.log_command:Invoking command in '/home/user/data/drones_ship_ws/build/vrx_gazebo': CMAKE_PREFIX_PATH=${CMAKE_PREFIX_PATH}:/home/user/data/drones_ship_ws/install/ros_gz_crazyflie_control:/opt/ros/jazzy DEBUGINFOD_URLS=https://debuginfod.ubuntu.com /usr/bin/cmake --install /home/user/data/drones_ship_ws/build/vrx_gazebo
[0.916s] DEBUG:colcon.colcon_core.event_handler.log_command:Invoked command in '/home/user/data/drones_ship_ws/build/ros_gz_crazyflie_bringup' returned '0': CMAKE_PREFIX_PATH=/home/user/data/drones_ship_ws/install/ros_gz_crazyflie_gazebo:/home/user/data/drones_ship_ws/install/wamv_gazebo:/home/user/data/drones_ship_ws/install/wamv_description:/home/user/data/drones_ship_ws/install/vrx_gz:/home/user/data/drones_ship_ws/install/vrx_ros:/home/user/data/drones_ship_ws/install/aquabot_description:/home/user/data/drones_ship_ws/install/vrx_gazebo:/home/user/data/drones_ship_ws/install/ros_gz_crazyflie_bringup:/home/user/data/drones_ship_ws/install/crazyflie_yolo:/home/user/data/drones_ship_ws/install/crazyflie_ekf:/home/user/data/drones_ship_ws/install/crazyflie_control:/home/user/data/drones_ship_ws/install/aquabot_motion:/home/user/data/drones_ship_ws/install/aquabot_gz:/home/user/data/drones_ship_ws/install/aquabot_ekf:/opt/ros/jazzy/opt/gz_sim_vendor:/opt/ros/jazzy/opt/gz_sensors_vendor:/opt/ros/jazzy/opt/gz_physics_vendor:/opt/ros/jazzy/opt/sdformat_vendor:/opt/ros/jazzy/opt/gz_gui_vendor:/opt/ros/jazzy/opt/gz_transport_vendor:/opt/ros/jazzy/opt/gz_rendering_vendor:/opt/ros/jazzy/opt/gz_plugin_vendor:/opt/ros/jazzy/opt/gz_fuel_tools_vendor:/opt/ros/jazzy/opt/gz_msgs_vendor:/opt/ros/jazzy/opt/gz_common_vendor:/opt/ros/jazzy/opt/gz_math_vendor:/opt/ros/jazzy/opt/gz_utils_vendor:/opt/ros/jazzy/opt/gz_tools_vendor:/opt/ros/jazzy/opt/gz_ogre_next_vendor:/opt/ros/jazzy/opt/gz_dartsim_vendor:/opt/ros/jazzy/opt/gz_cmake_vendor:/home/user/data/drones_ship_ws/install/ros_gz_crazyflie_control:/opt/ros/jazzy DEBUGINFOD_URLS=https://debuginfod.ubuntu.com /usr/bin/cmake --build /home/user/data/drones_ship_ws/build/ros_gz_crazyflie_bringup -- -j20 -l20
[0.918s] DEBUG:colcon.colcon_core.event_handler.log_command:Invoking command in '/home/user/data/drones_ship_ws/build/ros_gz_crazyflie_bringup': CMAKE_PREFIX_PATH=/home/user/data/drones_ship_ws/install/ros_gz_crazyflie_gazebo:/home/user/data/drones_ship_ws/install/wamv_gazebo:/home/user/data/drones_ship_ws/install/wamv_description:/home/user/data/drones_ship_ws/install/vrx_gz:/home/user/data/drones_ship_ws/install/vrx_ros:/home/user/data/drones_ship_ws/install/aquabot_description:/home/user/data/drones_ship_ws/install/vrx_gazebo:/home/user/data/drones_ship_ws/install/ros_gz_crazyflie_bringup:/home/user/data/drones_ship_ws/install/crazyflie_yolo:/home/user/data/drones_ship_ws/install/crazyflie_ekf:/home/user/data/drones_ship_ws/install/crazyflie_control:/home/user/data/drones_ship_ws/install/aquabot_motion:/home/user/data/drones_ship_ws/install/aquabot_gz:/home/user/data/drones_ship_ws/install/aquabot_ekf:/opt/ros/jazzy/opt/gz_sim_vendor:/opt/ros/jazzy/opt/gz_sensors_vendor:/opt/ros/jazzy/opt/gz_physics_vendor:/opt/ros/jazzy/opt/sdformat_vendor:/opt/ros/jazzy/opt/gz_gui_vendor:/opt/ros/jazzy/opt/gz_transport_vendor:/opt/ros/jazzy/opt/gz_rendering_vendor:/opt/ros/jazzy/opt/gz_plugin_vendor:/opt/ros/jazzy/opt/gz_fuel_tools_vendor:/opt/ros/jazzy/opt/gz_msgs_vendor:/opt/ros/jazzy/opt/gz_common_vendor:/opt/ros/jazzy/opt/gz_math_vendor:/opt/ros/jazzy/opt/gz_utils_vendor:/opt/ros/jazzy/opt/gz_tools_vendor:/opt/ros/jazzy/opt/gz_ogre_next_vendor:/opt/ros/jazzy/opt/gz_dartsim_vendor:/opt/ros/jazzy/opt/gz_cmake_vendor:/home/user/data/drones_ship_ws/install/ros_gz_crazyflie_control:/opt/ros/jazzy DEBUGINFOD_URLS=https://debuginfod.ubuntu.com /usr/bin/cmake --install /home/user/data/drones_ship_ws/build/ros_gz_crazyflie_bringup
[0.919s] Level 1:colcon.colcon_core.environment:create_environment_scripts_only(vrx_gazebo)
[0.919s] Level 1:colcon.colcon_core.environment:checking '/home/user/data/drones_ship_ws/install/vrx_gazebo' for CMake module files
[0.919s] DEBUG:colcon.colcon_core.event_handler.log_command:Invoked command in '/home/user/data/drones_ship_ws/build/vrx_gazebo' returned '0': CMAKE_PREFIX_PATH=${CMAKE_PREFIX_PATH}:/home/user/data/drones_ship_ws/install/ros_gz_crazyflie_control:/opt/ros/jazzy DEBUGINFOD_URLS=https://debuginfod.ubuntu.com /usr/bin/cmake --install /home/user/data/drones_ship_ws/build/vrx_gazebo
[0.919s] Level 1:colcon.colcon_core.environment:checking '/home/user/data/drones_ship_ws/install/vrx_gazebo' for CMake config files
[0.920s] Level 1:colcon.colcon_core.shell:create_environment_hook('vrx_gazebo', 'cmake_prefix_path')
[0.920s] INFO:colcon.colcon_core.shell:Creating environment hook '/home/user/data/drones_ship_ws/install/vrx_gazebo/share/vrx_gazebo/hook/cmake_prefix_path.ps1'
[0.921s] INFO:colcon.colcon_core.shell:Creating environment descriptor '/home/user/data/drones_ship_ws/install/vrx_gazebo/share/vrx_gazebo/hook/cmake_prefix_path.dsv'
[0.921s] INFO:colcon.colcon_core.shell:Creating environment hook '/home/user/data/drones_ship_ws/install/vrx_gazebo/share/vrx_gazebo/hook/cmake_prefix_path.sh'
[0.921s] Level 1:colcon.colcon_core.environment:checking '/home/user/data/drones_ship_ws/install/vrx_gazebo/lib'
[0.921s] Level 1:colcon.colcon_core.environment:checking '/home/user/data/drones_ship_ws/install/vrx_gazebo/bin'
[0.921s] Level 1:colcon.colcon_core.environment:checking '/home/user/data/drones_ship_ws/install/vrx_gazebo/lib/pkgconfig/vrx_gazebo.pc'
[0.921s] Level 1:colcon.colcon_core.environment:checking '/home/user/data/drones_ship_ws/install/vrx_gazebo/lib/python3.12/site-packages'
[0.922s] Level 1:colcon.colcon_core.shell:create_environment_hook('vrx_gazebo', 'pythonpath')
[0.922s] INFO:colcon.colcon_core.shell:Creating environment hook '/home/user/data/drones_ship_ws/install/vrx_gazebo/share/vrx_gazebo/hook/pythonpath.ps1'
[0.922s] INFO:colcon.colcon_core.shell:Creating environment descriptor '/home/user/data/drones_ship_ws/install/vrx_gazebo/share/vrx_gazebo/hook/pythonpath.dsv'
[0.922s] INFO:colcon.colcon_core.shell:Creating environment hook '/home/user/data/drones_ship_ws/install/vrx_gazebo/share/vrx_gazebo/hook/pythonpath.sh'
[0.922s] Level 1:colcon.colcon_core.environment:checking '/home/user/data/drones_ship_ws/install/vrx_gazebo/bin'
[0.923s] INFO:colcon.colcon_core.shell:Creating package script '/home/user/data/drones_ship_ws/install/vrx_gazebo/share/vrx_gazebo/package.ps1'
[0.923s] INFO:colcon.colcon_core.shell:Creating package descriptor '/home/user/data/drones_ship_ws/install/vrx_gazebo/share/vrx_gazebo/package.dsv'
[0.923s] INFO:colcon.colcon_core.shell:Creating package script '/home/user/data/drones_ship_ws/install/vrx_gazebo/share/vrx_gazebo/package.sh'
[0.923s] INFO:colcon.colcon_core.shell:Creating package script '/home/user/data/drones_ship_ws/install/vrx_gazebo/share/vrx_gazebo/package.bash'
[0.924s] INFO:colcon.colcon_core.shell:Creating package script '/home/user/data/drones_ship_ws/install/vrx_gazebo/share/vrx_gazebo/package.zsh'
[0.924s] Level 1:colcon.colcon_core.environment:create_file_with_runtime_dependencies(/home/user/data/drones_ship_ws/install/vrx_gazebo/share/colcon-core/packages/vrx_gazebo)
[0.924s] Level 1:colcon.colcon_core.environment:create_environment_scripts_only(vrx_gazebo)
[0.924s] Level 1:colcon.colcon_core.environment:checking '/home/user/data/drones_ship_ws/install/vrx_gazebo' for CMake module files
[0.924s] Level 1:colcon.colcon_core.environment:checking '/home/user/data/drones_ship_ws/install/vrx_gazebo' for CMake config files
[0.925s] Level 1:colcon.colcon_core.shell:create_environment_hook('vrx_gazebo', 'cmake_prefix_path')
[0.925s] INFO:colcon.colcon_core.shell:Creating environment hook '/home/user/data/drones_ship_ws/install/vrx_gazebo/share/vrx_gazebo/hook/cmake_prefix_path.ps1'
[0.925s] INFO:colcon.colcon_core.shell:Creating environment descriptor '/home/user/data/drones_ship_ws/install/vrx_gazebo/share/vrx_gazebo/hook/cmake_prefix_path.dsv'
[0.926s] INFO:colcon.colcon_core.shell:Creating environment hook '/home/user/data/drones_ship_ws/install/vrx_gazebo/share/vrx_gazebo/hook/cmake_prefix_path.sh'
[0.926s] Level 1:colcon.colcon_core.environment:checking '/home/user/data/drones_ship_ws/install/vrx_gazebo/lib'
[0.926s] Level 1:colcon.colcon_core.environment:checking '/home/user/data/drones_ship_ws/install/vrx_gazebo/bin'
[0.926s] Level 1:colcon.colcon_core.environment:checking '/home/user/data/drones_ship_ws/install/vrx_gazebo/lib/pkgconfig/vrx_gazebo.pc'
[0.926s] Level 1:colcon.colcon_core.environment:checking '/home/user/data/drones_ship_ws/install/vrx_gazebo/lib/python3.12/site-packages'
[0.926s] Level 1:colcon.colcon_core.shell:create_environment_hook('vrx_gazebo', 'pythonpath')
[0.926s] INFO:colcon.colcon_core.shell:Creating environment hook '/home/user/data/drones_ship_ws/install/vrx_gazebo/share/vrx_gazebo/hook/pythonpath.ps1'
[0.927s] INFO:colcon.colcon_core.shell:Creating environment descriptor '/home/user/data/drones_ship_ws/install/vrx_gazebo/share/vrx_gazebo/hook/pythonpath.dsv'
[0.927s] INFO:colcon.colcon_core.shell:Creating environment hook '/home/user/data/drones_ship_ws/install/vrx_gazebo/share/vrx_gazebo/hook/pythonpath.sh'
[0.927s] Level 1:colcon.colcon_core.environment:checking '/home/user/data/drones_ship_ws/install/vrx_gazebo/bin'
[0.927s] INFO:colcon.colcon_core.shell:Creating package script '/home/user/data/drones_ship_ws/install/vrx_gazebo/share/vrx_gazebo/package.ps1'
[0.928s] INFO:colcon.colcon_core.shell:Creating package descriptor '/home/user/data/drones_ship_ws/install/vrx_gazebo/share/vrx_gazebo/package.dsv'
[0.928s] INFO:colcon.colcon_core.shell:Creating package script '/home/user/data/drones_ship_ws/install/vrx_gazebo/share/vrx_gazebo/package.sh'
[0.928s] INFO:colcon.colcon_core.shell:Creating package script '/home/user/data/drones_ship_ws/install/vrx_gazebo/share/vrx_gazebo/package.bash'
[0.928s] INFO:colcon.colcon_core.shell:Creating package script '/home/user/data/drones_ship_ws/install/vrx_gazebo/share/vrx_gazebo/package.zsh'
[0.929s] Level 1:colcon.colcon_core.environment:create_file_with_runtime_dependencies(/home/user/data/drones_ship_ws/install/vrx_gazebo/share/colcon-core/packages/vrx_gazebo)
[0.929s] INFO:colcon.colcon_ros.task.ament_cmake.build:Building ROS package in '/home/user/data/drones_ship_ws/src/vrx/vrx_urdf/wamv_description' with build type 'ament_cmake'
[0.929s] INFO:colcon.colcon_cmake.task.cmake.build:Building CMake package in '/home/user/data/drones_ship_ws/src/vrx/vrx_urdf/wamv_description'
[0.929s] INFO:colcon.colcon_core.shell:Skip shell extension 'powershell' for command environment: Not usable outside of PowerShell
[0.929s] DEBUG:colcon.colcon_core.shell:Skip shell extension 'dsv' for command environment
[0.934s] INFO:colcon.colcon_ros.task.ament_cmake.build:Building ROS package in '/home/user/data/drones_ship_ws/src/drone_ship/aquabot_description' with build type 'ament_cmake'
[0.934s] INFO:colcon.colcon_cmake.task.cmake.build:Building CMake package in '/home/user/data/drones_ship_ws/src/drone_ship/aquabot_description'
[0.934s] INFO:colcon.colcon_core.shell:Skip shell extension 'powershell' for command environment: Not usable outside of PowerShell
[0.934s] DEBUG:colcon.colcon_core.shell:Skip shell extension 'dsv' for command environment
[0.940s] Level 1:colcon.colcon_core.environment:create_environment_scripts_only(ros_gz_crazyflie_bringup)
[0.940s] Level 1:colcon.colcon_core.environment:checking '/home/user/data/drones_ship_ws/install/ros_gz_crazyflie_bringup' for CMake module files
[0.940s] DEBUG:colcon.colcon_core.event_handler.log_command:Invoking command in '/home/user/data/drones_ship_ws/build/wamv_description': CMAKE_PREFIX_PATH=/home/user/data/drones_ship_ws/install/vrx_gazebo:/home/user/data/drones_ship_ws/install/wamv_gazebo:/home/user/data/drones_ship_ws/install/wamv_description:/home/user/data/drones_ship_ws/install/vrx_gz:/home/user/data/drones_ship_ws/install/vrx_ros:/home/user/data/drones_ship_ws/install/aquabot_description:/home/user/data/drones_ship_ws/install/ros_gz_crazyflie_bringup:/home/user/data/drones_ship_ws/install/ros_gz_crazyflie_gazebo:/home/user/data/drones_ship_ws/install/crazyflie_yolo:/home/user/data/drones_ship_ws/install/crazyflie_ekf:/home/user/data/drones_ship_ws/install/crazyflie_control:/home/user/data/drones_ship_ws/install/aquabot_motion:/home/user/data/drones_ship_ws/install/aquabot_gz:/home/user/data/drones_ship_ws/install/aquabot_ekf:/opt/ros/jazzy/opt/gz_sim_vendor:/opt/ros/jazzy/opt/gz_sensors_vendor:/opt/ros/jazzy/opt/gz_physics_vendor:/opt/ros/jazzy/opt/sdformat_vendor:/opt/ros/jazzy/opt/gz_gui_vendor:/opt/ros/jazzy/opt/gz_transport_vendor:/opt/ros/jazzy/opt/gz_rendering_vendor:/opt/ros/jazzy/opt/gz_plugin_vendor:/opt/ros/jazzy/opt/gz_fuel_tools_vendor:/opt/ros/jazzy/opt/gz_msgs_vendor:/opt/ros/jazzy/opt/gz_common_vendor:/opt/ros/jazzy/opt/gz_math_vendor:/opt/ros/jazzy/opt/gz_utils_vendor:/opt/ros/jazzy/opt/gz_tools_vendor:/opt/ros/jazzy/opt/gz_ogre_next_vendor:/opt/ros/jazzy/opt/gz_dartsim_vendor:/opt/ros/jazzy/opt/gz_cmake_vendor:/home/user/data/drones_ship_ws/install/ros_gz_crazyflie_control:/opt/ros/jazzy DEBUGINFOD_URLS=https://debuginfod.ubuntu.com GZ_SIM_RESOURCE_PATH=/home/user/data/drones_ship_ws/install/vrx_gazebo/share:${GZ_SIM_RESOURCE_PATH} PYTHONPATH=/home/user/data/drones_ship_ws/install/vrx_gazebo/lib/python3.12/site-packages:/home/user/data/drones_ship_ws/install/vrx_gz/lib/python3.12/site-packages:/home/user/data/drones_ship_ws/install/ros_gz_crazyflie_control/lib/python3.12/site-packages:/home/user/data/drones_ship_ws/install/crazyflie_yolo/lib/python3.12/site-packages:/opt/ros/jazzy/lib/python3.12/site-packages /usr/bin/cmake --build /home/user/data/drones_ship_ws/build/wamv_description -- -j20 -l20
[0.941s] DEBUG:colcon.colcon_core.event_handler.log_command:Invoked command in '/home/user/data/drones_ship_ws/build/ros_gz_crazyflie_bringup' returned '0': CMAKE_PREFIX_PATH=/home/user/data/drones_ship_ws/install/ros_gz_crazyflie_gazebo:/home/user/data/drones_ship_ws/install/wamv_gazebo:/home/user/data/drones_ship_ws/install/wamv_description:/home/user/data/drones_ship_ws/install/vrx_gz:/home/user/data/drones_ship_ws/install/vrx_ros:/home/user/data/drones_ship_ws/install/aquabot_description:/home/user/data/drones_ship_ws/install/vrx_gazebo:/home/user/data/drones_ship_ws/install/ros_gz_crazyflie_bringup:/home/user/data/drones_ship_ws/install/crazyflie_yolo:/home/user/data/drones_ship_ws/install/crazyflie_ekf:/home/user/data/drones_ship_ws/install/crazyflie_control:/home/user/data/drones_ship_ws/install/aquabot_motion:/home/user/data/drones_ship_ws/install/aquabot_gz:/home/user/data/drones_ship_ws/install/aquabot_ekf:/opt/ros/jazzy/opt/gz_sim_vendor:/opt/ros/jazzy/opt/gz_sensors_vendor:/opt/ros/jazzy/opt/gz_physics_vendor:/opt/ros/jazzy/opt/sdformat_vendor:/opt/ros/jazzy/opt/gz_gui_vendor:/opt/ros/jazzy/opt/gz_transport_vendor:/opt/ros/jazzy/opt/gz_rendering_vendor:/opt/ros/jazzy/opt/gz_plugin_vendor:/opt/ros/jazzy/opt/gz_fuel_tools_vendor:/opt/ros/jazzy/opt/gz_msgs_vendor:/opt/ros/jazzy/opt/gz_common_vendor:/opt/ros/jazzy/opt/gz_math_vendor:/opt/ros/jazzy/opt/gz_utils_vendor:/opt/ros/jazzy/opt/gz_tools_vendor:/opt/ros/jazzy/opt/gz_ogre_next_vendor:/opt/ros/jazzy/opt/gz_dartsim_vendor:/opt/ros/jazzy/opt/gz_cmake_vendor:/home/user/data/drones_ship_ws/install/ros_gz_crazyflie_control:/opt/ros/jazzy DEBUGINFOD_URLS=https://debuginfod.ubuntu.com /usr/bin/cmake --install /home/user/data/drones_ship_ws/build/ros_gz_crazyflie_bringup
[0.941s] Level 1:colcon.colcon_core.environment:checking '/home/user/data/drones_ship_ws/install/ros_gz_crazyflie_bringup' for CMake config files
[0.941s] Level 1:colcon.colcon_core.shell:create_environment_hook('ros_gz_crazyflie_bringup', 'cmake_prefix_path')
[0.941s] INFO:colcon.colcon_core.shell:Creating environment hook '/home/user/data/drones_ship_ws/install/ros_gz_crazyflie_bringup/share/ros_gz_crazyflie_bringup/hook/cmake_prefix_path.ps1'
[0.942s] INFO:colcon.colcon_core.shell:Creating environment descriptor '/home/user/data/drones_ship_ws/install/ros_gz_crazyflie_bringup/share/ros_gz_crazyflie_bringup/hook/cmake_prefix_path.dsv'
[0.942s] INFO:colcon.colcon_core.shell:Creating environment hook '/home/user/data/drones_ship_ws/install/ros_gz_crazyflie_bringup/share/ros_gz_crazyflie_bringup/hook/cmake_prefix_path.sh'
[0.942s] Level 1:colcon.colcon_core.environment:checking '/home/user/data/drones_ship_ws/install/ros_gz_crazyflie_bringup/bin'
[0.942s] Level 1:colcon.colcon_core.environment:checking '/home/user/data/drones_ship_ws/install/ros_gz_crazyflie_bringup/lib/pkgconfig/ros_gz_crazyflie_bringup.pc'
[0.942s] Level 1:colcon.colcon_core.environment:checking '/home/user/data/drones_ship_ws/install/ros_gz_crazyflie_bringup/lib/python3.12/site-packages'
[0.943s] Level 1:colcon.colcon_core.environment:checking '/home/user/data/drones_ship_ws/install/ros_gz_crazyflie_bringup/bin'
[0.943s] INFO:colcon.colcon_core.shell:Creating package script '/home/user/data/drones_ship_ws/install/ros_gz_crazyflie_bringup/share/ros_gz_crazyflie_bringup/package.ps1'
[0.943s] INFO:colcon.colcon_core.shell:Creating package descriptor '/home/user/data/drones_ship_ws/install/ros_gz_crazyflie_bringup/share/ros_gz_crazyflie_bringup/package.dsv'
[0.943s] INFO:colcon.colcon_core.shell:Creating package script '/home/user/data/drones_ship_ws/install/ros_gz_crazyflie_bringup/share/ros_gz_crazyflie_bringup/package.sh'
[0.943s] INFO:colcon.colcon_core.shell:Creating package script '/home/user/data/drones_ship_ws/install/ros_gz_crazyflie_bringup/share/ros_gz_crazyflie_bringup/package.bash'
[0.944s] INFO:colcon.colcon_core.shell:Creating package script '/home/user/data/drones_ship_ws/install/ros_gz_crazyflie_bringup/share/ros_gz_crazyflie_bringup/package.zsh'
[0.944s] Level 1:colcon.colcon_core.environment:create_file_with_runtime_dependencies(/home/user/data/drones_ship_ws/install/ros_gz_crazyflie_bringup/share/colcon-core/packages/ros_gz_crazyflie_bringup)
[0.944s] Level 1:colcon.colcon_core.environment:create_environment_scripts_only(ros_gz_crazyflie_bringup)
[0.944s] Level 1:colcon.colcon_core.environment:checking '/home/user/data/drones_ship_ws/install/ros_gz_crazyflie_bringup' for CMake module files
[0.944s] Level 1:colcon.colcon_core.environment:checking '/home/user/data/drones_ship_ws/install/ros_gz_crazyflie_bringup' for CMake config files
[0.945s] Level 1:colcon.colcon_core.shell:create_environment_hook('ros_gz_crazyflie_bringup', 'cmake_prefix_path')
[0.945s] INFO:colcon.colcon_core.shell:Creating environment hook '/home/user/data/drones_ship_ws/install/ros_gz_crazyflie_bringup/share/ros_gz_crazyflie_bringup/hook/cmake_prefix_path.ps1'
[0.945s] INFO:colcon.colcon_core.shell:Creating environment descriptor '/home/user/data/drones_ship_ws/install/ros_gz_crazyflie_bringup/share/ros_gz_crazyflie_bringup/hook/cmake_prefix_path.dsv'
[0.945s] INFO:colcon.colcon_core.shell:Creating environment hook '/home/user/data/drones_ship_ws/install/ros_gz_crazyflie_bringup/share/ros_gz_crazyflie_bringup/hook/cmake_prefix_path.sh'
[0.946s] Level 1:colcon.colcon_core.environment:checking '/home/user/data/drones_ship_ws/install/ros_gz_crazyflie_bringup/bin'
[0.946s] Level 1:colcon.colcon_core.environment:checking '/home/user/data/drones_ship_ws/install/ros_gz_crazyflie_bringup/lib/pkgconfig/ros_gz_crazyflie_bringup.pc'
[0.946s] Level 1:colcon.colcon_core.environment:checking '/home/user/data/drones_ship_ws/install/ros_gz_crazyflie_bringup/lib/python3.12/site-packages'
[0.946s] Level 1:colcon.colcon_core.environment:checking '/home/user/data/drones_ship_ws/install/ros_gz_crazyflie_bringup/bin'
[0.946s] INFO:colcon.colcon_core.shell:Creating package script '/home/user/data/drones_ship_ws/install/ros_gz_crazyflie_bringup/share/ros_gz_crazyflie_bringup/package.ps1'
[0.946s] INFO:colcon.colcon_core.shell:Creating package descriptor '/home/user/data/drones_ship_ws/install/ros_gz_crazyflie_bringup/share/ros_gz_crazyflie_bringup/package.dsv'
[0.947s] INFO:colcon.colcon_core.shell:Creating package script '/home/user/data/drones_ship_ws/install/ros_gz_crazyflie_bringup/share/ros_gz_crazyflie_bringup/package.sh'
[0.947s] INFO:colcon.colcon_core.shell:Creating package script '/home/user/data/drones_ship_ws/install/ros_gz_crazyflie_bringup/share/ros_gz_crazyflie_bringup/package.bash'
[0.947s] INFO:colcon.colcon_core.shell:Creating package script '/home/user/data/drones_ship_ws/install/ros_gz_crazyflie_bringup/share/ros_gz_crazyflie_bringup/package.zsh'
[0.947s] Level 1:colcon.colcon_core.environment:create_file_with_runtime_dependencies(/home/user/data/drones_ship_ws/install/ros_gz_crazyflie_bringup/share/colcon-core/packages/ros_gz_crazyflie_bringup)
[0.949s] DEBUG:colcon.colcon_core.event_handler.log_command:Invoking command in '/home/user/data/drones_ship_ws/build/aquabot_description': CMAKE_PREFIX_PATH=/home/user/data/drones_ship_ws/install/vrx_gazebo:/home/user/data/drones_ship_ws/install/wamv_gazebo:/home/user/data/drones_ship_ws/install/wamv_description:/home/user/data/drones_ship_ws/install/vrx_gz:/home/user/data/drones_ship_ws/install/vrx_ros:/home/user/data/drones_ship_ws/install/aquabot_description:/home/user/data/drones_ship_ws/install/ros_gz_crazyflie_bringup:/home/user/data/drones_ship_ws/install/ros_gz_crazyflie_gazebo:/home/user/data/drones_ship_ws/install/crazyflie_yolo:/home/user/data/drones_ship_ws/install/crazyflie_ekf:/home/user/data/drones_ship_ws/install/crazyflie_control:/home/user/data/drones_ship_ws/install/aquabot_motion:/home/user/data/drones_ship_ws/install/aquabot_gz:/home/user/data/drones_ship_ws/install/aquabot_ekf:/opt/ros/jazzy/opt/gz_sim_vendor:/opt/ros/jazzy/opt/gz_sensors_vendor:/opt/ros/jazzy/opt/gz_physics_vendor:/opt/ros/jazzy/opt/sdformat_vendor:/opt/ros/jazzy/opt/gz_gui_vendor:/opt/ros/jazzy/opt/gz_transport_vendor:/opt/ros/jazzy/opt/gz_rendering_vendor:/opt/ros/jazzy/opt/gz_plugin_vendor:/opt/ros/jazzy/opt/gz_fuel_tools_vendor:/opt/ros/jazzy/opt/gz_msgs_vendor:/opt/ros/jazzy/opt/gz_common_vendor:/opt/ros/jazzy/opt/gz_math_vendor:/opt/ros/jazzy/opt/gz_utils_vendor:/opt/ros/jazzy/opt/gz_tools_vendor:/opt/ros/jazzy/opt/gz_ogre_next_vendor:/opt/ros/jazzy/opt/gz_dartsim_vendor:/opt/ros/jazzy/opt/gz_cmake_vendor:/home/user/data/drones_ship_ws/install/ros_gz_crazyflie_control:/opt/ros/jazzy DEBUGINFOD_URLS=https://debuginfod.ubuntu.com GZ_SIM_RESOURCE_PATH=/home/user/data/drones_ship_ws/install/vrx_gazebo/share:${GZ_SIM_RESOURCE_PATH} PYTHONPATH=/home/user/data/drones_ship_ws/install/vrx_gazebo/lib/python3.12/site-packages:/home/user/data/drones_ship_ws/install/vrx_gz/lib/python3.12/site-packages:/home/user/data/drones_ship_ws/install/ros_gz_crazyflie_control/lib/python3.12/site-packages:/home/user/data/drones_ship_ws/install/crazyflie_yolo/lib/python3.12/site-packages:/opt/ros/jazzy/lib/python3.12/site-packages /usr/bin/cmake --build /home/user/data/drones_ship_ws/build/aquabot_description -- -j20 -l20
[1.039s] DEBUG:colcon.colcon_core.event_handler.log_command:Invoked command in '/home/user/data/drones_ship_ws/build/aquabot_description' returned '0': CMAKE_PREFIX_PATH=/home/user/data/drones_ship_ws/install/vrx_gazebo:/home/user/data/drones_ship_ws/install/wamv_gazebo:/home/user/data/drones_ship_ws/install/wamv_description:/home/user/data/drones_ship_ws/install/vrx_gz:/home/user/data/drones_ship_ws/install/vrx_ros:/home/user/data/drones_ship_ws/install/aquabot_description:/home/user/data/drones_ship_ws/install/ros_gz_crazyflie_bringup:/home/user/data/drones_ship_ws/install/ros_gz_crazyflie_gazebo:/home/user/data/drones_ship_ws/install/crazyflie_yolo:/home/user/data/drones_ship_ws/install/crazyflie_ekf:/home/user/data/drones_ship_ws/install/crazyflie_control:/home/user/data/drones_ship_ws/install/aquabot_motion:/home/user/data/drones_ship_ws/install/aquabot_gz:/home/user/data/drones_ship_ws/install/aquabot_ekf:/opt/ros/jazzy/opt/gz_sim_vendor:/opt/ros/jazzy/opt/gz_sensors_vendor:/opt/ros/jazzy/opt/gz_physics_vendor:/opt/ros/jazzy/opt/sdformat_vendor:/opt/ros/jazzy/opt/gz_gui_vendor:/opt/ros/jazzy/opt/gz_transport_vendor:/opt/ros/jazzy/opt/gz_rendering_vendor:/opt/ros/jazzy/opt/gz_plugin_vendor:/opt/ros/jazzy/opt/gz_fuel_tools_vendor:/opt/ros/jazzy/opt/gz_msgs_vendor:/opt/ros/jazzy/opt/gz_common_vendor:/opt/ros/jazzy/opt/gz_math_vendor:/opt/ros/jazzy/opt/gz_utils_vendor:/opt/ros/jazzy/opt/gz_tools_vendor:/opt/ros/jazzy/opt/gz_ogre_next_vendor:/opt/ros/jazzy/opt/gz_dartsim_vendor:/opt/ros/jazzy/opt/gz_cmake_vendor:/home/user/data/drones_ship_ws/install/ros_gz_crazyflie_control:/opt/ros/jazzy DEBUGINFOD_URLS=https://debuginfod.ubuntu.com GZ_SIM_RESOURCE_PATH=/home/user/data/drones_ship_ws/install/vrx_gazebo/share:${GZ_SIM_RESOURCE_PATH} PYTHONPATH=/home/user/data/drones_ship_ws/install/vrx_gazebo/lib/python3.12/site-packages:/home/user/data/drones_ship_ws/install/vrx_gz/lib/python3.12/site-packages:/home/user/data/drones_ship_ws/install/ros_gz_crazyflie_control/lib/python3.12/site-packages:/home/user/data/drones_ship_ws/install/crazyflie_yolo/lib/python3.12/site-packages:/opt/ros/jazzy/lib/python3.12/site-packages /usr/bin/cmake --build /home/user/data/drones_ship_ws/build/aquabot_description -- -j20 -l20
[1.040s] DEBUG:colcon.colcon_core.event_handler.log_command:Invoking command in '/home/user/data/drones_ship_ws/build/aquabot_description': CMAKE_PREFIX_PATH=/home/user/data/drones_ship_ws/install/vrx_gazebo:/home/user/data/drones_ship_ws/install/wamv_gazebo:/home/user/data/drones_ship_ws/install/wamv_description:/home/user/data/drones_ship_ws/install/vrx_gz:/home/user/data/drones_ship_ws/install/vrx_ros:/home/user/data/drones_ship_ws/install/aquabot_description:/home/user/data/drones_ship_ws/install/ros_gz_crazyflie_bringup:/home/user/data/drones_ship_ws/install/ros_gz_crazyflie_gazebo:/home/user/data/drones_ship_ws/install/crazyflie_yolo:/home/user/data/drones_ship_ws/install/crazyflie_ekf:/home/user/data/drones_ship_ws/install/crazyflie_control:/home/user/data/drones_ship_ws/install/aquabot_motion:/home/user/data/drones_ship_ws/install/aquabot_gz:/home/user/data/drones_ship_ws/install/aquabot_ekf:/opt/ros/jazzy/opt/gz_sim_vendor:/opt/ros/jazzy/opt/gz_sensors_vendor:/opt/ros/jazzy/opt/gz_physics_vendor:/opt/ros/jazzy/opt/sdformat_vendor:/opt/ros/jazzy/opt/gz_gui_vendor:/opt/ros/jazzy/opt/gz_transport_vendor:/opt/ros/jazzy/opt/gz_rendering_vendor:/opt/ros/jazzy/opt/gz_plugin_vendor:/opt/ros/jazzy/opt/gz_fuel_tools_vendor:/opt/ros/jazzy/opt/gz_msgs_vendor:/opt/ros/jazzy/opt/gz_common_vendor:/opt/ros/jazzy/opt/gz_math_vendor:/opt/ros/jazzy/opt/gz_utils_vendor:/opt/ros/jazzy/opt/gz_tools_vendor:/opt/ros/jazzy/opt/gz_ogre_next_vendor:/opt/ros/jazzy/opt/gz_dartsim_vendor:/opt/ros/jazzy/opt/gz_cmake_vendor:/home/user/data/drones_ship_ws/install/ros_gz_crazyflie_control:/opt/ros/jazzy DEBUGINFOD_URLS=https://debuginfod.ubuntu.com GZ_SIM_RESOURCE_PATH=/home/user/data/drones_ship_ws/install/vrx_gazebo/share:${GZ_SIM_RESOURCE_PATH} PYTHONPATH=/home/user/data/drones_ship_ws/install/vrx_gazebo/lib/python3.12/site-packages:/home/user/data/drones_ship_ws/install/vrx_gz/lib/python3.12/site-packages:/home/user/data/drones_ship_ws/install/ros_gz_crazyflie_control/lib/python3.12/site-packages:/home/user/data/drones_ship_ws/install/crazyflie_yolo/lib/python3.12/site-packages:/opt/ros/jazzy/lib/python3.12/site-packages /usr/bin/cmake --install /home/user/data/drones_ship_ws/build/aquabot_description
[1.041s] DEBUG:colcon.colcon_core.event_handler.log_command:Invoked command in '/home/user/data/drones_ship_ws/build/wamv_description' returned '0': CMAKE_PREFIX_PATH=/home/user/data/drones_ship_ws/install/vrx_gazebo:/home/user/data/drones_ship_ws/install/wamv_gazebo:/home/user/data/drones_ship_ws/install/wamv_description:/home/user/data/drones_ship_ws/install/vrx_gz:/home/user/data/drones_ship_ws/install/vrx_ros:/home/user/data/drones_ship_ws/install/aquabot_description:/home/user/data/drones_ship_ws/install/ros_gz_crazyflie_bringup:/home/user/data/drones_ship_ws/install/ros_gz_crazyflie_gazebo:/home/user/data/drones_ship_ws/install/crazyflie_yolo:/home/user/data/drones_ship_ws/install/crazyflie_ekf:/home/user/data/drones_ship_ws/install/crazyflie_control:/home/user/data/drones_ship_ws/install/aquabot_motion:/home/user/data/drones_ship_ws/install/aquabot_gz:/home/user/data/drones_ship_ws/install/aquabot_ekf:/opt/ros/jazzy/opt/gz_sim_vendor:/opt/ros/jazzy/opt/gz_sensors_vendor:/opt/ros/jazzy/opt/gz_physics_vendor:/opt/ros/jazzy/opt/sdformat_vendor:/opt/ros/jazzy/opt/gz_gui_vendor:/opt/ros/jazzy/opt/gz_transport_vendor:/opt/ros/jazzy/opt/gz_rendering_vendor:/opt/ros/jazzy/opt/gz_plugin_vendor:/opt/ros/jazzy/opt/gz_fuel_tools_vendor:/opt/ros/jazzy/opt/gz_msgs_vendor:/opt/ros/jazzy/opt/gz_common_vendor:/opt/ros/jazzy/opt/gz_math_vendor:/opt/ros/jazzy/opt/gz_utils_vendor:/opt/ros/jazzy/opt/gz_tools_vendor:/opt/ros/jazzy/opt/gz_ogre_next_vendor:/opt/ros/jazzy/opt/gz_dartsim_vendor:/opt/ros/jazzy/opt/gz_cmake_vendor:/home/user/data/drones_ship_ws/install/ros_gz_crazyflie_control:/opt/ros/jazzy DEBUGINFOD_URLS=https://debuginfod.ubuntu.com GZ_SIM_RESOURCE_PATH=/home/user/data/drones_ship_ws/install/vrx_gazebo/share:${GZ_SIM_RESOURCE_PATH} PYTHONPATH=/home/user/data/drones_ship_ws/install/vrx_gazebo/lib/python3.12/site-packages:/home/user/data/drones_ship_ws/install/vrx_gz/lib/python3.12/site-packages:/home/user/data/drones_ship_ws/install/ros_gz_crazyflie_control/lib/python3.12/site-packages:/home/user/data/drones_ship_ws/install/crazyflie_yolo/lib/python3.12/site-packages:/opt/ros/jazzy/lib/python3.12/site-packages /usr/bin/cmake --build /home/user/data/drones_ship_ws/build/wamv_description -- -j20 -l20
[1.042s] DEBUG:colcon.colcon_core.event_handler.log_command:Invoking command in '/home/user/data/drones_ship_ws/build/wamv_description': CMAKE_PREFIX_PATH=/home/user/data/drones_ship_ws/install/vrx_gazebo:/home/user/data/drones_ship_ws/install/wamv_gazebo:/home/user/data/drones_ship_ws/install/wamv_description:/home/user/data/drones_ship_ws/install/vrx_gz:/home/user/data/drones_ship_ws/install/vrx_ros:/home/user/data/drones_ship_ws/install/aquabot_description:/home/user/data/drones_ship_ws/install/ros_gz_crazyflie_bringup:/home/user/data/drones_ship_ws/install/ros_gz_crazyflie_gazebo:/home/user/data/drones_ship_ws/install/crazyflie_yolo:/home/user/data/drones_ship_ws/install/crazyflie_ekf:/home/user/data/drones_ship_ws/install/crazyflie_control:/home/user/data/drones_ship_ws/install/aquabot_motion:/home/user/data/drones_ship_ws/install/aquabot_gz:/home/user/data/drones_ship_ws/install/aquabot_ekf:/opt/ros/jazzy/opt/gz_sim_vendor:/opt/ros/jazzy/opt/gz_sensors_vendor:/opt/ros/jazzy/opt/gz_physics_vendor:/opt/ros/jazzy/opt/sdformat_vendor:/opt/ros/jazzy/opt/gz_gui_vendor:/opt/ros/jazzy/opt/gz_transport_vendor:/opt/ros/jazzy/opt/gz_rendering_vendor:/opt/ros/jazzy/opt/gz_plugin_vendor:/opt/ros/jazzy/opt/gz_fuel_tools_vendor:/opt/ros/jazzy/opt/gz_msgs_vendor:/opt/ros/jazzy/opt/gz_common_vendor:/opt/ros/jazzy/opt/gz_math_vendor:/opt/ros/jazzy/opt/gz_utils_vendor:/opt/ros/jazzy/opt/gz_tools_vendor:/opt/ros/jazzy/opt/gz_ogre_next_vendor:/opt/ros/jazzy/opt/gz_dartsim_vendor:/opt/ros/jazzy/opt/gz_cmake_vendor:/home/user/data/drones_ship_ws/install/ros_gz_crazyflie_control:/opt/ros/jazzy DEBUGINFOD_URLS=https://debuginfod.ubuntu.com GZ_SIM_RESOURCE_PATH=/home/user/data/drones_ship_ws/install/vrx_gazebo/share:${GZ_SIM_RESOURCE_PATH} PYTHONPATH=/home/user/data/drones_ship_ws/install/vrx_gazebo/lib/python3.12/site-packages:/home/user/data/drones_ship_ws/install/vrx_gz/lib/python3.12/site-packages:/home/user/data/drones_ship_ws/install/ros_gz_crazyflie_control/lib/python3.12/site-packages:/home/user/data/drones_ship_ws/install/crazyflie_yolo/lib/python3.12/site-packages:/opt/ros/jazzy/lib/python3.12/site-packages /usr/bin/cmake --install /home/user/data/drones_ship_ws/build/wamv_description
[1.055s] Level 1:colcon.colcon_core.environment:create_environment_scripts_only(wamv_description)
[1.055s] Level 1:colcon.colcon_core.environment:checking '/home/user/data/drones_ship_ws/install/wamv_description' for CMake module files
[1.056s] DEBUG:colcon.colcon_core.event_handler.log_command:Invoked command in '/home/user/data/drones_ship_ws/build/wamv_description' returned '0': CMAKE_PREFIX_PATH=/home/user/data/drones_ship_ws/install/vrx_gazebo:/home/user/data/drones_ship_ws/install/wamv_gazebo:/home/user/data/drones_ship_ws/install/wamv_description:/home/user/data/drones_ship_ws/install/vrx_gz:/home/user/data/drones_ship_ws/install/vrx_ros:/home/user/data/drones_ship_ws/install/aquabot_description:/home/user/data/drones_ship_ws/install/ros_gz_crazyflie_bringup:/home/user/data/drones_ship_ws/install/ros_gz_crazyflie_gazebo:/home/user/data/drones_ship_ws/install/crazyflie_yolo:/home/user/data/drones_ship_ws/install/crazyflie_ekf:/home/user/data/drones_ship_ws/install/crazyflie_control:/home/user/data/drones_ship_ws/install/aquabot_motion:/home/user/data/drones_ship_ws/install/aquabot_gz:/home/user/data/drones_ship_ws/install/aquabot_ekf:/opt/ros/jazzy/opt/gz_sim_vendor:/opt/ros/jazzy/opt/gz_sensors_vendor:/opt/ros/jazzy/opt/gz_physics_vendor:/opt/ros/jazzy/opt/sdformat_vendor:/opt/ros/jazzy/opt/gz_gui_vendor:/opt/ros/jazzy/opt/gz_transport_vendor:/opt/ros/jazzy/opt/gz_rendering_vendor:/opt/ros/jazzy/opt/gz_plugin_vendor:/opt/ros/jazzy/opt/gz_fuel_tools_vendor:/opt/ros/jazzy/opt/gz_msgs_vendor:/opt/ros/jazzy/opt/gz_common_vendor:/opt/ros/jazzy/opt/gz_math_vendor:/opt/ros/jazzy/opt/gz_utils_vendor:/opt/ros/jazzy/opt/gz_tools_vendor:/opt/ros/jazzy/opt/gz_ogre_next_vendor:/opt/ros/jazzy/opt/gz_dartsim_vendor:/opt/ros/jazzy/opt/gz_cmake_vendor:/home/user/data/drones_ship_ws/install/ros_gz_crazyflie_control:/opt/ros/jazzy DEBUGINFOD_URLS=https://debuginfod.ubuntu.com GZ_SIM_RESOURCE_PATH=/home/user/data/drones_ship_ws/install/vrx_gazebo/share:${GZ_SIM_RESOURCE_PATH} PYTHONPATH=/home/user/data/drones_ship_ws/install/vrx_gazebo/lib/python3.12/site-packages:/home/user/data/drones_ship_ws/install/vrx_gz/lib/python3.12/site-packages:/home/user/data/drones_ship_ws/install/ros_gz_crazyflie_control/lib/python3.12/site-packages:/home/user/data/drones_ship_ws/install/crazyflie_yolo/lib/python3.12/site-packages:/opt/ros/jazzy/lib/python3.12/site-packages /usr/bin/cmake --install /home/user/data/drones_ship_ws/build/wamv_description
[1.056s] Level 1:colcon.colcon_core.environment:checking '/home/user/data/drones_ship_ws/install/wamv_description' for CMake config files
[1.056s] Level 1:colcon.colcon_core.shell:create_environment_hook('wamv_description', 'cmake_prefix_path')
[1.056s] INFO:colcon.colcon_core.shell:Creating environment hook '/home/user/data/drones_ship_ws/install/wamv_description/share/wamv_description/hook/cmake_prefix_path.ps1'
[1.057s] INFO:colcon.colcon_core.shell:Creating environment descriptor '/home/user/data/drones_ship_ws/install/wamv_description/share/wamv_description/hook/cmake_prefix_path.dsv'
[1.057s] INFO:colcon.colcon_core.shell:Creating environment hook '/home/user/data/drones_ship_ws/install/wamv_description/share/wamv_description/hook/cmake_prefix_path.sh'
[1.057s] Level 1:colcon.colcon_core.environment:checking '/home/user/data/drones_ship_ws/install/wamv_description/bin'
[1.057s] Level 1:colcon.colcon_core.environment:checking '/home/user/data/drones_ship_ws/install/wamv_description/lib/pkgconfig/wamv_description.pc'
[1.057s] Level 1:colcon.colcon_core.environment:checking '/home/user/data/drones_ship_ws/install/wamv_description/lib/python3.12/site-packages'
[1.058s] Level 1:colcon.colcon_core.environment:checking '/home/user/data/drones_ship_ws/install/wamv_description/bin'
[1.058s] INFO:colcon.colcon_core.shell:Creating package script '/home/user/data/drones_ship_ws/install/wamv_description/share/wamv_description/package.ps1'
[1.058s] INFO:colcon.colcon_core.shell:Creating package descriptor '/home/user/data/drones_ship_ws/install/wamv_description/share/wamv_description/package.dsv'
[1.058s] INFO:colcon.colcon_core.shell:Creating package script '/home/user/data/drones_ship_ws/install/wamv_description/share/wamv_description/package.sh'
[1.058s] INFO:colcon.colcon_core.shell:Creating package script '/home/user/data/drones_ship_ws/install/wamv_description/share/wamv_description/package.bash'
[1.059s] INFO:colcon.colcon_core.shell:Creating package script '/home/user/data/drones_ship_ws/install/wamv_description/share/wamv_description/package.zsh'
[1.059s] Level 1:colcon.colcon_core.environment:create_file_with_runtime_dependencies(/home/user/data/drones_ship_ws/install/wamv_description/share/colcon-core/packages/wamv_description)
[1.059s] Level 1:colcon.colcon_core.environment:create_environment_scripts_only(wamv_description)
[1.059s] Level 1:colcon.colcon_core.environment:checking '/home/user/data/drones_ship_ws/install/wamv_description' for CMake module files
[1.059s] Level 1:colcon.colcon_core.environment:checking '/home/user/data/drones_ship_ws/install/wamv_description' for CMake config files
[1.060s] Level 1:colcon.colcon_core.shell:create_environment_hook('wamv_description', 'cmake_prefix_path')
[1.060s] INFO:colcon.colcon_core.shell:Creating environment hook '/home/user/data/drones_ship_ws/install/wamv_description/share/wamv_description/hook/cmake_prefix_path.ps1'
[1.060s] INFO:colcon.colcon_core.shell:Creating environment descriptor '/home/user/data/drones_ship_ws/install/wamv_description/share/wamv_description/hook/cmake_prefix_path.dsv'
[1.060s] INFO:colcon.colcon_core.shell:Creating environment hook '/home/user/data/drones_ship_ws/install/wamv_description/share/wamv_description/hook/cmake_prefix_path.sh'
[1.061s] Level 1:colcon.colcon_core.environment:checking '/home/user/data/drones_ship_ws/install/wamv_description/bin'
[1.061s] Level 1:colcon.colcon_core.environment:checking '/home/user/data/drones_ship_ws/install/wamv_description/lib/pkgconfig/wamv_description.pc'
[1.061s] Level 1:colcon.colcon_core.environment:checking '/home/user/data/drones_ship_ws/install/wamv_description/lib/python3.12/site-packages'
[1.061s] Level 1:colcon.colcon_core.environment:checking '/home/user/data/drones_ship_ws/install/wamv_description/bin'
[1.061s] INFO:colcon.colcon_core.shell:Creating package script '/home/user/data/drones_ship_ws/install/wamv_description/share/wamv_description/package.ps1'
[1.061s] INFO:colcon.colcon_core.shell:Creating package descriptor '/home/user/data/drones_ship_ws/install/wamv_description/share/wamv_description/package.dsv'
[1.061s] INFO:colcon.colcon_core.shell:Creating package script '/home/user/data/drones_ship_ws/install/wamv_description/share/wamv_description/package.sh'
[1.062s] INFO:colcon.colcon_core.shell:Creating package script '/home/user/data/drones_ship_ws/install/wamv_description/share/wamv_description/package.bash'
[1.062s] INFO:colcon.colcon_core.shell:Creating package script '/home/user/data/drones_ship_ws/install/wamv_description/share/wamv_description/package.zsh'
[1.062s] Level 1:colcon.colcon_core.environment:create_file_with_runtime_dependencies(/home/user/data/drones_ship_ws/install/wamv_description/share/colcon-core/packages/wamv_description)
[1.062s] Level 1:colcon.colcon_core.environment:create_environment_scripts_only(aquabot_description)
[1.062s] Level 1:colcon.colcon_core.environment:checking '/home/user/data/drones_ship_ws/install/aquabot_description' for CMake module files
[1.063s] Level 1:colcon.colcon_core.environment:checking '/home/user/data/drones_ship_ws/install/aquabot_description' for CMake config files
[1.063s] DEBUG:colcon.colcon_core.event_handler.log_command:Invoked command in '/home/user/data/drones_ship_ws/build/aquabot_description' returned '0': CMAKE_PREFIX_PATH=/home/user/data/drones_ship_ws/install/vrx_gazebo:/home/user/data/drones_ship_ws/install/wamv_gazebo:/home/user/data/drones_ship_ws/install/wamv_description:/home/user/data/drones_ship_ws/install/vrx_gz:/home/user/data/drones_ship_ws/install/vrx_ros:/home/user/data/drones_ship_ws/install/aquabot_description:/home/user/data/drones_ship_ws/install/ros_gz_crazyflie_bringup:/home/user/data/drones_ship_ws/install/ros_gz_crazyflie_gazebo:/home/user/data/drones_ship_ws/install/crazyflie_yolo:/home/user/data/drones_ship_ws/install/crazyflie_ekf:/home/user/data/drones_ship_ws/install/crazyflie_control:/home/user/data/drones_ship_ws/install/aquabot_motion:/home/user/data/drones_ship_ws/install/aquabot_gz:/home/user/data/drones_ship_ws/install/aquabot_ekf:/opt/ros/jazzy/opt/gz_sim_vendor:/opt/ros/jazzy/opt/gz_sensors_vendor:/opt/ros/jazzy/opt/gz_physics_vendor:/opt/ros/jazzy/opt/sdformat_vendor:/opt/ros/jazzy/opt/gz_gui_vendor:/opt/ros/jazzy/opt/gz_transport_vendor:/opt/ros/jazzy/opt/gz_rendering_vendor:/opt/ros/jazzy/opt/gz_plugin_vendor:/opt/ros/jazzy/opt/gz_fuel_tools_vendor:/opt/ros/jazzy/opt/gz_msgs_vendor:/opt/ros/jazzy/opt/gz_common_vendor:/opt/ros/jazzy/opt/gz_math_vendor:/opt/ros/jazzy/opt/gz_utils_vendor:/opt/ros/jazzy/opt/gz_tools_vendor:/opt/ros/jazzy/opt/gz_ogre_next_vendor:/opt/ros/jazzy/opt/gz_dartsim_vendor:/opt/ros/jazzy/opt/gz_cmake_vendor:/home/user/data/drones_ship_ws/install/ros_gz_crazyflie_control:/opt/ros/jazzy DEBUGINFOD_URLS=https://debuginfod.ubuntu.com GZ_SIM_RESOURCE_PATH=/home/user/data/drones_ship_ws/install/vrx_gazebo/share:${GZ_SIM_RESOURCE_PATH} PYTHONPATH=/home/user/data/drones_ship_ws/install/vrx_gazebo/lib/python3.12/site-packages:/home/user/data/drones_ship_ws/install/vrx_gz/lib/python3.12/site-packages:/home/user/data/drones_ship_ws/install/ros_gz_crazyflie_control/lib/python3.12/site-packages:/home/user/data/drones_ship_ws/install/crazyflie_yolo/lib/python3.12/site-packages:/opt/ros/jazzy/lib/python3.12/site-packages /usr/bin/cmake --install /home/user/data/drones_ship_ws/build/aquabot_description
[1.063s] Level 1:colcon.colcon_core.shell:create_environment_hook('aquabot_description', 'cmake_prefix_path')
[1.063s] INFO:colcon.colcon_core.shell:Creating environment hook '/home/user/data/drones_ship_ws/install/aquabot_description/share/aquabot_description/hook/cmake_prefix_path.ps1'
[1.064s] INFO:colcon.colcon_core.shell:Creating environment descriptor '/home/user/data/drones_ship_ws/install/aquabot_description/share/aquabot_description/hook/cmake_prefix_path.dsv'
[1.064s] INFO:colcon.colcon_core.shell:Creating environment hook '/home/user/data/drones_ship_ws/install/aquabot_description/share/aquabot_description/hook/cmake_prefix_path.sh'
[1.064s] Level 1:colcon.colcon_core.environment:checking '/home/user/data/drones_ship_ws/install/aquabot_description/bin'
[1.064s] Level 1:colcon.colcon_core.environment:checking '/home/user/data/drones_ship_ws/install/aquabot_description/lib/pkgconfig/aquabot_description.pc'
[1.064s] Level 1:colcon.colcon_core.environment:checking '/home/user/data/drones_ship_ws/install/aquabot_description/lib/python3.12/site-packages'
[1.064s] Level 1:colcon.colcon_core.environment:checking '/home/user/data/drones_ship_ws/install/aquabot_description/bin'
[1.065s] INFO:colcon.colcon_core.shell:Creating package script '/home/user/data/drones_ship_ws/install/aquabot_description/share/aquabot_description/package.ps1'
[1.065s] INFO:colcon.colcon_core.shell:Creating package descriptor '/home/user/data/drones_ship_ws/install/aquabot_description/share/aquabot_description/package.dsv'
[1.065s] INFO:colcon.colcon_core.shell:Creating package script '/home/user/data/drones_ship_ws/install/aquabot_description/share/aquabot_description/package.sh'
[1.065s] INFO:colcon.colcon_core.shell:Creating package script '/home/user/data/drones_ship_ws/install/aquabot_description/share/aquabot_description/package.bash'
[1.065s] INFO:colcon.colcon_core.shell:Creating package script '/home/user/data/drones_ship_ws/install/aquabot_description/share/aquabot_description/package.zsh'
[1.066s] Level 1:colcon.colcon_core.environment:create_file_with_runtime_dependencies(/home/user/data/drones_ship_ws/install/aquabot_description/share/colcon-core/packages/aquabot_description)
[1.066s] Level 1:colcon.colcon_core.environment:create_environment_scripts_only(aquabot_description)
[1.066s] Level 1:colcon.colcon_core.environment:checking '/home/user/data/drones_ship_ws/install/aquabot_description' for CMake module files
[1.066s] Level 1:colcon.colcon_core.environment:checking '/home/user/data/drones_ship_ws/install/aquabot_description' for CMake config files
[1.067s] Level 1:colcon.colcon_core.shell:create_environment_hook('aquabot_description', 'cmake_prefix_path')
[1.067s] INFO:colcon.colcon_core.shell:Creating environment hook '/home/user/data/drones_ship_ws/install/aquabot_description/share/aquabot_description/hook/cmake_prefix_path.ps1'
[1.067s] INFO:colcon.colcon_core.shell:Creating environment descriptor '/home/user/data/drones_ship_ws/install/aquabot_description/share/aquabot_description/hook/cmake_prefix_path.dsv'
[1.067s] INFO:colcon.colcon_core.shell:Creating environment hook '/home/user/data/drones_ship_ws/install/aquabot_description/share/aquabot_description/hook/cmake_prefix_path.sh'
[1.067s] Level 1:colcon.colcon_core.environment:checking '/home/user/data/drones_ship_ws/install/aquabot_description/bin'
[1.067s] Level 1:colcon.colcon_core.environment:checking '/home/user/data/drones_ship_ws/install/aquabot_description/lib/pkgconfig/aquabot_description.pc'
[1.068s] Level 1:colcon.colcon_core.environment:checking '/home/user/data/drones_ship_ws/install/aquabot_description/lib/python3.12/site-packages'
[1.068s] Level 1:colcon.colcon_core.environment:checking '/home/user/data/drones_ship_ws/install/aquabot_description/bin'
[1.068s] INFO:colcon.colcon_core.shell:Creating package script '/home/user/data/drones_ship_ws/install/aquabot_description/share/aquabot_description/package.ps1'
[1.068s] INFO:colcon.colcon_core.shell:Creating package descriptor '/home/user/data/drones_ship_ws/install/aquabot_description/share/aquabot_description/package.dsv'
[1.068s] INFO:colcon.colcon_core.shell:Creating package script '/home/user/data/drones_ship_ws/install/aquabot_description/share/aquabot_description/package.sh'
[1.069s] INFO:colcon.colcon_core.shell:Creating package script '/home/user/data/drones_ship_ws/install/aquabot_description/share/aquabot_description/package.bash'
[1.069s] INFO:colcon.colcon_core.shell:Creating package script '/home/user/data/drones_ship_ws/install/aquabot_description/share/aquabot_description/package.zsh'
[1.069s] Level 1:colcon.colcon_core.environment:create_file_with_runtime_dependencies(/home/user/data/drones_ship_ws/install/aquabot_description/share/colcon-core/packages/aquabot_description)
[1.069s] INFO:colcon.colcon_ros.task.ament_cmake.build:Building ROS package in '/home/user/data/drones_ship_ws/src/vrx/vrx_urdf/wamv_gazebo' with build type 'ament_cmake'
[1.069s] INFO:colcon.colcon_cmake.task.cmake.build:Building CMake package in '/home/user/data/drones_ship_ws/src/vrx/vrx_urdf/wamv_gazebo'
[1.069s] INFO:colcon.colcon_core.shell:Skip shell extension 'powershell' for command environment: Not usable outside of PowerShell
[1.070s] DEBUG:colcon.colcon_core.shell:Skip shell extension 'dsv' for command environment
[1.080s] DEBUG:colcon.colcon_core.event_handler.log_command:Invoking command in '/home/user/data/drones_ship_ws/build/wamv_gazebo': CMAKE_PREFIX_PATH=/home/user/data/drones_ship_ws/install/wamv_description:/home/user/data/drones_ship_ws/install/vrx_gazebo:/home/user/data/drones_ship_ws/install/wamv_gazebo:/home/user/data/drones_ship_ws/install/vrx_gz:/home/user/data/drones_ship_ws/install/vrx_ros:/home/user/data/drones_ship_ws/install/aquabot_description:/home/user/data/drones_ship_ws/install/ros_gz_crazyflie_bringup:/home/user/data/drones_ship_ws/install/ros_gz_crazyflie_gazebo:/home/user/data/drones_ship_ws/install/crazyflie_yolo:/home/user/data/drones_ship_ws/install/crazyflie_ekf:/home/user/data/drones_ship_ws/install/crazyflie_control:/home/user/data/drones_ship_ws/install/aquabot_motion:/home/user/data/drones_ship_ws/install/aquabot_gz:/home/user/data/drones_ship_ws/install/aquabot_ekf:/opt/ros/jazzy/opt/gz_sim_vendor:/opt/ros/jazzy/opt/gz_sensors_vendor:/opt/ros/jazzy/opt/gz_physics_vendor:/opt/ros/jazzy/opt/sdformat_vendor:/opt/ros/jazzy/opt/gz_gui_vendor:/opt/ros/jazzy/opt/gz_transport_vendor:/opt/ros/jazzy/opt/gz_rendering_vendor:/opt/ros/jazzy/opt/gz_plugin_vendor:/opt/ros/jazzy/opt/gz_fuel_tools_vendor:/opt/ros/jazzy/opt/gz_msgs_vendor:/opt/ros/jazzy/opt/gz_common_vendor:/opt/ros/jazzy/opt/gz_math_vendor:/opt/ros/jazzy/opt/gz_utils_vendor:/opt/ros/jazzy/opt/gz_tools_vendor:/opt/ros/jazzy/opt/gz_ogre_next_vendor:/opt/ros/jazzy/opt/gz_dartsim_vendor:/opt/ros/jazzy/opt/gz_cmake_vendor:/home/user/data/drones_ship_ws/install/ros_gz_crazyflie_control:/opt/ros/jazzy DEBUGINFOD_URLS=https://debuginfod.ubuntu.com GZ_SIM_RESOURCE_PATH=/home/user/data/drones_ship_ws/install/wamv_description/share:/home/user/data/drones_ship_ws/install/vrx_gazebo/share:${GZ_SIM_RESOURCE_PATH} PYTHONPATH=/home/user/data/drones_ship_ws/install/vrx_gazebo/lib/python3.12/site-packages:/home/user/data/drones_ship_ws/install/vrx_gz/lib/python3.12/site-packages:/home/user/data/drones_ship_ws/install/ros_gz_crazyflie_control/lib/python3.12/site-packages:/home/user/data/drones_ship_ws/install/crazyflie_yolo/lib/python3.12/site-packages:/opt/ros/jazzy/lib/python3.12/site-packages /usr/bin/cmake --build /home/user/data/drones_ship_ws/build/wamv_gazebo -- -j20 -l20
[1.154s] DEBUG:colcon.colcon_core.event_handler.log_command:Invoked command in '/home/user/data/drones_ship_ws/build/wamv_gazebo' returned '0': CMAKE_PREFIX_PATH=/home/user/data/drones_ship_ws/install/wamv_description:/home/user/data/drones_ship_ws/install/vrx_gazebo:/home/user/data/drones_ship_ws/install/wamv_gazebo:/home/user/data/drones_ship_ws/install/vrx_gz:/home/user/data/drones_ship_ws/install/vrx_ros:/home/user/data/drones_ship_ws/install/aquabot_description:/home/user/data/drones_ship_ws/install/ros_gz_crazyflie_bringup:/home/user/data/drones_ship_ws/install/ros_gz_crazyflie_gazebo:/home/user/data/drones_ship_ws/install/crazyflie_yolo:/home/user/data/drones_ship_ws/install/crazyflie_ekf:/home/user/data/drones_ship_ws/install/crazyflie_control:/home/user/data/drones_ship_ws/install/aquabot_motion:/home/user/data/drones_ship_ws/install/aquabot_gz:/home/user/data/drones_ship_ws/install/aquabot_ekf:/opt/ros/jazzy/opt/gz_sim_vendor:/opt/ros/jazzy/opt/gz_sensors_vendor:/opt/ros/jazzy/opt/gz_physics_vendor:/opt/ros/jazzy/opt/sdformat_vendor:/opt/ros/jazzy/opt/gz_gui_vendor:/opt/ros/jazzy/opt/gz_transport_vendor:/opt/ros/jazzy/opt/gz_rendering_vendor:/opt/ros/jazzy/opt/gz_plugin_vendor:/opt/ros/jazzy/opt/gz_fuel_tools_vendor:/opt/ros/jazzy/opt/gz_msgs_vendor:/opt/ros/jazzy/opt/gz_common_vendor:/opt/ros/jazzy/opt/gz_math_vendor:/opt/ros/jazzy/opt/gz_utils_vendor:/opt/ros/jazzy/opt/gz_tools_vendor:/opt/ros/jazzy/opt/gz_ogre_next_vendor:/opt/ros/jazzy/opt/gz_dartsim_vendor:/opt/ros/jazzy/opt/gz_cmake_vendor:/home/user/data/drones_ship_ws/install/ros_gz_crazyflie_control:/opt/ros/jazzy DEBUGINFOD_URLS=https://debuginfod.ubuntu.com GZ_SIM_RESOURCE_PATH=/home/user/data/drones_ship_ws/install/wamv_description/share:/home/user/data/drones_ship_ws/install/vrx_gazebo/share:${GZ_SIM_RESOURCE_PATH} PYTHONPATH=/home/user/data/drones_ship_ws/install/vrx_gazebo/lib/python3.12/site-packages:/home/user/data/drones_ship_ws/install/vrx_gz/lib/python3.12/site-packages:/home/user/data/drones_ship_ws/install/ros_gz_crazyflie_control/lib/python3.12/site-packages:/home/user/data/drones_ship_ws/install/crazyflie_yolo/lib/python3.12/site-packages:/opt/ros/jazzy/lib/python3.12/site-packages /usr/bin/cmake --build /home/user/data/drones_ship_ws/build/wamv_gazebo -- -j20 -l20
[1.154s] DEBUG:colcon.colcon_core.event_handler.log_command:Invoking command in '/home/user/data/drones_ship_ws/build/wamv_gazebo': CMAKE_PREFIX_PATH=/home/user/data/drones_ship_ws/install/wamv_description:/home/user/data/drones_ship_ws/install/vrx_gazebo:/home/user/data/drones_ship_ws/install/wamv_gazebo:/home/user/data/drones_ship_ws/install/vrx_gz:/home/user/data/drones_ship_ws/install/vrx_ros:/home/user/data/drones_ship_ws/install/aquabot_description:/home/user/data/drones_ship_ws/install/ros_gz_crazyflie_bringup:/home/user/data/drones_ship_ws/install/ros_gz_crazyflie_gazebo:/home/user/data/drones_ship_ws/install/crazyflie_yolo:/home/user/data/drones_ship_ws/install/crazyflie_ekf:/home/user/data/drones_ship_ws/install/crazyflie_control:/home/user/data/drones_ship_ws/install/aquabot_motion:/home/user/data/drones_ship_ws/install/aquabot_gz:/home/user/data/drones_ship_ws/install/aquabot_ekf:/opt/ros/jazzy/opt/gz_sim_vendor:/opt/ros/jazzy/opt/gz_sensors_vendor:/opt/ros/jazzy/opt/gz_physics_vendor:/opt/ros/jazzy/opt/sdformat_vendor:/opt/ros/jazzy/opt/gz_gui_vendor:/opt/ros/jazzy/opt/gz_transport_vendor:/opt/ros/jazzy/opt/gz_rendering_vendor:/opt/ros/jazzy/opt/gz_plugin_vendor:/opt/ros/jazzy/opt/gz_fuel_tools_vendor:/opt/ros/jazzy/opt/gz_msgs_vendor:/opt/ros/jazzy/opt/gz_common_vendor:/opt/ros/jazzy/opt/gz_math_vendor:/opt/ros/jazzy/opt/gz_utils_vendor:/opt/ros/jazzy/opt/gz_tools_vendor:/opt/ros/jazzy/opt/gz_ogre_next_vendor:/opt/ros/jazzy/opt/gz_dartsim_vendor:/opt/ros/jazzy/opt/gz_cmake_vendor:/home/user/data/drones_ship_ws/install/ros_gz_crazyflie_control:/opt/ros/jazzy DEBUGINFOD_URLS=https://debuginfod.ubuntu.com GZ_SIM_RESOURCE_PATH=/home/user/data/drones_ship_ws/install/wamv_description/share:/home/user/data/drones_ship_ws/install/vrx_gazebo/share:${GZ_SIM_RESOURCE_PATH} PYTHONPATH=/home/user/data/drones_ship_ws/install/vrx_gazebo/lib/python3.12/site-packages:/home/user/data/drones_ship_ws/install/vrx_gz/lib/python3.12/site-packages:/home/user/data/drones_ship_ws/install/ros_gz_crazyflie_control/lib/python3.12/site-packages:/home/user/data/drones_ship_ws/install/crazyflie_yolo/lib/python3.12/site-packages:/opt/ros/jazzy/lib/python3.12/site-packages /usr/bin/cmake --install /home/user/data/drones_ship_ws/build/wamv_gazebo
[1.174s] Level 1:colcon.colcon_core.environment:create_environment_scripts_only(wamv_gazebo)
[1.174s] Level 1:colcon.colcon_core.environment:checking '/home/user/data/drones_ship_ws/install/wamv_gazebo' for CMake module files
[1.175s] DEBUG:colcon.colcon_core.event_handler.log_command:Invoked command in '/home/user/data/drones_ship_ws/build/wamv_gazebo' returned '0': CMAKE_PREFIX_PATH=/home/user/data/drones_ship_ws/install/wamv_description:/home/user/data/drones_ship_ws/install/vrx_gazebo:/home/user/data/drones_ship_ws/install/wamv_gazebo:/home/user/data/drones_ship_ws/install/vrx_gz:/home/user/data/drones_ship_ws/install/vrx_ros:/home/user/data/drones_ship_ws/install/aquabot_description:/home/user/data/drones_ship_ws/install/ros_gz_crazyflie_bringup:/home/user/data/drones_ship_ws/install/ros_gz_crazyflie_gazebo:/home/user/data/drones_ship_ws/install/crazyflie_yolo:/home/user/data/drones_ship_ws/install/crazyflie_ekf:/home/user/data/drones_ship_ws/install/crazyflie_control:/home/user/data/drones_ship_ws/install/aquabot_motion:/home/user/data/drones_ship_ws/install/aquabot_gz:/home/user/data/drones_ship_ws/install/aquabot_ekf:/opt/ros/jazzy/opt/gz_sim_vendor:/opt/ros/jazzy/opt/gz_sensors_vendor:/opt/ros/jazzy/opt/gz_physics_vendor:/opt/ros/jazzy/opt/sdformat_vendor:/opt/ros/jazzy/opt/gz_gui_vendor:/opt/ros/jazzy/opt/gz_transport_vendor:/opt/ros/jazzy/opt/gz_rendering_vendor:/opt/ros/jazzy/opt/gz_plugin_vendor:/opt/ros/jazzy/opt/gz_fuel_tools_vendor:/opt/ros/jazzy/opt/gz_msgs_vendor:/opt/ros/jazzy/opt/gz_common_vendor:/opt/ros/jazzy/opt/gz_math_vendor:/opt/ros/jazzy/opt/gz_utils_vendor:/opt/ros/jazzy/opt/gz_tools_vendor:/opt/ros/jazzy/opt/gz_ogre_next_vendor:/opt/ros/jazzy/opt/gz_dartsim_vendor:/opt/ros/jazzy/opt/gz_cmake_vendor:/home/user/data/drones_ship_ws/install/ros_gz_crazyflie_control:/opt/ros/jazzy DEBUGINFOD_URLS=https://debuginfod.ubuntu.com GZ_SIM_RESOURCE_PATH=/home/user/data/drones_ship_ws/install/wamv_description/share:/home/user/data/drones_ship_ws/install/vrx_gazebo/share:${GZ_SIM_RESOURCE_PATH} PYTHONPATH=/home/user/data/drones_ship_ws/install/vrx_gazebo/lib/python3.12/site-packages:/home/user/data/drones_ship_ws/install/vrx_gz/lib/python3.12/site-packages:/home/user/data/drones_ship_ws/install/ros_gz_crazyflie_control/lib/python3.12/site-packages:/home/user/data/drones_ship_ws/install/crazyflie_yolo/lib/python3.12/site-packages:/opt/ros/jazzy/lib/python3.12/site-packages /usr/bin/cmake --install /home/user/data/drones_ship_ws/build/wamv_gazebo
[1.175s] Level 1:colcon.colcon_core.environment:checking '/home/user/data/drones_ship_ws/install/wamv_gazebo' for CMake config files
[1.175s] Level 1:colcon.colcon_core.shell:create_environment_hook('wamv_gazebo', 'cmake_prefix_path')
[1.175s] INFO:colcon.colcon_core.shell:Creating environment hook '/home/user/data/drones_ship_ws/install/wamv_gazebo/share/wamv_gazebo/hook/cmake_prefix_path.ps1'
[1.175s] INFO:colcon.colcon_core.shell:Creating environment descriptor '/home/user/data/drones_ship_ws/install/wamv_gazebo/share/wamv_gazebo/hook/cmake_prefix_path.dsv'
[1.176s] INFO:colcon.colcon_core.shell:Creating environment hook '/home/user/data/drones_ship_ws/install/wamv_gazebo/share/wamv_gazebo/hook/cmake_prefix_path.sh'
[1.176s] Level 1:colcon.colcon_core.environment:checking '/home/user/data/drones_ship_ws/install/wamv_gazebo/bin'
[1.176s] Level 1:colcon.colcon_core.environment:checking '/home/user/data/drones_ship_ws/install/wamv_gazebo/lib/pkgconfig/wamv_gazebo.pc'
[1.176s] Level 1:colcon.colcon_core.environment:checking '/home/user/data/drones_ship_ws/install/wamv_gazebo/lib/python3.12/site-packages'
[1.176s] Level 1:colcon.colcon_core.environment:checking '/home/user/data/drones_ship_ws/install/wamv_gazebo/bin'
[1.176s] INFO:colcon.colcon_core.shell:Creating package script '/home/user/data/drones_ship_ws/install/wamv_gazebo/share/wamv_gazebo/package.ps1'
[1.177s] INFO:colcon.colcon_core.shell:Creating package descriptor '/home/user/data/drones_ship_ws/install/wamv_gazebo/share/wamv_gazebo/package.dsv'
[1.177s] INFO:colcon.colcon_core.shell:Creating package script '/home/user/data/drones_ship_ws/install/wamv_gazebo/share/wamv_gazebo/package.sh'
[1.177s] INFO:colcon.colcon_core.shell:Creating package script '/home/user/data/drones_ship_ws/install/wamv_gazebo/share/wamv_gazebo/package.bash'
[1.177s] INFO:colcon.colcon_core.shell:Creating package script '/home/user/data/drones_ship_ws/install/wamv_gazebo/share/wamv_gazebo/package.zsh'
[1.177s] Level 1:colcon.colcon_core.environment:create_file_with_runtime_dependencies(/home/user/data/drones_ship_ws/install/wamv_gazebo/share/colcon-core/packages/wamv_gazebo)
[1.178s] Level 1:colcon.colcon_core.environment:create_environment_scripts_only(wamv_gazebo)
[1.178s] Level 1:colcon.colcon_core.environment:checking '/home/user/data/drones_ship_ws/install/wamv_gazebo' for CMake module files
[1.178s] Level 1:colcon.colcon_core.environment:checking '/home/user/data/drones_ship_ws/install/wamv_gazebo' for CMake config files
[1.178s] Level 1:colcon.colcon_core.shell:create_environment_hook('wamv_gazebo', 'cmake_prefix_path')
[1.179s] INFO:colcon.colcon_core.shell:Creating environment hook '/home/user/data/drones_ship_ws/install/wamv_gazebo/share/wamv_gazebo/hook/cmake_prefix_path.ps1'
[1.179s] INFO:colcon.colcon_core.shell:Creating environment descriptor '/home/user/data/drones_ship_ws/install/wamv_gazebo/share/wamv_gazebo/hook/cmake_prefix_path.dsv'
[1.179s] INFO:colcon.colcon_core.shell:Creating environment hook '/home/user/data/drones_ship_ws/install/wamv_gazebo/share/wamv_gazebo/hook/cmake_prefix_path.sh'
[1.179s] Level 1:colcon.colcon_core.environment:checking '/home/user/data/drones_ship_ws/install/wamv_gazebo/bin'
[1.179s] Level 1:colcon.colcon_core.environment:checking '/home/user/data/drones_ship_ws/install/wamv_gazebo/lib/pkgconfig/wamv_gazebo.pc'
[1.179s] Level 1:colcon.colcon_core.environment:checking '/home/user/data/drones_ship_ws/install/wamv_gazebo/lib/python3.12/site-packages'
[1.180s] Level 1:colcon.colcon_core.environment:checking '/home/user/data/drones_ship_ws/install/wamv_gazebo/bin'
[1.180s] INFO:colcon.colcon_core.shell:Creating package script '/home/user/data/drones_ship_ws/install/wamv_gazebo/share/wamv_gazebo/package.ps1'
[1.180s] INFO:colcon.colcon_core.shell:Creating package descriptor '/home/user/data/drones_ship_ws/install/wamv_gazebo/share/wamv_gazebo/package.dsv'
[1.180s] INFO:colcon.colcon_core.shell:Creating package script '/home/user/data/drones_ship_ws/install/wamv_gazebo/share/wamv_gazebo/package.sh'
[1.180s] INFO:colcon.colcon_core.shell:Creating package script '/home/user/data/drones_ship_ws/install/wamv_gazebo/share/wamv_gazebo/package.bash'
[1.181s] INFO:colcon.colcon_core.shell:Creating package script '/home/user/data/drones_ship_ws/install/wamv_gazebo/share/wamv_gazebo/package.zsh'
[1.181s] Level 1:colcon.colcon_core.environment:create_file_with_runtime_dependencies(/home/user/data/drones_ship_ws/install/wamv_gazebo/share/colcon-core/packages/wamv_gazebo)
[1.199s] DEBUG:colcon.colcon_core.event_handler.log_command:Invoking command in '/home/user/data/drones_ship_ws/src/drone_ship/ros_gz_crazyflie/ros_gz_crazyflie_control': DEBUGINFOD_URLS=https://debuginfod.ubuntu.com PYTHONPATH=/home/user/data/drones_ship_ws/build/ros_gz_crazyflie_control/prefix_override:/usr/lib/python3/dist-packages/colcon_core/task/python/colcon_distutils_commands:/home/user/data/drones_ship_ws/install/ros_gz_crazyflie_control/lib/python3.12/site-packages:${PYTHONPATH} /usr/bin/python3 -W ignore:setup.py install is deprecated -W ignore:easy_install command is deprecated setup.py egg_info --egg-base ../../../../build/ros_gz_crazyflie_control build --build-base /home/user/data/drones_ship_ws/build/ros_gz_crazyflie_control/build install --record /home/user/data/drones_ship_ws/build/ros_gz_crazyflie_control/install.log --single-version-externally-managed install_data
[1.504s] DEBUG:colcon.colcon_core.event_handler.log_command:Invoked command in '/home/user/data/drones_ship_ws/build/vrx_gz' returned '0': CMAKE_PREFIX_PATH=/home/user/data/drones_ship_ws/install/vrx_ros:/home/user/data/drones_ship_ws/install/wamv_gazebo:/home/user/data/drones_ship_ws/install/wamv_description:/home/user/data/drones_ship_ws/install/vrx_gz:/home/user/data/drones_ship_ws/install/aquabot_description:/home/user/data/drones_ship_ws/install/vrx_gazebo:/home/user/data/drones_ship_ws/install/ros_gz_crazyflie_bringup:/home/user/data/drones_ship_ws/install/ros_gz_crazyflie_gazebo:/home/user/data/drones_ship_ws/install/crazyflie_yolo:/home/user/data/drones_ship_ws/install/crazyflie_ekf:/home/user/data/drones_ship_ws/install/crazyflie_control:/home/user/data/drones_ship_ws/install/aquabot_motion:/home/user/data/drones_ship_ws/install/aquabot_gz:/home/user/data/drones_ship_ws/install/aquabot_ekf:/opt/ros/jazzy/opt/gz_sim_vendor:/opt/ros/jazzy/opt/gz_sensors_vendor:/opt/ros/jazzy/opt/gz_physics_vendor:/opt/ros/jazzy/opt/sdformat_vendor:/opt/ros/jazzy/opt/gz_gui_vendor:/opt/ros/jazzy/opt/gz_transport_vendor:/opt/ros/jazzy/opt/gz_rendering_vendor:/opt/ros/jazzy/opt/gz_plugin_vendor:/opt/ros/jazzy/opt/gz_fuel_tools_vendor:/opt/ros/jazzy/opt/gz_msgs_vendor:/opt/ros/jazzy/opt/gz_common_vendor:/opt/ros/jazzy/opt/gz_math_vendor:/opt/ros/jazzy/opt/gz_utils_vendor:/opt/ros/jazzy/opt/gz_tools_vendor:/opt/ros/jazzy/opt/gz_ogre_next_vendor:/opt/ros/jazzy/opt/gz_dartsim_vendor:/opt/ros/jazzy/opt/gz_cmake_vendor:/home/user/data/drones_ship_ws/install/ros_gz_crazyflie_control:/opt/ros/jazzy DEBUGINFOD_URLS=https://debuginfod.ubuntu.com /usr/bin/cmake --build /home/user/data/drones_ship_ws/build/vrx_gz -- -j20 -l20
[1.504s] DEBUG:colcon.colcon_core.event_handler.log_command:Invoking command in '/home/user/data/drones_ship_ws/build/vrx_gz': CMAKE_PREFIX_PATH=/home/user/data/drones_ship_ws/install/vrx_ros:/home/user/data/drones_ship_ws/install/wamv_gazebo:/home/user/data/drones_ship_ws/install/wamv_description:/home/user/data/drones_ship_ws/install/vrx_gz:/home/user/data/drones_ship_ws/install/aquabot_description:/home/user/data/drones_ship_ws/install/vrx_gazebo:/home/user/data/drones_ship_ws/install/ros_gz_crazyflie_bringup:/home/user/data/drones_ship_ws/install/ros_gz_crazyflie_gazebo:/home/user/data/drones_ship_ws/install/crazyflie_yolo:/home/user/data/drones_ship_ws/install/crazyflie_ekf:/home/user/data/drones_ship_ws/install/crazyflie_control:/home/user/data/drones_ship_ws/install/aquabot_motion:/home/user/data/drones_ship_ws/install/aquabot_gz:/home/user/data/drones_ship_ws/install/aquabot_ekf:/opt/ros/jazzy/opt/gz_sim_vendor:/opt/ros/jazzy/opt/gz_sensors_vendor:/opt/ros/jazzy/opt/gz_physics_vendor:/opt/ros/jazzy/opt/sdformat_vendor:/opt/ros/jazzy/opt/gz_gui_vendor:/opt/ros/jazzy/opt/gz_transport_vendor:/opt/ros/jazzy/opt/gz_rendering_vendor:/opt/ros/jazzy/opt/gz_plugin_vendor:/opt/ros/jazzy/opt/gz_fuel_tools_vendor:/opt/ros/jazzy/opt/gz_msgs_vendor:/opt/ros/jazzy/opt/gz_common_vendor:/opt/ros/jazzy/opt/gz_math_vendor:/opt/ros/jazzy/opt/gz_utils_vendor:/opt/ros/jazzy/opt/gz_tools_vendor:/opt/ros/jazzy/opt/gz_ogre_next_vendor:/opt/ros/jazzy/opt/gz_dartsim_vendor:/opt/ros/jazzy/opt/gz_cmake_vendor:/home/user/data/drones_ship_ws/install/ros_gz_crazyflie_control:/opt/ros/jazzy DEBUGINFOD_URLS=https://debuginfod.ubuntu.com /usr/bin/cmake --install /home/user/data/drones_ship_ws/build/vrx_gz
[1.579s] Level 1:colcon.colcon_core.environment:create_environment_scripts_only(vrx_gz)
[1.579s] Level 1:colcon.colcon_core.environment:checking '/home/user/data/drones_ship_ws/install/vrx_gz' for CMake module files
[1.581s] DEBUG:colcon.colcon_core.event_handler.log_command:Invoked command in '/home/user/data/drones_ship_ws/build/vrx_gz' returned '0': CMAKE_PREFIX_PATH=/home/user/data/drones_ship_ws/install/vrx_ros:/home/user/data/drones_ship_ws/install/wamv_gazebo:/home/user/data/drones_ship_ws/install/wamv_description:/home/user/data/drones_ship_ws/install/vrx_gz:/home/user/data/drones_ship_ws/install/aquabot_description:/home/user/data/drones_ship_ws/install/vrx_gazebo:/home/user/data/drones_ship_ws/install/ros_gz_crazyflie_bringup:/home/user/data/drones_ship_ws/install/ros_gz_crazyflie_gazebo:/home/user/data/drones_ship_ws/install/crazyflie_yolo:/home/user/data/drones_ship_ws/install/crazyflie_ekf:/home/user/data/drones_ship_ws/install/crazyflie_control:/home/user/data/drones_ship_ws/install/aquabot_motion:/home/user/data/drones_ship_ws/install/aquabot_gz:/home/user/data/drones_ship_ws/install/aquabot_ekf:/opt/ros/jazzy/opt/gz_sim_vendor:/opt/ros/jazzy/opt/gz_sensors_vendor:/opt/ros/jazzy/opt/gz_physics_vendor:/opt/ros/jazzy/opt/sdformat_vendor:/opt/ros/jazzy/opt/gz_gui_vendor:/opt/ros/jazzy/opt/gz_transport_vendor:/opt/ros/jazzy/opt/gz_rendering_vendor:/opt/ros/jazzy/opt/gz_plugin_vendor:/opt/ros/jazzy/opt/gz_fuel_tools_vendor:/opt/ros/jazzy/opt/gz_msgs_vendor:/opt/ros/jazzy/opt/gz_common_vendor:/opt/ros/jazzy/opt/gz_math_vendor:/opt/ros/jazzy/opt/gz_utils_vendor:/opt/ros/jazzy/opt/gz_tools_vendor:/opt/ros/jazzy/opt/gz_ogre_next_vendor:/opt/ros/jazzy/opt/gz_dartsim_vendor:/opt/ros/jazzy/opt/gz_cmake_vendor:/home/user/data/drones_ship_ws/install/ros_gz_crazyflie_control:/opt/ros/jazzy DEBUGINFOD_URLS=https://debuginfod.ubuntu.com /usr/bin/cmake --install /home/user/data/drones_ship_ws/build/vrx_gz
[1.581s] Level 1:colcon.colcon_core.environment:checking '/home/user/data/drones_ship_ws/install/vrx_gz' for CMake config files
[1.583s] Level 1:colcon.colcon_core.shell:create_environment_hook('vrx_gz', 'cmake_prefix_path')
[1.583s] INFO:colcon.colcon_core.shell:Creating environment hook '/home/user/data/drones_ship_ws/install/vrx_gz/share/vrx_gz/hook/cmake_prefix_path.ps1'
[1.584s] INFO:colcon.colcon_core.shell:Creating environment descriptor '/home/user/data/drones_ship_ws/install/vrx_gz/share/vrx_gz/hook/cmake_prefix_path.dsv'
[1.584s] INFO:colcon.colcon_core.shell:Creating environment hook '/home/user/data/drones_ship_ws/install/vrx_gz/share/vrx_gz/hook/cmake_prefix_path.sh'
[1.584s] Level 1:colcon.colcon_core.environment:checking '/home/user/data/drones_ship_ws/install/vrx_gz/lib'
[1.585s] Level 1:colcon.colcon_core.shell:create_environment_hook('vrx_gz', 'ld_library_path_lib')
[1.585s] INFO:colcon.colcon_core.shell:Creating environment hook '/home/user/data/drones_ship_ws/install/vrx_gz/share/vrx_gz/hook/ld_library_path_lib.ps1'
[1.585s] INFO:colcon.colcon_core.shell:Creating environment descriptor '/home/user/data/drones_ship_ws/install/vrx_gz/share/vrx_gz/hook/ld_library_path_lib.dsv'
[1.585s] INFO:colcon.colcon_core.shell:Creating environment hook '/home/user/data/drones_ship_ws/install/vrx_gz/share/vrx_gz/hook/ld_library_path_lib.sh'
[1.586s] Level 1:colcon.colcon_core.environment:checking '/home/user/data/drones_ship_ws/install/vrx_gz/bin'
[1.586s] Level 1:colcon.colcon_core.environment:checking '/home/user/data/drones_ship_ws/install/vrx_gz/lib/pkgconfig/vrx_gz.pc'
[1.586s] Level 1:colcon.colcon_core.environment:checking '/home/user/data/drones_ship_ws/install/vrx_gz/lib/python3.12/site-packages'
[1.586s] Level 1:colcon.colcon_core.shell:create_environment_hook('vrx_gz', 'pythonpath')
[1.586s] INFO:colcon.colcon_core.shell:Creating environment hook '/home/user/data/drones_ship_ws/install/vrx_gz/share/vrx_gz/hook/pythonpath.ps1'
[1.587s] INFO:colcon.colcon_core.shell:Creating environment descriptor '/home/user/data/drones_ship_ws/install/vrx_gz/share/vrx_gz/hook/pythonpath.dsv'
[1.587s] INFO:colcon.colcon_core.shell:Creating environment hook '/home/user/data/drones_ship_ws/install/vrx_gz/share/vrx_gz/hook/pythonpath.sh'
[1.587s] Level 1:colcon.colcon_core.environment:checking '/home/user/data/drones_ship_ws/install/vrx_gz/bin'
[1.588s] INFO:colcon.colcon_core.shell:Creating package script '/home/user/data/drones_ship_ws/install/vrx_gz/share/vrx_gz/package.ps1'
[1.588s] INFO:colcon.colcon_core.shell:Creating package descriptor '/home/user/data/drones_ship_ws/install/vrx_gz/share/vrx_gz/package.dsv'
[1.589s] INFO:colcon.colcon_core.shell:Creating package script '/home/user/data/drones_ship_ws/install/vrx_gz/share/vrx_gz/package.sh'
[1.589s] INFO:colcon.colcon_core.shell:Creating package script '/home/user/data/drones_ship_ws/install/vrx_gz/share/vrx_gz/package.bash'
[1.589s] INFO:colcon.colcon_core.shell:Creating package script '/home/user/data/drones_ship_ws/install/vrx_gz/share/vrx_gz/package.zsh'
[1.590s] Level 1:colcon.colcon_core.environment:create_file_with_runtime_dependencies(/home/user/data/drones_ship_ws/install/vrx_gz/share/colcon-core/packages/vrx_gz)
[1.590s] Level 1:colcon.colcon_core.environment:create_environment_scripts_only(vrx_gz)
[1.590s] Level 1:colcon.colcon_core.environment:checking '/home/user/data/drones_ship_ws/install/vrx_gz' for CMake module files
[1.591s] Level 1:colcon.colcon_core.environment:checking '/home/user/data/drones_ship_ws/install/vrx_gz' for CMake config files
[1.593s] Level 1:colcon.colcon_core.shell:create_environment_hook('vrx_gz', 'cmake_prefix_path')
[1.593s] INFO:colcon.colcon_core.shell:Creating environment hook '/home/user/data/drones_ship_ws/install/vrx_gz/share/vrx_gz/hook/cmake_prefix_path.ps1'
[1.593s] INFO:colcon.colcon_core.shell:Creating environment descriptor '/home/user/data/drones_ship_ws/install/vrx_gz/share/vrx_gz/hook/cmake_prefix_path.dsv'
[1.594s] INFO:colcon.colcon_core.shell:Creating environment hook '/home/user/data/drones_ship_ws/install/vrx_gz/share/vrx_gz/hook/cmake_prefix_path.sh'
[1.594s] Level 1:colcon.colcon_core.environment:checking '/home/user/data/drones_ship_ws/install/vrx_gz/lib'
[1.594s] Level 1:colcon.colcon_core.shell:create_environment_hook('vrx_gz', 'ld_library_path_lib')
[1.594s] INFO:colcon.colcon_core.shell:Creating environment hook '/home/user/data/drones_ship_ws/install/vrx_gz/share/vrx_gz/hook/ld_library_path_lib.ps1'
[1.595s] INFO:colcon.colcon_core.shell:Creating environment descriptor '/home/user/data/drones_ship_ws/install/vrx_gz/share/vrx_gz/hook/ld_library_path_lib.dsv'
[1.595s] INFO:colcon.colcon_core.shell:Creating environment hook '/home/user/data/drones_ship_ws/install/vrx_gz/share/vrx_gz/hook/ld_library_path_lib.sh'
[1.595s] Level 1:colcon.colcon_core.environment:checking '/home/user/data/drones_ship_ws/install/vrx_gz/bin'
[1.596s] Level 1:colcon.colcon_core.environment:checking '/home/user/data/drones_ship_ws/install/vrx_gz/lib/pkgconfig/vrx_gz.pc'
[1.596s] Level 1:colcon.colcon_core.environment:checking '/home/user/data/drones_ship_ws/install/vrx_gz/lib/python3.12/site-packages'
[1.596s] Level 1:colcon.colcon_core.shell:create_environment_hook('vrx_gz', 'pythonpath')
[1.596s] INFO:colcon.colcon_core.shell:Creating environment hook '/home/user/data/drones_ship_ws/install/vrx_gz/share/vrx_gz/hook/pythonpath.ps1'
[1.596s] INFO:colcon.colcon_core.shell:Creating environment descriptor '/home/user/data/drones_ship_ws/install/vrx_gz/share/vrx_gz/hook/pythonpath.dsv'
[1.597s] INFO:colcon.colcon_core.shell:Creating environment hook '/home/user/data/drones_ship_ws/install/vrx_gz/share/vrx_gz/hook/pythonpath.sh'
[1.597s] Level 1:colcon.colcon_core.environment:checking '/home/user/data/drones_ship_ws/install/vrx_gz/bin'
[1.597s] INFO:colcon.colcon_core.shell:Creating package script '/home/user/data/drones_ship_ws/install/vrx_gz/share/vrx_gz/package.ps1'
[1.598s] INFO:colcon.colcon_core.shell:Creating package descriptor '/home/user/data/drones_ship_ws/install/vrx_gz/share/vrx_gz/package.dsv'
[1.598s] INFO:colcon.colcon_core.shell:Creating package script '/home/user/data/drones_ship_ws/install/vrx_gz/share/vrx_gz/package.sh'
[1.599s] INFO:colcon.colcon_core.shell:Creating package script '/home/user/data/drones_ship_ws/install/vrx_gz/share/vrx_gz/package.bash'
[1.599s] INFO:colcon.colcon_core.shell:Creating package script '/home/user/data/drones_ship_ws/install/vrx_gz/share/vrx_gz/package.zsh'
[1.600s] Level 1:colcon.colcon_core.environment:create_file_with_runtime_dependencies(/home/user/data/drones_ship_ws/install/vrx_gz/share/colcon-core/packages/vrx_gz)
[1.677s] Level 1:colcon.colcon_core.environment:checking '/home/user/data/drones_ship_ws/install/ros_gz_crazyflie_control' for CMake module files
[1.678s] DEBUG:colcon.colcon_core.event_handler.log_command:Invoked command in '/home/user/data/drones_ship_ws/src/drone_ship/ros_gz_crazyflie/ros_gz_crazyflie_control' returned '0': DEBUGINFOD_URLS=https://debuginfod.ubuntu.com PYTHONPATH=/home/user/data/drones_ship_ws/build/ros_gz_crazyflie_control/prefix_override:/usr/lib/python3/dist-packages/colcon_core/task/python/colcon_distutils_commands:/home/user/data/drones_ship_ws/install/ros_gz_crazyflie_control/lib/python3.12/site-packages:${PYTHONPATH} /usr/bin/python3 -W ignore:setup.py install is deprecated -W ignore:easy_install command is deprecated setup.py egg_info --egg-base ../../../../build/ros_gz_crazyflie_control build --build-base /home/user/data/drones_ship_ws/build/ros_gz_crazyflie_control/build install --record /home/user/data/drones_ship_ws/build/ros_gz_crazyflie_control/install.log --single-version-externally-managed install_data
[1.678s] Level 1:colcon.colcon_core.environment:checking '/home/user/data/drones_ship_ws/install/ros_gz_crazyflie_control' for CMake config files
[1.678s] Level 1:colcon.colcon_core.environment:checking '/home/user/data/drones_ship_ws/install/ros_gz_crazyflie_control/lib'
[1.678s] Level 1:colcon.colcon_core.environment:checking '/home/user/data/drones_ship_ws/install/ros_gz_crazyflie_control/bin'
[1.678s] Level 1:colcon.colcon_core.environment:checking '/home/user/data/drones_ship_ws/install/ros_gz_crazyflie_control/lib/pkgconfig/ros_gz_crazyflie_control.pc'
[1.678s] Level 1:colcon.colcon_core.environment:checking '/home/user/data/drones_ship_ws/install/ros_gz_crazyflie_control/lib/python3.12/site-packages'
[1.679s] Level 1:colcon.colcon_core.shell:create_environment_hook('ros_gz_crazyflie_control', 'pythonpath')
[1.679s] INFO:colcon.colcon_core.shell:Creating environment hook '/home/user/data/drones_ship_ws/install/ros_gz_crazyflie_control/share/ros_gz_crazyflie_control/hook/pythonpath.ps1'
[1.679s] INFO:colcon.colcon_core.shell:Creating environment descriptor '/home/user/data/drones_ship_ws/install/ros_gz_crazyflie_control/share/ros_gz_crazyflie_control/hook/pythonpath.dsv'
[1.679s] INFO:colcon.colcon_core.shell:Creating environment hook '/home/user/data/drones_ship_ws/install/ros_gz_crazyflie_control/share/ros_gz_crazyflie_control/hook/pythonpath.sh'
[1.679s] Level 1:colcon.colcon_core.environment:checking '/home/user/data/drones_ship_ws/install/ros_gz_crazyflie_control/bin'
[1.680s] Level 1:colcon.colcon_core.environment:create_environment_scripts_only(ros_gz_crazyflie_control)
[1.680s] INFO:colcon.colcon_core.shell:Creating package script '/home/user/data/drones_ship_ws/install/ros_gz_crazyflie_control/share/ros_gz_crazyflie_control/package.ps1'
[1.680s] INFO:colcon.colcon_core.shell:Creating package descriptor '/home/user/data/drones_ship_ws/install/ros_gz_crazyflie_control/share/ros_gz_crazyflie_control/package.dsv'
[1.680s] INFO:colcon.colcon_core.shell:Creating package script '/home/user/data/drones_ship_ws/install/ros_gz_crazyflie_control/share/ros_gz_crazyflie_control/package.sh'
[1.680s] INFO:colcon.colcon_core.shell:Creating package script '/home/user/data/drones_ship_ws/install/ros_gz_crazyflie_control/share/ros_gz_crazyflie_control/package.bash'
[1.681s] INFO:colcon.colcon_core.shell:Creating package script '/home/user/data/drones_ship_ws/install/ros_gz_crazyflie_control/share/ros_gz_crazyflie_control/package.zsh'
[1.681s] Level 1:colcon.colcon_core.environment:create_file_with_runtime_dependencies(/home/user/data/drones_ship_ws/install/ros_gz_crazyflie_control/share/colcon-core/packages/ros_gz_crazyflie_control)
[6.743s] Level 1:colcon.colcon_core.environment:create_environment_scripts_only(crazyflie_yolo)
[6.743s] Level 1:colcon.colcon_core.environment:checking '/home/user/data/drones_ship_ws/install/crazyflie_yolo' for CMake module files
[6.744s] DEBUG:colcon.colcon_core.event_handler.log_command:Invoked command in '/home/user/data/drones_ship_ws/build/crazyflie_yolo' returned '2': CMAKE_PREFIX_PATH=${CMAKE_PREFIX_PATH}:/home/user/data/drones_ship_ws/install/ros_gz_crazyflie_control:/opt/ros/jazzy DEBUGINFOD_URLS=https://debuginfod.ubuntu.com /usr/bin/cmake --build /home/user/data/drones_ship_ws/build/crazyflie_yolo -- -j20 -l20
[6.744s] Level 1:colcon.colcon_core.environment:checking '/home/user/data/drones_ship_ws/install/crazyflie_yolo' for CMake config files
[6.745s] Level 1:colcon.colcon_core.shell:create_environment_hook('crazyflie_yolo', 'cmake_prefix_path')
[6.745s] INFO:colcon.colcon_core.shell:Creating environment hook '/home/user/data/drones_ship_ws/install/crazyflie_yolo/share/crazyflie_yolo/hook/cmake_prefix_path.ps1'
[6.745s] INFO:colcon.colcon_core.shell:Creating environment descriptor '/home/user/data/drones_ship_ws/install/crazyflie_yolo/share/crazyflie_yolo/hook/cmake_prefix_path.dsv'
[6.745s] INFO:colcon.colcon_core.shell:Creating environment hook '/home/user/data/drones_ship_ws/install/crazyflie_yolo/share/crazyflie_yolo/hook/cmake_prefix_path.sh'
[6.746s] Level 1:colcon.colcon_core.environment:checking '/home/user/data/drones_ship_ws/install/crazyflie_yolo/lib'
[6.746s] Level 1:colcon.colcon_core.shell:create_environment_hook('crazyflie_yolo', 'ld_library_path_lib')
[6.746s] INFO:colcon.colcon_core.shell:Creating environment hook '/home/user/data/drones_ship_ws/install/crazyflie_yolo/share/crazyflie_yolo/hook/ld_library_path_lib.ps1'
[6.746s] INFO:colcon.colcon_core.shell:Creating environment descriptor '/home/user/data/drones_ship_ws/install/crazyflie_yolo/share/crazyflie_yolo/hook/ld_library_path_lib.dsv'
[6.746s] INFO:colcon.colcon_core.shell:Creating environment hook '/home/user/data/drones_ship_ws/install/crazyflie_yolo/share/crazyflie_yolo/hook/ld_library_path_lib.sh'
[6.746s] Level 1:colcon.colcon_core.environment:checking '/home/user/data/drones_ship_ws/install/crazyflie_yolo/bin'
[6.746s] Level 1:colcon.colcon_core.environment:checking '/home/user/data/drones_ship_ws/install/crazyflie_yolo/lib/pkgconfig/crazyflie_yolo.pc'
[6.746s] Level 1:colcon.colcon_core.environment:checking '/home/user/data/drones_ship_ws/install/crazyflie_yolo/lib/python3.12/site-packages'
[6.746s] Level 1:colcon.colcon_core.shell:create_environment_hook('crazyflie_yolo', 'pythonpath')
[6.747s] INFO:colcon.colcon_core.shell:Creating environment hook '/home/user/data/drones_ship_ws/install/crazyflie_yolo/share/crazyflie_yolo/hook/pythonpath.ps1'
[6.747s] INFO:colcon.colcon_core.shell:Creating environment descriptor '/home/user/data/drones_ship_ws/install/crazyflie_yolo/share/crazyflie_yolo/hook/pythonpath.dsv'
[6.747s] INFO:colcon.colcon_core.shell:Creating environment hook '/home/user/data/drones_ship_ws/install/crazyflie_yolo/share/crazyflie_yolo/hook/pythonpath.sh'
[6.747s] Level 1:colcon.colcon_core.environment:checking '/home/user/data/drones_ship_ws/install/crazyflie_yolo/bin'
[6.747s] INFO:colcon.colcon_core.shell:Creating package script '/home/user/data/drones_ship_ws/install/crazyflie_yolo/share/crazyflie_yolo/package.ps1'
[6.748s] INFO:colcon.colcon_core.shell:Creating package descriptor '/home/user/data/drones_ship_ws/install/crazyflie_yolo/share/crazyflie_yolo/package.dsv'
[6.748s] INFO:colcon.colcon_core.shell:Creating package script '/home/user/data/drones_ship_ws/install/crazyflie_yolo/share/crazyflie_yolo/package.sh'
[6.748s] INFO:colcon.colcon_core.shell:Creating package script '/home/user/data/drones_ship_ws/install/crazyflie_yolo/share/crazyflie_yolo/package.bash'
[6.748s] INFO:colcon.colcon_core.shell:Creating package script '/home/user/data/drones_ship_ws/install/crazyflie_yolo/share/crazyflie_yolo/package.zsh'
[6.749s] Level 1:colcon.colcon_core.environment:create_file_with_runtime_dependencies(/home/user/data/drones_ship_ws/install/crazyflie_yolo/share/colcon-core/packages/crazyflie_yolo)
[6.759s] DEBUG:colcon.colcon_parallel_executor.executor.parallel:closing loop
[6.759s] DEBUG:colcon.colcon_parallel_executor.executor.parallel:loop closed
[6.759s] DEBUG:colcon.colcon_parallel_executor.executor.parallel:run_until_complete finished with '2'
[6.759s] DEBUG:colcon.colcon_core.event_reactor:joining thread
[6.767s] INFO:colcon.colcon_core.plugin_system:Skipping extension 'colcon_notification.desktop_notification.terminal_notifier': Not used on non-Darwin systems
[6.767s] INFO:colcon.colcon_core.plugin_system:Skipping extension 'colcon_notification.desktop_notification.win32': Not used on non-Windows systems
[6.767s] INFO:colcon.colcon_notification.desktop_notification:Sending desktop notification using 'notify2'
[6.779s] DEBUG:colcon.colcon_core.event_reactor:joined thread
[6.779s] INFO:colcon.colcon_core.shell:Creating prefix script '/home/user/data/drones_ship_ws/install/local_setup.ps1'
[6.780s] INFO:colcon.colcon_core.shell:Creating prefix util module '/home/user/data/drones_ship_ws/install/_local_setup_util_ps1.py'
[6.780s] INFO:colcon.colcon_core.shell:Creating prefix chain script '/home/user/data/drones_ship_ws/install/setup.ps1'
[6.781s] INFO:colcon.colcon_core.shell:Creating prefix script '/home/user/data/drones_ship_ws/install/local_setup.sh'
[6.781s] INFO:colcon.colcon_core.shell:Creating prefix util module '/home/user/data/drones_ship_ws/install/_local_setup_util_sh.py'
[6.782s] INFO:colcon.colcon_core.shell:Creating prefix chain script '/home/user/data/drones_ship_ws/install/setup.sh'
[6.783s] INFO:colcon.colcon_core.shell:Creating prefix script '/home/user/data/drones_ship_ws/install/local_setup.bash'
[6.783s] INFO:colcon.colcon_core.shell:Creating prefix chain script '/home/user/data/drones_ship_ws/install/setup.bash'
[6.784s] INFO:colcon.colcon_core.shell:Creating prefix script '/home/user/data/drones_ship_ws/install/local_setup.zsh'
[6.785s] INFO:colcon.colcon_core.shell:Creating prefix chain script '/home/user/data/drones_ship_ws/install/setup.zsh'
